CSI_DATA,43799,d8:b1:90:db:e8:90,-54,11,1,7,0,0,1,0,0,0,1,-92,0,8,0,685068321,0,100,0,128,1,"[100,-64,5,0,14,18,14,18,14,17,14,16,14,16,14,15,14,15,15,14,15,14,15,13,15,13,15,13,15,13,15,13,15,13,15,13,15,13,15,13,14,13,14,13,14,13,13,13,13,14,12,14,12,15,2,3,0,0,0,0,0,0,0,0,0,0,0,0,0,0,0,0,0,0,2,2,10,8,10,9,10,10,11,10,10,11,10,12,10,12,10,13,11,14,11,15,12,15,12,15,12,16,12,16,12,16,12,16,12,17,12,17,13,17,13,17,13,17,13,18,14,18,14,18,14,18,14,18]"
CSI_DATA,43800,d8:b1:90:db:e8:90,-54,11,1,7,0,0,1,0,0,0,1,-92,0,8,0,685087064,0,100,0,128,1,"[100,-64,5,0,-21,11,-21,11,-20,11,-19,11,-19,11,-18,11,-18,12,-17,12,-17,12,-16,12,-16,13,-16,14,-16,14,-16,14,-16,14,-16,14,-16,14,-16,13,-16,13,-16,13,-16,13,-16,12,-16,12,-16,11,-17,10,-5,2,0,0,0,0,0,0,0,0,0,0,0,0,0,0,0,0,0,0,-3,2,-12,9,-13,8,-13,8,-14,7,-14,7,-15,7,-16,7,-16,7,-17,8,-18,8,-19,8,-19,8,-19,8,-20,8,-20,9,-20,9,-20,9,-20,9,-21,9,-21,9,-21,10,-21,10,-21,11,-21,12,-21,12,-21,11]"
CSI_DATA,43801,d8:b1:90:db:e8:90,-54,11,1,7,0,0,1,0,0,0,1,-92,0,8,0,685098954,0,100,0,128,1,"[100,-64,5,0,7,-23,7,-23,7,-23,6,-22,6,-22,5,-22,5,-22,4,-22,4,-22,3,-22,3,-21,2,-21,2,-21,2,-21,2,-21,2,-21,2,-21,2,-21,2,-21,2,-21,2,-21,3,-20,3,-20,4,-20,4,-20,1,-5,0,0,0,0,0,0,0,0,0,0,0,0,0,0,0,0,0,0,0,-4,1,-15,2,-15,2,-15,3,-16,4,-16,4,-17,5,-17,5,-18,6,-18,6,-19,7,-19,7,-20,8,-20,8,-20,8,-20,8,-21,8,-21,8,-21,7,-21,7,-22,8,-22,8,-22,8,-22,8,-23,8,-23,8,-23]"
CSI_DATA,43802,d8:b1:90:db:e8:90,-54,11,1,7,0,0,1,0,0,0,1,-92,0,8,0,685111745,0,100,0,128,1,"[100,-64,5,0,-5,-24,-5,-23,-5,-23,-5,-23,-6,-22,-6,-22,-7,-21,-7,-21,-8,-21,-8,-21,-8,-20,-9,-20,-9,-19,-9,-19,-10,-19,-10,-19,-9,-19,-9,-19,-9,-19,-9,-19,-9,-19,-8,-19,-8,-18,-7,-19,-6,-19,-2,-5,0,0,0,0,0,0,0,0,0,0,0,0,0,0,0,0,0,0,-2,-4,-6,-14,-5,-14,-5,-15,-5,-16,-4,-16,-4,-17,-4,-18,-4,-18,-4,-19,-3,-20,-3,-20,-3,-21,-3,-21,-3,-22,-3,-22,-3,-22,-3,-22,-3,-22,-4,-22,-4,-23,-4,-23,-4,-23,-5,-23,-5,-24,-4,-24,-4,-24]"
CSI_DATA,43803,d8:b1:90:db:e8:90,-54,11,1,7,0,0,1,0,0,0,1,-92,0,8,0,685125939,0,100,0,128,1,"[100,-64,5,0,3,24,2,23,3,23,3,23,3,22,3,22,4,21,5,20,6,20,6,20,7,19,7,19,7,19,7,19,7,19,7,19,7,19,7,19,7,19,6,19,6,19,5,18,5,19,4,19,4,20,0,5,0,0,0,0,0,0,0,0,0,0,0,0,0,0,0,0,0,0,1,3,4,13,3,13,3,14,4,15,3,16,3,16,3,17,3,18,2,18,2,19,2,19,2,20,1,20,1,21,1,21,2,21,2,21,2,22,2,22,2,22,2,23,2,23,2,23,3,23,3,23,3,23]"
CSI_DATA,43804,d8:b1:90:db:e8:90,-54,11,1,7,0,0,1,0,0,0,1,-92,0,8,0,685140279,0,100,0,128,1,"[100,-64,5,0,-23,-6,-23,-5,-23,-5,-23,-5,-23,-5,-22,-4,-22,-3,-22,-2,-22,-2,-22,-2,-21,-1,-21,0,-21,0,-21,0,-21,0,-21,0,-21,0,-21,0,-20,-1,-20,-1,-20,-1,-20,-2,-20,-2,-20,-3,-20,-4,-5,-1,0,0,0,0,0,0,0,0,0,0,0,0,0,0,0,0,0,0,-4,0,-14,0,-15,-1,-16,-2,-16,-2,-17,-2,-17,-2,-18,-3,-18,-4,-19,-4,-19,-5,-19,-5,-20,-6,-20,-6,-21,-6,-21,-6,-21,-6,-22,-6,-22,-6,-22,-6,-22,-6,-23,-5,-23,-5,-23,-5,-23,-6,-23,-6,-23,-6]"
CSI_DATA,43805,d8:b1:90:db:e8:90,-53,11,1,7,0,0,1,0,0,0,1,-92,0,8,0,685151239,0,100,0,128,1,"[100,-64,5,0,-11,-26,-11,-26,-11,-26,-12,-25,-12,-24,-12,-24,-13,-23,-14,-22,-14,-22,-14,-22,-15,-21,-15,-20,-15,-20,-16,-20,-16,-20,-16,-20,-15,-20,-15,-20,-15,-20,-15,-19,-15,-19,-14,-19,-13,-20,-12,-20,-11,-21,-3,-6,0,0,0,0,0,0,0,0,0,0,0,0,0,0,0,0,0,0,-3,-4,-11,-14,-9,-14,-9,-15,-10,-18,-10,-20,-9,-20,-8,-20,-7,-22,-8,-22,-7,-22,-6,-23,-6,-24,-6,-24,-6,-25,-6,-25,-7,-26,-7,-26,-8,-26,-8,-26,-8,-26,-8,-26,-8,-27,-8,-27,-8,-27,-8,-27,-8,-27]"
CSI_DATA,43806,d8:b1:90:db:e8:90,-54,11,1,7,0,0,1,0,0,0,1,-92,0,8,0,685190659,0,100,0,128,1,"[100,-64,5,0,-1,-24,-1,-24,-1,-23,-1,-23,-2,-22,-2,-22,-3,-22,-4,-21,-5,-21,-5,-21,-5,-21,-5,-20,-6,-20,-6,-20,-5,-20,-6,-20,-6,-21,-5,-21,-5,-21,-5,-21,-4,-20,-3,-20,-2,-20,-2,-20,-1,-20,-1,-5,0,0,0,0,0,0,0,0,0,0,0,0,0,0,0,0,0,0,-1,-4,-3,-14,-3,-15,-3,-16,-2,-16,-2,-16,-1,-17,-1,-18,0,-18,0,-19,1,-20,2,-20,2,-21,3,-21,3,-22,2,-22,2,-22,2,-22,2,-22,1,-22,0,-22,0,-23,0,-23,-1,-23,-2,-23,-1,-23,-1,-23]"
CSI_DATA,43807,d8:b1:90:db:e8:90,-54,11,1,7,0,0,1,0,0,0,1,-92,0,8,0,685202777,0,100,0,128,1,"[100,-64,5,0,14,20,14,19,13,19,13,18,13,18,14,17,14,17,14,16,14,16,14,15,15,15,15,14,15,14,15,14,15,14,15,14,15,14,15,13,15,14,15,14,14,14,14,14,13,15,12,15,12,16,3,4,0,0,0,0,0,0,0,0,0,0,0,0,0,0,0,0,0,0,2,2,10,10,9,10,9,10,9,11,9,12,9,12,9,13,10,14,10,15,10,16,10,17,10,18,10,18,10,18,10,18,10,19,10,19,11,19,11,19,11,19,12,20,12,20,12,20,12,20,12,20,12,20]"
CSI_DATA,43808,d8:b1:90:db:e8:90,-54,11,1,7,0,0,1,0,0,0,1,-92,0,8,0,685214422,0,100,0,128,1,"[100,-64,5,0,14,18,15,18,15,17,15,16,15,16,15,15,15,15,15,14,15,14,15,13,15,13,15,13,16,12,16,12,16,12,16,12,16,12,16,11,16,11,15,11,15,12,15,12,14,13,13,13,13,14,3,3,0,0,0,0,0,0,0,0,0,0,0,0,0,0,0,0,0,0,2,2,10,10,10,10,10,10,10,11,10,12,10,12,10,13,11,13,11,14,11,16,11,16,11,17,11,17,11,18,11,18,11,18,11,18,12,18,12,18,13,18,13,18,13,19,13,19,13,19,13,19,13,19]"
CSI_DATA,43809,d8:b1:90:db:e8:90,-54,11,1,7,0,0,1,0,0,0,1,-92,0,8,0,685227003,0,100,0,128,1,"[100,-64,5,0,-22,-10,-22,-10,-21,-10,-21,-10,-21,-9,-21,-8,-21,-7,-21,-7,-21,-6,-21,-6,-21,-5,-21,-5,-21,-5,-21,-5,-21,-5,-21,-4,-21,-4,-21,-5,-20,-5,-20,-5,-20,-5,-19,-6,-19,-6,-19,-7,-19,-8,-5,-2,0,0,0,0,0,0,0,0,0,0,0,0,0,0,0,0,0,0,-4,-1,-13,-3,-14,-4,-15,-5,-16,-6,-16,-6,-16,-6,-17,-7,-18,-7,-18,-8,-18,-9,-18,-9,-19,-9,-19,-10,-19,-10,-19,-10,-19,-10,-20,-10,-20,-10,-20,-10,-20,-10,-21,-10,-21,-10,-21,-10,-21,-10,-21,-11,-21,-11]"
CSI_DATA,43810,d8:b1:90:db:e8:90,-53,11,1,7,0,0,1,0,0,0,1,-92,0,8,0,685238932,0,100,0,128,1,"[100,-64,5,0,30,-8,30,-7,30,-8,29,-8,29,-9,28,-9,27,-10,26,-10,25,-11,25,-12,25,-12,25,-13,25,-13,25,-13,25,-13,25,-13,24,-12,24,-12,24,-11,24,-11,24,-10,24,-10,24,-9,24,-8,25,-7,6,-2,0,0,0,0,0,0,0,0,0,0,0,0,0,0,0,0,0,0,3,-3,15,-9,15,-9,17,-8,20,-8,20,-9,19,-8,21,-8,23,-8,24,-7,25,-6,25,-6,25,-7,26,-7,27,-6,27,-6,28,-6,28,-6,28,-7,28,-7,29,-7,29,-7,29,-7,30,-8,30,-8,30,-8,30,-7]"
CSI_DATA,43811,d8:b1:90:db:e8:90,-53,11,1,7,0,0,1,0,0,0,1,-92,0,8,0,685249359,0,100,0,128,1,"[100,-64,5,0,6,26,6,26,6,26,6,26,7,25,7,24,8,24,8,23,9,22,9,22,10,22,10,22,10,22,10,22,10,22,10,22,10,22,9,22,9,22,8,21,8,21,7,21,7,21,6,22,5,22,1,5,0,0,0,0,0,0,0,0,0,0,0,0,0,0,0,0,0,0,1,2,5,11,5,12,6,15,7,17,7,17,6,17,7,18,6,20,6,21,6,21,5,21,5,22,5,23,5,23,5,23,5,24,5,24,5,24,5,25,5,25,5,25,6,25,6,26,6,26,6,26,6,26]"
CSI_DATA,43812,d8:b1:90:db:e8:90,-54,11,1,7,0,0,1,0,0,0,1,-92,0,8,0,685275075,0,100,0,128,1,"[100,-64,5,0,-24,0,-23,0,-23,0,-23,0,-22,1,-22,1,-21,1,-21,2,-21,2,-21,2,-21,3,-21,4,-21,4,-21,4,-21,4,-21,4,-20,4,-20,3,-20,3,-20,3,-20,2,-20,2,-20,2,-20,1,-20,0,-5,0,0,0,0,0,0,0,0,0,0,0,0,0,0,0,0,0,0,0,-4,0,-15,2,-15,2,-15,2,-16,2,-17,1,-17,2,-17,1,-18,1,-19,0,-19,0,-20,0,-20,0,-21,-1,-21,-1,-22,-1,-22,-1,-23,-1,-22,-1,-22,-1,-22,-1,-23,-1,-23,-1,-23,0,-23,0,-23,-1,-23,-1]"
CSI_DATA,43813,d8:b1:90:db:e8:90,-54,11,1,7,0,0,1,0,0,0,1,-92,0,8,0,685289254,0,100,0,128,1,"[100,-64,5,0,-14,-19,-14,-19,-14,-19,-14,-19,-14,-18,-14,-18,-14,-17,-15,-16,-15,-15,-15,-15,-16,-15,-16,-14,-17,-13,-16,-14,-16,-14,-16,-14,-16,-14,-16,-14,-16,-14,-16,-14,-16,-14,-15,-14,-15,-14,-14,-15,-14,-15,-4,-4,0,0,0,0,0,0,0,0,0,0,0,0,0,0,0,0,0,0,-3,-3,-10,-9,-11,-10,-11,-11,-11,-12,-11,-14,-11,-14,-11,-14,-10,-15,-10,-16,-11,-17,-11,-17,-11,-18,-11,-18,-11,-19,-11,-19,-11,-19,-11,-19,-12,-20,-12,-20,-12,-20,-12,-20,-12,-21,-12,-21,-12,-21,-12,-21,-13,-21]"
CSI_DATA,43814,d8:b1:90:db:e8:90,-54,11,1,7,0,0,1,0,0,0,1,-92,0,8,0,685301280,0,100,0,128,1,"[100,-64,5,0,-20,-14,-19,-14,-19,-14,-19,-14,-19,-13,-19,-12,-19,-11,-19,-10,-20,-10,-20,-9,-20,-9,-20,-8,-20,-7,-20,-7,-20,-7,-20,-8,-20,-8,-20,-8,-20,-8,-20,-7,-20,-7,-19,-8,-19,-8,-18,-9,-18,-9,-5,-3,0,0,0,0,0,0,0,0,0,0,0,0,0,0,0,0,0,0,-4,-2,-14,-6,-14,-8,-13,-9,-13,-9,-14,-10,-14,-10,-14,-11,-14,-12,-14,-13,-15,-13,-15,-14,-16,-14,-16,-15,-16,-15,-16,-15,-16,-15,-16,-15,-16,-15,-17,-15,-17,-15,-17,-16,-18,-16,-18,-16,-18,-16,-18,-16,-18,-16]"
CSI_DATA,43815,d8:b1:90:db:e8:90,-53,11,1,7,0,0,1,0,0,0,1,-92,0,8,0,685316929,0,100,0,128,1,"[100,-64,5,0,5,27,5,26,6,26,7,25,8,24,8,24,9,23,9,22,9,22,10,21,11,21,12,21,12,21,12,21,12,21,12,21,12,21,12,21,11,21,11,21,11,20,10,20,10,21,9,21,8,21,1,5,0,0,0,0,0,0,0,0,0,0,0,0,0,0,0,0,0,0,1,3,6,14,6,16,6,16,5,17,5,17,5,18,5,19,5,20,5,21,4,22,4,22,4,23,4,23,3,24,3,24,3,25,3,25,3,25,3,25,4,26,4,26,4,27,4,27,4,27,5,27,5,27]"
CSI_DATA,43816,d8:b1:90:db:e8:90,-54,11,1,7,0,0,1,0,0,0,1,-92,0,8,0,685336034,0,100,0,128,1,"[100,-64,5,0,20,-10,20,-10,20,-10,20,-10,19,-10,19,-11,18,-11,18,-11,17,-11,17,-11,17,-12,17,-12,17,-13,17,-13,17,-13,17,-13,16,-13,16,-12,16,-12,16,-12,16,-11,16,-10,16,-10,17,-9,17,-8,4,-2,0,0,0,0,0,0,0,0,0,0,0,0,0,0,0,0,0,0,2,-2,12,-8,12,-8,12,-8,13,-8,13,-8,14,-8,15,-8,16,-8,16,-8,17,-8,18,-8,18,-8,19,-7,19,-7,19,-8,20,-8,20,-8,20,-8,19,-8,19,-9,20,-9,20,-9,20,-9,20,-9,21,-9,21,-9]"
CSI_DATA,43817,d8:b1:90:db:e8:90,-54,11,1,7,0,0,1,0,0,0,1,-92,0,8,0,685355145,0,100,0,128,1,"[100,-64,5,0,15,-13,15,-13,15,-13,15,-14,14,-14,14,-14,13,-14,12,-15,12,-15,11,-15,11,-15,11,-16,10,-16,10,-16,10,-16,10,-15,10,-15,10,-15,11,-15,11,-14,11,-14,11,-14,11,-13,12,-12,13,-12,3,-3,0,0,0,0,0,0,0,0,0,0,0,0,0,0,0,0,0,0,2,-3,9,-11,8,-10,8,-10,8,-11,9,-10,10,-11,10,-11,11,-10,12,-10,13,-11,13,-12,13,-12,14,-11,14,-11,15,-11,15,-11,15,-11,15,-12,15,-12,15,-12,15,-12,15,-13,15,-13,16,-13,16,-13,15,-13]"
CSI_DATA,43818,d8:b1:90:db:e8:90,-54,11,1,7,0,0,1,0,0,0,1,-92,0,8,0,685367409,0,100,0,128,1,"[100,-64,5,0,21,7,21,7,21,7,21,7,21,6,21,6,20,5,20,4,20,4,20,4,20,3,20,2,20,2,20,2,20,2,20,2,20,2,20,2,20,2,19,3,19,3,19,4,18,4,18,5,18,6,4,1,0,0,0,0,0,0,0,0,0,0,0,0,0,0,0,0,0,0,3,0,12,3,13,3,13,3,14,4,14,5,15,5,15,5,16,5,16,6,17,6,18,7,18,7,18,8,18,8,18,8,18,8,18,8,18,8,19,8,19,8,19,8,20,8,20,8,20,9,20,9,20,9]"
CSI_DATA,43819,d8:b1:90:db:e8:90,-52,11,1,7,0,0,1,0,0,0,1,-94,0,8,0,685402686,0,100,0,128,1,"[100,-64,5,0,19,12,19,12,19,12,19,12,19,11,19,11,19,10,20,9,20,9,20,8,20,8,20,7,20,7,20,7,20,7,20,7,20,7,19,7,19,7,19,7,19,7,18,8,18,8,17,9,17,10,4,2,0,0,0,0,0,0,0,0,0,0,0,0,0,0,0,0,0,0,3,1,13,5,13,5,13,6,13,6,14,7,14,8,14,8,14,9,15,10,16,10,16,11,16,11,16,11,16,12,17,12,17,12,17,12,17,12,18,12,18,12,18,12,19,13,19,13,19,13,19,13,19,13]"
CSI_DATA,43820,d8:b1:90:db:e8:90,-52,11,1,7,0,0,1,0,0,0,1,-94,0,8,0,685414319,0,100,0,128,1,"[100,-64,5,0,14,-22,14,-22,14,-22,13,-23,13,-23,13,-23,12,-23,11,-23,10,-23,9,-23,9,-23,9,-24,8,-24,8,-24,8,-24,8,-23,8,-23,8,-23,8,-23,9,-23,9,-22,9,-22,9,-21,10,-21,11,-20,2,-5,0,0,0,0,0,0,0,0,0,0,0,0,0,0,0,0,0,0,1,-4,7,-15,7,-16,8,-16,8,-16,9,-16,10,-17,11,-17,11,-18,12,-18,12,-18,13,-19,13,-19,14,-20,14,-20,15,-20,15,-20,15,-20,15,-21,15,-21,15,-21,15,-22,15,-22,15,-23,15,-23,16,-23,16,-23]"
CSI_DATA,43821,d8:b1:90:db:e8:90,-51,11,1,7,0,0,1,0,0,0,1,-94,0,8,0,685427393,0,100,0,128,1,"[100,-64,5,0,20,19,20,19,20,18,20,18,19,17,19,16,19,16,19,15,20,15,20,15,20,14,20,13,21,13,21,13,21,13,21,12,21,12,21,12,20,12,20,13,19,13,19,13,18,14,17,15,16,15,4,4,0,0,0,0,0,0,0,0,0,0,0,0,0,0,0,0,0,0,3,2,13,10,13,10,14,10,14,10,15,11,15,12,16,12,16,13,16,14,17,15,17,15,17,16,17,17,17,17,17,18,17,18,17,18,18,18,18,18,18,18,19,18,19,18,19,18,20,18,20,18,19,19]"
CSI_DATA,43822,d8:b1:90:db:e8:90,-51,11,1,7,0,0,1,0,0,0,1,-94,0,8,0,685444909,0,100,0,128,1,"[100,-64,5,0,-23,17,-23,17,-22,17,-22,16,-21,16,-20,16,-20,17,-19,17,-18,17,-18,18,-18,18,-17,19,-17,20,-16,20,-16,20,-15,20,-15,20,-15,20,-15,19,-15,18,-16,18,-16,17,-16,17,-16,16,-17,16,-5,3,0,0,0,0,0,0,0,0,0,0,0,0,0,0,0,0,0,0,-4,2,-13,11,-13,10,-13,10,-15,10,-16,10,-17,12,-17,13,-17,13,-19,13,-21,13,-21,12,-21,12,-21,13,-22,13,-22,13,-22,13,-23,13,-23,14,-22,14,-23,14,-23,15,-23,15,-22,16,-22,16,-23,16,-23,16]"
CSI_DATA,43823,d8:b1:90:db:e8:90,-52,11,1,7,0,0,1,0,0,0,1,-94,0,8,0,685457141,0,100,0,128,1,"[100,-64,5,0,-8,-23,-8,-22,-7,-22,-8,-22,-8,-21,-8,-21,-8,-20,-8,-20,-9,-20,-9,-20,-10,-20,-10,-19,-11,-19,-11,-19,-11,-19,-11,-19,-11,-19,-11,-19,-10,-19,-10,-19,-10,-18,-9,-18,-9,-18,-8,-19,-7,-19,-2,-5,0,0,0,0,0,0,0,0,0,0,0,0,0,0,0,0,0,0,-2,-4,-6,-13,-7,-14,-8,-15,-7,-15,-5,-15,-5,-16,-6,-17,-6,-17,-5,-18,-5,-19,-5,-20,-5,-20,-5,-21,-5,-21,-5,-21,-5,-21,-5,-22,-5,-22,-5,-22,-5,-22,-6,-22,-6,-22,-6,-22,-6,-22,-7,-22,-7,-23]"
CSI_DATA,43824,d8:b1:90:db:e8:90,-52,11,1,7,0,0,1,0,0,0,1,-94,0,8,0,685479427,0,100,0,128,1,"[100,-64,5,0,-23,6,-23,6,-22,6,-22,6,-22,6,-21,6,-21,6,-21,7,-20,7,-20,7,-20,8,-20,8,-19,9,-19,9,-20,9,-20,9,-19,9,-19,8,-19,8,-19,8,-19,7,-19,7,-19,7,-18,6,-19,5,-5,1,0,0,0,0,0,0,0,0,0,0,0,0,0,0,0,0,0,0,-4,1,-14,6,-14,5,-14,5,-14,5,-15,5,-16,5,-16,5,-17,5,-18,5,-19,4,-20,4,-20,4,-21,4,-21,4,-22,4,-22,4,-22,4,-22,4,-22,4,-22,4,-23,4,-23,5,-23,5,-23,6,-23,6,-23,6]"
CSI_DATA,43825,d8:b1:90:db:e8:90,-52,11,1,7,0,0,1,0,0,0,1,-94,0,8,0,685495361,0,100,0,128,1,"[100,-64,5,0,-24,2,-24,2,-23,2,-23,2,-23,3,-22,3,-22,4,-21,4,-21,4,-21,5,-21,5,-21,6,-21,6,-21,6,-20,6,-20,7,-20,7,-20,6,-20,6,-20,6,-20,6,-20,5,-20,4,-20,4,-20,3,-5,0,0,0,0,0,0,0,0,0,0,0,0,0,0,0,0,0,0,0,-4,0,-14,3,-14,3,-15,4,-15,3,-16,3,-16,3,-17,3,-18,2,-19,2,-19,2,-20,1,-21,1,-21,1,-21,1,-22,1,-22,1,-22,1,-22,1,-22,1,-22,1,-23,1,-23,2,-24,2,-24,2,-24,2,-24,1]"
CSI_DATA,43826,d8:b1:90:db:e8:90,-52,11,1,7,0,0,1,0,0,0,1,-94,0,8,0,685508340,0,100,0,128,1,"[100,-64,5,0,-10,22,-12,23,-14,22,-14,20,-12,18,-9,17,-5,18,-3,20,-2,22,-4,23,-6,22,-6,21,-4,19,-1,18,1,18,3,20,3,22,2,23,0,22,-1,20,0,17,1,16,3,17,4,19,3,21,0,5,0,0,0,0,0,0,0,0,0,0,0,0,0,0,0,0,0,0,-4,0,-15,3,-14,3,-13,3,-13,4,-13,6,-15,8,-17,8,-19,7,-19,5,-18,5,-16,6,-16,9,-17,12,-19,13,-21,12,-22,10,-21,8,-18,9,-16,11,-14,14,-15,17,-17,19,-19,18,-19,16,-18,14,-15,13]"
CSI_DATA,43827,d8:b1:90:db:e8:90,-51,11,1,7,0,0,1,0,0,0,1,-94,0,8,0,685526091,0,100,0,128,1,"[100,-64,5,0,11,-26,11,-26,10,-26,10,-26,9,-26,9,-25,9,-25,8,-25,7,-25,6,-25,6,-25,6,-26,6,-26,6,-26,6,-25,6,-25,6,-24,6,-24,6,-24,7,-23,7,-22,7,-22,8,-22,8,-22,9,-21,2,-6,0,0,0,0,0,0,0,0,0,0,0,0,0,0,0,0,0,0,1,-5,5,-17,5,-17,5,-17,6,-18,6,-18,7,-19,8,-19,9,-20,9,-20,10,-21,10,-22,10,-22,11,-22,11,-22,12,-22,12,-22,12,-23,12,-23,12,-24,12,-24,12,-25,12,-25,12,-25,12,-25,12,-25,12,-25]"
CSI_DATA,43828,d8:b1:90:db:e8:90,-52,11,1,7,0,0,1,0,0,0,1,-94,0,8,0,685545541,0,100,0,128,1,"[100,-64,5,0,-14,-20,-14,-19,-14,-19,-14,-18,-14,-17,-15,-17,-15,-16,-15,-16,-15,-15,-15,-15,-16,-14,-16,-14,-16,-14,-16,-14,-16,-14,-16,-14,-16,-14,-15,-15,-15,-15,-15,-15,-14,-15,-14,-15,-13,-15,-13,-15,-12,-16,-3,-4,0,0,0,0,0,0,0,0,0,0,0,0,0,0,0,0,0,0,-3,-3,-12,-10,-11,-11,-10,-12,-10,-13,-10,-14,-9,-14,-9,-15,-10,-17,-10,-17,-10,-18,-10,-18,-10,-18,-10,-18,-11,-19,-11,-19,-10,-19,-10,-19,-11,-19,-12,-19,-12,-19,-13,-20,-13,-20,-13,-20,-13,-20,-13,-20,-14,-20]"
CSI_DATA,43829,d8:b1:90:db:e8:90,-51,11,1,7,0,0,1,0,0,0,1,-94,0,8,0,685557085,0,100,0,128,1,"[100,-64,5,0,22,16,21,16,22,16,22,15,22,14,22,13,21,13,21,13,21,12,21,12,21,12,21,11,22,11,22,11,22,11,21,11,21,12,21,12,20,12,20,12,20,12,19,13,18,13,18,14,17,14,4,3,0,0,0,0,0,0,0,0,0,0,0,0,0,0,0,0,0,0,3,2,13,8,14,8,14,9,15,10,17,9,17,10,17,10,18,10,18,12,18,14,19,13,19,14,19,15,19,16,19,16,19,16,20,16,20,16,20,16,20,16,21,16,21,16,21,16,21,16,21,17,22,17]"
CSI_DATA,43830,d8:b1:90:db:e8:90,-52,11,1,7,0,0,1,0,0,0,1,-94,0,8,0,685584183,0,100,0,128,1,"[100,-64,5,0,-20,-13,-20,-13,-20,-12,-20,-11,-20,-10,-19,-10,-19,-9,-20,-9,-20,-9,-20,-9,-20,-8,-20,-8,-20,-8,-20,-8,-20,-8,-20,-7,-20,-7,-20,-7,-19,-8,-19,-8,-19,-8,-18,-8,-18,-9,-18,-10,-17,-10,-5,-3,0,0,0,0,0,0,0,0,0,0,0,0,0,0,0,0,0,0,-3,-2,-12,-6,-12,-6,-13,-7,-14,-8,-15,-8,-14,-9,-15,-9,-15,-10,-15,-11,-16,-12,-16,-13,-16,-13,-16,-13,-16,-13,-17,-13,-17,-13,-17,-13,-18,-14,-18,-14,-18,-14,-19,-14,-19,-14,-19,-15,-19,-15,-19,-15,-19,-15]"
CSI_DATA,43831,d8:b1:90:db:e8:90,-52,11,1,7,0,0,1,0,0,0,1,-94,0,8,0,685597639,0,100,0,128,1,"[100,-64,5,0,20,-10,20,-10,20,-10,19,-11,18,-11,17,-11,17,-12,17,-12,16,-12,16,-12,16,-13,16,-13,16,-13,16,-13,16,-13,15,-13,15,-14,15,-13,15,-13,15,-13,15,-12,15,-12,16,-11,16,-11,17,-10,4,-3,0,0,0,0,0,0,0,0,0,0,0,0,0,0,0,0,0,0,2,-2,9,-8,10,-8,11,-7,12,-7,12,-7,13,-8,14,-8,15,-8,16,-8,16,-8,17,-8,18,-8,18,-8,19,-8,19,-7,19,-7,19,-7,19,-8,20,-8,20,-8,20,-8,21,-9,21,-9,21,-9,21,-9,22,-9]"
CSI_DATA,43832,d8:b1:90:db:e8:90,-52,11,1,7,0,0,1,0,0,0,1,-94,0,8,0,685612971,0,100,0,128,1,"[100,-64,5,0,4,23,4,23,4,22,4,22,4,21,4,21,5,20,6,20,7,20,7,19,8,19,8,19,8,19,9,19,9,19,9,19,8,19,8,19,8,18,7,18,7,18,7,18,6,18,5,18,5,18,1,4,0,0,0,0,0,0,0,0,0,0,0,0,0,0,0,0,0,0,1,3,5,12,4,13,4,13,3,14,3,15,3,15,3,17,3,17,3,18,2,19,2,19,2,20,2,21,2,21,2,21,2,21,2,21,2,21,2,22,3,22,3,22,3,22,3,23,3,23,3,23,3,23]"
CSI_DATA,43833,d8:b1:90:db:e8:90,-52,11,1,7,0,0,1,0,0,0,1,-94,0,8,0,685623417,0,100,0,128,1,"[100,-64,5,0,18,-15,18,-15,18,-14,18,-14,17,-14,17,-14,16,-15,15,-16,15,-16,15,-16,14,-16,14,-16,13,-16,13,-17,13,-17,14,-16,13,-16,13,-16,13,-16,13,-15,13,-15,13,-14,14,-14,14,-13,15,-13,3,-3,0,0,0,0,0,0,0,0,0,0,0,0,0,0,0,0,0,0,2,-3,9,-11,9,-11,10,-11,10,-10,11,-11,12,-11,13,-11,14,-11,15,-11,15,-11,16,-11,17,-11,17,-11,17,-11,17,-12,17,-12,17,-12,17,-12,18,-13,18,-13,18,-13,19,-14,19,-13,19,-13,19,-13,20,-14]"
CSI_DATA,43834,d8:b1:90:db:e8:90,-52,11,1,7,0,0,1,0,0,0,1,-94,0,8,0,685637197,0,100,0,128,1,"[100,-64,5,0,-17,-17,-17,-17,-17,-17,-17,-17,-17,-16,-17,-16,-17,-15,-17,-15,-17,-15,-17,-14,-17,-14,-17,-13,-17,-13,-17,-13,-17,-13,-17,-13,-17,-13,-17,-13,-16,-13,-16,-13,-16,-13,-15,-13,-15,-14,-14,-15,-14,-15,-4,-4,0,0,0,0,0,0,0,0,0,0,0,0,0,0,0,0,0,0,-3,-3,-11,-9,-11,-10,-11,-11,-11,-12,-11,-12,-12,-13,-12,-13,-13,-13,-13,-14,-13,-16,-14,-16,-14,-16,-14,-17,-14,-17,-14,-17,-14,-17,-14,-17,-15,-17,-15,-17,-16,-17,-16,-17,-16,-17,-16,-17,-16,-17,-16,-17,-16,-18]"
CSI_DATA,43835,d8:b1:90:db:e8:90,-51,11,1,7,0,0,1,0,0,0,1,-94,0,8,0,685648476,0,100,0,128,1,"[100,-64,5,0,24,15,24,15,23,15,23,14,23,14,23,13,23,12,23,12,23,11,23,11,23,10,23,9,23,9,23,9,23,9,24,9,23,9,23,9,22,9,22,9,22,9,22,10,21,10,20,11,20,12,5,3,0,0,0,0,0,0,0,0,0,0,0,0,0,0,0,0,0,0,3,2,15,8,14,9,15,9,15,11,14,13,15,13,17,14,18,14,18,14,18,15,19,15,20,16,19,16,19,16,19,16,19,15,20,15,20,16,21,16,21,16,21,15,22,15,22,15,22,16,22,16,23,16]"
CSI_DATA,43836,d8:b1:90:db:e8:90,-52,11,1,7,0,0,1,0,0,0,1,-94,0,8,0,685660462,0,100,0,128,1,"[100,-64,5,0,19,-5,19,-5,19,-5,18,-5,18,-6,18,-6,18,-6,17,-7,17,-7,17,-7,17,-8,17,-8,17,-8,17,-8,17,-8,16,-8,16,-8,16,-8,16,-8,16,-7,16,-7,16,-7,16,-6,16,-6,16,-5,4,-1,0,0,0,0,0,0,0,0,0,0,0,0,0,0,0,0,0,0,2,-2,11,-5,11,-4,12,-4,12,-3,13,-4,13,-3,14,-3,14,-2,15,-3,16,-4,16,-4,17,-4,18,-4,17,-3,17,-3,18,-3,18,-3,18,-4,18,-4,18,-4,19,-4,19,-4,19,-4,19,-4,19,-4,19,-4]"
CSI_DATA,43837,d8:b1:90:db:e8:90,-52,11,1,7,0,0,1,0,0,0,1,-94,0,8,0,685687789,0,100,0,128,1,"[100,-64,5,0,-22,9,-21,9,-21,9,-20,9,-20,9,-20,9,-19,9,-19,10,-18,10,-18,10,-18,11,-17,12,-17,12,-17,12,-17,12,-17,12,-17,11,-17,11,-17,11,-17,10,-17,10,-17,9,-17,9,-17,8,-16,7,-4,1,0,0,0,0,0,0,0,0,0,0,0,0,0,0,0,0,0,0,-3,2,-12,9,-12,8,-13,7,-14,7,-14,7,-15,8,-16,8,-17,8,-17,8,-18,8,-18,8,-19,8,-19,8,-20,8,-20,7,-20,7,-20,7,-21,7,-21,8,-21,8,-22,8,-22,8,-22,9,-22,9,-22,9,-22,9]"
CSI_DATA,43838,d8:b1:90:db:e8:90,-52,11,1,7,0,0,1,0,0,0,1,-94,0,8,0,685699508,0,100,0,128,1,"[100,-64,5,0,-18,15,-18,15,-17,15,-17,15,-17,15,-16,15,-16,15,-16,15,-15,15,-15,15,-15,16,-14,16,-14,16,-14,15,-14,15,-14,15,-14,15,-14,15,-14,14,-15,14,-15,14,-15,13,-15,12,-16,12,-16,11,-5,2,0,0,0,0,0,0,0,0,0,0,0,0,0,0,0,0,0,0,-3,2,-9,11,-10,10,-11,10,-12,10,-13,10,-14,10,-14,10,-15,10,-16,10,-17,10,-17,11,-17,11,-18,10,-18,10,-18,11,-18,11,-19,12,-19,12,-18,12,-18,13,-19,13,-18,13,-18,14,-18,14,-18,14,-19,14]"
CSI_DATA,43839,d8:b1:90:db:e8:90,-51,11,1,7,0,0,1,0,0,0,1,-94,0,8,0,685716276,0,100,0,128,1,"[100,-64,5,0,20,12,20,12,20,12,20,11,20,10,20,10,20,9,20,9,21,9,20,8,20,8,20,8,20,8,20,8,20,8,20,8,20,8,19,7,19,8,19,8,19,8,19,9,18,10,17,11,17,11,4,3,0,0,0,0,0,0,0,0,0,0,0,0,0,0,0,0,0,0,3,1,14,5,13,6,13,7,13,8,14,9,14,9,14,10,15,11,15,12,16,13,16,13,16,13,16,14,16,14,17,14,17,14,17,14,17,14,18,13,18,13,18,13,19,13,19,13,20,13,20,13,20,13]"
CSI_DATA,43840,d8:b1:90:db:e8:90,-52,11,1,7,0,0,1,0,0,0,1,-94,0,8,0,685730248,0,100,0,128,1,"[100,-64,5,0,18,-16,17,-16,17,-16,17,-16,16,-15,16,-15,15,-15,15,-16,14,-16,13,-16,13,-17,13,-17,12,-17,12,-17,13,-17,13,-17,13,-17,13,-17,13,-16,13,-16,14,-16,14,-15,14,-15,14,-15,15,-14,3,-4,0,0,0,0,0,0,0,0,0,0,0,0,0,0,0,0,0,0,2,-3,9,-12,9,-12,9,-13,10,-12,10,-12,11,-13,11,-13,12,-14,13,-14,13,-14,14,-14,14,-14,15,-14,16,-14,16,-14,16,-15,17,-15,17,-15,17,-15,17,-15,18,-15,18,-15,18,-16,17,-17,18,-17,18,-16]"
CSI_DATA,43841,d8:b1:90:db:e8:90,-52,11,1,7,0,0,1,0,0,0,1,-94,0,8,0,685743895,0,100,0,128,1,"[100,-64,5,0,7,22,7,21,7,21,7,20,8,20,8,19,8,19,9,19,10,18,10,18,10,17,10,17,10,17,10,17,10,17,10,17,10,17,10,17,9,17,9,17,9,17,8,17,8,17,7,18,6,18,1,4,0,0,0,0,0,0,0,0,0,0,0,0,0,0,0,0,0,0,1,3,5,12,5,12,5,13,6,14,5,14,5,15,6,16,6,16,6,17,6,18,5,19,5,19,5,19,5,20,5,20,5,20,5,21,5,21,5,21,5,21,6,21,6,22,6,22,6,22,6,22,6,22]"
CSI_DATA,43842,d8:b1:90:db:e8:90,-53,11,1,6,0,0,1,0,0,0,1,-94,0,8,0,685753898,0,100,0,128,1,"[100,-64,5,0,-25,26,-21,23,-18,20,-15,16,-12,11,-10,6,-9,1,-8,-3,-8,-7,-8,-11,-9,-13,-9,-14,-9,-15,-9,-15,-7,-14,-5,-13,-3,-11,1,-9,5,-6,9,-4,14,-1,18,1,22,3,26,5,29,7,7,2,0,0,0,0,0,0,0,0,0,0,0,0,0,0,0,0,0,0,-2,-2,-6,-6,-3,-4,-1,-1,1,1,3,2,5,3,8,4,10,5,11,5,12,5,11,5,9,4,6,2,2,1,-2,1,-6,1,-11,2,-15,4,-20,6,-24,9,-28,13,-31,16,-32,20,-33,23,-33,25,-33,27]"
CSI_DATA,43843,d8:b1:90:db:e8:90,-53,11,1,6,0,0,1,0,0,0,1,-94,0,8,0,685767061,0,100,0,128,1,"[100,-64,5,0,40,15,36,13,31,11,25,9,18,8,11,8,5,8,0,9,-5,11,-8,13,-11,14,-13,15,-14,16,-14,15,-13,13,-13,11,-12,7,-10,2,-9,-4,-8,-10,-7,-16,-6,-22,-5,-28,-5,-33,-4,-36,-1,-10,0,0,0,0,0,0,0,0,0,0,0,0,0,0,0,0,0,0,-2,2,-5,7,-4,5,-2,1,-1,-3,0,-6,1,-9,1,-12,1,-14,1,-15,1,-15,0,-14,0,-12,0,-9,1,-5,2,0,4,5,7,10,11,15,15,19,20,22,25,25,31,27,36,28,40,27,43,26,44,25]"
CSI_DATA,43844,d8:b1:90:db:e8:90,-53,11,1,6,0,0,1,0,0,0,1,-94,0,8,0,685790390,0,100,0,128,1,"[100,-64,5,0,37,21,34,18,28,15,23,12,16,10,10,9,4,9,-2,9,-7,10,-11,11,-14,13,-15,14,-16,14,-16,13,-16,11,-14,9,-13,5,-11,0,-9,-5,-6,-11,-4,-17,-2,-22,0,-28,2,-33,4,-36,1,-10,0,0,0,0,0,0,0,0,0,0,0,0,0,0,0,0,0,0,-2,2,-7,8,-5,5,-3,2,-1,-2,0,-6,2,-9,2,-12,2,-14,2,-15,2,-15,2,-14,1,-12,1,-9,1,-5,2,0,3,5,5,11,8,16,12,21,17,25,22,28,27,31,32,32,36,32,39,32,40,31]"
CSI_DATA,43845,d8:b1:90:db:e8:90,-52,11,1,6,0,0,1,0,0,0,1,-94,0,8,0,685801329,0,100,0,128,1,"[100,-64,5,0,-29,-35,-27,-31,-23,-26,-18,-21,-13,-18,-7,-15,-1,-12,4,-11,9,-11,13,-11,16,-12,18,-12,19,-12,19,-12,18,-10,16,-8,14,-4,11,0,9,5,6,11,3,17,1,23,-2,28,-4,33,-5,36,-2,9,0,0,0,0,0,0,0,0,0,0,0,0,0,0,0,0,0,0,2,-1,9,-2,6,-1,2,0,-1,2,-4,4,-7,6,-10,8,-11,9,-12,10,-12,11,-11,11,-9,9,-7,7,-5,3,-3,-1,-2,-7,-1,-13,-2,-19,-3,-25,-6,-31,-9,-37,-13,-41,-17,-44,-21,-46,-25,-47,-27,-46]"
CSI_DATA,43846,d8:b1:90:db:e8:90,-53,11,1,6,0,0,1,0,0,0,1,-94,0,8,0,685817404,0,100,0,128,1,"[100,-64,5,0,-8,43,-6,38,-5,33,-5,26,-5,19,-6,13,-8,7,-10,1,-13,-3,-16,-6,-18,-9,-20,-10,-20,-11,-20,-11,-18,-11,-14,-10,-10,-10,-5,-10,0,-10,7,-10,13,-10,20,-10,26,-10,31,-10,35,-10,9,-3,0,0,0,0,0,0,0,0,0,0,0,0,0,0,0,0,0,0,-3,-1,-10,-4,-7,-3,-3,-2,1,-2,5,-2,8,-2,11,-2,13,-2,14,-3,15,-3,14,-3,12,-3,8,-2,5,-1,0,1,-4,4,-9,8,-12,13,-15,18,-18,24,-19,30,-20,36,-20,41,-19,45,-17,48,-16,49]"
CSI_DATA,43847,d8:b1:90:db:e8:90,-53,11,1,6,0,0,1,0,0,0,1,-94,0,8,0,685835319,0,100,0,128,1,"[100,-64,5,0,43,-8,38,-8,33,-7,26,-5,20,-3,14,1,9,4,4,8,1,12,-1,16,-3,19,-4,20,-5,21,-5,21,-5,19,-6,16,-7,12,-8,7,-9,1,-11,-5,-13,-11,-15,-17,-17,-23,-19,-28,-19,-32,-5,-9,0,0,0,0,0,0,0,0,0,0,0,0,0,0,0,0,0,0,0,2,0,10,-1,7,-2,2,-2,-1,-3,-5,-5,-8,-6,-11,-7,-13,-8,-14,-8,-14,-8,-13,-7,-11,-5,-8,-2,-5,1,-2,5,1,10,4,16,6,23,8,29,9,35,8,41,7,46,5,49,2,51,0,52,-2]"
CSI_DATA,43848,d8:b1:90:db:e8:90,-53,11,1,6,0,0,1,0,0,0,1,-94,0,8,0,685847900,0,100,0,128,1,"[100,-64,5,0,-26,36,-22,33,-19,28,-15,22,-13,16,-11,9,-11,3,-11,-3,-11,-8,-12,-12,-14,-15,-14,-17,-14,-18,-14,-18,-12,-17,-10,-15,-6,-13,-1,-11,4,-9,10,-6,16,-4,22,-2,27,0,32,2,36,4,9,1,0,0,0,0,0,0,0,0,0,0,0,0,0,0,0,0,0,0,-2,-3,-7,-8,-5,-6,-2,-4,1,-1,4,1,8,2,11,3,13,4,14,4,14,4,14,3,11,3,8,2,4,1,-1,1,-6,2,-12,4,-17,6,-23,10,-28,14,-32,18,-35,24,-36,29,-36,33,-36,36,-36,38]"
CSI_DATA,43849,d8:b1:90:db:e8:90,-53,11,1,6,0,0,1,0,0,0,1,-94,0,8,0,685858384,0,100,0,128,1,"[100,-64,5,0,32,-19,27,-18,23,-16,19,-13,15,-9,11,-4,9,0,6,5,5,9,4,12,4,15,4,17,4,18,3,18,3,16,1,14,-1,11,-4,8,-7,4,-10,0,-14,-4,-18,-8,-21,-12,-24,-15,-26,-17,-7,-5,0,0,0,0,0,0,0,0,0,0,0,0,0,0,0,0,0,0,0,2,0,8,0,5,0,2,-2,0,-4,-4,-5,-6,-7,-7,-8,-8,-9,-8,-10,-8,-10,-9,-9,-7,-6,-5,-3,-4,0,-2,4,0,9,1,14,0,19,-1,25,-2,29,-4,34,-7,37,-9,39,-12,40,-14,40,-16]"
CSI_DATA,43850,d8:b1:90:db:e8:90,-53,11,1,6,0,0,1,0,0,0,1,-94,0,8,0,685888502,0,100,0,128,1,"[100,-64,5,0,42,-12,37,-12,31,-10,25,-8,20,-5,14,-1,9,3,6,8,3,12,1,16,0,19,0,21,-1,22,-1,22,-2,20,-3,17,-4,13,-6,8,-9,3,-12,-2,-15,-8,-18,-14,-22,-19,-24,-23,-26,-27,-7,-7,0,0,0,0,0,0,0,0,0,0,0,0,0,0,0,0,0,0,0,2,0,10,-1,7,-3,3,-3,-1,-4,-4,-5,-7,-7,-10,-8,-12,-8,-13,-8,-13,-8,-12,-7,-10,-6,-8,-3,-5,1,-2,5,1,11,4,17,6,23,7,29,6,35,5,41,3,45,1,49,-2,51,-4,51,-6]"
CSI_DATA,43851,d8:b1:90:db:e8:90,-51,11,1,7,0,0,1,0,0,0,1,-94,0,8,0,685900671,0,100,0,128,1,"[100,-64,5,0,-24,-6,-24,-6,-24,-6,-23,-5,-23,-5,-23,-4,-23,-4,-23,-4,-23,-3,-23,-3,-23,-2,-23,-2,-23,-2,-23,-2,-23,-2,-23,-2,-23,-2,-22,-3,-22,-3,-22,-3,-22,-3,-22,-3,-21,-4,-21,-5,-21,-6,-6,-2,0,0,0,0,0,0,0,0,0,0,0,0,0,0,0,0,0,0,-4,-1,-14,-3,-15,-3,-15,-4,-16,-5,-16,-5,-16,-5,-17,-6,-18,-6,-19,-7,-19,-7,-19,-8,-19,-8,-20,-9,-20,-9,-20,-8,-21,-8,-21,-8,-21,-8,-22,-8,-22,-8,-22,-8,-23,-8,-23,-8,-24,-8,-24,-8,-24,-7]"
CSI_DATA,43852,d8:b1:90:db:e8:90,-52,11,1,7,0,0,1,0,0,0,1,-94,0,8,0,685916517,0,100,0,128,1,"[100,-64,5,0,13,19,13,19,13,18,13,18,13,17,13,17,13,16,14,16,14,16,14,16,14,16,14,16,15,16,15,16,15,16,15,16,14,16,14,16,14,16,14,16,14,15,13,16,12,16,12,17,11,18,2,4,0,0,0,0,0,0,0,0,0,0,0,0,0,0,0,0,0,0,2,2,8,11,8,11,8,11,8,12,8,13,8,13,8,14,8,15,8,16,8,16,9,17,9,18,9,18,10,18,9,18,10,19,10,19,10,19,11,19,11,20,12,20,12,20,12,20,12,21,12,20,11,20]"
CSI_DATA,43853,d8:b1:90:db:e8:90,-52,11,1,7,0,0,1,0,0,0,1,-94,0,8,0,685935459,0,100,0,128,1,"[100,-64,5,0,-21,-2,-21,-2,-21,-1,-21,-1,-21,-1,-21,0,-21,0,-21,0,-21,0,-21,1,-20,1,-20,2,-19,2,-19,2,-20,2,-20,2,-20,2,-20,2,-20,1,-19,1,-19,0,-19,0,-19,-1,-19,-1,-19,-2,-5,-1,0,0,0,0,0,0,0,0,0,0,0,0,0,0,0,0,0,0,-4,0,-13,1,-13,0,-14,-1,-14,-1,-15,-2,-15,-2,-16,-3,-16,-3,-17,-3,-18,-4,-18,-4,-19,-4,-19,-5,-19,-5,-20,-4,-20,-3,-20,-3,-20,-3,-20,-3,-21,-3,-21,-3,-21,-3,-22,-3,-22,-3,-22,-3,-21,-4]"
CSI_DATA,43854,d8:b1:90:db:e8:90,-51,11,1,7,0,0,1,0,0,0,1,-94,0,8,0,685947024,0,100,0,128,1,"[100,-64,5,0,-16,16,-16,15,-15,16,-15,16,-14,16,-14,16,-13,16,-13,16,-13,16,-12,16,-12,16,-12,17,-12,17,-12,17,-11,17,-11,17,-11,17,-11,16,-11,16,-11,16,-12,15,-12,15,-13,14,-13,14,-14,13,-4,3,0,0,0,0,0,0,0,0,0,0,0,0,0,0,0,0,0,0,-2,2,-7,11,-8,11,-9,10,-10,10,-10,11,-10,11,-11,11,-12,12,-12,12,-13,12,-13,12,-14,12,-14,12,-15,12,-15,12,-15,13,-15,13,-15,13,-15,14,-15,14,-15,15,-15,15,-15,15,-16,15,-16,15,-16,15]"
CSI_DATA,43855,d8:b1:90:db:e8:90,-51,11,1,7,0,0,1,0,0,0,1,-94,0,8,0,685965329,0,100,0,128,1,"[100,-64,5,0,6,21,6,20,7,20,7,20,7,19,7,19,8,19,8,18,9,18,9,17,10,17,10,17,10,17,10,17,10,17,10,17,10,16,10,16,10,16,9,16,9,16,8,17,8,17,7,17,6,18,1,4,0,0,0,0,0,0,0,0,0,0,0,0,0,0,0,0,0,0,1,3,6,12,5,12,4,13,4,13,4,13,3,14,3,14,4,15,4,15,3,15,3,16,3,17,3,18,4,19,4,19,4,19,4,19,4,19,5,19,5,19,5,20,5,20,6,20,6,20,6,20,6,20]"
CSI_DATA,43856,d8:b1:90:db:e8:90,-51,11,1,7,0,0,1,0,0,0,1,-94,0,8,0,685989602,0,100,0,128,1,"[100,-64,5,0,6,-21,6,-21,6,-21,5,-21,5,-21,5,-21,4,-21,3,-21,3,-21,2,-21,2,-21,1,-21,1,-21,1,-21,1,-21,1,-21,1,-20,1,-20,1,-20,1,-20,1,-20,1,-20,2,-19,3,-19,4,-19,1,-5,0,0,0,0,0,0,0,0,0,0,0,0,0,0,0,0,0,0,0,-4,0,-13,2,-13,2,-14,2,-14,3,-14,4,-15,4,-16,5,-16,5,-17,6,-18,6,-18,6,-18,7,-18,7,-19,7,-19,7,-19,7,-19,7,-20,7,-20,7,-20,7,-20,7,-21,7,-21,7,-22,7,-21,7,-21]"
CSI_DATA,43857,d8:b1:90:db:e8:90,-52,11,1,7,0,0,1,0,0,0,1,-94,0,8,0,686002698,0,100,0,128,1,"[100,-64,5,0,-16,-20,-16,-18,-14,-18,-15,-19,-16,-18,-14,-16,-14,-16,-16,-18,-18,-17,-17,-15,-16,-16,-17,-16,-17,-15,-15,-15,-14,-17,-16,-17,-15,-15,-13,-16,-13,-18,-14,-18,-13,-16,-12,-17,-11,-18,-11,-19,-10,-19,-3,-5,0,0,0,0,0,0,0,0,0,0,0,0,0,0,0,0,0,0,-4,-1,-13,-4,-14,-6,-15,-6,-15,-6,-14,-7,-15,-9,-17,-9,-16,-9,-15,-11,-16,-12,-17,-13,-17,-13,-17,-14,-17,-14,-17,-13,-16,-14,-16,-16,-17,-17,-17,-16,-16,-17,-16,-18,-18,-18,-17,-17,-16,-18,-16,-18,-17,-18]"
CSI_DATA,43858,d8:b1:90:db:e8:90,-52,11,1,7,0,0,1,0,0,0,1,-94,0,8,0,686012905,0,100,0,128,1,"[100,-64,5,0,22,6,22,6,22,5,22,4,21,3,21,3,21,2,21,1,21,0,21,0,21,-1,22,-1,22,-1,22,-1,22,-1,21,-1,21,0,20,0,20,0,20,0,20,0,20,1,20,2,20,2,20,3,5,1,0,0,0,0,0,0,0,0,0,0,0,0,0,0,0,0,0,0,3,0,14,0,14,0,14,1,15,2,15,2,16,2,16,2,17,2,18,3,18,4,19,4,19,5,19,5,20,5,20,6,20,6,20,6,21,6,21,6,21,6,22,6,22,6,22,6,22,6,22,6,22,6]"
CSI_DATA,43859,d8:b1:90:db:e8:90,-51,11,1,7,0,0,1,0,0,0,1,-94,0,8,0,686026409,0,100,0,128,1,"[100,-64,5,0,-22,-2,-22,-2,-22,-2,-22,-1,-22,0,-21,0,-21,1,-21,1,-21,1,-21,1,-21,2,-21,2,-21,3,-21,2,-21,2,-20,2,-20,2,-20,2,-20,1,-20,1,-20,1,-19,0,-19,0,-19,-1,-19,-2,-5,-1,0,0,0,0,0,0,0,0,0,0,0,0,0,0,0,0,0,0,-4,-1,-14,-1,-14,-2,-14,-3,-15,-3,-15,-3,-15,-4,-16,-4,-17,-4,-17,-5,-17,-6,-18,-5,-19,-5,-19,-6,-19,-6,-19,-6,-19,-6,-19,-6,-20,-6,-20,-5,-20,-4,-21,-4,-21,-4,-22,-3,-22,-3,-22,-3,-22,-3]"
CSI_DATA,43860,d8:b1:90:db:e8:90,-52,11,1,7,0,0,1,0,0,0,1,-94,0,8,0,686037763,0,100,0,128,1,"[100,-64,5,0,17,-16,17,-16,17,-16,17,-17,16,-17,16,-17,15,-17,15,-17,15,-17,14,-17,14,-18,13,-18,13,-18,13,-18,14,-18,14,-18,14,-17,14,-17,14,-16,14,-16,14,-16,14,-15,15,-14,16,-14,16,-13,4,-4,0,0,0,0,0,0,0,0,0,0,0,0,0,0,0,0,0,0,2,-3,9,-10,11,-10,11,-10,12,-10,13,-10,13,-11,14,-10,15,-10,16,-10,16,-11,17,-11,17,-11,17,-11,18,-11,18,-11,18,-11,19,-12,19,-12,18,-13,18,-13,18,-13,18,-14,18,-15,18,-15,19,-15,19,-16]"
CSI_DATA,43861,d8:b1:90:db:e8:90,-51,11,1,7,0,0,1,0,0,0,1,-94,0,8,0,686048895,0,100,0,128,1,"[100,-64,5,0,-26,-2,-26,-2,-25,-1,-25,-1,-24,0,-24,0,-24,0,-23,1,-23,1,-23,2,-23,2,-23,3,-23,3,-22,3,-23,3,-23,3,-22,3,-22,2,-22,2,-22,1,-22,1,-22,0,-22,0,-22,-1,-22,-2,-6,-1,0,0,0,0,0,0,0,0,0,0,0,0,0,0,0,0,0,0,-4,0,-16,0,-16,0,-16,0,-17,-1,-17,-1,-18,-1,-18,-1,-19,-2,-20,-3,-20,-3,-21,-3,-21,-3,-21,-4,-22,-4,-22,-3,-23,-3,-23,-3,-23,-3,-24,-3,-24,-3,-25,-3,-25,-3,-25,-2,-25,-2,-25,-2,-25,-2]"
CSI_DATA,43862,d8:b1:90:db:e8:90,-51,11,1,7,0,0,1,0,0,0,1,-94,0,8,0,686061986,0,100,0,128,1,"[100,-64,5,0,8,19,8,19,8,19,8,19,8,18,8,18,8,18,9,18,9,17,9,17,9,16,10,16,10,16,10,16,10,16,10,16,10,16,9,16,9,16,9,16,8,16,8,16,7,16,6,17,6,17,1,4,0,0,0,0,0,0,0,0,0,0,0,0,0,0,0,0,0,0,1,2,3,9,3,12,3,14,2,14,2,14,3,14,3,15,3,16,2,16,2,17,3,17,2,17,2,18,2,18,3,18,3,18,3,18,3,19,3,19,4,19,4,20,4,20,5,20,5,20,5,20,6,20]"
CSI_DATA,43863,d8:b1:90:db:e8:90,-51,11,1,7,0,0,1,0,0,0,1,-94,0,8,0,686091637,0,100,0,128,1,"[100,-64,5,0,17,18,16,18,14,18,13,16,12,14,12,13,13,11,15,9,17,8,19,8,20,9,20,10,20,11,19,12,17,13,16,13,15,12,14,11,13,9,14,8,15,7,16,7,17,9,17,11,17,12,4,3,0,0,0,0,0,0,0,0,0,0,0,0,0,0,0,0,0,0,2,3,8,12,8,12,7,12,7,12,7,11,7,11,8,11,9,11,10,12,11,14,11,15,11,16,11,17,11,17,11,18,11,18,10,17,11,17,11,16,12,15,12,15,13,14,14,14,16,14,17,15,17,15]"
CSI_DATA,43864,d8:b1:90:db:e8:90,-51,11,1,7,0,0,1,0,0,0,1,-94,0,8,0,686101690,0,100,0,128,1,"[100,-64,5,0,-21,-10,-21,-10,-20,-10,-20,-9,-19,-8,-19,-8,-19,-8,-20,-7,-20,-6,-20,-6,-20,-5,-20,-5,-20,-5,-20,-5,-20,-5,-20,-5,-20,-5,-19,-5,-19,-5,-19,-6,-19,-6,-18,-6,-18,-7,-18,-8,-18,-8,-5,-3,0,0,0,0,0,0,0,0,0,0,0,0,0,0,0,0,0,0,-3,-2,-12,-6,-12,-7,-12,-7,-13,-8,-13,-8,-14,-8,-14,-8,-14,-9,-14,-10,-15,-10,-15,-11,-16,-11,-16,-11,-16,-12,-17,-12,-17,-12,-17,-12,-17,-11,-18,-10,-18,-10,-19,-10,-19,-10,-19,-11,-20,-11,-20,-11,-20,-11]"
CSI_DATA,43865,d8:b1:90:db:e8:90,-51,11,1,7,0,0,1,0,0,0,1,-94,0,8,0,686112599,0,100,0,128,1,"[100,-64,5,0,-20,9,-19,9,-19,9,-19,9,-18,10,-18,10,-17,10,-16,10,-16,11,-16,11,-16,11,-16,12,-16,12,-16,12,-16,12,-16,12,-16,12,-16,11,-16,11,-16,10,-16,10,-16,10,-16,9,-16,8,-17,7,-5,1,0,0,0,0,0,0,0,0,0,0,0,0,0,0,0,0,0,0,-3,2,-11,8,-12,7,-12,6,-12,6,-13,6,-14,6,-15,6,-15,6,-16,6,-17,6,-17,6,-18,6,-18,6,-18,6,-19,6,-19,6,-19,6,-19,7,-19,8,-20,8,-20,8,-20,8,-20,9,-20,9,-20,9,-20,8]"
CSI_DATA,43866,d8:b1:90:db:e8:90,-51,11,1,7,0,0,1,0,0,0,1,-94,0,8,0,686122595,0,100,0,128,1,"[100,-64,5,0,-13,21,-12,21,-12,20,-11,20,-10,20,-10,20,-9,20,-9,20,-8,20,-8,20,-7,20,-7,20,-7,21,-7,21,-7,21,-7,21,-7,20,-7,20,-8,20,-8,19,-8,19,-9,19,-9,18,-10,18,-11,17,-3,4,0,0,0,0,0,0,0,0,0,0,0,0,0,0,0,0,0,0,-2,3,-6,12,-6,13,-7,13,-8,13,-9,13,-10,14,-11,14,-11,14,-12,15,-12,15,-13,16,-14,16,-14,16,-14,16,-13,16,-13,17,-13,17,-13,18,-13,18,-13,19,-13,19,-13,20,-12,20,-12,21,-13,21,-13,20]"
CSI_DATA,43867,d8:b1:90:db:e8:90,-52,11,1,7,0,0,1,0,0,0,1,-94,0,8,0,686134714,0,100,0,128,1,"[100,-64,5,0,-11,-23,-10,-23,-11,-22,-11,-21,-11,-20,-12,-20,-12,-19,-12,-19,-13,-19,-13,-19,-13,-18,-14,-18,-14,-18,-14,-18,-14,-18,-14,-18,-14,-19,-13,-19,-13,-19,-12,-19,-12,-18,-11,-18,-10,-19,-9,-19,-8,-20,-2,-5,0,0,0,0,0,0,0,0,0,0,0,0,0,0,0,0,0,0,-2,-4,-8,-13,-7,-13,-7,-14,-7,-15,-6,-16,-6,-16,-6,-17,-6,-18,-6,-19,-6,-20,-6,-20,-6,-21,-5,-21,-6,-21,-6,-21,-7,-21,-7,-21,-8,-22,-8,-22,-9,-22,-9,-22,-10,-22,-10,-23,-10,-23,-10,-23,-10,-23]"
CSI_DATA,43868,d8:b1:90:db:e8:90,-52,11,1,7,0,0,1,0,0,0,1,-94,0,8,0,686145623,0,100,0,128,1,"[100,-64,5,0,-24,5,-24,5,-23,5,-23,6,-22,6,-21,6,-21,7,-21,7,-20,8,-20,9,-20,9,-21,9,-21,10,-21,10,-21,9,-21,9,-20,9,-20,8,-20,8,-20,8,-20,7,-20,7,-20,7,-20,6,-21,5,-6,1,0,0,0,0,0,0,0,0,0,0,0,0,0,0,0,0,0,0,-4,1,-14,4,-15,3,-15,2,-16,2,-17,1,-17,1,-18,2,-19,1,-20,1,-20,1,-21,1,-21,0,-22,0,-22,0,-22,1,-22,1,-22,2,-22,2,-23,3,-23,3,-23,3,-24,4,-24,4,-24,5,-24,5,-24,5]"
CSI_DATA,43869,d8:b1:90:db:e8:90,-51,11,1,7,0,0,1,0,0,0,1,-94,0,8,0,686164953,0,100,0,128,1,"[100,-64,5,0,21,-5,21,-5,20,-6,20,-6,19,-7,19,-7,18,-7,18,-7,18,-8,17,-8,17,-9,17,-9,17,-9,17,-9,17,-9,17,-10,17,-9,17,-9,17,-9,17,-8,17,-8,17,-7,17,-6,17,-5,18,-5,4,-1,0,0,0,0,0,0,0,0,0,0,0,0,0,0,0,0,0,0,2,-1,11,-4,12,-4,14,-5,14,-4,14,-4,15,-4,15,-5,16,-5,17,-4,17,-4,17,-4,18,-4,18,-4,18,-4,19,-4,19,-4,19,-4,19,-4,19,-4,20,-4,20,-4,20,-4,20,-5,21,-5,21,-5,21,-5]"
CSI_DATA,43870,d8:b1:90:db:e8:90,-51,11,1,7,0,0,1,0,0,0,1,-94,0,8,0,686175177,0,100,0,128,1,"[100,-64,5,0,22,-20,22,-20,21,-20,21,-20,20,-20,20,-20,19,-20,18,-20,17,-20,17,-20,16,-21,16,-22,16,-22,16,-22,16,-23,16,-23,16,-22,16,-22,17,-21,17,-20,18,-19,18,-19,18,-18,19,-18,20,-17,5,-4,0,0,0,0,0,0,0,0,0,0,0,0,0,0,0,0,0,0,3,-4,12,-13,14,-13,15,-14,15,-16,15,-16,15,-15,15,-14,17,-13,19,-14,20,-15,21,-16,21,-17,21,-17,20,-16,20,-15,20,-14,21,-15,23,-16,23,-17,23,-17,23,-16,23,-16,23,-17,23,-17,23,-17,23,-18]"
CSI_DATA,43871,d8:b1:90:db:e8:90,-52,11,1,7,0,0,1,0,0,0,1,-94,0,8,0,686195205,0,100,0,128,1,"[100,-64,5,0,-4,-24,-4,-24,-4,-24,-4,-23,-4,-23,-4,-23,-5,-22,-5,-22,-6,-21,-6,-21,-7,-21,-7,-21,-8,-21,-8,-21,-8,-22,-7,-21,-7,-21,-7,-21,-6,-21,-6,-21,-6,-20,-6,-20,-4,-19,-3,-18,-1,-17,-1,-5,0,0,0,0,0,0,0,0,0,0,0,0,0,0,0,0,0,0,-2,-4,-5,-14,-5,-14,-4,-15,-3,-16,-3,-16,-3,-17,-3,-17,-3,-18,-2,-19,-2,-20,-1,-21,-1,-21,-1,-21,-1,-22,-1,-22,-1,-22,-1,-22,-1,-23,-2,-23,-2,-23,-2,-23,-2,-23,-3,-24,-3,-24,-2,-24,-2,-24]"
CSI_DATA,43872,d8:b1:90:db:e8:90,-52,11,1,7,0,0,1,0,0,0,1,-94,0,8,0,686209033,0,100,0,128,1,"[100,-64,5,0,-16,-19,-16,-18,-16,-18,-16,-18,-16,-17,-16,-17,-16,-16,-16,-15,-17,-14,-17,-14,-17,-14,-18,-13,-18,-14,-18,-14,-18,-14,-18,-13,-17,-13,-17,-14,-17,-14,-17,-14,-16,-13,-16,-13,-15,-13,-12,-13,-11,-13,-3,-4,0,0,0,0,0,0,0,0,0,0,0,0,0,0,0,0,0,0,-3,-3,-11,-10,-11,-10,-11,-11,-11,-12,-11,-12,-11,-13,-11,-14,-12,-15,-12,-16,-12,-16,-12,-17,-12,-17,-12,-18,-12,-18,-12,-19,-12,-19,-12,-19,-12,-19,-13,-18,-14,-18,-14,-18,-14,-19,-15,-19,-15,-19,-15,-19,-16,-19]"
CSI_DATA,43873,d8:b1:90:db:e8:90,-52,11,1,7,0,0,1,0,0,0,1,-94,0,8,0,686221110,0,100,0,128,1,"[100,-64,5,0,12,-21,12,-21,11,-20,11,-20,10,-20,10,-20,9,-20,8,-20,7,-20,6,-20,6,-21,6,-21,6,-21,6,-21,6,-21,6,-21,6,-21,6,-21,6,-21,6,-21,6,-20,6,-20,7,-20,8,-19,9,-19,2,-5,0,0,0,0,0,0,0,0,0,0,0,0,0,0,0,0,0,0,1,-4,6,-14,7,-14,7,-14,7,-14,8,-14,9,-15,10,-15,10,-16,11,-16,12,-16,12,-17,13,-17,13,-17,13,-17,14,-17,14,-18,14,-18,14,-18,14,-19,14,-19,14,-19,14,-20,14,-20,14,-20,14,-20,14,-20]"
CSI_DATA,43874,d8:b1:90:db:e8:90,-53,11,1,7,0,0,1,0,0,0,1,-93,0,8,0,686236563,0,100,0,128,1,"[100,-64,5,0,6,23,6,23,6,23,6,22,7,21,7,21,7,21,8,20,8,20,8,20,9,19,9,19,10,19,10,20,10,20,10,20,10,20,10,19,10,19,9,19,9,19,8,19,7,20,6,20,6,20,1,5,0,0,0,0,0,0,0,0,0,0,0,0,0,0,0,0,0,0,1,3,4,13,4,14,4,15,3,16,3,17,3,17,3,18,3,18,2,19,2,20,2,20,1,21,1,21,1,21,2,21,2,21,2,22,3,22,3,23,3,23,4,23,4,23,4,23,4,23,4,23,4,23]"
CSI_DATA,43875,d8:b1:90:db:e8:90,-52,11,1,7,0,0,1,0,0,0,1,-93,0,8,0,686255198,0,100,0,128,1,"[100,-64,5,0,-19,-23,-19,-23,-18,-22,-18,-22,-19,-21,-19,-20,-19,-20,-19,-19,-20,-19,-20,-18,-20,-18,-21,-18,-21,-17,-21,-18,-21,-18,-21,-18,-21,-18,-21,-18,-20,-18,-20,-18,-19,-18,-19,-18,-18,-19,-17,-20,-16,-20,-4,-6,0,0,0,0,0,0,0,0,0,0,0,0,0,0,0,0,0,0,-4,-4,-14,-13,-14,-15,-14,-16,-14,-16,-14,-17,-13,-18,-13,-18,-14,-19,-14,-20,-14,-21,-14,-22,-13,-23,-13,-23,-13,-23,-14,-23,-15,-23,-15,-23,-15,-23,-16,-24,-16,-24,-17,-24,-17,-24,-17,-24,-17,-24,-17,-24,-17,-24]"
CSI_DATA,43876,d8:b1:90:db:e8:90,-53,11,1,7,0,0,1,0,0,0,1,-93,0,8,0,686266179,0,100,0,128,1,"[100,-64,5,0,3,21,3,21,4,20,4,19,4,19,4,18,5,18,5,18,5,18,6,17,6,17,6,17,6,17,6,17,7,17,7,18,7,18,6,17,6,17,6,17,6,17,5,17,4,17,4,17,3,18,0,4,0,0,0,0,0,0,0,0,0,0,0,0,0,0,0,0,0,0,1,3,4,12,3,12,2,13,2,14,2,14,1,14,1,14,1,15,1,16,1,16,1,16,1,17,1,17,1,18,0,18,0,18,1,19,1,19,1,19,2,19,2,19,2,20,2,20,2,21,2,21,3,21]"
CSI_DATA,43877,d8:b1:90:db:e8:90,-53,11,1,7,0,0,1,0,0,0,1,-93,0,8,0,686286268,0,100,0,128,1,"[100,-64,5,0,-19,-16,-19,-16,-19,-16,-19,-16,-19,-15,-19,-15,-19,-14,-19,-13,-20,-12,-20,-12,-21,-11,-21,-11,-21,-11,-21,-11,-21,-11,-21,-11,-20,-11,-20,-11,-19,-11,-19,-12,-19,-12,-19,-11,-18,-12,-18,-13,-18,-14,-5,-4,0,0,0,0,0,0,0,0,0,0,0,0,0,0,0,0,0,0,-4,-2,-13,-8,-13,-9,-13,-10,-14,-11,-14,-11,-14,-12,-14,-13,-14,-14,-14,-15,-15,-15,-15,-15,-15,-16,-15,-16,-15,-16,-16,-17,-16,-17,-16,-17,-16,-17,-17,-17,-18,-17,-18,-17,-18,-17,-18,-17,-19,-16,-19,-16,-19,-17]"
CSI_DATA,43878,d8:b1:90:db:e8:90,-53,11,1,7,0,0,1,0,0,0,1,-93,0,8,0,686307936,0,100,0,128,1,"[100,-64,5,0,11,21,11,20,12,20,13,19,13,18,13,18,13,17,13,17,14,16,14,16,14,16,15,16,15,16,15,16,15,16,16,15,15,15,15,15,14,15,14,15,13,15,13,15,12,16,11,17,10,18,2,4,0,0,0,0,0,0,0,0,0,0,0,0,0,0,0,0,0,0,2,2,9,12,9,12,9,13,8,14,8,15,8,15,8,16,7,17,7,18,7,18,7,19,7,19,7,20,7,20,8,20,8,20,8,20,9,20,10,20,10,20,10,20,10,20,11,21,11,21,11,21,11,21]"
CSI_DATA,43879,d8:b1:90:db:e8:90,-53,11,1,7,0,0,1,0,0,0,1,-93,0,8,0,686319662,0,100,0,128,1,"[100,-64,5,0,-3,23,-3,23,-3,22,-2,22,-1,21,0,21,0,21,0,21,1,21,1,21,1,21,1,21,2,22,2,22,2,21,2,21,3,20,2,20,2,20,2,20,1,20,0,19,-1,19,-3,19,-4,19,-1,4,0,0,0,0,0,0,0,0,0,0,0,0,0,0,0,0,0,0,0,3,0,15,0,15,-1,15,-1,16,-2,17,-2,17,-3,17,-3,18,-4,19,-4,19,-5,20,-5,20,-6,20,-6,20,-5,21,-5,21,-5,21,-5,21,-4,22,-3,22,-3,22,-4,23,-4,23,-4,23,-4,23,-3,23]"
CSI_DATA,43880,d8:b1:90:db:e8:90,-53,11,1,7,0,0,1,0,0,0,1,-93,0,8,0,686335044,0,100,0,128,1,"[100,-64,5,0,8,-20,8,-19,8,-19,8,-19,8,-19,7,-19,7,-19,6,-19,6,-19,5,-19,5,-19,5,-19,5,-19,5,-19,5,-19,5,-20,4,-20,5,-20,5,-19,5,-19,6,-18,6,-18,7,-18,7,-17,8,-17,2,-5,0,0,0,0,0,0,0,0,0,0,0,0,0,0,0,0,0,0,0,-4,4,-14,4,-14,4,-14,5,-14,6,-14,6,-15,7,-15,7,-16,8,-16,8,-16,8,-17,9,-17,9,-17,9,-17,9,-17,9,-17,9,-17,10,-18,10,-18,10,-18,10,-19,10,-19,9,-19,9,-19,9,-19,9,-19]"
CSI_DATA,43881,d8:b1:90:db:e8:90,-53,11,1,7,0,0,1,0,0,0,1,-93,0,8,0,686345774,0,100,0,128,1,"[100,-64,5,0,19,-13,19,-13,18,-13,18,-14,18,-14,17,-14,17,-14,16,-15,16,-15,15,-15,15,-15,15,-15,14,-15,14,-15,15,-16,15,-16,15,-16,15,-16,15,-16,15,-15,15,-15,15,-14,15,-13,16,-13,16,-12,4,-3,0,0,0,0,0,0,0,0,0,0,0,0,0,0,0,0,0,0,2,-3,11,-10,12,-10,13,-10,13,-10,14,-10,15,-10,15,-10,16,-10,17,-11,17,-11,18,-11,18,-11,18,-11,19,-10,19,-10,19,-10,19,-11,19,-11,19,-11,19,-12,20,-12,20,-12,20,-13,20,-13,20,-13,20,-13]"
CSI_DATA,43882,d8:b1:90:db:e8:90,-53,11,1,7,0,0,1,0,0,0,1,-93,0,8,0,686356240,0,100,0,128,1,"[100,-64,5,0,21,9,21,9,21,9,20,8,20,8,20,7,20,7,20,6,20,6,20,5,20,5,20,5,20,4,20,5,20,5,20,4,20,4,20,5,19,5,19,5,19,5,18,6,18,6,18,7,18,8,4,2,0,0,0,0,0,0,0,0,0,0,0,0,0,0,0,0,0,0,3,0,14,3,14,4,14,5,14,6,15,7,15,8,15,8,16,9,16,10,16,10,17,10,17,11,18,11,18,11,18,11,18,11,18,11,19,11,19,10,19,10,20,10,20,10,20,10,21,10,21,10,21,10]"
CSI_DATA,43883,d8:b1:90:db:e8:90,-53,11,1,7,0,0,1,0,0,0,1,-93,0,8,0,686366319,0,100,0,128,1,"[100,-64,5,0,10,21,10,21,10,20,10,20,10,19,10,18,11,18,11,18,12,17,12,17,12,16,13,16,13,16,13,16,13,16,13,16,13,16,13,16,13,16,12,16,12,16,12,16,11,16,10,17,10,18,2,4,0,0,0,0,0,0,0,0,0,0,0,0,0,0,0,0,0,0,1,2,7,11,5,13,5,15,6,16,7,17,6,17,5,18,4,19,3,18,4,19,4,20,5,21,5,21,5,21,5,21,5,21,6,21,6,21,7,21,8,20,8,21,8,21,8,21,9,22,9,22,9,22]"
CSI_DATA,43884,d8:b1:90:db:e8:90,-53,11,1,7,0,0,1,0,0,0,1,-93,0,8,0,686376872,0,100,0,128,1,"[100,-64,5,0,-13,-17,-13,-17,-13,-16,-14,-16,-14,-15,-14,-15,-14,-14,-14,-14,-14,-13,-14,-13,-15,-13,-15,-13,-15,-13,-15,-13,-15,-13,-15,-12,-15,-12,-14,-12,-14,-13,-14,-13,-14,-13,-13,-13,-13,-13,-13,-14,-12,-14,-3,-4,0,0,0,0,0,0,0,0,0,0,0,0,0,0,0,0,0,0,-3,-3,-10,-9,-10,-10,-10,-11,-9,-12,-10,-12,-11,-12,-12,-13,-12,-14,-11,-15,-11,-15,-11,-16,-11,-16,-11,-16,-11,-17,-11,-17,-11,-17,-11,-17,-11,-17,-12,-17,-12,-17,-12,-17,-12,-18,-13,-17,-13,-17,-13,-17,-13,-17]"
CSI_DATA,43885,d8:b1:90:db:e8:90,-53,11,1,7,0,0,1,0,0,0,1,-93,0,8,0,686398520,0,100,0,128,1,"[100,-64,5,0,0,-22,0,-22,0,-22,0,-21,-1,-21,-1,-21,-1,-21,-2,-21,-2,-21,-3,-20,-3,-20,-4,-20,-5,-21,-5,-21,-5,-20,-5,-19,-4,-19,-4,-19,-4,-19,-3,-19,-3,-19,-3,-19,-3,-19,-2,-19,-1,-19,0,-5,0,0,0,0,0,0,0,0,0,0,0,0,0,0,0,0,0,0,-1,-4,-2,-15,-2,-15,-1,-15,-1,-16,0,-17,0,-17,0,-18,0,-18,1,-19,1,-19,1,-20,1,-20,2,-21,2,-21,1,-20,1,-21,1,-21,1,-21,1,-22,1,-22,1,-22,1,-22,0,-22,0,-22,0,-22,0,-22]"
CSI_DATA,43886,d8:b1:90:db:e8:90,-53,11,1,7,0,0,1,0,0,0,1,-93,0,8,0,686408841,0,100,0,128,1,"[100,-64,5,0,10,21,10,21,10,20,10,20,10,20,11,19,11,19,11,18,11,18,12,18,12,17,13,17,13,17,13,17,13,17,13,16,12,16,12,15,12,16,12,16,12,16,11,16,11,17,10,17,9,17,2,4,0,0,0,0,0,0,0,0,0,0,0,0,0,0,0,0,0,0,2,3,9,13,8,14,7,14,7,15,6,16,6,16,7,17,7,17,7,18,7,19,7,20,7,20,7,21,7,21,7,20,8,20,8,20,8,20,9,21,9,21,10,21,10,21,10,21,10,21,10,21,10,21]"
CSI_DATA,43887,d8:b1:90:db:e8:90,-53,11,1,7,0,0,1,0,0,0,1,-93,0,8,0,686420184,0,100,0,128,1,"[100,-64,5,0,1,24,2,24,2,23,3,22,4,22,4,21,4,21,5,21,5,20,6,20,6,19,7,19,7,19,7,19,7,19,8,19,8,19,8,19,7,19,7,19,7,19,6,18,6,19,5,19,4,19,1,4,0,0,0,0,0,0,0,0,0,0,0,0,0,0,0,0,0,0,1,3,4,15,3,15,3,16,2,16,2,17,1,17,1,17,1,18,1,19,0,20,0,20,0,21,-1,21,-1,21,-1,21,-1,21,-1,22,-1,22,-1,22,-1,22,-1,22,-1,23,-1,23,-1,23,-1,23,0,23]"
CSI_DATA,43888,d8:b1:90:db:e8:90,-53,11,1,7,0,0,1,0,0,0,1,-93,0,8,0,686437278,0,100,0,128,1,"[100,-64,5,0,-22,5,-22,5,-21,5,-21,5,-20,5,-20,5,-19,6,-19,6,-18,7,-18,7,-18,8,-18,9,-18,9,-18,9,-18,9,-18,9,-18,9,-18,8,-18,8,-17,7,-17,7,-17,6,-17,6,-17,6,-17,5,-5,1,0,0,0,0,0,0,0,0,0,0,0,0,0,0,0,0,0,0,-4,1,-13,5,-14,5,-15,5,-15,4,-16,4,-16,3,-17,3,-17,3,-18,3,-19,2,-19,2,-19,2,-20,1,-20,2,-20,3,-21,3,-21,3,-21,3,-21,4,-21,4,-21,4,-21,5,-22,5,-22,5,-22,5,-22,5]"
CSI_DATA,43889,d8:b1:90:db:e8:90,-53,11,1,7,0,0,1,0,0,0,1,-93,0,8,0,686447754,0,100,0,128,1,"[100,-64,5,0,22,-7,22,-7,22,-7,21,-7,21,-7,21,-7,20,-8,19,-8,19,-9,19,-9,19,-10,19,-11,19,-11,19,-11,19,-11,19,-10,19,-10,18,-10,18,-9,18,-9,18,-8,19,-8,18,-8,18,-7,19,-6,4,-2,0,0,0,0,0,0,0,0,0,0,0,0,0,0,0,0,0,0,3,-2,13,-8,13,-8,14,-7,15,-7,15,-6,16,-6,17,-6,17,-6,18,-6,19,-5,19,-5,20,-5,20,-4,21,-4,21,-5,21,-5,21,-5,21,-6,21,-6,21,-6,21,-6,22,-7,22,-7,23,-7,23,-7,23,-7]"
CSI_DATA,43890,d8:b1:90:db:e8:90,-53,11,1,7,0,0,1,0,0,0,1,-93,0,8,0,686458017,0,100,0,128,1,"[100,-64,5,0,15,-19,15,-19,14,-18,13,-19,13,-19,12,-19,12,-19,12,-19,11,-19,11,-20,11,-20,10,-20,10,-20,10,-20,10,-20,10,-20,10,-20,10,-20,10,-19,10,-19,11,-18,11,-17,11,-17,12,-16,12,-16,2,-4,0,0,0,0,0,0,0,0,0,0,0,0,0,0,0,0,0,0,1,-4,8,-14,9,-14,9,-14,10,-14,11,-14,11,-14,12,-14,12,-14,13,-14,14,-14,15,-14,15,-14,16,-14,16,-14,16,-15,16,-15,16,-15,16,-16,16,-16,15,-17,15,-17,16,-18,15,-18,15,-18,15,-18,15,-18]"
CSI_DATA,43891,d8:b1:90:db:e8:90,-53,11,1,7,0,0,1,0,0,0,1,-93,0,8,0,686474933,0,100,0,128,1,"[100,-64,5,0,-19,15,-19,15,-19,15,-18,15,-18,16,-17,16,-16,16,-16,16,-16,17,-15,17,-15,17,-15,17,-14,18,-14,17,-14,17,-14,17,-14,17,-14,16,-14,16,-14,16,-14,15,-14,14,-15,14,-16,14,-16,13,-5,3,0,0,0,0,0,0,0,0,0,0,0,0,0,0,0,0,0,0,-3,3,-11,12,-12,11,-13,10,-13,9,-14,9,-15,10,-15,10,-16,10,-17,10,-17,10,-18,11,-18,11,-18,11,-19,11,-19,12,-19,12,-19,12,-19,12,-19,13,-19,13,-19,13,-19,14,-19,14,-19,14,-19,14,-19,15]"
CSI_DATA,43892,d8:b1:90:db:e8:90,-53,11,1,7,0,0,1,0,0,0,1,-93,0,8,0,686485388,0,100,0,128,1,"[100,-64,5,0,2,22,2,22,2,21,3,20,3,20,3,19,3,19,5,20,5,20,5,19,6,19,6,19,6,19,6,19,6,19,6,19,6,18,5,18,5,18,5,18,5,18,4,18,3,18,3,18,2,18,0,4,0,0,0,0,0,0,0,0,0,0,0,0,0,0,0,0,0,0,1,3,4,12,3,12,2,13,2,14,3,15,3,16,3,15,1,16,0,16,0,17,0,18,0,19,0,20,0,19,1,19,1,19,1,19,1,20,1,20,1,20,1,20,1,20,1,21,2,21,2,21,2,21]"
CSI_DATA,43893,d8:b1:90:db:e8:90,-53,11,1,7,0,0,1,0,0,0,1,-93,0,8,0,686505239,0,100,0,128,1,"[100,-64,5,0,-22,7,-23,7,-22,7,-23,8,-22,9,-22,8,-22,8,-21,8,-21,8,-21,9,-20,9,-21,9,-21,8,-21,8,-20,8,-19,7,-19,7,-19,7,-20,8,-20,8,-21,7,-21,6,-21,5,-20,5,-19,4,-5,1,0,0,0,0,0,0,0,0,0,0,0,0,0,0,0,0,0,0,-4,2,-14,8,-13,7,-14,6,-14,7,-15,7,-16,7,-17,7,-19,6,-20,6,-20,5,-20,4,-20,4,-21,4,-21,4,-22,4,-23,4,-23,3,-23,4,-23,4,-23,4,-23,4,-23,4,-24,5,-24,5,-24,6,-22,6]"
CSI_DATA,43894,d8:b1:90:db:e8:90,-53,11,1,7,0,0,1,0,0,0,1,-93,0,8,0,686516189,0,100,0,128,1,"[100,-64,5,0,-10,21,-10,21,-9,21,-8,21,-8,21,-7,21,-7,20,-6,20,-6,20,-5,20,-5,21,-5,21,-5,21,-5,21,-5,21,-5,21,-5,20,-5,20,-5,20,-6,20,-6,20,-7,20,-7,19,-8,19,-8,18,-2,4,0,0,0,0,0,0,0,0,0,0,0,0,0,0,0,0,0,0,-1,3,-4,14,-5,14,-6,14,-7,14,-7,14,-8,15,-9,16,-10,16,-10,17,-11,17,-11,16,-12,16,-12,17,-12,17,-12,17,-12,18,-12,18,-12,18,-12,18,-12,18,-12,19,-12,19,-12,20,-12,20,-12,20,-12,20]"
CSI_DATA,43895,d8:b1:90:db:e8:90,-53,11,1,7,0,0,1,0,0,0,1,-93,0,8,0,686536292,0,100,0,128,1,"[100,-64,5,0,19,12,19,12,19,12,19,12,18,11,18,10,18,10,19,10,19,10,19,9,19,9,20,8,20,8,20,8,20,9,20,9,19,9,19,9,19,9,18,9,18,9,17,10,17,10,16,11,16,12,4,3,0,0,0,0,0,0,0,0,0,0,0,0,0,0,0,0,0,0,3,1,12,6,12,7,13,8,13,9,13,9,13,10,14,10,14,11,14,11,14,12,15,12,15,12,15,13,15,13,15,13,15,13,16,13,16,13,17,13,17,13,18,14,18,14,18,13,18,13,18,13,18,13]"
CSI_DATA,43896,d8:b1:90:db:e8:90,-53,11,1,7,0,0,1,0,0,0,1,-93,0,8,0,686548433,0,100,0,128,1,"[100,-64,5,0,22,2,22,2,22,2,22,2,21,1,21,1,21,0,21,0,21,-1,21,-2,21,-2,21,-3,21,-3,21,-3,21,-3,21,-3,21,-2,21,-2,21,-2,21,-1,21,-1,20,0,20,0,20,1,20,2,5,0,0,0,0,0,0,0,0,0,0,0,0,0,0,0,0,0,0,0,3,0,14,0,15,0,15,1,15,2,16,2,16,2,16,3,17,4,17,4,18,5,18,5,18,5,19,5,19,5,19,5,20,4,20,4,20,4,21,3,21,3,22,3,22,3,23,3,23,2,23,2,23,3]"
CSI_DATA,43897,d8:b1:90:db:e8:90,-53,11,1,7,0,0,1,0,0,0,1,-93,0,8,0,686565599,0,100,0,128,1,"[100,-64,5,0,19,6,19,5,19,5,19,5,19,5,19,5,19,4,19,3,19,3,19,2,19,2,19,1,20,1,20,1,20,1,20,2,19,2,19,2,19,2,19,3,18,3,18,3,18,4,18,5,17,6,4,1,0,0,0,0,0,0,0,0,0,0,0,0,0,0,0,0,0,0,3,0,13,1,13,2,13,3,13,4,13,4,14,5,14,6,15,6,15,7,16,7,16,7,16,8,16,8,16,8,17,7,17,7,17,7,18,7,18,7,19,6,19,6,20,6,20,6,20,6,20,6,20,6]"
CSI_DATA,43898,d8:b1:90:db:e8:90,-53,11,1,7,0,0,1,0,0,0,1,-93,0,8,0,686577822,0,100,0,128,1,"[100,-64,5,0,15,16,15,16,15,15,15,15,15,15,15,14,15,14,16,13,16,13,16,13,16,12,17,11,17,10,17,10,17,11,17,11,17,11,16,11,16,11,16,11,15,11,15,11,14,12,14,13,13,14,3,3,0,0,0,0,0,0,0,0,0,0,0,0,0,0,0,0,0,0,3,2,12,8,11,8,10,10,10,13,10,13,10,12,10,12,10,13,11,13,11,14,11,14,11,15,11,15,11,16,11,16,11,16,11,16,11,16,12,16,12,16,13,16,13,16,14,16,14,17,14,16,14,16]"
CSI_DATA,43899,d8:b1:90:db:e8:90,-53,11,1,7,0,0,1,0,0,0,1,-93,0,8,0,686606794,0,100,0,128,1,"[100,-64,5,0,-22,8,-22,8,-22,8,-22,8,-21,8,-20,9,-20,9,-19,9,-19,10,-19,10,-19,11,-19,12,-19,12,-18,13,-18,13,-18,12,-18,12,-18,12,-18,11,-18,11,-18,11,-18,10,-18,9,-19,9,-19,8,-5,2,0,0,0,0,0,0,0,0,0,0,0,0,0,0,0,0,0,0,-4,1,-14,5,-14,5,-15,5,-15,5,-16,5,-16,5,-18,5,-18,4,-19,3,-19,3,-20,3,-20,3,-20,3,-21,3,-21,3,-21,3,-22,4,-22,4,-22,5,-22,6,-22,6,-22,6,-22,6,-22,6,-22,6,-23,6]"
CSI_DATA,43900,d8:b1:90:db:e8:90,-53,11,1,7,0,0,1,0,0,0,1,-93,0,8,0,686618068,0,100,0,128,1,"[100,-64,5,0,-9,-23,-9,-22,-9,-21,-10,-21,-11,-21,-11,-21,-11,-19,-12,-19,-13,-19,-13,-18,-13,-18,-14,-18,-14,-18,-13,-18,-13,-18,-14,-18,-14,-19,-13,-18,-13,-18,-13,-18,-13,-18,-12,-18,-12,-18,-11,-18,-11,-18,-3,-5,0,0,0,0,0,0,0,0,0,0,0,0,0,0,0,0,0,0,-2,-4,-8,-14,-7,-15,-7,-16,-6,-16,-6,-17,-6,-18,-5,-18,-5,-18,-5,-19,-5,-19,-6,-19,-5,-21,-5,-21,-5,-21,-5,-21,-5,-21,-5,-22,-6,-23,-6,-23,-7,-23,-6,-22,-7,-23,-8,-23,-8,-23,-9,-22,-8,-23]"
CSI_DATA,43901,d8:b1:90:db:e8:90,-53,11,1,7,0,0,1,0,0,0,1,-93,0,8,0,686630472,0,100,0,128,1,"[100,-64,5,0,-20,5,-20,5,-20,5,-20,6,-20,6,-19,6,-19,6,-19,7,-19,7,-19,7,-18,8,-18,9,-18,9,-18,9,-18,9,-17,9,-17,9,-17,8,-17,8,-18,8,-18,8,-18,7,-18,6,-18,6,-18,5,-5,1,0,0,0,0,0,0,0,0,0,0,0,0,0,0,0,0,0,0,-4,1,-13,4,-14,4,-14,3,-15,3,-15,3,-15,3,-16,3,-17,3,-18,3,-18,3,-19,2,-19,2,-19,2,-19,2,-19,2,-20,2,-20,2,-20,2,-20,3,-20,3,-21,3,-21,3,-21,4,-21,4,-21,4,-21,4]"
CSI_DATA,43902,d8:b1:90:db:e8:90,-53,11,1,7,0,0,1,0,0,0,1,-93,0,8,0,686645188,0,100,0,128,1,"[100,-64,5,0,-15,-15,-15,-15,-15,-15,-15,-15,-15,-15,-15,-14,-16,-14,-16,-13,-16,-13,-16,-13,-17,-13,-17,-12,-17,-11,-17,-11,-17,-11,-17,-11,-17,-11,-16,-11,-16,-11,-16,-12,-16,-12,-15,-12,-15,-13,-14,-13,-14,-13,-4,-4,0,0,0,0,0,0,0,0,0,0,0,0,0,0,0,0,0,0,-3,-3,-10,-10,-10,-10,-10,-11,-10,-11,-10,-12,-10,-13,-11,-13,-11,-14,-11,-14,-11,-15,-11,-16,-11,-16,-11,-17,-11,-17,-11,-17,-12,-17,-12,-17,-12,-17,-12,-17,-13,-17,-13,-17,-13,-17,-14,-17,-14,-18,-14,-17,-14,-17]"
CSI_DATA,43903,d8:b1:90:db:e8:90,-52,11,1,7,0,0,1,0,0,0,1,-94,0,8,0,686656727,0,100,0,128,1,"[100,-64,5,0,18,-15,18,-15,18,-15,17,-15,17,-15,16,-16,15,-16,14,-16,14,-17,14,-17,13,-17,13,-18,13,-18,12,-18,12,-18,13,-18,13,-17,13,-17,13,-17,13,-17,13,-16,13,-16,14,-15,15,-15,15,-14,4,-4,0,0,0,0,0,0,0,0,0,0,0,0,0,0,0,0,0,0,2,-3,10,-12,11,-12,11,-11,12,-11,12,-11,13,-11,14,-11,15,-12,15,-12,16,-11,17,-11,17,-11,17,-11,18,-11,18,-12,18,-12,18,-12,18,-12,18,-12,18,-12,19,-13,19,-13,19,-14,19,-14,19,-14,19,-14]"
CSI_DATA,43904,d8:b1:90:db:e8:90,-51,11,1,7,0,0,1,0,0,0,1,-94,0,8,0,686675623,0,100,0,128,1,"[100,-64,5,0,11,26,11,25,11,25,12,24,12,24,13,23,13,22,13,22,13,21,13,21,14,21,14,21,14,21,15,21,15,21,14,21,14,21,14,21,14,21,14,21,13,21,13,21,12,21,11,22,10,23,2,5,0,0,0,0,0,0,0,0,0,0,0,0,0,0,0,0,0,0,2,4,7,16,7,16,8,18,8,18,8,18,7,19,7,21,7,21,7,20,6,22,7,24,7,25,7,26,7,25,7,24,7,24,7,24,8,24,9,25,9,25,9,25,10,26,10,26,11,26,11,26,11,26]"
CSI_DATA,43905,d8:b1:90:db:e8:90,-52,11,1,7,0,0,1,0,0,0,1,-94,0,8,0,686696645,0,100,0,128,1,"[100,-64,5,0,20,-12,20,-12,19,-12,19,-12,19,-13,18,-13,17,-13,17,-14,17,-14,16,-14,16,-14,15,-15,15,-16,15,-16,15,-16,15,-16,15,-16,15,-15,15,-15,15,-15,15,-15,16,-14,16,-13,16,-12,16,-12,4,-3,0,0,0,0,0,0,0,0,0,0,0,0,0,0,0,0,0,0,2,-3,12,-10,12,-9,13,-9,14,-9,14,-8,15,-8,16,-8,16,-8,17,-8,18,-8,18,-7,19,-7,19,-7,19,-7,19,-8,19,-9,20,-9,20,-9,20,-9,20,-10,20,-10,20,-11,21,-11,21,-11,21,-11,21,-11]"
CSI_DATA,43906,d8:b1:90:db:e8:90,-52,11,1,7,0,0,1,0,0,0,1,-94,0,8,0,686716791,0,100,0,128,1,"[100,-64,5,0,5,-24,5,-24,5,-23,4,-23,3,-23,3,-23,2,-23,2,-23,1,-22,1,-22,1,-22,0,-22,-1,-22,-1,-23,-1,-22,-1,-22,-1,-21,-1,-21,-1,-21,-1,-21,0,-20,0,-20,1,-20,2,-20,3,-20,1,-5,0,0,0,0,0,0,0,0,0,0,0,0,0,0,0,0,0,0,-1,-4,0,-16,0,-16,0,-16,1,-17,2,-17,3,-17,3,-18,4,-19,4,-19,5,-19,5,-19,5,-20,6,-20,6,-20,6,-21,6,-21,6,-21,6,-22,6,-22,5,-22,5,-22,5,-22,5,-23,6,-23,6,-23,6,-23]"
CSI_DATA,43907,d8:b1:90:db:e8:90,-52,11,1,7,0,0,1,0,0,0,1,-94,0,8,0,686727858,0,100,0,128,1,"[100,-64,5,0,-12,-22,-11,-21,-11,-21,-12,-20,-13,-20,-13,-19,-13,-19,-14,-18,-14,-18,-14,-18,-14,-17,-15,-16,-15,-16,-15,-17,-15,-16,-15,-15,-15,-15,-14,-16,-14,-16,-14,-15,-14,-15,-13,-16,-13,-16,-12,-17,-11,-18,-3,-5,0,0,0,0,0,0,0,0,0,0,0,0,0,0,0,0,0,0,-3,-3,-10,-12,-10,-12,-10,-13,-10,-14,-10,-15,-9,-15,-9,-16,-9,-17,-9,-18,-9,-18,-9,-18,-9,-19,-8,-19,-9,-20,-9,-20,-9,-21,-9,-21,-9,-21,-10,-20,-10,-20,-10,-20,-10,-21,-11,-21,-11,-22,-11,-21,-11,-21]"
CSI_DATA,43908,d8:b1:90:db:e8:90,-52,11,1,7,0,0,1,0,0,0,1,-94,0,8,0,686742483,0,100,0,128,1,"[100,-64,5,0,-19,13,-19,13,-18,13,-17,14,-17,14,-16,14,-16,15,-16,15,-16,15,-15,15,-15,15,-15,15,-14,15,-14,15,-14,15,-14,15,-14,15,-14,15,-14,15,-14,15,-15,15,-15,14,-16,13,-16,13,-17,12,-5,3,0,0,0,0,0,0,0,0,0,0,0,0,0,0,0,0,0,0,-3,2,-10,10,-11,10,-11,10,-12,10,-13,10,-13,11,-14,11,-14,11,-15,11,-16,11,-17,12,-17,12,-18,12,-18,11,-18,11,-18,11,-18,11,-18,12,-19,13,-19,13,-19,14,-19,14,-20,14,-20,14,-20,14,-20,14]"
CSI_DATA,43909,d8:b1:90:db:e8:90,-52,11,1,7,0,0,1,0,0,0,1,-94,0,8,0,686754096,0,100,0,128,1,"[100,-64,5,0,-21,-11,-21,-11,-21,-10,-21,-9,-21,-9,-21,-8,-20,-8,-21,-7,-21,-7,-21,-6,-21,-6,-21,-6,-21,-5,-21,-5,-21,-5,-21,-5,-21,-5,-20,-6,-20,-6,-21,-6,-20,-6,-20,-7,-20,-7,-20,-8,-20,-9,-5,-3,0,0,0,0,0,0,0,0,0,0,0,0,0,0,0,0,0,0,-4,-2,-13,-5,-14,-6,-15,-7,-14,-7,-15,-8,-16,-8,-16,-8,-16,-9,-17,-9,-17,-10,-18,-10,-19,-11,-19,-11,-19,-11,-18,-11,-18,-11,-19,-11,-19,-11,-20,-12,-20,-12,-21,-12,-21,-11,-21,-11,-21,-11,-21,-11,-21,-12]"
CSI_DATA,43910,d8:b1:90:db:e8:90,-52,11,1,7,0,0,1,0,0,0,1,-94,0,8,0,686766141,0,100,0,128,1,"[100,-64,5,0,22,2,22,2,21,2,21,2,21,1,21,1,21,0,20,0,20,-1,20,-1,20,-1,20,-2,20,-3,20,-3,20,-3,20,-3,20,-3,20,-2,20,-2,20,-2,19,-2,19,-1,19,0,19,0,20,1,5,0,0,0,0,0,0,0,0,0,0,0,0,0,0,0,0,0,0,0,3,-1,14,-2,14,-1,15,0,16,1,16,1,17,2,17,3,18,3,18,4,18,4,18,4,18,4,19,5,19,5,20,5,21,4,21,4,21,5,21,5,21,4,22,4,22,4,22,4,22,3,22,4,22,4]"
CSI_DATA,43911,d8:b1:90:db:e8:90,-52,11,1,7,0,0,1,0,0,0,1,-94,0,8,0,686785153,0,100,0,128,1,"[100,-64,5,0,-5,23,-4,21,-4,20,-3,19,-2,19,-2,19,-1,19,0,19,1,19,1,18,1,18,1,18,1,18,0,18,0,17,1,17,1,18,1,18,1,18,1,18,0,18,0,18,0,17,-1,18,-1,17,-1,4,0,0,0,0,0,0,0,0,0,0,0,0,0,0,0,0,0,0,-1,3,-2,13,-2,14,-2,14,-4,13,-4,14,-3,15,-4,16,-5,17,-5,17,-5,17,-5,17,-5,17,-6,17,-6,17,-6,18,-6,17,-5,17,-5,18,-5,18,-6,18,-6,19,-6,19,-6,19,-5,19,-5,19,-6,19]"
CSI_DATA,43912,d8:b1:90:db:e8:90,-52,11,1,7,0,0,1,0,0,0,1,-94,0,8,0,686808538,0,100,0,128,1,"[100,-64,5,0,-16,-18,-16,-18,-16,-18,-16,-17,-16,-16,-16,-16,-16,-15,-16,-15,-17,-14,-17,-14,-17,-14,-18,-13,-18,-13,-18,-13,-18,-13,-18,-12,-18,-12,-18,-13,-17,-13,-17,-13,-16,-13,-16,-13,-15,-14,-14,-15,-13,-15,-4,-4,0,0,0,0,0,0,0,0,0,0,0,0,0,0,0,0,0,0,-3,-3,-10,-12,-10,-12,-10,-13,-10,-13,-10,-14,-10,-14,-10,-15,-10,-16,-10,-17,-10,-18,-10,-18,-10,-19,-10,-19,-10,-19,-11,-19,-11,-19,-11,-19,-12,-19,-13,-19,-13,-20,-13,-20,-14,-19,-14,-19,-15,-19,-15,-19,-14,-19]"
CSI_DATA,43913,d8:b1:90:db:e8:90,-52,11,1,7,0,0,1,0,0,0,1,-94,0,8,0,686823752,0,100,0,128,1,"[100,-64,5,0,5,-22,5,-22,5,-22,4,-22,4,-22,3,-22,3,-22,2,-22,1,-22,1,-22,0,-22,0,-22,-1,-21,-1,-22,-1,-22,-1,-22,-1,-22,-1,-22,-1,-22,-1,-22,0,-22,0,-22,1,-21,2,-21,3,-21,0,-6,0,0,0,0,0,0,0,0,0,0,0,0,0,0,0,0,0,0,0,-4,1,-16,2,-16,3,-16,3,-16,4,-17,5,-17,5,-18,6,-18,6,-19,6,-19,7,-19,7,-19,8,-19,8,-20,7,-20,7,-20,7,-20,7,-21,7,-21,7,-22,6,-22,6,-22,6,-23,7,-23,7,-23,6,-22]"
CSI_DATA,43914,d8:b1:90:db:e8:90,-52,11,1,7,0,0,1,0,0,0,1,-94,0,8,0,686834066,0,100,0,128,1,"[100,-64,5,0,22,-6,21,-6,21,-6,21,-7,21,-7,20,-7,20,-8,20,-8,20,-9,20,-9,19,-9,19,-10,18,-10,18,-11,18,-11,19,-11,19,-11,19,-10,19,-10,19,-10,19,-10,19,-9,19,-8,19,-7,20,-6,5,-2,0,0,0,0,0,0,0,0,0,0,0,0,0,0,0,0,0,0,3,-2,13,-7,14,-6,15,-6,16,-5,16,-4,17,-4,17,-5,18,-4,18,-4,19,-3,19,-3,20,-2,20,-2,20,-2,21,-3,21,-3,21,-3,21,-4,22,-4,22,-5,22,-5,22,-5,22,-5,23,-5,23,-5,23,-5]"
CSI_DATA,43915,d8:b1:90:db:e8:90,-52,11,1,7,0,0,1,0,0,0,1,-94,0,8,0,686848531,0,100,0,128,1,"[100,-64,5,0,-22,7,-22,7,-22,7,-21,7,-21,7,-20,8,-20,8,-20,9,-19,9,-19,9,-19,10,-19,10,-19,10,-19,10,-19,10,-19,10,-19,10,-19,10,-19,9,-19,9,-19,9,-20,8,-20,8,-19,7,-20,7,-5,1,0,0,0,0,0,0,0,0,0,0,0,0,0,0,0,0,0,0,-4,1,-14,6,-14,6,-14,6,-15,6,-16,5,-17,5,-17,6,-18,6,-18,5,-19,5,-20,4,-20,4,-20,4,-20,4,-21,4,-21,4,-21,4,-22,4,-22,5,-22,5,-22,6,-22,6,-23,6,-23,6,-23,6,-23,6]"
CSI_DATA,43916,d8:b1:90:db:e8:90,-52,11,1,7,0,0,1,0,0,0,1,-94,0,8,0,686863073,0,100,0,128,1,"[100,-64,5,0,22,0,22,0,22,-1,21,-1,21,-1,21,-2,21,-2,21,-3,20,-3,20,-3,20,-4,20,-4,20,-4,20,-4,20,-4,20,-4,20,-4,20,-4,20,-3,20,-3,20,-3,20,-2,20,-1,20,-1,20,0,5,0,0,0,0,0,0,0,0,0,0,0,0,0,0,0,0,0,0,0,3,-1,15,-3,15,-2,15,-2,16,-2,16,-2,17,-2,17,-2,18,-1,19,0,19,0,19,1,19,1,20,1,20,2,20,2,21,2,21,2,21,2,21,1,22,1,22,0,22,0,23,0,23,1,23,1,23,0]"
CSI_DATA,43917,d8:b1:90:db:e8:90,-52,11,1,7,0,0,1,0,0,0,1,-94,0,8,0,686878140,0,100,0,128,1,"[100,-64,5,0,-1,27,-1,27,-1,26,0,26,0,25,1,25,1,25,2,25,2,25,3,24,3,24,4,24,5,24,5,25,5,25,5,25,4,25,4,25,3,25,3,24,2,24,2,24,1,24,0,25,0,25,-1,6,0,0,0,0,0,0,0,0,0,0,0,0,0,0,0,0,0,0,1,4,4,17,2,17,0,17,0,18,0,20,0,20,0,22,-1,23,-2,23,-3,24,-4,24,-4,24,-4,25,-5,25,-5,25,-5,25,-5,25,-4,26,-3,27,-3,27,-3,28,-3,28,-2,28,-1,28,-1,28,-1,27]"
CSI_DATA,43918,d8:b1:90:db:e8:90,-52,11,1,7,0,0,1,0,0,0,1,-94,0,8,0,686910554,0,100,0,128,1,"[100,-64,5,0,3,22,3,22,3,22,4,22,4,22,4,21,5,21,5,20,6,20,6,20,6,20,7,19,8,19,8,19,8,19,8,19,8,19,8,19,8,19,7,19,7,19,6,19,6,19,5,20,4,21,1,5,0,0,0,0,0,0,0,0,0,0,0,0,0,0,0,0,0,0,1,3,6,13,5,14,4,15,4,15,3,16,3,16,3,17,3,18,2,19,2,20,2,21,1,21,1,21,1,22,2,22,2,22,2,22,2,22,3,22,3,22,3,22,3,22,3,22,3,23,3,23,3,23]"
CSI_DATA,43919,d8:b1:90:db:e8:90,-52,11,1,7,0,0,1,0,0,0,1,-94,0,8,0,686925875,0,100,0,128,1,"[100,-64,5,0,8,25,7,24,8,24,9,23,10,22,10,22,11,21,13,20,14,20,14,19,14,19,15,19,15,19,15,19,16,19,15,18,15,18,15,18,15,19,15,19,14,19,14,19,13,20,12,21,12,21,2,5,0,0,0,0,0,0,0,0,0,0,0,0,0,0,0,0,0,0,2,3,9,14,9,15,8,15,8,16,8,17,7,18,7,20,7,21,7,22,7,22,6,23,6,23,5,23,5,24,5,24,5,24,5,24,5,24,5,24,6,24,6,25,6,25,7,26,7,26,7,26,7,26]"
CSI_DATA,43920,d8:b1:90:db:e8:90,-52,11,1,7,0,0,1,0,0,0,1,-94,0,8,0,686944880,0,100,0,128,1,"[100,-64,5,0,-9,26,-9,25,-8,25,-7,24,-7,24,-6,23,-5,24,-4,24,-4,24,-3,24,-2,24,-2,24,-1,24,-1,24,-1,24,-1,24,-1,24,-1,24,-1,24,-1,24,-2,23,-2,23,-3,23,-3,24,-4,24,-2,6,0,0,0,0,0,0,0,0,0,0,0,0,0,0,0,0,0,0,-1,4,-2,17,-3,18,-4,18,-5,19,-5,19,-6,20,-7,20,-8,20,-9,21,-9,21,-9,21,-10,21,-10,22,-10,22,-10,22,-10,22,-10,23,-10,23,-10,24,-10,24,-10,24,-10,24,-10,25,-10,25,-10,25,-10,25]"
CSI_DATA,43921,d8:b1:90:db:e8:90,-53,11,1,7,0,0,1,0,0,0,1,-94,0,8,0,686956442,0,100,0,128,1,"[100,-64,5,0,19,8,20,8,20,7,20,7,20,7,20,6,20,5,19,5,19,4,19,4,19,3,20,2,20,1,20,1,20,1,20,1,20,1,20,1,20,1,20,1,19,2,19,2,19,3,19,4,19,5,4,1,0,0,0,0,0,0,0,0,0,0,0,0,0,0,0,0,0,0,3,0,13,3,14,3,14,5,15,5,15,6,15,6,15,6,16,7,16,8,16,9,16,9,17,10,17,10,17,11,17,10,17,10,17,10,17,10,18,10,18,10,19,10,19,10,19,10,20,10,19,10,19,10]"
CSI_DATA,43922,d8:b1:90:db:e8:90,-52,11,1,7,0,0,1,0,0,0,1,-94,0,8,0,686967416,0,100,0,128,1,"[100,-64,5,0,-23,-5,-23,-5,-22,-5,-22,-5,-22,-4,-22,-4,-22,-3,-21,-3,-21,-2,-21,-1,-21,-1,-22,1,-22,1,-22,1,-22,1,-22,1,-22,1,-21,1,-21,0,-21,0,-21,0,-21,0,-21,-1,-21,-2,-21,-3,-6,-1,0,0,0,0,0,0,0,0,0,0,0,0,0,0,0,0,0,0,-4,0,-15,1,-16,0,-16,-1,-17,-2,-17,-3,-18,-3,-18,-3,-18,-4,-19,-5,-19,-5,-20,-6,-20,-6,-20,-6,-21,-7,-21,-7,-21,-7,-21,-7,-21,-7,-21,-7,-22,-7,-22,-7,-22,-7,-23,-7,-23,-7,-23,-7,-22,-7]"
CSI_DATA,43923,d8:b1:90:db:e8:90,-52,11,1,7,0,0,1,0,0,0,1,-94,0,8,0,686978369,0,100,0,128,1,"[100,-64,5,0,-19,12,-16,14,-14,16,-12,16,-10,17,-9,17,-7,16,-6,17,-5,16,-5,17,-5,17,-3,18,-1,19,0,19,1,19,3,18,2,17,2,16,2,17,1,17,1,17,1,16,1,16,0,17,-1,16,0,3,0,0,0,0,0,0,0,0,0,0,0,0,0,0,0,0,0,0,-3,1,-10,8,-11,7,-11,5,-11,5,-11,4,-12,3,-15,2,-16,2,-16,4,-17,7,-18,8,-16,6,-17,5,-17,5,-15,6,-16,6,-18,5,-20,5,-19,7,-18,10,-17,10,-16,11,-14,10,-14,11,-16,11,-13,9]"
CSI_DATA,43924,d8:b1:90:db:e8:90,-52,11,1,7,0,0,1,0,0,0,1,-94,0,8,0,686998148,0,100,0,128,1,"[100,-64,5,0,-10,-22,-10,-22,-10,-21,-10,-20,-11,-20,-11,-19,-11,-19,-12,-19,-13,-18,-14,-18,-14,-17,-14,-17,-15,-16,-15,-17,-15,-16,-15,-16,-15,-16,-15,-16,-14,-16,-15,-16,-15,-16,-14,-17,-13,-17,-13,-18,-12,-19,-3,-5,0,0,0,0,0,0,0,0,0,0,0,0,0,0,0,0,0,0,-3,-3,-11,-12,-11,-13,-11,-13,-10,-14,-10,-15,-10,-16,-10,-16,-10,-17,-10,-18,-10,-19,-9,-19,-9,-20,-8,-20,-8,-21,-8,-21,-9,-21,-8,-21,-9,-21,-9,-21,-10,-21,-10,-21,-10,-22,-10,-22,-11,-22,-10,-22,-10,-23]"
CSI_DATA,43925,d8:b1:90:db:e8:90,-52,11,1,7,0,0,1,0,0,0,1,-94,0,8,0,687021830,0,100,0,128,1,"[100,-64,5,0,16,-16,16,-16,16,-16,16,-17,15,-17,15,-17,14,-17,13,-17,13,-17,13,-18,12,-18,11,-18,10,-18,10,-19,10,-19,10,-19,10,-18,10,-18,10,-18,10,-18,10,-18,11,-18,11,-17,11,-17,11,-16,3,-4,0,0,0,0,0,0,0,0,0,0,0,0,0,0,0,0,0,0,2,-4,8,-13,9,-13,9,-13,9,-13,10,-13,11,-13,12,-13,13,-13,14,-14,14,-14,15,-14,15,-13,15,-13,16,-14,16,-14,16,-14,17,-14,17,-14,16,-14,16,-15,16,-15,16,-15,16,-15,17,-15,17,-15,17,-15]"
CSI_DATA,43926,d8:b1:90:db:e8:90,-53,11,1,7,0,0,1,0,0,0,1,-94,0,8,0,687032441,0,100,0,128,1,"[100,-64,5,0,18,-13,17,-14,17,-14,17,-14,16,-14,15,-14,15,-14,15,-14,14,-14,14,-15,13,-15,13,-16,12,-16,12,-16,12,-16,12,-16,12,-16,11,-16,12,-16,12,-16,12,-16,12,-16,13,-15,14,-15,14,-14,3,-4,0,0,0,0,0,0,0,0,0,0,0,0,0,0,0,0,0,0,2,-3,10,-12,10,-12,11,-11,12,-11,13,-11,13,-11,14,-12,14,-12,15,-12,16,-12,16,-11,16,-11,17,-11,17,-11,17,-11,18,-11,18,-11,18,-11,18,-12,18,-12,18,-12,18,-12,18,-12,18,-13,18,-12,18,-12]"
CSI_DATA,43927,d8:b1:90:db:e8:90,-52,11,1,7,0,0,1,0,0,0,1,-94,0,8,0,687046632,0,100,0,128,1,"[100,-64,5,0,-15,22,-15,22,-14,22,-14,22,-13,22,-12,22,-11,21,-11,22,-10,21,-10,22,-9,22,-8,22,-8,22,-7,22,-7,22,-7,22,-6,23,-7,22,-7,22,-7,23,-7,23,-8,22,-8,22,-9,22,-10,22,-3,5,0,0,0,0,0,0,0,0,0,0,0,0,0,0,0,0,0,0,-2,4,-7,17,-8,17,-9,17,-9,17,-10,17,-11,18,-11,19,-12,19,-13,19,-14,20,-14,20,-15,20,-15,20,-15,19,-16,19,-16,20,-16,20,-16,20,-16,20,-16,21,-16,21,-16,21,-16,22,-16,22,-15,22,-15,22]"
CSI_DATA,43928,d8:b1:90:db:e8:90,-53,11,1,7,0,0,1,0,0,0,1,-95,0,8,0,687064873,0,100,0,128,1,"[100,-64,5,0,-11,19,-11,19,-11,19,-10,19,-10,18,-9,18,-9,18,-8,18,-8,18,-7,18,-7,19,-7,19,-6,19,-6,19,-6,19,-7,20,-7,19,-7,19,-7,19,-7,19,-8,18,-8,18,-9,18,-9,17,-10,17,-3,4,0,0,0,0,0,0,0,0,0,0,0,0,0,0,0,0,0,0,-2,3,-5,14,-6,14,-6,14,-7,14,-7,14,-8,15,-8,16,-9,16,-9,16,-10,16,-11,16,-11,17,-12,17,-12,17,-12,17,-12,17,-13,17,-13,17,-12,18,-12,18,-12,18,-12,18,-12,18,-12,19,-12,19,-12,19]"
CSI_DATA,43929,d8:b1:90:db:e8:90,-51,11,1,7,0,0,1,0,0,0,1,-95,0,8,0,687075276,0,100,0,128,1,"[100,-64,5,0,16,-15,16,-15,16,-15,16,-16,15,-16,14,-16,14,-16,12,-17,12,-17,12,-17,12,-17,11,-18,10,-18,10,-18,11,-18,11,-18,11,-18,11,-18,11,-18,11,-17,11,-17,12,-17,12,-16,13,-15,14,-15,3,-4,0,0,0,0,0,0,0,0,0,0,0,0,0,0,0,0,0,0,2,-3,9,-11,8,-11,8,-12,10,-12,12,-11,12,-12,11,-13,12,-13,14,-13,15,-13,16,-13,16,-12,16,-11,16,-10,16,-10,16,-11,17,-12,18,-13,18,-15,18,-14,17,-13,17,-13,18,-14,18,-14,18,-14,17,-14]"
CSI_DATA,43930,d8:b1:90:db:e8:90,-51,11,1,7,0,0,1,0,0,0,1,-95,0,8,0,687095029,0,100,0,128,1,"[100,-64,5,0,-20,3,-20,3,-20,3,-20,4,-19,4,-19,5,-19,5,-18,6,-17,7,-17,7,-17,7,-17,8,-17,8,-17,9,-17,9,-17,8,-17,8,-17,8,-17,8,-17,8,-17,8,-17,7,-17,7,-17,6,-18,5,-5,1,0,0,0,0,0,0,0,0,0,0,0,0,0,0,0,0,0,0,-3,1,-12,4,-13,2,-15,1,-16,0,-16,-1,-16,0,-16,2,-16,2,-17,1,-18,0,-18,0,-18,-1,-18,-1,-19,0,-19,-1,-19,0,-19,0,-19,0,-20,0,-20,0,-20,0,-20,1,-20,1,-20,1,-20,1,-20,1]"
CSI_DATA,43931,d8:b1:90:db:e8:90,-51,11,1,7,0,0,1,0,0,0,1,-95,0,8,0,687117403,0,100,0,128,1,"[100,-64,5,0,-21,-2,-21,-2,-20,-2,-20,-1,-19,-1,-19,0,-19,0,-19,0,-18,1,-18,2,-18,2,-19,2,-19,3,-19,3,-19,3,-19,3,-19,3,-19,2,-19,2,-18,2,-18,2,-18,2,-19,1,-18,1,-19,0,-5,0,0,0,0,0,0,0,0,0,0,0,0,0,0,0,0,0,0,0,-4,0,-14,-1,-14,-1,-15,-2,-15,-2,-15,-3,-16,-3,-16,-3,-16,-3,-17,-4,-17,-4,-18,-4,-19,-4,-19,-5,-19,-5,-19,-5,-19,-5,-19,-5,-19,-5,-19,-4,-20,-3,-20,-3,-20,-3,-21,-3,-21,-3,-21,-3,-21,-3]"
CSI_DATA,43932,d8:b1:90:db:e8:90,-51,11,1,7,0,0,1,0,0,0,1,-95,0,8,0,687131440,0,100,0,128,1,"[100,-64,5,0,18,-15,18,-15,17,-15,16,-15,15,-16,15,-16,14,-16,13,-16,13,-16,12,-16,12,-17,12,-17,12,-17,12,-17,12,-17,12,-17,12,-17,12,-17,12,-17,12,-17,13,-16,13,-16,13,-15,14,-15,15,-14,3,-4,0,0,0,0,0,0,0,0,0,0,0,0,0,0,0,0,0,0,2,-3,9,-12,10,-12,10,-11,11,-11,12,-11,13,-11,13,-12,14,-12,14,-12,15,-12,16,-12,17,-12,17,-12,17,-12,17,-12,17,-12,18,-12,18,-13,17,-13,17,-14,17,-14,17,-15,18,-15,18,-15,18,-15,18,-15]"
CSI_DATA,43933,d8:b1:90:db:e8:90,-51,11,1,7,0,0,1,0,0,0,1,-95,0,8,0,687143342,0,100,0,128,1,"[100,-64,5,0,-23,-6,-23,-6,-22,-6,-22,-5,-22,-5,-21,-4,-21,-4,-21,-3,-22,-3,-22,-2,-22,-2,-22,-1,-22,-1,-22,-1,-22,-1,-22,-1,-22,-1,-21,-1,-21,-1,-21,-1,-21,-1,-21,-1,-21,-2,-21,-3,-21,-4,-6,-1,0,0,0,0,0,0,0,0,0,0,0,0,0,0,0,0,0,0,-4,-1,-15,-3,-16,-3,-16,-4,-17,-4,-17,-5,-18,-5,-18,-5,-19,-5,-19,-6,-20,-7,-19,-7,-19,-8,-20,-8,-20,-8,-20,-8,-21,-8,-21,-8,-22,-8,-22,-8,-23,-8,-23,-8,-23,-7,-23,-7,-23,-7,-23,-7,-23,-7]"
CSI_DATA,43934,d8:b1:90:db:e8:90,-51,11,1,7,0,0,1,0,0,0,1,-95,0,8,0,687156363,0,100,0,128,1,"[100,-64,5,0,-22,7,-22,7,-22,7,-22,7,-21,8,-21,8,-20,9,-19,9,-19,10,-18,10,-18,11,-18,11,-17,12,-17,12,-17,13,-18,12,-17,12,-17,12,-17,12,-18,12,-18,11,-18,10,-18,9,-19,9,-19,8,-5,2,0,0,0,0,0,0,0,0,0,0,0,0,0,0,0,0,0,0,-4,1,-13,7,-14,7,-15,6,-15,6,-16,6,-17,6,-17,5,-18,5,-18,5,-19,4,-20,4,-21,4,-21,3,-21,3,-21,4,-21,4,-21,5,-22,5,-22,6,-22,6,-22,6,-23,7,-23,7,-23,7,-23,6,-23,6]"
CSI_DATA,43935,d8:b1:90:db:e8:90,-51,11,1,7,0,0,1,0,0,0,1,-95,0,8,0,687175335,0,100,0,128,1,"[100,-64,5,0,-16,-14,-16,-14,-16,-14,-15,-14,-15,-14,-15,-13,-15,-12,-16,-11,-16,-11,-16,-10,-16,-10,-17,-9,-17,-9,-17,-9,-17,-9,-17,-9,-17,-9,-17,-9,-17,-9,-16,-10,-16,-10,-16,-10,-16,-11,-15,-11,-14,-12,-4,-3,0,0,0,0,0,0,0,0,0,0,0,0,0,0,0,0,0,0,-3,-2,-11,-6,-12,-7,-12,-8,-12,-8,-12,-9,-12,-10,-12,-10,-12,-11,-13,-12,-13,-13,-13,-13,-13,-13,-13,-14,-13,-14,-13,-14,-13,-14,-14,-14,-14,-14,-14,-14,-15,-14,-15,-14,-15,-15,-16,-15,-16,-15,-15,-15,-15,-15]"
CSI_DATA,43936,d8:b1:90:db:e8:90,-50,11,1,7,0,0,1,0,0,0,1,-95,0,8,0,687195318,0,100,0,128,1,"[100,-64,5,0,12,27,12,26,12,26,12,25,12,24,13,23,14,22,15,21,16,21,16,20,17,20,18,19,18,18,19,19,19,19,18,18,18,18,17,18,17,19,17,19,17,19,16,20,15,20,15,21,14,21,3,5,0,0,0,0,0,0,0,0,0,0,0,0,0,0,0,0,0,0,3,3,11,14,11,15,11,16,11,16,11,18,10,19,9,20,9,21,10,21,9,22,8,22,8,23,8,24,8,24,10,25,10,25,10,25,11,25,11,25,12,25,12,25,12,26,12,26,12,27,12,26,11,26]"
CSI_DATA,43937,d8:b1:90:db:e8:90,-51,11,1,7,0,0,1,0,0,0,1,-95,0,8,0,687205768,0,100,0,128,1,"[100,-64,5,0,19,-13,19,-13,18,-13,18,-14,17,-15,17,-14,16,-15,15,-16,14,-17,13,-17,13,-17,13,-18,13,-18,12,-18,12,-18,12,-18,12,-18,12,-18,12,-18,12,-17,13,-17,13,-16,13,-15,14,-15,15,-14,4,-4,0,0,0,0,0,0,0,0,0,0,0,0,0,0,0,0,0,0,2,-3,10,-12,10,-12,11,-12,12,-11,12,-11,13,-11,13,-12,14,-11,15,-11,16,-11,16,-12,17,-12,17,-11,18,-11,18,-12,18,-12,18,-12,18,-12,19,-12,19,-13,20,-13,20,-13,20,-13,20,-13,20,-13,20,-13]"
CSI_DATA,43938,d8:b1:90:db:e8:90,-51,11,1,7,0,0,1,0,0,0,1,-95,0,8,0,687224413,0,100,0,128,1,"[100,-64,5,0,-21,-11,-21,-11,-21,-11,-21,-11,-22,-10,-21,-10,-21,-9,-21,-8,-21,-8,-21,-8,-21,-7,-21,-7,-21,-7,-21,-7,-21,-7,-21,-7,-21,-7,-21,-7,-21,-7,-21,-7,-20,-6,-20,-7,-19,-7,-19,-8,-19,-8,-5,-3,0,0,0,0,0,0,0,0,0,0,0,0,0,0,0,0,0,0,-4,-2,-15,-5,-15,-6,-16,-6,-16,-7,-16,-8,-16,-8,-16,-9,-17,-9,-17,-10,-18,-11,-18,-12,-18,-12,-18,-13,-18,-13,-18,-13,-18,-13,-18,-13,-19,-13,-20,-12,-20,-12,-20,-12,-21,-12,-21,-12,-21,-12,-21,-12,-21,-12]"
CSI_DATA,43939,d8:b1:90:db:e8:90,-51,11,1,7,0,0,1,0,0,0,1,-95,0,8,0,687235417,0,100,0,128,1,"[100,-64,5,0,-3,-24,-3,-24,-3,-23,-3,-23,-3,-23,-3,-22,-4,-22,-5,-22,-5,-22,-6,-22,-6,-22,-7,-21,-7,-21,-7,-21,-7,-21,-7,-20,-7,-20,-7,-20,-7,-20,-7,-21,-6,-20,-6,-20,-5,-21,-4,-21,-3,-22,-1,-6,0,0,0,0,0,0,0,0,0,0,0,0,0,0,0,0,0,0,-2,-4,-5,-15,-5,-15,-5,-15,-5,-16,-4,-16,-4,-16,-3,-17,-2,-18,-2,-19,-2,-20,-2,-20,-2,-20,-1,-21,-1,-21,-1,-22,-2,-22,-2,-22,-2,-22,-2,-22,-2,-23,-2,-23,-2,-23,-3,-23,-3,-24,-2,-24,-2,-24]"
CSI_DATA,43940,d8:b1:90:db:e8:90,-51,11,1,7,0,0,1,0,0,0,1,-95,0,8,0,687249707,0,100,0,128,1,"[100,-64,5,0,-5,-24,-5,-23,-5,-23,-5,-23,-5,-22,-5,-22,-6,-22,-7,-22,-7,-22,-8,-22,-8,-21,-9,-21,-9,-20,-9,-21,-9,-20,-10,-20,-9,-20,-9,-20,-9,-20,-9,-20,-8,-20,-8,-20,-7,-20,-7,-21,-6,-21,-2,-6,0,0,0,0,0,0,0,0,0,0,0,0,0,0,0,0,0,0,-2,-4,-5,-14,-5,-15,-5,-15,-5,-15,-5,-16,-5,-16,-4,-17,-4,-18,-3,-19,-3,-20,-3,-20,-3,-20,-3,-21,-3,-21,-3,-22,-3,-22,-3,-22,-3,-22,-3,-22,-4,-22,-4,-22,-4,-23,-4,-23,-5,-23,-5,-23,-4,-23]"
CSI_DATA,43941,d8:b1:90:db:e8:90,-51,11,1,7,0,0,1,0,0,0,1,-95,0,8,0,687266891,0,100,0,128,1,"[100,-64,5,0,-3,24,-3,24,-3,24,-2,23,-1,23,-1,22,0,22,0,21,1,21,1,21,2,21,2,22,2,22,2,22,2,22,2,21,2,21,1,21,1,21,1,20,0,20,0,20,-1,20,-2,21,-3,21,-1,5,0,0,0,0,0,0,0,0,0,0,0,0,0,0,0,0,0,0,0,3,-1,13,-2,13,-3,13,-2,14,-3,15,-2,16,-1,17,-2,17,-3,18,-4,19,-5,19,-5,19,-5,20,-5,21,-6,21,-5,21,-4,21,-4,22,-4,24,-4,23,-4,22,-4,22,-4,22,-3,22,-3,23,-3,23]"
CSI_DATA,43942,d8:b1:90:db:e8:90,-50,11,1,7,0,0,1,0,0,0,1,-95,0,8,0,687280916,0,100,0,128,1,"[100,-64,5,0,-10,22,-10,22,-10,21,-9,22,-9,22,-9,22,-8,21,-6,21,-6,21,-5,21,-5,21,-4,21,-4,21,-4,21,-3,22,-3,22,-3,22,-4,22,-4,22,-4,21,-5,21,-6,21,-7,20,-7,20,-8,20,-3,5,0,0,0,0,0,0,0,0,0,0,0,0,0,0,0,0,0,0,-2,3,-5,14,-5,14,-5,15,-5,15,-5,15,-6,16,-7,17,-8,17,-9,17,-9,18,-10,18,-10,18,-10,18,-10,18,-10,19,-9,19,-10,19,-10,20,-10,20,-9,21,-9,21,-9,21,-10,21,-10,21,-10,22,-10,21]"
CSI_DATA,43943,d8:b1:90:db:e8:90,-51,11,1,7,0,0,1,0,0,0,1,-95,0,8,0,687294951,0,100,0,128,1,"[100,-64,5,0,-3,-22,-3,-22,-3,-22,-3,-21,-4,-21,-4,-21,-5,-20,-6,-20,-6,-19,-7,-19,-7,-19,-7,-19,-8,-19,-7,-19,-7,-19,-8,-19,-8,-19,-7,-19,-7,-19,-7,-19,-6,-19,-6,-19,-5,-19,-5,-19,-4,-20,-1,-5,0,0,0,0,0,0,0,0,0,0,0,0,0,0,0,0,0,0,-2,-3,-5,-11,-4,-12,-3,-13,-2,-14,-3,-15,-2,-16,-2,-16,-1,-16,-1,-16,-1,-17,-1,-18,-1,-18,0,-19,0,-19,0,-19,0,-20,0,-20,0,-20,-1,-20,-1,-20,-2,-20,-2,-21,-3,-21,-3,-21,-3,-21,-3,-22]"
CSI_DATA,43944,d8:b1:90:db:e8:90,-51,11,1,7,0,0,1,0,0,0,1,-95,0,8,0,687320128,0,100,0,128,1,"[100,-64,5,0,9,-22,9,-22,9,-22,8,-22,8,-22,7,-22,7,-22,6,-22,6,-21,6,-21,5,-22,5,-22,5,-22,5,-22,5,-22,4,-22,4,-22,4,-22,4,-22,4,-21,5,-21,5,-20,6,-20,7,-20,7,-19,2,-5,0,0,0,0,0,0,0,0,0,0,0,0,0,0,0,0,0,0,1,-4,4,-15,4,-15,4,-15,3,-16,4,-16,6,-16,7,-17,7,-18,8,-18,8,-18,9,-18,9,-18,10,-18,10,-18,10,-19,10,-19,10,-19,10,-20,9,-21,9,-21,9,-21,9,-22,9,-22,9,-22,9,-22,10,-22]"
CSI_DATA,43945,d8:b1:90:db:e8:90,-51,11,1,7,0,0,1,0,0,0,1,-95,0,8,0,687330624,0,100,0,128,1,"[100,-64,5,0,12,-21,11,-21,11,-21,10,-21,9,-21,9,-21,9,-21,8,-21,7,-21,7,-21,7,-21,6,-21,6,-21,6,-22,6,-22,6,-22,6,-22,6,-22,6,-22,6,-21,6,-21,7,-20,8,-20,9,-20,9,-20,2,-5,0,0,0,0,0,0,0,0,0,0,0,0,0,0,0,0,0,0,1,-4,5,-14,5,-14,6,-14,6,-15,7,-15,8,-15,8,-16,9,-16,10,-16,10,-17,11,-17,11,-17,12,-17,12,-17,12,-17,12,-18,12,-18,12,-18,12,-19,12,-19,12,-20,12,-20,12,-21,12,-21,12,-21,13,-21]"
CSI_DATA,43946,d8:b1:90:db:e8:90,-51,11,1,7,0,0,1,0,0,0,1,-95,0,8,0,687345787,0,100,0,128,1,"[100,-64,5,0,-21,-7,-21,-7,-20,-7,-20,-6,-20,-6,-20,-6,-20,-5,-20,-5,-20,-4,-20,-4,-20,-3,-20,-3,-20,-3,-20,-3,-20,-3,-20,-3,-20,-3,-20,-3,-20,-4,-19,-4,-19,-4,-19,-5,-19,-5,-19,-6,-19,-7,-5,-2,0,0,0,0,0,0,0,0,0,0,0,0,0,0,0,0,0,0,-3,-1,-12,-2,-13,-2,-14,-3,-14,-4,-15,-4,-15,-4,-15,-4,-16,-5,-16,-6,-17,-6,-17,-7,-17,-7,-18,-8,-18,-8,-18,-8,-18,-8,-18,-8,-19,-8,-19,-8,-19,-8,-20,-8,-20,-8,-21,-7,-21,-7,-21,-8,-21,-8]"
CSI_DATA,43947,d8:b1:90:db:e8:90,-51,11,1,7,0,0,1,0,0,0,1,-95,0,8,0,687356038,0,100,0,128,1,"[100,-64,5,0,20,11,21,11,21,10,21,9,21,9,21,8,21,7,21,6,21,6,21,5,21,5,21,5,21,5,21,5,21,5,21,5,21,5,21,5,20,6,20,6,20,6,20,7,19,7,19,8,19,9,4,2,0,0,0,0,0,0,0,0,0,0,0,0,0,0,0,0,0,0,3,0,13,4,14,4,14,5,14,6,14,7,14,7,14,7,15,7,16,8,16,9,17,10,17,10,17,11,17,11,17,11,18,11,18,11,18,11,18,11,19,11,19,11,20,11,20,11,21,11,20,11,20,11]"
CSI_DATA,43948,d8:b1:90:db:e8:90,-50,11,1,7,0,0,1,0,0,0,1,-95,0,8,0,687375053,0,100,0,128,1,"[100,-64,5,0,-23,10,-23,10,-23,10,-22,10,-22,11,-21,11,-21,11,-20,11,-20,11,-19,11,-19,12,-19,12,-19,12,-18,13,-18,13,-19,13,-19,13,-19,12,-19,12,-19,12,-19,12,-19,11,-19,10,-19,10,-19,9,-5,2,0,0,0,0,0,0,0,0,0,0,0,0,0,0,0,0,0,0,-4,1,-14,6,-14,6,-14,6,-15,6,-15,6,-16,6,-17,6,-17,6,-18,6,-19,5,-20,6,-20,6,-20,6,-21,6,-22,6,-22,6,-22,6,-22,7,-22,7,-22,8,-22,8,-22,9,-22,9,-22,9,-23,9,-23,9]"
CSI_DATA,43949,d8:b1:90:db:e8:90,-50,11,1,7,0,0,1,0,0,0,1,-95,0,8,0,687387299,0,100,0,128,1,"[100,-64,5,0,20,8,20,8,20,8,20,8,20,8,20,7,20,7,19,6,19,6,19,5,19,5,19,5,19,4,19,4,19,4,20,5,20,5,19,5,19,5,19,6,19,6,18,6,18,7,17,7,17,8,4,2,0,0,0,0,0,0,0,0,0,0,0,0,0,0,0,0,0,0,3,1,12,4,12,4,12,4,13,4,13,5,13,5,14,6,14,7,15,7,15,8,16,8,16,9,16,9,17,9,17,9,17,9,17,9,18,9,18,9,18,8,19,8,19,8,19,9,19,9,20,9,20,9]"
CSI_DATA,43950,d8:b1:90:db:e8:90,-50,11,1,7,0,0,1,0,0,0,1,-95,0,8,0,687405927,0,100,0,128,1,"[100,-64,5,0,-23,20,-23,20,-22,20,-21,20,-21,19,-20,19,-19,20,-18,21,-17,21,-16,21,-16,21,-16,22,-16,22,-16,22,-16,22,-16,22,-16,22,-16,22,-17,21,-17,21,-18,20,-18,19,-18,19,-18,18,-19,17,-5,4,0,0,0,0,0,0,0,0,0,0,0,0,0,0,0,0,0,0,-3,3,-9,14,-11,13,-12,12,-13,13,-15,14,-16,14,-17,15,-17,16,-19,15,-20,15,-20,15,-21,14,-22,14,-22,15,-22,15,-21,15,-22,15,-22,16,-22,17,-22,18,-22,18,-23,19,-23,19,-23,19,-23,19,-23,19]"
CSI_DATA,43951,d8:b1:90:db:e8:90,-50,11,1,7,0,0,1,0,0,0,1,-95,0,8,0,687426843,0,100,0,128,1,"[100,-64,5,0,-1,22,-1,22,-1,21,0,21,0,21,0,20,1,20,1,20,2,20,2,20,3,20,3,20,3,20,3,20,3,20,4,20,3,19,3,19,3,19,3,19,2,19,1,19,1,19,0,19,-1,19,-1,4,0,0,0,0,0,0,0,0,0,0,0,0,0,0,0,0,0,0,0,3,2,12,1,12,1,12,0,13,0,14,0,15,0,15,0,16,-1,16,-1,17,-2,17,-2,18,-2,18,-2,19,-3,19,-3,19,-3,20,-2,20,-2,20,-2,20,-2,21,-1,21,-1,21,-2,22,-2,22,-1,22]"
CSI_DATA,43952,d8:b1:90:db:e8:90,-50,11,1,7,0,0,1,0,0,0,1,-95,0,8,0,687437034,0,100,0,128,1,"[100,-64,5,0,1,25,0,24,1,24,1,24,2,23,2,23,3,23,3,23,4,22,4,22,5,22,5,22,5,22,5,22,6,22,6,22,6,21,5,21,5,21,5,21,4,21,4,21,3,21,2,21,1,21,0,5,0,0,0,0,0,0,0,0,0,0,0,0,0,0,0,0,0,0,0,3,2,13,2,14,1,15,1,15,1,16,1,16,1,17,0,18,0,19,0,20,-1,20,-1,20,-1,21,-1,21,-2,22,-2,22,-1,22,-1,23,-1,23,0,23,0,24,0,24,0,25,0,25,0,25,0,25]"
CSI_DATA,43953,d8:b1:90:db:e8:90,-50,11,1,7,0,0,1,0,0,0,1,-95,0,8,0,687454933,0,100,0,128,1,"[100,-64,5,0,-25,7,-25,7,-24,7,-23,8,-23,8,-22,9,-22,9,-21,10,-20,10,-20,10,-20,11,-19,11,-19,11,-19,11,-19,11,-19,11,-19,11,-19,11,-19,11,-19,11,-19,11,-20,10,-20,9,-20,9,-20,8,-5,2,0,0,0,0,0,0,0,0,0,0,0,0,0,0,0,0,0,0,-4,1,-14,5,-15,5,-15,5,-16,5,-16,5,-17,5,-17,5,-18,5,-19,5,-20,5,-20,5,-21,4,-21,4,-21,4,-22,5,-22,5,-23,5,-23,5,-23,5,-23,6,-23,6,-24,7,-25,7,-25,7,-25,7,-25,7]"
CSI_DATA,43954,d8:b1:90:db:e8:90,-50,11,1,7,0,0,1,0,0,0,1,-95,0,8,0,687465302,0,100,0,128,1,"[100,-64,5,0,18,16,18,16,18,15,18,15,18,14,18,14,18,13,18,12,18,11,19,10,19,10,19,10,19,10,19,10,19,10,19,10,18,10,18,10,18,10,18,11,18,11,17,11,17,11,17,12,17,13,4,3,0,0,0,0,0,0,0,0,0,0,0,0,0,0,0,0,0,0,3,1,12,7,12,8,13,8,13,9,14,9,14,10,14,10,14,10,14,11,15,12,15,13,15,14,15,14,15,14,16,15,16,14,16,15,16,15,17,15,17,15,17,15,17,16,18,16,19,16,19,17,19,17]"
CSI_DATA,43955,d8:b1:90:db:e8:90,-50,11,1,7,0,0,1,0,0,0,1,-95,0,8,0,687475761,0,100,0,128,1,"[100,-64,5,0,18,15,18,15,18,15,19,15,19,14,19,14,19,13,18,12,18,12,19,11,19,10,19,10,19,10,19,10,19,10,20,9,20,10,19,10,19,10,19,10,19,10,18,10,18,11,17,11,16,12,4,3,0,0,0,0,0,0,0,0,0,0,0,0,0,0,0,0,0,0,3,1,13,6,13,7,13,7,13,8,13,9,14,9,14,10,14,11,15,12,15,13,15,14,15,14,15,15,16,15,16,15,16,15,16,15,17,15,17,15,17,16,18,16,18,15,19,14,19,14,19,15,19,15]"
CSI_DATA,43956,d8:b1:90:db:e8:90,-50,11,1,7,0,0,1,0,0,0,1,-95,0,8,0,687488984,0,100,0,128,1,"[100,-64,5,0,0,22,0,22,1,21,1,21,2,20,2,20,2,20,3,20,3,19,3,19,4,19,5,18,5,18,5,18,5,18,5,18,5,18,5,18,5,18,5,18,4,18,4,18,3,18,2,18,1,19,0,4,0,0,0,0,0,0,0,0,0,0,0,0,0,0,0,0,0,0,1,3,3,15,1,14,1,14,2,14,2,14,2,16,2,17,1,17,1,17,0,18,0,18,0,19,0,19,0,20,0,20,-1,20,-1,20,0,20,0,20,0,20,1,21,1,21,1,22,1,22,1,22,1,22]"
CSI_DATA,43957,d8:b1:90:db:e8:90,-50,11,1,7,0,0,1,0,0,0,1,-95,0,8,0,687505082,0,100,0,128,1,"[100,-64,5,0,-28,12,-28,11,-28,12,-27,12,-26,13,-25,13,-25,14,-24,14,-23,14,-23,14,-22,15,-21,16,-21,16,-20,17,-20,17,-20,17,-20,17,-20,17,-20,17,-20,17,-20,16,-21,15,-21,15,-22,14,-22,13,-6,3,0,0,0,0,0,0,0,0,0,0,0,0,0,0,0,0,0,0,-4,2,-16,11,-18,10,-19,10,-19,10,-21,9,-22,9,-22,8,-22,8,-24,8,-24,8,-24,8,-25,8,-25,7,-26,8,-26,8,-27,9,-27,9,-27,9,-27,10,-27,10,-27,11,-28,11,-28,11,-28,11,-28,11,-28,11]"
CSI_DATA,43958,d8:b1:90:db:e8:90,-50,11,1,7,0,0,1,0,0,0,1,-95,0,8,0,687515496,0,100,0,128,1,"[100,-64,5,0,1,24,1,24,1,24,2,23,3,23,3,22,4,22,6,22,6,21,6,21,7,21,8,21,8,21,8,21,8,20,8,20,8,20,8,20,8,19,8,19,8,19,7,19,6,19,5,20,4,20,1,5,0,0,0,0,0,0,0,0,0,0,0,0,0,0,0,0,0,0,1,3,7,13,6,14,6,14,5,15,5,16,4,17,4,18,4,18,3,19,3,20,2,20,2,21,1,21,1,22,1,22,0,22,0,22,0,23,1,24,1,24,1,24,1,24,1,24,1,25,1,25,1,25]"
CSI_DATA,43959,d8:b1:90:db:e8:90,-50,11,1,7,0,0,1,0,0,0,1,-95,0,8,0,687532547,0,100,0,128,1,"[100,-64,5,0,-5,22,-5,22,-4,22,-4,22,-3,21,-3,21,-2,20,-2,20,-1,19,-1,19,-1,19,0,20,0,20,0,20,0,20,0,20,0,20,0,19,0,19,-1,19,-1,19,-2,19,-3,18,-3,18,-4,18,-1,4,0,0,0,0,0,0,0,0,0,0,0,0,0,0,0,0,0,0,-1,3,-1,12,-2,12,-2,13,-2,14,-3,15,-4,15,-4,16,-5,16,-5,17,-6,17,-6,18,-7,18,-7,19,-7,19,-6,19,-6,19,-6,19,-6,20,-6,21,-6,21,-6,21,-6,22,-6,22,-6,22,-6,22,-6,22]"
CSI_DATA,43960,d8:b1:90:db:e8:90,-50,11,1,7,0,0,1,0,0,0,1,-95,0,8,0,687547769,0,100,0,128,1,"[100,-64,5,0,-21,-15,-21,-15,-21,-15,-21,-14,-21,-13,-21,-13,-20,-12,-20,-11,-20,-11,-20,-10,-21,-10,-21,-9,-22,-10,-21,-10,-21,-10,-21,-9,-20,-10,-20,-10,-20,-10,-20,-10,-20,-11,-19,-11,-19,-11,-18,-12,-17,-13,-5,-4,0,0,0,0,0,0,0,0,0,0,0,0,0,0,0,0,0,0,-4,-2,-14,-7,-14,-8,-14,-8,-14,-9,-14,-10,-15,-10,-15,-11,-15,-12,-15,-13,-16,-13,-16,-14,-17,-14,-17,-15,-17,-15,-17,-15,-18,-15,-18,-15,-18,-15,-19,-15,-19,-16,-19,-16,-20,-16,-20,-16,-20,-16,-20,-16,-20,-16]"
CSI_DATA,43961,d8:b1:90:db:e8:90,-50,11,1,7,0,0,1,0,0,0,1,-95,0,8,0,687560750,0,100,0,128,1,"[100,-64,5,0,-23,3,-22,3,-22,4,-22,5,-22,5,-22,5,-21,6,-20,7,-19,7,-19,8,-19,8,-19,9,-19,9,-19,9,-18,9,-18,9,-18,9,-18,8,-18,8,-18,8,-19,7,-19,7,-18,7,-19,6,-19,5,-5,1,0,0,0,0,0,0,0,0,0,0,0,0,0,0,0,0,0,0,-3,1,-13,5,-13,5,-14,4,-14,4,-15,4,-16,4,-17,3,-17,3,-18,3,-19,3,-19,3,-20,2,-20,2,-20,2,-20,2,-21,1,-21,1,-21,2,-21,2,-22,2,-22,2,-22,3,-23,3,-23,4,-23,4,-23,3]"
CSI_DATA,43962,d8:b1:90:db:e8:90,-50,11,1,7,0,0,1,0,0,0,1,-95,0,8,0,687575335,0,100,0,128,1,"[100,-64,5,0,16,19,15,19,15,18,15,18,15,17,15,17,16,16,16,15,17,15,17,14,17,14,17,14,17,14,17,14,18,14,18,14,17,14,17,14,16,14,16,14,16,14,15,14,14,15,14,16,14,16,3,4,0,0,0,0,0,0,0,0,0,0,0,0,0,0,0,0,0,0,2,2,11,9,11,10,11,11,11,11,11,12,11,13,11,13,12,14,12,15,12,16,12,17,12,17,12,18,12,18,13,17,13,17,13,17,14,17,14,18,15,18,15,18,15,18,16,19,16,19,16,19,16,19]"
CSI_DATA,43963,d8:b1:90:db:e8:90,-50,11,1,7,0,0,1,0,0,0,1,-95,0,8,0,687589872,0,100,0,128,1,"[100,-64,5,0,-23,-11,-23,-11,-22,-11,-22,-10,-22,-10,-21,-9,-21,-9,-21,-9,-21,-8,-21,-8,-21,-7,-22,-7,-23,-7,-22,-7,-22,-7,-22,-6,-22,-6,-22,-7,-21,-7,-21,-6,-21,-7,-21,-7,-20,-7,-20,-8,-20,-9,-5,-3,0,0,0,0,0,0,0,0,0,0,0,0,0,0,0,0,0,0,-4,-1,-14,-5,-15,-5,-16,-5,-16,-6,-16,-6,-17,-7,-17,-8,-17,-9,-18,-9,-19,-10,-19,-10,-19,-10,-19,-11,-20,-11,-20,-11,-20,-11,-20,-11,-21,-11,-22,-11,-22,-12,-22,-12,-23,-12,-23,-12,-23,-11,-22,-12,-22,-12]"
CSI_DATA,43964,d8:b1:90:db:e8:90,-50,11,1,7,0,0,1,0,0,0,1,-95,0,8,0,687603781,0,100,0,128,1,"[100,-64,5,0,-21,-22,-22,-21,-22,-20,-23,-20,-23,-20,-23,-20,-21,-20,-21,-19,-21,-17,-22,-16,-24,-15,-25,-16,-26,-17,-25,-18,-23,-18,-22,-16,-23,-14,-24,-13,-25,-13,-26,-14,-25,-16,-22,-17,-20,-16,-19,-15,-20,-15,-5,-4,0,0,0,0,0,0,0,0,0,0,0,0,0,0,0,0,0,0,-4,-3,-16,-13,-15,-13,-14,-13,-14,-14,-16,-15,-16,-16,-16,-17,-18,-18,-18,-19,-17,-21,-17,-20,-17,-20,-17,-21,-17,-21,-18,-21,-19,-21,-19,-21,-20,-22,-20,-23,-20,-23,-21,-23,-21,-22,-22,-22,-22,-22,-22,-23,-22,-24]"
CSI_DATA,43965,d8:b1:90:db:e8:90,-50,11,1,7,0,0,1,0,0,0,1,-95,0,8,0,687627757,0,100,0,128,1,"[100,-64,5,0,-11,20,-11,19,-11,19,-10,19,-9,19,-9,19,-9,19,-8,19,-8,19,-8,19,-8,19,-7,19,-7,19,-7,19,-7,19,-7,19,-7,19,-7,19,-7,18,-7,18,-7,17,-8,17,-9,17,-9,16,-10,16,-3,4,0,0,0,0,0,0,0,0,0,0,0,0,0,0,0,0,0,0,-2,3,-5,12,-5,12,-6,12,-7,12,-7,12,-8,13,-8,14,-8,14,-9,15,-10,15,-11,15,-11,15,-12,15,-12,16,-12,16,-12,16,-13,16,-12,16,-12,17,-12,17,-12,18,-12,18,-12,19,-12,19,-12,19,-12,19]"
CSI_DATA,43966,d8:b1:90:db:e8:90,-50,11,1,7,0,0,1,0,0,0,1,-95,0,8,0,687638676,0,100,0,128,1,"[100,-64,5,0,-11,20,-11,20,-10,20,-9,20,-8,20,-8,20,-7,20,-6,20,-6,20,-6,20,-5,20,-5,20,-4,20,-4,20,-4,20,-4,20,-4,21,-4,20,-5,20,-5,19,-5,19,-6,18,-6,18,-6,18,-7,18,-2,4,0,0,0,0,0,0,0,0,0,0,0,0,0,0,0,0,0,0,-1,3,-2,12,-3,13,-4,13,-5,14,-6,14,-6,14,-7,15,-8,15,-9,16,-9,16,-9,16,-9,16,-9,17,-10,17,-10,17,-11,18,-11,18,-11,18,-11,18,-11,19,-11,19,-11,19,-11,20,-10,20,-11,21,-11,20]"
CSI_DATA,43967,d8:b1:90:db:e8:90,-50,11,1,7,0,0,1,0,0,0,1,-95,0,8,0,687655876,0,100,0,128,1,"[100,-64,5,0,1,22,1,22,1,21,2,21,2,21,2,21,3,20,3,20,3,20,3,19,4,19,4,19,5,19,5,19,5,19,5,19,6,19,5,18,5,18,5,19,4,19,4,18,3,18,3,19,2,19,0,4,0,0,0,0,0,0,0,0,0,0,0,0,0,0,0,0,0,0,0,3,2,12,1,12,1,13,1,14,1,14,1,15,0,15,0,16,0,17,-1,18,-1,18,-2,19,-2,19,-2,19,-2,19,-2,19,-2,20,-2,20,-1,20,-1,20,-1,21,0,22,0,22,0,22,0,22,0,22]"
CSI_DATA,43968,d8:b1:90:db:e8:90,-50,11,1,7,0,0,1,0,0,0,1,-95,0,8,0,687666813,0,100,0,128,1,"[100,-64,5,0,-11,-20,-11,-20,-10,-20,-10,-19,-11,-18,-10,-18,-11,-18,-11,-18,-12,-18,-12,-18,-12,-17,-12,-17,-13,-17,-13,-17,-13,-17,-12,-17,-12,-17,-12,-17,-11,-17,-11,-17,-11,-17,-11,-17,-10,-17,-10,-17,-9,-18,-3,-5,0,0,0,0,0,0,0,0,0,0,0,0,0,0,0,0,0,0,-2,-3,-7,-11,-7,-12,-7,-13,-7,-13,-7,-14,-7,-15,-7,-15,-8,-15,-7,-16,-7,-17,-7,-17,-7,-18,-7,-18,-7,-19,-7,-19,-8,-19,-8,-20,-8,-20,-8,-20,-8,-21,-8,-21,-9,-21,-10,-21,-10,-21,-10,-21,-11,-20]"
CSI_DATA,43969,d8:b1:90:db:e8:90,-50,11,1,7,0,0,1,0,0,0,1,-95,0,8,0,687685292,0,100,0,128,1,"[100,-64,5,0,15,-18,14,-17,13,-14,12,-15,13,-15,11,-15,11,-17,10,-17,9,-18,10,-19,8,-18,5,-19,5,-19,5,-18,5,-18,6,-16,5,-17,5,-18,4,-18,3,-18,3,-18,2,-18,2,-19,3,-17,2,-17,0,-5,0,0,0,0,0,0,0,0,0,0,0,0,0,0,0,0,0,0,3,-1,14,-2,13,-1,13,-3,13,-4,12,-5,12,-4,14,-1,14,-1,15,-2,14,-4,15,-5,17,-3,16,-4,17,-5,19,-4,18,-6,18,-7,15,-7,16,-7,18,-7,17,-8,18,-10,15,-10,15,-12,17,-12,16,-9]"
CSI_DATA,43970,d8:b1:90:db:e8:90,-51,11,1,7,0,0,1,0,0,0,1,-95,0,8,0,687698305,0,100,0,128,1,"[100,-64,5,0,-22,-5,-21,-5,-21,-5,-20,-4,-20,-4,-20,-3,-20,-3,-20,-2,-20,-2,-20,-2,-20,-1,-20,-1,-20,-1,-20,-1,-20,-1,-20,0,-19,0,-19,0,-19,0,-19,0,-19,-1,-19,-1,-19,-2,-19,-3,-19,-4,-5,-1,0,0,0,0,0,0,0,0,0,0,0,0,0,0,0,0,0,0,-3,-1,-12,-1,-13,-1,-15,-1,-14,-2,-15,-4,-16,-4,-17,-4,-16,-4,-17,-4,-18,-5,-18,-6,-18,-6,-19,-7,-19,-7,-19,-7,-19,-7,-19,-7,-19,-7,-19,-7,-20,-7,-20,-7,-20,-7,-21,-6,-21,-6,-21,-6,-21,-6]"
CSI_DATA,43971,d8:b1:90:db:e8:90,-50,11,1,7,0,0,1,0,0,0,1,-95,0,8,0,687732336,0,100,0,128,1,"[100,-64,5,0,-7,-22,-7,-22,-7,-22,-7,-22,-7,-21,-7,-21,-8,-20,-8,-20,-9,-20,-9,-19,-9,-19,-10,-19,-10,-19,-10,-19,-10,-19,-10,-19,-10,-18,-10,-18,-10,-18,-10,-18,-9,-18,-9,-18,-8,-18,-7,-18,-6,-18,-2,-5,0,0,0,0,0,0,0,0,0,0,0,0,0,0,0,0,0,0,-1,-3,-4,-12,-4,-13,-4,-14,-4,-14,-4,-14,-4,-15,-4,-16,-4,-17,-4,-18,-3,-19,-3,-19,-3,-20,-2,-20,-2,-20,-3,-20,-3,-21,-3,-21,-3,-21,-3,-21,-4,-21,-4,-22,-4,-22,-4,-22,-5,-22,-5,-22,-5,-22]"
CSI_DATA,43972,d8:b1:90:db:e8:90,-50,11,1,7,0,0,1,0,0,0,1,-95,0,8,0,687745779,0,100,0,128,1,"[100,-64,5,0,-19,-18,-18,-17,-18,-17,-19,-17,-19,-16,-19,-16,-19,-15,-19,-15,-19,-14,-19,-14,-19,-13,-19,-13,-20,-13,-20,-13,-20,-13,-20,-12,-20,-12,-20,-12,-20,-13,-20,-13,-19,-13,-19,-14,-18,-14,-17,-14,-17,-15,-4,-4,0,0,0,0,0,0,0,0,0,0,0,0,0,0,0,0,0,0,-4,-2,-13,-8,-13,-8,-13,-9,-13,-10,-13,-11,-14,-11,-15,-12,-15,-13,-15,-13,-16,-14,-16,-15,-16,-15,-16,-16,-16,-16,-16,-16,-16,-16,-16,-17,-16,-17,-17,-17,-17,-17,-17,-17,-17,-17,-18,-17,-18,-17,-18,-17,-18,-17]"
CSI_DATA,43973,d8:b1:90:db:e8:90,-50,11,1,7,0,0,1,0,0,0,1,-95,0,8,0,687757410,0,100,0,128,1,"[100,-64,5,0,8,22,8,22,8,22,8,22,9,21,9,20,10,20,10,20,10,20,10,19,10,19,11,18,11,18,12,18,12,18,12,18,12,18,12,18,12,18,12,18,11,18,10,19,9,19,8,19,8,19,2,4,0,0,0,0,0,0,0,0,0,0,0,0,0,0,0,0,0,0,1,3,7,12,7,12,6,13,6,14,6,15,6,15,6,16,7,17,7,18,6,19,6,19,5,19,5,20,5,20,5,20,6,20,6,21,6,21,6,21,7,21,7,21,7,22,7,22,7,22,7,22,7,22]"
CSI_DATA,43974,d8:b1:90:db:e8:90,-50,11,1,7,0,0,1,0,0,0,1,-95,0,8,0,687767638,0,100,0,128,1,"[100,-64,5,0,17,17,17,17,17,17,17,16,16,15,17,15,17,14,17,14,17,13,17,13,17,13,18,13,18,13,18,13,18,13,18,13,18,13,17,13,17,13,17,13,16,13,16,14,15,14,15,15,14,16,3,4,0,0,0,0,0,0,0,0,0,0,0,0,0,0,0,0,0,0,2,2,11,9,11,9,11,10,11,11,11,11,12,12,12,13,12,14,12,14,12,15,12,16,12,17,12,17,12,17,12,17,13,17,13,17,13,17,13,17,14,17,14,17,15,17,15,17,15,18,16,18,16,18]"
CSI_DATA,43975,d8:b1:90:db:e8:90,-50,11,1,7,0,0,1,0,0,0,1,-95,0,8,0,687781527,0,100,0,128,1,"[100,-64,5,0,-20,-13,-20,-13,-20,-13,-19,-12,-19,-12,-19,-11,-19,-11,-19,-10,-19,-10,-19,-10,-19,-9,-20,-9,-20,-8,-20,-8,-20,-8,-20,-8,-20,-8,-20,-9,-19,-9,-19,-9,-19,-9,-19,-9,-18,-10,-18,-11,-18,-12,-5,-3,0,0,0,0,0,0,0,0,0,0,0,0,0,0,0,0,0,0,-3,-2,-12,-8,-12,-8,-12,-9,-13,-9,-13,-10,-13,-10,-13,-11,-13,-12,-14,-13,-14,-14,-14,-14,-14,-15,-14,-15,-14,-15,-14,-15,-15,-14,-15,-14,-15,-14,-16,-14,-16,-14,-17,-14,-17,-14,-18,-14,-18,-14,-18,-14,-18,-14]"
CSI_DATA,43976,d8:b1:90:db:e8:90,-50,11,1,7,0,0,1,0,0,0,1,-95,0,8,0,687802524,0,100,0,128,1,"[100,-64,5,0,-23,-18,-23,-18,-22,-17,-23,-17,-23,-16,-24,-16,-24,-15,-24,-14,-24,-14,-24,-13,-24,-12,-25,-11,-25,-11,-25,-11,-25,-12,-26,-11,-26,-11,-25,-12,-25,-12,-24,-12,-24,-13,-23,-13,-23,-14,-22,-15,-21,-16,-6,-4,0,0,0,0,0,0,0,0,0,0,0,0,0,0,0,0,0,0,-4,-2,-15,-9,-16,-10,-16,-11,-16,-12,-17,-14,-18,-15,-18,-15,-16,-16,-16,-18,-16,-19,-17,-19,-18,-19,-18,-19,-18,-19,-18,-18,-19,-18,-20,-18,-20,-18,-21,-17,-22,-17,-22,-17,-23,-17,-23,-17,-23,-17,-23,-18,-23,-18]"
CSI_DATA,43977,d8:b1:90:db:e8:90,-50,11,1,7,0,0,1,0,0,0,1,-95,0,8,0,687814456,0,100,0,128,1,"[100,-64,5,0,24,-5,24,-5,23,-5,23,-5,22,-5,22,-6,22,-6,22,-7,21,-7,21,-8,21,-8,21,-9,21,-9,21,-9,21,-9,21,-9,20,-8,20,-8,20,-8,20,-8,20,-8,20,-7,20,-6,20,-6,20,-5,5,-2,0,0,0,0,0,0,0,0,0,0,0,0,0,0,0,0,0,0,3,-2,15,-5,15,-4,15,-4,16,-3,17,-3,17,-3,18,-2,19,-2,20,-1,20,-1,21,-1,21,-1,21,0,22,0,22,-1,22,-2,22,-2,22,-2,22,-3,22,-3,23,-3,23,-4,23,-4,23,-4,23,-4,23,-4]"
CSI_DATA,43978,d8:b1:90:db:e8:90,-50,11,1,7,0,0,1,0,0,0,1,-95,0,8,0,687835014,0,100,0,128,1,"[100,-64,5,0,-19,10,-19,10,-19,10,-18,11,-18,11,-18,11,-17,11,-16,12,-15,12,-15,13,-15,13,-15,13,-15,13,-15,13,-15,13,-15,13,-15,12,-15,12,-15,12,-15,11,-15,11,-15,10,-15,10,-16,10,-17,9,-5,2,0,0,0,0,0,0,0,0,0,0,0,0,0,0,0,0,0,0,-3,1,-11,7,-12,7,-12,7,-13,7,-13,7,-14,7,-15,7,-15,7,-16,7,-17,7,-17,7,-17,7,-18,7,-18,7,-18,7,-19,7,-19,7,-19,7,-19,7,-19,7,-19,7,-20,8,-20,9,-19,9,-19,9,-19,10]"
CSI_DATA,43979,d8:b1:90:db:e8:90,-50,11,1,7,0,0,1,0,0,0,1,-95,0,8,0,687845249,0,100,0,128,1,"[100,-64,5,0,-25,-3,-25,-3,-25,-3,-25,-2,-25,-1,-24,-1,-24,0,-24,1,-23,1,-23,2,-23,2,-23,3,-23,3,-23,2,-23,2,-22,2,-22,2,-22,1,-22,1,-22,1,-22,1,-21,0,-22,0,-22,-2,-22,-3,-6,-1,0,0,0,0,0,0,0,0,0,0,0,0,0,0,0,0,0,0,-4,0,-16,-1,-16,-1,-17,-1,-17,-2,-18,-2,-18,-2,-19,-3,-19,-3,-20,-4,-21,-4,-21,-5,-21,-5,-21,-5,-22,-6,-22,-6,-22,-6,-23,-6,-23,-6,-23,-6,-23,-6,-23,-6,-24,-6,-24,-5,-25,-4,-25,-4,-25,-4]"
CSI_DATA,43980,d8:b1:90:db:e8:90,-50,11,1,7,0,0,1,0,0,0,1,-95,0,8,0,687856865,0,100,0,128,1,"[100,-64,5,0,-11,-20,-11,-20,-10,-19,-10,-19,-11,-19,-11,-18,-11,-18,-12,-17,-12,-17,-13,-17,-13,-16,-13,-16,-13,-16,-13,-16,-13,-16,-13,-17,-13,-17,-13,-17,-12,-17,-12,-17,-12,-17,-11,-17,-11,-17,-10,-18,-9,-18,-3,-5,0,0,0,0,0,0,0,0,0,0,0,0,0,0,0,0,0,0,-2,-4,-7,-13,-7,-13,-6,-14,-6,-15,-6,-15,-6,-16,-6,-16,-6,-17,-6,-17,-5,-18,-5,-18,-5,-19,-4,-19,-5,-19,-6,-20,-6,-19,-6,-20,-7,-20,-7,-20,-7,-20,-7,-20,-8,-20,-9,-20,-9,-20,-9,-20,-10,-20]"
CSI_DATA,43981,d8:b1:90:db:e8:90,-50,11,1,7,0,0,1,0,0,0,1,-95,0,8,0,687875076,0,100,0,128,1,"[100,-64,5,0,23,-10,23,-10,23,-9,22,-9,21,-9,21,-9,21,-10,20,-11,20,-12,20,-13,19,-13,19,-14,19,-14,19,-14,19,-13,18,-13,18,-13,18,-13,18,-12,18,-12,18,-11,19,-11,19,-10,19,-9,19,-9,4,-2,0,0,0,0,0,0,0,0,0,0,0,0,0,0,0,0,0,0,3,-2,13,-8,13,-7,14,-7,15,-6,16,-6,17,-6,17,-6,18,-5,19,-5,19,-5,20,-5,20,-4,20,-4,21,-4,21,-3,21,-4,21,-4,22,-4,22,-5,22,-5,22,-5,22,-6,23,-7,23,-7,23,-8,23,-8]"
CSI_DATA,43982,d8:b1:90:db:e8:90,-50,11,1,7,0,0,1,0,0,0,1,-95,0,8,0,687895677,0,100,0,128,1,"[100,-64,5,0,-13,-21,-13,-21,-13,-20,-14,-20,-14,-19,-14,-19,-15,-18,-15,-18,-15,-18,-15,-18,-16,-17,-16,-17,-16,-17,-16,-17,-16,-17,-16,-17,-16,-17,-16,-17,-15,-17,-15,-17,-15,-17,-14,-17,-14,-17,-13,-18,-12,-18,-3,-5,0,0,0,0,0,0,0,0,0,0,0,0,0,0,0,0,0,0,-3,-4,-9,-13,-9,-13,-9,-14,-9,-14,-9,-15,-9,-16,-8,-16,-8,-17,-8,-18,-9,-19,-9,-19,-9,-20,-9,-20,-9,-21,-9,-20,-9,-20,-9,-20,-10,-20,-10,-20,-10,-20,-10,-20,-11,-21,-11,-21,-11,-21,-11,-21,-11,-22]"
CSI_DATA,43983,d8:b1:90:db:e8:90,-50,11,1,7,0,0,1,0,0,0,1,-95,0,8,0,687908715,0,100,0,128,1,"[100,-64,5,0,27,-11,26,-11,26,-11,26,-12,25,-13,25,-13,24,-13,24,-14,24,-15,23,-15,23,-16,23,-16,22,-16,22,-16,22,-16,22,-16,22,-15,22,-15,22,-14,22,-14,22,-14,22,-13,22,-12,23,-12,23,-11,5,-3,0,0,0,0,0,0,0,0,0,0,0,0,0,0,0,0,0,0,4,-3,17,-10,17,-8,18,-8,18,-7,18,-6,20,-6,22,-7,22,-8,23,-8,24,-6,24,-6,24,-7,25,-6,25,-6,24,-6,24,-7,25,-7,25,-8,25,-8,25,-8,26,-8,26,-9,26,-9,26,-9,27,-9,27,-9]"
CSI_DATA,43984,d8:b1:90:db:e8:90,-50,11,1,7,0,0,1,0,0,0,1,-95,0,8,0,687934769,0,100,0,128,1,"[100,-64,5,0,17,-12,17,-12,17,-12,18,-13,17,-13,17,-13,16,-13,15,-14,15,-14,15,-14,15,-14,14,-15,14,-15,14,-14,14,-14,14,-14,14,-14,14,-14,14,-14,14,-13,14,-13,14,-12,14,-11,15,-11,16,-10,4,-3,0,0,0,0,0,0,0,0,0,0,0,0,0,0,0,0,0,0,2,-3,9,-9,9,-9,10,-9,10,-9,11,-9,12,-9,13,-10,13,-10,14,-10,15,-10,15,-9,15,-9,16,-9,16,-9,16,-10,16,-10,17,-10,17,-10,17,-11,17,-11,17,-11,17,-11,17,-11,18,-11,18,-11,18,-12]"
CSI_DATA,43985,d8:b1:90:db:e8:90,-50,11,1,7,0,0,1,0,0,0,1,-95,0,8,0,687944810,0,100,0,128,1,"[100,-64,5,0,22,-9,22,-9,22,-9,22,-9,22,-10,22,-10,21,-10,21,-11,20,-12,20,-12,20,-12,19,-13,19,-13,19,-12,19,-12,19,-12,19,-12,19,-12,18,-11,18,-11,18,-11,18,-10,18,-9,19,-8,20,-7,5,-2,0,0,0,0,0,0,0,0,0,0,0,0,0,0,0,0,0,0,3,-3,13,-8,13,-7,13,-7,14,-6,15,-6,16,-7,16,-7,17,-7,18,-7,19,-7,19,-7,19,-6,20,-6,20,-6,20,-6,20,-6,21,-6,21,-6,21,-7,21,-7,22,-8,22,-8,22,-8,22,-8,23,-8,23,-8]"
CSI_DATA,43986,d8:b1:90:db:e8:90,-50,11,1,7,0,0,1,0,0,0,1,-95,0,8,0,687955035,0,100,0,128,1,"[100,-64,5,0,13,-18,13,-18,13,-18,13,-18,12,-18,12,-18,11,-18,10,-18,10,-18,10,-18,9,-19,9,-19,9,-19,9,-19,9,-20,9,-20,9,-20,9,-20,9,-19,9,-18,9,-18,10,-17,10,-17,11,-17,11,-16,3,-4,0,0,0,0,0,0,0,0,0,0,0,0,0,0,0,0,0,0,1,-3,6,-12,7,-12,7,-12,8,-13,9,-13,9,-13,10,-13,10,-14,11,-14,12,-14,12,-14,13,-14,13,-14,13,-14,14,-14,14,-15,14,-15,14,-15,13,-15,13,-16,13,-16,13,-16,13,-17,13,-17,13,-17,14,-18]"
CSI_DATA,43987,d8:b1:90:db:e8:90,-50,11,1,7,0,0,1,0,0,0,1,-95,0,8,0,687965365,0,100,0,128,1,"[100,-64,5,0,-23,8,-22,8,-22,8,-22,8,-21,8,-21,8,-21,8,-20,8,-20,9,-20,9,-19,9,-19,10,-19,10,-19,10,-20,10,-20,11,-20,10,-20,10,-19,9,-19,9,-19,8,-19,8,-19,7,-20,6,-20,6,-5,1,0,0,0,0,0,0,0,0,0,0,0,0,0,0,0,0,0,0,-3,1,-12,6,-13,6,-13,6,-14,6,-15,5,-15,6,-16,6,-17,6,-18,6,-19,5,-19,5,-19,5,-20,4,-20,4,-20,4,-20,4,-21,4,-21,5,-21,5,-21,5,-21,5,-21,6,-21,7,-21,7,-21,7,-22,7]"
CSI_DATA,43988,d8:b1:90:db:e8:90,-50,11,1,7,0,0,1,0,0,0,1,-95,0,8,0,687984956,0,100,0,128,1,"[100,-64,5,0,-4,-26,-4,-26,-4,-26,-5,-26,-5,-25,-5,-25,-6,-24,-6,-24,-7,-24,-7,-24,-8,-24,-8,-24,-8,-24,-8,-24,-8,-24,-8,-23,-8,-23,-8,-23,-8,-23,-7,-23,-7,-23,-6,-22,-6,-23,-4,-23,-3,-23,-1,-6,0,0,0,0,0,0,0,0,0,0,0,0,0,0,0,0,0,0,-1,-4,-3,-15,-3,-16,-3,-16,-2,-17,-2,-17,-2,-18,-1,-19,-1,-20,-1,-21,-1,-21,-1,-22,-1,-22,-1,-23,0,-23,0,-23,-1,-23,-1,-23,-1,-24,-2,-24,-2,-24,-2,-24,-2,-25,-3,-25,-3,-26,-3,-26,-3,-26]"
CSI_DATA,43989,d8:b1:90:db:e8:90,-50,11,1,7,0,0,1,0,0,0,1,-95,0,8,0,687995366,0,100,0,128,1,"[100,-64,5,0,-21,10,-20,10,-20,10,-20,10,-19,10,-19,11,-19,11,-18,12,-18,12,-18,12,-17,12,-17,13,-16,13,-16,13,-16,13,-16,13,-16,13,-16,12,-16,12,-16,12,-17,11,-17,11,-17,10,-17,10,-17,9,-5,2,0,0,0,0,0,0,0,0,0,0,0,0,0,0,0,0,0,0,-3,1,-11,7,-12,7,-13,7,-14,6,-14,7,-15,7,-15,6,-16,6,-17,6,-17,6,-18,6,-18,6,-18,6,-19,6,-19,6,-19,6,-19,6,-19,6,-19,7,-20,8,-20,8,-20,8,-20,9,-20,9,-20,9,-20,9]"
CSI_DATA,43990,d8:b1:90:db:e8:90,-50,11,1,7,0,0,1,0,0,0,1,-95,0,8,0,688005737,0,100,0,128,1,"[100,-64,5,0,19,10,19,10,19,10,19,9,19,9,19,8,19,8,20,7,20,7,20,6,20,6,20,5,19,5,19,5,19,5,19,5,19,5,19,5,19,5,19,6,19,6,18,6,18,7,17,7,17,8,4,2,0,0,0,0,0,0,0,0,0,0,0,0,0,0,0,0,0,0,3,0,13,3,12,4,12,5,12,5,12,6,13,7,13,8,13,8,14,9,14,10,14,10,15,10,15,11,15,11,15,11,15,11,15,11,16,11,16,11,17,11,17,11,18,10,18,10,18,10,18,10,19,11]"
CSI_DATA,43991,d8:b1:90:db:e8:90,-50,11,1,7,0,0,1,0,0,0,1,-95,0,8,0,688016324,0,100,0,128,1,"[100,-64,5,0,-15,16,-15,16,-14,16,-14,16,-14,16,-13,16,-13,16,-13,17,-12,17,-12,17,-12,17,-12,17,-12,17,-12,17,-12,17,-12,17,-12,17,-12,16,-12,16,-12,16,-12,15,-13,15,-13,14,-13,14,-13,14,-4,3,0,0,0,0,0,0,0,0,0,0,0,0,0,0,0,0,0,0,-2,2,-8,10,-8,11,-8,12,-9,11,-10,10,-10,10,-11,10,-12,11,-12,12,-13,12,-14,12,-14,12,-14,12,-14,12,-14,12,-15,13,-15,13,-15,13,-15,14,-15,14,-15,14,-15,15,-15,15,-15,15,-15,15,-15,15]"
CSI_DATA,43992,d8:b1:90:db:e8:90,-50,11,1,7,0,0,1,0,0,0,1,-95,0,8,0,688039413,0,100,0,128,1,"[100,-64,5,0,20,-4,20,-4,20,-4,20,-4,20,-5,20,-5,19,-5,19,-6,19,-6,19,-6,18,-6,18,-7,18,-7,18,-7,18,-7,18,-7,17,-7,17,-7,17,-7,17,-6,17,-6,17,-5,17,-5,17,-4,17,-4,4,-1,0,0,0,0,0,0,0,0,0,0,0,0,0,0,0,0,0,0,2,-2,11,-4,12,-4,12,-3,12,-3,13,-3,14,-2,15,-2,15,-2,16,-2,17,-1,17,-1,17,0,17,0,17,0,17,0,18,-1,18,-1,18,-1,18,-1,19,-2,19,-2,20,-2,20,-2,20,-2,20,-2,20,-3]"
CSI_DATA,43993,d8:b1:90:db:e8:90,-51,11,1,7,0,0,1,0,0,0,1,-95,0,8,0,688052975,0,100,0,128,1,"[100,-64,5,0,20,-10,20,-10,21,-10,21,-10,21,-10,21,-10,20,-11,19,-11,19,-11,19,-12,18,-12,18,-12,18,-12,18,-12,18,-12,18,-11,18,-10,17,-10,17,-11,17,-11,17,-12,18,-11,18,-10,17,-8,17,-7,4,-2,0,0,0,0,0,0,0,0,0,0,0,0,0,0,0,0,0,0,3,-2,12,-8,12,-8,13,-7,14,-7,14,-7,15,-7,16,-7,16,-7,17,-7,18,-7,18,-8,18,-8,19,-8,19,-8,19,-8,19,-8,19,-8,19,-9,19,-9,20,-10,20,-10,20,-10,20,-11,20,-11,20,-11,20,-10]"
CSI_DATA,43994,d8:b1:90:db:e8:90,-51,11,1,7,0,0,1,0,0,0,1,-95,0,8,0,688065205,0,100,0,128,1,"[100,-64,5,0,15,17,15,17,15,18,15,18,15,17,15,17,15,16,15,16,15,15,15,15,16,14,16,14,16,14,16,14,16,14,15,14,14,14,14,13,15,13,16,13,16,13,15,13,14,14,12,15,11,15,2,3,0,0,0,0,0,0,0,0,0,0,0,0,0,0,0,0,0,0,2,2,9,10,9,10,10,11,10,11,10,12,10,13,10,14,10,15,10,15,10,16,11,16,11,16,11,17,11,17,12,17,12,17,12,17,13,17,13,17,14,17,14,16,15,17,15,17,15,17,15,17,14,17]"
CSI_DATA,43995,d8:b1:90:db:e8:90,-50,11,1,7,0,0,1,0,0,0,1,-95,0,8,0,688076571,0,100,0,128,1,"[100,-64,5,0,-3,-25,-3,-25,-3,-24,-3,-25,-3,-24,-4,-24,-4,-24,-5,-23,-6,-23,-6,-23,-6,-23,-6,-22,-7,-22,-7,-22,-7,-23,-6,-22,-6,-22,-6,-22,-5,-22,-5,-22,-5,-21,-4,-21,-3,-21,-3,-22,-2,-22,-1,-6,0,0,0,0,0,0,0,0,0,0,0,0,0,0,0,0,0,0,-1,-4,-4,-15,-4,-15,-3,-16,-3,-17,-2,-17,-2,-18,-1,-18,-1,-19,0,-20,0,-20,1,-21,1,-21,1,-22,1,-22,1,-22,1,-22,1,-23,1,-23,1,-23,1,-24,0,-24,0,-24,0,-25,0,-25,0,-25,0,-25]"
CSI_DATA,43996,d8:b1:90:db:e8:90,-50,11,1,7,0,0,1,0,0,0,1,-95,0,8,0,688095147,0,100,0,128,1,"[100,-64,5,0,-22,-11,-22,-11,-22,-11,-22,-10,-22,-10,-22,-9,-22,-9,-22,-8,-22,-7,-22,-7,-22,-6,-22,-5,-23,-5,-23,-5,-23,-5,-23,-5,-23,-5,-22,-5,-22,-5,-22,-5,-21,-5,-21,-6,-21,-7,-20,-8,-20,-9,-5,-3,0,0,0,0,0,0,0,0,0,0,0,0,0,0,0,0,0,0,-4,-2,-14,-5,-14,-6,-15,-7,-15,-8,-16,-8,-16,-9,-17,-9,-17,-9,-18,-10,-18,-11,-18,-12,-18,-12,-18,-13,-18,-13,-19,-13,-19,-13,-19,-13,-20,-13,-20,-12,-20,-12,-20,-12,-21,-12,-22,-11,-22,-11,-22,-11,-22,-12]"
CSI_DATA,43997,d8:b1:90:db:e8:90,-50,11,1,7,0,0,1,0,0,0,1,-95,0,8,0,688118097,0,100,0,128,1,"[100,-64,5,0,-25,-16,-26,-15,-25,-15,-25,-14,-25,-13,-24,-13,-25,-12,-25,-12,-25,-11,-25,-11,-26,-10,-27,-9,-27,-8,-27,-8,-27,-8,-27,-8,-26,-8,-26,-8,-25,-9,-25,-9,-25,-8,-24,-9,-24,-9,-24,-10,-23,-11,-6,-3,0,0,0,0,0,0,0,0,0,0,0,0,0,0,0,0,0,0,-5,-1,-20,-4,-18,-7,-17,-10,-18,-11,-18,-10,-17,-11,-17,-12,-18,-12,-19,-13,-19,-15,-19,-15,-19,-16,-19,-16,-19,-17,-19,-17,-20,-16,-20,-16,-21,-17,-21,-17,-21,-17,-22,-17,-22,-17,-23,-17,-24,-17,-24,-17,-24,-17]"
CSI_DATA,43998,d8:b1:90:db:e8:90,-51,11,1,7,0,0,1,0,0,0,1,-95,0,8,0,688140057,0,100,0,128,1,"[100,-64,5,0,-12,-21,-12,-21,-12,-21,-12,-20,-12,-20,-12,-20,-13,-19,-14,-19,-14,-19,-15,-19,-15,-18,-16,-17,-16,-17,-16,-17,-16,-17,-17,-17,-17,-17,-16,-17,-15,-17,-15,-17,-14,-17,-14,-17,-13,-17,-11,-16,-9,-15,-3,-4,0,0,0,0,0,0,0,0,0,0,0,0,0,0,0,0,0,0,-3,-3,-10,-12,-10,-13,-10,-13,-9,-14,-9,-15,-9,-15,-9,-16,-9,-17,-9,-18,-9,-18,-9,-19,-9,-19,-8,-19,-8,-20,-9,-20,-9,-20,-9,-20,-9,-20,-10,-20,-10,-21,-10,-21,-10,-21,-10,-21,-10,-21,-10,-21,-10,-21]"
CSI_DATA,43999,d8:b1:90:db:e8:90,-51,11,1,7,0,0,1,0,0,0,1,-95,0,8,0,688153743,0,100,0,128,1,"[100,-64,5,0,12,-20,11,-20,11,-20,11,-20,10,-20,10,-20,10,-20,9,-21,8,-21,8,-21,7,-22,6,-22,5,-22,5,-22,6,-22,5,-23,5,-22,6,-22,6,-22,6,-21,7,-21,7,-20,8,-19,8,-17,8,-16,2,-4,0,0,0,0,0,0,0,0,0,0,0,0,0,0,0,0,0,0,1,-4,5,-14,6,-14,7,-14,7,-14,8,-14,9,-14,9,-15,10,-15,11,-15,11,-16,12,-16,12,-16,12,-16,13,-16,12,-17,12,-17,13,-17,13,-17,12,-18,12,-18,12,-18,13,-19,13,-19,13,-19,13,-19,13,-19]"
CSI_DATA,44000,d8:b1:90:db:e8:90,-51,11,1,7,0,0,1,0,0,0,1,-95,0,8,0,688163797,0,100,0,128,1,"[100,-64,5,0,-1,23,-1,22,-1,23,-1,23,0,23,0,23,0,22,1,22,1,22,2,22,2,22,2,21,2,21,2,21,3,22,3,22,3,22,2,22,2,22,2,21,2,21,1,21,1,21,0,21,-1,22,-1,5,0,0,0,0,0,0,0,0,0,0,0,0,0,0,0,0,0,0,0,3,1,13,1,14,1,14,0,14,0,15,0,16,-1,16,-2,17,-2,18,-2,18,-3,19,-3,19,-3,20,-4,20,-4,20,-4,20,-4,20,-3,21,-3,21,-3,21,-3,21,-2,22,-2,22,-2,23,-2,23,-2,23]"
CSI_DATA,44001,d8:b1:90:db:e8:90,-51,11,1,7,0,0,1,0,0,0,1,-95,0,8,0,688177024,0,100,0,128,1,"[100,-64,5,0,-24,4,-24,4,-24,5,-23,6,-23,6,-22,6,-22,7,-22,7,-21,7,-21,7,-21,8,-22,8,-22,8,-21,8,-21,8,-21,8,-21,8,-21,8,-21,7,-21,7,-21,7,-21,6,-21,5,-22,5,-22,4,-6,0,0,0,0,0,0,0,0,0,0,0,0,0,0,0,0,0,0,0,-4,1,-15,5,-15,4,-16,4,-17,4,-17,4,-17,4,-18,3,-19,3,-19,3,-20,2,-20,3,-21,2,-21,2,-21,2,-21,2,-22,2,-22,2,-22,2,-22,3,-22,3,-23,4,-23,4,-23,4,-24,4,-24,4,-24,4]"
CSI_DATA,44002,d8:b1:90:db:e8:90,-50,11,1,7,0,0,1,0,0,0,1,-95,0,8,0,688194905,0,100,0,128,1,"[100,-64,5,0,17,16,17,16,17,16,18,15,18,15,18,15,18,14,18,14,18,14,18,13,19,13,19,12,19,12,19,12,19,12,19,12,19,13,18,13,18,13,18,13,17,13,17,14,16,14,16,15,15,16,3,4,0,0,0,0,0,0,0,0,0,0,0,0,0,0,0,0,0,0,3,1,12,7,12,8,12,9,13,10,13,10,13,11,14,11,14,12,14,13,14,14,13,14,13,15,13,16,13,16,14,16,14,16,14,16,15,16,15,16,15,16,16,16,16,16,17,16,17,16,17,16,17,16]"
CSI_DATA,44003,d8:b1:90:db:e8:90,-50,11,1,7,0,0,1,0,0,0,1,-95,0,8,0,688206562,0,100,0,128,1,"[100,-64,5,0,-16,18,-16,18,-16,18,-16,18,-15,18,-15,18,-14,18,-13,18,-13,18,-13,18,-13,19,-12,19,-12,19,-12,19,-12,19,-12,19,-12,19,-12,19,-12,18,-12,18,-12,17,-13,17,-14,17,-14,16,-15,16,-4,4,0,0,0,0,0,0,0,0,0,0,0,0,0,0,0,0,0,0,-2,3,-8,11,-9,11,-10,11,-10,13,-10,12,-11,11,-12,13,-13,14,-14,14,-14,14,-15,14,-15,14,-15,14,-15,14,-16,14,-16,15,-16,15,-16,15,-16,16,-16,16,-16,17,-16,17,-16,17,-16,17,-16,17,-16,17]"
CSI_DATA,44004,d8:b1:90:db:e8:90,-50,11,1,7,0,0,1,0,0,0,1,-95,0,8,0,688240900,0,100,0,128,1,"[100,-64,5,0,-15,18,-15,18,-15,17,-14,17,-13,16,-13,16,-12,16,-12,17,-11,17,-11,16,-11,17,-11,18,-10,18,-10,18,-10,18,-10,18,-10,18,-10,17,-10,17,-10,17,-11,16,-11,16,-11,15,-12,15,-13,14,-4,3,0,0,0,0,0,0,0,0,0,0,0,0,0,0,0,0,0,0,-2,2,-8,11,-8,10,-8,11,-8,11,-8,11,-9,12,-10,12,-11,13,-12,13,-12,13,-13,13,-13,14,-14,14,-14,14,-14,14,-14,14,-15,14,-15,14,-14,14,-14,15,-14,15,-15,16,-15,16,-15,16,-15,16,-15,16]"
CSI_DATA,44005,d8:b1:90:db:e8:90,-50,11,1,7,0,0,1,0,0,0,1,-95,0,8,0,688254459,0,100,0,128,1,"[100,-64,5,0,4,23,4,23,5,22,6,22,7,22,7,21,7,21,8,20,8,20,9,19,9,19,10,19,10,19,10,19,10,19,10,19,10,19,10,19,9,19,9,19,8,19,7,19,7,19,6,19,6,20,1,5,0,0,0,0,0,0,0,0,0,0,0,0,0,0,0,0,0,0,1,3,6,12,5,12,4,13,4,14,4,15,4,16,3,17,3,18,3,19,3,19,2,20,2,20,2,21,2,21,2,21,3,21,2,21,3,21,3,22,3,22,3,22,4,23,4,23,5,23,5,23,4,23]"
CSI_DATA,44006,d8:b1:90:db:e8:90,-50,11,1,7,0,0,1,0,0,0,1,-95,0,8,0,688265322,0,100,0,128,1,"[100,-64,5,0,-6,-21,-6,-21,-6,-21,-7,-20,-8,-20,-8,-20,-8,-19,-9,-18,-10,-18,-10,-18,-10,-17,-11,-17,-11,-17,-11,-18,-11,-17,-11,-17,-11,-17,-11,-17,-10,-17,-10,-17,-10,-17,-9,-17,-9,-17,-8,-17,-8,-18,-2,-5,0,0,0,0,0,0,0,0,0,0,0,0,0,0,0,0,0,0,-2,-3,-6,-12,-5,-12,-5,-13,-5,-14,-5,-14,-5,-15,-5,-16,-4,-17,-4,-18,-3,-18,-3,-19,-3,-19,-3,-19,-3,-20,-4,-20,-4,-20,-4,-20,-4,-20,-4,-20,-4,-20,-4,-20,-5,-21,-6,-21,-6,-21,-5,-21,-5,-21]"
CSI_DATA,44007,d8:b1:90:db:e8:90,-50,11,1,7,0,0,1,0,0,0,1,-95,0,8,0,688275338,0,100,0,128,1,"[100,-64,5,0,21,11,21,11,21,11,22,10,22,10,22,9,21,8,21,7,21,7,21,6,21,6,21,5,22,5,22,5,22,5,22,5,22,5,22,5,21,6,21,6,20,6,20,7,20,7,19,8,19,9,4,2,0,0,0,0,0,0,0,0,0,0,0,0,0,0,0,0,0,0,3,0,14,4,14,4,14,5,14,6,14,7,15,7,16,8,16,9,17,10,17,11,17,12,17,12,17,13,17,13,17,12,18,12,18,12,18,12,19,12,19,12,19,12,20,12,21,12,21,12,21,12,20,13]"
CSI_DATA,44008,d8:b1:90:db:e8:90,-50,11,1,7,0,0,1,0,0,0,1,-95,0,8,0,688286278,0,100,0,128,1,"[100,-64,5,0,-21,-14,-21,-14,-21,-14,-21,-13,-20,-12,-20,-11,-20,-11,-20,-10,-20,-10,-21,-10,-21,-9,-21,-8,-21,-8,-21,-8,-21,-7,-22,-8,-22,-8,-21,-8,-21,-8,-20,-8,-20,-9,-20,-9,-19,-10,-19,-11,-18,-11,-5,-3,0,0,0,0,0,0,0,0,0,0,0,0,0,0,0,0,0,0,-4,-2,-14,-7,-14,-8,-13,-8,-13,-9,-13,-9,-13,-10,-14,-12,-15,-13,-15,-14,-15,-14,-16,-14,-16,-15,-16,-15,-16,-15,-16,-16,-17,-15,-17,-15,-17,-15,-18,-15,-19,-15,-19,-15,-19,-15,-20,-15,-20,-15,-20,-15,-20,-15]"
CSI_DATA,44009,d8:b1:90:db:e8:90,-50,11,1,7,0,0,1,0,0,0,1,-95,0,8,0,688297373,0,100,0,128,1,"[100,-64,5,0,12,21,12,21,12,20,12,19,12,19,12,18,13,18,13,17,13,17,13,16,14,16,14,16,15,15,14,16,15,16,15,16,15,16,14,16,14,16,13,16,13,16,12,16,12,16,11,17,10,17,2,4,0,0,0,0,0,0,0,0,0,0,0,0,0,0,0,0,0,0,2,2,9,11,9,11,8,11,8,11,7,12,7,13,8,15,8,16,8,17,8,18,8,18,8,19,8,19,8,19,8,20,8,20,8,20,8,20,9,20,10,20,10,20,10,21,11,20,12,20,12,21,12,21]"
CSI_DATA,44010,d8:b1:90:db:e8:90,-50,11,1,7,0,0,1,0,0,0,1,-95,0,8,0,688307937,0,100,0,128,1,"[100,-64,5,0,10,-23,10,-23,10,-23,9,-23,9,-23,8,-22,7,-22,6,-22,6,-22,5,-22,5,-22,5,-22,4,-22,4,-22,4,-22,5,-22,5,-22,5,-22,5,-22,5,-21,5,-21,6,-21,6,-20,7,-20,7,-20,2,-5,0,0,0,0,0,0,0,0,0,0,0,0,0,0,0,0,0,0,0,-4,3,-15,4,-15,5,-16,6,-16,7,-16,7,-17,7,-18,8,-18,8,-18,9,-19,10,-19,10,-19,11,-19,11,-19,11,-19,11,-19,11,-19,11,-20,11,-20,11,-21,11,-21,11,-21,11,-22,11,-22,11,-22,12,-22]"
CSI_DATA,44011,d8:b1:90:db:e8:90,-50,11,1,7,0,0,1,0,0,0,1,-95,0,8,0,688326322,0,100,0,128,1,"[100,-64,5,0,-15,-14,-15,-15,-15,-14,-15,-13,-15,-13,-15,-12,-15,-12,-15,-12,-15,-12,-16,-11,-16,-11,-16,-11,-16,-10,-16,-11,-15,-11,-15,-11,-15,-11,-15,-11,-14,-11,-14,-11,-14,-11,-14,-11,-13,-12,-13,-12,-12,-13,-3,-4,0,0,0,0,0,0,0,0,0,0,0,0,0,0,0,0,0,0,-3,-3,-9,-9,-9,-8,-10,-8,-10,-9,-9,-10,-10,-11,-11,-11,-11,-10,-12,-11,-12,-12,-12,-13,-12,-13,-12,-13,-11,-14,-12,-14,-13,-14,-13,-15,-13,-15,-13,-14,-13,-14,-13,-14,-14,-14,-14,-14,-14,-14,-14,-14,-14,-15]"
CSI_DATA,44012,d8:b1:90:db:e8:90,-50,11,1,7,0,0,1,0,0,0,1,-95,0,8,0,688344999,0,100,0,128,1,"[100,-64,5,0,15,15,15,15,15,15,15,14,15,14,15,14,15,13,15,12,15,12,15,11,15,11,16,11,16,11,16,11,15,11,15,11,15,11,15,12,14,12,14,11,13,11,13,12,13,12,13,12,13,12,3,3,0,0,0,0,0,0,0,0,0,0,0,0,0,0,0,0,0,0,2,1,10,8,10,8,10,9,11,10,11,11,11,11,11,12,11,12,11,13,11,13,12,14,12,15,12,15,12,15,12,14,12,14,12,14,13,15,13,15,14,15,14,16,14,16,14,15,15,15,15,16,15,16]"
CSI_DATA,44013,d8:b1:90:db:e8:90,-51,11,1,7,0,0,1,0,0,0,1,-95,0,8,0,688355980,0,100,0,128,1,"[100,-64,5,0,-8,-23,-8,-22,-8,-22,-9,-22,-9,-21,-9,-21,-9,-20,-10,-20,-10,-19,-11,-19,-11,-19,-11,-19,-11,-19,-11,-19,-11,-19,-11,-19,-11,-19,-10,-18,-9,-19,-9,-19,-9,-18,-8,-18,-8,-18,-8,-18,-8,-19,-2,-5,0,0,0,0,0,0,0,0,0,0,0,0,0,0,0,0,0,0,-2,-4,-8,-13,-7,-14,-7,-15,-7,-15,-7,-16,-6,-17,-6,-18,-6,-18,-5,-19,-5,-20,-5,-20,-6,-21,-5,-21,-5,-21,-6,-21,-6,-21,-6,-21,-7,-21,-7,-22,-7,-22,-7,-22,-7,-23,-8,-22,-8,-22,-8,-23,-8,-23]"
CSI_DATA,44014,d8:b1:90:db:e8:90,-51,11,1,7,0,0,1,0,0,0,1,-95,0,8,0,688366551,0,100,0,128,1,"[100,-64,5,0,-20,-14,-20,-14,-20,-14,-20,-13,-21,-12,-20,-11,-21,-10,-21,-9,-21,-9,-21,-9,-22,-8,-22,-8,-22,-8,-22,-8,-22,-8,-22,-8,-21,-8,-21,-8,-21,-8,-21,-8,-21,-9,-20,-9,-20,-10,-19,-11,-19,-12,-5,-3,0,0,0,0,0,0,0,0,0,0,0,0,0,0,0,0,0,0,-4,-2,-13,-7,-13,-8,-13,-9,-13,-10,-13,-10,-14,-11,-14,-11,-15,-12,-15,-13,-15,-14,-15,-15,-15,-15,-15,-16,-15,-16,-16,-16,-16,-15,-17,-15,-17,-15,-17,-15,-17,-15,-17,-15,-18,-15,-19,-15,-19,-15,-19,-15,-19,-16]"
CSI_DATA,44015,d8:b1:90:db:e8:90,-51,11,1,7,0,0,1,0,0,0,1,-95,0,8,0,688384839,0,100,0,128,1,"[100,-64,5,0,16,-17,16,-17,16,-17,16,-18,15,-18,15,-18,14,-18,13,-18,12,-18,12,-19,11,-19,11,-19,11,-19,11,-19,11,-19,11,-19,11,-19,11,-18,12,-18,12,-18,12,-17,12,-17,13,-16,13,-16,14,-15,3,-4,0,0,0,0,0,0,0,0,0,0,0,0,0,0,0,0,0,0,2,-3,10,-12,10,-12,10,-11,10,-11,10,-11,12,-12,12,-13,13,-14,14,-13,15,-13,15,-14,15,-14,16,-14,16,-14,16,-13,16,-14,16,-14,17,-14,17,-15,17,-15,17,-15,17,-16,16,-16,16,-17,16,-17,17,-17]"
CSI_DATA,44016,d8:b1:90:db:e8:90,-50,11,1,7,0,0,1,0,0,0,1,-95,0,8,0,688396608,0,100,0,128,1,"[100,-64,5,0,20,12,20,12,21,12,21,11,21,10,21,10,20,9,20,9,20,9,20,8,20,7,20,6,21,6,21,6,21,6,21,7,21,7,21,7,20,7,20,7,20,8,20,8,19,9,19,10,18,11,4,2,0,0,0,0,0,0,0,0,0,0,0,0,0,0,0,0,0,0,3,1,14,4,14,5,15,6,15,7,15,8,15,8,16,8,16,9,16,10,17,11,17,11,17,11,17,12,17,12,17,12,17,12,18,12,18,12,19,12,19,12,19,12,19,12,20,12,20,12,21,12,21,12]"
CSI_DATA,44017,d8:b1:90:db:e8:90,-51,11,1,7,0,0,1,0,0,0,1,-95,0,8,0,688407424,0,100,0,128,1,"[100,-64,5,0,-21,12,-21,12,-20,12,-20,12,-19,13,-19,13,-18,13,-18,13,-17,13,-17,13,-17,14,-16,15,-15,15,-15,15,-15,15,-15,15,-16,15,-16,15,-16,14,-16,14,-16,14,-16,13,-17,13,-17,12,-18,11,-5,2,0,0,0,0,0,0,0,0,0,0,0,0,0,0,0,0,0,0,-3,2,-11,9,-12,9,-12,9,-12,9,-14,8,-15,7,-16,8,-17,8,-17,8,-17,8,-18,9,-18,9,-19,8,-18,7,-18,8,-18,8,-19,8,-19,9,-20,10,-20,10,-20,10,-21,10,-21,11,-21,11,-21,11,-21,11]"
CSI_DATA,44018,d8:b1:90:db:e8:90,-50,11,1,7,0,0,1,0,0,0,1,-95,0,8,0,688425045,0,100,0,128,1,"[100,-64,5,0,-12,24,-12,24,-12,24,-12,25,-11,24,-11,24,-10,24,-10,24,-9,24,-9,24,-8,24,-8,24,-7,24,-7,24,-7,24,-8,24,-8,24,-9,24,-9,23,-9,23,-9,22,-10,22,-11,22,-11,22,-12,21,-4,5,0,0,0,0,0,0,0,0,0,0,0,0,0,0,0,0,0,0,-2,4,-6,18,-5,18,-6,17,-8,17,-10,18,-10,18,-10,18,-10,19,-10,20,-11,20,-12,20,-13,21,-13,22,-13,22,-13,22,-13,22,-13,22,-13,22,-13,23,-12,24,-12,25,-12,25,-12,25,-12,25,-12,25,-12,25]"
CSI_DATA,44019,d8:b1:90:db:e8:90,-51,11,1,7,0,0,1,0,0,0,1,-95,0,8,0,688451664,0,100,0,128,1,"[100,-64,5,0,20,8,20,8,20,8,20,7,20,7,20,6,20,6,20,6,20,5,20,5,20,4,20,4,20,3,20,4,20,4,20,4,20,4,20,4,19,4,19,5,19,5,19,6,19,6,18,7,18,8,4,2,0,0,0,0,0,0,0,0,0,0,0,0,0,0,0,0,0,0,3,0,13,2,13,3,14,3,14,4,14,5,15,6,16,6,16,6,16,7,17,8,17,8,17,8,17,9,17,9,18,9,18,9,18,9,18,9,19,9,19,9,19,9,20,9,20,9,21,9,21,9,21,9]"
CSI_DATA,44020,d8:b1:90:db:e8:90,-50,11,1,7,0,0,1,0,0,0,1,-95,0,8,0,688462527,0,100,0,128,1,"[100,-64,5,0,-23,0,-23,-1,-22,0,-22,0,-21,1,-21,1,-21,1,-21,2,-21,2,-21,2,-21,2,-21,3,-21,4,-21,4,-21,4,-21,4,-20,3,-20,3,-20,3,-20,2,-20,2,-20,1,-20,1,-20,0,-20,-1,-5,-1,0,0,0,0,0,0,0,0,0,0,0,0,0,0,0,0,0,0,-4,0,-14,0,-15,-1,-15,-1,-15,-2,-16,-2,-16,-3,-17,-3,-17,-3,-18,-4,-19,-4,-19,-3,-20,-3,-20,-4,-20,-4,-20,-3,-20,-3,-20,-3,-20,-3,-21,-2,-21,-2,-21,-2,-22,-2,-22,-1,-23,-1,-23,-1,-22,-1]"
CSI_DATA,44021,d8:b1:90:db:e8:90,-50,11,1,7,0,0,1,0,0,0,1,-95,0,8,0,688479734,0,100,0,128,1,"[100,-64,5,0,-24,-11,-24,-11,-23,-11,-23,-11,-23,-11,-23,-10,-23,-10,-23,-10,-23,-9,-23,-9,-24,-8,-24,-6,-24,-6,-24,-6,-23,-7,-23,-7,-22,-7,-22,-7,-22,-8,-22,-8,-21,-8,-21,-8,-21,-8,-21,-9,-21,-10,-6,-3,0,0,0,0,0,0,0,0,0,0,0,0,0,0,0,0,0,0,-4,-2,-15,-7,-15,-7,-15,-8,-15,-8,-15,-9,-15,-10,-16,-11,-16,-11,-16,-12,-17,-13,-18,-12,-19,-12,-19,-13,-19,-13,-19,-13,-19,-13,-19,-14,-19,-14,-20,-13,-20,-13,-20,-14,-21,-13,-22,-12,-22,-11,-22,-11,-22,-12]"
CSI_DATA,44022,d8:b1:90:db:e8:90,-50,11,1,7,0,0,1,0,0,0,1,-95,0,8,0,688495191,0,100,0,128,1,"[100,-64,5,0,21,-5,21,-5,21,-5,21,-5,21,-5,21,-5,20,-6,20,-6,20,-7,19,-7,19,-8,19,-8,20,-8,20,-8,20,-8,20,-7,19,-7,19,-7,19,-6,19,-5,19,-5,19,-5,19,-4,19,-3,19,-2,4,-1,0,0,0,0,0,0,0,0,0,0,0,0,0,0,0,0,0,0,3,-1,13,-3,13,-3,13,-3,14,-3,15,-2,15,-2,15,-2,16,-2,17,-2,17,-2,18,-2,18,-2,18,-1,19,-1,19,-1,19,-1,19,-1,20,-1,20,-1,20,-1,20,-1,20,-2,21,-3,21,-3,21,-3,21,-4]"
CSI_DATA,44023,d8:b1:90:db:e8:90,-50,11,1,7,0,0,1,0,0,0,1,-95,0,8,0,688505363,0,100,0,128,1,"[100,-64,5,0,-20,11,-20,10,-19,10,-20,11,-20,11,-19,11,-18,12,-18,12,-17,12,-17,12,-17,13,-17,13,-17,14,-17,14,-17,13,-17,13,-17,13,-17,12,-17,12,-17,11,-17,11,-18,10,-18,10,-18,9,-18,8,-5,2,0,0,0,0,0,0,0,0,0,0,0,0,0,0,0,0,0,0,-3,2,-12,7,-13,7,-13,6,-13,6,-14,6,-15,6,-16,6,-16,6,-17,6,-17,6,-18,6,-18,6,-18,6,-18,6,-19,6,-19,6,-20,6,-20,6,-20,7,-20,7,-20,7,-20,8,-20,8,-20,9,-20,9,-20,10]"
CSI_DATA,44024,d8:b1:90:db:e8:90,-50,11,1,7,0,0,1,0,0,0,1,-95,0,8,0,688525833,0,100,0,128,1,"[100,-64,5,0,-14,-16,-14,-16,-14,-16,-14,-16,-14,-15,-14,-15,-14,-14,-15,-14,-15,-13,-15,-13,-16,-13,-16,-13,-16,-13,-16,-13,-16,-13,-16,-12,-15,-12,-15,-12,-15,-12,-15,-12,-14,-12,-14,-12,-14,-12,-13,-13,-13,-14,-3,-4,0,0,0,0,0,0,0,0,0,0,0,0,0,0,0,0,0,0,-3,-3,-11,-9,-10,-9,-10,-10,-10,-11,-11,-11,-11,-12,-11,-13,-11,-13,-10,-13,-10,-14,-10,-14,-11,-13,-11,-14,-11,-15,-11,-15,-11,-16,-11,-16,-11,-16,-12,-16,-12,-15,-12,-16,-13,-16,-13,-15,-13,-15,-13,-15,-13,-15]"
CSI_DATA,44025,d8:b1:90:db:e8:90,-51,11,1,7,0,0,1,0,0,0,1,-95,0,8,0,688554256,0,100,0,128,1,"[100,-64,5,0,-17,15,-17,15,-16,16,-15,16,-14,17,-14,17,-14,17,-13,17,-13,17,-13,17,-13,17,-12,18,-12,18,-12,18,-12,18,-12,18,-12,17,-12,17,-12,17,-12,16,-13,16,-13,16,-13,14,-13,13,-12,12,-4,2,0,0,0,0,0,0,0,0,0,0,0,0,0,0,0,0,0,0,-3,2,-10,10,-10,10,-10,9,-11,9,-11,10,-12,10,-13,11,-13,12,-14,13,-15,12,-15,12,-15,12,-15,12,-15,12,-16,12,-16,12,-16,12,-16,13,-16,13,-16,14,-16,14,-16,14,-17,15,-17,15,-17,15,-17,15]"
CSI_DATA,44026,d8:b1:90:db:e8:90,-50,11,1,7,0,0,1,0,0,0,1,-95,0,8,0,688570351,0,100,0,128,1,"[100,-64,5,0,-22,12,-22,11,-22,11,-21,11,-21,11,-20,11,-20,12,-19,12,-19,13,-19,13,-19,14,-18,14,-17,15,-17,15,-17,15,-17,15,-17,15,-17,14,-17,14,-17,13,-17,13,-18,12,-18,12,-18,11,-19,10,-5,2,0,0,0,0,0,0,0,0,0,0,0,0,0,0,0,0,0,0,-4,2,-13,8,-14,7,-14,7,-15,7,-15,7,-16,7,-17,6,-17,6,-18,6,-19,6,-20,6,-20,6,-21,6,-21,6,-20,6,-21,7,-21,7,-21,7,-22,8,-22,9,-22,9,-22,9,-22,10,-22,10,-22,10,-22,10]"
CSI_DATA,44027,d8:b1:90:db:e8:90,-50,11,1,7,0,0,1,0,0,0,1,-95,0,8,0,688580584,0,100,0,128,1,"[100,-64,5,0,-23,5,-23,5,-23,5,-22,5,-22,5,-21,5,-21,6,-21,6,-21,6,-21,6,-21,7,-20,8,-20,9,-20,9,-20,9,-20,8,-20,8,-20,8,-20,7,-20,7,-20,7,-20,6,-20,5,-20,4,-20,4,-5,0,0,0,0,0,0,0,0,0,0,0,0,0,0,0,0,0,0,0,-4,1,-14,4,-14,4,-15,3,-15,3,-16,3,-16,3,-17,2,-17,2,-18,2,-19,1,-20,1,-20,1,-21,0,-20,0,-20,1,-21,1,-21,1,-21,2,-22,2,-22,3,-22,3,-22,3,-23,4,-23,4,-23,3,-23,3]"
CSI_DATA,44028,d8:b1:90:db:e8:90,-50,11,1,7,0,0,1,0,0,0,1,-95,0,8,0,688592956,0,100,0,128,1,"[100,-64,5,0,-17,16,-17,16,-16,16,-16,16,-15,16,-15,16,-15,16,-14,16,-14,16,-14,17,-13,17,-13,17,-13,18,-13,18,-13,17,-13,17,-13,17,-13,17,-13,16,-13,16,-13,15,-14,15,-14,14,-14,13,-15,13,-4,3,0,0,0,0,0,0,0,0,0,0,0,0,0,0,0,0,0,0,-2,2,-8,11,-9,10,-10,10,-11,10,-11,10,-12,11,-12,11,-13,11,-14,11,-15,11,-15,12,-15,12,-15,13,-16,13,-16,13,-16,13,-16,13,-16,13,-15,14,-15,14,-15,15,-15,15,-16,16,-16,16,-16,16,-17,16]"
CSI_DATA,44029,d8:b1:90:db:e8:90,-50,11,1,7,0,0,1,0,0,0,1,-95,0,8,0,688606506,0,100,0,128,1,"[100,-64,5,0,23,0,23,0,23,0,22,-1,22,-1,22,-1,21,-1,21,-2,21,-2,21,-3,21,-3,21,-4,21,-4,21,-4,21,-4,21,-4,21,-3,21,-3,20,-2,20,-2,20,-2,19,-2,19,-1,19,0,19,1,4,0,0,0,0,0,0,0,0,0,0,0,0,0,0,0,0,0,0,0,3,-1,13,-2,13,-2,14,-1,14,0,15,0,15,1,16,1,16,1,17,2,18,2,18,2,19,2,19,2,19,2,20,2,20,2,20,2,20,2,20,1,20,0,20,0,21,0,22,0,22,0,22,0,23,0]"
CSI_DATA,44030,d8:b1:90:db:e8:90,-50,11,1,7,0,0,1,0,0,0,1,-95,0,8,0,688625512,0,100,0,128,1,"[100,-64,5,0,20,-10,20,-11,20,-11,20,-11,19,-11,19,-11,19,-11,18,-11,18,-12,17,-12,17,-12,17,-12,17,-12,17,-12,17,-13,17,-13,17,-13,17,-12,17,-12,17,-11,17,-11,17,-11,17,-10,17,-9,18,-9,4,-2,0,0,0,0,0,0,0,0,0,0,0,0,0,0,0,0,0,0,2,-2,12,-8,13,-8,13,-8,13,-7,14,-7,14,-8,14,-8,15,-7,16,-6,17,-6,17,-6,17,-6,18,-6,19,-6,19,-6,19,-6,19,-7,19,-7,18,-8,18,-8,19,-9,19,-9,19,-10,19,-10,20,-10,20,-10]"
CSI_DATA,44031,d8:b1:90:db:e8:90,-50,11,1,7,0,0,1,0,0,0,1,-95,0,8,0,688652465,0,100,0,128,1,"[100,-64,5,0,-20,13,-19,13,-19,13,-19,13,-18,13,-18,13,-17,13,-16,15,-15,15,-15,15,-15,15,-15,15,-15,15,-15,16,-15,15,-15,15,-15,15,-15,15,-15,14,-16,14,-16,13,-16,13,-16,12,-16,12,-16,11,-4,2,0,0,0,0,0,0,0,0,0,0,0,0,0,0,0,0,0,0,-3,2,-10,10,-11,10,-11,9,-12,9,-12,9,-13,10,-14,10,-15,10,-15,10,-16,10,-16,10,-17,9,-17,9,-17,9,-18,9,-19,10,-19,10,-18,10,-18,10,-18,11,-18,11,-18,11,-19,12,-19,12,-19,12,-20,12]"
CSI_DATA,44032,d8:b1:90:db:e8:90,-50,11,1,7,0,0,1,0,0,0,1,-95,0,8,0,688664306,0,100,0,128,1,"[100,-64,5,0,-21,11,-21,11,-20,11,-20,11,-19,11,-19,12,-19,12,-18,12,-18,12,-18,12,-18,12,-18,12,-17,12,-17,12,-17,12,-18,12,-18,12,-18,12,-18,11,-18,11,-18,10,-18,9,-18,9,-18,8,-19,7,-5,1,0,0,0,0,0,0,0,0,0,0,0,0,0,0,0,0,0,0,-3,1,-12,7,-13,6,-13,5,-14,5,-14,6,-15,6,-16,6,-17,6,-17,5,-18,5,-18,6,-19,6,-19,6,-19,6,-19,7,-19,7,-19,7,-19,7,-20,8,-20,8,-20,9,-20,9,-20,10,-21,10,-21,10,-21,11]"
CSI_DATA,44033,d8:b1:90:db:e8:90,-50,11,1,7,0,0,1,0,0,0,1,-95,0,8,0,688676935,0,100,0,128,1,"[100,-64,5,0,22,-2,22,-2,22,-2,22,-2,21,-2,21,-3,21,-3,20,-3,20,-3,20,-4,20,-4,20,-6,20,-6,20,-6,20,-6,20,-6,20,-5,20,-5,19,-5,19,-5,19,-4,19,-4,19,-3,19,-2,19,-1,5,-1,0,0,0,0,0,0,0,0,0,0,0,0,0,0,0,0,0,0,3,-1,14,-2,14,-2,14,-1,14,-1,15,0,15,0,16,0,16,0,16,1,17,2,18,2,18,3,18,3,19,3,19,2,19,2,19,2,20,1,20,1,20,1,20,1,21,1,21,0,22,0,22,0,22,-1]"
CSI_DATA,44034,d8:b1:90:db:e8:90,-50,11,1,7,0,0,1,0,0,0,1,-95,0,8,0,688695409,0,100,0,128,1,"[100,-64,5,0,16,15,15,16,16,16,15,15,15,15,15,14,15,14,15,14,15,14,15,14,16,13,16,12,17,12,17,12,17,12,16,13,16,12,16,12,16,13,15,13,14,13,14,14,13,14,12,15,12,16,3,4,0,0,0,0,0,0,0,0,0,0,0,0,0,0,0,0,0,0,3,2,11,8,10,8,10,9,10,10,11,10,10,11,11,11,11,12,11,13,11,14,10,14,10,15,10,16,11,16,12,15,12,15,12,15,12,15,12,15,13,15,13,16,14,16,14,16,14,16,14,16,15,16]"
CSI_DATA,44035,d8:b1:90:db:e8:90,-50,11,1,7,0,0,1,0,0,0,1,-95,0,8,0,688706778,0,100,0,128,1,"[100,-64,5,0,6,-22,6,-22,6,-22,6,-21,5,-21,5,-21,5,-21,5,-21,4,-21,4,-21,4,-21,3,-21,3,-21,3,-22,3,-22,3,-21,3,-21,3,-21,3,-21,3,-20,4,-20,4,-20,5,-19,6,-19,6,-19,1,-5,0,0,0,0,0,0,0,0,0,0,0,0,0,0,0,0,0,0,0,-4,2,-14,2,-14,2,-15,3,-15,4,-16,4,-16,4,-16,5,-17,5,-17,6,-18,6,-18,6,-18,6,-18,6,-18,6,-19,6,-19,6,-19,6,-20,6,-20,6,-21,6,-21,6,-21,6,-21,6,-21,6,-21,6,-21]"
CSI_DATA,44036,d8:b1:90:db:e8:90,-50,11,1,7,0,0,1,0,0,0,1,-95,0,8,0,688724913,0,100,0,128,1,"[100,-64,5,0,18,5,18,5,18,5,19,5,19,4,19,4,18,4,18,4,18,3,18,3,18,3,19,3,19,3,19,3,18,3,18,3,18,3,18,3,17,3,17,4,17,4,17,4,16,5,16,5,16,6,4,1,0,0,0,0,0,0,0,0,0,0,0,0,0,0,0,0,0,0,3,0,12,3,11,3,11,4,12,5,12,5,13,5,13,6,13,7,12,8,13,9,13,8,14,7,14,8,15,8,15,8,15,8,15,8,15,8,16,7,16,7,17,7,17,7,18,6,18,6,18,6,18,6]"
CSI_DATA,44037,d8:b1:90:db:e8:90,-50,11,1,7,0,0,1,0,0,0,1,-95,0,8,0,688735468,0,100,0,128,1,"[100,-64,5,0,-23,-2,-23,-2,-23,-2,-23,-2,-23,-2,-23,-1,-23,-1,-22,-1,-22,-1,-22,0,-22,0,-23,1,-23,1,-23,0,-22,0,-22,0,-22,0,-22,0,-21,-1,-21,-1,-21,-1,-20,-2,-20,-2,-20,-3,-21,-4,-6,-1,0,0,0,0,0,0,0,0,0,0,0,0,0,0,0,0,0,0,-4,-1,-14,-1,-14,-2,-15,-3,-15,-3,-16,-4,-16,-4,-16,-4,-17,-5,-17,-6,-18,-6,-18,-6,-19,-6,-19,-6,-19,-6,-20,-6,-20,-6,-20,-6,-20,-6,-20,-5,-21,-4,-21,-5,-22,-4,-22,-3,-22,-3,-22,-3,-23,-3]"
CSI_DATA,44038,d8:b1:90:db:e8:90,-50,11,1,7,0,0,1,0,0,0,1,-95,0,8,0,688759611,0,100,0,128,1,"[100,-64,5,0,-23,-4,-23,-4,-23,-3,-22,-3,-22,-2,-22,-2,-22,-2,-22,-1,-22,-1,-22,-1,-22,0,-22,0,-22,1,-22,1,-22,1,-22,0,-22,0,-22,-1,-21,-1,-21,-1,-20,-1,-20,-2,-19,-2,-19,-3,-18,-4,-5,-1,0,0,0,0,0,0,0,0,0,0,0,0,0,0,0,0,0,0,-4,-1,-14,-2,-14,-3,-14,-4,-15,-4,-15,-4,-15,-5,-16,-5,-16,-5,-17,-6,-17,-6,-17,-6,-18,-7,-18,-7,-18,-7,-19,-7,-19,-7,-19,-7,-19,-7,-19,-6,-20,-6,-20,-6,-20,-6,-21,-6,-22,-6,-22,-5,-22,-5]"
CSI_DATA,44039,d8:b1:90:db:e8:90,-50,11,1,7,0,0,1,0,0,0,1,-95,0,8,0,688771142,0,100,0,128,1,"[100,-64,5,0,-18,13,-18,13,-18,13,-17,14,-16,14,-15,14,-15,14,-15,15,-14,15,-14,15,-14,15,-14,16,-14,16,-14,15,-14,15,-14,15,-14,15,-14,15,-14,15,-14,15,-14,14,-15,14,-15,13,-15,12,-16,11,-4,2,0,0,0,0,0,0,0,0,0,0,0,0,0,0,0,0,0,0,-3,2,-10,9,-10,8,-11,8,-11,8,-12,8,-13,8,-13,8,-14,9,-14,9,-15,9,-15,8,-16,8,-16,8,-16,8,-17,8,-17,8,-17,9,-17,9,-17,9,-17,10,-17,10,-17,10,-18,11,-18,11,-18,11,-18,12]"
CSI_DATA,44040,d8:b1:90:db:e8:90,-50,11,1,7,0,0,1,0,0,0,1,-95,0,8,0,688786811,0,100,0,128,1,"[100,-64,5,0,-9,23,-9,23,-9,23,-8,22,-7,22,-6,22,-6,22,-5,22,-5,22,-5,22,-5,22,-4,23,-4,23,-4,23,-4,23,-4,22,-4,22,-4,22,-5,22,-5,22,-5,22,-6,21,-7,21,-8,20,-8,20,-3,5,0,0,0,0,0,0,0,0,0,0,0,0,0,0,0,0,0,0,-1,3,-4,13,-4,13,-5,14,-6,14,-6,15,-7,15,-7,16,-8,16,-8,16,-9,16,-10,16,-10,17,-11,17,-11,17,-11,17,-11,17,-11,18,-11,18,-11,19,-10,19,-10,20,-10,20,-10,20,-11,20,-10,21,-10,21]"
CSI_DATA,44041,d8:b1:90:db:e8:90,-50,11,1,7,0,0,1,0,0,0,1,-95,0,8,0,688805030,0,100,0,128,1,"[100,-64,5,0,10,-22,10,-22,9,-22,9,-22,8,-22,8,-22,7,-22,7,-22,6,-22,6,-22,6,-22,5,-23,5,-23,5,-23,5,-23,5,-23,4,-23,4,-23,4,-23,4,-23,4,-22,5,-22,6,-21,7,-21,8,-21,2,-6,0,0,0,0,0,0,0,0,0,0,0,0,0,0,0,0,0,0,1,-4,5,-14,6,-14,6,-14,7,-14,7,-14,8,-15,9,-15,9,-16,10,-16,11,-16,11,-16,12,-16,12,-17,12,-17,11,-17,11,-17,11,-18,11,-18,11,-18,11,-19,10,-19,10,-20,11,-20,11,-20,11,-20,11,-21]"
CSI_DATA,44042,d8:b1:90:db:e8:90,-50,11,1,7,0,0,1,0,0,0,1,-95,0,8,0,688817046,0,100,0,128,1,"[100,-64,5,0,-20,14,-20,14,-19,14,-19,15,-18,15,-18,15,-18,15,-17,16,-16,16,-16,16,-16,16,-16,17,-15,18,-15,18,-15,18,-15,18,-15,17,-15,17,-15,16,-16,16,-16,16,-16,15,-17,14,-17,14,-18,13,-5,3,0,0,0,0,0,0,0,0,0,0,0,0,0,0,0,0,0,0,-3,2,-10,10,-11,10,-12,9,-13,9,-14,9,-14,9,-15,9,-16,9,-16,9,-17,9,-17,9,-18,8,-18,8,-18,9,-18,10,-18,10,-19,11,-19,11,-19,11,-19,11,-19,11,-19,12,-19,12,-19,13,-20,13,-20,12]"
CSI_DATA,44043,d8:b1:90:db:e8:90,-50,11,1,7,0,0,1,0,0,0,1,-95,0,8,0,688835282,0,100,0,128,1,"[100,-64,5,0,4,21,4,21,4,21,4,20,5,20,5,20,5,19,6,19,6,19,6,19,7,19,7,19,7,19,7,19,7,19,7,19,7,19,7,19,6,19,6,19,6,19,5,19,4,19,4,19,3,19,0,4,0,0,0,0,0,0,0,0,0,0,0,0,0,0,0,0,0,0,0,3,3,12,2,12,1,13,1,13,1,13,1,14,2,15,1,16,1,17,1,17,0,17,-1,18,-1,18,-1,18,-1,18,-1,18,0,18,0,18,1,19,1,19,1,19,2,20,3,20,4,20,4,20,4,20]"
CSI_DATA,44044,d8:b1:90:db:e8:90,-52,11,1,5,0,0,1,0,1,0,0,-95,0,8,0,688863956,0,100,0,128,1,"[100,-64,5,0,-34,22,-30,20,-25,17,-20,13,-16,9,-11,4,-7,-1,-4,-5,-1,-9,1,-13,2,-16,2,-18,3,-18,3,-17,4,-15,4,-12,4,-8,4,-4,5,2,5,8,5,14,5,20,6,26,5,31,4,35,1,9,0,0,0,0,0,0,0,0,0,0,0,0,0,0,0,0,0,0,-3,-1,-11,-3,-9,-3,-6,-2,-2,0,1,1,4,2,6,2,8,2,9,2,9,2,9,1,8,1,5,0,2,0,-2,-1,-7,0,-12,0,-17,2,-22,4,-27,7,-31,10,-35,13,-38,16,-40,19,-41,21,-42,22]"
CSI_DATA,44045,d8:b1:90:db:e8:90,-50,11,1,7,0,0,1,0,0,0,1,-95,0,8,0,688875639,0,100,0,128,1,"[100,-64,5,0,-14,20,-14,20,-14,20,-13,20,-13,20,-12,20,-12,20,-12,20,-11,20,-11,20,-11,21,-10,22,-9,22,-9,22,-9,22,-9,22,-10,21,-10,21,-10,21,-11,20,-11,20,-12,19,-12,18,-13,18,-13,18,-4,4,0,0,0,0,0,0,0,0,0,0,0,0,0,0,0,0,0,0,-2,3,-8,12,-9,12,-10,12,-10,12,-11,12,-12,12,-12,12,-13,12,-14,13,-14,13,-15,13,-16,13,-16,13,-16,14,-15,15,-15,15,-15,16,-15,16,-15,16,-15,16,-16,17,-15,18,-15,18,-15,19,-16,19,-15,19]"
CSI_DATA,44046,d8:b1:90:db:e8:90,-51,11,1,7,0,0,1,0,0,0,1,-95,0,8,0,688886376,0,100,0,128,1,"[100,-64,5,0,-22,1,-22,1,-22,2,-22,2,-22,3,-21,3,-21,3,-21,4,-21,4,-21,4,-21,5,-21,5,-20,5,-20,5,-21,5,-21,5,-21,5,-20,4,-20,4,-20,4,-20,3,-20,3,-20,2,-20,1,-20,0,-5,0,0,0,0,0,0,0,0,0,0,0,0,0,0,0,0,0,0,0,-4,0,-13,2,-13,2,-14,1,-14,1,-14,1,-15,1,-16,1,-17,1,-17,0,-17,0,-17,-1,-18,-1,-18,-1,-18,-1,-19,-1,-19,-1,-19,-1,-19,-1,-20,0,-20,0,-20,0,-20,0,-20,1,-21,1,-21,1,-21,1]"
CSI_DATA,44047,d8:b1:90:db:e8:90,-50,11,1,7,0,0,1,0,0,0,1,-95,0,8,0,688898767,0,100,0,128,1,"[100,-64,5,0,12,-19,12,-19,12,-19,11,-20,11,-20,10,-20,10,-20,9,-20,9,-20,9,-20,8,-20,7,-20,7,-20,7,-20,7,-20,8,-20,8,-20,8,-20,8,-20,8,-19,9,-19,9,-18,10,-18,10,-18,11,-17,2,-5,0,0,0,0,0,0,0,0,0,0,0,0,0,0,0,0,0,0,1,-3,6,-11,6,-12,7,-12,7,-12,8,-12,8,-13,9,-13,9,-14,10,-14,11,-14,11,-14,11,-14,11,-14,12,-14,12,-14,12,-15,12,-15,12,-15,12,-16,12,-16,12,-17,12,-17,12,-18,12,-18,12,-18,12,-18]"
CSI_DATA,44048,d8:b1:90:db:e8:90,-50,11,1,7,0,0,1,0,0,0,1,-95,0,8,0,688911646,0,100,0,128,1,"[100,-64,5,0,22,-2,22,-2,22,-3,22,-3,21,-4,21,-4,21,-4,21,-5,20,-5,20,-5,20,-6,20,-6,20,-7,20,-7,20,-7,20,-6,20,-6,20,-6,20,-5,19,-5,19,-5,19,-4,19,-3,19,-2,20,-1,5,-1,0,0,0,0,0,0,0,0,0,0,0,0,0,0,0,0,0,0,3,-1,12,-3,12,-3,13,-3,13,-2,13,-2,14,-2,15,-1,16,-1,16,-1,17,0,17,0,17,0,18,0,18,1,18,0,18,0,18,0,19,0,19,0,20,-1,20,-1,20,-1,20,-1,20,-1,21,-1,21,-1]"
CSI_DATA,44049,d8:b1:90:db:e8:90,-50,11,1,7,0,0,1,0,0,0,1,-95,0,8,0,688925280,0,100,0,128,1,"[100,-64,5,0,18,-25,18,-25,18,-25,17,-24,17,-24,16,-24,15,-25,14,-26,13,-26,12,-26,12,-27,11,-27,11,-27,12,-27,12,-27,11,-27,11,-26,12,-26,12,-26,12,-26,13,-25,14,-25,15,-24,16,-23,17,-22,4,-6,0,0,0,0,0,0,0,0,0,0,0,0,0,0,0,0,0,0,1,-4,7,-15,8,-15,9,-16,10,-17,11,-16,13,-16,13,-18,12,-19,13,-18,15,-18,17,-18,17,-19,17,-19,17,-19,16,-19,16,-20,16,-21,16,-21,16,-22,16,-22,16,-23,16,-23,17,-23,17,-23,17,-23,17,-24]"
CSI_DATA,44050,d8:b1:90:db:e8:90,-50,11,1,7,0,0,1,0,0,0,1,-95,0,8,0,688962138,0,100,0,128,1,"[100,-64,5,0,-2,-23,-2,-23,-2,-23,-2,-22,-3,-22,-3,-22,-4,-22,-5,-22,-5,-22,-5,-21,-5,-21,-6,-21,-6,-21,-6,-22,-6,-22,-6,-22,-6,-22,-6,-22,-5,-21,-5,-21,-5,-21,-4,-21,-4,-21,-3,-21,-2,-21,-1,-6,0,0,0,0,0,0,0,0,0,0,0,0,0,0,0,0,0,0,-1,-4,-2,-13,-2,-13,-1,-14,-1,-15,-1,-16,0,-16,0,-16,0,-16,0,-17,0,-17,0,-18,0,-18,0,-19,1,-19,0,-19,0,-20,0,-20,0,-20,0,-20,-1,-20,-1,-21,-1,-21,-1,-22,-1,-22,-1,-23,-1,-23]"
CSI_DATA,44051,d8:b1:90:db:e8:90,-50,11,1,7,0,0,1,0,0,0,1,-95,0,8,0,688973341,0,100,0,128,1,"[100,-64,5,0,16,14,16,14,16,13,17,13,17,13,17,12,17,12,17,12,17,11,17,11,17,10,18,10,18,10,18,10,18,10,18,10,18,11,17,11,17,11,16,11,16,12,15,12,15,12,15,13,14,13,3,3,0,0,0,0,0,0,0,0,0,0,0,0,0,0,0,0,0,0,2,1,11,7,10,8,10,9,9,9,10,10,10,10,10,11,10,11,11,12,11,12,12,13,12,13,12,13,12,14,12,14,12,14,13,14,13,14,14,14,14,14,14,14,15,14,16,14,16,14,16,14,16,14]"
CSI_DATA,44052,d8:b1:90:db:e8:90,-50,11,1,7,0,0,1,0,0,0,1,-95,0,8,0,688984406,0,100,0,128,1,"[100,-64,5,0,7,-26,7,-25,6,-25,6,-25,5,-26,4,-25,4,-25,3,-25,3,-25,2,-25,1,-25,1,-25,1,-25,1,-26,1,-25,1,-25,1,-25,2,-25,2,-25,2,-24,3,-24,4,-23,5,-24,6,-23,7,-23,1,-6,0,0,0,0,0,0,0,0,0,0,0,0,0,0,0,0,0,0,0,-4,3,-15,3,-15,3,-14,4,-14,5,-15,5,-16,4,-17,5,-17,6,-18,6,-18,7,-19,7,-19,7,-20,8,-20,8,-20,8,-20,8,-21,8,-21,8,-22,7,-22,7,-23,7,-23,8,-23,8,-24,8,-25,7,-25]"
CSI_DATA,44053,d8:b1:90:db:e8:90,-50,11,1,7,0,0,1,0,0,0,1,-95,0,8,0,688998848,0,100,0,128,1,"[100,-64,5,0,-16,-17,-16,-17,-16,-17,-16,-17,-17,-16,-17,-16,-17,-15,-18,-15,-18,-14,-18,-14,-18,-13,-19,-13,-19,-13,-19,-13,-18,-13,-18,-13,-18,-13,-18,-13,-18,-14,-17,-14,-17,-14,-16,-14,-16,-15,-15,-15,-14,-16,-4,-4,0,0,0,0,0,0,0,0,0,0,0,0,0,0,0,0,0,0,-3,-3,-10,-9,-10,-9,-10,-10,-10,-10,-10,-11,-10,-11,-11,-12,-11,-13,-11,-14,-12,-14,-12,-15,-12,-15,-12,-16,-12,-16,-12,-16,-12,-16,-12,-16,-13,-16,-13,-17,-13,-17,-14,-17,-14,-17,-15,-17,-15,-17,-16,-17,-16,-17]"
CSI_DATA,44054,d8:b1:90:db:e8:90,-50,11,1,7,0,0,1,0,0,0,1,-95,0,8,0,689011193,0,100,0,128,1,"[100,-64,5,0,7,-25,7,-24,6,-24,5,-24,5,-24,4,-24,4,-24,3,-24,3,-23,3,-23,3,-24,2,-24,2,-24,2,-24,2,-24,2,-24,3,-24,3,-24,4,-24,4,-23,4,-22,5,-22,6,-22,6,-22,7,-21,1,-6,0,0,0,0,0,0,0,0,0,0,0,0,0,0,0,0,0,0,0,-4,3,-15,3,-15,4,-15,4,-16,4,-16,5,-16,6,-17,6,-17,7,-18,8,-18,8,-18,8,-19,8,-19,9,-20,9,-20,9,-20,9,-21,9,-21,9,-22,8,-22,8,-22,8,-23,7,-24,7,-24,7,-25,7,-25]"
CSI_DATA,44055,d8:b1:90:db:e8:90,-50,11,1,7,0,0,1,0,0,0,1,-95,0,8,0,689025476,0,100,0,128,1,"[100,-64,5,0,-23,3,-23,3,-22,3,-22,4,-22,4,-22,5,-21,5,-21,5,-21,6,-21,6,-21,6,-21,6,-21,6,-21,6,-20,6,-20,6,-20,6,-20,5,-20,5,-20,4,-20,4,-20,3,-20,2,-20,1,-20,0,-5,0,0,0,0,0,0,0,0,0,0,0,0,0,0,0,0,0,0,0,-3,0,-13,2,-14,1,-15,0,-15,0,-15,0,-16,0,-16,0,-17,-1,-17,-1,-17,-1,-18,-1,-19,-1,-19,-1,-20,-1,-20,0,-20,0,-20,1,-20,1,-21,2,-21,3,-21,3,-22,3,-22,3,-22,3,-22,3,-22,3]"
CSI_DATA,44056,d8:b1:90:db:e8:90,-50,11,1,7,0,0,1,0,0,0,1,-95,0,8,0,689037234,0,100,0,128,1,"[100,-64,5,0,4,22,4,22,5,21,6,21,6,21,6,20,7,20,7,20,7,20,8,20,8,19,8,19,8,19,8,19,8,19,8,19,7,19,7,19,7,19,6,19,6,19,5,19,4,19,3,19,2,20,0,5,0,0,0,0,0,0,0,0,0,0,0,0,0,0,0,0,0,0,0,3,2,12,2,13,1,14,1,15,0,14,-1,13,0,15,0,16,-1,16,-1,16,-1,17,0,18,0,18,0,19,1,19,1,19,1,19,2,20,3,20,4,20,4,21,4,21,4,21,4,21,5,21,5,21]"
CSI_DATA,44057,d8:b1:90:db:e8:90,-50,11,1,7,0,0,1,0,0,0,1,-95,0,8,0,689065514,0,100,0,128,1,"[100,-64,5,0,13,19,13,19,13,19,13,18,14,18,14,17,14,17,14,17,14,16,15,16,15,16,15,15,16,15,16,15,16,15,16,15,15,16,15,16,15,16,14,16,14,16,13,16,12,17,11,18,11,18,2,4,0,0,0,0,0,0,0,0,0,0,0,0,0,0,0,0,0,0,2,2,8,10,7,11,7,12,7,13,7,14,6,14,6,14,6,15,6,16,6,17,6,18,6,18,6,18,6,19,7,18,8,18,8,19,9,19,10,19,10,19,11,19,11,19,11,19,12,19,12,19,12,19]"
CSI_DATA,44058,d8:b1:90:db:e8:90,-50,11,1,7,0,0,1,0,0,0,1,-95,0,8,0,689079868,0,100,0,128,1,"[100,-64,5,0,-10,-23,-10,-23,-10,-22,-10,-21,-10,-21,-10,-21,-10,-20,-11,-20,-11,-20,-11,-20,-12,-20,-12,-19,-12,-19,-13,-19,-13,-19,-13,-19,-13,-19,-12,-19,-12,-19,-11,-19,-11,-19,-10,-19,-10,-19,-9,-20,-9,-20,-2,-5,0,0,0,0,0,0,0,0,0,0,0,0,0,0,0,0,0,0,-2,-4,-6,-14,-6,-14,-5,-15,-5,-15,-5,-15,-4,-16,-4,-16,-4,-17,-4,-17,-4,-18,-4,-19,-4,-19,-4,-20,-4,-20,-5,-20,-5,-20,-6,-20,-6,-20,-6,-21,-7,-21,-7,-21,-7,-21,-8,-22,-8,-22,-8,-22,-8,-22]"
CSI_DATA,44059,d8:b1:90:db:e8:90,-50,11,1,7,0,0,1,0,0,0,1,-95,0,8,0,689090048,0,100,0,128,1,"[100,-64,5,0,-4,23,-4,23,-4,23,-3,23,-3,22,-3,22,-2,22,-2,22,-2,22,-1,22,-1,22,-1,22,0,22,0,22,0,22,0,22,0,22,0,22,-1,21,-1,21,-1,21,-2,21,-3,20,-3,20,-4,20,-2,5,0,0,0,0,0,0,0,0,0,0,0,0,0,0,0,0,0,0,-1,3,-2,14,-2,14,-3,14,-4,14,-4,15,-4,15,-5,16,-5,16,-6,16,-6,17,-6,18,-6,18,-6,18,-6,18,-6,19,-6,19,-6,19,-6,19,-5,20,-5,21,-5,21,-5,21,-5,22,-4,22,-4,22,-4,22]"
CSI_DATA,44060,d8:b1:90:db:e8:90,-50,11,1,7,0,0,1,0,0,0,1,-95,0,8,0,689105890,0,100,0,128,1,"[100,-64,5,0,-16,-16,-16,-17,-16,-16,-17,-16,-17,-16,-17,-15,-17,-15,-18,-14,-18,-13,-18,-13,-18,-13,-19,-12,-19,-11,-19,-12,-19,-12,-19,-11,-19,-11,-19,-11,-18,-11,-18,-11,-18,-11,-17,-12,-16,-12,-16,-13,-15,-14,-4,-4,0,0,0,0,0,0,0,0,0,0,0,0,0,0,0,0,0,0,-3,-2,-11,-8,-11,-9,-11,-10,-11,-11,-11,-11,-11,-12,-11,-12,-11,-13,-11,-14,-11,-15,-11,-16,-11,-16,-11,-16,-11,-16,-12,-16,-13,-16,-13,-16,-14,-16,-14,-16,-14,-16,-14,-16,-15,-16,-15,-16,-15,-16,-15,-16,-15,-17]"
CSI_DATA,44061,d8:b1:90:db:e8:90,-50,11,1,7,0,0,1,0,0,0,1,-95,0,8,0,689117146,0,100,0,128,1,"[100,-64,5,0,-16,17,-16,17,-16,17,-15,17,-15,17,-14,17,-14,17,-13,17,-13,17,-13,17,-13,18,-12,18,-12,18,-12,18,-12,18,-11,18,-11,18,-11,18,-11,18,-11,17,-12,17,-12,16,-13,16,-13,15,-14,15,-4,3,0,0,0,0,0,0,0,0,0,0,0,0,0,0,0,0,0,0,-2,3,-8,12,-8,11,-9,10,-10,10,-10,10,-11,11,-11,11,-12,11,-13,11,-13,11,-14,11,-15,12,-15,12,-15,12,-15,12,-15,12,-15,13,-15,13,-15,13,-15,14,-15,14,-15,15,-16,16,-16,16,-16,16,-16,16]"
CSI_DATA,44062,d8:b1:90:db:e8:90,-50,11,1,7,0,0,1,0,0,0,1,-95,0,8,0,689136844,0,100,0,128,1,"[100,-64,5,0,-22,3,-21,3,-21,3,-21,4,-20,4,-20,4,-20,4,-20,5,-20,5,-19,6,-19,6,-20,6,-20,6,-19,6,-19,6,-19,6,-19,6,-19,6,-19,5,-19,5,-19,5,-18,4,-18,4,-19,3,-19,2,-5,0,0,0,0,0,0,0,0,0,0,0,0,0,0,0,0,0,0,0,-4,1,-14,5,-13,5,-13,4,-14,3,-14,3,-14,2,-15,2,-16,2,-16,2,-17,2,-17,2,-17,1,-18,1,-18,1,-18,1,-18,1,-19,1,-19,1,-19,2,-19,2,-20,2,-20,2,-21,3,-21,3,-21,3,-21,3]"
CSI_DATA,44063,d8:b1:90:db:e8:90,-50,11,1,7,0,0,1,0,0,0,1,-95,0,8,0,689167668,0,100,0,128,1,"[100,-64,5,0,23,-5,23,-5,23,-5,23,-6,23,-6,22,-6,22,-7,22,-7,22,-7,21,-8,21,-8,21,-8,21,-8,21,-8,21,-8,21,-8,21,-8,20,-7,20,-7,20,-6,20,-6,20,-5,19,-5,19,-4,18,-3,4,-1,0,0,0,0,0,0,0,0,0,0,0,0,0,0,0,0,0,0,3,-2,14,-5,14,-4,15,-4,15,-4,16,-4,16,-4,17,-3,17,-3,18,-3,18,-2,19,-2,19,-2,20,-2,20,-2,20,-2,20,-2,20,-2,21,-2,21,-2,22,-3,22,-3,22,-4,22,-4,23,-4,23,-4,23,-5]"
CSI_DATA,44064,d8:b1:90:db:e8:90,-50,11,1,7,0,0,1,0,0,0,1,-95,0,8,0,689178231,0,100,0,128,1,"[100,-64,5,0,-12,-21,-12,-21,-12,-21,-12,-20,-13,-20,-13,-19,-13,-19,-13,-19,-14,-18,-14,-18,-14,-17,-15,-17,-15,-17,-14,-17,-14,-17,-15,-17,-15,-17,-14,-18,-14,-18,-13,-17,-12,-17,-12,-17,-11,-17,-11,-18,-10,-19,-3,-5,0,0,0,0,0,0,0,0,0,0,0,0,0,0,0,0,0,0,-3,-3,-9,-12,-9,-12,-9,-13,-9,-14,-9,-15,-9,-15,-8,-15,-8,-16,-8,-17,-8,-17,-8,-18,-8,-19,-8,-19,-8,-19,-8,-19,-9,-19,-9,-19,-9,-20,-9,-20,-10,-20,-10,-20,-11,-20,-11,-20,-11,-20,-11,-20,-11,-21]"
CSI_DATA,44065,d8:b1:90:db:e8:90,-50,11,1,7,0,0,1,0,0,0,1,-95,0,8,0,689188370,0,100,0,128,1,"[100,-64,5,0,-7,22,-7,22,-6,22,-6,22,-5,22,-5,21,-5,21,-4,21,-4,21,-3,21,-3,21,-2,21,-2,21,-2,21,-2,21,-2,21,-2,21,-3,21,-3,21,-4,20,-4,19,-5,19,-5,19,-6,19,-7,19,-2,4,0,0,0,0,0,0,0,0,0,0,0,0,0,0,0,0,0,0,-1,3,-2,14,-2,14,-3,14,-4,15,-4,15,-5,16,-5,16,-6,16,-6,17,-7,17,-7,17,-8,18,-8,18,-8,18,-8,18,-8,18,-8,18,-8,19,-7,19,-8,20,-8,20,-7,21,-7,21,-6,21,-6,21,-6,21]"
CSI_DATA,44066,d8:b1:90:db:e8:90,-50,11,1,7,0,0,1,0,0,0,1,-95,0,8,0,689200914,0,100,0,128,1,"[100,-64,5,0,-4,-23,-4,-23,-5,-23,-5,-23,-6,-22,-6,-22,-6,-22,-7,-21,-7,-21,-7,-21,-8,-21,-8,-20,-9,-20,-9,-20,-9,-20,-9,-20,-9,-20,-8,-20,-8,-20,-7,-20,-7,-19,-6,-19,-6,-19,-5,-20,-4,-20,-1,-5,0,0,0,0,0,0,0,0,0,0,0,0,0,0,0,0,0,0,-1,-4,-4,-14,-3,-14,-3,-15,-3,-16,-2,-16,-2,-17,-2,-17,-2,-17,-1,-18,-1,-19,0,-19,0,-20,0,-20,0,-20,-1,-20,-1,-20,-1,-21,-1,-21,-2,-21,-2,-22,-2,-22,-3,-22,-3,-22,-3,-22,-3,-22,-3,-22]"
CSI_DATA,44067,d8:b1:90:db:e8:90,-50,11,1,7,0,0,1,0,0,0,1,-95,0,8,0,689215717,0,100,0,128,1,"[100,-64,5,0,20,15,20,16,20,15,20,15,20,14,20,14,21,13,21,12,21,12,21,12,21,12,21,12,21,11,21,11,21,11,21,11,21,11,20,11,20,11,19,12,19,12,18,13,17,13,16,14,16,15,3,3,0,0,0,0,0,0,0,0,0,0,0,0,0,0,0,0,0,0,2,2,11,9,12,9,12,10,12,10,12,11,13,11,13,12,14,12,14,13,14,14,14,14,14,15,14,16,14,16,15,16,15,16,16,16,16,16,17,16,18,16,18,16,18,16,18,16,18,16,18,16,19,16]"
CSI_DATA,44068,d8:b1:90:db:e8:90,-50,11,1,7,0,0,1,0,0,0,1,-95,0,8,0,689235005,0,100,0,128,1,"[100,-64,5,0,-19,-11,-19,-11,-19,-11,-18,-10,-18,-10,-18,-10,-18,-9,-19,-8,-19,-7,-19,-7,-19,-7,-19,-7,-19,-6,-19,-7,-19,-7,-19,-7,-19,-7,-18,-7,-18,-7,-18,-7,-18,-7,-17,-8,-17,-8,-17,-8,-16,-9,-4,-3,0,0,0,0,0,0,0,0,0,0,0,0,0,0,0,0,0,0,-3,-2,-11,-7,-12,-7,-12,-7,-12,-8,-12,-9,-12,-9,-14,-8,-15,-8,-14,-9,-14,-10,-13,-10,-14,-11,-14,-11,-15,-11,-15,-11,-15,-10,-15,-10,-16,-10,-16,-10,-17,-10,-17,-10,-17,-11,-18,-11,-18,-11,-18,-11,-18,-12]"
CSI_DATA,44069,d8:b1:90:db:e8:90,-49,11,1,7,0,0,1,0,0,0,1,-95,0,8,0,689245128,0,100,0,128,1,"[100,-64,5,0,13,-18,13,-18,13,-18,12,-18,12,-18,11,-18,11,-18,10,-19,10,-19,9,-19,9,-19,9,-19,8,-19,8,-19,9,-19,9,-19,9,-19,9,-19,9,-18,9,-18,9,-17,9,-16,9,-16,10,-16,11,-16,2,-4,0,0,0,0,0,0,0,0,0,0,0,0,0,0,0,0,0,0,1,-3,5,-11,6,-11,7,-11,8,-12,9,-12,10,-12,11,-12,11,-13,12,-13,12,-13,13,-12,13,-12,13,-12,14,-13,14,-13,14,-13,14,-13,14,-14,14,-14,14,-14,14,-15,14,-15,14,-15,14,-15,14,-16,14,-17]"
CSI_DATA,44070,d8:b1:90:db:e8:90,-50,11,1,7,0,0,1,0,0,0,1,-95,0,8,0,689268550,0,100,0,128,1,"[100,-64,5,0,15,17,15,17,15,17,16,16,16,15,16,14,17,14,17,12,17,12,17,11,18,11,18,11,19,10,18,11,18,11,18,11,17,11,17,12,16,12,16,12,15,12,15,12,14,12,13,13,13,14,3,3,0,0,0,0,0,0,0,0,0,0,0,0,0,0,0,0,0,0,2,1,11,6,11,7,11,7,11,8,11,9,11,9,12,10,12,11,12,12,12,13,12,14,12,14,12,15,11,15,11,15,11,15,11,15,11,16,11,16,11,16,12,16,12,16,14,16,14,15,15,16,15,16]"
CSI_DATA,44071,d8:b1:90:db:e8:90,-50,11,1,7,0,0,1,0,0,0,1,-95,0,8,0,689284385,0,100,0,128,1,"[100,-64,5,0,-16,17,-16,17,-15,17,-14,17,-14,16,-14,16,-14,17,-13,17,-12,18,-12,18,-12,18,-11,18,-11,18,-11,18,-12,18,-12,17,-12,17,-12,16,-12,16,-13,15,-13,15,-13,14,-14,14,-14,13,-15,12,-4,3,0,0,0,0,0,0,0,0,0,0,0,0,0,0,0,0,0,0,-2,2,-8,10,-9,10,-10,10,-10,10,-11,10,-11,11,-11,12,-11,13,-12,13,-12,13,-12,14,-12,14,-12,14,-13,14,-13,14,-14,14,-14,14,-14,14,-14,15,-14,15,-15,15,-15,16,-15,16,-15,17,-15,17,-15,17]"
CSI_DATA,44072,d8:b1:90:db:e8:90,-50,11,1,7,0,0,1,0,0,0,1,-95,0,8,0,689294677,0,100,0,128,1,"[100,-64,5,0,22,-5,22,-5,22,-5,21,-6,21,-6,21,-6,20,-7,20,-8,20,-8,20,-8,20,-9,19,-9,19,-10,19,-10,19,-9,19,-9,19,-8,19,-8,19,-7,19,-7,19,-6,19,-5,19,-5,19,-4,19,-3,4,-1,0,0,0,0,0,0,0,0,0,0,0,0,0,0,0,0,0,0,3,-1,13,-3,13,-3,13,-2,14,-2,15,-2,15,-2,16,-4,16,-4,17,-3,17,-3,18,-4,18,-4,18,-4,18,-4,18,-3,19,-3,19,-4,19,-4,20,-4,20,-4,21,-4,21,-4,21,-4,22,-4,22,-5,22,-5]"
CSI_DATA,44073,d8:b1:90:db:e8:90,-50,11,1,7,0,0,1,0,0,0,1,-95,0,8,0,689306427,0,100,0,128,1,"[100,-64,5,0,-12,-21,-12,-21,-12,-21,-12,-20,-12,-20,-12,-19,-12,-19,-14,-18,-14,-18,-14,-18,-14,-17,-15,-17,-15,-17,-15,-17,-15,-17,-15,-17,-14,-17,-14,-17,-14,-17,-13,-17,-13,-17,-12,-17,-12,-17,-11,-18,-11,-18,-3,-5,0,0,0,0,0,0,0,0,0,0,0,0,0,0,0,0,0,0,-2,-4,-7,-13,-8,-13,-8,-14,-7,-14,-7,-15,-7,-15,-8,-15,-8,-15,-8,-16,-8,-17,-8,-18,-8,-18,-8,-19,-8,-19,-8,-19,-8,-19,-8,-19,-9,-20,-9,-20,-10,-20,-10,-20,-10,-20,-10,-20,-10,-20,-11,-20,-11,-21]"
CSI_DATA,44074,d8:b1:90:db:e8:90,-50,11,1,7,0,0,1,0,0,0,1,-95,0,8,0,689317942,0,100,0,128,1,"[100,-64,5,0,2,25,2,25,2,25,2,25,3,24,3,24,4,24,5,24,6,23,6,23,6,23,6,23,6,23,7,23,7,23,6,23,6,23,6,23,6,22,5,22,5,22,4,21,3,22,2,22,2,23,0,5,0,0,0,0,0,0,0,0,0,0,0,0,0,0,0,0,0,0,0,3,2,15,2,15,2,16,2,16,2,17,1,17,2,18,1,18,1,19,1,20,0,21,0,21,0,21,0,22,0,22,0,22,0,22,0,23,1,23,1,24,1,24,2,24,2,24,2,24,2,25,2,25]"
CSI_DATA,44075,d8:b1:90:db:e8:90,-50,11,1,7,0,0,1,0,0,0,1,-95,0,8,0,689336635,0,100,0,128,1,"[100,-64,5,0,17,12,17,12,17,12,17,11,16,11,16,11,17,10,17,10,18,10,18,9,18,9,17,8,17,8,17,8,17,9,17,9,17,9,17,9,16,9,16,10,16,10,15,10,15,10,14,11,14,11,3,3,0,0,0,0,0,0,0,0,0,0,0,0,0,0,0,0,0,0,2,1,10,5,10,7,11,8,10,9,10,9,10,9,11,10,12,11,12,11,12,11,12,11,12,11,12,12,13,12,13,12,13,12,14,12,14,12,14,12,15,12,15,12,16,12,16,12,16,12,16,12,16,13]"
CSI_DATA,44076,d8:b1:90:db:e8:90,-50,11,1,7,0,0,1,0,0,0,1,-95,0,8,0,689369982,0,100,0,128,1,"[100,-64,5,0,-25,2,-25,2,-24,2,-24,2,-23,3,-23,3,-23,4,-23,4,-23,5,-22,5,-22,5,-22,6,-22,6,-22,6,-22,6,-22,6,-22,5,-22,5,-21,5,-21,5,-21,4,-21,4,-21,3,-21,2,-21,1,-6,0,0,0,0,0,0,0,0,0,0,0,0,0,0,0,0,0,0,0,-4,0,-15,2,-15,1,-15,0,-16,0,-16,0,-17,0,-18,0,-18,-1,-19,-1,-19,-2,-20,-2,-20,-2,-20,-3,-20,-3,-21,-2,-21,-2,-21,-2,-22,-1,-22,-1,-23,0,-23,0,-23,0,-23,1,-24,1,-24,1,-24,1]"
CSI_DATA,44077,d8:b1:90:db:e8:90,-50,11,1,7,0,0,1,0,0,0,1,-95,0,8,0,689380960,0,100,0,128,1,"[100,-64,5,0,24,8,24,8,24,8,24,8,24,8,23,8,23,7,23,6,23,5,23,5,23,4,23,3,23,3,23,3,23,3,23,3,23,4,23,4,22,5,22,5,21,5,21,5,20,6,20,7,20,7,5,2,0,0,0,0,0,0,0,0,0,0,0,0,0,0,0,0,0,0,3,0,15,2,15,3,15,3,15,4,15,4,16,5,16,6,17,6,17,7,18,7,19,8,19,8,20,8,20,8,20,8,20,8,20,8,20,8,21,8,21,8,22,8,22,8,23,8,23,8,23,8,24,8]"
CSI_DATA,44078,d8:b1:90:db:e8:90,-50,11,1,7,0,0,1,0,0,0,1,-95,0,8,0,689393726,0,100,0,128,1,"[100,-64,5,0,-1,25,-1,25,-1,25,-1,25,-1,25,0,24,0,24,1,24,2,23,2,23,2,23,3,23,3,23,3,23,3,23,3,23,3,23,2,23,2,22,1,22,1,22,0,21,0,21,-1,21,-2,21,-1,5,0,0,0,0,0,0,0,0,0,0,0,0,0,0,0,0,0,0,0,3,2,14,1,14,1,15,1,15,0,16,0,16,-1,17,-1,17,-2,18,-2,19,-2,20,-2,21,-2,21,-2,21,-2,21,-2,21,-2,21,-2,21,-1,22,-1,23,-1,23,-1,24,-1,24,-1,24,-1,24,-1,25]"
CSI_DATA,44079,d8:b1:90:db:e8:90,-50,11,1,7,0,0,1,0,0,0,1,-95,0,8,0,689406992,0,100,0,128,1,"[100,-64,5,0,-22,6,-22,6,-22,6,-22,7,-22,6,-21,6,-21,7,-20,7,-19,8,-19,8,-19,9,-20,9,-20,9,-19,9,-19,9,-20,9,-20,8,-20,8,-19,7,-19,7,-19,7,-19,6,-19,6,-19,5,-19,4,-5,1,0,0,0,0,0,0,0,0,0,0,0,0,0,0,0,0,0,0,-4,1,-13,5,-13,4,-14,4,-14,3,-15,3,-16,3,-16,2,-17,2,-17,2,-17,2,-18,2,-18,2,-18,2,-19,1,-19,1,-19,1,-19,1,-20,2,-20,3,-21,3,-21,3,-21,4,-21,5,-22,5,-22,6,-22,5]"
CSI_DATA,44080,d8:b1:90:db:e8:90,-50,11,1,7,0,0,1,0,0,0,1,-95,0,8,0,689419031,0,100,0,128,1,"[100,-64,5,0,-19,-19,-19,-19,-19,-18,-19,-18,-19,-18,-19,-17,-19,-17,-20,-17,-20,-16,-20,-16,-20,-16,-20,-15,-20,-15,-20,-15,-20,-15,-20,-15,-20,-15,-19,-16,-19,-16,-18,-16,-18,-16,-17,-16,-16,-17,-16,-17,-15,-18,-4,-5,0,0,0,0,0,0,0,0,0,0,0,0,0,0,0,0,0,0,-3,-3,-11,-10,-11,-11,-11,-12,-11,-13,-11,-13,-11,-14,-12,-14,-12,-15,-12,-16,-12,-17,-13,-17,-13,-17,-13,-18,-13,-18,-14,-18,-14,-18,-15,-18,-15,-18,-15,-18,-16,-18,-16,-18,-16,-19,-17,-19,-17,-19,-17,-19,-17,-19]"
CSI_DATA,44081,d8:b1:90:db:e8:90,-50,11,1,7,0,0,1,0,0,0,1,-95,0,8,0,689435179,0,100,0,128,1,"[100,-64,5,0,20,5,21,5,21,5,21,5,21,5,21,5,21,5,21,4,21,4,21,3,21,3,21,3,20,3,21,3,21,3,21,3,21,3,20,4,20,4,19,4,19,5,19,5,18,6,18,7,18,7,4,2,0,0,0,0,0,0,0,0,0,0,0,0,0,0,0,0,0,0,3,1,12,3,12,4,12,5,13,5,13,6,13,7,14,6,14,6,16,7,16,7,16,7,16,7,17,8,17,8,17,7,17,7,17,7,18,6,18,6,18,6,19,7,19,7,20,7,20,7,20,7,20,7]"
CSI_DATA,44082,d8:b1:90:db:e8:90,-50,11,1,7,0,0,1,0,0,0,1,-95,0,8,0,689447636,0,100,0,128,1,"[100,-64,5,0,19,9,19,9,19,8,20,7,20,7,20,6,20,6,20,6,20,5,20,5,20,5,19,4,19,4,20,4,20,4,20,5,19,5,19,5,19,6,19,6,19,6,18,7,17,7,17,8,16,9,4,2,0,0,0,0,0,0,0,0,0,0,0,0,0,0,0,0,0,0,2,1,11,5,11,5,11,4,12,5,12,6,11,7,12,7,14,8,14,9,14,9,14,10,14,10,14,10,15,10,15,10,16,10,16,10,16,10,16,10,17,10,17,10,18,10,19,9,19,9,19,9,19,9]"
CSI_DATA,44083,d8:b1:90:db:e8:90,-50,11,1,7,0,0,1,0,0,0,1,-95,0,8,0,689469693,0,100,0,128,1,"[100,-64,5,0,-12,-22,-12,-22,-12,-22,-13,-21,-14,-21,-14,-20,-14,-19,-15,-19,-15,-18,-15,-18,-15,-18,-16,-17,-16,-17,-16,-18,-16,-18,-16,-18,-16,-18,-16,-18,-15,-17,-15,-17,-14,-17,-14,-18,-13,-18,-12,-19,-11,-19,-3,-5,0,0,0,0,0,0,0,0,0,0,0,0,0,0,0,0,0,0,-2,-4,-7,-13,-7,-14,-7,-14,-7,-15,-6,-16,-6,-16,-6,-17,-7,-17,-7,-18,-6,-19,-6,-20,-6,-20,-6,-21,-6,-21,-6,-21,-7,-21,-7,-21,-8,-21,-9,-21,-9,-21,-10,-21,-10,-21,-11,-22,-11,-22,-11,-22,-10,-23]"
CSI_DATA,44084,d8:b1:90:db:e8:90,-50,11,1,7,0,0,1,0,0,0,1,-95,0,8,0,689490522,0,100,0,128,1,"[100,-64,5,0,-2,24,-2,24,-2,24,-2,24,-2,24,-1,23,0,23,1,22,1,22,2,22,2,22,2,22,3,22,3,22,3,22,3,22,2,22,2,22,1,22,1,21,0,21,0,21,-1,21,-1,21,-2,21,-1,5,0,0,0,0,0,0,0,0,0,0,0,0,0,0,0,0,0,0,0,3,0,14,-1,14,-1,15,-2,15,-2,16,-2,16,-2,17,-3,17,-3,18,-3,18,-3,19,-3,19,-4,19,-4,20,-4,20,-4,21,-4,21,-4,21,-4,21,-3,22,-3,22,-3,22,-3,23,-3,23,-3,23,-2,23]"
CSI_DATA,44085,d8:b1:90:db:e8:90,-50,11,1,7,0,0,1,0,0,0,1,-95,0,8,0,689504693,0,100,0,128,1,"[100,-64,5,0,21,12,21,12,21,12,21,12,21,12,20,11,20,10,20,9,20,8,20,8,21,8,21,7,21,7,21,7,21,8,21,8,21,8,20,8,20,8,20,8,19,9,19,9,18,10,18,10,17,11,4,2,0,0,0,0,0,0,0,0,0,0,0,0,0,0,0,0,0,0,3,1,13,6,13,7,13,7,13,8,13,8,13,9,14,9,14,10,14,10,15,11,15,11,15,11,16,12,16,12,17,12,17,12,17,12,17,12,17,12,17,13,18,13,18,12,19,12,19,13,19,13,20,13]"
CSI_DATA,44086,d8:b1:90:db:e8:90,-50,11,1,7,0,0,1,0,0,0,1,-95,0,8,0,689515778,0,100,0,128,1,"[100,-64,5,0,-13,20,-13,20,-13,20,-13,20,-13,20,-12,20,-12,20,-11,20,-11,20,-10,20,-10,20,-10,21,-10,21,-10,21,-10,21,-9,21,-9,20,-10,20,-10,19,-10,19,-11,19,-11,18,-11,18,-12,17,-13,17,-4,4,0,0,0,0,0,0,0,0,0,0,0,0,0,0,0,0,0,0,-2,3,-8,13,-9,13,-9,12,-9,12,-10,12,-11,13,-11,14,-12,14,-12,14,-13,14,-13,15,-13,15,-14,15,-14,16,-14,16,-14,16,-14,17,-14,17,-14,17,-15,17,-15,18,-15,18,-15,19,-15,19,-14,19,-14,19]"
CSI_DATA,44087,d8:b1:90:db:e8:90,-50,11,1,7,0,0,1,0,0,0,1,-95,0,8,0,689528162,0,100,0,128,1,"[100,-64,5,0,-25,-3,-25,-3,-25,-3,-25,-2,-24,-2,-24,-1,-24,-1,-24,0,-24,0,-24,0,-24,1,-23,1,-23,2,-23,2,-23,2,-23,2,-23,1,-23,1,-22,1,-22,0,-22,0,-22,0,-22,-1,-21,-2,-21,-3,-6,-1,0,0,0,0,0,0,0,0,0,0,0,0,0,0,0,0,0,0,-4,-1,-15,-1,-15,-1,-16,-2,-17,-3,-17,-3,-17,-3,-18,-4,-18,-4,-19,-5,-19,-5,-20,-6,-20,-6,-20,-6,-20,-6,-21,-6,-21,-6,-21,-6,-21,-6,-22,-5,-22,-5,-23,-5,-23,-5,-24,-4,-24,-4,-24,-4,-24,-5]"
CSI_DATA,44088,d8:b1:90:db:e8:90,-50,11,1,7,0,0,1,0,0,0,1,-95,0,8,0,689540028,0,100,0,128,1,"[100,-64,5,0,10,19,10,19,11,18,11,17,12,17,12,16,12,16,12,16,12,16,13,15,13,15,13,15,13,15,13,15,13,15,13,15,13,15,13,15,12,15,12,15,12,15,11,15,10,15,9,16,9,16,2,4,0,0,0,0,0,0,0,0,0,0,0,0,0,0,0,0,0,0,1,2,6,9,7,11,7,12,7,12,8,13,7,14,6,14,6,14,7,15,7,16,7,16,6,17,6,17,6,17,7,17,7,17,7,17,7,17,8,17,8,17,9,18,9,18,9,18,9,18,10,18,10,18]"
CSI_DATA,44089,d8:b1:90:db:e8:90,-50,11,1,7,0,0,1,0,0,0,1,-95,0,8,0,689554938,0,100,0,128,1,"[100,-64,5,0,1,24,1,24,1,24,2,24,2,24,2,24,3,23,4,22,4,22,5,21,5,21,5,22,6,22,6,22,6,22,6,22,6,22,5,22,5,21,4,21,4,21,3,21,2,21,2,21,1,21,0,5,0,0,0,0,0,0,0,0,0,0,0,0,0,0,0,0,0,0,0,3,2,14,2,14,1,15,1,15,0,16,0,17,0,17,0,18,0,18,-1,19,-1,20,-2,20,-2,20,-2,21,-2,21,-2,22,-1,22,-1,22,0,22,0,22,1,22,1,23,1,24,1,24,1,24,1,24]"
CSI_DATA,44090,d8:b1:90:db:e8:90,-52,11,1,7,0,0,1,0,0,0,1,-94,0,8,0,689572962,0,100,0,128,1,"[100,-64,5,0,-22,-8,-22,-8,-22,-8,-22,-8,-22,-8,-22,-7,-21,-7,-21,-6,-21,-5,-21,-5,-21,-5,-21,-5,-22,-4,-22,-4,-21,-4,-21,-4,-21,-4,-21,-5,-20,-5,-20,-5,-20,-5,-19,-6,-19,-7,-19,-8,-18,-8,-5,-3,0,0,0,0,0,0,0,0,0,0,0,0,0,0,0,0,0,0,-4,-1,-13,-4,-13,-4,-13,-5,-14,-5,-14,-6,-14,-6,-15,-6,-15,-6,-16,-7,-16,-8,-16,-8,-17,-9,-17,-9,-17,-9,-18,-9,-18,-9,-18,-9,-19,-9,-19,-8,-19,-8,-19,-8,-20,-8,-21,-8,-21,-9,-21,-9,-21,-9]"
CSI_DATA,44091,d8:b1:90:db:e8:90,-58,11,1,7,0,0,1,0,0,0,1,-94,0,8,0,689586442,0,100,0,128,1,"[100,-64,5,0,-22,3,-22,4,-22,4,-24,2,-25,1,-25,2,-25,1,-26,-1,-26,-2,-26,-1,-26,1,-24,5,-22,7,-22,8,-24,6,-27,1,-28,-1,-27,-1,-25,0,-20,1,-17,1,-17,2,-16,5,-14,10,-14,12,-4,3,0,0,0,0,0,0,0,0,0,0,0,0,0,0,0,0,0,0,-2,1,-9,5,-9,5,-10,5,-10,5,-11,5,-12,5,-12,5,-13,5,-14,5,-14,5,-14,5,-14,5,-14,5,-15,5,-17,6,-18,7,-18,7,-18,7,-19,7,-20,8,-20,8,-20,7,-19,5,-19,5,-19,4,-19,1]"
CSI_DATA,44092,d8:b1:90:db:e8:90,-52,11,1,7,0,0,1,0,0,0,1,-94,0,8,0,689598572,0,100,0,128,1,"[100,-64,5,0,13,-18,14,-18,14,-19,14,-19,13,-18,13,-18,12,-19,12,-19,11,-19,11,-20,11,-20,11,-20,11,-20,10,-20,11,-20,11,-20,11,-19,11,-19,11,-18,11,-18,12,-18,12,-17,13,-16,13,-16,13,-15,3,-4,0,0,0,0,0,0,0,0,0,0,0,0,0,0,0,0,0,0,1,-3,7,-12,7,-12,8,-12,8,-13,9,-13,9,-13,10,-13,11,-13,11,-13,12,-13,13,-13,13,-13,13,-14,13,-14,13,-14,13,-14,13,-14,13,-14,13,-15,13,-15,13,-16,13,-16,13,-17,13,-17,14,-18,14,-18]"
CSI_DATA,44093,d8:b1:90:db:e8:90,-52,11,1,7,0,0,1,0,0,0,1,-94,0,8,0,689609479,0,100,0,128,1,"[100,-64,5,0,-23,-6,-23,-6,-23,-6,-23,-6,-22,-5,-22,-5,-22,-4,-22,-3,-22,-3,-23,-3,-23,-3,-23,-2,-23,-2,-23,-2,-22,-2,-22,-2,-22,-3,-22,-3,-22,-3,-21,-4,-21,-4,-21,-5,-21,-5,-20,-6,-20,-7,-5,-2,0,0,0,0,0,0,0,0,0,0,0,0,0,0,0,0,0,0,-4,-1,-14,-2,-14,-3,-14,-4,-15,-4,-15,-5,-16,-5,-16,-5,-16,-6,-17,-6,-17,-7,-17,-7,-18,-8,-18,-8,-18,-8,-18,-8,-18,-8,-18,-8,-19,-7,-19,-7,-20,-7,-20,-7,-21,-6,-21,-6,-22,-6,-22,-6,-22,-6]"
CSI_DATA,44094,d8:b1:90:db:e8:90,-51,11,1,7,0,0,1,0,0,0,1,-94,0,8,0,689625001,0,100,0,128,1,"[100,-64,5,0,-21,-12,-21,-13,-21,-13,-21,-12,-21,-12,-21,-12,-21,-11,-21,-10,-21,-9,-22,-9,-22,-8,-22,-8,-22,-7,-22,-7,-22,-8,-22,-8,-21,-8,-21,-9,-21,-9,-20,-9,-20,-10,-20,-10,-19,-10,-19,-11,-18,-12,-5,-4,0,0,0,0,0,0,0,0,0,0,0,0,0,0,0,0,0,0,-3,-2,-12,-7,-12,-8,-12,-9,-12,-10,-12,-10,-12,-10,-13,-11,-13,-12,-13,-12,-14,-13,-14,-12,-15,-13,-15,-13,-15,-13,-15,-13,-16,-13,-16,-13,-16,-13,-17,-14,-17,-14,-18,-14,-18,-14,-18,-14,-19,-14,-19,-14,-19,-13]"
CSI_DATA,44095,d8:b1:90:db:e8:90,-51,11,1,7,0,0,1,0,0,0,1,-94,0,8,0,689638426,0,100,0,128,1,"[100,-64,5,0,20,-6,20,-6,20,-6,20,-6,20,-7,20,-7,19,-8,19,-9,19,-9,19,-9,19,-9,18,-9,18,-9,18,-9,19,-9,19,-9,19,-8,18,-8,18,-8,18,-7,19,-7,19,-6,19,-5,18,-5,18,-4,4,-1,0,0,0,0,0,0,0,0,0,0,0,0,0,0,0,0,0,0,3,-2,12,-5,11,-5,12,-4,12,-3,13,-2,13,-1,13,-1,14,-2,15,-2,16,-2,16,-2,16,-2,17,-2,17,-1,17,-2,17,-2,17,-2,18,-3,18,-3,19,-4,19,-4,20,-4,20,-5,20,-5,20,-5,20,-5]"
CSI_DATA,44096,d8:b1:90:db:e8:90,-51,11,1,7,0,0,1,0,0,0,1,-94,0,8,0,689648916,0,100,0,128,1,"[100,-64,5,0,-4,-21,-4,-21,-4,-21,-4,-21,-5,-21,-5,-21,-6,-21,-7,-21,-7,-20,-8,-20,-8,-20,-8,-20,-8,-20,-7,-20,-7,-20,-7,-20,-7,-20,-7,-20,-6,-20,-6,-20,-5,-20,-5,-20,-4,-20,-3,-19,-3,-19,-1,-5,0,0,0,0,0,0,0,0,0,0,0,0,0,0,0,0,0,0,-1,-4,-3,-13,-3,-13,-2,-13,-1,-13,-1,-14,-1,-15,0,-16,0,-17,0,-17,1,-17,0,-17,0,-18,0,-18,0,-18,0,-18,0,-18,-1,-19,-1,-19,-1,-20,-2,-20,-2,-20,-2,-21,-3,-21,-3,-21,-3,-21,-3,-22]"
CSI_DATA,44097,d8:b1:90:db:e8:90,-51,11,1,7,0,0,1,0,0,0,1,-94,0,8,0,689676619,0,100,0,128,1,"[100,-64,5,0,2,-23,2,-23,2,-23,2,-22,1,-22,1,-22,0,-22,-1,-22,-2,-21,-2,-21,-2,-21,-3,-21,-3,-21,-3,-21,-3,-22,-3,-21,-3,-21,-3,-21,-2,-21,-2,-21,-1,-20,0,-20,0,-20,0,-20,1,-20,0,-5,0,0,0,0,0,0,0,0,0,0,0,0,0,0,0,0,0,0,0,-4,0,-14,0,-14,0,-15,1,-15,1,-16,1,-16,1,-16,2,-17,2,-17,3,-18,3,-18,4,-18,4,-19,4,-19,4,-19,3,-19,3,-19,3,-20,3,-20,2,-20,2,-21,2,-21,2,-21,3,-21,3,-21,3,-22]"
CSI_DATA,44098,d8:b1:90:db:e8:90,-51,11,1,7,0,0,1,0,0,0,1,-94,0,8,0,689687418,0,100,0,128,1,"[100,-64,5,0,-23,-7,-24,-7,-23,-7,-23,-6,-23,-6,-23,-6,-23,-5,-23,-4,-24,-3,-24,-2,-23,-2,-23,-2,-23,-2,-23,-2,-23,-2,-23,-2,-22,-2,-22,-3,-22,-3,-22,-3,-22,-3,-22,-4,-21,-4,-21,-6,-21,-7,-6,-2,0,0,0,0,0,0,0,0,0,0,0,0,0,0,0,0,0,0,-4,-1,-15,-4,-15,-4,-15,-5,-16,-5,-16,-5,-16,-6,-17,-6,-17,-7,-17,-8,-18,-8,-18,-9,-18,-9,-18,-10,-18,-9,-19,-9,-20,-9,-20,-9,-21,-9,-21,-9,-21,-9,-21,-9,-22,-8,-23,-8,-23,-8,-23,-8,-23,-8]"
CSI_DATA,44099,d8:b1:90:db:e8:90,-51,11,1,7,0,0,1,0,0,0,1,-94,0,8,0,689699588,0,100,0,128,1,"[100,-64,5,0,9,21,9,21,9,21,10,20,10,20,10,20,10,19,10,19,11,18,11,18,11,18,12,17,12,18,12,18,13,18,13,18,13,18,12,18,12,18,11,18,11,18,10,18,9,18,9,18,8,18,1,4,0,0,0,0,0,0,0,0,0,0,0,0,0,0,0,0,0,0,1,3,7,13,6,13,5,13,5,14,5,15,5,16,4,16,4,17,4,18,4,18,4,19,3,19,3,19,4,19,4,19,5,20,5,20,5,20,6,21,6,21,6,21,7,21,7,21,8,21,8,21,8,21]"
CSI_DATA,44100,d8:b1:90:db:e8:90,-51,11,1,7,0,0,1,0,0,0,1,-94,0,8,0,689714964,0,100,0,128,1,"[100,-64,5,0,-27,4,-27,4,-26,4,-26,4,-26,5,-25,5,-25,5,-24,6,-24,6,-24,7,-24,7,-24,8,-24,8,-24,8,-24,8,-24,9,-24,9,-24,8,-24,7,-24,7,-24,6,-24,6,-23,5,-23,4,-23,3,-6,0,0,0,0,0,0,0,0,0,0,0,0,0,0,0,0,0,0,0,-5,1,-17,4,-17,3,-18,2,-18,2,-19,1,-19,1,-20,1,-21,0,-21,0,-22,-1,-22,-1,-22,-1,-23,-1,-23,-1,-23,-1,-24,0,-24,0,-25,0,-25,1,-25,1,-26,1,-26,2,-26,3,-26,3,-26,3,-26,3]"
CSI_DATA,44101,d8:b1:90:db:e8:90,-51,11,1,7,0,0,1,0,0,0,1,-94,0,8,0,689725066,0,100,0,128,1,"[100,-64,5,0,24,9,24,9,24,8,24,7,25,7,25,6,24,5,23,5,23,4,23,4,23,4,24,4,24,4,23,4,23,4,24,4,23,5,23,5,23,5,23,5,22,6,22,6,21,7,21,8,20,9,5,2,0,0,0,0,0,0,0,0,0,0,0,0,0,0,0,0,0,0,3,1,15,4,15,4,16,5,16,5,16,6,17,6,17,6,18,7,18,8,18,8,19,8,19,8,20,8,20,8,20,8,20,9,20,9,20,9,21,9,21,9,21,9,22,9,23,9,23,9,23,9,23,9]"
CSI_DATA,44102,d8:b1:90:db:e8:90,-52,11,1,7,0,0,1,0,0,0,1,-94,0,8,0,689735182,0,100,0,128,1,"[100,-64,5,0,21,6,21,6,21,6,22,5,22,5,21,4,21,4,21,3,20,3,20,3,20,2,21,2,21,2,21,3,21,3,21,3,21,3,20,4,20,4,19,4,19,4,19,5,19,5,18,6,18,7,4,1,0,0,0,0,0,0,0,0,0,0,0,0,0,0,0,0,0,0,3,0,13,3,13,3,14,3,14,4,14,4,15,5,15,5,15,5,16,6,16,6,17,6,17,6,17,6,17,6,18,7,18,7,18,6,18,6,18,6,19,7,19,7,19,7,20,6,20,6,21,6,21,6]"
CSI_DATA,44103,d8:b1:90:db:e8:90,-51,11,1,7,0,0,1,0,0,0,1,-94,0,8,0,689745869,0,100,0,128,1,"[100,-64,5,0,20,-8,20,-8,20,-8,19,-8,19,-8,19,-9,18,-9,18,-10,17,-11,17,-11,17,-11,16,-11,16,-11,16,-11,17,-11,17,-10,17,-10,17,-10,17,-10,17,-9,17,-9,17,-8,17,-7,17,-7,17,-6,4,-2,0,0,0,0,0,0,0,0,0,0,0,0,0,0,0,0,0,0,2,-2,10,-6,11,-7,12,-7,13,-7,13,-6,13,-6,14,-6,15,-6,16,-5,16,-5,16,-5,17,-5,17,-4,17,-4,18,-4,18,-4,18,-4,18,-5,18,-5,18,-6,18,-6,18,-7,19,-7,19,-7,20,-7,20,-8]"
CSI_DATA,44104,d8:b1:90:db:e8:90,-51,11,1,7,0,0,1,0,0,0,1,-94,0,8,0,689778174,0,100,0,128,1,"[100,-64,5,0,23,2,23,2,23,2,23,1,23,1,23,1,22,0,22,0,22,-1,22,-1,22,-2,22,-3,22,-3,21,-3,22,-3,22,-2,22,-2,22,-2,21,-1,21,-1,21,-1,21,0,20,1,20,2,20,2,5,0,0,0,0,0,0,0,0,0,0,0,0,0,0,0,0,0,0,0,3,-1,14,-1,15,0,15,1,15,1,15,2,16,2,16,2,17,3,17,3,17,4,18,4,18,5,18,5,18,5,19,5,19,5,19,5,19,5,20,5,20,4,21,4,21,4,22,4,22,4,22,4,22,4]"
CSI_DATA,44105,d8:b1:90:db:e8:90,-51,11,1,7,0,0,1,0,0,0,1,-94,0,8,0,689795538,0,100,0,128,1,"[100,-64,5,0,12,20,12,20,12,19,12,19,12,19,12,18,12,18,12,17,12,17,13,17,13,16,14,16,14,16,15,16,14,16,14,16,14,16,13,16,12,17,12,17,11,16,11,17,10,17,9,18,8,18,2,4,0,0,0,0,0,0,0,0,0,0,0,0,0,0,0,0,0,0,1,3,7,12,7,12,7,13,7,13,7,14,7,14,7,15,7,15,6,16,6,16,6,17,6,17,6,17,6,18,7,18,8,18,8,18,9,18,9,19,9,19,9,19,10,19,11,19,12,19,12,19,12,19]"
CSI_DATA,44106,d8:b1:90:db:e8:90,-51,11,1,7,0,0,1,0,0,0,1,-94,0,8,0,689805615,0,100,0,128,1,"[100,-64,5,0,14,20,14,20,14,20,15,20,15,19,15,19,15,18,15,18,15,17,15,17,15,17,16,16,17,16,17,16,17,16,17,16,16,16,16,16,15,17,15,17,14,17,13,17,12,18,11,19,11,19,2,4,0,0,0,0,0,0,0,0,0,0,0,0,0,0,0,0,0,0,2,3,9,13,9,13,9,13,9,14,8,14,8,15,8,15,9,16,9,16,8,17,8,18,8,18,8,18,8,18,9,18,10,18,10,19,11,19,11,19,11,19,12,19,12,19,13,20,14,20,14,20,14,20]"
CSI_DATA,44107,d8:b1:90:db:e8:90,-51,11,1,7,0,0,1,0,0,0,1,-94,0,8,0,689816242,0,100,0,128,1,"[100,-64,5,0,-25,4,-25,4,-25,4,-25,4,-24,4,-24,5,-24,5,-23,5,-23,6,-23,6,-23,7,-23,7,-23,7,-23,7,-23,7,-23,6,-23,6,-23,5,-23,5,-23,5,-23,4,-23,4,-22,3,-22,2,-22,1,-6,0,0,0,0,0,0,0,0,0,0,0,0,0,0,0,0,0,0,0,-4,0,-15,3,-16,2,-16,2,-17,2,-18,1,-18,1,-19,1,-19,0,-20,0,-20,0,-21,1,-21,1,-21,1,-22,1,-22,1,-22,1,-22,1,-22,2,-22,2,-22,3,-23,3,-23,3,-23,4,-24,4,-24,4,-24,4]"
CSI_DATA,44108,d8:b1:90:db:e8:90,-51,11,1,7,0,0,1,0,0,0,1,-94,0,8,0,689835592,0,100,0,128,1,"[100,-64,5,0,-22,10,-22,10,-21,10,-21,10,-20,11,-20,11,-20,11,-19,11,-19,12,-19,12,-19,12,-19,12,-18,13,-18,13,-19,12,-19,12,-19,12,-19,11,-19,11,-19,11,-19,10,-20,9,-20,8,-20,7,-20,7,-5,1,0,0,0,0,0,0,0,0,0,0,0,0,0,0,0,0,0,0,-4,1,-13,7,-13,6,-14,6,-15,6,-15,5,-16,6,-17,6,-17,6,-18,6,-18,6,-19,5,-19,5,-19,5,-19,5,-19,6,-19,6,-20,6,-20,7,-20,7,-20,7,-20,8,-20,8,-21,8,-21,9,-21,9,-21,9]"
CSI_DATA,44109,d8:b1:90:db:e8:90,-51,11,1,7,0,0,1,0,0,0,1,-94,0,8,0,689854993,0,100,0,128,1,"[100,-64,5,0,10,-21,10,-21,10,-21,10,-21,10,-22,9,-22,9,-22,8,-21,8,-21,7,-21,7,-22,7,-22,6,-22,7,-22,7,-22,7,-22,7,-22,8,-22,8,-21,8,-21,8,-21,9,-20,9,-19,10,-19,11,-18,3,-5,0,0,0,0,0,0,0,0,0,0,0,0,0,0,0,0,0,0,1,-4,7,-14,7,-14,7,-14,7,-14,7,-14,8,-15,8,-15,8,-15,9,-15,10,-15,10,-16,10,-17,11,-17,11,-17,11,-17,11,-17,11,-17,11,-18,11,-19,11,-20,11,-20,11,-20,11,-20,11,-21,11,-21,11,-21]"
CSI_DATA,44110,d8:b1:90:db:e8:90,-52,11,1,7,0,0,1,0,0,0,1,-94,0,8,0,689879354,0,100,0,128,1,"[100,-64,5,0,-10,-21,-9,-21,-10,-21,-10,-20,-10,-20,-11,-19,-11,-19,-11,-19,-12,-19,-12,-19,-12,-19,-12,-19,-12,-18,-12,-19,-12,-19,-12,-19,-12,-19,-12,-19,-11,-19,-11,-19,-10,-19,-10,-19,-9,-19,-8,-19,-7,-20,-2,-5,0,0,0,0,0,0,0,0,0,0,0,0,0,0,0,0,0,0,-2,-4,-7,-13,-7,-13,-6,-14,-5,-14,-5,-14,-5,-15,-5,-15,-5,-16,-5,-17,-5,-17,-5,-18,-5,-18,-5,-18,-4,-19,-5,-19,-5,-19,-5,-19,-5,-19,-6,-20,-6,-20,-7,-20,-7,-20,-7,-21,-8,-21,-8,-21,-8,-21]"
CSI_DATA,44111,d8:b1:90:db:e8:90,-51,11,1,7,0,0,1,0,0,0,1,-94,0,8,0,689901405,0,100,0,128,1,"[100,-64,5,0,18,16,18,16,18,16,18,16,18,15,18,15,18,14,18,14,19,14,19,14,19,14,19,14,18,14,19,14,18,14,18,14,18,14,17,14,17,14,16,14,16,15,15,15,14,16,14,16,13,16,3,4,0,0,0,0,0,0,0,0,0,0,0,0,0,0,0,0,0,0,2,2,10,10,10,11,10,11,10,12,10,13,9,13,9,14,9,15,9,16,10,16,10,16,11,17,10,17,11,17,11,16,12,15,12,15,13,16,13,16,13,16,14,16,15,17,16,17,16,17,16,17,17,17]"
CSI_DATA,44112,d8:b1:90:db:e8:90,-51,11,1,7,0,0,1,0,0,0,1,-94,0,8,0,689912357,0,100,0,128,1,"[100,-64,5,0,25,-4,25,-4,25,-4,25,-4,24,-5,24,-5,24,-5,24,-6,24,-7,24,-7,24,-7,24,-8,24,-8,24,-8,24,-8,24,-7,24,-7,24,-7,24,-6,24,-6,24,-5,23,-5,23,-4,23,-3,23,-1,5,-1,0,0,0,0,0,0,0,0,0,0,0,0,0,0,0,0,0,0,4,-1,16,-1,16,-1,17,-1,17,0,18,0,18,1,18,1,19,1,20,2,20,2,21,1,21,1,21,1,22,2,22,2,22,1,22,1,22,1,23,1,23,0,24,0,25,-1,26,-1,26,-2,26,-2,26,-2]"
CSI_DATA,44113,d8:b1:90:db:e8:90,-51,11,1,7,0,0,1,0,0,0,1,-94,0,8,0,689925864,0,100,0,128,1,"[100,-64,5,0,-23,-8,-23,-8,-23,-7,-23,-7,-23,-7,-23,-6,-23,-6,-23,-6,-23,-5,-23,-5,-23,-4,-23,-4,-24,-4,-24,-4,-23,-4,-23,-4,-23,-4,-22,-5,-22,-5,-22,-5,-22,-6,-21,-6,-21,-7,-20,-7,-20,-8,-5,-2,0,0,0,0,0,0,0,0,0,0,0,0,0,0,0,0,0,0,-4,-1,-15,-5,-15,-5,-15,-6,-16,-7,-16,-8,-16,-8,-16,-8,-16,-8,-17,-9,-17,-9,-18,-9,-18,-10,-18,-10,-19,-10,-19,-10,-19,-10,-20,-9,-20,-9,-20,-9,-21,-9,-21,-9,-22,-9,-22,-9,-22,-8,-22,-8,-22,-9]"
CSI_DATA,44114,d8:b1:90:db:e8:90,-51,11,1,7,0,0,1,0,0,0,1,-94,0,8,0,689936209,0,100,0,128,1,"[100,-64,5,0,-25,-1,-25,-1,-24,-1,-24,0,-24,0,-24,1,-24,1,-23,1,-23,2,-23,2,-23,3,-24,3,-24,3,-24,3,-24,3,-23,3,-23,3,-23,2,-23,2,-22,2,-22,1,-22,1,-22,0,-21,-1,-21,-2,-6,-1,0,0,0,0,0,0,0,0,0,0,0,0,0,0,0,0,0,0,-4,0,-16,0,-16,-1,-16,-2,-17,-3,-17,-3,-18,-3,-18,-3,-18,-3,-19,-3,-19,-4,-20,-4,-20,-4,-20,-4,-20,-4,-21,-4,-21,-4,-21,-3,-22,-3,-22,-3,-23,-3,-23,-3,-23,-2,-23,-2,-23,-2,-24,-2,-24,-2]"
CSI_DATA,44115,d8:b1:90:db:e8:90,-51,11,1,7,0,0,1,0,0,0,1,-94,0,8,0,689955614,0,100,0,128,1,"[100,-64,5,0,16,-16,16,-16,16,-16,15,-16,14,-16,14,-16,14,-16,13,-16,13,-16,13,-16,13,-17,12,-17,12,-17,12,-17,12,-17,12,-17,12,-17,12,-16,12,-16,12,-16,12,-15,13,-15,13,-14,13,-13,14,-12,3,-3,0,0,0,0,0,0,0,0,0,0,0,0,0,0,0,0,0,0,2,-3,10,-9,11,-9,12,-10,11,-10,12,-10,13,-11,14,-11,14,-10,14,-10,14,-10,14,-10,15,-10,15,-10,16,-10,16,-10,16,-10,15,-10,16,-11,16,-12,16,-12,16,-12,16,-13,16,-13,16,-14,17,-14,17,-14]"
CSI_DATA,44116,d8:b1:90:db:e8:90,-52,11,1,7,0,0,1,0,0,0,1,-92,0,8,0,689990688,0,100,0,128,1,"[100,-64,5,0,-14,17,-14,17,-14,17,-14,17,-13,17,-13,17,-12,18,-11,18,-11,18,-10,18,-10,18,-10,18,-10,19,-10,19,-10,19,-10,19,-10,19,-10,18,-10,18,-11,17,-11,17,-11,16,-12,15,-12,15,-12,14,-4,3,0,0,0,0,0,0,0,0,0,0,0,0,0,0,0,0,0,0,-2,2,-8,11,-9,11,-10,11,-11,11,-12,11,-12,11,-13,11,-13,11,-14,11,-14,11,-15,11,-15,11,-15,11,-15,11,-15,12,-15,13,-15,13,-15,13,-15,14,-14,15,-14,15,-14,15,-14,16,-14,16,-14,16,-14,16]"
CSI_DATA,44117,d8:b1:90:db:e8:90,-53,11,1,7,0,0,1,0,0,0,1,-92,0,8,0,690002337,0,100,0,128,1,"[100,-64,5,0,-14,18,-14,18,-14,18,-15,19,-14,19,-14,19,-13,19,-12,19,-12,18,-12,19,-12,19,-12,19,-12,19,-11,19,-11,19,-11,19,-11,19,-11,19,-11,19,-12,18,-12,18,-13,17,-13,16,-13,16,-14,16,-4,4,0,0,0,0,0,0,0,0,0,0,0,0,0,0,0,0,0,0,-2,3,-8,13,-9,12,-10,12,-11,12,-12,12,-12,12,-13,12,-14,13,-14,13,-15,12,-16,13,-16,13,-16,12,-16,12,-16,12,-17,12,-17,12,-17,13,-16,14,-16,15,-16,15,-16,16,-15,16,-15,16,-16,17,-16,17]"
CSI_DATA,44118,d8:b1:90:db:e8:90,-52,11,1,7,0,0,1,0,0,0,1,-92,0,8,0,690013269,0,100,0,128,1,"[100,-64,5,0,-6,-23,-7,-23,-8,-23,-8,-23,-8,-23,-8,-22,-8,-21,-10,-20,-11,-21,-10,-22,-10,-21,-11,-20,-12,-20,-13,-21,-12,-22,-11,-22,-10,-20,-10,-20,-11,-20,-10,-21,-9,-21,-8,-19,-8,-19,-8,-20,-7,-21,-2,-6,0,0,0,0,0,0,0,0,0,0,0,0,0,0,0,0,0,0,-2,-4,-6,-16,-5,-16,-5,-15,-5,-16,-5,-17,-4,-18,-3,-18,-3,-18,-3,-19,-4,-20,-4,-21,-3,-21,-3,-20,-4,-20,-4,-21,-4,-21,-4,-22,-4,-22,-4,-22,-4,-22,-5,-22,-5,-23,-5,-23,-5,-22,-6,-22,-7,-22]"
CSI_DATA,44119,d8:b1:90:db:e8:90,-53,11,1,7,0,0,1,0,0,0,1,-92,0,8,0,690024828,0,100,0,128,1,"[100,-64,5,0,-15,18,-15,18,-14,18,-14,19,-13,19,-13,19,-12,19,-12,19,-11,19,-11,19,-11,20,-11,20,-10,21,-10,21,-10,21,-10,21,-10,20,-10,20,-10,19,-10,19,-11,18,-11,17,-12,17,-12,16,-13,16,-4,3,0,0,0,0,0,0,0,0,0,0,0,0,0,0,0,0,0,0,-2,3,-8,13,-9,13,-10,13,-10,13,-11,13,-12,13,-12,13,-13,13,-14,13,-14,13,-14,14,-15,14,-15,14,-15,14,-15,14,-15,15,-15,15,-15,15,-15,16,-15,16,-15,16,-15,16,-15,17,-15,17,-15,17,-15,18]"
CSI_DATA,44120,d8:b1:90:db:e8:90,-53,11,1,7,0,0,1,0,0,0,1,-92,0,8,0,690035803,0,100,0,128,1,"[100,-64,5,0,13,-20,13,-20,13,-20,13,-20,13,-20,12,-20,12,-20,11,-20,11,-20,10,-21,10,-21,9,-21,9,-21,9,-21,9,-21,8,-21,8,-21,9,-21,9,-20,9,-20,9,-19,10,-19,10,-18,10,-18,11,-18,2,-5,0,0,0,0,0,0,0,0,0,0,0,0,0,0,0,0,0,0,1,-4,7,-14,7,-14,8,-14,9,-13,10,-14,11,-14,11,-14,12,-14,13,-14,13,-14,14,-14,14,-14,15,-14,14,-14,13,-15,13,-16,13,-16,13,-16,13,-17,13,-17,13,-17,13,-18,13,-18,13,-18,14,-18,13,-19]"
CSI_DATA,44121,d8:b1:90:db:e8:90,-53,11,1,7,0,0,1,0,0,0,1,-92,0,8,0,690046763,0,100,0,128,1,"[100,-64,5,0,16,-13,16,-13,17,-13,17,-13,16,-13,16,-13,16,-13,15,-14,15,-14,15,-14,14,-14,14,-15,13,-15,14,-15,14,-15,14,-15,14,-15,14,-15,14,-14,14,-14,14,-13,14,-12,14,-12,14,-12,15,-11,3,-3,0,0,0,0,0,0,0,0,0,0,0,0,0,0,0,0,0,0,2,-3,9,-10,10,-11,11,-11,11,-10,12,-9,13,-9,14,-10,15,-9,14,-9,15,-9,15,-9,15,-9,15,-9,16,-9,15,-10,15,-10,15,-10,15,-11,15,-11,16,-11,16,-11,16,-11,16,-12,16,-12,16,-12,16,-12]"
CSI_DATA,44122,d8:b1:90:db:e8:90,-53,11,1,7,0,0,1,0,0,0,1,-92,0,8,0,690065215,0,100,0,128,1,"[100,-64,5,0,-25,2,-24,2,-24,3,-24,3,-24,3,-23,3,-23,4,-23,4,-23,5,-23,5,-23,6,-23,7,-22,7,-22,7,-22,7,-23,7,-22,6,-22,6,-22,5,-22,5,-22,5,-22,4,-22,4,-22,2,-22,1,-6,0,0,0,0,0,0,0,0,0,0,0,0,0,0,0,0,0,0,0,-4,1,-15,4,-15,3,-16,3,-17,3,-17,2,-18,2,-18,2,-18,1,-19,0,-20,0,-21,0,-21,0,-21,-1,-21,-1,-21,-1,-22,0,-22,0,-22,0,-22,0,-22,1,-23,1,-23,1,-24,1,-24,2,-24,2,-24,1]"
CSI_DATA,44123,d8:b1:90:db:e8:90,-53,11,1,7,0,0,1,0,0,0,1,-92,0,8,0,690089448,0,100,0,128,1,"[100,-64,5,0,11,-20,11,-20,11,-20,12,-19,12,-19,11,-19,10,-20,9,-21,9,-21,8,-22,8,-22,8,-21,8,-21,7,-21,7,-21,7,-20,8,-20,7,-20,7,-20,7,-21,7,-21,7,-20,8,-19,8,-18,9,-18,2,-5,0,0,0,0,0,0,0,0,0,0,0,0,0,0,0,0,0,0,1,-3,6,-12,6,-12,7,-12,7,-12,8,-12,9,-13,9,-15,9,-16,10,-16,11,-16,12,-15,12,-14,12,-14,12,-14,13,-13,14,-13,14,-13,14,-14,14,-15,14,-16,13,-17,14,-17,14,-16,14,-16,14,-16,14,-16]"
CSI_DATA,44124,d8:b1:90:db:e8:90,-53,11,1,7,0,0,1,0,0,0,1,-92,0,8,0,690101970,0,100,0,128,1,"[100,-64,5,0,-6,-24,-6,-24,-6,-24,-6,-23,-7,-22,-7,-22,-8,-22,-9,-22,-9,-22,-9,-22,-9,-21,-9,-21,-10,-21,-10,-21,-9,-21,-10,-21,-9,-21,-9,-21,-9,-21,-8,-21,-8,-21,-7,-21,-6,-21,-5,-21,-4,-21,-1,-6,0,0,0,0,0,0,0,0,0,0,0,0,0,0,0,0,0,0,-2,-4,-5,-15,-4,-16,-4,-16,-3,-17,-3,-17,-2,-17,-2,-18,-2,-18,-2,-19,-1,-20,0,-20,0,-21,0,-21,0,-21,-1,-21,-1,-21,-1,-21,-2,-22,-2,-21,-3,-21,-3,-22,-3,-22,-4,-23,-4,-23,-4,-23,-4,-24]"
CSI_DATA,44125,d8:b1:90:db:e8:90,-52,11,1,7,0,0,1,0,0,0,1,-92,0,8,0,690114748,0,100,0,128,1,"[100,-64,5,0,0,25,0,24,1,24,2,23,2,23,2,23,3,23,4,22,5,22,5,22,5,22,5,22,5,22,5,22,5,22,5,22,5,22,4,22,4,22,4,21,3,21,2,21,2,21,1,21,0,21,-1,5,0,0,0,0,0,0,0,0,0,0,0,0,0,0,0,0,0,0,0,3,1,15,1,15,0,16,-1,16,-2,17,-2,17,-2,18,-3,18,-3,19,-3,19,-4,19,-4,20,-4,20,-4,20,-4,20,-4,20,-4,21,-3,21,-3,21,-2,21,-2,21,-2,22,-1,23,-1,23,0,23,0,24]"
CSI_DATA,44126,d8:b1:90:db:e8:90,-52,11,1,7,0,0,1,0,0,0,1,-92,0,8,0,690125717,0,100,0,128,1,"[100,-64,5,0,-25,0,-25,0,-25,0,-24,1,-24,2,-23,2,-23,2,-23,3,-23,3,-23,3,-23,4,-22,5,-22,5,-22,5,-22,5,-23,5,-22,4,-22,4,-22,4,-22,3,-22,3,-22,2,-22,1,-22,0,-22,0,-6,-1,0,0,0,0,0,0,0,0,0,0,0,0,0,0,0,0,0,0,-4,0,-16,0,-16,-1,-16,-2,-17,-2,-17,-3,-18,-3,-18,-3,-19,-3,-19,-4,-20,-4,-20,-5,-21,-5,-21,-5,-21,-5,-21,-5,-22,-4,-22,-4,-22,-4,-22,-3,-22,-3,-23,-3,-23,-2,-23,-2,-23,-1,-23,-1,-24,-2]"
CSI_DATA,44127,d8:b1:90:db:e8:90,-52,11,1,7,0,0,1,0,0,0,1,-92,0,8,0,690137916,0,100,0,128,1,"[100,-64,5,0,16,-19,16,-19,16,-19,15,-19,14,-19,13,-19,13,-19,12,-19,12,-20,11,-20,11,-20,11,-20,10,-20,10,-20,11,-20,11,-20,11,-20,11,-19,11,-19,12,-19,12,-18,12,-17,12,-17,13,-17,14,-16,3,-4,0,0,0,0,0,0,0,0,0,0,0,0,0,0,0,0,0,0,2,-4,9,-13,10,-13,11,-12,11,-12,12,-12,13,-12,13,-12,14,-12,14,-12,15,-13,15,-13,16,-13,16,-13,16,-13,17,-13,16,-13,17,-14,17,-14,16,-15,16,-15,16,-15,16,-16,15,-17,15,-17,15,-17,16,-17]"
CSI_DATA,44128,d8:b1:90:db:e8:90,-52,11,1,7,0,0,1,0,0,0,1,-92,0,8,0,690148227,0,100,0,128,1,"[100,-64,5,0,23,-2,23,-2,24,-2,23,-3,23,-3,22,-4,22,-4,22,-4,22,-5,22,-5,21,-5,21,-6,21,-6,21,-6,21,-6,22,-5,22,-5,21,-5,21,-4,21,-4,20,-4,20,-3,21,-2,21,-1,20,0,5,0,0,0,0,0,0,0,0,0,0,0,0,0,0,0,0,0,0,0,3,-1,15,-3,15,-2,16,-1,16,-1,16,0,17,0,17,0,18,0,18,1,19,1,20,2,20,2,20,2,20,2,20,3,20,2,21,2,21,2,21,1,22,1,22,0,22,0,22,-1,22,-1,23,-1,23,0]"
CSI_DATA,44129,d8:b1:90:db:e8:90,-52,11,1,7,0,0,1,0,0,0,1,-92,0,8,0,690165261,0,100,0,128,1,"[100,-64,5,0,-21,-8,-21,-8,-21,-7,-21,-7,-21,-7,-21,-6,-21,-6,-21,-5,-21,-4,-21,-4,-21,-3,-21,-3,-21,-3,-20,-3,-20,-3,-20,-3,-20,-4,-20,-4,-20,-4,-19,-4,-19,-4,-19,-5,-19,-5,-18,-6,-18,-7,-5,-2,0,0,0,0,0,0,0,0,0,0,0,0,0,0,0,0,0,0,-4,-1,-14,-4,-14,-4,-14,-5,-14,-6,-14,-6,-15,-6,-16,-6,-16,-7,-16,-8,-15,-8,-16,-8,-17,-9,-17,-9,-17,-9,-17,-9,-17,-9,-18,-9,-18,-9,-18,-8,-18,-8,-19,-8,-19,-8,-20,-8,-21,-8,-21,-8,-20,-8]"
CSI_DATA,44130,d8:b1:90:db:e8:90,-53,11,1,7,0,0,1,0,0,0,1,-92,0,8,0,690186906,0,100,0,128,1,"[100,-64,5,0,-24,-5,-24,-5,-24,-5,-23,-5,-23,-4,-23,-4,-23,-3,-23,-3,-23,-2,-23,-2,-23,-1,-23,0,-23,0,-23,0,-23,0,-23,0,-23,-1,-22,-1,-22,-2,-22,-2,-21,-2,-21,-3,-21,-3,-21,-4,-21,-5,-5,-2,0,0,0,0,0,0,0,0,0,0,0,0,0,0,0,0,0,0,-4,-1,-16,-2,-16,-2,-17,-3,-17,-4,-17,-5,-18,-5,-18,-5,-18,-5,-19,-6,-19,-7,-19,-7,-19,-7,-19,-8,-20,-8,-20,-8,-21,-7,-21,-7,-21,-7,-21,-7,-21,-7,-22,-7,-22,-6,-23,-6,-23,-6,-23,-6,-23,-6]"
CSI_DATA,44131,d8:b1:90:db:e8:90,-52,11,1,7,0,0,1,0,0,0,1,-92,0,8,0,690199431,0,100,0,128,1,"[100,-64,5,0,-21,8,-21,8,-20,9,-20,9,-20,9,-20,9,-19,10,-19,10,-19,10,-19,10,-18,11,-18,11,-18,11,-18,11,-18,11,-18,11,-18,11,-18,11,-18,10,-18,9,-18,9,-18,8,-18,7,-18,7,-18,6,-5,1,0,0,0,0,0,0,0,0,0,0,0,0,0,0,0,0,0,0,-4,1,-14,6,-14,6,-15,6,-15,6,-16,6,-16,6,-17,6,-17,6,-18,5,-18,5,-19,4,-19,4,-19,4,-19,4,-19,4,-20,4,-20,4,-20,5,-20,6,-20,6,-20,7,-20,7,-20,7,-21,7,-21,7,-21,7]"
CSI_DATA,44132,d8:b1:90:db:e8:90,-53,11,1,7,0,0,1,0,0,0,1,-92,0,8,0,690218206,0,100,0,128,1,"[100,-64,5,0,-24,2,-24,2,-24,2,-23,3,-23,3,-23,3,-23,3,-22,4,-22,5,-22,5,-22,6,-22,7,-22,7,-22,6,-22,6,-21,7,-21,7,-21,6,-21,6,-21,5,-21,5,-21,4,-21,4,-21,4,-21,3,-6,0,0,0,0,0,0,0,0,0,0,0,0,0,0,0,0,0,0,0,-4,1,-16,4,-16,3,-17,2,-17,1,-18,1,-18,1,-19,0,-19,0,-20,-1,-20,-1,-21,-1,-21,-1,-21,-2,-21,-2,-21,-2,-22,-2,-22,-3,-22,-2,-22,-1,-22,-1,-22,-1,-22,0,-23,1,-24,2,-24,2,-24,1]"
CSI_DATA,44133,d8:b1:90:db:e8:90,-52,11,1,7,0,0,1,0,0,0,1,-92,0,8,0,690235688,0,100,0,128,1,"[100,-64,5,0,4,-24,4,-24,4,-24,3,-25,2,-25,2,-25,1,-25,0,-25,0,-25,-1,-24,-1,-24,-2,-24,-2,-24,-2,-24,-2,-24,-2,-23,-2,-23,-1,-23,-1,-23,-1,-23,0,-23,0,-22,1,-22,2,-22,3,-21,0,-6,0,0,0,0,0,0,0,0,0,0,0,0,0,0,0,0,0,0,0,-4,2,-16,2,-17,3,-17,3,-17,4,-17,5,-18,5,-18,6,-19,6,-19,7,-19,7,-20,7,-20,8,-20,8,-20,7,-21,7,-21,7,-21,7,-22,7,-22,7,-23,6,-23,6,-23,6,-23,6,-24,6,-24,6,-24]"
CSI_DATA,44134,d8:b1:90:db:e8:90,-52,11,1,7,0,0,1,0,0,0,1,-92,0,8,0,690254961,0,100,0,128,1,"[100,-64,5,0,2,-22,1,-22,1,-22,1,-22,1,-21,0,-21,0,-21,0,-21,-1,-21,-1,-21,-1,-21,-2,-21,-2,-21,-2,-21,-2,-21,-2,-21,-2,-21,-2,-21,-1,-21,-1,-21,0,-20,1,-20,1,-19,1,-19,2,-19,0,-5,0,0,0,0,0,0,0,0,0,0,0,0,0,0,0,0,0,0,0,-4,0,-15,0,-16,0,-16,1,-16,1,-16,1,-17,2,-17,2,-17,3,-17,3,-18,3,-18,3,-19,3,-19,3,-19,4,-20,4,-20,4,-20,4,-20,3,-20,3,-20,3,-20,3,-21,2,-21,2,-22,1,-22,1,-22]"
CSI_DATA,44135,d8:b1:90:db:e8:90,-52,11,1,7,0,0,1,0,0,0,1,-92,0,8,0,690265027,0,100,0,128,1,"[100,-64,5,0,-22,1,-22,1,-22,0,-22,1,-21,1,-21,1,-21,1,-21,2,-21,2,-21,2,-21,3,-21,4,-21,4,-21,4,-21,4,-21,4,-21,4,-21,3,-20,3,-20,2,-20,1,-20,1,-19,1,-19,0,-19,-1,-5,-1,0,0,0,0,0,0,0,0,0,0,0,0,0,0,0,0,0,0,-4,0,-15,2,-15,1,-16,0,-16,0,-17,0,-18,0,-17,0,-18,-1,-19,-1,-19,-1,-18,-1,-19,-2,-19,-2,-19,-2,-19,-2,-20,-2,-20,-2,-20,-2,-20,-2,-20,-2,-20,-2,-21,-1,-22,0,-22,0,-22,0,-22,0]"
CSI_DATA,44136,d8:b1:90:db:e8:90,-52,11,1,7,0,0,1,0,0,0,1,-92,0,8,0,690289972,0,100,0,128,1,"[100,-64,5,0,-22,-2,-22,-2,-22,-2,-22,-1,-22,0,-21,0,-21,1,-21,1,-21,1,-21,1,-21,2,-21,2,-21,3,-21,2,-21,2,-21,2,-20,2,-20,2,-20,1,-20,1,-20,1,-20,0,-19,-1,-19,-2,-19,-3,-5,-1,0,0,0,0,0,0,0,0,0,0,0,0,0,0,0,0,0,0,-4,0,-15,0,-15,0,-16,-1,-16,-1,-16,-2,-17,-2,-17,-3,-18,-3,-18,-3,-18,-4,-18,-5,-18,-5,-18,-5,-18,-5,-19,-5,-19,-5,-19,-5,-20,-4,-20,-4,-20,-3,-20,-3,-21,-3,-22,-3,-22,-3,-22,-3,-22,-2]"
CSI_DATA,44137,d8:b1:90:db:e8:90,-52,11,1,7,0,0,1,0,0,0,1,-92,0,8,0,690303241,0,100,0,128,1,"[100,-64,5,0,12,-19,12,-19,11,-19,11,-19,11,-19,10,-19,10,-19,9,-19,8,-19,8,-19,7,-19,7,-19,7,-19,7,-19,7,-19,7,-19,7,-19,7,-19,8,-18,8,-18,8,-18,8,-18,9,-17,9,-17,10,-16,2,-4,0,0,0,0,0,0,0,0,0,0,0,0,0,0,0,0,0,0,1,-4,7,-13,8,-13,8,-13,9,-13,9,-13,8,-13,9,-13,11,-14,12,-15,12,-15,13,-14,13,-14,13,-14,13,-14,13,-14,13,-14,13,-14,13,-15,13,-15,13,-16,13,-16,13,-17,13,-17,13,-17,13,-17,13,-18]"
CSI_DATA,44138,d8:b1:90:db:e8:90,-52,11,1,7,0,0,1,0,0,0,1,-92,0,8,0,690315023,0,100,0,128,1,"[100,-64,5,0,-19,13,-18,12,-15,12,-15,12,-17,12,-17,13,-14,15,-15,13,-15,14,-13,16,-14,16,-16,15,-15,14,-16,15,-17,18,-16,16,-16,12,-18,13,-19,13,-17,12,-16,12,-18,9,-21,6,-20,7,-16,8,-4,1,0,0,0,0,0,0,0,0,0,0,0,0,0,0,0,0,0,0,-3,2,-9,11,-12,10,-13,9,-12,9,-13,10,-13,10,-13,9,-14,9,-15,9,-17,9,-19,8,-18,8,-18,7,-19,7,-19,7,-18,8,-18,9,-18,10,-18,11,-18,11,-18,11,-19,11,-19,13,-19,12,-19,11,-19,13]"
CSI_DATA,44139,d8:b1:90:db:e8:90,-52,11,1,7,0,0,1,0,0,0,1,-92,0,8,0,690327201,0,100,0,128,1,"[100,-64,5,0,4,21,4,21,4,21,5,21,5,20,5,20,6,20,6,19,7,19,7,18,7,18,8,18,9,18,9,18,9,18,8,18,8,18,7,18,7,18,6,18,6,18,5,18,4,18,3,18,2,18,0,4,0,0,0,0,0,0,0,0,0,0,0,0,0,0,0,0,0,0,1,3,5,13,4,13,3,13,3,14,3,14,2,16,1,17,2,17,2,18,1,19,1,19,1,19,1,19,1,19,1,19,1,18,2,18,2,19,2,19,2,19,3,20,3,20,3,20,3,20,3,20,3,20]"
CSI_DATA,44140,d8:b1:90:db:e8:90,-52,11,1,7,0,0,1,0,0,0,1,-92,0,8,0,690346476,0,100,0,128,1,"[100,-64,5,0,-1,21,0,21,0,21,1,21,2,21,2,21,3,20,3,20,4,19,4,19,4,19,5,19,5,20,5,20,5,20,5,20,5,19,4,19,4,19,3,19,3,18,2,18,1,18,1,19,0,19,0,4,0,0,0,0,0,0,0,0,0,0,0,0,0,0,0,0,0,0,0,3,2,13,2,13,1,13,0,15,-1,15,-1,16,-1,17,-2,17,-2,17,-2,18,-2,18,-3,19,-3,19,-3,19,-3,18,-3,18,-2,19,-2,19,-1,19,-1,19,-1,20,-1,20,0,20,0,21,0,21,0,20]"
CSI_DATA,44141,d8:b1:90:db:e8:90,-52,11,1,7,0,0,1,0,0,0,1,-92,0,8,0,690365000,0,100,0,128,1,"[100,-64,5,0,-5,-20,-5,-20,-5,-20,-5,-19,-6,-19,-6,-19,-6,-19,-7,-18,-7,-18,-7,-18,-8,-18,-8,-17,-8,-17,-8,-18,-8,-18,-8,-17,-7,-17,-7,-17,-7,-17,-7,-17,-6,-18,-6,-17,-6,-17,-5,-17,-4,-17,-1,-5,0,0,0,0,0,0,0,0,0,0,0,0,0,0,0,0,0,0,-1,-4,-4,-14,-4,-15,-3,-15,-2,-15,-2,-15,-2,-16,-1,-16,-1,-16,-1,-17,-1,-17,0,-18,0,-18,0,-18,0,-18,0,-18,0,-18,0,-18,-1,-18,-2,-18,-2,-18,-2,-19,-3,-19,-3,-19,-3,-19,-4,-19,-4,-20]"
CSI_DATA,44142,d8:b1:90:db:e8:90,-52,11,1,7,0,0,1,0,0,0,1,-92,0,8,0,690376204,0,100,0,128,1,"[100,-64,5,0,9,16,9,16,9,16,9,16,10,16,10,15,10,15,10,15,10,14,10,14,10,14,11,14,11,14,11,14,11,14,11,14,10,14,10,14,10,14,10,14,9,14,8,14,8,14,7,15,7,15,1,3,0,0,0,0,0,0,0,0,0,0,0,0,0,0,0,0,0,0,1,2,7,9,8,9,7,10,7,11,8,12,7,12,7,12,7,12,8,13,7,14,6,14,6,15,6,15,6,15,6,15,6,16,6,16,6,16,7,16,7,16,7,16,8,16,8,16,9,16,9,16,9,17]"
CSI_DATA,44143,d8:b1:90:db:e8:90,-50,11,1,7,0,0,1,0,0,0,1,-94,0,8,0,690407726,0,100,0,128,1,"[100,-64,5,0,15,-16,15,-16,15,-16,14,-15,14,-15,13,-15,13,-16,12,-17,12,-17,12,-17,11,-17,11,-17,10,-17,10,-17,10,-17,11,-17,11,-17,11,-17,11,-16,10,-16,10,-16,10,-15,11,-15,12,-14,12,-13,3,-4,0,0,0,0,0,0,0,0,0,0,0,0,0,0,0,0,0,0,2,-3,8,-12,8,-12,8,-12,8,-12,9,-12,10,-12,10,-12,11,-12,12,-12,14,-12,14,-11,14,-11,15,-11,14,-11,14,-12,14,-12,14,-12,14,-13,14,-13,14,-14,14,-14,14,-15,14,-14,14,-14,15,-14,15,-15]"
CSI_DATA,44144,d8:b1:90:db:e8:90,-51,11,1,7,0,0,1,0,0,0,1,-94,0,8,0,690419843,0,100,0,128,1,"[100,-64,5,0,15,14,15,14,15,14,15,13,15,13,15,13,15,12,16,11,16,10,16,10,17,10,17,9,17,9,17,9,17,10,17,10,16,10,16,10,16,10,16,9,15,9,15,9,14,10,14,11,13,11,3,2,0,0,0,0,0,0,0,0,0,0,0,0,0,0,0,0,0,0,2,1,11,7,10,8,10,9,11,9,11,9,10,9,11,10,11,11,12,12,11,12,11,12,11,13,11,13,11,14,12,14,12,14,12,14,12,14,13,14,13,14,14,14,14,14,14,13,14,14,14,14,15,14]"
CSI_DATA,44145,d8:b1:90:db:e8:90,-51,11,1,7,0,0,1,0,0,0,1,-94,0,8,0,690429984,0,100,0,128,1,"[100,-64,5,0,13,-19,13,-19,13,-19,13,-19,12,-19,12,-19,11,-19,10,-19,10,-19,9,-19,9,-19,9,-20,9,-20,9,-20,9,-20,9,-19,9,-19,9,-19,9,-19,9,-18,9,-18,10,-18,10,-17,10,-17,11,-16,2,-4,0,0,0,0,0,0,0,0,0,0,0,0,0,0,0,0,0,0,2,-4,9,-14,9,-14,10,-13,11,-13,11,-13,11,-14,12,-13,12,-13,13,-13,14,-13,15,-13,15,-13,15,-14,15,-14,14,-14,14,-15,14,-15,14,-15,14,-16,14,-16,14,-17,14,-17,14,-17,14,-17,14,-18,14,-18]"
CSI_DATA,44146,d8:b1:90:db:e8:90,-51,11,1,7,0,0,1,0,0,0,1,-94,0,8,0,690445358,0,100,0,128,1,"[100,-64,5,0,14,13,14,13,14,13,15,13,15,13,14,12,15,12,15,11,15,11,15,10,15,10,15,10,15,10,15,10,15,10,15,10,15,11,14,11,14,11,14,11,14,11,13,11,13,11,12,12,12,12,3,3,0,0,0,0,0,0,0,0,0,0,0,0,0,0,0,0,0,0,2,2,11,8,10,9,11,9,11,9,10,9,10,9,10,10,11,11,12,13,12,13,11,13,10,13,10,14,11,14,11,13,11,13,11,13,12,13,12,13,13,14,13,14,13,14,13,13,13,13,14,14,14,14]"
CSI_DATA,44147,d8:b1:90:db:e8:90,-51,11,1,7,0,0,1,0,0,0,1,-94,0,8,0,690465848,0,100,0,128,1,"[100,-64,5,0,10,-20,11,-20,10,-20,10,-20,9,-20,9,-20,8,-20,8,-20,8,-20,8,-20,7,-20,7,-21,6,-21,6,-21,7,-20,7,-20,7,-20,7,-20,7,-19,8,-19,8,-19,8,-18,9,-17,9,-17,10,-17,2,-5,0,0,0,0,0,0,0,0,0,0,0,0,0,0,0,0,0,0,1,-4,7,-14,8,-14,8,-13,9,-13,10,-13,10,-14,10,-15,10,-16,10,-16,11,-15,12,-15,13,-16,13,-15,13,-16,12,-16,12,-17,12,-17,12,-17,12,-18,12,-18,12,-19,11,-19,11,-19,11,-19,11,-19,12,-20]"
CSI_DATA,44148,d8:b1:90:db:e8:90,-51,11,1,7,0,0,1,0,0,0,1,-94,0,8,0,690492010,0,100,0,128,1,"[100,-64,5,0,-18,-14,-18,-14,-18,-14,-18,-13,-18,-13,-18,-12,-18,-12,-18,-11,-19,-11,-19,-10,-19,-10,-19,-9,-19,-9,-19,-9,-19,-9,-19,-9,-19,-10,-19,-10,-18,-9,-18,-10,-17,-10,-17,-10,-16,-10,-16,-11,-15,-12,-4,-3,0,0,0,0,0,0,0,0,0,0,0,0,0,0,0,0,0,0,-4,-2,-13,-8,-13,-9,-12,-10,-12,-11,-12,-11,-13,-11,-14,-12,-14,-12,-14,-13,-14,-14,-14,-14,-14,-14,-14,-15,-14,-15,-14,-15,-14,-15,-14,-15,-15,-15,-15,-14,-16,-14,-16,-14,-16,-14,-17,-14,-17,-14,-17,-15,-17,-15]"
CSI_DATA,44149,d8:b1:90:db:e8:90,-51,11,1,7,0,0,1,0,0,0,1,-94,0,8,0,690503611,0,100,0,128,1,"[100,-64,5,0,-14,21,-14,21,-13,20,-13,20,-13,20,-12,20,-12,20,-12,20,-11,20,-11,20,-11,20,-11,21,-10,21,-10,21,-10,21,-10,21,-10,20,-10,20,-11,19,-11,19,-12,18,-12,18,-12,17,-13,17,-14,16,-4,4,0,0,0,0,0,0,0,0,0,0,0,0,0,0,0,0,0,0,-2,3,-8,14,-9,14,-9,14,-10,14,-11,14,-12,14,-12,15,-13,15,-14,15,-15,15,-15,16,-15,16,-16,16,-16,16,-16,16,-16,16,-16,16,-16,17,-15,17,-15,17,-15,18,-15,18,-15,19,-15,19,-15,20,-14,20]"
CSI_DATA,44150,d8:b1:90:db:e8:90,-51,11,1,7,0,0,1,0,0,0,1,-94,0,8,0,690514077,0,100,0,128,1,"[100,-64,5,0,-22,2,-22,2,-22,2,-22,3,-22,4,-21,4,-21,5,-20,5,-20,5,-20,5,-20,5,-20,6,-20,6,-20,6,-20,6,-20,6,-20,5,-20,5,-20,5,-19,5,-19,4,-19,4,-19,3,-19,2,-19,2,-5,0,0,0,0,0,0,0,0,0,0,0,0,0,0,0,0,0,0,0,-4,0,-15,2,-15,2,-15,2,-16,1,-16,0,-17,1,-18,1,-18,1,-19,0,-19,0,-20,0,-20,0,-20,-1,-20,-1,-21,-1,-21,-1,-21,0,-21,0,-21,0,-21,1,-22,1,-22,2,-22,2,-22,2,-22,2,-22,1]"
CSI_DATA,44151,d8:b1:90:db:e8:90,-51,11,1,7,0,0,1,0,0,0,1,-94,0,8,0,690525453,0,100,0,128,1,"[100,-64,5,0,-15,16,-15,16,-14,16,-14,17,-13,17,-13,17,-12,17,-12,17,-12,17,-11,17,-11,17,-11,17,-11,17,-11,17,-11,17,-11,17,-11,17,-11,17,-11,16,-12,16,-12,15,-12,15,-13,14,-13,14,-13,13,-4,3,0,0,0,0,0,0,0,0,0,0,0,0,0,0,0,0,0,0,-2,3,-9,12,-9,12,-9,12,-10,12,-10,12,-11,12,-11,13,-12,13,-13,13,-13,13,-14,13,-14,13,-15,13,-15,13,-15,13,-15,13,-15,14,-15,14,-15,15,-15,15,-15,15,-15,16,-15,16,-15,16,-15,16,-14,16]"
CSI_DATA,44152,d8:b1:90:db:e8:90,-51,11,1,7,0,0,1,0,0,0,1,-94,0,8,0,690535601,0,100,0,128,1,"[100,-64,5,0,7,23,8,23,8,23,8,23,8,23,9,22,9,22,10,22,11,21,11,21,12,20,12,19,12,19,12,19,12,19,12,19,12,19,11,19,11,19,11,19,10,19,9,19,9,19,8,20,7,20,1,5,0,0,0,0,0,0,0,0,0,0,0,0,0,0,0,0,0,0,1,3,6,15,5,15,4,16,4,17,4,18,4,18,4,19,4,19,4,20,4,20,4,21,4,21,4,22,4,22,4,21,4,21,4,22,5,22,5,22,5,22,5,23,6,23,6,23,6,23,6,23,7,23]"
CSI_DATA,44153,d8:b1:90:db:e8:90,-51,11,1,7,0,0,1,0,0,0,1,-94,0,8,0,690545753,0,100,0,128,1,"[100,-64,5,0,11,21,11,21,11,21,11,21,11,21,11,20,12,20,13,19,13,19,13,19,14,18,14,17,15,17,14,17,14,17,14,17,14,18,13,18,12,18,12,17,11,17,11,17,10,18,9,18,8,19,2,4,0,0,0,0,0,0,0,0,0,0,0,0,0,0,0,0,0,0,2,3,9,12,9,13,9,14,8,15,8,16,8,16,8,16,8,17,8,17,8,18,8,19,9,19,9,19,9,20,8,20,9,19,9,20,9,20,9,20,9,20,10,20,10,20,10,21,10,21,11,21,11,21]"
CSI_DATA,44154,d8:b1:90:db:e8:90,-51,11,1,7,0,0,1,0,0,0,1,-94,0,8,0,690567771,0,100,0,128,1,"[100,-64,5,0,3,-22,3,-22,3,-22,3,-22,3,-22,2,-22,2,-21,0,-21,0,-21,-1,-21,-1,-21,-1,-21,-1,-21,-1,-21,-1,-21,-1,-21,0,-21,0,-21,0,-20,1,-20,1,-20,2,-20,3,-19,4,-19,5,-19,1,-5,0,0,0,0,0,0,0,0,0,0,0,0,0,0,0,0,0,0,0,-4,2,-16,2,-16,2,-16,2,-16,3,-16,4,-16,4,-17,4,-17,5,-17,5,-18,5,-18,6,-18,6,-18,6,-18,6,-19,6,-19,5,-19,5,-20,5,-20,5,-20,5,-20,5,-21,5,-21,5,-21,5,-21,5,-21]"
CSI_DATA,44155,d8:b1:90:db:e8:90,-51,11,1,7,0,0,1,0,0,0,1,-94,0,8,0,690594990,0,100,0,128,1,"[100,-64,5,0,19,8,19,8,19,7,20,7,20,6,20,6,19,5,19,4,19,4,19,3,19,3,19,2,20,2,20,2,20,2,20,3,20,3,19,3,19,3,19,4,18,4,18,4,18,5,17,6,17,7,4,1,0,0,0,0,0,0,0,0,0,0,0,0,0,0,0,0,0,0,3,0,13,3,13,5,13,6,13,6,14,6,14,7,14,7,15,8,15,8,15,9,15,10,15,10,15,10,15,10,15,10,15,10,16,10,16,10,17,9,17,8,18,8,18,9,19,9,19,9,19,9,18,9]"
CSI_DATA,44156,d8:b1:90:db:e8:90,-51,11,1,7,0,0,1,0,0,0,1,-94,0,8,0,690611120,0,100,0,128,1,"[100,-64,5,0,23,3,23,3,23,3,23,3,23,3,23,2,22,2,23,0,23,0,23,-1,22,-1,22,-2,22,-2,22,-2,23,-1,23,-1,22,0,22,0,22,1,22,1,21,1,21,2,20,3,20,4,19,5,4,1,0,0,0,0,0,0,0,0,0,0,0,0,0,0,0,0,0,0,3,0,15,2,15,3,15,4,16,5,16,6,16,6,16,7,17,8,17,8,17,9,18,9,18,9,18,9,18,9,19,9,19,8,19,8,20,8,20,8,20,8,20,8,21,7,22,6,23,6,23,6,24,5]"
CSI_DATA,44157,d8:b1:90:db:e8:90,-52,11,1,7,0,0,1,0,0,0,1,-94,0,8,0,690625369,0,100,0,128,1,"[100,-64,5,0,22,-2,22,-2,22,-2,22,-3,22,-4,21,-4,21,-5,20,-7,19,-8,19,-8,18,-7,17,-5,16,-4,15,-4,17,-4,19,-3,20,-3,20,-3,20,-2,21,-1,21,-1,20,0,20,1,20,2,20,3,5,0,0,0,0,0,0,0,0,0,0,0,0,0,0,0,0,0,0,0,3,-1,15,-1,15,0,16,0,16,1,16,1,17,1,17,1,17,1,18,1,19,1,19,1,20,1,20,1,20,1,20,0,20,0,20,0,20,0,21,0,22,0,22,0,22,-1,22,-2,23,-2,23,-2,22,-2]"
CSI_DATA,44158,d8:b1:90:db:e8:90,-51,11,1,7,0,0,1,0,0,0,1,-94,0,8,0,690645469,0,100,0,128,1,"[100,-64,5,0,-25,8,-25,8,-24,8,-23,9,-23,10,-22,10,-22,10,-22,10,-21,10,-21,11,-21,12,-21,12,-20,13,-20,12,-20,12,-20,12,-20,12,-21,11,-20,11,-20,10,-20,10,-20,9,-20,8,-21,8,-21,7,-6,1,0,0,0,0,0,0,0,0,0,0,0,0,0,0,0,0,0,0,-4,1,-16,7,-17,6,-17,6,-17,5,-18,5,-19,5,-19,5,-20,5,-21,5,-21,5,-21,5,-22,4,-22,4,-22,4,-23,4,-23,4,-23,4,-23,5,-23,5,-23,5,-24,5,-24,5,-24,6,-23,7,-24,7,-24,8]"
CSI_DATA,44159,d8:b1:90:db:e8:90,-51,11,1,7,0,0,1,0,0,0,1,-94,0,8,0,690655468,0,100,0,128,1,"[100,-64,5,0,-29,11,-29,10,-28,11,-27,12,-26,13,-25,13,-25,13,-24,14,-24,14,-24,14,-24,14,-23,15,-22,16,-22,16,-22,16,-23,16,-23,16,-23,15,-23,15,-22,15,-22,14,-22,12,-23,11,-23,11,-24,10,-6,2,0,0,0,0,0,0,0,0,0,0,0,0,0,0,0,0,0,0,-5,2,-20,9,-20,8,-19,7,-21,7,-23,7,-24,7,-24,8,-24,8,-24,7,-25,5,-26,4,-26,5,-27,4,-27,4,-27,5,-27,5,-28,6,-28,6,-28,6,-27,7,-27,8,-28,8,-28,8,-28,8,-28,9,-29,9]"
CSI_DATA,44160,d8:b1:90:db:e8:90,-51,11,1,7,0,0,1,0,0,0,1,-94,0,8,0,690675015,0,100,0,128,1,"[100,-64,5,0,-20,10,-20,10,-19,10,-19,10,-18,11,-18,11,-18,11,-17,12,-17,12,-17,12,-16,12,-16,12,-16,12,-16,12,-16,12,-16,12,-15,12,-15,12,-16,12,-16,11,-16,11,-16,11,-17,10,-17,9,-17,8,-5,2,0,0,0,0,0,0,0,0,0,0,0,0,0,0,0,0,0,0,-3,1,-12,7,-13,7,-14,6,-13,6,-13,5,-13,6,-14,6,-15,7,-17,7,-17,7,-17,7,-17,7,-18,6,-18,5,-18,6,-19,6,-19,6,-19,7,-19,8,-19,8,-19,8,-19,9,-20,9,-20,9,-20,9,-19,9]"
CSI_DATA,44161,d8:b1:90:db:e8:90,-51,11,1,7,0,0,1,0,0,0,1,-94,0,8,0,690697947,0,100,0,128,1,"[100,-64,5,0,17,-19,17,-19,17,-18,16,-18,15,-18,15,-18,15,-18,14,-18,14,-18,13,-18,13,-18,13,-19,12,-19,12,-19,12,-19,12,-19,12,-18,12,-18,13,-18,13,-18,13,-17,13,-16,14,-16,14,-15,15,-15,3,-4,0,0,0,0,0,0,0,0,0,0,0,0,0,0,0,0,0,0,2,-3,11,-12,11,-12,12,-12,13,-12,13,-12,14,-12,14,-12,14,-12,15,-12,16,-12,16,-12,17,-12,17,-13,17,-13,17,-13,17,-13,17,-13,17,-14,17,-14,17,-15,18,-15,18,-16,18,-15,18,-15,18,-16,19,-17]"
CSI_DATA,44162,d8:b1:90:db:e8:90,-51,11,1,7,0,0,1,0,0,0,1,-94,0,8,0,690712804,0,100,0,128,1,"[100,-64,5,0,-23,-7,-22,-7,-22,-7,-22,-7,-22,-6,-21,-6,-21,-5,-21,-5,-21,-4,-21,-4,-21,-3,-21,-3,-21,-2,-21,-3,-21,-2,-21,-2,-21,-2,-20,-3,-20,-3,-20,-3,-20,-4,-19,-4,-19,-4,-19,-5,-18,-6,-5,-2,0,0,0,0,0,0,0,0,0,0,0,0,0,0,0,0,0,0,-4,-1,-14,-4,-14,-5,-15,-5,-15,-6,-15,-6,-15,-7,-15,-7,-16,-8,-16,-9,-17,-9,-17,-9,-18,-10,-18,-10,-18,-10,-18,-11,-18,-11,-18,-11,-19,-10,-19,-10,-20,-9,-20,-9,-21,-9,-21,-8,-21,-8,-21,-8,-21,-8]"
CSI_DATA,44163,d8:b1:90:db:e8:90,-51,11,1,7,0,0,1,0,0,0,1,-94,0,8,0,690727184,0,100,0,128,1,"[100,-64,5,0,20,-15,20,-14,20,-14,19,-14,19,-14,18,-14,18,-15,17,-15,17,-16,16,-16,16,-16,16,-16,15,-16,15,-16,15,-16,15,-16,15,-16,15,-16,15,-16,15,-15,15,-15,16,-14,16,-14,16,-13,17,-13,4,-3,0,0,0,0,0,0,0,0,0,0,0,0,0,0,0,0,0,0,2,-3,11,-11,11,-11,12,-10,13,-10,14,-10,14,-10,15,-10,15,-10,16,-10,17,-10,18,-10,18,-10,18,-10,19,-10,18,-10,18,-11,18,-11,19,-11,19,-12,19,-12,19,-13,19,-13,19,-14,19,-14,20,-14,20,-14]"
CSI_DATA,44164,d8:b1:90:db:e8:90,-51,11,1,7,0,0,1,0,0,0,1,-94,0,8,0,690739535,0,100,0,128,1,"[100,-64,5,0,0,22,1,22,1,21,1,21,1,21,2,20,2,20,3,20,3,20,4,20,4,20,4,19,4,19,4,19,5,19,5,20,4,20,4,19,4,19,4,19,3,19,3,19,2,18,1,18,1,19,0,4,0,0,0,0,0,0,0,0,0,0,0,0,0,0,0,0,0,0,0,3,2,13,1,13,1,13,1,14,0,14,0,15,-1,16,-1,16,-1,17,-2,18,-2,18,-2,18,-2,19,-2,19,-2,19,-2,19,-2,19,-1,19,-1,20,0,20,0,20,0,21,0,21,0,21,0,21,0,21]"
CSI_DATA,44165,d8:b1:90:db:e8:90,-51,11,1,7,0,0,1,0,0,0,1,-94,0,8,0,690755015,0,100,0,128,1,"[100,-64,5,0,4,21,4,21,5,21,5,20,6,20,6,19,6,19,7,19,7,19,7,19,8,18,8,18,9,18,9,18,9,18,8,18,8,18,8,18,8,18,7,18,7,18,6,18,5,18,5,18,4,18,1,4,0,0,0,0,0,0,0,0,0,0,0,0,0,0,0,0,0,0,1,3,4,12,3,13,2,14,2,14,2,15,2,15,2,16,2,17,2,17,1,18,1,18,1,18,1,18,1,19,1,19,1,19,1,19,2,20,2,20,2,20,3,20,3,21,3,21,3,21,3,21,3,21]"
CSI_DATA,44166,d8:b1:90:db:e8:90,-51,11,1,7,0,0,1,0,0,0,1,-94,0,8,0,690766207,0,100,0,128,1,"[100,-64,5,0,-2,21,-1,21,-1,21,-1,21,-1,21,0,21,0,21,1,20,1,20,1,20,2,20,2,20,3,20,3,20,3,20,2,21,2,21,2,20,1,20,1,20,1,20,0,19,-1,19,-1,19,-2,19,-1,4,0,0,0,0,0,0,0,0,0,0,0,0,0,0,0,0,0,0,0,2,-1,11,-1,12,-2,13,-2,15,-3,15,-4,15,-4,16,-3,16,-3,17,-3,18,-3,17,-4,17,-4,17,-4,18,-4,18,-4,18,-4,18,-3,19,-3,19,-3,19,-3,19,-3,20,-2,21,-2,21,-2,22,-2,22]"
CSI_DATA,44167,d8:b1:90:db:e8:90,-52,11,1,7,0,0,1,0,0,0,1,-94,0,8,0,690801368,0,100,0,128,1,"[100,-64,5,0,20,-10,20,-10,20,-10,20,-11,20,-11,19,-11,19,-11,19,-12,19,-12,18,-13,18,-13,18,-13,19,-13,19,-13,19,-13,19,-12,19,-12,19,-11,19,-11,19,-10,19,-10,19,-9,19,-8,20,-8,20,-7,5,-2,0,0,0,0,0,0,0,0,0,0,0,0,0,0,0,0,0,0,3,-2,13,-8,13,-7,13,-7,14,-7,15,-6,16,-6,16,-6,16,-6,17,-6,18,-6,18,-6,19,-6,19,-5,19,-5,19,-6,19,-7,19,-7,19,-7,20,-7,20,-6,20,-7,20,-8,20,-8,20,-9,20,-9,21,-9]"
CSI_DATA,44168,d8:b1:90:db:e8:90,-51,11,1,7,0,0,1,0,0,0,1,-94,0,8,0,690815619,0,100,0,128,1,"[100,-64,5,0,13,-20,13,-20,13,-20,12,-21,11,-21,11,-21,10,-21,10,-22,10,-22,10,-22,9,-22,8,-22,7,-22,7,-22,7,-23,7,-22,7,-22,8,-22,8,-22,8,-21,9,-21,10,-20,10,-20,11,-20,11,-19,3,-5,0,0,0,0,0,0,0,0,0,0,0,0,0,0,0,0,0,0,1,-4,7,-15,7,-15,8,-15,8,-15,9,-15,10,-15,10,-15,9,-16,10,-16,11,-16,12,-16,13,-16,13,-16,13,-17,12,-17,12,-17,12,-18,13,-18,13,-19,13,-19,13,-19,13,-20,13,-20,13,-20,14,-20,14,-20]"
CSI_DATA,44169,d8:b1:90:db:e8:90,-52,11,1,7,0,0,1,0,0,0,1,-94,0,8,0,690830627,0,100,0,128,1,"[100,-64,5,0,-23,-4,-23,-3,-23,-3,-22,-2,-22,-2,-22,-2,-22,-1,-22,-1,-21,-1,-21,0,-21,0,-21,0,-21,0,-21,0,-21,0,-22,0,-22,0,-22,0,-21,-1,-21,-1,-21,-2,-21,-2,-20,-3,-20,-4,-20,-5,-5,-2,0,0,0,0,0,0,0,0,0,0,0,0,0,0,0,0,0,0,-4,-1,-16,-2,-16,-2,-16,-3,-16,-3,-16,-4,-16,-4,-17,-3,-18,-4,-18,-4,-18,-5,-19,-5,-19,-5,-19,-5,-19,-6,-20,-6,-20,-6,-20,-6,-20,-6,-21,-5,-21,-4,-21,-4,-22,-4,-22,-4,-22,-4,-22,-4,-22,-4]"
CSI_DATA,44170,d8:b1:90:db:e8:90,-51,11,1,7,0,0,1,0,0,0,1,-94,0,8,0,690842485,0,100,0,128,1,"[100,-64,5,0,23,7,23,7,23,7,23,6,23,6,23,5,22,5,22,5,22,4,22,4,22,3,22,3,21,3,21,3,22,3,22,3,22,4,22,4,22,4,21,5,21,5,20,6,20,7,20,8,19,9,4,2,0,0,0,0,0,0,0,0,0,0,0,0,0,0,0,0,0,0,3,0,15,3,15,4,15,4,15,5,15,6,16,6,17,6,17,6,18,7,18,8,18,8,18,8,18,8,18,9,19,9,19,9,19,9,19,9,20,8,20,8,21,8,21,8,22,8,22,8,22,8,22,8]"
CSI_DATA,44171,d8:b1:90:db:e8:90,-51,11,1,7,0,0,1,0,0,0,1,-94,0,8,0,690855258,0,100,0,128,1,"[100,-64,5,0,-20,14,-20,14,-20,14,-19,14,-19,14,-18,14,-18,14,-17,14,-17,15,-17,15,-17,15,-16,15,-16,16,-16,16,-16,16,-16,16,-16,16,-16,15,-16,15,-16,14,-16,14,-17,13,-17,12,-17,12,-18,12,-5,2,0,0,0,0,0,0,0,0,0,0,0,0,0,0,0,0,0,0,-3,2,-12,10,-12,10,-13,10,-14,10,-14,10,-15,10,-16,10,-16,9,-17,9,-17,9,-18,9,-19,9,-19,9,-19,9,-19,9,-19,9,-20,9,-20,10,-20,11,-20,12,-20,12,-20,13,-19,13,-20,13,-20,13,-20,13]"
CSI_DATA,44172,d8:b1:90:db:e8:90,-51,11,1,7,0,0,1,0,0,0,1,-94,0,8,0,690868058,0,100,0,128,1,"[100,-64,5,0,-30,4,-30,4,-29,4,-29,5,-29,5,-28,6,-28,6,-27,7,-27,7,-27,8,-27,9,-26,9,-26,10,-26,9,-26,9,-25,9,-25,9,-25,8,-25,8,-25,8,-25,7,-25,7,-25,6,-25,5,-25,4,-7,0,0,0,0,0,0,0,0,0,0,0,0,0,0,0,0,0,0,0,-4,1,-17,5,-18,4,-19,3,-20,1,-22,1,-23,1,-24,2,-25,2,-25,3,-25,3,-26,2,-26,1,-26,0,-26,0,-27,0,-27,1,-27,1,-27,1,-28,1,-28,1,-28,1,-29,2,-29,2,-29,3,-29,3,-29,3]"
CSI_DATA,44173,d8:b1:90:db:e8:90,-51,11,1,7,0,0,1,0,0,0,1,-94,0,8,0,690885089,0,100,0,128,1,"[100,-64,5,0,17,-14,17,-14,17,-14,16,-14,16,-15,16,-15,15,-15,15,-15,14,-15,14,-16,14,-16,13,-16,13,-17,13,-17,13,-16,13,-16,13,-16,13,-15,13,-15,13,-15,14,-14,14,-14,14,-13,15,-13,15,-12,3,-3,0,0,0,0,0,0,0,0,0,0,0,0,0,0,0,0,0,0,2,-3,9,-11,9,-11,10,-11,10,-10,11,-10,11,-11,12,-11,13,-11,14,-11,14,-11,15,-11,15,-11,16,-11,16,-11,16,-11,16,-11,16,-11,17,-11,17,-12,17,-12,17,-12,17,-12,17,-13,17,-13,17,-13,18,-14]"
CSI_DATA,44174,d8:b1:90:db:e8:90,-51,11,1,7,0,0,1,0,0,0,1,-94,0,8,0,690903896,0,100,0,128,1,"[100,-64,5,0,-6,-25,-6,-25,-6,-24,-7,-23,-8,-23,-8,-22,-9,-22,-9,-23,-9,-23,-9,-23,-10,-22,-11,-21,-11,-21,-11,-22,-11,-22,-11,-22,-11,-22,-11,-22,-11,-22,-11,-21,-10,-21,-9,-21,-8,-21,-7,-21,-6,-22,-2,-6,0,0,0,0,0,0,0,0,0,0,0,0,0,0,0,0,0,0,-2,-4,-5,-15,-5,-15,-4,-15,-4,-16,-4,-17,-4,-18,-4,-18,-4,-19,-4,-20,-4,-21,-3,-22,-3,-22,-2,-22,-2,-22,-2,-23,-2,-23,-3,-23,-3,-23,-4,-23,-5,-23,-5,-24,-5,-24,-5,-24,-5,-24,-5,-24,-5,-25]"
CSI_DATA,44175,d8:b1:90:db:e8:90,-52,11,1,7,0,0,1,0,0,0,1,-94,0,8,0,690913958,0,100,0,128,1,"[100,-64,5,0,-16,18,-16,18,-15,19,-14,19,-13,19,-12,19,-12,19,-11,20,-11,20,-10,20,-10,20,-9,21,-8,21,-8,22,-9,21,-9,21,-9,21,-9,20,-10,20,-10,19,-10,19,-11,18,-12,18,-13,17,-14,17,-4,4,0,0,0,0,0,0,0,0,0,0,0,0,0,0,0,0,0,0,-2,3,-8,12,-9,12,-10,12,-10,12,-11,12,-12,12,-13,12,-14,12,-14,12,-15,13,-15,13,-16,13,-16,13,-16,13,-16,13,-17,13,-17,13,-17,13,-17,14,-18,15,-18,15,-17,15,-17,16,-17,16,-17,17,-16,18]"
CSI_DATA,44176,d8:b1:90:db:e8:90,-52,11,1,7,0,0,1,0,0,0,1,-94,0,8,0,690925888,0,100,0,128,1,"[100,-64,5,0,0,-24,0,-24,-1,-24,-2,-23,-2,-23,-3,-23,-3,-23,-4,-23,-4,-23,-5,-23,-5,-23,-6,-23,-6,-23,-6,-24,-6,-24,-6,-24,-6,-24,-5,-24,-5,-23,-4,-23,-3,-22,-3,-22,-2,-22,-1,-22,0,-22,0,-6,0,0,0,0,0,0,0,0,0,0,0,0,0,0,0,0,0,0,-1,-4,-3,-16,-1,-16,0,-17,0,-18,1,-18,1,-18,1,-19,2,-19,3,-20,3,-20,4,-20,4,-20,5,-20,5,-21,4,-21,3,-21,3,-21,3,-22,3,-22,2,-22,2,-22,2,-23,1,-23,1,-23,1,-24,0,-24]"
CSI_DATA,44177,d8:b1:90:db:e8:90,-51,11,1,7,0,0,1,0,0,0,1,-94,0,8,0,690938278,0,100,0,128,1,"[100,-64,5,0,20,12,19,12,20,11,20,11,20,10,20,10,20,9,20,9,20,9,21,8,21,8,21,7,21,7,21,7,21,7,21,7,21,8,21,8,21,8,20,8,20,8,19,9,19,9,18,10,18,11,4,3,0,0,0,0,0,0,0,0,0,0,0,0,0,0,0,0,0,0,3,1,12,6,12,7,12,8,12,9,12,9,13,10,13,11,13,12,14,13,14,14,14,14,14,15,14,15,14,15,14,14,15,14,15,14,15,14,15,14,16,14,16,14,17,14,18,14,18,13,18,13,19,13]"
CSI_DATA,44178,d8:b1:90:db:e8:90,-51,11,1,7,0,0,1,0,0,0,1,-94,0,8,0,690955179,0,100,0,128,1,"[100,-64,5,0,12,25,12,24,13,24,13,24,14,23,14,23,14,22,15,22,15,22,15,21,16,21,16,21,16,21,17,22,17,22,17,22,16,22,15,22,15,22,14,22,13,22,13,22,12,22,10,23,9,24,2,6,0,0,0,0,0,0,0,0,0,0,0,0,0,0,0,0,0,0,2,3,9,16,8,16,8,17,7,18,7,19,7,19,6,20,6,21,6,22,6,23,5,24,5,25,5,26,5,26,6,25,7,25,7,25,7,25,8,25,8,25,9,25,9,25,10,25,10,25,11,25,12,26]"
CSI_DATA,44179,d8:b1:90:db:e8:90,-51,11,1,7,0,0,1,0,0,0,1,-94,0,8,0,690975172,0,100,0,128,1,"[100,-64,5,0,19,-10,19,-10,19,-10,18,-11,18,-12,17,-12,17,-12,17,-12,16,-12,16,-13,15,-13,15,-14,15,-14,15,-14,15,-14,15,-14,15,-14,15,-14,15,-13,15,-13,15,-13,15,-13,16,-12,16,-11,16,-11,4,-3,0,0,0,0,0,0,0,0,0,0,0,0,0,0,0,0,0,0,3,-3,12,-9,11,-9,12,-8,14,-9,14,-9,14,-9,14,-9,15,-9,15,-9,16,-8,16,-8,17,-8,17,-8,18,-8,18,-8,18,-7,18,-7,19,-8,18,-8,18,-8,19,-8,19,-8,19,-9,19,-9,19,-9,19,-9]"
CSI_DATA,44180,d8:b1:90:db:e8:90,-52,11,1,5,0,0,1,0,1,0,0,-94,0,8,0,690987456,0,100,0,128,1,"[100,-64,5,0,-46,2,-41,2,-35,2,-28,1,-21,0,-14,-2,-7,-4,-2,-6,3,-9,7,-11,10,-13,12,-14,13,-14,13,-13,12,-11,10,-9,8,-5,5,0,1,4,-3,10,-7,15,-11,20,-16,24,-20,28,-23,30,-6,7,0,0,0,0,0,0,0,0,0,0,0,0,0,0,0,0,0,0,-4,-2,-14,-5,-11,-4,-7,-2,-4,0,0,2,3,4,6,6,8,7,10,7,10,7,10,7,8,5,5,3,2,1,-3,-1,-8,-3,-14,-5,-20,-7,-26,-8,-32,-8,-38,-7,-44,-6,-48,-5,-51,-3,-53,-2,-54,-2]"
CSI_DATA,44181,d8:b1:90:db:e8:90,-51,11,1,7,0,0,1,0,0,0,1,-94,0,8,0,691009561,0,100,0,128,1,"[100,-64,5,0,-20,11,-20,11,-19,11,-19,12,-18,12,-18,12,-17,13,-16,13,-16,13,-16,13,-16,14,-16,14,-16,15,-16,15,-16,15,-16,15,-16,15,-16,14,-16,14,-16,13,-16,13,-17,12,-17,12,-17,11,-18,10,-5,2,0,0,0,0,0,0,0,0,0,0,0,0,0,0,0,0,0,0,-3,2,-12,7,-13,7,-14,7,-15,7,-15,7,-16,7,-16,7,-17,6,-18,6,-18,7,-18,7,-18,7,-18,7,-19,7,-19,7,-20,7,-20,7,-20,8,-20,8,-20,8,-20,8,-20,9,-20,10,-20,11,-20,11,-21,11]"
CSI_DATA,44182,d8:b1:90:db:e8:90,-51,11,1,7,0,0,1,0,0,0,1,-94,0,8,0,691020197,0,100,0,128,1,"[100,-64,5,0,21,-2,21,-2,21,-3,20,-3,20,-4,20,-4,19,-5,19,-6,19,-6,18,-7,19,-7,19,-7,19,-7,19,-7,19,-7,19,-7,19,-6,18,-6,18,-6,18,-6,19,-5,19,-5,19,-4,19,-3,19,-2,4,-1,0,0,0,0,0,0,0,0,0,0,0,0,0,0,0,0,0,0,3,-1,12,-4,13,-3,14,-3,14,-2,15,-2,15,-2,16,-2,16,-2,16,-1,17,-1,17,-1,18,-1,18,0,19,0,19,0,19,0,19,0,19,0,19,0,19,0,19,0,20,-1,20,-1,21,-1,21,-1,21,-1]"
CSI_DATA,44183,d8:b1:90:db:e8:90,-51,11,1,7,0,0,1,0,0,0,1,-94,0,8,0,691039312,0,100,0,128,1,"[100,-64,5,0,22,-9,22,-9,22,-9,22,-10,21,-10,21,-10,20,-11,20,-11,19,-12,19,-12,19,-12,19,-13,19,-13,19,-13,19,-13,19,-13,19,-13,19,-13,19,-12,18,-12,18,-12,19,-11,19,-10,19,-9,20,-8,5,-2,0,0,0,0,0,0,0,0,0,0,0,0,0,0,0,0,0,0,3,-3,13,-8,13,-8,14,-8,14,-8,15,-8,16,-8,17,-7,18,-7,19,-6,19,-7,20,-7,20,-7,20,-6,21,-6,21,-6,21,-6,21,-6,22,-6,22,-7,22,-7,22,-7,22,-7,22,-8,22,-9,23,-9,23,-9]"
CSI_DATA,44184,d8:b1:90:db:e8:90,-51,11,1,7,0,0,1,0,0,0,1,-94,0,8,0,691055874,0,100,0,128,1,"[100,-64,5,0,-2,24,-2,23,-1,23,-1,23,-1,23,-1,23,0,22,1,22,1,21,2,21,3,22,3,22,4,22,4,22,4,22,4,22,4,22,4,22,3,22,3,22,3,21,2,21,2,21,1,21,0,22,0,5,0,0,0,0,0,0,0,0,0,0,0,0,0,0,0,0,0,0,0,3,2,15,1,15,0,15,-1,16,-2,16,-2,17,-3,18,-4,18,-4,19,-5,19,-5,19,-5,19,-5,20,-5,20,-5,20,-5,20,-5,21,-5,21,-4,21,-4,22,-4,22,-4,22,-4,23,-3,23,-3,23,-3,24]"
CSI_DATA,44185,d8:b1:90:db:e8:90,-51,11,1,7,0,0,1,0,0,0,1,-94,0,8,0,691075306,0,100,0,128,1,"[100,-64,5,0,-18,13,-18,13,-17,13,-17,13,-16,14,-16,14,-15,14,-15,14,-15,14,-14,14,-14,14,-14,15,-14,15,-14,15,-14,15,-14,15,-14,15,-14,15,-14,14,-14,14,-14,13,-15,13,-15,12,-16,12,-16,11,-5,2,0,0,0,0,0,0,0,0,0,0,0,0,0,0,0,0,0,0,-3,2,-10,8,-11,8,-12,8,-12,8,-13,8,-13,8,-14,9,-15,9,-16,9,-16,9,-17,9,-17,9,-18,9,-18,9,-18,9,-18,9,-18,9,-18,9,-18,10,-18,11,-18,11,-18,12,-18,12,-18,12,-18,12,-18,12]"
CSI_DATA,44186,d8:b1:90:db:e8:90,-51,11,1,7,0,0,1,0,0,0,1,-94,0,8,0,691086115,0,100,0,128,1,"[100,-64,5,0,-23,-2,-22,-2,-22,-1,-22,-1,-22,-1,-21,-1,-21,0,-21,1,-20,1,-20,2,-21,2,-21,1,-21,2,-21,3,-21,4,-21,3,-20,2,-21,2,-21,2,-20,1,-20,1,-20,0,-20,-1,-19,-2,-19,-2,-5,-1,0,0,0,0,0,0,0,0,0,0,0,0,0,0,0,0,0,0,-4,-1,-13,-1,-13,0,-13,-1,-13,-2,-15,-3,-16,-2,-17,-2,-17,-3,-17,-4,-18,-5,-18,-4,-19,-4,-19,-5,-19,-5,-19,-5,-20,-5,-20,-5,-20,-5,-20,-4,-20,-4,-21,-4,-21,-3,-22,-3,-22,-2,-22,-3,-22,-3]"
CSI_DATA,44187,d8:b1:90:db:e8:90,-51,11,1,7,0,0,1,0,0,0,1,-94,0,8,0,691109659,0,100,0,128,1,"[100,-64,5,0,21,-6,21,-7,20,-7,20,-8,20,-8,19,-9,19,-9,18,-9,18,-10,18,-10,18,-11,18,-11,17,-12,17,-12,17,-12,17,-12,17,-12,17,-11,17,-11,17,-10,17,-10,17,-9,18,-9,18,-8,19,-7,4,-2,0,0,0,0,0,0,0,0,0,0,0,0,0,0,0,0,0,0,3,-2,12,-7,13,-6,13,-5,13,-5,14,-5,15,-5,15,-5,16,-5,17,-5,17,-4,18,-4,18,-3,19,-3,19,-3,19,-4,19,-4,20,-4,20,-4,20,-5,20,-5,21,-5,21,-5,21,-5,21,-5,21,-5,21,-5]"
CSI_DATA,44188,d8:b1:90:db:e8:90,-51,11,1,7,0,0,1,0,0,0,1,-94,0,8,0,691119789,0,100,0,128,1,"[100,-64,5,0,-17,14,-17,14,-16,14,-16,14,-15,14,-15,14,-14,14,-14,14,-14,15,-14,15,-14,15,-13,15,-13,15,-13,15,-13,15,-13,15,-13,15,-13,15,-13,15,-13,15,-14,14,-14,13,-14,13,-15,12,-15,12,-4,3,0,0,0,0,0,0,0,0,0,0,0,0,0,0,0,0,0,0,-3,2,-10,10,-10,10,-10,10,-11,10,-12,10,-13,10,-13,10,-14,10,-15,10,-15,10,-15,10,-16,10,-16,10,-16,10,-17,11,-17,11,-17,11,-17,11,-17,12,-17,13,-17,13,-17,13,-17,13,-17,13,-17,13,-18,14]"
CSI_DATA,44189,d8:b1:90:db:e8:90,-51,11,1,7,0,0,1,0,0,0,1,-94,0,8,0,691130719,0,100,0,128,1,"[100,-64,5,0,-13,-20,-13,-20,-13,-20,-13,-20,-13,-20,-14,-20,-14,-19,-14,-19,-15,-18,-15,-18,-15,-17,-16,-17,-16,-17,-16,-17,-16,-17,-16,-17,-16,-16,-15,-17,-15,-17,-14,-17,-14,-17,-14,-17,-13,-17,-13,-17,-12,-18,-3,-5,0,0,0,0,0,0,0,0,0,0,0,0,0,0,0,0,0,0,-3,-3,-10,-12,-10,-13,-10,-14,-10,-15,-10,-15,-10,-16,-9,-17,-9,-17,-9,-18,-9,-19,-9,-19,-9,-20,-9,-20,-9,-20,-9,-20,-9,-21,-10,-21,-10,-21,-10,-21,-10,-21,-10,-22,-11,-22,-12,-22,-12,-21,-12,-21,-12,-21]"
CSI_DATA,44190,d8:b1:90:db:e8:90,-51,11,1,7,0,0,1,0,0,0,1,-94,0,8,0,691146603,0,100,0,128,1,"[100,-64,5,0,6,22,6,22,6,22,7,22,7,22,7,22,7,21,8,20,8,20,9,20,9,20,9,20,10,20,10,20,10,20,10,19,10,19,9,19,9,19,8,19,8,19,7,19,7,19,6,19,6,20,1,5,0,0,0,0,0,0,0,0,0,0,0,0,0,0,0,0,0,0,1,3,7,13,6,14,6,15,5,16,5,16,5,17,5,17,4,18,4,19,4,19,4,20,4,20,3,21,3,21,3,21,3,21,3,21,3,22,3,22,4,22,4,22,4,23,5,23,5,23,6,23,6,23]"
CSI_DATA,44191,d8:b1:90:db:e8:90,-51,11,1,7,0,0,1,0,0,0,1,-94,0,8,0,691165850,0,100,0,128,1,"[100,-64,5,0,-22,-3,-22,-3,-21,-3,-21,-3,-21,-3,-21,-3,-21,-2,-21,0,-21,0,-21,1,-21,1,-21,1,-21,1,-21,1,-21,1,-20,2,-20,2,-20,1,-20,1,-20,0,-20,0,-19,0,-19,-1,-20,-2,-20,-2,-5,-1,0,0,0,0,0,0,0,0,0,0,0,0,0,0,0,0,0,0,-4,0,-14,-1,-15,-1,-15,-2,-16,-2,-16,-3,-16,-3,-17,-4,-17,-4,-18,-5,-18,-5,-18,-6,-18,-6,-19,-7,-19,-7,-19,-7,-19,-7,-19,-7,-20,-6,-20,-5,-21,-5,-21,-5,-21,-5,-22,-4,-22,-4,-22,-4,-22,-4]"
CSI_DATA,44192,d8:b1:90:db:e8:90,-52,11,1,7,0,0,1,0,0,0,1,-94,0,8,0,691185398,0,100,0,128,1,"[100,-64,5,0,-9,-20,-9,-20,-8,-20,-9,-19,-9,-19,-9,-19,-9,-18,-10,-18,-10,-18,-10,-18,-11,-17,-11,-17,-11,-17,-11,-18,-11,-17,-11,-17,-11,-17,-11,-17,-10,-17,-10,-17,-10,-17,-9,-17,-9,-17,-8,-18,-7,-18,-2,-5,0,0,0,0,0,0,0,0,0,0,0,0,0,0,0,0,0,0,-2,-4,-6,-13,-7,-13,-8,-13,-8,-14,-9,-14,-9,-15,-9,-15,-9,-15,-8,-17,-7,-18,-8,-18,-7,-18,-7,-19,-7,-19,-7,-19,-8,-18,-8,-18,-8,-19,-8,-20,-8,-20,-8,-20,-8,-20,-8,-21,-8,-21,-8,-21,-8,-21]"
CSI_DATA,44193,d8:b1:90:db:e8:90,-51,11,1,7,0,0,1,0,0,0,1,-94,0,8,0,691209062,0,100,0,128,1,"[100,-64,5,0,-7,20,-7,20,-6,20,-6,20,-6,20,-6,19,-5,19,-5,19,-4,19,-4,19,-3,19,-2,19,-2,19,-1,20,-2,20,-2,20,-2,20,-2,19,-3,19,-3,19,-3,18,-4,18,-4,18,-5,18,-6,18,-2,4,0,0,0,0,0,0,0,0,0,0,0,0,0,0,0,0,0,0,-1,3,-2,14,-3,14,-4,14,-5,15,-5,15,-5,15,-6,15,-7,16,-7,16,-8,16,-8,17,-9,17,-9,17,-9,17,-8,18,-8,18,-8,18,-8,18,-8,19,-7,19,-7,20,-7,20,-7,20,-7,20,-7,20,-7,20]"
CSI_DATA,44194,d8:b1:90:db:e8:90,-51,11,1,7,0,0,1,0,0,0,1,-94,0,8,0,691221891,0,100,0,128,1,"[100,-64,5,0,21,12,21,12,21,11,21,11,20,11,20,10,21,10,21,9,21,9,21,8,21,8,21,8,21,8,21,8,21,7,21,7,21,7,20,7,20,7,20,7,20,8,19,8,19,9,19,10,19,11,4,2,0,0,0,0,0,0,0,0,0,0,0,0,0,0,0,0,0,0,3,1,14,6,14,7,14,8,15,9,15,10,15,10,15,9,16,9,16,10,16,10,17,11,17,11,17,12,17,12,17,12,17,12,17,12,18,12,18,12,19,12,19,12,20,12,20,12,20,12,20,12,21,13]"
CSI_DATA,44195,d8:b1:90:db:e8:90,-51,11,1,7,0,0,1,0,0,0,1,-94,0,8,0,691239132,0,100,0,128,1,"[100,-64,5,0,23,0,23,0,23,0,23,0,23,-1,23,-1,22,-2,22,-2,22,-2,22,-3,22,-3,22,-4,22,-4,22,-4,22,-4,22,-4,22,-4,22,-3,22,-3,21,-3,21,-2,21,-2,21,-1,21,0,21,1,5,0,0,0,0,0,0,0,0,0,0,0,0,0,0,0,0,0,0,0,3,-1,15,-1,15,-1,15,-1,16,0,16,0,17,0,18,1,19,1,19,2,20,2,20,2,20,2,21,3,21,3,21,3,22,3,22,3,22,2,22,1,22,1,23,1,23,1,23,0,23,0,23,0,24,0]"
CSI_DATA,44196,d8:b1:90:db:e8:90,-51,11,1,7,0,0,1,0,0,0,1,-94,0,8,0,691252617,0,100,0,128,1,"[100,-64,5,0,18,-12,18,-12,18,-11,18,-11,18,-11,17,-12,17,-12,17,-12,16,-12,16,-13,16,-13,15,-13,15,-14,15,-14,16,-14,16,-14,16,-13,16,-13,16,-13,16,-13,16,-12,16,-11,17,-10,17,-9,17,-9,4,-2,0,0,0,0,0,0,0,0,0,0,0,0,0,0,0,0,0,0,2,-3,11,-8,12,-8,11,-8,12,-8,13,-8,13,-8,14,-8,15,-8,16,-8,16,-8,17,-8,17,-8,17,-8,17,-8,17,-8,18,-9,18,-9,18,-9,18,-10,18,-10,18,-10,18,-11,18,-11,18,-11,19,-11,19,-11]"
CSI_DATA,44197,d8:b1:90:db:e8:90,-51,11,1,7,0,0,1,0,0,0,1,-94,0,8,0,691262953,0,100,0,128,1,"[100,-64,5,0,-8,-24,-8,-24,-8,-23,-9,-23,-9,-22,-9,-22,-10,-21,-10,-21,-11,-21,-11,-21,-12,-20,-12,-20,-12,-20,-12,-20,-12,-20,-12,-20,-12,-20,-12,-20,-11,-20,-11,-19,-11,-19,-10,-19,-9,-20,-9,-21,-8,-21,-2,-6,0,0,0,0,0,0,0,0,0,0,0,0,0,0,0,0,0,0,-2,-4,-8,-14,-7,-15,-7,-16,-7,-16,-6,-17,-6,-18,-6,-18,-5,-19,-5,-19,-5,-20,-5,-21,-5,-21,-4,-22,-4,-22,-4,-22,-4,-22,-4,-22,-5,-23,-5,-23,-5,-23,-5,-23,-6,-24,-6,-24,-7,-24,-7,-24,-7,-23]"
CSI_DATA,44198,d8:b1:90:db:e8:90,-51,11,1,7,0,0,1,0,0,0,1,-94,0,8,0,691276381,0,100,0,128,1,"[100,-64,5,0,17,22,16,22,16,22,17,22,18,22,18,21,18,20,18,19,18,19,18,19,18,18,19,18,19,18,19,18,19,18,20,18,20,18,20,18,19,18,19,18,18,18,17,18,17,18,16,19,16,20,4,5,0,0,0,0,0,0,0,0,0,0,0,0,0,0,0,0,0,0,2,2,11,9,10,11,11,13,14,15,12,17,11,18,12,19,12,19,12,19,12,20,12,21,12,22,12,23,12,23,12,23,12,23,13,23,13,23,14,23,14,23,15,23,15,23,15,24,16,24,16,24,16,24]"
CSI_DATA,44199,d8:b1:90:db:e8:90,-52,11,1,7,0,0,1,0,0,0,1,-94,0,8,0,691287103,0,100,0,128,1,"[100,-64,5,0,20,-3,20,-3,20,-3,20,-3,20,-4,20,-4,20,-4,19,-5,18,-5,18,-5,18,-6,18,-6,18,-6,18,-6,19,-6,19,-7,19,-6,19,-6,18,-6,18,-6,18,-6,18,-5,18,-4,18,-4,18,-3,4,-1,0,0,0,0,0,0,0,0,0,0,0,0,0,0,0,0,0,0,2,-1,11,-3,12,-4,14,-4,14,-3,14,-2,14,-2,15,-2,15,-3,16,-3,17,-2,18,-1,18,-1,18,0,18,0,18,-1,19,-1,19,-1,19,-1,19,-1,19,-1,20,-2,20,-2,20,-2,20,-2,21,-2,21,-2]"
CSI_DATA,44200,d8:b1:90:db:e8:90,-51,11,1,7,0,0,1,0,0,0,1,-94,0,8,0,691319593,0,100,0,128,1,"[100,-64,5,0,24,-3,23,-3,23,-3,23,-4,22,-4,22,-4,22,-5,22,-5,22,-6,21,-6,21,-7,21,-7,21,-7,21,-7,21,-8,21,-7,21,-7,21,-7,21,-6,21,-6,21,-5,21,-5,21,-4,21,-3,21,-3,5,-1,0,0,0,0,0,0,0,0,0,0,0,0,0,0,0,0,0,0,3,-1,14,-3,16,-3,16,-2,16,-1,17,-1,18,-1,18,-1,18,-1,19,-1,20,0,20,0,21,0,21,0,21,0,21,0,21,0,21,0,22,0,22,-1,22,-1,22,-1,23,-1,23,-1,23,-2,23,-2,24,-2]"
CSI_DATA,44201,d8:b1:90:db:e8:90,-51,11,1,7,0,0,1,0,0,0,1,-94,0,8,0,691334311,0,100,0,128,1,"[100,-64,5,0,12,19,13,19,13,19,14,19,14,18,14,18,15,17,15,17,15,16,15,16,16,16,16,15,17,15,17,15,17,15,17,15,17,15,16,15,16,15,16,15,15,15,14,16,13,16,13,17,12,17,2,4,0,0,0,0,0,0,0,0,0,0,0,0,0,0,0,0,0,0,2,2,10,11,9,11,10,12,10,13,10,13,10,14,10,15,9,15,9,16,9,17,9,18,8,18,8,19,9,19,9,20,9,20,9,20,10,20,10,20,10,20,10,20,11,20,11,20,11,21,11,21,11,21]"
CSI_DATA,44202,d8:b1:90:db:e8:90,-51,11,1,7,0,0,1,0,0,0,1,-94,0,8,0,691347418,0,100,0,128,1,"[100,-64,5,0,-1,24,-1,24,-1,24,0,24,1,23,1,23,1,23,2,23,3,22,3,22,4,22,5,22,5,22,5,23,5,23,5,22,4,22,4,22,3,22,3,22,2,21,2,21,1,21,0,21,-1,21,-1,5,0,0,0,0,0,0,0,0,0,0,0,0,0,0,0,0,0,0,0,3,2,14,2,15,2,15,1,16,1,17,0,17,0,18,-1,18,-1,19,-1,19,-2,20,-2,20,-2,21,-3,21,-3,22,-3,22,-3,22,-3,22,-3,22,-3,22,-3,22,-2,23,-2,23,-2,23,-2,24,-2,24]"
CSI_DATA,44203,d8:b1:90:db:e8:90,-51,11,1,7,0,0,1,0,0,0,1,-94,0,8,0,691365452,0,100,0,128,1,"[100,-64,5,0,12,-18,12,-18,12,-18,11,-18,11,-18,11,-18,10,-18,10,-18,9,-18,9,-18,8,-19,8,-19,7,-19,8,-19,8,-20,8,-20,7,-19,8,-19,8,-19,8,-19,8,-18,9,-18,9,-17,10,-17,10,-16,2,-4,0,0,0,0,0,0,0,0,0,0,0,0,0,0,0,0,0,0,1,-3,6,-12,7,-12,8,-12,8,-12,9,-12,10,-13,10,-13,10,-13,11,-13,12,-13,12,-14,13,-14,13,-14,13,-14,13,-15,13,-15,13,-15,13,-16,13,-16,12,-16,12,-16,12,-17,12,-17,13,-17,12,-17,12,-17]"
CSI_DATA,44204,d8:b1:90:db:e8:90,-51,11,1,7,0,0,1,0,0,0,1,-94,0,8,0,691385335,0,100,0,128,1,"[100,-64,5,0,-5,-21,-5,-21,-4,-21,-5,-21,-5,-20,-5,-20,-6,-20,-6,-20,-7,-20,-7,-20,-7,-20,-8,-20,-8,-20,-8,-20,-8,-20,-8,-19,-8,-19,-8,-19,-7,-19,-7,-19,-7,-19,-6,-19,-5,-19,-4,-19,-3,-19,-1,-5,0,0,0,0,0,0,0,0,0,0,0,0,0,0,0,0,0,0,-1,-4,-4,-13,-4,-14,-5,-15,-5,-15,-4,-15,-2,-16,-3,-17,-2,-18,-2,-18,-2,-18,-2,-19,-2,-20,-1,-20,-1,-20,-1,-19,-2,-19,-2,-20,-2,-20,-2,-20,-2,-21,-2,-21,-3,-21,-4,-21,-4,-21,-4,-21,-4,-21]"
CSI_DATA,44205,d8:b1:90:db:e8:90,-51,11,1,7,0,0,1,0,0,0,1,-94,0,8,0,691396570,0,100,0,128,1,"[100,-64,5,0,22,-10,22,-10,22,-10,21,-11,21,-11,21,-11,20,-11,20,-12,20,-12,19,-13,19,-13,18,-13,18,-13,19,-13,19,-13,19,-13,19,-13,19,-12,19,-12,19,-11,19,-11,19,-11,19,-10,19,-10,20,-9,5,-2,0,0,0,0,0,0,0,0,0,0,0,0,0,0,0,0,0,0,3,-3,12,-9,13,-8,14,-8,15,-7,15,-7,16,-7,17,-7,18,-6,19,-6,19,-6,19,-7,20,-7,20,-6,20,-6,21,-6,21,-6,21,-6,21,-7,21,-7,22,-7,22,-7,22,-8,22,-9,22,-9,22,-9,22,-9]"
CSI_DATA,44206,d8:b1:90:db:e8:90,-51,11,1,7,0,0,1,0,0,0,1,-94,0,8,0,691413403,0,100,0,128,1,"[100,-64,5,0,2,21,2,21,2,20,3,20,4,20,4,20,4,19,5,19,5,19,5,19,5,19,5,18,6,18,6,18,6,19,6,19,6,19,5,19,5,19,5,19,4,19,3,19,3,19,2,19,2,19,0,4,0,0,0,0,0,0,0,0,0,0,0,0,0,0,0,0,0,0,1,3,3,12,3,12,2,13,2,14,2,14,2,15,1,16,1,16,1,17,0,17,0,18,0,18,0,18,-1,18,-1,18,-1,19,0,19,0,19,0,20,1,20,1,20,1,20,2,20,2,21,2,21,2,21]"
CSI_DATA,44207,d8:b1:90:db:e8:90,-51,11,1,7,0,0,1,0,0,0,1,-94,0,8,0,691425809,0,100,0,128,1,"[100,-64,5,0,24,-4,23,-4,23,-4,24,-5,23,-5,23,-6,23,-6,22,-7,22,-7,22,-7,22,-8,22,-9,22,-9,22,-9,22,-9,22,-9,22,-9,22,-9,22,-8,22,-8,22,-8,22,-7,22,-6,22,-5,22,-4,5,-1,0,0,0,0,0,0,0,0,0,0,0,0,0,0,0,0,0,0,3,-2,14,-4,15,-4,15,-3,16,-2,17,-2,17,-2,18,-3,19,-3,20,-2,21,-2,21,-1,21,-1,21,-1,21,0,21,0,22,0,22,0,22,-1,22,-1,23,-2,23,-2,24,-2,24,-2,24,-2,24,-2,24,-2]"
CSI_DATA,44208,d8:b1:90:db:e8:90,-51,11,1,7,0,0,1,0,0,0,1,-94,0,8,0,691440892,0,100,0,128,1,"[100,-64,5,0,-22,-10,-22,-10,-22,-10,-22,-10,-22,-9,-22,-9,-22,-8,-22,-8,-22,-7,-23,-7,-23,-6,-23,-6,-23,-6,-23,-6,-23,-6,-23,-6,-23,-6,-22,-7,-22,-7,-22,-7,-21,-8,-21,-8,-20,-8,-20,-10,-19,-11,-5,-3,0,0,0,0,0,0,0,0,0,0,0,0,0,0,0,0,0,0,-4,-2,-14,-6,-14,-7,-15,-8,-15,-9,-15,-9,-15,-10,-16,-11,-16,-12,-16,-12,-16,-13,-16,-13,-16,-14,-17,-14,-17,-14,-17,-14,-17,-14,-18,-14,-18,-14,-18,-14,-19,-13,-19,-13,-19,-13,-20,-12,-21,-11,-21,-11,-21,-12]"
CSI_DATA,44209,d8:b1:90:db:e8:90,-51,11,1,7,0,0,1,0,0,0,1,-94,0,8,0,691454091,0,100,0,128,1,"[100,-64,5,0,22,-9,22,-9,22,-9,22,-9,22,-9,21,-10,21,-10,20,-10,19,-11,19,-11,19,-11,19,-12,19,-12,19,-12,19,-12,20,-12,19,-12,19,-11,19,-11,19,-11,19,-10,19,-9,20,-9,20,-8,20,-7,5,-2,0,0,0,0,0,0,0,0,0,0,0,0,0,0,0,0,0,0,3,-2,12,-8,13,-7,14,-7,15,-7,16,-6,16,-6,17,-6,18,-6,19,-6,19,-5,19,-5,20,-5,20,-5,20,-5,20,-4,20,-4,20,-5,21,-5,21,-6,21,-6,21,-7,21,-7,22,-7,22,-7,22,-7,22,-7]"
CSI_DATA,44210,d8:b1:90:db:e8:90,-51,11,1,7,0,0,1,0,0,0,1,-94,0,8,0,691467178,0,100,0,128,1,"[100,-64,5,0,-24,6,-24,6,-24,7,-23,7,-23,7,-22,8,-22,8,-21,9,-21,9,-21,9,-21,10,-21,10,-21,10,-21,10,-21,10,-21,10,-21,10,-20,10,-20,9,-20,9,-20,9,-21,8,-21,7,-21,6,-21,6,-6,1,0,0,0,0,0,0,0,0,0,0,0,0,0,0,0,0,0,0,-4,1,-14,6,-15,5,-16,4,-17,4,-17,4,-18,4,-18,4,-19,3,-20,3,-20,3,-21,3,-21,3,-21,2,-21,2,-21,2,-22,2,-22,2,-22,3,-22,3,-22,4,-22,4,-23,5,-23,5,-23,5,-23,5,-23,6]"
CSI_DATA,44211,d8:b1:90:db:e8:90,-51,11,1,7,0,0,1,0,0,0,1,-94,0,8,0,691485942,0,100,0,128,1,"[100,-64,5,0,18,10,18,10,18,9,18,9,18,9,18,9,18,8,18,8,18,7,18,7,18,6,18,6,19,5,19,5,18,6,19,6,19,6,18,6,18,6,18,6,18,7,17,7,17,8,16,9,16,9,4,2,0,0,0,0,0,0,0,0,0,0,0,0,0,0,0,0,0,0,2,1,11,6,11,6,12,7,13,8,12,9,12,9,11,9,11,9,12,10,13,11,14,11,14,11,14,11,14,11,14,11,14,11,14,11,15,11,15,11,16,11,16,11,16,11,17,11,17,10,17,11,17,11]"
CSI_DATA,44212,d8:b1:90:db:e8:90,-51,11,1,7,0,0,1,0,0,0,1,-94,0,8,0,691516451,0,100,0,128,1,"[100,-64,5,0,13,20,13,20,14,19,14,18,14,17,14,17,14,17,15,16,15,16,15,15,16,15,16,15,16,15,16,16,16,16,17,15,16,15,16,16,15,16,15,16,15,16,14,16,13,16,12,16,10,17,2,4,0,0,0,0,0,0,0,0,0,0,0,0,0,0,0,0,0,0,2,2,9,12,9,12,9,12,9,13,8,14,8,14,8,15,8,17,8,17,8,18,8,18,8,19,8,19,7,19,7,19,7,19,8,19,8,19,9,19,10,19,10,20,11,20,12,19,12,19,12,20,12,20]"
CSI_DATA,44213,d8:b1:90:db:e8:90,-51,11,1,7,0,0,1,0,0,0,1,-94,0,8,0,691532074,0,100,0,128,1,"[100,-64,5,0,11,-21,11,-21,11,-21,11,-22,10,-22,10,-22,9,-22,8,-22,7,-22,7,-22,6,-22,6,-23,6,-23,6,-23,6,-23,6,-23,6,-23,6,-23,6,-22,7,-22,7,-21,8,-21,8,-20,9,-20,10,-20,2,-5,0,0,0,0,0,0,0,0,0,0,0,0,0,0,0,0,0,0,1,-4,5,-14,6,-14,6,-14,6,-14,7,-15,8,-15,9,-16,9,-16,10,-16,10,-16,11,-16,12,-17,12,-17,12,-17,12,-17,12,-17,12,-17,12,-18,12,-18,12,-19,12,-19,12,-20,12,-20,12,-20,12,-21,12,-21]"
CSI_DATA,44214,d8:b1:90:db:e8:90,-51,11,1,7,0,0,1,0,0,0,1,-94,0,8,0,691545962,0,100,0,128,1,"[100,-64,5,0,-2,21,-2,21,-2,21,-2,21,-2,21,-1,21,-1,21,0,21,1,21,1,21,1,21,2,21,2,21,2,21,2,21,2,21,2,21,1,21,1,20,1,20,0,20,-1,19,-1,19,-2,19,-2,20,-1,5,0,0,0,0,0,0,0,0,0,0,0,0,0,0,0,0,0,0,0,3,1,13,0,13,0,14,-1,14,-1,15,-2,16,-2,16,-3,16,-3,17,-4,17,-4,18,-4,18,-4,18,-4,18,-4,18,-4,18,-4,19,-4,19,-4,20,-4,20,-4,20,-4,21,-3,21,-3,21,-3,21,-3,21]"
CSI_DATA,44215,d8:b1:90:db:e8:90,-51,11,1,7,0,0,1,0,0,0,1,-94,0,8,0,691557141,0,100,0,128,1,"[100,-64,5,0,21,1,21,1,21,1,21,1,21,1,21,0,21,0,21,-1,21,-2,21,-2,21,-2,21,-3,20,-3,20,-3,21,-3,21,-3,21,-3,21,-2,20,-2,20,-2,20,-2,19,-1,19,0,19,0,19,1,4,0,0,0,0,0,0,0,0,0,0,0,0,0,0,0,0,0,0,0,3,-1,13,-1,13,-1,14,0,14,1,15,1,15,2,16,2,16,3,17,3,17,3,18,3,18,3,18,4,18,4,18,4,18,4,18,4,19,4,19,4,20,4,20,3,21,3,21,3,21,3,21,3,21,2]"
CSI_DATA,44216,d8:b1:90:db:e8:90,-51,11,1,7,0,0,1,0,0,0,1,-94,0,8,0,691567872,0,100,0,128,1,"[100,-64,5,0,28,6,28,6,28,5,28,4,28,3,28,3,28,2,28,2,27,1,27,1,27,0,28,-1,28,-1,27,-1,28,-1,28,-2,27,-2,27,-1,27,-1,26,0,26,0,26,1,25,2,25,4,25,5,6,1,0,0,0,0,0,0,0,0,0,0,0,0,0,0,0,0,0,0,4,0,18,0,19,1,19,2,20,3,20,4,21,4,21,5,21,6,22,7,22,7,23,7,23,8,23,8,24,9,24,9,24,8,25,8,25,8,26,8,26,8,26,8,27,8,27,8,27,8,27,7,27,7]"
CSI_DATA,44217,d8:b1:90:db:e8:90,-51,11,1,7,0,0,1,0,0,0,1,-94,0,8,0,691586625,0,100,0,128,1,"[100,-64,5,0,-15,15,-14,15,-14,15,-14,16,-14,16,-13,16,-13,16,-13,16,-12,16,-12,16,-12,16,-11,17,-11,17,-11,17,-11,17,-11,17,-11,17,-11,17,-11,17,-11,16,-12,16,-12,15,-13,14,-13,14,-14,13,-4,3,0,0,0,0,0,0,0,0,0,0,0,0,0,0,0,0,0,0,-3,2,-9,11,-9,11,-9,11,-10,10,-11,9,-12,9,-13,10,-13,11,-13,11,-14,12,-14,12,-15,11,-15,11,-15,11,-15,11,-15,12,-15,12,-15,13,-15,13,-15,14,-15,15,-15,15,-15,15,-16,15,-15,15,-15,14]"
CSI_DATA,44218,d8:b1:90:db:e8:90,-51,11,1,7,0,0,1,0,0,0,1,-94,0,8,0,691596919,0,100,0,128,1,"[100,-64,5,0,19,-9,19,-9,18,-9,18,-10,18,-10,18,-10,18,-10,17,-11,17,-11,17,-11,17,-11,16,-12,16,-12,16,-12,16,-12,17,-12,17,-12,16,-12,16,-11,16,-11,16,-11,17,-10,17,-9,17,-8,17,-7,4,-2,0,0,0,0,0,0,0,0,0,0,0,0,0,0,0,0,0,0,2,-2,11,-7,13,-7,13,-7,13,-6,14,-6,14,-7,14,-7,16,-6,17,-6,17,-6,18,-6,17,-6,17,-6,17,-6,18,-6,18,-6,18,-6,18,-7,18,-8,19,-8,19,-8,19,-9,19,-9,19,-9,19,-8,19,-8]"
CSI_DATA,44219,d8:b1:90:db:e8:90,-51,11,1,7,0,0,1,0,0,0,1,-94,0,8,0,691621784,0,100,0,128,1,"[100,-64,5,0,6,-21,6,-21,6,-21,5,-21,4,-21,4,-20,4,-20,3,-20,3,-20,2,-20,2,-20,1,-20,1,-21,1,-21,1,-21,1,-21,2,-21,2,-20,2,-20,2,-20,3,-20,3,-20,4,-19,5,-19,5,-19,1,-5,0,0,0,0,0,0,0,0,0,0,0,0,0,0,0,0,0,0,0,-4,1,-13,2,-14,2,-14,3,-14,3,-15,4,-16,4,-16,5,-16,6,-17,6,-17,6,-18,7,-18,7,-18,7,-18,7,-18,7,-18,7,-19,6,-19,6,-20,6,-20,6,-20,6,-20,6,-20,6,-21,6,-21,6,-21]"
CSI_DATA,44220,d8:b1:90:db:e8:90,-52,11,1,7,0,0,1,0,0,0,1,-94,0,8,0,691634085,0,100,0,128,1,"[100,-64,5,0,1,-24,1,-24,1,-24,1,-23,0,-23,0,-23,0,-23,-1,-23,-2,-23,-2,-23,-3,-23,-3,-23,-3,-23,-3,-23,-3,-23,-3,-23,-3,-23,-2,-23,-2,-23,-1,-22,-1,-22,0,-22,1,-22,2,-21,3,-21,0,-6,0,0,0,0,0,0,0,0,0,0,0,0,0,0,0,0,0,0,-1,-4,-1,-16,0,-16,1,-16,2,-16,2,-17,3,-17,3,-18,4,-19,5,-19,5,-20,5,-20,5,-20,6,-21,6,-21,6,-21,6,-21,6,-21,5,-22,4,-22,3,-22,3,-23,3,-23,2,-24,2,-24,2,-24,2,-24]"
CSI_DATA,44221,d8:b1:90:db:e8:90,-51,11,1,7,0,0,1,0,0,0,1,-94,0,8,0,691645087,0,100,0,128,1,"[100,-64,5,0,16,-15,16,-15,15,-15,15,-15,15,-15,14,-15,14,-16,12,-16,12,-16,11,-17,11,-17,10,-17,10,-18,10,-18,10,-18,10,-18,11,-18,11,-18,11,-17,11,-17,11,-16,12,-15,12,-15,13,-15,13,-14,3,-4,0,0,0,0,0,0,0,0,0,0,0,0,0,0,0,0,0,0,2,-3,9,-11,9,-11,10,-11,10,-11,11,-11,12,-10,12,-10,13,-10,14,-10,14,-10,15,-10,15,-10,16,-10,16,-10,16,-11,16,-11,16,-11,16,-11,16,-12,16,-12,16,-12,17,-12,17,-13,17,-13,17,-13,17,-13]"
CSI_DATA,44222,d8:b1:90:db:e8:90,-51,11,1,7,0,0,1,0,0,0,1,-94,0,8,0,691657185,0,100,0,128,1,"[100,-64,5,0,-23,-11,-23,-11,-22,-11,-23,-10,-23,-10,-22,-9,-23,-8,-23,-7,-23,-6,-23,-6,-23,-5,-23,-4,-23,-4,-23,-4,-23,-4,-23,-4,-23,-4,-23,-5,-23,-5,-22,-6,-22,-6,-21,-6,-21,-7,-21,-8,-20,-9,-5,-3,0,0,0,0,0,0,0,0,0,0,0,0,0,0,0,0,0,0,-4,-2,-15,-6,-15,-7,-15,-8,-16,-8,-16,-9,-16,-9,-16,-10,-16,-10,-17,-11,-17,-12,-17,-12,-17,-13,-18,-13,-18,-14,-18,-14,-19,-14,-19,-14,-19,-14,-20,-13,-20,-13,-20,-13,-21,-13,-21,-13,-21,-13,-21,-13,-21,-13]"
CSI_DATA,44223,d8:b1:90:db:e8:90,-51,11,1,7,0,0,1,0,0,0,1,-94,0,8,0,691668450,0,100,0,128,1,"[100,-64,5,0,-22,-7,-22,-7,-22,-7,-22,-6,-21,-5,-21,-5,-21,-4,-21,-3,-21,-2,-21,-2,-21,-2,-21,-1,-21,0,-21,0,-21,-1,-22,0,-22,0,-22,-1,-21,-1,-21,-2,-21,-2,-20,-2,-20,-3,-20,-4,-20,-5,-5,-2,0,0,0,0,0,0,0,0,0,0,0,0,0,0,0,0,0,0,-4,-1,-14,-3,-14,-4,-15,-4,-15,-5,-15,-5,-15,-6,-16,-6,-16,-7,-17,-7,-17,-8,-17,-9,-17,-9,-17,-10,-18,-10,-18,-10,-18,-10,-19,-10,-19,-9,-19,-9,-19,-9,-20,-9,-20,-9,-21,-9,-21,-9,-21,-9,-21,-8]"
CSI_DATA,44224,d8:b1:90:db:e8:90,-51,11,1,7,0,0,1,0,0,0,1,-94,0,8,0,691681193,0,100,0,128,1,"[100,-64,5,0,20,14,20,13,20,13,20,13,20,12,20,12,20,11,20,11,20,10,20,10,20,9,20,9,21,9,21,9,21,9,21,9,21,9,20,9,20,10,19,10,19,10,18,10,18,11,17,11,16,12,4,3,0,0,0,0,0,0,0,0,0,0,0,0,0,0,0,0,0,0,3,1,13,7,13,7,13,8,13,9,13,10,13,10,14,11,14,12,14,13,14,14,14,14,14,14,15,15,15,15,15,15,15,14,15,14,16,14,17,14,17,14,18,14,18,14,19,15,19,15,19,14,19,14]"
CSI_DATA,44225,d8:b1:90:db:e8:90,-51,11,1,7,0,0,1,0,0,0,1,-94,0,8,0,691695598,0,100,0,128,1,"[100,-64,5,0,20,-9,20,-9,20,-9,19,-9,18,-10,18,-10,18,-10,18,-11,17,-11,17,-11,17,-12,17,-12,17,-12,17,-12,17,-12,17,-12,17,-12,17,-12,16,-12,16,-11,17,-11,17,-10,17,-9,17,-9,18,-8,4,-2,0,0,0,0,0,0,0,0,0,0,0,0,0,0,0,0,0,0,2,-3,12,-8,13,-7,14,-6,15,-7,16,-7,16,-6,16,-6,16,-5,17,-5,18,-5,19,-5,19,-5,20,-5,20,-5,19,-4,19,-4,19,-5,19,-5,20,-6,20,-7,20,-7,20,-7,20,-8,20,-8,20,-8,20,-8]"
CSI_DATA,44226,d8:b1:90:db:e8:90,-51,11,1,7,0,0,1,0,0,0,1,-94,0,8,0,691721467,0,100,0,128,1,"[100,-64,5,0,21,-4,21,-4,21,-4,21,-4,20,-5,20,-5,19,-5,19,-6,19,-6,19,-6,19,-7,19,-7,19,-7,19,-7,19,-7,19,-7,19,-7,19,-7,19,-6,18,-6,18,-6,18,-5,18,-5,18,-4,19,-3,4,-1,0,0,0,0,0,0,0,0,0,0,0,0,0,0,0,0,0,0,3,-1,13,-4,13,-3,14,-3,14,-2,15,-2,16,-2,16,-1,17,-1,17,-1,18,-1,18,-1,18,0,19,0,19,0,19,0,19,0,19,-1,20,-1,20,-1,20,-2,20,-2,20,-2,20,-3,21,-3,21,-3,21,-3]"
CSI_DATA,44227,d8:b1:90:db:e8:90,-51,11,1,7,0,0,1,0,0,0,1,-94,0,8,0,691733087,0,100,0,128,1,"[100,-64,5,0,8,23,8,23,8,22,9,21,9,20,9,20,10,20,10,20,11,20,11,19,11,19,11,19,11,19,12,19,12,19,12,20,11,20,11,20,10,19,10,19,9,19,8,19,7,19,7,19,6,20,1,5,0,0,0,0,0,0,0,0,0,0,0,0,0,0,0,0,0,0,1,3,5,13,5,14,4,14,4,15,4,16,3,16,3,17,3,18,2,19,2,19,1,20,1,20,1,20,1,21,2,21,2,22,2,22,2,22,3,21,4,21,4,22,5,22,5,22,5,23,5,23,6,22]"
CSI_DATA,44228,d8:b1:90:db:e8:90,-51,11,1,7,0,0,1,0,0,0,1,-94,0,8,0,691747480,0,100,0,128,1,"[100,-64,5,0,9,-23,9,-23,9,-23,8,-23,8,-23,7,-23,6,-23,5,-23,4,-23,4,-23,4,-23,4,-23,4,-23,4,-23,3,-23,3,-23,3,-23,3,-23,4,-23,4,-22,4,-22,5,-22,6,-21,7,-21,8,-21,2,-6,0,0,0,0,0,0,0,0,0,0,0,0,0,0,0,0,0,0,0,-4,3,-16,4,-16,5,-16,6,-16,6,-17,7,-17,7,-18,8,-18,9,-18,9,-18,9,-18,9,-18,10,-19,10,-19,10,-19,10,-19,10,-19,10,-20,10,-20,10,-21,10,-21,10,-22,10,-22,10,-22,10,-22,10,-23]"
CSI_DATA,44229,d8:b1:90:db:e8:90,-51,11,1,7,0,0,1,0,0,0,1,-94,0,8,0,691759950,0,100,0,128,1,"[100,-64,5,0,5,23,5,23,5,23,6,22,6,22,6,22,7,21,8,20,9,20,9,20,9,19,10,19,10,20,10,20,10,20,10,20,10,20,9,20,9,20,9,20,8,20,7,20,7,20,6,20,6,21,1,5,0,0,0,0,0,0,0,0,0,0,0,0,0,0,0,0,0,0,1,3,5,14,5,14,4,15,4,16,4,16,3,17,3,18,3,18,3,19,3,19,3,20,3,20,3,20,3,20,2,20,2,20,2,20,3,21,3,21,3,22,4,22,4,23,4,23,4,23,5,23,5,23]"
CSI_DATA,44230,d8:b1:90:db:e8:90,-51,11,1,7,0,0,1,0,0,0,1,-94,0,8,0,691774017,0,100,0,128,1,"[100,-64,5,0,-13,20,-12,20,-12,20,-12,20,-11,20,-11,20,-10,20,-10,20,-9,20,-9,20,-9,20,-8,20,-8,21,-8,21,-8,21,-8,21,-8,21,-8,21,-8,21,-9,21,-10,20,-10,19,-11,19,-12,18,-12,17,-3,4,0,0,0,0,0,0,0,0,0,0,0,0,0,0,0,0,0,0,-2,3,-7,13,-8,14,-8,14,-9,14,-9,14,-10,14,-10,15,-11,15,-12,15,-12,15,-12,16,-12,16,-13,16,-13,16,-13,17,-13,17,-13,18,-13,18,-13,18,-13,19,-13,19,-13,19,-13,20,-13,20,-13,20,-12,19]"
CSI_DATA,44231,d8:b1:90:db:e8:90,-52,11,1,7,0,0,1,0,0,0,1,-94,0,8,0,691787719,0,100,0,128,1,"[100,-64,5,0,14,-15,14,-15,14,-15,13,-16,13,-16,13,-16,12,-16,12,-16,11,-16,11,-17,11,-17,10,-17,10,-17,10,-17,10,-17,10,-17,10,-17,10,-17,11,-17,11,-16,11,-15,11,-15,12,-14,13,-14,13,-14,3,-4,0,0,0,0,0,0,0,0,0,0,0,0,0,0,0,0,0,0,2,-3,8,-11,9,-11,9,-11,9,-11,10,-10,11,-11,12,-11,12,-11,13,-11,14,-12,15,-12,15,-12,14,-12,14,-12,15,-12,15,-12,15,-12,15,-12,15,-13,15,-13,15,-13,15,-14,15,-14,15,-15,15,-15,15,-15]"
CSI_DATA,44232,d8:b1:90:db:e8:90,-51,11,1,7,0,0,1,0,0,0,1,-94,0,8,0,691799756,0,100,0,128,1,"[100,-64,5,0,20,-2,20,-2,20,-3,20,-3,20,-3,20,-4,20,-4,19,-4,19,-5,19,-5,19,-6,19,-6,19,-6,19,-6,19,-6,19,-6,19,-6,19,-5,18,-5,18,-4,18,-4,18,-3,18,-3,19,-2,19,-2,4,-1,0,0,0,0,0,0,0,0,0,0,0,0,0,0,0,0,0,0,3,-1,15,-3,15,-2,15,-2,16,-2,15,-1,16,-1,17,-1,17,-1,17,-1,17,-1,18,0,18,0,19,1,19,1,19,0,19,1,19,1,19,1,19,0,19,0,20,0,20,0,20,-1,20,-1,21,-1,21,-2]"
CSI_DATA,44233,d8:b1:90:db:e8:90,-51,11,1,7,0,0,1,0,0,0,1,-94,0,8,0,691822544,0,100,0,128,1,"[100,-64,5,0,-19,-15,-19,-15,-19,-15,-19,-14,-19,-14,-19,-14,-19,-13,-19,-13,-19,-12,-20,-12,-20,-11,-21,-11,-21,-11,-21,-11,-21,-11,-20,-11,-20,-11,-20,-12,-19,-12,-19,-13,-19,-13,-18,-13,-18,-13,-17,-14,-17,-15,-4,-4,0,0,0,0,0,0,0,0,0,0,0,0,0,0,0,0,0,0,-4,-3,-13,-9,-13,-10,-14,-11,-14,-11,-14,-12,-14,-13,-14,-13,-14,-14,-14,-15,-14,-15,-14,-16,-14,-16,-14,-17,-15,-17,-16,-17,-16,-17,-16,-17,-16,-17,-16,-17,-16,-17,-17,-17,-17,-17,-17,-17,-18,-16,-18,-16,-19,-16]"
CSI_DATA,44234,d8:b1:90:db:e8:90,-51,11,1,7,0,0,1,0,0,0,1,-94,0,8,0,691836384,0,100,0,128,1,"[100,-64,5,0,11,-19,11,-19,11,-19,11,-19,10,-19,10,-19,9,-19,8,-19,8,-19,8,-19,8,-19,7,-20,7,-20,7,-20,7,-20,7,-19,7,-19,7,-19,7,-19,7,-19,8,-18,8,-18,9,-17,9,-17,10,-17,2,-5,0,0,0,0,0,0,0,0,0,0,0,0,0,0,0,0,0,0,1,-4,6,-13,6,-13,7,-13,8,-13,9,-13,10,-13,10,-14,10,-14,11,-14,12,-14,12,-14,12,-14,13,-14,13,-14,13,-15,13,-15,13,-16,13,-16,12,-16,12,-17,12,-17,12,-17,12,-18,12,-18,12,-18,12,-18]"
CSI_DATA,44235,d8:b1:90:db:e8:90,-51,11,1,7,0,0,1,0,0,0,1,-94,0,8,0,691851268,0,100,0,128,1,"[100,-64,5,0,0,23,1,23,1,23,1,23,1,22,2,22,2,22,3,21,3,21,4,21,4,21,4,21,4,21,4,21,4,21,4,21,4,21,4,21,3,21,3,21,3,20,2,20,2,20,1,20,0,20,0,5,0,0,0,0,0,0,0,0,0,0,0,0,0,0,0,0,0,0,0,3,2,14,2,14,1,15,0,15,0,16,0,17,-1,17,-2,17,-2,18,-2,18,-2,19,-2,19,-3,19,-3,20,-2,20,-2,21,-2,21,-2,21,-1,21,-1,21,-1,21,0,21,0,22,0,22,0,22,1,23]"
CSI_DATA,44236,d8:b1:90:db:e8:90,-51,11,1,7,0,0,1,0,0,0,1,-94,0,8,0,691864169,0,100,0,128,1,"[100,-64,5,0,9,-21,9,-21,9,-21,9,-21,9,-21,8,-21,7,-21,7,-21,6,-21,6,-21,5,-21,5,-21,5,-21,5,-21,5,-21,5,-21,6,-21,6,-21,6,-20,6,-20,6,-19,7,-19,7,-19,7,-19,8,-19,2,-5,0,0,0,0,0,0,0,0,0,0,0,0,0,0,0,0,0,0,1,-4,5,-14,6,-14,6,-14,7,-14,8,-14,8,-14,9,-15,10,-15,10,-15,11,-16,11,-16,11,-16,12,-16,12,-16,12,-16,12,-16,12,-16,12,-17,11,-18,11,-18,10,-18,10,-19,10,-19,10,-20,10,-20,10,-20]"
CSI_DATA,44237,d8:b1:90:db:e8:90,-51,11,1,7,0,0,1,0,0,0,1,-94,0,8,0,691876204,0,100,0,128,1,"[100,-64,5,0,7,-25,7,-24,7,-24,6,-24,6,-23,6,-23,5,-23,4,-24,4,-24,3,-24,3,-24,3,-24,3,-23,3,-23,3,-24,3,-23,3,-23,3,-23,4,-23,4,-22,5,-22,5,-21,5,-21,6,-21,7,-21,1,-6,0,0,0,0,0,0,0,0,0,0,0,0,0,0,0,0,0,0,0,-4,3,-16,4,-16,5,-16,6,-16,7,-16,7,-17,7,-17,8,-18,9,-18,9,-19,9,-20,9,-20,10,-20,10,-20,9,-20,9,-21,9,-21,9,-21,8,-21,8,-21,8,-22,8,-22,8,-23,7,-23,7,-24,7,-24]"
CSI_DATA,44238,d8:b1:90:db:e8:90,-51,11,1,7,0,0,1,0,0,0,1,-94,0,8,0,691887683,0,100,0,128,1,"[100,-64,5,0,-11,19,-11,19,-10,19,-10,19,-10,18,-10,18,-9,19,-8,19,-8,19,-8,19,-7,19,-7,19,-7,19,-7,19,-7,19,-7,19,-7,19,-7,18,-8,18,-8,18,-8,17,-9,17,-9,16,-10,16,-11,15,-3,3,0,0,0,0,0,0,0,0,0,0,0,0,0,0,0,0,0,0,-2,3,-6,12,-6,12,-7,12,-8,12,-9,12,-9,13,-10,13,-10,14,-11,14,-11,14,-11,15,-12,15,-12,15,-12,15,-12,15,-12,16,-12,16,-12,16,-11,16,-11,17,-11,17,-11,17,-11,18,-11,18,-11,18,-11,19]"
CSI_DATA,44239,d8:b1:90:db:e8:90,-51,11,1,7,0,0,1,0,0,0,1,-94,0,8,0,691902819,0,100,0,128,1,"[100,-64,5,0,-6,21,-6,21,-5,20,-5,20,-5,20,-4,20,-4,20,-3,20,-3,20,-3,20,-3,20,-3,20,-3,20,-2,20,-3,20,-3,20,-3,19,-3,19,-3,19,-3,19,-4,19,-5,19,-5,19,-5,18,-6,18,-2,4,0,0,0,0,0,0,0,0,0,0,0,0,0,0,0,0,0,0,-1,3,-2,14,-2,14,-3,14,-3,13,-3,14,-3,14,-5,14,-5,15,-5,16,-5,16,-6,16,-6,16,-6,16,-7,17,-7,17,-7,18,-7,18,-7,18,-7,18,-6,19,-6,19,-6,20,-6,20,-6,20,-6,20,-6,20]"
CSI_DATA,44240,d8:b1:90:db:e8:90,-50,11,1,7,0,0,1,0,0,0,1,-94,0,8,0,691928269,0,100,0,128,1,"[100,-64,5,0,-19,12,-19,12,-19,12,-18,12,-18,12,-17,12,-17,12,-17,12,-16,12,-16,12,-16,13,-16,13,-16,13,-16,13,-16,12,-16,12,-17,12,-16,11,-16,10,-16,10,-16,9,-16,9,-17,8,-17,7,-17,6,-5,1,0,0,0,0,0,0,0,0,0,0,0,0,0,0,0,0,0,0,1,-4,5,-16,3,-8,-3,8,-7,16,-7,16,-5,8,1,-8,4,-16,5,-16,0,-10,-10,3,-16,10,-16,10,-16,10,-17,10,-17,10,-17,10,-17,10,-17,11,-17,11,-17,11,-18,12,-18,12,-18,12,-18,12,-18,12]"
CSI_DATA,44241,d8:b1:90:db:e8:90,-51,11,1,7,0,0,1,0,0,0,1,-94,0,8,0,691941190,0,100,0,128,1,"[100,-64,5,0,-22,-12,-22,-12,-22,-12,-22,-12,-22,-11,-22,-11,-22,-11,-22,-10,-22,-9,-22,-9,-22,-9,-23,-9,-23,-9,-23,-9,-23,-9,-23,-9,-22,-9,-22,-10,-21,-10,-21,-10,-20,-10,-20,-11,-19,-11,-19,-12,-19,-13,-5,-4,0,0,0,0,0,0,0,0,0,0,0,0,0,0,0,0,0,0,-4,-2,-14,-8,-14,-9,-13,-10,-13,-11,-13,-11,-14,-12,-13,-12,-13,-13,-14,-14,-14,-14,-15,-15,-15,-15,-15,-16,-15,-16,-16,-15,-16,-15,-17,-15,-17,-15,-18,-14,-18,-14,-18,-14,-19,-14,-20,-14,-20,-14,-20,-14,-21,-14]"
CSI_DATA,44242,d8:b1:90:db:e8:90,-52,11,1,7,0,0,1,0,0,0,1,-94,0,8,0,691951827,0,100,0,128,1,"[100,-64,5,0,3,23,3,23,3,23,3,23,4,22,4,22,4,22,5,21,5,21,5,21,5,21,6,21,6,22,6,22,6,22,5,22,5,22,5,22,4,22,4,21,3,21,2,21,1,21,0,21,-1,21,-1,5,0,0,0,0,0,0,0,0,0,0,0,0,0,0,0,0,0,0,0,3,2,14,2,14,1,15,0,15,0,16,-1,16,-1,17,-1,17,-2,18,-2,19,-3,19,-3,20,-3,20,-3,21,-2,20,-2,20,-2,21,-1,21,0,21,0,21,0,21,1,22,1,23,1,23,1,23,2,24]"
CSI_DATA,44243,d8:b1:90:db:e8:90,-51,11,1,7,0,0,1,0,0,0,1,-94,0,8,0,691964157,0,100,0,128,1,"[100,-64,5,0,23,4,24,4,24,4,23,4,23,4,23,4,23,3,23,3,22,2,22,1,23,0,23,0,23,1,23,1,23,1,23,1,22,1,22,2,22,2,22,3,22,3,22,3,21,4,21,4,20,5,5,1,0,0,0,0,0,0,0,0,0,0,0,0,0,0,0,0,0,0,3,0,15,1,15,1,15,2,15,3,15,3,16,4,16,5,17,5,17,6,18,6,18,6,19,7,19,7,19,7,19,8,19,7,19,7,20,7,20,7,20,6,21,7,21,6,22,6,23,5,23,5,23,5]"
CSI_DATA,44244,d8:b1:90:db:e8:90,-51,11,1,7,0,0,1,0,0,0,1,-94,0,8,0,691975443,0,100,0,128,1,"[100,-64,5,0,-24,-10,-24,-10,-24,-10,-23,-9,-23,-9,-23,-8,-23,-8,-23,-7,-23,-7,-23,-6,-23,-6,-24,-6,-24,-6,-24,-6,-24,-6,-23,-6,-23,-6,-22,-6,-22,-6,-23,-7,-23,-7,-22,-7,-21,-8,-21,-9,-20,-10,-5,-3,0,0,0,0,0,0,0,0,0,0,0,0,0,0,0,0,0,0,-4,-1,-15,-5,-14,-6,-14,-7,-15,-8,-15,-8,-15,-9,-16,-9,-16,-10,-16,-11,-17,-11,-17,-12,-18,-12,-18,-13,-18,-13,-18,-13,-18,-13,-18,-13,-19,-13,-19,-12,-19,-11,-20,-12,-20,-12,-22,-11,-22,-11,-22,-11,-22,-11]"
CSI_DATA,44245,d8:b1:90:db:e8:90,-51,11,1,7,0,0,1,0,0,0,1,-94,0,8,0,691986998,0,100,0,128,1,"[100,-64,5,0,21,12,21,11,21,11,21,10,21,9,21,9,21,9,21,8,21,8,21,7,21,7,21,7,21,6,21,7,21,7,21,7,21,7,21,8,20,8,20,8,19,9,19,9,18,10,18,10,18,11,4,2,0,0,0,0,0,0,0,0,0,0,0,0,0,0,0,0,0,0,3,1,13,5,13,6,13,8,13,8,14,9,14,9,14,10,15,10,15,11,15,12,15,12,15,13,15,13,16,13,15,13,16,13,16,13,16,13,17,13,17,13,18,13,18,13,19,13,20,13,20,13,20,13]"
CSI_DATA,44246,d8:b1:90:db:e8:90,-51,11,1,7,0,0,1,0,0,0,1,-94,0,8,0,692006572,0,100,0,128,1,"[100,-64,5,0,24,-17,24,-17,23,-17,22,-17,22,-18,21,-18,21,-19,20,-19,20,-19,20,-20,20,-20,19,-20,19,-20,19,-20,19,-20,19,-20,18,-20,18,-20,18,-20,18,-20,18,-19,19,-18,20,-17,21,-17,21,-16,5,-4,0,0,0,0,0,0,0,0,0,0,0,0,0,0,0,0,0,0,3,-4,14,-13,15,-12,16,-10,18,-9,18,-9,18,-10,17,-12,18,-13,20,-12,21,-11,22,-10,23,-10,23,-10,23,-10,23,-11,23,-11,24,-11,24,-12,24,-12,24,-12,24,-13,24,-13,25,-14,25,-14,25,-15,24,-15]"
CSI_DATA,44247,d8:b1:90:db:e8:90,-52,11,1,7,0,0,1,0,0,0,1,-94,0,8,0,692033356,0,100,0,128,1,"[100,-64,5,0,13,-20,13,-20,14,-19,14,-19,14,-18,14,-18,14,-18,14,-17,14,-17,15,-16,15,-16,15,-16,15,-15,16,-15,16,-14,17,-13,17,-12,17,-11,17,-10,17,-9,17,-8,18,-7,18,-6,18,-4,18,-3,4,-1,0,0,0,0,0,0,0,0,0,0,0,0,0,0,0,0,0,0,-2,-5,-4,-17,-6,-16,-10,-13,-12,-13,-11,-14,-12,-12,-14,-6,-16,-3,-16,-4,-9,-2,7,4,15,7,15,7,15,8,16,9,17,10,17,10,18,11,20,12,21,14,21,14,22,11,23,5,24,2,24,4,25,7]"
CSI_DATA,44248,d8:b1:90:db:e8:90,-51,11,1,7,0,0,1,0,0,0,1,-94,0,8,0,692045702,0,100,0,128,1,"[100,-64,5,0,21,9,21,9,21,9,21,9,21,8,21,8,21,7,21,6,21,6,21,5,21,5,21,4,21,3,21,3,21,3,22,3,22,3,21,4,21,4,21,4,21,5,21,5,20,6,19,7,19,7,4,2,0,0,0,0,0,0,0,0,0,0,0,0,0,0,0,0,0,0,3,0,15,3,15,4,15,5,15,6,16,7,16,7,16,7,17,8,17,9,18,9,18,10,18,11,18,11,18,12,18,12,18,12,18,12,18,12,19,11,20,11,20,11,21,11,21,11,21,11,21,11,21,11]"
CSI_DATA,44249,d8:b1:90:db:e8:90,-51,11,1,7,0,0,1,0,0,0,1,-94,0,8,0,692057468,0,100,0,128,1,"[100,-64,5,0,20,13,20,13,20,13,20,13,20,12,20,11,20,11,20,10,20,10,20,9,21,9,21,9,21,9,21,9,21,9,21,9,20,9,20,9,20,9,19,9,19,9,19,9,18,10,18,11,18,11,4,3,0,0,0,0,0,0,0,0,0,0,0,0,0,0,0,0,0,0,3,1,14,6,14,7,14,8,14,9,14,10,14,10,14,11,15,11,15,12,15,12,15,12,16,13,16,13,16,13,16,14,16,14,16,14,16,14,17,14,18,13,18,13,19,13,19,13,19,13,19,13,20,14]"
CSI_DATA,44250,d8:b1:90:db:e8:90,-51,11,1,7,0,0,1,0,0,0,1,-94,0,8,0,692069206,0,100,0,128,1,"[100,-64,5,0,-20,14,-19,14,-19,14,-19,14,-19,14,-18,14,-18,15,-17,15,-17,16,-16,16,-16,16,-16,16,-16,16,-16,16,-16,16,-16,16,-16,16,-16,15,-16,15,-16,15,-16,14,-16,14,-16,14,-17,13,-17,13,-5,3,0,0,0,0,0,0,0,0,0,0,0,0,0,0,0,0,0,0,-3,2,-11,11,-12,10,-13,10,-14,10,-14,9,-15,10,-15,10,-16,10,-17,10,-17,10,-17,11,-18,11,-18,11,-18,10,-18,10,-19,10,-19,10,-19,11,-19,12,-19,12,-19,13,-19,13,-19,14,-19,14,-19,14,-19,14]"
CSI_DATA,44251,d8:b1:90:db:e8:90,-52,11,1,7,0,0,1,0,0,0,1,-94,0,8,0,692090298,0,100,0,128,1,"[100,-64,5,0,6,-23,6,-23,6,-22,6,-22,5,-22,5,-22,4,-22,3,-23,2,-23,1,-23,1,-23,1,-22,1,-22,1,-23,1,-23,1,-23,1,-22,2,-22,2,-22,2,-22,2,-22,3,-21,3,-21,4,-21,4,-21,1,-5,0,0,0,0,0,0,0,0,0,0,0,0,0,0,0,0,0,0,0,-4,3,-15,4,-15,4,-15,5,-15,5,-15,6,-15,6,-16,6,-16,7,-17,7,-17,8,-18,8,-18,8,-18,8,-18,8,-19,8,-19,8,-19,8,-20,7,-20,7,-20,6,-20,7,-21,7,-21,7,-22,7,-22,7,-22]"
CSI_DATA,44252,d8:b1:90:db:e8:90,-51,11,1,7,0,0,1,0,0,0,1,-94,0,8,0,692102184,0,100,0,128,1,"[100,-64,5,0,20,-8,20,-8,19,-8,19,-8,19,-9,18,-9,18,-9,18,-10,18,-11,18,-11,17,-11,17,-12,17,-12,17,-12,17,-11,17,-11,17,-11,17,-10,17,-10,17,-9,17,-9,17,-8,18,-7,18,-7,18,-6,4,-2,0,0,0,0,0,0,0,0,0,0,0,0,0,0,0,0,0,0,2,-2,11,-6,12,-6,12,-5,13,-5,13,-5,14,-5,15,-5,16,-5,17,-5,17,-4,17,-4,17,-5,18,-4,18,-5,18,-6,18,-6,18,-6,18,-6,18,-7,18,-7,18,-7,19,-7,19,-7,19,-7,19,-7,20,-7]"
CSI_DATA,44253,d8:b1:90:db:e8:90,-51,11,1,7,0,0,1,0,0,0,1,-94,0,8,0,692115347,0,100,0,128,1,"[100,-64,5,0,-23,9,-23,9,-23,9,-22,10,-22,10,-21,10,-21,11,-21,12,-21,12,-21,12,-21,13,-20,13,-20,14,-20,14,-20,13,-20,13,-20,13,-20,12,-20,12,-20,11,-20,10,-21,10,-21,9,-21,8,-22,7,-6,1,0,0,0,0,0,0,0,0,0,0,0,0,0,0,0,0,0,0,-4,1,-13,7,-14,7,-15,6,-15,6,-16,5,-17,6,-17,6,-18,6,-19,6,-19,5,-20,5,-20,5,-21,5,-21,6,-21,6,-21,7,-21,7,-21,7,-21,8,-21,8,-21,8,-21,8,-22,8,-22,8,-23,8,-23,9]"
CSI_DATA,44254,d8:b1:90:db:e8:90,-51,11,1,7,0,0,1,0,0,0,1,-94,0,8,0,692134743,0,100,0,128,1,"[100,-64,5,0,-14,-19,-14,-19,-14,-19,-14,-19,-14,-18,-14,-18,-14,-17,-15,-17,-16,-16,-16,-16,-17,-15,-17,-14,-17,-14,-17,-14,-17,-14,-17,-14,-17,-14,-17,-15,-17,-15,-16,-15,-15,-15,-15,-15,-15,-16,-14,-16,-13,-17,-4,-5,0,0,0,0,0,0,0,0,0,0,0,0,0,0,0,0,0,0,-3,-3,-10,-11,-9,-12,-8,-12,-8,-13,-8,-14,-8,-14,-8,-14,-8,-15,-8,-16,-8,-17,-8,-17,-8,-17,-8,-18,-8,-18,-8,-18,-8,-18,-8,-18,-8,-18,-9,-19,-9,-19,-9,-19,-10,-19,-11,-19,-11,-19,-12,-19,-12,-19]"
CSI_DATA,44255,d8:b1:90:db:e8:90,-51,11,1,7,0,0,1,0,0,0,1,-94,0,8,0,692146650,0,100,0,128,1,"[100,-64,5,0,-20,14,-19,14,-19,14,-19,14,-19,14,-18,15,-18,15,-17,15,-17,15,-17,15,-17,16,-17,16,-17,17,-16,17,-17,17,-17,16,-17,16,-17,16,-17,15,-17,15,-17,14,-18,13,-18,12,-18,12,-19,11,-5,2,0,0,0,0,0,0,0,0,0,0,0,0,0,0,0,0,0,0,-3,2,-12,9,-12,9,-13,8,-13,8,-14,8,-15,9,-15,9,-15,9,-16,10,-17,9,-18,9,-18,9,-18,9,-18,9,-18,10,-19,10,-19,11,-19,11,-19,12,-19,12,-19,12,-19,13,-19,13,-19,13,-20,13,-20,13]"
CSI_DATA,44256,d8:b1:90:db:e8:90,-52,11,1,7,0,0,1,0,0,0,1,-94,0,8,0,692159866,0,100,0,128,1,"[100,-64,5,0,-11,25,-11,23,-10,22,-10,22,-9,21,-9,20,-8,20,-8,20,-7,20,-6,21,-6,21,-6,22,-5,22,-4,22,-3,22,-3,22,-3,21,-4,21,-5,21,-5,21,-5,20,-5,20,-5,20,-7,20,-6,20,-2,5,0,0,0,0,0,0,0,0,0,0,0,0,0,0,0,0,0,0,-2,3,-9,12,-9,12,-10,13,-10,13,-11,14,-11,13,-11,12,-12,13,-13,13,-14,14,-14,14,-14,15,-13,15,-14,15,-14,16,-14,17,-13,17,-12,18,-12,18,-13,17,-13,18,-13,18,-14,20,-14,21,-12,21,-15,21]"
CSI_DATA,44257,d8:b1:90:db:e8:90,-52,11,1,7,0,0,1,0,0,0,1,-94,0,8,0,692171032,0,100,0,128,1,"[100,-64,5,0,-11,-22,-11,-22,-11,-22,-11,-21,-11,-21,-11,-21,-12,-20,-12,-20,-12,-20,-13,-20,-13,-19,-13,-19,-13,-19,-14,-19,-14,-19,-14,-19,-14,-19,-13,-19,-13,-19,-13,-19,-12,-19,-12,-19,-11,-20,-10,-20,-9,-20,-3,-5,0,0,0,0,0,0,0,0,0,0,0,0,0,0,0,0,0,0,-2,-3,-7,-13,-7,-14,-7,-15,-7,-16,-6,-16,-6,-16,-7,-16,-7,-17,-7,-18,-7,-19,-7,-19,-7,-19,-7,-20,-7,-20,-7,-20,-7,-20,-7,-20,-8,-21,-8,-21,-9,-21,-9,-21,-9,-21,-10,-22,-10,-22,-10,-22,-9,-22]"
CSI_DATA,44258,d8:b1:90:db:e8:90,-51,11,1,7,0,0,1,0,0,0,1,-94,0,8,0,692181532,0,100,0,128,1,"[100,-64,5,0,-9,-23,-9,-23,-9,-23,-9,-22,-10,-22,-10,-21,-11,-21,-12,-21,-12,-21,-13,-20,-13,-20,-13,-19,-14,-19,-13,-19,-13,-20,-13,-20,-13,-20,-13,-20,-13,-20,-12,-20,-12,-20,-11,-20,-10,-20,-10,-20,-9,-21,-3,-6,0,0,0,0,0,0,0,0,0,0,0,0,0,0,0,0,0,0,-2,-4,-7,-14,-7,-14,-7,-15,-7,-16,-7,-16,-6,-17,-7,-17,-6,-18,-6,-18,-6,-19,-6,-20,-6,-20,-6,-20,-6,-21,-6,-21,-6,-21,-6,-21,-6,-21,-7,-22,-7,-22,-7,-22,-8,-22,-8,-22,-8,-23,-8,-23,-8,-23]"
CSI_DATA,44259,d8:b1:90:db:e8:90,-53,11,1,5,0,0,1,0,1,0,0,-94,0,8,0,692194782,0,100,0,128,1,"[100,-64,5,0,-28,28,-24,25,-20,21,-16,17,-13,11,-10,6,-7,1,-5,-4,-4,-9,-3,-12,-3,-15,-2,-17,-2,-17,-1,-17,0,-15,1,-13,2,-9,4,-5,6,0,8,6,10,11,12,17,14,22,15,27,15,31,3,8,0,0,0,0,0,0,0,0,0,0,0,0,0,0,0,0,0,0,-4,-1,-12,-2,-9,-1,-6,-1,-3,0,1,0,3,0,6,0,7,0,9,0,9,0,8,0,6,-1,3,-1,0,0,-4,0,-9,2,-13,3,-18,6,-22,9,-26,12,-30,16,-32,20,-34,23,-35,26,-36,28,-35,30]"
CSI_DATA,44260,d8:b1:90:db:e8:90,-52,11,1,7,0,0,1,0,0,0,1,-94,0,8,0,692209362,0,100,0,128,1,"[100,-64,5,0,14,-15,14,-15,14,-15,14,-15,13,-15,13,-15,13,-16,12,-16,12,-16,11,-17,11,-17,11,-17,11,-17,11,-17,11,-17,10,-17,10,-17,10,-16,10,-16,11,-16,11,-16,11,-16,11,-15,12,-15,12,-15,3,-4,0,0,0,0,0,0,0,0,0,0,0,0,0,0,0,0,0,0,2,-3,9,-11,11,-10,10,-9,11,-9,12,-10,13,-9,12,-9,12,-9,12,-9,14,-10,15,-10,15,-10,15,-10,16,-10,16,-10,16,-10,16,-11,16,-11,16,-11,16,-12,16,-12,16,-12,15,-12,15,-13,15,-13,15,-13]"
CSI_DATA,44261,d8:b1:90:db:e8:90,-52,11,1,7,0,0,1,0,0,0,1,-94,0,8,0,692231619,0,100,0,128,1,"[100,-64,5,0,-5,-24,-5,-24,-5,-23,-5,-23,-6,-23,-6,-22,-6,-22,-7,-22,-7,-22,-8,-22,-8,-22,-9,-22,-9,-22,-8,-22,-8,-21,-8,-21,-8,-21,-8,-21,-7,-21,-7,-21,-7,-21,-6,-21,-6,-21,-5,-22,-4,-22,-1,-6,0,0,0,0,0,0,0,0,0,0,0,0,0,0,0,0,0,0,-2,-4,-4,-15,-4,-15,-4,-16,-4,-16,-3,-16,-3,-17,-2,-18,-2,-18,-2,-19,-2,-20,-1,-20,-1,-21,-1,-21,-1,-21,-1,-22,-1,-22,-2,-22,-2,-22,-2,-23,-2,-23,-2,-23,-2,-23,-3,-23,-3,-23,-3,-23,-3,-23]"
CSI_DATA,44262,d8:b1:90:db:e8:90,-51,11,1,7,0,0,1,0,0,0,1,-94,0,8,0,692243232,0,100,0,128,1,"[100,-64,5,0,-4,-24,-4,-24,-4,-24,-5,-24,-5,-24,-5,-23,-6,-23,-7,-22,-7,-22,-8,-22,-8,-22,-8,-22,-8,-22,-8,-22,-8,-22,-8,-22,-8,-22,-8,-22,-7,-22,-7,-22,-6,-21,-6,-21,-5,-21,-4,-22,-3,-22,-1,-6,0,0,0,0,0,0,0,0,0,0,0,0,0,0,0,0,0,0,-1,-4,-3,-15,-3,-16,-2,-16,-2,-17,-2,-18,-1,-18,-1,-19,0,-19,0,-20,0,-20,-1,-20,-1,-21,0,-21,0,-22,-1,-22,-1,-22,-1,-23,-1,-23,-1,-23,-1,-23,-2,-23,-2,-23,-2,-24,-2,-24,-3,-24,-3,-24]"
CSI_DATA,44263,d8:b1:90:db:e8:90,-52,11,1,7,0,0,1,0,0,0,1,-94,0,8,0,692256997,0,100,0,128,1,"[100,-64,5,0,20,-11,20,-11,20,-11,20,-11,19,-12,19,-12,19,-12,18,-12,18,-12,17,-12,17,-13,17,-14,17,-14,17,-14,18,-14,18,-13,17,-13,17,-13,17,-12,17,-12,18,-12,18,-11,18,-10,18,-10,18,-9,4,-3,0,0,0,0,0,0,0,0,0,0,0,0,0,0,0,0,0,0,2,-3,11,-8,12,-8,13,-8,13,-8,14,-8,14,-8,15,-8,16,-8,17,-8,17,-7,18,-7,18,-7,18,-7,18,-7,19,-7,19,-7,19,-7,19,-8,19,-8,19,-9,19,-9,19,-9,20,-10,20,-10,20,-10,21,-10]"
CSI_DATA,44264,d8:b1:90:db:e8:90,-51,11,1,7,0,0,1,0,0,0,1,-94,0,8,0,692276430,0,100,0,128,1,"[100,-64,5,0,22,8,22,8,22,8,22,7,22,7,22,6,22,6,22,5,21,5,21,5,22,4,22,4,22,3,22,3,22,3,22,4,22,4,22,4,21,4,21,4,21,4,20,5,20,6,20,6,20,7,5,1,0,0,0,0,0,0,0,0,0,0,0,0,0,0,0,0,0,0,3,1,14,5,14,5,14,5,14,6,15,7,15,8,16,8,16,8,17,9,17,10,17,10,17,11,17,11,18,11,18,11,18,11,18,11,19,11,19,10,19,9,20,9,20,10,21,10,21,10,21,10,21,10]"
CSI_DATA,44265,d8:b1:90:db:e8:90,-51,11,1,7,0,0,1,0,0,0,1,-94,0,8,0,692286727,0,100,0,128,1,"[100,-64,5,0,3,-24,3,-24,3,-24,3,-24,2,-23,2,-23,2,-23,1,-23,1,-23,0,-23,0,-23,-1,-23,-1,-23,-1,-23,-1,-23,-1,-23,-1,-23,0,-22,0,-22,0,-22,1,-22,2,-22,2,-22,3,-22,4,-22,1,-6,0,0,0,0,0,0,0,0,0,0,0,0,0,0,0,0,0,0,0,-4,1,-15,1,-16,2,-16,2,-17,3,-17,3,-17,4,-18,4,-19,5,-19,5,-20,5,-20,5,-21,5,-21,6,-21,6,-21,6,-21,6,-21,5,-21,4,-22,4,-23,4,-23,4,-23,4,-24,4,-24,4,-24,4,-24]"
CSI_DATA,44266,d8:b1:90:db:e8:90,-52,11,1,7,0,0,1,0,0,0,1,-94,0,8,0,692297669,0,100,0,128,1,"[100,-64,5,0,3,23,3,23,4,23,4,22,5,22,5,21,5,21,6,21,6,21,7,20,7,20,7,20,7,20,7,20,7,20,7,21,7,21,6,21,6,21,5,21,5,21,4,21,4,21,2,21,1,21,0,5,0,0,0,0,0,0,0,0,0,0,0,0,0,0,0,0,0,0,0,3,3,14,3,14,3,14,3,15,2,15,2,16,3,17,3,18,3,18,2,19,2,20,2,21,2,21,2,21,1,21,1,21,2,21,2,21,2,21,2,22,2,22,3,22,3,22,4,23,4,23,4,23]"
CSI_DATA,44267,d8:b1:90:db:e8:90,-51,11,1,7,0,0,1,0,0,0,1,-94,0,8,0,692314988,0,100,0,128,1,"[100,-64,5,0,10,21,10,21,10,21,10,20,11,19,11,19,11,18,12,18,12,18,12,18,12,17,13,17,13,17,13,17,13,17,13,17,13,18,13,18,12,18,12,18,12,18,11,18,10,18,9,19,8,19,2,4,0,0,0,0,0,0,0,0,0,0,0,0,0,0,0,0,0,0,1,3,6,12,6,13,6,13,6,13,6,14,6,15,7,16,7,16,7,17,7,18,7,18,7,19,7,19,7,19,7,19,7,19,7,20,7,20,7,20,8,20,8,20,9,20,9,21,9,21,10,21,10,21]"
CSI_DATA,44268,d8:b1:90:db:e8:90,-51,11,1,7,0,0,1,0,0,0,1,-94,0,8,0,692335089,0,100,0,128,1,"[100,-64,5,0,13,-26,13,-25,12,-25,11,-26,11,-26,10,-26,10,-26,9,-26,8,-27,8,-27,7,-27,6,-27,6,-27,6,-27,6,-27,5,-27,5,-27,6,-27,6,-26,7,-26,7,-26,8,-25,8,-24,9,-24,10,-24,2,-6,0,0,0,0,0,0,0,0,0,0,0,0,0,0,0,0,0,0,1,-5,6,-17,6,-17,7,-17,7,-18,9,-18,11,-20,12,-21,12,-21,12,-22,13,-22,13,-21,14,-21,15,-22,15,-22,15,-22,16,-22,16,-22,15,-22,15,-22,15,-23,15,-23,15,-24,14,-24,14,-24,14,-25,15,-25]"
CSI_DATA,44269,d8:b1:90:db:e8:90,-52,11,1,7,0,0,1,0,0,0,1,-94,0,8,0,692346049,0,100,0,128,1,"[100,-64,5,0,14,-19,14,-19,14,-20,13,-20,12,-20,12,-20,11,-20,11,-21,10,-21,10,-21,10,-21,9,-21,9,-21,9,-21,9,-22,9,-21,9,-21,9,-21,9,-21,9,-20,10,-20,10,-19,11,-19,11,-18,12,-18,3,-5,0,0,0,0,0,0,0,0,0,0,0,0,0,0,0,0,0,0,1,-4,7,-13,8,-13,9,-13,9,-13,10,-14,11,-14,12,-14,12,-14,13,-14,14,-14,15,-14,15,-14,15,-14,15,-14,15,-14,16,-15,16,-15,16,-15,15,-16,15,-16,15,-16,15,-16,16,-17,16,-17,16,-18,16,-18]"
CSI_DATA,44270,d8:b1:90:db:e8:90,-51,11,1,7,0,0,1,0,0,0,1,-94,0,8,0,692365876,0,100,0,128,1,"[100,-64,5,0,-3,24,-2,24,-2,24,-1,24,0,24,0,23,1,23,1,23,1,22,2,22,2,22,2,22,2,22,3,22,3,22,2,22,2,22,2,22,2,22,1,22,1,22,0,21,-1,21,-2,21,-2,21,-1,5,0,0,0,0,0,0,0,0,0,0,0,0,0,0,0,0,0,0,0,3,1,14,1,15,0,15,0,16,-1,17,-1,17,-2,18,-2,18,-2,18,-3,19,-4,20,-4,20,-4,20,-4,21,-4,21,-4,21,-4,21,-4,22,-4,22,-3,23,-3,23,-3,23,-3,23,-3,23,-3,23,-3,23]"
CSI_DATA,44271,d8:b1:90:db:e8:90,-51,11,1,7,0,0,1,0,0,0,1,-94,0,8,0,692376021,0,100,0,128,1,"[100,-64,5,0,23,-3,23,-3,23,-3,23,-4,23,-4,22,-5,22,-6,21,-6,21,-7,21,-8,21,-8,21,-8,21,-9,21,-9,21,-9,21,-9,21,-8,21,-8,21,-8,21,-8,21,-7,21,-7,21,-6,21,-5,21,-4,5,-1,0,0,0,0,0,0,0,0,0,0,0,0,0,0,0,0,0,0,3,-2,14,-5,14,-4,15,-3,15,-3,16,-2,17,-2,17,-2,18,-2,19,-1,19,-1,20,-1,21,-1,21,-1,21,0,21,0,21,0,21,0,22,-1,22,-1,22,-1,22,-1,23,-1,23,-2,24,-2,24,-2,24,-2]"
CSI_DATA,44272,d8:b1:90:db:e8:90,-51,11,1,7,0,0,1,0,0,0,1,-94,0,8,0,692387707,0,100,0,128,1,"[100,-64,5,0,20,-13,20,-13,20,-13,19,-14,19,-14,18,-14,18,-15,17,-15,16,-16,15,-16,15,-16,15,-17,16,-17,16,-17,16,-17,16,-17,15,-16,15,-16,16,-16,16,-15,16,-15,16,-14,16,-14,17,-13,17,-12,4,-3,0,0,0,0,0,0,0,0,0,0,0,0,0,0,0,0,0,0,2,-3,10,-11,11,-10,12,-10,12,-10,13,-10,14,-10,14,-10,15,-10,16,-10,17,-10,18,-11,18,-11,18,-11,19,-11,19,-10,19,-10,19,-10,19,-10,19,-10,19,-11,19,-11,20,-11,20,-12,20,-13,20,-13,20,-13]"
CSI_DATA,44273,d8:b1:90:db:e8:90,-52,11,1,7,0,0,1,0,0,0,1,-94,0,8,0,692399280,0,100,0,128,1,"[100,-64,5,0,25,-12,26,-11,26,-10,26,-9,25,-8,25,-8,25,-8,25,-7,25,-7,25,-6,25,-6,25,-6,25,-5,25,-3,25,-2,25,-1,25,0,24,1,24,3,23,4,23,5,22,6,21,7,20,9,19,10,4,2,0,0,0,0,0,0,0,0,0,0,0,0,0,0,0,0,0,0,2,0,11,1,11,2,11,4,11,5,12,6,12,7,12,9,11,11,11,12,11,13,10,13,9,13,9,14,8,13,8,10,8,8,7,9,9,9,12,10,14,11,14,11,17,9,24,4,29,2,28,-2,26,-10]"
CSI_DATA,44274,d8:b1:90:db:e8:90,-52,11,1,5,0,0,1,0,1,0,0,-94,0,8,0,692417436,0,100,0,128,1,"[100,-64,5,0,-21,-49,-19,-43,-16,-37,-13,-29,-9,-22,-4,-15,0,-8,5,-2,10,2,14,6,17,9,18,11,19,12,18,13,16,12,12,12,7,10,1,8,-6,6,-13,3,-20,0,-27,-3,-34,-6,-40,-10,-43,-14,-11,-4,0,0,0,0,0,0,0,0,0,0,0,0,0,0,0,0,0,0,-1,-4,-1,-13,0,-10,0,-5,-2,-1,-4,2,-4,7,-4,13,-4,16,-4,16,-4,15,-3,13,-3,11,-2,8,-1,3,0,-3,0,-10,0,-17,-1,-25,-3,-32,-5,-38,-8,-45,-11,-50,-14,-54,-17,-57,-20,-59,-21,-60]"
CSI_DATA,44275,d8:b1:90:db:e8:90,-51,11,1,7,0,0,1,0,0,0,1,-94,0,8,0,692449144,0,100,0,128,1,"[100,-64,5,0,14,23,14,23,14,22,15,21,15,21,15,21,16,20,16,20,17,19,17,19,18,18,18,18,18,18,18,18,18,18,19,18,19,18,18,18,17,18,17,18,16,18,15,18,15,19,14,20,13,20,3,5,0,0,0,0,0,0,0,0,0,0,0,0,0,0,0,0,0,0,2,3,11,12,11,13,11,14,11,15,11,15,11,16,11,17,11,18,11,19,11,20,11,20,10,21,10,21,10,22,10,22,10,22,11,22,11,22,11,22,11,23,12,23,12,23,13,23,14,23,14,23,14,23]"
CSI_DATA,44276,d8:b1:90:db:e8:90,-51,11,1,7,0,0,1,0,0,0,1,-94,0,8,0,692459691,0,100,0,128,1,"[100,-64,5,0,-17,17,-17,17,-17,17,-17,18,-16,18,-16,18,-15,18,-15,18,-14,18,-14,18,-14,18,-14,19,-13,19,-13,19,-13,19,-13,19,-13,19,-13,19,-13,19,-13,19,-13,18,-14,17,-15,16,-15,16,-16,15,-4,3,0,0,0,0,0,0,0,0,0,0,0,0,0,0,0,0,0,0,-3,3,-9,12,-9,12,-10,11,-11,11,-11,11,-12,12,-13,13,-14,14,-15,14,-15,14,-16,13,-17,13,-17,13,-17,13,-17,13,-17,14,-17,14,-17,14,-17,15,-17,15,-17,16,-17,16,-17,16,-17,16,-17,16,-17,16]"
CSI_DATA,44277,d8:b1:90:db:e8:90,-51,11,1,7,0,0,1,0,0,0,1,-94,0,8,0,692475300,0,100,0,128,1,"[100,-64,5,0,-6,-25,-6,-25,-6,-25,-6,-24,-6,-24,-7,-24,-7,-23,-9,-23,-9,-23,-10,-23,-10,-22,-11,-22,-11,-22,-11,-22,-11,-22,-11,-22,-10,-22,-10,-22,-10,-22,-9,-22,-9,-22,-8,-22,-8,-22,-7,-22,-6,-23,-2,-6,0,0,0,0,0,0,0,0,0,0,0,0,0,0,0,0,0,0,-2,-4,-6,-15,-5,-15,-5,-16,-4,-17,-4,-18,-4,-18,-3,-19,-3,-19,-3,-20,-2,-21,-2,-21,-2,-22,-2,-22,-1,-23,-2,-23,-2,-23,-2,-23,-2,-24,-3,-24,-3,-24,-3,-24,-3,-24,-4,-24,-4,-24,-4,-24,-4,-24]"
CSI_DATA,44278,d8:b1:90:db:e8:90,-51,11,1,7,0,0,1,0,0,0,1,-95,0,8,0,692496000,0,100,0,128,1,"[100,-64,5,0,23,-8,22,-9,22,-9,22,-9,21,-10,21,-10,21,-11,21,-13,21,-13,21,-13,21,-13,21,-13,21,-13,21,-13,21,-12,21,-12,20,-11,19,-11,19,-11,19,-11,18,-11,18,-11,18,-11,19,-11,20,-10,5,-3,0,0,0,0,0,0,0,0,0,0,0,0,0,0,0,0,0,0,3,-2,13,-8,13,-8,14,-7,15,-7,16,-7,16,-7,17,-7,18,-6,18,-6,19,-6,20,-6,20,-5,21,-5,21,-5,21,-5,21,-6,22,-6,22,-6,23,-6,23,-6,23,-7,23,-7,23,-7,23,-7,23,-7,23,-7]"
CSI_DATA,44279,d8:b1:90:db:e8:90,-50,11,1,7,0,0,1,0,0,0,1,-95,0,8,0,692515931,0,100,0,128,1,"[100,-64,5,0,21,-2,21,-2,21,-3,20,-3,20,-3,20,-3,19,-4,19,-5,19,-5,19,-6,19,-6,19,-6,19,-6,19,-6,19,-6,19,-5,19,-4,19,-4,19,-4,19,-4,19,-4,19,-4,19,-3,19,-3,19,-2,4,-1,0,0,0,0,0,0,0,0,0,0,0,0,0,0,0,0,0,0,3,-2,13,-5,13,-4,14,-3,15,-3,16,-2,15,-2,15,-2,17,-1,17,-2,18,-1,18,0,17,1,18,1,18,0,19,0,19,0,19,0,19,0,19,0,20,0,20,0,20,-1,20,-1,21,-1,21,-1,21,-2]"
CSI_DATA,44280,d8:b1:90:db:e8:90,-50,11,1,7,0,0,1,0,0,0,1,-95,0,8,0,692539381,0,100,0,128,1,"[100,-64,5,0,12,-20,12,-20,12,-19,12,-19,11,-19,11,-19,10,-20,9,-20,8,-20,8,-20,8,-20,7,-20,7,-21,7,-21,7,-21,7,-20,7,-20,8,-20,8,-20,8,-19,9,-19,9,-18,10,-18,10,-17,11,-17,3,-5,0,0,0,0,0,0,0,0,0,0,0,0,0,0,0,0,0,0,1,-4,6,-13,7,-13,7,-13,8,-13,8,-14,9,-14,10,-14,10,-14,11,-14,12,-14,12,-14,12,-14,13,-14,13,-15,13,-16,13,-16,13,-16,12,-17,12,-17,12,-17,12,-18,12,-18,12,-18,12,-18,12,-19,12,-19]"
CSI_DATA,44281,d8:b1:90:db:e8:90,-50,11,1,7,0,0,1,0,0,0,1,-95,0,8,0,692551737,0,100,0,128,1,"[100,-64,5,0,-7,24,-7,23,-6,23,-6,23,-5,23,-5,23,-4,22,-4,22,-3,22,-3,22,-3,22,-2,23,-2,23,-2,23,-2,23,-2,23,-2,23,-2,22,-3,22,-3,22,-4,21,-4,21,-5,21,-5,21,-6,21,-2,5,0,0,0,0,0,0,0,0,0,0,0,0,0,0,0,0,0,0,-1,3,-3,14,-3,14,-4,14,-5,15,-5,15,-6,16,-6,17,-7,17,-7,18,-8,18,-8,18,-8,19,-9,19,-9,19,-9,20,-9,20,-9,20,-9,21,-9,21,-9,21,-8,21,-8,22,-8,22,-8,22,-7,23,-7,23]"
CSI_DATA,44282,d8:b1:90:db:e8:90,-50,11,1,7,0,0,1,0,0,0,1,-95,0,8,0,692565851,0,100,0,128,1,"[100,-64,5,0,-22,-7,-22,-7,-21,-7,-21,-6,-21,-6,-21,-5,-21,-5,-21,-4,-21,-4,-21,-4,-21,-4,-22,-3,-22,-3,-22,-3,-22,-3,-21,-3,-21,-3,-21,-3,-21,-3,-20,-4,-20,-4,-19,-4,-19,-5,-20,-6,-20,-7,-5,-2,0,0,0,0,0,0,0,0,0,0,0,0,0,0,0,0,0,0,-4,-1,-13,-4,-13,-4,-14,-5,-14,-5,-14,-6,-15,-6,-15,-7,-16,-7,-16,-8,-16,-8,-17,-9,-17,-9,-17,-9,-17,-10,-18,-10,-18,-10,-18,-9,-19,-9,-19,-9,-19,-9,-19,-9,-20,-9,-20,-9,-20,-9,-20,-8,-21,-8]"
CSI_DATA,44283,d8:b1:90:db:e8:90,-50,11,1,7,0,0,1,0,0,0,1,-95,0,8,0,692576711,0,100,0,128,1,"[100,-64,5,0,24,-7,24,-8,23,-8,22,-9,22,-9,21,-9,21,-10,21,-10,21,-10,21,-11,21,-11,21,-12,21,-12,21,-12,21,-12,21,-12,21,-12,20,-12,20,-12,20,-11,20,-11,20,-10,20,-9,21,-8,22,-7,5,-2,0,0,0,0,0,0,0,0,0,0,0,0,0,0,0,0,0,0,3,-2,13,-7,14,-6,14,-6,15,-5,16,-5,16,-5,17,-5,17,-5,18,-4,19,-4,20,-4,20,-3,21,-3,21,-3,21,-3,21,-4,21,-4,21,-4,22,-4,22,-5,22,-5,23,-6,23,-6,23,-6,23,-6,24,-6]"
CSI_DATA,44284,d8:b1:90:db:e8:90,-50,11,1,7,0,0,1,0,0,0,1,-95,0,8,0,692592118,0,100,0,128,1,"[100,-64,5,0,22,-2,22,-2,22,-2,21,-3,21,-4,21,-4,21,-5,21,-5,21,-6,20,-6,20,-7,20,-7,20,-7,20,-7,20,-7,20,-6,20,-6,20,-6,20,-5,19,-5,19,-4,19,-4,19,-3,20,-2,20,-1,5,-1,0,0,0,0,0,0,0,0,0,0,0,0,0,0,0,0,0,0,3,-1,13,-3,13,-2,14,-2,14,-2,15,-1,15,-2,15,-2,16,-1,17,-1,17,0,18,0,18,1,18,1,19,1,19,1,19,1,19,1,19,1,19,0,20,0,20,0,20,0,21,0,21,0,21,0,22,0]"
CSI_DATA,44285,d8:b1:90:db:e8:90,-50,11,1,7,0,0,1,0,0,0,1,-95,0,8,0,692606091,0,100,0,128,1,"[100,-64,5,0,-16,-16,-16,-16,-16,-15,-16,-15,-16,-15,-16,-14,-16,-14,-17,-13,-17,-13,-17,-13,-17,-13,-18,-12,-18,-12,-18,-12,-18,-12,-19,-12,-19,-12,-18,-12,-18,-12,-17,-12,-17,-13,-16,-13,-16,-13,-15,-14,-15,-14,-4,-4,0,0,0,0,0,0,0,0,0,0,0,0,0,0,0,0,0,0,-3,-3,-9,-10,-9,-10,-9,-11,-10,-12,-10,-12,-9,-12,-10,-11,-11,-13,-11,-14,-10,-14,-10,-14,-11,-15,-11,-15,-11,-16,-11,-16,-11,-16,-12,-16,-12,-16,-13,-16,-13,-16,-13,-16,-14,-16,-14,-16,-14,-16,-14,-16,-14,-17]"
CSI_DATA,44286,d8:b1:90:db:e8:90,-50,11,1,7,0,0,1,0,0,0,1,-95,0,8,0,692625153,0,100,0,128,1,"[100,-64,5,0,23,8,23,8,23,7,23,7,23,6,23,6,23,5,23,5,23,4,23,4,23,3,23,3,23,3,23,3,23,3,24,3,24,3,23,3,23,3,23,3,22,4,22,4,21,5,21,6,21,6,5,1,0,0,0,0,0,0,0,0,0,0,0,0,0,0,0,0,0,0,3,1,14,4,14,5,14,5,15,6,15,6,15,7,16,7,17,7,17,8,16,9,14,11,16,11,19,10,19,10,18,10,18,10,18,10,19,9,20,9,20,9,21,9,21,8,21,8,22,9,22,9,22,9]"
CSI_DATA,44287,d8:b1:90:db:e8:90,-50,11,1,7,0,0,1,0,0,0,1,-95,0,8,0,692644736,0,100,0,128,1,"[100,-64,5,0,15,15,15,15,15,14,16,13,17,13,17,12,17,12,16,11,17,11,17,11,17,11,17,11,17,11,17,11,17,11,17,11,16,11,16,11,16,11,16,11,16,11,15,12,15,12,14,13,14,14,3,3,0,0,0,0,0,0,0,0,0,0,0,0,0,0,0,0,0,0,2,2,8,8,8,9,9,9,10,10,10,10,10,11,10,11,10,12,10,12,10,13,10,14,10,14,10,15,11,15,11,15,11,14,11,14,12,14,12,15,13,15,13,15,14,15,14,15,14,16,14,16,14,16]"
CSI_DATA,44288,d8:b1:90:db:e8:90,-50,11,1,7,0,0,1,0,0,0,1,-95,0,8,0,692656585,0,100,0,128,1,"[100,-64,5,0,-17,15,-17,15,-17,15,-16,15,-16,15,-15,15,-15,15,-15,16,-14,16,-14,16,-14,16,-14,17,-14,17,-14,17,-13,17,-13,17,-13,17,-13,16,-14,16,-14,16,-14,15,-15,15,-15,14,-15,14,-16,13,-4,3,0,0,0,0,0,0,0,0,0,0,0,0,0,0,0,0,0,0,-2,2,-9,11,-9,10,-10,10,-11,10,-11,10,-12,10,-13,10,-13,10,-14,10,-14,11,-15,11,-15,11,-16,11,-16,11,-16,12,-16,12,-16,12,-16,13,-16,13,-16,13,-16,13,-16,14,-16,14,-16,15,-17,15,-17,15]"
CSI_DATA,44289,d8:b1:90:db:e8:90,-50,11,1,7,0,0,1,0,0,0,1,-95,0,8,0,692668952,0,100,0,128,1,"[100,-64,5,0,11,19,11,19,11,18,12,18,12,18,12,18,13,17,13,16,14,16,14,16,14,15,14,15,15,15,15,15,15,15,15,15,14,15,14,15,14,14,14,15,13,15,12,15,12,15,11,16,10,17,2,4,0,0,0,0,0,0,0,0,0,0,0,0,0,0,0,0,0,0,1,2,7,10,7,11,6,11,6,12,6,12,6,13,6,14,6,15,6,15,6,16,6,16,6,17,6,17,6,17,6,17,7,17,7,17,7,17,8,18,8,18,9,18,9,18,10,18,10,19,10,19,10,19]"
CSI_DATA,44290,d8:b1:90:db:e8:90,-50,11,1,7,0,0,1,0,0,0,1,-95,0,8,0,692681635,0,100,0,128,1,"[100,-64,5,0,19,13,20,13,20,13,20,13,20,12,20,12,20,11,20,10,20,10,21,9,21,9,21,9,21,9,21,9,21,9,21,8,20,8,20,9,20,9,19,9,19,9,19,10,18,10,18,11,17,12,4,3,0,0,0,0,0,0,0,0,0,0,0,0,0,0,0,0,0,0,3,1,13,6,12,7,12,8,13,8,13,9,13,9,13,10,14,11,14,11,14,12,14,13,14,13,14,14,15,14,15,13,15,13,15,13,16,13,16,13,17,13,17,13,18,13,19,14,19,14,19,14,19,14]"
CSI_DATA,44291,d8:b1:90:db:e8:90,-50,11,1,7,0,0,1,0,0,0,1,-95,0,8,0,692692501,0,100,0,128,1,"[100,-64,5,0,-13,-22,-13,-22,-13,-22,-13,-22,-13,-21,-14,-21,-14,-20,-14,-20,-15,-20,-15,-19,-15,-19,-16,-18,-16,-18,-16,-19,-16,-19,-17,-18,-16,-18,-16,-18,-16,-18,-16,-18,-15,-19,-14,-19,-13,-20,-12,-20,-11,-20,-3,-5,0,0,0,0,0,0,0,0,0,0,0,0,0,0,0,0,0,0,-2,-4,-7,-14,-7,-14,-7,-15,-7,-15,-6,-16,-7,-16,-7,-17,-8,-18,-7,-18,-7,-19,-7,-19,-7,-20,-7,-20,-7,-20,-8,-21,-8,-21,-9,-21,-9,-22,-9,-22,-10,-22,-10,-22,-10,-22,-10,-23,-10,-23,-10,-23,-10,-23]"
CSI_DATA,44292,d8:b1:90:db:e8:90,-50,11,1,7,0,0,1,0,0,0,1,-95,0,8,0,692705699,0,100,0,128,1,"[100,-64,5,0,20,5,20,5,20,5,21,5,21,4,21,4,20,4,20,3,20,3,20,3,20,2,20,2,21,2,21,2,21,2,20,2,20,2,20,2,20,2,20,3,20,3,20,4,19,5,19,6,18,6,4,1,0,0,0,0,0,0,0,0,0,0,0,0,0,0,0,0,0,0,3,0,12,2,12,3,12,3,13,4,13,4,14,4,15,4,15,5,16,5,16,6,16,6,16,6,17,6,17,7,17,7,17,7,18,7,18,7,19,7,19,7,19,7,20,7,20,7,20,7,20,7,20,6]"
CSI_DATA,44293,d8:b1:90:db:e8:90,-50,11,1,7,0,0,1,0,0,0,1,-95,0,8,0,692717043,0,100,0,128,1,"[100,-64,5,0,21,3,21,3,22,3,22,3,21,2,21,2,21,2,21,2,21,2,21,1,21,1,21,1,21,1,21,1,21,1,21,1,20,1,20,2,20,2,20,2,20,2,19,3,19,4,18,4,18,5,4,1,0,0,0,0,0,0,0,0,0,0,0,0,0,0,0,0,0,0,3,0,14,3,14,1,13,1,12,1,13,1,14,2,15,4,16,4,16,5,16,5,17,5,17,5,17,6,17,6,18,5,18,5,19,5,19,4,19,4,19,4,19,4,20,4,20,4,21,4,21,4,21,4]"
CSI_DATA,44294,d8:b1:90:db:e8:90,-50,11,1,7,0,0,1,0,0,0,1,-95,0,8,0,692749421,0,100,0,128,1,"[100,-64,5,0,17,-15,17,-15,17,-15,17,-15,17,-15,16,-15,16,-16,15,-16,14,-16,14,-17,13,-17,13,-17,13,-17,13,-17,14,-17,14,-17,14,-17,14,-17,14,-16,14,-16,14,-16,14,-15,14,-14,13,-13,13,-12,3,-3,0,0,0,0,0,0,0,0,0,0,0,0,0,0,0,0,0,0,2,-3,9,-10,9,-10,9,-10,10,-10,10,-10,11,-10,12,-10,13,-10,13,-11,14,-11,15,-11,15,-10,16,-10,16,-11,16,-11,16,-12,16,-12,16,-12,17,-13,17,-13,17,-13,17,-13,17,-13,17,-14,17,-14,17,-14]"
CSI_DATA,44295,d8:b1:90:db:e8:90,-52,11,1,6,0,0,1,0,0,0,1,-95,0,8,0,692760031,0,100,0,128,1,"[100,-64,5,0,0,-41,0,-37,0,-32,0,-26,0,-20,1,-13,3,-7,4,-2,6,3,7,7,9,11,9,13,10,14,9,14,8,14,6,12,3,10,-1,7,-5,3,-10,-1,-14,-5,-18,-9,-22,-14,-25,-18,-26,-22,-7,-6,0,0,0,0,0,0,0,0,0,0,0,0,0,0,0,0,0,0,1,-3,5,-9,3,-7,1,-5,-1,-2,-3,0,-5,3,-6,5,-7,7,-8,8,-7,8,-7,7,-5,7,-3,5,-1,2,1,-2,4,-6,6,-10,8,-15,8,-20,9,-26,9,-31,9,-36,8,-41,7,-44,6,-46,5,-47]"
CSI_DATA,44296,d8:b1:90:db:e8:90,-51,11,1,6,0,0,1,0,0,0,1,-95,0,8,0,692771926,0,100,0,128,1,"[100,-64,5,0,22,44,20,39,18,33,14,27,9,20,4,14,0,8,-5,3,-10,-1,-14,-4,-17,-7,-19,-9,-20,-10,-19,-11,-17,-11,-14,-11,-9,-10,-3,-9,3,-7,9,-5,16,-2,23,0,29,3,35,6,38,10,9,2,0,0,0,0,0,0,0,0,0,0,0,0,0,0,0,0,0,0,0,3,0,12,0,9,1,5,1,1,2,-3,2,-7,2,-10,2,-12,1,-13,1,-13,0,-13,-1,-11,-1,-8,-2,-3,-2,2,-2,7,-1,13,1,20,3,25,5,31,8,37,12,42,16,46,19,49,21,50,22,51]"
CSI_DATA,44297,d8:b1:90:db:e8:90,-51,11,1,6,0,0,1,0,0,0,1,-95,0,8,0,692785481,0,100,0,128,1,"[100,-64,5,0,27,-33,23,-30,20,-26,17,-21,14,-16,10,-10,8,-4,6,1,4,6,3,10,3,14,2,16,2,17,1,17,0,16,-2,14,-3,10,-5,6,-7,0,-9,-5,-11,-11,-13,-17,-15,-23,-16,-28,-16,-32,-4,-9,0,0,0,0,0,0,0,0,0,0,0,0,0,0,0,0,0,0,2,-1,11,-2,8,-1,4,-1,1,-1,-2,-1,-5,-1,-8,-1,-10,0,-11,0,-11,1,-11,1,-9,1,-6,1,-2,0,2,-1,6,-2,11,-4,15,-7,20,-11,24,-14,28,-19,30,-23,32,-28,33,-31,34,-34,34,-35]"
CSI_DATA,44298,d8:b1:90:db:e8:90,-50,11,1,6,0,0,1,0,0,0,1,-95,0,8,0,692796308,0,100,0,128,1,"[100,-64,5,0,-19,17,-19,17,-19,17,-19,17,-18,17,-18,17,-17,17,-16,17,-16,17,-15,18,-15,18,-15,19,-15,19,-15,19,-15,19,-15,19,-15,19,-15,18,-15,18,-15,18,-15,18,-15,17,-16,17,-16,16,-17,16,-5,3,0,0,0,0,0,0,0,0,0,0,0,0,0,0,0,0,0,0,-3,2,-11,11,-12,11,-12,10,-13,10,-14,10,-15,10,-15,10,-16,11,-16,11,-17,11,-17,11,-18,11,-18,11,-18,11,-18,11,-19,12,-19,12,-19,13,-19,13,-19,13,-19,14,-19,14,-19,15,-19,15,-19,15,-20,16]"
CSI_DATA,44299,d8:b1:90:db:e8:90,-50,11,1,6,0,0,1,0,0,0,1,-95,0,8,0,692806559,0,100,0,128,1,"[100,-64,5,0,13,-19,13,-19,12,-19,12,-19,12,-19,11,-19,11,-19,10,-19,10,-19,9,-19,9,-20,9,-20,9,-20,9,-20,9,-20,9,-20,9,-20,9,-20,9,-19,9,-19,9,-19,10,-19,10,-18,11,-18,11,-17,2,-5,0,0,0,0,0,0,0,0,0,0,0,0,0,0,0,0,0,0,1,-3,6,-12,7,-12,8,-12,8,-12,9,-13,10,-13,10,-13,11,-13,11,-13,12,-13,12,-13,13,-13,13,-14,13,-14,13,-14,13,-14,13,-15,13,-15,13,-16,13,-16,13,-16,13,-17,13,-17,13,-17,14,-17,14,-18]"
CSI_DATA,44300,d8:b1:90:db:e8:90,-50,11,1,6,0,0,1,0,0,0,1,-95,0,8,0,692825515,0,100,0,128,1,"[100,-64,5,0,-19,11,-19,11,-19,11,-18,11,-18,11,-17,12,-17,12,-17,12,-16,12,-16,12,-16,13,-16,13,-16,13,-16,13,-16,13,-15,13,-15,13,-15,13,-15,12,-15,12,-16,11,-16,11,-16,10,-16,10,-17,9,-5,2,0,0,0,0,0,0,0,0,0,0,0,0,0,0,0,0,0,0,-3,2,-10,8,-11,7,-12,6,-13,6,-13,7,-14,7,-14,6,-14,5,-15,5,-17,6,-18,6,-18,6,-18,6,-18,6,-18,6,-18,7,-18,7,-19,7,-19,7,-19,8,-19,8,-19,8,-19,9,-19,9,-19,9,-19,10]"
CSI_DATA,44301,d8:b1:90:db:e8:90,-50,11,1,6,0,0,1,0,0,0,1,-95,0,8,0,692859727,0,100,0,128,1,"[100,-64,5,0,7,21,7,20,7,21,7,21,7,20,7,19,8,19,8,19,8,19,9,18,9,18,10,19,10,19,10,18,11,18,10,18,9,18,9,17,10,18,10,18,9,18,8,18,8,18,7,19,6,19,1,4,0,0,0,0,0,0,0,0,0,0,0,0,0,0,0,0,0,0,1,3,5,13,4,12,4,12,5,13,4,15,3,15,3,14,4,15,3,17,2,18,2,17,3,18,2,19,2,19,3,19,4,19,4,20,4,20,4,20,4,20,5,21,5,21,5,21,5,21,6,21,6,21]"
CSI_DATA,44302,d8:b1:90:db:e8:90,-50,11,1,7,0,0,1,0,0,0,0,-95,0,8,0,692872981,0,100,0,128,1,"[100,-64,5,0,24,2,23,2,23,1,23,0,23,0,22,0,22,-1,22,-1,22,-1,22,-2,22,-2,22,-3,23,-3,23,-3,22,-3,23,-3,22,-3,22,-3,22,-3,22,-2,22,-1,21,-1,21,0,22,1,22,2,5,0,0,0,0,0,0,0,0,0,0,0,0,0,0,0,0,0,0,0,3,-1,14,-3,15,-3,15,-2,16,-2,16,-1,17,-1,17,-1,18,0,18,0,19,1,20,1,20,1,21,2,21,2,21,1,21,1,21,1,22,1,22,1,23,1,23,1,24,1,24,1,24,1,23,1,24,1]"
CSI_DATA,44303,d8:b1:90:db:e8:90,-50,11,1,7,0,0,1,0,0,0,0,-95,0,8,0,692886056,0,100,0,128,1,"[100,-64,5,0,-3,25,-3,25,-2,25,-2,24,-2,24,-1,24,-1,23,0,24,1,23,1,23,2,23,2,23,2,23,2,23,2,23,2,23,2,23,2,23,1,23,1,22,1,22,1,22,0,22,-1,21,-2,21,-1,5,0,0,0,0,0,0,0,0,0,0,0,0,0,0,0,0,0,0,0,3,1,15,0,15,0,15,-1,16,-1,16,-2,17,-2,18,-3,18,-3,19,-3,20,-3,20,-3,21,-4,21,-4,21,-4,21,-4,21,-4,21,-4,22,-4,23,-4,24,-4,24,-4,24,-3,25,-3,25,-3,25,-3,24]"
CSI_DATA,44304,d8:b1:90:db:e8:90,-50,11,1,7,0,0,1,0,0,0,1,-95,0,8,0,692907576,0,100,0,128,1,"[100,-64,5,0,13,-22,13,-22,13,-21,12,-21,12,-21,11,-21,11,-21,10,-22,10,-22,9,-22,9,-22,8,-22,8,-22,8,-23,8,-23,8,-22,8,-22,8,-22,8,-22,8,-21,8,-21,9,-20,9,-20,10,-19,11,-19,2,-5,0,0,0,0,0,0,0,0,0,0,0,0,0,0,0,0,0,0,1,-4,6,-15,8,-15,9,-14,9,-12,9,-12,10,-13,11,-14,12,-15,12,-16,13,-16,13,-16,13,-16,13,-16,13,-16,14,-17,15,-17,14,-18,14,-18,14,-19,14,-19,14,-19,14,-20,14,-20,14,-20,14,-21,14,-21]"
CSI_DATA,44305,d8:b1:90:db:e8:90,-50,11,1,7,0,0,1,0,0,0,1,-95,0,8,0,692926246,0,100,0,128,1,"[100,-64,5,0,19,10,19,10,18,9,19,9,19,9,18,8,19,8,19,7,19,6,19,6,19,5,19,5,19,4,19,5,19,5,20,5,20,5,19,5,19,6,19,6,18,6,18,7,17,7,17,8,17,9,4,2,0,0,0,0,0,0,0,0,0,0,0,0,0,0,0,0,0,0,2,1,11,5,11,5,12,5,12,5,12,5,13,6,14,5,15,5,15,7,15,8,15,8,15,9,15,10,15,10,16,10,16,10,16,10,17,10,17,10,17,10,17,10,18,10,19,10,19,10,19,10,19,10]"
CSI_DATA,44306,d8:b1:90:db:e8:90,-50,11,1,7,0,0,1,0,0,0,1,-95,0,8,0,692950563,0,100,0,128,1,"[100,-64,5,0,7,-25,6,-24,6,-24,6,-24,5,-24,5,-23,4,-23,3,-24,2,-24,2,-24,2,-24,1,-24,1,-24,1,-24,1,-24,1,-24,1,-24,2,-24,2,-24,2,-24,2,-23,3,-23,3,-23,4,-22,5,-22,1,-6,0,0,0,0,0,0,0,0,0,0,0,0,0,0,0,0,0,0,0,-4,2,-15,2,-15,3,-16,4,-16,5,-17,5,-17,5,-17,6,-17,6,-18,7,-18,7,-19,8,-19,8,-19,8,-20,8,-20,8,-20,8,-21,8,-21,8,-21,8,-22,8,-22,8,-23,7,-23,8,-23,8,-23,8,-24]"
CSI_DATA,44307,d8:b1:90:db:e8:90,-50,11,1,7,0,0,1,0,0,0,1,-95,0,8,0,692962317,0,100,0,128,1,"[100,-64,5,0,-23,-1,-23,-1,-23,-1,-23,-1,-23,0,-22,0,-22,0,-22,0,-22,1,-22,1,-22,1,-22,1,-22,1,-22,1,-22,1,-22,1,-22,1,-22,1,-21,0,-21,0,-20,0,-20,0,-20,-1,-20,-2,-20,-3,-5,-1,0,0,0,0,0,0,0,0,0,0,0,0,0,0,0,0,0,0,-4,0,-14,0,-14,0,-14,-1,-15,-2,-15,-2,-16,-2,-17,-1,-17,-2,-18,-2,-18,-3,-19,-3,-19,-3,-20,-3,-20,-4,-20,-4,-20,-4,-20,-4,-20,-3,-21,-3,-21,-2,-22,-2,-22,-2,-22,-1,-23,0,-23,-1,-23,-1]"
CSI_DATA,44308,d8:b1:90:db:e8:90,-50,11,1,7,0,0,1,0,0,0,1,-95,0,8,0,692976471,0,100,0,128,1,"[100,-64,5,0,22,-14,22,-14,21,-14,21,-14,20,-14,20,-14,19,-15,19,-15,19,-15,18,-16,18,-16,17,-17,17,-17,17,-17,17,-17,17,-17,17,-17,17,-17,17,-16,17,-16,17,-16,18,-15,18,-14,18,-13,18,-12,4,-3,0,0,0,0,0,0,0,0,0,0,0,0,0,0,0,0,0,0,2,-3,11,-11,11,-10,12,-10,13,-10,14,-10,14,-10,15,-10,16,-10,17,-10,18,-10,18,-11,19,-11,19,-11,19,-11,20,-11,20,-11,20,-11,20,-11,20,-12,20,-12,20,-13,21,-13,21,-13,21,-13,21,-13,22,-13]"
CSI_DATA,44309,d8:b1:90:db:e8:90,-50,11,1,7,0,0,1,0,0,0,1,-95,0,8,0,692988494,0,100,0,128,1,"[100,-64,5,0,-14,-23,-14,-23,-13,-23,-13,-22,-13,-21,-14,-21,-14,-21,-15,-20,-15,-20,-15,-20,-16,-19,-16,-19,-17,-18,-17,-18,-17,-18,-17,-19,-16,-19,-16,-19,-16,-19,-16,-19,-15,-19,-15,-19,-14,-20,-12,-20,-11,-20,-3,-5,0,0,0,0,0,0,0,0,0,0,0,0,0,0,0,0,0,0,-3,-3,-10,-12,-10,-12,-10,-13,-10,-14,-10,-15,-10,-15,-10,-16,-10,-17,-10,-18,-10,-19,-10,-19,-10,-20,-10,-20,-10,-21,-10,-21,-11,-21,-11,-21,-11,-21,-11,-21,-12,-21,-12,-22,-12,-22,-13,-22,-13,-23,-12,-23,-12,-23]"
CSI_DATA,44310,d8:b1:90:db:e8:90,-50,11,1,7,0,0,1,0,0,0,1,-95,0,8,0,692999365,0,100,0,128,1,"[100,-64,5,0,-15,17,-15,17,-15,17,-14,16,-14,16,-13,16,-13,17,-12,17,-12,17,-11,17,-11,18,-11,18,-11,18,-10,19,-10,19,-10,18,-10,18,-10,18,-10,17,-10,17,-11,17,-11,17,-11,16,-12,16,-12,15,-3,3,0,0,0,0,0,0,0,0,0,0,0,0,0,0,0,0,0,0,-2,2,-7,11,-8,11,-8,11,-9,11,-9,11,-10,12,-11,12,-12,12,-12,12,-13,12,-13,13,-14,13,-14,13,-14,13,-15,13,-15,13,-15,13,-15,14,-15,14,-15,14,-16,15,-15,15,-15,16,-15,16,-15,16,-15,16]"
CSI_DATA,44311,d8:b1:90:db:e8:90,-50,11,1,7,0,0,1,0,0,0,1,-95,0,8,0,693015298,0,100,0,128,1,"[100,-64,5,0,13,15,13,15,13,15,13,14,13,14,12,13,13,13,13,13,14,13,14,12,14,12,14,12,14,11,14,11,15,11,15,11,15,11,14,11,14,11,14,11,14,11,13,12,13,12,12,12,11,13,2,3,0,0,0,0,0,0,0,0,0,0,0,0,0,0,0,0,0,0,2,1,9,6,9,7,8,8,8,9,9,9,9,10,10,11,9,12,9,12,9,13,9,13,8,13,9,14,9,14,10,14,10,14,11,14,11,14,11,14,11,14,12,14,12,15,12,15,12,16,12,16,12,16]"
CSI_DATA,44312,d8:b1:90:db:e8:90,-50,11,1,7,0,0,1,0,0,0,1,-95,0,8,0,693027981,0,100,0,128,1,"[100,-64,5,0,16,13,16,12,16,12,15,11,15,11,15,11,16,10,16,10,17,10,17,9,17,9,16,8,16,8,16,9,16,9,17,8,17,8,16,9,16,9,16,9,16,9,16,9,15,9,14,10,14,10,3,2,0,0,0,0,0,0,0,0,0,0,0,0,0,0,0,0,0,0,3,0,11,4,10,5,9,5,10,6,11,7,11,7,11,8,12,9,12,10,12,10,12,10,12,11,12,11,13,11,13,11,13,11,13,11,14,11,14,12,14,12,15,12,15,12,16,12,16,12,16,12,16,12]"
CSI_DATA,44313,d8:b1:90:db:e8:90,-51,11,1,7,0,0,1,0,0,0,1,-95,0,8,0,693051937,0,100,0,128,1,"[100,-64,5,0,11,20,11,20,12,20,12,19,13,18,13,18,13,17,14,17,15,17,15,17,15,16,15,16,15,16,15,16,15,16,15,16,14,17,14,17,13,17,13,16,12,16,11,16,11,17,10,18,9,18,2,4,0,0,0,0,0,0,0,0,0,0,0,0,0,0,0,0,0,0,2,2,8,11,7,11,7,12,7,12,7,13,7,14,8,15,7,15,7,16,7,17,7,18,7,18,7,19,7,19,7,19,7,20,7,20,7,20,8,21,9,21,9,21,9,21,10,21,10,21,10,21,10,21]"
CSI_DATA,44314,d8:b1:90:db:e8:90,-50,11,1,7,0,0,1,0,0,0,1,-95,0,8,0,693066152,0,100,0,128,1,"[100,-64,5,0,16,18,14,20,13,20,12,21,11,21,10,21,10,21,9,21,8,21,9,20,9,20,9,21,8,22,8,23,6,23,5,23,4,22,3,22,2,21,1,21,1,21,0,21,-1,21,-3,21,-5,21,-2,5,0,0,0,0,0,0,0,0,0,0,0,0,0,0,0,0,0,0,3,-1,15,-1,16,2,16,4,15,7,15,7,15,8,15,9,15,8,15,9,16,9,16,10,17,12,17,12,16,12,15,12,14,13,15,12,15,13,15,14,14,14,15,16,14,15,13,17,14,19,15,20,19,20]"
CSI_DATA,44315,d8:b1:90:db:e8:90,-50,11,1,7,0,0,1,0,0,0,1,-95,0,8,0,693078991,0,100,0,128,1,"[100,-64,5,0,13,20,13,20,13,20,13,20,14,19,14,19,14,18,14,17,14,17,14,16,15,16,15,16,16,16,16,16,16,16,16,16,16,16,15,16,15,16,14,16,14,16,13,16,13,17,12,17,12,18,2,4,0,0,0,0,0,0,0,0,0,0,0,0,0,0,0,0,0,0,2,2,9,11,9,12,9,13,9,13,8,14,8,15,8,15,8,16,8,17,8,18,8,18,8,18,9,19,9,19,9,19,10,19,10,19,10,20,10,20,11,20,11,20,12,20,12,20,12,20,12,20,13,20]"
CSI_DATA,44316,d8:b1:90:db:e8:90,-50,11,1,7,0,0,1,0,0,0,1,-95,0,8,0,693095138,0,100,0,128,1,"[100,-64,5,0,-25,-4,-25,-4,-25,-4,-24,-4,-24,-4,-24,-3,-24,-2,-23,-2,-23,-2,-23,-1,-23,-1,-24,0,-24,1,-24,1,-24,1,-24,1,-23,1,-23,1,-23,0,-23,0,-22,0,-22,-1,-22,-2,-22,-2,-22,-3,-6,-1,0,0,0,0,0,0,0,0,0,0,0,0,0,0,0,0,0,0,-4,-1,-15,-2,-16,-3,-16,-4,-16,-5,-17,-5,-17,-5,-18,-6,-18,-6,-18,-7,-19,-7,-20,-7,-20,-8,-21,-8,-21,-8,-21,-7,-22,-7,-22,-7,-22,-7,-22,-7,-23,-7,-23,-6,-24,-6,-24,-6,-24,-6,-24,-6,-24,-5]"
CSI_DATA,44317,d8:b1:90:db:e8:90,-50,11,1,7,0,0,1,0,0,0,1,-95,0,8,0,693106305,0,100,0,128,1,"[100,-64,5,0,19,-10,19,-10,19,-10,19,-11,19,-11,18,-11,18,-11,18,-11,17,-12,17,-12,17,-12,17,-13,17,-13,17,-13,17,-13,17,-13,17,-13,17,-12,17,-12,17,-11,17,-11,17,-11,17,-10,18,-10,18,-9,4,-3,0,0,0,0,0,0,0,0,0,0,0,0,0,0,0,0,0,0,2,-2,11,-7,11,-7,11,-7,12,-7,12,-7,13,-7,14,-7,14,-7,15,-7,16,-7,16,-7,17,-7,17,-7,17,-7,18,-7,18,-7,18,-7,18,-8,18,-8,19,-9,19,-9,19,-9,19,-9,19,-10,20,-10,20,-9]"
CSI_DATA,44318,d8:b1:90:db:e8:90,-50,11,1,7,0,0,1,0,0,0,1,-95,0,8,0,693125237,0,100,0,128,1,"[100,-64,5,0,19,7,19,7,19,7,19,6,18,6,18,6,18,5,19,4,19,3,19,2,19,2,19,2,18,2,18,2,18,2,18,1,18,1,18,2,18,2,18,2,18,2,18,2,17,3,17,4,16,5,4,1,0,0,0,0,0,0,0,0,0,0,0,0,0,0,0,0,0,0,2,0,11,0,11,1,12,1,12,2,12,2,13,3,13,4,13,4,13,5,14,5,14,5,15,5,16,6,16,7,16,7,16,7,16,6,16,6,17,6,17,7,17,7,18,7,18,7,18,7,19,7,19,7]"
CSI_DATA,44319,d8:b1:90:db:e8:90,-50,11,1,7,0,0,1,0,0,0,1,-95,0,8,0,693136375,0,100,0,128,1,"[100,-64,5,0,0,-27,0,-26,0,-26,-1,-25,-1,-25,-1,-25,-2,-25,-4,-25,-5,-25,-5,-24,-6,-24,-6,-23,-6,-23,-6,-23,-6,-23,-6,-23,-6,-23,-6,-22,-5,-23,-5,-23,-5,-22,-5,-22,-4,-22,-3,-22,-2,-22,-1,-6,0,0,0,0,0,0,0,0,0,0,0,0,0,0,0,0,0,0,-1,-4,-4,-15,-3,-15,-3,-15,-3,-16,-2,-17,-2,-17,-2,-18,-1,-19,-1,-20,0,-20,0,-21,0,-21,0,-22,0,-22,0,-22,0,-23,0,-23,0,-23,0,-24,0,-24,0,-24,0,-25,0,-25,0,-26,0,-26,0,-26]"
CSI_DATA,44320,d8:b1:90:db:e8:90,-50,11,1,7,0,0,1,0,0,0,1,-95,0,8,0,693158349,0,100,0,128,1,"[100,-64,5,0,9,20,9,20,9,20,9,20,9,19,9,19,10,18,10,18,11,17,11,17,11,17,11,17,12,17,12,17,12,17,12,17,12,17,11,17,11,17,11,16,11,16,10,16,9,16,9,16,8,17,2,4,0,0,0,0,0,0,0,0,0,0,0,0,0,0,0,0,0,0,1,2,6,11,6,11,5,12,5,13,5,13,5,14,5,14,6,14,6,15,6,16,6,17,6,17,6,17,6,18,6,18,6,18,6,18,6,19,6,19,7,19,7,20,8,20,8,20,8,20,8,20,8,20]"
CSI_DATA,44321,d8:b1:90:db:e8:90,-50,11,1,7,0,0,1,0,0,0,1,-95,0,8,0,693171263,0,100,0,128,1,"[100,-64,5,0,10,21,11,21,11,21,11,20,11,20,11,19,12,19,13,18,13,17,13,17,13,17,13,17,14,17,14,17,14,17,14,17,14,18,14,18,13,17,13,17,13,16,12,17,12,17,11,17,10,18,2,4,0,0,0,0,0,0,0,0,0,0,0,0,0,0,0,0,0,0,2,2,8,11,8,12,7,12,7,13,7,14,7,15,7,15,7,15,7,16,7,17,7,18,7,18,7,19,7,19,7,19,8,19,8,19,8,20,9,21,9,21,9,21,9,21,10,21,10,21,10,21,10,21]"
CSI_DATA,44322,d8:b1:90:db:e8:90,-51,11,1,7,0,0,1,0,0,0,1,-95,0,8,0,693185010,0,100,0,128,1,"[100,-64,5,0,22,-8,22,-8,22,-8,21,-8,21,-8,21,-8,20,-9,20,-9,20,-9,20,-9,20,-9,19,-10,19,-10,19,-10,19,-11,18,-11,18,-11,18,-11,18,-11,18,-11,18,-11,19,-10,19,-9,19,-9,19,-8,4,-2,0,0,0,0,0,0,0,0,0,0,0,0,0,0,0,0,0,0,2,-2,11,-8,12,-7,13,-7,14,-6,14,-6,15,-6,15,-7,16,-7,16,-6,17,-7,18,-7,18,-7,19,-7,19,-7,19,-7,19,-7,19,-7,20,-7,20,-7,20,-7,21,-7,21,-8,21,-8,22,-8,22,-8,22,-8]"
CSI_DATA,44323,d8:b1:90:db:e8:90,-50,11,1,7,0,0,1,0,0,0,1,-95,0,8,0,693197911,0,100,0,128,1,"[100,-64,5,0,-19,-13,-19,-13,-18,-13,-18,-13,-18,-12,-18,-12,-19,-11,-19,-11,-19,-11,-19,-11,-19,-10,-19,-9,-19,-9,-19,-9,-19,-9,-19,-9,-18,-9,-18,-9,-18,-9,-18,-10,-18,-10,-18,-10,-17,-11,-17,-12,-16,-12,-4,-4,0,0,0,0,0,0,0,0,0,0,0,0,0,0,0,0,0,0,-3,-2,-11,-8,-11,-9,-11,-10,-11,-10,-11,-10,-12,-11,-12,-11,-13,-12,-13,-13,-14,-13,-14,-13,-14,-13,-14,-14,-14,-14,-14,-14,-14,-14,-15,-14,-15,-14,-15,-14,-16,-14,-16,-14,-17,-14,-17,-14,-18,-14,-18,-14,-18,-14]"
CSI_DATA,44324,d8:b1:90:db:e8:90,-50,11,1,7,0,0,1,0,0,0,1,-95,0,8,0,693209248,0,100,0,128,1,"[100,-64,5,0,-25,2,-25,2,-25,2,-24,2,-24,3,-24,3,-24,3,-24,4,-23,4,-23,5,-23,5,-23,6,-23,6,-23,6,-22,6,-22,5,-22,5,-22,4,-22,4,-23,4,-23,3,-22,3,-22,2,-22,1,-23,0,-6,0,0,0,0,0,0,0,0,0,0,0,0,0,0,0,0,0,0,0,-4,0,-15,1,-16,1,-16,0,-17,0,-17,0,-18,0,-18,0,-19,0,-19,-1,-20,-1,-20,-1,-21,-1,-21,-1,-22,-1,-22,-1,-22,-1,-22,-1,-22,-1,-23,-1,-23,0,-23,0,-23,0,-24,1,-24,2,-24,2,-24,1]"
CSI_DATA,44325,d8:b1:90:db:e8:90,-50,11,1,7,0,0,1,0,0,0,1,-95,0,8,0,693225635,0,100,0,128,1,"[100,-64,5,0,17,12,17,12,17,12,17,12,17,11,17,10,17,10,17,10,17,10,17,9,18,9,18,9,18,9,19,9,19,9,18,9,18,9,18,9,17,9,17,9,17,9,17,10,16,10,15,11,15,11,3,2,0,0,0,0,0,0,0,0,0,0,0,0,0,0,0,0,0,0,2,1,10,7,10,7,11,7,11,8,11,9,11,9,11,8,11,9,12,10,12,11,13,11,12,12,12,12,12,12,12,13,13,13,13,13,14,13,15,13,15,13,15,13,16,12,16,13,16,13,16,13,16,13]"
CSI_DATA,44326,d8:b1:90:db:e8:90,-51,11,1,7,0,0,1,0,0,0,1,-95,0,8,0,693258157,0,100,0,128,1,"[100,-64,5,0,4,-23,4,-23,4,-24,3,-24,2,-23,2,-23,1,-23,1,-23,1,-22,1,-22,1,-22,0,-22,0,-22,-1,-23,0,-23,0,-23,0,-23,0,-23,1,-23,1,-22,2,-22,3,-22,3,-21,4,-20,5,-20,1,-5,0,0,0,0,0,0,0,0,0,0,0,0,0,0,0,0,0,0,0,-4,2,-14,2,-14,3,-14,3,-14,4,-15,5,-16,5,-16,5,-17,6,-18,6,-18,6,-18,7,-19,7,-19,7,-19,7,-19,7,-20,7,-20,7,-20,6,-21,5,-21,5,-21,5,-22,5,-22,6,-22,6,-22,5,-23]"
CSI_DATA,44327,d8:b1:90:db:e8:90,-50,11,1,7,0,0,1,0,0,0,1,-95,0,8,0,693272231,0,100,0,128,1,"[100,-64,5,0,28,1,28,1,28,1,27,1,27,0,26,0,26,0,26,-1,26,-2,26,-2,26,-3,25,-4,25,-4,25,-4,25,-4,26,-4,26,-4,26,-4,25,-4,24,-3,24,-3,24,-2,24,-2,24,0,24,1,6,0,0,0,0,0,0,0,0,0,0,0,0,0,0,0,0,0,0,0,4,-1,17,-1,17,0,17,0,18,1,18,2,19,2,20,2,20,3,21,4,22,4,22,4,22,4,23,5,23,5,23,5,24,4,24,4,25,4,25,4,25,4,26,4,26,4,27,4,27,4,27,3,27,3]"
CSI_DATA,44328,d8:b1:90:db:e8:90,-50,11,1,7,0,0,1,0,0,0,1,-95,0,8,0,693283118,0,100,0,128,1,"[100,-64,5,0,23,5,23,5,23,5,23,5,23,4,23,4,22,3,22,3,22,2,22,2,22,1,23,1,23,0,23,0,23,0,23,1,22,1,22,1,22,1,21,1,21,1,21,1,21,2,20,3,20,4,5,1,0,0,0,0,0,0,0,0,0,0,0,0,0,0,0,0,0,0,3,0,14,3,14,3,14,2,14,2,14,3,15,3,16,4,17,5,17,5,18,6,18,7,18,7,18,7,19,7,19,8,19,8,20,7,20,7,20,7,21,7,21,7,21,7,22,7,22,7,23,7,23,7]"
CSI_DATA,44329,d8:b1:90:db:e8:90,-51,11,1,7,0,0,1,0,0,0,1,-95,0,8,0,693297329,0,100,0,128,1,"[100,-64,5,0,12,-21,12,-21,12,-21,11,-21,11,-21,11,-21,10,-21,9,-21,9,-21,9,-21,8,-21,8,-22,7,-22,7,-22,7,-22,7,-22,7,-21,7,-21,7,-21,7,-21,7,-20,8,-20,8,-19,9,-19,10,-19,2,-5,0,0,0,0,0,0,0,0,0,0,0,0,0,0,0,0,0,0,1,-4,6,-13,7,-13,6,-13,6,-13,7,-13,8,-14,9,-15,10,-15,10,-16,11,-16,11,-16,12,-16,12,-16,12,-16,13,-17,13,-17,13,-17,13,-18,13,-18,13,-18,13,-18,13,-19,13,-19,13,-20,13,-20,13,-20]"
CSI_DATA,44330,d8:b1:90:db:e8:90,-50,11,1,7,0,0,1,0,0,0,1,-95,0,8,0,693308127,0,100,0,128,1,"[100,-64,5,0,-18,-22,-18,-22,-18,-21,-19,-21,-19,-21,-19,-20,-19,-20,-19,-19,-19,-19,-20,-18,-20,-18,-20,-17,-20,-17,-20,-17,-20,-17,-21,-17,-20,-17,-20,-17,-20,-17,-19,-17,-19,-17,-18,-17,-18,-18,-17,-19,-16,-20,-4,-5,0,0,0,0,0,0,0,0,0,0,0,0,0,0,0,0,0,0,-3,-4,-12,-13,-12,-14,-12,-14,-12,-15,-12,-16,-12,-16,-13,-17,-13,-18,-13,-19,-13,-20,-13,-20,-13,-21,-13,-21,-13,-22,-13,-22,-13,-22,-14,-23,-14,-23,-15,-22,-16,-22,-16,-22,-16,-22,-17,-22,-17,-22,-18,-22,-18,-22]"
CSI_DATA,44331,d8:b1:90:db:e8:90,-51,11,1,7,0,0,1,0,0,0,1,-95,0,8,0,693325203,0,100,0,128,1,"[100,-64,5,0,15,14,15,14,15,13,15,13,15,13,15,12,15,12,15,12,16,11,16,11,16,11,16,10,16,10,16,10,16,10,16,10,16,11,15,11,15,11,15,11,15,11,14,11,14,12,13,12,13,13,3,3,0,0,0,0,0,0,0,0,0,0,0,0,0,0,0,0,0,0,2,1,10,6,10,7,10,7,10,7,9,8,9,9,10,10,11,10,11,11,11,12,11,13,11,13,10,13,11,13,11,13,12,13,12,13,12,13,13,13,13,13,13,14,14,14,14,13,15,13,15,14,14,14]"
CSI_DATA,44332,d8:b1:90:db:e8:90,-51,11,1,7,0,0,1,0,0,0,1,-95,0,8,0,693337356,0,100,0,128,1,"[100,-64,5,0,4,20,4,20,4,19,5,19,5,19,5,18,5,18,5,18,6,18,6,18,6,18,6,17,7,17,7,17,7,17,7,18,6,18,6,17,6,17,6,17,5,17,5,17,4,17,3,18,3,18,0,4,0,0,0,0,0,0,0,0,0,0,0,0,0,0,0,0,0,0,0,2,4,10,4,11,4,12,4,11,3,12,3,14,3,15,2,15,2,15,2,16,1,17,1,17,1,17,1,17,2,18,2,18,2,18,2,18,3,18,3,19,3,19,3,19,4,19,4,19,4,19,4,20]"
CSI_DATA,44333,d8:b1:90:db:e8:90,-51,11,1,7,0,0,1,0,0,0,1,-95,0,8,0,693360631,0,100,0,128,1,"[100,-64,5,0,-19,9,-19,9,-19,10,-18,11,-17,11,-17,11,-17,12,-16,12,-16,12,-16,12,-16,12,-16,12,-15,12,-15,12,-16,12,-16,12,-15,12,-16,12,-16,12,-16,11,-16,11,-17,10,-17,9,-17,9,-17,8,-5,1,0,0,0,0,0,0,0,0,0,0,0,0,0,0,0,0,0,0,-3,1,-11,7,-12,6,-12,5,-13,5,-13,5,-14,5,-15,5,-16,5,-17,5,-18,4,-18,4,-19,3,-19,3,-19,4,-19,5,-19,5,-19,5,-19,6,-19,7,-19,8,-19,8,-19,8,-19,9,-19,9,-19,9,-19,9]"
CSI_DATA,44334,d8:b1:90:db:e8:90,-50,11,1,7,0,0,1,0,0,0,1,-95,0,8,0,693372879,0,100,0,128,1,"[100,-64,5,0,21,16,21,17,21,16,22,15,23,14,23,14,23,13,23,12,23,12,23,12,22,12,22,11,22,12,22,12,22,12,23,12,23,12,22,13,22,13,21,14,21,14,20,15,19,15,18,15,18,16,4,4,0,0,0,0,0,0,0,0,0,0,0,0,0,0,0,0,0,0,3,1,14,8,14,9,14,10,14,11,14,12,14,13,14,14,15,15,15,16,15,17,15,18,14,18,14,19,15,19,16,18,17,18,17,18,17,18,18,17,19,17,19,17,20,17,21,16,21,16,21,16,21,16]"
CSI_DATA,44335,d8:b1:90:db:e8:90,-51,11,1,7,0,0,1,0,0,0,1,-95,0,8,0,693385262,0,100,0,128,1,"[100,-64,5,0,4,23,4,23,4,22,5,22,5,22,6,22,6,21,7,21,8,21,8,21,8,21,8,20,8,20,9,20,9,20,9,20,8,20,8,20,8,20,7,19,7,19,6,19,5,20,5,20,4,20,1,5,0,0,0,0,0,0,0,0,0,0,0,0,0,0,0,0,0,0,1,3,4,13,4,13,4,14,3,14,3,15,3,15,3,16,2,17,2,18,2,19,1,19,1,20,1,20,1,20,1,20,1,21,1,21,2,21,2,21,2,21,3,21,3,22,3,22,3,23,3,23,4,23]"
CSI_DATA,44336,d8:b1:90:db:e8:90,-51,11,1,7,0,0,1,0,0,0,1,-95,0,8,0,693405581,0,100,0,128,1,"[100,-64,5,0,-20,14,-20,14,-19,14,-19,14,-18,14,-18,15,-18,15,-17,16,-17,16,-16,16,-16,17,-16,17,-16,17,-16,17,-16,17,-16,17,-15,17,-15,16,-15,16,-15,15,-15,15,-16,14,-16,14,-17,14,-18,13,-5,3,0,0,0,0,0,0,0,0,0,0,0,0,0,0,0,0,0,0,-3,2,-10,10,-10,9,-11,9,-12,9,-13,9,-13,9,-14,10,-15,10,-16,10,-17,10,-17,10,-18,10,-18,10,-19,10,-19,10,-19,10,-19,10,-19,10,-18,11,-18,11,-19,12,-19,12,-19,13,-20,13,-20,14,-20,13]"
CSI_DATA,44337,d8:b1:90:db:e8:90,-50,11,1,7,0,0,1,0,0,0,1,-95,0,8,0,693417125,0,100,0,128,1,"[100,-64,5,0,-12,-22,-12,-22,-12,-22,-12,-21,-13,-21,-13,-20,-13,-20,-14,-19,-15,-18,-16,-18,-16,-18,-16,-17,-16,-17,-16,-17,-16,-17,-16,-17,-16,-17,-15,-17,-15,-18,-15,-18,-14,-18,-14,-18,-13,-18,-13,-19,-12,-20,-3,-5,0,0,0,0,0,0,0,0,0,0,0,0,0,0,0,0,0,0,-3,-3,-9,-12,-9,-12,-9,-13,-9,-14,-9,-15,-8,-15,-8,-16,-7,-17,-7,-18,-7,-18,-8,-19,-8,-19,-7,-20,-7,-20,-7,-20,-8,-20,-8,-21,-8,-21,-8,-21,-9,-21,-9,-22,-9,-22,-10,-22,-11,-21,-11,-22,-11,-22]"
CSI_DATA,44338,d8:b1:90:db:e8:90,-51,11,1,7,0,0,1,0,0,0,1,-95,0,8,0,693427724,0,100,0,128,1,"[100,-64,5,0,-2,22,-2,22,-1,23,-1,23,0,22,0,22,1,22,2,22,3,21,3,21,3,21,4,21,4,21,4,21,4,21,4,21,4,21,3,21,3,21,2,21,2,21,1,21,0,21,0,21,-1,21,-1,5,0,0,0,0,0,0,0,0,0,0,0,0,0,0,0,0,0,0,0,2,1,12,1,13,0,13,-1,14,-1,16,-2,17,-3,17,-3,17,-2,17,-3,17,-3,18,-4,19,-4,19,-4,19,-4,20,-4,20,-4,20,-4,20,-4,21,-4,21,-4,21,-3,21,-2,22,-2,22,-2,22,-2,23]"
CSI_DATA,44339,d8:b1:90:db:e8:90,-50,11,1,7,0,0,1,0,0,0,1,-95,0,8,0,693460780,0,100,0,128,1,"[100,-64,5,0,9,-23,9,-23,8,-23,8,-23,8,-23,8,-23,7,-23,6,-22,6,-22,6,-22,5,-22,4,-23,3,-23,4,-23,4,-23,3,-23,3,-23,4,-22,4,-22,4,-21,5,-21,5,-20,6,-20,6,-20,6,-20,1,-5,0,0,0,0,0,0,0,0,0,0,0,0,0,0,0,0,0,0,0,-4,2,-14,3,-14,3,-15,4,-15,5,-15,6,-16,6,-16,6,-17,7,-17,8,-18,8,-18,9,-18,9,-18,9,-18,8,-19,8,-19,9,-19,9,-20,8,-20,8,-21,9,-21,9,-22,8,-22,9,-22,9,-22,9,-23]"
CSI_DATA,44340,d8:b1:90:db:e8:90,-51,11,1,7,0,0,1,0,0,0,1,-95,0,8,0,693474024,0,100,0,128,1,"[100,-64,5,0,-23,8,-23,8,-22,9,-21,9,-21,9,-21,9,-20,10,-20,11,-20,12,-19,12,-19,13,-18,13,-18,13,-18,13,-18,13,-18,13,-19,13,-19,12,-19,12,-19,11,-19,11,-19,11,-19,10,-19,9,-19,8,-5,2,0,0,0,0,0,0,0,0,0,0,0,0,0,0,0,0,0,0,-3,2,-12,9,-12,8,-12,8,-13,8,-13,7,-14,7,-15,7,-16,7,-17,7,-18,7,-18,7,-19,7,-20,7,-20,7,-20,6,-20,6,-20,6,-20,7,-21,7,-21,7,-22,7,-22,7,-22,8,-22,8,-22,8,-23,8]"
CSI_DATA,44341,d8:b1:90:db:e8:90,-51,11,1,7,0,0,1,0,0,0,1,-95,0,8,0,693486322,0,100,0,128,1,"[100,-64,5,0,-16,17,-15,17,-15,17,-14,17,-14,17,-13,17,-12,18,-12,18,-11,19,-11,19,-11,19,-10,19,-9,19,-9,19,-10,19,-10,20,-10,19,-10,19,-10,19,-11,18,-11,18,-12,17,-12,17,-13,16,-13,16,-4,3,0,0,0,0,0,0,0,0,0,0,0,0,0,0,0,0,0,0,-2,3,-6,12,-6,12,-7,12,-8,12,-8,12,-9,13,-10,13,-10,13,-11,13,-12,13,-13,14,-14,14,-14,14,-14,14,-14,14,-14,14,-14,14,-14,15,-15,15,-15,16,-15,16,-15,16,-15,16,-16,16,-16,17,-16,17]"
CSI_DATA,44342,d8:b1:90:db:e8:90,-51,11,1,7,0,0,1,0,0,0,1,-95,0,8,0,693496624,0,100,0,128,1,"[100,-64,5,0,1,23,1,23,1,22,2,22,2,22,3,22,3,21,4,21,5,21,5,21,6,21,6,21,6,21,6,21,6,21,6,21,6,20,5,20,5,20,4,20,4,20,4,20,3,20,2,21,1,21,0,5,0,0,0,0,0,0,0,0,0,0,0,0,0,0,0,0,0,0,0,3,3,13,2,13,2,13,1,14,1,14,0,15,1,16,1,17,0,18,0,18,0,19,0,19,0,19,0,19,0,20,-1,20,0,20,0,20,0,21,0,21,0,21,1,22,1,22,1,22,1,22,1,22]"
CSI_DATA,44343,d8:b1:90:db:e8:90,-50,11,1,7,0,0,1,0,0,0,1,-95,0,8,0,693507071,0,100,0,128,1,"[100,-64,5,0,24,-14,24,-14,23,-15,23,-15,22,-15,22,-16,21,-16,21,-17,20,-18,19,-18,19,-19,19,-19,19,-19,19,-19,19,-19,18,-18,18,-18,18,-18,18,-18,18,-17,18,-17,19,-16,19,-16,21,-15,21,-14,5,-4,0,0,0,0,0,0,0,0,0,0,0,0,0,0,0,0,0,0,3,-3,14,-11,14,-10,15,-10,15,-9,16,-9,17,-9,18,-10,19,-10,20,-10,21,-10,21,-11,21,-11,22,-11,22,-11,22,-11,22,-11,23,-11,23,-12,23,-12,23,-12,23,-12,23,-13,23,-13,23,-13,23,-13,24,-13]"
CSI_DATA,44344,d8:b1:90:db:e8:90,-51,11,1,7,0,0,1,0,0,0,1,-95,0,8,0,693518209,0,100,0,128,1,"[100,-64,5,0,-24,-3,-24,-3,-23,-3,-23,-3,-22,-3,-22,-2,-22,-2,-22,-2,-22,-1,-22,-1,-22,0,-22,0,-22,0,-22,0,-22,0,-22,0,-22,-1,-21,-1,-21,-1,-22,-1,-22,-2,-22,-2,-22,-2,-21,-3,-21,-4,-6,-1,0,0,0,0,0,0,0,0,0,0,0,0,0,0,0,0,0,0,-4,-1,-14,-2,-15,-2,-15,-2,-16,-3,-17,-3,-17,-3,-17,-3,-18,-4,-18,-4,-19,-5,-20,-5,-20,-5,-20,-5,-21,-5,-20,-5,-20,-5,-21,-5,-21,-5,-21,-5,-22,-6,-22,-5,-22,-5,-23,-4,-23,-4,-23,-3,-23,-3]"
CSI_DATA,44345,d8:b1:90:db:e8:90,-51,11,1,7,0,0,1,0,0,0,1,-95,0,8,0,693534917,0,100,0,128,1,"[100,-64,5,0,-20,-8,-20,-8,-20,-8,-20,-7,-20,-7,-20,-6,-20,-6,-20,-6,-20,-5,-20,-5,-20,-5,-20,-4,-20,-4,-20,-4,-20,-4,-20,-5,-20,-5,-20,-5,-20,-5,-20,-6,-20,-6,-20,-6,-19,-7,-19,-7,-19,-8,-5,-2,0,0,0,0,0,0,0,0,0,0,0,0,0,0,0,0,0,0,-4,-1,-13,-4,-13,-5,-13,-6,-14,-6,-14,-6,-13,-7,-13,-8,-14,-8,-15,-8,-15,-8,-16,-9,-16,-9,-16,-9,-16,-9,-17,-10,-17,-10,-17,-10,-17,-10,-18,-9,-18,-9,-18,-9,-18,-9,-19,-9,-19,-8,-19,-9,-20,-9]"
CSI_DATA,44346,d8:b1:90:db:e8:90,-51,11,1,7,0,0,1,0,0,0,1,-95,0,8,0,693546693,0,100,0,128,1,"[100,-64,5,0,18,-14,18,-14,18,-14,17,-14,16,-14,16,-14,15,-15,15,-15,15,-15,15,-15,14,-16,14,-16,14,-16,14,-16,14,-16,14,-16,14,-16,14,-16,14,-15,15,-16,15,-16,16,-15,16,-14,16,-14,17,-13,4,-4,0,0,0,0,0,0,0,0,0,0,0,0,0,0,0,0,0,0,2,-2,11,-8,11,-8,11,-8,11,-9,12,-9,13,-9,13,-8,14,-8,15,-8,16,-8,16,-9,16,-9,16,-8,17,-9,17,-9,18,-9,18,-9,18,-10,17,-10,17,-11,17,-11,18,-11,18,-12,18,-12,18,-12,18,-12]"
CSI_DATA,44347,d8:b1:90:db:e8:90,-51,11,1,7,0,0,1,0,0,0,1,-95,0,8,0,693565342,0,100,0,128,1,"[100,-64,5,0,-13,-21,-13,-20,-13,-20,-13,-19,-13,-18,-13,-18,-14,-18,-14,-18,-15,-18,-15,-17,-16,-17,-16,-16,-17,-16,-17,-16,-17,-16,-17,-16,-16,-16,-16,-16,-16,-16,-15,-16,-15,-16,-14,-16,-14,-16,-14,-17,-13,-18,-3,-5,0,0,0,0,0,0,0,0,0,0,0,0,0,0,0,0,0,0,-3,-3,-10,-11,-10,-12,-10,-13,-10,-13,-9,-14,-9,-14,-9,-15,-9,-16,-9,-17,-9,-17,-9,-18,-8,-18,-8,-19,-8,-19,-9,-19,-9,-19,-9,-19,-10,-19,-10,-19,-10,-20,-10,-20,-11,-20,-12,-20,-12,-20,-12,-20,-12,-20]"
CSI_DATA,44348,d8:b1:90:db:e8:90,-50,11,1,7,0,0,1,0,0,0,1,-95,0,8,0,693578267,0,100,0,128,1,"[100,-64,5,0,21,-11,21,-11,21,-10,20,-10,20,-10,19,-11,19,-11,18,-12,18,-12,18,-12,18,-13,17,-14,17,-14,17,-15,17,-15,17,-15,17,-14,17,-14,17,-14,17,-14,17,-14,18,-13,18,-12,18,-11,19,-10,4,-3,0,0,0,0,0,0,0,0,0,0,0,0,0,0,0,0,0,0,2,-3,11,-9,12,-9,12,-9,13,-8,14,-8,14,-8,15,-8,16,-8,17,-8,17,-8,17,-8,18,-8,18,-7,18,-8,19,-8,20,-8,20,-8,20,-9,20,-9,20,-9,20,-10,20,-10,21,-10,21,-10,21,-10,21,-9]"
CSI_DATA,44349,d8:b1:90:db:e8:90,-51,11,1,7,0,0,1,0,0,0,1,-95,0,8,0,693596514,0,100,0,128,1,"[100,-64,5,0,12,20,12,19,12,19,12,18,12,18,12,17,13,17,13,17,14,16,14,16,15,15,15,15,15,15,15,15,15,15,15,15,15,16,14,16,14,16,13,16,13,16,13,16,12,16,12,16,11,17,2,4,0,0,0,0,0,0,0,0,0,0,0,0,0,0,0,0,0,0,2,2,7,11,7,11,7,12,7,13,7,13,7,14,7,15,7,16,7,17,7,17,7,18,7,18,7,19,7,19,7,19,7,19,7,19,8,19,8,19,8,19,9,19,9,19,10,20,10,20,10,20,11,20]"
CSI_DATA,44350,d8:b1:90:db:e8:90,-51,11,1,7,0,0,1,0,0,0,1,-95,0,8,0,693615210,0,100,0,128,1,"[100,-64,5,0,23,1,23,1,23,1,23,0,23,0,22,0,22,0,21,-1,21,-1,21,-1,21,-2,21,-3,21,-3,22,-3,22,-3,22,-3,22,-3,21,-3,21,-2,20,-2,20,-2,20,-1,20,-1,21,0,21,2,5,0,0,0,0,0,0,0,0,0,0,0,0,0,0,0,0,0,0,0,3,-1,13,-3,14,-2,14,-2,14,-2,15,0,16,0,17,0,17,0,18,1,18,1,19,1,19,2,19,2,20,2,20,2,20,2,20,2,20,2,21,2,21,2,21,2,21,1,22,0,22,0,23,1,23,1]"
CSI_DATA,44351,d8:b1:90:db:e8:90,-51,11,1,7,0,0,1,0,0,0,1,-95,0,8,0,693625621,0,100,0,128,1,"[100,-64,5,0,-6,-24,-6,-23,-6,-23,-6,-23,-6,-22,-7,-22,-7,-22,-7,-22,-7,-21,-8,-21,-8,-21,-9,-21,-9,-21,-9,-21,-9,-21,-10,-21,-10,-21,-10,-21,-9,-20,-9,-20,-8,-20,-8,-20,-7,-20,-6,-21,-5,-21,-2,-6,0,0,0,0,0,0,0,0,0,0,0,0,0,0,0,0,0,0,-2,-4,-5,-14,-5,-14,-5,-15,-5,-16,-4,-16,-4,-17,-4,-18,-4,-19,-4,-19,-3,-20,-3,-20,-3,-21,-2,-21,-2,-21,-3,-21,-3,-21,-3,-21,-4,-22,-4,-22,-4,-22,-4,-22,-4,-22,-5,-23,-6,-23,-6,-23,-6,-23]"
CSI_DATA,44352,d8:b1:90:db:e8:90,-50,11,1,7,0,0,1,0,0,0,1,-95,0,8,0,693645247,0,100,0,128,1,"[100,-64,5,0,25,-10,26,-10,26,-10,26,-10,25,-9,24,-9,23,-11,23,-12,24,-13,24,-12,23,-11,22,-12,21,-13,23,-15,24,-14,24,-13,22,-12,20,-12,20,-14,22,-14,24,-12,23,-10,21,-10,21,-10,22,-11,5,-3,0,0,0,0,0,0,0,0,0,0,0,0,0,0,0,0,0,0,3,-2,15,-7,15,-8,17,-8,17,-8,16,-8,17,-7,19,-7,20,-6,21,-6,21,-7,22,-7,23,-7,23,-6,23,-6,24,-6,24,-6,24,-7,24,-7,25,-7,25,-7,25,-7,25,-7,25,-8,25,-9,26,-9,27,-9]"
CSI_DATA,44353,d8:b1:90:db:e8:90,-51,11,1,7,0,0,1,0,0,0,1,-95,0,8,0,693667375,0,100,0,128,1,"[100,-64,5,0,-21,5,-21,5,-21,5,-21,6,-21,6,-20,6,-20,6,-19,7,-19,8,-19,8,-18,9,-18,9,-18,9,-18,9,-18,9,-18,10,-18,9,-18,9,-18,9,-18,8,-18,8,-18,8,-18,7,-19,7,-19,6,-5,1,0,0,0,0,0,0,0,0,0,0,0,0,0,0,0,0,0,0,-3,1,-11,5,-12,4,-12,4,-13,4,-13,3,-14,3,-15,3,-15,3,-16,3,-17,3,-17,3,-18,3,-18,3,-18,3,-18,2,-18,2,-18,3,-19,3,-19,3,-19,3,-20,4,-20,4,-20,4,-21,5,-21,5,-21,5]"
CSI_DATA,44354,d8:b1:90:db:e8:90,-51,11,1,7,0,0,1,0,0,0,1,-95,0,8,0,693680494,0,100,0,128,1,"[100,-64,5,0,3,-24,3,-24,3,-24,3,-23,2,-23,2,-23,1,-23,0,-23,0,-23,-1,-23,-1,-23,-1,-23,-2,-23,-2,-23,-2,-23,-2,-23,-1,-23,-1,-23,-1,-22,-1,-22,0,-22,0,-22,1,-21,2,-21,3,-20,1,-5,0,0,0,0,0,0,0,0,0,0,0,0,0,0,0,0,0,0,0,-4,1,-15,1,-15,2,-15,2,-15,3,-16,3,-17,4,-17,4,-18,5,-18,5,-19,5,-19,6,-19,6,-20,6,-20,6,-20,5,-21,5,-21,5,-21,5,-22,4,-22,4,-22,5,-22,5,-23,4,-23,4,-23,4,-24]"
CSI_DATA,44355,d8:b1:90:db:e8:90,-51,11,1,7,0,0,1,0,0,0,1,-95,0,8,0,693698924,0,100,0,128,1,"[100,-64,5,0,8,-22,8,-22,8,-22,8,-22,8,-22,7,-22,7,-22,5,-22,5,-22,4,-22,4,-22,4,-22,3,-22,3,-22,4,-22,3,-22,3,-22,4,-22,4,-22,4,-21,5,-21,5,-21,6,-21,6,-21,7,-20,1,-5,0,0,0,0,0,0,0,0,0,0,0,0,0,0,0,0,0,0,0,-4,2,-15,3,-15,4,-14,5,-14,5,-15,6,-15,6,-15,7,-16,8,-16,8,-17,9,-17,9,-17,10,-18,10,-18,10,-18,10,-18,10,-18,10,-19,10,-20,10,-20,10,-20,9,-20,9,-21,8,-22,9,-22,9,-22]"
CSI_DATA,44356,d8:b1:90:db:e8:90,-51,11,1,7,0,0,1,0,0,0,1,-95,0,8,0,693715708,0,100,0,128,1,"[100,-64,5,0,19,-17,19,-17,19,-18,18,-18,18,-19,17,-19,17,-19,16,-19,15,-19,15,-20,14,-20,13,-20,12,-20,12,-20,12,-21,13,-21,13,-20,14,-20,13,-20,13,-20,13,-19,14,-19,14,-19,15,-18,15,-17,3,-5,0,0,0,0,0,0,0,0,0,0,0,0,0,0,0,0,0,0,2,-4,9,-13,10,-13,10,-13,11,-13,12,-13,13,-13,14,-14,14,-14,16,-14,17,-14,17,-14,18,-14,18,-14,18,-14,18,-14,18,-14,18,-14,19,-15,19,-15,19,-15,19,-15,19,-16,19,-16,19,-16,20,-16,21,-16]"
CSI_DATA,44357,d8:b1:90:db:e8:90,-51,11,1,7,0,0,1,0,0,0,1,-95,0,8,0,693735347,0,100,0,128,1,"[100,-64,5,0,-17,16,-17,16,-17,16,-16,16,-16,16,-15,16,-15,16,-14,17,-13,17,-13,17,-13,17,-12,18,-11,18,-11,18,-11,18,-11,18,-12,18,-12,18,-12,17,-12,17,-12,17,-13,16,-13,16,-14,15,-15,15,-4,3,0,0,0,0,0,0,0,0,0,0,0,0,0,0,0,0,0,0,-3,2,-9,9,-10,9,-11,11,-11,11,-11,10,-12,9,-13,9,-15,10,-16,11,-16,10,-16,11,-17,11,-17,11,-17,11,-17,11,-17,12,-17,12,-17,12,-18,12,-18,13,-18,13,-18,14,-17,14,-17,15,-17,15,-17,15]"
CSI_DATA,44358,d8:b1:90:db:e8:90,-50,11,1,7,0,0,1,0,0,0,1,-95,0,8,0,693745779,0,100,0,128,1,"[100,-64,5,0,-20,-20,-20,-20,-20,-20,-20,-20,-20,-19,-20,-18,-20,-17,-21,-16,-21,-16,-21,-15,-22,-15,-22,-14,-22,-13,-22,-13,-22,-14,-22,-14,-22,-14,-22,-14,-22,-14,-21,-15,-21,-15,-20,-15,-19,-16,-19,-17,-18,-18,-5,-5,0,0,0,0,0,0,0,0,0,0,0,0,0,0,0,0,0,0,-4,-3,-13,-11,-14,-12,-15,-13,-15,-14,-13,-14,-14,-14,-16,-15,-16,-17,-16,-18,-16,-18,-14,-19,-14,-20,-14,-20,-14,-20,-15,-20,-15,-20,-15,-21,-16,-21,-16,-21,-16,-21,-17,-21,-17,-21,-18,-21,-19,-20,-18,-21,-18,-21]"
CSI_DATA,44359,d8:b1:90:db:e8:90,-51,11,1,6,0,0,1,0,0,0,1,-95,0,8,0,693769842,0,100,0,128,1,"[100,-64,5,0,-19,-14,-19,-14,-19,-14,-18,-14,-18,-13,-19,-13,-19,-12,-19,-12,-19,-11,-19,-11,-19,-11,-20,-11,-20,-11,-19,-11,-19,-11,-20,-10,-20,-10,-19,-10,-19,-10,-18,-10,-18,-11,-17,-11,-17,-12,-16,-12,-15,-13,-4,-4,0,0,0,0,0,0,0,0,0,0,0,0,0,0,0,0,0,0,-4,-2,-12,-7,-12,-8,-12,-10,-13,-11,-13,-11,-12,-12,-13,-12,-13,-12,-14,-13,-14,-14,-14,-14,-14,-14,-14,-15,-14,-15,-14,-16,-15,-16,-15,-16,-15,-16,-16,-15,-16,-15,-17,-15,-17,-15,-18,-14,-19,-14,-18,-14,-18,-14]"
CSI_DATA,44360,d8:b1:90:db:e8:90,-50,11,1,6,0,0,1,0,0,0,1,-95,0,8,0,693782625,0,100,0,128,1,"[100,-64,5,0,3,27,3,27,3,26,3,26,4,25,4,25,4,25,5,24,6,24,6,24,7,24,8,23,8,23,8,23,8,23,9,24,9,24,8,24,8,24,7,24,7,23,6,23,5,23,4,23,3,23,0,5,0,0,0,0,0,0,0,0,0,0,0,0,0,0,0,0,0,0,0,4,3,16,3,16,4,17,4,18,3,18,2,19,2,19,1,20,1,21,1,22,1,23,1,24,1,24,1,24,2,24,2,24,2,24,2,24,2,25,2,25,3,26,3,26,3,26,3,27,3,27,3,26]"
CSI_DATA,44361,d8:b1:90:db:e8:90,-51,11,1,6,0,0,1,0,0,0,1,-95,0,8,0,693796219,0,100,0,128,1,"[100,-64,5,0,21,-8,21,-8,21,-8,20,-8,20,-8,20,-9,19,-9,19,-10,19,-10,18,-10,18,-11,18,-11,18,-11,18,-11,18,-11,18,-12,18,-12,18,-12,18,-11,18,-11,18,-10,18,-9,18,-9,18,-8,18,-7,4,-2,0,0,0,0,0,0,0,0,0,0,0,0,0,0,0,0,0,0,2,-2,12,-7,12,-7,13,-7,13,-7,14,-7,14,-7,15,-7,16,-6,16,-6,17,-7,18,-7,18,-7,19,-6,19,-6,19,-7,18,-7,19,-7,19,-7,20,-8,20,-8,20,-8,20,-8,20,-8,21,-8,21,-8,21,-8]"
CSI_DATA,44362,d8:b1:90:db:e8:90,-50,11,1,6,0,0,1,0,0,0,1,-95,0,8,0,693806877,0,100,0,128,1,"[100,-64,5,0,14,23,14,22,14,22,14,22,14,21,14,21,15,20,16,19,17,18,17,17,17,17,17,17,18,18,18,18,18,18,18,18,17,18,17,18,16,18,16,18,15,18,15,18,14,18,14,18,13,19,3,4,0,0,0,0,0,0,0,0,0,0,0,0,0,0,0,0,0,0,2,2,11,12,11,12,10,13,10,14,10,14,10,16,11,17,11,18,11,19,11,19,10,20,10,20,10,21,10,21,11,21,11,21,11,21,12,21,12,22,13,22,13,22,14,22,14,22,14,22,14,23,14,23]"
CSI_DATA,44363,d8:b1:90:db:e8:90,-51,11,1,6,0,0,1,0,0,0,1,-95,0,8,0,693820854,0,100,0,128,1,"[100,-64,5,0,14,-19,14,-19,14,-19,14,-19,13,-19,13,-18,13,-19,12,-18,12,-18,11,-19,11,-19,11,-19,11,-19,11,-19,11,-19,10,-19,10,-19,10,-19,10,-18,10,-18,11,-17,11,-17,11,-16,12,-16,13,-15,3,-4,0,0,0,0,0,0,0,0,0,0,0,0,0,0,0,0,0,0,1,-4,5,-14,6,-14,6,-13,7,-13,8,-14,9,-14,10,-14,11,-15,11,-15,11,-15,12,-16,12,-16,13,-16,13,-16,14,-15,14,-15,14,-16,14,-16,13,-16,13,-17,13,-17,13,-17,13,-18,13,-18,14,-18,14,-19]"
CSI_DATA,44364,d8:b1:90:db:e8:90,-50,11,1,6,0,0,1,0,0,0,1,-95,0,8,0,693836235,0,100,0,128,1,"[100,-64,5,0,-2,28,-2,27,-2,27,-1,27,-1,27,-1,26,-1,26,0,26,1,26,1,26,2,25,2,25,3,25,3,26,3,25,3,25,3,25,3,24,3,24,2,24,2,23,1,23,1,23,0,23,-1,23,-1,5,0,0,0,0,0,0,0,0,0,0,0,0,0,0,0,0,0,0,0,4,2,17,1,17,1,18,0,18,-1,19,-1,19,-2,20,-2,21,-3,22,-3,22,-3,23,-4,23,-4,23,-4,24,-4,24,-4,24,-4,24,-4,25,-3,24,-3,25,-3,25,-3,26,-2,26,-2,27,-2,27,-2,27]"
CSI_DATA,44365,d8:b1:90:db:e8:90,-51,11,1,6,0,0,1,0,0,0,1,-95,0,8,0,693847799,0,100,0,128,1,"[100,-64,5,0,20,-7,20,-7,20,-7,19,-8,19,-8,18,-8,18,-9,18,-9,17,-9,17,-9,17,-10,17,-10,17,-10,17,-10,17,-10,17,-10,17,-9,16,-9,16,-9,17,-9,17,-8,17,-8,16,-7,17,-7,17,-6,4,-2,0,0,0,0,0,0,0,0,0,0,0,0,0,0,0,0,0,0,2,-2,11,-5,11,-5,12,-5,13,-4,13,-4,14,-5,15,-4,15,-3,16,-3,17,-3,17,-3,18,-3,18,-3,18,-3,18,-4,18,-4,18,-4,19,-4,19,-5,19,-5,19,-5,20,-5,20,-5,20,-5,20,-5,20,-5]"
CSI_DATA,44366,d8:b1:90:db:e8:90,-50,11,1,6,0,0,1,0,0,0,1,-95,0,8,0,693871514,0,100,0,128,1,"[100,-64,5,0,17,-22,17,-22,17,-22,16,-22,16,-22,15,-22,14,-22,14,-22,13,-22,13,-22,13,-22,12,-22,12,-22,12,-22,12,-22,12,-22,12,-23,12,-23,12,-22,12,-22,12,-21,12,-21,13,-20,13,-19,14,-18,3,-5,0,0,0,0,0,0,0,0,0,0,0,0,0,0,0,0,0,0,2,-4,10,-14,11,-14,12,-14,12,-14,13,-14,14,-15,14,-15,14,-15,14,-16,16,-16,17,-16,18,-16,18,-16,18,-16,18,-16,18,-17,18,-17,18,-18,17,-19,17,-19,17,-20,17,-20,18,-20,18,-20,18,-20,18,-21]"
CSI_DATA,44367,d8:b1:90:db:e8:90,-51,11,1,6,0,0,1,0,0,0,1,-95,0,8,0,693883405,0,100,0,128,1,"[100,-64,5,0,19,13,19,13,19,13,20,12,20,11,20,11,20,10,20,10,20,9,20,9,20,8,20,8,20,8,20,8,19,8,19,8,19,8,19,8,18,8,18,8,18,8,17,8,17,9,17,10,17,10,4,2,0,0,0,0,0,0,0,0,0,0,0,0,0,0,0,0,0,0,3,1,12,6,11,7,11,8,11,9,12,10,12,10,13,10,14,11,14,11,14,12,14,13,14,13,14,14,14,14,14,14,14,14,14,14,15,14,15,14,16,14,16,14,17,14,17,14,18,14,18,14,19,14]"
CSI_DATA,44368,d8:b1:90:db:e8:90,-51,11,1,6,0,0,1,0,0,0,1,-95,0,8,0,693894159,0,100,0,128,1,"[100,-64,5,0,-6,-24,-6,-24,-6,-24,-7,-23,-7,-23,-7,-23,-8,-22,-8,-22,-8,-22,-9,-22,-9,-22,-9,-21,-9,-21,-9,-21,-9,-21,-9,-20,-8,-20,-8,-20,-8,-20,-7,-20,-7,-20,-6,-20,-6,-20,-5,-20,-5,-21,-1,-6,0,0,0,0,0,0,0,0,0,0,0,0,0,0,0,0,0,0,-2,-4,-5,-14,-4,-15,-4,-15,-4,-16,-3,-16,-3,-17,-3,-17,-3,-18,-3,-19,-2,-19,-2,-20,-2,-21,-2,-21,-2,-21,-2,-21,-2,-21,-2,-21,-2,-22,-2,-22,-3,-22,-3,-23,-3,-23,-3,-23,-4,-23,-3,-23,-4,-24]"
CSI_DATA,44369,d8:b1:90:db:e8:90,-51,11,1,7,0,0,1,0,0,0,1,-95,0,8,0,693907046,0,100,0,128,1,"[100,-64,5,0,23,-2,23,-2,23,-2,23,-2,23,-2,22,-3,22,-3,21,-3,21,-3,21,-4,21,-4,21,-5,21,-5,21,-4,21,-4,21,-5,21,-5,20,-4,20,-4,20,-4,20,-4,19,-3,19,-3,20,-2,20,-1,5,-1,0,0,0,0,0,0,0,0,0,0,0,0,0,0,0,0,0,0,3,-1,14,-1,14,0,14,0,15,1,15,1,16,2,16,2,17,2,18,2,18,2,18,2,19,3,19,3,19,3,20,3,20,3,21,3,21,3,21,2,21,2,21,2,22,2,22,1,23,0,23,0,24,0]"
CSI_DATA,44370,d8:b1:90:db:e8:90,-51,11,1,7,0,0,1,0,0,0,1,-95,0,8,0,693918114,0,100,0,128,1,"[100,-64,5,0,9,-23,9,-22,9,-22,9,-22,9,-22,8,-22,8,-22,8,-22,7,-21,6,-21,6,-22,6,-22,6,-22,6,-21,6,-21,6,-21,6,-21,6,-21,6,-21,7,-21,7,-20,7,-19,8,-19,8,-19,9,-19,2,-5,0,0,0,0,0,0,0,0,0,0,0,0,0,0,0,0,0,0,1,-4,5,-14,6,-14,6,-14,7,-14,7,-14,8,-14,8,-15,9,-16,9,-16,10,-16,10,-16,10,-17,11,-17,11,-17,11,-18,11,-18,12,-18,12,-19,11,-19,11,-19,11,-20,11,-20,10,-21,10,-21,10,-22,11,-22]"
CSI_DATA,44371,d8:b1:90:db:e8:90,-51,11,1,7,0,0,1,0,0,0,1,-95,0,8,0,693936891,0,100,0,128,1,"[100,-64,5,0,12,-18,12,-18,12,-18,11,-19,10,-19,10,-19,10,-19,9,-19,9,-19,9,-19,9,-19,9,-18,8,-18,8,-18,8,-18,8,-18,8,-18,8,-18,8,-18,8,-18,8,-17,9,-17,9,-17,10,-16,11,-16,2,-4,0,0,0,0,0,0,0,0,0,0,0,0,0,0,0,0,0,0,1,-3,6,-11,7,-12,6,-13,6,-13,7,-12,8,-12,9,-13,10,-14,11,-15,11,-14,11,-14,12,-14,12,-14,12,-14,12,-14,12,-14,12,-14,13,-15,13,-15,12,-15,13,-16,13,-16,12,-17,13,-17,13,-17,13,-18]"
CSI_DATA,44372,d8:b1:90:db:e8:90,-52,11,1,5,0,0,1,0,1,0,0,-95,0,8,0,693979704,0,100,0,128,1,"[100,-64,5,0,41,-22,36,-20,31,-17,26,-14,20,-10,15,-5,10,-1,6,4,3,8,0,12,-2,14,-3,16,-4,17,-5,16,-5,14,-5,11,-6,7,-6,2,-6,-4,-6,-10,-6,-17,-6,-23,-6,-29,-5,-34,-4,-37,-1,-10,0,0,0,0,0,0,0,0,0,0,0,0,0,0,0,0,0,0,4,1,15,4,12,3,8,2,4,0,1,-1,-2,-2,-5,-3,-7,-3,-9,-4,-9,-3,-9,-3,-8,-2,-5,-1,-2,-1,2,0,7,0,13,0,18,-1,24,-3,29,-6,35,-9,40,-12,43,-15,46,-18,48,-20,49,-22]"
CSI_DATA,44373,d8:b1:90:db:e8:90,-51,11,1,7,0,0,1,0,0,0,1,-95,0,8,0,693992471,0,100,0,128,1,"[100,-64,5,0,20,5,20,5,20,5,20,5,19,5,19,5,19,4,19,3,19,2,19,2,19,1,19,0,19,0,19,0,19,0,20,0,20,0,19,0,19,1,18,1,18,1,18,1,18,2,18,3,18,3,4,0,0,0,0,0,0,0,0,0,0,0,0,0,0,0,0,0,0,0,3,-1,12,0,12,3,12,2,12,2,12,3,13,4,13,4,14,5,14,5,15,6,16,5,16,5,16,6,16,6,16,6,17,6,17,6,17,6,18,6,18,7,19,6,19,6,19,6,20,7,20,7,20,7]"
CSI_DATA,44374,d8:b1:90:db:e8:90,-51,11,1,7,0,0,1,0,0,0,1,-95,0,8,0,694005674,0,100,0,128,1,"[100,-64,5,0,-25,-15,-25,-15,-24,-15,-24,-14,-24,-14,-24,-13,-24,-13,-24,-12,-24,-12,-24,-11,-24,-11,-24,-11,-24,-10,-24,-10,-23,-10,-23,-10,-23,-10,-22,-10,-22,-11,-21,-11,-21,-11,-20,-11,-20,-11,-19,-12,-19,-13,-5,-4,0,0,0,0,0,0,0,0,0,0,0,0,0,0,0,0,0,0,-2,-3,-8,-9,-8,-9,-10,-10,-11,-10,-11,-11,-10,-10,-9,-9,-8,-8,-8,-9,-9,-6,-11,0,-12,3,-12,3,-14,4,-19,5,-21,7,-21,7,-21,6,-21,4,-21,3,-22,3,-18,2,-10,-1,-6,-2,-10,-6,-20,-12]"
CSI_DATA,44375,d8:b1:90:db:e8:90,-51,11,1,7,0,0,1,0,0,0,1,-95,0,8,0,694016654,0,100,0,128,1,"[100,-64,5,0,25,13,25,13,24,12,24,12,24,12,24,11,24,10,24,10,23,9,23,9,23,9,23,8,23,8,23,8,23,8,23,8,23,8,22,8,22,8,21,8,21,8,20,9,20,10,19,10,18,11,4,2,0,0,0,0,0,0,0,0,0,0,0,0,0,0,0,0,0,0,1,2,7,8,7,8,9,8,11,8,10,9,9,9,8,7,7,6,7,7,8,5,10,-2,12,-5,12,-5,13,-5,17,-7,19,-8,19,-9,20,-8,20,-5,20,-4,21,-5,17,-4,9,-2,5,0,10,3,20,10]"
CSI_DATA,44376,d8:b1:90:db:e8:90,-50,11,1,7,0,0,1,0,0,0,1,-95,0,8,0,694030998,0,100,0,128,1,"[100,-64,5,0,-20,8,-20,8,-20,8,-19,9,-19,9,-19,9,-19,9,-19,10,-18,10,-18,10,-18,10,-18,11,-18,12,-18,12,-17,12,-17,12,-17,12,-17,12,-17,11,-17,10,-17,10,-17,10,-17,9,-18,8,-18,7,-5,1,0,0,0,0,0,0,0,0,0,0,0,0,0,0,0,0,0,0,-3,1,-11,7,-12,6,-12,6,-13,6,-14,6,-14,6,-15,6,-16,7,-16,7,-17,7,-17,6,-17,6,-17,6,-18,6,-18,6,-19,7,-19,7,-19,7,-18,7,-19,7,-19,8,-19,8,-20,8,-20,8,-20,8,-20,8]"
CSI_DATA,44377,d8:b1:90:db:e8:90,-50,11,1,7,0,0,1,0,0,0,1,-95,0,8,0,694042541,0,100,0,128,1,"[100,-64,5,0,-13,-21,-13,-21,-13,-20,-13,-20,-13,-20,-13,-20,-14,-19,-14,-19,-15,-18,-15,-18,-16,-17,-16,-17,-17,-17,-17,-17,-17,-17,-17,-17,-17,-17,-16,-17,-16,-18,-15,-17,-15,-17,-14,-17,-14,-17,-13,-18,-12,-19,-3,-5,0,0,0,0,0,0,0,0,0,0,0,0,0,0,0,0,0,0,-3,-3,-11,-12,-10,-12,-10,-13,-10,-13,-10,-14,-10,-15,-11,-15,-11,-16,-10,-17,-11,-17,-11,-18,-10,-18,-10,-18,-10,-19,-11,-19,-12,-19,-12,-20,-12,-20,-12,-20,-12,-20,-12,-20,-12,-20,-13,-21,-13,-21,-13,-21,-13,-21]"
CSI_DATA,44378,d8:b1:90:db:e8:90,-50,11,1,7,0,0,1,0,0,0,1,-95,0,8,0,694058030,0,100,0,128,1,"[100,-64,5,0,4,-24,4,-24,4,-24,3,-24,2,-24,2,-24,2,-24,1,-24,1,-23,1,-23,1,-23,1,-23,0,-23,0,-23,0,-23,1,-23,1,-23,1,-23,1,-23,2,-22,2,-22,3,-21,4,-21,4,-21,5,-21,1,-6,0,0,0,0,0,0,0,0,0,0,0,0,0,0,0,0,0,0,0,-4,3,-15,4,-15,4,-16,4,-16,5,-16,5,-16,5,-17,5,-18,5,-18,6,-19,6,-19,6,-19,7,-20,7,-20,6,-21,6,-21,6,-21,6,-22,6,-22,6,-22,6,-23,6,-23,6,-23,7,-23,7,-24,7,-24]"
CSI_DATA,44379,d8:b1:90:db:e8:90,-51,11,1,5,0,0,1,0,1,0,0,-95,0,8,0,694080602,0,100,0,128,1,"[100,-64,5,0,-24,-49,-22,-43,-19,-37,-15,-30,-10,-24,-5,-18,0,-12,5,-7,10,-2,14,1,17,3,19,5,19,6,19,7,16,7,13,7,8,6,1,5,-5,4,-13,2,-20,1,-27,-1,-34,-3,-40,-6,-44,-8,-12,-2,0,0,0,0,0,0,0,0,0,0,0,0,0,0,0,0,0,0,0,-5,1,-18,1,-15,0,-11,0,-7,-1,-3,-2,2,-4,4,-5,6,-4,9,-3,12,-3,13,-2,10,-1,6,-1,2,0,-3,0,-9,-1,-15,-2,-22,-4,-29,-7,-35,-10,-41,-14,-47,-18,-51,-21,-54,-23,-56,-24,-57]"
CSI_DATA,44380,d8:b1:90:db:e8:90,-56,11,1,7,0,0,1,0,0,0,1,-95,0,8,0,694095226,0,100,0,128,1,"[100,-64,5,0,18,-16,18,-16,19,-16,19,-18,19,-19,19,-19,19,-19,18,-18,17,-18,17,-17,16,-17,15,-17,15,-17,15,-17,15,-17,16,-18,16,-18,17,-17,17,-17,17,-16,17,-15,17,-15,16,-12,14,-9,13,-6,3,-2,0,0,0,0,0,0,0,0,0,0,0,0,0,0,0,0,0,0,-2,2,-5,9,-5,10,-6,10,-7,10,-7,10,-4,5,2,-5,6,-10,7,-11,8,-12,11,-13,12,-14,12,-15,6,-9,-8,4,-15,11,-15,11,-16,12,-16,15,-16,16,-16,17,-16,18,-15,18,-15,19,-15,19,-15,18]"
CSI_DATA,44381,d8:b1:90:db:e8:90,-50,11,1,7,0,0,1,0,0,0,1,-95,0,8,0,694110150,0,100,0,128,1,"[100,-64,5,0,-13,-28,-13,-28,-13,-27,-13,-27,-13,-26,-13,-26,-13,-25,-14,-25,-14,-25,-14,-24,-15,-24,-15,-24,-15,-24,-14,-24,-15,-24,-16,-24,-16,-24,-15,-24,-15,-24,-14,-23,-14,-23,-13,-23,-12,-23,-12,-24,-11,-25,-3,-7,0,0,0,0,0,0,0,0,0,0,0,0,0,0,0,0,0,0,-3,-4,-9,-16,-9,-16,-9,-17,-8,-18,-8,-19,-7,-20,-7,-20,-7,-21,-7,-22,-7,-23,-8,-23,-8,-23,-8,-24,-8,-24,-8,-25,-8,-25,-8,-25,-8,-25,-8,-26,-9,-26,-9,-26,-9,-27,-10,-27,-10,-28,-10,-28,-11,-28]"
CSI_DATA,44382,d8:b1:90:db:e8:90,-50,11,1,7,0,0,1,0,0,0,1,-95,0,8,0,694122319,0,100,0,128,1,"[100,-64,5,0,9,22,9,22,9,22,9,21,9,21,10,21,10,20,10,20,11,20,11,20,11,19,12,19,12,18,12,18,13,18,13,19,12,19,12,18,11,18,11,18,11,18,10,18,9,19,9,19,8,20,2,5,0,0,0,0,0,0,0,0,0,0,0,0,0,0,0,0,0,0,1,2,7,11,7,12,6,12,6,13,6,14,6,14,6,15,6,16,6,16,6,17,6,17,6,18,6,19,6,19,6,19,6,19,6,19,7,19,7,20,7,20,8,20,8,21,8,21,8,22,8,22,8,22]"
CSI_DATA,44383,d8:b1:90:db:e8:90,-50,11,1,7,0,0,1,0,0,0,1,-95,0,8,0,694137352,0,100,0,128,1,"[100,-64,5,0,-20,10,-20,11,-19,11,-19,11,-19,11,-18,11,-18,11,-18,11,-18,11,-17,12,-17,12,-16,13,-16,13,-16,13,-16,13,-16,13,-16,13,-16,13,-16,12,-16,12,-16,12,-16,11,-16,11,-17,10,-17,10,-5,2,0,0,0,0,0,0,0,0,0,0,0,0,0,0,0,0,0,0,-3,1,-10,7,-11,7,-12,7,-12,7,-13,7,-13,7,-14,7,-15,7,-15,7,-16,7,-17,7,-17,7,-17,7,-17,7,-18,7,-18,8,-18,8,-18,8,-18,9,-18,9,-19,9,-19,10,-19,10,-19,10,-20,10,-20,10]"
CSI_DATA,44384,d8:b1:90:db:e8:90,-50,11,1,7,0,0,1,0,0,0,1,-95,0,8,0,694155223,0,100,0,128,1,"[100,-64,5,0,-15,-15,-14,-15,-14,-15,-14,-14,-14,-14,-14,-14,-14,-13,-15,-12,-15,-12,-15,-12,-16,-12,-16,-11,-16,-11,-16,-11,-16,-12,-16,-11,-16,-11,-15,-11,-15,-11,-14,-11,-14,-11,-14,-12,-13,-12,-12,-13,-12,-13,-3,-4,0,0,0,0,0,0,0,0,0,0,0,0,0,0,0,0,0,0,-3,-2,-10,-8,-9,-10,-9,-11,-8,-12,-8,-11,-8,-12,-8,-12,-8,-12,-8,-13,-8,-13,-9,-14,-9,-14,-8,-14,-9,-14,-9,-15,-10,-15,-10,-15,-11,-15,-11,-15,-11,-14,-11,-14,-12,-15,-12,-15,-12,-15,-12,-15,-12,-15]"
CSI_DATA,44385,d8:b1:90:db:e8:90,-51,11,1,7,0,0,1,0,0,0,1,-95,0,8,0,694188086,0,100,0,128,1,"[100,-64,5,0,6,23,6,23,7,22,7,22,8,22,8,21,8,21,8,21,8,21,8,20,9,20,10,19,10,19,10,19,10,19,10,19,10,19,9,19,9,19,9,19,8,19,8,19,7,19,7,19,6,19,1,4,0,0,0,0,0,0,0,0,0,0,0,0,0,0,0,0,0,0,2,3,7,13,7,13,7,14,6,14,6,15,5,15,5,16,5,17,5,18,4,19,4,19,4,20,4,20,4,20,3,20,3,20,3,20,4,20,4,21,4,21,4,21,5,22,6,22,7,22,7,22,7,22]"
CSI_DATA,44386,d8:b1:90:db:e8:90,-50,11,1,7,0,0,1,0,0,0,1,-95,0,8,0,694200534,0,100,0,128,1,"[100,-64,5,0,24,-2,24,-2,24,-2,23,-2,23,-3,23,-3,23,-3,23,-4,23,-4,22,-4,22,-5,22,-6,21,-6,21,-6,21,-6,22,-6,21,-6,21,-6,21,-5,21,-5,21,-4,21,-4,21,-3,21,-3,21,-2,5,-1,0,0,0,0,0,0,0,0,0,0,0,0,0,0,0,0,0,0,3,-2,13,-5,14,-5,15,-4,15,-3,16,-3,16,-3,17,-3,18,-2,19,-2,19,-1,20,0,20,0,20,0,20,1,20,1,20,1,20,0,21,0,21,0,21,0,22,0,22,0,23,-1,23,-2,23,-2,24,-1]"
CSI_DATA,44387,d8:b1:90:db:e8:90,-51,11,1,7,0,0,1,0,0,0,1,-95,0,8,0,694210891,0,100,0,128,1,"[100,-64,5,0,-1,24,-1,24,0,24,0,24,0,23,0,23,1,23,1,23,2,22,2,22,3,22,3,22,3,21,3,21,3,22,3,22,3,22,2,22,2,22,1,21,1,21,1,20,0,20,-1,21,-2,21,-1,5,0,0,0,0,0,0,0,0,0,0,0,0,0,0,0,0,0,0,0,3,2,14,1,14,1,14,0,15,0,15,0,16,-1,17,-1,18,-1,18,-2,19,-2,19,-2,19,-2,20,-2,20,-3,21,-3,21,-3,21,-2,22,-2,22,-2,22,-2,22,-2,23,-2,23,-1,23,-1,23,-1,23]"
CSI_DATA,44388,d8:b1:90:db:e8:90,-50,11,1,7,0,0,1,0,0,0,1,-95,0,8,0,694220954,0,100,0,128,1,"[100,-64,5,0,10,-22,10,-22,10,-22,9,-22,9,-22,8,-22,8,-23,7,-22,6,-22,5,-22,5,-22,5,-22,5,-22,5,-22,5,-22,5,-22,4,-22,4,-22,5,-22,5,-22,5,-21,6,-21,6,-20,7,-20,7,-20,2,-5,0,0,0,0,0,0,0,0,0,0,0,0,0,0,0,0,0,0,1,-4,4,-14,5,-15,5,-15,6,-16,7,-16,7,-16,7,-16,8,-17,9,-17,9,-18,10,-18,10,-18,11,-18,11,-18,11,-19,11,-19,11,-19,11,-20,11,-20,11,-21,11,-21,11,-22,10,-22,10,-22,10,-22,10,-22]"
CSI_DATA,44389,d8:b1:90:db:e8:90,-50,11,1,7,0,0,1,0,0,0,1,-95,0,8,0,694236014,0,100,0,128,1,"[100,-64,5,0,12,-28,12,-27,12,-27,11,-27,11,-27,10,-27,9,-27,8,-27,7,-27,7,-27,7,-27,6,-27,6,-28,6,-28,6,-28,5,-27,5,-27,5,-27,5,-27,5,-27,5,-26,6,-26,7,-25,7,-25,8,-25,2,-6,0,0,0,0,0,0,0,0,0,0,0,0,0,0,0,0,0,0,0,-4,3,-17,5,-19,6,-18,7,-17,8,-19,9,-21,8,-21,9,-21,10,-21,11,-22,12,-22,12,-22,12,-22,12,-23,13,-23,13,-22,12,-21,13,-22,13,-23,13,-24,12,-25,12,-26,13,-26,13,-26,13,-27,13,-27]"
CSI_DATA,44390,d8:b1:90:db:e8:90,-50,11,1,7,0,0,1,0,0,0,1,-95,0,8,0,694248222,0,100,0,128,1,"[100,-64,5,0,-16,19,-16,19,-15,19,-15,18,-14,18,-14,18,-13,18,-12,19,-12,19,-12,19,-11,19,-11,20,-11,20,-11,20,-11,20,-10,20,-10,20,-10,19,-10,19,-10,19,-11,19,-11,19,-11,18,-11,18,-12,17,-3,4,0,0,0,0,0,0,0,0,0,0,0,0,0,0,0,0,0,0,-2,3,-7,14,-8,14,-8,13,-9,13,-9,13,-10,13,-12,14,-13,15,-13,15,-13,14,-14,15,-14,15,-14,15,-15,15,-15,15,-15,15,-15,15,-15,16,-15,16,-15,17,-15,17,-15,17,-15,18,-15,18,-15,19,-15,19]"
CSI_DATA,44391,d8:b1:90:db:e8:90,-50,11,1,7,0,0,1,0,0,0,1,-95,0,8,0,694281197,0,100,0,128,1,"[100,-64,5,0,1,-23,1,-23,1,-22,0,-22,0,-22,-1,-21,-1,-21,-1,-21,-2,-21,-2,-21,-2,-21,-3,-21,-3,-21,-3,-21,-3,-21,-3,-21,-3,-21,-2,-21,-2,-20,-2,-20,-2,-20,-1,-19,-1,-19,0,-20,1,-20,0,-5,0,0,0,0,0,0,0,0,0,0,0,0,0,0,0,0,0,0,-1,-4,0,-15,0,-15,0,-15,0,-15,1,-16,1,-16,2,-17,2,-17,2,-17,3,-18,3,-18,3,-19,4,-19,4,-19,3,-19,3,-20,3,-20,3,-20,3,-21,3,-21,2,-21,2,-21,2,-21,2,-22,2,-22,2,-22]"
CSI_DATA,44392,d8:b1:90:db:e8:90,-50,11,1,7,0,0,1,0,0,0,1,-95,0,8,0,694291871,0,100,0,128,1,"[100,-64,5,0,4,24,3,24,4,24,4,23,5,22,5,22,5,21,6,22,6,22,6,22,6,22,6,21,6,21,6,21,7,22,6,21,6,21,5,21,5,21,5,21,4,21,3,21,3,21,2,21,1,21,0,5,0,0,0,0,0,0,0,0,0,0,0,0,0,0,0,0,0,0,1,3,4,15,3,15,3,15,3,16,2,16,1,17,1,18,1,19,0,19,0,20,-1,21,-1,21,-1,21,0,21,0,21,0,21,0,22,1,22,2,22,3,22,3,22,3,22,4,23,4,23,3,24,3,24]"
CSI_DATA,44393,d8:b1:90:db:e8:90,-50,11,1,7,0,0,1,0,0,0,1,-95,0,8,0,694306411,0,100,0,128,1,"[100,-64,5,0,-15,-17,-15,-16,-15,-16,-15,-16,-15,-16,-15,-15,-15,-15,-16,-14,-17,-14,-17,-13,-17,-13,-17,-13,-17,-13,-17,-13,-17,-13,-17,-12,-17,-12,-16,-12,-16,-12,-16,-13,-15,-13,-15,-13,-14,-13,-14,-14,-13,-14,-4,-4,0,0,0,0,0,0,0,0,0,0,0,0,0,0,0,0,0,0,-3,-3,-11,-9,-11,-10,-11,-10,-11,-11,-11,-11,-11,-12,-11,-12,-11,-12,-12,-13,-12,-14,-12,-15,-12,-15,-12,-15,-12,-15,-13,-16,-13,-16,-13,-16,-13,-16,-13,-16,-14,-16,-14,-16,-14,-16,-15,-16,-15,-16,-15,-16,-15,-16]"
CSI_DATA,44394,d8:b1:90:db:e8:90,-50,11,1,7,0,0,1,0,0,0,1,-95,0,8,0,694325130,0,100,0,128,1,"[100,-64,5,0,20,14,20,14,20,14,20,13,20,13,20,12,20,12,20,12,20,12,21,11,21,11,20,10,20,10,20,11,20,11,21,10,20,10,20,10,20,11,20,11,19,11,19,11,18,12,17,13,17,13,4,3,0,0,0,0,0,0,0,0,0,0,0,0,0,0,0,0,0,0,3,1,13,7,12,8,12,9,12,10,12,10,12,11,13,11,13,12,13,13,14,13,14,14,14,14,14,15,14,15,15,14,16,14,16,14,16,14,17,14,17,14,18,15,18,15,19,15,19,15,19,15,19,15]"
CSI_DATA,44395,d8:b1:90:db:e8:90,-50,11,1,7,0,0,1,0,0,0,1,-95,0,8,0,694346939,0,100,0,128,1,"[100,-64,5,0,9,19,8,19,9,19,9,19,9,18,9,18,9,18,9,18,10,18,10,17,10,17,10,17,10,17,10,17,10,17,10,17,10,17,10,17,9,17,9,16,8,16,8,16,7,16,7,17,6,17,1,4,0,0,0,0,0,0,0,0,0,0,0,0,0,0,0,0,0,0,1,2,6,11,6,11,6,12,6,12,5,13,4,14,4,14,5,14,5,15,6,16,5,16,5,16,5,16,5,17,6,17,6,16,6,16,7,17,7,17,8,17,8,17,8,18,9,18,9,18,9,18,9,19]"
CSI_DATA,44396,d8:b1:90:db:e8:90,-50,11,1,7,0,0,1,0,0,0,1,-95,0,8,0,694386144,0,100,0,128,1,"[100,-64,5,0,11,20,11,20,12,20,12,19,12,18,12,18,13,17,14,17,15,16,15,16,15,15,15,15,15,15,15,15,15,15,14,15,14,15,13,15,13,15,13,15,12,15,12,15,11,16,11,16,10,16,2,4,0,0,0,0,0,0,0,0,0,0,0,0,0,0,0,0,0,0,2,2,9,10,9,11,8,12,8,13,8,13,8,14,8,14,8,15,8,16,8,16,8,17,8,17,8,18,8,18,8,18,8,18,8,19,8,19,8,19,9,19,9,19,9,20,9,20,10,20,10,20,10,20]"
CSI_DATA,44397,d8:b1:90:db:e8:90,-50,11,1,7,0,0,1,0,0,0,1,-95,0,8,0,694402855,0,100,0,128,1,"[100,-64,5,0,5,24,5,24,5,24,5,23,6,23,6,23,6,22,7,22,7,21,7,21,7,21,8,21,8,21,8,22,8,21,8,21,7,21,7,21,7,21,6,21,6,21,5,21,4,21,4,21,3,21,0,5,0,0,0,0,0,0,0,0,0,0,0,0,0,0,0,0,0,0,1,3,4,13,4,14,4,15,4,16,4,16,3,17,3,17,3,17,3,18,2,19,2,20,2,20,2,21,2,21,1,21,1,21,1,21,2,21,2,22,2,22,3,22,3,23,4,23,4,23,4,23,4,23]"
CSI_DATA,44398,d8:b1:90:db:e8:90,-50,11,1,7,0,0,1,0,0,0,1,-95,0,8,0,694413158,0,100,0,128,1,"[100,-64,5,0,21,12,22,12,22,12,21,12,21,11,21,11,21,10,21,10,21,9,21,8,22,8,22,8,22,8,22,8,21,8,21,8,21,8,20,8,20,8,20,9,20,9,20,9,19,9,19,10,18,11,4,2,0,0,0,0,0,0,0,0,0,0,0,0,0,0,0,0,0,0,3,1,13,6,13,7,14,7,14,8,14,8,14,9,14,9,14,10,15,11,15,11,16,12,16,13,16,13,16,13,16,13,16,14,16,14,17,14,17,13,18,13,18,13,19,13,19,13,20,13,20,13,20,13]"
CSI_DATA,44399,d8:b1:90:db:e8:90,-50,11,1,7,0,0,1,0,0,0,1,-95,0,8,0,694424629,0,100,0,128,1,"[100,-64,5,0,-12,20,-11,20,-11,20,-11,20,-11,20,-10,20,-10,20,-8,20,-8,20,-7,20,-7,20,-7,21,-6,21,-6,21,-6,21,-6,21,-6,20,-7,20,-7,20,-7,20,-7,19,-8,19,-8,18,-9,18,-10,18,-3,4,0,0,0,0,0,0,0,0,0,0,0,0,0,0,0,0,0,0,-2,3,-6,13,-7,12,-7,13,-8,13,-9,13,-9,14,-10,14,-10,15,-11,15,-11,15,-11,16,-12,16,-12,16,-12,16,-12,16,-13,16,-13,16,-13,16,-13,17,-13,17,-13,18,-13,18,-12,18,-12,19,-12,19,-12,20]"
CSI_DATA,44400,d8:b1:90:db:e8:90,-50,11,1,7,0,0,1,0,0,0,1,-95,0,8,0,694436472,0,100,0,128,1,"[100,-64,5,0,-16,12,-16,12,-16,12,-16,13,-15,13,-15,13,-14,13,-14,13,-14,13,-13,13,-13,14,-13,14,-12,14,-12,14,-12,14,-12,14,-12,14,-13,13,-13,13,-12,13,-13,13,-13,12,-13,12,-14,12,-14,11,-4,2,0,0,0,0,0,0,0,0,0,0,0,0,0,0,0,0,0,0,-3,2,-9,8,-10,8,-11,8,-11,7,-12,7,-12,8,-13,8,-14,8,-14,8,-15,8,-15,8,-15,8,-15,8,-16,8,-16,9,-16,9,-16,9,-16,9,-16,10,-16,10,-16,10,-16,11,-16,11,-16,11,-16,11,-17,11]"
CSI_DATA,44401,d8:b1:90:db:e8:90,-50,11,1,7,0,0,1,0,0,0,1,-95,0,8,0,694448590,0,100,0,128,1,"[100,-64,5,0,-17,-15,-17,-15,-17,-15,-17,-15,-18,-14,-18,-14,-18,-14,-18,-13,-18,-13,-18,-12,-18,-11,-18,-11,-18,-11,-18,-11,-18,-11,-18,-11,-18,-12,-18,-12,-17,-12,-17,-12,-17,-12,-17,-12,-16,-12,-16,-13,-15,-14,-4,-4,0,0,0,0,0,0,0,0,0,0,0,0,0,0,0,0,0,0,-3,-2,-12,-8,-11,-9,-11,-10,-11,-11,-11,-11,-11,-12,-12,-12,-12,-13,-12,-14,-13,-14,-13,-14,-13,-15,-12,-15,-13,-15,-13,-15,-14,-16,-14,-16,-14,-16,-15,-16,-15,-16,-15,-16,-15,-16,-15,-16,-16,-16,-16,-16,-16,-16]"
CSI_DATA,44402,d8:b1:90:db:e8:90,-50,11,1,7,0,0,1,0,0,0,1,-95,0,8,0,694460028,0,100,0,128,1,"[100,-64,5,0,21,7,21,7,21,7,21,6,21,6,21,5,21,5,20,5,20,4,20,4,20,3,20,3,20,3,20,3,20,3,21,3,20,4,20,4,20,4,20,4,20,4,19,4,19,5,19,6,19,7,4,1,0,0,0,0,0,0,0,0,0,0,0,0,0,0,0,0,0,0,3,0,13,3,13,3,14,4,14,5,14,5,15,6,15,6,16,7,16,7,16,8,16,9,16,9,16,10,17,9,17,9,18,9,18,8,18,8,19,8,19,8,19,8,20,8,20,8,20,8,21,8,21,8]"
CSI_DATA,44403,d8:b1:90:db:e8:90,-50,11,1,7,0,0,1,0,0,0,1,-95,0,8,0,694487701,0,100,0,128,1,"[100,-64,5,0,4,24,4,23,5,23,5,22,6,22,6,22,6,21,8,21,8,21,9,21,9,20,9,20,9,20,9,20,9,20,9,20,8,20,8,20,7,20,6,20,6,20,5,20,5,20,4,20,3,20,0,5,0,0,0,0,0,0,0,0,0,0,0,0,0,0,0,0,0,0,0,3,3,13,2,14,2,14,1,15,1,15,1,16,1,17,1,18,0,18,0,19,1,20,1,20,0,21,0,21,1,21,2,21,2,21,2,21,2,21,2,22,2,22,3,23,3,23,3,23,3,23,4,23]"
CSI_DATA,44404,d8:b1:90:db:e8:90,-50,11,1,7,0,0,1,0,0,0,1,-95,0,8,0,694499920,0,100,0,128,1,"[100,-64,5,0,20,14,20,14,20,14,20,14,20,13,20,13,20,12,21,12,21,12,21,11,21,11,21,10,21,10,20,11,21,11,21,11,21,11,20,12,20,12,20,12,19,12,19,12,18,13,18,13,18,13,4,3,0,0,0,0,0,0,0,0,0,0,0,0,0,0,0,0,0,0,3,1,14,6,14,7,14,8,14,9,14,10,15,11,15,11,15,12,15,12,15,13,16,13,16,14,16,14,16,14,16,14,16,14,16,14,17,14,18,14,19,14,19,14,19,14,20,14,20,14,20,14,21,15]"
CSI_DATA,44405,d8:b1:90:db:e8:90,-50,11,1,7,0,0,1,0,0,0,1,-95,0,8,0,694515325,0,100,0,128,1,"[100,-64,5,0,23,7,23,7,23,7,23,7,23,7,23,6,23,6,23,5,23,4,23,4,23,4,23,3,22,3,23,3,23,4,23,4,23,4,23,5,22,5,22,5,22,5,22,5,21,6,21,6,21,7,5,1,0,0,0,0,0,0,0,0,0,0,0,0,0,0,0,0,0,0,3,0,15,3,15,4,16,5,16,6,16,6,17,7,17,7,17,7,17,8,18,9,18,9,19,9,19,9,19,9,19,9,19,9,20,9,20,9,21,9,21,9,22,8,22,8,23,8,23,8,23,8,24,8]"
CSI_DATA,44406,d8:b1:90:db:e8:90,-49,11,1,7,0,0,1,0,0,0,1,-95,0,8,0,694525327,0,100,0,128,1,"[100,-64,5,0,16,11,19,0,26,-2,23,-1,15,-9,15,-18,17,-19,9,-16,0,-21,-1,-25,-2,-21,-10,-16,-17,-18,-16,-17,-16,-10,-22,-4,-25,-3,-21,-1,-18,7,-20,12,-18,11,-12,14,-9,19,-9,20,-7,18,-2,4,0,0,0,0,0,0,0,0,0,0,0,0,0,0,0,0,0,0,5,-1,19,0,11,-2,9,-10,14,-14,12,-9,2,-12,2,-21,6,-20,0,-14,-10,-18,-8,-23,-6,-16,-15,-9,-22,-12,-18,-12,-16,-1,-23,7,-25,4,-16,5,-12,17,-15,22,-13,17,-1,18,4,26,1,25,1,16]"
CSI_DATA,44407,d8:b1:90:db:e8:90,-50,11,1,7,0,0,1,0,0,0,1,-95,0,8,0,694536608,0,100,0,128,1,"[100,-64,5,0,-23,4,-23,4,-23,4,-23,4,-22,5,-22,5,-21,6,-21,6,-21,6,-21,6,-21,7,-21,7,-21,7,-20,7,-21,8,-21,8,-21,8,-21,7,-20,7,-20,7,-20,7,-20,6,-20,5,-20,5,-20,4,-5,1,0,0,0,0,0,0,0,0,0,0,0,0,0,0,0,0,0,0,-4,1,-15,4,-15,3,-15,3,-16,2,-16,2,-17,2,-18,2,-19,2,-19,1,-20,1,-20,0,-20,0,-21,-1,-21,0,-21,0,-21,0,-22,0,-22,1,-22,1,-23,1,-23,2,-23,2,-23,2,-24,2,-23,2,-23,2]"
CSI_DATA,44408,d8:b1:90:db:e8:90,-50,11,1,7,0,0,1,0,0,0,1,-95,0,8,0,694556153,0,100,0,128,1,"[100,-64,5,0,-24,5,-24,5,-23,5,-23,6,-22,6,-22,6,-21,7,-21,7,-20,7,-20,8,-20,8,-20,9,-20,9,-20,9,-20,9,-20,9,-19,10,-19,9,-19,9,-19,9,-19,8,-19,8,-19,7,-20,6,-20,6,-5,1,0,0,0,0,0,0,0,0,0,0,0,0,0,0,0,0,0,0,-4,1,-14,5,-14,5,-15,5,-16,5,-16,4,-17,4,-17,4,-18,4,-19,3,-19,3,-20,3,-20,2,-20,2,-21,2,-21,2,-22,2,-22,2,-22,2,-22,2,-22,3,-22,3,-22,3,-23,4,-23,4,-23,4,-23,4]"
CSI_DATA,44409,d8:b1:90:db:e8:90,-50,11,1,7,0,0,1,0,0,0,1,-95,0,8,0,694590594,0,100,0,128,1,"[100,-64,5,0,20,10,20,10,20,9,21,8,21,7,21,7,21,6,21,4,21,3,21,2,21,2,21,2,21,3,21,3,21,3,20,4,20,4,20,5,20,5,19,5,19,5,19,6,18,6,17,6,17,7,4,1,0,0,0,0,0,0,0,0,0,0,0,0,0,0,0,0,0,0,3,0,14,2,14,3,14,3,15,3,15,4,15,4,16,4,16,4,17,5,17,6,18,7,18,7,18,8,18,8,18,7,18,7,18,7,19,7,19,8,20,8,20,8,20,8,21,9,21,9,21,9,21,9]"
CSI_DATA,44410,d8:b1:90:db:e8:90,-50,11,1,7,0,0,1,0,0,0,1,-95,0,8,0,694604074,0,100,0,128,1,"[100,-64,5,0,21,-9,21,-9,21,-9,21,-9,20,-10,20,-10,19,-10,19,-10,18,-10,18,-11,18,-11,18,-12,17,-12,17,-12,17,-12,17,-12,17,-12,17,-12,17,-12,17,-11,17,-11,17,-10,18,-9,18,-9,18,-8,4,-2,0,0,0,0,0,0,0,0,0,0,0,0,0,0,0,0,0,0,3,-2,12,-7,13,-7,14,-7,14,-7,15,-6,16,-6,16,-6,16,-6,17,-6,18,-6,18,-6,18,-6,19,-6,19,-6,19,-6,19,-6,19,-6,20,-7,20,-7,20,-7,21,-8,21,-8,21,-8,22,-8,22,-8,21,-8]"
CSI_DATA,44411,d8:b1:90:db:e8:90,-50,11,1,7,0,0,1,0,0,0,1,-95,0,8,0,694616056,0,100,0,128,1,"[100,-64,5,0,-21,-13,-21,-13,-20,-13,-20,-12,-20,-11,-20,-11,-20,-11,-20,-10,-20,-10,-20,-9,-20,-9,-21,-8,-21,-7,-20,-7,-20,-7,-20,-8,-20,-8,-20,-8,-20,-8,-20,-8,-19,-8,-19,-9,-19,-9,-18,-10,-18,-11,-5,-3,0,0,0,0,0,0,0,0,0,0,0,0,0,0,0,0,0,0,-4,-2,-14,-7,-14,-7,-14,-9,-14,-9,-14,-10,-15,-10,-15,-10,-15,-11,-15,-12,-16,-12,-16,-13,-16,-13,-16,-13,-16,-14,-17,-14,-17,-13,-17,-13,-18,-13,-18,-13,-19,-13,-19,-13,-19,-13,-20,-13,-20,-13,-20,-14,-20,-14]"
CSI_DATA,44412,d8:b1:90:db:e8:90,-50,11,1,7,0,0,1,0,0,0,1,-95,0,8,0,694626133,0,100,0,128,1,"[100,-64,5,0,-24,-1,-24,-1,-24,-1,-24,0,-24,1,-23,1,-23,2,-23,3,-23,3,-23,3,-23,4,-23,4,-22,4,-22,4,-22,5,-22,5,-22,5,-22,4,-21,4,-21,4,-21,4,-21,3,-21,3,-21,2,-21,2,-6,0,0,0,0,0,0,0,0,0,0,0,0,0,0,0,0,0,0,0,-4,0,-15,3,-15,2,-16,1,-17,1,-17,0,-18,0,-18,0,-19,-1,-19,-1,-20,-2,-21,-2,-21,-3,-21,-3,-21,-3,-21,-3,-21,-3,-22,-3,-22,-3,-22,-3,-23,-2,-23,-2,-23,-2,-24,-2,-24,-2,-24,-2,-24,-2]"
CSI_DATA,44413,d8:b1:90:db:e8:90,-50,11,1,7,0,0,1,0,0,0,1,-95,0,8,0,694646080,0,100,0,128,1,"[100,-64,5,0,21,-10,21,-10,20,-10,20,-10,20,-10,19,-11,19,-11,18,-11,18,-12,17,-12,17,-13,17,-13,17,-13,17,-13,17,-13,17,-13,17,-13,17,-12,17,-12,17,-12,17,-12,17,-11,17,-10,18,-10,18,-9,4,-3,0,0,0,0,0,0,0,0,0,0,0,0,0,0,0,0,0,0,3,-2,13,-8,13,-7,14,-7,14,-7,15,-6,15,-6,16,-6,16,-7,16,-7,17,-6,17,-6,18,-6,18,-6,19,-7,19,-7,19,-6,19,-7,19,-8,20,-8,20,-8,20,-8,20,-9,21,-9,21,-10,21,-10,21,-9]"
CSI_DATA,44414,d8:b1:90:db:e8:90,-50,11,1,7,0,0,1,0,0,0,1,-95,0,8,0,694658397,0,100,0,128,1,"[100,-64,5,0,-10,20,-10,20,-10,20,-10,20,-9,20,-9,20,-8,20,-8,20,-8,20,-7,20,-7,20,-6,20,-6,20,-6,21,-6,21,-6,21,-6,20,-6,20,-7,20,-7,19,-7,19,-8,19,-9,18,-9,18,-10,17,-3,4,0,0,0,0,0,0,0,0,0,0,0,0,0,0,0,0,0,0,-2,2,-5,12,-5,14,-5,15,-6,15,-7,15,-8,14,-8,14,-8,15,-9,16,-10,16,-10,16,-11,16,-11,16,-11,16,-12,17,-12,17,-12,17,-12,18,-12,18,-12,18,-12,19,-11,19,-11,20,-11,20,-11,20,-11,20]"
CSI_DATA,44415,d8:b1:90:db:e8:90,-49,11,1,7,0,0,1,0,0,0,1,-95,0,8,0,694688019,0,100,0,128,1,"[100,-64,5,0,-5,21,-5,21,-4,21,-4,21,-4,21,-3,20,-3,20,-2,20,-2,20,-1,20,-1,20,0,20,0,20,0,20,0,20,0,20,0,20,-1,20,-1,20,-1,20,-2,19,-2,19,-3,19,-3,19,-4,19,-1,4,0,0,0,0,0,0,0,0,0,0,0,0,0,0,0,0,0,0,-1,3,-1,13,-2,13,-3,13,-3,14,-4,14,-4,15,-5,15,-5,16,-5,16,-6,17,-6,17,-6,17,-7,17,-7,18,-7,18,-7,18,-7,19,-7,19,-7,19,-7,19,-7,20,-6,20,-6,21,-5,21,-5,21,-5,21]"
CSI_DATA,44416,d8:b1:90:db:e8:90,-49,11,1,7,0,0,1,0,0,0,1,-95,0,8,0,694699899,0,100,0,128,1,"[100,-64,5,0,-7,23,-7,23,-6,22,-6,22,-6,22,-5,22,-5,22,-4,22,-3,22,-3,22,-2,22,-1,22,-1,22,-1,22,-1,22,-1,22,-1,22,-1,22,-2,22,-2,22,-2,21,-2,21,-3,21,-3,21,-4,21,-1,5,0,0,0,0,0,0,0,0,0,0,0,0,0,0,0,0,0,0,-1,3,-2,15,-3,15,-4,15,-4,15,-5,16,-6,16,-6,17,-7,17,-7,17,-8,18,-8,18,-8,18,-8,18,-9,19,-9,19,-9,19,-9,19,-9,20,-9,20,-8,20,-8,21,-8,21,-8,21,-8,22,-7,22,-7,22]"
CSI_DATA,44417,d8:b1:90:db:e8:90,-50,11,1,7,0,0,1,0,0,0,1,-95,0,8,0,694715076,0,100,0,128,1,"[100,-64,5,0,-6,24,-6,24,-6,24,-6,24,-5,24,-5,24,-4,24,-3,24,-3,24,-3,23,-2,24,-1,24,-1,24,-1,24,-1,24,0,24,-1,24,-1,24,-2,23,-2,23,-2,23,-3,23,-4,23,-5,22,-6,22,-2,5,0,0,0,0,0,0,0,0,0,0,0,0,0,0,0,0,0,0,-1,4,-2,16,-3,16,-3,16,-4,16,-4,17,-5,17,-6,18,-7,19,-7,19,-8,20,-8,20,-9,20,-9,21,-9,21,-9,21,-9,21,-9,21,-9,22,-9,22,-8,22,-8,23,-8,23,-8,23,-7,24,-7,24,-8,25]"
CSI_DATA,44418,d8:b1:90:db:e8:90,-50,11,1,7,0,0,1,0,0,0,1,-95,0,8,0,694725091,0,100,0,128,1,"[100,-64,5,0,-21,-16,-21,-15,-21,-15,-21,-14,-22,-14,-22,-13,-22,-13,-22,-12,-22,-12,-23,-11,-23,-10,-23,-10,-23,-9,-23,-10,-23,-9,-23,-9,-23,-9,-23,-10,-22,-10,-22,-10,-22,-10,-22,-11,-21,-11,-21,-12,-20,-13,-5,-4,0,0,0,0,0,0,0,0,0,0,0,0,0,0,0,0,0,0,-4,-2,-15,-9,-14,-9,-15,-10,-15,-11,-15,-12,-15,-12,-15,-13,-15,-14,-16,-14,-16,-15,-16,-16,-17,-16,-17,-17,-17,-17,-17,-16,-17,-16,-17,-16,-17,-16,-18,-16,-18,-16,-19,-16,-19,-16,-20,-16,-20,-16,-20,-16,-21,-17]"
CSI_DATA,44419,d8:b1:90:db:e8:90,-50,11,1,7,0,0,1,0,0,0,1,-95,0,8,0,694736578,0,100,0,128,1,"[100,-64,5,0,-7,24,-7,24,-7,24,-7,24,-6,23,-6,23,-5,23,-5,23,-4,23,-4,23,-3,23,-3,23,-3,23,-3,23,-3,23,-3,23,-3,23,-3,23,-3,23,-3,23,-3,23,-4,22,-5,22,-6,22,-7,22,-2,5,0,0,0,0,0,0,0,0,0,0,0,0,0,0,0,0,0,0,-1,3,-3,15,-4,15,-4,15,-5,16,-6,17,-7,17,-7,17,-8,18,-8,18,-9,19,-9,19,-9,20,-9,20,-9,20,-8,20,-8,20,-8,21,-8,21,-8,22,-8,22,-8,22,-8,23,-8,24,-8,24,-8,24,-8,23]"
CSI_DATA,44420,d8:b1:90:db:e8:90,-50,11,1,7,0,0,1,0,0,0,0,-95,0,8,0,694755110,0,100,0,128,1,"[100,-64,5,0,21,-8,21,-8,21,-8,21,-8,20,-9,20,-9,20,-9,19,-10,19,-11,18,-11,18,-12,18,-12,18,-12,18,-12,18,-12,18,-12,18,-11,18,-11,18,-11,18,-11,19,-11,19,-10,19,-9,19,-9,19,-8,4,-2,0,0,0,0,0,0,0,0,0,0,0,0,0,0,0,0,0,0,3,-2,12,-8,13,-7,13,-6,14,-6,15,-6,15,-6,16,-5,17,-5,18,-5,18,-5,18,-5,19,-4,19,-4,20,-4,20,-4,20,-4,20,-4,20,-5,21,-5,20,-6,21,-6,21,-6,21,-7,21,-7,21,-7,22,-7]"
CSI_DATA,44421,d8:b1:90:db:e8:90,-50,11,1,7,0,0,1,0,0,0,0,-95,0,8,0,694765132,0,100,0,128,1,"[100,-64,5,0,-22,6,-22,6,-22,6,-22,7,-21,7,-21,7,-20,8,-20,8,-20,8,-20,9,-20,9,-20,10,-20,10,-20,10,-20,10,-20,10,-19,9,-19,9,-19,9,-20,9,-20,8,-20,8,-20,7,-20,6,-20,5,-5,1,0,0,0,0,0,0,0,0,0,0,0,0,0,0,0,0,0,0,-4,1,-13,6,-13,6,-14,5,-15,5,-15,5,-16,5,-17,5,-18,5,-19,4,-19,4,-20,3,-20,3,-20,3,-20,3,-21,3,-21,3,-21,3,-21,3,-21,4,-21,5,-22,5,-22,5,-22,6,-22,6,-22,5,-22,5]"
CSI_DATA,44422,d8:b1:90:db:e8:90,-49,11,1,7,0,0,1,0,0,0,0,-95,0,8,0,694793339,0,100,0,128,1,"[100,-64,5,0,-25,4,-25,4,-24,4,-24,4,-23,5,-23,5,-23,6,-22,6,-22,7,-22,7,-22,8,-22,8,-22,8,-22,8,-21,8,-21,8,-21,7,-21,7,-21,7,-21,6,-21,6,-21,5,-21,5,-21,4,-22,3,-6,0,0,0,0,0,0,0,0,0,0,0,0,0,0,0,0,0,0,0,-4,0,-15,2,-16,2,-16,1,-17,1,-17,1,-18,0,-18,0,-19,-1,-19,-1,-20,-1,-20,0,-21,0,-21,0,-22,0,-22,0,-23,0,-23,0,-23,0,-24,0,-24,0,-24,1,-24,1,-24,3,-24,3,-24,3,-24,3]"
CSI_DATA,44423,d8:b1:90:db:e8:90,-50,11,1,7,0,0,1,0,0,0,0,-95,0,8,0,694808391,0,100,0,128,1,"[100,-64,5,0,-4,25,-4,25,-3,25,-3,25,-2,25,-2,24,-1,24,0,24,1,24,1,24,1,24,2,24,2,24,3,24,2,24,2,24,2,24,1,24,1,24,1,24,0,24,-1,24,-2,23,-3,23,-4,23,-1,5,0,0,0,0,0,0,0,0,0,0,0,0,0,0,0,0,0,0,0,3,0,15,0,15,-1,16,-1,17,-2,17,-2,18,-3,18,-3,19,-3,20,-4,20,-5,21,-5,21,-6,22,-6,22,-5,22,-5,22,-5,22,-5,23,-4,23,-4,24,-4,24,-4,24,-4,25,-4,25,-4,25,-4,25]"
CSI_DATA,44424,d8:b1:90:db:e8:90,-50,11,1,7,0,0,1,0,0,0,0,-95,0,8,0,694822933,0,100,0,128,1,"[100,-64,5,0,2,-23,2,-23,2,-23,1,-23,1,-23,1,-22,0,-22,0,-22,-1,-22,-1,-22,-1,-22,-1,-22,-2,-22,-2,-23,-2,-23,-1,-23,-1,-23,-1,-22,-1,-22,-1,-22,0,-22,1,-22,1,-22,2,-21,3,-21,0,-6,0,0,0,0,0,0,0,0,0,0,0,0,0,0,0,0,0,0,0,-4,0,-15,0,-15,0,-15,0,-16,1,-16,1,-16,2,-17,2,-18,3,-19,3,-19,4,-19,4,-20,4,-20,4,-20,4,-20,3,-21,3,-21,3,-21,3,-21,3,-21,2,-21,2,-22,2,-22,2,-22,2,-22,2,-23]"
CSI_DATA,44425,d8:b1:90:db:e8:90,-50,11,1,7,0,0,1,0,0,0,0,-95,0,8,0,694834982,0,100,0,128,1,"[100,-64,5,0,1,22,1,22,2,22,2,21,2,21,3,21,3,21,4,21,4,21,5,21,5,21,6,21,6,21,6,21,6,21,6,21,6,21,6,21,6,20,6,20,6,20,5,20,4,20,3,20,2,21,0,5,0,0,0,0,0,0,0,0,0,0,0,0,0,0,0,0,0,0,0,3,2,14,1,14,1,14,1,15,0,15,0,16,0,16,0,17,-1,18,-1,18,-1,18,-1,18,-1,19,-2,19,-1,20,-1,20,-1,20,-1,20,-1,20,0,20,0,21,0,21,0,21,0,21,0,22,0,22]"
CSI_DATA,44426,d8:b1:90:db:e8:90,-50,11,1,7,0,0,1,0,0,0,0,-95,0,8,0,694846229,0,100,0,128,1,"[100,-64,5,0,2,-23,2,-23,2,-23,2,-23,2,-23,1,-23,1,-23,0,-23,-1,-23,-1,-23,-2,-23,-3,-23,-3,-23,-2,-23,-2,-23,-2,-23,-2,-23,-1,-23,-1,-23,-1,-23,-1,-22,0,-22,0,-22,1,-22,2,-22,0,-6,0,0,0,0,0,0,0,0,0,0,0,0,0,0,0,0,0,0,-1,-4,-1,-15,-1,-15,0,-16,0,-16,1,-16,1,-17,1,-18,2,-18,3,-19,3,-19,2,-20,2,-20,3,-20,3,-20,3,-21,3,-21,3,-21,3,-21,3,-21,3,-22,3,-22,3,-22,2,-22,2,-22,2,-23,3,-24]"
CSI_DATA,44427,d8:b1:90:db:e8:90,-50,11,1,7,0,0,1,0,0,0,0,-95,0,8,0,694865753,0,100,0,128,1,"[100,-64,5,0,-6,19,-6,20,-5,20,-4,19,-4,19,-4,19,-3,19,-3,19,-2,19,-1,19,-1,19,-1,19,0,19,0,19,-1,19,-1,19,-1,19,-1,19,-1,19,-2,19,-2,19,-2,18,-3,18,-3,18,-4,18,-1,4,0,0,0,0,0,0,0,0,0,0,0,0,0,0,0,0,0,0,-1,3,-3,13,-4,13,-3,13,-4,14,-4,13,-4,13,-5,14,-6,14,-6,15,-6,15,-6,16,-7,16,-7,16,-7,16,-7,16,-7,17,-7,17,-7,17,-7,17,-7,18,-6,18,-6,18,-6,18,-6,18,-6,19,-6,19]"
CSI_DATA,44428,d8:b1:90:db:e8:90,-50,11,1,7,0,0,1,0,0,0,0,-95,0,8,0,694894184,0,100,0,128,1,"[100,-64,5,0,-1,23,-1,23,0,23,1,23,1,23,2,23,2,23,2,22,3,22,3,22,3,22,3,22,3,22,3,22,4,22,4,23,3,23,3,23,2,22,2,22,2,21,1,21,0,21,0,22,-1,22,-1,5,0,0,0,0,0,0,0,0,0,0,0,0,0,0,0,0,0,0,0,3,1,14,1,14,0,14,0,15,-1,15,-1,16,-2,17,-2,17,-2,18,-3,18,-3,18,-4,19,-4,19,-4,19,-4,19,-3,19,-3,20,-3,20,-3,20,-3,21,-2,21,-2,21,-2,22,-1,22,-1,23,-1,23]"
CSI_DATA,44429,d8:b1:90:db:e8:90,-50,11,1,7,0,0,1,0,0,0,0,-95,0,8,0,694904776,0,100,0,128,1,"[100,-64,5,0,-8,-24,-8,-24,-9,-24,-9,-24,-9,-23,-9,-23,-10,-23,-11,-22,-12,-22,-13,-22,-13,-21,-13,-21,-13,-21,-13,-22,-13,-22,-13,-21,-12,-21,-12,-22,-11,-22,-11,-22,-11,-22,-10,-21,-10,-21,-9,-21,-8,-22,-2,-6,0,0,0,0,0,0,0,0,0,0,0,0,0,0,0,0,0,0,-2,-4,-6,-14,-6,-14,-6,-15,-5,-16,-5,-16,-5,-17,-5,-18,-5,-18,-5,-19,-5,-20,-4,-21,-4,-21,-4,-22,-4,-22,-4,-22,-4,-22,-4,-23,-5,-23,-5,-23,-6,-23,-6,-24,-7,-24,-7,-24,-7,-24,-7,-24,-7,-24]"
CSI_DATA,44430,d8:b1:90:db:e8:90,-50,11,1,7,0,0,1,0,0,0,1,-95,0,8,0,694915288,0,100,0,128,1,"[100,-64,5,0,23,2,23,2,23,2,23,1,23,0,22,0,22,0,22,-1,22,-1,22,-1,22,-2,22,-2,22,-2,22,-2,22,-2,22,-2,22,-2,22,-1,21,-1,21,-1,21,0,21,0,21,1,21,2,21,3,5,0,0,0,0,0,0,0,0,0,0,0,0,0,0,0,0,0,0,0,3,-1,14,0,14,0,15,0,15,1,16,1,16,1,17,2,17,2,18,3,18,4,18,4,18,5,19,5,19,5,19,5,20,4,20,4,20,4,20,4,21,4,21,4,21,3,22,3,22,3,22,3,23,3]"
CSI_DATA,44431,d8:b1:90:db:e8:90,-50,11,1,7,0,0,1,0,0,0,1,-95,0,8,0,694935373,0,100,0,128,1,"[100,-64,5,0,18,18,18,18,18,18,18,17,19,16,19,16,19,16,19,15,19,15,19,15,20,14,20,14,20,13,20,14,20,14,20,14,19,14,19,14,19,14,18,14,18,14,17,15,17,15,16,16,16,17,4,4,0,0,0,0,0,0,0,0,0,0,0,0,0,0,0,0,0,0,3,2,12,9,12,10,12,10,12,11,12,12,13,13,13,13,13,14,13,15,13,16,13,16,13,16,13,17,14,17,14,18,14,18,14,18,15,18,15,18,15,17,16,18,16,18,17,18,17,18,17,18,18,18]"
CSI_DATA,44432,d8:b1:90:db:e8:90,-50,11,1,7,0,0,1,0,0,0,1,-95,0,8,0,694946528,0,100,0,128,1,"[100,-64,5,0,5,22,4,22,5,22,5,21,5,21,5,21,5,20,6,20,6,20,6,20,7,20,8,20,8,20,8,20,8,20,8,20,7,20,7,20,6,20,6,20,6,19,5,19,5,19,4,19,3,20,0,5,0,0,0,0,0,0,0,0,0,0,0,0,0,0,0,0,0,0,1,3,4,13,4,13,3,14,3,15,2,15,2,16,2,16,3,17,2,17,2,18,2,18,2,18,1,18,1,19,1,19,2,20,2,20,2,20,2,20,3,21,3,21,3,21,4,21,5,22,5,22,5,21]"
CSI_DATA,44433,d8:b1:90:db:e8:90,-50,11,1,7,0,0,1,0,0,0,1,-95,0,8,0,694964895,0,100,0,128,1,"[100,-64,5,0,-20,4,-20,4,-20,4,-20,4,-20,4,-20,4,-19,5,-19,5,-19,6,-19,6,-19,6,-19,7,-19,7,-19,6,-19,6,-19,7,-19,6,-19,5,-19,5,-19,5,-18,5,-18,5,-18,4,-18,4,-18,3,-5,0,0,0,0,0,0,0,0,0,0,0,0,0,0,0,0,0,0,0,-3,1,-12,3,-13,3,-14,3,-14,2,-15,2,-15,2,-16,1,-17,0,-17,0,-17,1,-17,2,-17,1,-18,1,-18,1,-18,1,-18,1,-19,1,-19,2,-19,2,-19,2,-20,3,-20,3,-20,3,-20,4,-20,4,-20,4]"
CSI_DATA,44434,d8:b1:90:db:e8:90,-50,11,1,7,0,0,1,0,0,0,1,-95,0,8,0,694975172,0,100,0,128,1,"[100,-64,5,0,-17,-13,-17,-13,-17,-13,-17,-13,-17,-13,-17,-12,-17,-12,-17,-11,-17,-11,-17,-11,-17,-11,-17,-11,-17,-11,-17,-11,-17,-11,-18,-11,-18,-11,-17,-11,-17,-11,-16,-11,-16,-11,-15,-11,-15,-12,-14,-13,-14,-13,-4,-4,0,0,0,0,0,0,0,0,0,0,0,0,0,0,0,0,0,0,-3,-2,-10,-8,-10,-9,-11,-9,-11,-9,-11,-9,-12,-9,-12,-10,-12,-11,-11,-13,-11,-13,-12,-14,-12,-14,-13,-14,-13,-14,-13,-13,-14,-13,-14,-13,-14,-13,-15,-13,-15,-13,-15,-13,-16,-13,-16,-14,-16,-14,-16,-14,-16,-14]"
CSI_DATA,44435,d8:b1:90:db:e8:90,-50,11,1,7,0,0,1,0,0,0,1,-95,0,8,0,694994442,0,100,0,128,1,"[100,-64,5,0,-22,-6,-23,-6,-22,-6,-22,-6,-22,-5,-22,-5,-22,-4,-22,-4,-22,-4,-22,-4,-22,-3,-22,-3,-22,-2,-22,-2,-22,-2,-22,-2,-22,-3,-22,-3,-21,-3,-21,-3,-21,-3,-20,-3,-20,-4,-20,-5,-19,-6,-5,-2,0,0,0,0,0,0,0,0,0,0,0,0,0,0,0,0,0,0,-4,-1,-14,-3,-14,-3,-14,-4,-15,-5,-15,-5,-16,-5,-16,-6,-17,-7,-17,-7,-18,-7,-18,-7,-19,-7,-19,-8,-19,-8,-19,-7,-19,-7,-19,-7,-20,-7,-20,-7,-20,-7,-21,-7,-21,-7,-22,-7,-22,-7,-22,-7,-22,-7]"
CSI_DATA,44436,d8:b1:90:db:e8:90,-51,11,1,7,0,0,1,0,0,0,1,-94,0,8,0,695008850,0,100,0,128,1,"[100,-64,5,0,-25,-3,-25,-3,-25,-3,-25,-2,-25,-2,-25,-2,-25,-1,-24,-1,-24,-1,-24,0,-24,0,-24,0,-24,1,-24,0,-24,0,-24,0,-24,0,-24,-1,-23,-1,-23,-1,-23,-1,-22,-2,-22,-3,-22,-3,-22,-4,-6,-2,0,0,0,0,0,0,0,0,0,0,0,0,0,0,0,0,0,0,-4,-1,-16,-1,-16,-2,-16,-3,-16,-3,-17,-4,-17,-4,-18,-5,-19,-5,-19,-6,-20,-6,-21,-6,-21,-6,-21,-7,-22,-7,-22,-5,-22,-5,-22,-5,-23,-5,-23,-5,-24,-5,-24,-5,-25,-5,-25,-4,-25,-4,-25,-4,-25,-4]"
CSI_DATA,44437,d8:b1:90:db:e8:90,-51,11,1,7,0,0,1,0,0,0,1,-94,0,8,0,695025457,0,100,0,128,1,"[100,-64,5,0,16,-16,16,-15,16,-15,15,-16,15,-16,15,-16,14,-16,14,-16,13,-17,13,-17,13,-17,13,-18,12,-18,12,-18,12,-17,12,-17,12,-17,12,-17,12,-16,12,-16,12,-16,13,-15,13,-14,14,-14,14,-13,3,-4,0,0,0,0,0,0,0,0,0,0,0,0,0,0,0,0,0,0,2,-3,8,-11,8,-11,9,-11,10,-11,10,-11,11,-11,11,-11,12,-11,13,-11,14,-11,14,-12,15,-12,15,-12,16,-12,16,-12,16,-12,16,-12,16,-12,16,-13,16,-14,16,-14,17,-14,17,-15,17,-15,17,-15,17,-15]"
CSI_DATA,44438,d8:b1:90:db:e8:90,-51,11,1,7,0,0,1,0,0,0,1,-94,0,8,0,695035583,0,100,0,128,1,"[100,-64,5,0,19,16,19,16,19,15,19,14,19,14,19,13,19,13,20,12,20,12,20,11,20,11,21,10,21,10,21,10,21,10,20,10,20,10,19,10,19,10,19,10,19,10,18,10,18,11,17,12,17,12,4,3,0,0,0,0,0,0,0,0,0,0,0,0,0,0,0,0,0,0,3,1,12,8,12,8,12,9,12,10,12,11,12,11,13,12,13,12,13,13,14,14,14,15,14,16,14,16,14,16,14,16,15,17,15,17,15,17,16,17,17,16,17,17,17,16,18,16,18,16,18,17,18,16]"
CSI_DATA,44439,d8:b1:90:db:e8:90,-52,11,1,7,0,0,1,0,0,0,1,-94,0,8,0,695048906,0,100,0,128,1,"[100,-64,5,0,-1,-24,-1,-24,-1,-23,-2,-23,-3,-23,-3,-23,-4,-23,-5,-22,-6,-22,-6,-22,-7,-22,-7,-22,-6,-22,-6,-22,-6,-22,-6,-22,-6,-21,-6,-21,-6,-21,-5,-21,-5,-21,-4,-21,-3,-21,-3,-21,-2,-21,-1,-6,0,0,0,0,0,0,0,0,0,0,0,0,0,0,0,0,0,0,-1,-4,-3,-14,-3,-15,-2,-15,-2,-16,-2,-16,-1,-17,-1,-18,0,-18,0,-19,0,-20,0,-20,1,-21,1,-21,1,-21,1,-21,1,-21,1,-21,1,-22,1,-22,1,-23,1,-23,1,-23,0,-24,0,-24,0,-24,0,-24]"
CSI_DATA,44440,d8:b1:90:db:e8:90,-51,11,1,7,0,0,1,0,0,0,1,-94,0,8,0,695067551,0,100,0,128,1,"[100,-64,5,0,-2,21,-2,21,-2,21,-2,21,-1,21,-1,20,-1,20,0,20,1,20,1,20,1,20,2,20,2,20,2,20,2,19,2,19,2,19,1,19,1,19,1,18,1,18,0,18,0,18,-1,19,-2,19,-1,4,0,0,0,0,0,0,0,0,0,0,0,0,0,0,0,0,0,0,0,3,0,12,-1,12,-1,12,-1,14,-2,15,-3,15,-3,16,-4,16,-3,16,-4,17,-4,18,-4,18,-4,19,-4,19,-4,19,-4,19,-4,19,-4,20,-4,20,-4,20,-4,20,-3,20,-3,21,-3,21,-3,22,-3,21]"
CSI_DATA,44441,d8:b1:90:db:e8:90,-52,11,1,7,0,0,1,0,0,0,1,-94,0,8,0,695098492,0,100,0,128,1,"[100,-64,5,0,-23,-9,-23,-9,-22,-9,-22,-9,-22,-8,-22,-8,-22,-7,-22,-7,-22,-7,-22,-6,-22,-6,-22,-5,-22,-5,-22,-5,-22,-6,-22,-6,-22,-6,-21,-6,-21,-7,-21,-7,-21,-7,-21,-7,-20,-7,-20,-8,-19,-9,-5,-3,0,0,0,0,0,0,0,0,0,0,0,0,0,0,0,0,0,0,-4,-1,-15,-4,-15,-5,-16,-6,-16,-7,-16,-7,-16,-7,-17,-8,-17,-8,-18,-9,-19,-10,-19,-10,-19,-10,-19,-11,-19,-11,-19,-11,-20,-11,-20,-11,-20,-11,-21,-10,-21,-10,-21,-10,-22,-10,-22,-10,-22,-10,-22,-10,-22,-9]"
CSI_DATA,44442,d8:b1:90:db:e8:90,-52,11,1,7,0,0,1,0,0,0,1,-94,0,8,0,695113819,0,100,0,128,1,"[100,-64,5,0,-24,-4,-24,-4,-23,-4,-23,-3,-23,-3,-23,-2,-22,-2,-22,-1,-22,-1,-22,0,-23,0,-23,0,-23,1,-22,1,-22,1,-22,1,-21,1,-21,0,-21,0,-21,0,-21,0,-21,-1,-21,-1,-21,-2,-21,-3,-6,-1,0,0,0,0,0,0,0,0,0,0,0,0,0,0,0,0,0,0,-4,-1,-15,-1,-16,-1,-16,-2,-17,-3,-17,-3,-18,-4,-18,-4,-18,-5,-19,-5,-19,-6,-20,-6,-20,-6,-20,-7,-21,-7,-22,-6,-22,-6,-22,-6,-22,-6,-22,-5,-22,-5,-22,-6,-22,-6,-23,-5,-23,-5,-23,-5,-23,-6]"
CSI_DATA,44443,d8:b1:90:db:e8:90,-52,11,1,7,0,0,1,0,0,0,1,-94,0,8,0,695124043,0,100,0,128,1,"[100,-64,5,0,-7,22,-7,22,-7,22,-6,22,-5,22,-5,22,-4,21,-4,21,-3,21,-3,21,-2,21,-2,21,-2,21,-2,21,-2,21,-1,21,-1,21,-2,21,-2,20,-2,20,-3,20,-3,20,-4,20,-4,20,-5,20,-2,5,0,0,0,0,0,0,0,0,0,0,0,0,0,0,0,0,0,0,-1,3,-3,14,-3,14,-4,15,-5,15,-5,15,-6,16,-7,16,-7,17,-8,17,-8,18,-8,18,-8,18,-9,19,-9,19,-9,20,-9,20,-9,20,-9,21,-8,20,-8,20,-8,20,-8,21,-8,21,-8,22,-8,22,-8,21]"
CSI_DATA,44444,d8:b1:90:db:e8:90,-52,11,1,7,0,0,1,0,0,0,1,-94,0,8,0,695135613,0,100,0,128,1,"[100,-64,5,0,2,24,2,23,2,23,2,22,2,22,3,21,3,21,3,21,4,21,4,20,4,20,5,20,5,20,5,20,5,20,5,20,5,20,4,20,4,20,4,20,4,20,3,20,3,20,2,20,1,20,0,5,0,0,0,0,0,0,0,0,0,0,0,0,0,0,0,0,0,0,1,3,4,14,3,14,3,15,3,15,2,16,2,17,2,18,1,18,1,19,1,19,1,20,1,20,1,21,0,21,0,21,0,21,0,22,1,22,1,22,1,22,1,22,1,22,1,23,2,23,2,23,1,23]"
CSI_DATA,44445,d8:b1:90:db:e8:90,-52,11,1,7,0,0,1,0,0,0,1,-94,0,8,0,695154886,0,100,0,128,1,"[100,-64,5,0,3,22,3,22,3,22,4,21,4,21,4,21,5,20,6,20,6,20,6,20,7,19,8,19,8,19,9,19,9,19,9,19,9,19,8,19,8,19,7,19,7,19,6,19,6,19,5,19,5,19,1,4,0,0,0,0,0,0,0,0,0,0,0,0,0,0,0,0,0,0,1,3,4,14,4,14,3,14,3,15,3,15,2,16,2,17,2,18,1,19,1,19,1,20,1,20,0,21,0,21,0,20,0,20,0,20,1,21,1,22,2,22,2,22,2,23,3,23,3,23,3,23,3,23]"
CSI_DATA,44446,d8:b1:90:db:e8:90,-52,11,1,7,0,0,1,0,0,0,1,-94,0,8,0,695166207,0,100,0,128,1,"[100,-64,5,0,-15,-15,-15,-15,-15,-15,-15,-14,-15,-14,-15,-14,-15,-13,-16,-12,-16,-12,-16,-12,-16,-11,-17,-10,-17,-10,-17,-10,-17,-10,-17,-10,-17,-10,-16,-10,-16,-11,-16,-11,-16,-11,-15,-11,-15,-11,-14,-12,-14,-13,-4,-4,0,0,0,0,0,0,0,0,0,0,0,0,0,0,0,0,0,0,-4,-3,-13,-8,-12,-8,-12,-10,-13,-11,-13,-11,-12,-11,-12,-12,-12,-13,-12,-13,-12,-14,-13,-14,-13,-15,-12,-15,-12,-16,-12,-15,-13,-15,-13,-15,-13,-16,-13,-16,-14,-16,-14,-16,-14,-16,-15,-15,-15,-15,-15,-15,-15,-16]"
CSI_DATA,44447,d8:b1:90:db:e8:90,-52,11,1,7,0,0,1,0,0,0,1,-94,0,8,0,695201515,0,100,0,128,1,"[100,-64,5,0,21,7,21,7,21,7,21,6,21,5,21,5,21,4,21,4,21,4,21,3,21,3,21,2,22,2,22,2,21,2,21,2,21,2,20,2,20,2,20,2,20,2,20,2,19,3,19,4,19,5,4,1,0,0,0,0,0,0,0,0,0,0,0,0,0,0,0,0,0,0,3,0,14,1,15,2,15,3,15,4,15,4,16,4,16,5,17,6,18,7,18,8,18,8,18,9,19,10,19,10,18,10,18,10,18,10,19,9,19,8,19,8,20,8,20,8,21,8,21,8,21,8,21,8]"
CSI_DATA,44448,d8:b1:90:db:e8:90,-52,11,1,7,0,0,1,0,0,0,1,-94,0,8,0,695218067,0,100,0,128,1,"[100,-64,5,0,22,1,22,0,22,0,23,0,22,0,22,-1,22,-1,21,-2,21,-2,21,-3,21,-3,21,-4,21,-4,21,-4,21,-4,21,-5,21,-5,21,-4,20,-4,20,-4,20,-3,20,-3,20,-3,20,-2,20,-1,5,-1,0,0,0,0,0,0,0,0,0,0,0,0,0,0,0,0,0,0,3,-1,14,-2,14,-2,15,-1,15,-1,16,-1,17,0,17,0,17,1,18,1,18,2,19,2,19,3,20,3,20,3,20,3,20,3,20,3,20,3,21,3,21,3,22,2,22,2,23,2,23,2,23,2,23,2]"
CSI_DATA,44449,d8:b1:90:db:e8:90,-51,11,1,7,0,0,1,0,0,0,1,-94,0,8,0,695228195,0,100,0,128,1,"[100,-64,5,0,-14,25,-14,25,-13,24,-12,24,-12,24,-11,23,-10,24,-9,24,-9,24,-9,24,-9,24,-8,24,-8,24,-8,24,-8,24,-8,24,-8,23,-8,23,-8,23,-8,23,-9,23,-9,22,-10,22,-11,21,-12,21,-3,5,0,0,0,0,0,0,0,0,0,0,0,0,0,0,0,0,0,0,-2,4,-6,16,-7,16,-7,17,-8,17,-9,18,-9,18,-10,19,-11,19,-12,20,-13,20,-14,20,-15,19,-16,20,-16,20,-15,20,-15,20,-16,20,-16,21,-15,22,-15,23,-15,23,-15,23,-14,23,-14,23,-14,24,-14,24]"
CSI_DATA,44450,d8:b1:90:db:e8:90,-51,11,1,7,0,0,1,0,0,0,1,-94,0,8,0,695244898,0,100,0,128,1,"[100,-64,5,0,3,23,3,23,3,23,4,22,5,22,5,22,6,21,6,20,6,20,6,20,7,20,7,20,7,20,8,20,8,20,7,20,7,20,7,20,7,20,7,20,6,20,5,20,5,20,4,20,3,20,0,5,0,0,0,0,0,0,0,0,0,0,0,0,0,0,0,0,0,0,0,3,3,14,2,14,2,15,2,15,2,16,1,17,1,17,1,17,0,18,0,19,-1,20,-1,20,-1,21,-1,21,-1,21,-1,22,-1,22,-1,22,0,22,1,22,1,22,1,22,2,23,2,23,2,23,2,23]"
CSI_DATA,44451,d8:b1:90:db:e8:90,-52,11,1,7,0,0,1,0,0,0,1,-94,0,8,0,695255231,0,100,0,128,1,"[100,-64,5,0,18,-14,18,-14,18,-15,17,-15,16,-15,16,-15,15,-15,15,-15,14,-15,14,-16,14,-16,14,-16,14,-17,13,-17,14,-17,14,-17,14,-16,14,-16,14,-16,14,-15,14,-15,14,-14,15,-14,15,-13,16,-13,4,-3,0,0,0,0,0,0,0,0,0,0,0,0,0,0,0,0,0,0,2,-3,10,-10,10,-10,11,-10,12,-10,12,-10,13,-10,14,-10,14,-10,15,-10,16,-10,17,-10,17,-10,18,-10,18,-10,18,-10,18,-10,19,-10,19,-11,18,-12,18,-12,18,-12,18,-13,18,-13,18,-13,18,-13,19,-14]"
CSI_DATA,44452,d8:b1:90:db:e8:90,-51,11,1,7,0,0,1,0,0,0,1,-94,0,8,0,695265248,0,100,0,128,1,"[100,-64,5,0,-20,21,-20,21,-19,21,-18,20,-18,20,-17,20,-17,20,-16,20,-15,21,-15,21,-15,21,-14,21,-14,21,-14,21,-14,21,-14,22,-13,22,-13,21,-14,21,-14,20,-14,20,-15,19,-15,19,-16,18,-16,18,-5,4,0,0,0,0,0,0,0,0,0,0,0,0,0,0,0,0,0,0,-3,3,-10,14,-11,14,-13,14,-13,15,-13,14,-14,13,-16,13,-17,15,-17,15,-18,15,-18,15,-18,15,-19,15,-19,15,-19,16,-19,17,-19,17,-19,17,-19,18,-19,18,-19,19,-19,19,-19,19,-19,20,-19,20,-20,20]"
CSI_DATA,44453,d8:b1:90:db:e8:90,-52,11,1,7,0,0,1,0,0,0,1,-94,0,8,0,695277877,0,100,0,128,1,"[100,-64,5,0,16,-14,16,-14,16,-14,15,-14,14,-14,14,-14,14,-14,13,-14,13,-14,12,-15,12,-15,12,-15,12,-15,12,-15,12,-15,12,-15,11,-15,11,-15,11,-15,12,-14,12,-14,12,-14,12,-13,13,-13,13,-12,3,-3,0,0,0,0,0,0,0,0,0,0,0,0,0,0,0,0,0,0,2,-3,8,-10,8,-10,8,-10,9,-11,10,-10,11,-10,13,-10,14,-10,14,-10,14,-10,14,-10,15,-10,15,-10,15,-10,15,-11,15,-11,15,-11,15,-11,15,-12,15,-12,16,-12,16,-13,16,-13,16,-13,16,-13,16,-13]"
CSI_DATA,44454,d8:b1:90:db:e8:90,-52,11,1,7,0,0,1,0,0,0,1,-94,0,8,0,695303290,0,100,0,128,1,"[100,-64,5,0,22,4,23,4,22,4,22,3,22,3,21,2,21,2,21,2,21,1,21,1,21,0,21,0,21,-1,21,-1,21,0,21,0,21,0,21,0,20,0,20,0,20,0,20,1,19,1,19,2,19,3,4,0,0,0,0,0,0,0,0,0,0,0,0,0,0,0,0,0,0,0,3,0,14,0,14,0,14,1,14,1,15,2,16,2,16,3,17,4,17,4,17,5,17,5,18,5,18,6,19,6,19,6,19,6,20,6,20,6,20,6,21,5,21,5,21,5,21,5,21,5,21,5,22,5]"
CSI_DATA,44455,d8:b1:90:db:e8:90,-51,11,1,7,0,0,1,0,0,0,1,-94,0,8,0,695314452,0,100,0,128,1,"[100,-64,5,0,-19,21,-18,21,-18,21,-17,20,-16,20,-16,20,-15,20,-15,21,-14,21,-14,22,-14,22,-13,22,-13,22,-13,22,-12,22,-12,22,-12,22,-12,21,-12,21,-13,21,-13,20,-14,20,-14,20,-15,20,-16,19,-4,4,0,0,0,0,0,0,0,0,0,0,0,0,0,0,0,0,0,0,-2,3,-9,14,-9,14,-10,14,-11,14,-12,15,-13,15,-14,16,-15,16,-16,16,-17,16,-18,17,-18,17,-19,17,-19,17,-19,17,-19,17,-19,17,-19,17,-18,18,-18,18,-18,19,-18,19,-19,20,-19,20,-19,20,-19,20]"
CSI_DATA,44456,d8:b1:90:db:e8:90,-51,11,1,7,0,0,1,0,0,0,1,-94,0,8,0,695326748,0,100,0,128,1,"[100,-64,5,0,-7,27,-7,27,-6,27,-5,26,-5,25,-4,25,-4,25,-3,25,-2,25,-2,25,-2,25,-1,25,-1,25,0,25,0,26,0,26,0,25,-1,25,-1,24,-1,24,-2,24,-3,24,-4,24,-4,24,-5,24,-2,6,0,0,0,0,0,0,0,0,0,0,0,0,0,0,0,0,0,0,-1,4,-1,17,-2,17,-2,18,-3,18,-3,19,-4,20,-5,20,-6,21,-6,22,-7,22,-8,23,-8,23,-8,24,-8,24,-8,24,-8,24,-8,24,-8,24,-8,24,-7,24,-7,25,-7,25,-7,26,-7,27,-7,27,-7,26]"
CSI_DATA,44457,d8:b1:90:db:e8:90,-52,11,1,7,0,0,1,0,0,0,1,-94,0,8,0,695345114,0,100,0,128,1,"[100,-64,5,0,-23,-6,-23,-6,-23,-6,-22,-5,-22,-5,-22,-4,-22,-4,-22,-3,-22,-3,-22,-2,-22,-2,-22,-1,-22,-1,-22,-1,-22,-1,-22,-1,-21,-2,-21,-2,-21,-2,-21,-2,-21,-2,-21,-3,-21,-3,-20,-3,-20,-4,-5,-1,0,0,0,0,0,0,0,0,0,0,0,0,0,0,0,0,0,0,-4,-1,-15,-2,-15,-3,-15,-3,-15,-4,-16,-5,-16,-5,-17,-5,-17,-6,-18,-6,-18,-7,-19,-7,-19,-7,-19,-8,-19,-8,-19,-8,-20,-8,-20,-8,-20,-8,-20,-8,-20,-8,-21,-8,-21,-8,-22,-7,-22,-7,-22,-7,-22,-7]"
CSI_DATA,44458,d8:b1:90:db:e8:90,-52,11,1,7,0,0,1,0,0,0,1,-94,0,8,0,695355160,0,100,0,128,1,"[100,-64,5,0,-12,-21,-12,-21,-12,-21,-13,-20,-13,-20,-13,-20,-14,-19,-14,-18,-14,-18,-15,-18,-15,-17,-15,-17,-15,-17,-15,-16,-15,-16,-15,-16,-15,-16,-15,-16,-14,-16,-14,-16,-14,-16,-13,-16,-13,-16,-13,-17,-12,-18,-3,-5,0,0,0,0,0,0,0,0,0,0,0,0,0,0,0,0,0,0,-3,-3,-10,-11,-10,-12,-10,-12,-10,-13,-9,-14,-9,-14,-9,-15,-9,-16,-9,-17,-9,-17,-10,-18,-10,-18,-10,-19,-10,-19,-10,-19,-10,-19,-10,-19,-10,-20,-10,-20,-10,-20,-11,-20,-11,-20,-11,-20,-12,-21,-11,-20,-11,-20]"
CSI_DATA,44459,d8:b1:90:db:e8:90,-52,11,1,7,0,0,1,0,0,0,1,-94,0,8,0,695366998,0,100,0,128,1,"[100,-64,5,0,-19,-15,-19,-15,-19,-14,-19,-13,-19,-13,-19,-13,-19,-12,-19,-12,-20,-11,-20,-10,-20,-10,-20,-10,-21,-10,-20,-10,-20,-10,-20,-10,-20,-10,-19,-11,-19,-11,-18,-11,-18,-11,-18,-11,-17,-12,-17,-12,-16,-13,-4,-4,0,0,0,0,0,0,0,0,0,0,0,0,0,0,0,0,0,0,-4,-2,-13,-8,-13,-8,-14,-8,-14,-9,-14,-9,-14,-10,-15,-10,-15,-11,-15,-11,-16,-12,-16,-12,-16,-13,-16,-14,-16,-14,-16,-14,-17,-14,-17,-15,-17,-15,-17,-15,-17,-15,-18,-15,-18,-15,-19,-15,-19,-15,-19,-15,-18,-15]"
CSI_DATA,44460,d8:b1:90:db:e8:90,-52,11,1,7,0,0,1,0,0,0,1,-94,0,8,0,695386706,0,100,0,128,1,"[100,-64,5,0,15,-17,15,-17,15,-17,14,-18,13,-18,13,-18,12,-18,12,-18,11,-19,11,-19,11,-19,11,-19,10,-19,10,-20,10,-19,11,-19,11,-19,11,-18,11,-18,11,-17,11,-17,11,-16,12,-16,12,-15,13,-15,3,-4,0,0,0,0,0,0,0,0,0,0,0,0,0,0,0,0,0,0,2,-3,8,-12,8,-12,8,-12,9,-12,10,-12,10,-13,10,-14,11,-14,12,-13,12,-14,13,-14,14,-14,14,-14,14,-14,15,-15,15,-15,15,-15,15,-15,15,-15,15,-16,15,-16,15,-16,15,-17,16,-17,16,-17,15,-17]"
CSI_DATA,44461,d8:b1:90:db:e8:90,-52,11,1,7,0,0,1,0,0,0,1,-94,0,8,0,695409551,0,100,0,128,1,"[100,-64,5,0,18,-12,18,-12,18,-12,18,-12,18,-13,17,-13,17,-14,16,-14,16,-14,16,-14,16,-14,16,-14,15,-15,15,-15,15,-14,15,-14,15,-14,15,-14,15,-14,15,-14,15,-13,15,-12,15,-12,16,-11,17,-11,4,-3,0,0,0,0,0,0,0,0,0,0,0,0,0,0,0,0,0,0,2,-2,11,-8,11,-8,12,-9,12,-9,13,-9,13,-9,14,-9,14,-9,15,-9,16,-9,17,-8,17,-8,18,-8,18,-8,19,-9,19,-9,19,-9,19,-10,19,-10,18,-10,18,-10,19,-11,19,-11,20,-11,20,-11,20,-11]"
CSI_DATA,44462,d8:b1:90:db:e8:90,-53,11,1,7,0,0,1,0,0,0,1,-93,0,8,0,695421817,0,100,0,128,1,"[100,-64,5,0,20,-11,20,-11,20,-11,19,-11,19,-11,18,-11,18,-12,18,-13,18,-13,17,-14,17,-14,17,-14,17,-14,17,-14,17,-14,17,-14,17,-14,17,-14,17,-13,17,-13,17,-12,17,-12,17,-11,17,-11,18,-10,4,-3,0,0,0,0,0,0,0,0,0,0,0,0,0,0,0,0,0,0,2,-3,11,-9,12,-9,13,-8,14,-8,14,-8,15,-8,15,-8,16,-8,17,-7,18,-8,18,-8,18,-8,19,-8,19,-8,19,-8,19,-8,19,-8,20,-8,20,-9,20,-9,20,-10,20,-10,20,-10,20,-10,20,-10,20,-10]"
CSI_DATA,44463,d8:b1:90:db:e8:90,-53,11,1,7,0,0,1,0,0,0,1,-93,0,8,0,695434617,0,100,0,128,1,"[100,-64,5,0,24,-13,24,-13,23,-13,22,-14,22,-14,21,-14,21,-15,20,-15,19,-15,19,-15,19,-16,19,-17,18,-18,18,-18,18,-18,18,-18,17,-17,17,-17,17,-17,17,-17,18,-16,18,-16,18,-15,18,-15,19,-14,4,-4,0,0,0,0,0,0,0,0,0,0,0,0,0,0,0,0,0,0,3,-3,13,-12,14,-11,14,-11,15,-11,16,-11,17,-11,18,-11,19,-11,19,-11,20,-10,21,-10,22,-10,23,-10,23,-10,22,-9,22,-9,22,-9,23,-10,23,-10,23,-10,23,-11,23,-11,23,-11,24,-11,24,-11,24,-11]"
CSI_DATA,44464,d8:b1:90:db:e8:90,-53,11,1,7,0,0,1,0,0,0,1,-93,0,8,0,695444915,0,100,0,128,1,"[100,-64,5,0,-24,-15,-23,-15,-23,-14,-24,-13,-24,-12,-24,-12,-24,-11,-23,-11,-23,-10,-24,-9,-24,-8,-25,-8,-25,-8,-25,-8,-25,-8,-25,-7,-25,-7,-24,-8,-24,-8,-24,-8,-23,-8,-23,-8,-23,-9,-23,-10,-22,-11,-6,-3,0,0,0,0,0,0,0,0,0,0,0,0,0,0,0,0,0,0,-5,-2,-17,-6,-17,-6,-17,-7,-17,-8,-18,-8,-18,-9,-19,-10,-19,-11,-19,-12,-20,-13,-21,-13,-21,-14,-21,-15,-21,-15,-20,-15,-20,-15,-20,-15,-21,-15,-21,-15,-21,-15,-21,-15,-22,-15,-22,-15,-23,-14,-23,-15,-23,-15]"
CSI_DATA,44465,d8:b1:90:db:e8:90,-54,11,1,7,0,0,1,0,0,0,1,-93,0,8,0,695456429,0,100,0,128,1,"[100,-64,5,0,21,-4,21,-4,20,-5,21,-7,21,-7,20,-7,19,-8,19,-9,19,-9,18,-9,18,-10,18,-11,18,-11,17,-10,17,-11,18,-12,18,-11,17,-10,16,-11,17,-11,17,-10,16,-9,16,-10,18,-9,19,-8,4,-2,0,0,0,0,0,0,0,0,0,0,0,0,0,0,0,0,0,0,3,-1,15,-2,13,-1,13,-2,15,-2,16,0,15,0,15,-1,17,-2,18,0,17,0,18,-1,19,-1,20,0,19,0,19,-1,20,0,20,0,19,0,19,-1,21,-2,21,-1,21,-1,21,-3,21,-3,22,-3,22,-2]"
CSI_DATA,44466,d8:b1:90:db:e8:90,-53,11,1,7,0,0,1,0,0,0,1,-93,0,8,0,695466631,0,100,0,128,1,"[100,-64,5,0,15,21,15,21,15,21,16,20,16,19,16,19,17,18,17,18,17,17,17,17,18,17,18,16,18,16,18,16,18,16,18,16,18,16,17,16,17,16,16,16,16,16,15,16,14,17,14,18,13,19,3,4,0,0,0,0,0,0,0,0,0,0,0,0,0,0,0,0,0,0,3,2,12,12,12,12,11,13,11,13,11,14,11,15,11,16,11,16,12,17,12,18,12,19,12,19,12,20,12,20,12,20,11,20,12,20,12,20,12,21,12,21,13,21,13,21,14,21,14,21,14,22,14,21]"
CSI_DATA,44467,d8:b1:90:db:e8:90,-54,11,1,7,0,0,1,0,0,0,1,-93,0,8,0,695485057,0,100,0,128,1,"[100,-64,5,0,14,-14,14,-14,14,-14,14,-14,13,-14,12,-14,12,-14,12,-14,11,-14,11,-15,11,-15,10,-15,10,-15,10,-15,10,-15,10,-15,10,-15,10,-14,10,-14,10,-14,10,-14,10,-14,11,-13,11,-13,12,-12,3,-3,0,0,0,0,0,0,0,0,0,0,0,0,0,0,0,0,0,0,2,-3,8,-10,8,-10,9,-10,11,-9,12,-8,11,-8,12,-8,12,-8,13,-9,14,-8,14,-9,15,-9,15,-9,15,-9,15,-9,15,-9,15,-9,15,-10,15,-11,15,-11,15,-11,15,-12,15,-12,15,-13,15,-13,15,-12]"
CSI_DATA,44468,d8:b1:90:db:e8:90,-52,11,1,7,0,0,1,0,0,0,1,-93,0,8,0,695508305,0,100,0,128,1,"[100,-64,5,0,-25,-17,-25,-16,-24,-16,-24,-15,-24,-14,-24,-14,-24,-13,-25,-13,-25,-12,-25,-12,-25,-11,-26,-10,-26,-9,-26,-9,-26,-9,-26,-10,-25,-10,-25,-10,-24,-10,-24,-9,-24,-9,-24,-10,-23,-10,-21,-11,-21,-12,-5,-3,0,0,0,0,0,0,0,0,0,0,0,0,0,0,0,0,0,0,-5,-2,-18,-8,-17,-10,-17,-11,-18,-12,-18,-13,-18,-13,-18,-14,-19,-15,-19,-16,-19,-17,-19,-18,-19,-19,-19,-19,-20,-20,-20,-20,-21,-19,-21,-19,-21,-19,-22,-18,-23,-17,-23,-17,-24,-17,-24,-17,-24,-17,-24,-17,-24,-17]"
CSI_DATA,44469,d8:b1:90:db:e8:90,-53,11,1,7,0,0,1,0,0,0,1,-93,0,8,0,695522973,0,100,0,128,1,"[100,-64,5,0,-16,22,-15,22,-14,22,-14,21,-14,22,-13,22,-12,22,-11,22,-10,22,-10,22,-9,23,-9,23,-8,23,-8,23,-8,23,-8,24,-8,24,-8,23,-8,23,-8,23,-9,22,-9,22,-10,22,-10,21,-11,21,-3,5,0,0,0,0,0,0,0,0,0,0,0,0,0,0,0,0,0,0,-2,4,-7,16,-7,16,-8,16,-9,16,-10,16,-10,17,-11,17,-12,17,-13,18,-14,18,-14,18,-15,18,-15,18,-16,18,-16,18,-17,19,-17,19,-17,19,-17,19,-16,20,-16,20,-16,20,-16,21,-15,21,-15,21,-15,21]"
CSI_DATA,44470,d8:b1:90:db:e8:90,-53,11,1,7,0,0,1,0,0,0,1,-93,0,8,0,695533626,0,100,0,128,1,"[100,-64,5,0,-16,21,-16,21,-16,21,-15,21,-15,21,-14,21,-13,21,-12,21,-12,22,-12,22,-11,22,-10,22,-9,22,-9,22,-9,23,-9,23,-9,23,-9,23,-9,23,-9,22,-10,22,-11,22,-11,21,-12,20,-12,20,-4,5,0,0,0,0,0,0,0,0,0,0,0,0,0,0,0,0,0,0,-2,3,-8,15,-8,15,-9,15,-10,15,-11,16,-12,16,-13,16,-13,17,-14,17,-15,17,-16,17,-16,17,-17,17,-17,17,-18,17,-18,18,-18,18,-18,18,-18,18,-18,19,-17,19,-17,19,-17,20,-17,20,-17,20,-17,20]"
CSI_DATA,44471,d8:b1:90:db:e8:90,-53,11,1,7,0,0,1,0,0,0,1,-93,0,8,0,695545099,0,100,0,128,1,"[100,-64,5,0,-5,-28,-5,-27,-6,-27,-6,-26,-7,-26,-7,-25,-7,-25,-8,-25,-8,-24,-9,-24,-10,-24,-10,-24,-10,-24,-10,-24,-10,-24,-10,-24,-9,-24,-9,-24,-8,-24,-8,-24,-8,-23,-7,-23,-7,-23,-6,-23,-5,-24,-2,-6,0,0,0,0,0,0,0,0,0,0,0,0,0,0,0,0,0,0,-2,-5,-6,-17,-6,-18,-5,-18,-5,-19,-5,-20,-4,-20,-4,-21,-4,-22,-4,-23,-3,-24,-3,-24,-3,-24,-2,-25,-2,-25,-3,-25,-3,-25,-3,-25,-4,-25,-4,-26,-4,-27,-4,-27,-4,-27,-4,-27,-5,-27,-5,-27,-4,-27]"
CSI_DATA,44472,d8:b1:90:db:e8:90,-53,11,1,7,0,0,1,0,0,0,1,-93,0,8,0,695556887,0,100,0,128,1,"[100,-64,5,0,-12,19,-11,19,-11,19,-10,19,-10,19,-9,19,-9,19,-8,19,-8,19,-8,19,-8,19,-7,19,-7,19,-7,19,-7,19,-7,19,-7,19,-7,19,-8,19,-8,19,-8,18,-9,18,-9,17,-10,17,-10,16,-3,4,0,0,0,0,0,0,0,0,0,0,0,0,0,0,0,0,0,0,-1,3,-5,13,-5,13,-6,14,-7,14,-7,14,-8,15,-8,16,-8,16,-9,16,-10,16,-11,16,-11,16,-12,16,-12,16,-11,16,-11,16,-11,17,-11,17,-11,18,-12,19,-12,19,-12,19,-12,19,-12,19,-12,19,-12,19]"
CSI_DATA,44473,d8:b1:90:db:e8:90,-53,11,1,7,0,0,1,0,0,0,1,-93,0,8,0,695576496,0,100,0,128,1,"[100,-64,5,0,20,-2,20,-2,20,-2,19,-2,19,-2,19,-2,19,-3,19,-4,19,-4,19,-5,19,-5,18,-6,18,-6,18,-6,18,-6,18,-6,18,-5,17,-5,17,-5,17,-5,18,-5,18,-4,18,-4,18,-3,18,-2,4,-1,0,0,0,0,0,0,0,0,0,0,0,0,0,0,0,0,0,0,3,-2,12,-5,13,-4,14,-3,15,-2,15,-2,15,-2,15,-1,16,-1,17,-2,17,-1,18,0,18,0,19,0,19,0,19,1,19,1,19,0,19,0,19,0,19,0,20,0,20,0,20,-1,21,-1,21,-1,20,-1]"
CSI_DATA,44474,d8:b1:90:db:e8:90,-53,11,1,7,0,0,1,0,0,0,1,-93,0,8,0,695610171,0,100,0,128,1,"[100,-64,5,0,-14,-19,-15,-19,-15,-18,-15,-18,-15,-16,-16,-16,-16,-16,-16,-15,-16,-14,-17,-14,-17,-14,-17,-13,-18,-13,-17,-14,-17,-13,-19,-13,-19,-14,-18,-14,-18,-12,-18,-12,-17,-12,-16,-12,-16,-13,-15,-14,-14,-14,-4,-4,0,0,0,0,0,0,0,0,0,0,0,0,0,0,0,0,0,0,-3,-4,-9,-14,-8,-13,-9,-13,-10,-15,-8,-15,-8,-14,-9,-16,-8,-18,-8,-17,-9,-18,-8,-19,-8,-19,-9,-19,-9,-20,-9,-20,-10,-19,-11,-19,-11,-20,-11,-19,-13,-19,-13,-19,-13,-19,-13,-19,-13,-19,-13,-20,-13,-19]"
CSI_DATA,44475,d8:b1:90:db:e8:90,-53,11,1,7,0,0,1,0,0,0,1,-93,0,8,0,695625035,0,100,0,128,1,"[100,-64,5,0,-23,-5,-23,-5,-23,-5,-23,-5,-22,-5,-22,-4,-22,-4,-22,-3,-22,-2,-22,-2,-22,-1,-22,0,-22,0,-22,-1,-22,-1,-22,-1,-21,-2,-21,-2,-21,-2,-21,-3,-21,-3,-20,-3,-20,-3,-20,-4,-20,-5,-5,-2,0,0,0,0,0,0,0,0,0,0,0,0,0,0,0,0,0,0,-4,0,-15,0,-15,-1,-15,-2,-16,-2,-16,-3,-16,-3,-17,-3,-18,-4,-18,-5,-19,-5,-19,-6,-19,-6,-20,-7,-20,-7,-20,-7,-20,-7,-20,-7,-21,-7,-21,-7,-22,-6,-22,-7,-22,-6,-22,-6,-23,-5,-23,-5,-23,-5]"
CSI_DATA,44476,d8:b1:90:db:e8:90,-53,11,1,7,0,0,1,0,0,0,1,-93,0,8,0,695638747,0,100,0,128,1,"[100,-64,5,0,-17,22,-17,22,-16,22,-16,22,-15,22,-15,21,-14,22,-13,22,-12,22,-12,22,-12,23,-11,23,-11,23,-11,23,-11,23,-11,23,-11,22,-12,22,-12,22,-12,21,-12,20,-13,20,-13,20,-14,19,-14,19,-4,4,0,0,0,0,0,0,0,0,0,0,0,0,0,0,0,0,0,0,-2,4,-7,16,-8,16,-9,15,-10,15,-11,16,-12,16,-13,17,-13,17,-14,17,-15,18,-17,17,-17,17,-18,17,-18,17,-17,18,-17,18,-18,18,-18,19,-18,20,-18,20,-18,20,-17,21,-17,21,-17,21,-17,21,-17,21]"
CSI_DATA,44477,d8:b1:90:db:e8:90,-53,11,1,7,0,0,1,0,0,0,1,-93,0,8,0,695651147,0,100,0,128,1,"[100,-64,5,0,20,-10,20,-10,20,-10,19,-10,19,-10,19,-11,18,-11,18,-11,18,-12,17,-12,17,-13,17,-13,16,-13,16,-13,16,-13,16,-13,16,-13,16,-13,16,-13,17,-13,17,-13,17,-12,17,-12,17,-11,17,-10,4,-3,0,0,0,0,0,0,0,0,0,0,0,0,0,0,0,0,0,0,3,-2,12,-8,12,-8,13,-7,14,-7,15,-7,15,-7,16,-7,16,-7,17,-7,18,-7,19,-6,19,-6,19,-6,19,-5,20,-5,20,-5,20,-6,20,-6,20,-7,20,-7,21,-8,21,-8,20,-9,20,-9,20,-9,21,-9]"
CSI_DATA,44478,d8:b1:90:db:e8:90,-53,11,1,7,0,0,1,0,0,0,1,-93,0,8,0,695662496,0,100,0,128,1,"[100,-64,5,0,22,15,23,15,23,14,23,14,23,14,23,13,23,12,22,12,22,11,23,11,23,11,23,10,24,10,23,11,23,10,23,10,23,9,23,9,22,10,22,10,21,10,21,11,21,11,20,11,20,12,5,3,0,0,0,0,0,0,0,0,0,0,0,0,0,0,0,0,0,0,4,1,16,6,16,7,16,8,16,9,17,10,17,10,17,11,17,12,18,13,18,14,18,15,18,16,18,16,18,17,18,17,18,17,18,17,19,17,20,16,21,16,21,16,21,16,22,16,22,16,22,16,22,16]"
CSI_DATA,44479,d8:b1:90:db:e8:90,-53,11,1,7,0,0,1,0,0,0,1,-93,0,8,0,695674978,0,100,0,128,1,"[100,-64,5,0,10,-25,11,-25,10,-25,9,-25,9,-25,9,-25,8,-25,7,-25,6,-25,7,-25,6,-24,5,-25,5,-26,6,-25,5,-25,4,-25,5,-25,5,-24,4,-24,5,-24,5,-24,6,-23,6,-23,7,-23,8,-23,2,-6,0,0,0,0,0,0,0,0,0,0,0,0,0,0,0,0,0,0,1,-5,4,-18,5,-18,5,-18,6,-18,7,-19,8,-19,9,-19,10,-20,11,-20,11,-20,12,-20,13,-21,13,-21,14,-21,14,-21,14,-21,14,-21,14,-22,13,-23,12,-23,12,-24,12,-24,12,-24,12,-24,12,-25,12,-25]"
CSI_DATA,44480,d8:b1:90:db:e8:90,-53,11,1,7,0,0,1,0,0,0,1,-93,0,8,0,695686656,0,100,0,128,1,"[100,-64,5,0,-26,-18,-26,-18,-26,-18,-26,-17,-26,-16,-26,-16,-26,-15,-26,-14,-27,-14,-27,-13,-27,-12,-27,-12,-27,-11,-27,-12,-27,-12,-27,-12,-27,-12,-26,-12,-26,-12,-25,-12,-25,-12,-25,-13,-24,-13,-24,-14,-23,-15,-6,-4,0,0,0,0,0,0,0,0,0,0,0,0,0,0,0,0,0,0,-5,-3,-18,-10,-17,-11,-17,-12,-18,-12,-19,-13,-18,-14,-18,-13,-18,-14,-20,-16,-21,-17,-21,-19,-21,-20,-21,-20,-20,-20,-20,-20,-21,-20,-21,-20,-22,-20,-22,-20,-23,-20,-23,-20,-24,-20,-24,-20,-24,-20,-24,-19,-24,-19]"
CSI_DATA,44481,d8:b1:90:db:e8:90,-53,11,1,7,0,0,1,0,0,0,1,-93,0,8,0,695712502,0,100,0,128,1,"[100,-64,5,0,22,-4,22,-4,22,-4,21,-4,21,-4,21,-4,21,-5,20,-6,20,-6,20,-7,20,-7,20,-7,20,-7,20,-7,20,-7,20,-7,20,-7,19,-6,19,-6,19,-6,19,-5,19,-5,19,-5,19,-4,20,-3,5,-1,0,0,0,0,0,0,0,0,0,0,0,0,0,0,0,0,0,0,3,-2,13,-5,14,-5,14,-4,15,-4,15,-4,16,-3,16,-3,17,-3,18,-2,19,-2,19,-2,20,-1,20,-1,20,-1,20,-1,20,-1,20,-1,21,-1,21,-1,21,-1,22,-1,22,-1,22,-2,21,-2,22,-2,22,-2]"
CSI_DATA,44482,d8:b1:90:db:e8:90,-53,11,1,7,0,0,1,0,0,0,1,-93,0,8,0,695726906,0,100,0,128,1,"[100,-64,5,0,9,-27,9,-27,8,-26,7,-26,6,-26,6,-26,5,-26,5,-26,4,-26,4,-26,3,-26,3,-26,2,-26,2,-26,2,-26,2,-26,2,-26,2,-26,2,-26,2,-24,2,-23,3,-22,3,-22,5,-21,6,-21,1,-6,0,0,0,0,0,0,0,0,0,0,0,0,0,0,0,0,0,0,0,-5,2,-18,2,-18,3,-18,4,-19,5,-19,5,-20,6,-21,7,-21,8,-22,8,-22,9,-22,9,-22,10,-22,11,-23,11,-23,11,-23,11,-23,11,-24,11,-24,11,-25,11,-25,11,-26,10,-26,10,-26,10,-26,10,-26]"
CSI_DATA,44483,d8:b1:90:db:e8:90,-53,11,1,7,0,0,1,0,0,0,1,-93,0,8,0,695740431,0,100,0,128,1,"[100,-64,5,0,-6,-27,-6,-27,-6,-27,-6,-26,-7,-25,-7,-25,-8,-25,-9,-25,-10,-25,-10,-25,-11,-24,-11,-23,-11,-23,-10,-23,-11,-23,-11,-23,-10,-23,-10,-23,-10,-23,-10,-24,-10,-24,-9,-23,-9,-23,-8,-23,-7,-23,-2,-6,0,0,0,0,0,0,0,0,0,0,0,0,0,0,0,0,0,0,-2,-4,-6,-16,-6,-17,-6,-18,-5,-19,-4,-20,-4,-20,-4,-21,-3,-22,-3,-23,-2,-24,-2,-24,-1,-25,-1,-25,-1,-25,-1,-26,-2,-26,-2,-26,-2,-26,-2,-26,-3,-27,-3,-27,-4,-27,-5,-27,-5,-26,-5,-27,-5,-27]"
CSI_DATA,44484,d8:b1:90:db:e8:90,-53,11,1,7,0,0,1,0,0,0,1,-93,0,8,0,695750717,0,100,0,128,1,"[100,-64,5,0,21,16,21,16,20,15,20,15,20,15,20,14,20,14,21,13,22,12,22,11,22,11,22,10,22,10,22,10,22,10,22,11,21,11,21,11,21,11,21,11,21,11,21,12,20,12,19,12,19,13,4,3,0,0,0,0,0,0,0,0,0,0,0,0,0,0,0,0,0,0,3,1,14,7,14,8,15,9,15,10,15,11,15,12,15,13,15,14,15,15,16,15,16,16,16,17,16,17,16,18,17,18,17,18,17,18,17,18,18,18,18,18,18,18,19,17,20,16,20,16,20,16,21,17]"
CSI_DATA,44485,d8:b1:90:db:e8:90,-53,11,1,7,0,0,1,0,0,0,1,-93,0,8,0,695765231,0,100,0,128,1,"[100,-64,5,0,14,-24,14,-24,13,-23,13,-23,12,-23,12,-23,11,-23,10,-24,10,-24,9,-24,9,-24,8,-24,8,-24,8,-24,7,-24,7,-24,7,-24,8,-23,8,-23,8,-23,8,-23,9,-22,10,-22,10,-22,11,-21,3,-6,0,0,0,0,0,0,0,0,0,0,0,0,0,0,0,0,0,0,1,-5,6,-17,7,-17,7,-17,8,-18,9,-18,10,-18,11,-18,11,-19,12,-19,13,-19,14,-19,14,-19,15,-19,15,-20,15,-20,15,-21,15,-21,15,-21,15,-21,15,-21,15,-21,15,-22,15,-22,15,-22,15,-22,15,-23]"
CSI_DATA,44486,d8:b1:90:db:e8:90,-53,11,1,7,0,0,1,0,0,0,1,-93,0,8,0,695785156,0,100,0,128,1,"[100,-64,5,0,-8,-20,-8,-19,-9,-19,-9,-18,-9,-18,-9,-18,-10,-17,-12,-17,-12,-17,-11,-17,-12,-16,-12,-15,-12,-15,-11,-15,-12,-15,-13,-14,-13,-15,-12,-16,-12,-16,-12,-15,-11,-15,-11,-15,-10,-15,-10,-14,-10,-15,-3,-4,0,0,0,0,0,0,0,0,0,0,0,0,0,0,0,0,0,0,-2,-4,-7,-13,-7,-12,-6,-12,-6,-13,-5,-15,-5,-15,-5,-15,-6,-16,-6,-17,-5,-17,-5,-18,-4,-18,-4,-18,-4,-18,-5,-18,-5,-18,-5,-18,-5,-19,-5,-19,-6,-19,-6,-19,-6,-19,-7,-19,-7,-20,-6,-20,-6,-20]"
CSI_DATA,44487,d8:b1:90:db:e8:90,-53,11,1,7,0,0,1,0,0,0,1,-93,0,8,0,695795944,0,100,0,128,1,"[100,-64,5,0,5,23,5,23,6,22,6,21,7,21,7,20,7,20,8,20,9,20,9,20,9,20,9,19,9,19,10,19,10,19,10,20,10,20,9,20,9,19,9,19,8,19,7,19,7,19,6,20,5,20,1,5,0,0,0,0,0,0,0,0,0,0,0,0,0,0,0,0,0,0,1,3,6,13,6,13,5,13,5,14,5,14,5,15,4,17,4,18,4,18,4,19,3,19,3,19,2,20,2,20,3,20,3,20,3,21,3,21,3,21,3,22,3,22,4,22,4,22,4,23,5,23,5,22]"
CSI_DATA,44488,d8:b1:90:db:e8:90,-53,11,1,7,0,0,1,0,0,0,1,-93,0,8,0,695820072,0,100,0,128,1,"[100,-64,5,0,8,-22,8,-22,7,-22,7,-22,7,-22,6,-21,5,-22,5,-22,4,-22,3,-22,3,-22,2,-22,2,-22,2,-22,2,-22,2,-22,2,-22,2,-21,2,-21,2,-21,3,-21,3,-21,3,-21,4,-20,5,-20,1,-5,0,0,0,0,0,0,0,0,0,0,0,0,0,0,0,0,0,0,0,-4,2,-15,3,-15,4,-15,4,-16,5,-16,6,-16,6,-16,7,-17,7,-17,8,-18,9,-19,9,-19,9,-19,9,-19,9,-19,9,-19,9,-19,9,-20,9,-20,9,-20,9,-20,9,-21,9,-21,9,-21,9,-22,9,-22]"
CSI_DATA,44489,d8:b1:90:db:e8:90,-53,11,1,7,0,0,1,0,0,0,1,-93,0,8,0,695831577,0,100,0,128,1,"[100,-64,5,0,24,-1,24,-1,24,-1,24,-2,24,-2,23,-2,23,-3,23,-4,23,-4,22,-5,22,-5,22,-6,22,-6,22,-6,22,-6,22,-5,22,-5,21,-5,21,-4,21,-4,21,-5,21,-4,21,-4,21,-3,22,-2,5,-1,0,0,0,0,0,0,0,0,0,0,0,0,0,0,0,0,0,0,3,-1,15,-3,15,-2,15,-1,16,0,16,0,17,0,18,1,18,1,19,1,19,2,20,2,20,3,21,3,21,3,21,4,21,4,21,3,21,3,21,3,22,3,22,3,23,2,23,1,23,1,24,1,24,1]"
CSI_DATA,44490,d8:b1:90:db:e8:90,-52,11,1,7,0,0,1,0,0,0,1,-94,0,8,0,695846224,0,100,0,128,1,"[100,-64,5,0,-5,26,-4,26,-4,26,-4,26,-3,26,-3,25,-2,25,-1,25,-1,25,0,25,0,24,1,24,1,24,1,24,1,24,2,25,1,25,1,25,1,24,0,24,0,23,-1,23,-1,23,-2,23,-3,23,-1,5,0,0,0,0,0,0,0,0,0,0,0,0,0,0,0,0,0,0,0,4,0,17,-1,17,-2,17,-2,18,-3,18,-4,19,-4,20,-5,20,-5,21,-6,21,-6,21,-6,22,-6,22,-6,22,-7,23,-7,23,-7,23,-7,23,-7,24,-7,25,-7,25,-6,25,-6,25,-5,25,-5,25,-5,26]"
CSI_DATA,44491,d8:b1:90:db:e8:90,-52,11,1,7,0,0,1,0,0,0,1,-94,0,8,0,695864961,0,100,0,128,1,"[100,-64,5,0,10,21,10,21,10,21,10,20,9,20,10,19,10,19,11,19,11,19,11,19,12,18,13,17,13,17,13,17,13,17,13,17,13,17,13,17,12,17,12,17,11,17,10,18,10,18,9,18,8,19,2,4,0,0,0,0,0,0,0,0,0,0,0,0,0,0,0,0,0,0,2,2,8,11,8,12,7,13,7,13,6,14,6,15,6,15,6,16,6,17,6,18,6,18,6,18,6,19,6,19,6,20,6,20,7,20,7,21,8,20,8,20,8,20,9,21,9,21,9,21,9,21,9,21]"
CSI_DATA,44492,d8:b1:90:db:e8:90,-51,11,1,7,0,0,1,0,0,0,1,-94,0,8,0,695875713,0,100,0,128,1,"[100,-64,5,0,15,-25,15,-25,15,-25,14,-24,14,-24,13,-24,13,-25,12,-25,11,-25,11,-25,10,-26,9,-26,8,-26,8,-26,8,-26,8,-26,8,-26,8,-26,9,-26,9,-25,10,-25,10,-24,11,-24,12,-23,13,-23,3,-6,0,0,0,0,0,0,0,0,0,0,0,0,0,0,0,0,0,0,1,-5,7,-18,8,-17,9,-17,9,-17,10,-17,11,-18,12,-18,13,-18,14,-19,15,-19,15,-20,15,-20,16,-20,16,-20,17,-21,17,-21,17,-21,17,-22,16,-22,16,-23,16,-23,16,-24,16,-24,16,-24,16,-24,16,-24]"
CSI_DATA,44493,d8:b1:90:db:e8:90,-52,11,1,7,0,0,1,0,0,0,1,-94,0,8,0,695895156,0,100,0,128,1,"[100,-64,5,0,11,18,11,18,11,17,12,17,12,16,12,16,12,16,12,15,12,15,13,15,13,15,13,15,13,15,13,15,13,15,13,15,13,15,12,15,12,15,11,14,11,14,10,14,10,15,10,16,9,16,2,4,0,0,0,0,0,0,0,0,0,0,0,0,0,0,0,0,0,0,2,2,8,9,7,10,7,11,8,12,7,13,7,13,6,14,6,15,7,16,7,16,7,16,7,16,7,17,7,17,7,16,8,17,8,17,8,17,8,17,8,17,8,17,9,17,9,18,10,18,10,18,10,18]"
CSI_DATA,44494,d8:b1:90:db:e8:90,-51,11,1,7,0,0,1,0,0,0,1,-94,0,8,0,695916598,0,100,0,128,1,"[100,-64,5,0,5,-22,5,-22,5,-22,4,-22,4,-22,3,-22,3,-22,2,-22,2,-22,2,-22,1,-22,1,-22,1,-22,1,-22,1,-22,0,-21,0,-21,1,-21,1,-21,1,-21,2,-21,2,-20,3,-20,3,-21,4,-21,1,-6,0,0,0,0,0,0,0,0,0,0,0,0,0,0,0,0,0,0,0,-4,0,-14,1,-14,2,-15,2,-15,3,-15,3,-16,4,-17,4,-17,5,-18,5,-18,6,-19,7,-19,7,-19,7,-19,7,-19,7,-19,7,-19,7,-19,7,-20,7,-20,7,-20,7,-21,6,-22,6,-22,6,-22,6,-22]"
CSI_DATA,44495,d8:b1:90:db:e8:90,-51,11,1,7,0,0,1,0,0,0,1,-94,0,8,0,695928077,0,100,0,128,1,"[100,-64,5,0,-16,19,-15,19,-15,19,-14,19,-14,19,-13,19,-13,19,-11,19,-11,19,-10,19,-10,20,-10,20,-10,21,-9,21,-10,21,-10,21,-10,20,-10,20,-10,20,-10,19,-11,19,-11,19,-12,18,-13,18,-13,17,-4,4,0,0,0,0,0,0,0,0,0,0,0,0,0,0,0,0,0,0,-2,3,-6,13,-7,13,-8,13,-8,13,-9,13,-9,14,-10,14,-11,15,-12,15,-13,15,-13,16,-13,16,-14,16,-14,16,-14,16,-15,16,-15,16,-15,16,-15,17,-15,17,-15,18,-15,18,-15,18,-15,18,-15,19,-16,19]"
CSI_DATA,44496,d8:b1:90:db:e8:90,-51,11,1,7,0,0,1,0,0,0,1,-94,0,8,0,695945091,0,100,0,128,1,"[100,-64,5,0,-16,18,-15,18,-15,19,-14,19,-14,19,-13,19,-12,19,-11,19,-10,20,-10,20,-10,20,-10,20,-9,20,-9,20,-9,20,-9,21,-9,21,-10,20,-10,20,-10,20,-10,19,-11,19,-11,18,-12,18,-13,18,-4,4,0,0,0,0,0,0,0,0,0,0,0,0,0,0,0,0,0,0,-2,3,-7,13,-8,13,-9,13,-9,13,-10,13,-11,13,-12,14,-12,14,-13,14,-14,14,-14,14,-15,14,-15,14,-16,15,-16,14,-16,15,-16,15,-16,15,-16,15,-16,16,-16,16,-16,16,-16,17,-17,18,-17,18,-17,17]"
CSI_DATA,44497,d8:b1:90:db:e8:90,-51,11,1,7,0,0,1,0,0,0,1,-94,0,8,0,695956121,0,100,0,128,1,"[100,-64,5,0,6,23,6,23,7,23,7,22,7,22,7,21,7,21,8,21,9,20,9,20,10,20,10,20,10,20,10,20,10,20,10,21,10,21,9,21,9,20,9,20,9,20,8,20,8,20,7,20,6,21,1,5,0,0,0,0,0,0,0,0,0,0,0,0,0,0,0,0,0,0,1,3,6,13,6,13,5,14,5,15,4,16,4,16,4,17,4,17,3,18,4,19,4,20,4,20,4,20,4,21,4,21,3,21,3,21,4,21,4,22,4,22,4,22,5,22,5,22,6,22,6,22,6,23]"
CSI_DATA,44498,d8:b1:90:db:e8:90,-51,11,1,7,0,0,1,0,0,0,1,-94,0,8,0,695975187,0,100,0,128,1,"[100,-64,5,0,4,-25,4,-25,4,-24,4,-24,3,-24,2,-24,2,-24,1,-24,1,-24,1,-24,0,-24,-1,-24,-1,-24,-1,-24,-1,-24,-1,-24,-1,-24,-1,-24,-1,-24,-1,-23,0,-23,1,-23,1,-23,2,-23,3,-23,0,-6,0,0,0,0,0,0,0,0,0,0,0,0,0,0,0,0,0,0,0,-4,1,-16,2,-16,2,-16,3,-16,4,-17,4,-17,4,-18,5,-18,5,-19,6,-20,6,-20,6,-21,6,-21,6,-21,6,-21,6,-21,6,-21,6,-22,6,-22,6,-22,6,-23,6,-23,5,-23,5,-23,5,-24,5,-24]"
CSI_DATA,44499,d8:b1:90:db:e8:90,-51,11,1,7,0,0,1,0,0,0,1,-94,0,8,0,695985410,0,100,0,128,1,"[100,-64,5,0,-21,-8,-21,-8,-21,-7,-21,-6,-21,-6,-21,-5,-21,-5,-21,-5,-21,-4,-21,-4,-21,-3,-21,-3,-21,-3,-21,-3,-21,-3,-21,-3,-21,-3,-20,-4,-20,-4,-20,-4,-20,-5,-20,-5,-20,-6,-20,-7,-20,-7,-5,-2,0,0,0,0,0,0,0,0,0,0,0,0,0,0,0,0,0,0,-3,-1,-13,-3,-14,-4,-14,-5,-15,-5,-16,-4,-16,-4,-16,-4,-16,-6,-17,-7,-17,-8,-17,-8,-18,-8,-18,-8,-18,-9,-18,-9,-19,-9,-19,-9,-19,-8,-19,-8,-19,-9,-20,-9,-20,-8,-20,-8,-20,-7,-20,-7,-21,-8]"
CSI_DATA,44500,d8:b1:90:db:e8:90,-51,11,1,7,0,0,1,0,0,0,1,-94,0,8,0,695995640,0,100,0,128,1,"[100,-64,5,0,-25,0,-25,0,-25,0,-25,1,-25,2,-24,3,-24,3,-24,4,-24,4,-24,4,-24,5,-23,5,-23,5,-23,5,-23,5,-23,5,-23,5,-23,5,-23,5,-23,4,-23,4,-23,3,-23,2,-23,1,-24,1,-6,0,0,0,0,0,0,0,0,0,0,0,0,0,0,0,0,0,0,0,-5,0,-17,-1,-17,0,-17,0,-18,0,-18,-1,-18,0,-19,0,-19,-1,-20,-2,-21,-3,-21,-3,-21,-3,-22,-4,-22,-4,-22,-4,-23,-4,-23,-3,-23,-3,-24,-3,-24,-3,-24,-2,-24,-2,-24,-1,-24,-1,-25,-1,-25,-1]"
CSI_DATA,44501,d8:b1:90:db:e8:90,-51,11,1,7,0,0,1,0,0,0,1,-94,0,8,0,696018788,0,100,0,128,1,"[100,-64,5,0,-21,-10,-21,-11,-21,-10,-21,-9,-21,-8,-21,-8,-20,-8,-20,-7,-20,-7,-20,-7,-21,-6,-21,-6,-21,-6,-21,-6,-21,-6,-21,-5,-21,-5,-21,-6,-20,-6,-20,-6,-20,-6,-19,-7,-18,-7,-17,-7,-16,-7,-4,-2,0,0,0,0,0,0,0,0,0,0,0,0,0,0,0,0,0,0,-4,-2,-13,-6,-13,-6,-14,-6,-14,-7,-15,-8,-15,-8,-15,-8,-16,-8,-16,-9,-16,-10,-17,-10,-17,-10,-17,-11,-17,-11,-17,-11,-17,-11,-18,-11,-18,-11,-18,-11,-19,-11,-19,-11,-19,-11,-20,-11,-20,-11,-20,-11,-20,-11]"
CSI_DATA,44502,d8:b1:90:db:e8:90,-51,11,1,7,0,0,1,0,0,0,1,-94,0,8,0,696032191,0,100,0,128,1,"[100,-64,5,0,-17,17,-17,17,-17,17,-16,18,-16,18,-16,18,-15,18,-15,18,-14,18,-14,18,-14,18,-13,19,-12,19,-12,19,-13,19,-13,19,-13,19,-13,19,-13,19,-13,18,-14,18,-15,17,-15,16,-15,16,-16,15,-4,3,0,0,0,0,0,0,0,0,0,0,0,0,0,0,0,0,0,0,-2,3,-9,12,-9,12,-10,12,-11,12,-12,12,-13,12,-13,13,-14,13,-15,13,-15,13,-16,13,-17,13,-17,13,-17,13,-17,13,-18,13,-18,13,-18,14,-17,14,-17,14,-18,15,-18,15,-18,16,-18,17,-18,17,-18,16]"
CSI_DATA,44503,d8:b1:90:db:e8:90,-51,11,1,7,0,0,1,0,0,0,1,-94,0,8,0,696042812,0,100,0,128,1,"[100,-64,5,0,-21,-10,-21,-10,-21,-10,-21,-9,-21,-8,-21,-8,-21,-8,-21,-7,-21,-7,-21,-6,-21,-6,-22,-5,-22,-5,-22,-5,-21,-5,-21,-5,-21,-5,-21,-6,-20,-6,-20,-6,-20,-6,-20,-7,-20,-7,-19,-8,-19,-9,-5,-3,0,0,0,0,0,0,0,0,0,0,0,0,0,0,0,0,0,0,-4,-1,-13,-4,-13,-5,-14,-6,-15,-6,-15,-6,-15,-7,-15,-8,-16,-8,-16,-9,-16,-10,-17,-10,-17,-10,-17,-11,-17,-11,-17,-11,-18,-11,-18,-11,-18,-11,-18,-11,-18,-11,-18,-11,-19,-11,-20,-10,-20,-10,-21,-11,-20,-11]"
CSI_DATA,44504,d8:b1:90:db:e8:90,-51,11,1,7,0,0,1,0,0,0,1,-94,0,8,0,696053844,0,100,0,128,1,"[100,-64,5,0,-21,12,-21,12,-21,13,-20,13,-20,14,-19,14,-19,14,-18,14,-18,14,-18,14,-17,15,-17,16,-16,17,-16,17,-16,17,-16,16,-16,16,-16,16,-16,15,-17,15,-17,15,-17,14,-17,13,-18,13,-18,12,-5,3,0,0,0,0,0,0,0,0,0,0,0,0,0,0,0,0,0,0,-3,2,-12,8,-13,8,-14,8,-14,8,-15,8,-16,8,-17,8,-17,8,-18,8,-19,8,-19,8,-20,8,-20,8,-20,8,-20,8,-21,8,-21,8,-21,8,-21,9,-21,9,-21,9,-21,10,-21,11,-22,12,-22,11,-22,11]"
CSI_DATA,44505,d8:b1:90:db:e8:90,-51,11,1,7,0,0,1,0,0,0,1,-94,0,8,0,696064894,0,100,0,128,1,"[100,-64,5,0,-2,-23,-2,-22,-2,-22,-2,-22,-3,-22,-3,-22,-4,-22,-4,-22,-4,-21,-4,-21,-5,-21,-5,-21,-6,-21,-6,-21,-6,-21,-6,-21,-5,-21,-5,-21,-5,-21,-5,-21,-5,-21,-4,-20,-3,-20,-2,-21,-1,-21,-1,-6,0,0,0,0,0,0,0,0,0,0,0,0,0,0,0,0,0,0,-1,-4,-1,-14,-1,-15,-1,-15,-1,-16,0,-17,0,-17,0,-17,0,-18,0,-18,1,-19,2,-19,2,-19,2,-20,2,-20,2,-20,2,-20,2,-21,2,-21,1,-21,1,-22,0,-22,0,-22,-1,-23,-1,-23,-1,-23,0,-23]"
CSI_DATA,44506,d8:b1:90:db:e8:90,-51,11,1,7,0,0,1,0,0,0,1,-94,0,8,0,696075162,0,100,0,128,1,"[100,-64,5,0,-15,-22,-15,-22,-15,-21,-15,-21,-16,-20,-16,-20,-16,-20,-16,-19,-16,-19,-17,-19,-17,-18,-17,-18,-17,-18,-17,-18,-17,-18,-17,-18,-17,-19,-16,-19,-16,-19,-16,-18,-15,-18,-15,-18,-14,-19,-13,-20,-13,-20,-3,-5,0,0,0,0,0,0,0,0,0,0,0,0,0,0,0,0,0,0,-3,-3,-10,-12,-10,-13,-10,-14,-11,-14,-10,-15,-10,-16,-11,-16,-11,-17,-11,-18,-11,-19,-11,-19,-11,-20,-11,-21,-11,-21,-11,-21,-11,-21,-11,-21,-11,-21,-12,-22,-13,-22,-13,-22,-13,-22,-14,-21,-15,-21,-15,-21,-15,-22]"
CSI_DATA,44507,d8:b1:90:db:e8:90,-51,11,1,7,0,0,1,0,0,0,1,-94,0,8,0,696087437,0,100,0,128,1,"[100,-64,5,0,19,-7,19,-7,19,-7,19,-7,19,-7,18,-7,18,-8,17,-8,17,-8,17,-8,17,-9,17,-9,17,-9,17,-9,17,-9,17,-8,17,-8,17,-8,17,-8,16,-7,16,-7,16,-7,17,-6,17,-5,17,-5,4,-1,0,0,0,0,0,0,0,0,0,0,0,0,0,0,0,0,0,0,2,-2,11,-5,12,-4,12,-4,12,-4,13,-4,14,-4,14,-4,14,-4,15,-4,15,-4,16,-4,17,-4,17,-3,17,-3,17,-3,17,-3,18,-3,18,-3,19,-4,19,-4,19,-4,19,-5,19,-6,19,-6,19,-6,19,-6]"
CSI_DATA,44508,d8:b1:90:db:e8:90,-51,11,1,7,0,0,1,0,0,0,1,-94,0,8,0,696120343,0,100,0,128,1,"[100,-64,5,0,-19,-15,-19,-15,-19,-15,-19,-14,-19,-14,-19,-13,-19,-13,-19,-13,-19,-12,-19,-12,-20,-11,-20,-10,-20,-10,-20,-10,-20,-10,-20,-9,-20,-9,-20,-10,-19,-10,-19,-10,-19,-11,-18,-11,-18,-11,-17,-12,-17,-13,-5,-4,0,0,0,0,0,0,0,0,0,0,0,0,0,0,0,0,0,0,-4,-2,-14,-7,-14,-7,-14,-8,-15,-9,-15,-9,-15,-10,-15,-11,-15,-11,-15,-12,-15,-13,-16,-13,-16,-14,-16,-14,-16,-15,-16,-15,-16,-14,-16,-15,-16,-15,-17,-15,-17,-15,-17,-15,-17,-16,-18,-15,-19,-15,-19,-15,-19,-15]"
CSI_DATA,44509,d8:b1:90:db:e8:90,-51,11,1,7,0,0,1,0,0,0,1,-94,0,8,0,696131593,0,100,0,128,1,"[100,-64,5,0,-3,22,-2,22,-2,22,-2,22,-1,21,-1,21,0,21,0,20,1,20,1,20,1,20,2,20,2,21,2,21,2,21,2,21,2,21,2,20,1,20,1,20,1,19,0,19,0,19,-1,19,-2,20,-1,5,0,0,0,0,0,0,0,0,0,0,0,0,0,0,0,0,0,0,0,3,1,14,0,14,-1,14,-1,15,-1,15,-2,16,-2,17,-3,17,-3,18,-4,18,-4,19,-4,19,-5,19,-5,19,-5,19,-5,20,-5,20,-5,20,-4,21,-4,21,-4,21,-4,21,-3,21,-3,21,-3,22,-3,22]"
CSI_DATA,44510,d8:b1:90:db:e8:90,-51,11,1,7,0,0,1,0,0,0,1,-94,0,8,0,696146556,0,100,0,128,1,"[100,-64,5,0,-8,-23,-8,-23,-8,-22,-9,-21,-9,-20,-10,-20,-10,-20,-11,-20,-11,-20,-11,-19,-12,-19,-12,-19,-12,-19,-12,-19,-12,-19,-12,-19,-12,-18,-12,-18,-11,-18,-11,-18,-10,-18,-10,-18,-9,-18,-9,-19,-8,-19,-2,-5,0,0,0,0,0,0,0,0,0,0,0,0,0,0,0,0,0,0,-2,-4,-7,-14,-7,-14,-6,-15,-6,-16,-6,-16,-5,-17,-5,-18,-5,-18,-5,-19,-5,-20,-4,-20,-4,-20,-4,-20,-4,-21,-4,-21,-4,-21,-5,-21,-5,-22,-5,-22,-5,-22,-5,-22,-5,-22,-6,-22,-6,-23,-6,-22,-6,-22]"
CSI_DATA,44511,d8:b1:90:db:e8:90,-51,11,1,7,0,0,1,0,0,0,1,-94,0,8,0,696158788,0,100,0,128,1,"[100,-64,5,0,19,-14,19,-14,18,-15,18,-15,17,-15,16,-16,16,-16,15,-16,15,-16,15,-16,15,-17,14,-17,14,-17,14,-17,14,-17,14,-17,14,-16,14,-16,14,-16,14,-16,14,-15,15,-15,15,-14,16,-13,16,-12,4,-3,0,0,0,0,0,0,0,0,0,0,0,0,0,0,0,0,0,0,2,-3,10,-12,10,-12,11,-11,12,-11,13,-11,14,-11,15,-12,16,-12,16,-11,17,-11,17,-10,18,-10,18,-10,18,-10,18,-10,18,-11,18,-11,19,-11,19,-11,19,-12,19,-12,19,-12,19,-13,20,-13,20,-13,19,-13]"
CSI_DATA,44512,d8:b1:90:db:e8:90,-51,11,1,7,0,0,1,0,0,0,1,-94,0,8,0,696169113,0,100,0,128,1,"[100,-64,5,0,-16,18,-15,18,-15,18,-14,17,-14,17,-13,17,-13,17,-12,17,-12,17,-12,18,-11,18,-11,18,-11,18,-10,18,-10,18,-11,18,-11,18,-11,18,-11,18,-11,17,-11,17,-12,16,-12,16,-12,16,-12,15,-4,3,0,0,0,0,0,0,0,0,0,0,0,0,0,0,0,0,0,0,-2,3,-8,13,-9,13,-10,13,-10,12,-11,12,-12,13,-13,13,-13,13,-14,13,-15,13,-15,13,-16,13,-16,13,-16,13,-16,13,-16,13,-16,14,-16,14,-16,14,-16,14,-16,14,-16,15,-16,16,-16,16,-16,16,-16,17]"
CSI_DATA,44513,d8:b1:90:db:e8:90,-51,11,1,7,0,0,1,0,0,0,1,-94,0,8,0,696185209,0,100,0,128,1,"[100,-64,5,0,-17,15,-17,15,-16,15,-16,16,-15,16,-15,16,-14,16,-13,16,-13,16,-13,16,-12,17,-12,17,-12,17,-11,18,-11,18,-12,17,-12,17,-11,17,-12,17,-12,16,-12,16,-13,15,-13,15,-14,14,-14,14,-4,3,0,0,0,0,0,0,0,0,0,0,0,0,0,0,0,0,0,0,-3,2,-9,11,-10,11,-11,11,-12,11,-13,11,-13,11,-14,11,-15,11,-16,11,-16,11,-17,11,-18,11,-18,10,-18,10,-18,11,-18,11,-18,12,-18,12,-18,13,-18,13,-18,14,-18,14,-18,14,-19,14,-19,14,-18,14]"
CSI_DATA,44514,d8:b1:90:db:e8:90,-51,11,1,7,0,0,1,0,0,0,1,-94,0,8,0,696205300,0,100,0,128,1,"[100,-64,5,0,-22,-11,-22,-11,-21,-11,-21,-11,-20,-11,-20,-10,-20,-9,-20,-8,-20,-7,-21,-7,-21,-6,-21,-6,-21,-6,-21,-6,-21,-6,-21,-6,-20,-7,-20,-7,-20,-8,-20,-8,-20,-8,-19,-9,-19,-9,-18,-9,-18,-10,-5,-3,0,0,0,0,0,0,0,0,0,0,0,0,0,0,0,0,0,0,-4,-2,-15,-6,-15,-7,-15,-7,-15,-8,-16,-9,-16,-9,-16,-10,-16,-11,-16,-12,-16,-12,-17,-12,-17,-13,-17,-13,-17,-14,-17,-14,-17,-14,-17,-14,-17,-14,-18,-14,-18,-14,-18,-14,-19,-14,-20,-13,-20,-13,-20,-13,-20,-13]"
CSI_DATA,44515,d8:b1:90:db:e8:90,-51,11,1,7,0,0,1,0,0,0,1,-94,0,8,0,696223735,0,100,0,128,1,"[100,-64,5,0,-17,-18,-16,-18,-16,-17,-16,-17,-16,-17,-16,-16,-16,-16,-17,-15,-17,-14,-17,-14,-18,-13,-18,-13,-18,-13,-18,-13,-18,-13,-17,-13,-17,-13,-16,-14,-16,-14,-15,-14,-15,-14,-14,-14,-14,-13,-12,-11,-12,-10,-3,-3,0,0,0,0,0,0,0,0,0,0,0,0,0,0,0,0,0,0,-3,-3,-12,-10,-12,-10,-13,-11,-13,-13,-12,-14,-12,-14,-12,-14,-12,-15,-13,-15,-13,-16,-13,-17,-13,-17,-13,-18,-13,-18,-13,-18,-14,-18,-14,-18,-14,-18,-14,-18,-14,-19,-14,-19,-15,-19,-16,-18,-16,-17,-16,-17,-16,-18]"
CSI_DATA,44516,d8:b1:90:db:e8:90,-51,11,1,7,0,0,1,0,0,0,1,-94,0,8,0,696237054,0,100,0,128,1,"[100,-64,5,0,11,20,11,20,11,20,11,19,11,19,11,19,12,18,12,17,13,17,13,17,13,16,13,16,13,16,13,16,13,17,12,17,12,16,11,16,11,17,11,17,10,17,9,17,9,15,8,13,8,11,2,3,0,0,0,0,0,0,0,0,0,0,0,0,0,0,0,0,0,0,2,2,9,11,9,12,9,13,9,13,8,14,8,15,9,15,9,16,9,17,8,17,9,18,8,18,8,18,8,19,8,19,8,19,8,19,9,19,9,20,9,20,9,20,10,20,11,20,11,19,11,20,12,20]"
CSI_DATA,44517,d8:b1:90:db:e8:90,-51,11,1,7,0,0,1,0,0,0,1,-94,0,8,0,696256362,0,100,0,128,1,"[100,-64,5,0,22,3,22,3,22,3,23,2,22,2,22,1,22,1,21,0,21,0,21,-1,21,-1,21,-1,21,-1,21,-1,21,-2,21,-2,21,-1,20,-1,20,-1,20,-1,20,-1,20,0,20,0,20,1,20,2,4,0,0,0,0,0,0,0,0,0,0,0,0,0,0,0,0,0,0,0,3,0,14,0,15,1,15,2,16,3,16,3,16,4,17,4,17,4,18,4,18,5,18,5,18,5,18,5,19,6,19,6,19,6,19,6,20,6,20,5,20,5,20,5,21,5,21,4,21,4,21,4,22,5]"
CSI_DATA,44518,d8:b1:90:db:e8:90,-51,11,1,7,0,0,1,0,0,0,1,-94,0,8,0,696282923,0,100,0,128,1,"[100,-64,5,0,13,17,14,17,14,17,14,18,14,17,13,15,15,14,17,14,17,14,16,14,15,13,16,11,17,10,18,12,17,14,16,13,15,12,16,11,17,11,17,13,15,14,13,13,14,11,16,12,16,14,4,3,0,0,0,0,0,0,0,0,0,0,0,0,0,0,0,0,0,0,2,2,11,10,10,11,8,12,7,13,7,13,8,13,9,14,9,15,8,15,8,15,8,15,9,16,9,17,8,18,8,17,8,17,9,17,9,17,9,17,9,18,9,18,9,17,10,17,11,17,12,18,12,18]"
CSI_DATA,44519,d8:b1:90:db:e8:90,-51,11,1,7,0,0,1,0,0,0,1,-94,0,8,0,696295166,0,100,0,128,1,"[100,-64,5,0,-20,-10,-19,-10,-19,-10,-19,-9,-19,-8,-19,-8,-19,-7,-19,-6,-19,-6,-19,-6,-19,-5,-20,-5,-20,-4,-20,-5,-20,-5,-20,-5,-19,-5,-19,-5,-19,-5,-19,-5,-18,-6,-18,-6,-18,-7,-17,-8,-17,-8,-5,-3,0,0,0,0,0,0,0,0,0,0,0,0,0,0,0,0,0,0,-4,-2,-13,-6,-13,-7,-13,-7,-13,-7,-14,-8,-14,-9,-14,-8,-15,-8,-15,-8,-15,-9,-15,-10,-16,-10,-16,-10,-15,-10,-16,-10,-16,-10,-16,-10,-16,-10,-16,-10,-17,-10,-17,-10,-17,-10,-17,-10,-17,-10,-17,-10,-18,-10]"
CSI_DATA,44520,d8:b1:90:db:e8:90,-51,11,1,7,0,0,1,0,0,0,1,-94,0,8,0,696305837,0,100,0,128,1,"[100,-64,5,0,18,10,19,9,19,9,19,8,19,8,19,7,19,7,19,6,19,6,20,6,19,5,19,5,19,4,19,4,19,4,20,4,20,4,20,4,19,4,19,4,19,5,19,5,18,6,18,7,17,7,4,2,0,0,0,0,0,0,0,0,0,0,0,0,0,0,0,0,0,0,3,0,13,3,11,5,12,5,13,5,14,5,14,7,14,7,14,8,14,9,15,10,15,11,14,11,14,11,14,11,14,11,14,11,14,11,15,10,15,10,16,10,16,10,17,10,17,10,18,10,18,10,18,11]"
CSI_DATA,44521,d8:b1:90:db:e8:90,-50,11,1,7,0,0,1,0,0,0,1,-94,0,8,0,696327679,0,100,0,128,1,"[100,-64,5,0,15,13,14,10,17,8,19,8,18,9,16,7,18,4,20,4,19,5,17,3,18,0,20,0,20,1,17,0,18,-3,20,-4,20,-2,17,-3,17,-5,19,-6,19,-4,17,-4,17,-5,18,-5,19,-3,4,-1,0,0,0,0,0,0,0,0,0,0,0,0,0,0,0,0,0,0,0,3,1,12,2,11,3,12,2,14,1,13,2,12,5,14,4,16,3,16,4,15,5,16,5,17,4,16,5,14,8,15,7,17,5,16,7,13,10,13,11,16,10,16,10,13,13,12,14,14,12,15,11,13]"
CSI_DATA,44522,d8:b1:90:db:e8:90,-51,11,1,7,0,0,1,0,0,0,1,-94,0,8,0,696345465,0,100,0,128,1,"[100,-64,5,0,18,15,18,15,18,15,18,14,19,14,19,14,19,13,19,13,18,12,19,11,19,11,19,11,19,11,19,11,19,11,19,12,19,12,19,12,18,13,18,12,17,12,17,12,16,13,16,14,15,14,3,3,0,0,0,0,0,0,0,0,0,0,0,0,0,0,0,0,0,0,2,2,11,9,11,10,11,10,11,11,11,12,12,12,12,13,12,14,12,14,12,15,12,15,11,15,11,15,12,16,12,16,12,16,13,16,13,16,14,16,14,15,14,15,15,15,16,15,16,15,17,15,17,15]"
CSI_DATA,44523,d8:b1:90:db:e8:90,-52,11,1,7,0,0,1,0,0,0,1,-94,0,8,0,696355803,0,100,0,128,1,"[100,-64,5,0,19,-14,19,-15,18,-15,18,-15,17,-15,17,-15,16,-15,16,-16,15,-16,15,-16,15,-17,15,-17,15,-17,15,-17,15,-17,15,-17,15,-17,15,-17,15,-16,15,-16,16,-15,16,-14,16,-13,17,-13,18,-12,4,-3,0,0,0,0,0,0,0,0,0,0,0,0,0,0,0,0,0,0,3,-3,12,-10,12,-10,12,-9,13,-9,14,-9,14,-9,15,-9,16,-9,17,-9,17,-9,17,-8,18,-8,18,-8,18,-8,18,-9,18,-9,18,-9,18,-10,18,-10,18,-11,18,-11,18,-12,18,-12,18,-13,18,-13,18,-13]"
CSI_DATA,44524,d8:b1:90:db:e8:90,-51,11,1,7,0,0,1,0,0,0,1,-94,0,8,0,696369693,0,100,0,128,1,"[100,-64,5,0,-40,10,-36,11,-33,11,-31,11,-29,14,-28,15,-27,16,-26,17,-25,18,-26,17,-26,18,-26,19,-27,20,-28,20,-28,20,-27,21,-26,22,-25,22,-25,21,-24,20,-23,19,-23,19,-24,18,-24,18,-27,17,-8,3,0,0,0,0,0,0,0,0,0,0,0,0,0,0,0,0,0,0,-5,-1,-19,0,-21,1,-19,2,-20,3,-22,3,-23,-1,-24,-4,-25,-3,-27,-3,-29,-3,-30,-3,-29,-1,-27,-2,-28,-3,-31,-1,-31,1,-30,3,-30,4,-29,3,-28,3,-29,3,-30,3,-32,3,-33,6,-32,8,-32,4]"
CSI_DATA,44525,d8:b1:90:db:e8:90,-51,11,1,7,0,0,1,0,0,0,1,-94,0,8,0,696382220,0,100,0,128,1,"[100,-64,5,0,-4,24,-4,24,-3,24,-2,24,-2,23,-1,23,-1,23,0,23,0,23,0,23,0,23,0,23,1,23,0,23,1,23,1,23,1,23,1,23,0,23,0,23,-1,22,-2,22,-3,22,-4,22,-5,21,-2,5,0,0,0,0,0,0,0,0,0,0,0,0,0,0,0,0,0,0,-1,3,-3,16,-3,16,-4,16,-5,16,-5,17,-6,17,-6,17,-6,18,-7,18,-8,18,-8,19,-8,19,-8,19,-8,19,-8,20,-8,20,-8,20,-8,20,-7,20,-7,20,-7,20,-6,21,-5,21,-5,22,-5,22,-4,23]"
CSI_DATA,44526,d8:b1:90:db:e8:90,-51,11,1,7,0,0,1,0,0,0,1,-94,0,8,0,696395427,0,100,0,128,1,"[100,-64,5,0,15,-15,15,-15,15,-15,14,-15,14,-15,14,-15,14,-15,13,-16,13,-16,13,-16,12,-16,12,-16,12,-16,12,-16,12,-16,12,-17,12,-17,12,-17,12,-16,12,-16,12,-15,13,-15,13,-14,14,-14,14,-13,3,-4,0,0,0,0,0,0,0,0,0,0,0,0,0,0,0,0,0,0,2,-3,9,-12,9,-10,10,-9,10,-9,12,-10,13,-10,12,-10,12,-11,13,-11,14,-11,14,-10,15,-10,15,-10,16,-10,16,-10,16,-10,16,-10,15,-11,15,-12,15,-12,15,-13,15,-13,15,-13,15,-14,15,-14,15,-14]"
CSI_DATA,44527,d8:b1:90:db:e8:90,-51,11,1,7,0,0,1,0,0,0,1,-94,0,8,0,696406219,0,100,0,128,1,"[100,-64,5,0,-21,-5,-21,-5,-21,-5,-21,-4,-21,-4,-21,-4,-21,-3,-21,-3,-21,-3,-21,-3,-21,-2,-21,-2,-21,-2,-21,-2,-21,-2,-21,-1,-21,-1,-21,-2,-21,-2,-20,-2,-20,-3,-20,-3,-20,-4,-19,-5,-19,-6,-5,-2,0,0,0,0,0,0,0,0,0,0,0,0,0,0,0,0,0,0,-4,-1,-15,-4,-15,-4,-15,-5,-15,-5,-15,-6,-15,-5,-16,-5,-17,-6,-17,-6,-17,-6,-17,-7,-17,-8,-17,-8,-17,-9,-17,-9,-18,-8,-18,-8,-18,-7,-19,-7,-19,-6,-19,-6,-19,-6,-20,-6,-20,-6,-20,-6,-20,-6]"
CSI_DATA,44528,d8:b1:90:db:e8:90,-51,11,1,7,0,0,1,0,0,0,1,-94,0,8,0,696433303,0,100,0,128,1,"[100,-64,5,0,-7,23,-7,23,-6,23,-6,22,-5,22,-5,22,-4,22,-3,23,-2,23,-2,23,-2,23,-1,23,-1,24,-1,24,-1,24,-1,23,-1,23,-1,23,-2,22,-2,22,-3,22,-4,22,-4,21,-5,21,-6,21,-2,5,0,0,0,0,0,0,0,0,0,0,0,0,0,0,0,0,0,0,-1,4,-3,16,-3,15,-4,15,-5,16,-6,16,-7,17,-7,17,-7,18,-8,18,-9,18,-9,18,-10,18,-10,18,-10,18,-10,19,-9,19,-9,19,-9,20,-8,20,-8,20,-8,20,-8,21,-7,22,-7,22,-7,22,-7,22]"
CSI_DATA,44529,d8:b1:90:db:e8:90,-51,11,1,7,0,0,1,0,0,0,1,-94,0,8,0,696443687,0,100,0,128,1,"[100,-64,5,0,-6,25,-6,25,-5,24,-4,24,-4,23,-3,23,-3,23,-2,24,-1,24,-1,24,0,24,1,24,1,25,1,25,1,24,1,24,1,24,0,24,0,24,-1,23,-2,23,-2,23,-3,22,-4,22,-5,22,-2,5,0,0,0,0,0,0,0,0,0,0,0,0,0,0,0,0,0,0,-1,4,-2,16,-3,16,-4,17,-4,17,-5,18,-6,18,-6,18,-7,19,-7,19,-8,19,-8,19,-9,20,-9,20,-9,20,-8,20,-8,20,-8,20,-8,21,-7,21,-7,22,-7,22,-6,22,-6,23,-6,23,-6,24,-6,24]"
CSI_DATA,44530,d8:b1:90:db:e8:90,-51,11,1,7,0,0,1,0,0,0,1,-94,0,8,0,696456389,0,100,0,128,1,"[100,-64,5,0,-4,-24,-4,-25,-4,-25,-5,-24,-5,-24,-5,-24,-6,-23,-6,-23,-7,-24,-7,-23,-7,-23,-7,-23,-7,-22,-7,-23,-7,-23,-7,-23,-7,-23,-7,-22,-7,-23,-6,-23,-6,-23,-5,-22,-4,-22,-3,-22,-2,-23,-1,-6,0,0,0,0,0,0,0,0,0,0,0,0,0,0,0,0,0,0,-1,-4,-1,-16,-1,-17,-1,-17,-1,-17,0,-18,1,-18,1,-19,2,-19,2,-20,3,-20,3,-20,4,-20,4,-21,4,-21,3,-21,2,-22,2,-22,2,-22,2,-22,2,-23,1,-23,1,-23,0,-24,-1,-24,-1,-24,-1,-24]"
CSI_DATA,44531,d8:b1:90:db:e8:90,-52,11,1,7,0,0,1,0,0,0,1,-94,0,8,0,696475252,0,100,0,128,1,"[100,-64,5,0,22,-1,22,-1,22,-1,22,-2,22,-2,21,-2,21,-2,22,-3,22,-3,21,-4,21,-4,21,-5,21,-5,22,-5,22,-5,21,-5,21,-5,21,-4,21,-4,21,-3,21,-2,21,-2,20,-1,20,0,20,1,5,0,0,0,0,0,0,0,0,0,0,0,0,0,0,0,0,0,0,0,3,-1,14,-1,14,-1,14,0,15,1,15,1,16,2,16,2,17,2,17,3,18,3,18,3,18,3,18,3,18,3,19,3,19,2,19,2,19,2,19,2,20,2,20,2,21,2,21,1,21,1,21,1,22,1]"
CSI_DATA,44532,d8:b1:90:db:e8:90,-51,11,1,7,0,0,1,0,0,0,1,-94,0,8,0,696486024,0,100,0,128,1,"[100,-64,5,0,17,16,17,16,17,16,17,15,17,15,17,15,17,14,18,14,18,14,18,14,19,13,19,13,19,13,20,13,19,13,19,12,19,12,18,13,18,13,18,13,17,13,16,14,16,14,15,15,14,15,3,4,0,0,0,0,0,0,0,0,0,0,0,0,0,0,0,0,0,0,2,2,10,10,10,10,10,11,10,12,10,13,10,13,10,14,10,15,10,15,10,16,10,16,11,16,10,17,11,17,11,16,12,16,12,16,12,16,12,17,13,17,13,17,13,17,14,17,14,17,15,17,15,17]"
CSI_DATA,44533,d8:b1:90:db:e8:90,-52,11,1,7,0,0,1,0,0,0,1,-94,0,8,0,696507039,0,100,0,128,1,"[100,-64,5,0,-17,-13,-17,-13,-17,-13,-17,-12,-18,-12,-18,-11,-18,-11,-18,-11,-19,-10,-19,-10,-19,-9,-19,-9,-19,-9,-19,-9,-19,-9,-19,-9,-19,-9,-19,-9,-18,-9,-18,-10,-18,-10,-17,-10,-17,-11,-16,-11,-16,-12,-4,-3,0,0,0,0,0,0,0,0,0,0,0,0,0,0,0,0,0,0,-3,-2,-11,-8,-12,-9,-13,-10,-12,-11,-11,-12,-11,-12,-12,-12,-12,-12,-12,-13,-12,-14,-12,-13,-12,-14,-12,-14,-12,-14,-13,-14,-13,-14,-13,-14,-13,-14,-14,-13,-14,-13,-15,-13,-15,-13,-15,-13,-15,-13,-16,-13,-16,-14]"
CSI_DATA,44534,d8:b1:90:db:e8:90,-52,11,1,7,0,0,1,0,0,0,1,-94,0,8,0,696532955,0,100,0,128,1,"[100,-64,5,0,20,-13,20,-13,19,-13,19,-13,19,-13,19,-13,18,-14,18,-15,17,-15,17,-16,16,-16,16,-17,16,-17,16,-17,16,-17,16,-17,16,-17,16,-16,16,-15,16,-15,17,-15,17,-14,17,-13,18,-12,18,-12,4,-3,0,0,0,0,0,0,0,0,0,0,0,0,0,0,0,0,0,0,3,-3,12,-8,13,-8,14,-8,14,-7,15,-7,15,-7,16,-7,17,-7,18,-7,18,-6,19,-6,19,-6,19,-6,19,-6,19,-7,18,-7,19,-7,19,-7,19,-8,19,-8,20,-9,20,-9,20,-10,20,-11,20,-11,20,-11]"
CSI_DATA,44535,d8:b1:90:db:e8:90,-52,11,1,7,0,0,1,0,0,0,1,-94,0,8,0,696544307,0,100,0,128,1,"[100,-64,5,0,20,12,20,12,20,12,20,11,21,11,20,10,20,10,20,10,20,10,20,9,20,9,21,9,21,9,21,9,21,9,21,10,21,10,20,10,20,11,19,11,18,11,18,12,17,12,17,12,17,12,4,3,0,0,0,0,0,0,0,0,0,0,0,0,0,0,0,0,0,0,2,2,10,9,10,10,11,10,11,10,11,11,12,11,13,11,13,11,13,12,13,13,14,13,15,13,15,14,15,13,15,13,15,12,15,12,16,12,16,13,16,13,17,13,17,13,17,13,17,13,18,13,18,13]"
CSI_DATA,44536,d8:b1:90:db:e8:90,-52,11,1,7,0,0,1,0,0,0,1,-94,0,8,0,696556915,0,100,0,128,1,"[100,-64,5,0,12,20,11,20,12,20,12,20,12,19,13,19,13,19,13,19,13,18,13,18,14,18,14,18,14,18,14,18,14,18,14,18,13,18,13,18,13,18,12,18,11,18,11,18,10,18,9,19,8,20,2,5,0,0,0,0,0,0,0,0,0,0,0,0,0,0,0,0,0,0,2,2,7,11,7,12,7,13,7,14,7,14,7,15,7,15,7,16,6,17,6,17,6,18,6,18,6,19,6,19,5,19,5,19,6,19,6,19,7,19,7,19,8,19,8,19,9,19,10,19,10,19,11,20]"
CSI_DATA,44537,d8:b1:90:db:e8:90,-52,11,1,7,0,0,1,0,0,0,1,-94,0,8,0,696567757,0,100,0,128,1,"[100,-64,5,0,20,11,20,11,20,11,20,10,21,10,21,9,21,9,21,9,21,8,21,8,21,8,21,7,21,7,21,7,21,7,21,7,21,8,21,8,20,8,20,8,19,9,19,9,18,10,18,11,17,12,4,3,0,0,0,0,0,0,0,0,0,0,0,0,0,0,0,0,0,0,3,1,12,7,12,7,12,8,12,8,13,9,13,10,13,10,13,11,13,12,13,12,13,13,13,13,13,14,13,14,13,14,14,13,14,13,14,13,15,13,16,13,16,13,17,12,17,12,18,12,18,12,19,11]"
CSI_DATA,44538,d8:b1:90:db:e8:90,-52,11,1,7,0,0,1,0,0,0,1,-94,0,8,0,696584043,0,100,0,128,1,"[100,-64,5,0,22,5,22,5,22,5,22,5,22,4,22,4,22,4,22,4,22,3,22,3,22,3,22,3,22,3,22,3,22,3,22,4,22,4,22,4,21,5,20,5,20,5,19,6,19,7,19,8,18,9,4,2,0,0,0,0,0,0,0,0,0,0,0,0,0,0,0,0,0,0,3,0,14,3,14,4,14,5,14,5,14,6,14,6,14,7,15,7,15,8,16,9,16,9,16,10,16,10,17,10,17,9,17,9,17,9,18,9,18,9,19,8,19,8,19,8,19,7,20,7,20,6,21,6]"
CSI_DATA,44539,d8:b1:90:db:e8:90,-52,11,1,7,0,0,1,0,0,0,1,-94,0,8,0,696598507,0,100,0,128,1,"[100,-64,5,0,-23,1,-23,1,-23,2,-23,3,-23,4,-23,4,-23,4,-22,4,-21,5,-21,5,-21,5,-22,6,-22,6,-22,5,-22,5,-22,5,-22,5,-21,5,-21,4,-22,4,-22,4,-22,3,-21,2,-21,2,-21,1,-6,0,0,0,0,0,0,0,0,0,0,0,0,0,0,0,0,0,0,0,-4,0,-14,3,-15,2,-15,2,-15,1,-15,1,-15,1,-16,1,-17,-1,-18,-2,-19,-3,-19,-2,-19,-2,-19,-2,-19,-2,-20,-2,-19,-2,-19,-2,-19,-2,-19,-1,-20,-1,-20,-1,-20,-1,-21,0,-21,0,-21,0,-22,0]"
CSI_DATA,44540,d8:b1:90:db:e8:90,-52,11,1,7,0,0,1,0,0,0,1,-94,0,8,0,696610999,0,100,0,128,1,"[100,-64,5,0,-20,5,-20,6,-20,6,-20,6,-20,6,-20,7,-19,7,-19,7,-18,8,-19,8,-19,8,-19,8,-19,8,-19,9,-19,9,-19,8,-19,8,-19,8,-19,7,-19,7,-19,7,-19,6,-19,5,-19,4,-19,3,-5,0,0,0,0,0,0,0,0,0,0,0,0,0,0,0,0,0,0,0,-3,1,-12,4,-13,3,-15,3,-14,2,-14,2,-15,3,-16,2,-15,1,-16,1,-16,2,-18,2,-18,1,-18,1,-18,1,-18,1,-18,2,-18,2,-18,2,-19,3,-19,3,-19,3,-19,4,-19,4,-20,4,-20,4,-20,4]"
CSI_DATA,44541,d8:b1:90:db:e8:90,-52,11,1,7,0,0,1,0,0,0,1,-94,0,8,0,696636048,0,100,0,128,1,"[100,-64,5,0,17,14,17,14,18,14,18,13,18,13,18,13,18,12,18,11,19,11,19,11,19,11,19,11,19,11,19,11,19,11,19,11,19,11,19,11,18,11,18,11,18,12,17,12,16,13,15,14,15,14,3,3,0,0,0,0,0,0,0,0,0,0,0,0,0,0,0,0,0,0,2,1,10,7,10,8,11,9,11,10,11,10,11,11,11,11,11,12,11,13,12,13,12,14,12,14,12,14,12,14,12,14,12,14,13,14,13,14,14,14,14,14,14,14,15,14,16,14,16,14,16,14,16,14]"
CSI_DATA,44542,d8:b1:90:db:e8:90,-52,11,1,7,0,0,1,0,0,0,1,-94,0,8,0,696647309,0,100,0,128,1,"[100,-64,5,0,22,-4,23,-4,23,-4,23,-5,23,-5,23,-5,22,-6,22,-7,21,-8,21,-8,21,-8,22,-9,22,-9,22,-8,22,-8,22,-8,22,-7,22,-6,22,-6,22,-6,22,-5,22,-5,22,-3,21,-2,21,-2,5,-1,0,0,0,0,0,0,0,0,0,0,0,0,0,0,0,0,0,0,3,-1,14,-4,14,-3,15,-2,15,-2,16,-1,16,-1,16,-1,17,-1,17,-1,18,0,18,0,18,0,19,0,19,0,19,0,19,0,19,0,20,0,20,-1,21,0,21,-1,21,-1,22,-2,22,-3,22,-3,22,-3]"
CSI_DATA,44543,d8:b1:90:db:e8:90,-51,11,1,7,0,0,1,0,0,0,1,-94,0,8,0,696659933,0,100,0,128,1,"[100,-64,5,0,-28,6,-28,6,-28,6,-27,6,-26,7,-26,7,-26,8,-25,9,-25,9,-25,9,-25,10,-25,11,-25,12,-25,12,-25,11,-25,11,-25,10,-25,10,-25,9,-25,9,-25,8,-25,7,-25,6,-25,5,-25,4,-7,0,0,0,0,0,0,0,0,0,0,0,0,0,0,0,0,0,0,0,-5,1,-17,5,-18,5,-18,4,-19,4,-19,3,-20,3,-20,3,-21,3,-22,2,-23,1,-23,1,-23,1,-23,0,-23,0,-23,1,-24,1,-24,2,-24,2,-24,3,-24,3,-24,4,-25,4,-26,5,-26,5,-26,5,-26,5]"
CSI_DATA,44544,d8:b1:90:db:e8:90,-52,11,1,7,0,0,1,0,0,0,1,-94,0,8,0,696676518,0,100,0,128,1,"[100,-64,5,0,-3,27,-3,27,-3,27,-3,26,-2,26,-2,26,-1,26,1,25,1,25,1,25,2,25,3,25,4,26,3,26,3,26,3,26,3,26,2,26,1,26,1,25,0,25,-1,24,-2,24,-2,24,-3,24,-1,6,0,0,0,0,0,0,0,0,0,0,0,0,0,0,0,0,0,0,-1,4,-2,17,-2,17,-3,17,-3,17,-4,18,-4,18,-5,19,-6,19,-6,20,-7,20,-7,21,-7,21,-8,21,-7,21,-7,21,-7,21,-7,21,-6,22,-5,22,-5,22,-4,23,-4,23,-4,24,-4,25,-4,25,-3,25]"
CSI_DATA,44545,d8:b1:90:db:e8:90,-52,11,1,7,0,0,1,0,0,0,1,-94,0,8,0,696689238,0,100,0,128,1,"[100,-64,5,0,17,15,17,15,17,15,17,14,17,14,17,14,17,13,18,12,18,12,18,12,18,11,19,11,19,11,19,12,19,12,19,12,18,12,18,12,18,12,18,13,17,13,16,14,16,14,15,15,14,15,3,4,0,0,0,0,0,0,0,0,0,0,0,0,0,0,0,0,0,0,2,2,9,10,9,10,9,11,9,11,9,12,9,12,10,13,10,13,10,14,10,15,9,15,9,15,9,16,10,16,10,15,11,15,11,15,12,15,12,15,13,15,13,15,14,15,14,15,15,15,15,15,16,15]"
CSI_DATA,44546,d8:b1:90:db:e8:90,-52,11,1,7,0,0,1,0,0,0,1,-94,0,8,0,696704921,0,100,0,128,1,"[100,-64,5,0,-17,11,-17,11,-17,12,-16,13,-16,13,-16,13,-15,13,-15,14,-15,14,-15,14,-15,14,-15,14,-15,15,-15,15,-15,15,-15,14,-15,14,-15,13,-15,13,-15,13,-16,12,-16,12,-16,11,-16,10,-16,9,-5,2,0,0,0,0,0,0,0,0,0,0,0,0,0,0,0,0,0,0,-3,2,-12,7,-11,7,-11,7,-11,6,-11,5,-12,5,-14,5,-14,5,-15,6,-15,6,-16,5,-16,5,-16,5,-16,5,-16,6,-17,7,-17,7,-17,7,-16,7,-16,8,-16,8,-17,9,-17,9,-17,10,-17,10,-17,10]"
CSI_DATA,44547,d8:b1:90:db:e8:90,-52,11,1,7,0,0,1,0,0,0,1,-94,0,8,0,696715606,0,100,0,128,1,"[100,-64,5,0,1,22,1,22,1,22,2,23,2,23,3,22,3,22,4,21,4,21,5,21,5,21,5,22,5,22,5,22,5,22,4,22,4,22,3,22,3,22,3,21,2,21,2,21,1,21,0,21,-1,21,-1,5,0,0,0,0,0,0,0,0,0,0,0,0,0,0,0,0,0,0,0,3,0,14,0,14,0,14,-1,14,-1,15,-2,15,-3,16,-3,16,-4,17,-4,17,-4,17,-4,18,-4,18,-4,18,-4,19,-4,19,-4,19,-3,19,-3,20,-2,20,-2,20,-2,20,-1,21,-1,21,-1,22,0,22]"
CSI_DATA,44548,d8:b1:90:db:e8:90,-52,11,1,7,0,0,1,0,0,0,1,-94,0,8,0,696734941,0,100,0,128,1,"[100,-64,5,0,-3,-24,-3,-24,-3,-24,-3,-23,-3,-23,-3,-23,-4,-23,-4,-23,-5,-23,-5,-23,-6,-23,-6,-23,-6,-23,-6,-23,-6,-23,-6,-23,-6,-23,-5,-23,-5,-23,-4,-22,-3,-21,-3,-21,-2,-21,-1,-22,0,-22,0,-6,0,0,0,0,0,0,0,0,0,0,0,0,0,0,0,0,0,0,-1,-4,-1,-15,-1,-15,-1,-15,-1,-15,0,-16,0,-16,1,-17,2,-18,2,-18,3,-19,3,-19,3,-19,3,-19,3,-20,3,-20,2,-20,2,-20,1,-21,0,-20,0,-20,0,-21,-1,-21,-1,-22,-2,-22,-2,-22,-2,-23]"
CSI_DATA,44549,d8:b1:90:db:e8:90,-52,11,1,7,0,0,1,0,0,0,1,-94,0,8,0,696746506,0,100,0,128,1,"[100,-64,5,0,-21,-9,-21,-10,-21,-10,-22,-9,-22,-9,-22,-9,-22,-8,-22,-6,-22,-5,-22,-5,-23,-4,-23,-3,-23,-3,-23,-4,-23,-4,-22,-4,-22,-4,-22,-5,-22,-5,-22,-6,-22,-6,-22,-7,-21,-7,-20,-8,-20,-9,-5,-3,0,0,0,0,0,0,0,0,0,0,0,0,0,0,0,0,0,0,-4,-1,-13,-4,-13,-4,-14,-5,-14,-6,-14,-7,-14,-7,-15,-8,-15,-9,-15,-10,-16,-10,-16,-11,-16,-11,-16,-11,-16,-12,-16,-12,-16,-12,-16,-12,-17,-12,-18,-11,-18,-11,-19,-11,-19,-11,-19,-11,-20,-10,-20,-10,-20,-10]"
CSI_DATA,44550,d8:b1:90:db:e8:90,-51,11,1,7,0,0,1,0,0,0,1,-94,0,8,0,696765191,0,100,0,128,1,"[100,-64,5,0,9,26,9,26,9,26,10,25,10,25,11,25,11,24,13,23,13,23,14,23,14,22,14,22,14,23,14,23,14,23,14,23,13,23,12,23,12,23,12,23,11,23,10,23,9,23,8,23,7,23,1,5,0,0,0,0,0,0,0,0,0,0,0,0,0,0,0,0,0,0,2,3,8,15,7,15,8,16,7,16,7,17,6,18,6,19,6,19,5,20,5,21,5,22,5,22,5,22,5,22,5,22,5,23,5,23,5,23,6,23,6,23,7,23,7,24,8,24,8,24,8,25,8,25]"
CSI_DATA,44551,d8:b1:90:db:e8:90,-51,11,1,7,0,0,1,0,0,0,1,-94,0,8,0,696775405,0,100,0,128,1,"[100,-64,5,0,-12,-26,-11,-26,-12,-26,-12,-25,-13,-24,-13,-24,-14,-24,-15,-23,-16,-22,-16,-22,-16,-22,-17,-22,-17,-23,-16,-23,-16,-23,-16,-22,-16,-23,-15,-23,-15,-23,-15,-23,-14,-23,-13,-23,-12,-23,-11,-23,-10,-23,-3,-6,0,0,0,0,0,0,0,0,0,0,0,0,0,0,0,0,0,0,-3,-4,-9,-16,-9,-16,-9,-17,-9,-17,-9,-18,-9,-18,-8,-19,-8,-20,-8,-20,-7,-21,-7,-22,-7,-23,-7,-23,-7,-23,-7,-23,-7,-23,-7,-24,-8,-24,-8,-23,-9,-23,-9,-23,-10,-24,-10,-24,-10,-24,-10,-25,-11,-25]"
CSI_DATA,44552,d8:b1:90:db:e8:90,-52,11,1,7,0,0,1,0,0,0,1,-94,0,8,0,696786585,0,100,0,128,1,"[100,-64,5,0,-14,18,-14,18,-13,18,-13,19,-12,19,-12,19,-11,19,-11,19,-11,19,-11,19,-11,19,-11,20,-11,20,-11,20,-11,20,-10,20,-10,20,-10,19,-11,19,-11,18,-11,18,-12,17,-12,17,-13,16,-14,16,-4,3,0,0,0,0,0,0,0,0,0,0,0,0,0,0,0,0,0,0,-3,2,-9,11,-9,10,-10,10,-11,10,-12,10,-12,10,-13,10,-13,10,-14,10,-14,10,-15,11,-15,11,-15,11,-15,11,-15,12,-15,12,-15,13,-15,13,-14,14,-14,14,-14,15,-13,15,-13,17,-13,17,-13,17,-13,17]"
CSI_DATA,44553,d8:b1:90:db:e8:90,-52,11,1,7,0,0,1,0,0,0,1,-94,0,8,0,696807259,0,100,0,128,1,"[100,-64,5,0,-6,-20,-6,-20,-6,-20,-6,-20,-6,-19,-7,-19,-7,-18,-7,-18,-7,-19,-7,-18,-8,-18,-9,-18,-9,-18,-9,-18,-9,-19,-9,-19,-8,-19,-8,-19,-8,-18,-7,-18,-7,-18,-6,-18,-5,-18,-4,-18,-4,-18,-1,-5,0,0,0,0,0,0,0,0,0,0,0,0,0,0,0,0,0,0,-1,-3,-3,-11,-2,-12,-2,-13,-2,-14,-2,-15,-2,-15,-1,-15,0,-16,0,-16,0,-16,0,-16,0,-17,1,-17,0,-17,0,-17,-1,-17,-1,-17,-1,-18,-2,-18,-2,-18,-2,-18,-3,-19,-3,-19,-3,-19,-4,-19,-4,-20]"
CSI_DATA,44554,d8:b1:90:db:e8:90,-52,11,1,7,0,0,1,0,0,0,1,-94,0,8,0,696837511,0,100,0,128,1,"[100,-64,5,0,20,-12,20,-11,20,-11,19,-11,19,-11,19,-12,18,-12,18,-13,18,-13,17,-13,17,-14,17,-15,16,-15,16,-15,16,-15,17,-15,16,-15,16,-15,16,-15,16,-14,16,-14,17,-13,17,-12,17,-11,18,-11,4,-3,0,0,0,0,0,0,0,0,0,0,0,0,0,0,0,0,0,0,2,-3,10,-9,11,-9,12,-8,13,-8,13,-8,14,-8,15,-8,15,-8,16,-8,17,-7,17,-7,17,-7,17,-7,17,-7,17,-7,17,-7,17,-7,18,-8,18,-8,18,-9,18,-9,19,-10,19,-10,19,-10,20,-10,20,-10]"
CSI_DATA,44555,d8:b1:90:db:e8:90,-52,11,1,7,0,0,1,0,0,0,1,-94,0,8,0,696853901,0,100,0,128,1,"[100,-64,5,0,-23,-1,-23,-1,-23,-1,-23,-1,-23,-1,-23,-1,-23,0,-22,2,-22,2,-22,2,-22,3,-23,4,-23,4,-23,4,-23,4,-22,4,-22,3,-22,3,-22,2,-22,2,-22,1,-21,0,-21,-1,-21,-2,-21,-2,-6,-1,0,0,0,0,0,0,0,0,0,0,0,0,0,0,0,0,0,0,-4,0,-15,0,-14,-1,-15,-1,-15,-2,-16,-2,-16,-2,-16,-2,-17,-3,-17,-3,-18,-4,-19,-4,-19,-4,-19,-5,-20,-5,-20,-4,-20,-4,-20,-4,-20,-4,-20,-3,-21,-2,-21,-2,-21,-2,-22,-2,-22,-2,-22,-2,-23,-2]"
CSI_DATA,44556,d8:b1:90:db:e8:90,-52,11,1,7,0,0,1,0,0,0,1,-94,0,8,0,696864630,0,100,0,128,1,"[100,-64,5,0,-23,4,-23,4,-23,4,-22,5,-22,6,-22,6,-22,6,-22,7,-22,7,-21,7,-21,8,-21,8,-21,8,-21,8,-21,8,-21,8,-21,8,-21,7,-21,6,-21,6,-21,5,-21,5,-21,4,-21,3,-21,2,-6,0,0,0,0,0,0,0,0,0,0,0,0,0,0,0,0,0,0,0,-4,0,-14,2,-14,2,-15,1,-15,1,-16,1,-16,1,-17,1,-17,0,-18,0,-18,0,-19,-1,-19,-1,-19,-1,-19,-1,-19,-1,-19,-1,-19,-1,-20,0,-20,0,-20,1,-21,1,-21,1,-21,2,-22,2,-22,2,-22,2]"
CSI_DATA,44557,d8:b1:90:db:e8:90,-51,11,1,7,0,0,1,0,0,0,1,-94,0,8,0,696875455,0,100,0,128,1,"[100,-64,5,0,26,2,26,1,26,1,26,1,26,0,26,0,26,0,26,-1,26,-1,26,-2,26,-2,26,-2,26,-2,26,-2,26,-2,27,-2,27,-2,26,-2,26,-2,26,-1,26,-1,25,0,25,1,25,2,24,4,6,1,0,0,0,0,0,0,0,0,0,0,0,0,0,0,0,0,0,0,4,0,16,0,17,1,17,3,17,3,17,4,18,5,18,5,19,5,19,6,20,7,21,7,21,8,21,8,21,8,21,9,21,8,21,8,22,7,23,7,23,6,24,6,24,6,25,4,25,4,26,4,26,4]"
CSI_DATA,44558,d8:b1:90:db:e8:90,-52,11,1,7,0,0,1,0,0,0,1,-94,0,8,0,696890006,0,100,0,128,1,"[100,-64,5,0,-17,-16,-16,-16,-16,-16,-17,-16,-17,-16,-17,-15,-17,-15,-18,-15,-18,-14,-18,-14,-18,-14,-18,-14,-19,-13,-19,-14,-19,-14,-19,-14,-19,-14,-19,-14,-18,-14,-18,-14,-18,-14,-17,-15,-16,-15,-15,-16,-14,-16,-4,-5,0,0,0,0,0,0,0,0,0,0,0,0,0,0,0,0,0,0,-3,-3,-10,-11,-9,-11,-9,-12,-9,-13,-8,-13,-9,-14,-9,-14,-9,-15,-9,-15,-9,-16,-8,-17,-8,-17,-8,-18,-8,-18,-9,-17,-9,-17,-9,-18,-10,-18,-11,-18,-12,-18,-12,-18,-13,-18,-13,-17,-14,-17,-14,-17,-14,-17]"
CSI_DATA,44559,d8:b1:90:db:e8:90,-52,11,1,7,0,0,1,0,0,0,1,-94,0,8,0,696905475,0,100,0,128,1,"[100,-64,5,0,3,20,3,20,4,20,4,19,4,19,4,18,5,18,5,18,5,18,5,18,5,18,5,18,5,18,5,18,5,18,6,19,5,19,5,19,4,18,4,18,4,18,3,18,2,18,1,18,0,18,0,4,0,0,0,0,0,0,0,0,0,0,0,0,0,0,0,0,0,0,0,3,3,12,2,12,3,12,2,12,2,12,1,13,1,13,0,14,0,14,0,15,0,15,0,16,0,16,0,16,0,16,0,16,0,16,0,16,1,17,1,17,1,17,2,18,3,18,3,19,3,19,3,19]"
CSI_DATA,44560,d8:b1:90:db:e8:90,-52,11,1,7,0,0,1,0,0,0,1,-94,0,8,0,696916965,0,100,0,128,1,"[100,-64,5,0,19,6,20,6,20,6,19,5,19,5,19,5,19,5,19,4,19,4,19,4,19,3,19,3,19,2,19,2,19,2,19,3,19,3,19,3,19,4,18,5,18,5,18,5,17,6,17,7,16,8,4,2,0,0,0,0,0,0,0,0,0,0,0,0,0,0,0,0,0,0,2,0,10,3,11,2,11,2,11,3,12,4,12,4,13,5,13,6,13,7,13,7,13,8,13,8,14,8,14,8,14,8,15,7,15,7,15,7,16,7,16,7,16,7,17,7,18,6,18,6,18,6,19,6]"
CSI_DATA,44561,d8:b1:90:db:e8:90,-52,11,1,7,0,0,1,0,0,0,1,-94,0,8,0,696939160,0,100,0,128,1,"[100,-64,5,0,-6,26,-6,26,-6,26,-5,25,-5,25,-5,25,-4,25,-4,24,-3,24,-3,24,-2,24,-1,25,-1,25,-1,25,-1,25,-1,25,-2,25,-2,25,-3,24,-4,24,-4,24,-5,24,-6,23,-7,23,-8,22,-2,5,0,0,0,0,0,0,0,0,0,0,0,0,0,0,0,0,0,0,-1,3,-3,14,-3,15,-3,15,-4,16,-4,16,-5,16,-6,17,-7,18,-8,18,-8,19,-9,18,-9,19,-10,19,-9,19,-9,19,-8,20,-8,20,-8,20,-8,21,-8,21,-8,22,-7,22,-6,23,-6,24,-6,24,-5,25]"
CSI_DATA,44562,d8:b1:90:db:e8:90,-51,11,1,7,0,0,1,0,0,0,1,-94,0,8,0,696951170,0,100,0,128,1,"[100,-64,5,0,-24,-14,-24,-15,-24,-15,-24,-14,-24,-13,-24,-13,-25,-12,-25,-12,-25,-12,-25,-11,-26,-11,-26,-10,-27,-10,-27,-10,-26,-10,-26,-10,-25,-10,-25,-10,-24,-10,-24,-11,-23,-12,-23,-12,-22,-13,-21,-14,-21,-15,-5,-4,0,0,0,0,0,0,0,0,0,0,0,0,0,0,0,0,0,0,-4,-3,-15,-9,-15,-10,-15,-11,-15,-12,-15,-12,-15,-13,-15,-12,-16,-13,-16,-13,-16,-14,-16,-14,-17,-15,-17,-15,-17,-15,-18,-16,-18,-16,-19,-16,-19,-16,-19,-16,-19,-15,-20,-15,-21,-15,-22,-15,-22,-15,-22,-15,-22,-15]"
CSI_DATA,44563,d8:b1:90:db:e8:90,-52,11,1,7,0,0,1,0,0,0,1,-94,0,8,0,696965667,0,100,0,128,1,"[100,-64,5,0,6,-22,6,-22,6,-22,6,-22,5,-22,5,-22,5,-22,4,-22,4,-22,3,-22,3,-22,3,-23,3,-22,3,-23,3,-23,3,-22,3,-22,3,-22,4,-22,4,-22,4,-21,5,-21,6,-20,6,-20,7,-20,1,-5,0,0,0,0,0,0,0,0,0,0,0,0,0,0,0,0,0,0,0,-4,3,-13,3,-13,4,-14,5,-14,5,-14,6,-15,6,-15,7,-15,7,-16,8,-16,8,-16,8,-16,9,-17,9,-17,9,-17,9,-17,9,-18,8,-18,8,-19,7,-19,7,-19,7,-20,7,-20,6,-21,6,-21,7,-21]"
CSI_DATA,44564,d8:b1:90:db:e8:90,-51,11,1,7,0,0,1,0,0,0,1,-94,0,8,0,696985420,0,100,0,128,1,"[100,-64,5,0,13,24,13,23,13,23,14,22,14,22,14,22,14,21,15,21,15,21,15,20,15,20,16,20,16,21,15,21,16,21,16,21,15,21,15,22,14,22,13,22,12,22,12,22,11,22,10,22,9,23,2,5,0,0,0,0,0,0,0,0,0,0,0,0,0,0,0,0,0,0,2,3,8,14,7,15,7,15,7,16,7,17,6,18,6,18,6,19,6,20,6,20,6,20,7,20,6,21,6,21,6,21,6,21,6,21,7,21,9,22,9,22,10,22,10,22,11,23,11,23,11,23,12,23]"
CSI_DATA,44565,d8:b1:90:db:e8:90,-52,11,1,7,0,0,1,0,0,0,1,-94,0,8,0,696995757,0,100,0,128,1,"[100,-64,5,0,14,-18,14,-18,14,-18,13,-18,13,-19,12,-19,12,-19,12,-19,11,-19,11,-19,11,-19,11,-19,11,-20,11,-20,12,-20,12,-20,12,-19,12,-19,12,-19,12,-18,13,-18,13,-17,14,-16,14,-16,15,-15,3,-4,0,0,0,0,0,0,0,0,0,0,0,0,0,0,0,0,0,0,2,-3,9,-11,9,-11,10,-11,10,-11,11,-11,12,-11,12,-11,13,-11,14,-11,14,-11,14,-12,14,-12,14,-12,14,-12,15,-12,15,-12,15,-12,14,-13,14,-14,14,-15,14,-15,14,-15,14,-16,15,-16,15,-16,15,-17]"
CSI_DATA,44566,d8:b1:90:db:e8:90,-52,11,1,7,0,0,1,0,0,0,1,-94,0,8,0,697006547,0,100,0,128,1,"[100,-64,5,0,-15,13,-16,13,-15,13,-15,13,-14,14,-14,14,-13,14,-13,15,-12,15,-12,15,-12,16,-12,16,-12,17,-12,16,-12,16,-11,16,-11,16,-11,15,-12,15,-12,15,-13,15,-13,14,-13,14,-14,13,-14,13,-4,3,0,0,0,0,0,0,0,0,0,0,0,0,0,0,0,0,0,0,-2,2,-9,9,-10,8,-10,7,-11,7,-12,7,-12,7,-12,8,-13,9,-14,9,-14,9,-14,8,-15,8,-15,8,-15,8,-15,8,-15,9,-15,9,-15,9,-15,10,-15,10,-15,10,-15,11,-15,11,-15,11,-15,12,-15,12]"
CSI_DATA,44567,d8:b1:90:db:e8:90,-51,11,1,7,0,0,1,0,0,0,1,-94,0,8,0,697041607,0,100,0,128,1,"[100,-64,5,0,4,21,4,21,4,20,5,21,5,21,6,20,6,20,6,20,6,19,6,19,7,19,8,19,9,19,9,19,9,19,9,19,9,19,8,19,8,19,7,19,6,19,6,19,5,19,4,19,3,19,0,4,0,0,0,0,0,0,0,0,0,0,0,0,0,0,0,0,0,0,0,3,1,12,1,13,1,13,1,14,1,14,0,15,0,15,1,16,0,16,0,17,1,17,1,17,1,18,0,18,0,18,0,18,0,18,1,19,1,19,2,19,2,19,2,19,2,19,2,19,2,20,2,21]"
CSI_DATA,44568,d8:b1:90:db:e8:90,-52,11,1,7,0,0,1,0,0,0,1,-94,0,8,0,697057238,0,100,0,128,1,"[100,-64,5,0,8,21,8,21,9,21,9,21,9,20,9,20,10,19,11,19,12,18,12,18,13,17,14,17,14,17,14,17,14,17,15,16,14,16,14,17,13,17,13,17,12,17,11,17,11,17,10,18,9,19,2,4,0,0,0,0,0,0,0,0,0,0,0,0,0,0,0,0,0,0,2,2,8,12,7,12,7,13,7,13,7,14,6,15,6,15,6,16,6,17,6,17,5,18,5,18,5,18,5,19,4,19,4,20,5,20,5,20,6,19,6,19,6,19,7,20,7,20,8,20,8,20,8,21]"
CSI_DATA,44569,d8:b1:90:db:e8:90,-51,11,1,7,0,0,1,0,0,0,1,-94,0,8,0,697075409,0,100,0,128,1,"[100,-64,5,0,-24,15,-24,15,-23,15,-23,15,-22,16,-22,16,-21,17,-20,18,-20,18,-20,18,-20,19,-20,19,-19,19,-19,19,-19,19,-19,19,-19,19,-19,18,-20,18,-20,17,-20,16,-21,15,-21,15,-22,14,-22,13,-6,3,0,0,0,0,0,0,0,0,0,0,0,0,0,0,0,0,0,0,-4,2,-14,11,-15,10,-15,10,-16,9,-17,9,-18,9,-19,9,-19,9,-20,9,-21,9,-21,9,-22,9,-22,9,-22,9,-22,9,-22,9,-22,10,-22,10,-23,11,-23,12,-23,12,-23,13,-23,13,-24,13,-24,13,-24,13]"
CSI_DATA,44570,d8:b1:90:db:e8:90,-52,11,1,7,0,0,1,0,0,0,1,-94,0,8,0,697097319,0,100,0,128,1,"[100,-64,5,0,22,7,22,6,22,6,22,6,21,6,21,6,21,5,21,4,21,4,22,3,22,3,22,2,22,2,22,2,22,2,22,2,22,3,22,3,21,3,21,4,20,4,20,5,20,5,19,6,19,7,4,1,0,0,0,0,0,0,0,0,0,0,0,0,0,0,0,0,0,0,3,0,14,2,14,2,14,3,14,3,14,4,14,4,15,5,15,5,15,6,16,7,17,7,17,8,17,8,17,9,17,9,17,9,17,8,17,8,18,8,18,8,19,8,19,7,19,7,19,7,20,7,21,7]"
CSI_DATA,44571,d8:b1:90:db:e8:90,-52,11,1,7,0,0,1,0,0,0,1,-94,0,8,0,697115085,0,100,0,128,1,"[100,-64,5,0,-11,-18,-11,-18,-11,-18,-11,-18,-12,-18,-12,-17,-12,-17,-13,-17,-13,-16,-13,-16,-14,-16,-14,-16,-14,-16,-14,-16,-14,-16,-14,-16,-14,-16,-13,-16,-13,-16,-13,-16,-13,-16,-12,-16,-11,-16,-10,-17,-10,-17,-3,-5,0,0,0,0,0,0,0,0,0,0,0,0,0,0,0,0,0,0,-3,-3,-8,-11,-7,-12,-7,-13,-6,-13,-6,-13,-6,-14,-7,-15,-7,-15,-6,-16,-5,-17,-5,-18,-5,-18,-6,-17,-6,-18,-6,-18,-6,-18,-6,-18,-6,-18,-7,-18,-8,-18,-8,-18,-9,-18,-9,-18,-10,-18,-10,-18,-10,-18]"
CSI_DATA,44572,d8:b1:90:db:e8:90,-52,11,1,7,0,0,1,0,0,0,1,-94,0,8,0,697125162,0,100,0,128,1,"[100,-64,5,0,-21,-14,-21,-13,-20,-13,-20,-13,-20,-12,-20,-12,-20,-12,-20,-11,-20,-11,-21,-11,-21,-10,-21,-9,-22,-9,-22,-9,-21,-9,-21,-9,-21,-10,-21,-10,-20,-10,-20,-10,-20,-10,-20,-11,-19,-11,-18,-12,-18,-13,-5,-4,0,0,0,0,0,0,0,0,0,0,0,0,0,0,0,0,0,0,-4,-2,-13,-8,-13,-9,-13,-10,-13,-11,-13,-11,-13,-12,-13,-12,-14,-12,-14,-13,-14,-14,-14,-14,-14,-14,-14,-15,-14,-15,-15,-15,-15,-15,-15,-15,-16,-15,-16,-14,-17,-14,-17,-14,-18,-14,-18,-14,-19,-14,-19,-14,-19,-14]"
CSI_DATA,44573,d8:b1:90:db:e8:90,-52,11,1,7,0,0,1,0,0,0,1,-94,0,8,0,697150392,0,100,0,128,1,"[100,-64,5,0,23,-4,23,-4,23,-4,23,-5,22,-5,22,-5,22,-5,22,-6,21,-6,21,-7,21,-7,21,-8,21,-8,21,-8,21,-8,21,-7,21,-7,21,-7,21,-6,21,-6,21,-6,21,-5,21,-5,21,-4,21,-2,5,-1,0,0,0,0,0,0,0,0,0,0,0,0,0,0,0,0,0,0,3,-2,14,-5,15,-4,16,-3,16,-2,16,-1,17,-1,17,-1,18,-1,19,0,19,0,19,-1,20,0,20,0,20,0,20,0,20,0,21,0,21,0,21,-1,21,-2,21,-2,22,-2,22,-3,22,-3,23,-3,23,-3]"
CSI_DATA,44574,d8:b1:90:db:e8:90,-52,11,1,7,0,0,1,0,0,0,1,-94,0,8,0,697161370,0,100,0,128,1,"[100,-64,5,0,-23,6,-23,6,-23,6,-22,6,-22,7,-22,7,-21,8,-21,8,-21,8,-21,9,-21,9,-21,9,-21,9,-20,10,-21,9,-21,9,-21,9,-20,9,-20,8,-20,8,-20,7,-20,7,-21,6,-21,5,-21,5,-6,1,0,0,0,0,0,0,0,0,0,0,0,0,0,0,0,0,0,0,-4,1,-15,4,-15,4,-16,3,-16,2,-17,2,-17,2,-18,2,-18,2,-19,1,-19,1,-20,1,-20,0,-20,0,-21,0,-21,0,-21,0,-21,1,-21,1,-21,2,-21,3,-21,3,-21,4,-21,4,-21,4,-22,4,-22,5]"
CSI_DATA,44575,d8:b1:90:db:e8:90,-52,11,1,7,0,0,1,0,0,0,1,-94,0,8,0,697175302,0,100,0,128,1,"[100,-64,5,0,19,4,19,4,19,4,19,4,19,3,19,3,19,2,19,1,19,1,19,1,19,0,19,-1,19,-1,19,-1,19,-1,19,-1,19,0,19,0,19,0,18,0,18,1,18,1,18,2,18,3,18,3,4,0,0,0,0,0,0,0,0,0,0,0,0,0,0,0,0,0,0,0,3,0,13,1,13,2,13,2,14,3,14,4,14,4,14,4,15,5,15,6,15,6,15,6,15,7,15,7,15,7,16,7,16,6,16,6,16,6,17,6,17,6,17,6,17,6,18,5,18,5,19,5,19,5]"
CSI_DATA,44576,d8:b1:90:db:e8:90,-51,11,1,7,0,0,1,0,0,0,1,-94,0,8,0,697187350,0,100,0,128,1,"[100,-64,5,0,-26,10,-26,10,-26,10,-26,11,-25,11,-25,12,-24,12,-24,13,-23,13,-23,13,-23,14,-23,15,-22,15,-22,15,-22,15,-22,15,-22,15,-22,14,-22,14,-22,13,-22,13,-23,12,-23,11,-23,10,-23,9,-6,2,0,0,0,0,0,0,0,0,0,0,0,0,0,0,0,0,0,0,-4,2,-16,9,-17,8,-18,8,-19,8,-19,7,-20,7,-21,7,-22,6,-23,6,-23,5,-24,5,-24,4,-24,4,-24,4,-24,5,-24,5,-24,6,-24,6,-25,6,-25,6,-25,7,-25,7,-25,8,-26,8,-26,9,-26,9]"
CSI_DATA,44577,d8:b1:90:db:e8:90,-52,11,1,7,0,0,1,0,0,0,1,-94,0,8,0,697197535,0,100,0,128,1,"[100,-64,5,0,9,20,10,20,11,19,11,20,11,19,12,19,12,18,12,17,12,17,12,16,13,16,13,17,14,17,14,18,14,18,16,17,15,17,14,16,14,16,13,16,12,16,11,17,10,17,9,18,8,20,1,5,0,0,0,0,0,0,0,0,0,0,0,0,0,0,0,0,0,0,1,3,7,13,6,14,6,14,6,15,5,15,5,16,5,16,5,17,4,17,4,18,3,19,3,19,3,19,3,20,4,20,4,20,4,20,5,20,5,20,5,20,6,20,7,20,9,20,9,20,9,20,10,19]"
CSI_DATA,44578,d8:b1:90:db:e8:90,-52,11,1,7,0,0,1,0,0,0,1,-94,0,8,0,697215247,0,100,0,128,1,"[100,-64,5,0,-15,14,-15,14,-15,14,-15,14,-14,14,-14,14,-13,14,-13,15,-12,15,-12,16,-12,16,-12,16,-11,16,-11,16,-11,16,-11,16,-11,16,-11,16,-12,15,-12,15,-12,15,-13,14,-13,14,-14,13,-15,12,-4,3,0,0,0,0,0,0,0,0,0,0,0,0,0,0,0,0,0,0,-3,2,-11,11,-11,10,-11,9,-10,8,-12,9,-13,8,-14,7,-15,8,-14,8,-15,9,-16,8,-16,8,-16,7,-16,7,-16,8,-17,8,-17,9,-17,9,-16,9,-16,10,-16,10,-16,11,-16,12,-15,12,-15,13,-15,13]"
CSI_DATA,44579,d8:b1:90:db:e8:90,-51,11,1,7,0,0,1,0,0,0,1,-94,0,8,0,697259616,0,100,0,128,1,"[100,-64,5,0,4,27,4,27,5,27,5,27,6,26,6,26,7,26,7,26,7,26,8,25,8,25,9,25,9,25,9,25,9,25,9,25,9,25,8,25,8,25,7,25,6,25,5,24,5,25,3,25,2,26,0,6,0,0,0,0,0,0,0,0,0,0,0,0,0,0,0,0,0,0,0,4,3,18,2,18,2,18,1,18,-1,20,-1,22,-1,22,-1,22,-2,23,-3,24,-2,24,-2,24,-2,25,-2,24,-2,25,-2,25,-2,25,-1,25,-1,25,0,25,0,26,1,26,1,27,1,27,2,27,3,27]"
CSI_DATA,44580,d8:b1:90:db:e8:90,-51,11,1,7,0,0,1,0,0,0,1,-94,0,8,0,697269602,0,100,0,128,1,"[100,-64,5,0,8,-26,8,-26,8,-26,6,-27,6,-27,6,-27,5,-27,4,-27,2,-27,2,-27,2,-27,2,-27,2,-27,2,-27,2,-27,2,-27,3,-27,3,-27,4,-27,4,-26,5,-26,5,-25,6,-25,7,-25,8,-25,2,-7,0,0,0,0,0,0,0,0,0,0,0,0,0,0,0,0,0,0,0,-5,2,-20,3,-20,4,-20,5,-20,6,-20,7,-21,7,-21,8,-21,9,-21,10,-22,10,-22,11,-22,11,-22,11,-22,11,-22,11,-22,12,-22,11,-23,10,-23,10,-24,10,-24,10,-25,9,-25,9,-26,9,-26,9,-27]"
CSI_DATA,44581,d8:b1:90:db:e8:90,-52,11,1,7,0,0,1,0,0,0,1,-94,0,8,0,697280018,0,100,0,128,1,"[100,-64,5,0,-18,-17,-18,-17,-18,-16,-17,-16,-18,-15,-18,-14,-18,-14,-18,-14,-18,-14,-18,-14,-19,-13,-19,-12,-20,-12,-20,-12,-20,-12,-20,-12,-20,-13,-19,-13,-19,-13,-19,-13,-18,-14,-17,-14,-17,-15,-16,-15,-15,-16,-4,-4,0,0,0,0,0,0,0,0,0,0,0,0,0,0,0,0,0,0,-4,-3,-13,-10,-12,-11,-12,-12,-12,-12,-11,-13,-12,-14,-12,-14,-12,-15,-12,-15,-12,-16,-12,-17,-12,-17,-12,-18,-12,-18,-13,-18,-13,-17,-13,-17,-14,-17,-14,-17,-15,-17,-15,-17,-15,-17,-15,-18,-15,-18,-16,-18,-16,-18]"
CSI_DATA,44582,d8:b1:90:db:e8:90,-51,11,1,7,0,0,1,0,0,0,1,-94,0,8,0,697290363,0,100,0,128,1,"[100,-64,5,0,-22,-12,-22,-12,-21,-12,-21,-11,-21,-10,-21,-10,-21,-9,-21,-9,-21,-9,-22,-8,-22,-8,-22,-7,-22,-6,-22,-7,-22,-7,-23,-7,-23,-7,-22,-7,-22,-7,-22,-8,-21,-8,-21,-9,-20,-10,-20,-11,-19,-11,-5,-3,0,0,0,0,0,0,0,0,0,0,0,0,0,0,0,0,0,0,-4,-2,-14,-7,-14,-8,-14,-9,-14,-10,-14,-10,-14,-11,-15,-11,-15,-12,-15,-12,-15,-13,-16,-14,-16,-14,-16,-15,-16,-15,-16,-14,-17,-14,-17,-14,-17,-14,-18,-14,-18,-14,-19,-13,-19,-13,-19,-14,-19,-14,-20,-13,-20,-13]"
CSI_DATA,44583,d8:b1:90:db:e8:90,-51,11,1,7,0,0,1,0,0,0,1,-94,0,8,0,697306658,0,100,0,128,1,"[100,-64,5,0,15,-25,15,-24,15,-24,14,-24,14,-24,14,-24,13,-24,12,-24,11,-25,10,-25,10,-25,9,-26,9,-26,9,-26,9,-26,9,-26,9,-25,10,-25,10,-25,10,-25,11,-24,12,-23,12,-23,13,-22,14,-22,3,-6,0,0,0,0,0,0,0,0,0,0,0,0,0,0,0,0,0,0,2,-5,8,-16,7,-16,8,-16,9,-17,11,-18,13,-19,14,-19,14,-19,15,-18,16,-18,17,-18,17,-18,19,-17,20,-17,19,-18,19,-19,20,-20,20,-20,18,-20,18,-20,18,-20,17,-22,17,-23,17,-23,17,-24,16,-24]"
CSI_DATA,44584,d8:b1:90:db:e8:90,-52,11,1,7,0,0,1,0,0,0,1,-94,0,8,0,697324852,0,100,0,128,1,"[100,-64,5,0,-20,-9,-20,-9,-20,-9,-20,-9,-20,-9,-20,-8,-20,-8,-20,-7,-20,-7,-20,-6,-20,-6,-20,-5,-20,-6,-20,-6,-20,-6,-20,-6,-19,-7,-19,-7,-19,-8,-19,-8,-19,-8,-18,-8,-18,-9,-17,-9,-17,-10,-5,-3,0,0,0,0,0,0,0,0,0,0,0,0,0,0,0,0,0,0,-3,-1,-12,-4,-13,-6,-13,-6,-12,-7,-13,-8,-14,-8,-14,-10,-15,-10,-15,-11,-15,-10,-16,-10,-16,-11,-16,-11,-16,-11,-16,-11,-17,-11,-17,-11,-17,-11,-17,-11,-17,-10,-17,-10,-18,-10,-18,-10,-18,-10,-19,-10,-19,-10]"
CSI_DATA,44585,d8:b1:90:db:e8:90,-51,11,1,7,0,0,1,0,0,0,1,-94,0,8,0,697348586,0,100,0,128,1,"[100,-64,5,0,22,-6,22,-6,22,-6,21,-6,20,-6,20,-6,20,-7,20,-8,20,-9,19,-9,19,-10,19,-10,19,-10,19,-10,19,-10,19,-10,19,-9,18,-9,18,-9,19,-9,19,-8,19,-7,19,-6,19,-5,19,-4,5,-1,0,0,0,0,0,0,0,0,0,0,0,0,0,0,0,0,0,0,3,-2,13,-5,14,-4,14,-3,15,-3,16,-3,16,-3,16,-3,17,-2,17,-2,18,-1,18,-1,19,-1,19,0,19,0,19,-1,19,-1,19,-1,19,-2,19,-3,19,-3,20,-4,20,-4,21,-4,21,-4,21,-4,21,-4]"
CSI_DATA,44586,d8:b1:90:db:e8:90,-51,11,1,7,0,0,1,0,0,0,1,-94,0,8,0,697365831,0,100,0,128,1,"[100,-64,5,0,23,-4,23,-5,23,-5,24,-5,23,-5,23,-5,23,-6,22,-7,21,-8,21,-9,21,-10,21,-10,21,-11,21,-11,21,-11,21,-11,21,-11,21,-11,21,-10,20,-9,21,-9,21,-9,21,-8,21,-7,21,-6,5,-2,0,0,0,0,0,0,0,0,0,0,0,0,0,0,0,0,0,0,3,-2,14,-6,15,-5,15,-4,16,-4,17,-3,17,-3,18,-2,18,-2,19,-2,19,-1,20,-1,20,-1,20,-1,21,-1,21,-1,21,-1,21,-2,22,-2,22,-2,22,-2,22,-2,23,-3,24,-3,24,-3,24,-3,24,-3]"
CSI_DATA,44587,d8:b1:90:db:e8:90,-51,11,1,7,0,0,1,0,0,0,1,-94,0,8,0,697381668,0,100,0,128,1,"[100,-64,5,0,5,24,5,24,5,24,6,24,6,24,6,24,7,23,7,22,7,22,7,22,7,22,8,21,8,21,8,22,8,22,8,22,8,22,7,22,7,22,7,22,7,22,6,22,5,22,4,22,3,23,0,5,0,0,0,0,0,0,0,0,0,0,0,0,0,0,0,0,0,0,1,3,5,15,4,15,3,15,2,16,2,17,1,17,2,18,1,19,1,20,1,20,1,21,1,21,1,21,1,21,0,21,0,21,1,21,1,21,1,22,1,22,2,23,3,23,3,23,4,24,4,24,4,24]"
CSI_DATA,44588,d8:b1:90:db:e8:90,-51,11,1,7,0,0,1,0,0,0,1,-94,0,8,0,697398195,0,100,0,128,1,"[100,-64,5,0,-23,2,-23,2,-23,2,-23,2,-23,3,-23,3,-22,3,-22,4,-21,4,-21,4,-21,4,-21,4,-21,4,-21,4,-21,4,-21,4,-21,4,-21,4,-21,4,-21,4,-21,3,-21,3,-21,2,-21,1,-21,0,-6,-1,0,0,0,0,0,0,0,0,0,0,0,0,0,0,0,0,0,0,-4,0,-15,2,-15,2,-15,1,-16,0,-16,0,-17,0,-18,0,-18,-1,-19,-1,-19,-2,-19,-2,-19,-2,-20,-2,-20,-2,-19,-2,-20,-2,-20,-2,-20,-2,-21,-2,-21,-1,-21,-1,-21,0,-22,0,-22,1,-22,1,-22,1]"
CSI_DATA,44589,d8:b1:90:db:e8:90,-51,11,1,7,0,0,1,0,0,0,1,-94,0,8,0,697415176,0,100,0,128,1,"[100,-64,5,0,-19,-10,-19,-10,-19,-10,-18,-10,-18,-9,-18,-9,-18,-9,-18,-8,-19,-8,-19,-8,-19,-7,-19,-7,-19,-7,-19,-7,-19,-7,-19,-7,-19,-7,-18,-8,-18,-8,-18,-8,-17,-8,-17,-8,-17,-9,-16,-9,-16,-10,-4,-3,0,0,0,0,0,0,0,0,0,0,0,0,0,0,0,0,0,0,-3,-2,-11,-6,-11,-7,-12,-8,-12,-9,-12,-9,-12,-9,-13,-10,-13,-11,-14,-10,-14,-11,-14,-11,-14,-11,-14,-11,-14,-12,-15,-12,-15,-11,-15,-11,-15,-12,-15,-11,-15,-11,-16,-11,-16,-11,-17,-11,-17,-11,-17,-10,-18,-10]"
CSI_DATA,44590,d8:b1:90:db:e8:90,-50,11,1,7,0,0,1,0,0,0,1,-94,0,8,0,697426025,0,100,0,128,1,"[100,-64,5,0,-7,-31,-7,-31,-7,-30,-7,-29,-7,-29,-8,-29,-9,-29,-9,-29,-10,-29,-10,-29,-11,-29,-11,-28,-11,-28,-10,-29,-10,-28,-10,-28,-10,-28,-9,-27,-8,-27,-8,-27,-7,-27,-6,-27,-6,-27,-5,-27,-4,-27,-1,-7,0,0,0,0,0,0,0,0,0,0,0,0,0,0,0,0,0,0,-2,-5,-4,-20,-3,-20,-2,-20,-1,-21,-1,-21,-2,-22,-1,-24,-1,-25,0,-25,1,-25,1,-26,0,-26,0,-26,0,-27,0,-27,0,-27,0,-28,-1,-28,-2,-27,-2,-28,-3,-28,-3,-29,-5,-30,-5,-30,-5,-30,-6,-30]"
CSI_DATA,44591,d8:b1:90:db:e8:90,-51,11,1,7,0,0,1,0,0,0,1,-94,0,8,0,697452997,0,100,0,128,1,"[100,-64,5,0,-24,-3,-24,-4,-23,-3,-23,-2,-23,-1,-22,-1,-22,0,-22,0,-22,1,-22,1,-22,1,-23,2,-22,2,-22,2,-22,1,-22,1,-22,1,-21,1,-21,1,-21,1,-21,1,-21,0,-21,-1,-21,-2,-21,-3,-6,-1,0,0,0,0,0,0,0,0,0,0,0,0,0,0,0,0,0,0,-4,-1,-15,-2,-16,-3,-16,-3,-17,-4,-17,-5,-17,-5,-17,-5,-17,-5,-17,-6,-18,-6,-19,-7,-19,-7,-19,-7,-19,-8,-19,-8,-20,-8,-20,-8,-20,-7,-20,-6,-21,-6,-21,-6,-21,-6,-22,-5,-22,-5,-23,-5,-23,-5]"
CSI_DATA,44592,d8:b1:90:db:e8:90,-51,11,1,7,0,0,1,0,0,0,1,-94,0,8,0,697466924,0,100,0,128,1,"[100,-64,5,0,22,-9,21,-9,22,-9,22,-9,22,-9,21,-9,21,-9,20,-10,19,-11,19,-11,18,-12,18,-13,17,-13,17,-13,18,-13,18,-13,18,-13,18,-12,19,-11,19,-11,19,-11,19,-10,19,-9,19,-9,19,-8,4,-2,0,0,0,0,0,0,0,0,0,0,0,0,0,0,0,0,0,0,3,-2,14,-6,14,-6,15,-5,15,-4,16,-4,16,-4,17,-4,18,-4,18,-4,19,-4,19,-4,19,-4,20,-4,20,-4,20,-4,19,-4,19,-5,20,-5,20,-5,20,-5,20,-5,21,-6,21,-6,21,-6,21,-6,22,-6]"
CSI_DATA,44593,d8:b1:90:db:e8:90,-51,11,1,7,0,0,1,0,0,0,1,-94,0,8,0,697479616,0,100,0,128,1,"[100,-64,5,0,15,17,15,18,15,17,15,17,15,17,15,17,16,16,16,15,16,14,16,14,17,13,18,12,18,11,18,12,18,12,18,12,18,12,17,13,17,13,16,13,16,13,15,14,15,14,14,15,14,15,3,3,0,0,0,0,0,0,0,0,0,0,0,0,0,0,0,0,0,0,2,2,9,11,9,11,9,12,8,13,8,14,8,15,9,15,9,15,9,16,9,17,10,17,10,17,9,17,10,17,10,17,11,17,11,17,11,17,11,17,12,17,12,17,12,18,12,18,12,18,13,18,13,18]"
CSI_DATA,44594,d8:b1:90:db:e8:90,-51,11,1,7,0,0,1,0,0,0,1,-94,0,8,0,697493212,0,100,0,128,1,"[100,-64,5,0,22,-12,22,-12,22,-12,22,-12,21,-13,21,-13,20,-13,20,-14,20,-14,20,-14,19,-14,19,-14,19,-15,19,-15,19,-15,19,-15,19,-15,19,-14,19,-14,19,-14,19,-14,20,-13,20,-12,20,-11,20,-10,5,-3,0,0,0,0,0,0,0,0,0,0,0,0,0,0,0,0,0,0,3,-3,13,-9,14,-8,15,-8,16,-8,17,-7,18,-7,18,-7,19,-7,20,-7,20,-6,21,-6,21,-6,21,-6,21,-6,21,-6,21,-6,21,-6,22,-7,22,-7,22,-7,23,-8,23,-9,23,-10,23,-10,23,-10,23,-11]"
CSI_DATA,44595,d8:b1:90:db:e8:90,-51,11,1,7,0,0,1,0,0,0,1,-94,0,8,0,697504686,0,100,0,128,1,"[100,-64,5,0,-19,16,-19,15,-18,15,-17,15,-16,16,-16,16,-15,16,-15,17,-14,17,-14,17,-14,17,-14,18,-13,18,-13,18,-13,18,-13,19,-12,19,-13,19,-13,18,-13,18,-13,17,-13,16,-14,16,-14,15,-15,15,-4,3,0,0,0,0,0,0,0,0,0,0,0,0,0,0,0,0,0,0,-3,2,-10,11,-11,11,-12,10,-13,10,-13,10,-14,10,-14,11,-15,11,-16,11,-17,10,-17,10,-18,10,-18,10,-18,10,-18,11,-18,11,-18,11,-18,11,-18,11,-18,12,-18,12,-18,13,-18,13,-19,13,-19,13,-18,13]"
CSI_DATA,44596,d8:b1:90:db:e8:90,-51,11,1,7,0,0,1,0,0,0,1,-94,0,8,0,697516666,0,100,0,128,1,"[100,-64,5,0,22,7,22,7,22,7,21,6,21,5,21,5,21,4,21,3,22,3,22,3,22,2,22,1,22,1,22,1,22,1,22,1,22,1,22,1,21,2,21,2,20,2,20,3,20,4,20,4,19,5,4,1,0,0,0,0,0,0,0,0,0,0,0,0,0,0,0,0,0,0,3,0,14,0,14,1,15,2,16,4,17,4,16,4,16,4,16,6,17,6,17,6,17,6,18,7,18,8,18,8,18,8,18,8,18,8,19,8,19,8,19,8,19,7,20,7,21,8,21,8,21,8,21,7]"
CSI_DATA,44597,d8:b1:90:db:e8:90,-51,11,1,7,0,0,1,0,0,0,1,-94,0,8,0,697529071,0,100,0,128,1,"[100,-64,5,0,-2,-22,-2,-22,-2,-22,-3,-21,-3,-21,-3,-20,-4,-20,-4,-20,-5,-20,-5,-20,-6,-20,-6,-19,-6,-19,-5,-19,-6,-19,-6,-19,-6,-19,-5,-19,-5,-19,-4,-19,-4,-19,-4,-19,-3,-19,-3,-19,-1,-19,-1,-5,0,0,0,0,0,0,0,0,0,0,0,0,0,0,0,0,0,0,-1,-4,-1,-16,-1,-16,-1,-14,-1,-14,-1,-15,-1,-16,0,-17,0,-17,1,-17,1,-17,1,-18,2,-18,2,-18,2,-18,2,-18,2,-18,1,-19,1,-19,1,-19,1,-20,1,-20,0,-20,0,-20,0,-21,0,-21,-1,-21]"
CSI_DATA,44598,d8:b1:90:db:e8:90,-53,11,1,5,0,0,1,0,1,0,0,-94,0,8,0,697556788,0,100,0,128,1,"[100,-64,5,0,38,6,34,6,28,5,22,5,16,4,10,4,4,4,-2,4,-6,5,-10,5,-13,6,-14,6,-15,6,-14,5,-13,4,-10,3,-6,1,-1,-1,4,-3,9,-5,15,-6,20,-7,26,-8,31,-8,34,-7,8,-2,0,0,0,0,0,0,0,0,0,0,0,0,0,0,0,0,0,0,3,0,12,2,9,2,6,1,3,0,0,0,-3,-1,-5,-2,-7,-3,-8,-3,-8,-3,-7,-2,-6,-1,-3,0,0,2,4,3,8,5,12,7,17,8,23,9,28,10,33,10,37,10,41,9,44,9,45,9,46,9]"
CSI_DATA,44599,d8:b1:90:db:e8:90,-51,11,1,7,0,0,1,0,0,0,1,-94,0,8,0,697569032,0,100,0,128,1,"[100,-64,5,0,-12,-24,-12,-24,-13,-23,-13,-23,-13,-23,-13,-22,-14,-22,-14,-21,-15,-21,-15,-20,-15,-20,-16,-20,-16,-20,-16,-20,-15,-20,-15,-20,-15,-20,-15,-20,-15,-20,-15,-20,-14,-20,-14,-19,-13,-20,-12,-20,-11,-21,-3,-6,0,0,0,0,0,0,0,0,0,0,0,0,0,0,0,0,0,0,-3,-4,-10,-14,-9,-15,-9,-16,-9,-17,-8,-17,-8,-18,-8,-19,-8,-19,-7,-20,-8,-21,-8,-21,-8,-21,-8,-21,-8,-21,-8,-22,-8,-22,-8,-22,-8,-22,-9,-23,-9,-23,-10,-23,-10,-23,-10,-23,-11,-23,-11,-23,-10,-23]"
CSI_DATA,44600,d8:b1:90:db:e8:90,-51,11,1,7,0,0,1,0,0,0,1,-94,0,8,0,697580106,0,100,0,128,1,"[100,-64,5,0,-20,-18,-20,-18,-19,-18,-20,-17,-20,-16,-20,-16,-20,-15,-20,-15,-21,-15,-21,-15,-21,-14,-22,-13,-22,-13,-22,-13,-22,-13,-22,-13,-22,-14,-21,-14,-21,-14,-20,-14,-20,-14,-19,-14,-19,-15,-18,-16,-18,-17,-5,-5,0,0,0,0,0,0,0,0,0,0,0,0,0,0,0,0,0,0,-4,-3,-14,-10,-14,-11,-14,-12,-14,-13,-14,-14,-14,-15,-14,-15,-14,-16,-14,-17,-14,-18,-13,-18,-13,-19,-14,-19,-14,-19,-15,-19,-15,-19,-15,-19,-15,-19,-16,-19,-16,-19,-16,-19,-17,-19,-18,-18,-18,-18,-18,-19,-19,-19]"
CSI_DATA,44601,d8:b1:90:db:e8:90,-51,11,1,7,0,0,1,0,0,0,1,-94,0,8,0,697591878,0,100,0,128,1,"[100,-64,5,0,13,-22,13,-22,12,-22,11,-23,11,-22,10,-22,10,-23,10,-23,9,-23,9,-23,9,-23,8,-23,7,-24,7,-24,7,-24,8,-24,8,-24,8,-24,9,-23,9,-22,9,-22,10,-21,10,-21,11,-21,12,-21,3,-5,0,0,0,0,0,0,0,0,0,0,0,0,0,0,0,0,0,0,1,-4,6,-16,7,-16,8,-16,9,-16,10,-16,10,-17,11,-17,12,-17,12,-17,13,-17,14,-17,15,-17,15,-17,15,-17,15,-18,14,-18,14,-18,14,-19,14,-19,14,-20,14,-20,14,-20,13,-21,13,-21,14,-22,14,-22]"
CSI_DATA,44602,d8:b1:90:db:e8:90,-51,11,1,7,0,0,1,0,0,0,1,-94,0,8,0,697606723,0,100,0,128,1,"[100,-64,5,0,4,22,4,22,4,22,4,22,4,22,5,22,5,21,6,21,6,20,6,20,7,20,7,20,7,20,7,21,7,21,7,21,7,21,7,21,7,20,7,20,6,19,5,19,5,20,4,20,4,20,0,5,0,0,0,0,0,0,0,0,0,0,0,0,0,0,0,0,0,0,1,3,5,14,4,14,3,15,3,16,2,16,2,17,2,17,2,18,2,18,2,19,2,20,1,20,1,20,1,20,1,20,1,20,2,21,2,21,2,21,2,22,3,22,3,22,3,22,3,23,3,23,3,23]"
CSI_DATA,44603,d8:b1:90:db:e8:90,-51,11,1,7,0,0,1,0,0,0,1,-94,0,8,0,697620277,0,100,0,128,1,"[100,-64,5,0,19,-7,19,-7,19,-7,18,-8,18,-8,18,-8,17,-9,17,-9,17,-9,17,-9,17,-9,17,-10,17,-10,17,-10,17,-10,17,-10,16,-10,16,-10,16,-10,16,-10,16,-9,16,-9,16,-8,16,-7,17,-7,4,-2,0,0,0,0,0,0,0,0,0,0,0,0,0,0,0,0,0,0,3,-2,12,-7,12,-6,13,-5,14,-4,14,-4,14,-4,15,-5,15,-6,16,-5,16,-4,16,-3,17,-3,17,-3,17,-3,17,-4,17,-4,17,-4,17,-4,18,-5,18,-5,18,-5,18,-5,19,-6,19,-6,19,-6,19,-6]"
CSI_DATA,44604,d8:b1:90:db:e8:90,-51,11,1,7,0,0,1,0,0,0,1,-94,0,8,0,697634748,0,100,0,128,1,"[100,-64,5,0,-18,-10,-18,-11,-18,-10,-18,-10,-18,-9,-18,-9,-18,-8,-18,-8,-19,-8,-19,-7,-19,-7,-19,-7,-19,-7,-19,-7,-19,-7,-19,-7,-19,-6,-18,-7,-18,-7,-19,-7,-18,-7,-18,-7,-17,-7,-17,-8,-17,-9,-5,-3,0,0,0,0,0,0,0,0,0,0,0,0,0,0,0,0,0,0,-4,-2,-13,-5,-13,-6,-13,-6,-13,-7,-13,-7,-13,-8,-13,-7,-13,-8,-14,-10,-14,-11,-14,-11,-14,-11,-15,-12,-15,-12,-15,-11,-15,-11,-15,-11,-15,-11,-16,-11,-16,-11,-16,-11,-17,-11,-17,-11,-18,-11,-18,-11,-18,-11]"
CSI_DATA,44605,d8:b1:90:db:e8:90,-50,11,1,7,0,0,1,0,0,0,1,-94,0,8,0,697655310,0,100,0,128,1,"[100,-64,5,0,11,17,11,17,11,17,12,16,12,16,12,16,12,15,13,15,13,15,13,14,13,14,13,14,13,14,13,14,13,14,14,14,14,14,13,15,13,14,12,14,12,14,11,14,10,15,10,15,9,16,2,4,0,0,0,0,0,0,0,0,0,0,0,0,0,0,0,0,0,0,2,2,8,10,8,10,8,11,8,12,7,12,7,13,7,13,7,14,7,15,7,15,7,16,7,16,7,17,7,17,7,17,8,16,8,17,8,17,8,17,8,17,8,17,9,17,10,18,10,18,10,18,10,18]"
CSI_DATA,44606,d8:b1:90:db:e8:90,-51,11,1,7,0,0,1,0,0,0,1,-94,0,8,0,697669712,0,100,0,128,1,"[100,-64,5,0,22,-4,22,-4,22,-4,22,-5,21,-5,21,-5,21,-6,20,-6,20,-6,20,-7,20,-7,20,-7,20,-8,20,-8,20,-8,20,-8,20,-8,20,-8,19,-7,19,-7,19,-7,19,-6,19,-5,19,-4,19,-3,4,-1,0,0,0,0,0,0,0,0,0,0,0,0,0,0,0,0,0,0,3,-1,13,-4,14,-3,14,-3,15,-3,15,-2,16,-2,16,-1,17,-1,18,0,18,0,19,0,20,0,20,0,20,0,20,-1,20,-1,20,-2,20,-2,20,-2,20,-2,21,-2,21,-2,22,-2,22,-2,22,-2,22,-3]"
CSI_DATA,44607,d8:b1:90:db:e8:90,-51,11,1,7,0,0,1,0,0,0,1,-94,0,8,0,697685361,0,100,0,128,1,"[100,-64,5,0,-16,17,-16,17,-16,17,-16,17,-15,17,-15,17,-14,17,-13,17,-13,17,-13,17,-12,18,-12,18,-12,18,-12,18,-12,18,-11,18,-11,18,-11,18,-11,18,-11,18,-11,17,-12,17,-13,16,-13,16,-13,15,-4,3,0,0,0,0,0,0,0,0,0,0,0,0,0,0,0,0,0,0,-2,3,-9,12,-9,11,-10,11,-11,11,-12,11,-12,12,-13,12,-13,12,-14,12,-15,12,-16,12,-16,12,-16,12,-16,12,-17,12,-17,12,-17,13,-17,13,-17,14,-17,14,-17,14,-17,15,-17,16,-17,16,-17,16,-17,16]"
CSI_DATA,44608,d8:b1:90:db:e8:90,-51,11,1,7,0,0,1,0,0,0,1,-94,0,8,0,697696127,0,100,0,128,1,"[100,-64,5,0,-13,22,-13,22,-12,22,-12,21,-11,21,-11,21,-10,21,-10,21,-9,21,-9,21,-9,21,-8,22,-8,22,-8,22,-8,22,-8,22,-8,22,-8,22,-8,21,-8,21,-8,21,-9,20,-9,20,-10,20,-11,19,-3,4,0,0,0,0,0,0,0,0,0,0,0,0,0,0,0,0,0,0,-2,3,-6,15,-7,15,-7,14,-8,14,-9,15,-9,16,-10,16,-11,17,-11,17,-12,17,-13,17,-13,18,-14,18,-14,18,-15,18,-15,18,-15,18,-14,19,-13,19,-13,20,-13,20,-13,21,-13,21,-13,21,-13,21,-13,21]"
CSI_DATA,44609,d8:b1:90:db:e8:90,-51,11,1,7,0,0,1,0,0,0,1,-94,0,8,0,697708250,0,100,0,128,1,"[100,-64,5,0,-9,-25,-9,-24,-9,-24,-9,-24,-9,-23,-10,-23,-10,-23,-10,-22,-11,-22,-11,-21,-12,-21,-12,-21,-12,-21,-12,-21,-12,-21,-12,-21,-12,-21,-12,-21,-12,-21,-12,-21,-11,-21,-11,-21,-10,-21,-9,-21,-8,-22,-2,-6,0,0,0,0,0,0,0,0,0,0,0,0,0,0,0,0,0,0,-2,-4,-8,-14,-7,-15,-7,-16,-6,-16,-6,-17,-6,-18,-6,-19,-6,-20,-6,-20,-5,-21,-5,-22,-5,-22,-5,-23,-5,-23,-5,-23,-5,-23,-5,-23,-6,-24,-6,-23,-7,-23,-7,-24,-8,-24,-8,-24,-8,-24,-8,-24,-8,-25]"
CSI_DATA,44610,d8:b1:90:db:e8:90,-51,11,1,7,0,0,1,0,0,0,1,-94,0,8,0,697721001,0,100,0,128,1,"[100,-64,5,0,-18,19,-18,19,-17,18,-17,18,-16,18,-16,18,-15,19,-14,19,-14,20,-13,20,-13,20,-13,20,-13,20,-13,20,-13,20,-12,20,-12,20,-12,20,-13,20,-13,19,-13,19,-14,18,-14,18,-15,17,-16,16,-4,4,0,0,0,0,0,0,0,0,0,0,0,0,0,0,0,0,0,0,-3,3,-10,13,-11,12,-11,12,-12,12,-13,12,-14,12,-14,13,-15,14,-16,14,-16,14,-17,14,-18,14,-18,14,-18,14,-18,14,-19,14,-19,14,-19,14,-18,15,-18,15,-19,16,-19,17,-18,17,-18,18,-18,17,-18,17]"
CSI_DATA,44611,d8:b1:90:db:e8:90,-51,11,1,7,0,0,1,0,0,0,1,-94,0,8,0,697735762,0,100,0,128,1,"[100,-64,5,0,-21,-1,-21,0,-20,0,-20,0,-20,0,-20,1,-20,1,-20,2,-20,2,-19,2,-19,3,-19,4,-19,4,-19,4,-19,4,-19,4,-19,4,-19,3,-19,3,-19,3,-19,3,-19,2,-19,2,-18,1,-18,0,-5,0,0,0,0,0,0,0,0,0,0,0,0,0,0,0,0,0,0,0,-4,0,-13,2,-14,2,-14,2,-14,1,-14,0,-15,-1,-16,-1,-16,-1,-17,-1,-18,-2,-18,-2,-18,-2,-18,-3,-18,-3,-19,-3,-19,-2,-19,-2,-19,-2,-20,-2,-20,-2,-20,-2,-21,-1,-21,-1,-21,-1,-21,-1,-20,-1]"
CSI_DATA,44612,d8:b1:90:db:e8:90,-51,11,1,7,0,0,1,0,0,0,1,-94,0,8,0,697758174,0,100,0,128,1,"[100,-64,5,0,-13,18,-13,18,-13,18,-12,18,-12,18,-12,17,-11,18,-10,18,-10,18,-9,18,-9,19,-8,19,-8,19,-8,19,-8,19,-8,19,-8,19,-9,19,-9,19,-9,18,-9,18,-9,18,-10,17,-10,17,-11,17,-3,4,0,0,0,0,0,0,0,0,0,0,0,0,0,0,0,0,0,0,-2,3,-6,13,-7,13,-7,13,-8,13,-9,13,-10,13,-10,14,-10,14,-11,14,-12,14,-13,14,-13,14,-13,14,-13,15,-13,15,-13,15,-13,15,-13,16,-14,17,-14,17,-14,17,-14,18,-13,18,-13,18,-13,18,-13,18]"
CSI_DATA,44613,d8:b1:90:db:e8:90,-52,11,1,6,0,0,1,0,0,0,1,-94,0,8,0,697771724,0,100,0,128,1,"[100,-64,5,0,46,-15,41,-13,35,-11,28,-9,21,-6,14,-2,8,2,2,5,-3,9,-6,12,-9,15,-11,16,-12,17,-12,16,-12,14,-11,12,-9,7,-6,2,-3,-4,0,-10,4,-16,8,-22,12,-28,17,-32,20,-35,5,-9,0,0,0,0,0,0,0,0,0,0,0,0,0,0,0,0,0,0,4,0,14,1,11,1,6,1,2,0,-3,0,-6,0,-10,-1,-12,-1,-14,-1,-15,-1,-14,0,-11,0,-8,1,-4,1,2,2,8,2,14,2,21,1,28,0,34,-2,41,-4,46,-6,51,-9,53,-12,55,-13,56,-14]"
CSI_DATA,44614,d8:b1:90:db:e8:90,-52,11,1,3,0,0,1,0,1,0,0,-94,0,8,0,697786512,0,100,0,128,1,"[100,-64,5,0,-9,-50,-8,-44,-7,-37,-6,-30,-3,-23,0,-16,3,-9,6,-3,10,1,13,5,16,8,18,10,18,11,18,12,16,11,13,10,8,9,3,7,-3,4,-10,1,-17,-1,-24,-4,-30,-7,-36,-11,-39,-14,-10,-4,0,0,0,0,0,0,0,0,0,0,0,0,0,0,0,0,0,0,2,-4,8,-13,6,-10,4,-6,2,-2,0,2,-2,6,-4,9,-5,11,-5,13,-6,13,-5,13,-4,11,-2,8,-1,3,1,-2,3,-8,4,-15,5,-22,5,-28,4,-35,3,-42,1,-48,-1,-52,-3,-56,-5,-58,-6,-59]"
CSI_DATA,44615,d8:b1:90:db:e8:90,-52,11,1,6,0,0,1,0,0,0,1,-94,0,8,0,697796635,0,100,0,128,1,"[100,-64,5,0,37,-19,33,-17,28,-15,23,-12,17,-8,12,-4,7,0,3,4,0,8,-2,12,-4,15,-5,16,-6,17,-6,17,-6,15,-6,13,-6,9,-6,4,-5,-2,-4,-8,-3,-14,-2,-20,-1,-26,1,-31,2,-34,0,-9,0,0,0,0,0,0,0,0,0,0,0,0,0,0,0,0,0,0,3,0,11,3,8,3,4,2,1,1,-2,0,-6,0,-9,-1,-11,-1,-12,-1,-13,-1,-12,-1,-10,0,-7,0,-3,0,1,1,6,1,11,0,17,-1,23,-2,28,-5,33,-7,38,-10,41,-13,43,-15,45,-17,45,-19]"
CSI_DATA,44616,d8:b1:90:db:e8:90,-52,11,1,6,0,0,1,0,0,0,1,-94,0,8,0,697809901,0,100,0,128,1,"[100,-64,5,0,24,42,21,37,18,32,14,25,9,19,4,14,-1,8,-5,3,-10,-1,-14,-4,-17,-6,-19,-7,-20,-8,-20,-8,-18,-8,-15,-8,-10,-7,-4,-6,2,-4,9,-2,15,0,23,3,29,5,34,9,37,12,9,3,0,0,0,0,0,0,0,0,0,0,0,0,0,0,0,0,0,0,0,3,1,14,0,11,-1,7,-1,2,-2,-2,-2,-6,-2,-10,-3,-12,-3,-14,-3,-14,-3,-13,-4,-11,-4,-8,-3,-3,-2,2,-1,8,1,14,3,21,5,27,9,33,12,39,16,43,20,47,23,49,25,50,26,51]"
CSI_DATA,44617,d8:b1:90:db:e8:90,-51,11,1,7,0,0,1,0,0,0,1,-94,0,8,0,697820378,0,100,0,128,1,"[100,-64,5,0,-24,-2,-24,-2,-23,-2,-23,-2,-23,-2,-22,-1,-22,-1,-22,0,-22,0,-22,0,-22,1,-22,1,-22,2,-22,2,-22,2,-22,1,-22,1,-21,1,-21,0,-21,0,-21,0,-21,-1,-20,-1,-21,-2,-21,-3,-6,-1,0,0,0,0,0,0,0,0,0,0,0,0,0,0,0,0,0,0,-4,-1,-15,-1,-15,-1,-15,-2,-15,-3,-16,-3,-16,-4,-17,-4,-18,-5,-18,-5,-19,-6,-19,-6,-19,-6,-20,-6,-20,-6,-20,-6,-20,-5,-20,-5,-21,-5,-21,-4,-22,-4,-22,-4,-22,-4,-22,-4,-22,-4,-22,-4,-23,-4]"
CSI_DATA,44618,d8:b1:90:db:e8:90,-51,11,1,7,0,0,1,0,0,0,1,-94,0,8,0,697830834,0,100,0,128,1,"[100,-64,5,0,-17,13,-17,13,-17,12,-16,12,-16,12,-15,13,-15,13,-14,13,-14,13,-14,13,-14,13,-14,14,-14,14,-13,14,-13,14,-13,14,-13,14,-13,13,-13,13,-13,13,-13,12,-14,11,-14,11,-15,11,-15,10,-4,2,0,0,0,0,0,0,0,0,0,0,0,0,0,0,0,0,0,0,-3,2,-10,8,-11,8,-12,8,-12,8,-13,7,-13,7,-13,7,-14,8,-14,8,-14,7,-15,8,-16,9,-16,9,-17,8,-18,8,-17,8,-17,9,-17,9,-17,10,-17,10,-17,11,-17,11,-17,12,-17,12,-17,12,-17,11]"
CSI_DATA,44619,d8:b1:90:db:e8:90,-51,11,1,7,0,0,1,0,0,0,1,-94,0,8,0,697842404,0,100,0,128,1,"[100,-64,5,0,-7,22,-7,22,-7,22,-6,22,-5,22,-4,22,-4,22,-3,21,-3,21,-3,21,-2,21,-2,21,-2,21,-2,22,-2,22,-2,22,-3,21,-3,21,-3,21,-4,20,-4,20,-5,20,-5,19,-6,19,-7,19,-2,4,0,0,0,0,0,0,0,0,0,0,0,0,0,0,0,0,0,0,-1,3,-4,14,-4,14,-4,14,-5,14,-5,15,-6,15,-6,16,-6,17,-7,17,-8,18,-8,18,-9,18,-9,18,-9,18,-9,18,-10,18,-10,19,-9,19,-9,19,-9,20,-9,20,-8,20,-8,21,-8,21,-8,21,-8,21]"
CSI_DATA,44620,d8:b1:90:db:e8:90,-51,11,1,7,0,0,1,0,0,0,1,-94,0,8,0,697865062,0,100,0,128,1,"[100,-64,5,0,-23,-8,-23,-8,-22,-8,-22,-7,-22,-6,-22,-6,-22,-5,-22,-4,-22,-4,-22,-3,-22,-3,-22,-3,-22,-2,-22,-2,-22,-2,-22,-3,-22,-3,-21,-3,-21,-4,-21,-4,-21,-4,-21,-4,-20,-5,-20,-6,-19,-7,-5,-2,0,0,0,0,0,0,0,0,0,0,0,0,0,0,0,0,0,0,-4,-2,-14,-5,-14,-6,-14,-6,-14,-6,-15,-7,-15,-7,-16,-8,-17,-8,-17,-9,-17,-10,-17,-10,-18,-11,-18,-11,-18,-11,-18,-11,-18,-11,-19,-11,-19,-11,-19,-11,-20,-11,-20,-11,-20,-10,-21,-10,-21,-9,-21,-9,-21,-9]"
CSI_DATA,44621,d8:b1:90:db:e8:90,-51,11,1,7,0,0,1,0,0,0,1,-94,0,8,0,697878492,0,100,0,128,1,"[100,-64,5,0,20,-11,20,-10,20,-10,19,-11,19,-11,18,-12,18,-12,17,-12,17,-12,17,-12,16,-13,17,-13,17,-13,17,-13,17,-13,17,-12,17,-12,17,-12,17,-12,17,-11,17,-11,17,-10,17,-10,18,-9,18,-8,4,-2,0,0,0,0,0,0,0,0,0,0,0,0,0,0,0,0,0,0,3,-2,13,-6,13,-6,14,-5,14,-5,15,-5,16,-5,16,-5,17,-4,18,-4,18,-4,18,-5,18,-5,19,-4,19,-4,19,-5,20,-5,20,-5,20,-6,19,-7,19,-7,19,-8,20,-8,20,-9,20,-9,20,-9,21,-9]"
CSI_DATA,44622,d8:b1:90:db:e8:90,-51,11,1,7,0,0,1,0,0,0,1,-94,0,8,0,697890424,0,100,0,128,1,"[100,-64,5,0,-13,22,-13,22,-12,22,-12,22,-11,22,-11,22,-10,22,-8,23,-7,23,-7,23,-7,23,-6,23,-6,23,-6,23,-6,23,-6,23,-6,23,-6,23,-7,22,-7,22,-7,21,-8,20,-8,20,-9,20,-10,20,-3,5,0,0,0,0,0,0,0,0,0,0,0,0,0,0,0,0,0,0,-2,3,-6,15,-7,15,-8,15,-8,15,-9,15,-10,16,-10,16,-10,17,-11,17,-12,18,-13,18,-13,18,-14,19,-14,19,-13,19,-13,19,-13,19,-13,20,-12,20,-12,20,-12,21,-12,21,-12,22,-13,22,-13,22,-12,22]"
CSI_DATA,44623,d8:b1:90:db:e8:90,-51,11,1,7,0,0,1,0,0,0,1,-94,0,8,0,697901441,0,100,0,128,1,"[100,-64,5,0,4,-26,4,-26,4,-26,4,-26,4,-25,4,-25,3,-25,1,-25,1,-25,0,-25,0,-25,0,-25,0,-25,0,-25,0,-25,0,-25,1,-25,1,-25,2,-24,1,-24,2,-23,2,-23,3,-23,4,-23,5,-22,1,-6,0,0,0,0,0,0,0,0,0,0,0,0,0,0,0,0,0,0,0,-5,1,-17,1,-17,2,-17,3,-17,3,-18,4,-19,4,-19,5,-20,6,-21,6,-22,6,-22,6,-22,7,-23,7,-23,6,-23,6,-23,6,-23,6,-23,5,-24,5,-24,5,-25,5,-25,5,-25,4,-26,4,-26,5,-26]"
CSI_DATA,44624,d8:b1:90:db:e8:90,-51,11,1,7,0,0,1,0,0,0,1,-94,0,8,0,697913521,0,100,0,128,1,"[100,-64,5,0,25,-7,25,-7,24,-7,24,-7,24,-8,23,-8,23,-9,22,-10,22,-11,22,-11,22,-11,22,-12,22,-12,22,-11,22,-11,22,-11,22,-11,21,-10,21,-10,21,-9,21,-9,21,-8,21,-8,21,-7,21,-6,5,-2,0,0,0,0,0,0,0,0,0,0,0,0,0,0,0,0,0,0,3,-2,15,-6,15,-6,16,-5,16,-5,17,-4,18,-4,19,-4,20,-4,21,-4,21,-3,22,-4,22,-4,22,-3,23,-3,23,-4,22,-4,23,-4,23,-5,23,-5,23,-5,24,-6,24,-6,24,-7,24,-7,24,-7,24,-7]"
CSI_DATA,44625,d8:b1:90:db:e8:90,-51,11,1,7,0,0,1,0,0,0,1,-94,0,8,0,697925014,0,100,0,128,1,"[100,-64,5,0,15,-17,15,-17,15,-17,15,-17,14,-17,14,-17,13,-17,13,-18,13,-18,12,-18,12,-18,12,-18,11,-18,11,-18,12,-18,12,-18,12,-18,12,-17,12,-17,12,-17,12,-17,13,-16,13,-16,13,-15,14,-14,3,-4,0,0,0,0,0,0,0,0,0,0,0,0,0,0,0,0,0,0,2,-3,8,-12,9,-11,10,-11,11,-11,11,-11,12,-11,13,-11,14,-11,14,-11,15,-11,15,-11,16,-11,16,-11,16,-12,16,-12,16,-13,16,-13,16,-13,17,-14,17,-14,17,-15,16,-15,16,-16,16,-16,16,-16,16,-16]"
CSI_DATA,44626,d8:b1:90:db:e8:90,-49,11,1,7,0,0,1,0,0,0,1,-96,0,8,0,697937490,0,100,0,128,1,"[100,-64,5,0,-21,4,-21,4,-21,4,-20,4,-20,4,-20,4,-20,5,-19,5,-19,5,-19,6,-19,6,-19,6,-19,7,-19,6,-19,6,-19,6,-18,6,-18,5,-18,5,-19,5,-19,4,-19,4,-18,3,-18,3,-18,2,-5,0,0,0,0,0,0,0,0,0,0,0,0,0,0,0,0,0,0,0,-4,0,-12,2,-12,3,-13,3,-14,2,-14,3,-15,2,-16,1,-16,0,-16,0,-17,0,-18,0,-19,0,-18,0,-18,0,-18,0,-19,1,-19,1,-19,1,-20,1,-20,1,-21,1,-21,2,-21,3,-21,3,-21,3,-20,3]"
CSI_DATA,44627,d8:b1:90:db:e8:90,-49,11,1,7,0,0,1,0,0,0,1,-96,0,8,0,697962128,0,100,0,128,1,"[100,-64,5,0,-11,20,-11,20,-11,20,-10,20,-10,20,-9,20,-9,20,-8,19,-8,19,-7,19,-7,20,-7,20,-7,20,-7,20,-7,20,-6,20,-6,20,-6,20,-7,20,-7,19,-7,19,-7,19,-7,18,-8,18,-9,17,-3,4,0,0,0,0,0,0,0,0,0,0,0,0,0,0,0,0,0,0,-1,3,-5,13,-5,13,-6,13,-6,13,-6,14,-7,14,-8,14,-9,15,-9,15,-10,16,-10,16,-11,17,-11,17,-11,17,-11,17,-11,17,-11,17,-11,18,-11,18,-11,18,-11,19,-11,19,-11,19,-11,19,-11,19,-11,19]"
CSI_DATA,44628,d8:b1:90:db:e8:90,-50,11,1,7,0,0,1,0,0,0,1,-96,0,8,0,697979050,0,100,0,128,1,"[100,-64,5,0,8,-23,9,-23,8,-23,8,-23,7,-23,7,-22,7,-22,6,-23,5,-23,5,-23,5,-23,4,-23,4,-23,4,-23,4,-23,5,-23,5,-22,5,-22,5,-22,6,-21,6,-21,6,-20,7,-20,7,-20,8,-20,2,-5,0,0,0,0,0,0,0,0,0,0,0,0,0,0,0,0,0,0,1,-4,5,-15,6,-15,7,-15,8,-15,8,-15,9,-16,9,-16,10,-17,10,-17,11,-17,10,-17,10,-17,11,-18,11,-18,11,-19,11,-19,11,-19,11,-19,10,-20,10,-20,10,-21,10,-21,10,-21,10,-21,10,-21,10,-22]"
CSI_DATA,44629,d8:b1:90:db:e8:90,-49,11,1,7,0,0,1,0,0,0,1,-96,0,8,0,697989833,0,100,0,128,1,"[100,-64,5,0,13,22,13,22,14,21,15,19,15,19,15,18,15,18,16,18,17,17,17,17,17,17,17,16,18,17,17,16,17,16,17,17,17,17,17,17,16,17,15,16,15,16,13,16,13,16,13,18,11,19,2,5,0,0,0,0,0,0,0,0,0,0,0,0,0,0,0,0,0,0,2,3,8,13,8,13,8,14,8,15,8,16,8,16,8,16,8,17,8,18,8,19,8,19,8,20,9,20,9,21,9,21,9,21,9,21,9,21,10,20,11,20,11,20,12,20,12,20,12,20,13,21,14,22]"
CSI_DATA,44630,d8:b1:90:db:e8:90,-49,11,1,7,0,0,1,0,0,0,1,-96,0,8,0,698000632,0,100,0,128,1,"[100,-64,5,0,22,-6,22,-6,22,-6,22,-6,22,-7,21,-7,21,-7,21,-8,21,-8,21,-9,20,-9,20,-9,20,-9,20,-9,20,-9,21,-9,20,-9,20,-8,20,-8,20,-8,20,-8,20,-7,20,-6,20,-6,20,-5,5,-2,0,0,0,0,0,0,0,0,0,0,0,0,0,0,0,0,0,0,3,-2,14,-5,14,-5,14,-4,15,-4,16,-4,16,-4,16,-4,17,-4,18,-3,19,-3,19,-2,19,-2,20,-2,20,-2,20,-2,20,-2,20,-2,21,-3,21,-3,21,-3,21,-3,22,-4,22,-4,23,-4,23,-4,22,-4]"
CSI_DATA,44631,d8:b1:90:db:e8:90,-49,11,1,7,0,0,1,0,0,0,1,-96,0,8,0,698019549,0,100,0,128,1,"[100,-64,5,0,-23,0,-23,0,-23,0,-23,0,-23,0,-22,0,-22,1,-22,1,-22,2,-22,2,-22,3,-22,3,-22,3,-22,3,-22,2,-22,2,-22,2,-22,2,-21,2,-21,1,-21,1,-21,1,-21,0,-21,0,-21,-1,-6,-1,0,0,0,0,0,0,0,0,0,0,0,0,0,0,0,0,0,0,-4,0,-14,1,-15,1,-15,0,-16,0,-16,-1,-17,-1,-17,-1,-18,-1,-19,-1,-19,-2,-19,-2,-20,-3,-20,-3,-20,-3,-20,-3,-20,-4,-21,-4,-21,-3,-21,-3,-21,-3,-22,-2,-22,-2,-23,-2,-23,-2,-23,-2,-23,-2]"
CSI_DATA,44632,d8:b1:90:db:e8:90,-49,11,1,7,0,0,1,0,0,0,1,-96,0,8,0,698037229,0,100,0,128,1,"[100,-64,5,0,7,-30,8,-30,8,-30,8,-31,8,-31,7,-31,7,-30,6,-30,6,-29,6,-29,5,-28,5,-28,4,-28,4,-27,4,-27,3,-27,3,-27,2,-27,2,-27,2,-27,2,-27,4,-28,5,-28,6,-29,8,-29,2,-8,0,0,0,0,0,0,0,0,0,0,0,0,0,0,0,0,0,0,1,-6,4,-21,3,-22,3,-21,4,-22,6,-23,9,-22,8,-21,9,-22,11,-23,11,-23,11,-23,11,-24,11,-24,11,-24,11,-24,10,-24,10,-25,10,-25,10,-25,9,-26,9,-26,9,-27,9,-27,9,-28,9,-28,9,-29]"
CSI_DATA,44633,d8:b1:90:db:e8:90,-50,11,1,7,0,0,1,0,0,0,1,-96,0,8,0,698065349,0,100,0,128,1,"[100,-64,5,0,-23,3,-23,3,-22,4,-22,5,-21,5,-21,5,-21,6,-21,6,-20,6,-20,7,-20,7,-21,7,-21,8,-21,7,-21,7,-21,7,-20,7,-20,7,-20,6,-19,6,-19,6,-19,5,-19,4,-19,2,-19,1,-5,0,0,0,0,0,0,0,0,0,0,0,0,0,0,0,0,0,0,0,-4,0,-15,3,-15,2,-15,1,-15,1,-16,0,-16,0,-17,1,-18,1,-18,0,-19,0,-19,0,-19,-1,-20,-1,-20,-1,-20,-1,-21,-1,-21,-1,-21,0,-21,0,-21,1,-21,1,-22,1,-22,2,-22,3,-22,2,-22,3]"
CSI_DATA,44634,d8:b1:90:db:e8:90,-50,11,1,7,0,0,1,0,0,0,1,-96,0,8,0,698075629,0,100,0,128,1,"[100,-64,5,0,-11,-21,-11,-21,-11,-20,-12,-20,-12,-19,-12,-19,-12,-18,-13,-18,-13,-18,-14,-18,-14,-18,-14,-18,-14,-18,-14,-18,-14,-18,-14,-18,-13,-18,-13,-18,-13,-17,-12,-17,-11,-17,-11,-17,-10,-17,-8,-17,-7,-18,-2,-5,0,0,0,0,0,0,0,0,0,0,0,0,0,0,0,0,0,0,-2,-3,-8,-12,-7,-13,-7,-14,-7,-14,-7,-15,-6,-15,-7,-16,-7,-17,-6,-17,-6,-18,-6,-18,-7,-18,-7,-19,-6,-19,-6,-19,-6,-20,-6,-20,-7,-20,-7,-20,-8,-20,-8,-20,-9,-20,-9,-20,-10,-20,-10,-20,-10,-20]"
CSI_DATA,44635,d8:b1:90:db:e8:90,-50,11,1,7,0,0,1,0,0,0,1,-96,0,8,0,698094951,0,100,0,128,1,"[100,-64,5,0,6,-24,6,-24,6,-24,6,-24,5,-24,5,-24,4,-24,4,-24,4,-24,4,-23,4,-23,3,-24,3,-24,3,-24,3,-24,3,-24,3,-23,4,-23,4,-23,5,-22,5,-22,6,-21,7,-21,8,-20,9,-20,2,-5,0,0,0,0,0,0,0,0,0,0,0,0,0,0,0,0,0,0,1,-4,5,-15,5,-15,5,-15,6,-15,7,-15,7,-16,8,-16,8,-17,9,-17,10,-17,11,-17,11,-17,12,-17,12,-17,11,-18,11,-19,11,-19,11,-20,10,-20,9,-20,9,-21,9,-21,9,-22,9,-23,8,-23,8,-23]"
CSI_DATA,44636,d8:b1:90:db:e8:90,-49,11,1,7,0,0,1,0,0,0,1,-96,0,8,0,698105274,0,100,0,128,1,"[100,-64,5,0,18,17,18,17,18,17,19,16,19,16,19,16,19,15,19,15,19,15,19,14,19,14,20,14,20,14,20,14,20,14,19,14,19,15,18,15,18,15,17,16,16,16,16,16,15,17,14,17,13,18,3,4,0,0,0,0,0,0,0,0,0,0,0,0,0,0,0,0,0,0,2,2,11,10,11,11,11,12,11,12,10,13,10,14,11,14,11,15,11,16,11,17,11,18,10,18,10,18,11,19,11,19,12,19,12,19,13,19,14,18,14,18,15,18,15,18,17,18,17,18,17,18,18,17]"
CSI_DATA,44637,d8:b1:90:db:e8:90,-49,11,1,7,0,0,1,0,0,0,1,-96,0,8,0,698116891,0,100,0,128,1,"[100,-64,5,0,0,25,0,24,0,25,0,25,0,25,1,24,1,24,2,24,2,24,3,24,3,23,5,23,5,23,5,23,5,23,5,23,5,24,5,24,4,23,3,23,3,22,3,22,2,22,1,22,0,22,0,5,0,0,0,0,0,0,0,0,0,0,0,0,0,0,0,0,0,0,0,3,2,15,1,16,0,16,0,17,-1,17,-1,18,-2,18,-2,19,-3,19,-3,20,-2,21,-2,21,-2,22,-3,22,-3,21,-3,21,-3,21,-3,22,-2,23,-2,23,-2,23,-1,23,-1,24,-1,24,-1,24,-1,25]"
CSI_DATA,44638,d8:b1:90:db:e8:90,-49,11,1,7,0,0,1,0,0,0,1,-96,0,8,0,698128043,0,100,0,128,1,"[100,-64,5,0,0,23,0,23,1,22,1,22,2,22,2,22,3,22,3,22,4,21,4,21,4,21,4,21,5,21,5,21,5,21,5,21,5,21,4,21,4,21,3,21,3,21,2,20,1,21,0,21,0,21,-1,5,0,0,0,0,0,0,0,0,0,0,0,0,0,0,0,0,0,0,0,3,1,14,0,14,0,15,-1,15,-1,16,-1,16,-2,17,-2,17,-2,18,-3,18,-3,19,-3,19,-3,19,-3,19,-3,20,-3,20,-2,20,-2,20,-2,21,-1,21,-1,21,-1,22,-1,22,0,22,0,22,0,23]"
CSI_DATA,44639,d8:b1:90:db:e8:90,-49,11,1,7,0,0,1,0,0,0,1,-96,0,8,0,698145454,0,100,0,128,1,"[100,-64,5,0,-21,2,-21,2,-21,2,-21,3,-20,3,-20,4,-20,4,-20,4,-20,4,-19,5,-19,5,-19,5,-19,6,-19,6,-19,5,-19,5,-19,5,-19,5,-19,5,-19,4,-19,4,-19,3,-19,3,-19,2,-19,1,-5,0,0,0,0,0,0,0,0,0,0,0,0,0,0,0,0,0,0,0,-3,0,-12,2,-13,1,-14,0,-15,1,-15,1,-16,0,-16,0,-17,0,-18,0,-18,-1,-18,-2,-18,-1,-18,-2,-18,-2,-18,-1,-18,-1,-19,-1,-19,0,-19,0,-20,0,-20,1,-20,1,-20,1,-20,1,-20,1,-21,1]"
CSI_DATA,44640,d8:b1:90:db:e8:90,-49,11,1,7,0,0,1,0,0,0,1,-96,0,8,0,698175192,0,100,0,128,1,"[100,-64,5,0,-5,22,-5,22,-4,22,-3,21,-3,21,-2,21,-2,21,-1,21,-1,21,-1,20,-1,21,-1,21,0,21,0,21,0,21,0,21,0,21,0,21,0,20,0,21,-1,20,-1,20,-2,20,-3,20,-4,20,-1,5,0,0,0,0,0,0,0,0,0,0,0,0,0,0,0,0,0,0,-1,3,-2,14,-3,14,-3,14,-4,14,-4,15,-4,15,-5,15,-5,16,-5,16,-6,16,-7,17,-7,17,-7,18,-7,18,-7,18,-7,18,-7,19,-6,19,-6,19,-6,20,-5,20,-5,21,-5,21,-6,21,-5,21,-5,22]"
CSI_DATA,44641,d8:b1:90:db:e8:90,-49,11,1,7,0,0,1,0,0,0,1,-96,0,8,0,698186712,0,100,0,128,1,"[100,-64,5,0,10,-24,10,-24,10,-24,10,-24,9,-24,9,-24,8,-24,7,-24,6,-24,6,-24,6,-24,6,-24,5,-24,6,-25,5,-25,5,-25,5,-24,5,-24,6,-24,6,-23,7,-23,7,-22,8,-22,9,-22,10,-21,2,-6,0,0,0,0,0,0,0,0,0,0,0,0,0,0,0,0,0,0,1,-4,6,-15,6,-15,7,-15,8,-15,9,-15,9,-16,10,-16,10,-16,11,-17,11,-17,11,-18,11,-19,11,-19,12,-19,12,-19,12,-19,12,-19,12,-20,11,-20,10,-21,10,-21,10,-22,10,-23,11,-23,11,-23,11,-23]"
CSI_DATA,44642,d8:b1:90:db:e8:90,-49,11,1,7,0,0,1,0,0,0,1,-96,0,8,0,698206087,0,100,0,128,1,"[100,-64,5,0,-12,20,-12,20,-11,20,-11,20,-10,20,-10,20,-9,20,-9,20,-8,20,-8,20,-8,20,-8,20,-8,20,-8,21,-8,21,-8,20,-8,20,-8,20,-8,20,-8,19,-8,19,-9,19,-10,18,-10,18,-11,17,-3,4,0,0,0,0,0,0,0,0,0,0,0,0,0,0,0,0,0,0,-2,3,-6,13,-7,13,-8,12,-8,12,-9,13,-10,13,-10,13,-11,13,-12,14,-12,14,-12,14,-13,15,-13,15,-13,15,-13,15,-13,15,-12,16,-12,16,-12,16,-12,17,-12,17,-12,18,-12,18,-12,18,-12,19,-12,19]"
CSI_DATA,44643,d8:b1:90:db:e8:90,-49,11,1,7,0,0,1,0,0,0,1,-96,0,8,0,698225517,0,100,0,128,1,"[100,-64,5,0,8,21,8,21,8,21,9,20,9,20,9,20,10,19,10,19,11,18,11,18,11,18,12,18,12,18,12,18,12,18,12,18,12,18,11,18,11,18,11,18,10,18,10,18,9,18,8,18,7,19,1,4,0,0,0,0,0,0,0,0,0,0,0,0,0,0,0,0,0,0,1,3,5,12,5,13,5,13,4,13,4,14,4,15,4,16,4,17,4,17,4,18,4,18,4,18,3,19,3,19,3,19,4,19,4,19,4,19,5,19,5,19,6,20,6,20,7,21,7,21,8,21,8,21]"
CSI_DATA,44644,d8:b1:90:db:e8:90,-49,11,1,7,0,0,1,0,0,0,1,-96,0,8,0,698247298,0,100,0,128,1,"[100,-64,5,0,-19,10,-19,10,-19,10,-18,11,-17,11,-17,11,-17,12,-17,12,-16,13,-16,13,-16,13,-16,13,-16,14,-16,14,-16,14,-16,14,-16,13,-16,13,-16,12,-16,12,-16,11,-16,11,-17,10,-17,10,-17,9,-5,2,0,0,0,0,0,0,0,0,0,0,0,0,0,0,0,0,0,0,-3,2,-11,8,-12,8,-12,7,-12,7,-14,7,-14,6,-14,7,-15,6,-16,5,-17,5,-17,5,-17,5,-18,5,-18,5,-17,5,-18,5,-18,6,-18,6,-18,6,-18,7,-18,7,-18,7,-18,8,-19,8,-19,8,-18,8]"
CSI_DATA,44645,d8:b1:90:db:e8:90,-49,11,1,7,0,0,1,0,0,0,1,-96,0,8,0,698272846,0,100,0,128,1,"[100,-64,5,0,20,-13,20,-13,20,-13,19,-13,19,-13,19,-13,19,-13,18,-13,18,-14,18,-14,18,-15,17,-15,17,-15,17,-15,17,-15,17,-14,17,-14,17,-13,17,-13,17,-13,17,-12,17,-12,17,-11,16,-10,16,-9,4,-3,0,0,0,0,0,0,0,0,0,0,0,0,0,0,0,0,0,0,2,-3,11,-9,12,-9,12,-9,13,-9,13,-8,14,-8,14,-9,15,-9,16,-9,17,-9,17,-9,17,-8,18,-8,18,-8,18,-8,18,-8,18,-8,18,-9,19,-9,19,-9,19,-9,19,-10,19,-11,19,-11,19,-11,19,-12]"
CSI_DATA,44646,d8:b1:90:db:e8:90,-49,11,1,7,0,0,1,0,0,0,1,-96,0,8,0,698285580,0,100,0,128,1,"[100,-64,5,0,20,14,20,14,20,14,21,14,21,14,21,13,20,13,20,13,20,12,21,12,21,11,21,11,21,11,21,11,22,11,22,11,21,12,21,12,20,13,20,12,19,13,19,13,18,13,17,14,17,14,4,3,0,0,0,0,0,0,0,0,0,0,0,0,0,0,0,0,0,0,3,2,12,9,12,10,12,11,12,12,11,12,11,13,12,13,12,13,13,14,13,15,13,15,13,16,13,16,14,16,14,16,15,15,15,15,16,15,16,16,16,16,16,16,17,16,18,15,19,15,19,14,20,14]"
CSI_DATA,44647,d8:b1:90:db:e8:90,-49,11,1,7,0,0,1,0,0,0,1,-96,0,8,0,698297366,0,100,0,128,1,"[100,-64,5,0,-20,-13,-20,-13,-20,-13,-20,-13,-20,-13,-20,-13,-20,-12,-20,-12,-20,-12,-20,-12,-20,-11,-21,-11,-21,-11,-20,-11,-20,-11,-21,-12,-20,-12,-20,-12,-19,-12,-19,-13,-19,-13,-18,-13,-17,-13,-17,-14,-16,-14,-4,-4,0,0,0,0,0,0,0,0,0,0,0,0,0,0,0,0,0,0,-3,-2,-12,-8,-12,-9,-12,-10,-12,-11,-12,-12,-12,-12,-13,-12,-13,-12,-13,-13,-13,-14,-14,-14,-14,-15,-14,-15,-14,-15,-15,-15,-16,-14,-16,-14,-16,-14,-16,-14,-16,-14,-17,-15,-17,-14,-18,-14,-19,-14,-19,-14,-19,-14]"
CSI_DATA,44648,d8:b1:90:db:e8:90,-49,11,1,7,0,0,1,0,0,0,1,-96,0,8,0,698309587,0,100,0,128,1,"[100,-64,5,0,-26,-1,-26,-1,-26,-1,-26,0,-26,0,-26,1,-26,1,-26,1,-26,1,-26,2,-26,2,-25,2,-25,3,-25,3,-25,3,-26,3,-25,2,-25,2,-24,2,-24,1,-24,1,-24,0,-24,-1,-24,-2,-24,-2,-6,-1,0,0,0,0,0,0,0,0,0,0,0,0,0,0,0,0,0,0,-4,0,-17,0,-17,-1,-17,-1,-17,-2,-17,-3,-18,-3,-19,-3,-19,-4,-20,-4,-21,-5,-21,-5,-21,-5,-22,-6,-22,-6,-22,-5,-22,-5,-23,-5,-23,-4,-24,-4,-24,-4,-24,-3,-25,-3,-25,-3,-25,-3,-25,-3,-25,-2]"
CSI_DATA,44649,d8:b1:90:db:e8:90,-49,11,1,7,0,0,1,0,0,0,1,-96,0,8,0,698325076,0,100,0,128,1,"[100,-64,5,0,-18,-19,-18,-19,-19,-19,-19,-18,-19,-18,-19,-18,-19,-17,-20,-17,-20,-17,-20,-16,-21,-16,-20,-15,-20,-15,-20,-16,-20,-16,-20,-16,-20,-16,-19,-16,-19,-16,-19,-16,-18,-16,-18,-16,-17,-16,-17,-17,-16,-18,-4,-5,0,0,0,0,0,0,0,0,0,0,0,0,0,0,0,0,0,0,-3,-3,-12,-11,-12,-12,-11,-13,-11,-13,-11,-14,-11,-14,-12,-15,-12,-16,-12,-17,-12,-17,-12,-18,-12,-18,-12,-19,-12,-19,-13,-19,-13,-19,-13,-19,-14,-19,-14,-19,-15,-19,-15,-19,-15,-19,-16,-19,-17,-19,-17,-19,-17,-19]"
CSI_DATA,44650,d8:b1:90:db:e8:90,-49,11,1,7,0,0,1,0,0,0,1,-96,0,8,0,698337806,0,100,0,128,1,"[100,-64,5,0,-4,-23,-4,-23,-4,-23,-5,-22,-5,-22,-5,-21,-6,-21,-6,-21,-7,-21,-7,-21,-7,-21,-7,-21,-7,-21,-7,-21,-7,-21,-7,-21,-7,-21,-6,-21,-6,-21,-5,-21,-5,-20,-4,-20,-3,-20,-3,-20,-2,-20,-1,-5,0,0,0,0,0,0,0,0,0,0,0,0,0,0,0,0,0,0,-1,-4,-2,-14,-2,-13,-2,-13,-2,-14,-3,-15,-2,-16,-1,-16,0,-16,0,-17,0,-17,-1,-18,-1,-19,-1,-19,0,-19,0,-19,0,-19,0,-19,-1,-20,-1,-21,-1,-21,-1,-21,-2,-22,-3,-21,-3,-21,-4,-22,-3,-22]"
CSI_DATA,44651,d8:b1:90:db:e8:90,-49,11,1,7,0,0,1,0,0,0,1,-96,0,8,0,698374444,0,100,0,128,1,"[100,-64,5,0,-22,-9,-22,-9,-22,-9,-22,-9,-22,-8,-22,-7,-22,-7,-22,-7,-21,-6,-22,-6,-22,-6,-22,-6,-22,-6,-22,-6,-22,-6,-22,-6,-22,-6,-22,-6,-21,-6,-21,-7,-20,-7,-20,-8,-19,-8,-19,-9,-19,-10,-5,-3,0,0,0,0,0,0,0,0,0,0,0,0,0,0,0,0,0,0,-4,-2,-13,-7,-13,-8,-12,-9,-13,-9,-13,-10,-13,-10,-14,-10,-14,-11,-14,-11,-14,-12,-15,-12,-16,-12,-16,-12,-16,-12,-17,-11,-17,-11,-18,-11,-18,-11,-19,-10,-19,-10,-20,-10,-20,-10,-21,-10,-21,-11,-21,-11,-21,-11]"
CSI_DATA,44652,d8:b1:90:db:e8:90,-49,11,1,7,0,0,1,0,0,0,1,-96,0,8,0,698389136,0,100,0,128,1,"[100,-64,5,0,19,-12,19,-12,19,-12,19,-13,18,-13,18,-13,18,-13,17,-14,16,-14,16,-15,16,-15,15,-15,15,-15,15,-15,15,-15,15,-15,15,-15,15,-15,15,-15,15,-14,15,-14,15,-13,16,-12,17,-12,17,-11,4,-3,0,0,0,0,0,0,0,0,0,0,0,0,0,0,0,0,0,0,2,-3,10,-9,11,-9,11,-9,12,-9,13,-9,13,-9,14,-9,14,-9,15,-9,16,-9,16,-9,17,-9,17,-9,17,-9,17,-9,17,-9,18,-9,18,-9,18,-10,18,-11,18,-11,18,-11,18,-11,19,-11,19,-12,19,-12]"
CSI_DATA,44653,d8:b1:90:db:e8:90,-49,11,1,7,0,0,1,0,0,0,1,-96,0,8,0,698400509,0,100,0,128,1,"[100,-64,5,0,-14,-19,-14,-19,-14,-19,-14,-18,-14,-18,-15,-18,-15,-17,-16,-17,-16,-17,-17,-16,-17,-15,-17,-15,-17,-15,-17,-15,-17,-15,-17,-15,-17,-15,-17,-15,-16,-15,-16,-15,-16,-15,-15,-15,-15,-16,-14,-16,-13,-17,-4,-5,0,0,0,0,0,0,0,0,0,0,0,0,0,0,0,0,0,0,-3,-3,-10,-11,-10,-11,-10,-12,-10,-12,-10,-13,-10,-13,-10,-14,-10,-15,-10,-15,-10,-16,-10,-17,-10,-17,-10,-18,-10,-18,-10,-18,-11,-18,-11,-18,-11,-18,-12,-18,-12,-18,-12,-19,-13,-19,-13,-19,-13,-19,-13,-19,-14,-19]"
CSI_DATA,44654,d8:b1:90:db:e8:90,-49,11,1,7,0,0,1,0,0,0,1,-96,0,8,0,698414503,0,100,0,128,1,"[100,-64,5,0,1,-26,1,-26,1,-26,0,-26,-1,-26,-1,-26,-2,-26,-2,-25,-2,-25,-2,-25,-2,-25,-3,-25,-3,-25,-3,-25,-3,-25,-3,-25,-3,-25,-3,-25,-3,-24,-2,-24,-2,-23,-1,-23,0,-23,1,-23,2,-23,0,-6,0,0,0,0,0,0,0,0,0,0,0,0,0,0,0,0,0,0,-1,-4,-1,-16,-1,-16,-1,-17,-1,-17,0,-18,1,-18,1,-19,1,-19,2,-20,3,-20,3,-21,4,-21,4,-21,4,-22,4,-22,3,-22,3,-22,3,-23,2,-23,1,-24,1,-24,1,-25,1,-26,1,-26,2,-26,2,-26]"
CSI_DATA,44655,d8:b1:90:db:e8:90,-49,11,1,7,0,0,1,0,0,0,1,-96,0,8,0,698427869,0,100,0,128,1,"[100,-64,5,0,-27,4,-27,4,-26,4,-26,4,-25,5,-25,5,-25,5,-24,5,-24,6,-24,6,-24,6,-24,6,-24,6,-24,6,-24,6,-24,7,-24,7,-24,6,-24,5,-23,5,-23,4,-23,3,-23,3,-23,2,-23,0,-6,0,0,0,0,0,0,0,0,0,0,0,0,0,0,0,0,0,0,0,-4,0,-16,2,-16,2,-17,2,-17,1,-18,1,-18,1,-19,1,-20,1,-21,1,-21,0,-22,0,-22,0,-22,-1,-23,-1,-23,0,-23,0,-24,0,-24,1,-24,2,-24,2,-24,2,-25,3,-25,4,-25,4,-25,4,-25,3]"
CSI_DATA,44656,d8:b1:90:db:e8:90,-49,11,1,7,0,0,1,0,0,0,1,-96,0,8,0,698441468,0,100,0,128,1,"[100,-64,5,0,0,23,0,23,1,23,1,22,2,22,2,21,2,21,3,21,3,21,3,21,4,21,5,20,6,20,6,20,5,20,5,21,5,21,5,20,4,20,4,20,3,20,3,19,2,19,1,20,0,20,0,5,0,0,0,0,0,0,0,0,0,0,0,0,0,0,0,0,0,0,0,3,2,13,1,13,-1,13,-1,13,0,14,0,16,-1,17,-2,18,-2,19,-3,19,-3,18,-3,18,-3,18,-3,18,-4,18,-4,18,-4,19,-3,19,-2,20,-1,20,-1,20,-1,21,0,21,0,21,0,22,0,22]"
CSI_DATA,44657,d8:b1:90:db:e8:90,-49,11,1,7,0,0,1,0,0,0,1,-96,0,8,0,698455975,0,100,0,128,1,"[100,-64,5,0,-9,-25,-9,-25,-9,-25,-10,-25,-10,-24,-10,-24,-11,-23,-11,-23,-11,-23,-12,-23,-12,-22,-13,-21,-14,-21,-14,-21,-14,-21,-13,-21,-13,-22,-13,-21,-12,-21,-12,-21,-11,-21,-10,-21,-10,-21,-9,-22,-8,-22,-2,-6,0,0,0,0,0,0,0,0,0,0,0,0,0,0,0,0,0,0,-2,-4,-7,-14,-7,-15,-7,-16,-6,-16,-6,-17,-6,-18,-5,-19,-5,-20,-5,-21,-4,-21,-4,-21,-3,-21,-3,-22,-3,-22,-3,-22,-4,-22,-4,-22,-4,-23,-6,-23,-6,-23,-7,-24,-7,-24,-8,-24,-8,-24,-8,-25,-8,-25]"
CSI_DATA,44658,d8:b1:90:db:e8:90,-50,11,1,7,0,0,1,0,0,0,1,-96,0,8,0,698480794,0,100,0,128,1,"[100,-64,5,0,19,16,19,16,19,16,19,15,19,14,19,14,19,13,20,13,20,13,20,12,20,12,20,11,20,11,20,11,20,11,20,11,20,11,19,12,19,12,18,12,18,13,17,13,17,13,16,13,15,13,3,3,0,0,0,0,0,0,0,0,0,0,0,0,0,0,0,0,0,0,3,1,12,7,12,8,12,9,12,9,12,10,12,11,13,12,13,13,13,14,13,14,14,15,14,15,14,16,14,16,15,16,15,15,15,15,16,16,17,15,17,15,18,15,18,15,18,16,18,16,18,16,19,16]"
CSI_DATA,44659,d8:b1:90:db:e8:90,-50,11,1,7,0,0,1,0,0,0,1,-96,0,8,0,698491103,0,100,0,128,1,"[100,-64,5,0,23,8,23,8,23,8,23,7,23,6,23,6,23,5,23,5,23,4,23,4,23,4,23,3,23,2,23,3,23,3,23,3,23,4,22,4,22,4,22,5,21,5,21,6,20,7,19,7,18,7,4,2,0,0,0,0,0,0,0,0,0,0,0,0,0,0,0,0,0,0,3,0,14,2,14,3,15,3,15,4,16,5,16,5,17,6,17,6,18,7,18,8,19,8,19,9,19,9,19,9,20,8,20,8,20,8,21,8,22,8,22,7,23,7,23,7,23,7,23,7,23,8,24,8]"
CSI_DATA,44660,d8:b1:90:db:e8:90,-49,11,1,7,0,0,1,0,0,0,1,-96,0,8,0,698502714,0,100,0,128,1,"[100,-64,5,0,25,-5,25,-5,25,-5,25,-6,24,-7,24,-7,24,-8,23,-8,23,-8,23,-8,23,-9,23,-9,23,-9,23,-9,23,-9,22,-9,22,-9,21,-9,21,-8,21,-8,21,-7,21,-7,21,-6,21,-5,22,-4,5,-1,0,0,0,0,0,0,0,0,0,0,0,0,0,0,0,0,0,0,3,-2,14,-6,15,-6,15,-5,16,-4,17,-4,17,-4,18,-3,18,-3,19,-3,20,-2,21,-2,22,-2,22,-1,22,-1,22,-1,22,-1,22,-2,22,-2,23,-2,23,-2,23,-2,24,-3,24,-4,24,-4,25,-4,25,-4]"
CSI_DATA,44661,d8:b1:90:db:e8:90,-49,11,1,7,0,0,1,0,0,0,1,-96,0,8,0,698513700,0,100,0,128,1,"[100,-64,5,0,-25,-10,-25,-10,-25,-9,-24,-8,-24,-7,-24,-7,-24,-7,-24,-6,-24,-6,-24,-6,-24,-5,-24,-4,-24,-4,-24,-4,-24,-4,-24,-4,-24,-4,-24,-4,-24,-4,-24,-5,-23,-5,-23,-5,-22,-6,-22,-7,-22,-8,-6,-2,0,0,0,0,0,0,0,0,0,0,0,0,0,0,0,0,0,0,-4,-1,-16,-3,-16,-4,-16,-5,-16,-6,-17,-6,-18,-7,-18,-7,-19,-7,-19,-8,-20,-8,-20,-9,-20,-9,-20,-10,-21,-10,-21,-11,-22,-11,-22,-11,-22,-10,-22,-10,-23,-10,-23,-10,-24,-10,-24,-10,-25,-10,-25,-10,-24,-10]"
CSI_DATA,44662,d8:b1:90:db:e8:90,-50,11,1,7,0,0,1,0,0,0,1,-96,0,8,0,698525437,0,100,0,128,1,"[100,-64,5,0,-3,-26,-4,-25,-4,-25,-4,-25,-5,-24,-5,-24,-6,-24,-6,-24,-7,-24,-7,-24,-7,-23,-8,-23,-8,-23,-8,-23,-8,-23,-9,-23,-9,-23,-9,-23,-8,-23,-8,-23,-8,-22,-7,-22,-7,-22,-6,-22,-5,-22,-1,-6,0,0,0,0,0,0,0,0,0,0,0,0,0,0,0,0,0,0,-1,-4,-4,-15,-3,-16,-3,-17,-2,-17,-2,-18,-2,-19,-2,-19,-2,-20,-1,-20,-1,-21,-1,-22,0,-22,0,-22,0,-23,0,-23,0,-24,0,-24,0,-24,-1,-24,-1,-24,-2,-25,-2,-25,-2,-26,-2,-26,-2,-26,-3,-26]"
CSI_DATA,44663,d8:b1:90:db:e8:90,-49,11,1,7,0,0,1,0,0,0,1,-96,0,8,0,698535760,0,100,0,128,1,"[100,-64,5,0,22,2,22,2,22,2,22,2,22,2,21,1,21,1,21,0,21,-1,21,-1,21,-1,21,-2,21,-3,21,-3,21,-3,21,-3,21,-2,20,-2,20,-2,20,-2,20,-1,20,-1,20,0,20,1,20,1,5,0,0,0,0,0,0,0,0,0,0,0,0,0,0,0,0,0,0,0,3,0,13,0,13,0,14,1,15,1,15,2,15,2,16,3,16,3,17,4,17,5,17,5,18,5,18,6,18,6,18,6,18,6,18,6,19,5,20,5,20,5,21,4,21,4,21,4,21,4,21,4,22,4]"
CSI_DATA,44664,d8:b1:90:db:e8:90,-49,11,1,7,0,0,1,0,0,0,1,-96,0,8,0,698555305,0,100,0,128,1,"[100,-64,5,0,17,-14,17,-14,17,-14,17,-14,17,-14,17,-14,16,-15,15,-15,15,-16,15,-16,14,-16,13,-16,13,-16,13,-17,14,-17,14,-16,14,-16,14,-16,13,-15,13,-15,14,-15,14,-14,15,-13,15,-13,15,-13,4,-3,0,0,0,0,0,0,0,0,0,0,0,0,0,0,0,0,0,0,2,-3,8,-11,9,-10,11,-10,11,-10,12,-9,13,-10,14,-11,14,-11,15,-11,16,-11,16,-10,16,-10,17,-10,17,-10,17,-10,17,-10,17,-10,17,-11,17,-12,18,-12,18,-12,18,-13,18,-13,18,-13,18,-13,18,-13]"
CSI_DATA,44665,d8:b1:90:db:e8:90,-49,11,1,7,0,0,1,0,0,0,1,-96,0,8,0,698578768,0,100,0,128,1,"[100,-64,5,0,21,-8,21,-8,21,-8,22,-8,21,-8,21,-8,20,-8,20,-9,20,-9,19,-9,19,-10,19,-10,19,-10,19,-9,19,-10,19,-10,19,-9,19,-9,19,-8,19,-8,18,-8,18,-8,18,-7,18,-7,18,-7,4,-2,0,0,0,0,0,0,0,0,0,0,0,0,0,0,0,0,0,0,3,-2,13,-5,13,-5,13,-5,14,-5,15,-5,15,-5,16,-5,16,-5,17,-4,18,-4,19,-4,19,-4,19,-4,19,-4,19,-4,19,-4,20,-4,20,-5,20,-5,21,-5,21,-5,21,-6,21,-7,22,-7,22,-7,22,-7]"
CSI_DATA,44666,d8:b1:90:db:e8:90,-49,11,1,7,0,0,1,0,0,0,1,-96,0,8,0,698604114,0,100,0,128,1,"[100,-64,5,0,11,20,11,20,12,20,12,19,12,19,12,19,12,18,13,18,13,17,13,17,13,17,13,17,13,17,14,17,14,17,14,17,13,17,13,17,12,17,12,17,11,17,11,17,10,17,10,18,10,18,2,4,0,0,0,0,0,0,0,0,0,0,0,0,0,0,0,0,0,0,1,3,6,12,6,13,5,13,5,14,5,15,5,15,5,16,5,16,5,17,5,18,5,18,4,19,4,19,5,19,6,19,6,19,7,19,7,19,8,19,9,19,9,20,9,20,10,21,10,21,10,21,10,20]"
CSI_DATA,44667,d8:b1:90:db:e8:90,-49,11,1,7,0,0,1,0,0,0,1,-96,0,8,0,698614222,0,100,0,128,1,"[100,-64,5,0,18,-15,18,-15,18,-15,18,-15,17,-15,17,-15,16,-15,16,-16,16,-16,15,-16,15,-16,15,-17,15,-17,15,-17,15,-16,15,-16,15,-16,15,-16,15,-15,15,-15,15,-14,15,-14,16,-13,16,-13,17,-13,4,-3,0,0,0,0,0,0,0,0,0,0,0,0,0,0,0,0,0,0,2,-3,11,-9,12,-9,12,-8,13,-8,14,-8,15,-8,15,-8,15,-8,16,-8,17,-8,17,-8,18,-8,18,-8,18,-8,18,-9,18,-10,18,-10,18,-11,18,-11,18,-12,18,-12,19,-13,19,-13,20,-13,20,-13,19,-13]"
CSI_DATA,44668,d8:b1:90:db:e8:90,-49,11,1,7,0,0,1,0,0,0,1,-96,0,8,0,698625424,0,100,0,128,1,"[100,-64,5,0,15,20,15,20,15,20,16,19,16,18,16,18,16,17,17,16,17,16,17,15,17,15,18,15,18,15,18,15,18,15,18,15,18,15,17,15,17,15,17,15,17,16,16,16,15,17,14,17,13,18,3,4,0,0,0,0,0,0,0,0,0,0,0,0,0,0,0,0,0,0,2,2,10,10,10,11,10,12,10,13,10,14,10,14,11,15,11,16,11,17,11,18,11,17,12,18,12,18,12,18,12,19,12,19,12,19,13,19,13,19,13,19,13,20,14,20,14,20,14,20,14,20,15,21]"
CSI_DATA,44669,d8:b1:90:db:e8:90,-49,11,1,7,0,0,1,0,0,0,1,-96,0,8,0,698637199,0,100,0,128,1,"[100,-64,5,0,-16,17,-16,17,-16,17,-16,17,-15,17,-15,17,-14,17,-13,17,-12,18,-12,18,-12,19,-11,19,-11,19,-11,19,-11,19,-11,18,-12,18,-12,18,-12,17,-12,16,-12,16,-12,16,-12,16,-13,15,-14,15,-4,3,0,0,0,0,0,0,0,0,0,0,0,0,0,0,0,0,0,0,-2,3,-9,12,-9,11,-10,11,-10,10,-11,11,-12,11,-12,12,-12,12,-13,12,-14,13,-14,13,-15,13,-15,13,-15,13,-16,13,-16,13,-17,13,-17,13,-17,14,-17,14,-17,14,-17,14,-17,15,-17,16,-17,16,-17,16]"
CSI_DATA,44670,d8:b1:90:db:e8:90,-49,11,1,7,0,0,1,0,0,0,1,-96,0,8,0,698655974,0,100,0,128,1,"[100,-64,5,0,7,20,7,20,7,20,7,19,7,19,7,18,8,18,8,18,9,17,9,17,10,17,10,16,10,16,11,16,10,17,10,17,10,16,10,16,9,16,9,16,8,16,8,16,7,16,7,17,6,17,1,4,0,0,0,0,0,0,0,0,0,0,0,0,0,0,0,0,0,0,1,3,6,12,4,12,3,12,2,12,2,12,2,14,4,15,4,15,4,16,3,16,3,17,3,17,2,18,2,18,3,18,2,18,2,18,3,19,3,19,3,19,3,20,4,20,4,20,5,20,5,20,5,20]"
CSI_DATA,44671,d8:b1:90:db:e8:90,-49,11,1,7,0,0,1,0,0,0,1,-96,0,8,0,698681592,0,100,0,128,1,"[100,-64,5,0,-24,-7,-24,-7,-23,-6,-23,-6,-23,-6,-23,-5,-23,-5,-22,-4,-22,-4,-22,-3,-23,-3,-23,-2,-23,-2,-23,-2,-22,-2,-22,-2,-22,-2,-22,-2,-22,-2,-22,-3,-22,-3,-22,-4,-21,-4,-21,-5,-21,-6,-6,-2,0,0,0,0,0,0,0,0,0,0,0,0,0,0,0,0,0,0,-4,-1,-15,-2,-15,-3,-15,-4,-15,-5,-15,-5,-16,-5,-18,-5,-18,-6,-19,-6,-19,-7,-19,-7,-19,-8,-19,-8,-20,-9,-20,-8,-21,-8,-21,-8,-21,-8,-21,-8,-22,-7,-22,-7,-22,-7,-23,-7,-23,-7,-23,-7,-23,-7]"
CSI_DATA,44672,d8:b1:90:db:e8:90,-49,11,1,7,0,0,1,0,0,0,1,-96,0,8,0,698695797,0,100,0,128,1,"[100,-64,5,0,12,21,12,21,12,21,12,21,13,21,13,20,13,19,13,19,13,19,13,19,14,18,15,17,15,17,15,18,16,18,15,18,15,18,15,18,14,18,14,18,13,18,12,18,12,18,11,19,11,19,2,4,0,0,0,0,0,0,0,0,0,0,0,0,0,0,0,0,0,0,2,3,8,13,8,13,8,14,8,14,8,15,8,16,8,16,9,16,8,17,8,18,8,19,8,19,8,20,8,20,8,21,8,21,8,21,9,21,9,22,9,22,10,22,10,22,11,22,11,22,11,22,11,22]"
CSI_DATA,44673,d8:b1:90:db:e8:90,-49,11,1,7,0,0,1,0,0,0,1,-96,0,8,0,698707084,0,100,0,128,1,"[100,-64,5,0,-17,-18,-17,-19,-16,-17,-17,-16,-18,-17,-16,-16,-17,-14,-19,-14,-18,-14,-18,-12,-20,-12,-20,-13,-19,-11,-21,-10,-21,-12,-19,-10,-20,-8,-21,-9,-19,-10,-19,-8,-20,-9,-19,-10,-18,-9,-20,-10,-20,-12,-5,-4,0,0,0,0,0,0,0,0,0,0,0,0,0,0,0,0,0,0,-2,-4,-7,-14,-7,-14,-7,-15,-7,-15,-7,-15,-8,-16,-8,-17,-8,-17,-8,-18,-8,-19,-8,-19,-9,-19,-9,-20,-8,-20,-9,-20,-10,-20,-10,-21,-10,-20,-12,-19,-13,-20,-12,-19,-14,-19,-15,-20,-14,-20,-15,-18,-17,-18]"
CSI_DATA,44674,d8:b1:90:db:e8:90,-49,11,1,7,0,0,1,0,0,0,1,-96,0,8,0,698725076,0,100,0,128,1,"[100,-64,5,0,25,2,25,2,25,2,25,1,25,1,24,0,24,0,24,0,23,-1,23,-1,23,-2,23,-2,23,-2,23,-2,23,-3,23,-3,22,-3,22,-3,22,-2,22,-2,22,-2,22,-1,22,0,22,0,22,1,5,0,0,0,0,0,0,0,0,0,0,0,0,0,0,0,0,0,0,0,4,-1,17,-2,16,-1,16,0,16,1,17,1,18,1,19,1,20,1,20,2,21,3,22,3,22,4,22,4,22,4,22,4,23,4,23,4,23,4,24,3,24,3,24,3,25,3,25,3,26,3,25,3,25,2]"
CSI_DATA,44675,d8:b1:90:db:e8:90,-49,11,1,7,0,0,1,0,0,0,1,-96,0,8,0,698737969,0,100,0,128,1,"[100,-64,5,0,-22,8,-22,8,-21,7,-21,8,-21,9,-20,9,-19,10,-19,10,-19,10,-19,11,-19,12,-18,13,-18,12,-19,12,-19,13,-18,13,-17,13,-18,12,-18,11,-18,11,-17,11,-17,10,-17,9,-17,9,-18,8,-5,1,0,0,0,0,0,0,0,0,0,0,0,0,0,0,0,0,0,0,-4,1,-13,6,-13,6,-14,5,-15,5,-16,5,-16,5,-17,6,-17,6,-18,5,-19,5,-19,5,-20,5,-20,5,-20,5,-20,5,-20,6,-21,5,-21,5,-21,5,-21,6,-21,7,-21,7,-21,7,-22,8,-22,7,-22,8]"
CSI_DATA,44676,d8:b1:90:db:e8:90,-49,11,1,7,0,0,1,0,0,0,1,-96,0,8,0,698755097,0,100,0,128,1,"[100,-64,5,0,-4,20,-4,20,-4,19,-4,19,-4,19,-3,19,-3,19,-2,19,-2,18,-2,18,-2,18,-1,18,-1,18,-1,18,-1,19,-1,19,-2,18,-2,18,-2,18,-2,18,-2,18,-3,18,-3,17,-4,17,-4,17,-1,4,0,0,0,0,0,0,0,0,0,0,0,0,0,0,0,0,0,0,0,2,0,11,-1,11,-2,12,-3,12,-2,13,-3,14,-4,15,-4,16,-3,16,-3,16,-3,17,-4,16,-4,17,-4,17,-5,18,-5,18,-5,18,-5,18,-5,19,-5,19,-5,19,-5,19,-4,20,-4,20,-4,20,-4,20]"
CSI_DATA,44677,d8:b1:90:db:e8:90,-49,11,1,7,0,0,1,0,0,0,1,-96,0,8,0,698765210,0,100,0,128,1,"[100,-64,5,0,13,18,13,17,13,17,13,17,13,17,13,16,13,16,14,16,14,15,14,15,14,15,14,15,14,15,14,15,15,15,15,15,14,15,14,15,14,15,14,15,13,15,13,15,12,15,12,15,11,16,2,4,0,0,0,0,0,0,0,0,0,0,0,0,0,0,0,0,0,0,2,2,10,9,10,10,10,11,10,11,10,12,10,13,10,14,10,14,10,15,10,15,10,16,11,16,10,16,11,17,11,17,11,18,11,18,11,18,11,18,12,18,12,18,12,18,13,18,13,19,13,19,14,19]"
CSI_DATA,44678,d8:b1:90:db:e8:90,-49,11,1,7,0,0,1,0,0,0,1,-96,0,8,0,698786626,0,100,0,128,1,"[100,-64,5,0,6,-23,6,-23,6,-22,6,-22,5,-22,5,-22,4,-21,4,-21,3,-21,3,-21,3,-21,3,-21,2,-21,2,-21,3,-21,2,-21,2,-21,3,-21,3,-21,3,-20,3,-20,4,-19,5,-19,5,-19,6,-19,1,-5,0,0,0,0,0,0,0,0,0,0,0,0,0,0,0,0,0,0,1,-4,5,-14,6,-14,6,-15,6,-15,6,-15,7,-15,7,-16,7,-17,8,-17,9,-17,9,-18,10,-18,10,-17,10,-18,9,-18,9,-19,9,-19,9,-19,9,-20,9,-20,9,-20,9,-21,8,-22,8,-22,8,-22,7,-22]"
CSI_DATA,44679,d8:b1:90:db:e8:90,-49,11,1,7,0,0,1,0,0,0,1,-96,0,8,0,698796732,0,100,0,128,1,"[100,-64,5,0,-23,4,-23,4,-23,4,-22,4,-22,4,-22,5,-22,5,-21,5,-21,5,-21,6,-21,6,-21,7,-20,8,-20,8,-20,7,-20,7,-20,7,-20,6,-20,6,-20,6,-20,5,-20,4,-20,4,-20,3,-20,3,-6,0,0,0,0,0,0,0,0,0,0,0,0,0,0,0,0,0,0,0,-4,1,-14,4,-15,3,-15,3,-16,2,-17,2,-17,1,-18,1,-19,1,-19,0,-20,-1,-20,-1,-21,-1,-21,-1,-21,-1,-22,0,-22,0,-22,0,-22,1,-22,1,-22,2,-22,2,-22,2,-22,3,-23,3,-23,3,-23,3]"
CSI_DATA,44680,d8:b1:90:db:e8:90,-49,11,1,7,0,0,1,0,0,0,1,-96,0,8,0,698815284,0,100,0,128,1,"[100,-64,5,0,-26,-1,-25,-2,-25,-2,-25,-2,-24,-1,-24,-1,-24,0,-24,1,-24,1,-24,1,-24,2,-24,3,-24,3,-24,3,-24,3,-24,3,-24,2,-24,2,-23,2,-23,1,-23,1,-23,0,-23,-1,-22,-2,-22,-2,-6,-1,0,0,0,0,0,0,0,0,0,0,0,0,0,0,0,0,0,0,-4,0,-16,1,-17,0,-17,-1,-18,-2,-18,-2,-19,-3,-19,-3,-20,-3,-20,-4,-21,-4,-22,-5,-22,-5,-23,-5,-22,-5,-22,-5,-22,-5,-23,-4,-23,-4,-24,-4,-24,-4,-24,-4,-25,-3,-25,-4,-25,-4,-25,-4,-25,-3]"
CSI_DATA,44681,d8:b1:90:db:e8:90,-50,11,1,7,0,0,1,0,0,0,1,-96,0,8,0,698825429,0,100,0,128,1,"[100,-64,5,0,7,20,7,20,7,20,7,19,8,19,8,19,8,18,9,18,9,18,9,18,9,17,10,17,10,18,10,17,10,17,10,17,10,17,9,17,9,17,9,17,8,17,8,18,7,18,6,18,5,18,1,4,0,0,0,0,0,0,0,0,0,0,0,0,0,0,0,0,0,0,1,3,6,12,6,12,5,13,5,14,5,14,4,15,5,16,5,16,5,17,4,18,5,18,5,19,4,19,4,19,4,19,4,19,4,19,4,19,5,19,6,19,6,20,6,20,6,21,6,21,6,21,7,21]"
CSI_DATA,44682,d8:b1:90:db:e8:90,-49,11,1,7,0,0,1,0,0,0,1,-96,0,8,0,698845300,0,100,0,128,1,"[100,-64,5,0,-20,-13,-20,-13,-19,-12,-19,-12,-19,-11,-19,-11,-20,-10,-20,-10,-20,-9,-20,-9,-20,-9,-20,-8,-20,-8,-20,-8,-20,-8,-21,-8,-21,-8,-20,-8,-20,-8,-20,-8,-20,-8,-19,-8,-19,-9,-18,-9,-18,-10,-5,-3,0,0,0,0,0,0,0,0,0,0,0,0,0,0,0,0,0,0,-4,-2,-14,-7,-14,-8,-14,-9,-14,-10,-14,-10,-14,-11,-15,-12,-15,-12,-15,-13,-15,-13,-15,-14,-15,-14,-15,-14,-15,-14,-16,-15,-16,-15,-17,-15,-17,-15,-17,-14,-18,-14,-18,-14,-19,-14,-19,-14,-19,-14,-19,-14,-19,-14]"
CSI_DATA,44683,d8:b1:90:db:e8:90,-49,11,1,7,0,0,1,0,0,0,1,-96,0,8,0,698857167,0,100,0,128,1,"[100,-64,5,0,13,20,13,20,13,19,13,19,13,18,13,18,13,17,13,17,13,16,13,16,14,16,14,16,14,16,14,16,14,16,15,16,15,15,14,15,14,15,13,15,13,15,12,16,12,16,11,16,10,17,2,4,0,0,0,0,0,0,0,0,0,0,0,0,0,0,0,0,0,0,2,2,8,11,9,12,9,13,9,15,9,15,9,15,9,14,9,15,9,17,8,18,8,18,8,18,8,19,8,19,9,19,9,19,9,19,9,19,10,19,10,18,10,19,11,19,11,19,12,19,12,19,11,19]"
CSI_DATA,44684,d8:b1:90:db:e8:90,-49,11,1,7,0,0,1,0,0,0,1,-96,0,8,0,698889801,0,100,0,128,1,"[100,-64,5,0,-21,-1,-21,-1,-21,-2,-21,-1,-21,-1,-20,-1,-20,0,-20,0,-20,1,-20,1,-20,2,-20,2,-20,2,-20,2,-20,2,-20,2,-20,1,-19,1,-19,1,-19,1,-19,0,-19,0,-19,-1,-19,-2,-19,-2,-5,-1,0,0,0,0,0,0,0,0,0,0,0,0,0,0,0,0,0,0,-4,0,-14,0,-14,0,-15,0,-16,-1,-16,-1,-16,-2,-17,-2,-17,-2,-17,-3,-18,-3,-18,-4,-19,-4,-19,-4,-19,-5,-19,-5,-19,-5,-19,-5,-19,-4,-20,-4,-20,-3,-20,-3,-20,-3,-21,-3,-21,-3,-21,-3,-21,-3]"
CSI_DATA,44685,d8:b1:90:db:e8:90,-49,11,1,7,0,0,1,0,0,0,1,-96,0,8,0,698906003,0,100,0,128,1,"[100,-64,5,0,16,19,16,19,16,18,17,18,17,17,17,16,17,16,18,15,18,14,18,14,18,14,19,13,19,13,19,13,19,13,20,13,20,13,19,13,19,13,19,13,18,13,17,13,16,14,15,14,14,15,3,3,0,0,0,0,0,0,0,0,0,0,0,0,0,0,0,0,0,0,3,2,13,10,12,12,12,13,11,14,11,14,12,15,12,16,12,16,12,17,12,17,12,18,12,18,12,19,12,19,12,19,12,19,12,19,13,19,13,19,14,19,14,19,14,19,15,19,15,19,15,20,15,20]"
CSI_DATA,44686,d8:b1:90:db:e8:90,-49,11,1,7,0,0,1,0,0,0,1,-96,0,8,0,698920234,0,100,0,128,1,"[100,-64,5,0,-16,18,-15,18,-15,18,-14,19,-14,19,-13,19,-12,19,-11,19,-11,19,-11,19,-10,19,-10,19,-10,19,-10,19,-10,19,-10,19,-10,19,-10,19,-10,19,-10,18,-11,17,-11,17,-12,17,-12,16,-13,16,-4,4,0,0,0,0,0,0,0,0,0,0,0,0,0,0,0,0,0,0,-2,3,-8,13,-9,13,-10,13,-11,13,-11,13,-11,14,-12,15,-12,15,-13,16,-14,15,-14,15,-15,15,-15,15,-16,15,-16,15,-16,15,-16,15,-16,15,-16,16,-16,16,-16,16,-16,17,-15,17,-15,17,-15,17,-15,17]"
CSI_DATA,44687,d8:b1:90:db:e8:90,-49,11,1,7,0,0,1,0,0,0,1,-96,0,8,0,698934934,0,100,0,128,1,"[100,-64,5,0,16,-18,16,-18,16,-18,16,-18,15,-17,15,-17,14,-18,13,-18,12,-19,12,-19,12,-20,11,-20,11,-20,11,-20,11,-20,12,-20,12,-19,12,-19,12,-18,12,-18,13,-17,13,-16,13,-16,14,-15,14,-15,3,-4,0,0,0,0,0,0,0,0,0,0,0,0,0,0,0,0,0,0,2,-4,8,-14,9,-14,10,-13,11,-13,12,-13,13,-13,13,-13,13,-13,14,-13,15,-13,15,-14,16,-14,16,-14,16,-14,16,-14,16,-15,16,-15,16,-15,15,-16,15,-16,15,-17,15,-17,15,-17,15,-17,15,-17,16,-18]"
CSI_DATA,44688,d8:b1:90:db:e8:90,-49,11,1,7,0,0,1,0,0,0,1,-96,0,8,0,698945940,0,100,0,128,1,"[100,-64,5,0,20,-3,20,-3,20,-3,20,-3,19,-4,19,-4,19,-4,19,-5,18,-6,18,-6,18,-7,18,-8,18,-8,18,-8,18,-7,18,-7,18,-7,18,-6,17,-6,17,-6,17,-5,17,-5,17,-4,17,-3,17,-3,4,-1,0,0,0,0,0,0,0,0,0,0,0,0,0,0,0,0,0,0,3,-1,13,-4,13,-3,13,-2,14,-2,15,-1,15,-1,15,-1,16,-1,16,0,17,0,17,0,17,0,17,0,18,0,17,0,18,0,18,0,18,-1,18,-2,18,-2,19,-2,19,-3,19,-3,19,-3,19,-3,20,-3]"
CSI_DATA,44689,d8:b1:90:db:e8:90,-49,11,1,7,0,0,1,0,0,0,1,-96,0,8,0,698958992,0,100,0,128,1,"[100,-64,5,0,-27,-2,-27,-3,-27,-2,-27,-2,-27,-1,-27,-1,-27,0,-26,1,-26,1,-26,2,-26,3,-26,4,-26,5,-26,4,-26,4,-26,4,-25,4,-25,3,-25,3,-25,3,-25,2,-25,1,-25,0,-24,-1,-24,-2,-6,-1,0,0,0,0,0,0,0,0,0,0,0,0,0,0,0,0,0,0,-5,0,-19,1,-19,1,-19,-1,-20,-1,-21,-2,-21,-3,-21,-4,-21,-4,-22,-5,-23,-6,-22,-7,-22,-7,-23,-7,-23,-7,-23,-8,-23,-8,-24,-8,-24,-8,-25,-7,-25,-6,-26,-6,-26,-6,-26,-5,-27,-4,-27,-4,-27,-4]"
CSI_DATA,44690,d8:b1:90:db:e8:90,-49,11,1,7,0,0,1,0,0,0,1,-96,0,8,0,698988608,0,100,0,128,1,"[100,-64,5,0,9,20,10,20,10,20,10,20,10,19,10,19,11,19,11,19,12,18,12,18,12,17,12,17,12,17,12,17,12,18,12,18,12,18,11,18,11,17,11,17,10,17,9,17,9,17,8,17,7,18,1,4,0,0,0,0,0,0,0,0,0,0,0,0,0,0,0,0,0,0,2,3,8,12,8,14,8,14,7,14,5,15,5,15,5,16,6,16,5,16,5,17,5,17,5,18,5,18,5,19,5,19,5,19,6,19,6,20,7,20,7,20,7,19,8,20,8,20,9,20,9,20,8,20]"
CSI_DATA,44691,d8:b1:90:db:e8:90,-49,11,1,7,0,0,1,0,0,0,1,-96,0,8,0,699003767,0,100,0,128,1,"[100,-64,5,0,-20,-17,-20,-17,-20,-17,-20,-16,-20,-15,-20,-15,-20,-15,-21,-14,-21,-14,-21,-13,-22,-13,-22,-12,-22,-12,-22,-12,-21,-13,-22,-13,-21,-13,-21,-13,-20,-13,-19,-13,-19,-13,-19,-13,-18,-14,-17,-14,-17,-15,-5,-4,0,0,0,0,0,0,0,0,0,0,0,0,0,0,0,0,0,0,-4,-3,-14,-10,-14,-11,-14,-12,-14,-13,-14,-13,-14,-14,-14,-14,-14,-15,-14,-15,-14,-16,-15,-16,-15,-16,-15,-17,-15,-17,-15,-17,-15,-17,-15,-17,-16,-17,-16,-17,-17,-17,-17,-17,-18,-18,-18,-17,-19,-17,-19,-17,-19,-17]"
CSI_DATA,44692,d8:b1:90:db:e8:90,-50,11,1,7,0,0,1,0,0,0,1,-96,0,8,0,699013804,0,100,0,128,1,"[100,-64,5,0,-22,13,-22,13,-22,13,-21,14,-20,14,-20,14,-19,14,-19,15,-19,15,-19,15,-19,15,-19,16,-18,16,-18,16,-18,16,-17,16,-17,16,-17,15,-17,15,-18,15,-18,14,-18,13,-19,13,-19,13,-20,12,-5,3,0,0,0,0,0,0,0,0,0,0,0,0,0,0,0,0,0,0,-4,2,-15,8,-15,8,-16,8,-17,7,-18,7,-18,7,-19,7,-20,6,-20,5,-21,5,-21,5,-21,6,-21,5,-21,5,-21,6,-21,6,-22,6,-22,7,-22,9,-22,10,-22,10,-22,10,-22,11,-23,11,-23,11,-23,10]"
CSI_DATA,44693,d8:b1:90:db:e8:90,-50,11,1,7,0,0,1,0,0,0,1,-96,0,8,0,699025735,0,100,0,128,1,"[100,-64,5,0,-13,-23,-13,-23,-13,-22,-13,-22,-13,-21,-13,-21,-13,-21,-14,-20,-15,-19,-15,-19,-16,-19,-16,-18,-17,-18,-17,-18,-17,-18,-17,-18,-16,-18,-16,-19,-16,-19,-15,-19,-14,-19,-14,-19,-13,-19,-12,-20,-11,-20,-3,-5,0,0,0,0,0,0,0,0,0,0,0,0,0,0,0,0,0,0,-3,-4,-10,-14,-9,-15,-9,-15,-8,-16,-8,-17,-7,-17,-7,-18,-7,-18,-7,-19,-7,-20,-7,-21,-7,-21,-6,-22,-6,-22,-6,-22,-6,-21,-6,-21,-7,-22,-8,-22,-9,-22,-9,-22,-10,-22,-10,-23,-11,-23,-11,-23,-11,-23]"
CSI_DATA,44694,d8:b1:90:db:e8:90,-49,11,1,7,0,0,1,0,0,0,1,-96,0,8,0,699038079,0,100,0,128,1,"[100,-64,5,0,-10,-25,-10,-25,-10,-25,-10,-24,-10,-24,-10,-23,-11,-23,-12,-22,-12,-22,-12,-22,-13,-21,-14,-21,-14,-21,-14,-21,-14,-21,-14,-21,-14,-22,-13,-22,-13,-22,-12,-22,-11,-21,-11,-21,-10,-22,-9,-22,-8,-22,-2,-6,0,0,0,0,0,0,0,0,0,0,0,0,0,0,0,0,0,0,-2,-4,-8,-15,-8,-16,-7,-16,-6,-17,-6,-17,-6,-18,-5,-19,-5,-19,-5,-20,-4,-21,-4,-21,-4,-22,-4,-22,-4,-22,-3,-22,-3,-22,-3,-23,-4,-23,-5,-23,-6,-23,-7,-23,-7,-23,-7,-24,-8,-24,-8,-24,-8,-24]"
CSI_DATA,44695,d8:b1:90:db:e8:90,-50,11,1,7,0,0,1,0,0,0,1,-96,0,8,0,699055449,0,100,0,128,1,"[100,-64,5,0,2,-23,2,-23,1,-23,1,-23,1,-22,1,-22,1,-22,0,-22,0,-22,0,-22,0,-22,-1,-22,-1,-22,0,-22,0,-22,-1,-22,-1,-21,0,-21,0,-21,0,-21,1,-21,1,-20,2,-20,3,-20,3,-20,1,-5,0,0,0,0,0,0,0,0,0,0,0,0,0,0,0,0,0,0,0,-4,2,-15,2,-15,3,-15,4,-16,4,-15,4,-16,5,-18,5,-19,5,-18,6,-18,5,-18,5,-18,5,-19,5,-19,5,-19,5,-19,5,-19,5,-19,4,-19,4,-19,4,-20,4,-20,3,-21,2,-21,3,-21,3,-22]"
CSI_DATA,44696,d8:b1:90:db:e8:90,-50,11,1,7,0,0,1,0,0,0,1,-96,0,8,0,699066539,0,100,0,128,1,"[100,-64,5,0,11,16,11,16,11,16,11,15,11,15,11,14,11,14,12,14,12,14,12,13,12,13,12,13,13,13,13,13,13,13,13,14,13,14,12,14,12,14,11,14,11,14,10,14,9,14,9,14,9,15,2,3,0,0,0,0,0,0,0,0,0,0,0,0,0,0,0,0,0,0,1,2,7,9,7,10,6,11,6,11,6,11,6,11,6,12,6,12,7,14,7,15,7,15,7,15,7,15,7,15,7,15,7,15,7,15,7,15,7,15,8,15,8,15,8,16,9,16,9,16,9,16,10,16]"
CSI_DATA,44697,d8:b1:90:db:e8:90,-52,11,1,5,0,0,1,0,1,0,0,-96,0,8,0,699096053,0,100,0,128,1,"[100,-64,5,0,33,-16,29,-14,24,-12,19,-10,14,-7,9,-3,4,0,0,2,-4,5,-6,7,-9,8,-10,9,-11,9,-10,8,-9,6,-8,4,-5,1,-2,-3,1,-7,5,-11,9,-14,14,-18,18,-21,22,-22,25,-23,6,-6,0,0,0,0,0,0,0,0,0,0,0,0,0,0,0,0,0,0,2,-2,10,-6,8,-4,4,-3,1,-3,-1,-2,-4,-1,-6,0,-7,0,-7,1,-7,1,-6,1,-4,1,-2,1,1,1,6,0,10,-1,14,-2,19,-4,23,-6,27,-8,31,-10,34,-12,37,-15,38,-17,39,-18,40,-18]"
CSI_DATA,44698,d8:b1:90:db:e8:90,-50,11,1,7,0,0,1,0,0,0,1,-96,0,8,0,699106865,0,100,0,128,1,"[100,-64,5,0,19,15,19,15,19,15,19,14,19,14,19,13,20,13,20,11,20,11,20,11,20,10,20,10,20,10,20,10,21,10,21,10,20,10,20,11,19,11,19,11,19,11,18,12,17,12,17,13,17,14,4,3,0,0,0,0,0,0,0,0,0,0,0,0,0,0,0,0,0,0,3,2,13,9,13,10,13,10,13,11,13,12,13,12,13,13,13,14,13,14,13,15,12,16,12,16,12,16,12,17,13,16,13,16,14,16,14,16,15,16,16,15,16,15,17,15,17,16,17,16,17,16,18,15]"
CSI_DATA,44699,d8:b1:90:db:e8:90,-50,11,1,7,0,0,1,0,0,0,1,-96,0,8,0,699120466,0,100,0,128,1,"[100,-64,5,0,18,-16,18,-16,18,-17,18,-17,17,-18,17,-18,17,-18,16,-18,16,-18,16,-18,16,-18,15,-18,15,-18,15,-18,15,-18,15,-17,16,-17,16,-17,16,-16,17,-16,17,-16,18,-15,18,-14,18,-14,18,-13,4,-3,0,0,0,0,0,0,0,0,0,0,0,0,0,0,0,0,0,0,3,-3,12,-11,13,-10,14,-9,15,-9,15,-9,16,-9,16,-10,17,-10,17,-10,18,-10,18,-10,18,-10,19,-10,19,-10,19,-11,19,-11,19,-11,19,-12,18,-13,18,-13,18,-14,18,-14,18,-15,18,-15,18,-15,19,-15]"
CSI_DATA,44700,d8:b1:90:db:e8:90,-50,11,1,7,0,0,1,0,0,0,1,-96,0,8,0,699133618,0,100,0,128,1,"[100,-64,5,0,20,-6,20,-6,21,-6,21,-7,20,-8,20,-8,20,-8,20,-8,20,-8,20,-9,19,-9,19,-9,19,-9,19,-8,19,-8,19,-8,19,-8,19,-7,19,-7,19,-6,19,-6,19,-5,19,-5,19,-4,19,-3,5,-1,0,0,0,0,0,0,0,0,0,0,0,0,0,0,0,0,0,0,3,-1,14,-4,14,-3,14,-2,15,-2,15,-1,16,-1,16,-1,17,-1,17,-1,18,-1,18,-1,18,-1,19,-1,19,-1,19,-1,19,-1,19,-1,19,-2,19,-3,19,-3,19,-4,20,-4,20,-5,20,-5,20,-5,21,-5]"
CSI_DATA,44701,d8:b1:90:db:e8:90,-50,11,1,7,0,0,1,0,0,0,1,-96,0,8,0,699144933,0,100,0,128,1,"[100,-64,5,0,10,23,11,20,14,20,15,20,15,18,14,18,15,17,16,16,16,16,16,15,16,15,17,15,17,15,17,15,17,15,17,15,17,16,17,16,16,16,16,15,16,15,15,15,14,16,14,17,13,17,3,4,0,0,0,0,0,0,0,0,0,0,0,0,0,0,0,0,0,0,2,3,9,12,9,13,8,13,8,14,8,15,8,16,7,16,7,17,7,17,7,18,7,19,6,19,6,20,6,20,6,20,7,20,7,20,8,20,8,20,8,20,9,20,9,20,10,20,10,20,10,20,11,20]"
CSI_DATA,44702,d8:b1:90:db:e8:90,-50,11,1,7,0,0,1,0,0,0,1,-96,0,8,0,699160852,0,100,0,128,1,"[100,-64,5,0,-23,3,-22,3,-22,3,-22,3,-22,4,-22,4,-21,5,-21,5,-22,5,-21,6,-21,6,-21,6,-21,6,-21,6,-21,6,-21,6,-20,6,-20,5,-20,5,-20,4,-21,4,-21,3,-21,3,-20,2,-20,1,-5,0,0,0,0,0,0,0,0,0,0,0,0,0,0,0,0,0,0,0,-4,1,-15,3,-16,2,-16,1,-17,1,-18,1,-18,1,-17,1,-17,0,-17,0,-19,-1,-20,-2,-20,-2,-20,-2,-20,-2,-20,-1,-20,-1,-21,-1,-21,0,-20,0,-20,1,-20,1,-21,1,-22,2,-22,2,-22,3,-22,2]"
CSI_DATA,44703,d8:b1:90:db:e8:90,-49,11,1,7,0,0,1,0,0,0,1,-96,0,8,0,699170963,0,100,0,128,1,"[100,-64,5,0,-5,29,-6,29,-5,28,-4,28,-3,28,-3,28,-2,28,-1,28,-1,28,-1,28,-1,28,0,28,0,28,0,28,0,28,0,28,-1,27,-1,27,-2,27,-2,27,-3,26,-4,26,-5,26,-6,26,-7,25,-2,6,0,0,0,0,0,0,0,0,0,0,0,0,0,0,0,0,0,0,-1,4,-4,19,-4,19,-4,19,-5,20,-6,21,-6,21,-6,22,-5,23,-7,23,-9,23,-9,23,-9,23,-10,23,-9,24,-9,24,-8,25,-8,25,-8,25,-7,25,-7,25,-6,26,-6,26,-6,27,-6,27,-6,28,-6,28]"
CSI_DATA,44704,d8:b1:90:db:e8:90,-51,11,1,7,0,0,1,0,0,0,1,-94,0,8,0,699193240,0,100,0,128,1,"[100,-64,5,0,-26,12,-26,12,-26,12,-26,13,-25,13,-25,13,-24,14,-24,15,-23,15,-23,15,-23,15,-23,16,-23,16,-23,17,-23,17,-23,17,-23,16,-23,16,-23,15,-23,15,-23,15,-23,13,-24,12,-24,11,-25,10,-7,2,0,0,0,0,0,0,0,0,0,0,0,0,0,0,0,0,0,0,-5,1,-18,7,-19,7,-19,5,-19,5,-21,5,-22,5,-22,5,-23,4,-23,3,-24,3,-25,2,-25,2,-25,1,-25,1,-25,2,-26,2,-26,3,-26,3,-25,5,-25,5,-25,6,-25,6,-25,7,-26,8,-26,8,-26,8]"
CSI_DATA,44705,d8:b1:90:db:e8:90,-51,11,1,7,0,0,1,0,0,0,1,-94,0,8,0,699204728,0,100,0,128,1,"[100,-64,5,0,14,14,15,14,15,14,16,14,16,13,16,13,16,12,16,11,17,11,17,10,17,10,17,10,18,10,18,11,18,10,18,10,18,10,17,10,17,10,17,11,16,11,16,11,15,12,15,13,14,13,3,3,0,0,0,0,0,0,0,0,0,0,0,0,0,0,0,0,0,0,2,1,11,7,11,9,11,10,11,10,11,10,11,11,10,12,11,13,11,13,11,14,11,14,11,14,11,14,12,14,11,15,11,15,11,14,12,14,12,14,12,15,12,15,12,15,13,15,13,14,14,15,15,15]"
CSI_DATA,44706,d8:b1:90:db:e8:90,-51,11,1,7,0,0,1,0,0,0,1,-94,0,8,0,699217201,0,100,0,128,1,"[100,-64,5,0,-20,-6,-20,-6,-20,-6,-20,-5,-20,-4,-20,-4,-20,-4,-19,-3,-19,-2,-20,-2,-20,-2,-20,-2,-20,-2,-20,-2,-20,-2,-20,-2,-20,-2,-20,-3,-20,-3,-20,-3,-19,-4,-19,-4,-19,-5,-18,-6,-18,-7,-5,-2,0,0,0,0,0,0,0,0,0,0,0,0,0,0,0,0,0,0,-4,-1,-14,-3,-14,-3,-15,-4,-15,-4,-14,-5,-14,-5,-15,-5,-17,-6,-17,-7,-16,-8,-16,-8,-16,-7,-16,-7,-16,-8,-16,-9,-17,-9,-17,-9,-17,-9,-17,-8,-17,-8,-18,-8,-18,-8,-18,-7,-19,-7,-19,-7,-19,-6]"
CSI_DATA,44707,d8:b1:90:db:e8:90,-51,11,1,7,0,0,1,0,0,0,1,-94,0,8,0,699229348,0,100,0,128,1,"[100,-64,5,0,-25,-2,-25,-2,-24,-2,-24,-1,-24,0,-24,0,-24,1,-23,2,-22,2,-22,3,-23,3,-23,4,-23,4,-23,4,-23,3,-23,4,-23,3,-23,2,-23,2,-23,2,-23,1,-23,1,-22,0,-22,-1,-22,-2,-6,-1,0,0,0,0,0,0,0,0,0,0,0,0,0,0,0,0,0,0,-4,-1,-16,-1,-17,-2,-17,-3,-17,-3,-18,-4,-18,-4,-18,-5,-19,-5,-19,-6,-19,-6,-20,-6,-20,-6,-20,-6,-20,-6,-20,-7,-21,-7,-21,-6,-21,-6,-21,-6,-22,-6,-22,-6,-22,-5,-23,-4,-23,-4,-24,-3,-24,-3]"
CSI_DATA,44708,d8:b1:90:db:e8:90,-51,11,1,7,0,0,1,0,0,0,1,-94,0,8,0,699245305,0,100,0,128,1,"[100,-64,5,0,15,-18,15,-18,15,-18,15,-19,14,-20,14,-20,13,-20,13,-20,12,-19,12,-19,12,-20,11,-20,11,-21,11,-21,11,-21,11,-21,11,-21,11,-21,11,-20,11,-20,11,-19,12,-18,13,-18,13,-18,14,-17,3,-5,0,0,0,0,0,0,0,0,0,0,0,0,0,0,0,0,0,0,2,-4,10,-13,10,-13,10,-13,11,-13,12,-13,13,-13,13,-13,14,-13,15,-13,15,-13,16,-13,17,-13,17,-12,17,-13,17,-13,16,-13,16,-14,16,-14,16,-14,16,-15,16,-15,16,-15,16,-15,16,-16,16,-16,16,-17]"
CSI_DATA,44709,d8:b1:90:db:e8:90,-51,11,1,7,0,0,1,0,0,0,1,-94,0,8,0,699266613,0,100,0,128,1,"[100,-64,5,0,-5,-32,-5,-32,-5,-32,-6,-31,-6,-31,-7,-30,-8,-30,-9,-30,-9,-29,-9,-29,-10,-29,-11,-29,-11,-29,-11,-29,-11,-29,-11,-29,-11,-28,-10,-28,-10,-28,-9,-27,-9,-27,-8,-27,-7,-27,-6,-26,-4,-26,-1,-7,0,0,0,0,0,0,0,0,0,0,0,0,0,0,0,0,0,0,3,1,12,5,11,7,10,9,10,9,11,9,13,11,16,13,16,13,17,13,17,13,18,13,19,14,19,14,19,12,18,10,17,8,17,8,18,6,19,1,20,-1,20,-2,19,0,17,4,17,7,17,9,17,13]"
CSI_DATA,44710,d8:b1:90:db:e8:90,-51,11,1,7,0,0,1,0,0,0,1,-94,0,8,0,699298298,0,100,0,128,1,"[100,-64,5,0,-1,22,-1,22,-1,21,-1,21,-1,21,0,21,0,21,1,21,1,21,2,20,2,20,3,21,3,21,3,21,3,21,3,21,3,21,2,21,2,21,1,20,1,20,0,20,-1,20,-1,20,-2,20,-1,5,0,0,0,0,0,0,0,0,0,0,0,0,0,0,0,0,0,0,0,3,1,14,0,14,0,14,-1,15,-2,15,-2,16,-3,16,-3,16,-3,17,-4,18,-4,18,-4,19,-4,19,-5,19,-5,18,-5,18,-4,18,-4,19,-3,19,-3,19,-2,20,-2,20,-2,20,-2,20,-2,21,-1,21]"
CSI_DATA,44711,d8:b1:90:db:e8:90,-51,11,1,7,0,0,1,0,0,0,1,-94,0,8,0,699310824,0,100,0,128,1,"[100,-64,5,0,22,6,22,7,22,6,23,5,23,4,22,4,22,3,22,2,23,1,23,1,23,0,23,0,23,1,23,1,23,1,23,2,23,2,23,2,23,3,22,3,22,3,21,3,21,4,21,5,21,6,5,1,0,0,0,0,0,0,0,0,0,0,0,0,0,0,0,0,0,0,4,0,16,2,16,3,16,4,16,5,16,5,16,6,16,7,17,8,17,8,17,9,17,9,17,9,18,10,18,10,18,10,18,10,18,10,19,10,19,10,19,10,19,10,20,9,21,8,21,8,21,8,21,8]"
CSI_DATA,44712,d8:b1:90:db:e8:90,-51,11,1,7,0,0,1,0,0,0,1,-94,0,8,0,699324900,0,100,0,128,1,"[100,-64,5,0,-2,24,-1,24,-1,24,0,24,0,24,1,24,1,24,2,23,3,22,3,22,4,23,4,23,5,24,5,24,5,24,4,23,4,23,3,23,3,23,2,23,2,22,1,22,0,22,-1,22,-1,22,-1,5,0,0,0,0,0,0,0,0,0,0,0,0,0,0,0,0,0,0,0,4,0,16,-1,16,-1,17,-2,17,-3,18,-3,18,-3,19,-3,19,-3,20,-4,20,-5,20,-5,21,-5,21,-5,21,-5,21,-5,21,-5,21,-4,22,-4,21,-3,22,-3,22,-3,22,-3,23,-2,23,-2,23,-2,23]"
CSI_DATA,44713,d8:b1:90:db:e8:90,-51,11,1,7,0,0,1,0,0,0,1,-94,0,8,0,699336493,0,100,0,128,1,"[100,-64,5,0,-4,-25,-4,-25,-4,-25,-5,-25,-5,-25,-5,-25,-6,-25,-7,-24,-8,-23,-8,-23,-9,-23,-9,-24,-10,-24,-10,-24,-9,-24,-9,-24,-9,-24,-8,-24,-8,-24,-7,-24,-6,-23,-6,-23,-5,-23,-4,-24,-3,-24,-1,-6,0,0,0,0,0,0,0,0,0,0,0,0,0,0,0,0,0,0,-1,-5,-4,-17,-3,-17,-3,-18,-3,-19,-2,-19,-1,-20,-2,-20,-2,-20,-1,-21,0,-22,0,-22,0,-23,0,-23,0,-23,0,-23,0,-23,0,-23,-1,-23,-1,-23,-2,-23,-2,-23,-2,-24,-3,-24,-3,-25,-3,-25,-3,-25]"
CSI_DATA,44714,d8:b1:90:db:e8:90,-51,11,1,7,0,0,1,0,0,0,1,-94,0,8,0,699346708,0,100,0,128,1,"[100,-64,5,0,6,23,6,23,7,23,7,22,8,21,8,21,8,21,9,21,9,21,10,20,10,20,11,20,12,20,12,20,12,20,11,20,11,20,11,20,10,20,10,20,9,20,8,20,8,20,7,21,6,21,1,5,0,0,0,0,0,0,0,0,0,0,0,0,0,0,0,0,0,0,1,3,4,15,3,16,3,16,3,16,2,17,2,18,1,18,1,19,0,20,0,20,1,20,1,21,1,21,0,21,0,21,0,21,0,21,1,21,2,22,2,22,2,22,3,22,3,22,4,22,4,23,4,23]"
CSI_DATA,44715,d8:b1:90:db:e8:90,-51,11,1,7,0,0,1,0,0,0,1,-94,0,8,0,699358762,0,100,0,128,1,"[100,-64,5,0,-9,-18,-9,-18,-9,-17,-10,-17,-10,-17,-10,-16,-11,-16,-11,-16,-11,-16,-11,-16,-11,-16,-12,-16,-12,-16,-12,-16,-12,-16,-11,-16,-11,-16,-11,-16,-11,-16,-10,-16,-10,-16,-9,-16,-8,-16,-7,-17,-7,-17,-2,-5,0,0,0,0,0,0,0,0,0,0,0,0,0,0,0,0,0,0,-2,-3,-7,-11,-7,-11,-7,-12,-6,-13,-5,-13,-5,-13,-5,-14,-5,-14,-6,-15,-6,-16,-5,-16,-5,-16,-5,-17,-5,-17,-6,-17,-6,-17,-6,-17,-6,-17,-6,-17,-6,-17,-7,-17,-7,-17,-8,-17,-8,-16,-8,-17,-8,-17]"
CSI_DATA,44716,d8:b1:90:db:e8:90,-51,11,1,7,0,0,1,0,0,0,1,-94,0,8,0,699376815,0,100,0,128,1,"[100,-64,5,0,-23,-10,-23,-10,-23,-10,-23,-9,-22,-8,-22,-8,-23,-7,-23,-7,-23,-7,-23,-6,-24,-6,-24,-6,-24,-6,-24,-6,-24,-6,-24,-6,-24,-6,-23,-6,-23,-7,-22,-7,-22,-7,-21,-8,-21,-9,-21,-10,-21,-10,-5,-3,0,0,0,0,0,0,0,0,0,0,0,0,0,0,0,0,0,0,-4,-2,-15,-5,-15,-6,-16,-7,-16,-8,-16,-8,-16,-9,-17,-10,-17,-10,-17,-11,-18,-12,-18,-11,-18,-11,-18,-12,-18,-12,-18,-12,-19,-12,-19,-12,-19,-12,-19,-12,-20,-11,-20,-11,-20,-11,-21,-11,-21,-11,-21,-11,-21,-11]"
CSI_DATA,44717,d8:b1:90:db:e8:90,-51,11,1,7,0,0,1,0,0,0,1,-94,0,8,0,699398818,0,100,0,128,1,"[100,-64,5,0,-20,1,-20,1,-20,1,-19,2,-19,2,-19,2,-19,3,-19,3,-19,4,-19,4,-19,5,-19,5,-19,5,-19,5,-19,5,-19,5,-19,4,-19,4,-19,4,-18,3,-18,3,-18,2,-18,2,-18,1,-18,1,-5,0,0,0,0,0,0,0,0,0,0,0,0,0,0,0,0,0,0,0,-3,0,-12,1,-13,0,-14,-1,-15,-1,-15,-1,-15,-1,-15,-2,-16,-3,-15,-3,-16,-3,-16,-3,-17,-3,-18,-3,-18,-3,-18,-3,-18,-3,-18,-2,-18,-2,-18,-2,-18,-2,-18,-1,-19,-1,-19,0,-19,0,-19,0,-19,0]"
CSI_DATA,44718,d8:b1:90:db:e8:90,-51,11,1,7,0,0,1,0,0,0,1,-94,0,8,0,699418310,0,100,0,128,1,"[100,-64,5,0,17,17,17,17,18,16,18,15,18,14,19,13,19,13,20,14,20,13,21,12,21,12,22,11,22,11,23,10,22,10,22,11,21,11,21,11,21,11,20,12,20,12,19,12,18,12,15,13,13,14,3,3,0,0,0,0,0,0,0,0,0,0,0,0,0,0,0,0,0,0,3,2,12,8,12,8,13,9,13,10,13,10,13,10,12,10,12,11,13,11,12,12,9,13,8,13,8,13,8,15,8,18,8,20,9,20,10,20,11,20,12,20,13,20,13,19,13,18,13,18,13,18,12,20]"
CSI_DATA,44719,d8:b1:90:db:e8:90,-51,11,1,7,0,0,1,0,0,0,1,-94,0,8,0,699430713,0,100,0,128,1,"[100,-64,5,0,-25,-4,-25,-4,-25,-3,-25,-2,-24,-1,-24,-1,-24,0,-24,0,-24,1,-24,2,-24,2,-25,2,-25,3,-24,3,-24,2,-24,2,-24,2,-23,2,-24,1,-24,1,-24,0,-24,0,-23,-1,-23,-2,-23,-3,-6,-1,0,0,0,0,0,0,0,0,0,0,0,0,0,0,0,0,0,0,-5,0,-17,-1,-17,-1,-17,-2,-17,-3,-18,-3,-18,-4,-19,-4,-20,-5,-20,-5,-20,-6,-21,-6,-21,-7,-21,-7,-22,-7,-21,-7,-21,-7,-21,-7,-22,-6,-22,-6,-22,-6,-22,-6,-23,-5,-23,-5,-24,-5,-24,-5,-24,-5]"
CSI_DATA,44720,d8:b1:90:db:e8:90,-51,11,1,7,0,0,1,0,0,0,1,-94,0,8,0,699446521,0,100,0,128,1,"[100,-64,5,0,12,-17,12,-18,12,-18,12,-18,11,-18,11,-19,11,-19,10,-19,9,-20,9,-20,9,-20,9,-20,9,-19,9,-20,9,-20,9,-20,9,-20,9,-19,10,-19,10,-19,11,-18,11,-18,11,-17,12,-17,13,-16,3,-4,0,0,0,0,0,0,0,0,0,0,0,0,0,0,0,0,0,0,2,-3,8,-12,9,-11,10,-11,10,-11,11,-11,12,-11,12,-11,13,-11,14,-11,14,-12,14,-12,15,-12,15,-12,15,-12,14,-13,14,-13,14,-13,14,-14,13,-14,13,-15,13,-15,13,-16,13,-17,13,-17,13,-17,13,-17]"
CSI_DATA,44721,d8:b1:90:db:e8:90,-51,11,1,7,0,0,1,0,0,0,1,-94,0,8,0,699460764,0,100,0,128,1,"[100,-64,5,0,-14,20,-14,20,-14,20,-13,21,-12,21,-12,21,-11,21,-11,21,-11,21,-11,21,-11,21,-10,21,-10,22,-10,22,-10,22,-10,22,-10,22,-10,22,-11,21,-11,21,-12,20,-12,19,-13,19,-14,18,-15,18,-4,4,0,0,0,0,0,0,0,0,0,0,0,0,0,0,0,0,0,0,-3,3,-9,13,-10,13,-11,13,-11,12,-12,12,-13,13,-14,13,-15,13,-15,13,-16,13,-16,14,-17,14,-17,14,-17,14,-16,15,-16,15,-16,15,-16,16,-15,17,-14,17,-14,18,-14,18,-14,19,-15,19,-15,19,-15,19]"
CSI_DATA,44722,d8:b1:90:db:e8:90,-51,11,1,7,0,0,1,0,0,0,1,-94,0,8,0,699475400,0,100,0,128,1,"[100,-64,5,0,15,14,15,14,16,14,16,14,16,14,16,13,16,13,16,13,17,12,17,12,17,12,16,11,16,12,16,12,16,12,16,12,16,12,16,13,15,13,15,13,14,13,14,13,13,14,12,15,12,15,2,3,0,0,0,0,0,0,0,0,0,0,0,0,0,0,0,0,0,0,2,2,10,10,9,9,10,9,10,10,10,10,10,11,10,13,10,14,10,15,10,15,10,14,10,14,10,15,10,16,11,15,11,15,11,15,11,15,12,15,12,15,12,15,12,15,13,14,13,14,14,14,14,15]"
CSI_DATA,44723,d8:b1:90:db:e8:90,-51,11,1,7,0,0,1,0,0,0,1,-94,0,8,0,699500853,0,100,0,128,1,"[100,-64,5,0,22,0,22,1,22,0,22,-1,22,-2,22,-2,21,-2,21,-2,21,-3,21,-3,21,-4,21,-5,21,-5,21,-4,21,-4,22,-4,22,-4,22,-3,22,-2,21,-2,21,-2,21,-1,20,0,17,0,16,1,4,0,0,0,0,0,0,0,0,0,0,0,0,0,0,0,0,0,0,0,3,-1,14,-1,14,0,15,-1,15,0,16,0,16,0,17,0,18,1,18,1,18,2,18,2,18,2,19,3,19,3,19,3,19,3,19,3,20,3,20,3,20,3,21,2,21,2,21,2,21,2,22,2,22,2]"
CSI_DATA,44724,d8:b1:90:db:e8:90,-51,11,1,7,0,0,1,0,0,0,1,-94,0,8,0,699511461,0,100,0,128,1,"[100,-64,5,0,0,-23,-1,-23,-1,-23,-2,-23,-2,-22,-2,-22,-3,-22,-3,-22,-4,-22,-4,-22,-5,-21,-5,-21,-6,-21,-6,-22,-6,-22,-5,-22,-5,-23,-4,-23,-4,-22,-3,-22,-3,-22,-2,-22,-1,-20,-1,-18,0,-17,0,-4,0,0,0,0,0,0,0,0,0,0,0,0,0,0,0,0,0,0,-1,-4,-1,-14,-1,-15,-1,-15,-1,-16,0,-16,1,-17,1,-18,1,-18,1,-18,2,-19,2,-19,2,-19,2,-19,2,-19,3,-20,2,-20,2,-20,2,-20,2,-21,2,-21,2,-21,2,-21,2,-21,1,-22,1,-22,1,-22]"
CSI_DATA,44725,d8:b1:90:db:e8:90,-51,11,1,7,0,0,1,0,0,0,1,-94,0,8,0,699521601,0,100,0,128,1,"[100,-64,5,0,-8,23,-8,23,-8,22,-7,22,-7,22,-6,22,-6,22,-5,23,-5,23,-4,23,-4,23,-4,23,-4,23,-4,23,-4,23,-4,23,-4,23,-5,23,-5,23,-5,22,-6,22,-6,21,-7,21,-7,21,-8,21,-3,5,0,0,0,0,0,0,0,0,0,0,0,0,0,0,0,0,0,0,-2,3,-5,15,-6,14,-7,15,-7,15,-8,15,-9,16,-9,16,-9,17,-10,17,-10,18,-10,18,-11,18,-11,18,-11,19,-11,19,-11,19,-11,19,-10,19,-10,19,-10,20,-10,20,-9,21,-9,21,-9,21,-9,22,-9,22]"
CSI_DATA,44726,d8:b1:90:db:e8:90,-51,11,1,7,0,0,1,0,0,0,1,-94,0,8,0,699535394,0,100,0,128,1,"[100,-64,5,0,18,15,18,15,18,15,18,14,19,14,19,14,19,14,19,13,19,13,19,12,19,12,20,12,21,12,21,12,20,12,20,12,20,13,20,13,19,13,19,13,18,14,17,14,17,14,16,15,16,16,3,4,0,0,0,0,0,0,0,0,0,0,0,0,0,0,0,0,0,0,3,2,12,9,11,10,11,11,11,12,11,12,11,13,11,13,11,14,11,15,11,16,11,16,11,17,11,17,11,18,11,18,11,17,11,18,11,17,12,17,13,17,13,17,14,17,15,16,16,16,16,16,17,16]"
CSI_DATA,44727,d8:b1:90:db:e8:90,-51,11,1,7,0,0,1,0,0,0,1,-94,0,8,0,699554963,0,100,0,128,1,"[100,-64,5,0,-21,-15,-21,-15,-21,-15,-21,-14,-20,-13,-20,-13,-21,-12,-22,-11,-22,-11,-23,-11,-23,-10,-23,-10,-23,-10,-23,-10,-23,-10,-23,-10,-22,-10,-22,-10,-22,-11,-22,-11,-22,-12,-21,-12,-21,-13,-20,-14,-19,-14,-5,-4,0,0,0,0,0,0,0,0,0,0,0,0,0,0,0,0,0,0,-4,-3,-13,-10,-13,-11,-13,-12,-13,-12,-13,-13,-13,-14,-13,-14,-13,-15,-13,-16,-14,-17,-14,-17,-14,-17,-14,-17,-14,-18,-14,-17,-14,-17,-15,-17,-15,-17,-16,-16,-17,-16,-17,-16,-17,-15,-18,-15,-18,-15,-18,-15,-18,-15]"
CSI_DATA,44728,d8:b1:90:db:e8:90,-51,11,1,7,0,0,1,0,0,0,1,-94,0,8,0,699564992,0,100,0,128,1,"[100,-64,5,0,5,23,5,23,5,23,6,23,6,23,6,23,7,22,8,21,8,21,9,21,9,21,9,21,9,21,10,21,10,22,10,22,10,22,9,22,9,22,8,21,7,21,7,21,6,21,4,22,3,22,0,5,0,0,0,0,0,0,0,0,0,0,0,0,0,0,0,0,0,0,1,3,5,13,4,13,3,14,3,16,1,18,-1,18,-1,17,-1,18,-1,19,-1,19,-2,19,-2,20,-2,20,-2,20,-1,21,-1,21,-1,21,0,21,1,22,2,22,2,22,3,22,3,22,3,22,3,22,4,23]"
CSI_DATA,44729,d8:b1:90:db:e8:90,-51,11,1,7,0,0,1,0,0,0,1,-94,0,8,0,699576008,0,100,0,128,1,"[100,-64,5,0,-20,-7,-20,-7,-20,-7,-20,-7,-20,-6,-20,-6,-20,-5,-20,-4,-20,-4,-20,-3,-20,-3,-21,-3,-21,-3,-21,-3,-21,-3,-21,-3,-21,-3,-21,-4,-20,-4,-20,-5,-19,-5,-19,-6,-19,-6,-19,-7,-18,-8,-5,-3,0,0,0,0,0,0,0,0,0,0,0,0,0,0,0,0,0,0,-4,-2,-14,-5,-13,-5,-12,-5,-12,-6,-12,-7,-13,-8,-14,-9,-14,-9,-14,-10,-14,-9,-14,-9,-15,-10,-15,-10,-15,-10,-16,-11,-16,-10,-16,-10,-16,-10,-17,-9,-17,-8,-18,-8,-18,-8,-18,-8,-18,-7,-18,-8,-19,-8]"
CSI_DATA,44730,d8:b1:90:db:e8:90,-51,11,1,7,0,0,1,0,0,0,1,-94,0,8,0,699601534,0,100,0,128,1,"[100,-64,5,0,-15,16,-15,16,-15,16,-15,16,-14,16,-14,16,-13,17,-12,17,-12,17,-12,17,-11,18,-11,19,-11,19,-11,19,-11,19,-11,19,-11,19,-11,19,-11,18,-11,18,-12,17,-12,17,-13,16,-13,16,-14,15,-4,3,0,0,0,0,0,0,0,0,0,0,0,0,0,0,0,0,0,0,-3,3,-9,12,-9,12,-10,11,-11,11,-11,11,-12,12,-13,12,-13,12,-14,12,-15,12,-15,12,-16,12,-16,11,-16,11,-16,11,-16,11,-16,11,-16,12,-16,12,-16,12,-16,13,-16,13,-16,14,-16,15,-16,15,-16,15]"
CSI_DATA,44731,d8:b1:90:db:e8:90,-51,11,1,7,0,0,1,0,0,0,1,-94,0,8,0,699614752,0,100,0,128,1,"[100,-64,5,0,17,17,17,16,17,16,17,16,17,15,18,15,18,14,19,13,20,13,20,12,20,12,21,12,21,12,21,12,21,12,21,12,20,12,20,13,19,13,19,13,18,13,18,14,17,14,16,15,15,16,3,4,0,0,0,0,0,0,0,0,0,0,0,0,0,0,0,0,0,0,3,2,12,10,11,11,11,12,11,12,10,13,10,13,10,14,11,15,10,16,11,17,10,17,10,18,10,18,10,18,10,18,11,18,11,18,11,18,12,18,12,17,12,18,13,18,13,18,13,18,14,18,15,18]"
CSI_DATA,44732,d8:b1:90:db:e8:90,-51,11,1,7,0,0,1,0,0,0,1,-94,0,8,0,699625545,0,100,0,128,1,"[100,-64,5,0,-14,-19,-15,-19,-16,-19,-15,-19,-15,-17,-16,-16,-18,-16,-18,-17,-17,-15,-18,-13,-21,-12,-21,-13,-20,-12,-21,-10,-24,-11,-24,-13,-22,-13,-22,-11,-24,-12,-25,-14,-23,-15,-21,-15,-22,-15,-21,-17,-18,-19,-4,-5,0,0,0,0,0,0,0,0,0,0,0,0,0,0,0,0,0,0,-2,-4,-6,-15,-6,-15,-7,-15,-7,-16,-7,-17,-6,-17,-7,-18,-7,-18,-7,-20,-6,-21,-6,-21,-6,-21,-6,-22,-6,-22,-6,-22,-6,-21,-7,-21,-8,-22,-8,-22,-8,-22,-9,-21,-11,-22,-12,-23,-12,-22,-12,-21,-13,-20]"
CSI_DATA,44733,d8:b1:90:db:e8:90,-51,11,1,7,0,0,1,0,0,0,1,-94,0,8,0,699641759,0,100,0,128,1,"[100,-64,5,0,-22,-4,-22,-4,-22,-4,-22,-3,-22,-3,-22,-3,-22,-2,-22,-2,-22,-2,-22,-1,-22,-1,-23,0,-23,0,-23,0,-23,0,-23,0,-23,-1,-22,-1,-22,-1,-23,-1,-23,-2,-22,-3,-22,-3,-22,-4,-21,-5,-6,-2,0,0,0,0,0,0,0,0,0,0,0,0,0,0,0,0,0,0,-4,-1,-15,-2,-15,-3,-15,-3,-16,-4,-16,-4,-17,-5,-17,-5,-17,-6,-18,-6,-18,-7,-18,-8,-18,-8,-18,-8,-18,-9,-19,-9,-19,-9,-19,-8,-19,-8,-19,-8,-20,-8,-20,-8,-20,-7,-21,-6,-21,-6,-21,-6,-21,-6]"
CSI_DATA,44734,d8:b1:90:db:e8:90,-51,11,1,7,0,0,1,0,0,0,1,-94,0,8,0,699655010,0,100,0,128,1,"[100,-64,5,0,7,24,7,23,8,23,9,23,9,22,10,22,10,22,11,22,11,22,11,22,12,22,11,21,11,21,11,21,11,21,11,22,11,22,10,22,10,22,10,22,9,21,8,21,8,22,7,22,6,23,1,5,0,0,0,0,0,0,0,0,0,0,0,0,0,0,0,0,0,0,1,3,6,16,5,16,5,17,4,17,3,18,3,19,3,19,2,20,2,21,1,21,1,21,1,21,1,22,1,22,0,22,0,22,1,22,1,22,2,23,3,23,3,23,4,23,6,23,6,23,7,23,7,24]"
CSI_DATA,44735,d8:b1:90:db:e8:90,-51,11,1,7,0,0,1,0,0,0,1,-94,0,8,0,699665573,0,100,0,128,1,"[100,-64,5,0,15,-20,15,-20,15,-20,15,-20,14,-20,14,-21,13,-21,12,-21,11,-21,11,-21,11,-21,10,-22,10,-22,10,-22,10,-23,10,-23,10,-22,11,-22,11,-22,11,-21,12,-21,12,-21,13,-20,14,-20,14,-19,3,-5,0,0,0,0,0,0,0,0,0,0,0,0,0,0,0,0,0,0,2,-4,10,-14,9,-14,10,-15,12,-14,12,-13,12,-13,14,-13,16,-13,16,-13,16,-13,16,-13,16,-13,16,-13,16,-13,17,-13,17,-13,17,-14,16,-14,16,-15,16,-15,16,-16,16,-16,16,-17,16,-17,16,-17,16,-17]"
CSI_DATA,44736,d8:b1:90:db:e8:90,-51,11,1,7,0,0,1,0,0,0,1,-94,0,8,0,699675877,0,100,0,128,1,"[100,-64,5,0,-9,-18,-9,-18,-9,-18,-10,-18,-10,-18,-10,-18,-11,-17,-11,-16,-11,-16,-11,-16,-12,-16,-12,-15,-13,-15,-13,-16,-13,-16,-12,-16,-12,-16,-12,-16,-12,-16,-11,-17,-11,-17,-10,-17,-10,-17,-9,-17,-8,-18,-2,-5,0,0,0,0,0,0,0,0,0,0,0,0,0,0,0,0,0,0,-2,-3,-6,-12,-7,-12,-7,-12,-7,-12,-6,-13,-6,-14,-5,-15,-5,-16,-4,-17,-5,-16,-5,-16,-4,-16,-4,-16,-4,-17,-4,-17,-5,-17,-4,-17,-5,-17,-5,-17,-6,-17,-6,-17,-7,-17,-7,-18,-7,-18,-7,-18,-7,-18]"
CSI_DATA,44737,d8:b1:90:db:e8:90,-51,11,1,7,0,0,1,0,0,0,1,-94,0,8,0,699702441,0,100,0,128,1,"[100,-64,5,0,-21,-13,-21,-13,-21,-13,-22,-12,-22,-11,-22,-11,-22,-10,-22,-10,-22,-10,-23,-9,-23,-8,-23,-8,-23,-8,-23,-8,-23,-8,-23,-7,-23,-8,-23,-8,-23,-8,-23,-9,-23,-9,-22,-10,-22,-10,-21,-11,-21,-12,-6,-4,0,0,0,0,0,0,0,0,0,0,0,0,0,0,0,0,0,0,-4,-2,-14,-8,-14,-9,-14,-10,-14,-11,-14,-12,-14,-12,-14,-12,-15,-12,-15,-13,-15,-14,-16,-14,-15,-14,-15,-15,-16,-15,-16,-15,-16,-15,-17,-15,-17,-15,-17,-15,-17,-14,-18,-14,-18,-14,-18,-14,-19,-14,-19,-14,-20,-14]"
CSI_DATA,44738,d8:b1:90:db:e8:90,-51,11,1,7,0,0,1,0,0,0,1,-94,0,8,0,699716334,0,100,0,128,1,"[100,-64,5,0,23,5,23,5,23,5,23,4,23,4,23,3,23,3,23,2,22,2,23,2,23,2,23,2,24,1,24,1,24,1,24,1,24,1,23,1,23,1,23,2,23,2,22,3,22,4,22,5,21,6,5,1,0,0,0,0,0,0,0,0,0,0,0,0,0,0,0,0,0,0,3,0,15,2,14,3,15,4,15,5,16,5,16,6,16,6,16,7,16,8,17,9,17,9,17,10,17,10,17,10,18,9,18,9,18,9,19,8,19,7,20,7,20,6,20,6,21,6,21,6,21,6,22,6]"
CSI_DATA,44739,d8:b1:90:db:e8:90,-51,11,1,7,0,0,1,0,0,0,1,-94,0,8,0,699728541,0,100,0,128,1,"[100,-64,5,0,-22,9,-22,9,-23,8,-22,8,-23,9,-22,9,-21,10,-20,11,-19,12,-20,13,-20,13,-19,14,-19,14,-19,14,-19,14,-19,13,-19,13,-20,12,-20,13,-20,13,-20,12,-21,12,-21,11,-21,10,-22,10,-6,2,0,0,0,0,0,0,0,0,0,0,0,0,0,0,0,0,0,0,-4,1,-15,5,-15,5,-16,5,-16,4,-16,4,-17,4,-18,4,-19,4,-19,3,-20,3,-20,3,-21,3,-21,3,-21,3,-21,3,-22,3,-22,3,-22,3,-22,4,-22,4,-22,4,-22,5,-23,5,-23,6,-23,7,-23,7]"
CSI_DATA,44740,d8:b1:90:db:e8:90,-51,11,1,7,0,0,1,0,0,0,1,-94,0,8,0,699742049,0,100,0,128,1,"[100,-64,5,0,17,-13,15,-13,12,-13,10,-14,8,-14,6,-16,4,-18,2,-20,2,-22,2,-24,3,-25,3,-25,3,-25,4,-25,5,-24,4,-23,4,-23,3,-22,3,-21,2,-20,1,-19,0,-19,-1,-19,-1,-20,-1,-21,0,-6,0,0,0,0,0,0,0,0,0,0,0,0,0,0,0,0,0,0,1,-1,8,-4,8,-5,8,-7,10,-9,13,-11,16,-11,18,-11,21,-9,22,-7,22,-4,21,-2,19,-1,17,-1,15,-2,14,-3,12,-4,11,-7,10,-10,11,-12,11,-15,13,-17,15,-19,17,-20,19,-19,20,-18,21,-17]"
CSI_DATA,44741,d8:b1:90:db:e8:90,-52,11,1,7,0,0,1,0,0,0,1,-94,0,8,0,699753833,0,100,0,128,1,"[100,-64,5,0,-6,21,-6,21,-5,22,-5,22,-5,22,-4,22,-4,22,-3,22,-3,22,-3,22,-2,22,-2,22,-1,22,-1,22,-2,23,-2,23,-2,23,-2,23,-3,23,-3,22,-3,22,-4,22,-5,21,-6,21,-7,21,-2,5,0,0,0,0,0,0,0,0,0,0,0,0,0,0,0,0,0,0,-1,3,-2,15,-3,15,-3,15,-4,15,-5,15,-5,16,-6,17,-7,17,-7,17,-8,18,-8,18,-9,18,-9,18,-9,18,-9,18,-9,18,-9,18,-8,18,-8,19,-8,19,-8,19,-8,20,-7,20,-7,21,-7,21,-7,22]"
CSI_DATA,44742,d8:b1:90:db:e8:90,-52,11,1,7,0,0,1,0,0,0,1,-94,0,8,0,699764730,0,100,0,128,1,"[100,-64,5,0,-22,-10,-22,-10,-22,-10,-22,-9,-22,-8,-22,-8,-22,-7,-23,-6,-23,-6,-23,-5,-23,-5,-23,-4,-23,-4,-23,-4,-23,-4,-23,-4,-23,-5,-23,-5,-22,-6,-22,-6,-22,-6,-22,-7,-21,-7,-21,-9,-21,-10,-5,-3,0,0,0,0,0,0,0,0,0,0,0,0,0,0,0,0,0,0,-4,-2,-14,-6,-14,-6,-14,-7,-14,-8,-14,-8,-15,-9,-15,-10,-15,-10,-16,-11,-16,-11,-16,-12,-16,-12,-16,-12,-16,-12,-16,-12,-16,-12,-16,-12,-17,-12,-18,-11,-19,-11,-19,-11,-19,-11,-20,-11,-20,-11,-20,-11,-19,-11]"
CSI_DATA,44743,d8:b1:90:db:e8:90,-52,11,1,7,0,0,1,0,0,0,1,-94,0,8,0,699776304,0,100,0,128,1,"[100,-64,5,0,-24,-6,-23,-6,-23,-5,-23,-5,-23,-4,-23,-4,-23,-3,-23,-2,-24,-1,-24,-1,-24,0,-24,0,-23,0,-23,0,-23,0,-23,0,-23,0,-23,-1,-23,-2,-23,-2,-23,-2,-23,-3,-22,-3,-22,-4,-22,-5,-6,-2,0,0,0,0,0,0,0,0,0,0,0,0,0,0,0,0,0,0,-4,-1,-16,-3,-15,-4,-14,-4,-15,-5,-16,-6,-16,-7,-16,-7,-17,-7,-18,-8,-18,-8,-18,-8,-18,-8,-18,-9,-18,-9,-19,-9,-19,-9,-19,-9,-19,-8,-20,-8,-20,-7,-21,-7,-21,-7,-21,-7,-21,-7,-21,-7,-21,-7]"
CSI_DATA,44744,d8:b1:90:db:e8:90,-52,11,1,7,0,0,1,0,0,0,1,-94,0,8,0,699804824,0,100,0,128,1,"[100,-64,5,0,-18,-20,-18,-20,-18,-20,-18,-19,-19,-19,-19,-18,-19,-18,-19,-17,-20,-17,-20,-17,-20,-16,-21,-16,-21,-16,-20,-17,-20,-17,-20,-17,-20,-17,-20,-18,-19,-18,-20,-18,-20,-18,-19,-18,-18,-19,-17,-20,-15,-21,-4,-6,0,0,0,0,0,0,0,0,0,0,0,0,0,0,0,0,0,0,-4,-3,-12,-13,-12,-13,-12,-14,-12,-15,-12,-16,-11,-17,-11,-18,-11,-18,-11,-18,-11,-19,-11,-19,-11,-20,-11,-20,-11,-20,-12,-20,-12,-20,-12,-20,-13,-20,-13,-20,-14,-20,-14,-20,-14,-20,-15,-20,-16,-20,-16,-20,-16,-20]"
CSI_DATA,44745,d8:b1:90:db:e8:90,-52,11,1,7,0,0,1,0,0,0,1,-94,0,8,0,699819129,0,100,0,128,1,"[100,-64,5,0,6,-22,6,-22,5,-22,5,-22,5,-22,4,-22,4,-22,3,-23,2,-23,2,-23,2,-23,1,-22,1,-22,1,-23,1,-23,2,-23,2,-23,2,-23,3,-23,3,-23,3,-22,4,-22,5,-22,6,-21,7,-21,1,-6,0,0,0,0,0,0,0,0,0,0,0,0,0,0,0,0,0,0,1,-4,5,-14,5,-14,6,-14,7,-14,7,-14,8,-15,8,-15,9,-16,10,-16,10,-16,11,-16,11,-16,11,-16,11,-17,10,-18,9,-18,9,-19,9,-19,9,-18,8,-19,8,-19,8,-20,7,-20,7,-21,7,-21,7,-21]"
CSI_DATA,44746,d8:b1:90:db:e8:90,-51,11,1,7,0,0,1,0,0,0,1,-94,0,8,0,699835416,0,100,0,128,1,"[100,-64,5,0,-17,-22,-17,-22,-17,-21,-17,-21,-18,-20,-18,-20,-18,-20,-19,-20,-19,-19,-20,-19,-20,-19,-21,-18,-21,-19,-21,-19,-21,-19,-20,-19,-20,-19,-19,-19,-19,-20,-18,-20,-18,-20,-17,-20,-16,-21,-15,-21,-14,-22,-4,-6,0,0,0,0,0,0,0,0,0,0,0,0,0,0,0,0,0,0,-3,-4,-10,-15,-10,-16,-10,-16,-10,-17,-9,-18,-9,-18,-10,-19,-10,-20,-9,-21,-9,-21,-9,-22,-9,-22,-9,-23,-9,-23,-10,-22,-11,-22,-11,-22,-11,-22,-12,-22,-12,-22,-12,-22,-13,-22,-14,-22,-14,-21,-15,-22,-15,-22]"
CSI_DATA,44747,d8:b1:90:db:e8:90,-51,11,1,7,0,0,1,0,0,0,1,-94,0,8,0,699855311,0,100,0,128,1,"[100,-64,5,0,-17,-24,-17,-24,-17,-23,-16,-22,-16,-22,-17,-21,-17,-21,-18,-20,-18,-20,-18,-20,-19,-19,-19,-20,-19,-20,-19,-20,-19,-20,-19,-21,-18,-21,-18,-21,-17,-22,-17,-22,-16,-22,-15,-21,-14,-22,-14,-23,-13,-24,-3,-6,0,0,0,0,0,0,0,0,0,0,0,0,0,0,0,0,0,0,-3,-4,-9,-16,-9,-17,-9,-18,-8,-19,-8,-19,-7,-20,-7,-20,-7,-21,-7,-22,-7,-23,-7,-23,-7,-24,-6,-24,-7,-24,-8,-24,-8,-24,-8,-23,-9,-23,-10,-23,-11,-23,-11,-23,-12,-23,-13,-23,-13,-23,-14,-23,-14,-23]"
CSI_DATA,44748,d8:b1:90:db:e8:90,-52,11,1,7,0,0,1,0,0,0,1,-94,0,8,0,699866106,0,100,0,128,1,"[100,-64,5,0,-2,23,-2,23,-1,22,-1,22,-1,21,-1,21,0,21,1,21,1,21,2,21,2,21,2,21,2,21,2,21,1,22,1,22,1,22,1,22,0,21,0,21,-1,21,-1,20,-2,20,-3,21,-4,21,-1,5,0,0,0,0,0,0,0,0,0,0,0,0,0,0,0,0,0,0,-1,3,-3,14,-3,14,-4,14,-5,14,-6,15,-6,15,-6,16,-7,16,-7,16,-8,17,-8,17,-8,17,-8,17,-8,18,-8,18,-7,18,-7,18,-7,18,-6,19,-5,19,-5,19,-5,20,-4,20,-4,21,-3,21,-3,21]"
CSI_DATA,44749,d8:b1:90:db:e8:90,-52,11,1,7,0,0,1,0,0,0,1,-94,0,8,0,699885020,0,100,0,128,1,"[100,-64,5,0,-15,-17,-15,-17,-15,-17,-15,-16,-16,-16,-16,-15,-16,-15,-16,-15,-17,-15,-17,-15,-17,-14,-17,-14,-17,-14,-17,-14,-17,-15,-17,-15,-17,-15,-17,-15,-16,-15,-16,-15,-16,-15,-15,-16,-14,-16,-13,-16,-13,-17,-3,-5,0,0,0,0,0,0,0,0,0,0,0,0,0,0,0,0,0,0,-3,-3,-10,-11,-9,-11,-8,-11,-8,-12,-9,-13,-9,-15,-9,-15,-9,-16,-9,-17,-9,-17,-9,-17,-9,-17,-8,-17,-8,-17,-8,-18,-9,-17,-9,-17,-9,-18,-10,-17,-11,-17,-11,-17,-12,-17,-12,-16,-12,-16,-13,-16,-14,-17]"
CSI_DATA,44750,d8:b1:90:db:e8:90,-52,11,1,7,0,0,1,0,0,0,1,-94,0,8,0,699911021,0,100,0,128,1,"[100,-64,5,0,24,4,24,3,25,3,24,3,24,2,24,2,24,1,25,1,25,1,25,0,25,0,25,0,25,0,26,0,26,0,25,0,25,1,25,1,25,1,24,2,25,2,24,3,24,4,23,5,23,6,5,1,0,0,0,0,0,0,0,0,0,0,0,0,0,0,0,0,0,0,4,0,16,1,16,2,17,3,17,4,17,5,18,5,18,6,18,6,19,7,19,8,19,9,19,9,19,9,19,9,19,9,19,9,19,9,20,9,20,8,20,8,21,8,22,7,23,6,23,5,24,5,24,5]"
CSI_DATA,44751,d8:b1:90:db:e8:90,-52,11,1,7,0,0,1,0,0,0,1,-94,0,8,0,699924684,0,100,0,128,1,"[100,-64,5,0,-15,15,-15,15,-15,16,-14,16,-13,16,-13,16,-13,17,-12,17,-12,17,-12,17,-12,17,-12,18,-11,17,-11,17,-11,18,-11,18,-12,18,-12,17,-12,16,-12,16,-13,15,-13,14,-14,13,-14,13,-15,12,-4,3,0,0,0,0,0,0,0,0,0,0,0,0,0,0,0,0,0,0,-3,2,-10,9,-10,9,-11,9,-11,8,-12,8,-13,8,-13,9,-14,9,-14,9,-15,9,-15,9,-15,10,-15,9,-16,9,-15,9,-15,10,-16,10,-16,10,-15,10,-15,10,-15,11,-15,11,-15,12,-15,12,-16,13,-15,13]"
CSI_DATA,44752,d8:b1:90:db:e8:90,-52,11,1,7,0,0,1,0,0,0,1,-94,0,8,0,699937340,0,100,0,128,1,"[100,-64,5,0,-16,-20,-16,-20,-16,-19,-16,-19,-17,-19,-17,-19,-17,-18,-18,-17,-18,-17,-18,-17,-19,-16,-20,-16,-20,-16,-20,-16,-20,-16,-20,-17,-19,-17,-19,-18,-19,-18,-18,-18,-18,-18,-17,-19,-16,-19,-15,-20,-13,-20,-4,-5,0,0,0,0,0,0,0,0,0,0,0,0,0,0,0,0,0,0,-3,-4,-10,-13,-10,-14,-10,-15,-9,-15,-9,-16,-9,-16,-9,-17,-10,-17,-9,-18,-10,-19,-10,-19,-11,-19,-11,-19,-10,-19,-10,-19,-11,-20,-11,-20,-11,-20,-11,-20,-12,-19,-12,-19,-13,-20,-13,-20,-14,-20,-14,-20,-15,-19]"
CSI_DATA,44753,d8:b1:90:db:e8:90,-52,11,1,7,0,0,1,0,0,0,1,-94,0,8,0,699955293,0,100,0,128,1,"[100,-64,5,0,24,-1,24,-1,24,-1,24,-2,24,-2,24,-3,24,-3,24,-4,24,-4,24,-5,24,-5,24,-5,24,-5,24,-5,25,-6,25,-5,25,-5,25,-5,25,-5,25,-5,24,-4,24,-3,24,-2,24,0,24,1,6,0,0,0,0,0,0,0,0,0,0,0,0,0,0,0,0,0,0,0,3,0,15,1,16,2,16,2,16,2,16,3,17,3,17,4,18,4,18,5,18,6,19,6,19,7,19,7,19,7,20,5,20,5,20,4,20,4,20,4,21,4,21,3,21,3,22,3,22,2,23,2,24,2]"
CSI_DATA,44754,d8:b1:90:db:e8:90,-52,11,1,7,0,0,1,0,0,0,1,-94,0,8,0,699978092,0,100,0,128,1,"[100,-64,5,0,12,-25,12,-25,12,-25,11,-25,10,-25,10,-25,9,-26,8,-26,8,-27,7,-27,6,-27,5,-27,5,-27,5,-28,5,-28,5,-28,6,-28,6,-28,6,-28,7,-27,8,-27,9,-26,9,-26,10,-25,11,-25,2,-6,0,0,0,0,0,0,0,0,0,0,0,0,0,0,0,0,0,0,1,-5,8,-17,10,-16,11,-15,11,-14,11,-15,12,-16,13,-17,15,-17,16,-16,15,-18,15,-20,15,-19,15,-18,15,-17,15,-17,15,-18,15,-18,15,-19,15,-20,15,-20,14,-21,14,-22,13,-22,13,-23,13,-23,13,-23]"
CSI_DATA,44755,d8:b1:90:db:e8:90,-53,11,1,7,0,0,1,0,0,0,1,-94,0,8,0,700009291,0,100,0,128,1,"[100,-64,5,0,-1,-24,-2,-24,-2,-24,-3,-24,-4,-24,-4,-24,-5,-23,-6,-23,-7,-23,-7,-23,-8,-22,-8,-22,-9,-23,-8,-23,-8,-23,-8,-23,-8,-24,-7,-24,-6,-24,-6,-24,-5,-24,-4,-23,-3,-23,-3,-24,-2,-24,-1,-6,0,0,0,0,0,0,0,0,0,0,0,0,0,0,0,0,0,0,-1,-4,-1,-16,-1,-16,0,-16,1,-17,1,-17,2,-17,3,-18,3,-18,4,-19,4,-19,5,-20,5,-20,5,-20,5,-20,6,-20,5,-20,5,-20,5,-20,5,-21,5,-21,5,-21,4,-21,3,-22,2,-23,2,-23,1,-23]"
CSI_DATA,44756,d8:b1:90:db:e8:90,-53,11,1,7,0,0,1,0,0,0,1,-94,0,8,0,700023203,0,100,0,128,1,"[100,-64,5,0,-18,-20,-18,-20,-18,-20,-18,-19,-18,-18,-19,-18,-19,-18,-20,-18,-20,-17,-20,-17,-21,-17,-21,-17,-21,-17,-21,-17,-21,-18,-21,-18,-20,-18,-20,-18,-19,-18,-19,-18,-19,-18,-18,-19,-17,-20,-16,-21,-15,-21,-4,-6,0,0,0,0,0,0,0,0,0,0,0,0,0,0,0,0,0,0,-3,-4,-9,-14,-9,-15,-10,-16,-10,-17,-9,-17,-9,-17,-9,-18,-9,-19,-9,-20,-9,-20,-9,-20,-9,-21,-9,-21,-9,-21,-9,-21,-10,-20,-10,-21,-11,-21,-12,-21,-13,-20,-13,-21,-13,-21,-14,-21,-14,-21,-14,-21,-14,-21]"
CSI_DATA,44757,d8:b1:90:db:e8:90,-53,11,1,7,0,0,1,0,0,0,1,-94,0,8,0,700036159,0,100,0,128,1,"[100,-64,5,0,-12,-24,-13,-24,-13,-23,-14,-23,-15,-22,-15,-22,-15,-21,-16,-20,-16,-20,-17,-20,-17,-19,-18,-19,-19,-19,-19,-19,-19,-19,-19,-20,-18,-20,-18,-20,-17,-20,-17,-21,-17,-21,-16,-21,-15,-22,-14,-22,-13,-23,-4,-6,0,0,0,0,0,0,0,0,0,0,0,0,0,0,0,0,0,0,-3,-4,-9,-15,-8,-16,-7,-17,-7,-18,-7,-18,-7,-19,-7,-19,-7,-20,-6,-21,-6,-22,-6,-22,-6,-22,-5,-23,-5,-23,-5,-23,-5,-23,-6,-23,-6,-23,-7,-23,-8,-23,-8,-23,-8,-23,-9,-23,-9,-23,-10,-23,-10,-23]"
CSI_DATA,44758,d8:b1:90:db:e8:90,-53,11,1,7,0,0,1,0,0,0,1,-94,0,8,0,700047203,0,100,0,128,1,"[100,-64,5,0,7,-25,6,-25,6,-26,5,-26,4,-26,3,-26,3,-26,2,-26,2,-26,2,-26,1,-26,0,-26,0,-26,0,-26,0,-27,0,-27,1,-27,1,-27,1,-27,2,-27,3,-27,4,-26,5,-26,6,-26,7,-25,2,-7,0,0,0,0,0,0,0,0,0,0,0,0,0,0,0,0,0,0,0,-5,4,-17,4,-17,5,-17,6,-17,6,-17,7,-18,7,-18,7,-19,8,-19,9,-20,10,-19,10,-19,11,-20,11,-19,10,-19,10,-19,10,-19,10,-20,9,-21,9,-22,8,-22,9,-22,9,-23,9,-23,9,-23,8,-24]"
CSI_DATA,44759,d8:b1:90:db:e8:90,-53,11,1,7,0,0,1,0,0,0,1,-94,0,8,0,700067218,0,100,0,128,1,"[100,-64,5,0,18,-16,18,-17,18,-17,18,-17,18,-17,18,-18,17,-18,15,-19,15,-20,14,-20,14,-21,14,-21,14,-21,14,-22,15,-22,15,-22,15,-21,16,-21,16,-21,17,-20,17,-20,18,-19,18,-18,19,-17,19,-17,5,-4,0,0,0,0,0,0,0,0,0,0,0,0,0,0,0,0,0,0,3,-3,12,-12,13,-12,13,-11,13,-11,14,-11,15,-11,16,-11,16,-11,17,-11,18,-11,19,-11,19,-11,19,-11,19,-11,19,-11,19,-11,19,-11,19,-12,19,-12,19,-12,19,-13,18,-13,19,-13,19,-14,19,-14,19,-14]"
CSI_DATA,44760,d8:b1:90:db:e8:90,-53,11,1,7,0,0,1,0,0,0,1,-94,0,8,0,700079201,0,100,0,128,1,"[100,-64,5,0,-28,6,-28,7,-27,7,-27,8,-27,9,-27,9,-27,10,-26,11,-26,12,-26,13,-26,13,-26,14,-26,14,-26,15,-26,15,-26,15,-26,14,-26,14,-27,13,-27,13,-28,12,-28,11,-28,11,-28,9,-28,8,-8,2,0,0,0,0,0,0,0,0,0,0,0,0,0,0,0,0,0,0,-5,1,-18,5,-19,4,-19,3,-20,2,-22,1,-23,0,-24,1,-23,0,-22,-2,-23,-2,-24,-1,-25,-1,-24,-1,-24,-1,-24,-2,-25,-1,-26,-1,-26,0,-25,0,-26,1,-26,1,-26,2,-26,3,-27,3,-27,4,-27,5]"
CSI_DATA,44761,d8:b1:90:db:e8:90,-53,11,1,7,0,0,1,0,0,0,1,-94,0,8,0,700095441,0,100,0,128,1,"[100,-64,5,0,11,22,11,21,12,21,12,21,13,21,14,20,14,20,15,20,15,19,16,19,16,19,17,19,17,19,17,19,17,19,17,20,17,20,17,21,16,21,16,21,15,21,14,21,13,22,12,23,11,24,2,6,0,0,0,0,0,0,0,0,0,0,0,0,0,0,0,0,0,0,2,3,8,13,7,14,7,15,6,16,6,17,6,17,6,18,6,18,6,19,5,20,5,20,5,20,5,20,5,21,5,21,5,21,5,21,6,21,6,21,7,21,7,21,7,21,8,21,9,21,9,21,10,21]"
CSI_DATA,44762,d8:b1:90:db:e8:90,-53,11,1,7,0,0,1,0,0,0,1,-94,0,8,0,700126196,0,100,0,128,1,"[100,-64,5,0,-22,0,-22,1,-22,1,-21,1,-21,1,-21,2,-21,2,-22,2,-22,2,-22,2,-22,3,-22,4,-22,5,-22,5,-22,6,-22,7,-22,7,-22,7,-23,7,-23,6,-23,6,-23,5,-23,4,-23,4,-23,3,-6,0,0,0,0,0,0,0,0,0,0,0,0,0,0,0,0,0,0,0,-4,0,-15,0,-15,-1,-16,-2,-16,-2,-16,-2,-16,-3,-16,-4,-16,-5,-16,-6,-17,-7,-17,-7,-18,-7,-18,-7,-18,-7,-18,-6,-18,-5,-18,-5,-18,-5,-19,-5,-20,-5,-20,-4,-20,-3,-20,-2,-20,-1,-21,-2,-21,-3]"
CSI_DATA,44763,d8:b1:90:db:e8:90,-53,11,1,7,0,0,1,0,0,0,1,-94,0,8,0,700138545,0,100,0,128,1,"[100,-64,5,0,-21,-14,-21,-14,-21,-15,-21,-14,-21,-14,-21,-13,-22,-12,-22,-11,-23,-11,-23,-10,-24,-10,-24,-10,-24,-10,-24,-10,-24,-10,-25,-10,-25,-10,-24,-11,-24,-11,-24,-12,-23,-13,-22,-13,-22,-14,-21,-15,-20,-16,-5,-4,0,0,0,0,0,0,0,0,0,0,0,0,0,0,0,0,0,0,-4,-3,-14,-10,-14,-10,-14,-11,-14,-12,-14,-13,-14,-13,-14,-13,-15,-14,-15,-15,-15,-16,-15,-16,-15,-16,-15,-17,-15,-17,-15,-17,-15,-16,-15,-16,-16,-16,-16,-17,-17,-17,-17,-17,-17,-17,-18,-17,-18,-16,-18,-16,-19,-16]"
CSI_DATA,44764,d8:b1:90:db:e8:90,-53,11,1,7,0,0,1,0,0,0,1,-94,0,8,0,700151400,0,100,0,128,1,"[100,-64,5,0,22,-10,22,-10,21,-10,21,-10,21,-10,21,-11,21,-12,20,-13,20,-14,20,-14,19,-15,19,-15,19,-15,19,-15,20,-15,20,-16,20,-15,20,-15,20,-14,21,-14,22,-13,22,-12,22,-11,22,-10,22,-9,5,-3,0,0,0,0,0,0,0,0,0,0,0,0,0,0,0,0,0,0,3,-2,15,-7,15,-6,16,-6,16,-6,17,-5,17,-5,18,-5,18,-5,19,-5,20,-4,20,-4,20,-4,20,-3,20,-3,20,-4,20,-4,20,-4,20,-4,21,-5,21,-5,21,-5,22,-6,22,-6,22,-7,22,-7,22,-8]"
CSI_DATA,44765,d8:b1:90:db:e8:90,-53,11,1,7,0,0,1,0,0,0,1,-94,0,8,0,700165135,0,100,0,128,1,"[100,-64,5,0,-17,17,-17,17,-17,18,-16,19,-16,19,-15,19,-14,20,-13,20,-12,21,-12,21,-11,22,-11,22,-10,23,-10,23,-11,23,-11,23,-11,23,-12,23,-12,22,-13,22,-14,21,-14,21,-15,20,-16,20,-17,19,-5,4,0,0,0,0,0,0,0,0,0,0,0,0,0,0,0,0,0,0,-3,3,-10,13,-11,12,-12,12,-13,12,-13,12,-14,12,-15,12,-15,12,-16,12,-17,12,-17,12,-18,12,-18,12,-18,12,-17,12,-17,13,-17,13,-17,13,-17,14,-18,14,-18,14,-18,15,-18,16,-17,16,-18,16,-18,17]"
CSI_DATA,44766,d8:b1:90:db:e8:90,-53,11,1,7,0,0,1,0,0,0,1,-94,0,8,0,700177039,0,100,0,128,1,"[100,-64,5,0,23,-7,23,-7,24,-8,23,-9,23,-10,23,-10,22,-11,22,-12,21,-13,21,-13,21,-14,20,-15,20,-15,20,-15,21,-15,22,-15,22,-15,22,-15,22,-14,23,-14,23,-13,23,-12,24,-11,23,-9,23,-8,6,-2,0,0,0,0,0,0,0,0,0,0,0,0,0,0,0,0,0,0,3,-2,14,-8,15,-7,16,-6,16,-6,17,-5,18,-5,19,-5,19,-5,20,-4,21,-4,21,-3,21,-3,22,-2,22,-2,21,-3,21,-4,21,-4,22,-4,22,-5,23,-5,23,-5,23,-5,23,-6,23,-6,24,-6,24,-6]"
CSI_DATA,44767,d8:b1:90:db:e8:90,-53,11,1,7,0,0,1,0,0,0,1,-94,0,8,0,700195273,0,100,0,128,1,"[100,-64,5,0,-23,-16,-23,-16,-24,-15,-24,-15,-24,-14,-24,-14,-24,-13,-25,-12,-25,-11,-25,-11,-26,-10,-26,-10,-27,-10,-27,-10,-27,-11,-27,-11,-27,-11,-26,-11,-26,-12,-25,-13,-25,-13,-25,-14,-24,-15,-24,-16,-23,-17,-6,-5,0,0,0,0,0,0,0,0,0,0,0,0,0,0,0,0,0,0,-4,-3,-16,-9,-16,-11,-16,-12,-16,-13,-14,-14,-13,-15,-14,-15,-16,-15,-17,-15,-17,-15,-16,-16,-16,-17,-16,-19,-17,-19,-17,-18,-18,-18,-18,-18,-18,-18,-18,-18,-19,-18,-19,-18,-20,-18,-20,-17,-21,-17,-21,-17,-21,-17]"
CSI_DATA,44768,d8:b1:90:db:e8:90,-53,11,1,7,0,0,1,0,0,0,1,-94,0,8,0,700214737,0,100,0,128,1,"[100,-64,5,0,-18,18,-18,18,-17,18,-16,18,-15,18,-15,18,-14,19,-13,20,-13,20,-12,20,-12,21,-12,21,-11,22,-11,22,-12,22,-12,23,-12,22,-13,22,-13,22,-13,21,-13,20,-14,19,-15,19,-16,18,-16,17,-4,4,0,0,0,0,0,0,0,0,0,0,0,0,0,0,0,0,0,0,-3,3,-11,12,-12,12,-13,11,-14,11,-15,10,-16,11,-16,11,-16,11,-17,11,-17,11,-18,11,-19,11,-19,11,-19,11,-19,11,-19,11,-19,11,-19,11,-18,12,-18,13,-18,13,-18,14,-19,14,-19,15,-19,15,-18,16]"
CSI_DATA,44769,d8:b1:90:db:e8:90,-54,11,1,7,0,0,1,0,0,0,1,-94,0,8,0,700231198,0,100,0,128,1,"[100,-64,5,0,-5,-26,-5,-26,-6,-26,-7,-25,-7,-25,-8,-25,-8,-25,-9,-24,-9,-24,-10,-24,-10,-24,-11,-24,-11,-24,-11,-24,-11,-25,-12,-26,-12,-26,-11,-26,-11,-26,-10,-26,-9,-26,-8,-26,-6,-26,-5,-26,-4,-27,-1,-7,0,0,0,0,0,0,0,0,0,0,0,0,0,0,0,0,0,0,-1,-5,-3,-17,-3,-18,-2,-18,-2,-18,-1,-19,-1,-19,0,-20,0,-20,0,-21,1,-22,1,-23,2,-23,2,-23,2,-24,1,-24,1,-24,0,-24,0,-24,-1,-24,-1,-24,-2,-24,-2,-24,-3,-25,-3,-25,-3,-25,-4,-26]"
CSI_DATA,44770,d8:b1:90:db:e8:90,-53,11,1,7,0,0,1,0,0,0,1,-94,0,8,0,700243208,0,100,0,128,1,"[100,-64,5,0,23,-5,23,-5,23,-5,23,-5,23,-6,22,-6,22,-7,21,-7,21,-8,21,-8,21,-9,21,-10,21,-10,22,-10,22,-10,23,-10,23,-10,23,-9,23,-9,23,-8,23,-7,23,-6,23,-5,23,-4,24,-3,6,-1,0,0,0,0,0,0,0,0,0,0,0,0,0,0,0,0,0,0,3,-1,15,-3,16,-3,16,-2,16,-2,17,-1,18,-1,18,-1,18,0,19,1,19,1,20,2,21,2,21,2,21,2,21,1,21,1,21,1,21,1,21,0,21,-1,21,-1,22,-1,22,-2,22,-2,22,-2,23,-2]"
CSI_DATA,44771,d8:b1:90:db:e8:90,-53,11,1,7,0,0,1,0,0,0,1,-94,0,8,0,700255607,0,100,0,128,1,"[100,-64,5,0,-23,6,-23,6,-23,7,-23,7,-23,7,-22,7,-22,8,-22,8,-22,9,-22,9,-22,10,-21,11,-21,11,-21,12,-22,12,-22,12,-22,12,-22,12,-22,11,-22,11,-22,10,-23,10,-23,9,-23,8,-23,7,-6,1,0,0,0,0,0,0,0,0,0,0,0,0,0,0,0,0,0,0,-4,1,-15,5,-16,5,-17,4,-17,4,-18,3,-18,3,-19,3,-19,2,-20,2,-21,1,-21,1,-21,0,-21,0,-21,0,-22,0,-22,0,-22,0,-22,1,-22,2,-22,2,-22,3,-23,3,-23,4,-23,4,-23,4,-23,4]"
CSI_DATA,44772,d8:b1:90:db:e8:90,-53,11,1,7,0,0,1,0,0,0,1,-94,0,8,0,700266147,0,100,0,128,1,"[100,-64,5,0,-20,13,-20,13,-20,13,-19,13,-19,13,-19,14,-18,14,-18,14,-17,15,-17,15,-17,16,-17,16,-16,17,-16,17,-16,18,-17,18,-17,18,-17,18,-17,17,-17,17,-17,16,-18,16,-19,15,-19,14,-20,13,-5,3,0,0,0,0,0,0,0,0,0,0,0,0,0,0,0,0,0,0,-3,2,-12,10,-13,9,-14,9,-15,8,-15,8,-16,8,-16,8,-17,8,-18,8,-18,7,-19,7,-19,6,-19,6,-20,6,-20,6,-21,7,-21,7,-20,7,-20,8,-19,9,-20,9,-20,10,-20,10,-20,10,-20,11,-20,11]"
CSI_DATA,44773,d8:b1:90:db:e8:90,-54,11,1,7,0,0,1,0,0,0,1,-94,0,8,0,700285249,0,100,0,128,1,"[100,-64,5,0,-20,-22,-20,-21,-20,-21,-20,-21,-20,-20,-21,-20,-21,-19,-22,-19,-22,-19,-23,-18,-23,-18,-24,-18,-24,-18,-24,-18,-24,-18,-23,-18,-23,-19,-22,-19,-22,-20,-21,-20,-21,-20,-20,-21,-19,-22,-18,-23,-17,-24,-4,-6,0,0,0,0,0,0,0,0,0,0,0,0,0,0,0,0,0,0,-3,-5,-12,-19,-11,-19,-12,-19,-12,-19,-10,-18,-10,-19,-8,-21,-7,-22,-8,-23,-9,-24,-9,-25,-10,-25,-11,-24,-11,-24,-11,-24,-12,-24,-12,-24,-13,-24,-13,-24,-14,-23,-14,-23,-15,-23,-17,-23,-17,-22,-17,-22,-17,-23]"
CSI_DATA,44774,d8:b1:90:db:e8:90,-54,11,1,7,0,0,1,0,0,0,1,-94,0,8,0,700295290,0,100,0,128,1,"[100,-64,5,0,-28,-7,-28,-6,-28,-6,-28,-5,-28,-4,-28,-3,-28,-3,-28,-2,-28,-1,-29,-1,-29,0,-29,1,-29,2,-29,1,-30,1,-30,1,-30,0,-30,-1,-30,-1,-30,-2,-30,-3,-29,-3,-29,-4,-28,-5,-28,-7,-7,-2,0,0,0,0,0,0,0,0,0,0,0,0,0,0,0,0,0,0,-5,-2,-20,-5,-20,-5,-20,-6,-19,-8,-20,-9,-22,-9,-21,-9,-20,-11,-21,-11,-21,-11,-21,-12,-22,-13,-22,-14,-22,-14,-23,-13,-23,-13,-24,-13,-24,-13,-25,-12,-25,-11,-25,-11,-26,-11,-27,-9,-27,-9,-27,-9,-27,-9]"
CSI_DATA,44775,d8:b1:90:db:e8:90,-53,11,1,7,0,0,1,0,0,0,1,-94,0,8,0,700322795,0,100,0,128,1,"[100,-64,5,0,22,-4,22,-4,22,-4,22,-6,22,-6,22,-7,22,-7,21,-8,21,-9,21,-9,21,-10,21,-11,21,-11,21,-10,22,-10,23,-10,23,-10,23,-10,23,-9,23,-8,23,-8,23,-7,23,-6,23,-5,23,-4,5,-1,0,0,0,0,0,0,0,0,0,0,0,0,0,0,0,0,0,0,4,-1,16,-3,16,-2,15,-1,16,-1,17,-1,17,0,18,0,19,1,19,2,20,2,20,3,20,4,20,4,20,4,21,3,21,2,21,2,22,2,22,1,22,0,22,0,22,-1,23,-1,23,-2,23,-2,23,-2]"
CSI_DATA,44776,d8:b1:90:db:e8:90,-54,11,1,7,0,0,1,0,0,0,1,-94,0,8,0,700338354,0,100,0,128,1,"[100,-64,5,0,23,7,23,6,24,6,24,5,24,5,24,4,24,3,24,2,24,2,25,1,25,1,25,0,25,0,25,0,26,0,26,0,27,0,27,1,26,1,26,1,26,2,26,3,25,4,25,5,24,6,6,1,0,0,0,0,0,0,0,0,0,0,0,0,0,0,0,0,0,0,4,0,16,1,17,2,17,3,17,4,17,4,18,5,18,6,19,6,19,7,20,8,19,9,20,9,20,9,20,10,20,10,20,10,20,10,20,9,21,9,21,8,21,8,22,8,22,8,22,8,23,8,23,8]"
CSI_DATA,44777,d8:b1:90:db:e8:90,-54,11,1,7,0,0,1,0,0,0,1,-94,0,8,0,700350464,0,100,0,128,1,"[100,-64,5,0,18,-12,18,-12,18,-13,18,-13,18,-14,17,-14,17,-15,16,-15,16,-16,16,-16,15,-17,15,-17,15,-17,15,-17,15,-18,16,-18,16,-17,16,-17,16,-17,17,-17,17,-17,18,-16,18,-15,18,-14,19,-12,4,-3,0,0,0,0,0,0,0,0,0,0,0,0,0,0,0,0,0,0,3,-3,12,-10,12,-9,13,-8,14,-8,14,-8,15,-8,15,-8,16,-9,17,-8,18,-8,18,-8,18,-8,19,-8,19,-8,19,-8,19,-8,19,-8,19,-8,18,-9,18,-9,18,-10,18,-10,19,-11,19,-11,19,-11,19,-11]"
CSI_DATA,44778,d8:b1:90:db:e8:90,-54,11,1,7,0,0,1,0,0,0,1,-94,0,8,0,700360894,0,100,0,128,1,"[100,-64,5,0,21,4,22,4,22,4,22,3,22,2,21,2,22,1,22,0,22,0,22,-1,22,-1,22,-2,22,-2,22,-1,23,-1,24,-1,24,-1,24,0,23,0,23,0,23,1,23,1,23,2,23,3,23,4,5,1,0,0,0,0,0,0,0,0,0,0,0,0,0,0,0,0,0,0,3,0,15,2,15,3,15,4,15,4,15,5,16,5,16,6,17,7,17,7,18,8,18,8,18,9,18,9,18,9,18,9,19,8,19,8,19,8,19,7,20,7,20,6,20,6,21,6,21,6,21,6,21,6]"
CSI_DATA,44779,d8:b1:90:db:e8:90,-53,11,1,7,0,0,1,0,0,0,1,-94,0,8,0,700375204,0,100,0,128,1,"[100,-64,5,0,-22,14,-22,14,-21,15,-21,15,-20,16,-20,16,-19,16,-18,17,-18,18,-17,18,-17,18,-17,19,-17,19,-17,19,-17,20,-18,20,-18,20,-19,20,-19,19,-19,18,-19,18,-20,17,-20,17,-21,16,-22,15,-6,3,0,0,0,0,0,0,0,0,0,0,0,0,0,0,0,0,0,0,-4,2,-14,10,-15,10,-16,9,-17,9,-18,9,-18,9,-19,9,-20,8,-21,8,-21,8,-22,7,-22,7,-22,7,-22,7,-22,8,-23,9,-23,9,-22,9,-22,10,-22,11,-22,11,-22,12,-22,12,-22,13,-22,13,-22,13]"
CSI_DATA,44780,d8:b1:90:db:e8:90,-54,11,1,7,0,0,1,0,0,0,1,-94,0,8,0,700385311,0,100,0,128,1,"[100,-64,5,0,23,15,23,15,23,14,23,13,23,13,24,12,24,11,24,11,25,10,25,10,25,9,26,9,26,9,26,9,27,10,27,9,28,10,27,10,27,10,27,11,26,11,26,12,25,14,24,15,23,16,5,4,0,0,0,0,0,0,0,0,0,0,0,0,0,0,0,0,0,0,3,1,15,8,16,11,17,13,16,13,16,12,16,12,17,14,17,16,17,18,17,18,17,17,17,17,17,17,17,17,17,17,18,17,18,17,18,16,18,16,19,16,19,16,20,16,21,16,22,16,22,16,22,16]"
CSI_DATA,44781,d8:b1:90:db:e8:90,-53,11,1,7,0,0,1,0,0,0,1,-94,0,8,0,700421455,0,100,0,128,1,"[100,-64,5,0,21,-12,20,-12,20,-13,19,-13,19,-13,18,-14,18,-14,18,-14,17,-15,17,-15,17,-16,17,-16,17,-16,17,-16,17,-16,17,-16,17,-16,17,-16,17,-16,17,-16,18,-15,18,-15,19,-14,19,-13,19,-12,5,-3,0,0,0,0,0,0,0,0,0,0,0,0,0,0,0,0,0,0,3,-2,13,-8,14,-8,14,-7,15,-7,16,-6,16,-6,17,-7,17,-6,18,-6,19,-6,20,-6,20,-6,21,-5,21,-6,20,-6,20,-7,20,-7,20,-7,20,-8,20,-8,20,-8,20,-9,21,-9,21,-9,21,-9,21,-9]"
CSI_DATA,44782,d8:b1:90:db:e8:90,-53,11,1,7,0,0,1,0,0,0,1,-94,0,8,0,700431638,0,100,0,128,1,"[100,-64,5,0,-25,-11,-25,-11,-25,-11,-25,-10,-25,-9,-25,-8,-25,-8,-25,-7,-25,-7,-25,-6,-26,-6,-26,-5,-26,-5,-26,-5,-26,-4,-26,-4,-26,-4,-26,-5,-26,-5,-26,-6,-25,-6,-25,-7,-25,-8,-24,-9,-24,-10,-6,-3,0,0,0,0,0,0,0,0,0,0,0,0,0,0,0,0,0,0,-4,-2,-16,-8,-16,-9,-16,-10,-16,-11,-16,-11,-16,-12,-17,-12,-17,-12,-17,-13,-17,-14,-18,-15,-18,-16,-18,-16,-18,-16,-19,-15,-20,-15,-20,-14,-20,-14,-20,-14,-20,-14,-21,-13,-21,-13,-22,-13,-22,-14,-22,-13,-22,-13]"
CSI_DATA,44783,d8:b1:90:db:e8:90,-54,11,1,7,0,0,1,0,0,0,1,-94,0,8,0,700446150,0,100,0,128,1,"[100,-64,5,0,19,17,18,17,19,17,19,16,19,16,19,16,20,16,20,15,20,15,20,15,20,14,20,13,20,14,20,14,21,14,21,14,21,15,20,15,20,15,20,16,19,16,18,17,17,18,17,18,16,19,3,4,0,0,0,0,0,0,0,0,0,0,0,0,0,0,0,0,0,0,2,3,11,12,11,13,10,13,10,13,10,14,10,15,10,16,11,17,10,17,10,18,10,19,9,20,9,20,9,20,10,20,11,19,11,19,12,19,13,19,13,18,14,18,14,18,16,18,16,18,17,18,17,17]"
CSI_DATA,44784,d8:b1:90:db:e8:90,-54,11,1,7,0,0,1,0,0,0,1,-94,0,8,0,700458097,0,100,0,128,1,"[100,-64,5,0,15,-22,14,-22,14,-22,13,-22,13,-22,12,-22,12,-22,11,-23,10,-23,10,-23,9,-23,9,-24,9,-24,9,-24,9,-25,9,-24,9,-24,9,-24,10,-24,10,-24,11,-23,11,-23,12,-22,14,-22,15,-22,3,-6,0,0,0,0,0,0,0,0,0,0,0,0,0,0,0,0,0,0,2,-4,8,-15,9,-15,10,-15,11,-15,12,-15,13,-15,14,-16,14,-16,15,-16,15,-16,16,-16,16,-16,16,-16,17,-16,17,-16,17,-16,17,-16,17,-17,17,-17,17,-17,17,-18,17,-18,16,-19,16,-20,16,-20,16,-20]"
CSI_DATA,44785,d8:b1:90:db:e8:90,-54,11,1,7,0,0,1,0,0,0,1,-94,0,8,0,700474917,0,100,0,128,1,"[100,-64,5,0,-17,-21,-17,-20,-17,-20,-17,-20,-17,-19,-17,-19,-18,-19,-18,-18,-19,-17,-19,-16,-20,-16,-21,-16,-21,-17,-20,-17,-20,-17,-20,-17,-20,-17,-20,-17,-19,-18,-20,-18,-19,-18,-19,-18,-18,-19,-17,-20,-16,-21,-4,-6,0,0,0,0,0,0,0,0,0,0,0,0,0,0,0,0,0,0,-3,-4,-12,-13,-12,-14,-11,-15,-11,-16,-11,-17,-10,-17,-10,-18,-10,-19,-10,-20,-10,-20,-10,-20,-11,-20,-10,-20,-10,-21,-10,-21,-10,-21,-10,-21,-11,-21,-11,-21,-11,-22,-11,-22,-12,-22,-13,-22,-14,-22,-15,-22,-15,-21]"
CSI_DATA,44786,d8:b1:90:db:e8:90,-53,11,1,7,0,0,1,0,0,0,1,-94,0,8,0,700486076,0,100,0,128,1,"[100,-64,5,0,-8,-28,-8,-28,-8,-28,-10,-28,-11,-28,-11,-27,-12,-27,-13,-26,-14,-25,-14,-26,-15,-25,-15,-25,-15,-25,-15,-26,-15,-26,-15,-27,-15,-28,-15,-28,-14,-28,-14,-28,-13,-28,-11,-29,-10,-29,-9,-29,-7,-29,-2,-8,0,0,0,0,0,0,0,0,0,0,0,0,0,0,0,0,0,0,-2,-5,-6,-17,-6,-18,-5,-20,-5,-21,-5,-23,-4,-25,-3,-24,-3,-23,-4,-22,-4,-22,-4,-24,-3,-25,-2,-26,-3,-26,-3,-26,-4,-27,-4,-27,-4,-27,-4,-27,-4,-27,-4,-27,-4,-28,-5,-28,-5,-28,-6,-28,-6,-28]"
CSI_DATA,44787,d8:b1:90:db:e8:90,-53,11,1,7,0,0,1,0,0,0,1,-94,0,8,0,700498131,0,100,0,128,1,"[100,-64,5,0,0,26,0,26,1,25,2,25,3,25,3,25,4,25,5,25,5,25,6,25,6,25,7,25,7,25,7,25,7,25,7,25,7,26,7,26,6,26,5,26,4,25,3,25,2,25,1,25,0,26,0,6,0,0,0,0,0,0,0,0,0,0,0,0,0,0,0,0,0,0,0,4,3,16,1,15,0,15,-1,17,-2,18,-4,18,-4,19,-3,19,-3,20,-3,22,-4,21,-4,21,-4,21,-4,22,-4,22,-4,22,-4,22,-3,23,-3,24,-2,24,-2,24,-2,24,-2,25,-1,25,-1,25,-1,26]"
CSI_DATA,44788,d8:b1:90:db:e8:90,-53,11,1,7,0,0,1,0,0,0,1,-94,0,8,0,700521274,0,100,0,128,1,"[100,-64,5,0,23,-2,23,-3,23,-3,23,-4,22,-5,22,-5,22,-6,22,-7,22,-7,22,-8,22,-8,22,-9,22,-9,22,-8,22,-8,22,-8,23,-8,22,-8,22,-7,22,-6,22,-6,22,-5,22,-4,22,-3,23,-2,5,-1,0,0,0,0,0,0,0,0,0,0,0,0,0,0,0,0,0,0,3,-2,15,-5,15,-3,15,-2,15,-1,16,0,17,0,17,0,18,0,19,0,19,1,19,2,19,2,19,2,20,2,20,1,20,1,20,1,20,1,21,0,21,0,22,0,22,0,22,-1,22,-1,22,-1,23,-1]"
CSI_DATA,44789,d8:b1:90:db:e8:90,-53,11,1,7,0,0,1,0,0,0,1,-94,0,8,0,700533418,0,100,0,128,1,"[100,-64,5,0,21,-15,21,-15,21,-16,20,-16,19,-17,19,-17,18,-18,18,-20,17,-20,17,-20,16,-21,16,-22,16,-22,16,-22,16,-22,16,-22,16,-22,16,-21,16,-21,17,-21,17,-21,18,-20,19,-19,19,-18,20,-17,5,-5,0,0,0,0,0,0,0,0,0,0,0,0,0,0,0,0,0,0,2,-4,11,-13,12,-13,12,-13,13,-12,14,-12,15,-12,16,-12,18,-12,19,-11,19,-11,19,-11,19,-11,19,-11,20,-11,20,-11,20,-11,20,-11,21,-11,21,-11,22,-11,22,-12,21,-12,21,-13,21,-13,21,-13,22,-14]"
CSI_DATA,44790,d8:b1:90:db:e8:90,-53,11,1,7,0,0,1,0,0,0,1,-94,0,8,0,700549681,0,100,0,128,1,"[100,-64,5,0,11,23,11,23,12,22,12,22,12,22,12,22,13,21,14,21,15,20,15,20,16,20,16,20,17,20,17,20,17,20,17,20,17,20,16,20,16,21,15,21,15,21,14,21,14,22,13,23,12,23,2,5,0,0,0,0,0,0,0,0,0,0,0,0,0,0,0,0,0,0,2,3,8,13,7,14,7,15,7,16,6,17,6,18,5,18,5,19,5,20,5,21,5,21,5,21,5,22,5,22,5,22,6,22,6,22,6,22,6,22,7,21,7,22,8,22,9,23,10,23,10,23,10,23]"
CSI_DATA,44791,d8:b1:90:db:e8:90,-53,11,1,7,0,0,1,0,0,0,1,-94,0,8,0,700560741,0,100,0,128,1,"[100,-64,5,0,-1,-27,-2,-27,-2,-26,-2,-26,-2,-26,-3,-26,-3,-26,-5,-26,-6,-26,-7,-26,-7,-26,-8,-26,-8,-26,-8,-27,-8,-27,-8,-26,-8,-26,-7,-26,-7,-27,-6,-27,-6,-27,-5,-27,-5,-26,-3,-27,-2,-27,-1,-7,0,0,0,0,0,0,0,0,0,0,0,0,0,0,0,0,0,0,-1,-5,-2,-17,-1,-17,0,-18,0,-19,1,-19,2,-20,3,-20,3,-21,4,-21,4,-22,4,-22,4,-22,4,-23,4,-23,4,-23,3,-23,3,-23,3,-23,3,-23,2,-23,2,-24,2,-24,1,-25,0,-26,0,-26,0,-26]"
CSI_DATA,44792,d8:b1:90:db:e8:90,-53,11,1,7,0,0,1,0,0,0,1,-94,0,8,0,700572551,0,100,0,128,1,"[100,-64,5,0,14,-19,14,-19,14,-19,13,-19,13,-20,12,-20,11,-20,10,-21,10,-21,9,-22,9,-22,9,-22,9,-23,9,-23,9,-23,10,-23,10,-23,10,-23,10,-23,11,-23,11,-22,12,-21,13,-21,13,-20,14,-20,3,-5,0,0,0,0,0,0,0,0,0,0,0,0,0,0,0,0,0,0,1,-4,8,-13,9,-13,10,-13,10,-13,11,-13,12,-13,13,-14,13,-14,14,-14,15,-14,15,-14,15,-14,16,-14,16,-14,15,-14,15,-15,15,-15,15,-15,15,-15,14,-16,15,-16,15,-17,15,-17,15,-18,15,-18,15,-18]"
CSI_DATA,44793,d8:b1:90:db:e8:90,-53,11,1,7,0,0,1,0,0,0,1,-94,0,8,0,700586427,0,100,0,128,1,"[100,-64,5,0,8,-25,8,-25,8,-25,8,-25,7,-25,6,-25,6,-26,5,-26,5,-26,4,-26,4,-26,3,-26,2,-27,2,-27,2,-27,2,-28,3,-28,3,-28,3,-28,3,-27,4,-27,5,-26,6,-26,7,-26,9,-26,2,-7,0,0,0,0,0,0,0,0,0,0,0,0,0,0,0,0,0,0,1,-5,4,-17,5,-17,6,-17,7,-17,8,-17,8,-18,8,-19,8,-19,9,-19,10,-20,11,-20,11,-20,11,-20,11,-20,11,-20,11,-21,11,-21,11,-21,11,-21,11,-22,10,-22,10,-22,10,-23,10,-23,10,-23,9,-23]"
CSI_DATA,44794,d8:b1:90:db:e8:90,-54,11,1,7,0,0,1,0,0,0,1,-94,0,8,0,700605648,0,100,0,128,1,"[100,-64,5,0,2,25,2,24,2,24,3,25,4,24,5,24,5,24,6,24,6,24,6,24,7,24,8,24,8,24,8,24,8,24,9,25,9,25,9,25,8,25,8,25,7,24,6,24,5,25,3,25,2,25,0,6,0,0,0,0,0,0,0,0,0,0,0,0,0,0,0,0,0,0,0,3,3,16,2,16,1,16,1,17,0,17,0,18,1,19,1,19,0,20,0,21,-1,21,-1,22,-1,22,-2,22,-2,22,-2,22,-1,22,-1,22,-1,22,0,23,0,23,0,23,1,24,1,24,1,24,1,24]"
CSI_DATA,44795,d8:b1:90:db:e8:90,-54,11,1,7,0,0,1,0,0,0,1,-94,0,8,0,700626809,0,100,0,128,1,"[100,-64,5,0,-9,21,-9,21,-8,20,-7,20,-7,20,-6,20,-5,21,-4,21,-4,21,-4,21,-3,21,-3,22,-3,22,-3,22,-3,23,-3,23,-3,23,-4,23,-4,23,-5,23,-6,22,-7,22,-7,21,-8,21,-9,21,-3,5,0,0,0,0,0,0,0,0,0,0,0,0,0,0,0,0,0,0,-2,3,-7,13,-8,13,-9,12,-10,12,-11,13,-11,13,-11,14,-11,14,-12,14,-12,14,-13,15,-13,15,-13,15,-13,15,-12,16,-12,16,-12,16,-12,16,-12,16,-12,16,-12,16,-11,17,-10,19,-10,20,-10,20,-10,20]"
CSI_DATA,44796,d8:b1:90:db:e8:90,-54,11,1,7,0,0,1,0,0,0,1,-94,0,8,0,700639271,0,100,0,128,1,"[100,-64,5,0,-25,8,-24,8,-24,9,-23,9,-22,10,-22,10,-22,11,-22,12,-21,12,-21,13,-22,13,-22,14,-22,14,-22,14,-23,14,-23,14,-23,14,-23,13,-23,13,-24,12,-24,11,-25,10,-25,9,-25,8,-25,7,-7,1,0,0,0,0,0,0,0,0,0,0,0,0,0,0,0,0,0,0,-5,1,-17,6,-17,5,-18,4,-18,3,-19,3,-19,3,-20,3,-20,3,-21,3,-22,3,-22,3,-23,3,-23,3,-23,3,-23,2,-23,3,-23,3,-23,3,-23,3,-23,3,-23,3,-23,4,-24,7,-24,8,-24,8,-24,8]"
CSI_DATA,44797,d8:b1:90:db:e8:90,-54,11,1,7,0,0,1,0,0,0,1,-94,0,8,0,700651204,0,100,0,128,1,"[100,-64,5,0,17,-18,17,-19,16,-19,16,-19,15,-19,15,-20,14,-20,13,-20,12,-21,12,-21,11,-22,12,-23,12,-23,12,-23,12,-23,12,-23,12,-23,12,-23,13,-22,13,-22,14,-22,14,-21,15,-21,16,-20,17,-19,4,-5,0,0,0,0,0,0,0,0,0,0,0,0,0,0,0,0,0,0,2,-4,10,-13,11,-13,12,-13,12,-13,13,-13,14,-13,14,-13,15,-13,16,-13,16,-13,16,-14,17,-14,17,-13,17,-13,18,-13,18,-13,18,-13,18,-14,17,-14,17,-14,18,-15,18,-15,18,-16,17,-16,18,-17,18,-17]"
CSI_DATA,44798,d8:b1:90:db:e8:90,-54,11,1,7,0,0,1,0,0,0,1,-94,0,8,0,700664344,0,100,0,128,1,"[100,-64,5,0,-13,-22,-13,-22,-14,-22,-14,-21,-15,-20,-15,-20,-15,-20,-16,-19,-16,-19,-17,-18,-18,-18,-18,-18,-19,-18,-19,-18,-19,-18,-19,-18,-19,-18,-19,-19,-18,-19,-18,-19,-17,-19,-16,-20,-16,-21,-15,-22,-14,-22,-4,-6,0,0,0,0,0,0,0,0,0,0,0,0,0,0,0,0,0,0,-3,-4,-9,-14,-9,-15,-9,-15,-9,-16,-8,-17,-8,-18,-9,-18,-9,-18,-8,-19,-8,-20,-7,-21,-7,-21,-7,-21,-7,-21,-7,-22,-7,-22,-7,-21,-8,-22,-8,-22,-9,-22,-9,-22,-10,-22,-10,-22,-10,-22,-11,-22,-11,-23]"
CSI_DATA,44799,d8:b1:90:db:e8:90,-54,11,1,7,0,0,1,0,0,0,1,-94,0,8,0,700675079,0,100,0,128,1,"[100,-64,5,0,-12,-23,-12,-23,-12,-23,-12,-23,-13,-22,-13,-22,-14,-21,-14,-21,-14,-20,-15,-20,-16,-20,-16,-20,-17,-20,-17,-20,-17,-20,-17,-20,-17,-20,-17,-21,-16,-21,-16,-21,-15,-21,-15,-21,-14,-22,-13,-23,-12,-24,-3,-6,0,0,0,0,0,0,0,0,0,0,0,0,0,0,0,0,0,0,-3,-4,-8,-15,-8,-16,-7,-16,-7,-17,-6,-18,-6,-19,-6,-19,-5,-20,-5,-21,-5,-21,-5,-22,-5,-22,-4,-23,-4,-23,-4,-23,-4,-23,-5,-23,-6,-23,-7,-23,-8,-23,-8,-23,-9,-23,-9,-23,-10,-24,-10,-24,-10,-24]"
CSI_DATA,44800,d8:b1:90:db:e8:90,-54,11,1,7,0,0,1,0,0,0,1,-94,0,8,0,700685880,0,100,0,128,1,"[100,-64,5,0,-23,5,-23,5,-23,5,-23,6,-22,6,-22,6,-22,6,-21,7,-21,7,-21,8,-21,8,-21,9,-21,9,-21,9,-22,9,-22,9,-22,9,-22,9,-22,8,-22,8,-22,8,-22,7,-23,6,-23,5,-24,4,-6,1,0,0,0,0,0,0,0,0,0,0,0,0,0,0,0,0,0,0,-4,1,-14,5,-15,4,-15,3,-16,2,-17,2,-17,2,-18,1,-19,1,-19,1,-20,0,-20,0,-20,-1,-21,-1,-21,-1,-21,-1,-21,-1,-21,-1,-21,0,-21,1,-22,2,-22,2,-22,2,-23,3,-23,4,-23,4,-23,3]"
CSI_DATA,44801,d8:b1:90:db:e8:90,-54,11,1,7,0,0,1,0,0,0,1,-94,0,8,0,700699300,0,100,0,128,1,"[100,-64,5,0,-28,-3,-28,-3,-28,-3,-28,-3,-28,-2,-28,-1,-28,0,-28,0,-29,1,-29,2,-29,2,-30,3,-30,4,-30,4,-30,4,-30,3,-30,3,-30,2,-30,2,-29,1,-29,1,-29,0,-29,-1,-29,-2,-29,-3,-8,-1,0,0,0,0,0,0,0,0,0,0,0,0,0,0,0,0,0,0,-5,-2,-18,-5,-18,-6,-18,-5,-19,-6,-19,-8,-19,-7,-20,-7,-21,-9,-23,-11,-23,-12,-22,-11,-22,-10,-22,-10,-23,-11,-24,-11,-24,-10,-24,-10,-24,-9,-25,-8,-25,-8,-25,-7,-26,-7,-26,-7,-27,-7,-27,-6,-27,-6]"
CSI_DATA,44802,d8:b1:90:db:e8:90,-54,11,1,7,0,0,1,0,0,0,1,-94,0,8,0,700726671,0,100,0,128,1,"[100,-64,5,0,-18,17,-18,17,-17,17,-17,18,-17,18,-16,18,-16,18,-15,19,-15,19,-15,19,-14,19,-14,20,-14,20,-14,21,-14,21,-15,21,-15,21,-15,21,-16,20,-16,19,-16,18,-18,18,-18,17,-17,15,-18,15,-5,3,0,0,0,0,0,0,0,0,0,0,0,0,0,0,0,0,0,0,-4,2,-13,10,-13,10,-13,10,-14,10,-15,10,-15,10,-16,10,-16,10,-17,10,-18,9,-19,10,-19,10,-19,10,-19,10,-18,11,-18,11,-18,11,-18,12,-19,12,-19,13,-19,13,-19,13,-19,14,-20,14,-19,14,-18,15]"
CSI_DATA,44803,d8:b1:90:db:e8:90,-54,11,1,7,0,0,1,0,0,0,1,-94,0,8,0,700739004,0,100,0,128,1,"[100,-64,5,0,23,7,23,6,23,6,24,5,24,5,24,5,24,4,24,4,24,3,24,3,24,2,24,2,24,2,25,2,25,3,25,3,25,3,25,4,25,5,24,6,24,6,24,7,23,8,22,8,21,9,5,2,0,0,0,0,0,0,0,0,0,0,0,0,0,0,0,0,0,0,3,0,15,4,15,4,15,4,15,5,15,5,16,6,16,7,17,8,17,9,17,9,18,9,18,9,18,9,18,9,19,8,19,8,19,8,19,8,20,9,20,9,21,9,21,9,22,9,22,9,22,8,23,7]"
CSI_DATA,44804,d8:b1:90:db:e8:90,-54,11,1,7,0,0,1,0,0,0,1,-94,0,8,0,700750137,0,100,0,128,1,"[100,-64,5,0,-24,3,-24,4,-24,4,-24,4,-24,4,-24,5,-24,5,-24,6,-24,7,-24,8,-24,8,-24,9,-24,8,-24,8,-24,9,-24,9,-24,9,-25,8,-25,7,-25,6,-25,6,-25,5,-25,5,-25,4,-25,3,-7,0,0,0,0,0,0,0,0,0,0,0,0,0,0,0,0,0,0,0,-4,0,-16,3,-16,2,-17,1,-17,0,-18,0,-18,-1,-19,-1,-20,-2,-20,-2,-21,-2,-21,-2,-21,-2,-21,-3,-21,-3,-21,-3,-21,-3,-21,-3,-22,-2,-22,-1,-22,0,-23,0,-23,1,-23,2,-23,2,-24,3,-24,2]"
CSI_DATA,44805,d8:b1:90:db:e8:90,-54,11,1,7,0,0,1,0,0,0,1,-94,0,8,0,700763323,0,100,0,128,1,"[100,-64,5,0,-17,17,-17,17,-17,18,-16,18,-16,19,-15,19,-14,19,-13,20,-13,20,-12,20,-12,21,-12,22,-12,22,-11,22,-12,22,-12,22,-12,22,-12,22,-13,21,-13,21,-14,21,-15,20,-15,20,-16,19,-17,19,-5,4,0,0,0,0,0,0,0,0,0,0,0,0,0,0,0,0,0,0,-3,2,-11,11,-11,11,-12,11,-12,11,-13,11,-14,11,-15,12,-15,12,-16,12,-16,12,-17,12,-18,12,-18,12,-18,12,-18,11,-18,11,-18,12,-18,12,-18,13,-18,14,-18,14,-18,14,-18,15,-18,15,-18,15,-18,16]"
CSI_DATA,44806,d8:b1:90:db:e8:90,-54,11,1,7,0,0,1,0,0,0,1,-94,0,8,0,700776396,0,100,0,128,1,"[100,-64,5,0,-13,20,-13,20,-12,20,-12,21,-11,21,-11,21,-10,21,-9,22,-8,22,-8,22,-8,22,-7,23,-7,23,-7,24,-7,24,-7,24,-7,23,-8,23,-8,23,-9,23,-10,23,-11,22,-11,22,-12,22,-13,21,-4,5,0,0,0,0,0,0,0,0,0,0,0,0,0,0,0,0,0,0,-2,3,-8,14,-8,13,-9,13,-10,13,-11,14,-11,14,-12,15,-12,15,-13,15,-14,15,-14,15,-15,15,-15,15,-15,15,-15,15,-15,15,-15,15,-15,15,-15,16,-15,17,-15,17,-14,18,-15,18,-15,18,-14,19,-14,19]"
CSI_DATA,44807,d8:b1:90:db:e8:90,-54,11,1,7,0,0,1,0,0,0,1,-94,0,8,0,700786686,0,100,0,128,1,"[100,-64,5,0,-1,-25,-1,-25,-2,-25,-2,-24,-2,-24,-3,-24,-3,-24,-4,-24,-5,-25,-6,-24,-6,-24,-7,-24,-7,-24,-8,-24,-8,-24,-7,-24,-7,-24,-7,-24,-6,-25,-6,-25,-5,-25,-4,-25,-3,-25,-2,-25,-1,-26,-1,-7,0,0,0,0,0,0,0,0,0,0,0,0,0,0,0,0,0,0,-1,-4,-1,-16,-1,-16,0,-17,0,-17,1,-18,1,-18,2,-18,2,-19,3,-19,4,-20,4,-20,4,-20,5,-20,5,-21,5,-21,5,-22,5,-22,4,-22,4,-22,3,-22,3,-22,2,-23,2,-23,2,-23,1,-23,1,-23]"
CSI_DATA,44808,d8:b1:90:db:e8:90,-54,11,1,7,0,0,1,0,0,0,1,-94,0,8,0,700804863,0,100,0,128,1,"[100,-64,5,0,15,-24,15,-24,14,-24,14,-24,13,-24,13,-24,12,-25,11,-26,10,-26,10,-27,9,-27,8,-27,8,-27,8,-27,8,-28,8,-28,9,-28,9,-28,10,-28,11,-28,11,-27,12,-26,13,-26,14,-25,15,-25,4,-7,0,0,0,0,0,0,0,0,0,0,0,0,0,0,0,0,0,0,2,-4,10,-13,11,-13,11,-15,11,-17,13,-17,15,-16,16,-15,15,-16,14,-17,15,-18,15,-17,16,-16,16,-16,17,-16,17,-16,18,-16,18,-17,18,-18,18,-19,17,-19,17,-19,17,-20,16,-20,16,-21,16,-21,16,-21]"
CSI_DATA,44809,d8:b1:90:db:e8:90,-54,11,1,7,0,0,1,0,0,0,1,-94,0,8,0,700829027,0,100,0,128,1,"[100,-64,5,0,19,9,19,9,19,9,19,8,19,8,19,8,19,7,20,6,21,6,20,5,21,5,21,5,21,5,22,5,22,5,22,5,22,6,21,6,21,7,21,7,21,8,20,9,19,10,19,11,18,12,4,3,0,0,0,0,0,0,0,0,0,0,0,0,0,0,0,0,0,0,2,2,10,8,11,8,12,9,11,9,11,9,12,10,12,11,13,11,13,12,13,12,13,13,13,13,13,13,13,13,13,13,13,13,13,13,14,13,15,11,16,11,16,11,16,11,17,11,17,11,17,10,18,10]"
CSI_DATA,44810,d8:b1:90:db:e8:90,-54,11,1,7,0,0,1,0,0,0,1,-94,0,8,0,700845068,0,100,0,128,1,"[100,-64,5,0,-21,-11,-21,-11,-21,-10,-21,-10,-21,-9,-21,-9,-22,-8,-22,-7,-22,-7,-23,-6,-23,-6,-23,-5,-23,-5,-23,-5,-23,-5,-23,-6,-23,-6,-23,-6,-23,-7,-23,-7,-23,-8,-23,-9,-21,-9,-18,-10,-17,-11,-5,-3,0,0,0,0,0,0,0,0,0,0,0,0,0,0,0,0,0,0,-4,-2,-13,-7,-13,-8,-13,-9,-13,-10,-13,-11,-13,-11,-14,-12,-14,-12,-14,-13,-14,-13,-15,-14,-15,-14,-15,-15,-15,-14,-16,-14,-16,-13,-16,-13,-16,-13,-17,-13,-17,-12,-18,-12,-18,-12,-19,-12,-19,-12,-19,-11,-20,-11]"
CSI_DATA,44811,d8:b1:90:db:e8:90,-54,11,1,7,0,0,1,0,0,0,1,-94,0,8,0,700859504,0,100,0,128,1,"[100,-64,5,0,6,23,6,23,7,23,8,23,8,22,9,22,9,21,10,21,10,21,11,20,11,20,12,21,12,21,12,21,12,21,13,21,12,21,12,21,11,21,11,22,10,22,10,22,9,22,8,23,7,23,1,5,0,0,0,0,0,0,0,0,0,0,0,0,0,0,0,0,0,0,1,3,4,15,4,15,3,16,3,17,2,17,2,18,2,18,1,19,1,20,1,20,1,20,1,21,0,21,0,21,0,21,0,21,1,21,1,21,2,22,2,22,3,22,3,22,4,22,4,22,4,23,5,23]"
CSI_DATA,44812,d8:b1:90:db:e8:90,-54,11,1,7,0,0,1,0,0,0,1,-94,0,8,0,700870015,0,100,0,128,1,"[100,-64,5,0,-24,7,-24,7,-23,8,-23,9,-22,9,-22,9,-22,10,-22,10,-21,11,-21,12,-21,12,-21,13,-21,13,-21,13,-21,13,-21,13,-21,13,-22,13,-22,12,-22,12,-23,11,-23,10,-23,10,-23,9,-24,8,-6,2,0,0,0,0,0,0,0,0,0,0,0,0,0,0,0,0,0,0,-4,1,-16,5,-16,4,-17,3,-17,3,-18,3,-19,2,-20,2,-20,2,-21,1,-21,1,-22,0,-22,0,-22,0,-22,0,-22,0,-22,0,-22,0,-22,1,-22,1,-23,1,-23,2,-23,3,-24,4,-24,4,-24,5,-23,5]"
CSI_DATA,44813,d8:b1:90:db:e8:90,-54,11,1,7,0,0,1,0,0,0,1,-94,0,8,0,700882168,0,100,0,128,1,"[100,-64,5,0,-24,8,-24,8,-24,8,-23,9,-22,10,-22,10,-22,11,-22,11,-22,12,-22,12,-21,13,-21,13,-21,13,-21,13,-22,14,-22,14,-22,13,-22,13,-22,13,-22,12,-22,12,-23,11,-23,10,-24,9,-24,8,-6,2,0,0,0,0,0,0,0,0,0,0,0,0,0,0,0,0,0,0,-4,1,-16,5,-17,5,-17,4,-18,3,-18,3,-19,3,-20,3,-20,2,-21,2,-22,1,-22,1,-22,0,-22,0,-22,0,-22,1,-22,1,-22,1,-22,1,-23,2,-23,2,-23,2,-23,3,-24,4,-24,4,-24,5,-24,5]"
CSI_DATA,44814,d8:b1:90:db:e8:90,-54,11,1,7,0,0,1,0,0,0,1,-94,0,8,0,700895074,0,100,0,128,1,"[100,-64,5,0,20,18,20,18,21,17,21,17,22,17,22,17,22,16,22,16,23,15,23,15,24,14,24,14,24,14,24,14,24,14,24,14,24,14,24,15,23,15,23,16,22,16,22,17,21,17,21,18,20,19,5,5,0,0,0,0,0,0,0,0,0,0,0,0,0,0,0,0,0,0,3,2,15,10,16,10,15,11,14,12,14,15,16,16,16,16,15,16,15,17,15,18,15,19,14,20,14,20,14,20,14,20,14,19,14,19,15,19,15,20,15,20,16,20,17,19,18,18,19,18,20,18,20,18]"
CSI_DATA,44815,d8:b1:90:db:e8:90,-54,11,1,7,0,0,1,0,0,0,1,-94,0,8,0,700905814,0,100,0,128,1,"[100,-64,5,0,-6,27,-6,27,-5,27,-5,27,-4,27,-4,27,-4,27,-3,27,-2,27,-1,27,-1,27,0,27,0,27,0,28,0,28,0,28,0,28,-1,28,-1,28,-2,28,-3,28,-4,27,-4,27,-5,27,-6,27,-2,6,0,0,0,0,0,0,0,0,0,0,0,0,0,0,0,0,0,0,-1,4,-1,18,-2,20,-3,21,-5,19,-8,18,-9,18,-9,19,-8,20,-9,21,-10,22,-11,22,-11,22,-11,22,-10,22,-10,23,-10,23,-10,23,-10,23,-10,23,-10,23,-10,23,-9,24,-7,25,-6,26,-6,26,-6,25]"
CSI_DATA,44816,d8:b1:90:db:e8:90,-53,11,1,7,0,0,1,0,0,0,1,-94,0,8,0,700930908,0,100,0,128,1,"[100,-64,5,0,18,-10,18,-11,18,-11,18,-11,18,-12,18,-12,17,-12,17,-13,17,-13,16,-14,16,-14,16,-14,16,-14,16,-14,16,-15,16,-15,16,-15,16,-14,16,-14,17,-14,17,-13,17,-13,17,-12,18,-12,18,-11,4,-3,0,0,0,0,0,0,0,0,0,0,0,0,0,0,0,0,0,0,2,-2,10,-7,11,-7,13,-6,14,-6,14,-6,15,-6,15,-6,16,-6,16,-6,17,-5,17,-5,18,-5,18,-5,18,-5,18,-5,18,-5,18,-5,18,-5,18,-5,18,-6,18,-6,18,-7,18,-8,18,-9,18,-9,18,-9]"
CSI_DATA,44817,d8:b1:90:db:e8:90,-54,11,1,7,0,0,1,0,0,0,1,-94,0,8,0,700941803,0,100,0,128,1,"[100,-64,5,0,12,22,12,22,12,21,13,21,14,20,14,20,14,19,15,19,15,19,15,18,16,18,16,19,17,19,17,20,17,20,16,20,16,20,15,20,15,20,15,20,15,20,14,20,13,21,11,22,10,22,2,5,0,0,0,0,0,0,0,0,0,0,0,0,0,0,0,0,0,0,2,3,9,14,8,15,8,16,7,16,7,17,6,18,6,18,6,19,6,20,5,20,5,21,4,21,4,22,4,22,4,22,4,22,4,22,5,22,6,22,6,21,7,22,8,22,9,22,10,22,10,22,11,21]"
CSI_DATA,44818,d8:b1:90:db:e8:90,-54,11,1,7,0,0,1,0,0,0,1,-94,0,8,0,700958046,0,100,0,128,1,"[100,-64,5,0,22,-11,23,-11,22,-11,22,-12,21,-12,21,-13,20,-13,20,-14,20,-14,20,-15,20,-15,20,-16,20,-16,20,-16,20,-16,20,-16,20,-16,20,-16,20,-16,20,-15,20,-15,21,-14,21,-13,22,-12,22,-11,5,-3,0,0,0,0,0,0,0,0,0,0,0,0,0,0,0,0,0,0,4,-2,16,-8,16,-7,16,-6,16,-5,17,-4,18,-4,18,-4,19,-4,20,-4,20,-3,20,-3,20,-3,21,-3,21,-3,21,-3,22,-3,22,-4,22,-4,22,-5,22,-5,22,-6,22,-6,22,-7,22,-7,23,-7,23,-8]"
CSI_DATA,44819,d8:b1:90:db:e8:90,-53,11,1,7,0,0,1,0,0,0,1,-94,0,8,0,700970724,0,100,0,128,1,"[100,-64,5,0,-17,-21,-17,-20,-17,-20,-17,-20,-18,-19,-18,-19,-18,-18,-19,-18,-19,-17,-19,-17,-20,-17,-22,-16,-22,-16,-22,-16,-22,-16,-22,-16,-22,-17,-21,-17,-21,-18,-21,-18,-20,-18,-19,-18,-19,-19,-18,-20,-18,-21,-5,-6,0,0,0,0,0,0,0,0,0,0,0,0,0,0,0,0,0,0,-3,-4,-12,-13,-12,-14,-11,-15,-11,-16,-11,-17,-11,-18,-11,-18,-11,-19,-10,-19,-10,-20,-10,-21,-10,-22,-10,-22,-10,-22,-10,-22,-10,-21,-10,-21,-11,-22,-11,-22,-11,-22,-12,-22,-13,-22,-14,-21,-14,-21,-14,-21,-14,-22]"
CSI_DATA,44820,d8:b1:90:db:e8:90,-53,11,1,7,0,0,1,0,0,0,1,-94,0,8,0,700986835,0,100,0,128,1,"[100,-64,5,0,22,-9,21,-9,21,-9,21,-9,21,-10,20,-10,20,-10,20,-11,19,-11,19,-12,19,-12,19,-13,19,-13,19,-13,19,-13,20,-13,20,-13,20,-13,20,-12,20,-12,20,-12,21,-11,21,-10,21,-10,21,-8,5,-2,0,0,0,0,0,0,0,0,0,0,0,0,0,0,0,0,0,0,3,-2,14,-7,14,-6,15,-5,15,-5,16,-4,17,-4,18,-3,18,-3,19,-3,19,-3,20,-3,20,-3,20,-2,20,-2,21,-2,21,-3,21,-3,21,-3,21,-3,21,-3,21,-4,21,-5,21,-6,21,-7,21,-7,21,-7]"
CSI_DATA,44821,d8:b1:90:db:e8:90,-53,11,1,7,0,0,1,0,0,0,1,-94,0,8,0,701004994,0,100,0,128,1,"[100,-64,5,0,-8,-26,-8,-26,-8,-26,-9,-26,-9,-25,-10,-25,-10,-25,-11,-25,-12,-25,-12,-24,-13,-24,-13,-24,-13,-24,-13,-24,-13,-24,-13,-25,-13,-25,-13,-25,-12,-25,-12,-25,-12,-25,-11,-25,-10,-25,-9,-26,-8,-27,-2,-7,0,0,0,0,0,0,0,0,0,0,0,0,0,0,0,0,0,0,-2,-4,-6,-15,-7,-17,-5,-18,-3,-19,-4,-21,-3,-21,-3,-21,-3,-22,-3,-23,-2,-24,-1,-24,-1,-24,-1,-24,-1,-25,-1,-25,-1,-25,-1,-25,-2,-25,-2,-25,-2,-25,-3,-26,-4,-26,-5,-25,-6,-25,-6,-25,-6,-25]"
CSI_DATA,44822,d8:b1:90:db:e8:90,-53,11,1,7,0,0,1,0,0,0,1,-94,0,8,0,701015686,0,100,0,128,1,"[100,-64,5,0,-12,-23,-12,-23,-12,-23,-13,-22,-13,-22,-14,-21,-14,-21,-14,-20,-15,-20,-15,-20,-15,-20,-16,-20,-16,-20,-16,-20,-16,-20,-17,-20,-16,-21,-16,-21,-16,-21,-16,-21,-15,-21,-14,-22,-13,-22,-12,-23,-10,-23,-3,-6,0,0,0,0,0,0,0,0,0,0,0,0,0,0,0,0,0,0,-2,-4,-8,-15,-7,-15,-7,-16,-7,-17,-6,-18,-6,-18,-6,-19,-5,-20,-5,-20,-5,-21,-4,-21,-4,-22,-4,-22,-4,-22,-4,-22,-5,-23,-6,-22,-6,-23,-6,-23,-7,-23,-7,-23,-8,-24,-9,-23,-9,-23,-9,-23,-9,-23]"
CSI_DATA,44823,d8:b1:90:db:e8:90,-53,11,1,7,0,0,1,0,0,0,1,-94,0,8,0,701035957,0,100,0,128,1,"[100,-64,5,0,-25,-2,-25,-2,-25,-2,-25,-1,-25,-1,-25,0,-24,0,-24,1,-24,1,-24,1,-25,2,-25,3,-25,3,-25,3,-26,3,-26,3,-26,2,-25,2,-25,1,-25,1,-25,0,-25,0,-23,-1,-18,-3,-16,-4,-4,-2,0,0,0,0,0,0,0,0,0,0,0,0,0,0,0,0,0,0,-5,-1,-17,-2,-18,-3,-18,-3,-18,-3,-18,-4,-19,-5,-19,-5,-19,-6,-19,-6,-20,-7,-20,-7,-21,-7,-21,-8,-21,-8,-21,-7,-21,-7,-21,-7,-22,-7,-22,-6,-23,-6,-23,-6,-23,-5,-23,-5,-23,-4,-23,-4,-24,-4]"
CSI_DATA,44824,d8:b1:90:db:e8:90,-53,11,1,7,0,0,1,0,0,0,1,-94,0,8,0,701047836,0,100,0,128,1,"[100,-64,5,0,-10,22,-10,22,-10,22,-9,22,-9,22,-8,22,-7,22,-6,22,-5,22,-5,22,-5,22,-4,23,-4,23,-4,23,-4,24,-4,23,-4,23,-5,23,-5,23,-6,23,-6,23,-7,23,-8,22,-9,22,-10,22,-3,5,0,0,0,0,0,0,0,0,0,0,0,0,0,0,0,0,0,0,-2,3,-7,13,-7,14,-8,14,-9,14,-10,14,-11,15,-11,15,-11,15,-12,15,-13,16,-13,16,-13,17,-13,17,-13,17,-13,17,-13,17,-13,17,-13,17,-13,17,-13,17,-13,18,-12,18,-12,19,-12,19,-12,19,-12,20]"
CSI_DATA,44825,d8:b1:90:db:e8:90,-53,11,1,7,0,0,1,0,0,0,1,-94,0,8,0,701059760,0,100,0,128,1,"[100,-64,5,0,-19,10,-19,11,-19,11,-18,11,-18,11,-18,12,-17,12,-16,13,-16,14,-16,14,-16,14,-16,15,-16,15,-16,15,-15,15,-16,15,-16,14,-16,14,-17,14,-17,14,-17,13,-18,13,-18,12,-19,11,-19,10,-5,2,0,0,0,0,0,0,0,0,0,0,0,0,0,0,0,0,0,0,-3,1,-11,7,-12,7,-13,6,-14,6,-15,6,-15,6,-16,6,-16,6,-17,6,-18,6,-18,6,-19,6,-19,6,-19,6,-18,6,-18,6,-18,6,-18,6,-18,6,-19,7,-19,7,-19,7,-19,8,-18,9,-18,9,-18,9]"
CSI_DATA,44826,d8:b1:90:db:e8:90,-53,11,1,7,0,0,1,0,0,0,1,-94,0,8,0,701075218,0,100,0,128,1,"[100,-64,5,0,7,-24,7,-24,7,-24,6,-25,6,-25,5,-25,4,-25,3,-25,3,-25,2,-25,2,-25,2,-25,2,-25,2,-25,1,-26,1,-26,1,-26,1,-26,2,-26,2,-26,3,-25,4,-25,5,-25,6,-25,7,-24,1,-6,0,0,0,0,0,0,0,0,0,0,0,0,0,0,0,0,0,0,1,-4,4,-16,5,-16,5,-16,6,-16,7,-16,8,-17,8,-18,9,-18,10,-19,10,-18,11,-18,11,-18,11,-18,12,-18,12,-19,12,-19,12,-19,12,-20,11,-20,11,-20,11,-21,10,-21,10,-22,10,-22,10,-23,10,-23]"
CSI_DATA,44827,d8:b1:90:db:e8:90,-53,11,1,7,0,0,1,0,0,0,1,-94,0,8,0,701085786,0,100,0,128,1,"[100,-64,5,0,-25,-2,-26,-2,-25,-2,-26,-1,-26,-1,-25,0,-25,0,-25,1,-24,2,-25,2,-25,3,-25,3,-25,3,-25,3,-25,3,-26,4,-26,3,-26,3,-26,2,-25,1,-25,1,-25,0,-25,0,-25,-2,-25,-3,-7,-1,0,0,0,0,0,0,0,0,0,0,0,0,0,0,0,0,0,0,-5,0,-17,0,-17,-1,-17,-2,-18,-2,-18,-3,-19,-3,-19,-4,-20,-5,-21,-5,-21,-6,-21,-6,-21,-6,-21,-7,-21,-7,-22,-7,-22,-7,-22,-7,-22,-7,-23,-7,-23,-7,-23,-6,-23,-6,-24,-5,-25,-4,-25,-4,-25,-4]"
CSI_DATA,44828,d8:b1:90:db:e8:90,-53,11,1,7,0,0,1,0,0,0,1,-94,0,8,0,701097007,0,100,0,128,1,"[100,-64,5,0,0,24,1,24,1,24,1,23,2,23,2,23,3,23,3,23,4,22,4,22,5,23,5,23,5,23,6,23,6,24,6,24,5,24,5,24,4,24,4,24,3,24,2,24,1,24,0,24,-1,24,-1,6,0,0,0,0,0,0,0,0,0,0,0,0,0,0,0,0,0,0,0,4,1,16,0,16,0,16,-1,17,-1,17,-2,18,-3,18,-3,19,-3,19,-4,20,-5,20,-5,20,-5,21,-5,21,-5,21,-4,21,-4,21,-4,21,-3,21,-3,21,-3,22,-3,22,-3,22,-2,23,-2,23,-2,23]"
CSI_DATA,44829,d8:b1:90:db:e8:90,-53,11,1,7,0,0,1,0,0,0,1,-94,0,8,0,701107518,0,100,0,128,1,"[100,-64,5,0,-25,-14,-25,-13,-25,-13,-25,-12,-25,-12,-25,-11,-26,-11,-26,-10,-27,-10,-27,-9,-27,-9,-27,-8,-27,-8,-27,-8,-28,-8,-28,-8,-28,-8,-28,-8,-28,-9,-28,-10,-28,-10,-27,-11,-27,-12,-26,-13,-25,-14,-7,-4,0,0,0,0,0,0,0,0,0,0,0,0,0,0,0,0,0,0,-5,-3,-18,-9,-16,-8,-17,-9,-19,-11,-18,-12,-17,-13,-18,-13,-18,-13,-18,-14,-17,-15,-17,-15,-17,-15,-17,-16,-17,-17,-18,-17,-18,-17,-18,-17,-19,-17,-19,-17,-20,-16,-20,-16,-21,-16,-22,-15,-22,-15,-22,-15,-23,-15]"
CSI_DATA,44830,d8:b1:90:db:e8:90,-55,11,1,5,0,0,1,0,1,0,0,-94,0,8,0,701142562,0,100,0,128,1,"[100,-64,5,0,9,-40,7,-35,6,-29,4,-23,3,-16,2,-10,0,-4,-1,1,-2,6,-2,10,-2,13,-3,14,-3,15,-4,14,-5,11,-5,7,-6,2,-6,-3,-7,-10,-6,-16,-5,-23,-4,-29,-2,-35,2,-40,5,-43,1,-11,0,0,0,0,0,0,0,0,0,0,0,0,0,0,0,0,0,0,-1,-5,-4,-16,-5,-14,-6,-11,-5,-9,-6,-6,-6,-2,-6,0,-6,1,-5,2,-4,2,-2,2,-1,1,1,-1,4,-4,6,-7,8,-11,10,-16,12,-20,14,-25,15,-30,15,-34,15,-39,15,-43,14,-45,14,-47,14,-47]"
CSI_DATA,44831,d8:b1:90:db:e8:90,-53,11,1,7,0,0,1,0,0,0,1,-94,0,8,0,701155181,0,100,0,128,1,"[100,-64,5,0,0,24,0,24,1,24,1,23,1,23,2,23,2,23,3,23,3,23,4,23,4,23,5,23,5,23,5,24,5,24,5,24,5,24,5,23,4,23,4,23,4,23,3,23,2,23,1,24,0,24,-1,6,0,0,0,0,0,0,0,0,0,0,0,0,0,0,0,0,0,0,0,3,0,15,0,16,-1,16,-1,17,-2,17,-3,17,-3,18,-4,18,-4,19,-5,19,-5,20,-5,20,-6,20,-6,20,-6,21,-6,21,-5,21,-5,21,-4,21,-3,21,-3,22,-3,22,-2,22,-2,23,-2,23,-2,23]"
CSI_DATA,44832,d8:b1:90:db:e8:90,-53,11,1,7,0,0,1,0,0,0,1,-94,0,8,0,701165589,0,100,0,128,1,"[100,-64,5,0,3,-27,2,-27,2,-27,1,-27,1,-26,1,-26,0,-26,-1,-27,-1,-27,-2,-27,-2,-27,-3,-27,-3,-28,-3,-28,-3,-28,-3,-28,-3,-28,-3,-28,-2,-28,-2,-28,-1,-27,-1,-27,0,-27,2,-27,4,-28,1,-7,0,0,0,0,0,0,0,0,0,0,0,0,0,0,0,0,0,0,0,-5,1,-18,2,-18,2,-19,3,-19,3,-20,4,-20,5,-20,6,-20,6,-21,7,-21,7,-22,7,-22,8,-22,8,-23,8,-23,8,-23,8,-23,7,-23,6,-24,6,-24,6,-24,5,-25,5,-25,4,-25,4,-26,4,-26]"
CSI_DATA,44833,d8:b1:90:db:e8:90,-53,11,1,7,0,0,1,0,0,0,1,-94,0,8,0,701176051,0,100,0,128,1,"[100,-64,5,0,-7,-27,-7,-27,-7,-26,-8,-25,-9,-25,-10,-25,-11,-24,-11,-25,-12,-25,-12,-25,-12,-25,-13,-24,-14,-24,-14,-24,-14,-25,-14,-25,-14,-25,-14,-25,-14,-25,-13,-26,-12,-26,-11,-26,-10,-27,-8,-27,-7,-28,-2,-7,0,0,0,0,0,0,0,0,0,0,0,0,0,0,0,0,0,0,-2,-5,-6,-17,-6,-17,-5,-18,-5,-19,-4,-19,-4,-20,-3,-21,-3,-22,-3,-22,-2,-23,-1,-23,-1,-24,-1,-24,0,-24,-1,-24,-1,-24,-1,-25,-1,-25,-2,-25,-2,-25,-3,-25,-3,-25,-3,-26,-3,-26,-4,-26,-5,-27]"
CSI_DATA,44834,d8:b1:90:db:e8:90,-53,11,1,7,0,0,1,0,0,0,1,-94,0,8,0,701187183,0,100,0,128,1,"[100,-64,5,0,12,20,12,20,12,20,13,19,13,18,14,18,14,17,15,17,15,17,16,17,16,17,17,16,17,16,17,16,18,16,18,16,17,17,17,17,16,17,16,18,16,18,15,18,14,19,13,20,12,21,3,5,0,0,0,0,0,0,0,0,0,0,0,0,0,0,0,0,0,0,2,3,9,12,9,13,8,13,8,14,8,15,8,15,8,16,7,17,7,18,7,18,7,19,6,19,6,20,6,20,6,20,7,20,7,20,7,20,7,20,7,20,8,20,8,20,9,20,9,20,10,21,10,21]"
CSI_DATA,44835,d8:b1:90:db:e8:90,-53,11,1,7,0,0,1,0,0,0,1,-94,0,8,0,701199740,0,100,0,128,1,"[100,-64,5,0,-5,-21,-5,-21,-5,-21,-6,-20,-6,-20,-7,-20,-7,-20,-7,-20,-8,-20,-8,-20,-8,-20,-8,-20,-9,-20,-9,-20,-8,-21,-8,-21,-8,-22,-8,-22,-7,-22,-7,-22,-6,-22,-5,-22,-4,-22,-3,-22,-2,-23,-1,-6,0,0,0,0,0,0,0,0,0,0,0,0,0,0,0,0,0,0,-1,-4,-4,-14,-3,-15,-2,-15,-2,-15,-1,-16,-1,-16,-1,-17,0,-17,0,-18,0,-18,0,-19,1,-19,1,-20,1,-20,1,-19,0,-19,0,-20,0,-20,0,-20,0,-20,-1,-21,-1,-21,-2,-21,-2,-21,-3,-21,-4,-21]"
CSI_DATA,44836,d8:b1:90:db:e8:90,-53,11,1,7,0,0,1,0,0,0,1,-94,0,8,0,701213465,0,100,0,128,1,"[100,-64,5,0,3,-28,3,-28,3,-28,2,-27,1,-27,1,-27,0,-27,-2,-27,-3,-27,-3,-27,-3,-27,-4,-27,-4,-27,-4,-28,-4,-28,-4,-28,-3,-29,-3,-29,-2,-29,-2,-28,-1,-28,0,-27,1,-27,2,-27,4,-27,1,-7,0,0,0,0,0,0,0,0,0,0,0,0,0,0,0,0,0,0,0,-5,3,-17,3,-16,3,-17,3,-17,5,-18,7,-20,9,-20,9,-20,9,-21,9,-21,10,-21,10,-22,10,-22,10,-23,9,-23,8,-23,8,-23,8,-23,8,-23,7,-23,7,-24,6,-24,6,-25,5,-25,5,-26,5,-26]"
CSI_DATA,44837,d8:b1:90:db:e8:90,-53,11,1,7,0,0,1,0,0,0,1,-94,0,8,0,701239197,0,100,0,128,1,"[100,-64,5,0,23,7,23,7,23,6,23,6,23,5,23,5,23,4,23,3,23,3,23,2,24,2,24,1,24,1,24,1,25,2,25,2,25,3,25,3,24,4,24,4,23,5,23,5,23,6,22,8,22,9,5,2,0,0,0,0,0,0,0,0,0,0,0,0,0,0,0,0,0,0,3,1,14,5,14,5,15,6,15,7,15,7,16,8,16,8,16,9,16,10,16,11,17,11,17,11,17,12,17,12,18,11,18,11,19,11,19,11,19,10,19,10,19,9,20,9,20,9,21,8,21,8,22,8]"
CSI_DATA,44838,d8:b1:90:db:e8:90,-53,11,1,7,0,0,1,0,0,0,1,-94,0,8,0,701249410,0,100,0,128,1,"[100,-64,5,0,-23,-10,-24,-10,-24,-9,-24,-8,-24,-8,-24,-7,-24,-7,-24,-6,-25,-5,-25,-4,-25,-4,-26,-3,-25,-3,-25,-4,-26,-4,-26,-4,-26,-4,-26,-5,-26,-6,-25,-6,-24,-6,-24,-7,-23,-8,-22,-9,-22,-10,-6,-3,0,0,0,0,0,0,0,0,0,0,0,0,0,0,0,0,0,0,-4,-2,-16,-5,-15,-6,-16,-7,-16,-7,-16,-8,-16,-8,-17,-9,-17,-10,-17,-11,-17,-11,-18,-11,-18,-11,-18,-12,-18,-12,-18,-12,-18,-12,-18,-12,-18,-12,-19,-12,-19,-12,-19,-12,-20,-11,-21,-11,-22,-11,-22,-11,-22,-11]"
CSI_DATA,44839,d8:b1:90:db:e8:90,-53,11,1,7,0,0,1,0,0,0,1,-94,0,8,0,701260272,0,100,0,128,1,"[100,-64,5,0,20,-7,20,-7,20,-7,20,-8,20,-8,19,-8,19,-8,19,-9,19,-9,19,-9,19,-10,19,-11,19,-11,19,-11,19,-11,19,-11,19,-11,20,-11,20,-11,20,-11,20,-10,20,-9,20,-8,21,-8,21,-7,5,-2,0,0,0,0,0,0,0,0,0,0,0,0,0,0,0,0,0,0,3,-2,12,-6,12,-5,13,-5,14,-4,15,-4,15,-3,16,-4,17,-4,17,-3,18,-3,18,-3,19,-3,19,-2,19,-2,18,-2,18,-2,18,-3,18,-3,18,-3,19,-3,19,-4,19,-4,20,-4,20,-4,20,-4,21,-5]"
CSI_DATA,44840,d8:b1:90:db:e8:90,-53,11,1,7,0,0,1,0,0,0,1,-94,0,8,0,701272140,0,100,0,128,1,"[100,-64,5,0,-18,-17,-18,-17,-18,-17,-19,-17,-19,-17,-19,-16,-19,-16,-20,-15,-20,-15,-21,-14,-21,-14,-22,-13,-22,-13,-22,-13,-22,-13,-23,-13,-23,-13,-23,-14,-22,-14,-22,-14,-22,-14,-21,-15,-21,-15,-20,-16,-19,-17,-5,-5,0,0,0,0,0,0,0,0,0,0,0,0,0,0,0,0,0,0,-3,-3,-12,-11,-12,-12,-11,-13,-11,-14,-11,-14,-11,-15,-12,-16,-12,-16,-11,-17,-12,-18,-13,-18,-13,-18,-13,-19,-13,-19,-12,-18,-12,-18,-12,-18,-13,-18,-13,-18,-13,-18,-14,-18,-14,-18,-15,-18,-16,-18,-16,-19,-16,-19]"
CSI_DATA,44841,d8:b1:90:db:e8:90,-53,11,1,7,0,0,1,0,0,0,1,-94,0,8,0,701288062,0,100,0,128,1,"[100,-64,5,0,21,-9,22,-9,22,-10,21,-11,20,-12,20,-12,20,-13,19,-14,18,-15,18,-16,18,-16,18,-16,18,-16,18,-16,19,-16,19,-16,19,-16,19,-16,19,-15,19,-15,20,-14,21,-13,21,-12,21,-11,22,-10,5,-3,0,0,0,0,0,0,0,0,0,0,0,0,0,0,0,0,0,0,3,-2,15,-5,15,-5,15,-4,15,-4,16,-4,17,-4,18,-3,19,-3,19,-2,20,-2,20,-2,20,-3,20,-2,21,-2,21,-2,21,-2,21,-2,21,-3,21,-3,22,-3,22,-3,22,-4,22,-5,22,-6,22,-6,22,-6]"
CSI_DATA,44842,d8:b1:90:db:e8:90,-53,11,1,7,0,0,1,0,0,0,1,-94,0,8,0,701304882,0,100,0,128,1,"[100,-64,5,0,-2,-27,-2,-27,-3,-27,-4,-27,-5,-26,-5,-26,-6,-26,-9,-26,-10,-26,-10,-26,-10,-26,-11,-26,-11,-26,-11,-26,-11,-26,-10,-27,-10,-27,-9,-27,-9,-27,-8,-27,-7,-27,-6,-27,-5,-27,-4,-27,-2,-28,-1,-7,0,0,0,0,0,0,0,0,0,0,0,0,0,0,0,0,0,0,-1,-6,0,-21,2,-20,2,-19,1,-18,2,-19,3,-18,2,-20,3,-21,5,-20,5,-21,4,-22,4,-22,4,-22,4,-23,5,-23,4,-23,4,-24,5,-24,4,-24,4,-24,4,-25,3,-25,2,-26,1,-26,1,-26,1,-26]"
CSI_DATA,44843,d8:b1:90:db:e8:90,-54,11,1,7,0,0,1,0,0,0,1,-94,0,8,0,701315140,0,100,0,128,1,"[100,-64,5,0,-27,13,-27,13,-27,13,-26,13,-26,14,-25,14,-25,15,-24,15,-24,16,-24,17,-24,17,-24,18,-24,18,-23,18,-24,18,-24,18,-24,18,-25,17,-25,17,-25,16,-26,15,-26,15,-26,13,-27,12,-27,11,-7,2,0,0,0,0,0,0,0,0,0,0,0,0,0,0,0,0,0,0,-5,2,-17,8,-17,6,-19,6,-21,5,-22,6,-21,6,-22,4,-23,2,-24,3,-24,4,-24,4,-25,4,-25,3,-25,3,-26,4,-26,4,-26,4,-26,4,-26,5,-27,5,-27,5,-27,6,-27,7,-26,8,-27,8,-27,10]"
CSI_DATA,44844,d8:b1:90:db:e8:90,-53,11,1,7,0,0,1,0,0,0,1,-94,0,8,0,701340892,0,100,0,128,1,"[100,-64,5,0,6,23,6,23,6,22,7,22,7,22,7,21,8,21,8,21,9,21,9,21,9,21,10,21,10,21,10,21,10,22,10,22,10,22,9,22,9,22,8,22,7,22,7,22,6,22,5,23,3,24,0,6,0,0,0,0,0,0,0,0,0,0,0,0,0,0,0,0,0,0,1,4,3,16,3,16,2,16,1,16,1,17,1,18,1,19,0,19,0,19,-1,20,-1,20,-1,20,-2,21,-2,21,-1,21,-1,21,-1,21,0,21,1,21,1,21,1,21,2,22,3,22,3,23,4,23,4,22]"
CSI_DATA,44845,d8:b1:90:db:e8:90,-53,11,1,7,0,0,1,0,0,0,1,-94,0,8,0,701351035,0,100,0,128,1,"[100,-64,5,0,8,-23,8,-23,8,-22,8,-22,7,-22,7,-23,6,-23,6,-23,5,-23,5,-23,4,-24,4,-24,4,-24,4,-24,4,-24,5,-25,5,-25,5,-25,5,-24,6,-24,6,-23,7,-23,8,-23,9,-23,10,-22,2,-6,0,0,0,0,0,0,0,0,0,0,0,0,0,0,0,0,0,0,1,-4,7,-15,8,-15,9,-15,9,-15,10,-15,11,-15,11,-15,12,-16,12,-16,13,-16,13,-16,14,-16,14,-16,14,-16,13,-16,13,-17,13,-17,13,-17,12,-17,12,-18,12,-18,12,-19,11,-20,11,-21,11,-21,10,-21]"
CSI_DATA,44846,d8:b1:90:db:e8:90,-53,11,1,7,0,0,1,0,0,0,1,-94,0,8,0,701363128,0,100,0,128,1,"[100,-64,5,0,-3,23,-3,23,-3,23,-3,23,-3,23,-2,23,-2,23,-1,23,-1,23,0,23,0,23,0,23,1,24,1,24,1,24,1,24,1,23,0,23,0,23,0,23,-1,23,-2,23,-3,23,-4,23,-5,23,-2,5,0,0,0,0,0,0,0,0,0,0,0,0,0,0,0,0,0,0,-1,4,-1,16,-2,16,-3,16,-3,16,-4,17,-5,17,-5,18,-5,18,-6,19,-6,19,-7,19,-7,19,-7,19,-8,19,-8,20,-8,20,-8,20,-7,20,-7,20,-6,21,-6,21,-6,21,-6,22,-6,22,-5,22,-4,23]"
CSI_DATA,44847,d8:b1:90:db:e8:90,-53,11,1,7,0,0,1,0,0,0,1,-94,0,8,0,701374951,0,100,0,128,1,"[100,-64,5,0,-7,-23,-7,-23,-8,-23,-8,-23,-8,-23,-9,-23,-9,-22,-10,-22,-10,-22,-11,-22,-11,-22,-12,-22,-12,-22,-12,-23,-12,-23,-12,-22,-12,-22,-11,-23,-11,-23,-11,-23,-11,-23,-10,-23,-9,-23,-8,-24,-7,-24,-2,-6,0,0,0,0,0,0,0,0,0,0,0,0,0,0,0,0,0,0,-2,-4,-6,-16,-6,-17,-5,-17,-5,-18,-4,-19,-4,-19,-4,-20,-4,-20,-3,-21,-3,-21,-3,-22,-2,-22,-2,-23,-2,-23,-2,-23,-2,-23,-2,-23,-2,-23,-3,-23,-4,-23,-4,-23,-5,-24,-5,-24,-5,-24,-6,-24,-7,-24]"
CSI_DATA,44848,d8:b1:90:db:e8:90,-53,11,1,7,0,0,1,0,0,0,1,-94,0,8,0,701385594,0,100,0,128,1,"[100,-64,5,0,-19,13,-19,13,-19,14,-18,14,-18,14,-18,15,-18,15,-17,15,-17,16,-17,16,-17,16,-17,17,-17,17,-16,18,-16,18,-16,18,-16,17,-16,17,-17,17,-17,17,-17,16,-18,16,-18,15,-19,14,-19,13,-5,3,0,0,0,0,0,0,0,0,0,0,0,0,0,0,0,0,0,0,-4,2,-13,10,-14,10,-15,9,-15,9,-16,9,-16,9,-17,9,-17,9,-18,9,-19,9,-20,9,-20,8,-20,8,-21,8,-21,8,-21,8,-21,8,-21,9,-20,10,-20,10,-20,11,-20,11,-20,11,-20,12,-20,12,-20,13]"
CSI_DATA,44849,d8:b1:90:db:e8:90,-53,11,1,7,0,0,1,0,0,0,1,-94,0,8,0,701398893,0,100,0,128,1,"[100,-64,5,0,-16,18,-16,19,-15,19,-15,19,-14,19,-14,19,-13,19,-12,19,-11,20,-11,20,-11,21,-11,21,-11,21,-10,22,-10,22,-10,23,-10,22,-10,22,-11,22,-11,22,-11,21,-12,20,-13,20,-13,20,-14,19,-4,4,0,0,0,0,0,0,0,0,0,0,0,0,0,0,0,0,0,0,-3,3,-10,13,-10,12,-12,12,-12,12,-13,12,-14,12,-14,12,-15,12,-16,12,-16,13,-17,13,-18,13,-18,13,-18,13,-18,13,-17,13,-17,14,-17,14,-17,14,-17,15,-17,15,-17,15,-17,16,-17,16,-17,17,-17,17]"
CSI_DATA,44850,d8:b1:90:db:e8:90,-55,11,1,7,0,0,1,0,0,0,1,-94,0,8,0,701417078,0,100,0,128,1,"[100,-64,5,0,-8,-26,-8,-26,-8,-26,-9,-25,-10,-24,-10,-24,-11,-24,-11,-24,-12,-24,-12,-24,-13,-24,-13,-24,-13,-24,-13,-25,-13,-25,-13,-24,-13,-24,-12,-25,-12,-25,-11,-25,-10,-26,-9,-25,-9,-26,-8,-26,-7,-26,-2,-7,0,0,0,0,0,0,0,0,0,0,0,0,0,0,0,0,0,0,-2,-5,-5,-20,-5,-19,-5,-20,-4,-20,-2,-20,-1,-20,-2,-21,-3,-21,-3,-23,-3,-25,-3,-24,-2,-24,-2,-24,-2,-25,-2,-25,-1,-24,-1,-24,-1,-24,-2,-25,-2,-25,-3,-25,-3,-25,-3,-25,-4,-25,-4,-25,-5,-26]"
CSI_DATA,44851,d8:b1:90:db:e8:90,-53,11,1,7,0,0,1,0,0,0,1,-94,0,8,0,701451534,0,100,0,128,1,"[100,-64,5,0,-17,-19,-14,-16,-8,-16,-5,-19,-6,-23,-10,-24,-12,-22,-12,-18,-8,-16,-4,-17,-4,-21,-6,-24,-8,-24,-9,-22,-7,-19,-3,-18,1,-21,3,-24,1,-25,-1,-25,-1,-22,2,-19,6,-18,10,-19,12,-20,3,-5,0,0,0,0,0,0,0,0,0,0,0,0,0,0,0,0,0,0,-5,0,-18,0,-18,1,-17,3,-15,2,-14,-1,-14,-6,-17,-9,-20,-10,-22,-8,-19,-6,-15,-7,-13,-11,-13,-14,-16,-16,-18,-15,-19,-13,-16,-11,-12,-12,-11,-15,-12,-19,-16,-20,-18,-17,-17,-13,-13,-12,-10,-16,-9,-19]"
CSI_DATA,44852,d8:b1:90:db:e8:90,-53,11,1,7,0,0,1,0,0,0,1,-94,0,8,0,701462208,0,100,0,128,1,"[100,-64,5,0,18,16,18,16,18,15,18,15,19,14,19,13,19,13,19,13,20,13,20,12,20,12,21,12,21,12,21,12,21,12,21,12,21,12,21,12,21,12,20,13,20,13,19,14,19,14,18,15,17,16,4,4,0,0,0,0,0,0,0,0,0,0,0,0,0,0,0,0,0,0,3,2,12,9,12,10,13,10,13,11,13,12,13,12,13,13,13,14,13,14,13,15,13,16,13,16,13,17,13,17,13,17,13,16,14,16,14,16,14,16,14,16,15,16,15,16,16,16,16,17,17,16,17,17]"
CSI_DATA,44853,d8:b1:90:db:e8:90,-53,11,1,7,0,0,1,0,0,0,1,-94,0,8,0,701472889,0,100,0,128,1,"[100,-64,5,0,15,-20,15,-20,15,-20,15,-20,14,-21,14,-21,13,-21,13,-22,12,-22,12,-22,11,-23,11,-23,10,-23,11,-24,11,-24,10,-24,10,-24,11,-24,11,-23,11,-23,12,-22,13,-22,13,-21,14,-21,15,-20,4,-5,0,0,0,0,0,0,0,0,0,0,0,0,0,0,0,0,0,0,2,-4,10,-13,11,-13,12,-13,13,-13,14,-13,14,-13,15,-13,16,-13,17,-13,17,-13,18,-13,18,-13,19,-12,19,-13,18,-13,18,-13,18,-14,18,-14,18,-15,17,-15,18,-16,18,-16,18,-17,18,-17,18,-18,18,-18]"
CSI_DATA,44854,d8:b1:90:db:e8:90,-53,11,1,7,0,0,1,0,0,0,1,-94,0,8,0,701488260,0,100,0,128,1,"[100,-64,5,0,12,-21,12,-21,11,-21,11,-22,11,-22,11,-22,10,-23,9,-23,8,-23,8,-23,8,-24,7,-24,7,-24,7,-24,7,-24,7,-25,7,-25,7,-24,8,-24,8,-24,8,-23,9,-23,10,-22,11,-22,12,-22,3,-6,0,0,0,0,0,0,0,0,0,0,0,0,0,0,0,0,0,0,2,-4,8,-14,9,-14,10,-14,10,-15,11,-15,12,-15,13,-15,14,-15,14,-15,15,-15,15,-15,15,-15,16,-15,16,-15,15,-16,15,-16,15,-16,15,-16,15,-17,14,-18,14,-18,14,-18,14,-19,14,-20,14,-20,14,-20]"
CSI_DATA,44855,d8:b1:90:db:e8:90,-54,11,1,7,0,0,1,0,0,0,1,-94,0,8,0,701501287,0,100,0,128,1,"[100,-64,5,0,-14,-25,-18,-29,-15,-30,-13,-25,-18,-21,-24,-22,-23,-25,-20,-22,-23,-15,-29,-15,-29,-18,-25,-16,-26,-9,-31,-8,-33,-12,-29,-11,-28,-6,-32,-3,-34,-6,-31,-8,-28,-4,-30,-1,-32,-3,-30,-6,-27,-4,-7,-1,0,0,0,0,0,0,0,0,0,0,0,0,0,0,0,0,0,0,3,-5,14,-18,18,-17,17,-14,14,-14,14,-19,19,-21,20,-17,16,-16,13,-21,17,-24,18,-20,13,-19,11,-24,15,-28,17,-25,11,-22,5,-26,7,-31,10,-29,6,-25,-2,-26,-3,-32,0,-32,-2,-26,-9,-26,-14,-31]"
CSI_DATA,44856,d8:b1:90:db:e8:90,-53,11,1,7,0,0,1,0,0,0,1,-94,0,8,0,701514239,0,100,0,128,1,"[100,-64,5,0,-25,-13,-25,-13,-25,-13,-25,-12,-26,-12,-26,-11,-26,-10,-26,-10,-26,-9,-26,-9,-27,-8,-27,-8,-27,-7,-27,-7,-27,-7,-28,-7,-28,-8,-27,-8,-27,-9,-27,-9,-26,-10,-26,-10,-25,-11,-25,-12,-24,-13,-6,-4,0,0,0,0,0,0,0,0,0,0,0,0,0,0,0,0,0,0,-5,-2,-17,-9,-17,-11,-18,-13,-19,-12,-20,-13,-20,-14,-19,-16,-18,-16,-18,-15,-18,-15,-17,-16,-18,-17,-18,-18,-18,-18,-19,-18,-20,-18,-20,-18,-20,-17,-20,-16,-21,-15,-21,-15,-22,-15,-22,-15,-23,-15,-23,-15,-24,-14]"
CSI_DATA,44857,d8:b1:90:db:e8:90,-53,11,1,7,0,0,1,0,0,0,1,-94,0,8,0,701526779,0,100,0,128,1,"[100,-64,5,0,-4,-25,-4,-25,-4,-25,-5,-25,-5,-24,-6,-24,-6,-24,-7,-23,-7,-23,-7,-23,-8,-23,-9,-23,-10,-23,-10,-24,-10,-24,-11,-24,-10,-24,-10,-24,-9,-24,-9,-24,-8,-24,-7,-24,-6,-24,-5,-24,-4,-24,-1,-6,0,0,0,0,0,0,0,0,0,0,0,0,0,0,0,0,0,0,-1,-5,-3,-18,-3,-18,-3,-18,-2,-18,-2,-19,-1,-19,-1,-20,0,-20,0,-21,1,-22,1,-22,2,-22,2,-22,2,-22,2,-23,2,-23,2,-23,1,-23,1,-23,1,-24,0,-24,0,-24,-1,-24,-1,-24,-1,-24,-1,-24]"
CSI_DATA,44858,d8:b1:90:db:e8:90,-53,11,1,7,0,0,1,0,0,0,1,-94,0,8,0,701546715,0,100,0,128,1,"[100,-64,5,0,13,-18,14,-18,13,-19,12,-21,10,-20,9,-21,9,-21,7,-21,7,-21,6,-20,5,-22,5,-22,3,-23,3,-23,2,-22,2,-23,1,-23,1,-24,1,-23,1,-23,1,-23,2,-23,2,-23,3,-23,2,-23,0,-6,0,0,0,0,0,0,0,0,0,0,0,0,0,0,0,0,0,0,4,-3,15,-8,13,-7,14,-8,14,-7,15,-7,16,-7,16,-8,17,-8,17,-8,17,-8,18,-7,18,-8,19,-8,18,-9,18,-10,18,-10,17,-11,17,-11,16,-12,17,-13,17,-13,16,-14,15,-14,14,-15,15,-15,13,-12]"
CSI_DATA,44859,d8:b1:90:db:e8:90,-53,11,1,7,0,0,1,0,0,0,1,-94,0,8,0,701556766,0,100,0,128,1,"[100,-64,5,0,25,-4,25,-4,25,-4,25,-4,24,-4,24,-4,23,-5,23,-5,23,-6,22,-6,22,-7,22,-7,22,-7,22,-6,22,-6,22,-6,22,-5,22,-5,21,-4,21,-4,21,-3,21,-3,20,-2,20,-1,20,0,5,0,0,0,0,0,0,0,0,0,0,0,0,0,0,0,0,0,0,0,0,2,1,8,-2,8,-6,7,-8,6,-8,6,-1,4,12,-1,20,-4,21,-3,21,-3,22,-3,22,-2,23,-2,23,-2,23,-1,23,-1,23,-1,24,-2,24,-2,24,-2,24,-2,25,-3,25,-3,25,-3,25,-3,26,-4]"
CSI_DATA,44860,d8:b1:90:db:e8:90,-53,11,1,7,0,0,1,0,0,0,1,-94,0,8,0,701566982,0,100,0,128,1,"[100,-64,5,0,-27,1,-27,1,-27,1,-26,2,-25,2,-25,3,-24,3,-24,3,-24,3,-24,4,-24,4,-24,5,-24,5,-24,5,-24,5,-23,5,-23,5,-23,5,-23,4,-22,3,-22,3,-22,2,-21,1,-21,0,-21,-1,-6,-1,0,0,0,0,0,0,0,0,0,0,0,0,0,0,0,0,0,0,0,-3,0,-10,2,-9,6,-7,8,-6,8,-6,1,-5,-14,-1,-21,0,-22,-1,-23,-1,-23,-2,-23,-2,-24,-3,-24,-3,-24,-2,-24,-2,-24,-2,-25,-2,-25,-1,-25,-1,-25,-1,-26,0,-26,0,-26,0,-27,0,-27,0]"
CSI_DATA,44861,d8:b1:90:db:e8:90,-53,11,1,7,0,0,1,0,0,0,1,-94,0,8,0,701577365,0,100,0,128,1,"[100,-64,5,0,-21,10,-21,10,-20,11,-20,12,-19,12,-18,12,-18,13,-18,13,-17,13,-17,13,-17,14,-17,14,-17,15,-17,14,-18,14,-18,15,-18,14,-18,14,-18,13,-18,13,-19,12,-19,11,-19,11,-20,10,-20,10,-5,2,0,0,0,0,0,0,0,0,0,0,0,0,0,0,0,0,0,0,-4,1,-14,7,-15,7,-15,6,-15,6,-16,6,-17,6,-17,6,-18,6,-19,6,-19,5,-19,5,-20,4,-20,4,-20,4,-20,4,-21,5,-21,5,-21,5,-21,5,-21,6,-21,6,-21,7,-21,8,-21,9,-21,9,-21,9]"
CSI_DATA,44862,d8:b1:90:db:e8:90,-53,11,1,7,0,0,1,0,0,0,1,-94,0,8,0,701590622,0,100,0,128,1,"[100,-64,5,0,-15,21,-15,21,-14,21,-12,22,-11,22,-11,22,-10,22,-10,22,-9,22,-9,22,-9,23,-9,23,-9,23,-9,24,-9,24,-9,24,-9,24,-10,23,-11,23,-11,22,-12,22,-12,21,-13,21,-14,21,-15,20,-4,5,0,0,0,0,0,0,0,0,0,0,0,0,0,0,0,0,0,0,-3,3,-9,15,-9,15,-10,15,-11,15,-11,15,-12,15,-13,16,-13,16,-14,16,-15,16,-15,16,-16,16,-16,16,-16,16,-16,16,-17,16,-17,16,-16,17,-16,17,-16,17,-16,18,-16,18,-15,19,-14,20,-15,20,-15,20]"
CSI_DATA,44863,d8:b1:90:db:e8:90,-53,11,1,7,0,0,1,0,0,0,1,-94,0,8,0,701605893,0,100,0,128,1,"[100,-64,5,0,7,-25,7,-25,7,-25,6,-25,6,-25,5,-25,5,-25,4,-25,4,-26,4,-26,3,-26,2,-25,2,-25,2,-25,2,-26,2,-26,2,-27,2,-26,2,-26,3,-26,3,-25,4,-25,5,-25,6,-24,7,-24,2,-6,0,0,0,0,0,0,0,0,0,0,0,0,0,0,0,0,0,0,0,-5,3,-17,4,-17,4,-18,4,-18,5,-18,6,-19,7,-19,8,-20,8,-20,9,-20,10,-21,10,-21,11,-21,11,-21,10,-21,10,-20,10,-21,10,-21,10,-22,9,-23,9,-23,9,-24,9,-24,9,-24,9,-24,9,-24]"
CSI_DATA,44864,d8:b1:90:db:e8:90,-53,11,1,7,0,0,1,0,0,0,1,-94,0,8,0,701616995,0,100,0,128,1,"[100,-64,5,0,-18,9,-18,9,-18,9,-17,10,-17,10,-17,10,-16,11,-16,11,-16,11,-16,11,-15,12,-15,13,-14,13,-14,13,-14,13,-15,13,-15,13,-15,13,-15,13,-15,12,-15,12,-16,11,-16,11,-16,10,-16,9,-4,2,0,0,0,0,0,0,0,0,0,0,0,0,0,0,0,0,0,0,-3,1,-12,6,-12,5,-12,5,-12,5,-13,4,-14,4,-16,4,-17,4,-16,4,-16,4,-17,3,-18,3,-18,3,-18,3,-17,3,-17,3,-18,3,-17,4,-17,5,-17,5,-17,6,-18,6,-18,6,-18,6,-18,7,-19,7]"
CSI_DATA,44865,d8:b1:90:db:e8:90,-52,11,1,7,0,0,1,0,0,0,1,-94,0,8,0,701647406,0,100,0,128,1,"[100,-64,5,0,13,-20,13,-20,12,-20,12,-20,11,-20,11,-20,10,-20,9,-21,9,-21,8,-21,8,-21,7,-21,7,-22,7,-22,7,-22,8,-22,8,-22,8,-22,9,-22,9,-21,9,-21,10,-20,10,-20,11,-19,12,-19,3,-5,0,0,0,0,0,0,0,0,0,0,0,0,0,0,0,0,0,0,1,-4,6,-15,7,-14,8,-14,9,-14,10,-14,11,-15,12,-15,12,-15,13,-15,14,-15,14,-15,15,-15,15,-15,15,-15,15,-15,15,-15,15,-15,15,-15,14,-16,14,-17,14,-17,14,-17,14,-18,14,-18,14,-18,14,-19]"
CSI_DATA,44866,d8:b1:90:db:e8:90,-52,11,1,7,0,0,1,0,0,0,1,-94,0,8,0,701660018,0,100,0,128,1,"[100,-64,5,0,16,-23,16,-23,15,-23,14,-24,14,-24,13,-24,13,-25,11,-25,10,-25,10,-25,9,-25,9,-26,8,-26,8,-26,8,-26,9,-26,9,-26,9,-25,9,-25,10,-25,10,-24,11,-24,11,-22,10,-19,10,-17,2,-4,0,0,0,0,0,0,0,0,0,0,0,0,0,0,0,0,0,0,1,-5,8,-17,9,-17,10,-16,10,-16,11,-16,12,-17,13,-17,14,-17,15,-17,16,-17,17,-17,17,-17,17,-17,18,-16,18,-17,18,-17,18,-17,18,-18,17,-18,16,-19,16,-19,17,-20,17,-20,17,-20,17,-21,17,-21]"
CSI_DATA,44867,d8:b1:90:db:e8:90,-52,11,1,7,0,0,1,0,0,0,1,-94,0,8,0,701677231,0,100,0,128,1,"[100,-64,5,0,23,-13,23,-13,22,-14,22,-14,21,-15,21,-15,20,-15,20,-16,19,-17,19,-18,19,-18,18,-19,18,-19,18,-19,19,-19,19,-19,19,-19,19,-18,19,-18,20,-17,20,-17,20,-16,20,-15,21,-14,21,-14,5,-4,0,0,0,0,0,0,0,0,0,0,0,0,0,0,0,0,0,0,3,-3,14,-12,14,-12,14,-11,15,-11,16,-11,17,-11,18,-10,18,-10,19,-10,20,-10,21,-10,21,-10,22,-9,22,-9,22,-9,22,-9,22,-9,22,-9,22,-10,22,-10,22,-10,22,-11,22,-12,22,-12,23,-13,23,-13]"
CSI_DATA,44868,d8:b1:90:db:e8:90,-52,11,1,7,0,0,1,0,0,0,1,-94,0,8,0,701690217,0,100,0,128,1,"[100,-64,5,0,-4,-27,-4,-27,-5,-27,-5,-27,-6,-26,-6,-26,-7,-25,-8,-25,-9,-25,-9,-25,-10,-24,-11,-23,-12,-23,-12,-23,-12,-24,-13,-24,-13,-25,-12,-25,-11,-25,-11,-25,-10,-24,-9,-24,-8,-25,-8,-25,-7,-25,-2,-7,0,0,0,0,0,0,0,0,0,0,0,0,0,0,0,0,0,0,-2,-5,-6,-17,-5,-18,-5,-18,-4,-19,-4,-19,-3,-20,-3,-21,-3,-22,-3,-22,-2,-23,-2,-24,-1,-24,-1,-24,-1,-24,-1,-24,-1,-24,-1,-24,-1,-25,-1,-25,-2,-25,-2,-25,-3,-26,-3,-26,-2,-26,-2,-26,-2,-26]"
CSI_DATA,44869,d8:b1:90:db:e8:90,-52,11,1,7,0,0,1,0,0,0,1,-94,0,8,0,701700749,0,100,0,128,1,"[100,-64,5,0,-25,0,-25,0,-24,1,-24,2,-24,2,-23,3,-23,3,-23,4,-22,5,-23,5,-22,6,-22,7,-22,8,-22,7,-22,8,-22,8,-23,8,-23,8,-22,7,-22,7,-23,6,-22,5,-22,5,-22,4,-23,3,-6,0,0,0,0,0,0,0,0,0,0,0,0,0,0,0,0,0,0,0,-4,0,-16,3,-16,2,-17,2,-17,1,-18,1,-18,1,-19,1,-20,0,-20,0,-21,0,-21,-1,-21,-1,-21,-2,-22,-2,-22,-2,-22,-2,-22,-2,-22,-2,-23,-2,-23,-2,-23,-1,-23,-1,-23,-1,-24,0,-23,0,-23,0]"
CSI_DATA,44870,d8:b1:90:db:e8:90,-52,11,1,7,0,0,1,0,0,0,1,-94,0,8,0,701714899,0,100,0,128,1,"[100,-64,5,0,-16,-23,-16,-23,-16,-23,-16,-22,-17,-22,-17,-21,-17,-21,-18,-20,-18,-20,-18,-20,-19,-20,-19,-19,-20,-19,-20,-19,-20,-19,-20,-18,-20,-18,-20,-18,-19,-19,-19,-19,-19,-19,-18,-19,-17,-20,-16,-20,-15,-21,-4,-6,0,0,0,0,0,0,0,0,0,0,0,0,0,0,0,0,0,0,-3,-4,-11,-15,-10,-16,-10,-17,-11,-18,-11,-17,-10,-16,-9,-17,-9,-19,-9,-20,-10,-20,-12,-21,-12,-22,-11,-23,-11,-23,-11,-24,-12,-24,-12,-23,-12,-23,-12,-23,-13,-23,-13,-23,-13,-23,-13,-23,-14,-22,-14,-23,-14,-23]"
CSI_DATA,44871,d8:b1:90:db:e8:90,-53,11,1,7,0,0,1,0,0,0,1,-94,0,8,0,701725327,0,100,0,128,1,"[100,-64,5,0,-8,-19,-8,-19,-8,-19,-8,-19,-9,-18,-9,-18,-9,-18,-10,-18,-10,-17,-10,-17,-10,-17,-11,-17,-11,-17,-11,-17,-11,-17,-11,-16,-11,-16,-11,-17,-11,-17,-11,-17,-10,-17,-10,-17,-9,-17,-8,-17,-8,-18,-2,-5,0,0,0,0,0,0,0,0,0,0,0,0,0,0,0,0,0,0,-2,-4,-7,-13,-6,-13,-5,-13,-4,-13,-4,-13,-5,-14,-6,-14,-6,-15,-5,-15,-4,-16,-4,-17,-5,-17,-5,-17,-5,-17,-5,-18,-5,-18,-5,-18,-5,-18,-6,-18,-6,-18,-6,-19,-6,-18,-7,-18,-7,-18,-7,-18,-7,-18]"
CSI_DATA,44872,d8:b1:90:db:e8:90,-52,11,1,7,0,0,1,0,0,0,1,-94,0,8,0,701750324,0,100,0,128,1,"[100,-64,5,0,17,-17,16,-17,16,-17,16,-17,15,-17,14,-18,14,-18,13,-18,13,-19,13,-19,13,-19,12,-20,12,-20,12,-20,12,-20,12,-20,12,-20,12,-20,12,-20,12,-20,12,-19,12,-19,13,-18,14,-18,15,-17,3,-5,0,0,0,0,0,0,0,0,0,0,0,0,0,0,0,0,0,0,2,-4,10,-13,10,-13,10,-12,11,-13,12,-13,12,-13,13,-13,13,-13,14,-13,15,-13,16,-13,16,-13,16,-13,16,-13,17,-13,17,-13,17,-13,17,-13,17,-14,17,-14,17,-14,17,-15,16,-15,16,-15,16,-16,16,-16]"
CSI_DATA,44873,d8:b1:90:db:e8:90,-52,11,1,7,0,0,1,0,0,0,1,-94,0,8,0,701764983,0,100,0,128,1,"[100,-64,5,0,-8,26,-8,26,-8,25,-7,25,-6,25,-5,25,-4,25,-3,25,-3,25,-3,25,-2,25,-2,25,-1,26,-1,26,-2,26,-1,26,-1,26,-2,25,-2,25,-2,25,-3,24,-4,24,-5,24,-5,24,-6,24,-2,6,0,0,0,0,0,0,0,0,0,0,0,0,0,0,0,0,0,0,-1,4,-5,17,-5,17,-5,17,-5,18,-6,18,-7,19,-8,19,-8,19,-9,20,-10,20,-11,21,-11,21,-12,21,-12,21,-12,21,-12,21,-12,21,-12,21,-12,22,-11,22,-11,23,-11,23,-11,23,-11,24,-10,24,-9,24]"
CSI_DATA,44874,d8:b1:90:db:e8:90,-52,11,1,7,0,0,1,0,0,0,1,-94,0,8,0,701775029,0,100,0,128,1,"[100,-64,5,0,-23,8,-23,8,-23,8,-22,9,-21,9,-21,9,-21,10,-20,11,-20,11,-20,11,-20,12,-20,12,-20,13,-19,13,-19,13,-19,13,-19,13,-19,12,-19,12,-19,12,-19,11,-20,10,-20,9,-20,9,-21,9,-6,2,0,0,0,0,0,0,0,0,0,0,0,0,0,0,0,0,0,0,-4,1,-15,5,-15,5,-16,5,-16,6,-17,5,-17,5,-18,5,-19,4,-19,4,-20,4,-21,3,-21,3,-22,2,-22,2,-22,2,-22,3,-22,3,-22,3,-22,3,-22,4,-23,4,-23,5,-23,5,-23,5,-23,5,-23,5]"
CSI_DATA,44875,d8:b1:90:db:e8:90,-52,11,1,7,0,0,1,0,0,0,1,-94,0,8,0,701788302,0,100,0,128,1,"[100,-64,5,0,7,-22,7,-22,7,-23,6,-23,5,-23,5,-23,4,-23,3,-23,3,-23,3,-23,2,-23,2,-23,1,-23,1,-23,1,-24,1,-24,1,-24,1,-23,1,-23,1,-23,2,-22,2,-22,3,-22,4,-22,5,-22,1,-6,0,0,0,0,0,0,0,0,0,0,0,0,0,0,0,0,0,0,0,-4,3,-16,3,-16,4,-16,5,-16,6,-16,6,-17,7,-17,7,-18,8,-18,9,-18,9,-18,10,-19,10,-19,10,-19,10,-19,10,-19,10,-19,10,-19,9,-20,9,-20,9,-21,8,-21,8,-21,8,-21,8,-21,9,-22]"
CSI_DATA,44876,d8:b1:90:db:e8:90,-52,11,1,7,0,0,1,0,0,0,1,-94,0,8,0,701801732,0,100,0,128,1,"[100,-64,5,0,7,25,7,24,8,24,8,24,9,24,9,24,9,23,10,23,10,22,11,22,11,22,12,22,12,22,12,22,12,22,13,22,12,22,12,22,11,22,11,22,11,22,10,22,9,22,8,23,8,23,1,5,0,0,0,0,0,0,0,0,0,0,0,0,0,0,0,0,0,0,1,3,7,15,7,16,7,17,6,17,6,18,5,19,5,20,4,20,4,21,4,22,4,22,3,23,3,23,3,24,3,24,3,23,3,23,4,24,4,24,4,24,5,24,5,24,6,24,6,24,6,24,6,25]"
CSI_DATA,44877,d8:b1:90:db:e8:90,-52,11,1,7,0,0,1,0,0,0,1,-94,0,8,0,701820300,0,100,0,128,1,"[100,-64,5,0,-27,-1,-27,-1,-27,-1,-27,1,-28,2,-27,2,-27,3,-27,3,-26,4,-26,4,-26,5,-26,5,-26,5,-26,5,-26,6,-26,6,-26,6,-26,5,-26,5,-26,6,-27,5,-26,4,-26,3,-26,2,-26,1,-7,0,0,0,0,0,0,0,0,0,0,0,0,0,0,0,0,0,0,0,-5,0,-19,2,-19,1,-19,0,-19,0,-20,0,-21,-1,-23,-3,-25,-5,-24,-5,-23,-5,-23,-5,-24,-6,-24,-6,-24,-6,-25,-6,-25,-6,-25,-6,-25,-5,-25,-5,-26,-5,-26,-5,-26,-4,-27,-4,-27,-3,-27,-3,-27,-2]"
CSI_DATA,44878,d8:b1:90:db:e8:90,-52,11,1,7,0,0,1,0,0,0,1,-94,0,8,0,701830805,0,100,0,128,1,"[100,-64,5,0,-26,-17,-26,-17,-26,-16,-26,-15,-26,-14,-26,-13,-26,-12,-26,-12,-26,-11,-26,-11,-27,-10,-27,-10,-27,-10,-27,-10,-27,-10,-27,-10,-27,-11,-27,-12,-26,-12,-26,-12,-25,-13,-25,-13,-24,-14,-24,-14,-24,-16,-6,-4,0,0,0,0,0,0,0,0,0,0,0,0,0,0,0,0,0,0,-5,-3,-18,-9,-18,-10,-18,-12,-17,-13,-17,-14,-18,-14,-20,-14,-21,-15,-20,-16,-20,-18,-20,-18,-21,-19,-21,-19,-20,-19,-20,-19,-20,-19,-20,-19,-20,-19,-21,-18,-22,-18,-22,-18,-23,-18,-24,-18,-24,-17,-24,-17,-25,-17]"
CSI_DATA,44879,d8:b1:90:db:e8:90,-53,11,1,7,0,0,1,0,0,0,1,-94,0,8,0,701857349,0,100,0,128,1,"[100,-64,5,0,20,9,20,9,20,8,21,8,21,8,21,7,21,7,21,6,21,6,21,6,21,5,21,5,22,5,22,5,22,5,21,5,21,6,21,6,20,6,20,6,20,7,19,8,19,8,18,9,18,10,4,2,0,0,0,0,0,0,0,0,0,0,0,0,0,0,0,0,0,0,3,1,14,4,14,4,15,4,15,5,15,6,15,7,16,8,16,8,17,9,17,10,17,10,16,11,17,12,17,12,16,12,16,12,16,12,17,12,18,11,18,10,18,10,19,10,19,10,19,10,19,10,20,9]"
CSI_DATA,44880,d8:b1:90:db:e8:90,-53,11,1,7,0,0,1,0,0,0,1,-94,0,8,0,701870715,0,100,0,128,1,"[100,-64,5,0,8,-24,8,-24,8,-24,8,-25,7,-25,7,-25,6,-25,5,-25,5,-25,5,-25,5,-25,4,-25,3,-26,3,-26,3,-26,4,-26,4,-25,5,-25,5,-25,5,-25,6,-24,7,-23,8,-23,8,-23,9,-22,2,-6,0,0,0,0,0,0,0,0,0,0,0,0,0,0,0,0,0,0,1,-5,4,-17,5,-17,5,-18,6,-18,7,-18,8,-19,9,-19,10,-20,10,-20,11,-19,12,-20,12,-20,12,-20,12,-20,12,-20,12,-20,12,-20,12,-21,11,-21,11,-21,10,-22,10,-22,10,-22,10,-23,10,-23,10,-23]"
CSI_DATA,44881,d8:b1:90:db:e8:90,-53,11,1,7,0,0,1,0,0,0,1,-94,0,8,0,701882336,0,100,0,128,1,"[100,-64,5,0,24,-3,24,-3,24,-4,24,-4,23,-4,23,-5,23,-5,24,-6,24,-6,23,-7,23,-7,23,-7,23,-7,24,-8,24,-7,24,-7,24,-6,23,-6,23,-5,23,-5,23,-4,23,-3,23,-2,23,-2,23,-1,5,0,0,0,0,0,0,0,0,0,0,0,0,0,0,0,0,0,0,0,4,-1,16,-3,17,-2,17,-2,17,-1,18,0,18,0,18,0,19,0,20,1,21,2,21,2,21,2,22,3,22,3,22,3,22,3,22,3,22,3,22,2,22,2,22,1,23,1,23,0,24,0,24,0,24,-1]"
CSI_DATA,44882,d8:b1:90:db:e8:90,-53,11,1,7,0,0,1,0,0,0,1,-94,0,8,0,701895074,0,100,0,128,1,"[100,-64,5,0,-15,21,-15,21,-14,21,-14,21,-14,22,-13,22,-12,22,-11,22,-10,22,-10,22,-10,22,-9,23,-9,24,-9,24,-9,24,-9,24,-9,24,-9,23,-10,23,-10,22,-10,22,-11,21,-11,21,-12,21,-13,21,-4,5,0,0,0,0,0,0,0,0,0,0,0,0,0,0,0,0,0,0,-2,3,-7,15,-8,15,-9,15,-10,14,-11,14,-12,15,-12,15,-13,16,-14,16,-14,16,-15,16,-15,16,-16,16,-16,16,-16,16,-16,16,-16,16,-16,17,-16,17,-16,17,-16,17,-16,18,-16,18,-16,19,-16,20,-16,20]"
CSI_DATA,44883,d8:b1:90:db:e8:90,-53,11,1,7,0,0,1,0,0,0,1,-94,0,8,0,701906531,0,100,0,128,1,"[100,-64,5,0,-5,28,-5,28,-5,28,-4,28,-3,28,-2,28,-2,27,-1,27,0,26,0,26,1,26,1,27,2,27,1,28,2,28,2,27,2,27,1,27,1,27,1,27,0,26,-1,26,-2,26,-3,26,-4,26,-1,6,0,0,0,0,0,0,0,0,0,0,0,0,0,0,0,0,0,0,0,4,0,18,-1,19,-2,19,-3,20,-3,20,-4,21,-5,22,-5,22,-6,23,-7,23,-7,24,-8,24,-8,24,-8,24,-8,24,-8,24,-8,24,-8,25,-8,25,-8,25,-7,26,-7,26,-7,27,-7,27,-7,27,-6,27]"
CSI_DATA,44884,d8:b1:90:db:e8:90,-53,11,1,7,0,0,1,0,0,0,1,-94,0,8,0,701917135,0,100,0,128,1,"[100,-64,5,0,23,-17,23,-17,22,-18,22,-19,21,-19,20,-20,19,-20,18,-21,17,-22,17,-22,17,-22,17,-23,17,-23,17,-24,17,-24,17,-24,17,-23,17,-23,17,-22,17,-22,18,-21,18,-20,19,-19,19,-18,20,-17,5,-5,0,0,0,0,0,0,0,0,0,0,0,0,0,0,0,0,0,0,3,-4,13,-14,14,-14,15,-13,16,-13,18,-12,19,-11,19,-11,20,-10,22,-9,22,-10,22,-10,23,-10,23,-10,24,-9,24,-9,24,-10,24,-10,24,-10,24,-11,24,-11,24,-12,24,-12,24,-13,25,-13,25,-13,24,-14]"
CSI_DATA,44885,d8:b1:90:db:e8:90,-53,11,1,7,0,0,1,0,0,0,1,-94,0,8,0,701928106,0,100,0,128,1,"[100,-64,5,0,24,14,24,14,24,13,24,12,25,11,24,10,25,9,25,8,25,7,25,7,25,7,26,7,26,6,26,7,26,7,26,7,26,7,26,8,25,8,25,8,24,9,23,10,23,11,22,12,22,13,5,3,0,0,0,0,0,0,0,0,0,0,0,0,0,0,0,0,0,0,4,2,17,7,18,6,18,7,17,8,16,9,17,11,18,12,19,12,20,13,19,16,19,16,19,17,18,17,19,17,18,17,18,17,18,16,19,16,19,16,20,16,21,16,21,16,21,16,21,16,21,16,21,16]"
CSI_DATA,44886,d8:b1:90:db:e8:90,-53,11,1,7,0,0,1,0,0,0,1,-94,0,8,0,701958093,0,100,0,128,1,"[100,-64,5,0,-17,19,-17,19,-17,19,-16,19,-15,19,-15,19,-14,19,-13,20,-12,20,-12,20,-12,20,-12,21,-12,21,-11,21,-12,21,-12,21,-12,21,-13,21,-13,20,-13,20,-14,19,-14,19,-15,18,-16,17,-16,17,-4,4,0,0,0,0,0,0,0,0,0,0,0,0,0,0,0,0,0,0,-3,3,-11,13,-12,12,-13,12,-13,12,-14,12,-15,12,-16,12,-17,13,-18,12,-18,12,-19,12,-20,12,-20,12,-20,12,-19,12,-19,13,-19,13,-19,13,-19,14,-18,14,-18,15,-18,15,-18,16,-18,17,-18,17,-17,17]"
CSI_DATA,44887,d8:b1:90:db:e8:90,-53,11,1,7,0,0,1,0,0,0,1,-94,0,8,0,701969107,0,100,0,128,1,"[100,-64,5,0,3,-25,3,-25,2,-25,2,-25,1,-24,1,-24,0,-24,-1,-24,-2,-24,-2,-24,-3,-24,-3,-25,-3,-25,-3,-25,-3,-25,-3,-25,-2,-25,-2,-25,-1,-25,0,-24,0,-24,1,-23,1,-23,2,-23,3,-23,1,-6,0,0,0,0,0,0,0,0,0,0,0,0,0,0,0,0,0,0,-1,-5,-1,-17,0,-18,1,-18,1,-18,2,-19,3,-19,4,-20,5,-20,5,-20,5,-21,6,-21,6,-21,6,-21,6,-22,7,-22,7,-22,7,-22,6,-22,6,-22,6,-22,6,-23,6,-23,5,-24,5,-24,4,-24,4,-25]"
CSI_DATA,44888,d8:b1:90:db:e8:90,-53,11,1,7,0,0,1,0,0,0,1,-94,0,8,0,701980072,0,100,0,128,1,"[100,-64,5,0,11,-23,11,-22,10,-22,9,-23,8,-23,8,-22,7,-23,6,-23,6,-23,5,-23,5,-23,5,-24,5,-24,5,-24,5,-24,5,-24,5,-24,6,-24,6,-24,6,-23,7,-23,8,-22,8,-22,9,-21,10,-21,2,-6,0,0,0,0,0,0,0,0,0,0,0,0,0,0,0,0,0,0,1,-4,5,-16,5,-16,6,-16,7,-16,8,-16,9,-17,10,-17,10,-17,11,-17,12,-18,12,-18,12,-18,13,-18,13,-18,13,-18,13,-18,13,-18,13,-18,13,-19,12,-19,12,-20,12,-20,12,-20,12,-21,12,-21,11,-22]"
CSI_DATA,44889,d8:b1:90:db:e8:90,-53,11,1,7,0,0,1,0,0,0,1,-94,0,8,0,701990117,0,100,0,128,1,"[100,-64,5,0,20,-14,20,-14,19,-14,19,-15,19,-15,18,-15,18,-16,17,-16,17,-16,17,-16,16,-17,16,-18,16,-18,16,-18,16,-18,16,-18,17,-17,17,-17,16,-17,16,-16,17,-16,17,-15,18,-14,18,-14,19,-13,4,-3,0,0,0,0,0,0,0,0,0,0,0,0,0,0,0,0,0,0,3,-3,12,-10,13,-10,14,-9,14,-9,15,-9,16,-8,17,-8,17,-8,18,-8,19,-7,20,-7,20,-6,20,-6,20,-7,20,-8,20,-8,20,-8,20,-9,21,-9,21,-9,21,-10,20,-10,20,-10,20,-10,20,-11,20,-12]"
CSI_DATA,44890,d8:b1:90:db:e8:90,-53,11,1,7,0,0,1,0,0,0,1,-94,0,8,0,702007287,0,100,0,128,1,"[100,-64,5,0,18,-14,18,-14,18,-15,18,-15,17,-15,17,-16,16,-16,16,-17,15,-17,15,-18,15,-18,14,-18,14,-19,14,-19,15,-19,15,-18,15,-18,15,-18,15,-17,15,-17,16,-17,16,-16,16,-15,17,-14,18,-13,4,-4,0,0,0,0,0,0,0,0,0,0,0,0,0,0,0,0,0,0,2,-3,12,-10,12,-10,13,-9,14,-9,14,-9,15,-9,16,-8,17,-9,18,-8,18,-8,19,-8,19,-7,19,-7,19,-7,19,-8,19,-8,19,-8,19,-9,19,-9,19,-9,19,-9,19,-10,19,-11,19,-11,20,-12,20,-13]"
CSI_DATA,44891,d8:b1:90:db:e8:90,-54,11,1,7,0,0,1,0,0,0,1,-94,0,8,0,702025225,0,100,0,128,1,"[100,-64,5,0,20,-18,19,-18,19,-19,18,-18,18,-18,18,-19,17,-19,16,-19,15,-20,15,-20,15,-21,15,-21,15,-22,15,-22,15,-22,16,-22,16,-22,16,-22,17,-21,17,-21,17,-20,18,-19,18,-18,18,-17,18,-16,4,-4,0,0,0,0,0,0,0,0,0,0,0,0,0,0,0,0,0,0,3,-4,13,-14,14,-13,14,-13,15,-13,16,-11,17,-12,18,-13,18,-13,18,-11,19,-11,19,-11,20,-11,20,-11,20,-11,20,-12,20,-12,20,-12,20,-13,20,-14,19,-14,19,-15,19,-15,19,-16,19,-16,19,-16,19,-17]"
CSI_DATA,44892,d8:b1:90:db:e8:90,-54,11,1,7,0,0,1,0,0,0,1,-94,0,8,0,702035237,0,100,0,128,1,"[100,-64,5,0,28,7,28,7,28,6,28,6,28,5,27,5,27,4,27,3,27,3,27,2,28,2,29,2,29,2,29,2,29,2,30,2,30,3,29,3,29,4,28,4,28,5,28,6,27,7,26,8,25,9,6,2,0,0,0,0,0,0,0,0,0,0,0,0,0,0,0,0,0,0,4,1,16,4,16,2,18,3,19,4,19,3,20,5,21,8,21,9,21,10,22,10,23,9,22,9,22,11,23,12,23,12,23,11,23,11,24,10,25,9,25,8,25,8,26,8,26,8,26,8,26,8,27,8]"
CSI_DATA,44893,d8:b1:90:db:e8:90,-53,11,1,7,0,0,1,0,0,0,1,-94,0,8,0,702061759,0,100,0,128,1,"[100,-64,5,0,23,-3,23,-4,23,-4,23,-6,22,-6,22,-7,22,-7,22,-8,22,-8,22,-9,21,-9,21,-10,21,-10,21,-10,21,-10,22,-10,22,-10,22,-9,21,-9,22,-8,22,-8,22,-7,22,-6,22,-5,22,-4,5,-1,0,0,0,0,0,0,0,0,0,0,0,0,0,0,0,0,0,0,3,-2,14,-5,15,-4,15,-3,15,-2,17,-1,17,-2,18,-2,19,-1,19,-1,20,0,20,0,20,0,20,1,20,1,21,1,21,1,21,1,21,1,22,0,22,0,22,0,22,-1,22,-1,22,-1,22,-1,23,-1]"
CSI_DATA,44894,d8:b1:90:db:e8:90,-54,11,1,7,0,0,1,0,0,0,1,-94,0,8,0,702072371,0,100,0,128,1,"[100,-64,5,0,9,-23,9,-23,9,-23,8,-24,8,-24,7,-24,7,-24,6,-24,6,-25,5,-25,5,-25,4,-26,4,-26,5,-26,5,-26,5,-26,5,-25,6,-25,6,-25,7,-25,8,-24,8,-24,9,-23,10,-23,11,-22,2,-6,0,0,0,0,0,0,0,0,0,0,0,0,0,0,0,0,0,0,1,-5,6,-17,7,-16,7,-16,8,-16,9,-16,10,-17,11,-17,12,-17,13,-17,13,-17,12,-18,13,-18,13,-18,14,-18,14,-18,14,-18,14,-18,14,-18,14,-18,14,-19,14,-19,14,-20,13,-20,13,-21,13,-21,12,-22]"
CSI_DATA,44895,d8:b1:90:db:e8:90,-54,11,1,7,0,0,1,0,0,0,1,-94,0,8,0,702085532,0,100,0,128,1,"[100,-64,5,0,16,22,17,22,17,21,17,20,18,20,18,19,18,18,19,18,20,18,20,17,20,17,20,17,21,17,21,17,21,18,21,18,21,18,21,19,21,19,20,18,19,19,19,19,18,20,17,21,16,21,4,5,0,0,0,0,0,0,0,0,0,0,0,0,0,0,0,0,0,0,3,3,13,13,12,13,12,15,11,16,11,16,11,17,11,18,11,18,10,19,10,20,10,21,10,22,10,22,10,23,11,23,11,23,11,22,12,22,12,22,12,22,13,21,13,21,14,22,14,22,14,22,15,22]"
CSI_DATA,44896,d8:b1:90:db:e8:90,-54,11,1,7,0,0,1,0,0,0,1,-94,0,8,0,702104897,0,100,0,128,1,"[100,-64,5,0,-19,17,-19,17,-18,17,-17,17,-16,17,-16,18,-15,18,-15,18,-15,19,-14,19,-14,19,-14,20,-15,20,-15,20,-15,20,-15,21,-15,21,-15,20,-15,20,-15,19,-16,19,-16,18,-17,18,-18,17,-18,16,-5,4,0,0,0,0,0,0,0,0,0,0,0,0,0,0,0,0,0,0,-3,3,-10,13,-11,12,-12,12,-13,12,-14,11,-14,12,-15,12,-16,11,-16,11,-17,12,-18,12,-19,12,-19,12,-19,12,-20,12,-20,12,-20,13,-19,13,-18,13,-18,13,-18,13,-18,14,-18,15,-18,15,-18,15,-18,16]"
CSI_DATA,44897,d8:b1:90:db:e8:90,-54,11,1,7,0,0,1,0,0,0,1,-94,0,8,0,702115488,0,100,0,128,1,"[100,-64,5,0,-5,-25,-6,-25,-6,-25,-7,-25,-8,-24,-9,-24,-9,-24,-10,-24,-10,-24,-11,-24,-11,-23,-12,-23,-12,-23,-12,-23,-12,-23,-12,-23,-12,-24,-11,-24,-11,-24,-10,-24,-9,-24,-8,-24,-7,-24,-6,-25,-5,-25,-1,-7,0,0,0,0,0,0,0,0,0,0,0,0,0,0,0,0,0,0,-2,-4,-5,-16,-4,-17,-4,-17,-3,-18,-3,-18,-3,-19,-3,-20,-2,-21,-2,-21,-1,-22,0,-22,0,-22,0,-23,1,-23,1,-23,1,-23,0,-23,0,-24,-1,-24,-2,-24,-2,-24,-2,-24,-2,-24,-2,-24,-3,-24,-3,-25]"
CSI_DATA,44898,d8:b1:90:db:e8:90,-54,11,1,7,0,0,1,0,0,0,1,-94,0,8,0,702126323,0,100,0,128,1,"[100,-64,5,0,-24,13,-24,13,-24,14,-23,15,-23,16,-22,16,-22,17,-21,17,-21,17,-21,17,-21,18,-20,19,-20,19,-20,19,-20,19,-20,19,-21,19,-21,19,-21,18,-22,18,-22,17,-23,16,-23,15,-24,14,-24,13,-6,3,0,0,0,0,0,0,0,0,0,0,0,0,0,0,0,0,0,0,-4,2,-15,8,-14,7,-14,8,-17,8,-18,8,-19,10,-21,11,-22,9,-22,8,-24,9,-25,8,-24,7,-24,6,-24,6,-24,5,-25,6,-25,6,-25,7,-25,8,-25,9,-25,9,-25,10,-25,10,-25,10,-25,10,-25,11]"
CSI_DATA,44899,d8:b1:90:db:e8:90,-54,11,1,7,0,0,1,0,0,0,1,-94,0,8,0,702136688,0,100,0,128,1,"[100,-64,5,0,15,-19,15,-19,14,-19,13,-20,13,-21,12,-21,12,-21,11,-22,11,-22,11,-22,10,-22,10,-23,9,-23,9,-23,10,-23,10,-23,10,-23,10,-23,11,-23,11,-22,12,-22,12,-21,13,-20,14,-20,14,-19,3,-5,0,0,0,0,0,0,0,0,0,0,0,0,0,0,0,0,0,0,2,-4,11,-13,11,-14,12,-13,12,-13,12,-13,11,-13,13,-15,14,-16,14,-15,15,-14,16,-13,17,-13,17,-13,17,-13,18,-13,18,-13,17,-13,17,-14,17,-15,17,-16,17,-16,17,-16,17,-16,17,-16,17,-17,16,-17]"
CSI_DATA,44900,d8:b1:90:db:e8:90,-54,11,1,7,0,0,1,0,0,0,1,-94,0,8,0,702167541,0,100,0,128,1,"[100,-64,5,0,6,-25,6,-25,5,-25,4,-25,3,-25,3,-25,2,-25,1,-25,0,-25,-1,-25,-1,-25,-1,-25,-1,-26,-1,-26,-1,-26,-1,-26,-1,-26,0,-26,1,-26,1,-25,2,-25,2,-24,3,-24,4,-24,5,-24,1,-6,0,0,0,0,0,0,0,0,0,0,0,0,0,0,0,0,0,0,1,-4,4,-16,5,-16,5,-16,6,-16,7,-17,8,-18,8,-18,9,-19,10,-19,10,-19,11,-19,11,-19,12,-19,12,-19,12,-19,12,-19,12,-19,12,-20,12,-20,12,-20,12,-20,12,-21,11,-21,10,-22,10,-22,9,-23]"
CSI_DATA,44901,d8:b1:90:db:e8:90,-54,11,1,7,0,0,1,0,0,0,1,-94,0,8,0,702178849,0,100,0,128,1,"[100,-64,5,0,-8,-24,-8,-24,-9,-24,-9,-24,-10,-23,-10,-23,-11,-23,-12,-22,-12,-22,-12,-22,-13,-22,-13,-22,-14,-22,-14,-22,-14,-22,-14,-22,-14,-22,-13,-23,-13,-23,-12,-23,-12,-23,-11,-23,-10,-23,-9,-24,-8,-25,-2,-7,0,0,0,0,0,0,0,0,0,0,0,0,0,0,0,0,0,0,-2,-4,-7,-14,-7,-15,-7,-16,-6,-17,-6,-18,-6,-19,-5,-19,-5,-20,-4,-20,-4,-21,-4,-21,-3,-22,-3,-22,-3,-22,-3,-22,-4,-22,-4,-23,-4,-23,-4,-23,-4,-23,-4,-23,-5,-23,-6,-23,-6,-23,-6,-23,-7,-23]"
CSI_DATA,44902,d8:b1:90:db:e8:90,-54,11,1,7,0,0,1,0,0,0,1,-94,0,8,0,702189803,0,100,0,128,1,"[100,-64,5,0,-24,2,-24,2,-24,2,-24,3,-24,3,-24,3,-24,4,-24,5,-24,5,-24,6,-24,6,-24,7,-24,7,-24,7,-24,7,-24,8,-24,7,-24,7,-24,6,-24,6,-24,5,-24,4,-24,3,-24,2,-24,1,-6,0,0,0,0,0,0,0,0,0,0,0,0,0,0,0,0,0,0,0,-4,0,-14,3,-15,2,-17,1,-18,1,-18,0,-19,0,-19,0,-20,-1,-20,-2,-21,-2,-21,-2,-21,-2,-21,-3,-21,-3,-22,-3,-22,-3,-22,-3,-22,-3,-22,-3,-23,-2,-23,-2,-23,-1,-23,0,-23,0,-23,1,-23,1]"
CSI_DATA,44903,d8:b1:90:db:e8:90,-54,11,1,7,0,0,1,0,0,0,1,-94,0,8,0,702199991,0,100,0,128,1,"[100,-64,5,0,-18,16,-18,17,-18,17,-17,17,-17,17,-16,18,-16,18,-15,19,-15,19,-15,19,-15,19,-14,20,-14,20,-14,20,-14,20,-14,20,-13,20,-14,20,-14,20,-15,20,-15,19,-16,19,-17,18,-18,17,-18,16,-5,4,0,0,0,0,0,0,0,0,0,0,0,0,0,0,0,0,0,0,-3,3,-11,12,-12,12,-13,11,-14,11,-14,10,-15,11,-16,11,-17,11,-18,11,-19,11,-19,11,-19,11,-19,11,-19,11,-19,11,-20,11,-20,11,-19,12,-19,13,-19,13,-19,14,-19,14,-19,14,-19,15,-19,15,-19,15]"
CSI_DATA,44904,d8:b1:90:db:e8:90,-54,11,1,7,0,0,1,0,0,0,1,-94,0,8,0,702211253,0,100,0,128,1,"[100,-64,5,0,10,21,11,21,11,21,12,20,12,20,12,20,12,19,13,19,14,18,15,18,15,18,16,18,16,18,16,18,16,18,16,18,16,18,15,18,15,19,15,19,14,19,14,19,13,20,12,21,11,21,2,5,0,0,0,0,0,0,0,0,0,0,0,0,0,0,0,0,0,0,2,3,8,13,7,13,7,14,7,15,6,16,6,16,5,17,6,18,5,19,5,19,6,20,6,20,6,20,6,20,5,20,5,20,5,20,6,20,7,20,7,20,7,20,8,21,9,21,9,20,10,21,10,21]"
CSI_DATA,44905,d8:b1:90:db:e8:90,-54,11,1,7,0,0,1,0,0,0,1,-94,0,8,0,702221733,0,100,0,128,1,"[100,-64,5,0,-19,-14,-19,-14,-19,-14,-19,-13,-19,-13,-19,-12,-20,-12,-21,-11,-21,-11,-21,-10,-21,-10,-22,-9,-22,-9,-22,-9,-22,-9,-22,-9,-22,-9,-22,-9,-22,-9,-22,-9,-21,-10,-21,-10,-20,-11,-19,-13,-19,-14,-5,-4,0,0,0,0,0,0,0,0,0,0,0,0,0,0,0,0,0,0,-4,-2,-13,-7,-13,-8,-13,-9,-13,-10,-13,-11,-13,-11,-14,-12,-14,-13,-14,-14,-14,-15,-14,-16,-13,-16,-13,-16,-13,-17,-14,-17,-14,-17,-14,-17,-14,-16,-15,-16,-15,-16,-15,-16,-16,-16,-16,-16,-17,-16,-17,-16,-17,-15]"
CSI_DATA,44906,d8:b1:90:db:e8:90,-54,11,1,7,0,0,1,0,0,0,1,-94,0,8,0,702234946,0,100,0,128,1,"[100,-64,5,0,-22,18,-22,18,-21,19,-20,19,-19,19,-19,20,-18,20,-18,20,-18,21,-17,21,-17,22,-16,22,-16,22,-16,22,-16,22,-16,23,-16,22,-16,22,-17,22,-17,21,-18,21,-18,20,-19,20,-20,19,-21,19,-6,4,0,0,0,0,0,0,0,0,0,0,0,0,0,0,0,0,0,0,-4,3,-15,14,-14,13,-14,12,-14,12,-15,12,-17,12,-19,13,-20,14,-21,12,-22,12,-23,12,-23,12,-22,12,-22,12,-23,11,-23,11,-23,11,-23,12,-22,12,-22,12,-22,13,-23,14,-23,15,-23,16,-23,16,-22,16]"
CSI_DATA,44907,d8:b1:90:db:e8:90,-53,11,1,7,0,0,1,0,0,0,1,-94,0,8,0,702260390,0,100,0,128,1,"[100,-64,5,0,10,21,11,20,11,20,11,20,12,19,12,19,13,19,13,18,13,18,13,18,14,17,14,17,15,17,15,17,15,17,15,17,15,17,15,18,14,18,14,18,14,18,13,18,12,19,11,20,10,20,2,5,0,0,0,0,0,0,0,0,0,0,0,0,0,0,0,0,0,0,1,3,7,12,7,13,7,14,6,15,6,15,5,16,5,17,5,18,4,19,4,20,4,20,4,20,4,21,4,20,4,20,4,20,4,20,5,20,5,20,6,20,6,20,6,21,7,21,8,22,8,21,8,21]"
CSI_DATA,44908,d8:b1:90:db:e8:90,-54,11,1,7,0,0,1,0,0,0,1,-94,0,8,0,702276166,0,100,0,128,1,"[100,-64,5,0,-3,-27,-3,-26,-3,-26,-5,-26,-6,-26,-6,-26,-7,-25,-9,-24,-10,-24,-10,-24,-10,-24,-11,-24,-11,-24,-11,-24,-11,-25,-10,-25,-10,-26,-10,-26,-9,-26,-9,-26,-8,-26,-7,-25,-6,-26,-4,-26,-3,-27,-1,-7,0,0,0,0,0,0,0,0,0,0,0,0,0,0,0,0,0,0,-1,-5,-1,-17,-1,-18,-2,-18,-1,-19,0,-20,0,-20,1,-21,2,-21,2,-22,3,-22,3,-23,3,-23,3,-23,4,-23,3,-23,3,-23,3,-24,3,-24,3,-24,3,-24,2,-24,2,-25,1,-25,0,-25,0,-25,0,-26]"
CSI_DATA,44909,d8:b1:90:db:e8:90,-54,11,1,7,0,0,1,0,0,0,1,-94,0,8,0,702286897,0,100,0,128,1,"[100,-64,5,0,-10,-25,-10,-25,-11,-24,-13,-24,-13,-23,-14,-23,-15,-22,-16,-21,-16,-21,-17,-21,-17,-21,-17,-21,-17,-21,-17,-21,-17,-21,-17,-22,-17,-22,-17,-22,-16,-22,-16,-23,-15,-23,-14,-23,-13,-24,-12,-24,-11,-25,-3,-7,0,0,0,0,0,0,0,0,0,0,0,0,0,0,0,0,0,0,-2,-4,-7,-16,-7,-16,-7,-17,-7,-17,-6,-18,-6,-19,-6,-20,-5,-21,-5,-21,-5,-22,-4,-22,-4,-23,-4,-23,-4,-23,-4,-23,-4,-23,-4,-23,-4,-23,-5,-24,-5,-24,-5,-24,-6,-24,-7,-24,-7,-24,-7,-25,-7,-25]"
CSI_DATA,44910,d8:b1:90:db:e8:90,-54,11,1,7,0,0,1,0,0,0,1,-94,0,8,0,702306816,0,100,0,128,1,"[100,-64,5,0,-26,6,-25,7,-25,7,-25,7,-24,8,-24,8,-24,8,-24,9,-23,10,-23,10,-23,11,-23,12,-23,12,-23,12,-23,12,-23,12,-23,12,-23,11,-23,11,-24,11,-24,11,-25,10,-25,8,-25,7,-25,6,-7,1,0,0,0,0,0,0,0,0,0,0,0,0,0,0,0,0,0,0,-5,1,-17,4,-17,4,-17,3,-18,3,-18,2,-19,2,-20,2,-21,2,-22,1,-22,1,-23,0,-23,0,-23,0,-23,0,-23,0,-23,0,-23,0,-24,1,-23,1,-24,1,-24,1,-24,2,-25,3,-25,4,-25,4,-25,4]"
CSI_DATA,44911,d8:b1:90:db:e8:90,-53,11,1,7,0,0,1,0,0,0,1,-94,0,8,0,702325200,0,100,0,128,1,"[100,-64,5,0,18,14,18,14,18,14,19,14,19,13,19,13,19,12,20,12,20,11,20,11,20,10,21,10,21,10,22,11,22,11,22,11,22,11,21,11,21,12,20,12,20,12,19,13,19,13,18,14,18,15,4,3,0,0,0,0,0,0,0,0,0,0,0,0,0,0,0,0,0,0,3,2,12,9,11,9,11,10,11,11,11,12,11,12,11,13,11,13,11,14,11,15,12,15,12,15,12,16,12,16,12,16,12,16,13,16,13,16,13,16,13,16,14,15,15,16,15,16,16,16,16,16,16,16]"
CSI_DATA,44912,d8:b1:90:db:e8:90,-54,11,1,7,0,0,1,0,0,0,1,-94,0,8,0,702335413,0,100,0,128,1,"[100,-64,5,0,-25,-11,-25,-11,-25,-11,-25,-10,-25,-9,-25,-9,-25,-9,-26,-8,-26,-8,-27,-7,-27,-7,-27,-6,-27,-6,-27,-6,-27,-6,-27,-6,-27,-6,-27,-7,-27,-8,-27,-8,-26,-8,-26,-9,-26,-10,-25,-11,-25,-12,-6,-4,0,0,0,0,0,0,0,0,0,0,0,0,0,0,0,0,0,0,-4,-2,-16,-7,-17,-8,-17,-7,-16,-7,-17,-8,-18,-8,-19,-8,-19,-10,-19,-12,-18,-12,-18,-12,-19,-12,-19,-13,-19,-14,-19,-14,-20,-13,-20,-13,-20,-13,-21,-13,-21,-13,-21,-13,-22,-13,-22,-13,-23,-13,-23,-13,-23,-12]"
CSI_DATA,44913,d8:b1:90:db:e8:90,-53,11,1,7,0,0,1,0,0,0,1,-94,0,8,0,702355283,0,100,0,128,1,"[100,-64,5,0,23,1,23,1,23,0,23,0,23,-1,23,-1,23,-2,23,-3,23,-3,23,-4,23,-4,24,-4,24,-4,24,-4,24,-4,24,-4,24,-4,24,-3,24,-3,24,-2,25,-2,24,-1,24,0,24,1,24,2,6,0,0,0,0,0,0,0,0,0,0,0,0,0,0,0,0,0,0,0,3,0,14,1,14,1,15,2,15,3,16,3,16,4,16,4,17,5,17,5,18,6,18,6,18,6,19,6,19,6,19,6,19,6,20,5,20,5,20,5,20,5,21,4,21,4,22,3,22,3,22,3,23,2]"
CSI_DATA,44914,d8:b1:90:db:e8:90,-53,11,1,7,0,0,1,0,0,0,1,-94,0,8,0,702377066,0,100,0,128,1,"[100,-64,5,0,-20,13,-20,13,-20,13,-20,14,-20,15,-19,15,-19,16,-18,17,-17,17,-17,17,-17,18,-17,19,-17,19,-17,19,-17,19,-16,18,-16,18,-17,18,-17,17,-17,17,-18,17,-18,16,-19,15,-19,13,-20,12,-5,3,0,0,0,0,0,0,0,0,0,0,0,0,0,0,0,0,0,0,-4,2,-13,8,-13,7,-14,7,-15,6,-16,6,-16,7,-17,7,-17,7,-18,7,-18,7,-19,7,-19,7,-19,7,-19,6,-20,7,-20,7,-20,7,-20,7,-20,8,-20,8,-20,9,-20,10,-20,11,-20,12,-20,12,-21,12]"
CSI_DATA,44915,d8:b1:90:db:e8:90,-53,11,1,7,0,0,1,0,0,0,1,-94,0,8,0,702390032,0,100,0,128,1,"[100,-64,5,0,-17,-17,-18,-17,-18,-17,-19,-17,-19,-16,-19,-16,-19,-15,-20,-15,-20,-15,-20,-14,-21,-14,-22,-14,-23,-13,-23,-14,-22,-14,-22,-14,-22,-14,-21,-15,-21,-15,-21,-16,-21,-16,-20,-16,-19,-17,-18,-18,-17,-18,-5,-5,0,0,0,0,0,0,0,0,0,0,0,0,0,0,0,0,0,0,-3,-3,-11,-11,-11,-11,-11,-12,-11,-13,-11,-13,-11,-14,-12,-14,-12,-15,-12,-16,-12,-16,-12,-17,-13,-17,-13,-18,-12,-18,-12,-18,-12,-17,-13,-17,-13,-17,-14,-17,-15,-17,-15,-17,-16,-17,-16,-17,-17,-17,-17,-17,-17,-18]"
CSI_DATA,44916,d8:b1:90:db:e8:90,-53,11,1,7,0,0,1,0,0,0,1,-94,0,8,0,702400555,0,100,0,128,1,"[100,-64,5,0,14,18,14,18,15,18,16,18,16,17,16,17,16,17,17,17,17,17,17,16,18,16,19,15,19,15,19,15,20,16,19,16,19,16,18,16,18,17,18,17,17,17,17,18,16,19,15,19,14,19,3,5,0,0,0,0,0,0,0,0,0,0,0,0,0,0,0,0,0,0,2,2,9,11,8,11,8,12,8,13,8,13,8,14,8,15,8,16,8,16,9,17,9,17,9,18,9,18,9,18,9,18,9,18,9,18,10,18,11,18,11,18,11,18,12,18,13,18,13,19,14,19,14,19]"
CSI_DATA,44917,d8:b1:90:db:e8:90,-53,11,1,7,0,0,1,0,0,0,1,-94,0,8,0,702416897,0,100,0,128,1,"[100,-64,5,0,-26,-1,-26,-1,-26,-1,-26,0,-25,1,-25,2,-25,2,-25,3,-25,3,-25,3,-25,4,-25,4,-25,5,-26,5,-26,5,-25,5,-25,4,-25,4,-25,4,-25,3,-26,3,-26,2,-25,0,-25,-1,-25,-2,-7,-1,0,0,0,0,0,0,0,0,0,0,0,0,0,0,0,0,0,0,-4,0,-15,0,-16,-1,-16,-1,-16,-1,-17,-2,-18,-2,-18,-2,-19,-3,-19,-3,-20,-4,-21,-5,-21,-5,-21,-6,-21,-6,-21,-5,-21,-5,-22,-5,-22,-5,-22,-4,-22,-3,-22,-3,-23,-3,-24,-3,-24,-3,-24,-2,-25,-2]"
CSI_DATA,44918,d8:b1:90:db:e8:90,-53,11,1,7,0,0,1,0,0,0,1,-94,0,8,0,702427136,0,100,0,128,1,"[100,-64,5,0,-20,-17,-20,-17,-20,-17,-20,-17,-20,-16,-20,-15,-21,-15,-21,-14,-21,-14,-21,-13,-22,-13,-23,-12,-23,-12,-23,-13,-23,-13,-23,-13,-22,-13,-22,-13,-22,-13,-22,-14,-21,-14,-21,-15,-20,-16,-19,-17,-18,-18,-5,-5,0,0,0,0,0,0,0,0,0,0,0,0,0,0,0,0,0,0,-3,-3,-12,-10,-12,-11,-12,-11,-12,-12,-12,-12,-12,-13,-12,-13,-13,-14,-13,-15,-13,-16,-13,-17,-13,-17,-13,-18,-13,-18,-13,-18,-14,-18,-14,-18,-14,-18,-15,-17,-15,-17,-15,-17,-16,-17,-17,-17,-17,-17,-18,-17,-18,-18]"
CSI_DATA,44919,d8:b1:90:db:e8:90,-53,11,1,7,0,0,1,0,0,0,1,-94,0,8,0,702440524,0,100,0,128,1,"[100,-64,5,0,21,-18,21,-18,21,-18,21,-18,20,-19,20,-19,20,-19,19,-19,18,-19,18,-20,18,-21,17,-21,17,-22,17,-22,18,-22,18,-22,18,-23,18,-22,18,-22,18,-21,18,-20,18,-19,19,-18,20,-17,21,-16,5,-4,0,0,0,0,0,0,0,0,0,0,0,0,0,0,0,0,0,0,3,-4,14,-14,13,-15,13,-14,15,-13,15,-12,15,-11,16,-13,17,-13,18,-12,18,-12,19,-12,19,-12,20,-11,20,-11,20,-11,20,-12,20,-12,21,-13,21,-13,21,-13,21,-13,21,-14,21,-15,21,-16,21,-16,21,-17]"
CSI_DATA,44920,d8:b1:90:db:e8:90,-53,11,1,7,0,0,1,0,0,0,1,-94,0,8,0,702465195,0,100,0,128,1,"[100,-64,5,0,-21,14,-21,14,-21,14,-21,14,-20,14,-19,15,-19,15,-19,16,-18,16,-18,16,-18,16,-18,17,-18,17,-18,17,-18,18,-18,18,-18,18,-18,17,-18,17,-18,17,-19,17,-19,16,-20,15,-20,15,-21,14,-6,3,0,0,0,0,0,0,0,0,0,0,0,0,0,0,0,0,0,0,-4,2,-13,8,-13,8,-14,8,-14,9,-15,9,-15,9,-17,9,-18,9,-19,8,-19,8,-19,9,-19,9,-19,9,-19,9,-20,9,-20,9,-20,10,-20,10,-20,10,-21,11,-21,11,-21,12,-21,12,-20,12,-21,12,-21,12]"
CSI_DATA,44921,d8:b1:90:db:e8:90,-54,11,1,7,0,0,1,0,0,0,1,-94,0,8,0,702478066,0,100,0,128,1,"[100,-64,5,0,27,18,26,16,25,14,25,13,25,11,26,11,25,9,25,8,25,7,25,8,26,7,27,6,28,6,29,7,29,7,29,6,29,5,28,4,27,6,27,6,27,7,27,8,26,9,24,10,25,12,6,3,0,0,0,0,0,0,0,0,0,0,0,0,0,0,0,0,0,0,3,2,13,9,13,10,14,11,14,12,14,13,13,13,13,12,14,13,15,15,14,17,14,18,15,18,15,18,15,18,16,18,18,17,18,17,20,16,21,14,21,13,21,14,21,14,20,15,21,15,23,14,21,16]"
CSI_DATA,44922,d8:b1:90:db:e8:90,-53,11,1,7,0,0,1,0,0,0,1,-94,0,8,0,702490256,0,100,0,128,1,"[100,-64,5,0,12,20,12,20,12,20,13,19,13,18,13,18,13,18,14,18,14,18,15,18,15,17,16,17,16,18,16,18,16,18,16,18,16,18,16,18,16,18,15,18,15,19,14,19,13,20,12,20,11,21,2,5,0,0,0,0,0,0,0,0,0,0,0,0,0,0,0,0,0,0,1,3,7,13,7,13,6,14,6,15,5,16,6,16,6,17,6,17,6,18,6,19,6,19,6,19,6,20,6,20,6,20,6,20,6,20,6,20,7,20,8,21,8,21,8,21,9,21,10,21,10,21,10,21]"
CSI_DATA,44923,d8:b1:90:db:e8:90,-53,11,1,7,0,0,1,0,0,0,1,-94,0,8,0,702508271,0,100,0,128,1,"[100,-64,5,0,17,17,17,17,17,17,17,16,17,16,17,15,17,15,18,15,19,15,19,15,20,14,20,14,20,14,20,14,20,14,20,14,20,14,20,15,19,15,19,16,19,16,18,16,18,17,17,18,16,19,3,4,0,0,0,0,0,0,0,0,0,0,0,0,0,0,0,0,0,0,2,2,10,11,10,11,10,12,9,13,9,14,9,15,10,15,10,16,10,17,10,17,10,17,11,17,11,18,11,18,10,18,10,18,11,18,11,18,12,19,12,19,12,19,13,19,14,19,15,18,15,18,15,18]"
CSI_DATA,44924,d8:b1:90:db:e8:90,-53,11,1,7,0,0,1,0,0,0,1,-94,0,8,0,702528736,0,100,0,128,1,"[100,-64,5,0,23,2,23,2,23,2,23,1,22,1,22,1,22,0,22,0,22,-1,22,-1,22,-2,22,-2,22,-2,22,-2,23,-2,23,-2,24,-1,23,-1,23,0,23,0,22,0,22,0,22,1,22,2,22,4,5,1,0,0,0,0,0,0,0,0,0,0,0,0,0,0,0,0,0,0,3,0,14,0,14,1,14,1,15,1,15,2,15,3,16,3,17,4,17,4,18,5,18,5,19,5,19,5,19,5,19,5,18,5,18,5,19,5,20,5,20,5,20,4,21,4,22,3,22,2,22,2,23,2]"
CSI_DATA,44925,d8:b1:90:db:e8:90,-52,11,1,7,0,0,1,0,0,0,1,-94,0,8,0,702545452,0,100,0,128,1,"[100,-64,5,0,21,16,21,16,21,15,21,14,21,13,22,13,22,13,22,12,22,12,22,11,23,11,23,10,24,10,24,11,24,11,24,11,24,12,24,12,23,12,23,12,22,12,21,13,21,14,20,15,19,16,4,4,0,0,0,0,0,0,0,0,0,0,0,0,0,0,0,0,0,0,3,2,14,8,14,7,14,8,14,10,14,11,13,12,13,13,14,12,14,13,14,15,13,16,14,17,14,17,15,17,16,16,16,16,16,16,16,16,17,16,17,16,18,16,18,16,19,17,19,17,20,17,20,17]"
CSI_DATA,44926,d8:b1:90:db:e8:90,-52,11,1,7,0,0,1,0,0,0,1,-94,0,8,0,702570115,0,100,0,128,1,"[100,-64,5,0,-25,-4,-25,-4,-25,-4,-25,-3,-24,-3,-24,-3,-24,-2,-24,-2,-24,-1,-24,-1,-24,-1,-24,0,-24,0,-24,0,-24,0,-24,0,-25,-1,-24,-1,-24,-2,-24,-2,-24,-2,-23,-3,-23,-4,-23,-5,-23,-6,-6,-2,0,0,0,0,0,0,0,0,0,0,0,0,0,0,0,0,0,0,-4,-1,-14,-5,-15,-6,-15,-6,-15,-7,-15,-8,-16,-7,-17,-7,-18,-8,-18,-8,-19,-8,-19,-8,-20,-8,-20,-8,-20,-8,-20,-9,-21,-9,-21,-8,-21,-8,-21,-7,-22,-7,-22,-7,-23,-6,-24,-5,-24,-5,-24,-5,-23,-5]"
CSI_DATA,44927,d8:b1:90:db:e8:90,-52,11,1,7,0,0,1,0,0,0,1,-94,0,8,0,702580141,0,100,0,128,1,"[100,-64,5,0,24,12,24,12,24,12,25,11,25,10,25,9,25,9,25,8,25,8,25,8,25,7,25,7,25,7,25,8,26,8,26,7,26,7,25,7,25,8,25,8,24,9,24,9,23,10,22,11,22,12,5,3,0,0,0,0,0,0,0,0,0,0,0,0,0,0,0,0,0,0,3,1,15,7,15,8,15,10,15,11,15,12,15,12,15,13,15,14,15,15,16,15,16,15,17,15,17,16,17,16,17,17,17,17,17,17,18,16,19,15,19,14,20,14,20,15,21,15,22,15,22,15,23,14]"
CSI_DATA,44928,d8:b1:90:db:e8:90,-52,11,1,7,0,0,1,0,0,0,1,-94,0,8,0,702596806,0,100,0,128,1,"[100,-64,5,0,18,-17,18,-18,18,-18,18,-18,18,-18,18,-18,17,-19,17,-19,16,-19,16,-19,16,-19,15,-20,15,-20,15,-20,15,-20,16,-19,16,-19,16,-19,16,-18,17,-18,17,-17,17,-16,18,-16,18,-15,19,-14,4,-4,0,0,0,0,0,0,0,0,0,0,0,0,0,0,0,0,0,0,2,-4,11,-13,11,-12,12,-12,13,-11,14,-11,15,-11,16,-11,16,-11,17,-11,18,-11,19,-11,19,-11,19,-10,20,-11,20,-11,20,-11,20,-11,20,-11,19,-12,19,-13,19,-13,19,-14,20,-15,20,-16,20,-17,20,-17]"
CSI_DATA,44929,d8:b1:90:db:e8:90,-52,11,1,7,0,0,1,0,0,0,1,-94,0,8,0,702608271,0,100,0,128,1,"[100,-64,5,0,24,-1,25,-2,25,-1,25,-2,24,-2,24,-3,24,-3,24,-4,24,-4,24,-4,23,-5,23,-6,23,-6,23,-7,24,-7,24,-6,24,-5,23,-5,23,-5,23,-5,24,-4,24,-3,23,-2,23,-1,23,0,5,0,0,0,0,0,0,0,0,0,0,0,0,0,0,0,0,0,0,0,3,-1,15,-1,16,-1,16,-1,17,0,17,0,18,0,18,1,19,1,19,2,20,3,21,3,21,3,21,4,21,4,21,3,22,3,22,3,22,3,23,2,23,2,23,2,24,1,24,2,24,2,24,2,24,2]"
CSI_DATA,44930,d8:b1:90:db:e8:90,-52,11,1,7,0,0,1,0,0,0,1,-94,0,8,0,702624962,0,100,0,128,1,"[100,-64,5,0,-26,4,-26,4,-26,4,-25,4,-25,5,-25,5,-24,6,-24,6,-24,7,-24,7,-24,8,-24,9,-24,9,-24,9,-24,9,-24,9,-24,8,-24,8,-24,7,-24,7,-24,7,-24,6,-24,5,-24,4,-24,3,-6,0,0,0,0,0,0,0,0,0,0,0,0,0,0,0,0,0,0,0,-4,0,-17,3,-17,2,-18,2,-18,2,-19,2,-20,1,-20,1,-21,1,-21,0,-22,0,-23,-1,-23,-1,-23,-1,-23,-1,-24,-1,-24,-1,-24,-1,-24,0,-24,0,-25,0,-25,1,-25,1,-25,1,-25,1,-26,1,-26,1]"
CSI_DATA,44931,d8:b1:90:db:e8:90,-52,11,1,7,0,0,1,0,0,0,1,-94,0,8,0,702637472,0,100,0,128,1,"[100,-64,5,0,25,-13,25,-13,25,-14,25,-14,24,-14,24,-14,23,-15,22,-15,22,-16,21,-17,21,-17,21,-17,21,-17,21,-18,21,-18,22,-18,22,-18,22,-17,22,-17,22,-16,22,-15,23,-15,23,-14,23,-13,23,-12,6,-3,0,0,0,0,0,0,0,0,0,0,0,0,0,0,0,0,0,0,3,-3,13,-11,13,-10,14,-10,17,-11,19,-10,18,-10,18,-9,20,-9,21,-9,22,-9,23,-8,24,-8,24,-8,24,-8,23,-8,23,-8,24,-9,24,-10,24,-10,24,-11,24,-11,24,-12,25,-12,25,-12,25,-12,25,-12]"
CSI_DATA,44932,d8:b1:90:db:e8:90,-52,11,1,7,0,0,1,0,0,0,1,-94,0,8,0,702670380,0,100,0,128,1,"[100,-64,5,0,-15,16,-15,16,-15,16,-14,17,-14,17,-14,17,-13,17,-12,18,-11,17,-11,17,-11,18,-10,19,-9,19,-9,19,-9,19,-9,19,-10,19,-10,19,-10,18,-10,18,-11,17,-11,16,-12,16,-13,16,-13,15,-4,3,0,0,0,0,0,0,0,0,0,0,0,0,0,0,0,0,0,0,-2,3,-7,13,-8,12,-8,12,-9,13,-10,13,-11,13,-12,12,-12,12,-13,12,-14,13,-14,13,-15,12,-15,12,-15,12,-15,12,-15,12,-16,12,-16,13,-15,13,-15,13,-15,14,-15,14,-15,15,-15,16,-15,16,-15,16]"
CSI_DATA,44933,d8:b1:90:db:e8:90,-51,11,1,7,0,0,1,0,0,0,1,-94,0,8,0,702681301,0,100,0,128,1,"[100,-64,5,0,-12,24,-12,24,-11,24,-9,25,-9,25,-8,25,-7,25,-7,25,-6,25,-7,25,-6,25,-6,25,-5,25,-5,25,-5,25,-5,25,-6,25,-6,24,-6,24,-7,24,-8,23,-9,23,-9,22,-10,22,-11,22,-3,5,0,0,0,0,0,0,0,0,0,0,0,0,0,0,0,0,0,0,-2,4,-5,17,-6,17,-7,18,-8,18,-8,18,-9,18,-10,18,-11,18,-11,19,-12,19,-13,19,-13,19,-13,19,-14,19,-14,19,-13,20,-13,20,-13,20,-13,20,-13,21,-12,21,-12,22,-13,22,-13,23,-12,23,-12,23]"
CSI_DATA,44934,d8:b1:90:db:e8:90,-52,11,1,7,0,0,1,0,0,0,1,-94,0,8,0,702697020,0,100,0,128,1,"[100,-64,5,0,-12,18,-12,18,-12,19,-11,19,-10,20,-10,20,-9,20,-9,20,-9,20,-8,20,-8,20,-9,20,-8,21,-8,21,-8,21,-9,20,-9,20,-9,20,-9,20,-10,19,-10,18,-11,18,-12,17,-12,17,-13,17,-4,4,0,0,0,0,0,0,0,0,0,0,0,0,0,0,0,0,0,0,-2,3,-9,12,-9,12,-10,12,-11,11,-11,12,-12,12,-12,12,-12,12,-13,12,-14,12,-14,13,-14,13,-15,13,-15,12,-15,13,-15,13,-15,13,-14,13,-14,15,-13,15,-13,16,-13,16,-14,17,-14,17,-14,18,-14,18]"
CSI_DATA,44935,d8:b1:90:db:e8:90,-51,11,1,7,0,0,1,0,0,0,1,-94,0,8,0,702714934,0,100,0,128,1,"[100,-64,5,0,-10,-26,-10,-26,-10,-26,-11,-26,-12,-26,-12,-25,-13,-25,-14,-25,-14,-24,-15,-24,-15,-24,-15,-23,-15,-23,-15,-23,-15,-23,-15,-23,-14,-23,-14,-24,-13,-24,-13,-24,-12,-24,-11,-24,-10,-24,-9,-24,-8,-25,-2,-7,0,0,0,0,0,0,0,0,0,0,0,0,0,0,0,0,0,0,-2,-5,-8,-17,-7,-18,-7,-18,-7,-19,-6,-20,-6,-20,-5,-21,-5,-22,-4,-23,-4,-23,-4,-23,-4,-24,-3,-24,-3,-24,-4,-24,-5,-24,-5,-24,-5,-24,-5,-24,-6,-25,-6,-25,-7,-25,-7,-26,-8,-26,-8,-26,-8,-27]"
CSI_DATA,44936,d8:b1:90:db:e8:90,-51,11,1,7,0,0,1,0,0,0,1,-94,0,8,0,702725034,0,100,0,128,1,"[100,-64,5,0,12,24,11,24,12,23,13,23,14,23,14,23,14,22,15,21,16,21,16,21,16,21,17,20,17,20,17,20,16,20,16,20,15,20,15,21,14,21,14,21,13,21,12,21,11,21,10,22,10,23,2,5,0,0,0,0,0,0,0,0,0,0,0,0,0,0,0,0,0,0,2,3,8,15,8,16,8,16,8,16,8,17,7,18,7,19,7,20,6,21,6,22,6,22,5,22,5,22,5,22,6,22,6,22,6,22,7,22,7,22,8,23,8,23,9,23,9,23,9,24,10,24,10,24]"
CSI_DATA,44937,d8:b1:90:db:e8:90,-51,11,1,7,0,0,1,0,0,0,1,-94,0,8,0,702740120,0,100,0,128,1,"[100,-64,5,0,1,-21,1,-21,1,-21,0,-21,0,-21,0,-21,0,-21,-1,-21,-2,-21,-3,-21,-3,-21,-4,-21,-4,-21,-4,-21,-4,-21,-3,-21,-3,-21,-3,-21,-2,-21,-2,-20,-2,-20,-2,-20,-1,-20,0,-20,1,-20,0,-5,0,0,0,0,0,0,0,0,0,0,0,0,0,0,0,0,0,0,-1,-4,0,-14,0,-15,0,-15,1,-15,2,-15,2,-16,3,-17,3,-17,4,-17,4,-17,4,-17,4,-18,4,-18,4,-18,4,-18,4,-18,4,-18,4,-18,4,-19,4,-19,4,-19,3,-20,3,-20,3,-21,3,-21,3,-21]"
CSI_DATA,44938,d8:b1:90:db:e8:90,-51,11,1,7,0,0,1,0,0,0,1,-94,0,8,0,702755950,0,100,0,128,1,"[100,-64,5,0,9,-28,9,-28,8,-28,7,-28,6,-27,6,-27,5,-27,4,-28,4,-28,4,-27,4,-28,4,-27,4,-27,4,-28,4,-28,5,-27,5,-27,5,-27,5,-27,6,-27,6,-26,8,-26,9,-25,10,-25,11,-24,2,-6,0,0,0,0,0,0,0,0,0,0,0,0,0,0,0,0,0,0,1,-5,6,-18,7,-18,8,-18,8,-19,9,-19,10,-19,11,-19,11,-19,12,-19,13,-19,14,-19,14,-19,15,-19,14,-19,14,-20,14,-20,14,-20,14,-21,13,-22,13,-23,12,-24,12,-24,10,-24,10,-24,10,-25,10,-26]"
CSI_DATA,44939,d8:b1:90:db:e8:90,-52,11,1,7,0,0,1,0,0,0,1,-94,0,8,0,702775180,0,100,0,128,1,"[100,-64,5,0,-23,6,-22,6,-22,6,-22,7,-21,7,-21,8,-20,8,-20,9,-19,9,-19,10,-19,10,-19,11,-19,11,-19,11,-19,11,-18,11,-18,11,-18,11,-18,10,-17,10,-17,10,-17,9,-17,9,-17,8,-17,7,-5,1,0,0,0,0,0,0,0,0,0,0,0,0,0,0,0,0,0,0,2,1,10,8,10,8,10,8,10,9,10,9,3,7,-10,2,-18,-1,-18,-2,-19,-2,-19,-2,-19,-2,-20,-2,-20,-2,-20,-1,-20,-1,-20,-1,-21,0,-21,1,-21,1,-21,2,-21,3,-22,3,-22,4,-22,4,-22,4]"
CSI_DATA,44940,d8:b1:90:db:e8:90,-52,11,1,7,0,0,1,0,0,0,1,-94,0,8,0,702787560,0,100,0,128,1,"[100,-64,5,0,-24,11,-23,11,-22,12,-22,12,-21,13,-21,13,-20,13,-19,14,-19,14,-19,14,-18,14,-18,15,-18,15,-18,16,-18,16,-18,16,-17,16,-17,15,-17,15,-17,14,-17,14,-17,13,-17,13,-17,12,-18,12,-5,3,0,0,0,0,0,0,0,0,0,0,0,0,0,0,0,0,0,0,3,1,14,5,13,6,13,6,13,7,14,8,6,7,-11,4,-19,3,-20,3,-20,2,-21,2,-21,3,-21,3,-21,3,-22,3,-22,3,-22,4,-22,5,-22,6,-22,6,-22,7,-22,7,-23,8,-23,9,-23,9,-23,9]"
CSI_DATA,44941,d8:b1:90:db:e8:90,-51,11,1,7,0,0,1,0,0,0,1,-94,0,8,0,702806478,0,100,0,128,1,"[100,-64,5,0,20,2,21,1,21,1,21,1,21,1,21,0,21,0,21,0,21,-1,21,-2,21,-2,21,-2,21,-2,21,-2,21,-2,21,-2,20,-1,20,-1,20,0,20,0,20,1,19,1,19,1,19,2,19,3,4,0,0,0,0,0,0,0,0,0,0,0,0,0,0,0,0,0,0,0,3,0,13,0,14,1,14,1,14,2,14,2,15,3,15,3,15,4,15,4,16,5,16,5,16,5,16,6,16,5,17,5,17,5,17,5,17,5,18,4,18,4,18,4,19,3,19,3,20,3,20,3,21,3]"
CSI_DATA,44942,d8:b1:90:db:e8:90,-51,11,1,7,0,0,1,0,0,0,1,-94,0,8,0,702827919,0,100,0,128,1,"[100,-64,5,0,-13,21,-13,21,-12,21,-12,22,-11,21,-11,22,-10,22,-10,22,-9,21,-9,21,-9,22,-9,23,-9,23,-9,23,-9,23,-9,22,-9,22,-9,22,-9,22,-9,22,-9,21,-10,21,-10,20,-10,19,-11,19,-3,4,0,0,0,0,0,0,0,0,0,0,0,0,0,0,0,0,0,0,-2,3,-7,14,-8,14,-8,15,-8,15,-9,15,-10,15,-11,16,-11,16,-12,16,-12,16,-13,16,-13,16,-13,16,-13,16,-14,16,-14,17,-14,17,-13,17,-13,18,-13,18,-13,19,-13,19,-13,20,-13,20,-13,20,-13,20]"
CSI_DATA,44943,d8:b1:90:db:e8:90,-51,11,1,7,0,0,1,0,0,0,1,-94,0,8,0,702846466,0,100,0,128,1,"[100,-64,5,0,-8,20,-8,20,-7,20,-7,20,-7,20,-6,20,-6,20,-5,20,-5,20,-5,20,-5,20,-4,20,-5,21,-5,21,-5,21,-5,21,-5,20,-6,20,-6,20,-6,19,-6,19,-7,18,-7,18,-8,18,-8,18,-3,4,0,0,0,0,0,0,0,0,0,0,0,0,0,0,0,0,0,0,-2,3,-6,13,-5,14,-5,14,-6,13,-7,12,-7,13,-7,14,-8,15,-9,15,-10,15,-10,16,-10,16,-10,16,-10,16,-10,16,-10,16,-10,16,-10,16,-9,17,-9,18,-8,18,-8,18,-8,19,-8,19,-8,19,-8,19]"
CSI_DATA,44944,d8:b1:90:db:e8:90,-51,11,1,7,0,0,1,0,0,0,1,-94,0,8,0,702874929,0,100,0,128,1,"[100,-64,5,0,23,2,23,2,23,2,23,2,23,1,22,1,22,1,22,0,22,-1,22,-1,22,-2,22,-2,22,-2,22,-2,22,-1,22,-1,22,-1,22,0,22,0,21,0,21,1,21,1,20,2,19,3,18,4,4,1,0,0,0,0,0,0,0,0,0,0,0,0,0,0,0,0,0,0,3,0,14,0,14,1,15,2,15,3,15,3,15,4,16,4,16,4,16,5,17,5,18,5,18,5,18,5,18,5,18,5,18,5,18,5,19,5,19,4,20,4,20,4,20,4,21,3,21,3,21,3,22,3]"
CSI_DATA,44945,d8:b1:90:db:e8:90,-51,11,1,7,0,0,1,0,0,0,1,-94,0,8,0,702892384,0,100,0,128,1,"[100,-64,5,0,-18,13,-18,13,-18,13,-18,14,-18,14,-18,14,-17,14,-17,15,-16,15,-16,15,-16,16,-16,16,-15,15,-15,15,-16,15,-16,15,-16,15,-16,15,-16,14,-16,14,-16,14,-16,13,-16,13,-17,12,-17,11,-5,2,0,0,0,0,0,0,0,0,0,0,0,0,0,0,0,0,0,0,-3,2,-11,9,-12,9,-13,8,-14,8,-14,8,-15,8,-16,8,-16,8,-17,7,-17,7,-17,7,-17,7,-17,7,-17,7,-17,8,-18,8,-18,8,-17,9,-17,9,-18,10,-18,10,-18,10,-17,11,-17,12,-17,12,-18,12]"
CSI_DATA,44946,d8:b1:90:db:e8:90,-51,11,1,7,0,0,1,0,0,0,1,-94,0,8,0,702905280,0,100,0,128,1,"[100,-64,5,0,8,-24,8,-24,8,-24,7,-24,6,-24,6,-24,6,-24,5,-25,5,-25,4,-25,4,-25,4,-24,4,-24,4,-24,4,-24,4,-24,4,-24,4,-24,5,-23,6,-23,6,-23,7,-22,8,-22,9,-22,9,-21,2,-6,0,0,0,0,0,0,0,0,0,0,0,0,0,0,0,0,0,0,1,-4,5,-15,6,-15,6,-16,7,-16,8,-16,8,-16,9,-16,10,-16,10,-16,11,-17,11,-17,12,-17,12,-17,12,-18,12,-18,11,-19,11,-19,10,-20,9,-21,8,-21,9,-22,9,-22,8,-22,8,-22,8,-22,9,-23]"
CSI_DATA,44947,d8:b1:90:db:e8:90,-51,11,1,7,0,0,1,0,0,0,1,-94,0,8,0,702916961,0,100,0,128,1,"[100,-64,5,0,-21,-16,-21,-16,-21,-15,-22,-14,-22,-14,-22,-13,-22,-13,-22,-13,-23,-13,-23,-13,-23,-12,-22,-12,-22,-12,-22,-12,-22,-12,-22,-12,-22,-11,-22,-12,-21,-12,-21,-13,-21,-13,-20,-14,-19,-15,-18,-16,-18,-17,-5,-5,0,0,0,0,0,0,0,0,0,0,0,0,0,0,0,0,0,0,-4,-3,-13,-11,-13,-11,-13,-12,-13,-12,-13,-13,-13,-13,-13,-14,-13,-15,-13,-16,-13,-16,-13,-17,-13,-17,-13,-18,-13,-18,-14,-17,-15,-17,-15,-17,-16,-17,-18,-16,-18,-16,-19,-16,-19,-16,-19,-16,-19,-16,-19,-16,-20,-16]"
CSI_DATA,44948,d8:b1:90:db:e8:90,-51,11,1,7,0,0,1,0,0,0,1,-94,0,8,0,702935745,0,100,0,128,1,"[100,-64,5,0,-10,-24,-9,-24,-9,-23,-10,-23,-10,-22,-10,-22,-11,-22,-12,-22,-12,-21,-13,-21,-13,-21,-13,-20,-13,-20,-13,-21,-13,-21,-13,-21,-13,-21,-12,-22,-12,-22,-11,-22,-10,-22,-9,-21,-9,-21,-8,-22,-7,-22,-2,-6,0,0,0,0,0,0,0,0,0,0,0,0,0,0,0,0,0,0,-2,-4,-5,-15,-5,-15,-5,-15,-5,-16,-5,-16,-4,-17,-4,-18,-4,-18,-4,-19,-4,-19,-5,-19,-5,-20,-4,-20,-5,-20,-5,-20,-6,-20,-6,-21,-6,-21,-7,-21,-7,-21,-7,-21,-7,-22,-8,-22,-8,-23,-9,-23,-9,-23]"
CSI_DATA,44949,d8:b1:90:db:e8:90,-51,11,1,7,0,0,1,0,0,0,1,-94,0,8,0,702948744,0,100,0,128,1,"[100,-64,5,0,5,-20,5,-20,5,-19,5,-19,5,-19,4,-20,4,-19,4,-19,4,-19,4,-19,3,-19,3,-20,3,-20,3,-20,3,-20,3,-19,3,-19,4,-19,4,-19,4,-19,5,-18,5,-18,6,-17,7,-17,8,-17,2,-5,0,0,0,0,0,0,0,0,0,0,0,0,0,0,0,0,0,0,1,-3,5,-11,5,-12,4,-13,4,-13,5,-13,6,-12,8,-12,8,-13,8,-13,8,-13,8,-13,8,-14,8,-14,8,-15,7,-16,6,-16,6,-16,6,-16,6,-17,6,-17,6,-18,6,-18,6,-18,6,-18,6,-19,6,-19]"
CSI_DATA,44950,d8:b1:90:db:e8:90,-51,11,1,7,0,0,1,0,0,0,1,-94,0,8,0,702983372,0,100,0,128,1,"[100,-64,5,0,1,24,1,24,1,24,1,23,2,23,2,23,3,23,3,22,4,22,4,22,4,22,4,22,4,23,5,23,5,23,5,23,4,23,4,23,3,23,3,22,2,22,1,22,0,22,-1,22,-2,22,-1,5,0,0,0,0,0,0,0,0,0,0,0,0,0,0,0,0,0,0,0,3,0,14,0,14,-1,15,-2,15,-2,16,-2,16,-3,17,-3,17,-3,18,-3,19,-3,19,-3,19,-3,19,-3,20,-3,20,-2,20,-2,20,-2,20,-2,20,-1,21,-1,21,-1,21,-1,22,0,22,0,23,0,23]"
CSI_DATA,44951,d8:b1:90:db:e8:90,-51,11,1,7,0,0,1,0,0,0,1,-94,0,8,0,702995885,0,100,0,128,1,"[100,-64,5,0,-3,-25,-4,-24,-4,-24,-4,-24,-4,-24,-4,-24,-4,-24,-5,-24,-6,-24,-6,-24,-7,-24,-7,-24,-7,-24,-7,-24,-6,-24,-6,-23,-6,-23,-6,-23,-5,-23,-5,-24,-5,-23,-4,-23,-4,-23,-3,-23,-2,-23,-1,-6,0,0,0,0,0,0,0,0,0,0,0,0,0,0,0,0,0,0,-1,-4,-3,-15,-2,-15,-2,-15,-2,-16,-1,-16,-1,-17,-2,-18,-1,-19,-1,-19,-1,-20,-1,-20,0,-20,0,-21,0,-21,0,-21,-1,-22,-1,-22,-1,-22,-2,-22,-2,-22,-2,-22,-2,-23,-3,-23,-3,-23,-3,-24,-3,-24]"
CSI_DATA,44952,d8:b1:90:db:e8:90,-52,11,1,7,0,0,1,0,0,0,1,-94,0,8,0,703008602,0,100,0,128,1,"[100,-64,5,0,-23,-7,-23,-7,-23,-7,-23,-7,-23,-7,-23,-6,-23,-6,-23,-5,-23,-5,-24,-4,-24,-4,-24,-3,-24,-3,-23,-3,-23,-3,-24,-3,-23,-4,-23,-4,-23,-4,-23,-4,-23,-5,-22,-5,-22,-6,-22,-7,-21,-8,-6,-3,0,0,0,0,0,0,0,0,0,0,0,0,0,0,0,0,0,0,-4,-2,-14,-5,-15,-6,-15,-7,-15,-8,-15,-8,-15,-9,-16,-9,-16,-10,-16,-10,-16,-11,-16,-11,-16,-11,-16,-11,-17,-11,-17,-12,-17,-12,-18,-12,-18,-12,-19,-11,-19,-11,-20,-11,-20,-10,-21,-10,-22,-9,-22,-9,-22,-9]"
CSI_DATA,44953,d8:b1:90:db:e8:90,-51,11,1,7,0,0,1,0,0,0,1,-94,0,8,0,703024877,0,100,0,128,1,"[100,-64,5,0,11,22,11,22,11,21,11,21,11,21,12,20,12,20,13,20,13,19,13,19,14,19,14,18,14,18,14,18,14,19,14,19,14,19,13,19,13,19,13,19,12,19,11,19,11,19,10,20,9,21,2,5,0,0,0,0,0,0,0,0,0,0,0,0,0,0,0,0,0,0,1,3,6,13,6,14,5,14,5,15,4,16,4,16,4,17,4,17,4,18,4,18,4,18,3,19,3,19,4,19,4,20,4,21,4,21,4,21,5,21,6,21,6,21,7,21,8,22,8,22,9,22,9,22]"
CSI_DATA,44954,d8:b1:90:db:e8:90,-52,11,1,7,0,0,1,0,0,0,1,-94,0,8,0,703035096,0,100,0,128,1,"[100,-64,5,0,6,-23,6,-23,6,-23,6,-23,6,-23,5,-23,5,-23,4,-23,4,-23,3,-23,3,-23,2,-23,2,-23,2,-23,2,-23,2,-23,2,-24,2,-24,2,-23,2,-23,3,-23,3,-22,4,-22,4,-22,5,-21,1,-6,0,0,0,0,0,0,0,0,0,0,0,0,0,0,0,0,0,0,0,-4,3,-15,4,-15,5,-15,5,-15,6,-16,7,-16,7,-16,8,-16,8,-16,9,-17,9,-17,9,-18,9,-18,9,-18,9,-18,9,-18,9,-19,9,-19,9,-20,9,-20,8,-20,8,-21,8,-21,7,-22,7,-22,7,-22]"
CSI_DATA,44955,d8:b1:90:db:e8:90,-52,11,1,7,0,0,1,0,0,0,1,-94,0,8,0,703083732,0,100,0,128,1,"[100,-64,5,0,-19,-15,-19,-15,-19,-14,-19,-14,-19,-13,-18,-13,-18,-12,-19,-12,-19,-12,-20,-11,-20,-11,-20,-11,-20,-11,-20,-11,-20,-11,-20,-11,-20,-11,-20,-12,-19,-12,-18,-12,-18,-13,-17,-13,-17,-13,-16,-14,-15,-15,-4,-4,0,0,0,0,0,0,0,0,0,0,0,0,0,0,0,0,0,0,-3,-2,-11,-8,-12,-9,-13,-10,-13,-11,-12,-12,-12,-12,-12,-13,-12,-13,-12,-14,-12,-14,-13,-15,-13,-15,-13,-15,-13,-16,-14,-15,-14,-15,-14,-15,-14,-15,-15,-15,-15,-16,-15,-16,-16,-15,-17,-15,-18,-15,-18,-15,-17,-15]"
CSI_DATA,44956,d8:b1:90:db:e8:90,-51,11,1,7,0,0,1,0,0,0,1,-94,0,8,0,703096135,0,100,0,128,1,"[100,-64,5,0,9,25,8,25,9,25,10,25,11,25,11,24,11,24,12,24,12,24,12,23,12,23,12,22,12,23,12,23,12,23,12,23,11,23,11,23,11,23,11,23,10,23,9,23,8,24,6,24,5,24,1,6,0,0,0,0,0,0,0,0,0,0,0,0,0,0,0,0,0,0,1,4,6,16,5,17,5,18,5,18,4,19,4,20,5,20,5,21,5,21,4,22,4,22,4,23,4,23,4,23,4,23,4,23,4,24,4,24,5,24,5,25,5,25,6,25,7,26,8,26,8,26,8,25]"
CSI_DATA,44957,d8:b1:90:db:e8:90,-52,11,1,7,0,0,1,0,0,0,1,-94,0,8,0,703108019,0,100,0,128,1,"[100,-64,5,0,-8,21,-8,21,-8,21,-7,21,-7,21,-6,21,-6,21,-5,21,-5,20,-4,20,-4,21,-3,21,-3,21,-3,21,-3,21,-3,21,-3,21,-4,21,-4,21,-5,21,-5,21,-6,20,-6,20,-7,20,-8,20,-2,5,0,0,0,0,0,0,0,0,0,0,0,0,0,0,0,0,0,0,-1,3,-3,14,-4,14,-5,14,-5,15,-5,15,-6,15,-7,15,-7,16,-8,16,-8,17,-8,17,-9,17,-9,17,-9,17,-9,17,-10,17,-9,17,-9,18,-9,18,-9,19,-9,19,-9,19,-9,20,-9,21,-9,21,-9,21]"
CSI_DATA,44958,d8:b1:90:db:e8:90,-51,11,1,7,0,0,1,0,0,0,1,-94,0,8,0,703119278,0,100,0,128,1,"[100,-64,5,0,24,11,24,11,24,11,24,11,24,10,24,10,24,9,24,9,24,8,24,7,24,6,25,6,25,5,25,5,25,5,25,5,25,6,24,6,24,7,24,7,24,8,24,8,23,9,22,10,22,11,5,2,0,0,0,0,0,0,0,0,0,0,0,0,0,0,0,0,0,0,4,1,17,4,17,5,17,6,18,7,18,8,18,8,18,9,18,10,19,11,19,12,19,12,19,12,19,13,19,13,20,13,20,13,20,13,21,13,21,13,21,13,21,13,22,13,23,13,24,13,24,13,23,13]"
CSI_DATA,44959,d8:b1:90:db:e8:90,-52,11,1,7,0,0,1,0,0,0,1,-94,0,8,0,703131812,0,100,0,128,1,"[100,-64,5,0,21,6,21,6,21,6,21,6,21,5,21,5,21,4,21,3,21,3,21,3,21,2,21,2,21,2,21,2,21,2,22,3,22,3,21,3,21,3,21,3,20,3,20,4,20,5,20,6,20,7,5,2,0,0,0,0,0,0,0,0,0,0,0,0,0,0,0,0,0,0,3,0,14,2,14,3,14,3,14,4,15,4,15,5,15,5,16,6,16,7,16,8,17,8,17,9,17,10,17,10,17,9,17,9,17,9,18,9,19,8,19,7,20,7,20,7,20,7,20,7,20,7,21,6]"
CSI_DATA,44960,d8:b1:90:db:e8:90,-52,11,1,7,0,0,1,0,0,0,1,-94,0,8,0,703145113,0,100,0,128,1,"[100,-64,5,0,17,9,17,9,17,9,17,9,17,8,17,8,17,7,17,7,17,6,17,6,17,6,17,5,17,5,17,5,18,5,18,5,18,5,18,6,17,6,17,6,16,6,16,7,16,7,16,8,15,9,3,2,0,0,0,0,0,0,0,0,0,0,0,0,0,0,0,0,0,0,2,0,10,3,10,4,10,4,11,5,12,6,12,7,13,8,13,8,13,8,13,9,13,10,13,10,13,10,13,10,13,10,13,10,13,10,14,10,14,11,14,11,15,11,15,11,16,11,16,11,16,11,16,11]"
CSI_DATA,44961,d8:b1:90:db:e8:90,-52,11,1,7,0,0,1,0,0,0,1,-94,0,8,0,703156252,0,100,0,128,1,"[100,-64,5,0,-6,-20,-6,-20,-6,-20,-7,-19,-7,-19,-7,-18,-7,-18,-8,-18,-8,-18,-9,-18,-9,-18,-10,-18,-10,-18,-10,-18,-10,-18,-10,-18,-10,-18,-9,-18,-9,-18,-9,-18,-8,-17,-8,-17,-7,-18,-7,-18,-6,-18,-2,-5,0,0,0,0,0,0,0,0,0,0,0,0,0,0,0,0,0,0,-2,-3,-6,-12,-5,-13,-5,-14,-5,-14,-5,-14,-5,-15,-5,-16,-4,-16,-3,-16,-2,-15,-3,-16,-3,-17,-3,-18,-3,-18,-3,-18,-3,-18,-3,-18,-3,-19,-4,-19,-4,-19,-4,-19,-4,-19,-5,-20,-5,-19,-5,-20,-5,-20]"
CSI_DATA,44962,d8:b1:90:db:e8:90,-52,11,1,7,0,0,1,0,0,0,1,-94,0,8,0,703186558,0,100,0,128,1,"[100,-64,5,0,-4,22,-4,22,-4,22,-3,22,-3,22,-2,22,-2,21,-1,21,-1,21,-1,21,-1,21,0,21,1,22,1,22,1,22,1,22,1,21,1,21,0,21,0,21,-1,20,-2,20,-3,20,-4,20,-5,20,-2,5,0,0,0,0,0,0,0,0,0,0,0,0,0,0,0,0,0,0,-1,3,-2,14,-3,14,-4,15,-4,15,-5,15,-5,15,-6,16,-6,16,-7,17,-8,17,-8,18,-8,18,-8,18,-8,18,-8,18,-8,18,-8,18,-8,19,-7,19,-7,20,-7,20,-6,21,-6,21,-6,22,-6,22,-5,22]"
CSI_DATA,44963,d8:b1:90:db:e8:90,-52,11,1,7,0,0,1,0,0,0,1,-94,0,8,0,703199230,0,100,0,128,1,"[100,-64,5,0,17,-16,17,-16,17,-15,17,-16,17,-16,16,-16,16,-16,15,-16,15,-16,15,-16,14,-16,14,-17,14,-18,14,-18,14,-18,14,-17,14,-17,14,-17,14,-16,14,-16,14,-15,15,-14,15,-14,16,-13,16,-13,4,-3,0,0,0,0,0,0,0,0,0,0,0,0,0,0,0,0,0,0,2,-3,10,-11,10,-11,11,-10,12,-10,13,-10,13,-10,14,-10,15,-10,15,-9,16,-10,17,-10,17,-10,17,-10,17,-10,17,-10,17,-10,17,-10,18,-10,18,-11,18,-12,18,-12,18,-12,18,-13,18,-14,19,-14,18,-14]"
CSI_DATA,44964,d8:b1:90:db:e8:90,-51,11,1,7,0,0,1,0,0,0,1,-94,0,8,0,703215148,0,100,0,128,1,"[100,-64,5,0,-15,24,-15,24,-14,24,-13,24,-12,24,-11,23,-11,24,-10,24,-9,24,-9,24,-9,24,-9,25,-9,25,-9,25,-9,25,-9,25,-9,25,-9,24,-10,24,-10,23,-10,23,-10,22,-11,22,-12,22,-13,22,-4,5,0,0,0,0,0,0,0,0,0,0,0,0,0,0,0,0,0,0,-2,4,-7,16,-8,16,-9,16,-10,16,-10,16,-11,17,-13,17,-14,18,-14,18,-15,18,-16,18,-16,18,-16,18,-16,18,-16,18,-16,18,-17,19,-16,19,-16,21,-15,21,-15,22,-15,22,-15,22,-14,23,-14,23,-14,23]"
CSI_DATA,44965,d8:b1:90:db:e8:90,-52,11,1,7,0,0,1,0,0,0,1,-94,0,8,0,703227811,0,100,0,128,1,"[100,-64,5,0,-17,-17,-17,-17,-17,-17,-17,-16,-17,-16,-17,-15,-17,-15,-18,-14,-18,-14,-18,-13,-19,-13,-19,-12,-19,-12,-19,-12,-19,-12,-19,-12,-19,-13,-18,-13,-18,-13,-17,-13,-17,-13,-16,-13,-16,-14,-15,-15,-15,-15,-4,-4,0,0,0,0,0,0,0,0,0,0,0,0,0,0,0,0,0,0,-3,-3,-10,-11,-10,-12,-10,-13,-9,-13,-9,-14,-9,-14,-10,-14,-10,-14,-10,-15,-10,-15,-12,-16,-12,-16,-12,-16,-12,-16,-13,-16,-14,-16,-14,-16,-14,-17,-15,-17,-15,-17,-15,-17,-16,-17,-16,-17,-16,-17,-16,-17,-16,-17]"
CSI_DATA,44966,d8:b1:90:db:e8:90,-52,11,1,7,0,0,1,0,0,0,1,-94,0,8,0,703239644,0,100,0,128,1,"[100,-64,5,0,-10,21,-10,21,-10,20,-10,20,-10,21,-9,21,-8,20,-7,20,-6,20,-6,20,-6,21,-6,21,-6,21,-6,22,-7,22,-6,21,-6,20,-7,20,-7,20,-7,20,-8,20,-8,19,-8,19,-10,19,-10,18,-3,4,0,0,0,0,0,0,0,0,0,0,0,0,0,0,0,0,0,0,-2,3,-6,13,-8,13,-9,12,-9,11,-10,12,-10,13,-10,13,-10,13,-11,13,-11,14,-10,16,-10,17,-10,17,-10,17,-10,17,-10,18,-10,18,-11,18,-11,18,-10,19,-11,19,-10,20,-10,20,-10,21,-10,21,-10,20]"
CSI_DATA,44967,d8:b1:90:db:e8:90,-52,11,1,7,0,0,1,0,0,0,1,-94,0,8,0,703259843,0,100,0,128,1,"[100,-64,5,0,-16,18,-16,18,-16,17,-16,17,-15,17,-15,17,-14,18,-14,18,-14,18,-13,18,-13,19,-12,19,-12,19,-11,19,-12,19,-12,19,-12,19,-12,18,-12,18,-12,18,-12,17,-12,17,-13,16,-14,16,-14,16,-4,3,0,0,0,0,0,0,0,0,0,0,0,0,0,0,0,0,0,0,-3,3,-10,13,-9,13,-9,13,-9,12,-10,11,-11,12,-12,14,-12,14,-13,14,-14,14,-14,14,-15,13,-15,14,-15,14,-15,14,-16,14,-15,14,-16,14,-15,15,-15,16,-15,16,-15,16,-16,16,-16,17,-16,17,-16,16]"
CSI_DATA,44968,d8:b1:90:db:e8:90,-51,11,1,7,0,0,1,0,0,0,1,-94,0,8,0,703285034,0,100,0,128,1,"[100,-64,5,0,-21,-8,-21,-8,-21,-8,-21,-7,-20,-7,-20,-7,-20,-6,-20,-6,-20,-6,-20,-6,-20,-5,-20,-4,-20,-4,-20,-4,-20,-5,-20,-5,-20,-5,-20,-5,-20,-6,-19,-6,-19,-6,-19,-6,-18,-7,-18,-7,-17,-8,-5,-2,0,0,0,0,0,0,0,0,0,0,0,0,0,0,0,0,0,0,-4,-1,-14,-4,-14,-5,-14,-6,-14,-7,-14,-7,-14,-7,-14,-7,-15,-8,-15,-8,-15,-9,-16,-10,-16,-10,-16,-11,-16,-11,-17,-10,-17,-10,-17,-10,-17,-10,-18,-10,-18,-10,-18,-10,-19,-9,-20,-9,-20,-9,-20,-9,-20,-9]"
CSI_DATA,44969,d8:b1:90:db:e8:90,-52,11,1,7,0,0,1,0,0,0,1,-94,0,8,0,703296453,0,100,0,128,1,"[100,-64,5,0,-24,4,-24,4,-24,4,-24,4,-24,5,-23,5,-23,6,-22,7,-22,7,-22,7,-22,8,-22,8,-22,8,-21,8,-21,8,-21,8,-21,8,-21,8,-21,8,-21,7,-21,7,-21,6,-21,6,-21,5,-22,4,-6,1,0,0,0,0,0,0,0,0,0,0,0,0,0,0,0,0,0,0,-4,1,-15,5,-15,4,-16,4,-16,3,-17,3,-18,2,-18,2,-19,2,-20,2,-20,1,-20,1,-21,1,-21,0,-21,0,-21,0,-22,0,-22,0,-22,0,-23,1,-23,1,-23,1,-23,1,-23,2,-23,3,-24,3,-24,2]"
CSI_DATA,44970,d8:b1:90:db:e8:90,-52,11,1,7,0,0,1,0,0,0,1,-94,0,8,0,703307115,0,100,0,128,1,"[100,-64,5,0,-22,-11,-22,-11,-22,-11,-22,-11,-22,-10,-21,-10,-21,-10,-21,-9,-22,-9,-22,-9,-22,-8,-22,-8,-22,-8,-22,-8,-22,-8,-22,-8,-21,-8,-21,-9,-20,-9,-20,-9,-20,-9,-20,-9,-19,-10,-19,-11,-18,-12,-5,-3,0,0,0,0,0,0,0,0,0,0,0,0,0,0,0,0,0,0,-4,-2,-14,-7,-14,-7,-15,-8,-15,-8,-15,-9,-15,-9,-16,-10,-16,-10,-16,-11,-17,-12,-17,-12,-17,-13,-17,-13,-17,-13,-17,-13,-18,-13,-18,-13,-18,-13,-19,-12,-19,-12,-19,-12,-20,-12,-21,-12,-21,-11,-21,-11,-21,-11]"
CSI_DATA,44971,d8:b1:90:db:e8:90,-52,11,1,7,0,0,1,0,0,0,1,-94,0,8,0,703320930,0,100,0,128,1,"[100,-64,5,0,23,-5,23,-5,23,-5,23,-5,22,-6,22,-6,22,-6,22,-6,22,-7,21,-7,21,-7,21,-7,21,-8,21,-8,21,-7,21,-7,21,-7,21,-6,20,-6,20,-6,20,-5,20,-4,20,-4,21,-3,21,-2,5,-1,0,0,0,0,0,0,0,0,0,0,0,0,0,0,0,0,0,0,3,-1,14,-4,15,-4,15,-4,15,-3,16,-3,17,-3,17,-3,18,-3,18,-2,19,-2,20,-1,20,-1,20,-1,20,-1,20,-1,20,-1,21,-1,21,-2,21,-2,21,-3,21,-3,22,-4,22,-4,22,-4,23,-4,23,-4]"
CSI_DATA,44972,d8:b1:90:db:e8:90,-51,11,1,7,0,0,1,0,0,0,1,-94,0,8,0,703336272,0,100,0,128,1,"[100,-64,5,0,1,21,1,21,1,21,2,21,2,21,3,20,3,20,3,20,3,20,3,20,3,20,4,20,4,20,4,20,4,20,4,20,4,20,4,19,4,19,3,19,3,19,2,19,1,19,0,18,0,18,-1,4,0,0,0,0,0,0,0,0,0,0,0,0,0,0,0,0,0,0,0,3,0,13,-1,13,-1,13,-1,14,-2,14,-1,15,-1,15,-1,16,-1,16,-2,17,-3,18,-3,18,-3,18,-3,18,-3,18,-3,18,-2,18,-2,19,-2,20,-2,20,-2,20,-1,21,-2,21,-2,21,-2,21,-1,21]"
CSI_DATA,44973,d8:b1:90:db:e8:90,-51,11,1,7,0,0,1,0,0,0,1,-94,0,8,0,703348420,0,100,0,128,1,"[100,-64,5,0,4,24,4,24,4,24,5,24,5,24,5,23,6,23,6,22,7,22,7,22,7,21,8,21,8,22,8,22,8,22,8,22,7,22,7,22,6,22,6,22,6,22,5,21,5,22,4,22,3,22,0,5,0,0,0,0,0,0,0,0,0,0,0,0,0,0,0,0,0,0,1,3,4,14,4,14,3,15,3,15,2,16,2,17,1,18,1,18,1,19,1,20,1,20,1,21,1,21,1,21,1,21,1,21,2,21,2,22,2,22,2,22,2,23,3,23,4,23,4,24,4,24,4,24]"
CSI_DATA,44974,d8:b1:90:db:e8:90,-51,11,1,7,0,0,1,0,0,0,1,-94,0,8,0,703367558,0,100,0,128,1,"[100,-64,5,0,-22,-12,-22,-12,-23,-12,-23,-11,-23,-11,-22,-10,-22,-10,-22,-9,-22,-8,-23,-8,-23,-8,-23,-7,-23,-7,-23,-7,-23,-7,-23,-8,-23,-8,-22,-8,-22,-8,-22,-8,-22,-8,-21,-9,-21,-10,-20,-11,-20,-12,-5,-3,0,0,0,0,0,0,0,0,0,0,0,0,0,0,0,0,0,0,-4,-2,-15,-6,-15,-6,-15,-7,-15,-8,-15,-9,-16,-9,-16,-10,-16,-11,-17,-11,-17,-12,-18,-12,-18,-13,-18,-13,-18,-13,-19,-13,-19,-12,-19,-12,-19,-12,-20,-12,-20,-12,-21,-12,-21,-12,-22,-12,-22,-12,-22,-12,-22,-12]"
CSI_DATA,44975,d8:b1:90:db:e8:90,-51,11,1,7,0,0,1,0,0,0,1,-94,0,8,0,703393391,0,100,0,128,1,"[100,-64,5,0,-19,-11,-19,-11,-19,-11,-19,-11,-19,-11,-19,-10,-19,-10,-19,-9,-19,-9,-19,-9,-20,-8,-20,-8,-20,-7,-20,-8,-20,-8,-20,-8,-20,-8,-20,-8,-19,-8,-19,-8,-18,-9,-18,-9,-17,-10,-17,-11,-16,-11,-4,-3,0,0,0,0,0,0,0,0,0,0,0,0,0,0,0,0,0,0,-3,-2,-12,-7,-13,-7,-13,-8,-13,-8,-13,-9,-14,-9,-14,-10,-15,-10,-15,-11,-15,-11,-15,-12,-15,-12,-15,-12,-16,-13,-16,-13,-16,-13,-16,-13,-17,-13,-17,-12,-18,-12,-18,-12,-18,-12,-19,-12,-19,-12,-19,-12,-18,-12]"
CSI_DATA,44976,d8:b1:90:db:e8:90,-51,11,1,7,0,0,1,0,0,0,1,-94,0,8,0,703406407,0,100,0,128,1,"[100,-64,5,0,-1,25,-1,25,-1,24,-1,24,0,24,0,24,1,23,1,23,1,23,1,23,2,23,2,23,2,24,3,24,3,24,3,24,3,24,2,23,2,23,2,23,2,23,1,23,0,22,-1,22,-2,22,-1,5,0,0,0,0,0,0,0,0,0,0,0,0,0,0,0,0,0,0,0,3,1,15,0,15,-1,16,-1,17,-2,17,-2,17,-3,18,-3,18,-4,19,-4,19,-5,20,-5,20,-6,21,-6,21,-5,21,-4,22,-4,22,-4,22,-3,22,-3,23,-3,23,-3,24,-2,24,-2,24,-2,24,-3,24]"
CSI_DATA,44977,d8:b1:90:db:e8:90,-51,11,1,7,0,0,1,0,0,0,1,-94,0,8,0,703419765,0,100,0,128,1,"[100,-64,5,0,3,-26,3,-25,3,-25,2,-25,1,-25,1,-24,0,-24,0,-25,-1,-25,-1,-24,-1,-24,-2,-25,-2,-25,-2,-25,-2,-25,-2,-25,-2,-25,-1,-24,-1,-24,-1,-24,0,-24,0,-23,1,-23,2,-23,3,-23,1,-6,0,0,0,0,0,0,0,0,0,0,0,0,0,0,0,0,0,0,0,-4,3,-16,3,-16,3,-16,3,-17,4,-17,5,-18,5,-18,5,-19,6,-19,6,-20,7,-21,7,-21,7,-22,7,-22,6,-22,6,-22,6,-22,6,-23,5,-23,5,-23,5,-23,5,-24,4,-25,4,-25,4,-25,4,-25]"
CSI_DATA,44978,d8:b1:90:db:e8:90,-51,11,1,7,0,0,1,0,0,0,1,-94,0,8,0,703435088,0,100,0,128,1,"[100,-64,5,0,-24,-11,-24,-11,-24,-10,-24,-10,-23,-9,-23,-8,-23,-8,-24,-7,-24,-7,-24,-7,-24,-6,-24,-6,-24,-6,-24,-6,-24,-6,-24,-6,-24,-6,-24,-6,-23,-6,-23,-7,-23,-7,-23,-8,-22,-8,-22,-9,-21,-10,-6,-3,0,0,0,0,0,0,0,0,0,0,0,0,0,0,0,0,0,0,-4,-2,-15,-8,-15,-8,-15,-9,-15,-9,-15,-10,-15,-10,-16,-10,-16,-11,-17,-12,-17,-13,-18,-14,-18,-14,-18,-14,-18,-14,-19,-14,-19,-13,-19,-13,-20,-13,-20,-13,-21,-12,-21,-12,-22,-12,-23,-12,-23,-13,-23,-12,-23,-12]"
CSI_DATA,44979,d8:b1:90:db:e8:90,-51,11,1,7,0,0,1,0,0,0,1,-94,0,8,0,703445134,0,100,0,128,1,"[100,-64,5,0,-13,-23,-12,-23,-12,-22,-12,-22,-13,-21,-13,-21,-13,-20,-14,-20,-14,-20,-14,-20,-14,-19,-15,-19,-15,-19,-15,-19,-15,-19,-15,-19,-15,-20,-14,-20,-14,-20,-14,-20,-13,-20,-12,-20,-12,-20,-11,-21,-10,-21,-3,-6,0,0,0,0,0,0,0,0,0,0,0,0,0,0,0,0,0,0,-2,-4,-6,-15,-6,-15,-6,-15,-6,-16,-6,-16,-6,-17,-7,-18,-7,-18,-7,-19,-7,-20,-6,-21,-6,-21,-6,-22,-6,-22,-6,-22,-6,-22,-6,-22,-7,-23,-7,-23,-8,-22,-8,-23,-9,-23,-9,-22,-10,-22,-10,-22,-10,-22]"
CSI_DATA,44980,d8:b1:90:db:e8:90,-51,11,1,7,0,0,1,0,0,0,1,-94,0,8,0,703456303,0,100,0,128,1,"[100,-64,5,0,16,15,16,14,16,14,16,14,16,13,16,13,16,12,17,12,17,11,17,11,17,11,17,10,17,10,17,11,17,11,17,11,17,11,17,11,17,12,17,11,16,11,16,12,15,12,15,13,14,14,3,3,0,0,0,0,0,0,0,0,0,0,0,0,0,0,0,0,0,0,2,2,11,8,11,9,12,9,12,9,12,10,11,10,11,11,11,12,11,12,12,13,13,14,12,14,13,14,12,15,12,15,12,15,12,15,13,15,13,15,13,15,14,15,14,15,15,15,16,15,16,15,16,15]"
CSI_DATA,44981,d8:b1:90:db:e8:90,-53,11,1,5,0,0,1,0,1,0,0,-94,0,8,0,703494813,0,100,0,128,1,"[100,-64,5,0,10,-40,9,-36,8,-31,6,-25,6,-19,5,-13,5,-7,5,-1,5,3,5,7,6,10,6,12,6,14,5,14,4,12,2,10,0,7,-2,4,-5,-1,-8,-6,-11,-11,-14,-16,-16,-21,-18,-26,-18,-30,-5,-8,0,0,0,0,0,0,0,0,0,0,0,0,0,0,0,0,0,0,2,-3,8,-10,7,-8,5,-6,2,-4,0,-2,-3,1,-4,3,-5,5,-6,6,-6,6,-5,6,-4,5,-2,3,0,1,3,-2,5,-6,8,-10,10,-15,12,-20,14,-25,15,-30,16,-35,16,-39,16,-42,15,-44,15,-45]"
CSI_DATA,44982,d8:b1:90:db:e8:90,-51,11,1,7,0,0,1,0,0,0,1,-94,0,8,0,703508201,0,100,0,128,1,"[100,-64,5,0,5,24,5,24,5,24,6,24,6,23,6,23,7,22,8,22,8,22,8,22,9,22,9,21,9,21,9,22,10,22,10,22,9,21,9,21,9,21,9,21,8,21,7,21,6,22,5,22,4,22,1,5,0,0,0,0,0,0,0,0,0,0,0,0,0,0,0,0,0,0,1,3,6,14,5,14,4,15,4,15,4,16,4,17,4,18,4,18,3,19,3,20,2,20,2,21,2,21,2,21,2,21,2,22,2,22,2,22,2,22,3,22,3,22,3,23,4,23,4,24,4,24,5,24]"
CSI_DATA,44983,d8:b1:90:db:e8:90,-51,11,1,7,0,0,1,0,0,0,1,-94,0,8,0,703518658,0,100,0,128,1,"[100,-64,5,0,21,6,21,6,21,6,21,6,21,6,21,5,21,5,21,4,21,4,21,3,21,3,21,2,21,2,21,2,21,2,21,2,21,3,21,3,20,3,20,4,20,4,20,4,19,5,19,6,19,7,4,1,0,0,0,0,0,0,0,0,0,0,0,0,0,0,0,0,0,0,3,0,13,2,14,3,14,4,15,5,15,5,15,6,15,6,16,7,16,7,17,8,17,8,17,9,17,9,18,9,18,9,18,9,18,9,19,8,19,7,19,7,20,7,20,7,21,7,21,7,21,7,21,7]"
CSI_DATA,44984,d8:b1:90:db:e8:90,-51,11,1,7,0,0,1,0,0,0,1,-94,0,8,0,703534926,0,100,0,128,1,"[100,-64,5,0,-24,8,-24,7,-24,8,-24,8,-24,8,-24,8,-23,9,-23,9,-22,10,-22,10,-22,11,-21,11,-21,12,-21,12,-21,12,-22,12,-22,11,-21,11,-21,10,-21,10,-21,9,-21,9,-22,8,-22,7,-22,6,-6,1,0,0,0,0,0,0,0,0,0,0,0,0,0,0,0,0,0,0,-4,1,-15,5,-15,5,-16,4,-17,3,-18,3,-19,3,-19,3,-20,2,-20,2,-21,2,-22,2,-22,2,-22,2,-22,2,-23,2,-23,3,-23,3,-23,4,-23,5,-23,5,-23,5,-23,6,-24,6,-25,6,-25,7,-24,7]"
CSI_DATA,44985,d8:b1:90:db:e8:90,-51,11,1,7,0,0,1,0,0,0,1,-94,0,8,0,703545481,0,100,0,128,1,"[100,-64,5,0,6,-26,6,-26,6,-25,5,-25,5,-25,5,-25,4,-25,4,-25,3,-25,3,-25,2,-25,1,-25,1,-25,1,-25,1,-25,1,-25,1,-25,2,-25,2,-24,3,-24,3,-24,4,-23,5,-23,6,-22,6,-22,1,-6,0,0,0,0,0,0,0,0,0,0,0,0,0,0,0,0,0,0,1,-4,4,-16,5,-16,5,-16,5,-17,6,-17,7,-18,8,-18,9,-18,9,-19,10,-19,10,-20,10,-20,10,-20,10,-21,10,-21,10,-21,10,-21,10,-22,9,-23,8,-23,8,-23,8,-24,7,-25,7,-26,7,-26,7,-25]"
CSI_DATA,44986,d8:b1:90:db:e8:90,-51,11,1,7,0,0,1,0,0,0,1,-94,0,8,0,703566001,0,100,0,128,1,"[100,-64,5,0,5,21,5,21,5,21,5,21,5,21,6,20,6,20,7,20,7,20,7,20,8,19,8,19,9,19,9,19,9,19,9,19,9,19,9,18,9,18,8,18,8,18,7,18,6,18,6,18,5,18,1,4,0,0,0,0,0,0,0,0,0,0,0,0,0,0,0,0,0,0,1,2,5,12,5,12,5,13,4,13,4,14,3,15,4,16,4,16,4,17,4,17,3,19,3,19,3,19,3,20,2,19,2,19,2,19,3,19,3,20,3,20,3,20,4,21,4,21,4,21,4,21,4,21]"
CSI_DATA,44987,d8:b1:90:db:e8:90,-51,11,1,7,0,0,1,0,0,0,1,-94,0,8,0,703577118,0,100,0,128,1,"[100,-64,5,0,-2,25,-2,25,-2,25,-2,24,-2,24,-1,24,-1,24,0,24,1,24,1,23,2,23,3,23,3,23,3,23,3,23,3,23,3,23,3,23,2,23,2,22,1,22,1,22,1,22,0,22,-1,21,-1,5,0,0,0,0,0,0,0,0,0,0,0,0,0,0,0,0,0,0,0,3,1,15,1,15,0,16,0,17,-1,17,-1,17,-2,18,-2,19,-2,19,-3,20,-3,21,-3,21,-4,22,-4,22,-4,21,-4,22,-4,22,-4,22,-4,22,-4,23,-4,23,-3,23,-3,24,-3,24,-3,24,-3,24]"
CSI_DATA,44988,d8:b1:90:db:e8:90,-51,11,1,7,0,0,1,0,0,0,1,-94,0,8,0,703600631,0,100,0,128,1,"[100,-64,5,0,-3,-23,-3,-23,-3,-23,-3,-23,-3,-22,-4,-22,-4,-22,-5,-22,-5,-22,-5,-21,-6,-21,-6,-21,-6,-21,-6,-21,-7,-22,-7,-22,-7,-21,-6,-21,-6,-21,-6,-21,-5,-21,-5,-20,-4,-20,-3,-20,-2,-20,-1,-5,0,0,0,0,0,0,0,0,0,0,0,0,0,0,0,0,0,0,-1,-4,-4,-14,-3,-14,-3,-15,-3,-16,-3,-16,-2,-17,-1,-17,-1,-18,-1,-19,0,-20,0,-20,0,-20,0,-21,0,-21,-1,-21,-1,-21,-1,-21,-1,-21,-1,-22,-1,-22,-2,-22,-2,-22,-2,-23,-2,-23,-1,-23,-1,-23]"
CSI_DATA,44989,d8:b1:90:db:e8:90,-51,11,1,7,0,0,1,0,0,0,1,-94,0,8,0,703614233,0,100,0,128,1,"[100,-64,5,0,-19,-15,-19,-15,-19,-15,-19,-14,-19,-13,-19,-13,-19,-12,-19,-12,-19,-12,-20,-12,-20,-11,-20,-11,-20,-11,-20,-11,-20,-11,-20,-11,-19,-11,-19,-11,-18,-11,-18,-11,-18,-12,-17,-12,-17,-13,-16,-13,-16,-13,-4,-4,0,0,0,0,0,0,0,0,0,0,0,0,0,0,0,0,0,0,-4,-2,-12,-9,-12,-9,-13,-10,-13,-11,-13,-12,-13,-12,-13,-12,-13,-13,-13,-14,-13,-15,-13,-15,-13,-16,-13,-16,-13,-17,-13,-17,-14,-16,-14,-16,-14,-16,-15,-16,-15,-17,-15,-17,-16,-17,-17,-17,-18,-17,-17,-17,-17,-16]"
CSI_DATA,44990,d8:b1:90:db:e8:90,-52,11,1,5,0,0,1,0,1,0,0,-94,0,8,0,703746764,0,100,0,128,1,"[100,-64,5,0,-8,45,-7,41,-5,34,-5,27,-5,20,-6,13,-7,6,-8,0,-10,-5,-12,-10,-14,-13,-15,-15,-15,-16,-14,-16,-13,-15,-10,-14,-6,-11,-1,-9,4,-6,10,-2,15,1,21,5,27,8,31,12,34,15,8,4,0,0,0,0,0,0,0,0,0,0,0,0,0,0,0,0,0,0,-4,1,-12,6,-9,5,-5,3,-1,2,2,0,5,-2,8,-3,10,-5,11,-6,12,-7,11,-7,9,-6,7,-5,3,-2,0,1,-4,5,-8,10,-11,15,-14,21,-16,27,-18,33,-18,39,-17,44,-16,48,-15,51,-14,52]"
CSI_DATA,44991,d8:b1:90:db:e8:90,-52,11,1,6,0,0,1,0,0,0,1,-94,0,8,0,703759284,0,100,0,128,1,"[100,-64,5,0,42,21,38,18,32,15,26,12,19,10,12,8,5,7,-2,7,-7,7,-12,8,-15,8,-18,9,-19,9,-19,8,-18,6,-15,4,-12,1,-8,-3,-4,-7,1,-11,6,-16,11,-20,16,-25,21,-28,24,-30,6,-8,0,0,0,0,0,0,0,0,0,0,0,0,0,0,0,0,0,0,0,3,3,13,2,10,2,6,1,2,1,-2,1,-6,0,-9,-1,-11,-2,-13,-2,-13,-3,-12,-3,-11,-2,-8,0,-4,1,0,4,5,7,10,12,15,17,19,22,23,27,26,33,28,38,29,42,30,45,30,46,30]"
CSI_DATA,44992,d8:b1:90:db:e8:90,-52,11,1,6,0,0,1,0,0,0,1,-94,0,8,0,703770655,0,100,0,128,1,"[100,-64,5,0,6,-48,5,-42,3,-36,3,-29,3,-22,4,-15,5,-8,7,-2,9,3,11,7,13,10,14,12,14,14,13,14,12,13,9,12,5,10,0,8,-5,5,-11,2,-17,-1,-23,-4,-29,-7,-34,-11,-37,-13,-10,-4,0,0,0,0,0,0,0,0,0,0,0,0,0,0,0,0,0,0,3,-2,12,-7,9,-6,5,-5,1,-3,-2,-2,-6,0,-8,2,-10,3,-12,5,-12,5,-11,5,-10,5,-7,3,-4,1,0,-2,4,-7,7,-12,10,-17,13,-23,15,-29,16,-35,16,-41,15,-46,14,-50,13,-53,12,-54]"
CSI_DATA,44993,d8:b1:90:db:e8:90,-53,11,1,6,0,0,1,0,0,0,1,-94,0,8,0,703780827,0,100,0,128,1,"[100,-64,5,0,24,30,22,26,19,22,15,18,10,14,5,10,1,7,-4,5,-8,3,-12,2,-15,1,-17,0,-18,0,-17,-1,-16,-2,-13,-3,-10,-4,-6,-5,-1,-6,5,-8,10,-9,16,-11,21,-12,26,-12,29,-12,7,-3,0,0,0,0,0,0,0,0,0,0,0,0,0,0,0,0,0,0,-1,2,-3,10,-1,8,1,5,1,2,1,-1,2,-3,3,-6,2,-9,2,-10,2,-11,2,-11,1,-9,1,-7,0,-3,1,1,1,5,2,10,4,15,6,20,9,24,12,29,16,32,19,34,23,36,25,37,26,37]"
CSI_DATA,44994,d8:b1:90:db:e8:90,-51,11,1,6,0,0,1,0,0,0,1,-94,0,8,0,703794664,0,100,0,128,1,"[100,-64,5,0,17,13,17,13,16,13,16,12,16,12,16,11,17,11,17,11,17,10,17,10,17,9,18,9,18,9,18,9,18,9,18,8,18,8,17,9,17,9,16,9,16,9,15,10,15,10,15,11,14,11,3,2,0,0,0,0,0,0,0,0,0,0,0,0,0,0,0,0,0,0,2,1,11,6,12,6,12,7,11,8,10,9,10,9,11,9,12,10,12,11,12,11,12,11,13,12,13,12,13,13,13,13,14,13,14,13,15,13,15,13,15,13,16,13,16,14,16,14,17,14,17,14,17,14]"
CSI_DATA,44995,d8:b1:90:db:e8:90,-51,11,1,6,0,0,1,0,0,0,1,-94,0,8,0,703820482,0,100,0,128,1,"[100,-64,5,0,4,-23,4,-22,4,-22,4,-22,3,-21,3,-21,2,-21,2,-21,1,-22,1,-22,1,-21,0,-21,0,-21,0,-21,0,-21,0,-21,0,-21,0,-21,1,-21,1,-20,2,-20,2,-20,3,-19,4,-19,5,-19,1,-5,0,0,0,0,0,0,0,0,0,0,0,0,0,0,0,0,0,0,0,-4,1,-14,1,-14,1,-14,1,-15,2,-15,2,-15,3,-16,3,-17,4,-17,4,-18,5,-18,5,-18,5,-18,5,-19,5,-19,5,-20,5,-20,5,-21,5,-21,4,-21,4,-21,4,-22,5,-22,5,-22,5,-23,5,-22]"
CSI_DATA,44996,d8:b1:90:db:e8:90,-51,11,1,6,0,0,1,0,0,0,1,-94,0,8,0,703831571,0,100,0,128,1,"[100,-64,5,0,16,18,16,18,16,17,16,17,16,16,16,16,16,16,16,15,17,15,17,14,17,13,17,12,18,12,18,12,18,12,19,12,19,12,18,12,18,13,17,13,17,13,16,13,16,14,15,14,14,15,3,3,0,0,0,0,0,0,0,0,0,0,0,0,0,0,0,0,0,0,2,2,11,9,10,10,10,10,10,11,11,11,11,12,11,13,11,14,11,14,11,15,11,16,11,16,11,17,11,17,11,17,11,17,12,17,12,17,13,17,13,18,13,18,14,18,14,18,15,18,14,18,15,18]"
CSI_DATA,44997,d8:b1:90:db:e8:90,-51,11,1,6,0,0,1,0,0,0,1,-94,0,8,0,703842887,0,100,0,128,1,"[100,-64,5,0,-13,20,-13,20,-13,20,-13,20,-12,20,-12,20,-11,20,-11,20,-10,20,-10,20,-10,20,-9,21,-9,21,-9,21,-8,21,-8,21,-8,21,-8,21,-8,20,-9,20,-9,19,-10,19,-10,19,-11,18,-11,18,-3,4,0,0,0,0,0,0,0,0,0,0,0,0,0,0,0,0,0,0,-2,3,-8,13,-8,13,-9,13,-9,13,-10,13,-10,14,-11,15,-11,15,-12,16,-12,16,-13,16,-13,17,-14,17,-14,17,-14,17,-14,17,-14,17,-14,18,-14,18,-14,18,-14,18,-14,19,-14,19,-14,20,-14,20,-13,20]"
CSI_DATA,44998,d8:b1:90:db:e8:90,-51,11,1,7,0,0,1,0,0,0,0,-94,0,8,0,703854649,0,100,0,128,1,"[100,-64,5,0,-5,23,-5,23,-4,23,-4,23,-4,23,-4,22,-3,22,-3,22,-3,22,-2,22,-2,22,-1,22,-1,22,-1,22,0,22,0,22,0,22,-1,22,-1,21,-1,21,-2,21,-3,21,-3,20,-4,20,-5,20,-2,5,0,0,0,0,0,0,0,0,0,0,0,0,0,0,0,0,0,0,-1,3,-2,15,-2,15,-2,15,-3,15,-3,16,-4,17,-4,18,-4,18,-5,19,-5,19,-6,20,-6,20,-7,21,-7,21,-7,21,-6,21,-6,21,-6,21,-7,22,-7,22,-7,22,-6,23,-6,23,-6,23,-5,23,-5,23]"
CSI_DATA,44999,d8:b1:90:db:e8:90,-51,11,1,7,0,0,1,0,0,0,0,-94,0,8,0,703865103,0,100,0,128,1,"[100,-64,5,0,21,8,21,8,22,8,22,8,21,8,21,8,21,7,21,7,21,6,21,6,22,5,22,5,22,4,22,5,22,5,22,4,22,5,21,5,21,5,20,5,20,6,20,6,20,7,19,7,19,8,4,2,0,0,0,0,0,0,0,0,0,0,0,0,0,0,0,0,0,0,3,0,14,3,14,4,14,4,14,5,15,5,15,6,16,6,17,6,17,7,18,8,18,8,19,8,19,9,19,9,19,9,19,9,19,9,20,9,20,10,20,10,20,10,21,9,21,9,21,9,22,9,22,9]"
CSI_DATA,45000,d8:b1:90:db:e8:90,-51,11,1,7,0,0,1,0,0,0,1,-94,0,8,0,703877321,0,100,0,128,1,"[100,-64,5,0,20,-14,20,-14,19,-14,19,-14,18,-14,18,-14,17,-15,17,-15,17,-15,16,-15,16,-16,16,-16,15,-17,15,-17,15,-16,16,-16,16,-16,15,-16,16,-15,16,-15,16,-14,16,-14,16,-13,17,-12,18,-12,4,-3,0,0,0,0,0,0,0,0,0,0,0,0,0,0,0,0,0,0,2,-3,12,-10,12,-10,13,-10,14,-9,14,-9,15,-9,15,-9,16,-10,17,-10,17,-10,18,-10,18,-10,19,-10,19,-10,19,-10,19,-10,19,-10,19,-11,19,-11,19,-12,19,-12,19,-12,20,-13,20,-13,20,-13,21,-13]"
CSI_DATA,45001,d8:b1:90:db:e8:90,-51,11,1,7,0,0,1,0,0,0,1,-94,0,8,0,703889514,0,100,0,128,1,"[100,-64,5,0,17,12,17,12,17,11,18,11,18,10,18,10,18,10,18,9,18,8,18,7,18,7,18,7,18,7,18,7,18,7,18,7,18,7,18,7,17,7,17,7,17,7,16,7,16,8,16,9,16,10,4,2,0,0,0,0,0,0,0,0,0,0,0,0,0,0,0,0,0,0,2,1,12,5,13,6,13,6,12,7,12,7,12,7,13,8,12,9,13,10,13,11,14,11,14,12,14,12,14,13,14,13,14,13,15,13,15,12,15,12,16,12,16,12,16,12,17,12,17,12,17,12,17,12]"
CSI_DATA,45002,d8:b1:90:db:e8:90,-51,11,1,7,0,0,1,0,0,0,1,-94,0,8,0,703901437,0,100,0,128,1,"[100,-64,5,0,3,24,3,23,3,23,3,23,4,22,4,22,4,22,5,22,6,21,6,21,6,21,7,21,7,21,7,21,7,21,7,21,7,21,6,20,6,20,6,20,5,20,5,20,4,20,3,21,2,21,0,5,0,0,0,0,0,0,0,0,0,0,0,0,0,0,0,0,0,0,1,3,4,14,4,14,3,15,2,15,2,16,2,16,1,17,1,18,1,19,1,19,0,20,0,21,0,21,0,21,0,22,0,22,1,22,1,22,1,22,1,22,1,22,2,23,2,23,2,23,2,23,2,24]"
CSI_DATA,45003,d8:b1:90:db:e8:90,-51,11,1,7,0,0,1,0,0,0,1,-94,0,8,0,703921096,0,100,0,128,1,"[100,-64,5,0,-6,21,-6,21,-6,21,-5,20,-4,20,-4,20,-3,20,-3,20,-3,20,-2,20,-2,20,-2,20,-1,19,-1,20,-1,20,-2,20,-2,20,-2,20,-2,19,-3,19,-3,18,-4,18,-4,18,-5,18,-6,18,-2,4,0,0,0,0,0,0,0,0,0,0,0,0,0,0,0,0,0,0,-1,3,-2,13,-3,13,-4,13,-4,14,-5,14,-5,15,-5,15,-5,16,-6,16,-6,17,-7,17,-7,17,-7,18,-7,18,-7,18,-8,18,-8,18,-8,18,-7,19,-7,19,-7,19,-7,19,-7,20,-7,21,-7,21,-6,21]"
CSI_DATA,45004,d8:b1:90:db:e8:90,-52,11,1,7,0,0,1,0,0,0,1,-94,0,8,0,703936011,0,100,0,128,1,"[100,-64,5,0,-22,-3,-22,-3,-21,-2,-21,-1,-20,-1,-20,-1,-20,0,-20,1,-20,1,-20,1,-20,2,-20,2,-20,3,-20,2,-20,2,-20,2,-19,2,-19,2,-19,2,-19,2,-19,1,-19,1,-19,0,-19,-1,-19,-2,-5,-1,0,0,0,0,0,0,0,0,0,0,0,0,0,0,0,0,0,0,-4,0,-13,0,-14,-1,-14,-1,-15,-1,-15,-2,-16,-2,-16,-1,-17,-2,-17,-2,-18,-3,-18,-3,-19,-4,-19,-4,-19,-4,-19,-4,-19,-4,-19,-4,-19,-4,-20,-3,-20,-3,-20,-3,-20,-3,-21,-3,-21,-3,-21,-3,-22,-3]"
CSI_DATA,45005,d8:b1:90:db:e8:90,-51,11,1,7,0,0,1,0,0,0,1,-94,0,8,0,703948025,0,100,0,128,1,"[100,-64,5,0,23,3,23,3,23,3,23,3,23,2,22,2,22,1,22,0,22,0,22,-1,22,-1,22,-2,22,-2,22,-2,22,-2,22,-2,21,-2,21,-2,21,-1,21,-1,21,-1,21,0,21,1,20,2,20,3,5,0,0,0,0,0,0,0,0,0,0,0,0,0,0,0,0,0,0,0,3,0,14,1,15,2,15,2,15,2,16,3,16,3,17,3,18,3,18,4,19,5,19,5,20,6,20,6,20,6,20,6,20,5,20,5,21,5,21,5,21,5,22,5,22,5,23,5,23,5,23,5,23,5]"
CSI_DATA,45006,d8:b1:90:db:e8:90,-51,11,1,7,0,0,1,0,0,0,1,-94,0,8,0,703961889,0,100,0,128,1,"[100,-64,5,0,6,-24,6,-24,6,-24,5,-24,5,-23,5,-23,4,-23,3,-23,3,-23,2,-23,1,-23,1,-23,1,-23,1,-23,1,-23,1,-23,1,-22,1,-22,2,-22,2,-23,3,-23,4,-22,4,-21,5,-21,6,-20,1,-5,0,0,0,0,0,0,0,0,0,0,0,0,0,0,0,0,0,0,0,-4,2,-15,2,-16,3,-16,3,-16,3,-16,4,-17,4,-18,5,-19,6,-19,6,-19,7,-20,7,-21,7,-21,7,-21,7,-21,7,-21,7,-21,7,-21,7,-21,7,-22,7,-22,7,-23,7,-23,7,-23,7,-23,7,-24]"
CSI_DATA,45007,d8:b1:90:db:e8:90,-51,11,1,7,0,0,1,0,0,0,1,-94,0,8,0,703974581,0,100,0,128,1,"[100,-64,5,0,23,0,23,0,23,0,23,-1,23,-1,22,-1,22,-2,22,-2,22,-3,22,-3,22,-4,22,-5,22,-5,22,-5,22,-5,22,-5,22,-4,22,-3,21,-3,21,-3,21,-2,20,-2,20,-1,21,0,20,1,5,0,0,0,0,0,0,0,0,0,0,0,0,0,0,0,0,0,0,0,3,-1,14,-3,15,-2,15,-1,16,0,16,0,17,1,18,1,18,1,19,1,19,2,19,2,20,2,20,3,20,3,21,2,21,2,22,2,22,2,22,2,22,3,23,2,23,2,23,0,24,0,24,0,24,0]"
CSI_DATA,45008,d8:b1:90:db:e8:90,-51,11,1,7,0,0,1,0,0,0,1,-94,0,8,0,703986390,0,100,0,128,1,"[100,-64,5,0,9,19,9,19,9,18,10,18,10,17,10,17,10,16,11,16,11,16,11,15,11,15,12,15,12,15,13,15,13,14,12,14,12,14,12,14,12,14,12,14,11,14,11,15,10,15,9,15,8,16,2,4,0,0,0,0,0,0,0,0,0,0,0,0,0,0,0,0,0,0,2,2,8,8,7,10,7,11,6,12,6,12,6,12,6,13,6,13,6,15,7,16,6,16,6,16,6,17,6,17,7,17,7,17,7,17,7,17,7,18,8,18,8,18,8,18,8,18,8,19,8,19,9,19]"
CSI_DATA,45009,d8:b1:90:db:e8:90,-52,11,1,7,0,0,1,0,0,0,1,-94,0,8,0,703996438,0,100,0,128,1,"[100,-64,5,0,-15,15,-15,15,-15,15,-15,15,-14,14,-14,14,-13,15,-12,15,-12,15,-12,15,-12,16,-11,16,-10,17,-11,17,-11,17,-11,17,-10,16,-10,16,-10,16,-10,16,-10,16,-11,16,-12,15,-12,14,-13,14,-4,3,0,0,0,0,0,0,0,0,0,0,0,0,0,0,0,0,0,0,-2,2,-8,11,-8,11,-9,11,-10,10,-10,9,-10,10,-11,11,-12,12,-13,11,-14,11,-15,10,-15,10,-15,10,-15,11,-15,12,-15,12,-15,12,-15,12,-15,12,-15,13,-15,13,-16,14,-16,14,-16,14,-16,14,-15,15]"
CSI_DATA,45010,d8:b1:90:db:e8:90,-52,11,1,7,0,0,1,0,0,0,1,-94,0,8,0,704023433,0,100,0,128,1,"[100,-64,5,0,19,-14,19,-14,19,-14,18,-14,18,-14,17,-14,17,-14,17,-15,16,-16,16,-16,16,-16,15,-17,15,-17,15,-17,15,-17,14,-17,14,-17,14,-16,14,-16,14,-16,14,-15,15,-15,15,-14,15,-13,15,-11,3,-3,0,0,0,0,0,0,0,0,0,0,0,0,0,0,0,0,0,0,2,-3,10,-11,10,-10,11,-10,12,-10,12,-10,13,-10,14,-10,14,-9,15,-9,16,-9,16,-10,17,-10,17,-10,17,-10,17,-10,17,-10,18,-10,18,-11,18,-11,19,-11,19,-11,19,-12,19,-12,19,-12,20,-12,20,-13]"
CSI_DATA,45011,d8:b1:90:db:e8:90,-51,11,1,7,0,0,1,0,0,0,1,-94,0,8,0,704036765,0,100,0,128,1,"[100,-64,5,0,11,-22,11,-22,11,-21,10,-21,9,-21,9,-21,8,-21,8,-21,7,-22,6,-22,6,-22,5,-22,5,-22,5,-22,5,-22,5,-22,5,-22,5,-22,6,-21,6,-21,7,-20,7,-20,8,-19,9,-19,10,-19,2,-5,0,0,0,0,0,0,0,0,0,0,0,0,0,0,0,0,0,0,0,-4,3,-13,4,-13,5,-14,6,-15,7,-15,8,-14,9,-15,10,-16,11,-16,11,-16,11,-17,11,-18,11,-18,11,-18,11,-18,12,-18,12,-19,12,-19,12,-19,12,-19,12,-20,12,-20,11,-20,12,-20,12,-20,12,-21]"
CSI_DATA,45012,d8:b1:90:db:e8:90,-52,11,1,7,0,0,1,0,0,0,1,-94,0,8,0,704050180,0,100,0,128,1,"[100,-64,5,0,20,-6,20,-6,20,-6,20,-6,19,-7,19,-7,18,-7,18,-7,18,-8,18,-8,18,-8,17,-8,17,-8,17,-8,18,-9,18,-9,17,-8,17,-8,17,-8,17,-8,17,-8,18,-7,18,-6,18,-5,18,-5,4,-1,0,0,0,0,0,0,0,0,0,0,0,0,0,0,0,0,0,0,3,-2,11,-6,11,-6,11,-6,12,-5,13,-4,13,-4,13,-5,15,-5,16,-5,16,-4,16,-4,17,-4,18,-4,18,-3,18,-4,18,-4,18,-3,18,-4,18,-4,19,-4,19,-5,19,-5,20,-6,20,-6,21,-6,21,-6]"
CSI_DATA,45013,d8:b1:90:db:e8:90,-52,11,1,7,0,0,1,0,0,0,1,-94,0,8,0,704062307,0,100,0,128,1,"[100,-64,5,0,-19,10,-19,10,-19,10,-18,10,-18,10,-18,10,-18,10,-17,10,-17,10,-16,11,-16,11,-16,11,-16,11,-16,12,-16,12,-16,12,-16,12,-16,11,-16,11,-16,11,-16,10,-16,10,-17,10,-17,9,-17,8,-5,2,0,0,0,0,0,0,0,0,0,0,0,0,0,0,0,0,0,0,-3,1,-11,8,-12,8,-12,8,-13,8,-13,7,-13,7,-14,7,-14,8,-15,8,-16,7,-17,7,-17,7,-17,7,-17,7,-18,7,-18,7,-18,7,-18,7,-18,8,-18,8,-18,8,-19,9,-19,10,-19,10,-19,10,-19,9]"
CSI_DATA,45014,d8:b1:90:db:e8:90,-52,11,1,7,0,0,1,0,0,0,1,-94,0,8,0,704073117,0,100,0,128,1,"[100,-64,5,0,-22,-11,-22,-11,-22,-11,-22,-10,-22,-9,-22,-9,-22,-8,-22,-8,-22,-7,-22,-7,-22,-6,-22,-6,-22,-5,-22,-5,-22,-5,-22,-5,-22,-5,-22,-6,-22,-6,-22,-6,-22,-7,-21,-7,-21,-7,-20,-8,-20,-9,-5,-3,0,0,0,0,0,0,0,0,0,0,0,0,0,0,0,0,0,0,-4,-2,-14,-6,-14,-6,-15,-7,-15,-8,-15,-8,-16,-8,-16,-9,-16,-9,-16,-10,-17,-11,-17,-11,-17,-12,-17,-12,-17,-13,-18,-13,-18,-13,-19,-13,-19,-12,-19,-12,-20,-12,-20,-12,-21,-12,-21,-12,-22,-12,-21,-12,-21,-12]"
CSI_DATA,45015,d8:b1:90:db:e8:90,-52,11,1,7,0,0,1,0,0,0,1,-94,0,8,0,704084572,0,100,0,128,1,"[100,-64,5,0,-24,-6,-24,-6,-24,-5,-24,-4,-23,-4,-23,-3,-23,-3,-23,-2,-23,-2,-23,-2,-23,-1,-23,0,-22,0,-22,0,-22,0,-23,0,-23,-1,-22,-1,-22,-1,-22,-2,-22,-2,-22,-2,-22,-3,-21,-4,-21,-5,-6,-2,0,0,0,0,0,0,0,0,0,0,0,0,0,0,0,0,0,0,-4,-1,-14,-2,-14,-3,-15,-3,-16,-3,-17,-4,-17,-4,-17,-5,-17,-5,-17,-5,-18,-6,-19,-7,-19,-7,-19,-8,-19,-8,-20,-8,-20,-8,-21,-7,-21,-7,-21,-7,-21,-7,-22,-6,-22,-6,-23,-6,-23,-6,-23,-6,-23,-7]"
CSI_DATA,45016,d8:b1:90:db:e8:90,-51,11,1,7,0,0,1,0,0,0,1,-94,0,8,0,704095238,0,100,0,128,1,"[100,-64,5,0,18,-12,18,-11,17,-12,17,-12,16,-13,16,-13,16,-13,15,-13,15,-13,14,-14,14,-14,14,-14,14,-14,14,-14,15,-14,15,-14,14,-14,14,-14,15,-14,15,-13,15,-13,15,-13,15,-12,15,-11,16,-11,4,-3,0,0,0,0,0,0,0,0,0,0,0,0,0,0,0,0,0,0,2,-3,9,-9,11,-8,11,-8,11,-8,11,-8,12,-9,13,-9,14,-9,14,-8,14,-8,15,-9,15,-10,16,-9,16,-9,17,-9,17,-9,17,-9,17,-9,18,-10,18,-10,18,-10,18,-10,18,-11,18,-11,18,-11,18,-11]"
CSI_DATA,45017,d8:b1:90:db:e8:90,-52,11,1,7,0,0,1,0,0,0,1,-94,0,8,0,704124516,0,100,0,128,1,"[100,-64,5,0,22,6,22,6,22,6,22,5,22,5,22,4,22,4,22,2,22,2,22,1,22,1,22,1,21,1,21,1,22,1,22,1,22,1,21,2,21,2,21,2,21,2,21,3,20,4,20,5,20,5,5,1,0,0,0,0,0,0,0,0,0,0,0,0,0,0,0,0,0,0,3,0,13,1,13,2,13,2,14,3,15,3,15,3,16,4,16,5,17,5,17,6,17,6,18,7,18,7,18,7,18,7,18,7,18,7,19,7,19,7,20,7,20,7,21,7,21,7,22,6,22,7,22,7]"
CSI_DATA,45018,d8:b1:90:db:e8:90,-51,11,1,7,0,0,1,0,0,0,1,-94,0,8,0,704134611,0,100,0,128,1,"[100,-64,5,0,-25,1,-25,1,-25,1,-24,2,-24,3,-23,3,-23,4,-23,4,-23,5,-23,5,-22,6,-22,6,-22,7,-22,7,-22,6,-22,6,-22,6,-22,6,-22,6,-22,5,-22,5,-22,4,-22,3,-22,2,-22,1,-6,0,0,0,0,0,0,0,0,0,0,0,0,0,0,0,0,0,0,0,-4,0,-15,3,-15,3,-15,2,-16,1,-17,1,-17,1,-18,1,-18,0,-19,0,-20,0,-20,-1,-20,-1,-21,-1,-21,-1,-21,-1,-22,-1,-22,-1,-22,-1,-22,-1,-23,0,-23,0,-23,0,-24,1,-24,1,-25,1,-25,1]"
CSI_DATA,45019,d8:b1:90:db:e8:90,-52,11,1,7,0,0,1,0,0,0,1,-94,0,8,0,704147861,0,100,0,128,1,"[100,-64,5,0,-9,22,-10,21,-9,21,-9,21,-9,21,-8,21,-8,21,-7,21,-7,21,-7,21,-6,21,-6,22,-6,22,-5,22,-5,22,-4,21,-4,21,-5,21,-5,21,-5,21,-6,21,-7,20,-7,20,-8,19,-8,19,-3,4,0,0,0,0,0,0,0,0,0,0,0,0,0,0,0,0,0,0,-1,3,-4,14,-5,14,-5,14,-6,14,-7,14,-7,15,-8,15,-8,16,-9,16,-10,17,-10,17,-11,17,-12,17,-11,17,-10,18,-10,18,-10,18,-10,19,-10,19,-10,20,-10,20,-10,21,-10,21,-10,21,-10,22,-10,22]"
CSI_DATA,45020,d8:b1:90:db:e8:90,-52,11,1,7,0,0,1,0,0,0,1,-94,0,8,0,704160829,0,100,0,128,1,"[100,-64,5,0,-2,-24,-2,-24,-1,-24,-2,-24,-2,-23,-2,-23,-3,-23,-4,-23,-4,-23,-4,-22,-4,-22,-5,-23,-5,-23,-5,-23,-5,-23,-6,-22,-6,-22,-6,-22,-5,-22,-5,-22,-5,-22,-4,-22,-3,-22,-3,-21,-2,-21,-1,-6,0,0,0,0,0,0,0,0,0,0,0,0,0,0,0,0,0,0,-1,-4,-2,-15,-2,-15,-2,-15,-1,-16,-1,-17,0,-17,0,-18,0,-18,1,-19,1,-20,2,-20,2,-20,3,-21,3,-21,2,-21,1,-21,1,-22,1,-22,0,-22,0,-23,0,-23,0,-23,-1,-24,-1,-24,-1,-24,-1,-24]"
CSI_DATA,45021,d8:b1:90:db:e8:90,-51,11,1,7,0,0,1,0,0,0,1,-94,0,8,0,704171418,0,100,0,128,1,"[100,-64,5,0,15,19,15,19,15,18,15,18,15,18,15,17,15,16,15,16,16,16,16,15,16,15,16,14,16,14,16,14,16,15,16,15,16,15,16,15,16,15,15,15,15,15,14,15,14,16,13,16,12,17,3,4,0,0,0,0,0,0,0,0,0,0,0,0,0,0,0,0,0,0,2,2,9,9,9,10,9,11,9,11,9,12,9,13,9,14,10,14,10,15,10,16,10,17,10,17,11,17,10,17,10,17,11,17,11,18,11,18,12,18,12,18,12,19,13,19,13,19,14,19,14,19,14,19]"
CSI_DATA,45022,d8:b1:90:db:e8:90,-52,11,1,7,0,0,1,0,0,0,1,-94,0,8,0,704181746,0,100,0,128,1,"[100,-64,5,0,-2,-25,-1,-25,-2,-25,-2,-24,-2,-24,-2,-23,-3,-23,-3,-23,-4,-23,-5,-23,-5,-23,-5,-23,-5,-23,-5,-23,-5,-23,-5,-23,-4,-23,-4,-23,-4,-22,-3,-23,-3,-22,-2,-22,-2,-22,-1,-22,0,-22,0,-6,0,0,0,0,0,0,0,0,0,0,0,0,0,0,0,0,0,0,-1,-4,-3,-14,-3,-15,-3,-15,-2,-16,-2,-16,-2,-17,-1,-18,-1,-18,0,-19,0,-20,0,-21,0,-21,0,-21,0,-21,0,-21,0,-22,0,-22,0,-22,0,-23,0,-23,0,-23,0,-23,-1,-24,-1,-25,-1,-25,-1,-25]"
CSI_DATA,45023,d8:b1:90:db:e8:90,-51,11,1,7,0,0,1,0,0,0,1,-94,0,8,0,704192080,0,100,0,128,1,"[100,-64,5,0,-20,10,-20,10,-20,9,-19,10,-19,10,-18,10,-18,10,-18,11,-17,10,-17,11,-17,11,-17,11,-17,11,-17,11,-17,11,-17,11,-17,11,-17,11,-16,11,-17,11,-17,10,-17,9,-17,9,-17,8,-18,7,-5,1,0,0,0,0,0,0,0,0,0,0,0,0,0,0,0,0,0,0,-3,1,-11,7,-11,7,-12,7,-13,6,-13,6,-14,6,-15,5,-15,6,-15,6,-16,6,-17,7,-18,6,-18,6,-18,6,-18,6,-18,6,-18,6,-18,7,-19,7,-19,7,-19,8,-19,8,-19,8,-20,8,-20,8,-20,9]"
CSI_DATA,45024,d8:b1:90:db:e8:90,-51,11,1,7,0,0,1,0,0,0,1,-94,0,8,0,704202742,0,100,0,128,1,"[100,-64,5,0,-11,-20,-11,-20,-11,-19,-11,-19,-11,-18,-11,-18,-12,-18,-12,-17,-13,-17,-13,-16,-13,-16,-13,-16,-14,-15,-14,-16,-14,-16,-14,-16,-14,-16,-13,-16,-13,-16,-13,-16,-12,-16,-12,-16,-11,-16,-10,-17,-9,-17,-3,-5,0,0,0,0,0,0,0,0,0,0,0,0,0,0,0,0,0,0,-2,-3,-6,-11,-6,-12,-6,-13,-7,-14,-6,-14,-6,-14,-5,-14,-5,-14,-5,-16,-5,-17,-5,-18,-6,-19,-6,-19,-6,-19,-6,-19,-6,-19,-7,-19,-7,-19,-8,-19,-8,-19,-8,-19,-9,-19,-9,-19,-10,-19,-10,-20,-10,-20]"
CSI_DATA,45025,d8:b1:90:db:e8:90,-54,11,1,7,0,0,1,0,0,0,1,-94,0,8,0,704227502,0,100,0,128,1,"[100,-64,5,0,1,25,2,24,4,24,8,23,10,22,11,22,11,21,11,21,11,21,11,20,12,20,12,19,13,19,14,19,5,9,-13,-10,-22,-19,-22,-18,-21,-19,-19,-20,-17,-20,-17,-20,-16,-21,-15,-21,-14,-22,-4,-6,0,0,0,0,0,0,0,0,0,0,0,0,0,0,0,0,0,0,-2,-2,-8,-7,-4,-4,3,3,7,6,8,7,5,10,-2,15,-6,18,-6,19,-6,19,-7,19,-7,19,-7,19,-6,19,-4,18,-3,17,-3,17,-3,19,-5,21,-6,23,-5,23,-4,23,-2,24,-1,24,-2,24,-3,25]"
CSI_DATA,45026,d8:b1:90:db:e8:90,-51,11,1,7,0,0,1,0,0,0,1,-94,0,8,0,704242069,0,100,0,128,1,"[100,-64,5,0,14,24,14,24,14,24,15,23,15,22,15,22,15,22,16,21,17,20,17,19,17,19,17,19,17,19,17,19,17,19,17,19,17,19,17,19,16,20,15,20,15,20,14,20,14,20,13,21,12,22,2,5,0,0,0,0,0,0,0,0,0,0,0,0,0,0,0,0,0,0,2,3,10,12,10,13,10,14,10,15,10,16,10,17,10,17,11,18,11,19,11,20,11,21,11,21,11,22,10,22,10,22,11,23,11,23,11,23,11,23,11,23,12,24,12,24,13,24,14,24,14,24,14,24]"
CSI_DATA,45027,d8:b1:90:db:e8:90,-51,11,1,7,0,0,1,0,0,0,1,-94,0,8,0,704253234,0,100,0,128,1,"[100,-64,5,0,-25,-3,-24,-3,-24,-3,-24,-2,-24,-2,-24,-2,-24,-1,-23,0,-23,0,-23,1,-23,1,-23,1,-23,1,-22,1,-22,1,-23,1,-23,1,-23,0,-23,0,-23,0,-22,-1,-22,-1,-22,-2,-22,-3,-22,-4,-6,-1,0,0,0,0,0,0,0,0,0,0,0,0,0,0,0,0,0,0,-4,-1,-15,-1,-16,-2,-16,-2,-16,-2,-17,-3,-18,-3,-18,-3,-18,-4,-19,-4,-19,-5,-20,-6,-20,-6,-21,-7,-21,-7,-21,-6,-22,-6,-22,-6,-22,-6,-23,-5,-24,-5,-24,-5,-24,-5,-24,-5,-25,-4,-24,-4,-24,-4]"
CSI_DATA,45028,d8:b1:90:db:e8:90,-52,11,1,7,0,0,1,0,0,0,1,-94,0,8,0,704264266,0,100,0,128,1,"[100,-64,5,0,-21,11,-21,11,-21,12,-20,12,-20,12,-19,12,-19,13,-18,13,-17,13,-17,13,-17,14,-17,14,-17,14,-17,14,-17,14,-17,14,-17,14,-17,14,-17,13,-17,13,-17,12,-18,12,-18,11,-18,11,-18,10,-5,2,0,0,0,0,0,0,0,0,0,0,0,0,0,0,0,0,0,0,-4,1,-14,7,-14,7,-14,7,-14,7,-15,7,-16,7,-17,7,-17,7,-18,7,-18,6,-18,6,-19,6,-20,6,-21,6,-21,7,-21,7,-21,7,-21,8,-21,8,-22,9,-22,9,-22,9,-22,10,-22,10,-22,10,-21,10]"
CSI_DATA,45029,d8:b1:90:db:e8:90,-52,11,1,7,0,0,1,0,0,0,1,-94,0,8,0,704276112,0,100,0,128,1,"[100,-64,5,0,-21,-13,-21,-13,-21,-12,-21,-12,-21,-11,-21,-11,-20,-9,-21,-9,-21,-9,-21,-9,-21,-8,-22,-8,-22,-7,-22,-7,-22,-7,-22,-6,-21,-6,-21,-7,-21,-7,-20,-7,-21,-7,-20,-8,-20,-9,-20,-9,-20,-10,-5,-3,0,0,0,0,0,0,0,0,0,0,0,0,0,0,0,0,0,0,-4,-2,-13,-7,-13,-8,-14,-9,-14,-9,-14,-10,-13,-10,-14,-10,-15,-11,-15,-13,-15,-13,-16,-13,-16,-14,-16,-15,-16,-15,-16,-15,-16,-15,-17,-15,-17,-15,-18,-15,-18,-14,-19,-14,-19,-15,-19,-14,-19,-14,-20,-14,-21,-15]"
CSI_DATA,45030,d8:b1:90:db:e8:90,-51,11,1,7,0,0,1,0,0,0,1,-94,0,8,0,704287555,0,100,0,128,1,"[100,-64,5,0,2,24,2,24,3,23,3,23,4,22,4,22,5,21,5,21,6,21,6,21,6,21,7,21,8,21,8,21,8,21,8,20,8,20,7,20,7,20,7,20,7,20,6,20,5,20,4,20,4,21,0,5,0,0,0,0,0,0,0,0,0,0,0,0,0,0,0,0,0,0,0,3,2,13,2,14,1,14,1,15,1,16,0,16,0,17,0,18,-1,19,-1,20,-2,20,-2,20,-2,20,-2,21,-2,21,-2,21,-2,22,-2,22,-1,22,0,23,0,23,0,23,1,23,1,23,1,24,1,24]"
CSI_DATA,45031,d8:b1:90:db:e8:90,-51,11,1,7,0,0,1,0,0,0,1,-94,0,8,0,704299912,0,100,0,128,1,"[100,-64,5,0,-2,-22,-2,-22,-2,-21,-3,-21,-3,-21,-3,-21,-4,-20,-4,-20,-5,-20,-5,-20,-6,-20,-6,-20,-6,-19,-6,-20,-6,-20,-6,-20,-6,-20,-6,-20,-6,-19,-6,-19,-5,-19,-5,-19,-4,-19,-4,-19,-3,-19,-1,-5,0,0,0,0,0,0,0,0,0,0,0,0,0,0,0,0,0,0,-1,-3,-3,-12,-3,-13,-3,-14,-3,-15,-2,-16,-1,-17,-1,-18,-1,-18,-1,-18,-1,-18,0,-19,0,-19,0,-20,1,-20,1,-19,1,-20,1,-20,0,-20,0,-21,0,-21,0,-21,0,-21,-1,-21,-1,-21,-1,-22,-1,-22]"
CSI_DATA,45032,d8:b1:90:db:e8:90,-51,11,1,7,0,0,1,0,0,0,1,-94,0,8,0,704310950,0,100,0,128,1,"[100,-64,5,0,9,-21,9,-21,9,-21,9,-20,8,-20,8,-20,7,-20,7,-20,6,-20,6,-20,5,-20,5,-20,5,-21,5,-21,5,-21,5,-21,5,-21,5,-21,5,-20,5,-20,5,-19,6,-19,6,-19,7,-19,8,-18,2,-5,0,0,0,0,0,0,0,0,0,0,0,0,0,0,0,0,0,0,1,-4,4,-13,4,-13,4,-14,5,-14,5,-15,6,-15,7,-15,7,-16,8,-16,9,-17,9,-17,10,-17,10,-17,10,-17,11,-17,10,-18,10,-18,11,-18,11,-19,11,-19,11,-19,11,-20,10,-20,10,-20,10,-20,10,-20]"
CSI_DATA,45033,d8:b1:90:db:e8:90,-51,11,1,7,0,0,1,0,0,0,1,-94,0,8,0,704331586,0,100,0,128,1,"[100,-64,5,0,-16,16,-16,16,-16,16,-15,16,-15,15,-14,15,-14,15,-13,16,-13,16,-12,16,-12,16,-11,16,-11,17,-11,17,-11,17,-11,17,-11,16,-11,16,-11,16,-12,15,-12,15,-12,15,-13,14,-13,14,-13,13,-4,3,0,0,0,0,0,0,0,0,0,0,0,0,0,0,0,0,0,0,-2,2,-7,10,-8,11,-9,11,-9,11,-10,11,-10,12,-11,12,-12,12,-12,12,-13,12,-14,12,-14,12,-14,12,-15,13,-15,13,-15,13,-15,13,-15,13,-15,13,-16,14,-16,14,-16,14,-16,15,-16,15,-16,15,-16,15]"
CSI_DATA,45034,d8:b1:90:db:e8:90,-52,11,1,7,0,0,1,0,0,0,1,-94,0,8,0,704343229,0,100,0,128,1,"[100,-64,5,0,0,23,0,23,0,23,1,22,2,22,2,22,2,22,3,22,4,21,4,21,4,21,5,21,5,21,5,21,5,21,5,21,5,21,4,21,4,21,4,21,3,21,3,20,2,20,1,20,0,21,-1,5,0,0,0,0,0,0,0,0,0,0,0,0,0,0,0,0,0,0,0,3,2,14,2,14,2,14,2,15,2,16,2,16,1,17,0,17,0,18,0,19,0,20,-1,20,-1,21,-1,21,-2,21,-2,22,-2,22,-2,22,-1,22,-1,22,-1,23,-1,23,0,24,0,24,0,24,0,24]"
CSI_DATA,45035,d8:b1:90:db:e8:90,-51,11,1,7,0,0,1,0,0,0,1,-94,0,8,0,704354839,0,100,0,128,1,"[100,-64,5,0,6,23,6,23,6,23,6,22,6,22,6,21,6,21,7,21,8,21,8,21,8,20,9,20,9,20,9,20,9,20,9,20,9,20,9,20,8,20,8,20,7,20,7,20,6,20,5,20,4,20,1,5,0,0,0,0,0,0,0,0,0,0,0,0,0,0,0,0,0,0,1,3,6,12,6,13,5,13,5,14,5,15,4,16,4,17,4,18,4,18,4,19,3,20,3,20,3,20,3,21,3,21,3,22,3,22,3,22,4,22,4,23,4,23,5,23,5,23,5,23,6,23,6,23]"
CSI_DATA,45036,d8:b1:90:db:e8:90,-51,11,1,7,0,0,1,0,0,0,1,-94,0,8,0,704367753,0,100,0,128,1,"[100,-64,5,0,-4,24,-4,24,-4,24,-4,23,-4,23,-3,22,-3,22,-2,23,-2,23,-1,22,-1,22,0,22,0,22,0,22,0,22,0,22,0,22,-1,22,-1,22,-2,22,-2,21,-3,21,-3,21,-4,21,-5,21,-2,5,0,0,0,0,0,0,0,0,0,0,0,0,0,0,0,0,0,0,0,3,1,14,0,14,0,14,-1,15,-1,15,-2,16,-3,17,-3,18,-4,19,-4,19,-5,20,-5,20,-6,21,-6,21,-6,21,-6,21,-6,21,-6,22,-5,22,-5,23,-5,23,-5,23,-4,24,-4,24,-4,24,-4,24]"
CSI_DATA,45037,d8:b1:90:db:e8:90,-51,11,1,7,0,0,1,0,0,0,1,-94,0,8,0,704380697,0,100,0,128,1,"[100,-64,5,0,22,12,21,13,21,11,21,10,22,9,22,9,21,9,20,8,20,7,21,6,22,6,22,7,21,6,21,5,22,5,23,6,22,7,21,7,20,6,21,5,21,6,20,7,19,7,19,7,19,8,4,2,0,0,0,0,0,0,0,0,0,0,0,0,0,0,0,0,0,0,3,1,13,5,14,6,13,8,12,9,12,8,14,9,15,10,15,11,15,12,15,12,16,12,16,13,16,14,16,14,16,13,17,13,17,13,18,13,18,13,18,13,18,13,19,13,20,13,20,13,20,13,20,13]"
CSI_DATA,45038,d8:b1:90:db:e8:90,-52,11,1,7,0,0,1,0,0,0,1,-94,0,8,0,704397599,0,100,0,128,1,"[100,-64,5,0,20,8,20,8,20,9,19,9,19,9,18,9,18,9,18,9,18,10,17,10,17,10,17,10,16,10,16,10,16,11,16,11,15,12,14,12,14,13,13,13,12,13,11,14,10,14,9,15,8,15,2,4,0,0,0,0,0,0,0,0,0,0,0,0,0,0,0,0,0,0,0,1,2,5,1,6,-1,7,-1,8,-1,8,-1,10,-1,11,-1,11,-1,12,-3,13,-4,16,-5,17,-6,17,-5,16,-4,15,-3,14,-4,15,-2,15,1,16,2,16,2,16,3,14,5,9,6,7,10,7,17,7]"
CSI_DATA,45039,d8:b1:90:db:e8:90,-51,11,1,7,0,0,1,0,0,0,1,-94,0,8,0,704412912,0,100,0,128,1,"[100,-64,5,0,-9,-21,-8,-21,-8,-20,-9,-20,-9,-19,-9,-19,-10,-19,-10,-18,-10,-18,-10,-18,-10,-18,-11,-18,-11,-17,-11,-17,-11,-17,-11,-18,-11,-18,-10,-18,-10,-18,-10,-17,-9,-17,-9,-17,-8,-17,-7,-18,-6,-18,-2,-5,0,0,0,0,0,0,0,0,0,0,0,0,0,0,0,0,0,0,-2,-4,-6,-13,-5,-14,-5,-14,-6,-13,-6,-14,-5,-15,-5,-16,-5,-16,-5,-17,-4,-17,-5,-18,-5,-19,-5,-19,-4,-19,-4,-19,-4,-19,-4,-19,-5,-20,-6,-20,-6,-20,-7,-21,-7,-21,-7,-20,-7,-20,-8,-21,-8,-21]"
CSI_DATA,45040,d8:b1:90:db:e8:90,-51,11,1,7,0,0,1,0,0,0,1,-94,0,8,0,704433452,0,100,0,128,1,"[100,-64,5,0,-3,-23,-3,-23,-4,-23,-4,-22,-4,-21,-5,-21,-5,-21,-6,-21,-7,-20,-7,-20,-7,-20,-8,-20,-8,-20,-8,-20,-8,-20,-9,-20,-8,-20,-8,-20,-8,-20,-7,-19,-7,-19,-7,-19,-6,-19,-5,-19,-4,-20,-1,-5,0,0,0,0,0,0,0,0,0,0,0,0,0,0,0,0,0,0,-1,-4,-4,-14,-3,-14,-2,-15,-2,-15,-1,-16,-2,-17,-3,-17,-3,-17,-3,-18,-2,-19,-2,-20,-2,-20,-1,-20,-1,-21,-1,-21,-1,-21,-1,-21,-2,-22,-2,-22,-2,-22,-2,-23,-2,-23,-2,-23,-3,-23,-2,-23,-2,-23]"
CSI_DATA,45041,d8:b1:90:db:e8:90,-51,11,1,7,0,0,1,0,0,0,1,-94,0,8,0,704447632,0,100,0,128,1,"[100,-64,5,0,-1,-25,-1,-25,-1,-25,-1,-24,-2,-23,-2,-23,-3,-23,-3,-22,-4,-22,-4,-22,-5,-22,-5,-22,-5,-22,-5,-22,-5,-22,-5,-23,-5,-23,-5,-23,-5,-22,-5,-22,-4,-22,-4,-21,-3,-21,-2,-21,-1,-22,-1,-6,0,0,0,0,0,0,0,0,0,0,0,0,0,0,0,0,0,0,-1,-4,-3,-15,-2,-15,-2,-16,-2,-17,-2,-17,-2,-18,-1,-18,-1,-19,0,-20,0,-20,0,-21,1,-21,1,-22,1,-22,1,-22,2,-23,2,-23,2,-23,2,-23,1,-24,1,-24,1,-24,0,-24,-1,-25,-1,-25,-1,-25]"
CSI_DATA,45042,d8:b1:90:db:e8:90,-52,11,1,7,0,0,1,0,0,0,1,-94,0,8,0,704468083,0,100,0,128,1,"[100,-64,5,0,-17,18,-17,18,-17,18,-16,18,-15,18,-15,17,-14,18,-13,18,-12,18,-12,18,-12,18,-12,18,-12,19,-12,19,-12,18,-12,19,-12,19,-12,19,-12,19,-12,18,-13,18,-13,17,-13,17,-13,17,-14,16,-4,4,0,0,0,0,0,0,0,0,0,0,0,0,0,0,0,0,0,0,-3,3,-9,12,-9,12,-10,12,-11,12,-11,12,-12,12,-13,12,-13,13,-14,13,-15,13,-16,13,-16,13,-17,13,-17,14,-17,14,-18,14,-18,14,-18,15,-18,15,-18,15,-18,15,-18,16,-17,17,-17,17,-17,17,-18,17]"
CSI_DATA,45043,d8:b1:90:db:e8:90,-51,11,1,7,0,0,1,0,0,0,1,-94,0,8,0,704481989,0,100,0,128,1,"[100,-64,5,0,4,24,4,24,4,23,5,23,5,22,5,22,6,22,7,21,7,21,7,20,8,20,9,21,9,21,9,21,9,21,9,21,8,21,8,21,8,20,8,20,8,20,7,20,6,20,6,21,5,21,1,5,0,0,0,0,0,0,0,0,0,0,0,0,0,0,0,0,0,0,1,3,4,13,4,14,4,14,3,15,3,16,3,16,2,17,2,18,2,19,2,20,2,20,2,20,2,20,2,21,2,22,2,22,2,23,2,23,2,22,3,22,3,23,3,23,4,23,4,24,4,24,4,24]"
CSI_DATA,45044,d8:b1:90:db:e8:90,-52,11,1,7,0,0,1,0,0,0,1,-94,0,8,0,704493783,0,100,0,128,1,"[100,-64,5,0,22,-7,22,-7,22,-7,22,-8,21,-8,21,-9,21,-9,20,-10,20,-10,19,-10,19,-11,18,-11,18,-12,18,-12,18,-12,19,-11,18,-11,18,-11,18,-11,18,-10,19,-10,19,-9,19,-8,19,-7,19,-7,4,-2,0,0,0,0,0,0,0,0,0,0,0,0,0,0,0,0,0,0,2,-2,12,-7,12,-7,13,-6,14,-6,15,-6,15,-6,16,-6,16,-6,17,-5,18,-5,19,-5,19,-5,19,-5,20,-5,20,-5,20,-5,21,-5,21,-5,21,-6,21,-6,21,-6,22,-6,22,-7,22,-7,22,-7,22,-6]"
CSI_DATA,45045,d8:b1:90:db:e8:90,-52,11,1,7,0,0,1,0,0,0,1,-94,0,8,0,704504103,0,100,0,128,1,"[100,-64,5,0,-8,22,-8,22,-8,22,-7,22,-6,22,-5,22,-5,22,-4,22,-4,22,-4,21,-3,21,-3,21,-2,21,-2,21,-2,21,-2,21,-3,22,-3,21,-3,21,-3,21,-4,20,-5,20,-6,20,-6,20,-7,19,-2,4,0,0,0,0,0,0,0,0,0,0,0,0,0,0,0,0,0,0,-1,3,-3,13,-3,13,-2,14,-3,15,-4,16,-4,16,-4,16,-5,16,-6,17,-6,18,-6,18,-7,19,-7,19,-7,20,-8,20,-8,20,-8,20,-8,20,-8,21,-8,21,-8,21,-8,21,-7,22,-7,22,-7,22,-8,22]"
CSI_DATA,45046,d8:b1:90:db:e8:90,-52,11,1,7,0,0,1,0,0,0,1,-94,0,8,0,704515224,0,100,0,128,1,"[100,-64,5,0,-21,3,-21,3,-21,4,-21,4,-21,5,-20,5,-20,6,-19,6,-19,7,-19,7,-19,7,-18,8,-18,8,-18,8,-18,8,-18,8,-18,8,-18,7,-18,7,-18,7,-18,6,-18,6,-18,5,-18,4,-18,4,-5,1,0,0,0,0,0,0,0,0,0,0,0,0,0,0,0,0,0,0,-4,0,-14,2,-14,2,-14,3,-15,3,-14,1,-14,1,-15,2,-15,2,-16,2,-17,2,-18,1,-18,1,-19,1,-19,1,-19,2,-19,2,-19,2,-20,2,-20,2,-20,2,-20,3,-21,3,-21,3,-21,3,-21,3,-21,2]"
CSI_DATA,45047,d8:b1:90:db:e8:90,-52,11,1,7,0,0,1,0,0,0,1,-94,0,8,0,704536748,0,100,0,128,1,"[100,-64,5,0,-18,15,-18,15,-17,14,-17,14,-17,14,-17,14,-16,14,-16,15,-16,15,-15,15,-15,16,-14,17,-14,17,-14,17,-13,16,-14,13,-14,12,-14,12,-13,12,-14,12,-14,12,-14,11,-13,11,-10,10,-9,9,-3,2,0,0,0,0,0,0,0,0,0,0,0,0,0,0,0,0,0,0,-2,2,-9,9,-9,9,-9,9,-10,10,-10,9,-11,10,-13,10,-14,11,-15,11,-15,11,-14,12,-15,12,-15,13,-15,13,-14,13,-14,13,-14,13,-15,13,-15,13,-16,13,-16,13,-16,14,-16,15,-16,16,-16,15,-17,13]"
CSI_DATA,45048,d8:b1:90:db:e8:90,-51,11,1,7,0,0,1,0,0,0,1,-94,0,8,0,704547818,0,100,0,128,1,"[100,-64,5,0,19,14,19,14,19,14,19,12,19,11,19,11,19,11,19,10,19,9,19,9,20,8,20,8,20,8,20,8,20,8,20,8,20,8,20,8,19,9,19,9,19,9,18,10,18,10,17,11,17,12,4,3,0,0,0,0,0,0,0,0,0,0,0,0,0,0,0,0,0,0,3,1,12,7,12,8,12,8,13,9,13,10,13,10,13,10,14,11,14,11,14,12,15,12,15,13,15,13,15,14,15,14,16,14,16,14,16,14,16,14,17,14,17,14,18,14,18,15,18,15,18,15,18,15]"
CSI_DATA,45049,d8:b1:90:db:e8:90,-51,11,1,7,0,0,1,0,0,0,1,-94,0,8,0,704559077,0,100,0,128,1,"[100,-64,5,0,18,-16,18,-16,17,-16,17,-17,16,-17,15,-17,15,-17,14,-18,13,-18,13,-18,13,-18,12,-19,12,-19,12,-19,13,-19,13,-19,13,-19,13,-18,13,-18,13,-17,13,-17,14,-17,14,-16,15,-15,15,-15,3,-4,0,0,0,0,0,0,0,0,0,0,0,0,0,0,0,0,0,0,2,-3,9,-11,10,-11,10,-11,11,-11,12,-11,12,-12,13,-12,14,-12,14,-12,15,-12,15,-12,16,-12,16,-12,16,-13,17,-13,17,-13,17,-13,17,-14,17,-14,17,-14,18,-14,18,-15,18,-15,18,-15,18,-15,18,-15]"
CSI_DATA,45050,d8:b1:90:db:e8:90,-52,11,1,7,0,0,1,0,0,0,1,-94,0,8,0,704570176,0,100,0,128,1,"[100,-64,5,0,-23,-9,-23,-9,-22,-9,-22,-8,-22,-7,-22,-7,-22,-6,-23,-6,-23,-5,-23,-5,-23,-4,-22,-3,-22,-4,-22,-4,-22,-4,-23,-4,-23,-4,-22,-4,-22,-4,-22,-5,-22,-5,-22,-5,-21,-6,-21,-7,-21,-8,-6,-2,0,0,0,0,0,0,0,0,0,0,0,0,0,0,0,0,0,0,-4,-1,-14,-4,-14,-5,-14,-5,-15,-6,-15,-6,-16,-6,-16,-7,-17,-8,-18,-8,-18,-9,-18,-9,-18,-10,-19,-10,-19,-10,-19,-10,-19,-10,-19,-10,-20,-10,-20,-10,-20,-10,-21,-9,-21,-9,-22,-9,-22,-9,-22,-9,-22,-10]"
CSI_DATA,45051,d8:b1:90:db:e8:90,-52,11,1,7,0,0,1,0,0,0,1,-94,0,8,0,704581494,0,100,0,128,1,"[100,-64,5,0,19,-13,19,-13,19,-13,19,-13,18,-14,18,-14,18,-14,17,-15,16,-15,16,-16,16,-16,15,-16,15,-16,15,-16,15,-16,16,-16,16,-16,16,-16,16,-15,16,-15,17,-14,17,-14,17,-13,17,-13,18,-12,4,-3,0,0,0,0,0,0,0,0,0,0,0,0,0,0,0,0,0,0,2,-3,10,-9,11,-9,11,-9,11,-9,12,-9,13,-9,14,-9,15,-10,15,-10,16,-10,17,-10,17,-10,18,-10,18,-10,18,-10,17,-10,18,-10,18,-11,18,-11,18,-11,19,-11,19,-12,19,-12,20,-13,20,-13,20,-12]"
CSI_DATA,45052,d8:b1:90:db:e8:90,-52,11,1,7,0,0,1,0,0,0,1,-94,0,8,0,704594600,0,100,0,128,1,"[100,-64,5,0,23,-5,22,-5,22,-6,22,-6,21,-6,21,-7,21,-7,20,-8,19,-8,19,-9,19,-10,20,-10,20,-10,20,-10,20,-10,20,-10,19,-10,19,-9,19,-9,20,-8,20,-8,20,-7,20,-7,20,-6,20,-5,5,-2,0,0,0,0,0,0,0,0,0,0,0,0,0,0,0,0,0,0,3,-2,12,-6,13,-5,13,-5,14,-4,15,-4,15,-4,16,-4,17,-4,18,-4,19,-3,19,-3,19,-3,20,-3,20,-3,20,-3,20,-3,20,-3,20,-3,21,-4,21,-4,21,-4,22,-4,22,-5,22,-5,22,-5,23,-5]"
CSI_DATA,45053,d8:b1:90:db:e8:90,-52,11,1,7,0,0,1,0,0,0,1,-94,0,8,0,704606134,0,100,0,128,1,"[100,-64,5,0,23,0,23,0,23,0,23,-1,22,-1,22,-1,22,-2,21,-3,21,-3,21,-4,21,-4,21,-5,22,-5,22,-5,22,-5,22,-5,22,-5,21,-4,21,-4,21,-3,21,-3,21,-2,21,-2,21,-1,21,0,5,0,0,0,0,0,0,0,0,0,0,0,0,0,0,0,0,0,0,0,2,-1,10,-2,11,-1,12,-1,14,-2,15,-1,16,0,17,0,18,1,18,1,18,1,19,2,19,2,19,3,20,3,20,2,20,2,20,2,21,2,21,2,21,2,22,2,22,1,22,1,23,1,23,1,23,1]"
CSI_DATA,45054,d8:b1:90:db:e8:90,-52,11,1,7,0,0,1,0,0,0,1,-94,0,8,0,704639161,0,100,0,128,1,"[100,-64,5,0,14,-19,14,-19,14,-19,13,-19,13,-18,13,-18,12,-18,11,-19,10,-19,10,-19,10,-19,9,-20,8,-20,8,-20,9,-20,9,-20,9,-19,10,-19,10,-19,11,-19,11,-18,12,-18,12,-17,12,-17,13,-16,3,-4,0,0,0,0,0,0,0,0,0,0,0,0,0,0,0,0,0,0,1,-3,8,-11,9,-11,10,-11,10,-10,11,-10,12,-11,12,-12,12,-12,13,-12,13,-12,13,-14,13,-14,14,-14,13,-14,12,-15,12,-16,12,-16,12,-16,13,-17,13,-17,13,-17,13,-17,13,-18,13,-18,13,-18,14,-18]"
CSI_DATA,45055,d8:b1:90:db:e8:90,-52,11,1,7,0,0,1,0,0,0,1,-94,0,8,0,704652371,0,100,0,128,1,"[100,-64,5,0,-21,-14,-20,-14,-20,-13,-20,-12,-20,-12,-20,-11,-20,-11,-21,-10,-21,-9,-21,-9,-22,-9,-22,-8,-22,-8,-22,-9,-22,-9,-22,-9,-21,-9,-21,-9,-21,-9,-20,-9,-20,-9,-19,-10,-19,-11,-18,-12,-18,-12,-5,-4,0,0,0,0,0,0,0,0,0,0,0,0,0,0,0,0,0,0,-4,-2,-13,-6,-13,-7,-14,-8,-14,-8,-14,-9,-15,-9,-14,-10,-15,-10,-15,-11,-15,-12,-16,-13,-16,-13,-16,-14,-16,-14,-16,-15,-16,-15,-17,-15,-17,-15,-17,-15,-17,-15,-17,-15,-18,-15,-18,-15,-19,-15,-19,-15,-19,-15]"
CSI_DATA,45056,d8:b1:90:db:e8:90,-52,11,1,7,0,0,1,0,0,0,1,-94,0,8,0,704665395,0,100,0,128,1,"[100,-64,5,0,-22,8,-22,8,-22,8,-22,8,-21,8,-21,8,-20,9,-20,9,-20,10,-20,10,-20,10,-19,11,-19,11,-19,11,-19,11,-19,11,-20,11,-20,11,-20,10,-20,10,-20,10,-20,9,-20,8,-20,8,-20,7,-5,1,0,0,0,0,0,0,0,0,0,0,0,0,0,0,0,0,0,0,-4,1,-14,5,-14,5,-14,5,-14,5,-15,4,-16,5,-16,5,-17,6,-17,5,-18,5,-19,5,-19,5,-19,5,-20,5,-20,5,-20,5,-21,5,-21,5,-21,6,-21,6,-21,6,-22,6,-22,7,-22,7,-22,7,-22,7]"
CSI_DATA,45057,d8:b1:90:db:e8:90,-51,11,1,6,0,0,1,0,0,0,1,-94,0,8,0,704677585,0,100,0,128,1,"[100,-64,5,0,-22,-11,-22,-11,-22,-11,-22,-10,-21,-10,-21,-9,-21,-9,-22,-8,-22,-8,-22,-7,-23,-7,-23,-6,-22,-5,-23,-6,-23,-6,-23,-6,-23,-6,-23,-6,-22,-7,-22,-7,-22,-7,-22,-7,-22,-8,-21,-9,-21,-9,-5,-3,0,0,0,0,0,0,0,0,0,0,0,0,0,0,0,0,0,0,-4,-2,-14,-7,-14,-7,-14,-8,-14,-8,-14,-9,-15,-9,-16,-9,-16,-9,-16,-10,-17,-10,-17,-10,-18,-11,-18,-11,-18,-11,-18,-11,-19,-11,-19,-11,-19,-12,-19,-12,-20,-12,-20,-12,-20,-12,-21,-12,-21,-12,-21,-12,-21,-12]"
CSI_DATA,45058,d8:b1:90:db:e8:90,-52,11,1,6,0,0,1,0,0,0,1,-94,0,8,0,704690584,0,100,0,128,1,"[100,-64,5,0,6,-23,6,-23,6,-23,6,-23,5,-22,5,-22,4,-22,4,-23,3,-23,3,-23,2,-23,2,-22,2,-22,2,-22,2,-23,2,-23,2,-23,2,-23,3,-23,3,-23,3,-22,4,-22,4,-21,5,-21,6,-20,1,-5,0,0,0,0,0,0,0,0,0,0,0,0,0,0,0,0,0,0,0,-4,2,-14,2,-15,3,-15,3,-15,4,-16,5,-16,5,-16,6,-17,6,-17,7,-18,7,-18,8,-19,8,-19,8,-19,8,-19,9,-19,9,-20,8,-20,7,-20,7,-21,7,-21,7,-21,7,-22,7,-22,7,-22,7,-23]"
CSI_DATA,45059,d8:b1:90:db:e8:90,-51,11,1,6,0,0,1,0,0,0,1,-94,0,8,0,704702766,0,100,0,128,1,"[100,-64,5,0,-8,-28,-8,-28,-8,-27,-8,-26,-9,-26,-9,-26,-9,-25,-10,-26,-10,-26,-10,-26,-11,-25,-11,-25,-11,-24,-11,-24,-12,-25,-12,-25,-12,-25,-12,-25,-11,-25,-11,-25,-10,-25,-9,-25,-8,-25,-6,-25,-5,-25,-2,-7,0,0,0,0,0,0,0,0,0,0,0,0,0,0,0,0,0,0,-2,-5,-8,-18,-7,-16,-5,-18,-4,-20,-5,-21,-5,-20,-5,-20,-4,-21,-4,-22,-4,-23,-4,-24,-3,-25,-3,-25,-3,-25,-3,-25,-3,-25,-3,-26,-4,-26,-5,-26,-6,-26,-6,-26,-6,-26,-6,-27,-6,-27,-6,-27,-7,-28]"
CSI_DATA,45060,d8:b1:90:db:e8:90,-52,11,1,6,0,0,1,0,0,0,1,-94,0,8,0,704714173,0,100,0,128,1,"[100,-64,5,0,-18,11,-18,11,-18,12,-18,12,-18,12,-17,13,-16,13,-16,13,-15,13,-15,13,-15,14,-15,14,-15,14,-15,14,-15,14,-15,14,-16,14,-16,14,-16,13,-15,12,-15,12,-16,12,-17,11,-17,10,-17,10,-5,2,0,0,0,0,0,0,0,0,0,0,0,0,0,0,0,0,0,0,-3,2,-11,9,-11,8,-10,7,-11,6,-12,8,-12,9,-13,9,-14,9,-14,9,-15,8,-16,8,-16,8,-17,8,-17,8,-17,8,-17,8,-17,8,-17,8,-18,9,-18,9,-18,9,-18,9,-19,10,-19,10,-19,10,-19,10]"
CSI_DATA,45061,d8:b1:90:db:e8:90,-52,11,1,6,0,0,1,0,0,0,1,-94,0,8,0,704736541,0,100,0,128,1,"[100,-64,5,0,13,19,13,19,14,18,14,18,14,17,14,17,14,17,15,16,15,16,15,15,16,15,16,15,16,15,17,15,16,15,16,15,16,16,16,16,15,16,14,15,14,15,13,15,13,16,12,17,11,17,2,4,0,0,0,0,0,0,0,0,0,0,0,0,0,0,0,0,0,0,2,2,8,10,7,11,8,12,8,13,8,13,8,14,8,14,8,15,8,16,8,17,8,17,8,17,8,18,8,18,8,18,9,18,9,18,9,18,10,18,10,19,11,19,11,19,11,19,12,19,12,19,12,19]"
CSI_DATA,45062,d8:b1:90:db:e8:90,-51,11,1,6,0,0,1,0,0,0,1,-94,0,8,0,704749701,0,100,0,128,1,"[100,-64,5,0,-24,-8,-24,-8,-24,-8,-23,-7,-23,-6,-22,-6,-23,-6,-23,-5,-23,-4,-23,-4,-23,-3,-24,-2,-24,-1,-24,-2,-23,-2,-23,-2,-23,-2,-23,-2,-22,-3,-22,-3,-22,-3,-22,-4,-21,-4,-21,-5,-22,-6,-6,-2,0,0,0,0,0,0,0,0,0,0,0,0,0,0,0,0,0,0,-4,-1,-15,-3,-15,-4,-15,-5,-15,-5,-16,-6,-16,-6,-17,-6,-18,-6,-18,-7,-19,-8,-19,-8,-19,-9,-19,-9,-20,-10,-20,-10,-20,-10,-20,-10,-21,-10,-21,-10,-21,-10,-21,-9,-22,-9,-23,-8,-23,-8,-23,-8,-23,-9]"
CSI_DATA,45063,d8:b1:90:db:e8:90,-52,11,1,6,0,0,1,0,0,0,1,-94,0,8,0,704762295,0,100,0,128,1,"[100,-64,5,0,6,23,6,23,6,22,6,22,6,21,6,21,7,20,7,20,8,20,8,20,9,20,10,19,10,19,10,20,10,20,10,19,9,19,9,19,8,19,8,19,7,19,7,19,6,19,6,20,5,20,1,5,0,0,0,0,0,0,0,0,0,0,0,0,0,0,0,0,0,0,1,3,6,12,6,13,5,13,5,14,5,15,4,15,4,16,5,16,4,17,4,18,4,18,4,19,4,19,3,20,3,20,3,20,3,21,3,21,3,21,3,21,4,21,4,21,5,22,5,22,6,22,6,22]"
CSI_DATA,45064,d8:b1:90:db:e8:90,-52,11,1,6,0,0,1,0,0,0,1,-94,0,8,0,704774169,0,100,0,128,1,"[100,-64,5,0,17,15,18,15,18,14,18,13,18,13,18,12,18,12,19,11,19,11,19,10,19,10,20,9,19,9,20,9,20,9,20,9,20,10,19,10,19,10,19,10,18,11,18,11,17,12,17,12,16,13,4,3,0,0,0,0,0,0,0,0,0,0,0,0,0,0,0,0,0,0,2,1,11,7,11,7,11,8,11,9,12,10,12,10,12,11,13,12,13,13,13,14,13,14,13,14,13,15,13,15,13,15,13,15,14,15,14,15,15,15,15,15,15,15,16,16,16,16,16,16,16,16,17,16]"
CSI_DATA,45065,d8:b1:90:db:e8:90,-52,11,1,7,0,0,1,0,0,0,1,-94,0,8,0,704784350,0,100,0,128,1,"[100,-64,5,0,8,-23,8,-23,7,-23,7,-23,6,-22,6,-22,5,-22,4,-23,4,-23,4,-23,3,-23,3,-23,2,-22,2,-23,3,-23,3,-23,3,-23,3,-23,4,-23,4,-22,5,-22,5,-21,6,-21,7,-21,8,-20,2,-5,0,0,0,0,0,0,0,0,0,0,0,0,0,0,0,0,0,0,0,-4,2,-14,3,-14,3,-15,4,-15,4,-15,5,-16,6,-17,6,-17,7,-18,8,-18,8,-18,9,-18,9,-19,9,-19,9,-19,9,-19,9,-19,9,-19,9,-20,9,-20,9,-21,9,-21,9,-21,9,-21,9,-22,9,-22]"
CSI_DATA,45066,d8:b1:90:db:e8:90,-51,11,1,7,0,0,1,0,0,0,1,-94,0,8,0,704802053,0,100,0,128,1,"[100,-64,5,0,-1,-21,-2,-21,-2,-21,-2,-21,-2,-21,-2,-21,-3,-21,-3,-21,-4,-20,-4,-20,-5,-20,-5,-20,-5,-20,-5,-20,-5,-20,-5,-20,-4,-20,-4,-20,-4,-20,-4,-20,-3,-20,-3,-20,-3,-20,-2,-20,-1,-20,0,-5,0,0,0,0,0,0,0,0,0,0,0,0,0,0,0,0,0,0,-1,-3,-4,-12,-4,-12,-3,-13,-2,-14,-1,-14,-1,-15,-1,-15,0,-15,0,-16,0,-17,0,-18,0,-18,0,-19,0,-19,1,-19,1,-19,1,-19,1,-20,1,-20,1,-20,1,-20,0,-20,-1,-20,-1,-21,-1,-21,-1,-21]"
CSI_DATA,45067,d8:b1:90:db:e8:90,-52,11,1,7,0,0,1,0,0,0,1,-94,0,8,0,704812371,0,100,0,128,1,"[100,-64,5,0,21,-4,21,-4,21,-4,20,-5,20,-5,20,-5,19,-6,19,-6,19,-6,18,-7,18,-7,19,-8,19,-8,19,-7,19,-7,19,-7,19,-7,18,-7,18,-6,18,-6,18,-6,18,-6,18,-5,18,-5,18,-4,4,-1,0,0,0,0,0,0,0,0,0,0,0,0,0,0,0,0,0,0,3,-1,12,-4,12,-3,13,-2,13,-3,13,-3,14,-3,15,-3,15,-2,16,-1,16,-1,16,-1,17,-2,18,-2,18,-1,18,-1,18,-1,19,-1,19,-1,19,-2,19,-2,20,-2,20,-2,20,-3,20,-3,20,-3,20,-3]"
CSI_DATA,45068,d8:b1:90:db:e8:90,-51,11,1,7,0,0,1,0,0,0,1,-94,0,8,0,704822420,0,100,0,128,1,"[100,-64,5,0,0,24,0,24,0,23,1,23,2,23,2,23,3,22,3,22,4,22,4,22,4,22,4,22,5,22,5,23,5,23,5,23,4,22,4,22,4,22,4,22,3,21,2,21,1,21,1,21,0,22,0,5,0,0,0,0,0,0,0,0,0,0,0,0,0,0,0,0,0,0,0,3,1,13,1,14,0,14,-1,15,-1,15,-1,16,-1,17,-2,18,-2,18,-3,19,-3,19,-3,20,-4,20,-4,20,-3,21,-3,21,-3,21,-3,22,-3,22,-2,22,-2,22,-1,23,-1,23,-1,23,-1,23,-1,23]"
CSI_DATA,45069,d8:b1:90:db:e8:90,-51,11,1,7,0,0,1,0,0,0,1,-94,0,8,0,704840172,0,100,0,128,1,"[100,-64,5,0,-23,-4,-23,-4,-22,-4,-22,-4,-22,-3,-22,-3,-22,-2,-22,-2,-21,-2,-22,-2,-22,-1,-22,-1,-21,-1,-21,-1,-21,-1,-22,-1,-22,-1,-21,-1,-21,-1,-21,-1,-21,-2,-21,-3,-19,-3,-17,-3,-15,-3,-4,-1,0,0,0,0,0,0,0,0,0,0,0,0,0,0,0,0,0,0,-4,-1,-14,-1,-14,-2,-15,-3,-15,-3,-16,-3,-16,-4,-17,-3,-17,-3,-18,-4,-18,-5,-18,-5,-18,-6,-18,-6,-19,-6,-19,-6,-20,-6,-20,-6,-20,-6,-20,-6,-21,-6,-21,-5,-21,-5,-21,-5,-22,-5,-22,-6,-22,-6]"
CSI_DATA,45070,d8:b1:90:db:e8:90,-51,11,1,7,0,0,1,0,0,0,1,-94,0,8,0,704852331,0,100,0,128,1,"[100,-64,5,0,11,-23,10,-23,10,-23,10,-22,10,-22,9,-22,9,-22,8,-22,7,-23,7,-23,7,-23,7,-22,7,-22,6,-22,7,-23,7,-23,7,-23,7,-22,7,-22,7,-22,8,-22,8,-21,8,-20,7,-17,7,-16,1,-4,0,0,0,0,0,0,0,0,0,0,0,0,0,0,0,0,0,0,1,-4,5,-14,5,-14,6,-15,6,-15,7,-15,7,-16,7,-17,8,-17,9,-17,9,-17,10,-18,10,-18,10,-18,11,-18,11,-18,11,-19,11,-19,11,-20,11,-20,11,-20,11,-21,11,-21,11,-21,11,-22,12,-22,12,-22]"
CSI_DATA,45071,d8:b1:90:db:e8:90,-52,11,1,7,0,0,1,0,0,0,1,-94,0,8,0,704862412,0,100,0,128,1,"[100,-64,5,0,18,-16,18,-16,18,-16,17,-16,16,-16,16,-16,16,-16,15,-17,14,-18,14,-18,14,-18,14,-18,13,-18,13,-18,14,-18,13,-19,13,-19,14,-18,14,-18,14,-17,14,-17,14,-16,14,-16,15,-15,16,-14,4,-4,0,0,0,0,0,0,0,0,0,0,0,0,0,0,0,0,0,0,2,-3,11,-9,11,-9,11,-10,12,-10,12,-9,13,-10,14,-11,14,-11,15,-11,16,-11,16,-11,16,-11,17,-11,17,-11,17,-11,17,-11,17,-11,17,-12,17,-13,17,-14,17,-14,18,-14,18,-14,18,-15,18,-15,18,-15]"
CSI_DATA,45072,d8:b1:90:db:e8:90,-52,11,1,7,0,0,1,0,0,0,1,-94,0,8,0,704883678,0,100,0,128,1,"[100,-64,5,0,0,-24,0,-25,0,-24,0,-24,-1,-23,-1,-23,-1,-23,-2,-23,-3,-23,-3,-23,-3,-23,-4,-23,-4,-23,-4,-23,-4,-23,-4,-22,-3,-22,-3,-22,-3,-22,-2,-21,-2,-21,-1,-21,-1,-21,0,-21,1,-21,0,-6,0,0,0,0,0,0,0,0,0,0,0,0,0,0,0,0,0,0,-1,-4,-1,-15,-1,-15,-1,-15,-1,-15,-1,-16,0,-17,0,-17,0,-18,1,-19,1,-19,2,-20,2,-20,2,-20,2,-21,2,-21,2,-21,2,-21,2,-22,2,-22,1,-22,1,-23,1,-23,1,-23,1,-23,1,-24,1,-24]"
CSI_DATA,45073,d8:b1:90:db:e8:90,-52,11,1,7,0,0,1,0,0,0,1,-94,0,8,0,704904593,0,100,0,128,1,"[100,-64,5,0,-21,-6,-21,-6,-21,-6,-21,-5,-21,-5,-20,-5,-20,-4,-20,-4,-21,-4,-21,-4,-21,-3,-21,-2,-21,-2,-21,-2,-21,-2,-21,-2,-20,-2,-20,-3,-20,-3,-20,-3,-19,-4,-19,-4,-19,-5,-19,-5,-18,-6,-5,-2,0,0,0,0,0,0,0,0,0,0,0,0,0,0,0,0,0,0,-3,-1,-13,-3,-13,-3,-13,-4,-14,-4,-14,-5,-15,-5,-15,-6,-15,-6,-15,-7,-17,-7,-17,-7,-17,-8,-17,-8,-17,-8,-17,-8,-18,-8,-18,-8,-18,-8,-19,-8,-19,-8,-19,-8,-19,-8,-20,-8,-20,-8,-20,-7,-20,-7]"
CSI_DATA,45074,d8:b1:90:db:e8:90,-51,11,1,7,0,0,1,0,0,0,1,-94,0,8,0,704924339,0,100,0,128,1,"[100,-64,5,0,3,-25,3,-25,3,-25,2,-25,2,-25,1,-25,1,-24,0,-24,-1,-24,-1,-23,-2,-23,-2,-24,-2,-24,-2,-24,-2,-24,-2,-23,-2,-23,-2,-23,-2,-23,-2,-23,-1,-23,-1,-22,0,-22,1,-23,2,-23,0,-6,0,0,0,0,0,0,0,0,0,0,0,0,0,0,0,0,0,0,-1,-4,-1,-15,0,-15,0,-16,0,-16,1,-16,1,-17,1,-18,2,-18,3,-19,3,-20,3,-20,4,-21,4,-21,4,-21,4,-22,4,-22,4,-22,4,-22,4,-23,4,-23,4,-23,4,-24,3,-24,3,-24,3,-25,3,-25]"
CSI_DATA,45075,d8:b1:90:db:e8:90,-53,11,1,7,0,0,1,0,0,0,1,-93,0,8,0,704948784,0,100,0,128,1,"[100,-64,5,0,-39,-15,-41,-15,-45,-22,-42,-19,-43,-11,-45,-11,-42,-10,-44,-4,-45,-4,-41,-3,-43,6,-49,11,-47,12,-43,17,-43,16,-41,12,-40,16,-43,20,-39,20,-34,22,-34,24,-34,21,-32,23,-35,26,-39,26,-11,6,0,0,0,0,0,0,0,0,0,0,0,0,0,0,0,0,0,0,3,-6,13,-23,11,-23,9,-31,8,-33,1,-29,0,-32,9,-35,7,-34,3,-37,7,-35,4,-31,-2,-40,2,-45,-3,-39,-12,-38,-7,-41,-9,-39,-22,-40,-21,-41,-18,-35,-25,-36,-27,-38,-29,-30,-36,-28,-36,-35,-29,-36]"
CSI_DATA,45076,d8:b1:90:db:e8:90,-53,11,1,7,0,0,1,0,0,0,1,-93,0,8,0,704963467,0,100,0,128,1,"[100,-64,5,0,-11,-21,-11,-21,-11,-21,-11,-21,-12,-20,-12,-20,-12,-19,-13,-19,-13,-20,-13,-19,-14,-19,-14,-18,-14,-18,-14,-18,-14,-18,-14,-18,-14,-19,-14,-19,-13,-19,-13,-18,-13,-18,-13,-18,-12,-18,-11,-18,-11,-18,-3,-5,0,0,0,0,0,0,0,0,0,0,0,0,0,0,0,0,0,0,-2,-3,-7,-11,-7,-12,-8,-13,-8,-14,-8,-14,-7,-15,-7,-16,-7,-16,-7,-17,-7,-18,-7,-19,-6,-19,-6,-19,-6,-20,-6,-20,-7,-20,-7,-20,-7,-20,-8,-21,-9,-21,-9,-21,-9,-22,-9,-22,-9,-22,-9,-22,-10,-22]"
CSI_DATA,45077,d8:b1:90:db:e8:90,-53,11,1,7,0,0,1,0,0,0,1,-93,0,8,0,704976091,0,100,0,128,1,"[100,-64,5,0,19,13,19,13,19,13,18,13,18,12,18,12,19,12,19,11,19,11,19,11,19,10,20,9,20,9,19,9,19,9,20,10,19,10,19,10,19,10,19,10,18,10,18,10,17,10,17,11,17,11,4,2,0,0,0,0,0,0,0,0,0,0,0,0,0,0,0,0,0,0,2,1,11,6,11,7,12,8,12,8,12,9,12,10,13,10,13,11,13,12,13,12,14,13,14,13,14,14,14,14,14,14,14,14,14,14,15,15,16,15,16,15,17,15,17,15,17,15,17,15,17,15,18,15]"
CSI_DATA,45078,d8:b1:90:db:e8:90,-52,11,1,7,0,0,1,0,0,0,1,-93,0,8,0,704994442,0,100,0,128,1,"[100,-64,5,0,23,-7,23,-7,23,-7,23,-8,22,-9,22,-9,21,-9,21,-10,20,-10,20,-10,20,-11,19,-11,19,-11,19,-11,20,-11,20,-11,20,-11,20,-11,20,-10,20,-10,20,-10,20,-9,20,-8,20,-8,21,-7,5,-2,0,0,0,0,0,0,0,0,0,0,0,0,0,0,0,0,0,0,3,-2,13,-6,13,-5,14,-5,14,-5,15,-4,16,-4,17,-4,17,-4,18,-4,19,-4,19,-4,20,-4,20,-3,20,-3,21,-3,21,-3,21,-3,21,-4,22,-5,22,-5,22,-6,22,-6,23,-6,23,-6,23,-6,23,-7]"
CSI_DATA,45079,d8:b1:90:db:e8:90,-53,11,1,7,0,0,1,0,0,0,1,-93,0,8,0,705005849,0,100,0,128,1,"[100,-64,5,0,-10,-22,-10,-22,-10,-22,-10,-21,-10,-20,-10,-20,-11,-20,-12,-19,-12,-19,-12,-19,-13,-18,-13,-18,-13,-18,-13,-18,-13,-18,-13,-18,-13,-18,-12,-18,-12,-18,-12,-18,-11,-18,-10,-18,-10,-19,-9,-19,-9,-20,-2,-5,0,0,0,0,0,0,0,0,0,0,0,0,0,0,0,0,0,0,-2,-3,-8,-11,-7,-12,-7,-13,-7,-14,-7,-14,-8,-15,-8,-15,-7,-16,-7,-17,-7,-17,-7,-18,-7,-19,-7,-19,-7,-19,-7,-20,-7,-20,-7,-20,-7,-20,-7,-20,-7,-20,-7,-21,-8,-21,-9,-21,-9,-22,-9,-22,-9,-22]"
CSI_DATA,45080,d8:b1:90:db:e8:90,-53,11,1,7,0,0,1,0,0,0,1,-93,0,8,0,705019979,0,100,0,128,1,"[100,-64,5,0,-19,12,-19,12,-18,12,-18,12,-17,12,-16,12,-16,13,-15,13,-15,13,-15,13,-15,14,-14,14,-14,14,-14,15,-13,15,-13,15,-13,15,-13,14,-14,14,-14,14,-14,13,-14,13,-14,12,-14,12,-15,11,-4,2,0,0,0,0,0,0,0,0,0,0,0,0,0,0,0,0,0,0,-3,2,-9,8,-9,6,-11,5,-11,6,-11,7,-13,8,-15,7,-15,7,-15,7,-16,7,-17,7,-17,7,-17,7,-17,7,-17,7,-18,7,-18,8,-18,8,-18,8,-18,8,-18,9,-18,9,-19,10,-19,11,-19,11,-19,11]"
CSI_DATA,45081,d8:b1:90:db:e8:90,-53,11,1,7,0,0,1,0,0,0,1,-93,0,8,0,705042819,0,100,0,128,1,"[100,-64,5,0,-21,12,-21,12,-20,12,-20,12,-19,12,-19,12,-19,12,-19,13,-18,14,-18,14,-17,14,-17,14,-16,14,-16,14,-17,14,-17,14,-17,14,-17,13,-17,13,-17,13,-18,13,-18,12,-18,12,-18,11,-19,10,-5,2,0,0,0,0,0,0,0,0,0,0,0,0,0,0,0,0,0,0,-3,2,-11,9,-12,9,-12,9,-13,9,-14,9,-14,8,-15,8,-16,8,-17,8,-17,9,-18,9,-18,9,-18,9,-19,9,-19,9,-19,9,-19,9,-20,9,-19,10,-20,10,-20,10,-20,11,-21,12,-21,12,-21,12,-20,12]"
CSI_DATA,45082,d8:b1:90:db:e8:90,-53,11,1,7,0,0,1,0,0,0,1,-93,0,8,0,705053643,0,100,0,128,1,"[100,-64,5,0,14,-16,13,-16,14,-17,14,-17,12,-17,12,-17,12,-18,11,-17,9,-17,9,-18,9,-18,9,-18,8,-18,9,-18,9,-18,8,-18,8,-19,9,-19,8,-17,7,-18,8,-18,8,-17,8,-17,8,-18,11,-18,2,-5,0,0,0,0,0,0,0,0,0,0,0,0,0,0,0,0,0,0,1,-3,7,-11,8,-11,9,-11,9,-11,10,-11,11,-10,11,-10,11,-11,12,-11,13,-11,13,-11,13,-12,14,-12,14,-12,14,-12,14,-13,14,-13,14,-13,14,-14,14,-14,15,-15,14,-15,14,-15,14,-16,14,-16,14,-15]"
CSI_DATA,45083,d8:b1:90:db:e8:90,-53,11,1,7,0,0,1,0,0,0,1,-93,0,8,0,705066922,0,100,0,128,1,"[100,-64,5,0,-20,12,-20,12,-20,12,-19,13,-19,13,-18,13,-17,14,-17,14,-16,14,-16,14,-16,14,-15,14,-15,14,-15,15,-16,15,-16,15,-15,15,-16,15,-16,14,-15,14,-15,14,-16,13,-16,13,-17,13,-17,12,-5,3,0,0,0,0,0,0,0,0,0,0,0,0,0,0,0,0,0,0,-3,2,-10,10,-11,9,-12,9,-12,9,-13,9,-14,9,-14,9,-15,9,-16,9,-17,9,-17,9,-17,9,-18,9,-18,9,-18,9,-18,10,-19,10,-19,10,-19,11,-19,11,-19,11,-19,11,-19,12,-20,12,-20,12,-20,12]"
CSI_DATA,45084,d8:b1:90:db:e8:90,-52,11,1,7,0,0,1,0,0,0,1,-93,0,8,0,705082332,0,100,0,128,1,"[100,-64,5,0,-28,-4,-28,-4,-28,-4,-27,-3,-27,-3,-27,-2,-26,-2,-26,-2,-26,-1,-26,0,-26,0,-27,1,-27,1,-26,1,-26,1,-26,0,-26,0,-26,0,-26,-1,-26,-1,-26,-2,-26,-2,-26,-3,-26,-4,-26,-5,-7,-2,0,0,0,0,0,0,0,0,0,0,0,0,0,0,0,0,0,0,-5,-1,-18,-2,-18,-3,-19,-3,-19,-4,-20,-4,-21,-4,-21,-5,-22,-5,-23,-6,-23,-7,-23,-7,-24,-7,-24,-8,-24,-8,-24,-8,-25,-8,-25,-8,-25,-7,-26,-7,-26,-7,-27,-7,-27,-7,-27,-7,-28,-6,-28,-6,-28,-6]"
CSI_DATA,45085,d8:b1:90:db:e8:90,-53,11,1,7,0,0,1,0,0,0,1,-93,0,8,0,705093078,0,100,0,128,1,"[100,-64,5,0,20,-12,19,-12,19,-12,19,-12,19,-12,18,-13,18,-13,17,-13,17,-13,16,-14,16,-14,16,-14,16,-14,15,-15,16,-15,16,-15,16,-15,16,-15,16,-14,16,-14,16,-14,16,-13,17,-12,17,-11,17,-11,4,-3,0,0,0,0,0,0,0,0,0,0,0,0,0,0,0,0,0,0,3,-2,12,-8,13,-7,13,-7,14,-7,14,-7,15,-7,16,-7,17,-7,17,-7,18,-7,19,-6,19,-6,19,-6,19,-6,20,-7,20,-7,20,-7,20,-8,20,-9,20,-9,21,-10,21,-10,20,-10,20,-10,21,-10,21,-10]"
CSI_DATA,45086,d8:b1:90:db:e8:90,-53,11,1,7,0,0,1,0,0,0,1,-93,0,8,0,705103474,0,100,0,128,1,"[100,-64,5,0,5,22,5,22,5,21,6,21,6,21,7,20,7,20,7,19,7,19,8,19,8,19,8,18,8,18,8,19,8,19,9,19,9,19,8,19,8,19,8,19,7,19,6,19,6,19,5,19,4,20,1,5,0,0,0,0,0,0,0,0,0,0,0,0,0,0,0,0,0,0,1,3,4,14,4,13,3,13,2,14,2,16,1,16,2,16,3,17,4,18,3,19,2,19,1,20,1,20,1,20,2,19,1,20,1,20,2,21,3,22,3,22,4,22,4,22,4,22,4,22,4,22,4,22]"
CSI_DATA,45087,d8:b1:90:db:e8:90,-53,11,1,7,0,0,1,0,0,0,1,-93,0,8,0,705122151,0,100,0,128,1,"[100,-64,5,0,-17,-12,-17,-12,-17,-12,-17,-12,-17,-12,-17,-11,-17,-11,-18,-10,-18,-10,-18,-9,-18,-9,-18,-8,-18,-8,-18,-8,-18,-8,-18,-8,-18,-9,-18,-9,-17,-9,-17,-9,-17,-10,-17,-10,-16,-10,-16,-11,-16,-12,-4,-3,0,0,0,0,0,0,0,0,0,0,0,0,0,0,0,0,0,0,-3,-2,-11,-6,-12,-7,-12,-8,-13,-8,-13,-9,-13,-10,-13,-11,-12,-12,-12,-12,-14,-12,-14,-12,-14,-13,-14,-13,-14,-13,-14,-13,-14,-13,-14,-13,-14,-13,-15,-13,-15,-13,-15,-13,-15,-13,-16,-13,-16,-14,-16,-14,-16,-14]"
CSI_DATA,45088,d8:b1:90:db:e8:90,-53,11,1,7,0,0,1,0,0,0,1,-93,0,8,0,705146704,0,100,0,128,1,"[100,-64,5,0,0,23,1,22,4,17,5,18,4,18,5,17,8,19,8,18,11,17,12,19,10,16,12,12,13,13,10,13,11,14,12,19,13,16,15,13,13,14,11,12,11,12,9,14,8,13,12,14,13,18,3,5,0,0,0,0,0,0,0,0,0,0,0,0,0,0,0,0,0,0,-2,2,-5,10,-5,11,-8,11,-9,12,-8,14,-8,14,-6,13,-6,14,-7,14,-6,15,-5,17,-7,16,-7,15,-6,17,-7,18,-5,18,-4,18,-6,18,-5,18,-3,20,-3,19,-3,19,-2,21,-2,22,-1,19,4,20]"
CSI_DATA,45089,d8:b1:90:db:e8:90,-52,11,1,7,0,0,1,0,0,0,1,-93,0,8,0,705167381,0,100,0,128,1,"[100,-64,5,0,7,-23,7,-23,7,-23,6,-23,6,-24,6,-23,5,-23,4,-23,3,-23,3,-23,2,-23,2,-23,2,-23,2,-23,2,-23,2,-23,2,-23,2,-22,3,-23,3,-23,3,-23,4,-22,4,-22,4,-22,5,-21,1,-6,0,0,0,0,0,0,0,0,0,0,0,0,0,0,0,0,0,0,0,-4,2,-15,2,-16,3,-16,3,-16,4,-17,5,-17,5,-18,6,-18,7,-19,7,-19,7,-19,8,-20,8,-20,8,-20,8,-20,9,-20,8,-20,8,-21,8,-21,9,-21,9,-22,8,-22,8,-23,8,-23,8,-23,8,-23]"
CSI_DATA,45090,d8:b1:90:db:e8:90,-53,11,1,7,0,0,1,0,0,0,1,-93,0,8,0,705177637,0,100,0,128,1,"[100,-64,5,0,-16,14,-16,14,-15,14,-15,14,-15,13,-14,14,-14,14,-13,14,-12,14,-12,14,-12,14,-12,14,-12,14,-12,15,-12,15,-12,15,-12,15,-12,15,-12,14,-12,14,-13,14,-13,14,-13,13,-14,12,-14,12,-4,3,0,0,0,0,0,0,0,0,0,0,0,0,0,0,0,0,0,0,-3,2,-9,9,-10,8,-10,8,-11,8,-12,8,-12,8,-13,9,-13,9,-14,9,-16,9,-17,9,-16,8,-16,8,-16,8,-16,9,-16,10,-16,10,-16,10,-16,10,-16,10,-17,11,-16,11,-16,12,-16,12,-16,12,-16,12]"
CSI_DATA,45091,d8:b1:90:db:e8:90,-52,11,1,7,0,0,1,0,0,0,1,-93,0,8,0,705188761,0,100,0,128,1,"[100,-64,5,0,-14,-21,-14,-21,-14,-21,-14,-20,-14,-20,-14,-20,-15,-19,-15,-18,-15,-18,-16,-17,-16,-17,-16,-17,-16,-17,-16,-17,-16,-17,-17,-17,-17,-17,-16,-17,-16,-17,-15,-17,-15,-17,-15,-17,-14,-18,-13,-18,-12,-19,-3,-5,0,0,0,0,0,0,0,0,0,0,0,0,0,0,0,0,0,0,-3,-3,-9,-12,-8,-13,-8,-14,-8,-14,-8,-15,-8,-16,-9,-16,-9,-16,-9,-17,-9,-18,-9,-19,-8,-19,-8,-20,-9,-20,-10,-20,-10,-20,-10,-20,-11,-20,-11,-21,-11,-21,-12,-21,-12,-21,-12,-21,-12,-21,-12,-21,-13,-21]"
CSI_DATA,45092,d8:b1:90:db:e8:90,-52,11,1,7,0,0,1,0,0,0,1,-93,0,8,0,705199226,0,100,0,128,1,"[100,-64,5,0,-5,-25,-5,-24,-5,-24,-5,-24,-5,-24,-6,-24,-6,-23,-7,-23,-8,-22,-8,-22,-8,-22,-8,-22,-8,-22,-9,-22,-9,-22,-9,-22,-9,-22,-8,-22,-8,-22,-7,-22,-7,-22,-6,-22,-5,-22,-4,-22,-3,-22,-1,-6,0,0,0,0,0,0,0,0,0,0,0,0,0,0,0,0,0,0,-1,-4,-4,-15,-3,-15,-3,-16,-2,-17,-2,-17,-2,-17,-3,-18,-3,-19,-2,-19,-2,-20,-1,-21,-1,-21,-1,-22,-1,-22,-2,-22,-2,-22,-2,-22,-2,-22,-3,-23,-3,-23,-3,-23,-4,-24,-4,-24,-3,-24,-4,-24,-4,-25]"
CSI_DATA,45093,d8:b1:90:db:e8:90,-53,11,1,7,0,0,1,0,0,0,1,-93,0,8,0,705210112,0,100,0,128,1,"[100,-64,5,0,7,-24,7,-24,7,-24,6,-23,6,-23,5,-23,5,-23,4,-23,4,-23,4,-23,3,-23,2,-22,1,-23,1,-23,1,-23,1,-23,1,-23,1,-22,1,-22,2,-22,2,-22,3,-22,4,-21,4,-21,5,-21,1,-6,0,0,0,0,0,0,0,0,0,0,0,0,0,0,0,0,0,0,0,-4,3,-14,3,-14,4,-15,4,-15,5,-15,6,-16,6,-17,6,-17,7,-18,8,-18,9,-18,9,-18,10,-18,10,-18,10,-19,10,-19,9,-19,9,-20,9,-20,9,-20,9,-21,9,-21,9,-21,9,-21,9,-22,9,-22]"
CSI_DATA,45094,d8:b1:90:db:e8:90,-53,11,1,7,0,0,1,0,0,0,1,-93,0,8,0,705222623,0,100,0,128,1,"[100,-64,5,0,2,21,3,21,3,20,3,20,3,20,3,19,4,19,4,19,4,19,5,18,5,18,6,18,7,18,6,18,6,18,6,18,6,18,5,18,5,18,5,18,4,18,4,18,3,18,3,18,2,18,0,4,0,0,0,0,0,0,0,0,0,0,0,0,0,0,0,0,0,0,0,2,3,11,2,12,2,12,2,13,1,13,1,14,1,16,1,16,1,16,0,16,0,16,0,17,0,17,0,18,0,18,0,18,0,18,0,18,0,18,0,19,0,19,0,19,1,20,1,20,2,20,1,21]"
CSI_DATA,45095,d8:b1:90:db:e8:90,-52,11,1,7,0,0,1,0,0,0,1,-93,0,8,0,705248321,0,100,0,128,1,"[100,-64,5,0,-3,-22,-3,-22,-3,-22,-4,-22,-4,-22,-4,-21,-5,-21,-5,-21,-6,-21,-6,-21,-6,-21,-7,-21,-7,-20,-7,-20,-7,-20,-8,-20,-8,-20,-7,-20,-7,-20,-6,-20,-6,-19,-5,-19,-5,-19,-4,-20,-3,-21,-1,-6,0,0,0,0,0,0,0,0,0,0,0,0,0,0,0,0,0,0,-1,-4,-2,-13,-2,-13,-3,-13,-3,-14,-2,-14,-2,-15,-2,-16,-1,-17,-1,-17,0,-18,0,-18,0,-19,0,-19,0,-19,0,-20,-1,-20,-1,-20,-1,-20,-1,-21,-1,-21,-2,-21,-2,-21,-2,-21,-2,-22,-2,-22,-2,-22]"
CSI_DATA,45096,d8:b1:90:db:e8:90,-53,11,1,7,0,0,1,0,0,0,1,-93,0,8,0,705260096,0,100,0,128,1,"[100,-64,5,0,23,3,23,3,23,3,23,2,22,2,22,1,22,1,22,0,22,0,22,0,22,-1,22,-1,22,-1,22,-1,21,-1,21,-1,21,-1,21,-1,21,-1,21,-1,21,0,21,1,21,1,21,2,21,3,5,0,0,0,0,0,0,0,0,0,0,0,0,0,0,0,0,0,0,0,3,-1,13,0,13,0,14,1,14,1,14,2,15,2,16,3,17,3,18,4,18,4,18,5,18,6,19,6,19,6,19,5,20,5,20,6,20,5,21,5,21,5,21,5,22,5,22,5,23,5,23,4,23,4]"
CSI_DATA,45097,d8:b1:90:db:e8:90,-53,11,1,7,0,0,1,0,0,0,1,-93,0,8,0,705274175,0,100,0,128,1,"[100,-64,5,0,-21,13,-21,13,-20,13,-20,14,-19,14,-19,14,-18,14,-17,14,-17,15,-16,15,-16,15,-16,16,-15,16,-15,16,-15,16,-16,16,-16,16,-16,15,-16,15,-17,14,-17,14,-17,14,-17,13,-17,12,-18,11,-5,2,0,0,0,0,0,0,0,0,0,0,0,0,0,0,0,0,0,0,-3,2,-11,9,-11,9,-12,8,-13,8,-13,8,-14,8,-15,8,-16,8,-17,8,-18,8,-18,8,-18,8,-19,8,-19,8,-19,8,-20,9,-20,9,-20,9,-20,10,-20,10,-21,11,-21,11,-20,12,-20,12,-20,13,-20,13]"
CSI_DATA,45098,d8:b1:90:db:e8:90,-53,11,1,7,0,0,1,0,0,0,1,-93,0,8,0,705293867,0,100,0,128,1,"[100,-64,5,0,-4,23,-4,23,-4,23,-3,23,-3,23,-3,22,-2,22,-2,22,-1,22,-1,22,-1,21,0,21,0,21,0,22,0,22,0,22,0,22,-1,22,-1,21,-1,21,-2,21,-2,21,-3,20,-4,20,-4,20,-2,5,0,0,0,0,0,0,0,0,0,0,0,0,0,0,0,0,0,0,-1,3,-1,13,-2,14,-3,14,-3,14,-4,15,-5,15,-5,16,-6,16,-6,17,-6,18,-6,18,-6,19,-6,19,-6,19,-7,19,-7,19,-7,20,-7,20,-6,21,-6,21,-6,21,-6,21,-6,22,-6,22,-6,22,-5,22]"
CSI_DATA,45099,d8:b1:90:db:e8:90,-53,11,1,7,0,0,1,0,0,0,1,-93,0,8,0,705312447,0,100,0,128,1,"[100,-64,5,0,10,21,10,21,10,20,11,20,11,19,11,19,11,19,12,18,12,18,13,17,13,17,14,17,14,17,14,17,14,17,14,17,14,17,13,17,13,17,12,17,12,17,11,17,11,17,10,18,9,18,2,4,0,0,0,0,0,0,0,0,0,0,0,0,0,0,0,0,0,0,1,2,7,11,7,12,7,12,7,13,7,14,7,14,7,14,7,15,7,16,7,17,7,18,7,18,7,19,7,19,7,19,7,19,7,20,8,20,8,20,9,20,9,20,9,21,9,21,9,21,10,21,10,21]"
CSI_DATA,45100,d8:b1:90:db:e8:90,-53,11,1,7,0,0,1,0,0,0,1,-93,0,8,0,705322973,0,100,0,128,1,"[100,-64,5,0,15,-15,15,-15,15,-15,15,-15,14,-15,14,-16,13,-16,12,-16,12,-16,12,-16,12,-16,11,-17,11,-17,11,-17,11,-17,11,-17,11,-17,11,-16,11,-16,11,-16,12,-15,12,-14,12,-14,13,-13,13,-13,3,-4,0,0,0,0,0,0,0,0,0,0,0,0,0,0,0,0,0,0,1,-3,7,-10,8,-11,9,-10,10,-9,10,-10,10,-11,10,-11,11,-11,12,-11,13,-11,14,-11,14,-12,14,-12,14,-11,14,-12,14,-12,15,-12,15,-12,15,-13,15,-13,15,-13,15,-14,15,-14,16,-14,16,-14,16,-14]"
CSI_DATA,45101,d8:b1:90:db:e8:90,-52,11,1,7,0,0,1,0,0,0,1,-93,0,8,0,705333058,0,100,0,128,1,"[100,-64,5,0,24,0,24,0,24,0,24,0,24,-1,23,-1,23,-2,23,-2,22,-2,22,-3,22,-3,22,-4,22,-4,22,-3,22,-3,22,-3,22,-3,22,-2,21,-2,21,-2,21,-1,21,-1,21,0,21,0,20,1,5,0,0,0,0,0,0,0,0,0,0,0,0,0,0,0,0,0,0,0,3,-1,14,-1,14,-1,14,0,15,0,15,1,16,1,16,1,17,2,18,2,19,3,19,3,20,4,20,4,20,5,20,5,21,5,21,5,21,4,22,4,22,4,22,3,23,3,23,3,23,2,24,2,24,1]"
CSI_DATA,45102,d8:b1:90:db:e8:90,-52,11,1,7,0,0,1,0,0,0,1,-93,0,8,0,705355393,0,100,0,128,1,"[100,-64,5,0,16,-15,16,-15,16,-15,16,-15,16,-15,15,-15,15,-15,14,-16,14,-16,14,-16,13,-16,13,-16,13,-16,13,-17,13,-17,13,-16,13,-16,13,-16,13,-15,13,-15,13,-14,14,-14,14,-13,14,-12,15,-12,3,-3,0,0,0,0,0,0,0,0,0,0,0,0,0,0,0,0,0,0,2,-3,8,-10,8,-10,9,-9,10,-9,11,-9,11,-10,12,-10,12,-11,13,-11,14,-11,14,-11,15,-11,15,-11,15,-11,15,-12,15,-12,15,-12,15,-12,16,-13,16,-13,16,-13,16,-13,17,-14,17,-14,17,-14,17,-14]"
CSI_DATA,45103,d8:b1:90:db:e8:90,-52,11,1,7,0,0,1,0,0,0,1,-93,0,8,0,705365542,0,100,0,128,1,"[100,-64,5,0,-4,-25,-4,-25,-4,-25,-4,-24,-4,-24,-5,-24,-6,-24,-6,-23,-7,-23,-7,-23,-7,-23,-7,-23,-8,-23,-8,-23,-8,-23,-8,-23,-8,-22,-8,-22,-7,-22,-7,-22,-6,-22,-5,-22,-5,-22,-4,-22,-3,-22,-1,-6,0,0,0,0,0,0,0,0,0,0,0,0,0,0,0,0,0,0,-1,-4,-3,-14,-3,-15,-3,-15,-2,-16,-2,-16,-2,-17,-2,-18,-2,-19,-1,-20,-1,-20,0,-21,0,-21,0,-21,0,-22,-1,-22,-1,-22,-1,-23,-1,-23,-2,-23,-2,-23,-2,-24,-2,-24,-3,-25,-3,-25,-2,-25,-3,-26]"
CSI_DATA,45104,d8:b1:90:db:e8:90,-52,11,1,7,0,0,1,0,0,0,1,-93,0,8,0,705378059,0,100,0,128,1,"[100,-64,5,0,-18,17,-18,17,-17,17,-17,17,-16,17,-16,17,-15,17,-15,18,-14,18,-13,18,-13,18,-13,19,-13,19,-13,19,-13,19,-13,19,-13,19,-13,18,-13,18,-14,18,-14,17,-14,16,-14,16,-15,16,-15,15,-4,3,0,0,0,0,0,0,0,0,0,0,0,0,0,0,0,0,0,0,-2,3,-9,11,-9,11,-10,11,-11,11,-12,11,-12,12,-13,12,-13,12,-14,13,-15,13,-15,13,-16,13,-16,13,-17,13,-17,14,-17,14,-17,14,-17,14,-17,15,-18,15,-18,16,-18,16,-18,17,-18,17,-18,17,-18,17]"
CSI_DATA,45105,d8:b1:90:db:e8:90,-52,11,1,7,0,0,1,0,0,0,1,-93,0,8,0,705392362,0,100,0,128,1,"[100,-64,5,0,-24,-9,-25,-10,-24,-9,-24,-8,-23,-7,-23,-7,-23,-6,-23,-6,-23,-6,-24,-6,-24,-5,-23,-5,-23,-4,-23,-4,-23,-4,-23,-4,-23,-4,-23,-4,-23,-5,-23,-5,-23,-5,-22,-6,-22,-7,-22,-7,-22,-8,-6,-2,0,0,0,0,0,0,0,0,0,0,0,0,0,0,0,0,0,0,-4,-1,-15,-3,-15,-4,-15,-5,-16,-6,-16,-7,-17,-7,-17,-8,-17,-9,-18,-9,-19,-10,-19,-11,-19,-11,-19,-11,-20,-12,-20,-12,-20,-11,-21,-11,-21,-12,-21,-12,-21,-12,-22,-12,-22,-11,-22,-11,-22,-11,-22,-11,-23,-11]"
CSI_DATA,45106,d8:b1:90:db:e8:90,-52,11,1,7,0,0,1,0,0,0,1,-93,0,8,0,705403476,0,100,0,128,1,"[100,-64,5,0,-20,-16,-20,-16,-19,-15,-20,-14,-20,-14,-19,-13,-19,-13,-20,-12,-20,-12,-20,-11,-20,-11,-20,-11,-20,-11,-20,-11,-20,-10,-21,-10,-20,-10,-20,-10,-20,-11,-20,-11,-19,-11,-19,-12,-19,-12,-18,-13,-18,-14,-5,-4,0,0,0,0,0,0,0,0,0,0,0,0,0,0,0,0,0,0,-4,-2,-13,-8,-13,-9,-13,-10,-13,-11,-13,-11,-13,-12,-14,-12,-14,-13,-14,-14,-14,-15,-15,-15,-15,-16,-15,-17,-15,-17,-15,-17,-15,-17,-16,-17,-16,-17,-16,-17,-16,-17,-16,-17,-17,-17,-17,-17,-18,-16,-18,-17,-18,-17]"
CSI_DATA,45107,d8:b1:90:db:e8:90,-52,11,1,7,0,0,1,0,0,0,1,-93,0,8,0,705422635,0,100,0,128,1,"[100,-64,5,0,-22,-1,-22,-1,-22,0,-22,0,-21,1,-21,1,-21,2,-20,3,-20,3,-20,3,-20,4,-20,4,-20,4,-20,4,-20,5,-20,5,-20,5,-20,5,-20,5,-19,5,-19,5,-19,4,-19,3,-20,2,-20,1,-5,0,0,0,0,0,0,0,0,0,0,0,0,0,0,0,0,0,0,0,-4,0,-13,1,-14,1,-15,1,-15,1,-15,0,-15,-1,-16,0,-17,1,-18,1,-19,0,-19,-1,-19,-2,-19,-3,-19,-3,-20,-3,-20,-2,-21,-2,-21,-2,-21,-2,-21,-2,-21,-1,-21,-1,-22,-1,-22,-2,-22,-2,-22,-2]"
CSI_DATA,45108,d8:b1:90:db:e8:90,-52,11,1,7,0,0,1,0,0,0,1,-93,0,8,0,705432844,0,100,0,128,1,"[100,-64,5,0,18,-10,18,-11,18,-11,18,-11,18,-11,17,-11,17,-11,16,-12,16,-12,16,-12,16,-13,15,-13,15,-13,15,-13,16,-13,16,-13,15,-13,15,-12,16,-12,16,-12,16,-12,17,-11,16,-10,16,-10,16,-9,4,-3,0,0,0,0,0,0,0,0,0,0,0,0,0,0,0,0,0,0,2,-3,9,-10,10,-9,11,-10,12,-10,12,-9,12,-8,14,-8,15,-8,15,-8,16,-9,16,-8,17,-8,17,-7,17,-7,18,-7,18,-7,18,-7,18,-7,18,-8,19,-8,19,-8,19,-9,19,-9,19,-10,19,-10,19,-10]"
CSI_DATA,45109,d8:b1:90:db:e8:90,-53,11,1,7,0,0,1,0,0,0,1,-93,0,8,0,705459176,0,100,0,128,1,"[100,-64,5,0,5,-29,5,-28,5,-28,6,-27,6,-27,6,-27,4,-27,1,-27,0,-27,0,-27,0,-28,1,-28,3,-28,3,-28,3,-29,3,-29,4,-30,5,-29,4,-29,1,-30,1,-30,2,-30,2,-27,-1,-22,-2,-19,-1,-5,0,0,0,0,0,0,0,0,0,0,0,0,0,0,0,0,0,0,1,3,5,14,4,14,3,14,2,15,2,16,3,17,4,17,5,18,4,19,3,20,2,20,1,20,0,21,-1,22,-3,23,-4,24,-4,24,-2,13,3,-8,5,-19,5,-19,5,-20,4,-23,4,-24,4,-24,5,-26]"
CSI_DATA,45110,d8:b1:90:db:e8:90,-52,11,1,7,0,0,1,0,0,0,1,-93,0,8,0,705477380,0,100,0,128,1,"[100,-64,5,0,20,7,20,7,20,7,19,6,19,6,19,5,19,4,20,3,20,3,20,3,20,2,20,2,21,2,21,2,20,2,20,2,20,2,20,3,20,3,20,4,20,4,19,5,19,5,19,6,18,7,4,1,0,0,0,0,0,0,0,0,0,0,0,0,0,0,0,0,0,0,3,0,12,2,12,3,12,3,13,4,13,4,13,5,14,6,14,6,14,7,15,8,15,9,15,9,16,9,16,9,16,9,16,9,16,9,16,9,17,9,17,8,18,9,18,8,19,8,19,8,19,8,20,8]"
CSI_DATA,45111,d8:b1:90:db:e8:90,-52,11,1,7,0,0,1,0,0,0,1,-93,0,8,0,705492253,0,100,0,128,1,"[100,-64,5,0,22,9,22,8,21,8,22,8,22,7,22,7,22,6,23,5,23,4,23,3,23,3,23,3,23,3,23,4,23,3,23,3,23,3,22,4,22,4,22,5,22,5,22,5,22,6,21,7,21,8,5,2,0,0,0,0,0,0,0,0,0,0,0,0,0,0,0,0,0,0,3,0,13,3,13,4,14,4,14,5,15,6,15,6,16,6,17,7,17,8,17,8,17,9,17,9,17,9,18,10,18,10,18,11,18,11,19,11,19,10,20,10,20,10,21,10,21,10,21,9,22,9,22,8]"
CSI_DATA,45112,d8:b1:90:db:e8:90,-52,11,1,7,0,0,1,0,0,0,1,-93,0,8,0,705503066,0,100,0,128,1,"[100,-64,5,0,11,21,11,20,12,19,13,19,13,18,14,17,15,17,14,17,15,15,16,15,16,15,16,14,18,14,17,15,17,14,19,14,19,16,17,15,17,14,18,15,16,15,16,15,16,16,15,17,13,15,3,3,0,0,0,0,0,0,0,0,0,0,0,0,0,0,0,0,0,0,1,3,4,13,3,14,3,14,4,14,4,15,3,16,3,16,4,18,3,19,3,19,4,20,3,20,3,20,4,20,4,20,4,20,4,19,5,20,5,21,6,21,7,21,7,22,8,21,9,21,9,21,9,22]"
CSI_DATA,45113,d8:b1:90:db:e8:90,-52,11,1,7,0,0,1,0,0,0,1,-93,0,8,0,705513917,0,100,0,128,1,"[100,-64,5,0,-2,24,-2,24,-1,24,0,24,0,23,1,23,1,23,2,23,3,22,3,22,4,22,4,23,4,23,4,23,4,24,4,24,4,24,3,24,3,24,2,23,2,23,1,23,0,23,-1,23,-2,24,-1,6,0,0,0,0,0,0,0,0,0,0,0,0,0,0,0,0,0,0,-1,3,-1,14,-1,15,-1,15,-2,16,-2,16,-3,17,-3,18,-3,19,-4,19,-4,20,-4,20,-4,21,-5,21,-5,21,-5,21,-5,21,-5,21,-5,22,-5,22,-5,23,-4,23,-4,23,-3,23,-3,24,-3,24,-3,24]"
CSI_DATA,45114,d8:b1:90:db:e8:90,-54,11,1,5,0,0,1,0,1,0,0,-93,0,8,0,705535219,0,100,0,128,1,"[100,-64,5,0,35,-2,31,-3,27,-3,22,-2,16,-1,11,0,7,2,3,5,0,7,-3,10,-4,12,-5,13,-6,14,-6,14,-7,13,-7,11,-7,7,-8,4,-8,-1,-9,-6,-10,-11,-11,-16,-12,-20,-12,-25,-12,-28,-3,-8,0,0,0,0,0,0,0,0,0,0,0,0,0,0,0,0,0,0,-1,2,-1,8,-1,6,-2,4,-2,1,-2,-1,-3,-3,-3,-6,-3,-9,-3,-11,-3,-11,-3,-10,-3,-9,-2,-6,0,-4,2,-1,5,2,9,4,13,6,17,8,22,9,27,9,31,9,35,8,38,6,40,4,40,3]"
CSI_DATA,45115,d8:b1:90:db:e8:90,-52,11,1,7,0,0,1,0,0,0,1,-93,0,8,0,705555152,0,100,0,128,1,"[100,-64,5,0,14,16,14,16,14,16,14,15,14,15,14,15,14,15,15,14,15,13,15,13,15,13,16,13,16,13,16,13,16,13,16,13,16,14,15,14,15,14,15,14,14,14,14,14,13,14,12,15,11,16,2,4,0,0,0,0,0,0,0,0,0,0,0,0,0,0,0,0,0,0,2,2,8,10,7,11,8,11,8,11,8,12,8,12,9,13,9,14,9,15,10,15,10,15,10,15,10,16,10,16,10,16,10,16,10,16,11,16,11,16,12,17,12,17,13,17,13,17,13,17,14,17,14,17]"
CSI_DATA,45116,d8:b1:90:db:e8:90,-52,11,1,7,0,0,1,0,0,0,1,-93,0,8,0,705565230,0,100,0,128,1,"[100,-64,5,0,19,9,19,9,19,9,19,9,19,8,19,8,19,7,19,7,19,7,19,6,19,6,19,6,19,6,20,6,20,6,20,6,20,6,19,7,19,7,19,7,19,7,18,8,17,8,17,9,16,10,4,2,0,0,0,0,0,0,0,0,0,0,0,0,0,0,0,0,0,0,3,1,12,6,12,7,12,7,12,8,12,8,12,8,13,8,13,8,14,9,14,10,15,10,15,10,15,11,15,11,15,11,16,11,16,11,16,11,17,11,17,10,18,10,18,10,18,10,19,10,19,10,19,10]"
CSI_DATA,45117,d8:b1:90:db:e8:90,-52,11,1,7,0,0,1,0,0,0,1,-93,0,8,0,705584936,0,100,0,128,1,"[100,-64,5,0,-18,20,-17,20,-17,20,-16,20,-16,20,-15,20,-15,20,-14,20,-14,20,-13,20,-13,21,-13,21,-13,21,-13,21,-13,21,-13,20,-13,20,-13,20,-14,19,-14,19,-15,19,-15,18,-15,17,-16,17,-16,17,-4,4,0,0,0,0,0,0,0,0,0,0,0,0,0,0,0,0,0,0,-2,3,-7,14,-8,14,-9,13,-10,13,-11,14,-12,14,-12,15,-12,15,-13,15,-14,16,-15,16,-15,16,-16,16,-16,16,-17,15,-17,15,-17,15,-17,16,-17,16,-17,17,-17,17,-17,18,-17,19,-17,19,-17,19,-17,19]"
CSI_DATA,45118,d8:b1:90:db:e8:90,-52,11,1,7,0,0,1,0,0,0,1,-93,0,8,0,705604281,0,100,0,128,1,"[100,-64,5,0,16,18,16,18,16,18,16,17,16,17,17,17,17,16,17,15,17,15,17,15,18,14,18,14,18,14,18,14,18,14,18,14,18,14,18,14,18,14,17,14,17,14,16,14,16,15,15,15,15,16,3,4,0,0,0,0,0,0,0,0,0,0,0,0,0,0,0,0,0,0,3,2,12,9,11,10,11,10,11,11,11,12,12,13,12,14,13,14,13,15,13,16,12,16,12,17,12,17,13,18,13,18,13,18,13,18,13,18,13,18,14,18,14,18,15,19,15,19,15,19,15,19,15,19]"
CSI_DATA,45119,d8:b1:90:db:e8:90,-52,11,1,7,0,0,1,0,0,0,1,-93,0,8,0,705622498,0,100,0,128,1,"[100,-64,5,0,-19,7,-20,7,-19,7,-19,7,-18,7,-18,8,-18,8,-17,8,-16,9,-16,9,-17,10,-17,10,-16,10,-16,11,-16,11,-17,10,-17,10,-16,10,-16,10,-16,10,-16,9,-16,8,-16,9,-17,9,-17,8,-5,1,0,0,0,0,0,0,0,0,0,0,0,0,0,0,0,0,0,0,-3,1,-11,5,-13,5,-14,4,-14,2,-15,2,-16,2,-16,3,-17,3,-17,2,-18,3,-18,3,-18,3,-18,2,-18,2,-18,2,-18,2,-18,2,-18,3,-18,3,-19,4,-19,4,-19,5,-19,5,-19,6,-19,6,-20,6]"
CSI_DATA,45120,d8:b1:90:db:e8:90,-52,11,1,7,0,0,1,0,0,0,1,-93,0,8,0,705657388,0,100,0,128,1,"[100,-64,5,0,2,-24,2,-24,1,-23,1,-23,1,-23,1,-22,0,-22,0,-22,-1,-22,-2,-22,-2,-22,-3,-22,-3,-22,-3,-22,-3,-22,-3,-22,-3,-22,-2,-22,-2,-22,-1,-21,0,-20,0,-20,1,-19,4,-18,6,-18,1,-5,0,0,0,0,0,0,0,0,0,0,0,0,0,0,0,0,0,0,0,-4,1,-14,2,-15,3,-15,3,-16,3,-16,4,-16,4,-16,4,-17,5,-17,5,-18,5,-19,5,-19,5,-20,5,-20,5,-20,5,-20,5,-21,5,-21,4,-21,4,-22,4,-22,4,-22,3,-22,3,-22,2,-23,3,-23]"
CSI_DATA,45121,d8:b1:90:db:e8:90,-52,11,1,7,0,0,1,0,0,0,0,-93,0,8,0,705667484,0,100,0,128,1,"[100,-64,5,0,14,20,14,20,14,19,15,19,15,18,15,18,15,17,15,17,16,16,16,16,16,15,17,15,17,15,17,15,18,15,18,15,17,15,17,15,16,15,15,15,14,15,14,15,12,16,9,17,7,17,1,4,0,0,0,0,0,0,0,0,0,0,0,0,0,0,0,0,0,0,1,3,7,12,7,13,7,14,7,15,6,16,6,16,7,16,7,17,7,18,7,18,7,19,8,19,8,20,8,20,8,20,9,20,9,20,10,20,10,20,11,20,12,20,12,20,12,20,13,20,13,20,13,20]"
CSI_DATA,45122,d8:b1:90:db:e8:90,-52,11,1,7,0,0,1,0,0,0,0,-93,0,8,0,705684554,0,100,0,128,1,"[100,-64,5,0,-23,-9,-23,-9,-23,-9,-23,-8,-23,-8,-23,-7,-23,-7,-23,-7,-22,-7,-22,-6,-22,-6,-23,-4,-23,-4,-23,-4,-23,-4,-23,-4,-23,-4,-22,-4,-22,-4,-22,-5,-22,-5,-22,-6,-21,-7,-20,-7,-20,-8,-5,-2,0,0,0,0,0,0,0,0,0,0,0,0,0,0,0,0,0,0,-4,-2,-14,-5,-14,-6,-15,-6,-15,-6,-15,-6,-16,-6,-17,-7,-18,-8,-18,-8,-19,-9,-19,-9,-19,-9,-19,-10,-19,-10,-19,-10,-20,-10,-20,-9,-20,-9,-20,-9,-20,-9,-21,-9,-21,-9,-22,-9,-22,-10,-22,-10,-22,-10]"
CSI_DATA,45123,d8:b1:90:db:e8:90,-52,11,1,7,0,0,1,0,0,0,0,-93,0,8,0,705702419,0,100,0,128,1,"[100,-64,5,0,-12,-23,-12,-23,-12,-22,-13,-22,-14,-21,-14,-21,-14,-20,-15,-20,-15,-20,-15,-20,-15,-20,-15,-20,-15,-19,-15,-19,-15,-19,-15,-19,-15,-20,-15,-20,-15,-20,-15,-20,-14,-20,-13,-20,-12,-21,-11,-21,-10,-21,-3,-6,0,0,0,0,0,0,0,0,0,0,0,0,0,0,0,0,0,0,-2,-4,-7,-14,-7,-15,-6,-16,-6,-16,-6,-17,-6,-17,-7,-18,-7,-19,-7,-19,-6,-20,-6,-20,-6,-21,-6,-21,-6,-21,-7,-21,-8,-21,-8,-21,-8,-21,-9,-21,-10,-21,-11,-21,-11,-22,-11,-22,-11,-22,-11,-23,-11,-23]"
CSI_DATA,45124,d8:b1:90:db:e8:90,-52,11,1,7,0,0,1,0,0,0,0,-93,0,8,0,705723323,0,100,0,128,1,"[100,-64,5,0,12,16,12,16,12,16,12,16,12,15,12,15,13,15,13,14,14,14,14,14,14,13,14,13,14,13,14,13,14,14,14,14,13,14,13,14,13,14,12,14,12,14,11,14,10,15,10,15,9,16,2,4,0,0,0,0,0,0,0,0,0,0,0,0,0,0,0,0,0,0,2,2,9,9,8,8,8,8,8,9,8,11,9,11,9,11,9,11,9,12,10,13,9,14,9,14,9,15,9,15,9,15,9,15,9,15,10,15,10,15,10,15,11,16,11,16,11,16,11,16,12,16,12,16]"
CSI_DATA,45125,d8:b1:90:db:e8:90,-52,11,1,7,0,0,1,0,0,0,0,-93,0,8,0,705733715,0,100,0,128,1,"[100,-64,5,0,-8,20,-8,20,-8,20,-7,20,-7,20,-7,20,-6,20,-6,20,-5,20,-5,20,-4,20,-4,20,-4,21,-3,20,-3,20,-3,20,-3,20,-4,20,-4,20,-4,20,-5,20,-5,19,-6,19,-6,19,-7,18,-2,4,0,0,0,0,0,0,0,0,0,0,0,0,0,0,0,0,0,0,-1,3,-4,12,-4,13,-4,13,-5,13,-6,13,-7,14,-6,14,-7,14,-8,15,-9,16,-9,16,-9,16,-10,16,-10,16,-10,17,-10,17,-10,17,-10,17,-9,17,-9,17,-9,18,-9,18,-9,19,-9,19,-9,20,-9,20]"
CSI_DATA,45126,d8:b1:90:db:e8:90,-52,11,1,7,0,0,1,0,0,0,0,-93,0,8,0,705745196,0,100,0,128,1,"[100,-64,5,0,12,-23,12,-23,11,-23,10,-23,10,-23,9,-23,8,-23,8,-23,7,-23,7,-23,7,-23,7,-24,7,-24,6,-24,6,-24,7,-24,7,-24,7,-24,8,-23,8,-23,8,-22,9,-22,9,-21,10,-20,11,-20,2,-5,0,0,0,0,0,0,0,0,0,0,0,0,0,0,0,0,0,0,1,-4,7,-14,7,-14,8,-14,8,-14,9,-15,9,-15,10,-16,10,-17,11,-17,12,-17,12,-17,13,-17,13,-18,13,-18,13,-18,13,-19,13,-19,13,-19,13,-20,13,-20,13,-20,13,-21,12,-21,12,-21,12,-21,12,-22]"
CSI_DATA,45127,d8:b1:90:db:e8:90,-52,11,1,7,0,0,1,0,0,0,0,-93,0,8,0,705763536,0,100,0,128,1,"[100,-64,5,0,-13,20,-13,19,-13,19,-12,19,-12,19,-12,19,-11,19,-10,20,-10,20,-10,20,-9,20,-9,20,-9,21,-9,21,-9,21,-9,20,-9,20,-9,19,-10,19,-10,18,-10,18,-11,17,-11,17,-11,15,-12,14,-3,3,0,0,0,0,0,0,0,0,0,0,0,0,0,0,0,0,0,0,-2,3,-7,13,-8,13,-8,13,-9,13,-9,13,-10,13,-11,13,-12,14,-12,14,-13,14,-14,14,-14,14,-15,14,-15,14,-15,15,-15,15,-15,15,-14,16,-14,16,-14,17,-14,17,-14,18,-13,18,-13,18,-13,19,-13,19]"
CSI_DATA,45128,d8:b1:90:db:e8:90,-51,11,1,7,0,0,1,0,0,0,0,-94,0,8,0,705783257,0,100,0,128,1,"[100,-64,5,0,18,-13,18,-13,18,-13,18,-13,18,-13,17,-13,17,-14,16,-15,16,-15,15,-15,15,-15,15,-15,15,-16,15,-16,15,-15,15,-15,15,-14,15,-14,15,-14,15,-13,15,-13,15,-12,15,-11,15,-10,15,-9,4,-3,0,0,0,0,0,0,0,0,0,0,0,0,0,0,0,0,0,0,2,-3,11,-9,11,-9,12,-9,12,-9,13,-8,14,-8,14,-8,15,-8,16,-8,16,-8,17,-8,17,-8,17,-7,17,-8,18,-8,18,-8,18,-8,18,-9,18,-9,18,-10,18,-10,18,-11,18,-11,18,-12,18,-12,18,-12]"
CSI_DATA,45129,d8:b1:90:db:e8:90,-51,11,1,7,0,0,1,0,0,0,0,-94,0,8,0,705803244,0,100,0,128,1,"[100,-64,5,0,-23,-2,-23,-2,-23,-2,-23,-1,-22,-1,-22,-1,-22,0,-21,0,-21,1,-21,1,-22,2,-22,3,-22,3,-22,3,-22,3,-22,3,-22,3,-22,2,-21,2,-21,2,-20,2,-20,1,-20,0,-20,0,-20,-1,-5,-1,0,0,0,0,0,0,0,0,0,0,0,0,0,0,0,0,0,0,-4,0,-14,-1,-14,-1,-15,-2,-15,-2,-16,-3,-16,-3,-16,-3,-17,-4,-17,-4,-18,-4,-18,-5,-19,-5,-19,-6,-19,-6,-20,-5,-20,-5,-20,-5,-20,-5,-20,-5,-20,-4,-21,-4,-21,-4,-22,-4,-22,-4,-22,-4,-22,-3]"
CSI_DATA,45130,d8:b1:90:db:e8:90,-51,11,1,7,0,0,1,0,0,0,1,-94,0,8,0,705824944,0,100,0,128,1,"[100,-64,5,0,2,-26,2,-26,2,-26,1,-25,1,-25,0,-25,0,-25,-1,-25,-2,-25,-3,-24,-3,-25,-3,-25,-3,-25,-3,-25,-3,-25,-3,-25,-3,-25,-2,-25,-2,-24,-2,-24,-1,-23,-1,-23,0,-23,1,-23,2,-23,0,-6,0,0,0,0,0,0,0,0,0,0,0,0,0,0,0,0,0,0,0,-4,1,-16,1,-16,2,-17,2,-17,3,-18,3,-18,3,-19,4,-19,4,-20,5,-20,5,-21,6,-21,6,-21,6,-22,6,-22,6,-22,6,-22,6,-23,5,-23,5,-23,5,-23,5,-24,4,-24,4,-24,4,-25,4,-25]"
CSI_DATA,45131,d8:b1:90:db:e8:90,-51,11,1,7,0,0,1,0,0,0,1,-94,0,8,0,705842407,0,100,0,128,1,"[100,-64,5,0,-19,13,-19,13,-19,13,-18,13,-18,13,-17,13,-17,14,-17,14,-16,14,-16,14,-16,14,-16,15,-16,15,-16,14,-16,14,-16,14,-16,14,-16,14,-16,13,-16,13,-17,12,-17,12,-17,11,-18,10,-18,9,-5,2,0,0,0,0,0,0,0,0,0,0,0,0,0,0,0,0,0,0,-3,1,-12,7,-13,7,-13,7,-13,7,-13,7,-13,8,-14,9,-16,9,-16,9,-16,9,-17,9,-17,9,-18,9,-18,9,-18,9,-18,9,-18,10,-18,10,-18,10,-18,11,-18,11,-18,12,-18,12,-19,12,-19,12,-19,12]"
CSI_DATA,45132,d8:b1:90:db:e8:90,-51,11,1,7,0,0,1,0,0,0,1,-94,0,8,0,705867398,0,100,0,128,1,"[100,-64,5,0,-22,3,-22,3,-22,4,-22,4,-22,4,-21,5,-21,5,-21,5,-21,5,-21,6,-21,6,-21,6,-21,6,-20,7,-20,7,-20,6,-20,6,-20,6,-20,6,-20,6,-20,5,-20,5,-20,4,-20,2,-20,2,-5,0,0,0,0,0,0,0,0,0,0,0,0,0,0,0,0,0,0,0,-4,0,-14,3,-14,2,-14,1,-15,1,-16,1,-16,0,-16,0,-17,0,-18,-1,-19,-1,-19,-1,-20,-1,-20,-2,-20,-1,-20,-1,-20,0,-20,0,-20,0,-21,1,-21,1,-21,2,-22,2,-22,2,-22,2,-22,3,-22,3]"
CSI_DATA,45133,d8:b1:90:db:e8:90,-51,11,1,7,0,0,1,0,0,0,1,-94,0,8,0,705880740,0,100,0,128,1,"[100,-64,5,0,-23,-11,-23,-11,-23,-11,-23,-10,-23,-10,-23,-10,-23,-10,-23,-9,-23,-9,-23,-8,-23,-8,-23,-7,-23,-7,-23,-7,-23,-7,-23,-7,-23,-7,-22,-8,-22,-8,-22,-8,-22,-8,-21,-9,-21,-9,-20,-10,-20,-11,-5,-3,0,0,0,0,0,0,0,0,0,0,0,0,0,0,0,0,0,0,-4,-2,-14,-6,-14,-7,-15,-8,-15,-8,-15,-9,-15,-10,-16,-10,-16,-11,-16,-12,-17,-13,-17,-13,-17,-13,-18,-13,-18,-13,-18,-13,-19,-13,-19,-12,-19,-12,-20,-12,-20,-12,-21,-12,-21,-12,-22,-12,-22,-12,-22,-12,-22,-11]"
CSI_DATA,45134,d8:b1:90:db:e8:90,-51,11,1,7,0,0,1,0,0,0,1,-94,0,8,0,705894465,0,100,0,128,1,"[100,-64,5,0,-4,-26,-4,-25,-5,-25,-5,-25,-5,-25,-5,-25,-6,-24,-7,-24,-7,-23,-8,-23,-8,-23,-9,-23,-9,-23,-9,-23,-9,-23,-9,-23,-9,-23,-8,-23,-8,-23,-7,-23,-6,-23,-6,-22,-5,-23,-4,-23,-3,-23,-1,-6,0,0,0,0,0,0,0,0,0,0,0,0,0,0,0,0,0,0,-2,-4,-4,-16,-4,-16,-3,-17,-3,-17,-3,-18,-2,-18,-2,-19,-2,-20,-2,-20,-1,-21,-1,-22,-1,-22,0,-23,-1,-23,-1,-23,-2,-23,-2,-23,-2,-24,-3,-24,-4,-24,-4,-25,-4,-25,-4,-25,-4,-25,-4,-25,-4,-25]"
CSI_DATA,45135,d8:b1:90:db:e8:90,-51,11,1,7,0,0,1,0,0,0,1,-94,0,8,0,705912184,0,100,0,128,1,"[100,-64,5,0,22,4,22,4,21,4,21,3,21,2,21,2,21,2,21,1,20,0,20,0,20,0,21,-1,21,-1,21,0,21,0,21,0,20,0,20,0,20,1,20,1,20,1,20,2,20,2,19,3,19,4,4,1,0,0,0,0,0,0,0,0,0,0,0,0,0,0,0,0,0,0,3,0,13,1,13,2,13,2,14,3,14,3,15,4,15,4,16,5,16,5,17,6,17,6,17,6,17,7,18,7,18,6,18,6,18,6,19,6,20,5,20,5,20,5,21,5,21,5,21,5,21,5,21,5]"
CSI_DATA,45136,d8:b1:90:db:e8:90,-51,11,1,7,0,0,1,0,0,0,1,-94,0,8,0,705922717,0,100,0,128,1,"[100,-64,5,0,12,-19,12,-19,12,-19,11,-19,11,-19,10,-19,10,-19,9,-19,9,-20,9,-20,8,-20,8,-20,8,-20,8,-20,8,-20,8,-20,8,-20,8,-20,8,-20,9,-20,9,-19,10,-19,10,-18,11,-18,12,-17,3,-5,0,0,0,0,0,0,0,0,0,0,0,0,0,0,0,0,0,0,1,-3,7,-12,7,-12,8,-12,8,-12,9,-13,9,-13,10,-13,11,-14,12,-14,12,-14,13,-14,13,-13,13,-14,14,-14,13,-15,13,-15,13,-15,13,-16,13,-17,13,-17,13,-18,13,-18,13,-18,13,-18,13,-18,13,-18]"
CSI_DATA,45137,d8:b1:90:db:e8:90,-51,11,1,7,0,0,1,0,0,0,1,-94,0,8,0,705937275,0,100,0,128,1,"[100,-64,5,0,-10,-20,-10,-20,-10,-20,-11,-19,-11,-19,-12,-18,-12,-18,-13,-18,-13,-17,-13,-17,-14,-16,-14,-16,-14,-16,-14,-16,-14,-16,-14,-16,-13,-16,-13,-16,-13,-16,-12,-17,-12,-17,-11,-17,-11,-17,-10,-18,-9,-18,-3,-5,0,0,0,0,0,0,0,0,0,0,0,0,0,0,0,0,0,0,-2,-4,-8,-13,-7,-12,-6,-12,-7,-13,-7,-14,-7,-14,-6,-15,-6,-16,-6,-16,-6,-17,-6,-17,-6,-18,-6,-18,-6,-19,-6,-19,-6,-19,-6,-19,-6,-20,-6,-20,-7,-20,-7,-20,-7,-20,-8,-20,-8,-21,-8,-21,-9,-21]"
CSI_DATA,45138,d8:b1:90:db:e8:90,-51,11,1,7,0,0,1,0,0,0,1,-94,0,8,0,705965142,0,100,0,128,1,"[100,-64,5,0,-13,-22,-13,-22,-13,-21,-13,-21,-13,-21,-13,-20,-13,-20,-14,-19,-15,-19,-15,-19,-15,-18,-16,-18,-15,-18,-15,-18,-15,-18,-15,-18,-15,-18,-14,-19,-14,-19,-14,-19,-14,-19,-13,-18,-13,-19,-12,-20,-11,-20,-3,-5,0,0,0,0,0,0,0,0,0,0,0,0,0,0,0,0,0,0,-2,-4,-8,-13,-8,-13,-8,-14,-8,-15,-7,-16,-7,-16,-7,-17,-7,-18,-7,-18,-7,-19,-8,-19,-8,-20,-8,-20,-8,-20,-8,-20,-9,-20,-9,-21,-9,-21,-9,-21,-9,-21,-9,-22,-10,-22,-10,-21,-10,-21,-11,-22,-11,-22]"
CSI_DATA,45139,d8:b1:90:db:e8:90,-51,11,1,7,0,0,1,0,0,0,1,-94,0,8,0,705977258,0,100,0,128,1,"[100,-64,5,0,11,-22,11,-22,11,-22,10,-22,10,-22,9,-22,9,-22,9,-22,8,-22,8,-22,7,-22,6,-23,6,-23,6,-23,6,-23,6,-23,6,-23,7,-23,7,-23,7,-22,7,-22,8,-21,8,-21,9,-21,10,-20,2,-5,0,0,0,0,0,0,0,0,0,0,0,0,0,0,0,0,0,0,1,-4,5,-14,6,-15,6,-15,7,-15,7,-15,8,-16,9,-16,9,-17,10,-17,11,-18,11,-18,12,-18,12,-18,12,-18,12,-18,13,-18,13,-18,12,-19,12,-20,11,-21,12,-21,12,-21,12,-22,12,-22,12,-22,12,-22]"
CSI_DATA,45140,d8:b1:90:db:e8:90,-51,11,1,7,0,0,1,0,0,0,1,-94,0,8,0,705989573,0,100,0,128,1,"[100,-64,5,0,18,15,18,15,18,15,18,14,18,14,18,13,18,13,19,13,19,13,19,12,19,12,19,12,19,12,19,12,19,12,20,11,20,11,19,11,19,12,18,12,18,12,17,13,17,13,16,14,15,14,3,3,0,0,0,0,0,0,0,0,0,0,0,0,0,0,0,0,0,0,2,2,11,10,11,10,11,10,10,10,11,11,11,12,12,12,12,12,12,14,12,14,13,15,13,15,13,16,13,16,14,15,14,15,14,15,15,16,15,16,15,16,16,16,16,16,17,16,17,17,17,17,17,17]"
CSI_DATA,45141,d8:b1:90:db:e8:90,-51,11,1,7,0,0,1,0,0,0,1,-94,0,8,0,706002382,0,100,0,128,1,"[100,-64,5,0,-12,21,-12,21,-12,21,-12,20,-12,20,-11,20,-11,20,-10,20,-10,20,-10,20,-10,21,-9,21,-9,21,-9,21,-9,21,-9,21,-9,21,-9,21,-9,20,-10,20,-10,19,-11,19,-11,18,-12,18,-13,17,-4,4,0,0,0,0,0,0,0,0,0,0,0,0,0,0,0,0,0,0,-2,3,-8,13,-8,13,-9,13,-9,13,-10,13,-10,13,-10,14,-11,15,-11,15,-12,15,-12,16,-13,16,-13,16,-13,16,-13,17,-13,17,-13,17,-13,17,-13,18,-13,18,-13,18,-13,19,-14,19,-14,20,-14,20,-14,20]"
CSI_DATA,45142,d8:b1:90:db:e8:90,-51,11,1,7,0,0,1,0,0,0,1,-94,0,8,0,706014528,0,100,0,128,1,"[100,-64,5,0,3,25,3,24,3,24,4,23,5,23,5,23,6,22,8,22,8,22,9,22,9,21,10,21,10,20,10,20,10,21,10,21,9,21,9,21,9,21,8,21,8,21,7,21,6,21,5,22,5,22,1,5,0,0,0,0,0,0,0,0,0,0,0,0,0,0,0,0,0,0,1,3,3,14,3,14,3,15,2,16,2,16,2,17,1,18,1,19,1,19,0,20,0,20,0,20,0,21,0,21,-1,21,-1,21,-1,22,-1,22,0,22,0,23,0,23,1,23,2,24,2,24,2,24,2,25]"
CSI_DATA,45143,d8:b1:90:db:e8:90,-51,11,1,7,0,0,1,0,0,0,1,-94,0,8,0,706032884,0,100,0,128,1,"[100,-64,5,0,13,18,13,18,13,17,13,16,13,16,13,15,14,15,15,14,16,14,16,13,16,13,16,12,16,12,16,12,16,12,16,13,16,13,15,13,15,13,15,13,14,13,13,14,13,14,13,15,12,16,3,4,0,0,0,0,0,0,0,0,0,0,0,0,0,0,0,0,0,0,2,2,11,9,10,10,9,10,9,11,9,11,8,11,8,12,9,14,10,15,9,16,9,15,10,16,9,16,9,16,9,16,9,17,9,17,9,17,10,17,10,17,10,18,11,18,12,18,12,18,12,18,12,18]"
CSI_DATA,45144,d8:b1:90:db:e8:90,-51,11,1,7,0,0,1,0,0,0,1,-94,0,8,0,706043563,0,100,0,128,1,"[100,-64,5,0,8,-20,9,-21,9,-21,8,-20,8,-20,8,-20,7,-20,7,-20,7,-20,6,-20,6,-20,6,-20,5,-20,5,-21,5,-21,5,-21,5,-21,5,-21,6,-21,7,-20,7,-19,7,-19,8,-18,8,-18,9,-18,2,-5,0,0,0,0,0,0,0,0,0,0,0,0,0,0,0,0,0,0,1,-4,4,-14,4,-14,4,-15,5,-14,5,-13,6,-14,7,-16,8,-16,8,-16,7,-17,7,-17,8,-17,8,-17,9,-17,10,-18,9,-18,9,-19,9,-19,9,-19,9,-19,9,-19,9,-20,9,-20,9,-20,10,-20,10,-20]"
CSI_DATA,45145,d8:b1:90:db:e8:90,-51,11,1,7,0,0,1,0,0,0,1,-94,0,8,0,706067672,0,100,0,128,1,"[100,-64,5,0,8,-22,8,-21,8,-21,7,-21,7,-21,6,-21,6,-21,5,-20,5,-20,4,-20,4,-21,3,-21,3,-22,3,-22,3,-22,3,-22,3,-21,3,-21,3,-21,4,-21,4,-21,5,-21,5,-20,6,-20,6,-20,1,-5,0,0,0,0,0,0,0,0,0,0,0,0,0,0,0,0,0,0,0,-4,3,-13,4,-13,4,-13,5,-14,6,-14,6,-14,7,-15,7,-16,8,-16,8,-16,8,-16,9,-16,9,-17,9,-17,10,-18,10,-18,10,-18,10,-18,9,-19,9,-19,9,-19,9,-20,9,-20,9,-20,9,-21,9,-21]"
CSI_DATA,45146,d8:b1:90:db:e8:90,-51,11,1,7,0,0,1,0,0,0,1,-94,0,8,0,706078127,0,100,0,128,1,"[100,-64,5,0,-22,-13,-22,-13,-22,-12,-22,-12,-22,-11,-22,-11,-22,-10,-22,-9,-22,-8,-22,-8,-23,-7,-23,-7,-23,-7,-23,-7,-23,-7,-23,-7,-22,-7,-22,-7,-22,-8,-22,-8,-22,-9,-22,-9,-21,-9,-21,-10,-20,-11,-5,-3,0,0,0,0,0,0,0,0,0,0,0,0,0,0,0,0,0,0,-4,-2,-14,-7,-14,-7,-14,-8,-14,-8,-14,-9,-15,-9,-16,-10,-16,-11,-17,-12,-17,-12,-17,-12,-17,-13,-17,-13,-18,-14,-18,-14,-18,-14,-19,-14,-19,-14,-19,-13,-19,-13,-19,-14,-20,-14,-21,-14,-21,-14,-21,-14,-21,-14]"
CSI_DATA,45147,d8:b1:90:db:e8:90,-51,11,1,7,0,0,1,0,0,0,1,-94,0,8,0,706093163,0,100,0,128,1,"[100,-64,5,0,21,-8,21,-8,21,-8,20,-8,20,-8,20,-8,19,-9,19,-9,19,-10,18,-10,18,-11,18,-11,18,-11,18,-11,18,-11,18,-11,18,-11,18,-10,18,-10,18,-10,19,-9,19,-9,19,-8,19,-7,19,-6,4,-2,0,0,0,0,0,0,0,0,0,0,0,0,0,0,0,0,0,0,2,-2,11,-7,12,-7,12,-6,13,-6,14,-6,14,-6,15,-6,15,-7,16,-7,17,-6,17,-6,18,-6,18,-6,18,-6,18,-6,19,-6,19,-6,19,-6,20,-7,20,-7,20,-7,20,-7,21,-7,21,-7,21,-8,21,-7]"
CSI_DATA,45148,d8:b1:90:db:e8:90,-51,11,1,7,0,0,1,0,0,0,1,-94,0,8,0,706105104,0,100,0,128,1,"[100,-64,5,0,-23,0,-23,0,-23,0,-22,0,-22,0,-22,1,-22,1,-22,1,-22,2,-22,2,-22,3,-22,3,-22,4,-22,3,-22,4,-22,4,-22,3,-21,3,-21,3,-21,2,-21,2,-21,1,-21,1,-21,0,-20,-1,-5,-1,0,0,0,0,0,0,0,0,0,0,0,0,0,0,0,0,0,0,-4,0,-14,1,-14,0,-15,0,-15,0,-15,-1,-16,-1,-17,0,-17,0,-18,-1,-19,-1,-19,-2,-19,-2,-20,-2,-20,-3,-20,-3,-20,-2,-21,-2,-21,-2,-21,-2,-22,-2,-22,-1,-22,-1,-23,-1,-23,-1,-23,-1,-23,-1]"
CSI_DATA,45149,d8:b1:90:db:e8:90,-51,11,1,7,0,0,1,0,0,0,1,-94,0,8,0,706122130,0,100,0,128,1,"[100,-64,5,0,-1,-25,-1,-25,-2,-25,-3,-25,-4,-25,-4,-24,-4,-24,-5,-23,-5,-23,-6,-23,-6,-23,-7,-23,-7,-23,-6,-23,-7,-23,-7,-23,-7,-23,-6,-23,-6,-23,-5,-23,-4,-22,-4,-22,-3,-22,-2,-23,-2,-23,-1,-6,0,0,0,0,0,0,0,0,0,0,0,0,0,0,0,0,0,0,-1,-4,-2,-16,-1,-16,-1,-16,0,-17,0,-17,0,-18,0,-19,0,-19,1,-20,0,-21,0,-21,0,-22,1,-22,1,-23,1,-23,1,-23,0,-23,0,-23,0,-24,0,-24,0,-24,0,-24,-1,-25,-1,-25,-1,-25,-1,-26]"
CSI_DATA,45150,d8:b1:90:db:e8:90,-51,11,1,7,0,0,1,0,0,0,1,-94,0,8,0,706132483,0,100,0,128,1,"[100,-64,5,0,17,-10,17,-10,17,-10,17,-10,17,-10,16,-11,16,-11,15,-11,15,-11,15,-11,15,-12,14,-13,14,-13,14,-13,14,-13,14,-13,15,-13,14,-13,14,-12,14,-12,14,-11,15,-10,15,-9,15,-9,16,-8,4,-2,0,0,0,0,0,0,0,0,0,0,0,0,0,0,0,0,0,0,2,-3,10,-9,10,-8,10,-6,11,-6,12,-7,13,-8,14,-8,14,-7,15,-7,16,-7,15,-7,16,-6,16,-6,16,-6,16,-6,16,-7,16,-7,17,-7,17,-8,17,-8,17,-8,17,-8,17,-9,17,-9,18,-9,18,-9]"
CSI_DATA,45151,d8:b1:90:db:e8:90,-51,11,1,7,0,0,1,0,0,0,1,-94,0,8,0,706153005,0,100,0,128,1,"[100,-64,5,0,-13,17,-13,17,-13,17,-12,18,-12,18,-12,18,-11,18,-10,18,-10,18,-10,18,-10,18,-9,18,-9,18,-9,18,-9,18,-9,18,-9,18,-9,18,-9,17,-10,17,-10,17,-11,16,-12,16,-12,15,-13,15,-4,3,0,0,0,0,0,0,0,0,0,0,0,0,0,0,0,0,0,0,-2,2,-8,11,-8,11,-9,11,-10,11,-10,11,-11,11,-11,12,-11,12,-12,13,-13,13,-13,13,-13,13,-14,13,-13,13,-13,14,-14,14,-14,14,-14,15,-13,15,-13,16,-13,16,-13,16,-13,17,-14,17,-14,17,-14,17]"
CSI_DATA,45152,d8:b1:90:db:e8:90,-51,11,1,7,0,0,1,0,0,0,1,-94,0,8,0,706170059,0,100,0,128,1,"[100,-64,5,0,-10,20,-10,20,-10,20,-9,20,-9,20,-9,20,-8,20,-7,20,-6,20,-6,20,-6,20,-6,20,-6,20,-6,20,-6,20,-6,20,-6,20,-6,20,-6,19,-7,19,-7,18,-8,18,-8,17,-9,17,-10,17,-3,4,0,0,0,0,0,0,0,0,0,0,0,0,0,0,0,0,0,0,-1,3,-4,13,-5,13,-6,13,-7,13,-7,13,-7,14,-8,14,-8,14,-9,14,-9,15,-9,15,-9,16,-10,16,-10,16,-10,16,-11,16,-11,16,-11,17,-10,17,-10,18,-10,18,-10,18,-10,19,-10,19,-10,19,-10,19]"
CSI_DATA,45153,d8:b1:90:db:e8:90,-51,11,1,7,0,0,1,0,0,0,1,-94,0,8,0,706182474,0,100,0,128,1,"[100,-64,5,0,2,25,2,25,3,25,3,24,3,24,3,23,4,23,5,23,6,23,6,22,6,22,7,22,7,22,7,22,7,22,7,22,6,22,6,22,5,22,5,22,4,21,3,21,3,22,2,22,1,22,0,5,0,0,0,0,0,0,0,0,0,0,0,0,0,0,0,0,0,0,1,3,4,14,3,15,2,15,2,16,2,17,1,17,1,17,0,18,0,19,0,19,0,20,0,20,0,21,0,21,0,21,-1,21,0,22,0,22,0,22,1,23,1,23,1,23,2,23,2,24,2,24,2,24]"
CSI_DATA,45154,d8:b1:90:db:e8:90,-51,11,1,7,0,0,1,0,0,0,1,-94,0,8,0,706203270,0,100,0,128,1,"[100,-64,5,0,6,-25,6,-25,6,-24,6,-24,5,-24,5,-24,5,-24,4,-24,4,-24,3,-24,3,-24,3,-24,3,-24,3,-24,3,-24,2,-24,2,-24,3,-24,3,-23,4,-23,4,-23,5,-22,5,-22,6,-22,7,-22,1,-6,0,0,0,0,0,0,0,0,0,0,0,0,0,0,0,0,0,0,0,-4,2,-15,3,-15,4,-16,4,-16,5,-16,6,-17,6,-18,7,-18,8,-18,9,-19,9,-19,10,-19,10,-20,10,-20,10,-20,10,-20,10,-21,10,-21,9,-22,9,-23,8,-23,8,-23,8,-24,8,-24,8,-25,7,-25]"
CSI_DATA,45155,d8:b1:90:db:e8:90,-51,11,1,7,0,0,1,0,0,0,1,-94,0,8,0,706223127,0,100,0,128,1,"[100,-64,5,0,17,-16,17,-16,17,-16,16,-16,16,-16,16,-16,15,-17,15,-17,14,-17,14,-17,13,-18,13,-18,13,-18,13,-18,13,-18,13,-18,13,-18,13,-17,13,-17,14,-17,14,-17,14,-16,15,-16,15,-15,16,-14,4,-4,0,0,0,0,0,0,0,0,0,0,0,0,0,0,0,0,0,0,2,-3,10,-11,10,-11,10,-11,11,-10,11,-11,12,-11,13,-11,14,-11,14,-11,15,-11,16,-11,16,-11,16,-11,17,-11,17,-12,17,-12,18,-12,17,-12,17,-13,17,-13,17,-14,17,-14,17,-14,17,-15,17,-15,17,-15]"
CSI_DATA,45156,d8:b1:90:db:e8:90,-51,11,1,7,0,0,1,0,0,0,1,-94,0,8,0,706235314,0,100,0,128,1,"[100,-64,5,0,9,-21,9,-21,9,-21,9,-21,8,-21,8,-21,8,-21,8,-21,7,-21,7,-21,7,-21,6,-22,5,-22,5,-22,5,-22,5,-22,5,-21,5,-21,6,-21,5,-20,6,-20,6,-20,7,-19,8,-19,9,-18,2,-5,0,0,0,0,0,0,0,0,0,0,0,0,0,0,0,0,0,0,1,-4,4,-13,5,-13,7,-13,7,-14,7,-15,7,-15,7,-16,8,-16,9,-16,10,-17,9,-17,9,-17,9,-17,9,-18,8,-18,8,-19,8,-19,8,-19,8,-20,9,-20,9,-20,8,-20,8,-20,8,-20,8,-21,9,-22]"
CSI_DATA,45157,d8:b1:90:db:e8:90,-51,11,1,7,0,0,1,0,0,0,1,-94,0,8,0,706252316,0,100,0,128,1,"[100,-64,5,0,-23,3,-23,3,-23,3,-22,3,-22,3,-22,4,-21,4,-21,5,-20,5,-20,6,-20,7,-20,8,-20,8,-20,8,-20,8,-20,9,-20,9,-20,8,-20,8,-20,8,-20,7,-20,6,-20,6,-19,6,-20,5,-5,1,0,0,0,0,0,0,0,0,0,0,0,0,0,0,0,0,0,0,-4,1,-13,4,-14,4,-14,3,-15,2,-16,2,-16,2,-16,2,-17,2,-18,1,-18,1,-19,1,-19,1,-20,1,-20,1,-20,1,-20,1,-21,1,-21,1,-21,1,-21,2,-21,2,-22,2,-22,2,-22,2,-22,2,-22,2]"
CSI_DATA,45158,d8:b1:90:db:e8:90,-51,11,1,7,0,0,1,0,0,0,1,-94,0,8,0,706271362,0,100,0,128,1,"[100,-64,5,0,-21,9,-21,9,-21,9,-20,9,-20,9,-20,9,-19,9,-19,10,-18,11,-18,11,-18,12,-18,12,-18,12,-18,12,-18,12,-18,12,-18,12,-18,12,-18,11,-18,10,-18,10,-18,9,-17,8,-17,7,-17,5,-5,1,0,0,0,0,0,0,0,0,0,0,0,0,0,0,0,0,0,0,-4,1,-13,6,-13,6,-14,5,-15,4,-16,4,-16,5,-17,5,-17,5,-18,5,-18,5,-19,5,-19,6,-20,5,-20,5,-20,5,-20,5,-21,5,-21,6,-21,6,-21,7,-21,7,-21,7,-21,8,-22,8,-22,8,-22,8]"
CSI_DATA,45159,d8:b1:90:db:e8:90,-51,11,1,7,0,0,1,0,0,0,1,-94,0,8,0,706283182,0,100,0,128,1,"[100,-64,5,0,7,-24,7,-24,7,-24,7,-24,6,-24,6,-23,5,-23,4,-23,3,-24,3,-24,2,-24,2,-24,2,-24,2,-24,2,-24,2,-24,2,-24,2,-24,3,-23,3,-23,3,-22,4,-22,5,-21,6,-19,7,-18,1,-5,0,0,0,0,0,0,0,0,0,0,0,0,0,0,0,0,0,0,1,-4,4,-16,5,-16,5,-16,6,-16,7,-17,8,-17,8,-18,8,-18,9,-19,9,-19,9,-20,9,-20,9,-20,10,-20,10,-20,10,-21,10,-21,10,-22,9,-22,9,-23,9,-23,9,-24,9,-24,8,-24,8,-25,8,-25]"
CSI_DATA,45160,d8:b1:90:db:e8:90,-51,11,1,7,0,0,1,0,0,0,1,-94,0,8,0,706295426,0,100,0,128,1,"[100,-64,5,0,-12,22,-12,22,-12,22,-11,22,-10,23,-9,22,-9,22,-8,22,-8,22,-7,22,-7,22,-7,22,-6,23,-6,23,-6,23,-6,23,-6,23,-6,23,-6,22,-6,22,-7,22,-7,21,-8,21,-9,20,-9,20,-3,5,0,0,0,0,0,0,0,0,0,0,0,0,0,0,0,0,0,0,-2,3,-6,15,-6,14,-7,14,-8,14,-9,14,-10,15,-10,16,-11,17,-11,17,-12,17,-12,17,-13,17,-13,18,-13,18,-14,18,-14,18,-14,18,-14,19,-13,19,-13,19,-13,20,-13,20,-13,21,-12,21,-12,21,-12,21]"
CSI_DATA,45161,d8:b1:90:db:e8:90,-51,11,1,7,0,0,1,0,0,0,1,-94,0,8,0,706313399,0,100,0,128,1,"[100,-64,5,0,0,25,0,25,0,24,1,24,2,24,2,24,3,23,3,23,3,23,4,23,4,22,4,22,4,23,4,23,5,23,5,23,5,23,5,23,4,23,4,22,3,22,3,22,2,22,1,22,0,22,0,5,0,0,0,0,0,0,0,0,0,0,0,0,0,0,0,0,0,0,0,3,3,15,2,15,2,16,1,16,1,17,0,17,0,18,0,19,-1,20,-1,21,-2,21,-2,21,-2,21,-2,22,-3,22,-3,22,-3,23,-2,23,-2,23,-1,23,-1,23,-1,24,-1,24,-1,24,0,24,0,25]"
CSI_DATA,45162,d8:b1:90:db:e8:90,-51,11,1,7,0,0,1,0,0,0,1,-94,0,8,0,706332549,0,100,0,128,1,"[100,-64,5,0,17,-15,17,-15,17,-15,16,-15,15,-15,15,-15,14,-15,14,-15,14,-16,13,-16,13,-16,12,-17,12,-17,12,-17,12,-17,12,-17,12,-17,12,-16,13,-16,13,-16,14,-16,14,-15,14,-14,14,-14,14,-13,3,-4,0,0,0,0,0,0,0,0,0,0,0,0,0,0,0,0,0,0,2,-3,9,-11,9,-11,10,-11,10,-11,11,-11,12,-11,12,-11,13,-12,14,-11,15,-11,15,-11,16,-11,16,-11,16,-11,16,-11,17,-11,17,-11,17,-12,17,-12,17,-12,17,-12,17,-13,17,-13,18,-13,18,-13,18,-13]"
CSI_DATA,45163,d8:b1:90:db:e8:90,-51,11,1,7,0,0,1,0,0,0,1,-94,0,8,0,706352111,0,100,0,128,1,"[100,-64,5,0,-5,20,-5,20,-5,20,-5,20,-5,20,-4,19,-4,19,-3,19,-3,19,-3,19,-2,19,-2,19,-1,19,-1,19,-1,19,-1,19,-2,19,-2,19,-2,19,-2,18,-3,18,-3,18,-4,18,-5,18,-6,17,-2,4,0,0,0,0,0,0,0,0,0,0,0,0,0,0,0,0,0,0,-1,3,-3,12,-4,12,-4,12,-5,12,-5,13,-6,14,-7,14,-7,15,-6,15,-7,16,-7,16,-8,16,-8,16,-8,16,-7,17,-7,18,-7,18,-7,18,-7,19,-6,19,-6,19,-6,19,-6,19,-6,19,-6,19,-5,20]"
CSI_DATA,45164,d8:b1:90:db:e8:90,-51,11,1,7,0,0,1,0,0,0,1,-94,0,8,0,706373955,0,100,0,128,1,"[100,-64,5,0,-11,19,-11,19,-11,19,-11,19,-11,19,-10,19,-9,19,-8,19,-8,19,-8,19,-8,20,-7,20,-7,20,-7,20,-7,20,-8,19,-8,19,-8,19,-8,19,-8,19,-8,19,-9,18,-9,18,-10,17,-10,16,-3,4,0,0,0,0,0,0,0,0,0,0,0,0,0,0,0,0,0,0,-2,3,-5,13,-6,12,-7,12,-7,12,-7,13,-8,13,-9,14,-10,14,-10,14,-11,14,-11,15,-12,15,-12,15,-12,15,-12,15,-12,16,-12,16,-12,16,-12,17,-12,17,-12,17,-12,17,-12,18,-12,18,-12,18,-12,19]"
CSI_DATA,45165,d8:b1:90:db:e8:90,-51,11,1,7,0,0,1,0,0,0,1,-94,0,8,0,706385351,0,100,0,128,1,"[100,-64,5,0,-13,-22,-13,-22,-13,-22,-13,-22,-13,-21,-13,-21,-13,-20,-14,-20,-14,-20,-14,-20,-15,-19,-15,-19,-15,-19,-15,-19,-15,-19,-15,-19,-15,-19,-14,-19,-14,-20,-13,-20,-13,-20,-12,-20,-11,-21,-10,-21,-9,-21,-3,-6,0,0,0,0,0,0,0,0,0,0,0,0,0,0,0,0,0,0,-2,-4,-7,-14,-7,-15,-7,-15,-7,-16,-6,-17,-6,-17,-7,-17,-6,-18,-6,-19,-6,-19,-7,-20,-8,-20,-8,-21,-8,-21,-8,-21,-8,-22,-8,-22,-9,-22,-10,-22,-10,-22,-10,-22,-11,-22,-11,-22,-12,-22,-12,-23,-12,-23]"
CSI_DATA,45166,d8:b1:90:db:e8:90,-51,11,1,7,0,0,1,0,0,0,1,-94,0,8,0,706402360,0,100,0,128,1,"[100,-64,5,0,-26,-6,-26,-6,-25,-6,-25,-5,-25,-4,-24,-4,-24,-4,-24,-3,-24,-2,-24,-2,-24,-1,-25,0,-25,1,-25,1,-25,1,-24,1,-24,1,-24,0,-23,0,-23,0,-23,-1,-23,-1,-23,-1,-23,-3,-23,-4,-6,-1,0,0,0,0,0,0,0,0,0,0,0,0,0,0,0,0,0,0,-4,-1,-16,-2,-16,-3,-17,-3,-17,-4,-18,-4,-18,-5,-18,-5,-19,-6,-19,-6,-20,-6,-21,-7,-22,-7,-22,-7,-22,-8,-22,-8,-22,-8,-22,-8,-23,-8,-23,-8,-23,-7,-23,-7,-24,-7,-24,-7,-25,-7,-25,-7,-25,-6]"
CSI_DATA,45167,d8:b1:90:db:e8:90,-51,11,1,7,0,0,1,0,0,0,1,-94,0,8,0,706415157,0,100,0,128,1,"[100,-64,5,0,-23,9,-23,10,-23,10,-23,10,-22,10,-22,11,-21,11,-20,12,-20,12,-19,12,-19,12,-19,13,-19,13,-19,13,-19,13,-19,13,-19,13,-19,13,-19,13,-19,13,-19,12,-19,11,-20,10,-20,10,-20,9,-5,2,0,0,0,0,0,0,0,0,0,0,0,0,0,0,0,0,0,0,-4,1,-14,7,-15,6,-15,6,-16,6,-16,6,-17,6,-17,6,-18,6,-19,6,-19,5,-20,5,-21,5,-21,4,-21,5,-21,5,-21,5,-22,6,-22,6,-22,6,-22,7,-22,7,-23,8,-23,8,-23,7,-23,8,-23,8]"
CSI_DATA,45168,d8:b1:90:db:e8:90,-51,11,1,7,0,0,1,0,0,0,1,-94,0,8,0,706432660,0,100,0,128,1,"[100,-64,5,0,12,16,12,16,12,16,12,16,12,15,13,15,13,14,13,13,13,13,14,12,14,12,14,12,14,12,14,12,14,12,14,12,14,13,14,13,13,13,13,13,13,13,12,13,12,13,11,14,11,14,2,3,0,0,0,0,0,0,0,0,0,0,0,0,0,0,0,0,0,0,2,2,10,8,10,10,9,10,8,10,8,11,7,11,8,11,8,12,9,13,9,13,9,14,8,14,8,15,9,16,9,16,9,16,9,15,9,16,9,16,10,16,10,16,11,16,11,16,11,16,11,16,11,17]"
CSI_DATA,45169,d8:b1:90:db:e8:90,-51,11,1,7,0,0,1,0,0,0,1,-94,0,8,0,706452526,0,100,0,128,1,"[100,-64,5,0,-20,7,-20,7,-20,7,-19,7,-19,7,-18,7,-18,8,-18,8,-17,8,-17,9,-17,9,-17,9,-17,10,-17,10,-17,10,-17,9,-17,9,-17,9,-17,8,-17,8,-17,8,-17,7,-17,7,-18,6,-18,5,-5,1,0,0,0,0,0,0,0,0,0,0,0,0,0,0,0,0,0,0,-3,1,-11,4,-13,4,-14,3,-14,2,-15,3,-14,3,-15,3,-15,3,-16,2,-17,2,-18,2,-18,2,-18,2,-19,1,-18,2,-19,2,-19,2,-19,3,-19,3,-19,3,-19,4,-19,4,-20,5,-20,5,-20,5,-19,5]"
CSI_DATA,45170,d8:b1:90:db:e8:90,-51,11,1,7,0,0,1,0,0,0,1,-94,0,8,0,706478752,0,100,0,128,1,"[100,-64,5,0,1,-24,1,-24,1,-23,1,-23,0,-23,0,-23,-1,-23,-2,-23,-2,-22,-3,-22,-3,-22,-4,-22,-5,-22,-5,-22,-5,-22,-5,-22,-5,-22,-4,-22,-4,-22,-4,-22,-3,-22,-3,-21,-2,-21,-1,-21,0,-22,0,-6,0,0,0,0,0,0,0,0,0,0,0,0,0,0,0,0,0,0,-1,-4,-1,-15,0,-15,0,-16,0,-16,1,-17,1,-17,1,-17,1,-17,2,-18,2,-19,3,-20,3,-20,4,-21,4,-21,4,-21,4,-21,4,-21,3,-22,3,-22,2,-22,2,-22,2,-23,2,-23,2,-23,2,-23,2,-24]"
CSI_DATA,45171,d8:b1:90:db:e8:90,-51,11,1,7,0,0,1,0,0,0,1,-94,0,8,0,706492665,0,100,0,128,1,"[100,-64,5,0,6,-26,6,-26,5,-25,5,-25,4,-25,4,-24,3,-24,3,-24,2,-24,2,-24,1,-24,1,-24,0,-24,0,-25,0,-25,0,-25,1,-25,1,-24,1,-24,1,-24,1,-24,2,-23,3,-23,4,-22,5,-22,1,-6,0,0,0,0,0,0,0,0,0,0,0,0,0,0,0,0,0,0,0,-4,4,-16,4,-16,4,-17,5,-17,5,-17,6,-18,6,-19,7,-19,7,-20,8,-20,8,-20,8,-21,9,-21,9,-21,9,-21,9,-21,9,-21,8,-22,7,-23,7,-23,7,-24,6,-24,6,-24,6,-24,7,-24,7,-25]"
CSI_DATA,45172,d8:b1:90:db:e8:90,-51,11,1,7,0,0,1,0,0,0,1,-94,0,8,0,706506753,0,100,0,128,1,"[100,-64,5,0,-18,15,-18,15,-17,15,-17,15,-17,15,-16,15,-16,15,-15,15,-15,15,-14,15,-14,16,-14,16,-14,17,-13,17,-13,17,-13,17,-13,17,-13,16,-13,16,-13,16,-14,15,-14,15,-14,14,-15,14,-15,13,-4,3,0,0,0,0,0,0,0,0,0,0,0,0,0,0,0,0,0,0,-3,2,-10,10,-10,10,-11,10,-12,10,-12,10,-13,10,-13,10,-14,11,-15,11,-15,11,-16,11,-17,11,-17,11,-17,11,-17,11,-17,11,-17,12,-17,12,-17,12,-17,12,-17,13,-17,13,-17,13,-18,13,-18,14,-18,14]"
CSI_DATA,45173,d8:b1:90:db:e8:90,-51,11,1,7,0,0,1,0,0,0,1,-94,0,8,0,706519688,0,100,0,128,1,"[100,-64,5,0,17,-15,17,-15,17,-15,16,-15,16,-15,15,-15,15,-15,14,-16,14,-16,13,-16,13,-16,13,-16,12,-17,12,-17,12,-17,12,-17,12,-17,12,-17,12,-17,12,-16,12,-16,13,-16,13,-15,14,-14,14,-13,3,-4,0,0,0,0,0,0,0,0,0,0,0,0,0,0,0,0,0,0,2,-3,9,-10,9,-10,10,-9,10,-9,11,-9,12,-10,12,-10,13,-10,14,-10,15,-10,15,-10,16,-10,16,-10,16,-10,16,-10,16,-11,16,-11,16,-11,16,-11,16,-12,16,-12,17,-13,17,-13,17,-13,17,-13,17,-13]"
CSI_DATA,45174,d8:b1:90:db:e8:90,-51,11,1,7,0,0,1,0,0,0,1,-94,0,8,0,706532588,0,100,0,128,1,"[100,-64,5,0,-24,-3,-23,-3,-24,-3,-23,-3,-23,-3,-23,-2,-23,-2,-23,-1,-22,0,-22,0,-22,0,-22,1,-22,1,-22,1,-22,1,-23,2,-22,1,-22,1,-22,1,-22,1,-22,0,-22,0,-21,-1,-21,-2,-21,-3,-6,-1,0,0,0,0,0,0,0,0,0,0,0,0,0,0,0,0,0,0,-4,0,-15,0,-15,-1,-16,-2,-16,-2,-16,-2,-17,-3,-18,-3,-19,-4,-20,-4,-20,-5,-20,-5,-20,-5,-20,-6,-21,-6,-21,-5,-21,-5,-21,-5,-21,-5,-22,-5,-22,-5,-22,-5,-23,-4,-23,-4,-24,-4,-24,-4,-24,-4]"
CSI_DATA,45175,d8:b1:90:db:e8:90,-51,11,1,7,0,0,1,0,0,0,1,-94,0,8,0,706543044,0,100,0,128,1,"[100,-64,5,0,-12,19,-12,19,-12,19,-11,18,-11,18,-10,18,-10,18,-9,19,-9,19,-9,18,-8,19,-8,19,-7,20,-7,20,-7,20,-7,19,-7,19,-7,19,-8,19,-8,18,-8,18,-9,17,-9,17,-10,16,-10,16,-3,4,0,0,0,0,0,0,0,0,0,0,0,0,0,0,0,0,0,0,-2,2,-6,11,-7,12,-7,12,-7,13,-7,13,-8,13,-8,13,-8,14,-10,14,-11,14,-12,13,-12,14,-13,15,-12,15,-12,15,-12,15,-12,16,-12,16,-12,16,-11,17,-12,17,-12,17,-12,18,-12,18,-12,18,-12,18]"
CSI_DATA,45176,d8:b1:90:db:e8:90,-51,11,1,7,0,0,1,0,0,0,1,-94,0,8,0,706577758,0,100,0,128,1,"[100,-64,5,0,15,16,15,16,15,16,15,15,15,15,15,15,15,14,15,14,15,13,16,12,16,12,17,12,17,12,17,12,17,12,17,12,17,12,16,12,16,13,15,13,14,13,14,13,14,13,13,13,12,14,3,3,0,0,0,0,0,0,0,0,0,0,0,0,0,0,0,0,0,0,2,2,10,9,10,10,10,10,10,10,10,11,10,11,10,12,11,13,11,13,11,14,11,14,11,15,11,15,11,16,11,15,11,15,11,15,12,15,13,15,13,15,13,15,14,16,14,16,15,16,15,16,15,16]"
CSI_DATA,45177,d8:b1:90:db:e8:90,-51,11,1,7,0,0,1,0,0,0,1,-94,0,8,0,706592330,0,100,0,128,1,"[100,-64,5,0,-16,16,-16,16,-16,16,-15,16,-15,16,-15,16,-14,16,-14,16,-13,16,-13,16,-13,16,-13,17,-13,17,-13,17,-13,17,-12,17,-12,17,-12,16,-12,16,-13,16,-13,15,-13,15,-14,14,-15,13,-15,13,-4,3,0,0,0,0,0,0,0,0,0,0,0,0,0,0,0,0,0,0,-3,2,-9,11,-10,10,-11,10,-12,10,-13,10,-13,11,-13,11,-13,12,-14,12,-15,12,-16,12,-16,12,-17,12,-17,12,-17,12,-17,12,-17,11,-17,12,-17,13,-18,13,-18,13,-17,14,-17,14,-17,15,-17,15,-17,16]"
CSI_DATA,45178,d8:b1:90:db:e8:90,-51,11,1,7,0,0,1,0,0,0,1,-94,0,8,0,706606205,0,100,0,128,1,"[100,-64,5,0,-21,9,-21,9,-20,10,-20,10,-20,10,-19,10,-19,11,-18,11,-18,11,-18,11,-18,12,-17,12,-17,12,-17,12,-17,12,-17,12,-17,12,-17,12,-17,11,-18,11,-18,10,-18,9,-18,9,-18,8,-18,8,-5,1,0,0,0,0,0,0,0,0,0,0,0,0,0,0,0,0,0,0,-3,1,-12,6,-13,7,-14,7,-13,6,-14,6,-16,6,-17,7,-17,6,-17,6,-18,6,-19,5,-19,5,-19,5,-19,5,-20,5,-20,5,-20,5,-20,6,-20,6,-20,6,-20,7,-21,7,-21,8,-21,8,-21,9,-21,9]"
CSI_DATA,45179,d8:b1:90:db:e8:90,-51,11,1,7,0,0,1,0,0,0,1,-94,0,8,0,706617941,0,100,0,128,1,"[100,-64,5,0,-12,-18,-12,-18,-12,-17,-13,-17,-13,-16,-13,-16,-13,-16,-14,-15,-14,-15,-14,-15,-14,-14,-15,-14,-15,-14,-15,-14,-15,-14,-15,-14,-14,-14,-14,-14,-14,-14,-13,-14,-13,-14,-12,-14,-12,-14,-12,-15,-11,-15,-3,-4,0,0,0,0,0,0,0,0,0,0,0,0,0,0,0,0,0,0,-3,-3,-9,-9,-9,-11,-9,-13,-9,-13,-8,-13,-9,-13,-8,-14,-8,-15,-7,-15,-8,-16,-8,-17,-7,-17,-7,-17,-7,-18,-8,-18,-8,-17,-8,-17,-9,-18,-9,-18,-9,-18,-9,-18,-10,-18,-11,-18,-11,-18,-11,-18,-12,-19]"
CSI_DATA,45180,d8:b1:90:db:e8:90,-51,11,1,7,0,0,1,0,0,0,1,-94,0,8,0,706628563,0,100,0,128,1,"[100,-64,5,0,2,-26,2,-26,1,-26,1,-25,0,-24,0,-24,-1,-24,-1,-24,-2,-24,-2,-24,-3,-24,-3,-24,-3,-25,-3,-25,-3,-24,-3,-24,-3,-24,-2,-24,-1,-24,-1,-23,0,-23,0,-23,1,-23,2,-23,3,-22,0,-6,0,0,0,0,0,0,0,0,0,0,0,0,0,0,0,0,0,0,-1,-4,0,-16,0,-16,0,-16,0,-17,1,-17,1,-18,1,-19,2,-20,2,-21,3,-21,3,-22,4,-22,4,-22,4,-22,4,-22,4,-23,4,-23,4,-23,4,-23,4,-24,4,-24,4,-24,4,-24,3,-25,3,-25,3,-25]"
CSI_DATA,45181,d8:b1:90:db:e8:90,-51,11,1,7,0,0,1,0,0,0,1,-94,0,8,0,706643516,0,100,0,128,1,"[100,-64,5,0,21,-3,21,-3,20,-3,20,-3,20,-4,20,-4,20,-4,19,-5,19,-5,19,-6,19,-6,18,-6,18,-6,18,-6,19,-6,18,-6,18,-5,18,-5,18,-5,18,-5,18,-4,18,-4,18,-3,18,-2,18,-2,4,-1,0,0,0,0,0,0,0,0,0,0,0,0,0,0,0,0,0,0,3,-1,12,-2,12,-3,13,-3,13,-3,14,-2,14,-2,14,-2,15,-3,16,-2,16,-1,17,-1,17,-1,18,-1,18,0,18,0,18,0,18,0,18,0,19,-1,19,-2,19,-2,20,-2,20,-2,20,-3,20,-2,20,-2]"
CSI_DATA,45182,d8:b1:90:db:e8:90,-51,11,1,7,0,0,1,0,0,0,1,-94,0,8,0,706653987,0,100,0,128,1,"[100,-64,5,0,13,16,12,13,16,13,16,14,14,12,17,9,18,10,16,8,17,5,19,5,17,4,18,1,20,1,18,1,18,-2,19,-1,18,0,17,-3,18,-4,18,-3,16,-5,17,-5,16,-4,16,-6,18,-7,4,-2,0,0,0,0,0,0,0,0,0,0,0,0,0,0,0,0,0,0,-3,3,-8,12,-7,9,-6,10,-7,11,-6,10,-5,12,-7,14,-8,14,-5,14,-5,16,-5,15,-4,15,-4,18,-5,17,-2,16,-2,18,-2,18,1,17,4,19,2,19,4,16,7,18,6,18,7,16,10,17,10,21]"
CSI_DATA,45183,d8:b1:90:db:e8:90,-51,11,1,7,0,0,1,0,0,0,1,-94,0,8,0,706667063,0,100,0,128,1,"[100,-64,5,0,-13,16,-13,16,-13,16,-12,16,-12,15,-11,15,-11,16,-10,16,-9,16,-9,16,-9,17,-8,17,-8,17,-7,17,-8,17,-8,17,-8,17,-8,17,-8,16,-8,16,-8,16,-9,16,-9,15,-10,15,-10,15,-3,3,0,0,0,0,0,0,0,0,0,0,0,0,0,0,0,0,0,0,-2,2,-5,10,-6,11,-8,11,-8,10,-8,10,-9,11,-10,12,-11,12,-12,12,-13,12,-13,12,-14,12,-14,12,-14,12,-14,12,-14,12,-14,12,-14,13,-14,13,-14,13,-14,13,-14,13,-14,14,-14,14,-14,14,-14,14]"
CSI_DATA,45184,d8:b1:90:db:e8:90,-51,11,1,7,0,0,1,0,0,0,1,-94,0,8,0,706686176,0,100,0,128,1,"[100,-64,5,0,13,20,13,19,13,19,13,18,13,17,13,17,14,16,14,16,14,16,14,15,14,15,15,15,15,15,15,15,15,15,15,14,15,14,15,14,14,14,14,14,14,14,13,15,13,15,12,15,11,16,2,4,0,0,0,0,0,0,0,0,0,0,0,0,0,0,0,0,0,0,2,2,10,10,9,11,9,11,9,12,9,12,9,13,9,14,9,15,9,15,9,16,9,17,8,17,8,18,9,18,9,18,10,18,10,18,10,19,10,18,11,18,11,19,12,19,12,19,12,19,12,19,12,19]"
CSI_DATA,45185,d8:b1:90:db:e8:90,-51,11,1,7,0,0,1,0,0,0,1,-94,0,8,0,706697266,0,100,0,128,1,"[100,-64,5,0,-22,0,-21,0,-21,1,-21,1,-20,1,-20,2,-20,2,-20,3,-19,3,-19,3,-19,4,-19,4,-20,4,-19,4,-19,4,-19,5,-19,5,-18,4,-18,4,-18,4,-18,4,-18,3,-18,3,-18,2,-17,1,-5,0,0,0,0,0,0,0,0,0,0,0,0,0,0,0,0,0,0,0,-3,1,-12,3,-13,2,-14,1,-14,2,-14,2,-15,1,-16,0,-17,0,-17,-1,-17,-1,-18,-2,-18,-2,-18,-2,-18,-2,-19,-2,-19,-2,-20,-2,-20,-1,-20,-1,-20,-1,-20,-1,-20,-1,-21,0,-21,0,-21,0,-21,0]"
CSI_DATA,45186,d8:b1:90:db:e8:90,-51,11,1,7,0,0,1,0,0,0,1,-94,0,8,0,706708737,0,100,0,128,1,"[100,-64,5,0,2,-24,2,-23,1,-23,1,-23,1,-23,0,-22,0,-22,-1,-22,-2,-22,-2,-21,-3,-21,-3,-22,-3,-22,-3,-22,-4,-22,-4,-21,-4,-21,-3,-21,-3,-21,-3,-21,-3,-20,-2,-20,-2,-20,-1,-20,-1,-20,0,-5,0,0,0,0,0,0,0,0,0,0,0,0,0,0,0,0,0,0,-1,-4,-2,-14,-2,-15,-1,-15,1,-16,2,-17,2,-18,2,-18,3,-18,4,-18,4,-18,4,-18,4,-19,4,-19,4,-20,4,-21,4,-21,4,-21,4,-21,3,-22,3,-21,3,-22,3,-22,3,-23,3,-23,3,-23,3,-23]"
CSI_DATA,45187,d8:b1:90:db:e8:90,-51,11,1,7,0,0,1,0,0,0,1,-94,0,8,0,706718805,0,100,0,128,1,"[100,-64,5,0,-20,4,-20,4,-20,4,-20,5,-20,5,-19,5,-19,6,-18,6,-18,6,-18,6,-18,7,-18,7,-18,7,-18,7,-18,7,-18,7,-18,7,-18,6,-18,6,-18,6,-17,5,-17,5,-17,4,-17,4,-18,3,-5,0,0,0,0,0,0,0,0,0,0,0,0,0,0,0,0,0,0,0,-4,1,-13,5,-13,4,-14,3,-14,3,-15,3,-16,3,-16,4,-16,3,-16,3,-16,2,-17,2,-18,2,-18,2,-19,2,-19,3,-19,2,-19,2,-19,3,-19,3,-20,3,-20,3,-20,3,-20,4,-20,4,-20,4,-20,4]"
CSI_DATA,45188,d8:b1:90:db:e8:90,-51,11,1,7,0,0,1,0,0,0,1,-94,0,8,0,706730255,0,100,0,128,1,"[100,-64,5,0,10,23,10,23,10,22,11,22,11,21,11,21,12,20,12,20,13,20,13,19,13,19,13,19,13,18,14,19,14,19,14,19,14,19,13,19,13,19,12,19,12,18,11,19,10,19,10,19,9,19,2,5,0,0,0,0,0,0,0,0,0,0,0,0,0,0,0,0,0,0,1,3,7,13,7,14,6,14,6,15,6,16,6,16,6,17,6,18,6,19,6,20,6,20,6,21,6,21,6,21,6,22,6,22,7,22,7,22,7,22,8,22,8,22,9,23,9,23,9,23,9,23,9,23]"
CSI_DATA,45189,d8:b1:90:db:e8:90,-51,11,1,7,0,0,1,0,0,0,1,-94,0,8,0,706745049,0,100,0,128,1,"[100,-64,5,0,1,26,1,26,1,25,1,25,2,24,2,24,3,24,3,24,4,23,4,23,5,23,6,23,6,23,7,23,7,22,7,22,7,22,6,22,6,22,5,22,5,22,4,21,3,21,3,22,2,23,0,5,0,0,0,0,0,0,0,0,0,0,0,0,0,0,0,0,0,0,0,3,3,15,2,16,1,16,1,17,1,17,0,18,0,18,-1,19,-1,20,-2,21,-2,21,-2,21,-2,22,-2,22,-3,22,-3,22,-2,22,-2,23,-2,23,-2,24,-2,24,-2,24,-1,25,-1,25,-1,25,-1,25]"
CSI_DATA,45190,d8:b1:90:db:e8:90,-51,11,1,7,0,0,1,0,0,0,1,-94,0,8,0,706762322,0,100,0,128,1,"[100,-64,5,0,20,-2,19,-2,19,-2,19,-2,19,-3,19,-3,18,-4,18,-5,18,-6,17,-6,17,-7,18,-7,17,-7,18,-7,18,-7,17,-7,17,-6,17,-6,17,-6,17,-5,17,-5,17,-5,17,-4,17,-4,17,-3,4,-1,0,0,0,0,0,0,0,0,0,0,0,0,0,0,0,0,0,0,2,-1,11,-3,12,-3,12,-3,13,-3,14,-2,15,-2,15,-2,15,-2,15,-2,16,-2,17,-1,17,-1,17,0,18,0,18,0,18,0,18,0,19,-1,19,-1,19,-1,19,-1,19,-1,19,-1,19,-1,20,-1,20,-1]"
CSI_DATA,45191,d8:b1:90:db:e8:90,-51,11,1,7,0,0,1,0,0,0,1,-94,0,8,0,706772364,0,100,0,128,1,"[100,-64,5,0,22,5,22,5,22,5,21,3,21,1,21,1,21,1,20,0,20,0,20,0,20,-1,21,-1,21,-1,21,-1,21,-1,21,0,21,0,21,0,20,0,20,0,19,1,19,1,19,2,18,3,18,4,4,1,0,0,0,0,0,0,0,0,0,0,0,0,0,0,0,0,0,0,3,0,13,1,13,1,14,2,14,3,14,3,15,3,16,3,17,4,17,4,17,5,18,6,18,6,18,7,19,7,19,7,19,7,19,7,19,7,19,7,20,7,20,7,20,7,20,7,20,7,21,7,22,6]"
CSI_DATA,45192,d8:b1:90:db:e8:90,-51,11,1,7,0,0,1,0,0,0,1,-94,0,8,0,706791817,0,100,0,128,1,"[100,-64,5,0,-11,-19,-10,-19,-10,-19,-10,-21,-10,-21,-10,-21,-10,-20,-11,-20,-11,-19,-12,-19,-12,-19,-12,-19,-11,-19,-11,-20,-11,-19,-11,-18,-11,-18,-11,-19,-10,-19,-9,-19,-8,-19,-7,-19,-6,-19,-4,-17,-2,-17,-1,-4,0,0,0,0,0,0,0,0,0,0,0,0,0,0,0,0,0,0,-1,-3,-2,-11,-2,-12,-2,-12,-2,-13,-1,-13,-2,-14,-4,-15,-5,-15,-4,-16,-5,-17,-6,-18,-6,-18,-6,-19,-6,-18,-8,-17,-8,-17,-9,-17,-9,-18,-11,-18,-11,-19,-11,-19,-12,-19,-12,-20,-12,-20,-12,-20,-12,-21]"
CSI_DATA,45193,d8:b1:90:db:e8:90,-51,11,1,7,0,0,1,0,0,0,1,-94,0,8,0,706801851,0,100,0,128,1,"[100,-64,5,0,-23,-7,-23,-8,-23,-8,-24,-9,-24,-10,-24,-9,-24,-9,-24,-8,-24,-7,-24,-7,-24,-7,-24,-7,-24,-7,-24,-7,-24,-7,-24,-6,-23,-6,-23,-6,-22,-7,-22,-8,-22,-9,-21,-10,-19,-11,-16,-12,-14,-12,-4,-3,0,0,0,0,0,0,0,0,0,0,0,0,0,0,0,0,0,0,-3,-2,-10,-8,-10,-8,-10,-9,-11,-10,-11,-10,-12,-10,-14,-9,-15,-9,-16,-10,-17,-11,-18,-11,-19,-11,-19,-12,-18,-11,-19,-9,-19,-8,-20,-8,-21,-8,-22,-7,-23,-7,-24,-7,-24,-7,-25,-8,-25,-8,-25,-8,-25,-8]"
CSI_DATA,45194,d8:b1:90:db:e8:90,-51,11,1,7,0,0,1,0,0,0,1,-94,0,8,0,706812536,0,100,0,128,1,"[100,-64,5,0,-22,7,-22,7,-22,7,-21,7,-20,8,-20,8,-19,8,-19,8,-19,8,-19,9,-19,9,-19,10,-18,10,-18,10,-19,10,-19,10,-19,10,-19,9,-19,9,-19,9,-19,8,-19,8,-19,7,-19,6,-19,5,-5,1,0,0,0,0,0,0,0,0,0,0,0,0,0,0,0,0,0,0,-4,1,-13,6,-13,5,-14,5,-15,5,-15,4,-16,4,-17,4,-17,4,-18,4,-19,3,-19,3,-19,3,-20,3,-20,3,-20,3,-20,3,-21,3,-21,4,-21,4,-21,5,-21,5,-21,5,-21,6,-22,6,-22,6,-22,6]"
CSI_DATA,45195,d8:b1:90:db:e8:90,-51,11,1,7,0,0,1,0,0,0,1,-94,0,8,0,706823973,0,100,0,128,1,"[100,-64,5,0,20,-8,20,-8,20,-8,20,-9,19,-9,19,-10,18,-10,18,-10,18,-10,18,-11,17,-11,17,-12,17,-12,17,-11,17,-11,18,-11,18,-11,18,-11,18,-11,18,-10,18,-10,18,-9,18,-9,18,-8,18,-7,4,-2,0,0,0,0,0,0,0,0,0,0,0,0,0,0,0,0,0,0,3,-2,12,-7,13,-6,13,-6,14,-6,15,-6,15,-5,16,-5,16,-5,17,-5,18,-4,18,-4,18,-4,19,-4,19,-4,19,-4,19,-4,20,-4,20,-5,20,-5,20,-6,20,-6,20,-6,20,-7,21,-7,21,-7,21,-7]"
CSI_DATA,45196,d8:b1:90:db:e8:90,-51,11,1,7,0,0,1,0,0,0,1,-94,0,8,0,706835878,0,100,0,128,1,"[100,-64,5,0,-18,-19,-18,-19,-18,-18,-19,-17,-19,-16,-19,-15,-20,-15,-20,-15,-20,-15,-20,-14,-20,-14,-21,-13,-21,-13,-21,-13,-21,-13,-21,-13,-21,-14,-21,-14,-20,-14,-20,-14,-20,-14,-19,-14,-18,-15,-17,-15,-17,-16,-5,-4,0,0,0,0,0,0,0,0,0,0,0,0,0,0,0,0,0,0,-3,-3,-12,-11,-12,-12,-12,-13,-12,-14,-12,-14,-12,-15,-12,-16,-12,-16,-12,-17,-12,-18,-12,-18,-13,-19,-13,-19,-13,-20,-13,-20,-13,-19,-13,-20,-14,-20,-15,-20,-16,-19,-16,-19,-17,-19,-17,-19,-18,-19,-18,-19,-18,-20]"
CSI_DATA,45197,d8:b1:90:db:e8:90,-51,11,1,7,0,0,1,0,0,0,1,-94,0,8,0,706846607,0,100,0,128,1,"[100,-64,5,0,-17,-21,-17,-21,-17,-20,-17,-19,-17,-19,-18,-18,-18,-18,-18,-17,-18,-17,-18,-16,-19,-16,-19,-16,-19,-15,-19,-15,-19,-15,-19,-15,-19,-15,-18,-15,-18,-16,-18,-16,-17,-16,-17,-16,-16,-17,-15,-18,-15,-18,-4,-5,0,0,0,0,0,0,0,0,0,0,0,0,0,0,0,0,0,0,-3,-3,-11,-12,-11,-12,-11,-13,-11,-14,-11,-14,-11,-14,-12,-15,-13,-16,-13,-17,-13,-18,-12,-18,-12,-19,-12,-19,-12,-20,-13,-20,-13,-20,-13,-20,-13,-20,-14,-20,-14,-20,-14,-20,-15,-21,-15,-21,-15,-21,-15,-21,-15,-21]"
CSI_DATA,45198,d8:b1:90:db:e8:90,-51,11,1,7,0,0,1,0,0,0,1,-94,0,8,0,706856763,0,100,0,128,1,"[100,-64,5,0,-11,-19,-11,-19,-12,-18,-12,-17,-12,-17,-12,-16,-13,-16,-13,-16,-13,-15,-14,-14,-13,-14,-13,-14,-13,-14,-14,-15,-14,-14,-14,-13,-13,-14,-12,-15,-12,-14,-13,-15,-12,-15,-12,-14,-12,-15,-10,-16,-8,-16,-2,-4,0,0,0,0,0,0,0,0,0,0,0,0,0,0,0,0,0,0,-2,-3,-7,-11,-7,-11,-8,-11,-9,-11,-9,-12,-10,-13,-10,-14,-10,-14,-10,-14,-9,-15,-9,-15,-9,-16,-9,-16,-9,-17,-9,-16,-9,-17,-9,-17,-9,-17,-9,-17,-9,-17,-10,-17,-10,-17,-10,-18,-10,-18,-11,-18,-11,-18]"
CSI_DATA,45199,d8:b1:90:db:e8:90,-50,11,1,7,0,0,1,0,0,0,1,-94,0,8,0,706886872,0,100,0,128,1,"[100,-64,5,0,-14,20,-13,20,-13,20,-13,20,-13,20,-12,20,-12,20,-11,20,-10,20,-10,20,-9,20,-9,20,-9,20,-9,20,-9,20,-9,20,-9,20,-9,19,-9,19,-10,19,-10,19,-11,18,-11,17,-10,15,-10,15,-3,3,0,0,0,0,0,0,0,0,0,0,0,0,0,0,0,0,0,0,-2,3,-5,13,-6,13,-6,13,-7,14,-8,14,-9,14,-10,15,-10,15,-11,16,-12,16,-12,16,-12,16,-13,16,-13,16,-13,16,-13,16,-13,17,-13,17,-13,17,-13,18,-13,18,-13,19,-13,19,-13,20,-13,20,-13,20]"
CSI_DATA,45200,d8:b1:90:db:e8:90,-51,11,1,7,0,0,1,0,0,0,1,-94,0,8,0,706898786,0,100,0,128,1,"[100,-64,5,0,-5,25,-5,25,-4,25,-4,25,-3,24,-3,24,-3,24,-2,24,-2,23,-1,23,-1,23,-1,24,-1,24,0,24,0,24,1,24,0,24,0,23,-1,23,-1,23,-2,23,-2,22,-3,22,-4,22,-5,22,-2,5,0,0,0,0,0,0,0,0,0,0,0,0,0,0,0,0,0,0,0,3,0,15,-1,15,-2,16,-2,17,-3,17,-3,18,-4,18,-5,18,-5,19,-6,20,-6,20,-6,21,-7,21,-7,21,-7,21,-7,22,-7,22,-7,22,-7,22,-7,23,-7,24,-7,24,-6,24,-6,24,-6,24,-5,25]"
CSI_DATA,45201,d8:b1:90:db:e8:90,-51,11,1,7,0,0,1,0,0,0,1,-94,0,8,0,706908939,0,100,0,128,1,"[100,-64,5,0,2,25,2,25,3,25,3,25,3,24,4,24,4,23,5,23,5,23,6,22,6,23,6,23,6,23,7,23,7,23,7,23,7,22,7,22,6,22,6,22,6,22,5,21,4,22,3,22,2,22,0,5,0,0,0,0,0,0,0,0,0,0,0,0,0,0,0,0,0,0,1,3,3,14,3,15,2,16,1,17,1,17,1,18,0,18,0,19,0,20,-1,20,-1,21,-1,22,-1,22,-2,22,-2,22,-2,22,-2,23,-1,23,-1,24,-1,24,0,24,0,24,0,24,0,25,1,25,1,26]"
CSI_DATA,45202,d8:b1:90:db:e8:90,-51,11,1,7,0,0,1,0,0,0,1,-94,0,8,0,706923657,0,100,0,128,1,"[100,-64,5,0,-6,25,-6,25,-5,25,-4,25,-4,25,-3,25,-3,24,-2,24,-1,24,-1,24,-1,24,-1,24,-1,24,-1,24,-1,24,-1,24,-1,24,-1,24,-2,24,-2,24,-3,24,-4,23,-4,23,-5,23,-6,22,-2,5,0,0,0,0,0,0,0,0,0,0,0,0,0,0,0,0,0,0,0,4,0,16,-1,16,-1,16,-2,17,-2,18,-3,18,-3,19,-4,19,-4,20,-5,21,-6,21,-6,21,-7,21,-7,21,-7,22,-7,22,-7,22,-7,22,-6,23,-6,23,-7,24,-6,24,-6,24,-7,25,-7,25,-6,25]"
CSI_DATA,45203,d8:b1:90:db:e8:90,-51,11,1,7,0,0,1,0,0,0,1,-94,0,8,0,706942635,0,100,0,128,1,"[100,-64,5,0,-23,-4,-23,-4,-23,-3,-23,-3,-23,-2,-22,-1,-22,-1,-22,0,-21,0,-21,1,-21,1,-22,1,-22,1,-22,1,-22,1,-22,1,-21,1,-21,0,-21,0,-21,0,-21,0,-21,-1,-21,-2,-21,-2,-21,-3,-5,-1,0,0,0,0,0,0,0,0,0,0,0,0,0,0,0,0,0,0,-4,0,-15,0,-15,-1,-16,-1,-16,-1,-17,-2,-17,-2,-17,-2,-18,-3,-18,-3,-19,-4,-19,-5,-19,-5,-19,-5,-20,-6,-20,-5,-20,-5,-21,-5,-21,-5,-21,-5,-21,-5,-22,-5,-22,-5,-22,-5,-23,-5,-23,-5,-23,-5]"
CSI_DATA,45204,d8:b1:90:db:e8:90,-51,11,1,7,0,0,1,0,0,0,1,-94,0,8,0,706953123,0,100,0,128,1,"[100,-64,5,0,7,21,7,21,7,21,7,20,8,19,8,19,8,18,9,18,9,18,9,18,9,18,10,17,10,17,10,18,10,18,10,18,10,18,10,18,9,18,9,18,8,18,8,18,7,18,6,18,5,18,1,4,0,0,0,0,0,0,0,0,0,0,0,0,0,0,0,0,0,0,1,2,5,12,5,13,4,14,4,15,2,15,2,16,1,17,2,18,2,18,2,18,2,19,2,19,2,19,2,19,2,19,3,20,3,20,3,20,3,20,3,20,4,20,4,20,5,20,5,21,5,21,5,21]"
CSI_DATA,45205,d8:b1:90:db:e8:90,-51,11,1,7,0,0,1,0,0,0,1,-94,0,8,0,706988917,0,100,0,128,1,"[100,-64,5,0,-9,20,-9,20,-9,20,-9,20,-8,20,-8,20,-7,20,-7,20,-6,20,-6,20,-6,20,-5,20,-5,20,-5,20,-5,20,-5,20,-5,20,-5,20,-5,20,-5,19,-6,18,-6,18,-6,17,-7,17,-7,16,-2,4,0,0,0,0,0,0,0,0,0,0,0,0,0,0,0,0,0,0,-2,3,-5,13,-5,13,-5,14,-5,14,-6,14,-6,15,-7,15,-7,15,-8,16,-8,16,-8,16,-8,17,-9,17,-9,17,-9,18,-10,18,-10,18,-10,18,-10,19,-10,19,-10,19,-10,19,-10,20,-10,20,-10,20,-9,20]"
CSI_DATA,45206,d8:b1:90:db:e8:90,-51,11,1,7,0,0,1,0,0,0,1,-94,0,8,0,706999434,0,100,0,128,1,"[100,-64,5,0,3,-26,3,-26,3,-25,2,-25,2,-25,2,-25,1,-25,0,-24,-1,-24,-1,-24,-2,-24,-2,-25,-3,-24,-2,-24,-2,-24,-2,-24,-2,-24,-2,-24,-1,-24,-1,-23,0,-23,0,-22,0,-22,1,-21,2,-21,0,-6,0,0,0,0,0,0,0,0,0,0,0,0,0,0,0,0,0,0,0,-4,0,-16,0,-17,0,-17,0,-17,1,-18,1,-19,2,-19,2,-19,3,-20,3,-21,3,-21,3,-22,3,-22,4,-22,4,-23,4,-23,4,-23,4,-24,4,-24,4,-24,4,-25,4,-25,4,-25,3,-26,3,-26,3,-26]"
CSI_DATA,45207,d8:b1:90:db:e8:90,-51,11,1,7,0,0,1,0,0,0,1,-94,0,8,0,707009574,0,100,0,128,1,"[100,-64,5,0,-21,12,-20,11,-20,11,-19,12,-19,12,-18,12,-18,12,-18,12,-17,13,-17,13,-17,13,-16,14,-16,14,-16,14,-16,14,-16,14,-16,14,-16,14,-16,13,-16,13,-16,12,-16,12,-16,11,-17,10,-17,10,-5,2,0,0,0,0,0,0,0,0,0,0,0,0,0,0,0,0,0,0,-3,2,-11,9,-12,8,-12,8,-13,8,-14,8,-14,8,-15,8,-16,8,-17,8,-17,8,-18,8,-18,8,-19,8,-19,8,-19,8,-19,8,-20,8,-20,8,-20,8,-20,8,-21,9,-21,9,-20,10,-20,10,-20,11,-20,11]"
CSI_DATA,45208,d8:b1:90:db:e8:90,-51,11,1,7,0,0,1,0,0,0,1,-94,0,8,0,707021937,0,100,0,128,1,"[100,-64,5,0,24,5,24,5,24,4,24,4,24,4,24,3,23,3,23,2,23,1,23,0,23,0,23,0,23,0,23,0,23,0,23,0,23,0,22,1,22,1,22,2,22,2,22,2,21,3,21,4,21,4,5,1,0,0,0,0,0,0,0,0,0,0,0,0,0,0,0,0,0,0,3,0,15,0,15,1,16,1,16,1,17,2,17,3,18,3,18,4,19,4,20,5,20,5,20,6,20,6,21,7,21,7,21,6,21,6,22,6,23,6,23,6,24,6,24,6,24,6,24,5,24,5,24,5]"
CSI_DATA,45209,d8:b1:90:db:e8:90,-51,11,1,7,0,0,1,0,0,0,1,-94,0,8,0,707033381,0,100,0,128,1,"[100,-64,5,0,-16,-21,-16,-21,-16,-21,-16,-20,-17,-19,-17,-19,-17,-18,-17,-17,-18,-17,-18,-16,-18,-16,-18,-16,-18,-16,-18,-16,-18,-15,-18,-15,-18,-16,-18,-16,-18,-16,-17,-16,-17,-16,-16,-16,-16,-16,-15,-17,-15,-18,-4,-5,0,0,0,0,0,0,0,0,0,0,0,0,0,0,0,0,0,0,-3,-3,-11,-12,-11,-13,-11,-13,-11,-14,-11,-15,-11,-15,-11,-16,-11,-16,-11,-17,-11,-18,-11,-19,-11,-20,-11,-20,-11,-21,-12,-21,-12,-21,-12,-21,-13,-21,-13,-21,-14,-21,-14,-21,-15,-22,-15,-21,-15,-21,-15,-21,-15,-21]"
CSI_DATA,45210,d8:b1:90:db:e8:90,-51,11,1,7,0,0,1,0,0,0,1,-94,0,8,0,707045724,0,100,0,128,1,"[100,-64,5,0,-5,-26,-5,-26,-5,-25,-5,-25,-6,-24,-6,-24,-7,-24,-8,-23,-9,-23,-9,-22,-10,-22,-11,-23,-11,-23,-11,-23,-11,-23,-11,-23,-11,-23,-10,-23,-10,-22,-9,-22,-9,-22,-8,-22,-8,-22,-7,-22,-6,-23,-2,-6,0,0,0,0,0,0,0,0,0,0,0,0,0,0,0,0,0,0,-2,-4,-5,-16,-4,-16,-4,-17,-4,-17,-3,-18,-3,-18,-3,-19,-3,-20,-2,-21,-2,-21,-2,-22,-2,-23,-2,-23,-1,-24,-1,-24,-1,-24,-1,-24,-2,-24,-3,-24,-4,-24,-4,-25,-4,-25,-4,-25,-5,-25,-4,-26,-5,-26]"
CSI_DATA,45211,d8:b1:90:db:e8:90,-51,11,1,7,0,0,1,0,0,0,1,-94,0,8,0,707059108,0,100,0,128,1,"[100,-64,5,0,19,-1,19,-1,19,-2,19,-2,19,-2,19,-2,18,-3,18,-4,17,-4,17,-5,18,-5,18,-5,18,-5,18,-5,18,-5,18,-5,18,-5,18,-4,18,-4,18,-4,17,-4,17,-3,17,-3,17,-2,17,-1,4,-1,0,0,0,0,0,0,0,0,0,0,0,0,0,0,0,0,0,0,3,-1,12,-3,12,-2,12,-2,12,-1,14,0,15,0,15,1,15,0,15,1,16,2,16,2,16,1,17,2,17,2,17,2,18,2,18,2,18,2,18,1,19,1,19,1,19,0,19,0,19,-1,20,-1,20,-1]"
CSI_DATA,45212,d8:b1:90:db:e8:90,-51,11,1,7,0,0,1,0,0,0,1,-94,0,8,0,707072281,0,100,0,128,1,"[100,-64,5,0,1,-26,0,-26,0,-26,0,-25,0,-25,0,-25,-1,-25,-2,-24,-3,-24,-4,-23,-4,-24,-5,-24,-5,-24,-4,-24,-4,-24,-4,-24,-4,-24,-3,-24,-3,-24,-3,-24,-2,-24,-2,-23,-2,-23,0,-23,1,-23,0,-6,0,0,0,0,0,0,0,0,0,0,0,0,0,0,0,0,0,0,-1,-4,-1,-16,-1,-16,0,-17,0,-17,1,-18,1,-18,2,-19,3,-20,3,-20,4,-21,4,-21,4,-22,4,-22,5,-23,5,-23,4,-23,4,-23,4,-23,3,-24,3,-24,3,-24,3,-25,2,-25,1,-25,1,-25,1,-26]"
CSI_DATA,45213,d8:b1:90:db:e8:90,-51,11,1,7,0,0,1,0,0,0,1,-94,0,8,0,707096602,0,100,0,128,1,"[100,-64,5,0,-21,10,-21,10,-20,10,-20,11,-20,11,-19,11,-18,12,-18,12,-17,12,-17,13,-17,13,-17,13,-17,13,-17,14,-17,13,-17,13,-17,13,-16,12,-16,12,-17,12,-17,11,-17,11,-17,10,-17,9,-18,9,-5,2,0,0,0,0,0,0,0,0,0,0,0,0,0,0,0,0,0,0,-3,2,-11,9,-12,8,-13,8,-13,7,-14,7,-15,7,-15,8,-16,8,-17,8,-18,7,-18,7,-19,7,-19,7,-19,7,-19,8,-20,8,-20,9,-20,9,-20,9,-20,9,-20,10,-20,10,-20,10,-20,10,-20,10,-20,10]"
CSI_DATA,45214,d8:b1:90:db:e8:90,-51,11,1,7,0,0,1,0,0,0,1,-94,0,8,0,707108955,0,100,0,128,1,"[100,-64,5,0,5,-25,5,-25,5,-25,5,-24,4,-24,4,-24,4,-24,3,-24,2,-24,2,-23,1,-23,1,-24,1,-23,1,-24,1,-24,0,-23,0,-23,0,-23,1,-23,1,-23,2,-22,3,-22,3,-22,4,-22,5,-22,1,-6,0,0,0,0,0,0,0,0,0,0,0,0,0,0,0,0,0,0,0,-4,1,-16,1,-16,1,-17,1,-17,2,-17,2,-18,2,-19,3,-19,4,-20,4,-20,5,-21,5,-21,5,-21,6,-22,6,-22,6,-22,6,-22,6,-22,6,-22,6,-22,6,-23,6,-23,6,-23,6,-24,6,-24,6,-24]"
CSI_DATA,45215,d8:b1:90:db:e8:90,-51,11,1,7,0,0,1,0,0,0,1,-94,0,8,0,707122220,0,100,0,128,1,"[100,-64,5,0,22,0,22,0,22,0,22,-1,22,-1,22,-1,21,-2,21,-2,21,-3,20,-3,21,-4,20,-4,20,-4,20,-4,20,-4,20,-4,20,-4,20,-3,20,-3,20,-3,20,-2,20,-2,20,-2,19,-1,19,1,4,0,0,0,0,0,0,0,0,0,0,0,0,0,0,0,0,0,0,0,3,-1,13,-2,14,-2,15,-1,15,0,16,0,16,1,16,1,17,1,17,2,18,2,19,2,19,2,20,3,20,3,20,3,20,3,20,3,20,2,20,2,20,1,21,2,21,1,21,1,22,0,22,1,22,1]"
CSI_DATA,45216,d8:b1:90:db:e8:90,-51,11,1,7,0,0,1,0,0,0,1,-94,0,8,0,707132551,0,100,0,128,1,"[100,-64,5,0,-21,-8,-21,-8,-21,-8,-22,-8,-22,-7,-21,-6,-21,-6,-21,-5,-21,-5,-21,-5,-21,-4,-21,-4,-21,-4,-21,-4,-21,-3,-21,-3,-21,-3,-21,-4,-20,-4,-20,-4,-20,-4,-20,-5,-19,-5,-19,-6,-19,-7,-5,-2,0,0,0,0,0,0,0,0,0,0,0,0,0,0,0,0,0,0,-4,-1,-14,-4,-14,-5,-15,-6,-15,-7,-15,-7,-15,-8,-15,-8,-16,-9,-16,-9,-16,-10,-17,-10,-17,-10,-18,-11,-18,-11,-18,-11,-19,-11,-19,-11,-19,-11,-19,-10,-19,-10,-19,-10,-20,-9,-20,-9,-21,-9,-21,-9,-21,-10]"
CSI_DATA,45217,d8:b1:90:db:e8:90,-51,11,1,7,0,0,1,0,0,0,1,-94,0,8,0,707153221,0,100,0,128,1,"[100,-64,5,0,22,-4,21,-5,21,-5,21,-6,21,-6,20,-6,20,-7,19,-7,19,-8,18,-8,19,-8,19,-9,19,-10,19,-10,19,-10,19,-9,18,-9,18,-9,18,-9,18,-8,18,-8,18,-7,18,-6,18,-5,19,-5,4,-1,0,0,0,0,0,0,0,0,0,0,0,0,0,0,0,0,0,0,3,-2,12,-6,13,-6,14,-5,14,-5,15,-5,16,-5,16,-5,17,-4,17,-4,18,-3,19,-3,19,-2,19,-2,20,-2,20,-2,20,-3,20,-3,20,-3,20,-3,20,-3,20,-4,21,-4,21,-4,21,-4,22,-4,22,-4]"
CSI_DATA,45218,d8:b1:90:db:e8:90,-51,11,1,7,0,0,1,0,0,0,1,-94,0,8,0,707173205,0,100,0,128,1,"[100,-64,5,0,-17,16,-16,15,-16,15,-16,16,-16,16,-15,16,-15,16,-14,16,-14,16,-13,17,-13,17,-13,17,-13,17,-13,17,-13,17,-12,17,-12,17,-12,16,-12,16,-13,16,-13,16,-13,15,-14,15,-15,14,-15,14,-4,3,0,0,0,0,0,0,0,0,0,0,0,0,0,0,0,0,0,0,-2,3,-8,12,-9,12,-9,12,-10,12,-10,12,-11,12,-12,13,-12,13,-13,13,-14,13,-15,13,-15,13,-16,13,-16,13,-16,13,-17,13,-17,13,-17,13,-17,14,-17,14,-18,14,-17,15,-17,15,-17,15,-17,16,-17,16]"
CSI_DATA,45219,d8:b1:90:db:e8:90,-52,11,1,7,0,0,1,0,0,0,1,-94,0,8,0,707193086,0,100,0,128,1,"[100,-64,5,0,20,11,20,10,20,10,20,10,20,10,20,10,20,9,20,9,20,8,21,7,20,7,19,7,19,6,19,6,19,6,21,6,21,6,21,6,20,6,18,6,17,6,17,7,17,7,18,8,19,8,4,2,0,0,0,0,0,0,0,0,0,0,0,0,0,0,0,0,0,0,3,1,13,5,13,6,13,6,13,6,14,6,14,6,16,7,17,7,17,7,17,8,17,10,16,11,17,11,17,11,18,11,18,11,19,10,19,10,19,11,20,11,20,10,21,10,20,10,20,11,21,11,21,12]"
CSI_DATA,45220,d8:b1:90:db:e8:90,-51,11,1,7,0,0,1,0,0,0,1,-94,0,8,0,707212052,0,100,0,128,1,"[100,-64,5,0,15,21,14,20,14,20,14,19,15,18,15,18,15,17,15,17,15,16,15,16,16,16,16,15,17,15,17,15,16,15,16,15,16,15,16,15,16,15,15,15,15,16,14,16,13,16,13,17,12,17,3,4,0,0,0,0,0,0,0,0,0,0,0,0,0,0,0,0,0,0,2,2,11,11,10,12,10,13,10,13,10,14,10,14,10,15,10,16,10,16,10,17,10,18,10,19,10,19,10,19,10,20,10,20,11,20,11,20,11,20,12,20,12,21,12,21,12,21,12,20,13,21,13,21]"
CSI_DATA,45221,d8:b1:90:db:e8:90,-51,11,1,7,0,0,1,0,0,0,1,-94,0,8,0,707223255,0,100,0,128,1,"[100,-64,5,0,-23,4,-23,4,-22,4,-22,4,-22,5,-21,5,-21,5,-20,6,-20,6,-20,6,-20,7,-20,7,-19,8,-19,8,-19,8,-20,8,-20,7,-19,7,-19,7,-19,6,-19,6,-19,6,-19,5,-19,4,-19,4,-5,0,0,0,0,0,0,0,0,0,0,0,0,0,0,0,0,0,0,0,-4,1,-14,4,-15,3,-15,3,-16,2,-16,2,-17,2,-17,2,-18,1,-18,1,-19,1,-20,1,-20,1,-21,0,-21,0,-21,0,-21,0,-21,1,-21,1,-22,1,-22,1,-22,1,-22,2,-22,2,-22,2,-23,2,-23,2]"
CSI_DATA,45222,d8:b1:90:db:e8:90,-51,11,1,7,0,0,1,0,0,0,1,-94,0,8,0,707234916,0,100,0,128,1,"[100,-64,5,0,-7,-26,-7,-26,-8,-25,-8,-24,-9,-23,-10,-23,-10,-23,-10,-23,-11,-22,-11,-22,-11,-22,-12,-22,-12,-22,-12,-22,-12,-22,-12,-21,-12,-21,-11,-21,-11,-21,-11,-21,-11,-20,-10,-21,-9,-21,-9,-21,-8,-21,-2,-6,0,0,0,0,0,0,0,0,0,0,0,0,0,0,0,0,0,0,-2,-4,-6,-16,-6,-16,-6,-16,-6,-17,-6,-18,-6,-18,-6,-19,-5,-20,-5,-21,-5,-22,-4,-22,-4,-23,-4,-23,-4,-23,-4,-23,-4,-23,-4,-23,-4,-24,-4,-24,-5,-25,-5,-25,-5,-25,-6,-25,-6,-25,-6,-25,-6,-26]"
CSI_DATA,45223,d8:b1:90:db:e8:90,-51,11,1,7,0,0,1,0,0,0,1,-94,0,8,0,707255202,0,100,0,128,1,"[100,-64,5,0,21,13,21,13,21,13,21,12,20,12,20,11,20,10,21,10,21,10,21,10,21,9,20,9,20,8,21,8,21,8,21,9,21,9,20,9,20,9,20,9,19,9,19,10,18,11,18,11,17,12,4,3,0,0,0,0,0,0,0,0,0,0,0,0,0,0,0,0,0,0,3,1,13,7,13,7,14,9,14,10,14,10,14,11,14,11,15,12,15,13,15,14,15,14,15,15,15,16,16,15,16,15,16,15,17,15,17,15,18,15,18,15,19,15,19,15,19,15,19,15,19,15,20,14]"
CSI_DATA,45224,d8:b1:90:db:e8:90,-51,11,1,7,0,0,1,0,0,0,1,-94,0,8,0,707272296,0,100,0,128,1,"[100,-64,5,0,14,15,14,15,14,14,13,14,13,13,13,13,13,12,14,12,14,12,14,12,14,11,15,11,15,11,15,11,15,11,15,11,14,11,14,11,14,11,14,11,13,11,13,11,12,12,11,12,11,12,2,3,0,0,0,0,0,0,0,0,0,0,0,0,0,0,0,0,0,0,2,1,11,7,9,8,8,9,8,10,8,9,9,9,10,10,10,11,10,11,10,12,10,13,10,14,10,14,10,14,11,14,11,15,11,15,11,15,12,14,12,14,13,14,13,14,13,14,13,15,13,15,13,15]"
CSI_DATA,45225,d8:b1:90:db:e8:90,-51,11,1,7,0,0,1,0,0,0,1,-94,0,8,0,707295597,0,100,0,128,1,"[100,-64,5,0,10,20,10,20,11,20,11,20,11,19,11,18,11,18,11,18,12,18,12,17,12,17,13,17,13,16,13,16,13,16,13,17,13,17,13,16,12,16,12,16,12,16,11,16,10,16,10,16,9,16,2,4,0,0,0,0,0,0,0,0,0,0,0,0,0,0,0,0,0,0,2,3,8,12,7,13,6,14,6,14,6,14,5,15,5,16,5,17,5,18,5,19,4,19,4,20,4,20,5,20,5,20,6,20,6,20,6,20,6,21,7,21,7,21,8,21,8,21,8,21,9,22,9,22]"
CSI_DATA,45226,d8:b1:90:db:e8:90,-51,11,1,7,0,0,1,0,0,0,1,-94,0,8,0,707306855,0,100,0,128,1,"[100,-64,5,0,22,-3,22,-3,22,-3,21,-3,21,-3,21,-3,21,-4,20,-4,20,-5,20,-5,20,-6,20,-6,20,-7,20,-6,20,-6,20,-6,20,-6,19,-6,19,-6,19,-5,19,-5,19,-5,19,-4,18,-4,18,-3,4,-1,0,0,0,0,0,0,0,0,0,0,0,0,0,0,0,0,0,0,3,-1,14,-3,15,-2,15,-1,15,0,16,0,16,0,17,1,18,1,18,1,19,2,19,2,19,2,20,3,20,3,20,2,20,2,20,1,21,1,21,1,21,1,21,1,22,0,22,0,22,-1,23,-1,23,-1]"
CSI_DATA,45227,d8:b1:90:db:e8:90,-51,11,1,7,0,0,1,0,0,0,1,-94,0,8,0,707319142,0,100,0,128,1,"[100,-64,5,0,-18,-16,-17,-16,-17,-16,-18,-15,-18,-14,-17,-14,-17,-13,-18,-12,-18,-11,-18,-11,-18,-11,-19,-10,-19,-10,-19,-10,-19,-10,-19,-9,-18,-9,-18,-9,-18,-10,-18,-10,-18,-11,-17,-11,-17,-11,-16,-12,-16,-12,-4,-4,0,0,0,0,0,0,0,0,0,0,0,0,0,0,0,0,0,0,-4,-2,-13,-7,-13,-8,-13,-9,-13,-10,-13,-11,-13,-11,-13,-12,-13,-13,-13,-14,-14,-14,-14,-15,-14,-15,-14,-16,-14,-16,-14,-17,-14,-17,-14,-17,-14,-16,-15,-16,-15,-16,-15,-16,-16,-16,-16,-16,-17,-16,-17,-16,-17,-16]"
CSI_DATA,45228,d8:b1:90:db:e8:90,-51,11,1,7,0,0,1,0,0,0,1,-94,0,8,0,707333022,0,100,0,128,1,"[100,-64,5,0,11,-21,11,-21,10,-21,9,-21,9,-20,8,-20,8,-20,7,-20,6,-20,6,-20,6,-20,5,-21,5,-21,5,-21,4,-21,4,-21,3,-20,3,-20,4,-20,4,-20,5,-20,6,-19,6,-19,7,-18,7,-18,2,-5,0,0,0,0,0,0,0,0,0,0,0,0,0,0,0,0,0,0,0,-4,4,-15,4,-15,5,-15,6,-15,6,-15,7,-15,8,-15,8,-16,9,-16,10,-16,11,-17,11,-17,12,-17,12,-17,12,-17,12,-17,12,-17,12,-18,11,-18,11,-18,11,-18,11,-19,11,-20,11,-20,12,-20,12,-20]"
CSI_DATA,45229,d8:b1:90:db:e8:90,-51,11,1,7,0,0,1,0,0,0,1,-94,0,8,0,707344979,0,100,0,128,1,"[100,-64,5,0,17,-19,17,-20,17,-19,17,-20,16,-19,16,-19,15,-20,14,-20,13,-20,13,-21,12,-21,11,-21,11,-21,11,-21,11,-21,11,-21,11,-21,12,-20,12,-20,12,-20,12,-19,13,-19,13,-18,13,-17,14,-17,3,-4,0,0,0,0,0,0,0,0,0,0,0,0,0,0,0,0,0,0,2,-4,8,-14,9,-14,9,-14,10,-14,11,-14,11,-14,12,-15,13,-15,14,-15,14,-15,15,-15,16,-15,16,-15,17,-15,17,-16,17,-16,17,-16,17,-16,17,-16,17,-16,17,-16,17,-17,17,-18,17,-19,17,-19,17,-19]"
CSI_DATA,45230,d8:b1:90:db:e8:90,-51,11,1,7,0,0,1,0,0,0,1,-94,0,8,0,707355911,0,100,0,128,1,"[100,-64,5,0,7,23,7,23,7,23,7,22,7,22,8,21,8,20,9,20,10,19,11,19,11,18,12,18,12,18,13,18,13,18,13,18,12,19,12,19,11,19,11,19,10,19,9,19,8,19,8,19,7,19,1,4,0,0,0,0,0,0,0,0,0,0,0,0,0,0,0,0,0,0,1,3,7,13,6,13,6,14,6,14,6,15,6,16,6,17,6,18,5,19,5,19,5,20,5,20,4,21,4,21,5,21,5,21,5,21,5,21,5,22,5,22,5,22,6,22,7,23,7,23,7,23,7,23]"
CSI_DATA,45231,d8:b1:90:db:e8:90,-51,11,1,7,0,0,1,0,0,0,1,-94,0,8,0,707373897,0,100,0,128,1,"[100,-64,5,0,-20,5,-20,4,-20,5,-20,6,-20,6,-19,6,-19,7,-18,7,-18,7,-18,8,-18,8,-18,8,-18,8,-18,8,-18,8,-18,9,-18,9,-18,8,-17,8,-17,7,-17,7,-17,6,-17,6,-17,5,-18,4,-5,1,0,0,0,0,0,0,0,0,0,0,0,0,0,0,0,0,0,0,-4,1,-13,4,-14,3,-15,1,-15,1,-16,1,-16,1,-16,2,-17,3,-17,3,-17,2,-18,1,-18,1,-18,1,-18,1,-18,1,-19,2,-19,2,-19,2,-19,2,-19,2,-19,2,-20,3,-20,3,-20,3,-20,3,-20,3]"
CSI_DATA,45232,d8:b1:90:db:e8:90,-51,11,1,7,0,0,1,0,0,0,1,-94,0,8,0,707396856,0,100,0,128,1,"[100,-64,5,0,-18,-14,-18,-14,-18,-14,-19,-14,-19,-13,-19,-12,-19,-12,-19,-12,-19,-11,-19,-11,-20,-10,-20,-10,-20,-10,-20,-10,-20,-10,-20,-10,-20,-9,-20,-10,-19,-10,-19,-10,-18,-10,-18,-10,-17,-11,-16,-12,-16,-13,-4,-4,0,0,0,0,0,0,0,0,0,0,0,0,0,0,0,0,0,0,-4,-2,-13,-8,-12,-9,-12,-10,-12,-11,-12,-11,-12,-12,-13,-12,-13,-12,-13,-13,-13,-13,-14,-14,-14,-14,-14,-15,-14,-15,-14,-15,-14,-15,-14,-16,-15,-16,-15,-16,-16,-16,-16,-16,-16,-16,-17,-15,-17,-15,-17,-15,-17,-15]"
CSI_DATA,45233,d8:b1:90:db:e8:90,-51,11,1,7,0,0,1,0,0,0,1,-94,0,8,0,707407651,0,100,0,128,1,"[100,-64,5,0,-7,22,-7,22,-7,22,-6,21,-6,21,-5,20,-5,20,-4,21,-4,21,-4,21,-3,21,-3,21,-2,21,-2,21,-2,21,-2,21,-2,21,-2,21,-2,20,-2,20,-3,20,-3,19,-3,18,-4,15,-4,13,-1,3,0,0,0,0,0,0,0,0,0,0,0,0,0,0,0,0,0,0,-1,3,-3,13,-3,13,-4,14,-5,14,-5,14,-5,15,-6,16,-7,16,-7,16,-7,17,-8,17,-8,17,-8,18,-8,18,-8,18,-9,18,-9,18,-8,18,-8,19,-8,19,-8,19,-8,20,-7,20,-7,21,-7,21,-7,21]"
CSI_DATA,45234,d8:b1:90:db:e8:90,-51,11,1,7,0,0,1,0,0,0,1,-94,0,8,0,707422898,0,100,0,128,1,"[100,-64,5,0,10,23,10,23,10,22,10,22,11,21,11,21,11,21,12,20,12,20,12,20,12,20,13,20,13,20,13,20,14,20,14,20,14,19,14,19,14,19,13,19,12,18,12,19,11,19,11,19,9,19,2,5,0,0,0,0,0,0,0,0,0,0,0,0,0,0,0,0,0,0,2,3,7,13,7,13,6,14,6,14,6,15,6,16,6,17,6,17,5,18,5,19,5,20,5,21,5,21,5,21,6,21,6,21,6,21,6,21,7,22,7,22,8,22,8,23,8,23,8,23,8,23,8,23]"
CSI_DATA,45235,d8:b1:90:db:e8:90,-51,11,1,7,0,0,1,0,0,0,1,-94,0,8,0,707442186,0,100,0,128,1,"[100,-64,5,0,-24,2,-23,2,-23,2,-23,2,-23,2,-22,2,-22,3,-22,3,-22,4,-22,4,-22,5,-22,5,-22,5,-22,5,-22,6,-22,6,-22,6,-21,6,-21,5,-21,5,-21,5,-21,5,-20,4,-20,3,-21,3,-6,0,0,0,0,0,0,0,0,0,0,0,0,0,0,0,0,0,0,0,-4,0,-14,2,-15,2,-15,1,-15,1,-16,0,-16,0,-17,0,-18,-1,-18,-1,-19,-1,-20,-2,-20,-2,-20,-2,-20,-2,-21,-2,-21,-1,-21,-1,-21,-1,-22,-1,-22,-1,-22,-1,-23,-1,-23,0,-23,0,-23,0,-23,0]"
CSI_DATA,45236,d8:b1:90:db:e8:90,-51,11,1,7,0,0,1,0,0,0,1,-94,0,8,0,707452672,0,100,0,128,1,"[100,-64,5,0,19,9,20,9,20,9,20,9,20,8,20,7,20,7,20,6,20,6,20,6,20,6,20,5,20,5,20,5,20,5,20,5,20,5,20,5,20,5,19,5,19,5,19,6,18,7,18,8,18,9,4,2,0,0,0,0,0,0,0,0,0,0,0,0,0,0,0,0,0,0,3,1,12,5,12,5,12,6,12,7,12,8,12,8,13,9,13,9,14,10,14,11,14,11,15,11,15,11,15,12,15,12,15,11,15,11,16,11,17,11,17,11,18,11,18,10,18,10,18,11,19,11,19,11]"
CSI_DATA,45237,d8:b1:90:db:e8:90,-51,11,1,7,0,0,1,0,0,0,1,-94,0,8,0,707463397,0,100,0,128,1,"[100,-64,5,0,18,-8,18,-9,18,-8,18,-8,17,-8,17,-9,16,-9,16,-10,16,-11,15,-11,15,-11,15,-12,15,-12,15,-12,15,-12,15,-12,15,-11,15,-11,15,-11,15,-11,15,-10,15,-10,16,-9,16,-8,16,-8,4,-2,0,0,0,0,0,0,0,0,0,0,0,0,0,0,0,0,0,0,2,-2,9,-7,11,-6,12,-6,13,-6,13,-6,12,-6,12,-5,13,-4,14,-5,15,-5,15,-6,16,-5,16,-5,16,-5,17,-6,17,-6,17,-6,17,-6,17,-6,17,-6,17,-7,17,-7,18,-8,18,-8,18,-8,18,-8]"
CSI_DATA,45238,d8:b1:90:db:e8:90,-51,11,1,7,0,0,1,0,0,0,1,-94,0,8,0,707474469,0,100,0,128,1,"[100,-64,5,0,23,-18,23,-18,22,-18,22,-18,21,-18,20,-18,20,-19,19,-20,18,-20,18,-20,18,-21,17,-21,17,-21,17,-21,18,-21,18,-21,18,-21,18,-20,18,-20,18,-20,18,-19,19,-18,20,-17,20,-16,21,-16,5,-4,0,0,0,0,0,0,0,0,0,0,0,0,0,0,0,0,0,0,3,-4,12,-15,12,-15,13,-14,14,-12,15,-12,15,-12,15,-12,16,-13,18,-14,20,-14,20,-14,20,-13,21,-13,21,-14,22,-15,22,-15,22,-16,22,-16,21,-16,21,-16,21,-16,22,-17,22,-18,22,-18,23,-18,23,-18]"
CSI_DATA,45239,d8:b1:90:db:e8:90,-51,11,1,7,0,0,1,0,0,0,1,-94,0,8,0,707502415,0,100,0,128,1,"[100,-64,5,0,19,9,20,9,20,9,20,8,20,7,20,7,20,6,20,6,20,5,20,4,20,4,20,4,20,4,20,4,20,4,20,4,20,5,20,5,20,5,19,5,19,5,19,6,18,6,18,7,18,8,4,2,0,0,0,0,0,0,0,0,0,0,0,0,0,0,0,0,0,0,3,0,13,3,13,3,13,4,13,5,13,5,14,6,15,6,15,7,15,7,16,8,16,8,16,8,16,9,16,9,17,9,17,9,17,9,17,9,18,10,18,10,18,10,19,9,19,9,19,9,19,9,19,10]"
CSI_DATA,45240,d8:b1:90:db:e8:90,-51,11,1,7,0,0,1,0,0,0,1,-94,0,8,0,707516433,0,100,0,128,1,"[100,-64,5,0,14,-18,14,-18,14,-18,14,-18,13,-18,13,-18,12,-18,12,-18,12,-18,11,-18,11,-18,11,-18,11,-18,11,-18,11,-18,11,-18,11,-18,11,-18,11,-18,11,-18,12,-18,12,-17,12,-17,12,-16,13,-16,3,-4,0,0,0,0,0,0,0,0,0,0,0,0,0,0,0,0,0,0,2,-3,8,-10,9,-10,9,-11,9,-11,10,-11,11,-11,11,-12,12,-12,13,-12,13,-13,13,-13,14,-13,14,-13,14,-13,14,-14,14,-14,14,-14,14,-15,14,-16,14,-16,14,-17,14,-17,14,-17,14,-17,14,-17,14,-17]"
CSI_DATA,45241,d8:b1:90:db:e8:90,-51,11,1,7,0,0,1,0,0,0,1,-94,0,8,0,707528407,0,100,0,128,1,"[100,-64,5,0,-18,18,-18,18,-18,18,-17,18,-17,17,-16,17,-16,18,-15,18,-15,18,-15,18,-14,19,-14,19,-14,19,-14,19,-14,19,-14,19,-14,18,-14,18,-14,17,-14,17,-14,17,-14,16,-15,16,-16,15,-16,15,-4,3,0,0,0,0,0,0,0,0,0,0,0,0,0,0,0,0,0,0,-3,2,-10,11,-10,11,-11,11,-11,11,-12,11,-13,11,-14,12,-15,12,-15,12,-16,12,-17,12,-17,12,-18,12,-18,12,-18,13,-17,13,-18,13,-18,14,-18,14,-18,15,-18,15,-18,16,-18,17,-18,17,-18,17,-18,17]"
CSI_DATA,45242,d8:b1:90:db:e8:90,-51,11,1,7,0,0,1,0,0,0,1,-94,0,8,0,707542693,0,100,0,128,1,"[100,-64,5,0,6,23,6,23,6,22,7,22,7,22,7,21,7,21,8,21,9,21,9,20,9,20,9,20,9,20,9,20,9,20,9,20,9,20,8,20,8,20,8,20,7,20,6,19,6,20,5,20,5,21,1,5,0,0,0,0,0,0,0,0,0,0,0,0,0,0,0,0,0,0,1,3,6,12,5,13,5,13,5,14,4,15,4,15,4,16,4,17,4,18,3,19,3,19,3,19,3,20,3,20,3,20,3,20,3,20,4,21,4,22,4,22,4,23,5,23,6,23,7,23,7,23,7,23]"
CSI_DATA,45243,d8:b1:90:db:e8:90,-51,11,1,7,0,0,1,0,0,0,1,-94,0,8,0,707552948,0,100,0,128,1,"[100,-64,5,0,9,-24,9,-23,9,-23,8,-23,8,-23,7,-23,6,-23,5,-22,5,-23,5,-23,5,-22,4,-21,4,-21,3,-21,3,-21,3,-21,4,-21,4,-21,4,-21,4,-21,4,-21,4,-20,5,-19,6,-19,7,-18,2,-5,0,0,0,0,0,0,0,0,0,0,0,0,0,0,0,0,0,0,0,-4,4,-13,4,-14,4,-14,5,-14,5,-15,6,-15,7,-15,7,-16,8,-17,8,-18,9,-18,9,-19,9,-19,9,-19,10,-19,10,-20,11,-20,11,-20,11,-21,11,-21,11,-22,11,-22,10,-23,9,-23,9,-23,9,-23]"
CSI_DATA,45244,d8:b1:90:db:e8:90,-52,11,1,7,0,0,1,0,0,0,1,-94,0,8,0,707568108,0,100,0,128,1,"[100,-64,5,0,-13,19,-15,22,-17,19,-13,16,-9,19,-10,23,-12,21,-9,18,-5,20,-6,24,-7,22,-4,20,-1,21,-2,24,-4,23,-2,20,2,22,1,24,-1,23,1,20,4,21,3,23,0,22,2,19,4,20,1,5,0,0,0,0,0,0,0,0,0,0,0,0,0,0,0,0,0,0,-4,0,-15,4,-16,5,-17,4,-16,2,-16,3,-18,5,-21,4,-19,3,-17,4,-20,6,-21,5,-18,4,-18,6,-22,8,-23,6,-20,6,-18,9,-21,12,-23,10,-20,9,-17,13,-19,16,-21,15,-18,13,-15,17,-17,21]"
CSI_DATA,45245,d8:b1:90:db:e8:90,-51,11,1,7,0,0,1,0,0,0,1,-94,0,8,0,707578224,0,100,0,128,1,"[100,-64,5,0,-14,16,-14,16,-14,16,-14,16,-14,16,-13,16,-13,16,-12,16,-11,17,-11,17,-11,17,-11,17,-10,17,-10,17,-11,17,-11,18,-11,17,-11,17,-11,17,-11,17,-11,17,-11,16,-12,16,-12,15,-13,14,-4,3,0,0,0,0,0,0,0,0,0,0,0,0,0,0,0,0,0,0,-2,2,-7,11,-7,11,-8,10,-9,10,-10,11,-11,11,-11,11,-11,12,-12,13,-12,13,-13,12,-13,13,-13,13,-14,13,-14,13,-14,13,-14,13,-15,13,-15,14,-15,14,-15,14,-15,15,-15,15,-15,16,-15,16,-15,16]"
CSI_DATA,45246,d8:b1:90:db:e8:90,-51,11,1,7,0,0,1,0,0,0,1,-94,0,8,0,707603681,0,100,0,128,1,"[100,-64,5,0,-17,-16,-17,-16,-17,-15,-17,-15,-17,-14,-17,-14,-17,-13,-17,-13,-18,-12,-18,-12,-18,-11,-19,-11,-19,-11,-18,-11,-18,-11,-19,-11,-18,-11,-18,-11,-18,-12,-17,-12,-17,-12,-16,-12,-15,-12,-13,-13,-12,-13,-3,-4,0,0,0,0,0,0,0,0,0,0,0,0,0,0,0,0,0,0,-3,-2,-11,-8,-11,-9,-11,-10,-11,-10,-11,-11,-12,-11,-12,-12,-12,-12,-12,-13,-13,-14,-13,-14,-13,-14,-13,-15,-13,-15,-13,-16,-13,-16,-13,-16,-14,-15,-14,-15,-15,-15,-15,-15,-16,-16,-16,-15,-17,-15,-17,-15,-16,-16]"
CSI_DATA,45247,d8:b1:90:db:e8:90,-51,11,1,7,0,0,1,0,0,0,1,-94,0,8,0,707615315,0,100,0,128,1,"[100,-64,5,0,10,22,10,22,10,22,11,21,11,21,11,20,12,20,13,19,13,19,13,19,13,18,13,18,14,18,14,18,14,18,14,18,14,18,14,18,14,18,13,18,13,18,12,18,10,18,8,18,7,18,1,4,0,0,0,0,0,0,0,0,0,0,0,0,0,0,0,0,0,0,1,3,6,13,6,13,5,14,5,14,5,15,5,16,5,16,5,17,5,18,5,19,4,19,4,20,4,20,4,21,4,21,5,21,5,21,6,21,7,21,8,22,8,22,8,22,9,22,9,23,9,23,9,22]"
CSI_DATA,45248,d8:b1:90:db:e8:90,-51,11,1,7,0,0,1,0,0,0,1,-94,0,8,0,707627169,0,100,0,128,1,"[100,-64,5,0,-24,-5,-24,-5,-24,-5,-24,-4,-24,-4,-23,-4,-23,-3,-23,-3,-23,-2,-23,-2,-24,-1,-24,-1,-24,0,-24,0,-24,0,-24,-1,-24,-1,-24,-1,-23,-2,-23,-1,-23,-1,-23,-2,-23,-3,-22,-4,-22,-5,-6,-2,0,0,0,0,0,0,0,0,0,0,0,0,0,0,0,0,0,0,-4,-1,-15,-2,-15,-3,-16,-3,-16,-4,-17,-4,-17,-5,-17,-5,-18,-5,-18,-6,-19,-7,-19,-7,-19,-8,-19,-8,-20,-8,-20,-8,-20,-8,-21,-8,-21,-8,-22,-8,-22,-8,-22,-8,-23,-7,-23,-7,-23,-7,-23,-7,-23,-7]"
CSI_DATA,45249,d8:b1:90:db:e8:90,-51,11,1,7,0,0,1,0,0,0,1,-94,0,8,0,707643218,0,100,0,128,1,"[100,-64,5,0,-9,23,-9,23,-8,22,-8,22,-8,22,-8,22,-7,22,-6,22,-6,22,-5,22,-5,22,-5,22,-5,23,-5,23,-5,23,-5,23,-5,23,-5,23,-6,22,-6,22,-6,21,-7,21,-7,20,-8,20,-9,20,-3,5,0,0,0,0,0,0,0,0,0,0,0,0,0,0,0,0,0,0,-1,3,-4,13,-4,14,-5,14,-5,14,-6,15,-6,16,-7,16,-8,17,-8,17,-9,18,-9,18,-10,18,-10,18,-10,18,-10,18,-10,19,-10,19,-10,19,-9,20,-9,21,-9,21,-9,21,-8,21,-8,22,-8,22,-8,22]"
CSI_DATA,45250,d8:b1:90:db:e8:90,-51,11,1,7,0,0,1,0,0,0,1,-94,0,8,0,707653479,0,100,0,128,1,"[100,-64,5,0,23,7,23,7,23,7,23,7,23,6,22,6,22,5,22,5,22,4,22,4,22,3,22,3,23,3,23,4,23,4,23,3,23,4,23,4,22,4,22,4,21,4,21,5,21,6,20,7,20,8,5,2,0,0,0,0,0,0,0,0,0,0,0,0,0,0,0,0,0,0,3,0,14,2,14,3,14,3,15,4,15,4,16,5,17,5,17,6,18,6,18,7,18,8,18,8,18,8,18,9,19,8,19,8,19,8,20,8,21,8,21,7,21,7,22,7,22,7,22,7,22,7,23,7]"
CSI_DATA,45251,d8:b1:90:db:e8:90,-52,11,1,7,0,0,1,0,0,0,1,-94,0,8,0,707673996,0,100,0,128,1,"[100,-64,5,0,-18,13,-18,13,-17,13,-17,13,-16,14,-16,14,-15,14,-15,14,-15,14,-14,14,-14,15,-14,15,-14,15,-14,15,-14,15,-14,15,-13,15,-13,15,-13,14,-14,14,-14,14,-14,13,-15,13,-15,12,-16,11,-4,2,0,0,0,0,0,0,0,0,0,0,0,0,0,0,0,0,0,0,-3,2,-10,9,-11,8,-11,7,-12,8,-13,9,-14,9,-15,9,-15,8,-15,8,-16,7,-16,8,-17,9,-17,9,-17,9,-17,9,-17,9,-17,9,-17,9,-17,10,-17,10,-17,10,-18,11,-18,11,-18,11,-18,11,-18,11]"
CSI_DATA,45252,d8:b1:90:db:e8:90,-51,11,1,7,0,0,1,0,0,0,1,-94,0,8,0,707706955,0,100,0,128,1,"[100,-64,5,0,-21,-13,-21,-13,-20,-12,-21,-12,-21,-11,-21,-11,-21,-10,-21,-9,-21,-9,-21,-8,-22,-8,-22,-7,-22,-7,-22,-7,-22,-7,-22,-7,-22,-7,-21,-7,-21,-7,-21,-7,-21,-8,-21,-8,-20,-9,-20,-9,-20,-10,-5,-3,0,0,0,0,0,0,0,0,0,0,0,0,0,0,0,0,0,0,-4,-2,-13,-6,-13,-7,-13,-8,-13,-8,-13,-9,-14,-10,-14,-11,-15,-11,-15,-12,-15,-13,-15,-13,-15,-14,-15,-14,-15,-15,-16,-14,-16,-14,-16,-14,-16,-14,-17,-15,-17,-15,-18,-14,-18,-14,-19,-14,-19,-14,-19,-14,-19,-14]"
CSI_DATA,45253,d8:b1:90:db:e8:90,-51,11,1,7,0,0,1,0,0,0,1,-94,0,8,0,707718199,0,100,0,128,1,"[100,-64,5,0,20,7,20,7,20,6,19,6,19,6,19,5,19,5,19,4,20,3,20,3,20,2,20,2,20,2,20,2,20,2,20,2,20,3,20,3,19,3,20,4,20,4,19,4,19,4,18,5,18,6,4,1,0,0,0,0,0,0,0,0,0,0,0,0,0,0,0,0,0,0,3,0,12,2,12,2,13,3,13,4,13,4,13,5,14,5,14,6,14,6,15,7,15,7,16,7,16,8,17,8,17,8,17,9,17,9,18,8,18,8,18,8,18,8,19,8,19,7,20,7,20,7,20,7]"
CSI_DATA,45254,d8:b1:90:db:e8:90,-51,11,1,7,0,0,1,0,0,0,1,-94,0,8,0,707733256,0,100,0,128,1,"[100,-64,5,0,21,-5,21,-5,20,-5,20,-6,20,-6,20,-6,19,-6,19,-7,19,-8,18,-9,18,-9,18,-9,18,-9,18,-9,19,-9,19,-9,19,-8,19,-8,19,-8,19,-8,19,-7,19,-7,19,-7,19,-6,19,-5,4,-1,0,0,0,0,0,0,0,0,0,0,0,0,0,0,0,0,0,0,3,-2,12,-5,12,-5,13,-4,13,-4,14,-4,14,-4,15,-3,15,-3,16,-3,17,-3,17,-3,18,-3,18,-3,19,-2,19,-2,20,-2,20,-2,20,-3,20,-3,20,-3,21,-3,21,-3,21,-4,21,-5,21,-5,21,-5]"
CSI_DATA,45255,d8:b1:90:db:e8:90,-51,11,1,7,0,0,1,0,0,0,1,-94,0,8,0,707753976,0,100,0,128,1,"[100,-64,5,0,-21,-14,-21,-14,-21,-13,-21,-13,-21,-13,-21,-12,-21,-12,-21,-11,-21,-11,-21,-10,-22,-10,-23,-10,-23,-10,-22,-10,-22,-10,-22,-10,-22,-11,-22,-11,-21,-11,-21,-12,-21,-12,-20,-12,-20,-13,-19,-14,-18,-14,-5,-4,0,0,0,0,0,0,0,0,0,0,0,0,0,0,0,0,0,0,-4,-2,-13,-9,-13,-9,-13,-10,-13,-10,-13,-11,-13,-11,-14,-11,-15,-12,-15,-13,-15,-14,-15,-14,-15,-15,-16,-16,-16,-16,-16,-16,-16,-16,-16,-16,-17,-16,-17,-16,-18,-16,-18,-16,-19,-16,-19,-15,-20,-15,-20,-15,-21,-15]"
CSI_DATA,45256,d8:b1:90:db:e8:90,-52,11,1,7,0,0,1,0,0,0,1,-94,0,8,0,707774757,0,100,0,128,1,"[100,-64,5,0,14,-15,14,-15,14,-15,14,-16,14,-16,14,-16,13,-16,12,-16,11,-16,11,-16,11,-17,11,-17,11,-17,11,-17,11,-17,11,-17,11,-17,11,-17,11,-17,11,-17,11,-16,12,-15,12,-15,12,-14,13,-14,3,-4,0,0,0,0,0,0,0,0,0,0,0,0,0,0,0,0,0,0,1,-3,6,-11,7,-11,9,-10,9,-10,9,-10,9,-10,10,-10,10,-11,11,-11,13,-12,13,-12,13,-12,13,-12,14,-12,14,-12,14,-12,14,-12,14,-13,15,-13,15,-13,15,-14,15,-14,15,-14,15,-14,15,-15,15,-15]"
CSI_DATA,45257,d8:b1:90:db:e8:90,-51,11,1,7,0,0,1,0,0,0,1,-94,0,8,0,707809578,0,100,0,128,1,"[100,-64,5,0,-21,-8,-21,-8,-21,-7,-20,-7,-20,-6,-20,-6,-20,-5,-21,-4,-21,-4,-21,-3,-21,-3,-21,-3,-21,-2,-21,-3,-21,-3,-21,-3,-21,-3,-20,-3,-20,-4,-20,-4,-19,-4,-19,-4,-19,-5,-18,-6,-18,-7,-5,-2,0,0,0,0,0,0,0,0,0,0,0,0,0,0,0,0,0,0,-3,-1,-13,-4,-13,-5,-13,-5,-14,-6,-14,-6,-14,-7,-15,-7,-16,-8,-16,-8,-16,-9,-17,-9,-17,-9,-17,-9,-17,-9,-17,-9,-18,-9,-18,-9,-18,-9,-19,-9,-19,-9,-19,-9,-19,-9,-20,-8,-20,-8,-20,-8,-20,-8]"
CSI_DATA,45258,d8:b1:90:db:e8:90,-51,11,1,7,0,0,1,0,0,0,1,-94,0,8,0,707825809,0,100,0,128,1,"[100,-64,5,0,16,17,16,17,16,17,16,16,17,15,17,15,17,14,18,14,18,13,18,13,19,13,19,12,19,12,19,13,19,13,19,13,18,13,18,13,17,13,17,13,16,13,16,14,15,14,13,15,12,16,3,4,0,0,0,0,0,0,0,0,0,0,0,0,0,0,0,0,0,0,2,2,10,9,10,9,11,10,11,10,11,11,11,12,12,13,12,14,12,15,12,15,13,15,13,15,13,16,13,16,13,16,13,16,13,16,13,16,14,16,14,17,14,17,15,17,15,17,16,17,16,17,16,17]"
CSI_DATA,45259,d8:b1:90:db:e8:90,-51,11,1,7,0,0,1,0,0,0,1,-94,0,8,0,707837600,0,100,0,128,1,"[100,-64,5,0,18,-16,18,-16,18,-16,18,-17,17,-17,16,-17,16,-18,15,-18,15,-18,14,-18,14,-18,14,-18,14,-18,14,-19,14,-19,14,-19,14,-19,14,-18,14,-18,14,-18,15,-17,15,-16,15,-16,16,-15,16,-14,4,-4,0,0,0,0,0,0,0,0,0,0,0,0,0,0,0,0,0,0,2,-3,10,-11,10,-11,11,-11,11,-12,12,-12,13,-12,14,-12,15,-12,15,-12,16,-12,17,-12,17,-12,18,-12,18,-12,18,-12,18,-12,18,-12,18,-13,19,-13,19,-13,19,-14,19,-14,18,-15,18,-15,19,-16,19,-16]"
CSI_DATA,45260,d8:b1:90:db:e8:90,-51,11,1,7,0,0,1,0,0,0,1,-94,0,8,0,707848501,0,100,0,128,1,"[100,-64,5,0,-17,13,-17,13,-17,13,-17,14,-16,14,-16,14,-15,14,-15,14,-14,14,-14,14,-14,15,-14,15,-14,15,-14,15,-14,15,-14,15,-14,15,-14,15,-14,14,-14,14,-15,13,-15,12,-15,12,-15,11,-15,11,-4,2,0,0,0,0,0,0,0,0,0,0,0,0,0,0,0,0,0,0,-3,2,-9,9,-10,9,-10,9,-11,9,-11,10,-12,10,-13,10,-14,10,-14,10,-15,10,-16,10,-16,10,-16,10,-17,10,-17,10,-17,10,-17,10,-17,10,-17,11,-17,11,-18,11,-18,12,-18,12,-18,13,-18,13,-17,13]"
CSI_DATA,45261,d8:b1:90:db:e8:90,-51,11,1,7,0,0,1,0,0,0,1,-94,0,8,0,707861169,0,100,0,128,1,"[100,-64,5,0,19,-8,19,-8,19,-8,19,-9,18,-9,18,-9,18,-10,18,-10,17,-10,17,-11,17,-11,17,-11,17,-11,17,-11,17,-11,17,-11,17,-11,17,-11,17,-10,17,-10,17,-9,17,-9,17,-8,17,-7,18,-6,4,-2,0,0,0,0,0,0,0,0,0,0,0,0,0,0,0,0,0,0,2,-2,11,-7,12,-6,12,-6,13,-6,14,-5,14,-5,14,-5,15,-5,16,-5,16,-4,16,-4,17,-4,17,-4,18,-4,18,-4,18,-4,18,-5,19,-5,19,-5,19,-6,20,-6,20,-6,19,-7,19,-7,19,-7,20,-7]"
CSI_DATA,45262,d8:b1:90:db:e8:90,-51,11,1,7,0,0,1,0,0,0,1,-94,0,8,0,707872388,0,100,0,128,1,"[100,-64,5,0,-6,-21,-6,-21,-6,-21,-6,-21,-6,-20,-7,-20,-7,-20,-8,-19,-8,-19,-8,-19,-9,-19,-9,-19,-9,-19,-9,-19,-9,-19,-9,-19,-9,-19,-9,-19,-8,-19,-8,-19,-7,-18,-7,-18,-6,-18,-5,-19,-4,-19,-1,-5,0,0,0,0,0,0,0,0,0,0,0,0,0,0,0,0,0,0,-1,-4,-4,-13,-4,-14,-4,-15,-4,-15,-4,-14,-3,-14,-2,-15,-2,-16,-2,-17,-3,-18,-2,-18,-2,-18,-1,-19,-1,-19,-2,-19,-2,-19,-2,-19,-2,-20,-3,-21,-3,-21,-3,-21,-3,-21,-4,-21,-4,-21,-4,-21,-4,-22]"
CSI_DATA,45263,d8:b1:90:db:e8:90,-51,11,1,7,0,0,1,0,0,0,1,-94,0,8,0,707882932,0,100,0,128,1,"[100,-64,5,0,14,-16,14,-16,14,-16,14,-16,13,-16,13,-16,13,-16,12,-16,11,-16,11,-17,11,-17,11,-17,11,-17,11,-17,11,-17,11,-17,11,-17,11,-16,11,-16,11,-16,12,-16,12,-15,12,-15,13,-14,13,-14,3,-4,0,0,0,0,0,0,0,0,0,0,0,0,0,0,0,0,0,0,2,-4,8,-12,8,-10,7,-11,7,-11,8,-10,10,-11,11,-11,12,-11,12,-11,12,-11,13,-12,13,-12,14,-12,14,-13,14,-13,14,-13,14,-14,14,-14,14,-14,14,-14,14,-14,14,-14,14,-15,14,-15,15,-16,15,-16]"
CSI_DATA,45264,d8:b1:90:db:e8:90,-51,11,1,7,0,0,1,0,0,0,1,-94,0,8,0,707908263,0,100,0,128,1,"[100,-64,5,0,17,-16,17,-17,17,-17,17,-17,16,-17,16,-17,15,-17,15,-17,14,-17,14,-18,14,-18,13,-19,13,-19,13,-19,14,-19,14,-19,14,-19,14,-18,14,-18,14,-18,14,-17,14,-17,15,-16,15,-15,15,-14,4,-4,0,0,0,0,0,0,0,0,0,0,0,0,0,0,0,0,0,0,2,-3,9,-11,10,-11,10,-11,11,-11,12,-11,13,-12,14,-12,14,-12,15,-12,16,-12,16,-11,16,-11,17,-11,17,-11,17,-12,17,-12,18,-12,18,-13,18,-14,18,-14,18,-15,18,-15,18,-15,18,-15,18,-15,18,-15]"
CSI_DATA,45265,d8:b1:90:db:e8:90,-52,11,1,7,0,0,1,0,0,0,1,-94,0,8,0,707919849,0,100,0,128,1,"[100,-64,5,0,10,21,10,21,10,21,10,20,10,20,10,20,11,19,12,19,13,19,13,18,13,18,13,18,13,17,13,18,13,18,13,18,12,18,12,18,12,18,12,18,11,18,11,18,10,18,9,18,9,18,2,4,0,0,0,0,0,0,0,0,0,0,0,0,0,0,0,0,0,0,1,3,6,12,6,13,6,13,6,13,5,14,5,15,6,16,6,17,6,18,6,18,6,19,6,19,6,19,6,20,6,20,5,20,6,20,6,20,7,20,8,20,8,20,8,21,9,21,9,21,9,21,9,21]"
CSI_DATA,45266,d8:b1:90:db:e8:90,-51,11,1,7,0,0,1,0,0,0,1,-94,0,8,0,707934291,0,100,0,128,1,"[100,-64,5,0,23,3,23,3,23,3,23,3,23,2,22,2,22,1,22,0,23,0,23,0,23,-1,23,-1,22,-2,22,-2,22,-2,22,-1,22,-1,22,-1,21,-1,21,-1,21,0,21,0,21,1,20,2,20,2,5,0,0,0,0,0,0,0,0,0,0,0,0,0,0,0,0,0,0,0,3,0,14,2,14,2,14,2,15,3,15,3,16,4,17,4,18,4,18,5,19,6,19,6,19,6,20,7,20,7,20,7,20,6,20,6,21,6,21,5,21,4,21,4,22,4,22,5,23,5,23,5,23,5]"
CSI_DATA,45267,d8:b1:90:db:e8:90,-51,11,1,7,0,0,1,0,0,0,1,-94,0,8,0,707957782,0,100,0,128,1,"[100,-64,5,0,23,-3,23,-3,23,-3,23,-4,23,-4,23,-4,22,-5,22,-5,21,-6,21,-6,21,-7,21,-7,21,-7,21,-7,21,-7,21,-7,21,-7,21,-6,21,-6,21,-6,21,-6,21,-5,21,-5,21,-4,21,-3,5,-1,0,0,0,0,0,0,0,0,0,0,0,0,0,0,0,0,0,0,3,-1,14,-4,14,-3,14,-2,15,-2,15,-2,16,-1,17,-1,18,-1,18,0,19,0,20,0,20,0,20,1,21,1,21,1,21,1,21,1,21,0,22,-1,23,-2,23,-2,23,-2,23,-2,23,-2,23,-2,24,-2]"
CSI_DATA,45268,d8:b1:90:db:e8:90,-51,11,1,7,0,0,1,0,0,0,1,-94,0,8,0,707974491,0,100,0,128,1,"[100,-64,5,0,21,-2,21,-2,21,-2,21,-3,20,-3,20,-4,20,-4,19,-4,19,-5,19,-5,19,-6,19,-7,19,-7,19,-7,19,-7,19,-6,19,-6,19,-6,19,-5,18,-5,18,-4,18,-4,18,-3,18,-2,19,-1,4,-1,0,0,0,0,0,0,0,0,0,0,0,0,0,0,0,0,0,0,3,-1,12,-4,12,-3,13,-3,13,-3,14,-2,13,-2,14,-1,16,-1,16,-2,17,-2,18,-1,18,-1,18,0,18,0,18,0,18,0,19,-1,19,-1,19,-1,20,-1,20,-1,20,-2,20,-2,20,-2,21,-2,21,-2]"
CSI_DATA,45269,d8:b1:90:db:e8:90,-51,11,1,7,0,0,1,0,0,0,1,-94,0,8,0,707984586,0,100,0,128,1,"[100,-64,5,0,-17,13,-17,13,-17,13,-16,13,-15,14,-15,14,-14,14,-14,15,-13,15,-13,15,-13,15,-13,16,-13,16,-13,16,-13,16,-13,16,-13,15,-13,15,-13,15,-14,14,-14,14,-14,13,-15,12,-15,12,-16,11,-4,2,0,0,0,0,0,0,0,0,0,0,0,0,0,0,0,0,0,0,-2,2,-9,7,-11,7,-10,7,-10,7,-11,6,-12,7,-13,8,-13,8,-14,8,-16,8,-16,9,-16,9,-16,9,-16,9,-17,9,-17,9,-17,9,-17,10,-17,11,-17,12,-17,12,-17,12,-17,13,-17,13,-17,13,-17,13]"
CSI_DATA,45270,d8:b1:90:db:e8:90,-51,11,1,7,0,0,1,0,0,0,1,-94,0,8,0,708013605,0,100,0,128,1,"[100,-64,5,0,2,-24,2,-24,1,-24,1,-24,0,-24,0,-24,-1,-24,-1,-23,-2,-23,-2,-23,-3,-23,-4,-23,-4,-23,-4,-23,-4,-23,-4,-23,-3,-23,-3,-23,-3,-23,-2,-23,-2,-23,-1,-22,0,-22,0,-22,1,-22,0,-6,0,0,0,0,0,0,0,0,0,0,0,0,0,0,0,0,0,0,0,-4,0,-15,0,-16,0,-16,0,-17,1,-17,1,-18,1,-18,2,-19,2,-20,3,-20,3,-20,3,-21,4,-21,4,-22,4,-22,4,-22,4,-22,4,-22,4,-23,3,-23,3,-23,3,-24,2,-24,2,-24,2,-24,2,-24]"
CSI_DATA,45271,d8:b1:90:db:e8:90,-52,11,1,7,0,0,1,0,0,0,1,-94,0,8,0,708026550,0,100,0,128,1,"[100,-64,5,0,-20,-14,-20,-14,-20,-14,-20,-13,-20,-13,-20,-12,-20,-12,-20,-11,-20,-11,-20,-10,-21,-10,-21,-9,-21,-9,-21,-9,-21,-10,-21,-10,-21,-10,-20,-11,-20,-11,-20,-11,-19,-11,-19,-11,-19,-11,-18,-12,-18,-13,-5,-4,0,0,0,0,0,0,0,0,0,0,0,0,0,0,0,0,0,0,-4,-2,-13,-8,-13,-8,-13,-9,-14,-9,-14,-10,-14,-10,-14,-11,-14,-12,-15,-13,-15,-13,-16,-13,-16,-14,-16,-14,-16,-15,-16,-15,-16,-14,-17,-14,-17,-15,-17,-15,-17,-15,-17,-15,-18,-15,-19,-15,-19,-14,-19,-15,-19,-15]"
CSI_DATA,45272,d8:b1:90:db:e8:90,-52,11,1,7,0,0,1,0,0,0,1,-94,0,8,0,708037638,0,100,0,128,1,"[100,-64,5,0,22,-6,22,-6,22,-6,22,-7,21,-7,21,-8,21,-8,20,-9,20,-9,20,-9,20,-9,19,-10,19,-10,19,-10,20,-10,20,-10,20,-10,20,-10,20,-9,20,-9,20,-9,20,-8,20,-7,20,-6,20,-5,5,-2,0,0,0,0,0,0,0,0,0,0,0,0,0,0,0,0,0,0,3,-2,13,-5,14,-5,14,-5,14,-5,15,-4,16,-4,17,-4,18,-4,18,-3,19,-3,19,-3,20,-3,20,-3,20,-3,20,-3,20,-3,21,-3,21,-3,21,-3,21,-4,21,-4,22,-4,22,-4,22,-4,23,-4,23,-4]"
CSI_DATA,45273,d8:b1:90:db:e8:90,-51,11,1,7,0,0,1,0,0,0,1,-94,0,8,0,708052342,0,100,0,128,1,"[100,-64,5,0,-5,-25,-5,-24,-5,-24,-5,-24,-6,-23,-6,-23,-7,-23,-8,-22,-8,-22,-9,-22,-9,-22,-9,-22,-10,-21,-10,-22,-10,-22,-10,-22,-10,-22,-9,-22,-9,-22,-9,-22,-9,-21,-8,-21,-7,-21,-6,-22,-5,-22,-2,-6,0,0,0,0,0,0,0,0,0,0,0,0,0,0,0,0,0,0,-2,-4,-6,-14,-6,-14,-5,-15,-5,-16,-5,-17,-4,-18,-4,-18,-4,-19,-4,-20,-3,-21,-3,-21,-3,-22,-2,-22,-2,-22,-2,-22,-2,-22,-2,-22,-3,-23,-3,-23,-4,-24,-4,-24,-4,-24,-4,-24,-4,-25,-4,-25,-4,-24]"
CSI_DATA,45274,d8:b1:90:db:e8:90,-51,11,1,7,0,0,1,0,0,0,1,-94,0,8,0,708064033,0,100,0,128,1,"[100,-64,5,0,8,-23,8,-23,7,-23,7,-23,6,-23,6,-23,5,-23,4,-23,4,-23,4,-23,3,-23,3,-23,3,-23,2,-23,2,-23,2,-23,2,-23,2,-23,2,-23,3,-22,3,-22,4,-21,5,-21,6,-21,7,-21,1,-6,0,0,0,0,0,0,0,0,0,0,0,0,0,0,0,0,0,0,0,-4,2,-15,3,-15,3,-16,4,-16,5,-16,5,-17,5,-17,6,-17,7,-18,8,-18,8,-18,9,-18,10,-19,10,-19,9,-19,9,-19,9,-20,9,-20,9,-21,9,-21,8,-22,9,-22,9,-22,9,-22,9,-22,9,-22]"
CSI_DATA,45275,d8:b1:90:db:e8:90,-51,11,1,7,0,0,1,0,0,0,1,-94,0,8,0,708082598,0,100,0,128,1,"[100,-64,5,0,2,28,2,28,3,28,4,27,5,27,5,26,6,26,6,25,6,25,6,25,6,25,7,25,7,25,7,25,7,25,7,25,7,25,7,25,6,25,6,25,5,25,3,25,2,25,1,25,0,25,0,6,0,0,0,0,0,0,0,0,0,0,0,0,0,0,0,0,0,0,0,3,1,15,2,16,3,18,2,19,2,18,2,20,1,22,0,23,-1,24,-1,24,-1,24,-2,24,-3,25,-2,25,-2,25,-2,26,-2,26,-1,26,-1,26,0,26,0,27,1,27,1,28,1,28,1,28,1,28]"
CSI_DATA,45276,d8:b1:90:db:e8:90,-51,11,1,7,0,0,1,0,0,0,1,-94,0,8,0,708116739,0,100,0,128,1,"[100,-64,5,0,15,15,15,15,15,14,15,14,15,14,16,13,16,13,16,13,16,13,16,12,16,11,16,11,17,11,17,11,17,11,17,11,17,11,17,11,16,11,16,11,16,12,15,12,15,12,14,13,13,14,3,3,0,0,0,0,0,0,0,0,0,0,0,0,0,0,0,0,0,0,2,2,9,8,9,9,10,9,10,9,10,10,10,11,10,11,11,12,11,13,11,14,11,14,11,14,11,14,11,15,11,15,11,15,11,15,12,15,12,15,13,15,13,15,13,16,14,16,14,16,14,16,14,15]"
CSI_DATA,45277,d8:b1:90:db:e8:90,-52,11,1,7,0,0,1,0,0,0,1,-94,0,8,0,708127304,0,100,0,128,1,"[100,-64,5,0,15,-18,16,-18,15,-18,14,-19,13,-18,12,-18,12,-19,12,-19,12,-19,12,-20,11,-20,10,-20,9,-20,9,-20,9,-21,9,-21,9,-21,9,-20,9,-20,9,-20,10,-19,11,-19,11,-18,12,-18,13,-18,3,-5,0,0,0,0,0,0,0,0,0,0,0,0,0,0,0,0,0,0,1,-4,7,-13,7,-13,8,-13,9,-13,10,-13,11,-13,11,-13,12,-13,13,-13,14,-13,15,-13,15,-13,15,-13,16,-13,15,-14,15,-14,16,-15,16,-15,16,-15,16,-15,16,-16,16,-16,16,-16,16,-17,16,-17,16,-17]"
CSI_DATA,45278,d8:b1:90:db:e8:90,-52,11,1,7,0,0,1,0,0,0,1,-94,0,8,0,708143362,0,100,0,128,1,"[100,-64,5,0,23,-7,22,-7,22,-7,22,-8,21,-8,21,-8,21,-9,21,-9,20,-10,20,-10,20,-11,19,-12,18,-12,18,-12,19,-12,19,-12,19,-12,19,-12,19,-11,19,-11,19,-10,19,-10,20,-9,20,-8,21,-7,5,-2,0,0,0,0,0,0,0,0,0,0,0,0,0,0,0,0,0,0,2,-2,11,-8,12,-7,13,-7,14,-7,15,-7,15,-6,16,-6,17,-5,18,-5,18,-5,19,-4,19,-4,20,-4,20,-4,20,-4,20,-5,21,-5,21,-5,21,-5,22,-5,22,-5,22,-5,22,-6,22,-6,22,-6,23,-6]"
CSI_DATA,45279,d8:b1:90:db:e8:90,-51,11,1,7,0,0,1,0,0,0,1,-94,0,8,0,708162122,0,100,0,128,1,"[100,-64,5,0,-22,-11,-21,-11,-22,-11,-22,-10,-22,-9,-22,-8,-22,-8,-22,-7,-22,-7,-22,-7,-22,-6,-22,-5,-22,-5,-22,-5,-22,-5,-23,-5,-23,-6,-22,-6,-22,-7,-22,-7,-22,-7,-21,-8,-21,-9,-20,-9,-20,-11,-5,-3,0,0,0,0,0,0,0,0,0,0,0,0,0,0,0,0,0,0,-4,-2,-14,-5,-14,-6,-14,-7,-15,-8,-15,-9,-15,-9,-16,-9,-16,-10,-16,-11,-17,-12,-17,-12,-17,-13,-17,-13,-18,-13,-18,-13,-18,-13,-18,-13,-19,-13,-19,-13,-19,-13,-19,-13,-20,-13,-21,-12,-21,-12,-21,-12,-21,-12]"
CSI_DATA,45280,d8:b1:90:db:e8:90,-51,11,1,7,0,0,1,0,0,0,1,-94,0,8,0,708182268,0,100,0,128,1,"[100,-64,5,0,-18,23,-17,23,-17,23,-16,23,-15,23,-15,23,-14,23,-12,24,-11,24,-11,24,-11,24,-10,24,-10,25,-10,25,-10,25,-10,25,-10,24,-10,24,-11,24,-11,23,-12,23,-12,22,-13,22,-14,21,-14,21,-4,5,0,0,0,0,0,0,0,0,0,0,0,0,0,0,0,0,0,0,-3,3,-10,15,-9,14,-9,14,-10,16,-11,17,-13,18,-15,17,-15,16,-16,16,-16,17,-15,18,-15,19,-16,19,-17,19,-18,19,-18,19,-18,19,-18,19,-18,20,-18,20,-18,21,-18,21,-17,21,-17,21,-17,21,-18,22]"
CSI_DATA,45281,d8:b1:90:db:e8:90,-51,11,1,7,0,0,1,0,0,0,1,-94,0,8,0,708193897,0,100,0,128,1,"[100,-64,5,0,11,-26,10,-26,10,-26,9,-26,8,-26,8,-26,7,-26,6,-26,6,-26,6,-26,6,-26,5,-26,4,-27,4,-27,4,-27,4,-27,4,-27,5,-27,5,-27,5,-26,5,-26,6,-26,8,-25,9,-25,10,-24,2,-6,0,0,0,0,0,0,0,0,0,0,0,0,0,0,0,0,0,0,1,-5,5,-19,5,-17,6,-16,7,-16,8,-17,9,-18,9,-20,9,-22,10,-22,11,-22,12,-21,12,-21,13,-21,13,-22,13,-22,13,-22,13,-22,13,-23,12,-24,11,-24,11,-25,11,-25,12,-25,12,-25,12,-25,12,-25]"
CSI_DATA,45282,d8:b1:90:db:e8:90,-51,11,1,7,0,0,1,0,0,0,1,-94,0,8,0,708216958,0,100,0,128,1,"[100,-64,5,0,-17,-16,-17,-16,-17,-15,-17,-15,-17,-14,-17,-14,-17,-13,-18,-13,-18,-12,-18,-11,-19,-11,-19,-11,-19,-11,-19,-11,-19,-11,-19,-11,-19,-11,-19,-12,-18,-12,-18,-12,-18,-12,-17,-12,-17,-12,-17,-13,-16,-14,-4,-4,0,0,0,0,0,0,0,0,0,0,0,0,0,0,0,0,0,0,-3,-2,-11,-8,-11,-9,-11,-10,-12,-11,-12,-11,-12,-12,-12,-12,-12,-13,-12,-13,-12,-14,-12,-14,-13,-15,-13,-15,-13,-15,-13,-16,-14,-16,-14,-16,-14,-16,-14,-16,-14,-16,-15,-16,-15,-16,-15,-16,-16,-15,-16,-16,-16,-16]"
CSI_DATA,45283,d8:b1:90:db:e8:90,-52,11,1,7,0,0,1,0,0,0,1,-94,0,8,0,708231044,0,100,0,128,1,"[100,-64,5,0,2,23,2,23,3,23,3,23,4,22,4,22,4,21,5,21,5,21,5,21,6,21,6,21,6,21,6,21,6,21,7,21,6,21,6,21,6,21,5,21,5,21,4,21,3,21,2,21,1,21,0,5,0,0,0,0,0,0,0,0,0,0,0,0,0,0,0,0,0,0,1,3,3,13,3,13,3,14,2,15,2,15,1,16,1,17,1,17,1,18,1,19,0,19,0,20,-1,20,-1,21,0,21,0,21,0,21,0,22,0,22,0,22,1,22,1,22,1,23,1,22,1,23,1,23]"
CSI_DATA,45284,d8:b1:90:db:e8:90,-52,11,1,7,0,0,1,0,0,0,1,-94,0,8,0,708242695,0,100,0,128,1,"[100,-64,5,0,-11,21,-11,21,-11,21,-10,21,-9,20,-9,20,-8,20,-8,20,-8,20,-7,20,-7,20,-7,21,-7,21,-7,21,-7,21,-7,21,-6,21,-7,21,-7,21,-7,20,-8,20,-8,20,-9,19,-10,19,-11,19,-3,4,0,0,0,0,0,0,0,0,0,0,0,0,0,0,0,0,0,0,-2,3,-5,13,-6,13,-6,13,-7,13,-8,13,-8,14,-9,15,-9,15,-10,15,-11,16,-12,16,-12,16,-13,16,-13,16,-13,17,-13,17,-13,17,-12,18,-12,18,-12,18,-12,18,-12,19,-12,19,-12,19,-12,20,-12,20]"
CSI_DATA,45285,d8:b1:90:db:e8:90,-51,11,1,7,0,0,1,0,0,0,1,-94,0,8,0,708255763,0,100,0,128,1,"[100,-64,5,0,-14,21,-14,20,-13,20,-13,20,-12,20,-12,20,-11,20,-10,20,-10,20,-10,20,-10,21,-9,21,-9,21,-8,21,-9,22,-9,22,-9,21,-9,21,-9,21,-9,20,-9,20,-10,19,-11,19,-11,19,-12,18,-4,4,0,0,0,0,0,0,0,0,0,0,0,0,0,0,0,0,0,0,-2,3,-7,12,-7,12,-8,13,-9,13,-9,13,-10,14,-11,14,-11,14,-12,14,-13,15,-13,15,-13,15,-14,15,-14,16,-14,16,-14,17,-14,17,-14,17,-14,17,-14,18,-14,18,-14,19,-14,19,-14,19,-14,19,-14,19]"
CSI_DATA,45286,d8:b1:90:db:e8:90,-51,11,1,7,0,0,1,0,0,0,1,-94,0,8,0,708267733,0,100,0,128,1,"[100,-64,5,0,-4,-25,-4,-25,-4,-25,-5,-24,-5,-24,-5,-24,-6,-23,-6,-23,-7,-23,-7,-23,-8,-23,-8,-22,-9,-22,-9,-22,-9,-23,-9,-23,-8,-23,-8,-23,-8,-23,-8,-22,-7,-22,-6,-22,-6,-22,-5,-22,-4,-22,-1,-6,0,0,0,0,0,0,0,0,0,0,0,0,0,0,0,0,0,0,-1,-4,-3,-14,-3,-15,-3,-16,-3,-16,-2,-17,-2,-18,-2,-18,-1,-19,-1,-19,0,-20,0,-20,0,-21,0,-21,0,-22,-1,-22,-1,-22,-1,-22,-2,-23,-2,-23,-2,-23,-2,-24,-2,-24,-3,-24,-3,-24,-3,-24,-3,-25]"
CSI_DATA,45287,d8:b1:90:db:e8:90,-52,11,1,7,0,0,1,0,0,0,1,-94,0,8,0,708283764,0,100,0,128,1,"[100,-64,5,0,16,16,16,16,16,16,17,15,17,14,17,14,17,13,18,13,18,12,18,12,18,11,18,10,19,10,19,10,20,10,20,10,20,10,20,10,19,10,19,10,18,11,17,11,16,12,16,13,15,14,3,3,0,0,0,0,0,0,0,0,0,0,0,0,0,0,0,0,0,0,2,1,10,7,10,8,11,9,11,9,12,11,12,12,12,13,12,13,12,14,12,15,12,15,11,15,11,16,11,16,12,16,12,16,12,16,13,16,13,16,14,16,14,16,15,16,15,17,15,17,15,17,15,17]"
CSI_DATA,45288,d8:b1:90:db:e8:90,-52,11,1,7,0,0,1,0,0,0,1,-94,0,8,0,708295909,0,100,0,128,1,"[100,-64,5,0,16,12,17,12,17,12,17,12,16,11,16,10,17,10,17,9,17,9,17,8,18,8,18,8,18,7,18,8,18,8,18,8,18,8,17,8,17,8,17,9,17,9,16,9,16,10,16,11,15,11,3,3,0,0,0,0,0,0,0,0,0,0,0,0,0,0,0,0,0,0,2,1,11,7,10,7,11,7,11,7,11,6,10,7,10,9,11,10,12,10,13,11,13,12,13,12,12,12,12,12,12,12,13,13,13,13,13,13,14,13,15,13,15,13,16,13,16,13,16,13,16,13,16,13]"
CSI_DATA,45289,d8:b1:90:db:e8:90,-51,11,1,7,0,0,1,0,0,0,1,-94,0,8,0,708320191,0,100,0,128,1,"[100,-64,5,0,-2,-25,-2,-25,-2,-25,-2,-25,-2,-24,-2,-24,-3,-24,-4,-24,-5,-24,-5,-23,-6,-23,-6,-23,-6,-23,-6,-24,-6,-24,-6,-24,-6,-24,-6,-24,-5,-23,-4,-23,-4,-23,-3,-23,-2,-23,-2,-22,-1,-22,0,-6,0,0,0,0,0,0,0,0,0,0,0,0,0,0,0,0,0,0,-1,-4,-3,-15,-2,-16,-2,-16,-2,-17,-1,-17,0,-18,0,-18,0,-18,1,-19,1,-20,1,-20,1,-21,2,-21,2,-21,2,-22,2,-22,2,-22,2,-23,2,-23,2,-23,2,-23,1,-24,0,-24,0,-25,0,-25,-1,-25]"
CSI_DATA,45290,d8:b1:90:db:e8:90,-51,11,1,7,0,0,1,0,0,0,1,-94,0,8,0,708331674,0,100,0,128,1,"[100,-64,5,0,-25,2,-25,2,-25,2,-24,3,-24,3,-24,3,-23,4,-23,4,-23,4,-23,5,-23,5,-23,6,-23,6,-23,6,-23,6,-23,6,-23,6,-22,5,-22,4,-23,4,-23,4,-23,3,-23,3,-23,2,-23,1,-6,0,0,0,0,0,0,0,0,0,0,0,0,0,0,0,0,0,0,0,-4,0,-13,3,-14,2,-15,2,-16,1,-16,1,-17,0,-17,0,-18,-1,-19,-1,-19,-1,-20,-1,-21,-1,-21,-1,-21,-2,-22,-1,-23,-1,-23,-1,-23,0,-23,0,-23,1,-23,1,-23,1,-24,2,-24,2,-24,2,-24,2]"
CSI_DATA,45291,d8:b1:90:db:e8:90,-52,11,1,7,0,0,1,0,0,0,1,-94,0,8,0,708346457,0,100,0,128,1,"[100,-64,5,0,-5,23,-4,22,-4,22,-4,23,-4,22,-3,22,-3,22,-2,22,-2,21,-2,21,-1,21,-1,21,-1,22,-1,22,-1,22,-1,22,-1,22,-1,22,-1,22,-2,22,-2,21,-3,21,-4,21,-5,21,-5,21,-2,5,0,0,0,0,0,0,0,0,0,0,0,0,0,0,0,0,0,0,-1,3,-1,13,-2,13,-2,13,-3,14,-4,14,-4,15,-5,15,-5,16,-6,16,-6,17,-7,18,-7,18,-7,18,-7,19,-7,19,-7,20,-7,20,-6,20,-6,20,-5,20,-5,21,-5,21,-5,22,-5,22,-5,22,-5,22]"
CSI_DATA,45292,d8:b1:90:db:e8:90,-51,11,1,7,0,0,1,0,0,0,1,-94,0,8,0,708362199,0,100,0,128,1,"[100,-64,5,0,23,7,23,7,23,7,23,6,23,5,23,4,23,4,22,4,22,3,22,3,22,2,23,1,23,1,23,1,23,1,23,1,23,2,23,2,23,2,22,2,22,3,22,4,21,4,21,5,20,6,5,1,0,0,0,0,0,0,0,0,0,0,0,0,0,0,0,0,0,0,3,0,14,2,14,3,14,4,15,4,15,5,16,5,16,5,17,6,17,7,18,7,18,7,18,8,18,8,18,8,19,8,19,8,20,8,20,8,21,8,21,8,21,8,22,8,22,8,22,7,23,7,23,8]"
CSI_DATA,45293,d8:b1:90:db:e8:90,-51,11,1,7,0,0,1,0,0,0,1,-94,0,8,0,708373028,0,100,0,128,1,"[100,-64,5,0,-13,-20,-13,-19,-13,-19,-13,-19,-13,-18,-13,-17,-13,-17,-14,-17,-15,-16,-15,-16,-16,-15,-16,-15,-17,-15,-17,-15,-17,-15,-17,-15,-17,-15,-16,-15,-16,-15,-15,-15,-15,-15,-15,-15,-14,-15,-13,-16,-13,-16,-3,-4,0,0,0,0,0,0,0,0,0,0,0,0,0,0,0,0,0,0,-3,-3,-9,-10,-9,-11,-9,-12,-9,-13,-9,-13,-9,-14,-9,-14,-9,-14,-9,-15,-9,-16,-9,-17,-9,-18,-9,-18,-9,-18,-9,-18,-9,-18,-10,-18,-10,-19,-10,-19,-10,-19,-10,-19,-11,-19,-11,-19,-11,-19,-11,-19,-11,-20]"
CSI_DATA,45294,d8:b1:90:db:e8:90,-51,11,1,7,0,0,1,0,0,0,1,-94,0,8,0,708392123,0,100,0,128,1,"[100,-64,5,0,20,-8,20,-8,20,-8,19,-8,19,-8,18,-9,18,-9,17,-10,17,-10,17,-10,17,-11,17,-12,17,-12,17,-12,17,-12,17,-12,17,-12,17,-11,17,-11,17,-11,17,-11,17,-10,18,-9,18,-8,18,-8,4,-2,0,0,0,0,0,0,0,0,0,0,0,0,0,0,0,0,0,0,3,-2,12,-6,13,-5,12,-5,12,-5,14,-4,14,-4,15,-5,16,-5,17,-5,17,-4,17,-4,18,-3,18,-3,18,-4,18,-4,18,-4,18,-4,18,-5,18,-6,18,-7,18,-7,19,-7,20,-8,20,-8,20,-8,20,-7]"
CSI_DATA,45295,d8:b1:90:db:e8:90,-52,11,1,7,0,0,1,0,0,0,1,-94,0,8,0,708403280,0,100,0,128,1,"[100,-64,5,0,20,11,20,11,20,11,20,10,20,10,19,9,20,8,20,7,20,7,20,6,20,6,21,5,21,5,22,6,22,6,22,6,21,6,21,7,21,7,21,7,20,7,20,7,20,8,19,9,19,10,4,2,0,0,0,0,0,0,0,0,0,0,0,0,0,0,0,0,0,0,3,1,12,6,12,7,13,7,13,7,13,8,14,8,14,9,15,9,15,10,15,11,15,11,15,12,15,12,16,12,16,12,16,12,17,12,17,12,18,11,18,10,18,10,19,11,20,11,20,11,20,11,20,11]"
CSI_DATA,45296,d8:b1:90:db:e8:90,-51,11,1,7,0,0,1,0,0,0,1,-94,0,8,0,708422910,0,100,0,128,1,"[100,-64,5,0,-16,15,-16,15,-16,15,-16,15,-15,15,-15,15,-14,15,-14,16,-14,16,-14,16,-14,16,-14,16,-13,16,-13,16,-13,17,-14,17,-14,17,-14,16,-14,16,-14,15,-14,15,-14,14,-15,14,-15,13,-16,13,-4,3,0,0,0,0,0,0,0,0,0,0,0,0,0,0,0,0,0,0,-3,2,-10,8,-10,9,-11,9,-11,9,-12,9,-12,9,-13,10,-13,10,-14,9,-15,9,-15,10,-16,10,-16,10,-16,10,-16,10,-17,11,-17,11,-17,11,-17,11,-17,12,-17,12,-16,13,-16,14,-16,14,-16,14,-17,14]"
CSI_DATA,45297,d8:b1:90:db:e8:90,-52,11,1,7,0,0,1,0,0,0,1,-94,0,8,0,708434531,0,100,0,128,1,"[100,-64,5,0,-15,-20,-15,-20,-15,-19,-15,-18,-15,-17,-15,-17,-16,-16,-17,-16,-17,-15,-18,-15,-18,-15,-18,-14,-18,-14,-18,-14,-18,-14,-18,-15,-18,-15,-18,-15,-17,-15,-17,-16,-16,-16,-16,-16,-15,-17,-15,-17,-14,-18,-4,-5,0,0,0,0,0,0,0,0,0,0,0,0,0,0,0,0,0,0,-3,-3,-10,-11,-10,-12,-9,-13,-9,-13,-9,-14,-9,-15,-10,-15,-10,-16,-9,-16,-10,-17,-10,-18,-10,-18,-10,-19,-10,-19,-10,-19,-11,-19,-11,-19,-11,-20,-12,-20,-12,-20,-12,-20,-12,-20,-13,-19,-13,-19,-14,-19,-14,-19]"
CSI_DATA,45298,d8:b1:90:db:e8:90,-51,11,1,7,0,0,1,0,0,0,1,-94,0,8,0,708452266,0,100,0,128,1,"[100,-64,5,0,-24,-1,-24,-1,-24,-1,-24,0,-24,0,-24,0,-23,1,-23,1,-23,2,-23,2,-23,3,-23,4,-23,4,-23,4,-23,4,-23,4,-23,4,-23,4,-23,4,-22,3,-22,3,-22,3,-22,2,-22,1,-23,0,-6,-1,0,0,0,0,0,0,0,0,0,0,0,0,0,0,0,0,0,0,-4,0,-15,2,-15,1,-16,1,-16,0,-17,0,-17,0,-18,-1,-18,-1,-19,-1,-20,-2,-21,-2,-21,-2,-21,-2,-21,-3,-22,-3,-22,-3,-22,-3,-23,-3,-23,-2,-23,-2,-23,-2,-24,-2,-24,-1,-24,-1,-24,-1,-24,-2]"
CSI_DATA,45299,d8:b1:90:db:e8:90,-52,11,1,7,0,0,1,0,0,0,1,-94,0,8,0,708462846,0,100,0,128,1,"[100,-64,5,0,-14,-20,-14,-19,-14,-19,-14,-19,-15,-18,-15,-18,-15,-18,-15,-17,-16,-17,-16,-17,-16,-16,-17,-16,-17,-16,-17,-16,-17,-16,-17,-16,-17,-16,-17,-16,-16,-16,-16,-16,-16,-16,-15,-16,-15,-17,-14,-18,-13,-18,-4,-5,0,0,0,0,0,0,0,0,0,0,0,0,0,0,0,0,0,0,-3,-3,-11,-10,-11,-10,-11,-11,-11,-12,-11,-13,-11,-13,-11,-14,-11,-14,-11,-15,-11,-16,-11,-17,-11,-17,-11,-18,-11,-18,-11,-19,-12,-19,-12,-19,-12,-19,-12,-19,-13,-19,-13,-19,-13,-19,-13,-19,-13,-19,-13,-19,-13,-20]"
CSI_DATA,45300,d8:b1:90:db:e8:90,-51,11,1,7,0,0,1,0,0,0,1,-94,0,8,0,708473240,0,100,0,128,1,"[100,-64,5,0,20,-14,19,-14,19,-14,18,-15,18,-15,17,-15,17,-16,16,-16,16,-17,15,-17,15,-17,15,-17,15,-17,15,-17,15,-17,16,-17,16,-17,16,-17,16,-17,16,-16,16,-16,16,-16,17,-15,17,-14,17,-13,4,-3,0,0,0,0,0,0,0,0,0,0,0,0,0,0,0,0,0,0,2,-3,10,-10,11,-10,11,-10,12,-10,12,-10,13,-10,14,-11,15,-11,16,-11,17,-11,17,-11,18,-11,18,-11,18,-10,19,-10,19,-11,19,-11,19,-11,19,-11,19,-11,19,-11,20,-12,20,-13,20,-13,20,-13,20,-13]"
CSI_DATA,45301,d8:b1:90:db:e8:90,-51,11,1,7,0,0,1,0,0,0,1,-94,0,8,0,708488778,0,100,0,128,1,"[100,-64,5,0,-12,22,-12,22,-11,22,-10,22,-9,22,-9,22,-8,21,-8,21,-7,21,-7,21,-6,21,-6,21,-6,21,-5,22,-5,22,-6,22,-6,22,-6,22,-6,21,-6,21,-7,20,-7,20,-8,20,-9,20,-10,20,-3,5,0,0,0,0,0,0,0,0,0,0,0,0,0,0,0,0,0,0,-1,3,-5,14,-5,14,-6,14,-7,14,-7,15,-8,15,-9,15,-9,15,-10,16,-11,16,-11,16,-12,16,-12,16,-12,17,-12,17,-13,18,-13,18,-13,19,-12,19,-12,19,-12,20,-12,20,-12,20,-12,20,-12,21,-12,21]"
CSI_DATA,45302,d8:b1:90:db:e8:90,-52,11,1,7,0,0,1,0,0,0,1,-94,0,8,0,708504746,0,100,0,128,1,"[100,-64,5,0,20,-1,20,-1,20,-2,20,-3,20,-3,20,-4,19,-4,19,-4,19,-5,19,-5,18,-5,18,-6,18,-6,18,-6,18,-6,19,-6,19,-5,19,-5,18,-5,18,-5,18,-5,18,-4,18,-3,18,-2,18,-2,4,-1,0,0,0,0,0,0,0,0,0,0,0,0,0,0,0,0,0,0,2,-1,11,-4,12,-3,13,-3,13,-3,14,-3,14,-2,13,-2,14,-1,15,0,16,-1,16,0,17,0,17,1,17,1,18,1,18,1,18,1,18,0,19,0,19,-1,19,-1,20,-1,20,-1,20,-1,20,-1,21,-1]"
CSI_DATA,45303,d8:b1:90:db:e8:90,-51,11,1,7,0,0,1,0,0,0,1,-94,0,8,0,708525598,0,100,0,128,1,"[100,-64,5,0,18,12,19,11,18,11,18,10,18,10,18,9,19,8,19,8,19,7,19,7,19,6,20,6,20,6,20,6,20,6,20,6,20,6,19,6,19,6,19,7,18,7,18,7,17,8,17,9,16,10,4,2,0,0,0,0,0,0,0,0,0,0,0,0,0,0,0,0,0,0,2,1,11,6,11,7,11,8,11,9,11,9,11,9,12,10,12,10,12,11,13,12,13,12,13,13,13,13,13,13,14,14,14,14,14,14,15,14,15,13,16,13,16,13,17,13,17,13,17,13,17,13,17,13]"
CSI_DATA,45304,d8:b1:90:db:e8:90,-51,11,1,7,0,0,1,0,0,0,1,-94,0,8,0,708536476,0,100,0,128,1,"[100,-64,5,0,20,-14,20,-14,19,-15,19,-15,18,-15,18,-16,17,-16,16,-17,16,-17,16,-17,15,-17,15,-18,15,-18,15,-18,15,-18,15,-18,15,-17,15,-17,15,-17,15,-17,15,-16,16,-15,16,-14,17,-13,17,-12,4,-3,0,0,0,0,0,0,0,0,0,0,0,0,0,0,0,0,0,0,2,-3,11,-10,12,-10,12,-9,13,-9,13,-9,14,-9,15,-9,16,-9,17,-9,18,-8,18,-9,19,-9,19,-9,20,-9,20,-9,20,-9,20,-9,20,-10,20,-11,20,-12,20,-12,21,-12,21,-12,21,-12,21,-12,22,-12]"
CSI_DATA,45305,d8:b1:90:db:e8:90,-51,11,1,7,0,0,1,0,0,0,1,-94,0,8,0,708547082,0,100,0,128,1,"[100,-64,5,0,-16,-20,-16,-20,-16,-19,-16,-19,-16,-18,-16,-18,-16,-18,-16,-17,-16,-16,-17,-16,-17,-16,-18,-16,-18,-16,-18,-16,-18,-16,-18,-16,-18,-16,-17,-16,-17,-16,-16,-16,-16,-16,-15,-16,-15,-16,-14,-17,-13,-18,-4,-5,0,0,0,0,0,0,0,0,0,0,0,0,0,0,0,0,0,0,-3,-3,-10,-11,-10,-12,-10,-13,-10,-13,-10,-14,-10,-15,-11,-15,-11,-16,-11,-17,-11,-18,-11,-18,-11,-19,-11,-19,-10,-20,-10,-20,-11,-20,-11,-20,-12,-20,-13,-20,-14,-20,-14,-20,-14,-20,-15,-20,-15,-20,-15,-20,-15,-20]"
CSI_DATA,45306,d8:b1:90:db:e8:90,-51,11,1,7,0,0,1,0,0,0,1,-94,0,8,0,708563914,0,100,0,128,1,"[100,-64,5,0,20,-13,20,-13,20,-13,20,-14,19,-14,19,-14,18,-14,18,-15,17,-16,17,-16,16,-16,16,-16,15,-17,15,-17,15,-17,15,-17,15,-17,15,-17,15,-16,15,-16,15,-16,15,-15,16,-14,16,-13,17,-13,4,-3,0,0,0,0,0,0,0,0,0,0,0,0,0,0,0,0,0,0,2,-3,11,-10,11,-10,12,-10,13,-9,13,-9,14,-9,15,-10,16,-10,16,-10,17,-10,18,-10,18,-9,18,-9,19,-9,19,-9,19,-10,19,-10,20,-10,20,-10,20,-10,20,-11,20,-11,20,-12,20,-13,20,-13,20,-13]"
CSI_DATA,45307,d8:b1:90:db:e8:90,-51,11,1,7,0,0,1,0,0,0,1,-94,0,8,0,708575691,0,100,0,128,1,"[100,-64,5,0,12,21,12,22,12,21,12,20,13,19,13,19,12,19,12,18,12,18,12,18,13,18,14,17,15,17,15,17,14,18,14,18,13,18,13,18,13,18,13,17,12,16,12,16,11,17,10,19,9,20,2,5,0,0,0,0,0,0,0,0,0,0,0,0,0,0,0,0,0,0,1,3,6,12,7,12,8,12,9,12,9,13,8,14,8,15,8,16,8,16,8,17,8,18,8,19,8,20,8,20,9,19,9,19,9,19,9,20,9,20,10,21,10,21,11,21,11,20,12,20,12,20,12,21]"
CSI_DATA,45308,d8:b1:90:db:e8:90,-51,11,1,7,0,0,1,0,0,0,1,-94,0,8,0,708586054,0,100,0,128,1,"[100,-64,5,0,-16,-17,-16,-17,-16,-16,-16,-15,-16,-15,-16,-14,-16,-14,-16,-14,-16,-14,-16,-14,-16,-13,-17,-12,-17,-12,-17,-13,-17,-13,-17,-13,-16,-14,-16,-14,-15,-14,-15,-13,-15,-12,-15,-13,-14,-13,-13,-15,-13,-16,-3,-4,0,0,0,0,0,0,0,0,0,0,0,0,0,0,0,0,0,0,-3,-3,-8,-9,-8,-10,-9,-10,-11,-11,-11,-11,-12,-11,-12,-12,-12,-13,-12,-14,-11,-15,-12,-15,-12,-15,-12,-15,-13,-16,-13,-16,-13,-16,-12,-16,-12,-17,-13,-17,-13,-17,-14,-17,-14,-17,-15,-16,-16,-15,-16,-15,-16,-16]"
CSI_DATA,45309,d8:b1:90:db:e8:90,-51,11,1,7,0,0,1,0,0,0,1,-94,0,8,0,708602054,0,100,0,128,1,"[100,-64,5,0,3,20,3,20,4,20,4,20,4,20,4,19,5,19,6,19,6,19,7,18,7,18,7,18,7,18,7,18,7,18,7,18,7,18,7,17,6,17,6,17,5,17,5,17,5,17,4,18,3,18,0,4,0,0,0,0,0,0,0,0,0,0,0,0,0,0,0,0,0,0,1,3,5,12,4,11,3,13,3,15,3,15,2,15,1,16,1,17,1,17,1,17,1,18,1,18,0,18,0,18,0,18,0,19,0,19,0,19,0,19,0,19,1,20,1,20,1,21,2,21,2,21,2,21]"
CSI_DATA,45310,d8:b1:90:db:e8:90,-53,11,1,5,0,0,1,0,1,0,0,-94,0,8,0,708629865,0,100,0,128,1,"[100,-64,5,0,33,-24,29,-23,24,-20,20,-16,15,-12,12,-7,9,-2,6,3,5,7,4,11,4,14,3,16,3,17,3,16,2,15,0,13,-2,11,-5,8,-8,4,-12,1,-16,-3,-21,-7,-24,-10,-28,-13,-31,-16,-8,-4,0,0,0,0,0,0,0,0,0,0,0,0,0,0,0,0,0,0,0,2,3,9,2,6,0,3,-1,1,-3,-2,-5,-5,-7,-7,-8,-8,-9,-9,-9,-9,-9,-9,-8,-8,-6,-6,-3,-5,1,-3,5,-2,10,-2,15,-2,21,-3,26,-5,31,-8,35,-11,38,-14,40,-17,41,-19,42,-21]"
CSI_DATA,45311,d8:b1:90:db:e8:90,-51,11,1,7,0,0,1,0,0,0,1,-94,0,8,0,708640606,0,100,0,128,1,"[100,-64,5,0,-17,23,-11,17,-3,16,5,20,9,25,8,28,5,28,4,23,6,17,11,12,18,12,23,13,23,15,21,15,18,13,17,8,18,3,21,-1,24,-2,25,-1,24,1,21,0,18,-3,18,-6,18,-9,4,-3,0,0,0,0,0,0,0,0,0,0,0,0,0,0,0,0,0,0,-3,-5,-8,-20,-5,-17,-4,-12,-7,-7,-14,-6,-20,-9,-21,-14,-18,-18,-12,-17,-10,-9,-15,-2,-23,1,-29,-2,-30,-7,-26,-10,-20,-8,-15,-2,-15,7,-19,13,-25,16,-29,14,-28,9,-20,7,-12,11,-8,19,-7,26]"
CSI_DATA,45312,d8:b1:90:db:e8:90,-51,11,1,7,0,0,1,0,0,0,1,-94,0,8,0,708652019,0,100,0,128,1,"[100,-64,5,0,6,23,6,23,7,23,7,23,8,22,8,22,8,21,9,21,9,20,9,20,9,20,10,20,11,20,11,20,11,19,11,19,11,19,11,19,11,19,10,19,9,19,9,19,8,19,7,19,6,20,1,5,0,0,0,0,0,0,0,0,0,0,0,0,0,0,0,0,0,0,1,3,6,13,5,13,5,14,5,15,5,15,4,16,4,16,4,17,4,18,3,19,3,19,2,20,2,20,2,21,2,21,3,21,3,21,3,21,4,22,4,22,4,22,5,23,5,23,5,23,5,23,5,24]"
CSI_DATA,45313,d8:b1:90:db:e8:90,-52,11,1,7,0,0,1,0,0,0,1,-94,0,8,0,708662883,0,100,0,128,1,"[100,-64,5,0,3,-25,3,-24,3,-24,2,-24,2,-23,2,-23,1,-23,0,-23,0,-23,0,-23,-1,-23,-1,-23,-2,-23,-2,-23,-2,-23,-2,-23,-2,-22,-2,-22,-2,-23,-1,-23,-1,-23,0,-22,1,-22,1,-22,2,-22,0,-6,0,0,0,0,0,0,0,0,0,0,0,0,0,0,0,0,0,0,0,-4,0,-15,0,-15,1,-15,1,-15,2,-16,2,-17,2,-18,2,-19,3,-19,4,-20,3,-20,4,-21,4,-21,5,-21,5,-21,4,-21,5,-22,4,-22,4,-22,3,-23,3,-23,3,-24,3,-24,3,-24,3,-24,3,-25]"
CSI_DATA,45314,d8:b1:90:db:e8:90,-51,11,1,7,0,0,1,0,0,0,1,-94,0,8,0,708673422,0,100,0,128,1,"[100,-64,5,0,11,-22,11,-22,11,-22,11,-21,10,-21,10,-21,9,-22,8,-22,8,-22,7,-22,7,-22,7,-22,6,-22,6,-22,6,-22,6,-21,6,-21,6,-21,6,-21,7,-21,7,-21,8,-21,8,-20,9,-20,10,-20,2,-5,0,0,0,0,0,0,0,0,0,0,0,0,0,0,0,0,0,0,1,-4,4,-14,4,-14,5,-14,6,-15,7,-15,7,-15,8,-16,9,-16,10,-16,10,-17,10,-18,10,-18,11,-18,11,-18,12,-18,12,-19,12,-19,12,-19,11,-19,11,-20,11,-20,11,-21,11,-21,11,-22,11,-22,11,-22]"
CSI_DATA,45315,d8:b1:90:db:e8:90,-51,11,1,7,0,0,1,0,0,0,1,-94,0,8,0,708692380,0,100,0,128,1,"[100,-64,5,0,-14,-18,-14,-18,-14,-18,-14,-17,-14,-17,-14,-16,-14,-16,-15,-15,-15,-14,-16,-14,-16,-13,-16,-13,-16,-13,-16,-13,-16,-13,-16,-13,-16,-13,-16,-14,-15,-14,-15,-14,-15,-14,-15,-14,-14,-14,-14,-15,-13,-15,-4,-4,0,0,0,0,0,0,0,0,0,0,0,0,0,0,0,0,0,0,-2,-3,-9,-10,-9,-10,-9,-11,-9,-11,-9,-12,-9,-13,-8,-15,-7,-15,-8,-16,-9,-16,-10,-16,-9,-17,-9,-17,-9,-18,-10,-17,-10,-17,-10,-17,-10,-18,-11,-18,-11,-18,-11,-18,-11,-18,-12,-18,-13,-18,-13,-18,-13,-19]"
CSI_DATA,45316,d8:b1:90:db:e8:90,-52,11,1,7,0,0,1,0,0,0,1,-94,0,8,0,708703472,0,100,0,128,1,"[100,-64,5,0,12,16,12,16,12,16,12,16,12,16,12,15,13,15,13,14,13,14,13,13,13,13,14,13,14,13,14,13,14,13,15,13,15,13,14,13,13,13,13,13,12,13,12,13,12,13,11,14,10,15,2,3,0,0,0,0,0,0,0,0,0,0,0,0,0,0,0,0,0,0,2,2,9,9,8,9,7,9,8,10,9,11,9,12,9,12,9,11,9,12,10,13,10,14,9,15,9,15,9,15,9,15,9,16,10,16,10,16,10,16,10,16,10,17,11,17,11,17,12,17,12,17,12,16]"
CSI_DATA,45317,d8:b1:90:db:e8:90,-51,11,1,7,0,0,1,0,0,0,1,-94,0,8,0,708728867,0,100,0,128,1,"[100,-64,5,0,14,-20,14,-20,14,-21,13,-21,12,-21,12,-21,11,-21,9,-21,8,-21,8,-21,8,-21,7,-22,7,-22,7,-22,7,-22,8,-22,8,-22,9,-22,9,-21,9,-20,9,-19,10,-18,10,-18,11,-18,12,-18,3,-5,0,0,0,0,0,0,0,0,0,0,0,0,0,0,0,0,0,0,1,-4,6,-13,6,-14,6,-14,6,-14,7,-14,7,-15,7,-16,7,-17,8,-17,9,-18,10,-18,10,-18,11,-18,11,-18,12,-18,12,-18,12,-18,12,-19,12,-20,12,-20,12,-21,12,-21,12,-21,13,-21,13,-21,13,-21]"
CSI_DATA,45318,d8:b1:90:db:e8:90,-52,11,1,7,0,0,1,0,0,0,1,-94,0,8,0,708740016,0,100,0,128,1,"[100,-64,5,0,12,-20,12,-20,12,-20,11,-21,10,-21,10,-21,9,-21,8,-21,7,-20,6,-20,6,-21,6,-21,5,-21,5,-21,5,-21,6,-22,6,-21,7,-21,7,-21,7,-20,7,-19,8,-18,8,-18,8,-19,9,-19,2,-5,0,0,0,0,0,0,0,0,0,0,0,0,0,0,0,0,0,0,1,-4,6,-13,6,-13,6,-13,6,-14,7,-14,7,-15,7,-16,7,-16,8,-17,8,-17,9,-17,10,-18,10,-18,11,-18,11,-17,11,-17,11,-18,11,-18,11,-19,11,-19,11,-19,11,-20,11,-20,11,-20,12,-20,12,-20]"
CSI_DATA,45319,d8:b1:90:db:e8:90,-52,11,1,7,0,0,1,0,0,0,1,-94,0,8,0,708752133,0,100,0,128,1,"[100,-64,5,0,18,14,18,14,18,13,18,13,18,12,18,12,19,11,19,10,19,10,19,9,19,9,20,9,20,8,20,8,20,8,21,8,20,8,20,8,20,8,20,8,20,8,19,9,19,9,18,10,18,11,4,2,0,0,0,0,0,0,0,0,0,0,0,0,0,0,0,0,0,0,3,1,12,6,12,6,12,7,12,8,12,9,13,9,13,10,14,11,14,11,14,12,14,13,14,13,14,14,14,14,15,14,15,13,15,13,16,13,16,13,17,13,17,13,18,14,18,14,18,14,19,14,19,14]"
CSI_DATA,45320,d8:b1:90:db:e8:90,-52,11,1,7,0,0,1,0,0,0,1,-94,0,8,0,708762822,0,100,0,128,1,"[100,-64,5,0,22,8,22,7,22,7,22,7,21,6,21,6,21,6,21,5,21,5,21,4,21,4,21,3,21,3,21,4,22,3,22,3,22,4,21,4,21,4,21,4,20,5,20,5,20,6,19,7,19,8,4,2,0,0,0,0,0,0,0,0,0,0,0,0,0,0,0,0,0,0,3,0,13,2,13,3,14,3,14,3,14,4,15,4,15,4,16,5,16,6,17,6,17,7,17,7,17,8,18,8,18,8,18,8,19,8,19,8,20,8,20,8,20,8,21,8,21,8,21,8,22,8,22,8]"
CSI_DATA,45321,d8:b1:90:db:e8:90,-52,11,1,7,0,0,1,0,0,0,1,-94,0,8,0,708773111,0,100,0,128,1,"[100,-64,5,0,-23,-7,-23,-7,-23,-7,-22,-7,-22,-6,-22,-6,-22,-6,-22,-5,-22,-5,-22,-4,-22,-4,-22,-3,-22,-3,-22,-3,-22,-3,-23,-3,-22,-3,-22,-3,-22,-4,-21,-4,-21,-4,-21,-5,-21,-5,-20,-6,-20,-7,-5,-2,0,0,0,0,0,0,0,0,0,0,0,0,0,0,0,0,0,0,-4,-1,-14,-4,-14,-4,-15,-4,-15,-5,-16,-5,-16,-5,-16,-6,-17,-6,-17,-7,-18,-7,-18,-8,-18,-9,-19,-9,-19,-9,-19,-9,-20,-9,-20,-9,-20,-9,-21,-9,-21,-9,-21,-9,-22,-9,-22,-9,-22,-8,-23,-9,-23,-9]"
CSI_DATA,45322,d8:b1:90:db:e8:90,-52,11,1,7,0,0,1,0,0,0,1,-94,0,8,0,708783376,0,100,0,128,1,"[100,-64,5,0,-22,9,-22,9,-21,9,-21,9,-21,9,-20,10,-20,10,-20,10,-19,11,-19,11,-19,12,-18,12,-18,12,-18,12,-18,12,-19,12,-19,12,-19,12,-18,12,-18,11,-19,11,-19,10,-19,9,-19,9,-19,8,-5,1,0,0,0,0,0,0,0,0,0,0,0,0,0,0,0,0,0,0,-3,1,-12,6,-13,6,-13,6,-14,6,-15,6,-15,6,-16,6,-16,6,-17,6,-18,6,-18,6,-19,6,-19,6,-20,6,-20,6,-20,6,-21,6,-21,6,-21,7,-21,7,-21,8,-22,8,-22,8,-22,8,-22,8,-22,9]"
CSI_DATA,45323,d8:b1:90:db:e8:90,-52,11,1,7,0,0,1,0,0,0,1,-94,0,8,0,708793894,0,100,0,128,1,"[100,-64,5,0,19,-8,19,-8,19,-8,19,-8,18,-8,18,-8,17,-9,17,-9,17,-9,16,-10,16,-10,16,-11,16,-11,16,-11,16,-11,16,-11,16,-11,16,-10,16,-10,16,-10,16,-9,16,-9,16,-8,17,-8,17,-7,4,-2,0,0,0,0,0,0,0,0,0,0,0,0,0,0,0,0,0,0,2,-2,9,-6,10,-5,11,-4,12,-5,12,-6,13,-5,14,-4,14,-4,15,-4,16,-5,17,-5,17,-5,17,-5,17,-5,17,-5,17,-5,17,-5,17,-6,18,-6,18,-6,18,-6,18,-7,18,-7,18,-7,19,-7,19,-7]"
CSI_DATA,45324,d8:b1:90:db:e8:90,-52,11,1,7,0,0,1,0,0,0,1,-94,0,8,0,708813016,0,100,0,128,1,"[100,-64,5,0,20,-11,20,-11,20,-11,20,-11,19,-11,19,-11,19,-12,18,-12,18,-12,17,-12,17,-13,17,-14,17,-14,17,-14,17,-14,17,-14,17,-14,17,-14,17,-14,17,-13,17,-13,17,-12,18,-12,18,-11,19,-10,4,-3,0,0,0,0,0,0,0,0,0,0,0,0,0,0,0,0,0,0,2,-2,11,-8,12,-7,13,-6,13,-6,14,-6,15,-6,15,-6,16,-7,17,-6,17,-6,18,-6,19,-6,19,-6,19,-6,19,-6,20,-6,20,-6,20,-6,19,-7,20,-8,20,-8,20,-9,21,-10,21,-10,21,-10,21,-10]"
CSI_DATA,45325,d8:b1:90:db:e8:90,-52,11,1,7,0,0,1,0,0,0,1,-94,0,8,0,708832655,0,100,0,128,1,"[100,-64,5,0,-19,10,-19,9,-19,9,-18,10,-18,10,-18,10,-17,10,-16,11,-16,11,-16,11,-16,11,-16,12,-16,12,-16,12,-16,12,-16,12,-16,12,-16,12,-16,11,-16,11,-16,10,-16,10,-16,9,-17,9,-17,8,-5,2,0,0,0,0,0,0,0,0,0,0,0,0,0,0,0,0,0,0,-3,1,-11,7,-11,7,-12,7,-12,7,-13,6,-13,7,-13,8,-14,8,-15,8,-15,8,-16,8,-16,8,-17,8,-17,8,-17,8,-17,8,-18,8,-18,8,-18,8,-19,9,-19,9,-19,9,-19,9,-19,9,-19,9,-19,10]"
CSI_DATA,45326,d8:b1:90:db:e8:90,-52,11,1,7,0,0,1,0,0,0,1,-94,0,8,0,708844418,0,100,0,128,1,"[100,-64,5,0,-19,14,-19,14,-19,14,-18,14,-18,14,-18,14,-17,14,-15,14,-15,15,-14,15,-14,16,-14,16,-14,17,-14,17,-14,17,-14,17,-14,17,-14,16,-14,16,-14,16,-14,15,-14,15,-15,14,-15,14,-16,13,-4,3,0,0,0,0,0,0,0,0,0,0,0,0,0,0,0,0,0,0,-3,2,-11,9,-11,8,-12,8,-13,8,-13,8,-14,8,-14,9,-15,10,-15,10,-16,10,-17,10,-17,10,-17,10,-18,10,-18,10,-18,10,-18,10,-19,11,-19,11,-19,11,-19,12,-19,12,-19,12,-19,12,-19,13,-19,13]"
CSI_DATA,45327,d8:b1:90:db:e8:90,-52,11,1,7,0,0,1,0,0,0,1,-94,0,8,0,708855399,0,100,0,128,1,"[100,-64,5,0,23,-4,23,-4,23,-4,22,-4,22,-4,22,-4,21,-5,20,-6,20,-7,19,-8,20,-8,20,-8,20,-8,20,-8,20,-8,20,-9,20,-8,20,-8,20,-7,20,-7,19,-7,20,-6,20,-6,20,-5,20,-4,5,-1,0,0,0,0,0,0,0,0,0,0,0,0,0,0,0,0,0,0,3,-2,13,-5,13,-5,14,-4,14,-4,15,-3,16,-4,16,-4,17,-4,18,-4,18,-3,19,-3,19,-3,20,-3,20,-3,20,-2,20,-2,20,-2,21,-3,21,-3,22,-3,22,-3,22,-3,23,-3,23,-4,23,-4,23,-4]"
CSI_DATA,45328,d8:b1:90:db:e8:90,-52,11,1,7,0,0,1,0,0,0,1,-94,0,8,0,708874463,0,100,0,128,1,"[100,-64,5,0,-22,-8,-22,-8,-22,-8,-21,-8,-21,-8,-21,-7,-21,-7,-22,-6,-22,-5,-22,-5,-22,-4,-22,-4,-22,-3,-22,-3,-22,-3,-22,-4,-21,-4,-21,-4,-21,-5,-21,-5,-21,-5,-21,-5,-21,-5,-20,-6,-20,-7,-5,-2,0,0,0,0,0,0,0,0,0,0,0,0,0,0,0,0,0,0,-4,-1,-14,-3,-14,-4,-14,-5,-15,-5,-15,-5,-15,-6,-16,-6,-16,-7,-17,-8,-17,-8,-18,-9,-18,-9,-18,-9,-18,-10,-19,-10,-19,-10,-19,-10,-19,-10,-20,-10,-20,-9,-21,-9,-21,-9,-21,-9,-21,-9,-21,-9,-21,-9]"
CSI_DATA,45329,d8:b1:90:db:e8:90,-52,11,1,7,0,0,1,0,0,0,1,-94,0,8,0,708886256,0,100,0,128,1,"[100,-64,5,0,-5,23,-5,23,-5,23,-4,23,-4,23,-4,22,-3,22,-2,22,-1,21,-1,21,-1,21,-1,21,0,21,0,21,0,21,0,22,0,22,0,22,0,21,0,21,-1,21,-1,20,-2,21,-3,21,-4,21,-1,5,0,0,0,0,0,0,0,0,0,0,0,0,0,0,0,0,0,0,0,3,0,13,0,14,-1,14,-1,15,-2,15,-3,16,-3,17,-3,18,-3,18,-4,19,-4,19,-5,19,-5,20,-6,20,-6,20,-6,20,-6,20,-6,21,-6,21,-6,22,-6,22,-5,22,-5,23,-5,23,-5,23,-5,23]"
CSI_DATA,45330,d8:b1:90:db:e8:90,-52,11,1,7,0,0,1,0,0,0,1,-94,0,8,0,708900273,0,100,0,128,1,"[100,-64,5,0,18,7,18,7,18,7,18,7,18,6,18,6,18,5,18,5,18,5,18,5,18,4,18,4,18,3,18,4,18,4,18,4,18,4,18,4,18,4,18,5,17,5,17,6,17,6,16,7,16,8,4,2,0,0,0,0,0,0,0,0,0,0,0,0,0,0,0,0,0,0,2,0,10,3,10,3,11,4,12,4,13,4,14,5,14,6,13,7,13,8,13,8,14,8,15,8,15,8,15,9,15,8,15,8,16,8,16,8,17,8,17,8,17,8,18,7,18,7,18,7,18,7,19,7]"
CSI_DATA,45331,d8:b1:90:db:e8:90,-52,11,1,7,0,0,1,0,0,0,1,-94,0,8,0,708912588,0,100,0,128,1,"[100,-64,5,0,-13,17,-13,16,-13,16,-12,16,-12,16,-11,16,-11,16,-10,16,-10,16,-10,16,-9,16,-9,17,-8,17,-8,17,-9,17,-9,17,-9,17,-9,17,-9,16,-9,16,-10,16,-10,16,-11,15,-11,15,-12,15,-3,3,0,0,0,0,0,0,0,0,0,0,0,0,0,0,0,0,0,0,-2,2,-6,9,-7,9,-9,9,-10,9,-10,9,-10,10,-11,12,-11,11,-12,11,-13,11,-13,11,-13,11,-14,12,-14,12,-14,13,-14,13,-14,13,-13,13,-13,14,-13,14,-13,15,-13,15,-13,16,-13,16,-13,16,-13,16]"
CSI_DATA,45332,d8:b1:90:db:e8:90,-52,11,1,7,0,0,1,0,0,0,1,-94,0,8,0,708935649,0,100,0,128,1,"[100,-64,5,0,16,14,16,14,17,14,17,13,17,12,17,12,17,11,17,10,18,10,18,9,18,9,18,8,18,8,18,8,18,9,19,9,19,9,19,9,18,9,18,9,17,9,17,10,16,11,16,11,16,12,4,3,0,0,0,0,0,0,0,0,0,0,0,0,0,0,0,0,0,0,2,1,11,5,11,6,11,6,11,7,11,8,11,8,12,9,12,9,12,10,12,11,13,12,13,12,13,13,13,13,14,13,14,13,14,13,15,13,15,13,15,13,15,13,16,13,16,14,16,14,16,14,16,15]"
CSI_DATA,45333,d8:b1:90:db:e8:90,-52,11,1,7,0,0,1,0,0,0,1,-94,0,8,0,708946978,0,100,0,128,1,"[100,-64,5,0,-11,-22,-11,-22,-11,-21,-12,-21,-13,-20,-13,-20,-13,-19,-14,-19,-14,-19,-14,-18,-15,-18,-15,-17,-15,-17,-15,-17,-15,-18,-15,-18,-15,-18,-15,-18,-14,-18,-14,-18,-14,-18,-13,-18,-12,-19,-11,-19,-11,-20,-3,-5,0,0,0,0,0,0,0,0,0,0,0,0,0,0,0,0,0,0,-3,-3,-10,-10,-10,-11,-9,-12,-9,-13,-9,-13,-10,-14,-9,-15,-9,-15,-9,-16,-9,-17,-9,-18,-9,-19,-9,-19,-9,-20,-9,-19,-10,-20,-10,-20,-10,-20,-10,-20,-11,-20,-11,-21,-11,-21,-11,-21,-11,-21,-11,-21,-11,-22]"
CSI_DATA,45334,d8:b1:90:db:e8:90,-51,11,1,7,0,0,1,0,0,0,1,-94,0,8,0,708961043,0,100,0,128,1,"[100,-64,5,0,-12,-26,-12,-26,-12,-25,-13,-25,-13,-24,-13,-23,-14,-23,-15,-22,-16,-21,-16,-21,-17,-21,-17,-21,-17,-20,-17,-20,-17,-21,-17,-21,-17,-21,-17,-21,-16,-21,-16,-22,-16,-22,-15,-22,-14,-22,-13,-23,-12,-23,-3,-6,0,0,0,0,0,0,0,0,0,0,0,0,0,0,0,0,0,0,-3,-4,-9,-14,-9,-15,-9,-16,-8,-17,-8,-18,-8,-19,-8,-19,-7,-20,-7,-21,-8,-22,-8,-23,-8,-23,-8,-24,-8,-24,-8,-24,-9,-23,-9,-24,-9,-24,-10,-24,-10,-25,-11,-25,-11,-25,-11,-25,-12,-26,-12,-26,-11,-26]"
CSI_DATA,45335,d8:b1:90:db:e8:90,-52,11,1,7,0,0,1,0,0,0,1,-94,0,8,0,708973503,0,100,0,128,1,"[100,-64,5,0,-3,-26,-2,-28,0,-29,1,-28,2,-25,1,-22,-2,-20,-5,-18,-9,-18,-12,-20,-14,-22,-13,-24,-12,-24,-10,-24,-9,-22,-9,-20,-10,-17,-12,-15,-14,-15,-17,-16,-17,-18,-17,-20,-15,-21,-12,-20,-11,-20,-3,-5,0,0,0,0,0,0,0,0,0,0,0,0,0,0,0,0,0,0,2,-3,11,-12,12,-11,13,-10,13,-9,12,-9,11,-9,10,-11,10,-13,11,-16,13,-17,15,-17,17,-16,17,-14,16,-13,13,-13,10,-14,8,-16,7,-19,7,-22,7,-25,9,-26,11,-25,11,-23,9,-21,6,-19,3,-19]"
CSI_DATA,45336,d8:b1:90:db:e8:90,-51,11,1,7,0,0,1,0,0,0,1,-94,0,8,0,708993037,0,100,0,128,1,"[100,-64,5,0,-28,6,-28,6,-27,7,-27,7,-27,7,-26,7,-26,8,-25,9,-25,9,-25,9,-24,10,-24,11,-24,11,-24,11,-24,11,-24,11,-24,11,-24,10,-24,10,-24,9,-25,9,-25,8,-25,8,-25,7,-25,6,-7,1,0,0,0,0,0,0,0,0,0,0,0,0,0,0,0,0,0,0,-4,1,-16,6,-18,5,-20,4,-20,3,-19,3,-20,3,-22,3,-22,2,-23,1,-23,1,-24,0,-24,0,-24,0,-24,0,-25,1,-26,2,-26,2,-26,1,-25,2,-26,2,-27,3,-27,4,-28,4,-28,5,-28,5,-28,5]"
CSI_DATA,45337,d8:b1:90:db:e8:90,-52,11,1,7,0,0,1,0,0,0,1,-94,0,8,0,709003530,0,100,0,128,1,"[100,-64,5,0,9,19,9,19,9,19,9,18,9,18,9,17,10,17,10,17,10,16,10,16,11,16,11,15,11,15,12,15,12,16,12,16,12,16,12,16,11,16,11,16,10,16,10,16,9,16,9,17,8,17,2,4,0,0,0,0,0,0,0,0,0,0,0,0,0,0,0,0,0,0,1,2,6,10,6,11,6,12,6,13,6,13,6,13,6,14,7,15,7,15,6,16,6,16,6,16,5,16,6,17,5,17,5,17,5,17,6,17,6,18,7,18,7,18,7,18,8,19,8,19,8,19,8,19]"
CSI_DATA,45338,d8:b1:90:db:e8:90,-51,11,1,7,0,0,1,0,0,0,1,-94,0,8,0,709038268,0,100,0,128,1,"[100,-64,5,0,-25,-4,-24,-4,-24,-3,-24,-2,-24,-1,-24,-1,-24,-1,-23,0,-23,0,-23,0,-23,1,-23,2,-23,2,-23,2,-23,3,-23,3,-23,2,-23,2,-23,2,-23,1,-23,1,-23,0,-22,0,-22,-1,-22,-2,-6,-1,0,0,0,0,0,0,0,0,0,0,0,0,0,0,0,0,0,0,-4,-1,-14,-1,-15,-2,-15,-2,-16,-3,-16,-3,-17,-3,-17,-4,-18,-5,-19,-5,-19,-6,-20,-6,-20,-7,-20,-7,-20,-7,-20,-8,-21,-8,-21,-7,-21,-7,-22,-6,-22,-6,-22,-6,-23,-6,-23,-6,-23,-5,-24,-6,-24,-6]"
CSI_DATA,45339,d8:b1:90:db:e8:90,-52,11,1,7,0,0,1,0,0,0,1,-94,0,8,0,709049865,0,100,0,128,1,"[100,-64,5,0,22,7,22,7,22,6,22,6,22,5,22,5,22,4,21,4,21,3,21,2,21,2,22,1,22,1,22,2,22,2,22,2,22,2,22,2,21,2,21,3,21,3,21,4,21,4,20,5,20,6,5,1,0,0,0,0,0,0,0,0,0,0,0,0,0,0,0,0,0,0,3,0,12,2,13,2,14,3,14,3,15,4,15,4,16,5,16,6,17,6,17,7,18,7,18,7,18,8,18,8,19,9,19,9,19,9,19,8,20,8,20,8,21,8,21,8,21,7,21,7,22,7,22,7]"
CSI_DATA,45340,d8:b1:90:db:e8:90,-52,11,1,7,0,0,1,0,0,0,1,-94,0,8,0,709063132,0,100,0,128,1,"[100,-64,5,0,7,22,7,22,7,22,8,21,8,21,8,20,8,20,9,20,9,19,9,19,10,18,11,19,11,19,11,19,11,19,11,19,11,19,10,19,10,19,10,19,9,19,9,19,8,19,7,20,6,20,1,5,0,0,0,0,0,0,0,0,0,0,0,0,0,0,0,0,0,0,1,3,5,12,5,12,4,13,4,13,3,14,3,15,3,16,3,17,3,17,3,18,3,18,3,19,2,19,2,20,2,20,2,20,2,20,3,21,4,21,4,21,5,21,5,21,5,22,6,22,6,22,6,22]"
CSI_DATA,45341,d8:b1:90:db:e8:90,-52,11,1,7,0,0,1,0,0,0,1,-94,0,8,0,709073753,0,100,0,128,1,"[100,-64,5,0,-8,22,-8,22,-8,22,-8,22,-7,22,-7,21,-6,21,-6,22,-5,22,-5,21,-4,22,-4,22,-4,22,-4,22,-4,23,-3,22,-3,22,-4,22,-4,22,-4,21,-4,21,-5,21,-6,20,-6,20,-7,20,-2,5,0,0,0,0,0,0,0,0,0,0,0,0,0,0,0,0,0,0,-1,3,-4,13,-4,13,-5,13,-6,14,-6,14,-7,15,-7,15,-7,16,-8,16,-8,17,-9,17,-9,17,-9,17,-10,18,-10,18,-10,18,-11,19,-10,19,-10,20,-10,20,-10,20,-10,21,-10,21,-10,21,-10,22,-9,22]"
CSI_DATA,45342,d8:b1:90:db:e8:90,-51,11,1,7,0,0,1,0,0,0,1,-94,0,8,0,709092353,0,100,0,128,1,"[100,-64,5,0,-19,-11,-19,-11,-19,-12,-19,-11,-19,-11,-19,-10,-19,-10,-19,-10,-19,-9,-19,-9,-20,-8,-20,-8,-21,-7,-21,-8,-21,-8,-20,-8,-20,-8,-20,-8,-19,-8,-19,-8,-19,-8,-19,-9,-18,-9,-18,-10,-17,-10,-5,-3,0,0,0,0,0,0,0,0,0,0,0,0,0,0,0,0,0,0,-4,-2,-13,-6,-13,-6,-13,-7,-13,-8,-13,-8,-13,-9,-14,-9,-14,-9,-14,-10,-14,-11,-15,-11,-15,-12,-15,-12,-15,-13,-16,-13,-16,-13,-16,-13,-17,-13,-17,-13,-17,-13,-17,-13,-18,-13,-18,-13,-18,-13,-18,-13,-18,-13]"
CSI_DATA,45343,d8:b1:90:db:e8:90,-51,11,1,7,0,0,1,0,0,0,1,-94,0,8,0,709102828,0,100,0,128,1,"[100,-64,5,0,14,-16,14,-16,14,-16,14,-17,13,-17,13,-17,12,-17,12,-17,11,-17,11,-17,10,-18,10,-18,10,-19,10,-19,10,-19,10,-18,10,-18,10,-18,10,-18,10,-17,11,-17,11,-17,11,-16,12,-16,13,-15,3,-4,0,0,0,0,0,0,0,0,0,0,0,0,0,0,0,0,0,0,2,-3,9,-10,8,-10,9,-10,9,-10,10,-11,11,-10,11,-11,12,-11,13,-12,14,-12,14,-12,14,-13,14,-12,15,-12,15,-12,14,-13,14,-13,15,-13,15,-14,15,-14,15,-14,15,-14,15,-15,15,-15,15,-15,16,-16]"
CSI_DATA,45344,d8:b1:90:db:e8:90,-51,11,1,7,0,0,1,0,0,0,1,-94,0,8,0,709113012,0,100,0,128,1,"[100,-64,5,0,-16,-15,-16,-15,-16,-15,-16,-14,-17,-14,-17,-13,-17,-13,-17,-13,-18,-13,-18,-12,-18,-12,-18,-11,-18,-11,-18,-11,-18,-11,-18,-11,-19,-11,-19,-11,-18,-11,-17,-11,-17,-11,-16,-11,-16,-12,-15,-13,-14,-13,-4,-4,0,0,0,0,0,0,0,0,0,0,0,0,0,0,0,0,0,0,-3,-2,-11,-7,-11,-7,-11,-8,-11,-9,-10,-10,-11,-11,-12,-12,-13,-12,-12,-12,-12,-14,-12,-15,-13,-15,-12,-15,-12,-15,-13,-15,-14,-15,-14,-15,-14,-15,-15,-15,-15,-14,-15,-14,-16,-14,-16,-15,-16,-15,-16,-15,-16,-16]"
CSI_DATA,45345,d8:b1:90:db:e8:90,-52,11,1,7,0,0,1,0,0,0,1,-94,0,8,0,709140102,0,100,0,128,1,"[100,-64,5,0,-18,10,-18,11,-18,11,-18,11,-18,11,-17,11,-16,12,-16,12,-17,12,-17,12,-16,12,-15,12,-14,13,-14,14,-15,14,-15,14,-15,13,-15,13,-14,13,-14,13,-15,13,-16,12,-15,10,-14,7,-13,6,-4,1,0,0,0,0,0,0,0,0,0,0,0,0,0,0,0,0,0,0,-3,1,-11,7,-12,6,-12,5,-12,5,-12,5,-13,6,-14,6,-15,6,-16,6,-16,6,-16,6,-17,6,-18,5,-18,5,-18,5,-18,5,-18,5,-19,6,-19,5,-19,5,-19,6,-19,6,-19,8,-20,8,-20,8,-19,8]"
CSI_DATA,45346,d8:b1:90:db:e8:90,-51,11,1,7,0,0,1,0,0,0,1,-94,0,8,0,709151110,0,100,0,128,1,"[100,-64,5,0,-19,-19,-19,-18,-18,-18,-18,-17,-18,-16,-18,-16,-18,-15,-19,-15,-19,-14,-20,-14,-20,-13,-21,-12,-21,-12,-21,-12,-21,-12,-21,-12,-21,-13,-20,-13,-20,-13,-20,-13,-19,-13,-19,-13,-19,-14,-18,-15,-18,-15,-5,-4,0,0,0,0,0,0,0,0,0,0,0,0,0,0,0,0,0,0,-3,-3,-11,-9,-11,-10,-12,-11,-12,-11,-12,-12,-12,-13,-13,-14,-13,-14,-13,-15,-13,-16,-14,-16,-14,-17,-14,-17,-14,-18,-14,-18,-14,-18,-15,-18,-15,-18,-15,-18,-16,-18,-16,-18,-16,-18,-17,-18,-17,-18,-18,-18,-18,-19]"
CSI_DATA,45347,d8:b1:90:db:e8:90,-51,11,1,7,0,0,1,0,0,0,1,-94,0,8,0,709164154,0,100,0,128,1,"[100,-64,5,0,25,-3,25,-3,25,-4,24,-4,24,-4,23,-5,22,-5,23,-6,23,-6,22,-6,23,-7,22,-8,21,-8,22,-7,23,-8,22,-8,22,-7,22,-7,22,-7,21,-7,22,-6,23,-5,22,-5,22,-3,23,-1,6,-1,0,0,0,0,0,0,0,0,0,0,0,0,0,0,0,0,0,0,3,-2,13,-5,13,-4,14,-4,15,-4,16,-4,17,-3,17,-3,18,-3,19,-2,20,-2,20,-2,21,-2,21,-1,21,-1,21,-1,22,-1,22,-1,22,-1,22,-2,22,-2,22,-2,23,-2,24,-3,24,-3,24,-2,25,-2]"
CSI_DATA,45348,d8:b1:90:db:e8:90,-51,11,1,7,0,0,1,0,0,0,1,-94,0,8,0,709183346,0,100,0,128,1,"[100,-64,5,0,-23,-9,-23,-9,-23,-9,-23,-9,-23,-8,-23,-8,-24,-7,-24,-5,-25,-5,-25,-4,-24,-4,-24,-4,-23,-4,-23,-4,-23,-4,-24,-4,-24,-4,-24,-5,-24,-5,-24,-5,-24,-6,-23,-6,-23,-7,-22,-8,-22,-8,-6,-3,0,0,0,0,0,0,0,0,0,0,0,0,0,0,0,0,0,0,-4,-2,-13,-6,-14,-6,-15,-6,-15,-6,-15,-6,-16,-6,-17,-6,-18,-7,-18,-8,-19,-8,-19,-9,-20,-9,-20,-10,-20,-10,-20,-9,-20,-9,-20,-9,-21,-10,-21,-10,-20,-11,-21,-11,-21,-11,-22,-10,-22,-10,-23,-10,-23,-9]"
CSI_DATA,45349,d8:b1:90:db:e8:90,-51,11,1,7,0,0,1,0,0,0,1,-94,0,8,0,709203207,0,100,0,128,1,"[100,-64,5,0,16,-14,16,-14,15,-14,15,-14,14,-14,14,-15,14,-15,13,-15,12,-16,12,-16,12,-16,12,-17,12,-17,12,-17,12,-17,12,-17,12,-17,12,-16,12,-16,12,-16,12,-16,13,-15,13,-15,13,-14,14,-13,3,-4,0,0,0,0,0,0,0,0,0,0,0,0,0,0,0,0,0,0,1,-3,8,-10,9,-10,9,-10,10,-10,11,-9,12,-9,13,-10,13,-10,12,-10,13,-11,14,-10,15,-10,16,-10,16,-11,16,-11,16,-10,16,-11,16,-11,16,-12,16,-12,17,-12,17,-13,16,-13,16,-14,17,-14,16,-14]"
CSI_DATA,45350,d8:b1:90:db:e8:90,-51,11,1,7,0,0,1,0,0,0,1,-94,0,8,0,709222079,0,100,0,128,1,"[100,-64,5,0,-6,25,-6,24,-5,24,-5,24,-4,24,-4,24,-3,24,-3,23,-2,23,-1,23,-1,23,-1,23,-1,23,-1,24,-1,24,-1,24,-1,24,-1,23,-2,23,-2,23,-3,22,-3,22,-4,22,-5,22,-6,22,-2,5,0,0,0,0,0,0,0,0,0,0,0,0,0,0,0,0,0,0,-1,3,-2,15,-3,15,-3,16,-3,16,-3,16,-4,17,-4,18,-5,19,-6,19,-6,20,-7,21,-7,21,-8,21,-8,21,-8,20,-8,20,-8,21,-8,21,-8,22,-7,23,-7,23,-7,23,-6,24,-6,24,-6,24,-6,24]"
CSI_DATA,45351,d8:b1:90:db:e8:90,-52,11,1,7,0,0,1,0,0,0,1,-94,0,8,0,709249310,0,100,0,128,1,"[100,-64,5,0,-3,-25,-3,-25,-3,-24,-4,-24,-4,-24,-4,-23,-5,-23,-5,-23,-6,-23,-6,-22,-6,-22,-7,-22,-7,-22,-7,-22,-7,-22,-7,-22,-6,-22,-6,-22,-6,-22,-5,-22,-5,-22,-4,-22,-3,-22,-2,-22,-2,-22,-1,-6,0,0,0,0,0,0,0,0,0,0,0,0,0,0,0,0,0,0,-1,-4,-2,-16,-2,-16,-2,-16,-2,-16,-2,-16,-1,-17,-1,-19,-1,-19,-1,-20,0,-20,1,-21,1,-21,1,-22,1,-22,1,-22,1,-22,1,-22,1,-23,0,-23,0,-23,0,-23,0,-24,-1,-24,-2,-24,-2,-24,-2,-24]"
CSI_DATA,45352,d8:b1:90:db:e8:90,-51,11,1,7,0,0,1,0,0,0,1,-94,0,8,0,709264394,0,100,0,128,1,"[100,-64,5,0,-10,22,-10,22,-9,22,-9,22,-9,22,-8,22,-7,22,-7,22,-6,22,-6,22,-6,22,-5,22,-5,22,-4,22,-5,22,-5,22,-5,22,-5,21,-5,21,-6,21,-6,20,-6,20,-7,20,-8,20,-9,20,-3,5,0,0,0,0,0,0,0,0,0,0,0,0,0,0,0,0,0,0,-1,3,-4,14,-4,14,-5,15,-6,15,-7,15,-7,16,-7,17,-8,17,-8,17,-9,18,-10,18,-10,18,-10,19,-10,19,-11,19,-11,19,-11,19,-11,20,-10,20,-10,21,-10,21,-10,22,-10,22,-10,22,-10,22,-10,22]"
CSI_DATA,45353,d8:b1:90:db:e8:90,-51,11,1,7,0,0,1,0,0,0,1,-94,0,8,0,709277270,0,100,0,128,1,"[100,-64,5,0,-8,23,-8,23,-7,22,-6,22,-6,22,-5,22,-5,21,-4,21,-4,21,-4,21,-3,21,-3,22,-3,22,-3,22,-3,22,-3,22,-3,22,-3,21,-3,21,-3,21,-4,20,-5,20,-6,20,-6,20,-7,20,-2,5,0,0,0,0,0,0,0,0,0,0,0,0,0,0,0,0,0,0,-1,3,-3,14,-4,14,-5,14,-5,15,-6,15,-6,16,-7,16,-7,17,-8,18,-8,18,-9,18,-9,18,-9,19,-10,19,-10,19,-10,19,-10,19,-10,20,-9,21,-8,22,-8,22,-8,22,-8,22,-8,22,-8,22,-8,23]"
CSI_DATA,45354,d8:b1:90:db:e8:90,-51,11,1,7,0,0,1,0,0,0,1,-94,0,8,0,709287441,0,100,0,128,1,"[100,-64,5,0,-16,-20,-16,-20,-16,-19,-16,-18,-16,-18,-16,-17,-16,-17,-16,-17,-17,-16,-17,-16,-17,-16,-18,-16,-18,-16,-18,-16,-17,-16,-17,-16,-17,-16,-16,-16,-16,-16,-16,-16,-15,-16,-15,-16,-14,-17,-14,-18,-13,-18,-3,-5,0,0,0,0,0,0,0,0,0,0,0,0,0,0,0,0,0,0,-3,-3,-12,-10,-11,-11,-11,-12,-11,-13,-11,-14,-11,-14,-11,-15,-12,-15,-12,-16,-12,-17,-12,-17,-12,-18,-12,-19,-12,-19,-12,-19,-12,-19,-12,-20,-12,-20,-14,-19,-14,-19,-15,-20,-15,-20,-15,-19,-15,-19,-15,-19,-15,-20]"
CSI_DATA,45355,d8:b1:90:db:e8:90,-51,11,1,7,0,0,1,0,0,0,1,-94,0,8,0,709302696,0,100,0,128,1,"[100,-64,5,0,-7,-25,-7,-25,-8,-24,-8,-24,-9,-23,-9,-23,-10,-22,-10,-22,-11,-22,-11,-22,-12,-21,-12,-21,-13,-20,-12,-20,-12,-20,-12,-20,-12,-20,-12,-21,-11,-20,-11,-20,-11,-20,-11,-20,-10,-20,-9,-21,-8,-22,-2,-6,0,0,0,0,0,0,0,0,0,0,0,0,0,0,0,0,0,0,-2,-4,-8,-14,-7,-15,-7,-15,-6,-16,-6,-16,-5,-17,-5,-18,-5,-19,-5,-20,-5,-20,-4,-21,-4,-22,-4,-22,-4,-22,-4,-23,-4,-23,-4,-23,-4,-23,-5,-23,-5,-23,-5,-23,-5,-24,-6,-24,-6,-24,-6,-24,-6,-24]"
CSI_DATA,45356,d8:b1:90:db:e8:90,-51,11,1,7,0,0,1,0,0,0,1,-94,0,8,0,709312890,0,100,0,128,1,"[100,-64,5,0,-15,-17,-15,-17,-15,-16,-15,-16,-15,-15,-15,-15,-15,-15,-15,-15,-15,-14,-16,-13,-16,-13,-16,-13,-17,-13,-17,-13,-17,-13,-16,-13,-16,-13,-16,-13,-15,-13,-15,-13,-15,-13,-15,-13,-14,-14,-14,-14,-13,-15,-4,-4,0,0,0,0,0,0,0,0,0,0,0,0,0,0,0,0,0,0,-3,-3,-10,-10,-10,-10,-8,-12,-8,-12,-8,-13,-8,-13,-8,-13,-9,-14,-9,-15,-9,-16,-10,-16,-10,-16,-10,-17,-10,-17,-10,-17,-11,-18,-11,-18,-11,-18,-12,-17,-12,-17,-12,-17,-13,-17,-13,-18,-13,-17,-13,-17,-13,-17]"
CSI_DATA,45357,d8:b1:90:db:e8:90,-52,11,1,7,0,0,1,0,0,0,1,-94,0,8,0,709344436,0,100,0,128,1,"[100,-64,5,0,-15,-19,-14,-19,-14,-19,-13,-18,-13,-18,-13,-18,-13,-18,-13,-18,-13,-18,-13,-18,-13,-18,-12,-18,-12,-18,-12,-18,-11,-18,-11,-18,-10,-19,-9,-19,-8,-19,-8,-19,-7,-19,-6,-19,-5,-19,-4,-19,-2,-20,-1,-5,0,0,0,0,0,0,0,0,0,0,0,0,0,0,0,0,0,0,-3,-2,-12,-5,-12,-6,-12,-7,-12,-8,-12,-9,-6,-6,5,2,11,6,11,7,12,5,15,0,17,-2,18,-2,9,-4,-7,-11,-16,-14,-16,-14,-16,-14,-16,-15,-16,-15,-16,-16,-16,-16,-16,-16,-16,-16,-16,-17,-15,-18]"
CSI_DATA,45358,d8:b1:90:db:e8:90,-51,11,1,7,0,0,1,0,0,0,1,-94,0,8,0,709356261,0,100,0,128,1,"[100,-64,5,0,8,23,8,22,8,22,8,22,8,21,8,21,9,20,10,20,11,19,11,19,12,18,12,18,12,18,12,18,12,18,12,18,12,18,11,18,11,18,11,18,10,18,10,18,9,18,9,19,8,19,2,4,0,0,0,0,0,0,0,0,0,0,0,0,0,0,0,0,0,0,1,3,6,12,6,13,5,14,5,15,5,15,5,16,5,17,5,17,5,18,5,19,5,19,5,19,5,20,5,21,5,21,6,21,6,21,6,21,6,21,6,21,6,21,6,22,7,22,7,22,7,23,7,23]"
CSI_DATA,45359,d8:b1:90:db:e8:90,-52,11,1,7,0,0,1,0,0,0,1,-94,0,8,0,709370831,0,100,0,128,1,"[100,-64,5,0,-13,19,-13,19,-13,20,-12,20,-11,20,-11,20,-10,20,-10,20,-9,20,-9,20,-9,20,-9,21,-8,21,-8,21,-8,21,-8,21,-9,20,-9,20,-9,20,-8,19,-9,19,-9,18,-10,18,-11,18,-11,18,-3,4,0,0,0,0,0,0,0,0,0,0,0,0,0,0,0,0,0,0,-2,3,-7,13,-8,13,-8,13,-9,14,-9,14,-10,15,-10,15,-11,16,-11,16,-12,16,-13,16,-13,16,-14,16,-14,16,-15,16,-15,17,-15,17,-15,17,-14,18,-14,18,-14,19,-14,19,-14,19,-14,19,-14,19,-14,19]"
CSI_DATA,45360,d8:b1:90:db:e8:90,-51,11,1,7,0,0,1,0,0,0,1,-94,0,8,0,709384520,0,100,0,128,1,"[100,-64,5,0,-24,-3,-24,-3,-24,-3,-24,-2,-24,-1,-24,-1,-23,-1,-23,0,-23,0,-23,1,-23,1,-23,2,-23,2,-23,2,-23,2,-23,2,-23,2,-23,1,-22,1,-22,1,-22,1,-21,1,-21,0,-22,-1,-22,-2,-6,-1,0,0,0,0,0,0,0,0,0,0,0,0,0,0,0,0,0,0,-4,-1,-15,-1,-16,-2,-16,-2,-17,-2,-17,-3,-18,-3,-18,-3,-19,-3,-20,-4,-20,-5,-20,-5,-21,-5,-21,-6,-21,-6,-22,-6,-22,-6,-22,-6,-23,-6,-23,-5,-23,-5,-23,-4,-24,-4,-24,-4,-24,-4,-24,-4,-24,-5]"
CSI_DATA,45361,d8:b1:90:db:e8:90,-51,11,1,7,0,0,1,0,0,0,1,-94,0,8,0,709395359,0,100,0,128,1,"[100,-64,5,0,-20,16,-19,16,-19,16,-17,16,-17,17,-16,17,-16,17,-15,17,-15,17,-15,17,-15,17,-15,17,-14,17,-14,18,-14,18,-14,18,-14,18,-14,18,-14,17,-14,17,-15,16,-15,16,-15,15,-16,14,-16,13,-5,3,0,0,0,0,0,0,0,0,0,0,0,0,0,0,0,0,0,0,-3,3,-10,12,-11,11,-11,11,-12,11,-13,11,-14,11,-14,11,-15,11,-16,11,-17,12,-17,12,-17,12,-18,12,-18,12,-18,12,-18,12,-18,12,-18,13,-18,13,-19,13,-19,14,-19,14,-19,15,-19,15,-20,15,-19,15]"
CSI_DATA,45362,d8:b1:90:db:e8:90,-51,11,1,7,0,0,1,0,0,0,1,-94,0,8,0,709409796,0,100,0,128,1,"[100,-64,5,0,13,14,14,13,14,13,14,13,14,13,14,12,14,12,14,11,14,11,14,11,14,10,15,10,15,10,15,10,15,11,15,10,14,10,14,10,14,10,14,10,14,10,13,11,13,11,12,11,12,12,3,3,0,0,0,0,0,0,0,0,0,0,0,0,0,0,0,0,0,0,2,1,9,6,9,6,9,8,9,9,10,9,11,9,11,9,11,10,11,11,12,11,11,12,11,13,11,13,11,13,11,13,11,13,11,14,11,13,12,13,12,13,12,13,13,14,13,13,13,14,14,14,14,14]"
CSI_DATA,45363,d8:b1:90:db:e8:90,-51,11,1,7,0,0,1,0,0,0,1,-94,0,8,0,709423051,0,100,0,128,1,"[100,-64,5,0,19,-8,19,-9,19,-8,19,-8,19,-8,18,-9,18,-9,18,-9,17,-9,17,-10,17,-10,17,-10,17,-10,17,-10,17,-10,17,-10,17,-10,17,-10,17,-9,17,-9,17,-9,17,-8,17,-8,17,-7,17,-6,4,-2,0,0,0,0,0,0,0,0,0,0,0,0,0,0,0,0,0,0,3,-2,13,-7,13,-7,12,-7,12,-7,13,-7,14,-6,14,-6,15,-7,15,-7,16,-7,17,-7,17,-7,17,-6,18,-6,18,-6,18,-6,18,-6,18,-6,19,-7,19,-7,19,-7,19,-8,20,-8,20,-8,20,-8,20,-8]"
CSI_DATA,45364,d8:b1:90:db:e8:90,-51,11,1,7,0,0,1,0,0,0,1,-94,0,8,0,709446463,0,100,0,128,1,"[100,-64,5,0,9,-20,9,-20,9,-20,8,-21,7,-20,7,-20,6,-21,6,-21,5,-21,4,-21,4,-21,4,-21,4,-21,4,-21,4,-21,4,-20,4,-20,4,-20,5,-20,5,-20,5,-20,5,-19,5,-19,6,-18,6,-18,1,-5,0,0,0,0,0,0,0,0,0,0,0,0,0,0,0,0,0,0,1,-4,4,-14,5,-14,5,-14,5,-14,6,-14,7,-15,8,-15,8,-15,9,-16,9,-16,10,-16,10,-16,10,-16,10,-17,10,-17,10,-18,11,-18,10,-18,10,-19,10,-19,10,-19,10,-20,10,-20,10,-20,10,-20,10,-20]"
CSI_DATA,45365,d8:b1:90:db:e8:90,-52,11,1,7,0,0,1,0,0,0,1,-94,0,8,0,709459190,0,100,0,128,1,"[100,-64,5,0,20,-13,20,-13,20,-13,19,-13,19,-14,18,-14,18,-14,17,-15,17,-15,16,-15,16,-15,16,-16,16,-16,15,-15,15,-15,15,-15,15,-15,15,-15,15,-15,16,-14,16,-14,16,-13,16,-13,16,-12,17,-12,4,-3,0,0,0,0,0,0,0,0,0,0,0,0,0,0,0,0,0,0,2,-3,11,-10,11,-10,12,-9,13,-9,13,-9,14,-9,15,-9,16,-9,16,-9,17,-9,18,-9,19,-8,19,-8,19,-8,19,-8,19,-8,19,-9,19,-9,19,-10,19,-11,20,-11,20,-11,20,-12,20,-12,20,-12,20,-12]"
CSI_DATA,45366,d8:b1:90:db:e8:90,-51,11,1,7,0,0,1,0,0,0,1,-94,0,8,0,709472480,0,100,0,128,1,"[100,-64,5,0,4,-29,4,-28,4,-28,2,-28,1,-28,1,-28,1,-28,0,-28,-1,-27,-1,-27,-1,-27,-2,-27,-2,-27,-2,-27,-2,-27,-2,-27,-2,-27,-2,-27,-1,-26,-1,-26,0,-25,0,-24,1,-25,3,-25,4,-26,1,-7,0,0,0,0,0,0,0,0,0,0,0,0,0,0,0,0,0,0,-1,-5,-1,-18,0,-19,0,-19,0,-20,1,-20,2,-21,2,-22,3,-22,4,-23,4,-24,5,-24,6,-24,6,-25,7,-25,7,-25,7,-25,7,-25,7,-26,7,-26,7,-27,7,-27,6,-27,5,-28,4,-28,4,-28,4,-29]"
CSI_DATA,45367,d8:b1:90:db:e8:90,-52,11,1,7,0,0,1,0,0,0,1,-94,0,8,0,709482597,0,100,0,128,1,"[100,-64,5,0,-5,-24,-5,-24,-5,-24,-5,-23,-6,-23,-6,-22,-7,-22,-8,-22,-8,-21,-8,-21,-9,-21,-9,-21,-10,-21,-10,-21,-10,-21,-10,-21,-10,-20,-9,-21,-9,-20,-9,-20,-8,-20,-8,-20,-7,-20,-6,-20,-5,-21,-1,-6,0,0,0,0,0,0,0,0,0,0,0,0,0,0,0,0,0,0,-2,-4,-5,-14,-4,-15,-4,-16,-3,-17,-2,-17,-2,-17,-3,-18,-3,-19,-3,-19,-2,-20,-2,-21,-1,-21,-1,-22,-1,-22,-1,-22,-1,-22,-1,-23,-1,-23,-1,-23,-2,-23,-2,-24,-3,-24,-4,-24,-4,-24,-4,-24,-4,-25]"
CSI_DATA,45368,d8:b1:90:db:e8:90,-51,11,1,7,0,0,1,0,0,0,1,-94,0,8,0,709493778,0,100,0,128,1,"[100,-64,5,0,-24,3,-24,3,-24,3,-23,4,-23,4,-22,5,-22,5,-22,5,-21,5,-21,6,-21,7,-21,8,-21,8,-21,8,-21,8,-21,8,-21,8,-21,7,-21,7,-20,6,-20,6,-20,6,-20,5,-20,4,-21,3,-6,0,0,0,0,0,0,0,0,0,0,0,0,0,0,0,0,0,0,0,-4,1,-15,4,-15,3,-16,2,-16,2,-17,2,-18,2,-18,2,-19,2,-19,1,-20,1,-21,1,-21,0,-22,0,-22,-1,-22,-1,-23,0,-23,0,-23,0,-23,0,-24,0,-24,0,-24,1,-24,2,-24,3,-24,2,-25,2]"
CSI_DATA,45369,d8:b1:90:db:e8:90,-51,11,1,7,0,0,1,0,0,0,1,-94,0,8,0,709504459,0,100,0,128,1,"[100,-64,5,0,4,23,5,23,5,22,6,22,6,22,7,22,7,21,8,21,9,20,9,20,9,20,10,19,10,19,10,19,10,19,10,19,10,20,9,20,9,19,9,19,9,19,8,19,7,19,7,20,6,20,1,5,0,0,0,0,0,0,0,0,0,0,0,0,0,0,0,0,0,0,1,3,5,13,4,14,4,14,3,15,3,16,3,16,3,17,3,18,3,19,2,19,2,20,1,20,1,21,1,21,1,21,1,21,1,21,1,22,2,22,2,23,2,23,3,23,3,23,3,24,3,24,3,24]"
CSI_DATA,45370,d8:b1:90:db:e8:90,-51,11,1,7,0,0,1,0,0,0,1,-94,0,8,0,709516259,0,100,0,128,1,"[100,-64,5,0,16,12,16,12,16,12,17,11,17,10,17,10,17,9,17,8,17,7,18,7,18,6,18,6,18,6,18,6,18,6,18,6,18,7,17,7,17,7,17,7,17,7,16,7,16,7,16,8,16,9,3,2,0,0,0,0,0,0,0,0,0,0,0,0,0,0,0,0,0,0,3,1,12,5,12,6,12,6,12,7,11,9,10,9,11,9,12,11,13,11,13,11,12,12,12,13,13,13,13,13,13,13,13,13,13,13,13,13,14,13,14,14,15,13,15,13,16,14,16,13,16,13,16,13]"
CSI_DATA,45371,d8:b1:90:db:e8:90,-51,11,1,7,0,0,1,0,0,0,1,-94,0,8,0,709548372,0,100,0,128,1,"[100,-64,5,0,15,15,14,8,20,4,22,5,18,1,17,-7,20,-10,17,-9,11,-13,11,-18,10,-17,4,-17,0,-21,0,-21,-2,-18,-8,-18,-11,-20,-11,-17,-14,-12,-18,-11,-17,-11,-17,-7,-19,-4,-20,-4,-18,-4,-5,-1,0,0,0,0,0,0,0,0,0,0,0,0,0,0,0,0,0,0,-1,-4,-2,-15,1,-17,1,-13,-4,-12,-6,-17,-4,-16,-8,-11,-14,-12,-13,-15,-12,-10,-18,-6,-21,-9,-17,-6,-19,2,-24,4,-19,1,-13,7,-16,14,-18,12,-11,12,-6,19,-8,22,-5,18,4,19,6,24,1,24]"
CSI_DATA,45372,d8:b1:90:db:e8:90,-52,11,1,7,0,0,1,0,0,0,1,-94,0,8,0,709559253,0,100,0,128,1,"[100,-64,5,0,22,5,23,5,22,5,22,5,22,5,21,4,21,3,21,3,21,3,21,2,21,1,22,1,22,0,22,0,21,1,20,2,20,1,19,2,19,3,20,3,21,3,20,4,20,5,20,6,20,7,5,1,0,0,0,0,0,0,0,0,0,0,0,0,0,0,0,0,0,0,3,0,15,2,15,2,14,2,15,3,16,4,17,3,16,3,17,5,18,5,19,5,18,6,18,7,19,7,19,7,19,8,20,8,20,8,20,7,20,7,21,7,21,7,21,7,21,7,22,7,22,7,22,6]"
CSI_DATA,45373,d8:b1:90:db:e8:90,-51,11,1,7,0,0,1,0,0,0,1,-94,0,8,0,709569975,0,100,0,128,1,"[100,-64,5,0,20,-15,19,-15,19,-15,18,-15,18,-15,17,-15,16,-16,15,-16,15,-16,15,-16,14,-17,14,-17,14,-18,14,-18,14,-18,14,-18,14,-18,14,-18,14,-18,14,-17,14,-16,15,-16,15,-15,16,-14,16,-14,4,-4,0,0,0,0,0,0,0,0,0,0,0,0,0,0,0,0,0,0,2,-3,10,-12,10,-11,11,-11,12,-11,13,-11,14,-11,14,-11,15,-12,16,-12,16,-12,17,-11,17,-11,18,-11,18,-11,18,-11,18,-11,18,-12,19,-12,19,-12,19,-12,19,-12,19,-13,19,-13,19,-13,20,-13,19,-13]"
CSI_DATA,45374,d8:b1:90:db:e8:90,-51,11,1,7,0,0,1,0,0,0,1,-94,0,8,0,709582541,0,100,0,128,1,"[100,-64,5,0,10,-24,10,-23,10,-23,9,-23,8,-23,8,-23,7,-23,6,-23,5,-23,5,-23,4,-23,4,-23,3,-24,3,-24,3,-24,3,-24,3,-24,3,-24,4,-24,4,-23,4,-23,5,-22,6,-22,7,-22,8,-21,2,-6,0,0,0,0,0,0,0,0,0,0,0,0,0,0,0,0,0,0,0,-4,3,-16,4,-16,5,-16,5,-16,6,-16,7,-17,7,-18,8,-19,8,-19,9,-19,10,-19,10,-19,11,-19,11,-20,11,-20,11,-20,11,-20,11,-21,11,-21,11,-21,11,-21,11,-22,11,-22,11,-22,11,-22,11,-22]"
CSI_DATA,45375,d8:b1:90:db:e8:90,-52,11,1,7,0,0,1,0,0,0,1,-94,0,8,0,709602826,0,100,0,128,1,"[100,-64,5,0,11,20,11,20,11,19,12,18,12,18,12,17,13,17,13,16,13,16,13,16,14,15,15,15,15,16,15,16,15,16,15,16,15,16,15,16,14,16,14,16,14,16,13,16,13,16,12,17,11,17,2,4,0,0,0,0,0,0,0,0,0,0,0,0,0,0,0,0,0,0,2,2,8,11,8,11,8,12,8,13,8,14,7,15,7,16,7,16,7,17,7,18,7,18,7,18,7,19,7,19,8,19,8,19,8,19,9,19,9,19,9,19,10,19,10,19,10,19,11,19,11,20,11,20]"
CSI_DATA,45376,d8:b1:90:db:e8:90,-52,11,1,7,0,0,1,0,0,0,1,-94,0,8,0,709613098,0,100,0,128,1,"[100,-64,5,0,2,20,2,20,2,20,2,19,3,19,3,19,3,18,4,18,4,18,4,18,5,18,5,18,5,18,6,18,6,18,6,18,5,18,5,19,5,18,5,18,4,18,4,17,3,18,2,18,1,18,0,4,0,0,0,0,0,0,0,0,0,0,0,0,0,0,0,0,0,0,1,2,3,11,2,12,2,13,3,14,3,14,2,15,1,16,0,16,0,16,0,16,-1,17,-1,17,-1,17,-1,17,0,18,0,18,0,18,0,18,1,18,1,19,1,19,1,19,1,19,1,20,1,20,1,20]"
CSI_DATA,45377,d8:b1:90:db:e8:90,-52,11,1,7,0,0,1,0,0,0,1,-94,0,8,0,709647966,0,100,0,128,1,"[100,-64,5,0,12,20,12,20,12,19,12,19,12,19,12,18,13,18,13,17,13,17,14,16,14,16,15,16,15,16,14,16,15,16,15,16,15,16,14,16,14,16,14,17,13,17,13,17,12,17,11,17,10,18,2,4,0,0,0,0,0,0,0,0,0,0,0,0,0,0,0,0,0,0,2,2,8,10,8,11,8,12,8,13,7,13,8,14,8,14,8,15,8,16,8,17,8,18,8,18,8,19,7,19,7,19,7,19,7,19,7,20,8,20,8,20,8,20,9,20,10,20,11,21,11,21,11,21]"
CSI_DATA,45378,d8:b1:90:db:e8:90,-52,11,1,7,0,0,1,0,0,0,1,-94,0,8,0,709659172,0,100,0,128,1,"[100,-64,5,0,-23,-8,-22,-8,-22,-8,-23,-8,-23,-7,-23,-7,-23,-7,-22,-6,-22,-6,-22,-5,-22,-5,-22,-4,-22,-4,-22,-4,-22,-4,-22,-4,-22,-5,-21,-5,-21,-5,-21,-5,-21,-6,-21,-6,-21,-6,-21,-7,-21,-8,-5,-3,0,0,0,0,0,0,0,0,0,0,0,0,0,0,0,0,0,0,-4,-1,-16,-4,-16,-5,-17,-6,-17,-6,-17,-7,-18,-8,-18,-9,-19,-10,-19,-11,-19,-12,-19,-12,-19,-12,-19,-13,-19,-13,-20,-12,-20,-12,-20,-12,-20,-12,-20,-12,-20,-12,-21,-12,-21,-11,-22,-11,-23,-10,-23,-10,-23,-10]"
CSI_DATA,45379,d8:b1:90:db:e8:90,-51,11,1,7,0,0,1,0,0,0,1,-94,0,8,0,709674651,0,100,0,128,1,"[100,-64,5,0,-25,-2,-25,-2,-25,-1,-24,-1,-23,0,-23,0,-23,1,-23,2,-22,3,-22,3,-23,4,-23,5,-23,5,-23,5,-23,5,-23,5,-23,5,-23,4,-22,4,-22,3,-22,3,-22,2,-22,2,-22,1,-22,0,-6,0,0,0,0,0,0,0,0,0,0,0,0,0,0,0,0,0,0,0,-4,0,-15,3,-15,3,-16,2,-17,1,-17,1,-18,1,-18,1,-19,0,-20,0,-20,-1,-21,-1,-22,-1,-22,-2,-22,-2,-22,-3,-22,-3,-22,-3,-23,-3,-23,-2,-23,-2,-24,-2,-24,-2,-24,-2,-24,-1,-24,-2,-24,-2]"
CSI_DATA,45380,d8:b1:90:db:e8:90,-51,11,1,7,0,0,1,0,0,0,1,-94,0,8,0,709693161,0,100,0,128,1,"[100,-64,5,0,-25,1,-25,1,-24,1,-23,1,-23,2,-23,2,-22,3,-22,4,-22,5,-21,5,-21,6,-22,7,-22,8,-22,8,-22,8,-21,8,-21,7,-21,7,-21,6,-21,6,-21,6,-21,5,-21,4,-21,4,-22,3,-6,0,0,0,0,0,0,0,0,0,0,0,0,0,0,0,0,0,0,0,-4,1,-14,4,-15,4,-15,3,-16,2,-17,2,-17,2,-18,2,-19,2,-19,1,-20,1,-21,0,-21,0,-22,-1,-22,-1,-22,-1,-22,-1,-22,-1,-22,0,-23,0,-23,0,-23,0,-24,0,-24,0,-24,0,-24,0,-24,0]"
CSI_DATA,45381,d8:b1:90:db:e8:90,-51,11,1,7,0,0,1,0,0,0,1,-94,0,8,0,709712039,0,100,0,128,1,"[100,-64,5,0,26,9,26,9,26,9,26,8,26,8,26,7,26,7,25,6,25,5,25,4,26,3,26,2,26,2,26,2,26,2,26,2,26,2,26,3,25,3,25,3,25,3,25,4,24,5,24,6,23,7,5,2,0,0,0,0,0,0,0,0,0,0,0,0,0,0,0,0,0,0,4,0,16,3,17,4,16,4,16,4,15,5,17,5,20,5,21,6,21,7,21,8,21,9,22,10,22,10,22,11,23,11,24,11,24,10,24,10,24,10,24,10,25,10,25,10,26,10,26,10,26,10,26,10]"
CSI_DATA,45382,d8:b1:90:db:e8:90,-51,11,1,7,0,0,1,0,0,0,1,-94,0,8,0,709722384,0,100,0,128,1,"[100,-64,5,0,17,-13,17,-13,17,-13,16,-13,16,-13,15,-13,15,-13,14,-14,14,-15,13,-15,13,-15,13,-15,13,-15,13,-16,13,-16,13,-15,13,-15,13,-15,13,-15,13,-14,14,-14,14,-14,14,-13,14,-13,15,-12,3,-3,0,0,0,0,0,0,0,0,0,0,0,0,0,0,0,0,0,0,2,-2,9,-9,10,-10,10,-10,10,-10,11,-9,12,-10,13,-11,14,-10,15,-9,15,-9,16,-10,16,-10,16,-10,16,-10,16,-10,17,-10,17,-11,17,-11,17,-11,17,-11,17,-11,17,-11,17,-11,17,-12,18,-12,18,-12]"
CSI_DATA,45383,d8:b1:90:db:e8:90,-53,11,1,7,0,0,1,0,0,0,1,-94,0,8,0,709752533,0,100,0,128,1,"[100,-64,5,0,-22,-14,-22,-14,-22,-13,-21,-13,-21,-12,-21,-12,-21,-11,-21,-10,-21,-10,-21,-10,-22,-9,-22,-9,-22,-8,-21,-8,-21,-8,-22,-8,-21,-8,-21,-8,-21,-9,-20,-9,-20,-9,-19,-9,-19,-10,-18,-11,-18,-11,-5,-3,0,0,0,0,0,0,0,0,0,0,0,0,0,0,0,0,0,0,-4,-2,-14,-7,-14,-8,-15,-8,-15,-8,-16,-9,-16,-10,-16,-10,-17,-11,-17,-12,-18,-13,-18,-13,-18,-14,-18,-14,-18,-14,-18,-14,-19,-14,-19,-14,-19,-14,-20,-14,-20,-14,-21,-14,-21,-14,-21,-15,-22,-14,-21,-15,-22,-15]"
CSI_DATA,45384,d8:b1:90:db:e8:90,-51,11,1,7,0,0,1,0,0,0,1,-94,0,8,0,709765650,0,100,0,128,1,"[100,-64,5,0,12,-21,12,-21,12,-21,11,-21,11,-21,10,-21,10,-21,9,-21,8,-21,7,-21,7,-21,7,-21,7,-21,6,-22,6,-22,6,-22,6,-21,6,-21,7,-21,7,-21,7,-21,8,-21,8,-20,9,-19,10,-19,2,-5,0,0,0,0,0,0,0,0,0,0,0,0,0,0,0,0,0,0,1,-4,6,-14,7,-14,8,-14,8,-14,9,-14,10,-15,10,-15,11,-15,12,-16,12,-16,12,-17,12,-17,13,-17,13,-17,13,-17,12,-18,12,-18,12,-19,12,-19,12,-19,12,-20,12,-20,12,-21,12,-21,13,-21,13,-21]"
CSI_DATA,45385,d8:b1:90:db:e8:90,-51,11,1,7,0,0,1,0,0,0,1,-94,0,8,0,709779853,0,100,0,128,1,"[100,-64,5,0,-25,0,-25,0,-24,0,-24,1,-24,2,-24,2,-23,3,-23,3,-22,4,-22,4,-22,5,-22,5,-21,5,-21,5,-21,5,-21,5,-21,5,-21,5,-21,5,-21,4,-21,4,-21,3,-21,2,-21,1,-21,0,-6,0,0,0,0,0,0,0,0,0,0,0,0,0,0,0,0,0,0,0,-4,0,-15,2,-16,1,-16,0,-17,-1,-17,-1,-18,-1,-18,-1,-19,-1,-20,-1,-21,-2,-21,-3,-21,-3,-21,-3,-21,-3,-22,-3,-22,-3,-22,-3,-23,-3,-23,-2,-23,-2,-23,-2,-24,-2,-24,-2,-24,-2,-24,-2,-24,-2]"
CSI_DATA,45386,d8:b1:90:db:e8:90,-51,11,1,7,0,0,1,0,0,0,1,-94,0,8,0,709791940,0,100,0,128,1,"[100,-64,5,0,22,-9,22,-10,22,-10,22,-10,22,-10,21,-10,21,-11,20,-11,19,-12,19,-12,18,-13,18,-13,18,-13,18,-13,18,-13,18,-13,18,-13,18,-12,18,-12,19,-12,19,-11,19,-10,19,-10,19,-9,20,-8,5,-2,0,0,0,0,0,0,0,0,0,0,0,0,0,0,0,0,0,0,3,-2,13,-8,13,-8,14,-7,14,-7,15,-6,16,-7,17,-7,17,-7,18,-7,19,-6,19,-6,20,-6,20,-6,20,-6,21,-6,21,-6,21,-6,21,-6,21,-7,22,-7,22,-7,22,-7,22,-7,22,-8,22,-8,22,-8]"
CSI_DATA,45387,d8:b1:90:db:e8:90,-51,11,1,7,0,0,1,0,0,0,1,-94,0,8,0,709802684,0,100,0,128,1,"[100,-64,5,0,-6,23,-6,23,-6,23,-5,22,-5,22,-4,22,-4,22,-3,23,-3,23,-2,22,-2,22,-1,22,-1,22,-1,22,-1,22,-1,22,-1,22,-1,22,-1,22,-2,22,-2,21,-3,21,-4,20,-4,20,-5,20,-2,5,0,0,0,0,0,0,0,0,0,0,0,0,0,0,0,0,0,0,-1,3,-1,15,-2,15,-2,15,-2,15,-3,16,-3,17,-4,18,-4,19,-5,20,-5,20,-6,20,-6,20,-6,20,-7,21,-7,21,-7,21,-7,21,-7,21,-7,21,-7,22,-7,22,-7,23,-7,23,-6,23,-6,23,-6,23]"
CSI_DATA,45388,d8:b1:90:db:e8:90,-51,11,1,7,0,0,1,0,0,0,1,-94,0,8,0,709813385,0,100,0,128,1,"[100,-64,5,0,-24,-2,-24,-2,-24,-2,-24,-2,-23,-2,-23,-1,-23,-1,-23,0,-23,1,-24,2,-23,2,-23,3,-22,3,-22,3,-22,3,-22,3,-22,2,-22,2,-22,2,-22,1,-22,1,-22,1,-22,0,-21,-1,-22,-2,-6,-1,0,0,0,0,0,0,0,0,0,0,0,0,0,0,0,0,0,0,-4,0,-15,2,-15,1,-16,1,-17,1,-17,0,-18,0,-19,0,-20,-1,-20,-2,-21,-2,-21,-2,-21,-2,-21,-2,-22,-3,-22,-3,-22,-3,-22,-3,-22,-3,-23,-3,-23,-3,-23,-3,-24,-3,-24,-2,-24,-2,-24,-2,-24,-2]"
CSI_DATA,45389,d8:b1:90:db:e8:90,-51,11,1,7,0,0,1,0,0,0,1,-94,0,8,0,709823389,0,100,0,128,1,"[100,-64,5,0,-24,-15,-24,-15,-25,-14,-25,-13,-25,-13,-25,-12,-25,-11,-26,-10,-25,-10,-25,-9,-26,-8,-26,-8,-26,-8,-26,-7,-26,-6,-27,-7,-26,-7,-25,-7,-25,-7,-25,-8,-25,-8,-25,-8,-25,-9,-24,-11,-24,-11,-6,-3,0,0,0,0,0,0,0,0,0,0,0,0,0,0,0,0,0,0,-5,-2,-18,-9,-17,-11,-15,-11,-15,-11,-15,-13,-16,-13,-17,-13,-18,-15,-19,-16,-19,-17,-18,-17,-18,-18,-18,-19,-18,-19,-19,-18,-19,-19,-19,-19,-20,-18,-21,-17,-22,-17,-22,-17,-23,-17,-23,-17,-23,-17,-23,-16,-23,-16]"
CSI_DATA,45390,d8:b1:90:db:e8:90,-51,11,1,7,0,0,1,0,0,0,1,-94,0,8,0,709876305,0,100,0,128,1,"[100,-64,5,0,-9,22,-9,22,-9,22,-8,22,-8,22,-7,22,-6,22,-5,23,-4,23,-4,23,-3,23,-3,23,-3,23,-3,23,-2,23,-2,23,-2,23,-2,23,-2,23,-3,22,-3,22,-4,21,-4,21,-5,21,-6,21,-2,5,0,0,0,0,0,0,0,0,0,0,0,0,0,0,0,0,0,0,-1,3,-4,14,-4,14,-5,15,-5,15,-6,16,-7,17,-7,17,-8,17,-8,18,-9,18,-9,18,-10,18,-10,18,-11,19,-11,19,-11,19,-11,19,-11,20,-11,20,-10,21,-10,21,-10,21,-10,22,-10,22,-10,22,-10,22]"
CSI_DATA,45391,d8:b1:90:db:e8:90,-51,11,1,7,0,0,1,0,0,0,1,-94,0,8,0,709886380,0,100,0,128,1,"[100,-64,5,0,0,23,0,23,1,23,1,23,2,23,2,23,2,22,3,22,4,22,4,22,5,22,5,22,5,22,5,22,5,22,5,22,4,22,4,22,3,22,3,21,3,21,2,21,1,21,1,21,0,21,0,5,0,0,0,0,0,0,0,0,0,0,0,0,0,0,0,0,0,0,0,3,3,13,2,14,1,14,1,15,0,16,0,17,0,17,0,18,-1,19,-1,19,-1,20,-1,20,-1,20,-1,20,-1,21,0,21,-1,21,0,22,0,22,0,22,0,22,0,22,0,23,0,23,0,23,0,23]"
CSI_DATA,45392,d8:b1:90:db:e8:90,-51,11,1,7,0,0,1,0,0,0,1,-94,0,8,0,709898199,0,100,0,128,1,"[100,-64,5,0,-13,-21,-13,-21,-13,-20,-13,-20,-13,-20,-13,-20,-14,-19,-14,-18,-15,-18,-15,-17,-16,-17,-16,-17,-16,-17,-16,-17,-16,-17,-16,-17,-15,-17,-15,-17,-15,-18,-15,-18,-14,-18,-14,-18,-13,-18,-12,-18,-12,-18,-3,-5,0,0,0,0,0,0,0,0,0,0,0,0,0,0,0,0,0,0,-3,-3,-9,-12,-9,-13,-10,-13,-10,-14,-10,-15,-10,-15,-10,-16,-10,-17,-10,-18,-10,-18,-10,-19,-10,-19,-10,-19,-10,-20,-10,-20,-10,-20,-10,-20,-10,-21,-10,-21,-11,-21,-11,-21,-11,-21,-12,-21,-12,-21,-12,-21,-12,-21]"
CSI_DATA,45393,d8:b1:90:db:e8:90,-51,11,1,7,0,0,1,0,0,0,1,-94,0,8,0,709909055,0,100,0,128,1,"[100,-64,5,0,29,1,28,1,28,0,28,0,28,0,27,-1,27,-2,26,-3,26,-4,26,-4,26,-5,27,-5,27,-6,27,-6,27,-5,27,-5,26,-5,26,-4,26,-4,26,-3,26,-3,26,-2,25,-2,25,-1,25,0,6,0,0,0,0,0,0,0,0,0,0,0,0,0,0,0,0,0,0,0,4,-1,18,-2,18,-2,19,-2,19,-2,20,-2,21,-1,22,0,23,0,23,1,24,1,25,1,25,2,25,2,26,3,26,3,26,3,26,3,27,3,27,3,27,3,27,2,28,2,28,2,28,1,28,1,28,1]"
CSI_DATA,45394,d8:b1:90:db:e8:90,-51,11,1,7,0,0,1,0,0,0,1,-94,0,8,0,709919798,0,100,0,128,1,"[100,-64,5,0,-7,20,-7,20,-6,20,-6,20,-6,20,-6,19,-5,19,-4,19,-3,19,-3,19,-3,19,-3,20,-2,20,-2,20,-3,20,-3,20,-3,19,-3,19,-4,19,-4,19,-5,19,-5,18,-5,18,-6,18,-6,17,-2,4,0,0,0,0,0,0,0,0,0,0,0,0,0,0,0,0,0,0,-1,3,-2,15,-1,14,-2,13,-4,13,-4,13,-4,14,-4,15,-4,15,-5,16,-6,17,-7,17,-6,17,-7,17,-7,18,-7,18,-7,18,-8,18,-8,18,-7,18,-7,19,-7,19,-7,19,-7,19,-7,19,-6,19,-7,19]"
CSI_DATA,45395,d8:b1:90:db:e8:90,-51,11,1,7,0,0,1,0,0,0,1,-94,0,8,0,709934020,0,100,0,128,1,"[100,-64,5,0,-19,12,-19,12,-19,12,-18,13,-17,14,-17,14,-16,13,-16,13,-15,13,-15,13,-15,13,-15,14,-15,14,-15,14,-15,14,-15,14,-15,14,-15,13,-15,13,-15,13,-15,13,-16,12,-16,11,-16,11,-16,10,-4,2,0,0,0,0,0,0,0,0,0,0,0,0,0,0,0,0,0,0,-3,2,-11,10,-11,9,-12,8,-13,8,-13,8,-14,9,-14,9,-14,8,-16,7,-17,7,-17,8,-18,8,-18,8,-18,8,-18,8,-18,9,-19,9,-19,9,-18,9,-18,10,-18,10,-19,10,-19,11,-19,11,-19,11,-19,11]"
CSI_DATA,45396,d8:b1:90:db:e8:90,-51,11,1,7,0,0,1,0,0,0,1,-94,0,8,0,709954990,0,100,0,128,1,"[100,-64,5,0,-9,-23,-9,-23,-9,-23,-9,-22,-10,-22,-10,-22,-10,-21,-11,-20,-11,-20,-12,-19,-12,-19,-12,-19,-13,-19,-13,-20,-13,-19,-12,-19,-12,-19,-11,-19,-11,-19,-11,-19,-11,-19,-10,-19,-9,-20,-8,-20,-8,-20,-2,-5,0,0,0,0,0,0,0,0,0,0,0,0,0,0,0,0,0,0,-2,-4,-7,-14,-8,-14,-8,-14,-8,-15,-8,-16,-8,-17,-7,-18,-7,-18,-7,-19,-7,-20,-6,-21,-6,-21,-6,-21,-6,-22,-6,-22,-7,-22,-7,-22,-7,-22,-7,-22,-7,-22,-8,-22,-8,-23,-8,-23,-8,-23,-8,-23,-8,-23]"
CSI_DATA,45397,d8:b1:90:db:e8:90,-52,11,1,7,0,0,1,0,0,0,1,-94,0,8,0,709969471,0,100,0,128,1,"[100,-64,5,0,-24,-2,-24,-3,-24,-2,-24,-2,-23,-2,-23,-1,-23,-1,-22,0,-22,1,-22,1,-22,2,-23,2,-23,3,-23,3,-23,3,-23,2,-23,2,-23,2,-22,1,-22,1,-21,1,-21,1,-21,0,-21,-1,-21,-2,-6,-1,0,0,0,0,0,0,0,0,0,0,0,0,0,0,0,0,0,0,-4,0,-15,-1,-15,-1,-16,-2,-16,-2,-17,-2,-17,-3,-18,-3,-19,-4,-19,-4,-20,-5,-21,-5,-21,-5,-21,-5,-21,-5,-21,-6,-21,-6,-22,-6,-22,-5,-22,-5,-22,-5,-23,-5,-23,-5,-23,-4,-24,-4,-24,-4,-24,-4]"
CSI_DATA,45398,d8:b1:90:db:e8:90,-51,11,1,7,0,0,1,0,0,0,1,-94,0,8,0,709982942,0,100,0,128,1,"[100,-64,5,0,24,2,23,2,23,2,23,1,23,1,23,1,22,0,22,0,22,-1,22,-1,22,-2,22,-2,22,-2,22,-2,22,-2,22,-2,22,-1,22,-1,22,-1,21,-1,21,0,21,1,21,1,20,2,20,3,5,0,0,0,0,0,0,0,0,0,0,0,0,0,0,0,0,0,0,0,3,0,15,0,15,1,15,2,16,3,16,3,16,3,17,4,17,4,18,5,19,6,19,6,20,6,20,7,20,6,21,6,21,6,21,6,21,5,21,5,21,5,22,5,22,4,23,4,23,4,23,3,23,3]"
CSI_DATA,45399,d8:b1:90:db:e8:90,-51,11,1,7,0,0,1,0,0,0,1,-94,0,8,0,709995038,0,100,0,128,1,"[100,-64,5,0,-13,-22,-13,-21,-13,-21,-13,-21,-14,-21,-14,-20,-14,-20,-14,-19,-15,-19,-15,-18,-15,-18,-16,-18,-16,-18,-16,-18,-16,-18,-16,-18,-16,-18,-15,-19,-15,-19,-14,-19,-14,-19,-13,-19,-13,-19,-12,-19,-11,-20,-3,-5,0,0,0,0,0,0,0,0,0,0,0,0,0,0,0,0,0,0,-3,-4,-9,-14,-8,-14,-7,-15,-7,-15,-7,-16,-7,-17,-7,-18,-7,-18,-6,-19,-7,-20,-7,-21,-7,-21,-7,-22,-7,-22,-8,-22,-8,-22,-8,-22,-9,-22,-9,-22,-9,-22,-9,-22,-10,-22,-11,-22,-11,-22,-12,-22,-12,-22]"
CSI_DATA,45400,d8:b1:90:db:e8:90,-52,11,1,7,0,0,1,0,0,0,1,-94,0,8,0,710007919,0,100,0,128,1,"[100,-64,5,0,7,-23,7,-23,6,-23,6,-23,6,-23,5,-22,4,-23,3,-23,2,-23,2,-23,1,-23,0,-23,0,-23,0,-23,0,-23,0,-23,0,-22,0,-22,1,-22,1,-22,1,-21,2,-21,2,-21,3,-21,4,-22,1,-6,0,0,0,0,0,0,0,0,0,0,0,0,0,0,0,0,0,0,0,-4,3,-16,3,-16,3,-16,3,-17,4,-17,5,-18,5,-18,6,-18,7,-19,7,-19,7,-20,8,-20,8,-20,8,-21,8,-20,8,-20,8,-20,8,-21,8,-21,8,-21,8,-22,8,-22,8,-22,7,-22,8,-23,8,-23]"
CSI_DATA,45401,d8:b1:90:db:e8:90,-51,11,1,7,0,0,1,0,0,0,1,-94,0,8,0,710018425,0,100,0,128,1,"[100,-64,5,0,23,-1,23,-2,23,-2,23,-2,22,-2,22,-3,22,-3,21,-4,21,-4,21,-4,21,-5,20,-5,20,-5,20,-5,21,-6,21,-6,21,-6,21,-5,20,-5,20,-5,19,-5,19,-4,20,-4,20,-3,20,-2,5,-1,0,0,0,0,0,0,0,0,0,0,0,0,0,0,0,0,0,0,3,-2,14,-4,14,-4,15,-3,15,-2,16,-2,17,-2,17,-1,18,-1,18,-1,19,0,20,0,20,1,20,1,21,1,21,1,21,1,22,1,22,0,22,0,22,0,22,0,22,0,23,0,23,0,23,0,23,0]"
CSI_DATA,45402,d8:b1:90:db:e8:90,-52,11,1,7,0,0,1,0,0,0,1,-94,0,8,0,710032529,0,100,0,128,1,"[100,-64,5,0,19,6,19,5,19,5,19,5,18,4,18,4,18,4,18,3,18,3,18,3,18,2,18,2,18,2,18,2,18,2,19,2,19,2,18,2,18,2,18,2,17,2,17,3,17,3,17,4,16,5,4,1,0,0,0,0,0,0,0,0,0,0,0,0,0,0,0,0,0,0,2,0,12,1,13,1,14,1,14,2,14,2,14,3,13,3,14,3,15,4,15,5,15,6,16,6,16,6,16,6,17,7,17,7,17,6,17,6,17,6,17,6,18,6,18,6,18,6,18,6,18,6,19,6]"
CSI_DATA,45403,d8:b1:90:db:e8:90,-51,11,1,7,0,0,1,0,0,0,1,-94,0,8,0,710043918,0,100,0,128,1,"[100,-64,5,0,1,21,1,20,2,20,3,20,3,19,3,19,4,19,5,19,5,19,5,19,6,19,6,19,6,19,6,19,6,19,6,19,6,19,6,19,6,18,6,18,5,18,5,18,4,18,3,18,2,18,0,4,0,0,0,0,0,0,0,0,0,0,0,0,0,0,0,0,0,0,0,3,3,12,2,13,2,13,1,14,1,14,1,15,1,15,0,16,0,17,0,17,0,17,0,18,0,18,0,18,-1,19,-1,19,0,19,0,19,0,19,0,19,0,20,0,20,0,20,0,20,1,20,1,21]"
CSI_DATA,45404,d8:b1:90:db:e8:90,-53,11,1,7,0,0,1,0,0,0,1,-94,0,8,0,710065712,0,100,0,128,1,"[100,-64,5,0,18,-19,18,-19,17,-19,17,-19,16,-19,16,-19,15,-19,14,-19,14,-20,13,-20,13,-20,13,-20,12,-20,12,-20,12,-20,12,-20,12,-20,12,-19,13,-19,13,-18,13,-18,13,-17,13,-17,14,-16,14,-15,3,-4,0,0,0,0,0,0,0,0,0,0,0,0,0,0,0,0,0,0,2,-4,10,-14,10,-14,11,-14,12,-13,12,-13,12,-14,13,-14,14,-14,15,-14,16,-15,16,-15,17,-15,17,-15,17,-15,17,-15,18,-15,18,-16,18,-16,18,-17,18,-17,18,-17,18,-18,18,-18,18,-18,18,-18,18,-18]"
CSI_DATA,45405,d8:b1:90:db:e8:90,-53,11,1,7,0,0,1,0,0,0,1,-94,0,8,0,710075908,0,100,0,128,1,"[100,-64,5,0,21,-8,20,-8,21,-8,20,-8,20,-9,19,-9,19,-9,19,-10,18,-10,18,-10,18,-10,18,-11,17,-11,17,-11,17,-11,18,-11,17,-11,17,-11,17,-10,17,-10,17,-9,17,-9,17,-8,17,-7,17,-7,4,-2,0,0,0,0,0,0,0,0,0,0,0,0,0,0,0,0,0,0,3,-2,12,-7,13,-6,13,-6,14,-6,15,-5,15,-5,16,-6,16,-6,17,-6,18,-5,19,-5,19,-5,19,-4,19,-4,20,-5,20,-5,20,-5,20,-5,21,-6,21,-6,21,-7,21,-7,21,-7,21,-7,22,-7,22,-7]"
CSI_DATA,45406,d8:b1:90:db:e8:90,-51,11,1,7,0,0,1,0,0,0,1,-94,0,8,0,710087063,0,100,0,128,1,"[100,-64,5,0,25,0,25,0,24,0,24,-1,23,-1,23,-2,23,-2,23,-3,23,-3,22,-4,22,-4,22,-5,22,-5,22,-4,22,-4,23,-4,23,-4,22,-3,22,-3,22,-3,21,-3,21,-2,21,-1,22,0,22,1,5,0,0,0,0,0,0,0,0,0,0,0,0,0,0,0,0,0,0,0,3,-1,14,-3,14,-3,15,-2,15,-1,16,0,17,0,17,0,18,0,19,0,19,1,20,1,20,1,20,2,21,2,21,2,21,2,21,2,22,2,22,2,23,2,23,2,23,1,23,1,23,0,24,0,24,0]"
CSI_DATA,45407,d8:b1:90:db:e8:90,-51,11,1,7,0,0,1,0,0,0,1,-94,0,8,0,710104200,0,100,0,128,1,"[100,-64,5,0,10,22,10,22,11,22,11,21,11,21,12,21,12,20,12,20,12,20,13,20,13,19,13,19,13,19,14,19,14,19,14,19,14,19,13,19,13,19,12,19,12,19,11,19,11,19,10,20,9,20,2,5,0,0,0,0,0,0,0,0,0,0,0,0,0,0,0,0,0,0,1,3,7,12,7,12,7,14,7,14,6,15,6,16,6,16,6,17,6,18,5,19,5,19,5,20,5,20,5,21,6,20,7,20,7,20,7,21,8,21,8,21,9,21,9,22,9,22,9,22,9,22,10,22]"
CSI_DATA,45408,d8:b1:90:db:e8:90,-51,11,1,7,0,0,1,0,0,0,1,-94,0,8,0,710122590,0,100,0,128,1,"[100,-64,5,0,24,4,24,4,24,3,24,3,23,2,23,2,23,2,23,1,23,1,23,1,23,1,23,0,23,0,23,0,23,-1,23,-1,23,0,23,0,22,0,22,1,22,1,22,2,22,3,21,4,21,5,5,1,0,0,0,0,0,0,0,0,0,0,0,0,0,0,0,0,0,0,3,0,14,1,15,1,15,2,16,3,16,3,16,3,17,3,17,3,18,4,18,5,19,5,20,5,20,6,21,6,21,6,21,6,21,5,22,5,22,5,22,5,23,5,23,5,23,5,24,5,24,5,24,5]"
CSI_DATA,45409,d8:b1:90:db:e8:90,-51,11,1,7,0,0,1,0,0,0,1,-94,0,8,0,710142754,0,100,0,128,1,"[100,-64,5,0,11,19,11,19,11,19,11,18,11,18,12,18,12,17,12,17,12,16,13,16,13,16,13,15,13,16,13,16,13,16,13,16,13,16,12,16,12,16,11,16,11,16,11,16,10,16,10,17,9,17,2,4,0,0,0,0,0,0,0,0,0,0,0,0,0,0,0,0,0,0,1,2,7,10,7,10,6,11,6,11,6,12,6,13,7,13,7,14,7,15,7,16,7,16,7,17,6,17,6,18,6,18,6,18,6,18,7,18,8,19,8,19,9,19,9,19,9,19,10,19,10,19,10,19]"
CSI_DATA,45410,d8:b1:90:db:e8:90,-51,11,1,7,0,0,1,0,0,0,1,-94,0,8,0,710162439,0,100,0,128,1,"[100,-64,5,0,5,-24,5,-23,5,-23,5,-23,4,-23,4,-23,3,-22,2,-22,2,-22,1,-22,1,-22,1,-22,0,-23,0,-23,0,-23,0,-23,0,-22,0,-22,1,-22,1,-21,1,-20,1,-20,2,-19,3,-19,4,-18,1,-5,0,0,0,0,0,0,0,0,0,0,0,0,0,0,0,0,0,0,0,-4,1,-14,2,-14,2,-14,3,-15,4,-15,4,-15,4,-16,4,-16,5,-17,6,-18,6,-18,6,-19,6,-19,7,-19,7,-20,7,-20,7,-20,7,-20,7,-20,7,-21,7,-21,7,-22,6,-22,6,-22,6,-22,6,-22]"
CSI_DATA,45411,d8:b1:90:db:e8:90,-51,11,1,7,0,0,1,0,0,0,1,-94,0,8,0,710176398,0,100,0,128,1,"[100,-64,5,0,24,-2,24,-2,24,-2,24,-2,23,-2,23,-3,22,-3,22,-4,22,-4,22,-4,22,-5,22,-6,22,-6,22,-6,22,-6,22,-5,21,-5,21,-5,21,-5,21,-5,21,-5,21,-4,21,-4,21,-3,21,-2,5,-1,0,0,0,0,0,0,0,0,0,0,0,0,0,0,0,0,0,0,3,-1,13,-2,14,-2,14,-2,15,-2,16,-2,16,-2,16,-1,17,-1,18,-1,19,0,19,0,19,1,20,1,20,1,21,1,21,1,21,1,22,1,22,0,22,1,23,0,23,0,23,0,23,-1,23,-1,24,-1]"
CSI_DATA,45412,d8:b1:90:db:e8:90,-51,11,1,7,0,0,1,0,0,0,1,-94,0,8,0,710192428,0,100,0,128,1,"[100,-64,5,0,-8,21,-7,21,-7,21,-7,20,-7,20,-6,20,-6,20,-5,20,-5,20,-5,20,-4,20,-4,20,-4,20,-3,20,-3,20,-4,20,-4,20,-4,20,-4,19,-4,19,-4,19,-5,18,-5,18,-6,18,-7,18,-2,4,0,0,0,0,0,0,0,0,0,0,0,0,0,0,0,0,0,0,-1,3,-3,12,-3,12,-3,13,-4,14,-4,14,-4,14,-5,14,-5,15,-6,15,-6,16,-7,16,-7,17,-8,17,-8,17,-8,17,-8,18,-9,18,-9,18,-8,19,-8,19,-8,20,-8,20,-8,20,-8,20,-8,20,-8,20]"
CSI_DATA,45413,d8:b1:90:db:e8:90,-51,11,1,7,0,0,1,0,0,0,1,-94,0,8,0,710203339,0,100,0,128,1,"[100,-64,5,0,22,12,22,12,22,12,21,11,21,11,21,11,21,10,21,9,21,8,21,8,21,7,21,7,21,7,21,7,21,7,21,7,21,7,21,7,20,8,20,8,19,8,19,9,19,9,18,10,18,11,4,2,0,0,0,0,0,0,0,0,0,0,0,0,0,0,0,0,0,0,3,1,12,5,12,6,12,7,12,8,13,9,13,9,13,8,14,8,14,9,15,10,15,11,16,12,16,13,16,13,16,13,16,14,16,14,17,14,18,13,19,13,19,13,19,13,20,13,20,13,20,13,20,12]"
CSI_DATA,45414,d8:b1:90:db:e8:90,-51,11,1,7,0,0,1,0,0,0,1,-94,0,8,0,710214252,0,100,0,128,1,"[100,-64,5,0,20,-17,20,-17,19,-16,19,-16,19,-17,18,-17,17,-17,16,-18,16,-18,15,-18,15,-19,15,-19,15,-19,15,-19,15,-19,15,-19,15,-18,15,-18,15,-18,15,-17,15,-16,15,-16,16,-15,16,-15,17,-14,4,-4,0,0,0,0,0,0,0,0,0,0,0,0,0,0,0,0,0,0,2,-3,10,-10,11,-10,12,-10,13,-9,13,-9,14,-9,13,-10,14,-10,15,-10,16,-10,17,-10,18,-10,19,-10,19,-10,19,-11,19,-11,19,-11,20,-12,20,-13,20,-13,20,-13,20,-14,20,-14,20,-14,20,-14,20,-15]"
CSI_DATA,45415,d8:b1:90:db:e8:90,-51,11,1,7,0,0,1,0,0,0,1,-94,0,8,0,710234665,0,100,0,128,1,"[100,-64,5,0,-14,-18,-14,-18,-13,-18,-14,-17,-14,-17,-14,-16,-14,-16,-15,-15,-15,-15,-15,-15,-15,-14,-15,-14,-16,-14,-16,-14,-16,-14,-16,-14,-16,-14,-16,-14,-15,-14,-15,-14,-15,-14,-14,-14,-14,-15,-13,-15,-13,-15,-3,-4,0,0,0,0,0,0,0,0,0,0,0,0,0,0,0,0,0,0,-3,-3,-9,-9,-9,-10,-10,-11,-10,-12,-10,-13,-9,-14,-9,-14,-10,-15,-10,-15,-10,-16,-9,-16,-9,-16,-9,-17,-9,-17,-9,-17,-10,-17,-10,-17,-10,-18,-11,-18,-12,-18,-12,-18,-12,-18,-12,-18,-12,-18,-12,-18,-12,-19]"
CSI_DATA,45416,d8:b1:90:db:e8:90,-51,11,1,7,0,0,1,0,0,0,1,-94,0,8,0,710266451,0,100,0,128,1,"[100,-64,5,0,20,12,20,12,20,12,20,11,20,10,20,10,20,9,21,9,21,8,21,8,21,7,22,6,22,6,21,6,21,6,21,6,21,6,21,6,21,7,21,7,20,7,20,7,19,8,17,9,16,10,3,2,0,0,0,0,0,0,0,0,0,0,0,0,0,0,0,0,0,0,3,1,13,4,13,5,13,6,13,7,14,8,14,9,14,9,15,10,15,11,15,12,16,12,16,12,16,13,16,13,16,13,16,14,17,14,17,14,17,13,17,13,17,13,18,13,19,12,19,12,20,12,20,13]"
CSI_DATA,45417,d8:b1:90:db:e8:90,-52,11,1,7,0,0,1,0,0,0,1,-94,0,8,0,710284751,0,100,0,128,1,"[100,-64,5,0,-18,-16,-18,-16,-18,-15,-18,-15,-18,-15,-18,-14,-18,-13,-19,-12,-20,-12,-20,-11,-20,-11,-21,-11,-20,-11,-20,-11,-20,-11,-20,-11,-20,-11,-20,-11,-20,-11,-19,-12,-19,-12,-19,-12,-18,-12,-17,-13,-17,-14,-5,-4,0,0,0,0,0,0,0,0,0,0,0,0,0,0,0,0,0,0,-3,-2,-12,-9,-12,-9,-12,-10,-12,-10,-12,-11,-12,-11,-12,-12,-12,-12,-13,-13,-13,-14,-14,-15,-14,-15,-14,-16,-14,-16,-14,-16,-14,-16,-14,-16,-14,-16,-15,-16,-16,-16,-16,-16,-17,-16,-17,-15,-18,-15,-18,-15,-18,-15]"
CSI_DATA,45418,d8:b1:90:db:e8:90,-52,11,1,7,0,0,1,0,0,0,1,-94,0,8,0,710296811,0,100,0,128,1,"[100,-64,5,0,-16,17,-15,17,-15,17,-15,18,-14,18,-13,18,-13,18,-13,18,-12,18,-12,18,-12,19,-11,19,-11,19,-11,19,-11,20,-11,20,-11,20,-11,19,-11,19,-12,19,-12,18,-12,18,-13,18,-14,17,-14,16,-4,4,0,0,0,0,0,0,0,0,0,0,0,0,0,0,0,0,0,0,-2,3,-8,12,-8,12,-9,12,-10,12,-11,12,-11,12,-12,13,-13,13,-14,13,-14,13,-14,14,-14,14,-15,14,-15,14,-15,14,-15,14,-15,14,-15,15,-15,15,-15,16,-15,16,-16,16,-16,17,-16,17,-16,17,-16,17]"
CSI_DATA,45419,d8:b1:90:db:e8:90,-52,11,1,7,0,0,1,0,0,0,1,-94,0,8,0,710307934,0,100,0,128,1,"[100,-64,5,0,-19,-15,-19,-14,-19,-14,-19,-14,-19,-13,-19,-13,-19,-12,-19,-11,-19,-11,-20,-10,-20,-10,-21,-9,-21,-9,-21,-9,-21,-9,-21,-9,-21,-9,-21,-10,-21,-10,-20,-10,-20,-10,-20,-10,-19,-11,-19,-12,-18,-13,-5,-4,0,0,0,0,0,0,0,0,0,0,0,0,0,0,0,0,0,0,-3,-2,-12,-8,-12,-9,-12,-10,-13,-11,-13,-11,-13,-12,-13,-12,-13,-13,-13,-14,-14,-14,-14,-14,-15,-14,-15,-15,-15,-15,-15,-15,-15,-15,-15,-15,-16,-15,-16,-15,-16,-15,-17,-15,-17,-15,-18,-15,-18,-15,-18,-15,-18,-15]"
CSI_DATA,45420,d8:b1:90:db:e8:90,-51,11,1,7,0,0,1,0,0,0,1,-94,0,8,0,710320689,0,100,0,128,1,"[100,-64,5,0,-24,5,-24,5,-24,6,-23,6,-23,6,-22,7,-22,7,-22,7,-21,7,-21,8,-21,8,-21,9,-21,9,-21,9,-21,10,-21,10,-21,10,-21,10,-21,9,-21,10,-21,9,-21,9,-22,8,-22,7,-22,6,-6,1,0,0,0,0,0,0,0,0,0,0,0,0,0,0,0,0,0,0,-4,1,-14,5,-14,5,-15,4,-15,3,-16,3,-17,3,-18,3,-18,3,-19,3,-20,2,-20,2,-21,1,-21,1,-21,1,-21,1,-22,1,-22,2,-22,2,-23,3,-23,3,-23,3,-23,3,-23,3,-24,4,-24,4,-24,3]"
CSI_DATA,45421,d8:b1:90:db:e8:90,-51,11,1,7,0,0,1,0,0,0,1,-94,0,8,0,710332517,0,100,0,128,1,"[100,-64,5,0,10,19,10,18,11,18,11,18,11,17,11,17,11,16,12,16,12,16,13,15,13,15,13,15,13,15,13,15,14,15,14,15,14,15,14,15,14,15,14,15,13,15,13,15,13,15,12,16,11,17,2,4,0,0,0,0,0,0,0,0,0,0,0,0,0,0,0,0,0,0,2,2,8,9,7,10,7,11,7,12,6,13,6,13,8,13,8,14,7,15,7,16,6,16,6,16,6,17,7,17,7,17,7,18,7,18,7,18,7,18,8,18,8,18,8,18,9,18,9,19,9,19,10,19]"
CSI_DATA,45422,d8:b1:90:db:e8:90,-52,11,1,7,0,0,1,0,0,0,1,-94,0,8,0,710343278,0,100,0,128,1,"[100,-64,5,0,19,-3,19,-3,19,-4,19,-4,19,-4,18,-4,18,-5,18,-6,17,-6,17,-7,17,-7,17,-7,18,-8,18,-8,18,-8,18,-8,18,-8,18,-8,17,-7,17,-7,17,-7,17,-6,18,-6,18,-5,18,-4,4,-1,0,0,0,0,0,0,0,0,0,0,0,0,0,0,0,0,0,0,2,-2,10,-4,11,-3,12,-3,12,-3,13,-4,14,-4,14,-3,14,-3,15,-3,16,-3,17,-2,17,-2,18,-2,18,-2,18,-2,18,-2,18,-2,18,-2,18,-2,19,-2,19,-2,19,-3,19,-3,19,-3,20,-3,20,-3]"
CSI_DATA,45423,d8:b1:90:db:e8:90,-51,11,1,7,0,0,1,0,0,0,1,-94,0,8,0,710366365,0,100,0,128,1,"[100,-64,5,0,-22,10,-22,10,-22,10,-22,11,-21,12,-21,12,-20,12,-19,13,-18,14,-18,14,-18,15,-18,15,-17,15,-17,15,-17,15,-17,15,-18,14,-17,14,-17,14,-17,14,-18,13,-18,13,-18,12,-19,11,-20,10,-5,2,0,0,0,0,0,0,0,0,0,0,0,0,0,0,0,0,0,0,-4,2,-14,8,-14,7,-15,6,-16,6,-16,6,-17,6,-18,5,-19,5,-19,5,-20,5,-21,6,-21,6,-21,5,-21,5,-21,5,-21,5,-21,5,-21,6,-22,7,-22,7,-22,8,-22,8,-22,9,-22,9,-23,9,-23,9]"
CSI_DATA,45424,d8:b1:90:db:e8:90,-51,11,1,7,0,0,1,0,0,0,1,-94,0,8,0,710391067,0,100,0,128,1,"[100,-64,5,0,22,6,22,6,22,6,22,6,22,5,22,4,22,4,21,3,21,3,21,3,21,2,21,1,21,1,21,1,22,1,22,1,22,1,22,1,21,1,21,1,21,2,21,3,20,4,20,5,20,6,5,1,0,0,0,0,0,0,0,0,0,0,0,0,0,0,0,0,0,0,3,0,14,0,14,0,14,2,15,3,15,3,16,4,17,4,17,4,18,5,18,6,19,6,19,7,19,8,19,8,19,7,20,7,20,7,20,7,21,6,21,6,21,6,21,6,22,6,22,7,22,7,22,7]"
CSI_DATA,45425,d8:b1:90:db:e8:90,-52,11,1,7,0,0,1,0,0,0,1,-94,0,8,0,710402216,0,100,0,128,1,"[100,-64,5,0,22,-8,22,-9,21,-9,21,-10,21,-10,20,-10,20,-10,19,-10,19,-11,18,-11,18,-12,18,-12,18,-12,18,-12,18,-12,18,-12,18,-12,18,-12,18,-12,18,-12,18,-11,18,-11,19,-10,19,-9,20,-8,5,-2,0,0,0,0,0,0,0,0,0,0,0,0,0,0,0,0,0,0,2,-3,12,-9,12,-8,13,-8,14,-8,14,-8,15,-7,15,-7,16,-7,17,-7,18,-7,19,-7,19,-7,20,-6,20,-6,20,-5,20,-5,20,-6,20,-6,20,-7,20,-7,21,-7,21,-8,22,-8,22,-8,22,-8,22,-8]"
CSI_DATA,45426,d8:b1:90:db:e8:90,-51,11,1,7,0,0,1,0,0,0,1,-94,0,8,0,710413006,0,100,0,128,1,"[100,-64,5,0,-22,6,-21,6,-21,6,-21,7,-21,7,-21,7,-20,7,-20,7,-20,8,-19,8,-19,9,-19,9,-19,9,-19,9,-19,9,-19,9,-18,9,-18,8,-18,8,-19,7,-19,7,-19,7,-19,6,-19,6,-20,5,-5,1,0,0,0,0,0,0,0,0,0,0,0,0,0,0,0,0,0,0,-4,1,-14,6,-14,6,-14,5,-15,5,-15,5,-16,5,-17,5,-17,4,-18,4,-19,4,-20,4,-20,3,-20,3,-20,3,-21,3,-21,4,-21,4,-21,4,-21,4,-21,4,-21,4,-21,5,-22,5,-22,6,-22,6,-22,5]"
CSI_DATA,45427,d8:b1:90:db:e8:90,-51,11,1,7,0,0,1,0,0,0,1,-94,0,8,0,710425678,0,100,0,128,1,"[100,-64,5,0,21,9,21,9,21,9,22,8,22,8,22,7,22,7,21,6,21,6,21,5,21,5,22,4,22,4,22,4,22,4,21,4,21,4,21,4,20,5,20,5,20,5,20,6,20,7,20,8,19,9,4,2,0,0,0,0,0,0,0,0,0,0,0,0,0,0,0,0,0,0,3,0,14,4,14,5,15,5,15,5,15,5,15,6,16,7,16,8,16,9,16,9,17,10,17,11,18,12,18,12,18,11,18,10,19,10,19,10,19,10,19,10,20,10,20,10,21,10,22,10,21,10,21,10]"
CSI_DATA,45428,d8:b1:90:db:e8:90,-51,11,1,7,0,0,1,0,0,0,1,-94,0,8,0,710436900,0,100,0,128,1,"[100,-64,5,0,15,-21,15,-21,14,-21,14,-21,14,-21,13,-21,12,-21,11,-21,11,-21,10,-21,10,-22,9,-22,9,-22,9,-22,9,-22,9,-22,10,-22,10,-22,10,-22,10,-22,10,-21,10,-21,11,-20,11,-20,12,-19,3,-5,0,0,0,0,0,0,0,0,0,0,0,0,0,0,0,0,0,0,1,-4,6,-15,6,-14,6,-13,7,-14,8,-15,9,-16,10,-17,12,-17,12,-17,13,-16,13,-16,13,-16,14,-16,14,-16,15,-17,15,-17,15,-17,16,-17,16,-18,16,-19,16,-19,16,-19,15,-19,15,-20,16,-20,16,-20]"
CSI_DATA,45429,d8:b1:90:db:e8:90,-51,11,1,7,0,0,1,0,0,0,1,-94,0,8,0,710450472,0,100,0,128,1,"[100,-64,5,0,19,-12,19,-11,19,-12,19,-12,18,-12,18,-13,17,-13,16,-13,16,-13,16,-13,15,-14,15,-15,15,-15,15,-15,15,-15,15,-15,15,-15,15,-15,14,-15,14,-15,15,-14,15,-14,15,-13,16,-12,16,-12,4,-3,0,0,0,0,0,0,0,0,0,0,0,0,0,0,0,0,0,0,2,-3,10,-9,10,-9,11,-8,12,-8,13,-8,13,-8,14,-8,15,-9,16,-8,16,-8,17,-7,17,-7,17,-7,18,-7,18,-7,18,-8,18,-8,19,-8,19,-8,19,-9,19,-9,19,-10,19,-10,19,-10,20,-10,20,-10]"
CSI_DATA,45430,d8:b1:90:db:e8:90,-51,11,1,7,0,0,1,0,0,0,1,-94,0,8,0,710468886,0,100,0,128,1,"[100,-64,5,0,-11,22,-11,22,-11,22,-10,21,-10,21,-9,21,-8,21,-7,22,-6,22,-5,22,-5,22,-5,22,-5,22,-5,23,-5,22,-5,22,-5,21,-5,21,-5,21,-5,21,-5,21,-6,20,-7,20,-8,19,-9,19,-3,4,0,0,0,0,0,0,0,0,0,0,0,0,0,0,0,0,0,0,-2,3,-6,13,-7,13,-7,14,-7,14,-8,15,-8,15,-9,15,-10,16,-10,16,-10,17,-10,17,-11,18,-11,18,-11,18,-11,18,-12,18,-12,18,-12,19,-11,20,-11,20,-11,21,-11,21,-11,22,-11,22,-11,22,-11,22]"
CSI_DATA,45431,d8:b1:90:db:e8:90,-51,11,1,7,0,0,1,0,0,0,1,-94,0,8,0,710481542,0,100,0,128,1,"[100,-64,5,0,-23,-11,-23,-11,-23,-10,-22,-10,-22,-10,-22,-9,-22,-8,-23,-7,-23,-6,-23,-6,-24,-5,-24,-5,-24,-5,-23,-5,-23,-5,-22,-5,-22,-5,-22,-6,-22,-6,-22,-6,-22,-6,-22,-6,-21,-7,-20,-8,-20,-9,-5,-3,0,0,0,0,0,0,0,0,0,0,0,0,0,0,0,0,0,0,-4,-2,-14,-5,-15,-6,-15,-6,-16,-7,-16,-7,-17,-8,-17,-8,-17,-9,-18,-9,-18,-10,-19,-9,-19,-10,-20,-10,-20,-10,-20,-11,-20,-11,-20,-11,-20,-11,-21,-10,-22,-10,-22,-10,-23,-10,-23,-10,-23,-10,-23,-10,-23,-10]"
CSI_DATA,45432,d8:b1:90:db:e8:90,-51,11,1,7,0,0,1,0,0,0,1,-94,0,8,0,710493538,0,100,0,128,1,"[100,-64,5,0,-14,-21,-13,-21,-13,-21,-14,-20,-15,-20,-15,-19,-15,-19,-16,-18,-17,-17,-17,-17,-18,-16,-18,-16,-18,-16,-17,-16,-18,-16,-18,-16,-18,-16,-18,-17,-17,-17,-17,-17,-17,-17,-16,-17,-16,-17,-15,-18,-14,-18,-4,-5,0,0,0,0,0,0,0,0,0,0,0,0,0,0,0,0,0,0,-3,-3,-11,-11,-11,-11,-11,-12,-11,-13,-11,-14,-11,-15,-11,-16,-11,-17,-11,-18,-11,-19,-12,-19,-12,-19,-12,-20,-12,-20,-12,-20,-12,-20,-12,-20,-12,-20,-12,-21,-12,-21,-12,-21,-13,-21,-13,-22,-14,-22,-13,-22,-13,-22]"
CSI_DATA,45433,d8:b1:90:db:e8:90,-51,11,1,7,0,0,1,0,0,0,1,-94,0,8,0,710504332,0,100,0,128,1,"[100,-64,5,0,-5,24,-5,24,-4,23,-3,23,-2,23,-2,23,-1,23,0,23,1,23,2,22,2,22,2,22,2,22,3,22,3,22,3,23,3,23,3,22,2,22,2,23,1,22,1,22,0,22,-1,22,-1,22,-1,5,0,0,0,0,0,0,0,0,0,0,0,0,0,0,0,0,0,0,0,3,1,15,0,15,-1,15,-1,16,-2,16,-2,17,-3,18,-4,19,-4,20,-5,20,-4,20,-4,21,-5,21,-5,21,-5,21,-5,21,-5,21,-5,22,-5,22,-5,22,-5,23,-5,23,-5,24,-5,24,-5,24,-5,24]"
CSI_DATA,45434,d8:b1:90:db:e8:90,-51,11,1,7,0,0,1,0,0,0,1,-94,0,8,0,710517737,0,100,0,128,1,"[100,-64,5,0,21,10,22,9,22,9,22,8,21,7,21,7,21,6,21,6,21,5,21,5,21,4,21,4,21,4,22,4,22,4,22,4,21,5,21,5,21,5,21,5,21,5,21,6,20,7,20,7,19,8,4,2,0,0,0,0,0,0,0,0,0,0,0,0,0,0,0,0,0,0,3,0,15,3,15,3,15,4,15,5,15,6,16,6,17,6,18,7,18,7,18,8,18,9,18,9,19,10,19,10,19,10,19,10,19,10,19,10,20,10,20,11,20,10,21,10,21,11,22,11,22,11,22,11]"
CSI_DATA,45435,d8:b1:90:db:e8:90,-51,11,1,7,0,0,1,0,0,0,1,-94,0,8,0,710527932,0,100,0,128,1,"[100,-64,5,0,20,10,20,10,20,10,20,9,20,8,20,8,20,7,20,6,20,6,20,5,20,5,20,5,20,5,20,5,20,5,20,4,20,4,20,4,19,4,20,4,19,5,19,5,19,6,18,7,18,7,4,2,0,0,0,0,0,0,0,0,0,0,0,0,0,0,0,0,0,0,3,1,12,4,13,5,13,5,13,6,13,6,14,7,14,7,15,8,15,9,15,9,15,10,15,10,15,11,16,11,16,11,16,12,16,12,16,11,17,11,18,10,18,10,19,10,19,11,19,11,19,11,19,11]"
CSI_DATA,45436,d8:b1:90:db:e8:90,-51,11,1,7,0,0,1,0,0,0,1,-94,0,8,0,710542041,0,100,0,128,1,"[100,-64,5,0,10,20,10,19,10,19,10,19,10,18,10,18,11,17,11,17,12,16,12,16,12,16,12,15,12,16,12,16,12,16,13,15,12,15,12,15,12,16,12,16,12,16,11,16,10,16,10,16,9,16,2,4,0,0,0,0,0,0,0,0,0,0,0,0,0,0,0,0,0,0,2,3,7,12,6,11,6,11,7,12,7,13,7,15,7,16,7,16,7,16,7,16,6,16,6,17,6,18,6,18,6,19,6,19,6,19,6,19,7,19,8,19,8,19,8,20,9,20,9,20,9,20,9,20]"
CSI_DATA,45437,d8:b1:90:db:e8:90,-51,11,1,7,0,0,1,0,0,0,1,-94,0,8,0,710552238,0,100,0,128,1,"[100,-64,5,0,-4,24,-4,24,-3,24,-3,23,-2,23,-2,23,-1,23,-1,23,0,23,0,23,1,23,1,23,1,23,2,23,2,23,2,22,2,22,1,22,1,22,1,22,0,22,0,21,-1,21,-2,22,-3,22,-1,5,0,0,0,0,0,0,0,0,0,0,0,0,0,0,0,0,0,0,0,3,-1,15,-1,16,-1,16,-1,16,-2,17,-2,17,-3,18,-4,18,-4,19,-5,20,-5,20,-6,21,-6,21,-6,21,-6,21,-7,21,-7,21,-6,22,-5,22,-5,22,-5,23,-5,23,-5,23,-4,24,-4,24,-4,24]"
CSI_DATA,45438,d8:b1:90:db:e8:90,-53,11,1,7,0,0,1,0,0,0,1,-94,0,8,0,710570257,0,100,0,128,1,"[100,-64,5,0,-19,14,-19,14,-18,14,-18,14,-17,14,-17,14,-16,14,-16,14,-15,14,-15,15,-14,15,-14,15,-14,15,-14,15,-14,15,-13,15,-13,15,-13,15,-13,14,-13,14,-13,13,-13,13,-14,12,-14,12,-15,11,-4,2,0,0,0,0,0,0,0,0,0,0,0,0,0,0,0,0,0,0,-3,2,-11,10,-11,10,-11,10,-12,10,-13,10,-13,10,-14,10,-15,11,-15,11,-16,11,-17,11,-17,11,-18,11,-18,11,-18,11,-18,11,-19,11,-19,12,-19,12,-19,12,-19,13,-19,13,-19,14,-19,14,-19,14,-19,14]"
CSI_DATA,45439,d8:b1:90:db:e8:90,-51,11,1,7,0,0,1,0,0,0,1,-94,0,8,0,710600161,0,100,0,128,1,"[100,-64,5,0,6,-24,6,-23,6,-23,5,-23,5,-22,4,-22,4,-22,3,-23,3,-23,2,-23,2,-23,1,-23,1,-22,1,-22,1,-22,1,-22,1,-22,1,-22,2,-22,2,-22,2,-21,2,-21,3,-21,4,-21,5,-21,1,-6,0,0,0,0,0,0,0,0,0,0,0,0,0,0,0,0,0,0,0,-4,2,-15,2,-15,2,-15,2,-16,3,-16,4,-17,4,-17,5,-18,5,-18,5,-19,5,-19,5,-20,5,-20,6,-20,6,-21,6,-21,6,-21,6,-21,6,-21,6,-22,6,-22,6,-22,6,-23,6,-23,6,-23,6,-23]"
CSI_DATA,45440,d8:b1:90:db:e8:90,-51,11,1,7,0,0,1,0,0,0,1,-94,0,8,0,710611900,0,100,0,128,1,"[100,-64,5,0,20,13,20,13,20,13,20,13,20,12,20,11,20,11,20,11,20,10,20,10,20,9,20,9,20,8,21,9,21,9,20,9,20,9,19,9,19,9,20,9,20,9,19,10,19,10,18,11,17,12,4,3,0,0,0,0,0,0,0,0,0,0,0,0,0,0,0,0,0,0,3,1,13,6,13,7,14,7,14,8,14,8,15,9,15,10,15,10,16,11,16,12,17,12,17,12,17,12,17,12,17,13,18,13,18,13,18,13,18,13,19,13,19,13,19,13,20,14,20,14,20,14,20,14]"
CSI_DATA,45441,d8:b1:90:db:e8:90,-51,11,1,7,0,0,1,0,0,0,1,-94,0,8,0,710622358,0,100,0,128,1,"[100,-64,5,0,24,-3,24,-3,24,-3,24,-4,24,-4,23,-4,23,-5,22,-6,22,-7,22,-7,22,-8,22,-9,22,-9,22,-9,22,-9,21,-9,21,-9,21,-8,21,-8,20,-8,20,-7,20,-6,20,-6,20,-5,21,-4,5,-1,0,0,0,0,0,0,0,0,0,0,0,0,0,0,0,0,0,0,3,-2,14,-6,14,-6,15,-5,16,-4,16,-4,17,-4,18,-4,19,-4,20,-4,20,-4,21,-4,21,-3,22,-3,22,-2,22,-2,22,-2,22,-2,23,-2,23,-3,23,-3,23,-3,24,-3,24,-3,25,-4,24,-3,24,-3]"
CSI_DATA,45442,d8:b1:90:db:e8:90,-51,11,1,7,0,0,1,0,0,0,1,-94,0,8,0,710632504,0,100,0,128,1,"[100,-64,5,0,-3,-25,-3,-25,-3,-25,-4,-25,-4,-25,-4,-25,-5,-24,-6,-24,-7,-24,-7,-24,-8,-23,-9,-23,-9,-23,-9,-23,-9,-23,-9,-23,-9,-23,-8,-23,-8,-23,-7,-22,-7,-22,-6,-22,-5,-22,-4,-22,-3,-22,-1,-6,0,0,0,0,0,0,0,0,0,0,0,0,0,0,0,0,0,0,-2,-4,-6,-14,-6,-15,-5,-16,-5,-16,-5,-17,-4,-18,-5,-19,-5,-20,-4,-20,-4,-21,-4,-22,-4,-23,-4,-23,-3,-23,-3,-23,-3,-23,-3,-23,-3,-23,-3,-24,-4,-25,-4,-25,-4,-26,-4,-26,-4,-26,-4,-26,-3,-26]"
CSI_DATA,45443,d8:b1:90:db:e8:90,-51,11,1,7,0,0,1,0,0,0,1,-94,0,8,0,710643571,0,100,0,128,1,"[100,-64,5,0,-22,-2,-22,-2,-22,-2,-22,-1,-21,-1,-21,-1,-21,-1,-21,0,-21,0,-20,1,-20,1,-20,1,-20,1,-20,1,-20,1,-20,2,-20,1,-20,1,-20,1,-20,1,-20,0,-20,0,-20,-1,-20,-1,-20,-2,-5,-1,0,0,0,0,0,0,0,0,0,0,0,0,0,0,0,0,0,0,-4,0,-13,1,-14,0,-14,-1,-15,0,-16,0,-17,0,-17,-1,-18,-2,-18,-3,-19,-4,-19,-3,-19,-3,-19,-4,-19,-4,-19,-4,-20,-4,-20,-4,-20,-3,-20,-3,-20,-3,-21,-3,-21,-3,-22,-2,-22,-2,-22,-2,-22,-3]"
CSI_DATA,45444,d8:b1:90:db:e8:90,-51,11,1,7,0,0,1,0,0,0,1,-94,0,8,0,710674367,0,100,0,128,1,"[100,-64,5,0,21,3,21,2,21,2,21,2,20,2,20,1,20,1,20,0,19,0,19,-1,19,-1,20,-1,20,-1,20,-1,20,-1,20,-1,19,-1,19,-1,19,-1,19,-1,19,-1,19,0,19,0,19,1,19,2,4,0,0,0,0,0,0,0,0,0,0,0,0,0,0,0,0,0,0,0,3,0,13,0,13,0,14,0,14,1,14,1,15,2,15,3,16,3,17,4,17,4,17,4,17,4,18,4,18,4,19,4,19,4,19,4,19,4,19,4,19,4,20,4,20,3,21,3,21,3,21,3,21,3]"
CSI_DATA,45445,d8:b1:90:db:e8:90,-51,11,1,7,0,0,1,0,0,0,1,-94,0,8,0,710688488,0,100,0,128,1,"[100,-64,5,0,-23,0,-23,0,-22,0,-22,0,-22,1,-21,1,-21,2,-21,2,-21,2,-21,3,-21,3,-21,3,-21,4,-21,4,-21,4,-21,4,-20,4,-20,4,-20,4,-20,3,-20,3,-20,2,-20,2,-20,1,-20,0,-5,0,0,0,0,0,0,0,0,0,0,0,0,0,0,0,0,0,0,0,-4,0,-14,1,-14,0,-15,-1,-15,-1,-16,-1,-16,-2,-17,-2,-17,-2,-18,-3,-18,-3,-19,-3,-19,-3,-19,-4,-19,-4,-20,-4,-20,-4,-20,-4,-21,-3,-21,-3,-22,-3,-22,-2,-22,-2,-22,-2,-22,-3,-23,-2,-23,-2]"
CSI_DATA,45446,d8:b1:90:db:e8:90,-51,11,1,7,0,0,1,0,0,0,1,-94,0,8,0,710703023,0,100,0,128,1,"[100,-64,5,0,3,-24,3,-24,3,-24,3,-25,2,-24,2,-24,1,-24,1,-24,0,-24,0,-24,-1,-23,-1,-23,-2,-23,-2,-23,-2,-23,-2,-23,-2,-23,-1,-23,-1,-22,-1,-22,-1,-22,0,-22,1,-22,2,-22,2,-22,0,-6,0,0,0,0,0,0,0,0,0,0,0,0,0,0,0,0,0,0,-1,-4,0,-15,0,-16,1,-16,2,-17,2,-17,3,-18,3,-18,3,-19,4,-19,5,-20,5,-20,5,-21,6,-21,6,-21,6,-21,6,-21,6,-22,6,-22,6,-23,6,-23,6,-23,5,-23,4,-24,4,-24,4,-24,4,-25]"
CSI_DATA,45447,d8:b1:90:db:e8:90,-51,11,1,7,0,0,1,0,0,0,1,-94,0,8,0,710713368,0,100,0,128,1,"[100,-64,5,0,-11,-23,-11,-22,-11,-22,-12,-22,-12,-22,-12,-21,-13,-21,-13,-20,-13,-20,-13,-20,-14,-19,-14,-18,-15,-18,-15,-18,-15,-18,-14,-18,-14,-18,-14,-18,-14,-18,-14,-18,-14,-18,-13,-18,-12,-19,-11,-19,-10,-20,-3,-5,0,0,0,0,0,0,0,0,0,0,0,0,0,0,0,0,0,0,-3,-4,-9,-13,-8,-14,-8,-14,-8,-15,-8,-16,-7,-16,-7,-17,-7,-18,-7,-18,-7,-19,-7,-20,-7,-21,-7,-21,-7,-22,-7,-22,-7,-22,-7,-22,-7,-22,-8,-22,-8,-22,-8,-22,-9,-23,-10,-23,-10,-23,-10,-23,-10,-23]"
CSI_DATA,45448,d8:b1:90:db:e8:90,-51,11,1,7,0,0,1,0,0,0,1,-94,0,8,0,710726892,0,100,0,128,1,"[100,-64,5,0,-23,-11,-23,-11,-23,-11,-23,-10,-23,-10,-23,-10,-22,-9,-22,-8,-22,-8,-22,-7,-23,-7,-23,-7,-23,-7,-23,-7,-23,-7,-22,-7,-22,-7,-22,-7,-21,-7,-21,-7,-21,-8,-21,-8,-20,-9,-20,-9,-20,-10,-5,-3,0,0,0,0,0,0,0,0,0,0,0,0,0,0,0,0,0,0,-4,-2,-15,-5,-15,-5,-16,-6,-16,-7,-16,-7,-17,-8,-17,-8,-18,-9,-18,-10,-19,-10,-19,-10,-19,-11,-19,-11,-19,-11,-19,-11,-20,-11,-20,-11,-20,-11,-21,-11,-21,-11,-21,-11,-21,-11,-22,-11,-22,-10,-22,-11,-23,-11]"
CSI_DATA,45449,d8:b1:90:db:e8:90,-51,11,1,7,0,0,1,0,0,0,1,-94,0,8,0,710738637,0,100,0,128,1,"[100,-64,5,0,20,-1,21,-1,21,-1,21,-1,20,-1,20,-2,20,-2,19,-2,19,-3,19,-3,19,-4,19,-4,19,-4,20,-4,19,-3,19,-3,18,-3,18,-3,18,-3,18,-3,18,-2,18,-2,18,-1,18,-1,18,0,4,0,0,0,0,0,0,0,0,0,0,0,0,0,0,0,0,0,0,0,3,-1,13,-3,13,-2,13,-1,14,0,14,0,15,-1,15,-1,15,0,16,0,17,0,17,0,17,0,18,1,18,0,18,1,18,1,18,1,19,1,19,0,19,0,20,0,20,0,20,-1,20,-1,20,-1,20,0]"
CSI_DATA,45450,d8:b1:90:db:e8:90,-51,11,1,7,0,0,1,0,0,0,1,-94,0,8,0,710752733,0,100,0,128,1,"[100,-64,5,0,6,-21,6,-21,6,-21,6,-21,5,-21,5,-21,4,-21,3,-21,2,-21,1,-21,1,-21,1,-21,0,-21,0,-21,0,-21,1,-21,1,-21,1,-21,1,-21,1,-21,1,-20,2,-20,2,-20,3,-19,4,-19,1,-5,0,0,0,0,0,0,0,0,0,0,0,0,0,0,0,0,0,0,0,-4,2,-13,2,-14,3,-15,4,-15,5,-15,5,-15,5,-15,5,-16,6,-15,6,-16,7,-17,7,-18,8,-18,8,-18,8,-18,8,-18,8,-19,8,-19,8,-19,8,-19,7,-20,7,-20,7,-20,7,-20,7,-21,7,-21]"
CSI_DATA,45451,d8:b1:90:db:e8:90,-52,11,1,7,0,0,1,0,0,0,1,-94,0,8,0,710776094,0,100,0,128,1,"[100,-64,5,0,-11,21,-11,21,-11,21,-10,21,-9,21,-8,21,-8,21,-7,21,-6,20,-6,20,-6,20,-6,21,-6,21,-6,21,-5,21,-6,21,-6,21,-6,21,-6,20,-7,20,-8,20,-8,19,-9,18,-10,17,-11,17,-3,4,0,0,0,0,0,0,0,0,0,0,0,0,0,0,0,0,0,0,-2,3,-6,13,-6,13,-7,13,-8,13,-8,14,-9,14,-9,14,-10,15,-11,15,-11,15,-11,16,-11,16,-12,16,-12,17,-12,18,-11,18,-11,18,-11,19,-11,19,-10,20,-10,20,-10,20,-10,21,-10,21,-11,21,-11,21]"
CSI_DATA,45452,d8:b1:90:db:e8:90,-51,11,1,7,0,0,1,0,0,0,1,-94,0,8,0,710788075,0,100,0,128,1,"[100,-64,5,0,20,-4,20,-4,20,-4,21,-4,20,-5,20,-5,20,-6,19,-6,19,-6,19,-6,19,-7,19,-7,19,-8,19,-8,19,-8,19,-8,19,-7,19,-7,18,-7,18,-7,18,-6,18,-6,18,-5,18,-4,18,-3,4,-1,0,0,0,0,0,0,0,0,0,0,0,0,0,0,0,0,0,0,2,-1,11,-4,12,-3,12,-3,13,-2,13,-2,14,-2,15,-2,15,-2,16,-1,17,-1,17,0,18,0,18,1,18,1,18,0,19,0,19,0,19,0,19,-1,20,-1,20,-2,20,-2,20,-2,20,-2,21,-3,21,-3]"
CSI_DATA,45453,d8:b1:90:db:e8:90,-52,11,1,7,0,0,1,0,0,0,1,-94,0,8,0,710803447,0,100,0,128,1,"[100,-64,5,0,15,17,15,17,16,16,16,16,16,16,16,15,16,15,16,14,16,14,17,13,17,13,18,13,18,13,18,13,18,13,18,13,18,13,17,13,17,13,16,13,16,13,15,13,15,14,14,14,14,15,3,3,0,0,0,0,0,0,0,0,0,0,0,0,0,0,0,0,0,0,2,2,10,8,10,9,9,10,9,11,9,11,10,12,10,12,10,13,10,14,10,15,10,16,10,16,10,17,11,17,11,17,11,17,11,17,12,17,12,17,13,17,13,17,13,17,14,17,14,17,15,17,15,17]"
CSI_DATA,45454,d8:b1:90:db:e8:90,-52,11,1,7,0,0,1,0,0,0,1,-94,0,8,0,710814565,0,100,0,128,1,"[100,-64,5,0,0,24,0,24,0,24,0,24,1,23,1,23,1,23,2,23,3,22,3,22,3,22,3,21,4,21,4,21,4,21,4,21,4,21,4,21,4,21,4,21,3,20,2,20,2,20,1,21,1,21,0,5,0,0,0,0,0,0,0,0,0,0,0,0,0,0,0,0,0,0,0,3,3,14,2,14,2,14,1,15,1,15,0,16,0,17,0,17,-1,18,-1,19,-2,19,-2,19,-2,20,-2,20,-2,21,-2,21,-2,22,-2,22,-1,22,-1,22,-1,23,-1,23,0,23,0,23,0,23,-1,23]"
CSI_DATA,45455,d8:b1:90:db:e8:90,-51,11,1,7,0,0,1,0,0,0,1,-94,0,8,0,710832758,0,100,0,128,1,"[100,-64,5,0,19,-11,19,-11,19,-11,19,-11,19,-12,18,-12,17,-12,17,-12,16,-12,16,-12,16,-13,16,-13,16,-14,16,-14,16,-14,15,-13,15,-13,15,-13,15,-13,15,-13,15,-12,15,-12,16,-11,16,-10,17,-10,4,-3,0,0,0,0,0,0,0,0,0,0,0,0,0,0,0,0,0,0,2,-3,10,-9,11,-8,11,-8,12,-7,13,-7,13,-8,14,-8,14,-8,15,-8,16,-8,16,-8,17,-7,17,-7,17,-7,17,-8,17,-8,18,-8,18,-9,18,-9,18,-9,18,-10,18,-10,19,-10,19,-10,19,-10,19,-10]"
CSI_DATA,45456,d8:b1:90:db:e8:90,-51,11,1,7,0,0,1,0,0,0,1,-94,0,8,0,710852581,0,100,0,128,1,"[100,-64,5,0,9,19,9,19,9,19,9,18,9,18,9,18,10,17,11,17,11,16,11,16,12,16,12,16,12,16,12,16,12,16,12,16,12,16,12,16,11,16,11,16,10,16,10,16,9,16,9,17,8,17,2,4,0,0,0,0,0,0,0,0,0,0,0,0,0,0,0,0,0,0,1,3,6,13,5,13,5,13,6,12,5,14,4,14,4,14,5,14,5,15,5,16,6,17,6,17,6,17,6,18,5,18,5,18,6,18,6,18,6,19,6,19,6,19,7,19,8,19,8,19,8,19,8,20]"
CSI_DATA,45457,d8:b1:90:db:e8:90,-52,11,1,7,0,0,1,0,0,0,1,-94,0,8,0,710879482,0,100,0,128,1,"[100,-64,5,0,18,12,18,12,18,12,18,11,19,11,19,10,19,10,19,9,19,9,19,8,19,8,19,8,19,8,19,8,19,8,19,8,19,8,18,8,18,8,17,8,17,8,16,9,16,9,15,10,15,11,3,3,0,0,0,0,0,0,0,0,0,0,0,0,0,0,0,0,0,0,2,1,11,6,11,6,11,7,12,7,12,8,12,9,13,9,13,10,14,11,14,11,14,12,14,13,14,13,14,13,14,12,14,12,15,13,15,13,16,13,16,13,17,13,17,13,18,13,18,13,18,14,18,14]"
CSI_DATA,45458,d8:b1:90:db:e8:90,-52,11,1,7,0,0,1,0,0,0,1,-94,0,8,0,710890198,0,100,0,128,1,"[100,-64,5,0,-7,-23,-7,-23,-7,-23,-8,-23,-8,-23,-8,-23,-9,-22,-10,-22,-11,-21,-11,-21,-11,-20,-12,-20,-12,-20,-12,-20,-12,-20,-13,-19,-13,-19,-13,-19,-12,-19,-12,-19,-11,-19,-10,-19,-10,-19,-9,-20,-8,-20,-2,-5,0,0,0,0,0,0,0,0,0,0,0,0,0,0,0,0,0,0,-2,-4,-7,-13,-7,-13,-7,-14,-6,-15,-6,-15,-6,-16,-6,-17,-5,-18,-5,-18,-5,-19,-5,-20,-5,-20,-4,-21,-4,-21,-4,-21,-5,-21,-5,-21,-5,-22,-5,-22,-5,-22,-5,-22,-5,-23,-6,-23,-5,-23,-6,-24,-6,-24]"
CSI_DATA,45459,d8:b1:90:db:e8:90,-52,11,1,7,0,0,1,0,0,0,1,-94,0,8,0,710903691,0,100,0,128,1,"[100,-64,5,0,4,-23,4,-23,4,-23,3,-24,3,-24,3,-23,2,-23,1,-23,0,-23,0,-23,-1,-23,-2,-23,-2,-23,-2,-23,-2,-23,-3,-22,-3,-22,-2,-23,-2,-22,-2,-22,-1,-22,0,-21,0,-21,1,-21,2,-21,0,-5,0,0,0,0,0,0,0,0,0,0,0,0,0,0,0,0,0,0,-1,-4,-1,-13,-1,-14,-1,-15,-1,-15,-1,-15,1,-16,1,-18,2,-19,3,-19,3,-20,3,-20,3,-20,4,-20,4,-20,4,-20,4,-21,4,-21,5,-21,4,-22,5,-22,5,-22,5,-22,5,-22,5,-23,5,-23,4,-24]"
CSI_DATA,45460,d8:b1:90:db:e8:90,-51,11,1,7,0,0,1,0,0,0,1,-94,0,8,0,710922114,0,100,0,128,1,"[100,-64,5,0,-20,10,-20,10,-20,10,-19,10,-19,10,-19,10,-18,10,-18,10,-17,11,-17,11,-17,11,-17,12,-17,12,-17,12,-17,11,-17,11,-17,11,-17,11,-17,11,-17,11,-17,11,-17,10,-17,10,-17,10,-18,9,-5,2,0,0,0,0,0,0,0,0,0,0,0,0,0,0,0,0,0,0,-3,1,-11,7,-12,7,-12,6,-13,6,-13,6,-14,6,-15,7,-16,7,-17,7,-17,7,-18,7,-18,7,-18,7,-18,7,-19,7,-19,8,-19,8,-19,8,-19,8,-19,8,-19,8,-19,9,-19,9,-19,10,-20,10,-20,9]"
CSI_DATA,45461,d8:b1:90:db:e8:90,-52,11,1,7,0,0,1,0,0,0,1,-94,0,8,0,710932832,0,100,0,128,1,"[100,-64,5,0,21,9,21,9,21,9,21,9,21,8,21,8,21,7,21,6,21,5,21,5,21,4,21,4,21,4,21,5,21,5,21,4,20,4,20,5,20,5,20,5,20,5,19,6,19,6,19,7,19,8,4,2,0,0,0,0,0,0,0,0,0,0,0,0,0,0,0,0,0,0,3,0,14,1,14,2,14,3,14,3,15,4,15,5,16,5,16,5,17,6,17,7,18,7,18,7,18,8,18,8,18,8,18,9,18,9,19,9,20,9,20,9,20,9,21,9,22,9,22,9,22,9,22,9]"
CSI_DATA,45462,d8:b1:90:db:e8:90,-52,11,1,7,0,0,1,0,0,0,1,-94,0,8,0,710954543,0,100,0,128,1,"[100,-64,5,0,-22,-5,-21,-5,-21,-5,-21,-4,-21,-4,-20,-4,-20,-3,-20,-2,-20,-2,-20,-2,-20,-1,-20,-1,-20,-1,-19,-1,-19,-1,-19,-1,-19,-1,-19,-1,-19,-1,-19,-1,-20,-2,-20,-2,-19,-3,-19,-3,-19,-4,-5,-1,0,0,0,0,0,0,0,0,0,0,0,0,0,0,0,0,0,0,-4,-1,-13,-2,-14,-1,-14,-2,-14,-2,-14,-2,-14,-3,-16,-4,-16,-5,-17,-5,-17,-5,-18,-5,-18,-6,-18,-6,-18,-6,-18,-6,-19,-6,-19,-6,-19,-6,-19,-5,-19,-5,-20,-5,-20,-5,-21,-5,-21,-5,-21,-5,-21,-6]"
CSI_DATA,45463,d8:b1:90:db:e8:90,-52,11,1,7,0,0,1,0,0,0,1,-94,0,8,0,710978159,0,100,0,128,1,"[100,-64,5,0,-3,-24,-3,-24,-3,-24,-3,-23,-3,-23,-4,-23,-4,-22,-5,-22,-6,-22,-6,-22,-7,-22,-8,-22,-8,-21,-8,-21,-8,-21,-8,-21,-8,-21,-8,-21,-7,-21,-7,-21,-7,-21,-7,-21,-6,-21,-5,-21,-4,-21,-1,-6,0,0,0,0,0,0,0,0,0,0,0,0,0,0,0,0,0,0,-1,-4,-4,-14,-4,-15,-3,-15,-3,-16,-3,-16,-2,-17,-2,-17,-2,-18,-1,-19,-1,-19,-1,-19,-1,-20,-1,-20,0,-20,0,-21,0,-21,0,-21,-1,-21,-1,-22,-1,-22,-1,-22,-2,-23,-2,-23,-2,-23,-2,-23,-1,-23]"
CSI_DATA,45464,d8:b1:90:db:e8:90,-52,11,1,7,0,0,1,0,0,0,1,-94,0,8,0,710991101,0,100,0,128,1,"[100,-64,5,0,-22,9,-22,9,-21,10,-21,10,-20,10,-20,11,-19,11,-19,12,-19,12,-18,13,-18,13,-18,13,-18,13,-18,13,-18,13,-18,13,-18,13,-18,13,-18,12,-18,12,-18,11,-19,11,-19,10,-20,10,-20,9,-6,2,0,0,0,0,0,0,0,0,0,0,0,0,0,0,0,0,0,0,-3,1,-13,7,-13,6,-13,6,-14,6,-15,6,-15,6,-16,6,-17,6,-18,6,-18,6,-19,6,-19,6,-20,6,-20,6,-20,6,-21,7,-21,7,-21,7,-21,8,-21,8,-21,8,-21,9,-22,9,-22,10,-22,10,-22,10]"
CSI_DATA,45465,d8:b1:90:db:e8:90,-52,11,1,7,0,0,1,0,0,0,1,-94,0,8,0,711001754,0,100,0,128,1,"[100,-64,5,0,-18,12,-18,12,-17,12,-16,12,-16,13,-15,13,-15,13,-15,14,-14,14,-14,14,-14,14,-14,15,-14,15,-14,14,-14,14,-14,15,-14,15,-14,15,-14,14,-14,14,-14,14,-15,13,-15,12,-16,12,-16,11,-4,2,0,0,0,0,0,0,0,0,0,0,0,0,0,0,0,0,0,0,-3,2,-10,8,-10,7,-11,7,-11,7,-12,7,-13,7,-13,7,-14,8,-14,8,-15,8,-16,8,-16,8,-16,8,-17,8,-17,9,-17,9,-17,9,-17,9,-17,10,-17,10,-17,11,-17,11,-18,12,-18,12,-18,12,-18,12]"
CSI_DATA,45466,d8:b1:90:db:e8:90,-52,11,1,7,0,0,1,0,0,0,1,-94,0,8,0,711012490,0,100,0,128,1,"[100,-64,5,0,-23,-9,-23,-10,-23,-9,-23,-9,-23,-8,-22,-7,-22,-7,-22,-6,-22,-6,-22,-6,-22,-5,-22,-4,-22,-4,-22,-4,-23,-4,-23,-4,-23,-4,-23,-5,-22,-5,-22,-6,-22,-6,-21,-7,-21,-7,-20,-8,-20,-9,-5,-3,0,0,0,0,0,0,0,0,0,0,0,0,0,0,0,0,0,0,-4,-1,-14,-4,-14,-4,-14,-5,-15,-6,-15,-6,-15,-7,-16,-7,-17,-7,-17,-8,-18,-9,-18,-9,-18,-10,-18,-11,-18,-11,-19,-10,-19,-10,-19,-10,-20,-10,-20,-10,-20,-11,-21,-11,-21,-11,-22,-11,-22,-11,-22,-11,-22,-11]"
CSI_DATA,45467,d8:b1:90:db:e8:90,-51,11,1,7,0,0,1,0,0,0,1,-94,0,8,0,711025286,0,100,0,128,1,"[100,-64,5,0,-24,7,-23,7,-23,7,-23,7,-22,7,-22,8,-21,8,-21,8,-20,8,-20,9,-21,9,-21,10,-21,11,-21,10,-21,10,-20,10,-20,10,-20,9,-20,9,-20,8,-20,8,-20,7,-20,7,-21,6,-21,5,-6,1,0,0,0,0,0,0,0,0,0,0,0,0,0,0,0,0,0,0,-4,1,-13,6,-14,6,-14,5,-15,5,-16,5,-17,5,-17,6,-18,6,-19,5,-19,5,-20,5,-20,4,-21,4,-21,4,-21,4,-22,4,-22,4,-22,4,-22,5,-22,5,-23,5,-23,5,-23,6,-23,6,-23,6,-23,6]"
CSI_DATA,45468,d8:b1:90:db:e8:90,-51,11,1,7,0,0,1,0,0,0,1,-94,0,8,0,711042097,0,100,0,128,1,"[100,-64,5,0,22,12,22,12,22,12,21,12,21,11,21,10,21,10,21,10,21,9,21,9,22,8,22,8,23,8,23,8,22,8,22,8,21,8,21,8,21,8,21,9,20,9,20,10,19,10,19,11,18,12,4,3,0,0,0,0,0,0,0,0,0,0,0,0,0,0,0,0,0,0,3,1,13,4,13,5,14,6,14,7,14,7,15,8,15,8,16,8,16,9,17,10,17,11,17,11,17,12,18,12,18,13,18,13,18,13,19,13,19,13,19,13,20,13,20,13,21,13,21,12,21,12,21,13]"
CSI_DATA,45469,d8:b1:90:db:e8:90,-51,11,1,7,0,0,1,0,0,0,1,-94,0,8,0,711053599,0,100,0,128,1,"[100,-64,5,0,7,20,7,20,7,19,7,19,7,19,7,18,8,18,8,18,8,18,8,18,9,17,10,17,10,17,10,17,10,17,10,17,10,17,10,17,9,17,9,17,8,17,8,17,7,17,6,17,6,18,1,4,0,0,0,0,0,0,0,0,0,0,0,0,0,0,0,0,0,0,1,2,6,9,6,10,6,12,6,12,5,12,4,13,4,14,5,14,4,15,5,16,5,16,6,16,6,17,5,17,5,18,5,18,6,18,6,18,6,18,6,18,6,19,7,19,7,19,7,20,7,20,7,20]"
CSI_DATA,45470,d8:b1:90:db:e8:90,-52,11,1,7,0,0,1,0,0,0,1,-94,0,8,0,711083500,0,100,0,128,1,"[100,-64,5,0,-16,13,-17,12,-17,13,-16,14,-15,14,-15,13,-16,13,-15,15,-14,15,-13,14,-14,13,-15,14,-14,16,-12,15,-12,14,-14,13,-15,14,-14,15,-12,14,-12,12,-14,11,-15,12,-14,13,-13,11,-14,10,-4,2,0,0,0,0,0,0,0,0,0,0,0,0,0,0,0,0,0,0,-2,2,-8,10,-8,10,-8,9,-9,9,-10,10,-11,10,-11,10,-12,10,-13,10,-14,10,-14,10,-15,10,-15,10,-15,11,-15,10,-15,10,-16,11,-16,11,-16,12,-16,12,-16,12,-17,13,-16,13,-16,13,-17,13,-18,13]"
CSI_DATA,45471,d8:b1:90:db:e8:90,-51,11,1,7,0,0,1,0,0,0,1,-94,0,8,0,711093821,0,100,0,128,1,"[100,-64,5,0,-17,-21,-17,-21,-16,-20,-16,-20,-16,-19,-16,-19,-16,-19,-16,-18,-17,-18,-17,-17,-17,-17,-18,-16,-18,-16,-18,-16,-18,-16,-18,-16,-18,-17,-17,-17,-17,-17,-17,-17,-17,-18,-16,-18,-16,-18,-15,-18,-14,-18,-4,-5,0,0,0,0,0,0,0,0,0,0,0,0,0,0,0,0,0,0,-3,-3,-12,-10,-11,-11,-12,-12,-12,-13,-12,-13,-11,-14,-11,-14,-11,-15,-11,-16,-12,-17,-12,-17,-12,-18,-12,-19,-12,-19,-13,-19,-13,-18,-14,-19,-14,-19,-14,-19,-15,-19,-15,-20,-15,-20,-16,-19,-16,-19,-16,-20,-17,-20]"
CSI_DATA,45472,d8:b1:90:db:e8:90,-52,11,1,7,0,0,1,0,0,0,1,-94,0,8,0,711115636,0,100,0,128,1,"[100,-64,5,0,24,-2,24,-3,23,-3,23,-3,22,-3,22,-3,22,-4,22,-4,21,-5,21,-5,21,-6,21,-6,21,-6,21,-6,21,-6,21,-6,21,-6,20,-6,20,-6,20,-6,20,-6,20,-5,20,-4,20,-3,20,-3,5,-1,0,0,0,0,0,0,0,0,0,0,0,0,0,0,0,0,0,0,3,-1,13,-3,14,-3,14,-3,15,-2,15,-2,16,-2,16,-2,17,-1,17,-1,18,0,19,0,19,0,20,0,21,1,21,0,21,0,21,0,21,-1,22,-1,22,-1,22,-1,23,-2,23,-2,23,-2,24,-2,24,-1]"
CSI_DATA,45473,d8:b1:90:db:e8:90,-51,11,1,7,0,0,1,0,0,0,1,-94,0,8,0,711132575,0,100,0,128,1,"[100,-64,5,0,24,2,24,2,24,2,23,1,23,1,22,0,22,0,23,0,22,-1,22,-1,22,-2,22,-3,22,-3,22,-3,22,-3,22,-3,22,-3,21,-3,21,-3,21,-3,21,-2,21,-2,21,-1,21,0,21,1,5,0,0,0,0,0,0,0,0,0,0,0,0,0,0,0,0,0,0,0,3,-1,14,-1,15,-1,15,0,16,0,16,0,17,0,17,0,18,0,18,1,19,1,20,2,21,2,21,3,21,3,21,3,22,3,22,3,22,3,22,3,23,3,23,2,24,2,24,2,24,2,24,2,24,2]"
CSI_DATA,45474,d8:b1:90:db:e8:90,-51,11,1,7,0,0,1,0,0,0,1,-94,0,8,0,711143474,0,100,0,128,1,"[100,-64,5,0,-24,8,-24,8,-23,8,-23,8,-22,8,-22,8,-21,9,-21,9,-20,10,-20,10,-20,11,-20,11,-19,12,-19,12,-19,12,-19,12,-19,12,-19,12,-18,12,-18,12,-18,11,-18,11,-19,10,-19,9,-20,9,-5,2,0,0,0,0,0,0,0,0,0,0,0,0,0,0,0,0,0,0,-4,1,-14,7,-14,6,-15,5,-16,5,-17,5,-17,5,-17,6,-17,6,-18,6,-19,6,-20,6,-21,6,-21,6,-21,6,-21,6,-22,6,-22,6,-23,6,-23,6,-23,6,-23,7,-23,7,-23,7,-24,7,-24,7,-24,7]"
CSI_DATA,45475,d8:b1:90:db:e8:90,-52,11,1,7,0,0,1,0,0,0,1,-94,0,8,0,711162361,0,100,0,128,1,"[100,-64,5,0,-10,19,-10,19,-9,19,-9,18,-9,18,-8,18,-8,18,-7,18,-6,18,-6,18,-6,18,-5,18,-5,18,-5,18,-5,19,-5,19,-5,18,-5,18,-5,18,-5,18,-5,18,-5,17,-6,17,-7,17,-7,17,-2,4,0,0,0,0,0,0,0,0,0,0,0,0,0,0,0,0,0,0,-1,3,-4,13,-4,12,-4,11,-4,12,-5,13,-5,13,-6,13,-7,13,-8,14,-9,14,-9,15,-9,15,-10,15,-10,15,-10,16,-11,16,-11,16,-11,16,-11,17,-11,17,-11,17,-11,18,-10,18,-10,19,-10,19,-10,18]"
CSI_DATA,45476,d8:b1:90:db:e8:90,-52,11,1,7,0,0,1,0,0,0,1,-94,0,8,0,711198245,0,100,0,128,1,"[100,-64,5,0,3,-24,3,-24,3,-23,3,-23,2,-23,2,-23,1,-23,0,-22,-1,-22,-1,-22,-1,-22,-2,-21,-2,-21,-2,-22,-2,-22,-2,-22,-2,-22,-2,-21,-1,-22,-1,-22,-1,-22,0,-22,0,-22,1,-21,2,-21,0,-6,0,0,0,0,0,0,0,0,0,0,0,0,0,0,0,0,0,0,-1,-4,-1,-15,-1,-15,0,-16,0,-16,1,-16,1,-17,2,-18,2,-19,3,-19,4,-19,4,-20,4,-21,4,-21,5,-21,5,-21,5,-21,5,-21,5,-21,5,-22,5,-22,5,-23,4,-23,4,-24,4,-24,4,-24,4,-24]"
CSI_DATA,45477,d8:b1:90:db:e8:90,-51,11,1,7,0,0,1,0,0,0,1,-94,0,8,0,711214296,0,100,0,128,1,"[100,-64,5,0,-20,-15,-20,-15,-20,-15,-20,-15,-20,-14,-19,-14,-19,-13,-19,-12,-20,-11,-20,-11,-20,-10,-20,-10,-21,-9,-21,-9,-21,-9,-21,-9,-21,-10,-20,-10,-20,-10,-20,-10,-20,-10,-20,-11,-19,-11,-18,-12,-18,-13,-5,-4,0,0,0,0,0,0,0,0,0,0,0,0,0,0,0,0,0,0,-4,-2,-14,-7,-14,-8,-14,-9,-14,-9,-14,-10,-14,-11,-15,-11,-15,-12,-15,-13,-15,-14,-16,-15,-16,-15,-16,-15,-16,-16,-16,-16,-16,-15,-16,-15,-17,-16,-17,-16,-17,-16,-18,-16,-18,-16,-19,-16,-19,-16,-19,-16,-19,-17]"
CSI_DATA,45478,d8:b1:90:db:e8:90,-52,11,1,7,0,0,1,0,0,0,1,-94,0,8,0,711227026,0,100,0,128,1,"[100,-64,5,0,-3,-24,-3,-24,-2,-23,-3,-23,-3,-23,-3,-22,-3,-22,-4,-22,-5,-22,-5,-22,-6,-21,-6,-22,-6,-22,-7,-22,-6,-21,-6,-21,-6,-21,-6,-21,-5,-21,-5,-22,-5,-22,-4,-21,-3,-21,-3,-21,-2,-21,-1,-6,0,0,0,0,0,0,0,0,0,0,0,0,0,0,0,0,0,0,-1,-4,-2,-15,-2,-15,-2,-16,-2,-16,-2,-17,-1,-18,-1,-18,-1,-19,0,-20,0,-20,0,-20,0,-21,0,-21,0,-21,0,-22,0,-22,-1,-22,0,-22,0,-23,0,-23,-1,-23,-1,-24,-1,-24,-1,-24,0,-24,0,-24]"
CSI_DATA,45479,d8:b1:90:db:e8:90,-51,11,1,7,0,0,1,0,0,0,1,-94,0,8,0,711237148,0,100,0,128,1,"[100,-64,5,0,18,-16,18,-16,18,-16,17,-16,17,-16,16,-16,16,-16,15,-16,14,-17,14,-17,14,-17,14,-18,13,-18,13,-18,13,-18,13,-18,13,-17,13,-17,13,-17,13,-17,14,-17,14,-16,14,-16,15,-15,15,-14,4,-4,0,0,0,0,0,0,0,0,0,0,0,0,0,0,0,0,0,0,2,-3,11,-10,12,-10,12,-10,12,-10,13,-10,14,-10,14,-10,15,-11,16,-11,17,-11,17,-11,17,-11,17,-11,17,-11,17,-12,18,-12,18,-12,18,-13,18,-13,18,-13,19,-14,19,-14,19,-14,19,-14,20,-14,20,-14]"
CSI_DATA,45480,d8:b1:90:db:e8:90,-51,11,1,7,0,0,1,0,0,0,1,-94,0,8,0,711247284,0,100,0,128,1,"[100,-64,5,0,-20,14,-19,14,-19,14,-19,15,-18,15,-18,15,-17,15,-17,16,-16,16,-16,16,-16,17,-15,17,-15,17,-15,17,-15,17,-15,17,-15,17,-15,16,-15,16,-15,15,-15,15,-15,14,-16,14,-16,13,-17,12,-5,3,0,0,0,0,0,0,0,0,0,0,0,0,0,0,0,0,0,0,-3,2,-10,11,-11,11,-11,11,-12,11,-13,11,-14,11,-14,11,-15,12,-16,12,-16,12,-16,12,-17,12,-17,12,-18,12,-18,12,-18,12,-19,13,-19,13,-19,13,-19,14,-19,14,-19,14,-19,14,-19,14,-20,14,-20,14]"
CSI_DATA,45481,d8:b1:90:db:e8:90,-51,11,1,7,0,0,1,0,0,0,1,-94,0,8,0,711262312,0,100,0,128,1,"[100,-64,5,0,-29,-7,-29,-7,-29,-7,-28,-7,-28,-6,-27,-6,-27,-5,-28,-5,-28,-4,-28,-4,-27,-3,-27,-2,-27,-1,-27,-1,-27,-1,-27,-1,-27,-1,-27,-1,-27,-1,-26,-1,-27,-2,-26,-3,-26,-4,-25,-5,-25,-6,-7,-2,0,0,0,0,0,0,0,0,0,0,0,0,0,0,0,0,0,0,-6,-1,-20,-3,-19,-3,-19,-2,-20,-3,-21,-4,-21,-3,-21,-4,-23,-6,-23,-7,-23,-7,-23,-8,-24,-8,-24,-9,-24,-9,-25,-9,-25,-9,-26,-9,-26,-9,-27,-10,-27,-10,-27,-9,-28,-9,-29,-8,-29,-7,-29,-8,-29,-8]"
CSI_DATA,45482,d8:b1:90:db:e8:90,-52,11,1,7,0,0,1,0,0,0,1,-94,0,8,0,711285230,0,100,0,128,1,"[100,-64,5,0,-25,4,-25,4,-24,4,-24,5,-23,5,-23,5,-22,6,-22,6,-22,7,-22,7,-22,8,-22,8,-22,9,-21,9,-21,9,-20,8,-20,8,-20,8,-20,8,-20,8,-21,7,-21,7,-20,6,-20,5,-20,5,-5,1,0,0,0,0,0,0,0,0,0,0,0,0,0,0,0,0,0,0,-4,1,-14,4,-15,4,-16,3,-16,3,-17,3,-17,3,-18,2,-19,2,-19,2,-20,2,-21,1,-21,1,-21,1,-21,1,-21,1,-22,1,-22,1,-22,1,-23,2,-23,2,-24,3,-24,3,-24,3,-24,3,-24,3,-24,3]"
CSI_DATA,45483,d8:b1:90:db:e8:90,-52,11,1,7,0,0,1,0,0,0,1,-94,0,8,0,711296435,0,100,0,128,1,"[100,-64,5,0,10,-19,10,-19,10,-19,10,-19,9,-19,9,-19,8,-19,8,-19,7,-19,7,-18,6,-19,6,-20,6,-20,6,-20,5,-20,5,-20,5,-20,5,-19,5,-19,5,-19,6,-19,6,-18,7,-18,7,-18,8,-18,2,-5,0,0,0,0,0,0,0,0,0,0,0,0,0,0,0,0,0,0,1,-4,4,-13,5,-12,5,-13,6,-13,7,-14,8,-14,8,-14,8,-14,9,-14,9,-15,10,-15,10,-15,10,-16,11,-16,11,-16,11,-16,11,-16,11,-16,11,-17,11,-17,11,-17,11,-18,11,-18,11,-19,11,-19,10,-19]"
CSI_DATA,45484,d8:b1:90:db:e8:90,-51,11,1,7,0,0,1,0,0,0,1,-94,0,8,0,711312850,0,100,0,128,1,"[100,-64,5,0,13,20,13,19,13,19,13,19,13,18,13,18,13,17,13,17,14,16,14,16,14,16,15,16,16,16,16,15,16,15,16,15,16,15,16,15,15,15,15,15,14,15,14,16,13,16,13,17,12,17,3,4,0,0,0,0,0,0,0,0,0,0,0,0,0,0,0,0,0,0,2,2,9,11,9,11,9,12,9,12,9,13,9,14,9,14,9,15,9,16,9,16,9,17,9,17,9,18,9,18,9,18,9,18,9,18,10,19,10,19,11,20,11,20,11,20,12,20,12,20,12,20,12,19]"
CSI_DATA,45485,d8:b1:90:db:e8:90,-52,11,1,7,0,0,1,0,0,0,1,-94,0,8,0,711324763,0,100,0,128,1,"[100,-64,5,0,23,3,23,3,23,2,23,2,22,1,22,1,22,0,22,-1,22,-2,22,-2,21,-3,21,-3,21,-4,21,-3,21,-3,21,-3,21,-3,21,-2,21,-2,21,-3,21,-2,21,-2,21,-1,21,0,21,1,5,0,0,0,0,0,0,0,0,0,0,0,0,0,0,0,0,0,0,0,3,-1,14,-3,14,-2,14,-2,15,-1,15,-1,16,-1,16,0,17,0,18,1,18,1,19,1,19,2,20,2,20,2,20,2,20,3,21,3,21,3,21,3,22,3,22,3,23,3,23,2,24,2,23,3,23,3]"
CSI_DATA,45486,d8:b1:90:db:e8:90,-51,11,1,7,0,0,1,0,0,0,1,-94,0,8,0,711342114,0,100,0,128,1,"[100,-64,5,0,1,-25,1,-25,1,-25,1,-24,0,-23,0,-23,-1,-23,-2,-23,-3,-23,-3,-23,-3,-23,-4,-22,-5,-22,-5,-22,-5,-22,-5,-22,-5,-22,-4,-22,-4,-22,-4,-22,-3,-22,-3,-21,-2,-22,-1,-22,0,-22,0,-6,0,0,0,0,0,0,0,0,0,0,0,0,0,0,0,0,0,0,-1,-4,-1,-14,-1,-15,-1,-16,-1,-16,0,-17,1,-17,1,-18,1,-19,2,-20,2,-20,3,-20,3,-21,3,-21,3,-22,3,-22,3,-22,3,-23,3,-23,3,-23,2,-23,2,-23,2,-24,1,-24,1,-24,2,-24,1,-25]"
CSI_DATA,45487,d8:b1:90:db:e8:90,-51,11,1,7,0,0,1,0,0,0,1,-94,0,8,0,711352259,0,100,0,128,1,"[100,-64,5,0,-21,-8,-21,-8,-21,-8,-20,-7,-20,-7,-20,-7,-20,-6,-20,-5,-20,-5,-20,-4,-20,-3,-20,-3,-20,-3,-20,-3,-20,-3,-20,-3,-20,-3,-20,-3,-20,-3,-20,-3,-19,-4,-19,-4,-19,-5,-19,-6,-18,-6,-5,-2,0,0,0,0,0,0,0,0,0,0,0,0,0,0,0,0,0,0,-4,-1,-13,-3,-13,-3,-13,-4,-14,-4,-14,-5,-15,-6,-15,-6,-15,-6,-16,-7,-17,-8,-18,-8,-17,-8,-17,-9,-17,-9,-18,-9,-19,-9,-19,-9,-19,-9,-19,-9,-19,-8,-19,-9,-20,-8,-20,-8,-21,-8,-21,-8,-21,-8]"
CSI_DATA,45488,d8:b1:90:db:e8:90,-51,11,1,7,0,0,1,0,0,0,1,-94,0,8,0,711362627,0,100,0,128,1,"[100,-64,5,0,16,15,16,14,15,14,15,14,15,13,15,13,15,12,16,12,16,12,16,11,16,10,17,10,17,10,17,10,17,10,17,10,17,10,17,11,16,11,16,11,15,11,15,11,15,11,15,12,14,12,3,3,0,0,0,0,0,0,0,0,0,0,0,0,0,0,0,0,0,0,2,1,10,6,11,7,11,8,11,8,11,8,11,8,12,9,13,11,13,12,13,13,13,13,12,13,12,14,12,14,12,14,13,14,13,15,13,14,13,14,14,14,14,14,14,14,15,15,15,15,15,15,15,15]"
CSI_DATA,45489,d8:b1:90:db:e8:90,-51,11,1,7,0,0,1,0,0,0,1,-94,0,8,0,711388874,0,100,0,128,1,"[100,-64,5,0,21,-1,21,-1,21,-1,22,-1,21,-2,21,-2,20,-2,20,-3,19,-3,19,-3,19,-4,20,-5,20,-5,20,-5,20,-5,20,-5,20,-5,20,-5,19,-5,19,-4,19,-4,19,-3,19,-3,19,-2,19,-1,4,-1,0,0,0,0,0,0,0,0,0,0,0,0,0,0,0,0,0,0,3,-1,13,-4,13,-3,13,-2,14,-2,14,-2,15,-1,16,-1,16,-1,17,-1,18,0,18,0,18,0,18,1,18,1,18,1,19,0,19,0,19,0,20,0,21,0,21,0,21,-1,21,-1,21,-1,21,0,22,0]"
CSI_DATA,45490,d8:b1:90:db:e8:90,-51,11,1,7,0,0,1,0,0,0,1,-94,0,8,0,711401759,0,100,0,128,1,"[100,-64,5,0,18,16,18,16,18,15,18,14,19,14,19,13,19,13,19,12,19,12,19,11,19,11,20,11,20,11,20,11,20,11,20,11,20,11,19,11,19,11,18,12,18,12,17,12,17,13,17,14,16,14,4,3,0,0,0,0,0,0,0,0,0,0,0,0,0,0,0,0,0,0,2,2,11,9,11,9,11,9,12,10,12,10,12,11,13,11,14,12,14,13,14,13,14,14,14,15,14,15,14,16,14,16,14,16,14,16,15,16,15,16,15,16,16,16,16,17,17,17,17,17,17,17,17,17]"
CSI_DATA,45491,d8:b1:90:db:e8:90,-51,11,1,7,0,0,1,0,0,0,1,-94,0,8,0,711412530,0,100,0,128,1,"[100,-64,5,0,13,21,13,21,13,21,13,20,14,19,14,19,14,18,14,18,14,18,14,17,15,17,15,17,16,17,16,18,16,18,15,17,15,17,14,17,14,17,13,17,13,17,12,17,12,18,11,18,11,19,2,4,0,0,0,0,0,0,0,0,0,0,0,0,0,0,0,0,0,0,2,2,8,11,8,12,9,12,9,12,9,13,9,14,10,14,10,15,10,16,10,17,10,17,10,18,10,19,9,19,9,20,9,20,9,20,10,20,10,20,10,20,11,21,11,21,11,22,11,22,12,22,12,21]"
CSI_DATA,45492,d8:b1:90:db:e8:90,-51,11,1,7,0,0,1,0,0,0,1,-94,0,8,0,711423510,0,100,0,128,1,"[100,-64,5,0,-5,-26,-4,-26,-5,-25,-5,-24,-6,-24,-6,-23,-6,-23,-8,-23,-9,-22,-9,-22,-9,-22,-10,-22,-9,-22,-9,-22,-9,-22,-9,-22,-9,-21,-8,-22,-8,-22,-8,-22,-7,-22,-7,-21,-6,-22,-6,-22,-5,-22,-1,-6,0,0,0,0,0,0,0,0,0,0,0,0,0,0,0,0,0,0,-2,-4,-6,-15,-6,-15,-6,-16,-6,-16,-6,-17,-5,-18,-5,-18,-4,-19,-4,-20,-4,-21,-4,-21,-3,-22,-3,-22,-3,-23,-3,-23,-3,-23,-3,-24,-3,-24,-3,-24,-2,-25,-2,-25,-3,-25,-4,-25,-4,-25,-4,-25,-4,-26]"
CSI_DATA,45493,d8:b1:90:db:e8:90,-51,11,1,7,0,0,1,0,0,0,1,-94,0,8,0,711443535,0,100,0,128,1,"[100,-64,5,0,10,22,10,22,11,21,11,21,11,20,12,20,12,19,12,18,13,18,13,17,13,17,13,17,14,17,14,18,14,17,14,17,14,17,14,17,13,17,13,17,12,17,11,17,11,17,10,17,10,18,2,4,0,0,0,0,0,0,0,0,0,0,0,0,0,0,0,0,0,0,2,2,9,11,9,11,9,12,8,12,8,13,8,14,8,15,8,15,8,16,8,17,8,18,8,18,8,19,7,19,7,19,7,19,7,20,8,20,9,20,9,20,10,21,10,21,10,22,10,22,10,22,10,22]"
CSI_DATA,45494,d8:b1:90:db:e8:90,-51,11,1,7,0,0,1,0,0,0,1,-94,0,8,0,711462120,0,100,0,128,1,"[100,-64,5,0,28,10,28,11,27,10,27,9,27,8,27,7,27,6,27,5,26,5,26,4,26,4,26,3,26,3,26,4,26,4,26,3,26,4,26,4,25,4,25,5,24,5,24,5,24,6,23,7,23,8,5,2,0,0,0,0,0,0,0,0,0,0,0,0,0,0,0,0,0,0,4,0,18,2,18,3,17,5,18,7,18,6,19,5,20,6,21,7,21,8,21,9,22,10,23,11,23,12,23,12,24,11,24,11,24,11,25,11,25,11,26,11,26,11,27,11,27,10,27,10,27,10,27,10]"
CSI_DATA,45495,d8:b1:90:db:e8:90,-51,11,1,7,0,0,1,0,0,0,1,-94,0,8,0,711472337,0,100,0,128,1,"[100,-64,5,0,-20,-17,-19,-17,-19,-17,-20,-16,-20,-15,-20,-15,-20,-14,-20,-13,-20,-13,-20,-12,-20,-12,-21,-11,-21,-11,-20,-12,-21,-11,-21,-11,-20,-11,-20,-11,-19,-12,-19,-12,-19,-12,-18,-12,-18,-13,-17,-13,-17,-14,-5,-4,0,0,0,0,0,0,0,0,0,0,0,0,0,0,0,0,0,0,-4,-2,-13,-8,-13,-9,-13,-10,-14,-11,-14,-11,-14,-12,-14,-13,-14,-14,-14,-14,-15,-15,-15,-16,-15,-16,-15,-17,-15,-17,-16,-17,-16,-17,-16,-17,-17,-17,-17,-17,-18,-17,-18,-17,-18,-17,-19,-17,-19,-16,-19,-16,-19,-17]"
CSI_DATA,45496,d8:b1:90:db:e8:90,-51,11,1,7,0,0,1,0,0,0,1,-94,0,8,0,711499832,0,100,0,128,1,"[100,-64,5,0,20,9,20,8,20,8,20,7,20,7,20,7,20,6,19,6,19,5,20,5,20,4,20,3,20,3,20,4,20,4,20,4,20,4,19,4,19,4,19,4,18,5,18,5,18,5,18,6,17,7,4,1,0,0,0,0,0,0,0,0,0,0,0,0,0,0,0,0,0,0,3,0,12,1,13,2,13,2,13,3,14,4,15,4,15,5,16,5,17,6,17,6,17,6,18,6,18,7,18,7,18,8,18,8,18,8,18,8,19,8,19,8,19,8,20,8,20,8,20,8,20,8,20,8]"
CSI_DATA,45497,d8:b1:90:db:e8:90,-52,11,1,5,0,0,1,0,1,0,0,-94,0,8,0,711512728,0,100,0,128,1,"[100,-64,5,0,-47,11,-42,10,-36,9,-30,7,-23,4,-16,2,-10,-2,-5,-5,-1,-9,2,-12,5,-14,7,-16,8,-17,9,-16,9,-14,9,-12,8,-7,7,-2,6,3,5,9,4,15,2,22,0,28,-1,33,-3,37,-1,9,0,0,0,0,0,0,0,0,0,0,0,0,0,0,0,0,0,0,-4,-2,-14,-5,-12,-3,-9,-1,-5,1,-3,3,0,5,3,7,6,8,8,8,9,8,9,7,8,6,6,4,3,2,-1,1,-6,-1,-12,-3,-18,-3,-24,-3,-31,-2,-37,-1,-42,1,-47,3,-50,5,-53,7,-54,8]"
CSI_DATA,45498,d8:b1:90:db:e8:90,-51,11,1,7,0,0,1,0,0,0,1,-94,0,8,0,711524399,0,100,0,128,1,"[100,-64,5,0,21,12,21,12,21,12,21,11,21,11,21,10,21,10,21,9,21,9,21,8,21,8,21,8,21,7,21,7,21,7,21,7,21,8,21,8,20,8,20,8,20,8,19,8,19,9,19,9,19,10,4,2,0,0,0,0,0,0,0,0,0,0,0,0,0,0,0,0,0,0,3,1,13,5,13,6,13,7,14,8,14,9,14,9,14,10,15,10,15,11,15,12,16,12,16,13,16,13,16,14,17,14,17,13,17,14,18,13,19,13,19,13,19,13,20,12,20,12,20,12,21,12,21,12]"
CSI_DATA,45499,d8:b1:90:db:e8:90,-51,11,1,7,0,0,1,0,0,0,1,-94,0,8,0,711534708,0,100,0,128,1,"[100,-64,5,0,23,6,23,6,23,7,23,6,23,6,22,5,22,4,22,4,22,4,22,4,21,3,21,3,21,3,21,3,22,3,22,3,22,3,21,3,21,3,21,3,20,3,20,4,20,5,19,6,20,6,5,1,0,0,0,0,0,0,0,0,0,0,0,0,0,0,0,0,0,0,3,0,14,1,14,2,14,3,15,4,15,4,16,5,16,5,17,6,17,6,18,8,18,8,18,9,19,9,19,9,20,9,20,9,20,9,21,8,21,8,21,8,22,7,22,7,22,7,22,7,23,7,23,8]"
CSI_DATA,45500,d8:b1:90:db:e8:90,-51,11,1,7,0,0,1,0,0,0,1,-94,0,8,0,711552284,0,100,0,128,1,"[100,-64,5,0,-18,-15,-17,-15,-17,-15,-17,-15,-18,-14,-18,-13,-18,-13,-18,-12,-18,-12,-18,-12,-18,-11,-19,-10,-19,-10,-19,-10,-19,-10,-18,-10,-18,-10,-18,-10,-18,-10,-17,-11,-17,-11,-16,-11,-16,-11,-16,-12,-15,-13,-4,-4,0,0,0,0,0,0,0,0,0,0,0,0,0,0,0,0,0,0,-3,-2,-12,-8,-11,-9,-12,-10,-12,-10,-12,-11,-11,-12,-12,-13,-12,-13,-12,-14,-13,-15,-13,-15,-13,-15,-13,-16,-13,-16,-14,-15,-14,-15,-14,-16,-15,-16,-16,-15,-16,-15,-16,-16,-17,-15,-17,-16,-17,-16,-16,-16,-16,-16]"
CSI_DATA,45501,d8:b1:90:db:e8:90,-51,11,1,7,0,0,1,0,0,0,1,-94,0,8,0,711562512,0,100,0,128,1,"[100,-64,5,0,-22,7,-22,6,-22,6,-21,7,-21,7,-20,7,-20,7,-19,8,-19,8,-19,9,-19,9,-18,10,-18,10,-18,10,-18,10,-18,10,-18,9,-18,9,-18,8,-18,8,-18,8,-18,7,-18,7,-19,6,-19,5,-5,1,0,0,0,0,0,0,0,0,0,0,0,0,0,0,0,0,0,0,-4,1,-13,6,-13,5,-14,5,-15,5,-16,5,-17,4,-17,4,-17,4,-19,5,-20,5,-20,4,-19,4,-20,4,-20,3,-20,4,-20,4,-20,5,-21,5,-21,5,-21,6,-21,5,-21,6,-21,6,-21,6,-21,6,-21,6]"
CSI_DATA,45502,d8:b1:90:db:e8:90,-51,11,1,7,0,0,1,0,0,0,1,-94,0,8,0,711592158,0,100,0,128,1,"[100,-64,5,0,20,9,20,8,20,8,21,7,21,7,21,7,20,7,19,5,19,4,20,3,21,3,21,3,21,4,20,4,19,3,19,2,21,2,21,2,21,4,20,5,18,4,17,3,18,3,18,5,18,7,4,1,0,0,0,0,0,0,0,0,0,0,0,0,0,0,0,0,0,0,2,0,12,3,12,4,13,5,13,6,13,7,14,7,14,7,15,7,15,7,16,8,17,8,16,9,16,9,17,9,17,9,18,9,18,10,19,10,19,10,19,10,19,10,19,9,19,9,20,9,20,9,21,9]"
CSI_DATA,45503,d8:b1:90:db:e8:90,-51,11,1,7,0,0,1,0,0,0,1,-94,0,8,0,711603057,0,100,0,128,1,"[100,-64,5,0,-22,4,-22,4,-22,4,-21,4,-21,5,-20,5,-20,6,-19,6,-19,7,-19,7,-19,8,-19,8,-19,8,-19,8,-19,8,-19,8,-18,8,-18,8,-18,8,-18,7,-18,7,-18,6,-18,5,-17,4,-17,2,-5,0,0,0,0,0,0,0,0,0,0,0,0,0,0,0,0,0,0,0,-4,1,-13,4,-13,3,-14,3,-14,3,-15,2,-15,3,-16,3,-17,3,-17,2,-18,2,-18,3,-18,3,-19,2,-19,2,-20,2,-20,2,-20,3,-21,3,-21,3,-21,3,-21,3,-21,3,-21,4,-21,4,-21,4,-22,3]"
CSI_DATA,45504,d8:b1:90:db:e8:90,-52,11,1,7,0,0,1,0,0,0,1,-94,0,8,0,711623296,0,100,0,128,1,"[100,-64,5,0,-23,-10,-22,-10,-22,-10,-22,-9,-22,-9,-22,-8,-22,-8,-21,-7,-21,-7,-22,-7,-22,-6,-22,-6,-23,-6,-23,-6,-23,-6,-23,-6,-22,-6,-22,-6,-22,-6,-21,-6,-21,-6,-21,-6,-20,-7,-20,-8,-20,-8,-5,-3,0,0,0,0,0,0,0,0,0,0,0,0,0,0,0,0,0,0,-4,-2,-14,-5,-15,-6,-15,-7,-15,-7,-15,-8,-16,-8,-16,-9,-17,-9,-17,-10,-17,-11,-17,-11,-18,-11,-18,-12,-18,-12,-18,-12,-18,-13,-18,-13,-19,-13,-19,-12,-20,-12,-20,-12,-21,-12,-22,-11,-22,-11,-22,-11,-22,-11]"
CSI_DATA,45505,d8:b1:90:db:e8:90,-51,11,1,7,0,0,1,0,0,0,1,-94,0,8,0,711633615,0,100,0,128,1,"[100,-64,5,0,14,-17,14,-17,14,-17,13,-17,13,-17,12,-17,12,-18,10,-18,10,-18,9,-18,9,-19,9,-19,9,-19,9,-19,9,-19,9,-18,9,-18,8,-18,9,-17,9,-17,9,-17,10,-16,10,-16,11,-16,12,-16,3,-4,0,0,0,0,0,0,0,0,0,0,0,0,0,0,0,0,0,0,1,-3,7,-11,7,-11,8,-11,8,-11,9,-11,10,-12,11,-12,11,-13,12,-13,13,-12,13,-12,14,-12,14,-12,14,-12,14,-13,14,-13,14,-13,14,-13,14,-14,14,-15,14,-15,14,-15,14,-15,15,-15,15,-15,15,-16]"
CSI_DATA,45506,d8:b1:90:db:e8:90,-51,11,1,7,0,0,1,0,0,0,1,-94,0,8,0,711643853,0,100,0,128,1,"[100,-64,5,0,22,10,22,10,22,10,22,10,22,9,21,9,21,8,22,6,22,5,22,5,22,5,23,4,23,4,23,4,23,4,22,4,21,4,21,5,20,5,20,5,20,5,20,6,19,6,19,7,19,8,4,2,0,0,0,0,0,0,0,0,0,0,0,0,0,0,0,0,0,0,3,0,13,4,13,5,14,5,14,6,15,7,15,7,15,8,16,9,16,10,16,10,16,10,17,11,17,12,17,12,17,12,18,12,18,12,18,12,19,11,19,11,19,11,20,11,20,12,20,12,21,12,21,12]"
CSI_DATA,45507,d8:b1:90:db:e8:90,-51,11,1,7,0,0,1,0,0,0,1,-94,0,8,0,711653942,0,100,0,128,1,"[100,-64,5,0,-18,17,-18,17,-17,17,-17,16,-16,16,-16,17,-15,17,-15,17,-14,17,-14,17,-13,18,-13,18,-12,18,-12,18,-12,19,-13,19,-13,18,-12,18,-12,18,-13,18,-13,18,-14,17,-14,16,-14,15,-14,15,-4,3,0,0,0,0,0,0,0,0,0,0,0,0,0,0,0,0,0,0,-3,2,-9,11,-9,11,-10,11,-11,11,-12,11,-12,12,-13,12,-14,12,-15,12,-15,13,-16,12,-16,12,-17,12,-17,12,-17,12,-18,13,-18,13,-18,14,-18,15,-18,15,-18,15,-18,15,-18,15,-18,15,-18,16,-18,16]"
CSI_DATA,45508,d8:b1:90:db:e8:90,-51,11,1,7,0,0,1,0,0,0,1,-94,0,8,0,711664180,0,100,0,128,1,"[100,-64,5,0,-22,-7,-22,-7,-21,-6,-21,-6,-21,-6,-20,-5,-20,-5,-20,-4,-20,-4,-20,-3,-21,-3,-21,-2,-21,-1,-21,-2,-21,-2,-21,-2,-21,-2,-20,-2,-20,-2,-20,-2,-20,-3,-20,-3,-20,-3,-19,-4,-19,-5,-5,-2,0,0,0,0,0,0,0,0,0,0,0,0,0,0,0,0,0,0,-4,-1,-13,-2,-14,-2,-15,-3,-15,-4,-15,-5,-16,-5,-16,-5,-16,-5,-17,-6,-17,-7,-18,-7,-18,-7,-18,-8,-18,-8,-18,-8,-18,-8,-19,-8,-19,-8,-20,-8,-20,-8,-20,-8,-20,-8,-20,-7,-21,-7,-21,-7,-21,-7]"
CSI_DATA,45509,d8:b1:90:db:e8:90,-52,11,1,7,0,0,1,0,0,0,1,-94,0,8,0,711695420,0,100,0,128,1,"[100,-64,5,0,-16,-18,-16,-17,-16,-17,-16,-17,-16,-16,-15,-16,-16,-16,-16,-16,-16,-16,-17,-15,-17,-15,-17,-14,-17,-13,-17,-13,-17,-13,-17,-13,-17,-13,-16,-13,-16,-13,-16,-13,-16,-14,-16,-14,-15,-14,-14,-14,-14,-15,-4,-4,0,0,0,0,0,0,0,0,0,0,0,0,0,0,0,0,0,0,-3,-2,-12,-8,-11,-9,-12,-10,-12,-11,-12,-11,-12,-12,-13,-12,-13,-13,-13,-14,-13,-15,-13,-15,-13,-15,-13,-15,-13,-16,-13,-16,-13,-16,-14,-16,-14,-16,-15,-16,-15,-16,-15,-17,-15,-17,-16,-17,-16,-17,-16,-18,-15,-18]"
CSI_DATA,45510,d8:b1:90:db:e8:90,-52,11,1,7,0,0,1,0,0,0,1,-94,0,8,0,711709092,0,100,0,128,1,"[100,-64,5,0,-8,22,-8,22,-8,22,-7,22,-7,22,-6,21,-6,21,-6,21,-5,21,-4,21,-4,21,-4,21,-4,21,-4,21,-4,21,-3,21,-3,21,-4,21,-4,20,-4,20,-5,20,-5,19,-6,19,-7,20,-8,20,-2,5,0,0,0,0,0,0,0,0,0,0,0,0,0,0,0,0,0,0,-1,3,-4,14,-4,14,-5,14,-6,14,-7,14,-7,15,-6,16,-7,17,-7,17,-7,18,-7,19,-7,19,-8,20,-8,20,-9,20,-9,20,-9,20,-9,20,-9,20,-9,20,-9,21,-9,21,-9,21,-9,21,-9,22,-9,22]"
CSI_DATA,45511,d8:b1:90:db:e8:90,-52,11,1,7,0,0,1,0,0,0,1,-94,0,8,0,711722532,0,100,0,128,1,"[100,-64,5,0,24,0,24,0,24,0,23,-1,23,-1,23,-1,22,-1,22,-2,21,-3,21,-3,21,-4,22,-4,22,-4,22,-4,22,-4,22,-4,21,-4,21,-3,21,-3,21,-2,21,-2,21,-2,21,-1,21,0,21,0,5,0,0,0,0,0,0,0,0,0,0,0,0,0,0,0,0,0,0,0,3,-1,14,-4,14,-3,15,-2,15,-2,16,-1,17,-1,17,-1,17,-1,18,0,19,0,20,0,20,1,21,1,21,2,21,2,21,2,22,2,22,1,22,1,22,1,22,1,23,1,23,0,23,0,23,0,24,0]"
CSI_DATA,45512,d8:b1:90:db:e8:90,-51,11,1,7,0,0,1,0,0,0,1,-94,0,8,0,711734408,0,100,0,128,1,"[100,-64,5,0,16,-19,16,-19,16,-18,15,-18,15,-19,14,-19,14,-19,13,-19,12,-19,12,-19,11,-19,11,-20,10,-20,10,-20,10,-20,10,-20,10,-19,10,-19,11,-19,11,-19,11,-19,11,-18,12,-17,12,-17,13,-17,3,-4,0,0,0,0,0,0,0,0,0,0,0,0,0,0,0,0,0,0,2,-4,8,-12,8,-12,9,-13,9,-13,10,-13,11,-13,12,-13,13,-13,13,-13,14,-14,15,-14,15,-15,16,-15,16,-15,16,-15,16,-15,16,-16,16,-16,16,-16,16,-16,16,-17,16,-17,17,-18,17,-18,17,-18,17,-18]"
CSI_DATA,45513,d8:b1:90:db:e8:90,-51,11,1,7,0,0,1,0,0,0,1,-94,0,8,0,711752777,0,100,0,128,1,"[100,-64,5,0,18,17,18,17,18,17,18,16,18,15,18,15,18,14,18,13,18,12,18,12,19,11,19,11,20,11,20,11,20,11,19,11,19,11,19,11,18,11,18,11,18,11,17,12,17,12,17,13,16,13,4,3,0,0,0,0,0,0,0,0,0,0,0,0,0,0,0,0,0,0,2,2,11,8,11,9,11,10,11,11,11,12,12,12,12,12,12,13,12,14,12,15,13,16,13,16,13,17,13,17,14,17,14,17,14,17,15,17,15,17,16,17,16,17,17,17,17,18,17,18,17,18,17,18]"
CSI_DATA,45514,d8:b1:90:db:e8:90,-51,11,1,7,0,0,1,0,0,0,1,-94,0,8,0,711763292,0,100,0,128,1,"[100,-64,5,0,-22,1,-22,1,-22,1,-21,1,-21,2,-20,2,-20,2,-20,3,-20,3,-20,3,-20,4,-20,5,-20,5,-20,5,-20,5,-20,5,-20,5,-20,5,-19,5,-19,4,-18,4,-18,4,-18,3,-19,3,-19,2,-5,0,0,0,0,0,0,0,0,0,0,0,0,0,0,0,0,0,0,0,-3,0,-12,3,-13,2,-14,2,-15,1,-15,2,-14,1,-15,1,-16,0,-16,0,-16,0,-18,-1,-19,-1,-19,-1,-20,-1,-20,-1,-20,-1,-20,-1,-21,-1,-20,0,-21,0,-21,1,-21,1,-22,1,-22,1,-22,1,-23,1]"
CSI_DATA,45515,d8:b1:90:db:e8:90,-51,11,1,7,0,0,1,0,0,0,1,-94,0,8,0,711782041,0,100,0,128,1,"[100,-64,5,0,-19,-17,-19,-18,-19,-17,-19,-16,-20,-15,-20,-15,-20,-14,-20,-14,-20,-14,-20,-13,-20,-13,-20,-12,-20,-12,-20,-12,-20,-12,-20,-12,-20,-13,-20,-13,-19,-13,-19,-13,-18,-13,-18,-13,-17,-14,-17,-15,-17,-15,-5,-4,0,0,0,0,0,0,0,0,0,0,0,0,0,0,0,0,0,0,-3,-2,-12,-8,-12,-9,-13,-10,-13,-10,-14,-11,-14,-12,-14,-13,-15,-13,-15,-14,-15,-15,-15,-15,-15,-16,-15,-16,-15,-17,-15,-17,-16,-17,-16,-17,-16,-17,-17,-17,-17,-17,-18,-17,-18,-18,-18,-18,-18,-18,-18,-18,-19,-18]"
CSI_DATA,45516,d8:b1:90:db:e8:90,-52,11,1,5,0,0,1,0,1,0,0,-94,0,8,0,711815335,0,100,0,128,1,"[100,-64,5,0,-9,47,-8,42,-6,36,-5,29,-5,22,-5,15,-6,8,-7,2,-9,-3,-11,-7,-13,-11,-14,-13,-14,-14,-13,-15,-11,-14,-9,-13,-5,-11,0,-9,5,-7,10,-4,17,-1,23,1,28,4,33,7,36,10,9,2,0,0,0,0,0,0,0,0,0,0,0,0,0,0,0,0,0,0,-4,1,-12,7,-10,6,-6,5,-2,4,1,3,5,1,8,0,10,-2,11,-3,11,-4,11,-4,9,-4,7,-3,4,-1,0,2,-4,5,-8,10,-11,15,-14,21,-16,27,-17,33,-18,39,-18,45,-17,49,-16,52,-16,53]"
CSI_DATA,45517,d8:b1:90:db:e8:90,-51,11,1,7,0,0,1,0,0,0,1,-94,0,8,0,711825461,0,100,0,128,1,"[100,-64,5,0,-25,3,-25,2,-24,2,-24,3,-24,3,-23,3,-23,3,-23,4,-23,5,-22,5,-22,6,-22,6,-22,6,-22,6,-22,6,-21,7,-21,7,-21,6,-21,6,-21,6,-21,5,-21,5,-21,5,-21,4,-22,3,-6,0,0,0,0,0,0,0,0,0,0,0,0,0,0,0,0,0,0,0,-4,0,-15,3,-15,2,-16,2,-16,1,-17,1,-18,1,-19,1,-19,1,-20,0,-21,0,-21,-1,-22,-1,-22,-1,-22,-2,-22,-2,-22,-1,-22,-1,-23,-1,-23,-1,-23,0,-24,0,-24,0,-25,1,-25,1,-25,1,-25,1]"
CSI_DATA,45518,d8:b1:90:db:e8:90,-52,11,1,7,0,0,1,0,0,0,1,-94,0,8,0,711840101,0,100,0,128,1,"[100,-64,5,0,-22,10,-22,10,-21,10,-21,10,-20,11,-20,11,-20,11,-19,11,-19,12,-18,12,-18,12,-18,13,-18,13,-18,13,-18,13,-17,13,-17,13,-17,12,-17,12,-17,12,-17,12,-18,11,-18,11,-18,10,-18,10,-5,2,0,0,0,0,0,0,0,0,0,0,0,0,0,0,0,0,0,0,-4,1,-13,7,-13,7,-13,6,-14,6,-15,6,-15,6,-16,7,-16,7,-17,7,-18,7,-19,7,-20,7,-20,7,-20,7,-21,7,-22,7,-22,7,-21,8,-21,8,-21,9,-21,9,-22,10,-22,10,-22,10,-22,10,-22,10]"
CSI_DATA,45519,d8:b1:90:db:e8:90,-51,11,1,7,0,0,1,0,0,0,1,-94,0,8,0,711852204,0,100,0,128,1,"[100,-64,5,0,-5,24,-5,23,-5,23,-4,23,-3,23,-3,23,-2,23,-1,23,-1,22,-1,22,-1,22,0,22,0,22,0,22,0,22,0,22,0,22,0,22,0,21,-1,21,-1,21,-2,21,-3,21,-4,21,-4,21,-2,5,0,0,0,0,0,0,0,0,0,0,0,0,0,0,0,0,0,0,-1,3,-3,14,-3,14,-4,14,-4,15,-4,16,-5,16,-5,16,-6,17,-7,18,-7,18,-8,19,-8,19,-8,20,-8,20,-8,20,-8,21,-8,21,-8,21,-8,22,-7,22,-7,22,-7,23,-7,23,-7,23,-7,23,-7,24]"
CSI_DATA,45520,d8:b1:90:db:e8:90,-52,11,1,7,0,0,1,0,0,0,1,-94,0,8,0,711864089,0,100,0,128,1,"[100,-64,5,0,-18,11,-18,11,-18,11,-18,12,-17,12,-17,12,-16,12,-15,12,-15,12,-15,12,-15,13,-14,13,-14,13,-14,13,-14,13,-15,13,-14,13,-14,12,-14,12,-15,12,-15,11,-15,11,-15,10,-16,10,-16,9,-4,2,0,0,0,0,0,0,0,0,0,0,0,0,0,0,0,0,0,0,-3,2,-12,8,-12,7,-12,6,-12,7,-13,8,-13,7,-14,7,-15,7,-16,7,-16,7,-17,7,-17,7,-17,7,-17,7,-17,8,-18,8,-18,8,-18,8,-18,8,-19,8,-19,8,-19,9,-19,9,-19,10,-19,10,-19,10]"
CSI_DATA,45521,d8:b1:90:db:e8:90,-51,11,1,7,0,0,1,0,0,0,1,-94,0,8,0,711874201,0,100,0,128,1,"[100,-64,5,0,1,22,1,22,2,21,3,21,3,21,3,20,4,20,4,20,5,19,5,19,5,19,5,19,5,19,5,19,6,19,5,19,5,19,5,19,4,19,4,19,4,18,3,18,3,18,2,19,1,19,0,4,0,0,0,0,0,0,0,0,0,0,0,0,0,0,0,0,0,0,0,3,3,12,2,12,1,12,1,13,0,14,-1,16,-1,16,-1,16,-1,16,-1,16,-1,18,-1,19,-1,19,-1,19,-1,19,-1,19,-1,20,-1,20,-1,21,-1,21,-1,21,0,21,0,21,0,21,1,22,1,22]"
CSI_DATA,45522,d8:b1:90:db:e8:90,-51,11,1,7,0,0,1,0,0,0,1,-94,0,8,0,711900882,0,100,0,128,1,"[100,-64,5,0,-17,15,-17,15,-16,15,-16,15,-16,15,-15,14,-15,15,-15,15,-14,15,-14,15,-14,16,-14,16,-14,16,-13,16,-13,15,-13,15,-13,15,-13,15,-13,15,-13,14,-14,14,-14,14,-14,13,-14,11,-14,10,-4,2,0,0,0,0,0,0,0,0,0,0,0,0,0,0,0,0,0,0,-3,2,-9,10,-10,9,-11,9,-11,9,-12,9,-13,9,-13,10,-14,11,-15,11,-15,11,-16,11,-16,11,-17,11,-17,11,-17,11,-17,11,-18,11,-18,11,-17,12,-17,12,-18,12,-18,13,-18,14,-18,14,-18,14,-18,15]"
CSI_DATA,45523,d8:b1:90:db:e8:90,-51,11,1,7,0,0,1,0,0,0,1,-94,0,8,0,711912516,0,100,0,128,1,"[100,-64,5,0,20,-15,20,-14,19,-14,19,-15,18,-15,18,-15,17,-16,17,-17,16,-17,16,-17,15,-17,15,-17,15,-17,15,-17,15,-17,15,-17,15,-17,15,-17,15,-16,15,-16,15,-16,15,-15,16,-15,16,-14,17,-14,4,-4,0,0,0,0,0,0,0,0,0,0,0,0,0,0,0,0,0,0,2,-3,11,-10,11,-10,12,-10,12,-10,13,-10,14,-10,14,-10,15,-11,16,-11,17,-11,18,-11,19,-10,19,-10,19,-10,19,-11,19,-11,19,-11,20,-11,19,-12,19,-13,19,-13,20,-13,20,-13,21,-13,21,-13,21,-14]"
CSI_DATA,45524,d8:b1:90:db:e8:90,-51,11,1,7,0,0,1,0,0,0,1,-94,0,8,0,711924570,0,100,0,128,1,"[100,-64,5,0,-22,10,-22,10,-22,10,-22,10,-22,11,-21,11,-21,11,-20,12,-19,12,-19,13,-19,13,-19,13,-18,13,-18,13,-18,13,-19,13,-19,13,-19,12,-19,12,-19,12,-19,11,-19,11,-19,10,-19,10,-20,10,-5,2,0,0,0,0,0,0,0,0,0,0,0,0,0,0,0,0,0,0,-4,2,-13,8,-14,7,-14,7,-15,7,-15,7,-16,7,-16,7,-17,7,-18,7,-19,7,-20,7,-20,7,-21,7,-21,6,-21,6,-21,6,-22,7,-22,7,-22,8,-22,8,-22,8,-22,8,-23,9,-23,9,-23,9,-23,9]"
CSI_DATA,45525,d8:b1:90:db:e8:90,-52,11,1,7,0,0,1,0,0,0,1,-94,0,8,0,711940020,0,100,0,128,1,"[100,-64,5,0,-24,-7,-24,-7,-24,-6,-24,-6,-23,-5,-23,-5,-23,-4,-23,-3,-22,-3,-23,-2,-23,-2,-23,-2,-23,-1,-23,-2,-23,-2,-23,-1,-23,-1,-22,-2,-22,-2,-22,-2,-22,-3,-22,-3,-21,-4,-21,-5,-21,-6,-6,-2,0,0,0,0,0,0,0,0,0,0,0,0,0,0,0,0,0,0,-4,-1,-15,-2,-15,-2,-16,-3,-16,-3,-17,-4,-17,-4,-17,-4,-18,-5,-19,-5,-19,-6,-20,-7,-21,-7,-21,-8,-21,-8,-21,-8,-21,-8,-21,-8,-21,-8,-22,-8,-22,-8,-22,-8,-23,-8,-24,-7,-24,-7,-24,-7,-24,-7]"
CSI_DATA,45526,d8:b1:90:db:e8:90,-52,11,1,7,0,0,1,0,0,0,1,-94,0,8,0,711950913,0,100,0,128,1,"[100,-64,5,0,-2,-24,-2,-24,-2,-24,-3,-23,-3,-23,-3,-23,-4,-23,-5,-22,-5,-22,-6,-22,-6,-22,-6,-22,-7,-22,-7,-22,-7,-22,-7,-22,-7,-21,-7,-21,-6,-21,-6,-21,-6,-21,-5,-21,-4,-21,-3,-21,-3,-21,-1,-6,0,0,0,0,0,0,0,0,0,0,0,0,0,0,0,0,0,0,-1,-4,-3,-14,-3,-15,-3,-15,-3,-16,-2,-16,-2,-17,-2,-17,-1,-18,-1,-19,0,-19,0,-20,1,-21,1,-21,1,-21,1,-21,1,-21,1,-21,1,-22,0,-22,0,-23,0,-23,-1,-23,-1,-24,-1,-24,-1,-24,-1,-24]"
CSI_DATA,45527,d8:b1:90:db:e8:90,-51,11,1,7,0,0,1,0,0,0,1,-94,0,8,0,711962147,0,100,0,128,1,"[100,-64,5,0,13,-20,13,-20,13,-20,12,-20,12,-20,11,-20,11,-20,10,-20,10,-20,9,-20,9,-20,9,-21,9,-21,9,-21,8,-21,8,-21,8,-21,8,-21,8,-20,8,-20,9,-20,9,-19,9,-19,10,-19,11,-19,3,-5,0,0,0,0,0,0,0,0,0,0,0,0,0,0,0,0,0,0,1,-4,7,-13,7,-13,8,-13,9,-13,9,-13,10,-14,11,-14,12,-14,13,-15,13,-15,13,-16,14,-16,14,-16,14,-16,15,-16,15,-16,15,-17,15,-17,15,-18,15,-18,15,-18,15,-19,14,-20,14,-20,14,-20,15,-20]"
CSI_DATA,45528,d8:b1:90:db:e8:90,-51,11,1,7,0,0,1,0,0,0,1,-94,0,8,0,711972977,0,100,0,128,1,"[100,-64,5,0,-17,11,-17,11,-16,11,-16,10,-16,10,-15,11,-15,11,-15,11,-14,11,-14,11,-14,11,-14,12,-14,12,-14,12,-14,12,-13,12,-13,12,-13,12,-14,11,-14,11,-14,10,-14,10,-14,10,-15,9,-15,9,-4,2,0,0,0,0,0,0,0,0,0,0,0,0,0,0,0,0,0,0,-3,2,-10,8,-10,8,-10,8,-12,8,-12,8,-12,8,-13,8,-14,8,-15,8,-15,7,-15,7,-15,8,-16,8,-16,8,-17,8,-17,7,-17,8,-17,8,-17,8,-17,9,-18,9,-17,9,-17,10,-17,10,-17,11,-17,10]"
CSI_DATA,45529,d8:b1:90:db:e8:90,-51,11,1,7,0,0,1,0,0,0,1,-94,0,8,0,711983231,0,100,0,128,1,"[100,-64,5,0,24,-2,24,-2,24,-2,23,-3,22,-3,22,-4,22,-4,21,-5,21,-6,21,-6,21,-6,22,-7,21,-8,21,-8,21,-8,21,-8,21,-8,21,-8,20,-8,20,-7,20,-7,20,-6,20,-5,20,-4,21,-4,5,-1,0,0,0,0,0,0,0,0,0,0,0,0,0,0,0,0,0,0,3,-1,14,-4,14,-3,15,-3,16,-3,16,-2,17,-2,17,-3,18,-3,18,-2,19,-1,20,-1,20,0,21,0,21,0,21,0,21,0,21,0,22,0,22,-1,22,-1,22,-1,23,-1,23,-1,24,0,24,0,24,0]"
CSI_DATA,45530,d8:b1:90:db:e8:90,-50,11,1,7,0,0,1,0,0,0,1,-94,0,8,0,712002885,0,100,0,128,1,"[100,-64,5,0,16,-23,17,-34,21,-33,16,-25,2,-26,-5,-34,-4,-38,-4,-30,-14,-22,-23,-23,-25,-27,-22,-22,-24,-12,-31,-7,-35,-8,-31,-7,-27,1,-29,8,-31,10,-28,11,-23,14,-21,19,-21,22,-20,22,-17,22,-4,5,0,0,0,0,0,0,0,0,0,0,0,0,0,0,0,0,0,0,-5,4,-22,15,-27,9,-22,3,-13,8,-15,20,-24,23,-22,15,-9,15,-3,27,-11,33,-14,26,-3,19,9,27,8,37,1,34,7,22,22,19,28,26,23,28,19,16,28,3,39,3,38,9,27,3,26,-12,34,-22]"
CSI_DATA,45531,d8:b1:90:db:e8:90,-51,11,1,7,0,0,1,0,0,0,1,-94,0,8,0,712017927,0,100,0,128,1,"[100,-64,5,0,-20,14,-20,14,-19,14,-19,15,-19,15,-18,15,-17,15,-17,16,-16,16,-16,16,-16,16,-16,17,-15,17,-15,17,-15,17,-15,17,-15,17,-15,16,-15,16,-15,16,-15,15,-15,15,-16,14,-16,14,-16,13,-5,3,0,0,0,0,0,0,0,0,0,0,0,0,0,0,0,0,0,0,-3,2,-10,10,-11,10,-12,11,-13,11,-13,11,-14,11,-14,11,-15,11,-16,11,-17,11,-18,11,-18,11,-19,11,-19,11,-19,11,-20,11,-20,11,-20,12,-20,13,-20,13,-20,13,-20,13,-21,14,-21,14,-21,14,-21,13]"
CSI_DATA,45532,d8:b1:90:db:e8:90,-51,11,1,7,0,0,1,0,0,0,1,-94,0,8,0,712032429,0,100,0,128,1,"[100,-64,5,0,18,-17,18,-17,18,-17,17,-17,17,-18,16,-18,15,-18,14,-18,13,-18,13,-18,13,-19,12,-19,12,-19,12,-19,12,-19,13,-19,12,-19,12,-19,13,-18,13,-18,13,-18,13,-17,13,-17,14,-16,14,-16,3,-4,0,0,0,0,0,0,0,0,0,0,0,0,0,0,0,0,0,0,2,-3,9,-12,9,-12,10,-12,11,-12,11,-12,12,-12,13,-13,13,-13,14,-13,15,-13,15,-13,15,-13,16,-13,16,-13,17,-14,17,-14,17,-14,17,-15,17,-15,17,-15,17,-15,17,-16,18,-17,18,-17,18,-17,18,-17]"
CSI_DATA,45533,d8:b1:90:db:e8:90,-51,11,1,7,0,0,1,0,0,0,1,-94,0,8,0,712044318,0,100,0,128,1,"[100,-64,5,0,23,4,23,5,23,5,23,4,22,4,22,3,22,2,22,2,22,1,22,1,22,0,22,0,22,0,22,0,22,0,22,-1,22,-1,21,0,21,0,21,0,21,0,20,1,20,2,20,2,20,3,5,0,0,0,0,0,0,0,0,0,0,0,0,0,0,0,0,0,0,0,3,0,13,1,14,2,14,3,15,3,15,4,16,5,16,5,17,5,18,6,18,6,18,6,19,6,19,7,20,7,20,7,21,7,21,7,21,7,22,7,22,7,22,7,23,6,23,6,23,6,23,6,23,6]"
CSI_DATA,45534,d8:b1:90:db:e8:90,-51,11,1,7,0,0,1,0,0,0,1,-94,0,8,0,712057274,0,100,0,128,1,"[100,-64,5,0,19,16,19,16,19,16,19,15,19,15,19,14,19,13,20,13,20,12,20,12,20,12,20,11,20,11,20,12,21,11,21,11,21,11,20,11,20,11,19,11,19,11,19,12,18,12,18,13,17,14,4,3,0,0,0,0,0,0,0,0,0,0,0,0,0,0,0,0,0,0,3,1,12,7,12,8,12,9,12,10,12,11,13,12,13,12,14,13,14,14,14,15,15,15,15,15,15,16,15,16,16,16,16,16,16,17,17,17,17,17,18,17,18,17,18,17,19,17,19,17,19,17,19,17]"
CSI_DATA,45535,d8:b1:90:db:e8:90,-51,11,1,7,0,0,1,0,0,0,1,-94,0,8,0,712072227,0,100,0,128,1,"[100,-64,5,0,-1,22,-1,22,-1,21,0,21,0,20,1,20,1,20,1,20,2,20,3,19,3,19,3,19,3,19,3,20,3,19,3,19,3,19,3,19,2,19,2,19,2,18,2,18,1,18,1,19,0,19,0,4,0,0,0,0,0,0,0,0,0,0,0,0,0,0,0,0,0,0,0,3,2,12,1,13,0,13,-1,13,0,13,-1,14,-2,15,-2,15,-2,15,-2,16,-2,17,-3,18,-3,18,-4,18,-4,18,-4,18,-4,19,-3,19,-3,20,-3,21,-3,21,-3,21,-2,21,-1,22,-1,22,-2,22]"
CSI_DATA,45536,d8:b1:90:db:e8:90,-51,11,1,7,0,0,1,0,0,0,1,-94,0,8,0,712083401,0,100,0,128,1,"[100,-64,5,0,6,-22,6,-22,6,-22,5,-21,5,-21,5,-21,4,-21,4,-21,3,-21,3,-21,3,-21,2,-21,1,-21,1,-21,1,-21,1,-21,1,-21,1,-21,1,-21,1,-20,1,-20,2,-19,2,-19,2,-20,3,-20,0,-5,0,0,0,0,0,0,0,0,0,0,0,0,0,0,0,0,0,0,0,-4,1,-15,3,-15,4,-15,4,-15,4,-15,4,-16,5,-16,6,-17,7,-18,7,-18,7,-17,8,-17,9,-18,9,-18,8,-19,7,-20,8,-20,8,-20,7,-20,7,-21,7,-21,7,-21,7,-22,6,-22,7,-22,7,-22]"
CSI_DATA,45537,d8:b1:90:db:e8:90,-51,11,1,7,0,0,1,0,0,0,1,-94,0,8,0,712105825,0,100,0,128,1,"[100,-64,5,0,9,-23,9,-23,9,-23,8,-23,8,-22,8,-22,7,-22,7,-22,6,-22,6,-22,5,-22,4,-22,4,-23,4,-23,4,-23,4,-23,3,-23,4,-23,4,-22,4,-22,4,-21,5,-21,5,-21,5,-21,6,-21,1,-6,0,0,0,0,0,0,0,0,0,0,0,0,0,0,0,0,0,0,0,-4,3,-15,3,-15,4,-15,5,-15,6,-16,6,-16,7,-16,8,-17,8,-17,9,-18,10,-18,10,-18,11,-18,11,-19,10,-20,10,-20,10,-20,10,-21,10,-21,9,-22,9,-22,9,-22,9,-23,9,-23,10,-23,10,-23]"
CSI_DATA,45538,d8:b1:90:db:e8:90,-51,11,1,7,0,0,1,0,0,0,1,-94,0,8,0,712120277,0,100,0,128,1,"[100,-64,5,0,20,-15,20,-15,20,-15,19,-15,19,-15,19,-15,18,-15,18,-16,17,-16,17,-16,16,-16,16,-16,16,-17,16,-17,16,-17,16,-17,16,-17,16,-16,16,-16,16,-16,16,-16,16,-15,16,-15,17,-14,17,-13,4,-4,0,0,0,0,0,0,0,0,0,0,0,0,0,0,0,0,0,0,2,-3,11,-10,11,-10,12,-10,12,-11,13,-11,13,-11,14,-11,14,-12,15,-12,16,-11,17,-11,18,-11,18,-11,18,-11,19,-11,19,-12,19,-12,19,-12,19,-12,19,-12,19,-12,20,-13,20,-13,20,-14,20,-14,21,-14]"
CSI_DATA,45539,d8:b1:90:db:e8:90,-51,11,1,7,0,0,1,0,0,0,1,-94,0,8,0,712131195,0,100,0,128,1,"[100,-64,5,0,-3,-26,-2,-26,-2,-25,-3,-24,-4,-25,-3,-24,-4,-23,-5,-24,-5,-24,-5,-23,-6,-23,-6,-23,-6,-23,-6,-22,-7,-23,-6,-23,-6,-23,-6,-23,-6,-23,-5,-22,-5,-21,-5,-21,-4,-22,-3,-22,-2,-22,-1,-6,0,0,0,0,0,0,0,0,0,0,0,0,0,0,0,0,0,0,-1,-4,-4,-14,-3,-15,-3,-16,-3,-16,-2,-17,-2,-18,-1,-19,-1,-19,-1,-20,-1,-21,-1,-22,-1,-22,0,-23,0,-23,0,-23,0,-24,0,-24,0,-24,0,-24,0,-24,0,-24,-1,-25,-1,-26,-2,-25,-2,-26,-3,-26]"
CSI_DATA,45540,d8:b1:90:db:e8:90,-51,11,1,7,0,0,1,0,0,0,1,-94,0,8,0,712143544,0,100,0,128,1,"[100,-64,5,0,24,-7,23,-6,23,-6,23,-7,22,-7,22,-7,22,-8,21,-8,21,-8,21,-8,21,-9,20,-9,20,-9,20,-10,20,-9,21,-9,21,-9,20,-9,20,-9,20,-9,20,-8,20,-7,20,-7,20,-6,21,-5,5,-1,0,0,0,0,0,0,0,0,0,0,0,0,0,0,0,0,0,0,3,-2,14,-6,14,-6,13,-6,15,-5,16,-5,16,-5,17,-5,18,-5,18,-5,19,-4,20,-4,20,-5,21,-4,21,-4,21,-4,21,-4,22,-4,22,-4,22,-4,23,-4,23,-5,23,-5,24,-6,24,-6,24,-6,24,-6]"
CSI_DATA,45541,d8:b1:90:db:e8:90,-52,11,1,7,0,0,1,0,0,0,1,-94,0,8,0,712161174,0,100,0,128,1,"[100,-64,5,0,23,2,23,2,22,1,22,0,22,-1,21,-1,21,-2,21,-2,21,-3,21,-3,21,-4,21,-4,21,-4,21,-4,21,-4,20,-4,20,-4,20,-4,20,-4,20,-4,20,-3,20,-3,20,-2,19,-1,19,-1,4,-1,0,0,0,0,0,0,0,0,0,0,0,0,0,0,0,0,0,0,3,-1,13,-3,13,-2,14,-2,15,-1,16,-1,16,-1,16,0,17,0,18,1,18,1,19,2,19,2,19,2,20,3,20,3,20,3,20,3,20,3,21,3,21,2,21,2,22,2,23,2,23,2,23,2,23,2]"
CSI_DATA,45542,d8:b1:90:db:e8:90,-51,11,1,7,0,0,1,0,0,0,1,-94,0,8,0,712172542,0,100,0,128,1,"[100,-64,5,0,-19,-14,-19,-14,-19,-13,-18,-13,-18,-12,-18,-11,-18,-11,-18,-10,-18,-9,-18,-9,-19,-9,-19,-9,-20,-9,-20,-9,-20,-9,-20,-9,-19,-9,-19,-9,-18,-9,-18,-8,-18,-8,-18,-9,-17,-10,-17,-10,-16,-11,-4,-3,0,0,0,0,0,0,0,0,0,0,0,0,0,0,0,0,0,0,-3,-1,-12,-5,-12,-6,-12,-7,-13,-9,-13,-10,-14,-9,-14,-8,-14,-9,-15,-11,-15,-12,-16,-12,-16,-12,-16,-13,-16,-13,-16,-12,-16,-12,-16,-13,-16,-13,-16,-13,-17,-13,-17,-13,-17,-13,-18,-13,-18,-13,-17,-14,-18,-14]"
CSI_DATA,45543,d8:b1:90:db:e8:90,-52,11,1,7,0,0,1,0,0,0,1,-94,0,8,0,712207931,0,100,0,128,1,"[100,-64,5,0,24,-1,24,-1,23,-1,23,-2,23,-2,23,-2,22,-3,22,-3,21,-3,21,-4,21,-5,21,-6,21,-7,21,-7,20,-7,20,-6,20,-6,19,-6,19,-6,19,-5,19,-5,19,-4,19,-3,19,-2,19,-1,4,-1,0,0,0,0,0,0,0,0,0,0,0,0,0,0,0,0,0,0,3,-1,13,-2,14,-1,14,-1,15,-1,16,0,16,-1,17,-1,17,-1,18,-1,19,0,19,0,20,0,20,0,20,0,20,0,20,0,20,0,20,0,22,0,22,0,23,-1,23,-1,23,0,23,0,23,1,24,1]"
CSI_DATA,45544,d8:b1:90:db:e8:90,-51,11,1,7,0,0,1,0,0,0,1,-94,0,8,0,712220208,0,100,0,128,1,"[100,-64,5,0,-14,21,-14,21,-14,21,-13,20,-13,20,-12,20,-12,20,-11,20,-10,19,-10,19,-10,20,-9,20,-8,20,-8,20,-8,21,-7,21,-7,21,-8,21,-8,21,-8,21,-8,20,-8,19,-9,19,-10,19,-10,18,-3,4,0,0,0,0,0,0,0,0,0,0,0,0,0,0,0,0,0,0,-2,3,-5,13,-5,13,-6,13,-7,14,-7,14,-8,15,-9,15,-10,15,-11,15,-11,16,-12,16,-12,16,-13,16,-13,17,-13,17,-14,17,-14,18,-14,18,-14,19,-14,19,-13,19,-14,20,-14,20,-14,20,-14,20,-14,21]"
CSI_DATA,45545,d8:b1:90:db:e8:90,-51,11,1,7,0,0,1,0,0,0,1,-94,0,8,0,712232708,0,100,0,128,1,"[100,-64,5,0,-25,8,-24,7,-24,7,-24,8,-23,8,-23,8,-22,8,-22,9,-21,9,-21,9,-20,10,-20,10,-20,11,-20,11,-20,11,-20,12,-20,12,-20,11,-20,11,-20,11,-20,11,-20,10,-20,9,-20,8,-20,7,-5,1,0,0,0,0,0,0,0,0,0,0,0,0,0,0,0,0,0,0,-4,2,-13,8,-13,8,-14,7,-14,7,-15,7,-16,7,-17,7,-18,7,-18,7,-19,6,-20,6,-20,6,-20,6,-21,6,-22,6,-22,6,-22,6,-23,6,-23,7,-23,7,-23,7,-24,7,-24,8,-24,8,-24,8,-24,8]"
CSI_DATA,45546,d8:b1:90:db:e8:90,-51,11,1,7,0,0,1,0,0,0,1,-94,0,8,0,712244787,0,100,0,128,1,"[100,-64,5,0,-17,-19,-16,-19,-16,-19,-16,-18,-16,-18,-16,-17,-17,-17,-17,-16,-17,-15,-18,-15,-18,-14,-19,-14,-19,-14,-19,-14,-19,-14,-19,-14,-19,-14,-18,-15,-18,-14,-18,-14,-18,-14,-17,-14,-17,-15,-16,-15,-15,-16,-4,-4,0,0,0,0,0,0,0,0,0,0,0,0,0,0,0,0,0,0,-3,-3,-12,-10,-12,-11,-12,-11,-13,-12,-13,-12,-13,-13,-13,-13,-13,-14,-13,-15,-14,-16,-14,-16,-14,-16,-14,-17,-14,-17,-14,-18,-14,-18,-14,-18,-14,-18,-15,-19,-15,-19,-15,-19,-16,-19,-16,-19,-16,-19,-16,-19,-16,-19]"
CSI_DATA,45547,d8:b1:90:db:e8:90,-51,11,1,7,0,0,1,0,0,0,1,-94,0,8,0,712254909,0,100,0,128,1,"[100,-64,5,0,-3,-25,-3,-25,-3,-25,-4,-24,-5,-24,-5,-24,-5,-23,-6,-23,-7,-22,-7,-22,-7,-22,-8,-22,-8,-22,-8,-22,-8,-22,-8,-22,-8,-22,-8,-22,-7,-22,-7,-22,-7,-22,-6,-21,-6,-21,-5,-22,-4,-22,-1,-6,0,0,0,0,0,0,0,0,0,0,0,0,0,0,0,0,0,0,-2,-4,-5,-15,-4,-15,-4,-16,-4,-17,-4,-17,-4,-18,-4,-18,-4,-19,-4,-20,-3,-21,-3,-21,-3,-21,-2,-22,-2,-22,-2,-22,-2,-22,-2,-22,-2,-23,-3,-24,-3,-24,-3,-25,-3,-25,-3,-25,-3,-25,-3,-25,-3,-25]"
CSI_DATA,45548,d8:b1:90:db:e8:90,-51,11,1,7,0,0,1,0,0,0,1,-94,0,8,0,712272680,0,100,0,128,1,"[100,-64,5,0,-15,16,-15,15,-15,15,-14,15,-14,15,-13,15,-13,15,-12,15,-12,15,-12,15,-12,15,-12,16,-11,17,-11,17,-11,17,-11,17,-11,16,-11,16,-10,16,-10,15,-10,15,-11,14,-12,14,-12,13,-13,13,-4,3,0,0,0,0,0,0,0,0,0,0,0,0,0,0,0,0,0,0,-2,2,-7,9,-8,10,-9,11,-10,11,-11,11,-11,11,-11,11,-12,11,-12,11,-13,10,-14,11,-14,11,-15,11,-15,11,-15,12,-15,13,-15,13,-15,13,-15,14,-15,14,-15,15,-15,15,-15,15,-15,15,-15,15,-15,14]"
CSI_DATA,45549,d8:b1:90:db:e8:90,-51,11,1,7,0,0,1,0,0,0,1,-94,0,8,0,712282770,0,100,0,128,1,"[100,-64,5,0,-14,-17,-14,-17,-14,-17,-14,-17,-14,-16,-14,-16,-14,-16,-15,-15,-15,-14,-15,-14,-15,-14,-16,-14,-16,-14,-16,-14,-16,-14,-16,-14,-16,-13,-16,-14,-15,-14,-15,-14,-15,-13,-14,-13,-14,-14,-13,-14,-12,-15,-3,-4,0,0,0,0,0,0,0,0,0,0,0,0,0,0,0,0,0,0,-3,-3,-8,-10,-8,-11,-9,-11,-9,-12,-10,-12,-10,-13,-9,-14,-9,-15,-10,-16,-10,-16,-10,-16,-10,-16,-10,-16,-10,-17,-11,-17,-11,-17,-12,-17,-12,-17,-13,-17,-13,-17,-13,-18,-13,-18,-13,-17,-13,-17,-13,-17,-14,-18]"
CSI_DATA,45550,d8:b1:90:db:e8:90,-51,11,1,7,0,0,1,0,0,0,1,-94,0,8,0,712309561,0,100,0,128,1,"[100,-64,5,0,-4,-26,-4,-21,1,-15,7,-16,9,-20,7,-22,5,-19,7,-14,12,-11,15,-13,15,-15,13,-13,14,-9,17,-5,20,-5,19,-6,17,-5,16,-1,17,3,17,5,17,5,15,7,13,9,11,12,10,13,2,3,0,0,0,0,0,0,0,0,0,0,0,0,0,0,0,0,0,0,1,1,4,6,-2,8,-7,13,-5,17,-2,16,-2,10,-7,5,-15,7,-18,12,-14,13,-10,8,-13,2,-20,-1,-23,2,-20,4,-15,2,-13,-6,-17,-12,-21,-11,-20,-7,-13,-8,-9,-14,-12,-19,-15,-18,-13,-15,-8,-13]"
CSI_DATA,45551,d8:b1:90:db:e8:90,-51,11,1,7,0,0,1,0,0,0,1,-94,0,8,0,712321304,0,100,0,128,1,"[100,-64,5,0,23,7,23,7,23,7,23,7,22,6,22,6,22,5,22,4,22,3,22,3,22,2,22,1,22,1,22,1,22,1,22,1,22,1,21,2,21,2,21,2,21,2,20,3,20,3,20,4,20,5,5,1,0,0,0,0,0,0,0,0,0,0,0,0,0,0,0,0,0,0,3,0,14,1,14,2,15,2,15,3,15,4,16,4,16,5,17,5,18,6,18,6,19,6,19,6,19,7,20,8,20,8,20,8,20,8,21,8,21,8,21,8,22,8,22,8,22,7,23,7,23,7,23,7]"
CSI_DATA,45552,d8:b1:90:db:e8:90,-51,11,1,7,0,0,1,0,0,0,1,-94,0,8,0,712334291,0,100,0,128,1,"[100,-64,5,0,19,-12,19,-12,19,-12,19,-12,18,-12,18,-12,17,-13,16,-13,15,-14,15,-14,15,-14,14,-15,14,-15,14,-15,14,-15,13,-15,13,-15,13,-15,13,-15,13,-14,13,-14,14,-14,14,-13,14,-13,15,-12,3,-3,0,0,0,0,0,0,0,0,0,0,0,0,0,0,0,0,0,0,2,-3,9,-10,10,-10,10,-10,11,-9,12,-9,12,-9,13,-9,14,-9,15,-9,16,-9,16,-9,17,-8,18,-8,18,-8,18,-8,18,-9,19,-9,19,-9,18,-10,18,-10,19,-10,19,-11,19,-11,19,-11,20,-11,20,-11]"
CSI_DATA,45553,d8:b1:90:db:e8:90,-51,11,1,7,0,0,1,0,0,0,1,-94,0,8,0,712352280,0,100,0,128,1,"[100,-64,5,0,4,24,4,24,4,24,4,24,4,23,4,22,5,22,6,21,7,20,7,20,8,20,8,20,8,20,8,20,8,20,9,20,9,20,8,20,8,19,7,19,7,19,6,19,6,19,6,20,5,20,1,5,0,0,0,0,0,0,0,0,0,0,0,0,0,0,0,0,0,0,1,3,7,12,6,13,5,14,5,14,5,15,5,16,4,17,4,17,4,18,4,19,3,20,3,21,3,21,2,21,2,22,1,22,1,22,2,22,2,23,3,23,3,23,3,23,3,24,4,24,4,24,4,24]"
CSI_DATA,45554,d8:b1:90:db:e8:90,-51,11,1,7,0,0,1,0,0,0,1,-94,0,8,0,712363177,0,100,0,128,1,"[100,-64,5,0,-24,-2,-25,-2,-25,-2,-25,-1,-25,0,-25,0,-25,0,-25,0,-25,0,-24,0,-23,0,-23,1,-22,2,-21,2,-21,3,-21,4,-21,5,-21,5,-22,5,-23,5,-23,4,-24,3,-24,1,-24,-1,-23,-2,-6,-1,0,0,0,0,0,0,0,0,0,0,0,0,0,0,0,0,0,0,-4,-1,-15,-2,-15,-2,-15,-3,-16,-3,-16,-3,-17,-2,-18,-2,-19,-2,-20,-3,-21,-4,-21,-5,-22,-5,-22,-6,-22,-6,-23,-6,-23,-6,-23,-6,-24,-6,-24,-5,-24,-5,-25,-5,-25,-5,-25,-5,-25,-5,-24,-5,-24,-4]"
CSI_DATA,45555,d8:b1:90:db:e8:90,-51,11,1,7,0,0,1,0,0,0,1,-94,0,8,0,712374792,0,100,0,128,1,"[100,-64,5,0,-24,-7,-24,-7,-23,-6,-23,-5,-23,-5,-23,-5,-23,-4,-23,-3,-23,-3,-23,-2,-23,-1,-24,-1,-23,0,-23,-1,-23,-1,-23,-1,-23,-1,-23,-2,-23,-2,-23,-2,-22,-3,-22,-3,-22,-3,-22,-4,-21,-5,-6,-2,0,0,0,0,0,0,0,0,0,0,0,0,0,0,0,0,0,0,-4,-1,-15,-2,-15,-2,-15,-3,-16,-3,-16,-4,-17,-4,-18,-4,-18,-4,-19,-5,-19,-5,-20,-5,-21,-6,-21,-6,-21,-7,-21,-7,-22,-7,-22,-7,-22,-7,-23,-7,-23,-7,-23,-7,-23,-7,-24,-7,-24,-7,-24,-7,-24,-7]"
CSI_DATA,45556,d8:b1:90:db:e8:90,-51,11,1,7,0,0,1,0,0,0,1,-94,0,8,0,712385221,0,100,0,128,1,"[100,-64,5,0,-16,-17,-16,-17,-16,-16,-16,-16,-16,-15,-16,-14,-16,-14,-16,-13,-16,-13,-16,-12,-17,-12,-17,-12,-17,-12,-17,-12,-17,-12,-17,-12,-17,-12,-16,-13,-16,-13,-16,-13,-15,-13,-15,-13,-15,-13,-14,-14,-14,-14,-4,-4,0,0,0,0,0,0,0,0,0,0,0,0,0,0,0,0,0,0,-3,-2,-12,-7,-12,-8,-12,-9,-13,-10,-12,-11,-12,-11,-13,-11,-13,-11,-13,-13,-12,-14,-12,-14,-12,-15,-12,-15,-13,-15,-13,-16,-13,-16,-14,-16,-13,-16,-13,-16,-13,-16,-14,-17,-14,-17,-15,-16,-15,-16,-15,-16,-15,-17]"
CSI_DATA,45557,d8:b1:90:db:e8:90,-51,11,1,7,0,0,1,0,0,0,1,-94,0,8,0,712411736,0,100,0,128,1,"[100,-64,5,0,-16,16,-15,16,-15,16,-15,15,-14,15,-13,15,-13,16,-12,16,-11,16,-11,16,-11,16,-11,17,-10,17,-10,17,-10,17,-10,17,-10,17,-10,17,-10,17,-10,17,-10,16,-11,16,-11,15,-12,15,-12,15,-3,3,0,0,0,0,0,0,0,0,0,0,0,0,0,0,0,0,0,0,-2,2,-8,10,-8,10,-9,10,-9,11,-10,12,-10,12,-10,12,-11,12,-12,12,-12,13,-13,13,-14,13,-14,13,-14,13,-14,14,-15,14,-15,14,-15,14,-15,14,-15,15,-15,15,-15,15,-15,16,-16,16,-16,16,-16,16]"
CSI_DATA,45558,d8:b1:90:db:e8:90,-51,11,1,7,0,0,1,0,0,0,1,-94,0,8,0,712422712,0,100,0,128,1,"[100,-64,5,0,8,-24,8,-24,8,-23,7,-23,7,-23,6,-23,6,-23,5,-23,4,-22,4,-22,3,-22,2,-23,2,-23,2,-23,2,-23,2,-23,2,-23,2,-23,2,-22,2,-22,2,-21,2,-21,3,-21,4,-21,4,-21,1,-6,0,0,0,0,0,0,0,0,0,0,0,0,0,0,0,0,0,0,0,-4,2,-15,3,-15,3,-15,4,-16,5,-16,5,-17,6,-17,6,-18,7,-18,7,-19,8,-19,8,-19,9,-20,9,-20,9,-20,9,-20,9,-20,9,-21,9,-21,9,-22,9,-22,9,-23,9,-23,9,-23,9,-23,9,-23]"
CSI_DATA,45559,d8:b1:90:db:e8:90,-51,11,1,7,0,0,1,0,0,0,1,-94,0,8,0,712442813,0,100,0,128,1,"[100,-64,5,0,19,16,19,16,18,16,18,15,19,14,19,14,19,14,19,13,19,12,19,12,19,11,19,10,20,10,20,10,20,10,20,10,20,11,19,11,19,11,18,11,18,11,17,12,17,12,16,13,16,14,3,3,0,0,0,0,0,0,0,0,0,0,0,0,0,0,0,0,0,0,3,1,12,7,12,8,12,9,12,10,12,10,12,11,12,12,13,12,13,13,13,14,13,16,13,17,13,17,13,18,14,17,14,17,14,17,15,17,16,17,16,16,17,16,17,17,17,17,17,17,17,17,18,17]"
CSI_DATA,45560,d8:b1:90:db:e8:90,-51,11,1,7,0,0,1,0,0,0,1,-94,0,8,0,712462185,0,100,0,128,1,"[100,-64,5,0,-22,-5,-22,-5,-21,-5,-21,-4,-21,-4,-21,-4,-21,-3,-21,-3,-21,-3,-21,-2,-21,-1,-21,0,-21,0,-21,0,-21,0,-21,0,-20,-1,-20,-1,-20,-1,-20,-2,-20,-2,-20,-2,-20,-2,-19,-3,-19,-4,-5,-1,0,0,0,0,0,0,0,0,0,0,0,0,0,0,0,0,0,0,-4,0,-14,0,-14,-1,-14,-2,-15,-2,-15,-2,-16,-3,-16,-3,-16,-4,-17,-4,-18,-5,-18,-5,-19,-5,-19,-6,-19,-6,-19,-6,-19,-6,-20,-6,-20,-6,-20,-6,-20,-6,-21,-6,-21,-6,-21,-5,-22,-5,-22,-5,-22,-5]"
CSI_DATA,45561,d8:b1:90:db:e8:90,-52,11,1,7,0,0,1,0,0,0,1,-94,0,8,0,712473271,0,100,0,128,1,"[100,-64,5,0,-2,-25,-2,-24,-2,-24,-2,-24,-2,-24,-3,-23,-3,-23,-4,-23,-4,-23,-4,-22,-5,-22,-5,-22,-5,-22,-5,-22,-5,-22,-5,-22,-5,-22,-5,-22,-4,-22,-4,-22,-3,-21,-3,-21,-2,-21,-2,-21,-1,-21,0,-6,0,0,0,0,0,0,0,0,0,0,0,0,0,0,0,0,0,0,-1,-4,-3,-14,-3,-15,-3,-15,-2,-16,-2,-16,-2,-17,-2,-18,-2,-19,-1,-20,-1,-20,0,-21,0,-22,1,-22,1,-22,0,-22,0,-22,0,-23,0,-23,0,-23,0,-24,0,-24,-1,-24,-1,-25,-2,-25,-2,-25,-2,-25]"
CSI_DATA,45562,d8:b1:90:db:e8:90,-51,11,1,7,0,0,1,0,0,0,1,-94,0,8,0,712492964,0,100,0,128,1,"[100,-64,5,0,-20,-4,-20,-3,-20,-3,-20,-3,-20,-3,-19,-2,-19,-2,-19,-2,-19,-1,-19,-1,-19,-1,-19,0,-19,0,-19,0,-19,0,-19,0,-19,0,-18,-1,-18,-1,-18,-1,-18,-1,-18,-2,-18,-2,-17,-3,-17,-3,-5,-1,0,0,0,0,0,0,0,0,0,0,0,0,0,0,0,0,0,0,-3,-1,-12,-2,-13,-2,-14,-2,-14,-2,-14,-2,-14,-3,-14,-3,-16,-3,-16,-3,-16,-4,-16,-4,-17,-5,-17,-5,-18,-6,-18,-6,-18,-5,-18,-5,-18,-5,-19,-5,-19,-5,-19,-5,-20,-5,-20,-4,-20,-4,-20,-4,-20,-4]"
CSI_DATA,45563,d8:b1:90:db:e8:90,-51,11,1,7,0,0,1,0,0,0,1,-94,0,8,0,712516612,0,100,0,128,1,"[100,-64,5,0,-22,6,-22,6,-21,5,-21,5,-21,6,-21,6,-20,6,-20,7,-20,7,-20,7,-19,7,-19,8,-19,8,-19,8,-19,8,-19,8,-19,8,-18,7,-18,7,-19,7,-19,7,-19,6,-19,6,-19,5,-19,4,-5,1,0,0,0,0,0,0,0,0,0,0,0,0,0,0,0,0,0,0,-4,1,-13,5,-14,4,-14,3,-15,3,-16,2,-16,3,-16,4,-17,4,-18,4,-19,3,-19,3,-19,3,-20,3,-20,3,-20,3,-20,3,-20,3,-21,3,-21,3,-21,4,-22,4,-22,4,-22,5,-23,5,-22,5,-22,5]"
CSI_DATA,45564,d8:b1:90:db:e8:90,-52,11,1,5,0,0,1,0,1,0,0,-94,0,8,0,712533066,0,100,0,128,1,"[100,-64,5,0,-27,-45,-25,-40,-22,-35,-18,-29,-13,-23,-8,-17,-2,-13,3,-9,7,-6,11,-4,15,-2,17,-1,18,0,18,0,17,2,14,3,10,5,5,7,-1,9,-7,11,-13,13,-20,16,-26,18,-31,19,-35,19,-10,4,0,0,0,0,0,0,0,0,0,0,0,0,0,0,0,0,0,0,1,-4,5,-14,4,-12,1,-10,-1,-6,-3,-3,-5,0,-7,3,-7,5,-8,7,-7,8,-7,8,-6,6,-5,4,-3,0,-3,-4,-2,-9,-2,-15,-3,-22,-4,-28,-6,-34,-9,-40,-13,-45,-17,-49,-21,-52,-23,-53,-25,-54]"
CSI_DATA,45565,d8:b1:90:db:e8:90,-51,11,1,7,0,0,1,0,0,0,1,-94,0,8,0,712543988,0,100,0,128,1,"[100,-64,5,0,-13,-22,-13,-22,-13,-22,-13,-21,-13,-21,-14,-20,-14,-20,-14,-19,-14,-19,-14,-19,-15,-18,-16,-18,-16,-18,-16,-18,-16,-18,-16,-18,-16,-18,-16,-18,-15,-18,-15,-18,-15,-18,-14,-18,-13,-19,-12,-19,-12,-20,-3,-5,0,0,0,0,0,0,0,0,0,0,0,0,0,0,0,0,0,0,-3,-3,-11,-12,-10,-12,-10,-14,-10,-15,-9,-15,-10,-16,-10,-16,-10,-16,-10,-17,-10,-18,-9,-19,-9,-19,-9,-20,-9,-20,-10,-20,-10,-21,-10,-21,-10,-21,-11,-22,-11,-22,-12,-22,-12,-22,-13,-22,-13,-22,-13,-22,-13,-23]"
CSI_DATA,45566,d8:b1:90:db:e8:90,-51,11,1,7,0,0,1,0,0,0,1,-94,0,8,0,712555826,0,100,0,128,1,"[100,-64,5,0,-26,-2,-26,-1,-25,-1,-25,-1,-25,-1,-24,0,-24,0,-24,1,-23,1,-23,1,-23,2,-23,2,-23,2,-23,2,-23,2,-23,2,-23,2,-23,2,-23,2,-22,1,-22,1,-22,0,-22,0,-22,-1,-22,-2,-6,-1,0,0,0,0,0,0,0,0,0,0,0,0,0,0,0,0,0,0,-4,0,-16,1,-16,1,-16,0,-16,0,-17,-1,-18,-1,-19,-1,-19,-1,-20,-2,-21,-3,-21,-3,-21,-4,-22,-4,-22,-4,-22,-5,-23,-5,-23,-5,-23,-5,-24,-4,-24,-3,-25,-3,-25,-3,-25,-2,-25,-2,-25,-2,-25,-1]"
CSI_DATA,45567,d8:b1:90:db:e8:90,-51,11,1,7,0,0,1,0,0,0,1,-94,0,8,0,712573134,0,100,0,128,1,"[100,-64,5,0,16,18,16,18,16,17,17,17,16,17,16,16,16,15,16,15,16,14,16,14,16,14,17,14,17,14,17,14,17,14,17,13,17,13,17,14,16,14,16,14,15,14,15,14,14,15,13,16,12,16,3,4,0,0,0,0,0,0,0,0,0,0,0,0,0,0,0,0,0,0,2,2,11,9,11,9,11,10,11,10,12,11,12,12,12,13,12,13,12,14,12,15,12,16,12,16,12,17,12,18,12,18,12,18,12,18,13,18,14,18,14,18,15,18,15,18,16,18,16,18,16,18,16,18]"
CSI_DATA,45568,d8:b1:90:db:e8:90,-51,11,1,7,0,0,1,0,0,0,1,-94,0,8,0,712593098,0,100,0,128,1,"[100,-64,5,0,19,11,19,10,19,10,18,10,18,9,18,9,18,8,18,7,18,7,19,6,18,5,19,5,19,5,19,5,19,5,19,5,19,6,18,6,18,6,18,6,17,6,17,7,17,7,17,8,17,8,4,2,0,0,0,0,0,0,0,0,0,0,0,0,0,0,0,0,0,0,3,1,12,4,12,5,12,6,13,6,13,6,13,7,12,9,12,10,13,10,14,10,15,11,15,11,15,12,15,12,15,12,15,11,15,11,16,11,16,12,16,12,16,12,17,12,17,12,18,11,18,11,19,12]"
CSI_DATA,45569,d8:b1:90:db:e8:90,-51,11,1,7,0,0,1,0,0,0,1,-94,0,8,0,712616262,0,100,0,128,1,"[100,-64,5,0,-21,12,-21,12,-21,12,-20,13,-19,12,-19,13,-19,13,-18,13,-18,14,-18,14,-17,14,-17,15,-16,15,-16,15,-16,16,-16,16,-16,16,-16,15,-16,15,-17,14,-17,14,-17,14,-17,13,-18,13,-18,12,-5,3,0,0,0,0,0,0,0,0,0,0,0,0,0,0,0,0,0,0,-3,2,-11,10,-12,9,-13,9,-13,9,-14,9,-14,9,-15,10,-16,10,-17,10,-18,10,-19,9,-19,9,-20,9,-20,9,-20,9,-21,9,-21,10,-21,10,-21,10,-21,11,-21,11,-21,11,-22,12,-22,12,-21,12,-22,11]"
CSI_DATA,45570,d8:b1:90:db:e8:90,-51,11,1,7,0,0,1,0,0,0,1,-94,0,8,0,712626286,0,100,0,128,1,"[100,-64,5,0,19,-14,19,-15,19,-16,18,-15,17,-15,17,-15,16,-15,16,-16,16,-17,15,-16,14,-18,14,-19,13,-19,12,-20,12,-19,11,-17,12,-17,13,-17,13,-17,13,-18,13,-17,12,-18,13,-18,14,-16,13,-15,3,-4,0,0,0,0,0,0,0,0,0,0,0,0,0,0,0,0,0,0,2,-4,10,-13,10,-12,11,-12,11,-12,13,-11,13,-12,13,-12,14,-12,15,-12,16,-12,17,-12,17,-12,17,-12,18,-12,18,-12,18,-12,18,-12,18,-13,18,-13,19,-13,19,-14,19,-14,20,-15,20,-15,20,-16,20,-16]"
CSI_DATA,45571,d8:b1:90:db:e8:90,-51,11,1,7,0,0,1,0,0,0,1,-94,0,8,0,712638114,0,100,0,128,1,"[100,-64,5,0,-24,7,-24,7,-24,7,-23,8,-23,8,-22,9,-22,9,-21,9,-21,9,-20,10,-20,10,-20,10,-20,11,-20,11,-20,11,-20,11,-20,11,-20,11,-20,10,-20,10,-20,10,-20,10,-19,9,-20,9,-20,8,-5,2,0,0,0,0,0,0,0,0,0,0,0,0,0,0,0,0,0,0,-4,2,-13,8,-13,7,-15,7,-16,7,-17,6,-17,6,-17,6,-18,6,-19,6,-20,6,-20,6,-21,6,-22,5,-22,5,-22,5,-22,5,-22,5,-23,6,-23,6,-23,6,-23,6,-24,6,-24,6,-25,7,-25,6,-25,6]"
CSI_DATA,45572,d8:b1:90:db:e8:90,-51,11,1,7,0,0,1,0,0,0,1,-94,0,8,0,712652558,0,100,0,128,1,"[100,-64,5,0,3,25,3,25,3,25,5,25,5,25,5,24,6,23,6,22,7,21,7,21,8,21,8,21,8,21,8,21,8,21,9,21,9,22,8,22,8,21,8,21,8,20,7,20,7,20,6,21,5,21,1,5,0,0,0,0,0,0,0,0,0,0,0,0,0,0,0,0,0,0,1,3,5,13,5,14,4,15,4,16,4,17,3,18,3,18,3,19,2,19,2,20,2,21,2,22,2,22,2,22,1,22,1,23,1,23,2,23,2,24,2,24,2,24,2,24,3,25,3,26,3,26,3,26]"
CSI_DATA,45573,d8:b1:90:db:e8:90,-51,11,1,7,0,0,1,0,0,0,1,-94,0,8,0,712662782,0,100,0,128,1,"[100,-64,5,0,22,-11,22,-11,22,-10,21,-10,21,-11,20,-11,20,-11,19,-12,19,-13,19,-13,19,-13,18,-13,18,-13,18,-14,18,-14,18,-14,18,-13,18,-13,18,-13,18,-12,18,-11,18,-11,18,-10,18,-10,19,-9,4,-3,0,0,0,0,0,0,0,0,0,0,0,0,0,0,0,0,0,0,2,-3,11,-10,12,-10,13,-9,14,-9,14,-9,15,-9,16,-9,16,-9,17,-9,18,-8,19,-8,20,-8,20,-8,20,-8,21,-8,21,-8,21,-8,21,-9,21,-9,21,-9,21,-9,22,-9,22,-10,23,-10,23,-10,23,-10]"
CSI_DATA,45574,d8:b1:90:db:e8:90,-51,11,1,7,0,0,1,0,0,0,1,-94,0,8,0,712675245,0,100,0,128,1,"[100,-64,5,0,22,2,22,2,22,2,21,2,21,2,21,1,20,1,21,0,20,-1,20,-1,20,-2,20,-2,20,-2,20,-2,20,-2,20,-2,20,-2,20,-1,20,-1,19,-1,19,-1,19,0,19,0,19,1,18,2,4,0,0,0,0,0,0,0,0,0,0,0,0,0,0,0,0,0,0,0,3,-1,14,-2,14,-1,15,-1,15,0,16,0,16,1,16,1,17,2,17,2,18,3,18,3,19,4,19,4,19,4,20,4,20,4,20,4,20,4,20,4,20,4,21,4,21,3,22,3,23,3,23,3,22,3]"
CSI_DATA,45575,d8:b1:90:db:e8:90,-51,11,1,7,0,0,1,0,0,0,1,-94,0,8,0,712693954,0,100,0,128,1,"[100,-64,5,0,16,18,16,17,16,17,17,17,17,16,16,15,17,15,17,15,17,14,18,14,18,13,18,13,19,13,19,13,18,13,18,12,18,12,17,12,17,12,17,12,17,12,16,12,16,13,15,14,15,14,3,3,0,0,0,0,0,0,0,0,0,0,0,0,0,0,0,0,0,0,3,1,13,7,13,7,13,8,13,9,13,11,14,12,13,12,13,12,13,14,14,15,14,15,14,15,14,16,14,17,14,17,14,17,14,17,15,17,15,17,15,17,16,17,16,17,17,17,17,18,17,18,17,18]"
CSI_DATA,45576,d8:b1:90:db:e8:90,-51,11,1,7,0,0,1,0,0,0,1,-94,0,8,0,712717479,0,100,0,128,1,"[100,-64,5,0,6,-24,6,-24,6,-23,5,-23,5,-23,5,-22,4,-22,3,-23,3,-23,2,-23,1,-22,1,-22,0,-23,0,-23,0,-23,1,-22,1,-22,1,-22,1,-22,2,-22,2,-21,2,-21,3,-21,4,-21,4,-21,1,-5,0,0,0,0,0,0,0,0,0,0,0,0,0,0,0,0,0,0,0,-4,0,-15,0,-16,0,-16,0,-17,1,-17,2,-18,2,-18,3,-19,4,-19,4,-20,4,-20,5,-20,5,-21,6,-21,6,-22,6,-22,6,-22,6,-22,6,-23,7,-23,7,-23,7,-23,7,-23,7,-23,7,-23,7,-24]"
CSI_DATA,45577,d8:b1:90:db:e8:90,-51,11,1,7,0,0,1,0,0,0,1,-94,0,8,0,712727772,0,100,0,128,1,"[100,-64,5,0,-14,20,-14,20,-14,19,-13,19,-13,18,-12,18,-12,19,-12,19,-11,19,-11,19,-11,20,-10,20,-10,20,-10,20,-10,20,-10,19,-10,19,-10,19,-10,18,-10,18,-10,18,-11,17,-11,17,-12,17,-13,16,-4,4,0,0,0,0,0,0,0,0,0,0,0,0,0,0,0,0,0,0,-2,3,-7,14,-7,13,-8,13,-8,13,-9,13,-10,14,-11,14,-12,15,-13,15,-14,16,-14,16,-14,16,-15,16,-15,16,-14,16,-14,16,-15,17,-15,17,-15,18,-15,18,-15,18,-15,19,-15,19,-15,19,-15,19,-15,19]"
CSI_DATA,45578,d8:b1:90:db:e8:90,-51,11,1,7,0,0,1,0,0,0,1,-94,0,8,0,712738333,0,100,0,128,1,"[100,-64,5,0,19,-16,19,-16,19,-16,19,-16,18,-16,17,-16,17,-17,15,-17,14,-17,14,-17,14,-18,13,-18,13,-18,13,-19,13,-18,13,-18,13,-18,13,-18,13,-18,13,-18,13,-17,14,-17,14,-16,14,-15,14,-15,3,-4,0,0,0,0,0,0,0,0,0,0,0,0,0,0,0,0,0,0,2,-4,9,-12,10,-12,11,-12,12,-12,12,-12,13,-12,14,-12,14,-12,15,-12,16,-13,17,-13,17,-13,18,-13,18,-13,18,-13,18,-14,18,-14,19,-14,19,-14,19,-15,19,-15,19,-15,19,-15,19,-15,20,-15,20,-15]"
CSI_DATA,45579,d8:b1:90:db:e8:90,-51,11,1,7,0,0,1,0,0,0,1,-94,0,8,0,712754317,0,100,0,128,1,"[100,-64,5,0,20,-13,20,-13,20,-13,20,-13,19,-13,19,-13,18,-14,17,-14,16,-15,16,-15,16,-15,15,-16,15,-16,15,-16,15,-16,15,-15,15,-15,15,-15,15,-15,15,-15,15,-15,16,-14,16,-14,16,-13,16,-12,4,-3,0,0,0,0,0,0,0,0,0,0,0,0,0,0,0,0,0,0,2,-3,10,-11,11,-10,12,-10,13,-10,13,-10,14,-10,15,-10,15,-10,16,-10,17,-10,17,-11,18,-11,18,-11,18,-10,18,-10,19,-11,19,-11,19,-11,20,-11,20,-11,20,-12,20,-12,20,-12,20,-12,20,-12,21,-12]"
CSI_DATA,45580,d8:b1:90:db:e8:90,-51,11,1,7,0,0,1,0,0,0,1,-94,0,8,0,712772197,0,100,0,128,1,"[100,-64,5,0,-20,10,-20,10,-19,10,-19,10,-18,10,-18,10,-17,10,-17,10,-17,11,-16,11,-16,11,-16,12,-16,12,-16,12,-16,12,-15,12,-15,12,-15,12,-15,12,-15,12,-15,11,-15,11,-16,11,-16,10,-16,9,-4,2,0,0,0,0,0,0,0,0,0,0,0,0,0,0,0,0,0,0,-3,2,-11,8,-12,8,-12,8,-13,8,-13,8,-14,8,-14,8,-15,8,-16,8,-16,8,-17,8,-18,8,-18,8,-18,8,-19,8,-19,8,-19,8,-19,9,-20,9,-20,9,-20,9,-20,10,-20,10,-20,10,-20,10,-20,10]"
CSI_DATA,45581,d8:b1:90:db:e8:90,-51,11,1,7,0,0,1,0,0,0,1,-94,0,8,0,712783626,0,100,0,128,1,"[100,-64,5,0,-20,-15,-20,-15,-20,-15,-20,-15,-19,-14,-19,-14,-19,-13,-20,-12,-20,-11,-21,-10,-21,-10,-21,-9,-21,-9,-21,-9,-21,-8,-21,-8,-21,-8,-20,-8,-20,-8,-20,-9,-20,-9,-19,-9,-19,-9,-19,-10,-18,-11,-5,-3,0,0,0,0,0,0,0,0,0,0,0,0,0,0,0,0,0,0,-4,-2,-14,-7,-14,-7,-14,-9,-14,-9,-15,-10,-15,-11,-15,-11,-15,-12,-15,-13,-16,-14,-16,-14,-16,-15,-16,-15,-16,-16,-16,-16,-17,-16,-17,-16,-18,-16,-18,-15,-19,-15,-19,-15,-19,-15,-19,-15,-20,-15,-20,-15,-20,-15]"
CSI_DATA,45582,d8:b1:90:db:e8:90,-51,11,1,7,0,0,1,0,0,0,1,-94,0,8,0,712794598,0,100,0,128,1,"[100,-64,5,0,11,-19,11,-19,11,-18,10,-18,10,-18,9,-18,9,-18,8,-18,7,-19,7,-19,6,-18,6,-18,6,-18,5,-19,5,-19,5,-18,5,-18,5,-18,5,-18,5,-18,6,-18,7,-17,7,-17,7,-16,8,-16,2,-4,0,0,0,0,0,0,0,0,0,0,0,0,0,0,0,0,0,0,1,-4,4,-13,4,-14,5,-14,6,-15,5,-14,6,-14,6,-15,7,-15,8,-15,9,-15,9,-16,10,-16,11,-16,11,-16,11,-16,11,-17,11,-17,11,-17,10,-18,10,-18,10,-18,10,-18,10,-18,10,-18,11,-18,11,-18]"
CSI_DATA,45583,d8:b1:90:db:e8:90,-52,11,1,7,0,0,1,0,0,0,1,-94,0,8,0,712822752,0,100,0,128,1,"[100,-64,5,0,-24,7,-23,7,-23,7,-22,7,-22,8,-21,8,-21,8,-20,9,-20,9,-20,9,-19,10,-19,10,-18,11,-18,11,-18,11,-18,12,-18,12,-18,12,-18,11,-17,11,-17,11,-17,10,-17,9,-16,7,-16,6,-4,1,0,0,0,0,0,0,0,0,0,0,0,0,0,0,0,0,0,0,-3,1,-12,6,-13,5,-14,5,-15,5,-15,6,-16,6,-17,6,-18,6,-18,6,-19,5,-20,5,-20,5,-21,4,-21,4,-21,4,-22,4,-22,5,-22,5,-22,5,-22,5,-23,6,-23,6,-24,6,-24,6,-24,6,-24,6]"
CSI_DATA,45584,d8:b1:90:db:e8:90,-51,11,1,7,0,0,1,0,0,0,1,-94,0,8,0,712837597,0,100,0,128,1,"[100,-64,5,0,9,-27,9,-27,8,-27,7,-27,7,-27,6,-27,6,-27,5,-27,4,-27,4,-26,3,-26,3,-25,3,-25,2,-26,3,-26,3,-25,2,-25,2,-25,3,-25,3,-25,4,-25,4,-24,5,-24,5,-24,6,-23,1,-6,0,0,0,0,0,0,0,0,0,0,0,0,0,0,0,0,0,0,0,-5,1,-18,2,-18,3,-19,4,-19,4,-20,5,-21,5,-21,5,-22,6,-23,7,-23,8,-24,8,-25,8,-25,9,-25,9,-25,9,-25,9,-25,9,-26,9,-26,9,-27,8,-27,8,-27,9,-28,9,-28,9,-28,9,-28]"
CSI_DATA,45585,d8:b1:90:db:e8:90,-51,11,1,7,0,0,1,0,0,0,1,-94,0,8,0,712852031,0,100,0,128,1,"[100,-64,5,0,-18,21,-18,21,-18,21,-18,22,-17,21,-16,21,-15,22,-15,22,-14,22,-14,22,-13,22,-12,22,-12,22,-12,22,-12,22,-11,22,-11,21,-11,21,-12,21,-12,21,-13,21,-13,20,-13,20,-13,19,-14,19,-4,4,0,0,0,0,0,0,0,0,0,0,0,0,0,0,0,0,0,0,-3,4,-9,15,-10,15,-10,15,-11,15,-12,15,-13,16,-13,17,-14,17,-14,18,-16,18,-17,18,-17,19,-18,19,-18,19,-18,19,-18,19,-19,19,-19,20,-18,20,-18,20,-19,20,-19,21,-19,21,-19,22,-19,22,-19,21]"
CSI_DATA,45586,d8:b1:90:db:e8:90,-52,11,1,7,0,0,1,0,0,0,1,-94,0,8,0,712865796,0,100,0,128,1,"[100,-64,5,0,-19,10,-19,10,-19,10,-18,10,-18,10,-17,10,-17,11,-16,11,-16,11,-16,11,-16,11,-16,12,-15,12,-15,12,-15,13,-15,13,-15,12,-15,12,-15,12,-14,12,-14,12,-15,11,-15,11,-15,10,-16,9,-4,2,0,0,0,0,0,0,0,0,0,0,0,0,0,0,0,0,0,0,-3,1,-11,7,-12,7,-12,7,-13,7,-14,7,-14,7,-15,7,-15,7,-16,7,-17,7,-17,7,-17,6,-18,6,-18,6,-18,7,-18,7,-18,7,-19,8,-19,8,-19,9,-19,9,-19,9,-19,9,-19,9,-19,9,-20,9]"
CSI_DATA,45587,d8:b1:90:db:e8:90,-52,11,1,7,0,0,1,0,0,0,1,-94,0,8,0,712882740,0,100,0,128,1,"[100,-64,5,0,-23,4,-23,4,-23,4,-23,4,-23,4,-22,5,-22,5,-21,6,-21,7,-21,7,-20,8,-20,8,-20,9,-19,9,-20,9,-20,9,-20,8,-20,8,-20,8,-19,8,-19,8,-19,7,-19,6,-19,6,-19,6,-5,1,0,0,0,0,0,0,0,0,0,0,0,0,0,0,0,0,0,0,-4,1,-14,6,-15,5,-15,5,-16,4,-17,4,-17,4,-18,4,-18,3,-19,3,-20,3,-20,2,-21,2,-21,2,-21,2,-22,2,-22,3,-22,3,-23,3,-23,3,-23,3,-23,4,-23,4,-24,4,-24,4,-24,4,-24,3]"
CSI_DATA,45588,d8:b1:90:db:e8:90,-51,11,1,7,0,0,1,0,0,0,1,-94,0,8,0,712896511,0,100,0,128,1,"[100,-64,5,0,17,-22,16,-22,16,-22,16,-23,15,-23,15,-22,14,-22,13,-23,13,-23,12,-23,11,-23,11,-23,11,-23,10,-24,11,-24,11,-23,11,-23,11,-22,11,-22,12,-22,12,-22,13,-21,14,-21,14,-21,15,-20,3,-5,0,0,0,0,0,0,0,0,0,0,0,0,0,0,0,0,0,0,2,-4,8,-14,9,-16,8,-17,7,-18,8,-19,10,-19,12,-19,13,-20,14,-19,14,-19,15,-19,15,-20,16,-19,16,-19,17,-19,17,-20,17,-20,17,-20,18,-21,18,-22,18,-22,18,-22,18,-22,18,-22,18,-22,18,-22]"
CSI_DATA,45589,d8:b1:90:db:e8:90,-51,11,1,7,0,0,1,0,0,0,1,-94,0,8,0,712923230,0,100,0,128,1,"[100,-64,5,0,18,-12,18,-12,18,-12,18,-12,17,-13,17,-13,16,-13,15,-14,15,-14,14,-14,14,-14,14,-15,13,-15,13,-15,13,-15,13,-15,13,-15,13,-15,13,-14,13,-14,12,-14,13,-14,13,-13,14,-12,15,-11,3,-3,0,0,0,0,0,0,0,0,0,0,0,0,0,0,0,0,0,0,2,-3,9,-9,10,-9,11,-10,11,-10,12,-10,12,-10,13,-10,13,-10,14,-9,15,-9,16,-10,16,-9,17,-9,17,-9,17,-10,17,-10,18,-10,18,-10,18,-10,18,-10,18,-11,18,-11,18,-11,18,-10,18,-11,18,-11]"
CSI_DATA,45590,d8:b1:90:db:e8:90,-52,11,1,7,0,0,1,0,0,0,1,-94,0,8,0,712934612,0,100,0,128,1,"[100,-64,5,0,15,-17,15,-17,15,-17,15,-17,15,-17,15,-18,14,-18,13,-18,12,-19,11,-19,11,-19,10,-19,10,-20,10,-20,10,-20,10,-19,10,-19,10,-19,10,-19,10,-18,10,-18,10,-18,10,-17,12,-17,13,-16,3,-4,0,0,0,0,0,0,0,0,0,0,0,0,0,0,0,0,0,0,1,-4,8,-13,8,-13,9,-13,10,-13,10,-13,11,-13,11,-13,12,-13,13,-13,14,-14,14,-14,15,-15,15,-15,15,-15,16,-15,16,-15,16,-15,16,-15,16,-15,16,-15,17,-15,17,-16,17,-16,17,-16,17,-16,16,-16]"
CSI_DATA,45591,d8:b1:90:db:e8:90,-52,11,1,7,0,0,1,0,0,0,1,-94,0,8,0,712945134,0,100,0,128,1,"[100,-64,5,0,-20,11,-19,13,-20,13,-18,12,-16,16,-17,17,-15,16,-11,18,-11,20,-11,18,-7,19,-7,22,-8,21,-4,19,-3,22,-5,21,-2,19,0,21,-2,22,0,18,3,19,1,21,1,18,3,19,2,23,0,6,0,0,0,0,0,0,0,0,0,0,0,0,0,0,0,0,0,0,-4,-1,-15,-6,-15,-8,-14,-8,-15,-6,-17,-8,-15,-9,-16,-6,-19,-7,-17,-9,-18,-6,-21,-5,-21,-7,-20,-4,-22,-3,-23,-5,-21,-4,-23,-1,-24,-2,-22,-1,-22,2,-25,2,-23,2,-22,5,-24,7,-23,6,-19,7]"
CSI_DATA,45592,d8:b1:90:db:e8:90,-51,11,1,7,0,0,1,0,0,0,1,-94,0,8,0,712961397,0,100,0,128,1,"[100,-64,5,0,14,-25,14,-24,14,-24,14,-24,13,-24,12,-24,11,-24,10,-24,9,-25,8,-25,8,-25,7,-25,7,-25,7,-25,7,-25,7,-25,7,-24,7,-24,7,-24,7,-24,7,-24,8,-23,9,-23,10,-23,11,-22,2,-6,0,0,0,0,0,0,0,0,0,0,0,0,0,0,0,0,0,0,1,-5,6,-17,7,-17,7,-17,8,-17,9,-18,10,-18,11,-19,12,-19,13,-20,13,-20,14,-20,14,-20,14,-20,15,-21,15,-21,15,-21,15,-21,16,-22,15,-23,15,-23,15,-23,15,-23,15,-23,15,-23,15,-24,15,-24]"
CSI_DATA,45593,d8:b1:90:db:e8:90,-51,11,1,7,0,0,1,0,0,0,1,-94,0,8,0,712973086,0,100,0,128,1,"[100,-64,5,0,10,-27,10,-27,10,-26,9,-26,9,-26,8,-26,8,-26,7,-26,6,-26,6,-26,5,-26,5,-25,4,-26,4,-26,4,-26,4,-26,4,-26,4,-26,4,-25,5,-25,5,-24,6,-24,7,-24,7,-24,8,-24,2,-6,0,0,0,0,0,0,0,0,0,0,0,0,0,0,0,0,0,0,1,-5,4,-18,4,-19,5,-19,5,-19,6,-20,7,-20,7,-21,8,-22,8,-22,9,-23,10,-23,10,-23,11,-23,11,-23,11,-23,11,-24,11,-24,11,-24,11,-25,11,-25,11,-25,11,-26,11,-26,11,-27,11,-26,11,-26]"
CSI_DATA,45594,d8:b1:90:db:e8:90,-51,11,1,7,0,0,1,0,0,0,1,-94,0,8,0,712983702,0,100,0,128,1,"[100,-64,5,0,11,-26,11,-26,10,-26,10,-26,10,-25,9,-25,9,-25,8,-25,7,-25,7,-25,6,-25,6,-25,6,-25,6,-25,6,-25,5,-25,5,-25,5,-25,6,-25,6,-24,7,-23,8,-23,8,-23,9,-23,10,-23,2,-6,0,0,0,0,0,0,0,0,0,0,0,0,0,0,0,0,0,0,1,-5,4,-18,4,-18,5,-18,5,-19,6,-19,6,-20,7,-21,7,-21,8,-22,9,-22,10,-22,10,-22,11,-22,11,-22,11,-23,11,-23,11,-23,11,-24,11,-24,11,-24,11,-24,11,-25,11,-25,12,-26,12,-26,11,-25]"
CSI_DATA,45595,d8:b1:90:db:e8:90,-52,11,1,7,0,0,1,0,0,0,1,-94,0,8,0,713002500,0,100,0,128,1,"[100,-64,5,0,-11,18,-11,17,-10,17,-10,17,-9,18,-9,18,-8,17,-7,17,-7,17,-6,17,-6,17,-6,18,-6,18,-6,18,-6,18,-6,18,-5,17,-6,17,-6,17,-6,17,-7,16,-7,16,-7,16,-8,16,-8,16,-2,4,0,0,0,0,0,0,0,0,0,0,0,0,0,0,0,0,0,0,-1,2,-4,11,-6,10,-6,10,-6,11,-7,12,-8,12,-8,13,-8,13,-9,14,-9,14,-10,14,-10,14,-11,14,-11,14,-11,15,-11,15,-11,15,-11,16,-11,16,-11,16,-11,16,-11,16,-11,16,-11,17,-11,17,-11,17]"
CSI_DATA,45596,d8:b1:90:db:e8:90,-52,11,1,7,0,0,1,0,0,0,1,-94,0,8,0,713024800,0,100,0,128,1,"[100,-64,5,0,21,8,21,8,21,8,21,8,21,7,21,7,21,7,21,5,21,4,21,4,21,3,21,2,21,2,21,2,21,2,21,3,21,3,21,3,20,4,20,4,20,5,20,5,20,5,19,6,18,6,4,1,0,0,0,0,0,0,0,0,0,0,0,0,0,0,0,0,0,0,3,0,14,2,14,2,14,3,14,4,15,4,15,4,16,5,17,5,17,6,17,7,17,7,18,8,18,8,18,8,18,8,18,9,18,9,19,9,20,9,20,9,21,9,21,9,21,9,21,9,21,9,21,8]"
CSI_DATA,45597,d8:b1:90:db:e8:90,-52,11,1,7,0,0,1,0,0,0,1,-94,0,8,0,713037399,0,100,0,128,1,"[100,-64,5,0,3,-24,3,-24,3,-24,2,-24,2,-23,1,-23,1,-23,0,-23,0,-24,0,-23,0,-23,-1,-23,-1,-23,-1,-23,-1,-23,-1,-23,-1,-23,-1,-23,0,-22,0,-22,0,-22,1,-21,2,-21,2,-22,3,-21,0,-6,0,0,0,0,0,0,0,0,0,0,0,0,0,0,0,0,0,0,0,-4,1,-14,1,-14,1,-15,2,-15,3,-16,3,-16,3,-17,4,-18,4,-18,5,-19,6,-19,6,-19,6,-19,6,-20,5,-20,5,-21,5,-21,5,-21,5,-22,5,-22,5,-22,4,-23,4,-23,4,-24,5,-24,5,-24]"
CSI_DATA,45598,d8:b1:90:db:e8:90,-51,11,1,7,0,0,1,0,0,0,1,-94,0,8,0,713047981,0,100,0,128,1,"[100,-64,5,0,15,-20,15,-20,14,-19,14,-19,13,-19,13,-19,13,-19,12,-20,12,-20,11,-20,11,-21,10,-20,10,-20,10,-21,10,-20,10,-20,10,-20,10,-20,10,-20,10,-19,11,-19,11,-18,12,-18,12,-18,13,-18,3,-5,0,0,0,0,0,0,0,0,0,0,0,0,0,0,0,0,0,0,1,-3,8,-12,9,-12,10,-12,10,-12,11,-12,12,-12,12,-12,12,-12,13,-13,14,-13,14,-13,15,-13,15,-13,15,-14,15,-14,15,-15,15,-15,15,-15,16,-16,16,-16,16,-17,16,-17,15,-18,15,-18,16,-18,16,-18]"
CSI_DATA,45599,d8:b1:90:db:e8:90,-52,11,1,7,0,0,1,0,0,0,1,-94,0,8,0,713058543,0,100,0,128,1,"[100,-64,5,0,-20,12,-20,12,-20,12,-20,13,-19,13,-19,13,-19,13,-18,13,-18,13,-17,13,-17,14,-17,14,-17,15,-17,14,-17,14,-17,14,-17,14,-17,13,-17,13,-17,13,-17,12,-18,11,-18,11,-18,10,-19,9,-5,2,0,0,0,0,0,0,0,0,0,0,0,0,0,0,0,0,0,0,-3,2,-11,9,-12,9,-13,9,-13,8,-14,8,-14,9,-16,9,-17,9,-17,8,-18,8,-18,8,-18,8,-19,8,-19,8,-19,9,-20,9,-20,9,-20,10,-19,11,-19,11,-20,11,-20,12,-19,12,-19,13,-20,13,-20,12]"
CSI_DATA,45600,d8:b1:90:db:e8:90,-51,11,1,7,0,0,1,0,0,0,1,-94,0,8,0,713070371,0,100,0,128,1,"[100,-64,5,0,21,-1,22,-1,22,-1,21,-1,21,-2,20,-2,20,-3,20,-4,20,-5,20,-5,20,-6,20,-6,20,-6,20,-6,20,-6,20,-6,20,-5,20,-5,20,-5,19,-4,19,-4,19,-3,19,-3,19,-2,19,-1,4,-1,0,0,0,0,0,0,0,0,0,0,0,0,0,0,0,0,0,0,3,-1,12,-3,13,-2,14,-2,14,-1,15,-1,15,-1,16,-1,16,-1,17,0,17,0,17,1,18,1,18,1,19,1,19,1,19,1,20,1,20,0,20,0,21,0,21,0,21,0,21,0,22,0,22,0,22,0]"
CSI_DATA,45601,d8:b1:90:db:e8:90,-51,11,1,7,0,0,1,0,0,0,1,-94,0,8,0,713082185,0,100,0,128,1,"[100,-64,5,0,-4,23,-4,23,-4,23,-3,23,-2,23,-2,22,-1,22,0,23,1,23,1,22,2,22,2,22,2,22,2,22,2,22,2,22,2,23,1,22,1,22,1,22,0,21,-1,21,-1,21,-2,21,-3,21,-1,5,0,0,0,0,0,0,0,0,0,0,0,0,0,0,0,0,0,0,0,3,0,14,-1,15,-1,15,-1,16,-2,16,-3,17,-3,17,-3,18,-4,19,-4,19,-5,19,-5,19,-5,19,-5,20,-5,20,-5,21,-5,21,-5,21,-5,22,-5,22,-5,23,-5,23,-5,24,-5,24,-4,24,-5,24]"
CSI_DATA,45602,d8:b1:90:db:e8:90,-51,11,1,7,0,0,1,0,0,0,1,-94,0,8,0,713102596,0,100,0,128,1,"[100,-64,5,0,-6,-21,-6,-21,-6,-21,-6,-21,-6,-21,-6,-21,-7,-20,-7,-20,-7,-20,-7,-20,-8,-20,-8,-20,-8,-20,-8,-20,-8,-20,-8,-19,-8,-19,-8,-19,-7,-19,-7,-19,-6,-18,-6,-18,-5,-18,-4,-19,-4,-19,-1,-5,0,0,0,0,0,0,0,0,0,0,0,0,0,0,0,0,0,0,-1,-4,-4,-14,-4,-13,-5,-14,-5,-14,-4,-14,-3,-15,-2,-16,-2,-16,-2,-17,-2,-18,-3,-18,-2,-18,-2,-19,-2,-19,-2,-19,-2,-20,-2,-20,-2,-20,-2,-21,-2,-21,-3,-21,-3,-21,-3,-22,-4,-22,-4,-22,-4,-22]"
CSI_DATA,45603,d8:b1:90:db:e8:90,-51,11,1,7,0,0,1,0,0,0,1,-94,0,8,0,713127257,0,100,0,128,1,"[100,-64,5,0,15,16,15,16,15,16,15,15,15,14,15,14,16,14,16,13,16,13,16,12,16,12,17,11,17,11,17,11,17,11,18,11,18,11,17,11,16,11,16,11,15,11,15,11,14,12,12,13,11,13,2,3,0,0,0,0,0,0,0,0,0,0,0,0,0,0,0,0,0,0,2,2,11,8,11,8,11,9,11,9,11,10,11,10,11,11,12,12,12,12,12,13,12,13,12,14,12,14,12,15,12,15,12,15,13,15,13,15,13,15,13,15,14,16,14,16,15,16,15,16,15,16,15,16]"
CSI_DATA,45604,d8:b1:90:db:e8:90,-51,11,1,7,0,0,1,0,0,0,1,-94,0,8,0,713145022,0,100,0,128,1,"[100,-64,5,0,-18,-19,-18,-19,-18,-18,-18,-17,-18,-16,-19,-16,-19,-15,-19,-15,-19,-14,-20,-14,-20,-13,-20,-13,-20,-13,-20,-13,-20,-13,-20,-12,-20,-12,-20,-13,-19,-13,-19,-13,-18,-13,-18,-13,-18,-13,-18,-14,-17,-14,-5,-4,0,0,0,0,0,0,0,0,0,0,0,0,0,0,0,0,0,0,-3,-3,-12,-10,-11,-11,-11,-12,-11,-12,-11,-13,-12,-14,-11,-14,-11,-15,-12,-16,-12,-16,-13,-16,-13,-17,-13,-17,-13,-18,-13,-18,-14,-19,-14,-19,-14,-19,-15,-19,-15,-19,-15,-19,-16,-19,-16,-19,-17,-19,-17,-19,-16,-19]"
CSI_DATA,45605,d8:b1:90:db:e8:90,-51,11,1,7,0,0,1,0,0,0,1,-94,0,8,0,713156178,0,100,0,128,1,"[100,-64,5,0,-19,-18,-19,-18,-19,-18,-19,-17,-20,-16,-19,-16,-20,-15,-21,-15,-21,-14,-22,-14,-22,-13,-21,-13,-21,-13,-21,-13,-21,-13,-21,-13,-21,-13,-20,-14,-20,-14,-19,-14,-19,-14,-19,-14,-19,-14,-18,-14,-17,-15,-5,-4,0,0,0,0,0,0,0,0,0,0,0,0,0,0,0,0,0,0,-4,-3,-13,-10,-13,-11,-13,-12,-13,-12,-13,-13,-13,-13,-13,-14,-13,-14,-13,-15,-14,-16,-14,-16,-14,-16,-15,-17,-15,-17,-15,-18,-15,-18,-15,-18,-16,-18,-16,-18,-17,-19,-17,-19,-17,-19,-18,-19,-19,-18,-19,-19,-19,-19]"
CSI_DATA,45606,d8:b1:90:db:e8:90,-51,11,1,7,0,0,1,0,0,0,1,-94,0,8,0,713168189,0,100,0,128,1,"[100,-64,5,0,24,-5,24,-5,24,-5,23,-6,23,-7,22,-7,22,-8,22,-8,22,-9,22,-9,22,-9,22,-9,21,-9,21,-9,21,-9,21,-9,21,-9,21,-9,21,-8,21,-8,21,-8,21,-7,21,-6,21,-5,21,-5,5,-2,0,0,0,0,0,0,0,0,0,0,0,0,0,0,0,0,0,0,3,-2,14,-5,15,-4,15,-4,16,-3,16,-3,17,-3,18,-3,18,-3,19,-3,20,-2,20,-2,21,-1,21,-1,21,-1,21,-2,21,-2,22,-2,22,-2,23,-3,23,-3,24,-4,24,-4,24,-4,24,-4,25,-4,25,-4]"
CSI_DATA,45607,d8:b1:90:db:e8:90,-52,11,1,7,0,0,1,0,0,0,1,-94,0,8,0,713183229,0,100,0,128,1,"[100,-64,5,0,-18,12,-18,12,-18,13,-17,13,-17,13,-17,13,-16,13,-15,14,-14,14,-14,14,-14,14,-14,15,-13,15,-13,15,-14,15,-14,15,-13,15,-13,14,-13,14,-14,14,-14,13,-14,13,-14,12,-15,12,-15,11,-4,2,0,0,0,0,0,0,0,0,0,0,0,0,0,0,0,0,0,0,-3,2,-10,8,-11,8,-11,8,-11,8,-12,8,-13,8,-13,9,-14,9,-15,9,-15,9,-16,9,-16,9,-16,9,-17,9,-17,9,-17,9,-17,9,-17,10,-17,10,-17,10,-18,11,-18,11,-18,11,-18,11,-18,11,-18,11]"
CSI_DATA,45608,d8:b1:90:db:e8:90,-51,11,1,7,0,0,1,0,0,0,1,-94,0,8,0,713193761,0,100,0,128,1,"[100,-64,5,0,8,20,8,19,8,19,8,19,9,19,9,18,9,17,10,17,10,16,10,16,10,16,11,16,11,16,11,16,11,16,11,16,11,16,11,16,10,16,10,15,10,15,9,15,8,16,8,16,7,17,1,4,0,0,0,0,0,0,0,0,0,0,0,0,0,0,0,0,0,0,1,3,6,11,5,11,4,11,4,12,5,12,5,12,6,13,6,14,5,15,5,16,5,16,5,17,5,17,5,17,5,17,5,18,5,18,5,18,6,18,6,18,6,19,7,19,7,19,7,19,8,20,8,20]"
CSI_DATA,45609,d8:b1:90:db:e8:90,-51,11,1,7,0,0,1,0,0,0,1,-94,0,8,0,713208052,0,100,0,128,1,"[100,-64,5,0,19,4,19,4,19,3,19,3,19,3,19,3,19,2,19,2,19,2,18,2,19,1,19,0,19,-1,19,0,20,0,20,-1,19,-1,19,0,19,0,19,0,18,0,18,1,18,1,18,2,18,2,4,0,0,0,0,0,0,0,0,0,0,0,0,0,0,0,0,0,0,0,2,-1,11,-2,12,0,12,0,11,0,12,1,13,2,13,2,14,2,15,3,15,3,16,3,17,4,17,4,17,4,17,4,17,4,17,4,17,4,18,4,18,4,18,4,19,4,19,4,19,4,20,4,20,4]"
CSI_DATA,45610,d8:b1:90:db:e8:90,-53,11,1,7,0,0,1,0,0,0,1,-94,0,8,0,713233891,0,100,0,128,1,"[100,-64,5,0,2,23,2,23,2,23,2,22,3,22,3,22,4,21,4,21,4,20,5,20,5,20,5,20,5,20,5,20,5,20,5,20,5,20,4,20,4,19,4,19,3,18,3,18,2,18,1,18,1,18,0,4,0,0,0,0,0,0,0,0,0,0,0,0,0,0,0,0,0,0,0,3,3,13,3,13,3,13,3,14,2,15,2,16,1,16,1,17,1,18,1,18,1,19,1,19,1,20,0,20,0,20,0,20,0,21,0,21,0,21,1,22,1,22,1,22,2,22,2,23,2,23,2,23]"
CSI_DATA,45611,d8:b1:90:db:e8:90,-51,11,1,7,0,0,1,0,0,0,1,-94,0,8,0,713246036,0,100,0,128,1,"[100,-64,5,0,21,15,20,15,20,14,21,13,21,13,21,12,21,11,21,10,22,9,22,8,22,8,22,8,22,7,22,8,22,7,22,7,22,7,22,7,21,7,21,7,21,8,20,8,20,9,19,9,19,10,4,2,0,0,0,0,0,0,0,0,0,0,0,0,0,0,0,0,0,0,3,1,14,5,14,6,14,7,15,8,15,8,15,9,15,9,16,10,16,11,16,12,16,13,16,13,16,14,16,14,16,14,16,15,16,15,17,15,18,15,19,15,19,15,20,15,20,15,20,15,20,15,20,15]"
CSI_DATA,45612,d8:b1:90:db:e8:90,-51,11,1,7,0,0,1,0,0,0,1,-94,0,8,0,713257290,0,100,0,128,1,"[100,-64,5,0,-6,-23,-6,-23,-6,-23,-7,-23,-7,-22,-7,-22,-7,-21,-8,-21,-8,-21,-8,-21,-8,-20,-9,-20,-9,-21,-9,-21,-9,-21,-10,-20,-9,-20,-9,-20,-9,-20,-8,-19,-8,-19,-8,-19,-7,-19,-6,-20,-5,-20,-2,-5,0,0,0,0,0,0,0,0,0,0,0,0,0,0,0,0,0,0,-2,-4,-6,-13,-6,-14,-5,-14,-5,-15,-5,-16,-5,-16,-4,-17,-4,-17,-4,-18,-3,-19,-3,-19,-3,-20,-2,-20,-2,-20,-2,-21,-3,-21,-3,-21,-3,-22,-3,-22,-3,-22,-4,-22,-4,-23,-4,-23,-4,-23,-4,-23,-5,-23]"
CSI_DATA,45613,d8:b1:90:db:e8:90,-51,11,1,7,0,0,1,0,0,0,1,-94,0,8,0,713270073,0,100,0,128,1,"[100,-64,5,0,0,26,0,25,1,25,2,25,2,25,3,25,4,24,4,23,5,23,5,23,5,22,5,22,5,22,5,22,5,23,5,23,5,23,5,23,5,22,5,22,4,21,3,21,3,22,2,22,1,23,0,5,0,0,0,0,0,0,0,0,0,0,0,0,0,0,0,0,0,0,1,3,3,14,3,14,3,15,2,15,2,16,2,17,2,18,1,19,1,19,0,20,0,21,-1,21,-1,22,-1,22,-1,22,-1,22,-2,23,-1,23,-1,23,0,24,0,24,0,24,0,25,0,25,0,26,0,26]"
CSI_DATA,45614,d8:b1:90:db:e8:90,-51,11,1,7,0,0,1,0,0,0,1,-94,0,8,0,713282359,0,100,0,128,1,"[100,-64,5,0,6,-26,6,-26,6,-26,5,-26,4,-26,4,-26,3,-25,2,-25,1,-25,0,-25,0,-24,0,-24,0,-24,0,-25,0,-25,0,-25,0,-25,1,-25,1,-24,1,-24,1,-23,2,-23,2,-23,3,-23,4,-23,1,-6,0,0,0,0,0,0,0,0,0,0,0,0,0,0,0,0,0,0,-1,-4,0,-16,0,-16,1,-17,1,-17,2,-17,2,-18,3,-19,3,-19,4,-20,4,-21,5,-21,6,-22,6,-22,6,-22,6,-22,6,-23,7,-23,7,-23,6,-24,6,-24,6,-24,6,-25,6,-25,6,-25,6,-26,7,-26]"
CSI_DATA,45615,d8:b1:90:db:e8:90,-51,11,1,7,0,0,1,0,0,0,1,-94,0,8,0,713293137,0,100,0,128,1,"[100,-64,5,0,21,-7,21,-7,21,-7,21,-8,20,-8,20,-9,20,-9,19,-10,18,-10,18,-11,18,-11,18,-11,17,-11,17,-11,18,-11,18,-11,18,-11,18,-11,18,-10,17,-10,17,-10,17,-9,18,-9,18,-8,18,-8,4,-2,0,0,0,0,0,0,0,0,0,0,0,0,0,0,0,0,0,0,2,-2,11,-7,12,-7,12,-6,13,-6,13,-6,14,-6,15,-6,16,-6,16,-6,17,-6,18,-5,18,-5,19,-5,19,-5,19,-4,19,-5,19,-5,20,-5,20,-5,20,-6,20,-6,21,-6,21,-6,21,-6,22,-6,22,-6]"
CSI_DATA,45616,d8:b1:90:db:e8:90,-51,11,1,7,0,0,1,0,0,0,1,-94,0,8,0,713303185,0,100,0,128,1,"[100,-64,5,0,17,12,17,12,17,12,17,11,17,11,17,10,17,10,17,9,18,9,17,8,17,8,18,8,18,8,18,8,18,8,18,8,18,7,18,7,18,8,18,7,17,7,17,8,16,9,16,9,16,10,4,2,0,0,0,0,0,0,0,0,0,0,0,0,0,0,0,0,0,0,3,1,12,6,11,6,10,6,10,6,11,7,13,8,13,8,14,9,14,9,14,10,13,11,13,12,13,12,13,12,14,12,14,12,14,12,14,12,15,11,16,11,16,11,17,11,17,12,17,12,17,12,17,12]"
CSI_DATA,45617,d8:b1:90:db:e8:90,-51,11,1,7,0,0,1,0,0,0,1,-94,0,8,0,713341181,0,100,0,128,1,"[100,-64,5,0,-23,3,-23,2,-23,2,-23,3,-22,3,-22,3,-22,4,-21,4,-21,5,-21,5,-21,5,-21,5,-21,5,-21,5,-21,5,-21,6,-20,6,-20,6,-20,5,-20,5,-20,5,-20,5,-20,4,-20,3,-20,2,-5,0,0,0,0,0,0,0,0,0,0,0,0,0,0,0,0,0,0,0,-4,0,-13,3,-14,2,-15,1,-16,1,-16,1,-17,1,-18,1,-18,0,-19,0,-20,-1,-20,-1,-20,-1,-20,-2,-20,-1,-20,-1,-21,0,-21,0,-21,0,-21,1,-22,1,-22,1,-22,2,-22,2,-22,2,-23,2,-23,3]"
CSI_DATA,45618,d8:b1:90:db:e8:90,-51,11,1,7,0,0,1,0,0,0,1,-94,0,8,0,713351821,0,100,0,128,1,"[100,-64,5,0,21,7,20,7,20,7,20,7,20,7,20,6,20,6,19,6,19,6,19,5,20,5,20,5,20,5,20,4,20,5,20,5,19,5,19,5,19,6,18,6,18,6,17,6,17,7,17,8,16,8,4,2,0,0,0,0,0,0,0,0,0,0,0,0,0,0,0,0,0,0,3,0,13,3,13,4,13,5,13,6,13,7,14,7,14,7,15,7,15,7,15,8,16,9,16,10,16,10,17,10,17,9,18,9,18,9,18,9,19,8,19,8,20,8,20,8,20,8,20,8,20,8,21,8]"
CSI_DATA,45619,d8:b1:90:db:e8:90,-51,11,1,7,0,0,1,0,0,0,1,-94,0,8,0,713363133,0,100,0,128,1,"[100,-64,5,0,0,22,0,22,0,22,1,22,1,21,1,21,2,21,3,20,3,20,4,20,4,20,4,19,4,20,4,20,4,20,4,20,4,19,4,19,3,19,3,19,2,18,2,18,2,18,1,19,0,19,0,4,0,0,0,0,0,0,0,0,0,0,0,0,0,0,0,0,0,0,0,3,2,13,1,13,0,14,0,14,-1,15,-1,16,-1,16,-1,17,-2,17,-2,18,-3,18,-3,19,-3,19,-3,19,-2,19,-2,19,-2,19,-2,20,-2,20,-2,20,-2,20,-2,21,-1,21,0,21,0,21,0,22]"
CSI_DATA,45620,d8:b1:90:db:e8:90,-51,11,1,7,0,0,1,0,0,0,1,-94,0,8,0,713387650,0,100,0,128,1,"[100,-64,5,0,23,-8,23,-8,23,-8,23,-9,22,-9,22,-9,21,-10,20,-11,20,-11,20,-12,20,-12,19,-13,19,-13,19,-12,20,-12,20,-12,20,-12,20,-11,19,-11,19,-10,19,-10,19,-9,19,-9,19,-9,19,-8,5,-2,0,0,0,0,0,0,0,0,0,0,0,0,0,0,0,0,0,0,3,-3,12,-9,13,-8,14,-8,15,-7,16,-7,17,-7,18,-7,19,-6,19,-6,20,-6,20,-6,20,-6,21,-5,21,-5,21,-5,22,-5,22,-5,22,-5,23,-6,23,-6,23,-6,23,-6,23,-7,23,-7,23,-7,23,-7]"
CSI_DATA,45621,d8:b1:90:db:e8:90,-51,11,1,7,0,0,1,0,0,0,1,-94,0,8,0,713416724,0,100,0,128,1,"[100,-64,5,0,-19,-11,-19,-11,-19,-11,-19,-11,-18,-10,-18,-10,-18,-10,-19,-9,-19,-8,-19,-8,-19,-7,-20,-7,-20,-6,-20,-7,-20,-7,-20,-6,-20,-6,-19,-7,-19,-7,-19,-8,-19,-8,-18,-8,-18,-8,-18,-9,-17,-10,-5,-3,0,0,0,0,0,0,0,0,0,0,0,0,0,0,0,0,0,0,-4,-1,-13,-4,-13,-5,-13,-6,-13,-7,-13,-7,-14,-8,-15,-9,-15,-10,-15,-10,-15,-11,-16,-11,-16,-12,-16,-13,-16,-13,-16,-12,-16,-12,-16,-12,-17,-12,-17,-12,-17,-12,-17,-12,-17,-12,-18,-12,-18,-11,-18,-12,-19,-12]"
CSI_DATA,45622,d8:b1:90:db:e8:90,-51,11,1,7,0,0,1,0,0,0,1,-94,0,8,0,713437805,0,100,0,128,1,"[100,-64,5,0,-19,-16,-19,-16,-19,-16,-19,-16,-19,-15,-19,-15,-19,-14,-19,-13,-19,-13,-19,-13,-20,-12,-20,-12,-20,-12,-20,-12,-20,-12,-20,-11,-20,-11,-20,-11,-19,-11,-19,-11,-19,-12,-18,-12,-18,-12,-17,-12,-17,-13,-5,-4,0,0,0,0,0,0,0,0,0,0,0,0,0,0,0,0,0,0,-4,-2,-13,-7,-13,-8,-13,-10,-13,-11,-13,-11,-14,-12,-15,-12,-15,-13,-15,-14,-15,-15,-15,-15,-15,-16,-15,-16,-15,-16,-16,-16,-16,-16,-16,-16,-17,-16,-17,-16,-17,-16,-17,-16,-17,-16,-18,-16,-18,-16,-18,-16,-18,-17]"
CSI_DATA,45623,d8:b1:90:db:e8:90,-51,11,1,7,0,0,1,0,0,0,1,-94,0,8,0,713449625,0,100,0,128,1,"[100,-64,5,0,20,10,20,10,20,9,20,9,20,8,20,7,20,7,20,6,19,6,19,5,20,5,20,5,20,5,20,5,20,5,21,5,21,5,20,5,20,5,20,5,19,5,19,6,19,6,19,7,18,8,4,2,0,0,0,0,0,0,0,0,0,0,0,0,0,0,0,0,0,0,3,1,12,4,12,4,13,5,13,6,13,6,14,7,14,7,15,8,15,9,16,9,16,10,16,10,16,11,16,11,16,11,16,11,17,11,17,11,17,11,17,11,17,11,18,11,19,11,19,11,19,11,19,10]"
CSI_DATA,45624,d8:b1:90:db:e8:90,-51,11,1,7,0,0,1,0,0,0,1,-94,0,8,0,713460348,0,100,0,128,1,"[100,-64,5,0,12,-23,12,-23,11,-22,11,-22,10,-22,10,-22,9,-22,8,-22,7,-23,7,-23,6,-23,5,-23,5,-23,5,-24,6,-24,6,-24,6,-24,6,-23,6,-23,7,-22,7,-22,8,-21,8,-21,9,-21,10,-20,2,-5,0,0,0,0,0,0,0,0,0,0,0,0,0,0,0,0,0,0,1,-4,5,-15,6,-15,7,-15,7,-15,8,-15,9,-16,9,-17,10,-17,10,-17,11,-17,12,-17,12,-18,13,-18,13,-18,13,-18,13,-18,13,-19,13,-19,13,-20,12,-20,12,-20,12,-21,12,-21,12,-22,12,-22,13,-22]"
CSI_DATA,45625,d8:b1:90:db:e8:90,-51,11,1,7,0,0,1,0,0,0,1,-94,0,8,0,713474018,0,100,0,128,1,"[100,-64,5,0,-23,4,-23,4,-22,4,-22,4,-22,4,-21,4,-21,5,-21,6,-20,6,-20,7,-20,8,-20,8,-20,8,-20,8,-20,8,-20,8,-20,7,-20,7,-20,7,-20,6,-20,6,-20,5,-20,5,-20,4,-21,3,-6,0,0,0,0,0,0,0,0,0,0,0,0,0,0,0,0,0,0,0,-4,1,-13,4,-14,4,-15,3,-15,2,-16,2,-16,2,-17,2,-17,2,-18,2,-19,1,-19,1,-20,1,-20,0,-20,0,-21,0,-21,0,-21,0,-21,1,-21,1,-21,2,-21,2,-22,2,-22,3,-22,4,-23,3,-23,3]"
CSI_DATA,45626,d8:b1:90:db:e8:90,-51,11,1,7,0,0,1,0,0,0,1,-94,0,8,0,713486888,0,100,0,128,1,"[100,-64,5,0,-5,25,-5,25,-5,25,-4,25,-3,25,-3,24,-2,24,-1,24,-1,24,0,24,0,24,0,23,0,23,1,24,1,24,1,24,1,24,1,23,0,23,0,23,-1,23,-1,23,-2,23,-3,22,-4,22,-1,5,0,0,0,0,0,0,0,0,0,0,0,0,0,0,0,0,0,0,-1,3,-2,15,-2,15,-3,16,-4,16,-4,17,-5,17,-5,18,-5,19,-6,19,-7,20,-7,20,-8,20,-8,20,-8,20,-9,21,-9,21,-9,21,-8,22,-8,22,-7,22,-7,22,-7,23,-7,23,-7,23,-7,24,-7,24]"
CSI_DATA,45627,d8:b1:90:db:e8:90,-51,11,1,7,0,0,1,0,0,0,1,-94,0,8,0,713497250,0,100,0,128,1,"[100,-64,5,0,-20,-18,-20,-18,-20,-17,-20,-16,-20,-16,-20,-15,-20,-15,-21,-14,-21,-14,-21,-13,-21,-12,-21,-12,-22,-12,-22,-12,-22,-12,-22,-12,-21,-12,-21,-12,-21,-12,-20,-12,-20,-13,-20,-13,-19,-14,-19,-14,-18,-15,-5,-4,0,0,0,0,0,0,0,0,0,0,0,0,0,0,0,0,0,0,-4,-3,-13,-10,-13,-10,-13,-12,-13,-12,-13,-13,-13,-13,-13,-14,-14,-15,-14,-16,-14,-16,-14,-17,-14,-17,-14,-18,-14,-18,-14,-19,-15,-19,-15,-19,-15,-19,-15,-18,-16,-18,-16,-18,-16,-18,-17,-18,-17,-18,-17,-19,-17,-19]"
CSI_DATA,45628,d8:b1:90:db:e8:90,-51,11,1,7,0,0,1,0,0,0,1,-94,0,8,0,713509791,0,100,0,128,1,"[100,-64,5,0,9,-21,9,-21,9,-21,8,-21,8,-21,8,-21,7,-21,6,-21,5,-21,4,-21,4,-21,4,-22,4,-22,4,-21,4,-21,4,-22,4,-22,5,-21,5,-21,5,-20,5,-20,5,-20,6,-19,7,-19,8,-19,2,-5,0,0,0,0,0,0,0,0,0,0,0,0,0,0,0,0,0,0,1,-4,3,-14,4,-13,5,-14,5,-14,4,-13,5,-13,6,-14,8,-14,9,-15,9,-16,9,-16,10,-16,10,-16,10,-16,10,-17,10,-17,10,-17,10,-18,9,-18,9,-18,10,-18,10,-19,10,-19,9,-20,10,-20,10,-20]"
CSI_DATA,45629,d8:b1:90:db:e8:90,-51,11,1,7,0,0,1,0,0,0,1,-94,0,8,0,713538459,0,100,0,128,1,"[100,-64,5,0,-20,-14,-20,-14,-20,-14,-19,-14,-19,-13,-19,-13,-19,-12,-20,-12,-20,-11,-20,-11,-20,-10,-20,-10,-20,-10,-20,-10,-21,-10,-21,-9,-21,-9,-21,-9,-20,-9,-20,-9,-20,-10,-20,-10,-19,-11,-19,-11,-18,-11,-5,-3,0,0,0,0,0,0,0,0,0,0,0,0,0,0,0,0,0,0,-4,-2,-13,-7,-13,-7,-13,-8,-13,-9,-13,-10,-13,-10,-13,-11,-14,-12,-14,-12,-14,-13,-14,-13,-14,-14,-14,-14,-14,-15,-15,-15,-15,-16,-15,-15,-16,-15,-17,-15,-17,-14,-17,-14,-18,-14,-18,-14,-18,-14,-18,-15,-18,-15]"
CSI_DATA,45630,d8:b1:90:db:e8:90,-51,11,1,7,0,0,1,0,0,0,1,-94,0,8,0,713549928,0,100,0,128,1,"[100,-64,5,0,-2,-26,-2,-25,-2,-25,-2,-25,-2,-25,-2,-24,-3,-24,-4,-24,-4,-24,-5,-24,-5,-23,-6,-23,-7,-23,-7,-23,-7,-23,-7,-23,-7,-23,-7,-23,-7,-23,-7,-23,-6,-23,-6,-22,-5,-23,-4,-23,-2,-23,-1,-6,0,0,0,0,0,0,0,0,0,0,0,0,0,0,0,0,0,0,-1,-4,-2,-15,-2,-16,-3,-16,-2,-17,-2,-17,-1,-18,-1,-18,0,-19,0,-20,1,-20,1,-21,2,-21,2,-21,2,-22,0,-23,0,-23,-1,-23,0,-24,0,-24,0,-24,-1,-24,-1,-25,-1,-25,-1,-25,0,-25,0,-25]"
CSI_DATA,45631,d8:b1:90:db:e8:90,-51,11,1,7,0,0,1,0,0,0,1,-94,0,8,0,713559973,0,100,0,128,1,"[100,-64,5,0,8,-23,8,-22,8,-22,7,-22,7,-22,6,-22,6,-22,5,-22,4,-22,4,-22,4,-22,3,-22,3,-22,3,-22,3,-22,3,-22,3,-21,4,-21,4,-21,4,-21,5,-21,5,-21,6,-20,7,-20,7,-19,2,-5,0,0,0,0,0,0,0,0,0,0,0,0,0,0,0,0,0,0,0,-4,3,-13,3,-13,4,-14,4,-14,5,-14,6,-15,6,-16,7,-16,8,-17,8,-17,9,-17,9,-17,10,-18,10,-18,10,-18,10,-18,10,-19,10,-19,9,-19,9,-19,9,-20,9,-20,9,-21,8,-21,8,-21,9,-22]"
CSI_DATA,45632,d8:b1:90:db:e8:90,-51,11,1,7,0,0,1,0,0,0,1,-94,0,8,0,713573313,0,100,0,128,1,"[100,-64,5,0,6,-26,7,-26,6,-25,6,-25,5,-25,5,-25,4,-25,3,-25,2,-25,2,-25,2,-25,1,-25,1,-25,1,-25,1,-25,1,-24,2,-24,2,-24,2,-23,3,-23,3,-23,4,-23,4,-23,5,-22,6,-22,1,-6,0,0,0,0,0,0,0,0,0,0,0,0,0,0,0,0,0,0,0,-4,2,-15,2,-15,3,-16,3,-16,4,-16,5,-17,5,-18,6,-19,6,-19,7,-20,8,-20,8,-21,8,-21,9,-21,9,-21,9,-21,9,-22,9,-22,8,-23,8,-23,8,-23,8,-23,7,-24,7,-24,7,-25,7,-25]"
CSI_DATA,45633,d8:b1:90:db:e8:90,-51,11,1,7,0,0,1,0,0,0,1,-94,0,8,0,713593586,0,100,0,128,1,"[100,-64,5,0,-20,-16,-20,-16,-20,-16,-20,-15,-20,-15,-20,-14,-20,-14,-21,-13,-21,-12,-22,-12,-22,-12,-22,-11,-22,-11,-22,-11,-22,-11,-22,-11,-22,-11,-21,-11,-21,-11,-21,-11,-20,-12,-20,-12,-19,-13,-19,-14,-18,-14,-5,-4,0,0,0,0,0,0,0,0,0,0,0,0,0,0,0,0,0,0,-4,-2,-13,-9,-13,-9,-13,-10,-14,-10,-14,-11,-14,-12,-15,-12,-15,-12,-15,-13,-16,-14,-16,-14,-16,-15,-17,-15,-16,-16,-16,-16,-17,-16,-17,-16,-18,-16,-18,-17,-19,-17,-19,-17,-19,-17,-19,-17,-19,-17,-19,-17,-20,-16]"
CSI_DATA,45634,d8:b1:90:db:e8:90,-51,11,1,7,0,0,1,0,0,0,1,-94,0,8,0,713604061,0,100,0,128,1,"[100,-64,5,0,13,-19,13,-19,13,-18,12,-18,12,-18,12,-18,11,-19,10,-19,9,-20,9,-20,9,-20,9,-20,9,-20,9,-20,9,-20,9,-20,9,-20,9,-20,9,-19,9,-19,9,-18,10,-18,10,-17,11,-17,12,-16,3,-4,0,0,0,0,0,0,0,0,0,0,0,0,0,0,0,0,0,0,1,-3,6,-12,6,-13,7,-14,8,-15,8,-14,8,-14,9,-15,9,-15,10,-15,11,-14,11,-15,11,-15,11,-16,12,-16,12,-16,12,-16,13,-16,13,-17,13,-17,13,-18,13,-18,13,-18,13,-18,13,-18,13,-18,13,-18]"
CSI_DATA,45635,d8:b1:90:db:e8:90,-51,11,1,7,0,0,1,0,0,0,1,-94,0,8,0,713616035,0,100,0,128,1,"[100,-64,5,0,2,21,2,21,3,21,3,20,3,20,3,19,4,19,5,19,6,19,6,18,6,18,7,18,8,18,8,18,8,18,8,18,8,18,8,18,7,18,7,18,6,18,6,18,5,18,5,18,4,18,1,4,0,0,0,0,0,0,0,0,0,0,0,0,0,0,0,0,0,0,0,3,3,12,3,12,2,13,2,13,1,14,1,15,2,15,2,15,0,16,0,16,0,17,0,17,0,18,0,18,0,19,-1,18,-1,19,0,19,0,19,0,20,0,20,0,21,0,21,0,21,1,21,2,21]"
CSI_DATA,45636,d8:b1:90:db:e8:90,-52,11,1,7,0,0,1,0,0,0,1,-94,0,8,0,713648311,0,100,0,128,1,"[100,-64,5,0,-11,20,-11,20,-10,20,-10,21,-9,21,-9,21,-8,21,-6,21,-6,21,-5,21,-5,21,-4,22,-4,22,-3,22,-3,22,-4,22,-4,22,-4,22,-4,22,-4,21,-5,21,-5,21,-6,21,-7,21,-8,20,-3,5,0,0,0,0,0,0,0,0,0,0,0,0,0,0,0,0,0,0,-2,3,-5,14,-6,14,-6,14,-7,14,-7,14,-8,15,-9,16,-10,17,-10,17,-11,17,-12,17,-13,17,-13,17,-13,17,-13,17,-13,17,-13,18,-13,18,-13,19,-13,19,-13,19,-13,19,-13,19,-13,19,-13,20,-12,21]"
CSI_DATA,45637,d8:b1:90:db:e8:90,-51,11,1,7,0,0,1,0,0,0,1,-94,0,8,0,713659491,0,100,0,128,1,"[100,-64,5,0,23,-1,22,-1,22,-1,22,-2,22,-3,22,-3,21,-4,21,-5,21,-6,21,-6,21,-7,21,-8,21,-8,21,-8,21,-8,21,-8,21,-7,21,-7,21,-7,20,-6,20,-6,21,-6,21,-5,21,-4,21,-3,5,-1,0,0,0,0,0,0,0,0,0,0,0,0,0,0,0,0,0,0,3,-1,14,-3,15,-3,15,-3,16,-2,16,-2,17,-1,18,-1,19,-1,19,0,20,1,21,1,21,1,21,2,21,2,21,2,21,1,21,1,22,1,22,1,22,1,23,1,23,1,22,1,22,1,23,0,23,0]"
CSI_DATA,45638,d8:b1:90:db:e8:90,-52,11,1,6,0,0,1,0,0,0,1,-94,0,8,0,713674387,0,100,0,128,1,"[100,-64,5,0,-26,-39,-23,-35,-19,-29,-15,-24,-11,-18,-6,-12,-1,-7,3,-3,8,0,12,2,14,4,16,6,17,6,16,7,14,7,10,7,6,6,1,5,-5,4,-12,3,-19,2,-25,0,-32,-2,-37,-4,-40,-6,-11,-2,0,0,0,0,0,0,0,0,0,0,0,0,0,0,0,0,0,0,-1,-4,-3,-13,-3,-11,-3,-7,-2,-3,-2,1,-1,5,-1,8,0,10,0,11,0,12,1,11,1,9,1,6,1,2,0,-2,-1,-8,-3,-14,-5,-20,-8,-26,-11,-31,-15,-36,-18,-41,-22,-44,-25,-46,-27,-47,-28,-48]"
CSI_DATA,45639,d8:b1:90:db:e8:90,-53,11,1,6,0,0,1,0,0,0,1,-94,0,8,0,713686742,0,100,0,128,1,"[100,-64,5,0,42,-19,37,-17,31,-14,25,-12,18,-8,12,-4,6,0,2,4,-2,7,-6,11,-8,13,-10,15,-11,15,-11,14,-10,12,-9,9,-8,5,-6,0,-4,-6,-2,-12,1,-19,4,-25,7,-30,11,-35,14,-38,3,-10,0,0,0,0,0,0,0,0,0,0,0,0,0,0,0,0,0,0,3,-1,13,-1,10,-1,6,-2,2,-2,-2,-2,-5,-2,-8,-2,-11,-2,-12,-1,-13,-1,-12,-1,-10,0,-7,0,-3,0,2,1,7,0,13,0,19,-2,25,-3,31,-6,37,-9,42,-12,46,-14,48,-16,50,-18,51,-19]"
CSI_DATA,45640,d8:b1:90:db:e8:90,-52,11,1,6,0,0,1,0,0,0,1,-94,0,8,0,713700294,0,100,0,128,1,"[100,-64,5,0,-46,-5,-41,-4,-35,-4,-28,-3,-20,-3,-13,-4,-6,-4,0,-5,5,-7,9,-9,12,-10,14,-10,15,-10,15,-10,14,-8,11,-6,8,-2,5,2,0,6,-4,10,-9,15,-15,20,-20,24,-24,27,-28,28,-8,7,0,0,0,0,0,0,0,0,0,0,0,0,0,0,0,0,0,0,-4,-2,-12,-8,-10,-6,-6,-4,-3,-1,-1,1,2,3,5,5,7,7,8,7,9,7,9,7,7,5,5,3,2,0,-2,-2,-7,-5,-12,-8,-18,-10,-24,-11,-30,-12,-36,-13,-42,-13,-47,-12,-51,-11,-53,-11,-54,-10]"
CSI_DATA,45641,d8:b1:90:db:e8:90,-51,11,1,6,0,0,1,0,0,0,1,-94,0,8,0,713713064,0,100,0,128,1,"[100,-64,5,0,-18,-12,-18,-12,-17,-12,-18,-11,-18,-11,-18,-11,-18,-10,-18,-10,-18,-10,-18,-10,-18,-9,-19,-8,-19,-8,-19,-8,-19,-8,-19,-8,-19,-8,-19,-8,-19,-8,-19,-9,-18,-9,-18,-9,-18,-10,-17,-11,-17,-11,-4,-3,0,0,0,0,0,0,0,0,0,0,0,0,0,0,0,0,0,0,-4,-2,-13,-6,-12,-8,-12,-8,-12,-8,-12,-8,-12,-9,-13,-10,-14,-10,-14,-11,-14,-10,-14,-11,-15,-12,-15,-12,-15,-13,-15,-12,-15,-12,-15,-12,-16,-12,-16,-12,-17,-12,-17,-12,-18,-12,-17,-12,-17,-12,-17,-12,-17,-12]"
CSI_DATA,45642,d8:b1:90:db:e8:90,-51,11,1,6,0,0,1,0,0,0,1,-94,0,8,0,713723804,0,100,0,128,1,"[100,-64,5,0,0,-25,0,-25,0,-25,-1,-25,-1,-24,-1,-24,-2,-24,-2,-24,-3,-24,-3,-24,-4,-23,-5,-23,-5,-23,-5,-23,-5,-23,-5,-23,-5,-23,-5,-23,-5,-23,-5,-23,-4,-23,-4,-23,-3,-23,-2,-23,-1,-23,-1,-6,0,0,0,0,0,0,0,0,0,0,0,0,0,0,0,0,0,0,-1,-4,-1,-15,-1,-16,-1,-17,-1,-17,0,-17,1,-18,1,-19,1,-20,1,-20,2,-21,2,-21,2,-21,3,-21,3,-21,2,-22,2,-22,2,-22,2,-23,1,-23,1,-24,1,-24,1,-24,1,-24,1,-24,0,-24,0,-25]"
CSI_DATA,45643,d8:b1:90:db:e8:90,-51,11,1,6,0,0,1,0,0,0,1,-94,0,8,0,713742787,0,100,0,128,1,"[100,-64,5,0,22,-3,22,-4,22,-4,21,-4,21,-4,21,-4,20,-5,20,-5,20,-6,20,-6,20,-7,19,-8,19,-8,19,-8,19,-8,19,-8,19,-8,19,-7,19,-7,19,-7,19,-7,19,-6,19,-6,19,-5,19,-4,4,-1,0,0,0,0,0,0,0,0,0,0,0,0,0,0,0,0,0,0,3,-2,13,-5,13,-4,14,-3,14,-3,15,-3,16,-2,16,-2,17,-2,17,-1,18,-1,18,-1,18,-1,18,-1,19,-1,19,0,19,0,19,-1,20,-1,20,-1,20,-1,21,-2,21,-2,21,-2,22,-3,22,-3,23,-2]"
CSI_DATA,45644,d8:b1:90:db:e8:90,-51,11,1,6,0,0,1,0,0,0,1,-94,0,8,0,713753781,0,100,0,128,1,"[100,-64,5,0,9,-23,9,-23,9,-23,9,-23,9,-23,8,-23,7,-23,6,-23,6,-23,6,-23,5,-23,5,-23,5,-23,5,-23,5,-23,5,-23,6,-23,6,-22,6,-22,7,-22,7,-21,8,-21,8,-20,9,-20,10,-20,2,-5,0,0,0,0,0,0,0,0,0,0,0,0,0,0,0,0,0,0,1,-4,5,-15,5,-15,5,-15,6,-15,7,-15,7,-16,8,-16,8,-17,9,-17,9,-17,10,-18,11,-18,11,-18,11,-18,11,-18,12,-18,12,-18,12,-19,11,-20,11,-21,11,-21,11,-22,10,-22,10,-23,10,-23,10,-22]"
CSI_DATA,45645,d8:b1:90:db:e8:90,-51,11,1,7,0,0,1,0,0,0,0,-94,0,8,0,713767556,0,100,0,128,1,"[100,-64,5,0,3,24,3,24,3,24,3,24,4,23,4,23,4,22,5,22,5,21,5,21,6,21,6,21,6,21,7,21,7,21,6,21,6,21,6,21,6,21,5,21,5,21,4,21,4,21,3,21,2,21,0,5,0,0,0,0,0,0,0,0,0,0,0,0,0,0,0,0,0,0,1,3,3,14,3,15,2,15,2,16,1,16,1,17,2,18,2,18,1,19,1,19,0,20,0,20,0,21,0,21,0,21,0,21,0,22,0,22,0,22,1,23,1,23,1,23,1,24,1,24,1,24,2,24]"
CSI_DATA,45646,d8:b1:90:db:e8:90,-51,11,1,7,0,0,1,0,0,0,0,-94,0,8,0,713781500,0,100,0,128,1,"[100,-64,5,0,22,-3,22,-3,22,-3,22,-3,22,-4,22,-4,21,-4,21,-4,20,-5,21,-5,20,-5,20,-5,20,-5,20,-5,20,-5,20,-5,20,-5,20,-5,20,-4,20,-3,20,-3,20,-2,20,-2,20,-1,20,-1,5,0,0,0,0,0,0,0,0,0,0,0,0,0,0,0,0,0,0,0,3,-1,13,-3,14,-2,14,-2,15,-1,15,-1,16,0,16,0,17,0,17,1,18,1,18,2,18,2,18,3,18,3,19,2,19,2,20,2,20,2,20,1,20,0,21,0,21,0,22,-1,23,-1,23,-1,23,-1]"
CSI_DATA,45647,d8:b1:90:db:e8:90,-51,11,1,7,0,0,1,0,0,0,1,-94,0,8,0,713792848,0,100,0,128,1,"[100,-64,5,0,22,0,22,1,22,0,22,0,21,-1,21,-1,21,-1,21,-2,21,-2,21,-2,21,-2,21,-2,21,-3,21,-2,20,-3,20,-3,20,-3,20,-3,20,-2,20,-2,20,-1,19,0,19,0,19,1,19,2,4,0,0,0,0,0,0,0,0,0,0,0,0,0,0,0,0,0,0,0,3,-1,13,-1,13,0,14,1,14,1,15,2,15,2,15,2,16,3,16,3,17,4,16,4,17,5,17,5,17,5,18,5,18,5,18,5,19,4,19,4,19,3,20,3,20,3,21,2,22,2,22,2,22,2]"
CSI_DATA,45648,d8:b1:90:db:e8:90,-51,11,1,7,0,0,1,0,0,0,1,-94,0,8,0,713804524,0,100,0,128,1,"[100,-64,5,0,-9,-24,-9,-24,-9,-23,-9,-23,-9,-23,-10,-23,-10,-22,-10,-22,-11,-21,-11,-21,-11,-21,-12,-21,-12,-21,-12,-21,-12,-21,-12,-21,-12,-21,-11,-21,-11,-21,-11,-21,-10,-20,-10,-20,-9,-21,-8,-21,-8,-21,-2,-6,0,0,0,0,0,0,0,0,0,0,0,0,0,0,0,0,0,0,-2,-4,-7,-13,-7,-14,-7,-15,-7,-16,-7,-16,-7,-17,-7,-17,-7,-18,-7,-19,-7,-19,-6,-20,-6,-20,-6,-21,-6,-21,-6,-21,-6,-21,-6,-21,-7,-22,-7,-22,-7,-22,-7,-22,-8,-23,-8,-23,-8,-24,-8,-24,-8,-24]"
CSI_DATA,45649,d8:b1:90:db:e8:90,-51,11,1,7,0,0,1,0,0,0,1,-94,0,8,0,713818063,0,100,0,128,1,"[100,-64,5,0,17,-14,17,-14,17,-14,17,-13,16,-13,16,-13,15,-14,15,-14,15,-14,14,-15,14,-15,14,-15,14,-15,14,-15,14,-15,14,-15,14,-14,14,-14,14,-14,14,-14,14,-14,15,-13,15,-13,15,-12,16,-12,4,-3,0,0,0,0,0,0,0,0,0,0,0,0,0,0,0,0,0,0,2,-3,8,-9,8,-9,9,-10,10,-10,11,-10,12,-11,12,-11,12,-10,13,-9,13,-10,15,-10,15,-11,16,-11,16,-11,16,-11,16,-11,16,-11,16,-11,16,-11,16,-12,17,-12,17,-12,17,-13,17,-13,17,-13,17,-13]"
CSI_DATA,45650,d8:b1:90:db:e8:90,-58,11,1,7,0,0,1,0,0,0,1,-94,0,8,0,713849110,0,100,0,128,1,"[100,-64,5,0,17,-15,17,-15,15,-16,10,-17,8,-17,7,-17,7,-16,9,-13,9,-12,9,-13,10,-12,12,-11,12,-10,12,-11,12,-12,13,-15,13,-17,12,-17,14,-15,17,-12,19,-10,18,-10,18,-10,17,-11,17,-11,4,-3,0,0,0,0,0,0,0,0,0,0,0,0,0,0,0,0,0,0,1,-2,4,-7,6,-7,6,-7,6,-8,7,-8,8,-10,10,-13,12,-15,13,-15,14,-15,15,-15,16,-16,16,-16,15,-15,13,-14,11,-14,11,-14,13,-15,16,-17,17,-18,17,-19,15,-18,11,-16,9,-15,11,-16,15,-18]"
CSI_DATA,45651,d8:b1:90:db:e8:90,-51,11,1,7,0,0,1,0,0,0,1,-94,0,8,0,713861523,0,100,0,128,1,"[100,-64,5,0,-20,-15,-20,-15,-20,-15,-20,-15,-20,-15,-20,-14,-20,-14,-20,-13,-20,-13,-20,-13,-21,-12,-21,-11,-21,-11,-21,-12,-21,-12,-21,-12,-20,-12,-20,-13,-20,-13,-20,-12,-20,-13,-19,-13,-19,-13,-18,-14,-18,-15,-5,-4,0,0,0,0,0,0,0,0,0,0,0,0,0,0,0,0,0,0,-4,-2,-13,-8,-13,-9,-13,-10,-13,-10,-14,-11,-14,-11,-14,-12,-14,-13,-14,-14,-15,-14,-15,-15,-15,-15,-15,-16,-15,-16,-16,-16,-16,-15,-17,-15,-17,-15,-17,-15,-18,-15,-18,-16,-18,-16,-19,-16,-19,-16,-19,-16,-19,-16]"
CSI_DATA,45652,d8:b1:90:db:e8:90,-51,11,1,7,0,0,1,0,0,0,1,-94,0,8,0,713871770,0,100,0,128,1,"[100,-64,5,0,15,-15,15,-15,15,-15,15,-15,15,-16,14,-16,14,-16,14,-16,13,-16,13,-16,13,-16,12,-17,12,-17,12,-17,12,-17,13,-17,13,-16,13,-16,13,-16,12,-16,13,-16,13,-15,14,-14,14,-14,15,-14,3,-4,0,0,0,0,0,0,0,0,0,0,0,0,0,0,0,0,0,0,2,-3,8,-11,9,-11,9,-11,10,-10,10,-10,11,-11,11,-11,12,-11,13,-10,14,-11,15,-11,15,-11,15,-11,15,-11,15,-12,15,-12,15,-13,15,-13,15,-13,15,-13,15,-14,15,-14,16,-14,16,-14,16,-14,16,-15]"
CSI_DATA,45653,d8:b1:90:db:e8:90,-51,11,1,7,0,0,1,0,0,0,1,-94,0,8,0,713883704,0,100,0,128,1,"[100,-64,5,0,9,22,9,22,9,22,9,21,10,21,10,20,11,20,12,20,12,19,13,19,13,19,13,18,13,18,13,18,13,18,14,18,14,18,14,18,13,18,13,18,12,18,12,18,11,19,10,19,9,20,2,5,0,0,0,0,0,0,0,0,0,0,0,0,0,0,0,0,0,0,1,3,7,12,6,13,6,14,5,14,5,15,5,16,5,16,5,17,5,18,4,18,4,19,4,19,4,20,4,20,4,20,4,20,4,20,4,21,5,21,6,21,6,21,7,21,7,21,7,22,7,22,8,22]"
CSI_DATA,45654,d8:b1:90:db:e8:90,-51,11,1,7,0,0,1,0,0,0,1,-94,0,8,0,713894397,0,100,0,128,1,"[100,-64,5,0,18,16,18,16,18,16,18,16,18,15,18,15,18,14,19,13,19,13,20,12,20,11,20,11,19,11,20,11,20,11,20,11,20,11,20,11,19,11,19,11,19,12,18,12,18,13,17,13,17,14,4,3,0,0,0,0,0,0,0,0,0,0,0,0,0,0,0,0,0,0,2,2,11,8,11,9,11,10,12,11,12,11,12,12,11,13,11,13,12,14,12,15,12,15,12,16,12,16,12,16,12,17,12,17,12,17,13,17,13,17,14,17,14,17,15,17,15,17,16,17,16,17,16,17]"
CSI_DATA,45655,d8:b1:90:db:e8:90,-51,11,1,7,0,0,1,0,0,0,1,-94,0,8,0,713912681,0,100,0,128,1,"[100,-64,5,0,19,6,19,6,19,6,19,5,19,4,19,4,19,3,19,3,19,2,19,2,19,2,19,2,19,2,19,2,19,2,19,2,19,2,18,3,18,3,18,3,18,3,17,4,17,5,17,5,17,6,4,1,0,0,0,0,0,0,0,0,0,0,0,0,0,0,0,0,0,0,2,0,11,0,11,1,12,3,12,3,12,3,13,4,14,5,14,6,14,6,15,7,15,7,14,8,15,8,15,8,15,8,15,8,15,8,16,8,16,8,17,8,17,8,17,8,18,8,18,8,18,8,18,8]"
CSI_DATA,45656,d8:b1:90:db:e8:90,-50,11,1,7,0,0,1,0,0,0,1,-94,0,8,0,713949437,0,100,0,128,1,"[100,-64,5,0,28,-15,23,-19,15,-25,14,-26,11,-24,10,-25,10,-24,8,-25,7,-24,2,-22,2,-25,4,-25,1,-25,-1,-27,-3,-28,-7,-33,-10,-31,-12,-26,-11,-25,-11,-23,-11,-23,-11,-21,-13,-21,-12,-23,-10,-23,-3,-6,0,0,0,0,0,0,0,0,0,0,0,0,0,0,0,0,0,0,5,2,21,13,18,13,18,8,20,5,16,3,16,5,17,12,18,11,20,10,21,6,24,3,23,7,22,4,26,4,26,6,29,1,29,-2,24,-8,24,-8,24,-5,26,-8,28,-10,24,-16,24,-18,22,-13,15,-17]"
CSI_DATA,45657,d8:b1:90:db:e8:90,-51,11,1,7,0,0,1,0,0,0,1,-94,0,8,0,713962941,0,100,0,128,1,"[100,-64,5,0,19,15,18,15,18,15,19,15,19,14,19,14,19,13,19,13,19,13,19,12,19,12,19,11,20,11,20,11,20,11,20,10,20,10,19,10,19,10,19,10,19,10,18,11,18,12,17,12,16,13,4,3,0,0,0,0,0,0,0,0,0,0,0,0,0,0,0,0,0,0,3,1,13,7,13,8,12,9,12,10,13,10,13,11,13,12,14,12,14,13,14,14,14,14,14,14,14,15,14,15,15,15,15,15,16,15,16,15,16,15,17,15,17,15,18,15,18,15,18,15,18,15,18,15]"
CSI_DATA,45658,d8:b1:90:db:e8:90,-51,11,1,7,0,0,1,0,0,0,1,-94,0,8,0,713976633,0,100,0,128,1,"[100,-64,5,0,-4,25,-4,25,-4,25,-3,25,-3,24,-3,24,-2,24,-2,23,-1,23,-1,23,0,23,1,23,1,23,1,24,2,23,2,23,2,23,2,23,1,22,1,22,1,22,0,21,0,22,-1,22,-2,22,-1,5,0,0,0,0,0,0,0,0,0,0,0,0,0,0,0,0,0,0,0,3,-1,15,-1,15,-2,16,-3,16,-3,17,-4,17,-5,18,-5,19,-6,19,-6,19,-6,20,-6,20,-6,20,-6,21,-6,21,-6,22,-6,22,-5,22,-5,23,-5,23,-5,23,-5,23,-4,24,-4,24,-4,24,-4,24]"
CSI_DATA,45659,d8:b1:90:db:e8:90,-51,11,1,7,0,0,1,0,0,0,1,-94,0,8,0,713994041,0,100,0,128,1,"[100,-64,5,0,-16,15,-16,15,-16,15,-16,15,-16,15,-15,15,-15,14,-15,14,-14,14,-14,15,-14,16,-13,16,-13,16,-13,15,-13,15,-14,16,-13,16,-13,16,-13,15,-13,15,-13,14,-14,14,-14,13,-15,13,-15,13,-4,3,0,0,0,0,0,0,0,0,0,0,0,0,0,0,0,0,0,0,-3,2,-10,9,-11,10,-11,10,-11,11,-11,11,-11,10,-12,9,-13,10,-15,10,-15,11,-15,11,-15,11,-15,10,-16,10,-16,11,-17,12,-16,12,-16,12,-15,12,-16,12,-16,13,-16,14,-16,14,-16,14,-16,14,-16,14]"
CSI_DATA,45660,d8:b1:90:db:e8:90,-51,11,1,7,0,0,1,0,0,0,1,-94,0,8,0,714012012,0,100,0,128,1,"[100,-64,5,0,12,16,12,15,12,15,12,15,12,14,12,14,13,13,13,12,14,11,14,11,14,11,14,11,14,11,14,11,14,11,14,10,14,10,13,10,13,10,13,11,13,11,12,11,12,12,11,12,11,13,2,3,0,0,0,0,0,0,0,0,0,0,0,0,0,0,0,0,0,0,2,1,10,7,9,9,9,10,9,10,9,11,9,11,9,11,8,12,9,12,9,13,9,13,9,14,9,14,9,15,9,15,9,14,9,15,9,15,9,15,10,15,10,15,10,15,11,15,12,15,12,15,12,15]"
CSI_DATA,45661,d8:b1:90:db:e8:90,-51,11,1,7,0,0,1,0,0,0,1,-94,0,8,0,714022909,0,100,0,128,1,"[100,-64,5,0,-20,11,-20,11,-19,11,-19,11,-19,11,-18,11,-18,11,-18,11,-17,12,-17,12,-17,12,-16,13,-15,14,-15,14,-16,14,-16,14,-16,13,-16,13,-16,13,-16,13,-16,13,-16,12,-16,11,-16,10,-17,10,-5,2,0,0,0,0,0,0,0,0,0,0,0,0,0,0,0,0,0,0,-3,2,-11,9,-11,8,-11,7,-12,8,-14,9,-15,9,-15,9,-15,9,-17,8,-17,8,-17,8,-17,7,-18,7,-18,7,-18,8,-18,9,-18,9,-19,9,-19,9,-19,9,-19,10,-19,10,-19,10,-19,11,-20,11,-20,10]"
CSI_DATA,45662,d8:b1:90:db:e8:90,-52,11,1,7,0,0,1,0,0,0,1,-94,0,8,0,714052169,0,100,0,128,1,"[100,-64,5,0,-4,-24,-4,-24,-4,-24,-5,-24,-5,-24,-5,-23,-6,-23,-6,-23,-7,-23,-7,-23,-7,-22,-8,-22,-8,-22,-8,-22,-8,-22,-8,-21,-8,-21,-8,-21,-7,-21,-7,-21,-7,-21,-6,-21,-5,-21,-5,-22,-4,-22,-1,-6,0,0,0,0,0,0,0,0,0,0,0,0,0,0,0,0,0,0,-1,-4,-4,-15,-4,-15,-3,-16,-2,-17,-2,-17,-2,-18,-1,-19,-1,-19,-1,-20,0,-20,0,-21,0,-21,1,-21,0,-22,0,-22,-1,-22,-1,-22,-1,-22,-1,-22,-1,-22,-1,-23,-2,-23,-3,-24,-3,-24,-3,-25,-3,-25]"
CSI_DATA,45663,d8:b1:90:db:e8:90,-51,11,1,7,0,0,1,0,0,0,1,-94,0,8,0,714065821,0,100,0,128,1,"[100,-64,5,0,20,-11,19,-11,19,-11,18,-12,18,-13,18,-13,18,-13,18,-13,17,-13,16,-13,16,-14,15,-15,15,-16,15,-16,16,-15,15,-15,15,-14,14,-14,14,-14,14,-14,15,-14,15,-14,16,-13,16,-12,16,-11,4,-3,0,0,0,0,0,0,0,0,0,0,0,0,0,0,0,0,0,0,2,-3,10,-9,11,-9,13,-9,14,-8,15,-7,14,-7,14,-7,15,-8,16,-9,17,-9,18,-9,18,-8,18,-8,17,-8,18,-8,18,-8,18,-9,19,-9,19,-9,20,-9,20,-9,19,-10,19,-10,19,-11,19,-11,20,-11]"
CSI_DATA,45664,d8:b1:90:db:e8:90,-51,11,1,7,0,0,1,0,0,0,1,-94,0,8,0,714082299,0,100,0,128,1,"[100,-64,5,0,10,-24,10,-24,9,-23,8,-23,8,-23,7,-23,6,-23,5,-24,4,-24,4,-24,3,-24,3,-24,3,-24,3,-24,3,-24,3,-24,3,-24,3,-23,3,-23,3,-23,4,-22,4,-22,5,-22,6,-22,7,-22,1,-6,0,0,0,0,0,0,0,0,0,0,0,0,0,0,0,0,0,0,1,-4,4,-16,4,-16,5,-16,6,-16,7,-16,7,-17,7,-17,8,-18,9,-18,9,-19,10,-19,11,-19,11,-19,11,-20,11,-20,10,-21,10,-21,10,-21,10,-21,10,-21,10,-22,10,-22,10,-23,10,-24,10,-24,11,-23]"
CSI_DATA,45665,d8:b1:90:db:e8:90,-51,11,1,7,0,0,1,0,0,0,1,-94,0,8,0,714102636,0,100,0,128,1,"[100,-64,5,0,-12,19,-12,19,-12,19,-12,20,-11,20,-11,19,-10,19,-10,19,-9,19,-9,19,-9,19,-9,20,-9,20,-8,20,-9,20,-9,20,-9,20,-9,19,-9,19,-9,19,-9,18,-10,18,-11,17,-11,17,-11,16,-3,4,0,0,0,0,0,0,0,0,0,0,0,0,0,0,0,0,0,0,-2,3,-6,12,-6,12,-7,13,-7,13,-8,13,-9,14,-9,15,-9,15,-10,16,-11,15,-11,15,-12,15,-12,15,-12,15,-12,16,-12,16,-12,16,-12,17,-12,17,-12,18,-12,18,-12,18,-12,19,-13,19,-13,19,-12,19]"
CSI_DATA,45666,d8:b1:90:db:e8:90,-51,11,1,7,0,0,1,0,0,0,1,-94,0,8,0,714114384,0,100,0,128,1,"[100,-64,5,0,12,-20,12,-20,12,-20,12,-21,11,-21,11,-21,10,-20,10,-21,9,-21,9,-21,8,-21,8,-21,8,-21,8,-21,8,-21,8,-21,8,-20,8,-20,8,-20,8,-19,9,-19,9,-19,9,-18,10,-18,11,-17,2,-5,0,0,0,0,0,0,0,0,0,0,0,0,0,0,0,0,0,0,1,-3,5,-12,7,-13,8,-13,8,-13,9,-13,9,-14,9,-14,11,-15,11,-15,12,-14,12,-14,12,-15,12,-15,13,-15,13,-16,13,-16,13,-16,13,-17,12,-17,12,-18,12,-18,12,-19,12,-19,12,-19,13,-19,13,-20]"
CSI_DATA,45667,d8:b1:90:db:e8:90,-51,11,1,7,0,0,1,0,0,0,1,-94,0,8,0,714132244,0,100,0,128,1,"[100,-64,5,0,9,-22,9,-21,9,-21,8,-22,7,-22,7,-22,7,-22,6,-22,6,-22,5,-22,5,-22,5,-22,5,-22,5,-22,5,-22,5,-21,5,-21,5,-20,5,-20,5,-20,6,-20,6,-19,6,-19,7,-19,8,-19,2,-5,0,0,0,0,0,0,0,0,0,0,0,0,0,0,0,0,0,0,1,-4,4,-13,4,-14,4,-14,5,-14,5,-15,6,-15,7,-15,7,-15,8,-16,9,-16,9,-16,9,-17,10,-17,10,-17,10,-17,10,-18,10,-18,10,-18,9,-19,9,-19,9,-20,9,-20,9,-20,9,-21,9,-21,9,-21]"
CSI_DATA,45668,d8:b1:90:db:e8:90,-51,11,1,7,0,0,1,0,0,0,1,-94,0,8,0,714153087,0,100,0,128,1,"[100,-64,5,0,-17,-15,-17,-15,-17,-15,-17,-14,-17,-14,-17,-13,-18,-13,-18,-13,-18,-12,-18,-12,-18,-12,-18,-12,-19,-11,-18,-12,-18,-11,-18,-11,-18,-11,-18,-11,-17,-11,-17,-11,-17,-11,-17,-11,-16,-12,-15,-13,-15,-13,-4,-4,0,0,0,0,0,0,0,0,0,0,0,0,0,0,0,0,0,0,-3,-3,-11,-9,-11,-10,-11,-10,-11,-10,-11,-10,-11,-11,-12,-11,-12,-12,-12,-13,-13,-14,-13,-14,-13,-15,-13,-15,-13,-15,-13,-15,-13,-16,-14,-15,-14,-15,-14,-15,-14,-15,-15,-15,-15,-15,-16,-16,-16,-16,-16,-16,-16,-16]"
CSI_DATA,45669,d8:b1:90:db:e8:90,-51,11,1,7,0,0,1,0,0,0,1,-94,0,8,0,714165989,0,100,0,128,1,"[100,-64,5,0,10,20,10,20,10,20,10,19,10,19,10,19,11,18,11,18,12,17,12,17,12,16,12,16,12,17,12,17,12,17,12,17,12,16,11,16,11,16,10,17,10,17,9,17,9,17,8,17,7,18,1,4,0,0,0,0,0,0,0,0,0,0,0,0,0,0,0,0,0,0,1,2,6,11,6,12,6,12,5,13,5,14,5,14,5,15,4,16,4,16,4,17,5,17,5,18,5,18,5,19,6,19,6,19,6,19,6,19,7,19,8,19,8,19,8,20,9,20,9,20,9,20,9,20]"
CSI_DATA,45670,d8:b1:90:db:e8:90,-51,11,1,7,0,0,1,0,0,0,1,-94,0,8,0,714182528,0,100,0,128,1,"[100,-64,5,0,-15,-22,-15,-22,-15,-22,-15,-21,-15,-21,-15,-20,-16,-20,-16,-19,-17,-19,-17,-18,-18,-18,-18,-17,-18,-16,-18,-17,-18,-17,-18,-17,-18,-17,-18,-17,-18,-17,-17,-17,-17,-16,-16,-17,-16,-17,-15,-18,-14,-19,-4,-5,0,0,0,0,0,0,0,0,0,0,0,0,0,0,0,0,0,0,-3,-3,-11,-13,-10,-13,-10,-14,-10,-15,-10,-15,-10,-16,-10,-17,-11,-18,-10,-18,-10,-19,-10,-19,-10,-19,-10,-20,-11,-20,-11,-20,-11,-20,-11,-20,-11,-21,-12,-21,-12,-21,-13,-21,-13,-21,-13,-22,-14,-22,-14,-22,-14,-23]"
CSI_DATA,45671,d8:b1:90:db:e8:90,-51,11,1,7,0,0,1,0,0,0,1,-94,0,8,0,714192973,0,100,0,128,1,"[100,-64,5,0,15,20,15,20,15,20,15,19,15,19,16,18,16,18,17,17,17,16,17,16,17,16,18,15,18,15,18,15,18,15,18,15,18,15,18,15,17,15,17,15,17,15,16,15,15,16,14,17,14,18,3,4,0,0,0,0,0,0,0,0,0,0,0,0,0,0,0,0,0,0,2,2,11,11,10,12,10,12,9,13,9,14,10,14,11,15,11,16,11,16,11,17,11,17,10,18,10,18,11,18,11,18,11,18,11,18,11,19,12,19,13,19,13,19,14,19,14,20,14,20,14,20,14,21]"
CSI_DATA,45672,d8:b1:90:db:e8:90,-51,11,1,7,0,0,1,0,0,0,1,-94,0,8,0,714203086,0,100,0,128,1,"[100,-64,5,0,21,-12,21,-12,22,-12,21,-13,21,-14,20,-14,20,-14,19,-14,19,-14,19,-14,19,-14,19,-15,19,-15,18,-15,19,-15,19,-15,18,-14,18,-14,18,-14,18,-13,19,-13,19,-12,19,-11,19,-10,20,-10,5,-3,0,0,0,0,0,0,0,0,0,0,0,0,0,0,0,0,0,0,3,-3,12,-9,13,-8,13,-8,14,-8,15,-8,16,-8,16,-8,17,-7,17,-7,18,-7,19,-7,20,-7,20,-7,20,-7,20,-7,20,-7,20,-7,20,-8,21,-8,21,-9,22,-9,22,-10,22,-10,22,-11,23,-11,22,-11]"
CSI_DATA,45673,d8:b1:90:db:e8:90,-51,11,1,7,0,0,1,0,0,0,1,-94,0,8,0,714213243,0,100,0,128,1,"[100,-64,5,0,16,-15,16,-15,17,-15,16,-16,16,-16,16,-16,15,-16,15,-16,14,-16,14,-16,14,-16,14,-17,14,-17,14,-17,14,-17,14,-16,14,-16,14,-16,14,-15,14,-15,15,-15,15,-14,15,-13,15,-13,16,-12,4,-3,0,0,0,0,0,0,0,0,0,0,0,0,0,0,0,0,0,0,2,-3,9,-11,9,-10,10,-10,11,-10,12,-10,12,-10,13,-10,13,-10,14,-10,15,-10,15,-10,16,-10,16,-10,16,-10,16,-10,16,-11,16,-11,17,-11,17,-12,17,-12,17,-12,17,-13,18,-14,18,-14,18,-14,17,-15]"
CSI_DATA,45674,d8:b1:90:db:e8:90,-51,11,1,7,0,0,1,0,0,0,1,-94,0,8,0,714232378,0,100,0,128,1,"[100,-64,5,0,20,7,20,7,20,7,21,7,21,6,20,6,20,5,21,5,21,5,21,4,21,4,21,4,21,4,21,4,21,4,21,4,21,4,20,4,20,4,20,4,19,5,19,5,19,6,19,6,18,7,4,1,0,0,0,0,0,0,0,0,0,0,0,0,0,0,0,0,0,0,3,1,13,4,14,4,13,4,13,6,14,6,14,6,13,6,14,6,15,7,16,8,16,9,16,9,16,9,17,9,17,9,17,9,17,9,17,8,18,8,19,8,19,8,19,7,19,7,20,7,20,7,21,7]"
CSI_DATA,45675,d8:b1:90:db:e8:90,-51,11,1,7,0,0,1,0,0,0,1,-94,0,8,0,714256121,0,100,0,128,1,"[100,-64,5,0,-20,10,-20,10,-20,10,-19,10,-19,10,-19,10,-18,11,-18,11,-18,11,-18,11,-18,11,-18,12,-17,12,-17,12,-17,12,-17,12,-17,11,-17,11,-17,11,-17,10,-18,10,-18,9,-18,9,-18,8,-18,7,-5,1,0,0,0,0,0,0,0,0,0,0,0,0,0,0,0,0,0,0,-3,2,-12,7,-13,6,-13,6,-14,6,-14,6,-15,6,-16,6,-16,6,-17,5,-17,5,-17,5,-17,6,-18,5,-18,5,-18,5,-18,6,-18,6,-18,6,-19,7,-19,8,-19,9,-19,9,-19,9,-20,9,-20,9,-19,9]"
CSI_DATA,45676,d8:b1:90:db:e8:90,-51,11,1,7,0,0,1,0,0,0,1,-94,0,8,0,714270717,0,100,0,128,1,"[100,-64,5,0,5,22,5,22,5,22,5,22,5,21,6,21,6,20,6,20,7,20,7,19,8,19,9,19,9,19,9,19,9,19,9,19,9,19,8,19,8,19,8,19,8,19,7,19,7,19,6,19,5,20,1,5,0,0,0,0,0,0,0,0,0,0,0,0,0,0,0,0,0,0,1,3,4,13,4,13,3,14,3,15,3,15,2,16,2,16,1,16,1,17,1,17,1,18,2,18,2,19,2,19,2,19,2,20,2,20,2,20,3,20,3,20,4,21,4,21,4,21,5,21,5,22,5,22]"
CSI_DATA,45677,d8:b1:90:db:e8:90,-51,11,1,7,0,0,1,0,0,0,1,-94,0,8,0,714286247,0,100,0,128,1,"[100,-64,5,0,-13,19,-12,19,-12,19,-12,20,-12,20,-12,20,-11,20,-11,19,-10,19,-10,20,-10,20,-10,20,-9,20,-9,20,-9,20,-9,20,-9,20,-10,19,-10,19,-10,19,-10,18,-11,18,-12,18,-12,17,-13,17,-4,4,0,0,0,0,0,0,0,0,0,0,0,0,0,0,0,0,0,0,-2,3,-6,13,-7,13,-7,13,-8,13,-9,14,-9,14,-10,14,-11,15,-11,15,-12,15,-12,15,-13,15,-13,16,-13,16,-13,16,-13,16,-13,16,-13,17,-13,17,-13,17,-13,18,-13,18,-13,19,-13,20,-13,20,-13,20]"
CSI_DATA,45678,d8:b1:90:db:e8:90,-51,11,1,7,0,0,1,0,0,0,1,-94,0,8,0,714302174,0,100,0,128,1,"[100,-64,5,0,15,-21,14,-21,14,-21,13,-22,12,-22,12,-22,11,-22,10,-22,10,-22,9,-23,9,-23,9,-23,9,-23,9,-23,9,-23,8,-23,8,-23,9,-23,9,-23,9,-22,10,-22,10,-22,10,-21,10,-21,11,-20,3,-5,0,0,0,0,0,0,0,0,0,0,0,0,0,0,0,0,0,0,1,-4,7,-15,7,-15,8,-15,9,-15,10,-16,11,-16,11,-16,12,-16,13,-16,13,-16,14,-17,14,-17,14,-17,15,-17,15,-17,15,-17,15,-17,15,-18,15,-19,15,-19,15,-19,15,-20,15,-20,15,-20,15,-21,15,-21]"
CSI_DATA,45679,d8:b1:90:db:e8:90,-51,11,1,7,0,0,1,0,0,0,1,-94,0,8,0,714312320,0,100,0,128,1,"[100,-64,5,0,-22,-10,-22,-9,-22,-9,-22,-8,-22,-7,-22,-7,-22,-7,-22,-6,-22,-6,-22,-5,-22,-5,-23,-4,-23,-4,-22,-4,-22,-4,-22,-4,-22,-4,-22,-4,-22,-5,-22,-5,-22,-6,-21,-6,-21,-6,-21,-7,-20,-8,-5,-2,0,0,0,0,0,0,0,0,0,0,0,0,0,0,0,0,0,0,-4,-1,-15,-4,-15,-4,-16,-5,-16,-6,-16,-6,-16,-7,-16,-8,-17,-8,-17,-9,-17,-9,-18,-10,-18,-10,-18,-10,-18,-10,-18,-11,-18,-11,-18,-11,-19,-10,-19,-10,-20,-10,-21,-10,-21,-10,-21,-10,-21,-10,-21,-10,-22,-10]"
CSI_DATA,45680,d8:b1:90:db:e8:90,-51,11,1,7,0,0,1,0,0,0,1,-94,0,8,0,714322829,0,100,0,128,1,"[100,-64,5,0,-12,-18,-12,-18,-12,-18,-12,-17,-12,-16,-12,-16,-13,-15,-13,-15,-14,-15,-14,-14,-14,-14,-15,-13,-15,-13,-15,-13,-15,-13,-15,-13,-15,-13,-15,-14,-15,-14,-15,-14,-14,-14,-14,-14,-13,-14,-13,-15,-12,-16,-3,-4,0,0,0,0,0,0,0,0,0,0,0,0,0,0,0,0,0,0,-2,-3,-8,-10,-8,-11,-8,-11,-9,-12,-9,-12,-8,-13,-8,-15,-8,-15,-8,-15,-8,-16,-8,-16,-8,-16,-8,-17,-8,-17,-8,-17,-8,-17,-8,-17,-9,-17,-9,-17,-9,-17,-9,-17,-10,-17,-10,-18,-11,-18,-11,-18,-11,-18]"
CSI_DATA,45681,d8:b1:90:db:e8:90,-51,11,1,7,0,0,1,0,0,0,1,-94,0,8,0,714359462,0,100,0,128,1,"[100,-64,5,0,5,20,5,20,5,20,6,20,6,20,6,19,7,19,7,18,8,18,8,17,8,17,9,17,10,18,10,18,10,18,10,18,10,18,9,18,9,18,8,18,8,17,7,17,7,18,6,18,5,18,1,4,0,0,0,0,0,0,0,0,0,0,0,0,0,0,0,0,0,0,1,3,6,12,5,13,4,13,4,14,4,15,3,15,3,16,3,17,2,17,2,18,2,18,2,18,2,19,2,19,2,19,2,19,2,19,2,19,2,20,2,20,3,20,3,20,4,20,4,20,4,21,4,21]"
CSI_DATA,45682,d8:b1:90:db:e8:90,-51,11,1,7,0,0,1,0,0,0,1,-94,0,8,0,714373225,0,100,0,128,1,"[100,-64,5,0,2,23,2,22,2,22,2,22,3,22,3,21,4,21,5,21,6,21,6,20,6,20,7,20,7,20,7,20,7,20,7,20,7,20,7,20,6,20,6,20,5,20,5,19,4,20,3,20,2,20,0,5,0,0,0,0,0,0,0,0,0,0,0,0,0,0,0,0,0,0,1,3,4,14,3,14,2,15,2,15,1,16,1,16,1,17,0,17,0,18,-1,18,-1,18,-1,18,-1,19,-1,19,-1,20,0,20,0,20,0,20,0,20,1,20,1,21,1,21,1,22,1,22,1,22,1,22]"
CSI_DATA,45683,d8:b1:90:db:e8:90,-51,11,1,7,0,0,1,0,0,0,1,-94,0,8,0,714385805,0,100,0,128,1,"[100,-64,5,0,-27,3,-27,3,-26,4,-25,5,-25,5,-24,5,-24,6,-24,6,-23,7,-23,7,-23,8,-23,9,-23,10,-23,10,-22,10,-22,10,-22,10,-22,9,-22,9,-22,8,-22,8,-22,7,-22,7,-22,6,-22,5,-6,1,0,0,0,0,0,0,0,0,0,0,0,0,0,0,0,0,0,0,-4,1,-17,4,-17,3,-18,2,-19,2,-19,1,-20,1,-20,0,-21,0,-21,-1,-22,-1,-23,-1,-23,-1,-23,-1,-23,-2,-24,-2,-24,-2,-24,-1,-24,-1,-24,0,-24,0,-25,0,-25,0,-25,1,-26,2,-26,1,-26,1]"
CSI_DATA,45684,d8:b1:90:db:e8:90,-51,11,1,7,0,0,1,0,0,0,1,-94,0,8,0,714402437,0,100,0,128,1,"[100,-64,5,0,-17,17,-17,17,-16,17,-15,18,-14,18,-14,18,-13,18,-13,18,-12,18,-12,18,-12,18,-11,19,-11,19,-11,19,-11,19,-11,19,-10,19,-11,19,-11,18,-11,18,-11,18,-12,17,-13,16,-13,16,-14,15,-4,3,0,0,0,0,0,0,0,0,0,0,0,0,0,0,0,0,0,0,-2,3,-8,12,-9,12,-10,12,-11,11,-11,11,-12,12,-13,12,-13,12,-14,12,-15,12,-15,12,-16,12,-16,12,-16,12,-16,12,-17,12,-17,13,-17,13,-16,13,-16,14,-16,14,-16,15,-16,15,-17,15,-17,16,-17,16]"
CSI_DATA,45685,d8:b1:90:db:e8:90,-50,11,1,7,0,0,1,0,0,0,1,-94,0,8,0,714422089,0,100,0,128,1,"[100,-64,5,0,23,4,23,4,23,4,23,3,22,3,22,2,22,2,22,2,22,1,22,1,22,0,22,0,22,0,22,0,22,0,22,0,22,0,22,1,22,1,21,2,21,2,21,2,20,3,20,4,20,5,5,1,0,0,0,0,0,0,0,0,0,0,0,0,0,0,0,0,0,0,3,0,15,2,15,3,15,4,15,4,16,5,16,5,17,5,17,6,18,6,18,7,18,8,18,8,18,8,19,9,19,9,19,9,19,9,20,8,20,8,20,8,20,8,21,7,22,6,22,6,23,6,23,6]"
CSI_DATA,45686,d8:b1:90:db:e8:90,-51,11,1,7,0,0,1,0,0,0,1,-94,0,8,0,714432804,0,100,0,128,1,"[100,-64,5,0,-20,-10,-20,-10,-19,-9,-19,-8,-20,-8,-19,-7,-19,-7,-19,-6,-19,-6,-19,-6,-19,-5,-19,-5,-19,-5,-19,-5,-20,-5,-20,-5,-20,-5,-20,-6,-19,-6,-19,-6,-19,-6,-18,-7,-18,-7,-18,-8,-17,-9,-5,-3,0,0,0,0,0,0,0,0,0,0,0,0,0,0,0,0,0,0,-4,-1,-13,-4,-13,-5,-14,-5,-14,-5,-13,-6,-13,-8,-14,-8,-15,-9,-15,-10,-16,-10,-16,-10,-15,-11,-15,-11,-15,-11,-16,-11,-16,-12,-16,-11,-17,-11,-18,-11,-18,-11,-18,-11,-18,-11,-19,-10,-19,-10,-19,-10,-19,-10]"
CSI_DATA,45687,d8:b1:90:db:e8:90,-51,11,1,7,0,0,1,0,0,0,1,-94,0,8,0,714460254,0,100,0,128,1,"[100,-64,5,0,-17,-17,-17,-17,-17,-17,-17,-16,-17,-16,-17,-15,-17,-15,-17,-14,-17,-14,-17,-13,-18,-13,-18,-13,-18,-12,-18,-13,-18,-12,-18,-12,-18,-12,-18,-12,-17,-12,-17,-12,-17,-12,-16,-12,-16,-13,-16,-14,-15,-14,-4,-4,0,0,0,0,0,0,0,0,0,0,0,0,0,0,0,0,0,0,-3,-2,-12,-9,-12,-9,-12,-11,-12,-11,-12,-12,-12,-12,-12,-13,-12,-13,-12,-14,-12,-15,-12,-15,-12,-16,-12,-16,-12,-16,-13,-17,-13,-17,-13,-17,-14,-17,-14,-17,-14,-16,-15,-16,-15,-16,-16,-16,-16,-16,-16,-17,-16,-17]"
CSI_DATA,45688,d8:b1:90:db:e8:90,-51,11,1,7,0,0,1,0,0,0,1,-94,0,8,0,714471158,0,100,0,128,1,"[100,-64,5,0,23,5,23,5,22,5,22,4,21,4,21,3,21,3,21,2,21,1,21,1,21,0,22,0,22,0,22,0,22,0,22,0,21,1,21,1,21,1,20,1,20,1,20,2,20,2,20,3,19,4,4,1,0,0,0,0,0,0,0,0,0,0,0,0,0,0,0,0,0,0,3,0,14,3,14,3,15,3,15,4,16,4,16,5,16,5,17,6,17,7,18,7,18,7,18,7,19,7,19,7,19,8,19,7,19,7,20,7,20,7,20,7,21,7,21,7,21,7,22,7,22,7,22,6]"
CSI_DATA,45689,d8:b1:90:db:e8:90,-51,11,1,7,0,0,1,0,0,0,1,-94,0,8,0,714482266,0,100,0,128,1,"[100,-64,5,0,15,-19,15,-19,14,-19,14,-19,13,-19,13,-19,12,-19,11,-20,10,-20,10,-20,10,-20,9,-20,9,-20,9,-21,9,-21,9,-20,9,-20,9,-20,9,-19,9,-19,9,-19,10,-18,11,-18,11,-18,12,-17,3,-5,0,0,0,0,0,0,0,0,0,0,0,0,0,0,0,0,0,0,1,-4,7,-14,7,-14,8,-13,9,-13,10,-14,11,-14,12,-14,12,-14,13,-15,14,-14,14,-14,15,-14,15,-14,15,-15,15,-15,15,-16,15,-16,15,-16,15,-16,15,-16,15,-17,15,-17,15,-17,15,-18,16,-18,16,-18]"
CSI_DATA,45690,d8:b1:90:db:e8:90,-50,11,1,7,0,0,1,0,0,0,1,-94,0,8,0,714492960,0,100,0,128,1,"[100,-64,5,0,10,-23,10,-23,9,-22,8,-22,8,-22,7,-22,7,-23,6,-23,5,-23,5,-23,5,-23,4,-23,4,-23,4,-23,3,-23,3,-22,3,-22,4,-22,4,-22,4,-22,4,-21,5,-21,6,-21,7,-21,8,-20,2,-5,0,0,0,0,0,0,0,0,0,0,0,0,0,0,0,0,0,0,0,-4,3,-15,4,-15,5,-15,6,-16,6,-16,7,-16,7,-17,8,-17,9,-18,10,-18,10,-18,11,-18,11,-18,11,-18,10,-19,10,-19,10,-20,10,-20,10,-20,10,-20,10,-20,10,-21,10,-21,11,-21,11,-22,11,-22]"
CSI_DATA,45691,d8:b1:90:db:e8:90,-51,11,1,7,0,0,1,0,0,0,1,-94,0,8,0,714504291,0,100,0,128,1,"[100,-64,5,0,-19,15,-19,15,-18,16,-17,16,-16,17,-16,17,-15,17,-15,17,-14,17,-14,17,-14,17,-14,17,-14,18,-13,18,-14,18,-14,18,-14,18,-14,17,-14,17,-13,17,-13,16,-14,16,-14,15,-15,15,-16,14,-4,3,0,0,0,0,0,0,0,0,0,0,0,0,0,0,0,0,0,0,-3,2,-11,11,-11,11,-12,11,-12,11,-13,11,-14,11,-15,11,-15,11,-16,11,-17,11,-17,11,-17,11,-18,11,-18,11,-17,11,-17,11,-18,12,-18,12,-18,12,-18,12,-18,13,-19,13,-19,14,-19,14,-19,14,-20,14]"
CSI_DATA,45692,d8:b1:90:db:e8:90,-50,11,1,7,0,0,1,0,0,0,1,-94,0,8,0,714525536,0,100,0,128,1,"[100,-64,5,0,-10,-21,-10,-22,-10,-20,-11,-20,-11,-20,-11,-19,-12,-19,-13,-19,-13,-18,-13,-18,-13,-18,-14,-17,-14,-17,-14,-17,-14,-17,-13,-17,-13,-17,-13,-18,-13,-18,-13,-17,-12,-17,-12,-16,-12,-16,-11,-18,-9,-18,-3,-5,0,0,0,0,0,0,0,0,0,0,0,0,0,0,0,0,0,0,-2,-4,-7,-13,-7,-13,-7,-13,-6,-14,-6,-15,-6,-15,-6,-16,-6,-17,-5,-18,-6,-18,-6,-18,-6,-18,-5,-19,-5,-19,-5,-19,-5,-19,-6,-19,-6,-19,-6,-20,-6,-20,-7,-20,-7,-21,-8,-21,-8,-21,-8,-21,-8,-21]"
CSI_DATA,45693,d8:b1:90:db:e8:90,-50,11,1,7,0,0,1,0,0,0,1,-94,0,8,0,714542270,0,100,0,128,1,"[100,-64,5,0,-6,24,-6,24,-6,24,-6,24,-6,23,-5,23,-4,23,-2,23,-1,22,-1,22,0,22,2,22,3,22,3,23,3,22,4,22,4,22,3,22,3,21,2,21,1,21,0,21,0,21,-2,21,-3,21,-1,5,0,0,0,0,0,0,0,0,0,0,0,0,0,0,0,0,0,0,0,3,1,14,0,15,-1,15,-1,16,-2,16,-3,17,-4,17,-4,18,-5,18,-6,18,-6,19,-7,19,-7,19,-8,19,-8,19,-8,19,-8,20,-8,20,-8,21,-7,21,-8,21,-7,22,-5,22,-5,22,-5,23,-5,23]"
CSI_DATA,45694,d8:b1:90:db:e8:90,-50,11,1,7,0,0,1,0,0,0,1,-94,0,8,0,714567622,0,100,0,128,1,"[100,-64,5,0,-2,-23,-2,-23,-2,-23,-2,-22,-3,-22,-3,-22,-3,-22,-4,-22,-5,-22,-5,-21,-6,-21,-6,-21,-7,-21,-7,-21,-7,-21,-7,-21,-7,-20,-7,-20,-6,-20,-6,-20,-6,-20,-6,-20,-5,-19,-3,-19,-2,-18,-1,-5,0,0,0,0,0,0,0,0,0,0,0,0,0,0,0,0,0,0,-1,-4,-3,-14,-3,-14,-3,-15,-3,-16,-2,-16,-1,-17,-1,-17,0,-18,0,-19,0,-19,1,-20,1,-20,1,-20,2,-20,1,-20,1,-20,1,-20,1,-20,0,-21,0,-21,0,-21,0,-22,-1,-22,-1,-22,-1,-23,-1,-23]"
CSI_DATA,45695,d8:b1:90:db:e8:90,-50,11,1,7,0,0,1,0,0,0,1,-94,0,8,0,714578011,0,100,0,128,1,"[100,-64,5,0,6,-24,6,-24,5,-23,5,-23,5,-23,4,-23,3,-23,3,-23,2,-23,2,-23,1,-23,1,-23,0,-23,0,-23,0,-23,0,-23,0,-23,0,-23,0,-23,0,-23,0,-22,1,-22,2,-21,3,-20,4,-19,1,-5,0,0,0,0,0,0,0,0,0,0,0,0,0,0,0,0,0,0,0,-4,1,-15,2,-16,3,-16,3,-16,4,-16,4,-17,5,-18,6,-18,6,-19,7,-19,8,-19,8,-19,8,-19,8,-19,8,-19,8,-19,8,-20,8,-20,7,-21,7,-21,7,-22,7,-22,6,-22,6,-22,6,-23,7,-24]"
CSI_DATA,45696,d8:b1:90:db:e8:90,-50,11,1,7,0,0,1,0,0,0,1,-94,0,8,0,714590957,0,100,0,128,1,"[100,-64,5,0,-23,-10,-23,-10,-23,-10,-23,-9,-23,-9,-23,-9,-23,-8,-23,-6,-23,-5,-23,-5,-23,-4,-23,-3,-23,-3,-23,-3,-23,-4,-23,-4,-23,-4,-23,-4,-22,-4,-22,-4,-22,-4,-22,-5,-22,-6,-21,-6,-21,-7,-6,-2,0,0,0,0,0,0,0,0,0,0,0,0,0,0,0,0,0,0,-4,-1,-15,-4,-15,-5,-16,-6,-16,-6,-17,-7,-17,-7,-17,-8,-17,-9,-18,-10,-18,-10,-19,-11,-19,-11,-19,-11,-19,-12,-19,-12,-20,-12,-20,-12,-20,-12,-20,-12,-20,-11,-20,-12,-21,-12,-22,-11,-23,-11,-23,-11,-22,-11]"
CSI_DATA,45697,d8:b1:90:db:e8:90,-50,11,1,7,0,0,1,0,0,0,1,-94,0,8,0,714603427,0,100,0,128,1,"[100,-64,5,0,21,-12,21,-12,21,-12,20,-13,20,-13,19,-14,19,-14,19,-14,18,-14,18,-14,18,-15,17,-15,17,-15,17,-15,17,-15,17,-15,17,-14,17,-14,17,-14,17,-14,17,-14,17,-13,17,-12,18,-12,18,-11,4,-3,0,0,0,0,0,0,0,0,0,0,0,0,0,0,0,0,0,0,3,-3,12,-9,12,-9,13,-9,13,-8,14,-8,15,-8,16,-8,17,-8,18,-8,18,-8,18,-8,19,-7,19,-7,19,-7,19,-8,19,-8,20,-9,20,-9,20,-10,20,-10,20,-11,20,-11,20,-11,21,-11,21,-11,21,-11]"
CSI_DATA,45698,d8:b1:90:db:e8:90,-50,11,1,7,0,0,1,0,0,0,1,-94,0,8,0,714623562,0,100,0,128,1,"[100,-64,5,0,-1,22,-1,22,0,22,0,22,1,21,1,21,2,21,2,21,2,21,2,20,2,20,2,20,3,20,3,20,3,20,3,20,3,20,2,20,2,19,2,19,2,19,1,19,0,19,0,19,-1,19,-1,4,0,0,0,0,0,0,0,0,0,0,0,0,0,0,0,0,0,0,0,3,2,13,1,13,1,14,0,14,0,15,-1,15,-1,16,-1,17,-2,17,-2,18,-3,18,-3,18,-3,18,-3,18,-3,19,-3,19,-3,19,-2,19,-1,20,-1,20,-1,20,-1,21,-1,21,-1,21,0,21,0,21]"
CSI_DATA,45699,d8:b1:90:db:e8:90,-50,11,1,7,0,0,1,0,0,0,1,-94,0,8,0,714642322,0,100,0,128,1,"[100,-64,5,0,-2,-21,-3,-22,-3,-22,-3,-22,-4,-21,-4,-21,-4,-21,-5,-21,-5,-21,-6,-21,-6,-21,-6,-20,-7,-20,-7,-20,-7,-20,-7,-20,-7,-20,-7,-20,-6,-20,-6,-20,-6,-20,-5,-20,-5,-20,-4,-20,-3,-20,-1,-5,0,0,0,0,0,0,0,0,0,0,0,0,0,0,0,0,0,0,-2,-4,-4,-14,-4,-14,-3,-14,-2,-15,-1,-15,-1,-16,0,-17,0,-17,0,-18,0,-18,1,-18,1,-19,1,-19,1,-19,1,-20,0,-20,0,-20,0,-20,-1,-20,-1,-20,-1,-21,-1,-21,-1,-21,-1,-22,-1,-22,-1,-22]"
CSI_DATA,45700,d8:b1:90:db:e8:90,-51,11,1,7,0,0,1,0,0,0,1,-94,0,8,0,714663367,0,100,0,128,1,"[100,-64,5,0,16,-17,16,-17,16,-17,15,-17,15,-17,14,-17,14,-18,13,-18,12,-18,12,-18,12,-19,11,-19,10,-20,10,-20,11,-20,11,-20,11,-19,11,-19,11,-19,11,-18,12,-18,12,-18,13,-17,13,-16,14,-16,3,-4,0,0,0,0,0,0,0,0,0,0,0,0,0,0,0,0,0,0,2,-3,8,-12,9,-12,9,-12,10,-11,11,-11,11,-11,12,-12,12,-13,13,-13,14,-13,14,-12,15,-12,15,-12,15,-13,15,-13,15,-14,15,-14,15,-14,15,-14,15,-14,15,-15,15,-15,15,-15,16,-15,16,-16,16,-15]"
CSI_DATA,45701,d8:b1:90:db:e8:90,-51,11,1,7,0,0,1,0,0,0,1,-94,0,8,0,714678671,0,100,0,128,1,"[100,-64,5,0,6,22,5,22,6,22,7,21,8,21,8,21,8,21,8,20,8,20,8,19,9,19,9,19,9,19,10,19,10,19,10,19,10,19,9,19,9,19,8,19,8,19,7,19,6,19,6,20,5,20,1,5,0,0,0,0,0,0,0,0,0,0,0,0,0,0,0,0,0,0,1,3,6,12,5,12,5,13,5,14,4,14,4,15,4,16,4,17,4,18,3,18,3,19,2,19,2,19,2,19,2,20,2,20,2,20,2,20,3,20,3,21,3,21,3,21,4,21,4,21,5,21,5,22]"
CSI_DATA,45702,d8:b1:90:db:e8:90,-51,11,1,7,0,0,1,0,0,0,1,-94,0,8,0,714693908,0,100,0,128,1,"[100,-64,5,0,-2,-24,-2,-24,-3,-24,-4,-23,-4,-23,-5,-22,-5,-22,-5,-22,-6,-22,-6,-22,-6,-22,-6,-22,-6,-22,-6,-22,-6,-22,-6,-21,-6,-21,-5,-21,-5,-21,-4,-21,-4,-21,-3,-21,-3,-21,-3,-22,-2,-22,-1,-6,0,0,0,0,0,0,0,0,0,0,0,0,0,0,0,0,0,0,-1,-4,-2,-15,-2,-15,-2,-15,-2,-16,-1,-16,-1,-17,0,-17,0,-18,1,-18,1,-19,1,-19,1,-20,2,-20,2,-21,1,-21,0,-21,0,-21,0,-21,0,-22,0,-22,0,-22,0,-23,-1,-22,-2,-22,-2,-23,-2,-24]"
CSI_DATA,45703,d8:b1:90:db:e8:90,-51,11,1,7,0,0,1,0,0,0,1,-94,0,8,0,714712449,0,100,0,128,1,"[100,-64,5,0,-23,5,-23,4,-23,4,-23,4,-23,5,-22,5,-22,5,-21,6,-21,7,-21,7,-21,7,-20,8,-20,9,-20,9,-20,8,-20,8,-21,8,-21,7,-21,7,-20,8,-20,8,-21,7,-21,6,-21,5,-21,4,-6,0,0,0,0,0,0,0,0,0,0,0,0,0,0,0,0,0,0,0,-4,0,-15,3,-15,2,-16,2,-16,2,-16,2,-17,2,-18,2,-19,2,-20,1,-20,1,-20,1,-19,1,-20,1,-20,1,-21,1,-22,1,-22,1,-22,2,-22,3,-21,3,-22,4,-22,4,-22,4,-23,4,-23,4,-23,4]"
CSI_DATA,45704,d8:b1:90:db:e8:90,-51,11,1,7,0,0,1,0,0,0,1,-94,0,8,0,714733913,0,100,0,128,1,"[100,-64,5,0,-21,-8,-21,-8,-21,-8,-21,-8,-21,-7,-20,-7,-20,-6,-20,-6,-20,-5,-20,-5,-20,-5,-20,-4,-20,-4,-20,-4,-20,-5,-20,-5,-20,-5,-19,-5,-19,-5,-19,-6,-19,-6,-19,-7,-19,-7,-18,-8,-18,-9,-5,-3,0,0,0,0,0,0,0,0,0,0,0,0,0,0,0,0,0,0,-4,-1,-14,-4,-13,-4,-14,-5,-14,-5,-13,-5,-14,-6,-14,-7,-14,-8,-15,-10,-15,-11,-15,-10,-16,-11,-16,-11,-16,-11,-16,-10,-17,-10,-17,-10,-17,-10,-18,-10,-19,-9,-19,-9,-19,-9,-19,-9,-19,-9,-19,-9,-20,-9]"
CSI_DATA,45705,d8:b1:90:db:e8:90,-51,11,1,7,0,0,1,0,0,0,1,-94,0,8,0,714764675,0,100,0,128,1,"[100,-64,5,0,12,20,12,19,12,19,13,19,13,18,13,18,14,17,14,17,14,16,14,16,14,15,15,15,15,15,15,15,15,15,15,15,15,15,14,15,14,15,14,15,14,15,13,15,12,16,12,16,11,17,2,4,0,0,0,0,0,0,0,0,0,0,0,0,0,0,0,0,0,0,2,2,10,10,10,11,9,12,9,12,9,13,9,13,9,14,9,15,9,15,9,16,8,17,8,17,8,18,8,18,9,19,9,19,9,19,10,19,10,19,11,18,11,18,12,19,12,19,12,19,12,19,12,19]"
CSI_DATA,45706,d8:b1:90:db:e8:90,-51,11,1,7,0,0,1,0,0,0,1,-94,0,8,0,714776554,0,100,0,128,1,"[100,-64,5,0,20,16,20,16,20,16,20,16,20,15,20,15,20,14,20,13,20,13,21,12,21,11,22,10,22,10,22,10,22,11,22,11,22,11,22,11,21,12,21,11,20,11,20,12,20,12,19,13,19,14,4,3,0,0,0,0,0,0,0,0,0,0,0,0,0,0,0,0,0,0,3,2,13,9,13,10,13,11,13,12,13,12,14,13,14,13,14,13,15,14,15,15,15,16,15,16,15,16,15,17,16,17,16,16,16,16,17,16,18,16,18,16,18,16,19,16,19,16,20,16,20,16,20,16]"
CSI_DATA,45707,d8:b1:90:db:e8:90,-50,11,1,7,0,0,1,0,0,0,1,-94,0,8,0,714787434,0,100,0,128,1,"[100,-64,5,0,23,-4,23,-4,23,-4,23,-5,22,-5,22,-5,21,-6,21,-7,21,-7,21,-8,20,-9,20,-10,19,-10,20,-10,20,-10,20,-10,20,-10,20,-9,19,-9,19,-8,19,-8,19,-7,20,-7,20,-6,20,-5,5,-2,0,0,0,0,0,0,0,0,0,0,0,0,0,0,0,0,0,0,3,-2,14,-6,14,-6,15,-5,15,-4,16,-4,17,-4,18,-3,18,-3,19,-3,19,-2,20,-2,20,-2,20,-2,20,-2,21,-2,21,-2,21,-2,21,-2,21,-2,21,-2,21,-3,22,-3,22,-3,23,-3,23,-3,23,-3]"
CSI_DATA,45708,d8:b1:90:db:e8:90,-51,11,1,7,0,0,1,0,0,0,1,-94,0,8,0,714802335,0,100,0,128,1,"[100,-64,5,0,0,-24,0,-24,0,-24,0,-24,-1,-23,-1,-23,-2,-23,-3,-23,-4,-23,-4,-23,-5,-22,-6,-22,-6,-22,-6,-22,-5,-22,-5,-22,-5,-22,-5,-23,-4,-22,-4,-22,-3,-22,-3,-21,-2,-22,-1,-22,-1,-22,0,-6,0,0,0,0,0,0,0,0,0,0,0,0,0,0,0,0,0,0,-2,-4,-5,-15,-4,-15,-3,-16,-3,-17,-2,-17,-2,-18,-1,-18,-1,-19,0,-19,0,-20,0,-20,0,-21,0,-21,1,-21,1,-22,1,-22,1,-22,1,-22,1,-22,1,-22,1,-22,0,-22,0,-23,0,-23,0,-23,0,-24]"
CSI_DATA,45709,d8:b1:90:db:e8:90,-51,11,1,7,0,0,1,0,0,0,1,-94,0,8,0,714822287,0,100,0,128,1,"[100,-64,5,0,-2,23,-2,23,-2,23,-2,23,-1,22,-1,22,0,22,0,21,1,21,1,21,1,21,1,21,1,21,2,22,2,22,2,22,1,22,1,21,1,21,1,21,0,21,0,20,-1,20,-2,20,-3,20,-1,5,0,0,0,0,0,0,0,0,0,0,0,0,0,0,0,0,0,0,-1,3,-1,14,-2,14,-2,14,-2,15,-3,15,-3,16,-3,17,-3,18,-4,18,-5,18,-6,19,-6,19,-6,19,-6,19,-6,20,-5,20,-5,20,-5,21,-4,21,-4,21,-4,21,-4,21,-4,22,-4,22,-4,22,-3,22]"
CSI_DATA,45710,d8:b1:90:db:e8:90,-50,11,1,7,0,0,1,0,0,0,1,-94,0,8,0,714834454,0,100,0,128,1,"[100,-64,5,0,-6,-22,-6,-21,-6,-21,-6,-21,-6,-20,-7,-20,-7,-20,-8,-20,-8,-20,-8,-20,-9,-19,-9,-19,-9,-19,-9,-20,-9,-19,-9,-19,-8,-19,-8,-19,-8,-19,-7,-19,-7,-19,-6,-19,-5,-19,-5,-19,-4,-20,-1,-5,0,0,0,0,0,0,0,0,0,0,0,0,0,0,0,0,0,0,-2,-4,-6,-14,-6,-14,-6,-14,-5,-15,-5,-15,-5,-16,-4,-17,-4,-17,-4,-17,-4,-19,-3,-19,-3,-19,-3,-19,-3,-20,-3,-20,-3,-20,-3,-20,-4,-20,-4,-20,-5,-21,-5,-21,-5,-21,-5,-21,-5,-21,-5,-21,-6,-22]"
CSI_DATA,45711,d8:b1:90:db:e8:90,-51,11,1,7,0,0,1,0,0,0,1,-94,0,8,0,714856226,0,100,0,128,1,"[100,-64,5,0,-9,-25,-8,-25,-8,-25,-9,-24,-9,-24,-9,-23,-10,-23,-11,-23,-12,-22,-12,-22,-12,-22,-13,-22,-13,-22,-14,-21,-13,-22,-13,-22,-13,-21,-13,-21,-12,-21,-12,-21,-11,-21,-10,-21,-9,-22,-9,-22,-8,-23,-2,-6,0,0,0,0,0,0,0,0,0,0,0,0,0,0,0,0,0,0,-2,-4,-5,-16,-5,-17,-6,-17,-6,-18,-5,-18,-5,-19,-5,-19,-5,-20,-5,-21,-5,-22,-4,-22,-4,-23,-4,-24,-4,-24,-4,-23,-5,-23,-5,-23,-6,-23,-7,-23,-8,-23,-8,-24,-8,-24,-8,-25,-7,-25,-7,-25,-7,-25]"
CSI_DATA,45712,d8:b1:90:db:e8:90,-51,11,1,7,0,0,1,0,0,0,1,-94,0,8,0,714867045,0,100,0,128,1,"[100,-64,5,0,21,-7,21,-6,22,-6,21,-7,21,-7,21,-7,20,-8,20,-9,19,-9,19,-9,19,-10,19,-10,19,-10,19,-10,19,-10,19,-10,19,-10,19,-9,19,-9,19,-8,19,-8,19,-7,19,-7,19,-6,20,-5,5,-2,0,0,0,0,0,0,0,0,0,0,0,0,0,0,0,0,0,0,3,-2,14,-6,14,-6,14,-6,15,-6,15,-5,16,-5,16,-5,17,-5,18,-4,19,-4,19,-4,19,-4,20,-4,20,-4,20,-4,19,-4,19,-4,20,-5,20,-6,20,-6,20,-6,21,-6,21,-6,21,-6,21,-6,22,-6]"
CSI_DATA,45713,d8:b1:90:db:e8:90,-51,11,1,7,0,0,1,0,0,0,1,-94,0,8,0,714887539,0,100,0,128,1,"[100,-64,5,0,-15,-23,-15,-23,-14,-23,-15,-22,-15,-22,-16,-21,-16,-21,-16,-20,-16,-20,-17,-20,-17,-19,-18,-19,-18,-19,-18,-19,-18,-19,-18,-18,-18,-18,-18,-18,-17,-18,-17,-18,-16,-18,-16,-18,-14,-18,-12,-19,-11,-20,-3,-5,0,0,0,0,0,0,0,0,0,0,0,0,0,0,0,0,0,0,-3,-4,-10,-14,-10,-14,-10,-15,-10,-16,-10,-17,-10,-17,-9,-18,-9,-19,-9,-20,-9,-21,-9,-21,-9,-22,-9,-22,-9,-22,-9,-22,-10,-22,-10,-22,-10,-23,-10,-23,-11,-23,-12,-23,-12,-23,-13,-23,-13,-23,-13,-23,-13,-23]"
CSI_DATA,45714,d8:b1:90:db:e8:90,-51,11,1,7,0,0,1,0,0,0,1,-94,0,8,0,714898637,0,100,0,128,1,"[100,-64,5,0,1,25,1,25,2,25,2,25,3,24,3,24,4,24,5,23,5,23,5,23,6,23,6,23,7,23,7,23,6,23,6,23,6,23,5,23,5,23,5,23,5,22,4,22,3,22,3,22,2,22,0,5,0,0,0,0,0,0,0,0,0,0,0,0,0,0,0,0,0,0,1,3,5,14,5,15,4,16,4,17,3,17,2,18,2,19,1,20,1,21,0,21,0,21,-1,21,-1,22,-1,22,-1,22,-1,23,0,23,0,23,-1,23,-1,24,-1,24,0,24,1,25,1,25,1,25,2,25]"
CSI_DATA,45715,d8:b1:90:db:e8:90,-51,11,1,7,0,0,1,0,0,0,1,-94,0,8,0,714912586,0,100,0,128,1,"[100,-64,5,0,16,15,16,15,17,15,17,14,17,13,17,13,18,12,18,12,17,12,17,11,18,11,18,11,18,11,18,11,18,11,18,11,18,11,18,11,17,11,17,11,17,11,16,12,16,13,15,13,15,14,3,3,0,0,0,0,0,0,0,0,0,0,0,0,0,0,0,0,0,0,2,2,11,9,11,9,11,10,12,10,12,11,12,11,12,12,12,12,12,13,12,14,12,14,12,15,12,15,12,16,13,16,12,16,13,16,13,16,14,15,15,15,15,15,15,15,16,15,16,16,16,15,16,15]"
CSI_DATA,45716,d8:b1:90:db:e8:90,-51,11,1,7,0,0,1,0,0,0,1,-94,0,8,0,714932588,0,100,0,128,1,"[100,-64,5,0,18,-15,18,-15,17,-15,16,-16,16,-16,15,-16,15,-16,15,-17,14,-17,14,-17,13,-17,13,-17,13,-17,13,-17,13,-17,13,-17,13,-17,14,-16,14,-16,14,-16,14,-16,14,-15,15,-15,15,-14,15,-14,4,-4,0,0,0,0,0,0,0,0,0,0,0,0,0,0,0,0,0,0,2,-3,11,-10,11,-10,11,-11,12,-11,12,-11,13,-11,14,-11,14,-10,15,-10,16,-10,16,-11,17,-11,17,-11,17,-10,18,-10,18,-11,18,-11,18,-11,17,-12,17,-13,18,-13,18,-14,18,-14,18,-14,18,-14,18,-14]"
