CSI_DATA,97681,d8:b1:90:db:e8:90,-51,11,1,7,0,0,1,0,0,0,1,-95,0,4,0,1482587450,0,100,0,128,1,"[100,-64,5,0,-13,21,-13,21,-12,20,-11,20,-10,20,-10,20,-9,20,-8,20,-7,21,-7,21,-7,21,-6,21,-6,22,-6,22,-6,22,-6,22,-6,21,-6,21,-7,21,-8,20,-8,20,-9,20,-10,19,-11,18,-12,18,-4,4,0,0,0,0,0,0,0,0,0,0,0,0,0,0,0,0,0,0,-3,3,-10,15,-11,15,-12,15,-12,14,-13,15,-14,15,-15,15,-15,16,-16,16,-17,16,-17,16,-18,16,-18,16,-18,16,-18,17,-18,17,-17,18,-17,18,-17,18,-17,18,-16,19,-16,19,-16,20,-16,20,-15,20,-15,20]"
CSI_DATA,97682,d8:b1:90:db:e8:90,-52,11,1,7,0,0,1,0,0,0,1,-95,0,4,0,1482606360,0,100,0,128,1,"[100,-64,5,0,25,0,25,0,24,-1,24,-1,23,-2,23,-3,22,-4,22,-5,22,-5,22,-6,22,-6,22,-6,22,-7,23,-7,23,-7,22,-6,22,-6,22,-6,22,-5,22,-4,22,-3,22,-2,22,-1,22,1,21,2,5,0,0,0,0,0,0,0,0,0,0,0,0,0,0,0,0,0,0,0,4,-1,19,-2,19,-1,19,0,20,1,20,2,21,2,22,3,22,4,23,4,23,5,24,5,24,5,24,5,24,6,25,5,25,5,25,5,25,4,25,4,25,4,26,3,26,3,26,2,26,2,26,2,26,1]"
CSI_DATA,97683,d8:b1:90:db:e8:90,-51,11,1,7,0,0,1,0,0,0,1,-95,0,4,0,1482618149,0,100,0,128,1,"[100,-64,5,0,24,-3,23,-3,23,-3,22,-4,22,-4,22,-5,22,-6,21,-6,21,-6,21,-7,21,-7,21,-8,21,-8,21,-8,21,-8,21,-8,22,-7,21,-7,21,-7,21,-7,21,-6,21,-5,21,-4,21,-3,21,-1,5,-1,0,0,0,0,0,0,0,0,0,0,0,0,0,0,0,0,0,0,4,-2,16,-5,17,-4,18,-4,18,-3,19,-3,20,-2,20,-1,21,0,22,0,22,1,23,1,23,2,23,2,24,2,24,2,24,1,24,1,24,1,24,1,24,0,24,0,24,-1,25,0,25,-1,25,-1,25,-2]"
CSI_DATA,97694,d8:b1:90:db:e8:90,-51,11,1,7,0,0,1,0,0,0,1,-95,0,4,0,1482790901,0,100,0,128,1,"[100,-64,5,0,-23,-17,-23,-17,-22,-16,-22,-15,-23,-14,-23,-13,-23,-12,-23,-12,-23,-11,-24,-10,-24,-10,-24,-10,-25,-10,-25,-10,-25,-10,-25,-10,-25,-10,-24,-10,-24,-11,-23,-11,-22,-11,-22,-12,-22,-12,-21,-14,-20,-15,-5,-4,0,0,0,0,0,0,0,0,0,0,0,0,0,0,0,0,0,0,-5,-3,-19,-11,-19,-12,-18,-13,-18,-14,-18,-15,-18,-15,-19,-16,-19,-16,-19,-17,-19,-18,-19,-19,-19,-20,-19,-20,-19,-20,-19,-20,-19,-20,-20,-19,-20,-19,-20,-19,-20,-19,-21,-19,-21,-19,-21,-19,-22,-18,-22,-18,-23,-18]"
CSI_DATA,97695,d8:b1:90:db:e8:90,-51,11,1,7,0,0,1,0,0,0,1,-95,0,4,0,1482801706,0,100,0,128,1,"[100,-64,5,0,-28,-6,-27,-5,-27,-4,-26,-4,-26,-3,-26,-2,-26,-1,-25,-1,-25,0,-25,1,-25,1,-25,1,-25,1,-25,2,-26,2,-26,1,-26,1,-25,0,-25,0,-24,-1,-24,-1,-24,-2,-23,-2,-23,-4,-23,-5,-6,-2,0,0,0,0,0,0,0,0,0,0,0,0,0,0,0,0,0,0,-6,-1,-23,-1,-23,-3,-23,-4,-23,-4,-23,-5,-24,-5,-24,-6,-25,-6,-25,-7,-26,-8,-26,-9,-26,-10,-26,-10,-26,-10,-26,-10,-26,-9,-26,-9,-26,-9,-26,-9,-26,-8,-26,-8,-27,-8,-27,-7,-27,-7,-27,-7,-28,-7]"
CSI_DATA,97696,d8:b1:90:db:e8:90,-51,11,1,7,0,0,1,0,0,0,1,-95,0,4,0,1482814973,0,100,0,128,1,"[100,-64,5,0,20,12,20,11,19,10,19,10,19,9,19,9,19,8,19,7,19,7,20,6,20,6,21,6,21,6,21,6,21,6,21,7,20,7,20,8,20,8,19,8,19,9,18,9,18,10,17,11,17,12,4,3,0,0,0,0,0,0,0,0,0,0,0,0,0,0,0,0,0,0,4,1,16,7,15,8,15,10,15,10,15,11,16,12,16,12,16,13,16,14,16,14,16,14,16,15,16,15,16,15,17,15,17,15,17,15,18,14,18,14,18,14,18,13,19,13,19,13,20,13,20,13,20,13]"
CSI_DATA,97697,d8:b1:90:db:e8:90,-51,11,1,7,0,0,1,0,0,0,1,-95,0,4,0,1482838141,0,100,0,128,1,"[100,-64,5,0,-21,16,-20,17,-19,17,-19,17,-18,17,-18,18,-17,18,-17,18,-16,19,-16,19,-16,19,-16,20,-16,20,-16,20,-16,20,-17,20,-17,20,-17,20,-17,19,-18,18,-18,17,-18,17,-19,16,-19,15,-20,14,-5,3,0,0,0,0,0,0,0,0,0,0,0,0,0,0,0,0,0,0,-4,3,-16,14,-17,14,-18,13,-18,13,-19,12,-20,12,-21,13,-22,13,-23,13,-23,13,-23,13,-23,12,-24,13,-23,12,-23,12,-23,13,-23,13,-23,14,-23,14,-23,15,-23,16,-23,16,-23,16,-23,16,-22,16,-22,17]"
CSI_DATA,97698,d8:b1:90:db:e8:90,-51,11,1,7,0,0,1,0,0,0,1,-95,0,4,0,1482849106,0,100,0,128,1,"[100,-64,5,0,25,4,25,4,25,3,24,2,24,2,24,1,24,0,24,0,24,-1,24,-2,24,-2,25,-3,25,-3,25,-3,25,-2,25,-2,25,-2,25,-1,25,0,25,1,24,1,24,1,23,2,23,4,23,5,5,1,0,0,0,0,0,0,0,0,0,0,0,0,0,0,0,0,0,0,5,0,20,2,20,4,20,5,20,5,21,6,21,7,22,7,22,8,23,9,23,9,23,9,23,9,23,9,23,9,23,9,23,9,24,9,24,8,25,8,25,7,26,7,26,6,26,7,26,6,26,6,27,5]"
CSI_DATA,97699,d8:b1:90:db:e8:90,-51,11,1,7,0,0,1,0,0,0,1,-95,0,4,0,1482868319,0,100,0,128,1,"[100,-64,5,0,2,-25,1,-24,1,-24,0,-24,-1,-23,-1,-23,-2,-23,-2,-23,-3,-23,-4,-24,-4,-24,-4,-24,-4,-24,-4,-24,-3,-24,-3,-24,-3,-24,-2,-24,-2,-24,-1,-24,-1,-23,0,-23,1,-23,2,-23,3,-23,1,-6,0,0,0,0,0,0,0,0,0,0,0,0,0,0,0,0,0,0,0,-5,1,-19,2,-19,3,-19,4,-20,5,-20,5,-20,5,-21,6,-21,6,-22,7,-22,7,-22,7,-23,7,-23,7,-23,7,-23,7,-23,6,-23,6,-24,6,-23,5,-23,5,-24,5,-24,5,-24,4,-25,4,-25,4,-25]"
CSI_DATA,97700,d8:b1:90:db:e8:90,-51,11,1,7,0,0,1,0,0,0,1,-95,0,4,0,1482888249,0,100,0,128,1,"[100,-64,5,0,-4,23,-3,22,-3,22,-2,21,-1,21,-1,21,0,21,1,21,1,21,2,21,3,21,3,21,3,22,3,22,2,22,2,23,1,23,1,22,0,22,-1,22,-1,21,-2,21,-3,21,-4,21,-5,21,-2,5,0,0,0,0,0,0,0,0,0,0,0,0,0,0,0,0,0,0,-1,4,-3,18,-4,18,-5,18,-5,18,-6,18,-6,19,-7,19,-7,19,-8,20,-8,20,-8,21,-9,21,-9,21,-9,21,-8,21,-8,21,-8,21,-7,21,-7,21,-7,21,-6,22,-6,22,-6,22,-6,23,-5,23,-5,23]"
CSI_DATA,97701,d8:b1:90:db:e8:90,-51,11,1,7,0,0,1,0,0,0,1,-95,0,4,0,1482898373,0,100,0,128,1,"[100,-64,5,0,2,24,2,23,3,23,4,23,4,22,5,22,6,22,7,22,7,21,8,21,8,21,9,21,9,21,9,21,9,22,9,22,9,22,8,22,8,22,7,22,7,22,6,21,5,21,4,22,3,22,0,5,0,0,0,0,0,0,0,0,0,0,0,0,0,0,0,0,0,0,0,4,2,19,1,20,0,20,-1,21,-1,21,-1,22,-1,22,-2,22,-2,23,-3,23,-3,23,-3,23,-3,23,-3,24,-3,24,-3,24,-3,24,-3,24,-3,24,-2,24,-2,25,-1,25,-1,25,0,24,0,24,1,24]"
CSI_DATA,97702,d8:b1:90:db:e8:90,-51,11,1,7,0,0,1,0,0,0,1,-95,0,4,0,1482911840,0,100,0,128,1,"[100,-64,5,0,-23,13,-23,13,-22,13,-22,13,-21,14,-21,15,-20,15,-20,16,-19,17,-19,17,-19,18,-18,18,-19,18,-19,19,-19,19,-19,19,-20,18,-20,18,-20,17,-20,16,-20,16,-21,15,-21,14,-21,13,-22,12,-6,2,0,0,0,0,0,0,0,0,0,0,0,0,0,0,0,0,0,0,-5,3,-19,12,-20,11,-20,10,-21,10,-22,10,-23,9,-23,9,-24,9,-25,9,-25,9,-25,9,-25,9,-25,9,-25,9,-26,8,-26,8,-26,9,-26,9,-26,9,-26,9,-26,9,-26,10,-25,11,-25,11,-25,11,-25,12]"
CSI_DATA,97703,d8:b1:90:db:e8:90,-51,11,1,7,0,0,1,0,0,0,1,-95,0,4,0,1482924605,0,100,0,128,1,"[100,-64,5,0,13,20,13,19,13,18,13,18,13,17,14,16,14,16,15,16,15,16,15,16,16,16,17,16,17,16,17,16,17,17,17,17,17,17,16,17,16,18,16,18,15,18,14,19,13,19,12,20,11,20,2,5,0,0,0,0,0,0,0,0,0,0,0,0,0,0,0,0,0,0,2,4,10,16,9,17,8,18,8,18,8,19,7,19,7,20,7,20,7,21,7,22,7,22,7,23,7,23,7,23,7,23,8,22,8,22,9,22,9,21,10,21,10,21,11,21,11,21,12,22,12,21,12,21]"
CSI_DATA,97704,d8:b1:90:db:e8:90,-51,11,1,7,0,0,1,0,0,0,1,-95,0,4,0,1482938686,0,100,0,128,1,"[100,-64,5,0,3,-24,3,-24,2,-24,1,-23,0,-23,-1,-23,-1,-23,-2,-23,-3,-24,-4,-24,-4,-24,-5,-24,-5,-24,-5,-25,-5,-25,-4,-25,-4,-25,-3,-25,-3,-25,-2,-24,-2,-24,-1,-24,1,-24,2,-24,3,-24,1,-6,0,0,0,0,0,0,0,0,0,0,0,0,0,0,0,0,0,0,0,-5,2,-20,3,-20,4,-21,5,-21,5,-21,7,-22,8,-22,9,-22,9,-23,10,-23,10,-23,10,-23,10,-23,9,-23,9,-23,9,-23,8,-23,8,-24,7,-24,7,-24,6,-24,6,-24,6,-24,6,-24,5,-24,5,-25]"
CSI_DATA,97705,d8:b1:90:db:e8:90,-51,11,1,7,0,0,1,0,0,0,1,-95,0,4,0,1482949799,0,100,0,128,1,"[100,-64,5,0,16,-21,15,-21,15,-21,14,-22,13,-22,12,-23,12,-23,10,-23,10,-24,9,-24,9,-24,9,-25,9,-25,9,-25,10,-26,10,-26,11,-25,12,-25,12,-25,12,-24,13,-23,13,-23,14,-22,15,-22,16,-21,4,-5,0,0,0,0,0,0,0,0,0,0,0,0,0,0,0,0,0,0,3,-4,14,-16,14,-15,15,-15,16,-15,17,-15,18,-15,19,-15,19,-15,20,-15,20,-15,20,-15,20,-15,21,-15,21,-15,21,-15,21,-15,21,-15,21,-16,20,-17,20,-17,20,-18,19,-19,19,-19,19,-20,19,-20,19,-21]"
CSI_DATA,97706,d8:b1:90:db:e8:90,-51,11,1,7,0,0,1,0,0,0,1,-95,0,4,0,1482964018,0,100,0,128,1,"[100,-64,5,0,-21,-13,-21,-12,-21,-12,-21,-11,-21,-10,-22,-9,-22,-8,-22,-7,-22,-7,-22,-6,-23,-6,-23,-6,-24,-6,-24,-6,-24,-7,-24,-7,-24,-7,-24,-8,-23,-8,-23,-9,-23,-9,-22,-9,-22,-10,-21,-12,-21,-13,-5,-4,0,0,0,0,0,0,0,0,0,0,0,0,0,0,0,0,0,0,-4,-3,-16,-12,-16,-13,-16,-14,-15,-15,-16,-15,-16,-16,-16,-16,-16,-17,-16,-17,-16,-18,-16,-18,-16,-18,-16,-18,-16,-19,-16,-19,-16,-19,-17,-18,-17,-18,-18,-17,-18,-17,-19,-17,-19,-16,-20,-16,-20,-15,-21,-15,-21,-15]"
CSI_DATA,97707,d8:b1:90:db:e8:90,-51,11,1,7,0,0,1,0,0,0,1,-95,0,4,0,1482984926,0,100,0,128,1,"[100,-64,5,0,24,-3,23,-4,22,-5,22,-6,22,-7,22,-7,21,-8,21,-9,21,-9,21,-10,21,-10,21,-11,21,-11,21,-11,22,-11,22,-11,22,-11,22,-10,22,-10,22,-9,22,-9,22,-8,22,-7,22,-5,22,-4,5,-1,0,0,0,0,0,0,0,0,0,0,0,0,0,0,0,0,0,0,4,-2,18,-5,19,-4,19,-3,19,-2,20,-2,21,-1,21,0,22,0,22,1,23,1,23,2,23,3,23,3,23,3,23,3,23,2,23,1,23,1,23,0,23,0,23,-1,24,-1,24,-2,24,-2,24,-2,25,-3]"
CSI_DATA,97708,d8:b1:90:db:e8:90,-51,11,1,7,0,0,1,0,0,0,1,-95,0,4,0,1482995350,0,100,0,128,1,"[100,-64,5,0,21,-11,21,-12,20,-12,19,-12,19,-13,18,-13,18,-14,18,-15,17,-15,17,-16,17,-16,17,-16,17,-16,18,-16,18,-16,18,-16,18,-16,19,-16,19,-15,19,-14,19,-13,19,-12,19,-11,20,-10,20,-8,5,-2,0,0,0,0,0,0,0,0,0,0,0,0,0,0,0,0,0,0,4,-3,16,-9,17,-8,18,-8,18,-7,19,-7,20,-7,21,-6,21,-6,22,-5,22,-5,23,-6,23,-5,23,-5,23,-5,23,-5,23,-5,23,-6,23,-7,22,-7,22,-7,22,-8,22,-8,23,-9,22,-10,22,-10,22,-11]"
CSI_DATA,97709,d8:b1:90:db:e8:90,-51,11,1,7,0,0,1,0,0,0,1,-95,0,4,0,1483005540,0,100,0,128,1,"[100,-64,5,0,-22,11,-21,12,-20,12,-19,12,-19,13,-18,13,-17,14,-17,14,-17,15,-16,15,-16,16,-17,16,-17,16,-17,16,-17,16,-18,16,-18,16,-19,16,-19,15,-19,14,-19,13,-19,13,-19,12,-20,11,-20,9,-5,2,0,0,0,0,0,0,0,0,0,0,0,0,0,0,0,0,0,0,-5,2,-17,8,-18,7,-19,7,-19,6,-20,6,-21,6,-21,5,-22,5,-23,5,-23,5,-24,5,-24,5,-24,5,-24,5,-24,5,-24,5,-24,6,-23,6,-23,6,-23,7,-23,8,-23,9,-23,9,-23,10,-23,11,-22,11]"
CSI_DATA,97710,d8:b1:90:db:e8:90,-51,11,1,7,0,0,1,0,0,0,1,-95,0,4,0,1483023115,0,100,0,128,1,"[100,-64,5,0,6,-24,5,-24,4,-23,4,-23,3,-23,2,-23,1,-23,1,-24,0,-24,-1,-24,-1,-24,-1,-24,-1,-25,-1,-25,-1,-25,-1,-25,0,-25,1,-25,1,-24,2,-24,2,-24,3,-24,4,-24,5,-23,7,-23,1,-6,0,0,0,0,0,0,0,0,0,0,0,0,0,0,0,0,0,0,1,-5,5,-19,6,-19,7,-19,8,-19,8,-19,9,-20,9,-20,10,-20,10,-21,11,-21,11,-21,11,-21,11,-22,11,-22,11,-22,11,-22,11,-22,10,-22,10,-22,9,-22,9,-23,9,-23,8,-23,7,-23,7,-24,7,-24]"
CSI_DATA,97711,d8:b1:90:db:e8:90,-51,11,1,7,0,0,1,0,0,0,1,-95,0,4,0,1483033490,0,100,0,128,1,"[100,-64,5,0,-17,-19,-17,-18,-17,-17,-18,-17,-18,-16,-19,-16,-19,-15,-19,-15,-19,-14,-20,-14,-20,-13,-21,-13,-21,-13,-21,-13,-21,-14,-21,-15,-21,-15,-20,-15,-20,-16,-19,-16,-19,-16,-18,-16,-17,-17,-16,-18,-14,-19,-4,-5,0,0,0,0,0,0,0,0,0,0,0,0,0,0,0,0,0,0,-3,-4,-12,-15,-12,-16,-11,-17,-11,-18,-11,-19,-11,-19,-11,-19,-11,-20,-11,-21,-11,-21,-11,-21,-11,-22,-12,-22,-12,-22,-12,-22,-12,-22,-13,-22,-13,-22,-13,-21,-13,-21,-14,-20,-15,-20,-15,-20,-16,-20,-16,-19,-16,-19]"
CSI_DATA,97712,d8:b1:90:db:e8:90,-51,11,1,7,0,0,1,0,0,0,1,-95,0,4,0,1483045638,0,100,0,128,1,"[100,-64,5,0,20,-12,19,-13,19,-13,18,-13,18,-14,17,-14,16,-15,16,-15,16,-16,15,-16,15,-17,15,-17,16,-18,16,-18,16,-18,17,-18,17,-18,17,-17,17,-17,17,-16,18,-16,18,-15,18,-14,19,-12,19,-11,5,-3,0,0,0,0,0,0,0,0,0,0,0,0,0,0,0,0,0,0,4,-3,17,-9,17,-8,17,-8,18,-7,19,-7,20,-7,20,-6,21,-6,21,-6,22,-6,22,-6,22,-6,22,-6,22,-6,22,-6,22,-6,22,-7,22,-8,21,-8,21,-8,21,-9,21,-10,21,-10,20,-10,21,-11,21,-11]"
CSI_DATA,97713,d8:b1:90:db:e8:90,-51,11,1,7,0,0,1,0,0,0,1,-95,0,4,0,1483057357,0,100,0,128,1,"[100,-64,5,0,8,23,9,22,9,21,10,20,10,20,11,19,11,19,12,19,12,18,13,18,13,18,14,19,15,19,15,19,15,19,15,20,15,20,14,20,13,20,13,21,12,20,11,20,10,21,8,21,7,22,1,5,0,0,0,0,0,0,0,0,0,0,0,0,0,0,0,0,0,0,1,4,6,18,5,19,4,20,3,20,3,21,2,22,2,22,2,22,2,23,2,23,2,24,2,24,2,24,2,24,2,24,2,24,3,23,3,23,4,23,4,23,5,23,6,23,6,23,6,23,7,23,7,24]"
CSI_DATA,97714,d8:b1:90:db:e8:90,-51,11,1,7,0,0,1,0,1,0,1,-95,0,4,0,1483070296,0,100,0,128,1,"[100,-64,5,0,11,17,13,19,16,20,19,21,22,21,24,19,26,18,27,17,28,15,28,14,28,13,27,12,26,11,24,11,21,12,18,13,15,15,12,15,9,16,6,17,4,17,1,17,-1,16,-3,15,-4,13,-2,3,0,0,0,0,0,0,0,0,0,0,0,0,0,0,0,0,0,0,-6,1,-24,5,-25,5,-26,5,-26,6,-25,6,-24,7,-22,7,-20,7,-17,7,-13,6,-10,4,-6,2,-3,1,0,-1,2,-4,4,-6,5,-7,6,-9,6,-9,6,-9,5,-8,5,-6,4,-4,5,-1,5,3,6,5]"
CSI_DATA,97715,d8:b1:90:db:e8:90,-51,11,1,7,0,0,1,0,1,0,1,-95,0,4,0,1483092851,0,100,0,128,1,"[100,-64,5,0,21,4,25,4,28,4,30,2,32,0,33,-3,33,-5,33,-8,33,-10,31,-12,30,-13,28,-14,27,-13,26,-12,25,-9,24,-7,23,-4,22,-1,21,2,20,5,18,7,17,9,15,11,13,12,11,12,2,3,0,0,0,0,0,0,0,0,0,0,0,0,0,0,0,0,0,0,-7,1,-27,4,-28,4,-29,4,-29,5,-28,6,-27,6,-24,7,-22,6,-18,6,-15,5,-11,3,-7,0,-4,-2,-1,-5,1,-8,2,-11,3,-13,3,-15,3,-15,3,-15,3,-14,3,-12,4,-10,5,-7,8,-4,10,-2]"
CSI_DATA,97716,d8:b1:90:db:e8:90,-51,11,1,7,0,0,1,0,1,0,1,-95,0,4,0,1483105169,0,100,0,128,1,"[100,-64,5,0,0,20,1,23,2,25,4,27,6,28,9,29,11,28,14,28,15,26,16,25,17,24,17,22,17,21,15,20,13,20,11,19,8,19,5,19,3,19,0,18,-2,18,-4,17,-6,16,-8,14,-9,12,-3,2,0,0,0,0,0,0,0,0,0,0,0,0,0,0,0,0,0,0,-2,-6,-7,-23,-7,-24,-8,-25,-8,-25,-9,-24,-9,-23,-9,-21,-9,-19,-8,-16,-6,-13,-4,-10,-2,-7,1,-4,4,-2,7,-1,9,0,11,0,13,0,13,1,13,0,13,0,11,1,9,2,7,4,5,6,4,9]"
CSI_DATA,97717,d8:b1:90:db:e8:90,-50,11,1,7,0,0,1,0,1,0,1,-95,0,4,0,1483126060,0,100,0,128,1,"[100,-64,5,0,-9,23,-10,27,-10,30,-9,33,-8,35,-6,37,-4,38,-1,38,1,37,3,36,5,35,5,34,5,32,3,31,1,29,-1,27,-4,24,-7,22,-10,19,-12,17,-13,14,-15,12,-15,9,-15,7,-15,4,-4,0,0,0,0,0,0,0,0,0,0,0,0,0,0,0,0,0,0,0,-5,-6,-18,-24,-18,-25,-19,-26,-19,-26,-19,-25,-19,-24,-19,-22,-17,-19,-15,-16,-13,-13,-10,-9,-6,-6,-2,-3,2,0,5,1,8,2,11,3,12,3,13,3,13,3,12,3,10,4,8,5,5,7,2,9,-1,11]"
CSI_DATA,97718,d8:b1:90:db:e8:90,-51,11,1,7,0,0,1,0,1,0,1,-95,0,4,0,1483140313,0,100,0,128,1,"[100,-64,5,0,11,-19,12,-21,13,-24,12,-27,12,-29,10,-30,8,-32,6,-32,3,-32,1,-32,0,-31,-1,-30,-1,-29,-1,-27,0,-25,2,-23,4,-22,6,-20,8,-18,9,-16,11,-14,12,-12,12,-10,13,-7,13,-5,3,-1,0,0,0,0,0,0,0,0,0,0,0,0,0,0,0,0,0,0,-2,5,-7,23,-8,24,-8,25,-8,25,-7,25,-6,24,-5,22,-4,20,-3,17,-3,13,-3,9,-3,5,-4,1,-5,-2,-7,-5,-8,-8,-9,-9,-11,-10,-11,-10,-11,-10,-11,-10,-9,-10,-7,-10,-4,-10,-1,-11,1,-12]"
CSI_DATA,97719,d8:b1:90:db:e8:90,-51,11,1,6,0,0,1,0,1,0,1,-95,0,4,0,1483150820,0,100,0,128,1,"[100,-64,5,0,-9,-20,-11,-22,-12,-25,-14,-26,-17,-27,-19,-26,-21,-25,-23,-24,-24,-22,-25,-20,-25,-18,-25,-17,-24,-16,-22,-16,-20,-15,-17,-16,-15,-16,-12,-16,-9,-17,-6,-17,-4,-17,-1,-17,0,-16,2,-14,4,-13,1,-3,0,0,0,0,0,0,0,0,0,0,0,0,0,0,0,0,0,0,4,3,19,15,20,16,20,16,20,16,21,15,20,14,19,12,17,10,15,8,12,6,8,5,4,3,0,2,-4,2,-7,2,-10,2,-12,2,-14,3,-15,4,-15,4,-14,3,-13,2,-12,1,-11,-2,-10,-5,-9,-8]"
CSI_DATA,97720,d8:b1:90:db:e8:90,-51,11,1,6,0,0,1,0,1,0,1,-95,0,4,0,1483162594,0,100,0,128,1,"[100,-64,5,0,-2,19,-2,21,-2,24,-1,26,1,27,3,28,5,28,7,27,9,26,10,25,12,24,12,23,12,22,11,20,9,19,7,18,5,18,3,17,0,16,-2,15,-4,14,-6,13,-7,12,-9,9,-10,8,-3,1,0,0,0,0,0,0,0,0,0,0,0,0,0,0,0,0,0,0,-1,-6,-3,-23,-3,-24,-3,-25,-3,-25,-4,-25,-4,-24,-5,-22,-5,-19,-4,-16,-3,-13,-2,-9,0,-6,2,-3,5,0,7,2,9,4,11,5,13,5,14,5,14,5,13,5,12,5,11,6,8,7,6,8,4,10]"
CSI_DATA,97721,d8:b1:90:db:e8:90,-51,11,1,7,0,0,1,0,0,0,1,-95,0,4,0,1483192496,0,100,0,128,1,"[100,-64,5,0,16,12,16,11,15,11,15,10,16,9,16,8,16,7,16,7,16,6,16,5,16,5,16,5,17,5,17,5,17,5,17,5,17,6,17,6,17,6,16,6,16,7,15,7,15,7,15,8,14,9,3,2,0,0,0,0,0,0,0,0,0,0,0,0,0,0,0,0,0,0,3,2,14,8,14,9,13,10,13,11,13,12,13,12,14,13,14,14,14,15,14,15,14,15,14,15,14,15,14,15,14,15,14,15,14,15,14,15,15,15,15,14,16,14,16,14,16,14,16,13,16,13,17,13]"
CSI_DATA,97722,d8:b1:90:db:e8:90,-51,11,1,7,0,0,1,0,0,0,1,-95,0,4,0,1483204697,0,100,0,128,1,"[100,-64,5,0,0,-25,0,-24,-1,-24,-1,-23,-2,-23,-3,-22,-3,-22,-4,-21,-5,-21,-6,-21,-6,-20,-6,-21,-6,-21,-6,-21,-6,-21,-6,-22,-6,-22,-5,-22,-5,-22,-4,-22,-4,-22,-3,-21,-2,-21,-1,-22,0,-22,0,-6,0,0,0,0,0,0,0,0,0,0,0,0,0,0,0,0,0,0,-1,-6,-3,-22,-2,-22,-1,-23,0,-23,1,-24,1,-24,2,-25,3,-26,3,-27,4,-27,4,-27,4,-27,5,-27,5,-27,4,-27,4,-27,4,-27,4,-27,3,-26,3,-26,2,-27,2,-27,1,-27,1,-26,1,-26,1,-26]"
CSI_DATA,97723,d8:b1:90:db:e8:90,-51,11,1,7,0,0,1,0,0,0,1,-95,0,4,0,1483221348,0,100,0,128,1,"[100,-64,5,0,-28,0,-27,0,-26,1,-26,2,-25,3,-24,4,-23,4,-22,5,-22,6,-22,7,-22,8,-22,8,-21,8,-21,9,-22,9,-22,9,-22,8,-22,8,-22,7,-23,7,-23,6,-23,5,-23,5,-23,4,-23,3,-6,0,0,0,0,0,0,0,0,0,0,0,0,0,0,0,0,0,0,0,-6,0,-24,1,-24,-1,-24,-2,-24,-3,-25,-4,-26,-4,-27,-4,-28,-5,-28,-5,-29,-6,-29,-6,-29,-6,-29,-6,-29,-6,-29,-6,-28,-6,-28,-5,-29,-5,-29,-4,-30,-3,-30,-3,-30,-3,-29,-3,-29,-3,-29,-2,-29,-2]"
CSI_DATA,97724,d8:b1:90:db:e8:90,-51,11,1,7,0,0,1,0,0,0,1,-95,0,4,0,1483236622,0,100,0,128,1,"[100,-64,5,0,23,4,22,4,22,3,21,2,21,1,20,0,20,-1,20,-1,20,-2,20,-3,20,-3,20,-4,20,-4,20,-5,20,-4,20,-4,20,-4,20,-4,20,-3,20,-3,20,-2,20,-2,20,-1,20,0,20,1,5,0,0,0,0,0,0,0,0,0,0,0,0,0,0,0,0,0,0,0,5,0,21,1,21,2,21,3,21,4,22,5,22,5,23,6,23,7,24,7,24,7,24,8,24,8,24,8,24,8,24,8,24,7,24,7,24,7,24,7,25,7,25,7,25,6,25,6,25,5,25,5,25,6]"
CSI_DATA,97725,d8:b1:90:db:e8:90,-51,11,1,6,0,0,1,0,0,0,1,-95,0,4,0,1483249508,0,100,0,128,1,"[100,-64,5,0,4,-18,5,-20,6,-22,6,-24,5,-26,4,-28,2,-29,0,-29,-1,-29,-3,-29,-5,-29,-6,-28,-7,-28,-6,-27,-6,-26,-4,-24,-3,-23,-1,-21,1,-20,3,-18,5,-16,6,-13,7,-11,8,-8,9,-6,2,-2,0,0,0,0,0,0,0,0,0,0,0,0,0,0,0,0,0,0,1,5,6,23,5,25,5,26,5,26,6,26,6,25,7,23,6,20,6,17,5,13,3,9,1,5,-1,1,-3,-2,-6,-5,-9,-7,-11,-9,-13,-10,-14,-10,-15,-10,-15,-10,-14,-10,-12,-10,-10,-10,-7,-11,-5,-12]"
CSI_DATA,97726,d8:b1:90:db:e8:90,-51,11,1,6,0,0,1,0,0,0,1,-95,0,4,0,1483262821,0,100,0,128,1,"[100,-64,5,0,-16,8,-19,8,-21,9,-22,10,-23,12,-23,14,-23,16,-23,18,-22,20,-20,21,-19,23,-18,23,-17,23,-16,23,-15,21,-15,20,-15,18,-15,15,-16,12,-16,9,-15,7,-15,4,-14,1,-13,-2,-12,-4,-3,-2,0,0,0,0,0,0,0,0,0,0,0,0,0,0,0,0,0,0,4,-5,17,-17,19,-18,20,-19,20,-19,19,-20,18,-19,16,-19,13,-17,11,-15,9,-12,6,-9,4,-5,2,0,0,4,0,8,-1,11,0,14,0,16,1,18,2,18,2,18,1,18,0,17,-1,15,-3,13,-5,12]"
CSI_DATA,97727,d8:b1:90:db:e8:90,-51,11,1,6,0,0,1,0,0,0,1,-95,0,4,0,1483292445,0,100,0,128,1,"[100,-64,5,0,-5,-15,-4,-17,-4,-19,-4,-21,-5,-22,-6,-23,-8,-24,-10,-24,-12,-23,-14,-23,-15,-22,-16,-21,-17,-21,-16,-20,-15,-19,-14,-19,-12,-18,-10,-17,-8,-17,-6,-16,-4,-16,-1,-15,1,-13,3,-12,5,-10,1,-3,0,0,0,0,0,0,0,0,0,0,0,0,0,0,0,0,0,0,0,5,3,20,3,21,3,22,4,23,4,23,5,22,6,20,6,18,6,15,5,12,3,8,1,5,-1,2,-4,-1,-7,-4,-10,-5,-12,-6,-14,-7,-16,-7,-17,-6,-18,-6,-17,-6,-16,-6,-15,-6,-12,-7,-11,-8]"
CSI_DATA,97728,d8:b1:90:db:e8:90,-51,11,1,6,0,0,1,0,0,0,1,-95,0,4,0,1483303106,0,100,0,128,1,"[100,-64,5,0,-1,15,-2,16,-3,18,-3,20,-2,21,-1,22,1,23,2,24,4,24,6,23,8,23,9,22,10,22,10,21,10,20,9,19,8,19,6,18,4,17,2,16,0,15,-2,14,-4,13,-6,11,-8,10,-2,2,0,0,0,0,0,0,0,0,0,0,0,0,0,0,0,0,0,0,3,-4,13,-16,14,-16,15,-17,15,-18,14,-19,13,-19,11,-18,10,-17,8,-15,7,-12,5,-9,4,-5,4,-1,4,3,5,6,6,9,8,12,9,13,11,14,13,14,13,14,13,14,13,13,11,13,9,12,7,13]"
CSI_DATA,97729,d8:b1:90:db:e8:90,-50,11,1,6,0,0,1,0,0,0,1,-95,0,4,0,1483313585,0,100,0,128,1,"[100,-64,5,0,-22,-6,-23,-8,-25,-9,-27,-10,-28,-10,-30,-9,-31,-7,-33,-4,-34,-2,-34,0,-34,2,-33,4,-33,6,-32,7,-31,6,-29,5,-28,4,-26,2,-24,0,-23,-2,-21,-5,-18,-7,-16,-9,-13,-11,-11,-12,-3,-4,0,0,0,0,0,0,0,0,0,0,0,0,0,0,0,0,0,0,4,5,16,20,17,22,18,23,19,23,20,23,20,21,20,19,18,17,16,14,13,12,9,9,5,7,0,5,-5,4,-10,4,-14,5,-18,6,-20,7,-22,9,-23,10,-23,11,-23,11,-22,10,-22,8,-21,6,-21,4]"
CSI_DATA,97730,d8:b1:90:db:e8:90,-51,11,1,6,0,0,1,0,0,0,1,-95,0,4,0,1483325920,0,100,0,128,1,"[100,-64,5,0,0,17,-1,18,-2,20,-3,22,-2,23,-1,24,1,25,3,25,4,25,6,25,8,25,9,25,10,24,10,23,9,22,8,21,7,20,5,19,3,18,1,17,-1,15,-3,13,-5,11,-7,9,-8,7,-3,1,0,0,0,0,0,0,0,0,0,0,0,0,0,0,0,0,0,0,1,-5,4,-21,5,-22,5,-23,5,-24,4,-24,3,-24,2,-23,1,-21,0,-18,0,-15,0,-11,0,-7,1,-3,2,1,4,5,6,8,8,11,10,12,12,13,14,14,14,13,14,13,13,13,12,13,10,13,8,14]"
CSI_DATA,97731,d8:b1:90:db:e8:90,-51,11,1,6,0,0,1,0,0,0,1,-95,0,4,0,1483340501,0,100,0,128,1,"[100,-64,5,0,-20,-6,-21,-7,-22,-8,-23,-8,-24,-8,-25,-7,-26,-5,-27,-3,-27,-1,-27,1,-27,3,-27,5,-27,6,-26,7,-25,6,-24,6,-22,4,-21,3,-20,1,-18,-1,-16,-3,-15,-4,-13,-5,-11,-7,-9,-9,-2,-3,0,0,0,0,0,0,0,0,0,0,0,0,0,0,0,0,0,0,3,4,13,17,13,18,13,19,14,19,15,19,15,18,14,17,14,15,12,13,10,10,7,8,3,6,0,4,-4,3,-8,3,-12,3,-15,4,-17,4,-19,5,-20,6,-20,6,-20,6,-20,6,-19,5,-19,3,-19,1]"
CSI_DATA,97732,d8:b1:90:db:e8:90,-51,11,1,6,0,0,1,0,0,0,1,-95,0,4,0,1483351953,0,100,0,128,1,"[100,-64,5,0,-17,-12,-17,-14,-18,-15,-19,-16,-20,-16,-22,-15,-23,-14,-25,-12,-26,-10,-27,-8,-28,-6,-28,-5,-28,-3,-27,-3,-26,-2,-25,-3,-24,-3,-22,-4,-20,-5,-18,-7,-15,-8,-13,-9,-10,-10,-8,-11,-5,-12,-1,-3,0,0,0,0,0,0,0,0,0,0,0,0,0,0,0,0,0,0,2,5,8,20,7,22,8,23,8,23,9,23,9,23,9,21,9,19,8,16,6,14,4,10,1,7,-2,4,-5,2,-9,0,-13,-1,-16,-2,-18,-2,-20,-2,-21,-1,-22,-1,-22,-1,-22,-1,-21,-2,-20,-4,-19,-5]"
CSI_DATA,97733,d8:b1:90:db:e8:90,-51,11,1,6,0,0,1,0,0,0,1,-95,0,4,0,1483364024,0,100,0,128,1,"[100,-64,5,0,1,22,0,23,-1,25,-1,26,0,28,2,28,4,29,6,29,8,29,11,29,13,28,14,27,16,26,16,25,15,25,14,24,12,23,10,22,7,20,5,19,2,17,-1,16,-4,14,-6,11,-8,9,-3,2,0,0,0,0,0,0,0,0,0,0,0,0,0,0,0,0,0,0,1,-7,4,-27,5,-28,6,-30,6,-30,5,-31,4,-30,3,-29,2,-26,1,-23,0,-18,0,-14,1,-9,2,-3,3,2,5,6,7,10,10,13,12,15,14,16,16,17,16,17,17,17,16,17,14,17,11,17,9,17]"
CSI_DATA,97734,d8:b1:90:db:e8:90,-51,11,1,6,0,0,1,0,0,0,1,-95,0,4,0,1483376479,0,100,0,128,1,"[100,-64,5,0,5,-21,7,-22,8,-23,8,-24,8,-26,7,-28,5,-29,3,-30,0,-31,-2,-31,-4,-32,-5,-32,-7,-31,-7,-30,-7,-29,-6,-28,-5,-27,-3,-25,-1,-23,1,-21,3,-19,5,-17,7,-14,9,-11,11,-8,2,-2,0,0,0,0,0,0,0,0,0,0,0,0,0,0,0,0,0,0,-5,5,-18,21,-19,21,-20,22,-21,23,-20,23,-19,23,-17,23,-15,21,-13,18,-10,15,-8,10,-6,6,-5,1,-4,-4,-4,-9,-5,-14,-6,-17,-7,-20,-8,-22,-9,-23,-10,-23,-10,-23,-9,-22,-7,-22,-5,-21,-3,-21]"
CSI_DATA,97735,d8:b1:90:db:e8:90,-51,11,1,6,0,0,1,0,0,0,1,-95,0,4,0,1483399974,0,100,0,128,1,"[100,-64,5,0,-3,-24,-2,-25,-2,-26,-3,-27,-4,-28,-6,-28,-8,-28,-11,-28,-13,-28,-16,-27,-18,-27,-20,-26,-21,-25,-21,-24,-21,-24,-20,-23,-19,-23,-17,-22,-14,-21,-12,-21,-9,-20,-6,-19,-3,-18,1,-16,3,-15,1,-4,0,0,0,0,0,0,0,0,0,0,0,0,0,0,0,0,0,0,-5,4,-21,18,-23,17,-24,18,-24,19,-24,19,-23,19,-21,19,-19,18,-16,16,-14,13,-12,9,-10,5,-8,0,-7,-4,-7,-9,-7,-13,-8,-16,-9,-18,-10,-20,-11,-21,-12,-22,-12,-22,-11,-22,-10,-22,-9,-22,-7,-22]"
CSI_DATA,97736,d8:b1:90:db:e8:90,-51,11,1,6,0,0,1,0,0,0,1,-95,0,4,0,1483412422,0,100,0,128,1,"[100,-64,5,0,17,12,18,13,19,14,20,15,21,14,22,13,24,12,25,11,26,9,27,8,28,6,29,5,29,4,29,4,29,4,28,5,26,5,24,6,22,7,20,8,17,9,14,10,11,10,7,10,4,10,0,2,0,0,0,0,0,0,0,0,0,0,0,0,0,0,0,0,0,0,-4,-6,-14,-21,-15,-23,-15,-24,-16,-25,-16,-24,-16,-24,-16,-22,-15,-19,-13,-17,-11,-13,-8,-10,-5,-7,-2,-4,2,-1,6,1,10,2,13,2,16,3,18,3,20,3,20,3,21,3,21,3,20,4,20,6,19,7]"
CSI_DATA,97737,d8:b1:90:db:e8:90,-51,11,1,6,0,0,1,0,0,0,1,-95,0,4,0,1483427554,0,100,0,128,1,"[100,-64,5,0,-2,24,-2,25,-1,25,0,26,1,27,4,27,6,27,8,27,11,27,13,26,15,26,17,26,18,25,18,24,18,24,17,24,16,23,14,23,12,22,10,21,7,20,4,18,1,17,-2,15,-5,13,-2,3,0,0,0,0,0,0,0,0,0,0,0,0,0,0,0,0,0,0,5,-4,21,-16,22,-16,23,-16,23,-17,23,-17,22,-17,20,-17,18,-16,16,-14,13,-12,11,-8,8,-5,6,-1,5,3,3,7,3,10,3,13,4,16,4,18,5,19,5,20,5,21,5,21,4,21,3,22,2,22]"
CSI_DATA,97738,d8:b1:90:db:e8:90,-51,11,1,6,0,0,1,0,0,0,1,-95,0,4,0,1483442057,0,100,0,128,1,"[100,-64,5,0,-8,-20,-8,-21,-9,-21,-10,-21,-11,-22,-13,-21,-15,-21,-17,-20,-19,-19,-20,-18,-22,-17,-23,-16,-24,-16,-24,-15,-23,-15,-23,-14,-21,-14,-19,-14,-17,-15,-15,-15,-13,-14,-10,-14,-7,-14,-4,-13,-1,-12,0,-3,0,0,0,0,0,0,0,0,0,0,0,0,0,0,0,0,0,0,-3,4,-11,19,-12,20,-13,20,-13,21,-12,21,-11,21,-10,20,-9,18,-8,16,-7,13,-6,10,-6,6,-5,3,-6,-1,-6,-4,-7,-7,-9,-9,-10,-11,-11,-13,-12,-13,-12,-14,-12,-14,-12,-15,-12,-15,-11,-16,-10,-17]"
CSI_DATA,97739,d8:b1:90:db:e8:90,-51,11,1,6,0,0,1,0,0,0,1,-95,0,4,0,1483452194,0,100,0,128,1,"[100,-64,5,0,23,5,24,6,24,5,25,5,27,4,28,2,29,0,29,-3,30,-5,30,-8,30,-10,30,-11,29,-13,29,-13,28,-13,28,-12,27,-11,26,-9,24,-7,23,-5,21,-3,19,0,16,2,14,5,11,7,2,2,0,0,0,0,0,0,0,0,0,0,0,0,0,0,0,0,0,0,-3,-7,-11,-25,-11,-27,-11,-28,-11,-28,-12,-28,-12,-27,-12,-25,-11,-23,-10,-20,-9,-17,-6,-14,-3,-11,0,-8,4,-5,7,-3,11,-2,14,-2,16,-2,18,-2,20,-2,21,-2,22,-2,22,-2,22,-1,22,0,22,1]"
CSI_DATA,97740,d8:b1:90:db:e8:90,-51,11,1,6,0,0,1,0,0,0,1,-95,0,4,0,1483466479,0,100,0,128,1,"[100,-64,5,0,-25,6,-25,5,-26,6,-26,6,-27,7,-27,9,-27,11,-27,13,-27,14,-27,16,-26,18,-26,20,-26,21,-25,21,-25,21,-24,20,-24,18,-23,16,-22,14,-20,11,-19,9,-17,6,-15,3,-13,-1,-11,-3,-3,-1,0,0,0,0,0,0,0,0,0,0,0,0,0,0,0,0,0,0,6,1,25,6,26,7,27,8,27,9,27,9,27,8,26,7,24,6,21,4,17,3,13,3,9,2,5,2,0,2,-4,3,-8,4,-11,5,-14,7,-16,8,-18,9,-19,10,-19,11,-20,11,-21,10,-21,9,-22,9]"
CSI_DATA,97741,d8:b1:90:db:e8:90,-51,11,1,6,0,0,1,0,0,0,1,-95,0,4,0,1483496166,0,100,0,128,1,"[100,-64,5,0,-2,21,-2,22,0,22,1,22,2,23,4,23,6,22,7,22,9,22,11,22,12,22,13,21,14,21,14,21,14,21,14,21,13,20,12,19,11,19,9,18,7,17,5,15,3,14,0,12,-3,11,-1,2,0,0,0,0,0,0,0,0,0,0,0,0,0,0,0,0,0,0,4,-2,19,-8,20,-7,21,-6,22,-6,22,-6,21,-6,20,-6,18,-6,17,-6,14,-5,12,-3,10,-1,8,1,6,3,4,5,2,7,1,9,1,11,0,13,0,14,0,16,0,17,-1,17,-1,18,-1,19,-2,20]"
CSI_DATA,97742,d8:b1:90:db:e8:90,-51,11,1,6,0,0,1,0,0,0,1,-95,0,4,0,1483506278,0,100,0,128,1,"[100,-64,5,0,28,1,28,0,28,-1,29,-3,29,-5,28,-7,28,-9,28,-11,27,-13,27,-14,27,-15,27,-17,27,-18,27,-18,27,-18,27,-17,26,-16,26,-15,24,-13,23,-11,21,-9,19,-6,16,-4,14,-1,12,2,2,0,0,0,0,0,0,0,0,0,0,0,0,0,0,0,0,0,0,0,-5,-6,-17,-22,-16,-24,-16,-25,-15,-25,-15,-25,-14,-24,-14,-23,-13,-21,-12,-19,-10,-17,-7,-14,-5,-12,-2,-9,0,-7,3,-5,6,-4,9,-3,12,-2,14,-1,16,-1,18,0,20,0,21,0,23,1,24,1,25,1]"
CSI_DATA,97743,d8:b1:90:db:e8:90,-51,11,1,6,0,0,1,0,0,0,1,-95,0,4,0,1483517723,0,100,0,128,1,"[100,-64,5,0,23,-17,24,-18,23,-20,22,-22,21,-23,19,-25,18,-26,16,-28,15,-29,14,-29,13,-30,12,-31,11,-31,11,-31,11,-31,12,-30,12,-29,12,-27,12,-25,12,-22,12,-20,12,-17,11,-13,11,-9,11,-6,2,-2,0,0,0,0,0,0,0,0,0,0,0,0,0,0,0,0,0,0,-7,-1,-28,-4,-29,-5,-29,-6,-29,-7,-29,-6,-27,-6,-26,-6,-24,-5,-21,-5,-18,-5,-15,-5,-11,-5,-8,-5,-4,-6,-1,-7,2,-8,4,-8,6,-9,8,-10,10,-11,12,-11,14,-12,16,-12,18,-13,20,-13,21,-14]"
CSI_DATA,97744,d8:b1:90:db:e8:90,-51,11,1,6,0,0,1,0,0,0,1,-95,0,4,0,1483531890,0,100,0,128,1,"[100,-64,5,0,-25,2,-25,3,-25,4,-25,6,-25,8,-24,10,-23,12,-22,13,-21,15,-20,16,-19,17,-19,18,-18,18,-18,19,-18,19,-18,18,-18,17,-18,16,-17,14,-17,12,-15,11,-14,8,-14,6,-13,3,-12,0,-3,-1,0,0,0,0,0,0,0,0,0,0,0,0,0,0,0,0,0,0,3,4,13,18,13,18,12,19,12,19,12,18,11,18,10,17,9,16,8,14,6,13,4,11,2,10,0,8,-2,7,-4,6,-6,5,-7,4,-9,4,-11,3,-12,2,-13,2,-14,1,-16,1,-18,0,-19,0,-20,0]"
CSI_DATA,97745,d8:b1:90:db:e8:90,-51,11,1,6,0,0,1,0,0,0,1,-95,0,4,0,1483543225,0,100,0,128,1,"[100,-64,5,0,7,-24,6,-26,5,-27,3,-27,1,-28,-1,-28,-4,-28,-6,-27,-7,-26,-9,-26,-10,-25,-11,-25,-11,-25,-11,-24,-10,-24,-10,-25,-9,-24,-8,-23,-7,-22,-6,-21,-5,-20,-3,-18,-1,-15,1,-13,3,-11,0,-3,0,0,0,0,0,0,0,0,0,0,0,0,0,0,0,0,0,0,-6,2,-22,10,-23,9,-23,8,-23,8,-22,8,-21,7,-20,6,-19,5,-17,4,-15,3,-13,1,-11,-1,-9,-2,-8,-4,-6,-6,-5,-7,-4,-9,-3,-10,-2,-11,-1,-12,1,-13,2,-14,3,-15,4,-17,6,-18,7,-19]"
CSI_DATA,97746,d8:b1:90:db:e8:90,-51,11,1,6,0,0,1,0,0,0,1,-95,0,4,0,1483554825,0,100,0,128,1,"[100,-64,5,0,-23,21,-23,22,-21,24,-19,26,-17,28,-15,29,-12,30,-10,31,-8,31,-6,31,-4,31,-3,31,-2,31,-2,31,-2,30,-3,30,-3,29,-4,28,-5,26,-6,24,-7,22,-7,19,-8,16,-9,12,-10,9,-3,1,0,0,0,0,0,0,0,0,0,0,0,0,0,0,0,0,0,0,7,-1,30,0,30,1,30,2,29,2,28,2,27,2,25,3,22,3,20,3,17,4,14,5,11,6,8,7,5,8,3,9,1,10,-1,11,-2,11,-4,11,-6,11,-8,11,-10,12,-12,12,-15,13,-17,14,-19,15]"
CSI_DATA,97747,d8:b1:90:db:e8:90,-51,11,1,6,0,0,1,0,0,0,1,-95,0,4,0,1483565276,0,100,0,128,1,"[100,-64,5,0,30,2,31,1,32,-2,32,-4,32,-6,31,-9,30,-11,29,-14,27,-16,26,-17,25,-18,24,-19,24,-19,24,-19,23,-19,23,-18,23,-17,23,-15,22,-13,21,-12,20,-10,18,-7,16,-5,14,-2,12,0,2,0,0,0,0,0,0,0,0,0,0,0,0,0,0,0,0,0,0,0,-6,-6,-23,-21,-22,-22,-21,-23,-21,-23,-20,-22,-18,-21,-17,-19,-14,-18,-12,-17,-9,-15,-6,-14,-3,-13,-1,-11,2,-10,4,-10,6,-9,8,-9,9,-8,10,-7,11,-5,13,-4,15,-2,16,-1,18,1,21,2,23,3]"
CSI_DATA,97748,d8:b1:90:db:e8:90,-51,11,1,6,0,0,1,0,0,0,1,-95,0,4,0,1483577041,0,100,0,128,1,"[100,-64,5,0,-10,20,-9,21,-7,23,-5,23,-3,24,-1,24,2,24,4,23,5,22,7,22,8,21,9,21,10,20,10,20,9,20,9,20,8,20,7,19,6,19,5,18,4,17,2,15,1,14,-2,12,-4,10,-1,2,0,0,0,0,0,0,0,0,0,0,0,0,0,0,0,0,0,0,5,-1,23,-1,23,-1,23,0,23,0,22,0,20,0,19,1,17,1,15,2,13,3,11,4,9,6,7,7,6,8,5,9,4,10,3,11,2,11,1,11,0,11,-1,11,-2,12,-4,12,-5,13,-7,14,-8,15]"
CSI_DATA,97749,d8:b1:90:db:e8:90,-52,11,1,6,0,0,1,0,0,0,1,-95,0,4,0,1483600092,0,100,0,128,1,"[100,-64,5,0,23,-7,24,-8,24,-10,24,-13,23,-15,22,-17,20,-18,18,-20,17,-21,15,-22,14,-22,13,-23,12,-22,12,-22,12,-21,13,-21,13,-20,13,-18,13,-17,13,-15,13,-14,12,-11,11,-9,11,-6,10,-3,2,-1,0,0,0,0,0,0,0,0,0,0,0,0,0,0,0,0,0,0,-6,-2,-24,-9,-24,-10,-23,-10,-23,-10,-22,-9,-20,-9,-18,-8,-16,-8,-13,-8,-11,-8,-8,-8,-5,-9,-3,-10,-1,-10,0,-11,2,-11,3,-11,3,-11,4,-10,5,-10,6,-9,8,-8,10,-7,12,-6,15,-5,17,-5]"
CSI_DATA,97750,d8:b1:90:db:e8:90,-51,11,1,6,0,0,1,0,0,0,1,-95,0,4,0,1483610612,0,100,0,128,1,"[100,-64,5,0,13,24,15,25,18,25,20,24,22,22,24,20,25,18,26,15,27,13,27,10,27,9,27,8,27,8,26,8,25,8,24,9,24,10,22,11,21,11,19,11,17,11,14,11,11,11,8,10,5,9,1,2,0,0,0,0,0,0,0,0,0,0,0,0,0,0,0,0,0,0,-1,-8,-4,-29,-3,-30,-2,-29,-2,-28,-2,-27,-2,-25,-1,-22,0,-20,1,-17,3,-14,4,-11,6,-8,8,-6,10,-4,11,-3,12,-2,12,-1,13,0,12,1,12,2,11,4,10,6,9,9,9,12,9,15,9,17]"
CSI_DATA,97751,d8:b1:90:db:e8:90,-52,11,1,6,0,0,1,0,0,0,1,-95,0,4,0,1483631256,0,100,0,128,1,"[100,-64,5,0,-16,18,-16,20,-15,22,-14,23,-12,24,-9,25,-7,26,-4,26,-2,25,0,25,1,24,3,23,3,23,3,22,2,22,2,21,1,21,0,20,-2,19,-3,18,-3,17,-4,15,-5,12,-6,10,-7,7,-2,1,0,0,0,0,0,0,0,0,0,0,0,0,0,0,0,0,0,0,5,-3,21,-11,22,-10,22,-10,21,-10,20,-9,18,-8,16,-7,14,-6,12,-4,10,-1,8,1,7,3,6,6,5,8,5,9,5,11,4,11,4,12,3,12,2,11,1,11,-1,11,-3,11,-6,11,-8,12,-10,13]"
CSI_DATA,97752,d8:b1:90:db:e8:90,-51,11,1,6,0,0,1,0,0,0,1,-95,0,4,0,1483641665,0,100,0,128,1,"[100,-64,5,0,28,1,30,0,31,-2,31,-5,31,-8,30,-10,29,-13,28,-16,26,-18,23,-19,22,-21,21,-21,19,-21,19,-21,19,-20,19,-19,19,-18,19,-16,19,-14,18,-12,18,-10,17,-8,15,-5,14,-2,12,1,3,0,0,0,0,0,0,0,0,0,0,0,0,0,0,0,0,0,0,0,-7,-4,-27,-15,-26,-15,-26,-16,-25,-15,-24,-14,-22,-13,-19,-12,-16,-12,-13,-11,-9,-11,-5,-11,-2,-11,1,-12,4,-13,6,-13,7,-14,8,-15,9,-15,9,-14,9,-13,10,-12,11,-9,13,-7,15,-4,17,-2,19,-1]"
CSI_DATA,97753,d8:b1:90:db:e8:90,-51,11,1,6,0,0,1,0,0,0,1,-95,0,4,0,1483653845,0,100,0,128,1,"[100,-64,5,0,11,25,13,26,15,27,18,26,20,25,22,23,24,20,26,18,27,15,28,13,28,11,28,9,28,8,27,8,26,8,25,8,24,9,22,10,20,11,18,11,15,12,12,12,9,12,6,11,3,10,0,2,0,0,0,0,0,0,0,0,0,0,0,0,0,0,0,0,0,0,-3,-7,-12,-29,-11,-29,-11,-29,-11,-28,-10,-26,-9,-24,-8,-21,-7,-18,-4,-15,-1,-12,2,-10,5,-7,8,-5,11,-3,13,-2,15,-2,16,-1,17,-1,16,0,16,1,15,2,13,4,12,7,11,10,10,13,9,15]"
CSI_DATA,97754,d8:b1:90:db:e8:90,-52,11,1,6,0,0,1,0,0,0,1,-95,0,4,0,1483665672,0,100,0,128,1,"[100,-64,5,0,27,11,29,10,31,9,33,7,33,5,34,2,34,-2,34,-5,33,-8,31,-11,30,-13,30,-15,29,-16,29,-16,28,-15,28,-14,27,-12,26,-10,25,-8,24,-6,22,-4,19,-1,17,1,13,4,11,5,2,1,0,0,0,0,0,0,0,0,0,0,0,0,0,0,0,0,0,0,-8,-3,-31,-10,-32,-11,-31,-12,-30,-12,-29,-11,-26,-10,-24,-9,-20,-8,-16,-8,-12,-8,-7,-8,-3,-9,1,-9,5,-10,8,-11,10,-12,11,-13,12,-13,13,-12,13,-11,13,-9,14,-7,15,-4,16,-1,18,2,19,4]"
CSI_DATA,97755,d8:b1:90:db:e8:90,-52,11,1,6,0,0,1,0,0,0,1,-95,0,4,0,1483684567,0,100,0,128,1,"[100,-64,5,0,-7,23,-7,25,-6,26,-4,28,-2,29,2,30,5,30,8,30,11,29,14,28,16,28,18,27,19,27,19,26,19,26,18,26,16,25,14,25,11,24,8,23,6,21,3,19,0,17,-3,14,-6,11,-2,2,0,0,0,0,0,0,0,0,0,0,0,0,0,0,0,0,0,0,2,-8,8,-31,9,-32,9,-32,9,-31,8,-30,7,-28,6,-25,5,-21,4,-17,4,-12,5,-8,5,-3,7,1,8,5,10,8,11,10,13,12,13,12,14,13,13,13,12,13,10,13,7,13,5,14,2,15,0,16]"
CSI_DATA,97756,d8:b1:90:db:e8:90,-52,11,1,6,0,0,1,0,0,0,1,-95,0,4,0,1483706423,0,100,0,128,1,"[100,-64,5,0,10,-17,10,-18,9,-20,8,-22,7,-23,5,-25,3,-26,1,-27,-2,-28,-4,-29,-6,-30,-7,-30,-8,-31,-8,-32,-8,-32,-7,-32,-6,-31,-5,-30,-3,-28,-2,-26,0,-24,1,-20,3,-17,5,-13,6,-10,1,-2,0,0,0,0,0,0,0,0,0,0,0,0,0,0,0,0,0,0,-5,5,-17,22,-18,22,-19,22,-18,21,-17,21,-15,20,-14,19,-12,17,-10,14,-9,11,-7,7,-6,3,-5,0,-4,-4,-4,-7,-4,-9,-4,-11,-4,-13,-4,-13,-3,-14,-3,-14,-1,-14,0,-14,2,-14,4,-14,6,-14]"
CSI_DATA,97757,d8:b1:90:db:e8:90,-51,11,1,6,0,0,1,0,0,0,1,-95,0,4,0,1483721372,0,100,0,128,1,"[100,-64,5,0,-5,-20,-6,-21,-7,-21,-9,-22,-12,-22,-14,-22,-17,-22,-19,-21,-21,-21,-23,-20,-25,-20,-27,-20,-28,-20,-29,-20,-28,-21,-28,-21,-27,-21,-25,-21,-23,-20,-20,-20,-18,-19,-14,-18,-10,-16,-6,-14,-3,-12,-1,-3,0,0,0,0,0,0,0,0,0,0,0,0,0,0,0,0,0,0,-2,7,-8,28,-9,28,-9,28,-9,28,-8,28,-7,26,-5,25,-5,22,-4,18,-4,15,-4,11,-4,7,-5,3,-6,0,-7,-3,-8,-5,-9,-7,-10,-8,-10,-9,-10,-10,-10,-10,-9,-11,-8,-12,-7,-13,-6,-14,-5,-15]"
CSI_DATA,97758,d8:b1:90:db:e8:90,-51,11,1,6,0,0,1,0,0,0,1,-95,0,4,0,1483735282,0,100,0,128,1,"[100,-64,5,0,-4,20,-3,21,-2,22,0,24,2,25,5,25,7,26,10,26,11,27,13,27,14,27,16,28,16,29,17,29,17,30,16,30,15,30,14,30,12,29,10,27,8,24,6,21,3,18,0,15,-2,12,-1,2,0,0,0,0,0,0,0,0,0,0,0,0,0,0,0,0,0,0,5,-5,23,-20,24,-20,25,-20,24,-20,23,-20,21,-20,19,-19,16,-17,14,-14,11,-11,9,-8,7,-5,6,-2,5,2,5,5,4,7,4,9,4,10,4,11,4,12,3,12,2,12,1,13,0,13,-2,14,-2,15]"
CSI_DATA,97759,d8:b1:90:db:e8:90,-51,11,1,6,0,0,1,0,0,0,1,-95,0,4,0,1483751148,0,100,0,128,1,"[100,-64,5,0,-18,-10,-19,-9,-21,-8,-22,-7,-24,-5,-25,-4,-26,-2,-26,0,-27,1,-27,2,-28,3,-29,4,-30,3,-30,3,-31,2,-31,1,-31,0,-30,-1,-28,-1,-27,-2,-24,-2,-21,-3,-18,-3,-15,-4,-11,-4,-3,-1,0,0,0,0,0,0,0,0,0,0,0,0,0,0,0,0,0,0,3,5,13,22,12,22,12,22,12,22,12,21,12,20,11,18,10,16,9,14,7,12,5,10,3,8,1,6,-2,4,-3,3,-5,3,-7,2,-7,2,-8,1,-8,0,-9,-2,-9,-3,-9,-4,-10,-6,-11,-7,-12,-8]"
CSI_DATA,97760,d8:b1:90:db:e8:90,-51,11,1,6,0,0,1,0,0,0,1,-95,0,4,0,1483766385,0,100,0,128,1,"[100,-64,5,0,4,20,6,21,8,22,10,22,12,22,15,21,17,20,18,20,19,19,20,19,20,19,21,19,20,20,20,21,20,22,19,23,18,24,17,24,16,23,14,23,13,21,11,19,9,17,6,14,4,12,0,2,0,0,0,0,0,0,0,0,0,0,0,0,0,0,0,0,0,0,1,-7,6,-26,7,-26,7,-26,7,-25,6,-24,6,-23,5,-21,4,-19,4,-16,4,-14,4,-11,4,-8,5,-6,5,-4,6,-2,6,-1,6,0,5,1,5,2,4,3,3,4,2,6,2,7,1,9,0,11,0,13]"
CSI_DATA,97761,d8:b1:90:db:e8:90,-51,11,1,6,0,0,1,0,0,0,1,-95,0,4,0,1483777805,0,100,0,128,1,"[100,-64,5,0,-22,0,-24,1,-25,4,-26,7,-26,9,-25,11,-25,14,-24,15,-23,17,-22,18,-22,18,-22,18,-23,18,-23,17,-24,17,-25,16,-26,15,-26,14,-26,12,-25,11,-24,10,-22,8,-20,7,-17,5,-15,3,-4,0,0,0,0,0,0,0,0,0,0,0,0,0,0,0,0,0,0,0,4,4,18,17,18,18,18,18,17,17,17,16,16,15,14,14,13,13,10,12,8,10,6,9,3,9,1,8,0,8,-2,8,-3,8,-4,8,-4,7,-4,7,-5,5,-5,4,-6,3,-8,1,-10,0,-11,-1,-13,-2]"
CSI_DATA,97762,d8:b1:90:db:e8:90,-51,11,1,6,0,0,1,0,0,0,1,-95,0,4,0,1483806741,0,100,0,128,1,"[100,-64,5,0,8,-20,7,-23,6,-25,4,-28,1,-29,-1,-30,-3,-30,-6,-30,-7,-30,-8,-29,-9,-28,-8,-28,-8,-27,-6,-27,-5,-27,-3,-27,-1,-27,1,-27,3,-27,4,-27,5,-26,5,-24,5,-22,6,-19,6,-17,1,-4,0,0,0,0,0,0,0,0,0,0,0,0,0,0,0,0,0,0,-4,4,-17,16,-17,16,-17,16,-17,16,-15,15,-14,14,-13,13,-11,11,-10,9,-9,6,-8,4,-8,1,-8,-1,-9,-3,-9,-4,-9,-4,-10,-5,-9,-5,-9,-4,-8,-4,-6,-4,-4,-4,-2,-5,0,-6,3,-8,5,-10]"
CSI_DATA,97763,d8:b1:90:db:e8:90,-51,11,1,6,0,0,1,0,0,0,1,-95,0,4,0,1483820872,0,100,0,128,1,"[100,-64,5,0,-14,-17,-24,-11,-33,-14,-31,-14,-30,-3,-36,9,-41,11,-34,11,-24,22,-25,31,-26,28,-15,25,-7,31,-12,36,-16,30,-8,24,0,31,-6,36,-11,30,-4,23,4,29,-1,33,-3,24,6,19,13,24,3,7,0,0,0,0,0,0,0,0,0,0,0,0,0,0,0,0,0,0,-3,-7,-11,-26,-13,-24,-16,-22,-18,-21,-18,-18,-19,-13,-20,-10,-18,-9,-14,-7,-13,-4,-12,-5,-8,-8,-6,-7,-8,-7,-11,-10,-10,-12,-9,-9,-13,-6,-16,-8,-13,-8,-9,-4,-10,0,-11,-3,-6,-8,-2,-7,-4,-4]"
CSI_DATA,97764,d8:b1:90:db:e8:90,-51,11,1,6,0,0,1,0,0,0,1,-95,0,4,0,1483833091,0,100,0,128,1,"[100,-64,5,0,-15,-18,-18,-20,-21,-21,-24,-21,-27,-20,-30,-18,-32,-16,-33,-14,-34,-11,-34,-9,-34,-8,-33,-7,-32,-7,-30,-7,-28,-9,-27,-11,-26,-12,-24,-14,-23,-17,-21,-18,-20,-19,-18,-20,-16,-19,-14,-19,-11,-19,-3,-5,0,0,0,0,0,0,0,0,0,0,0,0,0,0,0,0,0,0,0,6,0,24,0,25,0,25,1,24,2,23,2,21,2,19,2,17,1,14,0,11,-2,8,-4,6,-7,4,-9,3,-12,2,-14,3,-15,3,-15,4,-15,4,-15,4,-14,4,-13,3,-11,1,-10,-1,-10,-4,-10,-7]"
CSI_DATA,97765,d8:b1:90:db:e8:90,-51,11,1,6,0,0,1,0,0,0,1,-95,0,4,0,1483846526,0,100,0,128,1,"[100,-64,5,0,15,17,17,18,19,20,22,20,25,19,27,18,29,16,30,14,31,11,31,9,31,7,30,6,29,6,28,6,27,7,25,9,24,10,22,12,20,13,19,15,17,16,15,17,14,17,11,17,8,17,1,4,0,0,0,0,0,0,0,0,0,0,0,0,0,0,0,0,0,0,0,-6,1,-23,1,-24,1,-24,0,-23,-1,-22,-2,-21,-2,-19,-3,-17,-2,-14,-1,-11,1,-8,2,-6,5,-4,7,-2,9,-1,11,-1,13,-1,14,-2,15,-2,15,-2,14,-2,14,-1,13,0,12,2,11,5,11,7]"
CSI_DATA,97766,d8:b1:90:db:e8:90,-52,11,1,6,0,0,1,0,0,0,1,-95,0,4,0,1483861653,0,100,0,128,1,"[100,-64,5,0,6,20,7,21,8,23,10,23,12,23,14,23,16,22,18,21,19,19,20,18,21,16,21,15,20,14,20,14,18,14,17,14,16,15,14,15,12,15,11,16,9,16,7,16,5,16,2,15,0,14,-1,3,0,0,0,0,0,0,0,0,0,0,0,0,0,0,0,0,0,0,2,-4,9,-16,10,-16,10,-17,9,-17,8,-16,7,-16,6,-15,5,-13,4,-11,4,-9,4,-7,4,-4,5,-1,5,1,6,3,7,4,8,5,9,6,10,6,10,7,10,7,10,7,9,8,8,10,7,11,7,13]"
CSI_DATA,97767,d8:b1:90:db:e8:90,-51,11,1,6,0,0,1,0,0,0,1,-95,0,4,0,1483872780,0,100,0,128,1,"[100,-64,5,0,-3,-28,-4,-31,-5,-33,-6,-34,-8,-34,-11,-34,-13,-33,-15,-32,-16,-31,-17,-30,-18,-29,-18,-27,-18,-26,-17,-25,-16,-25,-14,-25,-12,-24,-9,-24,-7,-23,-5,-22,-3,-21,0,-20,2,-18,4,-15,5,-13,1,-3,0,0,0,0,0,0,0,0,0,0,0,0,0,0,0,0,0,0,-1,6,-1,24,-1,24,-1,25,-1,25,0,24,1,23,2,21,2,18,2,16,1,12,1,9,0,5,-2,2,-3,-1,-5,-3,-6,-5,-8,-6,-9,-7,-9,-8,-9,-9,-9,-10,-8,-12,-7,-13,-6,-16,-4,-18,-4,-20]"
CSI_DATA,97768,d8:b1:90:db:e8:90,-51,11,1,6,0,0,1,0,0,0,1,-95,0,4,0,1483883171,0,100,0,128,1,"[100,-64,5,0,29,4,31,3,33,1,34,-1,35,-3,34,-5,34,-8,33,-11,32,-13,30,-15,28,-16,28,-16,27,-16,26,-15,25,-14,25,-13,25,-11,25,-10,24,-8,23,-5,22,-3,21,-1,19,1,16,4,15,6,3,1,0,0,0,0,0,0,0,0,0,0,0,0,0,0,0,0,0,0,-5,-6,-17,-23,-17,-23,-17,-23,-17,-22,-17,-21,-17,-19,-16,-18,-14,-16,-12,-14,-9,-12,-6,-10,-3,-9,0,-8,3,-7,6,-7,8,-7,10,-8,11,-8,12,-8,13,-7,14,-6,15,-5,16,-3,18,-2,20,0,22,1]"
CSI_DATA,97769,d8:b1:90:db:e8:90,-51,11,1,6,0,0,1,0,0,0,1,-95,0,4,0,1483907440,0,100,0,128,1,"[100,-64,5,0,9,22,11,23,13,24,15,23,16,23,18,21,19,19,20,17,21,15,21,14,21,13,20,12,19,12,18,12,17,13,15,13,13,14,11,15,10,15,8,15,7,15,5,14,3,13,1,11,-1,10,-1,2,0,0,0,0,0,0,0,0,0,0,0,0,0,0,0,0,0,0,-4,-6,-14,-21,-14,-22,-13,-22,-14,-21,-13,-20,-13,-19,-12,-17,-10,-15,-9,-13,-6,-11,-4,-9,-1,-7,1,-6,3,-4,5,-4,6,-4,7,-3,8,-3,8,-2,7,0,7,1,6,3,6,6,6,9,5,12,5,14]"
CSI_DATA,97770,d8:b1:90:db:e8:90,-50,11,1,6,0,0,1,0,0,0,1,-95,0,4,0,1483925738,0,100,0,128,1,"[100,-64,5,0,-22,-15,-25,-15,-28,-14,-30,-13,-31,-10,-32,-8,-33,-5,-33,-2,-32,0,-31,2,-30,3,-29,4,-28,4,-27,3,-25,1,-25,0,-24,-2,-23,-4,-22,-6,-21,-8,-19,-9,-17,-10,-15,-10,-12,-11,-10,-12,-3,-3,0,0,0,0,0,0,0,0,0,0,0,0,0,0,0,0,0,0,6,4,24,17,24,18,24,18,24,17,23,16,22,15,20,13,17,12,14,10,11,9,7,9,3,8,0,8,-3,9,-6,9,-8,10,-9,10,-9,10,-9,10,-9,9,-9,7,-9,5,-9,2,-10,-1,-11,-5,-13,-7]"
CSI_DATA,97771,d8:b1:90:db:e8:90,-50,11,1,6,0,0,1,0,0,0,1,-95,0,4,0,1483936805,0,100,0,128,1,"[100,-64,5,0,-10,-20,-12,-22,-15,-23,-17,-23,-19,-22,-21,-21,-23,-18,-25,-16,-26,-14,-26,-12,-25,-10,-25,-9,-24,-8,-23,-9,-21,-9,-20,-10,-18,-11,-16,-13,-14,-14,-13,-15,-11,-15,-9,-15,-7,-15,-5,-14,-3,-14,-1,-4,0,0,0,0,0,0,0,0,0,0,0,0,0,0,0,0,0,0,2,6,8,26,8,26,7,26,8,26,8,25,8,23,7,21,6,18,5,16,2,13,0,10,-3,8,-6,6,-8,5,-11,4,-13,4,-14,4,-14,4,-14,4,-13,4,-12,3,-11,1,-10,-1,-8,-3,-8,-7,-7,-9]"
CSI_DATA,97772,d8:b1:90:db:e8:90,-51,11,1,6,0,0,1,0,0,0,1,-95,0,4,0,1483950000,0,100,0,128,1,"[100,-64,5,0,-19,-12,-21,-13,-24,-13,-26,-12,-28,-10,-29,-7,-30,-5,-30,-2,-30,0,-29,2,-29,4,-28,5,-27,5,-25,5,-24,4,-23,3,-22,1,-22,-1,-21,-3,-20,-4,-18,-5,-16,-7,-15,-8,-13,-10,-11,-11,-3,-3,0,0,0,0,0,0,0,0,0,0,0,0,0,0,0,0,0,0,4,5,19,21,19,22,19,22,19,22,19,20,18,19,17,17,14,15,12,13,8,12,5,10,1,9,-2,9,-5,9,-8,9,-10,10,-12,10,-12,11,-12,11,-11,10,-11,9,-10,7,-10,5,-10,2,-11,-1,-11,-4]"
CSI_DATA,97773,d8:b1:90:db:e8:90,-51,11,1,6,0,0,1,0,0,0,1,-95,0,4,0,1483967536,0,100,0,128,1,"[100,-64,5,0,13,16,14,19,17,20,20,20,22,20,24,19,26,17,28,15,29,12,29,10,29,8,29,7,28,5,27,5,25,5,24,6,22,7,20,9,17,10,15,11,13,12,10,13,7,13,5,13,2,13,0,3,0,0,0,0,0,0,0,0,0,0,0,0,0,0,0,0,0,0,-5,-7,-19,-27,-19,-28,-19,-29,-19,-28,-19,-27,-19,-25,-18,-22,-16,-20,-13,-16,-9,-13,-5,-11,-1,-9,3,-7,7,-6,11,-5,14,-6,16,-6,17,-7,18,-8,17,-8,17,-7,15,-6,14,-4,12,-2,12,2,11,4]"
CSI_DATA,97774,d8:b1:90:db:e8:90,-51,11,1,6,0,0,1,0,0,0,1,-95,0,4,0,1483978347,0,100,0,128,1,"[100,-64,5,0,2,20,2,23,3,25,4,27,6,28,9,28,12,28,14,27,16,25,18,24,20,22,21,21,21,19,21,18,20,18,18,17,16,17,14,17,11,17,8,17,6,17,3,17,0,16,-2,15,-5,14,-2,3,0,0,0,0,0,0,0,0,0,0,0,0,0,0,0,0,0,0,3,-7,15,-27,16,-27,16,-28,15,-28,14,-28,13,-27,11,-25,10,-22,8,-18,8,-14,7,-10,7,-6,8,-1,10,3,11,6,13,8,15,9,16,10,18,10,18,10,17,9,16,9,15,9,12,10,10,11,8,12]"
CSI_DATA,97775,d8:b1:90:db:e8:90,-52,11,1,6,0,0,1,0,0,0,1,-95,0,4,0,1484008628,0,100,0,128,1,"[100,-64,5,0,26,-11,27,-11,27,-12,28,-14,27,-16,26,-17,25,-19,23,-21,22,-23,20,-24,19,-25,18,-25,17,-25,17,-25,17,-25,17,-23,17,-22,17,-20,17,-17,16,-15,15,-12,14,-9,12,-6,11,-3,9,0,2,0,0,0,0,0,0,0,0,0,0,0,0,0,0,0,0,0,0,0,-8,-2,-31,-6,-32,-7,-32,-7,-32,-7,-31,-6,-29,-5,-27,-4,-23,-3,-20,-3,-16,-3,-12,-4,-7,-4,-3,-5,0,-7,3,-9,6,-10,8,-12,9,-13,10,-14,12,-14,13,-14,14,-14,15,-13,16,-12,18,-11,20,-11]"
CSI_DATA,97776,d8:b1:90:db:e8:90,-51,11,1,6,0,0,1,0,0,0,1,-95,0,4,0,1484019120,0,100,0,128,1,"[100,-64,5,0,-25,-15,-26,-14,-27,-14,-29,-13,-30,-11,-31,-9,-31,-6,-31,-4,-31,-2,-31,0,-31,1,-30,3,-30,3,-29,3,-29,2,-28,2,-27,1,-26,0,-24,-2,-22,-3,-19,-4,-17,-5,-13,-6,-10,-7,-7,-8,-2,-3,0,0,0,0,0,0,0,0,0,0,0,0,0,0,0,0,0,0,3,6,12,25,11,26,11,26,11,25,10,25,10,24,9,22,8,19,7,17,4,14,2,12,-1,9,-3,7,-5,5,-8,3,-10,2,-12,2,-13,1,-14,0,-15,-1,-16,-2,-16,-4,-17,-5,-18,-7,-18,-9,-19,-11]"
CSI_DATA,97777,d8:b1:90:db:e8:90,-51,11,1,6,0,0,1,0,0,0,1,-95,0,4,0,1484038056,0,100,0,128,1,"[100,-64,5,0,21,-14,21,-15,22,-18,21,-20,20,-22,18,-23,16,-25,14,-26,12,-26,11,-26,10,-26,9,-26,8,-26,9,-25,9,-24,10,-23,10,-22,11,-21,11,-20,11,-18,11,-16,10,-13,10,-11,9,-8,9,-5,2,-1,0,0,0,0,0,0,0,0,0,0,0,0,0,0,0,0,0,0,-7,0,-26,3,-26,2,-26,2,-26,2,-25,2,-24,2,-22,2,-20,1,-17,1,-15,-1,-12,-2,-9,-4,-7,-5,-5,-7,-4,-8,-3,-9,-2,-10,-1,-10,0,-10,1,-10,3,-10,5,-9,7,-9,10,-9,12,-9,15,-9]"
CSI_DATA,97778,d8:b1:90:db:e8:90,-51,11,1,6,0,0,1,0,0,0,1,-95,0,4,0,1484049792,0,100,0,128,1,"[100,-64,5,0,-19,-18,-21,-18,-23,-17,-25,-16,-27,-15,-28,-12,-29,-10,-29,-8,-29,-6,-29,-4,-28,-3,-28,-2,-27,-2,-26,-2,-26,-3,-25,-4,-25,-5,-24,-6,-22,-7,-21,-8,-19,-8,-17,-8,-14,-8,-11,-8,-9,-8,-2,-2,0,0,0,0,0,0,0,0,0,0,0,0,0,0,0,0,0,0,2,5,10,23,10,24,9,24,9,23,9,22,8,21,7,20,6,17,4,15,3,13,0,11,-2,10,-4,8,-5,7,-7,6,-8,6,-9,5,-9,4,-9,3,-9,2,-9,0,-9,-2,-9,-5,-10,-7,-11,-10,-11,-12]"
CSI_DATA,97779,d8:b1:90:db:e8:90,-51,11,1,6,0,0,1,0,0,0,1,-95,0,4,0,1484061309,0,100,0,128,1,"[100,-64,5,0,-1,26,0,28,2,30,5,30,7,30,10,30,12,29,14,27,16,26,17,24,18,23,18,22,17,21,17,21,16,21,14,21,13,21,11,21,9,21,8,20,6,19,5,18,3,16,1,14,-1,11,-1,2,0,0,0,0,0,0,0,0,0,0,0,0,0,0,0,0,0,0,2,-7,8,-27,9,-27,9,-26,9,-26,9,-25,8,-24,8,-22,7,-19,7,-16,7,-13,8,-10,8,-8,9,-5,10,-2,10,-1,11,0,11,1,11,2,10,2,9,3,7,4,5,5,4,8,2,10,0,13,-1,15]"
CSI_DATA,97780,d8:b1:90:db:e8:90,-50,11,1,7,0,0,1,0,0,0,1,-95,0,4,0,1484072658,0,100,0,128,1,"[100,-64,5,0,4,-25,4,-24,3,-24,3,-24,1,-23,0,-23,-1,-23,-1,-24,-2,-24,-2,-24,-3,-24,-4,-24,-4,-25,-4,-25,-4,-25,-4,-25,-3,-26,-3,-26,-2,-26,-2,-25,-1,-25,-1,-25,0,-25,2,-25,3,-25,0,-7,0,0,0,0,0,0,0,0,0,0,0,0,0,0,0,0,0,0,0,-5,3,-20,4,-20,6,-21,7,-21,8,-21,9,-22,10,-22,10,-22,11,-23,11,-23,12,-23,12,-23,12,-23,11,-23,11,-23,11,-23,10,-23,10,-24,9,-23,9,-23,8,-24,8,-24,7,-25,7,-25,7,-25,7,-25]"
CSI_DATA,97781,d8:b1:90:db:e8:90,-51,11,1,7,0,0,1,0,0,0,1,-95,0,4,0,1484083850,0,100,0,128,1,"[100,-64,5,0,1,-25,1,-24,0,-24,-1,-23,-2,-23,-3,-23,-3,-23,-4,-23,-5,-23,-5,-23,-6,-23,-6,-23,-7,-23,-7,-24,-7,-24,-6,-25,-6,-25,-5,-25,-5,-25,-4,-25,-4,-25,-3,-25,-2,-25,0,-24,1,-24,0,-6,0,0,0,0,0,0,0,0,0,0,0,0,0,0,0,0,0,0,0,-5,1,-20,2,-21,2,-21,3,-22,4,-22,4,-23,5,-23,5,-23,5,-24,6,-24,7,-24,7,-24,7,-24,7,-24,8,-24,8,-24,8,-25,7,-25,6,-25,5,-25,5,-25,4,-26,5,-26,4,-26,4,-25,4,-25]"
CSI_DATA,97782,d8:b1:90:db:e8:90,-51,11,1,7,0,0,1,0,0,0,1,-95,0,4,0,1484095841,0,100,0,128,1,"[100,-64,5,0,-23,9,-22,9,-21,9,-21,10,-20,10,-20,11,-19,12,-18,12,-18,13,-18,13,-18,14,-19,14,-19,14,-19,15,-19,15,-20,15,-20,14,-20,14,-20,13,-21,13,-21,13,-22,12,-22,11,-23,10,-23,9,-6,2,0,0,0,0,0,0,0,0,0,0,0,0,0,0,0,0,0,0,-5,1,-20,7,-21,6,-21,5,-22,4,-22,4,-23,3,-24,3,-24,2,-25,2,-25,2,-25,1,-25,1,-25,1,-25,1,-25,2,-26,3,-25,4,-25,4,-25,4,-25,5,-25,5,-25,6,-24,6,-24,7,-24,7,-24,7]"
CSI_DATA,97783,d8:b1:90:db:e8:90,-51,11,1,7,0,0,1,0,0,0,1,-95,0,4,0,1484117117,0,100,0,128,1,"[100,-64,5,0,-24,7,-23,7,-22,8,-22,9,-21,9,-21,10,-20,11,-19,12,-19,12,-19,13,-19,13,-20,14,-21,14,-21,14,-21,15,-22,14,-22,14,-22,14,-22,13,-23,13,-23,13,-24,12,-24,11,-25,9,-25,8,-7,1,0,0,0,0,0,0,0,0,0,0,0,0,0,0,0,0,0,0,-6,1,-23,4,-23,3,-23,1,-24,1,-24,0,-25,0,-26,-1,-26,-1,-26,-1,-27,-2,-27,-2,-26,-2,-26,-2,-26,-2,-27,-1,-27,0,-27,0,-27,1,-27,2,-27,2,-27,3,-26,4,-26,4,-26,5,-26,5,-26,5]"
CSI_DATA,97784,d8:b1:90:db:e8:90,-52,11,1,7,0,0,1,0,0,0,1,-95,0,4,0,1484131487,0,100,0,128,1,"[100,-64,5,0,11,-20,11,-20,10,-20,9,-20,8,-21,7,-21,7,-21,6,-21,5,-22,5,-22,4,-23,4,-23,4,-24,4,-25,5,-25,5,-25,6,-26,6,-25,7,-25,7,-25,8,-25,9,-24,10,-23,11,-23,12,-22,3,-6,0,0,0,0,0,0,0,0,0,0,0,0,0,0,0,0,0,0,3,-5,12,-18,13,-17,14,-17,14,-17,15,-17,16,-17,17,-16,18,-16,18,-17,18,-17,18,-17,18,-17,18,-17,18,-17,18,-17,18,-18,17,-18,17,-18,17,-18,16,-18,16,-19,16,-19,15,-19,14,-20,14,-20,14,-21]"
CSI_DATA,97785,d8:b1:90:db:e8:90,-52,11,1,7,0,0,1,0,0,0,1,-95,0,4,0,1484142340,0,100,0,128,1,"[100,-64,5,0,17,-17,16,-17,15,-17,15,-17,14,-17,13,-18,13,-18,12,-19,12,-19,12,-20,11,-20,11,-21,11,-21,11,-22,12,-22,13,-21,14,-21,14,-21,14,-21,15,-20,16,-19,16,-19,17,-18,19,-17,19,-15,5,-4,0,0,0,0,0,0,0,0,0,0,0,0,0,0,0,0,0,0,3,-4,15,-14,16,-13,17,-12,18,-12,19,-12,19,-12,20,-12,21,-12,22,-12,22,-12,23,-12,23,-12,23,-12,23,-12,22,-12,22,-12,22,-13,21,-13,20,-14,19,-14,19,-15,19,-15,19,-15,18,-15,18,-15,18,-16]"
CSI_DATA,97786,d8:b1:90:db:e8:90,-51,11,1,7,0,0,1,0,0,0,1,-95,0,4,0,1484160398,0,100,0,128,1,"[100,-64,5,0,-9,-13,-14,-9,-20,-8,-23,-9,-23,-10,-21,-10,-16,-7,-13,0,-14,7,-18,13,-23,14,-26,11,-22,8,-15,7,-8,11,-4,18,-6,25,-9,27,-13,25,-12,19,-7,15,0,16,4,21,4,26,1,27,0,7,0,0,0,0,0,0,0,0,0,0,0,0,0,0,0,0,0,0,1,1,7,4,13,3,20,5,22,11,20,14,15,13,12,8,13,0,18,-6,24,-6,27,-1,26,2,21,2,16,-2,13,-9,13,-15,15,-19,17,-20,17,-19,14,-16,9,-15,3,-16,-3,-19,-5,-23,-5,-26,-4,-26]"
CSI_DATA,97787,d8:b1:90:db:e8:90,-52,11,1,7,0,0,1,0,0,0,1,-95,0,4,0,1484173491,0,100,0,128,1,"[100,-64,5,0,16,12,16,11,17,11,17,10,17,9,17,8,18,8,18,7,18,6,19,6,19,6,20,5,20,5,20,5,21,6,21,6,21,6,21,7,21,7,20,8,20,9,19,10,19,10,18,11,17,12,4,3,0,0,0,0,0,0,0,0,0,0,0,0,0,0,0,0,0,0,3,2,14,11,13,11,12,12,12,13,12,13,12,14,13,14,13,15,13,15,13,16,12,17,11,18,11,18,12,18,12,17,12,17,12,17,13,17,13,16,13,15,14,15,14,15,14,14,15,14,15,14,15,14]"
CSI_DATA,97788,d8:b1:90:db:e8:90,-52,11,1,7,0,0,1,0,0,0,1,-95,0,4,0,1484184604,0,100,0,128,1,"[100,-64,5,0,13,18,13,18,14,17,14,16,15,16,15,15,16,14,16,14,16,13,17,13,17,13,18,13,19,13,19,13,19,14,19,15,19,15,19,15,19,16,18,16,17,16,16,16,15,17,14,18,13,19,3,5,0,0,0,0,0,0,0,0,0,0,0,0,0,0,0,0,0,0,2,4,10,16,9,17,8,18,7,18,7,19,7,19,8,19,8,20,8,21,8,21,8,21,8,21,8,22,8,22,8,22,8,21,8,21,9,21,9,20,10,20,10,20,11,20,11,20,12,20,12,19,13,19]"
CSI_DATA,97789,d8:b1:90:db:e8:90,-52,11,1,7,0,0,1,0,0,0,1,-95,0,4,0,1484212238,0,100,0,128,1,"[100,-64,5,0,23,-2,23,-2,22,-3,22,-3,22,-4,22,-5,22,-6,22,-7,21,-7,21,-8,22,-9,22,-9,22,-9,23,-10,23,-10,24,-10,24,-9,24,-9,24,-8,25,-7,24,-6,24,-5,25,-4,24,-3,24,-1,6,0,0,0,0,0,0,0,0,0,0,0,0,0,0,0,0,0,0,0,4,-1,18,-2,19,-1,19,0,19,1,20,1,21,2,21,2,21,2,22,3,22,3,23,3,23,3,23,3,23,4,23,4,23,4,23,4,23,3,23,3,23,3,23,2,23,2,23,1,23,1,23,0,23,-1]"
CSI_DATA,97790,d8:b1:90:db:e8:90,-52,11,1,6,0,0,1,0,0,0,1,-95,0,4,0,1484228173,0,100,0,128,1,"[100,-64,5,0,17,10,19,10,21,10,23,9,25,7,26,5,26,3,27,1,27,-1,27,-2,26,-3,26,-4,26,-4,26,-4,25,-3,25,-2,24,0,23,1,21,2,20,3,19,4,16,5,14,7,11,7,9,8,2,2,0,0,0,0,0,0,0,0,0,0,0,0,0,0,0,0,0,0,-4,-5,-14,-18,-14,-19,-14,-19,-14,-19,-14,-18,-14,-17,-13,-16,-12,-14,-10,-12,-9,-11,-7,-9,-4,-8,-2,-7,0,-6,2,-5,4,-5,5,-5,6,-4,7,-4,8,-3,8,-2,9,0,9,1,10,3,11,5,12,6]"
CSI_DATA,97791,d8:b1:90:db:e8:90,-51,11,1,6,0,0,1,0,0,0,1,-95,0,4,0,1484241012,0,100,0,128,1,"[100,-64,5,0,-8,-25,-10,-27,-13,-28,-15,-29,-18,-29,-21,-27,-23,-26,-25,-24,-27,-22,-28,-21,-29,-19,-29,-18,-29,-18,-28,-18,-27,-18,-26,-19,-24,-20,-23,-20,-20,-20,-18,-21,-16,-21,-13,-20,-11,-19,-7,-18,-4,-17,-1,-4,0,0,0,0,0,0,0,0,0,0,0,0,0,0,0,0,0,0,-2,7,-6,28,-7,28,-7,28,-7,28,-6,27,-5,26,-5,24,-4,22,-3,19,-4,16,-4,13,-5,10,-6,6,-7,3,-8,1,-10,-1,-10,-2,-11,-3,-11,-4,-11,-5,-10,-6,-9,-8,-8,-10,-7,-12,-6,-14,-6,-16]"
CSI_DATA,97792,d8:b1:90:db:e8:90,-51,11,1,6,0,0,1,0,0,0,1,-95,0,4,0,1484251376,0,100,0,128,1,"[100,-64,5,0,0,21,1,23,3,24,5,24,7,25,10,25,12,24,13,23,15,22,16,21,16,21,17,21,17,20,16,20,15,20,14,20,13,20,11,20,10,20,8,20,6,19,4,18,2,17,0,15,-2,13,-1,3,0,0,0,0,0,0,0,0,0,0,0,0,0,0,0,0,0,0,1,-6,5,-23,6,-23,6,-23,6,-23,5,-22,4,-21,4,-20,3,-18,3,-16,3,-13,3,-11,3,-8,4,-5,5,-3,6,-1,6,0,6,1,7,2,6,3,6,4,5,5,4,6,3,8,2,9,1,12,1,13]"
CSI_DATA,97793,d8:b1:90:db:e8:90,-51,11,1,6,0,0,1,0,0,0,1,-95,0,4,0,1484263814,0,100,0,128,1,"[100,-64,5,0,-26,4,-28,6,-29,8,-30,11,-30,14,-29,17,-28,19,-27,21,-25,23,-23,24,-22,25,-22,25,-21,25,-21,24,-22,23,-22,22,-23,21,-23,19,-24,17,-24,15,-23,13,-22,11,-21,8,-19,5,-18,2,-5,0,0,0,0,0,0,0,0,0,0,0,0,0,0,0,0,0,0,0,7,1,28,7,28,7,28,7,28,7,27,6,26,5,24,4,21,4,19,4,15,4,12,4,9,5,6,6,3,7,1,8,-1,8,-2,9,-3,9,-4,9,-5,8,-6,7,-8,6,-10,5,-12,4,-15,3,-17,3]"
CSI_DATA,97794,d8:b1:90:db:e8:90,-51,11,1,6,0,0,1,0,0,0,1,-95,0,4,0,1484274796,0,100,0,128,1,"[100,-64,5,0,-20,10,-21,12,-22,14,-21,17,-20,19,-19,21,-18,22,-16,24,-15,25,-13,25,-12,26,-11,26,-11,26,-12,25,-12,24,-13,23,-14,22,-15,21,-16,19,-16,18,-16,16,-16,14,-15,11,-15,8,-14,6,-4,1,0,0,0,0,0,0,0,0,0,0,0,0,0,0,0,0,0,0,5,-2,23,-6,24,-5,24,-5,23,-6,23,-6,21,-6,20,-6,18,-5,15,-4,13,-3,11,-1,9,0,7,2,5,3,4,5,3,6,2,6,1,7,0,7,-1,7,-2,6,-4,6,-6,5,-8,5,-11,5,-13,5]"
CSI_DATA,97795,d8:b1:90:db:e8:90,-51,11,1,6,0,0,1,0,0,0,1,-95,0,4,0,1484286425,0,100,0,128,1,"[100,-64,5,0,-11,-24,-13,-25,-16,-26,-19,-26,-21,-25,-24,-24,-26,-22,-28,-20,-29,-18,-30,-16,-30,-15,-31,-14,-30,-14,-29,-15,-28,-16,-27,-17,-26,-18,-25,-19,-23,-19,-21,-20,-19,-20,-17,-19,-14,-19,-11,-17,-8,-16,-2,-4,0,0,0,0,0,0,0,0,0,0,0,0,0,0,0,0,0,0,0,7,2,29,1,29,1,29,2,29,2,28,2,26,2,24,2,22,1,19,0,16,-1,13,-3,10,-4,7,-6,5,-8,3,-9,2,-10,1,-10,1,-9,-1,-9,-2,-9,-3,-8,-5,-7,-7,-6,-10,-6,-13,-6,-15]"
CSI_DATA,97796,d8:b1:90:db:e8:90,-51,11,1,6,0,0,1,0,0,0,1,-95,0,4,0,1484315219,0,100,0,128,1,"[100,-64,5,0,-17,-14,-20,-14,-22,-14,-24,-13,-26,-11,-28,-9,-29,-6,-29,-4,-29,-2,-29,-1,-29,1,-29,1,-29,1,-28,1,-28,0,-28,-2,-27,-3,-27,-5,-26,-6,-25,-7,-23,-8,-21,-9,-19,-9,-16,-10,-13,-10,-3,-3,0,0,0,0,0,0,0,0,0,0,0,0,0,0,0,0,0,0,3,5,12,22,12,22,12,22,12,22,12,20,11,19,10,18,9,16,8,14,6,12,3,10,1,8,-1,7,-3,6,-5,6,-6,5,-7,5,-7,5,-7,4,-7,3,-7,1,-7,0,-7,-2,-8,-5,-9,-7,-9,-9]"
CSI_DATA,97797,d8:b1:90:db:e8:90,-51,11,1,6,0,0,1,0,0,0,1,-95,0,4,0,1484326618,0,100,0,128,1,"[100,-64,5,0,-25,4,-27,6,-28,9,-28,12,-28,15,-27,18,-26,20,-25,22,-23,24,-22,25,-21,25,-20,26,-20,26,-20,25,-21,24,-22,23,-23,22,-24,20,-24,18,-24,17,-23,15,-22,12,-21,10,-20,7,-19,4,-5,0,0,0,0,0,0,0,0,0,0,0,0,0,0,0,0,0,0,0,7,2,29,8,29,8,29,8,28,8,27,7,26,6,23,6,21,5,18,5,15,5,11,5,8,6,6,7,3,8,1,9,0,9,-1,10,-2,10,-3,9,-3,8,-4,7,-6,5,-8,4,-10,3,-13,2,-15,2]"
CSI_DATA,97798,d8:b1:90:db:e8:90,-51,11,1,6,0,0,1,0,0,0,1,-95,0,4,0,1484345532,0,100,0,128,1,"[100,-64,5,0,9,18,11,19,14,19,16,19,19,18,21,17,22,15,24,14,24,12,25,11,25,10,26,9,25,9,25,10,24,11,23,12,23,13,22,14,20,15,19,15,17,15,15,15,12,14,9,13,7,13,1,3,0,0,0,0,0,0,0,0,0,0,0,0,0,0,0,0,0,0,-1,-7,-3,-26,-3,-26,-2,-26,-3,-26,-3,-24,-3,-23,-3,-21,-3,-19,-2,-16,-1,-13,0,-11,2,-9,3,-7,5,-5,6,-4,7,-3,7,-3,8,-2,8,-1,7,-1,6,0,6,2,5,4,5,6,5,9,5,10]"
CSI_DATA,97799,d8:b1:90:db:e8:90,-51,11,1,6,0,0,1,0,0,0,1,-95,0,4,0,1484362068,0,100,0,128,1,"[100,-64,5,0,3,19,5,21,7,22,10,23,12,23,14,22,17,21,18,20,20,19,21,17,22,17,22,16,22,16,22,16,21,16,20,17,19,18,18,19,16,19,14,19,13,18,11,18,9,17,6,16,3,15,0,3,0,0,0,0,0,0,0,0,0,0,0,0,0,0,0,0,0,0,2,-6,11,-23,12,-23,12,-23,11,-23,10,-23,9,-21,8,-20,8,-17,7,-15,7,-12,6,-10,7,-7,7,-4,7,-2,8,-1,8,0,8,1,9,2,8,2,8,3,7,4,5,4,4,6,3,8,2,10,2,12]"
CSI_DATA,97800,d8:b1:90:db:e8:90,-50,11,1,6,0,0,1,0,0,0,1,-95,0,4,0,1484374802,0,100,0,128,1,"[100,-64,5,0,-16,19,-16,21,-15,24,-13,27,-11,29,-9,30,-6,32,-4,32,-1,32,1,32,2,32,3,32,3,32,2,32,1,32,-1,31,-2,31,-3,30,-5,29,-6,28,-7,26,-8,24,-9,21,-10,18,-11,15,-3,3,0,0,0,0,0,0,0,0,0,0,0,0,0,0,0,0,0,0,7,-2,31,-6,31,-5,31,-5,30,-5,29,-5,27,-6,25,-5,22,-5,19,-3,16,-2,13,0,10,2,8,4,7,7,6,9,5,10,5,11,4,11,3,11,3,11,1,10,0,10,-2,10,-4,10,-7,11,-9,12]"
CSI_DATA,97801,d8:b1:90:db:e8:90,-51,11,1,6,0,0,1,0,0,0,1,-95,0,4,0,1484386428,0,100,0,128,1,"[100,-64,5,0,-22,-10,-25,-9,-27,-8,-29,-6,-31,-4,-32,-1,-32,1,-32,3,-32,5,-32,7,-32,8,-31,9,-31,8,-31,7,-31,6,-31,5,-31,3,-30,2,-29,0,-28,-1,-26,-2,-23,-3,-21,-4,-18,-5,-15,-6,-4,-2,0,0,0,0,0,0,0,0,0,0,0,0,0,0,0,0,0,0,6,4,24,17,24,18,24,18,24,17,23,16,22,14,20,13,18,11,15,10,12,8,8,7,5,6,2,6,0,5,-3,6,-5,6,-6,6,-6,6,-7,5,-7,4,-7,3,-8,1,-9,-1,-10,-3,-12,-5,-13,-6]"
CSI_DATA,97802,d8:b1:90:db:e8:90,-51,11,1,6,0,0,1,0,0,0,1,-95,0,4,0,1484398790,0,100,0,128,1,"[100,-64,5,0,16,-18,16,-20,16,-23,15,-26,13,-28,11,-30,9,-32,7,-33,5,-33,3,-33,1,-33,1,-33,1,-33,2,-33,3,-32,4,-31,6,-31,7,-30,8,-28,9,-27,10,-25,10,-22,11,-19,11,-16,12,-13,3,-3,0,0,0,0,0,0,0,0,0,0,0,0,0,0,0,0,0,0,-8,2,-31,8,-32,8,-32,7,-31,7,-29,8,-27,8,-25,7,-22,7,-19,5,-16,3,-13,1,-10,-2,-8,-4,-7,-6,-6,-8,-5,-10,-5,-11,-5,-11,-4,-11,-3,-11,-2,-11,0,-10,2,-10,4,-9,7,-10,9,-11]"
CSI_DATA,97803,d8:b1:90:db:e8:90,-51,11,1,6,0,0,1,0,0,0,1,-95,0,4,0,1484410550,0,100,0,128,1,"[100,-64,5,0,14,18,16,19,19,18,22,18,25,16,27,14,28,12,30,10,30,7,30,5,31,4,31,4,31,4,31,4,30,5,30,6,29,7,28,8,27,10,25,11,23,11,21,11,18,11,15,11,11,11,2,3,0,0,0,0,0,0,0,0,0,0,0,0,0,0,0,0,0,0,1,-8,5,-32,5,-32,5,-32,5,-31,3,-30,3,-28,2,-25,2,-22,2,-19,3,-15,3,-12,5,-9,6,-6,8,-4,9,-2,11,-1,12,-1,12,-1,12,0,12,0,11,1,10,3,9,4,9,6,9,8,9,10]"
CSI_DATA,97804,d8:b1:90:db:e8:90,-51,11,1,6,0,0,1,0,0,0,1,-95,0,4,0,1484437566,0,100,0,128,1,"[100,-64,5,0,-19,6,-20,8,-21,10,-21,12,-21,15,-20,17,-19,19,-17,21,-16,22,-15,22,-14,23,-14,23,-14,23,-14,23,-15,22,-16,21,-16,20,-17,19,-17,17,-18,16,-17,14,-17,12,-16,10,-15,7,-14,4,-4,0,0,0,0,0,0,0,0,0,0,0,0,0,0,0,0,0,0,0,5,2,23,10,23,10,23,10,23,10,22,9,21,7,19,6,16,5,14,5,11,5,8,5,5,6,3,6,1,7,-1,8,-2,9,-3,9,-3,9,-4,9,-4,9,-4,8,-6,7,-7,6,-9,5,-10,4,-12,4]"
CSI_DATA,97805,d8:b1:90:db:e8:90,-51,11,1,6,0,0,1,0,0,0,1,-95,0,4,0,1484450118,0,100,0,128,1,"[100,-64,5,0,-1,24,0,26,3,27,5,28,8,28,11,28,14,28,16,27,18,26,19,25,20,24,21,24,21,24,21,24,19,24,18,25,17,25,15,25,14,25,12,24,10,23,8,22,5,20,3,17,0,15,-1,3,0,0,0,0,0,0,0,0,0,0,0,0,0,0,0,0,0,0,5,-6,20,-23,21,-23,21,-23,20,-22,19,-22,17,-21,15,-19,13,-17,12,-14,10,-12,9,-8,8,-5,8,-2,7,1,7,3,7,4,8,5,8,6,7,7,6,7,5,8,4,9,2,10,1,11,0,13,-1,15]"
CSI_DATA,97806,d8:b1:90:db:e8:90,-51,11,1,6,0,0,1,0,0,0,1,-95,0,4,0,1484467359,0,100,0,128,1,"[100,-64,5,0,-4,-20,-6,-22,-8,-23,-10,-23,-12,-23,-15,-23,-17,-22,-19,-20,-20,-19,-21,-18,-22,-17,-22,-17,-22,-17,-22,-17,-21,-18,-20,-19,-19,-19,-18,-20,-17,-20,-16,-20,-14,-20,-12,-19,-10,-17,-7,-16,-4,-15,-1,-4,0,0,0,0,0,0,0,0,0,0,0,0,0,0,0,0,0,0,-5,4,-20,16,-21,16,-21,16,-20,16,-18,15,-17,15,-15,14,-13,12,-11,10,-10,7,-9,5,-8,2,-8,-1,-8,-3,-8,-5,-8,-6,-9,-6,-9,-7,-9,-7,-8,-7,-8,-8,-6,-9,-5,-9,-4,-11,-3,-12,-2,-14]"
CSI_DATA,97807,d8:b1:90:db:e8:90,-51,11,1,6,0,0,1,0,0,0,1,-95,0,4,0,1484479093,0,100,0,128,1,"[100,-64,5,0,-19,15,-19,17,-18,20,-17,23,-15,25,-13,27,-11,29,-9,30,-7,30,-5,31,-4,31,-4,31,-4,31,-4,31,-5,31,-6,30,-7,30,-9,28,-10,27,-11,25,-11,23,-11,21,-12,18,-13,14,-13,11,-4,2,0,0,0,0,0,0,0,0,0,0,0,0,0,0,0,0,0,0,7,1,29,4,30,4,30,4,29,3,28,2,26,1,23,1,20,0,18,1,14,2,11,3,8,4,6,5,3,7,2,9,1,10,0,10,0,11,-1,11,-1,10,-2,10,-4,9,-6,9,-8,9,-10,9,-12,9]"
CSI_DATA,97808,d8:b1:90:db:e8:90,-51,11,1,6,0,0,1,0,0,0,1,-95,0,4,0,1484491233,0,100,0,128,1,"[100,-64,5,0,-21,1,-22,2,-23,4,-24,7,-24,9,-24,12,-23,14,-22,16,-21,17,-21,18,-21,18,-20,19,-20,19,-20,18,-21,17,-22,16,-22,15,-22,14,-22,12,-22,11,-21,9,-20,7,-18,5,-16,2,-15,0,-4,-1,0,0,0,0,0,0,0,0,0,0,0,0,0,0,0,0,0,0,5,3,20,14,20,14,20,14,20,13,20,12,19,11,17,9,15,8,13,7,10,7,7,6,4,6,2,6,0,6,-2,6,-4,7,-5,7,-5,7,-5,7,-6,6,-6,5,-7,4,-9,3,-10,1,-12,0,-13,0]"
CSI_DATA,97809,d8:b1:90:db:e8:90,-51,11,1,6,0,0,1,0,0,0,1,-95,0,4,0,1484523039,0,100,0,128,1,"[100,-64,5,0,13,-15,14,-17,13,-19,12,-22,10,-24,8,-26,6,-27,4,-28,2,-28,1,-28,0,-28,-1,-28,-1,-28,0,-28,1,-28,2,-27,3,-27,4,-27,5,-26,6,-25,7,-23,8,-21,8,-18,9,-15,10,-13,2,-3,0,0,0,0,0,0,0,0,0,0,0,0,0,0,0,0,0,0,-7,-2,-25,-7,-26,-7,-26,-7,-25,-6,-25,-5,-23,-4,-21,-3,-19,-3,-16,-3,-13,-4,-10,-4,-8,-6,-6,-7,-4,-8,-3,-10,-2,-11,-2,-11,-2,-12,-1,-12,-1,-12,0,-11,1,-10,3,-10,5,-9,7,-10,8,-10]"
CSI_DATA,97810,d8:b1:90:db:e8:90,-50,11,1,6,0,0,1,0,0,0,1,-95,0,4,0,1484533062,0,100,0,128,1,"[100,-64,5,0,-26,3,-28,5,-29,8,-29,10,-29,13,-29,16,-28,19,-27,21,-26,23,-25,24,-24,24,-23,25,-23,24,-24,24,-24,23,-25,21,-26,19,-26,17,-26,15,-26,13,-25,11,-23,8,-21,5,-19,3,-17,0,-4,-1,0,0,0,0,0,0,0,0,0,0,0,0,0,0,0,0,0,0,7,1,30,7,30,8,30,8,30,7,29,6,27,5,25,4,22,3,19,3,15,3,11,4,8,4,5,5,2,6,0,7,-2,8,-3,9,-4,9,-4,9,-5,8,-6,7,-7,6,-9,4,-11,3,-14,2,-16,1]"
CSI_DATA,97811,d8:b1:90:db:e8:90,-50,11,1,6,0,0,1,0,0,0,1,-95,0,4,0,1484553250,0,100,0,128,1,"[100,-64,5,0,24,0,24,-4,28,-10,30,-11,26,-15,23,-23,22,-27,18,-27,13,-30,12,-32,10,-31,4,-32,3,-35,4,-33,1,-30,1,-33,4,-34,3,-29,0,-29,1,-30,3,-26,0,-23,1,-24,4,-19,2,-12,0,-3,0,0,0,0,0,0,0,0,0,0,0,0,0,0,0,0,0,0,3,-8,16,-30,17,-28,13,-29,10,-32,9,-29,4,-26,1,-27,2,-25,1,-18,-2,-16,1,-14,3,-8,1,-7,5,-8,9,-5,7,-4,7,-8,11,-6,10,-2,7,-5,9,-7,11,-2,8,-1,11,-2,15,1,15,7]"
CSI_DATA,97812,d8:b1:90:db:e8:90,-51,11,1,6,0,0,1,0,0,0,1,-95,0,4,0,1484564529,0,100,0,128,1,"[100,-64,5,0,13,-16,14,-19,13,-21,12,-23,10,-25,8,-26,6,-28,4,-28,2,-29,1,-29,0,-29,-1,-29,-1,-29,0,-28,1,-28,2,-27,4,-27,5,-26,6,-24,7,-23,7,-21,8,-19,8,-16,9,-13,9,-10,2,-3,0,0,0,0,0,0,0,0,0,0,0,0,0,0,0,0,0,0,-6,2,-24,9,-24,9,-24,9,-24,9,-23,9,-21,9,-20,9,-17,8,-15,7,-13,5,-11,3,-9,1,-7,-1,-6,-3,-5,-5,-5,-7,-4,-8,-4,-9,-3,-9,-3,-8,-1,-8,0,-8,2,-8,4,-9,7,-10,8,-11]"
CSI_DATA,97813,d8:b1:90:db:e8:90,-53,11,1,6,0,0,1,0,0,0,1,-94,0,4,0,1484579027,0,100,0,128,1,"[100,-64,5,0,1,21,2,23,4,24,7,25,9,25,12,25,14,24,15,23,17,22,18,21,18,21,19,20,18,20,18,20,17,21,15,21,14,21,12,21,10,21,9,21,7,20,5,19,3,17,1,14,-1,12,-1,3,0,0,0,0,0,0,0,0,0,0,0,0,0,0,0,0,0,0,1,-7,7,-25,7,-25,7,-26,7,-25,6,-25,5,-23,4,-22,4,-19,4,-17,4,-14,4,-11,4,-8,5,-5,6,-3,7,-1,7,0,8,1,8,2,7,3,7,4,6,4,5,5,3,7,2,9,1,11,0,13]"
CSI_DATA,97814,d8:b1:90:db:e8:90,-52,11,1,6,0,0,1,0,0,0,1,-94,0,4,0,1484591449,0,100,0,128,1,"[100,-64,5,0,25,-5,27,-7,29,-9,29,-12,29,-15,28,-18,27,-20,26,-22,25,-24,24,-25,23,-25,22,-25,22,-25,22,-25,23,-23,24,-21,25,-20,25,-18,25,-16,24,-14,23,-12,22,-9,20,-6,17,-4,15,-1,3,0,0,0,0,0,0,0,0,0,0,0,0,0,0,0,0,0,0,0,-8,-1,-33,-3,-33,-3,-33,-3,-33,-3,-32,-2,-30,-1,-27,0,-24,0,-21,0,-17,-1,-13,-2,-10,-4,-7,-5,-4,-7,-2,-8,0,-9,1,-10,1,-10,2,-10,3,-9,4,-9,6,-7,8,-6,10,-5,13,-4,16,-3]"
CSI_DATA,97815,d8:b1:90:db:e8:90,-52,11,1,6,0,0,1,0,0,0,1,-94,0,4,0,1484602651,0,100,0,128,1,"[100,-64,5,0,17,18,20,18,23,18,26,16,28,15,30,12,31,10,32,8,32,6,32,4,32,3,32,3,31,3,31,4,30,5,29,6,29,8,28,9,26,10,24,11,22,12,19,12,16,12,12,12,9,12,2,3,0,0,0,0,0,0,0,0,0,0,0,0,0,0,0,0,0,0,-4,-8,-13,-29,-13,-30,-14,-30,-14,-30,-14,-28,-14,-26,-13,-24,-12,-21,-10,-18,-8,-15,-5,-13,-2,-10,1,-8,4,-7,7,-6,9,-5,10,-5,11,-5,11,-4,11,-3,10,-2,10,0,10,2,10,5,11,8,11,10]"
CSI_DATA,97816,d8:b1:90:db:e8:90,-52,11,1,6,0,0,1,0,0,0,1,-94,0,4,0,1484625418,0,100,0,128,1,"[100,-64,5,0,24,-8,26,-10,27,-12,27,-15,27,-18,26,-20,24,-23,23,-24,21,-26,20,-27,19,-27,18,-28,18,-27,18,-27,19,-26,20,-24,21,-23,21,-21,21,-19,21,-17,20,-15,19,-12,18,-9,16,-6,14,-4,3,-1,0,0,0,0,0,0,0,0,0,0,0,0,0,0,0,0,0,0,-8,0,-32,0,-33,0,-33,-1,-33,0,-32,1,-29,1,-27,2,-24,2,-21,1,-17,0,-13,-1,-10,-3,-7,-4,-5,-6,-3,-8,-1,-10,0,-11,1,-11,1,-11,2,-11,4,-10,5,-9,7,-8,10,-6,13,-6,16,-5]"
CSI_DATA,97817,d8:b1:90:db:e8:90,-53,11,1,6,0,0,1,0,0,0,1,-94,0,4,0,1484639199,0,100,0,128,1,"[100,-64,5,0,-22,0,-23,1,-24,3,-25,5,-25,7,-25,9,-24,11,-24,13,-22,14,-21,15,-21,16,-20,16,-20,16,-20,15,-21,14,-21,13,-22,12,-22,10,-22,9,-21,7,-20,6,-18,4,-17,3,-15,0,-13,-2,-3,-1,0,0,0,0,0,0,0,0,0,0,0,0,0,0,0,0,0,0,6,1,24,7,24,8,24,8,24,7,23,6,22,5,20,5,18,4,15,4,12,4,9,4,6,4,3,5,1,6,-1,7,-3,8,-4,8,-4,8,-5,8,-5,7,-6,6,-7,5,-8,4,-10,2,-12,1,-13,0]"
CSI_DATA,97818,d8:b1:90:db:e8:90,-53,11,1,6,0,0,1,0,0,0,1,-94,0,4,0,1484660010,0,100,0,128,1,"[100,-64,5,0,-20,-12,-22,-12,-23,-11,-25,-10,-26,-8,-27,-6,-28,-4,-28,-2,-28,0,-28,1,-27,2,-27,3,-27,3,-27,3,-27,2,-26,1,-26,0,-25,-1,-24,-3,-23,-3,-21,-4,-18,-5,-16,-6,-13,-6,-11,-7,-3,-2,0,0,0,0,0,0,0,0,0,0,0,0,0,0,0,0,0,0,3,5,15,22,15,22,15,22,15,21,15,20,14,19,13,17,12,15,10,13,7,11,4,9,2,8,-1,6,-3,6,-6,5,-8,5,-9,5,-9,4,-10,4,-10,3,-10,2,-10,0,-11,-2,-12,-4,-12,-6,-13,-8]"
CSI_DATA,97819,d8:b1:90:db:e8:90,-53,11,1,6,0,0,1,0,0,0,1,-94,0,4,0,1484670891,0,100,0,128,1,"[100,-64,5,0,-4,25,-3,27,-1,28,1,29,3,29,6,29,8,29,10,28,12,27,13,26,14,25,15,25,15,25,15,25,14,25,13,26,11,26,10,26,8,25,7,24,5,22,3,20,2,17,0,14,-2,10,-1,2,0,0,0,0,0,0,0,0,0,0,0,0,0,0,0,0,0,0,3,-8,12,-30,13,-30,13,-30,12,-29,11,-28,10,-27,8,-24,7,-21,6,-18,6,-15,5,-11,5,-7,6,-3,6,0,7,2,8,4,8,6,8,7,8,7,7,8,6,9,5,10,3,11,1,13,0,15,-2,17]"
CSI_DATA,97820,d8:b1:90:db:e8:90,-53,11,1,6,0,0,1,0,0,0,1,-94,0,4,0,1484683461,0,100,0,128,1,"[100,-64,5,0,-22,7,-23,8,-24,9,-24,11,-23,13,-22,14,-21,16,-20,18,-18,19,-17,19,-16,20,-16,21,-15,21,-15,21,-16,20,-16,19,-16,18,-17,17,-17,15,-16,13,-15,12,-14,10,-13,7,-12,4,-11,2,-3,0,0,0,0,0,0,0,0,0,0,0,0,0,0,0,0,0,0,0,6,0,26,2,26,3,26,3,26,2,25,2,23,1,21,1,18,1,15,1,12,1,9,2,6,3,4,4,2,6,0,7,-2,8,-3,9,-4,9,-5,9,-5,9,-6,9,-8,8,-9,7,-11,6,-13,6,-15,6]"
CSI_DATA,97821,d8:b1:90:db:e8:90,-52,11,1,6,0,0,1,0,0,0,1,-94,0,4,0,1484696047,0,100,0,128,1,"[100,-64,5,0,22,16,24,16,26,16,28,14,30,12,31,10,31,8,32,5,32,3,32,2,32,1,31,0,31,-1,31,-1,30,0,30,1,29,2,28,3,26,4,24,5,21,5,18,6,15,7,11,7,8,7,1,1,0,0,0,0,0,0,0,0,0,0,0,0,0,0,0,0,0,0,-6,-7,-23,-25,-23,-25,-23,-26,-23,-25,-22,-23,-21,-21,-20,-19,-18,-17,-15,-15,-11,-13,-8,-11,-4,-9,-1,-8,2,-7,5,-6,7,-6,9,-5,11,-5,11,-4,12,-3,13,-1,13,0,14,3,15,5,16,8,17,10]"
CSI_DATA,97822,d8:b1:90:db:e8:90,-52,11,1,6,0,0,1,0,0,0,1,-94,0,4,0,1484727419,0,100,0,128,1,"[100,-64,5,0,-24,16,-25,17,-25,19,-25,21,-24,22,-22,23,-21,25,-19,26,-18,26,-16,27,-15,28,-14,28,-14,28,-13,28,-14,27,-14,26,-14,25,-14,23,-14,21,-14,19,-13,16,-12,13,-11,10,-10,6,-9,2,-3,0,0,0,0,0,0,0,0,0,0,0,0,0,0,0,0,0,0,0,6,-5,27,-18,28,-18,28,-17,27,-17,25,-17,24,-17,21,-15,18,-14,15,-11,12,-9,9,-6,7,-3,5,1,3,4,1,6,0,8,-1,10,-2,12,-3,13,-4,13,-5,13,-7,13,-9,13,-12,13,-14,13,-17,14]"
CSI_DATA,97823,d8:b1:90:db:e8:90,-52,11,1,6,0,0,1,0,0,0,1,-94,0,4,0,1484745430,0,100,0,128,1,"[100,-64,5,0,26,-2,28,-3,29,-4,30,-5,30,-7,29,-9,29,-11,28,-13,27,-15,26,-16,25,-18,24,-18,23,-19,23,-19,22,-18,22,-17,22,-16,21,-15,20,-13,19,-11,17,-9,15,-6,13,-3,12,0,10,2,2,0,0,0,0,0,0,0,0,0,0,0,0,0,0,0,0,0,0,0,-7,-4,-27,-15,-27,-16,-27,-16,-27,-16,-26,-15,-24,-13,-22,-12,-19,-10,-16,-9,-13,-8,-9,-8,-5,-8,-2,-8,1,-8,4,-9,7,-10,8,-10,10,-11,11,-11,12,-11,13,-10,14,-9,15,-8,17,-7,19,-5,20,-4]"
CSI_DATA,97824,d8:b1:90:db:e8:90,-52,11,1,6,0,0,1,0,0,0,1,-94,0,4,0,1484757382,0,100,0,128,1,"[100,-64,5,0,-6,-27,-7,-28,-8,-29,-10,-30,-11,-30,-13,-29,-15,-28,-17,-27,-19,-26,-20,-25,-22,-23,-22,-22,-23,-21,-23,-20,-23,-20,-22,-20,-20,-19,-19,-19,-16,-18,-14,-18,-12,-17,-9,-16,-6,-15,-2,-14,0,-12,0,-3,0,0,0,0,0,0,0,0,0,0,0,0,0,0,0,0,0,0,-4,6,-17,25,-17,25,-18,25,-17,25,-16,24,-15,23,-13,21,-11,18,-10,15,-10,12,-9,8,-9,5,-9,1,-9,-2,-10,-5,-11,-7,-12,-8,-12,-10,-13,-11,-13,-12,-12,-13,-12,-14,-10,-15,-9,-17,-8,-18,-7,-20]"
CSI_DATA,97825,d8:b1:90:db:e8:90,-53,11,1,6,0,0,1,0,0,0,1,-94,0,4,0,1484780519,0,100,0,128,1,"[100,-64,5,0,-4,24,-4,26,-3,27,-2,28,0,29,2,30,4,30,6,30,8,29,9,29,11,28,12,27,13,26,13,25,13,25,12,24,11,23,10,22,8,21,6,19,4,18,1,16,-1,14,-4,12,-6,10,-2,2,0,0,0,0,0,0,0,0,0,0,0,0,0,0,0,0,0,0,5,-5,22,-18,23,-18,23,-18,22,-18,21,-18,19,-17,17,-16,15,-14,13,-12,11,-9,9,-6,8,-3,7,1,6,4,6,7,6,9,7,11,7,13,8,14,8,15,8,15,7,15,6,16,4,17,2,18,1,18]"
CSI_DATA,97826,d8:b1:90:db:e8:90,-53,11,1,6,0,0,1,0,0,0,1,-94,0,4,0,1484791433,0,100,0,128,1,"[100,-64,5,0,-10,-24,-10,-26,-11,-26,-13,-27,-15,-27,-17,-27,-19,-26,-21,-25,-22,-24,-24,-22,-25,-21,-26,-19,-26,-18,-26,-17,-26,-17,-25,-16,-23,-16,-21,-15,-19,-15,-16,-15,-14,-15,-11,-15,-8,-15,-4,-14,-1,-14,0,-4,0,0,0,0,0,0,0,0,0,0,0,0,0,0,0,0,0,0,-4,6,-16,24,-16,24,-16,24,-16,23,-15,23,-13,22,-12,20,-11,18,-10,15,-9,12,-9,9,-9,5,-9,2,-9,-2,-10,-4,-12,-7,-12,-8,-13,-9,-14,-10,-15,-11,-15,-11,-14,-12,-14,-13,-12,-15,-11,-16,-11,-17]"
CSI_DATA,97827,d8:b1:90:db:e8:90,-53,11,1,6,0,0,1,0,0,0,1,-94,0,4,0,1484802566,0,100,0,128,1,"[100,-64,5,0,6,22,7,24,8,25,9,26,11,26,13,26,15,26,17,25,19,23,21,22,23,21,24,19,24,18,24,17,24,16,23,16,21,15,19,15,17,15,15,15,12,15,9,15,6,15,3,15,0,15,-1,3,0,0,0,0,0,0,0,0,0,0,0,0,0,0,0,0,0,0,5,-5,22,-17,22,-17,22,-17,21,-18,20,-17,19,-17,17,-16,15,-14,13,-12,12,-10,10,-6,9,-3,9,1,9,4,9,6,10,9,11,10,12,11,13,12,13,12,13,13,13,13,12,13,11,14,10,15,9,16]"
CSI_DATA,97828,d8:b1:90:db:e8:90,-52,11,1,6,0,0,1,0,0,0,1,-94,0,4,0,1484835707,0,100,0,128,1,"[100,-64,5,0,21,-3,23,-2,25,-3,27,-5,28,-7,29,-9,29,-12,29,-15,28,-17,27,-19,25,-21,24,-22,23,-23,22,-23,21,-22,20,-21,20,-19,20,-17,20,-15,20,-12,20,-10,19,-7,19,-4,18,-1,18,2,4,0,0,0,0,0,0,0,0,0,0,0,0,0,0,0,0,0,0,0,-4,-6,-15,-23,-15,-24,-15,-24,-16,-24,-16,-23,-15,-21,-15,-20,-13,-18,-12,-16,-9,-14,-6,-12,-3,-11,1,-10,4,-10,7,-10,9,-11,11,-12,12,-13,12,-14,12,-14,13,-14,12,-14,12,-13,13,-11,14,-9,15,-8]"
CSI_DATA,97829,d8:b1:90:db:e8:90,-52,11,1,6,0,0,1,0,0,0,1,-94,0,4,0,1484860612,0,100,0,128,1,"[100,-64,5,0,18,-5,21,-5,23,-6,25,-8,27,-10,27,-12,27,-15,26,-18,25,-21,23,-23,21,-24,20,-25,19,-25,18,-25,18,-24,18,-23,18,-21,18,-19,18,-16,19,-14,19,-12,19,-9,20,-7,20,-4,20,-2,4,-1,0,0,0,0,0,0,0,0,0,0,0,0,0,0,0,0,0,0,-5,-5,-18,-21,-18,-22,-19,-22,-19,-21,-19,-20,-19,-19,-18,-17,-16,-15,-14,-13,-11,-12,-8,-11,-4,-10,-1,-10,2,-10,5,-11,7,-13,9,-15,9,-16,10,-17,9,-17,9,-17,8,-16,8,-15,9,-13,10,-11,11,-9]"
CSI_DATA,97830,d8:b1:90:db:e8:90,-53,11,1,6,0,0,1,0,0,0,1,-94,0,4,0,1484874376,0,100,0,128,1,"[100,-64,5,0,11,10,12,11,14,13,16,13,19,13,21,12,23,11,24,9,25,7,26,4,26,3,26,2,25,1,25,1,24,1,22,2,21,3,20,4,19,6,18,8,16,10,15,11,13,11,11,12,9,12,2,3,0,0,0,0,0,0,0,0,0,0,0,0,0,0,0,0,0,0,-1,-6,-1,-22,-1,-23,-1,-23,-1,-23,-2,-23,-2,-22,-3,-20,-3,-18,-2,-15,-1,-13,0,-10,2,-8,4,-6,6,-4,9,-3,11,-3,13,-3,14,-3,15,-4,15,-5,15,-5,14,-5,13,-4,11,-2,10,-1,10,1]"
CSI_DATA,97831,d8:b1:90:db:e8:90,-53,11,1,6,0,0,1,0,0,0,1,-94,0,4,0,1484890919,0,100,0,128,1,"[100,-64,5,0,-11,12,-12,14,-13,17,-13,19,-12,22,-11,24,-9,25,-6,26,-4,27,-2,28,0,28,1,27,2,27,2,26,1,25,1,25,-1,24,-3,23,-4,21,-6,20,-8,19,-9,18,-10,17,-11,15,-11,13,-3,3,0,0,0,0,0,0,0,0,0,0,0,0,0,0,0,0,0,0,5,-1,22,-3,23,-3,23,-3,23,-3,23,-4,21,-5,20,-5,18,-5,15,-4,13,-3,10,-1,8,1,6,3,5,6,4,8,4,10,4,11,5,12,5,13,5,13,5,12,5,12,3,11,2,10,0,10,-2,10]"
CSI_DATA,97832,d8:b1:90:db:e8:90,-53,11,1,6,0,0,1,0,0,0,1,-94,0,4,0,1484909710,0,100,0,128,1,"[100,-64,5,0,2,15,3,18,4,20,6,21,8,22,10,22,13,22,15,21,17,20,19,18,19,17,20,16,20,15,19,15,18,15,16,15,15,16,13,17,11,18,10,18,8,18,6,18,5,18,3,17,1,16,0,4,0,0,0,0,0,0,0,0,0,0,0,0,0,0,0,0,0,0,2,-6,8,-22,8,-22,8,-23,8,-23,7,-22,6,-21,5,-20,4,-18,4,-15,4,-12,4,-9,5,-6,6,-4,7,-1,9,0,10,1,11,2,12,2,13,2,13,2,12,1,11,2,9,2,7,3,5,5,4,6]"
CSI_DATA,97833,d8:b1:90:db:e8:90,-53,11,1,6,0,0,1,0,0,0,1,-94,0,4,0,1484931091,0,100,0,128,1,"[100,-64,5,0,-3,-18,-4,-20,-6,-22,-8,-23,-10,-24,-12,-24,-15,-23,-17,-22,-19,-21,-20,-20,-20,-19,-21,-18,-20,-17,-19,-17,-17,-17,-16,-18,-14,-19,-12,-19,-10,-20,-8,-20,-7,-20,-5,-20,-3,-19,-2,-18,-1,-17,0,-4,0,0,0,0,0,0,0,0,0,0,0,0,0,0,0,0,0,0,1,5,5,23,4,24,4,24,4,24,5,23,5,21,5,19,5,17,4,14,2,12,1,9,-2,6,-4,4,-6,2,-8,1,-10,1,-11,1,-12,1,-12,1,-12,1,-11,1,-9,0,-7,-1,-6,-3,-4,-5,-3,-7]"
CSI_DATA,97834,d8:b1:90:db:e8:90,-53,11,1,6,0,0,1,0,0,0,1,-94,0,4,0,1484946810,0,100,0,128,1,"[100,-64,5,0,-7,-18,-9,-20,-11,-22,-14,-22,-16,-22,-19,-21,-21,-19,-22,-18,-24,-16,-24,-15,-25,-13,-25,-12,-24,-12,-23,-12,-22,-13,-20,-14,-19,-15,-17,-17,-16,-17,-14,-18,-13,-19,-11,-19,-9,-18,-7,-17,-5,-16,-1,-4,0,0,0,0,0,0,0,0,0,0,0,0,0,0,0,0,0,0,2,5,9,23,9,24,9,24,9,23,9,22,9,21,8,19,7,16,6,14,4,11,2,9,-1,7,-3,5,-6,4,-8,3,-10,3,-11,3,-11,3,-11,3,-11,3,-10,2,-9,1,-7,-1,-6,-3,-5,-6,-5,-8]"
CSI_DATA,97835,d8:b1:90:db:e8:90,-53,11,1,6,0,0,1,0,0,0,1,-94,0,4,0,1484960786,0,100,0,128,1,"[100,-64,5,0,6,-20,5,-23,4,-25,2,-27,0,-28,-3,-28,-5,-29,-8,-28,-10,-27,-12,-26,-13,-25,-13,-25,-13,-24,-12,-24,-11,-24,-9,-24,-7,-24,-5,-24,-3,-24,-2,-23,-1,-23,0,-22,1,-20,3,-18,4,-16,1,-4,0,0,0,0,0,0,0,0,0,0,0,0,0,0,0,0,0,0,-3,6,-11,24,-11,24,-12,24,-11,24,-10,23,-9,22,-9,20,-7,18,-7,15,-7,11,-7,8,-7,5,-7,2,-9,0,-10,-2,-11,-3,-11,-4,-11,-4,-11,-4,-10,-5,-9,-5,-7,-5,-4,-6,-2,-7,0,-9,2,-11]"
CSI_DATA,97836,d8:b1:90:db:e8:90,-53,11,1,6,0,0,1,0,0,0,1,-94,0,4,0,1484971215,0,100,0,128,1,"[100,-64,5,0,7,-21,6,-24,5,-26,3,-27,1,-29,-2,-29,-5,-29,-7,-29,-9,-28,-11,-27,-12,-26,-13,-25,-12,-25,-12,-25,-10,-25,-9,-25,-7,-25,-5,-25,-3,-25,-2,-24,-1,-24,0,-22,1,-21,2,-18,3,-16,1,-4,0,0,0,0,0,0,0,0,0,0,0,0,0,0,0,0,0,0,-4,6,-13,24,-14,24,-14,23,-14,23,-13,22,-12,21,-11,19,-10,17,-9,14,-8,11,-8,7,-8,4,-8,2,-9,-1,-9,-3,-10,-4,-10,-5,-10,-5,-10,-5,-9,-6,-7,-6,-5,-6,-3,-7,-1,-8,2,-10,4,-12]"
CSI_DATA,97837,d8:b1:90:db:e8:90,-53,11,1,6,0,0,1,0,0,0,1,-94,0,4,0,1484981279,0,100,0,128,1,"[100,-64,5,0,-20,10,-22,12,-22,15,-21,17,-20,20,-18,22,-16,23,-14,24,-12,25,-10,25,-9,25,-8,25,-8,25,-9,24,-10,23,-11,23,-12,22,-14,20,-15,19,-16,18,-16,16,-15,14,-15,12,-14,9,-13,7,-4,1,0,0,0,0,0,0,0,0,0,0,0,0,0,0,0,0,0,0,6,-3,24,-12,25,-12,25,-11,24,-11,23,-11,21,-10,19,-10,17,-8,14,-7,12,-4,10,-2,8,1,7,3,6,5,5,7,4,8,4,9,4,9,3,9,2,8,1,7,-1,6,-4,6,-7,5,-10,5,-12,5]"
CSI_DATA,97838,d8:b1:90:db:e8:90,-53,11,1,6,0,0,1,0,0,0,1,-94,0,4,0,1484994909,0,100,0,128,1,"[100,-64,5,0,-18,15,-18,18,-18,20,-16,23,-14,24,-12,26,-9,26,-7,27,-5,27,-3,26,-2,26,-1,25,-1,25,-2,24,-4,24,-5,24,-7,23,-9,22,-10,21,-11,20,-11,19,-11,18,-11,16,-11,13,-11,10,-3,2,0,0,0,0,0,0,0,0,0,0,0,0,0,0,0,0,0,0,5,-5,22,-17,23,-17,23,-16,22,-16,20,-15,19,-14,17,-13,15,-11,13,-9,11,-6,9,-3,8,0,7,3,6,5,6,7,6,8,6,9,6,9,5,8,4,8,2,7,0,7,-3,7,-6,7,-9,8,-11,9]"
CSI_DATA,97839,d8:b1:90:db:e8:90,-53,11,1,6,0,0,1,0,0,0,1,-94,0,4,0,1485006405,0,100,0,128,1,"[100,-64,5,0,-24,2,-26,4,-26,6,-26,8,-26,11,-24,13,-23,15,-22,16,-20,17,-18,18,-17,19,-17,19,-17,18,-17,17,-18,17,-19,16,-20,15,-20,13,-21,12,-20,10,-20,9,-19,8,-17,7,-16,4,-14,3,-4,0,0,0,0,0,0,0,0,0,0,0,0,0,0,0,0,0,0,0,6,0,26,0,26,0,26,1,25,1,24,0,22,0,20,0,17,0,14,1,12,2,9,3,6,4,4,5,2,7,1,8,0,8,-1,9,-2,9,-2,8,-3,7,-4,6,-6,4,-8,3,-11,2,-14,1,-16,1]"
CSI_DATA,97840,d8:b1:90:db:e8:90,-52,11,1,6,0,0,1,0,0,0,1,-94,0,4,0,1485017857,0,100,0,128,1,"[100,-64,5,0,-26,-7,-28,-5,-29,-4,-30,-1,-30,1,-29,3,-29,6,-28,8,-27,9,-26,11,-25,11,-25,12,-24,11,-24,10,-25,9,-25,8,-25,6,-25,5,-25,3,-24,2,-23,1,-21,0,-18,0,-16,-1,-14,-2,-4,-1,0,0,0,0,0,0,0,0,0,0,0,0,0,0,0,0,0,0,6,0,27,3,27,4,27,4,26,4,25,4,23,4,21,4,18,4,15,4,12,4,9,4,6,5,4,5,2,6,0,7,-2,7,-3,7,-4,7,-4,6,-5,4,-6,3,-8,1,-10,-1,-12,-3,-15,-4,-17,-6]"
CSI_DATA,97841,d8:b1:90:db:e8:90,-52,11,1,6,0,0,1,0,0,0,1,-94,0,4,0,1485044852,0,100,0,128,1,"[100,-64,5,0,-9,23,-8,24,-7,26,-5,26,-3,27,0,26,2,25,4,25,5,24,6,23,7,22,8,22,8,22,8,22,7,22,6,22,5,23,4,22,3,22,2,21,2,20,1,18,0,16,-2,13,-3,10,-1,2,0,0,0,0,0,0,0,0,0,0,0,0,0,0,0,0,0,0,4,-5,17,-19,18,-19,18,-18,18,-18,17,-17,16,-16,14,-14,13,-12,11,-10,10,-7,9,-5,8,-2,8,0,7,2,7,4,6,5,6,6,5,7,4,7,3,8,1,8,-1,9,-3,11,-5,12,-6,14,-8,16]"
CSI_DATA,97842,d8:b1:90:db:e8:90,-52,11,1,6,0,0,1,0,0,0,1,-94,0,4,0,1485060566,0,100,0,128,1,"[100,-64,5,0,20,19,21,18,23,18,25,16,26,14,27,12,27,10,27,8,27,6,27,4,26,4,26,3,26,3,26,3,25,4,25,5,25,6,24,7,23,7,21,8,19,7,17,7,14,7,11,6,8,6,2,1,0,0,0,0,0,0,0,0,0,0,0,0,0,0,0,0,0,0,-5,-6,-18,-22,-17,-23,-17,-23,-16,-23,-15,-22,-14,-20,-13,-19,-11,-17,-9,-15,-7,-13,-4,-12,-2,-10,0,-8,2,-7,3,-6,5,-5,6,-4,7,-3,7,-1,8,1,8,3,9,5,10,7,11,10,13,13,14,14]"
CSI_DATA,97843,d8:b1:90:db:e8:90,-52,11,1,7,0,0,1,0,0,0,1,-94,0,4,0,1485076199,0,100,0,128,1,"[100,-64,5,0,16,-19,15,-19,15,-19,14,-19,13,-19,12,-20,11,-20,11,-20,10,-21,10,-21,10,-21,10,-22,10,-22,10,-22,10,-23,10,-23,11,-23,11,-23,11,-23,12,-22,13,-21,14,-20,15,-20,16,-19,17,-19,4,-5,0,0,0,0,0,0,0,0,0,0,0,0,0,0,0,0,0,0,3,-4,14,-15,15,-15,16,-15,17,-15,18,-15,18,-15,19,-14,20,-14,20,-14,21,-14,21,-14,21,-14,21,-14,21,-14,21,-14,20,-14,20,-15,20,-15,20,-16,19,-17,19,-17,19,-17,18,-17,18,-17,18,-18,18,-18]"
CSI_DATA,97844,d8:b1:90:db:e8:90,-53,11,1,7,0,0,1,0,0,0,1,-94,0,4,0,1485086897,0,100,0,128,1,"[100,-64,5,0,0,23,0,22,1,22,1,21,2,20,3,20,4,20,4,20,5,20,5,20,6,20,6,20,7,20,7,21,7,21,6,22,6,22,6,22,5,22,4,22,4,22,3,22,2,22,1,23,-1,23,-1,5,0,0,0,0,0,0,0,0,0,0,0,0,0,0,0,0,0,0,-1,5,-2,20,-3,20,-4,20,-4,20,-5,20,-6,21,-6,21,-7,21,-7,22,-8,22,-8,22,-8,22,-8,22,-8,22,-8,22,-7,22,-7,22,-6,22,-6,22,-5,22,-4,22,-3,22,-3,23,-3,23,-2,23,-2,23]"
CSI_DATA,97845,d8:b1:90:db:e8:90,-52,11,1,7,0,0,1,0,0,0,1,-94,0,4,0,1485099391,0,100,0,128,1,"[100,-64,5,0,-11,-22,-12,-22,-12,-21,-12,-20,-13,-19,-13,-18,-14,-18,-14,-18,-15,-17,-15,-17,-16,-17,-16,-17,-16,-17,-16,-17,-16,-18,-16,-18,-16,-19,-15,-19,-15,-19,-15,-20,-14,-20,-13,-20,-12,-21,-11,-22,-10,-23,-3,-6,0,0,0,0,0,0,0,0,0,0,0,0,0,0,0,0,0,0,-3,-5,-10,-19,-9,-19,-8,-20,-7,-21,-7,-22,-6,-22,-6,-22,-6,-23,-6,-24,-5,-25,-5,-25,-5,-25,-5,-25,-5,-25,-5,-25,-6,-24,-6,-24,-7,-24,-7,-24,-8,-24,-8,-24,-9,-23,-9,-23,-9,-23,-10,-23,-10,-23]"
CSI_DATA,97846,d8:b1:90:db:e8:90,-53,11,1,7,0,0,1,0,0,0,1,-94,0,4,0,1485133947,0,100,0,128,1,"[100,-64,5,0,-20,15,-20,15,-19,15,-18,15,-17,15,-17,16,-16,16,-16,17,-16,17,-16,18,-16,18,-16,18,-16,18,-16,19,-16,19,-17,19,-18,19,-18,18,-18,18,-18,17,-19,16,-20,15,-20,15,-21,14,-22,13,-6,3,0,0,0,0,0,0,0,0,0,0,0,0,0,0,0,0,0,0,-5,3,-18,12,-19,12,-19,11,-20,11,-21,11,-21,11,-22,10,-23,10,-23,10,-24,10,-24,9,-25,9,-25,9,-25,9,-24,9,-24,10,-24,10,-24,11,-23,11,-23,11,-23,12,-22,13,-22,13,-22,14,-22,14,-22,14]"
CSI_DATA,97847,d8:b1:90:db:e8:90,-53,11,1,7,0,0,1,0,0,0,1,-94,0,4,0,1485144109,0,100,0,128,1,"[100,-64,5,0,0,22,1,22,1,21,2,21,3,21,3,21,4,20,4,20,5,20,6,20,6,20,7,20,7,21,7,21,7,21,7,21,6,21,6,21,5,22,5,22,4,22,3,21,3,21,1,22,0,23,-1,5,0,0,0,0,0,0,0,0,0,0,0,0,0,0,0,0,0,0,0,4,-1,18,-2,18,-3,19,-3,19,-4,19,-5,20,-5,20,-6,21,-6,21,-6,21,-6,21,-6,21,-6,21,-6,22,-6,22,-6,22,-6,22,-5,22,-4,22,-4,22,-3,22,-3,22,-2,22,-1,22,-1,22,-1,22]"
CSI_DATA,97848,d8:b1:90:db:e8:90,-53,11,1,7,0,0,1,0,0,0,1,-94,0,4,0,1485154403,0,100,0,128,1,"[100,-64,5,0,18,16,18,15,19,14,19,14,19,13,20,12,20,11,20,11,20,11,21,10,22,10,22,10,23,11,23,11,23,11,23,12,22,12,22,12,22,13,21,13,21,14,20,14,19,14,18,16,17,17,4,4,0,0,0,0,0,0,0,0,0,0,0,0,0,0,0,0,0,0,3,3,15,13,14,14,13,16,13,16,13,17,13,18,13,18,13,19,13,20,13,20,13,20,13,21,13,21,13,21,13,21,13,21,13,21,14,20,14,20,15,20,15,19,16,19,17,18,17,18,18,18,18,17]"
CSI_DATA,97849,d8:b1:90:db:e8:90,-53,11,1,7,0,0,1,0,0,0,1,-94,0,4,0,1485165724,0,100,0,128,1,"[100,-64,5,0,23,6,23,5,22,5,23,4,23,3,23,2,23,1,23,1,23,0,23,-1,24,-1,24,-1,24,-1,25,-1,25,-1,25,0,25,1,25,1,25,2,25,2,24,2,24,3,24,4,23,6,23,7,5,2,0,0,0,0,0,0,0,0,0,0,0,0,0,0,0,0,0,0,4,1,18,6,18,7,18,8,18,9,18,10,18,11,19,11,19,12,20,12,20,13,20,13,20,13,20,13,20,14,20,14,20,13,20,13,20,12,21,12,21,11,21,11,22,10,22,9,22,9,23,8,23,7]"
CSI_DATA,97850,d8:b1:90:db:e8:90,-53,11,1,7,0,0,1,0,0,0,1,-94,0,4,0,1485181908,0,100,0,128,1,"[100,-64,5,0,4,-24,3,-24,3,-24,2,-24,1,-24,0,-24,0,-24,-1,-24,-2,-24,-2,-24,-3,-24,-3,-24,-3,-25,-3,-25,-3,-26,-3,-26,-2,-26,-1,-26,0,-26,0,-26,1,-26,1,-25,2,-25,3,-25,5,-25,1,-6,0,0,0,0,0,0,0,0,0,0,0,0,0,0,0,0,0,0,1,-5,6,-19,7,-19,8,-19,8,-19,9,-20,10,-20,10,-20,11,-20,11,-21,12,-21,12,-22,13,-22,13,-22,12,-22,12,-22,11,-22,11,-22,11,-22,10,-22,9,-22,8,-23,8,-23,7,-24,6,-24,6,-25,6,-25]"
CSI_DATA,97851,d8:b1:90:db:e8:90,-53,11,1,7,0,0,1,0,0,0,1,-94,0,4,0,1485195200,0,100,0,128,1,"[100,-64,5,0,10,-22,9,-22,8,-22,7,-22,6,-22,6,-22,5,-22,5,-23,4,-23,4,-23,3,-24,4,-24,4,-24,4,-25,4,-25,5,-25,5,-25,5,-25,6,-25,7,-25,8,-24,9,-24,10,-23,11,-22,12,-22,3,-6,0,0,0,0,0,0,0,0,0,0,0,0,0,0,0,0,0,0,2,-5,9,-17,10,-17,11,-17,12,-17,12,-17,13,-17,13,-17,14,-18,15,-18,15,-18,16,-18,17,-18,17,-18,17,-18,16,-18,15,-19,15,-19,15,-19,14,-19,13,-19,13,-20,13,-20,12,-21,11,-22,11,-22,11,-22]"
CSI_DATA,97852,d8:b1:90:db:e8:90,-54,11,1,7,0,0,1,0,0,0,1,-94,0,4,0,1485206820,0,100,0,128,1,"[100,-64,5,0,2,-25,1,-25,1,-25,0,-24,-1,-24,-2,-24,-3,-24,-4,-24,-4,-25,-5,-25,-5,-25,-6,-26,-6,-26,-6,-27,-6,-27,-5,-27,-5,-27,-4,-27,-4,-27,-3,-27,-2,-27,-1,-27,1,-27,3,-27,4,-26,1,-7,0,0,0,0,0,0,0,0,0,0,0,0,0,0,0,0,0,0,1,-5,4,-19,5,-20,6,-20,7,-20,7,-21,8,-21,9,-21,9,-22,10,-22,10,-22,11,-22,11,-22,11,-23,11,-23,10,-23,9,-23,9,-24,8,-24,8,-24,7,-24,6,-25,5,-25,5,-25,5,-25,4,-25,4,-26]"
CSI_DATA,97853,d8:b1:90:db:e8:90,-54,11,1,7,0,0,1,0,0,0,1,-94,0,4,0,1485235321,0,100,0,128,1,"[100,-64,5,0,15,-16,14,-16,13,-17,13,-17,12,-18,11,-18,11,-19,10,-19,9,-20,9,-20,8,-21,9,-22,9,-22,9,-22,9,-23,10,-22,10,-23,11,-23,11,-22,12,-22,13,-22,13,-21,14,-20,15,-19,16,-19,4,-5,0,0,0,0,0,0,0,0,0,0,0,0,0,0,0,0,0,0,3,-3,13,-12,14,-12,15,-11,16,-11,17,-11,17,-11,18,-11,19,-11,19,-11,20,-11,20,-10,20,-10,21,-10,21,-10,21,-10,20,-11,20,-11,20,-12,19,-12,19,-13,18,-14,18,-14,17,-14,17,-14,17,-15,17,-16]"
CSI_DATA,97854,d8:b1:90:db:e8:90,-54,11,1,7,0,0,1,0,0,0,1,-94,0,4,0,1485248243,0,100,0,128,1,"[100,-64,5,0,-11,20,-11,20,-10,20,-9,20,-8,20,-8,20,-7,21,-6,21,-6,21,-6,22,-5,22,-5,22,-5,23,-5,23,-6,24,-7,24,-8,24,-8,24,-8,24,-9,23,-9,22,-10,22,-11,21,-13,20,-14,20,-4,4,0,0,0,0,0,0,0,0,0,0,0,0,0,0,0,0,0,0,-3,3,-10,15,-11,14,-12,14,-13,13,-13,14,-14,14,-14,14,-15,14,-15,15,-16,15,-17,15,-17,15,-17,15,-17,15,-17,15,-17,15,-17,15,-16,16,-16,16,-15,17,-15,17,-14,18,-14,18,-14,18,-14,19,-13,20]"
CSI_DATA,97855,d8:b1:90:db:e8:90,-54,11,1,7,0,0,1,0,0,0,1,-94,0,4,0,1485264654,0,100,0,128,1,"[100,-64,5,0,-25,0,-25,1,-25,2,-24,3,-24,4,-24,4,-24,5,-24,6,-24,7,-24,8,-24,8,-25,9,-25,9,-25,9,-26,9,-26,8,-26,7,-26,7,-27,6,-27,5,-28,4,-28,3,-28,2,-28,1,-28,-1,-7,-1,0,0,0,0,0,0,0,0,0,0,0,0,0,0,0,0,0,0,-6,0,-21,-1,-21,-2,-21,-4,-21,-5,-22,-5,-22,-5,-23,-6,-23,-6,-24,-6,-24,-7,-25,-8,-25,-8,-25,-9,-25,-8,-25,-8,-25,-7,-25,-7,-25,-7,-25,-6,-26,-5,-26,-4,-26,-4,-26,-3,-26,-2,-26,-2,-26,-1]"
CSI_DATA,97856,d8:b1:90:db:e8:90,-54,11,1,7,0,0,1,0,0,0,1,-94,0,4,0,1485274670,0,100,0,128,1,"[100,-64,5,0,20,-9,19,-10,19,-10,19,-11,18,-11,18,-12,17,-13,17,-14,17,-14,16,-15,16,-16,16,-17,17,-17,17,-17,17,-17,18,-16,19,-16,19,-16,19,-15,20,-14,21,-14,21,-14,21,-13,22,-11,23,-9,5,-3,0,0,0,0,0,0,0,0,0,0,0,0,0,0,0,0,0,0,4,-2,16,-6,17,-5,17,-4,18,-3,19,-3,19,-3,20,-2,21,-2,21,-2,22,-2,22,-2,22,-1,23,-1,23,-2,22,-2,22,-2,22,-3,22,-3,22,-4,22,-4,22,-5,22,-6,22,-6,22,-7,22,-7,22,-8]"
CSI_DATA,97857,d8:b1:90:db:e8:90,-54,11,1,7,0,0,1,0,0,0,1,-94,0,4,0,1485287346,0,100,0,128,1,"[100,-64,5,0,-18,-14,-19,-14,-19,-13,-19,-13,-19,-12,-19,-11,-20,-11,-20,-10,-20,-10,-21,-9,-22,-9,-22,-9,-23,-9,-23,-9,-23,-9,-23,-10,-24,-10,-23,-11,-23,-12,-22,-12,-22,-13,-21,-13,-21,-15,-20,-16,-20,-17,-5,-5,0,0,0,0,0,0,0,0,0,0,0,0,0,0,0,0,0,0,-4,-3,-13,-12,-13,-13,-12,-14,-12,-15,-12,-15,-12,-16,-12,-16,-13,-17,-13,-18,-13,-18,-12,-18,-13,-18,-13,-19,-13,-19,-13,-19,-14,-19,-14,-19,-14,-19,-15,-18,-15,-18,-16,-18,-16,-17,-16,-17,-17,-17,-17,-16,-17,-16]"
CSI_DATA,97858,d8:b1:90:db:e8:90,-54,11,1,7,0,0,1,0,0,0,1,-94,0,4,0,1485298879,0,100,0,128,1,"[100,-64,5,0,-19,-17,-19,-16,-20,-15,-20,-15,-21,-14,-21,-13,-22,-12,-22,-11,-22,-11,-23,-11,-24,-11,-25,-11,-26,-11,-26,-11,-27,-11,-26,-11,-26,-11,-25,-11,-25,-12,-26,-13,-26,-14,-25,-15,-24,-16,-23,-17,-21,-19,-6,-5,0,0,0,0,0,0,0,0,0,0,0,0,0,0,0,0,0,0,-4,-4,-14,-15,-13,-16,-12,-17,-12,-18,-12,-18,-12,-19,-12,-20,-12,-21,-12,-21,-12,-22,-12,-23,-12,-23,-12,-23,-12,-24,-13,-23,-13,-23,-14,-23,-14,-22,-14,-22,-15,-21,-16,-21,-16,-21,-16,-20,-17,-19,-17,-19,-18,-19]"
CSI_DATA,97859,d8:b1:90:db:e8:90,-54,11,1,7,0,0,1,0,0,0,1,-94,0,4,0,1485310961,0,100,0,128,1,"[100,-64,5,0,-20,16,-19,17,-18,17,-17,17,-17,18,-16,18,-15,19,-15,19,-14,20,-14,20,-14,21,-14,23,-14,23,-15,24,-15,24,-15,24,-15,23,-16,23,-17,23,-18,22,-19,22,-19,21,-19,20,-20,18,-21,17,-6,4,0,0,0,0,0,0,0,0,0,0,0,0,0,0,0,0,0,0,-4,3,-16,12,-17,11,-17,11,-18,10,-19,10,-20,10,-21,10,-21,10,-22,10,-22,10,-23,10,-23,10,-23,10,-23,10,-23,10,-23,11,-23,11,-23,12,-23,12,-22,12,-22,12,-22,13,-21,14,-21,15,-21,15,-21,16]"
CSI_DATA,97860,d8:b1:90:db:e8:90,-53,11,1,7,0,0,1,0,0,0,1,-94,0,4,0,1485338869,0,100,0,128,1,"[100,-64,5,0,-21,-7,-21,-7,-21,-6,-21,-5,-21,-4,-21,-4,-21,-3,-21,-3,-22,-2,-22,-2,-23,-1,-23,-1,-24,-1,-24,-1,-24,-1,-24,-1,-24,-1,-24,-2,-24,-3,-24,-3,-24,-4,-23,-5,-23,-6,-22,-7,-22,-9,-6,-3,0,0,0,0,0,0,0,0,0,0,0,0,0,0,0,0,0,0,-4,-2,-16,-7,-15,-7,-15,-9,-15,-10,-15,-10,-16,-10,-16,-11,-17,-11,-17,-12,-17,-12,-17,-12,-17,-12,-18,-13,-18,-13,-18,-12,-18,-12,-19,-12,-19,-12,-19,-11,-20,-10,-20,-10,-20,-10,-20,-9,-21,-9,-21,-9,-21,-9]"
CSI_DATA,97861,d8:b1:90:db:e8:90,-53,11,1,7,0,0,1,0,0,0,1,-94,0,4,0,1485351086,0,100,0,128,1,"[100,-64,5,0,-24,-8,-23,-8,-23,-7,-23,-6,-23,-5,-23,-5,-23,-4,-23,-3,-23,-3,-24,-2,-24,-2,-25,-2,-26,-2,-26,-1,-26,-2,-27,-2,-27,-3,-26,-3,-26,-4,-26,-4,-25,-5,-25,-6,-25,-7,-24,-8,-24,-10,-6,-3,0,0,0,0,0,0,0,0,0,0,0,0,0,0,0,0,0,0,-5,-2,-18,-6,-17,-7,-17,-8,-17,-9,-17,-9,-17,-10,-18,-10,-18,-11,-18,-11,-19,-12,-19,-12,-19,-13,-19,-13,-20,-13,-20,-13,-20,-12,-20,-12,-21,-12,-21,-12,-21,-11,-21,-11,-22,-11,-22,-10,-22,-10,-23,-10,-23,-9]"
CSI_DATA,97862,d8:b1:90:db:e8:90,-53,11,1,7,0,0,1,0,0,0,1,-94,0,4,0,1485369023,0,100,0,128,1,"[100,-64,5,0,-19,14,-19,14,-18,15,-17,15,-17,15,-16,16,-15,16,-15,17,-14,17,-14,18,-14,19,-14,20,-14,20,-15,20,-15,20,-15,20,-16,20,-16,20,-17,20,-17,19,-17,18,-17,18,-18,17,-19,16,-21,15,-6,3,0,0,0,0,0,0,0,0,0,0,0,0,0,0,0,0,0,0,-4,2,-15,10,-16,10,-16,9,-17,8,-17,8,-18,8,-19,8,-19,8,-20,8,-20,8,-21,9,-21,9,-21,9,-21,9,-21,8,-22,9,-22,9,-21,10,-21,10,-21,10,-21,11,-21,11,-20,12,-20,12,-20,13,-20,14]"
CSI_DATA,97863,d8:b1:90:db:e8:90,-53,11,1,7,0,0,1,0,0,0,1,-94,0,4,0,1485381588,0,100,0,128,1,"[100,-64,5,0,-25,1,-25,2,-24,2,-24,3,-23,4,-23,5,-23,6,-23,6,-23,6,-23,7,-24,8,-24,8,-24,8,-24,8,-25,8,-25,8,-25,7,-25,7,-25,7,-25,6,-26,5,-25,4,-26,3,-26,3,-26,1,-7,0,0,0,0,0,0,0,0,0,0,0,0,0,0,0,0,0,0,0,-5,0,-20,1,-20,0,-20,-1,-21,-2,-21,-2,-22,-3,-23,-3,-23,-3,-24,-4,-24,-5,-24,-5,-24,-5,-24,-5,-24,-5,-24,-5,-25,-4,-25,-4,-25,-4,-25,-3,-25,-3,-26,-2,-26,-1,-25,-1,-25,0,-26,0,-26,0]"
CSI_DATA,97864,d8:b1:90:db:e8:90,-53,11,1,7,0,0,1,0,0,0,1,-94,0,4,0,1485395094,0,100,0,128,1,"[100,-64,5,0,-25,-8,-25,-7,-25,-6,-24,-6,-24,-5,-25,-4,-24,-4,-24,-3,-24,-3,-25,-3,-25,-2,-26,-2,-26,-1,-27,-1,-27,-2,-27,-2,-27,-2,-26,-3,-26,-3,-26,-3,-26,-4,-26,-5,-26,-6,-25,-7,-25,-9,-7,-3,0,0,0,0,0,0,0,0,0,0,0,0,0,0,0,0,0,0,-5,-2,-18,-8,-18,-9,-18,-10,-18,-11,-19,-11,-19,-12,-20,-12,-20,-12,-21,-12,-21,-13,-21,-13,-21,-13,-21,-13,-21,-13,-21,-13,-22,-12,-22,-12,-22,-12,-23,-11,-23,-11,-23,-11,-24,-10,-24,-10,-24,-10,-24,-10,-25,-9]"
CSI_DATA,97865,d8:b1:90:db:e8:90,-52,11,1,7,0,0,1,0,0,0,1,-95,0,4,0,1485407622,0,100,0,128,1,"[100,-64,5,0,0,-25,0,-24,0,-24,-1,-24,-2,-24,-3,-24,-3,-23,-3,-23,-4,-23,-4,-24,-5,-24,-5,-24,-5,-24,-5,-25,-5,-25,-5,-25,-4,-26,-4,-26,-3,-26,-3,-26,-2,-25,-2,-25,-1,-25,1,-25,2,-25,0,-7,0,0,0,0,0,0,0,0,0,0,0,0,0,0,0,0,0,0,0,-5,1,-19,2,-19,3,-19,3,-20,4,-20,4,-21,4,-21,4,-22,5,-22,5,-22,5,-23,5,-23,5,-23,5,-23,5,-23,4,-23,4,-23,4,-24,4,-24,3,-24,3,-24,3,-25,2,-25,2,-25,2,-25,2,-25]"
CSI_DATA,97866,d8:b1:90:db:e8:90,-51,11,1,7,0,0,1,0,0,0,1,-95,0,4,0,1485421293,0,100,0,128,1,"[100,-64,5,0,-2,-24,-2,-23,-2,-23,-3,-22,-4,-22,-5,-22,-5,-21,-6,-21,-6,-21,-7,-21,-8,-21,-8,-22,-8,-22,-8,-22,-8,-23,-7,-23,-7,-23,-7,-23,-6,-23,-6,-23,-5,-23,-4,-23,-4,-23,-2,-23,-1,-24,-1,-6,0,0,0,0,0,0,0,0,0,0,0,0,0,0,0,0,0,0,-1,-5,-1,-18,0,-18,0,-19,1,-19,1,-20,2,-20,2,-21,3,-22,3,-22,3,-22,4,-23,4,-23,4,-23,4,-23,4,-23,4,-23,4,-23,3,-23,2,-23,1,-23,1,-23,0,-23,0,-23,0,-23,-1,-23,-1,-24]"
CSI_DATA,97867,d8:b1:90:db:e8:90,-51,11,1,7,0,0,1,0,0,0,1,-95,0,4,0,1485443190,0,100,0,128,1,"[100,-64,5,0,-2,26,-2,25,-1,25,0,25,1,25,2,25,3,24,3,24,4,24,4,24,5,24,5,24,4,25,4,25,4,26,4,26,4,27,3,27,2,26,2,25,1,25,0,25,-1,25,-2,25,-4,25,-2,6,0,0,0,0,0,0,0,0,0,0,0,0,0,0,0,0,0,0,0,4,-1,19,-2,19,-3,20,-3,20,-4,21,-5,21,-5,22,-6,22,-6,23,-7,23,-7,24,-8,24,-8,25,-8,24,-7,24,-7,24,-7,24,-7,24,-6,25,-5,25,-4,25,-4,26,-4,26,-3,26,-3,26,-3,26]"
CSI_DATA,97868,d8:b1:90:db:e8:90,-51,11,1,7,0,0,1,0,0,0,1,-95,0,4,0,1485458073,0,100,0,128,1,"[100,-64,5,0,-22,-15,-22,-14,-22,-14,-22,-13,-22,-12,-22,-11,-22,-10,-23,-10,-23,-9,-24,-8,-24,-8,-24,-8,-25,-8,-25,-8,-25,-9,-25,-9,-25,-9,-25,-10,-24,-11,-24,-11,-24,-12,-23,-12,-23,-13,-22,-15,-21,-16,-6,-4,0,0,0,0,0,0,0,0,0,0,0,0,0,0,0,0,0,0,-5,-4,-18,-13,-17,-14,-17,-16,-16,-16,-16,-17,-16,-18,-17,-18,-17,-19,-17,-19,-17,-20,-17,-20,-17,-20,-17,-20,-18,-20,-18,-20,-18,-20,-18,-19,-19,-19,-19,-19,-19,-19,-20,-18,-21,-18,-21,-17,-21,-17,-22,-16,-22,-16]"
CSI_DATA,97869,d8:b1:90:db:e8:90,-51,11,1,7,0,0,1,0,0,0,1,-95,0,4,0,1485472631,0,100,0,128,1,"[100,-64,5,0,-14,23,-14,23,-13,23,-11,23,-10,23,-10,23,-9,23,-8,24,-8,24,-7,24,-7,24,-7,25,-6,25,-7,25,-7,25,-8,26,-8,26,-9,25,-9,25,-10,25,-10,24,-11,23,-12,23,-14,22,-15,22,-4,5,0,0,0,0,0,0,0,0,0,0,0,0,0,0,0,0,0,0,-3,4,-12,18,-13,18,-14,17,-14,17,-15,17,-16,17,-17,18,-17,18,-18,18,-18,18,-19,18,-19,18,-19,18,-19,19,-19,19,-19,19,-19,20,-18,20,-18,20,-17,21,-16,21,-16,22,-16,22,-15,22,-15,23,-15,23]"
CSI_DATA,97870,d8:b1:90:db:e8:90,-51,11,1,7,0,0,1,0,0,0,1,-95,0,4,0,1485484668,0,100,0,128,1,"[100,-64,5,0,20,10,20,9,20,8,20,8,20,7,20,6,20,6,20,5,20,4,21,4,21,3,22,3,22,4,22,4,22,4,22,5,22,5,22,6,21,6,21,6,20,7,20,7,19,8,19,9,18,10,4,2,0,0,0,0,0,0,0,0,0,0,0,0,0,0,0,0,0,0,4,1,16,7,16,8,15,9,15,10,16,11,16,11,16,12,16,12,17,13,17,14,17,14,17,15,17,15,17,15,17,14,17,14,17,13,18,13,19,13,19,13,19,13,20,12,20,12,20,11,20,11,21,11]"
CSI_DATA,97871,d8:b1:90:db:e8:90,-51,11,1,7,0,0,1,0,0,0,1,-95,0,4,0,1485496295,0,100,0,128,1,"[100,-64,5,0,12,22,12,21,12,20,12,19,13,18,14,18,14,17,14,17,15,16,15,16,16,16,16,16,16,16,17,16,17,17,17,18,17,18,16,18,16,18,15,18,14,18,13,18,12,19,11,19,9,19,2,5,0,0,0,0,0,0,0,0,0,0,0,0,0,0,0,0,0,0,2,4,10,16,10,17,9,18,9,19,8,20,8,20,8,21,8,21,7,22,7,23,7,23,7,24,7,24,7,24,7,24,7,24,7,24,8,23,9,23,9,23,10,23,11,23,11,22,11,22,11,22,11,21]"
CSI_DATA,97872,d8:b1:90:db:e8:90,-51,11,1,7,0,0,1,0,0,0,1,-95,0,4,0,1485506513,0,100,0,128,1,"[100,-64,5,0,-14,21,-14,21,-13,21,-12,21,-11,21,-10,21,-10,21,-9,22,-8,22,-8,22,-7,22,-7,23,-7,23,-7,24,-7,24,-8,24,-8,24,-9,24,-10,24,-10,23,-10,22,-11,21,-12,21,-13,20,-14,19,-4,4,0,0,0,0,0,0,0,0,0,0,0,0,0,0,0,0,0,0,-3,4,-11,18,-12,17,-13,17,-14,17,-14,17,-15,17,-16,17,-17,17,-17,18,-18,18,-19,18,-19,18,-19,18,-19,18,-19,18,-19,18,-19,19,-19,19,-18,19,-17,20,-17,20,-17,21,-16,21,-15,21,-15,21,-15,21]"
CSI_DATA,97873,d8:b1:90:db:e8:90,-51,11,1,7,0,0,1,0,0,0,1,-95,0,4,0,1485517970,0,100,0,128,1,"[100,-64,5,0,-25,-1,-24,-1,-24,0,-23,1,-23,1,-23,2,-22,3,-22,4,-22,4,-22,5,-22,6,-23,6,-23,6,-23,6,-23,6,-24,6,-24,6,-24,5,-24,4,-23,3,-23,2,-23,2,-23,1,-22,1,-22,0,-6,-1,0,0,0,0,0,0,0,0,0,0,0,0,0,0,0,0,0,0,-5,0,-20,0,-20,-1,-21,-2,-21,-3,-21,-4,-22,-4,-22,-5,-23,-5,-23,-6,-24,-6,-24,-6,-24,-6,-24,-6,-24,-7,-24,-7,-24,-7,-24,-6,-24,-6,-25,-5,-25,-5,-25,-4,-25,-3,-25,-2,-25,-2,-25,-2,-25,-1]"
CSI_DATA,97874,d8:b1:90:db:e8:90,-51,11,1,7,0,0,1,0,0,0,1,-95,0,4,0,1485528037,0,100,0,128,1,"[100,-64,5,0,16,16,16,15,16,14,17,14,17,13,18,12,18,12,18,11,18,10,19,10,19,9,20,9,20,9,21,9,21,9,20,9,20,10,20,10,20,11,19,11,19,12,18,12,17,13,16,14,15,15,3,3,0,0,0,0,0,0,0,0,0,0,0,0,0,0,0,0,0,0,3,3,13,12,13,13,12,14,12,15,12,16,13,17,13,17,13,18,13,19,13,19,13,19,13,19,13,19,13,19,13,19,13,19,13,19,14,19,14,19,14,19,15,19,15,18,16,18,16,18,16,18,16,17]"
CSI_DATA,97875,d8:b1:90:db:e8:90,-51,11,1,7,0,0,1,0,0,0,1,-95,0,4,0,1485539232,0,100,0,128,1,"[100,-64,5,0,17,15,18,15,18,14,18,13,18,12,19,12,19,11,19,10,19,9,19,9,20,9,21,9,21,9,21,9,21,9,21,9,21,9,20,9,20,10,20,11,19,11,19,12,18,13,17,14,16,15,3,3,0,0,0,0,0,0,0,0,0,0,0,0,0,0,0,0,0,0,3,3,15,12,14,12,14,14,14,15,14,15,14,16,14,17,14,17,14,18,14,19,14,19,14,19,14,19,14,20,14,19,15,19,15,19,15,19,15,18,16,18,16,18,17,18,17,18,17,18,18,17,18,16]"
CSI_DATA,97876,d8:b1:90:db:e8:90,-51,11,1,7,0,0,1,0,0,0,1,-95,0,4,0,1485554242,0,100,0,128,1,"[100,-64,5,0,-25,3,-24,3,-24,3,-23,4,-23,5,-22,6,-22,6,-22,7,-21,8,-21,8,-21,9,-21,9,-22,9,-22,9,-22,9,-22,9,-23,8,-22,8,-22,7,-22,6,-22,5,-22,5,-22,4,-22,2,-22,1,-6,0,0,0,0,0,0,0,0,0,0,0,0,0,0,0,0,0,0,0,-5,0,-20,3,-21,2,-21,0,-21,-2,-22,-2,-23,-2,-23,-3,-24,-3,-25,-3,-25,-3,-25,-3,-25,-3,-25,-3,-25,-3,-25,-3,-26,-2,-25,-2,-25,-2,-25,-2,-25,-2,-25,-1,-25,0,-25,0,-26,1,-26,1,-25,1]"
CSI_DATA,97877,d8:b1:90:db:e8:90,-51,11,1,7,0,0,1,0,0,0,1,-95,0,4,0,1485568494,0,100,0,128,1,"[100,-64,5,0,25,2,25,2,25,1,25,0,24,0,24,-1,24,-2,23,-3,23,-4,23,-4,23,-5,24,-5,25,-5,25,-5,25,-5,25,-5,25,-4,25,-4,25,-3,24,-3,24,-2,24,-1,24,0,24,1,23,3,5,1,0,0,0,0,0,0,0,0,0,0,0,0,0,0,0,0,0,0,5,0,22,1,22,2,22,3,22,4,23,5,23,5,23,6,24,7,24,7,24,8,24,9,24,9,24,10,24,10,24,10,25,9,25,9,25,8,26,8,26,7,26,7,26,6,26,5,26,4,26,4,26,4]"
CSI_DATA,97878,d8:b1:90:db:e8:90,-52,11,1,7,0,0,1,0,0,0,1,-95,0,4,0,1485580204,0,100,0,128,1,"[100,-64,5,0,18,6,18,6,18,5,18,5,18,4,18,3,18,3,17,2,17,2,17,1,18,1,18,1,19,1,19,1,19,1,19,1,19,2,19,2,19,2,18,3,18,3,18,3,17,4,17,6,16,6,4,1,0,0,0,0,0,0,0,0,0,0,0,0,0,0,0,0,0,0,3,1,15,4,15,5,15,6,15,7,15,7,16,8,16,8,16,9,16,9,16,10,16,10,16,11,16,11,16,11,16,11,16,11,16,10,17,10,17,10,18,9,18,9,18,9,18,8,18,8,18,7,18,7]"
CSI_DATA,97879,d8:b1:90:db:e8:90,-51,11,1,7,0,0,1,0,0,0,1,-95,0,4,0,1485591813,0,100,0,128,1,"[100,-64,5,0,9,-24,8,-24,7,-23,6,-23,6,-23,5,-23,4,-23,4,-22,3,-23,2,-23,1,-23,2,-23,2,-23,2,-24,2,-24,2,-24,3,-24,3,-24,3,-23,4,-23,5,-22,5,-22,6,-21,8,-20,9,-20,2,-5,0,0,0,0,0,0,0,0,0,0,0,0,0,0,0,0,0,0,1,-5,7,-19,7,-19,8,-19,9,-19,10,-19,11,-20,12,-21,12,-21,13,-21,13,-21,13,-21,13,-21,13,-21,13,-21,13,-20,13,-21,13,-21,13,-21,12,-22,12,-22,11,-22,11,-22,10,-22,10,-22,10,-23,10,-24]"
CSI_DATA,97880,d8:b1:90:db:e8:90,-51,11,1,7,0,0,1,0,0,0,1,-95,0,4,0,1485606957,0,100,0,128,1,"[100,-64,5,0,-6,23,-6,23,-5,22,-4,22,-3,21,-2,21,-2,21,-1,20,-1,20,0,20,0,20,1,21,1,21,1,21,1,22,0,22,0,22,0,22,-1,21,-1,21,-2,20,-3,20,-4,20,-5,20,-6,19,-2,4,0,0,0,0,0,0,0,0,0,0,0,0,0,0,0,0,0,0,-2,4,-5,18,-6,18,-7,18,-8,19,-9,19,-9,20,-10,20,-11,21,-11,21,-12,21,-12,21,-12,21,-12,21,-12,21,-11,20,-11,20,-11,20,-10,21,-10,21,-10,21,-9,21,-9,22,-8,22,-8,22,-8,22,-7,23]"
CSI_DATA,97881,d8:b1:90:db:e8:90,-51,11,1,7,0,0,1,0,0,0,1,-95,0,4,0,1485617718,0,100,0,128,1,"[100,-64,5,0,13,20,13,19,14,18,14,17,14,16,15,15,15,14,15,14,15,14,16,13,16,13,16,13,17,13,17,13,17,14,17,14,16,14,16,14,15,15,15,15,15,15,14,15,13,16,12,17,11,17,2,4,0,0,0,0,0,0,0,0,0,0,0,0,0,0,0,0,0,0,2,4,10,16,10,17,9,18,8,19,8,20,8,20,7,21,7,22,7,22,7,23,7,23,7,23,7,23,7,23,7,23,8,23,8,23,9,22,9,22,10,22,10,22,11,21,12,21,12,21,13,21,13,20]"
CSI_DATA,97882,d8:b1:90:db:e8:90,-50,11,1,7,0,0,1,0,0,0,1,-95,0,4,0,1485644784,0,100,0,128,1,"[100,-64,5,0,-18,-19,-18,-18,-18,-17,-18,-16,-18,-16,-18,-15,-19,-14,-19,-14,-19,-13,-20,-12,-20,-12,-21,-12,-21,-12,-21,-12,-21,-13,-21,-13,-21,-13,-20,-14,-19,-14,-19,-15,-19,-15,-18,-15,-17,-16,-17,-17,-15,-18,-4,-5,0,0,0,0,0,0,0,0,0,0,0,0,0,0,0,0,0,0,-4,-4,-16,-16,-15,-17,-15,-18,-14,-19,-14,-20,-14,-20,-14,-21,-14,-21,-14,-22,-14,-23,-14,-23,-14,-24,-14,-24,-14,-24,-14,-23,-14,-23,-15,-22,-15,-22,-15,-22,-16,-21,-16,-21,-16,-21,-17,-21,-18,-21,-18,-20,-18,-20]"
CSI_DATA,97883,d8:b1:90:db:e8:90,-51,11,1,7,0,0,1,0,0,0,1,-95,0,4,0,1485656130,0,100,0,128,1,"[100,-64,5,0,7,23,8,22,8,22,8,21,9,20,10,20,10,19,11,19,11,19,12,18,13,18,13,18,13,18,13,18,13,18,13,18,13,18,12,19,12,19,11,19,11,19,10,19,9,19,7,20,6,20,1,5,0,0,0,0,0,0,0,0,0,0,0,0,0,0,0,0,0,0,1,4,7,19,6,20,4,21,4,21,3,22,3,22,3,23,3,24,3,25,2,25,2,25,2,26,1,26,1,26,1,25,2,24,2,24,3,24,4,25,5,25,5,25,5,25,6,24,6,24,7,24,7,24]"
CSI_DATA,97884,d8:b1:90:db:e8:90,-51,11,1,7,0,0,1,0,0,0,1,-95,0,4,0,1485667655,0,100,0,128,1,"[100,-64,5,0,23,-4,23,-4,22,-5,22,-5,21,-5,21,-6,20,-7,20,-8,19,-8,19,-9,20,-9,20,-9,20,-9,20,-9,21,-9,21,-9,21,-8,21,-8,21,-8,21,-7,21,-7,21,-6,21,-5,21,-4,21,-2,5,-1,0,0,0,0,0,0,0,0,0,0,0,0,0,0,0,0,0,0,4,-1,19,-4,20,-3,20,-2,20,-2,21,-1,22,-1,22,-1,23,0,23,0,24,1,25,1,25,1,25,1,25,1,25,1,25,1,24,0,24,0,24,0,24,-1,24,-1,24,-2,24,-2,24,-2,24,-3,24,-3]"
CSI_DATA,97885,d8:b1:90:db:e8:90,-51,11,1,7,0,0,1,0,0,0,1,-95,0,4,0,1485679536,0,100,0,128,1,"[100,-64,5,0,22,13,22,13,22,12,22,12,22,11,22,10,22,9,22,8,22,7,22,7,23,7,23,7,24,7,24,7,24,7,23,8,23,8,23,8,22,8,22,9,21,9,21,10,20,11,19,12,18,13,4,3,0,0,0,0,0,0,0,0,0,0,0,0,0,0,0,0,0,0,4,2,19,10,18,11,18,13,18,14,18,14,18,15,19,15,19,16,19,17,19,18,20,18,20,19,20,19,20,19,20,19,20,18,20,18,20,18,20,17,20,17,21,16,21,16,21,16,22,15,22,15,22,14]"
CSI_DATA,97886,d8:b1:90:db:e8:90,-51,11,1,7,0,0,1,0,0,0,1,-95,0,4,0,1485692627,0,100,0,128,1,"[100,-64,5,0,-25,-4,-25,-4,-24,-3,-23,-2,-23,-1,-23,-1,-23,0,-22,1,-22,1,-22,2,-22,2,-22,3,-23,3,-23,4,-23,4,-23,3,-23,3,-23,3,-23,2,-23,1,-23,1,-22,0,-22,-1,-22,-3,-22,-4,-6,-1,0,0,0,0,0,0,0,0,0,0,0,0,0,0,0,0,0,0,-6,-1,-21,-3,-21,-4,-21,-6,-21,-6,-22,-7,-22,-8,-23,-8,-23,-9,-24,-10,-24,-10,-24,-11,-24,-11,-24,-11,-24,-11,-24,-11,-24,-10,-24,-10,-25,-9,-25,-9,-25,-8,-26,-7,-26,-7,-26,-6,-26,-6,-26,-5,-25,-5]"
CSI_DATA,97887,d8:b1:90:db:e8:90,-51,11,1,7,0,0,1,0,0,0,1,-95,0,4,0,1485705693,0,100,0,128,1,"[100,-64,5,0,-14,21,-13,21,-12,21,-11,21,-10,21,-9,21,-9,21,-8,21,-7,21,-7,21,-6,21,-6,21,-6,22,-6,22,-6,22,-6,22,-7,22,-7,22,-7,21,-8,21,-8,20,-9,20,-10,19,-12,18,-13,17,-4,4,0,0,0,0,0,0,0,0,0,0,0,0,0,0,0,0,0,0,-3,4,-10,18,-12,17,-13,17,-14,17,-14,17,-15,18,-16,18,-17,18,-18,18,-18,18,-19,18,-19,18,-19,18,-19,18,-19,18,-19,18,-19,18,-18,19,-18,20,-17,20,-16,21,-16,21,-16,21,-15,21,-15,21,-15,22]"
CSI_DATA,97888,d8:b1:90:db:e8:90,-51,11,1,7,0,0,1,0,0,0,1,-95,0,4,0,1485716752,0,100,0,128,1,"[100,-64,5,0,15,14,15,13,15,13,15,12,15,11,15,10,15,10,15,9,15,9,16,8,16,8,16,8,17,8,17,8,17,8,17,8,17,9,16,9,16,9,16,10,15,10,15,10,14,11,14,12,13,13,3,3,0,0,0,0,0,0,0,0,0,0,0,0,0,0,0,0,0,0,3,2,13,11,13,12,12,13,12,13,12,14,12,15,12,15,12,16,12,16,12,17,12,17,11,17,12,18,12,18,12,18,12,18,12,18,13,18,13,17,13,17,14,16,14,16,14,16,14,15,15,15,15,15]"
CSI_DATA,97889,d8:b1:90:db:e8:90,-51,11,1,7,0,0,1,0,0,0,1,-95,0,4,0,1485727216,0,100,0,128,1,"[100,-64,5,0,21,13,21,13,21,12,20,11,20,10,20,9,20,8,20,7,20,7,20,6,21,6,21,5,22,5,22,5,22,5,22,6,22,6,21,6,21,7,21,7,20,7,20,8,19,9,19,10,18,11,4,3,0,0,0,0,0,0,0,0,0,0,0,0,0,0,0,0,0,0,4,2,18,11,17,12,17,13,16,14,17,14,16,15,16,16,16,16,17,17,17,18,17,18,17,18,17,19,17,19,17,19,17,19,18,19,18,18,18,18,18,17,19,17,20,16,20,16,20,15,20,15,21,15]"
CSI_DATA,97890,d8:b1:90:db:e8:90,-51,11,1,7,0,0,1,0,0,0,1,-95,0,4,0,1485753884,0,100,0,128,1,"[100,-64,5,0,2,23,2,23,3,22,3,22,4,22,5,21,5,21,5,21,6,21,7,20,7,20,7,20,8,21,8,21,7,21,7,21,6,21,5,21,5,21,4,21,4,21,3,21,2,21,1,21,-1,21,-1,5,0,0,0,0,0,0,0,0,0,0,0,0,0,0,0,0,0,0,0,5,3,20,2,21,0,21,0,22,-1,22,-2,23,-2,23,-3,24,-3,24,-4,25,-5,25,-5,24,-5,24,-5,25,-4,25,-4,25,-4,25,-4,25,-3,26,-2,26,-1,26,-1,26,0,25,0,25,1,25,1,25]"
CSI_DATA,97891,d8:b1:90:db:e8:90,-51,11,1,7,0,0,1,0,0,0,1,-95,0,4,0,1485764315,0,100,0,128,1,"[100,-64,5,0,-21,13,-20,14,-19,14,-18,14,-17,14,-17,15,-16,15,-15,15,-15,15,-15,16,-14,16,-14,16,-14,17,-14,17,-14,17,-14,17,-14,17,-15,17,-15,17,-15,17,-16,16,-16,15,-17,14,-17,13,-18,13,-5,3,0,0,0,0,0,0,0,0,0,0,0,0,0,0,0,0,0,0,-5,3,-18,12,-18,12,-19,11,-20,11,-21,10,-21,10,-22,10,-22,10,-23,10,-24,9,-25,9,-25,9,-25,9,-25,9,-25,9,-24,9,-24,9,-24,10,-23,10,-23,10,-23,11,-23,12,-22,13,-22,13,-22,13,-22,13]"
CSI_DATA,97892,d8:b1:90:db:e8:90,-51,11,1,7,0,0,1,0,0,0,1,-95,0,4,0,1485777123,0,100,0,128,1,"[100,-64,5,0,6,23,7,23,7,22,7,21,8,20,9,20,9,19,9,19,10,19,10,18,11,18,11,18,12,18,12,18,12,19,11,19,11,19,11,19,10,19,10,20,9,20,9,20,8,20,6,20,5,21,1,5,0,0,0,0,0,0,0,0,0,0,0,0,0,0,0,0,0,0,2,4,8,19,7,20,6,21,6,22,5,22,4,23,4,23,3,23,3,24,2,25,2,26,1,26,1,26,1,26,1,25,1,25,2,25,2,25,3,25,3,25,4,25,4,25,5,25,6,25,6,25,6,24]"
CSI_DATA,97893,d8:b1:90:db:e8:90,-51,11,1,7,0,0,1,0,0,0,1,-95,0,4,0,1485790547,0,100,0,128,1,"[100,-64,5,0,-25,5,-24,5,-23,5,-22,5,-22,6,-21,7,-21,7,-20,8,-20,9,-19,9,-19,10,-19,10,-20,11,-20,11,-20,11,-20,11,-20,11,-20,10,-20,9,-20,9,-20,8,-20,7,-21,7,-22,6,-22,4,-6,1,0,0,0,0,0,0,0,0,0,0,0,0,0,0,0,0,0,0,-6,1,-21,4,-21,3,-22,2,-22,2,-23,1,-23,1,-24,1,-25,0,-25,0,-25,-1,-25,-1,-25,-1,-25,-1,-26,-1,-26,-1,-26,-1,-26,-1,-26,0,-26,0,-26,1,-26,1,-26,2,-25,3,-25,3,-25,3,-25,4]"
CSI_DATA,97894,d8:b1:90:db:e8:90,-50,11,1,7,0,0,1,0,0,0,1,-95,0,4,0,1485802122,0,100,0,128,1,"[100,-64,5,0,-24,8,-23,9,-23,9,-22,10,-21,10,-20,11,-20,11,-19,12,-18,12,-18,13,-18,13,-18,14,-18,14,-18,15,-18,15,-18,15,-19,15,-19,14,-19,13,-19,12,-20,11,-20,11,-20,10,-20,9,-20,8,-5,2,0,0,0,0,0,0,0,0,0,0,0,0,0,0,0,0,0,0,-5,2,-20,8,-20,7,-21,6,-22,5,-22,5,-24,5,-25,4,-25,4,-26,4,-27,3,-27,3,-27,3,-27,3,-27,3,-27,3,-27,3,-27,4,-26,4,-26,4,-26,4,-26,5,-26,6,-25,6,-25,6,-25,7,-25,7]"
CSI_DATA,97895,d8:b1:90:db:e8:90,-51,11,1,7,0,0,1,0,0,0,1,-95,0,4,0,1485812641,0,100,0,128,1,"[100,-64,5,0,-20,-15,-20,-14,-20,-13,-20,-13,-20,-12,-21,-11,-21,-10,-21,-10,-21,-9,-22,-8,-22,-8,-22,-8,-22,-7,-22,-7,-22,-8,-22,-8,-22,-9,-22,-9,-21,-9,-21,-10,-21,-10,-21,-11,-20,-11,-19,-12,-18,-13,-5,-4,0,0,0,0,0,0,0,0,0,0,0,0,0,0,0,0,0,0,-5,-3,-17,-12,-17,-14,-17,-15,-16,-16,-16,-17,-17,-17,-17,-18,-17,-18,-17,-19,-17,-20,-17,-20,-17,-20,-17,-20,-17,-20,-17,-20,-17,-20,-18,-20,-18,-20,-19,-19,-19,-19,-19,-19,-20,-18,-20,-17,-21,-17,-21,-17,-21,-16]"
CSI_DATA,97896,d8:b1:90:db:e8:90,-50,11,1,7,0,0,1,0,0,0,1,-95,0,4,0,1485825539,0,100,0,128,1,"[100,-64,5,0,-26,0,-25,0,-25,1,-24,1,-24,2,-23,3,-23,4,-23,4,-22,5,-22,6,-22,6,-22,6,-23,7,-23,7,-23,7,-23,6,-24,5,-23,5,-23,4,-23,4,-23,3,-23,3,-23,2,-23,0,-23,-1,-6,-1,0,0,0,0,0,0,0,0,0,0,0,0,0,0,0,0,0,0,-6,0,-22,1,-22,0,-22,-1,-23,-2,-23,-2,-24,-3,-25,-3,-25,-3,-26,-4,-26,-5,-26,-5,-26,-5,-26,-6,-26,-6,-26,-5,-27,-5,-27,-5,-27,-4,-26,-4,-26,-3,-27,-3,-27,-2,-27,-2,-27,-1,-27,-1,-27,0]"
CSI_DATA,97897,d8:b1:90:db:e8:90,-51,11,1,7,0,0,1,0,0,0,1,-95,0,4,0,1485850881,0,100,0,128,1,"[100,-64,5,0,-11,-23,-11,-22,-11,-21,-11,-21,-12,-20,-13,-20,-13,-19,-13,-18,-14,-18,-14,-17,-15,-17,-15,-17,-15,-17,-15,-17,-15,-17,-15,-17,-15,-18,-15,-18,-14,-18,-14,-18,-13,-18,-12,-18,-11,-19,-10,-19,-9,-20,-3,-5,0,0,0,0,0,0,0,0,0,0,0,0,0,0,0,0,0,0,-3,-5,-10,-19,-9,-20,-8,-21,-8,-21,-7,-22,-7,-22,-6,-23,-6,-24,-6,-25,-5,-25,-5,-25,-5,-26,-5,-26,-5,-26,-5,-26,-6,-25,-6,-25,-7,-25,-8,-25,-8,-25,-9,-25,-9,-25,-10,-24,-10,-24,-10,-24,-10,-23]"
CSI_DATA,97898,d8:b1:90:db:e8:90,-50,11,1,7,0,0,1,0,0,0,1,-95,0,4,0,1485861877,0,100,0,128,1,"[100,-64,5,0,23,10,23,10,22,9,22,8,22,7,22,6,22,6,21,5,21,4,22,4,22,3,22,3,23,3,23,2,23,3,24,3,24,4,24,4,23,4,23,5,23,5,22,6,21,7,21,8,20,9,5,2,0,0,0,0,0,0,0,0,0,0,0,0,0,0,0,0,0,0,5,1,20,7,19,8,19,10,18,11,19,12,19,13,20,13,20,14,21,15,21,16,21,16,21,16,21,16,21,16,20,16,20,16,20,16,21,15,21,15,22,14,22,14,23,13,23,13,23,12,23,12,24,12]"
CSI_DATA,97899,d8:b1:90:db:e8:90,-51,11,1,7,0,0,1,0,0,0,1,-95,0,4,0,1485876632,0,100,0,128,1,"[100,-64,5,0,-21,14,-20,14,-19,14,-18,14,-17,14,-17,15,-16,15,-16,15,-15,16,-15,16,-14,16,-14,17,-15,17,-14,17,-15,17,-15,17,-16,17,-16,16,-16,16,-16,16,-17,15,-18,14,-18,13,-18,13,-19,11,-5,2,0,0,0,0,0,0,0,0,0,0,0,0,0,0,0,0,0,0,-4,3,-17,13,-18,12,-19,11,-19,11,-20,10,-21,10,-22,10,-22,10,-23,10,-24,10,-25,10,-25,9,-25,9,-25,9,-24,9,-24,10,-24,10,-24,11,-23,11,-23,11,-23,12,-23,13,-22,13,-22,13,-22,13,-22,14]"
CSI_DATA,97900,d8:b1:90:db:e8:90,-51,11,1,7,0,0,1,0,0,0,1,-95,0,4,0,1485887136,0,100,0,128,1,"[100,-64,5,0,-6,22,-6,22,-5,22,-4,22,-3,22,-3,22,-2,21,-1,21,-1,21,0,21,1,21,1,21,1,21,1,22,1,22,1,22,0,22,0,21,0,21,-1,21,-1,21,-1,20,-2,20,-3,20,-5,21,-2,5,0,0,0,0,0,0,0,0,0,0,0,0,0,0,0,0,0,0,-1,4,-4,19,-5,19,-6,20,-7,20,-7,20,-8,20,-9,21,-9,21,-10,21,-10,22,-11,22,-11,22,-11,22,-11,22,-12,22,-12,22,-12,22,-11,22,-11,22,-10,23,-9,23,-9,23,-8,24,-8,24,-7,24,-7,24]"
CSI_DATA,97901,d8:b1:90:db:e8:90,-51,11,1,7,0,0,1,0,0,0,1,-95,0,4,0,1485899396,0,100,0,128,1,"[100,-64,5,0,3,23,3,22,4,22,4,22,5,21,6,21,6,20,7,20,7,19,8,19,8,19,9,19,9,20,9,20,9,20,9,20,9,20,8,20,8,20,7,20,7,20,6,20,5,20,4,20,3,21,0,5,0,0,0,0,0,0,0,0,0,0,0,0,0,0,0,0,0,0,1,4,4,19,3,20,2,21,1,21,0,22,0,22,0,22,-1,23,-1,23,-2,24,-2,24,-2,24,-2,25,-2,25,-3,25,-3,24,-3,24,-2,24,-2,24,-1,25,0,25,0,25,1,25,2,25,2,25,2,25]"
CSI_DATA,97902,d8:b1:90:db:e8:90,-51,11,1,7,0,0,1,0,0,0,1,-95,0,4,0,1485910384,0,100,0,128,1,"[100,-64,5,0,-23,15,-22,15,-21,15,-20,15,-19,15,-18,15,-17,16,-16,17,-16,17,-15,17,-15,18,-15,18,-15,18,-15,19,-16,19,-16,18,-17,18,-17,17,-17,17,-17,16,-18,16,-18,15,-18,14,-19,13,-20,12,-5,2,0,0,0,0,0,0,0,0,0,0,0,0,0,0,0,0,0,0,-5,3,-18,12,-19,11,-20,11,-21,10,-22,10,-22,10,-23,10,-24,11,-24,10,-25,10,-25,10,-26,10,-26,10,-26,10,-25,10,-25,10,-25,11,-25,11,-24,11,-24,11,-24,11,-24,12,-24,13,-24,14,-24,14,-24,14]"
CSI_DATA,97903,d8:b1:90:db:e8:90,-52,11,1,7,0,0,1,0,0,0,1,-95,0,4,0,1485922473,0,100,0,128,1,"[100,-64,5,0,-11,17,-10,17,-9,17,-9,16,-8,16,-7,16,-6,16,-6,16,-5,16,-5,16,-5,17,-5,17,-5,17,-5,17,-5,18,-6,18,-6,18,-6,17,-7,17,-7,17,-7,16,-8,16,-9,15,-10,15,-11,15,-3,3,0,0,0,0,0,0,0,0,0,0,0,0,0,0,0,0,0,0,-2,3,-8,14,-9,14,-10,14,-11,14,-11,14,-12,14,-12,15,-12,15,-13,16,-13,15,-14,15,-14,15,-14,15,-15,15,-14,15,-14,15,-14,15,-13,16,-13,16,-13,16,-12,16,-12,17,-12,17,-12,17,-12,17,-11,18]"
CSI_DATA,97904,d8:b1:90:db:e8:90,-51,11,1,7,0,0,1,0,0,0,1,-95,0,4,0,1485951823,0,100,0,128,1,"[100,-64,5,0,-11,19,-11,19,-10,19,-10,18,-9,18,-8,18,-8,19,-7,19,-7,19,-6,19,-6,19,-6,20,-6,20,-6,21,-6,21,-6,20,-7,20,-7,20,-7,19,-8,19,-8,19,-9,18,-10,18,-11,17,-12,17,-3,4,0,0,0,0,0,0,0,0,0,0,0,0,0,0,0,0,0,0,-2,4,-9,17,-10,17,-11,16,-12,16,-12,16,-13,17,-14,17,-14,18,-15,18,-16,18,-16,17,-17,17,-17,17,-17,17,-16,17,-16,18,-16,18,-16,18,-15,19,-15,19,-14,19,-14,19,-14,19,-13,19,-13,19,-13,19]"
CSI_DATA,97905,d8:b1:90:db:e8:90,-51,11,1,7,0,0,1,0,0,0,1,-95,0,4,0,1485962029,0,100,0,128,1,"[100,-64,5,0,12,19,12,18,13,18,13,18,13,17,14,16,14,16,15,15,15,15,15,14,16,14,16,14,16,14,17,14,17,15,16,15,16,15,15,15,15,15,14,16,14,16,13,16,12,17,11,17,10,18,2,4,0,0,0,0,0,0,0,0,0,0,0,0,0,0,0,0,0,0,2,3,11,16,10,16,9,17,9,18,9,19,9,20,9,20,9,21,9,22,8,23,8,23,8,23,8,23,8,23,8,23,8,23,9,23,9,23,10,23,10,22,11,22,11,22,11,21,12,21,12,21,12,21]"
CSI_DATA,97906,d8:b1:90:db:e8:90,-51,11,1,7,0,0,1,0,0,0,1,-95,0,4,0,1485974046,0,100,0,128,1,"[100,-64,5,0,-23,12,-22,13,-21,13,-21,13,-20,14,-19,14,-18,15,-18,15,-18,16,-17,16,-17,16,-17,16,-17,17,-17,17,-17,18,-18,18,-18,18,-18,18,-18,17,-19,16,-19,15,-20,14,-20,14,-21,13,-21,12,-6,2,0,0,0,0,0,0,0,0,0,0,0,0,0,0,0,0,0,0,-5,3,-19,11,-20,10,-20,10,-21,9,-22,9,-23,9,-24,8,-24,8,-25,8,-26,8,-26,8,-27,8,-27,8,-27,8,-27,8,-27,8,-26,9,-26,9,-26,9,-26,9,-26,10,-25,10,-25,11,-25,11,-25,11,-25,12]"
CSI_DATA,97907,d8:b1:90:db:e8:90,-51,11,1,7,0,0,1,0,0,0,1,-95,0,4,0,1485985387,0,100,0,128,1,"[100,-64,5,0,16,-20,15,-20,15,-20,14,-20,13,-20,12,-20,11,-21,10,-21,10,-22,9,-22,9,-22,9,-22,8,-23,8,-23,9,-23,9,-23,9,-23,10,-23,10,-23,10,-22,11,-22,11,-21,12,-20,13,-19,14,-19,3,-5,0,0,0,0,0,0,0,0,0,0,0,0,0,0,0,0,0,0,2,-5,11,-18,12,-18,13,-18,13,-17,14,-17,15,-17,16,-17,17,-17,18,-17,19,-17,19,-17,20,-17,20,-17,20,-17,20,-17,20,-17,20,-17,20,-18,19,-18,19,-19,19,-19,19,-20,18,-19,18,-19,18,-20,18,-20]"
CSI_DATA,97908,d8:b1:90:db:e8:90,-51,11,1,7,0,0,1,0,0,0,1,-95,0,4,0,1485999377,0,100,0,128,1,"[100,-64,5,0,-6,25,-5,24,-4,24,-3,23,-2,23,-1,23,-1,23,0,23,1,23,1,23,2,23,2,23,3,23,3,24,3,24,3,24,3,24,2,24,2,24,1,24,1,24,0,23,-1,23,-3,23,-4,22,-1,5,0,0,0,0,0,0,0,0,0,0,0,0,0,0,0,0,0,0,-1,5,-3,21,-4,21,-6,21,-6,21,-7,21,-8,22,-8,22,-9,23,-10,23,-11,24,-11,24,-12,24,-11,24,-12,24,-12,24,-12,24,-12,24,-11,25,-10,25,-9,25,-9,26,-8,26,-8,26,-8,26,-8,25,-7,26]"
CSI_DATA,97909,d8:b1:90:db:e8:90,-52,11,1,7,0,0,1,0,0,0,1,-95,0,4,0,1486010203,0,100,0,128,1,"[100,-64,5,0,-12,-19,-13,-18,-12,-18,-13,-18,-13,-18,-14,-17,-14,-16,-14,-16,-15,-15,-15,-15,-16,-15,-16,-15,-17,-15,-16,-15,-16,-15,-16,-15,-16,-16,-16,-16,-15,-16,-14,-16,-14,-16,-13,-17,-12,-17,-11,-19,-11,-19,-3,-5,0,0,0,0,0,0,0,0,0,0,0,0,0,0,0,0,0,0,-3,-4,-11,-15,-11,-16,-10,-16,-10,-17,-10,-18,-10,-19,-10,-19,-10,-20,-9,-21,-9,-21,-9,-22,-9,-22,-9,-22,-9,-22,-9,-22,-10,-22,-10,-22,-10,-22,-10,-21,-10,-21,-11,-21,-11,-21,-12,-21,-12,-21,-12,-21,-12,-21]"
CSI_DATA,97910,d8:b1:90:db:e8:90,-51,11,1,7,0,0,1,0,0,0,1,-95,0,4,0,1486022099,0,100,0,128,1,"[100,-64,5,0,21,13,21,12,21,12,21,11,21,10,21,9,21,9,22,8,22,8,23,7,23,7,23,6,23,6,23,6,24,6,24,7,23,7,23,7,23,8,22,8,22,9,21,10,21,11,20,12,19,13,4,3,0,0,0,0,0,0,0,0,0,0,0,0,0,0,0,0,0,0,4,2,18,9,17,10,17,11,17,12,17,13,17,14,17,15,18,15,18,16,18,17,18,18,18,18,18,19,18,18,18,18,19,17,19,17,19,17,19,17,20,16,20,16,21,16,22,15,22,15,22,15,22,15]"
CSI_DATA,97911,d8:b1:90:db:e8:90,-51,11,1,7,0,0,1,0,0,0,1,-95,0,4,0,1486032867,0,100,0,128,1,"[100,-64,5,0,16,19,16,19,16,18,16,17,17,16,17,15,18,15,18,15,18,14,19,14,19,14,19,14,19,13,20,14,20,14,19,14,19,14,19,15,18,15,18,16,17,16,17,16,16,17,14,18,13,19,3,5,0,0,0,0,0,0,0,0,0,0,0,0,0,0,0,0,0,0,3,3,14,13,14,14,13,15,12,16,12,17,12,18,12,19,12,19,12,20,12,21,12,22,12,22,11,22,12,22,12,22,12,22,12,21,13,21,13,21,14,21,14,21,15,21,15,21,16,21,16,21,16,20]"
CSI_DATA,97912,d8:b1:90:db:e8:90,-51,11,1,7,0,0,1,0,0,0,1,-95,0,4,0,1486055581,0,100,0,128,1,"[100,-64,5,0,11,-23,10,-23,9,-23,8,-23,8,-23,7,-23,6,-23,5,-23,5,-24,4,-24,3,-24,3,-25,3,-25,3,-25,3,-25,4,-25,4,-25,4,-25,5,-25,5,-25,6,-25,6,-25,7,-24,8,-23,9,-23,2,-6,0,0,0,0,0,0,0,0,0,0,0,0,0,0,0,0,0,0,1,-5,7,-20,8,-20,10,-19,11,-19,12,-19,13,-20,14,-20,14,-20,15,-20,15,-21,16,-20,16,-20,16,-21,16,-21,16,-21,16,-21,16,-21,16,-22,15,-22,15,-23,15,-23,14,-23,13,-23,12,-23,12,-24,13,-25]"
CSI_DATA,97913,d8:b1:90:db:e8:90,-52,11,1,7,0,0,1,0,0,0,0,-95,0,4,0,1486068504,0,100,0,128,1,"[100,-64,5,0,-15,19,-14,19,-13,20,-12,20,-11,20,-10,20,-10,20,-9,21,-9,21,-8,22,-7,22,-7,22,-7,22,-6,23,-7,23,-8,23,-8,23,-8,23,-9,22,-9,22,-10,21,-10,21,-11,21,-12,20,-14,20,-4,4,0,0,0,0,0,0,0,0,0,0,0,0,0,0,0,0,0,0,-3,4,-12,16,-13,15,-13,15,-14,15,-15,15,-15,15,-16,15,-17,15,-17,15,-18,16,-18,16,-19,16,-19,16,-18,16,-18,16,-18,16,-18,16,-18,17,-18,17,-18,18,-17,18,-17,19,-17,19,-16,19,-16,20,-16,20]"
CSI_DATA,97914,d8:b1:90:db:e8:90,-52,11,1,7,0,0,1,0,0,0,0,-95,0,4,0,1486086710,0,100,0,128,1,"[100,-64,5,0,-23,10,-22,10,-21,10,-21,11,-21,11,-20,12,-19,13,-19,13,-19,14,-19,14,-18,15,-18,15,-18,15,-18,16,-19,16,-19,15,-20,15,-20,14,-20,14,-20,13,-21,13,-21,12,-21,11,-22,10,-23,8,-6,2,0,0,0,0,0,0,0,0,0,0,0,0,0,0,0,0,0,0,-5,2,-17,9,-17,8,-18,8,-19,7,-19,7,-20,6,-21,6,-21,6,-22,6,-23,6,-23,6,-24,6,-24,6,-24,6,-23,6,-23,6,-23,6,-23,7,-24,7,-24,7,-24,8,-24,8,-24,8,-24,9,-24,9,-24,10]"
CSI_DATA,97915,d8:b1:90:db:e8:90,-52,11,1,7,0,0,1,0,0,0,0,-95,0,4,0,1486100712,0,100,0,128,1,"[100,-64,5,0,15,20,15,19,15,19,15,18,15,17,16,16,16,15,16,15,16,15,17,14,18,14,18,14,19,14,19,14,19,15,19,15,19,16,19,16,18,16,17,16,17,16,17,16,16,17,14,18,13,19,3,4,0,0,0,0,0,0,0,0,0,0,0,0,0,0,0,0,0,0,2,3,10,15,10,16,10,16,9,17,9,17,9,18,9,19,9,20,9,20,9,21,9,22,9,22,9,22,10,22,10,22,10,22,10,22,11,22,12,22,12,22,13,21,13,21,13,21,13,21,14,21,14,21]"
CSI_DATA,97916,d8:b1:90:db:e8:90,-51,11,1,6,0,0,1,0,0,0,1,-95,0,4,0,1486110747,0,100,0,128,1,"[100,-64,5,0,13,21,15,22,17,23,19,23,21,23,23,22,25,21,26,19,27,17,28,15,28,14,28,13,28,13,28,12,27,13,26,13,24,14,23,14,21,15,19,15,17,15,14,15,11,15,8,14,5,13,1,3,0,0,0,0,0,0,0,0,0,0,0,0,0,0,0,0,0,0,-1,-7,-3,-28,-3,-28,-3,-28,-3,-28,-4,-27,-4,-26,-5,-24,-4,-22,-4,-19,-3,-16,-2,-14,0,-11,2,-8,4,-6,6,-4,8,-3,9,-3,11,-2,11,-1,12,0,12,1,12,3,11,5,11,7,11,10,11,12]"
CSI_DATA,97917,d8:b1:90:db:e8:90,-51,11,1,6,0,0,1,0,0,0,1,-95,0,4,0,1486121187,0,100,0,128,1,"[100,-64,5,0,-27,-5,-29,-5,-31,-4,-32,-3,-34,-1,-34,2,-35,4,-34,6,-34,8,-33,9,-32,10,-31,11,-31,12,-30,12,-30,11,-29,9,-29,8,-28,6,-27,4,-26,3,-24,1,-22,-1,-20,-3,-18,-5,-16,-6,-4,-2,0,0,0,0,0,0,0,0,0,0,0,0,0,0,0,0,0,0,5,4,22,16,22,17,23,17,23,17,23,16,22,14,21,12,19,11,17,9,14,8,11,7,7,7,4,6,1,6,-2,7,-4,8,-6,8,-7,9,-8,9,-9,9,-10,8,-11,6,-12,5,-14,2,-16,0,-17,-1]"
CSI_DATA,97918,d8:b1:90:db:e8:90,-51,11,1,6,0,0,1,0,0,0,1,-95,0,4,0,1486132670,0,100,0,128,1,"[100,-64,5,0,-2,21,-2,23,-1,25,1,26,2,27,4,27,6,27,8,26,9,26,10,25,11,24,12,23,12,23,12,23,11,22,10,22,9,22,7,21,6,21,5,20,3,19,1,18,-1,16,-2,14,-4,12,-1,2,0,0,0,0,0,0,0,0,0,0,0,0,0,0,0,0,0,0,2,-5,10,-20,11,-20,11,-20,11,-20,10,-20,9,-20,8,-19,7,-17,6,-15,5,-13,5,-10,5,-8,5,-5,5,-3,6,-1,6,1,7,2,7,3,7,5,7,5,6,6,5,7,4,9,2,10,1,12,0,14]"
CSI_DATA,97919,d8:b1:90:db:e8:90,-52,11,1,7,0,0,1,0,0,0,1,-95,0,4,0,1486144893,0,100,0,128,1,"[100,-64,5,0,-3,24,-2,24,-2,24,-1,24,0,23,1,23,2,23,3,23,3,23,4,23,4,23,4,23,5,23,5,24,4,24,4,24,4,24,3,24,3,24,2,24,2,24,1,23,0,23,-2,24,-3,24,-1,6,0,0,0,0,0,0,0,0,0,0,0,0,0,0,0,0,0,0,-1,4,-1,17,-2,18,-3,18,-4,18,-4,19,-5,19,-6,20,-7,20,-7,21,-8,21,-9,22,-9,22,-9,22,-9,22,-9,22,-9,22,-8,22,-8,23,-7,23,-6,24,-6,24,-5,24,-5,25,-5,25,-4,25,-4,26]"
CSI_DATA,97920,d8:b1:90:db:e8:90,-52,11,1,7,0,0,1,0,0,0,1,-95,0,4,0,1486165975,0,100,0,128,1,"[100,-64,5,0,-1,-24,-2,-24,-2,-23,-3,-23,-3,-23,-4,-22,-5,-22,-6,-22,-6,-22,-7,-22,-8,-22,-8,-22,-8,-23,-8,-23,-8,-23,-8,-23,-8,-23,-7,-23,-7,-23,-6,-23,-6,-23,-5,-23,-4,-23,-3,-23,-1,-24,-1,-6,0,0,0,0,0,0,0,0,0,0,0,0,0,0,0,0,0,0,-1,-4,-2,-15,-1,-16,0,-18,1,-19,2,-19,2,-20,3,-20,3,-21,4,-21,4,-22,4,-22,4,-22,4,-23,4,-23,4,-23,3,-23,3,-23,3,-23,3,-24,2,-24,2,-25,1,-25,1,-24,1,-24,0,-25,0,-25]"
CSI_DATA,97921,d8:b1:90:db:e8:90,-51,11,1,7,0,0,1,0,0,0,1,-95,0,4,0,1486187657,0,100,0,128,1,"[100,-64,5,0,12,22,13,21,13,20,14,20,14,19,15,18,15,18,15,18,16,17,16,17,17,17,17,17,18,17,18,17,18,17,18,18,18,18,18,18,17,18,17,19,16,19,15,19,14,20,13,21,12,22,2,5,0,0,0,0,0,0,0,0,0,0,0,0,0,0,0,0,0,0,2,3,10,15,10,16,9,17,9,17,8,18,8,19,9,19,9,20,9,21,8,21,8,22,8,22,8,22,8,23,7,23,7,23,8,23,8,23,9,23,9,23,10,23,11,23,12,23,12,23,12,24,13,23]"
CSI_DATA,97922,d8:b1:90:db:e8:90,-51,11,1,7,0,0,1,0,0,0,1,-95,0,4,0,1486198432,0,100,0,128,1,"[100,-64,5,0,-19,13,-18,13,-18,13,-17,14,-17,14,-16,15,-15,15,-15,15,-14,16,-14,16,-14,17,-14,17,-14,17,-14,18,-15,18,-15,18,-15,18,-15,18,-15,18,-16,17,-16,17,-16,16,-17,15,-18,15,-18,13,-5,3,0,0,0,0,0,0,0,0,0,0,0,0,0,0,0,0,0,0,-4,2,-14,10,-15,9,-16,9,-16,8,-17,8,-18,8,-18,9,-19,9,-20,9,-20,9,-20,9,-20,8,-20,8,-21,8,-21,8,-22,8,-22,8,-21,9,-21,9,-21,10,-21,11,-21,11,-21,12,-21,13,-21,13,-21,14]"
CSI_DATA,97923,d8:b1:90:db:e8:90,-51,11,1,7,0,0,1,0,0,0,1,-95,0,4,0,1486215029,0,100,0,128,1,"[100,-64,5,0,17,-21,16,-21,16,-22,15,-21,14,-22,13,-22,12,-22,11,-23,11,-23,10,-24,10,-24,10,-24,10,-25,10,-25,10,-25,11,-25,11,-25,11,-25,11,-24,12,-24,13,-23,13,-22,14,-22,16,-21,17,-20,4,-5,0,0,0,0,0,0,0,0,0,0,0,0,0,0,0,0,0,0,3,-4,12,-16,13,-15,14,-14,15,-14,16,-14,17,-14,18,-15,19,-15,20,-15,20,-15,21,-15,21,-15,21,-15,21,-15,21,-15,21,-15,21,-16,21,-16,20,-17,20,-17,20,-18,19,-19,19,-19,19,-20,19,-20,19,-21]"
CSI_DATA,97924,d8:b1:90:db:e8:90,-51,11,1,7,0,0,1,0,0,0,1,-95,0,4,0,1486227774,0,100,0,128,1,"[100,-64,5,0,13,23,14,22,14,21,15,21,16,20,16,19,17,19,17,18,18,18,18,17,19,17,19,17,19,17,20,17,20,17,20,18,20,19,19,19,18,19,17,19,17,19,16,20,15,20,13,21,12,22,3,5,0,0,0,0,0,0,0,0,0,0,0,0,0,0,0,0,0,0,3,4,11,16,11,17,10,18,9,19,9,20,9,20,9,21,8,22,8,23,8,23,8,24,8,24,8,25,8,25,8,25,8,24,9,24,9,25,9,25,10,25,11,25,11,25,11,24,12,24,12,24,13,24]"
CSI_DATA,97925,d8:b1:90:db:e8:90,-50,11,1,7,0,0,1,0,0,0,1,-95,0,4,0,1486239715,0,100,0,128,1,"[100,-64,5,0,-13,-23,-13,-23,-13,-22,-14,-21,-15,-20,-15,-20,-16,-19,-16,-19,-16,-19,-16,-19,-17,-19,-17,-19,-17,-19,-17,-19,-17,-20,-18,-20,-17,-20,-17,-20,-17,-20,-16,-21,-16,-21,-15,-21,-14,-22,-12,-23,-10,-23,-3,-6,0,0,0,0,0,0,0,0,0,0,0,0,0,0,0,0,0,0,-3,-5,-10,-18,-9,-18,-9,-19,-9,-20,-8,-21,-8,-21,-8,-22,-8,-22,-8,-23,-8,-24,-7,-24,-7,-25,-7,-25,-7,-25,-7,-25,-8,-25,-8,-25,-9,-25,-9,-25,-10,-24,-11,-24,-11,-25,-12,-25,-12,-25,-12,-25,-13,-25]"
CSI_DATA,97926,d8:b1:90:db:e8:90,-51,11,1,7,0,0,1,0,0,0,1,-95,0,4,0,1486266426,0,100,0,128,1,"[100,-64,5,0,18,-17,18,-17,17,-17,16,-18,16,-18,15,-18,15,-19,14,-20,14,-20,13,-21,13,-21,14,-21,14,-22,14,-22,14,-22,15,-21,15,-21,15,-21,16,-20,16,-19,16,-19,17,-18,17,-17,18,-16,19,-15,4,-4,0,0,0,0,0,0,0,0,0,0,0,0,0,0,0,0,0,0,3,-4,13,-14,14,-13,15,-13,15,-13,16,-13,17,-13,18,-13,19,-13,20,-13,20,-13,21,-12,22,-12,22,-12,22,-12,21,-12,21,-12,21,-12,21,-13,21,-14,20,-14,20,-15,20,-15,20,-16,20,-16,20,-16,19,-17]"
CSI_DATA,97927,d8:b1:90:db:e8:90,-50,11,1,7,0,0,1,0,0,0,1,-95,0,4,0,1486279369,0,100,0,128,1,"[100,-64,5,0,13,-23,12,-22,11,-22,10,-22,10,-22,9,-23,8,-23,7,-24,7,-24,6,-25,6,-25,6,-25,6,-25,6,-26,7,-26,7,-25,7,-25,8,-25,8,-25,9,-24,10,-24,11,-23,11,-22,13,-22,14,-21,3,-6,0,0,0,0,0,0,0,0,0,0,0,0,0,0,0,0,0,0,2,-5,10,-18,10,-18,11,-18,12,-18,12,-18,14,-18,15,-19,16,-19,16,-19,17,-19,17,-19,18,-19,18,-19,18,-19,17,-18,17,-18,17,-19,17,-19,16,-20,16,-21,15,-21,15,-21,15,-22,14,-22,14,-22,14,-23]"
CSI_DATA,97928,d8:b1:90:db:e8:90,-50,11,1,7,0,0,1,0,0,0,1,-95,0,4,0,1486291260,0,100,0,128,1,"[100,-64,5,0,12,22,12,21,13,21,13,20,14,19,15,19,15,18,15,18,15,17,16,17,17,17,17,17,17,17,18,17,18,18,17,18,17,18,17,19,16,19,15,19,15,19,14,20,13,20,11,21,10,22,2,5,0,0,0,0,0,0,0,0,0,0,0,0,0,0,0,0,0,0,2,4,11,16,10,17,9,18,8,19,8,20,8,21,7,21,7,22,7,23,6,23,6,23,6,23,6,24,6,24,6,24,7,24,7,24,8,24,8,24,9,24,10,24,10,24,11,23,11,23,12,23,12,23]"
CSI_DATA,97929,d8:b1:90:db:e8:90,-51,11,1,7,0,0,1,0,0,0,1,-95,0,4,0,1486303325,0,100,0,128,1,"[100,-64,5,0,-22,2,-22,2,-21,3,-21,4,-21,4,-20,5,-20,6,-20,6,-20,7,-20,7,-20,8,-20,8,-20,9,-20,9,-20,9,-20,8,-21,8,-20,8,-20,7,-20,6,-20,6,-20,5,-21,3,-21,2,-20,1,-5,0,0,0,0,0,0,0,0,0,0,0,0,0,0,0,0,0,0,0,-5,0,-17,1,-17,0,-18,-1,-18,-2,-18,-2,-19,-2,-20,-2,-21,-3,-21,-3,-22,-4,-22,-4,-22,-5,-22,-5,-21,-5,-21,-5,-22,-5,-22,-4,-22,-4,-22,-3,-22,-2,-22,-2,-22,-1,-23,-1,-23,0,-23,0,-23,1]"
CSI_DATA,97930,d8:b1:90:db:e8:90,-50,11,1,7,0,0,1,0,0,0,1,-95,0,4,0,1486320560,0,100,0,128,1,"[100,-64,5,0,10,-20,9,-20,9,-20,8,-20,8,-20,8,-20,7,-20,6,-20,5,-20,5,-21,5,-21,5,-21,5,-21,5,-21,5,-22,6,-22,6,-21,6,-21,7,-21,8,-21,9,-20,9,-20,9,-19,10,-18,11,-18,2,-5,0,0,0,0,0,0,0,0,0,0,0,0,0,0,0,0,0,0,1,-4,7,-16,8,-16,9,-16,9,-16,10,-16,11,-16,11,-16,12,-17,12,-17,13,-17,13,-18,14,-18,14,-18,14,-18,14,-18,14,-18,13,-18,13,-18,13,-19,13,-19,12,-19,12,-20,12,-19,11,-20,11,-20,11,-20]"
CSI_DATA,97931,d8:b1:90:db:e8:90,-51,11,1,7,0,0,1,0,0,0,1,-95,0,4,0,1486331203,0,100,0,128,1,"[100,-64,5,0,18,-10,18,-10,17,-11,17,-11,17,-12,16,-13,16,-13,15,-13,15,-14,15,-14,15,-14,15,-14,15,-15,15,-15,15,-15,16,-15,16,-15,16,-14,16,-14,16,-13,16,-13,16,-12,17,-11,17,-10,18,-9,4,-3,0,0,0,0,0,0,0,0,0,0,0,0,0,0,0,0,0,0,3,-3,14,-9,15,-8,16,-8,16,-7,17,-6,18,-6,18,-7,19,-7,19,-6,20,-6,20,-5,20,-5,21,-5,20,-5,20,-5,20,-5,20,-6,20,-6,20,-7,19,-7,19,-8,19,-8,19,-9,19,-9,19,-9,20,-10]"
CSI_DATA,97932,d8:b1:90:db:e8:90,-50,11,1,7,0,0,1,0,0,0,1,-95,0,4,0,1486346692,0,100,0,128,1,"[100,-64,5,0,-25,6,-25,7,-24,7,-24,8,-24,9,-23,10,-22,10,-22,11,-22,11,-22,12,-22,12,-22,13,-22,13,-22,13,-22,13,-22,13,-23,13,-23,12,-23,11,-23,11,-23,10,-23,9,-23,8,-24,7,-24,6,-6,1,0,0,0,0,0,0,0,0,0,0,0,0,0,0,0,0,0,0,-6,1,-21,5,-22,4,-22,3,-23,2,-24,2,-25,2,-25,2,-26,1,-26,1,-27,0,-27,0,-27,-1,-27,-1,-27,-1,-27,0,-27,0,-27,1,-27,1,-26,2,-26,2,-26,3,-26,4,-26,4,-26,5,-26,6,-27,6]"
CSI_DATA,97933,d8:b1:90:db:e8:90,-51,11,1,7,0,0,1,0,0,0,1,-95,0,4,0,1486362000,0,100,0,128,1,"[100,-64,5,0,-14,-17,-14,-17,-14,-16,-15,-16,-15,-16,-15,-15,-15,-14,-16,-14,-16,-13,-17,-13,-17,-13,-18,-13,-18,-14,-18,-14,-18,-14,-18,-14,-17,-14,-17,-14,-16,-15,-16,-15,-16,-15,-15,-15,-14,-16,-14,-17,-13,-18,-3,-5,0,0,0,0,0,0,0,0,0,0,0,0,0,0,0,0,0,0,-2,-3,-8,-11,-8,-12,-9,-15,-10,-17,-9,-17,-9,-18,-9,-19,-9,-19,-9,-20,-9,-20,-9,-21,-8,-21,-8,-22,-9,-22,-9,-21,-9,-21,-10,-21,-10,-21,-11,-21,-11,-20,-12,-20,-12,-20,-12,-19,-13,-19,-13,-18,-13,-18]"
CSI_DATA,97934,d8:b1:90:db:e8:90,-51,11,1,7,0,0,1,0,0,0,1,-95,0,4,0,1486372695,0,100,0,128,1,"[100,-64,5,0,20,-7,19,-7,19,-7,19,-8,18,-9,18,-9,18,-10,17,-10,17,-11,17,-11,17,-11,17,-12,18,-12,18,-12,18,-12,18,-12,18,-11,17,-11,18,-11,18,-10,18,-10,19,-9,19,-8,19,-7,19,-5,4,-2,0,0,0,0,0,0,0,0,0,0,0,0,0,0,0,0,0,0,3,-1,12,-4,13,-4,16,-3,17,-3,18,-3,19,-2,20,-2,20,-2,21,-2,21,-1,21,-1,22,0,22,0,22,0,22,-1,22,-2,22,-2,22,-2,22,-3,22,-3,22,-4,22,-5,21,-5,21,-5,21,-5,21,-6]"
CSI_DATA,97935,d8:b1:90:db:e8:90,-51,11,1,7,0,0,1,0,0,0,1,-95,0,4,0,1486383959,0,100,0,128,1,"[100,-64,5,0,-15,-18,-15,-17,-15,-16,-15,-15,-16,-15,-16,-14,-17,-13,-17,-12,-17,-12,-18,-12,-18,-11,-18,-12,-18,-12,-19,-12,-19,-12,-19,-13,-19,-13,-18,-13,-18,-13,-18,-14,-17,-14,-17,-14,-16,-15,-15,-16,-14,-17,-4,-5,0,0,0,0,0,0,0,0,0,0,0,0,0,0,0,0,0,0,-3,-4,-12,-14,-11,-15,-10,-17,-10,-18,-10,-18,-9,-19,-9,-19,-9,-20,-9,-20,-9,-21,-9,-21,-9,-22,-9,-22,-9,-22,-9,-21,-9,-21,-10,-21,-11,-21,-11,-20,-12,-20,-12,-20,-13,-20,-13,-20,-14,-19,-14,-19,-14,-19]"
CSI_DATA,97936,d8:b1:90:db:e8:90,-51,11,1,7,0,0,1,0,0,0,1,-95,0,4,0,1486395405,0,100,0,128,1,"[100,-64,5,0,-23,-2,-23,-2,-22,-1,-21,-1,-21,0,-21,1,-21,2,-21,2,-20,3,-20,3,-21,4,-21,4,-21,4,-21,4,-21,4,-22,3,-22,3,-22,2,-22,2,-22,1,-22,1,-22,0,-22,-1,-21,-2,-21,-4,-6,-1,0,0,0,0,0,0,0,0,0,0,0,0,0,0,0,0,0,0,-5,0,-19,-1,-19,-2,-19,-3,-19,-4,-20,-5,-20,-5,-20,-5,-21,-6,-21,-7,-22,-7,-22,-7,-22,-8,-22,-8,-22,-8,-21,-8,-21,-8,-22,-7,-22,-7,-22,-6,-22,-6,-23,-5,-23,-5,-23,-4,-23,-4,-23,-4,-23,-3]"
CSI_DATA,97937,d8:b1:90:db:e8:90,-50,11,1,7,0,0,1,0,0,0,1,-95,0,4,0,1486405993,0,100,0,128,1,"[100,-64,5,0,-15,21,-14,21,-14,21,-13,20,-12,20,-11,20,-10,20,-9,21,-9,21,-8,21,-7,21,-7,22,-7,22,-7,22,-7,23,-8,23,-8,23,-9,23,-9,22,-10,22,-10,21,-11,21,-11,20,-13,19,-14,18,-4,4,0,0,0,0,0,0,0,0,0,0,0,0,0,0,0,0,0,0,-4,4,-13,17,-14,17,-15,17,-16,16,-17,16,-18,16,-18,16,-19,16,-20,17,-20,16,-20,16,-21,16,-21,16,-20,16,-20,16,-20,16,-20,17,-19,17,-19,18,-18,18,-18,19,-17,19,-17,19,-16,19,-16,20,-16,20]"
CSI_DATA,97938,d8:b1:90:db:e8:90,-51,11,1,7,0,0,1,0,0,0,1,-95,0,4,0,1486418985,0,100,0,128,1,"[100,-64,5,0,-25,6,-24,6,-23,7,-22,7,-21,8,-21,9,-20,9,-20,9,-20,10,-20,10,-20,11,-20,12,-20,12,-20,12,-20,12,-21,12,-21,12,-21,11,-21,11,-22,10,-22,9,-22,9,-23,8,-23,7,-23,5,-6,1,0,0,0,0,0,0,0,0,0,0,0,0,0,0,0,0,0,0,-5,1,-21,5,-21,4,-22,4,-22,3,-23,2,-24,2,-25,2,-25,2,-26,1,-26,1,-26,1,-26,0,-26,0,-26,0,-25,1,-25,1,-25,1,-25,2,-25,2,-25,2,-25,3,-25,4,-26,4,-26,5,-26,5,-26,6]"
CSI_DATA,97939,d8:b1:90:db:e8:90,-51,11,1,7,0,0,1,0,0,0,1,-95,0,4,0,1486429515,0,100,0,128,1,"[100,-64,5,0,19,-15,19,-15,18,-15,17,-15,16,-15,15,-16,14,-16,14,-17,14,-17,13,-18,13,-18,13,-19,13,-19,13,-19,13,-19,14,-19,14,-19,14,-19,15,-19,16,-18,16,-17,17,-17,17,-16,18,-14,18,-13,4,-4,0,0,0,0,0,0,0,0,0,0,0,0,0,0,0,0,0,0,4,-4,16,-13,17,-13,17,-12,18,-12,19,-12,20,-11,21,-11,21,-11,22,-11,22,-11,23,-10,23,-10,23,-10,22,-10,22,-10,21,-11,21,-12,21,-12,21,-12,21,-12,21,-12,21,-13,21,-14,21,-14,21,-14,21,-15]"
CSI_DATA,97940,d8:b1:90:db:e8:90,-51,11,1,7,0,0,1,0,0,0,1,-95,0,4,0,1486442355,0,100,0,128,1,"[100,-64,5,0,-22,7,-22,8,-21,8,-20,9,-20,10,-19,10,-18,11,-18,11,-18,12,-18,12,-18,13,-18,13,-17,14,-18,14,-18,14,-18,14,-18,14,-18,13,-18,13,-19,12,-19,11,-19,11,-20,10,-21,9,-21,8,-6,1,0,0,0,0,0,0,0,0,0,0,0,0,0,0,0,0,0,0,-5,2,-20,8,-20,7,-21,6,-21,5,-22,5,-23,4,-23,4,-24,4,-24,3,-25,3,-25,2,-25,2,-25,2,-25,2,-25,2,-25,3,-25,3,-25,3,-25,3,-25,4,-24,5,-24,6,-24,6,-24,7,-24,7,-23,7]"
CSI_DATA,97941,d8:b1:90:db:e8:90,-52,11,1,7,0,0,1,0,0,0,1,-95,0,4,0,1486466597,0,100,0,128,1,"[100,-64,5,0,9,-19,8,-19,8,-19,7,-19,6,-19,5,-19,4,-19,4,-20,3,-21,2,-21,2,-21,1,-21,1,-22,1,-22,1,-22,2,-22,2,-22,2,-22,3,-22,3,-22,4,-21,5,-21,6,-21,7,-20,8,-20,2,-5,0,0,0,0,0,0,0,0,0,0,0,0,0,0,0,0,0,0,2,-5,8,-18,9,-18,10,-17,11,-17,12,-17,12,-17,13,-17,14,-17,14,-17,15,-17,15,-17,15,-17,15,-17,15,-17,14,-17,14,-18,14,-18,14,-18,14,-18,13,-18,13,-19,13,-19,12,-20,11,-20,11,-20,11,-20]"
CSI_DATA,97942,d8:b1:90:db:e8:90,-52,11,1,7,0,0,1,0,0,0,1,-95,0,4,0,1486480967,0,100,0,128,1,"[100,-64,5,0,10,17,10,16,11,16,11,15,12,14,12,14,13,13,13,12,13,12,14,12,15,11,15,12,16,12,16,12,16,12,16,13,16,14,16,14,15,14,15,15,14,15,14,15,13,16,12,17,11,18,2,4,0,0,0,0,0,0,0,0,0,0,0,0,0,0,0,0,0,0,2,3,10,16,9,16,8,17,7,18,7,19,6,19,6,20,6,20,6,21,6,21,6,21,6,21,6,21,6,21,5,21,6,21,6,21,6,21,6,20,7,20,7,20,8,20,8,19,8,19,9,19,10,19]"
CSI_DATA,97943,d8:b1:90:db:e8:90,-52,11,1,7,0,0,1,0,0,0,1,-95,0,4,0,1486493146,0,100,0,128,1,"[100,-64,5,0,7,22,7,21,8,21,9,20,10,19,11,19,11,18,12,18,13,17,13,17,14,17,15,17,16,17,16,18,16,19,16,19,16,20,16,20,15,20,14,20,14,21,13,21,12,22,11,23,9,23,2,5,0,0,0,0,0,0,0,0,0,0,0,0,0,0,0,0,0,0,1,5,5,20,4,21,3,21,2,22,1,23,1,23,0,24,0,24,0,24,-1,25,-1,25,-1,25,0,25,0,25,0,25,0,25,0,24,1,24,1,25,2,25,2,24,3,24,4,23,4,23,5,23,5,23]"
CSI_DATA,97944,d8:b1:90:db:e8:90,-52,11,1,7,0,0,1,0,0,0,1,-95,0,4,0,1486504152,0,100,0,128,1,"[100,-64,5,0,1,-23,1,-22,0,-22,-1,-21,-2,-21,-2,-21,-3,-21,-3,-21,-4,-21,-5,-21,-5,-21,-6,-22,-6,-23,-6,-23,-6,-24,-6,-24,-5,-25,-4,-25,-3,-25,-3,-25,-2,-25,-1,-24,0,-24,2,-25,3,-25,0,-7,0,0,0,0,0,0,0,0,0,0,0,0,0,0,0,0,0,0,0,-6,3,-21,5,-21,6,-20,7,-20,7,-21,8,-21,8,-21,9,-21,9,-22,10,-22,10,-22,10,-22,10,-22,10,-23,9,-23,9,-23,8,-23,8,-23,7,-22,7,-22,6,-22,6,-23,5,-23,4,-23,4,-23,3,-23]"
CSI_DATA,97945,d8:b1:90:db:e8:90,-52,11,1,7,0,0,1,0,0,0,1,-95,0,4,0,1486515238,0,100,0,128,1,"[100,-64,5,0,3,21,4,21,4,20,5,19,6,19,7,18,8,18,8,18,8,18,9,18,10,18,10,19,11,19,11,20,11,20,11,21,11,21,10,22,10,22,9,22,8,22,7,22,6,23,4,23,3,23,0,5,0,0,0,0,0,0,0,0,0,0,0,0,0,0,0,0,0,0,0,5,0,20,-1,20,-2,20,-3,20,-4,20,-4,21,-5,21,-5,22,-5,22,-5,22,-6,23,-6,23,-5,23,-5,23,-5,23,-5,23,-4,23,-4,23,-3,22,-2,22,-1,23,0,23,0,22,0,22,1,22,2,22]"
CSI_DATA,97946,d8:b1:90:db:e8:90,-52,11,1,7,0,0,1,0,0,0,1,-95,0,4,0,1486526216,0,100,0,128,1,"[100,-64,5,0,14,14,14,14,15,13,15,12,15,12,16,11,16,10,17,10,17,10,18,10,19,9,19,10,19,10,20,10,20,10,20,11,20,12,20,12,19,13,19,13,18,14,18,14,17,15,16,16,15,17,3,4,0,0,0,0,0,0,0,0,0,0,0,0,0,0,0,0,0,0,3,3,11,15,10,16,9,17,9,18,8,18,8,19,8,19,8,20,8,20,8,21,8,20,8,20,8,20,8,20,8,20,8,20,9,20,9,19,10,19,11,18,12,18,12,18,12,17,13,17,13,17,13,16]"
CSI_DATA,97947,d8:b1:90:db:e8:90,-52,11,1,7,0,0,1,0,0,0,1,-95,0,4,0,1486536378,0,100,0,128,1,"[100,-64,5,0,24,-1,23,-2,23,-3,22,-4,22,-4,22,-5,22,-6,22,-7,22,-8,22,-9,22,-10,23,-10,23,-10,24,-10,25,-10,26,-10,26,-10,26,-9,26,-8,26,-7,26,-7,26,-6,26,-5,26,-3,26,-1,6,-1,0,0,0,0,0,0,0,0,0,0,0,0,0,0,0,0,0,0,5,0,21,1,21,2,21,3,21,4,21,5,22,6,22,7,23,8,23,9,23,9,24,8,24,8,24,9,24,8,24,8,23,8,23,7,23,6,23,6,23,6,23,5,24,4,24,3,24,2,25,1,25,1]"
CSI_DATA,97948,d8:b1:90:db:e8:90,-52,11,1,7,0,0,1,0,0,0,1,-95,0,4,0,1486569653,0,100,0,128,1,"[100,-64,5,0,-8,-20,-9,-19,-9,-19,-10,-18,-11,-18,-12,-17,-12,-17,-13,-17,-14,-17,-14,-18,-15,-18,-16,-18,-16,-18,-16,-19,-16,-20,-16,-20,-16,-21,-15,-21,-14,-21,-14,-22,-13,-22,-12,-22,-11,-23,-9,-23,-8,-24,-2,-6,0,0,0,0,0,0,0,0,0,0,0,0,0,0,0,0,0,0,-1,-5,-2,-18,-2,-19,-1,-19,-1,-20,0,-20,0,-21,1,-21,1,-22,2,-22,2,-23,2,-23,2,-23,2,-23,1,-23,1,-23,0,-22,0,-22,-1,-22,-2,-22,-3,-22,-3,-22,-4,-22,-5,-22,-6,-22,-6,-21,-6,-21]"
CSI_DATA,97949,d8:b1:90:db:e8:90,-53,11,1,7,0,0,1,0,0,0,1,-95,0,4,0,1486584980,0,100,0,128,1,"[100,-64,5,0,-14,15,-14,15,-13,15,-12,15,-12,16,-11,16,-10,17,-10,17,-9,18,-9,18,-9,19,-9,20,-9,21,-10,21,-10,22,-11,22,-12,22,-12,21,-13,20,-13,20,-14,19,-14,19,-15,18,-16,17,-17,16,-5,4,0,0,0,0,0,0,0,0,0,0,0,0,0,0,0,0,0,0,-4,2,-15,10,-16,10,-16,9,-17,9,-17,8,-18,8,-19,9,-19,9,-19,9,-20,9,-20,9,-20,9,-20,9,-20,9,-20,9,-20,9,-19,10,-19,10,-19,10,-19,10,-19,11,-18,12,-17,12,-16,13,-16,13,-15,14]"
CSI_DATA,97950,d8:b1:90:db:e8:90,-52,11,1,7,0,0,1,0,0,0,1,-95,0,4,0,1486598169,0,100,0,128,1,"[100,-64,5,0,21,1,21,0,21,-1,21,-2,21,-3,21,-4,21,-5,21,-5,21,-6,21,-7,22,-7,23,-8,24,-8,24,-8,25,-8,25,-7,25,-7,25,-6,26,-5,26,-4,26,-3,26,-2,25,-1,26,1,26,2,6,0,0,0,0,0,0,0,0,0,0,0,0,0,0,0,0,0,0,0,4,1,19,4,19,5,19,6,19,7,19,8,19,8,19,8,20,8,20,9,20,9,20,9,20,9,20,9,20,9,21,9,21,9,21,8,21,8,21,8,21,7,21,6,22,5,22,4,21,3,22,3,22,2]"
CSI_DATA,97951,d8:b1:90:db:e8:90,-52,11,1,7,0,0,1,0,0,0,1,-95,0,4,0,1486615812,0,100,0,128,1,"[100,-64,5,0,17,-12,16,-13,16,-13,15,-14,15,-15,14,-16,13,-17,13,-17,13,-18,13,-18,13,-19,14,-19,14,-20,14,-20,15,-20,15,-20,16,-20,16,-20,16,-20,17,-19,18,-18,19,-17,19,-15,20,-14,20,-13,5,-3,0,0,0,0,0,0,0,0,0,0,0,0,0,0,0,0,0,0,4,-2,17,-8,18,-7,18,-7,19,-6,19,-5,20,-5,20,-6,21,-6,21,-6,21,-5,22,-5,22,-5,22,-5,21,-5,21,-5,21,-6,21,-7,21,-7,21,-7,21,-8,20,-9,20,-9,19,-10,19,-10,19,-11,19,-12]"
CSI_DATA,97952,d8:b1:90:db:e8:90,-51,11,1,7,0,0,1,0,0,0,1,-95,0,4,0,1486626988,0,100,0,128,1,"[100,-64,5,0,-19,2,-18,3,-17,3,-17,5,-17,7,-17,8,-16,10,-15,10,-14,10,-14,11,-14,13,-15,14,-13,15,-11,16,-10,17,-12,18,-12,18,-11,19,-11,19,-11,19,-11,19,-12,17,-13,17,-14,18,-18,14,-6,2,0,0,0,0,0,0,0,0,0,0,0,0,0,0,0,0,0,0,-2,-4,-5,-17,-3,-18,-3,-17,-3,-18,-4,-18,-5,-19,-6,-19,-7,-19,-8,-19,-8,-18,-9,-18,-10,-18,-11,-18,-12,-17,-12,-17,-13,-16,-13,-15,-15,-13,-16,-12,-17,-11,-17,-9,-18,-8,-18,-6,-18,-5,-19,-4,-17,0]"
CSI_DATA,97953,d8:b1:90:db:e8:90,-52,11,1,7,0,0,1,0,0,0,1,-95,0,4,0,1486638461,0,100,0,128,1,"[100,-64,5,0,22,-9,21,-9,20,-10,19,-11,19,-12,19,-13,18,-14,18,-14,18,-15,18,-16,18,-17,18,-17,19,-17,19,-18,20,-18,21,-17,21,-17,21,-16,22,-16,22,-15,22,-15,22,-13,23,-12,23,-10,24,-9,6,-3,0,0,0,0,0,0,0,0,0,0,0,0,0,0,0,0,0,0,4,-2,19,-5,19,-4,20,-3,20,-2,21,-2,22,-1,23,0,23,0,24,1,24,1,24,1,24,1,24,1,24,1,24,1,24,0,24,-1,24,-2,23,-2,23,-3,23,-4,23,-5,23,-6,22,-6,22,-7,22,-7]"
CSI_DATA,97954,d8:b1:90:db:e8:90,-52,11,1,7,0,0,1,0,0,0,1,-95,0,4,0,1486650795,0,100,0,128,1,"[100,-64,5,0,-19,-13,-19,-13,-19,-12,-20,-11,-20,-10,-20,-9,-20,-9,-21,-8,-21,-7,-22,-7,-23,-7,-23,-6,-24,-6,-24,-7,-25,-7,-25,-8,-25,-9,-25,-9,-24,-10,-23,-10,-23,-10,-23,-11,-22,-12,-21,-13,-20,-15,-5,-4,0,0,0,0,0,0,0,0,0,0,0,0,0,0,0,0,0,0,-4,-4,-14,-14,-13,-15,-13,-16,-12,-17,-12,-18,-12,-19,-12,-20,-11,-20,-11,-21,-11,-22,-11,-22,-11,-22,-11,-22,-11,-22,-12,-21,-12,-21,-13,-20,-14,-20,-14,-19,-14,-18,-15,-18,-16,-17,-17,-16,-17,-15,-17,-15,-17,-15]"
CSI_DATA,97955,d8:b1:90:db:e8:90,-51,11,1,7,0,0,1,0,0,0,1,-95,0,4,0,1486674720,0,100,0,128,1,"[100,-64,5,0,-25,2,-24,2,-24,3,-24,4,-24,4,-23,5,-23,6,-23,7,-23,7,-23,8,-24,8,-24,8,-25,9,-25,9,-26,8,-27,8,-27,7,-27,7,-27,6,-27,5,-27,4,-27,3,-27,1,-27,0,-26,-2,-7,-1,0,0,0,0,0,0,0,0,0,0,0,0,0,0,0,0,0,0,-4,-1,-15,-1,-17,-2,-20,-2,-22,-2,-23,-3,-23,-3,-24,-4,-25,-4,-25,-5,-26,-5,-26,-6,-26,-6,-26,-6,-26,-6,-26,-6,-27,-6,-27,-5,-26,-4,-26,-4,-26,-3,-26,-2,-26,-2,-26,-1,-26,-1,-26,0,-26,1]"
CSI_DATA,97956,d8:b1:90:db:e8:90,-51,11,1,7,0,0,1,0,0,0,1,-95,0,4,0,1486688560,0,100,0,128,1,"[100,-64,5,0,-21,13,-20,13,-19,14,-19,14,-18,15,-18,16,-17,16,-17,17,-16,17,-16,18,-16,18,-17,19,-17,19,-18,19,-18,19,-19,19,-20,19,-20,19,-20,18,-21,17,-21,16,-21,16,-22,14,-23,13,-23,12,-6,2,0,0,0,0,0,0,0,0,0,0,0,0,0,0,0,0,0,0,-4,1,-14,6,-15,6,-18,8,-20,8,-21,8,-22,8,-23,8,-24,8,-24,8,-25,7,-25,7,-25,7,-25,7,-25,7,-26,7,-26,7,-25,8,-24,8,-24,9,-24,10,-23,10,-23,11,-22,11,-22,12,-22,12,-21,13]"
CSI_DATA,97957,d8:b1:90:db:e8:90,-51,11,1,7,0,0,1,0,0,0,1,-95,0,4,0,1486700620,0,100,0,128,1,"[100,-64,5,0,-5,-23,-6,-22,-6,-22,-7,-21,-8,-21,-9,-20,-9,-20,-10,-20,-10,-20,-11,-20,-12,-20,-12,-20,-13,-20,-13,-21,-13,-21,-12,-22,-12,-22,-11,-22,-10,-22,-10,-23,-9,-23,-8,-23,-7,-23,-6,-23,-4,-23,-1,-6,0,0,0,0,0,0,0,0,0,0,0,0,0,0,0,0,0,0,-1,-5,-3,-20,-2,-20,0,-20,1,-21,1,-21,2,-22,2,-22,3,-22,3,-23,3,-23,4,-24,4,-24,4,-24,4,-24,3,-24,2,-24,2,-24,1,-24,1,-24,0,-24,0,-24,-1,-24,-2,-24,-3,-23,-3,-23,-3,-24]"
CSI_DATA,97958,d8:b1:90:db:e8:90,-52,11,1,7,0,0,1,0,0,0,1,-95,0,4,0,1486712703,0,100,0,128,1,"[100,-64,5,0,-22,-2,-22,-1,-22,0,-21,0,-21,1,-21,2,-20,3,-20,3,-20,4,-21,4,-21,5,-21,6,-22,6,-22,6,-22,6,-22,5,-22,5,-22,5,-22,4,-22,3,-22,2,-22,1,-22,0,-22,-1,-22,-2,-6,-1,0,0,0,0,0,0,0,0,0,0,0,0,0,0,0,0,0,0,-5,-1,-19,-3,-19,-4,-19,-6,-19,-7,-19,-7,-20,-8,-21,-8,-21,-8,-21,-9,-21,-9,-21,-10,-21,-11,-21,-10,-21,-10,-21,-9,-22,-9,-22,-8,-22,-8,-22,-8,-23,-7,-23,-6,-23,-5,-22,-5,-22,-4,-22,-4,-23,-4]"
CSI_DATA,97959,d8:b1:90:db:e8:90,-51,11,1,7,0,0,1,0,0,0,1,-95,0,4,0,1486725449,0,100,0,128,1,"[100,-64,5,0,8,-25,7,-24,7,-24,6,-24,5,-24,3,-24,3,-24,2,-24,2,-24,1,-25,1,-25,1,-25,1,-26,2,-26,2,-26,3,-27,3,-27,4,-27,4,-26,5,-27,6,-26,6,-26,7,-25,8,-25,10,-24,2,-6,0,0,0,0,0,0,0,0,0,0,0,0,0,0,0,0,0,0,2,-5,8,-20,9,-20,10,-20,11,-21,12,-21,13,-21,14,-21,15,-21,15,-22,16,-22,16,-21,17,-21,16,-21,16,-22,16,-22,16,-22,15,-22,15,-22,15,-22,15,-22,14,-23,13,-23,12,-23,11,-24,11,-24,10,-24]"
CSI_DATA,97960,d8:b1:90:db:e8:90,-51,11,1,7,0,0,1,0,0,0,1,-95,0,4,0,1486737804,0,100,0,128,1,"[100,-64,5,0,20,-10,20,-10,19,-11,19,-11,18,-12,18,-13,17,-13,17,-14,17,-14,16,-15,16,-15,16,-15,16,-16,16,-16,17,-16,18,-16,18,-15,19,-15,19,-15,20,-14,20,-13,20,-12,21,-11,21,-10,21,-9,5,-2,0,0,0,0,0,0,0,0,0,0,0,0,0,0,0,0,0,0,4,-3,17,-9,18,-8,19,-7,19,-7,20,-6,21,-6,21,-5,22,-5,23,-5,23,-5,24,-4,24,-4,24,-4,24,-4,24,-4,23,-4,23,-5,23,-6,23,-6,23,-7,23,-8,23,-8,23,-8,22,-8,22,-8,22,-9]"
CSI_DATA,97961,d8:b1:90:db:e8:90,-51,11,1,7,0,0,1,0,0,0,1,-95,0,4,0,1486749420,0,100,0,128,1,"[100,-64,5,0,-3,-24,-3,-24,-4,-23,-5,-23,-6,-23,-7,-23,-7,-23,-8,-22,-8,-22,-9,-22,-10,-22,-11,-22,-11,-22,-11,-22,-10,-23,-10,-24,-9,-24,-9,-24,-8,-25,-7,-25,-7,-25,-6,-25,-5,-25,-4,-25,-3,-25,-1,-7,0,0,0,0,0,0,0,0,0,0,0,0,0,0,0,0,0,0,-1,-5,-2,-20,-1,-21,0,-22,1,-22,1,-23,2,-23,2,-23,3,-24,3,-24,3,-25,4,-25,4,-26,4,-26,4,-26,4,-26,4,-25,3,-25,3,-25,2,-26,1,-26,0,-26,0,-26,-1,-26,-1,-26,-1,-26,-2,-26]"
CSI_DATA,97962,d8:b1:90:db:e8:90,-50,11,1,7,0,0,1,0,0,0,1,-95,0,4,0,1486773583,0,100,0,128,1,"[100,-64,5,0,11,21,11,20,12,19,12,19,13,18,14,17,14,16,15,16,15,15,16,15,17,15,17,15,17,15,17,15,17,16,18,16,18,16,18,17,17,17,17,17,16,18,15,18,15,18,14,20,13,21,3,5,0,0,0,0,0,0,0,0,0,0,0,0,0,0,0,0,0,0,2,4,10,18,9,19,8,20,7,21,7,21,6,22,6,23,6,24,6,24,5,25,5,25,5,25,5,25,5,25,5,25,5,25,5,25,6,24,7,24,7,24,8,24,8,23,9,23,9,23,10,23,10,22]"
CSI_DATA,97963,d8:b1:90:db:e8:90,-50,11,1,5,0,0,1,0,1,0,0,-95,0,4,0,1486790257,0,100,0,128,1,"[100,-64,5,0,-11,20,-11,21,-11,23,-11,25,-10,27,-8,28,-6,29,-4,30,-1,30,1,30,3,30,5,29,6,29,6,28,6,27,5,27,4,25,3,24,1,23,-1,22,-3,21,-4,19,-6,17,-9,15,-10,13,-3,3,0,0,0,0,0,0,0,0,0,0,0,0,0,0,0,0,0,0,6,-1,26,-4,27,-3,27,-4,27,-4,27,-5,26,-6,24,-6,21,-6,19,-5,16,-4,13,-2,10,1,8,3,6,6,4,9,4,11,3,13,4,15,4,16,4,16,4,16,3,16,2,16,0,16,-2,16,-3,16]"
CSI_DATA,97964,d8:b1:90:db:e8:90,-50,11,1,5,0,0,1,0,1,0,0,-95,0,4,0,1486815263,0,100,0,128,1,"[100,-64,5,0,-22,-4,-24,-4,-25,-4,-27,-3,-29,-2,-29,0,-30,3,-30,5,-30,8,-29,10,-28,12,-27,13,-26,14,-25,14,-24,13,-24,12,-23,11,-23,8,-22,6,-21,4,-20,3,-19,1,-18,-2,-17,-4,-15,-6,-4,-2,0,0,0,0,0,0,0,0,0,0,0,0,0,0,0,0,0,0,3,5,13,22,13,23,14,23,14,23,14,22,14,21,14,19,13,17,11,15,9,13,6,11,2,9,-1,8,-4,7,-7,7,-10,8,-12,8,-13,9,-14,9,-15,9,-15,9,-15,8,-15,7,-15,6,-16,4,-16,2]"
CSI_DATA,97965,d8:b1:90:db:e8:90,-51,11,1,7,0,0,1,0,0,0,1,-95,0,4,0,1486825727,0,100,0,128,1,"[100,-64,5,0,-16,12,-15,12,-15,13,-14,13,-14,13,-13,14,-12,14,-12,14,-11,14,-11,15,-10,15,-10,15,-10,15,-10,16,-11,16,-11,16,-12,16,-12,16,-12,16,-13,15,-13,15,-14,14,-14,14,-15,13,-16,12,-4,2,0,0,0,0,0,0,0,0,0,0,0,0,0,0,0,0,0,0,-4,3,-13,11,-14,11,-15,10,-15,10,-16,9,-17,9,-18,10,-19,9,-19,9,-20,9,-20,9,-20,9,-20,9,-20,9,-20,9,-20,9,-20,10,-19,10,-19,10,-19,11,-19,11,-18,12,-18,12,-18,13,-17,13,-17,13]"
CSI_DATA,97966,d8:b1:90:db:e8:90,-50,11,1,7,0,0,1,0,0,0,1,-95,0,4,0,1486837053,0,100,0,128,1,"[100,-64,5,0,-26,-1,-25,-1,-25,0,-24,0,-24,1,-23,2,-23,3,-23,3,-22,4,-22,5,-22,5,-23,6,-24,6,-24,6,-24,6,-24,6,-24,6,-24,6,-24,5,-24,4,-25,4,-25,3,-25,2,-25,0,-25,-1,-7,-1,0,0,0,0,0,0,0,0,0,0,0,0,0,0,0,0,0,0,-6,0,-23,1,-23,-1,-23,-2,-23,-3,-24,-4,-25,-4,-25,-5,-26,-5,-26,-6,-26,-7,-26,-7,-26,-7,-26,-8,-26,-8,-27,-8,-27,-8,-27,-8,-27,-7,-26,-6,-27,-5,-27,-5,-27,-4,-27,-4,-27,-3,-27,-3,-27,-2]"
CSI_DATA,97967,d8:b1:90:db:e8:90,-51,11,1,7,0,0,1,0,0,0,1,-95,0,4,0,1486854315,0,100,0,128,1,"[100,-64,5,0,-25,-2,-24,-2,-24,-1,-23,0,-23,1,-22,2,-22,3,-22,3,-22,4,-22,5,-22,5,-22,6,-22,6,-23,7,-23,7,-23,6,-23,6,-23,6,-23,5,-23,4,-24,4,-24,3,-24,2,-24,1,-23,-1,-6,-1,0,0,0,0,0,0,0,0,0,0,0,0,0,0,0,0,0,0,-6,-1,-22,-1,-22,-2,-22,-3,-22,-4,-23,-5,-24,-5,-24,-6,-25,-7,-25,-7,-25,-8,-26,-9,-26,-9,-25,-9,-25,-9,-25,-9,-25,-8,-26,-8,-26,-8,-26,-7,-26,-7,-26,-6,-26,-5,-26,-5,-27,-4,-27,-4,-26,-3]"
CSI_DATA,97968,d8:b1:90:db:e8:90,-50,11,1,7,0,0,1,0,0,0,1,-95,0,4,0,1486880888,0,100,0,128,1,"[100,-64,5,0,-25,4,-24,4,-23,5,-23,5,-22,6,-21,6,-21,7,-20,8,-20,8,-20,9,-20,10,-20,10,-20,11,-20,11,-21,11,-21,11,-21,11,-21,11,-22,10,-22,10,-23,10,-23,9,-23,8,-24,7,-24,6,-6,1,0,0,0,0,0,0,0,0,0,0,0,0,0,0,0,0,0,0,-6,1,-22,4,-23,3,-23,2,-24,1,-24,0,-25,0,-26,0,-27,-1,-27,-1,-28,-2,-28,-2,-28,-3,-28,-3,-28,-3,-28,-2,-28,-2,-28,-1,-28,-1,-28,0,-28,1,-28,1,-28,2,-27,2,-27,2,-27,3,-26,3]"
CSI_DATA,97969,d8:b1:90:db:e8:90,-51,11,1,7,0,0,1,0,0,0,1,-95,0,4,0,1486894378,0,100,0,128,1,"[100,-64,5,0,0,23,1,23,2,22,2,21,3,21,4,20,4,20,5,19,5,19,6,19,6,19,7,20,7,20,7,20,7,20,7,20,7,20,7,20,6,20,6,21,5,21,5,21,4,22,2,22,0,22,0,5,0,0,0,0,0,0,0,0,0,0,0,0,0,0,0,0,0,0,0,5,1,20,0,21,-1,21,-2,22,-3,23,-3,23,-3,23,-4,23,-4,24,-5,24,-5,25,-6,25,-6,25,-6,25,-6,25,-5,25,-5,25,-4,25,-4,25,-3,25,-2,25,-2,25,-2,25,-2,25,-1,25,-1,25]"
CSI_DATA,97970,d8:b1:90:db:e8:90,-51,11,1,7,0,0,1,0,0,0,1,-95,0,4,0,1486904459,0,100,0,128,1,"[100,-64,5,0,8,22,9,21,9,20,9,19,10,18,10,18,11,17,11,16,12,16,12,15,13,15,13,15,14,16,14,16,14,16,14,16,14,16,14,16,13,17,13,18,12,18,12,18,11,18,10,19,9,20,2,5,0,0,0,0,0,0,0,0,0,0,0,0,0,0,0,0,0,0,2,4,8,18,7,19,6,20,5,21,5,22,4,22,4,22,4,23,4,23,3,24,3,25,3,25,3,25,3,25,3,25,3,25,4,25,4,25,5,24,5,24,6,24,6,24,6,24,7,23,7,23,8,23]"
CSI_DATA,97971,d8:b1:90:db:e8:90,-51,11,1,7,0,0,1,0,0,0,1,-95,0,4,0,1486919057,0,100,0,128,1,"[100,-64,5,0,15,-20,14,-20,13,-20,12,-19,11,-19,10,-19,10,-19,9,-20,8,-20,7,-20,7,-21,7,-21,7,-21,7,-22,7,-22,7,-22,8,-23,8,-23,8,-22,9,-23,9,-23,10,-22,11,-21,12,-20,13,-19,3,-5,0,0,0,0,0,0,0,0,0,0,0,0,0,0,0,0,0,0,2,-5,11,-18,12,-18,13,-18,14,-17,15,-17,16,-17,17,-18,18,-18,18,-18,19,-18,19,-18,20,-17,20,-17,20,-17,19,-17,19,-17,19,-17,19,-18,18,-18,18,-18,17,-18,17,-19,17,-19,17,-20,16,-20,16,-20]"
CSI_DATA,97972,d8:b1:90:db:e8:90,-51,11,1,7,0,0,1,0,0,0,1,-95,0,4,0,1486930858,0,100,0,128,1,"[100,-64,5,0,23,-1,22,-1,22,-2,21,-3,20,-4,20,-4,20,-5,19,-6,19,-7,19,-7,19,-8,19,-9,19,-9,19,-10,19,-10,20,-9,20,-8,20,-8,21,-8,21,-7,21,-6,22,-5,22,-5,22,-3,22,-2,5,-1,0,0,0,0,0,0,0,0,0,0,0,0,0,0,0,0,0,0,5,-1,21,-1,21,0,21,1,22,1,22,2,23,3,23,4,23,4,23,5,24,6,24,6,24,6,24,7,24,7,24,6,24,6,24,5,24,5,24,4,24,4,24,3,25,3,25,2,24,2,24,1,24,1]"
CSI_DATA,97973,d8:b1:90:db:e8:90,-51,11,1,7,0,0,1,0,0,0,1,-95,0,4,0,1486941586,0,100,0,128,1,"[100,-64,5,0,22,9,21,8,21,7,21,6,21,5,21,4,21,3,21,3,21,2,21,1,21,0,22,0,22,0,22,0,23,0,23,1,23,1,23,1,23,2,23,3,23,4,23,4,22,5,21,7,21,8,5,2,0,0,0,0,0,0,0,0,0,0,0,0,0,0,0,0,0,0,4,1,19,7,19,8,19,9,19,10,20,11,20,11,19,12,19,13,20,14,20,14,20,15,20,15,20,15,20,15,20,15,20,15,20,15,21,15,21,14,21,14,21,13,22,13,22,12,22,12,23,11,23,11]"
CSI_DATA,97974,d8:b1:90:db:e8:90,-51,11,1,7,0,0,1,0,0,0,1,-95,0,4,0,1486953255,0,100,0,128,1,"[100,-64,5,0,14,18,14,17,14,16,15,15,15,14,16,13,16,12,15,12,15,11,16,10,17,10,17,10,18,10,18,10,18,10,18,11,18,11,18,12,18,12,17,12,17,12,16,13,16,14,15,15,14,16,3,4,0,0,0,0,0,0,0,0,0,0,0,0,0,0,0,0,0,0,3,3,13,15,13,16,12,17,12,17,12,18,12,19,11,20,11,20,12,21,12,22,11,22,11,22,11,22,11,22,11,22,11,22,11,22,11,22,11,21,11,21,12,21,13,20,13,20,13,19,14,19,14,19]"
CSI_DATA,97975,d8:b1:90:db:e8:90,-51,11,1,7,0,0,1,0,0,0,1,-95,0,4,0,1486981192,0,100,0,128,1,"[100,-64,5,0,17,-16,16,-16,16,-16,15,-16,14,-17,13,-17,12,-17,12,-18,11,-18,10,-18,10,-19,10,-19,10,-19,10,-20,10,-20,10,-20,11,-20,11,-20,11,-19,12,-19,12,-18,12,-18,13,-18,14,-17,15,-16,3,-4,0,0,0,0,0,0,0,0,0,0,0,0,0,0,0,0,0,0,3,-4,15,-14,15,-14,16,-13,17,-13,17,-13,18,-13,20,-13,20,-13,21,-13,21,-13,21,-13,22,-13,22,-13,22,-12,22,-12,22,-12,22,-13,21,-13,21,-13,21,-13,20,-13,20,-14,20,-14,19,-15,19,-15,19,-15]"
CSI_DATA,97976,d8:b1:90:db:e8:90,-51,11,1,7,0,0,1,0,0,0,1,-95,0,4,0,1486993783,0,100,0,128,1,"[100,-64,5,0,-24,-1,-24,-1,-23,0,-22,0,-22,1,-21,2,-21,3,-20,3,-20,4,-20,5,-20,6,-21,6,-21,7,-21,7,-21,7,-22,7,-22,7,-22,6,-22,6,-22,5,-22,5,-22,4,-22,3,-23,2,-23,1,-6,0,0,0,0,0,0,0,0,0,0,0,0,0,0,0,0,0,0,0,-6,0,-22,-1,-22,-2,-22,-3,-22,-4,-23,-5,-23,-6,-24,-6,-24,-6,-25,-7,-25,-8,-25,-8,-26,-8,-26,-8,-26,-8,-26,-8,-26,-8,-26,-7,-26,-7,-26,-7,-26,-6,-26,-6,-26,-5,-25,-5,-25,-4,-25,-3,-26,-3]"
CSI_DATA,97977,d8:b1:90:db:e8:90,-51,11,1,7,0,0,1,0,0,0,1,-95,0,4,0,1487009646,0,100,0,128,1,"[100,-64,5,0,-15,-20,-15,-20,-15,-18,-15,-17,-15,-16,-16,-16,-16,-15,-16,-14,-17,-13,-18,-13,-18,-12,-19,-12,-19,-12,-19,-12,-20,-12,-20,-13,-19,-13,-19,-13,-19,-14,-18,-14,-18,-14,-18,-15,-17,-16,-17,-17,-16,-18,-4,-5,0,0,0,0,0,0,0,0,0,0,0,0,0,0,0,0,0,0,-4,-4,-14,-17,-13,-18,-12,-19,-11,-20,-11,-21,-11,-21,-11,-22,-11,-23,-10,-23,-10,-24,-10,-24,-10,-25,-10,-25,-10,-25,-10,-25,-10,-24,-11,-24,-11,-24,-12,-24,-12,-24,-12,-24,-13,-23,-13,-22,-13,-22,-14,-22,-14,-22]"
CSI_DATA,97978,d8:b1:90:db:e8:90,-51,11,1,7,0,0,1,0,0,0,1,-95,0,4,0,1487019996,0,100,0,128,1,"[100,-64,5,0,12,-20,11,-20,11,-20,10,-20,9,-20,8,-20,7,-20,6,-20,5,-20,5,-20,4,-21,4,-21,4,-22,3,-23,3,-23,4,-23,4,-23,4,-23,5,-23,5,-23,6,-22,6,-22,7,-22,8,-21,10,-21,2,-5,0,0,0,0,0,0,0,0,0,0,0,0,0,0,0,0,0,0,2,-5,10,-19,11,-19,13,-18,14,-18,15,-18,15,-18,16,-17,17,-18,18,-18,18,-18,19,-18,19,-18,19,-18,19,-18,19,-18,19,-18,18,-19,18,-19,17,-19,17,-19,16,-20,16,-20,15,-20,15,-20,14,-20,14,-20]"
CSI_DATA,97979,d8:b1:90:db:e8:90,-51,11,1,7,0,0,1,0,0,0,1,-95,0,4,0,1487041239,0,100,0,128,1,"[100,-64,5,0,18,-15,17,-15,17,-15,16,-15,15,-15,14,-16,13,-16,12,-17,12,-17,11,-18,11,-18,11,-18,11,-18,11,-19,11,-19,11,-19,12,-19,12,-19,12,-19,13,-19,14,-18,14,-18,15,-17,16,-16,16,-15,4,-4,0,0,0,0,0,0,0,0,0,0,0,0,0,0,0,0,0,0,4,-4,16,-14,17,-13,18,-13,18,-12,19,-12,20,-12,21,-12,22,-12,23,-12,23,-12,23,-11,24,-11,24,-11,24,-11,24,-11,23,-11,23,-11,23,-12,23,-13,22,-13,22,-14,22,-14,22,-14,21,-14,21,-14,21,-15]"
CSI_DATA,97980,d8:b1:90:db:e8:90,-51,11,1,7,0,0,1,0,0,0,1,-95,0,4,0,1487052555,0,100,0,128,1,"[100,-64,5,0,-11,-22,-11,-21,-11,-20,-12,-19,-12,-18,-12,-18,-13,-17,-14,-17,-14,-16,-15,-16,-16,-15,-16,-15,-17,-15,-17,-15,-17,-16,-17,-16,-17,-16,-17,-17,-16,-17,-16,-17,-16,-17,-15,-17,-14,-18,-14,-19,-12,-20,-3,-6,0,0,0,0,0,0,0,0,0,0,0,0,0,0,0,0,0,0,-3,-5,-10,-20,-9,-20,-8,-21,-8,-22,-8,-22,-7,-23,-7,-24,-7,-24,-6,-25,-6,-25,-5,-26,-5,-26,-5,-26,-5,-26,-5,-26,-6,-26,-6,-26,-7,-26,-7,-25,-7,-25,-8,-25,-9,-25,-9,-24,-10,-24,-10,-24,-10,-24]"
CSI_DATA,97981,d8:b1:90:db:e8:90,-51,11,1,7,0,0,1,0,0,0,1,-95,0,4,0,1487078231,0,100,0,128,1,"[100,-64,5,0,-24,-4,-24,-4,-23,-3,-22,-2,-22,-2,-22,-1,-22,0,-22,1,-22,2,-22,2,-22,3,-22,3,-22,4,-22,4,-22,4,-23,3,-23,3,-23,3,-23,2,-23,2,-24,1,-24,0,-24,-1,-24,-2,-24,-3,-6,-1,0,0,0,0,0,0,0,0,0,0,0,0,0,0,0,0,0,0,-6,-1,-22,-2,-22,-3,-22,-4,-22,-5,-22,-6,-23,-6,-23,-7,-24,-8,-24,-8,-25,-9,-25,-10,-24,-10,-24,-10,-24,-10,-25,-10,-25,-10,-25,-9,-25,-9,-25,-9,-25,-8,-25,-8,-25,-7,-26,-6,-26,-6,-25,-6,-25,-6]"
CSI_DATA,97982,d8:b1:90:db:e8:90,-50,11,1,6,0,0,1,0,0,0,1,-95,0,4,0,1487092411,0,100,0,128,1,"[100,-64,5,0,-13,23,-12,22,-11,22,-10,21,-8,21,-7,21,-7,21,-6,22,-5,22,-5,22,-4,22,-3,22,-3,23,-2,23,-2,23,-3,23,-3,24,-3,24,-4,23,-5,24,-5,23,-6,23,-7,23,-8,23,-10,23,-3,5,0,0,0,0,0,0,0,0,0,0,0,0,0,0,0,0,0,0,-2,4,-9,19,-10,19,-12,19,-13,19,-14,19,-15,20,-16,20,-17,20,-17,20,-18,20,-19,20,-19,20,-19,20,-19,20,-19,20,-18,21,-18,21,-18,21,-17,22,-16,22,-16,23,-15,23,-15,23,-14,23,-14,23,-13,23]"
CSI_DATA,97983,d8:b1:90:db:e8:90,-51,11,1,6,0,0,1,0,0,0,1,-95,0,4,0,1487104925,0,100,0,128,1,"[100,-64,5,0,9,21,10,20,10,19,11,19,11,18,12,17,12,16,12,16,13,15,13,15,14,14,14,14,15,14,15,14,15,14,15,14,15,15,15,15,14,16,14,16,14,17,14,17,13,17,12,18,11,19,2,4,0,0,0,0,0,0,0,0,0,0,0,0,0,0,0,0,0,0,2,4,10,17,9,18,8,19,8,20,7,21,7,21,7,22,7,23,7,23,6,24,6,24,6,24,5,24,5,25,6,24,6,24,6,24,6,24,7,24,7,24,8,24,8,24,9,23,9,23,9,23,9,23]"
CSI_DATA,97984,d8:b1:90:db:e8:90,-51,11,1,6,0,0,1,0,0,0,1,-95,0,4,0,1487116454,0,100,0,128,1,"[100,-64,5,0,22,-9,21,-9,20,-9,20,-10,19,-10,19,-11,18,-12,17,-12,16,-13,16,-13,16,-14,16,-14,16,-15,16,-15,16,-15,17,-15,17,-15,17,-15,17,-15,18,-14,18,-14,19,-13,19,-12,20,-11,20,-10,5,-3,0,0,0,0,0,0,0,0,0,0,0,0,0,0,0,0,0,0,4,-3,19,-9,20,-8,20,-7,21,-6,22,-6,23,-6,23,-6,24,-6,24,-5,25,-5,25,-5,25,-4,25,-4,25,-4,25,-4,25,-5,25,-5,25,-5,25,-6,25,-6,25,-6,25,-7,24,-8,24,-8,24,-8,24,-8]"
CSI_DATA,97985,d8:b1:90:db:e8:90,-51,11,1,7,0,0,1,0,0,0,1,-95,0,4,0,1487127403,0,100,0,128,1,"[100,-64,5,0,12,20,12,19,12,18,12,18,13,17,13,16,14,15,14,15,15,14,15,14,16,14,16,13,17,13,17,14,17,14,17,14,17,15,17,15,16,15,16,15,16,15,15,16,14,17,13,17,12,18,3,4,0,0,0,0,0,0,0,0,0,0,0,0,0,0,0,0,0,0,3,3,13,15,12,16,11,17,11,18,11,19,10,20,10,21,10,21,10,22,10,23,9,23,9,23,9,24,9,24,9,24,9,24,9,24,9,24,10,23,10,23,11,23,11,23,12,23,12,23,12,22,12,22]"
CSI_DATA,97986,d8:b1:90:db:e8:90,-51,11,1,7,0,0,1,0,0,0,1,-95,0,4,0,1487139062,0,100,0,128,1,"[100,-64,5,0,19,-5,19,-5,18,-6,17,-6,17,-7,16,-8,16,-8,15,-9,15,-9,15,-10,15,-11,14,-11,14,-12,14,-12,15,-12,15,-12,15,-11,15,-11,15,-11,15,-11,16,-11,16,-10,16,-9,17,-8,17,-8,4,-2,0,0,0,0,0,0,0,0,0,0,0,0,0,0,0,0,0,0,4,-2,16,-6,16,-5,17,-4,17,-3,18,-3,19,-2,19,-2,19,-2,20,-2,20,-1,21,-1,21,-1,21,-1,21,-1,21,-1,21,-2,21,-2,21,-2,21,-2,21,-2,21,-3,21,-3,21,-4,20,-4,20,-4,20,-4]"
CSI_DATA,97987,d8:b1:90:db:e8:90,-51,11,1,7,0,0,1,0,0,0,1,-95,0,4,0,1487149706,0,100,0,128,1,"[100,-64,5,0,22,9,21,8,21,7,21,6,20,5,20,4,20,3,20,3,20,2,21,1,21,0,21,0,21,0,21,-1,21,-1,22,0,22,0,22,0,22,1,22,1,22,2,22,2,22,3,21,4,21,6,5,1,0,0,0,0,0,0,0,0,0,0,0,0,0,0,0,0,0,0,4,1,19,4,19,6,19,7,19,9,20,9,20,10,20,11,20,11,20,12,21,13,21,13,21,14,21,14,21,14,21,13,21,13,22,13,22,13,21,13,21,13,22,12,22,12,22,11,22,11,22,10,22,10]"
CSI_DATA,97988,d8:b1:90:db:e8:90,-51,11,1,7,0,0,1,0,0,0,1,-95,0,4,0,1487168480,0,100,0,128,1,"[100,-64,5,0,-8,22,-8,21,-7,21,-6,21,-5,21,-4,21,-4,21,-3,21,-3,20,-2,20,-1,21,-1,21,-1,21,0,22,-1,22,-1,22,-1,22,-2,22,-2,22,-3,22,-3,22,-4,22,-5,22,-6,22,-7,22,-2,5,0,0,0,0,0,0,0,0,0,0,0,0,0,0,0,0,0,0,-2,4,-7,19,-7,18,-8,18,-9,19,-10,19,-11,19,-12,20,-13,20,-14,20,-14,20,-15,20,-15,20,-15,20,-15,20,-15,21,-14,21,-14,21,-14,21,-13,21,-12,21,-12,21,-12,21,-11,22,-10,22,-10,22,-10,23]"
CSI_DATA,97989,d8:b1:90:db:e8:90,-51,11,1,7,0,0,1,0,0,0,1,-95,0,4,0,1487179965,0,100,0,128,1,"[100,-64,5,0,19,2,19,2,19,2,19,1,19,1,18,0,18,-1,18,-1,18,-2,18,-2,18,-3,18,-3,18,-3,18,-3,18,-3,19,-2,19,-2,19,-2,19,-1,19,-1,19,-1,19,0,18,1,18,2,18,3,4,0,0,0,0,0,0,0,0,0,0,0,0,0,0,0,0,0,0,0,4,0,16,0,16,1,16,2,17,3,17,4,18,5,18,5,18,6,18,6,19,7,19,7,19,7,19,8,19,8,19,7,19,7,19,7,20,7,20,6,20,6,20,6,20,5,20,5,20,4,20,4,20,3]"
CSI_DATA,97990,d8:b1:90:db:e8:90,-51,11,1,7,0,0,1,0,0,0,1,-95,0,4,0,1487193099,0,100,0,128,1,"[100,-64,5,0,-19,13,-19,13,-18,13,-17,14,-16,14,-15,15,-14,15,-14,16,-13,16,-13,16,-13,16,-13,16,-14,17,-14,17,-14,18,-14,18,-14,18,-14,18,-14,17,-15,17,-15,16,-16,16,-16,15,-18,15,-19,14,-5,3,0,0,0,0,0,0,0,0,0,0,0,0,0,0,0,0,0,0,-4,3,-16,12,-17,12,-18,11,-18,11,-19,11,-20,11,-21,11,-21,11,-22,10,-23,10,-24,10,-24,10,-24,10,-24,10,-24,10,-24,10,-24,10,-23,11,-23,11,-23,11,-23,12,-23,12,-23,13,-22,13,-22,13,-21,13]"
CSI_DATA,97991,d8:b1:90:db:e8:90,-51,11,1,7,0,0,1,0,0,0,1,-95,0,4,0,1487209878,0,100,0,128,1,"[100,-64,5,0,24,-1,23,-2,23,-3,22,-4,22,-5,21,-5,21,-6,20,-6,20,-7,20,-8,20,-8,20,-8,20,-9,20,-9,21,-9,21,-9,21,-9,21,-9,21,-8,21,-8,22,-7,22,-6,22,-5,22,-4,22,-2,5,-1,0,0,0,0,0,0,0,0,0,0,0,0,0,0,0,0,0,0,4,-1,19,-2,20,-1,20,0,20,1,21,1,22,2,23,2,23,3,24,3,24,4,25,4,25,4,25,4,25,5,24,4,24,4,24,3,24,3,25,2,25,2,25,1,25,1,25,1,25,0,25,0,25,-1]"
CSI_DATA,97992,d8:b1:90:db:e8:90,-51,11,1,7,0,0,1,0,0,0,1,-95,0,4,0,1487220429,0,100,0,128,1,"[100,-64,5,0,20,-12,20,-12,19,-13,18,-13,17,-13,16,-13,16,-14,15,-15,15,-15,15,-16,14,-16,14,-17,14,-17,15,-18,15,-18,15,-17,15,-17,15,-17,16,-16,17,-15,18,-15,18,-14,19,-13,19,-12,19,-11,4,-3,0,0,0,0,0,0,0,0,0,0,0,0,0,0,0,0,0,0,4,-4,16,-12,16,-12,17,-11,18,-10,19,-10,20,-10,21,-10,22,-10,22,-10,23,-9,24,-9,24,-8,24,-8,24,-8,24,-8,23,-8,23,-9,23,-9,23,-10,23,-10,23,-10,23,-10,23,-11,22,-11,22,-11,22,-12]"
CSI_DATA,97993,d8:b1:90:db:e8:90,-51,11,1,7,0,0,1,0,0,0,1,-95,0,4,0,1487234147,0,100,0,128,1,"[100,-64,5,0,21,-12,20,-12,19,-13,18,-13,17,-14,16,-14,15,-15,15,-16,15,-16,15,-17,14,-17,14,-18,14,-18,14,-19,14,-19,15,-18,15,-18,15,-18,15,-18,16,-17,17,-17,17,-16,18,-15,18,-14,19,-13,4,-4,0,0,0,0,0,0,0,0,0,0,0,0,0,0,0,0,0,0,4,-3,17,-11,18,-10,18,-9,19,-9,20,-8,20,-8,21,-8,22,-8,23,-8,24,-7,24,-7,25,-7,25,-7,24,-7,24,-7,24,-7,24,-8,24,-8,23,-9,23,-9,23,-10,23,-10,23,-11,23,-11,23,-11,23,-12]"
CSI_DATA,97994,d8:b1:90:db:e8:90,-51,11,1,7,0,0,1,0,0,0,1,-95,0,4,0,1487246860,0,100,0,128,1,"[100,-64,5,0,-26,9,-25,9,-24,9,-24,10,-23,10,-22,11,-21,11,-21,12,-20,12,-20,13,-20,14,-20,14,-21,14,-21,14,-21,14,-22,14,-22,14,-22,14,-22,13,-23,13,-23,12,-23,12,-23,11,-24,9,-24,8,-7,2,0,0,0,0,0,0,0,0,0,0,0,0,0,0,0,0,0,0,-6,2,-21,7,-22,6,-22,4,-23,3,-24,2,-25,2,-26,2,-27,2,-27,1,-28,1,-28,1,-29,1,-29,1,-29,1,-29,1,-29,1,-29,1,-28,2,-28,3,-27,3,-27,4,-28,5,-28,6,-28,7,-28,7,-27,8]"
CSI_DATA,97995,d8:b1:90:db:e8:90,-51,11,1,7,0,0,1,0,0,0,1,-95,0,4,0,1487259990,0,100,0,128,1,"[100,-64,5,0,-6,-24,-6,-23,-6,-23,-7,-22,-8,-22,-9,-21,-9,-21,-9,-20,-10,-20,-11,-20,-11,-20,-11,-20,-12,-20,-12,-20,-12,-21,-12,-21,-12,-21,-12,-21,-12,-21,-12,-22,-11,-22,-10,-22,-9,-22,-8,-23,-7,-23,-2,-6,0,0,0,0,0,0,0,0,0,0,0,0,0,0,0,0,0,0,-2,-5,-7,-19,-6,-20,-4,-21,-3,-22,-2,-23,-2,-23,-1,-23,-1,-23,-1,-24,0,-25,1,-25,1,-25,1,-25,1,-25,1,-26,1,-26,0,-26,-1,-26,-2,-26,-3,-26,-3,-26,-3,-26,-3,-26,-4,-26,-4,-26,-4,-26]"
CSI_DATA,97996,d8:b1:90:db:e8:90,-51,11,1,7,0,0,1,0,0,0,1,-95,0,4,0,1487286580,0,100,0,128,1,"[100,-64,5,0,25,-4,24,-4,24,-4,24,-5,23,-6,23,-7,22,-8,22,-8,21,-9,21,-9,21,-10,22,-10,22,-11,22,-11,23,-11,24,-11,24,-11,24,-10,24,-10,24,-10,24,-9,24,-8,24,-7,25,-5,25,-4,6,-1,0,0,0,0,0,0,0,0,0,0,0,0,0,0,0,0,0,0,5,-1,22,-3,22,-2,22,-1,23,0,23,1,24,2,25,2,25,2,26,3,26,3,27,4,27,4,27,5,27,4,27,4,27,4,27,3,27,3,28,2,28,1,28,0,28,-1,28,-1,28,-1,27,-2,27,-2]"
CSI_DATA,97997,d8:b1:90:db:e8:90,-51,11,1,7,0,0,1,0,0,0,1,-95,0,4,0,1487303456,0,100,0,128,1,"[100,-64,5,0,22,-6,21,-7,21,-7,21,-8,20,-8,20,-9,19,-10,19,-10,18,-11,19,-11,19,-12,19,-12,19,-13,20,-13,20,-13,20,-13,20,-12,20,-12,20,-11,20,-11,20,-10,20,-9,21,-8,22,-7,22,-6,5,-2,0,0,0,0,0,0,0,0,0,0,0,0,0,0,0,0,0,0,4,-2,18,-5,19,-4,19,-3,20,-3,21,-2,21,-2,22,-2,22,-1,22,-1,23,-1,24,0,24,0,24,0,24,0,24,0,24,0,24,0,24,-1,24,-2,24,-3,25,-4,25,-4,24,-4,24,-5,24,-5,24,-6]"
CSI_DATA,97998,d8:b1:90:db:e8:90,-51,11,1,7,0,0,1,0,0,0,1,-95,0,4,0,1487313742,0,100,0,128,1,"[100,-64,5,0,-12,-22,-12,-21,-12,-20,-13,-20,-14,-19,-14,-18,-15,-18,-15,-17,-16,-17,-16,-17,-17,-16,-17,-17,-17,-17,-17,-17,-17,-17,-18,-18,-17,-18,-17,-19,-16,-19,-16,-19,-15,-19,-14,-20,-13,-20,-12,-21,-10,-22,-3,-6,0,0,0,0,0,0,0,0,0,0,0,0,0,0,0,0,0,0,-3,-5,-10,-18,-9,-19,-8,-20,-8,-21,-8,-21,-8,-22,-8,-22,-8,-23,-7,-23,-7,-24,-7,-25,-7,-25,-7,-26,-7,-26,-7,-26,-7,-25,-7,-25,-8,-25,-9,-25,-9,-24,-10,-24,-10,-24,-10,-24,-11,-24,-11,-24,-11,-23]"
CSI_DATA,97999,d8:b1:90:db:e8:90,-51,11,1,7,0,0,1,0,0,0,1,-95,0,4,0,1487325060,0,100,0,128,1,"[100,-64,5,0,-23,-8,-23,-7,-22,-6,-22,-5,-23,-4,-23,-4,-23,-3,-23,-2,-23,-1,-23,-1,-23,0,-23,0,-24,0,-24,0,-24,-1,-24,0,-25,0,-25,-1,-25,-2,-24,-3,-24,-3,-24,-3,-23,-5,-22,-7,-22,-8,-6,-2,0,0,0,0,0,0,0,0,0,0,0,0,0,0,0,0,0,0,-5,-2,-19,-8,-19,-9,-18,-9,-19,-10,-19,-11,-19,-11,-20,-11,-20,-12,-20,-13,-20,-13,-21,-13,-21,-14,-21,-14,-21,-14,-22,-14,-22,-14,-22,-13,-22,-13,-22,-12,-22,-11,-23,-11,-23,-11,-23,-11,-23,-10,-24,-10,-24,-9]"
CSI_DATA,98000,d8:b1:90:db:e8:90,-51,11,1,7,0,0,1,0,0,0,1,-95,0,4,0,1487339102,0,100,0,128,1,"[100,-64,5,0,2,22,3,22,3,22,3,21,4,21,5,20,6,20,6,20,7,19,7,19,8,20,8,20,8,21,8,21,8,21,8,22,8,22,7,22,7,22,6,22,6,21,5,21,4,21,2,21,1,21,0,5,0,0,0,0,0,0,0,0,0,0,0,0,0,0,0,0,0,0,0,4,0,18,-1,18,-2,19,-2,20,-3,20,-3,21,-4,21,-4,22,-4,22,-5,23,-5,23,-5,23,-5,23,-5,23,-6,23,-6,23,-5,23,-5,23,-4,23,-3,23,-2,23,-2,23,-2,23,-1,23,-1,23,0,23]"
CSI_DATA,98001,d8:b1:90:db:e8:90,-51,11,1,5,0,0,1,0,1,0,0,-95,0,4,0,1487352875,0,100,0,128,1,"[100,-64,5,0,-16,-12,-18,-13,-20,-14,-22,-13,-24,-13,-26,-11,-27,-9,-28,-7,-29,-5,-29,-3,-29,-2,-28,-1,-28,0,-27,0,-26,0,-24,-1,-23,-3,-22,-4,-20,-6,-19,-7,-17,-9,-16,-10,-14,-11,-12,-12,-10,-12,-3,-3,0,0,0,0,0,0,0,0,0,0,0,0,0,0,0,0,0,0,3,4,11,19,11,20,12,20,12,20,13,19,12,17,12,16,11,14,9,12,7,10,4,8,2,7,-1,5,-4,5,-7,4,-9,5,-11,5,-12,6,-13,6,-13,6,-12,5,-12,5,-11,3,-11,1,-11,-1,-11,-3]"
CSI_DATA,98002,d8:b1:90:db:e8:90,-51,11,1,7,0,0,1,0,0,0,1,-95,0,4,0,1487362923,0,100,0,128,1,"[100,-64,5,0,-3,-23,-4,-22,-4,-22,-5,-21,-6,-21,-6,-21,-7,-20,-8,-20,-8,-20,-9,-20,-10,-20,-11,-21,-11,-21,-11,-21,-10,-22,-10,-22,-9,-23,-9,-23,-8,-23,-7,-23,-6,-23,-5,-23,-4,-23,-3,-23,-2,-23,-1,-6,0,0,0,0,0,0,0,0,0,0,0,0,0,0,0,0,0,0,-1,-5,-1,-19,0,-19,1,-20,2,-20,3,-21,3,-21,4,-21,4,-22,5,-22,5,-23,5,-24,5,-24,5,-24,5,-24,5,-24,5,-23,4,-23,4,-24,3,-24,2,-24,2,-24,1,-24,0,-24,-1,-24,-1,-24,-1,-24]"
CSI_DATA,98003,d8:b1:90:db:e8:90,-51,11,1,7,0,0,1,0,0,0,1,-95,0,4,0,1487385637,0,100,0,128,1,"[100,-64,5,0,-11,22,-10,22,-9,22,-8,21,-7,21,-6,22,-6,22,-5,22,-4,23,-4,23,-4,23,-3,24,-3,25,-3,25,-3,25,-4,26,-5,26,-6,26,-7,25,-8,25,-9,25,-10,24,-11,23,-12,23,-13,22,-4,5,0,0,0,0,0,0,0,0,0,0,0,0,0,0,0,0,0,0,-3,4,-12,17,-13,17,-14,17,-15,17,-15,17,-16,17,-17,17,-18,17,-19,17,-19,18,-20,18,-20,18,-20,18,-20,18,-19,18,-19,18,-19,19,-18,19,-18,20,-17,20,-16,21,-16,21,-15,21,-14,21,-14,22,-14,22]"
CSI_DATA,98004,d8:b1:90:db:e8:90,-51,11,1,7,0,0,1,0,0,0,1,-95,0,4,0,1487399399,0,100,0,128,1,"[100,-64,5,0,-23,8,-22,8,-22,9,-21,10,-21,11,-20,12,-20,13,-20,13,-19,14,-19,15,-19,16,-20,16,-21,17,-21,17,-21,17,-21,16,-21,16,-21,15,-22,14,-22,14,-23,13,-23,12,-23,11,-24,9,-24,8,-6,2,0,0,0,0,0,0,0,0,0,0,0,0,0,0,0,0,0,0,-6,1,-22,5,-22,4,-23,3,-23,3,-24,2,-25,2,-26,2,-26,1,-27,1,-27,0,-27,-1,-27,-1,-27,-1,-27,-1,-28,-1,-28,0,-28,1,-27,1,-27,2,-26,2,-27,3,-26,4,-26,5,-26,6,-25,6,-25,7]"
CSI_DATA,98005,d8:b1:90:db:e8:90,-51,11,1,7,0,0,1,0,0,0,1,-95,0,4,0,1487414674,0,100,0,128,1,"[100,-64,5,0,23,-8,22,-9,21,-10,21,-11,21,-12,20,-13,19,-14,19,-14,18,-15,18,-16,19,-17,19,-17,20,-17,20,-17,21,-17,21,-17,22,-16,22,-16,22,-15,23,-14,23,-13,23,-12,23,-11,24,-10,25,-8,6,-2,0,0,0,0,0,0,0,0,0,0,0,0,0,0,0,0,0,0,5,-2,21,-5,21,-4,21,-3,22,-3,22,-2,23,-2,24,-1,24,0,25,0,25,1,26,1,26,1,26,2,26,2,26,1,25,1,25,0,25,-1,25,-2,25,-2,25,-3,25,-4,25,-5,25,-6,25,-6,24,-7]"
CSI_DATA,98006,d8:b1:90:db:e8:90,-51,11,1,7,0,0,1,0,0,0,1,-95,0,4,0,1487426885,0,100,0,128,1,"[100,-64,5,0,-7,-21,-8,-20,-8,-20,-9,-19,-10,-19,-10,-19,-11,-18,-12,-18,-12,-18,-13,-18,-14,-18,-15,-18,-15,-18,-15,-19,-15,-19,-15,-20,-14,-21,-14,-21,-13,-21,-12,-21,-12,-21,-11,-21,-9,-22,-8,-22,-7,-22,-2,-6,0,0,0,0,0,0,0,0,0,0,0,0,0,0,0,0,0,0,-1,-5,-4,-19,-3,-19,-2,-20,-1,-20,-1,-20,0,-21,0,-22,1,-22,1,-23,1,-23,2,-22,2,-23,2,-23,1,-23,1,-23,1,-22,0,-22,-1,-23,-1,-23,-2,-22,-2,-22,-3,-22,-4,-22,-4,-21,-5,-21,-5,-22]"
CSI_DATA,98007,d8:b1:90:db:e8:90,-51,11,1,7,0,0,1,0,0,0,1,-95,0,4,0,1487437074,0,100,0,128,1,"[100,-64,5,0,15,18,16,17,17,16,17,15,18,14,19,13,19,13,20,12,20,11,21,11,22,11,23,11,23,11,24,11,24,12,24,13,24,13,24,14,23,14,22,15,21,15,20,16,19,17,18,18,17,19,4,5,0,0,0,0,0,0,0,0,0,0,0,0,0,0,0,0,0,0,3,4,11,18,10,19,9,19,9,20,9,20,8,21,8,22,8,23,8,24,8,24,8,24,8,24,7,24,8,24,8,24,8,23,9,23,9,23,10,22,11,22,12,22,12,21,13,20,13,20,14,20,15,20]"
CSI_DATA,98008,d8:b1:90:db:e8:90,-51,11,1,7,0,0,1,0,0,0,1,-95,0,4,0,1487448008,0,100,0,128,1,"[100,-64,5,0,24,-3,23,-4,23,-5,22,-6,22,-7,22,-8,22,-9,21,-10,21,-11,21,-12,22,-13,22,-14,23,-14,23,-14,24,-14,24,-14,25,-13,25,-13,25,-12,25,-11,25,-10,25,-9,26,-7,26,-5,26,-4,6,-1,0,0,0,0,0,0,0,0,0,0,0,0,0,0,0,0,0,0,5,0,22,1,22,2,22,3,21,4,22,5,23,5,23,6,24,7,24,7,24,7,24,7,24,7,24,8,24,7,24,7,24,6,24,6,24,5,24,4,24,3,24,3,24,2,24,1,24,0,24,0,25,-1]"
CSI_DATA,98009,d8:b1:90:db:e8:90,-51,11,1,7,0,0,1,0,0,0,1,-95,0,4,0,1487458242,0,100,0,128,1,"[100,-64,5,0,-22,4,-21,4,-21,5,-21,5,-21,6,-20,7,-20,8,-20,9,-20,9,-20,10,-20,10,-21,11,-21,11,-21,11,-22,11,-22,11,-23,10,-23,10,-23,9,-23,8,-24,7,-24,6,-24,5,-24,4,-24,2,-6,0,0,0,0,0,0,0,0,0,0,0,0,0,0,0,0,0,0,0,-6,0,-21,1,-21,0,-21,-1,-21,-2,-22,-2,-22,-3,-23,-4,-23,-4,-23,-5,-24,-5,-24,-6,-24,-6,-24,-6,-24,-6,-24,-6,-24,-5,-24,-5,-24,-4,-23,-3,-23,-2,-23,-2,-23,-1,-23,0,-24,0,-23,1,-23,1]"
CSI_DATA,98010,d8:b1:90:db:e8:90,-51,11,1,7,0,0,1,0,0,0,1,-95,0,4,0,1487468796,0,100,0,128,1,"[100,-64,5,0,-22,9,-22,10,-21,10,-20,10,-20,11,-20,12,-19,13,-18,14,-18,15,-18,16,-19,17,-19,17,-19,18,-20,18,-20,18,-21,18,-21,18,-22,17,-22,16,-22,15,-23,14,-23,13,-24,13,-24,11,-25,10,-7,2,0,0,0,0,0,0,0,0,0,0,0,0,0,0,0,0,0,0,-6,1,-21,5,-22,4,-22,3,-22,2,-23,1,-24,1,-24,0,-25,0,-25,-1,-25,-1,-26,-1,-26,-2,-26,-2,-26,-1,-26,-1,-26,-1,-26,0,-25,1,-25,1,-24,2,-24,3,-24,4,-24,5,-24,5,-24,6,-23,6]"
CSI_DATA,98011,d8:b1:90:db:e8:90,-51,11,1,7,0,0,1,0,0,0,1,-95,0,4,0,1487492567,0,100,0,128,1,"[100,-64,5,0,-14,-18,-14,-17,-15,-16,-15,-15,-16,-15,-17,-14,-17,-14,-18,-13,-19,-13,-20,-12,-21,-12,-21,-12,-22,-12,-22,-13,-22,-13,-23,-14,-23,-14,-22,-15,-22,-15,-21,-16,-20,-17,-20,-17,-19,-18,-17,-19,-16,-20,-4,-5,0,0,0,0,0,0,0,0,0,0,0,0,0,0,0,0,0,0,-3,-5,-10,-18,-9,-19,-8,-20,-8,-21,-7,-21,-7,-22,-7,-22,-7,-23,-7,-23,-7,-24,-6,-24,-6,-24,-6,-24,-6,-24,-6,-24,-6,-23,-7,-23,-8,-23,-8,-22,-9,-22,-9,-22,-10,-22,-11,-21,-12,-20,-12,-20,-12,-19]"
CSI_DATA,98012,d8:b1:90:db:e8:90,-51,11,1,7,0,0,1,0,0,0,1,-95,0,4,0,1487507161,0,100,0,128,1,"[100,-64,5,0,14,18,15,17,15,16,16,15,17,15,18,14,18,13,19,12,20,12,21,11,22,11,22,11,23,11,23,12,24,12,24,13,24,14,24,14,24,15,23,16,22,16,22,17,20,18,19,19,17,20,4,5,0,0,0,0,0,0,0,0,0,0,0,0,0,0,0,0,0,0,2,4,10,19,9,19,8,20,7,21,7,22,7,22,7,23,6,23,6,24,6,24,6,24,6,24,6,24,6,25,6,24,6,24,7,24,7,23,8,23,9,23,10,22,10,22,11,21,12,21,12,20,13,19]"
CSI_DATA,98013,d8:b1:90:db:e8:90,-51,11,1,7,0,0,1,0,0,0,1,-95,0,4,0,1487522300,0,100,0,128,1,"[100,-64,5,0,-19,10,-18,11,-18,11,-17,12,-16,13,-15,14,-14,15,-14,15,-14,16,-14,16,-14,17,-14,18,-14,19,-15,19,-15,19,-16,19,-16,19,-16,19,-17,18,-18,18,-18,18,-19,17,-20,15,-20,14,-21,13,-6,3,0,0,0,0,0,0,0,0,0,0,0,0,0,0,0,0,0,0,-5,1,-19,6,-20,5,-20,5,-21,4,-21,4,-22,3,-22,3,-23,3,-23,3,-24,2,-24,2,-24,1,-24,2,-23,2,-23,2,-23,2,-23,3,-22,3,-22,4,-21,5,-21,6,-21,6,-21,7,-21,7,-21,8,-20,8]"
CSI_DATA,98014,d8:b1:90:db:e8:90,-51,11,1,7,0,0,1,0,0,0,1,-95,0,4,0,1487538529,0,100,0,128,1,"[100,-64,5,0,9,18,10,17,11,17,11,16,12,15,13,14,14,13,14,13,15,12,16,12,17,12,18,13,18,13,19,14,19,14,19,15,19,15,19,15,18,16,18,16,17,17,16,17,15,18,14,19,13,20,3,5,0,0,0,0,0,0,0,0,0,0,0,0,0,0,0,0,0,0,1,4,7,17,6,18,6,19,5,19,5,20,4,21,4,21,4,21,3,22,3,23,2,23,3,22,2,22,2,22,2,22,3,21,3,21,3,21,4,21,4,20,5,20,6,20,6,20,6,20,7,20,8,19]"
CSI_DATA,98015,d8:b1:90:db:e8:90,-51,11,1,7,0,0,1,0,0,0,1,-95,0,4,0,1487550647,0,100,0,128,1,"[100,-64,5,0,0,-23,-1,-22,-1,-22,-2,-21,-3,-21,-4,-20,-6,-20,-7,-20,-8,-20,-8,-21,-9,-21,-10,-22,-10,-23,-10,-23,-11,-24,-10,-24,-10,-25,-10,-25,-9,-25,-9,-26,-8,-26,-7,-26,-6,-26,-3,-27,-2,-27,-1,-7,0,0,0,0,0,0,0,0,0,0,0,0,0,0,0,0,0,0,0,-5,3,-20,4,-21,5,-21,5,-22,6,-22,7,-22,8,-22,9,-23,9,-23,9,-23,10,-23,10,-23,10,-23,10,-23,9,-22,9,-21,8,-21,8,-22,7,-22,6,-22,6,-22,5,-22,5,-22,4,-23,4,-23,3,-23]"
CSI_DATA,98016,d8:b1:90:db:e8:90,-51,11,1,7,0,0,1,0,0,0,1,-95,0,4,0,1487560787,0,100,0,128,1,"[100,-64,5,0,21,3,20,2,20,1,20,0,20,-1,20,-2,20,-3,20,-4,20,-4,20,-5,21,-6,21,-6,22,-6,22,-7,23,-6,23,-6,24,-5,24,-5,24,-4,25,-4,25,-3,25,-2,25,-1,25,1,25,2,6,0,0,0,0,0,0,0,0,0,0,0,0,0,0,0,0,0,0,0,4,0,18,4,18,5,18,6,18,7,19,8,19,9,19,9,20,10,20,10,20,11,20,11,20,12,19,12,19,12,19,11,19,11,19,11,19,10,20,10,20,9,20,8,20,8,20,7,20,6,20,5,21,5]"
CSI_DATA,98017,d8:b1:90:db:e8:90,-52,11,1,7,0,0,1,0,0,0,1,-95,0,4,0,1487589248,0,100,0,128,1,"[100,-64,5,0,23,1,22,0,22,0,22,-1,22,-2,22,-3,21,-5,21,-6,21,-7,21,-7,22,-8,22,-8,23,-9,23,-9,24,-9,25,-8,26,-8,26,-7,26,-6,26,-6,26,-5,26,-3,27,-2,27,0,26,1,6,0,0,0,0,0,0,0,0,0,0,0,0,0,0,0,0,0,0,0,5,0,20,3,20,4,20,5,20,6,21,7,21,7,22,8,22,9,22,9,22,10,22,10,22,10,22,10,22,10,22,10,21,10,21,9,22,8,23,7,23,6,23,6,24,5,23,5,23,5,23,4,23,3]"
CSI_DATA,98018,d8:b1:90:db:e8:90,-51,11,1,7,0,0,1,0,0,0,1,-95,0,4,0,1487600986,0,100,0,128,1,"[100,-64,5,0,-11,-22,-12,-21,-12,-20,-13,-19,-14,-19,-15,-18,-15,-17,-15,-16,-16,-16,-17,-16,-18,-16,-19,-16,-20,-16,-21,-16,-21,-17,-21,-17,-21,-17,-21,-17,-20,-18,-20,-19,-19,-19,-19,-20,-18,-21,-17,-23,-15,-24,-4,-6,0,0,0,0,0,0,0,0,0,0,0,0,0,0,0,0,0,0,-2,-5,-8,-21,-7,-21,-6,-23,-5,-24,-5,-24,-4,-25,-4,-25,-4,-25,-3,-26,-3,-26,-3,-27,-3,-27,-3,-27,-3,-27,-3,-27,-3,-26,-4,-26,-5,-26,-5,-26,-6,-25,-7,-25,-8,-25,-8,-24,-9,-23,-9,-23,-9,-23]"
CSI_DATA,98019,d8:b1:90:db:e8:90,-51,11,1,7,0,0,1,0,0,0,1,-95,0,4,0,1487612996,0,100,0,128,1,"[100,-64,5,0,-4,-22,-5,-22,-5,-21,-6,-21,-7,-20,-8,-20,-9,-19,-9,-19,-10,-19,-11,-19,-12,-19,-13,-19,-13,-20,-13,-20,-13,-21,-14,-21,-13,-21,-13,-22,-13,-22,-12,-22,-11,-23,-10,-23,-9,-24,-8,-24,-6,-25,-2,-7,0,0,0,0,0,0,0,0,0,0,0,0,0,0,0,0,0,0,-1,-5,-3,-20,-2,-20,-1,-21,0,-22,1,-23,2,-23,2,-23,2,-24,3,-24,3,-24,4,-25,4,-25,4,-25,4,-25,4,-24,3,-24,3,-24,2,-24,2,-24,1,-24,0,-24,-1,-24,-1,-23,-2,-23,-2,-23,-2,-24]"
CSI_DATA,98020,d8:b1:90:db:e8:90,-51,11,1,7,0,0,1,0,0,0,1,-95,0,4,0,1487626922,0,100,0,128,1,"[100,-64,5,0,-17,-16,-17,-15,-17,-14,-18,-13,-18,-12,-18,-11,-18,-11,-19,-10,-19,-9,-20,-9,-21,-8,-22,-8,-22,-8,-23,-8,-23,-8,-23,-9,-23,-9,-23,-9,-23,-10,-22,-10,-22,-11,-22,-12,-22,-12,-21,-14,-21,-16,-5,-4,0,0,0,0,0,0,0,0,0,0,0,0,0,0,0,0,0,0,-4,-4,-14,-15,-13,-16,-12,-17,-12,-18,-12,-19,-12,-19,-12,-20,-12,-21,-11,-21,-12,-22,-12,-22,-12,-22,-12,-22,-12,-22,-12,-21,-12,-21,-13,-21,-13,-20,-13,-20,-13,-20,-14,-20,-14,-20,-15,-19,-15,-18,-15,-18,-16,-17]"
CSI_DATA,98021,d8:b1:90:db:e8:90,-51,11,1,7,0,0,1,0,0,0,1,-95,0,4,0,1487647671,0,100,0,128,1,"[100,-64,5,0,-3,24,-2,24,-1,23,0,22,1,22,2,22,3,22,3,22,4,22,4,22,5,22,6,23,6,23,6,24,6,24,6,25,6,25,6,25,5,25,4,25,3,25,3,24,1,25,0,26,-2,26,-1,6,0,0,0,0,0,0,0,0,0,0,0,0,0,0,0,0,0,0,-1,4,-2,20,-3,20,-3,21,-4,21,-5,22,-6,22,-7,23,-8,23,-8,24,-9,24,-9,24,-9,23,-9,24,-9,24,-9,24,-9,24,-9,24,-8,24,-8,24,-7,25,-6,25,-6,25,-5,25,-5,25,-4,25,-4,25]"
CSI_DATA,98022,d8:b1:90:db:e8:90,-51,11,1,7,0,0,1,0,0,0,1,-95,0,4,0,1487661910,0,100,0,128,1,"[100,-64,5,0,-25,2,-25,2,-24,3,-23,4,-22,5,-22,6,-22,7,-22,7,-22,8,-22,9,-22,9,-22,10,-23,11,-23,11,-23,12,-24,12,-24,11,-24,11,-24,10,-25,10,-25,9,-25,8,-26,7,-26,5,-27,4,-7,1,0,0,0,0,0,0,0,0,0,0,0,0,0,0,0,0,0,0,-6,0,-22,2,-22,1,-23,0,-23,-1,-24,-2,-24,-2,-25,-3,-26,-3,-26,-4,-27,-5,-27,-6,-27,-6,-27,-6,-27,-6,-27,-5,-27,-5,-27,-4,-27,-4,-27,-3,-27,-3,-27,-2,-27,-1,-27,-1,-27,0,-26,0,-26,0]"
CSI_DATA,98023,d8:b1:90:db:e8:90,-51,11,1,7,0,0,1,0,0,0,1,-95,0,4,0,1487673613,0,100,0,128,1,"[100,-64,5,0,-17,13,-16,14,-15,14,-14,14,-14,14,-13,15,-12,15,-12,16,-11,16,-11,17,-11,17,-11,18,-10,18,-10,19,-11,19,-11,19,-12,19,-12,19,-12,19,-13,18,-13,18,-14,17,-15,17,-16,16,-17,15,-5,3,0,0,0,0,0,0,0,0,0,0,0,0,0,0,0,0,0,0,-4,3,-14,12,-15,12,-16,11,-17,11,-17,11,-18,10,-19,11,-20,11,-20,11,-21,10,-22,10,-22,10,-22,10,-22,10,-22,10,-21,10,-21,11,-21,11,-21,11,-20,11,-20,12,-20,12,-19,13,-19,13,-18,13,-18,14]"
CSI_DATA,98024,d8:b1:90:db:e8:90,-51,11,1,7,0,0,1,0,0,0,1,-95,0,4,0,1487695041,0,100,0,128,1,"[100,-64,5,0,20,-11,19,-11,19,-11,18,-12,17,-12,17,-13,16,-14,16,-14,15,-15,15,-16,15,-16,15,-16,15,-16,15,-17,16,-17,16,-17,16,-17,17,-16,17,-16,18,-15,18,-14,19,-14,19,-13,20,-12,21,-11,5,-3,0,0,0,0,0,0,0,0,0,0,0,0,0,0,0,0,0,0,4,-2,17,-8,17,-8,18,-7,18,-7,19,-6,20,-6,21,-6,22,-5,23,-5,23,-5,23,-5,24,-5,24,-4,24,-4,24,-5,23,-5,23,-5,23,-6,23,-7,23,-8,23,-8,22,-9,22,-9,22,-10,22,-10,22,-10]"
CSI_DATA,98025,d8:b1:90:db:e8:90,-51,11,1,7,0,0,1,0,0,0,1,-95,0,4,0,1487706342,0,100,0,128,1,"[100,-64,5,0,-22,13,-22,13,-21,13,-20,13,-19,13,-18,14,-18,15,-17,15,-17,16,-16,16,-16,17,-17,17,-17,17,-17,18,-17,18,-18,18,-18,18,-18,17,-19,17,-20,16,-20,15,-20,15,-21,14,-22,13,-23,12,-6,2,0,0,0,0,0,0,0,0,0,0,0,0,0,0,0,0,0,0,-5,2,-18,9,-19,9,-20,8,-20,7,-21,7,-22,7,-23,7,-24,7,-25,6,-26,6,-26,6,-26,6,-26,6,-26,6,-26,6,-26,6,-26,7,-25,8,-25,8,-25,9,-25,9,-25,10,-24,11,-23,11,-24,11,-23,12]"
CSI_DATA,98026,d8:b1:90:db:e8:90,-51,11,1,7,0,0,1,0,0,0,1,-95,0,4,0,1487727414,0,100,0,128,1,"[100,-64,5,0,-23,-11,-23,-10,-23,-10,-22,-9,-22,-8,-22,-7,-23,-6,-23,-5,-23,-5,-24,-4,-24,-4,-24,-4,-25,-3,-25,-4,-25,-4,-25,-4,-26,-5,-26,-5,-25,-6,-25,-7,-25,-7,-25,-8,-24,-10,-24,-11,-23,-12,-6,-3,0,0,0,0,0,0,0,0,0,0,0,0,0,0,0,0,0,0,-5,-2,-19,-9,-19,-10,-18,-11,-18,-12,-19,-13,-19,-14,-20,-15,-20,-15,-20,-16,-20,-17,-21,-17,-21,-17,-21,-18,-21,-17,-21,-17,-21,-16,-21,-15,-22,-15,-22,-15,-22,-14,-23,-14,-23,-13,-24,-13,-24,-13,-24,-13,-24,-12]"
CSI_DATA,98027,d8:b1:90:db:e8:90,-51,11,1,7,0,0,1,0,0,0,1,-95,0,4,0,1487739973,0,100,0,128,1,"[100,-64,5,0,-23,3,-23,3,-22,4,-22,4,-21,5,-20,6,-20,7,-20,7,-20,8,-20,8,-21,9,-21,9,-21,9,-21,10,-21,10,-22,10,-22,9,-22,9,-22,8,-23,8,-23,7,-24,6,-24,5,-24,4,-24,3,-6,0,0,0,0,0,0,0,0,0,0,0,0,0,0,0,0,0,0,0,-5,0,-20,1,-20,0,-20,-1,-21,-2,-21,-2,-22,-3,-23,-3,-24,-3,-24,-4,-25,-4,-25,-5,-25,-5,-25,-5,-25,-4,-25,-4,-25,-3,-25,-2,-25,-2,-25,-2,-25,-1,-25,0,-25,1,-25,1,-25,1,-25,2,-25,2]"
CSI_DATA,98028,d8:b1:90:db:e8:90,-51,11,1,7,0,0,1,0,0,0,1,-95,0,4,0,1487752743,0,100,0,128,1,"[100,-64,5,0,-13,20,-12,19,-11,19,-10,19,-9,19,-9,20,-8,20,-7,20,-7,20,-6,20,-6,20,-6,21,-6,21,-6,22,-6,22,-6,22,-6,22,-7,22,-8,22,-9,22,-9,21,-10,21,-11,20,-12,19,-13,18,-4,4,0,0,0,0,0,0,0,0,0,0,0,0,0,0,0,0,0,0,-3,4,-10,16,-11,16,-12,15,-12,15,-13,15,-14,16,-15,16,-16,16,-17,17,-17,17,-17,17,-17,17,-17,17,-17,17,-17,17,-17,18,-17,18,-17,18,-16,18,-16,18,-16,19,-15,19,-15,19,-14,19,-14,19,-13,19]"
CSI_DATA,98029,d8:b1:90:db:e8:90,-51,11,1,7,0,0,1,0,0,0,1,-95,0,4,0,1487764414,0,100,0,128,1,"[100,-64,5,0,-21,8,-21,8,-20,8,-20,9,-19,9,-19,10,-18,10,-17,11,-17,11,-17,12,-17,12,-18,13,-18,13,-18,13,-18,13,-18,13,-19,13,-19,12,-19,12,-20,11,-20,11,-21,10,-21,9,-22,8,-22,7,-6,1,0,0,0,0,0,0,0,0,0,0,0,0,0,0,0,0,0,0,-5,1,-18,5,-18,4,-19,3,-19,2,-20,2,-21,2,-22,2,-22,2,-23,1,-23,1,-23,1,-24,1,-24,0,-24,1,-24,1,-24,1,-24,2,-24,2,-24,3,-24,3,-24,4,-23,4,-23,5,-23,5,-23,6,-23,6]"
CSI_DATA,98030,d8:b1:90:db:e8:90,-51,11,1,7,0,0,1,0,0,0,1,-95,0,4,0,1487775843,0,100,0,128,1,"[100,-64,5,0,17,-14,17,-14,16,-14,16,-15,15,-15,15,-16,14,-16,13,-16,13,-17,13,-17,13,-17,13,-18,13,-18,13,-18,14,-18,14,-18,14,-18,14,-18,15,-18,15,-18,16,-17,17,-16,17,-15,18,-14,19,-13,4,-3,0,0,0,0,0,0,0,0,0,0,0,0,0,0,0,0,0,0,3,-3,15,-10,16,-10,16,-9,17,-9,18,-8,19,-9,20,-9,20,-9,21,-8,21,-8,22,-8,22,-8,22,-8,22,-8,22,-8,21,-8,21,-9,21,-10,21,-10,21,-10,21,-11,21,-11,20,-12,20,-12,20,-12,20,-13]"
CSI_DATA,98031,d8:b1:90:db:e8:90,-51,11,1,7,0,0,1,0,0,0,1,-95,0,4,0,1487796712,0,100,0,128,1,"[100,-64,5,0,-5,22,-4,22,-4,22,-3,22,-2,21,-2,21,-1,21,0,21,0,22,1,22,1,22,1,22,1,22,2,23,1,23,1,23,0,24,-1,24,-1,24,-2,23,-2,23,-3,23,-4,23,-5,23,-7,23,-2,5,0,0,0,0,0,0,0,0,0,0,0,0,0,0,0,0,0,0,-1,4,-4,18,-5,19,-6,19,-7,19,-8,20,-9,20,-10,20,-11,20,-11,21,-12,21,-12,22,-12,22,-11,22,-11,22,-11,22,-11,22,-10,22,-10,22,-10,23,-9,23,-9,23,-8,23,-8,23,-7,23,-7,23,-7,23]"
CSI_DATA,98032,d8:b1:90:db:e8:90,-51,11,1,7,0,0,1,0,0,0,1,-95,0,4,0,1487809065,0,100,0,128,1,"[100,-64,5,0,-19,16,-18,16,-17,16,-17,16,-16,17,-15,17,-14,18,-14,18,-13,18,-13,19,-12,19,-13,20,-13,20,-13,20,-14,20,-14,21,-15,20,-15,20,-16,20,-16,20,-17,19,-17,18,-18,18,-19,17,-20,16,-6,3,0,0,0,0,0,0,0,0,0,0,0,0,0,0,0,0,0,0,-4,3,-17,12,-17,12,-18,11,-19,11,-20,11,-21,11,-22,10,-23,10,-23,10,-24,10,-24,11,-24,11,-24,11,-24,11,-24,11,-24,11,-23,12,-23,12,-23,12,-22,13,-22,14,-22,14,-22,15,-21,15,-21,15,-21,15]"
CSI_DATA,98033,d8:b1:90:db:e8:90,-51,11,1,7,0,0,1,0,0,0,1,-95,0,4,0,1487823369,0,100,0,128,1,"[100,-64,5,0,12,19,13,19,13,18,13,17,13,16,14,16,14,15,15,15,15,14,15,14,16,14,16,14,17,15,17,15,17,15,17,16,16,17,16,17,15,17,15,18,14,18,13,18,12,19,11,20,9,20,2,5,0,0,0,0,0,0,0,0,0,0,0,0,0,0,0,0,0,0,2,4,9,16,8,17,7,18,6,18,6,19,6,20,6,21,6,21,6,22,6,22,5,23,5,23,6,23,6,23,6,23,6,23,6,23,7,23,8,23,8,22,9,22,10,22,10,21,11,21,11,21,11,20]"
CSI_DATA,98034,d8:b1:90:db:e8:90,-51,11,1,7,0,0,1,0,0,0,1,-95,0,4,0,1487838720,0,100,0,128,1,"[100,-64,5,0,-20,10,-20,11,-19,11,-19,12,-19,13,-18,13,-17,14,-16,13,-16,13,-15,14,-15,14,-16,15,-16,16,-16,16,-17,16,-18,16,-18,15,-18,15,-18,15,-19,14,-20,14,-20,13,-21,12,-21,10,-21,9,-6,2,0,0,0,0,0,0,0,0,0,0,0,0,0,0,0,0,0,0,-5,2,-18,9,-18,8,-19,7,-20,7,-21,6,-22,6,-22,6,-23,6,-23,6,-24,5,-25,5,-25,5,-25,5,-25,5,-25,5,-25,6,-25,6,-24,6,-24,7,-23,7,-23,8,-23,9,-23,9,-23,10,-23,10,-22,10]"
CSI_DATA,98035,d8:b1:90:db:e8:90,-51,11,1,7,0,0,1,0,0,0,1,-95,0,4,0,1487852867,0,100,0,128,1,"[100,-64,5,0,-25,0,-25,1,-24,2,-25,3,-24,4,-24,5,-23,5,-22,6,-22,6,-22,7,-22,7,-23,8,-24,8,-24,8,-24,8,-25,8,-25,7,-25,7,-25,6,-26,6,-26,5,-26,4,-26,3,-26,2,-26,0,-7,0,0,0,0,0,0,0,0,0,0,0,0,0,0,0,0,0,0,0,-6,-1,-22,-1,-22,-3,-22,-4,-22,-5,-23,-6,-24,-7,-24,-7,-24,-7,-24,-7,-25,-8,-26,-9,-26,-9,-26,-9,-26,-8,-26,-8,-26,-7,-26,-7,-26,-6,-26,-6,-26,-5,-26,-5,-26,-4,-26,-3,-26,-2,-27,-2,-26,-1]"
CSI_DATA,98036,d8:b1:90:db:e8:90,-51,11,1,7,0,0,1,0,0,0,1,-95,0,4,0,1487863536,0,100,0,128,1,"[100,-64,5,0,13,21,13,20,14,19,15,18,16,18,16,17,17,16,17,15,18,15,19,15,19,14,20,14,20,14,21,14,20,15,20,15,20,16,20,16,19,16,19,17,18,18,17,18,17,19,16,20,14,21,3,5,0,0,0,0,0,0,0,0,0,0,0,0,0,0,0,0,0,0,3,4,12,17,11,18,10,19,9,20,9,20,8,21,7,22,7,23,7,24,7,24,7,25,7,25,7,25,7,25,6,25,6,25,7,25,7,25,8,25,8,25,9,24,10,24,11,23,12,23,12,23,13,23]"
CSI_DATA,98037,d8:b1:90:db:e8:90,-51,11,1,7,0,0,1,0,0,0,1,-95,0,4,0,1487875562,0,100,0,128,1,"[100,-64,5,0,-22,-15,-22,-14,-21,-13,-21,-12,-21,-11,-22,-10,-22,-10,-22,-9,-22,-8,-23,-7,-24,-7,-25,-7,-25,-7,-26,-7,-26,-7,-26,-8,-26,-8,-26,-9,-25,-9,-25,-10,-25,-10,-24,-11,-23,-12,-22,-14,-21,-15,-5,-4,0,0,0,0,0,0,0,0,0,0,0,0,0,0,0,0,0,0,-5,-3,-18,-12,-18,-13,-17,-14,-17,-15,-17,-16,-17,-16,-17,-17,-18,-18,-18,-18,-18,-19,-18,-20,-18,-20,-18,-21,-18,-21,-18,-20,-18,-20,-18,-19,-19,-19,-18,-19,-19,-19,-19,-19,-20,-18,-20,-17,-21,-17,-21,-17,-21,-16]"
CSI_DATA,98038,d8:b1:90:db:e8:90,-51,11,1,7,0,0,1,0,0,0,1,-95,0,4,0,1487898072,0,100,0,128,1,"[100,-64,5,0,-11,19,-11,19,-10,19,-9,19,-8,19,-7,19,-7,19,-6,20,-5,20,-5,20,-5,21,-5,21,-5,21,-5,22,-5,22,-5,22,-6,23,-6,22,-7,22,-8,22,-9,22,-9,21,-10,21,-12,20,-13,19,-4,4,0,0,0,0,0,0,0,0,0,0,0,0,0,0,0,0,0,0,-3,3,-11,12,-12,13,-12,14,-13,14,-14,14,-14,14,-15,14,-15,15,-15,15,-16,15,-17,15,-17,15,-17,15,-17,15,-17,16,-17,16,-17,16,-17,17,-16,17,-15,17,-15,18,-14,18,-14,19,-14,19,-14,19,-13,19]"
CSI_DATA,98039,d8:b1:90:db:e8:90,-51,11,1,7,0,0,1,0,0,0,1,-95,0,4,0,1487910290,0,100,0,128,1,"[100,-64,5,0,-1,24,0,24,1,24,1,23,2,23,3,23,4,23,5,23,5,23,6,23,6,23,7,24,7,24,7,25,7,25,6,25,6,26,5,26,5,26,4,26,3,26,1,26,0,26,-2,26,-3,26,-1,6,0,0,0,0,0,0,0,0,0,0,0,0,0,0,0,0,0,0,-1,4,-2,17,-2,18,-3,20,-3,21,-4,21,-5,22,-5,22,-5,22,-6,23,-7,23,-7,24,-7,24,-7,24,-7,25,-7,25,-7,25,-7,24,-6,25,-6,25,-5,25,-4,25,-4,26,-3,26,-3,26,-2,26,-2,26]"
CSI_DATA,98040,d8:b1:90:db:e8:90,-51,11,1,7,0,0,1,0,0,0,1,-95,0,4,0,1487924846,0,100,0,128,1,"[100,-64,5,0,20,-16,19,-16,18,-16,17,-16,16,-17,15,-17,15,-18,14,-19,14,-19,13,-20,13,-21,14,-21,14,-21,15,-22,15,-22,15,-22,15,-22,16,-21,16,-21,17,-20,18,-20,18,-19,19,-18,20,-17,21,-16,5,-4,0,0,0,0,0,0,0,0,0,0,0,0,0,0,0,0,0,0,3,-4,16,-14,16,-13,18,-12,19,-11,19,-11,20,-11,21,-10,21,-10,22,-10,23,-10,23,-10,23,-10,23,-10,23,-10,23,-10,23,-10,23,-10,23,-11,22,-11,22,-12,22,-13,22,-13,21,-13,21,-14,21,-14,21,-15]"
CSI_DATA,98041,d8:b1:90:db:e8:90,-51,11,1,7,0,0,1,0,0,0,1,-95,0,4,0,1487940791,0,100,0,128,1,"[100,-64,5,0,24,0,23,-1,23,-2,23,-2,23,-3,23,-4,22,-5,22,-6,23,-6,23,-7,23,-8,23,-8,24,-8,24,-9,24,-9,24,-8,24,-8,25,-8,25,-7,25,-6,25,-6,25,-5,25,-4,26,-2,26,0,6,0,0,0,0,0,0,0,0,0,0,0,0,0,0,0,0,0,0,0,5,0,20,1,20,2,20,4,20,4,21,5,21,5,22,5,22,6,23,6,23,7,23,7,23,7,23,7,23,8,23,8,23,8,24,7,24,7,24,6,24,5,24,5,24,4,24,3,25,3,25,2,25,2]"
CSI_DATA,98042,d8:b1:90:db:e8:90,-51,11,1,7,0,0,1,0,0,0,1,-95,0,4,0,1487954657,0,100,0,128,1,"[100,-64,5,0,-23,-3,-23,-2,-22,-1,-22,-1,-22,0,-22,1,-21,2,-22,3,-22,3,-22,4,-22,4,-23,5,-23,5,-23,5,-24,5,-24,5,-24,5,-24,5,-24,4,-24,3,-24,2,-24,2,-24,1,-24,-1,-24,-2,-6,-1,0,0,0,0,0,0,0,0,0,0,0,0,0,0,0,0,0,0,-5,-1,-19,-2,-19,-3,-19,-6,-19,-7,-19,-7,-19,-8,-20,-8,-20,-9,-21,-9,-21,-10,-20,-11,-20,-11,-21,-11,-21,-11,-21,-10,-21,-10,-21,-9,-22,-9,-22,-8,-22,-7,-23,-7,-23,-6,-22,-6,-23,-5,-23,-5,-23,-4]"
CSI_DATA,98043,d8:b1:90:db:e8:90,-51,11,1,7,0,0,1,0,0,0,1,-95,0,4,0,1487965592,0,100,0,128,1,"[100,-64,5,0,-17,18,-16,18,-15,18,-15,19,-14,19,-13,20,-12,20,-12,21,-11,21,-11,22,-10,22,-10,22,-11,23,-11,23,-11,23,-11,24,-12,24,-13,23,-13,23,-14,22,-15,22,-15,22,-16,21,-17,19,-19,18,-5,4,0,0,0,0,0,0,0,0,0,0,0,0,0,0,0,0,0,0,-4,3,-15,15,-16,14,-16,13,-17,13,-18,13,-19,12,-20,12,-21,12,-21,12,-22,12,-22,12,-22,12,-22,12,-22,12,-22,12,-22,12,-22,13,-22,13,-21,14,-20,14,-20,15,-20,16,-19,16,-19,17,-19,17,-19,18]"
CSI_DATA,98044,d8:b1:90:db:e8:90,-51,11,1,7,0,0,1,0,0,0,1,-95,0,4,0,1487977449,0,100,0,128,1,"[100,-64,5,0,10,-20,10,-19,9,-20,9,-20,8,-20,7,-21,6,-21,6,-21,5,-22,5,-22,5,-22,4,-23,4,-23,5,-23,5,-24,5,-24,5,-24,6,-24,6,-23,7,-23,8,-23,8,-22,10,-22,11,-21,12,-20,3,-5,0,0,0,0,0,0,0,0,0,0,0,0,0,0,0,0,0,0,2,-5,9,-17,10,-16,11,-16,12,-16,13,-16,14,-15,15,-15,15,-15,16,-15,16,-15,17,-15,17,-15,17,-15,17,-15,17,-15,17,-16,16,-16,16,-16,15,-17,15,-17,14,-18,14,-18,14,-18,13,-18,13,-19,13,-20]"
CSI_DATA,98045,d8:b1:90:db:e8:90,-55,11,1,7,0,0,1,0,0,0,1,-95,0,4,0,1488000882,0,100,0,128,1,"[100,-64,5,0,-16,-20,-16,-20,-16,-19,-15,-18,-16,-18,-16,-17,-17,-17,-17,-16,-18,-15,-19,-15,-10,-7,7,7,16,13,16,13,17,13,18,13,19,13,19,13,18,13,17,13,16,13,16,13,16,14,16,15,16,16,3,4,0,0,0,0,0,0,0,0,0,0,0,0,0,0,0,0,0,0,-3,-4,-10,-17,-5,-8,4,9,8,18,8,18,7,19,7,21,6,21,6,22,6,23,6,23,6,23,7,24,3,14,-6,-5,-11,-14,-12,-14,-11,-16,-8,-19,-7,-21,-8,-21,-10,-21,-12,-23,-14,-23,-14,-23,-15,-23]"
CSI_DATA,98046,d8:b1:90:db:e8:90,-55,11,1,7,0,0,1,0,0,0,1,-95,0,4,0,1488014077,0,100,0,128,1,"[100,-64,5,0,-24,7,-24,8,-23,8,-22,7,-22,7,-21,8,-21,9,-21,10,-20,11,-20,11,-11,6,8,-5,18,-11,18,-11,18,-12,19,-13,19,-13,19,-13,19,-13,18,-12,18,-11,18,-11,19,-10,20,-10,21,-9,5,-3,0,0,0,0,0,0,0,0,0,0,0,0,0,0,0,0,0,0,-5,1,-19,4,-10,2,10,-1,20,-3,20,-3,21,-2,22,-1,23,0,23,0,23,0,24,0,24,0,24,0,14,1,-7,3,-17,5,-17,6,-18,4,-20,0,-22,-1,-22,-1,-23,1,-25,3,-26,5,-26,5,-26,6]"
CSI_DATA,98047,d8:b1:90:db:e8:90,-51,11,1,7,0,0,1,0,0,0,1,-95,0,4,0,1488030458,0,100,0,128,1,"[100,-64,5,0,-3,24,-3,24,-2,23,-1,23,1,23,2,23,3,23,3,23,4,23,4,23,5,24,6,24,6,25,6,26,6,26,6,27,5,27,4,27,4,27,3,27,3,26,2,26,1,26,-1,27,-3,27,-1,6,0,0,0,0,0,0,0,0,0,0,0,0,0,0,0,0,0,0,-1,5,-3,20,-4,20,-5,21,-6,21,-7,21,-8,22,-8,22,-9,22,-9,23,-10,24,-10,23,-10,23,-10,23,-10,23,-11,23,-11,23,-10,23,-10,23,-9,23,-8,23,-7,24,-6,24,-6,24,-5,24,-5,24,-5,25]"
CSI_DATA,98048,d8:b1:90:db:e8:90,-52,11,1,7,0,0,1,0,0,0,1,-95,0,4,0,1488044250,0,100,0,128,1,"[100,-64,5,0,23,-3,23,-3,22,-4,22,-5,22,-6,22,-7,21,-8,21,-9,21,-9,22,-10,22,-10,22,-11,23,-11,23,-11,24,-11,24,-11,24,-11,25,-10,25,-10,25,-9,25,-9,26,-8,26,-6,26,-5,25,-3,6,-1,0,0,0,0,0,0,0,0,0,0,0,0,0,0,0,0,0,0,4,-1,19,-3,20,-2,20,-1,20,0,21,1,22,1,22,1,23,2,23,3,24,3,24,3,24,3,24,3,24,3,24,3,24,3,24,2,24,2,24,2,23,1,24,1,24,0,24,-1,24,-1,24,-2,24,-2]"
CSI_DATA,98049,d8:b1:90:db:e8:90,-52,11,1,7,0,0,1,0,0,0,1,-95,0,4,0,1488058530,0,100,0,128,1,"[100,-64,5,0,14,15,14,14,15,13,15,12,16,12,16,11,17,10,17,10,18,10,18,9,18,9,19,9,19,9,20,9,20,10,20,10,20,10,20,11,20,11,19,11,19,12,18,12,18,13,17,15,16,16,3,4,0,0,0,0,0,0,0,0,0,0,0,0,0,0,0,0,0,0,3,3,11,12,11,13,10,14,10,15,10,16,10,16,10,17,10,17,10,18,10,18,10,18,10,18,10,19,10,19,10,19,10,19,10,18,11,18,11,18,11,17,12,17,12,17,13,17,13,16,14,16,14,16]"
CSI_DATA,98050,d8:b1:90:db:e8:90,-52,11,1,7,0,0,1,0,0,0,1,-95,0,4,0,1488069995,0,100,0,128,1,"[100,-64,5,0,-21,12,-21,12,-20,13,-19,13,-18,13,-18,14,-17,15,-17,16,-16,16,-16,16,-16,17,-16,17,-17,18,-17,18,-17,19,-17,18,-17,18,-18,17,-18,17,-19,17,-19,16,-20,16,-20,15,-21,14,-22,12,-6,3,0,0,0,0,0,0,0,0,0,0,0,0,0,0,0,0,0,0,-5,2,-19,9,-19,8,-20,7,-21,6,-21,6,-22,5,-23,5,-23,5,-24,4,-24,4,-24,4,-24,4,-24,4,-24,4,-24,4,-24,5,-24,5,-24,6,-23,6,-23,7,-23,8,-23,9,-23,9,-22,10,-22,10,-22,11]"
CSI_DATA,98051,d8:b1:90:db:e8:90,-52,11,1,7,0,0,1,0,0,0,1,-95,0,4,0,1488081400,0,100,0,128,1,"[100,-64,5,0,-3,24,-2,23,-1,23,0,23,0,23,1,23,2,23,3,23,3,23,4,23,4,23,5,24,5,24,5,25,5,25,4,25,4,26,3,26,2,26,1,26,0,25,-1,25,-2,25,-4,25,-5,25,-2,6,0,0,0,0,0,0,0,0,0,0,0,0,0,0,0,0,0,0,-1,4,-3,19,-4,20,-6,20,-6,20,-7,20,-8,20,-8,21,-8,21,-9,22,-9,22,-9,22,-9,22,-9,22,-9,22,-9,23,-9,23,-9,23,-9,23,-8,23,-7,23,-7,23,-6,23,-5,23,-5,23,-4,24,-4,24]"
CSI_DATA,98052,d8:b1:90:db:e8:90,-52,11,1,7,0,0,1,0,0,0,1,-95,0,4,0,1488104185,0,100,0,128,1,"[100,-64,5,0,-18,14,-18,14,-17,15,-16,15,-16,16,-15,17,-14,17,-14,18,-13,18,-13,19,-13,19,-13,19,-13,20,-13,21,-13,21,-14,21,-14,20,-14,20,-15,20,-15,19,-16,19,-17,18,-18,17,-19,16,-20,15,-5,3,0,0,0,0,0,0,0,0,0,0,0,0,0,0,0,0,0,0,-4,3,-16,12,-17,11,-18,11,-19,10,-19,10,-20,10,-21,10,-21,9,-21,9,-22,9,-23,9,-23,9,-23,9,-23,9,-23,9,-23,10,-22,10,-22,11,-22,11,-21,11,-21,12,-20,13,-20,13,-21,13,-20,14,-20,14]"
CSI_DATA,98053,d8:b1:90:db:e8:90,-51,11,1,7,0,0,1,0,0,0,1,-95,0,4,0,1488114499,0,100,0,128,1,"[100,-64,5,0,-3,-22,-3,-22,-3,-21,-4,-21,-5,-21,-6,-21,-7,-21,-7,-20,-8,-21,-9,-21,-10,-21,-10,-21,-10,-21,-10,-22,-10,-22,-9,-22,-9,-22,-8,-23,-8,-23,-8,-23,-7,-23,-6,-23,-5,-23,-4,-24,-2,-24,-1,-6,0,0,0,0,0,0,0,0,0,0,0,0,0,0,0,0,0,0,-1,-5,-2,-19,-1,-19,0,-20,0,-21,1,-21,2,-21,2,-21,3,-22,3,-22,3,-23,4,-23,4,-23,4,-23,4,-23,4,-23,3,-23,3,-23,2,-23,2,-23,1,-23,1,-23,0,-23,0,-23,-1,-23,-1,-23,-1,-23]"
CSI_DATA,98054,d8:b1:90:db:e8:90,-51,11,1,7,0,0,1,0,0,0,1,-95,0,4,0,1488131858,0,100,0,128,1,"[100,-64,5,0,23,-9,22,-10,21,-10,20,-11,20,-12,19,-13,19,-14,18,-14,18,-15,18,-16,18,-16,18,-17,18,-17,18,-18,19,-18,20,-17,20,-17,20,-16,20,-16,20,-15,21,-15,21,-14,22,-13,23,-12,23,-10,5,-3,0,0,0,0,0,0,0,0,0,0,0,0,0,0,0,0,0,0,4,-2,19,-7,20,-6,21,-6,21,-5,22,-4,23,-4,23,-4,24,-4,24,-3,25,-3,25,-3,25,-2,25,-2,25,-3,25,-3,25,-3,25,-4,25,-4,24,-4,24,-5,24,-6,24,-6,24,-7,24,-7,24,-8,24,-8]"
CSI_DATA,98055,d8:b1:90:db:e8:90,-51,11,1,7,0,0,1,0,0,0,1,-95,0,4,0,1488158325,0,100,0,128,1,"[100,-64,5,0,-1,25,-1,24,0,24,1,23,2,23,3,23,3,23,4,22,4,22,5,22,6,22,6,23,6,24,6,24,6,24,6,25,5,25,5,25,4,25,3,25,3,25,2,25,1,25,0,25,-2,26,-1,6,0,0,0,0,0,0,0,0,0,0,0,0,0,0,0,0,0,0,-1,5,-2,20,-3,21,-4,21,-5,21,-6,22,-6,22,-7,23,-8,23,-8,24,-9,24,-9,24,-9,25,-9,25,-9,25,-9,24,-8,24,-8,24,-8,24,-6,24,-6,24,-5,25,-5,25,-4,25,-4,26,-3,26,-3,26]"
CSI_DATA,98056,d8:b1:90:db:e8:90,-52,11,1,7,0,0,1,0,0,0,1,-95,0,4,0,1488170081,0,100,0,128,1,"[100,-64,5,0,-14,16,-13,16,-13,16,-12,16,-11,16,-10,17,-10,17,-9,17,-9,18,-8,18,-8,19,-8,19,-8,19,-8,20,-8,20,-9,20,-9,20,-10,20,-10,20,-10,19,-11,18,-11,18,-12,17,-13,17,-14,16,-4,4,0,0,0,0,0,0,0,0,0,0,0,0,0,0,0,0,0,0,-3,3,-11,14,-12,13,-13,13,-14,13,-15,13,-15,13,-16,13,-17,13,-17,13,-18,13,-18,13,-18,13,-18,13,-18,13,-18,13,-18,13,-18,13,-18,14,-17,14,-17,14,-17,14,-16,15,-16,16,-16,16,-15,16,-15,16]"
CSI_DATA,98057,d8:b1:90:db:e8:90,-52,11,1,7,0,0,1,0,0,0,1,-95,0,4,0,1488180287,0,100,0,128,1,"[100,-64,5,0,14,19,15,18,15,17,16,16,16,15,16,14,17,14,17,14,18,13,18,13,19,13,19,13,19,12,20,12,20,13,20,13,20,14,20,14,19,14,19,15,18,15,18,16,17,16,15,17,14,18,3,4,0,0,0,0,0,0,0,0,0,0,0,0,0,0,0,0,0,0,3,3,12,15,12,16,11,18,10,19,10,19,10,20,10,20,10,21,9,22,9,23,9,23,9,23,9,24,9,23,9,23,10,23,10,23,10,23,11,22,12,22,12,22,13,21,13,21,14,21,14,21,14,20]"
CSI_DATA,98058,d8:b1:90:db:e8:90,-52,11,1,7,0,0,1,0,0,0,1,-95,0,4,0,1488206630,0,100,0,128,1,"[100,-64,5,0,-22,-12,-22,-12,-21,-11,-21,-10,-21,-10,-22,-9,-22,-8,-22,-7,-22,-6,-22,-6,-23,-5,-23,-5,-24,-5,-24,-5,-24,-5,-24,-6,-24,-6,-24,-6,-23,-7,-23,-7,-23,-7,-23,-8,-22,-9,-21,-10,-21,-11,-5,-3,0,0,0,0,0,0,0,0,0,0,0,0,0,0,0,0,0,0,-5,-3,-19,-9,-18,-11,-17,-13,-17,-14,-17,-14,-17,-15,-18,-16,-18,-16,-18,-17,-18,-17,-18,-18,-18,-18,-18,-18,-18,-18,-18,-18,-18,-17,-18,-17,-19,-17,-19,-17,-20,-16,-20,-16,-20,-16,-21,-15,-21,-14,-21,-14,-21,-14]"
CSI_DATA,98059,d8:b1:90:db:e8:90,-51,11,1,7,0,0,1,0,0,0,1,-95,0,4,0,1488218560,0,100,0,128,1,"[100,-64,5,0,-8,-25,-8,-24,-8,-23,-9,-22,-10,-21,-10,-21,-11,-20,-11,-20,-12,-20,-13,-20,-13,-20,-14,-20,-14,-20,-14,-21,-14,-21,-14,-21,-14,-22,-13,-22,-12,-22,-11,-22,-11,-22,-10,-22,-9,-23,-8,-24,-7,-24,-2,-7,0,0,0,0,0,0,0,0,0,0,0,0,0,0,0,0,0,0,-2,-6,-6,-21,-5,-22,-5,-23,-4,-23,-3,-24,-3,-24,-2,-25,-2,-25,-2,-26,-1,-26,-1,-26,-1,-26,-1,-26,-1,-27,-2,-27,-2,-27,-3,-26,-3,-27,-4,-26,-4,-26,-5,-26,-5,-26,-6,-26,-6,-25,-7,-26,-7,-26]"
CSI_DATA,98060,d8:b1:90:db:e8:90,-52,11,1,7,0,0,1,0,0,0,1,-95,0,4,0,1488237368,0,100,0,128,1,"[100,-64,5,0,12,-22,11,-21,10,-21,9,-21,9,-21,8,-21,7,-21,6,-22,6,-22,5,-22,4,-23,4,-23,4,-24,4,-24,5,-24,5,-24,5,-24,6,-24,6,-23,7,-23,8,-23,8,-22,9,-22,10,-22,11,-21,2,-6,0,0,0,0,0,0,0,0,0,0,0,0,0,0,0,0,0,0,2,-5,11,-19,12,-18,13,-18,14,-18,15,-18,15,-18,16,-18,17,-18,18,-18,18,-18,18,-18,18,-18,18,-18,18,-18,18,-18,18,-18,18,-18,18,-19,17,-19,17,-20,16,-20,16,-20,15,-21,15,-21,14,-22,14,-22]"
CSI_DATA,98061,d8:b1:90:db:e8:90,-52,11,1,7,0,0,1,0,0,0,1,-95,0,4,0,1488249450,0,100,0,128,1,"[100,-64,5,0,-21,-14,-21,-13,-21,-12,-21,-11,-21,-11,-22,-10,-22,-9,-22,-8,-22,-7,-22,-7,-23,-7,-23,-7,-24,-7,-24,-7,-24,-7,-24,-7,-24,-7,-23,-8,-23,-8,-23,-9,-22,-9,-22,-10,-21,-11,-21,-12,-21,-14,-5,-4,0,0,0,0,0,0,0,0,0,0,0,0,0,0,0,0,0,0,-5,-3,-18,-12,-18,-13,-17,-14,-17,-15,-17,-16,-17,-16,-17,-16,-17,-17,-18,-18,-17,-19,-17,-19,-17,-20,-18,-20,-18,-20,-18,-20,-18,-19,-18,-19,-19,-19,-19,-18,-19,-17,-20,-17,-20,-17,-20,-16,-20,-15,-21,-15,-21,-15]"
CSI_DATA,98062,d8:b1:90:db:e8:90,-51,11,1,7,0,0,1,0,0,0,1,-95,0,4,0,1488260770,0,100,0,128,1,"[100,-64,5,0,-24,7,-24,8,-23,8,-22,8,-22,9,-21,9,-21,10,-20,11,-20,11,-20,12,-20,12,-20,13,-21,13,-21,13,-21,13,-21,13,-21,13,-21,12,-21,11,-21,11,-22,10,-22,9,-22,9,-22,8,-22,7,-6,1,0,0,0,0,0,0,0,0,0,0,0,0,0,0,0,0,0,0,-6,1,-21,7,-22,6,-22,4,-23,3,-23,3,-24,2,-24,2,-25,2,-26,2,-26,1,-27,1,-27,0,-27,0,-27,0,-27,0,-27,1,-27,1,-27,2,-26,2,-26,3,-26,4,-26,4,-26,5,-25,5,-25,6,-25,6]"
CSI_DATA,98063,d8:b1:90:db:e8:90,-52,11,1,7,0,0,1,0,0,0,1,-95,0,4,0,1488271175,0,100,0,128,1,"[100,-64,5,0,20,-15,19,-15,18,-15,18,-15,17,-16,16,-16,16,-16,15,-17,14,-18,14,-18,14,-18,14,-19,15,-19,15,-19,15,-19,15,-19,15,-19,15,-19,15,-18,16,-18,16,-17,16,-16,17,-15,18,-15,18,-14,4,-4,0,0,0,0,0,0,0,0,0,0,0,0,0,0,0,0,0,0,4,-4,17,-13,17,-12,18,-12,19,-11,20,-10,21,-10,21,-10,22,-10,23,-10,23,-10,24,-10,24,-10,24,-9,24,-9,24,-9,24,-10,24,-10,24,-10,23,-11,23,-11,23,-12,22,-12,22,-13,21,-13,21,-14,21,-15]"
CSI_DATA,98064,d8:b1:90:db:e8:90,-52,11,1,7,0,0,1,0,0,0,1,-95,0,4,0,1488281910,0,100,0,128,1,"[100,-64,5,0,20,13,20,12,20,12,20,11,20,10,20,9,20,8,20,8,20,7,21,7,21,7,21,6,22,6,22,6,22,6,22,7,22,7,22,7,22,8,21,8,21,8,21,9,20,11,19,12,19,13,4,3,0,0,0,0,0,0,0,0,0,0,0,0,0,0,0,0,0,0,4,2,18,10,18,12,17,13,17,14,17,14,17,15,18,15,18,15,18,16,18,17,17,18,17,19,17,19,17,19,17,19,17,18,17,18,17,18,18,18,19,17,20,17,20,16,20,16,20,16,20,15,20,15]"
CSI_DATA,98065,d8:b1:90:db:e8:90,-52,11,1,7,0,0,1,0,0,0,1,-95,0,4,0,1488306103,0,100,0,128,1,"[100,-64,5,0,10,23,10,22,10,21,11,20,11,20,12,19,12,18,12,18,12,17,13,17,14,17,14,17,15,17,15,17,15,18,14,18,14,18,14,18,13,19,13,19,12,19,11,19,10,20,9,20,8,21,2,5,0,0,0,0,0,0,0,0,0,0,0,0,0,0,0,0,0,0,2,4,9,17,8,18,8,19,7,20,6,20,6,21,6,22,6,22,6,23,5,24,4,25,4,25,4,25,4,25,4,24,4,24,5,24,5,24,6,24,7,24,8,24,8,24,8,23,8,23,8,23,9,23]"
CSI_DATA,98066,d8:b1:90:db:e8:90,-51,11,1,7,0,0,1,0,0,0,1,-95,0,4,0,1488317046,0,100,0,128,1,"[100,-64,5,0,0,25,1,24,1,24,2,23,3,23,4,23,5,22,5,21,5,21,6,21,6,21,7,21,7,22,8,22,7,22,7,22,7,22,7,22,6,22,6,23,5,22,5,22,4,22,2,23,1,23,0,5,0,0,0,0,0,0,0,0,0,0,0,0,0,0,0,0,0,0,0,5,1,21,0,22,-1,22,-2,22,-3,23,-3,23,-4,23,-4,24,-5,24,-5,25,-5,26,-5,26,-6,26,-6,26,-6,25,-6,25,-6,25,-6,25,-5,25,-5,25,-4,26,-3,26,-3,26,-2,26,-2,26,-1,26]"
CSI_DATA,98067,d8:b1:90:db:e8:90,-52,11,1,7,0,0,1,0,0,0,1,-95,0,4,0,1488344622,0,100,0,128,1,"[100,-64,5,0,-26,1,-25,1,-24,2,-24,3,-24,3,-23,4,-22,5,-22,5,-21,6,-21,6,-22,7,-22,8,-22,8,-22,8,-23,8,-23,8,-23,8,-23,7,-23,7,-23,6,-23,6,-23,5,-23,4,-23,3,-23,2,-6,0,0,0,0,0,0,0,0,0,0,0,0,0,0,0,0,0,0,0,-6,0,-22,2,-22,1,-22,-1,-23,-1,-23,-2,-24,-3,-24,-3,-24,-3,-24,-4,-25,-4,-25,-4,-26,-4,-26,-4,-26,-5,-25,-5,-25,-5,-25,-4,-25,-4,-26,-4,-26,-4,-26,-3,-26,-3,-26,-2,-27,-1,-27,-1,-27,0]"
CSI_DATA,98068,d8:b1:90:db:e8:90,-52,11,1,7,0,0,1,0,0,0,1,-95,0,4,0,1488369430,0,100,0,128,1,"[100,-64,5,0,24,0,23,0,23,-1,22,-2,22,-3,22,-3,21,-4,21,-5,20,-5,20,-6,21,-6,21,-7,21,-7,22,-7,22,-7,22,-6,22,-6,22,-6,22,-5,22,-5,22,-4,22,-3,22,-2,22,-1,22,0,5,0,0,0,0,0,0,0,0,0,0,0,0,0,0,0,0,0,0,0,5,-1,20,-2,20,-1,21,0,21,1,22,2,22,2,23,3,23,4,24,4,24,5,24,5,24,5,24,5,24,5,24,5,24,4,24,4,24,4,24,4,24,3,24,3,25,2,25,2,24,1,25,1,25,1]"
CSI_DATA,98069,d8:b1:90:db:e8:90,-52,11,1,7,0,0,1,0,0,0,1,-95,0,4,0,1488381146,0,100,0,128,1,"[100,-64,5,0,10,22,10,21,10,20,11,20,11,19,12,18,12,18,13,17,13,17,14,16,14,16,15,16,15,17,16,17,16,17,15,18,15,18,14,18,13,18,13,19,12,19,11,19,10,19,9,20,8,21,1,5,0,0,0,0,0,0,0,0,0,0,0,0,0,0,0,0,0,0,2,4,8,18,7,19,6,20,6,20,5,21,5,22,5,22,4,23,4,24,4,25,3,25,3,25,3,25,3,25,3,25,4,25,4,24,5,24,5,24,6,24,7,24,7,24,7,24,7,24,8,24,9,23]"
CSI_DATA,98070,d8:b1:90:db:e8:90,-52,11,1,7,0,0,1,0,0,0,1,-95,0,4,0,1488408840,0,100,0,128,1,"[100,-64,5,0,-17,19,-16,19,-15,19,-14,19,-13,19,-13,19,-12,19,-11,19,-10,19,-9,20,-9,20,-9,20,-9,21,-9,21,-9,22,-10,22,-10,22,-10,21,-11,21,-11,20,-11,20,-12,19,-13,19,-14,19,-15,18,-4,4,0,0,0,0,0,0,0,0,0,0,0,0,0,0,0,0,0,0,-3,3,-12,15,-13,14,-15,14,-16,13,-17,13,-18,13,-19,13,-19,13,-20,14,-21,14,-21,13,-21,13,-21,13,-21,13,-21,13,-21,14,-21,14,-21,15,-20,15,-20,16,-20,16,-19,17,-19,17,-18,17,-18,18,-18,18]"
CSI_DATA,98071,d8:b1:90:db:e8:90,-52,11,1,7,0,0,1,0,0,0,1,-95,0,4,0,1488420853,0,100,0,128,1,"[100,-64,5,0,-19,12,-18,12,-17,12,-17,12,-16,12,-16,13,-15,13,-14,13,-14,13,-13,14,-13,14,-14,15,-14,15,-14,15,-14,15,-14,16,-15,15,-15,15,-15,15,-15,14,-16,14,-16,13,-16,13,-17,12,-18,11,-5,2,0,0,0,0,0,0,0,0,0,0,0,0,0,0,0,0,0,0,-4,2,-15,10,-16,9,-17,8,-17,8,-18,8,-19,8,-20,8,-20,8,-21,7,-22,7,-22,7,-22,7,-22,7,-22,7,-22,7,-21,7,-21,7,-21,8,-21,8,-21,9,-21,9,-20,10,-20,10,-20,10,-20,11,-20,11]"
CSI_DATA,98072,d8:b1:90:db:e8:90,-51,11,1,7,0,0,1,0,0,0,1,-95,0,4,0,1488437807,0,100,0,128,1,"[100,-64,5,0,13,18,13,17,13,16,13,16,14,15,14,14,15,14,14,13,14,12,15,12,16,12,16,12,17,12,17,12,17,13,17,13,17,13,16,14,16,14,16,14,15,14,14,14,14,15,13,16,12,17,3,4,0,0,0,0,0,0,0,0,0,0,0,0,0,0,0,0,0,0,2,3,11,13,10,15,10,15,9,16,9,17,9,18,9,18,9,19,9,20,9,20,9,20,8,20,8,21,8,21,8,21,8,20,9,20,9,20,10,20,10,20,11,19,11,19,12,19,12,19,13,19,13,19]"
CSI_DATA,98073,d8:b1:90:db:e8:90,-52,11,1,7,0,0,1,0,0,0,1,-95,0,4,0,1488450262,0,100,0,128,1,"[100,-64,5,0,-23,-10,-23,-9,-23,-9,-23,-8,-23,-7,-23,-6,-22,-5,-22,-4,-22,-4,-22,-3,-23,-3,-24,-3,-24,-2,-24,-2,-24,-2,-24,-2,-24,-2,-24,-3,-24,-3,-24,-4,-23,-4,-23,-5,-23,-6,-22,-8,-21,-9,-6,-3,0,0,0,0,0,0,0,0,0,0,0,0,0,0,0,0,0,0,-5,-2,-20,-7,-20,-8,-19,-10,-20,-11,-20,-11,-20,-12,-20,-12,-20,-13,-20,-14,-20,-15,-20,-16,-20,-16,-20,-17,-20,-17,-20,-16,-21,-16,-21,-15,-21,-15,-21,-15,-22,-14,-22,-13,-22,-13,-22,-13,-22,-12,-23,-12,-23,-11]"
CSI_DATA,98074,d8:b1:90:db:e8:90,-52,11,1,7,0,0,1,0,0,0,1,-95,0,4,0,1488462940,0,100,0,128,1,"[100,-64,5,0,3,23,3,22,4,22,5,22,6,22,7,21,7,21,7,20,7,20,7,20,8,20,10,21,10,21,11,21,10,21,8,20,7,20,6,21,6,21,7,21,7,21,7,21,6,21,3,22,0,22,0,5,0,0,0,0,0,0,0,0,0,0,0,0,0,0,0,0,0,0,-1,4,-1,19,-2,19,-3,20,-4,20,-5,20,-6,21,-7,21,-8,21,-9,22,-9,22,-8,23,-8,23,-8,23,-9,23,-8,24,-8,24,-8,25,-7,24,-6,24,-6,23,-6,24,-5,24,-4,25,-4,26,-3,25,-2,24]"
CSI_DATA,98075,d8:b1:90:db:e8:90,-51,11,1,7,0,0,1,0,0,0,1,-95,0,4,0,1488474630,0,100,0,128,1,"[100,-64,5,0,0,-25,0,-25,-1,-25,-2,-25,-3,-25,-4,-25,-5,-24,-4,-24,-4,-24,-5,-24,-6,-24,-8,-25,-9,-25,-9,-25,-8,-25,-6,-25,-5,-24,-4,-24,-4,-24,-5,-25,-5,-25,-5,-25,-3,-25,0,-25,3,-24,0,-6,0,0,0,0,0,0,0,0,0,0,0,0,0,0,0,0,0,0,1,-6,4,-21,5,-21,6,-21,7,-21,8,-21,9,-21,11,-21,12,-21,12,-22,13,-22,12,-23,12,-23,12,-23,12,-24,12,-24,12,-25,12,-25,11,-25,10,-25,9,-25,9,-25,8,-25,8,-26,8,-27,7,-27,6,-26]"
CSI_DATA,98076,d8:b1:90:db:e8:90,-52,11,1,7,0,0,1,0,0,0,1,-95,0,4,0,1488484636,0,100,0,128,1,"[100,-64,5,0,16,-19,15,-19,15,-19,14,-19,13,-19,12,-19,12,-19,11,-20,10,-21,10,-21,9,-22,9,-22,9,-22,9,-23,9,-23,10,-23,11,-22,11,-22,11,-22,12,-21,12,-20,13,-19,13,-19,14,-19,15,-18,4,-5,0,0,0,0,0,0,0,0,0,0,0,0,0,0,0,0,0,0,3,-4,12,-16,13,-16,14,-15,15,-15,16,-15,17,-15,18,-15,19,-15,20,-15,20,-15,20,-15,20,-15,20,-14,20,-15,20,-15,20,-15,20,-16,20,-16,19,-16,19,-16,19,-17,18,-17,18,-18,17,-18,17,-18,17,-19]"
CSI_DATA,98077,d8:b1:90:db:e8:90,-52,11,1,7,0,0,1,0,0,0,1,-95,0,4,0,1488494852,0,100,0,128,1,"[100,-64,5,0,21,-13,20,-13,19,-14,19,-14,18,-14,17,-15,16,-15,16,-16,16,-17,15,-17,15,-18,15,-18,15,-19,15,-19,16,-19,16,-19,16,-19,16,-18,17,-17,17,-17,18,-16,18,-15,18,-14,19,-14,20,-13,5,-3,0,0,0,0,0,0,0,0,0,0,0,0,0,0,0,0,0,0,4,-3,17,-11,18,-11,18,-10,19,-9,20,-9,21,-8,21,-8,22,-8,23,-8,23,-8,23,-7,23,-7,23,-7,23,-7,23,-8,24,-8,24,-9,23,-9,23,-9,23,-10,23,-10,23,-11,22,-11,22,-12,22,-12,22,-13]"
CSI_DATA,98078,d8:b1:90:db:e8:90,-52,11,1,7,0,0,1,0,0,0,1,-95,0,4,0,1488511785,0,100,0,128,1,"[100,-64,5,0,21,8,21,8,20,7,19,6,19,5,19,4,19,3,19,3,20,2,20,2,20,1,20,1,20,1,20,1,21,2,21,2,21,2,21,2,21,3,21,3,21,4,21,5,20,6,20,7,19,8,4,2,0,0,0,0,0,0,0,0,0,0,0,0,0,0,0,0,0,0,4,0,16,4,16,5,16,6,16,7,16,7,17,8,17,9,17,9,18,10,18,11,19,10,19,10,19,10,19,11,18,11,18,11,18,11,19,10,20,9,20,9,21,9,20,9,19,8,18,8,19,8,21,9]"
CSI_DATA,98079,d8:b1:90:db:e8:90,-52,11,1,7,0,0,1,0,0,0,1,-95,0,4,0,1488523766,0,100,0,128,1,"[100,-64,5,0,-18,17,-17,18,-16,18,-16,18,-15,18,-14,18,-13,18,-12,19,-12,19,-12,20,-11,20,-11,20,-11,21,-11,21,-11,21,-11,21,-12,21,-12,21,-12,20,-13,20,-14,20,-15,19,-15,18,-16,17,-17,16,-5,4,0,0,0,0,0,0,0,0,0,0,0,0,0,0,0,0,0,0,-4,3,-14,14,-15,14,-16,13,-16,13,-17,12,-18,13,-18,13,-19,13,-20,13,-21,13,-21,12,-22,12,-22,13,-22,13,-21,13,-21,13,-21,13,-21,14,-21,14,-20,15,-20,15,-20,16,-19,16,-19,16,-19,17,-19,17]"
CSI_DATA,98080,d8:b1:90:db:e8:90,-51,11,1,7,0,0,1,0,0,0,1,-95,0,4,0,1488540467,0,100,0,128,1,"[100,-64,5,0,17,18,17,17,17,17,18,16,18,15,18,14,19,13,19,13,19,12,19,11,20,11,21,11,21,11,21,11,21,11,21,12,21,12,21,12,21,12,20,13,20,14,19,15,18,15,17,16,16,18,4,4,0,0,0,0,0,0,0,0,0,0,0,0,0,0,0,0,0,0,3,3,15,14,14,15,13,15,13,16,12,17,12,18,12,19,13,19,13,20,12,21,12,21,13,22,12,22,12,22,12,22,12,21,13,21,13,21,14,21,14,21,15,21,16,20,16,20,16,20,17,19,17,19]"
CSI_DATA,98081,d8:b1:90:db:e8:90,-51,11,1,7,0,0,1,0,0,0,1,-95,0,4,0,1488557166,0,100,0,128,1,"[100,-64,5,0,12,-20,11,-20,10,-20,9,-20,9,-20,8,-20,7,-20,6,-21,6,-21,5,-21,5,-22,4,-22,4,-22,4,-23,4,-23,5,-23,5,-24,5,-24,5,-23,5,-24,6,-23,6,-23,8,-23,9,-22,10,-21,2,-5,0,0,0,0,0,0,0,0,0,0,0,0,0,0,0,0,0,0,2,-4,10,-16,11,-16,12,-15,13,-15,14,-15,14,-15,15,-16,16,-16,16,-16,17,-16,17,-16,18,-16,18,-16,18,-16,17,-15,17,-15,17,-16,16,-16,16,-17,15,-17,15,-18,15,-18,15,-19,14,-19,14,-19,14,-20]"
CSI_DATA,98082,d8:b1:90:db:e8:90,-52,11,1,7,0,0,1,0,0,0,1,-95,0,4,0,1488570917,0,100,0,128,1,"[100,-64,5,0,-25,-6,-25,-6,-25,-5,-24,-4,-23,-3,-23,-2,-23,-1,-23,0,-23,0,-23,1,-24,2,-24,2,-24,2,-25,3,-25,2,-25,2,-25,2,-25,1,-25,0,-25,-1,-25,-1,-25,-2,-24,-3,-24,-4,-24,-5,-6,-2,0,0,0,0,0,0,0,0,0,0,0,0,0,0,0,0,0,0,-6,-1,-21,-5,-20,-6,-20,-7,-20,-8,-21,-8,-21,-9,-22,-9,-22,-10,-22,-11,-22,-11,-23,-12,-23,-12,-23,-13,-23,-13,-23,-12,-23,-12,-23,-11,-23,-11,-24,-11,-24,-10,-24,-9,-24,-9,-24,-8,-24,-8,-24,-8,-24,-7]"
CSI_DATA,98083,d8:b1:90:db:e8:90,-51,11,1,7,0,0,1,0,0,0,1,-95,0,4,0,1488581405,0,100,0,128,1,"[100,-64,5,0,20,-11,19,-12,19,-12,18,-12,17,-13,17,-13,16,-14,15,-14,15,-15,14,-15,14,-16,14,-16,14,-16,15,-17,15,-17,15,-17,15,-16,15,-16,16,-15,16,-15,17,-14,17,-13,17,-13,18,-12,18,-11,4,-3,0,0,0,0,0,0,0,0,0,0,0,0,0,0,0,0,0,0,3,-3,15,-9,16,-8,16,-8,17,-7,18,-7,19,-6,19,-6,20,-6,20,-6,21,-6,21,-5,21,-5,21,-5,21,-5,21,-5,21,-6,21,-6,21,-7,22,-7,21,-8,21,-8,21,-8,21,-9,21,-9,21,-10,21,-10]"
CSI_DATA,98084,d8:b1:90:db:e8:90,-51,11,1,7,0,0,1,0,0,0,1,-95,0,4,0,1488593246,0,100,0,128,1,"[100,-64,5,0,24,-5,24,-5,23,-5,23,-6,22,-6,22,-8,21,-9,21,-9,21,-10,21,-11,21,-11,20,-12,21,-12,21,-13,22,-13,22,-13,23,-13,23,-12,23,-12,23,-11,23,-10,24,-9,24,-8,24,-6,23,-5,5,-1,0,0,0,0,0,0,0,0,0,0,0,0,0,0,0,0,0,0,5,-1,20,-4,20,-3,21,-3,21,-2,22,-2,23,-1,23,-1,24,-1,24,0,25,1,25,1,25,2,25,2,25,2,25,2,26,2,26,2,26,1,25,1,25,0,25,-1,25,-2,25,-2,25,-2,25,-3,25,-4]"
CSI_DATA,98085,d8:b1:90:db:e8:90,-51,11,1,7,0,0,1,0,0,0,1,-95,0,4,0,1488612699,0,100,0,128,1,"[100,-64,5,0,21,12,21,11,21,10,21,9,21,8,21,7,21,6,22,5,22,5,22,4,23,4,23,3,24,3,24,3,25,3,25,4,25,4,25,4,25,5,25,6,25,6,24,7,24,8,23,10,22,11,5,3,0,0,0,0,0,0,0,0,0,0,0,0,0,0,0,0,0,0,4,2,18,10,18,11,18,11,17,12,18,13,18,14,18,14,18,15,19,16,19,17,19,17,19,18,18,18,18,18,18,18,18,17,19,17,19,17,19,16,20,15,20,15,21,15,21,14,21,14,21,14,21,13]"
CSI_DATA,98086,d8:b1:90:db:e8:90,-51,11,1,7,0,0,1,0,0,0,1,-95,0,4,0,1488625557,0,100,0,128,1,"[100,-64,5,0,20,-10,19,-10,19,-11,18,-11,18,-12,17,-12,17,-13,16,-13,16,-14,15,-14,16,-15,16,-15,16,-16,16,-16,16,-16,17,-16,17,-16,17,-15,17,-15,18,-14,18,-14,19,-13,19,-12,20,-10,20,-9,5,-2,0,0,0,0,0,0,0,0,0,0,0,0,0,0,0,0,0,0,3,-3,15,-9,16,-9,17,-8,17,-8,18,-7,19,-7,20,-7,20,-6,21,-6,21,-5,21,-5,22,-5,22,-5,22,-5,22,-5,22,-6,22,-6,22,-6,22,-7,22,-7,21,-7,21,-8,21,-8,21,-9,21,-9,21,-9]"
CSI_DATA,98087,d8:b1:90:db:e8:90,-51,11,1,7,0,0,1,0,0,0,1,-95,0,4,0,1488636504,0,100,0,128,1,"[100,-64,5,0,22,10,21,10,21,9,21,8,21,7,22,6,22,5,22,4,22,3,22,3,23,3,23,2,23,2,24,2,24,2,24,2,24,3,24,3,25,4,25,4,24,5,23,6,22,7,22,9,21,10,5,2,0,0,0,0,0,0,0,0,0,0,0,0,0,0,0,0,0,0,4,2,18,8,18,9,18,10,18,11,18,12,18,13,18,14,18,14,19,15,19,16,19,16,18,17,18,17,19,17,19,17,20,16,20,16,20,15,20,15,21,14,21,14,21,13,21,13,21,13,22,12,22,12]"
CSI_DATA,98088,d8:b1:90:db:e8:90,-52,11,1,7,0,0,1,0,0,0,1,-95,0,4,0,1488651003,0,100,0,128,1,"[100,-64,5,0,-14,19,-13,20,-12,20,-11,19,-10,19,-9,20,-8,20,-8,20,-7,20,-6,21,-6,21,-6,22,-6,22,-6,23,-6,24,-7,24,-7,24,-8,24,-8,23,-9,23,-9,23,-10,23,-11,22,-12,22,-13,22,-4,5,0,0,0,0,0,0,0,0,0,0,0,0,0,0,0,0,0,0,-3,4,-12,17,-13,17,-14,16,-15,16,-16,16,-16,16,-17,16,-18,17,-18,17,-19,17,-20,17,-20,17,-20,17,-20,17,-20,16,-19,17,-19,17,-19,17,-18,17,-18,18,-17,18,-17,18,-17,19,-16,19,-16,19,-16,19]"
CSI_DATA,98089,d8:b1:90:db:e8:90,-52,11,1,7,0,0,1,0,0,0,1,-95,0,4,0,1488665726,0,100,0,128,1,"[100,-64,5,0,11,-22,11,-21,10,-21,8,-21,7,-21,7,-21,6,-21,5,-22,4,-22,3,-23,3,-23,3,-24,3,-24,3,-25,3,-25,3,-25,3,-25,4,-25,4,-25,5,-25,5,-24,6,-24,7,-24,9,-24,10,-23,2,-6,0,0,0,0,0,0,0,0,0,0,0,0,0,0,0,0,0,0,2,-5,9,-19,10,-18,11,-18,12,-18,13,-18,14,-18,15,-18,16,-18,16,-18,16,-18,17,-18,17,-18,17,-18,17,-18,17,-18,16,-18,16,-19,16,-19,15,-19,15,-19,15,-20,14,-20,13,-20,13,-20,13,-21,13,-21]"
CSI_DATA,98090,d8:b1:90:db:e8:90,-52,11,1,7,0,0,1,0,0,0,1,-95,0,4,0,1488677582,0,100,0,128,1,"[100,-64,5,0,-8,20,-7,20,-6,20,-5,19,-4,19,-3,19,-2,19,-2,19,-1,19,0,19,0,20,0,21,0,21,0,21,1,21,0,22,0,22,-1,22,-1,22,-2,22,-2,21,-3,21,-4,21,-5,21,-7,21,-2,5,0,0,0,0,0,0,0,0,0,0,0,0,0,0,0,0,0,0,-2,4,-5,17,-6,17,-7,17,-8,17,-9,18,-10,18,-10,18,-11,19,-11,19,-12,19,-13,19,-13,18,-13,18,-13,19,-12,19,-12,19,-12,19,-12,19,-11,19,-11,20,-10,20,-10,20,-9,20,-9,20,-8,20,-8,20]"
CSI_DATA,98091,d8:b1:90:db:e8:90,-52,11,1,7,0,0,1,0,0,0,1,-95,0,4,0,1488690152,0,100,0,128,1,"[100,-64,5,0,-23,8,-22,8,-22,9,-21,10,-21,10,-20,11,-19,12,-19,13,-18,14,-18,14,-18,15,-18,15,-18,16,-18,16,-18,16,-19,16,-19,16,-19,16,-20,15,-20,15,-21,14,-21,13,-22,12,-22,11,-22,10,-6,2,0,0,0,0,0,0,0,0,0,0,0,0,0,0,0,0,0,0,-5,2,-19,8,-20,7,-21,6,-22,6,-22,5,-23,5,-23,4,-24,4,-24,3,-25,3,-26,3,-26,2,-26,2,-26,2,-25,2,-25,3,-25,3,-25,3,-25,4,-25,4,-25,5,-25,6,-24,6,-24,6,-24,6,-24,7]"
CSI_DATA,98092,d8:b1:90:db:e8:90,-52,11,1,7,0,0,1,0,0,0,1,-95,0,4,0,1488720395,0,100,0,128,1,"[100,-64,5,0,16,17,16,15,17,15,17,14,17,13,17,12,18,11,19,10,19,10,20,9,21,9,21,8,21,8,22,8,22,9,22,9,22,10,22,10,22,11,21,11,21,12,21,12,20,13,19,15,18,16,4,4,0,0,0,0,0,0,0,0,0,0,0,0,0,0,0,0,0,0,3,3,15,14,14,15,14,16,13,17,13,18,13,18,13,19,12,20,12,21,12,21,12,22,12,22,12,22,12,22,12,22,13,22,13,21,13,21,14,20,14,20,14,20,15,19,15,19,15,19,16,18,16,18]"
CSI_DATA,98093,d8:b1:90:db:e8:90,-52,11,1,7,0,0,1,0,0,0,1,-95,0,4,0,1488731367,0,100,0,128,1,"[100,-64,5,0,18,-15,17,-15,16,-15,15,-16,14,-16,13,-17,13,-17,12,-18,12,-18,12,-19,11,-19,11,-20,11,-21,12,-21,12,-21,12,-21,12,-21,13,-21,13,-20,14,-20,14,-19,15,-18,16,-18,17,-17,19,-16,4,-4,0,0,0,0,0,0,0,0,0,0,0,0,0,0,0,0,0,0,3,-4,15,-14,16,-13,17,-12,18,-12,19,-11,19,-11,20,-11,20,-11,21,-11,21,-10,22,-10,22,-10,22,-9,22,-10,22,-10,22,-10,22,-11,22,-11,21,-11,21,-12,20,-12,20,-13,20,-13,20,-13,20,-13,20,-14]"
CSI_DATA,98094,d8:b1:90:db:e8:90,-52,11,1,7,0,0,1,0,0,0,1,-95,0,4,0,1488745053,0,100,0,128,1,"[100,-64,5,0,14,17,14,16,14,16,14,15,15,14,15,13,16,12,17,12,17,11,18,11,18,11,19,11,20,11,21,11,21,12,20,12,20,12,19,12,19,13,19,14,19,15,18,15,17,16,15,17,14,18,3,4,0,0,0,0,0,0,0,0,0,0,0,0,0,0,0,0,0,0,3,3,12,15,12,16,11,17,11,18,10,18,10,19,10,20,10,21,10,22,10,22,9,23,9,23,9,23,9,23,9,22,9,22,10,21,10,21,10,21,11,20,11,20,12,20,12,20,12,20,13,19,13,19]"
CSI_DATA,98095,d8:b1:90:db:e8:90,-52,11,1,7,0,0,1,0,0,0,1,-95,0,4,0,1488765324,0,100,0,128,1,"[100,-64,5,0,-22,-11,-22,-10,-21,-9,-21,-9,-22,-8,-22,-7,-22,-6,-22,-5,-22,-4,-22,-3,-23,-3,-24,-3,-24,-3,-24,-3,-25,-3,-25,-3,-26,-4,-25,-4,-25,-5,-25,-5,-25,-6,-24,-7,-24,-8,-23,-9,-23,-10,-6,-3,0,0,0,0,0,0,0,0,0,0,0,0,0,0,0,0,0,0,-5,-3,-19,-10,-19,-11,-19,-12,-19,-13,-19,-13,-19,-14,-19,-15,-19,-16,-19,-16,-19,-17,-19,-18,-19,-18,-19,-18,-19,-18,-18,-18,-18,-18,-18,-17,-18,-17,-19,-17,-19,-16,-20,-16,-20,-15,-20,-14,-21,-14,-21,-14,-21,-13]"
CSI_DATA,98096,d8:b1:90:db:e8:90,-52,11,1,7,0,0,1,0,0,0,1,-95,0,4,0,1488775560,0,100,0,128,1,"[100,-64,5,0,18,12,18,11,19,10,19,10,19,9,20,8,20,7,20,6,20,5,21,5,21,5,22,4,22,4,23,4,23,5,23,5,24,5,23,6,23,6,22,7,22,7,21,8,21,9,20,11,20,13,5,3,0,0,0,0,0,0,0,0,0,0,0,0,0,0,0,0,0,0,4,2,17,11,17,12,16,13,15,14,16,15,16,15,16,16,16,17,16,18,16,18,16,19,15,19,15,19,15,19,15,19,15,18,15,18,16,18,16,17,17,17,17,16,17,16,17,16,17,15,18,15,18,14]"
CSI_DATA,98097,d8:b1:90:db:e8:90,-52,11,1,7,0,0,1,0,0,0,1,-95,0,4,0,1488785949,0,100,0,128,1,"[100,-64,5,0,-1,24,0,24,1,24,2,23,3,23,5,22,6,22,6,22,7,22,7,22,8,22,9,22,9,23,10,23,10,24,10,25,9,25,9,25,8,25,7,25,7,24,6,24,4,25,3,26,1,27,0,6,0,0,0,0,0,0,0,0,0,0,0,0,0,0,0,0,0,0,-1,5,-2,23,-4,23,-5,23,-6,23,-6,23,-7,24,-7,24,-8,25,-8,25,-9,25,-10,25,-10,25,-10,25,-10,25,-10,25,-10,25,-9,25,-9,25,-8,25,-6,25,-5,25,-5,25,-5,25,-5,25,-4,25,-2,25]"
CSI_DATA,98098,d8:b1:90:db:e8:90,-52,11,1,7,0,0,1,0,0,0,1,-95,0,4,0,1488798621,0,100,0,128,1,"[100,-64,5,0,0,-23,0,-22,-1,-22,-2,-21,-3,-21,-4,-21,-5,-21,-5,-21,-6,-22,-7,-22,-8,-22,-8,-22,-8,-22,-8,-23,-8,-23,-7,-23,-7,-23,-6,-23,-6,-24,-5,-24,-5,-24,-4,-24,-3,-24,-1,-24,0,-24,0,-6,0,0,0,0,0,0,0,0,0,0,0,0,0,0,0,0,0,0,0,-6,4,-21,5,-21,6,-21,6,-22,7,-22,8,-22,8,-22,9,-22,9,-22,10,-22,10,-22,10,-22,10,-22,9,-23,9,-23,9,-23,9,-23,8,-23,7,-23,7,-23,6,-23,5,-24,4,-23,4,-23,3,-24,3,-23]"
CSI_DATA,98099,d8:b1:90:db:e8:90,-52,11,1,7,0,0,1,0,0,0,1,-95,0,4,0,1488819241,0,100,0,128,1,"[100,-64,5,0,11,16,11,16,12,15,12,14,13,14,13,13,14,12,14,12,15,12,15,11,16,11,17,11,17,11,17,11,18,12,18,12,18,13,17,13,16,14,16,14,16,14,15,14,15,15,14,16,13,17,3,4,0,0,0,0,0,0,0,0,0,0,0,0,0,0,0,0,0,0,2,4,8,16,8,17,7,18,6,19,6,19,6,20,5,20,5,21,5,21,5,22,4,22,4,22,4,22,4,22,5,22,5,21,5,21,6,21,6,20,7,20,7,20,8,20,8,19,9,19,10,19,10,18]"
CSI_DATA,98100,d8:b1:90:db:e8:90,-52,11,1,7,0,0,1,0,0,0,1,-95,0,4,0,1488830421,0,100,0,128,1,"[100,-64,5,0,4,-24,3,-24,2,-24,1,-24,0,-24,-1,-24,-2,-24,-3,-24,-4,-25,-4,-25,-5,-25,-5,-25,-5,-25,-5,-26,-5,-27,-5,-27,-4,-28,-4,-28,-3,-28,-2,-27,-2,-27,-1,-26,1,-26,2,-27,4,-27,1,-7,0,0,0,0,0,0,0,0,0,0,0,0,0,0,0,0,0,0,1,-6,5,-22,6,-22,7,-23,8,-23,9,-23,10,-23,11,-23,11,-24,11,-24,12,-24,13,-24,13,-25,13,-25,13,-25,12,-24,12,-24,11,-24,11,-24,10,-24,9,-24,9,-24,8,-24,7,-24,7,-25,6,-25,6,-25]"
CSI_DATA,98101,d8:b1:90:db:e8:90,-52,11,1,7,0,0,1,0,0,0,1,-95,0,4,0,1488841060,0,100,0,128,1,"[100,-64,5,0,-2,-23,-2,-23,-3,-22,-4,-22,-5,-22,-6,-22,-7,-21,-8,-21,-8,-21,-9,-21,-10,-21,-10,-22,-10,-23,-10,-23,-11,-23,-10,-23,-10,-24,-9,-24,-9,-24,-8,-24,-8,-24,-7,-24,-6,-24,-4,-25,-3,-25,-1,-7,0,0,0,0,0,0,0,0,0,0,0,0,0,0,0,0,0,0,-1,-6,-1,-21,1,-21,2,-21,3,-21,4,-22,4,-22,4,-23,5,-24,5,-25,6,-25,6,-25,6,-25,6,-25,6,-25,6,-25,5,-25,5,-25,5,-25,4,-25,4,-25,3,-25,2,-25,2,-24,1,-24,0,-24,0,-24]"
CSI_DATA,98102,d8:b1:90:db:e8:90,-52,11,1,7,0,0,1,0,0,0,1,-95,0,4,0,1488851104,0,100,0,128,1,"[100,-64,5,0,1,-23,0,-23,0,-22,-1,-22,-2,-22,-3,-22,-4,-22,-5,-22,-5,-22,-6,-23,-7,-23,-7,-23,-7,-23,-7,-23,-7,-24,-7,-24,-7,-24,-7,-24,-6,-24,-6,-25,-5,-24,-4,-24,-3,-24,-1,-24,0,-25,0,-7,0,0,0,0,0,0,0,0,0,0,0,0,0,0,0,0,0,0,1,-6,4,-21,5,-21,6,-21,6,-21,7,-22,8,-22,8,-22,9,-22,9,-22,10,-23,10,-22,11,-22,10,-23,10,-23,10,-22,10,-22,10,-22,9,-22,8,-23,7,-23,6,-23,6,-23,5,-24,5,-24,4,-24,4,-24]"
CSI_DATA,98103,d8:b1:90:db:e8:90,-52,11,1,7,0,0,1,0,0,0,1,-95,0,4,0,1488866647,0,100,0,128,1,"[100,-64,5,0,-21,6,-20,6,-19,7,-19,7,-18,8,-18,9,-18,10,-18,10,-17,11,-17,11,-17,12,-17,13,-17,13,-17,13,-18,13,-18,13,-18,12,-18,12,-19,12,-19,11,-20,11,-20,10,-20,9,-21,8,-21,7,-6,1,0,0,0,0,0,0,0,0,0,0,0,0,0,0,0,0,0,0,-5,1,-19,4,-20,3,-20,2,-20,2,-21,1,-21,1,-21,1,-22,1,-23,0,-23,0,-23,-1,-23,-1,-23,-1,-23,-1,-23,-2,-23,-1,-23,-1,-22,0,-22,0,-22,1,-22,2,-22,3,-22,3,-22,4,-22,4,-22,5]"
CSI_DATA,98104,d8:b1:90:db:e8:90,-51,11,1,7,0,0,1,0,0,0,1,-95,0,4,0,1488877949,0,100,0,128,1,"[100,-64,5,0,15,-20,14,-20,13,-21,12,-20,11,-21,10,-21,10,-22,9,-22,9,-23,8,-23,8,-23,8,-24,8,-24,8,-25,9,-25,9,-25,10,-25,10,-25,11,-25,12,-25,12,-24,13,-23,14,-22,15,-21,16,-20,4,-5,0,0,0,0,0,0,0,0,0,0,0,0,0,0,0,0,0,0,3,-5,14,-18,15,-17,16,-17,17,-17,18,-17,19,-17,20,-17,21,-17,21,-17,22,-17,22,-17,22,-17,22,-17,22,-17,21,-17,21,-17,20,-18,20,-18,21,-18,21,-18,20,-19,20,-19,19,-19,18,-19,18,-20,17,-20]"
CSI_DATA,98105,d8:b1:90:db:e8:90,-51,11,1,7,0,0,1,0,0,0,1,-95,0,4,0,1488890105,0,100,0,128,1,"[100,-64,5,0,-8,23,-8,22,-7,22,-6,22,-5,22,-4,22,-3,22,-2,22,-2,22,-1,22,-1,22,0,23,0,24,0,24,0,25,-1,25,-2,25,-2,25,-3,25,-4,24,-5,24,-6,23,-7,23,-8,23,-10,23,-3,5,0,0,0,0,0,0,0,0,0,0,0,0,0,0,0,0,0,0,-2,4,-8,19,-10,19,-11,19,-12,20,-13,20,-13,20,-14,20,-15,20,-15,21,-16,21,-16,20,-16,20,-16,20,-16,20,-15,21,-15,21,-15,21,-15,21,-14,21,-13,22,-12,22,-11,23,-11,23,-10,23,-10,23,-9,23]"
CSI_DATA,98106,d8:b1:90:db:e8:90,-52,11,1,7,0,0,1,0,0,0,1,-95,0,4,0,1488900514,0,100,0,128,1,"[100,-64,5,0,14,-20,13,-20,12,-20,11,-20,11,-20,10,-20,9,-21,9,-21,8,-22,7,-22,7,-23,7,-23,7,-24,8,-25,8,-25,9,-24,9,-24,10,-24,11,-23,12,-22,12,-22,13,-21,14,-21,15,-20,16,-19,4,-5,0,0,0,0,0,0,0,0,0,0,0,0,0,0,0,0,0,0,2,-5,11,-17,12,-17,13,-17,14,-17,15,-17,16,-17,17,-17,18,-17,19,-17,19,-17,19,-17,19,-16,19,-16,19,-17,19,-17,19,-17,19,-17,19,-18,18,-18,17,-18,17,-18,17,-19,16,-20,15,-20,15,-20,15,-21]"
CSI_DATA,98107,d8:b1:90:db:e8:90,-51,11,1,7,0,0,1,0,0,0,1,-95,0,4,0,1488928257,0,100,0,128,1,"[100,-64,5,0,23,-3,23,-3,23,-4,23,-5,22,-6,22,-7,22,-7,22,-8,22,-9,22,-9,22,-10,22,-10,22,-10,22,-10,23,-10,23,-10,23,-10,23,-9,23,-9,24,-9,24,-8,24,-7,24,-5,24,-4,24,-3,6,-1,0,0,0,0,0,0,0,0,0,0,0,0,0,0,0,0,0,0,5,-1,20,-2,20,-1,20,0,21,1,22,2,22,2,23,3,23,3,24,3,24,4,24,4,25,5,25,5,25,5,25,4,25,4,26,4,25,3,25,2,25,2,25,1,25,0,25,0,25,-1,25,-1,25,-2]"
CSI_DATA,98108,d8:b1:90:db:e8:90,-51,11,1,7,0,0,1,0,0,0,1,-95,0,4,0,1488942340,0,100,0,128,1,"[100,-64,5,0,-26,0,-26,1,-25,2,-24,2,-24,3,-24,4,-23,5,-23,5,-23,6,-23,6,-23,7,-23,7,-24,7,-24,8,-24,8,-25,7,-25,7,-25,6,-25,5,-25,5,-25,4,-25,3,-25,3,-25,1,-26,0,-7,0,0,0,0,0,0,0,0,0,0,0,0,0,0,0,0,0,0,0,-6,0,-23,0,-22,-2,-22,-4,-23,-5,-24,-6,-24,-7,-24,-7,-24,-7,-25,-7,-25,-8,-25,-8,-25,-9,-25,-9,-26,-9,-26,-8,-27,-8,-27,-7,-27,-7,-27,-6,-27,-5,-27,-4,-27,-4,-27,-4,-27,-3,-27,-3,-27,-2]"
CSI_DATA,98109,d8:b1:90:db:e8:90,-51,11,1,7,0,0,1,0,0,0,1,-95,0,4,0,1488953064,0,100,0,128,1,"[100,-64,5,0,-25,10,-24,10,-23,11,-21,11,-21,12,-20,12,-20,13,-19,14,-19,15,-19,16,-19,16,-19,17,-19,17,-19,17,-19,17,-19,17,-20,17,-20,16,-20,16,-21,15,-21,15,-22,14,-22,13,-22,12,-23,11,-6,2,0,0,0,0,0,0,0,0,0,0,0,0,0,0,0,0,0,0,-5,2,-19,10,-20,9,-21,8,-21,8,-22,7,-23,7,-24,6,-25,6,-26,5,-26,5,-27,5,-27,5,-27,5,-27,5,-28,4,-28,4,-27,5,-27,6,-27,6,-27,7,-27,7,-27,8,-26,8,-25,9,-26,9,-26,10]"
CSI_DATA,98110,d8:b1:90:db:e8:90,-51,11,1,7,0,0,1,0,0,0,1,-95,0,4,0,1488970834,0,100,0,128,1,"[100,-64,5,0,8,21,9,20,9,19,10,18,10,17,11,16,11,16,12,16,12,16,13,15,14,15,14,15,14,15,15,15,14,16,14,16,14,16,14,16,13,16,13,17,13,17,12,17,11,18,10,19,9,19,2,4,0,0,0,0,0,0,0,0,0,0,0,0,0,0,0,0,0,0,2,3,8,15,8,16,7,17,7,17,7,18,6,19,6,20,5,20,5,21,5,21,4,22,4,22,4,23,4,23,4,23,4,23,4,23,5,23,5,23,6,23,6,23,7,22,7,22,7,22,7,22,8,22]"
CSI_DATA,98111,d8:b1:90:db:e8:90,-51,11,1,7,0,0,1,0,0,0,1,-95,0,4,0,1488982547,0,100,0,128,1,"[100,-64,5,0,6,22,6,21,7,21,7,20,8,20,9,19,9,18,9,18,10,18,10,17,11,17,11,17,11,17,11,17,12,18,12,18,12,18,11,19,11,19,11,19,10,19,9,19,8,20,7,21,6,21,1,5,0,0,0,0,0,0,0,0,0,0,0,0,0,0,0,0,0,0,1,4,6,18,5,18,4,19,4,19,3,20,3,21,3,22,2,22,2,23,2,24,2,24,2,24,1,24,1,24,1,24,1,25,2,24,2,24,2,24,3,24,3,24,4,24,4,24,5,24,5,24,6,23]"
CSI_DATA,98112,d8:b1:90:db:e8:90,-51,11,1,7,0,0,1,0,0,0,1,-95,0,4,0,1488994770,0,100,0,128,1,"[100,-64,5,0,11,19,12,19,12,18,13,17,13,16,13,15,14,15,14,14,15,14,15,14,15,13,16,13,16,13,17,13,17,14,17,14,16,14,16,15,15,15,15,16,14,16,14,16,13,17,12,18,12,18,2,4,0,0,0,0,0,0,0,0,0,0,0,0,0,0,0,0,0,0,2,3,10,15,10,16,9,17,9,18,9,19,8,20,8,21,7,21,7,22,7,22,7,23,7,23,7,24,7,24,7,23,7,23,8,23,8,23,9,23,9,23,10,23,10,22,11,22,11,21,11,21,11,21]"
CSI_DATA,98113,d8:b1:90:db:e8:90,-51,11,1,7,0,0,1,0,0,0,1,-95,0,4,0,1489022860,0,100,0,128,1,"[100,-64,5,0,-23,5,-23,5,-22,6,-21,6,-20,7,-20,8,-19,9,-19,9,-18,10,-18,10,-18,11,-18,11,-18,12,-18,13,-18,13,-18,12,-19,12,-19,12,-19,12,-20,11,-20,11,-20,10,-21,9,-22,8,-22,7,-6,1,0,0,0,0,0,0,0,0,0,0,0,0,0,0,0,0,0,0,-5,1,-20,5,-21,4,-22,3,-22,2,-23,1,-24,1,-24,0,-25,0,-25,0,-26,-1,-26,-1,-26,-1,-27,-1,-27,-1,-27,-1,-27,-1,-27,0,-27,0,-27,1,-27,1,-27,2,-27,2,-26,3,-26,3,-25,4,-25,4]"
CSI_DATA,98114,d8:b1:90:db:e8:90,-51,11,1,7,0,0,1,0,0,0,1,-95,0,4,0,1489032879,0,100,0,128,1,"[100,-64,5,0,19,-14,18,-15,17,-15,17,-15,16,-16,15,-16,14,-16,13,-16,13,-17,12,-17,12,-18,11,-19,11,-19,11,-19,11,-20,11,-20,11,-19,11,-19,12,-19,13,-19,13,-19,14,-18,14,-17,15,-17,16,-16,4,-4,0,0,0,0,0,0,0,0,0,0,0,0,0,0,0,0,0,0,3,-4,15,-13,15,-13,16,-12,17,-12,18,-12,19,-12,19,-12,20,-12,21,-11,21,-12,22,-12,22,-12,22,-12,23,-12,23,-12,22,-13,22,-13,22,-13,22,-12,22,-12,22,-13,22,-13,21,-13,21,-14,21,-14,21,-14]"
CSI_DATA,98115,d8:b1:90:db:e8:90,-51,11,1,7,0,0,1,0,0,0,1,-95,0,4,0,1489051958,0,100,0,128,1,"[100,-64,5,0,-2,23,-1,23,0,22,1,21,2,21,3,20,4,20,4,20,4,20,5,19,6,19,7,19,7,20,8,20,8,20,8,20,8,20,7,20,7,20,7,21,6,21,6,21,4,22,3,23,1,23,0,5,0,0,0,0,0,0,0,0,0,0,0,0,0,0,0,0,0,0,0,5,2,20,1,20,0,21,-2,21,-2,22,-3,23,-3,23,-4,24,-4,25,-5,25,-6,26,-6,26,-6,26,-6,26,-6,26,-6,26,-6,26,-5,26,-5,26,-4,26,-3,26,-3,26,-2,26,-2,26,-2,26,-2,26]"
CSI_DATA,98116,d8:b1:90:db:e8:90,-51,11,1,6,0,0,1,0,0,0,1,-95,0,4,0,1489068906,0,100,0,128,1,"[100,-64,5,0,2,-24,1,-23,1,-23,0,-23,-1,-22,-1,-22,-2,-22,-2,-21,-3,-21,-4,-21,-4,-20,-5,-20,-5,-21,-5,-21,-6,-21,-6,-22,-6,-22,-5,-22,-5,-22,-5,-22,-4,-22,-3,-23,-2,-23,-1,-23,0,-23,0,-6,0,0,0,0,0,0,0,0,0,0,0,0,0,0,0,0,0,0,-1,-5,-1,-20,0,-20,1,-21,1,-21,2,-22,3,-22,4,-23,4,-23,5,-24,5,-24,6,-25,7,-25,7,-25,6,-25,6,-25,6,-25,6,-25,5,-25,5,-25,5,-25,4,-25,4,-25,3,-25,3,-25,3,-25,3,-25]"
CSI_DATA,98117,d8:b1:90:db:e8:90,-51,11,1,7,0,0,1,0,0,0,1,-95,0,4,0,1489080947,0,100,0,128,1,"[100,-64,5,0,-23,6,-22,6,-22,7,-21,7,-20,7,-20,8,-19,9,-18,10,-18,11,-17,11,-17,12,-17,12,-17,13,-17,13,-17,13,-18,14,-18,14,-18,13,-18,13,-19,13,-19,12,-20,12,-20,11,-21,10,-22,9,-6,2,0,0,0,0,0,0,0,0,0,0,0,0,0,0,0,0,0,0,-5,2,-19,7,-20,6,-20,6,-21,5,-21,4,-23,4,-24,4,-24,3,-25,3,-26,2,-26,2,-27,1,-27,1,-26,1,-26,1,-26,1,-26,2,-26,2,-26,2,-26,3,-26,4,-26,4,-25,5,-25,5,-25,5,-25,6]"
CSI_DATA,98118,d8:b1:90:db:e8:90,-51,11,1,7,0,0,1,0,0,0,1,-95,0,4,0,1489092678,0,100,0,128,1,"[100,-64,5,0,20,-10,20,-10,19,-11,18,-11,17,-11,17,-12,16,-12,15,-13,15,-14,14,-15,14,-15,14,-16,14,-16,14,-16,14,-17,14,-17,15,-17,15,-17,15,-17,16,-17,16,-16,17,-15,17,-15,18,-14,19,-13,5,-4,0,0,0,0,0,0,0,0,0,0,0,0,0,0,0,0,0,0,4,-3,16,-12,17,-11,18,-10,18,-10,19,-9,20,-9,22,-9,22,-8,23,-8,24,-8,24,-7,25,-7,25,-7,25,-6,24,-6,24,-6,24,-7,24,-7,24,-8,24,-8,24,-8,24,-9,23,-10,23,-10,23,-10,23,-11]"
CSI_DATA,98119,d8:b1:90:db:e8:90,-51,11,1,7,0,0,1,0,0,0,1,-95,0,4,0,1489104719,0,100,0,128,1,"[100,-64,5,0,-18,-15,-18,-14,-17,-13,-17,-13,-17,-11,-17,-10,-17,-9,-17,-8,-18,-7,-18,-7,-18,-6,-19,-6,-20,-5,-20,-5,-20,-5,-21,-6,-21,-7,-21,-7,-21,-7,-21,-8,-21,-9,-21,-10,-21,-11,-21,-12,-20,-13,-5,-4,0,0,0,0,0,0,0,0,0,0,0,0,0,0,0,0,0,0,-4,-4,-15,-13,-14,-15,-14,-16,-14,-17,-14,-18,-14,-19,-14,-19,-14,-20,-14,-20,-14,-21,-13,-22,-13,-22,-13,-22,-14,-22,-14,-22,-14,-21,-15,-21,-15,-21,-16,-20,-16,-20,-17,-20,-17,-19,-18,-19,-18,-18,-18,-18,-17,-17]"
CSI_DATA,98120,d8:b1:90:db:e8:90,-51,11,1,7,0,0,1,0,0,0,1,-95,0,4,0,1489127271,0,100,0,128,1,"[100,-64,5,0,5,24,5,23,5,22,6,21,7,20,8,20,9,19,9,18,10,18,11,18,11,17,12,17,13,17,13,18,14,18,14,19,14,19,14,19,14,20,14,20,13,21,13,21,12,22,10,23,9,24,2,6,0,0,0,0,0,0,0,0,0,0,0,0,0,0,0,0,0,0,1,5,5,21,3,21,3,22,2,23,1,23,1,24,1,25,1,25,0,26,0,27,-1,26,-1,26,-1,27,-2,27,-2,27,-1,27,-1,27,-1,26,0,26,1,26,1,26,2,26,2,26,2,26,3,25,3,25]"
CSI_DATA,98121,d8:b1:90:db:e8:90,-51,11,1,7,0,0,1,0,0,0,1,-95,0,4,0,1489138797,0,100,0,128,1,"[100,-64,5,0,18,-17,17,-17,16,-17,15,-18,13,-18,13,-18,11,-19,10,-19,10,-20,9,-20,8,-21,7,-22,7,-23,7,-23,7,-24,7,-24,7,-25,8,-25,8,-25,9,-25,10,-24,11,-24,12,-24,13,-23,15,-22,3,-6,0,0,0,0,0,0,0,0,0,0,0,0,0,0,0,0,0,0,3,-4,15,-16,16,-16,17,-15,18,-15,19,-15,21,-14,22,-14,23,-14,23,-14,24,-14,24,-13,24,-13,24,-13,24,-13,24,-13,24,-14,24,-14,23,-14,23,-15,23,-15,23,-15,22,-16,22,-16,21,-16,21,-16,21,-17]"
CSI_DATA,98122,d8:b1:90:db:e8:90,-51,11,1,7,0,0,1,0,0,0,1,-95,0,4,0,1489154640,0,100,0,128,1,"[100,-64,5,0,-23,-1,-22,0,-22,1,-21,3,-20,4,-20,5,-19,5,-19,6,-18,7,-18,8,-18,9,-18,9,-18,10,-18,11,-19,12,-20,12,-20,12,-20,12,-21,12,-22,11,-22,10,-23,10,-23,9,-24,8,-24,6,-6,1,0,0,0,0,0,0,0,0,0,0,0,0,0,0,0,0,0,0,-6,0,-21,0,-22,-1,-22,-2,-23,-3,-23,-4,-24,-4,-24,-4,-25,-5,-25,-6,-25,-7,-25,-7,-25,-7,-25,-7,-25,-7,-25,-7,-25,-7,-25,-6,-25,-6,-25,-5,-25,-5,-25,-4,-25,-4,-25,-3,-25,-3,-25,-3,-25,-2]"
CSI_DATA,98123,d8:b1:90:db:e8:90,-52,11,1,7,0,0,1,0,0,0,1,-95,0,4,0,1489166097,0,100,0,128,1,"[100,-64,5,0,-22,-10,-22,-9,-21,-8,-21,-7,-21,-6,-21,-4,-21,-3,-21,-2,-21,-1,-22,-1,-22,0,-22,1,-23,2,-23,3,-23,2,-24,2,-24,2,-25,2,-25,1,-26,0,-26,0,-26,-1,-26,-3,-27,-4,-27,-6,-7,-2,0,0,0,0,0,0,0,0,0,0,0,0,0,0,0,0,0,0,-6,-2,-20,-8,-20,-9,-20,-10,-20,-11,-20,-12,-20,-13,-21,-13,-21,-14,-21,-15,-21,-16,-21,-17,-21,-17,-21,-17,-21,-17,-21,-17,-21,-16,-21,-16,-21,-16,-22,-15,-22,-15,-22,-14,-22,-14,-22,-13,-22,-13,-22,-12,-22,-12]"
CSI_DATA,98124,d8:b1:90:db:e8:90,-51,11,1,7,0,0,1,0,0,0,1,-95,0,4,0,1489179222,0,100,0,128,1,"[100,-64,5,0,-20,-14,-20,-14,-20,-13,-20,-11,-21,-10,-21,-9,-21,-8,-21,-7,-22,-6,-22,-4,-23,-4,-23,-3,-24,-3,-24,-3,-25,-3,-25,-3,-25,-4,-26,-4,-26,-5,-26,-6,-26,-7,-26,-7,-26,-8,-26,-10,-26,-11,-7,-3,0,0,0,0,0,0,0,0,0,0,0,0,0,0,0,0,0,0,-5,-3,-20,-11,-19,-12,-19,-14,-19,-15,-18,-16,-18,-17,-19,-17,-19,-18,-19,-19,-19,-20,-19,-20,-18,-21,-18,-21,-18,-21,-18,-21,-19,-21,-19,-20,-19,-20,-19,-20,-20,-19,-20,-19,-20,-18,-20,-18,-20,-17,-20,-16,-21,-16]"
CSI_DATA,98125,d8:b1:90:db:e8:90,-51,11,1,7,0,0,1,0,0,0,1,-95,0,4,0,1489190215,0,100,0,128,1,"[100,-64,5,0,1,-24,0,-23,-1,-23,-2,-22,-3,-21,-4,-21,-5,-21,-6,-21,-7,-21,-8,-21,-9,-21,-10,-21,-10,-22,-10,-23,-11,-23,-11,-24,-10,-24,-10,-25,-10,-25,-9,-26,-8,-26,-8,-26,-6,-27,-4,-27,-3,-27,-1,-7,0,0,0,0,0,0,0,0,0,0,0,0,0,0,0,0,0,0,0,-6,1,-22,2,-22,2,-22,3,-23,4,-23,5,-24,6,-24,6,-24,7,-25,7,-25,8,-26,8,-26,9,-26,8,-26,8,-26,8,-25,7,-25,7,-25,6,-26,6,-26,5,-26,5,-26,4,-26,3,-25,3,-25,3,-25]"
CSI_DATA,98126,d8:b1:90:db:e8:90,-51,11,1,7,0,0,1,0,0,0,1,-95,0,4,0,1489201953,0,100,0,128,1,"[100,-64,5,0,-17,16,-16,16,-15,16,-14,16,-13,17,-12,17,-11,18,-10,18,-9,19,-8,20,-8,20,-7,21,-7,22,-7,23,-8,23,-8,24,-8,25,-9,25,-9,25,-10,24,-10,24,-11,23,-13,23,-15,23,-16,23,-5,5,0,0,0,0,0,0,0,0,0,0,0,0,0,0,0,0,0,0,-4,4,-17,15,-18,15,-19,14,-19,14,-20,14,-21,13,-22,13,-22,13,-23,13,-24,13,-24,12,-24,12,-24,12,-24,12,-24,12,-24,12,-24,12,-23,13,-23,13,-22,13,-21,14,-21,14,-21,15,-21,15,-20,15,-20,15]"
CSI_DATA,98127,d8:b1:90:db:e8:90,-51,11,1,7,0,0,1,0,0,0,1,-95,0,4,0,1489228659,0,100,0,128,1,"[100,-64,5,0,22,4,22,3,21,2,21,0,21,-1,21,-2,21,-3,21,-4,21,-6,21,-7,21,-8,22,-9,23,-10,23,-10,24,-10,25,-10,25,-10,26,-9,26,-9,26,-8,26,-7,26,-7,26,-6,27,-4,28,-2,7,-1,0,0,0,0,0,0,0,0,0,0,0,0,0,0,0,0,0,0,5,1,22,4,22,5,22,6,22,8,22,8,23,9,23,9,23,10,23,11,23,11,23,12,23,12,23,12,23,12,23,12,23,12,23,11,23,10,23,10,23,10,23,9,23,8,24,8,24,7,24,6,24,5]"
CSI_DATA,98128,d8:b1:90:db:e8:90,-51,11,1,7,0,0,1,0,0,0,1,-95,0,4,0,1489241916,0,100,0,128,1,"[100,-64,5,0,3,22,4,21,5,21,6,20,7,20,8,19,9,19,10,18,10,18,11,18,12,18,13,19,14,19,14,20,14,21,14,22,14,22,14,23,13,23,13,24,12,24,11,24,10,25,8,25,6,26,1,6,0,0,0,0,0,0,0,0,0,0,0,0,0,0,0,0,0,0,0,5,2,22,1,22,0,23,-1,23,-1,23,-2,24,-3,25,-3,26,-4,26,-4,27,-5,26,-5,26,-6,26,-5,26,-5,25,-4,25,-4,25,-3,25,-3,25,-2,25,-1,25,0,25,0,24,1,24,1,24,2,24]"
CSI_DATA,98129,d8:b1:90:db:e8:90,-51,11,1,7,0,0,1,0,0,0,1,-95,0,4,0,1489259319,0,100,0,128,1,"[100,-64,5,0,-19,14,-18,15,-17,15,-16,15,-15,16,-14,17,-13,17,-12,18,-11,19,-11,19,-11,20,-11,21,-11,22,-11,23,-11,23,-11,24,-12,25,-12,25,-13,24,-14,24,-15,23,-15,23,-16,22,-18,21,-19,20,-5,5,0,0,0,0,0,0,0,0,0,0,0,0,0,0,0,0,0,0,-5,3,-20,13,-20,12,-21,11,-21,10,-22,10,-23,9,-24,10,-25,10,-26,9,-26,9,-27,8,-27,7,-27,7,-27,7,-26,7,-26,7,-26,8,-25,9,-24,9,-24,10,-23,11,-23,11,-22,12,-22,12,-21,13,-21,14]"
CSI_DATA,98130,d8:b1:90:db:e8:90,-51,11,1,7,0,0,1,0,0,0,1,-95,0,4,0,1489272633,0,100,0,128,1,"[100,-64,5,0,16,-17,15,-17,14,-17,12,-18,11,-18,10,-18,10,-19,9,-21,9,-22,8,-22,8,-23,8,-23,8,-24,8,-25,8,-25,9,-25,9,-26,9,-26,10,-25,11,-25,11,-24,12,-23,13,-23,15,-22,17,-21,4,-6,0,0,0,0,0,0,0,0,0,0,0,0,0,0,0,0,0,0,3,-5,15,-17,16,-16,18,-15,19,-15,20,-14,20,-14,21,-14,21,-14,22,-13,23,-13,23,-13,24,-13,24,-13,24,-13,23,-12,23,-12,23,-13,22,-13,21,-14,20,-14,20,-14,20,-15,19,-15,19,-15,18,-16,18,-16]"
CSI_DATA,98131,d8:b1:90:db:e8:90,-51,11,1,7,0,0,1,0,0,0,1,-95,0,4,0,1489284516,0,100,0,128,1,"[100,-64,5,0,16,-17,15,-17,14,-17,12,-17,11,-18,11,-18,10,-19,9,-21,9,-21,8,-22,8,-23,8,-23,8,-24,8,-25,8,-25,9,-25,9,-26,9,-26,10,-25,11,-24,11,-24,12,-23,13,-23,15,-23,17,-22,4,-6,0,0,0,0,0,0,0,0,0,0,0,0,0,0,0,0,0,0,4,-4,17,-16,17,-15,19,-14,20,-13,20,-13,21,-13,22,-13,22,-12,23,-12,23,-12,24,-12,24,-12,24,-12,24,-12,24,-11,23,-11,23,-12,23,-12,22,-13,21,-13,21,-13,20,-14,19,-14,19,-15,19,-15,18,-16]"
CSI_DATA,98132,d8:b1:90:db:e8:90,-51,11,1,7,0,0,1,0,0,0,1,-95,0,4,0,1489294963,0,100,0,128,1,"[100,-64,5,0,-4,20,-3,20,-2,19,0,19,1,19,2,19,3,19,4,19,5,19,5,19,6,19,7,20,7,21,7,21,7,21,7,22,7,23,6,23,6,23,5,23,5,23,4,23,3,24,1,24,0,25,-1,6,0,0,0,0,0,0,0,0,0,0,0,0,0,0,0,0,0,0,-2,5,-6,20,-7,20,-9,20,-10,20,-10,20,-11,21,-12,21,-12,21,-13,21,-13,21,-13,21,-13,21,-13,21,-13,21,-13,21,-13,20,-12,20,-12,20,-11,21,-10,21,-9,21,-8,21,-8,21,-7,21,-6,21,-6,21]"
CSI_DATA,98133,d8:b1:90:db:e8:90,-51,11,1,7,0,0,1,0,0,0,1,-95,0,4,0,1489306304,0,100,0,128,1,"[100,-64,5,0,-18,-15,-18,-14,-19,-13,-19,-12,-20,-11,-20,-10,-21,-9,-21,-9,-21,-8,-22,-7,-23,-6,-24,-6,-25,-6,-25,-6,-26,-7,-26,-7,-26,-7,-26,-8,-25,-9,-25,-10,-25,-10,-25,-11,-24,-12,-23,-14,-23,-15,-6,-4,0,0,0,0,0,0,0,0,0,0,0,0,0,0,0,0,0,0,-5,-4,-16,-16,-15,-17,-14,-19,-14,-20,-14,-20,-14,-21,-14,-22,-13,-23,-13,-23,-13,-24,-13,-24,-13,-24,-13,-24,-13,-24,-13,-23,-13,-23,-13,-22,-14,-22,-14,-21,-15,-21,-15,-20,-16,-20,-16,-19,-16,-18,-17,-18,-17,-18]"
CSI_DATA,98134,d8:b1:90:db:e8:90,-52,11,1,7,0,0,1,0,0,0,1,-95,0,4,0,1489331512,0,100,0,128,1,"[100,-64,5,0,-21,8,-21,9,-20,9,-19,10,-19,10,-18,11,-18,12,-17,13,-17,14,-17,15,-17,15,-17,16,-18,16,-18,17,-18,17,-19,18,-20,17,-20,17,-20,16,-21,16,-21,15,-22,14,-22,13,-23,12,-23,11,-6,2,0,0,0,0,0,0,0,0,0,0,0,0,0,0,0,0,0,0,-6,1,-23,7,-23,5,-23,4,-24,3,-25,3,-25,2,-25,2,-26,1,-26,1,-27,0,-27,0,-27,0,-27,0,-26,0,-26,0,-26,0,-26,1,-26,2,-25,2,-25,3,-25,4,-25,4,-25,5,-24,6,-24,6,-23,7]"
CSI_DATA,98135,d8:b1:90:db:e8:90,-51,11,1,7,0,0,1,0,0,0,1,-95,0,4,0,1489342513,0,100,0,128,1,"[100,-64,5,0,16,-18,15,-18,14,-18,14,-18,13,-19,12,-19,11,-20,11,-21,10,-22,10,-22,9,-23,10,-23,10,-24,10,-24,10,-25,11,-25,12,-25,12,-25,13,-25,13,-24,14,-24,15,-23,16,-22,17,-21,18,-20,4,-5,0,0,0,0,0,0,0,0,0,0,0,0,0,0,0,0,0,0,4,-5,18,-17,18,-16,19,-15,20,-15,21,-14,22,-14,22,-13,23,-13,24,-13,24,-13,25,-13,25,-12,25,-12,24,-12,24,-12,24,-12,23,-13,23,-13,22,-14,22,-14,21,-15,21,-15,21,-16,20,-16,19,-17,19,-17]"
CSI_DATA,98136,d8:b1:90:db:e8:90,-51,11,1,7,0,0,1,0,0,0,1,-95,0,4,0,1489361717,0,100,0,128,1,"[100,-64,5,0,2,23,2,23,3,22,4,21,5,21,6,20,7,20,8,20,9,20,9,20,10,20,11,21,11,21,11,22,11,22,11,23,11,23,10,24,9,24,9,24,8,24,7,24,5,24,3,25,1,25,0,6,0,0,0,0,0,0,0,0,0,0,0,0,0,0,0,0,0,0,0,5,0,23,-1,23,-2,23,-4,24,-5,24,-5,24,-6,25,-6,25,-7,26,-8,26,-8,26,-8,26,-8,26,-8,25,-7,25,-7,24,-7,24,-6,24,-5,25,-4,25,-3,24,-3,24,-2,24,-2,24,-1,24,0,24]"
CSI_DATA,98137,d8:b1:90:db:e8:90,-51,11,1,7,0,0,1,0,0,0,1,-95,0,4,0,1489375490,0,100,0,128,1,"[100,-64,5,0,-22,-3,-22,-2,-21,-1,-20,-1,-20,0,-20,1,-20,2,-20,3,-20,4,-20,5,-21,5,-21,6,-22,6,-22,7,-22,7,-23,6,-23,5,-23,5,-23,4,-23,3,-22,2,-22,2,-23,1,-23,-1,-23,-1,-6,-1,0,0,0,0,0,0,0,0,0,0,0,0,0,0,0,0,0,0,-6,-2,-21,-5,-20,-6,-20,-7,-20,-8,-20,-9,-21,-9,-21,-10,-21,-10,-21,-11,-22,-11,-22,-12,-22,-12,-22,-12,-22,-12,-22,-11,-22,-11,-22,-10,-22,-10,-21,-10,-21,-9,-22,-8,-22,-8,-21,-7,-22,-6,-22,-6,-22,-5]"
CSI_DATA,98138,d8:b1:90:db:e8:90,-52,11,1,7,0,0,1,0,0,0,1,-95,0,4,0,1489387450,0,100,0,128,1,"[100,-64,5,0,-11,19,-10,19,-9,19,-8,19,-7,19,-6,20,-5,20,-5,20,-4,21,-3,21,-3,21,-3,22,-3,23,-3,24,-3,24,-3,24,-4,24,-4,24,-5,24,-5,24,-6,23,-7,23,-8,22,-10,22,-11,22,-3,5,0,0,0,0,0,0,0,0,0,0,0,0,0,0,0,0,0,0,-3,4,-13,18,-14,17,-15,17,-16,17,-17,17,-17,17,-18,17,-18,17,-19,17,-19,17,-19,17,-20,17,-20,17,-20,17,-19,17,-19,17,-18,17,-18,17,-17,18,-16,18,-16,18,-15,19,-15,19,-14,20,-13,20,-13,20]"
CSI_DATA,98139,d8:b1:90:db:e8:90,-52,11,1,7,0,0,1,0,0,0,1,-95,0,4,0,1489398643,0,100,0,128,1,"[100,-64,5,0,5,19,6,18,6,18,7,17,8,16,8,16,9,16,10,15,11,15,11,15,12,15,13,15,13,16,13,16,13,16,13,17,13,17,12,17,12,17,11,18,11,18,10,18,9,18,8,19,7,20,1,5,0,0,0,0,0,0,0,0,0,0,0,0,0,0,0,0,0,0,0,4,3,19,2,19,1,20,0,21,0,21,-1,21,-1,21,-1,22,-1,22,-2,23,-2,23,-2,23,-2,23,-2,23,-2,23,-2,22,-1,22,-1,22,0,21,1,21,1,21,2,21,3,21,4,21,4,21,4,20]"
CSI_DATA,98140,d8:b1:90:db:e8:90,-52,11,1,7,0,0,1,0,0,0,1,-95,0,4,0,1489410988,0,100,0,128,1,"[100,-64,5,0,19,12,19,11,19,10,19,9,19,8,20,7,20,6,20,6,21,5,21,5,22,4,22,4,22,4,23,4,23,4,23,5,23,5,23,6,22,6,22,7,22,8,21,9,21,9,20,11,19,12,4,3,0,0,0,0,0,0,0,0,0,0,0,0,0,0,0,0,0,0,4,3,17,13,17,14,16,15,16,16,16,17,16,17,16,18,16,19,16,19,16,20,15,20,15,20,16,21,16,20,16,20,16,19,16,19,16,18,16,18,16,17,17,16,17,16,18,15,18,15,18,14,18,14]"
CSI_DATA,98141,d8:b1:90:db:e8:90,-51,11,1,7,0,0,1,0,0,0,1,-95,0,4,0,1489431319,0,100,0,128,1,"[100,-64,5,0,1,-25,1,-24,0,-24,-1,-23,-2,-23,-3,-22,-4,-23,-4,-23,-5,-23,-6,-23,-6,-23,-7,-24,-7,-24,-7,-24,-7,-25,-6,-25,-6,-25,-5,-25,-4,-25,-3,-26,-2,-25,-2,-25,-1,-25,1,-25,2,-25,0,-7,0,0,0,0,0,0,0,0,0,0,0,0,0,0,0,0,0,0,0,-6,3,-24,4,-24,5,-24,6,-24,7,-24,8,-25,8,-25,9,-25,10,-26,10,-26,10,-26,11,-26,10,-26,10,-26,10,-25,10,-26,9,-26,9,-26,8,-25,7,-25,6,-25,6,-25,5,-25,4,-25,4,-25,4,-25]"
CSI_DATA,98142,d8:b1:90:db:e8:90,-52,11,1,7,0,0,1,0,0,0,1,-95,0,4,0,1489443563,0,100,0,128,1,"[100,-64,5,0,-4,21,-4,21,-3,21,-2,21,-1,21,0,21,1,21,1,20,2,20,2,20,3,20,3,21,3,21,3,22,3,22,3,23,2,24,2,23,1,23,1,23,0,23,-1,23,-2,23,-3,23,-5,23,-2,5,0,0,0,0,0,0,0,0,0,0,0,0,0,0,0,0,0,0,-2,5,-6,20,-8,20,-9,20,-10,21,-10,21,-11,21,-11,21,-12,22,-12,22,-13,22,-13,22,-14,22,-14,22,-14,22,-13,22,-13,22,-13,22,-12,22,-11,22,-10,22,-10,23,-9,23,-9,23,-8,23,-7,23,-7,23]"
CSI_DATA,98143,d8:b1:90:db:e8:90,-52,11,1,7,0,0,1,0,0,0,1,-95,0,4,0,1489458666,0,100,0,128,1,"[100,-64,5,0,-14,-19,-14,-18,-14,-17,-15,-17,-16,-16,-16,-16,-17,-15,-17,-14,-17,-14,-18,-14,-19,-14,-19,-14,-19,-14,-19,-14,-20,-15,-20,-15,-20,-16,-19,-16,-19,-16,-18,-16,-18,-17,-17,-17,-16,-18,-15,-19,-14,-20,-4,-5,0,0,0,0,0,0,0,0,0,0,0,0,0,0,0,0,0,0,-3,-5,-11,-18,-10,-20,-10,-21,-9,-22,-9,-22,-9,-22,-9,-23,-9,-23,-8,-24,-8,-25,-8,-25,-8,-25,-8,-26,-8,-26,-7,-26,-8,-25,-8,-25,-9,-24,-9,-24,-10,-24,-11,-23,-11,-23,-12,-23,-12,-22,-13,-22,-13,-21]"
CSI_DATA,98144,d8:b1:90:db:e8:90,-52,11,1,7,0,0,1,0,0,0,1,-95,0,4,0,1489472007,0,100,0,128,1,"[100,-64,5,0,6,-23,6,-23,5,-22,4,-22,4,-22,3,-22,2,-22,1,-22,1,-22,0,-23,-1,-23,-1,-23,-1,-23,-1,-24,-1,-24,-1,-25,0,-25,1,-25,2,-24,2,-23,3,-23,4,-23,5,-23,6,-23,7,-22,1,-6,0,0,0,0,0,0,0,0,0,0,0,0,0,0,0,0,0,0,1,-6,7,-21,8,-20,9,-20,10,-20,11,-20,12,-21,12,-21,13,-21,13,-21,14,-22,15,-22,15,-22,15,-22,15,-21,14,-21,14,-21,13,-21,13,-21,12,-22,11,-22,11,-22,10,-22,10,-23,9,-23,9,-23,9,-23]"
CSI_DATA,98145,d8:b1:90:db:e8:90,-52,11,1,7,0,0,1,0,0,0,1,-95,0,4,0,1489485426,0,100,0,128,1,"[100,-64,5,0,-9,-25,-9,-24,-10,-23,-10,-22,-11,-21,-12,-21,-12,-21,-13,-20,-14,-20,-15,-20,-15,-20,-16,-20,-16,-20,-16,-20,-17,-21,-16,-21,-16,-22,-15,-22,-14,-22,-13,-22,-13,-23,-11,-23,-10,-23,-8,-24,-7,-25,-2,-7,0,0,0,0,0,0,0,0,0,0,0,0,0,0,0,0,0,0,-2,-6,-7,-23,-6,-24,-5,-25,-5,-25,-4,-26,-3,-26,-3,-26,-3,-27,-3,-27,-2,-28,-2,-28,-2,-29,-2,-29,-2,-29,-1,-29,-1,-28,-2,-28,-2,-28,-2,-27,-3,-26,-4,-26,-5,-26,-6,-27,-6,-27,-6,-26,-7,-26]"
CSI_DATA,98146,d8:b1:90:db:e8:90,-52,11,1,7,0,0,1,0,0,0,1,-95,0,4,0,1489497171,0,100,0,128,1,"[100,-64,5,0,-25,0,-24,1,-23,2,-22,3,-22,4,-22,5,-21,5,-21,6,-21,6,-21,7,-21,8,-21,8,-21,9,-22,9,-22,9,-22,9,-23,9,-23,8,-22,7,-23,6,-23,5,-23,5,-23,4,-23,2,-24,1,-6,0,0,0,0,0,0,0,0,0,0,0,0,0,0,0,0,0,0,0,-6,-1,-22,-1,-22,-2,-23,-3,-23,-4,-23,-5,-24,-5,-24,-5,-24,-5,-25,-6,-25,-6,-26,-6,-26,-6,-26,-7,-26,-7,-25,-8,-25,-8,-25,-7,-25,-6,-24,-6,-24,-5,-24,-4,-25,-4,-25,-3,-25,-2,-25,-2,-25,-1]"
CSI_DATA,98147,d8:b1:90:db:e8:90,-52,11,1,7,0,0,1,0,0,0,1,-95,0,4,0,1489511291,0,100,0,128,1,"[100,-64,5,0,13,-20,12,-20,11,-20,10,-20,9,-20,8,-21,7,-21,7,-21,7,-21,6,-22,6,-22,6,-22,7,-23,7,-23,7,-23,7,-23,7,-24,7,-23,8,-23,8,-23,9,-23,10,-22,11,-21,12,-21,13,-20,3,-5,0,0,0,0,0,0,0,0,0,0,0,0,0,0,0,0,0,0,3,-5,13,-17,13,-17,14,-16,15,-16,16,-16,16,-16,18,-17,18,-17,19,-17,20,-17,20,-17,20,-17,20,-17,20,-17,20,-17,19,-18,19,-18,19,-18,19,-18,18,-18,18,-18,17,-19,17,-19,16,-19,16,-19,15,-19]"
CSI_DATA,98148,d8:b1:90:db:e8:90,-52,11,1,7,0,0,1,0,0,0,1,-95,0,4,0,1489538045,0,100,0,128,1,"[100,-64,5,0,-1,-24,-2,-24,-2,-23,-3,-22,-4,-22,-4,-21,-5,-21,-6,-21,-6,-21,-7,-21,-8,-22,-8,-22,-8,-22,-9,-23,-8,-23,-8,-23,-7,-23,-6,-23,-6,-23,-5,-23,-4,-23,-3,-23,-2,-23,0,-23,1,-23,0,-6,0,0,0,0,0,0,0,0,0,0,0,0,0,0,0,0,0,0,0,-6,2,-21,3,-21,3,-21,4,-21,5,-21,6,-22,6,-23,6,-24,7,-24,7,-24,8,-24,8,-24,8,-25,8,-25,7,-24,7,-25,6,-25,6,-25,5,-24,4,-24,3,-25,3,-25,2,-25,1,-25,1,-25,1,-25]"
CSI_DATA,98149,d8:b1:90:db:e8:90,-51,11,1,7,0,0,1,0,0,0,1,-95,0,4,0,1489549131,0,100,0,128,1,"[100,-64,5,0,14,18,14,18,14,17,15,16,16,15,16,15,16,14,17,13,17,13,17,13,18,13,18,13,19,13,19,13,19,14,19,14,19,14,19,15,18,15,18,15,17,16,17,16,15,17,14,18,13,19,3,4,0,0,0,0,0,0,0,0,0,0,0,0,0,0,0,0,0,0,3,3,12,16,12,17,11,18,10,19,10,20,11,21,10,21,10,22,10,22,10,23,10,23,9,24,9,24,9,24,9,23,10,23,10,23,10,23,11,23,11,23,12,22,12,22,12,21,13,21,13,21,13,20]"
CSI_DATA,98150,d8:b1:90:db:e8:90,-52,11,1,7,0,0,1,0,0,0,1,-95,0,4,0,1489562432,0,100,0,128,1,"[100,-64,5,0,-13,21,-12,21,-11,21,-10,21,-9,21,-8,22,-7,22,-7,22,-6,22,-5,23,-5,23,-5,23,-5,24,-5,24,-6,25,-6,25,-6,24,-7,24,-7,24,-8,24,-8,23,-9,23,-10,23,-11,22,-13,22,-4,5,0,0,0,0,0,0,0,0,0,0,0,0,0,0,0,0,0,0,-3,4,-11,19,-12,18,-14,18,-15,19,-16,19,-16,19,-17,19,-18,19,-18,20,-19,20,-19,20,-19,19,-19,19,-20,19,-20,19,-19,20,-19,20,-19,20,-18,20,-18,21,-17,21,-17,21,-16,21,-16,21,-15,22,-14,22]"
CSI_DATA,98151,d8:b1:90:db:e8:90,-52,11,1,7,0,0,1,0,0,0,1,-95,0,4,0,1489579306,0,100,0,128,1,"[100,-64,5,0,17,14,17,14,17,13,17,13,17,12,18,11,18,10,17,9,18,9,18,9,19,9,19,9,20,9,20,9,20,9,20,10,21,10,21,10,20,11,20,11,19,11,19,12,18,13,17,14,16,15,3,4,0,0,0,0,0,0,0,0,0,0,0,0,0,0,0,0,0,0,3,3,14,13,14,14,13,15,13,16,13,17,13,17,13,18,14,19,14,19,14,20,13,20,14,20,13,20,13,20,14,20,14,19,14,19,14,19,15,19,15,19,16,18,16,18,17,18,17,18,17,17,17,16]"
CSI_DATA,98152,d8:b1:90:db:e8:90,-51,11,1,7,0,0,1,0,0,0,1,-95,0,4,0,1489595410,0,100,0,128,1,"[100,-64,5,0,17,-13,16,-13,15,-14,15,-14,14,-15,13,-15,13,-15,12,-16,12,-16,12,-17,11,-17,11,-18,11,-18,12,-19,12,-19,12,-18,12,-18,13,-18,13,-18,14,-17,14,-17,14,-16,15,-16,16,-15,16,-14,4,-4,0,0,0,0,0,0,0,0,0,0,0,0,0,0,0,0,0,0,3,-3,16,-12,16,-11,16,-10,17,-10,17,-10,18,-10,19,-10,20,-10,20,-10,21,-10,21,-10,22,-10,21,-10,21,-10,21,-10,21,-10,21,-11,21,-11,20,-11,20,-11,19,-12,20,-12,19,-12,19,-13,19,-13,19,-13]"
CSI_DATA,98153,d8:b1:90:db:e8:90,-52,11,1,7,0,0,1,0,0,0,1,-95,0,4,0,1489606089,0,100,0,128,1,"[100,-64,5,0,-8,-23,-8,-22,-8,-21,-9,-21,-10,-20,-10,-20,-11,-19,-12,-19,-12,-19,-13,-19,-14,-19,-14,-19,-14,-20,-14,-20,-14,-20,-14,-20,-13,-21,-13,-21,-12,-21,-12,-21,-11,-21,-11,-21,-10,-22,-8,-22,-7,-23,-2,-6,0,0,0,0,0,0,0,0,0,0,0,0,0,0,0,0,0,0,-2,-5,-5,-19,-4,-20,-4,-21,-4,-21,-3,-22,-3,-22,-3,-23,-3,-24,-3,-25,-2,-25,-2,-25,-1,-25,-1,-25,-1,-25,-1,-25,-2,-25,-2,-25,-3,-25,-3,-25,-4,-24,-5,-24,-5,-24,-5,-24,-6,-24,-6,-24,-6,-24]"
CSI_DATA,98154,d8:b1:90:db:e8:90,-52,11,1,7,0,0,1,0,0,0,1,-95,0,4,0,1489617064,0,100,0,128,1,"[100,-64,5,0,-24,0,-24,1,-23,1,-23,2,-22,3,-22,3,-22,4,-22,5,-22,6,-22,6,-22,7,-23,7,-23,7,-23,7,-24,7,-24,6,-24,6,-24,5,-24,4,-24,4,-24,4,-24,3,-24,2,-24,1,-24,-1,-6,-1,0,0,0,0,0,0,0,0,0,0,0,0,0,0,0,0,0,0,-6,0,-21,0,-21,-1,-21,-2,-22,-3,-22,-3,-23,-4,-24,-3,-25,-4,-25,-4,-26,-5,-25,-6,-25,-6,-25,-6,-25,-6,-25,-6,-25,-6,-25,-5,-25,-5,-25,-5,-25,-4,-25,-3,-25,-3,-25,-3,-25,-2,-25,-1,-25,-1]"
CSI_DATA,98155,d8:b1:90:db:e8:90,-52,11,1,7,0,0,1,0,0,0,1,-95,0,4,0,1489637892,0,100,0,128,1,"[100,-64,5,0,19,-15,18,-15,17,-16,17,-16,16,-16,16,-16,15,-17,14,-17,14,-18,14,-18,14,-19,14,-19,14,-20,15,-20,15,-20,16,-20,16,-20,16,-20,16,-19,17,-19,17,-19,18,-18,18,-17,19,-15,19,-14,4,-4,0,0,0,0,0,0,0,0,0,0,0,0,0,0,0,0,0,0,3,-4,15,-13,16,-13,17,-12,18,-12,19,-12,19,-12,20,-12,21,-11,22,-11,23,-11,23,-11,23,-11,23,-11,23,-11,23,-11,23,-11,23,-12,22,-12,22,-12,21,-12,21,-12,21,-13,21,-13,21,-13,21,-13,20,-14]"
CSI_DATA,98156,d8:b1:90:db:e8:90,-52,11,1,7,0,0,1,0,0,0,1,-95,0,4,0,1489649717,0,100,0,128,1,"[100,-64,5,0,-24,-7,-24,-6,-24,-5,-23,-4,-22,-3,-22,-2,-22,-1,-22,-1,-22,0,-23,0,-23,1,-24,0,-24,0,-24,0,-25,0,-25,0,-25,-1,-24,-1,-24,-2,-24,-2,-24,-3,-23,-4,-24,-4,-24,-6,-24,-8,-6,-2,0,0,0,0,0,0,0,0,0,0,0,0,0,0,0,0,0,0,-5,-2,-19,-7,-19,-8,-19,-9,-19,-10,-20,-10,-20,-11,-21,-11,-21,-12,-22,-13,-22,-13,-22,-14,-22,-14,-22,-14,-22,-14,-22,-14,-22,-13,-23,-13,-23,-12,-23,-12,-23,-11,-24,-11,-24,-10,-24,-9,-24,-9,-24,-8,-24,-8]"
CSI_DATA,98157,d8:b1:90:db:e8:90,-52,11,1,7,0,0,1,0,0,0,1,-95,0,4,0,1489665452,0,100,0,128,1,"[100,-64,5,0,-6,-23,-7,-23,-7,-22,-8,-21,-8,-21,-9,-20,-9,-20,-10,-19,-10,-19,-11,-19,-12,-19,-12,-20,-12,-20,-11,-20,-12,-21,-12,-21,-11,-22,-11,-22,-10,-22,-10,-22,-9,-22,-9,-22,-8,-22,-7,-23,-5,-24,-2,-6,0,0,0,0,0,0,0,0,0,0,0,0,0,0,0,0,0,0,-1,-5,-3,-19,-2,-20,-2,-20,-1,-21,-1,-21,0,-22,0,-23,0,-24,1,-24,1,-25,2,-25,2,-25,2,-26,1,-26,1,-25,1,-25,0,-25,0,-25,-1,-25,-2,-25,-2,-25,-3,-25,-3,-25,-4,-25,-4,-24,-5,-24]"
CSI_DATA,98158,d8:b1:90:db:e8:90,-52,11,1,7,0,0,1,0,0,0,1,-95,0,4,0,1489677613,0,100,0,128,1,"[100,-64,5,0,-3,23,-3,23,-2,22,-1,22,0,21,0,21,1,21,2,21,2,21,3,21,3,21,4,22,4,22,4,22,4,23,3,23,3,23,3,23,2,23,2,24,1,24,0,24,0,24,-2,23,-4,22,-1,5,0,0,0,0,0,0,0,0,0,0,0,0,0,0,0,0,0,0,-1,4,-3,19,-4,19,-6,20,-6,21,-7,21,-8,22,-8,22,-8,23,-9,23,-9,24,-10,24,-10,24,-11,24,-11,24,-10,24,-10,23,-10,23,-9,23,-8,23,-7,23,-7,24,-7,24,-6,24,-6,24,-5,24,-4,24]"
CSI_DATA,98159,d8:b1:90:db:e8:90,-52,11,1,7,0,0,1,0,0,0,1,-95,0,4,0,1489690554,0,100,0,128,1,"[100,-64,5,0,20,10,20,10,20,9,20,8,20,7,20,6,20,6,20,5,20,5,21,4,21,4,22,4,23,4,23,3,23,4,23,4,23,5,23,5,23,5,23,5,22,6,22,6,21,7,21,9,20,10,5,2,0,0,0,0,0,0,0,0,0,0,0,0,0,0,0,0,0,0,4,2,17,8,17,9,16,10,16,11,17,12,17,13,17,13,17,14,18,15,18,15,18,16,18,16,18,17,18,17,18,17,17,17,18,16,18,16,18,16,19,15,19,15,19,14,20,14,20,13,20,13,20,12]"
CSI_DATA,98160,d8:b1:90:db:e8:90,-52,11,1,7,0,0,1,0,0,0,1,-95,0,4,0,1489700570,0,100,0,128,1,"[100,-64,5,0,-23,7,-22,8,-21,8,-21,8,-20,9,-20,9,-19,10,-19,10,-19,11,-19,11,-19,12,-19,12,-19,13,-19,14,-20,14,-20,14,-21,13,-21,13,-21,12,-22,12,-22,11,-22,10,-22,9,-22,8,-23,7,-6,1,0,0,0,0,0,0,0,0,0,0,0,0,0,0,0,0,0,0,-5,2,-20,8,-20,7,-21,6,-21,5,-22,5,-23,4,-24,4,-25,4,-25,3,-26,3,-26,2,-27,2,-27,2,-27,2,-26,1,-26,2,-26,2,-26,3,-26,3,-25,3,-25,4,-25,4,-25,5,-25,5,-25,6,-24,6]"
CSI_DATA,98161,d8:b1:90:db:e8:90,-52,11,1,7,0,0,1,0,0,0,1,-95,0,4,0,1489710847,0,100,0,128,1,"[100,-64,5,0,19,-14,18,-14,18,-15,17,-15,17,-15,16,-16,15,-16,15,-17,15,-17,14,-18,14,-18,14,-19,14,-19,15,-20,15,-20,15,-20,15,-20,15,-19,16,-19,16,-19,17,-18,17,-17,17,-16,18,-15,19,-14,4,-4,0,0,0,0,0,0,0,0,0,0,0,0,0,0,0,0,0,0,4,-3,16,-12,17,-11,17,-11,18,-10,19,-10,20,-10,21,-10,22,-10,22,-10,23,-9,23,-9,24,-9,24,-8,24,-8,24,-8,24,-9,24,-9,23,-10,23,-10,22,-10,22,-11,22,-11,22,-12,22,-12,22,-13,21,-13]"
CSI_DATA,98162,d8:b1:90:db:e8:90,-52,11,1,7,0,0,1,0,0,0,1,-95,0,4,0,1489739365,0,100,0,128,1,"[100,-64,5,0,6,20,6,19,7,19,7,18,8,18,8,17,9,17,9,17,10,16,10,16,11,16,11,17,11,17,12,17,12,18,12,18,11,18,11,18,10,18,10,19,9,19,8,18,7,19,6,19,5,20,1,5,0,0,0,0,0,0,0,0,0,0,0,0,0,0,0,0,0,0,1,3,4,16,3,17,3,18,2,18,2,19,1,19,1,20,1,20,0,21,0,21,0,21,0,22,0,22,0,22,0,22,0,21,1,21,1,21,2,21,3,21,4,21,4,22,4,21,4,21,4,21,5,22]"
CSI_DATA,98163,d8:b1:90:db:e8:90,-51,11,1,7,0,0,1,0,0,0,1,-95,0,4,0,1489752197,0,100,0,128,1,"[100,-64,5,0,-25,5,-24,6,-24,6,-23,7,-23,7,-22,8,-22,9,-21,10,-21,10,-21,11,-21,11,-21,11,-21,12,-22,12,-22,12,-23,12,-23,12,-23,12,-23,11,-23,11,-24,10,-24,10,-24,9,-24,7,-25,6,-7,1,0,0,0,0,0,0,0,0,0,0,0,0,0,0,0,0,0,0,-6,1,-21,4,-22,2,-23,1,-23,0,-24,0,-25,-1,-25,-2,-25,-2,-26,-2,-26,-3,-27,-4,-27,-4,-27,-4,-27,-4,-28,-3,-28,-3,-28,-2,-28,-2,-27,-1,-27,0,-27,0,-27,1,-27,2,-27,3,-27,4,-26,4]"
CSI_DATA,98164,d8:b1:90:db:e8:90,-52,11,1,7,0,0,1,0,0,0,1,-95,0,4,0,1489765273,0,100,0,128,1,"[100,-64,5,0,-24,6,-23,6,-22,7,-22,7,-21,8,-21,9,-20,9,-20,10,-20,11,-20,11,-20,11,-20,12,-21,12,-21,12,-21,12,-21,12,-22,12,-22,12,-21,11,-22,11,-23,10,-23,9,-23,9,-23,7,-24,6,-6,1,0,0,0,0,0,0,0,0,0,0,0,0,0,0,0,0,0,0,-5,1,-20,4,-20,3,-21,2,-22,1,-22,1,-23,0,-24,0,-24,0,-25,-1,-25,-1,-25,-2,-26,-2,-26,-2,-26,-2,-26,-2,-26,-1,-26,-1,-26,-1,-26,0,-26,1,-26,2,-26,3,-26,4,-26,4,-25,4,-25,5]"
CSI_DATA,98165,d8:b1:90:db:e8:90,-51,11,1,7,0,0,1,0,0,0,1,-95,0,4,0,1489778215,0,100,0,128,1,"[100,-64,5,0,-2,21,-1,21,0,20,0,20,1,20,2,20,2,19,3,19,3,19,4,19,5,19,5,20,5,20,6,21,5,21,5,21,4,22,4,21,3,21,3,22,3,22,2,22,1,22,0,22,-2,22,-1,5,0,0,0,0,0,0,0,0,0,0,0,0,0,0,0,0,0,0,-1,4,-2,18,-3,19,-4,18,-5,19,-5,19,-6,20,-6,20,-6,20,-7,21,-7,22,-8,22,-8,22,-8,22,-8,22,-7,22,-7,22,-7,22,-6,23,-6,23,-5,23,-4,23,-4,23,-3,22,-3,22,-3,22,-3,22]"
CSI_DATA,98166,d8:b1:90:db:e8:90,-51,11,1,7,0,0,1,0,0,0,1,-95,0,4,0,1489796000,0,100,0,128,1,"[100,-64,5,0,-20,15,-19,15,-18,16,-17,16,-16,16,-15,17,-15,17,-14,18,-13,18,-13,18,-13,19,-13,20,-13,20,-13,21,-13,21,-14,21,-14,21,-14,21,-15,20,-15,20,-15,19,-16,19,-16,18,-18,18,-19,17,-5,4,0,0,0,0,0,0,0,0,0,0,0,0,0,0,0,0,0,0,-4,3,-17,12,-18,12,-19,11,-19,11,-20,11,-21,11,-22,11,-22,11,-23,11,-23,11,-24,11,-24,10,-24,10,-24,11,-24,11,-24,11,-24,11,-24,12,-23,12,-23,13,-23,14,-22,14,-22,14,-21,14,-21,15,-21,15]"
CSI_DATA,98167,d8:b1:90:db:e8:90,-52,11,1,7,0,0,1,0,0,0,1,-95,0,4,0,1489807898,0,100,0,128,1,"[100,-64,5,0,6,-24,6,-24,5,-24,4,-23,3,-23,2,-23,2,-23,1,-22,0,-23,-1,-23,-1,-23,-2,-24,-2,-24,-1,-25,-1,-25,-1,-25,-1,-25,0,-25,1,-25,1,-25,2,-25,2,-24,3,-24,5,-25,6,-25,1,-6,0,0,0,0,0,0,0,0,0,0,0,0,0,0,0,0,0,0,1,-5,4,-20,5,-20,6,-21,7,-21,8,-21,9,-21,9,-21,10,-22,11,-22,11,-23,11,-23,11,-23,11,-23,12,-23,12,-23,12,-23,12,-23,11,-23,11,-24,10,-24,9,-24,9,-24,8,-24,8,-24,8,-24,7,-24]"
CSI_DATA,98168,d8:b1:90:db:e8:90,-51,11,1,7,0,0,1,0,0,0,1,-95,0,4,0,1489818830,0,100,0,128,1,"[100,-64,5,0,-23,-14,-23,-13,-23,-12,-22,-11,-22,-10,-23,-10,-23,-9,-23,-8,-23,-7,-23,-6,-24,-6,-24,-6,-25,-6,-25,-6,-26,-6,-26,-6,-26,-7,-25,-7,-25,-8,-25,-8,-25,-8,-25,-9,-24,-10,-24,-11,-23,-13,-6,-4,0,0,0,0,0,0,0,0,0,0,0,0,0,0,0,0,0,0,-5,-3,-18,-11,-18,-12,-17,-14,-17,-15,-18,-16,-18,-16,-18,-17,-19,-17,-19,-18,-19,-19,-19,-19,-19,-19,-19,-19,-19,-20,-19,-19,-19,-19,-20,-19,-20,-19,-20,-18,-21,-18,-21,-17,-21,-17,-21,-16,-22,-16,-22,-15,-22,-15]"
CSI_DATA,98169,d8:b1:90:db:e8:90,-51,11,1,7,0,0,1,0,0,0,1,-95,0,4,0,1489841961,0,100,0,128,1,"[100,-64,5,0,14,-17,13,-18,12,-17,12,-18,11,-18,10,-18,9,-18,9,-19,8,-19,8,-20,7,-20,8,-20,8,-21,8,-21,9,-21,10,-21,10,-21,11,-21,11,-21,11,-20,12,-20,12,-19,13,-18,14,-18,15,-17,3,-5,0,0,0,0,0,0,0,0,0,0,0,0,0,0,0,0,0,0,3,-4,13,-13,14,-13,14,-12,15,-12,16,-12,17,-12,18,-12,18,-12,19,-12,19,-12,20,-12,20,-13,20,-13,20,-13,20,-13,19,-14,19,-14,19,-15,18,-15,17,-15,17,-15,17,-16,16,-16,16,-16,16,-16,16,-17]"
CSI_DATA,98170,d8:b1:90:db:e8:90,-51,11,1,7,0,0,1,0,0,0,1,-95,0,4,0,1489852157,0,100,0,128,1,"[100,-64,5,0,-19,11,-18,12,-18,12,-17,12,-17,12,-17,13,-16,13,-15,13,-14,14,-14,14,-14,15,-14,15,-15,16,-15,16,-16,16,-16,16,-17,16,-17,15,-18,14,-18,14,-18,13,-18,13,-18,12,-19,12,-20,11,-5,2,0,0,0,0,0,0,0,0,0,0,0,0,0,0,0,0,0,0,-4,2,-16,11,-17,10,-18,9,-18,9,-19,9,-20,8,-21,8,-21,7,-22,7,-22,7,-23,7,-23,7,-23,7,-23,7,-23,7,-24,7,-23,8,-23,8,-22,9,-22,10,-22,10,-21,10,-21,11,-20,11,-20,11,-20,11]"
CSI_DATA,98171,d8:b1:90:db:e8:90,-51,11,1,7,0,0,1,0,0,0,1,-95,0,4,0,1489876312,0,100,0,128,1,"[100,-64,5,0,-21,-9,-21,-9,-21,-8,-21,-7,-21,-7,-21,-6,-21,-5,-21,-5,-21,-4,-21,-4,-21,-3,-22,-3,-22,-3,-22,-3,-23,-3,-23,-4,-23,-4,-23,-4,-23,-5,-22,-5,-22,-6,-22,-7,-22,-8,-22,-10,-21,-11,-6,-3,0,0,0,0,0,0,0,0,0,0,0,0,0,0,0,0,0,0,-5,-2,-19,-7,-18,-9,-18,-10,-19,-11,-19,-12,-19,-12,-19,-12,-20,-13,-20,-14,-20,-15,-20,-15,-19,-16,-19,-16,-20,-16,-20,-15,-20,-15,-20,-15,-20,-15,-20,-14,-20,-13,-21,-13,-21,-13,-22,-12,-22,-12,-22,-11,-22,-11]"
CSI_DATA,98172,d8:b1:90:db:e8:90,-51,11,1,7,0,0,1,0,0,0,1,-95,0,4,0,1489889936,0,100,0,128,1,"[100,-64,5,0,-12,18,-11,18,-11,18,-10,18,-9,18,-8,18,-8,19,-7,19,-7,19,-6,19,-6,20,-6,20,-6,20,-6,20,-7,20,-8,20,-8,20,-9,20,-9,20,-9,20,-9,20,-10,20,-11,19,-11,18,-12,17,-4,4,0,0,0,0,0,0,0,0,0,0,0,0,0,0,0,0,0,0,-3,3,-11,15,-12,15,-13,15,-14,15,-14,15,-15,15,-15,15,-16,15,-16,16,-17,16,-17,16,-18,16,-18,16,-17,16,-18,16,-18,16,-17,16,-17,17,-17,17,-16,17,-16,18,-15,18,-15,18,-14,18,-14,18,-14,18]"
CSI_DATA,98173,d8:b1:90:db:e8:90,-50,11,1,7,0,0,1,0,0,0,1,-95,0,4,0,1489904191,0,100,0,128,1,"[100,-64,5,0,26,-1,25,-4,22,-7,21,-7,21,-9,21,-9,21,-9,21,-8,22,-8,21,-12,21,-13,21,-13,22,-16,22,-17,25,-16,25,-16,24,-16,24,-14,25,-10,25,-8,25,-6,25,-5,23,-3,23,-1,19,4,4,2,0,0,0,0,0,0,0,0,0,0,0,0,0,0,0,0,0,0,2,-6,13,-20,17,-18,20,-17,23,-15,23,-13,22,-14,21,-14,22,-13,22,-12,21,-11,21,-11,22,-9,24,-8,25,-9,23,-11,21,-10,21,-10,21,-11,22,-10,23,-8,23,-9,24,-8,25,-8,24,-10,22,-11,20,-5]"
CSI_DATA,98174,d8:b1:90:db:e8:90,-51,11,1,7,0,0,1,0,0,0,1,-95,0,4,0,1489915110,0,100,0,128,1,"[100,-64,5,0,-16,14,-16,14,-15,14,-15,15,-14,15,-13,15,-13,16,-12,16,-12,16,-11,17,-11,17,-11,18,-11,18,-11,18,-12,18,-12,18,-12,18,-12,18,-12,17,-13,17,-14,17,-14,16,-15,15,-16,14,-16,13,-4,3,0,0,0,0,0,0,0,0,0,0,0,0,0,0,0,0,0,0,-4,3,-14,12,-15,11,-16,11,-17,10,-18,10,-18,10,-19,11,-20,11,-20,11,-21,10,-21,10,-21,10,-21,10,-21,10,-21,10,-21,10,-21,10,-21,11,-20,11,-20,12,-20,12,-20,12,-19,13,-19,13,-18,13,-18,14]"
CSI_DATA,98175,d8:b1:90:db:e8:90,-52,11,1,7,0,0,1,0,0,0,1,-95,0,4,0,1489945449,0,100,0,128,1,"[100,-64,5,0,7,23,8,22,8,21,9,21,10,20,11,20,11,19,11,19,12,19,12,19,13,19,13,19,13,20,13,20,13,20,13,21,12,21,12,21,11,22,10,22,10,22,9,22,8,22,6,23,4,23,1,6,0,0,0,0,0,0,0,0,0,0,0,0,0,0,0,0,0,0,1,4,7,19,6,19,5,20,4,21,4,22,3,22,3,23,3,24,3,25,2,25,2,26,1,26,1,26,1,26,1,26,2,26,2,25,3,25,3,25,4,25,4,25,5,25,6,25,6,25,7,24,7,24]"
CSI_DATA,98176,d8:b1:90:db:e8:90,-52,11,1,7,0,0,1,0,0,0,1,-95,0,4,0,1489956740,0,100,0,128,1,"[100,-64,5,0,-22,11,-22,11,-21,12,-20,12,-20,12,-19,13,-18,14,-18,14,-17,15,-17,15,-17,16,-17,16,-18,16,-18,17,-18,17,-19,16,-19,16,-20,15,-20,14,-20,13,-20,12,-21,12,-21,11,-22,10,-23,9,-6,2,0,0,0,0,0,0,0,0,0,0,0,0,0,0,0,0,0,0,-5,2,-20,9,-20,8,-21,7,-21,6,-22,6,-23,5,-24,5,-24,5,-25,5,-25,4,-26,4,-26,4,-26,4,-26,4,-26,4,-26,5,-26,5,-26,6,-26,6,-25,7,-25,7,-25,8,-24,9,-23,9,-23,10,-23,10]"
CSI_DATA,98177,d8:b1:90:db:e8:90,-52,11,1,7,0,0,1,0,0,0,1,-95,0,4,0,1489969548,0,100,0,128,1,"[100,-64,5,0,16,18,16,17,16,16,16,15,17,14,17,14,18,13,18,12,18,12,19,11,19,11,20,11,20,11,21,12,21,12,21,13,20,13,20,13,19,14,18,14,18,15,17,15,16,16,15,17,14,18,3,4,0,0,0,0,0,0,0,0,0,0,0,0,0,0,0,0,0,0,3,3,13,16,12,17,11,18,10,19,10,19,10,20,10,20,10,21,10,22,10,22,10,23,10,23,10,24,10,24,10,23,10,23,11,22,12,22,12,22,13,22,13,21,14,21,14,20,14,19,15,19,15,19]"
CSI_DATA,98178,d8:b1:90:db:e8:90,-52,11,1,7,0,0,1,0,0,0,1,-95,0,4,0,1489980481,0,100,0,128,1,"[100,-64,5,0,21,-1,20,-2,20,-2,20,-3,19,-4,19,-4,19,-5,19,-6,19,-6,19,-7,19,-7,19,-8,20,-8,20,-8,20,-8,21,-7,21,-7,21,-6,21,-6,21,-5,21,-4,21,-3,21,-2,21,-1,20,0,5,0,0,0,0,0,0,0,0,0,0,0,0,0,0,0,0,0,0,0,4,-1,19,0,19,0,19,1,19,2,20,3,20,3,20,4,21,4,21,4,21,5,22,5,22,5,22,5,22,5,22,5,22,4,22,4,22,3,22,3,21,3,22,2,22,2,22,2,22,1,22,0,21,0]"
CSI_DATA,98179,d8:b1:90:db:e8:90,-51,11,1,7,0,0,1,0,0,0,1,-95,0,4,0,1490000667,0,100,0,128,1,"[100,-64,5,0,-19,15,-18,15,-17,16,-16,16,-16,16,-15,17,-14,17,-14,18,-13,19,-13,19,-13,19,-13,20,-13,20,-13,20,-14,20,-15,20,-15,20,-16,19,-16,19,-17,18,-17,18,-17,17,-18,16,-19,15,-19,14,-5,3,0,0,0,0,0,0,0,0,0,0,0,0,0,0,0,0,0,0,-5,3,-18,12,-19,11,-19,10,-20,10,-21,10,-22,10,-22,10,-23,10,-23,10,-24,10,-25,10,-25,10,-25,10,-25,10,-25,10,-24,10,-24,11,-24,11,-23,12,-22,13,-22,13,-22,14,-21,14,-21,14,-20,15,-20,15]"
CSI_DATA,98180,d8:b1:90:db:e8:90,-51,11,1,5,0,0,1,0,1,0,0,-95,0,4,0,1490014067,0,100,0,128,1,"[100,-64,5,0,20,3,23,3,25,2,27,1,28,-1,28,-4,29,-6,28,-8,27,-10,27,-11,26,-12,24,-12,24,-12,23,-11,22,-9,22,-7,22,-5,21,-3,20,-1,19,1,18,2,17,3,16,5,14,6,12,6,2,1,0,0,0,0,0,0,0,0,0,0,0,0,0,0,0,0,0,0,-6,1,-24,6,-25,5,-25,5,-25,6,-23,6,-22,6,-20,6,-17,6,-14,5,-12,3,-9,2,-6,0,-4,-3,-1,-5,0,-7,1,-9,2,-10,2,-11,2,-11,3,-11,3,-10,4,-9,5,-7,7,-4,9,-2,11,-1]"
CSI_DATA,98181,d8:b1:90:db:e8:90,-50,11,1,5,0,0,1,0,1,0,0,-95,0,4,0,1490045715,0,100,0,128,1,"[100,-64,5,0,-22,-15,-24,-16,-27,-16,-30,-15,-32,-13,-33,-11,-35,-8,-35,-5,-35,-2,-34,0,-34,2,-33,3,-32,3,-31,2,-30,1,-29,-1,-28,-3,-27,-6,-26,-8,-25,-9,-23,-11,-21,-12,-19,-12,-17,-13,-14,-13,-4,-4,0,0,0,0,0,0,0,0,0,0,0,0,0,0,0,0,0,0,4,6,19,25,19,25,19,25,19,24,19,23,18,21,17,19,15,16,12,14,8,11,5,10,1,8,-3,7,-6,7,-10,7,-12,8,-14,9,-14,9,-14,9,-14,9,-13,8,-13,6,-13,3,-13,0,-13,-3,-14,-5]"
CSI_DATA,98182,d8:b1:90:db:e8:90,-51,11,1,7,0,0,1,0,0,0,1,-95,0,4,0,1490059185,0,100,0,128,1,"[100,-64,5,0,-1,-21,-2,-21,-2,-21,-3,-20,-4,-20,-5,-20,-5,-20,-6,-20,-7,-20,-7,-20,-8,-20,-8,-20,-9,-21,-9,-21,-8,-22,-8,-22,-7,-22,-6,-22,-6,-22,-5,-22,-5,-22,-3,-22,-2,-22,-1,-23,0,-23,0,-6,0,0,0,0,0,0,0,0,0,0,0,0,0,0,0,0,0,0,0,-5,1,-20,1,-20,2,-20,3,-20,3,-21,4,-21,4,-21,5,-22,5,-22,5,-23,6,-23,6,-23,6,-23,6,-23,6,-22,6,-22,5,-22,5,-22,4,-22,4,-22,3,-23,3,-22,2,-22,2,-22,1,-22,1,-21]"
CSI_DATA,98183,d8:b1:90:db:e8:90,-51,11,1,7,0,0,1,0,0,0,1,-95,0,4,0,1490075046,0,100,0,128,1,"[100,-64,5,0,22,-9,21,-9,21,-10,20,-11,20,-12,19,-13,19,-14,19,-15,18,-16,18,-16,18,-17,19,-17,19,-17,19,-18,20,-18,20,-17,20,-16,21,-16,21,-15,21,-14,22,-13,22,-13,22,-12,23,-10,24,-9,6,-2,0,0,0,0,0,0,0,0,0,0,0,0,0,0,0,0,0,0,5,-2,21,-6,22,-5,22,-4,22,-3,22,-3,23,-3,24,-2,25,-2,25,-2,25,-2,26,-2,26,-2,26,-2,26,-1,26,-1,25,-1,25,-2,25,-2,25,-3,24,-3,24,-4,25,-5,24,-5,24,-6,24,-6,23,-7]"
CSI_DATA,98184,d8:b1:90:db:e8:90,-52,11,1,7,0,0,1,0,0,0,1,-95,0,4,0,1490086410,0,100,0,128,1,"[100,-64,5,0,12,-19,11,-19,11,-19,10,-20,9,-20,8,-21,7,-21,6,-21,6,-22,5,-22,5,-23,5,-23,5,-24,5,-25,6,-25,6,-26,7,-26,7,-26,7,-26,8,-25,9,-24,10,-23,11,-22,12,-21,14,-20,3,-5,0,0,0,0,0,0,0,0,0,0,0,0,0,0,0,0,0,0,3,-4,14,-15,15,-15,16,-14,17,-13,18,-13,19,-13,19,-13,20,-14,21,-14,21,-14,22,-14,22,-14,22,-14,22,-13,21,-13,20,-14,20,-14,19,-15,19,-15,18,-16,17,-16,17,-17,16,-17,16,-18,15,-18,15,-18]"
CSI_DATA,98185,d8:b1:90:db:e8:90,-52,11,1,7,0,0,1,0,0,0,1,-95,0,4,0,1490100438,0,100,0,128,1,"[100,-64,5,0,18,13,18,12,19,11,19,11,20,10,21,9,21,8,21,7,21,7,21,6,22,6,23,6,24,6,24,7,24,7,24,8,24,8,24,8,24,9,24,10,23,11,22,12,21,13,20,15,19,16,4,4,0,0,0,0,0,0,0,0,0,0,0,0,0,0,0,0,0,0,4,3,16,13,15,14,15,15,14,16,14,17,14,17,14,18,14,19,14,20,14,20,14,21,14,21,14,21,14,21,14,21,14,20,15,20,15,19,15,19,16,19,16,18,17,17,17,17,17,17,17,16,18,15]"
CSI_DATA,98186,d8:b1:90:db:e8:90,-51,11,1,7,0,0,1,0,0,0,1,-95,0,4,0,1490113522,0,100,0,128,1,"[100,-64,5,0,4,23,5,22,5,22,6,21,7,21,8,21,9,20,9,20,10,20,11,20,11,20,12,21,12,22,12,22,12,22,12,23,11,23,10,24,10,24,9,24,8,24,7,24,6,25,4,25,3,25,0,6,0,0,0,0,0,0,0,0,0,0,0,0,0,0,0,0,0,0,0,5,0,21,-2,21,-3,21,-3,22,-4,22,-4,23,-5,23,-5,23,-6,24,-6,24,-6,25,-6,25,-6,25,-6,25,-6,25,-5,24,-4,24,-4,24,-4,24,-3,24,-2,24,-2,24,-1,23,0,23,1,23,2,24]"
CSI_DATA,98187,d8:b1:90:db:e8:90,-52,11,1,7,0,0,1,0,0,0,1,-95,0,4,0,1490129547,0,100,0,128,1,"[100,-64,5,0,9,20,10,20,11,19,11,18,12,18,13,18,14,17,15,17,15,16,16,16,17,16,18,17,18,17,18,17,18,18,18,19,17,19,17,20,16,20,15,21,14,21,14,21,12,22,11,23,10,24,2,6,0,0,0,0,0,0,0,0,0,0,0,0,0,0,0,0,0,0,1,4,5,20,4,20,3,21,2,21,2,22,1,22,1,23,1,23,0,23,0,24,1,25,1,25,1,25,1,25,1,24,1,24,2,24,2,24,2,24,3,23,4,23,5,23,6,22,7,21,7,21,8,22]"
CSI_DATA,98188,d8:b1:90:db:e8:90,-52,11,1,7,0,0,1,0,0,0,1,-95,0,4,0,1490148643,0,100,0,128,1,"[100,-64,5,0,22,-1,22,-1,22,-2,22,-4,21,-5,21,-6,21,-7,21,-8,21,-9,21,-9,22,-10,23,-10,23,-11,24,-11,24,-11,24,-10,24,-10,25,-9,25,-9,25,-8,25,-7,25,-6,25,-4,25,-2,25,0,6,0,0,0,0,0,0,0,0,0,0,0,0,0,0,0,0,0,0,0,5,0,20,3,20,4,20,5,21,6,21,7,22,7,22,7,22,8,22,8,23,9,23,9,23,9,23,10,23,10,22,10,21,9,21,9,21,8,22,7,22,6,22,5,22,5,22,4,22,4,22,3,23,2]"
CSI_DATA,98189,d8:b1:90:db:e8:90,-51,11,1,7,0,0,1,0,0,0,1,-95,0,4,0,1490162410,0,100,0,128,1,"[100,-64,5,0,20,10,20,9,21,8,21,7,21,5,22,4,22,3,22,3,22,2,23,1,23,1,24,1,25,1,26,1,26,1,27,2,27,2,27,3,27,3,27,4,26,5,26,6,25,8,24,10,23,12,5,3,0,0,0,0,0,0,0,0,0,0,0,0,0,0,0,0,0,0,4,3,18,13,17,14,16,15,16,16,16,17,16,17,16,18,16,18,16,19,16,20,16,21,16,21,16,21,16,21,16,20,16,19,16,18,17,18,17,18,18,17,18,16,19,16,19,15,20,14,20,14,20,13]"
CSI_DATA,98190,d8:b1:90:db:e8:90,-51,11,1,7,0,0,1,0,0,0,1,-95,0,4,0,1490174520,0,100,0,128,1,"[100,-64,5,0,-22,8,-21,9,-20,10,-19,11,-19,12,-18,13,-18,14,-17,14,-17,15,-16,16,-16,17,-17,17,-17,18,-18,19,-18,19,-19,19,-19,19,-19,18,-20,18,-21,17,-22,16,-22,15,-23,14,-24,12,-24,10,-6,2,0,0,0,0,0,0,0,0,0,0,0,0,0,0,0,0,0,0,-6,1,-22,4,-22,3,-23,2,-23,1,-24,1,-25,1,-25,1,-26,0,-26,0,-26,-1,-27,-1,-27,-1,-27,-1,-26,-1,-26,-1,-26,-1,-25,0,-25,1,-25,1,-25,2,-25,2,-25,3,-24,4,-24,5,-24,6,-23,7]"
CSI_DATA,98191,d8:b1:90:db:e8:90,-52,11,1,7,0,0,1,0,0,0,1,-95,0,4,0,1490188201,0,100,0,128,1,"[100,-64,5,0,-22,6,-21,6,-20,7,-20,8,-20,9,-19,10,-19,11,-18,12,-18,13,-18,14,-18,15,-19,15,-19,16,-20,16,-20,16,-21,15,-22,15,-22,14,-22,14,-23,13,-24,13,-24,12,-24,10,-25,9,-26,8,-7,2,0,0,0,0,0,0,0,0,0,0,0,0,0,0,0,0,0,0,-6,0,-21,3,-21,2,-22,1,-22,0,-23,-1,-23,-2,-24,-2,-24,-2,-25,-3,-25,-3,-25,-3,-25,-3,-24,-3,-24,-3,-25,-3,-25,-3,-24,-2,-24,-1,-24,-1,-24,0,-23,1,-23,1,-23,2,-23,3,-23,4,-22,4]"
CSI_DATA,98192,d8:b1:90:db:e8:90,-52,11,1,7,0,0,1,0,0,0,1,-95,0,4,0,1490201814,0,100,0,128,1,"[100,-64,5,0,19,-13,18,-14,17,-14,16,-15,15,-16,14,-16,14,-17,13,-18,13,-19,13,-20,13,-21,13,-22,13,-22,14,-23,15,-23,15,-23,16,-23,17,-23,17,-23,17,-22,18,-21,19,-20,20,-19,21,-18,21,-16,5,-4,0,0,0,0,0,0,0,0,0,0,0,0,0,0,0,0,0,0,4,-3,19,-10,20,-10,20,-9,21,-8,21,-7,23,-7,23,-7,24,-7,25,-6,25,-6,25,-6,25,-5,25,-5,24,-5,24,-5,24,-6,23,-6,23,-7,23,-8,23,-8,22,-9,21,-9,21,-10,20,-10,20,-11,21,-12]"
CSI_DATA,98193,d8:b1:90:db:e8:90,-51,11,1,7,0,0,1,0,0,0,1,-95,0,4,0,1490217115,0,100,0,128,1,"[100,-64,5,0,8,-22,7,-22,5,-22,4,-21,3,-21,2,-21,1,-22,0,-23,-1,-23,-2,-23,-2,-24,-3,-25,-3,-26,-3,-27,-3,-27,-2,-28,-1,-28,-1,-28,0,-28,1,-28,2,-28,3,-27,4,-27,5,-27,7,-27,1,-7,0,0,0,0,0,0,0,0,0,0,0,0,0,0,0,0,0,0,2,-5,11,-19,12,-19,13,-18,14,-18,15,-18,15,-18,16,-18,17,-18,18,-18,18,-19,18,-19,18,-18,18,-18,18,-18,17,-18,17,-18,17,-19,16,-19,15,-19,14,-20,14,-20,13,-20,12,-20,11,-20,11,-21,10,-22]"
CSI_DATA,98194,d8:b1:90:db:e8:90,-52,11,1,7,0,0,1,0,0,0,1,-95,0,4,0,1490227768,0,100,0,128,1,"[100,-64,5,0,22,3,22,2,22,1,21,0,21,-1,21,-3,21,-4,22,-5,22,-6,22,-7,23,-7,23,-8,24,-8,24,-9,25,-9,25,-9,26,-8,26,-8,26,-7,26,-6,26,-5,26,-4,26,-3,27,-1,27,1,6,0,0,0,0,0,0,0,0,0,0,0,0,0,0,0,0,0,0,0,5,1,20,7,19,8,19,9,18,10,19,11,19,11,19,12,20,13,20,13,20,14,20,14,19,14,19,14,19,14,20,13,20,13,20,12,20,12,20,11,20,10,20,9,21,9,21,8,21,7,21,7,21,6]"
CSI_DATA,98195,d8:b1:90:db:e8:90,-51,11,1,7,0,0,1,0,0,0,1,-95,0,4,0,1490256440,0,100,0,128,1,"[100,-64,5,0,-3,-22,-3,-21,-4,-20,-5,-20,-6,-20,-7,-19,-8,-19,-9,-19,-10,-19,-11,-19,-12,-19,-13,-19,-13,-20,-13,-20,-14,-21,-14,-22,-14,-23,-14,-23,-14,-23,-13,-23,-12,-24,-11,-24,-10,-24,-9,-25,-7,-26,-2,-7,0,0,0,0,0,0,0,0,0,0,0,0,0,0,0,0,0,0,0,-6,1,-21,3,-21,4,-22,5,-22,6,-22,6,-22,7,-22,7,-22,8,-23,8,-23,8,-23,8,-23,8,-23,8,-23,8,-23,7,-23,6,-23,6,-23,5,-23,4,-23,3,-23,3,-23,2,-23,1,-23,1,-23,1,-22]"
CSI_DATA,98196,d8:b1:90:db:e8:90,-51,11,1,7,0,0,1,0,0,0,1,-95,0,4,0,1490270784,0,100,0,128,1,"[100,-64,5,0,-2,22,-1,22,0,22,1,22,2,21,4,21,4,21,5,21,6,21,7,21,8,21,8,22,8,23,9,23,9,24,8,25,8,25,7,26,7,26,7,26,6,26,5,26,3,27,2,27,0,27,-1,6,0,0,0,0,0,0,0,0,0,0,0,0,0,0,0,0,0,0,-1,4,-4,19,-5,20,-6,21,-7,21,-8,21,-9,22,-10,22,-10,22,-11,23,-11,23,-11,23,-11,23,-11,23,-11,23,-10,23,-10,23,-9,23,-9,23,-8,23,-7,23,-6,23,-6,23,-5,23,-4,23,-4,23,-3,23]"
CSI_DATA,98197,d8:b1:90:db:e8:90,-52,11,1,7,0,0,1,0,0,0,1,-95,0,4,0,1490283302,0,100,0,128,1,"[100,-64,5,0,16,9,16,9,17,8,17,7,17,6,17,5,18,5,18,4,18,3,19,3,20,2,20,1,21,1,21,1,21,2,22,2,22,3,23,3,23,4,23,4,23,5,22,5,22,7,21,8,21,9,5,2,0,0,0,0,0,0,0,0,0,0,0,0,0,0,0,0,0,0,4,2,16,9,15,10,15,12,15,12,15,13,15,14,15,14,15,15,15,16,15,16,14,17,14,17,14,17,14,17,14,16,13,16,14,16,14,15,15,15,15,15,16,14,16,14,16,13,16,13,16,12,17,12]"
CSI_DATA,98198,d8:b1:90:db:e8:90,-51,11,1,7,0,0,1,0,0,0,1,-95,0,4,0,1490298704,0,100,0,128,1,"[100,-64,5,0,-9,21,-8,21,-7,21,-7,21,-6,21,-4,21,-3,21,-2,22,-2,22,-1,22,0,23,1,23,1,24,1,24,1,25,1,26,0,26,0,26,-1,26,-2,27,-2,26,-3,26,-4,26,-6,26,-7,25,-2,6,0,0,0,0,0,0,0,0,0,0,0,0,0,0,0,0,0,0,-2,4,-9,19,-10,19,-12,19,-12,19,-13,19,-14,19,-15,19,-15,19,-16,20,-17,20,-17,19,-17,19,-17,18,-17,19,-17,19,-17,19,-17,19,-16,19,-15,20,-15,20,-14,20,-14,21,-13,21,-13,21,-12,21,-12,22]"
CSI_DATA,98199,d8:b1:90:db:e8:90,-52,11,1,7,0,0,1,0,0,0,1,-95,0,4,0,1490313185,0,100,0,128,1,"[100,-64,5,0,22,3,22,2,22,1,21,0,21,-1,21,-2,21,-3,21,-4,21,-5,21,-5,21,-6,22,-7,22,-7,22,-8,23,-8,23,-7,24,-7,24,-7,24,-6,25,-6,25,-5,25,-4,26,-3,26,-1,26,0,6,0,0,0,0,0,0,0,0,0,0,0,0,0,0,0,0,0,0,0,5,0,21,2,21,3,21,5,21,6,22,7,22,7,22,8,23,8,23,9,23,10,23,10,23,10,22,10,22,10,22,10,22,10,22,9,22,9,23,8,23,8,23,7,23,6,24,6,24,6,23,5,23,5]"
CSI_DATA,98200,d8:b1:90:db:e8:90,-51,11,1,7,0,0,1,0,0,0,1,-95,0,4,0,1490324241,0,100,0,128,1,"[100,-64,5,0,-18,-18,-18,-17,-18,-16,-18,-15,-19,-14,-19,-13,-20,-12,-20,-11,-21,-11,-21,-10,-22,-9,-23,-9,-23,-8,-24,-9,-24,-9,-24,-9,-24,-10,-24,-10,-24,-10,-24,-11,-24,-12,-24,-13,-24,-14,-24,-16,-23,-17,-6,-5,0,0,0,0,0,0,0,0,0,0,0,0,0,0,0,0,0,0,-4,-4,-15,-16,-14,-17,-14,-19,-13,-20,-13,-21,-13,-21,-13,-22,-13,-22,-12,-23,-12,-23,-12,-24,-11,-24,-11,-24,-11,-24,-12,-24,-12,-23,-13,-23,-13,-23,-13,-22,-14,-22,-14,-22,-15,-21,-16,-21,-16,-21,-16,-20,-16,-19]"
CSI_DATA,98201,d8:b1:90:db:e8:90,-51,11,1,7,0,0,1,0,0,0,1,-95,0,4,0,1490353640,0,100,0,128,1,"[100,-64,5,0,-19,17,-18,17,-17,17,-15,17,-14,17,-13,17,-12,18,-11,19,-11,19,-10,19,-10,20,-9,21,-9,22,-9,22,-9,23,-10,23,-10,24,-11,24,-11,24,-12,24,-13,23,-14,23,-15,22,-17,22,-18,21,-5,5,0,0,0,0,0,0,0,0,0,0,0,0,0,0,0,0,0,0,-4,4,-15,16,-16,16,-17,15,-18,15,-19,15,-20,15,-21,15,-22,15,-23,15,-24,14,-24,14,-24,14,-24,13,-24,14,-24,14,-23,14,-23,14,-23,14,-23,15,-23,15,-23,16,-23,16,-22,17,-21,17,-21,17,-20,17]"
CSI_DATA,98202,d8:b1:90:db:e8:90,-51,11,1,7,0,0,1,0,0,0,1,-95,0,4,0,1490365920,0,100,0,128,1,"[100,-64,5,0,-13,-19,-13,-18,-13,-17,-13,-17,-14,-16,-14,-15,-15,-14,-15,-14,-15,-13,-16,-13,-17,-12,-18,-12,-18,-12,-18,-12,-19,-12,-19,-13,-19,-13,-19,-13,-19,-14,-18,-14,-18,-15,-18,-15,-17,-17,-16,-18,-15,-19,-4,-5,0,0,0,0,0,0,0,0,0,0,0,0,0,0,0,0,0,0,-3,-4,-11,-15,-11,-16,-10,-17,-10,-18,-10,-19,-10,-19,-9,-20,-9,-21,-9,-21,-9,-22,-9,-22,-9,-23,-9,-23,-9,-23,-9,-23,-9,-22,-10,-22,-10,-22,-10,-22,-11,-22,-11,-21,-11,-21,-11,-21,-11,-21,-12,-21,-12,-20]"
CSI_DATA,98203,d8:b1:90:db:e8:90,-51,11,1,7,0,0,1,0,0,0,1,-95,0,4,0,1490392052,0,100,0,128,1,"[100,-64,5,0,22,3,22,2,21,2,21,1,20,0,20,-1,19,-2,19,-2,19,-3,19,-4,19,-4,20,-5,20,-5,20,-5,21,-5,21,-5,21,-5,22,-5,22,-4,22,-4,22,-3,22,-3,22,-2,23,0,23,1,5,0,0,0,0,0,0,0,0,0,0,0,0,0,0,0,0,0,0,0,4,0,19,1,19,2,19,3,20,4,20,5,21,6,21,6,21,7,21,7,21,8,22,8,22,9,22,9,22,9,22,9,21,9,22,9,22,8,22,8,22,7,22,6,23,6,23,5,23,5,23,5,23,4]"
CSI_DATA,98204,d8:b1:90:db:e8:90,-51,11,1,7,0,0,1,0,0,0,1,-95,0,4,0,1490404183,0,100,0,128,1,"[100,-64,5,0,7,-23,7,-23,6,-22,5,-21,4,-21,4,-21,3,-21,2,-21,1,-21,0,-22,0,-22,0,-22,0,-22,0,-23,0,-23,0,-24,0,-24,1,-24,1,-24,2,-23,2,-23,3,-24,4,-24,5,-24,7,-23,1,-6,0,0,0,0,0,0,0,0,0,0,0,0,0,0,0,0,0,0,1,-5,4,-19,5,-20,6,-20,7,-20,8,-20,9,-20,9,-20,10,-21,11,-21,11,-21,12,-22,13,-22,13,-22,13,-22,13,-21,13,-21,12,-22,12,-22,11,-22,11,-22,11,-23,10,-23,10,-23,9,-24,9,-23,9,-23]"
CSI_DATA,98205,d8:b1:90:db:e8:90,-51,11,1,7,0,0,1,0,0,0,1,-95,0,4,0,1490417132,0,100,0,128,1,"[100,-64,5,0,-3,-20,-3,-20,-4,-19,-4,-18,-5,-18,-5,-18,-6,-17,-6,-17,-7,-17,-7,-17,-8,-17,-8,-17,-9,-17,-9,-17,-9,-18,-9,-18,-8,-18,-8,-18,-8,-18,-8,-19,-7,-19,-7,-19,-6,-19,-5,-20,-4,-20,-1,-5,0,0,0,0,0,0,0,0,0,0,0,0,0,0,0,0,0,0,-1,-4,-2,-15,-2,-16,0,-16,0,-17,1,-17,1,-18,2,-18,2,-19,2,-19,2,-20,3,-20,3,-20,3,-20,3,-20,2,-21,2,-21,2,-21,1,-21,1,-21,0,-21,-1,-21,-1,-21,-2,-21,-2,-21,-2,-21,-2,-21]"
CSI_DATA,98206,d8:b1:90:db:e8:90,-51,11,1,7,0,0,1,0,0,0,1,-95,0,4,0,1490428917,0,100,0,128,1,"[100,-64,5,0,-27,-1,-26,-1,-26,0,-25,1,-25,1,-25,2,-24,3,-24,4,-23,5,-23,5,-24,6,-24,6,-24,6,-24,7,-25,7,-25,6,-26,6,-26,6,-26,5,-26,5,-26,4,-25,3,-26,2,-26,0,-26,-1,-7,-1,0,0,0,0,0,0,0,0,0,0,0,0,0,0,0,0,0,0,-6,0,-22,0,-22,-1,-22,-3,-22,-4,-23,-5,-24,-5,-25,-6,-25,-6,-26,-7,-26,-7,-26,-8,-26,-8,-26,-8,-26,-8,-27,-8,-27,-8,-27,-7,-27,-7,-27,-6,-28,-5,-28,-4,-28,-4,-28,-3,-28,-3,-28,-2,-28,-2]"
CSI_DATA,98207,d8:b1:90:db:e8:90,-50,11,1,7,0,0,1,0,0,0,1,-95,0,4,0,1490454709,0,100,0,128,1,"[100,-64,5,0,22,-11,21,-11,20,-12,20,-13,19,-13,18,-14,18,-14,17,-15,17,-15,17,-16,17,-16,17,-16,17,-16,17,-16,18,-17,18,-17,19,-16,19,-16,19,-16,19,-16,20,-15,20,-15,21,-13,21,-12,21,-11,5,-3,0,0,0,0,0,0,0,0,0,0,0,0,0,0,0,0,0,0,4,-3,17,-10,18,-9,19,-8,20,-7,21,-7,22,-7,23,-7,24,-7,24,-6,25,-6,25,-6,26,-6,25,-6,25,-6,25,-6,25,-7,25,-7,25,-8,25,-8,25,-9,25,-9,25,-10,25,-11,25,-11,24,-11,24,-11]"
CSI_DATA,98208,d8:b1:90:db:e8:90,-51,11,1,7,0,0,1,0,0,0,1,-95,0,4,0,1490467904,0,100,0,128,1,"[100,-64,5,0,-22,-11,-22,-11,-22,-10,-22,-9,-22,-8,-22,-7,-22,-7,-22,-6,-22,-5,-23,-5,-23,-4,-23,-4,-24,-3,-24,-3,-24,-4,-24,-4,-24,-5,-24,-5,-23,-6,-23,-6,-24,-7,-23,-8,-23,-9,-22,-10,-21,-11,-6,-3,0,0,0,0,0,0,0,0,0,0,0,0,0,0,0,0,0,0,-5,-2,-18,-8,-18,-9,-18,-11,-18,-12,-18,-12,-18,-12,-18,-13,-18,-14,-19,-15,-19,-15,-19,-16,-19,-16,-19,-17,-19,-17,-19,-17,-19,-16,-20,-16,-20,-16,-20,-15,-20,-14,-21,-14,-21,-14,-22,-14,-22,-14,-22,-13,-22,-12]"
CSI_DATA,98209,d8:b1:90:db:e8:90,-50,11,1,7,0,0,1,0,0,0,1,-95,0,4,0,1490484051,0,100,0,128,1,"[100,-64,5,0,-24,9,-23,9,-23,10,-22,10,-21,11,-21,11,-20,12,-19,12,-19,12,-19,13,-19,14,-19,15,-19,15,-19,15,-19,16,-20,15,-20,15,-20,14,-21,14,-21,13,-22,12,-22,12,-23,10,-23,8,-24,7,-6,1,0,0,0,0,0,0,0,0,0,0,0,0,0,0,0,0,0,0,-5,1,-19,7,-20,6,-20,5,-21,5,-21,4,-22,4,-23,3,-24,3,-24,3,-25,2,-26,1,-26,1,-26,0,-26,1,-26,2,-26,4,-26,4,-26,5,-26,6,-26,6,-26,7,-26,7,-25,8,-25,8,-25,8,-25,9]"
CSI_DATA,98210,d8:b1:90:db:e8:90,-51,11,1,7,0,0,1,0,0,0,1,-95,0,4,0,1490496414,0,100,0,128,1,"[100,-64,5,0,-1,-25,-2,-25,-2,-24,-3,-24,-4,-24,-5,-23,-5,-23,-5,-23,-6,-23,-7,-23,-7,-23,-8,-23,-8,-23,-8,-24,-8,-24,-8,-24,-7,-24,-7,-24,-6,-25,-6,-25,-5,-25,-4,-25,-2,-25,0,-25,1,-25,0,-7,0,0,0,0,0,0,0,0,0,0,0,0,0,0,0,0,0,0,-1,-5,-1,-20,0,-20,1,-21,2,-21,2,-21,3,-22,4,-23,5,-23,6,-24,6,-24,7,-24,8,-24,8,-24,7,-25,5,-25,5,-25,4,-26,4,-26,3,-26,2,-26,2,-27,1,-27,1,-27,0,-26,0,-26,-1,-26]"
CSI_DATA,98211,d8:b1:90:db:e8:90,-50,11,1,7,0,0,1,0,0,0,1,-95,0,4,0,1490509734,0,100,0,128,1,"[100,-64,5,0,-24,9,-23,9,-22,10,-21,10,-21,11,-20,12,-20,12,-19,13,-19,14,-19,14,-19,15,-19,15,-19,16,-19,16,-19,16,-19,15,-20,15,-20,15,-20,15,-21,14,-22,13,-22,13,-22,12,-23,11,-23,9,-6,2,0,0,0,0,0,0,0,0,0,0,0,0,0,0,0,0,0,0,-5,1,-19,7,-19,6,-20,5,-20,5,-21,4,-22,4,-23,4,-24,4,-24,4,-25,3,-26,3,-26,3,-26,3,-26,3,-26,4,-26,4,-26,5,-26,5,-26,6,-26,6,-26,7,-26,8,-25,7,-25,7,-25,8,-25,8]"
CSI_DATA,98212,d8:b1:90:db:e8:90,-51,11,1,7,0,0,1,0,0,0,1,-95,0,4,0,1490520615,0,100,0,128,1,"[100,-64,5,0,24,-5,23,-6,22,-6,22,-7,21,-7,21,-8,20,-8,20,-9,20,-9,20,-10,20,-10,20,-11,21,-11,21,-11,22,-11,22,-11,23,-11,22,-10,23,-10,23,-9,23,-8,23,-7,23,-6,23,-4,23,-2,5,-1,0,0,0,0,0,0,0,0,0,0,0,0,0,0,0,0,0,0,4,-1,18,-3,19,-2,19,-1,20,-1,21,0,21,0,22,0,22,0,23,1,23,1,24,1,24,2,24,2,24,2,24,2,24,1,24,1,24,0,24,-1,24,-2,24,-2,25,-3,24,-3,24,-3,24,-4,24,-4]"
CSI_DATA,98213,d8:b1:90:db:e8:90,-51,11,1,7,0,0,1,0,0,0,1,-95,0,4,0,1490530628,0,100,0,128,1,"[100,-64,5,0,-1,24,0,24,0,24,1,23,2,23,3,22,3,22,4,22,4,22,5,22,5,22,5,22,6,23,6,24,5,24,5,25,5,25,4,25,3,25,3,24,2,24,1,23,0,24,-2,24,-3,24,-1,6,0,0,0,0,0,0,0,0,0,0,0,0,0,0,0,0,0,0,-1,4,-1,18,-2,19,-3,19,-4,20,-5,20,-5,21,-6,21,-6,21,-6,22,-7,22,-7,23,-7,23,-7,23,-7,23,-7,24,-7,23,-7,23,-6,24,-5,24,-4,24,-3,24,-3,24,-3,24,-2,24,-1,24,-1,24]"
CSI_DATA,98214,d8:b1:90:db:e8:90,-51,11,1,7,0,0,1,0,0,0,1,-95,0,4,0,1490557148,0,100,0,128,1,"[100,-64,5,0,-1,-24,-1,-24,-2,-24,-3,-23,-3,-23,-4,-23,-5,-23,-6,-23,-6,-23,-7,-23,-8,-23,-8,-23,-8,-24,-8,-24,-8,-24,-7,-25,-7,-25,-6,-25,-6,-25,-5,-25,-4,-25,-3,-25,-2,-25,0,-25,1,-25,0,-7,0,0,0,0,0,0,0,0,0,0,0,0,0,0,0,0,0,0,0,-5,1,-19,2,-20,3,-20,4,-20,4,-21,5,-21,5,-21,6,-22,6,-22,7,-23,7,-23,8,-23,8,-23,8,-24,7,-24,7,-24,6,-24,6,-24,5,-24,4,-24,4,-24,3,-24,3,-25,2,-25,2,-25,1,-25]"
CSI_DATA,98215,d8:b1:90:db:e8:90,-51,11,1,7,0,0,1,0,0,0,1,-95,0,4,0,1490569627,0,100,0,128,1,"[100,-64,5,0,-7,-24,-8,-24,-8,-23,-8,-22,-9,-21,-10,-21,-10,-21,-11,-21,-12,-21,-13,-21,-13,-21,-14,-21,-14,-21,-14,-22,-14,-22,-13,-23,-13,-23,-12,-23,-12,-23,-11,-24,-10,-24,-9,-24,-8,-24,-7,-24,-5,-25,-2,-7,0,0,0,0,0,0,0,0,0,0,0,0,0,0,0,0,0,0,-1,-5,-3,-19,-2,-19,-2,-20,-2,-21,-1,-21,-1,-22,0,-22,0,-23,0,-23,0,-24,0,-24,0,-24,0,-25,0,-25,1,-25,1,-25,0,-25,0,-25,-1,-25,-1,-24,-2,-25,-3,-25,-4,-25,-4,-25,-5,-25,-5,-25]"
CSI_DATA,98216,d8:b1:90:db:e8:90,-51,11,1,7,0,0,1,0,0,0,1,-95,0,4,0,1490580837,0,100,0,128,1,"[100,-64,5,0,19,6,19,5,20,3,20,2,21,1,22,-1,23,-1,23,-2,24,-3,25,-3,26,-2,27,-2,27,-2,28,-1,28,-1,28,0,27,1,26,2,25,3,25,3,24,4,23,4,22,4,22,5,22,6,5,1,0,0,0,0,0,0,0,0,0,0,0,0,0,0,0,0,0,0,2,2,10,11,10,11,10,10,11,10,12,9,14,9,16,9,17,10,19,11,21,13,22,15,22,17,22,19,21,19,21,19,21,19,20,19,20,20,20,19,19,18,19,17,18,16,17,15,17,13,17,11,18,10]"
CSI_DATA,98217,d8:b1:90:db:e8:90,-51,11,1,7,0,0,1,0,0,0,1,-95,0,4,0,1490591992,0,100,0,128,1,"[100,-64,5,0,21,9,21,8,20,7,21,7,21,6,21,5,21,4,21,3,21,2,22,2,22,1,23,1,24,1,24,1,24,2,24,2,24,3,24,3,24,4,23,5,23,5,23,6,23,7,22,9,21,10,5,2,0,0,0,0,0,0,0,0,0,0,0,0,0,0,0,0,0,0,3,2,15,9,15,10,14,11,14,12,14,13,15,13,15,13,15,14,15,14,16,15,16,15,16,16,16,16,16,16,16,15,16,15,17,15,17,14,18,14,18,13,19,13,19,13,19,12,20,12,20,11,20,10]"
CSI_DATA,98218,d8:b1:90:db:e8:90,-51,11,1,7,0,0,1,0,0,0,1,-95,0,4,0,1490605074,0,100,0,128,1,"[100,-64,5,0,18,13,18,12,18,11,19,11,19,10,20,9,20,8,20,7,20,7,20,6,21,6,22,6,22,6,22,6,23,6,23,7,23,7,23,8,22,8,22,9,22,9,22,10,21,11,20,12,19,14,4,3,0,0,0,0,0,0,0,0,0,0,0,0,0,0,0,0,0,0,3,2,13,11,13,12,12,13,12,13,13,14,13,14,13,15,13,16,13,16,13,17,13,18,13,18,13,18,13,18,13,19,13,18,13,18,14,18,15,18,15,17,16,17,16,16,16,16,17,16,17,15,17,15]"
CSI_DATA,98219,d8:b1:90:db:e8:90,-51,11,1,7,0,0,1,0,0,0,1,-95,0,4,0,1490615654,0,100,0,128,1,"[100,-64,5,0,-21,-12,-21,-12,-21,-11,-21,-10,-22,-9,-22,-8,-22,-8,-23,-7,-23,-6,-23,-5,-24,-5,-25,-5,-25,-5,-25,-5,-25,-5,-26,-5,-25,-6,-25,-6,-25,-7,-25,-7,-25,-8,-24,-8,-24,-9,-23,-11,-22,-13,-6,-4,0,0,0,0,0,0,0,0,0,0,0,0,0,0,0,0,0,0,-4,-3,-16,-11,-16,-12,-15,-13,-15,-14,-15,-14,-16,-15,-16,-15,-16,-16,-16,-17,-16,-17,-16,-18,-16,-18,-16,-18,-16,-19,-16,-19,-16,-19,-17,-18,-17,-18,-18,-18,-18,-17,-19,-17,-19,-16,-20,-15,-20,-15,-20,-15,-20,-14]"
CSI_DATA,98220,d8:b1:90:db:e8:90,-51,11,1,7,0,0,1,0,0,0,1,-95,0,4,0,1490626841,0,100,0,128,1,"[100,-64,5,0,-5,21,-5,21,-4,21,-3,21,-2,22,-1,22,0,22,0,22,1,22,1,22,2,22,2,23,3,23,3,24,3,24,2,24,1,24,1,24,0,24,0,25,-1,24,-2,24,-3,24,-5,23,-6,23,-2,5,0,0,0,0,0,0,0,0,0,0,0,0,0,0,0,0,0,0,-2,4,-6,16,-6,16,-7,17,-7,17,-8,17,-9,17,-9,18,-10,18,-10,18,-11,19,-12,19,-12,19,-12,19,-12,19,-12,19,-12,19,-12,20,-11,20,-11,20,-10,20,-9,21,-9,21,-9,21,-8,22,-8,22,-7,22]"
CSI_DATA,98221,d8:b1:90:db:e8:90,-51,11,1,7,0,0,1,0,0,0,1,-95,0,4,0,1490638789,0,100,0,128,1,"[100,-64,5,0,9,-22,8,-22,7,-22,7,-22,6,-23,5,-23,4,-23,4,-23,3,-24,3,-24,2,-24,3,-25,3,-25,3,-26,4,-26,4,-26,5,-26,5,-26,6,-26,6,-26,7,-26,8,-25,9,-24,10,-24,12,-23,3,-6,0,0,0,0,0,0,0,0,0,0,0,0,0,0,0,0,0,0,2,-5,8,-17,9,-17,10,-17,10,-17,11,-17,12,-17,13,-18,13,-18,13,-18,14,-18,14,-18,14,-19,14,-19,14,-19,14,-19,14,-19,14,-20,13,-20,13,-20,12,-20,12,-21,11,-21,11,-22,11,-22,10,-22,10,-23]"
CSI_DATA,98222,d8:b1:90:db:e8:90,-51,11,1,7,0,0,1,0,0,0,1,-95,0,4,0,1490666703,0,100,0,128,1,"[100,-64,5,0,18,-18,17,-19,16,-19,16,-20,15,-21,14,-21,14,-22,13,-22,13,-23,13,-23,12,-24,12,-24,13,-25,13,-25,14,-25,14,-25,14,-25,14,-24,15,-24,16,-24,17,-23,17,-22,19,-21,20,-20,21,-19,5,-5,0,0,0,0,0,0,0,0,0,0,0,0,0,0,0,0,0,0,3,-4,15,-14,15,-13,16,-13,17,-12,18,-12,18,-12,19,-12,20,-12,21,-12,21,-12,21,-12,22,-12,22,-12,22,-12,21,-11,21,-12,21,-12,21,-13,21,-14,20,-15,20,-15,20,-16,20,-16,20,-17,20,-17,19,-18]"
CSI_DATA,98223,d8:b1:90:db:e8:90,-51,11,1,7,0,0,1,0,0,0,1,-95,0,4,0,1490680291,0,100,0,128,1,"[100,-64,5,0,8,-25,7,-25,6,-25,6,-25,5,-26,4,-26,3,-26,3,-26,2,-27,1,-27,1,-27,0,-28,1,-28,1,-28,1,-29,2,-29,2,-29,2,-29,3,-29,4,-29,5,-29,6,-29,7,-28,9,-27,11,-27,3,-7,0,0,0,0,0,0,0,0,0,0,0,0,0,0,0,0,0,0,2,-5,8,-19,9,-19,10,-19,11,-19,11,-19,12,-19,13,-19,14,-20,14,-20,14,-20,15,-20,15,-20,15,-20,15,-20,15,-20,15,-20,15,-20,14,-21,13,-22,13,-22,12,-23,12,-24,11,-24,11,-24,11,-25,10,-25]"
CSI_DATA,98224,d8:b1:90:db:e8:90,-51,11,1,7,0,0,1,0,0,0,1,-95,0,4,0,1490692591,0,100,0,128,1,"[100,-64,5,0,-23,-11,-23,-11,-23,-10,-23,-9,-24,-9,-24,-8,-24,-7,-24,-6,-25,-6,-25,-5,-26,-5,-26,-5,-27,-5,-27,-5,-27,-5,-28,-6,-28,-7,-28,-7,-27,-8,-27,-9,-27,-10,-26,-11,-26,-12,-25,-13,-24,-15,-6,-4,0,0,0,0,0,0,0,0,0,0,0,0,0,0,0,0,0,0,-5,-3,-17,-11,-16,-12,-16,-13,-15,-14,-15,-14,-16,-15,-16,-16,-16,-16,-17,-17,-17,-18,-16,-18,-16,-18,-17,-18,-17,-18,-17,-17,-18,-17,-18,-17,-18,-17,-19,-16,-19,-16,-20,-15,-20,-15,-20,-14,-20,-14,-21,-13,-22,-12]"
CSI_DATA,98225,d8:b1:90:db:e8:90,-52,11,1,7,0,0,1,0,0,0,1,-95,0,4,0,1490709391,0,100,0,128,1,"[100,-64,5,0,-12,-23,-13,-22,-13,-21,-14,-20,-15,-20,-15,-19,-16,-19,-17,-19,-18,-19,-18,-19,-19,-19,-20,-19,-20,-19,-20,-19,-20,-20,-19,-20,-19,-20,-19,-20,-18,-21,-18,-21,-17,-22,-17,-22,-16,-23,-14,-24,-13,-25,-3,-7,0,0,0,0,0,0,0,0,0,0,0,0,0,0,0,0,0,0,-2,-5,-7,-18,-7,-18,-6,-19,-5,-20,-5,-20,-5,-21,-5,-21,-4,-21,-4,-22,-4,-22,-4,-23,-4,-23,-4,-23,-4,-23,-4,-23,-5,-23,-5,-23,-6,-23,-6,-23,-7,-23,-8,-23,-8,-23,-9,-23,-9,-23,-10,-23,-10,-22]"
CSI_DATA,98226,d8:b1:90:db:e8:90,-52,11,1,7,0,0,1,0,0,0,1,-95,0,4,0,1490720525,0,100,0,128,1,"[100,-64,5,0,4,20,5,20,5,20,6,19,7,19,8,19,8,18,9,18,9,18,10,18,11,19,11,19,11,19,11,20,11,20,11,20,11,21,10,21,10,21,9,21,8,21,7,22,6,22,5,22,4,22,0,5,0,0,0,0,0,0,0,0,0,0,0,0,0,0,0,0,0,0,0,3,2,16,1,16,0,17,0,17,-1,18,-1,18,-1,18,-1,18,-2,19,-2,19,-2,19,-2,19,-2,19,-2,20,-2,20,-2,20,-1,20,-1,20,0,20,0,20,1,20,1,20,2,20,2,20,3,20,3,20]"
CSI_DATA,98227,d8:b1:90:db:e8:90,-52,11,1,7,0,0,1,0,0,0,1,-95,0,4,0,1490731185,0,100,0,128,1,"[100,-64,5,0,-16,-19,-16,-19,-16,-18,-17,-17,-18,-17,-18,-16,-19,-16,-20,-15,-20,-15,-21,-15,-22,-15,-22,-15,-22,-15,-23,-15,-23,-16,-23,-17,-23,-17,-23,-17,-22,-18,-21,-18,-21,-18,-20,-19,-19,-20,-18,-21,-17,-22,-4,-6,0,0,0,0,0,0,0,0,0,0,0,0,0,0,0,0,0,0,-3,-4,-10,-16,-10,-17,-9,-18,-8,-19,-8,-19,-8,-20,-8,-20,-8,-20,-8,-21,-8,-21,-7,-22,-7,-22,-7,-22,-7,-22,-8,-22,-9,-22,-9,-22,-10,-22,-10,-21,-11,-21,-12,-21,-13,-21,-13,-20,-14,-20,-14,-20,-14,-20]"
CSI_DATA,98228,d8:b1:90:db:e8:90,-52,11,1,7,0,0,1,0,0,0,1,-95,0,4,0,1490742950,0,100,0,128,1,"[100,-64,5,0,21,-10,21,-10,20,-11,20,-12,20,-13,19,-13,19,-14,18,-15,18,-16,18,-17,18,-17,18,-18,19,-18,19,-18,19,-19,20,-19,20,-18,20,-18,21,-17,21,-17,22,-16,22,-15,22,-14,23,-13,24,-12,6,-3,0,0,0,0,0,0,0,0,0,0,0,0,0,0,0,0,0,0,4,-2,18,-6,18,-5,18,-4,19,-3,19,-3,20,-3,20,-3,21,-2,21,-2,22,-2,22,-2,22,-2,22,-2,22,-2,22,-2,22,-2,22,-3,22,-4,22,-4,22,-5,22,-5,22,-6,22,-7,22,-7,22,-8,23,-9]"
CSI_DATA,98229,d8:b1:90:db:e8:90,-52,11,1,7,0,0,1,0,0,0,1,-95,0,4,0,1490767380,0,100,0,128,1,"[100,-64,5,0,-23,-6,-23,-6,-23,-5,-23,-4,-23,-3,-23,-2,-23,-1,-23,-1,-24,0,-24,0,-25,1,-25,1,-26,1,-26,1,-26,1,-27,1,-27,0,-27,0,-27,-1,-27,-2,-27,-2,-26,-3,-26,-4,-26,-6,-26,-7,-7,-2,0,0,0,0,0,0,0,0,0,0,0,0,0,0,0,0,0,0,-5,-2,-18,-6,-17,-8,-17,-10,-16,-11,-17,-11,-17,-12,-17,-12,-17,-13,-18,-13,-18,-13,-18,-14,-18,-14,-18,-14,-18,-14,-18,-14,-19,-13,-19,-12,-19,-12,-20,-12,-20,-11,-21,-11,-21,-10,-21,-9,-21,-8,-22,-8,-22,-8]"
CSI_DATA,98230,d8:b1:90:db:e8:90,-52,11,1,7,0,0,1,0,0,0,1,-95,0,4,0,1490778115,0,100,0,128,1,"[100,-64,5,0,-4,-24,-5,-24,-6,-23,-7,-23,-8,-23,-9,-22,-10,-22,-10,-23,-10,-23,-11,-23,-12,-23,-12,-23,-13,-24,-13,-24,-13,-24,-13,-25,-12,-25,-12,-25,-12,-26,-11,-26,-10,-26,-9,-26,-8,-26,-6,-27,-5,-27,-1,-7,0,0,0,0,0,0,0,0,0,0,0,0,0,0,0,0,0,0,-1,-5,-1,-19,0,-19,1,-20,3,-20,3,-21,4,-21,4,-21,4,-22,5,-22,5,-23,6,-23,6,-23,6,-23,5,-23,5,-23,4,-23,4,-23,3,-23,2,-24,2,-24,1,-24,0,-24,0,-24,-1,-23,-2,-24,-2,-24]"
CSI_DATA,98231,d8:b1:90:db:e8:90,-52,11,1,7,0,0,1,0,0,0,1,-95,0,4,0,1490792594,0,100,0,128,1,"[100,-64,5,0,-22,-9,-22,-8,-22,-7,-22,-7,-23,-6,-23,-5,-23,-4,-23,-3,-24,-2,-24,-2,-25,-1,-25,-1,-25,-1,-25,-1,-26,-1,-27,-1,-27,-2,-27,-2,-26,-3,-26,-4,-26,-4,-25,-5,-25,-6,-25,-7,-25,-9,-6,-3,0,0,0,0,0,0,0,0,0,0,0,0,0,0,0,0,0,0,-5,-3,-17,-10,-16,-11,-16,-11,-16,-12,-16,-13,-16,-13,-16,-13,-16,-14,-16,-14,-16,-15,-16,-16,-16,-16,-16,-17,-16,-16,-17,-16,-17,-15,-17,-15,-18,-14,-18,-14,-18,-13,-19,-13,-19,-13,-20,-12,-21,-11,-21,-11,-21,-10]"
CSI_DATA,98232,d8:b1:90:db:e8:90,-52,11,1,7,0,0,1,0,0,0,1,-95,0,4,0,1490810461,0,100,0,128,1,"[100,-64,5,0,-16,-15,-17,-15,-17,-14,-17,-14,-17,-13,-18,-12,-18,-12,-19,-12,-20,-11,-21,-11,-21,-11,-22,-11,-23,-11,-23,-11,-23,-11,-22,-12,-22,-12,-22,-13,-21,-13,-21,-14,-21,-15,-21,-16,-20,-16,-19,-17,-18,-18,-5,-5,0,0,0,0,0,0,0,0,0,0,0,0,0,0,0,0,0,0,-4,-4,-13,-13,-12,-14,-11,-15,-11,-16,-11,-16,-11,-17,-11,-17,-11,-18,-11,-18,-11,-19,-11,-19,-11,-19,-11,-19,-11,-20,-11,-19,-11,-19,-12,-19,-12,-18,-13,-18,-13,-17,-13,-17,-14,-17,-14,-17,-15,-17,-15,-17,-15,-16]"
CSI_DATA,98233,d8:b1:90:db:e8:90,-53,11,1,7,0,0,1,0,0,0,1,-95,0,4,0,1490825648,0,100,0,128,1,"[100,-64,5,0,21,-11,21,-11,20,-12,19,-13,19,-13,18,-14,18,-15,18,-15,18,-16,18,-17,18,-17,18,-18,18,-18,19,-18,19,-18,20,-18,20,-18,21,-18,21,-17,22,-17,22,-16,22,-15,23,-14,24,-13,25,-12,6,-3,0,0,0,0,0,0,0,0,0,0,0,0,0,0,0,0,0,0,4,-2,17,-7,18,-6,19,-6,19,-5,20,-4,20,-4,21,-4,21,-4,22,-4,22,-3,22,-3,23,-4,23,-3,23,-4,22,-4,22,-4,23,-5,22,-5,22,-6,21,-6,21,-7,21,-8,22,-9,22,-9,22,-9,22,-10]"
CSI_DATA,98234,d8:b1:90:db:e8:90,-52,11,1,7,0,0,1,0,0,0,1,-95,0,4,0,1490835984,0,100,0,128,1,"[100,-64,5,0,9,-21,8,-21,7,-21,7,-21,6,-21,5,-21,4,-22,4,-23,4,-23,3,-24,2,-24,2,-24,2,-24,2,-25,3,-25,3,-26,3,-26,3,-26,4,-26,4,-26,5,-25,6,-25,7,-24,8,-24,10,-24,2,-6,0,0,0,0,0,0,0,0,0,0,0,0,0,0,0,0,0,0,2,-4,10,-15,11,-15,12,-15,12,-15,13,-15,14,-15,14,-15,15,-15,15,-15,15,-15,16,-15,16,-16,16,-16,15,-16,15,-16,15,-16,15,-17,14,-17,13,-17,12,-17,12,-18,12,-18,12,-19,11,-19,11,-20,11,-20]"
CSI_DATA,98235,d8:b1:90:db:e8:90,-53,11,1,7,0,0,1,0,0,0,1,-95,0,4,0,1490865321,0,100,0,128,1,"[100,-64,5,0,-7,23,-6,23,-5,23,-5,23,-3,23,-2,23,-1,23,-1,23,0,23,0,24,0,24,-1,25,-1,26,-1,26,-2,27,-2,27,-3,26,-4,26,-4,26,-5,26,-5,25,-6,25,-8,25,-9,25,-11,24,-3,6,0,0,0,0,0,0,0,0,0,0,0,0,0,0,0,0,0,0,-3,4,-10,17,-11,17,-11,17,-12,17,-13,17,-13,17,-14,17,-14,18,-15,18,-15,18,-15,18,-15,18,-14,18,-14,18,-14,19,-13,20,-13,20,-13,20,-12,20,-11,20,-10,21,-10,22,-9,22,-9,22,-9,23,-8,23]"
CSI_DATA,98236,d8:b1:90:db:e8:90,-52,11,1,7,0,0,1,0,0,0,1,-95,0,4,0,1490876461,0,100,0,128,1,"[100,-64,5,0,23,-7,23,-8,22,-8,22,-9,22,-10,21,-11,21,-12,21,-12,20,-13,21,-14,21,-15,21,-15,21,-15,22,-15,22,-15,23,-15,24,-15,24,-14,24,-14,24,-13,24,-12,24,-11,25,-10,25,-9,26,-7,6,-2,0,0,0,0,0,0,0,0,0,0,0,0,0,0,0,0,0,0,5,-2,20,-4,20,-3,20,-3,20,-2,21,-1,22,-1,23,-1,23,-1,23,0,24,0,24,0,24,0,24,0,24,0,24,0,24,0,24,-1,24,-2,24,-3,23,-3,23,-4,24,-4,24,-5,24,-5,24,-6,24,-6]"
CSI_DATA,98237,d8:b1:90:db:e8:90,-52,11,1,7,0,0,1,0,0,0,1,-95,0,4,0,1490897690,0,100,0,128,1,"[100,-64,5,0,-2,-26,-2,-25,-3,-25,-4,-24,-5,-24,-6,-24,-6,-24,-7,-24,-8,-24,-8,-24,-9,-24,-10,-24,-10,-25,-10,-25,-10,-26,-10,-27,-9,-27,-9,-27,-8,-27,-7,-27,-6,-27,-5,-27,-3,-27,-2,-27,0,-27,0,-7,0,0,0,0,0,0,0,0,0,0,0,0,0,0,0,0,0,0,0,-6,1,-21,2,-21,3,-22,3,-22,4,-23,5,-23,5,-23,5,-23,6,-24,7,-24,7,-24,7,-24,7,-24,7,-24,6,-23,6,-23,6,-23,5,-24,4,-24,4,-25,3,-25,2,-25,1,-25,1,-25,0,-25,0,-26]"
CSI_DATA,98238,d8:b1:90:db:e8:90,-52,11,1,7,0,0,1,0,0,0,1,-95,0,4,0,1490911285,0,100,0,128,1,"[100,-64,5,0,9,-20,9,-20,8,-20,7,-20,7,-20,6,-20,5,-21,5,-21,4,-22,4,-22,3,-22,3,-23,3,-23,4,-24,5,-24,6,-24,6,-24,7,-24,7,-24,7,-23,8,-23,9,-22,10,-22,10,-21,11,-21,2,-6,0,0,0,0,0,0,0,0,0,0,0,0,0,0,0,0,0,0,2,-4,9,-16,10,-16,11,-16,11,-15,12,-15,13,-15,13,-16,14,-16,14,-16,14,-16,14,-16,14,-17,14,-17,13,-17,13,-17,13,-17,13,-18,13,-18,12,-18,12,-18,12,-19,11,-19,11,-19,11,-19,11,-20,11,-20]"
CSI_DATA,98239,d8:b1:90:db:e8:90,-52,11,1,7,0,0,1,0,0,0,1,-95,0,4,0,1490922338,0,100,0,128,1,"[100,-64,5,0,-25,6,-25,7,-24,7,-23,8,-22,8,-22,9,-22,10,-22,10,-22,11,-21,12,-22,13,-22,14,-23,14,-23,14,-24,14,-25,13,-25,12,-26,11,-26,11,-26,10,-26,10,-26,9,-26,8,-26,6,-27,5,-7,1,0,0,0,0,0,0,0,0,0,0,0,0,0,0,0,0,0,0,-6,1,-22,4,-22,2,-23,1,-23,1,-23,0,-24,0,-25,-1,-25,-1,-25,-1,-26,-1,-26,0,-25,0,-25,-1,-26,0,-26,0,-26,1,-26,1,-26,2,-26,2,-26,2,-26,3,-26,4,-25,4,-25,4,-26,5,-26,5]"
CSI_DATA,98240,d8:b1:90:db:e8:90,-52,11,1,7,0,0,1,0,0,0,1,-95,0,4,0,1490934646,0,100,0,128,1,"[100,-64,5,0,-25,3,-25,4,-24,4,-24,5,-24,6,-24,7,-23,7,-23,8,-23,9,-23,9,-24,10,-24,10,-24,10,-24,11,-25,11,-25,10,-26,10,-26,9,-26,8,-26,8,-26,7,-26,6,-26,5,-26,4,-27,3,-7,0,0,0,0,0,0,0,0,0,0,0,0,0,0,0,0,0,0,0,-6,0,-23,1,-23,0,-23,-1,-24,-2,-24,-3,-24,-3,-25,-3,-25,-4,-25,-4,-26,-5,-26,-6,-25,-6,-25,-6,-25,-6,-25,-5,-25,-4,-25,-4,-25,-3,-26,-3,-26,-2,-26,-2,-26,-1,-25,0,-25,0,-25,1,-26,2]"
CSI_DATA,98241,d8:b1:90:db:e8:90,-52,11,1,7,0,0,1,0,0,0,1,-95,0,4,0,1490966456,0,100,0,128,1,"[100,-64,5,0,3,-23,2,-23,2,-23,2,-22,1,-22,0,-22,-1,-22,-1,-22,-2,-22,-3,-23,-3,-23,-4,-23,-4,-24,-4,-24,-4,-25,-3,-25,-3,-25,-2,-25,-2,-25,-1,-25,0,-24,1,-24,2,-24,3,-24,4,-24,1,-6,0,0,0,0,0,0,0,0,0,0,0,0,0,0,0,0,0,0,1,-5,4,-19,5,-19,7,-19,7,-20,8,-20,9,-20,9,-20,9,-20,10,-21,10,-21,11,-21,11,-21,10,-21,10,-21,10,-21,10,-21,10,-21,9,-21,9,-21,8,-22,7,-22,7,-22,6,-23,6,-23,6,-23,5,-23]"
CSI_DATA,98242,d8:b1:90:db:e8:90,-52,11,1,7,0,0,1,0,0,0,1,-95,0,4,0,1490979259,0,100,0,128,1,"[100,-64,5,0,-11,19,-10,19,-10,19,-9,19,-8,19,-7,19,-6,19,-6,19,-5,20,-5,20,-4,20,-4,21,-5,21,-5,22,-5,22,-5,22,-6,22,-6,22,-6,22,-7,22,-7,21,-8,21,-9,21,-10,20,-12,20,-3,5,0,0,0,0,0,0,0,0,0,0,0,0,0,0,0,0,0,0,-3,4,-11,16,-12,16,-13,16,-13,15,-14,16,-15,16,-16,16,-16,16,-17,16,-17,16,-18,16,-18,16,-18,16,-18,16,-18,16,-17,15,-17,16,-16,16,-16,17,-15,17,-14,17,-14,18,-14,18,-13,18,-13,18,-13,19]"
CSI_DATA,98243,d8:b1:90:db:e8:90,-53,11,1,7,0,0,1,0,0,0,1,-95,0,4,0,1490991138,0,100,0,128,1,"[100,-64,5,0,-3,23,-3,23,-2,23,-1,22,-1,22,0,21,1,21,2,22,3,22,3,22,4,22,5,23,5,23,5,24,5,24,4,25,4,25,3,24,3,24,2,25,1,25,0,24,-1,24,-2,25,-3,25,-1,6,0,0,0,0,0,0,0,0,0,0,0,0,0,0,0,0,0,0,-1,5,-4,20,-6,20,-7,21,-7,21,-8,21,-9,21,-10,21,-11,21,-11,22,-12,22,-12,22,-12,22,-12,22,-12,22,-11,22,-11,22,-11,22,-10,22,-9,22,-9,23,-8,23,-8,23,-7,23,-7,23,-6,24,-5,24]"
CSI_DATA,98244,d8:b1:90:db:e8:90,-52,11,1,7,0,0,1,0,0,0,1,-95,0,4,0,1491002587,0,100,0,128,1,"[100,-64,5,0,11,18,12,17,12,17,12,16,12,16,13,15,14,14,14,14,14,14,15,14,15,14,16,14,16,14,16,14,17,14,17,15,17,16,16,16,16,16,15,17,15,17,15,18,13,18,12,19,11,19,2,4,0,0,0,0,0,0,0,0,0,0,0,0,0,0,0,0,0,0,2,4,10,17,10,17,9,18,8,18,8,19,8,19,7,20,7,20,7,20,7,21,6,22,6,22,6,22,6,22,6,22,6,22,7,21,7,21,8,21,8,21,9,20,9,20,10,20,10,20,10,20,11,19]"
CSI_DATA,98245,d8:b1:90:db:e8:90,-52,11,1,7,0,0,1,0,0,0,1,-95,0,4,0,1491014608,0,100,0,128,1,"[100,-64,5,0,-22,3,-22,3,-21,4,-21,5,-21,6,-20,6,-20,7,-20,8,-20,8,-20,9,-20,9,-20,10,-20,10,-20,11,-20,10,-21,10,-21,10,-21,10,-22,10,-22,9,-22,8,-23,7,-23,7,-23,6,-23,4,-6,0,0,0,0,0,0,0,0,0,0,0,0,0,0,0,0,0,0,0,-6,0,-21,1,-21,0,-21,-1,-21,-2,-22,-2,-22,-2,-22,-3,-23,-3,-23,-3,-23,-4,-24,-4,-24,-5,-24,-4,-24,-4,-24,-4,-24,-4,-24,-3,-24,-3,-24,-2,-24,-1,-24,-1,-24,0,-24,1,-24,1,-24,1,-23,2]"
CSI_DATA,98246,d8:b1:90:db:e8:90,-52,11,1,7,0,0,1,0,0,0,1,-95,0,4,0,1491029638,0,100,0,128,1,"[100,-64,5,0,13,20,13,19,14,18,14,18,15,17,16,16,16,16,16,15,17,15,17,14,18,14,18,14,19,14,19,15,19,15,19,16,19,16,19,16,18,17,18,17,17,18,17,18,16,19,14,20,13,21,3,5,0,0,0,0,0,0,0,0,0,0,0,0,0,0,0,0,0,0,2,4,11,18,10,19,9,19,8,20,8,21,7,22,7,22,7,23,7,23,7,24,7,24,7,24,7,25,7,24,7,23,7,23,7,22,8,22,9,23,10,23,10,23,11,22,11,22,12,21,13,21,13,21]"
CSI_DATA,98247,d8:b1:90:db:e8:90,-52,11,1,7,0,0,1,0,0,0,1,-95,0,4,0,1491041481,0,100,0,128,1,"[100,-64,5,0,1,22,1,22,2,21,3,21,4,21,5,20,5,20,6,20,6,20,7,20,8,20,8,20,9,20,9,20,9,21,8,21,8,21,8,21,7,22,6,22,6,22,5,22,3,22,2,23,1,23,0,5,0,0,0,0,0,0,0,0,0,0,0,0,0,0,0,0,0,0,-1,5,-1,20,-2,20,-3,20,-4,20,-5,21,-5,21,-6,21,-6,21,-6,22,-7,22,-7,23,-7,23,-7,23,-7,23,-6,23,-6,23,-6,23,-5,23,-4,22,-3,22,-2,22,-2,22,-1,23,-1,23,0,23,0,23]"
CSI_DATA,98248,d8:b1:90:db:e8:90,-52,11,1,7,0,0,1,0,0,0,1,-95,0,4,0,1491068297,0,100,0,128,1,"[100,-64,5,0,-11,-24,-11,-24,-12,-23,-12,-22,-13,-21,-14,-21,-14,-20,-15,-20,-15,-19,-16,-19,-17,-19,-17,-19,-18,-19,-18,-20,-18,-20,-18,-21,-17,-21,-17,-21,-16,-21,-15,-22,-15,-23,-14,-23,-13,-24,-11,-25,-10,-25,-3,-7,0,0,0,0,0,0,0,0,0,0,0,0,0,0,0,0,0,0,-3,-6,-9,-22,-8,-23,-7,-23,-6,-24,-5,-25,-5,-25,-4,-25,-4,-26,-4,-26,-4,-27,-4,-27,-4,-27,-4,-28,-4,-28,-4,-28,-4,-28,-5,-28,-5,-27,-6,-26,-7,-26,-8,-25,-8,-25,-9,-26,-10,-26,-10,-25,-10,-25]"
CSI_DATA,98249,d8:b1:90:db:e8:90,-52,11,1,7,0,0,1,0,0,0,0,-95,0,4,0,1491078485,0,100,0,128,1,"[100,-64,5,0,20,14,20,13,20,12,20,11,20,11,21,10,21,9,22,9,22,8,22,7,23,7,23,7,24,7,24,7,24,7,25,8,25,9,24,9,24,10,23,10,23,11,23,12,22,13,21,14,21,15,5,3,0,0,0,0,0,0,0,0,0,0,0,0,0,0,0,0,0,0,4,3,18,14,17,15,17,16,16,17,16,18,16,18,16,18,17,18,17,19,17,20,17,21,17,21,17,21,17,21,16,21,16,21,16,20,17,20,17,19,17,18,18,17,19,17,19,17,19,17,19,17,19,16]"
CSI_DATA,98250,d8:b1:90:db:e8:90,-52,11,1,7,0,0,1,0,0,0,0,-95,0,4,0,1491091115,0,100,0,128,1,"[100,-64,5,0,-12,-24,-13,-23,-13,-22,-13,-21,-14,-21,-14,-20,-15,-19,-15,-19,-16,-18,-17,-18,-18,-18,-18,-18,-18,-18,-19,-19,-19,-20,-19,-20,-19,-20,-18,-21,-17,-21,-17,-21,-16,-21,-15,-21,-15,-22,-14,-23,-12,-24,-3,-7,0,0,0,0,0,0,0,0,0,0,0,0,0,0,0,0,0,0,-3,-6,-10,-21,-9,-22,-7,-23,-7,-24,-6,-25,-5,-25,-5,-25,-4,-26,-4,-26,-4,-27,-4,-27,-4,-27,-4,-27,-5,-28,-5,-27,-5,-26,-5,-26,-6,-26,-6,-26,-7,-26,-8,-26,-9,-26,-10,-25,-10,-25,-11,-25,-11,-25]"
CSI_DATA,98251,d8:b1:90:db:e8:90,-52,11,1,7,0,0,1,0,0,0,0,-95,0,4,0,1491108451,0,100,0,128,1,"[100,-64,5,0,-12,19,-12,19,-11,19,-10,19,-9,19,-9,20,-8,20,-7,20,-7,20,-6,21,-6,21,-5,22,-5,22,-5,23,-6,23,-6,23,-7,23,-7,23,-7,22,-8,22,-9,21,-10,21,-11,20,-12,19,-13,19,-4,4,0,0,0,0,0,0,0,0,0,0,0,0,0,0,0,0,0,0,-3,4,-12,17,-13,17,-14,16,-14,16,-15,16,-16,16,-17,16,-17,16,-18,16,-19,16,-19,16,-19,16,-19,16,-19,16,-18,15,-18,15,-18,16,-17,16,-17,17,-16,18,-16,18,-15,19,-15,19,-15,19,-14,19,-14,19]"
CSI_DATA,98252,d8:b1:90:db:e8:90,-52,11,1,7,0,0,1,0,0,0,0,-95,0,4,0,1491123766,0,100,0,128,1,"[100,-64,5,0,-12,-20,-12,-19,-12,-19,-12,-18,-12,-17,-13,-17,-14,-16,-14,-15,-15,-15,-16,-15,-17,-15,-17,-15,-17,-15,-17,-16,-17,-16,-17,-16,-17,-17,-16,-17,-16,-18,-15,-18,-15,-18,-14,-18,-13,-19,-12,-20,-11,-21,-3,-6,0,0,0,0,0,0,0,0,0,0,0,0,0,0,0,0,0,0,-3,-5,-10,-18,-9,-19,-8,-20,-7,-20,-7,-21,-7,-21,-6,-22,-6,-23,-6,-23,-6,-24,-6,-24,-6,-24,-6,-24,-6,-24,-5,-23,-5,-23,-6,-23,-7,-23,-8,-23,-8,-23,-9,-22,-9,-22,-10,-21,-10,-21,-11,-21,-11,-21]"
CSI_DATA,98253,d8:b1:90:db:e8:90,-52,11,1,6,0,0,1,0,0,0,1,-95,0,4,0,1491135623,0,100,0,128,1,"[100,-64,5,0,-1,21,0,23,2,23,4,24,5,24,7,23,9,23,11,22,12,21,13,20,14,19,15,19,15,19,14,18,14,19,13,19,12,19,11,19,10,19,8,18,7,17,6,16,4,14,2,13,0,11,-1,2,0,0,0,0,0,0,0,0,0,0,0,0,0,0,0,0,0,0,1,-7,5,-25,6,-25,6,-25,6,-24,5,-23,5,-21,5,-19,5,-17,5,-15,4,-13,5,-10,5,-7,5,-5,6,-3,6,-2,6,0,6,1,6,2,6,3,5,4,4,5,3,6,2,8,1,10,0,12,-1,14]"
CSI_DATA,98254,d8:b1:90:db:e8:90,-51,11,1,6,0,0,1,0,0,0,1,-95,0,4,0,1491147466,0,100,0,128,1,"[100,-64,5,0,-25,8,-26,10,-27,12,-27,14,-26,16,-24,17,-23,19,-21,20,-20,21,-19,22,-18,23,-17,23,-17,24,-17,24,-17,23,-18,22,-18,21,-19,20,-19,18,-18,17,-18,15,-17,13,-16,10,-14,7,-13,5,-4,1,0,0,0,0,0,0,0,0,0,0,0,0,0,0,0,0,0,0,7,-2,29,-8,29,-7,29,-6,28,-6,27,-5,25,-5,23,-4,20,-4,17,-3,15,-1,12,0,10,2,7,3,5,5,3,6,2,6,1,7,-1,7,-2,7,-3,6,-5,5,-7,5,-10,4,-13,4,-15,4,-18,5]"
CSI_DATA,98255,d8:b1:90:db:e8:90,-52,11,1,7,0,0,1,0,0,0,1,-95,0,4,0,1491175340,0,100,0,128,1,"[100,-64,5,0,-21,-3,-21,-2,-21,-2,-21,-1,-21,0,-20,1,-20,1,-20,2,-20,3,-20,3,-21,4,-21,4,-21,4,-21,4,-22,4,-22,3,-22,3,-22,3,-22,2,-22,1,-22,1,-22,0,-22,-1,-21,-2,-21,-4,-6,-1,0,0,0,0,0,0,0,0,0,0,0,0,0,0,0,0,0,0,-5,-1,-19,-3,-19,-4,-19,-5,-19,-6,-19,-6,-20,-7,-21,-8,-21,-8,-21,-9,-22,-9,-22,-9,-22,-9,-22,-10,-21,-10,-21,-10,-21,-9,-21,-9,-21,-8,-21,-8,-22,-7,-22,-6,-22,-6,-22,-5,-22,-4,-22,-4,-22,-3]"
CSI_DATA,98256,d8:b1:90:db:e8:90,-52,11,1,7,0,0,1,0,0,0,1,-95,0,4,0,1491186047,0,100,0,128,1,"[100,-64,5,0,23,5,22,5,22,4,22,3,23,2,23,1,23,0,22,0,22,-1,23,-2,23,-2,24,-2,24,-3,24,-3,25,-2,25,-2,25,-1,25,-1,25,0,24,1,24,1,24,2,24,3,23,5,23,7,5,1,0,0,0,0,0,0,0,0,0,0,0,0,0,0,0,0,0,0,5,1,20,6,19,7,20,8,20,8,20,9,20,10,21,11,21,12,21,12,22,12,22,13,22,13,22,13,22,13,22,13,22,13,22,12,22,12,22,11,22,10,23,10,23,9,23,8,23,7,24,7,24,7]"
CSI_DATA,98257,d8:b1:90:db:e8:90,-52,11,1,7,0,0,1,0,0,0,1,-95,0,4,0,1491201737,0,100,0,128,1,"[100,-64,5,0,3,23,4,23,4,22,5,22,6,21,7,21,7,20,8,19,8,19,9,19,9,19,10,20,10,20,10,21,10,21,10,22,10,22,9,22,9,22,8,23,8,23,7,23,6,23,4,23,3,24,0,6,0,0,0,0,0,0,0,0,0,0,0,0,0,0,0,0,0,0,0,5,2,21,1,21,0,21,-1,21,-2,22,-2,22,-3,23,-3,23,-3,24,-4,24,-4,24,-4,24,-4,25,-4,24,-4,24,-4,23,-3,23,-3,23,-2,23,-1,23,0,24,0,24,1,24,1,23,2,24,2,24]"
CSI_DATA,98258,d8:b1:90:db:e8:90,-52,11,1,7,0,0,1,0,0,0,1,-95,0,4,0,1491214558,0,100,0,128,1,"[100,-64,5,0,2,22,2,22,3,21,4,21,4,21,5,20,6,20,6,20,7,19,8,19,8,20,9,20,9,20,9,21,9,21,9,22,9,22,9,22,8,22,7,23,7,23,6,22,5,22,3,22,2,23,0,5,0,0,0,0,0,0,0,0,0,0,0,0,0,0,0,0,0,0,0,4,1,19,0,19,-1,20,-2,20,-3,21,-3,21,-3,22,-4,22,-4,22,-5,23,-5,23,-6,23,-6,23,-6,23,-5,23,-5,22,-5,22,-4,22,-3,22,-3,23,-2,23,-1,23,-1,23,0,24,0,24,1,23]"
CSI_DATA,98259,d8:b1:90:db:e8:90,-53,11,1,7,0,0,1,0,0,0,1,-95,0,4,0,1491226465,0,100,0,128,1,"[100,-64,5,0,15,-19,14,-19,14,-19,13,-19,12,-20,11,-20,10,-20,10,-21,9,-21,9,-22,9,-22,9,-22,9,-23,9,-23,10,-24,10,-24,11,-24,11,-24,11,-23,12,-23,13,-22,14,-21,14,-21,15,-20,16,-19,4,-5,0,0,0,0,0,0,0,0,0,0,0,0,0,0,0,0,0,0,3,-5,13,-17,13,-17,15,-16,15,-16,16,-16,17,-16,18,-16,18,-15,19,-15,19,-15,20,-15,20,-15,20,-15,20,-15,20,-15,20,-15,19,-15,19,-16,18,-16,18,-16,18,-17,18,-17,17,-18,17,-18,17,-19,16,-19]"
CSI_DATA,98260,d8:b1:90:db:e8:90,-52,11,1,7,0,0,1,0,0,0,1,-95,0,4,0,1491238363,0,100,0,128,1,"[100,-64,5,0,0,25,0,25,1,24,2,24,3,24,4,23,5,23,5,23,6,23,7,23,7,23,7,24,7,24,7,25,7,25,7,26,7,26,6,26,6,26,5,26,4,25,3,25,2,26,0,26,-1,26,-1,6,0,0,0,0,0,0,0,0,0,0,0,0,0,0,0,0,0,0,-1,5,-2,21,-3,21,-3,21,-4,22,-5,22,-6,23,-6,23,-6,23,-7,24,-7,24,-8,25,-8,25,-8,25,-8,25,-8,25,-7,25,-7,25,-6,25,-6,24,-5,25,-4,25,-3,25,-3,26,-2,26,-2,26,-1,26]"
CSI_DATA,98261,d8:b1:90:db:e8:90,-52,11,1,7,0,0,1,0,0,0,1,-95,0,4,0,1491249042,0,100,0,128,1,"[100,-64,5,0,17,18,17,18,17,17,17,16,18,16,18,15,19,14,19,13,19,13,19,12,20,12,21,12,22,12,22,13,22,13,22,14,22,14,21,15,21,15,20,16,19,16,19,16,18,17,18,19,17,20,4,5,0,0,0,0,0,0,0,0,0,0,0,0,0,0,0,0,0,0,3,4,13,16,12,17,12,18,11,19,11,20,11,20,11,21,11,21,11,22,11,22,11,22,11,23,11,23,11,23,11,23,11,23,12,22,12,22,13,22,13,21,14,21,15,21,15,20,15,20,16,20,16,19]"
CSI_DATA,98262,d8:b1:90:db:e8:90,-53,11,1,7,0,0,1,0,0,0,1,-95,0,4,0,1491277538,0,100,0,128,1,"[100,-64,5,0,23,-6,22,-6,22,-7,22,-7,22,-8,21,-9,21,-10,20,-10,20,-11,20,-12,20,-12,21,-12,21,-13,21,-13,22,-13,22,-13,22,-12,23,-12,23,-11,23,-11,23,-10,23,-9,23,-8,24,-7,24,-6,6,-2,0,0,0,0,0,0,0,0,0,0,0,0,0,0,0,0,0,0,5,-1,20,-3,20,-2,21,-2,21,-1,22,0,23,0,23,0,23,0,24,1,24,1,24,1,24,1,24,1,24,1,24,1,25,0,25,0,24,-1,24,-1,24,-2,24,-2,25,-3,24,-3,24,-4,24,-4,24,-5]"
CSI_DATA,98263,d8:b1:90:db:e8:90,-53,11,1,7,0,0,1,0,0,0,1,-95,0,4,0,1491290163,0,100,0,128,1,"[100,-64,5,0,-18,16,-17,16,-17,16,-16,17,-15,17,-14,18,-14,18,-13,19,-13,19,-12,20,-12,20,-12,21,-12,21,-12,22,-13,22,-13,22,-13,21,-14,21,-14,20,-15,20,-16,19,-16,19,-17,18,-18,18,-19,17,-5,4,0,0,0,0,0,0,0,0,0,0,0,0,0,0,0,0,0,0,-4,3,-15,13,-16,12,-17,11,-18,10,-19,10,-20,10,-20,10,-21,10,-22,10,-22,10,-22,10,-22,10,-22,10,-22,10,-22,10,-22,10,-22,11,-22,11,-21,12,-20,12,-20,13,-20,13,-20,14,-20,15,-19,15,-19,15]"
CSI_DATA,98264,d8:b1:90:db:e8:90,-52,11,1,7,0,0,1,0,0,0,1,-95,0,4,0,1491304757,0,100,0,128,1,"[100,-64,5,0,20,-13,19,-13,18,-14,17,-14,17,-15,16,-15,15,-16,15,-17,15,-18,14,-18,14,-19,14,-19,14,-19,15,-19,15,-19,16,-19,16,-19,16,-18,17,-18,18,-17,18,-17,19,-16,19,-15,20,-14,21,-13,5,-4,0,0,0,0,0,0,0,0,0,0,0,0,0,0,0,0,0,0,4,-3,16,-11,17,-10,17,-9,17,-9,18,-8,19,-8,20,-8,22,-8,22,-8,23,-7,23,-7,23,-6,23,-6,23,-6,22,-6,22,-6,22,-7,22,-8,22,-9,21,-9,21,-10,21,-11,21,-11,20,-12,20,-12,20,-13]"
CSI_DATA,98265,d8:b1:90:db:e8:90,-52,11,1,7,0,0,1,0,0,0,1,-95,0,4,0,1491317324,0,100,0,128,1,"[100,-64,5,0,21,-10,20,-11,20,-11,19,-11,19,-12,18,-13,18,-13,17,-14,17,-15,16,-16,17,-16,17,-16,17,-16,17,-17,18,-17,18,-16,18,-16,19,-16,19,-15,20,-14,20,-13,20,-13,21,-12,22,-11,23,-10,5,-3,0,0,0,0,0,0,0,0,0,0,0,0,0,0,0,0,0,0,4,-2,18,-8,18,-7,18,-6,18,-6,19,-5,20,-5,21,-4,22,-4,22,-3,23,-3,23,-3,23,-2,23,-2,23,-2,23,-2,23,-3,22,-3,22,-4,22,-5,22,-6,22,-6,22,-7,22,-8,21,-8,21,-9,22,-9]"
CSI_DATA,98266,d8:b1:90:db:e8:90,-52,11,1,7,0,0,1,0,0,0,1,-95,0,4,0,1491330591,0,100,0,128,1,"[100,-64,5,0,-18,17,-17,17,-16,18,-16,18,-15,19,-14,19,-13,19,-13,20,-12,20,-11,20,-11,21,-11,22,-11,22,-11,23,-12,23,-12,23,-13,23,-13,23,-13,22,-14,22,-14,21,-15,20,-16,20,-17,18,-18,17,-5,4,0,0,0,0,0,0,0,0,0,0,0,0,0,0,0,0,0,0,-4,3,-16,13,-16,12,-17,12,-18,11,-19,11,-19,11,-20,11,-21,11,-21,11,-22,11,-22,10,-22,10,-22,10,-21,10,-22,11,-22,11,-22,12,-21,12,-20,12,-20,13,-20,13,-20,14,-20,15,-20,16,-19,16,-19,16]"
CSI_DATA,98267,d8:b1:90:db:e8:90,-52,11,1,7,0,0,1,0,0,0,1,-95,0,4,0,1491342936,0,100,0,128,1,"[100,-64,5,0,-1,23,-1,23,0,23,1,22,2,22,3,22,4,22,4,22,5,22,6,22,6,22,7,23,7,24,7,24,7,25,7,25,6,25,6,25,6,25,5,25,4,25,3,25,2,25,0,26,-1,25,-1,6,0,0,0,0,0,0,0,0,0,0,0,0,0,0,0,0,0,0,-1,4,-2,19,-3,19,-4,20,-5,20,-5,21,-6,21,-7,21,-7,21,-8,22,-8,22,-8,22,-8,22,-8,22,-8,22,-8,22,-8,22,-7,22,-7,22,-6,22,-5,23,-4,23,-4,23,-4,23,-3,24,-3,24,-2,24]"
CSI_DATA,98268,d8:b1:90:db:e8:90,-52,11,1,7,0,0,1,0,0,0,1,-95,0,4,0,1491377406,0,100,0,128,1,"[100,-64,5,0,18,-19,17,-19,16,-19,15,-19,15,-20,14,-20,13,-21,12,-22,12,-23,11,-24,11,-24,11,-25,11,-25,11,-26,11,-26,12,-25,12,-25,12,-25,13,-25,14,-25,15,-24,16,-23,17,-23,18,-22,19,-22,4,-6,0,0,0,0,0,0,0,0,0,0,0,0,0,0,0,0,0,0,4,-4,16,-14,17,-13,18,-13,19,-12,20,-12,21,-12,21,-12,22,-12,22,-12,23,-12,23,-12,23,-12,23,-12,23,-12,23,-12,22,-12,22,-13,22,-14,22,-14,21,-15,21,-16,20,-16,20,-16,19,-17,19,-17,19,-18]"
CSI_DATA,98269,d8:b1:90:db:e8:90,-52,11,1,7,0,0,1,0,0,0,1,-95,0,4,0,1491391681,0,100,0,128,1,"[100,-64,5,0,17,-16,16,-16,15,-17,14,-18,14,-18,13,-19,12,-19,12,-20,11,-20,10,-21,10,-22,10,-22,10,-23,11,-23,11,-23,12,-23,12,-23,13,-23,13,-22,14,-22,14,-21,14,-21,15,-20,17,-19,18,-19,4,-5,0,0,0,0,0,0,0,0,0,0,0,0,0,0,0,0,0,0,3,-3,14,-12,15,-12,16,-12,16,-11,17,-11,17,-11,18,-11,19,-11,19,-11,19,-11,20,-10,20,-10,20,-10,20,-10,20,-10,20,-10,20,-11,19,-11,19,-12,19,-13,19,-13,19,-14,18,-15,18,-15,18,-16,18,-16]"
CSI_DATA,98270,d8:b1:90:db:e8:90,-52,11,1,7,0,0,1,0,0,0,1,-95,0,4,0,1491405523,0,100,0,128,1,"[100,-64,5,0,-5,-24,-5,-24,-5,-23,-6,-23,-7,-22,-8,-22,-9,-22,-10,-22,-11,-22,-12,-22,-12,-22,-12,-22,-12,-23,-12,-23,-12,-24,-12,-24,-12,-24,-11,-24,-11,-24,-10,-24,-10,-24,-9,-24,-8,-25,-6,-26,-4,-27,-1,-7,0,0,0,0,0,0,0,0,0,0,0,0,0,0,0,0,0,0,-1,-5,-2,-19,-1,-20,0,-20,1,-21,1,-22,2,-22,3,-22,4,-22,4,-23,4,-23,4,-24,4,-24,4,-25,4,-25,4,-24,3,-23,2,-23,2,-24,2,-24,1,-24,0,-24,0,-25,-1,-25,-2,-25,-2,-25,-3,-25]"
CSI_DATA,98271,d8:b1:90:db:e8:90,-52,11,1,7,0,0,1,0,0,0,1,-95,0,4,0,1491416880,0,100,0,128,1,"[100,-64,5,0,-24,4,-24,4,-23,4,-23,5,-22,6,-22,7,-22,8,-22,8,-22,9,-22,10,-22,10,-23,10,-23,10,-24,11,-24,11,-24,11,-25,10,-24,9,-24,8,-24,8,-25,8,-25,7,-25,5,-26,4,-26,2,-7,0,0,0,0,0,0,0,0,0,0,0,0,0,0,0,0,0,0,0,-5,0,-20,2,-21,2,-21,1,-22,0,-22,-1,-23,-2,-23,-2,-23,-3,-24,-3,-24,-4,-25,-4,-25,-4,-25,-4,-25,-4,-24,-4,-24,-3,-24,-2,-24,-2,-24,-2,-24,-1,-24,-1,-25,0,-25,0,-25,1,-25,1,-25,2]"
CSI_DATA,98272,d8:b1:90:db:e8:90,-57,11,1,7,0,0,1,0,0,0,1,-95,0,4,0,1491431709,0,100,0,128,1,"[100,-64,5,0,-27,0,-27,0,-26,0,-25,0,-25,0,-25,1,-24,1,-23,2,-23,2,-23,3,-23,3,-22,3,-21,4,-21,4,-20,4,-20,4,-19,4,-19,4,-18,4,-18,4,-17,4,-17,4,-18,4,-18,4,-18,4,-5,0,0,0,0,0,0,0,0,0,0,0,0,0,0,0,0,0,0,0,-7,4,-28,18,-22,9,-9,-9,-2,-19,-1,-19,-5,-16,-16,-8,-21,-4,-22,-4,-22,-4,-23,-5,-23,-5,-23,-5,-23,-5,-23,-5,-23,-4,-24,-4,-24,-3,-24,-3,-25,-2,-25,-2,-26,-1,-26,-1,-27,-1,-27,-1,-27,0]"
CSI_DATA,98273,d8:b1:90:db:e8:90,-56,11,1,7,0,0,1,0,0,0,1,-95,0,4,0,1491441751,0,100,0,128,1,"[100,-64,5,0,-23,15,-22,15,-22,15,-21,15,-20,15,-20,15,-19,15,-18,16,-18,16,-17,16,-16,16,-16,16,-15,16,-14,16,-14,16,-13,16,-13,15,-12,15,-12,15,-11,15,-11,15,-11,15,-11,15,-12,15,-12,15,-3,3,0,0,0,0,0,0,0,0,0,0,0,0,0,0,0,0,0,0,-4,7,-15,31,-15,19,-12,-3,-10,-15,-10,-16,-13,-10,-17,2,-20,9,-21,9,-22,9,-22,9,-22,9,-22,9,-22,9,-22,9,-22,10,-22,11,-22,11,-22,12,-22,12,-22,13,-22,14,-22,15,-23,15,-23,15,-23,16]"
CSI_DATA,98274,d8:b1:90:db:e8:90,-51,11,1,7,0,0,1,0,0,0,1,-95,0,4,0,1491456621,0,100,0,128,1,"[100,-64,5,0,-1,24,0,24,1,23,2,23,3,22,4,22,4,22,5,22,6,22,7,22,7,22,8,23,8,23,8,24,7,24,7,24,7,25,6,25,6,25,6,25,5,25,4,25,3,25,2,25,0,25,-1,6,0,0,0,0,0,0,0,0,0,0,0,0,0,0,0,0,0,0,0,4,-1,19,-2,20,-4,20,-4,21,-5,21,-6,22,-6,21,-7,22,-7,22,-7,23,-7,23,-7,23,-7,23,-7,23,-7,23,-7,23,-6,23,-6,24,-6,24,-5,24,-4,25,-4,25,-3,25,-2,25,-2,25,-1,25]"
CSI_DATA,98275,d8:b1:90:db:e8:90,-51,11,1,7,0,0,1,0,0,0,1,-95,0,4,0,1491480815,0,100,0,128,1,"[100,-64,5,0,-21,14,-20,14,-20,14,-19,14,-18,15,-17,15,-16,16,-16,17,-16,18,-15,18,-15,19,-16,19,-16,20,-16,20,-17,20,-17,20,-18,20,-18,20,-18,19,-19,18,-19,18,-20,17,-20,16,-21,15,-22,14,-6,3,0,0,0,0,0,0,0,0,0,0,0,0,0,0,0,0,0,0,-5,3,-17,11,-18,11,-19,11,-20,11,-21,11,-21,10,-22,9,-22,9,-23,9,-23,9,-24,8,-24,8,-24,8,-24,8,-24,8,-24,9,-24,9,-24,10,-24,10,-24,10,-24,11,-24,12,-23,12,-23,13,-22,13,-22,13]"
CSI_DATA,98276,d8:b1:90:db:e8:90,-52,11,1,7,0,0,1,0,0,0,1,-95,0,4,0,1491492973,0,100,0,128,1,"[100,-64,5,0,17,-13,18,-14,19,-13,17,-12,14,-13,13,-15,13,-18,14,-18,13,-17,10,-17,8,-20,9,-22,10,-23,11,-21,9,-21,8,-22,8,-23,10,-23,10,-22,10,-21,8,-21,9,-22,11,-22,12,-20,11,-19,2,-5,0,0,0,0,0,0,0,0,0,0,0,0,0,0,0,0,0,0,4,1,15,6,14,4,16,1,20,1,21,5,19,7,16,6,18,2,22,1,24,5,21,7,18,5,19,1,23,0,25,2,23,4,19,2,19,-2,22,-5,24,-4,24,-2,21,-3,19,-6,21,-9,23,-10,24,-9]"
CSI_DATA,98277,d8:b1:90:db:e8:90,-51,11,1,7,0,0,1,0,0,0,1,-95,0,4,0,1491510017,0,100,0,128,1,"[100,-64,5,0,-8,-25,-9,-25,-9,-24,-10,-23,-11,-23,-12,-22,-13,-21,-13,-21,-14,-21,-15,-21,-16,-21,-16,-21,-17,-22,-17,-22,-16,-22,-16,-23,-16,-23,-16,-24,-15,-24,-15,-24,-14,-24,-13,-25,-12,-25,-11,-26,-9,-27,-2,-7,0,0,0,0,0,0,0,0,0,0,0,0,0,0,0,0,0,0,-2,-5,-5,-21,-4,-21,-3,-22,-2,-22,-2,-23,-1,-24,-1,-24,-1,-25,0,-25,0,-26,0,-26,0,-26,0,-26,0,-27,0,-27,0,-26,-1,-26,-2,-26,-3,-26,-4,-26,-4,-26,-5,-27,-5,-27,-6,-27,-6,-26,-6,-26]"
CSI_DATA,98278,d8:b1:90:db:e8:90,-51,11,1,7,0,0,1,0,0,0,1,-95,0,4,0,1491533711,0,100,0,128,1,"[100,-64,5,0,16,19,16,18,16,17,17,16,17,15,17,14,18,13,18,13,19,13,19,12,20,12,21,12,21,12,21,12,21,13,21,14,21,14,20,14,20,15,19,15,19,16,18,16,17,17,16,19,15,19,3,5,0,0,0,0,0,0,0,0,0,0,0,0,0,0,0,0,0,0,3,3,13,15,12,16,11,17,11,18,11,19,10,19,10,20,10,20,10,21,10,22,10,22,10,22,10,22,10,23,10,23,10,23,11,22,11,22,12,21,12,21,13,21,14,20,14,20,14,20,14,19,15,19]"
CSI_DATA,98279,d8:b1:90:db:e8:90,-51,11,1,7,0,0,1,0,0,0,1,-95,0,4,0,1491543947,0,100,0,128,1,"[100,-64,5,0,-14,-19,-15,-18,-15,-17,-15,-16,-15,-16,-16,-15,-16,-15,-17,-14,-17,-14,-18,-13,-19,-13,-20,-13,-20,-13,-20,-13,-20,-14,-20,-14,-19,-15,-19,-15,-18,-16,-18,-16,-17,-16,-17,-16,-16,-17,-16,-18,-15,-19,-4,-5,0,0,0,0,0,0,0,0,0,0,0,0,0,0,0,0,0,0,-3,-4,-10,-16,-10,-17,-9,-18,-9,-19,-8,-19,-8,-20,-8,-20,-8,-21,-8,-21,-8,-22,-8,-22,-8,-22,-8,-23,-8,-23,-8,-23,-8,-22,-9,-22,-9,-22,-10,-21,-10,-21,-11,-21,-11,-21,-12,-20,-12,-20,-13,-20,-13,-20]"
CSI_DATA,98280,d8:b1:90:db:e8:90,-51,11,1,7,0,0,1,0,0,0,1,-95,0,4,0,1491555550,0,100,0,128,1,"[100,-64,5,0,16,20,17,19,17,18,17,17,17,16,18,15,18,14,18,13,19,13,19,12,20,12,21,12,21,12,21,12,22,13,22,13,22,14,21,14,20,15,20,15,20,15,19,15,18,17,17,18,17,19,4,4,0,0,0,0,0,0,0,0,0,0,0,0,0,0,0,0,0,0,3,4,14,16,13,17,12,18,11,19,11,19,10,20,10,21,10,22,10,22,10,23,11,23,11,23,11,24,11,24,10,24,10,23,11,23,12,23,12,22,13,22,13,22,14,22,14,21,14,21,15,21,15,20]"
CSI_DATA,98281,d8:b1:90:db:e8:90,-51,11,1,7,0,0,1,0,0,0,1,-95,0,4,0,1491580893,0,100,0,128,1,"[100,-64,5,0,13,22,14,21,14,19,14,18,15,18,15,17,16,16,16,15,17,15,17,15,18,14,18,14,19,14,19,15,19,15,19,16,19,16,19,16,18,17,18,17,17,17,16,18,16,19,15,20,14,21,3,5,0,0,0,0,0,0,0,0,0,0,0,0,0,0,0,0,0,0,2,4,11,17,10,18,9,19,8,20,8,21,8,22,8,22,8,23,8,23,8,24,7,25,7,25,7,25,7,25,7,25,7,24,8,24,9,24,9,24,10,24,11,23,11,23,11,23,11,22,12,22,12,22]"
CSI_DATA,98282,d8:b1:90:db:e8:90,-51,11,1,7,0,0,1,0,0,0,1,-95,0,4,0,1491592669,0,100,0,128,1,"[100,-64,5,0,-8,-16,-14,-14,-18,-15,-18,-18,-17,-20,-15,-18,-13,-13,-15,-8,-19,-6,-23,-7,-24,-10,-23,-12,-20,-10,-18,-6,-19,-1,-23,1,-26,0,-27,-3,-26,-5,-22,-6,-19,-3,-20,1,-24,3,-27,0,-28,-4,-7,-2,0,0,0,0,0,0,0,0,0,0,0,0,0,0,0,0,0,0,3,-3,14,-11,12,-11,10,-13,10,-16,12,-19,15,-19,16,-18,15,-16,11,-15,8,-19,8,-23,11,-26,13,-24,13,-21,10,-18,5,-18,1,-22,0,-26,2,-28,4,-28,4,-24,1,-20,-5,-20,-9,-23,-10,-27,-8,-29]"
CSI_DATA,98283,d8:b1:90:db:e8:90,-51,11,1,7,0,0,1,0,0,0,1,-95,0,4,0,1491610420,0,100,0,128,1,"[100,-64,5,0,24,4,24,4,24,3,23,1,23,0,23,-1,23,-2,23,-2,23,-3,23,-4,24,-4,24,-4,24,-4,25,-4,25,-4,25,-4,25,-4,25,-3,25,-3,25,-2,25,-2,24,-1,24,0,24,1,24,3,6,0,0,0,0,0,0,0,0,0,0,0,0,0,0,0,0,0,0,0,5,0,21,2,21,3,21,4,22,5,22,6,23,7,23,8,23,8,23,9,24,10,24,10,24,10,24,11,24,10,24,10,23,10,23,10,24,9,24,9,25,8,25,8,25,7,25,7,24,6,25,6,26,5]"
CSI_DATA,98284,d8:b1:90:db:e8:90,-51,11,1,7,0,0,1,0,0,0,1,-95,0,4,0,1491622175,0,100,0,128,1,"[100,-64,5,0,20,9,20,9,20,8,20,7,20,6,21,5,21,4,21,4,21,3,21,3,21,2,22,2,22,2,22,2,23,3,22,3,22,3,22,4,22,4,23,4,22,5,22,6,22,7,21,8,20,9,5,2,0,0,0,0,0,0,0,0,0,0,0,0,0,0,0,0,0,0,4,1,18,7,18,8,18,9,18,10,18,11,18,11,18,12,18,13,19,14,19,14,19,14,19,15,19,15,18,15,18,15,18,15,19,15,19,14,20,14,20,13,20,13,21,13,20,12,20,12,20,11,21,11]"
CSI_DATA,98285,d8:b1:90:db:e8:90,-51,11,1,7,0,0,1,0,0,0,1,-95,0,4,0,1491633625,0,100,0,128,1,"[100,-64,5,0,18,-2,22,0,22,-2,19,2,21,6,20,2,17,3,21,7,23,4,18,4,18,9,18,9,14,12,15,16,18,13,14,12,13,19,15,21,7,18,1,22,6,22,2,17,-5,20,-4,23,-2,17,-1,3,0,0,0,0,0,0,0,0,0,0,0,0,0,0,0,0,0,0,-3,-4,-12,-15,-12,-17,-10,-18,-7,-19,-5,-21,-4,-22,-2,-21,1,-23,3,-24,4,-22,8,-21,9,-22,11,-20,13,-20,14,-21,14,-19,17,-16,19,-16,18,-15,19,-12,21,-13,19,-13,19,-10,22,-9,21,-8,20,-4]"
CSI_DATA,98286,d8:b1:90:db:e8:90,-51,11,1,7,0,0,1,0,0,0,1,-95,0,4,0,1491644800,0,100,0,128,1,"[100,-64,5,0,-20,16,-19,16,-18,16,-17,17,-16,17,-15,17,-14,18,-14,18,-14,19,-13,19,-13,20,-13,20,-12,21,-12,21,-13,21,-13,21,-14,21,-14,21,-15,20,-15,20,-16,19,-16,18,-17,17,-18,16,-19,15,-5,3,0,0,0,0,0,0,0,0,0,0,0,0,0,0,0,0,0,0,-4,3,-17,14,-18,13,-19,12,-20,12,-21,12,-21,11,-22,11,-22,11,-23,11,-24,11,-24,11,-24,10,-24,10,-24,11,-24,11,-24,12,-24,12,-24,12,-23,13,-23,13,-23,14,-22,14,-22,15,-21,15,-21,15,-21,16]"
CSI_DATA,98287,d8:b1:90:db:e8:90,-51,11,1,7,0,0,1,0,0,0,1,-95,0,4,0,1491656314,0,100,0,128,1,"[100,-64,5,0,4,-24,3,-24,2,-24,1,-24,0,-24,-1,-24,-1,-24,-2,-24,-3,-24,-3,-24,-4,-24,-4,-24,-4,-25,-4,-25,-4,-26,-4,-26,-4,-26,-4,-26,-3,-26,-3,-26,-2,-26,-1,-25,0,-25,2,-25,3,-25,1,-7,0,0,0,0,0,0,0,0,0,0,0,0,0,0,0,0,0,0,0,-6,4,-21,5,-22,6,-22,7,-22,8,-23,9,-23,9,-23,10,-24,11,-24,11,-24,12,-24,13,-24,13,-24,12,-25,12,-25,12,-25,11,-25,11,-26,10,-26,9,-27,8,-27,7,-27,7,-27,7,-27,6,-27,6,-27]"
CSI_DATA,98288,d8:b1:90:db:e8:90,-51,11,1,7,0,0,1,0,0,0,1,-95,0,4,0,1491686815,0,100,0,128,1,"[100,-64,5,0,-19,18,-18,18,-17,18,-15,18,-15,18,-14,18,-13,19,-13,19,-12,20,-12,20,-11,21,-11,21,-11,22,-11,23,-11,23,-12,23,-12,23,-13,23,-13,22,-14,21,-14,20,-15,20,-16,19,-17,19,-18,18,-5,4,0,0,0,0,0,0,0,0,0,0,0,0,0,0,0,0,0,0,-4,3,-16,13,-16,13,-17,12,-18,12,-19,12,-20,12,-21,12,-22,12,-22,12,-23,12,-24,12,-24,12,-24,12,-23,12,-24,12,-24,13,-24,13,-23,14,-23,14,-22,15,-21,15,-21,16,-21,16,-21,17,-20,17,-20,17]"
CSI_DATA,98289,d8:b1:90:db:e8:90,-51,11,1,7,0,0,1,0,0,0,1,-95,0,4,0,1491698375,0,100,0,128,1,"[100,-64,5,0,15,-20,14,-20,13,-20,12,-20,11,-20,10,-21,10,-21,10,-21,9,-22,8,-22,8,-22,8,-22,8,-23,9,-23,9,-23,9,-24,9,-24,9,-23,10,-23,11,-23,11,-23,12,-22,13,-22,15,-21,16,-20,4,-5,0,0,0,0,0,0,0,0,0,0,0,0,0,0,0,0,0,0,3,-5,13,-17,14,-16,15,-15,16,-15,17,-15,18,-15,19,-15,19,-15,20,-15,20,-15,21,-15,21,-15,21,-15,21,-15,21,-16,21,-16,21,-17,21,-17,20,-17,19,-18,19,-18,19,-19,18,-19,17,-20,17,-20,17,-20]"
CSI_DATA,98290,d8:b1:90:db:e8:90,-51,11,1,7,0,0,1,0,0,0,1,-95,0,4,0,1491718895,0,100,0,128,1,"[100,-64,5,0,21,-2,21,-3,21,-3,21,-4,21,-4,21,-5,20,-6,20,-7,20,-7,20,-8,20,-8,20,-9,20,-9,20,-9,20,-9,21,-9,21,-8,21,-8,21,-8,22,-8,22,-7,22,-6,22,-4,22,-3,22,-2,5,-1,0,0,0,0,0,0,0,0,0,0,0,0,0,0,0,0,0,0,4,-1,18,-3,19,-2,19,-1,20,0,20,0,21,1,21,2,22,2,23,3,23,3,23,4,23,4,23,4,24,4,23,4,23,4,23,4,23,3,23,3,24,2,24,1,24,1,24,1,23,1,23,0,23,-1]"
CSI_DATA,98291,d8:b1:90:db:e8:90,-51,11,1,7,0,0,1,0,0,0,1,-95,0,4,0,1491729674,0,100,0,128,1,"[100,-64,5,0,7,20,8,19,8,19,9,18,9,18,10,17,10,17,11,16,11,16,11,16,12,16,12,16,12,16,13,16,13,17,12,17,12,18,12,18,11,18,11,19,10,19,9,19,8,20,7,20,6,20,1,4,0,0,0,0,0,0,0,0,0,0,0,0,0,0,0,0,0,0,1,4,6,17,6,17,5,18,4,18,4,19,4,20,3,21,3,21,3,22,3,22,3,22,3,22,3,23,3,23,3,23,3,23,3,23,4,23,4,23,4,22,5,22,5,22,6,22,6,22,7,22,7,21]"
CSI_DATA,98292,d8:b1:90:db:e8:90,-51,11,1,7,0,0,1,0,0,0,1,-95,0,4,0,1491743909,0,100,0,128,1,"[100,-64,5,0,-5,23,-4,22,-4,22,-3,22,-2,21,-1,21,0,21,1,21,1,20,2,20,2,20,2,21,2,21,3,22,2,22,2,22,2,23,1,22,1,23,0,23,0,23,-1,23,-2,22,-4,22,-6,22,-2,5,0,0,0,0,0,0,0,0,0,0,0,0,0,0,0,0,0,0,-2,4,-6,18,-7,18,-8,19,-8,19,-9,19,-10,19,-10,20,-11,20,-11,21,-12,21,-12,21,-11,21,-12,22,-12,22,-12,22,-11,22,-11,22,-11,22,-10,22,-9,22,-9,23,-8,23,-8,23,-7,23,-7,23,-6,23]"
CSI_DATA,98293,d8:b1:90:db:e8:90,-51,11,1,7,0,0,1,0,0,0,1,-95,0,4,0,1491756740,0,100,0,128,1,"[100,-64,5,0,-24,3,-23,4,-22,4,-22,5,-22,6,-21,6,-21,7,-20,8,-20,8,-20,9,-20,9,-20,10,-20,10,-20,10,-21,10,-21,10,-21,11,-21,10,-21,10,-22,9,-22,9,-23,8,-23,7,-24,6,-24,5,-6,1,0,0,0,0,0,0,0,0,0,0,0,0,0,0,0,0,0,0,-5,1,-20,4,-20,3,-21,2,-21,1,-22,1,-23,0,-23,0,-24,0,-24,-1,-25,-1,-25,-2,-25,-2,-25,-2,-25,-2,-25,-2,-26,-2,-26,-1,-26,-1,-26,-1,-26,0,-26,0,-25,1,-25,2,-25,2,-25,3,-25,3]"
CSI_DATA,98294,d8:b1:90:db:e8:90,-51,11,1,7,0,0,1,0,0,0,1,-95,0,4,0,1491770935,0,100,0,128,1,"[100,-64,5,0,-14,-19,-14,-18,-15,-17,-15,-17,-15,-16,-16,-16,-16,-15,-16,-14,-17,-13,-18,-13,-18,-13,-18,-13,-18,-13,-19,-13,-19,-13,-19,-13,-19,-13,-19,-13,-19,-14,-19,-15,-19,-15,-18,-15,-18,-16,-17,-17,-16,-18,-4,-5,0,0,0,0,0,0,0,0,0,0,0,0,0,0,0,0,0,0,-4,-4,-13,-16,-12,-17,-11,-18,-11,-18,-11,-19,-11,-19,-11,-20,-11,-21,-10,-22,-10,-22,-10,-23,-10,-23,-10,-23,-10,-23,-10,-23,-10,-23,-11,-23,-11,-23,-11,-23,-12,-23,-12,-23,-13,-22,-14,-22,-14,-21,-14,-21,-15,-21]"
CSI_DATA,98295,d8:b1:90:db:e8:90,-51,11,1,7,0,0,1,0,0,0,1,-95,0,4,0,1491788947,0,100,0,128,1,"[100,-64,5,0,19,16,19,16,19,15,19,14,19,13,20,12,20,11,20,10,20,10,21,9,21,9,22,8,22,8,22,8,23,9,23,10,23,10,23,10,23,11,23,12,23,12,22,13,21,14,19,16,18,17,4,4,0,0,0,0,0,0,0,0,0,0,0,0,0,0,0,0,0,0,4,3,17,13,16,13,15,14,15,15,15,16,15,17,15,19,15,20,16,21,16,22,16,22,15,22,15,23,15,23,15,22,15,22,16,22,16,22,17,22,18,21,18,21,19,20,19,20,19,19,19,19,20,19]"
CSI_DATA,98296,d8:b1:90:db:e8:90,-51,11,1,7,0,0,1,0,0,0,1,-95,0,4,0,1491800065,0,100,0,128,1,"[100,-64,5,0,4,22,5,22,5,21,5,20,6,20,7,19,8,19,8,18,9,18,9,18,9,18,10,18,10,18,10,18,10,19,11,19,11,20,10,20,10,20,9,20,9,20,8,20,7,21,6,21,4,22,1,5,0,0,0,0,0,0,0,0,0,0,0,0,0,0,0,0,0,0,1,4,5,18,4,19,2,19,1,20,1,20,1,21,1,22,1,23,0,24,0,24,-1,24,-1,25,-2,25,-2,25,-1,25,-1,24,-1,24,0,24,0,24,1,24,2,24,2,24,2,25,3,25,3,24,4,24]"
CSI_DATA,98297,d8:b1:90:db:e8:90,-51,11,1,7,0,0,1,0,0,0,1,-95,0,4,0,1491818212,0,100,0,128,1,"[100,-64,5,0,1,-23,1,-23,0,-23,0,-23,-1,-22,-2,-22,-3,-22,-3,-22,-4,-22,-5,-22,-6,-22,-6,-22,-6,-22,-6,-22,-6,-23,-6,-23,-6,-23,-6,-23,-5,-23,-4,-24,-4,-24,-3,-24,-2,-24,-1,-24,0,-24,0,-6,0,0,0,0,0,0,0,0,0,0,0,0,0,0,0,0,0,0,0,-5,1,-20,2,-20,3,-21,4,-22,5,-22,5,-22,6,-22,7,-22,7,-23,8,-24,8,-24,9,-24,9,-24,8,-24,8,-24,8,-24,8,-24,7,-25,7,-25,6,-25,6,-25,5,-25,5,-26,4,-26,4,-26,4,-25]"
CSI_DATA,98298,d8:b1:90:db:e8:90,-51,11,1,7,0,0,1,0,0,0,1,-95,0,4,0,1491828870,0,100,0,128,1,"[100,-64,5,0,12,18,12,17,12,17,13,16,13,15,14,14,14,13,15,13,15,12,15,11,16,11,17,11,17,11,17,11,18,11,18,12,18,12,18,12,18,13,18,13,17,14,17,14,16,15,15,16,13,18,3,4,0,0,0,0,0,0,0,0,0,0,0,0,0,0,0,0,0,0,2,3,10,15,10,15,9,17,9,17,9,18,9,18,9,19,9,19,9,20,9,21,9,22,9,22,9,22,9,22,9,22,9,22,9,22,9,21,9,21,9,21,10,21,11,21,11,21,11,21,12,21,12,20]"
CSI_DATA,98299,d8:b1:90:db:e8:90,-52,11,1,7,0,0,1,0,0,0,1,-95,0,4,0,1491842378,0,100,0,128,1,"[100,-64,5,0,-1,23,0,23,1,22,1,22,2,22,3,21,4,21,4,20,5,20,6,20,7,20,7,20,8,20,8,21,8,21,8,22,9,22,8,22,8,22,7,23,6,23,6,23,4,24,2,24,0,24,0,6,0,0,0,0,0,0,0,0,0,0,0,0,0,0,0,0,0,0,0,5,0,20,-1,20,-2,21,-3,22,-3,22,-4,23,-4,23,-5,23,-5,24,-6,25,-6,26,-6,26,-6,26,-6,26,-6,25,-6,25,-5,25,-5,25,-5,25,-5,25,-4,25,-4,26,-4,26,-3,26,-2,26,-2,26]"
CSI_DATA,98300,d8:b1:90:db:e8:90,-51,11,1,7,0,0,1,0,0,0,1,-95,0,4,0,1491855917,0,100,0,128,1,"[100,-64,5,0,24,6,23,6,23,5,22,4,22,3,22,2,21,1,21,1,21,0,21,-1,22,-2,22,-3,22,-3,22,-3,23,-3,24,-3,24,-2,24,-2,25,-1,25,0,25,0,25,1,25,2,25,3,24,5,6,1,0,0,0,0,0,0,0,0,0,0,0,0,0,0,0,0,0,0,5,0,20,3,20,4,20,5,21,7,21,8,22,8,22,9,23,10,23,10,23,11,24,11,23,11,23,12,23,12,23,12,23,12,24,12,24,11,23,11,23,10,24,10,24,10,25,9,25,9,25,8,25,8]"
CSI_DATA,98301,d8:b1:90:db:e8:90,-51,11,1,7,0,0,1,0,0,0,1,-95,0,4,0,1491867562,0,100,0,128,1,"[100,-64,5,0,-25,-7,-25,-6,-24,-5,-24,-4,-24,-3,-24,-2,-23,-1,-23,0,-23,1,-23,2,-23,3,-24,3,-24,3,-24,4,-25,4,-25,4,-25,4,-26,3,-26,3,-26,2,-27,2,-27,1,-27,0,-27,-2,-27,-4,-7,-1,0,0,0,0,0,0,0,0,0,0,0,0,0,0,0,0,0,0,-6,-1,-22,-2,-22,-4,-22,-6,-22,-7,-23,-7,-23,-8,-24,-9,-25,-9,-25,-10,-25,-11,-25,-11,-25,-11,-25,-11,-25,-12,-26,-12,-26,-12,-26,-12,-26,-11,-26,-11,-26,-10,-26,-10,-26,-10,-26,-9,-27,-9,-27,-8,-27,-8]"
CSI_DATA,98302,d8:b1:90:db:e8:90,-57,11,1,7,0,0,1,0,0,0,1,-95,0,4,0,1491890949,0,100,0,128,1,"[100,-64,5,0,-22,17,-21,16,-13,8,3,-8,10,-16,8,-15,7,-15,5,-15,4,-14,2,-14,0,-7,-3,8,-3,15,-2,15,0,14,3,11,5,10,5,10,6,11,6,13,6,13,6,14,6,14,6,15,5,15,1,3,0,0,0,0,0,0,0,0,0,0,0,0,0,0,0,0,0,0,-3,5,-13,21,-14,21,-13,20,-14,20,-14,20,-15,20,-17,20,-18,20,-19,20,-20,21,-20,21,-21,21,-21,21,-21,21,-21,20,-20,20,-20,20,-19,20,-19,21,-19,21,-18,21,-18,21,-16,21,-15,21,-15,20,-16,19]"
CSI_DATA,98303,d8:b1:90:db:e8:90,-52,11,1,7,0,0,1,0,0,0,1,-95,0,4,0,1491902436,0,100,0,128,1,"[100,-64,5,0,-21,-5,-21,-4,-20,-3,-20,-2,-20,-1,-19,0,-19,0,-19,1,-19,2,-19,3,-19,3,-19,4,-20,4,-20,5,-20,5,-21,5,-22,5,-22,5,-22,4,-22,4,-22,3,-23,3,-23,2,-23,0,-23,-1,-6,-1,0,0,0,0,0,0,0,0,0,0,0,0,0,0,0,0,0,0,-5,-1,-18,-5,-18,-6,-18,-7,-18,-7,-19,-8,-19,-8,-20,-9,-20,-9,-20,-10,-21,-11,-21,-11,-21,-11,-21,-12,-21,-12,-21,-12,-21,-11,-21,-11,-21,-11,-21,-10,-21,-9,-21,-9,-22,-8,-22,-8,-22,-8,-22,-8,-22,-7]"
CSI_DATA,98304,d8:b1:90:db:e8:90,-52,11,1,7,0,0,1,0,0,0,1,-95,0,4,0,1491919768,0,100,0,128,1,"[100,-64,5,0,11,19,12,19,12,18,13,17,13,16,14,15,14,14,15,13,16,13,16,12,17,12,18,11,18,11,19,11,19,12,20,13,21,13,21,14,20,14,20,14,20,15,19,15,19,16,18,17,17,19,4,4,0,0,0,0,0,0,0,0,0,0,0,0,0,0,0,0,0,0,2,4,10,17,9,18,8,19,7,20,7,21,7,21,7,22,6,23,6,24,6,24,6,25,6,25,6,25,6,25,6,25,6,25,6,25,6,25,7,24,7,24,8,23,9,23,9,23,10,23,10,23,11,22]"
CSI_DATA,98305,d8:b1:90:db:e8:90,-52,11,1,7,0,0,1,0,0,0,1,-95,0,4,0,1491931212,0,100,0,128,1,"[100,-64,5,0,20,-9,19,-9,18,-10,18,-10,17,-11,17,-12,16,-12,16,-13,16,-14,15,-15,15,-15,15,-16,15,-17,15,-18,16,-18,16,-18,17,-19,17,-19,18,-18,19,-18,19,-18,19,-17,20,-16,21,-15,22,-13,5,-4,0,0,0,0,0,0,0,0,0,0,0,0,0,0,0,0,0,0,4,-3,18,-8,19,-7,19,-6,20,-6,20,-5,21,-5,22,-5,23,-4,24,-4,24,-3,25,-3,25,-3,25,-2,25,-3,25,-3,24,-4,24,-4,24,-4,24,-5,24,-5,23,-6,23,-6,23,-6,23,-7,23,-7,23,-7]"
CSI_DATA,98306,d8:b1:90:db:e8:90,-52,11,1,7,0,0,1,0,0,0,1,-95,0,4,0,1491944645,0,100,0,128,1,"[100,-64,5,0,-4,22,-4,21,-3,21,-2,20,-1,20,0,20,1,20,2,19,3,19,3,19,4,20,5,21,5,22,6,22,6,23,5,23,5,24,5,24,5,25,4,25,3,25,2,25,1,25,0,26,-2,26,-1,6,0,0,0,0,0,0,0,0,0,0,0,0,0,0,0,0,0,0,-1,5,-4,20,-5,20,-7,20,-8,20,-9,20,-9,21,-9,21,-9,22,-10,22,-11,22,-11,22,-11,22,-11,22,-11,22,-11,21,-11,21,-11,21,-10,21,-9,22,-8,22,-8,22,-7,23,-7,23,-7,23,-6,23,-6,23]"
CSI_DATA,98307,d8:b1:90:db:e8:90,-52,11,1,7,0,0,1,0,0,0,1,-95,0,4,0,1491957477,0,100,0,128,1,"[100,-64,5,0,-23,-5,-23,-4,-23,-3,-22,-2,-22,-1,-22,0,-22,0,-21,1,-21,2,-21,3,-22,4,-23,5,-24,5,-24,5,-25,6,-26,6,-26,5,-26,4,-27,4,-27,3,-28,2,-28,2,-28,1,-28,0,-28,-2,-7,-1,0,0,0,0,0,0,0,0,0,0,0,0,0,0,0,0,0,0,-6,-1,-22,-4,-22,-6,-21,-7,-21,-8,-22,-9,-23,-10,-23,-10,-24,-10,-24,-11,-24,-11,-24,-11,-23,-12,-23,-12,-23,-12,-23,-12,-23,-12,-23,-11,-23,-11,-23,-10,-24,-10,-24,-9,-24,-9,-24,-8,-25,-7,-25,-7,-25,-6]"
CSI_DATA,98308,d8:b1:90:db:e8:90,-52,11,1,7,0,0,1,0,0,0,1,-95,0,4,0,1491968903,0,100,0,128,1,"[100,-64,5,0,17,-15,16,-15,15,-15,14,-16,13,-16,12,-17,12,-18,11,-19,10,-20,9,-20,9,-21,8,-22,8,-23,8,-23,8,-24,9,-24,9,-24,10,-24,11,-24,12,-25,12,-24,13,-23,15,-22,16,-22,17,-21,4,-6,0,0,0,0,0,0,0,0,0,0,0,0,0,0,0,0,0,0,3,-4,15,-14,16,-13,17,-12,18,-11,19,-11,20,-11,20,-11,21,-11,21,-11,22,-10,23,-10,23,-10,23,-10,23,-10,23,-10,22,-11,22,-11,22,-11,22,-12,21,-12,21,-12,21,-13,20,-13,19,-14,19,-14,19,-15]"
CSI_DATA,98309,d8:b1:90:db:e8:90,-51,11,1,7,0,0,1,0,0,0,1,-95,0,4,0,1491995887,0,100,0,128,1,"[100,-64,5,0,-8,19,-8,19,-7,19,-6,19,-5,19,-4,19,-3,19,-2,19,-1,20,0,20,1,20,1,21,1,22,2,22,1,23,1,23,1,24,0,24,0,24,-1,25,-2,25,-2,25,-3,25,-5,25,-7,25,-2,6,0,0,0,0,0,0,0,0,0,0,0,0,0,0,0,0,0,0,-2,4,-8,17,-9,17,-11,17,-12,17,-12,17,-13,17,-14,18,-15,18,-16,18,-16,18,-16,18,-16,18,-16,18,-16,18,-16,17,-16,17,-15,17,-15,18,-14,18,-13,19,-13,19,-12,19,-11,19,-11,19,-11,19,-10,19]"
CSI_DATA,98310,d8:b1:90:db:e8:90,-52,11,1,7,0,0,1,0,0,0,1,-95,0,4,0,1492010579,0,100,0,128,1,"[100,-64,5,0,19,1,19,0,19,0,19,-1,18,-2,18,-3,18,-4,18,-6,18,-7,18,-7,19,-8,20,-8,20,-8,21,-9,21,-9,22,-8,23,-8,23,-8,23,-7,23,-7,23,-6,23,-6,24,-4,24,-2,25,-1,6,0,0,0,0,0,0,0,0,0,0,0,0,0,0,0,0,0,0,0,4,0,18,3,18,4,18,5,18,5,19,6,19,7,19,7,19,8,20,9,19,9,19,9,19,10,19,10,19,10,19,9,19,9,19,8,20,8,20,7,20,6,20,6,20,5,20,5,20,4,20,4,20,3]"
CSI_DATA,98311,d8:b1:90:db:e8:90,-51,11,1,7,0,0,1,0,0,0,1,-95,0,4,0,1492030326,0,100,0,128,1,"[100,-64,5,0,16,16,16,15,16,13,17,12,17,12,18,11,18,10,19,9,20,8,20,8,21,7,23,7,24,7,24,8,25,8,26,8,26,9,26,9,25,10,25,11,25,11,24,12,24,13,23,15,22,16,5,4,0,0,0,0,0,0,0,0,0,0,0,0,0,0,0,0,0,0,3,3,13,16,12,17,11,18,11,19,11,19,10,20,10,21,9,22,9,22,9,23,10,23,10,23,10,23,10,23,10,22,10,22,10,22,11,22,10,22,11,21,11,21,12,20,13,19,14,19,15,18,15,17]"
CSI_DATA,98312,d8:b1:90:db:e8:90,-51,11,1,7,0,0,1,0,0,0,1,-95,0,4,0,1492047143,0,100,0,128,1,"[100,-64,5,0,-17,-13,-18,-12,-18,-11,-17,-10,-18,-9,-18,-8,-19,-7,-19,-7,-20,-6,-21,-6,-21,-5,-22,-5,-23,-4,-23,-4,-24,-5,-24,-5,-24,-6,-25,-6,-25,-7,-24,-7,-24,-8,-23,-9,-23,-10,-23,-12,-22,-14,-6,-4,0,0,0,0,0,0,0,0,0,0,0,0,0,0,0,0,0,0,-4,-4,-15,-13,-14,-14,-13,-16,-13,-17,-12,-17,-12,-18,-12,-18,-13,-19,-12,-20,-12,-20,-12,-20,-12,-20,-12,-21,-12,-20,-12,-20,-12,-19,-13,-19,-13,-18,-13,-18,-14,-17,-14,-17,-15,-16,-15,-16,-15,-15,-15,-15,-16,-15]"
CSI_DATA,98313,d8:b1:90:db:e8:90,-51,11,1,7,0,0,1,0,0,0,1,-95,0,4,0,1492059009,0,100,0,128,1,"[100,-64,5,0,0,21,0,20,1,20,2,19,4,19,5,19,5,19,6,19,7,19,8,19,9,19,9,19,10,20,10,20,10,21,10,22,10,23,10,23,9,23,8,23,8,24,7,24,6,24,4,25,3,25,0,6,0,0,0,0,0,0,0,0,0,0,0,0,0,0,0,0,0,0,-1,4,-2,19,-4,19,-5,19,-6,19,-7,20,-7,20,-8,21,-8,21,-9,21,-9,22,-9,22,-9,22,-9,22,-9,21,-9,21,-8,21,-8,21,-7,21,-7,21,-6,21,-5,21,-4,21,-4,21,-3,21,-2,21,-2,21]"
CSI_DATA,98314,d8:b1:90:db:e8:90,-51,11,1,6,0,0,1,0,0,0,1,-95,0,4,0,1492071017,0,100,0,128,1,"[100,-64,5,0,8,21,8,20,9,19,10,19,11,18,12,17,13,17,14,17,14,16,15,16,16,16,17,17,17,17,18,18,18,18,18,19,18,19,18,20,17,20,17,21,16,21,15,22,14,23,13,24,11,25,2,6,0,0,0,0,0,0,0,0,0,0,0,0,0,0,0,0,0,0,1,5,4,21,3,22,2,22,1,22,1,23,0,23,0,24,0,24,0,24,-1,25,-2,25,-2,25,-2,25,-2,25,-1,25,-1,24,0,24,0,24,1,24,2,24,3,23,4,23,4,22,4,22,5,22,6,22]"
CSI_DATA,98315,d8:b1:90:db:e8:90,-51,11,1,6,0,0,1,0,0,0,1,-95,0,4,0,1492096677,0,100,0,128,1,"[100,-64,5,0,-11,-21,-12,-20,-12,-19,-13,-19,-14,-18,-15,-18,-16,-17,-16,-17,-17,-16,-18,-16,-19,-16,-20,-17,-21,-17,-21,-18,-22,-18,-22,-19,-21,-19,-21,-20,-21,-20,-20,-21,-20,-21,-19,-22,-18,-23,-17,-24,-15,-25,-4,-7,0,0,0,0,0,0,0,0,0,0,0,0,0,0,0,0,0,0,-3,-6,-9,-22,-8,-22,-8,-23,-7,-24,-6,-24,-6,-25,-6,-25,-5,-26,-4,-26,-4,-27,-4,-27,-4,-27,-4,-27,-4,-27,-4,-27,-4,-27,-5,-26,-5,-26,-6,-25,-6,-24,-7,-24,-7,-24,-8,-24,-9,-23,-10,-23,-9,-23]"
CSI_DATA,98316,d8:b1:90:db:e8:90,-52,11,1,6,0,0,1,0,0,0,1,-95,0,4,0,1492107433,0,100,0,128,1,"[100,-64,5,0,-13,15,-12,16,-11,16,-10,16,-9,17,-9,18,-8,18,-7,18,-7,18,-6,19,-6,20,-6,21,-6,22,-6,22,-7,22,-7,22,-7,23,-8,23,-8,22,-9,22,-10,21,-10,21,-11,21,-13,20,-14,19,-4,4,0,0,0,0,0,0,0,0,0,0,0,0,0,0,0,0,0,0,-4,3,-14,13,-15,13,-15,12,-16,12,-17,12,-18,12,-18,12,-19,12,-19,12,-19,11,-19,11,-19,11,-19,11,-19,11,-19,11,-19,11,-19,11,-18,12,-18,12,-17,12,-16,13,-16,13,-16,14,-15,14,-15,14,-14,15]"
CSI_DATA,98317,d8:b1:90:db:e8:90,-51,11,1,6,0,0,1,0,0,0,1,-95,0,4,0,1492121278,0,100,0,128,1,"[100,-64,5,0,-16,-4,-21,-12,-20,-10,-15,-3,-9,-8,-8,-20,-16,-24,-19,-17,-8,-10,3,-14,1,-26,-8,-30,-7,-21,9,-16,24,-20,21,-25,12,-22,13,-10,21,0,29,2,30,0,19,4,8,17,11,25,19,25,5,5,0,0,0,0,0,0,0,0,0,0,0,0,0,0,0,0,0,0,2,-6,7,-22,6,-22,10,-18,17,-11,22,-9,23,-11,20,-7,19,3,22,9,24,9,20,8,14,13,11,22,10,26,8,22,3,20,-5,24,-9,26,-7,23,-8,17,-16,14,-21,17,-17,19,-13,12,-20,3,-30,2]"
CSI_DATA,98318,d8:b1:90:db:e8:90,-52,11,1,6,0,0,1,0,0,0,1,-95,0,4,0,1492131502,0,100,0,128,1,"[100,-64,5,0,-3,-22,-5,-24,-7,-25,-9,-25,-11,-25,-14,-24,-16,-23,-17,-22,-19,-20,-19,-19,-20,-18,-19,-17,-19,-17,-18,-17,-17,-18,-16,-19,-14,-20,-13,-20,-11,-21,-10,-21,-9,-20,-7,-19,-6,-18,-4,-16,-2,-14,-1,-4,0,0,0,0,0,0,0,0,0,0,0,0,0,0,0,0,0,0,-3,6,-10,24,-11,24,-11,24,-10,23,-9,22,-8,21,-7,19,-7,16,-6,13,-7,10,-7,7,-8,4,-8,2,-9,0,-11,-1,-11,-2,-12,-3,-12,-3,-11,-3,-10,-3,-9,-4,-8,-5,-6,-6,-4,-8,-3,-11,-2,-13]"
CSI_DATA,98319,d8:b1:90:db:e8:90,-51,11,1,6,0,0,1,0,0,0,1,-95,0,4,0,1492144060,0,100,0,128,1,"[100,-64,5,0,-9,-20,-11,-21,-13,-22,-16,-22,-18,-21,-20,-19,-22,-18,-23,-16,-24,-14,-24,-12,-24,-11,-24,-11,-24,-11,-23,-11,-22,-12,-21,-13,-20,-14,-19,-15,-17,-16,-16,-16,-15,-16,-13,-16,-11,-15,-9,-14,-7,-13,-2,-4,0,0,0,0,0,0,0,0,0,0,0,0,0,0,0,0,0,0,-1,6,-5,26,-5,26,-5,26,-5,25,-4,23,-3,22,-3,20,-3,17,-3,14,-4,11,-5,9,-6,6,-8,4,-9,2,-11,1,-12,0,-13,0,-13,0,-12,0,-12,0,-10,-1,-9,-2,-8,-4,-7,-6,-6,-9,-6,-11]"
CSI_DATA,98320,d8:b1:90:db:e8:90,-51,11,1,6,0,0,1,0,0,0,1,-95,0,4,0,1492155334,0,100,0,128,1,"[100,-64,5,0,-22,-3,-24,-2,-26,0,-27,2,-27,4,-27,7,-27,10,-26,12,-24,13,-23,14,-22,15,-21,15,-21,14,-21,13,-21,12,-22,11,-22,9,-22,8,-22,6,-22,5,-21,3,-20,2,-19,1,-17,0,-15,-2,-4,-1,0,0,0,0,0,0,0,0,0,0,0,0,0,0,0,0,0,0,5,4,21,16,20,16,20,16,20,16,19,14,18,13,16,12,14,10,11,9,8,9,5,8,2,8,0,8,-3,9,-4,10,-5,10,-6,11,-6,11,-6,10,-6,10,-6,8,-6,7,-7,5,-9,2,-11,0,-12,-1]"
CSI_DATA,98321,d8:b1:90:db:e8:90,-51,11,1,6,0,0,1,0,0,0,1,-95,0,4,0,1492167170,0,100,0,128,1,"[100,-64,5,0,-22,-3,-24,-2,-26,0,-27,2,-28,4,-27,7,-27,9,-26,11,-25,12,-24,13,-23,14,-23,14,-22,13,-22,12,-22,11,-23,9,-23,7,-23,5,-23,3,-23,2,-22,1,-20,0,-18,-1,-16,-2,-14,-3,-4,-1,0,0,0,0,0,0,0,0,0,0,0,0,0,0,0,0,0,0,6,2,25,8,25,9,25,9,24,8,23,7,22,6,19,5,16,4,14,4,10,4,7,5,4,5,2,6,0,8,-2,9,-3,10,-4,10,-4,10,-4,10,-4,9,-4,8,-5,6,-6,4,-8,2,-10,0,-12,-1]"
CSI_DATA,98322,d8:b1:90:db:e8:90,-51,11,1,6,0,0,1,0,0,0,1,-95,0,4,0,1492200937,0,100,0,128,1,"[100,-64,5,0,-12,-18,-14,-19,-16,-20,-18,-20,-21,-19,-23,-18,-24,-16,-26,-14,-26,-12,-26,-10,-26,-9,-26,-8,-25,-8,-24,-8,-23,-9,-22,-10,-21,-11,-20,-13,-18,-14,-17,-14,-16,-15,-14,-15,-12,-14,-10,-14,-8,-13,-2,-4,0,0,0,0,0,0,0,0,0,0,0,0,0,0,0,0,0,0,0,6,1,26,1,26,1,26,1,25,1,24,2,23,2,20,2,18,1,15,-1,12,-3,9,-5,7,-7,5,-9,3,-11,3,-12,2,-13,2,-14,3,-14,2,-13,2,-12,2,-11,0,-10,-1,-9,-4,-8,-7,-8,-9]"
CSI_DATA,98323,d8:b1:90:db:e8:90,-51,11,1,6,0,0,1,0,0,0,1,-95,0,4,0,1492212152,0,100,0,128,1,"[100,-64,5,0,13,14,15,16,17,16,19,15,21,15,23,13,24,11,26,9,26,6,26,5,25,3,25,3,24,3,24,4,23,5,22,6,21,7,20,8,18,10,17,11,16,11,14,11,13,11,10,11,8,11,2,2,0,0,0,0,0,0,0,0,0,0,0,0,0,0,0,0,0,0,-2,-7,-8,-25,-8,-26,-8,-26,-8,-25,-8,-23,-8,-22,-7,-20,-6,-17,-5,-15,-3,-12,-1,-10,1,-8,4,-7,6,-6,8,-5,10,-5,11,-6,12,-6,11,-6,11,-5,10,-4,9,-3,9,-1,8,1,8,4,8,6]"
CSI_DATA,98324,d8:b1:90:db:e8:90,-51,11,1,6,0,0,1,0,0,0,1,-95,0,4,0,1492231239,0,100,0,128,1,"[100,-64,5,0,3,-21,2,-24,1,-26,-1,-27,-3,-28,-5,-29,-8,-28,-10,-28,-12,-27,-13,-26,-14,-25,-15,-24,-14,-23,-14,-23,-13,-23,-11,-23,-9,-22,-8,-22,-6,-22,-5,-22,-3,-21,-2,-20,0,-19,1,-17,3,-16,0,-4,0,0,0,0,0,0,0,0,0,0,0,0,0,0,0,0,0,0,-5,5,-17,20,-17,20,-18,20,-17,20,-16,19,-14,19,-13,17,-11,15,-10,12,-9,9,-8,6,-8,3,-9,0,-9,-2,-10,-5,-11,-6,-12,-7,-12,-7,-12,-7,-12,-7,-11,-7,-9,-7,-7,-8,-5,-9,-2,-11,-1,-12]"
CSI_DATA,98325,d8:b1:90:db:e8:90,-51,11,1,6,0,0,1,0,0,0,1,-95,0,4,0,1492251909,0,100,0,128,1,"[100,-64,5,0,-19,6,-21,7,-23,9,-23,11,-24,13,-23,15,-22,17,-21,19,-19,20,-17,21,-16,22,-15,22,-14,21,-14,21,-14,19,-15,18,-16,17,-16,15,-17,13,-17,12,-17,10,-17,9,-16,7,-16,5,-14,3,-4,0,0,0,0,0,0,0,0,0,0,0,0,0,0,0,0,0,0,0,6,0,24,2,25,2,25,2,24,2,23,1,22,0,20,0,17,0,15,0,12,1,9,2,6,4,4,5,2,7,1,9,0,10,-1,12,-1,12,-1,13,-1,12,-1,11,-2,10,-4,9,-5,7,-8,6,-10,5]"
CSI_DATA,98326,d8:b1:90:db:e8:90,-51,11,1,6,0,0,1,0,0,0,1,-95,0,4,0,1492262893,0,100,0,128,1,"[100,-64,5,0,-21,-1,-23,0,-25,1,-27,3,-27,5,-27,8,-27,10,-26,12,-25,14,-24,15,-23,16,-22,17,-21,17,-20,16,-20,14,-21,13,-21,11,-21,9,-21,7,-21,6,-21,4,-20,3,-19,1,-18,-1,-16,-2,-4,-1,0,0,0,0,0,0,0,0,0,0,0,0,0,0,0,0,0,0,5,3,22,12,23,12,23,12,23,12,22,10,21,9,19,8,16,7,14,6,10,6,7,6,4,6,1,7,-2,9,-4,10,-5,11,-6,13,-6,13,-6,13,-6,13,-6,12,-6,11,-7,9,-8,7,-10,5,-11,3]"
CSI_DATA,98327,d8:b1:90:db:e8:90,-52,11,1,7,0,0,1,0,0,0,1,-95,0,4,0,1492296556,0,100,0,128,1,"[100,-64,5,0,8,22,8,21,9,20,9,20,10,19,11,18,12,18,12,17,12,17,13,17,13,17,14,17,14,18,14,18,14,19,14,19,14,20,13,20,13,20,12,20,11,20,11,20,10,21,8,22,7,22,1,5,0,0,0,0,0,0,0,0,0,0,0,0,0,0,0,0,0,0,1,4,7,20,6,20,5,21,5,22,4,22,4,23,4,24,3,24,3,24,3,25,2,25,2,25,2,25,2,26,2,26,2,26,2,26,3,25,3,25,3,25,4,25,5,24,5,24,6,24,6,24,7,23]"
CSI_DATA,98328,d8:b1:90:db:e8:90,-52,11,1,7,0,0,1,0,0,0,1,-95,0,4,0,1492311864,0,100,0,128,1,"[100,-64,5,0,-23,4,-22,4,-22,5,-21,5,-21,6,-21,6,-21,7,-20,8,-20,8,-20,9,-21,9,-21,10,-21,10,-22,10,-22,10,-22,10,-22,10,-22,9,-22,8,-23,7,-23,6,-23,6,-23,5,-24,3,-24,2,-6,0,0,0,0,0,0,0,0,0,0,0,0,0,0,0,0,0,0,0,-6,0,-21,1,-21,0,-22,-2,-22,-2,-23,-3,-23,-3,-24,-3,-25,-3,-25,-4,-26,-4,-26,-4,-26,-5,-26,-5,-26,-5,-26,-5,-26,-4,-26,-3,-25,-3,-25,-2,-25,-2,-25,-1,-25,0,-25,1,-25,2,-25,2,-25,2]"
CSI_DATA,98329,d8:b1:90:db:e8:90,-52,11,1,7,0,0,1,0,0,0,1,-95,0,4,0,1492334475,0,100,0,128,1,"[100,-64,5,0,-6,-24,-6,-23,-7,-23,-7,-22,-8,-21,-9,-21,-10,-20,-10,-20,-11,-20,-12,-20,-13,-20,-13,-20,-13,-20,-13,-20,-13,-21,-13,-21,-13,-22,-12,-22,-11,-22,-10,-22,-10,-22,-9,-22,-8,-23,-7,-24,-6,-24,-2,-7,0,0,0,0,0,0,0,0,0,0,0,0,0,0,0,0,0,0,-1,-6,-3,-21,-2,-21,-2,-22,-1,-22,0,-23,0,-23,0,-24,1,-24,1,-25,1,-26,2,-26,2,-26,2,-27,2,-27,1,-26,1,-26,0,-26,0,-26,0,-26,-1,-26,-1,-26,-2,-26,-2,-25,-3,-25,-4,-25,-4,-25]"
CSI_DATA,98330,d8:b1:90:db:e8:90,-52,11,1,7,0,0,1,0,0,0,1,-95,0,4,0,1492346089,0,100,0,128,1,"[100,-64,5,0,-24,-5,-22,-5,-20,-3,-19,0,-20,2,-22,3,-22,2,-19,2,-18,5,-19,9,-21,9,-21,7,-19,7,-17,9,-18,12,-20,12,-21,10,-19,9,-17,10,-17,12,-19,12,-20,10,-18,9,-17,9,-17,10,-5,2,0,0,0,0,0,0,0,0,0,0,0,0,0,0,0,0,0,0,-3,-4,-10,-13,-12,-13,-14,-16,-12,-19,-10,-18,-10,-16,-13,-15,-15,-18,-14,-21,-11,-21,-10,-17,-14,-16,-16,-19,-15,-22,-12,-21,-12,-17,-15,-14,-19,-15,-20,-17,-18,-17,-17,-14,-18,-10,-22,-10,-22,-12,-20,-12,-18,-10]"
CSI_DATA,98331,d8:b1:90:db:e8:90,-51,11,1,7,0,0,1,0,0,0,1,-95,0,4,0,1492356978,0,100,0,128,1,"[100,-64,5,0,-17,18,-16,18,-15,18,-14,18,-14,18,-13,19,-12,19,-11,20,-10,20,-10,21,-9,21,-9,21,-9,22,-9,22,-10,22,-11,22,-11,22,-12,22,-12,21,-13,21,-13,20,-14,20,-14,19,-15,18,-16,17,-5,4,0,0,0,0,0,0,0,0,0,0,0,0,0,0,0,0,0,0,-4,4,-14,16,-15,16,-16,16,-17,15,-17,15,-19,15,-20,15,-21,15,-21,15,-22,15,-23,14,-23,13,-23,13,-23,13,-23,13,-23,13,-23,13,-23,14,-22,15,-22,15,-21,16,-21,16,-20,16,-19,16,-19,17,-18,17]"
CSI_DATA,98332,d8:b1:90:db:e8:90,-52,11,1,7,0,0,1,0,0,0,1,-95,0,4,0,1492367712,0,100,0,128,1,"[100,-64,5,0,-23,-10,-22,-9,-22,-8,-22,-7,-22,-6,-22,-6,-22,-5,-22,-4,-22,-3,-23,-3,-23,-2,-23,-2,-24,-2,-24,-2,-24,-2,-24,-3,-24,-4,-24,-5,-24,-5,-23,-6,-23,-6,-23,-7,-22,-8,-22,-9,-22,-11,-6,-3,0,0,0,0,0,0,0,0,0,0,0,0,0,0,0,0,0,0,-5,-2,-19,-7,-19,-8,-19,-10,-19,-11,-19,-12,-20,-12,-20,-13,-20,-13,-21,-14,-21,-14,-21,-15,-20,-15,-21,-15,-21,-15,-21,-16,-21,-15,-21,-15,-21,-15,-21,-15,-21,-14,-22,-14,-22,-13,-22,-12,-22,-12,-23,-11,-23,-11]"
CSI_DATA,98333,d8:b1:90:db:e8:90,-52,11,1,7,0,0,1,0,0,0,1,-95,0,4,0,1492379691,0,100,0,128,1,"[100,-64,5,0,20,-13,19,-14,18,-14,17,-15,16,-15,15,-16,15,-16,14,-17,14,-17,14,-18,14,-18,14,-18,14,-18,14,-19,15,-19,15,-19,16,-18,16,-18,16,-18,17,-17,18,-16,18,-15,18,-14,19,-13,21,-12,5,-3,0,0,0,0,0,0,0,0,0,0,0,0,0,0,0,0,0,0,4,-4,16,-13,17,-12,18,-11,19,-11,20,-10,20,-10,21,-11,22,-11,23,-10,23,-10,23,-10,23,-10,23,-10,24,-9,24,-9,24,-9,24,-10,24,-10,23,-10,23,-11,23,-12,22,-12,22,-12,21,-13,21,-13,21,-14]"
CSI_DATA,98334,d8:b1:90:db:e8:90,-52,11,1,7,0,0,1,0,0,0,1,-95,0,4,0,1492407203,0,100,0,128,1,"[100,-64,5,0,10,-22,10,-22,8,-22,7,-21,7,-22,6,-22,5,-22,4,-22,3,-22,2,-22,2,-23,3,-23,3,-24,3,-24,3,-24,4,-24,5,-24,5,-24,6,-24,7,-23,8,-23,8,-22,9,-22,10,-21,11,-21,2,-6,0,0,0,0,0,0,0,0,0,0,0,0,0,0,0,0,0,0,1,-5,7,-19,7,-19,8,-19,9,-19,10,-20,11,-20,13,-19,14,-19,14,-19,15,-20,15,-19,16,-19,16,-19,16,-19,17,-19,17,-19,16,-19,16,-20,15,-20,15,-21,15,-21,14,-21,13,-21,12,-21,12,-22,12,-23]"
CSI_DATA,98335,d8:b1:90:db:e8:90,-52,11,1,7,0,0,1,0,0,0,1,-95,0,4,0,1492429157,0,100,0,128,1,"[100,-64,5,0,-20,-14,-20,-13,-20,-12,-20,-11,-21,-11,-21,-10,-21,-9,-21,-9,-22,-8,-22,-7,-23,-7,-23,-7,-23,-7,-23,-7,-24,-7,-24,-7,-23,-8,-23,-8,-23,-8,-22,-9,-22,-10,-21,-10,-21,-11,-21,-13,-21,-14,-5,-4,0,0,0,0,0,0,0,0,0,0,0,0,0,0,0,0,0,0,-5,-3,-17,-13,-16,-14,-16,-15,-16,-16,-16,-17,-16,-18,-17,-18,-17,-18,-17,-19,-17,-20,-16,-21,-16,-21,-16,-22,-16,-22,-16,-21,-16,-21,-17,-20,-18,-20,-18,-20,-19,-19,-19,-19,-19,-18,-20,-17,-20,-16,-21,-16,-21,-16]"
CSI_DATA,98336,d8:b1:90:db:e8:90,-52,11,1,7,0,0,1,0,0,0,1,-95,0,4,0,1492446670,0,100,0,128,1,"[100,-64,5,0,-22,4,-22,4,-21,5,-20,6,-19,6,-19,7,-18,8,-18,9,-18,9,-18,10,-18,10,-18,10,-18,10,-18,11,-19,11,-19,11,-20,11,-20,10,-19,10,-19,10,-20,9,-20,8,-20,8,-20,6,-20,5,-5,1,0,0,0,0,0,0,0,0,0,0,0,0,0,0,0,0,0,0,-5,0,-19,2,-19,2,-19,1,-19,0,-20,0,-20,-1,-21,-1,-22,-1,-22,-1,-23,-2,-23,-2,-23,-2,-23,-2,-23,-2,-23,-2,-23,-1,-23,-1,-23,-1,-23,-1,-23,0,-23,1,-23,1,-23,1,-23,2,-22,2,-22,3]"
CSI_DATA,98337,d8:b1:90:db:e8:90,-51,11,1,7,0,0,1,0,0,0,1,-95,0,4,0,1492458225,0,100,0,128,1,"[100,-64,5,0,17,-17,16,-17,16,-18,15,-18,14,-18,13,-19,13,-19,12,-20,11,-20,11,-21,11,-21,11,-21,11,-22,11,-22,12,-23,12,-23,12,-23,12,-23,13,-22,13,-22,14,-21,15,-20,15,-19,16,-18,17,-17,4,-5,0,0,0,0,0,0,0,0,0,0,0,0,0,0,0,0,0,0,3,-4,15,-15,16,-14,17,-14,17,-14,18,-13,19,-13,20,-13,21,-13,22,-13,22,-13,22,-13,23,-12,23,-12,23,-12,23,-12,23,-13,23,-14,23,-14,22,-14,21,-14,21,-15,21,-15,20,-16,20,-16,20,-17,19,-17]"
CSI_DATA,98338,d8:b1:90:db:e8:90,-51,11,1,7,0,0,1,0,0,0,1,-95,0,4,0,1492469673,0,100,0,128,1,"[100,-64,5,0,3,-25,2,-24,2,-24,1,-24,0,-23,-1,-23,-2,-23,-3,-23,-3,-23,-4,-24,-5,-24,-5,-24,-5,-24,-5,-25,-5,-25,-5,-26,-5,-26,-4,-26,-4,-26,-4,-25,-3,-25,-2,-25,-1,-25,0,-25,2,-25,0,-7,0,0,0,0,0,0,0,0,0,0,0,0,0,0,0,0,0,0,1,-6,4,-21,5,-21,6,-21,7,-22,8,-22,9,-22,9,-23,9,-23,10,-24,11,-24,12,-23,12,-23,12,-24,12,-24,11,-24,11,-25,11,-25,10,-25,10,-25,9,-25,9,-25,8,-25,7,-25,6,-25,6,-25,6,-25]"
CSI_DATA,98339,d8:b1:90:db:e8:90,-51,11,1,7,0,0,1,0,0,0,1,-95,0,4,0,1492480123,0,100,0,128,1,"[100,-64,5,0,-8,21,-8,21,-7,20,-6,20,-5,19,-4,19,-3,20,-3,20,-2,20,-2,20,-1,21,-1,21,-1,22,-1,22,-1,22,-1,22,-2,22,-2,22,-2,22,-3,23,-4,23,-4,22,-5,22,-6,21,-7,21,-2,5,0,0,0,0,0,0,0,0,0,0,0,0,0,0,0,0,0,0,-2,4,-8,17,-9,17,-11,17,-12,17,-12,17,-13,17,-13,17,-14,18,-14,18,-15,18,-15,18,-15,18,-15,18,-15,18,-15,19,-15,19,-15,19,-15,19,-14,19,-13,20,-13,20,-12,21,-12,21,-12,20,-11,21,-11,21]"
CSI_DATA,98340,d8:b1:90:db:e8:90,-51,11,1,7,0,0,1,0,0,0,1,-95,0,4,0,1492501658,0,100,0,128,1,"[100,-64,5,0,19,16,19,15,19,14,19,14,19,13,20,12,20,11,20,10,19,10,20,10,21,10,22,10,22,10,22,10,22,11,22,12,22,12,22,13,21,13,20,14,20,14,19,15,18,16,17,17,16,18,3,4,0,0,0,0,0,0,0,0,0,0,0,0,0,0,0,0,0,0,2,2,9,11,10,12,13,14,15,15,15,16,15,17,16,18,16,19,16,20,16,20,16,21,16,21,15,21,16,21,16,21,16,20,16,20,17,20,17,20,17,19,18,19,18,18,18,18,18,18,18,17,19,17]"
CSI_DATA,98341,d8:b1:90:db:e8:90,-52,11,1,7,0,0,1,0,0,0,1,-95,0,4,0,1492515791,0,100,0,128,1,"[100,-64,5,0,21,-6,20,-7,20,-7,19,-8,18,-8,18,-9,17,-9,17,-10,17,-11,16,-11,17,-12,17,-12,17,-12,18,-12,18,-12,18,-12,18,-12,18,-11,18,-11,18,-10,18,-10,18,-9,19,-8,20,-7,20,-6,5,-2,0,0,0,0,0,0,0,0,0,0,0,0,0,0,0,0,0,0,4,-2,17,-6,18,-5,18,-4,19,-4,19,-3,20,-3,21,-3,21,-2,22,-2,22,-2,23,-1,23,-1,23,-1,23,-1,23,-1,23,-2,23,-2,23,-2,23,-3,22,-3,22,-4,22,-4,22,-4,21,-5,21,-5,21,-5]"
CSI_DATA,98342,d8:b1:90:db:e8:90,-52,11,1,7,0,0,1,0,0,0,1,-95,0,4,0,1492528989,0,100,0,128,1,"[100,-64,5,0,2,-25,1,-25,0,-24,-1,-23,-2,-23,-3,-23,-3,-23,-4,-23,-5,-23,-5,-23,-6,-23,-7,-23,-7,-24,-7,-24,-7,-24,-7,-25,-6,-25,-6,-25,-5,-24,-5,-24,-4,-24,-3,-23,-2,-24,-1,-25,0,-25,0,-7,0,0,0,0,0,0,0,0,0,0,0,0,0,0,0,0,0,0,0,-6,2,-21,3,-21,4,-21,4,-21,5,-22,6,-23,7,-23,7,-24,8,-24,8,-25,8,-25,9,-25,9,-25,9,-25,8,-25,8,-25,8,-25,7,-25,6,-26,6,-26,5,-26,4,-26,4,-25,4,-25,3,-25,3,-26]"
CSI_DATA,98343,d8:b1:90:db:e8:90,-51,11,1,7,0,0,1,0,0,0,1,-95,0,4,0,1492541740,0,100,0,128,1,"[100,-64,5,0,20,9,20,8,20,8,20,7,19,6,20,5,20,4,20,4,19,3,20,3,20,2,20,2,21,2,21,2,21,2,22,3,22,3,21,4,21,4,21,4,20,5,20,5,20,6,20,8,19,9,4,2,0,0,0,0,0,0,0,0,0,0,0,0,0,0,0,0,0,0,4,2,17,8,16,9,16,10,16,11,16,12,16,13,16,14,17,14,17,15,17,15,17,15,17,16,17,16,17,16,17,16,17,15,17,15,18,14,18,14,19,13,19,13,19,13,20,12,20,12,20,11,20,11]"
CSI_DATA,98344,d8:b1:90:db:e8:90,-51,11,1,7,0,0,1,0,0,0,1,-95,0,4,0,1492557208,0,100,0,128,1,"[100,-64,5,0,24,6,24,6,24,5,24,4,23,3,23,2,23,2,23,1,23,1,24,0,24,0,24,0,24,-1,25,-1,25,-1,25,0,25,1,25,2,25,2,24,3,24,3,24,4,23,5,23,7,23,8,5,2,0,0,0,0,0,0,0,0,0,0,0,0,0,0,0,0,0,0,5,1,20,6,20,7,19,9,19,9,20,10,20,11,20,12,20,12,21,13,21,14,22,14,22,15,22,15,22,15,22,14,22,13,22,13,23,13,23,13,23,12,24,11,24,10,24,10,24,9,24,9,24,9]"
CSI_DATA,98345,d8:b1:90:db:e8:90,-51,11,1,7,0,0,1,0,0,0,1,-95,0,4,0,1492568102,0,100,0,128,1,"[100,-64,5,0,21,-13,20,-13,20,-14,19,-14,19,-15,18,-15,17,-16,17,-16,17,-17,17,-17,16,-17,16,-18,16,-18,17,-19,17,-18,18,-18,18,-17,18,-17,19,-17,19,-16,19,-15,20,-14,20,-13,21,-12,22,-10,5,-3,0,0,0,0,0,0,0,0,0,0,0,0,0,0,0,0,0,0,4,-3,17,-11,18,-10,19,-9,20,-9,20,-8,21,-8,22,-8,23,-7,23,-7,24,-7,25,-7,25,-7,25,-7,25,-7,25,-7,25,-7,24,-8,25,-8,25,-9,24,-9,24,-10,24,-10,23,-11,23,-11,23,-11,22,-12]"
CSI_DATA,98346,d8:b1:90:db:e8:90,-51,11,1,7,0,0,1,0,0,0,1,-95,0,4,0,1492581473,0,100,0,128,1,"[100,-64,5,0,4,-25,3,-24,3,-24,2,-23,1,-22,1,-22,0,-23,-1,-23,-2,-24,-2,-24,-3,-24,-4,-24,-4,-25,-4,-26,-4,-26,-3,-26,-3,-25,-2,-25,-1,-25,0,-26,0,-26,1,-26,2,-25,3,-25,4,-25,1,-7,0,0,0,0,0,0,0,0,0,0,0,0,0,0,0,0,0,0,0,-6,2,-21,3,-22,4,-22,5,-22,6,-23,7,-23,8,-23,8,-23,9,-24,9,-24,9,-24,10,-24,10,-24,10,-24,10,-24,9,-24,9,-24,9,-25,8,-25,8,-26,7,-26,7,-26,6,-26,6,-25,5,-25,5,-25]"
CSI_DATA,98347,d8:b1:90:db:e8:90,-51,11,1,7,0,0,1,0,0,0,1,-95,0,4,0,1492606606,0,100,0,128,1,"[100,-64,5,0,19,-12,18,-12,17,-13,17,-13,16,-13,15,-14,15,-14,15,-15,15,-16,14,-17,14,-17,14,-17,14,-18,14,-18,14,-18,15,-18,15,-18,15,-18,16,-17,16,-17,17,-16,17,-15,18,-15,19,-14,19,-13,4,-3,0,0,0,0,0,0,0,0,0,0,0,0,0,0,0,0,0,0,4,-3,16,-12,17,-11,18,-10,19,-9,19,-9,20,-8,20,-8,21,-8,22,-8,22,-8,22,-8,23,-8,23,-8,23,-7,23,-7,23,-8,23,-8,23,-8,23,-9,22,-9,22,-10,22,-10,21,-10,20,-10,20,-11,21,-11]"
CSI_DATA,98348,d8:b1:90:db:e8:90,-51,11,1,7,0,0,1,0,0,0,1,-95,0,4,0,1492620217,0,100,0,128,1,"[100,-64,5,0,-21,11,-20,11,-19,11,-19,12,-18,12,-17,13,-16,14,-16,14,-15,14,-15,15,-15,15,-16,16,-16,16,-16,17,-16,17,-17,17,-17,17,-17,16,-17,16,-18,16,-18,15,-18,15,-19,14,-20,12,-21,11,-6,2,0,0,0,0,0,0,0,0,0,0,0,0,0,0,0,0,0,0,-5,2,-19,7,-19,7,-20,6,-20,5,-21,5,-22,5,-22,5,-23,5,-23,5,-24,4,-24,4,-24,4,-24,4,-24,4,-24,3,-24,3,-25,3,-24,4,-24,5,-23,6,-23,7,-23,7,-23,8,-23,8,-23,9,-23,9]"
CSI_DATA,98349,d8:b1:90:db:e8:90,-51,11,1,7,0,0,1,0,0,0,1,-95,0,4,0,1492637681,0,100,0,128,1,"[100,-64,5,0,21,5,21,5,21,4,21,3,21,3,21,2,21,1,20,0,21,0,21,0,21,0,22,-1,22,-1,22,-1,23,-1,23,0,22,0,22,1,22,1,22,1,23,2,22,3,22,4,21,6,21,7,5,2,0,0,0,0,0,0,0,0,0,0,0,0,0,0,0,0,0,0,4,1,18,5,18,6,17,7,17,8,18,8,18,9,19,10,19,10,19,11,19,11,20,12,19,12,19,12,20,12,20,11,20,11,20,10,20,10,21,10,21,10,21,9,21,8,21,8,21,8,21,7,21,7]"
CSI_DATA,98350,d8:b1:90:db:e8:90,-52,11,1,7,0,0,1,0,0,0,1,-95,0,4,0,1492647991,0,100,0,128,1,"[100,-64,5,0,-5,23,-4,23,-3,23,-3,22,-2,22,-1,22,0,22,1,22,1,22,2,22,2,22,3,23,3,23,3,24,2,24,2,24,1,24,1,24,0,24,0,25,-1,25,-1,24,-2,24,-4,25,-6,25,-2,6,0,0,0,0,0,0,0,0,0,0,0,0,0,0,0,0,0,0,-2,5,-5,20,-6,20,-7,19,-7,20,-8,20,-9,20,-10,21,-10,21,-11,22,-12,22,-12,22,-12,22,-12,22,-11,22,-11,22,-11,22,-11,23,-10,23,-10,23,-9,23,-8,23,-8,24,-7,23,-7,23,-6,23,-6,23]"
CSI_DATA,98351,d8:b1:90:db:e8:90,-51,11,1,7,0,0,1,0,0,0,1,-95,0,4,0,1492662917,0,100,0,128,1,"[100,-64,5,0,-24,-11,-24,-10,-23,-9,-23,-8,-23,-7,-23,-6,-23,-6,-23,-5,-24,-4,-24,-3,-24,-3,-25,-3,-25,-2,-25,-2,-26,-2,-26,-3,-26,-3,-26,-3,-26,-4,-26,-5,-26,-5,-25,-6,-25,-7,-25,-9,-24,-11,-6,-3,0,0,0,0,0,0,0,0,0,0,0,0,0,0,0,0,0,0,-5,-3,-19,-10,-19,-11,-19,-13,-19,-13,-19,-14,-19,-15,-19,-15,-20,-16,-20,-17,-20,-17,-20,-18,-20,-18,-20,-19,-20,-19,-20,-18,-20,-17,-21,-17,-21,-17,-21,-16,-22,-16,-23,-15,-23,-15,-23,-14,-23,-13,-23,-13,-24,-13]"
CSI_DATA,98352,d8:b1:90:db:e8:90,-52,11,1,7,0,0,1,0,0,0,1,-95,0,4,0,1492682419,0,100,0,128,1,"[100,-64,5,0,23,-6,23,-7,22,-7,21,-8,21,-9,20,-9,20,-10,19,-11,19,-12,19,-12,19,-13,19,-13,20,-13,20,-14,20,-14,21,-14,21,-14,21,-13,21,-13,22,-12,22,-12,23,-11,23,-9,23,-8,24,-6,6,-2,0,0,0,0,0,0,0,0,0,0,0,0,0,0,0,0,0,0,5,-2,20,-5,20,-4,21,-3,21,-2,22,-2,23,-1,23,-1,24,0,25,0,25,1,25,1,26,1,25,1,25,1,25,1,25,0,25,0,25,-1,25,-1,25,-2,25,-2,25,-3,25,-4,24,-4,24,-5,24,-5]"
CSI_DATA,98353,d8:b1:90:db:e8:90,-52,11,1,7,0,0,1,0,0,0,1,-95,0,4,0,1492708203,0,100,0,128,1,"[100,-64,5,0,-18,17,-17,17,-17,17,-15,17,-15,17,-14,18,-14,18,-13,19,-12,19,-12,20,-12,20,-12,21,-12,21,-12,22,-12,22,-13,22,-13,22,-13,21,-14,21,-15,20,-15,20,-15,19,-16,19,-18,17,-19,16,-5,4,0,0,0,0,0,0,0,0,0,0,0,0,0,0,0,0,0,0,-4,3,-15,15,-16,14,-17,13,-17,13,-18,13,-19,12,-21,12,-22,12,-22,12,-23,12,-23,11,-23,10,-23,10,-24,11,-23,11,-23,11,-23,12,-22,12,-22,12,-21,13,-21,13,-21,14,-20,15,-20,15,-20,15,-19,16]"
CSI_DATA,98354,d8:b1:90:db:e8:90,-51,11,1,7,0,0,1,0,0,0,1,-95,0,4,0,1492719729,0,100,0,128,1,"[100,-64,5,0,18,15,19,15,19,14,19,13,19,12,19,11,20,10,20,10,21,9,21,8,22,8,22,8,23,8,23,8,23,8,23,8,23,9,23,9,23,10,22,10,22,11,22,11,21,12,20,13,19,14,4,3,0,0,0,0,0,0,0,0,0,0,0,0,0,0,0,0,0,0,3,3,15,13,14,15,14,16,13,17,13,17,13,18,13,19,13,20,13,21,13,21,12,22,12,22,12,22,12,22,12,21,13,21,13,21,14,21,14,20,14,20,15,19,16,19,16,18,17,18,18,17,18,17]"
CSI_DATA,98355,d8:b1:90:db:e8:90,-52,11,1,7,0,0,1,0,0,0,1,-95,0,4,0,1492730095,0,100,0,128,1,"[100,-64,5,0,-16,-20,-16,-19,-16,-18,-16,-18,-17,-17,-18,-16,-18,-15,-18,-15,-19,-15,-19,-14,-20,-14,-20,-14,-20,-14,-20,-14,-20,-15,-21,-15,-21,-16,-20,-16,-20,-16,-20,-17,-19,-17,-18,-17,-17,-18,-16,-20,-15,-21,-4,-6,0,0,0,0,0,0,0,0,0,0,0,0,0,0,0,0,0,0,-3,-5,-11,-18,-11,-19,-10,-20,-10,-21,-9,-21,-9,-22,-9,-22,-9,-22,-9,-23,-9,-24,-8,-25,-8,-25,-8,-25,-9,-25,-9,-25,-9,-24,-10,-24,-11,-24,-12,-23,-13,-23,-14,-22,-14,-22,-14,-22,-15,-21,-15,-21,-14,-21]"
CSI_DATA,98356,d8:b1:90:db:e8:90,-52,11,1,7,0,0,1,0,0,0,1,-95,0,4,0,1492742426,0,100,0,128,1,"[100,-64,5,0,2,23,3,23,4,22,4,22,5,22,6,21,7,21,7,21,7,20,8,20,9,20,9,21,9,21,9,22,9,22,9,23,8,23,8,23,7,23,7,23,6,23,6,24,4,24,3,24,1,24,0,6,0,0,0,0,0,0,0,0,0,0,0,0,0,0,0,0,0,0,0,5,0,20,-1,21,-2,21,-3,22,-4,22,-4,22,-4,23,-5,23,-5,24,-5,24,-6,25,-6,25,-6,25,-6,25,-6,25,-5,24,-5,24,-4,24,-3,25,-1,25,-1,25,0,25,1,24,1,24,1,24,1,24]"
CSI_DATA,98357,d8:b1:90:db:e8:90,-51,11,1,7,0,0,1,0,0,0,1,-95,0,4,0,1492755020,0,100,0,128,1,"[100,-64,5,0,21,-5,20,-5,20,-6,20,-6,19,-7,19,-8,19,-8,18,-9,18,-10,18,-10,18,-11,18,-11,19,-11,19,-11,19,-11,19,-11,20,-10,20,-10,21,-10,21,-10,21,-9,21,-8,21,-7,21,-6,21,-5,5,-1,0,0,0,0,0,0,0,0,0,0,0,0,0,0,0,0,0,0,4,-1,19,-2,19,-2,20,-1,20,0,20,0,21,1,21,1,22,1,22,2,22,2,23,2,23,2,23,3,23,3,23,3,23,2,23,2,23,2,22,1,22,0,23,0,23,-1,22,-2,22,-2,22,-3,22,-3]"
CSI_DATA,98358,d8:b1:90:db:e8:90,-52,11,1,7,0,0,1,0,0,0,1,-95,0,4,0,1492769178,0,100,0,128,1,"[100,-64,5,0,-1,23,0,22,0,22,1,21,2,21,3,21,3,21,4,21,4,21,5,21,6,21,6,21,6,21,6,22,5,22,5,23,5,23,4,23,3,23,2,24,1,23,1,23,0,24,-1,24,-3,23,-1,5,0,0,0,0,0,0,0,0,0,0,0,0,0,0,0,0,0,0,-1,4,-2,19,-3,20,-4,20,-5,20,-5,21,-6,21,-7,21,-7,22,-8,23,-8,23,-8,23,-8,23,-8,23,-8,23,-8,23,-8,23,-7,23,-7,23,-6,23,-5,23,-5,23,-4,23,-4,23,-3,23,-2,23,-2,23]"
CSI_DATA,98359,d8:b1:90:db:e8:90,-52,11,1,7,0,0,1,0,0,0,1,-95,0,4,0,1492783071,0,100,0,128,1,"[100,-64,5,0,-18,13,-18,13,-17,14,-16,14,-16,14,-15,15,-14,15,-14,16,-14,16,-13,17,-13,17,-14,17,-14,18,-14,18,-15,18,-15,18,-16,18,-16,17,-16,17,-17,16,-17,16,-17,15,-18,14,-19,13,-20,12,-5,3,0,0,0,0,0,0,0,0,0,0,0,0,0,0,0,0,0,0,-5,2,-17,11,-18,10,-18,9,-19,9,-20,9,-21,8,-21,8,-22,8,-22,8,-23,8,-23,8,-24,8,-24,8,-23,8,-23,8,-23,9,-23,9,-22,9,-22,9,-22,10,-21,10,-21,11,-20,12,-20,12,-19,13,-19,13]"
CSI_DATA,98360,d8:b1:90:db:e8:90,-52,11,1,7,0,0,1,0,0,0,1,-95,0,4,0,1492794314,0,100,0,128,1,"[100,-64,5,0,-23,6,-23,6,-22,7,-22,7,-21,8,-20,9,-20,9,-20,10,-20,11,-19,11,-20,12,-21,12,-21,12,-22,12,-22,12,-22,12,-22,11,-22,10,-22,10,-23,10,-23,9,-23,9,-23,8,-24,6,-24,4,-6,1,0,0,0,0,0,0,0,0,0,0,0,0,0,0,0,0,0,0,-5,0,-21,3,-21,2,-22,1,-22,0,-23,0,-23,-1,-24,-1,-24,-1,-25,-2,-25,-2,-25,-2,-25,-3,-25,-3,-26,-2,-26,-2,-26,-2,-26,-1,-25,-1,-25,0,-25,0,-25,1,-25,2,-24,3,-24,3,-24,4,-24,5]"
CSI_DATA,98361,d8:b1:90:db:e8:90,-52,11,1,7,0,0,1,0,0,0,1,-95,0,4,0,1492815868,0,100,0,128,1,"[100,-64,5,0,8,-23,7,-23,6,-22,5,-22,4,-22,3,-22,2,-22,2,-22,1,-22,0,-23,0,-23,0,-24,0,-24,0,-25,0,-25,1,-26,2,-26,3,-26,3,-26,4,-25,4,-25,5,-25,6,-24,7,-24,8,-24,2,-6,0,0,0,0,0,0,0,0,0,0,0,0,0,0,0,0,0,0,1,-6,8,-21,9,-20,9,-20,10,-21,11,-21,12,-21,14,-20,15,-20,15,-20,16,-21,16,-20,17,-20,17,-20,16,-20,16,-20,15,-21,14,-21,14,-21,14,-22,13,-22,13,-22,12,-22,11,-22,10,-22,10,-23,10,-23]"
CSI_DATA,98362,d8:b1:90:db:e8:90,-52,11,1,7,0,0,1,0,0,0,1,-95,0,4,0,1492832282,0,100,0,128,1,"[100,-64,5,0,4,-23,4,-23,3,-22,2,-22,1,-22,0,-22,-1,-22,-2,-22,-3,-22,-3,-23,-4,-22,-3,-22,-2,-22,-2,-23,-2,-24,-3,-25,-2,-25,-2,-25,-1,-25,-1,-25,0,-26,0,-25,2,-25,3,-24,4,-24,1,-6,0,0,0,0,0,0,0,0,0,0,0,0,0,0,0,0,0,0,1,-5,6,-20,7,-20,8,-20,9,-21,9,-21,10,-21,11,-21,11,-22,12,-22,12,-22,13,-22,13,-22,13,-22,12,-22,12,-22,11,-22,11,-23,10,-23,10,-23,9,-23,9,-24,8,-24,8,-23,7,-23,7,-23,6,-24]"
CSI_DATA,98363,d8:b1:90:db:e8:90,-52,11,1,7,0,0,1,0,0,0,1,-95,0,4,0,1492847199,0,100,0,128,1,"[100,-64,5,0,7,-21,7,-21,6,-21,5,-21,4,-21,3,-21,2,-21,1,-21,1,-22,0,-22,0,-22,0,-21,1,-21,1,-22,1,-23,1,-24,1,-24,2,-24,3,-23,3,-23,4,-23,5,-23,5,-23,6,-23,8,-22,2,-6,0,0,0,0,0,0,0,0,0,0,0,0,0,0,0,0,0,0,2,-5,9,-18,9,-18,10,-18,11,-18,11,-18,12,-18,13,-18,14,-19,14,-19,14,-19,15,-19,15,-19,15,-19,14,-19,14,-19,13,-19,13,-20,13,-20,12,-20,12,-20,11,-21,11,-21,10,-21,10,-21,9,-21,9,-21]"
CSI_DATA,98364,d8:b1:90:db:e8:90,-52,11,1,7,0,0,1,0,0,0,1,-95,0,4,0,1492858939,0,100,0,128,1,"[100,-64,5,0,-21,7,-21,7,-20,7,-20,8,-20,9,-19,9,-19,10,-19,11,-18,11,-18,12,-19,12,-19,13,-19,13,-19,14,-20,14,-20,13,-21,13,-21,12,-21,11,-21,11,-21,10,-21,9,-21,8,-22,6,-23,4,-6,1,0,0,0,0,0,0,0,0,0,0,0,0,0,0,0,0,0,0,-5,1,-20,4,-20,3,-21,2,-22,1,-22,1,-23,0,-23,0,-24,0,-24,-1,-24,-1,-25,-1,-25,-1,-25,-1,-25,-1,-25,-1,-25,-1,-25,0,-24,0,-24,1,-24,2,-24,3,-24,4,-24,4,-23,4,-23,5,-22,5]"
CSI_DATA,98365,d8:b1:90:db:e8:90,-52,11,1,7,0,0,1,0,0,0,1,-95,0,4,0,1492873782,0,100,0,128,1,"[100,-64,5,0,-1,-23,-1,-22,-2,-22,-3,-21,-4,-21,-5,-21,-5,-21,-6,-21,-6,-21,-7,-21,-7,-21,-8,-22,-8,-22,-8,-23,-7,-23,-7,-24,-7,-24,-6,-24,-6,-24,-5,-24,-4,-24,-3,-24,-2,-24,-1,-24,1,-24,0,-6,0,0,0,0,0,0,0,0,0,0,0,0,0,0,0,0,0,0,0,-5,3,-20,3,-20,4,-21,4,-21,5,-21,5,-22,6,-22,6,-22,7,-23,7,-23,7,-23,8,-23,7,-23,8,-23,8,-23,8,-23,7,-23,7,-23,6,-23,5,-23,4,-23,4,-23,3,-24,2,-24,2,-24,1,-24]"
CSI_DATA,98366,d8:b1:90:db:e8:90,-52,11,1,7,0,0,1,0,0,0,1,-95,0,4,0,1492886093,0,100,0,128,1,"[100,-64,5,0,13,-19,12,-19,11,-19,10,-19,9,-19,9,-20,8,-20,7,-20,7,-21,6,-21,6,-22,5,-23,6,-23,6,-24,6,-24,7,-24,7,-24,8,-24,9,-23,10,-23,11,-22,11,-22,12,-21,13,-20,14,-19,3,-5,0,0,0,0,0,0,0,0,0,0,0,0,0,0,0,0,0,0,3,-4,13,-16,14,-15,15,-15,15,-15,16,-15,17,-15,18,-15,19,-15,19,-15,19,-15,20,-15,20,-15,20,-15,19,-15,19,-15,19,-15,19,-15,18,-15,18,-16,18,-16,17,-16,17,-17,16,-17,15,-17,15,-18,15,-18]"
CSI_DATA,98367,d8:b1:90:db:e8:90,-52,11,1,7,0,0,1,0,0,0,1,-95,0,4,0,1492911226,0,100,0,128,1,"[100,-64,5,0,21,-4,21,-4,20,-5,20,-6,19,-7,19,-8,19,-8,19,-9,18,-10,19,-11,19,-11,20,-12,20,-12,20,-12,21,-12,22,-12,22,-11,22,-11,23,-10,23,-9,23,-9,23,-8,23,-6,24,-4,24,-3,6,-1,0,0,0,0,0,0,0,0,0,0,0,0,0,0,0,0,0,0,5,-1,20,-1,20,0,21,1,21,1,22,2,22,3,22,3,23,4,23,5,23,5,24,5,24,5,24,5,24,5,24,5,24,4,23,4,23,3,23,3,23,3,23,2,23,1,23,0,23,-1,23,-2,23,-2]"
CSI_DATA,98368,d8:b1:90:db:e8:90,-53,11,1,7,0,0,1,0,0,0,1,-95,0,4,0,1492922462,0,100,0,128,1,"[100,-64,5,0,19,-11,19,-12,18,-13,17,-13,16,-14,16,-15,15,-16,15,-17,14,-17,14,-18,14,-19,14,-19,15,-20,15,-20,15,-21,16,-21,17,-21,17,-20,18,-20,18,-19,19,-19,20,-17,20,-16,21,-15,22,-13,5,-4,0,0,0,0,0,0,0,0,0,0,0,0,0,0,0,0,0,0,5,-2,21,-6,21,-6,22,-6,22,-5,22,-5,23,-4,24,-4,24,-3,25,-3,25,-2,26,-2,26,-2,26,-2,25,-2,25,-3,25,-3,25,-4,25,-5,24,-5,23,-6,23,-6,23,-7,23,-8,22,-9,22,-9,22,-10]"
CSI_DATA,98369,d8:b1:90:db:e8:90,-52,11,1,7,0,0,1,0,0,0,1,-95,0,4,0,1492941658,0,100,0,128,1,"[100,-64,5,0,15,16,16,15,17,14,17,13,18,13,18,12,19,11,19,11,20,10,21,9,22,9,22,9,23,9,24,10,24,10,24,11,24,11,23,12,23,13,23,14,22,14,21,15,20,16,19,18,18,19,4,4,0,0,0,0,0,0,0,0,0,0,0,0,0,0,0,0,0,0,3,4,12,17,11,18,11,19,10,20,10,21,10,21,9,22,9,23,9,24,9,24,9,24,9,25,9,25,9,25,8,24,9,23,9,23,10,23,10,22,11,22,12,21,12,21,13,20,13,19,14,19,15,18]"
CSI_DATA,98370,d8:b1:90:db:e8:90,-52,11,1,7,0,0,1,0,0,0,1,-95,0,4,0,1492952377,0,100,0,128,1,"[100,-64,5,0,20,-2,20,-3,20,-4,19,-5,19,-6,19,-7,19,-8,18,-9,18,-10,19,-10,19,-11,19,-11,20,-12,20,-12,21,-12,21,-12,22,-11,22,-11,22,-10,22,-10,22,-9,22,-8,23,-7,23,-5,23,-3,5,-1,0,0,0,0,0,0,0,0,0,0,0,0,0,0,0,0,0,0,4,0,19,1,20,2,20,3,20,4,20,5,21,5,22,6,22,7,22,7,22,7,22,8,22,8,22,8,22,8,22,8,22,7,22,6,22,6,22,5,22,4,22,4,21,3,21,2,21,2,21,1,21,0]"
CSI_DATA,98371,d8:b1:90:db:e8:90,-52,11,1,5,0,0,1,0,1,0,0,-95,0,4,0,1492962681,0,100,0,128,1,"[100,-64,5,0,21,12,23,12,26,11,28,9,29,7,30,4,31,1,31,-2,30,-4,29,-6,29,-7,28,-8,28,-8,28,-7,27,-6,27,-5,28,-3,27,-1,26,0,25,1,24,2,22,4,20,5,17,5,15,5,3,1,0,0,0,0,0,0,0,0,0,0,0,0,0,0,0,0,0,0,-3,-8,-10,-31,-10,-31,-10,-31,-10,-30,-10,-28,-10,-26,-9,-23,-8,-21,-6,-18,-4,-15,-1,-12,2,-10,5,-8,7,-7,9,-7,11,-7,12,-7,13,-8,13,-7,12,-6,12,-5,12,-3,12,-1,12,1,13,4,14,6]"
CSI_DATA,98372,d8:b1:90:db:e8:90,-53,11,1,7,0,0,1,0,0,0,1,-95,0,4,0,1492990706,0,100,0,128,1,"[100,-64,5,0,20,-8,19,-8,18,-9,18,-10,17,-11,16,-12,16,-13,15,-13,15,-14,15,-15,15,-16,16,-17,16,-17,16,-18,17,-18,17,-18,18,-18,18,-18,18,-18,19,-17,19,-16,20,-15,21,-14,22,-13,23,-11,5,-3,0,0,0,0,0,0,0,0,0,0,0,0,0,0,0,0,0,0,5,-1,21,-3,21,-2,21,-1,21,0,22,0,22,1,23,1,23,1,24,1,24,2,24,2,24,2,24,2,24,2,23,2,23,2,23,1,23,0,23,0,23,-1,22,-2,22,-3,22,-3,22,-3,21,-4,21,-5]"
CSI_DATA,98373,d8:b1:90:db:e8:90,-52,11,1,7,0,0,1,0,0,0,1,-95,0,4,0,1493014495,0,100,0,128,1,"[100,-64,5,0,-14,-18,-14,-17,-15,-15,-15,-14,-16,-14,-17,-13,-18,-12,-18,-11,-19,-10,-20,-10,-21,-10,-22,-10,-22,-10,-23,-10,-23,-11,-23,-11,-23,-12,-23,-12,-23,-13,-22,-13,-22,-14,-21,-14,-21,-15,-20,-17,-19,-18,-5,-5,0,0,0,0,0,0,0,0,0,0,0,0,0,0,0,0,0,0,-3,-5,-12,-19,-11,-20,-10,-21,-9,-21,-9,-22,-9,-22,-8,-23,-8,-24,-8,-24,-8,-25,-7,-25,-7,-24,-7,-24,-7,-24,-6,-25,-6,-25,-7,-24,-8,-24,-8,-23,-9,-22,-10,-22,-10,-21,-11,-21,-11,-20,-11,-20,-11,-19]"
CSI_DATA,98374,d8:b1:90:db:e8:90,-52,11,1,7,0,0,1,0,0,0,1,-95,0,4,0,1493027270,0,100,0,128,1,"[100,-64,5,0,-22,-7,-22,-6,-22,-5,-22,-3,-22,-2,-22,-1,-22,1,-23,2,-23,2,-23,3,-24,4,-24,4,-25,5,-25,5,-26,5,-27,5,-27,4,-27,4,-28,3,-28,2,-28,1,-28,0,-28,-1,-28,-3,-27,-5,-7,-2,0,0,0,0,0,0,0,0,0,0,0,0,0,0,0,0,0,0,-6,-3,-22,-9,-21,-11,-21,-12,-20,-13,-21,-13,-21,-14,-21,-14,-21,-15,-21,-16,-22,-17,-21,-17,-21,-18,-21,-18,-21,-18,-20,-17,-21,-16,-21,-16,-21,-15,-21,-14,-21,-13,-22,-12,-22,-11,-22,-11,-22,-11,-22,-10,-22,-9]"
CSI_DATA,98375,d8:b1:90:db:e8:90,-52,11,1,7,0,0,1,0,0,0,1,-95,0,4,0,1493046337,0,100,0,128,1,"[100,-64,5,0,-7,-21,-7,-20,-8,-19,-9,-18,-10,-18,-11,-18,-12,-17,-13,-17,-14,-17,-15,-17,-16,-17,-17,-17,-17,-17,-17,-18,-17,-18,-18,-19,-18,-19,-17,-20,-17,-20,-16,-21,-16,-21,-15,-22,-14,-22,-12,-23,-11,-24,-3,-6,0,0,0,0,0,0,0,0,0,0,0,0,0,0,0,0,0,0,-2,-5,-5,-20,-4,-21,-3,-22,-2,-22,-1,-23,-1,-23,0,-23,0,-24,1,-24,1,-25,2,-25,2,-25,2,-25,2,-25,2,-25,1,-24,1,-24,0,-24,0,-24,-1,-24,-1,-24,-2,-23,-3,-23,-4,-22,-4,-22,-5,-22]"
CSI_DATA,98376,d8:b1:90:db:e8:90,-52,11,1,7,0,0,1,0,0,0,1,-95,0,4,0,1493063992,0,100,0,128,1,"[100,-64,5,0,9,-19,8,-19,7,-19,6,-19,5,-19,4,-19,3,-20,2,-21,2,-21,1,-22,0,-22,0,-23,0,-23,0,-24,0,-24,0,-24,0,-25,1,-25,2,-26,2,-26,3,-26,4,-25,6,-25,7,-25,9,-24,2,-6,0,0,0,0,0,0,0,0,0,0,0,0,0,0,0,0,0,0,2,-5,10,-18,11,-18,12,-18,13,-18,14,-18,15,-18,16,-18,16,-18,17,-18,17,-18,18,-17,18,-17,18,-17,18,-17,18,-17,17,-17,17,-17,17,-17,16,-18,16,-18,15,-18,14,-18,13,-18,12,-18,12,-19,12,-19]"
CSI_DATA,98377,d8:b1:90:db:e8:90,-51,11,1,7,0,0,1,0,1,0,1,-95,0,4,0,1493074374,0,100,0,128,1,"[100,-64,5,0,5,-26,4,-27,2,-28,0,-28,-2,-28,-4,-28,-7,-27,-9,-27,-11,-25,-12,-24,-14,-24,-14,-24,-15,-24,-14,-25,-14,-25,-13,-26,-12,-26,-11,-26,-10,-26,-9,-25,-8,-23,-7,-21,-5,-19,-2,-16,0,-14,0,-4,0,0,0,0,0,0,0,0,0,0,0,0,0,0,0,0,0,0,-7,3,-28,15,-29,14,-29,13,-28,13,-26,13,-24,13,-22,12,-20,10,-17,7,-15,5,-13,2,-11,-1,-9,-4,-9,-7,-8,-9,-7,-11,-7,-12,-6,-13,-6,-14,-5,-14,-4,-15,-2,-15,0,-16,1,-17,3,-19,4,-20]"
CSI_DATA,98378,d8:b1:90:db:e8:90,-51,11,1,7,0,0,1,0,1,0,1,-95,0,4,0,1493085119,0,100,0,128,1,"[100,-64,5,0,9,27,11,28,13,27,15,26,17,25,19,23,21,21,23,19,24,17,24,16,25,15,26,14,27,14,28,14,28,14,28,15,28,16,26,16,24,16,23,16,21,15,18,14,15,13,11,12,7,11,1,2,0,0,0,0,0,0,0,0,0,0,0,0,0,0,0,0,0,0,4,-8,17,-30,18,-30,18,-30,17,-29,16,-28,15,-26,14,-24,13,-21,12,-18,11,-14,10,-10,10,-7,10,-3,10,0,11,3,11,5,11,7,11,8,11,10,10,11,10,12,9,14,9,16,8,18,7,20,7,22]"
CSI_DATA,98379,d8:b1:90:db:e8:90,-51,11,1,7,0,0,1,0,1,0,1,-95,0,4,0,1493096023,0,100,0,128,1,"[100,-64,5,0,-16,24,-15,25,-14,26,-12,28,-10,28,-7,28,-4,28,-2,29,0,28,3,28,4,28,5,29,6,29,7,29,7,29,6,30,6,30,5,29,4,28,3,26,2,25,1,22,-1,19,-3,16,-5,13,-2,3,0,0,0,0,0,0,0,0,0,0,0,0,0,0,0,0,0,0,8,0,32,1,33,2,32,2,32,2,30,2,29,1,26,1,23,2,20,2,17,3,14,5,10,6,8,8,5,10,3,11,2,13,0,14,-1,15,-2,16,-3,16,-4,16,-6,16,-8,17,-10,17,-12,18,-13,19]"
CSI_DATA,98380,d8:b1:90:db:e8:90,-50,11,1,6,0,0,1,0,1,0,1,-95,0,4,0,1493120688,0,100,0,128,1,"[100,-64,5,0,-29,1,-30,2,-30,3,-30,5,-29,8,-28,10,-27,12,-26,14,-25,16,-24,17,-23,19,-22,21,-22,22,-21,22,-21,23,-21,23,-21,22,-21,21,-20,20,-20,18,-19,16,-17,13,-16,10,-15,6,-14,3,-4,0,0,0,0,0,0,0,0,0,0,0,0,0,0,0,0,0,0,0,3,7,15,28,15,29,14,29,14,28,14,27,13,26,12,24,11,21,9,19,6,17,3,15,0,13,-3,11,-6,10,-9,9,-11,8,-13,8,-15,7,-16,7,-17,7,-18,6,-19,5,-21,4,-22,3,-23,2,-25,1]"
CSI_DATA,98381,d8:b1:90:db:e8:90,-50,11,1,6,0,0,1,0,1,0,1,-95,0,4,0,1493131054,0,100,0,128,1,"[100,-64,5,0,26,11,27,11,28,10,29,8,29,6,29,3,29,1,29,-2,29,-4,28,-6,28,-8,29,-9,29,-11,29,-12,29,-12,29,-12,28,-12,27,-11,26,-10,25,-9,23,-7,20,-5,18,-2,15,0,12,2,2,0,0,0,0,0,0,0,0,0,0,0,0,0,0,0,0,0,0,0,-1,-8,-3,-32,-2,-33,-2,-33,-3,-33,-3,-32,-3,-30,-3,-28,-2,-26,-1,-23,0,-19,2,-16,4,-13,6,-9,8,-7,10,-5,12,-4,14,-3,16,-2,17,-1,18,0,19,1,19,3,20,4,21,6,22,8,23,9]"
CSI_DATA,98382,d8:b1:90:db:e8:90,-51,11,1,6,0,0,1,0,1,0,1,-95,0,4,0,1493147812,0,100,0,128,1,"[100,-64,5,0,3,27,3,27,5,27,6,27,8,27,10,26,12,24,14,23,15,22,17,21,19,20,20,19,21,19,22,18,22,18,22,18,22,18,21,18,20,17,18,16,16,15,13,14,10,13,6,12,3,11,0,2,0,0,0,0,0,0,0,0,0,0,0,0,0,0,0,0,0,0,5,-5,24,-19,25,-18,25,-18,25,-18,24,-18,23,-17,21,-16,19,-14,17,-12,15,-10,13,-7,11,-4,10,0,9,3,8,6,8,9,8,11,8,13,8,15,8,16,7,17,7,18,6,19,5,20,4,22,4,23]"
CSI_DATA,98383,d8:b1:90:db:e8:90,-51,11,1,6,0,0,1,0,1,0,1,-95,0,4,0,1493158046,0,100,0,128,1,"[100,-64,5,0,-10,-21,-11,-21,-12,-21,-13,-21,-15,-21,-16,-20,-17,-18,-19,-17,-20,-15,-21,-14,-22,-12,-23,-11,-24,-10,-24,-9,-24,-9,-24,-9,-23,-9,-22,-9,-21,-9,-19,-9,-17,-10,-15,-10,-12,-10,-9,-10,-6,-10,-2,-3,0,0,0,0,0,0,0,0,0,0,0,0,0,0,0,0,0,0,-4,4,-17,18,-17,18,-18,18,-18,18,-17,18,-16,17,-15,16,-14,15,-13,12,-12,10,-11,7,-10,4,-10,1,-10,-2,-10,-4,-11,-6,-11,-8,-12,-10,-13,-11,-13,-12,-13,-12,-13,-13,-12,-14,-12,-15,-11,-16,-11,-17]"
CSI_DATA,98384,d8:b1:90:db:e8:90,-51,11,1,6,0,0,1,0,0,0,1,-95,0,4,0,1493173141,0,100,0,128,1,"[100,-64,5,0,24,-8,23,-8,22,-9,21,-9,20,-10,20,-11,19,-12,18,-12,18,-13,17,-14,17,-14,17,-14,17,-15,17,-16,18,-16,19,-17,19,-17,19,-17,19,-17,20,-16,21,-16,21,-15,22,-14,22,-13,23,-11,6,-3,0,0,0,0,0,0,0,0,0,0,0,0,0,0,0,0,0,0,5,-2,21,-7,21,-6,22,-5,22,-4,23,-4,24,-4,25,-3,26,-3,27,-2,27,-2,28,-1,28,-1,28,-1,28,0,27,-1,27,-1,27,-1,27,-2,27,-3,27,-4,27,-5,27,-5,27,-5,27,-5,27,-6,27,-6]"
CSI_DATA,98385,d8:b1:90:db:e8:90,-51,11,1,6,0,0,1,0,0,0,1,-95,0,4,0,1493185195,0,100,0,128,1,"[100,-64,5,0,24,-2,23,-2,22,-3,22,-4,21,-4,21,-5,20,-6,19,-7,19,-7,19,-8,19,-9,19,-9,19,-9,19,-10,20,-10,21,-10,21,-10,22,-10,22,-9,22,-9,22,-8,23,-7,23,-6,23,-5,23,-4,6,-1,0,0,0,0,0,0,0,0,0,0,0,0,0,0,0,0,0,0,5,-1,20,-4,20,-3,20,-2,21,-1,21,0,22,0,23,1,24,1,25,2,25,3,25,3,25,4,26,4,25,4,25,4,25,3,25,3,25,3,25,2,25,2,25,1,25,1,25,1,25,1,25,0,25,-1]"
CSI_DATA,98386,d8:b1:90:db:e8:90,-51,11,1,6,0,0,1,0,0,0,1,-95,0,4,0,1493195804,0,100,0,128,1,"[100,-64,5,0,5,24,5,23,6,22,6,21,6,20,7,20,7,19,8,19,9,19,9,18,10,18,10,18,11,19,11,19,11,19,11,20,11,20,11,20,10,21,10,21,9,22,9,22,8,22,7,23,5,24,1,6,0,0,0,0,0,0,0,0,0,0,0,0,0,0,0,0,0,0,1,4,6,19,5,19,5,20,4,21,3,22,3,22,3,23,2,24,2,25,2,25,1,26,1,26,1,26,1,26,1,27,1,27,1,27,2,27,2,26,3,26,3,26,3,26,4,27,4,26,4,26,5,25]"
CSI_DATA,98387,d8:b1:90:db:e8:90,-51,11,1,6,0,0,1,0,0,0,1,-95,0,4,0,1493217881,0,100,0,128,1,"[100,-64,5,0,15,-19,14,-19,13,-19,13,-19,12,-19,11,-19,10,-19,9,-20,8,-20,8,-20,7,-21,7,-21,7,-21,7,-22,7,-22,8,-22,8,-23,8,-23,8,-23,9,-22,9,-22,10,-22,11,-21,12,-21,13,-20,3,-5,0,0,0,0,0,0,0,0,0,0,0,0,0,0,0,0,0,0,2,-5,10,-17,12,-16,13,-15,14,-15,15,-15,16,-15,17,-16,18,-16,19,-16,20,-16,21,-16,21,-16,21,-16,21,-16,21,-16,20,-17,20,-17,20,-17,20,-17,19,-18,19,-18,19,-19,19,-19,18,-19,18,-19,17,-19]"
CSI_DATA,98388,d8:b1:90:db:e8:90,-51,11,1,6,0,0,1,0,0,0,1,-95,0,4,0,1493227999,0,100,0,128,1,"[100,-64,5,0,-17,-18,-17,-17,-17,-16,-17,-16,-18,-15,-18,-14,-18,-13,-18,-12,-18,-12,-19,-11,-19,-11,-20,-11,-20,-11,-20,-11,-21,-11,-21,-12,-21,-12,-21,-12,-21,-12,-21,-13,-20,-13,-20,-14,-19,-14,-18,-16,-18,-17,-5,-5,0,0,0,0,0,0,0,0,0,0,0,0,0,0,0,0,0,0,-4,-3,-16,-11,-15,-13,-14,-14,-14,-15,-14,-16,-14,-17,-15,-18,-15,-19,-15,-20,-15,-21,-14,-22,-14,-22,-14,-23,-14,-23,-14,-22,-15,-22,-15,-22,-15,-21,-16,-21,-16,-21,-17,-21,-17,-21,-17,-21,-17,-21,-18,-20,-17,-20]"
CSI_DATA,98389,d8:b1:90:db:e8:90,-51,11,1,6,0,0,1,0,0,0,1,-95,0,4,0,1493242845,0,100,0,128,1,"[100,-64,5,0,22,11,22,10,21,9,21,8,21,7,21,6,21,5,21,5,21,4,21,4,22,3,22,4,22,4,23,4,23,4,23,5,23,5,23,5,23,5,23,6,23,6,23,7,22,8,22,9,21,10,5,2,0,0,0,0,0,0,0,0,0,0,0,0,0,0,0,0,0,0,4,1,18,7,18,8,18,9,18,10,18,10,19,11,19,12,19,13,19,14,19,15,19,16,20,17,19,17,20,17,20,16,20,16,20,16,20,15,21,15,21,14,21,13,22,13,22,12,23,12,23,12,23,11]"
CSI_DATA,98390,d8:b1:90:db:e8:90,-51,11,1,6,0,0,1,0,0,0,1,-95,0,4,0,1493255030,0,100,0,128,1,"[100,-64,5,0,14,15,14,14,14,13,14,13,14,12,14,11,15,11,15,10,15,10,15,9,16,9,16,9,16,9,17,9,17,9,17,10,17,10,17,10,17,10,17,11,16,11,16,11,16,12,15,14,14,14,3,3,0,0,0,0,0,0,0,0,0,0,0,0,0,0,0,0,0,0,2,2,10,11,10,12,9,14,9,14,9,15,9,15,10,16,10,16,10,17,10,17,10,17,10,18,10,18,10,18,10,18,11,18,11,18,11,18,12,18,12,17,12,17,13,17,13,17,13,16,14,16,14,16]"
CSI_DATA,98391,d8:b1:90:db:e8:90,-51,11,1,6,0,0,1,0,0,0,1,-95,0,4,0,1493268856,0,100,0,128,1,"[100,-64,5,0,-12,-23,-12,-22,-12,-21,-12,-21,-13,-20,-13,-20,-14,-19,-14,-19,-15,-18,-15,-18,-16,-18,-17,-18,-17,-18,-17,-18,-17,-19,-17,-19,-17,-19,-16,-20,-16,-20,-15,-20,-15,-21,-14,-21,-13,-22,-12,-23,-11,-23,-3,-6,0,0,0,0,0,0,0,0,0,0,0,0,0,0,0,0,0,0,-3,-5,-10,-18,-9,-18,-8,-20,-8,-21,-7,-21,-7,-21,-7,-22,-8,-22,-7,-23,-7,-24,-7,-24,-7,-24,-7,-25,-8,-25,-8,-25,-8,-25,-8,-25,-9,-25,-9,-25,-9,-25,-9,-25,-10,-25,-10,-24,-11,-24,-11,-24,-11,-24]"
CSI_DATA,98392,d8:b1:90:db:e8:90,-51,11,1,6,0,0,1,0,0,0,1,-95,0,4,0,1493279348,0,100,0,128,1,"[100,-64,5,0,17,17,17,16,17,15,18,15,18,14,18,13,19,12,18,11,19,11,19,10,19,10,20,11,20,11,21,11,21,12,21,12,21,13,21,13,20,13,20,14,19,14,18,15,18,16,17,17,16,18,3,4,0,0,0,0,0,0,0,0,0,0,0,0,0,0,0,0,0,0,3,3,13,13,13,14,12,15,12,16,12,17,12,18,12,18,12,19,12,20,13,21,13,21,13,21,13,22,13,22,13,22,13,22,14,21,14,21,15,21,15,20,16,20,16,20,17,20,17,19,17,19,17,18]"
CSI_DATA,98393,d8:b1:90:db:e8:90,-51,11,1,6,0,0,1,0,0,0,1,-95,0,4,0,1493290055,0,100,0,128,1,"[100,-64,5,0,-17,-19,-17,-18,-18,-17,-18,-17,-19,-16,-19,-16,-19,-15,-19,-14,-19,-13,-20,-13,-21,-13,-21,-13,-21,-14,-21,-14,-22,-14,-22,-15,-22,-15,-21,-15,-21,-16,-20,-16,-20,-16,-19,-17,-18,-18,-17,-19,-16,-20,-4,-5,0,0,0,0,0,0,0,0,0,0,0,0,0,0,0,0,0,0,-4,-4,-13,-16,-12,-17,-12,-18,-11,-19,-11,-19,-11,-19,-11,-20,-11,-21,-11,-22,-11,-22,-11,-23,-11,-23,-11,-24,-12,-24,-12,-24,-12,-24,-12,-23,-13,-23,-14,-23,-15,-22,-15,-22,-16,-22,-16,-22,-16,-21,-16,-21,-16,-21]"
CSI_DATA,98394,d8:b1:90:db:e8:90,-50,11,1,7,0,0,1,0,0,0,1,-95,0,4,0,1493320669,0,100,0,128,1,"[100,-64,5,0,24,-3,24,-3,24,-4,24,-5,24,-6,23,-7,23,-7,23,-8,23,-9,23,-9,23,-10,23,-10,23,-10,24,-10,25,-10,25,-9,25,-9,26,-8,26,-7,26,-6,26,-5,26,-4,26,-3,25,-1,25,0,6,0,0,0,0,0,0,0,0,0,0,0,0,0,0,0,0,0,0,0,5,-1,20,-1,20,0,20,1,20,1,21,2,21,3,22,3,23,3,23,4,23,4,24,4,24,4,24,4,24,4,24,4,24,4,24,3,24,3,24,2,25,1,25,0,25,0,25,-1,25,-1,26,-2,26,-2]"
CSI_DATA,98395,d8:b1:90:db:e8:90,-51,11,1,7,0,0,1,0,0,0,1,-95,0,4,0,1493333377,0,100,0,128,1,"[100,-64,5,0,-3,19,-2,19,-2,19,-1,19,0,19,1,19,1,19,2,19,2,19,3,19,3,19,3,20,3,20,3,21,3,21,3,22,2,22,1,22,1,22,0,22,-1,22,-2,22,-3,22,-4,21,-5,21,-2,5,0,0,0,0,0,0,0,0,0,0,0,0,0,0,0,0,0,0,-2,3,-5,15,-6,15,-7,15,-7,15,-7,15,-8,16,-9,16,-9,16,-9,17,-9,17,-10,17,-10,17,-10,18,-10,18,-9,18,-9,18,-9,18,-8,18,-8,18,-7,19,-7,19,-6,19,-5,19,-5,19,-4,19,-4,20]"
CSI_DATA,98396,d8:b1:90:db:e8:90,-51,11,1,7,0,0,1,0,0,0,1,-95,0,4,0,1493350924,0,100,0,128,1,"[100,-64,5,0,16,-19,15,-19,14,-20,14,-20,13,-21,12,-21,12,-22,11,-23,11,-23,11,-24,10,-24,11,-24,11,-25,11,-25,12,-25,13,-25,13,-25,14,-25,15,-25,16,-25,17,-24,18,-23,19,-22,19,-20,20,-19,5,-5,0,0,0,0,0,0,0,0,0,0,0,0,0,0,0,0,0,0,4,-4,16,-13,17,-13,17,-12,18,-12,18,-12,19,-12,20,-12,21,-12,22,-12,22,-12,22,-12,22,-12,22,-12,22,-12,22,-12,21,-13,21,-14,21,-14,21,-15,20,-15,20,-16,20,-17,19,-17,19,-17,18,-18,18,-19]"
CSI_DATA,98397,d8:b1:90:db:e8:90,-51,11,1,6,0,0,1,0,0,0,1,-95,0,4,0,1493361423,0,100,0,128,1,"[100,-64,5,0,-11,-20,-13,-22,-15,-23,-18,-23,-21,-22,-23,-21,-25,-19,-26,-17,-27,-15,-27,-13,-27,-11,-26,-11,-25,-11,-24,-12,-22,-13,-21,-14,-20,-16,-18,-18,-16,-19,-15,-20,-14,-20,-12,-20,-11,-19,-8,-18,-6,-18,-2,-5,0,0,0,0,0,0,0,0,0,0,0,0,0,0,0,0,0,0,0,6,0,25,0,25,0,25,1,25,2,24,3,23,3,21,3,19,2,16,1,13,-1,10,-3,8,-5,6,-7,4,-10,3,-11,3,-12,3,-13,3,-13,3,-12,2,-12,2,-10,0,-9,-2,-8,-4,-7,-7,-7,-10]"
CSI_DATA,98398,d8:b1:90:db:e8:90,-51,11,1,6,0,0,1,0,0,0,1,-95,0,4,0,1493377093,0,100,0,128,1,"[100,-64,5,0,-1,20,0,22,2,24,4,25,7,26,9,25,12,24,14,23,15,22,15,21,16,20,15,19,15,19,14,19,12,19,10,20,9,21,7,21,5,21,4,21,3,21,2,20,0,19,-1,17,-2,15,-1,3,0,0,0,0,0,0,0,0,0,0,0,0,0,0,0,0,0,0,2,-6,11,-21,11,-21,11,-22,10,-22,9,-21,8,-20,7,-19,6,-17,5,-15,5,-12,5,-9,6,-6,7,-4,8,-2,8,0,9,0,10,1,10,1,10,2,9,2,8,2,6,3,5,4,3,6,1,8,0,10]"
CSI_DATA,98399,d8:b1:90:db:e8:90,-51,11,1,6,0,0,1,0,0,0,1,-95,0,4,0,1493389211,0,100,0,128,1,"[100,-64,5,0,5,-22,4,-24,2,-26,0,-28,-2,-29,-4,-29,-7,-29,-9,-28,-10,-27,-11,-26,-12,-26,-12,-25,-11,-24,-9,-24,-7,-24,-5,-25,-4,-25,-2,-25,0,-25,1,-25,2,-24,3,-22,4,-20,4,-18,5,-15,1,-4,0,0,0,0,0,0,0,0,0,0,0,0,0,0,0,0,0,0,-3,5,-12,21,-13,21,-13,21,-12,21,-11,21,-10,20,-9,18,-8,16,-7,14,-7,11,-7,9,-7,6,-7,3,-8,1,-8,0,-9,-1,-9,-2,-9,-3,-9,-3,-8,-3,-7,-4,-5,-5,-3,-6,0,-8,2,-10,3,-12]"
CSI_DATA,98400,d8:b1:90:db:e8:90,-51,11,1,6,0,0,1,0,0,0,1,-95,0,4,0,1493401983,0,100,0,128,1,"[100,-64,5,0,-2,-28,-5,-30,-7,-32,-10,-33,-13,-33,-17,-32,-19,-30,-21,-28,-22,-27,-23,-25,-23,-24,-22,-23,-21,-23,-19,-23,-17,-24,-15,-26,-13,-27,-11,-27,-9,-28,-8,-28,-7,-28,-5,-26,-3,-24,-2,-22,0,-19,0,-5,0,0,0,0,0,0,0,0,0,0,0,0,0,0,0,0,0,0,-2,7,-8,30,-8,30,-8,30,-7,29,-6,28,-5,27,-4,25,-3,22,-3,19,-4,15,-5,11,-6,8,-7,5,-9,3,-10,2,-12,1,-12,0,-12,0,-11,-1,-10,-1,-9,-3,-7,-4,-5,-7,-3,-9,-2,-13,-1,-15]"
CSI_DATA,98401,d8:b1:90:db:e8:90,-52,11,1,6,0,0,1,0,0,0,1,-95,0,4,0,1493427976,0,100,0,128,1,"[100,-64,5,0,17,-13,18,-16,17,-18,16,-20,14,-22,12,-23,10,-25,8,-25,7,-25,6,-25,5,-24,5,-24,6,-23,7,-23,8,-22,10,-22,12,-22,13,-21,14,-21,14,-20,14,-19,14,-17,13,-15,12,-12,11,-10,2,-3,0,0,0,0,0,0,0,0,0,0,0,0,0,0,0,0,0,0,-7,-1,-25,-1,-25,-1,-25,-1,-24,0,-23,0,-22,1,-19,1,-17,1,-15,0,-13,-1,-10,-2,-9,-4,-7,-5,-6,-7,-5,-8,-5,-8,-4,-8,-4,-8,-3,-8,-2,-7,0,-7,2,-6,4,-6,7,-6,9,-6,12,-7]"
CSI_DATA,98402,d8:b1:90:db:e8:90,-51,11,1,6,0,0,1,0,0,0,1,-95,0,4,0,1493441689,0,100,0,128,1,"[100,-64,5,0,7,-26,6,-28,4,-30,1,-32,-2,-32,-5,-32,-7,-31,-9,-31,-10,-30,-11,-29,-12,-28,-12,-28,-11,-28,-10,-28,-8,-28,-7,-29,-5,-29,-4,-29,-2,-29,-2,-28,-1,-27,0,-25,1,-22,3,-19,4,-16,1,-4,0,0,0,0,0,0,0,0,0,0,0,0,0,0,0,0,0,0,-6,5,-24,20,-24,19,-24,19,-23,19,-21,18,-20,17,-18,16,-16,14,-14,12,-13,9,-12,6,-11,3,-10,1,-10,-1,-10,-3,-10,-4,-9,-5,-8,-5,-7,-6,-6,-6,-4,-7,-2,-8,1,-10,3,-12,5,-14,7,-16]"
CSI_DATA,98403,d8:b1:90:db:e8:90,-52,11,1,6,0,0,1,0,0,0,1,-95,0,4,0,1493458537,0,100,0,128,1,"[100,-64,5,0,22,11,24,11,26,9,28,7,29,4,29,2,29,-1,28,-3,28,-4,27,-5,27,-5,26,-5,26,-4,27,-3,27,-2,27,0,27,1,27,1,27,3,25,4,23,4,21,4,18,4,15,5,12,6,3,1,0,0,0,0,0,0,0,0,0,0,0,0,0,0,0,0,0,0,-5,-6,-18,-24,-18,-25,-17,-25,-17,-24,-16,-22,-15,-20,-14,-19,-12,-17,-10,-15,-8,-13,-6,-12,-3,-10,-1,-9,1,-8,2,-8,4,-7,4,-7,5,-6,5,-5,5,-3,6,-1,7,1,8,4,10,6,12,8,14,10]"
CSI_DATA,98404,d8:b1:90:db:e8:90,-52,11,1,6,0,0,1,0,0,0,1,-95,0,4,0,1493472351,0,100,0,128,1,"[100,-64,5,0,-2,26,0,27,3,28,6,28,8,27,10,26,12,25,14,24,15,23,15,22,15,22,15,22,15,23,14,23,13,24,12,25,11,25,10,26,9,25,8,24,7,23,6,21,4,19,1,16,0,14,-1,3,0,0,0,0,0,0,0,0,0,0,0,0,0,0,0,0,0,0,4,-7,17,-25,17,-25,17,-24,16,-24,15,-23,13,-21,12,-20,11,-17,10,-15,9,-12,8,-9,8,-6,8,-4,8,-1,7,0,7,2,7,3,6,4,5,4,4,5,3,6,1,8,-1,10,-2,13,-3,15,-3,17]"
CSI_DATA,98405,d8:b1:90:db:e8:90,-52,11,1,6,0,0,1,0,0,0,1,-95,0,4,0,1493487442,0,100,0,128,1,"[100,-64,5,0,-25,12,-25,14,-24,17,-23,19,-21,21,-19,22,-17,24,-15,24,-14,24,-13,24,-13,25,-13,25,-13,25,-14,25,-16,25,-17,25,-18,24,-18,23,-18,22,-18,20,-17,19,-16,16,-15,14,-14,10,-13,7,-3,1,0,0,0,0,0,0,0,0,0,0,0,0,0,0,0,0,0,0,7,0,31,2,31,3,31,3,29,2,28,2,26,1,23,1,20,1,17,1,14,2,11,3,8,4,6,5,4,6,2,7,1,7,0,7,-2,7,-3,7,-4,6,-6,6,-9,5,-11,5,-14,5,-16,5,-18,6]"
CSI_DATA,98406,d8:b1:90:db:e8:90,-52,11,1,6,0,0,1,0,0,0,1,-95,0,4,0,1493498698,0,100,0,128,1,"[100,-64,5,0,10,-23,9,-24,7,-26,5,-27,3,-27,1,-28,-2,-28,-3,-27,-5,-27,-6,-26,-6,-26,-7,-26,-6,-27,-6,-27,-5,-27,-4,-27,-4,-28,-3,-28,-2,-27,-1,-25,-1,-24,0,-22,1,-19,3,-15,4,-12,1,-3,0,0,0,0,0,0,0,0,0,0,0,0,0,0,0,0,0,0,-7,3,-25,15,-26,14,-26,13,-25,13,-23,13,-21,12,-19,11,-17,10,-15,8,-13,6,-11,3,-10,1,-8,-1,-7,-3,-6,-5,-6,-6,-5,-6,-4,-7,-3,-8,-1,-8,0,-9,2,-10,4,-11,6,-12,8,-14,9,-16]"
CSI_DATA,98407,d8:b1:90:db:e8:90,-52,11,1,6,0,0,1,0,0,0,1,-95,0,4,0,1493526146,0,100,0,128,1,"[100,-64,5,0,24,12,26,11,27,9,28,7,29,5,29,3,29,0,29,-2,29,-3,29,-4,29,-5,29,-6,30,-6,30,-6,31,-6,31,-5,31,-4,30,-4,29,-3,27,-2,25,-1,22,1,19,2,15,4,12,5,2,1,0,0,0,0,0,0,0,0,0,0,0,0,0,0,0,0,0,0,-4,-8,-15,-30,-15,-30,-15,-30,-14,-29,-13,-27,-13,-26,-12,-23,-10,-21,-8,-19,-6,-16,-4,-14,-1,-12,1,-10,3,-8,5,-6,6,-5,7,-5,8,-3,9,-2,10,0,11,2,12,4,13,6,14,8,16,9,17,11]"
CSI_DATA,98408,d8:b1:90:db:e8:90,-52,11,1,6,0,0,1,0,0,0,1,-95,0,4,0,1493538069,0,100,0,128,1,"[100,-64,5,0,18,19,19,19,21,18,23,16,25,15,26,13,28,11,29,9,29,7,29,5,30,4,30,3,31,3,31,3,31,3,30,4,30,4,29,5,28,5,26,6,23,7,20,7,17,8,13,9,10,9,2,2,0,0,0,0,0,0,0,0,0,0,0,0,0,0,0,0,0,0,-1,-8,-4,-33,-3,-33,-3,-32,-3,-31,-3,-30,-3,-28,-3,-26,-2,-24,-1,-21,0,-18,1,-15,3,-12,4,-9,5,-7,7,-5,8,-3,9,-2,9,0,10,1,10,3,10,5,10,7,11,9,12,11,12,13,13,15]"
CSI_DATA,98409,d8:b1:90:db:e8:90,-52,11,1,6,0,0,1,0,0,0,1,-95,0,4,0,1493551608,0,100,0,128,1,"[100,-64,5,0,24,-7,25,-8,25,-10,25,-12,24,-14,23,-16,22,-19,21,-21,19,-22,18,-23,17,-24,16,-25,16,-26,16,-26,16,-26,16,-26,16,-25,16,-25,16,-23,15,-21,15,-19,14,-16,14,-13,13,-9,13,-6,3,-2,0,0,0,0,0,0,0,0,0,0,0,0,0,0,0,0,0,0,-7,-5,-27,-17,-27,-18,-26,-18,-25,-18,-25,-17,-23,-16,-22,-14,-19,-13,-16,-12,-13,-11,-10,-10,-7,-10,-5,-9,-2,-9,1,-9,3,-9,4,-9,6,-9,7,-9,8,-8,10,-7,11,-7,13,-6,15,-5,17,-5,19,-5]"
CSI_DATA,98410,d8:b1:90:db:e8:90,-51,11,1,6,0,0,1,0,0,0,1,-95,0,4,0,1493563813,0,100,0,128,1,"[100,-64,5,0,-23,-9,-25,-9,-26,-7,-27,-6,-27,-4,-28,-2,-28,1,-28,3,-28,5,-28,7,-28,9,-28,10,-28,11,-28,11,-27,11,-27,11,-27,10,-26,9,-25,8,-24,6,-22,5,-20,3,-18,1,-16,-2,-14,-4,-4,-1,0,0,0,0,0,0,0,0,0,0,0,0,0,0,0,0,0,0,3,6,11,27,11,27,10,27,10,27,10,25,9,24,9,22,8,20,6,18,4,15,2,13,0,11,-2,9,-4,7,-7,6,-9,5,-10,4,-11,3,-12,2,-12,1,-13,0,-14,-1,-15,-3,-16,-4,-17,-6,-18,-7]"
CSI_DATA,98411,d8:b1:90:db:e8:90,-51,11,1,6,0,0,1,0,0,0,1,-95,0,4,0,1493577273,0,100,0,128,1,"[100,-64,5,0,-25,-12,-27,-12,-28,-11,-30,-9,-31,-7,-32,-5,-32,-2,-33,1,-33,3,-32,5,-32,7,-32,9,-32,10,-32,10,-31,10,-31,10,-30,9,-29,8,-28,6,-27,5,-25,3,-22,1,-20,-1,-17,-4,-15,-6,-4,-2,0,0,0,0,0,0,0,0,0,0,0,0,0,0,0,0,0,0,3,7,15,29,14,29,13,29,13,28,13,27,12,26,11,24,10,22,8,19,6,17,3,14,1,12,-2,10,-4,8,-7,7,-9,6,-10,5,-12,4,-12,3,-13,2,-14,0,-15,-1,-15,-3,-16,-5,-17,-7,-18,-9]"
CSI_DATA,98412,d8:b1:90:db:e8:90,-51,11,1,6,0,0,1,0,0,0,1,-95,0,4,0,1493587763,0,100,0,128,1,"[100,-64,5,0,23,5,24,4,26,3,27,1,27,-1,27,-3,27,-5,27,-7,26,-10,26,-12,25,-14,25,-15,25,-16,25,-16,24,-16,24,-16,24,-15,23,-13,22,-12,21,-10,20,-8,18,-6,17,-4,15,-2,13,1,3,0,0,0,0,0,0,0,0,0,0,0,0,0,0,0,0,0,0,0,-6,-6,-21,-22,-21,-23,-20,-23,-20,-22,-19,-21,-18,-20,-17,-19,-15,-17,-13,-16,-10,-14,-8,-12,-5,-11,-2,-10,1,-8,3,-8,5,-7,7,-7,8,-6,9,-6,10,-5,11,-4,12,-2,14,-1,15,0,17,2,18,3]"
CSI_DATA,98413,d8:b1:90:db:e8:90,-51,11,1,6,0,0,1,0,0,0,1,-95,0,4,0,1493598890,0,100,0,128,1,"[100,-64,5,0,-22,11,-23,12,-23,14,-23,16,-22,18,-20,20,-19,22,-17,24,-15,25,-13,26,-11,27,-10,28,-8,28,-8,28,-7,28,-8,27,-8,26,-9,24,-9,22,-10,21,-10,19,-11,16,-11,14,-13,11,-14,9,-4,2,0,0,0,0,0,0,0,0,0,0,0,0,0,0,0,0,0,0,7,2,28,10,28,10,28,11,27,11,26,10,25,9,23,9,21,8,18,7,15,7,11,8,8,8,5,8,3,9,0,10,-2,11,-4,12,-4,12,-5,12,-6,12,-7,12,-8,11,-10,11,-12,10,-14,10,-15,9]"
CSI_DATA,98414,d8:b1:90:db:e8:90,-51,11,1,6,0,0,1,0,0,0,1,-95,0,4,0,1493627451,0,100,0,128,1,"[100,-64,5,0,5,-25,5,-27,4,-29,3,-30,1,-31,-1,-31,-4,-32,-6,-31,-9,-31,-11,-30,-13,-29,-15,-28,-16,-28,-16,-27,-16,-26,-15,-25,-14,-25,-12,-24,-10,-23,-9,-22,-7,-21,-4,-20,-2,-18,1,-16,3,-14,0,-4,0,0,0,0,0,0,0,0,0,0,0,0,0,0,0,0,0,0,-5,5,-21,23,-22,22,-22,22,-22,22,-21,21,-20,20,-18,19,-17,17,-15,14,-14,11,-13,8,-11,5,-10,1,-9,-2,-9,-4,-9,-7,-9,-9,-8,-10,-8,-11,-7,-12,-6,-13,-5,-14,-3,-15,-1,-16,1,-18,2,-19]"
CSI_DATA,98415,d8:b1:90:db:e8:90,-51,11,1,6,0,0,1,0,0,0,1,-95,0,4,0,1493639695,0,100,0,128,1,"[100,-64,5,0,-20,15,-21,17,-21,19,-21,21,-20,23,-18,25,-17,26,-15,28,-12,29,-10,29,-8,30,-6,30,-5,30,-4,29,-4,28,-5,27,-5,26,-6,24,-8,22,-8,20,-9,18,-10,15,-10,13,-11,10,-12,7,-3,1,0,0,0,0,0,0,0,0,0,0,0,0,0,0,0,0,0,0,6,-4,26,-14,27,-13,27,-13,27,-13,26,-12,25,-12,23,-11,21,-10,18,-8,16,-6,13,-4,10,-1,8,1,6,4,5,6,3,9,2,10,2,11,1,12,0,13,-1,12,-3,12,-5,12,-7,12,-9,12,-11,12]"
CSI_DATA,98416,d8:b1:90:db:e8:90,-50,11,1,6,0,0,1,0,0,0,1,-95,0,4,0,1493650724,0,100,0,128,1,"[100,-64,5,0,-28,-1,-29,0,-31,1,-32,3,-32,5,-32,8,-32,11,-31,13,-30,16,-28,18,-27,19,-25,21,-24,21,-23,22,-22,21,-22,20,-21,19,-21,17,-20,15,-20,12,-19,10,-19,8,-17,5,-16,2,-15,0,-4,-1,0,0,0,0,0,0,0,0,0,0,0,0,0,0,0,0,0,0,6,3,27,14,27,15,27,16,27,16,26,16,25,15,23,14,21,13,18,12,15,11,11,10,8,9,4,9,1,9,-2,9,-5,10,-7,10,-8,10,-9,10,-10,10,-11,9,-13,8,-14,7,-16,5,-18,3,-19,2]"
CSI_DATA,98417,d8:b1:90:db:e8:90,-51,11,1,6,0,0,1,0,0,0,1,-95,0,4,0,1493667502,0,100,0,128,1,"[100,-64,5,0,13,17,14,18,16,18,18,18,19,18,21,16,22,15,24,13,24,11,25,9,25,7,25,6,25,5,24,4,24,4,22,4,21,5,19,5,18,6,16,7,14,7,12,8,10,8,8,9,6,9,1,2,0,0,0,0,0,0,0,0,0,0,0,0,0,0,0,0,0,0,-3,-6,-12,-23,-11,-23,-11,-24,-11,-24,-11,-23,-10,-22,-10,-20,-9,-19,-7,-16,-6,-14,-4,-12,-1,-10,1,-8,3,-6,5,-5,7,-4,8,-3,9,-3,10,-2,10,-1,10,0,11,2,10,3,10,5,11,8,11,9]"
CSI_DATA,98418,d8:b1:90:db:e8:90,-50,11,1,6,0,0,1,0,0,0,1,-95,0,4,0,1493680340,0,100,0,128,1,"[100,-64,5,0,-22,-16,-24,-17,-26,-17,-28,-17,-30,-15,-32,-13,-33,-10,-34,-8,-34,-5,-34,-2,-34,0,-33,2,-32,4,-31,4,-30,4,-29,3,-27,2,-26,0,-24,-2,-22,-3,-21,-5,-19,-6,-17,-7,-14,-9,-12,-10,-3,-3,0,0,0,0,0,0,0,0,0,0,0,0,0,0,0,0,0,0,3,7,14,28,14,29,13,29,13,29,13,28,12,27,11,25,10,23,8,20,6,17,3,15,0,12,-2,10,-5,9,-9,7,-11,6,-13,6,-14,6,-15,5,-16,4,-16,3,-16,1,-16,-1,-16,-3,-16,-6,-17,-8]"
CSI_DATA,98419,d8:b1:90:db:e8:90,-51,11,1,6,0,0,1,0,0,0,1,-95,0,4,0,1493691031,0,100,0,128,1,"[100,-64,5,0,8,-22,9,-24,9,-25,8,-27,6,-29,4,-29,2,-30,0,-30,-3,-30,-5,-29,-7,-28,-9,-28,-9,-27,-9,-25,-9,-24,-8,-23,-8,-22,-6,-21,-5,-20,-3,-19,-1,-18,0,-17,2,-15,4,-13,5,-11,1,-3,0,0,0,0,0,0,0,0,0,0,0,0,0,0,0,0,0,0,-5,4,-20,18,-21,18,-21,17,-21,17,-21,17,-20,16,-18,15,-17,14,-15,12,-14,9,-12,6,-11,3,-10,1,-9,-2,-9,-5,-8,-7,-8,-8,-8,-10,-8,-11,-7,-11,-6,-12,-5,-13,-3,-13,-1,-14,1,-15,3,-16]"
CSI_DATA,98420,d8:b1:90:db:e8:90,-51,11,1,6,0,0,1,0,0,0,1,-95,0,4,0,1493702597,0,100,0,128,1,"[100,-64,5,0,-22,-7,-24,-8,-26,-7,-28,-6,-29,-4,-29,-2,-30,0,-29,3,-29,5,-28,7,-27,9,-26,10,-24,11,-23,11,-22,10,-22,9,-21,8,-20,6,-19,5,-18,3,-17,1,-16,-1,-15,-2,-13,-4,-12,-5,-3,-2,0,0,0,0,0,0,0,0,0,0,0,0,0,0,0,0,0,0,4,4,19,17,18,18,18,19,18,18,18,18,17,17,16,16,14,14,12,13,10,12,7,10,4,9,1,8,-2,8,-5,8,-7,8,-8,8,-10,8,-10,8,-11,7,-11,6,-11,5,-12,4,-13,2,-14,0,-15,-2]"
CSI_DATA,98421,d8:b1:90:db:e8:90,-51,11,1,6,0,0,1,0,0,0,1,-95,0,4,0,1493729110,0,100,0,128,1,"[100,-64,5,0,15,17,17,18,19,19,21,19,23,18,25,17,26,15,27,12,28,10,28,8,28,6,27,4,27,3,26,3,24,3,23,4,21,4,20,5,18,6,16,7,14,8,12,8,10,9,7,9,5,10,1,2,0,0,0,0,0,0,0,0,0,0,0,0,0,0,0,0,0,0,-5,-6,-17,-22,-16,-23,-16,-24,-16,-24,-16,-23,-15,-22,-14,-20,-13,-18,-11,-16,-9,-14,-6,-12,-3,-10,0,-8,3,-7,5,-6,7,-6,9,-6,10,-5,11,-5,11,-4,11,-2,11,-1,11,1,11,3,11,6,12,8]"
CSI_DATA,98422,d8:b1:90:db:e8:90,-50,11,1,6,0,0,1,0,0,0,1,-95,0,4,0,1493741966,0,100,0,128,1,"[100,-64,5,0,23,3,25,3,28,2,30,1,31,-1,31,-4,31,-6,31,-9,29,-11,28,-13,26,-15,25,-15,23,-16,22,-15,21,-14,20,-13,19,-11,19,-9,18,-7,17,-6,17,-4,15,-2,14,0,13,2,12,3,2,1,0,0,0,0,0,0,0,0,0,0,0,0,0,0,0,0,0,0,-7,-3,-26,-12,-26,-13,-26,-14,-26,-14,-25,-14,-24,-13,-23,-11,-21,-10,-18,-10,-15,-9,-11,-9,-8,-9,-5,-8,-2,-9,1,-9,3,-10,5,-11,6,-11,7,-11,8,-11,8,-10,9,-9,10,-7,11,-5,13,-3,15,-1]"
CSI_DATA,98423,d8:b1:90:db:e8:90,-50,11,1,6,0,0,1,0,0,0,1,-95,0,4,0,1493768315,0,100,0,128,1,"[100,-64,5,0,-6,-22,-7,-24,-8,-25,-10,-26,-12,-26,-14,-25,-16,-24,-18,-22,-19,-21,-21,-19,-22,-17,-22,-16,-21,-14,-21,-13,-19,-13,-18,-13,-17,-13,-15,-13,-13,-13,-11,-14,-9,-14,-8,-14,-6,-13,-4,-13,-2,-12,-1,-3,0,0,0,0,0,0,0,0,0,0,0,0,0,0,0,0,0,0,-1,6,-4,25,-5,25,-5,25,-5,25,-5,24,-4,23,-4,22,-4,20,-4,17,-4,14,-4,11,-5,8,-7,6,-8,3,-9,1,-11,-1,-11,-2,-12,-3,-12,-3,-12,-4,-12,-5,-11,-6,-10,-7,-9,-9,-7,-11,-7,-13]"
CSI_DATA,98424,d8:b1:90:db:e8:90,-51,11,1,6,0,0,1,0,0,0,1,-95,0,4,0,1493779546,0,100,0,128,1,"[100,-64,5,0,-21,-7,-23,-8,-25,-7,-26,-6,-28,-4,-28,-2,-29,0,-29,2,-28,4,-27,6,-26,7,-25,8,-23,9,-22,8,-21,7,-20,6,-19,5,-18,3,-18,1,-17,0,-15,-2,-14,-3,-13,-5,-12,-6,-10,-7,-3,-2,0,0,0,0,0,0,0,0,0,0,0,0,0,0,0,0,0,0,5,3,20,14,20,15,20,15,19,15,19,15,18,14,17,13,15,11,13,10,10,9,7,8,4,8,1,7,-1,7,-4,8,-6,8,-8,8,-9,9,-9,9,-9,8,-9,7,-10,6,-11,5,-11,2,-12,0,-13,-1]"
CSI_DATA,98425,d8:b1:90:db:e8:90,-50,11,1,6,0,0,1,0,0,0,1,-95,0,4,0,1493791999,0,100,0,128,1,"[100,-64,5,0,22,-8,24,-9,26,-11,27,-13,27,-16,27,-18,25,-21,23,-23,21,-24,18,-25,16,-26,14,-26,13,-25,12,-24,12,-22,12,-20,12,-18,13,-16,14,-14,14,-12,14,-10,14,-8,15,-6,14,-4,14,-2,3,-1,0,0,0,0,0,0,0,0,0,0,0,0,0,0,0,0,0,0,-8,-1,-29,-5,-30,-6,-30,-6,-30,-6,-29,-5,-28,-5,-26,-4,-23,-4,-20,-4,-17,-4,-13,-5,-10,-6,-7,-8,-4,-10,-2,-12,0,-14,1,-15,2,-16,2,-17,2,-16,3,-15,4,-14,5,-13,7,-11,10,-10,12,-9]"
CSI_DATA,98426,d8:b1:90:db:e8:90,-50,11,1,6,0,0,1,0,0,0,1,-95,0,4,0,1493803758,0,100,0,128,1,"[100,-64,5,0,3,22,4,24,5,26,8,27,10,27,12,27,14,26,16,25,18,23,19,21,20,20,20,18,20,16,19,15,18,15,16,15,14,14,12,14,10,14,8,14,6,15,4,15,2,14,0,13,-2,12,-1,2,0,0,0,0,0,0,0,0,0,0,0,0,0,0,0,0,0,0,1,-7,4,-27,5,-27,5,-28,5,-27,5,-27,4,-26,4,-24,3,-21,3,-19,4,-16,4,-13,5,-9,6,-6,8,-4,9,-2,10,0,11,1,12,2,12,3,12,4,11,4,10,5,9,7,8,9,6,11,5,12]"
CSI_DATA,98427,d8:b1:90:db:e8:90,-50,11,1,6,0,0,1,0,0,0,1,-95,0,4,0,1493831980,0,100,0,128,1,"[100,-64,5,0,-6,-20,-7,-22,-8,-23,-10,-24,-12,-24,-14,-24,-15,-23,-17,-22,-18,-21,-19,-19,-20,-17,-20,-16,-19,-15,-18,-14,-16,-14,-15,-13,-13,-13,-11,-13,-9,-14,-7,-14,-5,-14,-4,-13,-2,-13,0,-12,1,-11,0,-3,0,0,0,0,0,0,0,0,0,0,0,0,0,0,0,0,0,0,1,5,6,22,6,23,5,23,5,23,5,22,5,21,5,19,5,17,4,15,2,13,1,10,-1,8,-3,5,-5,3,-7,2,-9,1,-10,0,-11,0,-12,-1,-12,-1,-11,-2,-10,-3,-9,-4,-8,-6,-7,-9,-6,-11]"
CSI_DATA,98428,d8:b1:90:db:e8:90,-50,11,1,6,0,0,1,0,0,0,1,-95,0,4,0,1493843715,0,100,0,128,1,"[100,-64,5,0,-21,12,-24,14,-25,16,-25,19,-25,21,-23,23,-22,25,-19,27,-17,28,-15,28,-13,28,-11,28,-9,27,-9,25,-9,23,-9,21,-10,19,-11,17,-12,15,-13,13,-14,11,-14,9,-14,7,-14,4,-14,2,-4,0,0,0,0,0,0,0,0,0,0,0,0,0,0,0,0,0,0,0,6,-2,27,-7,28,-6,29,-6,29,-6,28,-6,26,-6,24,-6,22,-6,19,-5,16,-3,13,-1,10,1,7,4,5,6,4,9,3,11,2,13,2,14,1,14,1,14,0,14,-1,13,-3,12,-6,11,-8,10,-11,10]"
CSI_DATA,98429,d8:b1:90:db:e8:90,-50,11,1,6,0,0,1,0,0,0,1,-95,0,4,0,1493853950,0,100,0,128,1,"[100,-64,5,0,23,2,26,2,29,1,31,-1,32,-3,32,-6,32,-9,31,-11,30,-14,28,-16,26,-17,24,-17,23,-17,21,-16,20,-14,20,-12,19,-10,19,-8,18,-5,18,-3,17,-1,16,1,15,3,13,5,12,6,3,1,0,0,0,0,0,0,0,0,0,0,0,0,0,0,0,0,0,0,-7,-2,-28,-9,-29,-10,-29,-11,-29,-10,-28,-10,-27,-9,-25,-8,-23,-7,-19,-6,-16,-6,-12,-6,-8,-7,-5,-8,-2,-9,1,-11,3,-12,5,-13,5,-14,6,-14,6,-14,6,-13,7,-11,8,-10,9,-7,12,-5,13,-3]"
CSI_DATA,98430,d8:b1:90:db:e8:90,-50,11,1,6,0,0,1,0,0,0,1,-95,0,4,0,1493873553,0,100,0,128,1,"[100,-64,5,0,9,-20,10,-23,10,-25,9,-27,8,-29,6,-30,3,-31,1,-31,-2,-31,-4,-30,-6,-28,-7,-27,-8,-25,-7,-24,-6,-23,-5,-21,-3,-20,-2,-19,0,-19,2,-18,4,-17,5,-16,7,-15,8,-13,9,-12,2,-3,0,0,0,0,0,0,0,0,0,0,0,0,0,0,0,0,0,0,-7,2,-26,10,-27,10,-27,9,-27,9,-26,10,-24,10,-22,9,-20,8,-18,7,-15,4,-13,2,-11,-1,-10,-4,-9,-7,-8,-10,-8,-12,-9,-14,-9,-14,-9,-15,-9,-15,-9,-14,-7,-14,-5,-13,-3,-13,0,-13,2,-14]"
CSI_DATA,98431,d8:b1:90:db:e8:90,-50,11,1,6,0,0,1,0,0,0,1,-95,0,4,0,1493896971,0,100,0,128,1,"[100,-64,5,0,15,-16,16,-18,17,-20,17,-22,16,-25,14,-26,12,-28,10,-29,8,-29,6,-29,4,-28,3,-27,2,-26,2,-25,3,-23,4,-21,5,-20,6,-18,7,-16,8,-15,9,-14,10,-12,11,-10,11,-8,11,-6,2,-2,0,0,0,0,0,0,0,0,0,0,0,0,0,0,0,0,0,0,-6,3,-23,12,-24,12,-25,11,-24,12,-23,12,-22,12,-20,11,-18,10,-16,8,-14,5,-12,3,-10,0,-8,-3,-7,-5,-7,-8,-6,-10,-6,-11,-6,-12,-6,-13,-6,-13,-5,-12,-4,-12,-1,-11,1,-11,4,-11,6,-12]"
CSI_DATA,98432,d8:b1:90:db:e8:90,-50,11,1,6,0,0,1,0,0,0,1,-95,0,4,0,1493907663,0,100,0,128,1,"[100,-64,5,0,16,17,19,18,21,19,24,19,26,18,28,16,29,14,30,11,31,9,30,6,30,5,29,4,27,3,26,2,24,3,23,4,21,5,19,7,17,8,16,9,14,10,12,11,10,12,7,12,5,12,1,3,0,0,0,0,0,0,0,0,0,0,0,0,0,0,0,0,0,0,-5,-6,-17,-24,-16,-25,-16,-25,-16,-25,-16,-24,-16,-23,-15,-21,-13,-19,-11,-17,-9,-14,-6,-12,-3,-11,0,-9,3,-8,6,-7,8,-7,10,-7,11,-7,11,-6,12,-6,12,-4,11,-3,11,-1,11,2,11,5,12,7]"
CSI_DATA,98433,d8:b1:90:db:e8:90,-50,11,1,6,0,0,1,0,0,0,1,-95,0,4,0,1493935937,0,100,0,128,1,"[100,-64,5,0,11,-17,12,-20,12,-22,11,-24,10,-26,9,-27,7,-28,5,-28,2,-28,0,-28,-1,-27,-2,-26,-3,-24,-2,-23,-1,-21,0,-20,1,-18,3,-17,4,-16,6,-15,7,-13,8,-12,8,-10,9,-8,9,-7,2,-2,0,0,0,0,0,0,0,0,0,0,0,0,0,0,0,0,0,0,-4,4,-15,19,-16,19,-17,19,-16,19,-16,18,-14,18,-13,16,-12,15,-11,12,-9,10,-8,7,-8,4,-7,1,-7,-2,-7,-5,-8,-7,-8,-8,-8,-9,-8,-9,-8,-9,-7,-10,-6,-9,-4,-9,-1,-10,2,-11,4,-11]"
CSI_DATA,98434,d8:b1:90:db:e8:90,-50,11,1,6,0,0,1,0,0,0,1,-95,0,4,0,1493949633,0,100,0,128,1,"[100,-64,5,0,-22,11,-24,13,-25,16,-26,18,-26,21,-25,23,-23,25,-21,26,-19,27,-17,27,-15,27,-14,26,-13,25,-12,24,-12,22,-12,20,-13,17,-14,15,-14,12,-15,10,-15,8,-15,6,-15,4,-14,1,-13,-1,-4,-1,0,0,0,0,0,0,0,0,0,0,0,0,0,0,0,0,0,0,5,-5,20,-20,21,-20,22,-20,22,-20,21,-19,20,-19,18,-18,16,-16,13,-14,12,-11,10,-7,8,-4,6,-1,6,3,5,5,4,8,4,9,4,11,4,11,3,11,2,11,1,10,-2,10,-5,9,-8,9,-10,9]"
CSI_DATA,98435,d8:b1:90:db:e8:90,-50,11,1,6,0,0,1,0,0,0,1,-95,0,4,0,1493966907,0,100,0,128,1,"[100,-64,5,0,-17,-16,-19,-18,-21,-18,-23,-18,-25,-17,-27,-16,-29,-14,-30,-11,-30,-9,-30,-7,-29,-5,-29,-3,-27,-2,-26,-2,-24,-2,-23,-3,-21,-4,-20,-5,-18,-7,-16,-8,-15,-9,-13,-10,-11,-11,-9,-11,-7,-11,-2,-3,0,0,0,0,0,0,0,0,0,0,0,0,0,0,0,0,0,0,3,5,12,23,12,23,12,23,12,23,12,22,12,21,11,20,10,18,8,16,6,14,4,11,1,9,-1,8,-4,6,-7,5,-9,5,-10,5,-11,5,-12,4,-12,4,-12,3,-12,1,-12,-1,-11,-3,-12,-6,-12,-8]"
CSI_DATA,98436,d8:b1:90:db:e8:90,-50,11,1,6,0,0,1,0,0,0,1,-95,0,4,0,1493978049,0,100,0,128,1,"[100,-64,5,0,-32,27,-37,31,-42,31,-38,36,-35,46,-33,48,-25,49,-20,53,-16,51,-6,47,-1,53,-4,55,1,50,7,50,5,45,4,32,1,34,-6,38,-7,33,-3,31,-7,31,-8,23,-6,22,-15,26,-25,21,-7,4,0,0,0,0,0,0,0,0,0,0,0,0,0,0,0,0,0,0,10,7,43,29,43,30,42,29,42,27,43,26,42,23,41,17,37,14,31,12,27,10,21,11,13,10,8,11,3,16,-2,19,-2,21,-3,24,-7,27,-5,26,-2,27,-4,25,-5,22,-5,23,-10,22,-15,16,-15,12]"
CSI_DATA,98437,d8:b1:90:db:e8:90,-50,11,1,6,0,0,1,0,0,0,1,-95,0,4,0,1493993675,0,100,0,128,1,"[100,-64,5,0,20,6,23,7,25,6,27,5,29,3,30,1,30,-2,30,-4,29,-6,28,-8,27,-10,25,-10,24,-10,23,-10,21,-9,20,-7,19,-5,19,-4,18,-2,16,0,15,2,14,3,13,5,11,6,9,7,2,1,0,0,0,0,0,0,0,0,0,0,0,0,0,0,0,0,0,0,-6,-3,-24,-11,-24,-12,-24,-13,-24,-13,-23,-12,-22,-11,-21,-10,-19,-9,-17,-9,-14,-8,-10,-7,-7,-7,-4,-7,-1,-8,1,-8,4,-9,5,-10,6,-10,6,-10,7,-10,7,-9,8,-7,9,-6,10,-3,11,-1,13,1]"
CSI_DATA,98438,d8:b1:90:db:e8:90,-50,11,1,6,0,0,1,0,0,0,1,-95,0,4,0,1494005304,0,100,0,128,1,"[100,-64,5,0,7,18,8,20,10,21,12,22,14,22,16,21,18,20,20,18,21,16,21,15,22,13,21,12,21,10,20,10,18,10,17,10,15,10,13,10,11,11,9,11,7,12,6,12,4,12,2,11,1,11,0,2,0,0,0,0,0,0,0,0,0,0,0,0,0,0,0,0,0,0,-2,-6,-5,-24,-5,-24,-4,-24,-5,-24,-5,-24,-5,-23,-5,-21,-4,-19,-4,-17,-2,-14,-1,-12,1,-9,3,-7,5,-5,6,-3,8,-3,9,-2,10,-1,11,-1,11,0,11,0,10,1,9,3,8,5,7,7,7,8]"
CSI_DATA,98439,d8:b1:90:db:e8:90,-50,11,1,6,0,0,1,0,0,0,1,-95,0,4,0,1494016638,0,100,0,128,1,"[100,-64,5,0,-20,9,-22,11,-24,12,-24,15,-24,17,-24,19,-22,21,-21,23,-19,24,-17,24,-15,24,-14,24,-12,23,-11,22,-11,20,-11,18,-12,16,-12,14,-13,12,-14,10,-14,8,-14,6,-14,4,-14,1,-13,0,-4,-1,0,0,0,0,0,0,0,0,0,0,0,0,0,0,0,0,0,0,5,-3,23,-11,24,-10,25,-10,25,-10,24,-10,23,-10,21,-10,18,-9,16,-7,14,-5,11,-3,9,-1,6,2,5,5,4,7,3,9,2,10,2,11,2,12,1,12,1,12,-1,11,-3,10,-5,9,-8,8,-10,8]"
CSI_DATA,98440,d8:b1:90:db:e8:90,-50,11,1,6,0,0,1,0,0,0,1,-95,0,4,0,1494037783,0,100,0,128,1,"[100,-64,5,0,-12,18,-12,21,-12,23,-12,25,-11,27,-9,28,-6,29,-4,29,-2,29,1,29,3,28,4,27,4,25,4,24,4,23,3,22,1,20,-1,19,-3,17,-4,16,-6,15,-7,13,-8,12,-9,10,-10,8,-3,1,0,0,0,0,0,0,0,0,0,0,0,0,0,0,0,0,0,0,4,-5,16,-19,17,-19,18,-19,18,-19,17,-19,16,-18,15,-17,14,-15,12,-14,11,-11,9,-8,8,-5,7,-2,7,1,7,3,7,5,7,7,7,8,7,9,6,9,5,9,4,9,2,10,0,10,-2,11,-4,12]"
CSI_DATA,98441,d8:b1:90:db:e8:90,-50,11,1,6,0,0,1,0,0,0,1,-95,0,4,0,1494048926,0,100,0,128,1,"[100,-64,5,0,17,11,20,12,22,13,24,12,26,11,28,9,29,7,29,4,29,2,29,0,28,-1,27,-3,26,-4,25,-4,23,-3,22,-2,21,-1,19,1,18,2,16,4,15,5,13,7,11,8,9,9,8,9,1,2,0,0,0,0,0,0,0,0,0,0,0,0,0,0,0,0,0,0,-5,-5,-19,-18,-20,-19,-20,-19,-19,-19,-19,-18,-19,-17,-17,-16,-16,-14,-14,-13,-11,-12,-8,-10,-5,-9,-2,-8,1,-8,3,-8,5,-8,7,-8,8,-8,9,-8,9,-7,10,-6,10,-5,10,-3,11,-1,11,2,12,4]"
CSI_DATA,98442,d8:b1:90:db:e8:90,-50,11,1,6,0,0,1,0,0,0,1,-95,0,4,0,1494063794,0,100,0,128,1,"[100,-64,5,0,18,8,21,9,23,9,25,8,27,6,28,4,29,2,29,-1,28,-4,27,-6,26,-8,25,-8,24,-9,22,-9,21,-8,20,-7,19,-5,18,-3,17,-1,17,1,16,3,15,4,14,6,13,7,11,9,2,2,0,0,0,0,0,0,0,0,0,0,0,0,0,0,0,0,0,0,-4,-6,-14,-23,-13,-24,-13,-24,-13,-24,-13,-23,-13,-22,-13,-20,-11,-18,-9,-16,-7,-14,-4,-13,-1,-11,2,-10,5,-9,7,-9,9,-9,11,-9,12,-10,12,-10,12,-10,12,-9,12,-8,12,-6,12,-4,12,-2,13,0]"
CSI_DATA,98443,d8:b1:90:db:e8:90,-50,11,1,6,0,0,1,0,0,0,1,-95,0,4,0,1494074564,0,100,0,128,1,"[100,-64,5,0,18,13,20,15,23,15,25,14,27,13,29,11,30,9,31,6,31,3,31,1,30,-1,29,-3,28,-4,26,-4,25,-3,23,-2,22,-1,21,0,19,2,18,4,16,5,15,6,13,8,11,9,9,10,2,2,0,0,0,0,0,0,0,0,0,0,0,0,0,0,0,0,0,0,-4,-6,-15,-23,-14,-24,-14,-25,-14,-25,-14,-24,-14,-23,-13,-21,-12,-20,-10,-17,-8,-15,-5,-13,-3,-11,0,-10,3,-8,6,-8,8,-7,10,-8,11,-8,12,-7,12,-6,12,-6,12,-4,12,-2,12,0,12,3,13,5]"
CSI_DATA,98444,d8:b1:90:db:e8:90,-51,11,1,6,0,0,1,0,0,0,1,-95,0,4,0,1494086203,0,100,0,128,1,"[100,-64,5,0,-23,2,-25,3,-27,4,-28,6,-29,7,-29,10,-28,12,-27,14,-26,16,-24,18,-23,19,-21,20,-19,20,-18,19,-18,18,-17,16,-17,14,-17,12,-17,10,-17,8,-16,6,-16,4,-15,2,-14,-1,-13,-3,-4,-1,0,0,0,0,0,0,0,0,0,0,0,0,0,0,0,0,0,0,6,0,25,3,26,4,26,4,26,4,25,4,24,4,22,3,20,3,18,3,15,3,11,4,8,4,6,5,3,7,1,8,-1,9,-3,10,-4,11,-4,11,-5,11,-6,11,-7,10,-8,9,-10,7,-12,5,-14,4]"
CSI_DATA,98445,d8:b1:90:db:e8:90,-51,11,1,6,0,0,1,0,0,0,1,-95,0,4,0,1494098443,0,100,0,128,1,"[100,-64,5,0,7,-24,6,-23,6,-23,5,-23,5,-23,4,-23,3,-23,2,-23,2,-23,1,-23,1,-23,1,-23,1,-23,1,-23,2,-23,2,-23,2,-23,2,-23,3,-23,4,-23,4,-22,5,-22,6,-22,7,-21,8,-21,2,-6,0,0,0,0,0,0,0,0,0,0,0,0,0,0,0,0,0,0,1,-5,4,-20,5,-20,6,-20,7,-20,8,-20,9,-21,9,-21,10,-22,11,-22,11,-23,12,-23,12,-23,12,-23,12,-23,12,-23,12,-23,11,-23,11,-23,10,-23,10,-23,9,-24,9,-24,9,-24,9,-24,9,-25,9,-25]"
CSI_DATA,98446,d8:b1:90:db:e8:90,-51,11,1,6,0,0,1,0,0,0,1,-95,0,4,0,1494109177,0,100,0,128,1,"[100,-64,5,0,23,-5,23,-6,22,-6,22,-7,21,-7,21,-8,20,-8,20,-9,19,-9,19,-10,19,-10,19,-10,19,-10,20,-10,20,-10,20,-10,20,-9,20,-9,21,-8,21,-8,21,-7,21,-6,21,-6,21,-4,21,-3,5,-1,0,0,0,0,0,0,0,0,0,0,0,0,0,0,0,0,0,0,4,-2,18,-6,19,-6,20,-5,20,-4,21,-3,22,-3,22,-3,23,-2,24,-2,25,-2,25,-2,25,-1,25,-1,25,-1,25,-1,25,-1,25,-2,25,-2,25,-2,25,-3,25,-3,25,-4,25,-4,25,-4,25,-5,25,-5]"
CSI_DATA,98447,d8:b1:90:db:e8:90,-51,11,1,6,0,0,1,0,0,0,1,-95,0,4,0,1494138643,0,100,0,128,1,"[100,-64,5,0,-11,-26,-11,-25,-11,-24,-12,-23,-12,-22,-12,-22,-13,-21,-14,-21,-14,-20,-15,-20,-16,-19,-16,-19,-16,-19,-16,-19,-16,-20,-16,-20,-16,-20,-15,-20,-15,-21,-14,-21,-14,-21,-13,-22,-12,-22,-11,-22,-9,-23,-3,-6,0,0,0,0,0,0,0,0,0,0,0,0,0,0,0,0,0,0,-3,-5,-11,-20,-10,-20,-9,-21,-8,-22,-8,-23,-7,-24,-7,-25,-7,-26,-7,-27,-6,-27,-6,-27,-5,-27,-6,-27,-6,-27,-5,-27,-5,-27,-6,-27,-6,-28,-7,-28,-8,-28,-8,-28,-9,-28,-10,-28,-10,-28,-10,-28,-9,-27]"
CSI_DATA,98448,d8:b1:90:db:e8:90,-52,11,1,6,0,0,1,0,0,0,1,-95,0,4,0,1494149625,0,100,0,128,1,"[100,-64,5,0,-3,-27,-4,-24,-6,-25,-6,-25,-5,-23,-9,-21,-10,-22,-9,-22,-11,-20,-14,-20,-14,-21,-14,-18,-16,-17,-16,-19,-14,-19,-15,-18,-18,-18,-16,-20,-14,-19,-16,-18,-17,-19,-15,-19,-15,-18,-16,-19,-14,-22,-4,-6,0,0,0,0,0,0,0,0,0,0,0,0,0,0,0,0,0,0,1,-6,6,-20,7,-20,7,-20,8,-21,9,-21,9,-21,9,-23,10,-23,10,-23,9,-24,10,-24,10,-23,8,-24,9,-26,10,-25,8,-24,6,-26,7,-26,7,-25,4,-26,3,-28,4,-28,2,-27,-1,-29,0,-29,2,-27]"
CSI_DATA,98449,d8:b1:90:db:e8:90,-51,11,1,6,0,0,1,0,0,0,1,-95,0,4,0,1494169032,0,100,0,128,1,"[100,-64,5,0,23,-11,22,-11,22,-12,21,-12,20,-13,20,-13,19,-13,18,-14,17,-15,17,-15,17,-16,17,-16,17,-16,18,-17,18,-17,18,-17,18,-17,18,-16,18,-16,19,-16,19,-15,19,-14,20,-13,21,-12,21,-11,5,-3,0,0,0,0,0,0,0,0,0,0,0,0,0,0,0,0,0,0,4,-3,18,-12,19,-11,20,-10,20,-10,21,-9,22,-9,23,-9,24,-8,24,-8,25,-8,25,-8,25,-8,25,-7,26,-7,26,-7,26,-8,26,-8,26,-9,26,-9,26,-9,26,-10,26,-10,25,-11,24,-10,24,-11,24,-11]"
CSI_DATA,98450,d8:b1:90:db:e8:90,-52,11,1,6,0,0,1,0,0,0,1,-95,0,4,0,1494180528,0,100,0,128,1,"[100,-64,5,0,24,-3,23,-4,23,-4,22,-4,21,-5,21,-6,20,-6,20,-7,19,-7,20,-8,20,-9,20,-9,20,-9,20,-9,21,-10,21,-9,22,-9,22,-8,22,-8,22,-8,22,-7,22,-7,22,-6,22,-4,22,-3,5,-1,0,0,0,0,0,0,0,0,0,0,0,0,0,0,0,0,0,0,4,-2,19,-5,19,-4,20,-3,21,-2,21,-1,22,-1,23,-1,24,-1,24,0,25,0,25,0,25,1,25,1,25,1,25,1,25,1,25,0,25,0,25,-1,26,-1,26,-1,26,-1,25,-2,25,-2,25,-3,25,-3]"
CSI_DATA,98451,d8:b1:90:db:e8:90,-52,11,1,6,0,0,1,0,0,0,1,-95,0,4,0,1494191361,0,100,0,128,1,"[100,-64,5,0,-24,-5,-24,-5,-23,-4,-22,-4,-22,-3,-22,-2,-21,-1,-21,-1,-21,0,-21,1,-21,1,-22,2,-23,2,-23,2,-23,2,-23,2,-24,2,-24,2,-24,1,-24,1,-24,0,-24,0,-24,-1,-24,-3,-24,-4,-6,-1,0,0,0,0,0,0,0,0,0,0,0,0,0,0,0,0,0,0,-5,-1,-20,-4,-20,-6,-20,-7,-21,-8,-21,-9,-22,-9,-22,-9,-23,-10,-23,-10,-23,-11,-23,-12,-23,-12,-23,-12,-23,-12,-23,-11,-24,-11,-24,-10,-24,-10,-24,-10,-25,-9,-25,-9,-25,-8,-25,-8,-25,-8,-25,-7,-25,-7]"
CSI_DATA,98452,d8:b1:90:db:e8:90,-52,11,1,6,0,0,1,0,0,0,1,-95,0,4,0,1494202015,0,100,0,128,1,"[100,-64,5,0,20,-16,19,-16,18,-17,18,-17,17,-17,16,-17,15,-18,14,-18,14,-19,13,-19,13,-20,13,-21,13,-21,13,-22,13,-22,13,-22,13,-21,14,-21,14,-21,15,-21,15,-20,16,-20,17,-19,18,-18,19,-17,4,-5,0,0,0,0,0,0,0,0,0,0,0,0,0,0,0,0,0,0,3,-4,16,-15,17,-15,18,-14,18,-14,19,-13,21,-13,22,-13,23,-13,24,-13,24,-13,24,-13,25,-13,25,-12,25,-12,25,-12,25,-13,25,-13,25,-14,24,-14,24,-14,24,-15,23,-15,22,-16,21,-16,21,-16,22,-17]"
CSI_DATA,98453,d8:b1:90:db:e8:90,-52,11,1,6,0,0,1,0,0,0,1,-95,0,4,0,1494214069,0,100,0,128,1,"[100,-64,5,0,23,0,23,0,22,-1,22,-1,22,-2,21,-3,21,-4,21,-4,20,-5,20,-6,21,-6,21,-7,22,-7,22,-7,22,-7,22,-8,22,-8,23,-7,23,-7,23,-6,23,-6,23,-5,23,-4,24,-3,24,-2,6,-1,0,0,0,0,0,0,0,0,0,0,0,0,0,0,0,0,0,0,5,-1,20,-1,20,0,20,1,21,2,21,3,22,3,23,3,24,4,24,4,25,5,25,5,25,5,25,5,25,5,25,5,25,5,25,4,25,4,25,4,25,3,25,3,25,3,25,2,25,2,25,2,25,1]"
CSI_DATA,98454,d8:b1:90:db:e8:90,-52,11,1,6,0,0,1,0,0,0,1,-95,0,4,0,1494244906,0,100,0,128,1,"[100,-64,5,0,-7,-25,-7,-24,-8,-24,-8,-23,-9,-22,-9,-22,-10,-21,-11,-21,-12,-21,-13,-21,-14,-20,-14,-20,-15,-21,-15,-21,-15,-22,-15,-22,-15,-23,-15,-23,-14,-23,-13,-23,-12,-23,-12,-23,-11,-24,-10,-25,-9,-25,-2,-7,0,0,0,0,0,0,0,0,0,0,0,0,0,0,0,0,0,0,-2,-5,-5,-21,-4,-22,-3,-23,-3,-24,-2,-24,-1,-25,-1,-25,-1,-26,0,-27,0,-27,0,-27,0,-27,0,-27,0,-27,-1,-27,-1,-27,-2,-27,-2,-27,-3,-27,-3,-27,-4,-27,-4,-27,-4,-26,-4,-26,-5,-26,-5,-26]"
CSI_DATA,98455,d8:b1:90:db:e8:90,-52,11,1,6,0,0,1,0,0,0,1,-95,0,4,0,1494256013,0,100,0,128,1,"[100,-64,5,0,-9,-22,-10,-21,-10,-20,-10,-20,-11,-19,-11,-18,-12,-18,-12,-17,-13,-17,-14,-17,-15,-17,-15,-17,-16,-18,-16,-18,-16,-18,-17,-19,-16,-19,-16,-19,-16,-19,-16,-20,-16,-20,-15,-20,-14,-21,-13,-22,-12,-23,-3,-6,0,0,0,0,0,0,0,0,0,0,0,0,0,0,0,0,0,0,-3,-5,-10,-19,-9,-20,-7,-21,-7,-22,-6,-23,-6,-23,-5,-23,-5,-24,-5,-24,-5,-25,-4,-24,-4,-25,-4,-25,-4,-25,-4,-25,-5,-25,-5,-25,-6,-25,-6,-25,-6,-24,-7,-24,-7,-24,-8,-24,-8,-24,-8,-23,-8,-23]"
CSI_DATA,98456,d8:b1:90:db:e8:90,-53,11,1,6,0,0,1,0,0,0,1,-95,0,4,0,1494269832,0,100,0,128,1,"[100,-64,5,0,15,17,15,16,15,15,16,15,16,14,16,13,17,12,18,12,18,12,18,11,19,11,20,11,20,11,21,11,21,11,21,12,22,12,21,12,21,13,21,13,21,14,20,14,20,15,19,16,18,18,4,4,0,0,0,0,0,0,0,0,0,0,0,0,0,0,0,0,0,0,3,3,14,15,13,16,12,18,12,19,12,19,11,20,11,20,11,21,11,21,11,22,11,22,10,22,10,22,10,22,11,22,11,22,12,22,12,22,12,21,13,21,13,20,13,20,14,20,14,20,14,19,14,19]"
CSI_DATA,98457,d8:b1:90:db:e8:90,-52,11,1,6,0,0,1,0,0,0,1,-95,0,4,0,1494285542,0,100,0,128,1,"[100,-64,5,0,10,-20,9,-20,8,-20,7,-20,7,-20,6,-20,5,-20,5,-21,4,-21,3,-22,2,-22,2,-22,2,-23,2,-23,2,-24,2,-24,3,-25,3,-25,4,-25,5,-24,5,-24,6,-24,6,-24,8,-23,9,-22,2,-6,0,0,0,0,0,0,0,0,0,0,0,0,0,0,0,0,0,0,2,-5,8,-18,9,-18,10,-18,10,-17,11,-17,12,-17,12,-18,13,-18,14,-18,14,-18,15,-18,15,-18,15,-18,15,-18,15,-18,15,-18,15,-18,14,-18,14,-18,13,-19,13,-19,13,-19,12,-19,12,-19,11,-20,11,-20]"
CSI_DATA,98458,d8:b1:90:db:e8:90,-57,11,1,6,0,0,1,0,0,0,1,-95,0,4,0,1494301076,0,100,0,128,1,"[100,-64,5,0,-16,10,-16,10,-15,10,-14,10,-14,10,-13,11,-12,11,-11,11,-10,12,-10,12,-10,12,-9,13,-9,13,-9,14,-9,14,-9,15,-9,15,-9,15,-9,15,-10,15,-10,15,-11,15,-12,15,-13,15,-14,15,-4,3,0,0,0,0,0,0,0,0,0,0,0,0,0,0,0,0,0,0,-3,4,-13,17,-7,7,6,-14,14,-24,14,-23,7,-15,-8,1,-16,9,-16,9,-17,9,-17,8,-18,8,-18,8,-18,8,-17,8,-18,8,-18,8,-17,9,-17,9,-17,9,-17,10,-17,10,-17,10,-17,10,-17,10,-17,11]"
CSI_DATA,98459,d8:b1:90:db:e8:90,-57,11,1,6,0,0,1,0,0,0,1,-95,0,4,0,1494313200,0,100,0,128,1,"[100,-64,5,0,12,18,12,18,12,17,12,16,13,16,13,15,13,14,14,13,14,12,15,12,15,11,15,11,16,11,16,10,17,11,17,10,18,10,18,10,18,11,18,11,18,12,18,13,17,14,17,16,16,17,3,4,0,0,0,0,0,0,0,0,0,0,0,0,0,0,0,0,0,0,5,3,21,13,8,7,-16,-8,-28,-17,-28,-18,-18,-10,2,8,11,18,11,19,11,19,10,20,10,20,10,21,10,21,10,20,9,20,10,20,10,20,11,20,11,19,11,20,12,20,12,20,12,20,12,20,13,20]"
CSI_DATA,98460,d8:b1:90:db:e8:90,-52,11,1,6,0,0,1,0,0,0,1,-95,0,4,0,1494325039,0,100,0,128,1,"[100,-64,5,0,7,21,7,20,8,20,9,19,9,19,10,18,11,18,12,18,12,17,13,17,14,17,15,18,16,19,16,19,16,20,15,20,15,20,15,20,15,21,14,22,14,22,13,22,12,23,10,23,9,24,2,6,0,0,0,0,0,0,0,0,0,0,0,0,0,0,0,0,0,0,1,4,5,19,4,20,3,20,2,21,1,21,1,22,1,22,0,23,0,23,0,23,0,23,0,23,0,23,0,23,-1,23,0,23,0,22,1,22,2,22,2,22,3,22,4,22,4,22,5,22,5,22,6,22]"
CSI_DATA,98461,d8:b1:90:db:e8:90,-52,11,1,6,0,0,1,0,0,0,1,-95,0,4,0,1494347582,0,100,0,128,1,"[100,-64,5,0,11,-22,11,-22,10,-22,8,-22,7,-21,6,-22,5,-22,5,-23,4,-24,3,-25,3,-25,2,-25,2,-26,2,-27,3,-28,3,-28,3,-28,4,-28,4,-28,5,-27,6,-27,7,-27,8,-26,10,-26,12,-26,3,-7,0,0,0,0,0,0,0,0,0,0,0,0,0,0,0,0,0,0,3,-5,12,-18,12,-17,13,-17,14,-16,15,-16,15,-16,16,-17,17,-17,17,-17,18,-17,19,-17,19,-17,19,-17,18,-17,18,-17,17,-17,17,-17,16,-18,16,-18,16,-19,15,-19,14,-20,14,-20,14,-20,13,-21,13,-21]"
CSI_DATA,98462,d8:b1:90:db:e8:90,-52,11,1,6,0,0,1,0,0,0,1,-95,0,4,0,1494359878,0,100,0,128,1,"[100,-64,5,0,-19,-16,-19,-15,-19,-14,-19,-14,-20,-13,-20,-12,-21,-11,-21,-10,-22,-10,-23,-9,-24,-9,-24,-9,-25,-9,-25,-9,-26,-10,-26,-10,-26,-11,-25,-12,-25,-12,-25,-13,-25,-14,-24,-15,-23,-16,-22,-17,-21,-19,-5,-5,0,0,0,0,0,0,0,0,0,0,0,0,0,0,0,0,0,0,-4,-4,-15,-17,-14,-17,-13,-18,-12,-19,-12,-20,-12,-20,-12,-20,-12,-21,-11,-21,-11,-22,-11,-22,-11,-22,-12,-22,-12,-22,-12,-21,-12,-20,-12,-20,-13,-20,-14,-20,-14,-20,-15,-20,-16,-19,-16,-19,-17,-18,-17,-17,-17,-17]"
CSI_DATA,98463,d8:b1:90:db:e8:90,-52,11,1,6,0,0,1,0,0,0,1,-95,0,4,0,1494370997,0,100,0,128,1,"[100,-64,5,0,14,-19,14,-19,13,-19,12,-19,11,-20,11,-20,10,-21,9,-22,8,-23,8,-23,7,-24,7,-25,7,-25,8,-26,8,-26,9,-26,9,-26,10,-26,10,-26,11,-26,12,-25,13,-24,14,-24,15,-23,16,-22,4,-6,0,0,0,0,0,0,0,0,0,0,0,0,0,0,0,0,0,0,4,-4,16,-13,17,-12,17,-12,18,-11,18,-10,19,-10,20,-10,20,-11,21,-11,21,-11,21,-11,21,-11,21,-11,21,-11,20,-11,19,-11,19,-12,19,-13,19,-13,19,-14,18,-15,18,-15,17,-16,16,-17,16,-17,16,-18]"
CSI_DATA,98464,d8:b1:90:db:e8:90,-52,11,1,6,0,0,1,0,0,0,1,-95,0,4,0,1494384661,0,100,0,128,1,"[100,-64,5,0,-16,-19,-16,-18,-17,-17,-17,-17,-17,-16,-18,-15,-19,-15,-20,-14,-20,-14,-21,-13,-22,-13,-22,-12,-23,-13,-23,-13,-23,-14,-24,-14,-23,-15,-23,-16,-22,-16,-22,-17,-22,-17,-21,-18,-20,-19,-19,-20,-18,-21,-5,-6,0,0,0,0,0,0,0,0,0,0,0,0,0,0,0,0,0,0,-3,-5,-10,-17,-9,-18,-9,-19,-8,-20,-8,-20,-7,-21,-7,-21,-7,-22,-7,-22,-7,-23,-7,-22,-7,-22,-7,-22,-7,-22,-7,-23,-8,-22,-8,-22,-9,-22,-9,-21,-10,-21,-10,-20,-11,-20,-12,-20,-13,-20,-13,-20,-13,-20]"
CSI_DATA,98465,d8:b1:90:db:e8:90,-51,11,1,6,0,0,1,0,0,0,1,-95,0,4,0,1494401956,0,100,0,128,1,"[100,-64,5,0,-22,10,-22,10,-21,11,-21,12,-20,13,-19,14,-19,15,-19,16,-19,16,-19,17,-19,17,-19,18,-19,18,-20,19,-20,19,-21,18,-21,18,-22,18,-22,17,-23,17,-23,16,-24,15,-24,14,-25,12,-25,10,-7,2,0,0,0,0,0,0,0,0,0,0,0,0,0,0,0,0,0,0,-6,1,-21,4,-21,3,-21,2,-21,1,-22,1,-22,0,-23,0,-24,0,-24,0,-24,-1,-24,-1,-24,-1,-24,-1,-24,-1,-24,0,-24,0,-24,1,-24,2,-24,2,-23,3,-23,4,-23,5,-23,6,-23,6,-23,7,-22,8]"
CSI_DATA,98466,d8:b1:90:db:e8:90,-51,11,1,6,0,0,1,0,0,0,1,-95,0,4,0,1494413799,0,100,0,128,1,"[100,-64,5,0,-19,-16,-19,-16,-20,-15,-20,-14,-21,-13,-22,-13,-22,-12,-23,-11,-24,-11,-24,-11,-25,-10,-26,-10,-26,-11,-26,-11,-27,-11,-26,-12,-26,-13,-26,-13,-25,-14,-25,-14,-25,-15,-24,-16,-23,-17,-22,-18,-21,-19,-6,-5,0,0,0,0,0,0,0,0,0,0,0,0,0,0,0,0,0,0,-3,-4,-12,-16,-11,-17,-11,-18,-10,-19,-10,-19,-10,-20,-10,-20,-10,-21,-10,-21,-10,-22,-9,-22,-9,-22,-9,-22,-10,-22,-10,-22,-11,-22,-12,-21,-12,-21,-13,-21,-14,-20,-14,-19,-15,-19,-16,-19,-16,-18,-17,-18,-17,-18]"
CSI_DATA,98467,d8:b1:90:db:e8:90,-51,11,1,6,0,0,1,0,0,0,1,-95,0,4,0,1494426690,0,100,0,128,1,"[100,-64,5,0,-17,18,-17,18,-16,19,-15,19,-15,19,-14,20,-13,21,-13,21,-12,22,-12,22,-12,23,-12,24,-12,24,-12,25,-13,25,-14,25,-15,25,-15,24,-15,23,-16,23,-17,22,-17,22,-18,21,-20,20,-21,18,-6,4,0,0,0,0,0,0,0,0,0,0,0,0,0,0,0,0,0,0,-4,3,-16,11,-17,11,-17,10,-17,10,-18,10,-19,10,-20,9,-20,9,-21,9,-21,9,-21,9,-21,9,-21,9,-21,9,-21,9,-21,9,-20,10,-20,11,-20,12,-19,13,-19,14,-19,14,-19,15,-18,15,-18,16,-18,16]"
CSI_DATA,98468,d8:b1:90:db:e8:90,-51,11,1,6,0,0,1,0,0,0,1,-95,0,4,0,1494447430,0,100,0,128,1,"[100,-64,5,0,15,-19,14,-20,14,-20,13,-20,12,-21,12,-21,11,-22,11,-22,10,-23,9,-24,9,-24,9,-25,10,-25,10,-26,11,-26,11,-26,12,-26,12,-25,13,-25,13,-24,14,-23,14,-23,15,-22,17,-21,18,-20,4,-5,0,0,0,0,0,0,0,0,0,0,0,0,0,0,0,0,0,0,3,-3,14,-12,14,-12,14,-12,15,-12,15,-11,16,-11,18,-11,18,-11,19,-11,19,-11,19,-11,19,-11,18,-11,18,-11,18,-11,18,-11,18,-12,18,-13,17,-14,17,-15,17,-15,17,-16,16,-16,16,-17,16,-17,16,-18]"
CSI_DATA,98469,d8:b1:90:db:e8:90,-51,11,1,6,0,0,1,0,0,0,1,-95,0,4,0,1494459895,0,100,0,128,1,"[100,-64,5,0,-20,-15,-20,-15,-20,-14,-21,-14,-21,-13,-22,-13,-22,-12,-22,-11,-23,-10,-24,-10,-24,-9,-25,-9,-25,-10,-25,-10,-26,-10,-26,-10,-26,-11,-25,-11,-25,-12,-25,-13,-24,-14,-24,-14,-23,-15,-22,-16,-21,-17,-5,-5,0,0,0,0,0,0,0,0,0,0,0,0,0,0,0,0,0,0,-4,-4,-13,-14,-13,-15,-12,-17,-11,-17,-11,-18,-11,-18,-11,-19,-11,-19,-11,-20,-11,-20,-11,-20,-10,-21,-11,-21,-11,-21,-10,-20,-11,-20,-11,-20,-12,-19,-13,-19,-14,-19,-15,-19,-15,-18,-16,-18,-17,-18,-18,-18,-18,-17]"
CSI_DATA,98470,d8:b1:90:db:e8:90,-50,11,1,6,0,0,1,0,0,0,1,-95,0,4,0,1494478218,0,100,0,128,1,"[100,-64,5,0,-22,15,-21,15,-21,15,-20,16,-19,16,-19,17,-18,17,-18,18,-17,19,-17,19,-17,20,-18,20,-18,21,-19,21,-19,21,-19,21,-20,20,-20,20,-20,19,-21,19,-21,18,-22,17,-22,16,-23,15,-24,14,-6,3,0,0,0,0,0,0,0,0,0,0,0,0,0,0,0,0,0,0,-5,2,-18,9,-19,8,-20,7,-21,6,-21,6,-22,5,-23,5,-23,5,-24,5,-24,5,-25,4,-25,4,-24,4,-25,5,-25,5,-24,6,-24,6,-24,7,-24,8,-23,8,-23,9,-23,10,-23,11,-23,12,-23,12,-23,13]"
CSI_DATA,98471,d8:b1:90:db:e8:90,-51,11,1,6,0,0,1,0,0,0,1,-95,0,4,0,1494493270,0,100,0,128,1,"[100,-64,5,0,-13,-18,-13,-17,-13,-17,-14,-17,-15,-16,-15,-16,-15,-15,-16,-15,-16,-15,-17,-15,-17,-15,-17,-15,-17,-15,-17,-15,-17,-16,-17,-17,-17,-17,-16,-17,-16,-18,-15,-18,-15,-18,-14,-18,-13,-19,-11,-19,-10,-20,-3,-5,0,0,0,0,0,0,0,0,0,0,0,0,0,0,0,0,0,0,-3,-4,-9,-14,-8,-15,-7,-16,-7,-17,-6,-17,-6,-17,-6,-18,-6,-18,-6,-19,-6,-19,-6,-20,-6,-20,-6,-20,-6,-20,-6,-20,-7,-19,-8,-19,-8,-19,-9,-19,-9,-19,-10,-19,-10,-19,-11,-19,-11,-19,-12,-19,-12,-18]"
CSI_DATA,98472,d8:b1:90:db:e8:90,-51,11,1,6,0,0,1,0,0,0,1,-95,0,4,0,1494505819,0,100,0,128,1,"[100,-64,5,0,-13,17,-12,18,-11,18,-11,18,-10,18,-9,18,-9,18,-8,19,-8,19,-7,19,-7,19,-8,20,-8,21,-8,21,-8,22,-8,21,-9,21,-9,21,-10,20,-10,20,-11,19,-11,18,-12,18,-13,17,-14,16,-4,4,0,0,0,0,0,0,0,0,0,0,0,0,0,0,0,0,0,0,-3,3,-11,13,-12,12,-12,12,-13,12,-13,12,-14,12,-16,11,-16,11,-17,12,-17,12,-17,12,-17,12,-17,12,-17,12,-17,12,-17,13,-17,13,-16,14,-16,14,-16,14,-15,15,-15,15,-14,16,-14,16,-14,17,-13,17]"
CSI_DATA,98473,d8:b1:90:db:e8:90,-50,11,1,6,0,0,1,0,0,0,1,-95,0,4,0,1494515947,0,100,0,128,1,"[100,-64,5,0,-18,10,-18,13,-16,13,-18,11,-20,12,-18,11,-18,9,-19,11,-17,11,-18,8,-20,8,-21,8,-23,6,-25,6,-22,5,-22,2,-24,3,-23,3,-23,-1,-25,-4,-23,-3,-20,-6,-22,-9,-21,-8,-16,-10,-4,-3,0,0,0,0,0,0,0,0,0,0,0,0,0,0,0,0,0,0,0,4,3,17,5,17,4,15,-1,17,-2,20,-2,18,-5,17,-6,21,-4,20,-8,18,-10,20,-9,20,-11,18,-12,20,-9,19,-10,16,-14,18,-14,20,-14,16,-16,16,-15,18,-13,15,-15,15,-16,16,-16,15,-19,13]"
CSI_DATA,98474,d8:b1:90:db:e8:90,-50,11,1,6,0,0,1,0,0,0,1,-95,0,4,0,1494526889,0,100,0,128,1,"[100,-64,5,0,-24,1,-24,1,-23,2,-23,3,-23,4,-22,5,-22,5,-22,6,-22,7,-22,8,-22,8,-23,8,-23,8,-23,8,-23,8,-24,8,-24,7,-23,7,-23,6,-24,6,-24,5,-24,5,-24,4,-24,2,-24,1,-6,0,0,0,0,0,0,0,0,0,0,0,0,0,0,0,0,0,0,0,-5,0,-19,0,-19,-1,-20,-3,-20,-4,-20,-4,-21,-5,-21,-5,-22,-5,-22,-6,-22,-6,-23,-6,-23,-7,-23,-7,-24,-6,-23,-6,-24,-5,-24,-5,-24,-4,-24,-4,-24,-3,-25,-2,-25,-2,-25,-1,-25,-1,-25,0,-25,0]"
CSI_DATA,98475,d8:b1:90:db:e8:90,-50,11,1,6,0,0,1,0,0,0,1,-95,0,4,0,1494547975,0,100,0,128,1,"[100,-64,5,0,20,-1,19,-1,19,-2,19,-3,18,-4,18,-5,18,-5,18,-6,18,-6,18,-7,18,-7,18,-7,18,-7,19,-8,19,-7,19,-7,19,-7,19,-7,19,-6,19,-6,19,-6,19,-5,19,-4,19,-2,19,-1,4,-1,0,0,0,0,0,0,0,0,0,0,0,0,0,0,0,0,0,0,3,-1,15,-1,16,0,16,1,16,2,17,3,17,3,18,3,18,4,18,4,18,5,19,5,19,5,19,6,19,5,19,5,20,4,20,4,20,3,20,3,20,3,20,2,21,1,21,1,21,1,21,1,21,0]"
CSI_DATA,98476,d8:b1:90:db:e8:90,-50,11,1,6,0,0,1,0,0,0,1,-95,0,4,0,1494558297,0,100,0,128,1,"[100,-64,5,0,-22,-5,-22,-5,-22,-4,-22,-4,-22,-3,-22,-2,-22,-1,-21,-1,-21,0,-21,0,-22,1,-22,1,-22,2,-22,2,-22,2,-23,2,-23,2,-23,1,-23,1,-23,0,-23,-1,-23,-2,-23,-3,-22,-4,-22,-5,-6,-2,0,0,0,0,0,0,0,0,0,0,0,0,0,0,0,0,0,0,-5,-1,-19,-5,-19,-6,-19,-7,-19,-8,-19,-9,-20,-9,-20,-9,-21,-10,-21,-10,-21,-11,-21,-11,-21,-12,-21,-12,-21,-12,-22,-12,-22,-11,-22,-11,-23,-11,-23,-10,-23,-10,-23,-9,-23,-9,-23,-8,-22,-8,-23,-7,-23,-7]"
CSI_DATA,98477,d8:b1:90:db:e8:90,-50,11,1,6,0,0,1,0,0,0,1,-95,0,4,0,1494572707,0,100,0,128,1,"[100,-64,5,0,11,-20,10,-20,10,-20,9,-20,8,-20,8,-21,7,-21,6,-21,6,-22,5,-22,4,-22,4,-22,4,-22,4,-23,4,-23,4,-23,4,-23,5,-24,5,-23,6,-23,7,-23,7,-22,8,-22,10,-21,10,-20,2,-5,0,0,0,0,0,0,0,0,0,0,0,0,0,0,0,0,0,0,1,-5,8,-18,9,-18,10,-17,11,-17,12,-17,13,-17,14,-18,15,-18,15,-18,16,-18,16,-18,16,-18,16,-18,16,-18,17,-18,17,-18,16,-19,16,-19,15,-19,15,-20,14,-20,14,-20,14,-21,14,-21,13,-21,13,-21]"
CSI_DATA,98478,d8:b1:90:db:e8:90,-50,11,1,6,0,0,1,0,0,0,1,-95,0,4,0,1494584247,0,100,0,128,1,"[100,-64,5,0,19,-5,19,-5,19,-6,18,-6,18,-7,17,-7,17,-8,17,-8,16,-9,16,-10,16,-10,16,-11,16,-11,17,-12,17,-12,17,-12,18,-11,18,-11,18,-11,18,-10,18,-10,19,-8,19,-7,19,-6,19,-5,5,-1,0,0,0,0,0,0,0,0,0,0,0,0,0,0,0,0,0,0,4,-2,16,-5,17,-4,17,-3,18,-2,18,-2,19,-1,20,-1,20,-1,20,0,21,0,21,0,21,0,21,1,22,1,22,1,22,0,22,0,22,-1,21,-1,21,-1,21,-2,21,-2,22,-3,22,-3,21,-3,21,-4]"
CSI_DATA,98479,d8:b1:90:db:e8:90,-50,11,1,6,0,0,1,0,0,0,1,-95,0,4,0,1494594760,0,100,0,128,1,"[100,-64,5,0,19,4,19,3,18,2,18,2,18,1,18,0,18,-1,17,-2,17,-3,17,-3,17,-4,18,-4,18,-4,18,-5,18,-5,18,-4,19,-4,19,-4,19,-4,19,-3,19,-3,19,-2,20,-1,19,0,19,2,4,0,0,0,0,0,0,0,0,0,0,0,0,0,0,0,0,0,0,0,4,0,16,1,16,2,16,4,16,5,16,6,17,6,17,7,17,7,18,8,18,9,18,9,18,9,18,9,18,9,18,9,18,9,18,9,18,8,18,8,19,7,19,7,19,7,19,6,19,6,20,6,20,5]"
CSI_DATA,98480,d8:b1:90:db:e8:90,-51,11,1,6,0,0,1,0,0,0,1,-95,0,4,0,1494605022,0,100,0,128,1,"[100,-64,5,0,7,20,8,19,8,18,9,17,9,16,10,16,11,15,11,15,12,14,12,14,13,13,13,13,14,13,14,13,14,14,14,14,14,14,14,15,14,15,14,15,13,16,13,16,12,17,10,17,9,18,2,4,0,0,0,0,0,0,0,0,0,0,0,0,0,0,0,0,0,0,2,3,8,15,7,16,5,17,5,17,4,18,4,19,3,19,3,20,3,20,3,21,2,21,2,21,2,22,2,22,2,22,2,21,2,21,3,21,3,21,4,21,5,21,5,21,5,21,6,21,6,21,6,20]"
CSI_DATA,98481,d8:b1:90:db:e8:90,-50,11,1,6,0,0,1,0,0,0,1,-95,0,4,0,1494616880,0,100,0,128,1,"[100,-64,5,0,9,-23,8,-23,7,-23,7,-23,6,-23,4,-23,3,-23,3,-23,2,-23,1,-23,0,-24,0,-24,-1,-24,0,-25,0,-26,0,-26,0,-26,0,-26,1,-26,2,-26,2,-25,3,-25,4,-25,6,-25,7,-25,1,-7,0,0,0,0,0,0,0,0,0,0,0,0,0,0,0,0,0,0,1,-6,7,-21,8,-21,10,-20,11,-20,12,-20,13,-21,14,-21,14,-21,15,-22,16,-22,16,-22,16,-22,16,-22,16,-22,16,-22,16,-23,16,-23,16,-23,15,-23,15,-23,14,-23,13,-23,13,-23,13,-24,12,-24,12,-25]"
CSI_DATA,98482,d8:b1:90:db:e8:90,-51,11,1,6,0,0,1,0,0,0,1,-95,0,4,0,1494629076,0,100,0,128,1,"[100,-64,5,0,-5,22,-4,22,-4,21,-3,21,-2,21,-1,21,0,21,0,21,1,20,2,20,3,20,3,21,4,21,4,22,4,22,3,23,3,23,2,23,2,23,1,23,1,23,0,23,-1,23,-3,24,-4,23,-1,5,0,0,0,0,0,0,0,0,0,0,0,0,0,0,0,0,0,0,-1,5,-3,20,-4,20,-5,20,-7,20,-7,20,-8,21,-9,21,-9,22,-10,22,-10,22,-11,22,-11,22,-11,22,-11,23,-11,23,-11,23,-11,23,-11,23,-10,23,-10,22,-9,23,-9,23,-8,23,-8,23,-7,23,-7,24]"
CSI_DATA,98483,d8:b1:90:db:e8:90,-51,11,1,6,0,0,1,0,0,0,1,-95,0,4,0,1494651316,0,100,0,128,1,"[100,-64,5,0,19,-17,18,-17,17,-17,16,-17,15,-17,14,-18,13,-18,12,-19,11,-20,11,-21,10,-22,10,-23,10,-23,10,-24,10,-24,10,-24,11,-24,11,-24,11,-24,12,-23,13,-23,13,-22,14,-22,15,-21,16,-20,4,-5,0,0,0,0,0,0,0,0,0,0,0,0,0,0,0,0,0,0,3,-4,16,-16,17,-15,18,-14,19,-13,20,-13,21,-13,21,-12,22,-12,23,-12,24,-12,25,-12,25,-12,25,-12,25,-12,24,-12,24,-12,24,-13,23,-13,23,-13,23,-13,23,-14,23,-14,22,-15,21,-15,21,-15,21,-16]"
CSI_DATA,98484,d8:b1:90:db:e8:90,-52,11,1,6,0,0,1,0,0,0,1,-95,0,4,0,1494661320,0,100,0,128,1,"[100,-64,5,0,23,2,23,2,23,1,22,0,22,-1,22,-2,22,-2,21,-3,21,-4,22,-4,22,-5,22,-6,23,-6,23,-6,23,-6,23,-5,23,-4,23,-4,24,-3,24,-2,24,-1,24,0,24,1,23,2,23,4,5,1,0,0,0,0,0,0,0,0,0,0,0,0,0,0,0,0,0,0,5,0,20,2,20,3,19,4,20,4,20,5,21,5,21,5,21,6,22,6,22,7,23,7,23,7,23,8,23,8,22,8,22,8,22,8,22,7,23,7,23,6,23,6,23,5,23,5,23,5,23,4,24,4]"
CSI_DATA,98485,d8:b1:90:db:e8:90,-52,11,1,6,0,0,1,0,0,0,1,-95,0,4,0,1494676542,0,100,0,128,1,"[100,-64,5,0,-7,23,-6,22,-5,22,-4,22,-3,22,-2,22,-1,22,-1,22,0,22,0,22,0,23,0,23,0,23,1,24,0,24,0,25,-1,25,-1,25,-2,25,-2,25,-3,25,-4,24,-5,24,-6,24,-8,24,-2,5,0,0,0,0,0,0,0,0,0,0,0,0,0,0,0,0,0,0,-2,4,-8,19,-9,19,-10,19,-11,19,-11,19,-12,19,-13,20,-13,20,-14,21,-14,21,-15,21,-15,21,-15,21,-15,21,-15,21,-14,21,-14,21,-13,21,-12,22,-11,22,-11,22,-10,23,-10,23,-10,23,-9,23,-8,23]"
CSI_DATA,98486,d8:b1:90:db:e8:90,-53,11,1,6,0,0,1,0,0,0,1,-95,0,4,0,1494696451,0,100,0,128,1,"[100,-64,5,0,1,22,2,21,2,21,3,21,4,20,4,20,5,20,5,20,6,19,6,19,7,20,7,21,7,21,8,21,8,22,7,22,7,22,7,23,6,23,5,23,5,22,5,22,3,22,1,23,-1,24,-1,6,0,0,0,0,0,0,0,0,0,0,0,0,0,0,0,0,0,0,-1,5,-2,20,-3,20,-4,20,-5,21,-5,21,-6,21,-6,22,-6,22,-7,22,-7,23,-7,23,-7,22,-7,22,-7,23,-6,23,-6,23,-5,23,-5,22,-4,22,-3,22,-3,22,-2,23,-2,23,-1,23,-1,23,0,23]"
CSI_DATA,98487,d8:b1:90:db:e8:90,-54,11,1,6,0,0,1,0,0,0,1,-95,0,4,0,1494709499,0,100,0,128,1,"[100,-64,5,0,-21,-14,-21,-13,-21,-12,-21,-11,-21,-10,-21,-10,-22,-9,-22,-9,-22,-8,-22,-8,-23,-7,-24,-7,-25,-7,-25,-7,-25,-8,-25,-8,-25,-8,-25,-9,-25,-9,-25,-10,-25,-10,-25,-11,-24,-12,-23,-13,-22,-14,-6,-4,0,0,0,0,0,0,0,0,0,0,0,0,0,0,0,0,0,0,-4,-4,-16,-15,-15,-16,-15,-17,-14,-18,-14,-18,-14,-19,-15,-19,-14,-20,-14,-20,-14,-21,-14,-21,-15,-21,-15,-21,-14,-21,-14,-21,-15,-21,-15,-20,-16,-20,-16,-19,-17,-19,-17,-18,-18,-18,-18,-17,-18,-16,-19,-16,-20,-16]"
CSI_DATA,98488,d8:b1:90:db:e8:90,-54,11,1,6,0,0,1,0,0,0,1,-95,0,4,0,1494720210,0,100,0,128,1,"[100,-64,5,0,-3,23,-3,23,-2,23,-1,22,0,22,1,22,1,22,2,22,2,22,2,22,3,22,3,23,3,24,4,25,4,25,3,25,3,26,3,26,2,26,2,26,1,26,0,26,-1,26,-3,25,-4,25,-2,6,0,0,0,0,0,0,0,0,0,0,0,0,0,0,0,0,0,0,-2,5,-6,21,-7,21,-8,21,-8,21,-9,21,-10,21,-10,21,-10,22,-11,22,-12,22,-12,22,-12,22,-12,22,-12,22,-12,22,-11,22,-11,22,-10,22,-9,22,-8,22,-7,23,-7,23,-7,22,-6,22,-6,23,-5,23]"
CSI_DATA,98489,d8:b1:90:db:e8:90,-53,11,1,6,0,0,1,0,0,0,1,-95,0,4,0,1494732127,0,100,0,128,1,"[100,-64,5,0,12,21,13,20,13,19,13,18,14,18,14,17,15,16,16,16,16,16,16,16,17,16,18,17,18,17,19,18,19,18,19,19,19,19,18,19,18,19,17,19,16,20,16,20,15,21,13,22,12,23,3,5,0,0,0,0,0,0,0,0,0,0,0,0,0,0,0,0,0,0,2,5,8,20,7,21,6,21,5,22,5,22,4,22,4,23,4,23,3,24,3,25,3,25,3,25,3,25,4,25,4,24,4,24,5,24,5,23,6,23,7,23,8,22,9,22,9,22,10,22,10,21,11,21]"
CSI_DATA,98490,d8:b1:90:db:e8:90,-53,11,1,6,0,0,1,0,0,0,1,-95,0,4,0,1494762135,0,100,0,128,1,"[100,-64,5,0,-22,2,-22,2,-21,3,-20,3,-20,4,-20,5,-20,6,-20,6,-21,7,-21,8,-21,8,-22,9,-22,9,-22,9,-23,10,-23,9,-23,9,-23,9,-23,8,-24,8,-24,8,-25,7,-25,6,-25,5,-25,3,-7,0,0,0,0,0,0,0,0,0,0,0,0,0,0,0,0,0,0,0,-6,0,-22,0,-22,-1,-22,-3,-22,-4,-23,-4,-23,-5,-23,-5,-24,-5,-24,-5,-24,-6,-24,-6,-24,-6,-23,-6,-23,-6,-23,-6,-23,-5,-23,-5,-23,-4,-22,-4,-22,-3,-22,-2,-22,-1,-22,-1,-22,0,-22,0,-22,1]"
CSI_DATA,98491,d8:b1:90:db:e8:90,-53,11,1,6,0,0,1,0,0,0,1,-95,0,4,0,1494784117,0,100,0,128,1,"[100,-64,5,0,20,-5,19,-6,19,-6,19,-6,18,-7,18,-8,18,-8,19,-9,19,-10,19,-11,19,-11,19,-12,20,-12,20,-13,20,-13,21,-13,21,-12,21,-12,22,-12,22,-11,23,-11,23,-10,24,-9,24,-7,24,-6,6,-2,0,0,0,0,0,0,0,0,0,0,0,0,0,0,0,0,0,0,5,-1,22,-1,22,0,22,1,22,2,23,3,23,3,23,3,24,4,24,4,24,5,24,4,24,4,24,4,24,4,23,3,23,3,22,2,22,1,22,1,22,0,22,-1,21,-1,21,-2,21,-2,21,-3,21,-4]"
CSI_DATA,98492,d8:b1:90:db:e8:90,-52,11,1,6,0,0,1,0,0,0,1,-95,0,4,0,1494802511,0,100,0,128,1,"[100,-64,5,0,-21,2,-21,2,-20,3,-20,4,-19,5,-19,6,-19,7,-19,7,-19,8,-19,9,-20,9,-20,10,-20,10,-21,11,-21,11,-22,11,-22,11,-22,11,-23,10,-23,10,-24,10,-24,9,-24,8,-25,7,-26,5,-7,1,0,0,0,0,0,0,0,0,0,0,0,0,0,0,0,0,0,0,-6,-1,-22,-3,-22,-4,-22,-5,-22,-6,-22,-7,-23,-7,-23,-7,-24,-7,-24,-8,-24,-8,-24,-8,-23,-8,-23,-8,-23,-8,-23,-8,-23,-7,-23,-7,-22,-6,-22,-5,-22,-4,-22,-3,-22,-2,-22,-2,-22,-1,-22,0,-22,0]"
CSI_DATA,98493,d8:b1:90:db:e8:90,-52,11,1,6,0,0,1,0,0,0,1,-95,0,4,0,1494816649,0,100,0,128,1,"[100,-64,5,0,-16,15,-15,15,-14,15,-13,15,-13,16,-12,16,-12,17,-11,17,-10,18,-10,18,-10,19,-10,20,-10,21,-10,21,-10,22,-11,22,-12,22,-12,22,-13,22,-13,22,-14,22,-14,21,-15,21,-16,20,-17,19,-5,4,0,0,0,0,0,0,0,0,0,0,0,0,0,0,0,0,0,0,-5,3,-18,12,-19,12,-20,11,-21,10,-21,10,-22,10,-23,10,-23,10,-24,9,-24,9,-24,9,-24,8,-23,8,-23,9,-23,9,-22,9,-22,10,-21,10,-21,10,-20,11,-19,11,-19,12,-18,13,-17,13,-17,13,-18,14]"
CSI_DATA,98494,d8:b1:90:db:e8:90,-52,11,1,6,0,0,1,0,0,0,1,-95,0,4,0,1494828914,0,100,0,128,1,"[100,-64,5,0,-23,7,-22,8,-22,8,-21,9,-20,10,-20,11,-20,12,-19,12,-19,13,-19,13,-19,14,-20,15,-20,15,-21,16,-21,16,-22,16,-23,16,-23,16,-23,15,-24,15,-24,14,-25,13,-25,12,-26,10,-26,9,-7,2,0,0,0,0,0,0,0,0,0,0,0,0,0,0,0,0,0,0,-6,1,-23,5,-24,3,-24,2,-25,1,-25,0,-26,0,-26,0,-27,-1,-27,-1,-27,-2,-27,-2,-27,-3,-27,-2,-26,-2,-26,-2,-26,-1,-26,0,-26,0,-25,1,-25,2,-25,3,-24,3,-24,4,-24,4,-24,5,-24,6]"
CSI_DATA,98495,d8:b1:90:db:e8:90,-50,11,1,6,0,0,1,0,0,0,1,-95,0,4,0,1494846934,0,100,0,128,1,"[100,-64,5,0,-10,21,-7,18,-3,14,-4,17,-7,20,-10,19,-14,19,-11,20,-5,23,-2,28,-2,30,-5,27,-8,23,-5,17,-5,13,-10,18,-11,22,-14,24,-19,25,-17,23,-14,22,-8,23,-5,25,-11,21,-16,21,-4,6,0,0,0,0,0,0,0,0,0,0,0,0,0,0,0,0,0,0,-1,5,-4,22,-4,20,-4,19,-6,20,-7,21,-9,21,-13,20,-12,21,-12,21,-13,19,-14,17,-14,19,-14,20,-16,22,-16,23,-13,22,-12,20,-16,19,-19,19,-16,19,-13,19,-11,21,-9,23,-12,22,-12,21,-11,18]"
CSI_DATA,98496,d8:b1:90:db:e8:90,-51,11,1,6,0,0,1,0,0,0,1,-95,0,4,0,1494857732,0,100,0,128,1,"[100,-64,5,0,21,-10,21,-11,20,-11,19,-12,18,-13,18,-14,18,-14,18,-15,18,-15,18,-16,18,-17,19,-17,19,-17,20,-18,20,-18,21,-18,21,-18,21,-18,21,-17,22,-17,22,-17,23,-16,23,-15,24,-14,25,-12,6,-3,0,0,0,0,0,0,0,0,0,0,0,0,0,0,0,0,0,0,5,-2,21,-8,22,-7,22,-6,22,-5,23,-4,24,-4,24,-3,25,-3,25,-2,26,-2,26,-2,26,-2,25,-2,25,-2,25,-2,25,-3,25,-4,25,-4,25,-3,25,-3,24,-4,24,-5,23,-6,23,-7,23,-8,23,-8]"
CSI_DATA,98497,d8:b1:90:db:e8:90,-52,11,1,6,0,0,1,0,0,0,1,-95,0,4,0,1494867978,0,100,0,128,1,"[100,-64,5,0,3,-20,3,-20,2,-20,1,-20,0,-20,-1,-20,-1,-20,-2,-20,-2,-21,-3,-21,-4,-21,-5,-22,-5,-22,-5,-23,-5,-23,-5,-23,-5,-23,-4,-23,-4,-23,-4,-23,-3,-23,-3,-23,-2,-23,-1,-24,1,-24,0,-6,0,0,0,0,0,0,0,0,0,0,0,0,0,0,0,0,0,0,1,-5,4,-19,5,-18,6,-18,7,-18,8,-18,9,-19,10,-19,11,-19,11,-20,12,-19,12,-19,12,-19,12,-19,11,-19,11,-19,11,-19,10,-19,10,-19,9,-19,8,-19,7,-19,7,-20,7,-20,7,-20,6,-20,6,-20]"
CSI_DATA,98498,d8:b1:90:db:e8:90,-51,11,1,6,0,0,1,0,0,0,1,-95,0,4,0,1494883038,0,100,0,128,1,"[100,-64,5,0,-3,21,-2,21,-1,20,0,20,1,20,2,20,3,20,3,20,4,20,5,21,5,21,5,21,6,22,6,22,6,23,6,23,6,23,5,23,5,23,4,23,4,23,3,22,3,23,1,24,0,24,-1,6,0,0,0,0,0,0,0,0,0,0,0,0,0,0,0,0,0,0,-1,4,-2,19,-3,20,-4,20,-5,20,-6,20,-7,21,-8,22,-8,22,-9,22,-10,23,-10,22,-10,22,-10,21,-10,21,-10,21,-9,21,-9,21,-8,21,-7,21,-6,21,-6,21,-6,21,-6,21,-6,21,-5,21,-4,21]"
CSI_DATA,98499,d8:b1:90:db:e8:90,-50,11,1,6,0,0,1,0,0,0,1,-95,0,4,0,1494894618,0,100,0,128,1,"[100,-64,5,0,-1,22,-2,21,-4,20,-6,19,-6,19,-6,20,-5,23,-3,25,-3,26,-2,26,0,24,2,23,2,22,1,21,-1,20,-4,22,-6,24,-7,25,-6,25,-6,26,-6,26,-4,27,-3,27,-5,26,-7,23,-2,5,0,0,0,0,0,0,0,0,0,0,0,0,0,0,0,0,0,0,1,6,6,23,5,23,3,21,2,20,2,20,0,19,-3,17,-6,18,-8,20,-11,22,-13,23,-13,24,-11,26,-9,26,-7,25,-5,25,-4,23,-4,22,-6,21,-6,19,-8,18,-10,19,-12,20,-11,23,-7,26,-5,27]"
CSI_DATA,98500,d8:b1:90:db:e8:90,-51,11,1,6,0,0,1,0,0,0,1,-95,0,4,0,1494906566,0,100,0,128,1,"[100,-64,5,0,16,-16,15,-16,14,-17,14,-17,13,-17,12,-18,11,-18,11,-19,10,-20,10,-20,9,-21,9,-22,10,-22,10,-23,10,-23,10,-22,11,-22,11,-22,12,-22,12,-22,13,-21,13,-21,14,-20,15,-19,16,-19,4,-5,0,0,0,0,0,0,0,0,0,0,0,0,0,0,0,0,0,0,3,-4,15,-14,16,-13,17,-13,18,-13,18,-12,19,-12,20,-11,20,-11,20,-11,21,-11,22,-11,22,-11,22,-11,22,-10,22,-10,22,-10,21,-11,21,-11,20,-12,20,-12,19,-13,19,-13,19,-14,18,-15,18,-15,18,-15]"
CSI_DATA,98501,d8:b1:90:db:e8:90,-50,11,1,6,0,0,1,0,0,0,1,-95,0,4,0,1494918578,0,100,0,128,1,"[100,-64,5,0,23,5,23,4,23,3,22,2,22,1,22,0,22,-1,22,-1,22,-2,22,-3,23,-3,24,-4,25,-5,25,-5,25,-5,25,-4,25,-3,25,-3,25,-2,25,-2,25,-1,25,0,25,1,24,2,24,3,6,1,0,0,0,0,0,0,0,0,0,0,0,0,0,0,0,0,0,0,5,1,21,5,21,7,20,8,20,8,21,9,21,10,20,10,20,11,21,11,21,12,21,13,21,13,21,13,21,13,21,13,22,13,22,12,22,12,21,11,21,10,22,10,22,9,23,8,23,8,23,7,23,7]"
CSI_DATA,98502,d8:b1:90:db:e8:90,-50,11,1,6,0,0,1,0,0,0,1,-95,0,4,0,1494930289,0,100,0,128,1,"[100,-64,5,0,15,18,16,17,16,16,17,15,17,15,18,14,18,13,19,13,19,12,20,11,21,11,21,11,21,11,22,11,22,11,22,12,22,12,22,12,21,12,21,13,21,14,20,14,19,15,18,16,16,17,4,4,0,0,0,0,0,0,0,0,0,0,0,0,0,0,0,0,0,0,3,3,15,14,14,15,14,17,14,18,13,18,13,19,12,20,12,21,12,22,12,22,11,22,10,22,10,23,10,23,10,22,11,22,11,22,11,21,12,21,12,21,13,20,13,20,13,21,14,21,14,20,15,20]"
CSI_DATA,98503,d8:b1:90:db:e8:90,-51,11,1,6,0,0,1,0,0,0,1,-95,0,4,0,1494957232,0,100,0,128,1,"[100,-64,5,0,-14,-17,-14,-17,-15,-16,-15,-15,-16,-14,-16,-14,-16,-13,-17,-13,-17,-12,-18,-12,-19,-12,-19,-12,-19,-12,-20,-12,-20,-12,-20,-13,-19,-13,-19,-14,-19,-14,-18,-14,-18,-14,-17,-14,-17,-15,-16,-16,-15,-17,-4,-5,0,0,0,0,0,0,0,0,0,0,0,0,0,0,0,0,0,0,-4,-4,-12,-15,-12,-16,-11,-17,-11,-18,-10,-18,-10,-18,-10,-19,-10,-19,-10,-20,-10,-20,-9,-21,-9,-21,-9,-21,-9,-21,-10,-21,-10,-20,-10,-20,-11,-20,-11,-20,-11,-19,-12,-19,-13,-19,-13,-18,-13,-18,-14,-18,-14,-18]"
CSI_DATA,98504,d8:b1:90:db:e8:90,-50,11,1,6,0,0,1,0,0,0,1,-95,0,4,0,1494970646,0,100,0,128,1,"[100,-64,5,0,-17,-21,-17,-20,-17,-19,-18,-18,-18,-17,-19,-17,-19,-16,-19,-15,-19,-15,-20,-14,-21,-14,-21,-14,-22,-14,-22,-14,-22,-14,-23,-14,-22,-15,-22,-15,-22,-15,-21,-15,-21,-15,-20,-16,-19,-17,-18,-18,-17,-19,-5,-5,0,0,0,0,0,0,0,0,0,0,0,0,0,0,0,0,0,0,-4,-5,-14,-17,-14,-18,-13,-19,-13,-20,-13,-21,-13,-21,-12,-22,-12,-23,-12,-23,-11,-24,-11,-25,-10,-25,-10,-26,-10,-26,-10,-25,-11,-24,-11,-24,-12,-24,-12,-24,-12,-24,-13,-24,-13,-23,-14,-23,-14,-23,-15,-22,-15,-22]"
CSI_DATA,98505,d8:b1:90:db:e8:90,-50,11,1,6,0,0,1,0,0,0,1,-95,0,4,0,1494982835,0,100,0,128,1,"[100,-64,5,0,24,-9,23,-9,23,-10,22,-10,22,-11,21,-12,20,-12,20,-13,19,-13,19,-14,19,-14,19,-15,19,-15,19,-16,20,-16,21,-16,21,-16,21,-16,21,-15,21,-14,21,-14,21,-13,22,-12,22,-10,23,-9,5,-2,0,0,0,0,0,0,0,0,0,0,0,0,0,0,0,0,0,0,5,-3,20,-9,21,-8,21,-7,22,-7,23,-6,23,-6,24,-5,24,-4,25,-4,26,-3,27,-2,27,-2,27,-2,26,-2,26,-2,25,-3,25,-3,25,-3,26,-3,26,-4,26,-5,26,-5,26,-6,25,-6,25,-7,25,-7]"
CSI_DATA,98506,d8:b1:90:db:e8:90,-51,11,1,6,0,0,1,0,0,0,1,-95,0,4,0,1494995394,0,100,0,128,1,"[100,-64,5,0,12,-16,12,-16,11,-16,10,-17,10,-17,9,-17,8,-17,8,-18,7,-18,7,-19,7,-19,7,-19,7,-19,7,-19,7,-20,7,-20,7,-20,7,-20,7,-20,8,-19,8,-18,9,-18,10,-18,11,-17,11,-16,3,-4,0,0,0,0,0,0,0,0,0,0,0,0,0,0,0,0,0,0,2,-4,9,-14,10,-14,12,-14,12,-13,13,-13,14,-14,14,-14,15,-14,15,-14,16,-14,16,-14,16,-14,16,-14,16,-14,16,-14,16,-14,16,-14,16,-14,16,-15,16,-15,16,-15,15,-16,15,-15,14,-15,14,-16,14,-16]"
CSI_DATA,98507,d8:b1:90:db:e8:90,-51,11,1,6,0,0,1,0,0,0,1,-95,0,4,0,1495006476,0,100,0,128,1,"[100,-64,5,0,-3,23,-3,23,-2,23,-1,22,0,22,1,22,2,22,2,22,3,22,4,22,4,22,5,22,5,22,5,23,5,23,5,23,5,23,4,23,4,23,3,23,3,23,2,23,1,23,0,23,-1,23,-1,5,0,0,0,0,0,0,0,0,0,0,0,0,0,0,0,0,0,0,-1,4,-1,19,-3,20,-4,20,-5,20,-6,21,-6,21,-7,22,-7,23,-8,23,-8,24,-8,24,-9,24,-8,24,-9,24,-9,23,-9,23,-8,23,-8,23,-8,24,-8,24,-7,24,-6,24,-6,24,-6,24,-5,24,-4,24]"
CSI_DATA,98508,d8:b1:90:db:e8:90,-51,11,1,6,0,0,1,0,0,0,1,-95,0,4,0,1495017383,0,100,0,128,1,"[100,-64,5,0,-22,-3,-22,-3,-21,-2,-20,-1,-20,0,-20,0,-20,1,-20,1,-20,2,-20,3,-20,3,-20,3,-20,3,-21,4,-21,4,-21,3,-21,3,-20,3,-20,2,-21,1,-21,1,-21,0,-21,0,-20,-1,-20,-2,-5,-1,0,0,0,0,0,0,0,0,0,0,0,0,0,0,0,0,0,0,-5,-1,-18,-1,-18,-3,-18,-4,-19,-5,-19,-6,-20,-6,-20,-6,-20,-7,-21,-8,-21,-8,-20,-8,-21,-8,-21,-9,-21,-9,-21,-9,-21,-9,-21,-8,-21,-8,-22,-8,-22,-7,-22,-7,-22,-6,-22,-5,-22,-5,-22,-4,-23,-4]"
CSI_DATA,98509,d8:b1:90:db:e8:90,-51,11,1,6,0,0,1,0,0,0,1,-95,0,4,0,1495028025,0,100,0,128,1,"[100,-64,5,0,-19,-17,-19,-16,-18,-15,-18,-14,-19,-13,-19,-13,-19,-12,-19,-12,-20,-11,-20,-10,-21,-10,-21,-9,-21,-9,-22,-9,-22,-9,-22,-10,-21,-10,-21,-10,-21,-11,-21,-12,-21,-12,-20,-13,-19,-13,-18,-14,-18,-15,-5,-4,0,0,0,0,0,0,0,0,0,0,0,0,0,0,0,0,0,0,-4,-3,-16,-12,-15,-14,-15,-16,-14,-17,-14,-18,-14,-18,-14,-19,-14,-19,-14,-20,-14,-20,-13,-21,-13,-21,-13,-21,-13,-21,-13,-22,-14,-22,-14,-21,-15,-21,-15,-21,-15,-21,-16,-21,-16,-20,-17,-19,-17,-19,-18,-18,-18,-19]"
CSI_DATA,98510,d8:b1:90:db:e8:90,-51,11,1,6,0,0,1,0,0,0,1,-95,0,4,0,1495059806,0,100,0,128,1,"[100,-64,5,0,-25,10,-24,10,-23,11,-22,11,-21,12,-21,13,-20,13,-20,13,-19,14,-19,15,-19,15,-19,16,-19,16,-19,16,-19,16,-19,16,-20,16,-20,16,-20,16,-20,15,-21,14,-21,14,-21,13,-22,12,-23,11,-6,2,0,0,0,0,0,0,0,0,0,0,0,0,0,0,0,0,0,0,-5,2,-20,9,-21,8,-22,7,-23,7,-24,6,-24,6,-25,6,-26,6,-27,5,-27,5,-28,4,-28,4,-28,4,-28,4,-28,4,-28,4,-28,4,-27,5,-27,6,-27,7,-27,8,-27,8,-26,9,-26,9,-26,9,-26,10]"
CSI_DATA,98511,d8:b1:90:db:e8:90,-50,11,1,6,0,0,1,0,0,0,1,-95,0,4,0,1495072702,0,100,0,128,1,"[100,-64,5,0,-17,8,-19,8,-20,9,-22,10,-23,12,-23,13,-23,15,-23,17,-22,19,-21,21,-20,23,-18,25,-17,26,-16,26,-16,25,-15,24,-14,23,-14,21,-14,18,-14,16,-13,13,-13,10,-13,7,-13,3,-12,0,-3,-1,0,0,0,0,0,0,0,0,0,0,0,0,0,0,0,0,0,0,5,-2,24,-5,25,-4,26,-3,27,-3,27,-4,26,-4,25,-4,23,-4,21,-4,18,-4,14,-3,11,-1,8,0,5,2,2,4,0,7,-2,9,-3,11,-4,12,-4,13,-5,14,-5,14,-6,14,-7,13,-9,12,-10,11]"
CSI_DATA,98512,d8:b1:90:db:e8:90,-50,11,1,6,0,0,1,0,0,0,1,-95,0,4,0,1495084610,0,100,0,128,1,"[100,-64,5,0,13,16,13,18,14,20,16,21,17,22,19,22,22,22,24,21,26,20,28,19,30,17,31,15,32,14,32,13,32,12,30,12,29,11,27,11,24,11,21,11,17,11,13,11,10,11,6,11,3,11,0,2,0,0,0,0,0,0,0,0,0,0,0,0,0,0,0,0,0,0,-4,-7,-14,-26,-14,-27,-14,-29,-14,-29,-14,-29,-14,-29,-14,-28,-14,-25,-13,-23,-11,-19,-9,-16,-6,-13,-3,-9,0,-6,3,-4,6,-2,9,-1,11,0,14,1,15,1,16,2,16,2,16,3,15,4,15,6,14,8]"
CSI_DATA,98513,d8:b1:90:db:e8:90,-51,11,1,6,0,0,1,0,0,0,1,-95,0,4,0,1495096065,0,100,0,128,1,"[100,-64,5,0,3,17,2,18,2,19,3,21,4,22,6,23,8,23,10,23,11,23,13,23,15,22,17,21,18,20,19,20,19,19,18,18,17,17,16,16,14,16,12,15,9,14,7,13,4,12,1,11,-3,10,-1,2,0,0,0,0,0,0,0,0,0,0,0,0,0,0,0,0,0,0,1,-6,6,-22,8,-23,9,-23,9,-24,9,-24,8,-24,7,-23,7,-22,6,-20,5,-17,5,-14,4,-11,4,-7,5,-4,5,-1,6,2,7,4,8,5,9,7,10,8,10,8,11,9,10,10,9,10,8,11,7,12]"
CSI_DATA,98514,d8:b1:90:db:e8:90,-51,11,1,6,0,0,1,0,0,0,1,-95,0,4,0,1495106533,0,100,0,128,1,"[100,-64,5,0,-7,19,-8,20,-9,22,-9,23,-9,25,-8,26,-7,28,-5,29,-3,30,-1,31,1,32,3,33,4,33,6,33,6,32,6,31,6,30,5,28,4,26,2,24,1,21,-1,17,-3,14,-5,11,-7,8,-2,1,0,0,0,0,0,0,0,0,0,0,0,0,0,0,0,0,0,0,3,-6,14,-24,15,-24,16,-25,17,-25,17,-25,16,-25,15,-24,14,-23,12,-21,11,-18,9,-15,7,-11,6,-7,5,-3,4,0,4,3,4,6,4,9,5,11,5,13,5,14,5,15,4,15,3,16,1,16,0,16]"
CSI_DATA,98515,d8:b1:90:db:e8:90,-51,11,1,6,0,0,1,0,0,0,1,-95,0,4,0,1495117143,0,100,0,128,1,"[100,-64,5,0,-15,-16,-15,-17,-16,-18,-17,-19,-19,-20,-20,-19,-23,-18,-25,-18,-27,-16,-29,-15,-30,-13,-32,-11,-32,-9,-33,-7,-33,-7,-32,-6,-30,-6,-28,-6,-26,-6,-23,-7,-20,-8,-17,-9,-14,-9,-10,-10,-7,-11,-2,-3,0,0,0,0,0,0,0,0,0,0,0,0,0,0,0,0,0,0,1,6,4,27,3,28,3,29,3,29,3,29,3,29,3,28,3,26,3,24,3,20,1,17,0,13,-2,9,-4,6,-6,3,-8,1,-11,0,-13,-1,-14,-3,-16,-4,-17,-4,-17,-5,-17,-5,-17,-6,-16,-8,-15,-9]"
CSI_DATA,98516,d8:b1:90:db:e8:90,-51,11,1,6,0,0,1,0,0,0,1,-95,0,4,0,1495127481,0,100,0,128,1,"[100,-64,5,0,-16,-13,-16,-14,-17,-15,-18,-16,-19,-17,-21,-16,-23,-15,-24,-14,-26,-13,-28,-12,-30,-10,-31,-9,-32,-7,-32,-6,-32,-5,-31,-5,-30,-5,-29,-5,-26,-5,-23,-5,-20,-6,-17,-7,-14,-8,-10,-9,-7,-9,-2,-3,0,0,0,0,0,0,0,0,0,0,0,0,0,0,0,0,0,0,3,5,12,23,11,24,11,25,11,26,11,26,11,26,11,24,11,22,10,20,8,17,7,14,5,11,2,9,-1,6,-4,4,-7,2,-9,1,-12,0,-14,-1,-15,-2,-16,-2,-17,-3,-17,-3,-16,-4,-16,-5,-16,-7]"
CSI_DATA,98517,d8:b1:90:db:e8:90,-51,11,1,6,0,0,1,0,0,0,1,-95,0,4,0,1495141826,0,100,0,128,1,"[100,-64,5,0,-13,17,-15,17,-16,18,-16,19,-16,21,-15,22,-14,24,-13,26,-11,28,-10,30,-8,31,-6,33,-4,33,-2,34,-1,33,-1,33,-1,32,-1,30,-2,27,-3,24,-4,22,-5,18,-7,15,-9,11,-10,8,-3,1,0,0,0,0,0,0,0,0,0,0,0,0,0,0,0,0,0,0,6,-3,26,-10,27,-10,29,-9,29,-9,29,-9,28,-9,27,-9,25,-9,23,-8,20,-7,17,-5,13,-3,11,-1,8,2,5,4,3,7,1,9,0,11,-1,13,-1,15,-2,16,-2,16,-3,17,-5,17,-6,17,-7,16]"
CSI_DATA,98518,d8:b1:90:db:e8:90,-51,11,1,6,0,0,1,0,0,0,1,-95,0,4,0,1495167212,0,100,0,128,1,"[100,-64,5,0,-22,3,-23,2,-23,2,-24,3,-26,4,-26,5,-27,7,-28,9,-28,11,-28,14,-29,16,-29,19,-28,21,-28,22,-27,23,-26,23,-26,23,-25,22,-23,20,-22,18,-20,15,-19,11,-17,7,-15,3,-14,0,-4,-1,0,0,0,0,0,0,0,0,0,0,0,0,0,0,0,0,0,0,6,3,24,14,25,16,25,17,26,18,26,18,26,17,25,16,23,14,21,13,18,12,15,10,11,9,7,7,3,7,-1,7,-5,7,-8,7,-11,8,-12,9,-14,9,-15,10,-16,10,-17,10,-17,9,-18,8,-18,7]"
CSI_DATA,98519,d8:b1:90:db:e8:90,-51,11,1,6,0,0,1,0,0,0,1,-95,0,4,0,1495180036,0,100,0,128,1,"[100,-64,5,0,-11,-18,-11,-19,-11,-20,-12,-21,-14,-22,-15,-22,-17,-22,-19,-21,-21,-21,-23,-20,-26,-19,-28,-18,-29,-17,-30,-16,-31,-16,-31,-15,-30,-15,-28,-14,-26,-13,-23,-13,-20,-13,-16,-13,-12,-13,-8,-12,-5,-12,-1,-3,0,0,0,0,0,0,0,0,0,0,0,0,0,0,0,0,0,0,0,6,0,27,-1,28,-2,29,-2,30,-2,30,-2,29,-2,28,-1,27,-1,24,-1,21,-2,17,-2,13,-3,9,-4,6,-6,3,-8,0,-9,-3,-11,-5,-12,-6,-14,-7,-14,-8,-15,-9,-14,-10,-14,-11,-13,-12,-13,-14]"
CSI_DATA,98520,d8:b1:90:db:e8:90,-51,11,1,6,0,0,1,0,0,0,1,-95,0,4,0,1495195162,0,100,0,128,1,"[100,-64,5,0,-14,-16,-15,-17,-15,-17,-16,-18,-18,-18,-19,-18,-21,-17,-23,-17,-25,-15,-27,-14,-29,-12,-31,-11,-33,-10,-34,-9,-34,-8,-34,-7,-33,-6,-31,-6,-29,-6,-27,-7,-24,-7,-20,-8,-16,-9,-12,-10,-9,-11,-2,-3,0,0,0,0,0,0,0,0,0,0,0,0,0,0,0,0,0,0,-1,7,-4,28,-5,29,-6,30,-6,30,-6,30,-5,30,-5,29,-4,27,-3,24,-4,21,-4,17,-4,14,-5,10,-6,6,-8,3,-9,0,-11,-2,-12,-4,-14,-6,-15,-7,-16,-7,-17,-8,-17,-9,-17,-9,-16,-10,-16,-11]"
CSI_DATA,98521,d8:b1:90:db:e8:90,-51,11,1,6,0,0,1,0,0,0,1,-95,0,4,0,1495207321,0,100,0,128,1,"[100,-64,5,0,4,19,3,19,3,20,4,21,4,22,6,22,7,23,9,23,11,23,13,23,15,24,17,25,18,25,19,25,20,25,20,25,20,24,19,23,18,22,16,20,13,18,10,16,7,14,4,12,1,10,0,2,0,0,0,0,0,0,0,0,0,0,0,0,0,0,0,0,0,0,0,-7,2,-26,3,-27,4,-27,4,-28,4,-28,4,-27,4,-26,3,-25,3,-23,2,-20,2,-17,2,-13,2,-9,2,-6,3,-3,3,0,4,3,5,5,6,7,6,9,7,10,7,12,7,12,7,13,7,14,6,15]"
CSI_DATA,98522,d8:b1:90:db:e8:90,-51,11,1,6,0,0,1,0,0,0,1,-95,0,4,0,1495219900,0,100,0,128,1,"[100,-64,5,0,-16,-14,-16,-15,-16,-15,-17,-15,-19,-15,-20,-15,-22,-14,-23,-14,-25,-13,-27,-11,-29,-10,-31,-9,-32,-8,-33,-7,-33,-7,-33,-6,-32,-6,-31,-6,-29,-6,-26,-6,-23,-6,-19,-7,-16,-7,-12,-8,-8,-8,-2,-2,0,0,0,0,0,0,0,0,0,0,0,0,0,0,0,0,0,0,2,5,10,24,9,25,9,26,9,27,9,27,9,26,9,25,8,23,8,21,7,18,5,15,4,12,2,9,0,6,-3,4,-5,1,-7,0,-9,-2,-11,-3,-13,-4,-14,-4,-14,-5,-15,-6,-15,-7,-15,-8,-15,-9]"
CSI_DATA,98523,d8:b1:90:db:e8:90,-53,11,1,6,0,0,1,0,0,0,1,-95,0,4,0,1495230286,0,100,0,128,1,"[100,-64,5,0,-18,-12,-18,-12,-18,-11,-18,-10,-18,-9,-18,-8,-19,-8,-19,-7,-19,-6,-19,-6,-20,-5,-21,-5,-21,-5,-21,-5,-22,-5,-22,-5,-22,-6,-22,-6,-22,-7,-22,-7,-22,-8,-22,-8,-22,-9,-21,-10,-20,-12,-5,-3,0,0,0,0,0,0,0,0,0,0,0,0,0,0,0,0,0,0,-4,-3,-15,-10,-15,-11,-15,-13,-15,-14,-15,-14,-15,-15,-15,-15,-15,-16,-15,-16,-15,-17,-15,-18,-15,-18,-15,-18,-15,-18,-15,-18,-15,-18,-15,-17,-16,-17,-16,-17,-16,-16,-17,-16,-17,-15,-16,-14,-17,-14,-17,-14,-17,-14]"
CSI_DATA,98524,d8:b1:90:db:e8:90,-53,11,1,6,0,0,1,0,0,0,1,-95,0,4,0,1495243205,0,100,0,128,1,"[100,-64,5,0,23,-4,22,-5,22,-6,21,-6,21,-7,20,-8,20,-9,19,-10,19,-10,19,-11,19,-11,19,-12,20,-12,20,-12,21,-12,21,-12,22,-12,22,-12,22,-12,23,-11,23,-11,23,-10,23,-9,24,-7,24,-6,6,-2,0,0,0,0,0,0,0,0,0,0,0,0,0,0,0,0,0,0,4,-2,19,-4,20,-3,20,-2,21,-2,21,-1,22,0,23,0,24,0,24,1,24,1,25,2,25,3,24,3,25,3,25,2,24,2,25,2,25,1,24,1,24,0,24,0,24,-1,24,-2,23,-2,24,-3,24,-3]"
CSI_DATA,98525,d8:b1:90:db:e8:90,-53,11,1,6,0,0,1,0,0,0,1,-95,0,4,0,1495266964,0,100,0,128,1,"[100,-64,5,0,16,12,16,11,16,10,17,10,17,9,17,8,17,8,17,7,18,7,18,6,19,6,19,6,20,6,21,6,21,6,21,7,21,7,21,7,21,7,21,8,21,9,21,9,20,10,20,12,19,13,4,3,0,0,0,0,0,0,0,0,0,0,0,0,0,0,0,0,0,0,3,2,13,11,13,12,12,13,12,14,12,14,12,15,12,15,12,16,12,17,12,17,12,17,12,18,12,18,12,18,12,18,12,17,12,17,13,17,13,16,13,16,14,15,14,15,15,14,15,14,16,14,16,13]"
CSI_DATA,98526,d8:b1:90:db:e8:90,-52,11,1,6,0,0,1,0,0,0,1,-95,0,4,0,1495280292,0,100,0,128,1,"[100,-64,5,0,22,7,22,6,22,5,22,4,22,4,22,2,22,2,22,1,22,1,23,0,23,-1,24,-1,25,-1,25,-1,25,-1,26,-1,26,-1,26,0,26,1,26,1,26,2,26,3,26,4,26,6,26,8,6,2,0,0,0,0,0,0,0,0,0,0,0,0,0,0,0,0,0,0,4,1,19,6,19,7,19,8,19,9,19,10,20,11,20,11,21,12,21,13,21,13,21,14,21,14,21,14,21,15,21,14,21,14,21,13,21,13,21,12,21,11,21,11,22,10,22,10,23,9,23,9,23,8]"
CSI_DATA,98527,d8:b1:90:db:e8:90,-53,11,1,6,0,0,1,0,0,0,1,-95,0,4,0,1495294889,0,100,0,128,1,"[100,-64,5,0,-5,-24,-5,-23,-6,-22,-6,-21,-7,-21,-7,-21,-8,-20,-9,-21,-10,-21,-11,-21,-11,-21,-12,-22,-13,-22,-13,-22,-13,-22,-13,-23,-12,-24,-12,-24,-12,-24,-11,-25,-10,-25,-9,-26,-8,-26,-7,-27,-6,-28,-2,-7,0,0,0,0,0,0,0,0,0,0,0,0,0,0,0,0,0,0,-1,-6,-3,-21,-2,-21,-2,-22,-1,-23,-1,-23,0,-24,1,-24,2,-24,2,-25,3,-26,3,-26,3,-26,3,-26,3,-26,3,-25,2,-24,2,-24,1,-25,1,-25,0,-25,-1,-25,-1,-25,-2,-25,-2,-24,-3,-24,-3,-25]"
CSI_DATA,98528,d8:b1:90:db:e8:90,-52,11,1,6,0,0,1,0,0,0,1,-95,0,4,0,1495309906,0,100,0,128,1,"[100,-64,5,0,1,21,2,21,2,21,3,20,4,19,5,19,5,19,6,19,6,19,7,19,8,19,9,20,9,20,9,21,9,22,9,22,9,22,8,22,7,23,7,23,6,23,6,23,5,24,4,24,2,25,0,6,0,0,0,0,0,0,0,0,0,0,0,0,0,0,0,0,0,0,0,4,0,18,-1,18,-2,19,-2,19,-3,20,-3,20,-4,20,-5,21,-5,21,-6,22,-6,22,-6,22,-6,22,-6,22,-6,22,-6,22,-5,22,-4,21,-4,21,-3,21,-2,22,-2,22,-1,22,-1,22,0,21,0,22]"
CSI_DATA,98529,d8:b1:90:db:e8:90,-52,11,1,6,0,0,1,0,0,0,1,-95,0,4,0,1495322874,0,100,0,128,1,"[100,-64,5,0,3,-22,3,-22,2,-22,1,-21,0,-21,-1,-21,-2,-22,-2,-22,-3,-22,-4,-23,-4,-23,-5,-23,-5,-24,-5,-25,-5,-25,-5,-25,-5,-25,-4,-26,-4,-26,-4,-26,-3,-26,-2,-26,-1,-26,0,-27,2,-27,0,-7,0,0,0,0,0,0,0,0,0,0,0,0,0,0,0,0,0,0,1,-5,4,-20,5,-20,6,-20,7,-20,8,-20,8,-21,9,-21,9,-21,10,-21,11,-22,11,-22,12,-21,12,-21,12,-22,11,-22,11,-21,10,-22,10,-22,9,-22,8,-22,8,-22,7,-23,6,-22,6,-22,5,-23,5,-23]"
CSI_DATA,98530,d8:b1:90:db:e8:90,-52,11,1,6,0,0,1,0,0,0,1,-95,0,4,0,1495335707,0,100,0,128,1,"[100,-64,5,0,13,16,13,16,14,15,14,14,15,13,16,13,16,12,17,12,17,12,18,11,19,11,19,11,20,11,20,11,21,12,21,12,21,12,21,12,21,13,21,13,20,14,20,14,19,15,18,16,17,18,4,4,0,0,0,0,0,0,0,0,0,0,0,0,0,0,0,0,0,0,2,3,11,15,10,16,10,17,9,18,9,18,9,19,9,19,9,20,9,21,8,21,8,21,8,22,8,22,8,22,8,21,8,21,9,21,9,21,10,20,10,20,11,20,11,19,12,19,12,18,13,18,13,18]"
CSI_DATA,98531,d8:b1:90:db:e8:90,-52,11,1,6,0,0,1,0,0,0,1,-95,0,4,0,1495348492,0,100,0,128,1,"[100,-64,5,0,-16,17,-16,17,-15,17,-14,18,-14,18,-13,19,-12,19,-11,19,-10,20,-10,21,-10,21,-10,23,-9,24,-9,24,-10,25,-10,25,-10,25,-11,25,-12,25,-12,25,-13,25,-14,25,-14,24,-15,24,-17,23,-5,5,0,0,0,0,0,0,0,0,0,0,0,0,0,0,0,0,0,0,-4,3,-15,15,-15,14,-16,14,-17,13,-18,13,-19,13,-20,13,-20,13,-20,13,-21,13,-22,13,-22,12,-22,12,-22,12,-22,12,-22,12,-21,12,-21,13,-20,13,-20,13,-19,14,-19,14,-19,15,-18,15,-18,16,-18,16]"
CSI_DATA,98532,d8:b1:90:db:e8:90,-52,11,1,6,0,0,1,0,0,0,1,-95,0,4,0,1495367992,0,100,0,128,1,"[100,-64,5,0,-3,-23,-3,-23,-4,-22,-5,-22,-5,-21,-6,-21,-7,-21,-8,-21,-9,-21,-10,-21,-11,-21,-12,-22,-12,-22,-12,-23,-12,-23,-13,-24,-12,-24,-12,-24,-11,-24,-11,-25,-11,-26,-10,-26,-9,-26,-8,-27,-7,-27,-2,-7,0,0,0,0,0,0,0,0,0,0,0,0,0,0,0,0,0,0,-1,-5,-2,-20,-1,-20,0,-21,1,-21,1,-22,2,-22,2,-22,3,-23,3,-23,3,-24,4,-24,4,-24,4,-24,4,-24,4,-23,4,-23,4,-23,3,-23,3,-23,2,-23,2,-23,1,-23,0,-23,-1,-23,-1,-23,-1,-23]"
CSI_DATA,98533,d8:b1:90:db:e8:90,-52,11,1,6,0,0,1,0,0,0,1,-95,0,4,0,1495379390,0,100,0,128,1,"[100,-64,5,0,-25,4,-25,5,-25,5,-24,6,-23,7,-23,8,-23,8,-22,9,-22,10,-22,11,-23,12,-24,12,-24,12,-25,12,-25,13,-25,13,-25,13,-25,12,-26,12,-26,11,-27,11,-27,10,-27,9,-28,7,-29,6,-8,1,0,0,0,0,0,0,0,0,0,0,0,0,0,0,0,0,0,0,-6,1,-22,3,-22,2,-22,1,-22,0,-23,-1,-24,-1,-25,-1,-26,-1,-26,-2,-27,-2,-26,-2,-26,-2,-26,-3,-26,-3,-26,-3,-26,-3,-25,-2,-25,-2,-25,-1,-25,-1,-26,0,-26,0,-26,1,-26,2,-26,3,-26,3]"
CSI_DATA,98534,d8:b1:90:db:e8:90,-52,11,1,6,0,0,1,0,0,0,1,-95,0,4,0,1495390732,0,100,0,128,1,"[100,-64,5,0,17,-14,16,-15,16,-15,15,-15,15,-16,14,-16,14,-17,13,-18,13,-19,13,-19,13,-19,13,-20,13,-21,14,-21,14,-21,14,-21,15,-21,15,-21,15,-21,16,-21,17,-21,17,-20,18,-19,19,-18,20,-17,5,-4,0,0,0,0,0,0,0,0,0,0,0,0,0,0,0,0,0,0,3,-3,15,-11,16,-11,16,-10,16,-10,17,-9,18,-9,19,-10,20,-10,20,-10,21,-9,21,-9,21,-8,21,-8,21,-8,21,-8,20,-8,20,-9,20,-10,20,-10,20,-11,20,-11,20,-12,19,-12,19,-12,19,-13,19,-14]"
CSI_DATA,98535,d8:b1:90:db:e8:90,-52,11,1,6,0,0,1,0,0,0,1,-95,0,4,0,1495404081,0,100,0,128,1,"[100,-64,5,0,0,21,1,21,1,21,2,20,2,20,3,19,4,19,4,20,5,20,6,20,6,20,7,21,8,22,8,22,8,23,8,23,8,23,7,23,7,23,6,24,6,24,5,24,4,25,3,25,1,25,0,6,0,0,0,0,0,0,0,0,0,0,0,0,0,0,0,0,0,0,-1,4,-2,18,-3,18,-4,18,-5,18,-5,19,-6,19,-6,20,-6,20,-7,20,-8,21,-8,21,-8,21,-8,21,-8,21,-8,20,-7,20,-7,20,-6,20,-6,21,-5,21,-4,21,-4,21,-3,21,-3,21,-3,21,-2,21]"
CSI_DATA,98536,d8:b1:90:db:e8:90,-52,11,1,6,0,0,1,0,0,0,1,-95,0,4,0,1495419766,0,100,0,128,1,"[100,-64,5,0,-11,18,-10,19,-9,19,-9,19,-8,19,-7,19,-6,20,-6,20,-6,21,-5,21,-5,21,-5,22,-4,22,-4,23,-4,24,-5,25,-5,25,-5,25,-6,25,-7,25,-7,25,-8,25,-9,25,-10,25,-12,24,-3,6,0,0,0,0,0,0,0,0,0,0,0,0,0,0,0,0,0,0,-3,4,-11,17,-12,17,-12,17,-13,16,-14,16,-14,16,-15,16,-15,16,-16,17,-17,17,-18,16,-18,16,-18,16,-18,16,-18,15,-17,15,-17,15,-16,16,-16,16,-15,16,-15,17,-14,17,-14,18,-13,18,-13,18,-12,18]"
CSI_DATA,98537,d8:b1:90:db:e8:90,-52,11,1,6,0,0,1,0,0,0,1,-95,0,4,0,1495429925,0,100,0,128,1,"[100,-64,5,0,17,15,17,14,17,13,18,13,18,12,19,11,20,11,20,11,21,10,22,10,22,9,23,9,23,9,23,9,23,10,24,10,24,11,24,11,24,12,24,13,24,13,23,14,23,15,22,16,21,18,5,4,0,0,0,0,0,0,0,0,0,0,0,0,0,0,0,0,0,0,3,3,14,13,13,14,13,15,12,16,12,17,12,18,12,18,12,18,12,19,12,19,11,20,11,21,11,21,11,21,11,20,11,20,12,20,12,19,13,19,14,18,15,18,15,17,16,17,16,17,16,16,16,16]"
CSI_DATA,98538,d8:b1:90:db:e8:90,-52,11,1,6,0,0,1,0,0,0,1,-95,0,4,0,1495439991,0,100,0,128,1,"[100,-64,5,0,-9,-21,-10,-21,-10,-20,-11,-20,-11,-20,-12,-19,-13,-19,-14,-19,-14,-19,-15,-19,-16,-19,-17,-18,-17,-19,-17,-19,-17,-20,-17,-21,-17,-21,-17,-21,-16,-22,-16,-22,-16,-23,-15,-23,-14,-24,-13,-25,-12,-26,-3,-7,0,0,0,0,0,0,0,0,0,0,0,0,0,0,0,0,0,0,-2,-5,-7,-19,-6,-20,-5,-21,-4,-22,-4,-22,-3,-22,-3,-22,-3,-22,-3,-23,-2,-23,-1,-24,-1,-24,-1,-24,-1,-24,-1,-24,-2,-24,-3,-23,-3,-23,-4,-23,-5,-23,-6,-23,-6,-23,-7,-23,-7,-22,-8,-22,-8,-22]"
CSI_DATA,98539,d8:b1:90:db:e8:90,-52,11,1,6,0,0,1,0,0,0,1,-95,0,4,0,1495469341,0,100,0,128,1,"[100,-64,5,0,-15,-18,-15,-18,-15,-17,-16,-16,-16,-16,-17,-15,-18,-15,-18,-15,-18,-14,-19,-14,-20,-14,-21,-14,-22,-14,-22,-14,-22,-14,-23,-15,-23,-15,-22,-15,-22,-15,-22,-16,-22,-16,-21,-16,-20,-18,-20,-20,-19,-21,-5,-6,0,0,0,0,0,0,0,0,0,0,0,0,0,0,0,0,0,0,-3,-5,-10,-17,-9,-18,-9,-19,-9,-20,-8,-20,-8,-21,-7,-21,-7,-21,-7,-22,-6,-22,-6,-23,-6,-23,-6,-23,-6,-23,-6,-23,-6,-23,-7,-23,-8,-22,-9,-22,-9,-21,-10,-21,-11,-21,-11,-20,-12,-20,-12,-20,-13,-20]"
CSI_DATA,98540,d8:b1:90:db:e8:90,-52,11,1,6,0,0,1,0,0,0,1,-95,0,4,0,1495482425,0,100,0,128,1,"[100,-64,5,0,17,-14,16,-15,15,-15,14,-15,14,-16,13,-17,12,-17,12,-18,12,-19,12,-20,11,-20,12,-21,12,-22,12,-22,12,-22,13,-22,13,-22,14,-22,14,-22,15,-22,16,-21,16,-21,17,-20,18,-19,19,-19,4,-5,0,0,0,0,0,0,0,0,0,0,0,0,0,0,0,0,0,0,3,-3,15,-12,16,-11,17,-10,18,-10,18,-9,19,-9,19,-9,20,-8,20,-8,21,-8,22,-8,22,-8,22,-8,21,-8,21,-8,21,-9,20,-9,20,-9,20,-10,19,-10,19,-11,19,-11,18,-12,18,-12,18,-13,18,-13]"
CSI_DATA,98541,d8:b1:90:db:e8:90,-60,11,1,6,0,0,1,0,0,0,1,-95,0,4,0,1495497169,0,100,0,128,1,"[100,-64,5,0,23,4,22,4,22,3,22,2,21,2,21,1,20,0,20,-1,19,-1,18,-2,18,-2,18,-3,17,-4,17,-4,17,-5,17,-5,17,-5,17,-6,17,-6,17,-7,17,-7,18,-6,19,-5,19,-5,20,-3,5,-1,0,0,0,0,0,0,0,0,0,0,0,0,0,0,0,0,0,0,4,-1,17,-2,18,-1,18,0,18,1,19,1,20,2,20,2,21,3,22,4,22,5,22,5,22,6,22,6,22,6,22,6,22,6,22,6,23,6,23,5,23,5,23,4,24,4,24,4,24,4,24,4,24,4]"
CSI_DATA,98542,d8:b1:90:db:e8:90,-60,11,1,6,0,0,1,0,0,0,1,-95,0,4,0,1495510522,0,100,0,128,1,"[100,-64,5,0,-23,-8,-23,-8,-22,-8,-21,-7,-21,-7,-21,-6,-20,-5,-20,-5,-19,-4,-19,-3,-19,-2,-19,-2,-19,-1,-19,-1,-18,-1,-18,0,-18,0,-19,0,-19,0,-19,1,-20,1,-20,0,-20,0,-20,-1,-20,-2,-5,-1,0,0,0,0,0,0,0,0,0,0,0,0,0,0,0,0,0,0,-5,0,-18,0,-18,-1,-18,-3,-19,-4,-19,-5,-20,-5,-20,-6,-21,-7,-21,-7,-21,-8,-21,-9,-22,-9,-21,-10,-21,-10,-21,-10,-22,-10,-22,-10,-22,-9,-22,-9,-22,-9,-23,-9,-23,-9,-23,-8,-23,-8,-23,-8,-24,-8]"
CSI_DATA,98543,d8:b1:90:db:e8:90,-52,11,1,6,0,0,1,0,0,0,1,-95,0,4,0,1495528093,0,100,0,128,1,"[100,-64,5,0,0,-23,-1,-23,-1,-23,-2,-22,-3,-22,-4,-22,-5,-22,-5,-22,-6,-22,-7,-22,-8,-23,-9,-23,-9,-23,-9,-24,-9,-24,-9,-25,-9,-25,-8,-26,-8,-26,-7,-26,-7,-26,-6,-26,-5,-27,-4,-27,-3,-27,-1,-7,0,0,0,0,0,0,0,0,0,0,0,0,0,0,0,0,0,0,0,-5,0,-19,1,-20,2,-20,3,-21,3,-21,4,-21,6,-22,7,-22,7,-22,7,-23,8,-23,8,-22,8,-22,8,-22,7,-22,7,-22,6,-23,6,-23,6,-22,5,-22,5,-22,4,-22,3,-23,3,-23,2,-23,2,-24]"
CSI_DATA,98544,d8:b1:90:db:e8:90,-52,11,1,6,0,0,1,0,0,0,1,-95,0,4,0,1495540356,0,100,0,128,1,"[100,-64,5,0,5,-21,5,-21,4,-21,3,-21,2,-21,1,-21,0,-21,0,-22,-1,-23,-2,-23,-2,-23,-2,-24,-2,-24,-2,-25,-2,-26,-2,-26,-2,-26,-2,-26,-1,-26,-1,-27,0,-27,1,-26,2,-26,4,-26,6,-26,1,-7,0,0,0,0,0,0,0,0,0,0,0,0,0,0,0,0,0,0,1,-5,7,-19,8,-18,9,-18,10,-18,11,-19,12,-19,12,-19,13,-19,14,-20,14,-19,14,-19,14,-19,14,-19,14,-19,14,-19,13,-20,13,-20,13,-20,12,-20,11,-20,10,-20,10,-21,9,-21,9,-21,8,-21,8,-21]"
CSI_DATA,98545,d8:b1:90:db:e8:90,-52,11,1,6,0,0,1,0,0,0,1,-95,0,4,0,1495552993,0,100,0,128,1,"[100,-64,5,0,-20,-11,-20,-11,-20,-10,-20,-9,-20,-8,-20,-7,-21,-6,-21,-6,-21,-5,-22,-5,-23,-5,-24,-5,-24,-4,-25,-4,-25,-4,-25,-5,-25,-5,-25,-6,-25,-6,-25,-7,-25,-8,-25,-9,-24,-10,-24,-11,-24,-13,-6,-4,0,0,0,0,0,0,0,0,0,0,0,0,0,0,0,0,0,0,-5,-3,-17,-12,-16,-13,-16,-14,-15,-15,-15,-16,-15,-16,-16,-17,-16,-18,-16,-18,-16,-19,-15,-19,-15,-19,-15,-19,-15,-19,-16,-19,-16,-18,-16,-18,-16,-18,-17,-17,-17,-17,-17,-16,-18,-15,-18,-15,-18,-14,-19,-14,-19,-14]"
CSI_DATA,98546,d8:b1:90:db:e8:90,-52,11,1,6,0,0,1,0,0,0,1,-95,0,4,0,1495574149,0,100,0,128,1,"[100,-64,5,0,4,-20,3,-20,2,-20,2,-19,1,-19,0,-19,-1,-19,-2,-20,-2,-20,-3,-21,-3,-21,-4,-21,-4,-21,-4,-22,-4,-23,-4,-23,-4,-23,-4,-23,-4,-24,-3,-24,-3,-24,-2,-24,-1,-24,0,-24,2,-24,0,-6,0,0,0,0,0,0,0,0,0,0,0,0,0,0,0,0,0,0,0,-5,4,-18,5,-18,6,-18,7,-18,8,-18,9,-18,9,-18,9,-19,10,-19,10,-19,11,-19,11,-19,11,-19,10,-19,10,-19,10,-19,10,-19,9,-19,9,-19,8,-19,7,-19,7,-20,7,-20,6,-20,6,-20,5,-20]"
CSI_DATA,98547,d8:b1:90:db:e8:90,-52,11,1,6,0,0,1,0,0,0,1,-95,0,4,0,1495585249,0,100,0,128,1,"[100,-64,5,0,-21,-9,-21,-8,-21,-7,-21,-6,-20,-6,-20,-5,-21,-4,-21,-3,-21,-2,-22,-1,-23,-1,-24,-1,-25,-1,-25,-1,-25,-1,-25,-1,-25,-1,-26,-2,-26,-2,-26,-3,-26,-4,-26,-5,-25,-5,-25,-7,-25,-9,-7,-3,0,0,0,0,0,0,0,0,0,0,0,0,0,0,0,0,0,0,-5,-2,-19,-8,-19,-9,-18,-10,-18,-11,-19,-12,-19,-13,-19,-13,-19,-14,-19,-15,-20,-15,-20,-16,-20,-16,-20,-16,-19,-16,-19,-16,-19,-15,-19,-15,-19,-14,-19,-14,-20,-13,-20,-13,-20,-13,-20,-12,-21,-11,-21,-11,-21,-10]"
CSI_DATA,98548,d8:b1:90:db:e8:90,-52,11,1,6,0,0,1,0,0,0,1,-95,0,4,0,1495597930,0,100,0,128,1,"[100,-64,5,0,-14,17,-13,17,-12,17,-12,17,-11,18,-10,18,-9,18,-8,19,-8,20,-7,20,-7,20,-7,21,-7,22,-7,23,-7,24,-7,24,-8,24,-8,24,-9,24,-9,24,-10,23,-11,23,-12,23,-13,22,-14,22,-4,5,0,0,0,0,0,0,0,0,0,0,0,0,0,0,0,0,0,0,-4,4,-13,15,-14,15,-15,14,-16,14,-17,14,-18,14,-19,14,-19,14,-20,14,-20,14,-21,14,-21,14,-21,14,-21,14,-21,14,-20,14,-20,14,-20,14,-19,15,-18,15,-18,16,-18,16,-18,16,-17,17,-16,17,-16,17]"
CSI_DATA,98549,d8:b1:90:db:e8:90,-51,11,1,6,0,0,1,0,0,0,1,-95,0,4,0,1495612013,0,100,0,128,1,"[100,-64,5,0,19,8,16,6,13,3,11,0,9,-3,7,-7,6,-11,6,-15,6,-19,7,-23,9,-26,11,-27,13,-28,14,-28,16,-28,17,-27,18,-26,19,-23,19,-20,18,-18,16,-15,12,-13,8,-12,5,-13,3,-13,0,-4,0,0,0,0,0,0,0,0,0,0,0,0,0,0,0,0,0,0,2,3,9,16,9,17,9,19,8,20,8,22,8,23,7,23,6,22,5,22,5,20,6,17,7,15,8,14,10,13,11,12,13,11,15,9,18,8,20,7,22,6,24,6,26,7,27,8,27,9,27,10,26,10]"
CSI_DATA,98550,d8:b1:90:db:e8:90,-52,11,1,6,0,0,1,0,0,0,1,-95,0,4,0,1495624733,0,100,0,128,1,"[100,-64,5,0,-8,-22,-9,-22,-9,-21,-10,-20,-10,-20,-11,-19,-12,-19,-13,-18,-13,-18,-14,-18,-15,-18,-15,-18,-16,-18,-16,-19,-16,-19,-16,-20,-16,-21,-16,-21,-15,-21,-15,-22,-15,-22,-14,-22,-14,-23,-12,-23,-11,-24,-3,-6,0,0,0,0,0,0,0,0,0,0,0,0,0,0,0,0,0,0,-2,-5,-6,-20,-5,-21,-4,-22,-3,-22,-2,-23,-2,-23,-1,-24,-1,-24,0,-25,0,-25,0,-25,0,-25,0,-25,0,-25,0,-26,0,-25,-1,-25,-2,-25,-3,-25,-3,-24,-4,-24,-5,-24,-5,-24,-5,-24,-6,-24,-6,-23]"
CSI_DATA,98551,d8:b1:90:db:e8:90,-51,11,1,6,0,0,1,0,0,0,1,-95,0,4,0,1495637409,0,100,0,128,1,"[100,-64,5,0,-17,17,-16,18,-15,18,-14,18,-13,18,-12,19,-11,19,-11,19,-11,19,-10,20,-10,20,-11,21,-11,22,-11,23,-11,23,-11,23,-11,23,-12,23,-12,23,-12,22,-13,22,-14,22,-14,21,-16,21,-17,20,-5,4,0,0,0,0,0,0,0,0,0,0,0,0,0,0,0,0,0,0,-4,4,-16,16,-17,15,-18,14,-19,14,-19,14,-20,14,-21,14,-22,14,-22,14,-23,13,-24,13,-24,13,-24,13,-24,13,-24,13,-24,13,-23,14,-23,14,-22,14,-21,15,-20,16,-20,16,-20,16,-20,16,-19,16,-19,17]"
CSI_DATA,98552,d8:b1:90:db:e8:90,-51,11,1,6,0,0,1,0,0,0,1,-95,0,4,0,1495648595,0,100,0,128,1,"[100,-64,5,0,7,22,8,21,8,21,9,20,10,19,11,19,12,18,12,18,12,18,13,17,13,17,14,18,14,19,15,19,15,19,15,20,15,20,15,20,14,20,13,21,13,21,12,21,11,22,10,23,8,23,2,5,0,0,0,0,0,0,0,0,0,0,0,0,0,0,0,0,0,0,1,4,7,19,6,20,5,20,4,21,3,22,3,22,3,23,2,24,2,24,1,25,1,25,1,25,1,26,1,25,1,25,1,25,2,25,2,25,3,24,4,24,5,24,5,23,5,23,5,23,5,23,6,23]"
CSI_DATA,98553,d8:b1:90:db:e8:90,-52,11,1,6,0,0,1,0,0,0,1,-95,0,4,0,1495673808,0,100,0,128,1,"[100,-64,5,0,-6,20,-5,20,-4,20,-3,20,-2,19,-1,19,-1,19,0,19,1,18,1,19,2,19,2,20,3,20,3,21,3,21,3,21,3,21,2,21,2,21,1,21,1,21,0,21,-1,21,-2,22,-4,22,-1,5,0,0,0,0,0,0,0,0,0,0,0,0,0,0,0,0,0,0,-2,4,-6,19,-7,18,-8,18,-9,18,-10,18,-11,19,-12,19,-13,19,-13,19,-14,19,-14,19,-14,19,-14,19,-14,19,-13,19,-13,19,-13,19,-12,19,-12,19,-11,20,-10,20,-10,20,-9,20,-9,20,-8,21,-8,21]"
CSI_DATA,98554,d8:b1:90:db:e8:90,-52,11,1,6,0,0,1,0,0,0,1,-95,0,4,0,1495685013,0,100,0,128,1,"[100,-64,5,0,-23,-5,-23,-4,-22,-3,-22,-3,-21,-2,-21,-1,-21,0,-21,1,-21,2,-21,2,-21,3,-22,4,-23,4,-23,4,-23,5,-23,4,-23,4,-23,3,-23,2,-23,2,-23,2,-23,1,-24,1,-24,-1,-24,-2,-6,-1,0,0,0,0,0,0,0,0,0,0,0,0,0,0,0,0,0,0,-6,-1,-22,-4,-22,-5,-21,-6,-21,-7,-22,-8,-22,-9,-23,-9,-23,-10,-23,-10,-23,-11,-23,-11,-23,-11,-23,-11,-23,-11,-23,-12,-23,-11,-23,-11,-23,-11,-23,-11,-22,-10,-23,-10,-23,-9,-23,-8,-23,-7,-23,-7,-23,-7]"
CSI_DATA,98555,d8:b1:90:db:e8:90,-52,11,1,6,0,0,1,0,0,0,1,-95,0,4,0,1495704062,0,100,0,128,1,"[100,-64,5,0,-14,19,-13,19,-12,19,-11,19,-10,19,-9,19,-9,20,-8,20,-7,20,-7,20,-6,20,-6,21,-6,22,-6,22,-6,22,-6,22,-6,21,-7,21,-7,21,-7,21,-7,20,-8,20,-8,20,-10,20,-12,20,-3,5,0,0,0,0,0,0,0,0,0,0,0,0,0,0,0,0,0,0,-3,4,-12,18,-13,18,-15,17,-15,17,-16,17,-17,17,-18,18,-19,18,-20,18,-20,18,-21,18,-21,18,-21,17,-20,17,-20,17,-20,17,-19,17,-19,17,-19,18,-18,18,-18,19,-17,19,-17,19,-17,19,-16,19,-16,19]"
CSI_DATA,98556,d8:b1:90:db:e8:90,-52,11,1,6,0,0,1,0,0,0,1,-95,0,4,0,1495716413,0,100,0,128,1,"[100,-64,5,0,-16,18,-15,18,-15,18,-14,18,-13,18,-12,18,-11,19,-11,19,-10,19,-10,20,-9,20,-9,20,-9,21,-9,21,-9,21,-10,21,-10,20,-11,20,-11,20,-11,20,-11,19,-11,19,-12,18,-13,18,-15,19,-4,4,0,0,0,0,0,0,0,0,0,0,0,0,0,0,0,0,0,0,-3,4,-12,18,-14,18,-15,17,-16,17,-17,17,-18,17,-19,17,-20,17,-21,17,-21,17,-21,17,-22,17,-22,17,-22,17,-21,16,-21,16,-21,16,-21,16,-20,16,-20,17,-20,17,-20,17,-19,18,-19,18,-18,18,-17,18]"
CSI_DATA,98557,d8:b1:90:db:e8:90,-52,11,1,6,0,0,1,0,0,0,1,-95,0,4,0,1495731931,0,100,0,128,1,"[100,-64,5,0,-21,2,-21,2,-20,3,-20,3,-19,4,-19,4,-18,5,-18,6,-18,6,-18,7,-18,8,-18,8,-18,8,-18,8,-19,8,-19,8,-19,8,-19,8,-19,7,-19,7,-19,6,-19,6,-20,5,-20,4,-20,2,-5,0,0,0,0,0,0,0,0,0,0,0,0,0,0,0,0,0,0,0,-5,0,-19,2,-20,1,-20,0,-21,-1,-21,-2,-22,-2,-23,-2,-23,-3,-23,-3,-24,-4,-24,-4,-24,-4,-24,-5,-24,-5,-24,-4,-24,-4,-24,-4,-23,-3,-23,-2,-23,-2,-23,-1,-23,-1,-23,0,-23,0,-23,0,-22,1]"
CSI_DATA,98558,d8:b1:90:db:e8:90,-52,11,1,6,0,0,1,0,0,0,1,-95,0,4,0,1495744552,0,100,0,128,1,"[100,-64,5,0,16,-18,15,-18,14,-18,14,-18,13,-18,12,-19,11,-19,11,-20,10,-20,9,-20,9,-21,9,-21,9,-21,9,-21,10,-22,10,-22,10,-22,10,-21,11,-21,11,-20,12,-20,12,-19,13,-18,14,-18,15,-17,3,-5,0,0,0,0,0,0,0,0,0,0,0,0,0,0,0,0,0,0,3,-5,13,-17,15,-17,16,-17,17,-16,18,-16,19,-16,19,-16,20,-16,21,-15,21,-15,22,-15,22,-15,22,-15,22,-15,22,-15,22,-15,22,-16,21,-16,20,-16,19,-16,19,-17,19,-17,19,-18,19,-18,19,-18,18,-18]"
CSI_DATA,98559,d8:b1:90:db:e8:90,-51,11,1,6,0,0,1,0,0,0,1,-95,0,4,0,1495757452,0,100,0,128,1,"[100,-64,5,0,4,-25,4,-24,3,-24,2,-24,1,-24,0,-24,0,-23,-1,-24,-2,-24,-3,-23,-3,-23,-4,-23,-4,-24,-4,-24,-3,-24,-3,-25,-3,-25,-2,-25,-2,-25,-2,-25,-1,-25,-1,-25,0,-24,2,-25,3,-25,0,-7,0,0,0,0,0,0,0,0,0,0,0,0,0,0,0,0,0,0,0,-6,2,-24,4,-24,6,-24,7,-24,8,-24,8,-24,9,-25,10,-25,11,-26,12,-26,13,-25,14,-25,14,-25,13,-25,12,-25,12,-25,11,-25,11,-25,10,-25,9,-25,9,-26,8,-26,8,-26,7,-27,7,-26,6,-26]"
CSI_DATA,98560,d8:b1:90:db:e8:90,-52,11,1,6,0,0,1,0,0,0,1,-95,0,4,0,1495776406,0,100,0,128,1,"[100,-64,5,0,-2,21,-2,21,-2,21,-1,20,0,20,1,19,1,19,2,19,2,19,3,19,3,19,4,19,4,19,4,20,4,20,4,21,3,21,3,21,3,20,2,20,1,20,1,20,0,20,-1,20,-2,21,-1,5,0,0,0,0,0,0,0,0,0,0,0,0,0,0,0,0,0,0,-1,3,-3,13,-3,15,-4,18,-4,20,-5,20,-6,21,-7,21,-7,21,-8,22,-9,22,-9,22,-10,21,-10,22,-9,22,-9,21,-9,21,-9,21,-8,21,-8,21,-7,22,-7,22,-6,22,-5,22,-5,23,-4,23,-4,23]"
CSI_DATA,98561,d8:b1:90:db:e8:90,-52,11,1,6,0,0,1,0,0,0,1,-95,0,4,0,1495788643,0,100,0,128,1,"[100,-64,5,0,-11,-21,-11,-21,-12,-20,-12,-19,-12,-18,-13,-18,-13,-18,-14,-17,-14,-17,-15,-17,-16,-16,-16,-16,-16,-16,-16,-16,-16,-17,-16,-17,-16,-17,-16,-17,-15,-17,-15,-18,-14,-18,-14,-18,-13,-19,-12,-20,-11,-20,-3,-6,0,0,0,0,0,0,0,0,0,0,0,0,0,0,0,0,0,0,-3,-5,-9,-18,-8,-19,-8,-20,-7,-21,-7,-22,-6,-22,-7,-22,-6,-23,-6,-24,-6,-25,-6,-25,-5,-25,-5,-25,-5,-25,-5,-25,-6,-24,-6,-24,-7,-24,-7,-23,-8,-23,-8,-23,-9,-23,-9,-23,-10,-23,-10,-22,-10,-22]"
CSI_DATA,98562,d8:b1:90:db:e8:90,-52,11,1,6,0,0,1,0,0,0,1,-95,0,4,0,1495806339,0,100,0,128,1,"[100,-64,5,0,5,-24,5,-23,4,-23,4,-23,3,-23,2,-23,1,-23,1,-23,0,-23,0,-23,-1,-23,-1,-23,-1,-23,-1,-24,-1,-24,0,-24,0,-24,0,-24,1,-24,1,-24,2,-23,2,-23,3,-23,5,-23,6,-23,1,-6,0,0,0,0,0,0,0,0,0,0,0,0,0,0,0,0,0,0,1,-5,5,-20,6,-20,7,-20,8,-20,9,-20,10,-21,10,-21,11,-21,11,-22,12,-22,12,-22,12,-22,12,-22,12,-22,11,-22,11,-22,11,-23,11,-23,10,-22,10,-22,9,-23,8,-23,8,-24,8,-24,7,-24,7,-24]"
CSI_DATA,98563,d8:b1:90:db:e8:90,-52,11,1,6,0,0,1,0,0,0,1,-95,0,4,0,1495818338,0,100,0,128,1,"[100,-64,5,0,-25,-2,-25,-2,-24,-1,-24,0,-24,0,-23,1,-23,1,-24,2,-23,2,-23,3,-24,3,-24,3,-25,3,-25,3,-25,3,-25,3,-25,2,-24,2,-24,1,-25,0,-25,-1,-24,-1,-24,-2,-24,-3,-24,-4,-6,-1,0,0,0,0,0,0,0,0,0,0,0,0,0,0,0,0,0,0,-6,0,-21,-1,-21,-2,-21,-3,-22,-4,-22,-5,-23,-6,-24,-6,-24,-7,-24,-8,-24,-8,-24,-8,-24,-8,-25,-8,-25,-9,-25,-8,-25,-7,-25,-7,-25,-7,-25,-6,-25,-6,-25,-5,-26,-5,-26,-4,-26,-3,-26,-3,-26,-2]"
CSI_DATA,98564,d8:b1:90:db:e8:90,-52,11,1,6,0,0,1,0,0,0,1,-95,0,4,0,1495828380,0,100,0,128,1,"[100,-64,5,0,-24,6,-24,6,-23,6,-23,7,-22,8,-22,8,-21,9,-21,9,-21,10,-21,11,-21,11,-21,12,-21,12,-22,12,-22,12,-22,11,-22,11,-22,10,-22,10,-23,9,-23,9,-23,8,-23,7,-24,6,-24,5,-6,1,0,0,0,0,0,0,0,0,0,0,0,0,0,0,0,0,0,0,-5,0,-20,3,-20,2,-21,1,-21,0,-22,-1,-23,-1,-23,-1,-24,-1,-25,-2,-25,-2,-25,-2,-25,-2,-25,-2,-25,-2,-25,-1,-25,-1,-25,0,-25,0,-25,1,-25,1,-25,2,-25,3,-25,4,-25,4,-25,5,-25,5]"
CSI_DATA,98565,d8:b1:90:db:e8:90,-52,11,1,6,0,0,1,0,0,0,1,-95,0,4,0,1495843728,0,100,0,128,1,"[100,-64,5,0,-23,-11,-23,-11,-23,-10,-23,-9,-23,-9,-23,-8,-23,-7,-22,-7,-23,-6,-23,-5,-23,-5,-24,-5,-25,-5,-25,-5,-25,-5,-25,-6,-25,-6,-25,-7,-24,-7,-24,-8,-24,-8,-24,-9,-23,-10,-22,-11,-21,-12,-5,-4,0,0,0,0,0,0,0,0,0,0,0,0,0,0,0,0,0,0,-5,-3,-19,-10,-19,-11,-18,-13,-18,-14,-18,-14,-18,-15,-18,-15,-18,-16,-18,-16,-19,-17,-19,-18,-19,-18,-19,-18,-19,-18,-19,-18,-20,-18,-20,-17,-20,-17,-20,-16,-20,-15,-21,-15,-22,-14,-22,-14,-23,-13,-23,-13,-22,-13]"
CSI_DATA,98566,d8:b1:90:db:e8:90,-51,11,1,6,0,0,1,0,0,0,1,-95,0,4,0,1495857833,0,100,0,128,1,"[100,-64,5,0,-23,-14,-23,-14,-23,-13,-23,-11,-23,-11,-23,-10,-23,-9,-24,-9,-24,-8,-25,-8,-25,-7,-25,-7,-26,-7,-26,-7,-26,-7,-26,-8,-26,-8,-26,-8,-25,-9,-25,-10,-25,-10,-24,-11,-24,-12,-22,-14,-21,-15,-6,-4,0,0,0,0,0,0,0,0,0,0,0,0,0,0,0,0,0,0,-5,-3,-18,-13,-18,-14,-17,-15,-17,-16,-17,-17,-17,-17,-17,-17,-17,-18,-17,-19,-17,-20,-18,-21,-18,-21,-18,-21,-18,-21,-18,-21,-18,-20,-18,-19,-19,-19,-20,-19,-20,-19,-21,-19,-21,-18,-22,-17,-22,-17,-23,-16,-23,-16]"
CSI_DATA,98567,d8:b1:90:db:e8:90,-51,11,1,6,0,0,1,0,0,0,1,-95,0,4,0,1495878514,0,100,0,128,1,"[100,-64,5,0,-22,-9,-22,-9,-22,-8,-21,-7,-21,-6,-21,-5,-22,-5,-22,-4,-22,-3,-23,-3,-23,-2,-23,-2,-23,-2,-23,-2,-24,-2,-24,-2,-24,-3,-24,-3,-24,-4,-24,-4,-23,-5,-23,-5,-23,-6,-22,-8,-22,-9,-6,-3,0,0,0,0,0,0,0,0,0,0,0,0,0,0,0,0,0,0,-5,-3,-17,-9,-17,-11,-16,-12,-16,-13,-16,-13,-17,-14,-17,-14,-17,-14,-17,-15,-17,-15,-17,-16,-18,-16,-18,-16,-18,-16,-18,-16,-18,-15,-18,-15,-19,-15,-19,-14,-20,-14,-20,-13,-21,-13,-21,-12,-22,-12,-22,-11,-22,-10]"
CSI_DATA,98568,d8:b1:90:db:e8:90,-51,11,1,6,0,0,1,0,0,0,1,-95,0,4,0,1495892407,0,100,0,128,1,"[100,-64,5,0,-16,-21,-16,-20,-16,-19,-17,-18,-18,-18,-18,-17,-19,-17,-19,-16,-19,-15,-20,-15,-20,-15,-21,-15,-21,-15,-21,-16,-21,-17,-21,-17,-21,-18,-21,-18,-20,-19,-20,-20,-20,-20,-19,-20,-18,-21,-16,-22,-15,-23,-4,-6,0,0,0,0,0,0,0,0,0,0,0,0,0,0,0,0,0,0,-3,-5,-11,-19,-11,-20,-10,-21,-10,-22,-9,-22,-9,-23,-9,-23,-9,-24,-9,-25,-9,-25,-9,-26,-9,-26,-9,-26,-9,-26,-9,-25,-9,-25,-10,-25,-10,-25,-11,-25,-12,-24,-13,-24,-13,-24,-14,-23,-14,-23,-14,-22,-15,-22]"
CSI_DATA,98569,d8:b1:90:db:e8:90,-51,11,1,6,0,0,1,0,0,0,1,-95,0,4,0,1495910592,0,100,0,128,1,"[100,-64,5,0,11,21,11,20,11,19,12,19,13,18,13,18,14,17,14,17,15,16,16,16,16,16,16,16,16,17,16,17,16,18,17,18,17,19,16,19,16,20,15,20,15,21,14,21,13,21,11,22,10,23,2,5,0,0,0,0,0,0,0,0,0,0,0,0,0,0,0,0,0,0,1,4,6,18,6,19,5,20,4,20,4,21,4,21,3,22,3,23,3,23,3,24,3,24,3,24,3,24,3,24,3,24,3,24,4,23,5,23,6,23,6,23,7,23,7,23,8,22,9,22,9,22,10,22]"
CSI_DATA,98570,d8:b1:90:db:e8:90,-51,11,1,6,0,0,1,0,0,0,1,-95,0,4,0,1495922509,0,100,0,128,1,"[100,-64,5,0,24,1,23,1,23,0,23,-1,22,-2,22,-2,22,-3,22,-4,22,-4,23,-5,23,-5,24,-6,24,-6,25,-6,25,-6,25,-5,25,-5,25,-4,25,-4,25,-3,25,-2,25,-1,25,0,25,2,25,4,6,1,0,0,0,0,0,0,0,0,0,0,0,0,0,0,0,0,0,0,5,0,20,2,20,3,20,4,20,5,20,6,21,6,21,7,22,8,22,8,23,9,23,9,23,9,23,10,23,9,22,9,22,8,23,8,23,8,23,7,24,6,24,5,24,5,24,4,24,4,24,3,25,3]"
CSI_DATA,98571,d8:b1:90:db:e8:90,-51,11,1,6,0,0,1,0,0,0,1,-95,0,4,0,1495937066,0,100,0,128,1,"[100,-64,5,0,-21,-13,-21,-13,-21,-12,-21,-11,-21,-10,-21,-10,-21,-9,-22,-8,-23,-7,-23,-7,-24,-6,-24,-6,-25,-6,-25,-6,-25,-6,-26,-7,-26,-7,-26,-8,-25,-8,-24,-9,-24,-10,-24,-10,-23,-12,-22,-13,-21,-15,-6,-4,0,0,0,0,0,0,0,0,0,0,0,0,0,0,0,0,0,0,-5,-4,-16,-13,-16,-14,-15,-15,-15,-16,-15,-16,-15,-17,-15,-17,-16,-17,-16,-18,-16,-19,-15,-19,-15,-19,-15,-19,-16,-19,-16,-19,-16,-19,-17,-18,-17,-18,-18,-17,-18,-17,-18,-17,-19,-16,-19,-16,-19,-15,-20,-15,-20,-14]"
CSI_DATA,98572,d8:b1:90:db:e8:90,-51,11,1,6,0,0,1,0,0,0,1,-95,0,4,0,1495947528,0,100,0,128,1,"[100,-64,5,0,-22,13,-21,13,-20,14,-20,15,-19,16,-19,16,-18,17,-18,17,-17,18,-17,19,-17,20,-17,20,-17,21,-17,21,-17,21,-18,22,-19,22,-19,21,-20,21,-20,20,-21,19,-21,18,-22,17,-24,16,-25,15,-7,3,0,0,0,0,0,0,0,0,0,0,0,0,0,0,0,0,0,0,-5,2,-19,10,-20,10,-20,9,-21,9,-22,8,-23,8,-24,7,-25,7,-26,6,-26,6,-26,6,-26,6,-26,6,-26,6,-26,6,-25,6,-25,7,-25,8,-25,8,-25,9,-25,10,-24,10,-23,11,-23,12,-23,12,-23,13]"
CSI_DATA,98573,d8:b1:90:db:e8:90,-51,11,1,6,0,0,1,0,0,0,1,-95,0,4,0,1495958096,0,100,0,128,1,"[100,-64,5,0,-6,-23,-7,-23,-7,-22,-8,-22,-9,-22,-10,-22,-11,-21,-11,-21,-12,-21,-13,-21,-13,-21,-14,-21,-14,-21,-15,-21,-15,-22,-15,-23,-15,-24,-14,-24,-14,-24,-13,-24,-12,-24,-11,-24,-9,-25,-8,-26,-6,-26,-2,-7,0,0,0,0,0,0,0,0,0,0,0,0,0,0,0,0,0,0,-1,-5,-3,-19,-2,-20,-2,-21,-1,-21,-1,-22,0,-22,1,-23,2,-24,2,-24,3,-25,3,-25,3,-25,3,-25,3,-25,2,-25,1,-24,1,-24,0,-25,0,-25,-1,-25,-1,-25,-2,-25,-3,-24,-4,-24,-4,-24,-4,-24]"
CSI_DATA,98574,d8:b1:90:db:e8:90,-50,11,1,6,0,0,1,0,0,0,1,-95,0,4,0,1495982353,0,100,0,128,1,"[100,-64,5,0,-10,21,-9,22,-8,22,-7,22,-6,22,-5,22,-4,22,-4,22,-3,23,-3,23,-2,24,-2,24,-2,25,-1,26,-1,26,-2,26,-3,26,-3,26,-4,26,-4,26,-5,26,-6,25,-7,25,-9,25,-10,24,-3,6,0,0,0,0,0,0,0,0,0,0,0,0,0,0,0,0,0,0,-3,4,-10,17,-11,17,-12,17,-13,16,-14,17,-14,17,-15,16,-16,16,-16,16,-17,17,-18,17,-18,16,-18,17,-17,17,-17,18,-16,18,-16,19,-16,19,-15,19,-14,20,-14,20,-13,21,-12,21,-12,22,-11,22,-11,22]"
CSI_DATA,98575,d8:b1:90:db:e8:90,-51,11,1,6,0,0,1,0,0,0,1,-95,0,4,0,1495993354,0,100,0,128,1,"[100,-64,5,0,6,-23,6,-22,5,-22,4,-22,3,-22,3,-22,2,-23,1,-23,1,-23,0,-23,-1,-24,-1,-24,0,-25,0,-25,0,-25,1,-26,1,-26,2,-26,2,-26,3,-26,3,-26,4,-26,5,-25,7,-25,9,-25,2,-7,0,0,0,0,0,0,0,0,0,0,0,0,0,0,0,0,0,0,1,-5,6,-18,7,-18,8,-17,9,-18,10,-18,11,-18,11,-18,11,-19,12,-19,12,-19,12,-20,12,-20,12,-20,12,-20,12,-20,12,-20,12,-20,11,-20,10,-21,9,-21,9,-22,9,-22,8,-22,8,-23,7,-23,7,-23]"
CSI_DATA,98576,d8:b1:90:db:e8:90,-51,11,1,6,0,0,1,0,0,0,1,-95,0,4,0,1496006239,0,100,0,128,1,"[100,-64,5,0,-5,22,-4,22,-3,22,-3,21,-2,21,-1,21,0,21,1,21,1,21,1,21,2,22,2,22,3,23,3,24,3,24,2,24,2,25,2,25,1,25,1,25,0,25,-1,25,-2,25,-5,25,-6,25,-2,6,0,0,0,0,0,0,0,0,0,0,0,0,0,0,0,0,0,0,-2,4,-7,17,-8,17,-9,17,-10,17,-10,17,-11,18,-11,18,-11,18,-12,19,-12,19,-13,19,-13,20,-12,20,-12,20,-12,20,-11,20,-11,20,-10,20,-9,20,-9,21,-8,21,-8,22,-7,22,-7,22,-6,22,-6,22]"
CSI_DATA,98577,d8:b1:90:db:e8:90,-51,11,1,6,0,0,1,0,0,0,1,-95,0,4,0,1496022473,0,100,0,128,1,"[100,-64,5,0,10,20,10,20,11,19,12,18,12,17,13,17,14,16,14,16,15,16,15,16,16,16,17,17,17,17,18,18,17,18,17,19,16,19,16,19,15,20,15,20,14,20,13,21,13,21,11,22,9,22,2,5,0,0,0,0,0,0,0,0,0,0,0,0,0,0,0,0,0,0,1,3,6,15,5,16,4,18,4,18,3,19,3,20,3,20,3,21,2,21,2,22,2,22,2,23,2,23,2,23,3,22,4,22,4,22,5,22,6,21,6,21,7,21,8,21,8,21,9,21,9,21,9,21]"
CSI_DATA,98578,d8:b1:90:db:e8:90,-51,11,1,6,0,0,1,0,0,0,1,-95,0,4,0,1496034652,0,100,0,128,1,"[100,-64,5,0,12,19,12,19,12,18,13,17,14,17,14,16,15,16,15,16,15,15,16,15,17,15,17,16,17,16,17,16,18,17,18,17,18,18,18,18,17,18,16,19,16,19,15,19,14,20,12,21,10,22,2,5,0,0,0,0,0,0,0,0,0,0,0,0,0,0,0,0,0,0,2,3,8,16,7,16,7,17,6,18,6,18,6,19,5,19,5,20,5,21,5,21,4,22,4,22,4,22,4,22,4,22,5,22,5,22,6,22,6,21,7,21,8,21,9,20,9,20,9,20,10,20,10,20]"
CSI_DATA,98579,d8:b1:90:db:e8:90,-51,11,1,6,0,0,1,0,0,0,1,-95,0,4,0,1496047861,0,100,0,128,1,"[100,-64,5,0,-5,24,-4,24,-4,24,-3,24,-2,24,-1,24,0,24,0,24,1,24,2,24,2,25,2,25,2,26,2,26,2,27,2,27,1,27,1,27,0,27,0,28,-1,27,-2,27,-4,26,-6,26,-8,26,-2,6,0,0,0,0,0,0,0,0,0,0,0,0,0,0,0,0,0,0,-2,4,-6,19,-7,18,-7,18,-8,18,-9,19,-10,19,-10,19,-11,20,-11,20,-12,21,-13,20,-13,20,-13,21,-13,21,-13,21,-12,21,-12,21,-12,21,-11,21,-10,22,-9,22,-8,23,-8,23,-8,23,-7,24,-7,24]"
CSI_DATA,98580,d8:b1:90:db:e8:90,-51,11,1,6,0,0,1,0,0,0,1,-95,0,4,0,1496062413,0,100,0,128,1,"[100,-64,5,0,10,-21,9,-21,9,-21,8,-22,7,-22,6,-22,6,-22,5,-23,5,-23,4,-24,4,-24,4,-25,4,-25,4,-26,4,-26,5,-26,5,-26,6,-26,7,-26,7,-26,8,-25,9,-25,10,-24,12,-23,13,-23,3,-6,0,0,0,0,0,0,0,0,0,0,0,0,0,0,0,0,0,0,2,-4,9,-16,10,-16,11,-16,12,-16,12,-16,13,-16,14,-16,15,-16,15,-16,16,-17,16,-17,16,-17,16,-17,16,-17,16,-17,15,-17,15,-18,15,-18,14,-19,13,-19,13,-20,13,-20,13,-20,12,-20,12,-21,11,-21]"
CSI_DATA,98581,d8:b1:90:db:e8:90,-50,11,1,7,0,0,1,0,1,0,1,-95,0,4,0,1496084081,0,100,0,128,1,"[100,-64,5,0,7,-23,7,-26,6,-28,4,-30,1,-32,-1,-33,-4,-33,-7,-33,-9,-32,-12,-31,-13,-29,-14,-28,-13,-27,-12,-26,-10,-26,-8,-25,-5,-25,-3,-25,-1,-24,1,-23,3,-22,5,-21,6,-19,7,-17,9,-15,2,-4,0,0,0,0,0,0,0,0,0,0,0,0,0,0,0,0,0,0,-5,4,-20,16,-21,16,-21,16,-20,16,-19,16,-17,16,-16,15,-14,13,-12,11,-11,8,-9,5,-9,2,-8,-1,-9,-4,-9,-6,-10,-8,-10,-9,-10,-10,-10,-10,-10,-10,-9,-10,-7,-10,-5,-10,-3,-11,0,-12,2,-14]"
CSI_DATA,98582,d8:b1:90:db:e8:90,-50,11,1,7,0,0,1,0,1,0,1,-95,0,4,0,1496094525,0,100,0,128,1,"[100,-64,5,0,6,22,8,24,11,26,14,26,16,26,19,25,22,24,24,22,25,20,26,18,26,16,26,15,25,15,24,14,22,15,20,16,18,17,16,18,14,19,12,19,10,19,8,19,6,19,3,17,1,16,0,4,0,0,0,0,0,0,0,0,0,0,0,0,0,0,0,0,0,0,1,-7,6,-26,6,-26,6,-26,6,-26,5,-25,4,-24,3,-22,3,-20,3,-17,4,-14,4,-11,6,-8,7,-5,8,-3,10,-2,11,-1,12,0,13,0,13,1,12,1,11,2,10,3,8,5,7,7,6,10,5,12]"
CSI_DATA,98583,d8:b1:90:db:e8:90,-50,11,1,7,0,0,1,0,1,0,1,-95,0,4,0,1496114587,0,100,0,128,1,"[100,-64,5,0,-7,-21,-9,-23,-11,-24,-14,-24,-16,-24,-19,-23,-21,-22,-23,-20,-24,-18,-24,-16,-24,-15,-24,-14,-23,-14,-22,-14,-21,-14,-19,-15,-18,-16,-16,-17,-14,-18,-13,-18,-11,-19,-9,-18,-7,-17,-5,-16,-3,-15,-1,-4,0,0,0,0,0,0,0,0,0,0,0,0,0,0,0,0,0,0,-2,5,-6,23,-6,23,-6,23,-6,22,-5,22,-4,21,-4,20,-3,18,-3,15,-4,12,-5,10,-6,7,-7,5,-8,3,-10,2,-11,1,-12,1,-12,0,-12,0,-11,-1,-10,-1,-9,-3,-8,-4,-6,-7,-6,-9,-5,-11]"
CSI_DATA,98584,d8:b1:90:db:e8:90,-50,11,1,7,0,0,1,0,1,0,1,-95,0,4,0,1496127563,0,100,0,128,1,"[100,-64,5,0,-4,21,-3,24,-1,26,1,27,3,28,6,28,9,27,11,27,12,25,14,24,14,23,15,22,14,22,13,21,11,21,10,21,8,22,6,22,4,22,2,22,1,21,0,20,-2,18,-4,16,-5,14,-2,3,0,0,0,0,0,0,0,0,0,0,0,0,0,0,0,0,0,0,3,-5,16,-19,16,-19,16,-19,15,-19,14,-19,13,-18,11,-17,10,-16,9,-13,8,-11,8,-8,8,-5,8,-3,9,0,9,1,9,2,10,3,10,4,10,4,9,4,8,4,6,5,4,6,2,8,0,10,-1,11]"
CSI_DATA,98585,d8:b1:90:db:e8:90,-50,11,1,7,0,0,1,0,1,0,1,-95,0,4,0,1496142068,0,100,0,128,1,"[100,-64,5,0,-1,-22,-3,-24,-5,-25,-7,-27,-9,-27,-12,-27,-14,-26,-16,-25,-18,-23,-19,-22,-19,-21,-19,-20,-19,-19,-18,-19,-16,-20,-15,-20,-13,-20,-11,-21,-10,-21,-8,-21,-7,-20,-5,-19,-3,-18,-2,-17,0,-15,0,-4,0,0,0,0,0,0,0,0,0,0,0,0,0,0,0,0,0,0,-3,5,-12,20,-13,20,-13,20,-12,20,-11,20,-10,19,-9,18,-8,16,-8,14,-8,11,-8,9,-8,6,-8,4,-9,2,-10,0,-11,-1,-11,-1,-11,-2,-11,-2,-10,-3,-9,-3,-7,-4,-6,-6,-4,-8,-3,-10,-1,-12]"
CSI_DATA,98586,d8:b1:90:db:e8:90,-50,11,1,7,0,0,1,0,1,0,1,-95,0,4,0,1496154453,0,100,0,128,1,"[100,-64,5,0,-22,-3,-24,-2,-26,0,-27,2,-28,5,-28,7,-28,9,-27,11,-26,13,-25,14,-24,15,-23,15,-22,14,-22,13,-22,12,-22,10,-22,8,-23,7,-22,5,-22,4,-21,2,-20,1,-18,0,-17,-2,-15,-4,-4,-1,0,0,0,0,0,0,0,0,0,0,0,0,0,0,0,0,0,0,4,3,19,13,19,13,19,14,20,13,19,12,18,11,17,10,16,9,13,8,11,8,9,7,6,7,4,8,2,8,0,9,-1,9,-2,10,-3,10,-3,9,-3,8,-4,7,-5,5,-6,4,-8,2,-10,0,-12,-1]"
CSI_DATA,98587,d8:b1:90:db:e8:90,-51,11,1,7,0,0,1,0,1,0,1,-95,0,4,0,1496165554,0,100,0,128,1,"[100,-64,5,0,-4,23,-3,25,-1,27,2,29,4,30,7,30,10,29,12,28,13,27,14,26,15,25,15,24,15,24,14,24,12,24,10,24,9,24,7,24,5,24,3,23,2,22,1,21,-1,19,-2,16,-4,14,-2,3,0,0,0,0,0,0,0,0,0,0,0,0,0,0,0,0,0,0,3,-6,12,-23,12,-23,12,-23,12,-23,11,-23,10,-22,9,-21,8,-19,8,-17,7,-14,7,-12,7,-9,7,-6,8,-4,9,-2,9,-1,9,0,9,1,9,1,8,2,6,3,5,4,3,5,1,8,-1,10,-2,12]"
CSI_DATA,98588,d8:b1:90:db:e8:90,-51,11,1,7,0,0,1,0,1,0,1,-95,0,4,0,1496186541,0,100,0,128,1,"[100,-64,5,0,-13,18,-13,21,-13,24,-11,26,-9,28,-7,29,-5,29,-3,30,-1,29,0,29,1,28,2,27,1,27,1,26,-1,25,-2,25,-4,25,-5,24,-7,23,-8,22,-8,20,-9,18,-9,16,-10,13,-10,11,-3,2,0,0,0,0,0,0,0,0,0,0,0,0,0,0,0,0,0,0,5,-4,20,-13,21,-13,21,-13,20,-14,19,-14,18,-14,17,-13,15,-12,13,-11,12,-9,11,-6,10,-4,9,-2,8,0,8,2,8,3,7,4,7,5,7,5,5,5,4,5,2,5,-1,6,-3,7,-6,9,-8,10]"
CSI_DATA,98589,d8:b1:90:db:e8:90,-51,11,1,7,0,0,1,0,1,0,1,-95,0,4,0,1496204766,0,100,0,128,1,"[100,-64,5,0,20,-11,21,-13,22,-16,22,-19,21,-21,20,-23,18,-25,16,-26,15,-27,13,-27,12,-27,11,-26,11,-25,12,-24,13,-23,14,-22,15,-21,16,-19,16,-18,17,-16,17,-15,16,-13,16,-10,15,-8,14,-5,3,-1,0,0,0,0,0,0,0,0,0,0,0,0,0,0,0,0,0,0,-7,0,-25,-1,-26,-1,-26,-1,-26,-1,-25,0,-24,1,-22,1,-20,1,-18,1,-15,0,-13,-2,-11,-3,-9,-4,-7,-6,-6,-8,-5,-9,-5,-10,-4,-10,-3,-10,-3,-10,-1,-9,0,-8,3,-7,6,-7,9,-7,11,-7]"
CSI_DATA,98590,d8:b1:90:db:e8:90,-51,11,1,7,0,0,1,0,1,0,1,-95,0,4,0,1496217035,0,100,0,128,1,"[100,-64,5,0,22,4,25,3,27,1,28,-1,29,-3,29,-5,29,-8,29,-10,28,-11,26,-12,25,-12,25,-12,24,-12,24,-11,24,-10,24,-8,24,-6,23,-4,23,-3,22,-1,21,0,19,1,17,2,15,3,12,4,3,1,0,0,0,0,0,0,0,0,0,0,0,0,0,0,0,0,0,0,-6,-3,-23,-11,-23,-11,-23,-11,-23,-11,-23,-10,-22,-9,-20,-8,-19,-7,-16,-6,-14,-6,-11,-6,-8,-6,-6,-6,-4,-7,-2,-8,-1,-8,0,-9,1,-9,1,-8,2,-7,3,-6,5,-4,6,-3,8,-1,10,1,12,2]"
CSI_DATA,98591,d8:b1:90:db:e8:90,-52,11,1,7,0,0,1,0,1,0,1,-95,0,4,0,1496233302,0,100,0,128,1,"[100,-64,5,0,-7,-21,-9,-23,-11,-24,-13,-24,-15,-24,-17,-23,-19,-22,-20,-20,-21,-19,-22,-18,-22,-17,-21,-16,-21,-16,-20,-16,-19,-17,-18,-17,-16,-18,-15,-18,-13,-18,-12,-18,-10,-17,-8,-16,-6,-15,-4,-14,-2,-13,-1,-4,0,0,0,0,0,0,0,0,0,0,0,0,0,0,0,0,0,0,-1,5,-2,22,-3,22,-3,22,-2,22,-2,21,-1,21,-1,19,-1,17,0,15,-1,13,-2,11,-3,8,-3,6,-5,5,-6,3,-7,2,-8,1,-8,0,-8,-1,-8,-2,-7,-3,-6,-4,-6,-6,-5,-9,-5,-11,-4,-14]"
CSI_DATA,98592,d8:b1:90:db:e8:90,-51,11,1,7,0,0,1,0,1,0,1,-95,0,4,0,1496244059,0,100,0,128,1,"[100,-64,5,0,-24,13,-26,15,-26,17,-26,19,-25,22,-24,24,-22,25,-20,27,-19,27,-17,27,-16,28,-16,27,-15,27,-16,26,-16,24,-17,23,-18,22,-19,20,-19,18,-19,16,-19,14,-18,11,-17,9,-15,5,-14,3,-4,0,0,0,0,0,0,0,0,0,0,0,0,0,0,0,0,0,0,0,6,-1,27,-4,28,-4,28,-3,27,-4,26,-4,25,-5,23,-5,20,-5,18,-4,15,-3,12,-2,10,0,8,2,6,3,5,5,3,6,2,7,1,8,0,8,-1,8,-2,8,-5,8,-7,7,-10,7,-13,7,-15,8]"
CSI_DATA,98593,d8:b1:90:db:e8:90,-52,11,1,6,0,0,1,0,0,0,1,-95,0,4,0,1496256172,0,100,0,128,1,"[100,-64,5,0,2,-25,2,-25,2,-25,1,-24,0,-24,-1,-24,-1,-24,-2,-24,-3,-24,-3,-24,-4,-24,-4,-24,-4,-25,-4,-25,-4,-25,-4,-25,-3,-26,-3,-26,-2,-25,-1,-25,-1,-25,0,-25,1,-24,3,-24,4,-24,1,-6,0,0,0,0,0,0,0,0,0,0,0,0,0,0,0,0,0,0,0,-5,3,-19,4,-19,5,-19,5,-19,6,-19,7,-19,8,-20,8,-20,9,-20,9,-21,10,-21,10,-21,10,-22,10,-22,9,-22,9,-22,8,-22,8,-22,8,-23,7,-23,6,-23,6,-24,6,-25,5,-25,5,-25,5,-25]"
CSI_DATA,98594,d8:b1:90:db:e8:90,-52,11,1,6,0,0,1,0,0,0,1,-95,0,4,0,1496287766,0,100,0,128,1,"[100,-64,5,0,11,19,11,19,11,18,12,18,12,18,13,17,13,16,14,16,14,16,15,15,15,15,16,15,16,15,16,16,16,16,16,17,16,17,15,17,15,17,15,18,15,18,14,18,13,19,12,20,10,20,2,5,0,0,0,0,0,0,0,0,0,0,0,0,0,0,0,0,0,0,2,3,7,16,7,17,6,18,5,18,5,19,4,19,4,20,4,20,4,21,4,21,3,22,4,22,4,22,4,22,4,21,4,21,5,21,5,21,6,21,7,21,7,21,8,21,8,21,9,21,9,21,10,20]"
CSI_DATA,98595,d8:b1:90:db:e8:90,-52,11,1,6,0,0,1,0,0,0,1,-95,0,4,0,1496300338,0,100,0,128,1,"[100,-64,5,0,-20,15,-19,15,-19,15,-18,16,-17,16,-16,17,-15,17,-15,17,-14,18,-14,18,-14,19,-14,19,-14,20,-14,21,-14,21,-14,21,-14,21,-15,21,-15,20,-16,20,-17,20,-17,19,-18,19,-19,18,-21,17,-6,4,0,0,0,0,0,0,0,0,0,0,0,0,0,0,0,0,0,0,-5,3,-18,12,-18,11,-19,10,-20,10,-20,9,-21,9,-21,10,-21,10,-22,10,-23,9,-24,9,-24,9,-24,9,-24,9,-24,9,-24,9,-24,9,-23,10,-23,11,-22,11,-22,12,-22,13,-22,13,-22,14,-22,14,-22,15]"
CSI_DATA,98596,d8:b1:90:db:e8:90,-51,11,1,6,0,0,1,0,0,0,1,-95,0,4,0,1496316994,0,100,0,128,1,"[100,-64,5,0,-5,25,-5,27,-4,28,-2,30,-1,31,2,31,4,32,7,31,9,31,11,30,12,29,13,28,14,27,13,27,12,26,11,26,9,25,7,24,5,23,3,22,1,21,-1,19,-3,17,-6,15,-8,13,-3,3,0,0,0,0,0,0,0,0,0,0,0,0,0,0,0,0,0,0,6,-5,25,-17,26,-16,26,-16,25,-16,23,-16,21,-15,19,-14,16,-13,14,-11,11,-8,9,-5,7,-2,6,1,5,5,5,7,5,9,6,11,6,12,7,13,6,14,6,14,5,14,4,14,2,15,0,16,-1,17]"
CSI_DATA,98597,d8:b1:90:db:e8:90,-50,11,1,6,0,0,1,0,0,0,1,-95,0,4,0,1496327371,0,100,0,128,1,"[100,-64,5,0,10,12,12,18,16,20,15,17,11,19,13,24,17,23,14,19,10,20,13,24,16,22,12,20,8,24,9,27,10,22,4,17,-2,22,-1,25,-1,18,-7,11,-13,15,-10,16,-8,8,-13,1,-18,1,-5,0,0,0,0,0,0,0,0,0,0,0,0,0,0,0,0,0,0,0,-5,3,-20,15,-20,13,-21,11,-21,9,-21,9,-20,8,-18,6,-16,3,-14,2,-12,1,-8,0,-5,-2,-4,-4,-1,-4,3,-5,5,-7,5,-8,6,-7,9,-6,10,-7,9,-5,9,-1,11,0,11,0,10,4,11,8]"
CSI_DATA,98598,d8:b1:90:db:e8:90,-51,11,1,6,0,0,1,0,0,0,1,-95,0,4,0,1496339316,0,100,0,128,1,"[100,-64,5,0,-12,-21,-14,-23,-16,-24,-18,-24,-21,-24,-23,-22,-25,-21,-27,-19,-28,-18,-29,-16,-29,-14,-29,-13,-29,-12,-28,-12,-27,-12,-26,-12,-24,-12,-22,-13,-20,-14,-18,-15,-15,-15,-13,-16,-10,-16,-6,-16,-4,-16,-1,-4,0,0,0,0,0,0,0,0,0,0,0,0,0,0,0,0,0,0,-2,7,-6,29,-7,29,-7,28,-7,28,-6,27,-5,25,-4,23,-3,20,-3,17,-3,13,-4,10,-5,6,-6,3,-8,0,-10,-2,-11,-3,-13,-4,-14,-5,-15,-5,-15,-5,-15,-5,-14,-6,-13,-7,-12,-9,-11,-11,-11,-13]"
CSI_DATA,98599,d8:b1:90:db:e8:90,-51,11,1,6,0,0,1,0,0,0,1,-95,0,4,0,1496351052,0,100,0,128,1,"[100,-64,5,0,-19,15,-20,17,-21,19,-21,21,-20,23,-18,25,-16,27,-15,28,-13,29,-11,30,-9,30,-8,30,-7,30,-7,29,-7,28,-8,27,-9,25,-10,23,-11,21,-12,18,-13,16,-13,14,-14,11,-14,7,-15,4,-4,0,0,0,0,0,0,0,0,0,0,0,0,0,0,0,0,0,0,0,7,-3,28,-8,29,-8,29,-8,28,-8,27,-8,25,-8,22,-8,19,-7,16,-6,12,-4,9,-2,6,0,4,3,2,5,0,8,-1,10,-1,11,-1,13,-1,13,-2,13,-2,13,-3,13,-5,12,-7,12,-9,11,-11,12]"
CSI_DATA,98600,d8:b1:90:db:e8:90,-51,11,1,6,0,0,1,0,0,0,1,-95,0,4,0,1496361590,0,100,0,128,1,"[100,-64,5,0,25,-4,27,-5,29,-7,30,-9,30,-11,30,-14,30,-16,29,-19,27,-22,25,-24,23,-25,22,-26,21,-26,21,-25,20,-24,20,-23,20,-21,20,-19,20,-17,20,-14,20,-12,19,-9,19,-6,18,-3,17,0,4,0,0,0,0,0,0,0,0,0,0,0,0,0,0,0,0,0,0,0,-7,-5,-27,-20,-27,-20,-27,-21,-27,-20,-26,-18,-24,-17,-22,-15,-19,-13,-16,-12,-12,-10,-8,-9,-4,-9,-1,-9,3,-9,6,-10,8,-11,9,-12,10,-13,10,-13,11,-13,11,-12,12,-11,12,-10,14,-9,16,-7,17,-6]"
CSI_DATA,98601,d8:b1:90:db:e8:90,-51,11,1,6,0,0,1,0,0,0,1,-95,0,4,0,1496371638,0,100,0,128,1,"[100,-64,5,0,16,15,18,16,20,16,22,16,24,15,26,13,27,11,28,9,29,6,29,5,29,3,29,2,29,1,29,0,28,1,27,1,26,2,24,3,22,4,21,5,18,6,16,8,13,9,10,10,8,11,1,3,0,0,0,0,0,0,0,0,0,0,0,0,0,0,0,0,0,0,-2,-7,-7,-29,-7,-29,-7,-29,-7,-28,-7,-27,-6,-25,-6,-23,-5,-20,-4,-17,-3,-14,0,-11,2,-8,4,-5,6,-3,9,-2,10,-1,12,-1,13,-1,14,0,14,0,14,1,13,2,13,3,12,5,12,8,13,9]"
CSI_DATA,98602,d8:b1:90:db:e8:90,-51,11,1,6,0,0,1,0,0,0,1,-95,0,4,0,1496393006,0,100,0,128,1,"[100,-64,5,0,8,22,9,24,11,24,13,25,16,24,18,23,20,22,22,20,24,18,25,16,27,14,28,12,28,11,28,10,27,10,26,10,25,10,23,10,21,11,19,11,17,12,14,13,12,13,9,14,6,14,1,3,0,0,0,0,0,0,0,0,0,0,0,0,0,0,0,0,0,0,3,-7,14,-28,15,-28,15,-28,15,-27,14,-26,12,-25,11,-22,10,-19,10,-16,9,-13,9,-9,9,-5,10,-2,11,1,12,4,13,5,14,6,15,7,15,7,15,7,14,8,13,9,12,10,11,11,9,13,9,14]"
CSI_DATA,98603,d8:b1:90:db:e8:90,-52,11,1,6,0,0,1,0,0,0,1,-95,0,4,0,1496404229,0,100,0,128,1,"[100,-64,5,0,2,-19,2,-21,2,-22,1,-23,-1,-24,-3,-25,-5,-25,-7,-25,-9,-24,-11,-23,-13,-22,-14,-21,-15,-20,-15,-19,-14,-19,-14,-18,-12,-18,-11,-18,-10,-17,-8,-17,-6,-16,-4,-16,-2,-15,0,-14,2,-13,0,-4,0,0,0,0,0,0,0,0,0,0,0,0,0,0,0,0,0,0,-5,4,-18,16,-19,16,-19,16,-19,15,-18,15,-16,14,-15,13,-13,11,-12,9,-11,6,-10,3,-9,0,-8,-3,-8,-5,-8,-8,-9,-9,-9,-10,-10,-11,-10,-11,-10,-11,-9,-11,-8,-11,-6,-12,-4,-12,-2,-13,-1,-13]"
CSI_DATA,98604,d8:b1:90:db:e8:90,-51,11,1,6,0,0,1,0,0,0,1,-95,0,4,0,1496418219,0,100,0,128,1,"[100,-64,5,0,-1,23,-1,25,1,27,2,28,4,29,7,29,10,28,13,28,15,26,17,24,19,23,20,22,21,20,21,19,21,18,19,18,18,18,16,18,14,18,12,17,10,17,8,17,5,17,2,16,0,15,-1,3,0,0,0,0,0,0,0,0,0,0,0,0,0,0,0,0,0,0,5,-6,21,-23,22,-23,22,-23,21,-23,20,-22,19,-21,17,-19,15,-16,14,-13,13,-10,12,-6,11,-2,11,2,11,5,12,7,13,9,14,10,14,11,15,11,14,11,13,11,11,11,10,11,7,12,5,14,4,15]"
CSI_DATA,98605,d8:b1:90:db:e8:90,-51,11,1,6,0,0,1,0,0,0,1,-95,0,4,0,1496431017,0,100,0,128,1,"[100,-64,5,0,-5,-24,-6,-26,-7,-28,-9,-29,-11,-29,-13,-28,-16,-28,-19,-26,-21,-24,-22,-22,-24,-21,-25,-19,-25,-17,-25,-16,-24,-16,-23,-15,-21,-15,-19,-16,-17,-16,-15,-16,-13,-16,-11,-16,-8,-16,-6,-16,-4,-16,-1,-4,0,0,0,0,0,0,0,0,0,0,0,0,0,0,0,0,0,0,-3,7,-12,28,-13,28,-14,28,-14,27,-13,27,-12,25,-11,23,-11,20,-10,17,-10,13,-10,9,-10,5,-11,1,-13,-2,-14,-4,-16,-6,-17,-7,-17,-7,-18,-8,-17,-8,-17,-8,-15,-9,-13,-9,-11,-11,-9,-13,-8,-14]"
CSI_DATA,98606,d8:b1:90:db:e8:90,-51,11,1,6,0,0,1,0,0,0,1,-95,0,4,0,1496441668,0,100,0,128,1,"[100,-64,5,0,19,-8,21,-9,22,-11,22,-13,22,-15,22,-17,20,-19,19,-21,17,-23,15,-24,13,-25,11,-25,10,-25,9,-25,8,-24,8,-23,8,-22,9,-20,10,-19,10,-17,11,-15,11,-13,12,-11,13,-9,13,-7,3,-2,0,0,0,0,0,0,0,0,0,0,0,0,0,0,0,0,0,0,-7,-3,-25,-10,-25,-11,-26,-11,-25,-11,-25,-11,-23,-10,-22,-9,-19,-9,-17,-9,-13,-9,-10,-9,-7,-10,-4,-11,-2,-12,1,-13,2,-15,3,-16,3,-17,3,-17,3,-17,4,-16,4,-15,5,-14,7,-12,9,-11,11,-10]"
CSI_DATA,98607,d8:b1:90:db:e8:90,-51,11,1,6,0,0,1,0,0,0,1,-95,0,4,0,1496452033,0,100,0,128,1,"[100,-64,5,0,-21,-3,-23,-3,-25,-2,-27,-1,-27,1,-28,4,-28,6,-27,9,-26,11,-25,13,-24,15,-22,16,-21,17,-20,17,-19,16,-18,16,-18,15,-18,14,-17,12,-17,10,-17,8,-16,6,-16,4,-16,2,-15,0,-4,-1,0,0,0,0,0,0,0,0,0,0,0,0,0,0,0,0,0,0,4,5,16,20,15,21,15,21,15,21,15,20,14,19,13,18,11,16,9,15,7,13,4,12,1,11,-2,10,-4,10,-7,10,-9,10,-10,11,-11,11,-11,11,-11,11,-11,10,-12,9,-12,8,-13,5,-14,3,-15,2]"
CSI_DATA,98608,d8:b1:90:db:e8:90,-51,11,1,6,0,0,1,0,0,0,1,-95,0,4,0,1496463347,0,100,0,128,1,"[100,-64,5,0,-6,20,-7,22,-6,24,-5,26,-3,27,-1,28,2,28,4,28,7,27,9,26,11,25,13,24,14,23,14,21,14,20,13,20,12,19,11,19,9,18,7,18,5,17,4,16,2,16,0,15,-2,14,-1,3,0,0,0,0,0,0,0,0,0,0,0,0,0,0,0,0,0,0,5,-3,23,-12,24,-12,24,-12,24,-12,24,-12,22,-11,21,-10,19,-9,17,-7,15,-5,13,-3,12,0,11,3,10,6,10,8,10,10,10,11,10,12,10,13,10,13,9,12,8,12,6,12,4,13,2,14,0,14]"
CSI_DATA,98609,d8:b1:90:db:e8:90,-51,11,1,6,0,0,1,0,0,0,1,-95,0,4,0,1496492112,0,100,0,128,1,"[100,-64,5,0,-19,-8,-22,-9,-24,-9,-26,-8,-28,-7,-29,-5,-29,-3,-30,0,-29,3,-28,5,-28,7,-26,9,-25,9,-24,9,-23,9,-22,8,-21,7,-21,5,-20,3,-19,2,-18,0,-17,-2,-16,-3,-15,-5,-14,-6,-4,-2,0,0,0,0,0,0,0,0,0,0,0,0,0,0,0,0,0,0,3,5,15,21,14,22,14,23,14,22,14,22,14,21,13,19,11,17,9,15,6,14,3,12,0,11,-3,10,-6,9,-8,9,-11,10,-12,10,-13,11,-13,11,-13,10,-13,10,-12,9,-12,7,-12,5,-13,2,-13,0]"
CSI_DATA,98610,d8:b1:90:db:e8:90,-51,11,1,6,0,0,1,0,0,0,1,-95,0,4,0,1496503330,0,100,0,128,1,"[100,-64,5,0,15,9,17,10,19,10,21,10,23,9,24,7,25,5,26,2,26,0,25,-2,25,-4,24,-5,23,-6,22,-7,21,-7,20,-6,19,-5,18,-4,17,-2,17,-1,16,0,15,2,14,3,13,4,12,6,2,1,0,0,0,0,0,0,0,0,0,0,0,0,0,0,0,0,0,0,-2,-6,-6,-24,-6,-24,-6,-25,-6,-25,-6,-24,-6,-23,-6,-21,-5,-19,-4,-17,-2,-15,0,-13,3,-11,5,-9,7,-8,9,-8,11,-8,12,-8,13,-8,13,-8,13,-8,12,-7,12,-6,11,-5,11,-2,11,0,12,2]"
CSI_DATA,98611,d8:b1:90:db:e8:90,-50,11,1,6,0,0,1,0,0,0,1,-95,0,4,0,1496519139,0,100,0,128,1,"[100,-64,5,0,16,7,19,8,21,8,23,8,25,6,26,4,27,2,27,0,27,-3,26,-5,25,-7,24,-8,23,-9,22,-9,21,-8,20,-7,19,-6,19,-4,18,-3,17,-1,16,0,16,2,15,3,13,4,12,5,3,1,0,0,0,0,0,0,0,0,0,0,0,0,0,0,0,0,0,0,-3,-6,-12,-22,-12,-23,-12,-24,-12,-24,-12,-23,-12,-22,-11,-20,-10,-18,-8,-16,-6,-14,-3,-13,0,-12,3,-10,5,-10,8,-10,10,-10,11,-11,11,-11,12,-11,11,-11,11,-10,11,-9,10,-7,10,-5,11,-2,11,-1]"
CSI_DATA,98612,d8:b1:90:db:e8:90,-50,11,1,6,0,0,1,0,0,0,1,-95,0,4,0,1496531343,0,100,0,128,1,"[100,-64,5,0,-6,-19,-7,-22,-8,-23,-10,-24,-12,-25,-14,-25,-17,-24,-19,-22,-20,-20,-22,-19,-22,-17,-22,-15,-22,-14,-21,-13,-20,-12,-19,-12,-18,-12,-16,-13,-14,-14,-12,-14,-11,-14,-9,-14,-7,-14,-6,-14,-4,-14,-1,-4,0,0,0,0,0,0,0,0,0,0,0,0,0,0,0,0,0,0,-2,6,-5,24,-6,25,-6,25,-6,25,-5,24,-5,23,-4,22,-4,20,-4,17,-5,14,-6,11,-7,8,-9,5,-10,3,-12,1,-14,0,-15,-1,-15,-1,-16,-1,-15,-1,-15,-2,-13,-2,-12,-3,-10,-5,-9,-7,-7,-9]"
CSI_DATA,98613,d8:b1:90:db:e8:90,-50,11,1,6,0,0,1,0,0,0,1,-95,0,4,0,1496541418,0,100,0,128,1,"[100,-64,5,0,-19,6,-21,6,-23,8,-24,10,-24,12,-24,14,-23,17,-21,19,-20,20,-18,21,-16,22,-14,22,-13,21,-12,21,-11,20,-11,18,-12,17,-12,15,-13,14,-13,12,-14,11,-14,9,-14,8,-14,6,-14,4,-4,0,0,0,0,0,0,0,0,0,0,0,0,0,0,0,0,0,0,0,5,2,23,9,23,9,23,10,23,10,23,9,22,8,21,8,18,7,16,7,13,7,10,8,7,8,4,9,2,11,0,12,-1,13,-2,14,-2,15,-2,15,-2,15,-2,14,-3,13,-4,12,-6,10,-8,8,-9,7]"
CSI_DATA,98614,d8:b1:90:db:e8:90,-50,11,1,6,0,0,1,0,0,0,1,-95,0,4,0,1496551856,0,100,0,128,1,"[100,-64,5,0,-2,-21,-2,-23,-3,-25,-5,-27,-7,-28,-9,-28,-12,-27,-14,-26,-16,-25,-17,-23,-18,-22,-19,-20,-19,-19,-18,-18,-17,-17,-16,-17,-14,-17,-13,-17,-11,-17,-9,-17,-8,-17,-6,-17,-4,-16,-2,-15,-1,-15,0,-4,0,0,0,0,0,0,0,0,0,0,0,0,0,0,0,0,0,0,-3,5,-11,23,-12,23,-13,23,-13,23,-12,22,-11,22,-10,21,-9,19,-9,16,-9,13,-9,10,-10,6,-10,4,-11,1,-13,-1,-14,-2,-14,-3,-15,-4,-15,-4,-15,-4,-14,-4,-12,-5,-10,-6,-8,-7,-6,-9,-5,-11]"
CSI_DATA,98615,d8:b1:90:db:e8:90,-49,11,1,6,0,0,1,0,0,0,1,-95,0,4,0,1496562743,0,100,0,128,1,"[100,-64,5,0,-21,-12,-22,-13,-24,-12,-25,-11,-25,-10,-25,-7,-24,-3,-22,0,-20,4,-18,8,-16,11,-14,13,-13,15,-12,15,-11,16,-11,17,-12,17,-14,17,-15,16,-17,14,-18,13,-20,10,-21,7,-21,4,-21,1,-6,0,0,0,0,0,0,0,0,0,0,0,0,0,0,0,0,0,0,0,-1,5,-2,23,-2,23,-2,23,-1,23,1,22,1,21,2,19,3,18,3,16,2,14,1,13,-1,11,-3,10,-6,10,-8,9,-10,9,-12,10,-13,10,-13,11,-13,10,-13,9,-14,8,-14,5,-14,2,-15,-1,-16,-3]"
CSI_DATA,98616,d8:b1:90:db:e8:90,-50,11,1,6,0,0,1,0,0,0,1,-95,0,4,0,1496573327,0,100,0,128,1,"[100,-64,5,0,-5,20,-6,22,-5,25,-4,27,-2,28,0,29,3,29,5,29,8,27,9,26,11,25,12,24,12,23,11,21,11,21,10,20,8,19,7,19,5,19,3,18,2,18,0,17,-1,16,-3,14,-4,13,-2,3,0,0,0,0,0,0,0,0,0,0,0,0,0,0,0,0,0,0,4,-5,18,-20,19,-20,19,-20,19,-19,18,-19,17,-19,16,-17,14,-16,13,-13,12,-11,11,-8,10,-4,10,-1,11,2,11,4,11,5,12,6,12,7,12,7,12,7,11,7,9,7,7,8,5,8,2,10,0,11]"
CSI_DATA,98617,d8:b1:90:db:e8:90,-49,11,1,6,0,0,1,0,0,0,1,-95,0,4,0,1496595983,0,100,0,128,1,"[100,-64,5,0,-18,-9,-20,-10,-22,-10,-24,-9,-26,-7,-27,-5,-28,-3,-28,-1,-27,1,-27,3,-26,4,-24,6,-23,6,-22,6,-21,5,-21,4,-20,2,-20,1,-19,-1,-18,-2,-17,-3,-16,-4,-15,-5,-14,-6,-12,-7,-3,-2,0,0,0,0,0,0,0,0,0,0,0,0,0,0,0,0,0,0,3,5,13,20,13,21,13,21,13,21,13,20,13,19,12,18,11,16,9,14,6,13,3,11,1,10,-2,9,-4,9,-6,9,-8,9,-9,10,-10,10,-10,10,-9,9,-9,8,-9,7,-9,5,-9,2,-10,0,-11,-2]"
CSI_DATA,98618,d8:b1:90:db:e8:90,-50,11,1,6,0,0,1,0,0,0,1,-95,0,4,0,1496606559,0,100,0,128,1,"[100,-64,5,0,15,14,17,16,20,16,22,16,24,14,26,13,27,10,28,8,28,5,28,3,27,2,26,1,25,0,24,0,23,1,22,2,20,3,19,5,18,6,17,7,16,8,14,9,12,9,11,10,9,10,2,2,0,0,0,0,0,0,0,0,0,0,0,0,0,0,0,0,0,0,-3,-7,-12,-25,-12,-26,-13,-26,-13,-26,-13,-25,-12,-23,-12,-21,-10,-19,-9,-17,-6,-15,-4,-13,-1,-11,2,-10,5,-9,7,-9,9,-9,10,-9,11,-9,11,-9,11,-8,10,-7,10,-6,9,-3,9,-1,9,2,10,5]"
CSI_DATA,98619,d8:b1:90:db:e8:90,-50,11,1,6,0,0,1,0,0,0,1,-95,0,4,0,1496623433,0,100,0,128,1,"[100,-64,5,0,18,10,21,11,24,11,26,10,28,8,29,6,30,3,30,1,30,-2,29,-4,27,-5,26,-6,25,-6,24,-5,23,-4,22,-3,21,-1,20,0,19,2,19,3,18,5,16,6,15,7,13,8,11,8,2,2,0,0,0,0,0,0,0,0,0,0,0,0,0,0,0,0,0,0,-5,-6,-19,-22,-19,-23,-19,-24,-19,-23,-19,-22,-18,-20,-17,-19,-15,-17,-13,-15,-10,-13,-7,-12,-3,-11,0,-10,3,-10,5,-11,7,-11,9,-12,9,-12,9,-12,9,-11,8,-10,8,-8,8,-6,9,-3,10,0,11,2]"
CSI_DATA,98620,d8:b1:90:db:e8:90,-50,11,1,6,0,0,1,0,0,0,1,-95,0,4,0,1496635606,0,100,0,128,1,"[100,-64,5,0,21,-4,23,-5,25,-7,26,-9,27,-12,26,-14,25,-17,24,-19,22,-20,20,-21,18,-22,17,-22,15,-21,15,-20,15,-19,15,-17,15,-15,16,-14,16,-12,17,-10,17,-9,17,-7,17,-6,16,-3,15,-2,3,-1,0,0,0,0,0,0,0,0,0,0,0,0,0,0,0,0,0,0,-7,-3,-26,-12,-26,-13,-27,-13,-27,-12,-26,-11,-25,-10,-23,-9,-21,-8,-18,-8,-15,-8,-11,-9,-8,-9,-5,-10,-3,-11,0,-13,1,-14,1,-15,2,-16,1,-16,1,-15,2,-14,2,-12,4,-10,6,-8,8,-6,10,-5]"
CSI_DATA,98621,d8:b1:90:db:e8:90,-50,11,1,6,0,0,1,0,0,0,1,-95,0,4,0,1496649035,0,100,0,128,1,"[100,-64,5,0,5,20,6,23,8,24,11,25,13,25,16,25,18,23,20,22,21,20,22,17,22,16,22,14,21,13,20,13,18,13,16,14,14,15,12,15,11,16,9,16,8,16,6,16,4,16,2,15,1,14,0,3,0,0,0,0,0,0,0,0,0,0,0,0,0,0,0,0,0,0,0,-7,2,-28,2,-29,3,-29,2,-29,1,-28,1,-27,0,-25,0,-22,1,-19,2,-16,3,-13,4,-10,6,-7,8,-4,10,-3,12,-2,13,-2,14,-2,14,-2,13,-1,12,-1,10,0,9,2,7,4,6,7,5,9]"
CSI_DATA,98622,d8:b1:90:db:e8:90,-49,11,1,6,0,0,1,0,0,0,1,-95,0,4,0,1496660862,0,100,0,128,1,"[100,-64,5,0,19,-2,21,-3,24,-5,25,-6,26,-8,25,-11,25,-13,23,-16,22,-17,20,-18,18,-19,16,-18,15,-18,15,-17,15,-15,15,-13,15,-11,16,-9,16,-7,16,-6,16,-5,16,-3,15,-2,14,0,13,1,3,0,0,0,0,0,0,0,0,0,0,0,0,0,0,0,0,0,0,0,-7,-3,-25,-9,-25,-10,-26,-10,-26,-9,-25,-8,-24,-8,-22,-7,-20,-6,-17,-6,-14,-6,-11,-6,-7,-7,-5,-8,-2,-10,0,-11,1,-12,1,-13,2,-14,2,-14,2,-14,2,-12,2,-11,3,-9,5,-7,7,-5,9,-4]"
CSI_DATA,98623,d8:b1:90:db:e8:90,-49,11,1,6,0,0,1,0,0,0,1,-95,0,4,0,1496673642,0,100,0,128,1,"[100,-64,5,0,15,16,17,17,20,18,23,18,25,17,27,15,28,13,29,11,30,8,29,6,29,4,28,3,27,3,26,3,24,3,23,4,21,6,19,7,18,9,16,10,15,11,13,12,11,12,9,12,7,12,1,3,0,0,0,0,0,0,0,0,0,0,0,0,0,0,0,0,0,0,-3,-7,-12,-27,-12,-28,-12,-28,-13,-28,-13,-27,-13,-25,-12,-24,-11,-21,-9,-19,-7,-16,-4,-14,-1,-12,2,-10,4,-9,7,-8,9,-8,10,-8,11,-8,11,-8,11,-7,10,-6,10,-4,9,-2,9,1,9,4,9,6]"
CSI_DATA,98624,d8:b1:90:db:e8:90,-49,11,1,6,0,0,1,0,0,0,1,-95,0,4,0,1496698518,0,100,0,128,1,"[100,-64,5,0,0,19,1,21,2,23,4,25,6,26,9,26,11,26,13,25,15,23,16,22,17,20,17,19,17,18,16,17,14,16,12,16,11,16,9,17,7,17,5,17,3,17,2,16,0,16,-2,15,-3,14,-1,3,0,0,0,0,0,0,0,0,0,0,0,0,0,0,0,0,0,0,3,-6,15,-22,16,-22,16,-22,16,-22,15,-22,14,-21,12,-20,11,-18,10,-16,9,-13,9,-10,9,-6,9,-3,10,0,10,2,11,3,12,4,13,4,13,5,13,5,12,4,11,5,9,5,7,6,5,8,4,10]"
CSI_DATA,98625,d8:b1:90:db:e8:90,-50,11,1,6,0,0,1,0,0,0,1,-95,0,4,0,1496709736,0,100,0,128,1,"[100,-64,5,0,5,-20,5,-23,5,-26,3,-28,2,-30,0,-31,-3,-31,-5,-31,-7,-30,-9,-29,-11,-28,-11,-27,-11,-25,-11,-24,-9,-23,-7,-22,-5,-21,-3,-20,-1,-19,1,-19,3,-18,4,-17,5,-15,7,-13,8,-12,2,-3,0,0,0,0,0,0,0,0,0,0,0,0,0,0,0,0,0,0,-4,5,-16,23,-17,23,-17,24,-17,24,-16,24,-14,23,-13,21,-11,19,-10,16,-9,13,-9,9,-8,6,-8,2,-9,-1,-10,-4,-11,-5,-12,-7,-13,-7,-13,-8,-13,-8,-12,-8,-10,-7,-9,-8,-6,-8,-3,-10,-1,-11]"
CSI_DATA,98626,d8:b1:90:db:e8:90,-50,11,1,6,0,0,1,0,0,0,1,-95,0,4,0,1496724216,0,100,0,128,1,"[100,-64,5,0,-7,-20,-9,-23,-10,-25,-12,-26,-15,-26,-17,-26,-20,-25,-22,-24,-23,-22,-24,-20,-24,-18,-24,-16,-24,-15,-23,-15,-21,-14,-19,-14,-17,-15,-15,-15,-13,-15,-11,-16,-9,-16,-7,-16,-4,-15,-2,-15,0,-14,0,-4,0,0,0,0,0,0,0,0,0,0,0,0,0,0,0,0,0,0,-1,6,-2,27,-3,28,-3,28,-3,28,-2,27,-1,27,-1,25,0,22,-1,19,-2,16,-3,13,-4,10,-6,7,-8,4,-10,3,-11,1,-13,1,-13,0,-14,0,-14,-1,-13,-1,-12,-2,-11,-3,-10,-5,-8,-8,-7,-10]"
CSI_DATA,98627,d8:b1:90:db:e8:90,-50,11,1,6,0,0,1,0,0,0,1,-95,0,4,0,1496734465,0,100,0,128,1,"[100,-64,5,0,-21,-2,-23,-2,-26,-1,-28,0,-29,2,-30,5,-30,7,-29,10,-28,11,-27,13,-26,14,-24,15,-23,15,-22,14,-21,13,-20,11,-20,9,-19,7,-19,5,-18,3,-17,1,-16,-1,-15,-3,-14,-5,-13,-6,-4,-2,0,0,0,0,0,0,0,0,0,0,0,0,0,0,0,0,0,0,5,3,22,15,22,15,23,16,23,15,23,15,22,13,21,12,19,10,16,9,13,9,9,8,6,8,3,8,0,8,-3,9,-5,10,-6,11,-7,12,-7,12,-7,12,-7,12,-7,10,-8,9,-9,7,-10,4,-12,3]"
CSI_DATA,98628,d8:b1:90:db:e8:90,-50,11,1,6,0,0,1,0,0,0,1,-95,0,4,0,1496745260,0,100,0,128,1,"[100,-64,5,0,11,16,13,18,15,19,18,20,20,19,22,19,24,17,25,15,26,13,26,12,26,10,26,9,25,8,24,8,22,8,20,8,19,9,17,9,15,10,13,11,10,12,8,12,6,12,3,11,1,11,0,2,0,0,0,0,0,0,0,0,0,0,0,0,0,0,0,0,0,0,-3,-7,-10,-26,-10,-27,-10,-27,-11,-27,-11,-26,-11,-25,-11,-23,-10,-21,-9,-18,-7,-15,-4,-13,-2,-11,1,-8,4,-6,6,-5,9,-5,10,-5,11,-5,12,-5,12,-4,12,-4,11,-3,10,-1,10,1,9,4,9,6]"
CSI_DATA,98629,d8:b1:90:db:e8:90,-50,11,1,6,0,0,1,0,0,0,1,-95,0,4,0,1496755463,0,100,0,128,1,"[100,-64,5,0,13,-15,15,-17,16,-19,16,-22,16,-24,14,-26,13,-27,11,-29,8,-29,6,-29,4,-29,3,-28,2,-27,2,-26,3,-24,4,-22,5,-21,6,-19,7,-17,9,-15,10,-14,10,-12,11,-10,11,-8,12,-6,3,-2,0,0,0,0,0,0,0,0,0,0,0,0,0,0,0,0,0,0,-7,2,-26,9,-27,9,-28,9,-27,9,-26,10,-25,10,-23,10,-20,9,-18,7,-15,5,-13,3,-10,0,-9,-3,-7,-6,-6,-8,-6,-11,-6,-12,-6,-13,-6,-14,-6,-13,-6,-13,-5,-13,-3,-12,-1,-11,2,-11,4,-11]"
CSI_DATA,98630,d8:b1:90:db:e8:90,-50,11,1,6,0,0,1,0,0,0,1,-95,0,4,0,1496768503,0,100,0,128,1,"[100,-64,5,0,17,8,19,9,22,9,24,8,26,7,27,6,28,3,28,1,28,-1,27,-3,27,-5,26,-5,25,-6,24,-5,22,-5,21,-3,20,-2,19,-1,18,1,17,2,15,4,13,5,12,6,10,7,8,7,1,2,0,0,0,0,0,0,0,0,0,0,0,0,0,0,0,0,0,0,-5,-5,-17,-20,-17,-21,-18,-22,-18,-21,-18,-21,-17,-19,-16,-18,-15,-16,-13,-14,-11,-12,-8,-11,-5,-10,-2,-9,1,-8,3,-8,5,-8,7,-9,8,-9,8,-9,8,-8,9,-7,9,-6,9,-5,9,-3,10,0,11,1]"
CSI_DATA,98631,d8:b1:90:db:e8:90,-50,11,1,6,0,0,1,0,0,0,1,-95,0,4,0,1496800786,0,100,0,128,1,"[100,-64,5,0,-22,0,-25,0,-27,1,-29,3,-30,6,-30,8,-30,11,-29,13,-28,15,-26,16,-25,17,-23,17,-22,17,-21,15,-20,14,-20,12,-19,10,-19,7,-19,5,-18,3,-18,1,-17,0,-16,-2,-14,-4,-13,-6,-4,-2,0,0,0,0,0,0,0,0,0,0,0,0,0,0,0,0,0,0,6,2,27,8,27,9,28,9,28,9,27,8,26,7,24,6,22,5,19,4,15,5,12,5,8,6,5,7,2,8,-1,10,-3,11,-4,12,-4,13,-4,14,-4,14,-4,13,-5,12,-6,10,-7,8,-9,6,-11,4]"
CSI_DATA,98632,d8:b1:90:db:e8:90,-49,11,1,6,0,0,1,0,0,0,1,-95,0,4,0,1496812614,0,100,0,128,1,"[100,-64,5,0,0,21,0,24,2,27,3,28,5,29,8,30,10,30,13,29,14,27,16,26,17,24,17,23,17,21,16,20,14,19,12,19,10,18,7,18,5,18,3,17,1,17,-1,16,-2,15,-4,13,-6,12,-2,2,0,0,0,0,0,0,0,0,0,0,0,0,0,0,0,0,0,0,1,-7,7,-29,7,-29,8,-30,7,-30,7,-29,6,-28,5,-26,4,-23,4,-20,4,-17,4,-13,5,-9,6,-6,8,-3,10,-1,11,1,12,2,14,3,14,3,14,3,13,3,11,4,10,5,8,6,6,9,4,11]"
CSI_DATA,98633,d8:b1:90:db:e8:90,-49,11,1,6,0,0,1,0,0,0,1,-95,0,4,0,1496829813,0,100,0,128,1,"[100,-64,5,0,7,-22,8,-25,7,-27,6,-30,5,-32,3,-33,0,-34,-2,-34,-5,-33,-7,-32,-8,-31,-9,-30,-9,-28,-8,-26,-7,-25,-6,-24,-4,-22,-2,-21,0,-20,2,-19,4,-18,5,-16,6,-15,7,-12,8,-10,2,-3,0,0,0,0,0,0,0,0,0,0,0,0,0,0,0,0,0,0,-4,6,-15,25,-16,25,-17,26,-17,26,-16,25,-14,25,-13,23,-12,21,-10,18,-9,15,-9,11,-8,7,-8,4,-9,0,-10,-3,-11,-5,-12,-6,-12,-7,-12,-8,-12,-8,-11,-8,-10,-8,-8,-9,-5,-10,-2,-11,0,-12]"
CSI_DATA,98634,d8:b1:90:db:e8:90,-49,11,1,6,0,0,1,0,0,0,1,-95,0,4,0,1496840251,0,100,0,128,1,"[100,-64,5,0,16,11,18,13,21,13,23,13,25,12,27,10,28,8,29,6,29,3,29,2,28,0,27,-1,26,-1,24,-1,23,-1,21,0,20,2,18,3,17,5,15,6,13,8,11,9,10,9,8,10,6,9,1,2,0,0,0,0,0,0,0,0,0,0,0,0,0,0,0,0,0,0,-5,-5,-17,-21,-17,-22,-17,-23,-18,-23,-18,-22,-17,-21,-16,-19,-15,-17,-13,-15,-10,-13,-7,-11,-4,-10,-1,-9,2,-8,5,-8,7,-8,8,-9,10,-9,10,-9,10,-9,10,-8,10,-7,9,-5,9,-2,10,0,11,2]"
CSI_DATA,98635,d8:b1:90:db:e8:90,-49,11,1,6,0,0,1,0,0,0,1,-95,0,4,0,1496857831,0,100,0,128,1,"[100,-64,5,0,-23,-1,-25,-1,-28,0,-30,2,-31,4,-31,7,-31,9,-30,12,-29,13,-28,15,-26,16,-24,17,-22,17,-21,16,-20,14,-20,13,-20,11,-19,8,-19,6,-18,4,-18,2,-17,0,-16,-1,-15,-3,-14,-5,-4,-2,0,0,0,0,0,0,0,0,0,0,0,0,0,0,0,0,0,0,5,3,23,15,23,16,23,16,23,16,23,15,23,14,21,13,19,11,17,10,13,9,10,9,7,8,3,8,0,9,-2,10,-5,11,-6,12,-7,12,-7,13,-7,13,-7,12,-8,11,-9,9,-10,7,-12,5,-13,4]"
CSI_DATA,98636,d8:b1:90:db:e8:90,-49,11,1,6,0,0,1,0,0,0,1,-95,0,4,0,1496868716,0,100,0,128,1,"[100,-64,5,0,4,23,4,25,6,27,8,29,10,29,12,29,15,29,17,27,19,26,20,24,21,22,21,20,21,19,20,18,19,17,17,17,15,17,12,17,10,17,8,17,6,16,4,16,2,15,0,14,-2,13,-1,3,0,0,0,0,0,0,0,0,0,0,0,0,0,0,0,0,0,0,1,-7,6,-29,7,-29,7,-30,7,-29,7,-29,6,-28,5,-26,5,-24,4,-21,4,-17,5,-14,5,-11,6,-7,8,-4,9,-2,11,0,12,1,13,2,13,3,13,3,13,4,12,5,10,6,9,8,7,10,6,12]"
CSI_DATA,98637,d8:b1:90:db:e8:90,-49,11,1,6,0,0,1,0,0,0,1,-95,0,4,0,1496881291,0,100,0,128,1,"[100,-64,5,0,-21,-2,-24,-2,-26,-2,-27,-1,-28,1,-29,3,-29,5,-29,8,-28,10,-26,12,-25,13,-24,14,-22,14,-21,13,-20,12,-19,10,-18,8,-18,6,-17,4,-16,2,-16,1,-15,-1,-14,-2,-13,-4,-11,-5,-3,-2,0,0,0,0,0,0,0,0,0,0,0,0,0,0,0,0,0,0,5,2,22,11,22,12,22,13,22,13,22,12,21,11,19,10,17,9,15,8,12,7,9,7,6,6,3,7,0,7,-2,8,-4,9,-6,10,-6,10,-7,11,-7,10,-7,10,-8,9,-9,8,-10,6,-11,4,-12,2]"
CSI_DATA,98638,d8:b1:90:db:e8:90,-51,11,1,6,0,0,1,0,0,0,1,-94,0,4,0,1496906125,0,100,0,128,1,"[100,-64,5,0,-9,-19,-10,-21,-12,-23,-14,-24,-16,-24,-18,-23,-20,-22,-21,-20,-22,-18,-23,-17,-23,-15,-23,-13,-23,-12,-21,-11,-20,-11,-18,-11,-17,-11,-15,-11,-13,-12,-11,-12,-9,-13,-8,-13,-6,-13,-3,-13,-2,-12,-1,-3,0,0,0,0,0,0,0,0,0,0,0,0,0,0,0,0,0,0,-1,6,-3,24,-3,24,-4,24,-4,24,-3,24,-3,23,-2,21,-2,19,-2,17,-3,14,-4,11,-5,8,-6,5,-8,3,-10,1,-11,0,-12,-1,-13,-1,-14,-2,-14,-2,-14,-2,-13,-3,-12,-4,-11,-6,-10,-8,-9,-10]"
CSI_DATA,98639,d8:b1:90:db:e8:90,-51,11,1,6,0,0,1,0,0,0,1,-94,0,4,0,1496918867,0,100,0,128,1,"[100,-64,5,0,11,-22,12,-24,12,-26,12,-29,11,-31,9,-32,6,-33,3,-33,1,-33,-1,-33,-3,-32,-5,-30,-6,-29,-6,-28,-5,-26,-4,-25,-3,-23,-1,-22,1,-21,2,-19,4,-18,5,-16,6,-14,8,-12,9,-10,2,-3,0,0,0,0,0,0,0,0,0,0,0,0,0,0,0,0,0,0,-6,3,-24,12,-26,11,-26,11,-26,11,-26,11,-24,11,-23,10,-21,9,-19,8,-16,5,-14,3,-12,1,-11,-2,-10,-5,-9,-7,-8,-9,-8,-11,-8,-12,-8,-13,-7,-14,-7,-14,-5,-14,-3,-14,-1,-14,2,-15,4,-16]"
CSI_DATA,98640,d8:b1:90:db:e8:90,-51,11,1,6,0,0,1,0,0,0,1,-94,0,4,0,1496943075,0,100,0,128,1,"[100,-64,5,0,-22,9,-24,10,-26,11,-27,13,-27,15,-26,18,-25,20,-24,21,-22,23,-19,24,-17,24,-16,24,-14,24,-13,23,-13,21,-12,20,-12,18,-12,16,-13,14,-13,12,-13,10,-13,8,-13,5,-13,3,-13,1,-4,0,0,0,0,0,0,0,0,0,0,0,0,0,0,0,0,0,0,0,6,0,25,1,25,2,26,3,26,3,25,2,24,2,23,2,20,2,18,2,15,2,12,3,9,4,6,6,4,7,2,9,0,10,-1,12,-2,12,-2,13,-2,13,-3,13,-4,12,-6,11,-8,10,-10,9,-12,9]"
CSI_DATA,98641,d8:b1:90:db:e8:90,-51,11,1,6,0,0,1,0,0,0,1,-94,0,4,0,1496954792,0,100,0,128,1,"[100,-64,5,0,-6,-21,-7,-23,-8,-25,-10,-26,-12,-26,-14,-26,-16,-25,-17,-24,-19,-22,-20,-21,-21,-19,-21,-17,-21,-16,-20,-15,-18,-14,-17,-14,-15,-13,-13,-13,-11,-13,-9,-13,-7,-13,-6,-13,-3,-13,-1,-12,0,-11,0,-3,0,0,0,0,0,0,0,0,0,0,0,0,0,0,0,0,0,0,-1,5,-2,23,-3,23,-4,23,-4,23,-4,23,-3,22,-3,21,-3,19,-3,16,-3,14,-4,11,-5,8,-6,5,-8,3,-9,1,-11,-1,-12,-2,-13,-2,-13,-3,-14,-4,-13,-4,-12,-5,-11,-6,-10,-8,-9,-10,-8,-12]"
CSI_DATA,98642,d8:b1:90:db:e8:90,-52,11,1,6,0,0,1,0,0,0,1,-94,0,4,0,1496966162,0,100,0,128,1,"[100,-64,5,0,2,-24,2,-27,1,-30,0,-31,-2,-33,-4,-33,-6,-33,-8,-33,-11,-32,-13,-30,-14,-29,-15,-27,-16,-25,-15,-24,-14,-22,-13,-21,-11,-20,-9,-19,-7,-18,-4,-18,-2,-17,-1,-16,1,-15,4,-13,5,-12,1,-3,0,0,0,0,0,0,0,0,0,0,0,0,0,0,0,0,0,0,-4,6,-13,24,-14,24,-15,24,-15,24,-15,24,-14,23,-12,21,-11,19,-10,16,-10,13,-9,9,-9,5,-9,2,-10,-2,-11,-5,-12,-7,-13,-8,-14,-9,-15,-10,-15,-10,-14,-10,-13,-11,-11,-12,-9,-13,-6,-14,-5,-16]"
CSI_DATA,98643,d8:b1:90:db:e8:90,-51,11,1,6,0,0,1,0,0,0,1,-94,0,4,0,1496976954,0,100,0,128,1,"[100,-64,5,0,-14,16,-16,18,-16,19,-16,21,-15,23,-14,24,-12,26,-10,26,-8,27,-6,27,-4,27,-2,26,-1,25,0,24,0,22,0,21,-1,19,-2,18,-3,16,-4,15,-5,13,-6,12,-8,10,-9,8,-9,6,-3,1,0,0,0,0,0,0,0,0,0,0,0,0,0,0,0,0,0,0,5,-2,22,-7,23,-6,23,-6,23,-6,23,-6,22,-6,20,-5,18,-5,16,-4,14,-2,12,-1,10,1,8,4,6,6,5,8,4,10,4,11,3,12,3,13,3,13,2,13,1,13,0,13,-2,13,-5,13,-6,13]"
CSI_DATA,98644,d8:b1:90:db:e8:90,-52,11,1,6,0,0,1,0,0,0,1,-94,0,4,0,1497006801,0,100,0,128,1,"[100,-64,5,0,20,-4,22,-4,23,-5,25,-6,25,-8,25,-9,25,-11,24,-13,22,-15,21,-17,19,-18,18,-19,16,-19,15,-19,14,-18,13,-17,12,-16,12,-14,12,-12,11,-10,11,-8,10,-6,10,-4,10,-1,9,0,2,0,0,0,0,0,0,0,0,0,0,0,0,0,0,0,0,0,0,0,-6,-2,-24,-8,-24,-9,-24,-10,-24,-10,-23,-9,-22,-9,-21,-8,-19,-7,-16,-7,-13,-7,-10,-7,-7,-7,-4,-8,-1,-9,1,-10,3,-11,5,-12,6,-13,6,-13,7,-13,7,-13,8,-12,9,-11,10,-10,12,-9,13,-7]"
CSI_DATA,98645,d8:b1:90:db:e8:90,-52,11,1,6,0,0,1,0,0,0,1,-94,0,4,0,1497018813,0,100,0,128,1,"[100,-64,5,0,21,3,23,4,25,4,26,3,27,2,28,0,28,-3,28,-5,27,-7,26,-9,25,-11,24,-12,22,-13,21,-14,20,-13,19,-13,18,-12,17,-10,16,-8,15,-6,14,-5,12,-2,11,0,10,2,9,3,2,1,0,0,0,0,0,0,0,0,0,0,0,0,0,0,0,0,0,0,-5,-5,-18,-19,-17,-20,-17,-21,-17,-21,-17,-20,-16,-19,-15,-18,-14,-17,-12,-15,-9,-14,-6,-12,-3,-11,0,-10,3,-9,5,-9,8,-9,10,-10,11,-10,12,-10,12,-10,13,-10,13,-9,14,-7,14,-5,15,-3,16,-2]"
CSI_DATA,98646,d8:b1:90:db:e8:90,-52,11,1,6,0,0,1,0,0,0,1,-94,0,4,0,1497033884,0,100,0,128,1,"[100,-64,5,0,2,-23,3,-25,3,-26,2,-28,0,-29,-1,-29,-3,-30,-6,-30,-8,-29,-10,-28,-12,-27,-13,-26,-15,-24,-15,-23,-15,-22,-14,-21,-13,-19,-11,-18,-10,-17,-8,-16,-6,-15,-4,-14,-1,-12,1,-11,3,-9,1,-2,0,0,0,0,0,0,0,0,0,0,0,0,0,0,0,0,0,0,-4,5,-16,22,-17,22,-18,21,-18,21,-18,21,-17,20,-15,19,-14,17,-13,14,-12,11,-11,8,-10,4,-10,1,-9,-2,-9,-6,-9,-8,-10,-10,-10,-11,-10,-12,-10,-13,-10,-14,-9,-14,-8,-15,-6,-16,-4,-17,-3,-18]"
CSI_DATA,98647,d8:b1:90:db:e8:90,-53,11,1,6,0,0,1,0,0,0,1,-94,0,4,0,1497046471,0,100,0,128,1,"[100,-64,5,0,-19,13,-20,14,-20,14,-20,16,-20,17,-19,19,-18,20,-16,21,-14,22,-12,23,-11,24,-9,24,-7,25,-6,24,-5,24,-5,23,-4,21,-4,20,-5,18,-5,16,-5,14,-6,12,-7,9,-8,6,-8,4,-2,0,0,0,0,0,0,0,0,0,0,0,0,0,0,0,0,0,0,0,6,-1,25,-3,26,-2,26,-1,26,-1,25,-1,24,-1,22,-1,20,-1,18,0,15,1,12,2,9,4,6,5,4,6,1,8,-1,9,-2,11,-3,12,-4,13,-5,13,-6,13,-7,14,-8,13,-10,13,-11,13,-12,13]"
CSI_DATA,98648,d8:b1:90:db:e8:90,-52,11,1,6,0,0,1,0,0,0,1,-94,0,4,0,1497066698,0,100,0,128,1,"[100,-64,5,0,9,-25,9,-27,9,-28,8,-29,6,-30,5,-31,3,-32,0,-32,-2,-32,-5,-31,-7,-31,-9,-30,-10,-30,-11,-29,-12,-28,-12,-27,-11,-26,-10,-24,-9,-23,-8,-21,-6,-19,-4,-17,-1,-14,1,-12,3,-10,1,-3,0,0,0,0,0,0,0,0,0,0,0,0,0,0,0,0,0,0,-7,4,-26,19,-27,18,-28,17,-28,16,-27,16,-26,15,-24,14,-22,13,-20,10,-18,7,-15,4,-13,1,-10,-2,-9,-5,-7,-8,-6,-11,-6,-13,-5,-15,-5,-16,-4,-17,-3,-18,-2,-19,-1,-20,1,-20,3,-21,4,-22]"
CSI_DATA,98649,d8:b1:90:db:e8:90,-52,11,1,6,0,0,1,0,1,0,1,-94,0,4,0,1497079709,0,100,0,128,1,"[100,-64,5,0,7,25,8,26,9,27,11,27,13,26,15,25,17,24,19,22,21,21,22,19,24,17,25,16,26,14,26,13,26,12,25,12,24,11,23,11,21,10,18,10,16,10,13,10,10,10,7,10,4,10,0,2,0,0,0,0,0,0,0,0,0,0,0,0,0,0,0,0,0,0,4,-7,19,-26,20,-25,21,-25,21,-24,20,-23,19,-22,18,-21,16,-18,15,-16,14,-13,13,-9,12,-6,11,-2,11,1,11,4,11,6,11,8,11,10,12,11,11,13,11,14,11,15,10,16,9,17,8,19,7,20]"
CSI_DATA,98650,d8:b1:90:db:e8:90,-53,11,1,6,0,0,1,0,1,0,1,-94,0,4,0,1497111443,0,100,0,128,1,"[100,-64,5,0,-2,-23,-3,-24,-5,-24,-6,-24,-8,-24,-10,-23,-11,-22,-13,-21,-15,-20,-16,-19,-17,-18,-18,-17,-19,-17,-19,-16,-19,-16,-19,-16,-18,-15,-17,-15,-16,-14,-15,-14,-13,-13,-11,-13,-8,-11,-6,-11,-3,-10,-1,-3,0,0,0,0,0,0,0,0,0,0,0,0,0,0,0,0,0,0,-5,4,-20,17,-21,17,-21,16,-21,15,-20,15,-19,14,-17,13,-16,11,-15,8,-13,6,-12,3,-11,1,-10,-2,-9,-4,-9,-6,-8,-8,-8,-9,-8,-11,-7,-12,-7,-12,-6,-13,-5,-14,-4,-15,-3,-16,-3,-18,-2,-19]"
CSI_DATA,98651,d8:b1:90:db:e8:90,-53,11,1,6,0,0,1,0,1,0,1,-94,0,4,0,1497128157,0,100,0,128,1,"[100,-64,5,0,24,-12,24,-14,23,-15,23,-17,21,-19,19,-21,17,-22,16,-23,14,-24,12,-24,11,-25,10,-26,9,-26,9,-27,9,-27,9,-27,10,-26,10,-25,10,-23,9,-22,9,-20,9,-17,8,-14,8,-11,8,-8,2,-2,0,0,0,0,0,0,0,0,0,0,0,0,0,0,0,0,0,0,-8,-2,-31,-9,-30,-10,-30,-11,-29,-11,-27,-10,-25,-10,-23,-9,-20,-9,-17,-9,-14,-9,-10,-9,-7,-9,-4,-9,-2,-10,1,-10,3,-11,5,-11,6,-11,8,-11,9,-10,11,-10,12,-9,14,-9,16,-9,18,-9,20,-9]"
CSI_DATA,98652,d8:b1:90:db:e8:90,-53,11,1,6,0,0,1,0,1,0,1,-94,0,4,0,1497139309,0,100,0,128,1,"[100,-64,5,0,20,-18,20,-20,19,-22,18,-23,16,-25,14,-26,11,-27,9,-28,7,-28,5,-28,3,-28,2,-28,1,-29,1,-29,1,-29,1,-28,2,-28,2,-26,3,-25,3,-23,4,-21,4,-18,5,-16,6,-12,7,-10,1,-3,0,0,0,0,0,0,0,0,0,0,0,0,0,0,0,0,0,0,-8,-1,-32,-5,-32,-6,-32,-7,-31,-7,-29,-7,-27,-6,-25,-6,-22,-6,-19,-6,-15,-7,-11,-8,-8,-9,-5,-10,-3,-11,-1,-12,1,-13,3,-14,4,-14,5,-14,6,-14,8,-14,9,-14,11,-13,13,-13,15,-14,17,-15]"
CSI_DATA,98653,d8:b1:90:db:e8:90,-53,11,1,6,0,0,1,0,1,0,1,-94,0,4,0,1497150423,0,100,0,128,1,"[100,-64,5,0,26,-9,26,-10,26,-12,25,-14,24,-16,22,-18,21,-20,19,-21,17,-22,15,-23,14,-24,13,-25,13,-25,13,-25,13,-24,13,-24,13,-23,13,-22,13,-20,13,-19,12,-17,11,-15,10,-12,10,-9,9,-6,2,-1,0,0,0,0,0,0,0,0,0,0,0,0,0,0,0,0,0,0,-8,-3,-30,-12,-30,-13,-29,-13,-28,-13,-26,-12,-24,-11,-22,-11,-19,-10,-16,-10,-12,-9,-9,-9,-5,-9,-2,-9,1,-10,3,-10,5,-11,6,-11,8,-11,9,-10,10,-9,12,-9,13,-8,15,-7,17,-7,19,-6,21,-7]"
CSI_DATA,98654,d8:b1:90:db:e8:90,-53,11,1,6,0,0,1,0,1,0,1,-94,0,4,0,1497160815,0,100,0,128,1,"[100,-64,5,0,14,23,16,23,18,22,20,21,22,19,23,17,24,15,25,12,26,10,26,8,26,7,26,6,26,5,27,5,26,5,26,6,25,6,24,6,22,7,21,7,19,7,16,7,13,7,9,7,6,7,1,1,0,0,0,0,0,0,0,0,0,0,0,0,0,0,0,0,0,0,1,-8,5,-32,6,-32,6,-32,6,-30,6,-29,5,-27,5,-24,5,-21,5,-18,6,-14,7,-10,7,-7,8,-4,9,-1,10,1,11,3,12,4,12,5,12,7,12,8,11,9,11,11,10,13,10,15,10,17,11,19]"
CSI_DATA,98655,d8:b1:90:db:e8:90,-53,11,1,6,0,0,1,0,1,0,1,-94,0,4,0,1497173649,0,100,0,128,1,"[100,-64,5,0,-29,-3,-30,-2,-31,0,-31,2,-31,5,-30,7,-29,9,-28,11,-26,13,-25,14,-24,15,-24,16,-23,16,-23,16,-23,15,-23,15,-23,14,-23,12,-22,10,-21,9,-20,7,-18,6,-15,4,-13,1,-11,-1,-3,-1,0,0,0,0,0,0,0,0,0,0,0,0,0,0,0,0,0,0,7,3,29,13,29,14,28,14,27,14,25,13,23,12,21,11,17,10,14,9,10,8,6,8,3,7,-1,7,-4,7,-6,7,-9,7,-10,7,-11,6,-12,6,-13,5,-14,4,-15,2,-17,1,-19,-1,-21,-2,-22,-3]"
CSI_DATA,98656,d8:b1:90:db:e8:90,-53,11,1,6,0,0,1,0,1,0,1,-94,0,4,0,1497190271,0,100,0,128,1,"[100,-64,5,0,-29,-6,-30,-4,-30,-2,-31,0,-31,3,-30,5,-29,8,-28,10,-27,11,-26,13,-26,14,-25,15,-25,15,-25,15,-25,14,-25,14,-24,13,-24,12,-23,10,-22,9,-21,7,-19,5,-17,3,-14,1,-12,-1,-3,-1,0,0,0,0,0,0,0,0,0,0,0,0,0,0,0,0,0,0,6,4,26,18,26,18,25,18,24,18,22,17,21,15,18,14,16,12,12,11,9,10,5,9,2,8,-1,7,-4,6,-6,6,-8,6,-10,5,-11,5,-12,4,-13,3,-14,1,-15,0,-17,-2,-18,-4,-20,-5,-22,-5]"
CSI_DATA,98657,d8:b1:90:db:e8:90,-53,11,1,6,0,0,1,0,1,0,1,-94,0,4,0,1497214726,0,100,0,128,1,"[100,-64,5,0,6,-27,5,-29,3,-30,1,-31,-2,-32,-4,-31,-6,-31,-8,-30,-10,-29,-12,-28,-13,-28,-13,-27,-13,-27,-12,-26,-11,-27,-10,-27,-8,-26,-7,-26,-5,-25,-4,-24,-3,-22,-1,-20,0,-18,2,-15,3,-12,0,-3,0,0,0,0,0,0,0,0,0,0,0,0,0,0,0,0,0,0,-3,7,-12,28,-13,28,-13,27,-13,26,-12,25,-11,23,-10,21,-9,18,-8,14,-8,11,-7,7,-7,3,-7,0,-7,-3,-7,-5,-7,-7,-7,-8,-6,-9,-6,-10,-5,-11,-3,-12,-1,-13,1,-14,3,-16,4,-18,6,-20]"
CSI_DATA,98658,d8:b1:90:db:e8:90,-53,11,1,6,0,0,1,0,1,0,1,-94,0,4,0,1497225107,0,100,0,128,1,"[100,-64,5,0,-16,-23,-18,-23,-20,-23,-22,-22,-25,-20,-26,-17,-27,-15,-28,-13,-28,-11,-29,-10,-29,-8,-29,-7,-28,-7,-28,-8,-27,-9,-26,-10,-26,-11,-24,-12,-23,-13,-21,-13,-19,-14,-17,-13,-14,-13,-11,-12,-8,-11,-2,-3,0,0,0,0,0,0,0,0,0,0,0,0,0,0,0,0,0,0,2,7,9,29,9,29,8,29,8,27,8,26,7,24,7,22,5,19,4,15,1,12,-1,9,-3,6,-5,4,-7,2,-9,1,-11,0,-11,-1,-12,-2,-12,-3,-12,-4,-11,-5,-11,-7,-10,-10,-10,-12,-10,-15,-11,-17]"
CSI_DATA,98659,d8:b1:90:db:e8:90,-53,11,1,6,0,0,1,0,1,0,1,-94,0,4,0,1497237858,0,100,0,128,1,"[100,-64,5,0,26,0,28,-1,30,-4,30,-6,30,-9,29,-11,28,-14,26,-16,25,-17,24,-18,23,-19,22,-19,22,-19,22,-18,22,-16,22,-15,23,-13,23,-11,23,-9,22,-8,21,-7,19,-5,18,-3,15,-1,13,1,3,0,0,0,0,0,0,0,0,0,0,0,0,0,0,0,0,0,0,0,-8,-2,-31,-7,-31,-8,-31,-8,-30,-8,-28,-7,-26,-6,-23,-5,-20,-5,-16,-5,-13,-5,-9,-5,-5,-5,-2,-6,1,-8,3,-9,4,-9,5,-10,6,-10,7,-9,7,-8,8,-7,9,-5,11,-4,13,-2,16,0,18,0]"
CSI_DATA,98660,d8:b1:90:db:e8:90,-53,11,1,6,0,0,1,0,1,0,1,-94,0,4,0,1497252046,0,100,0,128,1,"[100,-64,5,0,26,-9,27,-12,28,-14,28,-17,27,-19,25,-21,23,-23,22,-25,20,-25,18,-26,17,-26,16,-26,16,-25,17,-24,18,-23,19,-21,19,-20,20,-18,20,-16,20,-14,20,-12,18,-10,17,-7,15,-4,13,-2,3,-1,0,0,0,0,0,0,0,0,0,0,0,0,0,0,0,0,0,0,-7,3,-29,13,-29,12,-29,11,-28,11,-27,11,-25,10,-22,10,-19,8,-16,7,-13,4,-10,2,-7,-1,-5,-3,-3,-5,-1,-7,0,-9,0,-10,1,-10,2,-10,3,-10,5,-9,7,-8,9,-7,12,-7,15,-6,18,-6]"
CSI_DATA,98661,d8:b1:90:db:e8:90,-53,11,1,6,0,0,1,0,1,0,1,-94,0,4,0,1497262095,0,100,0,128,1,"[100,-64,5,0,22,4,24,3,26,1,27,-1,27,-3,27,-5,27,-7,26,-9,25,-11,24,-12,23,-12,22,-13,22,-12,22,-11,22,-10,22,-8,22,-7,22,-5,21,-3,20,-2,19,-1,17,0,15,1,13,2,11,3,2,1,0,0,0,0,0,0,0,0,0,0,0,0,0,0,0,0,0,0,-7,-1,-25,-5,-26,-5,-25,-6,-25,-5,-24,-4,-22,-4,-20,-3,-17,-3,-15,-3,-12,-3,-8,-3,-5,-4,-3,-4,-1,-5,1,-6,3,-7,4,-7,5,-7,5,-7,6,-6,7,-5,8,-3,9,-2,11,0,13,1,15,2]"
CSI_DATA,98662,d8:b1:90:db:e8:90,-53,11,1,6,0,0,1,0,0,0,0,-94,0,4,0,1497273075,0,100,0,128,1,"[100,-64,5,0,23,0,25,-1,27,-3,28,-5,28,-7,27,-10,26,-12,25,-14,24,-15,23,-16,22,-17,21,-17,21,-16,21,-15,21,-14,21,-13,22,-11,22,-9,21,-7,21,-6,20,-4,18,-3,17,-1,14,1,12,2,3,0,0,0,0,0,0,0,0,0,0,0,0,0,0,0,0,0,0,0,-7,-1,-26,-3,-27,-3,-27,-4,-26,-3,-25,-3,-23,-2,-21,-2,-19,-2,-16,-2,-13,-2,-9,-3,-7,-4,-4,-5,-1,-6,1,-7,2,-8,3,-8,4,-9,4,-8,5,-8,6,-7,7,-5,9,-4,11,-2,13,-1,16,0]"
CSI_DATA,98663,d8:b1:90:db:e8:90,-52,11,1,6,0,0,1,0,0,0,0,-94,0,4,0,1497285564,0,100,0,128,1,"[100,-64,5,0,1,28,2,30,4,32,7,33,10,33,13,32,16,31,18,30,19,28,20,27,21,26,20,25,20,25,19,24,17,25,15,25,13,26,11,26,9,26,7,25,5,24,3,23,1,21,-1,18,-3,15,-1,3,0,0,0,0,0,0,0,0,0,0,0,0,0,0,0,0,0,0,0,-8,0,-32,1,-33,1,-33,1,-32,0,-30,0,-29,-1,-26,-1,-23,-1,-20,0,-16,1,-12,3,-8,4,-5,6,-2,7,0,9,2,9,3,10,3,10,4,9,5,8,6,7,8,5,10,3,13,2,16,1,18]"
CSI_DATA,98664,d8:b1:90:db:e8:90,-52,11,1,6,0,0,1,0,0,0,0,-94,0,4,0,1497311272,0,100,0,128,1,"[100,-64,5,0,-21,-10,-23,-9,-24,-8,-26,-7,-27,-6,-28,-4,-28,-2,-28,0,-28,1,-27,3,-27,3,-26,4,-25,3,-25,3,-24,1,-23,0,-23,-2,-22,-3,-21,-5,-20,-6,-18,-7,-16,-7,-14,-8,-12,-8,-10,-8,-3,-2,0,0,0,0,0,0,0,0,0,0,0,0,0,0,0,0,0,0,5,1,21,4,21,5,22,5,21,5,21,5,20,4,18,3,16,3,14,2,12,2,9,2,6,3,3,3,1,3,-1,4,-3,5,-4,5,-5,5,-5,4,-6,4,-6,3,-7,1,-9,0,-10,-2,-12,-4,-13,-5]"
CSI_DATA,98665,d8:b1:90:db:e8:90,-51,11,1,6,0,0,1,0,0,0,0,-95,0,4,0,1497322277,0,100,0,128,1,"[100,-64,5,0,23,8,26,8,28,7,30,5,31,3,32,1,32,-1,32,-3,31,-5,30,-7,30,-8,29,-8,28,-8,27,-7,26,-5,26,-4,25,-2,24,0,23,2,21,3,20,4,18,5,16,6,13,7,11,7,2,1,0,0,0,0,0,0,0,0,0,0,0,0,0,0,0,0,0,0,-7,-2,-25,-6,-26,-7,-26,-8,-26,-7,-25,-7,-24,-6,-23,-5,-20,-5,-17,-4,-14,-4,-11,-4,-8,-5,-5,-5,-3,-6,0,-6,2,-7,3,-8,4,-8,5,-8,6,-7,7,-5,7,-4,9,-2,11,0,13,2,15,4]"
CSI_DATA,98666,d8:b1:90:db:e8:90,-51,11,1,5,0,0,1,0,1,0,1,-95,0,4,0,1497332821,0,100,0,128,1,"[100,-64,5,0,-19,-19,-21,-20,-23,-20,-26,-19,-28,-18,-29,-16,-31,-14,-31,-12,-32,-10,-31,-8,-31,-7,-31,-6,-30,-6,-29,-7,-28,-8,-26,-9,-25,-10,-23,-12,-21,-13,-19,-13,-17,-14,-15,-14,-13,-13,-10,-13,-8,-12,-2,-3,0,0,0,0,0,0,0,0,0,0,0,0,0,0,0,0,0,0,5,3,20,15,20,16,20,16,20,16,20,15,19,15,17,14,16,12,14,10,11,9,8,8,5,7,3,6,0,5,-3,5,-5,5,-6,5,-7,4,-8,3,-8,3,-9,1,-9,-1,-9,-3,-10,-6,-11,-9,-12,-11]"
CSI_DATA,98667,d8:b1:90:db:e8:90,-51,11,1,5,0,0,1,0,1,0,1,-95,0,4,0,1497344231,0,100,0,128,1,"[100,-64,5,0,-20,-19,-22,-19,-24,-20,-27,-19,-29,-18,-31,-16,-32,-14,-32,-12,-33,-10,-32,-8,-32,-7,-32,-6,-31,-5,-29,-6,-28,-7,-27,-8,-25,-9,-24,-10,-22,-11,-20,-12,-18,-13,-16,-13,-13,-13,-11,-12,-8,-12,-2,-3,0,0,0,0,0,0,0,0,0,0,0,0,0,0,0,0,0,0,5,3,20,15,20,16,20,17,20,16,20,16,19,15,18,14,16,12,14,11,11,10,8,8,5,7,2,6,-1,6,-3,6,-5,6,-7,5,-8,5,-8,4,-9,3,-9,2,-9,0,-10,-3,-11,-5,-11,-8,-12,-10]"
CSI_DATA,98668,d8:b1:90:db:e8:90,-50,11,1,5,0,0,1,0,1,0,1,-95,0,4,0,1497355468,0,100,0,128,1,"[100,-64,5,0,-23,-10,-25,-10,-27,-9,-29,-8,-30,-6,-31,-4,-32,-1,-32,1,-31,3,-30,4,-30,5,-29,6,-28,6,-27,6,-27,5,-26,4,-25,2,-24,0,-23,-1,-22,-2,-20,-3,-18,-4,-16,-5,-14,-6,-12,-7,-3,-2,0,0,0,0,0,0,0,0,0,0,0,0,0,0,0,0,0,0,4,3,19,13,19,13,20,14,19,14,19,13,18,12,17,11,16,10,14,9,11,8,8,8,6,7,3,7,1,7,-2,7,-4,7,-5,7,-6,7,-7,6,-7,6,-7,4,-8,3,-10,1,-11,-2,-13,-4,-14,-5]"
CSI_DATA,98669,d8:b1:90:db:e8:90,-51,11,1,5,0,0,1,0,1,0,1,-95,0,4,0,1497366842,0,100,0,128,1,"[100,-64,5,0,-7,-19,-8,-21,-10,-23,-13,-25,-15,-27,-15,-28,-16,-28,-17,-25,-17,-20,-19,-17,-20,-15,-20,-13,-19,-10,-21,-7,-22,-6,-22,-9,-22,-11,-21,-13,-16,-16,-12,-19,-10,-18,-6,-17,-3,-14,-1,-10,-1,-8,0,-3,0,0,0,0,0,0,0,0,0,0,0,0,0,0,0,0,0,0,-1,4,-4,19,-4,20,-4,19,-4,19,-3,19,-2,18,-1,17,-1,16,-1,14,-1,13,-2,10,-3,8,-4,5,-5,3,-6,1,-7,0,-8,-2,-7,-2,-6,-3,-5,-4,-4,-4,-2,-5,-1,-5,-1,-7,-1,-9,-1,-10]"
CSI_DATA,98670,d8:b1:90:db:e8:90,-51,11,1,6,0,0,1,0,0,0,1,-95,0,4,0,1497381143,0,100,0,128,1,"[100,-64,5,0,-26,-1,-28,0,-30,1,-32,4,-32,6,-32,9,-32,11,-31,13,-30,15,-29,16,-27,17,-26,18,-25,17,-24,17,-24,15,-24,14,-23,12,-23,10,-23,8,-22,6,-21,4,-20,3,-18,1,-17,-1,-15,-3,-4,-1,0,0,0,0,0,0,0,0,0,0,0,0,0,0,0,0,0,0,6,0,24,3,24,4,25,4,25,4,24,4,23,3,22,2,20,2,17,2,14,3,11,3,8,4,6,5,4,6,2,7,0,8,-1,9,-2,9,-3,9,-4,9,-5,8,-7,6,-8,5,-11,3,-13,2,-15,1]"
CSI_DATA,98671,d8:b1:90:db:e8:90,-49,11,1,6,0,0,1,0,0,0,1,-95,0,4,0,1497394277,0,100,0,128,1,"[100,-64,5,0,19,12,23,18,28,22,30,17,30,10,28,6,23,2,28,1,35,1,41,-4,44,-8,39,-6,31,-3,25,5,24,12,26,4,27,0,22,-1,17,-5,18,1,20,6,26,8,30,9,21,7,17,7,5,2,0,0,0,0,0,0,0,0,0,0,0,0,0,0,0,0,0,0,-4,-4,-18,-14,-23,-12,-25,-10,-24,-13,-22,-14,-22,-16,-22,-19,-19,-15,-15,-11,-18,-10,-18,-10,-10,-7,-2,-7,4,-9,8,-12,5,-10,3,-8,5,-13,5,-16,6,-12,7,-6,11,-4,14,0,10,3,8,5,6,9]"
CSI_DATA,98672,d8:b1:90:db:e8:90,-50,11,1,6,0,0,1,0,0,0,1,-95,0,4,0,1497414495,0,100,0,128,1,"[100,-64,5,0,19,15,22,16,24,17,27,16,29,15,31,13,32,11,33,8,33,6,33,4,33,2,32,1,32,0,31,0,30,1,28,3,27,4,25,5,24,7,22,8,20,9,18,10,15,10,13,11,10,11,2,2,0,0,0,0,0,0,0,0,0,0,0,0,0,0,0,0,0,0,-5,-4,-19,-17,-19,-18,-20,-18,-20,-18,-20,-17,-19,-17,-18,-16,-17,-14,-15,-13,-12,-11,-9,-10,-7,-9,-4,-9,-1,-8,2,-8,4,-8,5,-8,6,-8,7,-8,7,-6,8,-5,8,-3,8,-1,9,2,10,5,12,7]"
CSI_DATA,98673,d8:b1:90:db:e8:90,-50,11,1,6,0,0,1,0,0,0,1,-95,0,4,0,1497424847,0,100,0,128,1,"[100,-64,5,0,-8,20,-8,23,-7,25,-6,27,-4,28,-2,29,1,30,3,30,5,29,7,29,8,28,9,27,9,26,9,26,8,25,7,24,6,24,4,23,2,22,1,21,-1,20,-2,19,-4,17,-5,15,-7,13,-2,3,0,0,0,0,0,0,0,0,0,0,0,0,0,0,0,0,0,0,3,-5,14,-17,15,-17,16,-17,15,-18,15,-18,14,-17,13,-16,12,-15,11,-13,10,-11,9,-9,8,-6,8,-3,8,-1,8,1,8,3,8,4,9,5,9,6,8,6,7,7,5,8,4,8,2,10,-1,11,-3,13]"
CSI_DATA,98674,d8:b1:90:db:e8:90,-50,11,1,6,0,0,1,0,0,0,1,-95,0,4,0,1497435005,0,100,0,128,1,"[100,-64,5,0,21,2,24,2,26,1,27,0,28,-2,29,-5,29,-7,29,-10,28,-12,27,-13,26,-15,25,-16,24,-16,24,-16,23,-15,23,-13,23,-12,22,-10,22,-9,21,-7,20,-5,18,-3,17,-1,16,1,14,2,3,0,0,0,0,0,0,0,0,0,0,0,0,0,0,0,0,0,0,0,-5,-3,-20,-11,-20,-11,-20,-12,-21,-12,-20,-11,-20,-11,-19,-10,-17,-9,-15,-8,-13,-8,-11,-8,-8,-8,-6,-8,-4,-8,-2,-8,0,-9,1,-10,2,-10,3,-9,4,-9,5,-8,6,-7,7,-5,9,-3,11,-1,13,0]"
CSI_DATA,98675,d8:b1:90:db:e8:90,-51,11,1,6,0,0,1,0,0,0,1,-95,0,4,0,1497445215,0,100,0,128,1,"[100,-64,5,0,22,5,25,5,27,4,29,3,31,1,31,-1,32,-4,32,-6,31,-8,30,-10,30,-11,29,-12,29,-13,28,-12,27,-12,26,-10,26,-9,25,-7,24,-5,23,-3,22,-2,20,0,18,2,16,4,14,5,3,1,0,0,0,0,0,0,0,0,0,0,0,0,0,0,0,0,0,0,-6,-2,-22,-8,-23,-9,-24,-9,-24,-9,-23,-9,-23,-8,-21,-7,-20,-7,-18,-6,-15,-6,-12,-6,-9,-6,-7,-6,-4,-7,-2,-8,0,-9,1,-9,3,-9,4,-9,4,-9,5,-8,6,-7,7,-5,9,-3,11,-1,13,0]"
CSI_DATA,98676,d8:b1:90:db:e8:90,-51,11,1,6,0,0,1,0,0,0,1,-95,0,4,0,1497460613,0,100,0,128,1,"[100,-64,5,0,-10,17,-11,19,-11,21,-10,23,-9,24,-7,25,-5,27,-3,27,-1,27,0,27,2,27,3,27,4,26,4,25,4,25,3,24,2,23,0,22,-1,21,-2,20,-4,18,-5,17,-6,15,-8,13,-8,12,-3,2,0,0,0,0,0,0,0,0,0,0,0,0,0,0,0,0,0,0,4,-3,16,-12,17,-12,17,-12,17,-12,16,-13,15,-12,14,-12,13,-11,12,-10,11,-8,9,-6,8,-4,8,-1,7,1,7,3,6,4,6,5,6,6,6,7,5,7,5,7,3,8,1,8,-1,9,-3,10,-4,11]"
CSI_DATA,98677,d8:b1:90:db:e8:90,-51,11,1,6,0,0,1,0,0,0,1,-95,0,4,0,1497473023,0,100,0,128,1,"[100,-64,5,0,1,-21,0,-23,-1,-25,-2,-27,-4,-28,-6,-28,-8,-28,-11,-28,-13,-27,-14,-26,-16,-25,-17,-24,-17,-23,-17,-23,-16,-22,-15,-22,-14,-22,-12,-21,-10,-21,-9,-20,-7,-20,-5,-19,-3,-18,-1,-17,1,-15,0,-4,0,0,0,0,0,0,0,0,0,0,0,0,0,0,0,0,0,0,-3,4,-11,17,-12,18,-12,18,-12,18,-12,18,-11,17,-10,17,-9,16,-9,14,-8,12,-8,9,-8,7,-8,5,-8,2,-8,0,-9,-2,-9,-3,-9,-4,-10,-5,-9,-6,-9,-6,-8,-7,-7,-8,-5,-10,-3,-12,-2,-13]"
CSI_DATA,98678,d8:b1:90:db:e8:90,-51,11,1,6,0,0,1,0,0,0,1,-95,0,4,0,1497484885,0,100,0,128,1,"[100,-64,5,0,-11,15,-11,17,-11,19,-11,21,-10,23,-8,24,-6,25,-4,26,-2,26,-1,26,1,26,2,26,3,26,3,25,3,24,2,23,1,23,0,21,-2,20,-3,19,-4,18,-6,16,-7,14,-8,12,-9,10,-3,2,0,0,0,0,0,0,0,0,0,0,0,0,0,0,0,0,0,0,4,-3,16,-10,17,-10,18,-10,17,-11,17,-11,16,-11,15,-10,13,-10,12,-9,11,-7,9,-5,8,-3,7,-1,6,1,6,3,5,5,5,6,5,7,5,8,5,8,4,8,3,9,1,9,-1,9,-3,10,-4,11]"
CSI_DATA,98679,d8:b1:90:db:e8:90,-51,11,1,6,0,0,1,0,0,0,1,-95,0,4,0,1497495098,0,100,0,128,1,"[100,-64,5,0,-1,21,-1,23,1,25,2,26,4,27,7,28,9,28,12,27,14,26,15,25,17,24,18,23,18,22,18,21,18,21,17,21,15,20,13,20,12,20,10,19,8,19,5,19,3,18,0,17,-2,16,-1,3,0,0,0,0,0,0,0,0,0,0,0,0,0,0,0,0,0,0,3,-5,12,-18,13,-18,13,-19,13,-19,13,-19,12,-19,11,-18,10,-17,9,-15,8,-13,8,-10,7,-7,7,-5,8,-2,8,0,9,1,9,3,10,4,10,5,10,6,9,6,8,7,7,8,5,10,4,11,2,13]"
CSI_DATA,98680,d8:b1:90:db:e8:90,-51,11,1,6,0,0,1,0,0,0,1,-95,0,4,0,1497517340,0,100,0,128,1,"[100,-64,5,0,5,-19,6,-21,5,-23,4,-24,3,-26,1,-27,-1,-27,-3,-28,-5,-28,-7,-27,-9,-27,-11,-26,-11,-26,-11,-25,-11,-24,-10,-24,-9,-23,-8,-22,-6,-22,-4,-21,-3,-20,-1,-19,1,-17,3,-16,5,-14,1,-4,0,0,0,0,0,0,0,0,0,0,0,0,0,0,0,0,0,0,-5,2,-18,10,-19,9,-19,9,-19,9,-19,10,-18,10,-17,10,-16,9,-14,8,-13,6,-12,4,-10,2,-9,0,-9,-2,-8,-4,-8,-6,-8,-7,-8,-8,-7,-9,-7,-9,-7,-10,-6,-11,-4,-11,-2,-12,0,-13,1,-13]"
CSI_DATA,98681,d8:b1:90:db:e8:90,-51,11,1,6,0,0,1,0,0,0,1,-95,0,4,0,1497529050,0,100,0,128,1,"[100,-64,5,0,20,-14,22,-15,23,-17,23,-20,23,-22,22,-24,20,-27,19,-29,16,-30,14,-32,12,-32,11,-33,10,-33,9,-33,9,-32,10,-31,10,-29,11,-27,11,-25,12,-23,13,-21,13,-18,14,-14,15,-11,15,-8,3,-2,0,0,0,0,0,0,0,0,0,0,0,0,0,0,0,0,0,0,-7,-1,-26,-2,-27,-3,-28,-3,-28,-3,-27,-2,-27,-1,-25,-1,-23,-1,-21,-1,-18,-2,-15,-2,-12,-4,-10,-5,-7,-7,-5,-9,-4,-10,-2,-12,-1,-13,0,-14,1,-14,2,-14,3,-14,5,-13,7,-13,10,-12,12,-12]"
CSI_DATA,98682,d8:b1:90:db:e8:90,-51,11,1,6,0,0,1,0,0,0,1,-95,0,4,0,1497549261,0,100,0,128,1,"[100,-64,5,0,16,-19,18,-20,18,-22,18,-25,17,-27,15,-29,13,-31,11,-33,8,-33,6,-34,3,-35,1,-35,0,-34,-1,-34,-1,-33,0,-32,0,-31,2,-29,3,-27,4,-25,6,-23,7,-21,9,-18,11,-15,13,-13,3,-3,0,0,0,0,0,0,0,0,0,0,0,0,0,0,0,0,0,0,-7,-2,-27,-5,-27,-6,-28,-6,-28,-6,-28,-5,-27,-4,-26,-3,-24,-3,-21,-3,-18,-4,-15,-4,-12,-5,-10,-7,-7,-9,-5,-11,-4,-13,-3,-14,-2,-15,-1,-16,-1,-17,0,-17,1,-17,3,-16,5,-16,7,-16,9,-16]"
CSI_DATA,98683,d8:b1:90:db:e8:90,-52,11,1,6,0,0,1,0,0,0,1,-95,0,4,0,1497561244,0,100,0,128,1,"[100,-64,5,0,6,19,7,20,8,22,10,22,12,23,14,22,17,22,18,21,20,19,21,18,22,17,23,16,24,15,23,14,23,13,22,13,20,13,18,13,16,13,14,13,12,13,9,13,7,14,4,14,2,13,0,3,0,0,0,0,0,0,0,0,0,0,0,0,0,0,0,0,0,0,1,-6,8,-21,8,-21,8,-22,8,-22,7,-22,6,-21,6,-20,5,-19,5,-17,5,-14,5,-12,5,-9,6,-6,6,-4,7,-2,8,0,9,1,10,2,10,3,11,4,10,5,10,6,9,7,8,8,7,10,7,12]"
CSI_DATA,98684,d8:b1:90:db:e8:90,-52,11,1,6,0,0,1,0,0,0,1,-95,0,4,0,1497575594,0,100,0,128,1,"[100,-64,5,0,19,4,21,5,23,4,24,3,25,2,26,0,27,-2,27,-5,27,-7,27,-9,26,-10,26,-12,25,-13,25,-13,24,-12,23,-11,22,-10,21,-9,20,-7,19,-5,18,-3,16,-1,15,1,13,4,12,5,2,1,0,0,0,0,0,0,0,0,0,0,0,0,0,0,0,0,0,0,-4,-5,-13,-19,-13,-20,-13,-20,-14,-20,-14,-19,-14,-18,-13,-17,-12,-16,-11,-14,-9,-13,-7,-11,-5,-10,-2,-9,0,-8,3,-8,5,-8,7,-8,8,-8,9,-8,9,-7,10,-6,10,-6,11,-5,12,-3,13,-1,14,0]"
CSI_DATA,98685,d8:b1:90:db:e8:90,-51,11,1,6,0,0,1,0,0,0,1,-95,0,4,0,1497587468,0,100,0,128,1,"[100,-64,5,0,23,-4,25,-4,27,-6,28,-7,29,-9,29,-12,29,-14,28,-17,28,-19,26,-21,25,-22,24,-23,23,-24,22,-24,21,-24,21,-23,20,-21,20,-19,19,-17,18,-14,18,-11,17,-8,16,-5,15,-1,14,2,3,0,0,0,0,0,0,0,0,0,0,0,0,0,0,0,0,0,0,0,-6,-4,-24,-13,-25,-13,-25,-14,-26,-13,-25,-13,-25,-12,-24,-11,-22,-10,-19,-9,-17,-9,-13,-8,-10,-8,-7,-8,-4,-8,-1,-9,1,-10,3,-11,5,-11,6,-12,7,-11,8,-11,9,-10,11,-9,12,-8,14,-7,16,-6]"
CSI_DATA,98686,d8:b1:90:db:e8:90,-51,11,1,6,0,0,1,0,0,0,1,-95,0,4,0,1497599319,0,100,0,128,1,"[100,-64,5,0,-17,17,-18,18,-19,20,-18,22,-18,24,-17,26,-15,28,-13,30,-11,31,-8,32,-6,33,-4,33,-3,33,-2,32,-2,31,-2,30,-3,28,-4,26,-5,23,-7,21,-8,19,-9,16,-11,13,-13,10,-14,7,-4,1,0,0,0,0,0,0,0,0,0,0,0,0,0,0,0,0,0,0,6,0,28,0,28,1,29,1,29,0,28,-1,27,-2,25,-2,23,-2,21,-2,18,-1,14,0,11,2,8,4,6,7,4,9,2,11,2,13,1,14,1,15,0,16,0,16,-1,15,-2,15,-4,15,-6,14,-8,14]"
CSI_DATA,98687,d8:b1:90:db:e8:90,-51,11,1,6,0,0,1,0,0,0,1,-95,0,4,0,1497619789,0,100,0,128,1,"[100,-64,5,0,-21,11,-23,12,-24,14,-25,16,-25,18,-25,20,-24,23,-23,25,-21,27,-19,28,-18,29,-16,30,-15,31,-14,30,-13,28,-13,27,-13,25,-13,23,-14,20,-14,17,-15,14,-15,11,-15,8,-16,4,-16,1,-4,0,0,0,0,0,0,0,0,0,0,0,0,0,0,0,0,0,0,0,7,0,28,3,29,3,30,3,30,3,29,2,28,1,27,0,24,0,21,0,18,1,15,2,11,3,8,4,5,6,3,8,0,10,-1,12,-2,13,-2,14,-3,15,-4,15,-5,14,-6,14,-8,13,-10,12,-12,12]"
CSI_DATA,98688,d8:b1:90:db:e8:90,-51,11,1,6,0,0,1,0,0,0,1,-95,0,4,0,1497634362,0,100,0,128,1,"[100,-64,5,0,-24,-2,-25,-3,-27,-2,-29,-1,-31,1,-32,3,-32,5,-32,7,-32,9,-32,11,-31,13,-30,15,-30,16,-29,16,-28,16,-27,15,-26,14,-25,12,-23,9,-22,7,-20,4,-18,1,-16,-2,-14,-5,-13,-7,-3,-2,0,0,0,0,0,0,0,0,0,0,0,0,0,0,0,0,0,0,5,4,22,17,23,18,23,18,24,18,24,17,23,16,22,15,20,13,18,11,15,10,11,10,8,9,4,8,1,8,-2,8,-5,9,-7,10,-9,10,-10,11,-11,11,-11,10,-12,9,-13,8,-14,6,-15,4,-16,3]"
CSI_DATA,98689,d8:b1:90:db:e8:90,-51,11,1,6,0,0,1,0,0,0,1,-95,0,4,0,1497652378,0,100,0,128,1,"[100,-64,5,0,14,17,15,19,17,20,19,21,21,21,23,20,25,19,27,18,29,15,30,13,31,11,32,10,32,8,32,7,31,7,30,7,29,7,26,7,23,8,21,9,18,9,14,10,11,11,8,12,5,12,1,3,0,0,0,0,0,0,0,0,0,0,0,0,0,0,0,0,0,0,0,-8,2,-30,3,-31,3,-32,2,-32,1,-32,1,-31,0,-29,0,-27,0,-24,0,-21,1,-17,2,-14,4,-10,6,-7,8,-5,10,-3,12,-2,14,-1,15,0,15,1,16,2,16,3,15,4,15,5,14,8,14,9]"
CSI_DATA,98690,d8:b1:90:db:e8:90,-52,11,1,6,0,0,1,0,0,0,1,-95,0,4,0,1497663435,0,100,0,128,1,"[100,-64,5,0,13,-12,14,-13,15,-15,16,-16,16,-18,15,-20,15,-21,14,-23,12,-24,11,-25,9,-26,8,-26,7,-26,6,-26,6,-26,6,-24,6,-23,6,-21,6,-19,7,-17,7,-14,8,-12,9,-9,9,-6,9,-4,2,-1,0,0,0,0,0,0,0,0,0,0,0,0,0,0,0,0,0,0,-6,0,-23,0,-24,-1,-25,-1,-25,-1,-24,0,-23,0,-22,1,-21,1,-19,1,-16,0,-14,-1,-11,-2,-9,-4,-7,-5,-5,-7,-3,-9,-2,-10,-1,-11,-1,-12,0,-13,0,-13,1,-13,2,-13,4,-12,6,-12,7,-12]"
CSI_DATA,98691,d8:b1:90:db:e8:90,-52,11,1,6,0,0,1,0,0,0,1,-95,0,4,0,1497676938,0,100,0,128,1,"[100,-64,5,0,16,-9,17,-9,18,-10,19,-12,20,-13,20,-15,19,-17,18,-19,17,-20,16,-22,15,-23,13,-24,12,-24,12,-24,11,-24,11,-23,11,-22,10,-20,10,-18,10,-15,10,-13,10,-11,10,-8,10,-5,10,-3,2,-1,0,0,0,0,0,0,0,0,0,0,0,0,0,0,0,0,0,0,-6,-2,-22,-8,-23,-8,-23,-9,-24,-9,-24,-8,-23,-7,-22,-7,-20,-6,-18,-5,-16,-5,-13,-5,-10,-5,-8,-6,-5,-7,-3,-8,-1,-9,0,-10,1,-11,2,-12,3,-12,4,-12,4,-12,5,-12,6,-11,8,-10,10,-10]"
CSI_DATA,98692,d8:b1:90:db:e8:90,-52,11,1,6,0,0,1,0,0,0,1,-95,0,4,0,1497690028,0,100,0,128,1,"[100,-64,5,0,2,21,2,23,2,24,4,25,5,26,7,27,9,27,11,27,13,27,15,26,17,26,18,25,19,24,20,23,20,22,19,22,18,21,16,20,14,19,12,17,9,16,6,15,3,14,0,12,-3,11,-1,2,0,0,0,0,0,0,0,0,0,0,0,0,0,0,0,0,0,0,4,-6,17,-22,18,-23,18,-23,18,-23,18,-23,16,-23,15,-22,13,-21,12,-19,11,-16,10,-13,9,-9,9,-6,9,-2,9,0,9,3,10,5,11,7,11,8,11,9,11,10,11,11,10,11,8,12,7,14,6,15]"
CSI_DATA,98693,d8:b1:90:db:e8:90,-51,11,1,6,0,0,1,0,0,0,1,-95,0,4,0,1497720734,0,100,0,128,1,"[100,-64,5,0,8,-22,9,-24,9,-25,9,-27,8,-29,7,-30,5,-31,3,-32,0,-33,-2,-33,-4,-34,-6,-34,-8,-33,-8,-33,-9,-32,-9,-31,-8,-30,-7,-28,-6,-26,-4,-24,-3,-22,-1,-19,2,-17,4,-14,6,-12,1,-3,0,0,0,0,0,0,0,0,0,0,0,0,0,0,0,0,0,0,-8,0,-30,2,-31,1,-32,1,-32,1,-31,2,-30,3,-29,3,-27,3,-24,3,-21,2,-18,0,-15,-2,-13,-4,-10,-6,-8,-9,-7,-11,-7,-13,-6,-15,-5,-16,-5,-17,-4,-17,-3,-18,-2,-18,-1,-18,1,-18,3,-19]"
CSI_DATA,98694,d8:b1:90:db:e8:90,-52,11,1,6,0,0,1,0,0,0,1,-95,0,4,0,1497732976,0,100,0,128,1,"[100,-64,5,0,-19,2,-20,2,-22,2,-23,3,-23,4,-23,6,-24,7,-24,9,-23,10,-23,12,-23,14,-22,15,-21,16,-21,16,-20,16,-19,16,-19,15,-18,14,-17,12,-16,10,-15,8,-13,6,-12,4,-11,1,-10,-2,-3,-1,0,0,0,0,0,0,0,0,0,0,0,0,0,0,0,0,0,0,4,3,16,16,16,17,16,17,17,17,17,16,17,16,16,14,15,13,14,11,11,10,9,9,6,8,3,8,1,7,-2,7,-4,7,-6,8,-7,8,-8,9,-9,9,-10,9,-10,8,-11,8,-12,7,-13,6,-14,5]"
CSI_DATA,98695,d8:b1:90:db:e8:90,-51,11,1,6,0,0,1,0,0,0,1,-95,0,4,0,1497754187,0,100,0,128,1,"[100,-64,5,0,-6,-23,-6,-25,-7,-26,-8,-27,-10,-27,-11,-28,-13,-28,-15,-27,-17,-27,-19,-26,-21,-25,-22,-24,-23,-23,-24,-22,-24,-22,-23,-21,-22,-20,-21,-19,-19,-19,-17,-18,-14,-16,-11,-15,-8,-14,-5,-13,-2,-12,-1,-3,0,0,0,0,0,0,0,0,0,0,0,0,0,0,0,0,0,0,-6,5,-21,21,-22,21,-23,21,-23,21,-22,21,-21,21,-19,20,-17,19,-16,17,-14,14,-13,11,-11,8,-10,4,-10,1,-11,-2,-11,-5,-11,-6,-12,-8,-12,-10,-13,-11,-12,-12,-12,-12,-11,-13,-10,-14,-9,-16,-8,-17]"
CSI_DATA,98696,d8:b1:90:db:e8:90,-51,11,1,6,0,0,1,0,0,0,1,-95,0,4,0,1497768332,0,100,0,128,1,"[100,-64,5,0,-6,-24,-6,-25,-7,-26,-8,-27,-9,-27,-10,-27,-12,-27,-14,-27,-15,-26,-17,-26,-19,-26,-20,-25,-21,-24,-21,-24,-22,-24,-21,-23,-20,-22,-19,-21,-17,-20,-16,-19,-14,-18,-11,-16,-8,-14,-4,-12,-2,-11,-1,-3,0,0,0,0,0,0,0,0,0,0,0,0,0,0,0,0,0,0,-5,5,-18,23,-19,23,-20,23,-19,23,-19,23,-17,22,-16,22,-14,20,-13,18,-12,15,-11,12,-10,9,-9,5,-9,2,-9,-1,-10,-3,-10,-5,-10,-7,-11,-9,-11,-10,-11,-11,-11,-12,-10,-13,-9,-15,-8,-17,-7,-18]"
CSI_DATA,98697,d8:b1:90:db:e8:90,-52,11,1,6,0,0,1,0,0,0,1,-95,0,4,0,1497780218,0,100,0,128,1,"[100,-64,5,0,9,-19,9,-20,10,-21,9,-22,8,-23,7,-24,6,-25,4,-26,2,-26,1,-27,-1,-27,-2,-27,-3,-27,-4,-27,-4,-27,-4,-26,-4,-25,-4,-24,-3,-23,-2,-21,-1,-19,0,-17,1,-14,3,-12,5,-10,1,-3,0,0,0,0,0,0,0,0,0,0,0,0,0,0,0,0,0,0,-7,-1,-25,-4,-25,-4,-26,-5,-26,-4,-25,-4,-24,-3,-23,-2,-21,-2,-19,-2,-17,-3,-14,-3,-12,-4,-9,-6,-7,-7,-5,-9,-4,-10,-3,-11,-3,-13,-2,-14,-2,-14,-1,-15,0,-15,1,-15,2,-15,4,-16,5,-16]"
CSI_DATA,98698,d8:b1:90:db:e8:90,-51,11,1,6,0,0,1,0,0,0,1,-95,0,4,0,1497790279,0,100,0,128,1,"[100,-64,5,0,-16,19,-17,20,-17,21,-16,23,-16,24,-15,25,-13,26,-12,27,-10,28,-8,28,-7,29,-6,30,-5,30,-4,30,-4,30,-4,30,-4,29,-4,27,-4,25,-4,23,-5,20,-5,17,-6,14,-7,11,-8,8,-2,1,0,0,0,0,0,0,0,0,0,0,0,0,0,0,0,0,0,0,7,0,28,2,29,3,29,3,29,3,28,2,27,2,26,1,24,1,21,1,18,2,15,2,12,3,9,5,7,7,4,8,3,10,1,11,0,12,-1,13,-2,14,-3,14,-4,14,-6,15,-7,15,-9,16,-10,16]"
CSI_DATA,98699,d8:b1:90:db:e8:90,-52,11,1,6,0,0,1,0,0,0,1,-95,0,4,0,1497800417,0,100,0,128,1,"[100,-64,5,0,-21,-2,-22,-1,-23,-1,-24,0,-24,1,-25,3,-25,5,-25,6,-24,7,-24,9,-24,10,-23,11,-23,12,-23,12,-22,12,-22,12,-21,12,-20,11,-19,10,-18,8,-17,7,-15,5,-13,3,-12,1,-10,-1,-3,-1,0,0,0,0,0,0,0,0,0,0,0,0,0,0,0,0,0,0,2,5,10,21,10,21,10,21,10,21,10,21,10,20,9,18,9,17,8,15,6,14,4,12,2,10,0,9,-2,8,-4,7,-6,7,-8,7,-9,6,-10,6,-11,6,-12,5,-13,5,-13,4,-14,3,-15,2,-16,1]"
CSI_DATA,98700,d8:b1:90:db:e8:90,-51,11,1,6,0,0,1,0,0,0,1,-95,0,4,0,1497823227,0,100,0,128,1,"[100,-64,5,0,-13,21,-13,22,-13,24,-12,25,-11,26,-10,27,-8,28,-7,28,-5,28,-3,29,-2,29,-1,29,0,30,1,29,1,29,1,29,1,28,0,27,-1,25,-1,23,-2,21,-2,19,-4,16,-6,12,-7,10,-2,2,0,0,0,0,0,0,0,0,0,0,0,0,0,0,0,0,0,0,7,0,29,2,29,3,29,3,29,3,28,2,27,1,25,1,23,1,20,1,17,2,14,3,11,4,8,6,6,8,4,9,3,11,2,13,1,14,0,15,0,15,-1,16,-2,16,-3,17,-5,17,-7,17,-8,18]"
CSI_DATA,98701,d8:b1:90:db:e8:90,-51,11,1,6,0,0,1,0,0,0,1,-95,0,4,0,1497836732,0,100,0,128,1,"[100,-64,5,0,-21,16,-21,18,-21,19,-21,21,-20,22,-19,24,-18,25,-16,26,-15,27,-14,27,-12,28,-11,28,-10,29,-10,29,-10,29,-10,28,-10,27,-9,26,-10,25,-10,23,-9,20,-9,18,-10,14,-10,11,-10,8,-3,1,0,0,0,0,0,0,0,0,0,0,0,0,0,0,0,0,0,0,7,2,28,9,28,10,28,10,28,10,28,9,26,8,25,7,22,6,20,6,16,6,13,6,10,7,7,8,4,9,2,10,0,12,-2,13,-3,13,-4,14,-5,14,-6,15,-7,14,-9,14,-11,14,-13,14,-14,14]"
CSI_DATA,98702,d8:b1:90:db:e8:90,-51,11,1,6,0,0,1,0,0,0,1,-95,0,4,0,1497854147,0,100,0,128,1,"[100,-64,5,0,26,-4,27,-5,28,-6,28,-8,28,-9,28,-11,27,-13,27,-15,26,-17,24,-18,23,-19,23,-20,22,-20,22,-21,22,-20,22,-20,22,-19,21,-19,20,-17,19,-16,18,-14,16,-12,14,-9,13,-6,12,-4,2,-1,0,0,0,0,0,0,0,0,0,0,0,0,0,0,0,0,0,0,-5,-6,-19,-23,-19,-24,-19,-25,-19,-24,-18,-23,-18,-21,-17,-20,-15,-18,-13,-16,-11,-15,-8,-13,-5,-12,-3,-11,0,-10,3,-10,5,-10,7,-10,8,-10,10,-10,11,-9,12,-9,13,-8,15,-7,16,-6,18,-5,20,-5]"
CSI_DATA,98703,d8:b1:90:db:e8:90,-52,11,1,6,0,0,1,0,0,0,1,-95,0,4,0,1497870218,0,100,0,128,1,"[100,-64,5,0,25,7,26,6,28,5,28,3,29,2,29,0,29,-2,29,-4,28,-6,28,-7,27,-8,27,-8,27,-9,27,-10,27,-9,27,-9,27,-9,26,-8,25,-7,23,-6,22,-5,19,-4,17,-2,14,0,12,2,2,0,0,0,0,0,0,0,0,0,0,0,0,0,0,0,0,0,0,0,-2,-8,-8,-29,-8,-29,-8,-29,-8,-29,-8,-27,-8,-26,-8,-24,-7,-22,-6,-19,-4,-16,-2,-14,0,-12,2,-10,5,-8,7,-7,9,-6,10,-6,12,-6,12,-5,13,-4,14,-3,15,-2,16,-1,17,1,18,3,20,3]"
CSI_DATA,98704,d8:b1:90:db:e8:90,-51,11,1,6,0,0,1,0,0,0,1,-95,0,4,0,1497882067,0,100,0,128,1,"[100,-64,5,0,-15,24,-15,26,-14,27,-13,29,-11,30,-9,30,-7,31,-5,31,-3,30,-2,30,0,31,1,31,2,31,2,31,2,30,1,30,1,30,0,29,0,27,-1,26,-2,24,-2,21,-4,19,-5,15,-7,12,-2,2,0,0,0,0,0,0,0,0,0,0,0,0,0,0,0,0,0,0,7,0,31,1,31,2,31,3,30,2,29,1,27,1,25,1,23,0,20,1,17,2,14,3,11,5,9,6,6,8,4,10,3,11,2,13,1,14,0,15,-1,15,-2,16,-3,16,-5,16,-7,17,-9,18,-10,19]"
CSI_DATA,98705,d8:b1:90:db:e8:90,-51,11,1,6,0,0,1,0,0,0,1,-95,0,4,0,1497895317,0,100,0,128,1,"[100,-64,5,0,-24,13,-25,15,-25,17,-24,18,-23,20,-22,21,-20,23,-19,24,-17,24,-15,25,-14,25,-13,26,-13,26,-12,26,-13,26,-13,26,-13,25,-13,24,-13,23,-13,21,-13,20,-12,17,-12,14,-12,11,-12,8,-3,1,0,0,0,0,0,0,0,0,0,0,0,0,0,0,0,0,0,0,6,4,25,16,25,16,24,16,24,16,24,14,22,13,20,12,18,11,16,10,13,9,9,9,6,9,3,9,1,10,-2,11,-4,11,-5,12,-6,12,-7,13,-8,12,-9,12,-10,12,-12,11,-14,11,-16,11,-17,11]"
CSI_DATA,98706,d8:b1:90:db:e8:90,-51,11,1,6,0,0,1,0,0,0,1,-95,0,4,0,1497930578,0,100,0,128,1,"[100,-64,5,0,-9,-26,-10,-27,-12,-28,-14,-28,-16,-27,-18,-26,-19,-24,-21,-23,-22,-21,-22,-19,-23,-18,-23,-18,-23,-17,-23,-18,-22,-19,-22,-19,-22,-20,-21,-20,-20,-20,-19,-19,-17,-19,-15,-18,-12,-16,-9,-15,-6,-14,-2,-4,0,0,0,0,0,0,0,0,0,0,0,0,0,0,0,0,0,0,-5,5,-19,23,-19,23,-19,22,-19,22,-17,21,-16,20,-14,19,-13,17,-11,14,-11,11,-10,7,-9,4,-9,1,-10,-1,-10,-4,-11,-5,-11,-6,-11,-8,-11,-9,-11,-10,-11,-11,-10,-12,-9,-14,-8,-15,-7,-18,-7,-20]"
CSI_DATA,98707,d8:b1:90:db:e8:90,-51,11,1,6,0,0,1,0,0,0,1,-95,0,4,0,1497946844,0,100,0,128,1,"[100,-64,5,0,-29,9,-30,10,-30,12,-29,15,-28,17,-27,18,-25,20,-24,21,-22,22,-21,23,-20,23,-19,24,-19,24,-19,23,-20,23,-21,23,-21,22,-21,21,-21,19,-21,18,-20,16,-19,14,-18,11,-16,8,-15,5,-4,1,0,0,0,0,0,0,0,0,0,0,0,0,0,0,0,0,0,0,6,3,27,14,27,14,27,14,26,13,25,12,24,11,22,10,19,9,16,8,13,8,9,8,6,8,3,8,1,9,-2,9,-4,9,-5,10,-6,10,-8,10,-9,10,-10,9,-12,8,-14,8,-17,7,-19,6,-21,6]"
CSI_DATA,98708,d8:b1:90:db:e8:90,-51,11,1,6,0,0,1,0,0,0,1,-95,0,4,0,1497957004,0,100,0,128,1,"[100,-64,5,0,7,27,9,28,11,29,14,28,16,27,18,26,20,24,22,22,22,20,23,18,23,17,24,17,24,17,23,17,23,17,22,18,22,19,21,19,20,20,18,20,17,19,15,18,12,17,9,16,6,15,1,3,0,0,0,0,0,0,0,0,0,0,0,0,0,0,0,0,0,0,5,-6,23,-22,23,-22,23,-22,22,-22,20,-21,18,-20,16,-19,14,-16,13,-14,12,-10,11,-7,10,-4,10,0,11,3,11,5,11,7,12,8,12,9,12,9,12,10,11,11,10,12,9,13,8,15,7,17,6,19]"
CSI_DATA,98709,d8:b1:90:db:e8:90,-52,11,1,6,0,0,1,0,0,0,1,-95,0,4,0,1497970683,0,100,0,128,1,"[100,-64,5,0,-13,20,-13,22,-12,23,-10,24,-8,25,-6,25,-4,25,-3,25,-1,25,1,24,2,24,2,24,2,24,1,24,1,24,0,24,-1,24,-2,23,-3,22,-4,22,-4,20,-4,18,-5,16,-6,13,-7,11,-2,2,0,0,0,0,0,0,0,0,0,0,0,0,0,0,0,0,0,0,5,-3,23,-9,23,-9,23,-9,22,-9,20,-9,19,-9,17,-8,15,-7,13,-6,11,-4,9,-3,7,-1,6,1,5,3,4,5,3,6,3,8,2,8,1,9,0,9,-1,9,-2,10,-4,11,-6,12,-8,13,-9,14]"
CSI_DATA,98710,d8:b1:90:db:e8:90,-51,11,1,6,0,0,1,0,0,0,1,-95,0,4,0,1497980898,0,100,0,128,1,"[100,-64,5,0,-25,15,-26,17,-26,20,-25,22,-23,24,-21,25,-19,27,-17,28,-15,28,-13,28,-12,28,-11,28,-11,28,-11,28,-12,27,-13,27,-14,26,-15,25,-16,23,-16,22,-16,20,-15,18,-15,15,-15,12,-14,8,-4,1,0,0,0,0,0,0,0,0,0,0,0,0,0,0,0,0,0,0,7,1,30,4,31,4,30,4,29,4,28,3,26,2,24,1,21,1,18,2,14,2,11,3,8,4,5,6,3,8,1,9,-1,10,-2,11,-3,11,-4,12,-5,11,-6,11,-8,11,-10,10,-13,10,-15,10,-17,11]"
CSI_DATA,98711,d8:b1:90:db:e8:90,-52,11,1,6,0,0,1,0,0,0,1,-95,0,4,0,1497991067,0,100,0,128,1,"[100,-64,5,0,-21,11,-22,13,-22,15,-21,16,-20,18,-19,19,-17,20,-16,21,-14,22,-12,22,-11,23,-11,23,-11,22,-11,22,-12,21,-12,21,-13,20,-14,19,-15,18,-15,17,-15,15,-14,14,-13,11,-13,8,-12,6,-3,1,0,0,0,0,0,0,0,0,0,0,0,0,0,0,0,0,0,0,6,0,24,1,24,2,23,2,23,1,22,1,20,0,18,0,16,0,14,0,12,1,9,2,7,3,5,4,3,5,1,6,0,7,-1,8,-2,8,-3,8,-4,8,-6,7,-7,7,-9,7,-11,7,-13,7,-15,8]"
CSI_DATA,98712,d8:b1:90:db:e8:90,-52,11,1,6,0,0,1,0,0,0,1,-95,0,4,0,1498001744,0,100,0,128,1,"[100,-64,5,0,2,23,3,25,5,25,7,26,9,25,11,24,14,23,15,22,16,20,17,18,17,18,18,17,17,17,17,17,16,18,15,18,14,19,13,20,12,20,11,20,10,19,8,18,6,17,3,15,1,14,0,3,0,0,0,0,0,0,0,0,0,0,0,0,0,0,0,0,0,0,4,-5,18,-18,18,-18,18,-18,17,-18,16,-18,14,-17,12,-16,11,-14,10,-12,8,-9,7,-6,7,-3,7,-1,7,2,8,4,8,5,8,6,8,7,8,7,8,8,7,8,6,9,5,11,3,12,2,14,2,16]"
CSI_DATA,98713,d8:b1:90:db:e8:90,-52,11,1,6,0,0,1,0,0,0,1,-95,0,4,0,1498029248,0,100,0,128,1,"[100,-64,5,0,5,-24,4,-26,3,-27,1,-28,-1,-29,-3,-29,-5,-29,-7,-28,-8,-27,-9,-26,-10,-25,-10,-25,-9,-24,-8,-25,-7,-25,-5,-25,-4,-25,-2,-26,-1,-25,0,-24,1,-23,2,-21,3,-19,4,-16,5,-14,1,-4,0,0,0,0,0,0,0,0,0,0,0,0,0,0,0,0,0,0,-3,5,-11,23,-12,23,-12,22,-11,22,-10,21,-9,20,-8,18,-7,16,-6,13,-5,11,-5,8,-5,5,-5,2,-5,-1,-6,-2,-6,-4,-7,-5,-6,-6,-6,-7,-5,-7,-4,-8,-2,-9,-1,-10,1,-12,3,-14,4,-16]"
CSI_DATA,98714,d8:b1:90:db:e8:90,-51,11,1,6,0,0,1,0,0,0,1,-95,0,4,0,1498039916,0,100,0,128,1,"[100,-64,5,0,-28,-10,-31,-9,-32,-7,-34,-4,-34,-2,-35,1,-35,3,-34,6,-33,8,-32,10,-32,11,-31,11,-31,11,-30,10,-30,9,-31,8,-31,6,-30,4,-30,2,-29,1,-28,-1,-25,-2,-23,-4,-20,-5,-17,-7,-4,-2,0,0,0,0,0,0,0,0,0,0,0,0,0,0,0,0,0,0,4,6,19,24,19,25,19,24,19,23,19,22,18,20,16,18,14,16,12,14,9,12,6,11,3,9,0,8,-3,8,-5,7,-8,7,-9,7,-10,7,-10,6,-11,5,-11,4,-12,2,-14,-1,-15,-3,-17,-5,-19,-6]"
CSI_DATA,98715,d8:b1:90:db:e8:90,-51,11,1,6,0,0,1,0,0,0,1,-95,0,4,0,1498053421,0,100,0,128,1,"[100,-64,5,0,-24,-18,-26,-18,-29,-17,-31,-16,-32,-14,-33,-11,-34,-8,-35,-6,-34,-3,-34,-1,-34,0,-33,1,-33,0,-32,-1,-32,-2,-31,-3,-31,-5,-30,-7,-29,-9,-27,-10,-26,-11,-23,-11,-20,-12,-17,-12,-14,-13,-4,-4,0,0,0,0,0,0,0,0,0,0,0,0,0,0,0,0,0,0,3,7,13,29,13,29,13,29,13,27,14,26,13,24,12,22,11,19,9,16,7,14,4,11,1,9,-2,7,-4,6,-7,5,-9,5,-11,4,-11,4,-11,3,-12,2,-12,0,-12,-2,-13,-4,-13,-7,-14,-9,-15,-11]"
CSI_DATA,98716,d8:b1:90:db:e8:90,-52,11,1,6,0,0,1,0,0,0,1,-95,0,4,0,1498064837,0,100,0,128,1,"[100,-64,5,0,-9,-22,-11,-23,-13,-23,-15,-23,-18,-23,-20,-21,-21,-20,-22,-18,-23,-16,-24,-15,-25,-14,-24,-13,-24,-13,-23,-13,-22,-14,-21,-15,-21,-16,-20,-16,-18,-17,-17,-17,-15,-17,-13,-17,-10,-16,-8,-15,-5,-14,-1,-4,0,0,0,0,0,0,0,0,0,0,0,0,0,0,0,0,0,0,-1,6,-5,24,-5,24,-5,24,-5,23,-4,23,-3,21,-2,20,-2,18,-2,15,-2,12,-3,9,-4,7,-5,4,-6,2,-7,1,-8,0,-9,-1,-9,-2,-9,-3,-9,-4,-9,-5,-8,-6,-7,-8,-7,-10,-6,-13,-7,-14]"
CSI_DATA,98717,d8:b1:90:db:e8:90,-51,11,1,7,0,0,1,0,1,0,1,-95,0,4,0,1498075254,0,100,0,128,1,"[100,-64,5,0,-18,12,-18,14,-18,16,-18,18,-17,20,-15,22,-13,23,-11,24,-9,24,-8,24,-6,24,-6,24,-6,24,-6,23,-7,23,-8,22,-9,21,-11,20,-12,19,-12,18,-13,17,-13,15,-13,13,-13,10,-13,8,-4,1,0,0,0,0,0,0,0,0,0,0,0,0,0,0,0,0,0,0,5,0,23,0,23,1,23,0,23,0,22,-1,21,-1,19,-1,16,-1,14,-1,11,0,9,1,7,2,5,4,3,5,2,7,1,8,1,9,0,9,0,9,-1,9,-2,8,-3,8,-5,8,-7,7,-9,8,-11,8]"
CSI_DATA,98718,d8:b1:90:db:e8:90,-52,11,1,5,0,0,1,0,1,0,1,-95,0,4,0,1498087301,0,100,0,128,1,"[100,-64,5,0,-16,17,-16,19,-16,21,-14,23,-13,24,-11,26,-9,26,-7,27,-5,27,-3,27,-2,27,-2,26,-2,26,-2,26,-3,26,-4,25,-6,25,-7,24,-8,22,-9,21,-10,20,-10,18,-10,15,-11,12,-11,9,-3,2,0,0,0,0,0,0,0,0,0,0,0,0,0,0,0,0,0,0,5,-3,23,-9,23,-9,23,-9,22,-9,21,-10,20,-9,18,-9,15,-8,13,-7,11,-6,9,-4,7,-2,6,1,5,3,4,4,3,6,3,7,3,7,2,8,1,8,0,7,-2,8,-4,8,-6,9,-9,9,-10,10]"
CSI_DATA,98719,d8:b1:90:db:e8:90,-51,11,1,5,0,0,1,0,1,0,1,-95,0,4,0,1498097567,0,100,0,128,1,"[100,-64,5,0,-22,-10,-25,-9,-27,-8,-29,-6,-30,-4,-30,-2,-30,1,-30,4,-29,6,-29,7,-28,9,-28,9,-27,9,-27,8,-27,7,-27,6,-27,4,-27,2,-26,1,-26,-1,-24,-2,-23,-4,-21,-5,-18,-6,-16,-8,-4,-2,0,0,0,0,0,0,0,0,0,0,0,0,0,0,0,0,0,0,3,5,12,24,12,24,12,24,13,23,13,21,12,20,12,18,10,15,9,13,6,11,4,10,1,8,-1,7,-3,6,-6,6,-8,6,-9,6,-9,6,-9,6,-10,5,-10,4,-10,3,-11,1,-12,-2,-13,-4,-14,-5]"
CSI_DATA,98720,d8:b1:90:db:e8:90,-52,11,1,5,0,0,1,0,1,0,1,-95,0,4,0,1498108080,0,100,0,128,1,"[100,-64,5,0,-15,-18,-17,-18,-19,-18,-21,-17,-23,-16,-25,-15,-26,-13,-27,-11,-27,-9,-27,-7,-27,-6,-27,-6,-27,-6,-26,-7,-26,-8,-25,-9,-24,-10,-23,-12,-22,-13,-20,-14,-19,-14,-17,-14,-14,-14,-11,-14,-9,-13,-2,-4,0,0,0,0,0,0,0,0,0,0,0,0,0,0,0,0,0,0,2,6,8,24,8,24,8,24,8,23,8,22,8,20,8,18,7,16,6,14,4,11,2,9,1,7,-1,5,-3,4,-5,3,-7,3,-8,3,-9,2,-9,1,-9,0,-9,-1,-8,-2,-8,-4,-8,-7,-9,-9,-9,-11]"
CSI_DATA,98721,d8:b1:90:db:e8:90,-52,11,1,5,0,0,1,0,1,0,1,-95,0,4,0,1498130799,0,100,0,128,1,"[100,-64,5,0,-11,18,-11,21,-10,23,-9,25,-7,26,-4,27,-2,27,0,27,2,27,3,27,5,26,5,26,5,25,5,25,4,25,3,25,1,25,-1,24,-2,23,-3,23,-4,22,-6,20,-7,17,-8,15,-9,12,-3,3,0,0,0,0,0,0,0,0,0,0,0,0,0,0,0,0,0,0,5,-3,22,-11,22,-12,22,-12,22,-12,21,-12,19,-12,17,-12,15,-10,13,-9,11,-7,9,-5,7,-2,6,0,6,2,5,4,5,6,5,7,5,7,5,8,4,8,3,8,2,8,0,9,-2,9,-5,10,-7,12]"
CSI_DATA,98722,d8:b1:90:db:e8:90,-51,11,1,5,0,0,1,0,1,0,1,-95,0,4,0,1498142323,0,100,0,128,1,"[100,-64,5,0,21,5,23,4,25,3,27,1,28,-1,28,-4,28,-6,28,-8,27,-10,26,-11,25,-12,25,-13,24,-13,25,-12,25,-11,25,-10,25,-8,25,-7,24,-5,23,-3,22,-2,21,0,19,2,16,4,14,5,3,1,0,0,0,0,0,0,0,0,0,0,0,0,0,0,0,0,0,0,-5,-5,-19,-19,-19,-19,-19,-19,-19,-18,-19,-17,-18,-16,-17,-14,-15,-12,-13,-11,-11,-9,-8,-9,-5,-8,-2,-7,0,-7,2,-8,4,-8,5,-9,5,-9,6,-8,6,-8,7,-7,7,-5,8,-3,10,-1,11,0,13,1]"
CSI_DATA,98723,d8:b1:90:db:e8:90,-51,11,1,5,0,0,1,0,1,0,1,-95,0,4,0,1498163030,0,100,0,128,1,"[100,-64,5,0,-11,-21,-13,-22,-15,-23,-17,-23,-19,-23,-22,-21,-24,-20,-25,-18,-26,-16,-27,-14,-28,-13,-28,-12,-28,-11,-27,-11,-26,-12,-25,-13,-24,-14,-23,-15,-21,-16,-20,-17,-18,-17,-15,-17,-13,-17,-10,-17,-8,-16,-2,-4,0,0,0,0,0,0,0,0,0,0,0,0,0,0,0,0,0,0,-2,6,-8,25,-9,25,-8,26,-8,25,-7,25,-6,24,-5,22,-4,19,-4,17,-4,14,-5,11,-5,8,-6,6,-8,3,-9,2,-10,1,-11,0,-12,-1,-12,-2,-12,-2,-11,-3,-10,-4,-9,-6,-8,-8,-8,-10,-8,-12]"
CSI_DATA,98724,d8:b1:90:db:e8:90,-51,11,1,5,0,0,1,0,1,0,1,-95,0,4,0,1498175175,0,100,0,128,1,"[100,-64,5,0,10,-19,10,-22,9,-24,8,-26,6,-27,4,-29,1,-29,-1,-30,-3,-30,-5,-29,-7,-29,-8,-28,-8,-28,-7,-27,-6,-27,-5,-27,-3,-27,-2,-26,0,-26,1,-25,3,-23,4,-22,5,-20,7,-17,9,-14,2,-4,0,0,0,0,0,0,0,0,0,0,0,0,0,0,0,0,0,0,-7,1,-25,7,-26,6,-26,7,-26,7,-24,8,-23,8,-21,8,-18,7,-16,6,-14,4,-11,2,-10,0,-8,-2,-7,-5,-7,-7,-7,-8,-7,-9,-7,-10,-7,-10,-6,-10,-5,-10,-4,-10,-2,-10,0,-10,3,-11,4,-12]"
CSI_DATA,98725,d8:b1:90:db:e8:90,-51,11,1,5,0,0,1,0,1,0,1,-95,0,4,0,1498185683,0,100,0,128,1,"[100,-64,5,0,3,-21,2,-23,1,-25,-1,-27,-3,-28,-6,-28,-8,-28,-10,-28,-12,-27,-13,-27,-14,-26,-15,-25,-15,-25,-14,-25,-13,-25,-12,-25,-10,-25,-9,-25,-7,-25,-5,-24,-3,-23,-2,-22,0,-20,2,-18,4,-15,1,-4,0,0,0,0,0,0,0,0,0,0,0,0,0,0,0,0,0,0,-4,4,-16,19,-17,20,-17,20,-16,20,-15,19,-13,19,-12,18,-10,16,-9,14,-8,11,-8,8,-7,5,-7,3,-7,0,-8,-2,-8,-3,-9,-4,-9,-5,-9,-6,-8,-6,-8,-7,-6,-7,-4,-8,-3,-10,-1,-12,1,-13]"
CSI_DATA,98726,d8:b1:90:db:e8:90,-51,11,1,5,0,0,1,0,1,0,1,-95,0,4,0,1498197323,0,100,0,128,1,"[100,-64,5,0,8,16,9,17,12,18,14,18,16,18,18,17,20,15,21,14,22,12,23,10,23,9,23,9,23,9,23,9,22,9,21,10,20,11,19,12,18,12,16,13,14,14,12,14,10,14,7,13,5,13,1,3,0,0,0,0,0,0,0,0,0,0,0,0,0,0,0,0,0,0,1,-6,5,-23,5,-23,4,-24,4,-23,3,-23,2,-22,1,-20,1,-18,1,-16,1,-13,2,-11,3,-8,4,-6,5,-4,6,-3,8,-2,9,-1,9,-1,9,-1,9,0,9,1,8,2,7,3,6,5,6,7,6,9]"
CSI_DATA,98727,d8:b1:90:db:e8:90,-52,11,1,5,0,0,1,0,1,0,1,-95,0,4,0,1498209226,0,100,0,128,1,"[100,-64,5,0,0,-20,-1,-23,-2,-25,-4,-26,-6,-26,-8,-26,-10,-26,-12,-26,-14,-25,-16,-24,-17,-23,-18,-22,-17,-22,-17,-22,-16,-22,-15,-22,-13,-23,-11,-23,-9,-23,-8,-23,-6,-23,-4,-21,-2,-20,0,-18,2,-16,0,-4,0,0,0,0,0,0,0,0,0,0,0,0,0,0,0,0,0,0,-4,4,-16,19,-16,19,-17,19,-16,20,-15,19,-13,19,-12,18,-10,16,-9,14,-8,11,-7,8,-7,5,-7,3,-7,0,-8,-2,-9,-3,-9,-4,-10,-5,-10,-5,-9,-6,-9,-6,-7,-7,-6,-8,-4,-9,-2,-11,-1,-13]"
CSI_DATA,98728,d8:b1:90:db:e8:90,-52,11,1,6,0,0,1,0,0,0,1,-95,0,4,0,1498233189,0,100,0,128,1,"[100,-64,5,0,-23,2,-22,3,-22,3,-22,4,-21,5,-21,6,-21,7,-21,7,-21,8,-21,9,-21,10,-21,10,-21,11,-22,11,-22,11,-23,10,-23,10,-23,10,-23,9,-24,8,-25,8,-25,7,-25,6,-25,4,-25,3,-7,0,0,0,0,0,0,0,0,0,0,0,0,0,0,0,0,0,0,0,-6,0,-21,-1,-21,-2,-21,-3,-21,-4,-22,-5,-22,-5,-23,-5,-23,-5,-23,-6,-23,-6,-23,-6,-23,-6,-23,-6,-23,-6,-23,-6,-23,-5,-23,-5,-23,-4,-23,-4,-24,-3,-24,-2,-24,-1,-24,-1,-24,0,-24,0,-23,1]"
CSI_DATA,98729,d8:b1:90:db:e8:90,-51,11,1,6,0,0,1,0,0,0,1,-95,0,4,0,1498243996,0,100,0,128,1,"[100,-64,5,0,-20,-6,-23,-5,-25,-4,-27,-3,-28,-1,-29,1,-29,4,-29,6,-28,8,-28,10,-27,12,-27,13,-26,12,-26,12,-26,11,-26,10,-26,8,-26,6,-25,4,-24,3,-23,1,-22,-1,-20,-2,-18,-4,-16,-6,-4,-2,0,0,0,0,0,0,0,0,0,0,0,0,0,0,0,0,0,0,3,5,15,20,15,21,16,21,16,20,16,19,16,18,15,16,14,14,12,12,10,10,7,8,4,7,1,7,-2,7,-4,7,-6,7,-7,8,-8,8,-8,8,-9,8,-9,7,-9,6,-9,4,-10,2,-11,0,-13,-1]"
CSI_DATA,98730,d8:b1:90:db:e8:90,-51,11,1,6,0,0,1,0,0,0,1,-95,0,4,0,1498254389,0,100,0,128,1,"[100,-64,5,0,1,-21,1,-23,-1,-25,-2,-27,-5,-28,-7,-28,-9,-28,-12,-28,-14,-27,-15,-26,-17,-25,-17,-24,-17,-24,-16,-24,-16,-24,-14,-24,-13,-24,-11,-24,-9,-24,-7,-24,-5,-23,-3,-22,-1,-20,1,-18,3,-16,1,-4,0,0,0,0,0,0,0,0,0,0,0,0,0,0,0,0,0,0,-5,5,-17,20,-18,20,-18,21,-17,21,-16,21,-14,20,-13,19,-11,17,-9,15,-8,12,-8,9,-7,6,-7,2,-8,0,-9,-3,-9,-4,-10,-5,-11,-6,-11,-6,-11,-6,-10,-7,-8,-7,-7,-8,-5,-9,-3,-11,-1,-12]"
CSI_DATA,98731,d8:b1:90:db:e8:90,-51,11,1,6,0,0,1,0,0,0,1,-95,0,4,0,1498265583,0,100,0,128,1,"[100,-64,5,0,-3,-21,-4,-23,-6,-25,-8,-26,-10,-27,-13,-26,-15,-26,-18,-25,-20,-23,-21,-22,-23,-21,-23,-20,-23,-19,-23,-19,-22,-19,-21,-20,-20,-21,-19,-21,-17,-21,-15,-22,-13,-22,-11,-21,-9,-20,-6,-19,-3,-18,-1,-5,0,0,0,0,0,0,0,0,0,0,0,0,0,0,0,0,0,0,-6,4,-22,16,-23,16,-23,16,-22,16,-21,16,-19,16,-18,16,-16,14,-14,12,-12,10,-11,7,-10,4,-10,2,-10,-1,-10,-3,-11,-5,-12,-6,-12,-7,-12,-7,-12,-8,-11,-8,-10,-8,-9,-9,-7,-10,-6,-12,-5,-13]"
CSI_DATA,98732,d8:b1:90:db:e8:90,-51,11,1,6,0,0,1,0,0,0,1,-95,0,4,0,1498278318,0,100,0,128,1,"[100,-64,5,0,4,-20,4,-22,3,-24,1,-26,0,-27,-3,-28,-5,-28,-7,-28,-10,-28,-12,-27,-13,-26,-14,-26,-14,-25,-14,-25,-13,-25,-11,-25,-10,-25,-8,-25,-6,-24,-5,-24,-3,-23,-1,-22,1,-20,3,-18,5,-16,1,-4,0,0,0,0,0,0,0,0,0,0,0,0,0,0,0,0,0,0,-6,3,-22,13,-23,13,-23,13,-23,13,-22,14,-20,14,-18,13,-16,12,-14,10,-12,8,-11,5,-9,3,-9,0,-8,-3,-8,-5,-9,-7,-9,-8,-10,-8,-10,-9,-9,-9,-9,-9,-7,-9,-6,-9,-4,-10,-2,-11,0,-12]"
CSI_DATA,98733,d8:b1:90:db:e8:90,-50,11,1,6,0,0,1,0,0,0,1,-95,0,4,0,1498293367,0,100,0,128,1,"[100,-64,5,0,19,7,20,4,25,1,28,1,27,0,26,-5,28,-10,29,-11,26,-12,24,-16,25,-19,24,-18,22,-18,21,-20,22,-21,23,-18,21,-16,20,-17,21,-16,22,-13,20,-11,18,-10,19,-8,18,-4,16,-1,3,-1,0,0,0,0,0,0,0,0,0,0,0,0,0,0,0,0,0,0,0,-7,1,-26,0,-27,-1,-29,-1,-29,-2,-26,-5,-25,-5,-25,-4,-22,-4,-17,-5,-15,-2,-14,1,-11,2,-8,2,-8,6,-9,9,-7,9,-5,8,-8,10,-10,12,-8,10,-5,8,-5,10,-5,11,-1,10,2,9,2]"
CSI_DATA,98734,d8:b1:90:db:e8:90,-51,11,1,6,0,0,1,0,0,0,1,-95,0,4,0,1498306576,0,100,0,128,1,"[100,-64,5,0,15,12,17,12,20,12,22,12,24,11,25,9,27,7,27,5,28,3,28,1,28,0,28,-1,28,-1,27,-1,27,0,26,1,26,3,25,4,24,5,22,6,21,7,18,9,16,9,13,10,11,11,2,2,0,0,0,0,0,0,0,0,0,0,0,0,0,0,0,0,0,0,-3,-6,-10,-25,-10,-25,-11,-25,-11,-25,-12,-23,-12,-22,-11,-20,-11,-18,-9,-15,-8,-13,-6,-11,-3,-9,0,-8,2,-6,4,-6,6,-6,8,-6,9,-6,9,-6,9,-5,9,-4,9,-3,9,-2,9,1,10,3,10,5]"
CSI_DATA,98735,d8:b1:90:db:e8:90,-52,11,1,6,0,0,1,0,0,0,1,-95,0,4,0,1498334461,0,100,0,128,1,"[100,-64,5,0,-15,-12,-17,-13,-19,-13,-21,-13,-23,-12,-25,-10,-26,-8,-27,-6,-28,-4,-28,-2,-28,-1,-28,0,-28,1,-28,1,-27,0,-27,-1,-26,-2,-25,-4,-24,-5,-23,-6,-22,-8,-20,-9,-17,-10,-15,-11,-13,-12,-3,-3,0,0,0,0,0,0,0,0,0,0,0,0,0,0,0,0,0,0,0,6,0,25,0,25,0,26,1,25,2,24,2,23,3,21,3,19,2,17,1,14,0,11,-2,9,-4,7,-6,5,-8,4,-10,4,-11,4,-12,4,-12,4,-12,3,-12,3,-12,2,-11,1,-11,-1,-11,-4,-11,-6]"
CSI_DATA,98736,d8:b1:90:db:e8:90,-51,11,1,6,0,0,1,0,0,0,1,-95,0,4,0,1498346236,0,100,0,128,1,"[100,-64,5,0,3,23,4,25,6,27,9,28,11,28,14,28,17,27,19,26,21,25,23,23,24,22,25,22,25,21,25,21,24,22,22,22,21,23,19,23,16,23,14,23,12,23,9,22,6,21,3,20,0,18,-1,4,0,0,0,0,0,0,0,0,0,0,0,0,0,0,0,0,0,0,3,-7,15,-29,15,-29,15,-30,14,-30,13,-29,11,-28,9,-26,7,-24,6,-21,6,-17,5,-13,6,-9,6,-5,8,-2,9,0,10,2,12,3,13,4,13,4,13,4,12,5,11,5,9,7,7,8,6,10,5,13]"
CSI_DATA,98737,d8:b1:90:db:e8:90,-51,11,1,6,0,0,1,0,0,0,1,-95,0,4,0,1498356320,0,100,0,128,1,"[100,-64,5,0,5,18,7,20,8,21,11,22,13,22,15,21,18,20,20,19,21,18,22,17,23,16,23,15,23,14,23,14,22,15,21,15,19,16,18,17,16,17,15,18,12,18,10,18,7,18,5,16,2,16,0,3,0,0,0,0,0,0,0,0,0,0,0,0,0,0,0,0,0,0,2,-7,9,-25,9,-26,9,-26,8,-26,7,-25,5,-24,4,-23,3,-21,3,-18,3,-15,4,-12,4,-8,5,-5,7,-3,8,-1,10,0,11,1,12,1,12,1,12,1,12,1,11,2,9,3,8,5,7,7,6,9]"
CSI_DATA,98738,d8:b1:90:db:e8:90,-52,11,1,6,0,0,1,0,0,0,1,-95,0,4,0,1498368708,0,100,0,128,1,"[100,-64,5,0,15,10,18,10,20,10,22,9,23,8,25,6,26,4,27,2,27,0,27,-2,27,-3,27,-4,26,-4,26,-5,26,-4,26,-3,25,-2,25,-1,24,1,23,2,21,3,19,5,17,6,14,7,12,8,2,2,0,0,0,0,0,0,0,0,0,0,0,0,0,0,0,0,0,0,-2,-6,-7,-24,-8,-25,-8,-25,-9,-25,-9,-24,-10,-22,-10,-20,-9,-18,-8,-16,-6,-14,-4,-12,-2,-10,0,-8,2,-7,4,-6,6,-6,7,-6,8,-6,9,-6,9,-5,9,-4,9,-3,9,-2,9,0,10,3,10,4]"
CSI_DATA,98739,d8:b1:90:db:e8:90,-51,11,1,6,0,0,1,0,0,0,1,-95,0,4,0,1498381695,0,100,0,128,1,"[100,-64,5,0,17,0,19,0,21,-1,23,-3,23,-5,24,-7,23,-9,23,-12,22,-14,21,-15,21,-16,20,-17,19,-17,19,-17,19,-16,20,-15,20,-14,20,-13,20,-11,20,-10,19,-8,18,-6,17,-4,16,-2,14,0,3,0,0,0,0,0,0,0,0,0,0,0,0,0,0,0,0,0,0,0,-4,-5,-16,-18,-16,-19,-17,-19,-17,-18,-17,-17,-17,-16,-16,-14,-15,-13,-13,-11,-11,-10,-8,-9,-5,-8,-3,-8,-1,-8,1,-8,3,-9,4,-10,5,-10,5,-10,5,-9,6,-9,6,-8,7,-7,8,-5,9,-3,11,-2]"
CSI_DATA,98740,d8:b1:90:db:e8:90,-52,11,1,6,0,0,1,0,0,0,1,-95,0,4,0,1498393831,0,100,0,128,1,"[100,-64,5,0,19,2,21,1,23,0,25,-1,26,-3,26,-5,26,-7,26,-10,25,-12,25,-14,24,-15,23,-16,23,-16,23,-16,23,-15,23,-14,23,-12,23,-11,23,-9,22,-7,21,-5,20,-3,18,-1,17,1,15,3,3,0,0,0,0,0,0,0,0,0,0,0,0,0,0,0,0,0,0,0,-5,-4,-20,-16,-21,-17,-21,-17,-22,-16,-21,-15,-21,-14,-19,-13,-18,-11,-15,-10,-13,-9,-10,-8,-7,-7,-4,-7,-2,-7,0,-8,2,-9,4,-10,4,-10,5,-10,5,-9,6,-9,6,-7,7,-6,8,-4,10,-2,12,-1]"
CSI_DATA,98741,d8:b1:90:db:e8:90,-51,11,1,6,0,0,1,0,0,0,1,-95,0,4,0,1498405680,0,100,0,128,1,"[100,-64,5,0,-18,15,-19,17,-20,20,-20,22,-18,25,-17,27,-14,29,-12,31,-10,31,-8,32,-7,32,-5,33,-5,33,-5,32,-5,32,-7,31,-8,30,-9,29,-11,27,-12,25,-13,23,-14,21,-14,17,-15,14,-15,11,-4,2,0,0,0,0,0,0,0,0,0,0,0,0,0,0,0,0,0,0,7,-1,31,-3,31,-3,31,-3,31,-4,30,-5,28,-6,26,-6,23,-6,20,-5,17,-4,14,-2,11,0,8,2,6,5,5,7,4,9,3,11,3,12,3,13,3,13,2,12,0,11,-2,11,-4,11,-7,10,-9,10]"
CSI_DATA,98742,d8:b1:90:db:e8:90,-51,11,1,6,0,0,1,0,0,0,1,-95,0,4,0,1498418278,0,100,0,128,1,"[100,-64,5,0,14,13,16,14,18,14,21,13,23,12,24,11,26,9,27,7,27,4,28,2,28,1,28,0,28,-1,28,0,27,0,27,1,26,2,25,4,24,5,22,6,21,7,19,8,16,9,13,10,11,11,2,2,0,0,0,0,0,0,0,0,0,0,0,0,0,0,0,0,0,0,-2,-7,-6,-26,-6,-26,-7,-27,-7,-26,-8,-25,-8,-24,-8,-22,-8,-20,-7,-17,-6,-15,-4,-12,-2,-10,1,-8,3,-7,5,-6,7,-6,8,-6,9,-5,10,-5,10,-4,9,-4,9,-2,9,-1,9,1,9,4,10,6]"
CSI_DATA,98743,d8:b1:90:db:e8:90,-51,11,1,6,0,0,1,0,0,0,1,-95,0,4,0,1498441630,0,100,0,128,1,"[100,-64,5,0,-17,-7,-20,-7,-21,-6,-23,-5,-24,-4,-25,-2,-26,1,-26,3,-26,5,-25,6,-25,8,-25,9,-24,9,-24,9,-24,8,-24,7,-24,6,-24,4,-23,3,-22,1,-21,0,-20,-2,-18,-3,-16,-5,-14,-6,-4,-2,0,0,0,0,0,0,0,0,0,0,0,0,0,0,0,0,0,0,3,4,13,19,13,20,13,20,13,19,14,18,13,17,13,15,12,13,10,11,8,10,5,8,3,7,1,6,-2,6,-4,6,-6,6,-7,7,-8,7,-8,7,-9,7,-9,6,-9,5,-9,3,-9,1,-10,-1,-11,-2]"
CSI_DATA,98744,d8:b1:90:db:e8:90,-52,11,1,6,0,0,1,0,0,0,1,-95,0,4,0,1498453185,0,100,0,128,1,"[100,-64,5,0,19,2,21,2,23,0,24,-1,25,-3,26,-5,26,-8,26,-10,25,-12,24,-14,24,-15,23,-15,23,-16,23,-15,23,-15,23,-13,23,-12,23,-10,23,-9,22,-7,21,-5,20,-3,18,-1,16,1,14,3,3,0,0,0,0,0,0,0,0,0,0,0,0,0,0,0,0,0,0,0,-6,-4,-22,-14,-22,-15,-23,-15,-23,-14,-22,-13,-21,-12,-20,-11,-18,-9,-16,-8,-13,-7,-10,-7,-7,-7,-5,-7,-2,-7,0,-8,2,-8,3,-9,4,-9,4,-10,5,-9,5,-8,6,-7,7,-6,8,-4,10,-2,12,-1]"
CSI_DATA,98745,d8:b1:90:db:e8:90,-51,11,1,6,0,0,1,0,0,0,1,-95,0,4,0,1498472056,0,100,0,128,1,"[100,-64,5,0,-21,-4,-23,-4,-25,-3,-26,-1,-27,1,-27,3,-28,5,-27,7,-27,9,-26,11,-26,12,-25,13,-25,14,-25,14,-25,13,-25,12,-25,11,-25,10,-24,8,-24,6,-23,4,-21,2,-19,1,-18,-1,-16,-3,-4,-1,0,0,0,0,0,0,0,0,0,0,0,0,0,0,0,0,0,0,4,4,18,18,18,18,19,18,19,18,19,17,18,15,17,14,16,12,13,10,11,9,8,8,5,7,3,7,0,7,-2,7,-4,7,-6,8,-6,8,-7,8,-7,7,-7,6,-8,5,-9,4,-10,2,-12,0,-13,-1]"
CSI_DATA,98746,d8:b1:90:db:e8:90,-51,11,1,6,0,0,1,0,0,0,1,-95,0,4,0,1498482778,0,100,0,128,1,"[100,-64,5,0,-20,7,-21,9,-22,11,-23,13,-22,16,-21,18,-20,20,-19,22,-17,23,-16,24,-15,24,-14,25,-13,25,-13,25,-14,24,-14,23,-15,22,-16,20,-16,19,-17,17,-17,15,-17,13,-17,10,-17,7,-16,4,-4,0,0,0,0,0,0,0,0,0,0,0,0,0,0,0,0,0,0,0,6,0,26,3,26,3,27,3,26,3,25,2,24,1,22,0,20,-1,17,0,14,0,11,1,8,2,6,4,4,5,2,7,1,9,0,10,-1,10,-1,11,-1,10,-2,10,-3,9,-5,8,-7,7,-9,6,-11,6]"
CSI_DATA,98747,d8:b1:90:db:e8:90,-51,11,1,6,0,0,1,0,0,0,1,-95,0,4,0,1498497604,0,100,0,128,1,"[100,-64,5,0,-17,12,-18,14,-19,16,-18,19,-17,21,-16,23,-14,24,-12,26,-10,26,-8,27,-7,27,-6,28,-5,28,-5,27,-6,27,-7,26,-8,25,-9,24,-10,22,-11,21,-12,20,-12,17,-13,15,-13,12,-14,9,-4,2,0,0,0,0,0,0,0,0,0,0,0,0,0,0,0,0,0,0,6,-1,26,-3,27,-3,27,-3,26,-3,25,-4,24,-5,22,-5,19,-5,17,-4,14,-3,11,-2,8,0,7,2,5,4,4,6,3,8,2,9,2,10,2,11,1,10,1,10,-1,9,-3,9,-5,8,-7,8,-9,8]"
CSI_DATA,98748,d8:b1:90:db:e8:90,-51,11,1,6,0,0,1,0,0,0,1,-95,0,4,0,1498508237,0,100,0,128,1,"[100,-64,5,0,-7,23,-7,25,-6,27,-4,29,-3,30,0,30,3,31,5,31,7,30,9,29,10,29,11,29,11,29,11,29,10,29,9,29,7,29,5,29,3,28,1,27,0,25,-2,24,-4,21,-6,18,-8,15,-2,3,0,0,0,0,0,0,0,0,0,0,0,0,0,0,0,0,0,0,4,-7,16,-27,17,-27,17,-27,16,-27,15,-26,13,-25,11,-23,10,-21,8,-18,7,-15,6,-11,6,-8,6,-4,6,-1,7,2,7,3,8,5,9,6,8,7,8,7,7,8,5,8,3,9,1,10,-1,12,-3,14]"
CSI_DATA,98749,d8:b1:90:db:e8:90,-51,11,1,6,0,0,1,0,0,0,1,-95,0,4,0,1498540323,0,100,0,128,1,"[100,-64,5,0,-7,24,-7,27,-5,29,-4,31,-1,31,1,32,4,32,7,32,9,31,10,31,12,30,13,30,13,29,13,29,12,29,11,29,9,29,7,28,5,27,4,26,2,25,0,24,-3,21,-5,18,-6,15,-2,3,0,0,0,0,0,0,0,0,0,0,0,0,0,0,0,0,0,0,4,-7,17,-27,18,-27,18,-27,17,-27,16,-26,14,-25,12,-23,11,-21,10,-18,9,-15,8,-11,7,-8,7,-4,7,-1,8,2,8,3,8,5,9,6,8,7,8,8,6,8,5,9,3,10,1,12,-2,14,-3,15]"
CSI_DATA,98750,d8:b1:90:db:e8:90,-51,11,1,6,0,0,1,0,0,0,1,-95,0,4,0,1498550631,0,100,0,128,1,"[100,-64,5,0,-26,1,-28,2,-30,4,-30,6,-30,9,-30,11,-30,14,-29,16,-28,18,-26,19,-25,20,-25,20,-24,21,-24,20,-25,20,-25,18,-25,17,-25,15,-25,13,-25,11,-24,9,-23,7,-21,4,-19,1,-17,-1,-4,-1,0,0,0,0,0,0,0,0,0,0,0,0,0,0,0,0,0,0,7,0,31,3,31,4,31,4,30,3,29,2,27,1,25,0,22,0,19,0,16,0,12,1,8,2,5,3,3,5,0,7,-2,8,-3,9,-4,9,-4,9,-5,9,-6,8,-8,7,-9,6,-12,4,-14,3,-16,2]"
CSI_DATA,98751,d8:b1:90:db:e8:90,-51,11,1,6,0,0,1,0,0,0,1,-95,0,4,0,1498567534,0,100,0,128,1,"[100,-64,5,0,17,19,19,20,21,20,23,19,25,18,27,16,28,14,29,12,30,10,30,8,30,7,30,6,30,6,30,6,29,7,29,8,28,9,27,10,25,11,23,12,21,12,18,13,15,13,12,12,9,12,2,3,0,0,0,0,0,0,0,0,0,0,0,0,0,0,0,0,0,0,-5,-7,-17,-27,-16,-27,-16,-27,-17,-26,-17,-25,-16,-23,-15,-21,-14,-19,-12,-16,-10,-13,-7,-11,-4,-9,-1,-7,1,-6,4,-5,6,-5,8,-4,9,-4,9,-3,10,-1,10,0,10,2,10,4,10,7,11,9,11,11]"
CSI_DATA,98752,d8:b1:90:db:e8:90,-52,11,1,6,0,0,1,0,0,0,1,-95,0,4,0,1498580498,0,100,0,128,1,"[100,-64,5,0,-21,7,-23,9,-23,10,-23,12,-23,14,-22,16,-21,18,-19,19,-17,20,-16,21,-15,22,-14,23,-14,23,-14,23,-14,22,-14,21,-15,20,-16,19,-16,17,-16,15,-16,14,-15,12,-15,9,-15,7,-14,4,-4,1,0,0,0,0,0,0,0,0,0,0,0,0,0,0,0,0,0,0,6,0,25,2,25,3,25,3,25,2,24,2,23,1,21,1,18,0,15,0,12,1,10,1,7,2,4,4,2,5,1,6,-1,8,-2,9,-2,9,-3,9,-4,9,-5,9,-6,8,-8,7,-9,6,-11,6,-13,6]"
CSI_DATA,98753,d8:b1:90:db:e8:90,-51,11,1,6,0,0,1,0,0,0,1,-95,0,4,0,1498591567,0,100,0,128,1,"[100,-64,5,0,-27,2,-28,3,-29,5,-30,7,-30,10,-30,12,-29,14,-28,16,-26,18,-25,19,-24,20,-24,21,-23,21,-23,21,-23,20,-23,20,-24,19,-24,17,-24,15,-23,13,-23,11,-21,9,-20,6,-18,3,-17,1,-5,0,0,0,0,0,0,0,0,0,0,0,0,0,0,0,0,0,0,0,6,3,27,12,27,13,27,13,27,12,26,11,24,10,23,9,20,7,17,7,14,7,10,6,7,6,4,6,1,7,-2,8,-4,9,-6,9,-7,10,-8,10,-8,9,-9,9,-10,7,-12,6,-14,4,-16,3,-18,3]"
CSI_DATA,98754,d8:b1:90:db:e8:90,-51,11,1,6,0,0,1,0,0,0,1,-95,0,4,0,1498602361,0,100,0,128,1,"[100,-64,5,0,24,11,26,11,29,10,30,9,32,7,32,4,33,2,33,-1,33,-3,32,-4,31,-6,31,-7,31,-8,31,-8,30,-7,30,-6,30,-5,29,-3,28,-2,27,0,25,1,22,3,20,5,16,6,14,7,3,1,0,0,0,0,0,0,0,0,0,0,0,0,0,0,0,0,0,0,-6,-7,-21,-26,-20,-26,-20,-26,-21,-25,-20,-24,-19,-22,-18,-20,-16,-18,-14,-16,-11,-13,-7,-12,-4,-10,-1,-8,2,-7,5,-7,7,-7,9,-7,10,-7,11,-6,11,-5,12,-4,13,-2,14,0,15,3,16,5,17,6]"
CSI_DATA,98755,d8:b1:90:db:e8:90,-52,11,1,6,0,0,1,0,0,0,1,-95,0,4,0,1498612888,0,100,0,128,1,"[100,-64,5,0,-22,14,-23,15,-23,17,-23,20,-22,21,-20,23,-19,24,-17,26,-15,27,-13,27,-12,28,-11,28,-11,28,-11,28,-12,27,-12,27,-13,25,-14,24,-14,22,-14,20,-15,18,-14,16,-14,13,-14,9,-13,6,-4,1,0,0,0,0,0,0,0,0,0,0,0,0,0,0,0,0,0,0,7,-2,29,-7,29,-7,29,-6,28,-6,27,-7,25,-7,23,-7,20,-6,17,-5,14,-3,11,-1,8,0,6,2,4,5,2,7,1,8,0,10,-1,10,-2,11,-3,11,-4,11,-6,11,-8,11,-10,10,-12,10,-14,11]"
CSI_DATA,98756,d8:b1:90:db:e8:90,-51,11,1,6,0,0,1,0,0,0,1,-95,0,4,0,1498643486,0,100,0,128,1,"[100,-64,5,0,-27,0,-29,0,-30,2,-31,4,-32,6,-31,8,-31,10,-30,12,-29,14,-28,15,-27,16,-26,17,-26,17,-26,17,-26,16,-26,15,-25,14,-25,12,-25,10,-24,9,-22,7,-20,5,-18,3,-16,0,-14,-2,-4,-1,0,0,0,0,0,0,0,0,0,0,0,0,0,0,0,0,0,0,7,2,28,9,28,10,28,10,28,10,26,9,25,8,23,7,20,6,17,5,14,5,10,4,7,4,3,5,0,6,-3,7,-5,7,-7,8,-8,8,-9,8,-10,8,-11,7,-13,6,-14,5,-16,4,-17,3,-19,2]"
CSI_DATA,98757,d8:b1:90:db:e8:90,-51,11,1,6,0,0,1,0,0,0,1,-95,0,4,0,1498654098,0,100,0,128,1,"[100,-64,5,0,9,-27,9,-29,8,-30,7,-32,5,-33,3,-34,0,-34,-2,-34,-4,-33,-6,-33,-8,-32,-9,-32,-9,-32,-9,-31,-8,-31,-8,-30,-7,-30,-6,-29,-4,-28,-3,-26,-1,-25,0,-22,1,-19,3,-16,5,-14,1,-4,0,0,0,0,0,0,0,0,0,0,0,0,0,0,0,0,0,0,-6,5,-25,20,-25,19,-26,18,-25,18,-24,18,-22,17,-20,16,-18,15,-16,12,-13,9,-11,6,-10,3,-8,0,-7,-4,-7,-7,-6,-9,-6,-11,-6,-12,-6,-13,-5,-14,-4,-15,-2,-16,-1,-16,1,-17,3,-19,5,-20]"
CSI_DATA,98758,d8:b1:90:db:e8:90,-52,11,1,6,0,0,1,0,0,0,1,-95,0,4,0,1498668643,0,100,0,128,1,"[100,-64,5,0,9,24,10,25,12,26,13,26,15,25,17,24,18,23,20,22,21,20,22,19,22,18,23,18,23,17,23,17,22,17,21,17,21,17,19,17,18,17,16,17,14,16,12,15,9,14,6,12,3,11,0,2,0,0,0,0,0,0,0,0,0,0,0,0,0,0,0,0,0,0,0,-8,1,-30,2,-30,2,-30,2,-29,1,-28,1,-26,0,-24,0,-21,1,-18,1,-15,2,-12,3,-8,4,-5,5,-2,6,0,8,2,9,3,10,4,10,5,10,7,10,8,10,10,9,11,9,13,8,16,8,17]"
CSI_DATA,98759,d8:b1:90:db:e8:90,-52,11,1,6,0,0,1,0,0,0,1,-95,0,4,0,1498680446,0,100,0,128,1,"[100,-64,5,0,-14,18,-14,19,-14,20,-13,22,-11,23,-10,24,-8,25,-6,25,-4,25,-3,25,-1,25,0,25,0,25,1,25,1,24,0,24,-1,23,-1,22,-2,21,-3,20,-4,18,-5,16,-5,13,-6,10,-7,8,-2,2,0,0,0,0,0,0,0,0,0,0,0,0,0,0,0,0,0,0,5,-1,24,-3,24,-3,24,-3,23,-3,22,-3,21,-3,19,-3,17,-3,15,-2,13,-1,10,0,7,2,6,4,4,5,2,7,1,8,0,10,0,11,0,12,-1,12,-2,12,-3,13,-4,13,-6,13,-8,14,-9,14]"
CSI_DATA,98760,d8:b1:90:db:e8:90,-51,11,1,6,0,0,1,0,0,0,1,-95,0,4,0,1498691144,0,100,0,128,1,"[100,-64,5,0,2,-28,1,-29,0,-31,-1,-32,-3,-32,-5,-32,-7,-32,-9,-32,-11,-31,-12,-30,-14,-30,-15,-29,-15,-28,-15,-28,-15,-27,-14,-27,-12,-26,-11,-26,-10,-24,-9,-23,-7,-22,-5,-20,-3,-17,-1,-14,1,-13,0,-3,0,0,0,0,0,0,0,0,0,0,0,0,0,0,0,0,0,0,-5,6,-17,24,-18,24,-19,23,-18,23,-17,22,-16,21,-14,20,-13,18,-11,15,-10,12,-9,8,-8,5,-7,2,-7,-1,-7,-4,-7,-6,-7,-8,-7,-10,-7,-12,-7,-13,-6,-14,-5,-15,-4,-16,-2,-18,-1,-20,0,-21]"
CSI_DATA,98761,d8:b1:90:db:e8:90,-51,11,1,6,0,0,1,0,0,0,1,-95,0,4,0,1498705903,0,100,0,128,1,"[100,-64,5,0,13,23,14,24,16,24,18,25,19,24,21,23,23,22,24,21,25,19,26,18,26,16,26,15,27,15,26,14,26,14,25,15,23,15,22,15,20,14,18,14,16,14,13,13,9,12,6,10,3,9,0,2,0,0,0,0,0,0,0,0,0,0,0,0,0,0,0,0,0,0,-1,-8,-3,-30,-2,-30,-2,-30,-2,-30,-2,-29,-2,-27,-2,-25,-2,-23,-2,-20,-1,-16,0,-12,2,-9,3,-6,5,-3,7,-1,8,1,10,2,11,3,12,5,12,6,12,7,13,8,12,10,12,12,12,15,12,16]"
CSI_DATA,98762,d8:b1:90:db:e8:90,-52,11,1,6,0,0,1,0,0,0,1,-95,0,4,0,1498717765,0,100,0,128,1,"[100,-64,5,0,-6,-22,-6,-24,-7,-25,-9,-26,-10,-26,-12,-25,-13,-25,-15,-24,-16,-23,-18,-22,-19,-21,-19,-19,-19,-19,-19,-19,-18,-19,-17,-18,-16,-18,-15,-18,-13,-17,-11,-16,-10,-15,-8,-14,-5,-13,-3,-11,-1,-10,0,-3,0,0,0,0,0,0,0,0,0,0,0,0,0,0,0,0,0,0,-3,5,-9,22,-10,22,-11,22,-11,22,-10,21,-9,20,-8,19,-7,17,-7,14,-6,11,-6,8,-6,5,-6,2,-6,0,-7,-3,-8,-5,-9,-6,-10,-7,-10,-8,-10,-9,-10,-10,-9,-11,-8,-12,-8,-13,-7,-15,-6,-16]"
CSI_DATA,98763,d8:b1:90:db:e8:90,-51,11,1,6,0,0,1,0,0,0,1,-95,0,4,0,1498744678,0,100,0,128,1,"[100,-64,5,0,-15,-18,-16,-19,-18,-20,-19,-20,-21,-19,-22,-18,-24,-17,-25,-15,-26,-13,-26,-12,-27,-11,-27,-9,-27,-9,-26,-8,-26,-8,-25,-8,-23,-8,-22,-9,-20,-9,-18,-9,-16,-9,-13,-10,-10,-9,-7,-9,-5,-9,-1,-3,0,0,0,0,0,0,0,0,0,0,0,0,0,0,0,0,0,0,-1,6,-4,25,-5,25,-5,25,-5,24,-4,24,-4,23,-3,21,-3,19,-3,16,-3,13,-4,10,-5,7,-6,4,-7,2,-9,0,-10,-2,-12,-3,-13,-4,-14,-5,-14,-5,-15,-6,-15,-7,-14,-8,-14,-9,-14,-11,-14,-13]"
CSI_DATA,98764,d8:b1:90:db:e8:90,-51,11,1,6,0,0,1,0,0,0,1,-95,0,4,0,1498754982,0,100,0,128,1,"[100,-64,5,0,0,-28,0,-30,-1,-31,-3,-33,-4,-33,-7,-34,-9,-34,-11,-33,-13,-32,-15,-32,-16,-31,-17,-30,-18,-29,-18,-28,-17,-27,-16,-27,-14,-26,-12,-25,-10,-24,-8,-22,-6,-20,-4,-18,-2,-16,1,-13,3,-11,1,-3,0,0,0,0,0,0,0,0,0,0,0,0,0,0,0,0,0,0,-6,5,-21,22,-23,22,-23,22,-23,22,-22,21,-20,21,-19,20,-17,18,-14,15,-13,12,-11,8,-9,4,-8,0,-8,-3,-8,-7,-8,-9,-9,-11,-9,-13,-10,-14,-10,-15,-10,-16,-9,-17,-8,-17,-6,-18,-4,-20,-3,-21]"
CSI_DATA,98765,d8:b1:90:db:e8:90,-51,11,1,6,0,0,1,0,0,0,1,-95,0,4,0,1498766377,0,100,0,128,1,"[100,-64,5,0,-21,10,-22,11,-23,12,-23,13,-23,15,-22,17,-21,18,-20,20,-19,21,-18,22,-17,23,-16,23,-15,23,-14,23,-14,22,-14,21,-14,20,-14,18,-13,16,-13,14,-12,12,-12,9,-11,6,-11,3,-10,1,-3,0,0,0,0,0,0,0,0,0,0,0,0,0,0,0,0,0,0,0,5,2,23,9,23,9,23,10,23,10,23,9,22,8,20,7,18,6,15,6,12,5,9,5,6,5,3,6,0,6,-2,8,-4,9,-6,10,-7,11,-8,11,-8,12,-9,12,-10,11,-11,11,-12,10,-14,10,-15,10]"
CSI_DATA,98766,d8:b1:90:db:e8:90,-51,11,1,6,0,0,1,0,0,0,1,-95,0,4,0,1498778250,0,100,0,128,1,"[100,-64,5,0,-5,21,-6,23,-5,25,-4,26,-3,27,-1,27,1,28,3,28,5,27,7,27,8,26,9,26,10,25,10,25,9,24,8,23,7,22,6,21,5,19,3,18,1,16,0,15,-2,13,-4,10,-6,8,-2,2,0,0,0,0,0,0,0,0,0,0,0,0,0,0,0,0,0,0,5,-3,21,-12,22,-12,23,-11,23,-12,22,-12,21,-12,19,-11,17,-10,15,-9,13,-7,10,-5,8,-2,7,1,6,3,5,6,5,8,5,10,5,11,5,12,4,13,4,13,3,14,2,14,1,15,-1,16,-2,16]"
CSI_DATA,98767,d8:b1:90:db:e8:90,-52,11,1,6,0,0,1,0,0,0,1,-95,0,4,0,1498790637,0,100,0,128,1,"[100,-64,5,0,17,11,19,12,20,12,22,11,23,10,25,9,26,7,27,5,27,3,27,1,27,0,27,-1,26,-2,26,-2,25,-2,24,-1,23,0,22,1,20,2,18,3,16,4,14,5,11,5,8,6,6,7,1,2,0,0,0,0,0,0,0,0,0,0,0,0,0,0,0,0,0,0,-1,-7,-2,-25,-2,-26,-2,-26,-2,-26,-2,-25,-3,-24,-3,-22,-3,-20,-3,-17,-2,-15,-1,-12,1,-9,3,-6,5,-4,8,-3,10,-2,11,-2,13,-1,14,-1,14,-1,15,0,15,0,15,1,15,2,15,4,15,5]"
CSI_DATA,98768,d8:b1:90:db:e8:90,-51,11,1,6,0,0,1,0,0,0,1,-95,0,4,0,1498803991,0,100,0,128,1,"[100,-64,5,0,-17,-17,-18,-18,-19,-18,-21,-18,-23,-18,-24,-17,-26,-15,-27,-13,-28,-11,-29,-9,-29,-8,-29,-6,-29,-5,-29,-4,-28,-4,-27,-5,-25,-5,-24,-6,-21,-7,-19,-8,-17,-8,-14,-9,-11,-10,-8,-10,-6,-11,-2,-3,0,0,0,0,0,0,0,0,0,0,0,0,0,0,0,0,0,0,-3,6,-9,24,-10,25,-10,25,-10,25,-9,24,-9,24,-8,22,-7,20,-6,17,-6,14,-6,11,-7,8,-8,5,-9,2,-11,0,-12,-2,-13,-3,-15,-4,-15,-4,-16,-5,-16,-5,-16,-6,-15,-7,-15,-8,-15,-10,-14,-11]"
CSI_DATA,98769,d8:b1:90:db:e8:90,-51,11,1,6,0,0,1,0,0,0,1,-95,0,4,0,1498816127,0,100,0,128,1,"[100,-64,5,0,-15,-17,-16,-19,-17,-19,-19,-20,-21,-19,-23,-18,-25,-17,-26,-15,-27,-13,-28,-12,-29,-10,-29,-9,-29,-8,-28,-7,-27,-7,-25,-8,-24,-8,-22,-9,-20,-9,-18,-10,-15,-11,-13,-11,-10,-11,-6,-11,-4,-11,-1,-3,0,0,0,0,0,0,0,0,0,0,0,0,0,0,0,0,0,0,-2,6,-6,25,-7,26,-7,26,-7,26,-6,25,-5,25,-4,23,-3,21,-3,18,-4,15,-4,11,-5,8,-6,5,-8,2,-10,0,-12,-2,-13,-2,-14,-3,-15,-3,-16,-4,-16,-4,-15,-5,-15,-6,-14,-7,-13,-9,-13,-11]"
CSI_DATA,98770,d8:b1:90:db:e8:90,-51,11,1,6,0,0,1,0,0,0,1,-95,0,4,0,1498826554,0,100,0,128,1,"[100,-64,5,0,-10,-20,-11,-21,-12,-22,-14,-23,-16,-23,-18,-22,-20,-22,-22,-21,-23,-19,-24,-18,-25,-16,-26,-15,-25,-14,-25,-14,-24,-14,-22,-14,-21,-14,-19,-14,-17,-14,-14,-14,-12,-14,-9,-14,-6,-13,-3,-12,-1,-11,0,-3,0,0,0,0,0,0,0,0,0,0,0,0,0,0,0,0,0,0,-2,6,-8,24,-9,24,-10,24,-10,24,-9,24,-8,23,-7,22,-6,20,-5,17,-5,14,-5,11,-5,7,-6,4,-7,1,-9,-1,-11,-3,-12,-4,-13,-5,-13,-6,-14,-6,-14,-7,-13,-7,-13,-8,-12,-10,-11,-12,-10,-13]"
CSI_DATA,98771,d8:b1:90:db:e8:90,-51,11,1,6,0,0,1,0,0,0,1,-95,0,4,0,1498850082,0,100,0,128,1,"[100,-64,5,0,-19,15,-20,17,-21,19,-21,21,-20,24,-19,26,-17,27,-15,29,-13,30,-11,31,-9,32,-7,32,-6,31,-6,31,-6,30,-7,28,-8,27,-9,25,-9,22,-10,20,-11,17,-12,14,-12,11,-13,8,-13,5,-4,1,0,0,0,0,0,0,0,0,0,0,0,0,0,0,0,0,0,0,7,2,28,8,29,9,29,9,30,9,29,8,28,7,26,6,24,5,21,4,17,4,13,5,9,6,6,7,3,9,1,10,-1,12,-2,14,-3,15,-3,16,-3,17,-4,16,-4,16,-6,15,-7,14,-9,14,-11,13]"
CSI_DATA,98772,d8:b1:90:db:e8:90,-51,11,1,6,0,0,1,0,0,0,1,-95,0,4,0,1498863031,0,100,0,128,1,"[100,-64,5,0,-21,8,-22,9,-23,11,-24,13,-24,15,-23,18,-22,20,-21,22,-19,24,-17,25,-16,26,-14,26,-13,26,-13,26,-13,25,-13,23,-13,22,-14,19,-14,17,-15,15,-15,13,-15,10,-14,7,-14,4,-14,1,-4,0,0,0,0,0,0,0,0,0,0,0,0,0,0,0,0,0,0,0,5,3,21,14,22,15,22,16,22,15,22,14,22,13,21,12,19,10,16,9,13,8,10,8,7,7,4,8,1,8,-2,9,-4,11,-5,12,-6,12,-6,13,-7,14,-7,13,-7,13,-8,12,-10,10,-11,9,-12,9]"
CSI_DATA,98773,d8:b1:90:db:e8:90,-51,11,1,6,0,0,1,0,0,0,1,-95,0,4,0,1498879087,0,100,0,128,1,"[100,-64,5,0,7,19,8,21,10,22,12,23,15,23,17,23,20,22,22,20,23,18,24,17,25,15,26,14,26,13,25,13,24,13,22,13,20,14,18,14,16,15,14,15,11,15,9,15,6,15,3,15,0,14,-1,3,0,0,0,0,0,0,0,0,0,0,0,0,0,0,0,0,0,0,3,-6,15,-23,15,-24,15,-24,15,-25,14,-25,13,-24,11,-22,10,-20,9,-18,8,-15,7,-11,7,-8,8,-4,9,-1,10,1,11,3,13,4,14,5,14,5,14,5,14,5,13,6,12,6,11,8,10,9,9,11]"
CSI_DATA,98774,d8:b1:90:db:e8:90,-51,11,1,6,0,0,1,0,0,0,1,-95,0,4,0,1498891460,0,100,0,128,1,"[100,-64,5,0,1,-19,1,-21,0,-23,-1,-24,-3,-25,-5,-26,-7,-26,-9,-26,-11,-25,-13,-25,-15,-24,-16,-23,-16,-22,-16,-22,-15,-21,-13,-21,-12,-20,-10,-20,-8,-19,-6,-19,-4,-18,-3,-17,-1,-15,2,-14,4,-12,1,-3,0,0,0,0,0,0,0,0,0,0,0,0,0,0,0,0,0,0,-5,3,-20,12,-21,12,-22,12,-22,13,-21,13,-19,13,-18,13,-16,12,-14,10,-12,8,-11,6,-10,3,-9,0,-8,-2,-8,-5,-8,-7,-9,-8,-9,-9,-9,-10,-9,-10,-8,-10,-7,-10,-6,-10,-5,-11,-3,-12,-1,-13]"
CSI_DATA,98775,d8:b1:90:db:e8:90,-51,11,1,6,0,0,1,0,0,0,1,-95,0,4,0,1498903269,0,100,0,128,1,"[100,-64,5,0,13,12,14,14,14,16,17,16,21,15,23,13,26,10,27,7,28,4,30,3,28,0,27,-4,26,-4,25,-4,24,-3,22,2,23,2,24,2,21,2,19,1,18,3,15,3,15,4,10,7,5,6,1,1,0,0,0,0,0,0,0,0,0,0,0,0,0,0,0,0,0,0,4,-5,16,-20,17,-20,16,-20,15,-21,13,-21,12,-21,11,-20,9,-19,8,-16,6,-13,6,-10,6,-7,6,-4,8,-2,9,0,10,1,11,1,11,2,12,2,13,2,12,2,12,2,10,3,9,4,9,6,8,9]"
CSI_DATA,98776,d8:b1:90:db:e8:90,-51,11,1,6,0,0,1,0,0,0,1,-95,0,4,0,1498914374,0,100,0,128,1,"[100,-64,5,0,13,12,15,13,17,13,20,12,22,11,23,10,25,8,26,6,27,3,27,1,26,0,26,-1,26,-2,25,-2,24,-1,23,0,22,1,21,2,20,4,18,5,17,6,15,8,13,9,10,10,8,11,1,2,0,0,0,0,0,0,0,0,0,0,0,0,0,0,0,0,0,0,0,-6,2,-24,2,-25,2,-26,1,-26,0,-25,0,-24,-1,-23,-1,-20,0,-18,0,-15,1,-13,3,-10,4,-8,6,-6,8,-4,10,-4,11,-3,12,-3,12,-3,12,-3,12,-2,11,-2,11,0,10,1,10,3,10,5]"
CSI_DATA,98777,d8:b1:90:db:e8:90,-51,11,1,6,0,0,1,0,0,0,1,-95,0,4,0,1498926630,0,100,0,128,1,"[100,-64,5,0,17,-11,19,-13,20,-15,20,-17,20,-20,19,-22,17,-24,16,-26,13,-28,11,-28,10,-29,9,-29,8,-29,8,-28,8,-27,9,-26,10,-24,11,-22,12,-20,13,-18,13,-16,14,-14,14,-11,14,-8,14,-5,3,-1,0,0,0,0,0,0,0,0,0,0,0,0,0,0,0,0,0,0,-7,-2,-26,-8,-26,-9,-27,-9,-27,-8,-27,-7,-26,-6,-24,-5,-22,-5,-19,-5,-16,-5,-13,-5,-10,-6,-7,-7,-5,-9,-3,-10,-1,-12,-1,-13,0,-14,0,-14,1,-14,1,-13,2,-12,3,-11,5,-11,8,-10,9,-10]"
CSI_DATA,98778,d8:b1:90:db:e8:90,-50,11,1,6,0,0,1,0,0,0,1,-95,0,4,0,1498949880,0,100,0,128,1,"[100,-64,5,0,19,1,21,1,23,0,25,-2,26,-5,26,-7,26,-10,25,-13,24,-15,23,-17,22,-18,21,-18,21,-19,21,-18,20,-17,20,-16,20,-14,20,-13,20,-11,20,-9,19,-7,18,-4,17,-2,16,0,15,2,3,0,0,0,0,0,0,0,0,0,0,0,0,0,0,0,0,0,0,0,-4,-5,-15,-21,-15,-22,-16,-22,-16,-22,-16,-21,-16,-19,-15,-18,-14,-16,-12,-15,-10,-13,-7,-12,-5,-11,-2,-10,0,-9,2,-9,4,-10,5,-10,6,-10,6,-10,7,-9,7,-8,7,-7,8,-6,9,-4,10,-2,12,-1]"
CSI_DATA,98779,d8:b1:90:db:e8:90,-51,11,1,6,0,0,1,0,0,0,1,-95,0,4,0,1498960466,0,100,0,128,1,"[100,-64,5,0,-5,-19,-6,-21,-8,-22,-10,-23,-13,-23,-15,-23,-17,-22,-20,-21,-21,-19,-23,-17,-24,-16,-24,-15,-24,-14,-23,-14,-22,-14,-20,-15,-19,-16,-17,-17,-15,-17,-13,-18,-11,-18,-10,-18,-7,-18,-5,-18,-2,-17,-1,-5,0,0,0,0,0,0,0,0,0,0,0,0,0,0,0,0,0,0,-5,4,-18,17,-18,18,-19,18,-18,18,-17,19,-16,18,-15,18,-13,16,-11,14,-11,11,-10,8,-10,5,-10,2,-10,-1,-11,-3,-12,-4,-13,-5,-13,-5,-13,-6,-13,-6,-12,-6,-11,-6,-9,-7,-8,-8,-6,-9,-5,-11]"
CSI_DATA,98780,d8:b1:90:db:e8:90,-51,11,1,6,0,0,1,0,0,0,1,-95,0,4,0,1498970836,0,100,0,128,1,"[100,-64,5,0,-18,8,-19,9,-20,12,-20,14,-20,17,-19,19,-17,21,-16,23,-14,24,-13,24,-11,25,-10,25,-9,25,-10,24,-10,23,-11,22,-12,20,-13,19,-14,17,-15,15,-15,13,-15,11,-15,9,-15,6,-15,4,-4,0,0,0,0,0,0,0,0,0,0,0,0,0,0,0,0,0,0,0,5,0,24,2,24,2,25,2,25,2,24,1,23,0,22,0,20,-1,17,-1,14,0,11,1,9,2,6,4,4,6,3,7,1,8,1,9,0,10,0,10,0,10,-1,9,-2,8,-4,7,-6,6,-8,6,-10,5]"
CSI_DATA,98781,d8:b1:90:db:e8:90,-51,11,1,6,0,0,1,0,0,0,1,-95,0,4,0,1498982607,0,100,0,128,1,"[100,-64,5,0,9,-20,9,-23,8,-25,7,-28,4,-30,2,-31,-1,-32,-4,-32,-6,-32,-8,-31,-10,-30,-11,-30,-11,-29,-10,-28,-9,-28,-7,-27,-5,-27,-3,-26,-1,-25,0,-25,2,-23,4,-22,6,-20,8,-17,9,-15,2,-4,0,0,0,0,0,0,0,0,0,0,0,0,0,0,0,0,0,0,-6,3,-24,14,-25,14,-26,14,-25,15,-24,15,-22,15,-21,15,-19,14,-17,12,-15,9,-13,6,-11,3,-10,0,-9,-3,-9,-5,-9,-7,-9,-8,-9,-9,-9,-9,-8,-9,-7,-9,-5,-9,-3,-10,-1,-10,2,-11,4,-13]"
CSI_DATA,98782,d8:b1:90:db:e8:90,-51,11,1,6,0,0,1,0,0,0,1,-95,0,4,0,1498994066,0,100,0,128,1,"[100,-64,5,0,18,-5,19,-7,21,-9,21,-11,21,-14,20,-16,19,-18,18,-20,16,-22,15,-23,13,-24,12,-23,12,-23,12,-23,12,-21,13,-20,14,-19,14,-17,15,-16,16,-14,16,-12,16,-10,16,-8,15,-6,14,-3,3,-1,0,0,0,0,0,0,0,0,0,0,0,0,0,0,0,0,0,0,-6,-3,-22,-9,-23,-9,-24,-10,-24,-9,-23,-8,-23,-7,-21,-6,-19,-6,-17,-5,-14,-6,-11,-6,-9,-6,-6,-7,-4,-8,-2,-9,-1,-10,0,-10,0,-11,1,-11,1,-10,2,-9,3,-8,4,-7,6,-6,8,-5,10,-5]"
CSI_DATA,98783,d8:b1:90:db:e8:90,-51,11,1,6,0,0,1,0,0,0,1,-95,0,4,0,1499010415,0,100,0,128,1,"[100,-64,5,0,-20,-1,-22,0,-24,2,-24,4,-25,7,-24,9,-24,12,-23,14,-21,16,-20,17,-19,18,-18,19,-18,19,-17,18,-18,17,-18,16,-19,14,-20,12,-20,11,-21,9,-21,8,-20,6,-19,4,-19,2,-18,0,-5,-1,0,0,0,0,0,0,0,0,0,0,0,0,0,0,0,0,0,0,3,5,14,20,14,20,15,20,16,20,16,18,16,17,15,16,13,14,11,12,9,11,6,10,3,9,0,9,-2,9,-4,9,-6,10,-7,10,-7,10,-7,10,-7,10,-7,9,-7,7,-8,6,-9,4,-11,2,-12,1]"
CSI_DATA,98784,d8:b1:90:db:e8:90,-51,11,1,6,0,0,1,0,0,0,1,-95,0,4,0,1499020928,0,100,0,128,1,"[100,-64,5,0,-24,-3,-26,-2,-27,0,-29,2,-29,5,-29,8,-29,10,-28,13,-27,15,-25,17,-25,18,-24,18,-23,18,-23,17,-23,16,-23,14,-23,12,-24,10,-24,8,-23,6,-23,4,-21,2,-20,1,-19,-2,-17,-4,-4,-1,0,0,0,0,0,0,0,0,0,0,0,0,0,0,0,0,0,0,6,3,24,13,24,14,25,14,25,13,25,12,24,11,22,10,20,9,17,8,14,7,11,7,8,6,5,7,2,7,0,8,-2,9,-4,9,-4,9,-5,9,-5,8,-6,7,-7,5,-8,4,-10,2,-12,0,-13,-1]"
CSI_DATA,98785,d8:b1:90:db:e8:90,-51,11,1,6,0,0,1,0,0,0,1,-95,0,4,0,1499052138,0,100,0,128,1,"[100,-64,5,0,16,-13,17,-15,17,-17,16,-19,15,-21,13,-23,11,-24,9,-25,7,-25,5,-26,4,-26,3,-25,3,-25,3,-25,4,-24,5,-23,6,-22,7,-21,8,-20,9,-19,9,-18,10,-16,10,-14,10,-11,11,-9,2,-2,0,0,0,0,0,0,0,0,0,0,0,0,0,0,0,0,0,0,-6,0,-24,1,-25,1,-25,1,-25,1,-24,2,-23,2,-21,2,-19,2,-17,1,-15,0,-13,-1,-10,-2,-8,-4,-7,-6,-5,-7,-4,-8,-4,-9,-3,-9,-2,-10,-1,-10,0,-9,2,-9,3,-9,6,-8,8,-8,10,-9]"
CSI_DATA,98786,d8:b1:90:db:e8:90,-51,11,1,6,0,0,1,0,0,0,1,-95,0,4,0,1499064113,0,100,0,128,1,"[100,-64,5,0,21,8,24,8,26,6,28,4,29,2,29,-1,29,-3,29,-6,28,-8,27,-9,26,-10,26,-10,25,-10,25,-10,24,-9,24,-7,24,-5,24,-4,23,-2,23,-1,21,1,20,2,18,4,16,5,14,6,3,1,0,0,0,0,0,0,0,0,0,0,0,0,0,0,0,0,0,0,-5,-5,-20,-21,-20,-21,-20,-21,-20,-21,-20,-20,-19,-18,-18,-17,-17,-15,-14,-14,-11,-12,-8,-11,-5,-10,-2,-9,1,-9,3,-9,5,-9,7,-9,7,-9,8,-9,8,-8,8,-6,9,-5,10,-2,11,0,13,3,14,4]"
CSI_DATA,98787,d8:b1:90:db:e8:90,-52,11,1,5,0,0,1,0,0,0,1,-95,0,4,0,1499079463,0,100,0,128,1,"[100,-64,5,0,19,11,19,10,19,9,20,9,20,8,20,7,20,6,20,5,20,5,21,4,21,4,22,4,23,4,23,4,23,5,23,5,24,5,23,6,23,6,22,6,22,7,21,7,21,8,20,10,20,11,4,2,0,0,0,0,0,0,0,0,0,0,0,0,0,0,0,0,0,0,4,2,16,11,15,12,15,13,14,13,15,14,15,15,15,15,15,16,15,16,15,17,15,17,15,18,16,18,16,18,15,18,15,18,16,17,16,17,17,16,17,16,17,16,18,15,18,14,19,13,19,13,19,13]"
CSI_DATA,98788,d8:b1:90:db:e8:90,-52,11,1,5,0,0,1,0,0,0,1,-95,0,4,0,1499098043,0,100,0,128,1,"[100,-64,5,0,1,-23,1,-23,0,-22,0,-21,-1,-21,-2,-21,-3,-21,-3,-21,-4,-21,-5,-21,-5,-21,-5,-21,-5,-21,-5,-22,-5,-22,-5,-23,-4,-24,-4,-24,-3,-23,-3,-24,-2,-23,-1,-23,0,-23,1,-23,2,-22,0,-6,0,0,0,0,0,0,0,0,0,0,0,0,0,0,0,0,0,0,0,-5,2,-20,3,-20,4,-20,4,-20,5,-20,6,-20,7,-21,7,-22,8,-23,8,-23,9,-23,9,-23,9,-23,9,-23,8,-23,8,-22,8,-22,7,-23,6,-23,6,-23,5,-24,5,-24,4,-23,4,-24,3,-24,3,-24]"
CSI_DATA,98789,d8:b1:90:db:e8:90,-52,11,1,5,0,0,1,0,0,0,1,-95,0,4,0,1499108540,0,100,0,128,1,"[100,-64,5,0,-16,16,-15,16,-14,17,-14,17,-13,17,-12,17,-11,18,-11,18,-10,18,-10,19,-9,19,-10,19,-10,19,-10,19,-10,19,-10,20,-11,20,-11,20,-11,19,-12,19,-12,18,-12,18,-13,17,-14,16,-16,16,-4,3,0,0,0,0,0,0,0,0,0,0,0,0,0,0,0,0,0,0,-3,3,-13,14,-14,13,-15,12,-15,12,-16,12,-17,12,-18,12,-18,13,-19,13,-20,12,-20,12,-20,12,-20,12,-20,12,-20,12,-20,12,-20,12,-20,13,-19,13,-18,14,-18,14,-18,15,-18,15,-17,15,-17,16,-17,17]"
CSI_DATA,98790,d8:b1:90:db:e8:90,-51,11,1,6,0,0,1,0,0,0,1,-95,0,4,0,1499120647,0,100,0,128,1,"[100,-64,5,0,9,-28,8,-30,7,-32,5,-34,3,-35,1,-35,-2,-35,-5,-35,-7,-34,-8,-33,-10,-32,-10,-31,-11,-30,-10,-30,-9,-29,-8,-28,-6,-28,-5,-27,-3,-26,-2,-24,0,-23,1,-21,2,-18,4,-15,6,-13,1,-3,0,0,0,0,0,0,0,0,0,0,0,0,0,0,0,0,0,0,-6,5,-23,23,-24,22,-25,22,-24,22,-23,21,-21,21,-20,19,-18,17,-16,15,-14,12,-13,9,-11,5,-10,2,-10,-2,-9,-5,-9,-7,-9,-9,-8,-10,-7,-11,-7,-12,-5,-13,-3,-14,-1,-15,1,-16,4,-18,5,-20]"
CSI_DATA,98791,d8:b1:90:db:e8:90,-52,11,1,6,0,0,1,0,0,0,1,-95,0,4,0,1499131455,0,100,0,128,1,"[100,-64,5,0,-14,-21,-16,-22,-17,-22,-19,-21,-21,-20,-22,-19,-24,-17,-24,-15,-25,-14,-25,-13,-25,-11,-25,-10,-25,-10,-24,-10,-24,-10,-23,-11,-21,-11,-20,-12,-18,-12,-17,-12,-15,-12,-13,-12,-10,-11,-8,-10,-5,-10,-2,-3,0,0,0,0,0,0,0,0,0,0,0,0,0,0,0,0,0,0,2,6,8,25,7,25,7,25,7,24,7,23,7,22,6,21,6,19,5,16,3,14,2,12,0,9,-2,7,-3,5,-5,3,-7,2,-8,1,-9,0,-9,-1,-10,-2,-10,-4,-10,-5,-9,-8,-9,-10,-10,-12,-10,-14]"
CSI_DATA,98792,d8:b1:90:db:e8:90,-51,11,1,6,0,0,1,0,0,0,1,-95,0,4,0,1499158630,0,100,0,128,1,"[100,-64,5,0,-25,-18,-27,-18,-29,-18,-31,-17,-32,-15,-33,-13,-34,-10,-35,-8,-35,-5,-35,-3,-34,-2,-33,0,-33,0,-32,0,-31,-1,-30,-2,-29,-3,-28,-4,-26,-5,-24,-6,-22,-7,-19,-8,-16,-8,-13,-9,-10,-10,-3,-3,0,0,0,0,0,0,0,0,0,0,0,0,0,0,0,0,0,0,3,7,15,29,14,29,14,29,14,28,14,27,14,26,13,24,12,21,10,19,8,16,5,14,2,11,0,9,-3,7,-6,5,-9,4,-10,4,-12,3,-13,1,-13,0,-14,-1,-15,-3,-15,-5,-16,-7,-17,-10,-18,-12]"
CSI_DATA,98793,d8:b1:90:db:e8:90,-51,11,1,6,0,0,1,0,0,0,1,-95,0,4,0,1499170695,0,100,0,128,1,"[100,-64,5,0,28,-4,30,-5,31,-7,32,-9,32,-11,31,-13,30,-16,29,-18,28,-19,26,-20,25,-21,24,-21,23,-21,23,-20,23,-19,23,-18,23,-17,22,-15,22,-13,21,-11,19,-9,18,-7,16,-4,14,-2,12,0,2,0,0,0,0,0,0,0,0,0,0,0,0,0,0,0,0,0,0,0,-8,-2,-32,-6,-32,-7,-32,-8,-32,-8,-31,-7,-29,-6,-27,-5,-24,-5,-21,-4,-18,-4,-14,-5,-10,-5,-7,-6,-4,-6,-1,-8,2,-9,3,-10,5,-10,6,-11,8,-10,9,-9,11,-8,13,-7,15,-6,18,-5,20,-5]"
CSI_DATA,98794,d8:b1:90:db:e8:90,-51,11,1,5,0,0,1,0,1,0,1,-95,0,4,0,1499187738,0,100,0,128,1,"[100,-64,5,0,-10,-28,-11,-29,-13,-30,-15,-30,-17,-30,-19,-29,-21,-27,-22,-26,-24,-24,-25,-23,-25,-21,-26,-20,-26,-19,-25,-19,-24,-19,-23,-19,-21,-19,-20,-19,-17,-18,-15,-18,-13,-17,-10,-16,-7,-15,-4,-13,-2,-12,-1,-3,0,0,0,0,0,0,0,0,0,0,0,0,0,0,0,0,0,0,-1,7,-3,31,-4,31,-4,31,-4,31,-3,30,-3,28,-2,26,-2,23,-1,20,-2,17,-3,13,-3,9,-4,6,-6,3,-8,0,-9,-2,-10,-4,-11,-5,-11,-7,-12,-8,-11,-9,-11,-11,-10,-13,-10,-15,-9,-17,-8,-20]"
CSI_DATA,98795,d8:b1:90:db:e8:90,-52,11,1,5,0,0,1,0,1,0,1,-95,0,4,0,1499203695,0,100,0,128,1,"[100,-64,5,0,19,12,20,12,22,12,24,11,25,10,26,8,27,6,27,4,27,2,27,0,27,-1,27,-2,26,-2,25,-2,24,-2,24,-1,22,-1,21,0,20,2,18,3,16,4,14,5,12,6,9,6,7,6,1,1,0,0,0,0,0,0,0,0,0,0,0,0,0,0,0,0,0,0,-3,-6,-12,-23,-11,-24,-11,-24,-11,-24,-11,-22,-11,-21,-11,-19,-10,-17,-8,-15,-7,-13,-5,-10,-2,-8,0,-7,3,-5,5,-4,7,-4,9,-3,10,-3,11,-3,11,-2,12,-1,12,0,13,2,13,3,14,5,15,7]"
CSI_DATA,98796,d8:b1:90:db:e8:90,-52,11,1,5,0,0,1,0,1,0,1,-95,0,4,0,1499215614,0,100,0,128,1,"[100,-64,5,0,22,1,24,0,25,-1,26,-2,27,-4,27,-6,27,-8,26,-11,25,-12,24,-14,23,-15,22,-15,22,-15,21,-15,21,-15,20,-13,20,-12,19,-11,19,-9,18,-7,17,-6,15,-4,14,-1,12,1,11,3,2,0,0,0,0,0,0,0,0,0,0,0,0,0,0,0,0,0,0,0,-6,-4,-21,-15,-21,-16,-21,-16,-21,-16,-21,-15,-20,-14,-18,-12,-16,-11,-14,-9,-12,-8,-8,-7,-6,-7,-3,-6,0,-6,3,-7,5,-7,6,-8,8,-8,8,-8,9,-8,10,-7,11,-7,12,-5,13,-4,15,-3,16,-2]"
CSI_DATA,98797,d8:b1:90:db:e8:90,-51,11,1,5,0,0,1,0,1,0,1,-95,0,4,0,1499226032,0,100,0,128,1,"[100,-64,5,0,3,-28,2,-30,1,-31,0,-33,-2,-33,-5,-34,-7,-34,-9,-33,-11,-33,-13,-32,-15,-31,-16,-29,-16,-29,-16,-28,-15,-27,-14,-27,-12,-26,-10,-25,-8,-24,-7,-23,-5,-21,-2,-19,0,-17,2,-14,4,-12,1,-3,0,0,0,0,0,0,0,0,0,0,0,0,0,0,0,0,0,0,-5,6,-17,26,-18,25,-19,25,-18,25,-17,24,-16,23,-14,22,-12,20,-11,17,-9,13,-8,10,-7,6,-7,2,-7,-1,-7,-4,-8,-7,-8,-9,-8,-11,-8,-12,-8,-13,-8,-14,-7,-15,-5,-16,-4,-17,-2,-19,0,-20]"
CSI_DATA,98798,d8:b1:90:db:e8:90,-52,11,1,5,0,0,1,0,1,0,1,-95,0,4,0,1499236493,0,100,0,128,1,"[100,-64,5,0,-22,-7,-23,-7,-25,-6,-26,-5,-27,-4,-28,-2,-28,0,-29,2,-28,4,-28,6,-27,7,-26,8,-26,9,-25,8,-24,8,-23,7,-23,6,-22,4,-21,2,-20,1,-18,0,-17,-2,-15,-4,-13,-6,-12,-7,-3,-2,0,0,0,0,0,0,0,0,0,0,0,0,0,0,0,0,0,0,3,5,13,20,13,21,12,21,12,21,12,20,12,18,11,17,10,15,8,13,6,11,4,9,1,8,-1,6,-4,6,-6,5,-9,5,-10,5,-11,5,-12,5,-13,5,-13,4,-13,3,-14,2,-14,1,-15,-1,-16,-3]"
CSI_DATA,98799,d8:b1:90:db:e8:90,-52,11,1,5,0,0,1,0,1,0,1,-95,0,4,0,1499261005,0,100,0,128,1,"[100,-64,5,0,14,15,16,16,18,16,20,16,22,15,24,14,25,12,26,10,27,8,27,6,27,5,27,4,27,3,26,3,25,3,24,3,22,4,21,5,19,6,17,7,15,8,13,9,11,9,8,10,6,10,1,2,0,0,0,0,0,0,0,0,0,0,0,0,0,0,0,0,0,0,-2,-6,-6,-24,-5,-25,-5,-25,-5,-25,-5,-24,-5,-22,-5,-21,-5,-19,-4,-16,-3,-14,-1,-11,1,-9,2,-6,5,-4,7,-3,9,-2,10,-2,11,-1,12,-1,12,0,13,1,13,2,12,3,12,5,12,7,12,8]"
CSI_DATA,98800,d8:b1:90:db:e8:90,-51,11,1,5,0,0,1,0,1,0,1,-95,0,4,0,1499272679,0,100,0,128,1,"[100,-64,5,0,-9,17,-10,19,-10,20,-9,22,-8,23,-6,24,-4,25,-2,26,0,26,1,26,3,26,4,25,5,25,5,24,5,23,4,22,3,21,2,20,0,18,-1,17,-3,16,-4,14,-6,13,-7,11,-9,9,-3,2,0,0,0,0,0,0,0,0,0,0,0,0,0,0,0,0,0,0,4,-3,19,-10,20,-10,20,-10,20,-10,19,-9,18,-9,16,-9,15,-8,13,-7,11,-5,9,-3,7,-1,6,2,5,4,4,6,3,8,3,9,3,10,3,11,3,11,3,12,2,12,0,12,-1,12,-3,13,-4,13]"
CSI_DATA,98801,d8:b1:90:db:e8:90,-51,11,1,5,0,0,1,0,1,0,1,-95,0,4,0,1499288308,0,100,0,128,1,"[100,-64,5,0,18,17,20,19,22,19,25,19,27,18,29,16,31,14,32,12,33,10,33,8,33,6,33,4,33,3,32,3,31,3,29,4,28,5,26,6,24,7,22,9,19,10,16,11,13,12,10,13,7,13,1,3,0,0,0,0,0,0,0,0,0,0,0,0,0,0,0,0,0,0,-4,-7,-15,-26,-15,-27,-14,-28,-14,-27,-14,-26,-14,-25,-13,-23,-12,-20,-10,-17,-8,-14,-5,-12,-2,-9,1,-7,4,-5,7,-4,10,-3,12,-3,13,-3,14,-3,14,-2,15,-1,15,0,14,2,14,4,14,7,14,9]"
CSI_DATA,98802,d8:b1:90:db:e8:90,-52,11,1,5,0,0,1,0,1,0,1,-95,0,4,0,1499308044,0,100,0,128,1,"[100,-64,5,0,19,-7,21,-8,23,-9,24,-11,24,-13,24,-16,23,-18,22,-20,20,-22,19,-23,17,-24,16,-24,15,-24,14,-24,14,-22,14,-21,14,-19,14,-17,14,-14,14,-12,14,-10,14,-8,14,-5,14,-3,13,-1,3,0,0,0,0,0,0,0,0,0,0,0,0,0,0,0,0,0,0,0,-6,0,-24,0,-24,-1,-25,-1,-25,-1,-24,-1,-22,0,-21,0,-18,0,-16,0,-13,-1,-10,-2,-7,-3,-4,-5,-2,-7,0,-8,1,-10,2,-11,3,-12,3,-13,3,-13,4,-13,4,-12,5,-11,7,-10,9,-8,11,-8]"
CSI_DATA,98803,d8:b1:90:db:e8:90,-51,11,1,5,0,0,1,0,1,0,1,-95,0,4,0,1499319626,0,100,0,128,1,"[100,-64,5,0,19,-8,21,-10,23,-11,24,-13,23,-15,23,-18,22,-20,21,-22,19,-24,17,-25,16,-26,14,-26,13,-26,12,-25,12,-24,12,-22,13,-20,13,-18,13,-16,14,-14,14,-12,15,-10,15,-7,15,-5,15,-2,3,-1,0,0,0,0,0,0,0,0,0,0,0,0,0,0,0,0,0,0,-6,-1,-24,-1,-25,-2,-25,-3,-25,-3,-24,-2,-23,-2,-21,-1,-19,-1,-16,-1,-13,-2,-10,-3,-7,-5,-4,-6,-2,-8,0,-10,1,-11,1,-12,2,-13,2,-14,2,-14,3,-13,4,-13,5,-11,7,-10,9,-9,11,-8]"
CSI_DATA,98804,d8:b1:90:db:e8:90,-52,11,1,5,0,0,1,0,1,0,1,-95,0,4,0,1499330266,0,100,0,128,1,"[100,-64,5,0,19,-7,21,-8,22,-9,24,-11,24,-14,24,-16,23,-18,21,-20,20,-22,18,-23,16,-24,14,-24,13,-24,13,-23,13,-22,13,-20,13,-19,13,-17,14,-14,14,-13,14,-11,14,-8,14,-6,14,-4,14,-1,3,0,0,0,0,0,0,0,0,0,0,0,0,0,0,0,0,0,0,0,-6,-1,-24,-2,-24,-3,-24,-3,-24,-3,-23,-2,-22,-2,-20,-2,-18,-1,-15,-1,-12,-2,-9,-3,-6,-4,-4,-6,-1,-7,0,-9,1,-11,2,-12,2,-13,3,-14,3,-14,3,-13,4,-12,5,-11,6,-10,9,-8,10,-8]"
CSI_DATA,98805,d8:b1:90:db:e8:90,-51,11,1,5,0,0,1,0,1,0,1,-95,0,4,0,1499344480,0,100,0,128,1,"[100,-64,5,0,-22,-2,-25,-2,-27,-1,-29,1,-30,3,-30,5,-30,8,-30,11,-29,13,-27,15,-26,16,-25,17,-24,17,-23,17,-22,16,-21,14,-21,12,-21,10,-20,8,-20,6,-20,3,-19,1,-18,-1,-17,-3,-16,-5,-4,-2,0,0,0,0,0,0,0,0,0,0,0,0,0,0,0,0,0,0,5,2,21,11,21,12,21,13,21,12,21,12,19,11,18,10,16,8,13,8,10,7,6,7,3,7,0,7,-3,8,-5,9,-7,10,-8,11,-9,12,-9,12,-9,12,-9,11,-9,10,-10,8,-11,6,-13,4,-14,2]"
CSI_DATA,98806,d8:b1:90:db:e8:90,-51,11,1,5,0,0,1,0,1,0,1,-95,0,4,0,1499360364,0,100,0,128,1,"[100,-64,5,0,0,20,0,22,1,24,3,25,5,26,8,26,11,26,13,25,15,24,17,22,18,21,19,19,19,18,18,17,17,16,15,16,14,16,12,16,10,17,8,17,6,17,4,18,2,17,0,17,-2,16,-1,4,0,0,0,0,0,0,0,0,0,0,0,0,0,0,0,0,0,0,4,-4,17,-16,18,-16,18,-16,18,-16,17,-16,16,-15,14,-14,13,-12,11,-10,10,-7,9,-4,9,-1,9,2,9,5,10,7,11,8,12,9,13,10,13,10,13,9,13,9,12,9,10,9,8,10,6,11,4,12]"
CSI_DATA,98807,d8:b1:90:db:e8:90,-51,11,1,5,0,0,1,0,1,0,1,-95,0,4,0,1499372221,0,100,0,128,1,"[100,-64,5,0,6,-19,6,-21,6,-24,5,-26,3,-27,1,-28,-1,-29,-4,-29,-6,-28,-8,-27,-9,-26,-10,-25,-11,-24,-11,-23,-10,-22,-9,-22,-7,-21,-5,-20,-3,-19,-2,-19,0,-18,2,-17,4,-16,5,-14,7,-13,1,-3,0,0,0,0,0,0,0,0,0,0,0,0,0,0,0,0,0,0,-4,4,-14,16,-15,16,-16,16,-16,16,-15,16,-14,15,-12,14,-11,12,-10,10,-9,7,-8,4,-7,1,-7,-2,-7,-4,-8,-6,-8,-8,-9,-9,-10,-9,-10,-10,-10,-10,-9,-10,-8,-10,-6,-10,-4,-10,-1,-11,0,-12]"
CSI_DATA,98808,d8:b1:90:db:e8:90,-51,11,1,5,0,0,1,0,1,0,1,-95,0,4,0,1499389151,0,100,0,128,1,"[100,-64,5,0,22,12,25,13,28,13,31,12,33,10,35,8,36,5,36,2,36,-1,35,-4,34,-6,33,-7,31,-8,30,-7,29,-6,28,-5,26,-3,25,-1,24,2,22,4,21,6,19,8,17,10,15,11,13,12,3,3,0,0,0,0,0,0,0,0,0,0,0,0,0,0,0,0,0,0,-6,-5,-22,-20,-22,-21,-22,-21,-22,-21,-22,-20,-21,-18,-19,-17,-17,-15,-13,-13,-10,-11,-6,-10,-2,-9,1,-8,5,-8,8,-9,10,-10,11,-11,12,-11,12,-11,12,-11,12,-10,11,-8,11,-6,12,-3,13,1,14,3]"
CSI_DATA,98809,d8:b1:90:db:e8:90,-51,11,1,5,0,0,1,0,1,0,1,-95,0,4,0,1499402944,0,100,0,128,1,"[100,-64,5,0,14,-17,15,-19,16,-22,16,-24,15,-26,13,-28,11,-30,8,-31,6,-31,3,-31,1,-31,0,-30,-1,-29,-1,-27,0,-26,1,-25,3,-23,4,-21,6,-20,8,-18,10,-17,11,-15,11,-14,12,-11,13,-9,3,-2,0,0,0,0,0,0,0,0,0,0,0,0,0,0,0,0,0,0,-5,3,-19,15,-20,15,-21,14,-20,14,-19,14,-18,13,-16,12,-14,11,-13,8,-11,6,-9,3,-8,-1,-7,-4,-7,-6,-7,-9,-7,-11,-8,-12,-8,-13,-8,-13,-8,-13,-7,-12,-6,-12,-3,-11,-1,-11,2,-11,5,-12]"
CSI_DATA,98810,d8:b1:90:db:e8:90,-52,11,1,5,0,0,1,0,1,0,1,-95,0,4,0,1499413162,0,100,0,128,1,"[100,-64,5,0,21,2,24,1,26,0,27,-1,28,-4,29,-6,29,-9,28,-11,27,-13,25,-15,24,-16,22,-17,21,-17,20,-16,20,-15,19,-13,19,-11,19,-9,18,-7,18,-5,18,-3,17,-1,16,1,15,3,14,4,3,1,0,0,0,0,0,0,0,0,0,0,0,0,0,0,0,0,0,0,-6,-3,-22,-10,-22,-10,-23,-11,-22,-11,-22,-10,-20,-9,-19,-8,-16,-8,-13,-7,-10,-7,-7,-7,-4,-8,-1,-8,1,-9,3,-11,4,-12,5,-13,6,-13,6,-14,6,-13,6,-12,6,-11,7,-9,8,-6,10,-4,12,-3]"
CSI_DATA,98811,d8:b1:90:db:e8:90,-51,11,1,5,0,0,1,0,1,0,1,-95,0,4,0,1499423319,0,100,0,128,1,"[100,-64,5,0,-1,-21,-1,-24,-3,-25,-4,-27,-7,-28,-9,-28,-12,-27,-14,-26,-16,-25,-18,-23,-19,-22,-19,-20,-19,-19,-18,-18,-17,-17,-15,-17,-13,-17,-11,-17,-9,-17,-7,-18,-5,-18,-4,-17,-2,-17,0,-16,2,-15,0,-4,0,0,0,0,0,0,0,0,0,0,0,0,0,0,0,0,0,0,-2,5,-8,21,-9,21,-10,21,-9,20,-9,20,-8,19,-8,17,-7,15,-6,12,-6,9,-7,6,-7,3,-8,1,-9,-1,-11,-3,-12,-4,-13,-5,-13,-5,-14,-5,-13,-5,-13,-5,-11,-6,-9,-6,-7,-8,-5,-10,-4,-12]"
CSI_DATA,98812,d8:b1:90:db:e8:90,-51,11,1,5,0,0,1,0,1,0,1,-95,0,4,0,1499434975,0,100,0,128,1,"[100,-64,5,0,-22,-9,-25,-9,-27,-8,-30,-7,-31,-5,-32,-3,-33,0,-33,2,-32,5,-31,7,-30,9,-28,10,-27,10,-26,9,-24,8,-24,7,-23,4,-22,2,-21,0,-21,-2,-20,-4,-18,-6,-17,-7,-16,-9,-14,-10,-4,-3,0,0,0,0,0,0,0,0,0,0,0,0,0,0,0,0,0,0,5,3,21,12,21,13,21,14,20,13,20,13,19,12,17,10,15,9,12,8,9,8,5,7,2,7,-1,7,-4,8,-6,9,-8,10,-9,11,-9,12,-9,12,-9,11,-8,10,-9,8,-9,6,-10,3,-11,1,-13,-1]"
CSI_DATA,98813,d8:b1:90:db:e8:90,-51,11,1,5,0,0,1,0,1,0,1,-95,0,4,0,1499460104,0,100,0,128,1,"[100,-64,5,0,-15,-19,-17,-20,-19,-22,-22,-22,-25,-21,-27,-19,-28,-17,-30,-15,-31,-12,-31,-10,-30,-8,-29,-6,-28,-5,-27,-5,-25,-6,-24,-6,-22,-8,-20,-9,-18,-11,-17,-12,-15,-13,-13,-14,-11,-15,-9,-15,-7,-15,-2,-4,0,0,0,0,0,0,0,0,0,0,0,0,0,0,0,0,0,0,2,5,10,22,10,23,10,23,10,23,10,22,9,20,8,18,7,16,5,14,3,11,0,9,-3,7,-6,6,-8,5,-10,5,-12,5,-13,6,-14,6,-14,6,-14,5,-13,5,-12,3,-11,1,-10,-2,-10,-6,-10,-8]"
CSI_DATA,98814,d8:b1:90:db:e8:90,-52,11,1,5,0,0,1,0,1,0,1,-95,0,4,0,1499472784,0,100,0,128,1,"[100,-64,5,0,-18,9,-20,11,-21,13,-21,15,-21,17,-20,19,-18,21,-16,22,-14,23,-12,24,-10,24,-9,23,-8,22,-8,21,-8,20,-8,18,-9,17,-11,15,-12,13,-13,12,-13,11,-13,9,-14,8,-14,6,-14,4,-4,0,0,0,0,0,0,0,0,0,0,0,0,0,0,0,0,0,0,0,5,-2,20,-5,21,-4,21,-4,21,-4,20,-4,19,-4,17,-3,15,-3,13,-2,10,0,8,1,6,3,5,5,4,7,3,9,2,10,2,11,2,12,2,12,2,12,2,11,0,10,-1,9,-3,8,-6,7,-8,7]"
CSI_DATA,98815,d8:b1:90:db:e8:90,-51,11,1,5,0,0,1,0,1,0,1,-95,0,4,0,1499487129,0,100,0,128,1,"[100,-64,5,0,12,20,14,22,17,23,19,24,22,23,24,21,26,20,27,17,28,15,28,13,28,11,27,9,26,8,25,8,24,8,22,9,20,10,18,11,16,12,15,14,13,15,11,15,9,15,7,15,5,14,1,3,0,0,0,0,0,0,0,0,0,0,0,0,0,0,0,0,0,0,-3,-6,-9,-25,-9,-25,-8,-26,-8,-25,-8,-24,-8,-23,-7,-21,-6,-18,-4,-16,-2,-13,0,-11,3,-9,5,-7,8,-6,10,-6,12,-5,13,-6,13,-6,13,-5,13,-5,12,-4,11,-2,10,0,9,3,8,7,8,9]"
CSI_DATA,98816,d8:b1:90:db:e8:90,-51,11,1,5,0,0,1,0,1,0,1,-95,0,4,0,1499504089,0,100,0,128,1,"[100,-64,5,0,19,6,22,7,24,6,26,4,28,2,28,0,29,-2,29,-4,28,-6,26,-8,25,-9,24,-10,23,-10,22,-9,21,-8,20,-6,19,-4,18,-3,18,-1,17,1,17,3,16,4,14,5,13,6,12,7,2,1,0,0,0,0,0,0,0,0,0,0,0,0,0,0,0,0,0,0,-5,-3,-20,-11,-21,-12,-21,-12,-20,-12,-20,-11,-18,-10,-17,-9,-15,-9,-12,-8,-9,-8,-6,-8,-3,-8,-1,-8,2,-9,3,-10,5,-11,5,-12,5,-12,5,-12,5,-11,5,-10,6,-9,6,-6,7,-4,9,-1,11,0]"
CSI_DATA,98817,d8:b1:90:db:e8:90,-51,11,1,5,0,0,1,0,1,0,1,-95,0,4,0,1499514938,0,100,0,128,1,"[100,-64,5,0,15,-19,16,-22,16,-25,16,-27,14,-29,13,-31,10,-32,7,-33,5,-33,2,-33,0,-32,-1,-31,-1,-29,0,-27,1,-26,2,-24,4,-23,6,-21,7,-20,9,-19,10,-17,11,-16,12,-14,12,-12,13,-10,3,-3,0,0,0,0,0,0,0,0,0,0,0,0,0,0,0,0,0,0,-5,4,-19,18,-20,18,-20,17,-20,17,-19,16,-17,15,-16,14,-14,12,-13,9,-11,6,-10,3,-10,0,-9,-3,-9,-6,-10,-8,-10,-10,-11,-11,-11,-11,-11,-11,-10,-11,-9,-10,-7,-10,-4,-9,-1,-10,3,-11,5,-12]"
CSI_DATA,98818,d8:b1:90:db:e8:90,-51,11,1,5,0,0,1,0,1,0,1,-95,0,4,0,1499525008,0,100,0,128,1,"[100,-64,5,0,-20,-12,-23,-13,-26,-12,-28,-11,-30,-9,-31,-7,-32,-5,-33,-2,-32,0,-31,2,-30,4,-29,5,-27,5,-26,4,-24,3,-23,2,-22,0,-21,-2,-20,-4,-19,-6,-18,-7,-17,-9,-16,-10,-14,-11,-12,-11,-3,-3,0,0,0,0,0,0,0,0,0,0,0,0,0,0,0,0,0,0,4,4,18,17,18,17,18,18,17,17,17,16,16,15,14,14,12,12,9,11,6,10,3,9,0,8,-3,8,-5,8,-8,9,-9,10,-10,10,-10,11,-10,11,-10,10,-9,9,-9,7,-9,5,-10,2,-11,-1,-12,-4]"
CSI_DATA,98819,d8:b1:90:db:e8:90,-51,11,1,5,0,0,1,0,1,0,1,-95,0,4,0,1499536637,0,100,0,128,1,"[100,-64,5,0,-11,-22,-13,-24,-15,-25,-18,-26,-20,-25,-23,-24,-25,-22,-26,-20,-28,-17,-28,-15,-28,-13,-27,-11,-26,-10,-25,-10,-23,-10,-21,-11,-20,-12,-18,-13,-16,-14,-14,-15,-13,-16,-11,-16,-10,-16,-8,-16,-6,-16,-2,-4,0,0,0,0,0,0,0,0,0,0,0,0,0,0,0,0,0,0,0,6,1,25,1,25,0,25,0,25,1,24,1,22,0,20,0,18,-1,15,-3,13,-5,10,-7,8,-8,6,-10,4,-13,3,-14,3,-15,3,-15,3,-15,3,-14,2,-13,2,-12,0,-11,-2,-10,-5,-9,-8,-8,-10]"
CSI_DATA,98820,d8:b1:90:db:e8:90,-51,11,1,5,0,0,1,0,1,0,1,-95,0,4,0,1499556934,0,100,0,128,1,"[100,-64,5,0,-23,-9,-26,-9,-29,-9,-31,-7,-33,-5,-34,-3,-34,0,-34,3,-33,5,-31,7,-30,8,-29,9,-27,9,-26,8,-25,7,-24,5,-23,3,-23,1,-22,0,-21,-2,-20,-4,-19,-5,-18,-6,-16,-7,-14,-8,-4,-3,0,0,0,0,0,0,0,0,0,0,0,0,0,0,0,0,0,0,5,3,20,14,20,15,20,16,20,15,19,15,18,14,16,13,14,12,11,11,8,10,5,10,2,9,-1,10,-3,10,-5,11,-7,11,-8,12,-8,12,-8,12,-8,11,-8,10,-8,8,-9,5,-10,2,-12,-1,-13,-2]"
CSI_DATA,98821,d8:b1:90:db:e8:90,-51,11,1,5,0,0,1,0,1,0,1,-95,0,4,0,1499570578,0,100,0,128,1,"[100,-64,5,0,11,-19,12,-22,11,-24,10,-26,9,-28,7,-29,5,-30,2,-30,0,-29,-3,-29,-4,-28,-5,-26,-5,-25,-4,-24,-3,-22,-2,-21,0,-20,2,-20,3,-19,5,-18,6,-17,7,-16,8,-15,8,-13,9,-11,2,-3,0,0,0,0,0,0,0,0,0,0,0,0,0,0,0,0,0,0,-5,3,-18,15,-19,14,-19,14,-19,14,-18,13,-17,13,-15,11,-14,10,-13,7,-11,5,-10,2,-10,-1,-9,-4,-9,-6,-10,-8,-10,-9,-10,-10,-11,-10,-11,-10,-10,-10,-9,-9,-7,-9,-5,-9,-2,-9,1,-11,3,-12]"
CSI_DATA,98822,d8:b1:90:db:e8:90,-51,11,1,5,0,0,1,0,1,0,1,-95,0,4,0,1499583455,0,100,0,128,1,"[100,-64,5,0,6,23,8,25,10,27,13,28,15,28,18,27,20,25,22,23,23,21,24,19,24,16,24,15,23,14,22,14,20,14,18,14,16,14,13,15,11,16,10,16,8,17,6,17,5,17,3,15,1,14,0,3,0,0,0,0,0,0,0,0,0,0,0,0,0,0,0,0,0,0,-1,-7,-2,-26,-1,-27,-1,-27,-1,-26,-1,-25,-1,-24,-1,-22,0,-19,1,-16,2,-13,4,-11,6,-8,8,-6,10,-4,12,-3,14,-3,15,-2,15,-3,15,-2,14,-2,13,-1,11,0,10,2,8,5,7,8,6,10]"
CSI_DATA,98823,d8:b1:90:db:e8:90,-51,11,1,5,0,0,1,0,1,0,1,-95,0,4,0,1499599357,0,100,0,128,1,"[100,-64,5,0,-16,15,-17,17,-18,19,-17,22,-16,24,-14,25,-12,27,-10,27,-8,28,-6,27,-4,26,-3,25,-2,24,-2,23,-3,22,-4,20,-5,19,-6,18,-7,16,-9,15,-10,14,-10,13,-11,12,-11,9,-11,8,-3,1,0,0,0,0,0,0,0,0,0,0,0,0,0,0,0,0,0,0,5,-3,21,-9,21,-9,21,-9,21,-9,20,-8,19,-8,17,-7,15,-6,13,-4,12,-2,10,0,8,2,8,5,7,7,7,9,6,10,6,11,6,11,6,11,6,11,5,10,3,9,1,9,-2,9,-5,9,-7,10]"
CSI_DATA,98824,d8:b1:90:db:e8:90,-51,11,1,5,0,0,1,0,1,0,1,-95,0,4,0,1499610495,0,100,0,128,1,"[100,-64,5,0,20,4,23,4,26,3,27,1,28,-1,29,-3,29,-6,28,-8,27,-10,25,-11,24,-12,22,-13,21,-13,20,-12,19,-10,18,-9,18,-7,17,-5,17,-4,17,-2,16,0,15,1,14,2,13,3,12,4,2,1,0,0,0,0,0,0,0,0,0,0,0,0,0,0,0,0,0,0,-6,-3,-21,-10,-21,-10,-22,-11,-21,-10,-20,-10,-19,-9,-17,-9,-15,-8,-12,-8,-10,-7,-7,-8,-4,-8,-2,-9,1,-10,2,-11,4,-12,4,-13,4,-13,4,-13,4,-12,4,-11,5,-9,6,-7,7,-5,9,-2,11,-1]"
CSI_DATA,98825,d8:b1:90:db:e8:90,-51,11,1,5,0,0,1,0,1,0,1,-95,0,4,0,1499623207,0,100,0,128,1,"[100,-64,5,0,-25,-9,-28,-9,-31,-9,-33,-8,-34,-5,-35,-3,-35,0,-35,3,-34,5,-33,7,-31,8,-29,9,-28,9,-26,9,-25,8,-24,6,-23,4,-22,2,-21,0,-20,-2,-19,-3,-18,-5,-17,-6,-15,-7,-13,-8,-4,-2,0,0,0,0,0,0,0,0,0,0,0,0,0,0,0,0,0,0,5,3,22,13,22,14,22,15,22,14,21,14,20,13,18,12,16,11,13,10,10,10,6,9,3,9,0,10,-3,10,-5,11,-7,12,-8,13,-8,13,-8,13,-8,12,-8,11,-8,9,-9,6,-11,3,-12,0,-14,-2]"
CSI_DATA,98826,d8:b1:90:db:e8:90,-51,11,1,5,0,0,1,0,1,0,1,-95,0,4,0,1499633282,0,100,0,128,1,"[100,-64,5,0,-12,19,-13,22,-13,24,-12,27,-11,28,-9,29,-6,30,-4,30,-2,30,0,29,2,28,3,27,3,25,3,24,2,22,1,21,-1,20,-2,19,-4,17,-5,16,-7,15,-8,14,-9,12,-9,10,-9,9,-3,2,0,0,0,0,0,0,0,0,0,0,0,0,0,0,0,0,0,0,3,-5,14,-19,15,-19,15,-19,15,-19,14,-18,14,-17,12,-16,11,-14,10,-11,9,-8,9,-5,8,-2,8,1,8,3,9,5,9,6,10,7,10,8,10,8,9,8,8,8,6,8,4,8,1,9,-2,10,-4,11]"
CSI_DATA,98827,d8:b1:90:db:e8:90,-51,11,1,5,0,0,1,0,1,0,1,-95,0,4,0,1499645637,0,100,0,128,1,"[100,-64,5,0,-23,4,-25,5,-27,7,-28,9,-29,11,-28,13,-27,15,-26,17,-24,19,-22,20,-20,20,-18,20,-17,19,-16,18,-15,17,-15,15,-15,13,-16,11,-16,9,-16,7,-16,6,-15,4,-15,3,-14,1,-13,0,-4,-1,0,0,0,0,0,0,0,0,0,0,0,0,0,0,0,0,0,0,5,-1,23,-2,23,-1,24,-1,23,-1,22,-1,21,-1,19,-1,17,0,14,0,12,1,9,3,7,4,5,6,3,8,2,10,1,11,0,12,0,13,0,13,0,12,-1,11,-2,10,-4,8,-7,7,-9,6,-11,5]"
CSI_DATA,98828,d8:b1:90:db:e8:90,-51,11,1,5,0,0,1,0,1,0,1,-95,0,4,0,1499668411,0,100,0,128,1,"[100,-64,5,0,-26,4,-29,5,-31,7,-32,9,-33,11,-32,14,-31,16,-30,18,-28,20,-25,21,-23,22,-21,22,-20,21,-19,20,-18,19,-18,17,-18,15,-18,12,-18,10,-18,8,-18,6,-17,4,-16,3,-15,1,-14,-1,-4,-1,0,0,0,0,0,0,0,0,0,0,0,0,0,0,0,0,0,0,6,-1,26,-3,27,-3,27,-2,27,-2,26,-2,24,-2,22,-2,20,-1,17,0,14,1,11,3,8,5,6,7,4,9,2,11,1,12,0,14,0,14,0,14,-1,13,-1,12,-3,11,-5,10,-8,8,-11,7,-13,6]"
CSI_DATA,98829,d8:b1:90:db:e8:90,-50,11,1,5,0,0,1,0,1,0,1,-95,0,4,0,1499679129,0,100,0,128,1,"[100,-64,5,0,-6,23,-7,25,-6,28,-5,30,-3,31,-1,32,2,32,4,31,7,30,9,28,10,27,11,25,11,24,10,22,9,21,7,20,6,19,3,18,1,17,0,17,-2,16,-3,15,-4,14,-5,12,-6,11,-2,2,0,0,0,0,0,0,0,0,0,0,0,0,0,0,0,0,0,0,2,-6,10,-23,11,-23,11,-23,11,-23,11,-22,10,-21,9,-19,9,-17,8,-14,8,-11,8,-8,8,-5,9,-2,10,0,11,2,12,4,12,5,13,5,13,6,12,6,11,6,9,7,7,8,5,9,2,11,0,12]"
CSI_DATA,98830,d8:b1:90:db:e8:90,-50,11,1,5,0,0,1,0,1,0,1,-95,0,4,0,1499700496,0,100,0,128,1,"[100,-64,5,0,-13,18,-14,20,-14,22,-14,25,-13,26,-11,28,-8,28,-6,28,-3,28,-1,27,1,27,2,25,3,24,3,23,2,21,1,20,0,19,-1,18,-2,16,-4,15,-5,14,-6,13,-7,12,-8,10,-8,9,-2,2,0,0,0,0,0,0,0,0,0,0,0,0,0,0,0,0,0,0,4,-3,19,-12,20,-11,20,-11,20,-11,20,-11,19,-11,17,-10,16,-8,14,-7,13,-5,11,-2,10,0,9,3,9,5,8,7,8,9,8,10,8,11,8,11,7,11,6,11,5,10,3,11,0,11,-2,11,-5,12]"
CSI_DATA,98831,d8:b1:90:db:e8:90,-50,11,1,5,0,0,1,0,1,0,1,-95,0,4,0,1499713424,0,100,0,128,1,"[100,-64,5,0,18,-11,20,-13,21,-14,22,-17,22,-19,21,-20,19,-22,17,-23,15,-24,13,-25,11,-25,9,-24,8,-23,8,-22,7,-20,7,-19,8,-17,8,-16,9,-13,9,-12,10,-11,10,-9,10,-7,10,-6,10,-4,2,-1,0,0,0,0,0,0,0,0,0,0,0,0,0,0,0,0,0,0,-6,1,-21,6,-22,5,-23,5,-23,5,-22,5,-21,5,-19,4,-18,3,-16,2,-14,1,-11,-1,-10,-3,-8,-5,-7,-7,-6,-9,-5,-11,-5,-12,-4,-13,-4,-13,-3,-13,-3,-13,-1,-12,1,-11,3,-10,6,-10,8,-10]"
CSI_DATA,98832,d8:b1:90:db:e8:90,-50,11,1,5,0,0,1,0,1,0,1,-95,0,4,0,1499725220,0,100,0,128,1,"[100,-64,5,0,21,-1,23,-1,25,-2,27,-3,28,-5,28,-7,27,-9,26,-11,25,-13,23,-15,21,-16,19,-16,18,-16,17,-15,16,-14,15,-12,15,-11,14,-9,14,-7,13,-5,13,-4,12,-3,12,-1,11,0,10,1,2,0,0,0,0,0,0,0,0,0,0,0,0,0,0,0,0,0,0,0,-6,-1,-22,-5,-23,-5,-23,-6,-23,-6,-22,-6,-21,-5,-20,-5,-18,-5,-15,-5,-13,-5,-10,-6,-7,-7,-5,-8,-2,-9,0,-11,1,-12,2,-13,2,-14,3,-14,3,-13,4,-12,4,-11,6,-9,7,-7,10,-6,11,-4]"
CSI_DATA,98833,d8:b1:90:db:e8:90,-50,11,1,5,0,0,1,0,1,0,1,-95,0,4,0,1499739086,0,100,0,128,1,"[100,-64,5,0,-24,1,-27,2,-28,3,-30,5,-30,7,-30,9,-30,12,-28,14,-26,16,-24,17,-22,18,-20,18,-19,18,-17,17,-16,16,-16,14,-15,13,-15,11,-15,9,-15,7,-15,6,-15,4,-14,3,-14,1,-13,-1,-3,-1,0,0,0,0,0,0,0,0,0,0,0,0,0,0,0,0,0,0,5,2,22,8,23,9,23,10,22,10,22,9,21,8,20,8,18,7,15,7,12,7,9,8,6,8,3,9,1,10,-1,12,-3,13,-4,14,-5,14,-5,14,-5,14,-6,13,-6,12,-8,10,-10,8,-12,6,-14,5]"
CSI_DATA,98834,d8:b1:90:db:e8:90,-50,11,1,5,0,0,1,0,1,0,1,-95,0,4,0,1499766769,0,100,0,128,1,"[100,-64,5,0,-2,24,-2,27,-1,29,1,30,3,31,5,31,7,30,10,29,12,28,13,26,14,24,15,22,16,21,15,19,15,18,13,17,12,16,10,16,8,15,6,14,5,14,3,14,1,13,0,11,-2,10,-1,2,0,0,0,0,0,0,0,0,0,0,0,0,0,0,0,0,0,0,2,-6,11,-23,11,-23,12,-23,12,-23,11,-22,11,-21,10,-20,9,-18,9,-16,9,-13,9,-10,9,-7,9,-3,10,-1,11,1,12,3,12,4,13,5,13,6,13,7,12,7,10,8,9,10,7,11,5,13,3,15]"
CSI_DATA,98835,d8:b1:90:db:e8:90,-50,11,1,5,0,0,1,0,1,0,1,-95,0,4,0,1499777889,0,100,0,128,1,"[100,-64,5,0,-22,-2,-24,-2,-26,-2,-28,-1,-28,1,-29,3,-29,5,-28,7,-27,9,-25,11,-24,12,-22,13,-20,13,-19,12,-18,12,-17,10,-16,9,-15,7,-15,6,-15,4,-14,3,-13,1,-12,0,-12,-2,-11,-3,-3,-1,0,0,0,0,0,0,0,0,0,0,0,0,0,0,0,0,0,0,5,1,21,8,21,8,21,9,20,9,20,9,19,8,18,8,16,7,14,7,11,7,8,7,5,7,3,8,0,9,-2,10,-3,11,-5,11,-5,12,-6,12,-6,11,-7,11,-8,9,-9,8,-10,6,-12,4,-14,2]"
CSI_DATA,98836,d8:b1:90:db:e8:90,-51,11,1,5,0,0,1,0,1,0,1,-95,0,4,0,1499788127,0,100,0,128,1,"[100,-64,5,0,22,11,25,12,27,13,29,12,31,10,32,8,32,6,32,3,32,0,31,-2,29,-4,28,-5,26,-6,25,-7,23,-6,22,-5,20,-4,19,-3,18,-2,17,0,15,1,14,3,12,4,10,5,9,6,2,1,0,0,0,0,0,0,0,0,0,0,0,0,0,0,0,0,0,0,-6,-5,-21,-18,-21,-19,-21,-19,-21,-19,-20,-19,-19,-18,-18,-16,-16,-15,-14,-14,-10,-13,-7,-12,-4,-11,0,-10,3,-10,6,-11,8,-11,10,-12,11,-12,11,-12,12,-11,12,-10,12,-8,13,-6,13,-3,15,0,16,2]"
CSI_DATA,98837,d8:b1:90:db:e8:90,-51,11,1,5,0,0,1,0,1,0,1,-95,0,4,0,1499800001,0,100,0,128,1,"[100,-64,5,0,23,-4,25,-5,27,-6,29,-7,29,-9,29,-11,28,-14,27,-16,25,-17,23,-19,21,-19,18,-20,17,-20,15,-19,14,-18,14,-16,13,-15,13,-13,13,-11,13,-9,13,-8,12,-6,12,-4,11,-2,10,-1,2,0,0,0,0,0,0,0,0,0,0,0,0,0,0,0,0,0,0,0,-7,-1,-26,-2,-26,-3,-26,-3,-26,-3,-25,-3,-24,-3,-23,-3,-21,-3,-18,-3,-15,-4,-12,-5,-9,-7,-6,-8,-4,-10,-2,-12,0,-13,1,-14,2,-15,2,-16,3,-15,3,-15,5,-14,6,-12,8,-10,11,-8,13,-7]"
CSI_DATA,98838,d8:b1:90:db:e8:90,-51,11,1,5,0,0,1,0,1,0,1,-95,0,4,0,1499813743,0,100,0,128,1,"[100,-64,5,0,-23,-6,-25,-6,-27,-6,-28,-5,-29,-4,-30,-2,-30,0,-29,3,-28,5,-27,7,-26,8,-24,10,-22,10,-21,10,-19,10,-18,9,-17,8,-17,6,-16,5,-16,3,-15,2,-14,0,-12,-1,-11,-2,-10,-4,-3,-1,0,0,0,0,0,0,0,0,0,0,0,0,0,0,0,0,0,0,4,3,19,13,19,14,19,14,19,14,18,14,17,13,16,12,14,11,12,10,9,10,6,9,3,9,0,9,-2,9,-5,10,-7,10,-8,11,-9,11,-10,11,-10,11,-10,10,-11,8,-12,7,-13,5,-14,2,-16,0]"
CSI_DATA,98839,d8:b1:90:db:e8:90,-51,11,1,5,0,0,1,0,1,0,1,-95,0,4,0,1499827857,0,100,0,128,1,"[100,-64,5,0,16,-19,17,-21,18,-23,17,-25,16,-26,15,-28,13,-29,11,-30,8,-30,5,-29,3,-29,1,-28,-1,-27,-1,-25,-2,-24,-1,-23,-1,-21,0,-20,1,-18,2,-17,3,-16,4,-14,5,-12,5,-10,6,-8,1,-2,0,0,0,0,0,0,0,0,0,0,0,0,0,0,0,0,0,0,-6,3,-24,12,-24,11,-25,10,-25,10,-24,10,-22,10,-21,9,-19,8,-17,6,-15,4,-13,2,-11,-1,-10,-4,-9,-7,-8,-9,-7,-11,-7,-13,-7,-14,-6,-15,-6,-15,-5,-15,-3,-15,-1,-15,2,-15,5,-15,7,-16]"
CSI_DATA,98840,d8:b1:90:db:e8:90,-51,11,1,5,0,0,1,0,1,0,1,-95,0,4,0,1499840568,0,100,0,128,1,"[100,-64,5,0,-15,21,-17,23,-17,25,-17,27,-16,28,-14,29,-11,30,-9,31,-7,31,-4,30,-2,29,0,28,1,27,2,26,2,24,2,23,1,21,0,20,-1,18,-2,16,-3,15,-5,13,-6,11,-7,9,-7,7,-2,1,0,0,0,0,0,0,0,0,0,0,0,0,0,0,0,0,0,0,4,-5,19,-20,19,-20,20,-20,20,-19,19,-19,18,-18,17,-17,15,-15,14,-13,12,-10,11,-6,10,-3,9,1,9,4,9,7,9,9,9,11,9,12,9,13,8,13,7,14,5,14,3,14,0,15,-3,15,-5,16]"
CSI_DATA,98841,d8:b1:90:db:e8:90,-52,11,1,5,0,0,1,0,1,0,1,-95,0,4,0,1499871017,0,100,0,128,1,"[100,-64,5,0,20,-14,22,-15,23,-16,24,-18,23,-19,22,-21,20,-22,18,-23,16,-24,14,-25,12,-25,10,-25,8,-25,7,-24,6,-23,6,-22,6,-21,6,-19,6,-17,6,-16,7,-14,7,-12,7,-10,7,-8,7,-6,1,-2,0,0,0,0,0,0,0,0,0,0,0,0,0,0,0,0,0,0,-6,3,-24,11,-25,11,-25,10,-25,10,-24,10,-23,9,-21,9,-19,8,-17,6,-14,4,-12,1,-10,-1,-8,-4,-7,-7,-5,-9,-4,-11,-4,-13,-3,-14,-3,-14,-2,-15,-1,-15,1,-15,3,-14,6,-13,9,-13,11,-13]"
CSI_DATA,98842,d8:b1:90:db:e8:90,-51,11,1,5,0,0,1,0,1,0,1,-95,0,4,0,1499884296,0,100,0,128,1,"[100,-64,5,0,-6,-29,-7,-31,-8,-33,-9,-34,-11,-34,-13,-33,-15,-32,-18,-30,-20,-28,-22,-25,-23,-23,-24,-20,-24,-18,-25,-17,-24,-16,-23,-15,-21,-14,-19,-14,-17,-14,-16,-14,-13,-13,-11,-13,-9,-13,-7,-12,-4,-12,-1,-3,0,0,0,0,0,0,0,0,0,0,0,0,0,0,0,0,0,0,-2,7,-6,31,-7,31,-8,31,-8,30,-7,29,-7,28,-7,26,-6,23,-6,20,-7,16,-8,13,-9,9,-10,5,-12,2,-14,-1,-15,-3,-17,-4,-17,-5,-18,-7,-18,-8,-17,-9,-16,-10,-14,-12,-13,-14,-11,-17,-9,-19]"
CSI_DATA,98843,d8:b1:90:db:e8:90,-51,11,1,5,0,0,1,0,1,0,1,-95,0,4,0,1499899954,0,100,0,128,1,"[100,-64,5,0,18,21,19,23,21,24,23,24,25,23,26,21,27,18,29,16,29,13,29,10,29,8,29,6,29,4,28,2,27,1,26,1,25,1,23,2,22,3,20,4,18,4,15,5,13,6,10,7,8,7,1,1,0,0,0,0,0,0,0,0,0,0,0,0,0,0,0,0,0,0,-4,-8,-14,-29,-14,-30,-13,-31,-14,-30,-13,-29,-13,-28,-12,-26,-10,-23,-8,-20,-5,-17,-2,-15,1,-12,4,-10,8,-8,11,-7,13,-6,15,-6,17,-5,18,-5,18,-3,18,-2,17,0,17,2,16,5,16,8,16,11]"
CSI_DATA,98844,d8:b1:90:db:e8:90,-52,11,1,5,0,0,1,0,1,0,1,-95,0,4,0,1499916196,0,100,0,128,1,"[100,-64,5,0,4,22,4,24,5,25,7,25,9,25,10,24,12,23,14,22,15,20,16,18,18,17,19,16,19,14,19,13,19,12,18,12,17,11,16,11,15,11,13,10,11,10,9,10,7,10,5,9,3,9,0,2,0,0,0,0,0,0,0,0,0,0,0,0,0,0,0,0,0,0,-1,-7,-2,-26,-2,-27,-1,-26,-1,-26,-2,-25,-2,-24,-1,-22,-1,-20,0,-17,1,-14,2,-12,4,-9,5,-6,7,-4,9,-2,10,0,11,1,12,2,13,3,12,4,12,5,11,6,10,8,8,10,7,12,7,14]"
CSI_DATA,98845,d8:b1:90:db:e8:90,-52,11,1,5,0,0,1,0,1,0,1,-95,0,4,0,1499934887,0,100,0,128,1,"[100,-64,5,0,-22,-16,-24,-16,-25,-17,-26,-16,-28,-15,-29,-13,-29,-10,-30,-7,-30,-5,-29,-2,-29,0,-28,2,-28,4,-27,5,-27,5,-26,5,-25,5,-24,4,-23,4,-21,3,-20,1,-18,0,-16,-1,-14,-3,-12,-4,-3,-2,0,0,0,0,0,0,0,0,0,0,0,0,0,0,0,0,0,0,4,5,18,23,17,24,17,24,17,24,16,23,15,22,14,20,13,18,10,16,7,14,4,13,1,11,-2,9,-5,8,-9,8,-11,7,-13,7,-14,6,-15,6,-16,5,-16,4,-16,2,-16,0,-17,-3,-17,-6,-18,-8]"
CSI_DATA,98846,d8:b1:90:db:e8:90,-52,11,1,5,0,0,1,0,1,0,1,-95,0,4,0,1499947371,0,100,0,128,1,"[100,-64,5,0,2,-26,2,-28,1,-29,0,-30,-1,-30,-3,-30,-5,-29,-8,-28,-10,-27,-11,-26,-13,-25,-15,-24,-16,-23,-17,-22,-17,-22,-17,-21,-16,-21,-15,-20,-14,-20,-12,-19,-11,-18,-9,-17,-7,-15,-5,-14,-3,-12,-1,-3,0,0,0,0,0,0,0,0,0,0,0,0,0,0,0,0,0,0,-1,7,-2,29,-3,29,-3,29,-3,28,-3,27,-3,26,-3,24,-2,21,-3,18,-4,14,-5,11,-5,7,-6,4,-8,1,-9,-2,-10,-4,-11,-5,-12,-7,-12,-8,-11,-9,-10,-10,-9,-12,-7,-13,-5,-15,-3,-17,-1,-19]"
CSI_DATA,98847,d8:b1:90:db:e8:90,-52,11,1,5,0,0,1,0,1,0,1,-95,0,4,0,1499972749,0,100,0,128,1,"[100,-64,5,0,-13,-23,-14,-24,-15,-24,-16,-24,-18,-23,-20,-22,-22,-20,-23,-18,-24,-16,-25,-14,-26,-12,-27,-10,-27,-8,-27,-7,-27,-7,-27,-7,-27,-7,-26,-7,-24,-8,-23,-8,-21,-8,-19,-9,-16,-9,-13,-9,-11,-9,-3,-3,0,0,0,0,0,0,0,0,0,0,0,0,0,0,0,0,0,0,2,7,10,28,9,28,9,28,9,28,9,27,9,25,8,23,7,21,5,18,3,15,1,12,-2,9,-4,7,-7,5,-9,3,-11,2,-13,1,-14,0,-14,-1,-14,-2,-14,-3,-14,-5,-13,-8,-12,-10,-11,-13,-11,-15]"
CSI_DATA,98848,d8:b1:90:db:e8:90,-52,11,1,5,0,0,1,0,1,0,1,-95,0,4,0,1499983634,0,100,0,128,1,"[100,-64,5,0,-17,21,-18,22,-18,24,-17,26,-15,27,-13,28,-10,29,-8,29,-5,29,-3,29,-1,30,1,30,2,30,3,30,4,30,4,29,3,29,3,28,1,27,0,25,0,24,-2,21,-3,19,-5,16,-6,13,-2,3,0,0,0,0,0,0,0,0,0,0,0,0,0,0,0,0,0,0,5,-7,21,-25,22,-25,22,-24,22,-24,21,-23,20,-22,18,-21,16,-18,14,-15,13,-12,11,-8,10,-4,9,-1,8,3,7,5,7,8,6,10,6,11,5,12,4,13,2,13,0,14,-2,14,-5,15,-8,15,-11,16]"
CSI_DATA,98849,d8:b1:90:db:e8:90,-52,11,1,5,0,0,1,0,1,0,1,-95,0,4,0,1500002168,0,100,0,128,1,"[100,-64,5,0,21,9,23,9,25,8,26,7,26,5,26,3,27,0,27,-2,26,-5,26,-7,25,-8,25,-10,25,-11,25,-12,25,-12,25,-12,25,-12,24,-11,23,-10,23,-9,21,-7,20,-5,18,-4,16,-2,14,0,3,0,0,0,0,0,0,0,0,0,0,0,0,0,0,0,0,0,0,0,-6,-5,-24,-18,-24,-18,-24,-19,-24,-18,-23,-17,-22,-16,-20,-15,-18,-14,-15,-12,-12,-11,-9,-11,-6,-10,-2,-9,1,-9,4,-9,6,-9,7,-9,9,-9,10,-8,10,-7,11,-5,12,-4,13,-2,14,1,15,3,16,5]"
CSI_DATA,98850,d8:b1:90:db:e8:90,-53,11,1,5,0,0,1,0,1,0,1,-95,0,4,0,1500022630,0,100,0,128,1,"[100,-64,5,0,4,-24,3,-26,2,-27,0,-29,-2,-30,-5,-29,-7,-29,-10,-28,-12,-27,-14,-26,-16,-26,-17,-25,-18,-24,-18,-24,-18,-24,-18,-25,-17,-25,-16,-25,-14,-25,-13,-25,-11,-24,-9,-23,-7,-21,-4,-19,-2,-17,-1,-4,0,0,0,0,0,0,0,0,0,0,0,0,0,0,0,0,0,0,-3,7,-9,29,-10,30,-10,29,-10,29,-9,28,-8,27,-7,25,-6,22,-6,19,-6,15,-6,11,-7,7,-7,3,-8,0,-10,-3,-11,-5,-11,-6,-11,-7,-12,-8,-11,-9,-10,-9,-8,-11,-6,-12,-4,-13,-1,-15,0,-17]"
CSI_DATA,98851,d8:b1:90:db:e8:90,-52,11,1,5,0,0,1,0,1,0,1,-95,0,4,0,1500038472,0,100,0,128,1,"[100,-64,5,0,-20,9,-22,10,-22,12,-22,14,-21,16,-20,18,-18,20,-17,22,-15,23,-13,24,-12,25,-11,26,-10,26,-10,26,-10,26,-11,26,-11,25,-12,24,-13,23,-14,21,-14,20,-14,17,-14,15,-14,12,-14,9,-4,2,0,0,0,0,0,0,0,0,0,0,0,0,0,0,0,0,0,0,6,-3,25,-11,26,-11,26,-11,26,-11,25,-11,23,-11,21,-10,19,-9,17,-7,14,-6,12,-4,9,-1,7,1,6,4,4,6,3,8,2,9,1,9,0,10,-1,10,-2,9,-4,9,-6,8,-8,7,-11,7,-13,7]"
CSI_DATA,98852,d8:b1:90:db:e8:90,-52,11,1,5,0,0,1,0,1,0,1,-95,0,4,0,1500051162,0,100,0,128,1,"[100,-64,5,0,-16,16,-16,18,-16,20,-15,22,-13,23,-11,25,-9,26,-7,27,-4,27,-2,28,-1,29,1,29,1,29,2,29,1,29,1,29,0,29,-1,28,-2,27,-4,26,-5,25,-5,23,-6,20,-8,17,-9,15,-3,3,0,0,0,0,0,0,0,0,0,0,0,0,0,0,0,0,0,0,5,-5,21,-18,22,-18,22,-18,22,-18,21,-18,20,-17,18,-16,16,-15,14,-13,12,-10,10,-7,9,-4,8,-1,7,1,6,4,5,6,5,7,5,8,4,9,3,9,2,9,0,9,-2,10,-5,10,-7,10,-9,11]"
CSI_DATA,98853,d8:b1:90:db:e8:90,-52,11,1,7,0,0,1,0,1,0,1,-95,0,4,0,1500077210,0,100,0,128,1,"[100,-64,5,0,9,-16,10,-18,9,-20,9,-22,7,-23,6,-25,3,-26,1,-26,-1,-26,-3,-27,-4,-26,-5,-26,-6,-26,-6,-26,-6,-26,-5,-26,-3,-25,-2,-25,-1,-24,0,-24,2,-23,3,-21,4,-19,5,-17,6,-15,1,-4,0,0,0,0,0,0,0,0,0,0,0,0,0,0,0,0,0,0,-5,4,-18,16,-19,16,-19,16,-19,16,-18,17,-17,16,-15,15,-14,14,-12,12,-11,9,-9,6,-8,3,-8,0,-7,-2,-7,-5,-7,-6,-8,-8,-8,-9,-8,-9,-7,-9,-6,-9,-4,-9,-3,-9,0,-9,2,-10,4,-10]"
CSI_DATA,98854,d8:b1:90:db:e8:90,-51,11,1,7,0,0,1,0,1,0,1,-95,0,4,0,1500088186,0,100,0,128,1,"[100,-64,5,0,2,-23,1,-25,0,-27,-2,-29,-5,-30,-7,-30,-10,-30,-12,-29,-15,-28,-17,-27,-19,-27,-20,-26,-20,-26,-20,-26,-20,-26,-19,-26,-18,-27,-17,-27,-15,-27,-13,-27,-11,-26,-9,-25,-7,-23,-4,-21,-2,-20,-1,-5,0,0,0,0,0,0,0,0,0,0,0,0,0,0,0,0,0,0,-3,6,-12,26,-12,26,-13,27,-12,27,-11,26,-10,26,-9,25,-8,22,-7,20,-7,16,-7,12,-7,9,-7,5,-8,3,-9,0,-10,-2,-10,-3,-11,-4,-11,-5,-10,-6,-9,-7,-8,-7,-6,-9,-4,-10,-2,-12,-1,-14]"
CSI_DATA,98855,d8:b1:90:db:e8:90,-52,11,1,7,0,0,1,0,1,0,1,-95,0,4,0,1500107529,0,100,0,128,1,"[100,-64,5,0,-17,10,-18,11,-19,13,-19,16,-18,18,-17,20,-16,22,-14,23,-13,24,-11,25,-10,26,-9,27,-8,27,-8,26,-8,26,-9,26,-9,25,-10,24,-11,22,-12,21,-12,19,-12,17,-13,15,-13,12,-14,10,-4,2,0,0,0,0,0,0,0,0,0,0,0,0,0,0,0,0,0,0,5,-1,23,-4,23,-4,24,-4,24,-4,24,-5,23,-6,21,-6,19,-5,17,-4,14,-3,12,-2,9,0,7,2,6,4,4,6,3,7,2,9,2,9,2,10,1,10,0,9,-1,9,-3,8,-5,8,-7,8,-9,8]"
CSI_DATA,98856,d8:b1:90:db:e8:90,-52,11,1,6,0,0,1,0,0,0,1,-95,0,4,0,1500120742,0,100,0,128,1,"[100,-64,5,0,-21,-8,-21,-7,-21,-6,-21,-6,-21,-5,-20,-4,-20,-4,-20,-3,-21,-2,-21,-2,-22,-1,-22,-1,-23,-1,-23,-1,-23,-1,-24,-1,-24,-2,-24,-2,-23,-3,-23,-3,-23,-4,-23,-5,-23,-6,-23,-8,-22,-9,-6,-3,0,0,0,0,0,0,0,0,0,0,0,0,0,0,0,0,0,0,-5,-2,-17,-7,-17,-8,-17,-9,-17,-10,-17,-11,-18,-11,-18,-12,-18,-12,-18,-13,-18,-14,-19,-14,-19,-14,-19,-14,-19,-14,-19,-14,-19,-13,-20,-13,-19,-13,-19,-12,-19,-12,-20,-11,-20,-11,-20,-10,-20,-9,-21,-9,-21,-9]"
CSI_DATA,98857,d8:b1:90:db:e8:90,-51,11,1,6,0,0,1,0,0,0,1,-95,0,4,0,1500134847,0,100,0,128,1,"[100,-64,5,0,-22,-12,-21,-11,-21,-10,-21,-9,-21,-9,-21,-8,-22,-7,-22,-6,-22,-6,-22,-5,-23,-5,-24,-5,-24,-5,-25,-5,-25,-5,-25,-5,-25,-5,-25,-6,-25,-6,-25,-7,-25,-8,-24,-9,-24,-10,-23,-11,-23,-13,-6,-4,0,0,0,0,0,0,0,0,0,0,0,0,0,0,0,0,0,0,-5,-3,-17,-10,-17,-11,-16,-12,-16,-13,-16,-14,-17,-14,-17,-15,-16,-15,-17,-16,-17,-17,-17,-17,-17,-17,-17,-17,-17,-18,-17,-17,-18,-17,-18,-17,-19,-16,-19,-16,-19,-15,-20,-15,-20,-14,-20,-14,-21,-14,-21,-14,-21,-13]"
CSI_DATA,98858,d8:b1:90:db:e8:90,-52,11,1,6,0,0,1,0,0,0,1,-95,0,4,0,1500145019,0,100,0,128,1,"[100,-64,5,0,-16,-22,-16,-21,-16,-20,-17,-19,-17,-19,-18,-18,-18,-17,-18,-17,-19,-16,-20,-16,-21,-15,-21,-15,-22,-15,-22,-16,-22,-16,-22,-16,-22,-17,-21,-17,-21,-17,-21,-18,-20,-19,-19,-19,-19,-20,-17,-21,-16,-22,-4,-6,0,0,0,0,0,0,0,0,0,0,0,0,0,0,0,0,0,0,-3,-5,-11,-17,-11,-18,-10,-19,-10,-20,-9,-21,-9,-21,-8,-22,-8,-22,-8,-23,-8,-24,-8,-24,-8,-24,-8,-24,-9,-25,-9,-25,-10,-25,-10,-25,-11,-24,-11,-24,-12,-24,-12,-24,-13,-24,-14,-23,-14,-23,-14,-23,-14,-22]"
CSI_DATA,98859,d8:b1:90:db:e8:90,-51,11,1,6,0,0,1,0,0,0,1,-95,0,4,0,1500155257,0,100,0,128,1,"[100,-64,5,0,0,24,1,23,1,23,2,23,3,22,4,22,4,21,5,21,5,21,6,21,7,22,7,22,7,23,8,23,7,23,7,23,6,23,6,23,5,23,4,24,3,23,2,23,2,23,0,23,-1,23,-1,5,0,0,0,0,0,0,0,0,0,0,0,0,0,0,0,0,0,0,0,4,-1,18,-2,18,-3,19,-4,20,-4,20,-5,21,-5,21,-5,21,-6,22,-7,22,-8,22,-8,22,-8,23,-8,23,-7,23,-7,23,-6,23,-6,23,-5,24,-4,24,-4,24,-3,24,-3,24,-2,24,-2,25,-1,25]"
CSI_DATA,98860,d8:b1:90:db:e8:90,-51,11,1,6,0,0,1,0,0,0,1,-95,0,4,0,1500176385,0,100,0,128,1,"[100,-64,5,0,-22,-14,-22,-13,-22,-12,-22,-11,-22,-11,-22,-10,-22,-9,-22,-8,-23,-7,-23,-6,-24,-6,-24,-6,-25,-6,-25,-7,-25,-7,-25,-8,-25,-8,-24,-9,-24,-9,-23,-10,-23,-10,-23,-11,-23,-12,-22,-14,-21,-15,-6,-4,0,0,0,0,0,0,0,0,0,0,0,0,0,0,0,0,0,0,-3,-2,-9,-7,-11,-9,-15,-11,-17,-13,-17,-14,-18,-15,-18,-16,-18,-18,-18,-18,-18,-19,-18,-19,-18,-19,-18,-19,-18,-19,-19,-19,-19,-19,-20,-19,-20,-18,-20,-18,-20,-18,-21,-17,-21,-17,-22,-16,-22,-15,-22,-15,-22,-15]"
CSI_DATA,98861,d8:b1:90:db:e8:90,-52,11,1,6,0,0,1,0,0,0,1,-95,0,4,0,1500190678,0,100,0,128,1,"[100,-64,5,0,16,12,16,11,16,10,17,10,17,9,17,8,17,8,17,7,17,7,17,7,18,6,18,7,19,7,19,6,19,7,19,7,19,7,19,7,19,8,18,8,18,8,17,8,17,10,16,11,15,12,3,3,0,0,0,0,0,0,0,0,0,0,0,0,0,0,0,0,0,0,3,2,13,8,13,9,12,10,12,11,12,11,12,12,12,12,12,13,12,13,13,14,13,14,13,15,13,15,13,15,14,15,14,14,15,14,15,14,14,14,15,13,15,13,15,13,16,13,16,13,17,13,17,13]"
CSI_DATA,98862,d8:b1:90:db:e8:90,-51,11,1,6,0,0,1,0,0,0,1,-95,0,4,0,1500203450,0,100,0,128,1,"[100,-64,5,0,24,6,24,5,24,4,24,4,24,3,24,2,24,1,23,1,23,0,23,0,23,-1,24,-1,24,-1,25,-2,25,-2,25,-1,25,0,25,0,24,0,24,1,24,1,23,2,23,4,23,6,22,7,5,2,0,0,0,0,0,0,0,0,0,0,0,0,0,0,0,0,0,0,4,0,19,3,19,4,19,6,19,7,20,8,20,8,20,9,20,9,21,10,21,11,22,11,22,12,22,12,22,11,23,11,23,10,24,10,24,10,23,10,23,9,24,9,24,8,25,8,25,8,25,8,25,7]"
CSI_DATA,98863,d8:b1:90:db:e8:90,-51,11,1,6,0,0,1,0,0,0,1,-95,0,4,0,1500214613,0,100,0,128,1,"[100,-64,5,0,1,21,1,21,2,20,2,20,3,19,3,19,4,19,4,18,5,18,5,18,6,18,6,18,6,19,6,19,6,19,6,20,6,19,5,19,5,19,4,20,4,20,3,19,2,19,1,20,0,20,-1,5,0,0,0,0,0,0,0,0,0,0,0,0,0,0,0,0,0,0,0,4,1,16,0,17,-1,17,-1,18,-2,18,-2,18,-3,19,-3,19,-4,19,-4,20,-4,20,-4,20,-4,20,-4,21,-5,21,-5,21,-4,21,-4,21,-3,22,-2,22,-2,22,-1,22,-1,22,-1,22,0,22,0,23]"
CSI_DATA,98864,d8:b1:90:db:e8:90,-52,11,1,6,0,0,1,0,0,0,1,-95,0,4,0,1500226547,0,100,0,128,1,"[100,-64,5,0,-22,0,-22,1,-21,1,-21,2,-20,2,-20,3,-20,4,-19,4,-19,5,-19,5,-19,6,-19,6,-19,6,-19,7,-20,7,-20,7,-21,6,-21,6,-21,5,-21,5,-21,4,-21,4,-21,3,-21,2,-21,1,-6,0,0,0,0,0,0,0,0,0,0,0,0,0,0,0,0,0,0,0,-5,0,-17,2,-18,1,-18,-1,-18,-1,-19,-2,-19,-2,-20,-3,-20,-3,-21,-3,-21,-4,-21,-4,-21,-4,-22,-5,-22,-5,-22,-5,-22,-5,-22,-5,-22,-4,-22,-4,-22,-3,-22,-3,-23,-2,-23,-2,-23,-2,-23,-2,-23,-1]"
CSI_DATA,98865,d8:b1:90:db:e8:90,-51,11,1,6,0,0,1,0,0,0,1,-95,0,4,0,1500237333,0,100,0,128,1,"[100,-64,5,0,25,-9,24,-9,23,-10,22,-10,22,-11,21,-11,20,-12,19,-13,19,-13,18,-14,18,-14,18,-15,18,-15,18,-16,19,-16,20,-16,20,-16,20,-15,20,-15,20,-14,21,-14,21,-13,21,-12,22,-11,22,-9,5,-3,0,0,0,0,0,0,0,0,0,0,0,0,0,0,0,0,0,0,5,-3,20,-9,20,-8,21,-7,22,-6,23,-5,23,-5,24,-5,25,-4,25,-4,26,-3,26,-3,27,-3,27,-3,27,-2,27,-2,27,-2,27,-3,27,-3,26,-4,26,-4,26,-5,26,-6,26,-6,26,-6,26,-7,26,-8]"
CSI_DATA,98866,d8:b1:90:db:e8:90,-51,11,1,6,0,0,1,0,0,0,1,-95,0,4,0,1500247342,0,100,0,128,1,"[100,-64,5,0,9,23,9,22,10,22,10,21,11,20,11,19,12,18,12,18,13,17,13,17,14,17,14,17,14,17,15,17,15,18,15,18,15,19,14,19,14,19,13,19,12,19,12,19,11,20,10,20,8,21,2,5,0,0,0,0,0,0,0,0,0,0,0,0,0,0,0,0,0,0,2,4,9,18,8,18,7,19,6,20,6,21,6,21,5,22,5,23,4,24,4,24,4,25,4,25,4,25,4,25,3,25,3,25,3,25,4,25,5,25,5,25,6,25,6,25,7,25,7,25,7,25,8,25]"
CSI_DATA,98867,d8:b1:90:db:e8:90,-51,11,1,6,0,0,1,0,0,0,1,-95,0,4,0,1500257963,0,100,0,128,1,"[100,-64,5,0,-1,-26,-2,-25,-3,-25,-4,-24,-5,-24,-5,-23,-6,-23,-6,-22,-7,-22,-8,-22,-9,-22,-9,-22,-9,-22,-9,-23,-9,-23,-9,-23,-8,-23,-8,-23,-7,-23,-7,-23,-7,-23,-6,-23,-5,-23,-3,-23,-2,-24,-1,-6,0,0,0,0,0,0,0,0,0,0,0,0,0,0,0,0,0,0,-1,-6,-2,-22,-1,-22,0,-23,1,-23,1,-24,2,-24,3,-25,3,-25,3,-26,4,-26,4,-26,5,-27,5,-27,4,-27,4,-27,4,-27,4,-27,4,-27,3,-27,3,-27,3,-27,2,-27,1,-27,0,-27,-1,-27,-1,-27]"
CSI_DATA,98868,d8:b1:90:db:e8:90,-52,11,1,6,0,0,1,0,0,0,1,-95,0,4,0,1500281039,0,100,0,128,1,"[100,-64,5,0,8,-18,8,-18,7,-18,7,-18,6,-18,5,-18,4,-18,3,-18,3,-18,3,-18,2,-19,2,-19,2,-19,1,-19,2,-19,2,-19,2,-19,2,-19,3,-19,3,-19,4,-19,4,-18,5,-18,6,-18,7,-18,2,-5,0,0,0,0,0,0,0,0,0,0,0,0,0,0,0,0,0,0,1,-4,4,-13,6,-13,8,-14,9,-14,10,-14,11,-15,12,-15,12,-15,13,-15,13,-15,14,-16,14,-16,14,-16,14,-16,13,-16,13,-16,13,-16,13,-16,12,-16,12,-17,11,-17,11,-17,11,-17,11,-18,11,-18,10,-18]"
CSI_DATA,98869,d8:b1:90:db:e8:90,-52,11,1,6,0,0,1,0,0,0,1,-95,0,4,0,1500293852,0,100,0,128,1,"[100,-64,5,0,-13,-20,-13,-19,-13,-18,-13,-18,-13,-17,-14,-16,-14,-16,-15,-15,-16,-15,-16,-14,-17,-14,-18,-14,-18,-14,-18,-14,-18,-14,-18,-14,-17,-14,-17,-15,-17,-15,-16,-15,-16,-16,-15,-16,-15,-16,-14,-17,-13,-18,-4,-5,0,0,0,0,0,0,0,0,0,0,0,0,0,0,0,0,0,0,-3,-5,-12,-17,-11,-18,-10,-19,-9,-20,-9,-21,-8,-21,-8,-22,-8,-23,-7,-24,-7,-24,-7,-24,-7,-24,-7,-24,-6,-24,-7,-23,-7,-23,-7,-23,-8,-23,-9,-22,-9,-22,-10,-22,-10,-22,-10,-22,-11,-22,-11,-22,-11,-21]"
CSI_DATA,98870,d8:b1:90:db:e8:90,-52,11,1,6,0,0,1,0,0,0,1,-95,0,4,0,1500313856,0,100,0,128,1,"[100,-64,5,0,8,-22,7,-22,7,-22,6,-21,5,-21,4,-21,3,-21,2,-22,2,-23,1,-23,0,-23,0,-23,0,-24,0,-24,0,-24,0,-24,0,-24,1,-24,2,-24,2,-23,3,-23,3,-23,4,-23,6,-22,6,-22,1,-6,0,0,0,0,0,0,0,0,0,0,0,0,0,0,0,0,0,0,1,-5,6,-19,8,-19,9,-19,10,-19,11,-19,12,-19,13,-19,14,-19,14,-20,14,-20,14,-19,15,-19,15,-19,15,-19,14,-19,14,-19,13,-19,13,-19,12,-20,12,-20,11,-20,11,-21,11,-21,10,-21,10,-21,10,-22]"
CSI_DATA,98871,d8:b1:90:db:e8:90,-51,11,1,6,0,0,1,0,1,0,0,-95,0,4,0,1500327940,0,100,0,128,1,"[100,-64,5,0,-28,9,-29,11,-29,13,-29,16,-28,18,-27,20,-25,22,-23,23,-21,24,-19,24,-18,24,-18,24,-18,23,-18,21,-19,20,-20,19,-21,17,-21,16,-22,14,-22,12,-21,10,-19,9,-17,7,-15,5,-12,3,-3,0,0,0,0,0,0,0,0,0,0,0,0,0,0,0,0,0,0,0,7,-4,29,-13,30,-12,30,-12,29,-12,27,-12,25,-11,23,-10,20,-9,17,-7,14,-5,11,-2,9,0,7,3,5,5,3,7,2,9,1,10,1,10,0,10,-1,9,-3,8,-5,7,-8,7,-11,6,-15,6,-17,6]"
CSI_DATA,98872,d8:b1:90:db:e8:90,-52,11,1,6,0,0,1,0,1,0,0,-95,0,4,0,1500342523,0,100,0,128,1,"[100,-64,5,0,-12,-21,-14,-22,-17,-22,-19,-22,-21,-21,-23,-19,-24,-18,-25,-16,-25,-14,-26,-13,-26,-12,-25,-11,-24,-11,-24,-12,-23,-13,-21,-13,-20,-14,-19,-15,-17,-16,-16,-16,-14,-16,-12,-15,-11,-14,-9,-12,-7,-11,-2,-3,0,0,0,0,0,0,0,0,0,0,0,0,0,0,0,0,0,0,3,5,12,22,11,23,11,23,11,22,11,21,10,20,9,18,8,16,6,14,4,12,2,10,0,8,-2,7,-4,5,-6,5,-7,4,-8,4,-8,3,-8,2,-8,1,-8,-1,-7,-3,-7,-5,-7,-8,-7,-11,-7,-13]"
CSI_DATA,98873,d8:b1:90:db:e8:90,-52,11,1,6,0,0,1,0,1,0,0,-95,0,4,0,1500355087,0,100,0,128,1,"[100,-64,5,0,-8,-22,-10,-23,-13,-23,-15,-24,-17,-23,-19,-22,-21,-21,-23,-19,-24,-17,-24,-16,-24,-15,-24,-14,-23,-14,-22,-15,-21,-15,-19,-16,-18,-17,-16,-18,-15,-19,-13,-19,-12,-18,-10,-18,-9,-17,-7,-15,-5,-14,-2,-4,0,0,0,0,0,0,0,0,0,0,0,0,0,0,0,0,0,0,1,6,4,24,4,24,4,24,4,24,4,23,4,22,4,20,3,18,2,15,1,13,-1,10,-3,8,-4,6,-6,4,-8,3,-9,3,-9,2,-10,2,-9,1,-9,0,-8,-1,-7,-3,-6,-5,-5,-7,-5,-10,-5,-12]"
CSI_DATA,98874,d8:b1:90:db:e8:90,-51,11,1,6,0,0,1,0,1,0,0,-95,0,4,0,1500383439,0,100,0,128,1,"[100,-64,5,0,20,9,23,9,25,7,28,5,30,3,30,0,31,-2,31,-5,31,-7,30,-8,29,-9,28,-9,27,-9,27,-8,27,-6,26,-4,26,-2,26,0,25,1,24,3,23,4,21,5,19,5,17,6,15,6,3,1,0,0,0,0,0,0,0,0,0,0,0,0,0,0,0,0,0,0,-5,-4,-18,-16,-18,-17,-19,-17,-19,-17,-19,-16,-18,-15,-16,-13,-15,-12,-12,-11,-10,-10,-7,-9,-5,-9,-2,-8,0,-9,2,-9,3,-9,4,-10,4,-10,4,-9,4,-8,4,-6,4,-4,5,-2,6,0,8,3,10,4]"
CSI_DATA,98875,d8:b1:90:db:e8:90,-51,11,1,5,0,0,1,0,1,0,1,-95,0,4,0,1500395217,0,100,0,128,1,"[100,-64,5,0,-16,-16,-20,-17,-22,-17,-25,-17,-28,-15,-30,-13,-31,-11,-32,-9,-33,-6,-33,-4,-32,-3,-32,-2,-31,-3,-30,-4,-28,-5,-27,-7,-26,-9,-25,-11,-23,-12,-22,-13,-21,-14,-19,-14,-17,-14,-15,-14,-13,-14,-3,-4,0,0,0,0,0,0,0,0,0,0,0,0,0,0,0,0,0,0,2,5,10,21,9,22,9,22,10,22,10,21,9,20,9,18,7,16,6,14,4,12,2,10,-1,9,-3,8,-5,7,-7,7,-8,7,-9,7,-9,7,-9,7,-9,6,-8,5,-7,3,-7,0,-7,-2,-8,-5,-8,-8]"
CSI_DATA,98876,d8:b1:90:db:e8:90,-51,11,1,5,0,0,1,0,1,0,1,-95,0,4,0,1500408761,0,100,0,128,1,"[100,-64,5,0,-14,-16,-16,-17,-19,-17,-22,-17,-24,-16,-26,-14,-28,-12,-29,-10,-30,-8,-29,-6,-29,-5,-28,-5,-27,-5,-26,-6,-25,-7,-24,-8,-23,-10,-22,-11,-21,-13,-19,-14,-18,-15,-17,-15,-15,-15,-13,-14,-11,-14,-3,-4,0,0,0,0,0,0,0,0,0,0,0,0,0,0,0,0,0,0,1,5,6,20,6,21,5,21,6,20,6,20,6,18,6,17,5,15,4,13,2,11,0,9,-2,8,-3,6,-5,6,-7,5,-9,5,-9,6,-9,6,-9,5,-9,5,-8,4,-7,3,-7,1,-7,-2,-7,-5,-7,-7]"
CSI_DATA,98877,d8:b1:90:db:e8:90,-51,11,1,5,0,0,1,0,1,0,1,-95,0,4,0,1500419809,0,100,0,128,1,"[100,-64,5,0,13,14,15,15,18,16,21,15,24,14,26,12,28,11,29,8,29,6,29,5,28,4,28,3,26,3,25,3,24,5,22,6,21,8,20,9,19,11,17,12,16,13,14,14,13,14,11,14,9,13,2,3,0,0,0,0,0,0,0,0,0,0,0,0,0,0,0,0,0,0,-2,-5,-7,-21,-7,-21,-7,-22,-8,-21,-8,-20,-8,-19,-8,-17,-7,-15,-5,-13,-3,-11,-1,-10,1,-8,3,-7,5,-6,7,-6,9,-6,9,-7,10,-7,9,-8,9,-7,8,-7,7,-5,6,-3,6,-1,7,2,7,5]"
CSI_DATA,98878,d8:b1:90:db:e8:90,-51,11,1,6,0,0,1,0,1,0,1,-95,0,4,0,1500429972,0,100,0,128,1,"[100,-64,5,0,19,-9,22,-11,24,-14,25,-17,25,-20,24,-23,23,-25,22,-27,20,-28,18,-29,16,-29,15,-28,15,-27,15,-25,16,-23,17,-21,18,-19,19,-17,20,-15,20,-13,21,-11,20,-9,20,-7,19,-4,18,-2,4,-1,0,0,0,0,0,0,0,0,0,0,0,0,0,0,0,0,0,0,-6,0,-24,2,-25,1,-25,1,-25,1,-24,2,-23,2,-21,2,-18,2,-15,1,-13,0,-10,-2,-8,-4,-6,-6,-5,-8,-4,-10,-3,-12,-3,-13,-4,-14,-4,-14,-4,-13,-4,-12,-2,-10,-1,-9,2,-8,5,-7,8,-6]"
CSI_DATA,98879,d8:b1:90:db:e8:90,-51,11,1,6,0,0,1,0,1,0,1,-95,0,4,0,1500441798,0,100,0,128,1,"[100,-64,5,0,-10,-18,-12,-20,-14,-22,-16,-23,-19,-23,-22,-22,-24,-21,-26,-19,-27,-17,-28,-15,-28,-13,-27,-12,-26,-11,-25,-11,-23,-12,-21,-13,-20,-14,-18,-15,-16,-16,-14,-17,-13,-18,-11,-18,-9,-18,-7,-17,-5,-17,-2,-5,0,0,0,0,0,0,0,0,0,0,0,0,0,0,0,0,0,0,-2,5,-6,21,-7,21,-7,21,-6,21,-6,21,-5,20,-4,18,-4,16,-4,13,-4,10,-5,7,-6,5,-8,3,-9,1,-11,0,-13,0,-14,0,-15,0,-15,0,-14,1,-13,1,-12,0,-11,-1,-9,-3,-8,-6,-7,-8]"
CSI_DATA,98880,d8:b1:90:db:e8:90,-51,11,1,6,0,0,1,0,1,0,1,-95,0,4,0,1500452827,0,100,0,128,1,"[100,-64,5,0,-3,-22,-4,-25,-5,-28,-7,-30,-10,-31,-13,-31,-16,-31,-18,-30,-20,-29,-21,-27,-21,-26,-21,-24,-20,-23,-19,-22,-17,-22,-15,-22,-12,-22,-10,-22,-7,-22,-5,-22,-3,-22,-1,-21,1,-20,3,-19,5,-17,1,-5,0,0,0,0,0,0,0,0,0,0,0,0,0,0,0,0,0,0,-2,5,-8,23,-9,23,-9,23,-9,23,-8,22,-7,21,-6,19,-5,17,-5,14,-5,11,-5,7,-6,4,-8,1,-9,-1,-11,-3,-13,-4,-14,-4,-15,-4,-16,-4,-16,-3,-15,-3,-13,-3,-11,-4,-9,-6,-7,-8,-5,-10]"
CSI_DATA,98881,d8:b1:90:db:e8:90,-51,11,1,6,0,0,1,0,1,0,1,-95,0,4,0,1500464078,0,100,0,128,1,"[100,-64,5,0,20,7,23,7,26,7,28,6,30,4,32,2,33,-1,33,-4,32,-6,31,-8,30,-9,29,-10,27,-10,26,-9,25,-8,24,-6,23,-4,22,-2,22,0,21,2,20,4,18,5,17,7,15,8,13,9,3,2,0,0,0,0,0,0,0,0,0,0,0,0,0,0,0,0,0,0,-4,-5,-13,-20,-13,-21,-13,-21,-14,-21,-14,-20,-13,-18,-12,-17,-11,-15,-9,-13,-6,-11,-3,-9,-1,-8,2,-8,5,-8,7,-8,9,-9,10,-10,11,-11,10,-11,10,-11,10,-10,9,-9,9,-7,10,-5,11,-2,12,0]"
CSI_DATA,98882,d8:b1:90:db:e8:90,-52,11,1,6,0,0,1,0,1,0,1,-95,0,4,0,1500485824,0,100,0,128,1,"[100,-64,5,0,17,-11,20,-12,21,-14,22,-17,22,-19,22,-21,21,-24,19,-25,17,-26,15,-27,13,-27,12,-26,11,-25,11,-23,11,-21,11,-19,12,-17,13,-15,14,-13,14,-11,15,-9,15,-7,15,-5,15,-2,14,0,3,0,0,0,0,0,0,0,0,0,0,0,0,0,0,0,0,0,0,0,-6,0,-24,1,-25,1,-25,1,-25,1,-24,2,-22,2,-20,3,-17,3,-14,2,-11,0,-8,-1,-5,-4,-3,-6,-2,-8,0,-11,0,-13,0,-15,-1,-16,-1,-17,-2,-17,-2,-16,-1,-15,0,-13,2,-12,4,-11,7,-10]"
CSI_DATA,98883,d8:b1:90:db:e8:90,-51,11,1,6,0,0,1,0,1,0,1,-95,0,4,0,1500496839,0,100,0,128,1,"[100,-64,5,0,-10,-20,-11,-22,-13,-23,-16,-24,-18,-25,-20,-24,-22,-23,-24,-22,-25,-20,-26,-18,-26,-16,-26,-14,-25,-13,-24,-13,-22,-13,-20,-13,-18,-14,-16,-14,-13,-15,-11,-15,-9,-16,-7,-16,-5,-16,-3,-15,0,-15,0,-4,0,0,0,0,0,0,0,0,0,0,0,0,0,0,0,0,0,0,-1,6,-3,24,-3,24,-4,24,-3,23,-3,23,-2,21,-1,20,-1,17,-1,14,-2,11,-3,8,-5,5,-7,2,-9,0,-11,-2,-13,-2,-15,-2,-16,-2,-16,-2,-16,-2,-16,-2,-15,-3,-13,-4,-12,-5,-11,-7,-10,-9]"
CSI_DATA,98884,d8:b1:90:db:e8:90,-51,11,1,6,0,0,1,0,1,0,1,-95,0,4,0,1500514580,0,100,0,128,1,"[100,-64,5,0,11,-19,12,-21,13,-23,12,-25,11,-27,10,-29,8,-30,6,-31,3,-31,1,-31,0,-30,-1,-29,-2,-28,-2,-26,-1,-25,0,-23,2,-22,3,-20,5,-19,6,-17,8,-15,9,-13,10,-11,11,-9,12,-7,3,-2,0,0,0,0,0,0,0,0,0,0,0,0,0,0,0,0,0,0,-6,2,-23,11,-23,10,-24,10,-23,10,-22,11,-21,11,-18,10,-16,9,-14,7,-11,5,-9,2,-7,-1,-6,-4,-5,-7,-5,-10,-5,-13,-6,-14,-6,-15,-7,-16,-7,-16,-7,-16,-6,-15,-4,-14,-2,-14,1,-14,3,-14]"
CSI_DATA,98885,d8:b1:90:db:e8:90,-52,11,1,6,0,0,1,0,1,0,1,-95,0,4,0,1500526007,0,100,0,128,1,"[100,-64,5,0,-2,23,-3,26,-2,28,0,30,1,31,3,32,5,32,8,32,10,31,12,29,14,28,14,27,14,26,13,24,11,23,10,22,7,21,5,21,3,20,0,18,-2,17,-4,15,-6,14,-8,11,-9,9,-3,2,0,0,0,0,0,0,0,0,0,0,0,0,0,0,0,0,0,0,2,-7,12,-27,12,-27,13,-27,12,-27,11,-26,9,-25,8,-23,7,-20,6,-16,5,-13,4,-8,4,-4,5,0,7,4,8,6,10,9,11,10,13,11,14,11,14,11,13,11,12,11,11,11,9,12,6,13,4,15]"
CSI_DATA,98886,d8:b1:90:db:e8:90,-52,11,1,6,0,0,1,0,1,0,1,-95,0,4,0,1500536619,0,100,0,128,1,"[100,-64,5,0,-19,-8,-21,-9,-23,-9,-24,-9,-26,-8,-27,-6,-28,-4,-28,-2,-28,0,-28,1,-27,3,-26,4,-25,4,-24,4,-22,3,-21,2,-20,0,-18,-1,-17,-3,-16,-5,-14,-6,-12,-8,-10,-9,-8,-10,-6,-11,-2,-3,0,0,0,0,0,0,0,0,0,0,0,0,0,0,0,0,0,0,4,4,16,17,16,17,16,17,16,17,16,15,15,14,14,12,12,11,10,9,7,7,4,6,1,5,-3,4,-6,4,-8,5,-11,5,-12,6,-13,7,-14,8,-14,8,-13,8,-13,7,-13,5,-13,3,-13,1,-14,-1]"
CSI_DATA,98887,d8:b1:90:db:e8:90,-52,11,1,6,0,0,1,0,1,0,1,-95,0,4,0,1500548008,0,100,0,128,1,"[100,-64,5,0,19,14,20,15,23,16,25,16,27,15,29,14,30,12,31,10,31,8,31,6,31,4,30,3,29,2,28,2,26,2,24,3,23,4,21,6,18,7,16,8,13,9,11,10,8,10,5,10,2,11,0,2,0,0,0,0,0,0,0,0,0,0,0,0,0,0,0,0,0,0,-6,-6,-21,-22,-21,-23,-21,-23,-21,-22,-20,-21,-20,-19,-18,-17,-16,-15,-13,-12,-10,-10,-7,-8,-3,-6,1,-5,5,-4,8,-4,11,-4,13,-5,15,-6,15,-6,16,-6,16,-5,16,-4,15,-2,15,0,15,3,16,5]"
CSI_DATA,98888,d8:b1:90:db:e8:90,-52,11,1,6,0,0,1,0,1,0,1,-95,0,4,0,1500558336,0,100,0,128,1,"[100,-64,5,0,3,-25,4,-27,3,-29,2,-31,1,-32,-1,-33,-4,-34,-6,-34,-8,-33,-10,-32,-12,-31,-13,-29,-13,-28,-12,-27,-11,-26,-9,-24,-7,-23,-5,-22,-3,-20,-1,-19,1,-18,3,-16,5,-13,7,-10,8,-8,2,-2,0,0,0,0,0,0,0,0,0,0,0,0,0,0,0,0,0,0,-3,6,-12,27,-13,27,-14,27,-13,27,-12,26,-10,25,-9,23,-7,20,-6,17,-5,12,-5,8,-5,4,-5,0,-6,-4,-8,-7,-9,-10,-11,-11,-12,-12,-12,-13,-13,-13,-12,-13,-11,-14,-9,-14,-7,-15,-4,-16,-2,-17]"
CSI_DATA,98889,d8:b1:90:db:e8:90,-52,11,1,6,0,0,1,0,1,0,1,-95,0,4,0,1500585904,0,100,0,128,1,"[100,-64,5,0,9,-21,10,-23,10,-25,9,-27,8,-28,7,-30,5,-31,2,-31,1,-31,-1,-31,-3,-30,-4,-30,-5,-29,-5,-28,-4,-26,-3,-25,-1,-24,0,-22,2,-20,3,-19,5,-17,6,-14,7,-11,8,-8,8,-5,2,-2,0,0,0,0,0,0,0,0,0,0,0,0,0,0,0,0,0,0,-5,5,-18,23,-19,23,-20,23,-19,22,-18,22,-16,21,-14,20,-11,18,-10,15,-8,11,-6,7,-5,3,-5,-1,-4,-5,-5,-8,-5,-11,-6,-12,-7,-14,-7,-15,-7,-15,-7,-15,-6,-15,-4,-15,-2,-15,1,-16,2,-17]"
CSI_DATA,98890,d8:b1:90:db:e8:90,-52,11,1,6,0,0,1,0,1,0,1,-95,0,4,0,1500598872,0,100,0,128,1,"[100,-64,5,0,-1,23,-1,25,0,27,2,28,4,29,6,30,9,30,11,29,13,28,14,27,15,26,16,25,16,23,16,22,14,21,13,21,11,20,9,20,6,19,4,18,2,17,0,15,-2,13,-5,11,-7,9,-2,2,0,0,0,0,0,0,0,0,0,0,0,0,0,0,0,0,0,0,2,-7,10,-29,10,-29,10,-29,10,-29,9,-28,7,-26,6,-24,5,-22,4,-18,4,-14,4,-10,4,-6,5,-2,6,1,7,4,9,6,10,8,11,9,12,10,12,10,11,10,10,11,9,12,7,13,5,14,4,16]"
CSI_DATA,98891,d8:b1:90:db:e8:90,-52,11,1,6,0,0,1,0,1,0,1,-95,0,4,0,1500621846,0,100,0,128,1,"[100,-64,5,0,15,-20,16,-21,17,-23,16,-25,15,-27,14,-29,12,-31,10,-32,8,-32,6,-32,4,-32,3,-32,2,-31,2,-30,2,-29,4,-27,5,-25,6,-23,7,-21,8,-18,9,-16,10,-14,10,-11,10,-7,10,-4,2,-1,0,0,0,0,0,0,0,0,0,0,0,0,0,0,0,0,0,0,-6,5,-24,20,-25,20,-25,20,-24,20,-23,20,-21,20,-19,19,-16,17,-14,15,-11,11,-9,7,-7,3,-5,0,-4,-4,-4,-8,-3,-11,-4,-13,-4,-15,-4,-16,-4,-16,-3,-16,-2,-16,0,-15,2,-15,5,-15,7,-15]"
CSI_DATA,98892,d8:b1:90:db:e8:90,-52,11,1,6,0,0,1,0,1,0,1,-95,0,4,0,1500633077,0,100,0,128,1,"[100,-64,5,0,-14,-16,-16,-17,-17,-18,-19,-18,-21,-17,-22,-16,-24,-15,-25,-13,-26,-12,-26,-10,-26,-9,-26,-8,-26,-7,-25,-7,-24,-7,-23,-7,-21,-8,-19,-9,-17,-9,-15,-10,-13,-10,-11,-10,-8,-10,-5,-10,-3,-10,-1,-3,0,0,0,0,0,0,0,0,0,0,0,0,0,0,0,0,0,0,2,5,9,23,9,24,9,24,9,23,9,22,9,21,9,19,8,17,7,14,5,12,3,9,1,7,-2,4,-4,3,-7,2,-9,1,-11,0,-12,0,-13,-1,-13,-1,-13,-2,-13,-3,-13,-4,-12,-6,-12,-8,-11,-10]"
CSI_DATA,98893,d8:b1:90:db:e8:90,-51,11,1,6,0,0,1,0,1,0,1,-95,0,4,0,1500647223,0,100,0,128,1,"[100,-64,5,0,-3,-26,-4,-28,-6,-30,-7,-31,-9,-32,-12,-32,-14,-31,-16,-30,-18,-29,-20,-28,-21,-27,-21,-26,-21,-25,-20,-24,-19,-24,-18,-24,-16,-24,-13,-23,-10,-22,-8,-21,-6,-20,-3,-19,-1,-16,1,-14,3,-11,1,-3,0,0,0,0,0,0,0,0,0,0,0,0,0,0,0,0,0,0,-1,8,-1,32,-2,32,-3,33,-2,32,-1,31,-1,30,0,28,1,24,1,21,0,17,-1,13,-2,8,-4,4,-6,1,-8,-2,-10,-4,-11,-6,-12,-7,-13,-8,-13,-9,-13,-9,-11,-10,-10,-11,-8,-13,-7,-15,-6,-17]"
CSI_DATA,98894,d8:b1:90:db:e8:90,-52,11,1,6,0,0,1,0,1,0,1,-95,0,4,0,1500658484,0,100,0,128,1,"[100,-64,5,0,2,19,3,21,5,22,6,23,8,24,10,24,12,23,14,23,16,21,17,20,18,19,18,18,18,17,17,17,15,17,14,17,12,16,10,16,8,16,6,16,4,15,2,14,0,13,-1,11,-3,9,-1,2,0,0,0,0,0,0,0,0,0,0,0,0,0,0,0,0,0,0,0,-7,2,-25,2,-26,3,-26,2,-26,2,-25,1,-24,0,-22,0,-20,0,-17,0,-14,1,-11,2,-8,3,-4,4,-2,6,0,7,2,9,3,10,4,10,5,10,5,10,6,9,6,8,7,7,9,5,11,4,12]"
CSI_DATA,98895,d8:b1:90:db:e8:90,-51,11,1,6,0,0,1,0,1,0,1,-95,0,4,0,1500688174,0,100,0,128,1,"[100,-64,5,0,11,-18,12,-20,12,-22,12,-24,10,-26,9,-27,7,-28,5,-29,3,-29,2,-30,0,-30,-1,-29,-1,-29,0,-28,1,-27,2,-26,3,-25,4,-23,5,-22,7,-20,7,-18,8,-15,8,-13,9,-10,9,-7,2,-2,0,0,0,0,0,0,0,0,0,0,0,0,0,0,0,0,0,0,-5,4,-19,18,-20,18,-21,18,-20,19,-19,19,-18,18,-16,18,-14,16,-12,14,-10,11,-9,8,-7,5,-6,2,-5,-1,-5,-4,-5,-7,-5,-8,-5,-10,-5,-10,-5,-11,-4,-11,-2,-11,-1,-11,1,-11,4,-12,6,-13]"
CSI_DATA,98896,d8:b1:90:db:e8:90,-51,11,1,6,0,0,1,0,1,0,1,-95,0,4,0,1500699922,0,100,0,128,1,"[100,-64,5,0,3,-21,3,-23,2,-25,1,-27,-1,-28,-3,-29,-5,-29,-7,-29,-9,-28,-11,-28,-12,-27,-13,-27,-13,-26,-13,-25,-12,-24,-10,-24,-8,-23,-6,-22,-4,-21,-2,-20,-1,-19,1,-17,2,-15,4,-13,5,-10,1,-3,0,0,0,0,0,0,0,0,0,0,0,0,0,0,0,0,0,0,-3,5,-12,23,-13,23,-14,24,-13,24,-13,23,-11,23,-10,21,-9,19,-8,17,-7,13,-6,10,-5,7,-6,3,-6,0,-7,-3,-8,-5,-8,-6,-9,-7,-9,-8,-9,-9,-8,-9,-7,-10,-6,-10,-4,-11,-2,-12,0,-13]"
CSI_DATA,98897,d8:b1:90:db:e8:90,-51,11,1,6,0,0,1,0,1,0,1,-95,0,4,0,1500719181,0,100,0,128,1,"[100,-64,5,0,-21,1,-23,2,-25,3,-26,5,-27,7,-27,9,-27,12,-27,14,-26,16,-25,17,-24,18,-23,18,-22,18,-22,18,-22,16,-21,15,-21,13,-20,11,-20,8,-20,6,-19,4,-18,3,-16,1,-14,-2,-12,-4,-3,-1,0,0,0,0,0,0,0,0,0,0,0,0,0,0,0,0,0,0,6,1,26,5,26,5,27,5,27,5,26,4,25,3,23,2,21,2,18,2,15,2,12,2,8,3,5,4,2,5,0,6,-2,7,-4,9,-4,10,-5,10,-5,10,-6,9,-7,8,-8,7,-9,5,-11,4,-13,3]"
CSI_DATA,98898,d8:b1:90:db:e8:90,-51,11,1,6,0,0,1,0,1,0,1,-95,0,4,0,1500730973,0,100,0,128,1,"[100,-64,5,0,-16,13,-17,14,-18,17,-18,19,-17,21,-16,23,-14,25,-13,27,-11,27,-10,28,-9,28,-8,28,-7,28,-7,27,-7,25,-8,24,-9,23,-10,21,-11,19,-12,17,-12,15,-12,12,-12,10,-12,7,-12,4,-3,0,0,0,0,0,0,0,0,0,0,0,0,0,0,0,0,0,0,0,5,-4,23,-13,24,-12,24,-12,24,-13,23,-13,22,-14,20,-13,18,-13,15,-11,13,-9,10,-7,8,-4,6,-1,4,2,3,4,2,6,2,8,2,9,2,10,2,11,1,10,0,10,-2,10,-4,9,-6,9,-8,9]"
CSI_DATA,98899,d8:b1:90:db:e8:90,-51,11,1,6,0,0,1,0,1,0,1,-95,0,4,0,1500741884,0,100,0,128,1,"[100,-64,5,0,-6,-20,-7,-22,-9,-24,-11,-25,-13,-25,-15,-25,-17,-25,-20,-24,-21,-22,-23,-21,-24,-20,-24,-19,-24,-18,-23,-18,-22,-18,-20,-18,-18,-18,-16,-18,-14,-18,-12,-18,-10,-18,-8,-17,-5,-16,-3,-14,-1,-13,0,-3,0,0,0,0,0,0,0,0,0,0,0,0,0,0,0,0,0,0,-1,6,-4,26,-5,26,-5,27,-4,27,-4,26,-3,25,-2,24,-1,22,-1,19,-2,16,-2,12,-3,9,-4,6,-6,3,-7,1,-9,-1,-10,-2,-11,-3,-12,-3,-12,-4,-11,-5,-10,-5,-9,-7,-8,-8,-7,-10,-6,-12]"
CSI_DATA,98900,d8:b1:90:db:e8:90,-51,11,1,6,0,0,1,0,1,0,1,-95,0,4,0,1500753579,0,100,0,128,1,"[100,-64,5,0,-14,14,-15,15,-16,17,-16,20,-15,22,-14,24,-12,26,-10,27,-8,28,-7,28,-6,28,-5,28,-4,28,-4,27,-5,25,-6,24,-7,23,-8,22,-9,20,-10,18,-11,16,-11,13,-12,11,-12,8,-12,5,-3,1,0,0,0,0,0,0,0,0,0,0,0,0,0,0,0,0,0,0,6,-3,24,-9,25,-10,26,-10,25,-10,25,-11,23,-11,21,-11,19,-11,17,-9,14,-7,11,-5,8,-2,6,0,5,3,4,6,3,8,3,10,3,11,3,11,3,12,2,12,1,11,0,11,-2,10,-5,10,-6,10]"
CSI_DATA,98901,d8:b1:90:db:e8:90,-51,11,1,6,0,0,1,0,1,0,1,-95,0,4,0,1500766470,0,100,0,128,1,"[100,-64,5,0,16,10,18,11,21,11,23,11,25,10,27,8,28,6,29,4,29,2,29,0,29,-2,29,-2,28,-3,28,-2,27,-1,26,0,25,1,24,3,22,4,20,5,18,6,16,7,13,8,11,8,8,8,2,2,0,0,0,0,0,0,0,0,0,0,0,0,0,0,0,0,0,0,-4,-6,-16,-22,-16,-23,-17,-23,-17,-23,-17,-22,-17,-21,-16,-19,-15,-17,-13,-15,-11,-13,-8,-11,-5,-9,-2,-7,0,-6,3,-6,6,-6,7,-6,9,-6,9,-6,10,-5,10,-4,10,-3,10,-2,10,0,11,2,11,4]"
CSI_DATA,98902,d8:b1:90:db:e8:90,-51,11,1,6,0,0,1,0,1,0,1,-95,0,4,0,1500790607,0,100,0,128,1,"[100,-64,5,0,19,-9,21,-10,22,-12,23,-15,22,-17,22,-20,21,-22,19,-24,18,-26,16,-27,15,-28,14,-28,13,-28,13,-27,13,-26,14,-24,14,-22,15,-21,16,-18,16,-16,16,-14,15,-12,15,-9,14,-7,13,-4,3,-1,0,0,0,0,0,0,0,0,0,0,0,0,0,0,0,0,0,0,-7,-2,-28,-6,-29,-7,-29,-7,-29,-6,-29,-5,-28,-4,-26,-3,-23,-3,-20,-3,-17,-3,-14,-3,-10,-4,-7,-5,-4,-7,-2,-9,0,-10,1,-12,1,-13,2,-13,2,-13,3,-13,4,-12,5,-11,7,-9,9,-8,11,-8]"
CSI_DATA,98903,d8:b1:90:db:e8:90,-51,11,1,6,0,0,1,0,1,0,1,-95,0,4,0,1500803151,0,100,0,128,1,"[100,-64,5,0,-20,-8,-22,-9,-24,-8,-26,-7,-28,-5,-29,-3,-30,0,-31,2,-31,4,-30,6,-30,7,-29,9,-29,9,-28,8,-27,7,-26,6,-26,4,-25,2,-24,1,-22,-1,-21,-2,-19,-4,-17,-5,-14,-6,-12,-8,-3,-2,0,0,0,0,0,0,0,0,0,0,0,0,0,0,0,0,0,0,3,5,15,22,15,22,15,23,16,23,16,22,15,21,15,19,14,17,12,15,9,13,6,11,3,9,0,8,-2,7,-5,7,-7,6,-9,6,-10,7,-11,6,-11,6,-11,5,-11,4,-11,2,-12,0,-12,-2,-13,-3]"
CSI_DATA,98904,d8:b1:90:db:e8:90,-51,11,1,6,0,0,1,0,1,0,1,-95,0,4,0,1500820557,0,100,0,128,1,"[100,-64,5,0,12,-15,13,-17,13,-19,12,-21,11,-23,9,-25,7,-27,5,-28,3,-28,2,-29,0,-28,-1,-28,-1,-27,-1,-27,0,-26,1,-25,2,-24,4,-22,5,-21,6,-20,7,-18,8,-16,9,-14,9,-11,10,-9,2,-3,0,0,0,0,0,0,0,0,0,0,0,0,0,0,0,0,0,0,-7,1,-25,5,-26,5,-27,5,-27,5,-26,6,-24,6,-22,6,-20,6,-18,5,-15,3,-12,1,-10,-1,-8,-4,-6,-6,-5,-8,-5,-10,-4,-11,-4,-12,-4,-13,-4,-13,-3,-12,-2,-12,0,-11,2,-11,4,-11,6,-11]"
CSI_DATA,98905,d8:b1:90:db:e8:90,-51,11,1,6,0,0,1,0,1,0,1,-95,0,4,0,1500836340,0,100,0,128,1,"[100,-64,5,0,0,17,1,19,2,21,4,22,7,23,9,23,11,23,13,22,15,20,17,19,18,19,18,18,18,17,17,16,16,16,14,17,13,17,11,17,9,17,8,16,6,16,4,15,3,14,1,13,-1,12,-1,2,0,0,0,0,0,0,0,0,0,0,0,0,0,0,0,0,0,0,3,-5,14,-19,15,-20,15,-20,15,-20,14,-20,13,-19,11,-18,10,-16,9,-14,8,-11,7,-9,7,-6,7,-3,7,0,8,2,9,4,9,5,10,5,10,6,10,6,9,6,8,7,6,7,5,8,3,10,2,11]"
CSI_DATA,98906,d8:b1:90:db:e8:90,-51,11,1,6,0,0,1,0,1,0,1,-95,0,4,0,1500851673,0,100,0,128,1,"[100,-64,5,0,18,10,20,11,22,10,25,9,27,7,28,5,29,2,30,0,30,-2,30,-4,29,-6,29,-7,28,-7,28,-6,27,-6,26,-4,26,-3,25,-1,24,0,22,2,20,3,18,4,16,5,14,6,11,7,2,1,0,0,0,0,0,0,0,0,0,0,0,0,0,0,0,0,0,0,-3,-7,-11,-26,-11,-27,-11,-27,-11,-27,-11,-26,-11,-24,-11,-23,-10,-21,-8,-18,-6,-16,-4,-13,-1,-11,1,-10,4,-8,6,-7,8,-6,10,-6,11,-6,11,-6,11,-5,11,-4,11,-3,11,-1,11,1,12,3,12,4]"
CSI_DATA,98907,d8:b1:90:db:e8:90,-51,11,1,6,0,0,1,0,1,0,1,-95,0,4,0,1500862492,0,100,0,128,1,"[100,-64,5,0,1,19,2,22,4,23,6,24,9,25,12,25,14,24,17,23,18,22,19,21,20,19,21,19,21,18,20,17,19,17,17,18,15,18,13,18,11,18,9,18,7,18,5,17,3,16,1,14,-1,13,-1,3,0,0,0,0,0,0,0,0,0,0,0,0,0,0,0,0,0,0,3,-6,13,-24,14,-24,14,-24,13,-24,13,-24,11,-23,10,-22,9,-19,8,-17,7,-13,7,-10,7,-6,7,-3,8,0,9,2,10,4,11,5,12,6,12,6,12,6,11,6,10,7,8,7,6,8,5,10,3,12]"
CSI_DATA,98908,d8:b1:90:db:e8:90,-51,11,1,6,0,0,1,0,1,0,1,-95,0,4,0,1500872948,0,100,0,128,1,"[100,-64,5,0,19,-5,21,-7,23,-9,23,-11,23,-14,23,-17,22,-19,21,-21,20,-23,18,-24,17,-24,16,-25,15,-24,15,-23,15,-22,16,-21,16,-19,16,-17,17,-15,17,-14,16,-12,16,-9,15,-7,14,-5,13,-3,3,-1,0,0,0,0,0,0,0,0,0,0,0,0,0,0,0,0,0,0,-7,-2,-26,-7,-27,-8,-27,-8,-27,-8,-27,-7,-25,-6,-23,-5,-21,-4,-18,-4,-15,-5,-11,-5,-8,-6,-5,-7,-2,-8,0,-10,1,-11,2,-12,3,-13,3,-13,3,-13,4,-12,5,-11,6,-9,7,-8,10,-6,11,-6]"
CSI_DATA,98909,d8:b1:90:db:e8:90,-51,11,1,6,0,0,1,0,1,0,1,-95,0,4,0,1500897077,0,100,0,128,1,"[100,-64,5,0,-14,-13,-16,-14,-18,-14,-20,-13,-22,-12,-24,-10,-25,-8,-26,-6,-26,-4,-26,-2,-26,-1,-26,1,-26,1,-25,1,-24,0,-24,-1,-23,-2,-22,-3,-21,-5,-19,-6,-18,-7,-16,-8,-15,-8,-12,-9,-10,-9,-3,-3,0,0,0,0,0,0,0,0,0,0,0,0,0,0,0,0,0,0,-1,6,-1,24,-2,24,-2,24,-1,24,-1,23,0,22,0,21,0,18,0,16,-1,13,-3,10,-5,8,-6,6,-8,4,-10,3,-12,2,-13,2,-14,2,-14,2,-14,2,-13,1,-13,0,-12,-1,-11,-3,-11,-5,-11,-6]"
CSI_DATA,98910,d8:b1:90:db:e8:90,-51,11,1,6,0,0,1,0,1,0,1,-95,0,4,0,1500907965,0,100,0,128,1,"[100,-64,5,0,-20,8,-21,9,-22,11,-23,13,-22,16,-21,18,-20,21,-18,22,-17,24,-15,24,-14,25,-12,25,-12,25,-12,24,-12,23,-12,22,-13,21,-13,19,-14,17,-15,16,-15,14,-14,12,-14,9,-13,7,-12,4,-3,1,0,0,0,0,0,0,0,0,0,0,0,0,0,0,0,0,0,0,6,1,25,4,25,5,25,5,25,5,24,4,23,3,21,3,19,2,17,2,14,3,10,4,8,4,5,6,3,7,1,8,-1,10,-2,11,-2,11,-3,11,-3,11,-4,11,-5,10,-6,9,-8,8,-10,7,-12,6]"
CSI_DATA,98911,d8:b1:90:db:e8:90,-51,11,1,6,0,0,1,0,1,0,1,-95,0,4,0,1500921691,0,100,0,128,1,"[100,-64,5,0,-14,-16,-16,-17,-18,-17,-20,-17,-23,-16,-25,-14,-26,-12,-27,-10,-28,-8,-28,-6,-28,-5,-28,-3,-27,-3,-27,-3,-26,-3,-25,-4,-24,-6,-22,-7,-21,-8,-20,-9,-18,-10,-16,-11,-14,-11,-11,-11,-9,-11,-2,-3,0,0,0,0,0,0,0,0,0,0,0,0,0,0,0,0,0,0,0,6,1,26,0,26,0,26,0,26,1,25,1,24,1,22,1,20,1,17,-1,14,-2,11,-4,8,-6,6,-8,4,-11,3,-12,2,-14,2,-14,1,-15,1,-15,1,-14,0,-13,0,-12,-2,-12,-4,-11,-7,-11,-8]"
CSI_DATA,98912,d8:b1:90:db:e8:90,-51,11,1,6,0,0,1,0,1,0,1,-95,0,4,0,1500933878,0,100,0,128,1,"[100,-64,5,0,8,-20,8,-22,8,-24,6,-26,4,-28,2,-29,0,-29,-3,-30,-5,-29,-7,-29,-9,-28,-10,-27,-10,-27,-10,-26,-9,-25,-8,-25,-6,-24,-5,-24,-3,-23,-2,-22,0,-21,1,-19,2,-17,3,-15,5,-13,1,-3,0,0,0,0,0,0,0,0,0,0,0,0,0,0,0,0,0,0,-6,3,-23,12,-24,11,-25,11,-24,11,-23,11,-22,11,-20,10,-18,9,-16,8,-14,6,-12,3,-11,1,-9,-2,-8,-5,-8,-7,-8,-9,-8,-10,-8,-11,-8,-12,-7,-12,-6,-12,-5,-12,-3,-12,-1,-12,1,-13,3,-14]"
CSI_DATA,98913,d8:b1:90:db:e8:90,-52,11,1,6,0,0,1,0,1,0,1,-95,0,4,0,1500946020,0,100,0,128,1,"[100,-64,5,0,21,1,23,0,24,-1,26,-3,26,-5,26,-7,26,-10,26,-12,25,-14,24,-16,23,-17,22,-17,21,-17,21,-17,20,-16,20,-15,20,-13,20,-11,20,-10,19,-8,18,-6,17,-5,15,-3,14,-1,12,1,3,0,0,0,0,0,0,0,0,0,0,0,0,0,0,0,0,0,0,0,-6,-4,-21,-16,-21,-16,-21,-17,-21,-17,-21,-16,-20,-15,-18,-13,-16,-12,-14,-11,-12,-10,-9,-9,-6,-9,-3,-9,0,-9,2,-9,4,-10,5,-10,6,-11,7,-11,7,-10,8,-9,8,-8,9,-7,10,-5,12,-3,14,-2]"
CSI_DATA,98914,d8:b1:90:db:e8:90,-51,11,1,6,0,0,1,0,1,0,1,-95,0,4,0,1500957370,0,100,0,128,1,"[100,-64,5,0,-22,-4,-24,-3,-26,-2,-27,0,-28,2,-28,4,-28,7,-28,10,-26,12,-25,14,-24,15,-23,16,-22,16,-22,15,-21,14,-21,13,-21,11,-21,9,-21,8,-20,6,-20,4,-18,3,-17,1,-16,-1,-14,-3,-4,-1,0,0,0,0,0,0,0,0,0,0,0,0,0,0,0,0,0,0,3,5,15,20,15,21,15,21,15,21,15,20,14,19,13,17,12,16,10,14,7,12,4,11,2,10,-1,9,-4,9,-6,9,-8,10,-10,10,-10,11,-11,10,-10,10,-10,9,-11,8,-11,6,-12,4,-13,2,-14,1]"
CSI_DATA,98915,d8:b1:90:db:e8:90,-52,11,1,6,0,0,1,0,1,0,1,-95,0,4,0,1500967836,0,100,0,128,1,"[100,-64,5,0,-21,4,-23,5,-24,7,-25,9,-25,12,-24,14,-23,16,-22,18,-20,20,-19,21,-18,21,-16,22,-15,22,-15,21,-15,20,-15,19,-16,17,-16,16,-16,14,-17,13,-16,11,-16,9,-15,7,-14,4,-14,2,-4,0,0,0,0,0,0,0,0,0,0,0,0,0,0,0,0,0,0,0,5,3,21,13,21,13,21,14,21,13,21,12,20,11,19,10,17,9,14,9,11,8,8,8,5,8,2,9,0,9,-2,10,-4,11,-5,12,-5,12,-6,12,-6,12,-6,11,-7,10,-9,9,-10,7,-12,6,-13,5]"
CSI_DATA,98916,d8:b1:90:db:e8:90,-54,11,1,6,0,0,1,0,1,0,1,-95,0,4,0,1500996242,0,100,0,128,1,"[100,-64,5,0,1,20,1,21,2,21,3,21,5,21,6,20,7,18,8,16,8,13,8,10,8,8,9,6,8,5,7,5,7,4,6,2,6,2,6,1,6,1,7,1,7,1,8,1,9,2,8,3,8,3,2,0,0,0,0,0,0,0,0,0,0,0,0,0,0,0,0,0,0,0,2,-6,9,-21,10,-21,10,-20,10,-19,9,-17,8,-15,7,-12,7,-10,6,-7,5,-4,5,-2,5,0,5,2,7,4,8,5,9,5,10,5,10,6,10,6,9,7,9,7,7,8,5,9,3,11,2,12,1,14]"
CSI_DATA,98917,d8:b1:90:db:e8:90,-51,11,1,6,0,0,1,0,1,0,1,-95,0,4,0,1501008741,0,100,0,128,1,"[100,-64,5,0,-1,-23,-2,-25,-3,-26,-5,-27,-8,-27,-10,-27,-12,-27,-15,-25,-17,-24,-18,-22,-20,-21,-20,-19,-20,-19,-19,-18,-18,-18,-17,-18,-16,-19,-14,-19,-12,-19,-11,-19,-9,-19,-8,-18,-6,-17,-3,-15,-1,-14,-1,-4,0,0,0,0,0,0,0,0,0,0,0,0,0,0,0,0,0,0,-5,4,-21,17,-21,17,-22,17,-21,17,-20,17,-19,16,-17,15,-16,14,-14,11,-13,9,-12,6,-11,3,-11,0,-11,-3,-11,-5,-12,-7,-12,-8,-13,-8,-13,-9,-12,-9,-11,-9,-10,-9,-8,-10,-6,-11,-4,-13,-3,-14]"
CSI_DATA,98918,d8:b1:90:db:e8:90,-51,11,1,6,0,0,1,0,1,0,1,-95,0,4,0,1501024060,0,100,0,128,1,"[100,-64,5,0,-5,21,-5,24,-4,26,-1,27,1,28,4,28,7,28,9,28,11,26,13,25,14,24,15,23,15,22,14,21,13,21,11,21,10,21,8,20,6,20,4,20,3,19,1,18,0,17,-2,15,-4,13,-2,3,0,0,0,0,0,0,0,0,0,0,0,0,0,0,0,0,0,0,5,-4,23,-15,24,-15,24,-15,24,-15,23,-15,21,-15,19,-14,17,-13,15,-11,13,-8,12,-5,11,-2,10,2,10,5,10,7,10,9,11,10,12,11,12,11,12,11,11,10,9,10,7,11,5,11,2,12,1,13]"
CSI_DATA,98919,d8:b1:90:db:e8:90,-51,11,1,6,0,0,1,0,1,0,1,-95,0,4,0,1501044142,0,100,0,128,1,"[100,-64,5,0,5,19,6,21,8,22,11,23,13,22,15,21,17,20,19,18,20,16,21,15,21,13,21,12,21,11,20,11,19,11,18,12,16,12,15,13,14,14,12,14,10,14,9,14,6,14,4,13,2,12,0,2,0,0,0,0,0,0,0,0,0,0,0,0,0,0,0,0,0,0,2,-6,10,-24,11,-24,11,-24,10,-24,10,-24,9,-23,8,-21,7,-19,6,-16,6,-13,7,-10,8,-7,8,-4,10,-1,11,0,12,1,13,2,14,2,14,2,13,3,12,3,11,3,10,5,8,6,7,9,6,10]"
CSI_DATA,98920,d8:b1:90:db:e8:90,-51,11,1,6,0,0,1,0,1,0,1,-95,0,4,0,1501054316,0,100,0,128,1,"[100,-64,5,0,-3,19,-3,21,-1,23,1,24,3,25,6,25,8,24,11,23,12,22,14,20,15,19,15,18,15,17,14,17,14,17,12,17,11,17,10,17,9,17,7,17,6,17,4,17,3,15,1,14,-1,12,-1,3,0,0,0,0,0,0,0,0,0,0,0,0,0,0,0,0,0,0,5,-3,22,-12,22,-12,23,-12,22,-13,21,-13,20,-12,18,-12,16,-10,14,-9,13,-7,11,-4,10,-1,9,2,9,4,9,6,10,7,10,8,10,9,10,9,10,9,9,8,8,8,6,9,4,10,2,11,0,12]"
CSI_DATA,98921,d8:b1:90:db:e8:90,-51,11,1,6,0,0,1,0,1,0,1,-95,0,4,0,1501065157,0,100,0,128,1,"[100,-64,5,0,20,-12,21,-14,22,-16,22,-19,20,-22,19,-24,16,-26,14,-27,11,-28,9,-28,7,-28,6,-28,5,-27,5,-26,6,-26,7,-25,8,-24,10,-22,11,-21,12,-20,12,-19,12,-17,13,-15,13,-12,13,-10,3,-3,0,0,0,0,0,0,0,0,0,0,0,0,0,0,0,0,0,0,-7,-4,-27,-14,-28,-15,-28,-15,-28,-14,-28,-13,-26,-12,-24,-10,-22,-10,-18,-9,-15,-9,-11,-10,-8,-11,-5,-12,-3,-14,-1,-15,0,-17,1,-18,1,-18,1,-18,1,-18,1,-17,2,-15,3,-14,6,-12,9,-11,11,-10]"
CSI_DATA,98922,d8:b1:90:db:e8:90,-51,11,1,7,0,0,1,0,0,0,1,-95,0,4,0,1501075335,0,100,0,128,1,"[100,-64,5,0,18,8,18,7,18,6,18,5,18,4,18,3,18,2,18,2,18,1,18,0,19,0,19,0,20,-1,20,-1,21,-1,21,0,21,0,21,0,21,1,20,1,20,2,20,2,20,3,20,5,19,6,4,1,0,0,0,0,0,0,0,0,0,0,0,0,0,0,0,0,0,0,4,2,17,8,17,9,16,10,16,11,16,12,16,13,16,13,16,13,16,14,16,15,17,15,17,15,16,15,16,15,17,15,17,15,17,14,17,14,17,13,18,13,18,12,18,12,18,11,19,10,19,10,19,9]"
CSI_DATA,98923,d8:b1:90:db:e8:90,-51,11,1,7,0,0,1,0,0,0,1,-95,0,4,0,1501098756,0,100,0,128,1,"[100,-64,5,0,10,22,10,21,10,20,11,19,12,18,13,17,14,16,14,16,14,15,15,15,16,15,17,16,17,16,18,16,18,16,18,17,18,17,17,17,17,17,16,18,15,18,14,18,13,19,12,20,11,21,2,5,0,0,0,0,0,0,0,0,0,0,0,0,0,0,0,0,0,0,2,5,10,21,9,22,7,23,7,23,6,24,6,24,5,25,5,25,5,26,4,26,4,27,4,27,3,27,3,27,4,27,4,26,4,26,5,26,5,26,6,26,7,26,7,25,8,24,8,24,9,24,9,24]"
CSI_DATA,98924,d8:b1:90:db:e8:90,-52,11,1,7,0,0,1,0,0,0,1,-95,0,4,0,1501109688,0,100,0,128,1,"[100,-64,5,0,19,3,18,2,18,2,18,1,17,0,17,-1,17,-2,17,-2,17,-3,17,-4,18,-4,18,-5,18,-5,18,-5,18,-5,19,-5,19,-5,19,-5,19,-4,19,-4,19,-3,19,-3,19,-2,19,-1,19,0,4,0,0,0,0,0,0,0,0,0,0,0,0,0,0,0,0,0,0,0,4,0,18,2,18,3,18,4,18,5,18,5,18,6,19,6,19,7,19,7,19,8,20,8,20,8,20,9,19,9,19,8,19,8,19,7,19,7,19,7,19,6,19,6,19,5,20,5,20,5,20,4,20,4]"
CSI_DATA,98925,d8:b1:90:db:e8:90,-51,11,1,7,0,0,1,0,0,0,1,-95,0,4,0,1501126204,0,100,0,128,1,"[100,-64,5,0,-20,-13,-20,-12,-20,-11,-20,-10,-20,-9,-21,-8,-21,-7,-21,-6,-21,-5,-21,-4,-22,-4,-22,-5,-22,-5,-23,-5,-23,-5,-23,-5,-24,-6,-23,-6,-24,-6,-24,-7,-24,-8,-24,-8,-23,-9,-22,-11,-21,-12,-6,-3,0,0,0,0,0,0,0,0,0,0,0,0,0,0,0,0,0,0,-5,-3,-20,-12,-19,-13,-18,-14,-18,-16,-18,-16,-18,-17,-18,-18,-18,-19,-17,-20,-18,-21,-18,-21,-18,-21,-18,-21,-18,-21,-17,-20,-17,-20,-18,-19,-18,-19,-19,-18,-19,-18,-19,-17,-19,-17,-20,-16,-20,-16,-20,-15,-21,-15]"
CSI_DATA,98926,d8:b1:90:db:e8:90,-51,11,1,6,0,0,1,0,1,0,1,-95,0,4,0,1501136505,0,100,0,128,1,"[100,-64,5,0,-4,-22,-6,-24,-8,-25,-11,-25,-14,-25,-16,-24,-18,-22,-20,-20,-21,-18,-21,-16,-22,-15,-21,-14,-21,-14,-20,-14,-19,-15,-19,-16,-18,-17,-18,-18,-16,-18,-15,-18,-14,-18,-13,-18,-11,-17,-9,-16,-6,-15,-2,-4,0,0,0,0,0,0,0,0,0,0,0,0,0,0,0,0,0,0,-4,6,-14,25,-14,25,-15,25,-14,25,-13,24,-12,23,-11,21,-10,19,-9,15,-9,12,-10,9,-10,6,-11,3,-12,1,-14,-1,-14,-2,-15,-3,-15,-3,-14,-3,-14,-3,-12,-3,-10,-4,-8,-6,-6,-8,-4,-10,-3,-13]"
CSI_DATA,98927,d8:b1:90:db:e8:90,-52,11,1,6,0,0,1,0,1,0,1,-95,0,4,0,1501147359,0,100,0,128,1,"[100,-64,5,0,-3,-22,-4,-24,-6,-25,-9,-25,-11,-25,-14,-23,-16,-22,-17,-21,-18,-19,-19,-17,-19,-16,-19,-16,-18,-16,-17,-16,-16,-17,-16,-18,-15,-19,-14,-20,-13,-21,-12,-21,-11,-20,-10,-20,-8,-18,-6,-16,-4,-14,-1,-4,0,0,0,0,0,0,0,0,0,0,0,0,0,0,0,0,0,0,-2,6,-8,27,-8,27,-9,27,-8,26,-7,26,-6,24,-5,22,-5,19,-5,16,-6,12,-7,9,-8,6,-9,3,-11,1,-12,0,-13,-1,-13,-1,-13,-2,-13,-2,-12,-2,-10,-2,-9,-4,-6,-5,-5,-8,-3,-10,-2,-13]"
CSI_DATA,98928,d8:b1:90:db:e8:90,-52,11,1,6,0,0,1,0,1,0,1,-95,0,4,0,1501159114,0,100,0,128,1,"[100,-64,5,0,18,-12,18,-15,18,-17,17,-19,16,-21,14,-23,12,-24,10,-25,8,-25,6,-25,5,-25,5,-24,5,-24,6,-24,7,-24,8,-24,9,-23,10,-23,11,-22,11,-21,11,-20,11,-19,11,-16,11,-13,11,-11,2,-3,0,0,0,0,0,0,0,0,0,0,0,0,0,0,0,0,0,0,-7,1,-28,5,-29,5,-29,5,-28,5,-27,5,-25,5,-23,5,-20,4,-18,3,-15,0,-13,-2,-11,-4,-9,-6,-8,-8,-7,-10,-7,-11,-7,-12,-6,-11,-6,-11,-5,-10,-4,-9,-1,-8,1,-7,4,-7,8,-7,10,-7]"
CSI_DATA,98929,d8:b1:90:db:e8:90,-52,11,1,6,0,0,1,0,0,0,1,-95,0,4,0,1501170936,0,100,0,128,1,"[100,-64,5,0,-23,-8,-23,-8,-22,-7,-22,-6,-22,-5,-22,-3,-22,-3,-22,-2,-23,-1,-23,0,-23,1,-24,1,-25,1,-25,2,-25,2,-26,2,-26,1,-26,1,-26,1,-26,0,-26,-1,-26,-2,-26,-3,-26,-5,-26,-6,-7,-2,0,0,0,0,0,0,0,0,0,0,0,0,0,0,0,0,0,0,-6,-2,-24,-7,-23,-8,-23,-10,-23,-11,-23,-11,-23,-12,-24,-12,-24,-13,-24,-14,-24,-14,-24,-15,-24,-15,-23,-16,-23,-16,-23,-15,-23,-15,-23,-14,-24,-14,-24,-13,-24,-12,-24,-12,-24,-12,-25,-11,-25,-11,-25,-11,-24,-10]"
CSI_DATA,98930,d8:b1:90:db:e8:90,-52,11,1,6,0,0,1,0,0,0,1,-95,0,4,0,1501199570,0,100,0,128,1,"[100,-64,5,0,-4,-23,-5,-22,-6,-21,-6,-20,-7,-20,-8,-20,-9,-19,-10,-19,-11,-19,-12,-18,-13,-18,-14,-18,-14,-18,-15,-19,-15,-19,-15,-20,-15,-21,-14,-21,-14,-21,-14,-22,-14,-22,-13,-23,-12,-23,-11,-24,-9,-25,-3,-7,0,0,0,0,0,0,0,0,0,0,0,0,0,0,0,0,0,0,-1,-6,-4,-21,-3,-22,-1,-23,0,-23,1,-23,1,-23,2,-24,2,-24,2,-25,3,-25,3,-25,3,-25,3,-25,3,-25,3,-25,3,-25,2,-25,2,-25,1,-25,1,-25,0,-25,-1,-25,-1,-24,-2,-23,-2,-23,-2,-23]"
CSI_DATA,98931,d8:b1:90:db:e8:90,-53,11,1,6,0,0,1,0,0,0,1,-95,0,4,0,1501210321,0,100,0,128,1,"[100,-64,5,0,-11,21,-10,21,-9,21,-8,21,-6,21,-5,21,-4,21,-4,21,-3,22,-2,22,-1,22,0,24,1,25,1,25,1,26,0,27,0,27,0,27,-1,28,-1,28,-2,28,-3,28,-4,28,-6,28,-8,28,-3,7,0,0,0,0,0,0,0,0,0,0,0,0,0,0,0,0,0,0,-3,5,-12,20,-13,19,-14,19,-14,18,-15,18,-16,19,-17,19,-18,19,-18,19,-19,19,-19,19,-19,19,-19,19,-18,19,-18,19,-18,19,-17,19,-17,20,-16,20,-15,20,-15,21,-15,21,-14,21,-14,21,-13,21,-13,22]"
CSI_DATA,98932,d8:b1:90:db:e8:90,-53,11,1,6,0,0,1,0,0,0,1,-95,0,4,0,1501222222,0,100,0,128,1,"[100,-64,5,0,9,-23,8,-23,8,-23,7,-22,6,-22,5,-22,4,-22,3,-23,2,-24,1,-24,1,-24,0,-25,0,-26,0,-26,0,-27,0,-27,1,-27,1,-27,2,-27,3,-28,4,-28,5,-27,6,-27,7,-27,9,-27,2,-7,0,0,0,0,0,0,0,0,0,0,0,0,0,0,0,0,0,0,1,-6,8,-21,9,-21,10,-21,11,-20,11,-20,12,-20,13,-21,14,-21,14,-21,14,-21,15,-21,16,-22,16,-21,15,-22,15,-22,15,-22,14,-22,14,-22,13,-22,13,-22,12,-23,12,-23,12,-23,11,-23,11,-23,11,-23]"
CSI_DATA,98933,d8:b1:90:db:e8:90,-53,11,1,6,0,0,1,0,0,0,1,-95,0,4,0,1501237433,0,100,0,128,1,"[100,-64,5,0,6,-21,5,-21,4,-20,3,-20,3,-20,2,-20,1,-20,0,-20,-1,-21,-1,-21,-2,-21,-3,-22,-3,-22,-3,-23,-3,-23,-3,-23,-2,-24,-1,-24,-1,-24,0,-24,0,-24,0,-24,1,-24,3,-24,4,-23,1,-6,0,0,0,0,0,0,0,0,0,0,0,0,0,0,0,0,0,0,1,-5,5,-18,6,-18,7,-18,7,-18,8,-18,9,-18,9,-19,10,-19,10,-19,10,-19,11,-20,11,-20,11,-20,11,-20,11,-20,10,-20,10,-20,10,-20,9,-20,9,-20,9,-20,8,-21,8,-21,7,-21,7,-21,7,-21]"
CSI_DATA,98934,d8:b1:90:db:e8:90,-53,11,1,6,0,0,1,0,0,0,1,-95,0,4,0,1501248022,0,100,0,128,1,"[100,-64,5,0,-20,-13,-20,-13,-20,-12,-20,-10,-20,-9,-20,-8,-20,-8,-21,-8,-22,-7,-22,-6,-23,-6,-23,-6,-24,-6,-24,-6,-24,-6,-25,-6,-25,-7,-25,-7,-25,-8,-25,-9,-25,-10,-24,-11,-24,-12,-23,-14,-23,-15,-6,-4,0,0,0,0,0,0,0,0,0,0,0,0,0,0,0,0,0,0,-5,-3,-17,-12,-17,-13,-16,-14,-16,-15,-16,-16,-16,-16,-16,-16,-16,-16,-16,-17,-16,-18,-16,-18,-16,-19,-16,-19,-16,-19,-16,-19,-16,-18,-16,-17,-17,-17,-17,-16,-18,-16,-18,-16,-18,-16,-18,-16,-19,-15,-19,-15,-19,-15]"
CSI_DATA,98935,d8:b1:90:db:e8:90,-53,11,1,6,0,0,1,0,0,0,1,-95,0,4,0,1501258150,0,100,0,128,1,"[100,-64,5,0,-20,-16,-20,-15,-20,-14,-20,-12,-20,-11,-20,-10,-21,-10,-22,-9,-22,-9,-23,-8,-24,-8,-24,-8,-24,-7,-25,-7,-25,-8,-25,-8,-25,-8,-25,-8,-25,-9,-25,-10,-25,-10,-25,-11,-24,-12,-24,-14,-23,-15,-6,-4,0,0,0,0,0,0,0,0,0,0,0,0,0,0,0,0,0,0,-4,-4,-16,-15,-15,-16,-14,-17,-14,-17,-14,-18,-14,-18,-14,-18,-14,-19,-14,-20,-14,-20,-14,-20,-14,-21,-14,-21,-14,-21,-14,-20,-15,-20,-15,-20,-16,-19,-16,-19,-17,-18,-17,-18,-18,-18,-18,-18,-19,-17,-19,-17,-19,-17]"
CSI_DATA,98936,d8:b1:90:db:e8:90,-53,11,1,6,0,0,1,0,0,0,1,-95,0,4,0,1501272337,0,100,0,128,1,"[100,-64,5,0,-19,-12,-19,-12,-19,-11,-19,-10,-19,-9,-19,-9,-20,-8,-20,-7,-20,-7,-20,-6,-21,-6,-21,-7,-21,-7,-22,-7,-22,-7,-22,-8,-22,-8,-22,-9,-21,-9,-22,-10,-22,-11,-21,-11,-21,-12,-20,-13,-19,-14,-5,-4,0,0,0,0,0,0,0,0,0,0,0,0,0,0,0,0,0,0,-4,-3,-14,-11,-14,-12,-13,-13,-13,-14,-13,-14,-13,-15,-13,-15,-13,-16,-13,-16,-13,-17,-14,-18,-14,-18,-14,-18,-14,-18,-15,-17,-15,-17,-15,-16,-16,-16,-16,-16,-16,-16,-17,-16,-17,-15,-17,-15,-18,-14,-18,-14,-18,-13]"
CSI_DATA,98937,d8:b1:90:db:e8:90,-54,11,1,6,0,0,1,0,0,0,1,-95,0,4,0,1501283450,0,100,0,128,1,"[100,-64,5,0,-16,-19,-16,-18,-16,-17,-17,-17,-17,-16,-17,-15,-18,-15,-18,-14,-19,-13,-19,-13,-20,-13,-20,-13,-20,-13,-20,-13,-21,-13,-21,-14,-21,-14,-21,-14,-20,-15,-20,-16,-20,-17,-19,-17,-19,-18,-18,-19,-16,-20,-4,-5,0,0,0,0,0,0,0,0,0,0,0,0,0,0,0,0,0,0,-3,-4,-11,-16,-11,-17,-10,-18,-10,-18,-9,-19,-9,-19,-10,-20,-10,-20,-9,-21,-10,-21,-10,-21,-9,-21,-9,-22,-10,-22,-10,-22,-11,-21,-11,-21,-12,-21,-13,-21,-13,-20,-13,-20,-14,-20,-14,-20,-15,-20,-15,-20,-15,-19]"
CSI_DATA,98938,d8:b1:90:db:e8:90,-53,11,1,6,0,0,1,0,0,0,1,-95,0,4,0,1501303482,0,100,0,128,1,"[100,-64,5,0,-21,15,-20,15,-20,15,-19,16,-18,16,-18,17,-17,17,-16,17,-16,17,-16,18,-16,18,-16,18,-16,19,-16,19,-16,19,-17,19,-18,19,-18,19,-18,18,-19,17,-20,16,-20,16,-21,15,-21,14,-22,13,-6,3,0,0,0,0,0,0,0,0,0,0,0,0,0,0,0,0,0,0,-5,2,-17,11,-18,10,-18,9,-19,8,-19,8,-20,8,-21,9,-21,9,-22,9,-22,8,-22,9,-22,8,-22,8,-22,9,-23,9,-23,10,-23,10,-23,11,-22,11,-22,12,-22,12,-22,13,-22,13,-22,14,-22,14,-21,15]"
CSI_DATA,98939,d8:b1:90:db:e8:90,-53,11,1,6,0,0,1,0,0,0,1,-95,0,4,0,1501315368,0,100,0,128,1,"[100,-64,5,0,-24,-7,-23,-6,-23,-6,-22,-5,-22,-4,-22,-4,-22,-3,-22,-3,-22,-2,-22,-1,-23,-1,-24,-1,-24,-1,-24,-1,-24,-1,-24,-2,-24,-3,-24,-3,-24,-4,-24,-4,-24,-4,-24,-5,-23,-5,-23,-7,-23,-8,-6,-3,0,0,0,0,0,0,0,0,0,0,0,0,0,0,0,0,0,0,-5,-2,-17,-6,-17,-7,-17,-7,-17,-7,-17,-8,-18,-8,-18,-9,-19,-9,-19,-10,-19,-10,-19,-10,-20,-10,-20,-11,-20,-11,-20,-11,-21,-11,-21,-10,-21,-10,-21,-10,-21,-9,-22,-9,-22,-9,-22,-8,-23,-8,-23,-8,-24,-8]"
CSI_DATA,98940,d8:b1:90:db:e8:90,-52,11,1,6,0,0,1,0,0,0,1,-95,0,4,0,1501334159,0,100,0,128,1,"[100,-64,5,0,-4,24,-3,24,-3,24,-2,23,-1,23,-1,23,0,23,0,22,1,22,1,22,1,22,1,23,2,23,2,23,1,24,1,24,0,24,0,24,-1,24,-1,24,-2,23,-3,23,-4,23,-5,23,-7,23,-2,5,0,0,0,0,0,0,0,0,0,0,0,0,0,0,0,0,0,0,-1,4,-4,17,-5,17,-5,18,-6,18,-6,18,-7,18,-7,19,-8,19,-8,20,-8,20,-8,21,-8,21,-8,21,-8,21,-8,22,-8,22,-8,22,-8,22,-7,22,-6,23,-6,23,-5,24,-5,24,-5,24,-5,25,-4,24]"
CSI_DATA,98941,d8:b1:90:db:e8:90,-53,11,1,6,0,0,1,0,0,0,1,-95,0,4,0,1501345458,0,100,0,128,1,"[100,-64,5,0,-10,-25,-10,-24,-10,-24,-11,-23,-12,-23,-12,-22,-13,-22,-13,-21,-14,-21,-14,-21,-15,-21,-15,-21,-15,-21,-15,-21,-15,-21,-15,-22,-14,-23,-14,-22,-13,-23,-13,-23,-13,-23,-12,-23,-11,-24,-9,-25,-7,-25,-2,-7,0,0,0,0,0,0,0,0,0,0,0,0,0,0,0,0,0,0,-2,-5,-7,-18,-6,-19,-5,-19,-5,-20,-4,-20,-4,-21,-4,-22,-4,-23,-4,-23,-3,-24,-3,-24,-3,-24,-3,-25,-3,-25,-4,-25,-4,-24,-5,-24,-5,-25,-6,-25,-6,-26,-7,-26,-8,-26,-8,-25,-8,-25,-9,-26,-9,-25]"
CSI_DATA,98942,d8:b1:90:db:e8:90,-53,11,1,6,0,0,1,0,0,0,1,-95,0,4,0,1501358317,0,100,0,128,1,"[100,-64,5,0,-24,-16,-23,-15,-23,-14,-23,-13,-23,-12,-23,-12,-23,-11,-23,-10,-24,-9,-24,-9,-24,-9,-24,-9,-24,-9,-24,-9,-25,-10,-25,-10,-25,-11,-25,-11,-25,-11,-25,-12,-24,-12,-24,-13,-23,-14,-21,-16,-20,-17,-5,-5,0,0,0,0,0,0,0,0,0,0,0,0,0,0,0,0,0,0,-5,-3,-17,-11,-16,-12,-16,-13,-16,-14,-16,-14,-16,-15,-17,-16,-17,-16,-18,-17,-18,-18,-18,-18,-18,-18,-18,-19,-18,-19,-18,-19,-18,-18,-19,-18,-19,-18,-20,-18,-21,-17,-21,-17,-22,-17,-22,-16,-23,-16,-23,-16,-23,-16]"
CSI_DATA,98943,d8:b1:90:db:e8:90,-52,11,1,6,0,0,1,0,0,0,1,-95,0,4,0,1501372843,0,100,0,128,1,"[100,-64,5,0,-26,-4,-26,-4,-25,-3,-24,-2,-24,-2,-24,-1,-24,-1,-24,0,-24,1,-24,2,-24,2,-24,2,-24,2,-24,2,-24,2,-25,1,-25,1,-25,0,-24,-1,-24,-1,-24,-2,-24,-2,-24,-3,-24,-5,-24,-6,-6,-2,0,0,0,0,0,0,0,0,0,0,0,0,0,0,0,0,0,0,-5,-1,-18,-3,-18,-4,-18,-6,-18,-6,-19,-7,-19,-7,-20,-7,-20,-7,-20,-8,-21,-8,-22,-8,-22,-9,-22,-9,-22,-9,-22,-8,-22,-8,-23,-7,-23,-7,-24,-7,-24,-6,-24,-6,-25,-6,-25,-5,-26,-4,-26,-4,-27,-4]"
CSI_DATA,98944,d8:b1:90:db:e8:90,-52,11,1,6,0,0,1,0,0,0,1,-95,0,4,0,1501385748,0,100,0,128,1,"[100,-64,5,0,-20,-11,-18,-3,-21,5,-27,9,-31,7,-29,3,-22,2,-13,7,-9,16,-13,23,-19,25,-22,21,-17,15,-7,13,2,18,4,27,-1,33,-7,31,-8,23,-2,16,8,15,14,21,12,29,4,31,-1,27,-1,6,0,0,0,0,0,0,0,0,0,0,0,0,0,0,0,0,0,0,4,-1,16,-4,17,-5,18,-6,18,-7,18,-8,17,-10,16,-13,17,-15,17,-16,16,-16,13,-17,9,-20,7,-23,7,-26,7,-26,5,-24,2,-22,-4,-21,-9,-23,-12,-25,-12,-27,-11,-25,-12,-20,-16,-14,-23,-11,-29,-11]"
CSI_DATA,98945,d8:b1:90:db:e8:90,-52,11,1,6,0,0,1,0,0,0,1,-95,0,4,0,1501406277,0,100,0,128,1,"[100,-64,5,0,23,-11,23,-11,22,-11,22,-11,21,-12,21,-12,20,-13,19,-13,19,-14,18,-14,18,-15,19,-15,19,-15,19,-16,19,-15,20,-15,20,-15,20,-14,20,-14,21,-13,21,-13,22,-12,22,-11,22,-9,23,-8,5,-2,0,0,0,0,0,0,0,0,0,0,0,0,0,0,0,0,0,0,4,-2,17,-7,17,-6,18,-6,19,-5,19,-5,20,-5,21,-5,22,-4,22,-4,23,-4,23,-5,23,-5,23,-5,23,-5,23,-5,23,-5,24,-6,24,-6,24,-7,24,-7,24,-7,24,-8,25,-9,25,-9,25,-9,25,-10]"
CSI_DATA,98946,d8:b1:90:db:e8:90,-52,11,1,6,0,0,1,0,0,0,1,-95,0,4,0,1501419541,0,100,0,128,1,"[100,-64,5,0,-17,21,-16,21,-16,20,-15,20,-15,20,-14,20,-13,20,-12,20,-12,20,-11,20,-11,21,-11,22,-11,22,-11,23,-11,23,-11,23,-12,23,-12,22,-13,22,-13,22,-13,21,-14,20,-15,20,-16,19,-18,18,-5,4,0,0,0,0,0,0,0,0,0,0,0,0,0,0,0,0,0,0,-3,3,-10,15,-11,15,-13,15,-14,15,-15,15,-16,15,-17,15,-17,15,-18,15,-19,15,-19,16,-20,16,-20,16,-20,17,-19,17,-19,17,-20,17,-19,18,-19,18,-18,18,-18,19,-18,20,-18,20,-18,21,-18,21,-18,22]"
CSI_DATA,98947,d8:b1:90:db:e8:90,-52,11,1,6,0,0,1,0,0,0,1,-95,0,4,0,1501435256,0,100,0,128,1,"[100,-64,5,0,20,12,19,12,19,11,19,10,19,9,20,8,20,8,19,7,19,6,19,6,20,6,20,6,20,5,21,5,21,5,21,6,21,6,21,6,21,6,20,6,20,7,20,7,19,9,19,10,18,11,4,2,0,0,0,0,0,0,0,0,0,0,0,0,0,0,0,0,0,0,3,2,14,8,14,9,13,10,13,11,14,12,14,12,14,13,15,14,15,15,15,15,14,15,14,15,14,15,15,15,15,15,16,15,16,15,17,15,17,14,18,14,18,14,19,14,19,13,19,13,20,13,20,14]"
CSI_DATA,98948,d8:b1:90:db:e8:90,-52,11,1,6,0,0,1,0,0,0,1,-95,0,4,0,1501445592,0,100,0,128,1,"[100,-64,5,0,21,-13,21,-13,20,-13,20,-13,19,-14,18,-14,17,-14,16,-15,16,-15,15,-16,15,-16,15,-17,15,-17,16,-18,16,-18,16,-17,16,-17,16,-17,17,-16,17,-16,17,-15,17,-15,18,-14,19,-13,19,-12,5,-3,0,0,0,0,0,0,0,0,0,0,0,0,0,0,0,0,0,0,3,-3,16,-9,16,-9,17,-8,17,-8,18,-8,19,-7,20,-7,20,-7,21,-7,21,-7,21,-7,21,-7,21,-7,22,-7,22,-7,22,-8,22,-8,22,-9,22,-9,22,-10,22,-10,22,-11,22,-11,22,-12,22,-12,23,-12]"
CSI_DATA,98949,d8:b1:90:db:e8:90,-52,11,1,6,0,0,1,0,0,0,1,-95,0,4,0,1501457693,0,100,0,128,1,"[100,-64,5,0,17,19,18,18,18,18,18,17,18,16,18,15,18,14,18,13,18,12,19,12,19,12,19,12,19,12,20,12,20,12,20,12,20,13,19,13,19,13,19,13,19,14,18,14,17,15,16,16,15,17,3,4,0,0,0,0,0,0,0,0,0,0,0,0,0,0,0,0,0,0,3,3,14,13,13,14,12,15,12,15,12,16,12,17,12,17,12,18,12,19,12,19,12,20,12,20,12,21,12,21,13,20,13,20,13,20,14,20,14,20,15,21,15,20,16,20,16,20,16,20,17,20,17,20]"
CSI_DATA,98950,d8:b1:90:db:e8:90,-52,11,1,6,0,0,1,0,0,0,1,-95,0,4,0,1501468392,0,100,0,128,1,"[100,-64,5,0,-26,2,-26,2,-25,2,-24,3,-24,4,-23,4,-23,5,-22,6,-22,6,-22,7,-22,7,-23,8,-23,8,-22,8,-23,8,-23,8,-23,7,-23,7,-23,7,-23,6,-23,6,-23,5,-23,4,-24,3,-24,1,-6,0,0,0,0,0,0,0,0,0,0,0,0,0,0,0,0,0,0,0,-5,0,-20,2,-20,2,-20,0,-20,0,-21,-1,-22,-1,-22,-1,-23,-1,-23,-2,-23,-2,-24,-2,-24,-3,-24,-3,-24,-3,-25,-3,-25,-3,-25,-2,-25,-2,-25,-2,-25,-1,-25,0,-26,0,-26,0,-27,1,-27,1,-27,1]"
CSI_DATA,98951,d8:b1:90:db:e8:90,-52,11,1,6,0,0,1,0,0,0,1,-95,0,4,0,1501479300,0,100,0,128,1,"[100,-64,5,0,-8,-25,-8,-24,-8,-24,-8,-23,-9,-23,-10,-22,-10,-22,-10,-21,-11,-21,-12,-20,-12,-20,-13,-20,-13,-20,-13,-20,-13,-21,-13,-21,-13,-21,-12,-21,-12,-21,-12,-21,-11,-21,-10,-21,-9,-22,-8,-22,-7,-23,-2,-6,0,0,0,0,0,0,0,0,0,0,0,0,0,0,0,0,0,0,-2,-5,-6,-19,-6,-19,-5,-20,-4,-21,-4,-21,-4,-22,-3,-22,-3,-23,-3,-23,-3,-24,-2,-24,-2,-24,-2,-25,-2,-25,-2,-25,-2,-25,-3,-25,-3,-25,-4,-25,-4,-25,-5,-25,-5,-25,-6,-26,-7,-26,-7,-26,-7,-26]"
CSI_DATA,98952,d8:b1:90:db:e8:90,-52,11,1,6,0,0,1,0,0,0,1,-95,0,4,0,1501510041,0,100,0,128,1,"[100,-64,5,0,23,5,23,5,23,4,23,3,22,3,22,2,22,1,21,0,21,0,21,-1,21,-1,21,-2,21,-2,22,-2,22,-2,22,-1,21,-1,21,-1,22,0,22,0,22,1,22,1,22,2,22,4,22,5,5,1,0,0,0,0,0,0,0,0,0,0,0,0,0,0,0,0,0,0,4,0,19,3,19,4,19,5,20,5,20,6,21,7,21,7,21,8,22,8,22,9,22,9,22,10,22,10,22,10,22,9,22,9,22,9,23,9,23,8,23,8,24,7,24,7,24,7,24,7,24,6,25,6]"
CSI_DATA,98953,d8:b1:90:db:e8:90,-52,11,1,6,0,0,1,0,0,0,1,-95,0,4,0,1501522614,0,100,0,128,1,"[100,-64,5,0,9,24,9,24,10,23,10,22,11,21,11,21,11,20,12,19,12,18,13,18,13,18,14,18,14,18,14,18,14,19,14,19,14,19,13,19,13,19,12,20,12,20,11,20,10,21,9,21,8,22,1,5,0,0,0,0,0,0,0,0,0,0,0,0,0,0,0,0,0,0,1,4,7,19,7,20,6,20,5,21,5,21,5,22,5,23,5,24,4,24,4,25,3,25,3,25,3,25,3,25,3,25,3,25,4,25,4,25,5,25,6,26,7,26,7,25,8,24,8,24,8,25,9,25]"
CSI_DATA,98954,d8:b1:90:db:e8:90,-52,11,1,6,0,0,1,0,0,0,1,-95,0,4,0,1501538857,0,100,0,128,1,"[100,-64,5,0,4,22,4,21,4,21,5,20,5,20,5,19,6,19,6,18,7,18,8,17,8,18,8,18,8,18,8,18,8,18,7,18,7,19,7,19,7,19,6,19,6,19,5,19,4,19,3,19,2,20,0,5,0,0,0,0,0,0,0,0,0,0,0,0,0,0,0,0,0,0,1,4,4,17,3,18,3,18,2,18,2,19,1,20,1,20,1,21,0,21,0,22,-1,22,-1,22,-1,22,-1,22,-1,22,-1,22,-1,21,0,22,1,22,1,22,2,22,2,22,2,22,3,22,3,22,3,23]"
CSI_DATA,98955,d8:b1:90:db:e8:90,-52,11,1,6,0,0,1,0,0,0,1,-95,0,4,0,1501549220,0,100,0,128,1,"[100,-64,5,0,-8,-25,-8,-24,-8,-23,-8,-23,-8,-22,-9,-21,-9,-21,-9,-20,-10,-20,-10,-19,-11,-19,-12,-19,-12,-19,-12,-20,-12,-20,-12,-20,-11,-20,-11,-20,-10,-20,-10,-21,-9,-21,-9,-21,-8,-22,-6,-23,-5,-23,-2,-6,0,0,0,0,0,0,0,0,0,0,0,0,0,0,0,0,0,0,-2,-5,-7,-20,-6,-20,-5,-21,-5,-21,-4,-22,-3,-22,-2,-23,-2,-23,-2,-24,-1,-24,-1,-24,-1,-24,-1,-24,-1,-25,-2,-25,-3,-25,-3,-25,-3,-25,-3,-25,-4,-25,-4,-25,-5,-25,-6,-26,-6,-26,-6,-25,-6,-25]"
CSI_DATA,98956,d8:b1:90:db:e8:90,-52,11,1,6,0,0,1,0,0,0,1,-95,0,4,0,1501561012,0,100,0,128,1,"[100,-64,5,0,-15,-22,-15,-21,-15,-20,-15,-19,-15,-18,-16,-18,-16,-17,-16,-16,-16,-16,-16,-16,-17,-15,-17,-15,-18,-15,-18,-15,-18,-15,-18,-15,-17,-15,-17,-15,-16,-16,-16,-16,-16,-17,-16,-17,-15,-18,-14,-19,-13,-20,-3,-5,0,0,0,0,0,0,0,0,0,0,0,0,0,0,0,0,0,0,-3,-5,-11,-18,-11,-19,-10,-20,-10,-20,-9,-21,-9,-21,-8,-22,-8,-23,-8,-24,-8,-24,-7,-24,-7,-24,-7,-24,-8,-24,-9,-24,-10,-24,-10,-24,-10,-24,-11,-24,-11,-23,-11,-24,-12,-24,-13,-23,-14,-23,-14,-23,-13,-22]"
CSI_DATA,98957,d8:b1:90:db:e8:90,-59,11,1,6,0,0,1,0,0,0,1,-95,0,4,0,1501572162,0,100,0,128,1,"[100,-64,5,0,-21,-9,-20,-9,-22,-7,-26,-4,-27,-1,-27,0,-25,-4,-22,-15,-22,-20,-23,-19,-22,-17,-18,-14,-16,-12,-17,-12,-18,-12,-19,-10,-19,-9,-19,-10,-19,-11,-19,-12,-19,-13,-19,-14,-18,-14,-17,-13,-16,-14,-4,-4,0,0,0,0,0,0,0,0,0,0,0,0,0,0,0,0,0,0,-3,-2,-10,-8,-10,-9,-9,-9,-9,-10,-9,-10,-8,-11,-6,-12,-5,-12,-5,-12,-7,-12,-13,-12,-16,-12,-16,-12,-17,-11,-18,-9,-19,-8,-20,-7,-19,-6,-17,-4,-16,-2,-16,-2,-12,5,-4,17,1,24,-3,21,-12,16]"
CSI_DATA,98958,d8:b1:90:db:e8:90,-52,11,1,6,0,0,1,0,0,0,1,-95,0,4,0,1501583716,0,100,0,128,1,"[100,-64,5,0,22,9,22,8,22,7,21,7,21,6,21,5,21,4,21,3,21,3,20,2,21,1,21,1,21,1,21,1,21,2,22,2,22,3,22,3,22,3,21,4,21,4,21,5,20,6,20,7,19,8,5,2,0,0,0,0,0,0,0,0,0,0,0,0,0,0,0,0,0,0,5,1,20,4,19,6,19,7,19,8,19,9,20,10,20,10,20,11,21,11,21,12,21,12,21,12,21,13,21,13,20,13,21,12,21,12,21,12,21,11,22,11,22,10,22,10,22,10,22,10,23,9,23,9]"
CSI_DATA,98959,d8:b1:90:db:e8:90,-52,11,1,6,0,0,1,0,0,0,1,-95,0,4,0,1501613578,0,100,0,128,1,"[100,-64,5,0,21,-12,20,-13,20,-13,19,-13,18,-13,18,-14,17,-14,16,-15,15,-16,15,-16,15,-16,15,-16,14,-17,14,-17,15,-17,16,-17,16,-17,16,-16,16,-16,16,-16,16,-15,17,-14,17,-13,18,-13,18,-12,4,-3,0,0,0,0,0,0,0,0,0,0,0,0,0,0,0,0,0,0,4,-3,18,-11,19,-10,19,-9,20,-8,21,-7,21,-8,22,-8,23,-8,23,-7,23,-7,24,-7,24,-7,24,-7,24,-7,24,-7,24,-7,23,-7,23,-8,23,-9,23,-9,23,-10,23,-10,22,-11,22,-11,22,-11,22,-12]"
CSI_DATA,98960,d8:b1:90:db:e8:90,-52,11,1,6,0,0,1,0,0,0,1,-95,0,4,0,1501624563,0,100,0,128,1,"[100,-64,5,0,25,-3,24,-3,23,-4,23,-4,23,-5,22,-6,22,-7,21,-7,20,-8,20,-8,20,-9,20,-9,20,-9,21,-9,21,-9,21,-10,22,-9,22,-9,22,-9,22,-8,22,-8,22,-7,22,-6,23,-4,23,-3,5,-1,0,0,0,0,0,0,0,0,0,0,0,0,0,0,0,0,0,0,5,-1,22,-4,22,-2,22,-1,23,0,23,1,24,1,24,2,25,2,25,3,25,3,25,3,25,3,25,4,25,4,26,3,25,2,26,2,26,2,25,1,25,1,26,0,26,-1,26,-1,26,-2,26,-2,26,-2]"
CSI_DATA,98961,d8:b1:90:db:e8:90,-52,11,1,6,0,0,1,0,0,0,1,-95,0,4,0,1501640753,0,100,0,128,1,"[100,-64,5,0,16,-19,15,-19,15,-20,14,-20,13,-20,12,-20,11,-20,11,-20,10,-20,9,-21,9,-21,9,-21,9,-21,9,-21,9,-22,10,-22,10,-22,10,-22,10,-22,11,-21,11,-21,12,-20,13,-20,14,-19,15,-18,4,-5,0,0,0,0,0,0,0,0,0,0,0,0,0,0,0,0,0,0,3,-5,13,-19,14,-18,15,-18,16,-17,17,-17,18,-17,19,-17,20,-16,20,-16,21,-16,21,-16,21,-16,21,-16,21,-16,21,-16,21,-17,20,-17,20,-17,19,-18,19,-18,18,-18,18,-19,18,-19,18,-20,18,-20,17,-20]"
CSI_DATA,98962,d8:b1:90:db:e8:90,-53,11,1,6,0,0,1,0,0,0,1,-95,0,4,0,1501652481,0,100,0,128,1,"[100,-64,5,0,-13,20,-13,20,-12,20,-11,19,-10,19,-9,19,-9,19,-8,19,-7,19,-7,19,-6,19,-6,19,-5,20,-5,20,-6,21,-6,21,-6,21,-7,20,-7,20,-8,20,-9,19,-9,19,-10,19,-11,19,-11,18,-3,4,0,0,0,0,0,0,0,0,0,0,0,0,0,0,0,0,0,0,-3,5,-10,19,-11,19,-12,18,-13,18,-14,18,-14,18,-15,17,-15,17,-16,18,-16,18,-17,18,-17,18,-17,18,-17,18,-18,17,-18,17,-17,17,-17,18,-16,18,-16,18,-15,19,-15,19,-14,19,-14,20,-14,20,-14,21]"
CSI_DATA,98963,d8:b1:90:db:e8:90,-52,11,1,6,0,0,1,0,0,0,1,-95,0,4,0,1501662480,0,100,0,128,1,"[100,-64,5,0,-11,22,-10,22,-9,22,-9,21,-8,20,-7,20,-6,20,-6,20,-5,21,-4,20,-3,20,-3,21,-3,21,-2,21,-2,22,-3,22,-3,22,-3,22,-4,22,-5,21,-5,21,-6,21,-7,21,-8,21,-9,20,-3,5,0,0,0,0,0,0,0,0,0,0,0,0,0,0,0,0,0,0,-3,5,-9,20,-10,19,-11,19,-12,19,-13,19,-13,19,-14,19,-14,19,-15,19,-15,20,-16,20,-16,20,-16,20,-17,20,-17,19,-17,19,-16,19,-16,19,-15,20,-14,20,-13,21,-13,21,-13,21,-12,22,-12,22,-12,22]"
CSI_DATA,98964,d8:b1:90:db:e8:90,-52,11,1,6,0,0,1,0,0,0,1,-95,0,4,0,1501672891,0,100,0,128,1,"[100,-64,5,0,22,-12,21,-12,21,-13,20,-13,19,-14,18,-14,17,-14,16,-14,16,-14,15,-15,15,-15,15,-15,15,-16,15,-16,16,-16,16,-16,17,-16,17,-16,17,-16,17,-15,17,-15,18,-14,18,-13,20,-12,21,-11,5,-3,0,0,0,0,0,0,0,0,0,0,0,0,0,0,0,0,0,0,4,-4,19,-13,20,-12,21,-11,22,-10,23,-9,23,-9,23,-9,24,-8,24,-8,24,-8,25,-7,25,-7,25,-7,25,-7,25,-7,25,-7,25,-8,25,-8,24,-8,24,-9,24,-9,24,-10,24,-10,24,-11,24,-11,23,-11]"
CSI_DATA,98965,d8:b1:90:db:e8:90,-52,11,1,6,0,0,1,0,0,0,1,-95,0,4,0,1501684995,0,100,0,128,1,"[100,-64,5,0,19,15,19,14,19,13,18,13,19,12,19,11,19,10,19,9,19,8,19,8,20,7,20,7,20,7,21,6,21,7,21,7,21,8,21,8,20,8,20,9,19,10,19,10,19,10,18,12,18,13,4,3,0,0,0,0,0,0,0,0,0,0,0,0,0,0,0,0,0,0,4,3,17,13,17,14,16,16,15,17,15,17,15,18,15,19,14,19,14,20,14,21,14,21,14,21,14,21,14,21,13,21,13,21,13,21,14,20,15,19,16,19,17,18,17,18,17,18,18,17,18,17,19,17]"
CSI_DATA,98966,d8:b1:90:db:e8:90,-52,11,1,6,0,0,1,0,0,0,1,-95,0,4,0,1501711628,0,100,0,128,1,"[100,-64,5,0,-2,24,-1,23,-1,23,0,22,1,22,1,21,2,20,3,20,3,20,4,19,5,19,5,20,6,20,6,20,6,20,6,21,5,21,5,21,4,21,3,21,3,21,2,21,1,21,0,22,-1,22,-1,5,0,0,0,0,0,0,0,0,0,0,0,0,0,0,0,0,0,0,0,5,-1,21,-2,22,-4,22,-5,22,-6,23,-6,23,-7,23,-8,23,-9,23,-9,23,-9,24,-9,23,-9,23,-9,23,-10,23,-10,23,-9,23,-9,23,-7,24,-6,24,-6,24,-5,24,-5,24,-4,24,-3,24,-3,24]"
CSI_DATA,98967,d8:b1:90:db:e8:90,-52,11,1,6,0,0,1,0,0,0,1,-95,0,4,0,1501721649,0,100,0,128,1,"[100,-64,5,0,-5,-25,-5,-25,-5,-24,-6,-23,-6,-22,-7,-22,-8,-21,-8,-21,-9,-20,-10,-20,-10,-20,-11,-19,-11,-20,-11,-20,-11,-20,-11,-20,-11,-21,-11,-21,-10,-21,-9,-21,-9,-21,-8,-21,-7,-22,-6,-23,-5,-23,-1,-6,0,0,0,0,0,0,0,0,0,0,0,0,0,0,0,0,0,0,-2,-6,-6,-22,-5,-23,-3,-24,-2,-24,-2,-25,-1,-25,-1,-25,0,-25,0,-26,1,-26,1,-27,1,-27,1,-27,1,-27,1,-27,0,-27,0,-26,-1,-26,-1,-26,-1,-26,-2,-26,-2,-26,-3,-26,-3,-27,-3,-27,-3,-27]"
CSI_DATA,98968,d8:b1:90:db:e8:90,-52,11,1,6,0,0,1,0,0,0,1,-95,0,4,0,1501732961,0,100,0,128,1,"[100,-64,5,0,-22,11,-22,11,-21,11,-19,11,-19,11,-18,12,-18,12,-17,13,-16,13,-16,13,-16,14,-16,14,-16,14,-16,15,-16,15,-16,14,-16,14,-17,14,-17,14,-18,14,-18,13,-18,12,-19,12,-20,11,-21,10,-6,2,0,0,0,0,0,0,0,0,0,0,0,0,0,0,0,0,0,0,-6,2,-21,10,-22,9,-22,8,-23,7,-23,6,-24,6,-25,6,-25,6,-25,5,-26,5,-27,5,-27,5,-27,5,-26,5,-26,5,-26,5,-26,5,-25,6,-25,7,-25,7,-25,8,-25,8,-24,9,-24,9,-24,10,-24,11]"
CSI_DATA,98969,d8:b1:90:db:e8:90,-52,11,1,6,0,0,1,0,0,0,1,-95,0,4,0,1501744702,0,100,0,128,1,"[100,-64,5,0,16,19,15,18,15,17,15,16,15,15,15,14,16,14,16,13,16,12,16,12,17,12,17,12,18,12,18,11,18,12,19,12,18,12,17,13,17,13,17,13,17,14,16,14,15,15,15,16,14,17,3,4,0,0,0,0,0,0,0,0,0,0,0,0,0,0,0,0,0,0,3,4,14,17,13,18,12,19,12,19,11,20,11,21,11,21,11,22,11,23,10,23,10,24,10,24,10,24,10,24,10,24,10,23,11,23,11,23,12,22,12,22,13,22,13,22,14,21,14,21,15,21,15,20]"
CSI_DATA,98970,d8:b1:90:db:e8:90,-52,11,1,6,0,0,1,0,0,0,1,-95,0,4,0,1501761618,0,100,0,128,1,"[100,-64,5,0,26,-2,25,-2,24,-3,24,-4,23,-5,22,-5,21,-6,20,-6,20,-7,20,-8,20,-8,20,-9,20,-9,20,-10,21,-10,21,-10,21,-9,21,-9,21,-9,21,-9,21,-8,21,-8,22,-7,23,-5,23,-4,5,-1,0,0,0,0,0,0,0,0,0,0,0,0,0,0,0,0,0,0,5,-1,23,-4,24,-3,24,-1,24,0,25,1,25,1,26,2,26,3,27,4,27,4,27,4,27,5,27,5,27,5,27,5,27,4,26,4,27,3,27,2,28,2,28,2,28,1,27,0,26,0,27,-1,27,-1]"
CSI_DATA,98971,d8:b1:90:db:e8:90,-52,11,1,6,0,0,1,0,0,0,1,-95,0,4,0,1501773479,0,100,0,128,1,"[100,-64,5,0,-20,-12,-20,-12,-20,-11,-20,-10,-19,-9,-19,-9,-19,-8,-19,-7,-19,-6,-19,-6,-19,-5,-20,-5,-20,-5,-20,-5,-20,-5,-20,-5,-20,-5,-20,-5,-20,-5,-20,-6,-19,-6,-19,-7,-19,-7,-19,-9,-19,-10,-5,-3,0,0,0,0,0,0,0,0,0,0,0,0,0,0,0,0,0,0,-5,-3,-19,-9,-19,-10,-18,-12,-18,-13,-18,-13,-18,-14,-18,-15,-18,-15,-18,-16,-18,-17,-18,-17,-18,-17,-17,-18,-17,-18,-17,-17,-18,-17,-18,-17,-18,-16,-19,-16,-19,-16,-19,-16,-19,-15,-19,-14,-20,-14,-20,-14,-20,-14]"
CSI_DATA,98972,d8:b1:90:db:e8:90,-52,11,1,6,0,0,1,0,0,0,1,-95,0,4,0,1501785752,0,100,0,128,1,"[100,-64,5,0,3,-25,2,-25,2,-24,1,-24,0,-23,-1,-23,-1,-22,-2,-22,-3,-22,-4,-22,-4,-22,-5,-22,-5,-22,-5,-22,-5,-22,-4,-22,-4,-22,-4,-22,-3,-23,-3,-23,-2,-22,-2,-22,-1,-22,1,-23,2,-23,0,-6,0,0,0,0,0,0,0,0,0,0,0,0,0,0,0,0,0,0,0,-6,2,-23,3,-23,4,-23,5,-23,6,-24,7,-24,8,-24,8,-24,9,-24,9,-25,9,-25,9,-25,9,-25,9,-25,9,-25,9,-25,9,-25,8,-25,8,-26,7,-26,7,-26,6,-26,5,-26,5,-26,5,-26,5,-26]"
CSI_DATA,98973,d8:b1:90:db:e8:90,-51,11,1,6,0,0,1,0,0,0,1,-95,0,4,0,1501818487,0,100,0,128,1,"[100,-64,5,0,12,-23,12,-23,11,-23,10,-23,9,-23,8,-23,7,-23,6,-23,6,-23,5,-23,4,-23,4,-23,4,-23,4,-23,4,-24,4,-24,4,-24,4,-24,4,-24,5,-24,6,-24,6,-23,7,-23,8,-23,10,-23,2,-6,0,0,0,0,0,0,0,0,0,0,0,0,0,0,0,0,0,0,2,-6,11,-23,12,-22,13,-21,14,-21,15,-21,16,-21,17,-21,17,-22,18,-22,18,-22,18,-22,19,-22,19,-22,19,-22,19,-21,19,-21,19,-21,18,-22,17,-22,17,-22,17,-23,16,-23,16,-24,16,-24,15,-24,15,-24]"
CSI_DATA,98974,d8:b1:90:db:e8:90,-52,11,1,6,0,0,1,0,0,0,1,-95,0,4,0,1501830907,0,100,0,128,1,"[100,-64,5,0,-26,5,-25,5,-24,5,-23,5,-23,5,-22,6,-22,7,-22,8,-21,9,-21,10,-20,10,-20,10,-20,11,-20,11,-21,11,-21,11,-21,11,-21,10,-21,10,-21,9,-21,9,-22,8,-22,8,-22,6,-23,5,-6,1,0,0,0,0,0,0,0,0,0,0,0,0,0,0,0,0,0,0,-6,1,-24,6,-24,5,-25,3,-25,2,-26,1,-26,0,-27,0,-27,0,-28,-1,-28,-2,-28,-2,-28,-2,-28,-3,-28,-2,-29,-2,-28,-1,-28,0,-28,0,-28,1,-27,2,-28,2,-28,2,-27,3,-27,4,-27,4,-28,5]"
CSI_DATA,98975,d8:b1:90:db:e8:90,-52,11,1,3,0,0,1,0,1,0,0,-95,0,4,0,1501852048,0,100,0,128,1,"[100,-64,5,0,10,16,10,17,10,18,11,19,12,19,13,19,15,19,17,18,18,17,20,15,21,14,22,12,23,10,22,9,22,7,21,7,19,6,17,6,15,7,13,7,10,8,8,9,6,10,2,11,0,11,-1,3,0,0,0,0,0,0,0,0,0,0,0,0,0,0,0,0,0,0,3,-6,15,-22,16,-22,17,-21,17,-21,16,-20,15,-19,13,-18,12,-16,11,-13,10,-10,9,-7,8,-4,8,0,9,3,9,6,10,8,12,10,13,11,15,11,16,11,16,11,17,11,16,11,15,11,14,11,14,12]"
CSI_DATA,98976,d8:b1:90:db:e8:90,-53,11,1,6,0,0,1,0,0,0,1,-95,0,4,0,1501866250,0,100,0,128,1,"[100,-64,5,0,-12,-24,-12,-22,-12,-21,-11,-20,-12,-19,-13,-18,-14,-18,-14,-17,-14,-16,-15,-16,-15,-15,-14,-15,-13,-15,-14,-15,-13,-16,-11,-18,-9,-20,-10,-20,-9,-20,-7,-21,-7,-22,-7,-22,-5,-21,-2,-20,0,-19,0,-5,0,0,0,0,0,0,0,0,0,0,0,0,0,0,0,0,0,0,-2,-6,-6,-23,-5,-23,-5,-24,-5,-24,-5,-25,-4,-25,-2,-26,-2,-27,-2,-28,-2,-28,-2,-29,-2,-29,-3,-29,-4,-29,-4,-28,-5,-28,-6,-27,-7,-27,-8,-28,-9,-28,-10,-27,-11,-26,-10,-25,-10,-25,-11,-25,-10,-25]"
CSI_DATA,98977,d8:b1:90:db:e8:90,-53,11,1,6,0,0,1,0,0,0,1,-95,0,4,0,1501877448,0,100,0,128,1,"[100,-64,5,0,2,-24,1,-23,1,-22,1,-21,1,-21,-1,-20,-2,-20,-2,-20,-2,-20,-3,-20,-3,-19,-2,-18,-2,-18,-2,-18,-1,-19,2,-19,3,-20,3,-21,4,-21,6,-20,7,-20,7,-20,8,-19,9,-16,10,-15,2,-4,0,0,0,0,0,0,0,0,0,0,0,0,0,0,0,0,0,0,1,-6,6,-21,6,-21,7,-21,7,-21,7,-22,8,-22,11,-23,12,-23,11,-24,12,-24,12,-25,12,-25,11,-26,10,-26,10,-25,9,-25,8,-25,8,-26,7,-26,6,-27,4,-27,4,-26,4,-25,3,-24,3,-25,4,-24]"
CSI_DATA,98978,d8:b1:90:db:e8:90,-51,11,1,6,0,0,1,0,0,0,1,-95,0,4,0,1501890265,0,100,0,128,1,"[100,-64,5,0,-23,-13,-23,-13,-22,-12,-21,-10,-21,-9,-21,-8,-21,-7,-21,-6,-21,-6,-21,-5,-21,-4,-21,-4,-22,-3,-22,-3,-22,-3,-23,-3,-23,-3,-22,-4,-22,-4,-23,-5,-22,-5,-22,-6,-22,-7,-22,-8,-22,-9,-6,-3,0,0,0,0,0,0,0,0,0,0,0,0,0,0,0,0,0,0,-6,-3,-22,-11,-21,-12,-21,-14,-20,-14,-20,-15,-20,-16,-20,-17,-20,-18,-20,-18,-20,-19,-20,-20,-20,-20,-20,-20,-20,-20,-20,-20,-20,-20,-20,-20,-20,-19,-20,-19,-21,-18,-21,-17,-21,-17,-22,-17,-22,-16,-22,-16,-23,-15]"
CSI_DATA,98979,d8:b1:90:db:e8:90,-51,11,1,6,0,0,1,0,0,0,1,-95,0,4,0,1501921692,0,100,0,128,1,"[100,-64,5,0,24,5,23,4,23,4,22,3,22,2,21,1,21,0,20,-1,20,-1,20,-2,20,-3,20,-3,20,-3,20,-4,20,-4,21,-4,21,-4,21,-3,21,-3,21,-3,21,-2,21,-1,21,0,21,1,21,2,5,0,0,0,0,0,0,0,0,0,0,0,0,0,0,0,0,0,0,0,5,0,23,2,23,3,23,5,23,6,23,7,23,8,24,8,24,9,24,10,24,11,24,11,24,11,24,12,24,12,24,11,24,11,24,11,24,10,24,10,24,9,24,9,25,8,25,8,25,7,25,7,24,7]"
CSI_DATA,98980,d8:b1:90:db:e8:90,-51,11,1,6,0,0,1,0,0,0,1,-95,0,4,0,1501932623,0,100,0,128,1,"[100,-64,5,0,11,-21,10,-21,10,-21,9,-21,8,-21,7,-21,6,-21,5,-21,5,-21,4,-21,3,-21,3,-21,2,-21,2,-21,3,-21,3,-22,3,-22,3,-22,3,-22,4,-22,4,-21,5,-21,6,-21,7,-21,8,-20,2,-5,0,0,0,0,0,0,0,0,0,0,0,0,0,0,0,0,0,0,1,-6,8,-21,9,-21,10,-21,11,-21,12,-21,13,-21,14,-21,15,-20,16,-20,16,-21,17,-21,17,-20,17,-20,17,-20,17,-20,17,-20,16,-21,16,-21,15,-21,15,-21,14,-21,14,-21,14,-22,13,-22,13,-22,13,-22]"
CSI_DATA,98981,d8:b1:90:db:e8:90,-52,11,1,6,0,0,1,0,0,0,1,-95,0,4,0,1501948898,0,100,0,128,1,"[100,-64,5,0,-7,-26,-8,-25,-8,-24,-9,-23,-10,-22,-10,-21,-11,-21,-12,-20,-12,-20,-13,-19,-14,-19,-14,-19,-14,-19,-15,-19,-15,-19,-15,-19,-14,-19,-14,-19,-14,-19,-13,-20,-13,-21,-12,-21,-11,-21,-10,-22,-8,-23,-2,-6,0,0,0,0,0,0,0,0,0,0,0,0,0,0,0,0,0,0,-3,-6,-9,-24,-8,-24,-6,-25,-5,-26,-4,-26,-4,-27,-3,-27,-3,-28,-2,-29,-2,-29,-1,-29,-1,-29,-1,-29,-1,-29,-2,-29,-2,-28,-3,-28,-3,-28,-3,-28,-4,-28,-4,-28,-5,-28,-6,-28,-6,-27,-7,-28,-6,-28]"
CSI_DATA,98982,d8:b1:90:db:e8:90,-51,11,1,6,0,0,1,0,0,0,1,-95,0,4,0,1501967612,0,100,0,128,1,"[100,-64,5,0,-21,-15,-21,-14,-21,-13,-20,-13,-20,-12,-20,-11,-20,-10,-20,-9,-19,-8,-20,-8,-20,-7,-21,-7,-21,-6,-21,-6,-21,-6,-22,-6,-22,-7,-22,-7,-22,-8,-21,-8,-21,-9,-21,-9,-21,-10,-20,-11,-20,-12,-5,-4,0,0,0,0,0,0,0,0,0,0,0,0,0,0,0,0,0,0,-6,-3,-20,-11,-20,-13,-20,-14,-19,-15,-19,-16,-19,-17,-19,-18,-19,-18,-19,-19,-19,-20,-19,-21,-18,-21,-18,-21,-18,-21,-18,-21,-18,-21,-19,-20,-19,-20,-19,-19,-19,-19,-20,-18,-20,-18,-21,-17,-21,-17,-21,-17,-21,-17]"
CSI_DATA,98983,d8:b1:90:db:e8:90,-51,11,1,6,0,0,1,0,0,0,1,-95,0,4,0,1501978870,0,100,0,128,1,"[100,-64,5,0,23,6,22,6,22,5,22,4,21,3,21,2,21,1,20,0,20,-1,20,-2,20,-2,21,-3,21,-4,21,-4,22,-4,22,-3,22,-3,22,-3,22,-2,22,-2,22,-2,22,-1,22,0,21,1,21,2,5,0,0,0,0,0,0,0,0,0,0,0,0,0,0,0,0,0,0,0,5,1,22,4,22,5,22,6,22,7,22,8,22,9,22,10,23,10,23,11,23,12,23,13,22,14,22,14,22,14,22,14,22,13,23,13,23,12,23,12,23,11,24,10,24,10,24,10,24,9,24,9,24,8]"
CSI_DATA,98984,d8:b1:90:db:e8:90,-52,11,1,6,0,0,1,0,0,0,1,-95,0,4,0,1501991952,0,100,0,128,1,"[100,-64,5,0,21,46,21,42,15,30,21,28,24,32,24,26,32,20,31,18,32,9,42,7,36,9,26,1,30,2,29,9,34,4,49,1,43,-4,34,-12,37,-7,35,0,36,-4,41,1,36,2,37,-9,49,-11,13,-2,0,0,0,0,0,0,0,0,0,0,0,0,0,0,0,0,0,0,-7,3,-26,14,-28,18,-36,22,-38,23,-34,30,-34,31,-33,22,-31,24,-33,28,-29,27,-26,30,-32,33,-32,30,-26,35,-25,39,-21,34,-18,36,-20,42,-17,41,-10,41,-9,42,-7,41,2,45,4,47,3,40,9,33]"
CSI_DATA,98985,d8:b1:90:db:e8:90,-51,11,1,6,0,0,1,0,0,0,1,-95,0,4,0,1502020629,0,100,0,128,1,"[100,-64,5,0,20,12,20,11,20,10,19,9,19,8,20,7,20,6,20,5,19,4,20,4,20,3,20,2,21,2,21,2,21,2,21,2,21,2,21,2,21,3,21,3,21,4,21,4,21,5,20,7,21,8,5,2,0,0,0,0,0,0,0,0,0,0,0,0,0,0,0,0,0,0,5,2,20,10,20,11,19,13,18,14,19,14,19,15,18,16,18,17,18,17,18,18,18,19,18,19,17,20,17,20,18,19,18,19,18,19,18,18,18,18,19,17,19,17,20,16,20,15,20,14,20,14,21,13]"
CSI_DATA,98986,d8:b1:90:db:e8:90,-52,11,1,6,0,0,1,0,0,0,1,-95,0,4,0,1502034233,0,100,0,128,1,"[100,-64,5,0,-11,17,-10,16,-10,16,-9,16,-8,16,-7,16,-6,16,-6,16,-5,16,-4,16,-4,17,-4,17,-3,17,-3,17,-3,18,-3,18,-3,18,-3,18,-4,18,-4,18,-4,18,-5,17,-6,17,-7,17,-8,16,-3,4,0,0,0,0,0,0,0,0,0,0,0,0,0,0,0,0,0,0,-3,4,-9,16,-10,16,-12,15,-13,15,-13,15,-14,15,-15,15,-15,15,-15,15,-16,15,-16,15,-16,15,-16,15,-16,15,-16,15,-16,15,-16,16,-15,16,-15,16,-14,16,-14,16,-13,16,-13,16,-13,17,-12,17,-12,17]"
CSI_DATA,98987,d8:b1:90:db:e8:90,-51,11,1,6,0,0,1,0,0,0,1,-95,0,4,0,1502052343,0,100,0,128,1,"[100,-64,5,0,20,10,20,9,20,8,20,7,20,6,20,5,20,5,20,4,20,3,20,3,20,2,20,1,21,1,21,1,22,1,22,1,22,1,22,1,21,2,21,2,21,3,21,3,21,4,20,6,20,8,5,2,0,0,0,0,0,0,0,0,0,0,0,0,0,0,0,0,0,0,5,1,20,7,20,8,20,10,20,11,20,12,20,13,20,13,21,14,21,15,21,15,21,16,20,16,20,16,20,17,20,17,20,16,20,16,20,15,21,15,21,14,21,14,21,14,21,13,21,13,22,12,22,12]"
CSI_DATA,98988,d8:b1:90:db:e8:90,-51,11,1,6,0,0,1,0,0,0,1,-95,0,4,0,1502063681,0,100,0,128,1,"[100,-64,5,0,-13,20,-12,20,-11,20,-10,20,-9,20,-8,20,-7,20,-6,20,-5,19,-5,19,-4,20,-3,21,-3,21,-3,21,-3,22,-3,22,-3,22,-3,22,-3,22,-4,22,-5,21,-6,21,-7,21,-8,20,-9,20,-3,5,0,0,0,0,0,0,0,0,0,0,0,0,0,0,0,0,0,0,-3,5,-11,20,-12,19,-13,19,-14,19,-15,19,-16,19,-17,19,-18,19,-18,19,-19,19,-19,19,-19,19,-19,19,-19,19,-19,19,-19,19,-19,19,-19,19,-18,20,-17,20,-17,20,-16,21,-16,21,-16,21,-15,21,-15,21]"
CSI_DATA,98989,d8:b1:90:db:e8:90,-51,11,1,7,0,0,1,0,0,0,1,-95,0,4,0,1502075973,0,100,0,128,1,"[100,-64,5,0,23,-7,22,-8,21,-8,21,-9,20,-9,19,-10,18,-11,18,-12,17,-12,17,-13,17,-13,16,-14,16,-14,16,-15,16,-15,16,-15,16,-15,16,-14,16,-14,17,-14,17,-13,18,-12,18,-12,19,-11,19,-10,4,-3,0,0,0,0,0,0,0,0,0,0,0,0,0,0,0,0,0,0,4,-3,19,-11,20,-10,21,-9,22,-9,22,-8,23,-8,24,-7,24,-7,25,-6,25,-5,26,-5,26,-4,26,-4,26,-4,26,-3,26,-3,26,-4,26,-4,25,-4,25,-5,25,-5,25,-5,25,-6,25,-6,25,-6,25,-7]"
CSI_DATA,98990,d8:b1:90:db:e8:90,-52,11,1,7,0,0,1,0,0,0,1,-95,0,4,0,1502088926,0,100,0,128,1,"[100,-64,5,0,18,-5,18,-6,17,-6,17,-7,16,-7,16,-8,15,-8,15,-9,14,-9,14,-10,14,-10,14,-11,13,-11,13,-12,14,-12,14,-12,14,-12,14,-12,14,-12,14,-11,15,-11,15,-10,15,-9,16,-8,16,-7,4,-2,0,0,0,0,0,0,0,0,0,0,0,0,0,0,0,0,0,0,4,-2,16,-7,17,-7,17,-6,18,-5,18,-5,19,-4,19,-4,19,-4,19,-3,20,-3,20,-3,21,-3,21,-3,21,-3,21,-3,21,-3,21,-4,21,-4,20,-3,20,-4,20,-4,20,-4,20,-4,20,-4,20,-5,20,-5]"
CSI_DATA,98991,d8:b1:90:db:e8:90,-51,11,1,7,0,0,1,0,0,0,1,-95,0,4,0,1502099647,0,100,0,128,1,"[100,-64,5,0,11,-22,10,-22,9,-22,8,-22,7,-22,6,-21,5,-21,4,-21,4,-21,3,-22,2,-22,2,-22,1,-22,1,-23,1,-23,1,-24,1,-24,1,-24,2,-23,2,-23,3,-23,4,-23,5,-22,6,-22,7,-22,2,-6,0,0,0,0,0,0,0,0,0,0,0,0,0,0,0,0,0,0,1,-6,7,-22,9,-22,10,-22,11,-22,12,-22,13,-22,13,-22,14,-21,15,-22,15,-22,16,-22,16,-22,16,-22,16,-22,16,-23,15,-23,15,-23,15,-23,15,-23,14,-23,14,-23,13,-23,13,-23,13,-23,13,-23,13,-23]"
CSI_DATA,98992,d8:b1:90:db:e8:90,-51,11,1,7,0,0,1,0,0,0,1,-95,0,4,0,1502123643,0,100,0,128,1,"[100,-64,5,0,-4,24,-4,23,-3,22,-2,21,-1,21,0,21,1,20,1,20,2,20,3,19,3,19,4,20,4,20,5,21,5,21,5,22,4,22,4,22,3,22,3,22,3,22,2,21,1,21,-1,21,-2,22,-1,5,0,0,0,0,0,0,0,0,0,0,0,0,0,0,0,0,0,0,-1,5,-4,20,-5,21,-7,22,-8,22,-9,23,-9,23,-10,23,-10,23,-11,24,-11,24,-12,25,-12,24,-12,25,-12,25,-11,25,-11,25,-10,25,-10,25,-9,25,-8,25,-7,25,-7,25,-7,25,-6,25,-6,25,-6,25]"
CSI_DATA,98993,d8:b1:90:db:e8:90,-51,11,1,7,0,0,1,0,0,0,1,-95,0,4,0,1502134604,0,100,0,128,1,"[100,-64,5,0,-3,-25,-3,-24,-3,-23,-4,-23,-5,-22,-6,-21,-7,-21,-7,-20,-8,-20,-9,-20,-9,-20,-10,-19,-11,-19,-11,-20,-11,-20,-11,-20,-11,-20,-11,-20,-11,-20,-10,-21,-10,-21,-9,-21,-8,-22,-7,-22,-5,-22,-2,-6,0,0,0,0,0,0,0,0,0,0,0,0,0,0,0,0,0,0,-1,-6,-4,-23,-2,-23,-1,-24,0,-25,1,-25,2,-26,2,-26,2,-26,3,-27,4,-27,5,-27,5,-27,5,-27,5,-27,5,-27,4,-27,4,-27,3,-27,3,-26,2,-26,1,-26,1,-26,0,-26,0,-26,0,-26,-1,-26]"
CSI_DATA,98994,d8:b1:90:db:e8:90,-51,11,1,7,0,0,1,0,0,0,1,-95,0,4,0,1502154111,0,100,0,128,1,"[100,-64,5,0,16,19,16,19,16,17,17,16,18,14,18,13,18,12,18,11,17,10,18,10,19,9,20,9,20,9,21,9,21,9,21,9,22,10,22,10,21,10,20,11,20,12,19,12,19,13,18,14,17,15,4,4,0,0,0,0,0,0,0,0,0,0,0,0,0,0,0,0,0,0,4,4,17,16,17,18,16,19,15,20,15,21,14,21,13,22,13,23,13,24,12,25,12,25,11,26,11,26,11,26,11,26,12,26,12,25,12,25,13,25,13,25,13,24,14,23,15,22,16,21,16,21,16,21]"
CSI_DATA,98995,d8:b1:90:db:e8:90,-51,11,1,7,0,0,1,0,0,0,1,-95,0,4,0,1502169034,0,100,0,128,1,"[100,-64,5,0,-9,22,-9,21,-7,21,-6,21,-4,21,-3,21,-2,20,-2,19,-1,19,0,19,0,19,1,20,1,21,2,21,2,22,2,22,2,23,1,22,1,22,0,22,-1,21,-2,21,-3,22,-4,22,-5,21,-2,5,0,0,0,0,0,0,0,0,0,0,0,0,0,0,0,0,0,0,-2,5,-7,21,-8,21,-9,21,-10,21,-11,21,-12,21,-14,21,-14,21,-15,21,-16,21,-17,21,-17,20,-17,20,-17,20,-16,21,-16,21,-16,21,-16,21,-16,21,-15,22,-14,22,-13,22,-12,22,-11,22,-11,22,-11,23]"
CSI_DATA,98996,d8:b1:90:db:e8:90,-51,11,1,7,0,0,1,0,0,0,1,-95,0,4,0,1502182561,0,100,0,128,1,"[100,-64,5,0,5,-19,5,-19,4,-19,3,-19,2,-18,1,-18,1,-18,0,-18,-1,-19,-2,-19,-2,-18,-3,-18,-3,-18,-3,-18,-3,-19,-3,-19,-3,-20,-2,-20,-2,-20,-2,-20,-1,-20,0,-19,0,-20,1,-20,3,-19,0,-5,0,0,0,0,0,0,0,0,0,0,0,0,0,0,0,0,0,0,0,-5,4,-18,5,-18,6,-18,7,-18,8,-18,9,-18,10,-19,10,-19,11,-19,12,-19,12,-19,12,-19,12,-19,12,-19,12,-18,12,-18,11,-19,11,-19,10,-19,10,-19,10,-20,10,-20,9,-20,8,-20,8,-20,8,-20]"
CSI_DATA,98997,d8:b1:90:db:e8:90,-51,11,1,7,0,0,1,0,0,0,1,-95,0,4,0,1502193172,0,100,0,128,1,"[100,-64,5,0,19,4,19,4,19,3,18,2,18,1,18,0,18,0,18,-1,17,-2,17,-3,17,-3,17,-4,17,-4,17,-5,18,-5,19,-4,19,-4,19,-4,19,-3,19,-3,19,-2,19,-2,19,-1,19,0,19,2,4,0,0,0,0,0,0,0,0,0,0,0,0,0,0,0,0,0,0,0,4,0,18,3,18,4,18,5,18,6,18,7,18,8,18,8,19,9,19,10,19,11,19,11,19,11,19,11,18,11,19,11,19,11,19,10,19,10,19,10,20,9,20,9,20,8,20,8,20,7,20,6,20,6]"
CSI_DATA,98998,d8:b1:90:db:e8:90,-51,11,1,5,0,0,1,0,0,0,1,-95,0,4,0,1502204660,0,100,0,128,1,"[100,-64,5,0,13,-7,15,-7,17,-7,19,-7,21,-9,22,-11,22,-13,22,-16,21,-18,19,-20,18,-22,16,-23,14,-24,13,-24,12,-23,12,-22,12,-20,12,-18,12,-16,13,-13,13,-11,14,-8,15,-6,16,-4,16,-1,4,0,0,0,0,0,0,0,0,0,0,0,0,0,0,0,0,0,0,0,-5,-5,-19,-20,-19,-21,-20,-22,-20,-22,-20,-21,-19,-20,-18,-19,-17,-16,-14,-14,-12,-13,-8,-11,-4,-10,-1,-9,3,-10,6,-11,9,-12,10,-14,12,-16,12,-17,11,-18,11,-19,10,-19,9,-18,8,-17,9,-15,9,-13]"
CSI_DATA,98999,d8:b1:90:db:e8:90,-51,11,1,5,0,0,1,0,0,0,1,-95,0,4,0,1502230550,0,100,0,128,1,"[100,-64,5,0,5,-15,7,-16,9,-18,10,-20,10,-22,9,-24,8,-26,6,-28,3,-30,1,-30,-2,-31,-4,-30,-6,-29,-6,-29,-6,-27,-5,-26,-4,-25,-3,-23,0,-21,2,-20,4,-19,7,-18,9,-16,11,-14,13,-12,3,-3,0,0,0,0,0,0,0,0,0,0,0,0,0,0,0,0,0,0,-8,0,-29,0,-30,0,-31,-1,-31,-1,-31,0,-30,1,-28,1,-25,2,-22,1,-18,0,-14,-2,-10,-4,-8,-7,-5,-10,-3,-13,-2,-16,-3,-19,-3,-21,-4,-22,-6,-23,-7,-23,-8,-22,-8,-21,-7,-19,-5,-17,-3,-16]"
CSI_DATA,99000,d8:b1:90:db:e8:90,-51,11,1,5,0,0,1,0,0,0,1,-95,0,4,0,1502241841,0,100,0,128,1,"[100,-64,5,0,15,1,16,3,18,4,21,4,23,4,25,2,27,0,28,-2,28,-5,28,-8,28,-10,27,-12,26,-13,25,-13,24,-13,22,-12,21,-10,21,-8,20,-6,19,-4,18,-1,17,2,17,4,16,6,14,8,3,2,0,0,0,0,0,0,0,0,0,0,0,0,0,0,0,0,0,0,-3,-7,-10,-26,-10,-28,-10,-29,-10,-29,-10,-28,-11,-27,-10,-25,-10,-23,-8,-20,-7,-17,-4,-14,0,-11,3,-9,6,-7,10,-7,13,-7,15,-9,17,-10,18,-11,18,-12,18,-13,17,-13,15,-13,14,-11,13,-9,13,-8]"
CSI_DATA,99001,d8:b1:90:db:e8:90,-51,11,1,6,0,0,1,0,0,0,0,-95,0,4,0,1502253258,0,100,0,128,1,"[100,-64,5,0,17,8,17,7,17,7,17,6,17,5,17,5,16,4,16,3,17,2,17,2,17,1,17,1,17,1,18,1,18,1,19,1,19,1,19,1,19,1,18,2,18,2,18,2,17,3,17,5,17,6,4,1,0,0,0,0,0,0,0,0,0,0,0,0,0,0,0,0,0,0,4,1,16,6,16,7,15,8,15,8,15,9,16,10,16,11,16,11,16,12,17,12,17,13,17,13,17,13,17,13,17,12,17,12,17,12,17,11,17,11,17,10,17,10,18,10,18,10,18,10,18,10,18,9]"
CSI_DATA,99002,d8:b1:90:db:e8:90,-51,11,1,6,0,0,1,0,0,0,0,-95,0,4,0,1502270060,0,100,0,128,1,"[100,-64,5,0,2,21,2,20,3,20,4,19,4,19,5,18,6,18,6,17,7,17,7,17,8,17,9,17,9,17,10,18,10,18,10,18,10,18,9,18,8,18,8,18,7,18,6,18,5,19,4,20,3,20,0,5,0,0,0,0,0,0,0,0,0,0,0,0,0,0,0,0,0,0,1,4,3,18,3,19,1,19,1,19,0,20,0,20,-1,21,-1,21,-2,21,-3,22,-3,23,-4,23,-4,23,-4,23,-4,23,-3,23,-3,23,-3,23,-2,23,-1,23,-1,23,-1,23,0,23,0,22,0,22,1,22]"
CSI_DATA,99003,d8:b1:90:db:e8:90,-51,11,1,6,0,0,1,0,0,0,0,-95,0,4,0,1502280159,0,100,0,128,1,"[100,-64,5,0,-21,-4,-21,-4,-21,-3,-20,-2,-20,-1,-20,-1,-20,0,-20,1,-19,1,-19,2,-20,3,-20,3,-21,3,-21,4,-21,4,-21,4,-21,4,-21,4,-21,3,-20,2,-20,1,-20,1,-21,0,-21,-2,-21,-3,-6,-1,0,0,0,0,0,0,0,0,0,0,0,0,0,0,0,0,0,0,-5,-1,-20,-2,-20,-3,-20,-4,-20,-5,-20,-6,-21,-7,-21,-7,-21,-8,-21,-8,-22,-9,-22,-10,-22,-10,-22,-10,-22,-10,-22,-10,-23,-10,-22,-10,-22,-9,-22,-9,-23,-8,-23,-8,-23,-7,-23,-7,-23,-6,-22,-6,-22,-6]"
CSI_DATA,99004,d8:b1:90:db:e8:90,-51,11,1,6,0,0,1,0,0,0,1,-95,0,4,0,1502290526,0,100,0,128,1,"[100,-64,5,0,16,13,16,12,16,11,16,10,16,10,16,9,17,8,17,7,18,6,18,6,18,5,19,5,19,5,19,6,20,6,20,5,19,6,19,6,19,6,19,6,18,7,18,7,18,8,17,10,16,11,4,2,0,0,0,0,0,0,0,0,0,0,0,0,0,0,0,0,0,0,4,2,16,9,16,10,15,12,15,13,15,14,15,15,14,15,14,16,14,17,14,17,14,17,14,17,14,17,14,17,14,18,13,18,14,17,14,17,15,17,15,16,16,16,16,16,16,15,16,15,16,15,17,15]"
CSI_DATA,99005,d8:b1:90:db:e8:90,-51,11,1,6,0,0,1,0,0,0,1,-95,0,4,0,1502329137,0,100,0,128,1,"[100,-64,5,0,-18,-15,-18,-14,-18,-13,-18,-12,-18,-11,-18,-10,-19,-9,-19,-8,-19,-7,-20,-7,-20,-6,-21,-6,-21,-6,-21,-6,-22,-6,-22,-6,-22,-6,-22,-6,-21,-7,-21,-7,-21,-8,-21,-8,-20,-9,-20,-11,-19,-12,-5,-3,0,0,0,0,0,0,0,0,0,0,0,0,0,0,0,0,0,0,-5,-3,-18,-12,-17,-13,-17,-15,-16,-16,-16,-17,-16,-18,-16,-18,-15,-19,-15,-20,-15,-20,-15,-20,-15,-20,-15,-20,-15,-20,-14,-21,-14,-20,-15,-20,-15,-20,-16,-19,-17,-19,-17,-19,-17,-18,-17,-18,-17,-18,-18,-17,-18,-17]"
CSI_DATA,99006,d8:b1:90:db:e8:90,-51,11,1,6,0,0,1,0,0,0,1,-95,0,4,0,1502340105,0,100,0,128,1,"[100,-64,5,0,6,20,7,20,7,19,8,18,8,17,9,16,10,16,11,16,11,15,12,15,13,15,13,15,13,15,14,15,14,15,14,15,14,15,14,16,13,16,13,16,12,16,12,16,11,17,9,18,8,19,2,4,0,0,0,0,0,0,0,0,0,0,0,0,0,0,0,0,0,0,2,4,7,17,6,18,5,19,4,20,3,20,3,21,2,21,1,21,1,22,1,22,1,22,1,22,1,22,1,23,0,23,0,23,1,22,1,22,2,23,3,22,3,22,4,22,4,22,4,22,5,22,5,22]"
CSI_DATA,99007,d8:b1:90:db:e8:90,-51,11,1,6,0,0,1,0,0,0,1,-95,0,4,0,1502354121,0,100,0,128,1,"[100,-64,5,0,8,18,9,17,9,17,10,16,10,16,10,15,11,15,11,14,11,14,12,13,12,14,13,14,13,14,13,14,14,14,14,15,13,15,13,15,13,15,13,15,12,15,12,16,11,16,10,17,9,18,2,4,0,0,0,0,0,0,0,0,0,0,0,0,0,0,0,0,0,0,2,4,8,16,8,17,7,18,6,18,6,19,5,20,4,20,4,21,4,21,4,22,3,22,3,22,3,22,3,22,4,22,4,22,4,22,4,22,5,21,6,21,6,21,6,21,7,21,7,21,8,21,8,20]"
CSI_DATA,99008,d8:b1:90:db:e8:90,-51,11,1,6,0,0,1,0,0,0,1,-95,0,4,0,1502364601,0,100,0,128,1,"[100,-64,5,0,-17,13,-16,13,-15,13,-15,13,-14,13,-14,14,-13,14,-13,14,-12,15,-12,15,-11,16,-12,16,-12,16,-12,17,-12,17,-12,17,-13,16,-13,16,-13,16,-13,16,-14,15,-14,15,-15,15,-16,14,-17,13,-5,3,0,0,0,0,0,0,0,0,0,0,0,0,0,0,0,0,0,0,-4,3,-15,12,-16,12,-17,11,-17,11,-18,10,-19,10,-19,9,-20,9,-21,9,-21,9,-21,9,-21,9,-21,8,-21,9,-21,9,-22,9,-21,10,-21,10,-21,10,-20,10,-20,11,-20,11,-19,12,-19,12,-19,13,-19,13]"
CSI_DATA,99009,d8:b1:90:db:e8:90,-51,11,1,6,0,0,1,0,0,0,1,-95,0,4,0,1502375753,0,100,0,128,1,"[100,-64,5,0,-12,19,-11,19,-10,19,-9,18,-8,18,-7,18,-6,19,-6,19,-5,19,-4,19,-4,19,-4,19,-3,20,-3,20,-3,20,-3,21,-4,21,-4,21,-5,21,-5,20,-6,20,-7,20,-7,20,-9,19,-10,19,-3,4,0,0,0,0,0,0,0,0,0,0,0,0,0,0,0,0,0,0,-2,4,-8,18,-9,17,-10,17,-11,17,-11,17,-12,17,-13,17,-14,18,-14,18,-15,18,-16,18,-16,18,-15,17,-15,17,-15,17,-15,17,-14,17,-14,18,-14,18,-14,18,-13,18,-13,18,-13,18,-13,18,-13,18,-13,19]"
CSI_DATA,99010,d8:b1:90:db:e8:90,-51,11,1,6,0,0,1,0,0,0,1,-95,0,4,0,1502388597,0,100,0,128,1,"[100,-64,5,0,16,-13,15,-13,14,-14,14,-14,13,-15,12,-15,12,-16,11,-16,10,-17,9,-17,9,-17,10,-18,10,-18,10,-18,10,-19,10,-18,10,-18,11,-18,11,-18,12,-18,13,-17,13,-17,13,-16,14,-15,15,-14,3,-4,0,0,0,0,0,0,0,0,0,0,0,0,0,0,0,0,0,0,3,-4,14,-13,15,-12,16,-11,16,-11,17,-10,18,-10,18,-10,19,-9,19,-9,20,-9,20,-9,20,-9,20,-9,20,-9,20,-9,20,-9,20,-10,20,-10,19,-10,19,-11,19,-11,19,-11,18,-12,18,-12,18,-12,17,-13]"
CSI_DATA,99011,d8:b1:90:db:e8:90,-51,11,1,6,0,0,1,0,0,0,1,-95,0,4,0,1502401044,0,100,0,128,1,"[100,-64,5,0,11,18,11,17,12,17,12,16,13,15,14,14,14,13,15,13,15,12,16,11,16,11,16,12,17,12,17,12,17,12,17,12,17,13,17,13,17,13,17,14,16,14,16,15,15,16,14,17,12,17,3,4,0,0,0,0,0,0,0,0,0,0,0,0,0,0,0,0,0,0,2,4,11,17,10,18,9,19,8,19,8,20,7,20,7,21,6,21,6,22,6,22,5,23,5,23,5,23,5,23,6,23,6,23,6,23,7,22,7,22,8,22,8,22,9,21,9,21,10,21,10,21,10,20]"
CSI_DATA,99012,d8:b1:90:db:e8:90,-52,11,1,6,0,0,1,0,0,0,1,-95,0,4,0,1502429704,0,100,0,128,1,"[100,-64,5,0,14,-14,14,-15,13,-15,12,-15,11,-15,10,-16,10,-16,9,-16,9,-17,8,-17,8,-17,7,-18,7,-18,7,-19,7,-19,8,-19,8,-20,8,-20,9,-19,9,-19,10,-18,10,-18,11,-17,12,-17,13,-16,3,-4,0,0,0,0,0,0,0,0,0,0,0,0,0,0,0,0,0,0,3,-4,13,-14,14,-13,14,-13,15,-12,16,-12,17,-11,17,-11,18,-11,18,-11,19,-10,19,-10,19,-10,19,-10,19,-10,19,-10,19,-10,19,-11,19,-11,18,-11,18,-12,18,-12,17,-13,17,-13,17,-13,17,-13,16,-14]"
CSI_DATA,99013,d8:b1:90:db:e8:90,-51,11,1,6,0,0,1,0,0,0,1,-95,0,4,0,1502441088,0,100,0,128,1,"[100,-64,5,0,-2,19,-2,18,-1,18,0,17,0,17,1,17,2,17,2,17,3,16,4,16,4,16,4,17,5,17,5,17,5,18,5,18,5,18,5,18,4,18,4,18,4,18,3,18,2,18,1,18,0,19,0,4,0,0,0,0,0,0,0,0,0,0,0,0,0,0,0,0,0,0,-1,4,-1,17,-2,17,-4,17,-4,18,-5,18,-5,18,-6,19,-6,19,-6,19,-7,19,-7,19,-7,19,-7,19,-7,19,-7,19,-7,19,-7,19,-6,19,-6,19,-5,20,-4,20,-4,20,-4,20,-4,20,-4,20,-4,19]"
CSI_DATA,99014,d8:b1:90:db:e8:90,-51,11,1,6,0,0,1,0,0,0,1,-95,0,4,0,1502452601,0,100,0,128,1,"[100,-64,5,0,-10,-19,-11,-19,-11,-18,-11,-17,-12,-16,-12,-16,-13,-15,-13,-15,-14,-14,-15,-14,-15,-14,-16,-14,-16,-14,-17,-14,-17,-14,-17,-14,-16,-14,-16,-14,-16,-15,-16,-15,-16,-16,-15,-16,-14,-17,-13,-18,-12,-18,-3,-5,0,0,0,0,0,0,0,0,0,0,0,0,0,0,0,0,0,0,-3,-5,-10,-17,-10,-18,-9,-19,-9,-19,-8,-20,-8,-20,-8,-21,-8,-22,-7,-22,-7,-23,-6,-23,-6,-24,-6,-24,-6,-23,-6,-23,-7,-22,-7,-22,-7,-22,-7,-22,-7,-22,-8,-22,-8,-22,-9,-22,-9,-21,-9,-21,-9,-21]"
CSI_DATA,99015,d8:b1:90:db:e8:90,-52,11,1,6,0,0,1,0,0,0,1,-95,0,4,0,1502464355,0,100,0,128,1,"[100,-64,5,0,4,-20,3,-20,2,-20,1,-19,0,-19,0,-19,-1,-19,-2,-18,-3,-18,-3,-19,-4,-19,-5,-19,-5,-19,-5,-20,-5,-20,-5,-20,-5,-19,-4,-20,-4,-20,-4,-20,-3,-20,-2,-20,-1,-21,0,-21,1,-20,0,-5,0,0,0,0,0,0,0,0,0,0,0,0,0,0,0,0,0,0,0,-5,3,-19,3,-19,4,-19,5,-19,6,-19,6,-20,7,-20,8,-20,8,-21,9,-21,9,-21,9,-21,9,-21,9,-21,9,-21,8,-21,8,-21,8,-21,8,-21,7,-21,7,-21,7,-21,6,-21,6,-21,5,-21,5,-21]"
CSI_DATA,99016,d8:b1:90:db:e8:90,-51,11,1,3,0,0,1,0,1,0,0,-95,0,4,0,1502484590,0,100,0,128,1,"[100,-64,5,0,-2,17,-3,18,-4,19,-4,20,-4,22,-3,23,-1,25,2,26,4,26,6,26,8,26,10,25,12,24,13,23,13,22,12,21,11,20,10,19,8,18,6,17,3,16,1,15,-1,14,-4,13,-6,12,-2,3,0,0,0,0,0,0,0,0,0,0,0,0,0,0,0,0,0,0,6,-2,25,-6,26,-5,27,-4,28,-4,27,-4,26,-4,24,-5,22,-4,19,-4,16,-2,13,0,10,2,7,5,5,8,4,10,3,13,3,15,4,17,5,18,6,19,7,19,7,19,7,18,6,17,5,17,4,16]"
CSI_DATA,99017,d8:b1:90:db:e8:90,-51,11,1,6,0,0,1,0,0,0,1,-95,0,4,0,1502494644,0,100,0,128,1,"[100,-64,5,0,-20,-16,-20,-16,-20,-15,-20,-13,-20,-12,-20,-11,-20,-10,-20,-9,-21,-8,-21,-7,-22,-7,-22,-7,-22,-6,-23,-6,-23,-6,-23,-7,-24,-7,-24,-7,-23,-8,-23,-8,-23,-9,-22,-9,-22,-10,-22,-12,-21,-13,-6,-4,0,0,0,0,0,0,0,0,0,0,0,0,0,0,0,0,0,0,-5,-4,-19,-14,-19,-15,-18,-17,-17,-18,-17,-18,-17,-19,-17,-19,-17,-20,-17,-21,-17,-21,-17,-21,-16,-22,-16,-22,-16,-22,-17,-22,-17,-21,-17,-21,-18,-21,-18,-20,-19,-19,-19,-19,-19,-19,-19,-19,-19,-19,-19,-18,-19,-18]"
CSI_DATA,99018,d8:b1:90:db:e8:90,-51,11,1,6,0,0,1,0,0,0,1,-95,0,4,0,1502506423,0,100,0,128,1,"[100,-64,5,0,5,23,6,22,6,21,7,20,8,20,9,19,9,18,10,18,10,18,11,17,12,17,12,17,13,17,13,17,13,18,13,18,13,18,12,18,12,18,11,19,11,19,10,19,9,20,8,22,7,22,1,5,0,0,0,0,0,0,0,0,0,0,0,0,0,0,0,0,0,0,1,5,7,21,5,21,4,22,3,22,3,23,2,23,2,23,2,24,1,24,1,25,1,25,1,25,1,25,1,25,1,25,1,25,1,25,2,25,2,25,2,25,3,24,3,24,4,24,4,24,5,24,5,24]"
CSI_DATA,99019,d8:b1:90:db:e8:90,-51,11,1,6,0,0,1,0,0,0,1,-95,0,4,0,1502531055,0,100,0,128,1,"[100,-64,5,0,-17,-18,-17,-17,-17,-16,-18,-15,-18,-14,-18,-13,-18,-12,-18,-11,-19,-11,-19,-10,-20,-9,-20,-9,-20,-9,-21,-9,-21,-9,-21,-9,-21,-9,-21,-9,-21,-10,-21,-10,-20,-11,-20,-12,-19,-13,-19,-15,-18,-16,-5,-4,0,0,0,0,0,0,0,0,0,0,0,0,0,0,0,0,0,0,-4,-4,-16,-16,-15,-17,-14,-19,-14,-19,-14,-20,-14,-20,-14,-20,-14,-21,-14,-22,-14,-22,-14,-23,-14,-23,-14,-23,-13,-23,-14,-23,-14,-22,-14,-22,-14,-22,-15,-22,-15,-21,-15,-21,-16,-21,-16,-20,-17,-20,-17,-20,-17,-19]"
CSI_DATA,99020,d8:b1:90:db:e8:90,-51,11,1,6,0,0,1,0,0,0,1,-95,0,4,0,1502545882,0,100,0,128,1,"[100,-64,5,0,-24,-9,-24,-8,-23,-7,-23,-6,-22,-6,-22,-5,-22,-4,-22,-3,-23,-2,-23,-1,-23,0,-23,0,-23,1,-23,1,-24,1,-24,1,-24,1,-24,0,-24,0,-24,-1,-25,-2,-25,-2,-25,-3,-24,-5,-24,-6,-6,-2,0,0,0,0,0,0,0,0,0,0,0,0,0,0,0,0,0,0,-6,-2,-22,-8,-22,-10,-21,-11,-21,-12,-21,-13,-21,-13,-22,-14,-22,-14,-22,-14,-22,-15,-22,-16,-22,-16,-22,-17,-22,-17,-22,-16,-22,-16,-22,-15,-23,-15,-23,-14,-23,-14,-23,-13,-24,-12,-24,-12,-24,-11,-24,-11,-24,-10]"
CSI_DATA,99021,d8:b1:90:db:e8:90,-52,11,1,6,0,0,1,0,0,0,1,-95,0,4,0,1502562962,0,100,0,128,1,"[100,-64,5,0,2,20,3,19,3,18,4,18,4,17,5,16,6,16,6,15,7,15,8,15,8,15,9,15,9,15,9,15,10,15,10,16,10,16,9,16,9,16,8,17,7,17,7,17,6,17,4,18,3,19,0,4,0,0,0,0,0,0,0,0,0,0,0,0,0,0,0,0,0,0,1,4,4,17,3,17,2,18,1,19,1,19,0,20,0,20,-1,20,-1,21,-2,21,-2,21,-2,21,-2,21,-2,21,-3,21,-3,21,-2,21,-2,21,-2,21,-1,21,-1,21,0,21,0,21,0,20,1,21,2,21]"
CSI_DATA,99022,d8:b1:90:db:e8:90,-51,11,1,6,0,0,1,0,0,0,1,-95,0,4,0,1502575385,0,100,0,128,1,"[100,-64,5,0,23,-7,22,-7,21,-7,21,-8,20,-9,20,-9,19,-10,18,-10,18,-11,18,-11,18,-12,18,-12,18,-13,18,-13,18,-13,18,-13,19,-13,19,-13,19,-12,20,-12,20,-12,20,-11,21,-9,21,-7,22,-6,5,-2,0,0,0,0,0,0,0,0,0,0,0,0,0,0,0,0,0,0,5,-2,20,-6,21,-5,21,-4,22,-3,23,-2,23,-2,24,-1,24,-1,25,-1,25,0,25,0,25,1,25,1,25,1,25,0,25,0,25,-1,25,-1,25,-2,25,-2,25,-3,25,-4,25,-4,24,-4,24,-4,25,-5]"
CSI_DATA,99023,d8:b1:90:db:e8:90,-52,11,1,6,0,0,1,0,0,0,1,-95,0,4,0,1502588050,0,100,0,128,1,"[100,-64,5,0,-11,22,-10,22,-9,22,-9,22,-7,22,-6,22,-6,22,-5,21,-4,21,-3,21,-3,22,-2,22,-2,23,-2,24,-2,24,-2,24,-2,24,-3,24,-3,24,-4,24,-4,24,-5,24,-7,23,-8,23,-10,22,-3,5,0,0,0,0,0,0,0,0,0,0,0,0,0,0,0,0,0,0,-3,5,-11,20,-12,20,-13,20,-14,19,-15,19,-16,19,-16,19,-17,19,-18,20,-18,20,-19,20,-19,20,-19,20,-19,20,-18,20,-18,20,-18,20,-18,21,-17,21,-16,22,-16,22,-15,22,-15,22,-14,22,-14,23,-13,22]"
CSI_DATA,99024,d8:b1:90:db:e8:90,-52,11,1,6,0,0,1,0,0,0,1,-95,0,4,0,1502599694,0,100,0,128,1,"[100,-64,5,0,9,-25,9,-24,8,-24,7,-24,6,-23,5,-23,4,-23,3,-23,3,-23,2,-23,1,-24,1,-24,1,-24,1,-25,1,-25,1,-25,2,-25,2,-25,3,-25,3,-25,4,-25,5,-24,6,-24,7,-24,8,-24,2,-6,0,0,0,0,0,0,0,0,0,0,0,0,0,0,0,0,0,0,1,-6,7,-23,8,-23,10,-22,11,-22,11,-22,13,-22,13,-22,14,-22,14,-22,15,-22,16,-23,17,-23,17,-23,16,-22,16,-22,15,-22,15,-22,15,-23,15,-23,14,-23,13,-24,13,-24,13,-24,12,-25,12,-25,11,-25]"
CSI_DATA,99025,d8:b1:90:db:e8:90,-52,11,1,6,0,0,1,0,0,0,1,-95,0,4,0,1502610699,0,100,0,128,1,"[100,-64,5,0,-18,20,-17,20,-16,20,-14,20,-13,20,-13,20,-12,20,-11,20,-11,20,-10,20,-10,21,-10,21,-9,22,-9,22,-9,22,-9,22,-10,22,-10,22,-11,22,-11,22,-12,21,-13,21,-14,20,-15,20,-16,19,-5,4,0,0,0,0,0,0,0,0,0,0,0,0,0,0,0,0,0,0,-4,4,-13,19,-14,18,-16,17,-17,17,-17,16,-18,17,-19,16,-19,16,-20,16,-21,16,-22,16,-23,16,-23,16,-22,16,-22,16,-22,16,-22,16,-21,16,-21,17,-20,17,-20,18,-20,18,-19,19,-19,19,-19,19,-19,20]"
CSI_DATA,99026,d8:b1:90:db:e8:90,-52,11,1,6,0,0,1,0,0,0,1,-95,0,4,0,1502635684,0,100,0,128,1,"[100,-64,5,0,26,1,25,1,25,0,24,0,23,-1,23,-2,22,-3,22,-4,21,-4,21,-5,22,-5,22,-6,22,-7,22,-7,23,-7,24,-6,24,-6,24,-6,24,-5,24,-5,24,-4,24,-3,24,-2,24,-1,24,1,6,0,0,0,0,0,0,0,0,0,0,0,0,0,0,0,0,0,0,0,4,-1,19,-2,20,0,22,3,23,4,23,5,24,6,24,6,25,7,25,7,25,8,25,8,25,9,25,9,25,9,25,9,25,9,25,8,26,8,26,7,26,7,26,6,26,5,26,5,26,5,26,4,26,4]"
CSI_DATA,99027,d8:b1:90:db:e8:90,-53,11,1,6,0,0,1,0,0,0,1,-95,0,4,0,1502650229,0,100,0,128,1,"[100,-64,5,0,-10,24,-9,24,-8,23,-8,23,-7,23,-6,23,-5,22,-5,22,-4,22,-3,22,-3,22,-3,23,-2,23,-2,24,-2,24,-3,24,-3,24,-4,24,-4,24,-4,24,-5,24,-6,23,-7,23,-9,23,-10,23,-3,5,0,0,0,0,0,0,0,0,0,0,0,0,0,0,0,0,0,0,-3,5,-9,21,-10,21,-11,21,-12,20,-12,20,-13,21,-13,21,-13,21,-14,22,-15,22,-15,22,-16,22,-16,23,-16,23,-16,23,-15,23,-15,23,-14,23,-13,23,-13,23,-12,24,-12,24,-12,24,-12,25,-11,25,-11,25]"
CSI_DATA,99028,d8:b1:90:db:e8:90,-53,11,1,6,0,0,1,0,0,0,1,-95,0,4,0,1502666392,0,100,0,128,1,"[100,-64,5,0,-26,-6,-25,-5,-25,-5,-24,-4,-24,-4,-24,-3,-24,-2,-23,-1,-23,-1,-23,0,-23,0,-24,0,-24,1,-24,1,-24,1,-24,1,-24,1,-24,0,-24,0,-24,-1,-24,-2,-24,-2,-24,-3,-24,-5,-24,-6,-6,-2,0,0,0,0,0,0,0,0,0,0,0,0,0,0,0,0,0,0,-6,-1,-22,-3,-22,-5,-22,-6,-22,-7,-22,-7,-23,-8,-23,-7,-24,-8,-24,-9,-24,-9,-25,-10,-25,-10,-25,-10,-25,-10,-25,-10,-25,-10,-25,-9,-25,-9,-25,-8,-26,-8,-26,-7,-26,-7,-27,-7,-27,-7,-27,-6,-26,-6]"
CSI_DATA,99029,d8:b1:90:db:e8:90,-53,11,1,6,0,0,1,0,0,0,1,-95,0,4,0,1502676488,0,100,0,128,1,"[100,-64,5,0,1,-25,1,-24,1,-23,0,-23,-1,-22,-1,-22,-2,-21,-2,-22,-3,-22,-4,-22,-4,-22,-5,-22,-5,-22,-5,-23,-5,-22,-4,-22,-4,-22,-4,-22,-3,-22,-2,-22,-2,-22,-1,-22,0,-23,1,-23,2,-23,0,-6,0,0,0,0,0,0,0,0,0,0,0,0,0,0,0,0,0,0,0,-6,0,-21,1,-21,2,-22,3,-22,4,-22,4,-22,5,-22,6,-23,6,-23,6,-24,7,-24,7,-24,7,-24,7,-24,7,-24,7,-25,7,-25,6,-25,5,-24,4,-24,4,-25,3,-25,3,-25,2,-25,2,-25,2,-25]"
CSI_DATA,99030,d8:b1:90:db:e8:90,-53,11,1,6,0,0,1,0,0,0,1,-95,0,4,0,1502687998,0,100,0,128,1,"[100,-64,5,0,19,16,19,15,19,14,19,14,19,13,19,12,19,11,19,10,19,10,19,9,20,9,21,9,21,8,21,9,21,9,21,9,21,10,21,10,21,10,20,11,20,11,20,12,19,13,19,14,18,16,4,4,0,0,0,0,0,0,0,0,0,0,0,0,0,0,0,0,0,0,4,2,18,12,17,13,16,14,16,15,16,15,16,16,16,17,16,17,17,18,17,19,18,19,18,19,18,19,18,19,18,18,18,18,18,18,18,18,18,19,19,18,19,18,20,18,20,17,20,17,21,17,21,17]"
CSI_DATA,99031,d8:b1:90:db:e8:90,-53,11,1,6,0,0,1,0,0,0,1,-95,0,4,0,1502698255,0,100,0,128,1,"[100,-64,5,0,14,20,14,20,14,19,15,18,15,17,15,16,15,16,15,15,15,15,16,14,17,14,17,14,18,14,18,14,18,14,18,15,17,15,17,16,17,16,17,17,16,17,16,17,15,18,14,20,14,21,3,5,0,0,0,0,0,0,0,0,0,0,0,0,0,0,0,0,0,0,3,4,14,17,13,17,12,18,12,19,12,20,12,21,12,21,12,22,12,23,12,23,13,23,13,23,13,24,13,24,13,23,13,23,13,23,13,23,13,23,14,23,14,23,15,23,15,22,15,22,15,22,15,22]"
CSI_DATA,99032,d8:b1:90:db:e8:90,-53,11,1,6,0,0,1,0,0,0,1,-95,0,4,0,1502709873,0,100,0,128,1,"[100,-64,5,0,24,-2,24,-2,23,-3,23,-3,22,-4,22,-4,21,-5,21,-5,20,-6,20,-7,20,-7,20,-7,21,-7,21,-8,21,-8,22,-8,22,-7,22,-7,22,-7,22,-7,22,-6,23,-5,23,-4,23,-3,23,-2,6,-1,0,0,0,0,0,0,0,0,0,0,0,0,0,0,0,0,0,0,5,-1,20,-4,20,-3,20,-2,21,-1,21,0,22,0,22,0,23,1,23,1,24,2,24,2,24,2,25,2,25,2,25,2,24,2,24,1,25,1,25,1,25,1,25,0,25,0,26,0,26,-1,26,-1,26,-1]"
CSI_DATA,99033,d8:b1:90:db:e8:90,-53,11,1,6,0,0,1,0,0,0,1,-95,0,4,0,1502729390,0,100,0,128,1,"[100,-64,5,0,-17,-19,-17,-18,-17,-18,-17,-17,-17,-17,-17,-16,-17,-15,-18,-14,-18,-13,-19,-13,-19,-13,-20,-13,-20,-13,-20,-13,-20,-13,-20,-13,-20,-14,-20,-14,-20,-14,-20,-14,-19,-15,-19,-15,-18,-16,-18,-17,-17,-18,-4,-5,0,0,0,0,0,0,0,0,0,0,0,0,0,0,0,0,0,0,-4,-4,-15,-15,-14,-15,-14,-17,-13,-17,-13,-18,-13,-19,-13,-19,-13,-20,-13,-20,-13,-21,-13,-22,-13,-22,-13,-22,-13,-22,-13,-22,-14,-21,-14,-21,-15,-21,-15,-21,-15,-21,-15,-21,-16,-21,-17,-21,-17,-21,-17,-21,-17,-20]"
CSI_DATA,99034,d8:b1:90:db:e8:90,-54,11,1,6,0,0,1,0,0,0,1,-95,0,4,0,1502743036,0,100,0,128,1,"[100,-64,5,0,17,-17,16,-17,15,-17,14,-17,14,-18,13,-18,12,-18,12,-19,12,-19,11,-19,11,-19,11,-19,11,-20,11,-20,12,-21,12,-21,13,-20,13,-20,13,-20,13,-20,14,-19,14,-18,16,-17,17,-17,18,-16,4,-4,0,0,0,0,0,0,0,0,0,0,0,0,0,0,0,0,0,0,3,-4,16,-12,16,-12,17,-11,17,-11,18,-10,19,-11,19,-11,20,-12,20,-12,20,-11,21,-11,21,-11,21,-11,21,-12,21,-12,21,-12,21,-13,21,-13,20,-14,19,-15,19,-15,19,-15,19,-15,19,-15,19,-16,19,-17]"
CSI_DATA,99035,d8:b1:90:db:e8:90,-53,11,1,6,0,0,1,0,0,0,1,-95,0,4,0,1502755258,0,100,0,128,1,"[100,-64,5,0,13,-20,13,-19,12,-19,11,-19,11,-19,10,-19,10,-19,9,-20,9,-21,8,-21,8,-21,8,-21,8,-22,8,-22,8,-22,9,-23,10,-23,10,-22,10,-22,11,-22,11,-21,12,-21,13,-20,15,-19,16,-19,4,-5,0,0,0,0,0,0,0,0,0,0,0,0,0,0,0,0,0,0,3,-4,13,-15,14,-14,15,-14,15,-13,16,-13,17,-13,17,-14,18,-14,18,-14,19,-14,18,-15,19,-15,19,-15,19,-15,19,-15,18,-16,18,-16,18,-17,17,-17,17,-17,16,-18,16,-18,16,-18,15,-18,15,-19,15,-19]"
CSI_DATA,99036,d8:b1:90:db:e8:90,-53,11,1,6,0,0,1,0,0,0,1,-95,0,4,0,1502772054,0,100,0,128,1,"[100,-64,5,0,15,-19,15,-19,14,-19,14,-19,13,-19,12,-19,12,-20,11,-20,11,-21,10,-21,10,-21,10,-22,11,-22,11,-22,11,-23,11,-23,11,-22,12,-22,12,-22,13,-22,14,-21,14,-20,15,-19,16,-18,17,-18,4,-5,0,0,0,0,0,0,0,0,0,0,0,0,0,0,0,0,0,0,3,-4,12,-15,13,-15,14,-15,15,-15,15,-15,16,-15,17,-15,17,-15,18,-15,18,-15,18,-14,18,-14,18,-14,19,-14,19,-15,19,-15,19,-16,19,-16,18,-16,18,-16,18,-17,17,-17,17,-18,17,-18,17,-19,17,-19]"
CSI_DATA,99037,d8:b1:90:db:e8:90,-53,11,1,6,0,0,1,0,0,0,1,-95,0,4,0,1502784285,0,100,0,128,1,"[100,-64,5,0,23,3,22,2,22,2,22,1,22,0,22,-1,22,-1,22,-2,22,-2,22,-3,22,-3,23,-3,24,-4,24,-3,24,-3,24,-3,24,-3,24,-3,25,-2,25,-1,25,-1,25,0,25,2,25,4,25,5,6,1,0,0,0,0,0,0,0,0,0,0,0,0,0,0,0,0,0,0,4,0,19,2,19,3,19,4,19,5,20,6,20,6,20,6,20,7,21,8,21,8,22,8,22,8,22,9,22,9,22,9,22,8,22,8,22,8,22,7,22,6,22,6,23,6,23,5,23,5,23,4,23,4]"
CSI_DATA,99038,d8:b1:90:db:e8:90,-53,11,1,6,0,0,1,0,0,0,1,-95,0,4,0,1502798050,0,100,0,128,1,"[100,-64,5,0,20,12,20,12,20,11,21,10,21,9,21,8,22,7,22,7,22,6,22,6,23,6,23,6,24,6,24,6,24,7,25,7,25,8,25,8,25,8,25,9,24,9,24,10,24,11,23,13,22,14,5,3,0,0,0,0,0,0,0,0,0,0,0,0,0,0,0,0,0,0,4,2,17,10,16,11,16,12,16,13,16,14,16,14,16,15,16,15,16,16,17,17,17,17,17,18,17,18,17,18,17,18,17,18,18,17,18,17,18,16,19,16,19,15,19,15,19,14,19,14,20,14,20,14]"
CSI_DATA,99039,d8:b1:90:db:e8:90,-53,11,1,6,0,0,1,0,0,0,1,-95,0,4,0,1502809836,0,100,0,128,1,"[100,-64,5,0,15,-20,14,-20,14,-20,13,-20,12,-21,12,-21,11,-22,10,-22,10,-23,9,-23,9,-24,9,-24,9,-24,9,-25,9,-25,10,-26,11,-26,11,-25,12,-25,12,-25,13,-25,13,-24,14,-24,15,-23,16,-22,4,-6,0,0,0,0,0,0,0,0,0,0,0,0,0,0,0,0,0,0,3,-4,14,-15,15,-14,16,-14,16,-14,17,-14,18,-14,19,-14,19,-14,20,-14,20,-14,21,-14,21,-14,21,-15,21,-15,21,-15,21,-15,21,-16,20,-16,19,-17,19,-17,18,-18,18,-18,17,-18,17,-18,17,-19,17,-19]"
CSI_DATA,99040,d8:b1:90:db:e8:90,-52,11,1,6,0,0,1,0,0,0,1,-95,0,4,0,1502838886,0,100,0,128,1,"[100,-64,5,0,-24,-12,-24,-11,-23,-10,-23,-9,-24,-8,-24,-7,-24,-6,-24,-6,-24,-5,-25,-4,-26,-4,-27,-3,-28,-3,-28,-3,-28,-4,-28,-4,-28,-4,-28,-5,-28,-5,-28,-6,-28,-7,-28,-7,-27,-8,-27,-10,-26,-12,-7,-3,0,0,0,0,0,0,0,0,0,0,0,0,0,0,0,0,0,0,-5,-3,-20,-9,-20,-10,-20,-12,-20,-13,-20,-13,-20,-14,-20,-15,-20,-16,-20,-17,-21,-17,-21,-17,-21,-18,-21,-18,-21,-18,-21,-18,-21,-17,-21,-16,-21,-16,-21,-16,-22,-15,-22,-15,-22,-15,-23,-14,-23,-13,-23,-13,-24,-13]"
CSI_DATA,99041,d8:b1:90:db:e8:90,-51,11,1,6,0,0,1,0,0,0,1,-95,0,4,0,1502850649,0,100,0,128,1,"[100,-64,5,0,5,-24,4,-24,4,-23,3,-23,2,-23,1,-23,0,-23,0,-23,-1,-24,-2,-24,-2,-24,-3,-24,-3,-24,-3,-25,-3,-25,-3,-26,-2,-26,-2,-26,-1,-26,-1,-26,0,-25,1,-25,2,-25,3,-25,4,-24,1,-6,0,0,0,0,0,0,0,0,0,0,0,0,0,0,0,0,0,0,0,-5,3,-19,4,-19,5,-20,6,-20,6,-20,7,-20,8,-21,8,-21,9,-22,9,-22,10,-22,11,-22,11,-22,10,-22,10,-22,10,-22,10,-22,9,-22,9,-23,9,-23,8,-23,8,-24,7,-24,7,-24,6,-24,6,-24]"
CSI_DATA,99042,d8:b1:90:db:e8:90,-51,11,1,6,0,0,1,0,0,0,1,-95,0,4,0,1502868309,0,100,0,128,1,"[100,-64,5,0,25,-3,24,-3,24,-4,23,-4,23,-5,23,-6,22,-7,22,-8,22,-9,22,-9,22,-10,22,-10,22,-10,23,-10,23,-10,24,-10,24,-10,24,-9,24,-9,24,-8,25,-7,25,-6,25,-5,25,-4,25,-2,6,-1,0,0,0,0,0,0,0,0,0,0,0,0,0,0,0,0,0,0,5,-1,20,-4,20,-3,21,-2,21,-1,22,0,22,0,23,1,24,1,24,2,25,2,25,2,25,2,25,3,25,3,25,3,25,2,25,2,25,2,25,2,25,1,25,1,25,0,25,-1,25,-1,25,-2,26,-2]"
CSI_DATA,99043,d8:b1:90:db:e8:90,-51,11,1,6,0,0,1,0,0,0,1,-95,0,4,0,1502881310,0,100,0,128,1,"[100,-64,5,0,8,19,9,18,9,18,10,17,10,16,11,16,11,15,11,15,12,15,12,14,13,14,13,14,13,14,14,14,14,14,14,15,14,15,14,15,13,16,13,16,13,17,12,17,11,17,10,18,9,18,2,4,0,0,0,0,0,0,0,0,0,0,0,0,0,0,0,0,0,0,1,3,7,15,6,15,6,16,5,17,5,17,4,18,4,18,4,19,4,19,4,20,4,20,4,21,4,21,4,21,4,21,4,20,5,20,5,20,5,20,5,20,6,20,6,20,7,20,7,20,8,20,8,20]"
CSI_DATA,99044,d8:b1:90:db:e8:90,-51,11,1,6,0,0,1,0,0,0,1,-95,0,4,0,1502894839,0,100,0,128,1,"[100,-64,5,0,-7,-22,-7,-21,-7,-21,-7,-21,-8,-20,-9,-20,-9,-19,-9,-19,-9,-18,-10,-18,-11,-18,-11,-18,-11,-19,-11,-19,-12,-19,-11,-19,-11,-19,-11,-20,-10,-20,-10,-20,-10,-20,-9,-20,-8,-21,-6,-21,-5,-22,-1,-6,0,0,0,0,0,0,0,0,0,0,0,0,0,0,0,0,0,0,-2,-5,-5,-18,-4,-18,-3,-19,-3,-19,-2,-20,-2,-20,-2,-21,-1,-22,-1,-22,-1,-22,-1,-22,-1,-22,-1,-22,-1,-23,-1,-23,-1,-23,-2,-23,-2,-23,-3,-22,-4,-22,-4,-22,-5,-23,-5,-23,-6,-23,-6,-23,-6,-23]"
CSI_DATA,99045,d8:b1:90:db:e8:90,-51,11,1,6,0,0,1,0,0,0,1,-95,0,4,0,1502906795,0,100,0,128,1,"[100,-64,5,0,-22,6,-22,6,-21,6,-20,6,-20,7,-19,7,-19,8,-19,9,-18,10,-18,10,-18,11,-18,11,-18,12,-18,12,-18,12,-19,12,-19,12,-19,11,-19,10,-19,10,-20,9,-20,9,-20,8,-20,7,-21,6,-6,1,0,0,0,0,0,0,0,0,0,0,0,0,0,0,0,0,0,0,-5,1,-18,5,-18,5,-18,4,-19,3,-19,3,-20,2,-21,2,-22,2,-22,2,-22,2,-22,1,-22,1,-23,1,-23,1,-23,1,-24,2,-24,2,-23,2,-23,2,-23,2,-24,3,-24,3,-23,4,-23,4,-24,5,-24,5]"
CSI_DATA,99046,d8:b1:90:db:e8:90,-51,11,1,6,0,0,1,0,0,0,1,-95,0,4,0,1502939243,0,100,0,128,1,"[100,-64,5,0,-22,-10,-22,-9,-22,-8,-21,-7,-21,-6,-21,-6,-21,-5,-21,-4,-21,-3,-21,-2,-21,-2,-22,-1,-22,-1,-22,-1,-22,-1,-22,-1,-23,-1,-23,-1,-22,-2,-22,-3,-22,-3,-22,-4,-22,-4,-21,-6,-21,-7,-6,-2,0,0,0,0,0,0,0,0,0,0,0,0,0,0,0,0,0,0,-5,-2,-18,-6,-18,-8,-18,-9,-18,-10,-18,-10,-19,-11,-19,-11,-20,-12,-20,-12,-20,-13,-20,-14,-20,-14,-20,-15,-20,-15,-19,-15,-19,-15,-20,-14,-20,-14,-21,-14,-21,-14,-22,-13,-22,-13,-22,-12,-22,-12,-23,-11,-23,-11]"
CSI_DATA,99047,d8:b1:90:db:e8:90,-51,11,1,6,0,0,1,0,0,0,1,-95,0,4,0,1502950123,0,100,0,128,1,"[100,-64,5,0,8,21,8,20,9,19,9,19,10,18,10,17,11,17,11,16,12,16,12,15,13,15,13,14,13,14,14,14,14,15,14,15,14,15,14,15,13,16,12,16,12,16,11,16,11,17,10,17,9,18,2,4,0,0,0,0,0,0,0,0,0,0,0,0,0,0,0,0,0,0,2,3,9,15,8,16,7,17,6,18,6,18,6,19,5,20,5,20,5,21,5,21,4,22,4,22,3,22,3,22,3,22,3,22,4,22,4,22,5,23,5,23,6,23,6,23,7,22,7,22,7,22,7,22]"
CSI_DATA,99048,d8:b1:90:db:e8:90,-51,11,1,6,0,0,1,0,0,0,1,-95,0,4,0,1502970481,0,100,0,128,1,"[100,-64,5,0,-24,-3,-23,-2,-23,-2,-22,-1,-22,0,-22,0,-22,1,-21,2,-21,2,-21,3,-21,3,-21,4,-21,4,-21,4,-21,4,-21,4,-21,4,-21,4,-21,3,-21,3,-21,2,-21,2,-21,1,-21,-1,-21,-2,-5,-1,0,0,0,0,0,0,0,0,0,0,0,0,0,0,0,0,0,0,-5,0,-19,-1,-19,-2,-20,-3,-20,-4,-20,-4,-21,-5,-21,-5,-22,-5,-22,-6,-22,-6,-23,-7,-22,-7,-22,-7,-22,-7,-22,-7,-23,-7,-23,-6,-23,-6,-23,-6,-24,-6,-24,-5,-24,-5,-24,-5,-24,-4,-24,-4,-24,-3]"
CSI_DATA,99049,d8:b1:90:db:e8:90,-52,11,1,6,0,0,1,0,0,0,1,-95,0,4,0,1502983082,0,100,0,128,1,"[100,-64,5,0,-15,16,-14,16,-13,16,-13,15,-12,16,-12,16,-11,16,-10,16,-9,16,-9,17,-8,17,-8,17,-8,17,-8,17,-8,17,-8,17,-9,18,-9,17,-9,17,-10,17,-10,16,-10,15,-11,15,-12,14,-13,13,-4,3,0,0,0,0,0,0,0,0,0,0,0,0,0,0,0,0,0,0,-3,3,-11,14,-12,14,-12,13,-13,13,-14,13,-15,13,-15,13,-16,13,-16,14,-17,13,-17,13,-18,13,-18,13,-18,13,-17,13,-17,13,-17,13,-17,14,-17,14,-17,14,-17,15,-17,15,-16,15,-16,16,-16,16,-16,16]"
CSI_DATA,99050,d8:b1:90:db:e8:90,-51,11,1,6,0,0,1,0,0,0,1,-95,0,4,0,1502993865,0,100,0,128,1,"[100,-64,5,0,-14,-23,-14,-22,-14,-21,-14,-20,-15,-19,-15,-19,-15,-18,-16,-17,-17,-17,-17,-16,-18,-16,-18,-15,-18,-15,-19,-15,-19,-15,-19,-15,-18,-16,-18,-16,-17,-16,-17,-16,-17,-16,-16,-17,-16,-17,-15,-18,-14,-19,-4,-5,0,0,0,0,0,0,0,0,0,0,0,0,0,0,0,0,0,0,-4,-5,-14,-17,-13,-18,-12,-19,-12,-20,-11,-20,-11,-21,-11,-22,-11,-23,-11,-24,-10,-25,-10,-25,-10,-25,-10,-25,-10,-26,-10,-25,-10,-25,-10,-25,-11,-25,-11,-25,-12,-25,-12,-25,-13,-25,-13,-25,-14,-24,-14,-24,-14,-24]"
CSI_DATA,99051,d8:b1:90:db:e8:90,-51,11,1,6,0,0,1,0,0,0,1,-95,0,4,0,1503006541,0,100,0,128,1,"[100,-64,5,0,5,26,5,25,6,25,7,24,7,23,8,22,9,22,9,22,9,21,10,21,10,20,11,20,11,20,12,21,12,21,12,21,12,21,12,21,11,21,11,21,10,21,9,22,8,22,7,23,6,23,1,5,0,0,0,0,0,0,0,0,0,0,0,0,0,0,0,0,0,0,1,5,6,21,5,22,4,22,3,23,2,23,2,24,1,25,0,25,-1,26,-1,27,-2,27,-2,28,-2,28,-2,28,-2,28,-1,28,-1,28,0,28,1,28,1,28,2,28,3,28,3,28,3,28,4,28,4,28]"
CSI_DATA,99052,d8:b1:90:db:e8:90,-51,11,1,6,0,0,1,0,0,0,1,-95,0,4,0,1503018119,0,100,0,128,1,"[100,-64,5,0,21,13,20,12,20,11,20,11,20,10,20,9,20,8,20,8,20,7,20,6,21,6,21,5,21,5,22,5,22,5,22,5,22,5,22,6,22,6,21,7,21,7,21,8,20,8,20,10,20,11,5,3,0,0,0,0,0,0,0,0,0,0,0,0,0,0,0,0,0,0,4,2,18,9,18,10,17,11,17,12,17,13,17,14,17,15,17,16,17,16,17,17,18,18,18,18,18,19,18,19,18,19,18,18,18,18,19,18,19,17,19,17,20,16,20,16,21,15,21,15,21,15,21,15]"
CSI_DATA,99053,d8:b1:90:db:e8:90,-52,11,1,6,0,0,1,0,0,0,1,-95,0,4,0,1503042034,0,100,0,128,1,"[100,-64,5,0,-15,-21,-15,-21,-15,-20,-16,-19,-16,-18,-17,-17,-17,-16,-17,-15,-17,-14,-18,-13,-18,-13,-19,-13,-20,-13,-20,-13,-20,-13,-20,-13,-20,-13,-20,-13,-20,-14,-19,-14,-19,-14,-19,-15,-18,-15,-17,-17,-16,-17,-4,-5,0,0,0,0,0,0,0,0,0,0,0,0,0,0,0,0,0,0,-4,-4,-13,-16,-12,-17,-12,-19,-12,-20,-12,-20,-12,-21,-12,-21,-13,-22,-13,-23,-12,-23,-11,-24,-11,-25,-11,-25,-11,-25,-11,-25,-11,-24,-12,-24,-12,-24,-13,-25,-14,-24,-14,-24,-15,-24,-15,-23,-16,-23,-16,-23,-15,-23]"
CSI_DATA,99054,d8:b1:90:db:e8:90,-52,11,1,6,0,0,1,0,0,0,1,-95,0,4,0,1503054965,0,100,0,128,1,"[100,-64,5,0,10,20,10,20,10,19,11,19,11,18,12,17,12,16,12,16,13,15,13,15,13,14,14,14,14,14,14,14,15,15,15,15,15,15,14,15,14,16,14,16,13,16,13,17,12,17,11,18,10,19,2,4,0,0,0,0,0,0,0,0,0,0,0,0,0,0,0,0,0,0,2,3,9,13,9,14,9,16,9,16,9,17,9,18,9,20,9,21,8,21,8,22,8,22,8,23,8,23,8,23,7,23,8,23,8,23,8,23,9,23,9,23,10,23,10,23,10,23,10,23,10,23,10,23]"
CSI_DATA,99055,d8:b1:90:db:e8:90,-52,11,1,7,0,0,1,0,0,0,1,-95,0,4,0,1503076804,0,100,0,128,1,"[100,-64,5,0,-6,24,-5,23,-5,23,-4,22,-2,22,-1,22,-1,21,0,21,0,21,1,21,1,21,2,22,3,22,3,22,3,23,3,22,3,22,3,22,3,22,2,22,2,21,2,21,0,22,-1,23,-2,22,-1,5,0,0,0,0,0,0,0,0,0,0,0,0,0,0,0,0,0,0,-1,4,-2,19,-3,20,-4,20,-5,21,-6,21,-6,21,-7,21,-7,22,-8,22,-9,23,-10,23,-10,23,-10,23,-10,24,-10,24,-10,25,-10,25,-10,24,-10,24,-9,24,-8,24,-8,25,-8,25,-8,25,-8,24,-8,24]"
CSI_DATA,99056,d8:b1:90:db:e8:90,-52,11,1,7,0,0,1,0,0,0,1,-95,0,4,0,1503088694,0,100,0,128,1,"[100,-64,5,0,-24,5,-22,5,-21,5,-20,5,-19,5,-19,6,-19,7,-19,7,-19,8,-18,8,-17,9,-17,9,-17,10,-17,10,-17,11,-18,11,-18,11,-18,10,-19,9,-19,9,-19,8,-19,7,-20,6,-20,5,-20,4,-5,0,0,0,0,0,0,0,0,0,0,0,0,0,0,0,0,0,0,0,-4,1,-15,6,-15,6,-15,6,-16,6,-17,6,-18,5,-19,5,-20,5,-21,5,-23,4,-23,3,-24,3,-23,4,-23,3,-22,2,-23,1,-23,2,-23,2,-23,3,-23,3,-24,4,-24,4,-24,5,-23,5,-23,4,-23,3]"
CSI_DATA,99057,d8:b1:90:db:e8:90,-52,11,1,7,0,0,1,0,0,0,1,-95,0,4,0,1503098890,0,100,0,128,1,"[100,-64,5,0,22,8,22,8,21,7,21,6,21,5,20,4,20,3,21,2,21,2,21,1,21,1,22,0,22,0,22,0,22,0,22,0,22,0,22,0,22,1,22,1,22,1,22,2,22,3,21,5,21,6,5,1,0,0,0,0,0,0,0,0,0,0,0,0,0,0,0,0,0,0,4,0,18,2,19,4,19,5,19,7,19,8,20,8,20,8,20,9,21,10,21,10,22,11,22,11,22,12,22,12,22,12,22,11,22,11,22,11,23,11,23,11,23,10,23,10,23,10,24,10,24,10,23,9]"
CSI_DATA,99058,d8:b1:90:db:e8:90,-53,11,1,7,0,0,1,0,0,0,1,-95,0,4,0,1503111744,0,100,0,128,1,"[100,-64,5,0,7,-25,6,-24,5,-24,4,-24,3,-24,2,-24,1,-24,1,-24,0,-24,-1,-24,-2,-24,-3,-24,-3,-24,-3,-25,-3,-25,-3,-26,-2,-26,-2,-26,-2,-26,-1,-26,0,-26,1,-26,2,-26,3,-26,4,-26,1,-7,0,0,0,0,0,0,0,0,0,0,0,0,0,0,0,0,0,0,0,-6,3,-22,4,-22,6,-22,6,-23,7,-23,9,-23,10,-23,11,-24,12,-24,13,-24,13,-24,14,-24,13,-25,13,-25,14,-26,14,-26,13,-26,13,-26,12,-26,12,-26,12,-26,11,-27,10,-27,10,-26,10,-26,10,-26]"
CSI_DATA,99059,d8:b1:90:db:e8:90,-52,11,1,7,0,0,1,0,0,0,1,-95,0,4,0,1503121867,0,100,0,128,1,"[100,-64,5,0,-15,-20,-15,-19,-15,-18,-16,-17,-16,-16,-16,-15,-16,-14,-17,-13,-17,-13,-18,-12,-18,-12,-19,-12,-19,-12,-19,-12,-20,-12,-20,-13,-20,-13,-19,-13,-19,-14,-19,-14,-19,-15,-18,-15,-18,-16,-16,-16,-16,-17,-4,-5,0,0,0,0,0,0,0,0,0,0,0,0,0,0,0,0,0,0,-4,-4,-14,-15,-13,-16,-12,-17,-12,-18,-11,-19,-11,-19,-11,-21,-11,-21,-11,-22,-11,-23,-11,-23,-11,-24,-11,-24,-11,-24,-11,-24,-11,-23,-12,-23,-12,-23,-12,-23,-13,-23,-13,-23,-13,-22,-13,-21,-14,-21,-14,-21,-14,-21]"
CSI_DATA,99060,d8:b1:90:db:e8:90,-53,11,1,7,0,0,1,0,0,0,1,-95,0,4,0,1503147544,0,100,0,128,1,"[100,-64,5,0,-25,0,-24,1,-24,2,-24,3,-23,4,-23,4,-22,5,-22,6,-22,7,-22,8,-22,8,-22,9,-23,9,-23,10,-23,10,-23,10,-23,9,-23,9,-23,8,-24,7,-25,7,-25,6,-25,5,-25,3,-25,2,-7,0,0,0,0,0,0,0,0,0,0,0,0,0,0,0,0,0,0,0,-5,1,-20,3,-20,2,-21,1,-22,0,-22,-1,-23,-1,-24,-2,-25,-2,-25,-3,-26,-4,-26,-5,-26,-5,-26,-5,-26,-6,-27,-6,-27,-6,-27,-5,-27,-5,-27,-4,-27,-4,-27,-3,-27,-3,-26,-2,-25,-2,-25,-1,-25,-1]"
CSI_DATA,99061,d8:b1:90:db:e8:90,-52,11,1,7,0,0,1,0,0,0,1,-95,0,4,0,1503159414,0,100,0,128,1,"[100,-64,5,0,-3,22,-2,22,-1,22,0,21,1,21,2,21,2,21,3,20,4,20,5,20,5,20,6,21,6,21,7,21,7,22,6,22,6,22,6,22,5,23,5,23,4,23,3,23,3,24,1,24,0,24,-1,6,0,0,0,0,0,0,0,0,0,0,0,0,0,0,0,0,0,0,0,4,-1,19,-2,19,-4,19,-5,20,-5,20,-6,21,-7,21,-8,22,-8,22,-9,23,-9,23,-10,23,-10,23,-10,23,-10,23,-10,23,-9,23,-9,23,-9,24,-8,24,-7,24,-7,24,-6,23,-5,23,-4,23,-4,23]"
CSI_DATA,99062,d8:b1:90:db:e8:90,-52,11,1,7,0,0,1,0,0,0,1,-95,0,4,0,1503175975,0,100,0,128,1,"[100,-64,5,0,-3,-25,-3,-24,-4,-23,-5,-23,-5,-22,-6,-22,-7,-22,-7,-22,-8,-22,-9,-21,-10,-21,-10,-21,-10,-22,-11,-22,-11,-23,-10,-23,-10,-24,-9,-24,-9,-24,-8,-24,-8,-24,-7,-24,-6,-24,-5,-25,-4,-25,-1,-7,0,0,0,0,0,0,0,0,0,0,0,0,0,0,0,0,0,0,-1,-5,-3,-19,-3,-20,-2,-21,-1,-22,0,-22,1,-23,1,-23,2,-24,2,-24,3,-25,3,-25,4,-25,4,-25,4,-25,4,-25,4,-25,4,-25,3,-25,3,-25,2,-25,1,-25,1,-25,0,-25,0,-25,-1,-25,-1,-25]"
CSI_DATA,99063,d8:b1:90:db:e8:90,-52,11,1,7,0,0,1,0,0,0,1,-95,0,4,0,1503186038,0,100,0,128,1,"[100,-64,5,0,10,20,10,19,11,18,12,18,12,17,13,17,14,16,14,15,15,15,15,15,16,15,17,15,17,15,18,15,18,16,17,17,17,17,16,17,16,17,16,18,15,18,14,18,14,19,12,20,11,20,2,5,0,0,0,0,0,0,0,0,0,0,0,0,0,0,0,0,0,0,2,3,8,15,7,16,7,17,6,18,6,19,5,20,5,21,5,21,5,22,5,22,4,23,4,23,4,23,4,23,4,23,4,23,5,22,5,22,6,22,6,22,7,22,7,22,8,22,8,22,9,21,9,21]"
CSI_DATA,99064,d8:b1:90:db:e8:90,-52,11,1,7,0,0,1,0,0,0,1,-95,0,4,0,1503196058,0,100,0,128,1,"[100,-64,5,0,-17,-15,-17,-14,-17,-14,-17,-13,-17,-12,-18,-11,-18,-11,-18,-10,-19,-10,-20,-9,-20,-9,-21,-9,-21,-9,-21,-10,-21,-10,-21,-11,-21,-11,-21,-12,-21,-12,-20,-13,-20,-13,-19,-13,-18,-14,-18,-15,-17,-16,-5,-4,0,0,0,0,0,0,0,0,0,0,0,0,0,0,0,0,0,0,-4,-3,-14,-11,-14,-12,-14,-14,-13,-15,-13,-16,-13,-17,-14,-17,-13,-18,-13,-19,-13,-19,-13,-20,-13,-20,-13,-20,-13,-20,-13,-20,-13,-19,-13,-19,-14,-19,-14,-19,-14,-18,-15,-18,-15,-18,-15,-17,-16,-17,-16,-17,-16,-16]"
CSI_DATA,99065,d8:b1:90:db:e8:90,-53,11,1,7,0,0,1,0,0,0,1,-95,0,4,0,1503207359,0,100,0,128,1,"[100,-64,5,0,20,14,20,13,20,12,20,11,21,11,21,10,21,9,21,8,22,7,22,7,23,6,24,6,25,6,25,6,25,6,26,7,26,7,26,7,25,8,24,9,23,9,22,10,22,11,22,12,22,14,5,3,0,0,0,0,0,0,0,0,0,0,0,0,0,0,0,0,0,0,4,2,17,11,17,12,17,13,16,14,16,15,16,15,16,16,16,17,16,18,16,19,16,19,16,20,16,20,16,20,16,20,16,20,16,19,16,19,17,18,17,18,18,17,18,17,18,17,19,17,19,16,19,16]"
CSI_DATA,99066,d8:b1:90:db:e8:90,-52,11,1,7,0,0,1,0,0,0,1,-95,0,4,0,1503218859,0,100,0,128,1,"[100,-64,5,0,8,21,9,20,9,19,10,19,11,19,11,18,12,18,12,17,13,17,14,17,15,17,15,17,15,18,16,18,16,18,16,19,16,19,15,19,15,20,14,20,14,21,13,21,12,21,11,22,9,23,2,5,0,0,0,0,0,0,0,0,0,0,0,0,0,0,0,0,0,0,2,4,7,17,6,18,5,19,5,19,4,20,4,21,3,22,3,22,2,23,2,23,2,23,2,24,2,24,2,24,2,24,2,24,3,23,3,23,4,23,5,23,5,23,6,22,6,22,7,21,7,21,8,22]"
CSI_DATA,99067,d8:b1:90:db:e8:90,-52,11,1,7,0,0,1,0,0,0,1,-95,0,4,0,1503250591,0,100,0,128,1,"[100,-64,5,0,-9,-21,-9,-20,-9,-19,-10,-19,-11,-18,-11,-18,-12,-17,-13,-17,-14,-17,-15,-17,-16,-17,-16,-17,-16,-17,-16,-17,-17,-18,-17,-18,-16,-19,-16,-19,-15,-19,-15,-19,-14,-19,-13,-19,-13,-20,-12,-21,-10,-22,-3,-6,0,0,0,0,0,0,0,0,0,0,0,0,0,0,0,0,0,0,-2,-5,-5,-18,-5,-18,-4,-19,-3,-20,-3,-20,-2,-20,-1,-21,-1,-21,0,-22,0,-22,0,-23,0,-23,0,-23,0,-23,0,-23,-1,-22,-1,-22,-2,-22,-3,-22,-3,-22,-4,-22,-5,-22,-6,-21,-6,-21,-7,-21,-7,-21]"
CSI_DATA,99068,d8:b1:90:db:e8:90,-52,11,1,7,0,0,1,0,0,0,1,-95,0,4,0,1503261587,0,100,0,128,1,"[100,-64,5,0,23,1,24,0,24,0,23,-2,22,-3,22,-3,21,-4,22,-5,22,-6,22,-6,22,-6,22,-7,23,-6,24,-7,24,-7,25,-7,25,-6,25,-5,25,-5,25,-4,25,-4,26,-3,25,-2,25,0,25,2,6,0,0,0,0,0,0,0,0,0,0,0,0,0,0,0,0,0,0,0,4,0,18,1,18,2,18,3,18,4,19,5,20,6,21,7,22,7,23,8,23,9,23,9,22,9,21,10,21,10,22,9,21,7,21,6,21,6,22,6,22,7,22,6,23,6,23,5,23,4,23,3,22,3]"
CSI_DATA,99069,d8:b1:90:db:e8:90,-52,11,1,7,0,0,1,0,0,0,1,-95,0,4,0,1503276187,0,100,0,128,1,"[100,-64,5,0,-18,-16,-18,-16,-19,-15,-19,-14,-20,-14,-20,-13,-21,-12,-21,-12,-22,-11,-22,-10,-23,-10,-24,-10,-24,-10,-24,-10,-24,-10,-25,-11,-25,-11,-24,-12,-24,-12,-24,-13,-24,-14,-23,-14,-23,-15,-22,-16,-21,-17,-5,-5,0,0,0,0,0,0,0,0,0,0,0,0,0,0,0,0,0,0,-4,-4,-15,-16,-14,-17,-13,-18,-13,-19,-13,-19,-13,-20,-12,-20,-12,-21,-12,-21,-12,-22,-12,-23,-11,-23,-11,-24,-11,-23,-11,-22,-11,-22,-12,-21,-13,-21,-14,-21,-14,-20,-15,-20,-15,-20,-16,-19,-16,-18,-17,-18,-17,-17]"
CSI_DATA,99070,d8:b1:90:db:e8:90,-52,11,1,7,0,0,1,0,0,0,1,-95,0,4,0,1503292205,0,100,0,128,1,"[100,-64,5,0,-22,11,-21,11,-20,12,-19,12,-19,12,-18,13,-17,14,-17,15,-17,15,-17,16,-16,16,-17,17,-17,18,-17,18,-18,18,-18,19,-18,18,-19,18,-19,17,-20,17,-21,16,-21,15,-22,14,-22,13,-23,12,-6,2,0,0,0,0,0,0,0,0,0,0,0,0,0,0,0,0,0,0,-5,1,-20,7,-20,6,-21,5,-21,5,-22,4,-22,4,-23,4,-24,4,-24,3,-24,3,-24,2,-24,2,-24,3,-24,3,-24,3,-24,3,-24,4,-24,4,-23,5,-23,5,-22,6,-22,7,-23,8,-23,8,-22,9,-22,9]"
CSI_DATA,99071,d8:b1:90:db:e8:90,-52,11,1,7,0,0,1,0,0,0,1,-95,0,4,0,1503303763,0,100,0,128,1,"[100,-64,5,0,13,-17,13,-17,12,-17,12,-17,11,-18,11,-18,10,-18,10,-19,9,-19,9,-20,9,-20,9,-20,9,-21,9,-21,10,-21,10,-21,10,-22,11,-21,12,-21,12,-20,13,-20,13,-19,14,-18,15,-18,16,-17,4,-5,0,0,0,0,0,0,0,0,0,0,0,0,0,0,0,0,0,0,3,-4,12,-14,13,-13,14,-13,15,-13,15,-12,16,-12,17,-12,17,-12,17,-12,18,-12,18,-12,18,-12,18,-12,18,-12,18,-12,18,-12,18,-12,17,-13,17,-13,17,-14,16,-14,16,-15,15,-15,15,-15,15,-16,15,-16]"
CSI_DATA,99072,d8:b1:90:db:e8:90,-52,11,1,7,0,0,1,0,0,0,1,-95,0,4,0,1503314468,0,100,0,128,1,"[100,-64,5,0,-12,17,-12,17,-11,18,-10,18,-10,18,-9,18,-8,19,-8,19,-8,19,-7,20,-7,20,-7,21,-7,21,-7,21,-8,22,-8,22,-9,22,-9,22,-10,21,-10,21,-11,20,-12,20,-13,19,-14,18,-15,18,-4,4,0,0,0,0,0,0,0,0,0,0,0,0,0,0,0,0,0,0,-3,3,-12,14,-13,14,-14,13,-14,13,-15,13,-16,13,-16,13,-16,13,-17,13,-17,13,-18,13,-18,13,-18,13,-18,13,-18,13,-18,14,-17,14,-17,14,-16,15,-15,15,-15,16,-14,16,-14,17,-14,17,-13,17,-13,18]"
CSI_DATA,99073,d8:b1:90:db:e8:90,-52,11,1,7,0,0,1,0,0,0,1,-95,0,4,0,1503325343,0,100,0,128,1,"[100,-64,5,0,8,-23,7,-22,7,-22,6,-23,5,-22,4,-22,3,-23,3,-23,2,-24,2,-24,1,-25,1,-25,1,-25,1,-26,2,-26,2,-27,3,-27,3,-27,4,-26,5,-26,6,-25,7,-25,8,-25,9,-24,10,-24,2,-6,0,0,0,0,0,0,0,0,0,0,0,0,0,0,0,0,0,0,2,-5,9,-19,10,-18,11,-18,12,-18,13,-18,13,-18,14,-18,14,-18,15,-18,15,-18,16,-18,16,-18,15,-18,15,-18,15,-19,15,-19,14,-20,14,-20,13,-20,12,-21,11,-21,11,-21,10,-22,10,-22,10,-22,10,-23]"
CSI_DATA,99074,d8:b1:90:db:e8:90,-59,11,1,7,0,0,1,0,0,0,1,-95,0,4,0,1503357052,0,100,0,128,1,"[100,-64,5,0,7,-19,5,-20,3,-19,2,-18,0,-17,-2,-18,-4,-18,-7,-17,-8,-17,-10,-17,-11,-18,-13,-17,-13,-17,-13,-18,-14,-20,-15,-22,-15,-24,-14,-25,-13,-27,-12,-29,-11,-30,-10,-30,-8,-29,-5,-28,-3,-27,-1,-7,0,0,0,0,0,0,0,0,0,0,0,0,0,0,0,0,0,0,1,-5,6,-18,7,-18,7,-18,8,-18,8,-18,9,-18,10,-17,11,-17,11,-17,10,-18,8,-19,7,-19,7,-19,6,-20,6,-21,5,-21,4,-21,2,-21,-2,-22,-4,-22,-6,-22,-4,-20,-1,-16,-1,-13,2,-17,7,-24]"
CSI_DATA,99075,d8:b1:90:db:e8:90,-52,11,1,7,0,0,1,0,0,0,1,-95,0,4,0,1503368601,0,100,0,128,1,"[100,-64,5,0,25,-7,24,-7,23,-8,23,-9,23,-9,22,-10,22,-11,21,-11,21,-12,21,-13,21,-14,21,-14,22,-15,22,-15,23,-15,24,-15,24,-15,24,-14,25,-13,25,-12,25,-10,25,-9,26,-8,26,-7,27,-5,6,-1,0,0,0,0,0,0,0,0,0,0,0,0,0,0,0,0,0,0,5,-1,20,-4,20,-3,20,-2,20,-1,21,-1,22,0,22,0,23,1,23,1,24,2,24,2,24,2,24,2,24,2,24,1,24,1,24,0,24,0,24,-1,24,-2,24,-2,24,-3,24,-3,24,-4,25,-5,25,-6]"
CSI_DATA,99076,d8:b1:90:db:e8:90,-51,11,1,7,0,0,1,0,0,0,1,-95,0,4,0,1503386787,0,100,0,128,1,"[100,-64,5,0,-24,-1,-24,0,-24,1,-23,2,-23,3,-23,4,-23,4,-23,5,-23,6,-23,6,-23,7,-23,8,-24,8,-24,8,-25,8,-25,8,-25,7,-25,7,-25,6,-25,5,-25,5,-25,4,-25,3,-25,2,-25,0,-7,-1,0,0,0,0,0,0,0,0,0,0,0,0,0,0,0,0,0,0,-5,-1,-20,-3,-20,-4,-20,-5,-20,-6,-21,-6,-21,-7,-21,-8,-21,-8,-21,-8,-22,-8,-22,-8,-22,-8,-22,-8,-22,-8,-22,-8,-22,-8,-22,-7,-22,-7,-23,-6,-23,-6,-23,-5,-24,-5,-24,-4,-24,-2,-24,-2,-24,-2]"
CSI_DATA,99077,d8:b1:90:db:e8:90,-52,11,1,7,0,0,1,0,0,0,1,-95,0,4,0,1503399266,0,100,0,128,1,"[100,-64,5,0,-22,7,-22,7,-21,8,-21,9,-20,10,-20,10,-19,11,-19,12,-19,12,-19,13,-19,13,-19,14,-19,14,-20,14,-20,14,-20,14,-20,14,-21,14,-21,13,-21,12,-22,11,-22,11,-23,10,-23,8,-24,7,-6,1,0,0,0,0,0,0,0,0,0,0,0,0,0,0,0,0,0,0,-5,1,-19,4,-19,3,-20,2,-20,1,-21,1,-21,1,-21,0,-22,0,-22,-1,-23,-1,-23,-1,-23,-1,-23,-1,-23,-1,-23,0,-23,0,-23,0,-23,1,-23,1,-23,2,-23,3,-23,3,-23,4,-23,5,-23,5,-23,6]"
CSI_DATA,99078,d8:b1:90:db:e8:90,-52,11,1,7,0,0,1,0,0,0,1,-95,0,4,0,1503411342,0,100,0,128,1,"[100,-64,5,0,25,-2,24,-2,24,-3,23,-4,23,-5,23,-6,23,-6,23,-7,23,-8,23,-8,23,-9,24,-10,24,-10,24,-10,25,-10,26,-9,26,-9,26,-9,26,-8,27,-7,27,-6,27,-5,27,-4,27,-2,27,-1,6,0,0,0,0,0,0,0,0,0,0,0,0,0,0,0,0,0,0,0,5,0,21,2,21,3,20,4,20,5,21,6,21,6,22,6,22,7,22,7,23,8,23,8,23,8,23,8,23,8,23,7,23,7,23,6,23,5,24,5,24,4,24,3,24,2,25,2,25,1,25,1,25,0]"
CSI_DATA,99079,d8:b1:90:db:e8:90,-52,11,1,7,0,0,1,0,0,0,1,-95,0,4,0,1503422827,0,100,0,128,1,"[100,-64,5,0,-5,-23,-5,-22,-6,-22,-6,-21,-7,-21,-8,-20,-9,-20,-9,-20,-10,-20,-11,-20,-11,-20,-12,-21,-12,-21,-12,-22,-12,-22,-11,-23,-11,-24,-11,-24,-10,-24,-9,-25,-9,-25,-8,-25,-7,-25,-5,-25,-4,-26,-1,-7,0,0,0,0,0,0,0,0,0,0,0,0,0,0,0,0,0,0,-1,-5,-2,-20,-1,-20,0,-20,1,-21,1,-21,2,-22,2,-22,2,-22,2,-23,3,-23,3,-24,3,-24,3,-24,3,-24,2,-23,2,-23,2,-23,1,-23,0,-23,-1,-23,-1,-23,-2,-24,-2,-24,-3,-24,-4,-23,-4,-23]"
CSI_DATA,99080,d8:b1:90:db:e8:90,-52,11,1,7,0,0,1,0,0,0,1,-95,0,4,0,1503454219,0,100,0,128,1,"[100,-64,5,0,-7,20,-6,20,-6,20,-5,20,-4,20,-3,20,-3,20,-2,20,-2,20,-1,21,-1,21,-1,22,-1,22,-1,22,-1,23,-1,23,-1,24,-2,24,-3,23,-3,23,-4,22,-5,22,-6,22,-7,22,-9,21,-3,5,0,0,0,0,0,0,0,0,0,0,0,0,0,0,0,0,0,0,-2,4,-6,16,-7,16,-8,16,-9,16,-9,16,-10,16,-11,15,-12,16,-12,16,-12,16,-12,16,-12,16,-12,16,-12,17,-12,17,-12,17,-12,17,-11,17,-11,18,-11,18,-10,18,-10,19,-9,19,-9,20,-8,20,-8,20]"
CSI_DATA,99081,d8:b1:90:db:e8:90,-52,11,1,7,0,0,1,0,0,0,1,-95,0,4,0,1503466585,0,100,0,128,1,"[100,-64,5,0,-20,-18,-20,-17,-21,-16,-21,-15,-21,-14,-22,-14,-22,-13,-23,-12,-23,-12,-24,-11,-24,-11,-25,-12,-26,-12,-26,-12,-26,-12,-26,-12,-26,-13,-26,-13,-25,-14,-25,-15,-25,-15,-24,-16,-23,-17,-22,-19,-20,-20,-5,-5,0,0,0,0,0,0,0,0,0,0,0,0,0,0,0,0,0,0,-4,-4,-14,-16,-13,-17,-13,-18,-12,-19,-12,-20,-12,-20,-12,-21,-12,-22,-12,-23,-12,-23,-12,-23,-12,-23,-12,-23,-12,-23,-13,-23,-13,-22,-14,-21,-15,-21,-15,-21,-16,-20,-17,-20,-17,-20,-18,-19,-18,-19,-18,-19,-19,-19]"
CSI_DATA,99082,d8:b1:90:db:e8:90,-51,11,1,7,0,0,1,0,0,0,1,-95,0,4,0,1503477009,0,100,0,128,1,"[100,-64,5,0,-23,-8,-23,-7,-23,-6,-22,-5,-22,-4,-23,-4,-23,-3,-23,-2,-23,-1,-23,-1,-24,0,-25,0,-25,0,-26,0,-26,-1,-26,-1,-26,-1,-26,-2,-26,-2,-26,-3,-26,-4,-26,-5,-25,-7,-24,-9,-24,-10,-6,-3,0,0,0,0,0,0,0,0,0,0,0,0,0,0,0,0,0,0,-5,-3,-18,-10,-17,-11,-17,-12,-16,-12,-16,-13,-17,-13,-17,-14,-17,-14,-17,-15,-17,-15,-17,-15,-18,-15,-18,-15,-18,-15,-18,-15,-19,-14,-19,-14,-19,-13,-20,-13,-20,-12,-21,-11,-21,-11,-22,-11,-22,-10,-22,-10,-23,-9]"
CSI_DATA,99083,d8:b1:90:db:e8:90,-52,11,1,7,0,0,1,0,0,0,1,-95,0,4,0,1503495836,0,100,0,128,1,"[100,-64,5,0,22,0,22,0,22,-1,21,-2,21,-3,21,-4,21,-5,21,-5,21,-6,21,-7,21,-7,22,-7,23,-7,23,-7,23,-7,23,-7,23,-6,24,-6,24,-5,24,-5,24,-4,24,-3,24,-2,24,0,24,2,6,0,0,0,0,0,0,0,0,0,0,0,0,0,0,0,0,0,0,0,4,0,18,3,18,4,18,5,18,6,18,7,19,7,19,7,19,8,20,8,20,8,20,8,20,8,20,8,20,8,20,8,20,7,20,7,21,6,21,6,22,5,22,4,22,4,22,3,23,3,23,2,23,2]"
CSI_DATA,99084,d8:b1:90:db:e8:90,-51,11,1,7,0,0,1,0,0,0,1,-95,0,4,0,1503509121,0,100,0,128,1,"[100,-64,5,0,9,-23,9,-23,8,-23,7,-23,6,-23,6,-23,5,-23,5,-24,4,-24,3,-24,3,-25,2,-25,3,-26,3,-26,3,-27,4,-26,4,-26,5,-26,6,-26,7,-26,7,-25,8,-25,9,-24,11,-23,12,-22,3,-6,0,0,0,0,0,0,0,0,0,0,0,0,0,0,0,0,0,0,1,-5,8,-19,9,-18,10,-19,10,-19,11,-18,12,-18,13,-19,14,-19,14,-19,14,-19,14,-19,14,-18,14,-19,14,-19,14,-19,14,-19,14,-19,14,-20,13,-20,13,-21,12,-21,12,-21,11,-22,11,-22,10,-22,10,-23]"
CSI_DATA,99085,d8:b1:90:db:e8:90,-51,11,1,7,0,0,1,0,0,0,1,-95,0,4,0,1503520738,0,100,0,128,1,"[100,-64,5,0,-15,-18,-15,-18,-16,-17,-16,-17,-17,-16,-17,-16,-18,-15,-18,-14,-19,-14,-19,-14,-20,-13,-21,-13,-21,-14,-21,-14,-22,-14,-22,-15,-21,-15,-21,-16,-20,-16,-20,-17,-19,-17,-19,-18,-18,-18,-16,-19,-15,-20,-4,-6,0,0,0,0,0,0,0,0,0,0,0,0,0,0,0,0,0,0,-3,-4,-12,-16,-11,-17,-10,-19,-9,-20,-9,-20,-8,-20,-8,-21,-8,-21,-8,-22,-8,-22,-7,-22,-7,-23,-8,-23,-8,-23,-8,-22,-8,-22,-9,-22,-10,-21,-10,-21,-11,-21,-12,-21,-12,-21,-13,-21,-14,-20,-14,-20,-14,-20]"
CSI_DATA,99086,d8:b1:90:db:e8:90,-51,11,1,7,0,0,1,0,0,0,1,-95,0,4,0,1503531358,0,100,0,128,1,"[100,-64,5,0,14,18,14,17,14,17,15,16,15,16,16,15,16,15,17,14,17,14,18,13,19,13,19,13,20,13,20,14,20,14,20,15,20,15,20,15,19,16,19,17,18,17,17,18,16,18,15,19,14,20,3,5,0,0,0,0,0,0,0,0,0,0,0,0,0,0,0,0,0,0,3,4,11,16,10,17,8,19,8,20,7,20,7,21,7,21,7,22,6,22,6,22,7,23,7,23,6,23,7,23,7,22,7,22,8,22,8,22,9,21,10,21,11,21,11,21,12,20,13,20,13,20,14,20]"
CSI_DATA,99087,d8:b1:90:db:e8:90,-52,11,1,7,0,0,1,0,0,0,1,-95,0,4,0,1503555699,0,100,0,128,1,"[100,-64,5,0,-13,-16,-13,-15,-14,-15,-14,-14,-15,-14,-15,-13,-16,-13,-16,-12,-17,-12,-17,-11,-18,-11,-18,-11,-19,-11,-19,-11,-19,-12,-19,-12,-18,-12,-18,-13,-18,-13,-17,-14,-17,-14,-16,-14,-16,-14,-15,-15,-14,-16,-4,-5,0,0,0,0,0,0,0,0,0,0,0,0,0,0,0,0,0,0,-3,-4,-10,-13,-10,-14,-9,-15,-9,-16,-9,-16,-8,-16,-8,-16,-7,-17,-7,-17,-7,-18,-7,-18,-7,-18,-7,-18,-7,-18,-7,-18,-7,-18,-8,-18,-8,-18,-9,-18,-9,-17,-10,-17,-10,-17,-11,-17,-12,-17,-12,-17,-12,-17]"
CSI_DATA,99088,d8:b1:90:db:e8:90,-52,11,1,7,0,0,1,0,0,0,1,-95,0,4,0,1503567483,0,100,0,128,1,"[100,-64,5,0,-13,16,-12,16,-11,17,-10,17,-10,17,-9,17,-8,18,-8,18,-7,18,-7,18,-6,19,-6,19,-6,20,-7,20,-7,20,-7,20,-8,20,-8,20,-8,20,-9,20,-9,19,-10,19,-11,18,-12,18,-13,17,-4,4,0,0,0,0,0,0,0,0,0,0,0,0,0,0,0,0,0,0,-3,3,-10,12,-11,12,-12,12,-12,12,-13,12,-14,12,-14,11,-15,11,-15,11,-16,11,-16,11,-16,11,-16,11,-16,11,-16,11,-16,11,-16,11,-15,12,-15,12,-14,13,-14,14,-14,14,-14,15,-14,15,-14,16,-13,16]"
CSI_DATA,99089,d8:b1:90:db:e8:90,-51,11,1,7,0,0,1,0,0,0,1,-95,0,4,0,1503586800,0,100,0,128,1,"[100,-64,5,0,-18,16,-17,16,-17,16,-16,17,-15,17,-14,17,-14,18,-13,18,-13,19,-13,19,-12,20,-12,20,-12,20,-13,21,-13,21,-13,21,-14,21,-14,20,-14,20,-15,20,-15,19,-16,18,-17,17,-18,16,-19,15,-5,3,0,0,0,0,0,0,0,0,0,0,0,0,0,0,0,0,0,0,-4,3,-16,11,-17,11,-17,10,-18,10,-19,9,-19,9,-20,9,-20,9,-21,9,-21,9,-22,9,-22,8,-21,9,-21,9,-21,10,-21,10,-21,11,-21,11,-21,11,-20,12,-20,13,-20,14,-20,14,-20,14,-19,15,-19,15]"
CSI_DATA,99090,d8:b1:90:db:e8:90,-52,11,1,7,0,0,1,0,0,0,1,-95,0,4,0,1503606190,0,100,0,128,1,"[100,-64,5,0,19,12,19,12,19,11,19,10,19,9,19,8,20,7,20,7,20,6,21,5,21,5,22,5,22,5,23,5,23,6,23,6,22,7,22,7,21,8,22,8,21,9,21,9,20,10,20,12,19,14,4,3,0,0,0,0,0,0,0,0,0,0,0,0,0,0,0,0,0,0,4,2,16,9,16,11,15,12,15,13,15,14,14,15,14,16,14,16,14,17,14,17,14,17,14,17,14,17,15,18,15,18,15,17,16,17,16,16,17,16,17,15,17,15,18,14,18,14,19,14,19,13,19,13]"
CSI_DATA,99091,d8:b1:90:db:e8:90,-51,11,1,7,0,0,1,0,0,0,1,-95,0,4,0,1503616828,0,100,0,128,1,"[100,-64,5,0,24,4,23,4,23,2,23,1,23,0,22,-1,22,-1,22,-2,22,-2,23,-3,23,-3,23,-4,24,-4,24,-5,24,-4,25,-4,25,-3,25,-2,24,-2,24,-1,24,-1,24,0,24,2,23,3,23,5,5,1,0,0,0,0,0,0,0,0,0,0,0,0,0,0,0,0,0,0,5,1,20,5,19,6,19,7,19,7,19,8,20,9,19,9,20,10,20,10,20,11,20,11,21,11,21,12,21,11,21,11,21,10,21,10,21,9,22,9,22,8,22,8,23,7,23,7,23,6,23,6,23,5]"
CSI_DATA,99092,d8:b1:90:db:e8:90,-51,11,1,7,0,0,1,0,0,0,1,-95,0,4,0,1503627218,0,100,0,128,1,"[100,-64,5,0,17,15,17,15,17,14,18,13,19,12,19,11,19,11,20,10,20,10,20,10,21,9,21,9,22,9,22,9,22,9,22,9,22,10,22,10,22,10,21,11,21,11,20,12,19,13,18,14,17,15,4,3,0,0,0,0,0,0,0,0,0,0,0,0,0,0,0,0,0,0,3,3,13,13,12,14,12,15,11,16,11,16,11,17,11,17,12,18,11,18,11,19,11,19,12,19,11,19,12,19,12,19,12,19,13,19,13,19,14,18,14,18,15,18,15,18,16,18,16,18,16,17,17,17]"
CSI_DATA,99093,d8:b1:90:db:e8:90,-52,11,1,7,0,0,1,0,0,0,1,-95,0,4,0,1503659910,0,100,0,128,1,"[100,-64,5,0,21,-6,21,-6,21,-6,21,-7,20,-8,20,-8,19,-8,18,-9,18,-9,18,-10,18,-11,18,-11,19,-12,19,-12,20,-12,20,-13,21,-13,21,-12,20,-11,20,-10,20,-9,20,-8,21,-7,21,-7,21,-6,5,-2,0,0,0,0,0,0,0,0,0,0,0,0,0,0,0,0,0,0,4,-1,19,-4,19,-2,19,-1,19,0,20,0,20,1,21,0,21,0,22,1,22,2,22,1,22,1,22,2,22,2,23,1,23,0,23,0,23,0,22,-1,22,-1,22,-1,23,-2,23,-2,24,-2,24,-2,23,-3]"
CSI_DATA,99094,d8:b1:90:db:e8:90,-52,11,1,7,0,0,1,0,0,0,1,-95,0,4,0,1503672325,0,100,0,128,1,"[100,-64,5,0,-27,-5,-26,-4,-26,-4,-26,-3,-25,-2,-25,-1,-25,0,-25,1,-25,2,-25,2,-25,3,-26,3,-26,4,-27,4,-27,4,-27,3,-27,3,-27,3,-27,2,-27,1,-27,0,-26,-1,-26,-2,-26,-3,-26,-5,-7,-2,0,0,0,0,0,0,0,0,0,0,0,0,0,0,0,0,0,0,-6,-1,-22,-5,-22,-6,-22,-8,-22,-9,-23,-9,-23,-10,-23,-11,-23,-11,-23,-12,-23,-12,-24,-12,-24,-13,-24,-13,-24,-13,-24,-13,-25,-12,-25,-11,-25,-11,-25,-10,-26,-9,-26,-9,-26,-8,-26,-7,-26,-7,-26,-7,-26,-6]"
CSI_DATA,99095,d8:b1:90:db:e8:90,-51,11,1,7,0,0,1,0,0,0,1,-95,0,4,0,1503690256,0,100,0,128,1,"[100,-64,5,0,20,12,20,12,20,11,20,10,20,9,21,8,21,8,21,7,21,6,21,6,22,5,22,5,22,5,23,5,23,6,23,6,23,6,23,7,23,8,22,8,21,8,21,8,20,10,20,11,19,12,4,3,0,0,0,0,0,0,0,0,0,0,0,0,0,0,0,0,0,0,4,2,17,9,16,10,16,12,16,13,16,13,16,14,16,15,16,15,16,16,16,16,16,17,16,17,16,17,16,17,16,17,16,17,17,16,17,16,18,16,18,15,19,15,19,14,19,14,19,13,20,13,20,13]"
CSI_DATA,99096,d8:b1:90:db:e8:90,-52,11,1,7,0,0,1,0,0,0,1,-95,0,4,0,1503705000,0,100,0,128,1,"[100,-64,5,0,21,7,21,7,21,6,21,6,21,5,21,4,21,3,21,3,21,2,21,2,22,1,22,1,22,1,23,1,23,1,22,1,23,2,23,2,23,3,23,3,22,4,22,4,22,6,21,7,20,9,5,2,0,0,0,0,0,0,0,0,0,0,0,0,0,0,0,0,0,0,4,1,18,6,18,7,17,8,17,9,17,10,18,10,18,10,18,11,18,11,18,12,18,12,18,13,18,13,18,13,18,12,18,12,18,12,18,12,19,12,19,11,19,11,20,10,20,10,21,9,21,9,21,9]"
CSI_DATA,99097,d8:b1:90:db:e8:90,-51,11,1,7,0,0,1,0,0,0,1,-95,0,4,0,1503720040,0,100,0,128,1,"[100,-64,5,0,20,-10,20,-10,19,-11,19,-11,19,-12,18,-12,18,-13,17,-14,17,-15,17,-15,17,-15,16,-16,17,-16,17,-16,18,-16,18,-16,19,-16,19,-15,19,-15,19,-14,20,-13,20,-12,20,-11,21,-10,21,-9,5,-2,0,0,0,0,0,0,0,0,0,0,0,0,0,0,0,0,0,0,4,-2,18,-8,19,-7,19,-6,20,-5,20,-4,21,-4,21,-4,22,-4,22,-3,23,-3,23,-3,23,-4,23,-4,23,-4,23,-4,23,-4,23,-5,23,-6,23,-6,23,-7,23,-7,23,-8,23,-8,22,-9,22,-9,22,-9]"
CSI_DATA,99098,d8:b1:90:db:e8:90,-51,11,1,7,0,0,1,0,0,0,1,-95,0,4,0,1503731904,0,100,0,128,1,"[100,-64,5,0,-23,-9,-23,-9,-23,-8,-22,-7,-22,-6,-22,-5,-22,-5,-22,-4,-23,-4,-23,-3,-23,-3,-24,-2,-25,-2,-25,-2,-25,-2,-25,-3,-25,-3,-25,-3,-24,-4,-24,-5,-24,-6,-23,-7,-23,-8,-23,-9,-23,-11,-6,-3,0,0,0,0,0,0,0,0,0,0,0,0,0,0,0,0,0,0,-5,-2,-20,-7,-19,-8,-19,-10,-18,-11,-19,-11,-19,-12,-20,-12,-20,-13,-20,-14,-20,-14,-20,-14,-20,-15,-20,-15,-20,-15,-20,-15,-21,-14,-21,-14,-21,-13,-22,-13,-22,-12,-22,-12,-22,-12,-23,-11,-23,-11,-23,-11,-23,-11]"
CSI_DATA,99099,d8:b1:90:db:e8:90,-51,11,1,7,0,0,1,0,0,0,1,-95,0,4,0,1503759520,0,100,0,128,1,"[100,-64,5,0,-19,-20,-19,-19,-19,-18,-20,-17,-20,-16,-21,-15,-21,-14,-21,-13,-22,-13,-22,-13,-23,-12,-24,-12,-24,-12,-24,-12,-25,-13,-25,-13,-25,-13,-25,-14,-24,-14,-23,-14,-23,-15,-22,-16,-21,-17,-20,-18,-19,-19,-5,-5,0,0,0,0,0,0,0,0,0,0,0,0,0,0,0,0,0,0,-4,-5,-16,-17,-15,-18,-13,-19,-12,-20,-12,-21,-12,-21,-13,-22,-13,-23,-12,-23,-12,-24,-12,-24,-12,-24,-12,-25,-12,-25,-13,-24,-13,-24,-14,-23,-14,-23,-15,-23,-16,-22,-16,-22,-17,-22,-17,-22,-18,-21,-18,-21,-18,-21]"
CSI_DATA,99100,d8:b1:90:db:e8:90,-52,11,1,7,0,0,1,0,0,0,1,-95,0,4,0,1503769716,0,100,0,128,1,"[100,-64,5,0,13,21,13,21,14,20,14,19,15,18,15,18,16,17,16,17,17,16,17,16,18,15,18,15,19,16,19,16,19,17,19,17,19,18,18,18,17,19,17,19,16,19,15,20,14,20,12,21,11,21,2,5,0,0,0,0,0,0,0,0,0,0,0,0,0,0,0,0,0,0,2,4,11,17,10,18,9,19,9,20,8,20,8,21,7,22,7,22,7,23,7,23,7,24,7,24,7,24,7,24,7,24,7,24,8,23,8,23,9,23,10,22,10,22,11,22,11,22,11,22,12,22,12,22]"
CSI_DATA,99101,d8:b1:90:db:e8:90,-52,11,1,7,0,0,1,0,0,0,1,-95,0,4,0,1503784211,0,100,0,128,1,"[100,-64,5,0,-16,19,-15,19,-14,20,-13,20,-12,20,-11,20,-11,21,-10,21,-9,22,-9,22,-8,22,-9,23,-9,23,-9,24,-10,24,-10,24,-10,23,-10,23,-11,23,-11,22,-12,22,-13,21,-13,21,-15,21,-16,20,-5,5,0,0,0,0,0,0,0,0,0,0,0,0,0,0,0,0,0,0,-4,4,-14,17,-15,16,-16,16,-17,16,-18,16,-19,15,-19,15,-20,15,-20,15,-21,15,-21,15,-22,14,-22,14,-22,14,-22,14,-22,14,-22,14,-21,15,-21,15,-20,16,-20,17,-20,17,-19,18,-19,18,-18,19,-18,19]"
CSI_DATA,99102,d8:b1:90:db:e8:90,-52,11,1,7,0,0,1,0,0,0,1,-95,0,4,0,1503796318,0,100,0,128,1,"[100,-64,5,0,-20,-12,-20,-12,-20,-11,-20,-10,-20,-9,-20,-9,-20,-8,-21,-7,-21,-7,-21,-6,-22,-6,-22,-6,-23,-6,-23,-6,-23,-7,-22,-7,-22,-7,-22,-7,-22,-7,-22,-8,-21,-9,-21,-9,-21,-11,-20,-12,-20,-13,-5,-4,0,0,0,0,0,0,0,0,0,0,0,0,0,0,0,0,0,0,-5,-3,-17,-11,-17,-13,-17,-14,-16,-15,-16,-16,-16,-16,-17,-16,-17,-16,-17,-17,-16,-18,-16,-18,-15,-18,-15,-19,-15,-19,-15,-19,-15,-18,-16,-18,-16,-18,-17,-17,-17,-17,-18,-17,-18,-16,-18,-16,-19,-15,-19,-15,-19,-15]"
CSI_DATA,99103,d8:b1:90:db:e8:90,-51,11,1,7,0,0,1,0,0,0,1,-95,0,4,0,1503813360,0,100,0,128,1,"[100,-64,5,0,-10,24,-9,24,-8,24,-7,24,-6,24,-5,24,-4,24,-4,24,-3,24,-3,24,-2,25,-2,25,-2,25,-1,26,-2,26,-2,26,-3,26,-3,26,-5,26,-6,26,-7,26,-8,25,-9,25,-10,24,-12,24,-3,6,0,0,0,0,0,0,0,0,0,0,0,0,0,0,0,0,0,0,-2,5,-7,21,-9,20,-11,20,-12,20,-13,20,-13,20,-14,21,-14,21,-15,21,-16,21,-17,21,-17,21,-17,21,-16,21,-16,21,-15,21,-15,22,-15,22,-14,22,-13,22,-12,23,-12,23,-12,24,-11,24,-11,24,-11,24]"
CSI_DATA,99104,d8:b1:90:db:e8:90,-51,11,1,7,0,0,1,0,0,0,1,-95,0,4,0,1503824329,0,100,0,128,1,"[100,-64,5,0,22,-7,22,-7,21,-8,21,-8,20,-9,20,-10,19,-10,19,-11,19,-12,19,-13,19,-13,19,-13,19,-13,19,-14,19,-14,20,-14,20,-13,20,-13,21,-12,21,-12,22,-11,22,-10,22,-8,22,-7,22,-5,5,-2,0,0,0,0,0,0,0,0,0,0,0,0,0,0,0,0,0,0,4,-2,20,-5,20,-4,21,-3,21,-2,21,-1,22,-1,23,-1,23,-1,23,0,24,0,24,1,24,2,24,2,24,2,24,1,23,0,23,0,24,-1,24,-2,24,-2,24,-3,24,-3,23,-4,23,-5,23,-5,24,-6]"
CSI_DATA,99105,d8:b1:90:db:e8:90,-51,11,1,7,0,0,1,0,0,0,1,-95,0,4,0,1503836058,0,100,0,128,1,"[100,-64,5,0,-19,15,-18,15,-17,16,-16,16,-16,17,-15,17,-14,18,-14,18,-13,18,-13,19,-13,19,-13,20,-13,21,-13,21,-14,21,-14,21,-14,21,-14,21,-14,20,-15,20,-15,19,-16,18,-17,18,-18,17,-19,16,-5,4,0,0,0,0,0,0,0,0,0,0,0,0,0,0,0,0,0,0,-4,3,-17,13,-18,12,-18,12,-19,11,-20,11,-20,11,-21,11,-21,11,-22,10,-22,10,-23,10,-23,10,-23,10,-22,10,-22,11,-22,11,-22,11,-22,12,-21,13,-21,14,-21,14,-21,14,-21,14,-21,14,-20,15,-20,15]"
CSI_DATA,99106,d8:b1:90:db:e8:90,-52,11,1,7,0,0,1,0,0,0,1,-95,0,4,0,1503864735,0,100,0,128,1,"[100,-64,5,0,-3,22,-3,22,-2,22,-1,21,0,21,1,21,1,21,2,21,3,21,3,21,4,21,4,22,4,23,4,23,4,23,4,23,3,23,3,23,2,23,2,23,1,23,0,23,-1,23,-2,23,-4,23,-1,5,0,0,0,0,0,0,0,0,0,0,0,0,0,0,0,0,0,0,-1,4,-3,19,-4,19,-5,19,-5,19,-6,20,-7,20,-7,20,-8,20,-8,20,-9,21,-9,21,-9,21,-9,21,-9,21,-9,21,-8,21,-8,21,-8,21,-7,22,-6,22,-6,22,-5,22,-5,23,-5,23,-5,23,-4,23]"
CSI_DATA,99107,d8:b1:90:db:e8:90,-52,11,1,7,0,0,1,0,0,0,1,-95,0,4,0,1503875752,0,100,0,128,1,"[100,-64,5,0,20,15,20,14,21,13,21,12,21,11,22,10,22,9,22,8,22,7,23,7,24,6,25,5,25,5,25,5,26,6,26,6,26,6,26,7,25,7,25,8,24,8,24,9,23,10,23,11,22,13,5,3,0,0,0,0,0,0,0,0,0,0,0,0,0,0,0,0,0,0,4,2,18,12,17,13,17,14,16,15,17,16,17,17,16,18,16,19,16,19,16,20,16,21,16,21,16,21,16,21,15,21,15,21,15,20,16,20,17,20,18,19,18,18,18,18,18,18,18,17,19,17,20,17]"
CSI_DATA,99108,d8:b1:90:db:e8:90,-52,11,1,7,0,0,1,0,0,0,1,-95,0,4,0,1503891695,0,100,0,128,1,"[100,-64,5,0,22,12,22,12,22,11,21,10,22,8,22,8,22,7,22,6,23,5,23,5,24,5,24,4,24,4,25,4,25,5,25,5,25,5,25,5,24,6,25,6,24,7,24,8,23,9,22,10,21,12,5,3,0,0,0,0,0,0,0,0,0,0,0,0,0,0,0,0,0,0,5,2,19,10,19,12,18,13,18,14,18,15,18,15,18,16,19,16,19,17,19,18,18,18,18,19,18,19,18,19,17,19,17,18,18,18,18,17,19,16,19,16,19,15,20,15,20,15,21,14,21,14,21,14]"
CSI_DATA,99109,d8:b1:90:db:e8:90,-52,11,1,7,0,0,1,0,0,0,1,-95,0,4,0,1503910229,0,100,0,128,1,"[100,-64,5,0,-4,-23,-5,-22,-5,-22,-6,-21,-7,-21,-8,-20,-8,-20,-9,-20,-10,-20,-10,-20,-11,-20,-12,-20,-12,-20,-12,-21,-12,-21,-12,-21,-12,-21,-11,-21,-10,-22,-10,-22,-9,-23,-8,-22,-7,-23,-6,-23,-5,-22,-2,-6,0,0,0,0,0,0,0,0,0,0,0,0,0,0,0,0,0,0,-1,-5,-3,-20,-2,-21,-1,-21,-1,-22,0,-22,1,-22,1,-22,1,-22,1,-23,2,-23,2,-24,2,-24,2,-24,2,-24,3,-23,3,-23,3,-23,2,-23,1,-23,1,-23,0,-23,0,-23,-1,-23,-2,-23,-2,-23,-2,-23]"
CSI_DATA,99110,d8:b1:90:db:e8:90,-52,11,1,7,0,0,1,0,0,0,1,-95,0,4,0,1503923327,0,100,0,128,1,"[100,-64,5,0,7,21,8,20,8,20,9,19,10,18,11,18,11,17,12,17,12,17,13,16,13,16,14,17,14,17,15,17,15,18,15,18,14,18,14,18,13,19,12,19,11,20,10,20,10,20,8,21,7,21,1,5,0,0,0,0,0,0,0,0,0,0,0,0,0,0,0,0,0,0,1,4,7,19,6,19,5,20,4,20,4,21,4,21,3,21,3,22,3,22,3,23,3,23,2,24,2,24,2,23,1,23,0,22,1,22,2,22,3,22,3,22,4,22,4,22,5,22,5,22,6,22,7,21]"
CSI_DATA,99111,d8:b1:90:db:e8:90,-52,11,1,7,0,0,1,0,0,0,1,-95,0,4,0,1503933709,0,100,0,128,1,"[100,-64,5,0,18,17,18,16,19,15,19,14,19,13,19,13,20,12,20,11,20,11,21,10,22,10,22,10,22,10,23,10,23,10,23,11,23,11,22,12,22,12,22,13,21,14,21,14,20,15,18,17,17,18,4,4,0,0,0,0,0,0,0,0,0,0,0,0,0,0,0,0,0,0,4,3,17,14,16,15,15,17,14,19,13,19,13,20,12,20,12,21,12,22,12,22,12,22,12,22,12,22,12,22,12,22,12,22,12,22,13,21,14,21,15,21,15,20,16,20,16,19,16,19,17,19,17,18]"
CSI_DATA,99112,d8:b1:90:db:e8:90,-51,11,1,7,0,0,1,0,0,0,1,-95,0,4,0,1503963513,0,100,0,128,1,"[100,-64,5,0,-23,-9,-23,-8,-23,-7,-22,-6,-22,-5,-22,-4,-22,-4,-23,-3,-23,-2,-23,-1,-24,-1,-25,-1,-25,-1,-26,-1,-26,-1,-26,-1,-26,-2,-25,-2,-25,-3,-25,-3,-25,-4,-24,-4,-24,-6,-24,-7,-24,-8,-6,-3,0,0,0,0,0,0,0,0,0,0,0,0,0,0,0,0,0,0,-5,-3,-20,-10,-19,-11,-19,-12,-18,-13,-18,-14,-19,-14,-19,-15,-19,-15,-19,-16,-19,-17,-19,-17,-19,-17,-19,-17,-19,-17,-19,-16,-19,-15,-20,-15,-20,-15,-20,-14,-21,-14,-21,-13,-21,-13,-22,-12,-22,-11,-23,-11,-23,-10]"
CSI_DATA,99113,d8:b1:90:db:e8:90,-52,11,1,7,0,0,1,0,0,0,1,-95,0,4,0,1503974362,0,100,0,128,1,"[100,-64,5,0,-20,8,-20,9,-19,9,-19,10,-19,11,-18,12,-18,12,-17,13,-16,13,-16,14,-16,14,-16,15,-17,15,-17,16,-17,16,-18,15,-19,15,-19,15,-19,14,-19,13,-19,13,-19,12,-20,11,-21,10,-21,8,-6,2,0,0,0,0,0,0,0,0,0,0,0,0,0,0,0,0,0,0,-5,1,-20,6,-20,5,-21,4,-21,3,-22,3,-22,2,-23,3,-23,2,-23,2,-24,2,-24,2,-24,2,-23,1,-23,1,-23,1,-23,2,-23,2,-23,3,-23,4,-23,5,-23,5,-23,6,-23,6,-22,7,-22,7,-22,8]"
CSI_DATA,99114,d8:b1:90:db:e8:90,-52,11,1,7,0,0,1,0,0,0,1,-95,0,4,0,1503988146,0,100,0,128,1,"[100,-64,5,0,24,-3,24,-3,23,-4,23,-5,23,-6,23,-7,22,-8,22,-8,22,-9,22,-10,22,-10,22,-11,22,-11,23,-11,23,-11,24,-10,24,-10,24,-9,24,-9,24,-8,24,-7,24,-6,24,-5,25,-4,25,-2,6,-1,0,0,0,0,0,0,0,0,0,0,0,0,0,0,0,0,0,0,5,-1,21,-3,22,-2,22,0,22,1,23,2,23,2,24,2,24,3,24,3,24,4,24,4,24,4,24,4,24,4,25,4,25,4,25,3,25,3,25,2,25,1,25,1,25,0,24,0,24,-1,25,-1,25,-2]"
CSI_DATA,99115,d8:b1:90:db:e8:90,-52,11,1,7,0,0,1,0,0,0,1,-95,0,4,0,1503998408,0,100,0,128,1,"[100,-64,5,0,20,9,20,8,20,7,21,6,21,5,21,4,21,3,21,3,21,2,21,1,22,1,22,1,22,1,23,1,23,1,23,2,23,2,23,2,23,3,23,3,22,4,21,4,21,6,21,7,20,9,4,2,0,0,0,0,0,0,0,0,0,0,0,0,0,0,0,0,0,0,4,2,18,9,17,10,17,11,17,12,17,13,17,13,17,13,17,14,17,15,17,15,17,15,17,15,17,15,17,15,17,15,18,15,18,15,18,14,18,13,19,13,19,12,19,11,19,11,20,10,20,10,20,10]"
CSI_DATA,99116,d8:b1:90:db:e8:90,-51,11,1,7,0,0,1,0,0,0,1,-95,0,4,0,1504015367,0,100,0,128,1,"[100,-64,5,0,20,-12,18,-11,12,-16,12,-22,12,-19,5,-18,2,-23,3,-21,-3,-20,-7,-23,-6,-22,-11,-19,-17,-20,-15,-19,-16,-14,-21,-15,-19,-16,-19,-10,-24,-8,-23,-9,-21,-5,-23,-2,-22,-4,-21,0,-25,5,-7,1,0,0,0,0,0,0,0,0,0,0,0,0,0,0,0,0,0,0,-3,2,-13,11,-18,13,-18,11,-14,13,-16,16,-17,14,-11,16,-11,22,-12,20,-6,20,-5,25,-5,23,2,21,4,25,2,23,8,20,13,23,11,19,14,12,20,14,18,14,18,7,22,5,20,5,20,-2,27,-8]"
CSI_DATA,99117,d8:b1:90:db:e8:90,-52,11,1,7,0,0,1,0,0,0,1,-95,0,4,0,1504026769,0,100,0,128,1,"[100,-64,5,0,-12,-22,-13,-21,-13,-21,-14,-20,-14,-19,-15,-19,-15,-18,-16,-18,-17,-17,-18,-17,-18,-17,-19,-17,-19,-17,-19,-17,-19,-18,-19,-18,-19,-19,-19,-19,-18,-19,-18,-20,-17,-20,-16,-20,-16,-21,-14,-22,-13,-23,-3,-6,0,0,0,0,0,0,0,0,0,0,0,0,0,0,0,0,0,0,-3,-5,-11,-20,-10,-21,-8,-22,-7,-23,-7,-23,-6,-24,-5,-24,-5,-25,-5,-25,-5,-26,-5,-26,-5,-26,-5,-26,-5,-26,-5,-26,-5,-26,-5,-25,-6,-25,-6,-25,-7,-25,-8,-25,-9,-24,-9,-24,-10,-23,-10,-23,-10,-23]"
CSI_DATA,99118,d8:b1:90:db:e8:90,-52,11,1,7,0,0,1,0,0,0,1,-95,0,4,0,1504036907,0,100,0,128,1,"[100,-64,5,0,20,-9,20,-9,19,-9,19,-10,18,-11,18,-12,17,-13,17,-13,17,-14,17,-15,17,-15,17,-15,17,-16,17,-16,18,-16,18,-16,18,-16,18,-15,18,-15,19,-15,19,-14,19,-13,20,-12,20,-10,21,-9,5,-3,0,0,0,0,0,0,0,0,0,0,0,0,0,0,0,0,0,0,4,-2,19,-7,19,-6,20,-5,20,-5,21,-4,22,-4,22,-4,22,-4,23,-3,23,-2,24,-2,24,-1,24,-1,23,-1,23,-1,22,-1,22,-2,22,-3,22,-4,22,-4,22,-5,22,-5,22,-6,22,-6,22,-7,22,-8]"
CSI_DATA,99119,d8:b1:90:db:e8:90,-51,11,1,7,0,0,1,0,0,0,1,-95,0,4,0,1504064611,0,100,0,128,1,"[100,-64,5,0,-3,23,-2,22,-1,22,0,21,1,21,2,21,3,21,3,21,4,21,4,21,5,21,5,22,5,22,5,23,5,23,5,23,5,24,4,24,4,23,3,23,3,23,2,23,0,23,-1,23,-3,23,-1,5,0,0,0,0,0,0,0,0,0,0,0,0,0,0,0,0,0,0,-1,5,-3,20,-3,20,-4,20,-5,21,-6,21,-7,21,-7,21,-7,22,-8,22,-9,22,-10,22,-10,22,-10,22,-10,22,-10,21,-10,21,-9,21,-9,21,-8,22,-7,22,-6,23,-6,23,-5,22,-5,22,-4,23,-4,23]"
CSI_DATA,99120,d8:b1:90:db:e8:90,-51,11,1,6,0,0,1,0,0,0,1,-95,0,4,0,1504077144,0,100,0,128,1,"[100,-64,5,0,-17,-15,-19,-16,-20,-16,-22,-16,-24,-15,-26,-13,-27,-12,-28,-10,-28,-8,-28,-7,-28,-5,-28,-4,-28,-3,-28,-3,-27,-4,-27,-4,-26,-5,-25,-5,-24,-6,-23,-6,-21,-7,-19,-7,-17,-7,-14,-8,-11,-8,-3,-2,0,0,0,0,0,0,0,0,0,0,0,0,0,0,0,0,0,0,-2,6,-6,25,-6,26,-6,26,-5,25,-4,25,-4,24,-4,22,-3,20,-3,17,-4,15,-5,12,-6,9,-8,7,-9,5,-11,4,-12,3,-13,3,-14,2,-14,2,-14,1,-13,0,-13,-1,-13,-2,-12,-4,-12,-7,-13,-8]"
CSI_DATA,99121,d8:b1:90:db:e8:90,-51,11,1,6,0,0,1,0,0,0,1,-95,0,4,0,1504095622,0,100,0,128,1,"[100,-64,5,0,20,-7,22,-8,23,-10,24,-12,24,-14,23,-16,22,-18,21,-19,20,-21,19,-21,18,-22,17,-23,16,-23,16,-22,17,-22,17,-21,17,-20,17,-19,16,-18,16,-16,15,-15,14,-13,14,-10,13,-8,12,-6,2,-2,0,0,0,0,0,0,0,0,0,0,0,0,0,0,0,0,0,0,-6,-4,-22,-16,-22,-16,-23,-16,-22,-16,-22,-15,-21,-14,-19,-12,-18,-11,-15,-10,-13,-10,-10,-10,-7,-10,-4,-10,-2,-10,0,-11,1,-12,2,-13,3,-13,3,-13,4,-13,4,-12,5,-11,7,-10,8,-9,10,-8,12,-7]"
CSI_DATA,99122,d8:b1:90:db:e8:90,-51,11,1,6,0,0,1,0,0,0,1,-95,0,4,0,1504108032,0,100,0,128,1,"[100,-64,5,0,-6,20,-6,22,-5,24,-4,25,-3,26,-1,27,1,27,3,27,5,26,7,26,8,25,8,25,9,25,8,25,8,25,7,24,7,24,6,24,5,23,4,22,3,20,2,19,0,17,-1,14,-3,12,-1,2,0,0,0,0,0,0,0,0,0,0,0,0,0,0,0,0,0,0,6,-3,24,-11,24,-10,25,-11,24,-11,23,-11,21,-11,19,-10,17,-9,15,-8,13,-6,11,-4,10,-1,8,1,8,4,7,6,7,7,7,8,8,9,7,9,7,10,6,10,5,10,4,11,2,11,0,12,-2,13]"
CSI_DATA,99123,d8:b1:90:db:e8:90,-51,11,1,6,0,0,1,0,0,0,1,-95,0,4,0,1504123216,0,100,0,128,1,"[100,-64,5,0,-22,-7,-24,-7,-26,-7,-28,-6,-29,-4,-30,-2,-30,0,-30,2,-30,4,-30,5,-29,7,-29,8,-28,9,-28,9,-28,8,-27,8,-27,7,-26,6,-25,5,-24,4,-22,3,-20,1,-18,0,-16,-1,-14,-3,-4,-1,0,0,0,0,0,0,0,0,0,0,0,0,0,0,0,0,0,0,1,6,5,26,4,27,4,27,5,26,5,25,5,24,5,22,5,20,4,18,2,15,0,13,-2,11,-4,10,-6,8,-8,8,-10,7,-11,7,-12,7,-12,7,-12,6,-12,5,-13,4,-13,2,-14,0,-15,-2,-16,-3]"
CSI_DATA,99124,d8:b1:90:db:e8:90,-52,11,1,7,0,0,1,0,0,0,0,-95,0,4,0,1504133981,0,100,0,128,1,"[100,-64,5,0,-12,22,-12,23,-11,23,-10,23,-9,23,-8,23,-7,23,-7,23,-6,24,-5,24,-5,24,-5,25,-5,25,-5,26,-5,26,-6,26,-6,26,-7,26,-7,26,-8,25,-9,25,-10,24,-11,24,-13,23,-14,22,-4,5,0,0,0,0,0,0,0,0,0,0,0,0,0,0,0,0,0,0,-3,5,-13,19,-14,19,-15,18,-16,18,-17,18,-17,18,-18,18,-18,18,-19,18,-19,18,-19,18,-20,18,-20,18,-19,18,-19,18,-19,18,-18,18,-18,18,-17,19,-17,19,-16,20,-15,21,-15,21,-14,21,-13,22,-13,22]"
CSI_DATA,99125,d8:b1:90:db:e8:90,-51,11,1,7,0,0,1,0,0,0,0,-95,0,4,0,1504144720,0,100,0,128,1,"[100,-64,5,0,-21,-13,-21,-12,-21,-11,-21,-10,-21,-9,-21,-9,-21,-8,-22,-7,-22,-7,-23,-6,-23,-6,-24,-6,-24,-6,-25,-6,-25,-6,-25,-6,-26,-7,-25,-7,-25,-8,-25,-9,-24,-9,-24,-10,-23,-11,-22,-12,-21,-14,-6,-4,0,0,0,0,0,0,0,0,0,0,0,0,0,0,0,0,0,0,-5,-4,-18,-14,-17,-15,-17,-16,-16,-17,-16,-18,-16,-18,-16,-19,-16,-19,-16,-20,-16,-21,-15,-21,-15,-21,-15,-21,-15,-21,-15,-21,-16,-20,-16,-19,-17,-19,-17,-18,-18,-17,-18,-17,-19,-16,-19,-16,-20,-15,-20,-15,-20,-14]"
CSI_DATA,99126,d8:b1:90:db:e8:90,-52,11,1,7,0,0,1,0,0,0,0,-95,0,4,0,1504172685,0,100,0,128,1,"[100,-64,5,0,15,-20,15,-20,14,-21,13,-21,12,-21,11,-22,11,-22,10,-23,10,-24,9,-24,9,-25,9,-25,9,-25,9,-25,10,-26,10,-26,11,-26,11,-25,12,-25,12,-25,13,-24,14,-23,15,-22,17,-21,18,-20,4,-5,0,0,0,0,0,0,0,0,0,0,0,0,0,0,0,0,0,0,3,-5,15,-17,16,-17,17,-16,17,-16,18,-15,19,-15,20,-15,21,-15,21,-15,22,-15,22,-15,22,-15,22,-15,22,-15,21,-15,21,-15,20,-16,20,-16,20,-17,19,-17,19,-18,18,-18,18,-18,17,-19,17,-19,17,-20]"
CSI_DATA,99127,d8:b1:90:db:e8:90,-52,11,1,6,0,0,1,0,0,0,1,-95,0,4,0,1504184999,0,100,0,128,1,"[100,-64,5,0,18,-17,17,-18,16,-18,15,-18,14,-19,13,-19,13,-20,13,-21,12,-21,12,-22,12,-22,12,-23,12,-23,12,-24,13,-24,13,-24,13,-24,13,-24,14,-23,15,-23,15,-22,16,-21,16,-20,18,-19,19,-18,4,-5,0,0,0,0,0,0,0,0,0,0,0,0,0,0,0,0,0,0,4,-4,18,-14,19,-13,20,-12,20,-11,21,-11,22,-10,22,-10,23,-10,23,-9,24,-9,24,-9,24,-9,24,-9,24,-10,23,-10,22,-11,22,-11,22,-12,22,-12,21,-12,21,-13,21,-14,20,-15,20,-15,20,-16,20,-16]"
CSI_DATA,99128,d8:b1:90:db:e8:90,-51,11,1,6,0,0,1,0,0,0,1,-95,0,4,0,1504197660,0,100,0,128,1,"[100,-64,5,0,20,11,20,10,20,9,20,8,20,7,20,6,21,5,21,5,21,4,22,3,22,3,23,3,23,4,23,4,24,4,24,4,24,4,24,5,24,6,23,6,23,6,22,7,22,8,21,10,21,11,5,3,0,0,0,0,0,0,0,0,0,0,0,0,0,0,0,0,0,0,4,2,16,11,16,12,15,14,14,15,14,16,14,16,14,16,14,17,14,17,14,18,14,18,14,18,14,18,14,18,15,17,15,17,15,16,15,16,16,16,16,15,17,15,17,14,18,14,18,13,19,13,19,12]"
CSI_DATA,99129,d8:b1:90:db:e8:90,-52,11,1,6,0,0,1,0,0,0,1,-95,0,4,0,1504209587,0,100,0,128,1,"[100,-64,5,0,14,17,15,16,15,15,15,14,16,14,16,13,17,12,17,12,17,11,18,11,18,11,19,11,20,12,20,12,20,12,20,13,20,13,20,13,19,14,19,14,18,14,18,15,17,16,15,16,14,17,3,4,0,0,0,0,0,0,0,0,0,0,0,0,0,0,0,0,0,0,3,3,12,15,11,16,10,17,9,18,9,19,9,19,9,19,9,19,9,20,9,20,9,20,9,20,9,20,9,20,8,20,9,20,9,20,9,19,10,19,11,18,11,18,12,18,12,18,13,18,14,18,14,17]"
CSI_DATA,99130,d8:b1:90:db:e8:90,-52,11,1,7,0,0,1,0,0,0,1,-95,0,4,0,1504220859,0,100,0,128,1,"[100,-64,5,0,13,-18,12,-18,11,-19,11,-19,10,-19,10,-20,9,-20,8,-21,8,-21,7,-22,7,-22,7,-23,7,-23,8,-23,8,-23,9,-24,9,-24,10,-23,10,-23,11,-23,12,-22,12,-21,13,-20,14,-20,15,-19,3,-5,0,0,0,0,0,0,0,0,0,0,0,0,0,0,0,0,0,0,3,-4,14,-16,15,-15,15,-14,16,-14,16,-13,17,-13,18,-13,19,-13,19,-13,19,-13,19,-13,19,-13,19,-13,19,-13,19,-13,18,-13,18,-14,18,-14,17,-15,17,-15,16,-16,16,-16,15,-17,14,-17,14,-18,14,-18]"
CSI_DATA,99131,d8:b1:90:db:e8:90,-52,11,1,7,0,0,1,0,0,0,1,-95,0,4,0,1504232449,0,100,0,128,1,"[100,-64,5,0,24,1,24,0,24,-1,24,-2,24,-2,24,-3,23,-4,23,-5,23,-5,24,-6,24,-6,25,-6,25,-7,26,-7,26,-7,27,-6,27,-6,27,-5,27,-5,27,-4,27,-3,27,-2,27,0,26,1,26,3,6,1,0,0,0,0,0,0,0,0,0,0,0,0,0,0,0,0,0,0,5,0,22,4,22,5,21,6,21,7,22,7,22,8,23,8,23,9,23,10,23,10,23,10,23,10,23,11,23,10,23,10,23,9,23,9,23,8,23,7,24,6,24,5,24,5,24,4,24,4,25,3,25,2]"
CSI_DATA,99132,d8:b1:90:db:e8:90,-52,11,1,7,0,0,1,0,0,0,1,-95,0,4,0,1504243745,0,100,0,128,1,"[100,-64,5,0,-13,20,-12,20,-11,21,-11,21,-10,22,-9,22,-8,22,-7,22,-7,22,-6,23,-6,23,-6,24,-6,24,-6,25,-6,25,-6,26,-7,26,-7,26,-8,25,-9,25,-9,25,-10,24,-11,24,-13,23,-15,23,-4,5,0,0,0,0,0,0,0,0,0,0,0,0,0,0,0,0,0,0,-4,4,-14,18,-15,17,-16,17,-17,16,-18,16,-19,16,-19,16,-19,16,-20,16,-21,16,-21,16,-21,16,-21,16,-21,16,-21,16,-20,16,-20,17,-19,17,-18,18,-17,18,-17,19,-16,19,-16,20,-15,20,-15,20,-14,20]"
CSI_DATA,99133,d8:b1:90:db:e8:90,-51,11,1,7,0,0,1,0,0,0,1,-95,0,4,0,1504269741,0,100,0,128,1,"[100,-64,5,0,-14,17,-13,17,-13,17,-12,18,-12,18,-11,19,-10,19,-9,19,-9,19,-8,20,-8,21,-8,21,-8,22,-8,22,-9,22,-9,23,-10,23,-10,23,-11,22,-11,22,-12,22,-13,21,-14,21,-15,20,-16,19,-5,4,0,0,0,0,0,0,0,0,0,0,0,0,0,0,0,0,0,0,-4,3,-15,15,-16,14,-17,13,-17,13,-18,13,-19,12,-19,12,-20,12,-20,12,-21,12,-21,12,-21,12,-21,12,-21,12,-20,12,-20,12,-20,12,-19,13,-19,14,-18,14,-18,15,-17,15,-17,16,-16,16,-16,16,-15,17]"
CSI_DATA,99134,d8:b1:90:db:e8:90,-52,11,1,7,0,0,1,0,0,0,1,-95,0,4,0,1504282743,0,100,0,128,1,"[100,-64,5,0,-23,-7,-23,-7,-23,-6,-23,-5,-24,-4,-24,-3,-24,-2,-24,-1,-24,0,-25,0,-25,1,-26,1,-27,1,-27,1,-27,1,-28,1,-28,0,-27,0,-27,-1,-27,-2,-28,-2,-27,-3,-27,-5,-27,-6,-27,-8,-7,-3,0,0,0,0,0,0,0,0,0,0,0,0,0,0,0,0,0,0,-6,-3,-21,-10,-21,-12,-20,-14,-20,-15,-20,-16,-20,-16,-20,-17,-21,-17,-21,-18,-20,-18,-19,-19,-19,-19,-19,-19,-19,-19,-20,-18,-20,-18,-21,-17,-21,-17,-21,-16,-21,-15,-22,-14,-22,-14,-22,-13,-23,-12,-23,-11,-23,-10]"
CSI_DATA,99135,d8:b1:90:db:e8:90,-52,11,1,7,0,0,1,0,0,0,1,-95,0,4,0,1504303645,0,100,0,128,1,"[100,-64,5,0,-20,-13,-20,-12,-20,-11,-20,-11,-21,-10,-21,-9,-22,-8,-22,-7,-23,-6,-23,-6,-24,-5,-25,-5,-25,-5,-26,-5,-26,-5,-26,-6,-26,-6,-26,-7,-26,-7,-26,-8,-26,-9,-26,-10,-25,-11,-24,-13,-24,-14,-6,-4,0,0,0,0,0,0,0,0,0,0,0,0,0,0,0,0,0,0,-5,-4,-18,-15,-17,-16,-16,-18,-15,-19,-15,-20,-15,-20,-15,-21,-15,-21,-15,-22,-15,-23,-14,-23,-13,-23,-13,-23,-13,-23,-14,-23,-14,-22,-15,-21,-15,-21,-16,-21,-16,-20,-17,-19,-17,-19,-18,-18,-18,-17,-19,-17,-20,-15]"
CSI_DATA,99136,d8:b1:90:db:e8:90,-52,11,1,7,0,0,1,0,0,0,1,-95,0,4,0,1504321216,0,100,0,128,1,"[100,-64,5,0,-11,-20,-12,-20,-12,-19,-13,-18,-14,-18,-14,-17,-15,-17,-15,-16,-16,-16,-17,-16,-18,-16,-19,-16,-19,-16,-19,-16,-19,-17,-19,-18,-19,-18,-19,-19,-19,-19,-18,-19,-17,-20,-17,-20,-17,-21,-16,-22,-15,-24,-4,-6,0,0,0,0,0,0,0,0,0,0,0,0,0,0,0,0,0,0,-3,-6,-9,-22,-8,-22,-7,-22,-6,-23,-5,-24,-4,-24,-4,-24,-4,-25,-4,-26,-4,-26,-4,-26,-4,-26,-4,-27,-4,-26,-4,-26,-4,-26,-5,-25,-5,-25,-6,-25,-6,-24,-7,-24,-7,-24,-8,-24,-9,-23,-10,-23,-10,-22]"
CSI_DATA,99137,d8:b1:90:db:e8:90,-52,11,1,7,0,0,1,0,0,0,1,-95,0,4,0,1504333342,0,100,0,128,1,"[100,-64,5,0,-10,20,-10,21,-9,21,-8,21,-7,21,-5,21,-5,21,-5,21,-4,22,-4,22,-3,23,-3,23,-2,24,-2,24,-3,25,-3,25,-4,26,-4,26,-4,26,-5,26,-6,26,-7,25,-8,25,-10,25,-11,25,-3,6,0,0,0,0,0,0,0,0,0,0,0,0,0,0,0,0,0,0,-3,5,-12,20,-13,19,-14,19,-15,18,-16,18,-17,18,-17,19,-18,19,-19,19,-19,19,-20,19,-20,18,-20,18,-20,18,-20,18,-19,18,-19,18,-18,18,-17,19,-16,19,-16,20,-15,20,-15,21,-14,21,-14,21,-13,20]"
CSI_DATA,99138,d8:b1:90:db:e8:90,-52,11,1,7,0,0,1,0,0,0,1,-95,0,4,0,1504344316,0,100,0,128,1,"[100,-64,5,0,19,9,19,8,20,7,20,6,20,5,20,4,20,3,21,2,21,1,21,1,22,1,22,1,23,1,23,1,24,1,25,1,25,1,25,2,25,2,25,3,25,4,25,4,25,5,25,7,24,9,6,2,0,0,0,0,0,0,0,0,0,0,0,0,0,0,0,0,0,0,4,2,19,12,18,13,18,14,17,14,17,15,17,16,17,16,17,16,17,17,18,18,18,18,18,19,17,19,17,19,18,19,17,18,17,18,18,17,18,16,19,16,19,15,19,14,20,14,20,13,20,12,20,12]"
CSI_DATA,99139,d8:b1:90:db:e8:90,-52,11,1,7,0,0,1,0,0,0,1,-95,0,4,0,1504374038,0,100,0,128,1,"[100,-64,5,0,-20,10,-19,11,-18,11,-18,12,-17,13,-16,14,-15,15,-14,15,-14,16,-13,16,-13,17,-13,18,-13,19,-13,19,-13,20,-14,20,-14,20,-14,20,-15,20,-15,20,-16,20,-17,20,-18,19,-19,19,-20,17,-5,4,0,0,0,0,0,0,0,0,0,0,0,0,0,0,0,0,0,0,-5,2,-20,11,-21,10,-21,10,-22,9,-23,9,-24,8,-24,9,-25,9,-25,8,-26,8,-27,7,-27,7,-27,7,-26,7,-26,7,-26,7,-26,7,-26,8,-25,8,-25,8,-24,9,-24,9,-24,10,-23,10,-23,10,-22,11]"
CSI_DATA,99140,d8:b1:90:db:e8:90,-52,11,1,7,0,0,1,0,0,0,1,-95,0,4,0,1504384458,0,100,0,128,1,"[100,-64,5,0,1,22,2,21,3,20,3,19,4,19,5,18,6,18,7,18,7,17,8,17,9,17,10,18,11,18,11,19,12,19,12,19,11,20,11,20,11,20,10,20,10,21,9,21,8,22,7,23,6,23,1,6,0,0,0,0,0,0,0,0,0,0,0,0,0,0,0,0,0,0,1,5,3,20,2,21,1,22,-1,23,-1,23,-2,23,-2,24,-3,24,-3,25,-4,25,-4,25,-4,25,-4,25,-4,25,-4,25,-3,25,-3,25,-3,24,-4,24,-4,24,-3,24,-2,24,-2,23,-1,23,-1,23,0,23]"
CSI_DATA,99141,d8:b1:90:db:e8:90,-53,11,1,7,0,0,1,0,0,0,1,-95,0,4,0,1504403736,0,100,0,128,1,"[100,-64,5,0,-2,21,-1,20,0,19,1,19,2,18,2,18,3,18,4,18,5,18,5,18,6,18,6,18,7,19,7,18,7,18,7,20,8,20,7,21,7,21,7,21,7,21,6,21,5,22,3,23,2,23,0,5,0,0,0,0,0,0,0,0,0,0,0,0,0,0,0,0,0,0,0,5,-1,20,-2,20,-3,21,-4,21,-4,21,-5,22,-6,23,-6,23,-7,24,-8,24,-8,24,-8,23,-9,24,-9,23,-9,23,-8,23,-8,23,-8,23,-7,23,-6,24,-6,24,-5,23,-5,23,-5,23,-4,23,-4,23]"
CSI_DATA,99142,d8:b1:90:db:e8:90,-53,11,1,7,0,0,1,0,0,0,1,-95,0,4,0,1504414852,0,100,0,128,1,"[100,-64,5,0,-7,20,-6,19,-5,19,-4,19,-4,19,-3,18,-2,18,-1,18,-1,18,0,19,1,19,1,19,2,19,2,20,2,20,2,21,2,21,2,22,2,22,1,23,1,23,0,23,-1,23,-2,23,-4,23,-1,6,0,0,0,0,0,0,0,0,0,0,0,0,0,0,0,0,0,0,-2,5,-6,20,-7,20,-8,20,-9,20,-9,20,-10,21,-11,22,-12,22,-13,23,-13,23,-13,22,-13,22,-14,22,-14,22,-14,21,-14,21,-14,21,-13,21,-13,22,-12,22,-11,22,-11,22,-11,22,-10,22,-9,22,-9,22]"
CSI_DATA,99143,d8:b1:90:db:e8:90,-53,11,1,7,0,0,1,0,0,0,1,-95,0,4,0,1504427360,0,100,0,128,1,"[100,-64,5,0,18,-13,17,-13,16,-13,15,-14,14,-14,14,-14,13,-15,12,-16,11,-17,11,-17,10,-17,10,-17,10,-18,10,-19,10,-20,10,-20,9,-20,10,-20,11,-20,12,-19,12,-19,12,-18,13,-18,15,-17,16,-16,4,-4,0,0,0,0,0,0,0,0,0,0,0,0,0,0,0,0,0,0,3,-4,15,-14,16,-13,17,-13,18,-12,19,-12,20,-12,21,-11,22,-11,22,-11,23,-11,23,-11,23,-10,23,-10,23,-10,23,-10,22,-10,22,-10,22,-11,22,-12,22,-12,21,-13,21,-13,21,-13,21,-13,20,-13,20,-14]"
CSI_DATA,99144,d8:b1:90:db:e8:90,-53,11,1,7,0,0,1,0,0,0,1,-95,0,4,0,1504438708,0,100,0,128,1,"[100,-64,5,0,-16,16,-15,16,-14,16,-13,16,-11,17,-11,17,-10,17,-9,18,-9,18,-8,18,-8,18,-7,18,-7,19,-7,19,-7,20,-7,20,-7,21,-7,21,-8,20,-8,20,-9,20,-10,20,-11,19,-12,19,-13,19,-4,4,0,0,0,0,0,0,0,0,0,0,0,0,0,0,0,0,0,0,-4,4,-13,16,-14,16,-15,15,-16,15,-17,15,-18,15,-18,15,-19,15,-20,15,-21,15,-21,15,-22,15,-22,15,-22,15,-22,14,-22,14,-21,15,-21,15,-20,15,-20,16,-20,16,-19,16,-19,16,-18,16,-18,16,-18,17]"
CSI_DATA,99145,d8:b1:90:db:e8:90,-53,11,1,7,0,0,1,0,0,0,1,-95,0,4,0,1504450022,0,100,0,128,1,"[100,-64,5,0,22,11,22,10,21,9,21,7,21,6,21,5,21,4,21,3,21,3,21,2,22,1,22,1,22,1,23,0,23,0,23,0,23,1,23,1,23,1,24,2,24,2,23,3,23,4,22,6,22,7,5,2,0,0,0,0,0,0,0,0,0,0,0,0,0,0,0,0,0,0,5,1,21,7,21,8,20,9,20,10,20,11,21,12,21,13,21,14,22,14,22,15,22,16,22,16,22,17,22,17,22,17,22,16,22,16,22,16,22,15,22,15,23,14,23,14,23,13,23,13,23,13,23,12]"
CSI_DATA,99146,d8:b1:90:db:e8:90,-52,11,1,7,0,0,1,0,0,0,1,-95,0,4,0,1504475252,0,100,0,128,1,"[100,-64,5,0,-14,20,-13,19,-12,19,-11,19,-10,19,-9,19,-8,19,-8,19,-7,19,-7,20,-6,20,-5,20,-5,20,-5,21,-5,21,-6,22,-6,22,-7,22,-7,21,-7,21,-8,21,-9,21,-9,20,-10,20,-11,20,-3,4,0,0,0,0,0,0,0,0,0,0,0,0,0,0,0,0,0,0,-3,4,-12,18,-13,17,-14,16,-15,16,-16,16,-17,16,-18,16,-18,16,-19,16,-20,16,-20,16,-20,16,-20,16,-20,16,-21,16,-21,16,-21,16,-20,17,-19,18,-18,18,-18,18,-17,19,-17,19,-16,19,-16,19,-15,20]"
CSI_DATA,99147,d8:b1:90:db:e8:90,-52,11,1,7,0,0,1,0,0,0,1,-95,0,4,0,1504485498,0,100,0,128,1,"[100,-64,5,0,23,3,22,3,22,2,22,1,22,0,21,-1,21,-1,20,-2,20,-2,20,-3,20,-3,21,-3,21,-4,21,-4,21,-4,22,-3,22,-2,22,-2,22,-1,22,-1,21,0,21,1,21,2,21,3,20,4,5,1,0,0,0,0,0,0,0,0,0,0,0,0,0,0,0,0,0,0,4,0,19,3,20,4,20,5,20,6,20,6,21,7,21,7,22,8,23,8,23,9,23,9,23,9,23,10,23,10,23,9,23,8,23,8,24,8,24,7,24,7,24,6,24,6,24,6,24,5,24,5,24,5]"
CSI_DATA,99148,d8:b1:90:db:e8:90,-52,11,1,7,0,0,1,0,0,0,1,-95,0,4,0,1504495974,0,100,0,128,1,"[100,-64,5,0,16,14,15,16,13,17,14,18,13,17,13,18,14,18,13,19,13,19,11,18,10,18,10,19,11,18,11,18,11,21,11,23,9,23,6,24,1,24,0,25,-3,23,-5,23,-6,21,-8,21,-5,16,-1,2,0,0,0,0,0,0,0,0,0,0,0,0,0,0,0,0,0,0,5,-2,20,-6,21,-3,21,-1,21,1,21,2,22,3,22,5,23,5,23,7,23,8,23,10,22,11,22,12,22,13,21,12,20,13,20,13,19,14,19,14,18,15,19,16,17,16,16,17,17,18,18,19,21,16]"
CSI_DATA,99149,d8:b1:90:db:e8:90,-52,11,1,7,0,0,1,0,0,0,1,-95,0,4,0,1504511756,0,100,0,128,1,"[100,-64,5,0,-20,10,-19,11,-18,11,-17,11,-17,12,-16,12,-16,13,-16,13,-15,13,-15,14,-15,14,-15,14,-15,14,-16,14,-16,14,-17,14,-17,13,-17,13,-17,12,-17,11,-18,11,-18,10,-19,10,-19,8,-19,7,-5,1,0,0,0,0,0,0,0,0,0,0,0,0,0,0,0,0,0,0,-5,2,-17,8,-18,7,-18,7,-19,6,-19,6,-20,6,-20,6,-21,6,-22,6,-22,6,-22,6,-23,5,-22,5,-22,5,-22,6,-22,6,-22,6,-22,7,-22,7,-21,8,-21,8,-21,9,-21,9,-21,9,-21,10,-20,10]"
CSI_DATA,99150,d8:b1:90:db:e8:90,-52,11,1,7,0,0,1,0,0,0,1,-95,0,4,0,1504527662,0,100,0,128,1,"[100,-64,5,0,-17,-10,-18,-9,-18,-9,-19,-9,-19,-9,-19,-10,-20,-9,-19,-11,-19,-12,-18,-9,-18,-11,-18,-13,-18,-16,-18,-17,-14,-16,-12,-18,-12,-17,-11,-17,-13,-17,-12,-17,-11,-20,-11,-20,-7,-20,-5,-21,-4,-18,-1,-4,0,0,0,0,0,0,0,0,0,0,0,0,0,0,0,0,0,0,-4,3,-16,9,-19,6,-20,5,-18,2,-18,1,-18,1,-19,0,-21,1,-21,0,-22,-2,-22,-2,-22,-4,-22,-5,-22,-6,-23,-7,-23,-7,-22,-8,-22,-8,-21,-8,-22,-8,-21,-8,-21,-9,-21,-8,-21,-8,-20,-7,-18,-8]"
CSI_DATA,99151,d8:b1:90:db:e8:90,-52,11,1,7,0,0,1,0,0,0,1,-95,0,4,0,1504538075,0,100,0,128,1,"[100,-64,5,0,10,22,11,21,11,21,12,20,13,19,13,19,14,18,15,18,15,18,16,17,16,17,16,18,16,18,16,19,16,19,16,20,15,20,15,20,14,20,14,21,13,20,12,20,11,21,9,22,7,22,1,5,0,0,0,0,0,0,0,0,0,0,0,0,0,0,0,0,0,0,1,5,6,20,5,21,4,21,3,22,3,22,3,23,3,23,3,23,2,24,2,25,1,25,1,25,1,25,1,25,1,25,1,25,2,24,2,24,4,24,5,24,6,24,6,24,7,23,7,23,8,23,9,22]"
CSI_DATA,99152,d8:b1:90:db:e8:90,-52,11,1,7,0,0,1,0,0,0,1,-95,0,4,0,1504552285,0,100,0,128,1,"[100,-64,5,0,-14,-22,-14,-21,-14,-20,-15,-20,-15,-19,-16,-18,-17,-18,-17,-17,-17,-17,-18,-17,-19,-17,-19,-17,-19,-17,-19,-18,-19,-18,-19,-19,-18,-19,-18,-19,-17,-20,-17,-20,-17,-20,-16,-20,-14,-21,-13,-22,-11,-23,-3,-6,0,0,0,0,0,0,0,0,0,0,0,0,0,0,0,0,0,0,-3,-5,-8,-21,-7,-21,-6,-22,-6,-22,-5,-22,-5,-23,-5,-24,-4,-24,-4,-25,-4,-25,-4,-25,-4,-25,-4,-26,-4,-26,-5,-25,-5,-25,-6,-25,-6,-24,-7,-24,-8,-24,-9,-24,-9,-23,-10,-23,-11,-23,-12,-23,-12,-23]"
CSI_DATA,99153,d8:b1:90:db:e8:90,-52,11,1,7,0,0,1,0,0,0,1,-95,0,4,0,1504578989,0,100,0,128,1,"[100,-64,5,0,-25,4,-24,4,-24,5,-23,6,-23,6,-23,7,-22,8,-22,9,-22,9,-22,10,-22,11,-23,11,-23,11,-23,12,-23,11,-24,11,-24,11,-24,10,-25,9,-25,9,-25,8,-25,7,-25,6,-25,4,-25,3,-7,0,0,0,0,0,0,0,0,0,0,0,0,0,0,0,0,0,0,0,-6,0,-22,2,-22,0,-23,-2,-23,-3,-24,-3,-24,-4,-24,-5,-24,-5,-25,-5,-25,-6,-26,-6,-26,-6,-26,-5,-25,-5,-25,-5,-25,-5,-24,-4,-24,-3,-24,-3,-24,-2,-24,-1,-25,-1,-25,0,-25,1,-25,2,-24,2]"
CSI_DATA,99154,d8:b1:90:db:e8:90,-52,11,1,7,0,0,1,0,0,0,1,-95,0,4,0,1504591628,0,100,0,128,1,"[100,-64,5,0,7,19,8,19,8,18,9,18,10,18,11,17,11,17,12,17,12,17,13,17,14,17,14,17,15,18,15,18,15,18,15,19,14,19,14,19,13,19,13,20,12,20,11,20,10,20,9,21,7,22,1,5,0,0,0,0,0,0,0,0,0,0,0,0,0,0,0,0,0,0,1,4,4,18,3,18,2,19,1,20,1,20,1,21,0,21,0,21,0,22,0,22,0,22,0,22,0,22,0,22,0,22,0,22,0,22,1,22,1,21,2,21,3,21,3,21,4,21,5,21,5,21,6,20]"
CSI_DATA,99155,d8:b1:90:db:e8:90,-52,11,1,7,0,0,1,0,0,0,1,-95,0,4,0,1504611657,0,100,0,128,1,"[100,-64,5,0,13,-18,12,-18,11,-18,10,-18,10,-19,9,-19,8,-20,7,-20,7,-21,6,-21,6,-22,6,-22,6,-23,6,-24,7,-24,7,-24,7,-24,7,-24,8,-24,9,-24,9,-23,10,-23,11,-22,12,-22,13,-21,3,-6,0,0,0,0,0,0,0,0,0,0,0,0,0,0,0,0,0,0,3,-4,14,-14,15,-14,16,-13,17,-13,17,-12,18,-12,19,-12,19,-12,19,-12,20,-12,20,-12,20,-12,20,-12,20,-12,20,-12,20,-12,20,-13,19,-13,18,-13,18,-13,17,-14,17,-15,16,-16,16,-16,15,-17,15,-17]"
CSI_DATA,99156,d8:b1:90:db:e8:90,-52,11,1,7,0,0,1,0,0,0,1,-95,0,4,0,1504626243,0,100,0,128,1,"[100,-64,5,0,19,13,19,12,19,11,19,11,19,10,20,9,20,8,21,7,21,7,21,6,22,6,23,6,23,6,24,6,24,7,24,8,24,8,24,9,24,9,24,10,24,10,23,11,22,13,22,14,21,16,5,4,0,0,0,0,0,0,0,0,0,0,0,0,0,0,0,0,0,0,4,3,16,13,15,14,14,16,14,17,14,17,14,18,14,19,13,20,13,20,13,21,13,21,13,21,13,21,13,21,13,20,14,19,14,19,14,19,15,19,16,19,17,18,17,18,17,17,17,17,17,16,18,15]"
CSI_DATA,99157,d8:b1:90:db:e8:90,-52,11,1,7,0,0,1,0,0,0,1,-95,0,4,0,1504643127,0,100,0,128,1,"[100,-64,5,0,10,21,10,20,11,19,12,18,12,17,13,16,14,16,15,16,15,16,16,15,17,15,17,15,18,15,19,15,19,16,19,17,19,17,18,18,18,18,18,18,17,19,17,20,16,21,14,22,13,23,3,5,0,0,0,0,0,0,0,0,0,0,0,0,0,0,0,0,0,0,2,4,7,20,6,20,5,21,4,22,4,22,3,23,3,24,3,25,3,25,2,26,2,26,1,26,1,26,1,26,2,25,2,25,3,25,3,24,4,24,5,24,6,24,6,24,7,23,7,23,8,23,8,23]"
CSI_DATA,99158,d8:b1:90:db:e8:90,-52,11,1,7,0,0,1,0,0,0,1,-95,0,4,0,1504655313,0,100,0,128,1,"[100,-64,5,0,-4,21,-3,20,-2,20,-1,19,1,19,1,19,2,19,2,19,3,19,4,19,5,20,5,20,6,20,6,21,6,22,6,22,6,22,6,23,5,23,4,24,3,24,3,24,1,24,0,25,-1,25,-1,6,0,0,0,0,0,0,0,0,0,0,0,0,0,0,0,0,0,0,-1,4,-5,19,-6,19,-7,19,-8,19,-8,19,-9,19,-10,20,-11,20,-11,20,-12,21,-12,20,-12,20,-12,20,-12,20,-11,20,-11,20,-10,20,-10,20,-10,21,-9,21,-8,21,-8,21,-7,21,-6,21,-6,21,-6,22]"
CSI_DATA,99159,d8:b1:90:db:e8:90,-52,11,1,7,0,0,1,0,0,0,1,-95,0,4,0,1504684632,0,100,0,128,1,"[100,-64,5,0,5,24,5,23,6,22,7,21,8,21,9,20,10,20,10,19,11,19,12,19,13,19,14,19,14,20,15,20,15,21,15,21,16,22,15,22,15,22,14,23,14,23,13,23,12,24,10,25,9,26,2,6,0,0,0,0,0,0,0,0,0,0,0,0,0,0,0,0,0,0,1,4,5,20,4,20,3,22,2,22,1,23,1,24,0,24,0,24,-1,25,-1,26,-2,26,-2,26,-2,26,-2,26,-2,26,-2,26,-1,26,-1,26,0,25,1,25,2,25,2,25,2,25,3,25,3,25,4,25]"
CSI_DATA,99160,d8:b1:90:db:e8:90,-51,11,1,7,0,0,1,0,0,0,1,-95,0,4,0,1504695583,0,100,0,128,1,"[100,-64,5,0,-25,5,-24,5,-23,6,-23,7,-22,7,-22,8,-21,9,-21,10,-20,11,-20,12,-20,13,-21,13,-21,14,-21,15,-21,15,-22,15,-22,15,-22,15,-23,14,-24,13,-25,13,-25,12,-26,11,-26,10,-27,8,-7,1,0,0,0,0,0,0,0,0,0,0,0,0,0,0,0,0,0,0,-6,1,-22,5,-22,3,-23,2,-23,1,-24,1,-25,0,-25,0,-26,-1,-27,-2,-27,-2,-27,-2,-28,-3,-28,-3,-28,-3,-27,-3,-27,-2,-27,-2,-27,-1,-27,0,-27,0,-27,1,-27,1,-26,2,-26,3,-26,3,-26,3]"
CSI_DATA,99161,d8:b1:90:db:e8:90,-51,11,1,7,0,0,1,0,0,0,1,-95,0,4,0,1504714768,0,100,0,128,1,"[100,-64,5,0,-11,21,-10,21,-9,21,-9,21,-8,21,-7,21,-6,21,-5,21,-4,21,-4,21,-3,22,-2,23,-2,23,-2,24,-2,24,-2,25,-2,25,-3,25,-3,25,-4,25,-5,25,-6,24,-7,24,-8,23,-9,23,-3,6,0,0,0,0,0,0,0,0,0,0,0,0,0,0,0,0,0,0,-2,4,-8,18,-9,17,-10,17,-11,17,-12,17,-13,17,-14,18,-15,18,-15,18,-16,19,-16,19,-17,18,-17,19,-17,19,-17,19,-16,18,-16,19,-16,19,-15,19,-15,20,-14,20,-14,20,-13,20,-13,20,-13,20,-12,21]"
CSI_DATA,99162,d8:b1:90:db:e8:90,-51,11,1,7,0,0,1,0,0,0,1,-95,0,4,0,1504725505,0,100,0,128,1,"[100,-64,5,0,-24,3,-23,4,-22,5,-22,6,-21,7,-21,8,-20,8,-19,9,-19,10,-19,11,-19,11,-19,11,-20,12,-20,12,-20,13,-21,13,-21,13,-21,13,-21,12,-22,12,-22,11,-23,10,-24,9,-25,8,-25,6,-7,1,0,0,0,0,0,0,0,0,0,0,0,0,0,0,0,0,0,0,-5,0,-21,2,-21,1,-21,0,-22,-1,-22,-2,-23,-2,-23,-2,-24,-2,-24,-3,-25,-3,-25,-4,-25,-4,-25,-4,-25,-4,-25,-4,-25,-4,-25,-3,-25,-3,-25,-2,-25,-2,-25,-1,-26,0,-26,0,-26,1,-25,1,-25,2]"
CSI_DATA,99163,d8:b1:90:db:e8:90,-52,11,1,7,0,0,1,0,0,0,1,-95,0,4,0,1504737063,0,100,0,128,1,"[100,-64,5,0,11,-17,10,-17,9,-17,8,-17,7,-17,7,-17,6,-17,5,-18,5,-18,4,-19,4,-19,4,-19,4,-19,4,-20,4,-20,4,-21,4,-21,5,-21,5,-20,6,-20,6,-19,7,-19,8,-19,9,-19,10,-19,2,-5,0,0,0,0,0,0,0,0,0,0,0,0,0,0,0,0,0,0,2,-4,8,-14,9,-14,10,-13,11,-13,11,-13,12,-13,13,-13,13,-13,14,-13,14,-13,14,-13,15,-13,15,-14,15,-14,15,-14,15,-14,15,-14,14,-14,14,-15,14,-15,14,-15,14,-16,13,-16,13,-16,12,-16,12,-16]"
CSI_DATA,99164,d8:b1:90:db:e8:90,-51,11,1,7,0,0,1,0,0,0,1,-95,0,4,0,1504747862,0,100,0,128,1,"[100,-64,5,0,-24,-3,-23,-3,-23,-2,-22,-1,-22,0,-22,1,-21,2,-21,3,-21,4,-21,4,-22,5,-23,6,-23,6,-23,6,-23,6,-24,7,-24,6,-24,6,-24,5,-25,4,-25,3,-25,2,-25,2,-25,0,-25,-2,-7,-1,0,0,0,0,0,0,0,0,0,0,0,0,0,0,0,0,0,0,-5,-1,-20,-2,-20,-4,-20,-5,-20,-6,-21,-6,-21,-7,-22,-7,-22,-8,-23,-8,-23,-9,-24,-9,-24,-10,-24,-10,-24,-10,-24,-10,-24,-10,-24,-9,-24,-9,-24,-8,-24,-7,-24,-7,-24,-6,-25,-6,-25,-5,-25,-5,-24,-4]"
CSI_DATA,99165,d8:b1:90:db:e8:90,-51,11,1,7,0,0,1,0,0,0,1,-95,0,4,0,1504760493,0,100,0,128,1,"[100,-64,5,0,22,3,22,2,22,1,22,1,22,0,21,-1,21,-2,21,-3,21,-3,21,-4,21,-5,22,-5,23,-6,23,-6,23,-6,23,-5,24,-5,23,-4,23,-4,24,-3,24,-3,23,-2,24,-1,24,0,24,2,6,0,0,0,0,0,0,0,0,0,0,0,0,0,0,0,0,0,0,0,4,0,20,3,20,4,19,6,19,7,20,8,20,8,21,9,22,9,22,10,22,10,22,11,22,11,22,11,22,11,22,11,22,11,23,10,23,9,23,9,23,8,24,8,24,8,24,7,24,6,24,6,24,5]"
CSI_DATA,99166,d8:b1:90:db:e8:90,-51,11,1,7,0,0,1,0,0,0,1,-95,0,4,0,1504783988,0,100,0,128,1,"[100,-64,5,0,-8,-23,-8,-23,-9,-22,-10,-22,-11,-22,-11,-21,-12,-21,-12,-20,-13,-20,-13,-20,-14,-20,-14,-20,-14,-20,-14,-20,-14,-20,-14,-21,-14,-21,-14,-21,-13,-21,-12,-22,-12,-22,-11,-22,-10,-23,-8,-23,-7,-23,-2,-6,0,0,0,0,0,0,0,0,0,0,0,0,0,0,0,0,0,0,-2,-5,-7,-20,-6,-20,-5,-21,-4,-22,-4,-22,-3,-23,-3,-24,-3,-24,-3,-25,-2,-26,-2,-26,-1,-26,-2,-26,-2,-26,-1,-27,-1,-26,-2,-26,-2,-27,-3,-27,-4,-27,-4,-27,-5,-26,-5,-26,-5,-26,-6,-26,-6,-26]"
CSI_DATA,99167,d8:b1:90:db:e8:90,-51,11,1,7,0,0,1,0,0,0,1,-95,0,4,0,1504794374,0,100,0,128,1,"[100,-64,5,0,-11,-22,-12,-21,-13,-20,-13,-20,-14,-20,-14,-19,-15,-18,-16,-17,-17,-17,-17,-17,-17,-17,-17,-18,-18,-18,-18,-18,-18,-18,-18,-18,-17,-19,-17,-19,-16,-19,-16,-20,-16,-20,-15,-20,-14,-20,-13,-21,-12,-21,-3,-6,0,0,0,0,0,0,0,0,0,0,0,0,0,0,0,0,0,0,-3,-5,-10,-19,-9,-20,-8,-21,-8,-22,-7,-23,-7,-23,-7,-23,-7,-24,-7,-25,-7,-26,-6,-26,-6,-26,-6,-26,-6,-27,-6,-26,-7,-26,-7,-26,-7,-27,-8,-27,-8,-27,-8,-26,-9,-26,-10,-27,-11,-26,-11,-25,-10,-24]"
CSI_DATA,99168,d8:b1:90:db:e8:90,-51,11,1,7,0,0,1,0,0,0,1,-95,0,4,0,1504807065,0,100,0,128,1,"[100,-64,5,0,-23,-9,-23,-9,-23,-8,-23,-8,-23,-7,-24,-6,-24,-5,-24,-4,-24,-4,-24,-3,-25,-3,-25,-3,-25,-3,-25,-3,-25,-3,-26,-3,-25,-3,-25,-4,-25,-5,-25,-5,-24,-6,-24,-7,-23,-8,-22,-9,-22,-11,-6,-3,0,0,0,0,0,0,0,0,0,0,0,0,0,0,0,0,0,0,-5,-2,-19,-8,-19,-9,-19,-10,-19,-11,-20,-12,-20,-13,-21,-13,-21,-14,-21,-14,-21,-15,-21,-15,-20,-16,-20,-16,-20,-16,-21,-16,-22,-16,-22,-15,-22,-15,-22,-14,-23,-13,-23,-13,-24,-13,-24,-12,-24,-12,-24,-12,-24,-11]"
CSI_DATA,99169,d8:b1:90:db:e8:90,-51,11,1,7,0,0,1,0,0,0,1,-95,0,4,0,1504819745,0,100,0,128,1,"[100,-64,5,0,9,18,9,17,9,17,10,17,10,16,11,16,12,15,12,15,12,15,13,14,13,14,13,14,14,14,14,14,14,15,14,15,14,15,13,15,12,15,12,15,11,15,11,16,10,17,8,17,7,18,1,4,0,0,0,0,0,0,0,0,0,0,0,0,0,0,0,0,0,0,1,3,6,14,6,15,5,16,4,16,4,17,4,18,4,18,4,19,4,20,3,20,3,20,3,20,3,20,3,20,3,21,4,21,4,21,4,20,5,20,6,20,6,20,7,20,7,20,7,20,8,20,8,20]"
CSI_DATA,99170,d8:b1:90:db:e8:90,-51,11,1,7,0,0,1,0,0,0,1,-95,0,4,0,1504834493,0,100,0,128,1,"[100,-64,5,0,-9,39,-6,37,0,35,1,35,1,32,4,32,4,34,5,33,6,34,4,33,8,33,11,36,11,34,12,34,11,33,10,29,8,31,5,33,7,33,8,35,7,34,9,35,6,36,4,32,7,31,2,8,0,0,0,0,0,0,0,0,0,0,0,0,0,0,0,0,0,0,-2,5,-6,23,-8,25,-12,26,-15,26,-17,29,-16,30,-12,28,-13,29,-15,30,-17,33,-19,33,-16,31,-17,33,-18,32,-16,31,-17,32,-17,32,-14,37,-13,36,-10,33,-10,35,-11,36,-8,37,-7,38,-7,34,-1,34]"
CSI_DATA,99171,d8:b1:90:db:e8:90,-52,11,1,7,0,0,1,0,0,0,1,-95,0,4,0,1504845188,0,100,0,128,1,"[100,-64,5,0,-22,2,-21,3,-21,3,-20,4,-20,5,-20,5,-19,6,-19,6,-19,7,-19,7,-19,8,-19,8,-19,8,-19,8,-19,8,-20,8,-20,8,-19,7,-19,7,-20,6,-20,6,-20,5,-20,4,-20,2,-20,1,-5,0,0,0,0,0,0,0,0,0,0,0,0,0,0,0,0,0,0,0,-5,0,-17,3,-17,2,-17,0,-17,0,-18,-1,-19,-1,-19,-1,-20,-2,-20,-2,-21,-3,-21,-4,-21,-4,-21,-4,-21,-4,-21,-4,-21,-3,-21,-3,-21,-3,-22,-2,-22,-1,-22,-1,-22,-1,-22,0,-22,0,-22,1,-22,1]"
CSI_DATA,99172,d8:b1:90:db:e8:90,-51,11,1,7,0,0,1,0,0,0,1,-95,0,4,0,1504858490,0,100,0,128,1,"[100,-64,5,0,-1,-26,-2,-26,-3,-25,-3,-25,-4,-25,-5,-25,-6,-24,-6,-24,-7,-24,-8,-24,-8,-24,-8,-24,-8,-25,-8,-25,-7,-25,-7,-25,-6,-25,-6,-25,-5,-25,-5,-24,-4,-24,-3,-24,-2,-24,-1,-24,1,-24,0,-6,0,0,0,0,0,0,0,0,0,0,0,0,0,0,0,0,0,0,-1,-5,-1,-20,0,-21,2,-21,3,-22,3,-22,4,-22,4,-23,4,-24,5,-24,5,-25,6,-25,6,-25,6,-26,6,-26,5,-25,5,-25,4,-25,4,-26,3,-26,2,-27,1,-27,1,-27,1,-26,1,-26,0,-27,0,-27]"
CSI_DATA,99173,d8:b1:90:db:e8:90,-51,11,1,7,0,0,1,0,0,0,1,-95,0,4,0,1504885293,0,100,0,128,1,"[100,-64,5,0,5,-25,4,-25,4,-25,3,-25,2,-25,1,-25,1,-25,0,-25,0,-25,-1,-25,-2,-25,-2,-25,-2,-26,-2,-26,-2,-26,-2,-26,-1,-26,-1,-26,0,-26,0,-25,1,-24,2,-24,3,-24,4,-24,6,-24,1,-6,0,0,0,0,0,0,0,0,0,0,0,0,0,0,0,0,0,0,1,-5,4,-18,5,-18,6,-19,7,-20,7,-20,8,-20,8,-20,9,-20,10,-21,10,-21,10,-22,11,-22,11,-22,11,-22,10,-23,10,-23,10,-24,9,-24,9,-24,8,-24,8,-25,8,-25,8,-25,7,-25,7,-26,7,-26]"
CSI_DATA,99174,d8:b1:90:db:e8:90,-52,11,1,7,0,0,1,0,0,0,1,-95,0,4,0,1504897106,0,100,0,128,1,"[100,-64,5,0,2,24,3,24,4,23,4,22,5,22,6,21,6,21,6,21,7,21,8,20,8,21,9,21,9,21,9,21,9,22,9,21,8,21,8,21,7,21,6,22,5,21,5,21,4,21,2,22,0,23,0,5,0,0,0,0,0,0,0,0,0,0,0,0,0,0,0,0,0,0,0,4,1,18,0,19,-1,19,-1,19,-2,20,-3,20,-3,21,-4,22,-4,22,-4,23,-5,23,-5,22,-5,23,-5,23,-5,23,-5,23,-4,23,-3,23,-3,23,-2,24,-1,24,-1,24,0,24,0,24,1,24,1,24]"
CSI_DATA,99175,d8:b1:90:db:e8:90,-52,11,1,7,0,0,1,0,0,0,1,-95,0,4,0,1504917999,0,100,0,128,1,"[100,-64,5,0,23,10,23,9,23,8,23,8,23,7,23,5,23,5,22,4,23,4,23,3,23,3,24,2,24,2,24,2,25,2,24,3,24,3,24,4,24,4,23,5,23,6,22,6,22,8,22,10,21,11,5,3,0,0,0,0,0,0,0,0,0,0,0,0,0,0,0,0,0,0,4,2,18,8,18,9,17,10,17,11,17,12,18,13,18,13,18,14,18,15,18,15,18,16,18,16,18,16,18,16,18,15,19,15,19,15,20,15,20,15,21,14,21,13,22,13,22,12,22,12,22,11,22,11]"
CSI_DATA,99176,d8:b1:90:db:e8:90,-52,11,1,7,0,0,1,0,0,0,1,-95,0,4,0,1504934454,0,100,0,128,1,"[100,-64,5,0,23,10,22,9,22,8,22,7,22,6,22,6,22,5,22,4,23,4,23,3,23,3,23,3,24,3,24,3,24,4,24,4,24,4,24,5,24,5,24,6,24,7,24,7,23,9,22,10,21,11,5,3,0,0,0,0,0,0,0,0,0,0,0,0,0,0,0,0,0,0,4,1,18,7,18,8,18,9,18,10,18,10,18,11,18,12,19,13,19,13,19,14,19,14,19,15,19,15,19,15,20,15,20,15,20,15,20,15,20,14,20,14,21,13,21,13,22,12,22,11,22,11,23,11]"
CSI_DATA,99177,d8:b1:90:db:e8:90,-52,11,1,7,0,0,1,0,0,0,1,-95,0,4,0,1504949458,0,100,0,128,1,"[100,-64,5,0,16,18,16,18,16,17,16,16,17,15,18,14,18,13,19,13,19,12,20,11,20,11,21,11,21,11,22,11,22,12,22,12,23,13,22,13,22,14,21,14,21,14,21,15,20,15,19,17,17,18,4,4,0,0,0,0,0,0,0,0,0,0,0,0,0,0,0,0,0,0,3,3,13,15,12,16,11,17,11,18,11,18,11,19,11,20,11,20,11,21,11,22,11,22,11,22,11,22,11,22,11,22,12,22,12,21,13,21,12,22,13,21,13,21,14,21,15,21,15,20,16,20,16,20]"
CSI_DATA,99178,d8:b1:90:db:e8:90,-53,11,1,7,0,0,1,0,0,0,1,-95,0,4,0,1504962662,0,100,0,128,1,"[100,-64,5,0,21,12,21,11,20,10,19,10,19,10,19,8,20,8,21,8,22,7,23,6,23,5,23,5,24,5,24,5,24,5,23,7,23,7,23,8,23,9,22,11,22,11,21,12,21,13,20,15,20,16,5,4,0,0,0,0,0,0,0,0,0,0,0,0,0,0,0,0,0,0,4,2,16,11,16,12,15,14,14,14,15,15,15,16,15,17,16,18,16,19,16,19,17,19,17,19,17,19,17,19,17,18,18,16,18,16,18,16,18,16,19,16,19,15,20,15,21,15,21,14,22,14,22,13]"
CSI_DATA,99179,d8:b1:90:db:e8:90,-54,11,1,7,0,0,1,0,0,0,1,-95,0,4,0,1504988690,0,100,0,128,1,"[100,-64,5,0,25,-1,25,-2,24,-3,24,-3,23,-4,23,-5,23,-6,22,-7,22,-8,22,-9,23,-9,23,-10,23,-10,23,-11,24,-11,24,-10,24,-10,24,-10,25,-9,25,-8,26,-7,25,-6,25,-5,26,-3,26,-2,6,-1,0,0,0,0,0,0,0,0,0,0,0,0,0,0,0,0,0,0,5,-1,21,-3,22,-2,22,-1,22,0,23,1,23,2,24,2,24,3,25,3,25,4,25,4,25,4,25,4,25,4,25,4,25,4,25,3,25,3,25,3,25,2,25,1,25,1,26,1,25,0,25,0,25,0]"
CSI_DATA,99180,d8:b1:90:db:e8:90,-52,11,1,7,0,0,1,0,0,0,1,-95,0,4,0,1505000599,0,100,0,128,1,"[100,-64,5,0,-17,-16,-18,-15,-18,-14,-18,-13,-19,-13,-19,-12,-19,-11,-19,-11,-20,-10,-21,-9,-21,-9,-22,-9,-22,-9,-22,-9,-22,-9,-23,-10,-23,-10,-23,-11,-23,-11,-23,-12,-22,-12,-22,-12,-22,-13,-21,-15,-20,-16,-5,-5,0,0,0,0,0,0,0,0,0,0,0,0,0,0,0,0,0,0,-4,-4,-16,-15,-15,-16,-14,-17,-14,-18,-14,-19,-13,-19,-13,-19,-13,-20,-13,-21,-13,-21,-13,-22,-13,-22,-13,-22,-13,-22,-13,-21,-13,-21,-13,-20,-14,-20,-14,-20,-14,-19,-15,-19,-15,-19,-16,-18,-17,-18,-17,-17,-17,-17]"
CSI_DATA,99181,d8:b1:90:db:e8:90,-53,11,1,7,0,0,1,0,0,0,1,-95,0,4,0,1505017524,0,100,0,128,1,"[100,-64,5,0,-20,-12,-20,-11,-20,-11,-21,-10,-21,-9,-22,-9,-22,-8,-21,-7,-21,-6,-21,-6,-22,-5,-23,-5,-24,-4,-24,-4,-24,-4,-24,-4,-24,-5,-24,-5,-25,-6,-25,-7,-25,-8,-25,-9,-24,-10,-24,-11,-23,-12,-6,-4,0,0,0,0,0,0,0,0,0,0,0,0,0,0,0,0,0,0,-5,-3,-20,-10,-19,-12,-19,-13,-19,-15,-19,-15,-19,-16,-19,-16,-19,-17,-18,-18,-18,-19,-18,-19,-18,-19,-18,-19,-18,-19,-18,-19,-18,-18,-19,-18,-19,-18,-20,-17,-20,-16,-21,-16,-21,-15,-20,-14,-20,-14,-21,-14,-21,-13]"
CSI_DATA,99182,d8:b1:90:db:e8:90,-53,11,1,7,0,0,1,0,0,0,1,-95,0,4,0,1505030830,0,100,0,128,1,"[100,-64,5,0,20,-6,19,-6,19,-7,19,-7,19,-8,18,-9,17,-10,17,-10,16,-11,16,-11,16,-12,16,-14,16,-14,16,-15,16,-15,17,-15,17,-15,18,-15,18,-15,19,-14,19,-13,20,-12,20,-12,21,-11,21,-10,5,-3,0,0,0,0,0,0,0,0,0,0,0,0,0,0,0,0,0,0,4,-2,19,-5,20,-4,20,-3,21,-2,21,-1,22,-1,22,0,22,0,23,1,23,1,23,0,23,0,23,1,23,1,23,1,23,0,23,0,23,-1,23,-1,22,-2,22,-3,22,-3,21,-4,21,-5,21,-5,21,-6]"
CSI_DATA,99183,d8:b1:90:db:e8:90,-53,11,1,7,0,0,1,0,0,0,1,-95,0,4,0,1505050093,0,100,0,128,1,"[100,-64,5,0,-9,-21,-9,-21,-9,-20,-10,-19,-10,-18,-11,-18,-12,-17,-13,-17,-14,-16,-14,-16,-15,-16,-16,-16,-17,-17,-17,-17,-17,-17,-17,-18,-17,-18,-17,-18,-17,-19,-17,-20,-16,-20,-16,-20,-15,-21,-14,-22,-12,-23,-3,-6,0,0,0,0,0,0,0,0,0,0,0,0,0,0,0,0,0,0,-2,-6,-7,-21,-6,-22,-5,-22,-4,-23,-3,-24,-2,-24,-2,-24,-2,-24,-1,-25,-1,-25,0,-25,0,-25,0,-25,0,-25,-1,-26,-1,-25,-1,-25,-2,-25,-3,-24,-4,-24,-4,-24,-5,-24,-6,-24,-6,-24,-7,-23,-7,-23]"
CSI_DATA,99184,d8:b1:90:db:e8:90,-53,11,1,7,0,0,1,0,0,0,1,-95,0,4,0,1505062139,0,100,0,128,1,"[100,-64,5,0,-21,-11,-21,-10,-20,-9,-20,-8,-20,-7,-20,-6,-21,-5,-21,-5,-21,-4,-21,-3,-22,-2,-23,-2,-24,-1,-24,-1,-24,-1,-25,-2,-24,-2,-24,-3,-25,-3,-25,-4,-25,-5,-25,-5,-25,-6,-25,-8,-24,-10,-6,-3,0,0,0,0,0,0,0,0,0,0,0,0,0,0,0,0,0,0,-6,-3,-21,-10,-20,-11,-20,-13,-19,-14,-19,-15,-19,-16,-19,-17,-19,-18,-19,-19,-19,-19,-20,-19,-20,-18,-20,-18,-20,-18,-19,-18,-20,-18,-20,-17,-20,-17,-21,-16,-21,-16,-21,-15,-22,-15,-22,-14,-22,-13,-22,-13,-22,-12]"
CSI_DATA,99185,d8:b1:90:db:e8:90,-53,11,1,7,0,0,1,0,0,0,1,-95,0,4,0,1505088420,0,100,0,128,1,"[100,-64,5,0,-23,-6,-22,-6,-22,-4,-22,-3,-21,-2,-21,-1,-21,0,-21,0,-21,1,-21,2,-21,3,-22,4,-22,5,-22,5,-23,5,-24,5,-24,4,-24,4,-24,3,-25,2,-25,2,-25,1,-25,0,-25,-1,-25,-3,-7,-1,0,0,0,0,0,0,0,0,0,0,0,0,0,0,0,0,0,0,-6,-2,-22,-7,-22,-8,-22,-10,-22,-11,-22,-11,-22,-12,-22,-13,-22,-14,-22,-14,-23,-15,-23,-15,-22,-15,-22,-15,-23,-15,-23,-15,-23,-14,-23,-14,-23,-13,-23,-13,-23,-12,-23,-11,-23,-11,-23,-10,-23,-9,-23,-8,-23,-8]"
CSI_DATA,99186,d8:b1:90:db:e8:90,-53,11,1,7,0,0,1,0,0,0,1,-95,0,4,0,1505100792,0,100,0,128,1,"[100,-64,5,0,19,7,18,6,18,5,18,5,18,4,18,3,18,2,17,1,17,0,18,0,18,-1,18,-1,19,-1,19,-1,20,-1,20,-1,20,-1,20,-1,21,-1,21,0,21,0,21,0,21,2,21,3,22,5,5,1,0,0,0,0,0,0,0,0,0,0,0,0,0,0,0,0,0,0,5,1,20,7,19,9,19,10,19,11,19,12,19,13,19,13,19,13,19,14,19,15,19,15,19,15,19,15,19,15,19,15,18,15,18,14,18,14,19,13,19,13,19,12,19,11,20,11,20,10,20,10,20,9]"
CSI_DATA,99187,d8:b1:90:db:e8:90,-53,11,1,7,0,0,1,0,0,0,1,-95,0,4,0,1505111299,0,100,0,128,1,"[100,-64,5,0,20,-11,19,-11,18,-12,18,-12,17,-12,16,-13,15,-13,14,-14,14,-15,13,-15,13,-16,13,-16,13,-17,13,-18,14,-18,14,-18,14,-18,15,-18,15,-18,16,-18,17,-18,17,-17,18,-16,19,-15,20,-14,5,-4,0,0,0,0,0,0,0,0,0,0,0,0,0,0,0,0,0,0,5,-4,20,-13,21,-12,22,-11,23,-10,24,-9,24,-9,25,-8,25,-8,26,-8,26,-7,26,-7,26,-7,26,-6,26,-6,26,-6,26,-6,26,-7,25,-7,25,-7,24,-8,24,-8,24,-9,24,-9,24,-10,23,-10,22,-11]"
CSI_DATA,99188,d8:b1:90:db:e8:90,-53,11,1,7,0,0,1,0,0,0,1,-95,0,4,0,1505126201,0,100,0,128,1,"[100,-64,5,0,-15,-18,-15,-17,-15,-16,-15,-15,-15,-14,-15,-13,-16,-12,-16,-12,-16,-11,-17,-10,-18,-9,-18,-9,-19,-9,-19,-9,-20,-9,-20,-9,-20,-9,-19,-9,-19,-10,-20,-10,-20,-11,-19,-11,-18,-12,-19,-13,-18,-15,-5,-4,0,0,0,0,0,0,0,0,0,0,0,0,0,0,0,0,0,0,-4,-5,-14,-18,-13,-18,-13,-19,-12,-20,-11,-20,-11,-21,-11,-22,-11,-22,-10,-23,-10,-23,-10,-24,-9,-24,-9,-24,-9,-24,-9,-24,-10,-23,-10,-23,-11,-23,-11,-22,-11,-22,-12,-22,-12,-21,-13,-21,-13,-21,-13,-20,-13,-20]"
CSI_DATA,99189,d8:b1:90:db:e8:90,-52,11,1,7,0,0,1,0,0,0,1,-95,0,4,0,1505139261,0,100,0,128,1,"[100,-64,5,0,-1,23,-1,22,0,21,1,21,2,20,3,20,4,19,5,19,5,19,6,18,7,18,7,18,8,18,8,19,9,19,9,19,9,19,8,19,8,19,8,20,8,20,7,20,6,21,5,22,3,22,0,5,0,0,0,0,0,0,0,0,0,0,0,0,0,0,0,0,0,0,0,5,0,23,-1,23,-2,23,-3,23,-4,23,-5,24,-6,24,-6,25,-7,25,-8,26,-9,26,-9,26,-9,25,-9,25,-9,25,-8,25,-8,24,-7,25,-7,25,-6,25,-5,25,-5,25,-4,25,-4,25,-3,24,-3,24]"
CSI_DATA,99190,d8:b1:90:db:e8:90,-52,11,1,7,0,0,1,0,0,0,1,-95,0,4,0,1505153395,0,100,0,128,1,"[100,-64,5,0,23,4,22,3,21,2,20,1,20,0,19,-1,19,-2,19,-3,19,-3,19,-4,19,-5,19,-5,19,-6,19,-6,20,-6,20,-6,20,-6,20,-6,21,-6,21,-5,21,-5,21,-4,21,-3,22,-2,22,0,5,0,0,0,0,0,0,0,0,0,0,0,0,0,0,0,0,0,0,0,5,0,23,2,23,3,23,5,23,6,23,7,23,7,24,8,24,8,24,9,24,10,24,10,24,11,23,11,23,11,23,11,23,10,23,10,23,10,23,9,23,9,23,8,24,7,24,7,24,7,24,6,24,5]"
CSI_DATA,99191,d8:b1:90:db:e8:90,-51,11,1,7,0,0,1,0,0,0,1,-95,0,4,0,1505164112,0,100,0,128,1,"[100,-64,5,0,-2,-22,-2,-21,-3,-20,-4,-20,-5,-19,-5,-19,-6,-19,-7,-18,-7,-18,-8,-18,-9,-18,-9,-18,-10,-18,-10,-18,-10,-18,-10,-18,-10,-18,-10,-18,-10,-19,-10,-19,-10,-19,-9,-19,-8,-20,-7,-21,-7,-21,-2,-6,0,0,0,0,0,0,0,0,0,0,0,0,0,0,0,0,0,0,-1,-6,-3,-22,-2,-22,-1,-22,0,-23,1,-23,1,-24,2,-25,2,-25,3,-26,4,-26,4,-26,4,-26,4,-26,5,-26,5,-26,4,-26,4,-25,4,-25,3,-25,3,-25,2,-25,2,-25,1,-24,1,-24,0,-24,0,-24]"
CSI_DATA,99192,d8:b1:90:db:e8:90,-51,11,1,7,0,0,1,0,0,0,1,-95,0,4,0,1505192722,0,100,0,128,1,"[100,-64,5,0,11,20,11,19,11,18,12,17,12,16,13,15,13,14,14,14,14,13,15,13,15,13,16,13,16,13,17,12,17,13,17,13,17,12,17,12,17,13,17,14,17,14,16,15,15,15,15,17,14,18,3,4,0,0,0,0,0,0,0,0,0,0,0,0,0,0,0,0,0,0,3,4,14,17,13,18,12,19,11,20,11,21,10,22,10,23,10,24,10,25,9,26,9,26,8,26,8,26,8,26,8,26,8,26,8,25,8,25,8,25,9,24,9,24,10,24,10,23,10,22,11,22,11,22]"
CSI_DATA,99193,d8:b1:90:db:e8:90,-52,11,1,7,0,0,1,0,0,0,1,-95,0,4,0,1505203527,0,100,0,128,1,"[100,-64,5,0,23,-10,22,-11,21,-11,20,-12,19,-12,19,-12,18,-13,17,-13,17,-14,16,-15,16,-15,16,-16,16,-17,16,-17,16,-17,16,-17,16,-17,16,-17,17,-16,17,-16,18,-15,18,-14,19,-14,20,-13,21,-12,5,-3,0,0,0,0,0,0,0,0,0,0,0,0,0,0,0,0,0,0,4,-3,17,-9,18,-9,21,-9,23,-9,24,-9,25,-8,26,-8,27,-7,28,-7,28,-6,29,-5,29,-5,29,-4,29,-4,28,-5,28,-5,28,-6,27,-6,27,-6,27,-6,26,-7,26,-7,26,-8,26,-8,26,-9,25,-9]"
CSI_DATA,99194,d8:b1:90:db:e8:90,-51,11,1,7,0,0,1,0,0,0,1,-95,0,4,0,1505223650,0,100,0,128,1,"[100,-64,5,0,4,-22,3,-22,3,-21,2,-21,1,-21,0,-20,-1,-20,-1,-20,-2,-20,-3,-20,-3,-20,-4,-21,-4,-21,-4,-21,-4,-21,-4,-22,-4,-22,-4,-22,-3,-22,-3,-22,-3,-22,-2,-22,-1,-22,0,-23,1,-23,0,-6,0,0,0,0,0,0,0,0,0,0,0,0,0,0,0,0,0,0,0,-6,3,-23,4,-23,5,-23,6,-23,7,-24,8,-24,8,-24,9,-24,10,-25,10,-25,12,-25,12,-25,12,-25,12,-25,12,-24,11,-24,11,-25,10,-24,10,-24,9,-24,8,-24,8,-24,7,-24,7,-24,7,-24,6,-24]"
CSI_DATA,99195,d8:b1:90:db:e8:90,-51,11,1,7,0,0,1,0,0,0,1,-95,0,4,0,1505236341,0,100,0,128,1,"[100,-64,5,0,-12,-21,-12,-20,-12,-19,-12,-18,-13,-17,-13,-16,-14,-16,-14,-15,-15,-14,-15,-14,-16,-14,-17,-14,-17,-14,-17,-14,-17,-15,-17,-15,-17,-15,-17,-15,-17,-15,-17,-15,-16,-15,-15,-16,-15,-16,-14,-17,-13,-18,-4,-5,0,0,0,0,0,0,0,0,0,0,0,0,0,0,0,0,0,0,-4,-5,-14,-18,-13,-19,-12,-20,-12,-21,-11,-21,-11,-22,-11,-23,-11,-24,-10,-24,-10,-25,-10,-26,-10,-26,-9,-26,-9,-26,-9,-26,-9,-26,-9,-25,-9,-25,-10,-25,-11,-24,-11,-24,-11,-24,-11,-23,-12,-23,-12,-22,-12,-22]"
CSI_DATA,99196,d8:b1:90:db:e8:90,-52,11,1,7,0,0,1,0,0,0,1,-95,0,4,0,1505246891,0,100,0,128,1,"[100,-64,5,0,-23,-1,-23,0,-22,0,-21,1,-20,1,-20,2,-20,3,-20,3,-19,4,-19,5,-19,6,-20,6,-20,6,-20,7,-20,7,-21,6,-21,6,-21,6,-21,5,-21,5,-21,5,-21,4,-21,3,-21,2,-21,1,-6,0,0,0,0,0,0,0,0,0,0,0,0,0,0,0,0,0,0,0,-6,0,-22,2,-22,1,-22,0,-22,-1,-23,-2,-24,-3,-24,-3,-25,-4,-25,-4,-26,-5,-26,-5,-26,-6,-26,-6,-25,-6,-25,-6,-25,-6,-25,-6,-25,-5,-25,-5,-25,-4,-25,-4,-25,-4,-24,-3,-24,-3,-24,-2,-24,-2]"
CSI_DATA,99197,d8:b1:90:db:e8:90,-51,11,1,7,0,0,1,0,0,0,1,-95,0,4,0,1505258212,0,100,0,128,1,"[100,-64,5,0,-21,13,-20,13,-19,14,-18,14,-17,14,-16,14,-16,15,-15,15,-15,16,-14,16,-14,17,-14,17,-14,18,-14,18,-14,19,-14,19,-14,19,-15,19,-15,18,-15,18,-15,17,-15,17,-16,16,-17,15,-18,15,-5,3,0,0,0,0,0,0,0,0,0,0,0,0,0,0,0,0,0,0,-5,3,-19,14,-20,13,-21,13,-21,12,-22,12,-23,12,-24,12,-25,12,-25,11,-26,11,-27,10,-27,10,-27,10,-27,10,-27,9,-27,9,-27,10,-26,10,-26,11,-25,12,-25,12,-25,13,-24,13,-24,12,-23,13,-23,13]"
CSI_DATA,99198,d8:b1:90:db:e8:90,-51,11,1,7,0,0,1,0,0,0,1,-95,0,4,0,1505272357,0,100,0,128,1,"[100,-64,5,0,-9,21,-8,21,-7,21,-6,21,-5,21,-4,21,-4,20,-3,20,-3,20,-2,20,-1,20,-1,20,0,21,0,21,0,21,0,22,0,22,0,21,-1,21,-1,22,-2,22,-2,22,-3,22,-4,22,-6,22,-2,5,0,0,0,0,0,0,0,0,0,0,0,0,0,0,0,0,0,0,-2,5,-6,20,-7,20,-8,20,-9,21,-10,21,-11,21,-12,21,-12,21,-13,22,-14,22,-14,22,-14,22,-14,22,-14,22,-14,22,-14,23,-14,23,-13,22,-13,22,-13,22,-12,22,-11,22,-11,23,-10,23,-10,23,-10,22]"
CSI_DATA,99199,d8:b1:90:db:e8:90,-51,11,1,7,0,0,1,0,0,0,1,-95,0,4,0,1505287879,0,100,0,128,1,"[100,-64,5,0,-23,6,-22,6,-21,6,-20,7,-20,8,-19,8,-19,9,-19,10,-18,10,-18,11,-18,12,-18,12,-18,12,-18,13,-18,13,-18,13,-18,12,-18,12,-18,12,-19,12,-20,11,-20,11,-20,10,-21,9,-21,8,-6,2,0,0,0,0,0,0,0,0,0,0,0,0,0,0,0,0,0,0,-5,2,-20,8,-21,7,-21,6,-21,5,-22,5,-23,4,-24,4,-24,3,-25,3,-26,3,-26,3,-27,2,-26,2,-26,2,-26,2,-26,2,-25,2,-25,3,-25,2,-25,2,-25,3,-25,4,-25,4,-25,5,-24,5,-24,6]"
CSI_DATA,99200,d8:b1:90:db:e8:90,-51,11,1,7,0,0,1,0,0,0,1,-95,0,4,0,1505302159,0,100,0,128,1,"[100,-64,5,0,-20,-16,-20,-16,-20,-15,-20,-13,-21,-12,-21,-11,-21,-10,-21,-10,-21,-9,-22,-9,-22,-8,-22,-8,-23,-8,-23,-7,-23,-8,-23,-8,-23,-8,-23,-8,-23,-9,-23,-9,-23,-9,-23,-10,-22,-11,-22,-13,-21,-14,-6,-4,0,0,0,0,0,0,0,0,0,0,0,0,0,0,0,0,0,0,-6,-3,-20,-12,-20,-13,-19,-14,-19,-15,-19,-16,-20,-17,-20,-18,-20,-19,-20,-19,-20,-20,-20,-21,-19,-22,-19,-22,-19,-22,-19,-21,-19,-21,-19,-20,-19,-20,-19,-20,-20,-20,-20,-19,-20,-19,-21,-19,-21,-18,-21,-18,-21,-17]"
CSI_DATA,99201,d8:b1:90:db:e8:90,-51,11,1,7,0,0,1,0,0,0,1,-95,0,4,0,1505313004,0,100,0,128,1,"[100,-64,5,0,-18,16,-17,16,-17,16,-16,16,-15,17,-14,17,-13,17,-12,18,-11,18,-11,18,-11,18,-11,19,-11,20,-10,20,-10,20,-11,20,-11,21,-11,20,-12,20,-12,20,-12,19,-13,19,-14,18,-14,18,-16,17,-4,4,0,0,0,0,0,0,0,0,0,0,0,0,0,0,0,0,0,0,-4,4,-14,17,-15,16,-16,16,-17,16,-18,15,-19,15,-20,16,-20,16,-21,16,-22,15,-23,15,-23,14,-23,14,-24,14,-23,14,-23,14,-23,14,-23,15,-22,15,-21,15,-21,16,-21,16,-20,16,-19,16,-19,17,-20,17]"
CSI_DATA,99202,d8:b1:90:db:e8:90,-57,11,1,7,0,0,1,0,0,0,1,-95,0,4,0,1505327016,0,100,0,128,1,"[100,-64,5,0,-8,16,-7,16,-8,16,-10,17,-10,17,-9,17,-10,19,-13,22,-15,23,-14,23,-12,22,-10,20,-8,19,-8,19,-6,21,-3,27,-1,30,-1,30,0,29,3,27,4,26,3,26,2,26,1,26,0,26,0,6,0,0,0,0,0,0,0,0,0,0,0,0,0,0,0,0,0,0,-2,-3,-8,-10,-7,-13,-5,-19,-3,-22,-3,-23,-2,-23,-1,-24,-1,-24,0,-24,0,-25,0,-26,1,-26,1,-26,0,-18,-1,-1,-2,7,-1,7,2,11,7,18,10,22,10,22,7,18,0,12,-3,8,-5,8,-11,9]"
CSI_DATA,99203,d8:b1:90:db:e8:90,-51,11,1,5,0,0,1,0,1,0,0,-95,0,4,0,1505337685,0,100,0,128,1,"[100,-64,5,0,6,-17,7,-19,7,-22,6,-24,5,-26,3,-27,1,-28,-2,-28,-5,-28,-7,-28,-9,-27,-11,-26,-11,-25,-11,-24,-10,-23,-9,-22,-8,-21,-6,-20,-4,-20,-2,-19,0,-18,2,-17,3,-15,6,-14,8,-13,2,-3,0,0,0,0,0,0,0,0,0,0,0,0,0,0,0,0,0,0,-6,2,-24,11,-25,10,-26,10,-26,10,-25,11,-24,11,-23,10,-21,9,-18,8,-16,6,-14,3,-11,1,-10,-2,-9,-5,-8,-8,-7,-10,-8,-11,-8,-12,-8,-13,-8,-13,-7,-13,-7,-12,-5,-12,-3,-12,-1,-12,1,-13]"
CSI_DATA,99204,d8:b1:90:db:e8:90,-51,11,1,7,0,0,1,0,0,0,1,-95,0,4,0,1505350062,0,100,0,128,1,"[100,-64,5,0,-19,14,-18,14,-17,14,-16,15,-16,15,-15,16,-14,16,-14,16,-13,16,-13,17,-12,17,-12,18,-12,18,-12,18,-12,19,-12,19,-12,19,-13,19,-13,19,-13,18,-13,18,-14,18,-15,17,-16,16,-17,15,-5,3,0,0,0,0,0,0,0,0,0,0,0,0,0,0,0,0,0,0,-4,3,-16,14,-17,14,-18,13,-19,12,-20,12,-21,12,-21,12,-21,12,-22,12,-23,12,-23,12,-24,12,-24,12,-24,12,-24,12,-24,12,-24,12,-23,12,-23,12,-22,13,-22,13,-22,14,-22,14,-21,15,-21,15,-21,15]"
CSI_DATA,99205,d8:b1:90:db:e8:90,-51,11,1,7,0,0,1,0,0,0,1,-95,0,4,0,1505362801,0,100,0,128,1,"[100,-64,5,0,-24,3,-23,3,-22,4,-22,5,-22,6,-21,6,-21,7,-21,7,-20,8,-20,8,-20,9,-20,9,-20,10,-20,10,-20,11,-21,11,-21,11,-21,10,-21,10,-22,10,-22,9,-22,9,-22,8,-22,6,-23,5,-6,1,0,0,0,0,0,0,0,0,0,0,0,0,0,0,0,0,0,0,-6,1,-22,5,-23,3,-23,2,-23,1,-24,1,-25,0,-25,0,-26,0,-26,0,-27,-1,-27,-1,-28,-2,-28,-2,-28,-2,-27,-2,-27,-2,-27,-1,-26,-1,-26,-1,-26,0,-26,1,-27,1,-27,2,-27,2,-27,2,-26,2]"
CSI_DATA,99206,d8:b1:90:db:e8:90,-51,11,1,7,0,0,1,0,0,0,1,-95,0,4,0,1505374778,0,100,0,128,1,"[100,-64,5,0,-7,-24,-7,-23,-8,-23,-8,-22,-9,-21,-10,-21,-10,-20,-11,-19,-11,-19,-12,-19,-13,-19,-13,-19,-14,-19,-14,-19,-14,-20,-14,-20,-14,-20,-13,-20,-13,-20,-13,-21,-13,-21,-12,-21,-11,-22,-10,-22,-9,-23,-2,-6,0,0,0,0,0,0,0,0,0,0,0,0,0,0,0,0,0,0,-2,-6,-8,-21,-7,-22,-6,-23,-5,-23,-4,-24,-4,-25,-3,-26,-3,-26,-2,-27,-2,-27,-1,-27,-1,-27,-1,-27,-1,-28,-2,-28,-2,-27,-2,-27,-3,-27,-3,-27,-3,-27,-4,-27,-5,-27,-5,-26,-6,-26,-6,-26,-6,-25]"
CSI_DATA,99207,d8:b1:90:db:e8:90,-51,11,1,7,0,0,1,0,0,0,1,-95,0,4,0,1505397342,0,100,0,128,1,"[100,-64,5,0,-17,-13,-17,-13,-17,-12,-17,-11,-17,-10,-17,-9,-18,-9,-18,-8,-18,-7,-18,-7,-19,-7,-19,-7,-20,-6,-20,-6,-20,-6,-20,-6,-20,-6,-20,-6,-20,-7,-20,-7,-20,-7,-20,-8,-20,-9,-19,-10,-18,-11,-5,-3,0,0,0,0,0,0,0,0,0,0,0,0,0,0,0,0,0,0,-4,-3,-16,-11,-15,-13,-15,-14,-14,-15,-14,-15,-14,-16,-15,-16,-15,-17,-15,-17,-15,-18,-15,-18,-14,-19,-14,-19,-15,-19,-15,-19,-15,-18,-15,-18,-16,-18,-16,-18,-16,-17,-17,-17,-17,-17,-17,-16,-17,-15,-17,-15,-17,-15]"
CSI_DATA,99208,d8:b1:90:db:e8:90,-51,11,1,7,0,0,1,0,0,0,1,-95,0,4,0,1505407606,0,100,0,128,1,"[100,-64,5,0,16,-19,15,-18,14,-18,14,-19,13,-19,12,-19,11,-19,10,-20,9,-20,9,-20,9,-21,8,-21,8,-21,8,-22,8,-22,9,-22,9,-22,9,-23,9,-22,9,-22,10,-22,11,-21,12,-21,13,-20,14,-19,3,-5,0,0,0,0,0,0,0,0,0,0,0,0,0,0,0,0,0,0,3,-5,12,-17,13,-17,15,-17,16,-17,17,-17,17,-17,18,-17,19,-16,19,-16,20,-16,21,-16,21,-16,21,-16,21,-16,21,-16,21,-16,21,-16,20,-17,20,-17,19,-17,19,-17,19,-18,18,-18,18,-18,18,-18,18,-19]"
CSI_DATA,99209,d8:b1:90:db:e8:90,-51,11,1,7,0,0,1,0,0,0,1,-95,0,4,0,1505425241,0,100,0,128,1,"[100,-64,5,0,-26,2,-25,2,-25,3,-24,4,-23,5,-23,6,-22,6,-22,7,-21,8,-21,8,-21,9,-21,10,-21,10,-21,11,-21,11,-22,11,-22,11,-22,10,-22,10,-23,9,-24,8,-24,8,-24,7,-24,6,-25,4,-7,1,0,0,0,0,0,0,0,0,0,0,0,0,0,0,0,0,0,0,-6,1,-23,5,-23,4,-24,2,-24,2,-25,1,-26,0,-27,0,-27,-1,-28,-2,-28,-3,-28,-3,-29,-3,-29,-3,-28,-4,-28,-3,-28,-3,-28,-2,-28,-2,-28,-1,-28,-1,-28,0,-28,0,-28,1,-28,1,-27,2,-27,2]"
CSI_DATA,99210,d8:b1:90:db:e8:90,-51,11,1,7,0,0,1,0,0,0,1,-95,0,4,0,1505437598,0,100,0,128,1,"[100,-64,5,0,-19,-11,-19,-11,-19,-10,-19,-9,-19,-8,-19,-8,-19,-7,-18,-6,-19,-6,-19,-5,-20,-4,-20,-4,-20,-4,-20,-4,-21,-3,-20,-3,-20,-4,-20,-4,-20,-4,-20,-5,-20,-6,-20,-6,-20,-7,-20,-8,-19,-9,-5,-3,0,0,0,0,0,0,0,0,0,0,0,0,0,0,0,0,0,0,-5,-2,-18,-8,-17,-9,-17,-11,-17,-12,-17,-12,-17,-13,-17,-14,-17,-15,-18,-15,-18,-16,-18,-16,-18,-16,-18,-17,-18,-17,-18,-17,-18,-16,-18,-16,-18,-15,-18,-15,-19,-14,-19,-14,-19,-14,-20,-13,-20,-13,-20,-12,-19,-12]"
CSI_DATA,99211,d8:b1:90:db:e8:90,-51,11,1,7,0,0,1,0,0,0,1,-95,0,4,0,1505449780,0,100,0,128,1,"[100,-64,5,0,-15,-22,-15,-21,-15,-20,-16,-19,-16,-18,-17,-17,-17,-16,-18,-15,-18,-15,-19,-14,-20,-14,-20,-13,-20,-13,-21,-13,-21,-13,-21,-13,-22,-13,-22,-13,-22,-13,-21,-14,-21,-15,-20,-15,-19,-16,-18,-17,-17,-18,-5,-5,0,0,0,0,0,0,0,0,0,0,0,0,0,0,0,0,0,0,-4,-5,-14,-18,-14,-19,-13,-20,-13,-21,-12,-22,-12,-22,-12,-23,-13,-24,-13,-24,-12,-25,-11,-26,-10,-27,-10,-27,-10,-27,-10,-27,-10,-26,-11,-26,-11,-26,-11,-26,-12,-25,-13,-25,-13,-25,-13,-24,-14,-24,-14,-24,-14,-23]"
CSI_DATA,99212,d8:b1:90:db:e8:90,-51,11,1,7,0,0,1,0,0,0,1,-95,0,4,0,1505462374,0,100,0,128,1,"[100,-64,5,0,-17,19,-16,19,-15,19,-14,19,-13,19,-11,19,-11,19,-10,20,-9,20,-9,20,-8,20,-7,21,-7,22,-7,22,-7,23,-7,23,-7,23,-7,23,-8,22,-8,22,-9,21,-10,21,-10,21,-12,20,-13,20,-4,4,0,0,0,0,0,0,0,0,0,0,0,0,0,0,0,0,0,0,-3,4,-13,18,-14,18,-15,17,-16,17,-16,17,-17,17,-18,18,-19,18,-19,18,-20,18,-22,17,-22,17,-22,17,-22,17,-22,16,-22,16,-21,17,-21,17,-21,17,-20,17,-20,18,-19,18,-19,18,-19,18,-19,19,-18,19]"
CSI_DATA,99213,d8:b1:90:db:e8:90,-52,11,1,7,0,0,1,0,0,0,1,-95,0,4,0,1505473475,0,100,0,128,1,"[100,-64,5,0,18,6,18,5,18,5,18,4,18,3,18,3,18,2,17,1,17,1,17,0,18,-1,18,-1,18,-1,19,-1,19,-1,18,-1,19,-1,19,-1,18,0,19,0,19,1,18,1,19,2,19,3,19,4,4,1,0,0,0,0,0,0,0,0,0,0,0,0,0,0,0,0,0,0,4,0,17,3,16,4,16,5,17,6,17,7,17,7,18,8,18,8,19,9,19,10,19,10,19,10,19,11,19,11,19,11,19,10,19,10,19,10,19,10,19,9,19,9,20,8,20,8,20,8,20,7,20,7]"
CSI_DATA,99214,d8:b1:90:db:e8:90,-50,11,1,7,0,0,1,0,0,0,1,-95,0,4,0,1505498221,0,100,0,128,1,"[100,-64,5,0,22,13,22,13,22,12,22,11,21,10,21,9,22,8,22,7,22,6,22,5,23,5,23,4,24,4,24,4,24,4,24,4,24,5,24,5,24,5,23,5,23,6,23,6,23,7,22,9,22,10,5,2,0,0,0,0,0,0,0,0,0,0,0,0,0,0,0,0,0,0,5,2,20,10,19,11,19,12,18,13,19,14,19,15,19,16,19,17,19,18,20,18,20,19,20,19,20,20,20,20,20,19,19,19,20,19,20,19,20,18,20,18,21,17,21,17,21,16,22,16,22,15,22,15]"
CSI_DATA,99215,d8:b1:90:db:e8:90,-51,11,1,7,0,0,1,0,0,0,1,-95,0,4,0,1505510634,0,100,0,128,1,"[100,-64,5,0,-27,1,-26,1,-25,2,-24,2,-24,3,-23,4,-23,4,-22,5,-22,6,-22,7,-22,8,-22,8,-22,8,-22,9,-23,9,-23,9,-24,9,-23,9,-24,8,-24,8,-24,7,-25,6,-25,5,-25,4,-24,3,-6,0,0,0,0,0,0,0,0,0,0,0,0,0,0,0,0,0,0,0,-6,0,-23,3,-23,2,-24,0,-25,-1,-25,-1,-26,-2,-26,-3,-26,-3,-27,-4,-27,-5,-28,-6,-28,-6,-28,-6,-28,-7,-28,-6,-29,-6,-29,-5,-28,-5,-28,-4,-27,-4,-28,-3,-28,-3,-28,-2,-28,-2,-28,-1,-28,-1]"
CSI_DATA,99216,d8:b1:90:db:e8:90,-51,11,1,7,0,0,1,0,0,0,1,-95,0,4,0,1505522273,0,100,0,128,1,"[100,-64,5,0,12,-22,11,-22,10,-22,9,-22,8,-22,7,-22,6,-22,5,-22,4,-22,3,-22,3,-22,3,-23,3,-23,2,-23,2,-24,3,-24,3,-24,3,-24,3,-24,4,-24,5,-23,5,-23,6,-23,7,-23,8,-22,2,-6,0,0,0,0,0,0,0,0,0,0,0,0,0,0,0,0,0,0,2,-5,9,-20,10,-20,11,-20,12,-20,13,-20,14,-20,15,-20,16,-20,16,-20,17,-20,18,-20,19,-20,18,-20,18,-20,18,-20,18,-20,18,-20,18,-20,17,-21,16,-21,16,-21,15,-22,15,-22,14,-22,14,-22,13,-23]"
CSI_DATA,99217,d8:b1:90:db:e8:90,-52,11,1,7,0,0,1,0,0,0,1,-95,0,4,0,1505533089,0,114,0,128,1,"[114,-96,6,0,5,-20,5,-20,4,-20,3,-20,3,-19,2,-19,1,-19,0,-19,0,-19,-1,-19,-2,-19,-2,-19,-2,-20,-2,-20,-2,-20,-2,-20,-2,-20,-2,-20,-1,-20,-1,-20,0,-20,0,-20,1,-20,2,-20,3,-20,0,-5,0,0,0,0,0,0,0,0,0,0,0,0,0,0,0,0,0,0,0,-5,3,-18,4,-18,5,-18,6,-18,7,-18,7,-18,8,-19,9,-19,9,-19,10,-19,10,-20,11,-20,11,-20,11,-20,11,-20,11,-20,11,-20,11,-20,10,-20,9,-20,9,-20,8,-20,8,-20,7,-20,7,-20,7,-21]"
CSI_DATA,99218,d8:b1:90:db:e8:90,-52,11,1,7,0,0,1,0,0,0,1,-95,0,4,0,1505546145,0,100,0,128,1,"[100,-64,5,0,-4,19,-3,19,-2,19,-2,18,-1,18,0,18,0,17,1,17,1,17,2,16,3,17,3,17,3,17,3,18,3,18,3,18,2,19,2,19,2,19,1,19,0,19,0,18,-1,18,-2,18,-3,18,-1,4,0,0,0,0,0,0,0,0,0,0,0,0,0,0,0,0,0,0,-1,4,-2,16,-3,17,-4,17,-5,18,-5,18,-6,18,-6,18,-6,19,-7,19,-7,19,-8,19,-8,19,-8,19,-8,19,-8,19,-8,19,-7,20,-7,20,-7,20,-6,20,-6,20,-5,20,-5,20,-5,20,-4,20,-5,20]"
CSI_DATA,99219,d8:b1:90:db:e8:90,-51,11,1,7,0,0,1,0,0,0,1,-95,0,4,0,1505557007,0,100,0,128,1,"[100,-64,5,0,-25,4,-24,4,-24,5,-23,6,-23,6,-22,7,-21,8,-20,8,-20,9,-19,9,-19,10,-20,10,-20,11,-20,11,-20,11,-21,11,-21,11,-21,11,-21,10,-22,9,-22,9,-22,8,-23,7,-23,6,-23,5,-6,1,0,0,0,0,0,0,0,0,0,0,0,0,0,0,0,0,0,0,-6,1,-22,5,-23,4,-23,3,-24,2,-25,1,-25,1,-26,1,-26,1,-27,0,-27,-1,-27,-1,-28,-1,-27,-2,-27,-2,-27,-1,-28,-1,-27,0,-27,0,-27,0,-27,1,-27,2,-27,2,-27,3,-26,3,-26,3,-27,3]"
CSI_DATA,99220,d8:b1:90:db:e8:90,-52,11,1,7,0,0,1,0,0,0,1,-95,0,4,0,1505567080,0,100,0,128,1,"[100,-64,5,0,17,9,17,9,17,8,17,7,17,6,17,5,17,5,16,4,16,3,16,3,16,2,17,2,17,2,18,2,18,2,18,2,18,2,18,2,18,3,18,4,18,4,18,5,17,5,17,6,17,7,4,1,0,0,0,0,0,0,0,0,0,0,0,0,0,0,0,0,0,0,3,1,15,7,15,8,15,9,15,10,15,11,15,11,15,12,15,12,15,13,16,13,16,13,15,14,15,14,15,14,16,14,16,14,16,13,16,13,17,13,17,12,17,12,17,12,17,11,18,10,18,10,18,10]"
CSI_DATA,99221,d8:b1:90:db:e8:90,-51,11,1,7,0,0,1,0,0,0,1,-95,0,4,0,1505577528,0,100,0,128,1,"[100,-64,5,0,-24,-13,-24,-12,-23,-11,-23,-10,-23,-9,-22,-8,-22,-7,-22,-6,-21,-6,-22,-5,-22,-4,-23,-4,-23,-4,-23,-4,-24,-4,-24,-3,-24,-3,-24,-4,-24,-4,-23,-5,-23,-5,-23,-6,-23,-6,-23,-8,-22,-10,-6,-3,0,0,0,0,0,0,0,0,0,0,0,0,0,0,0,0,0,0,-6,-3,-22,-10,-21,-12,-20,-13,-20,-14,-20,-15,-21,-15,-21,-16,-21,-16,-21,-17,-22,-18,-22,-18,-22,-18,-22,-19,-22,-19,-21,-19,-21,-19,-21,-19,-22,-19,-22,-18,-22,-18,-22,-17,-23,-17,-23,-16,-23,-15,-23,-15,-24,-14]"
CSI_DATA,99222,d8:b1:90:db:e8:90,-51,11,1,7,0,0,1,0,0,0,1,-95,0,4,0,1505596302,0,100,0,128,1,"[100,-64,5,0,15,-21,14,-21,13,-21,12,-20,11,-20,10,-20,10,-21,9,-21,8,-22,7,-22,6,-22,6,-22,6,-22,6,-23,6,-23,6,-23,6,-23,6,-23,6,-23,7,-23,7,-22,8,-22,9,-22,10,-21,11,-21,2,-6,0,0,0,0,0,0,0,0,0,0,0,0,0,0,0,0,0,0,2,-5,11,-19,12,-19,14,-19,15,-19,15,-19,16,-19,17,-20,18,-20,19,-20,19,-20,20,-20,20,-20,20,-20,20,-20,20,-20,20,-19,20,-20,19,-20,19,-20,18,-20,18,-21,18,-21,17,-20,17,-20,17,-20,17,-21]"
CSI_DATA,99223,d8:b1:90:db:e8:90,-52,11,1,7,0,0,1,0,0,0,1,-95,0,4,0,1505607905,0,100,0,128,1,"[100,-64,5,0,-3,20,-2,19,-2,19,-1,18,-1,18,0,17,1,17,1,17,2,17,2,17,3,17,3,17,3,17,4,17,4,17,4,17,4,18,4,18,3,17,3,17,2,17,2,18,1,18,0,18,-1,18,-1,4,0,0,0,0,0,0,0,0,0,0,0,0,0,0,0,0,0,0,0,4,0,16,-1,16,-2,17,-2,18,-3,18,-4,19,-4,19,-4,19,-5,20,-5,20,-6,20,-6,20,-6,20,-6,20,-6,20,-6,20,-6,20,-6,20,-5,20,-5,20,-5,20,-4,20,-4,20,-4,20,-4,20,-4,20]"
CSI_DATA,99224,d8:b1:90:db:e8:90,-51,11,1,7,0,0,1,0,0,0,1,-95,0,4,0,1505618736,0,100,0,128,1,"[100,-64,5,0,-10,-24,-10,-23,-11,-22,-11,-21,-11,-21,-11,-20,-12,-19,-12,-19,-13,-18,-14,-18,-15,-17,-15,-17,-15,-17,-16,-17,-16,-17,-16,-17,-16,-17,-16,-17,-16,-18,-16,-18,-15,-19,-15,-19,-14,-19,-13,-20,-12,-21,-3,-6,0,0,0,0,0,0,0,0,0,0,0,0,0,0,0,0,0,0,-3,-5,-11,-20,-9,-21,-8,-22,-7,-23,-7,-24,-6,-24,-6,-25,-6,-26,-5,-27,-5,-27,-5,-27,-5,-28,-5,-28,-4,-28,-4,-28,-4,-28,-4,-28,-5,-28,-6,-27,-6,-27,-7,-27,-7,-27,-8,-26,-8,-26,-9,-26,-9,-26]"
CSI_DATA,99225,d8:b1:90:db:e8:90,-52,11,1,7,0,0,1,0,0,0,1,-95,0,4,0,1505637098,0,100,0,128,1,"[100,-64,5,0,-1,20,-1,20,0,19,1,19,1,18,2,18,2,17,3,17,3,17,4,16,5,16,5,16,5,17,6,17,6,17,6,17,6,18,5,17,5,17,5,18,4,18,4,18,3,18,2,18,2,19,0,4,0,0,0,0,0,0,0,0,0,0,0,0,0,0,0,0,0,0,0,4,3,17,2,18,0,18,-1,18,-1,19,-2,20,-2,20,-3,20,-3,21,-3,21,-3,22,-4,22,-3,22,-4,22,-4,21,-4,21,-4,21,-4,21,-3,21,-3,21,-2,21,-2,21,-2,21,-1,21,-1,21,-1,21]"
CSI_DATA,99226,d8:b1:90:db:e8:90,-51,11,1,7,0,0,1,0,0,0,1,-95,0,4,0,1505647124,0,100,0,128,1,"[100,-64,5,0,13,-20,12,-20,12,-20,11,-20,10,-20,9,-20,8,-20,7,-20,6,-20,5,-21,5,-21,4,-21,4,-21,4,-22,4,-22,4,-22,4,-22,4,-22,5,-22,5,-22,6,-22,6,-22,7,-21,8,-21,8,-21,2,-6,0,0,0,0,0,0,0,0,0,0,0,0,0,0,0,0,0,0,2,-5,8,-20,10,-20,11,-20,12,-19,13,-19,14,-20,15,-20,16,-20,17,-20,17,-20,17,-20,17,-20,17,-20,18,-20,18,-20,18,-20,18,-20,17,-20,17,-20,16,-20,16,-20,15,-21,15,-21,14,-21,15,-21,15,-22]"
CSI_DATA,99227,d8:b1:90:db:e8:90,-51,11,1,7,0,0,1,0,0,0,1,-95,0,4,0,1505657170,0,100,0,128,1,"[100,-64,5,0,17,-18,16,-18,15,-18,14,-18,13,-17,12,-18,11,-18,10,-18,10,-19,9,-19,9,-19,8,-20,8,-20,7,-20,8,-21,9,-21,9,-21,9,-21,9,-21,10,-20,10,-20,11,-19,11,-19,12,-18,13,-18,3,-5,0,0,0,0,0,0,0,0,0,0,0,0,0,0,0,0,0,0,3,-5,14,-19,14,-18,16,-18,17,-18,18,-18,19,-18,19,-18,20,-18,21,-18,22,-18,22,-17,23,-17,23,-17,23,-16,23,-16,22,-17,22,-17,22,-17,21,-18,21,-18,21,-18,20,-18,20,-18,19,-18,19,-19,20,-19]"
CSI_DATA,99228,d8:b1:90:db:e8:90,-51,11,1,7,0,0,1,0,0,0,1,-95,0,4,0,1505668181,0,100,0,128,1,"[100,-64,5,0,-25,-5,-24,-5,-24,-4,-23,-3,-22,-2,-22,-1,-21,0,-21,1,-21,2,-21,2,-21,3,-21,4,-21,4,-21,4,-21,4,-22,4,-22,4,-22,3,-22,3,-22,3,-22,2,-23,2,-23,1,-22,0,-22,-2,-6,-1,0,0,0,0,0,0,0,0,0,0,0,0,0,0,0,0,0,0,-6,-1,-23,-2,-23,-3,-23,-5,-24,-6,-24,-6,-25,-7,-25,-7,-26,-8,-26,-8,-27,-9,-27,-10,-26,-10,-26,-11,-26,-11,-26,-11,-26,-10,-26,-10,-26,-10,-26,-9,-26,-9,-27,-8,-27,-8,-26,-7,-26,-7,-26,-6,-26,-6]"
CSI_DATA,99229,d8:b1:90:db:e8:90,-51,11,1,7,0,0,1,0,0,0,1,-95,0,4,0,1505680111,0,100,0,128,1,"[100,-64,5,0,-10,-22,-10,-22,-10,-21,-11,-20,-11,-19,-12,-18,-12,-17,-13,-17,-13,-16,-14,-15,-15,-15,-15,-15,-16,-14,-16,-14,-17,-15,-17,-15,-17,-15,-16,-15,-16,-16,-15,-16,-15,-16,-15,-17,-14,-17,-14,-18,-13,-19,-4,-5,0,0,0,0,0,0,0,0,0,0,0,0,0,0,0,0,0,0,-3,-5,-12,-19,-12,-20,-11,-21,-10,-22,-9,-23,-9,-23,-9,-24,-8,-25,-8,-26,-8,-26,-7,-27,-6,-27,-6,-27,-6,-27,-6,-27,-6,-27,-7,-27,-7,-27,-7,-27,-8,-26,-8,-26,-8,-26,-9,-25,-9,-24,-9,-24,-10,-24]"
CSI_DATA,99230,d8:b1:90:db:e8:90,-51,11,1,5,0,0,1,0,1,0,0,-95,0,4,0,1505705238,0,100,0,128,1,"[100,-64,5,0,-18,-11,-20,-12,-21,-12,-23,-12,-24,-11,-26,-9,-27,-7,-28,-5,-28,-2,-28,0,-28,3,-27,5,-26,7,-26,8,-24,8,-23,8,-21,7,-20,6,-19,4,-17,2,-16,0,-15,-1,-13,-3,-11,-5,-10,-7,-3,-2,0,0,0,0,0,0,0,0,0,0,0,0,0,0,0,0,0,0,1,6,6,27,5,28,4,28,4,28,4,27,4,26,4,25,3,23,2,20,1,17,-1,14,-3,11,-6,9,-8,7,-11,5,-13,4,-14,4,-15,3,-16,3,-16,3,-17,2,-16,2,-16,1,-16,-1,-16,-3,-15,-5]"
CSI_DATA,99231,d8:b1:90:db:e8:90,-52,11,1,7,0,0,1,0,0,0,1,-95,0,4,0,1505715832,0,100,0,128,1,"[100,-64,5,0,-26,-4,-25,-3,-25,-2,-24,-1,-23,-1,-23,0,-22,1,-22,2,-22,3,-21,4,-21,5,-22,5,-22,6,-21,7,-22,7,-22,6,-22,6,-22,6,-23,6,-23,6,-24,5,-24,5,-24,4,-24,3,-25,2,-7,0,0,0,0,0,0,0,0,0,0,0,0,0,0,0,0,0,0,0,-7,-1,-25,-1,-25,-3,-25,-4,-26,-5,-26,-6,-27,-7,-28,-7,-28,-8,-29,-8,-29,-9,-29,-10,-29,-10,-29,-10,-29,-11,-28,-11,-28,-11,-28,-10,-28,-10,-28,-9,-28,-9,-28,-8,-28,-7,-28,-6,-28,-5,-28,-5,-28,-5]"
CSI_DATA,99232,d8:b1:90:db:e8:90,-52,11,1,7,0,0,1,0,0,0,1,-95,0,4,0,1505734361,0,100,0,128,1,"[100,-64,5,0,19,11,18,10,18,9,18,9,18,7,17,6,18,5,18,5,18,4,18,3,18,2,19,2,19,1,19,1,19,1,19,2,19,2,20,2,20,2,20,3,20,3,20,3,20,4,20,5,19,7,4,1,0,0,0,0,0,0,0,0,0,0,0,0,0,0,0,0,0,0,4,2,19,8,19,9,19,11,18,12,19,13,19,13,19,14,19,15,20,15,20,16,19,17,19,17,19,17,19,17,18,17,18,17,18,17,19,16,19,16,19,16,19,15,20,14,20,14,20,14,20,13,20,13]"
CSI_DATA,99233,d8:b1:90:db:e8:90,-52,11,1,7,0,0,1,0,0,0,1,-95,0,4,0,1505747515,0,100,0,128,1,"[100,-64,5,0,16,-17,15,-17,14,-17,14,-17,13,-17,12,-17,11,-18,10,-18,9,-19,9,-19,8,-19,8,-19,8,-20,8,-20,8,-21,7,-21,7,-21,7,-21,7,-21,8,-21,9,-21,10,-20,10,-20,12,-19,13,-18,3,-5,0,0,0,0,0,0,0,0,0,0,0,0,0,0,0,0,0,0,3,-5,14,-19,15,-18,16,-18,17,-17,18,-17,19,-16,20,-16,21,-16,22,-16,22,-16,23,-16,23,-15,23,-15,23,-15,23,-14,23,-15,23,-15,22,-16,21,-16,21,-16,20,-17,20,-17,20,-17,19,-17,19,-18,19,-18]"
CSI_DATA,99234,d8:b1:90:db:e8:90,-52,11,1,7,0,0,1,0,0,0,1,-95,0,4,0,1505757722,0,100,0,128,1,"[100,-64,5,0,-11,-21,-11,-20,-12,-19,-13,-18,-13,-18,-14,-17,-14,-16,-14,-15,-15,-14,-15,-13,-16,-13,-16,-13,-16,-13,-17,-13,-17,-13,-18,-13,-18,-14,-18,-14,-18,-14,-18,-15,-18,-15,-17,-16,-17,-17,-16,-18,-15,-18,-4,-5,0,0,0,0,0,0,0,0,0,0,0,0,0,0,0,0,0,0,-4,-5,-13,-19,-12,-20,-11,-22,-10,-23,-9,-24,-9,-25,-9,-26,-9,-27,-8,-27,-8,-28,-7,-28,-6,-28,-6,-28,-6,-28,-6,-28,-6,-28,-7,-28,-7,-27,-8,-26,-8,-25,-9,-25,-9,-25,-10,-25,-10,-25,-10,-24,-10,-24]"
CSI_DATA,99235,d8:b1:90:db:e8:90,-52,11,1,7,0,0,1,0,0,0,1,-95,0,4,0,1505768229,0,100,0,128,1,"[100,-64,5,0,-24,-5,-23,-4,-22,-3,-22,-2,-22,-1,-21,0,-21,1,-20,2,-20,3,-20,4,-20,5,-20,5,-20,6,-20,6,-21,6,-21,6,-22,6,-22,6,-22,6,-23,6,-23,6,-23,5,-24,5,-24,3,-24,2,-6,0,0,0,0,0,0,0,0,0,0,0,0,0,0,0,0,0,0,0,-6,-1,-24,-4,-23,-5,-23,-7,-24,-9,-24,-9,-25,-10,-25,-11,-26,-12,-26,-13,-26,-13,-25,-14,-25,-14,-25,-14,-25,-14,-25,-14,-25,-14,-25,-13,-25,-13,-24,-12,-24,-11,-25,-10,-25,-9,-25,-9,-25,-8,-25,-7,-25,-7]"
CSI_DATA,99236,d8:b1:90:db:e8:90,-53,11,1,7,0,0,1,0,0,0,1,-95,0,4,0,1505781165,0,100,0,128,1,"[100,-64,5,0,3,21,4,20,4,20,5,19,6,18,7,18,8,17,8,16,9,16,10,15,10,15,11,15,11,15,11,15,12,16,12,17,12,17,12,17,12,17,12,18,11,18,11,19,10,20,8,20,7,21,1,5,0,0,0,0,0,0,0,0,0,0,0,0,0,0,0,0,0,0,1,5,5,21,4,21,2,22,1,23,0,24,0,24,-1,25,-2,26,-2,26,-3,27,-3,27,-4,27,-4,26,-4,26,-4,26,-4,26,-3,25,-3,25,-2,24,-1,24,-1,24,0,24,0,24,1,24,1,24,1,23]"
CSI_DATA,99237,d8:b1:90:db:e8:90,-53,11,1,7,0,0,1,0,0,0,1,-95,0,4,0,1505806653,0,100,0,128,1,"[100,-64,5,0,-11,-22,-11,-21,-11,-20,-12,-19,-12,-18,-13,-17,-13,-17,-14,-16,-15,-15,-16,-15,-16,-14,-17,-14,-18,-14,-18,-15,-19,-15,-19,-15,-19,-16,-19,-16,-19,-16,-19,-17,-18,-18,-18,-18,-17,-19,-16,-20,-15,-21,-4,-6,0,0,0,0,0,0,0,0,0,0,0,0,0,0,0,0,0,0,-4,-6,-12,-21,-11,-22,-10,-23,-9,-25,-8,-25,-7,-26,-7,-26,-6,-27,-5,-28,-5,-28,-4,-28,-4,-28,-4,-28,-4,-28,-4,-28,-4,-28,-5,-27,-6,-27,-6,-27,-7,-26,-7,-26,-8,-26,-9,-25,-10,-24,-10,-24,-10,-23]"
CSI_DATA,99238,d8:b1:90:db:e8:90,-53,11,1,7,0,0,1,0,0,0,1,-95,0,4,0,1505816808,0,100,0,128,1,"[100,-64,5,0,-5,23,-5,23,-4,22,-3,21,-2,21,-1,20,0,20,1,20,1,20,2,20,3,20,3,21,4,22,4,22,4,23,4,23,4,23,4,24,3,24,3,24,2,24,2,25,1,25,-1,25,-2,26,-1,6,0,0,0,0,0,0,0,0,0,0,0,0,0,0,0,0,0,0,-1,6,-4,24,-5,24,-7,24,-8,24,-9,24,-10,25,-11,25,-12,25,-13,25,-14,25,-14,25,-14,24,-15,24,-15,24,-15,24,-14,24,-14,24,-13,24,-12,24,-11,25,-10,25,-10,25,-9,25,-8,24,-7,24,-7,24]"
CSI_DATA,99239,d8:b1:90:db:e8:90,-53,11,1,7,0,0,1,0,0,0,1,-95,0,4,0,1505827058,0,100,0,128,1,"[100,-64,5,0,18,12,18,11,18,10,18,10,18,9,18,7,18,6,19,6,19,5,19,4,20,4,21,3,22,3,22,3,22,3,23,4,23,4,23,4,23,5,23,5,23,6,23,6,23,7,23,9,22,10,5,2,0,0,0,0,0,0,0,0,0,0,0,0,0,0,0,0,0,0,4,3,19,13,18,14,17,15,17,16,16,17,16,18,16,19,16,20,16,20,16,21,16,21,16,21,15,21,15,21,15,21,15,20,15,20,16,19,17,18,17,17,17,17,18,17,18,16,18,15,19,15,19,15]"
CSI_DATA,99240,d8:b1:90:db:e8:90,-53,11,1,7,0,0,1,0,0,0,1,-95,0,4,0,1505837900,0,100,0,128,1,"[100,-64,5,0,6,-23,5,-22,4,-22,3,-21,2,-21,1,-21,1,-21,0,-21,-2,-21,-3,-22,-3,-22,-4,-22,-4,-23,-4,-23,-4,-24,-4,-24,-3,-25,-3,-26,-2,-26,-2,-26,-2,-26,-1,-26,0,-26,2,-26,3,-26,1,-7,0,0,0,0,0,0,0,0,0,0,0,0,0,0,0,0,0,0,1,-6,7,-24,8,-24,10,-23,11,-23,12,-23,13,-23,14,-23,15,-24,15,-24,16,-24,16,-24,16,-24,16,-23,16,-23,15,-23,15,-22,15,-22,14,-23,13,-24,12,-24,11,-24,11,-24,10,-24,9,-24,9,-24,9,-24]"
CSI_DATA,99241,d8:b1:90:db:e8:90,-53,11,1,7,0,0,1,0,0,0,1,-95,0,4,0,1505849566,0,100,0,128,1,"[100,-64,5,0,-9,-21,-10,-20,-10,-19,-11,-18,-12,-18,-12,-17,-13,-17,-14,-16,-14,-15,-15,-15,-16,-15,-17,-15,-18,-15,-18,-15,-19,-16,-19,-16,-19,-17,-19,-17,-19,-18,-19,-18,-18,-19,-17,-19,-17,-20,-16,-21,-15,-22,-4,-6,0,0,0,0,0,0,0,0,0,0,0,0,0,0,0,0,0,0,-3,-5,-10,-21,-9,-21,-8,-23,-7,-23,-6,-24,-6,-24,-5,-24,-5,-25,-4,-25,-4,-26,-4,-26,-3,-26,-3,-26,-3,-26,-3,-26,-4,-26,-4,-25,-5,-25,-5,-25,-6,-25,-6,-24,-7,-24,-7,-24,-8,-23,-8,-23,-8,-22]"
CSI_DATA,99242,d8:b1:90:db:e8:90,-53,11,1,7,0,0,1,0,0,0,1,-95,0,4,0,1505860501,0,100,0,128,1,"[100,-64,5,0,-22,0,-22,0,-22,1,-21,2,-21,3,-21,4,-20,5,-20,6,-20,6,-20,7,-21,7,-22,7,-22,8,-23,8,-23,8,-23,8,-24,8,-24,8,-24,7,-25,7,-25,6,-26,5,-26,4,-26,2,-26,1,-7,0,0,0,0,0,0,0,0,0,0,0,0,0,0,0,0,0,0,0,-6,-1,-23,-2,-23,-3,-23,-4,-24,-5,-24,-6,-24,-6,-24,-7,-25,-7,-25,-8,-25,-9,-25,-9,-24,-9,-24,-9,-24,-9,-25,-9,-25,-8,-25,-8,-24,-7,-24,-6,-24,-6,-24,-5,-24,-5,-24,-4,-24,-4,-24,-3,-24,-2]"
CSI_DATA,99243,d8:b1:90:db:e8:90,-53,11,1,7,0,0,1,0,0,0,1,-95,0,4,0,1505871504,0,100,0,128,1,"[100,-64,5,0,20,-7,19,-7,18,-8,18,-9,18,-9,17,-10,17,-11,16,-12,16,-13,16,-14,16,-14,17,-14,17,-15,17,-15,18,-16,19,-15,19,-15,20,-15,20,-14,20,-14,21,-14,21,-13,22,-12,23,-11,23,-9,5,-3,0,0,0,0,0,0,0,0,0,0,0,0,0,0,0,0,0,0,5,-1,21,-4,21,-3,21,-2,22,-1,22,-1,23,0,23,0,23,1,24,1,24,1,24,1,23,1,23,2,23,1,23,1,24,1,24,0,23,0,23,-1,23,-1,22,-2,22,-3,22,-3,22,-4,22,-4,21,-5]"
CSI_DATA,99244,d8:b1:90:db:e8:90,-53,11,1,7,0,0,1,0,0,0,1,-95,0,4,0,1505884628,0,100,0,128,1,"[100,-64,5,0,20,9,20,8,20,7,20,6,20,5,20,4,20,3,21,2,21,2,22,1,23,0,23,0,23,-1,24,-1,25,-1,26,0,26,0,26,1,26,2,25,2,25,3,25,4,25,4,25,6,25,8,6,2,0,0,0,0,0,0,0,0,0,0,0,0,0,0,0,0,0,0,4,2,18,10,18,11,17,12,16,13,16,14,16,15,15,16,15,16,15,17,15,17,15,18,15,18,15,18,15,17,15,17,16,17,16,16,16,15,17,14,17,14,18,13,18,12,18,12,19,11,19,10,19,10]"
CSI_DATA,99245,d8:b1:90:db:e8:90,-54,11,1,7,0,0,1,0,0,0,1,-95,0,4,0,1505908530,0,100,0,128,1,"[100,-64,5,0,-2,22,-2,21,-1,21,0,21,1,21,2,21,3,21,3,21,4,21,5,21,6,21,6,22,6,23,7,24,7,24,6,24,6,25,5,25,4,25,4,25,3,25,3,25,2,25,0,26,-2,26,-1,6,0,0,0,0,0,0,0,0,0,0,0,0,0,0,0,0,0,0,-2,4,-5,17,-6,18,-7,19,-8,19,-9,19,-9,19,-10,19,-10,20,-11,20,-11,20,-10,20,-10,20,-10,20,-10,20,-10,20,-9,20,-9,20,-8,20,-8,20,-7,20,-6,20,-6,21,-5,21,-4,21,-4,21,-3,22]"
CSI_DATA,99246,d8:b1:90:db:e8:90,-53,11,1,7,0,0,1,0,0,0,1,-95,0,4,0,1505921695,0,100,0,128,1,"[100,-64,5,0,-10,17,-10,17,-9,18,-8,18,-7,18,-7,18,-6,19,-6,19,-5,20,-5,21,-4,21,-4,22,-4,22,-4,22,-5,22,-5,23,-6,23,-7,23,-7,23,-8,23,-9,22,-9,22,-10,21,-11,21,-13,20,-4,5,0,0,0,0,0,0,0,0,0,0,0,0,0,0,0,0,0,0,-3,3,-11,15,-12,14,-13,14,-14,13,-14,13,-15,13,-15,13,-16,13,-16,13,-16,13,-16,13,-16,13,-16,13,-16,13,-16,13,-15,13,-15,13,-15,14,-14,14,-14,15,-13,16,-13,16,-12,16,-11,16,-11,17,-11,18]"
CSI_DATA,99247,d8:b1:90:db:e8:90,-53,11,1,7,0,0,1,0,0,0,1,-95,0,4,0,1505940096,0,100,0,128,1,"[100,-64,5,0,10,-22,9,-22,9,-22,8,-22,7,-23,6,-23,6,-24,5,-24,5,-25,4,-26,3,-26,3,-27,3,-27,3,-28,4,-28,4,-28,5,-28,6,-28,6,-28,7,-27,8,-27,9,-26,10,-26,12,-25,13,-24,3,-6,0,0,0,0,0,0,0,0,0,0,0,0,0,0,0,0,0,0,2,-5,11,-17,12,-17,13,-17,14,-17,15,-17,15,-16,16,-16,16,-16,17,-16,17,-16,17,-16,18,-16,18,-16,17,-16,16,-17,16,-17,16,-18,15,-18,15,-19,14,-19,14,-20,13,-20,12,-20,12,-21,12,-21,12,-22]"
CSI_DATA,99248,d8:b1:90:db:e8:90,-53,11,1,7,0,0,1,0,0,0,1,-95,0,4,0,1505952004,0,100,0,128,1,"[100,-64,5,0,-23,10,-23,11,-22,12,-22,12,-22,13,-21,14,-21,15,-20,15,-20,16,-20,17,-20,17,-21,18,-21,18,-21,19,-22,19,-22,18,-23,18,-23,18,-23,17,-23,16,-24,15,-24,14,-25,13,-26,12,-27,10,-7,2,0,0,0,0,0,0,0,0,0,0,0,0,0,0,0,0,0,0,-5,1,-19,5,-20,4,-20,3,-21,2,-21,2,-22,2,-23,2,-23,1,-23,1,-24,1,-24,1,-24,0,-24,1,-24,1,-24,1,-24,2,-24,2,-24,3,-23,3,-23,4,-23,5,-23,6,-24,6,-24,7,-24,7,-24,8]"
CSI_DATA,99249,d8:b1:90:db:e8:90,-52,11,1,7,0,0,1,0,0,0,1,-95,0,4,0,1505962445,0,100,0,128,1,"[100,-64,5,0,-10,-21,-10,-21,-10,-20,-11,-20,-11,-19,-12,-19,-13,-19,-13,-18,-14,-18,-15,-18,-15,-18,-16,-19,-16,-19,-16,-20,-15,-20,-15,-20,-15,-20,-14,-21,-14,-21,-13,-22,-13,-22,-12,-22,-11,-22,-9,-22,-7,-22,-2,-6,0,0,0,0,0,0,0,0,0,0,0,0,0,0,0,0,0,0,-1,-5,-4,-17,-3,-17,-2,-18,-1,-18,-1,-18,-1,-19,-1,-19,-1,-19,0,-20,0,-20,0,-21,0,-21,0,-21,0,-21,-1,-21,-1,-21,-2,-21,-3,-21,-4,-21,-4,-21,-5,-21,-6,-22,-6,-22,-7,-22,-7,-21,-8,-21]"
CSI_DATA,99250,d8:b1:90:db:e8:90,-52,11,1,7,0,0,1,0,0,0,1,-95,0,4,0,1505973030,0,100,0,128,1,"[100,-64,5,0,-14,21,-13,22,-12,22,-11,22,-11,22,-10,23,-9,23,-9,23,-9,23,-8,24,-9,24,-9,25,-9,26,-9,26,-10,26,-10,26,-11,26,-11,25,-12,25,-13,25,-14,24,-14,23,-15,22,-16,20,-17,19,-5,4,0,0,0,0,0,0,0,0,0,0,0,0,0,0,0,0,0,0,-4,3,-13,14,-14,14,-14,13,-15,13,-15,13,-16,13,-17,13,-17,13,-18,13,-18,14,-19,14,-19,13,-19,14,-19,14,-18,14,-18,14,-18,15,-17,16,-17,16,-17,17,-16,18,-16,19,-16,19,-15,20,-15,20,-15,21]"
CSI_DATA,99251,d8:b1:90:db:e8:90,-52,11,1,7,0,0,1,0,0,0,1,-95,0,4,0,1505984672,0,100,0,128,1,"[100,-64,5,0,-12,-21,-12,-21,-13,-20,-14,-20,-14,-20,-15,-20,-15,-19,-16,-19,-16,-18,-17,-18,-18,-18,-18,-18,-18,-19,-18,-20,-18,-20,-18,-20,-17,-20,-16,-21,-16,-21,-15,-21,-14,-21,-13,-21,-12,-22,-11,-22,-9,-23,-3,-6,0,0,0,0,0,0,0,0,0,0,0,0,0,0,0,0,0,0,-2,-4,-6,-16,-5,-17,-4,-18,-4,-18,-4,-18,-3,-19,-3,-19,-3,-20,-3,-20,-3,-21,-3,-21,-3,-21,-3,-21,-3,-22,-4,-22,-4,-22,-5,-22,-5,-21,-6,-21,-7,-21,-8,-21,-8,-21,-9,-21,-10,-21,-11,-21,-11,-22]"
CSI_DATA,99252,d8:b1:90:db:e8:90,-52,11,1,7,0,0,1,0,0,0,1,-95,0,4,0,1506014616,0,100,0,128,1,"[100,-64,5,0,3,21,3,20,3,20,4,20,5,20,5,20,6,19,6,19,6,19,7,19,7,19,8,20,8,20,8,21,8,21,7,21,7,21,6,21,5,21,5,21,4,20,4,20,3,20,1,21,0,21,-1,5,0,0,0,0,0,0,0,0,0,0,0,0,0,0,0,0,0,0,0,3,0,14,-1,15,-2,15,-2,15,-2,16,-3,16,-3,16,-4,17,-4,17,-4,18,-4,18,-4,18,-4,18,-4,19,-3,19,-3,19,-3,19,-2,19,-1,19,0,19,0,20,1,20,1,20,2,20,2,20,2,21]"
CSI_DATA,99253,d8:b1:90:db:e8:90,-51,11,1,7,0,0,1,0,0,0,1,-95,0,4,0,1506026257,0,100,0,128,1,"[100,-64,5,0,-21,-8,-21,-7,-21,-7,-22,-6,-22,-5,-22,-5,-22,-4,-22,-4,-22,-4,-23,-4,-23,-4,-23,-4,-23,-4,-23,-4,-23,-4,-23,-4,-23,-5,-22,-5,-22,-6,-22,-6,-21,-6,-21,-7,-20,-8,-19,-9,-19,-10,-5,-3,0,0,0,0,0,0,0,0,0,0,0,0,0,0,0,0,0,0,-4,-2,-14,-7,-14,-8,-13,-9,-13,-9,-13,-10,-14,-10,-14,-10,-14,-11,-15,-11,-15,-12,-15,-13,-15,-13,-16,-13,-16,-13,-16,-13,-17,-12,-17,-12,-18,-12,-18,-12,-18,-11,-18,-11,-19,-11,-19,-10,-20,-10,-20,-9,-21,-9]"
CSI_DATA,99254,d8:b1:90:db:e8:90,-51,11,1,7,0,0,1,0,0,0,1,-95,0,4,0,1506042548,0,100,0,128,1,"[100,-64,5,0,-14,-20,-14,-20,-14,-19,-15,-19,-15,-18,-16,-18,-16,-17,-17,-17,-17,-17,-18,-17,-18,-16,-19,-16,-19,-17,-18,-17,-18,-17,-18,-17,-18,-18,-17,-18,-16,-18,-16,-18,-15,-18,-14,-18,-13,-19,-12,-20,-11,-21,-3,-6,0,0,0,0,0,0,0,0,0,0,0,0,0,0,0,0,0,0,-3,-4,-9,-14,-8,-15,-8,-16,-7,-16,-7,-17,-7,-17,-8,-18,-8,-19,-8,-19,-7,-20,-7,-20,-7,-20,-7,-20,-8,-21,-7,-21,-7,-21,-8,-21,-9,-21,-9,-21,-10,-21,-10,-21,-11,-21,-11,-21,-12,-21,-12,-21,-13,-21]"
CSI_DATA,99255,d8:b1:90:db:e8:90,-51,11,1,7,0,0,1,0,0,0,1,-95,0,4,0,1506053475,0,100,0,128,1,"[100,-64,5,0,-7,22,-7,22,-6,22,-5,22,-5,21,-4,22,-4,22,-3,22,-3,22,-2,22,-2,22,-2,23,-2,23,-2,23,-2,23,-3,23,-3,23,-4,22,-4,22,-5,22,-5,21,-6,20,-7,20,-9,19,-10,19,-3,4,0,0,0,0,0,0,0,0,0,0,0,0,0,0,0,0,0,0,-1,4,-5,16,-5,16,-6,16,-7,16,-7,16,-8,16,-9,17,-9,17,-9,18,-10,18,-10,18,-10,18,-10,18,-11,18,-11,19,-11,19,-11,19,-11,19,-10,19,-9,20,-9,20,-9,20,-9,21,-9,21,-8,21,-8,22]"
CSI_DATA,99256,d8:b1:90:db:e8:90,-51,11,1,7,0,0,1,0,0,0,1,-95,0,4,0,1506063582,0,100,0,128,1,"[100,-64,5,0,2,-24,1,-24,1,-23,1,-23,0,-22,0,-22,-1,-22,-1,-23,-2,-23,-3,-23,-3,-23,-3,-23,-3,-23,-3,-24,-3,-24,-3,-24,-2,-24,-1,-24,-1,-23,0,-23,0,-23,1,-22,2,-22,3,-21,4,-21,1,-5,0,0,0,0,0,0,0,0,0,0,0,0,0,0,0,0,0,0,0,-5,1,-17,2,-18,2,-18,3,-18,3,-19,4,-19,5,-19,5,-20,6,-20,6,-21,6,-21,6,-21,6,-22,6,-22,7,-21,7,-21,6,-21,6,-22,5,-22,5,-22,5,-23,4,-23,4,-23,3,-23,3,-24,3,-24]"
CSI_DATA,99257,d8:b1:90:db:e8:90,-51,11,1,6,0,0,1,0,0,0,1,-95,0,4,0,1506073951,0,100,0,128,1,"[100,-64,5,0,-18,14,-17,14,-17,14,-16,15,-16,15,-15,16,-14,16,-14,16,-13,16,-13,16,-13,17,-13,17,-13,17,-13,17,-13,17,-14,17,-14,17,-14,17,-14,16,-15,16,-15,15,-15,14,-16,14,-16,13,-17,12,-5,3,0,0,0,0,0,0,0,0,0,0,0,0,0,0,0,0,0,0,-3,2,-12,11,-13,11,-14,10,-15,10,-16,10,-16,10,-17,10,-18,10,-18,10,-19,11,-20,10,-20,10,-20,10,-20,10,-20,10,-20,10,-20,10,-20,11,-20,11,-20,12,-20,12,-19,13,-19,13,-19,14,-19,14,-19,14]"
CSI_DATA,99258,d8:b1:90:db:e8:90,-52,11,1,6,0,0,1,0,0,0,1,-95,0,4,0,1506086454,0,100,0,128,1,"[100,-64,5,0,17,-12,16,-13,15,-13,15,-13,15,-14,14,-14,13,-14,13,-15,12,-15,12,-15,12,-16,12,-16,12,-16,12,-16,12,-16,12,-16,12,-16,12,-16,12,-16,13,-15,13,-15,14,-14,14,-13,15,-12,16,-12,4,-3,0,0,0,0,0,0,0,0,0,0,0,0,0,0,0,0,0,0,3,-3,12,-11,13,-10,13,-10,14,-9,15,-9,16,-9,16,-9,17,-9,18,-9,18,-9,19,-9,19,-9,19,-9,19,-9,19,-8,19,-9,19,-9,19,-9,19,-10,19,-10,19,-10,19,-11,19,-11,19,-12,18,-12,18,-12]"
CSI_DATA,99259,d8:b1:90:db:e8:90,-51,11,1,6,0,0,1,0,0,0,1,-95,0,4,0,1506112516,0,100,0,128,1,"[100,-64,5,0,2,-26,2,-25,1,-25,0,-24,-1,-24,-2,-24,-3,-23,-4,-23,-5,-23,-6,-22,-6,-23,-7,-23,-7,-23,-8,-23,-8,-24,-7,-24,-7,-25,-7,-25,-6,-25,-6,-25,-5,-25,-4,-25,-3,-25,-2,-25,0,-25,0,-7,0,0,0,0,0,0,0,0,0,0,0,0,0,0,0,0,0,0,0,-6,2,-21,3,-22,4,-22,5,-23,6,-23,6,-23,7,-24,8,-24,8,-25,9,-25,9,-25,10,-26,10,-26,10,-26,10,-26,9,-26,9,-26,9,-26,8,-26,7,-25,6,-26,6,-26,6,-27,5,-27,5,-27,5,-26]"
CSI_DATA,99260,d8:b1:90:db:e8:90,-51,11,1,6,0,0,1,0,0,0,1,-95,0,4,0,1506124086,0,100,0,128,1,"[100,-64,5,0,-25,1,-24,2,-23,2,-22,3,-21,4,-21,5,-21,6,-21,7,-21,7,-21,8,-20,8,-21,9,-21,9,-21,10,-21,10,-21,10,-22,9,-22,9,-22,9,-23,8,-23,8,-23,7,-24,6,-24,4,-24,3,-6,0,0,0,0,0,0,0,0,0,0,0,0,0,0,0,0,0,0,0,-6,1,-21,4,-22,3,-22,2,-23,1,-23,0,-24,-1,-24,-1,-25,-2,-25,-3,-26,-4,-26,-4,-26,-5,-26,-5,-26,-5,-26,-5,-26,-4,-26,-3,-26,-3,-26,-4,-26,-3,-26,-2,-26,-2,-26,-2,-25,-1,-25,-1,-25,0]"
CSI_DATA,99261,d8:b1:90:db:e8:90,-51,11,1,6,0,0,1,0,0,0,1,-95,0,4,0,1506145236,0,100,0,128,1,"[100,-64,5,0,-9,20,-8,20,-7,20,-7,20,-6,21,-5,21,-4,21,-3,21,-2,21,-1,21,-1,21,-1,22,0,23,0,23,0,23,0,23,-1,23,-1,24,-2,24,-2,24,-3,23,-4,23,-5,23,-7,23,-8,22,-3,5,0,0,0,0,0,0,0,0,0,0,0,0,0,0,0,0,0,0,-2,5,-8,20,-9,19,-10,20,-11,20,-12,20,-13,20,-14,20,-14,20,-15,21,-16,21,-16,21,-16,21,-16,21,-16,20,-17,20,-17,20,-16,20,-16,20,-15,20,-14,20,-13,21,-13,21,-13,21,-12,21,-12,22,-11,22]"
CSI_DATA,99262,d8:b1:90:db:e8:90,-51,11,1,3,0,0,1,0,1,0,0,-95,0,4,0,1506161725,0,100,0,128,1,"[100,-64,5,0,16,10,18,10,20,10,22,9,23,8,24,6,25,4,26,2,26,0,25,-2,25,-3,25,-4,24,-5,24,-5,24,-4,23,-4,23,-3,22,-2,22,-1,21,0,20,0,18,1,16,2,14,2,12,3,2,0,0,0,0,0,0,0,0,0,0,0,0,0,0,0,0,0,0,0,-2,-7,-6,-25,-6,-26,-6,-27,-6,-27,-7,-26,-7,-25,-6,-24,-6,-22,-5,-19,-3,-17,-1,-15,1,-12,3,-10,5,-9,7,-8,9,-7,10,-7,11,-7,11,-6,11,-6,11,-5,11,-4,11,-2,11,0,11,2,12,4]"
CSI_DATA,99263,d8:b1:90:db:e8:90,-51,11,1,6,0,0,1,0,0,0,1,-95,0,4,0,1506173121,0,100,0,128,1,"[100,-64,5,0,-13,-21,-13,-20,-14,-19,-14,-18,-15,-18,-15,-17,-16,-16,-16,-16,-17,-15,-18,-15,-18,-14,-19,-14,-19,-15,-19,-15,-20,-15,-20,-16,-20,-17,-19,-17,-19,-17,-18,-17,-18,-18,-17,-18,-16,-19,-15,-20,-14,-21,-4,-6,0,0,0,0,0,0,0,0,0,0,0,0,0,0,0,0,0,0,-3,-5,-11,-19,-10,-20,-10,-21,-9,-22,-8,-23,-8,-23,-8,-24,-8,-25,-8,-26,-8,-26,-8,-26,-8,-26,-8,-26,-8,-26,-7,-26,-7,-25,-8,-25,-8,-25,-9,-24,-9,-24,-10,-24,-10,-23,-11,-23,-12,-22,-12,-22,-12,-22]"
CSI_DATA,99264,d8:b1:90:db:e8:90,-51,11,1,6,0,0,1,0,0,0,1,-95,0,4,0,1506185127,0,100,0,128,1,"[100,-64,5,0,-22,-9,-22,-8,-22,-8,-21,-7,-21,-6,-21,-5,-21,-4,-21,-3,-21,-3,-22,-2,-22,-2,-23,-1,-23,-1,-23,-1,-24,-1,-25,-1,-25,-2,-25,-2,-24,-2,-24,-3,-24,-4,-23,-4,-23,-5,-23,-7,-23,-8,-6,-3,0,0,0,0,0,0,0,0,0,0,0,0,0,0,0,0,0,0,-6,-3,-20,-10,-20,-11,-20,-13,-20,-14,-20,-15,-20,-15,-20,-15,-21,-16,-21,-17,-21,-17,-21,-18,-20,-18,-20,-18,-20,-18,-20,-17,-21,-17,-21,-16,-21,-16,-21,-15,-21,-14,-21,-13,-21,-13,-21,-13,-22,-12,-22,-12,-21,-11]"
CSI_DATA,99265,d8:b1:90:db:e8:90,-51,11,1,6,0,0,1,0,0,0,1,-95,0,4,0,1506216401,0,100,0,128,1,"[100,-64,5,0,-7,23,-6,22,-5,22,-4,21,-3,21,-2,21,-1,21,-1,20,0,20,1,21,1,21,2,21,3,22,3,22,3,23,2,23,2,24,1,24,0,24,-1,24,-1,23,-2,23,-3,23,-5,24,-7,24,-2,5,0,0,0,0,0,0,0,0,0,0,0,0,0,0,0,0,0,0,-2,5,-7,23,-9,23,-10,23,-11,23,-12,23,-13,23,-14,23,-14,23,-15,23,-16,24,-16,24,-16,24,-16,24,-16,23,-16,23,-16,23,-15,23,-15,23,-14,23,-13,23,-12,24,-12,24,-11,24,-10,24,-9,24,-9,23]"
CSI_DATA,99266,d8:b1:90:db:e8:90,-51,11,1,6,0,0,1,0,0,0,1,-95,0,4,0,1506228894,0,100,0,128,1,"[100,-64,5,0,-22,-12,-22,-11,-22,-10,-21,-8,-21,-7,-21,-6,-21,-5,-21,-4,-21,-3,-21,-2,-22,-2,-22,-2,-23,-1,-23,-1,-24,-1,-24,-1,-24,-2,-24,-2,-24,-3,-24,-3,-24,-4,-24,-4,-24,-6,-24,-8,-23,-9,-6,-3,0,0,0,0,0,0,0,0,0,0,0,0,0,0,0,0,0,0,-6,-3,-23,-11,-23,-12,-22,-14,-21,-15,-22,-16,-22,-17,-22,-17,-22,-18,-22,-19,-22,-19,-22,-20,-22,-20,-22,-20,-22,-20,-22,-20,-22,-20,-22,-19,-22,-18,-22,-17,-23,-16,-23,-16,-23,-16,-23,-15,-23,-15,-23,-14,-23,-14]"
CSI_DATA,99267,d8:b1:90:db:e8:90,-51,11,1,6,0,0,1,0,0,0,1,-95,0,4,0,1506250062,0,100,0,128,1,"[100,-64,5,0,8,-22,7,-22,7,-21,6,-21,5,-20,4,-20,3,-20,2,-20,1,-20,0,-21,-1,-20,-2,-20,-2,-21,-2,-22,-2,-22,-2,-23,-2,-23,-2,-23,-2,-23,-1,-23,-1,-23,1,-23,3,-23,4,-23,5,-22,1,-6,0,0,0,0,0,0,0,0,0,0,0,0,0,0,0,0,0,0,1,-6,6,-22,8,-22,9,-23,10,-23,11,-23,12,-23,13,-23,13,-23,14,-23,14,-23,14,-23,14,-23,14,-23,14,-23,15,-22,15,-22,15,-22,14,-22,14,-22,13,-21,12,-22,12,-22,11,-22,11,-22,10,-22,10,-22]"
CSI_DATA,99268,d8:b1:90:db:e8:90,-52,11,1,7,0,0,1,0,0,0,1,-95,0,4,0,1506267639,0,100,0,128,1,"[100,-64,5,0,21,-7,20,-8,20,-8,19,-8,18,-9,17,-10,16,-10,15,-12,14,-13,14,-14,13,-15,13,-15,13,-16,13,-16,13,-17,14,-17,14,-17,14,-17,15,-17,15,-17,16,-16,16,-15,17,-15,18,-14,19,-12,4,-3,0,0,0,0,0,0,0,0,0,0,0,0,0,0,0,0,0,0,5,-3,21,-8,22,-7,23,-6,23,-5,24,-4,25,-4,26,-3,26,-3,27,-3,27,-3,26,-3,26,-3,26,-3,26,-2,26,-1,26,-1,26,-1,26,-2,25,-2,25,-3,24,-3,24,-4,24,-5,24,-5,23,-6,23,-6]"
CSI_DATA,99269,d8:b1:90:db:e8:90,-52,11,1,7,0,0,1,0,0,0,1,-95,0,4,0,1506278974,0,100,0,128,1,"[100,-64,5,0,15,15,15,14,15,13,15,12,15,10,15,9,16,8,16,7,16,5,17,4,17,4,17,5,18,5,18,4,19,4,20,5,20,5,20,5,21,5,21,6,21,6,21,6,20,8,20,10,19,11,4,3,0,0,0,0,0,0,0,0,0,0,0,0,0,0,0,0,0,0,4,3,17,16,16,17,16,18,15,19,15,20,15,21,15,22,15,22,14,23,14,23,14,24,14,24,14,24,14,24,14,24,14,23,14,23,14,22,15,21,15,20,16,20,16,19,16,19,16,19,16,18,16,18]"
CSI_DATA,99270,d8:b1:90:db:e8:90,-53,11,1,7,0,0,1,0,0,0,1,-95,0,4,0,1506290329,0,100,0,128,1,"[100,-64,5,0,4,-23,3,-23,2,-22,1,-21,0,-21,-1,-20,-3,-20,-3,-20,-4,-20,-5,-20,-6,-20,-7,-20,-8,-20,-8,-20,-9,-21,-9,-21,-9,-22,-9,-22,-8,-23,-8,-23,-8,-24,-7,-24,-6,-24,-5,-25,-3,-25,-1,-7,0,0,0,0,0,0,0,0,0,0,0,0,0,0,0,0,0,0,0,-7,3,-25,4,-25,7,-25,8,-26,9,-26,10,-26,10,-26,11,-27,12,-27,13,-27,15,-27,16,-26,16,-26,15,-26,15,-25,14,-25,14,-25,13,-25,12,-25,11,-25,11,-25,10,-25,10,-25,9,-25,8,-25,7,-25]"
CSI_DATA,99271,d8:b1:90:db:e8:90,-53,11,1,7,0,0,1,0,0,0,1,-95,0,4,0,1506316236,0,100,0,128,1,"[100,-64,5,0,14,-17,13,-17,12,-18,11,-18,10,-17,8,-18,7,-18,5,-19,5,-20,4,-20,3,-21,2,-21,2,-22,2,-23,1,-23,2,-24,2,-24,2,-25,3,-25,3,-25,4,-25,5,-25,6,-25,7,-25,9,-24,2,-6,0,0,0,0,0,0,0,0,0,0,0,0,0,0,0,0,0,0,4,-5,16,-18,18,-17,19,-16,20,-16,21,-15,22,-15,23,-15,24,-14,24,-14,25,-14,26,-13,27,-12,26,-12,26,-12,25,-12,24,-12,24,-13,23,-13,23,-13,22,-14,22,-15,21,-15,20,-15,19,-15,19,-16,18,-16]"
CSI_DATA,99272,d8:b1:90:db:e8:90,-53,11,1,7,0,0,1,0,0,0,1,-95,0,4,0,1506330330,0,100,0,128,1,"[100,-64,5,0,-18,-14,-18,-13,-18,-12,-18,-11,-19,-9,-19,-8,-19,-7,-19,-6,-20,-5,-20,-4,-21,-4,-22,-4,-23,-3,-24,-3,-25,-3,-25,-3,-25,-4,-25,-4,-25,-5,-25,-5,-25,-6,-25,-6,-25,-8,-25,-9,-24,-11,-6,-3,0,0,0,0,0,0,0,0,0,0,0,0,0,0,0,0,0,0,-5,-4,-19,-15,-18,-16,-18,-17,-18,-18,-18,-19,-17,-20,-17,-20,-17,-21,-17,-21,-17,-22,-17,-23,-17,-23,-17,-23,-17,-23,-16,-23,-17,-23,-17,-23,-17,-22,-16,-21,-16,-20,-16,-20,-17,-19,-17,-18,-18,-18,-18,-17,-18,-17]"
CSI_DATA,99273,d8:b1:90:db:e8:90,-53,11,1,7,0,0,1,0,0,0,1,-95,0,4,0,1506348998,0,100,0,128,1,"[100,-64,5,0,-11,20,-10,19,-9,19,-8,20,-7,20,-6,20,-5,21,-4,21,-3,21,-3,21,-2,22,-2,22,-2,23,-2,24,-2,24,-2,25,-2,25,-3,26,-4,26,-4,26,-5,25,-6,25,-7,25,-9,25,-10,24,-3,6,0,0,0,0,0,0,0,0,0,0,0,0,0,0,0,0,0,0,-4,4,-13,19,-14,18,-16,18,-17,18,-18,18,-18,18,-18,18,-19,18,-19,18,-20,18,-20,18,-21,18,-21,18,-20,17,-20,17,-19,17,-19,17,-19,18,-18,18,-17,18,-16,18,-16,19,-15,19,-15,19,-14,19,-14,20]"
CSI_DATA,99274,d8:b1:90:db:e8:90,-53,11,1,7,0,0,1,0,0,0,1,-95,0,4,0,1506364713,0,100,0,128,1,"[100,-64,5,0,23,3,22,2,22,2,22,1,22,0,22,-1,22,-2,22,-2,22,-3,22,-3,23,-4,23,-4,24,-5,24,-5,25,-5,26,-4,26,-4,26,-4,26,-3,26,-2,25,-2,25,-1,26,0,26,2,25,4,6,1,0,0,0,0,0,0,0,0,0,0,0,0,0,0,0,0,0,0,5,1,21,5,21,6,20,7,20,8,20,8,21,9,21,9,22,9,22,10,22,11,22,11,22,11,21,11,22,11,22,11,22,11,22,11,23,10,23,10,23,9,23,8,23,7,23,6,23,6,23,6,23,5]"
CSI_DATA,99275,d8:b1:90:db:e8:90,-53,11,1,7,0,0,1,0,0,0,1,-95,0,4,0,1506375557,0,100,0,128,1,"[100,-64,5,0,3,-25,2,-24,1,-24,0,-24,-1,-23,-2,-23,-2,-23,-2,-24,-3,-24,-4,-24,-5,-25,-5,-25,-6,-26,-6,-26,-6,-27,-5,-27,-5,-28,-4,-28,-4,-28,-3,-28,-2,-28,-2,-28,0,-28,1,-29,2,-29,0,-8,0,0,0,0,0,0,0,0,0,0,0,0,0,0,0,0,0,0,1,-6,5,-21,6,-21,6,-21,7,-21,8,-21,9,-22,9,-22,9,-23,10,-23,10,-23,11,-23,11,-23,11,-23,11,-24,11,-24,11,-24,10,-25,9,-25,9,-25,8,-24,7,-24,6,-25,5,-25,5,-25,5,-25,4,-25]"
CSI_DATA,99276,d8:b1:90:db:e8:90,-53,11,1,7,0,0,1,0,0,0,1,-95,0,4,0,1506387932,0,100,0,128,1,"[100,-64,5,0,0,21,1,21,2,20,2,20,3,20,4,20,5,20,6,20,6,20,7,20,8,20,8,21,9,22,9,22,9,23,9,23,8,23,8,23,8,24,7,24,7,24,6,24,4,25,3,25,1,25,0,6,0,0,0,0,0,0,0,0,0,0,0,0,0,0,0,0,0,0,0,4,-1,19,-2,19,-4,19,-5,19,-5,20,-6,20,-6,20,-6,20,-6,21,-7,21,-8,22,-8,22,-8,22,-8,22,-7,21,-7,21,-7,21,-6,21,-6,21,-5,21,-4,21,-3,21,-3,22,-2,22,-2,22,-2,21]"
CSI_DATA,99277,d8:b1:90:db:e8:90,-52,11,1,7,0,0,1,0,0,0,1,-95,0,4,0,1506400486,0,100,0,128,1,"[100,-64,5,0,23,-4,23,-5,22,-6,21,-6,21,-7,21,-8,21,-9,21,-9,21,-10,21,-11,21,-12,21,-12,22,-12,22,-13,23,-13,24,-13,24,-12,24,-12,24,-11,25,-10,25,-9,25,-8,25,-7,26,-5,26,-4,6,-1,0,0,0,0,0,0,0,0,0,0,0,0,0,0,0,0,0,0,5,-1,20,-2,20,-1,20,-1,21,0,21,1,22,1,22,2,23,2,23,3,24,3,23,3,23,3,23,4,23,4,23,4,23,3,23,2,23,2,23,2,23,2,24,1,24,0,24,-1,23,-1,23,-2,23,-3]"
CSI_DATA,99278,d8:b1:90:db:e8:90,-52,11,1,7,0,0,1,0,0,0,1,-95,0,4,0,1506428653,0,100,0,128,1,"[100,-64,5,0,24,1,23,0,23,0,23,-1,22,-2,22,-3,23,-4,23,-4,23,-5,23,-6,23,-6,24,-7,24,-7,25,-8,25,-7,26,-6,26,-6,26,-5,26,-5,27,-4,27,-4,27,-3,27,-2,27,0,26,2,6,0,0,0,0,0,0,0,0,0,0,0,0,0,0,0,0,0,0,0,4,0,17,2,18,3,18,4,19,5,20,6,20,6,20,7,21,8,21,8,21,9,21,9,21,9,21,9,21,9,21,8,22,8,22,7,22,7,22,6,21,6,22,5,22,5,23,4,23,3,23,3,24,2]"
CSI_DATA,99279,d8:b1:90:db:e8:90,-52,11,1,7,0,0,1,0,0,0,1,-95,0,4,0,1506440386,0,100,0,128,1,"[100,-64,5,0,-24,-3,-24,-2,-24,-1,-23,0,-23,0,-23,1,-23,2,-23,3,-23,4,-23,5,-23,5,-24,5,-24,6,-24,6,-25,6,-26,6,-26,6,-26,5,-26,4,-27,4,-27,3,-27,2,-27,1,-26,-1,-26,-3,-7,-1,0,0,0,0,0,0,0,0,0,0,0,0,0,0,0,0,0,0,-5,-1,-19,-3,-19,-4,-19,-6,-19,-7,-19,-7,-20,-8,-21,-8,-21,-9,-21,-9,-22,-10,-22,-10,-22,-11,-22,-11,-22,-11,-21,-11,-21,-10,-22,-9,-22,-9,-22,-8,-23,-7,-23,-7,-23,-6,-24,-6,-24,-5,-24,-5,-24,-4]"
CSI_DATA,99280,d8:b1:90:db:e8:90,-52,11,1,7,0,0,1,0,0,0,1,-95,0,4,0,1506450824,0,100,0,128,1,"[100,-64,5,0,-13,-21,-13,-21,-14,-20,-15,-18,-16,-17,-16,-17,-17,-17,-18,-16,-18,-16,-19,-15,-20,-15,-20,-16,-20,-16,-21,-16,-21,-17,-20,-18,-19,-19,-19,-19,-18,-18,-18,-16,-17,-16,-16,-16,-16,-18,-15,-22,-14,-24,-4,-6,0,0,0,0,0,0,0,0,0,0,0,0,0,0,0,0,0,0,-3,-5,-9,-18,-8,-19,-7,-19,-7,-20,-6,-20,-6,-21,-6,-21,-6,-22,-6,-23,-6,-23,-5,-23,-5,-24,-5,-24,-5,-24,-6,-23,-6,-23,-6,-23,-7,-23,-8,-23,-9,-23,-10,-23,-10,-23,-11,-22,-11,-22,-12,-22,-12,-22]"
CSI_DATA,99281,d8:b1:90:db:e8:90,-53,11,1,7,0,0,1,0,0,0,1,-95,0,4,0,1506463009,0,100,0,128,1,"[100,-64,5,0,0,-24,0,-24,-1,-23,-2,-23,-4,-22,-5,-22,-5,-22,-6,-22,-7,-22,-7,-23,-8,-22,-8,-22,-8,-23,-8,-23,-8,-23,-7,-24,-6,-25,-5,-25,-5,-24,-6,-22,-6,-21,-5,-21,-4,-23,-1,-25,1,-26,0,-7,0,0,0,0,0,0,0,0,0,0,0,0,0,0,0,0,0,0,0,-5,2,-19,3,-19,4,-19,4,-20,5,-20,6,-20,6,-21,7,-21,7,-22,7,-22,8,-22,8,-22,8,-22,7,-22,7,-22,7,-22,6,-22,6,-22,5,-23,4,-23,4,-23,3,-24,3,-24,3,-24,2,-24,2,-24]"
CSI_DATA,99282,d8:b1:90:db:e8:90,-52,11,1,7,0,0,1,0,0,0,1,-95,0,4,0,1506478713,0,100,0,128,1,"[100,-64,5,0,18,15,18,15,18,14,18,13,18,12,19,12,19,11,20,10,20,10,21,10,21,9,22,9,22,9,23,10,23,10,24,11,23,11,23,11,23,12,23,13,23,13,22,14,21,15,20,16,18,18,4,4,0,0,0,0,0,0,0,0,0,0,0,0,0,0,0,0,0,0,3,3,14,13,13,14,13,15,12,16,12,16,12,17,12,17,12,18,12,19,12,19,12,20,12,20,12,20,12,20,12,20,12,19,13,19,13,19,14,18,15,18,15,17,16,17,16,17,17,17,17,17,17,16]"
CSI_DATA,99283,d8:b1:90:db:e8:90,-53,11,1,7,0,0,1,0,0,0,1,-95,0,4,0,1506489722,0,100,0,128,1,"[100,-64,5,0,-16,-21,-16,-20,-16,-19,-16,-18,-17,-18,-17,-17,-18,-17,-19,-16,-19,-16,-20,-16,-21,-15,-22,-16,-22,-16,-22,-16,-22,-16,-22,-17,-22,-17,-22,-18,-21,-18,-21,-19,-21,-20,-20,-20,-19,-21,-17,-22,-16,-23,-4,-6,0,0,0,0,0,0,0,0,0,0,0,0,0,0,0,0,0,0,-3,-5,-12,-17,-11,-18,-10,-19,-10,-20,-9,-20,-9,-21,-9,-21,-9,-22,-9,-23,-9,-23,-9,-23,-9,-24,-9,-24,-9,-24,-9,-24,-9,-24,-10,-23,-10,-23,-11,-23,-12,-22,-12,-22,-13,-22,-14,-22,-14,-22,-15,-22,-15,-21]"
CSI_DATA,99284,d8:b1:90:db:e8:90,-52,11,1,7,0,0,1,0,0,0,1,-95,0,4,0,1506502609,0,100,0,128,1,"[100,-64,5,0,14,18,15,17,15,16,15,16,16,15,17,14,17,14,17,13,18,13,18,13,19,12,19,12,20,12,20,12,20,12,20,13,20,13,20,13,20,14,20,15,20,16,19,16,18,17,17,18,16,19,4,4,0,0,0,0,0,0,0,0,0,0,0,0,0,0,0,0,0,0,2,3,11,15,10,16,9,17,8,18,8,19,8,19,8,20,8,21,8,21,7,22,7,22,6,22,7,22,7,22,8,21,9,21,9,21,10,21,10,21,11,21,11,20,12,20,12,19,13,19,13,19,13,19]"
CSI_DATA,99285,d8:b1:90:db:e8:90,-52,11,1,7,0,0,1,0,0,0,1,-95,0,4,0,1506525785,0,100,0,128,1,"[100,-64,5,0,-10,21,-9,21,-9,21,-8,21,-7,21,-6,21,-5,21,-5,21,-5,22,-4,22,-3,23,-3,23,-3,24,-3,24,-4,25,-4,24,-5,24,-5,24,-6,24,-7,24,-8,24,-9,23,-10,23,-11,22,-13,22,-4,5,0,0,0,0,0,0,0,0,0,0,0,0,0,0,0,0,0,0,-3,4,-9,17,-10,17,-11,17,-11,17,-12,17,-13,17,-14,17,-14,17,-15,17,-15,18,-16,18,-16,17,-16,17,-15,17,-15,17,-15,17,-15,17,-15,18,-14,18,-14,18,-13,19,-13,19,-13,20,-12,20,-12,21,-11,21]"
CSI_DATA,99286,d8:b1:90:db:e8:90,-52,11,1,7,0,0,1,0,0,0,1,-95,0,4,0,1506539064,0,100,0,128,1,"[100,-64,5,0,24,-1,24,-2,23,-3,23,-3,23,-4,22,-6,22,-6,22,-7,22,-8,22,-8,22,-9,23,-10,23,-10,23,-10,24,-10,24,-10,24,-9,24,-9,25,-8,26,-8,26,-7,26,-6,26,-5,26,-3,26,-1,6,-1,0,0,0,0,0,0,0,0,0,0,0,0,0,0,0,0,0,0,5,0,20,2,21,3,21,3,21,4,21,5,22,5,23,6,23,6,23,7,23,7,24,7,24,7,24,7,23,8,23,7,23,7,23,6,24,6,24,5,24,4,24,4,24,3,25,3,25,2,25,1,25,0]"
CSI_DATA,99287,d8:b1:90:db:e8:90,-52,11,1,7,0,0,1,0,0,0,1,-95,0,4,0,1506556764,0,100,0,128,1,"[100,-64,5,0,12,20,12,19,13,18,13,18,14,17,15,16,15,15,15,15,16,14,17,14,17,14,18,14,19,15,19,15,19,15,19,16,19,16,18,16,17,17,16,17,16,18,15,18,15,19,14,20,12,21,3,5,0,0,0,0,0,0,0,0,0,0,0,0,0,0,0,0,0,0,2,4,9,17,8,18,7,19,6,20,6,20,6,21,6,21,6,22,5,23,5,23,4,23,4,23,4,24,4,24,4,23,4,23,5,23,6,22,6,23,7,22,8,22,9,22,9,22,9,22,10,22,11,21]"
CSI_DATA,99288,d8:b1:90:db:e8:90,-52,11,1,7,0,0,1,0,0,0,1,-95,0,4,0,1506571407,0,100,0,128,1,"[100,-64,5,0,-12,-19,-12,-18,-12,-18,-13,-17,-14,-16,-14,-15,-15,-15,-15,-14,-16,-14,-16,-13,-17,-13,-18,-13,-18,-14,-18,-14,-19,-14,-19,-14,-18,-15,-18,-15,-17,-15,-17,-16,-17,-17,-17,-17,-15,-18,-14,-19,-14,-19,-4,-5,0,0,0,0,0,0,0,0,0,0,0,0,0,0,0,0,0,0,-3,-5,-8,-17,-8,-18,-7,-19,-6,-19,-5,-19,-5,-20,-5,-20,-5,-21,-4,-22,-4,-22,-3,-22,-3,-22,-3,-22,-4,-22,-4,-22,-5,-22,-5,-22,-6,-22,-6,-22,-7,-21,-7,-21,-8,-21,-8,-20,-9,-20,-9,-20,-9,-20]"
CSI_DATA,99289,d8:b1:90:db:e8:90,-52,11,1,7,0,0,1,0,0,0,1,-95,0,4,0,1506582951,0,100,0,128,1,"[100,-64,5,0,-5,-24,-5,-24,-6,-23,-7,-23,-7,-23,-8,-23,-9,-22,-10,-22,-10,-22,-11,-22,-12,-22,-12,-22,-12,-22,-12,-22,-12,-23,-12,-24,-12,-24,-11,-24,-11,-24,-10,-24,-9,-24,-8,-24,-7,-25,-5,-26,-4,-26,-1,-7,0,0,0,0,0,0,0,0,0,0,0,0,0,0,0,0,0,0,-1,-6,-3,-21,-2,-22,-1,-23,0,-23,1,-23,1,-24,1,-24,1,-25,2,-25,2,-26,3,-26,3,-26,3,-25,2,-26,2,-25,2,-25,1,-25,1,-25,0,-26,0,-26,-1,-26,-1,-26,-2,-25,-3,-25,-3,-25,-3,-25]"
CSI_DATA,99290,d8:b1:90:db:e8:90,-52,11,1,7,0,0,1,0,0,0,1,-95,0,4,0,1506593127,0,100,0,128,1,"[100,-64,5,0,1,-24,1,-24,0,-24,-1,-24,-1,-24,-2,-24,-3,-23,-4,-23,-5,-23,-6,-23,-6,-23,-6,-24,-6,-24,-6,-24,-6,-25,-6,-25,-6,-25,-5,-26,-4,-26,-4,-26,-3,-25,-2,-25,-1,-25,0,-26,2,-26,0,-7,0,0,0,0,0,0,0,0,0,0,0,0,0,0,0,0,0,0,0,-6,2,-21,4,-21,5,-22,6,-22,6,-22,7,-23,7,-23,7,-24,8,-24,8,-24,8,-24,9,-24,8,-24,8,-24,8,-24,8,-24,7,-24,7,-24,6,-24,6,-25,5,-25,5,-25,4,-24,3,-24,3,-25,3,-25]"
CSI_DATA,99291,d8:b1:90:db:e8:90,-51,11,1,7,0,0,1,0,0,0,1,-95,0,4,0,1506624338,0,100,0,128,1,"[100,-64,5,0,21,-11,20,-11,20,-12,19,-13,18,-13,18,-14,17,-14,17,-15,17,-15,16,-16,16,-16,17,-17,17,-17,17,-18,17,-18,18,-18,18,-17,18,-17,18,-16,18,-16,19,-15,19,-14,19,-13,20,-12,21,-11,5,-3,0,0,0,0,0,0,0,0,0,0,0,0,0,0,0,0,0,0,4,-3,18,-10,19,-9,19,-8,20,-7,21,-7,21,-6,22,-6,22,-6,23,-6,23,-5,24,-5,24,-5,24,-4,24,-4,24,-5,24,-5,24,-6,24,-6,23,-6,23,-7,23,-8,23,-8,23,-9,23,-9,23,-9,23,-10]"
CSI_DATA,99292,d8:b1:90:db:e8:90,-51,11,1,7,0,0,1,0,0,0,1,-95,0,4,0,1506634424,0,100,0,128,1,"[100,-64,5,0,16,-16,16,-16,15,-17,15,-18,14,-18,13,-19,13,-19,12,-19,12,-20,11,-20,11,-20,11,-20,11,-20,11,-21,12,-21,12,-21,12,-21,13,-20,13,-20,13,-19,14,-19,14,-18,15,-17,16,-16,17,-15,4,-4,0,0,0,0,0,0,0,0,0,0,0,0,0,0,0,0,0,0,3,-4,16,-12,16,-12,17,-11,18,-11,18,-11,19,-10,20,-10,20,-10,20,-10,21,-10,22,-10,22,-10,22,-10,22,-10,22,-10,21,-10,21,-11,21,-11,21,-12,20,-13,20,-13,20,-14,20,-14,20,-15,19,-15,19,-16]"
CSI_DATA,99293,d8:b1:90:db:e8:90,-51,11,1,7,0,0,1,0,0,0,1,-95,0,4,0,1506655265,0,100,0,128,1,"[100,-64,5,0,-25,-3,-24,-3,-24,-2,-24,-1,-23,0,-23,0,-23,1,-23,2,-23,3,-23,3,-23,4,-23,4,-24,4,-24,4,-24,4,-24,3,-24,3,-24,3,-24,2,-23,1,-23,1,-23,0,-23,-1,-23,-3,-23,-4,-6,-1,0,0,0,0,0,0,0,0,0,0,0,0,0,0,0,0,0,0,-6,-1,-21,-2,-21,-4,-21,-5,-21,-6,-21,-7,-22,-8,-22,-8,-23,-9,-23,-9,-23,-10,-24,-11,-24,-11,-24,-11,-24,-11,-23,-10,-23,-10,-24,-9,-24,-9,-24,-8,-24,-8,-25,-7,-25,-6,-25,-6,-25,-6,-26,-5,-25,-5]"
CSI_DATA,99294,d8:b1:90:db:e8:90,-52,11,1,7,0,0,1,0,0,0,1,-95,0,4,0,1506667513,0,100,0,128,1,"[100,-64,5,0,19,2,18,2,18,1,18,1,18,1,18,0,18,0,18,-1,18,-2,18,-2,18,-2,18,-2,18,-2,18,-2,18,-2,18,-2,18,-2,18,-1,18,-1,18,0,18,0,18,1,18,2,17,3,17,3,4,0,0,0,0,0,0,0,0,0,0,0,0,0,0,0,0,0,0,0,3,0,15,0,16,1,16,2,16,3,16,4,17,4,17,4,17,5,18,5,18,6,18,6,18,6,17,6,18,6,18,6,18,6,18,6,18,5,19,5,19,5,19,5,19,4,19,4,19,4,19,3,19,3]"
CSI_DATA,99295,d8:b1:90:db:e8:90,-51,11,1,7,0,0,1,0,0,0,1,-95,0,4,0,1506678395,0,100,0,128,1,"[100,-64,5,0,-8,-19,-10,-15,-11,-11,-13,-8,-15,-5,-17,-3,-20,-1,-23,0,-26,0,-28,-1,-30,-2,-31,-2,-31,-3,-30,-4,-30,-5,-28,-6,-26,-6,-24,-6,-21,-6,-18,-4,-16,-1,-14,3,-15,7,-17,10,-18,11,-5,2,0,0,0,0,0,0,0,0,0,0,0,0,0,0,0,0,0,0,0,-7,2,-25,4,-26,7,-28,11,-28,14,-29,16,-28,16,-26,17,-25,16,-22,13,-18,9,-16,5,-16,1,-16,-1,-19,-4,-20,-6,-21,-8,-23,-11,-25,-13,-28,-13,-30,-14,-32,-13,-33,-11,-33,-8,-31,-8,-30,-8,-28]"
CSI_DATA,99296,d8:b1:90:db:e8:90,-51,11,1,7,0,0,1,0,0,0,1,-95,0,4,0,1506690306,0,100,0,128,1,"[100,-64,5,0,2,23,2,23,3,22,3,21,4,21,5,21,5,20,6,20,6,20,6,20,7,20,7,20,7,20,8,20,7,21,7,21,7,21,6,21,6,21,5,21,5,21,4,21,3,21,2,21,0,21,0,5,0,0,0,0,0,0,0,0,0,0,0,0,0,0,0,0,0,0,1,4,3,20,2,20,1,21,0,21,-1,22,-2,22,-2,23,-2,23,-2,24,-3,24,-3,24,-3,23,-3,23,-4,24,-3,24,-3,24,-3,23,-3,24,-2,24,-1,24,0,24,0,24,0,24,0,24,0,24,1,24]"
CSI_DATA,99297,d8:b1:90:db:e8:90,-51,11,1,7,0,0,1,0,0,0,1,-95,0,4,0,1506701207,0,100,0,128,1,"[100,-64,5,0,-3,23,-2,23,-1,22,-1,21,0,21,1,21,1,21,2,21,2,21,3,21,3,21,3,21,4,21,4,21,4,22,4,22,3,22,3,22,2,22,2,22,1,22,0,21,-1,21,-2,21,-3,22,-1,5,0,0,0,0,0,0,0,0,0,0,0,0,0,0,0,0,0,0,-1,5,-2,20,-2,20,-3,20,-4,20,-5,21,-5,21,-6,22,-7,22,-8,23,-8,23,-9,23,-9,23,-9,23,-9,23,-9,23,-8,23,-8,23,-8,23,-7,23,-6,23,-6,23,-5,23,-5,23,-4,23,-4,24,-4,24]"
CSI_DATA,99298,d8:b1:90:db:e8:90,-51,11,1,7,0,0,1,0,0,0,1,-95,0,4,0,1506730380,0,100,0,128,1,"[100,-64,5,0,6,-27,6,-26,5,-26,4,-25,3,-25,2,-24,1,-24,1,-24,0,-24,-1,-24,-1,-24,-2,-25,-2,-25,-2,-25,-2,-26,-2,-26,-1,-26,-1,-26,0,-25,0,-25,1,-25,2,-25,3,-24,5,-24,6,-24,1,-6,0,0,0,0,0,0,0,0,0,0,0,0,0,0,0,0,0,0,1,-6,5,-23,6,-23,7,-23,8,-23,9,-23,10,-24,11,-24,12,-24,12,-25,13,-25,13,-24,13,-25,13,-25,13,-25,13,-25,13,-25,13,-25,12,-25,12,-25,11,-25,10,-26,10,-26,10,-26,9,-26,9,-26,8,-26]"
CSI_DATA,99299,d8:b1:90:db:e8:90,-52,11,1,7,0,0,1,0,0,0,1,-95,0,4,0,1506742199,0,100,0,128,1,"[100,-64,5,0,-11,20,-10,20,-10,20,-9,19,-8,19,-7,19,-6,19,-5,20,-5,20,-4,20,-4,20,-4,20,-4,21,-4,21,-4,21,-4,21,-4,21,-5,20,-5,20,-5,20,-6,20,-6,19,-7,19,-8,19,-9,19,-3,4,0,0,0,0,0,0,0,0,0,0,0,0,0,0,0,0,0,0,-3,4,-9,19,-10,18,-11,18,-12,17,-13,17,-14,18,-14,18,-15,18,-15,18,-16,18,-16,18,-16,18,-17,18,-17,18,-17,18,-16,18,-16,18,-15,18,-14,19,-13,19,-13,19,-13,19,-13,19,-13,20,-12,20,-12,20]"
CSI_DATA,99300,d8:b1:90:db:e8:90,-52,11,1,7,0,0,1,0,0,0,1,-95,0,4,0,1506759058,0,100,0,128,1,"[100,-64,5,0,1,-26,1,-26,0,-25,-1,-25,-1,-24,-2,-24,-3,-23,-4,-23,-4,-23,-5,-23,-6,-23,-6,-23,-6,-23,-6,-24,-6,-24,-6,-24,-5,-24,-5,-24,-4,-24,-4,-24,-3,-24,-3,-23,-2,-24,-1,-24,0,-24,0,-6,0,0,0,0,0,0,0,0,0,0,0,0,0,0,0,0,0,0,0,-6,0,-23,1,-23,3,-24,4,-25,5,-25,6,-25,7,-26,8,-26,8,-26,9,-27,9,-27,9,-27,9,-27,9,-27,8,-27,8,-27,8,-27,7,-27,7,-27,6,-27,5,-27,5,-27,4,-27,3,-27,3,-27,3,-28]"
CSI_DATA,99301,d8:b1:90:db:e8:90,-52,11,1,7,0,0,1,0,0,0,1,-95,0,4,0,1506774039,0,100,0,128,1,"[100,-64,5,0,4,22,5,21,5,20,6,20,6,19,7,18,8,18,8,18,8,17,9,17,9,17,10,17,10,17,10,17,10,17,9,18,9,18,8,18,8,18,8,18,8,18,7,18,6,18,5,19,5,19,1,4,0,0,0,0,0,0,0,0,0,0,0,0,0,0,0,0,0,0,1,4,5,18,4,19,3,20,2,20,2,21,1,21,1,22,0,23,0,23,0,24,-1,24,-1,24,-1,24,-1,24,-1,24,-1,24,-1,24,0,24,0,24,1,24,2,24,2,23,3,23,3,23,4,23,4,23]"
CSI_DATA,99302,d8:b1:90:db:e8:90,-52,11,1,7,0,0,1,0,0,0,1,-95,0,4,0,1506790485,0,100,0,128,1,"[100,-64,5,0,24,-5,23,-6,23,-6,22,-7,21,-7,20,-8,20,-9,19,-10,19,-10,19,-11,19,-11,19,-12,19,-12,19,-12,19,-12,19,-12,19,-12,19,-11,19,-11,20,-11,20,-10,20,-9,20,-8,21,-7,21,-5,5,-2,0,0,0,0,0,0,0,0,0,0,0,0,0,0,0,0,0,0,5,-2,22,-7,22,-6,22,-4,23,-3,23,-3,24,-2,25,-2,26,-2,26,-1,26,-1,26,0,26,0,26,0,26,0,27,0,27,0,26,0,26,-1,26,-1,26,-2,26,-3,26,-3,26,-3,25,-3,25,-4,25,-5]"
CSI_DATA,99303,d8:b1:90:db:e8:90,-52,11,1,7,0,0,1,0,0,0,1,-95,0,4,0,1506802247,0,100,0,128,1,"[100,-64,5,0,21,12,21,12,21,11,21,9,20,8,20,7,20,7,20,6,20,4,21,4,21,3,21,3,22,2,22,2,22,2,22,3,22,3,22,3,21,4,22,4,22,5,21,5,21,6,20,8,20,9,5,2,0,0,0,0,0,0,0,0,0,0,0,0,0,0,0,0,0,0,5,2,20,11,20,12,19,14,18,14,18,15,19,16,19,17,19,17,19,18,19,18,19,19,19,19,19,19,19,19,19,20,19,19,19,19,20,19,20,18,20,17,21,17,21,16,21,15,21,15,22,15,22,14]"
CSI_DATA,99304,d8:b1:90:db:e8:90,-52,11,1,7,0,0,1,0,0,0,1,-95,0,4,0,1506830243,0,100,0,128,1,"[100,-64,5,0,24,-2,24,-3,23,-3,22,-4,21,-4,21,-5,20,-6,20,-6,20,-7,20,-8,20,-8,20,-9,20,-9,20,-9,20,-9,21,-8,20,-8,20,-8,20,-7,21,-7,21,-6,21,-5,21,-4,21,-4,21,-2,5,-1,0,0,0,0,0,0,0,0,0,0,0,0,0,0,0,0,0,0,5,-1,22,-3,22,-2,22,-1,23,0,23,1,24,2,25,2,26,2,26,3,26,4,26,4,26,4,26,4,26,5,26,5,26,4,26,4,26,3,26,2,25,1,26,1,26,1,26,0,25,0,26,0,26,-1]"
CSI_DATA,99305,d8:b1:90:db:e8:90,-52,11,1,7,0,0,1,0,0,0,1,-95,0,4,0,1506843403,0,100,0,128,1,"[100,-64,5,0,19,-16,18,-16,18,-17,16,-16,16,-17,15,-17,14,-17,13,-17,13,-18,12,-18,12,-18,12,-18,12,-19,12,-19,12,-19,13,-20,13,-19,12,-19,13,-19,14,-18,14,-17,14,-17,15,-16,16,-16,17,-15,4,-4,0,0,0,0,0,0,0,0,0,0,0,0,0,0,0,0,0,0,4,-4,17,-16,18,-15,19,-14,19,-14,20,-13,21,-13,22,-14,23,-14,24,-13,24,-13,24,-12,24,-12,24,-12,24,-12,24,-11,23,-11,23,-12,23,-12,23,-13,22,-13,22,-14,22,-14,22,-15,22,-15,22,-15,21,-16]"
CSI_DATA,99306,d8:b1:90:db:e8:90,-52,11,1,7,0,0,1,0,0,0,1,-95,0,4,0,1506861953,0,100,0,128,1,"[100,-64,5,0,15,-21,14,-21,13,-21,13,-20,12,-20,11,-21,10,-21,9,-21,7,-21,6,-21,6,-22,6,-22,5,-22,5,-23,5,-23,6,-23,6,-23,6,-23,7,-23,7,-22,7,-22,7,-21,8,-21,10,-21,11,-20,2,-5,0,0,0,0,0,0,0,0,0,0,0,0,0,0,0,0,0,0,3,-5,13,-20,14,-19,15,-19,16,-19,16,-19,18,-19,19,-19,20,-19,21,-19,21,-19,21,-19,21,-18,21,-18,21,-18,22,-18,21,-18,21,-18,21,-19,20,-19,19,-20,19,-20,19,-20,18,-20,18,-20,18,-21,18,-21]"
CSI_DATA,99307,d8:b1:90:db:e8:90,-52,11,1,7,0,0,1,0,0,0,1,-95,0,4,0,1506874685,0,100,0,128,1,"[100,-64,5,0,-5,-23,-6,-22,-6,-21,-6,-21,-7,-20,-8,-20,-8,-19,-9,-18,-9,-18,-10,-17,-11,-17,-11,-17,-11,-17,-12,-17,-12,-17,-12,-17,-11,-18,-11,-18,-11,-17,-11,-17,-10,-18,-10,-18,-9,-18,-8,-19,-7,-19,-2,-5,0,0,0,0,0,0,0,0,0,0,0,0,0,0,0,0,0,0,-2,-5,-6,-20,-5,-20,-5,-21,-4,-22,-4,-22,-3,-22,-2,-23,-2,-24,-2,-25,-1,-25,-1,-25,-1,-25,-1,-25,0,-25,0,-25,0,-25,0,-25,-1,-25,-1,-25,-2,-25,-3,-25,-3,-25,-3,-24,-4,-24,-4,-24,-4,-24]"
CSI_DATA,99308,d8:b1:90:db:e8:90,-52,11,1,7,0,0,1,0,0,0,1,-95,0,4,0,1506888073,0,100,0,128,1,"[100,-64,5,0,17,-15,16,-15,16,-15,15,-15,14,-15,13,-15,12,-16,11,-16,10,-16,10,-17,9,-17,9,-17,9,-18,9,-18,9,-18,9,-18,10,-18,10,-18,10,-17,11,-17,11,-17,12,-16,12,-16,12,-16,13,-15,3,-4,0,0,0,0,0,0,0,0,0,0,0,0,0,0,0,0,0,0,3,-4,13,-16,14,-16,14,-15,15,-15,16,-15,17,-15,18,-14,19,-14,20,-14,20,-14,21,-14,21,-13,21,-13,21,-13,21,-13,21,-13,21,-13,20,-13,20,-14,20,-14,20,-14,20,-14,19,-15,19,-15,19,-15,19,-15]"
CSI_DATA,99309,d8:b1:90:db:e8:90,-52,11,1,7,0,0,1,0,0,0,1,-95,0,4,0,1506899973,0,100,0,128,1,"[100,-64,5,0,-2,24,-1,24,-1,23,0,23,0,22,1,22,2,21,3,20,3,19,4,19,4,19,5,19,6,20,6,20,6,20,7,20,7,20,6,20,6,21,6,21,5,21,5,21,3,21,2,22,1,22,0,5,0,0,0,0,0,0,0,0,0,0,0,0,0,0,0,0,0,0,0,5,1,22,0,22,-1,23,-2,23,-3,24,-4,24,-4,24,-4,25,-5,25,-5,26,-6,27,-7,27,-7,27,-7,27,-7,27,-7,27,-7,27,-7,27,-6,27,-5,27,-4,27,-4,27,-4,27,-4,27,-3,26,-3,26]"
CSI_DATA,99310,d8:b1:90:db:e8:90,-52,11,1,7,0,0,1,0,0,0,1,-95,0,4,0,1506911868,0,100,0,128,1,"[100,-64,5,0,-22,-8,-22,-7,-21,-6,-21,-6,-20,-6,-20,-5,-19,-3,-19,-3,-19,-2,-19,-1,-19,-1,-19,0,-20,1,-20,1,-20,1,-20,2,-20,2,-20,1,-20,1,-21,1,-21,1,-21,0,-21,-1,-21,-2,-21,-3,-5,-1,0,0,0,0,0,0,0,0,0,0,0,0,0,0,0,0,0,0,-6,-2,-21,-6,-21,-7,-20,-9,-20,-10,-21,-10,-21,-11,-21,-11,-21,-11,-21,-12,-22,-13,-22,-14,-23,-14,-22,-14,-22,-15,-22,-15,-22,-15,-22,-14,-22,-14,-22,-13,-23,-12,-23,-12,-23,-11,-23,-11,-23,-11,-23,-10,-23,-10]"
CSI_DATA,99311,d8:b1:90:db:e8:90,-52,11,1,7,0,0,1,0,0,0,1,-95,0,4,0,1506935846,0,100,0,128,1,"[100,-64,5,0,-25,4,-24,4,-23,5,-22,6,-21,7,-20,8,-20,9,-19,10,-19,10,-19,11,-18,11,-19,12,-19,13,-19,14,-19,14,-19,14,-19,14,-19,14,-19,14,-20,13,-21,13,-21,12,-22,11,-22,10,-23,9,-6,2,0,0,0,0,0,0,0,0,0,0,0,0,0,0,0,0,0,0,-6,1,-23,5,-24,4,-24,3,-25,3,-26,2,-27,1,-27,1,-28,1,-28,0,-29,-1,-29,-2,-29,-2,-29,-2,-29,-2,-29,-2,-29,-1,-28,-1,-28,-1,-28,0,-28,0,-28,1,-28,2,-28,3,-28,3,-27,3,-27,3]"
CSI_DATA,99312,d8:b1:90:db:e8:90,-52,11,1,7,0,0,1,0,0,0,1,-95,0,4,0,1506948287,0,100,0,128,1,"[100,-64,5,0,-20,-8,-19,-8,-19,-7,-19,-6,-19,-5,-19,-4,-18,-3,-18,-2,-18,-1,-18,-1,-18,0,-19,0,-19,1,-19,1,-19,1,-20,1,-20,1,-20,1,-20,0,-20,0,-21,0,-21,-1,-21,-2,-21,-3,-21,-4,-6,-2,0,0,0,0,0,0,0,0,0,0,0,0,0,0,0,0,0,0,-5,-2,-20,-6,-19,-7,-19,-8,-19,-9,-19,-10,-20,-10,-20,-11,-21,-12,-21,-12,-21,-13,-21,-14,-20,-14,-20,-15,-20,-14,-20,-14,-20,-13,-20,-13,-20,-13,-20,-13,-21,-12,-21,-12,-21,-11,-21,-11,-21,-11,-20,-10,-20,-10]"
CSI_DATA,99313,d8:b1:90:db:e8:90,-52,11,1,7,0,0,1,0,0,0,1,-95,0,4,0,1506965295,0,100,0,128,1,"[100,-64,5,0,-21,1,-21,2,-20,2,-19,3,-19,4,-18,5,-18,6,-17,7,-17,7,-17,8,-17,9,-17,9,-17,9,-17,10,-17,10,-18,10,-18,10,-18,10,-18,9,-18,9,-19,8,-20,8,-20,8,-21,7,-21,5,-6,1,0,0,0,0,0,0,0,0,0,0,0,0,0,0,0,0,0,0,-5,1,-20,4,-20,3,-20,2,-21,1,-21,0,-22,0,-23,-1,-23,-1,-24,-1,-24,-2,-24,-2,-24,-3,-24,-3,-24,-3,-24,-3,-24,-3,-23,-3,-23,-2,-23,-2,-23,-2,-23,-1,-23,-1,-23,0,-23,0,-22,0,-22,1]"
CSI_DATA,99314,d8:b1:90:db:e8:90,-53,11,1,7,0,0,1,0,0,0,1,-95,0,4,0,1506978485,0,100,0,128,1,"[100,-64,5,0,17,7,17,7,17,6,17,5,17,4,17,3,17,3,17,2,17,1,17,1,18,0,18,0,19,0,19,0,19,0,19,0,19,0,19,0,19,1,19,1,19,2,19,2,20,3,20,4,20,6,5,1,0,0,0,0,0,0,0,0,0,0,0,0,0,0,0,0,0,0,4,1,17,5,17,6,16,7,16,8,16,9,17,10,17,10,18,11,18,12,18,12,18,13,18,13,18,13,18,13,18,13,17,13,17,12,17,12,17,12,18,11,18,11,18,10,17,10,18,10,18,9,18,9]"
CSI_DATA,99315,d8:b1:90:db:e8:90,-53,11,1,7,0,0,1,0,0,0,1,-95,0,4,0,1506988883,0,100,0,128,1,"[100,-64,5,0,-4,23,-4,23,-3,23,-2,23,-1,22,-1,22,0,22,1,21,2,21,2,22,2,22,3,23,3,24,4,24,4,24,4,25,4,25,3,25,2,25,2,25,1,25,0,25,-2,25,-3,26,-5,26,-2,6,0,0,0,0,0,0,0,0,0,0,0,0,0,0,0,0,0,0,-2,5,-5,21,-6,21,-7,22,-8,22,-9,23,-9,23,-10,23,-10,24,-11,24,-12,24,-13,24,-13,24,-13,24,-13,24,-13,23,-12,23,-12,23,-12,23,-11,23,-10,24,-10,24,-9,24,-8,24,-7,23,-6,23,-6,24]"
CSI_DATA,99316,d8:b1:90:db:e8:90,-52,11,1,7,0,0,1,0,0,0,1,-95,0,4,0,1506999139,0,100,0,128,1,"[100,-64,5,0,8,18,7,17,11,11,17,11,15,12,13,6,18,2,19,3,15,1,17,-7,21,-7,17,-6,13,-13,17,-15,17,-12,9,-15,9,-23,12,-20,6,-16,1,-22,5,-24,3,-19,-4,-21,-1,-26,5,-22,1,-5,0,0,0,0,0,0,0,0,0,0,0,0,0,0,0,0,0,0,-1,-6,-2,-19,-4,-17,-8,-18,-9,-20,-9,-18,-13,-15,-16,-16,-15,-15,-17,-12,-20,-12,-20,-11,-20,-7,-23,-4,-23,-4,-21,-1,-22,3,-22,4,-19,7,-18,12,-18,13,-15,14,-11,17,-10,19,-6,17,-1,19,1,23]"
CSI_DATA,99317,d8:b1:90:db:e8:90,-53,11,1,7,0,0,1,0,0,0,1,-95,0,4,0,1507010832,0,100,0,128,1,"[100,-64,5,0,-2,-24,-2,-23,-3,-23,-4,-22,-5,-22,-6,-22,-7,-21,-7,-21,-8,-21,-9,-21,-10,-21,-10,-22,-10,-22,-10,-22,-10,-22,-10,-23,-11,-24,-10,-24,-9,-24,-9,-25,-9,-25,-8,-25,-7,-25,-5,-26,-4,-27,-1,-7,0,0,0,0,0,0,0,0,0,0,0,0,0,0,0,0,0,0,0,-6,1,-21,2,-22,2,-22,3,-23,4,-23,5,-24,6,-24,6,-24,7,-24,7,-25,7,-25,7,-25,7,-25,7,-25,7,-25,7,-25,6,-25,6,-25,5,-25,5,-25,4,-25,3,-24,2,-24,2,-24,1,-24,1,-24]"
CSI_DATA,99318,d8:b1:90:db:e8:90,-52,11,1,7,0,0,1,0,0,0,1,-95,0,4,0,1507036657,0,100,0,128,1,"[100,-64,5,0,17,-14,16,-15,15,-15,15,-16,14,-16,14,-17,13,-18,12,-18,12,-19,12,-20,12,-21,12,-21,12,-22,12,-22,13,-23,13,-23,13,-22,14,-22,14,-22,15,-21,15,-20,16,-20,17,-20,18,-19,19,-18,4,-5,0,0,0,0,0,0,0,0,0,0,0,0,0,0,0,0,0,0,4,-4,17,-12,17,-11,17,-10,17,-9,18,-8,19,-8,21,-9,23,-9,23,-8,23,-8,23,-8,23,-8,23,-8,23,-7,22,-7,22,-8,21,-8,21,-9,21,-9,21,-10,20,-11,20,-11,20,-12,20,-12,19,-13,19,-13]"
CSI_DATA,99319,d8:b1:90:db:e8:90,-53,11,1,7,0,0,1,0,0,0,1,-95,0,4,0,1507050838,0,100,0,128,1,"[100,-64,5,0,-16,-18,-16,-18,-17,-17,-17,-16,-18,-15,-19,-14,-19,-14,-20,-14,-21,-14,-21,-13,-22,-13,-23,-13,-23,-14,-23,-14,-24,-14,-24,-14,-24,-14,-24,-15,-23,-15,-23,-16,-22,-16,-22,-17,-21,-18,-21,-19,-20,-21,-5,-6,0,0,0,0,0,0,0,0,0,0,0,0,0,0,0,0,0,0,-4,-5,-13,-17,-12,-18,-11,-20,-10,-20,-10,-21,-10,-21,-10,-22,-10,-22,-9,-23,-9,-24,-8,-24,-7,-24,-7,-24,-8,-24,-8,-23,-8,-23,-9,-23,-10,-23,-10,-22,-11,-22,-11,-22,-12,-22,-13,-21,-13,-21,-14,-21,-14,-20]"
CSI_DATA,99320,d8:b1:90:db:e8:90,-53,11,1,7,0,0,1,0,0,0,1,-95,0,4,0,1507071619,0,100,0,128,1,"[100,-64,5,0,2,-21,1,-21,1,-21,0,-21,-1,-21,-2,-21,-3,-21,-3,-21,-4,-22,-4,-22,-5,-22,-5,-22,-5,-23,-5,-23,-5,-24,-5,-24,-5,-24,-5,-24,-4,-24,-4,-24,-3,-24,-2,-24,-1,-24,0,-25,2,-25,0,-7,0,0,0,0,0,0,0,0,0,0,0,0,0,0,0,0,0,0,0,-5,4,-18,5,-18,6,-18,6,-19,7,-19,8,-19,8,-19,9,-19,9,-19,9,-19,10,-19,10,-19,10,-19,10,-19,9,-19,9,-19,9,-19,8,-19,8,-19,7,-19,7,-20,6,-20,5,-20,5,-21,4,-21,4,-21]"
CSI_DATA,99321,d8:b1:90:db:e8:90,-53,11,1,7,0,0,1,0,0,0,1,-95,0,4,0,1507083260,0,100,0,128,1,"[100,-64,5,0,19,5,19,4,19,4,19,4,19,3,19,3,20,2,20,1,20,1,21,1,21,0,22,0,22,0,23,0,23,1,24,1,24,1,23,2,23,3,23,3,24,4,24,5,23,5,23,7,23,7,5,1,0,0,0,0,0,0,0,0,0,0,0,0,0,0,0,0,0,0,4,1,17,6,17,7,16,8,16,9,16,9,16,10,16,11,16,12,16,12,17,13,16,13,16,13,16,13,16,13,16,12,16,12,16,12,17,11,17,11,17,10,17,9,18,9,18,8,18,8,18,7,19,7]"
CSI_DATA,99322,d8:b1:90:db:e8:90,-53,11,1,7,0,0,1,0,0,0,1,-95,0,4,0,1507098046,0,100,0,128,1,"[100,-64,5,0,23,-5,23,-5,22,-6,22,-7,22,-8,22,-9,22,-10,22,-10,22,-11,22,-12,22,-12,23,-13,23,-13,24,-13,24,-13,25,-13,25,-12,25,-12,25,-11,26,-11,26,-10,26,-9,26,-8,26,-6,26,-4,6,-1,0,0,0,0,0,0,0,0,0,0,0,0,0,0,0,0,0,0,5,-1,21,-3,21,-2,21,0,21,0,21,1,22,2,22,2,22,2,22,3,23,4,23,4,23,4,23,5,23,4,23,4,22,3,22,3,23,2,22,2,22,1,22,1,22,0,23,-1,23,-2,23,-2,23,-3]"
CSI_DATA,99323,d8:b1:90:db:e8:90,-53,11,1,7,0,0,1,0,0,0,1,-95,0,4,0,1507109948,0,100,0,128,1,"[100,-64,5,0,-20,7,-20,7,-20,8,-20,8,-20,9,-20,10,-19,10,-19,11,-20,12,-20,12,-20,13,-20,13,-20,13,-20,13,-21,13,-22,13,-22,13,-23,12,-23,11,-23,11,-23,10,-23,10,-23,9,-24,8,-24,7,-6,1,0,0,0,0,0,0,0,0,0,0,0,0,0,0,0,0,0,0,-5,1,-18,4,-18,3,-18,2,-19,1,-19,1,-20,0,-20,0,-21,-1,-21,-1,-21,-2,-21,-2,-21,-2,-21,-2,-21,-2,-21,-1,-21,-1,-21,0,-21,0,-21,0,-22,1,-22,2,-21,3,-21,4,-20,4,-21,5,-21,5]"
CSI_DATA,99324,d8:b1:90:db:e8:90,-53,11,1,7,0,0,1,0,0,0,1,-95,0,4,0,1507138419,0,100,0,128,1,"[100,-64,5,0,-24,-4,-24,-4,-25,-3,-25,-3,-25,-2,-25,-1,-25,-1,-26,0,-26,0,-27,1,-27,1,-27,2,-28,2,-28,2,-29,2,-29,1,-29,1,-29,0,-28,-1,-28,-2,-28,-2,-28,-3,-28,-3,-28,-5,-28,-6,-7,-2,0,0,0,0,0,0,0,0,0,0,0,0,0,0,0,0,0,0,-5,-2,-20,-6,-20,-7,-19,-8,-19,-9,-19,-10,-19,-10,-19,-12,-20,-12,-20,-13,-20,-13,-20,-13,-20,-13,-20,-13,-20,-13,-20,-13,-21,-12,-21,-12,-21,-11,-22,-11,-22,-10,-22,-10,-22,-9,-22,-8,-22,-7,-23,-6,-24,-6]"
CSI_DATA,99325,d8:b1:90:db:e8:90,-53,11,1,7,0,0,1,0,0,0,1,-95,0,4,0,1507149130,0,100,0,128,1,"[100,-64,5,0,18,13,19,13,19,12,20,12,20,11,21,11,21,11,22,10,22,10,23,9,23,10,24,10,24,11,24,11,24,12,24,12,24,13,24,14,23,14,23,15,22,15,22,16,21,16,20,18,19,18,4,4,0,0,0,0,0,0,0,0,0,0,0,0,0,0,0,0,0,0,3,3,13,12,12,13,11,15,11,15,11,16,11,17,11,17,11,18,11,18,11,19,11,19,11,19,11,19,11,19,11,18,11,18,12,18,12,17,13,17,13,17,14,17,15,16,16,15,17,15,18,15,18,14]"
CSI_DATA,99326,d8:b1:90:db:e8:90,-53,11,1,7,0,0,1,0,0,0,1,-95,0,4,0,1507169654,0,100,0,128,1,"[100,-64,5,0,-3,24,-2,24,-1,24,0,24,0,24,1,24,2,24,3,24,3,25,4,25,4,25,4,26,4,26,4,26,4,27,4,27,3,28,3,28,2,28,1,28,1,28,0,27,-1,27,-3,27,-5,27,-2,6,0,0,0,0,0,0,0,0,0,0,0,0,0,0,0,0,0,0,-2,4,-6,17,-7,17,-9,17,-10,17,-10,17,-11,18,-11,18,-12,18,-12,18,-12,19,-13,19,-13,19,-12,19,-12,19,-11,19,-11,19,-10,19,-10,19,-9,20,-8,21,-8,21,-7,21,-6,22,-5,22,-4,23,-4,23]"
CSI_DATA,99327,d8:b1:90:db:e8:90,-53,11,1,7,0,0,1,0,0,0,1,-95,0,4,0,1507183123,0,100,0,128,1,"[100,-64,5,0,-16,13,-16,13,-16,14,-16,14,-16,15,-15,16,-15,16,-15,15,-15,16,-15,16,-15,17,-16,17,-16,17,-17,18,-17,18,-17,19,-17,19,-18,19,-18,19,-18,17,-18,17,-18,17,-18,17,-19,16,-21,16,-6,4,0,0,0,0,0,0,0,0,0,0,0,0,0,0,0,0,0,0,-4,2,-15,8,-15,7,-15,6,-16,6,-16,5,-17,5,-18,5,-19,5,-19,5,-19,5,-20,5,-20,5,-19,5,-19,5,-19,6,-19,7,-19,7,-19,8,-18,8,-18,9,-18,10,-18,10,-17,11,-17,12,-17,12,-17,12]"
CSI_DATA,99328,d8:b1:90:db:e8:90,-53,11,1,7,0,0,1,0,0,0,1,-95,0,4,0,1507193613,0,100,0,128,1,"[100,-64,5,0,0,-23,-1,-23,-1,-23,-1,-23,-2,-24,-2,-24,-3,-24,-2,-24,-3,-24,-3,-25,-4,-25,-4,-26,-3,-27,-3,-27,-3,-28,-4,-28,-4,-28,-4,-28,-3,-28,-2,-28,-2,-28,-1,-27,-1,-28,1,-28,2,-28,0,-7,0,0,0,0,0,0,0,0,0,0,0,0,0,0,0,0,0,0,0,-5,3,-18,3,-18,4,-18,5,-18,6,-19,6,-19,7,-19,8,-19,9,-20,9,-20,9,-20,9,-20,9,-21,9,-21,8,-21,7,-21,7,-21,6,-22,5,-22,5,-22,4,-22,3,-23,2,-23,1,-23,1,-23,1,-23]"
CSI_DATA,99329,d8:b1:90:db:e8:90,-53,11,1,7,0,0,1,0,0,0,1,-95,0,4,0,1507203826,0,100,0,128,1,"[100,-64,5,0,-13,-20,-13,-19,-13,-19,-13,-20,-14,-19,-15,-19,-15,-19,-15,-19,-15,-19,-16,-19,-17,-20,-17,-20,-17,-20,-18,-21,-18,-22,-19,-22,-19,-22,-18,-22,-18,-22,-17,-22,-17,-22,-16,-22,-15,-23,-14,-24,-13,-25,-4,-7,0,0,0,0,0,0,0,0,0,0,0,0,0,0,0,0,0,0,-2,-5,-7,-17,-6,-17,-5,-18,-4,-18,-4,-19,-4,-19,-3,-20,-3,-21,-2,-21,-2,-21,-2,-22,-2,-22,-2,-22,-3,-22,-4,-22,-5,-22,-6,-22,-6,-22,-7,-22,-7,-21,-8,-21,-9,-21,-10,-21,-11,-21,-11,-21,-11,-21]"
CSI_DATA,99330,d8:b1:90:db:e8:90,-53,11,1,7,0,0,1,0,0,0,1,-95,0,4,0,1507215463,0,100,0,128,1,"[100,-64,5,0,15,-16,15,-16,14,-16,14,-17,13,-17,13,-18,12,-18,12,-19,12,-20,12,-20,12,-21,13,-22,13,-22,13,-23,14,-23,14,-22,14,-22,14,-22,15,-21,16,-21,16,-20,17,-19,18,-19,19,-18,19,-16,4,-4,0,0,0,0,0,0,0,0,0,0,0,0,0,0,0,0,0,0,3,-3,14,-10,15,-9,16,-8,16,-8,16,-8,17,-8,17,-8,18,-8,18,-8,19,-8,19,-8,19,-8,19,-8,18,-8,18,-8,18,-9,18,-9,17,-10,17,-10,17,-11,16,-12,16,-12,16,-13,16,-13,16,-14,16,-14]"
CSI_DATA,99331,d8:b1:90:db:e8:90,-53,11,1,7,0,0,1,0,0,0,1,-95,0,4,0,1507238357,0,100,0,128,1,"[100,-64,5,0,-22,2,-22,2,-22,3,-22,3,-22,4,-22,5,-22,5,-22,6,-22,7,-23,7,-23,8,-24,8,-24,8,-24,8,-25,8,-26,7,-26,7,-26,7,-26,6,-26,5,-26,5,-26,4,-26,3,-26,1,-26,-1,-7,-1,0,0,0,0,0,0,0,0,0,0,0,0,0,0,0,0,0,0,-5,-1,-18,-4,-18,-5,-18,-5,-18,-6,-19,-7,-19,-7,-19,-8,-20,-8,-20,-8,-20,-8,-20,-8,-20,-8,-20,-8,-20,-8,-19,-8,-20,-8,-20,-7,-20,-7,-20,-6,-21,-5,-21,-5,-21,-4,-21,-2,-21,-2,-22,-1,-22,-1]"
CSI_DATA,99332,d8:b1:90:db:e8:90,-53,11,1,7,0,0,1,0,0,0,1,-95,0,4,0,1507252054,0,100,0,128,1,"[100,-64,5,0,21,-6,21,-7,21,-7,20,-7,20,-8,20,-9,20,-9,20,-10,20,-11,21,-11,21,-12,21,-12,22,-12,22,-12,23,-12,23,-12,24,-11,24,-11,24,-10,24,-10,24,-9,24,-8,24,-7,24,-5,24,-4,6,-1,0,0,0,0,0,0,0,0,0,0,0,0,0,0,0,0,0,0,4,0,17,0,17,1,17,2,17,2,17,3,18,3,18,4,19,4,19,4,19,4,19,4,19,4,19,4,19,4,19,4,19,4,19,3,20,2,20,2,20,1,20,1,20,0,20,-2,20,-3,21,-3,21,-4]"
CSI_DATA,99333,d8:b1:90:db:e8:90,-53,11,1,7,0,0,1,0,0,0,1,-95,0,4,0,1507265485,0,100,0,128,1,"[100,-64,5,0,12,20,12,19,13,19,13,18,14,18,15,18,15,18,16,17,16,17,17,17,18,18,18,18,18,18,18,19,19,19,19,20,19,21,18,21,18,21,17,22,16,22,15,22,15,23,13,24,11,25,2,6,0,0,0,0,0,0,0,0,0,0,0,0,0,0,0,0,0,0,1,4,4,18,3,18,3,19,2,19,2,20,1,20,1,20,1,20,1,21,1,21,1,21,1,21,1,21,1,21,2,21,2,21,3,20,4,20,4,20,5,20,6,20,7,21,8,20,9,20,9,20,10,20]"
CSI_DATA,99334,d8:b1:90:db:e8:90,-53,11,1,7,0,0,1,0,0,0,1,-95,0,4,0,1507276062,0,100,0,128,1,"[100,-64,5,0,-15,-13,-16,-13,-16,-13,-16,-12,-16,-12,-17,-12,-18,-11,-18,-10,-19,-10,-19,-10,-20,-10,-20,-10,-21,-10,-20,-10,-21,-10,-21,-11,-21,-11,-21,-12,-20,-12,-21,-13,-21,-15,-20,-15,-19,-15,-18,-16,-17,-17,-5,-5,0,0,0,0,0,0,0,0,0,0,0,0,0,0,0,0,0,0,-3,-4,-9,-14,-8,-14,-7,-15,-6,-16,-6,-16,-5,-17,-5,-17,-4,-18,-4,-18,-4,-19,-4,-19,-5,-19,-5,-19,-5,-18,-5,-18,-6,-17,-7,-17,-8,-17,-9,-17,-10,-17,-11,-16,-11,-16,-12,-16,-12,-15,-13,-15,-14,-15]"
CSI_DATA,99335,d8:b1:90:db:e8:90,-53,11,1,7,0,0,1,0,0,0,1,-95,0,4,0,1507289054,0,100,0,128,1,"[100,-64,5,0,-21,-9,-21,-8,-21,-8,-21,-8,-21,-7,-22,-6,-22,-6,-22,-5,-23,-5,-24,-5,-24,-4,-25,-4,-25,-4,-25,-4,-25,-5,-25,-5,-24,-6,-25,-6,-25,-6,-25,-7,-25,-8,-25,-9,-24,-10,-23,-11,-22,-12,-6,-4,0,0,0,0,0,0,0,0,0,0,0,0,0,0,0,0,0,0,-4,-3,-15,-10,-14,-11,-13,-13,-12,-14,-12,-14,-12,-15,-12,-16,-11,-16,-11,-17,-11,-17,-12,-17,-12,-17,-12,-17,-12,-17,-12,-16,-12,-15,-13,-15,-14,-14,-15,-14,-16,-13,-17,-13,-17,-13,-17,-12,-18,-11,-19,-11,-19,-10]"
CSI_DATA,99336,d8:b1:90:db:e8:90,-53,11,1,7,0,0,1,0,0,0,1,-95,0,4,0,1507299712,0,100,0,128,1,"[100,-64,5,0,19,-9,19,-9,19,-9,19,-10,18,-11,18,-12,18,-12,18,-13,18,-14,18,-14,19,-15,19,-15,19,-16,20,-16,20,-16,21,-16,21,-15,21,-15,21,-15,21,-14,22,-14,22,-12,22,-11,23,-10,23,-9,5,-3,0,0,0,0,0,0,0,0,0,0,0,0,0,0,0,0,0,0,4,-1,17,-3,17,-2,17,-1,17,0,18,0,18,1,19,1,19,1,19,1,19,2,19,2,19,1,19,1,19,1,19,1,19,0,19,-1,19,-1,19,-2,20,-3,19,-4,20,-4,20,-4,20,-5,20,-5,20,-6]"
CSI_DATA,99337,d8:b1:90:db:e8:90,-53,11,1,7,0,0,1,0,0,0,1,-95,0,4,0,1507311402,0,100,0,128,1,"[100,-64,5,0,-20,13,-19,13,-19,14,-18,14,-18,15,-18,15,-18,16,-17,17,-17,18,-17,18,-18,19,-18,19,-19,19,-19,19,-20,19,-20,19,-21,19,-21,19,-22,18,-22,18,-22,17,-23,16,-24,15,-25,14,-25,13,-7,3,0,0,0,0,0,0,0,0,0,0,0,0,0,0,0,0,0,0,-5,1,-19,6,-19,5,-20,4,-20,3,-21,2,-21,2,-22,2,-22,2,-23,2,-23,2,-23,3,-22,3,-22,3,-22,3,-22,4,-22,4,-22,5,-22,5,-21,6,-21,7,-21,8,-21,8,-21,9,-21,10,-21,10,-21,11]"
CSI_DATA,99338,d8:b1:90:db:e8:90,-53,11,1,7,0,0,1,0,0,0,1,-95,0,4,0,1507341833,0,100,0,128,1,"[100,-64,5,0,-13,18,-13,19,-12,19,-11,19,-10,19,-9,20,-9,21,-9,22,-8,22,-8,23,-8,23,-8,24,-8,25,-8,26,-8,26,-9,26,-9,26,-9,26,-10,26,-11,26,-11,25,-12,24,-13,24,-14,24,-16,23,-4,5,0,0,0,0,0,0,0,0,0,0,0,0,0,0,0,0,0,0,-4,3,-16,13,-17,12,-18,12,-19,12,-19,12,-20,11,-20,11,-20,11,-21,11,-21,11,-21,10,-21,10,-21,10,-21,10,-20,10,-20,10,-20,11,-20,12,-19,13,-18,14,-18,14,-17,15,-16,16,-16,16,-15,17,-15,17]"
CSI_DATA,99339,d8:b1:90:db:e8:90,-52,11,1,7,0,0,1,0,0,0,1,-95,0,4,0,1507355368,0,100,0,128,1,"[100,-64,5,0,22,-3,21,-3,21,-4,20,-5,20,-6,20,-7,21,-8,21,-8,21,-9,22,-9,22,-9,22,-10,23,-10,23,-10,24,-10,24,-10,24,-9,24,-9,25,-8,26,-8,26,-7,26,-6,26,-5,26,-3,26,-2,6,-1,0,0,0,0,0,0,0,0,0,0,0,0,0,0,0,0,0,0,4,0,19,0,19,1,19,2,19,3,20,3,20,4,20,4,21,4,21,5,21,5,21,5,21,5,21,5,21,5,21,4,21,4,21,3,21,3,21,3,21,2,21,2,21,1,21,0,22,0,22,-1,22,-2]"
CSI_DATA,99340,d8:b1:90:db:e8:90,-52,11,1,7,0,0,1,0,0,0,1,-95,0,4,0,1507373997,0,100,0,128,1,"[100,-64,5,0,7,-21,7,-22,6,-22,5,-22,5,-22,4,-23,3,-23,3,-24,3,-25,2,-25,2,-26,2,-26,2,-26,2,-27,2,-27,2,-27,3,-27,3,-27,3,-27,4,-27,5,-27,6,-26,7,-26,9,-26,10,-25,2,-7,0,0,0,0,0,0,0,0,0,0,0,0,0,0,0,0,0,0,2,-5,10,-17,11,-16,12,-15,13,-15,14,-15,14,-15,15,-15,15,-15,16,-15,16,-15,16,-15,16,-16,16,-16,16,-16,16,-16,15,-16,15,-17,14,-17,13,-18,13,-18,12,-19,12,-19,11,-19,10,-20,10,-20,10,-20]"
CSI_DATA,99341,d8:b1:90:db:e8:90,-53,11,1,7,0,0,1,0,0,0,1,-95,0,4,0,1507389189,0,100,0,128,1,"[100,-64,5,0,10,18,10,18,10,18,11,18,12,17,12,17,13,17,13,16,13,16,14,16,15,16,16,17,16,18,16,18,16,19,16,19,16,20,16,20,15,20,15,20,14,20,13,20,12,21,11,21,9,22,2,5,0,0,0,0,0,0,0,0,0,0,0,0,0,0,0,0,0,0,1,4,5,16,4,17,3,18,3,18,2,19,2,19,1,19,1,20,1,20,1,21,0,21,0,21,0,21,1,21,1,21,2,21,2,20,3,20,4,20,4,20,5,20,6,20,6,19,7,19,7,19,8,19]"
CSI_DATA,99342,d8:b1:90:db:e8:90,-52,11,1,7,0,0,1,0,0,0,1,-95,0,4,0,1507399299,0,100,0,128,1,"[100,-64,5,0,-9,-19,-9,-19,-9,-19,-10,-19,-11,-18,-12,-18,-12,-18,-12,-18,-13,-17,-13,-18,-14,-18,-15,-19,-15,-19,-15,-20,-15,-20,-15,-21,-15,-21,-14,-21,-14,-21,-14,-22,-13,-22,-13,-22,-11,-22,-10,-22,-8,-22,-2,-6,0,0,0,0,0,0,0,0,0,0,0,0,0,0,0,0,0,0,-1,-5,-4,-17,-3,-18,-2,-18,-2,-19,-1,-19,-1,-19,-1,-20,-1,-20,0,-21,0,-21,1,-21,1,-22,1,-22,0,-21,0,-21,-1,-21,-1,-21,-2,-21,-3,-20,-3,-20,-4,-20,-5,-20,-5,-20,-6,-20,-6,-20,-7,-20]"
CSI_DATA,99343,d8:b1:90:db:e8:90,-52,11,1,7,0,0,1,0,0,0,1,-95,0,4,0,1507409515,0,100,0,128,1,"[100,-64,5,0,-8,-23,-9,-23,-9,-23,-10,-22,-10,-22,-11,-22,-12,-22,-12,-21,-12,-21,-13,-21,-14,-22,-15,-22,-15,-23,-15,-23,-15,-24,-15,-25,-15,-25,-14,-25,-13,-25,-13,-25,-13,-26,-12,-26,-10,-26,-8,-26,-7,-26,-2,-7,0,0,0,0,0,0,0,0,0,0,0,0,0,0,0,0,0,0,-1,-5,-4,-19,-3,-20,-2,-21,-2,-21,-1,-22,0,-22,0,-22,1,-23,1,-23,1,-23,2,-24,2,-24,2,-24,2,-24,1,-24,0,-24,0,-24,-1,-24,-2,-24,-2,-23,-3,-23,-4,-23,-5,-23,-5,-23,-6,-23,-6,-23]"
CSI_DATA,99344,d8:b1:90:db:e8:90,-52,11,1,7,0,0,1,0,0,0,1,-95,0,4,0,1507421374,0,100,0,128,1,"[100,-64,5,0,16,15,16,14,16,14,18,13,18,13,19,12,19,11,19,11,20,11,20,11,21,11,22,11,23,11,23,12,23,12,23,13,24,13,23,14,23,14,22,15,22,15,21,15,20,16,19,17,18,19,4,4,0,0,0,0,0,0,0,0,0,0,0,0,0,0,0,0,0,0,2,3,11,15,10,16,10,17,9,17,9,18,9,18,9,19,10,19,10,20,10,20,10,21,10,21,10,21,10,20,9,20,9,20,10,19,10,19,11,18,12,18,12,17,13,17,14,17,15,17,15,17,16,16]"
CSI_DATA,99345,d8:b1:90:db:e8:90,-53,11,1,7,0,0,1,0,0,0,1,-95,0,4,0,1507444369,0,100,0,128,1,"[100,-64,5,0,25,-1,25,-1,25,-2,24,-3,24,-3,24,-4,24,-5,24,-5,24,-6,24,-6,24,-7,25,-7,26,-7,26,-7,27,-7,28,-7,28,-6,28,-6,28,-5,28,-4,28,-3,28,-2,28,-1,28,1,28,3,7,0,0,0,0,0,0,0,0,0,0,0,0,0,0,0,0,0,0,0,5,1,20,6,20,7,20,8,20,8,20,9,20,10,20,10,20,11,20,11,21,12,21,12,21,12,21,12,21,12,21,12,21,11,21,11,22,10,22,9,23,7,23,7,23,6,24,5,24,4,25,3,25,2]"
CSI_DATA,99346,d8:b1:90:db:e8:90,-53,11,1,7,0,0,1,0,0,0,1,-95,0,4,0,1507456020,0,100,0,128,1,"[100,-64,5,0,-24,-11,-24,-10,-24,-9,-24,-9,-24,-8,-25,-7,-25,-7,-24,-6,-24,-5,-25,-5,-26,-5,-27,-5,-28,-5,-28,-5,-28,-5,-29,-6,-29,-6,-28,-7,-28,-7,-28,-8,-27,-8,-27,-9,-27,-10,-26,-12,-26,-13,-7,-4,0,0,0,0,0,0,0,0,0,0,0,0,0,0,0,0,0,0,-5,-3,-19,-12,-19,-13,-18,-14,-18,-15,-18,-16,-18,-16,-17,-17,-17,-18,-17,-18,-17,-19,-18,-19,-18,-19,-18,-19,-18,-19,-18,-19,-18,-19,-19,-18,-19,-18,-20,-17,-20,-16,-20,-15,-21,-15,-21,-14,-22,-14,-22,-13,-22,-12]"
CSI_DATA,99347,d8:b1:90:db:e8:90,-52,11,1,7,0,0,1,0,0,0,1,-95,0,4,0,1507473405,0,100,0,128,1,"[100,-64,5,0,-1,24,0,24,0,24,1,24,2,24,3,24,3,23,4,23,4,23,5,23,5,24,6,25,6,26,6,26,6,27,6,27,5,27,5,27,4,27,3,26,3,26,2,26,1,27,-1,27,-2,27,-1,6,0,0,0,0,0,0,0,0,0,0,0,0,0,0,0,0,0,0,-1,5,-3,20,-4,20,-6,20,-6,20,-7,20,-8,20,-9,21,-9,21,-10,21,-10,21,-10,22,-11,22,-10,22,-10,22,-10,22,-10,23,-9,22,-8,22,-7,22,-6,22,-5,23,-5,23,-5,23,-4,24,-3,24,-2,24]"
CSI_DATA,99348,d8:b1:90:db:e8:90,-52,11,1,7,0,0,1,0,0,0,1,-95,0,4,0,1507484416,0,100,0,128,1,"[100,-64,5,0,8,-20,7,-20,7,-20,6,-20,6,-20,5,-20,5,-21,4,-21,4,-22,4,-22,3,-23,3,-23,3,-24,3,-24,4,-24,4,-24,5,-24,5,-24,5,-24,6,-24,7,-23,8,-22,9,-22,10,-21,11,-21,3,-5,0,0,0,0,0,0,0,0,0,0,0,0,0,0,0,0,0,0,2,-4,9,-15,10,-15,11,-15,11,-14,12,-14,12,-14,13,-14,13,-15,14,-15,14,-14,15,-14,15,-14,15,-14,15,-14,15,-15,15,-15,14,-15,14,-16,13,-16,13,-16,12,-16,12,-17,11,-18,10,-18,10,-19,10,-19]"
CSI_DATA,99349,d8:b1:90:db:e8:90,-52,11,1,7,0,0,1,0,0,0,1,-95,0,4,0,1507494911,0,100,0,128,1,"[100,-64,5,0,-19,15,-19,15,-18,15,-17,16,-17,16,-16,17,-16,17,-15,18,-15,18,-15,18,-15,19,-15,20,-15,21,-15,21,-16,21,-16,21,-17,20,-17,20,-17,19,-18,19,-18,18,-19,17,-19,17,-21,16,-22,15,-6,3,0,0,0,0,0,0,0,0,0,0,0,0,0,0,0,0,0,0,-5,2,-19,9,-19,8,-20,7,-20,6,-21,6,-21,6,-22,6,-22,6,-23,6,-23,6,-23,6,-23,6,-23,6,-23,6,-23,6,-23,7,-23,7,-23,8,-22,8,-21,9,-21,10,-21,11,-20,12,-20,13,-20,13,-20,13]"
CSI_DATA,99350,d8:b1:90:db:e8:90,-53,11,1,7,0,0,1,0,0,0,1,-95,0,4,0,1507507873,0,100,0,128,1,"[100,-64,5,0,-22,-14,-22,-13,-23,-12,-23,-11,-23,-11,-24,-10,-24,-10,-24,-9,-24,-9,-25,-8,-26,-8,-27,-8,-27,-8,-27,-9,-27,-9,-27,-10,-27,-10,-27,-11,-26,-11,-26,-12,-26,-13,-25,-13,-24,-15,-24,-17,-23,-18,-6,-5,0,0,0,0,0,0,0,0,0,0,0,0,0,0,0,0,0,0,-5,-4,-17,-14,-17,-15,-16,-16,-16,-17,-15,-18,-16,-18,-16,-19,-16,-19,-16,-20,-16,-20,-16,-20,-16,-20,-16,-21,-16,-21,-16,-20,-17,-20,-17,-20,-17,-19,-18,-18,-18,-18,-19,-18,-20,-17,-21,-16,-21,-16,-21,-15,-22,-15]"
CSI_DATA,99351,d8:b1:90:db:e8:90,-52,11,1,7,0,0,1,0,0,0,1,-95,0,4,0,1507519282,0,100,0,128,1,"[100,-64,5,0,-23,-6,-23,-6,-23,-5,-23,-4,-23,-4,-23,-3,-23,-2,-23,-2,-23,-1,-23,-1,-24,0,-25,0,-25,0,-25,0,-25,0,-26,0,-26,0,-26,-1,-26,-2,-26,-2,-26,-3,-26,-3,-25,-4,-25,-6,-25,-7,-6,-2,0,0,0,0,0,0,0,0,0,0,0,0,0,0,0,0,0,0,-5,-3,-19,-9,-18,-10,-18,-11,-18,-12,-18,-12,-18,-13,-19,-13,-19,-14,-19,-15,-19,-15,-19,-15,-19,-15,-19,-15,-19,-15,-19,-15,-20,-14,-20,-13,-20,-13,-20,-12,-20,-12,-21,-11,-21,-11,-21,-10,-22,-10,-22,-9,-23,-9]"
CSI_DATA,99352,d8:b1:90:db:e8:90,-53,11,1,7,0,0,1,0,0,0,1,-95,0,4,0,1507544893,0,100,0,128,1,"[100,-64,5,0,-11,-24,-11,-24,-12,-23,-12,-22,-13,-22,-13,-22,-14,-21,-14,-21,-15,-21,-16,-21,-17,-21,-17,-22,-17,-22,-18,-22,-18,-23,-18,-23,-17,-24,-16,-24,-16,-24,-15,-24,-15,-25,-14,-25,-13,-25,-11,-26,-10,-26,-3,-7,0,0,0,0,0,0,0,0,0,0,0,0,0,0,0,0,0,0,-2,-6,-7,-21,-6,-21,-5,-22,-5,-23,-4,-23,-3,-24,-2,-24,-2,-25,-2,-26,-1,-26,-1,-26,-1,-26,-1,-26,-1,-26,-2,-26,-2,-26,-3,-26,-4,-26,-5,-26,-6,-26,-6,-26,-7,-26,-8,-25,-9,-24,-9,-24,-10,-24]"
CSI_DATA,99353,d8:b1:90:db:e8:90,-52,11,1,7,0,0,1,0,0,0,1,-95,0,4,0,1507556561,0,100,0,128,1,"[100,-64,5,0,-14,-20,-14,-20,-14,-19,-14,-18,-15,-17,-15,-17,-16,-17,-17,-16,-17,-16,-17,-16,-18,-16,-19,-17,-19,-17,-19,-17,-19,-17,-19,-18,-19,-18,-19,-18,-19,-19,-18,-19,-17,-20,-17,-20,-16,-21,-14,-21,-13,-22,-4,-6,0,0,0,0,0,0,0,0,0,0,0,0,0,0,0,0,0,0,-3,-5,-9,-19,-9,-19,-8,-20,-8,-20,-7,-21,-7,-21,-6,-22,-6,-23,-6,-23,-5,-24,-5,-24,-5,-24,-5,-24,-5,-24,-5,-24,-6,-23,-7,-23,-7,-23,-9,-23,-9,-23,-10,-23,-11,-22,-11,-22,-12,-21,-12,-21,-12,-21]"
CSI_DATA,99354,d8:b1:90:db:e8:90,-52,11,1,7,0,0,1,0,0,0,1,-95,0,4,0,1507568853,0,100,0,128,1,"[100,-64,5,0,-3,23,-2,23,-2,23,-1,23,0,23,1,23,1,23,2,23,3,23,3,23,3,23,4,24,4,24,4,25,3,25,3,25,3,25,2,25,2,25,1,25,1,25,0,25,-1,25,-3,25,-4,24,-2,6,0,0,0,0,0,0,0,0,0,0,0,0,0,0,0,0,0,0,-1,4,-3,19,-4,19,-6,19,-7,19,-7,20,-8,20,-8,20,-9,21,-9,21,-10,22,-10,22,-10,22,-10,22,-10,22,-10,21,-10,21,-9,21,-9,22,-8,22,-7,22,-6,22,-6,22,-5,23,-5,23,-4,24,-4,24]"
CSI_DATA,99355,d8:b1:90:db:e8:90,-52,11,1,7,0,0,1,0,0,0,1,-95,0,4,0,1507580190,0,100,0,128,1,"[100,-64,5,0,-21,3,-21,3,-21,4,-20,4,-20,5,-20,6,-20,6,-19,7,-19,7,-20,8,-20,8,-20,8,-21,9,-21,9,-21,9,-21,8,-21,8,-22,8,-22,7,-22,7,-22,6,-22,6,-22,5,-22,4,-23,3,-6,0,0,0,0,0,0,0,0,0,0,0,0,0,0,0,0,0,0,0,-5,0,-19,1,-19,0,-19,-1,-20,-2,-20,-3,-21,-3,-21,-3,-22,-3,-22,-4,-23,-4,-23,-4,-23,-4,-22,-4,-22,-4,-22,-4,-22,-4,-22,-3,-22,-3,-22,-2,-22,-2,-22,-1,-22,0,-22,0,-22,0,-22,1,-22,1]"
CSI_DATA,99356,d8:b1:90:db:e8:90,-52,11,1,7,0,0,1,0,0,0,1,-95,0,4,0,1507590488,0,100,0,128,1,"[100,-64,5,0,-22,10,-21,10,-21,11,-20,12,-20,12,-20,13,-19,13,-19,14,-19,14,-19,15,-19,15,-19,16,-19,17,-19,17,-19,17,-20,16,-20,16,-20,16,-20,15,-20,15,-21,14,-22,13,-22,13,-23,11,-23,10,-6,2,0,0,0,0,0,0,0,0,0,0,0,0,0,0,0,0,0,0,-5,1,-19,6,-20,6,-20,4,-21,4,-21,4,-22,4,-22,3,-23,3,-23,3,-24,3,-24,3,-24,3,-24,3,-24,3,-24,3,-24,4,-24,4,-23,5,-23,5,-23,6,-23,7,-23,8,-23,8,-22,9,-23,9,-22,9]"
CSI_DATA,99357,d8:b1:90:db:e8:90,-52,11,1,7,0,0,1,0,0,0,1,-95,0,4,0,1507601300,0,100,0,128,1,"[100,-64,5,0,-16,15,-15,15,-15,15,-14,15,-13,15,-13,16,-12,16,-12,17,-12,17,-11,17,-11,18,-11,18,-11,19,-12,19,-12,19,-13,19,-13,18,-13,18,-13,18,-14,17,-15,17,-15,16,-16,15,-17,15,-17,14,-5,3,0,0,0,0,0,0,0,0,0,0,0,0,0,0,0,0,0,0,-4,3,-13,12,-14,11,-15,11,-16,11,-16,10,-17,10,-17,10,-17,10,-18,10,-18,10,-19,10,-20,10,-19,10,-19,10,-19,10,-19,10,-18,10,-18,11,-18,11,-18,12,-17,12,-17,13,-17,13,-17,14,-16,14,-16,15]"
CSI_DATA,99358,d8:b1:90:db:e8:90,-52,11,1,7,0,0,1,0,0,0,1,-95,0,4,0,1507614816,0,100,0,128,1,"[100,-64,5,0,-15,-18,-15,-17,-15,-16,-15,-15,-15,-15,-15,-15,-16,-14,-16,-14,-17,-14,-17,-14,-18,-13,-18,-14,-18,-14,-18,-14,-18,-14,-18,-15,-18,-15,-17,-15,-17,-16,-16,-16,-16,-17,-15,-17,-15,-17,-14,-19,-13,-19,-3,-5,0,0,0,0,0,0,0,0,0,0,0,0,0,0,0,0,0,0,-3,-4,-11,-14,-11,-15,-10,-16,-10,-17,-10,-18,-10,-18,-10,-18,-9,-18,-9,-19,-9,-20,-9,-20,-9,-21,-9,-21,-9,-21,-9,-20,-9,-20,-10,-20,-10,-19,-10,-19,-11,-19,-12,-19,-12,-19,-12,-18,-13,-18,-13,-18,-14,-18]"
CSI_DATA,99359,d8:b1:90:db:e8:90,-53,11,1,7,0,0,1,0,0,0,1,-95,0,4,0,1507646813,0,100,0,128,1,"[100,-64,5,0,16,18,16,18,16,17,17,17,18,16,18,16,18,15,18,15,18,14,19,14,19,14,20,14,21,14,21,14,21,15,21,15,21,16,20,16,20,17,20,17,19,17,18,18,17,19,16,20,15,21,3,5,0,0,0,0,0,0,0,0,0,0,0,0,0,0,0,0,0,0,3,3,13,16,13,17,12,18,11,19,11,19,11,20,11,21,11,21,11,22,11,22,11,23,11,23,10,23,11,23,11,22,11,22,12,22,12,21,12,21,13,21,13,21,14,20,14,20,15,20,15,20,16,20]"
CSI_DATA,99360,d8:b1:90:db:e8:90,-53,11,1,7,0,0,1,0,0,0,1,-95,0,4,0,1507662702,0,100,0,128,1,"[100,-64,5,0,4,-25,4,-28,6,-26,4,-22,-1,-22,-3,-25,-1,-26,-1,-23,-5,-22,-8,-24,-7,-26,-5,-24,-7,-21,-11,-23,-12,-27,-9,-27,-9,-23,-13,-22,-14,-26,-12,-27,-10,-24,-12,-22,-14,-25,-10,-27,-7,-24,-2,-6,0,0,0,0,0,0,0,0,0,0,0,0,0,0,0,0,0,0,5,-2,22,-6,21,-4,20,-5,21,-7,23,-7,24,-5,22,-6,22,-9,25,-10,25,-8,23,-8,22,-12,24,-13,25,-11,22,-9,20,-13,22,-16,23,-16,20,-14,15,-16,14,-21,17,-23,17,-20,12,-20,10,-25,11,-28]"
CSI_DATA,99361,d8:b1:90:db:e8:90,-53,11,1,7,0,0,1,0,0,0,1,-95,0,4,0,1507682094,0,100,0,128,1,"[100,-64,5,0,-18,14,-18,14,-17,15,-16,15,-16,15,-15,16,-15,16,-14,16,-14,17,-13,17,-14,18,-14,18,-14,18,-14,18,-15,18,-15,18,-15,19,-16,18,-16,17,-16,17,-16,17,-17,16,-18,16,-18,15,-20,14,-5,3,0,0,0,0,0,0,0,0,0,0,0,0,0,0,0,0,0,0,-5,2,-17,10,-18,9,-19,9,-19,8,-20,8,-21,8,-21,8,-22,9,-22,9,-22,8,-22,8,-22,8,-22,8,-22,8,-22,8,-22,8,-21,8,-21,9,-21,10,-21,11,-20,11,-20,12,-19,12,-19,13,-19,13,-18,13]"
CSI_DATA,99362,d8:b1:90:db:e8:90,-52,11,1,5,0,0,1,0,1,0,0,-95,0,4,0,1507702573,0,100,0,128,1,"[100,-64,5,0,-19,19,-20,19,-20,20,-19,21,-19,22,-18,23,-17,24,-16,25,-14,26,-13,27,-13,28,-12,29,-11,30,-10,31,-10,31,-10,31,-10,31,-10,29,-10,27,-10,25,-9,22,-8,19,-8,15,-8,10,-7,7,-2,1,0,0,0,0,0,0,0,0,0,0,0,0,0,0,0,0,0,0,7,-2,31,-6,32,-5,33,-5,33,-5,32,-5,30,-5,28,-5,25,-5,22,-4,18,-3,14,-1,10,1,7,3,4,6,1,8,-1,10,-3,12,-5,14,-6,15,-7,16,-8,17,-9,17,-10,17,-11,17,-13,17,-14,18]"
CSI_DATA,99363,d8:b1:90:db:e8:90,-52,11,1,5,0,0,1,0,1,0,0,-95,0,4,0,1507727849,0,100,0,128,1,"[100,-64,5,0,-23,-13,-24,-13,-25,-12,-25,-12,-26,-11,-26,-9,-27,-8,-28,-6,-28,-5,-28,-3,-29,-2,-30,-1,-30,0,-31,0,-31,0,-31,0,-31,-1,-29,-1,-27,-2,-26,-2,-23,-2,-21,-2,-17,-2,-14,-2,-11,-3,-3,-1,0,0,0,0,0,0,0,0,0,0,0,0,0,0,0,0,0,0,4,5,19,21,19,22,18,22,18,22,18,22,17,21,16,19,14,17,12,15,10,13,7,11,4,9,2,6,-1,5,-4,4,-7,3,-9,2,-10,1,-12,0,-13,-1,-14,-2,-15,-3,-16,-5,-17,-6,-18,-8,-18,-9]"
CSI_DATA,99364,d8:b1:90:db:e8:90,-53,11,1,7,0,0,1,0,0,0,1,-95,0,4,0,1507749698,0,100,0,128,1,"[100,-64,5,0,-20,-17,-20,-17,-20,-16,-21,-15,-21,-14,-21,-13,-22,-13,-22,-12,-22,-12,-23,-11,-24,-11,-24,-11,-25,-12,-25,-12,-25,-12,-24,-13,-24,-13,-24,-14,-23,-14,-23,-15,-23,-15,-22,-15,-22,-16,-21,-18,-20,-19,-5,-5,0,0,0,0,0,0,0,0,0,0,0,0,0,0,0,0,0,0,-5,-4,-17,-16,-16,-17,-15,-18,-15,-19,-15,-20,-15,-20,-15,-21,-15,-22,-15,-22,-15,-23,-15,-24,-15,-24,-15,-24,-14,-24,-14,-23,-14,-22,-14,-22,-15,-22,-15,-21,-15,-21,-16,-20,-17,-20,-18,-20,-18,-19,-19,-19,-20,-18]"
CSI_DATA,99365,d8:b1:90:db:e8:90,-53,11,1,7,0,0,1,0,0,0,1,-95,0,4,0,1507764334,0,100,0,128,1,"[100,-64,5,0,23,-7,22,-8,21,-8,20,-9,20,-9,19,-10,19,-11,18,-12,18,-13,18,-14,18,-14,18,-15,19,-15,19,-15,19,-16,20,-15,20,-15,20,-15,20,-15,21,-15,21,-14,21,-13,21,-12,22,-10,23,-9,5,-2,0,0,0,0,0,0,0,0,0,0,0,0,0,0,0,0,0,0,5,-2,21,-6,21,-5,22,-4,22,-3,23,-3,24,-2,24,-1,24,0,25,0,25,1,25,2,25,3,25,3,25,3,25,2,25,2,25,1,25,0,25,-1,25,-2,25,-3,25,-3,24,-4,24,-4,24,-5,24,-6]"
CSI_DATA,99366,d8:b1:90:db:e8:90,-53,11,1,7,0,0,1,0,0,0,1,-95,0,4,0,1507787229,0,100,0,128,1,"[100,-64,5,0,-19,11,-18,11,-17,12,-17,12,-16,12,-15,13,-14,14,-14,14,-13,15,-13,15,-13,16,-13,17,-13,18,-13,18,-13,18,-14,18,-14,19,-14,18,-15,18,-15,17,-15,17,-15,16,-16,16,-17,14,-18,13,-5,3,0,0,0,0,0,0,0,0,0,0,0,0,0,0,0,0,0,0,-5,2,-19,9,-19,8,-20,7,-20,7,-21,7,-22,6,-22,5,-23,5,-23,5,-23,4,-24,3,-24,2,-24,2,-24,3,-24,3,-24,4,-23,5,-23,5,-23,6,-23,7,-22,7,-22,8,-21,8,-21,9,-21,9,-20,10]"
CSI_DATA,99367,d8:b1:90:db:e8:90,-53,11,1,7,0,0,1,0,0,0,1,-95,0,4,0,1507799147,0,100,0,128,1,"[100,-64,5,0,18,11,18,10,19,9,19,8,19,7,19,7,19,6,19,6,20,6,20,5,21,5,21,5,21,6,21,6,22,6,22,6,22,7,22,7,21,8,21,8,20,9,20,9,20,10,19,11,19,12,4,3,0,0,0,0,0,0,0,0,0,0,0,0,0,0,0,0,0,0,4,2,17,10,17,11,16,12,16,13,16,13,16,14,16,15,16,15,16,16,16,17,16,17,16,17,16,17,16,17,16,17,16,17,16,16,16,16,17,15,17,15,17,15,18,14,18,13,18,13,19,12,19,12]"
CSI_DATA,99368,d8:b1:90:db:e8:90,-51,11,1,5,0,0,1,0,1,0,0,-95,0,4,0,1507816548,0,100,0,128,1,"[100,-64,5,0,22,13,23,13,25,12,26,11,27,10,28,8,29,6,29,3,29,1,29,-1,29,-2,29,-3,29,-4,29,-4,29,-3,29,-3,28,-2,27,-1,26,-1,25,0,22,1,20,2,17,2,14,3,11,4,2,1,0,0,0,0,0,0,0,0,0,0,0,0,0,0,0,0,0,0,-3,-8,-11,-29,-11,-30,-11,-31,-11,-30,-12,-29,-12,-28,-11,-26,-10,-23,-8,-20,-6,-17,-4,-15,-1,-12,2,-9,4,-7,7,-6,9,-5,11,-4,13,-4,14,-3,14,-2,15,-1,15,0,15,2,16,4,17,6,18,8]"
CSI_DATA,99369,d8:b1:90:db:e8:90,-52,11,1,7,0,0,1,0,0,0,1,-95,0,4,0,1507828278,0,100,0,128,1,"[100,-64,5,0,-17,15,-16,15,-16,15,-15,16,-14,17,-14,17,-13,17,-13,18,-12,18,-12,19,-12,19,-12,20,-12,20,-12,20,-12,21,-13,21,-13,21,-14,20,-14,20,-14,19,-15,18,-15,18,-16,17,-17,16,-18,15,-5,3,0,0,0,0,0,0,0,0,0,0,0,0,0,0,0,0,0,0,-4,3,-17,12,-17,12,-18,11,-19,11,-20,10,-20,10,-21,10,-21,10,-22,10,-22,10,-23,10,-23,10,-23,10,-23,9,-22,9,-22,10,-22,10,-21,11,-21,11,-20,12,-20,12,-20,13,-19,13,-19,13,-19,14,-18,14]"
CSI_DATA,99370,d8:b1:90:db:e8:90,-52,11,1,7,0,0,1,0,0,0,1,-95,0,4,0,1507853037,0,100,0,128,1,"[100,-64,5,0,-21,10,-20,10,-20,10,-19,11,-19,11,-19,12,-18,12,-18,13,-18,14,-17,14,-17,14,-18,15,-18,15,-18,16,-18,16,-19,16,-20,15,-20,15,-20,14,-20,13,-20,12,-21,11,-21,11,-22,10,-23,9,-6,2,0,0,0,0,0,0,0,0,0,0,0,0,0,0,0,0,0,0,-5,1,-20,7,-20,6,-21,6,-21,5,-22,5,-23,4,-24,5,-25,4,-25,4,-25,3,-25,3,-25,3,-25,3,-25,3,-25,3,-25,4,-24,4,-24,5,-24,5,-24,5,-23,6,-23,7,-23,8,-23,8,-23,9,-23,9]"
CSI_DATA,99371,d8:b1:90:db:e8:90,-52,11,1,7,0,0,1,0,0,0,1,-95,0,4,0,1507863870,0,100,0,128,1,"[100,-64,5,0,5,-20,5,-20,4,-20,4,-20,3,-20,3,-20,2,-20,2,-20,1,-21,1,-21,0,-21,0,-22,0,-22,0,-23,0,-23,1,-23,1,-23,2,-23,2,-23,3,-22,3,-22,4,-21,4,-21,6,-21,7,-21,1,-6,0,0,0,0,0,0,0,0,0,0,0,0,0,0,0,0,0,0,1,-5,6,-18,7,-18,8,-18,9,-18,10,-18,11,-18,12,-18,13,-18,13,-18,13,-18,14,-18,14,-18,13,-18,13,-18,13,-19,12,-19,12,-19,11,-19,11,-19,10,-19,10,-19,9,-19,9,-20,8,-20,7,-20,7,-20]"
CSI_DATA,99372,d8:b1:90:db:e8:90,-52,11,1,7,0,0,1,0,0,0,1,-95,0,4,0,1507876354,0,100,0,128,1,"[100,-64,5,0,8,-22,7,-22,7,-22,6,-22,5,-22,4,-22,4,-22,3,-22,3,-23,2,-23,2,-24,2,-24,2,-24,2,-25,2,-25,2,-25,3,-25,3,-26,4,-25,4,-25,5,-24,6,-23,7,-23,8,-23,8,-22,2,-6,0,0,0,0,0,0,0,0,0,0,0,0,0,0,0,0,0,0,2,-5,9,-19,10,-19,11,-19,12,-19,13,-19,14,-19,15,-19,15,-19,16,-19,16,-19,16,-19,16,-19,16,-19,16,-19,16,-20,15,-20,15,-20,14,-20,14,-20,13,-20,12,-20,12,-21,11,-21,10,-21,10,-21,10,-22]"
CSI_DATA,99373,d8:b1:90:db:e8:90,-52,11,1,7,0,0,1,0,0,0,1,-95,0,4,0,1507888180,0,100,0,128,1,"[100,-64,5,0,-20,10,-20,10,-19,10,-19,11,-18,11,-18,12,-17,13,-17,14,-17,15,-17,15,-17,16,-17,16,-17,16,-17,16,-18,17,-18,17,-19,16,-19,16,-20,16,-20,15,-20,14,-21,14,-21,12,-21,11,-22,10,-6,2,0,0,0,0,0,0,0,0,0,0,0,0,0,0,0,0,0,0,-5,1,-20,6,-21,5,-21,4,-22,4,-22,3,-23,3,-23,2,-24,2,-24,2,-25,1,-25,1,-25,1,-25,1,-25,1,-25,1,-25,2,-24,2,-24,3,-23,4,-23,4,-23,5,-22,6,-22,6,-22,7,-22,8,-22,8]"
CSI_DATA,99374,d8:b1:90:db:e8:90,-53,11,1,7,0,0,1,0,0,0,1,-95,0,4,0,1507901139,0,100,0,128,1,"[100,-64,5,0,-20,-10,-20,-10,-20,-9,-20,-9,-20,-8,-20,-7,-20,-7,-21,-6,-21,-6,-22,-5,-22,-5,-23,-5,-23,-5,-23,-5,-23,-5,-24,-6,-24,-6,-23,-7,-23,-7,-23,-8,-23,-9,-22,-9,-22,-10,-21,-11,-22,-13,-6,-4,0,0,0,0,0,0,0,0,0,0,0,0,0,0,0,0,0,0,-5,-3,-18,-13,-17,-14,-17,-15,-17,-16,-16,-17,-16,-17,-16,-18,-16,-18,-16,-19,-16,-19,-16,-20,-16,-20,-16,-20,-16,-20,-16,-20,-16,-19,-17,-19,-17,-18,-17,-17,-17,-16,-18,-16,-18,-15,-19,-14,-20,-14,-20,-13,-20,-13]"
CSI_DATA,99375,d8:b1:90:db:e8:90,-53,11,1,7,0,0,1,0,0,0,1,-95,0,4,0,1507912122,0,100,0,128,1,"[100,-64,5,0,-22,1,-22,2,-21,2,-20,3,-20,4,-20,5,-20,5,-20,6,-20,7,-20,8,-21,8,-21,8,-21,9,-22,9,-22,9,-22,8,-22,8,-22,8,-22,7,-23,7,-23,6,-23,5,-23,4,-23,3,-23,2,-6,0,0,0,0,0,0,0,0,0,0,0,0,0,0,0,0,0,0,0,-6,-1,-21,-3,-21,-4,-21,-5,-21,-6,-22,-7,-22,-7,-23,-8,-23,-8,-24,-8,-24,-9,-24,-9,-23,-9,-23,-9,-23,-9,-23,-9,-23,-8,-23,-8,-23,-7,-23,-6,-23,-5,-23,-5,-23,-4,-23,-3,-23,-3,-23,-2,-23,-1]"
CSI_DATA,99376,d8:b1:90:db:e8:90,-52,11,1,7,0,0,1,0,0,0,1,-95,0,4,0,1507923513,0,100,0,128,1,"[100,-64,5,0,23,-2,22,-3,21,-3,21,-4,20,-5,20,-6,20,-7,20,-8,20,-9,20,-9,20,-10,21,-10,21,-10,21,-11,22,-10,22,-10,23,-10,23,-10,23,-9,24,-8,24,-7,24,-7,24,-5,24,-4,24,-3,6,-1,0,0,0,0,0,0,0,0,0,0,0,0,0,0,0,0,0,0,5,0,22,1,22,2,22,3,22,4,22,5,23,5,23,6,24,7,24,7,24,8,24,8,24,8,24,8,23,8,23,8,23,7,23,6,23,6,23,5,23,5,23,4,23,3,23,3,23,2,23,1,23,0]"
CSI_DATA,99377,d8:b1:90:db:e8:90,-53,11,1,7,0,0,1,0,0,0,1,-95,0,4,0,1507933650,0,100,0,128,1,"[100,-64,5,0,15,14,16,14,16,13,16,12,17,11,17,10,18,9,18,9,18,8,19,8,19,8,20,8,20,8,21,8,21,8,22,9,21,9,21,9,21,10,21,11,20,11,20,12,19,13,18,14,17,14,4,3,0,0,0,0,0,0,0,0,0,0,0,0,0,0,0,0,0,0,3,3,13,16,12,17,11,18,11,18,10,19,10,19,10,20,10,21,10,22,9,22,9,22,9,22,9,22,9,22,9,21,9,21,10,20,10,20,10,20,11,19,11,18,12,18,12,17,13,17,13,17,14,16]"
CSI_DATA,99378,d8:b1:90:db:e8:90,-52,11,1,7,0,0,1,0,0,0,1,-95,0,4,0,1507954494,0,100,0,128,1,"[100,-64,5,0,6,-19,6,-19,5,-19,4,-18,3,-18,3,-18,2,-19,2,-19,1,-20,0,-20,0,-20,0,-21,0,-21,0,-22,1,-22,1,-22,2,-22,2,-22,3,-22,4,-22,4,-22,5,-21,6,-21,7,-21,8,-20,2,-5,0,0,0,0,0,0,0,0,0,0,0,0,0,0,0,0,0,0,2,-5,9,-17,10,-17,11,-17,11,-17,12,-17,13,-17,14,-17,14,-17,15,-17,15,-17,15,-17,15,-17,15,-17,15,-16,15,-17,14,-17,14,-17,13,-17,13,-17,12,-17,11,-18,11,-18,10,-18,9,-18,9,-18,8,-19]"
CSI_DATA,99379,d8:b1:90:db:e8:90,-53,11,1,7,0,0,1,0,0,0,1,-95,0,4,0,1507965240,0,100,0,128,1,"[100,-64,5,0,6,21,7,20,7,20,8,19,9,18,10,18,11,17,11,17,12,17,13,17,13,17,14,17,14,18,15,19,15,20,15,20,14,21,14,21,13,21,13,22,12,22,11,22,10,23,8,24,7,24,1,6,0,0,0,0,0,0,0,0,0,0,0,0,0,0,0,0,0,0,1,5,3,21,2,22,1,23,0,24,-1,25,-1,25,-2,25,-2,25,-3,25,-4,26,-4,26,-4,26,-4,26,-3,26,-3,26,-2,25,-2,25,-2,25,-1,24,0,24,1,24,2,23,3,23,3,23,4,22,5,22]"
CSI_DATA,99380,d8:b1:90:db:e8:90,-52,11,1,7,0,0,1,0,0,0,1,-95,0,4,0,1507976189,0,100,0,128,1,"[100,-64,5,0,-17,8,-19,11,-23,14,-19,16,-17,21,-15,22,-10,24,-8,24,-5,25,-7,29,-4,28,1,31,2,31,4,31,5,29,8,22,6,21,3,23,5,25,5,28,5,28,3,27,2,25,6,30,0,34,-2,8,0,0,0,0,0,0,0,0,0,0,0,0,0,0,0,0,0,0,-3,-7,-8,-26,-8,-26,-8,-26,-9,-26,-11,-27,-12,-27,-13,-27,-14,-27,-15,-27,-15,-26,-15,-26,-16,-26,-18,-25,-20,-24,-22,-23,-23,-19,-24,-16,-25,-12,-26,-11,-26,-10,-27,-8,-28,-6,-29,0,-29,3,-25,4,-26,10]"
CSI_DATA,99381,d8:b1:90:db:e8:90,-53,11,1,7,0,0,1,0,0,0,1,-95,0,4,0,1507988720,0,100,0,128,1,"[100,-64,5,0,-18,-11,-18,-11,-18,-10,-18,-9,-19,-8,-19,-7,-19,-7,-19,-6,-20,-5,-20,-5,-21,-5,-22,-4,-23,-4,-23,-4,-23,-4,-23,-5,-23,-5,-23,-5,-23,-6,-23,-7,-23,-8,-22,-8,-22,-9,-21,-10,-21,-11,-6,-3,0,0,0,0,0,0,0,0,0,0,0,0,0,0,0,0,0,0,-4,-4,-16,-14,-15,-15,-15,-16,-15,-18,-14,-18,-14,-19,-14,-20,-13,-20,-13,-21,-13,-22,-12,-22,-11,-22,-11,-22,-12,-22,-12,-21,-12,-20,-13,-20,-13,-20,-14,-19,-14,-19,-14,-18,-15,-18,-16,-17,-16,-16,-16,-15,-17,-15]"
CSI_DATA,99382,d8:b1:90:db:e8:90,-53,11,1,7,0,0,1,0,0,0,1,-95,0,4,0,1508001500,0,100,0,128,1,"[100,-64,5,0,-17,-16,-17,-16,-17,-15,-17,-14,-17,-13,-18,-13,-18,-12,-19,-12,-19,-11,-20,-11,-21,-11,-21,-11,-22,-11,-22,-11,-22,-12,-23,-12,-22,-12,-22,-13,-22,-13,-21,-13,-21,-14,-20,-15,-20,-15,-19,-17,-18,-18,-5,-5,0,0,0,0,0,0,0,0,0,0,0,0,0,0,0,0,0,0,-4,-5,-14,-18,-13,-19,-12,-20,-11,-21,-11,-22,-11,-22,-11,-23,-11,-24,-10,-24,-10,-25,-9,-25,-9,-25,-9,-25,-9,-25,-9,-25,-10,-24,-10,-24,-11,-23,-11,-23,-12,-22,-12,-22,-13,-21,-14,-20,-14,-20,-14,-19,-15,-19]"
CSI_DATA,99383,d8:b1:90:db:e8:90,-53,11,1,7,0,0,1,0,0,0,1,-95,0,4,0,1508012424,0,100,0,128,1,"[100,-64,5,0,-1,20,0,20,0,19,1,19,2,19,3,19,4,19,4,19,5,19,5,19,6,19,6,19,6,20,6,20,6,21,5,21,5,21,5,21,4,22,3,22,3,22,2,22,1,22,0,22,-1,22,-1,5,0,0,0,0,0,0,0,0,0,0,0,0,0,0,0,0,0,0,-1,4,-4,19,-5,19,-6,20,-7,20,-8,20,-9,20,-9,20,-10,20,-10,20,-11,21,-11,21,-11,20,-11,21,-11,21,-10,21,-10,21,-10,21,-9,21,-8,20,-7,20,-6,20,-6,20,-5,20,-4,21,-4,21,-3,20]"
CSI_DATA,99384,d8:b1:90:db:e8:90,-53,11,1,7,0,0,1,0,0,0,1,-95,0,4,0,1508022757,0,100,0,128,1,"[100,-64,5,0,21,5,21,5,21,4,21,3,21,2,21,1,21,0,20,0,21,-1,21,-2,21,-2,22,-2,22,-2,23,-2,23,-2,24,-1,24,-1,24,-1,24,0,25,1,25,1,24,2,24,3,24,5,24,6,6,1,0,0,0,0,0,0,0,0,0,0,0,0,0,0,0,0,0,0,5,2,20,9,20,10,20,12,19,13,20,14,20,14,20,15,20,16,20,16,20,17,20,17,20,17,20,17,20,17,20,17,20,16,20,16,20,15,20,14,20,13,20,12,21,11,21,11,21,10,21,9,21,8]"
CSI_DATA,99385,d8:b1:90:db:e8:90,-53,11,1,7,0,0,1,0,0,0,1,-95,0,4,0,1508056570,0,100,0,128,1,"[100,-64,5,0,-3,22,-3,22,-2,21,0,21,1,20,2,20,2,20,3,20,4,20,5,20,5,20,6,21,6,22,7,22,7,22,6,23,6,23,5,23,5,23,4,24,4,23,3,23,2,24,0,25,-1,25,-1,6,0,0,0,0,0,0,0,0,0,0,0,0,0,0,0,0,0,0,-1,5,-4,20,-5,20,-6,22,-7,22,-8,23,-9,23,-9,24,-10,24,-10,24,-11,25,-11,25,-12,25,-12,25,-12,25,-12,25,-12,24,-11,24,-10,24,-10,25,-9,25,-9,25,-8,25,-7,24,-7,24,-6,24,-5,24]"
CSI_DATA,99386,d8:b1:90:db:e8:90,-53,11,1,7,0,0,1,0,0,0,1,-95,0,4,0,1508068200,0,100,0,128,1,"[100,-64,5,0,-17,15,-16,15,-15,15,-14,16,-13,16,-12,16,-11,17,-11,17,-10,18,-10,18,-9,19,-9,19,-9,20,-9,21,-9,21,-10,21,-10,21,-10,21,-11,21,-11,21,-12,21,-13,20,-14,20,-15,19,-16,19,-4,4,0,0,0,0,0,0,0,0,0,0,0,0,0,0,0,0,0,0,-5,3,-17,14,-18,13,-19,13,-20,12,-21,11,-21,11,-22,11,-23,11,-23,11,-24,11,-25,11,-25,10,-25,10,-24,11,-24,11,-24,11,-23,11,-23,12,-22,12,-22,12,-22,13,-21,13,-21,14,-20,14,-19,14,-19,14]"
CSI_DATA,99387,d8:b1:90:db:e8:90,-53,11,1,7,0,0,1,0,0,0,1,-95,0,4,0,1508089899,0,100,0,128,1,"[100,-64,5,0,21,11,21,10,20,9,19,8,19,7,19,6,20,5,20,4,20,3,20,3,21,2,21,2,22,2,22,2,22,2,22,2,23,2,23,3,23,3,23,4,23,5,23,5,22,6,22,8,22,9,5,2,0,0,0,0,0,0,0,0,0,0,0,0,0,0,0,0,0,0,5,2,20,10,19,11,19,12,19,14,19,15,19,15,19,16,19,17,19,17,19,18,20,19,20,19,20,20,19,20,19,19,19,19,19,18,20,18,20,17,20,17,21,16,21,16,21,15,21,15,21,14,21,13]"
CSI_DATA,99388,d8:b1:90:db:e8:90,-53,11,1,7,0,0,1,0,0,0,1,-95,0,4,0,1508105214,0,100,0,128,1,"[100,-64,5,0,-16,18,-15,18,-14,18,-13,18,-12,18,-11,18,-10,18,-9,18,-8,18,-7,18,-7,19,-6,19,-6,20,-6,20,-6,21,-7,21,-7,21,-7,21,-7,20,-8,20,-8,21,-9,20,-10,20,-11,20,-13,20,-4,5,0,0,0,0,0,0,0,0,0,0,0,0,0,0,0,0,0,0,-4,4,-13,18,-14,17,-15,17,-16,16,-17,16,-17,16,-18,17,-19,17,-20,17,-21,17,-22,17,-22,17,-22,17,-22,17,-22,16,-22,16,-22,17,-21,17,-21,17,-21,17,-20,17,-20,18,-19,18,-19,18,-18,18,-18,18]"
CSI_DATA,99389,d8:b1:90:db:e8:90,-52,11,1,7,0,0,1,0,0,0,1,-95,0,4,0,1508118355,0,100,0,128,1,"[100,-64,5,0,1,-24,1,-23,0,-22,-1,-22,-2,-21,-2,-21,-3,-20,-4,-20,-5,-20,-6,-20,-7,-20,-7,-20,-7,-20,-7,-20,-7,-20,-7,-21,-7,-21,-7,-21,-6,-22,-6,-22,-6,-22,-5,-22,-5,-22,-4,-23,-3,-23,-1,-6,0,0,0,0,0,0,0,0,0,0,0,0,0,0,0,0,0,0,-1,-6,-2,-22,0,-22,1,-23,2,-23,3,-24,3,-24,4,-24,5,-25,5,-25,5,-26,6,-26,6,-26,6,-26,6,-26,7,-26,7,-26,7,-25,6,-26,6,-26,5,-27,5,-27,5,-27,4,-26,3,-26,3,-26,3,-26]"
CSI_DATA,99390,d8:b1:90:db:e8:90,-53,11,1,7,0,0,1,0,0,0,1,-95,0,4,0,1508128696,0,100,0,128,1,"[100,-64,5,0,-3,-25,-4,-24,-4,-24,-5,-23,-5,-22,-6,-21,-7,-21,-8,-20,-8,-20,-9,-20,-10,-19,-10,-19,-11,-19,-11,-19,-11,-19,-11,-20,-11,-21,-11,-21,-11,-21,-11,-21,-10,-21,-10,-22,-9,-23,-7,-23,-7,-24,-2,-6,0,0,0,0,0,0,0,0,0,0,0,0,0,0,0,0,0,0,-2,-6,-5,-22,-4,-23,-3,-24,-2,-25,-1,-25,0,-26,0,-26,0,-26,1,-27,2,-28,2,-28,3,-28,3,-28,3,-28,3,-28,2,-28,2,-27,2,-28,1,-28,0,-28,0,-29,0,-29,-1,-29,-1,-28,-1,-28,-1,-27]"
CSI_DATA,99391,d8:b1:90:db:e8:90,-53,11,1,7,0,0,1,0,0,0,1,-95,0,4,0,1508139154,0,100,0,128,1,"[100,-64,5,0,-23,8,-22,9,-20,9,-19,9,-19,10,-18,10,-17,11,-17,11,-16,11,-16,12,-15,12,-15,12,-14,13,-14,14,-14,14,-15,14,-15,14,-15,14,-15,14,-16,13,-16,13,-17,12,-18,12,-19,12,-19,11,-5,2,0,0,0,0,0,0,0,0,0,0,0,0,0,0,0,0,0,0,-5,2,-18,9,-18,9,-19,8,-20,8,-21,7,-22,7,-23,6,-24,6,-24,5,-25,5,-26,4,-26,4,-26,4,-26,4,-26,4,-27,4,-27,5,-26,5,-26,5,-26,6,-26,6,-25,7,-25,7,-25,7,-24,8,-24,8]"
CSI_DATA,99392,d8:b1:90:db:e8:90,-52,11,1,7,0,0,1,0,0,0,1,-95,0,4,0,1508159094,0,100,0,128,1,"[100,-64,5,0,23,-9,22,-10,21,-10,20,-10,19,-11,18,-11,18,-12,17,-12,17,-12,17,-13,16,-13,15,-13,15,-14,15,-14,16,-14,16,-15,16,-15,16,-14,16,-14,17,-14,18,-13,18,-13,19,-12,19,-11,20,-11,5,-3,0,0,0,0,0,0,0,0,0,0,0,0,0,0,0,0,0,0,4,-3,17,-11,18,-10,19,-10,20,-9,21,-9,22,-8,23,-8,24,-7,25,-7,26,-6,26,-6,27,-5,27,-5,27,-5,27,-5,27,-5,27,-6,26,-6,26,-7,26,-7,26,-8,26,-8,25,-8,25,-8,25,-9,25,-9]"
CSI_DATA,99393,d8:b1:90:db:e8:90,-52,11,1,7,0,0,1,0,0,0,1,-95,0,4,0,1508172775,0,100,0,128,1,"[100,-64,5,0,21,2,21,1,21,1,20,0,20,-1,19,-2,19,-2,19,-3,18,-3,18,-4,19,-5,19,-5,19,-5,19,-6,19,-6,19,-5,19,-5,19,-5,19,-5,19,-4,20,-4,20,-3,20,-2,19,-1,19,0,4,0,0,0,0,0,0,0,0,0,0,0,0,0,0,0,0,0,0,0,4,-1,18,-1,18,0,18,2,19,2,19,3,20,4,21,4,21,5,22,6,22,6,22,6,23,7,23,7,23,7,23,7,23,6,23,6,23,6,23,6,23,5,23,5,23,4,23,4,23,3,23,3,23,3]"
CSI_DATA,99394,d8:b1:90:db:e8:90,-52,11,1,7,0,0,1,0,0,0,1,-95,0,4,0,1508192039,0,100,0,128,1,"[100,-64,5,0,-5,-25,-5,-24,-5,-23,-6,-23,-7,-22,-7,-22,-8,-21,-9,-21,-9,-21,-10,-21,-11,-20,-12,-20,-12,-20,-12,-20,-12,-20,-12,-21,-12,-21,-11,-21,-11,-21,-11,-21,-10,-21,-9,-21,-9,-22,-7,-22,-6,-23,-2,-6,0,0,0,0,0,0,0,0,0,0,0,0,0,0,0,0,0,0,-2,-5,-5,-20,-4,-20,-3,-21,-3,-22,-2,-23,-1,-23,-1,-24,0,-25,0,-26,0,-27,1,-27,1,-27,1,-27,1,-28,1,-27,0,-27,0,-27,0,-27,-1,-27,-1,-27,-1,-27,-2,-27,-3,-27,-3,-27,-3,-26,-4,-26]"
CSI_DATA,99395,d8:b1:90:db:e8:90,-52,11,1,7,0,0,1,0,0,0,1,-95,0,4,0,1508203151,0,100,0,128,1,"[100,-64,5,0,-11,-21,-11,-20,-11,-19,-12,-19,-12,-18,-13,-17,-13,-17,-14,-16,-14,-16,-15,-15,-15,-15,-16,-15,-16,-15,-16,-14,-16,-15,-16,-15,-15,-16,-15,-16,-15,-16,-14,-16,-14,-17,-13,-17,-12,-18,-12,-18,-11,-19,-3,-5,0,0,0,0,0,0,0,0,0,0,0,0,0,0,0,0,0,0,-3,-5,-9,-17,-9,-18,-8,-18,-7,-19,-7,-20,-7,-21,-6,-21,-6,-22,-6,-23,-6,-24,-6,-24,-5,-25,-6,-25,-6,-25,-6,-25,-6,-24,-6,-24,-7,-24,-7,-24,-8,-24,-8,-24,-9,-24,-9,-23,-10,-23,-10,-23,-10,-23]"
CSI_DATA,99396,d8:b1:90:db:e8:90,-52,11,1,7,0,0,1,0,0,0,1,-95,0,4,0,1508214000,0,100,0,128,1,"[100,-64,5,0,-26,-2,-25,-1,-25,0,-24,1,-24,2,-23,3,-23,3,-22,4,-22,5,-22,5,-22,6,-23,6,-23,7,-23,7,-23,7,-23,7,-24,7,-24,7,-24,6,-24,6,-24,5,-24,5,-25,4,-25,2,-25,0,-7,0,0,0,0,0,0,0,0,0,0,0,0,0,0,0,0,0,0,0,-6,0,-22,-1,-22,-2,-22,-4,-23,-4,-23,-5,-24,-6,-24,-6,-25,-6,-25,-7,-26,-7,-26,-8,-26,-8,-26,-8,-27,-8,-27,-8,-27,-8,-27,-7,-27,-7,-27,-7,-26,-6,-26,-5,-26,-5,-26,-4,-27,-4,-27,-3,-27,-3]"
CSI_DATA,99397,d8:b1:90:db:e8:90,-52,11,1,7,0,0,1,0,0,0,1,-95,0,4,0,1508224299,0,100,0,128,1,"[100,-64,5,0,-22,4,-22,5,-21,5,-21,6,-20,6,-20,7,-19,7,-19,8,-19,9,-19,10,-19,10,-19,10,-19,11,-19,11,-19,11,-19,11,-19,11,-19,10,-20,10,-20,9,-21,9,-21,8,-21,7,-21,6,-22,4,-6,1,0,0,0,0,0,0,0,0,0,0,0,0,0,0,0,0,0,0,-5,1,-18,5,-19,4,-19,3,-20,2,-21,2,-21,2,-22,2,-22,1,-23,1,-23,0,-24,0,-24,0,-24,0,-24,0,-25,0,-25,0,-25,0,-24,0,-24,0,-23,1,-23,1,-23,2,-23,2,-23,3,-23,3,-24,3]"
CSI_DATA,99398,d8:b1:90:db:e8:90,-52,11,1,7,0,0,1,0,0,0,1,-95,0,4,0,1508235930,0,100,0,128,1,"[100,-64,5,0,-20,-18,-20,-17,-20,-16,-20,-16,-20,-15,-21,-14,-21,-13,-21,-12,-21,-12,-22,-11,-23,-11,-23,-11,-23,-11,-24,-11,-24,-11,-24,-11,-24,-12,-24,-12,-23,-12,-23,-13,-22,-13,-22,-14,-21,-15,-20,-16,-20,-17,-5,-5,0,0,0,0,0,0,0,0,0,0,0,0,0,0,0,0,0,0,-5,-4,-17,-14,-16,-15,-15,-17,-15,-18,-14,-19,-14,-20,-14,-20,-15,-21,-15,-22,-14,-23,-14,-23,-14,-23,-14,-24,-14,-24,-15,-24,-15,-24,-15,-23,-16,-23,-16,-23,-17,-22,-17,-22,-18,-22,-18,-21,-18,-20,-18,-20,-19,-20]"
CSI_DATA,99399,d8:b1:90:db:e8:90,-52,11,1,7,0,0,1,0,0,0,1,-95,0,4,0,1508263019,0,100,0,128,1,"[100,-64,5,0,-24,0,-24,0,-23,1,-23,2,-22,3,-22,4,-22,5,-21,6,-21,6,-21,7,-21,7,-22,8,-22,8,-22,8,-23,8,-23,8,-24,8,-24,8,-24,7,-24,6,-24,5,-24,4,-24,3,-25,2,-25,1,-7,0,0,0,0,0,0,0,0,0,0,0,0,0,0,0,0,0,0,0,-5,0,-20,0,-20,-1,-21,-3,-22,-4,-22,-5,-23,-5,-24,-5,-25,-5,-26,-6,-26,-7,-25,-7,-25,-7,-25,-8,-25,-8,-26,-7,-26,-7,-26,-6,-26,-6,-26,-6,-26,-5,-26,-5,-26,-4,-25,-4,-25,-3,-25,-3,-25,-2]"
CSI_DATA,99400,d8:b1:90:db:e8:90,-52,11,1,7,0,0,1,0,0,0,1,-95,0,4,0,1508274978,0,100,0,128,1,"[100,-64,5,0,-8,22,-7,22,-6,22,-6,21,-5,21,-4,21,-3,21,-3,21,-2,22,-1,22,-1,22,-1,23,-1,23,0,23,-1,24,-1,24,-1,25,-2,25,-2,25,-3,25,-4,24,-5,24,-6,24,-7,23,-8,23,-3,5,0,0,0,0,0,0,0,0,0,0,0,0,0,0,0,0,0,0,-3,5,-9,20,-10,19,-11,19,-12,19,-13,19,-14,19,-14,19,-15,19,-15,20,-16,20,-17,20,-17,20,-17,21,-17,20,-17,20,-16,20,-16,20,-16,21,-15,22,-14,22,-13,23,-13,22,-13,22,-12,22,-12,22,-11,23]"
CSI_DATA,99401,d8:b1:90:db:e8:90,-52,11,1,7,0,0,1,0,0,0,1,-95,0,4,0,1508294433,0,100,0,128,1,"[100,-64,5,0,-22,9,-21,9,-20,10,-19,10,-18,11,-18,11,-17,12,-17,12,-17,13,-17,14,-17,14,-17,14,-17,15,-17,16,-18,16,-18,16,-18,16,-19,16,-19,15,-20,14,-20,13,-21,13,-21,12,-22,10,-22,9,-6,2,0,0,0,0,0,0,0,0,0,0,0,0,0,0,0,0,0,0,-6,1,-21,7,-22,6,-22,5,-23,4,-23,4,-24,3,-24,3,-25,3,-26,2,-26,2,-26,1,-27,1,-27,1,-27,1,-26,1,-26,2,-26,2,-26,3,-26,4,-26,4,-26,5,-25,5,-25,5,-24,6,-24,6,-24,7]"
CSI_DATA,99402,d8:b1:90:db:e8:90,-52,11,1,7,0,0,1,0,0,0,1,-95,0,4,0,1508310074,0,100,0,128,1,"[100,-64,5,0,-15,14,-14,15,-13,15,-12,15,-12,15,-11,15,-10,16,-10,16,-9,16,-9,17,-9,17,-9,17,-9,18,-8,19,-9,19,-9,19,-9,19,-10,19,-10,18,-11,18,-11,18,-12,17,-13,17,-14,16,-14,15,-4,3,0,0,0,0,0,0,0,0,0,0,0,0,0,0,0,0,0,0,-4,3,-14,14,-15,13,-15,13,-16,13,-17,12,-18,13,-19,12,-20,12,-20,12,-20,12,-20,12,-20,12,-20,12,-20,12,-20,12,-20,12,-19,12,-19,12,-19,12,-19,12,-18,13,-18,13,-18,14,-17,14,-17,14,-17,15]"
CSI_DATA,99403,d8:b1:90:db:e8:90,-52,11,1,7,0,0,1,0,0,0,1,-95,0,4,0,1508320995,0,100,0,128,1,"[100,-64,5,0,14,-16,13,-16,12,-16,11,-16,10,-16,9,-16,9,-17,8,-17,8,-17,7,-18,7,-18,7,-18,7,-19,7,-19,7,-19,7,-19,7,-19,7,-19,8,-19,9,-19,9,-18,10,-18,10,-17,11,-17,12,-16,3,-4,0,0,0,0,0,0,0,0,0,0,0,0,0,0,0,0,0,0,3,-4,13,-15,14,-14,15,-14,15,-14,16,-14,17,-14,18,-13,19,-13,20,-13,20,-13,19,-13,19,-13,20,-13,20,-13,19,-13,19,-13,19,-13,19,-14,18,-13,18,-14,17,-14,17,-14,17,-15,16,-15,16,-15,16,-15]"
CSI_DATA,99404,d8:b1:90:db:e8:90,-52,11,1,7,0,0,1,0,0,0,1,-95,0,4,0,1508332529,0,100,0,128,1,"[100,-64,5,0,0,-24,-1,-23,-2,-22,-3,-22,-4,-21,-4,-21,-5,-20,-6,-20,-6,-20,-7,-20,-8,-20,-8,-20,-8,-20,-9,-20,-9,-21,-8,-22,-8,-22,-7,-22,-7,-22,-6,-22,-6,-22,-5,-22,-4,-22,-3,-23,-2,-23,-1,-6,0,0,0,0,0,0,0,0,0,0,0,0,0,0,0,0,0,0,-1,-6,0,-23,1,-23,2,-24,3,-25,3,-25,4,-25,4,-25,5,-26,6,-26,6,-26,6,-26,7,-26,7,-26,7,-26,7,-26,7,-26,6,-26,6,-26,5,-26,4,-26,4,-26,3,-26,3,-26,2,-25,2,-25,1,-26]"
CSI_DATA,99405,d8:b1:90:db:e8:90,-52,11,1,7,0,0,1,0,0,0,1,-95,0,4,0,1508343915,0,100,0,128,1,"[100,-64,5,0,17,15,17,14,17,13,17,12,17,11,17,10,18,9,18,8,18,7,19,7,19,6,19,6,20,6,20,6,21,6,21,6,21,7,21,7,21,7,20,7,20,8,19,8,19,9,18,11,18,12,4,3,0,0,0,0,0,0,0,0,0,0,0,0,0,0,0,0,0,0,4,3,17,15,16,16,16,17,15,18,15,19,15,19,15,20,15,21,15,21,15,22,14,23,14,23,14,23,14,23,14,22,13,21,14,21,14,21,15,20,15,20,16,19,16,19,16,19,17,18,17,17,17,17]"
CSI_DATA,99406,d8:b1:90:db:e8:90,-52,11,1,7,0,0,1,0,0,0,1,-95,0,4,0,1508364027,0,100,0,128,1,"[100,-64,5,0,-19,-11,-19,-10,-18,-10,-18,-9,-18,-8,-18,-7,-18,-6,-18,-5,-18,-5,-18,-4,-19,-4,-19,-4,-19,-3,-19,-3,-20,-3,-20,-4,-20,-4,-20,-4,-20,-4,-20,-5,-20,-5,-19,-6,-19,-6,-19,-8,-18,-9,-5,-3,0,0,0,0,0,0,0,0,0,0,0,0,0,0,0,0,0,0,-5,-3,-20,-11,-19,-12,-19,-13,-19,-14,-19,-15,-19,-15,-19,-16,-19,-16,-19,-17,-19,-17,-19,-18,-19,-19,-18,-19,-18,-19,-18,-18,-17,-17,-18,-17,-18,-17,-18,-16,-19,-15,-19,-15,-19,-14,-19,-14,-20,-14,-20,-13,-20,-13]"
CSI_DATA,99407,d8:b1:90:db:e8:90,-52,11,1,7,0,0,1,0,0,0,1,-95,0,4,0,1508375019,0,100,0,128,1,"[100,-64,5,0,1,-23,1,-22,0,-21,-1,-21,-2,-20,-3,-20,-3,-19,-4,-19,-5,-19,-6,-19,-6,-19,-7,-19,-7,-19,-7,-19,-7,-19,-7,-20,-6,-20,-6,-20,-5,-20,-5,-20,-4,-20,-4,-20,-3,-20,-2,-21,-1,-21,0,-6,0,0,0,0,0,0,0,0,0,0,0,0,0,0,0,0,0,0,-1,-6,-1,-22,0,-22,2,-23,2,-23,3,-23,4,-24,5,-24,5,-24,6,-25,6,-25,6,-25,6,-26,6,-26,6,-25,6,-25,6,-25,5,-25,5,-25,4,-25,4,-24,4,-25,3,-24,3,-24,3,-23,2,-23,2,-23]"
CSI_DATA,99408,d8:b1:90:db:e8:90,-52,11,1,7,0,0,1,0,0,0,1,-95,0,4,0,1508400045,0,100,0,128,1,"[100,-64,5,0,10,16,10,15,10,14,11,14,11,13,11,13,11,12,11,11,12,11,12,10,12,10,13,10,13,10,13,11,14,11,14,11,14,12,14,12,13,12,13,12,13,12,12,13,12,13,11,14,10,14,2,3,0,0,0,0,0,0,0,0,0,0,0,0,0,0,0,0,0,0,2,3,9,15,9,15,8,16,7,17,6,17,6,18,7,18,7,19,6,19,6,20,6,20,6,20,6,20,6,20,6,20,6,20,6,20,7,20,7,19,8,19,8,19,9,19,9,18,9,18,9,18,9,17]"
CSI_DATA,99409,d8:b1:90:db:e8:90,-52,11,1,7,0,0,1,0,0,0,1,-95,0,4,0,1508410751,0,100,0,128,1,"[100,-64,5,0,-14,-15,-14,-15,-14,-14,-14,-13,-14,-13,-15,-12,-15,-11,-15,-11,-15,-10,-16,-10,-16,-9,-17,-9,-17,-9,-17,-9,-17,-9,-17,-9,-17,-10,-17,-10,-16,-11,-16,-11,-16,-11,-15,-11,-15,-12,-15,-13,-14,-13,-4,-4,0,0,0,0,0,0,0,0,0,0,0,0,0,0,0,0,0,0,-4,-4,-14,-13,-13,-14,-12,-15,-12,-16,-12,-16,-11,-17,-11,-18,-11,-18,-11,-19,-11,-19,-10,-19,-10,-20,-10,-20,-10,-20,-11,-19,-11,-19,-11,-19,-11,-19,-11,-19,-11,-18,-12,-18,-12,-18,-13,-18,-13,-17,-13,-17,-13,-17]"
CSI_DATA,99410,d8:b1:90:db:e8:90,-52,11,1,7,0,0,1,0,0,0,1,-95,0,4,0,1508423694,0,100,0,128,1,"[100,-64,5,0,-18,10,-17,10,-16,10,-15,10,-15,11,-14,11,-14,11,-13,12,-13,12,-13,13,-13,13,-13,14,-13,15,-13,15,-13,15,-13,15,-13,14,-13,14,-13,14,-14,13,-15,13,-15,12,-15,12,-16,11,-16,10,-5,2,0,0,0,0,0,0,0,0,0,0,0,0,0,0,0,0,0,0,-4,2,-16,9,-16,8,-17,7,-17,7,-18,6,-19,6,-20,6,-20,6,-21,6,-21,6,-21,5,-21,5,-21,5,-21,5,-21,5,-21,5,-21,5,-20,6,-20,6,-19,6,-19,7,-20,7,-19,8,-19,9,-19,9,-18,9]"
CSI_DATA,99411,d8:b1:90:db:e8:90,-51,11,1,7,0,0,1,0,0,0,1,-95,0,4,0,1508433838,0,100,0,128,1,"[100,-64,5,0,-2,-24,-2,-24,-3,-23,-4,-23,-4,-22,-5,-22,-6,-22,-7,-22,-8,-22,-8,-21,-9,-21,-10,-22,-10,-22,-10,-22,-9,-23,-9,-23,-9,-23,-9,-24,-8,-23,-7,-23,-6,-23,-6,-23,-5,-24,-3,-24,-2,-24,-1,-6,0,0,0,0,0,0,0,0,0,0,0,0,0,0,0,0,0,0,-1,-6,0,-22,1,-23,2,-23,2,-23,3,-23,4,-24,5,-24,5,-25,6,-25,6,-25,7,-25,7,-25,7,-25,7,-25,6,-25,6,-24,5,-24,5,-25,4,-25,3,-25,3,-25,2,-25,1,-25,1,-25,0,-25,0,-25]"
CSI_DATA,99412,d8:b1:90:db:e8:90,-51,11,1,7,0,0,1,0,0,0,1,-95,0,4,0,1508445918,0,100,0,128,1,"[100,-64,5,0,-14,18,-13,19,-12,19,-11,18,-10,19,-9,19,-9,20,-8,20,-7,20,-6,21,-6,21,-6,22,-6,22,-6,23,-6,23,-6,23,-7,23,-7,23,-8,22,-8,22,-9,22,-10,21,-11,20,-12,20,-14,19,-4,4,0,0,0,0,0,0,0,0,0,0,0,0,0,0,0,0,0,0,-3,4,-12,17,-13,16,-15,16,-15,15,-16,15,-17,15,-18,15,-19,15,-19,15,-19,15,-20,14,-20,14,-19,14,-19,14,-19,14,-19,14,-19,15,-19,15,-18,15,-17,16,-17,17,-17,17,-16,17,-16,17,-15,18,-15,18]"
CSI_DATA,99413,d8:b1:90:db:e8:90,-52,11,1,7,0,0,1,0,0,0,1,-95,0,4,0,1508466022,0,100,0,128,1,"[100,-64,5,0,-8,-25,-9,-24,-9,-23,-10,-22,-11,-22,-12,-21,-13,-21,-14,-20,-15,-20,-16,-20,-17,-20,-18,-20,-19,-20,-19,-20,-19,-21,-19,-22,-19,-22,-18,-22,-17,-23,-17,-23,-16,-24,-16,-24,-14,-25,-13,-26,-11,-27,-3,-7,0,0,0,0,0,0,0,0,0,0,0,0,0,0,0,0,0,0,-2,-6,-6,-23,-5,-24,-3,-25,-2,-25,-1,-26,-1,-26,0,-26,1,-27,1,-27,2,-27,2,-27,2,-27,2,-27,2,-27,2,-27,1,-27,0,-27,-1,-27,-1,-27,-2,-26,-3,-26,-3,-26,-4,-26,-4,-26,-5,-25,-5,-25]"
CSI_DATA,99414,d8:b1:90:db:e8:90,-52,11,1,7,0,0,1,0,0,0,1,-95,0,4,0,1508478602,0,100,0,128,1,"[100,-64,5,0,23,-3,22,-3,22,-4,21,-5,21,-6,20,-7,20,-8,20,-9,20,-10,21,-11,21,-12,21,-12,22,-13,22,-13,23,-13,23,-13,24,-13,24,-12,24,-11,24,-11,25,-10,25,-9,25,-8,26,-7,26,-5,6,-1,0,0,0,0,0,0,0,0,0,0,0,0,0,0,0,0,0,0,5,-1,22,-1,22,0,22,2,23,3,23,4,24,4,24,5,25,6,25,6,25,7,26,7,26,7,26,7,25,7,25,6,24,6,24,5,24,5,24,5,24,4,25,3,24,3,24,2,24,1,24,0,24,-1]"
CSI_DATA,99415,d8:b1:90:db:e8:90,-52,11,1,7,0,0,1,0,0,0,1,-95,0,4,0,1508497147,0,100,0,128,1,"[100,-64,5,0,11,-16,10,-16,9,-16,8,-16,7,-16,6,-17,5,-17,5,-18,4,-19,3,-19,3,-20,3,-20,3,-21,3,-21,3,-22,3,-23,4,-23,4,-23,4,-23,5,-23,6,-23,7,-23,8,-22,9,-22,10,-21,2,-6,0,0,0,0,0,0,0,0,0,0,0,0,0,0,0,0,0,0,3,-4,13,-13,14,-13,15,-13,15,-12,16,-12,17,-12,17,-12,18,-12,19,-12,19,-12,19,-11,19,-11,19,-11,19,-11,18,-11,18,-11,17,-12,17,-12,16,-12,15,-13,15,-13,15,-14,14,-14,14,-14,13,-14,13,-15]"
CSI_DATA,99416,d8:b1:90:db:e8:90,-52,11,1,7,0,0,1,0,0,0,1,-95,0,4,0,1508507580,0,100,0,128,1,"[100,-64,5,0,19,-11,18,-11,17,-12,16,-12,16,-13,15,-14,14,-15,13,-16,13,-17,13,-18,13,-18,13,-19,13,-19,13,-20,14,-21,15,-21,15,-21,15,-21,16,-21,17,-21,18,-20,19,-19,20,-18,20,-17,21,-16,5,-4,0,0,0,0,0,0,0,0,0,0,0,0,0,0,0,0,0,0,4,-2,18,-8,19,-7,20,-6,21,-5,21,-5,22,-4,23,-4,23,-4,24,-3,24,-3,25,-3,25,-2,24,-2,24,-2,24,-2,23,-3,23,-3,23,-4,22,-5,22,-5,22,-6,22,-6,21,-7,21,-7,21,-8,21,-8]"
CSI_DATA,99417,d8:b1:90:db:e8:90,-53,11,1,7,0,0,1,0,0,0,1,-95,0,4,0,1508521493,0,100,0,128,1,"[100,-64,5,0,-21,-2,-21,-2,-20,-1,-20,0,-20,1,-19,2,-19,3,-20,4,-20,5,-20,6,-20,7,-20,8,-21,8,-21,9,-22,9,-22,9,-23,9,-23,9,-23,8,-23,7,-24,6,-24,6,-25,5,-25,4,-25,3,-7,0,0,0,0,0,0,0,0,0,0,0,0,0,0,0,0,0,0,0,-6,-1,-21,-1,-21,-3,-21,-4,-21,-5,-22,-5,-22,-6,-23,-6,-23,-7,-23,-8,-23,-8,-23,-9,-23,-10,-23,-10,-23,-10,-23,-10,-23,-9,-23,-9,-23,-9,-23,-8,-23,-8,-23,-7,-23,-7,-23,-6,-23,-5,-23,-5,-23,-4]"
CSI_DATA,99418,d8:b1:90:db:e8:90,-53,11,1,7,0,0,1,0,0,0,1,-95,0,4,0,1508532252,0,100,0,128,1,"[100,-64,5,0,3,20,4,19,5,19,5,18,6,18,7,17,8,16,9,16,10,16,11,16,12,16,12,16,13,16,13,17,14,17,14,18,14,18,14,19,14,19,13,19,12,20,12,20,11,21,10,22,9,23,2,5,0,0,0,0,0,0,0,0,0,0,0,0,0,0,0,0,0,0,1,4,5,18,4,19,3,20,2,20,1,21,1,22,0,22,0,22,0,23,-1,24,-2,24,-3,24,-3,24,-3,24,-2,24,-2,24,-2,24,-2,24,-2,24,-1,23,0,23,0,23,0,23,1,23,1,23,2,23]"
CSI_DATA,99419,d8:b1:90:db:e8:90,-53,11,1,7,0,0,1,0,0,0,1,-95,0,4,0,1508546684,0,100,0,128,1,"[100,-64,5,0,18,-17,17,-16,16,-17,15,-17,14,-17,13,-18,12,-18,11,-18,10,-19,10,-19,9,-20,9,-21,9,-22,9,-23,10,-23,10,-24,10,-24,10,-24,11,-24,11,-24,12,-23,12,-23,13,-23,15,-22,16,-21,4,-6,0,0,0,0,0,0,0,0,0,0,0,0,0,0,0,0,0,0,3,-4,15,-16,16,-15,17,-15,18,-14,19,-14,20,-14,21,-14,22,-13,23,-13,24,-13,24,-13,24,-13,24,-13,25,-13,25,-13,25,-13,25,-13,24,-14,23,-14,23,-14,22,-15,22,-15,21,-15,21,-15,20,-16,20,-16]"
CSI_DATA,99420,d8:b1:90:db:e8:90,-51,11,1,7,0,0,1,0,0,0,1,-95,0,4,0,1508568251,0,100,0,128,1,"[100,-64,5,0,-21,-1,-22,-2,-19,4,-20,9,-20,7,-15,10,-15,13,-14,12,-10,14,-11,17,-8,16,-4,19,-5,21,-2,19,2,21,1,20,4,18,6,21,5,21,8,19,10,20,10,19,13,18,13,19,9,17,1,3,0,0,0,0,0,0,0,0,0,0,0,0,0,0,0,0,0,0,1,-5,7,-19,12,-18,10,-18,7,-21,8,-19,5,-18,5,-23,7,-23,3,-22,2,-24,2,-22,-2,-24,-2,-26,-4,-23,-9,-24,-9,-24,-10,-20,-13,-23,-12,-23,-15,-17,-19,-17,-18,-17,-20,-13,-23,-13,-21,-10,-22,-3]"
CSI_DATA,99421,d8:b1:90:db:e8:90,-51,11,1,7,0,0,1,0,0,0,1,-95,0,4,0,1508580936,0,100,0,128,1,"[100,-64,5,0,2,21,2,21,3,21,4,20,5,20,6,19,6,18,7,18,7,17,8,17,8,17,9,17,10,18,10,18,10,18,10,19,11,19,11,19,10,20,10,20,10,20,9,20,9,21,7,21,6,22,1,5,0,0,0,0,0,0,0,0,0,0,0,0,0,0,0,0,0,0,0,4,3,19,3,19,2,20,1,21,1,22,0,22,0,23,-1,23,-1,24,-1,25,-2,25,-2,25,-2,25,-2,25,-2,26,-2,26,-2,26,-2,25,-1,25,-1,25,0,25,0,25,1,25,1,25,1,25,1,24]"
CSI_DATA,99422,d8:b1:90:db:e8:90,-52,11,1,7,0,0,1,0,0,0,1,-95,0,4,0,1508591767,0,100,0,128,1,"[100,-64,5,0,-22,-13,-22,-13,-22,-12,-22,-12,-22,-11,-22,-10,-22,-9,-22,-8,-22,-7,-22,-6,-23,-5,-23,-5,-24,-5,-24,-5,-24,-5,-25,-5,-24,-5,-24,-5,-24,-5,-24,-6,-24,-6,-24,-7,-24,-8,-24,-9,-23,-10,-6,-3,0,0,0,0,0,0,0,0,0,0,0,0,0,0,0,0,0,0,-6,-3,-21,-9,-20,-11,-20,-12,-20,-13,-20,-14,-21,-15,-21,-15,-22,-16,-22,-17,-22,-17,-22,-18,-22,-18,-22,-18,-22,-19,-22,-18,-22,-18,-23,-18,-23,-18,-23,-17,-23,-17,-24,-16,-23,-16,-23,-16,-24,-16,-24,-15,-23,-16]"
CSI_DATA,99423,d8:b1:90:db:e8:90,-52,11,1,7,0,0,1,0,0,0,1,-95,0,4,0,1508607022,0,100,0,128,1,"[100,-64,5,0,-22,6,-21,6,-20,7,-20,7,-19,8,-19,8,-18,9,-17,9,-17,9,-17,10,-17,10,-17,11,-18,12,-18,12,-18,12,-18,12,-18,11,-18,11,-18,10,-19,10,-19,10,-20,10,-20,9,-20,7,-20,6,-5,1,0,0,0,0,0,0,0,0,0,0,0,0,0,0,0,0,0,0,-5,1,-18,7,-19,6,-19,4,-20,3,-21,3,-21,3,-22,3,-23,2,-24,2,-24,2,-24,1,-24,1,-24,1,-25,1,-25,1,-25,2,-25,2,-25,3,-25,3,-24,3,-24,4,-24,4,-24,5,-24,5,-24,5,-23,5]"
CSI_DATA,99424,d8:b1:90:db:e8:90,-51,11,1,7,0,0,1,0,0,0,1,-95,0,4,0,1508618758,0,100,0,128,1,"[100,-64,5,0,23,-4,22,-4,22,-4,22,-5,21,-6,21,-6,20,-7,20,-7,19,-8,19,-8,20,-9,20,-9,20,-10,21,-10,21,-10,21,-9,21,-8,21,-8,21,-8,22,-8,22,-7,22,-7,22,-6,22,-5,22,-3,5,-1,0,0,0,0,0,0,0,0,0,0,0,0,0,0,0,0,0,0,5,-2,20,-5,20,-4,20,-2,21,-1,21,0,22,0,23,0,24,1,24,1,25,1,25,2,25,2,25,2,25,2,25,2,25,1,25,1,25,1,26,1,25,0,25,-1,26,-1,25,-2,25,-2,25,-2,25,-3]"
CSI_DATA,99425,d8:b1:90:db:e8:90,-52,11,1,5,0,0,1,0,1,0,0,-95,0,4,0,1508630099,0,100,0,128,1,"[100,-64,5,0,-15,11,-17,12,-17,14,-18,16,-17,19,-16,20,-15,22,-13,23,-11,23,-9,24,-8,24,-7,24,-7,24,-7,23,-7,22,-8,21,-9,20,-10,18,-10,17,-11,15,-11,13,-11,11,-11,9,-11,6,-10,3,-3,0,0,0,0,0,0,0,0,0,0,0,0,0,0,0,0,0,0,0,4,-4,19,-14,19,-14,19,-14,19,-14,18,-14,16,-14,14,-13,12,-11,11,-9,9,-7,7,-5,6,-2,5,1,5,4,4,6,5,8,5,9,5,10,5,10,5,10,4,9,2,8,0,8,-2,8,-5,8,-7,8]"
CSI_DATA,99426,d8:b1:90:db:e8:90,-52,11,1,7,0,0,1,0,0,0,1,-95,0,4,0,1508641040,0,100,0,128,1,"[100,-64,5,0,-7,23,-6,23,-5,23,-5,22,-4,22,-3,21,-2,22,-2,22,-1,22,0,22,0,22,0,22,0,23,0,23,0,24,-1,24,-1,24,-2,24,-2,23,-3,23,-4,23,-4,22,-5,22,-6,22,-7,22,-2,5,0,0,0,0,0,0,0,0,0,0,0,0,0,0,0,0,0,0,-1,5,-4,20,-5,20,-7,21,-8,21,-8,21,-9,22,-10,22,-11,22,-11,23,-12,23,-12,23,-11,23,-11,23,-12,23,-12,24,-12,24,-12,24,-11,24,-11,24,-10,24,-9,24,-9,24,-9,24,-8,24,-8,24,-7,24]"
CSI_DATA,99427,d8:b1:90:db:e8:90,-51,11,1,7,0,0,1,0,0,0,1,-95,0,4,0,1508651156,0,100,0,128,1,"[100,-64,5,0,21,-8,21,-8,20,-9,20,-9,19,-10,18,-10,18,-11,18,-12,18,-13,18,-13,18,-13,18,-13,18,-13,18,-13,19,-14,19,-13,20,-13,20,-12,19,-12,19,-11,19,-10,20,-9,20,-8,20,-7,20,-6,5,-2,0,0,0,0,0,0,0,0,0,0,0,0,0,0,0,0,0,0,4,-2,18,-8,19,-7,19,-6,20,-6,21,-5,21,-5,22,-5,23,-4,24,-4,24,-3,24,-3,24,-3,23,-3,24,-3,24,-3,24,-3,24,-4,24,-5,24,-5,24,-5,24,-6,24,-6,24,-6,24,-6,23,-7,23,-7]"
CSI_DATA,99428,d8:b1:90:db:e8:90,-52,11,1,7,0,0,1,0,0,0,1,-95,0,4,0,1508670482,0,100,0,128,1,"[100,-64,5,0,25,4,24,3,24,2,24,1,24,0,24,-1,23,-1,23,-2,23,-3,23,-4,24,-4,25,-4,25,-4,25,-4,26,-4,26,-4,26,-3,26,-3,25,-2,25,-1,24,-1,24,0,24,1,23,3,23,4,5,1,0,0,0,0,0,0,0,0,0,0,0,0,0,0,0,0,0,0,4,0,19,1,20,2,21,4,22,5,22,5,23,6,24,7,24,8,24,9,24,9,24,9,24,9,24,9,24,9,24,9,24,9,24,8,24,8,24,7,24,7,24,6,25,6,25,6,25,5,25,5,25,4]"
CSI_DATA,99429,d8:b1:90:db:e8:90,-52,11,1,7,0,0,1,0,0,0,1,-95,0,4,0,1508681779,0,100,0,128,1,"[100,-64,5,0,-12,21,-12,21,-11,21,-10,21,-9,21,-8,21,-8,22,-7,22,-7,22,-6,22,-6,23,-6,23,-6,24,-7,24,-7,25,-7,25,-8,25,-8,24,-9,24,-9,23,-10,23,-11,22,-12,21,-13,20,-14,19,-4,4,0,0,0,0,0,0,0,0,0,0,0,0,0,0,0,0,0,0,-3,4,-11,19,-12,18,-13,18,-14,18,-15,18,-15,18,-16,18,-17,18,-17,18,-18,18,-18,18,-19,18,-18,18,-18,18,-18,18,-18,18,-18,18,-17,18,-17,19,-16,19,-15,20,-15,20,-14,20,-14,20,-13,21,-13,21]"
CSI_DATA,99430,d8:b1:90:db:e8:90,-53,11,1,7,0,0,1,0,0,0,1,-95,0,4,0,1508698231,0,100,0,128,1,"[100,-64,5,0,6,21,7,20,8,19,8,19,9,18,10,18,11,18,11,18,12,18,12,17,13,18,13,18,13,18,14,19,14,19,14,19,13,19,13,20,13,20,12,21,11,21,10,21,9,21,7,21,6,21,1,5,0,0,0,0,0,0,0,0,0,0,0,0,0,0,0,0,0,0,1,4,4,20,3,20,2,21,1,21,1,21,0,22,0,22,0,23,0,23,-1,24,-1,24,-2,24,-2,24,-2,24,-2,24,-1,23,-1,23,0,23,1,23,2,23,3,23,3,22,4,22,4,22,5,22,5,22]"
CSI_DATA,99431,d8:b1:90:db:e8:90,-53,11,1,7,0,0,1,0,0,0,1,-95,0,4,0,1508711561,0,100,0,128,1,"[100,-64,5,0,19,9,19,8,19,7,20,6,20,5,20,5,20,4,20,4,20,3,21,3,21,2,22,2,22,2,23,2,23,3,23,3,23,4,23,4,23,4,22,5,21,6,20,6,20,7,19,8,18,10,4,2,0,0,0,0,0,0,0,0,0,0,0,0,0,0,0,0,0,0,4,2,16,10,16,11,15,12,15,13,15,14,15,14,16,15,16,15,16,16,16,16,16,17,16,17,16,17,15,17,16,16,16,16,16,15,16,15,16,14,17,14,17,13,17,13,18,12,18,12,18,12,19,11]"
CSI_DATA,99432,d8:b1:90:db:e8:90,-53,11,1,7,0,0,1,0,0,0,1,-95,0,4,0,1508723889,0,100,0,128,1,"[100,-64,5,0,-24,2,-23,2,-23,3,-22,4,-22,5,-22,6,-21,7,-21,8,-21,8,-21,9,-21,9,-22,10,-22,10,-22,11,-23,11,-23,11,-24,10,-24,10,-24,9,-24,8,-24,7,-24,6,-24,5,-24,4,-24,2,-6,0,0,0,0,0,0,0,0,0,0,0,0,0,0,0,0,0,0,0,-6,-1,-22,-2,-22,-3,-22,-4,-23,-5,-23,-6,-24,-6,-24,-6,-24,-6,-25,-7,-25,-8,-25,-8,-25,-8,-25,-8,-25,-8,-24,-8,-24,-7,-24,-6,-24,-6,-24,-6,-24,-5,-25,-5,-25,-4,-24,-3,-24,-2,-24,-1,-24,-1]"
CSI_DATA,99433,d8:b1:90:db:e8:90,-53,11,1,7,0,0,1,0,0,0,1,-95,0,4,0,1508736170,0,100,0,128,1,"[100,-64,5,0,4,-22,4,-21,3,-21,2,-21,1,-21,0,-21,-1,-21,-1,-21,-2,-22,-2,-22,-3,-22,-3,-22,-3,-22,-3,-23,-3,-24,-3,-24,-3,-24,-2,-24,-1,-24,-1,-24,0,-23,1,-23,2,-23,4,-23,5,-23,1,-6,0,0,0,0,0,0,0,0,0,0,0,0,0,0,0,0,0,0,1,-6,6,-21,8,-21,9,-21,9,-21,10,-21,11,-21,12,-21,13,-21,13,-21,14,-21,14,-21,15,-21,15,-21,14,-21,14,-21,14,-21,13,-21,13,-21,12,-21,11,-21,10,-21,10,-22,9,-22,8,-22,7,-22,7,-23]"
CSI_DATA,99434,d8:b1:90:db:e8:90,-53,11,1,7,0,0,1,0,0,0,1,-95,0,4,0,1508747677,0,100,0,128,1,"[100,-64,5,0,21,1,21,1,21,0,21,-1,20,-2,20,-3,20,-4,20,-5,20,-6,20,-7,20,-7,20,-7,20,-8,21,-8,21,-8,22,-8,22,-8,22,-7,22,-7,22,-6,23,-5,23,-4,22,-3,22,-2,22,-1,5,0,0,0,0,0,0,0,0,0,0,0,0,0,0,0,0,0,0,0,5,0,20,2,20,3,20,5,21,6,21,7,21,7,22,8,22,8,22,9,22,9,22,10,22,10,22,10,22,10,22,9,22,9,22,9,22,8,22,7,22,7,22,6,22,5,23,5,23,4,22,4,22,3]"
CSI_DATA,99435,d8:b1:90:db:e8:90,-53,11,1,7,0,0,1,0,0,0,1,-95,0,4,0,1508772934,0,100,0,128,1,"[100,-64,5,0,22,-1,22,-1,21,-2,21,-3,20,-4,20,-5,19,-6,18,-6,18,-7,18,-8,18,-9,18,-9,18,-9,18,-10,19,-10,19,-10,19,-10,19,-10,20,-9,20,-9,21,-8,21,-7,21,-6,21,-4,21,-3,5,-1,0,0,0,0,0,0,0,0,0,0,0,0,0,0,0,0,0,0,5,-1,22,0,22,1,22,2,22,2,23,3,24,3,24,3,25,3,25,4,26,5,26,5,25,5,25,6,25,6,26,6,26,5,26,5,26,5,25,4,25,4,25,3,25,3,25,2,25,2,24,1,24,1]"
CSI_DATA,99436,d8:b1:90:db:e8:90,-53,11,1,7,0,0,1,0,0,0,1,-95,0,4,0,1508785629,0,100,0,128,1,"[100,-64,5,0,22,-2,21,-3,21,-4,20,-5,19,-6,18,-6,17,-7,17,-8,16,-9,16,-9,16,-10,16,-10,16,-11,16,-11,17,-11,17,-11,17,-11,18,-11,18,-11,18,-10,18,-10,19,-9,19,-8,19,-7,20,-6,5,-2,0,0,0,0,0,0,0,0,0,0,0,0,0,0,0,0,0,0,5,-2,20,-6,20,-5,21,-3,22,-2,22,-2,23,-1,23,-1,24,-1,24,0,25,1,25,1,25,2,24,2,24,3,25,3,25,3,25,2,25,2,25,2,25,1,25,1,25,0,25,0,24,0,24,-1,23,-1]"
CSI_DATA,99437,d8:b1:90:db:e8:90,-53,11,1,7,0,0,1,0,0,0,1,-95,0,4,0,1508795814,0,100,0,128,1,"[100,-64,5,0,-8,25,-7,24,-6,24,-4,23,-3,22,-2,22,-1,21,0,20,1,20,2,20,3,20,3,21,4,21,4,21,4,21,4,22,4,22,3,22,3,22,2,22,1,22,1,22,0,22,-1,23,-3,23,-1,5,0,0,0,0,0,0,0,0,0,0,0,0,0,0,0,0,0,0,-1,5,-5,23,-6,24,-7,24,-9,24,-10,24,-10,25,-11,25,-11,25,-12,26,-13,26,-14,26,-14,25,-15,25,-15,25,-15,25,-15,25,-15,25,-14,25,-14,26,-13,26,-12,27,-12,27,-12,26,-11,26,-10,26,-10,26]"
CSI_DATA,99438,d8:b1:90:db:e8:90,-52,11,1,7,0,0,1,0,0,0,1,-95,0,4,0,1508812254,0,100,0,128,1,"[100,-64,5,0,18,-16,18,-16,17,-16,16,-16,14,-16,13,-16,12,-16,12,-16,11,-17,10,-17,10,-18,9,-18,9,-19,9,-19,8,-19,8,-19,8,-19,9,-19,9,-19,9,-19,10,-19,11,-19,11,-18,12,-18,13,-17,3,-5,0,0,0,0,0,0,0,0,0,0,0,0,0,0,0,0,0,0,3,-5,14,-19,15,-18,16,-17,17,-16,18,-16,19,-16,20,-16,22,-16,22,-15,23,-15,24,-15,24,-15,24,-14,24,-14,24,-14,24,-14,24,-15,24,-15,23,-15,22,-15,22,-15,22,-16,21,-16,21,-16,21,-16,20,-16]"
CSI_DATA,99439,d8:b1:90:db:e8:90,-52,11,1,7,0,0,1,0,0,0,1,-95,0,4,0,1508829050,0,100,0,128,1,"[100,-64,5,0,8,-26,7,-25,7,-24,6,-24,5,-23,3,-23,2,-23,1,-23,0,-23,-1,-22,-2,-22,-3,-22,-3,-22,-4,-22,-4,-22,-4,-22,-4,-23,-4,-23,-3,-23,-3,-23,-2,-23,-2,-23,-1,-23,0,-23,2,-23,0,-6,0,0,0,0,0,0,0,0,0,0,0,0,0,0,0,0,0,0,0,-7,2,-25,3,-25,5,-25,6,-25,7,-26,7,-26,8,-27,9,-27,10,-27,11,-28,11,-28,12,-28,12,-28,12,-28,12,-28,12,-27,11,-28,11,-28,11,-27,10,-27,10,-27,10,-27,9,-28,9,-28,9,-28,9,-28]"
CSI_DATA,99440,d8:b1:90:db:e8:90,-51,11,1,7,0,0,1,0,0,0,1,-95,0,4,0,1508839101,0,100,0,128,1,"[100,-64,5,0,22,-11,21,-11,20,-11,19,-11,19,-12,18,-12,16,-13,15,-14,15,-14,14,-14,14,-15,13,-15,12,-16,12,-16,12,-16,12,-16,12,-17,12,-17,12,-17,13,-17,13,-16,14,-15,15,-15,15,-14,16,-13,4,-4,0,0,0,0,0,0,0,0,0,0,0,0,0,0,0,0,0,0,4,-4,18,-14,19,-13,20,-12,21,-12,21,-11,22,-11,23,-11,24,-11,25,-10,25,-10,26,-10,26,-9,27,-9,26,-9,26,-9,26,-9,26,-10,26,-10,25,-10,25,-10,24,-11,25,-11,25,-11,25,-11,24,-11,24,-11]"
CSI_DATA,99441,d8:b1:90:db:e8:90,-51,11,1,7,0,0,1,0,0,0,1,-95,0,4,0,1508851227,0,100,0,128,1,"[100,-64,5,0,-19,-16,-18,-16,-19,-15,-19,-14,-19,-13,-19,-12,-19,-11,-19,-10,-19,-9,-19,-8,-20,-8,-20,-7,-20,-7,-20,-6,-21,-6,-21,-6,-21,-6,-21,-6,-21,-6,-21,-6,-21,-7,-20,-7,-20,-9,-19,-10,-19,-11,-5,-3,0,0,0,0,0,0,0,0,0,0,0,0,0,0,0,0,0,0,-5,-4,-20,-13,-20,-14,-19,-16,-19,-17,-18,-18,-18,-18,-18,-19,-18,-19,-18,-20,-17,-21,-17,-22,-17,-23,-17,-23,-17,-23,-17,-24,-17,-23,-17,-23,-18,-23,-18,-21,-18,-20,-19,-20,-19,-20,-19,-20,-19,-19,-19,-19,-19,-18]"
CSI_DATA,99442,d8:b1:90:db:e8:90,-51,11,1,7,0,0,1,0,0,0,1,-95,0,4,0,1508875803,0,100,0,128,1,"[100,-64,5,0,-23,-3,-23,-2,-22,-2,-22,-2,-21,-1,-20,0,-20,1,-19,2,-19,3,-19,3,-19,4,-19,4,-18,5,-18,5,-18,5,-19,5,-19,5,-19,5,-19,5,-19,5,-19,4,-19,4,-19,3,-19,2,-20,1,-5,0,0,0,0,0,0,0,0,0,0,0,0,0,0,0,0,0,0,0,-6,0,-21,0,-21,-1,-21,-3,-22,-4,-22,-5,-23,-5,-23,-6,-23,-6,-23,-6,-24,-7,-24,-8,-25,-8,-25,-8,-24,-8,-24,-9,-24,-9,-24,-9,-24,-8,-24,-7,-24,-6,-24,-6,-24,-5,-24,-5,-24,-5,-24,-5,-24,-4]"
CSI_DATA,99443,d8:b1:90:db:e8:90,-51,11,1,7,0,0,1,0,0,0,1,-95,0,4,0,1508886170,0,100,0,128,1,"[100,-64,5,0,20,9,19,8,19,7,19,7,18,6,18,5,18,4,18,3,18,2,18,2,18,1,18,1,18,0,18,0,18,-1,18,0,18,0,18,0,18,0,18,0,18,0,18,1,18,2,18,3,18,4,4,1,0,0,0,0,0,0,0,0,0,0,0,0,0,0,0,0,0,0,4,1,18,5,18,6,18,8,18,9,18,10,18,10,18,11,18,12,19,12,19,13,19,14,19,14,19,14,19,14,19,14,19,14,19,14,19,14,19,13,19,12,20,12,20,12,20,11,20,11,20,10,20,10]"
CSI_DATA,99444,d8:b1:90:db:e8:90,-51,11,1,7,0,0,1,0,0,0,1,-95,0,4,0,1508899094,0,100,0,128,1,"[100,-64,5,0,-18,15,-17,15,-16,15,-15,15,-14,15,-13,15,-12,15,-11,16,-11,16,-10,16,-10,17,-10,17,-9,17,-9,17,-9,18,-9,18,-9,17,-10,17,-10,17,-10,17,-10,16,-10,16,-11,16,-12,15,-12,14,-4,3,0,0,0,0,0,0,0,0,0,0,0,0,0,0,0,0,0,0,-4,3,-13,15,-14,15,-15,14,-16,14,-17,14,-17,14,-18,14,-19,14,-19,14,-20,14,-20,14,-20,13,-20,13,-20,13,-20,13,-20,13,-20,14,-20,14,-20,14,-20,14,-20,14,-20,14,-20,15,-19,15,-19,15,-19,16]"
CSI_DATA,99445,d8:b1:90:db:e8:90,-51,11,1,7,0,0,1,0,0,0,1,-95,0,4,0,1508917890,0,100,0,128,1,"[100,-64,5,0,15,16,16,15,16,14,16,14,16,14,16,13,16,12,16,11,16,10,16,10,17,10,17,10,17,10,17,10,17,10,17,10,17,10,17,10,16,10,16,10,16,10,16,10,15,11,15,12,14,13,3,3,0,0,0,0,0,0,0,0,0,0,0,0,0,0,0,0,0,0,3,3,15,12,15,13,14,14,14,15,14,16,13,16,13,17,13,18,13,19,13,19,13,20,13,20,13,20,13,20,13,20,13,20,14,19,14,19,14,19,14,19,14,19,15,18,15,18,15,18,16,18,16,17]"
CSI_DATA,99446,d8:b1:90:db:e8:90,-51,11,1,7,0,0,1,0,0,0,1,-95,0,4,0,1508928808,0,100,0,128,1,"[100,-64,5,0,-22,-8,-22,-7,-22,-6,-22,-5,-21,-4,-21,-3,-21,-3,-21,-2,-21,-1,-21,0,-21,1,-21,1,-21,2,-21,2,-21,2,-21,2,-20,2,-20,2,-20,2,-20,1,-20,1,-20,1,-20,0,-20,-1,-20,-2,-5,-1,0,0,0,0,0,0,0,0,0,0,0,0,0,0,0,0,0,0,-5,-1,-20,-3,-20,-4,-20,-5,-20,-5,-20,-6,-21,-6,-21,-8,-22,-8,-22,-9,-22,-10,-22,-11,-22,-12,-22,-12,-22,-13,-21,-13,-21,-13,-21,-12,-22,-12,-22,-12,-23,-11,-23,-11,-23,-11,-23,-11,-23,-10,-23,-10,-23,-10]"
CSI_DATA,99447,d8:b1:90:db:e8:90,-51,11,1,7,0,0,1,0,0,0,1,-95,0,4,0,1508942829,0,100,0,128,1,"[100,-64,5,0,-22,-10,-22,-9,-22,-8,-21,-8,-21,-7,-21,-6,-21,-5,-21,-5,-21,-4,-21,-3,-21,-3,-21,-2,-22,-2,-22,-2,-22,-1,-22,-1,-21,-1,-21,-1,-21,-2,-21,-2,-21,-2,-20,-3,-20,-3,-20,-4,-20,-5,-5,-2,0,0,0,0,0,0,0,0,0,0,0,0,0,0,0,0,0,0,-5,-2,-20,-5,-19,-7,-19,-9,-19,-10,-19,-10,-19,-11,-20,-11,-20,-12,-21,-12,-21,-13,-20,-14,-20,-15,-21,-15,-21,-15,-20,-15,-21,-15,-21,-15,-21,-14,-21,-14,-21,-13,-22,-13,-22,-13,-22,-13,-22,-12,-22,-12,-22,-11]"
CSI_DATA,99448,d8:b1:90:db:e8:90,-51,11,1,7,0,0,1,0,0,0,1,-95,0,4,0,1508953648,0,100,0,128,1,"[100,-64,5,0,-15,-19,-15,-18,-15,-17,-15,-17,-15,-16,-16,-15,-16,-15,-16,-14,-16,-14,-16,-13,-17,-13,-18,-13,-18,-12,-18,-12,-18,-12,-18,-12,-18,-12,-18,-12,-17,-12,-17,-12,-17,-12,-16,-13,-16,-13,-15,-14,-14,-15,-4,-4,0,0,0,0,0,0,0,0,0,0,0,0,0,0,0,0,0,0,-4,-4,-15,-14,-14,-15,-13,-16,-12,-17,-12,-18,-12,-18,-12,-19,-12,-20,-12,-20,-12,-21,-11,-22,-11,-22,-11,-23,-11,-23,-11,-23,-11,-23,-11,-23,-11,-22,-12,-22,-12,-22,-12,-22,-13,-22,-13,-21,-14,-21,-14,-21,-14,-21]"
CSI_DATA,99449,d8:b1:90:db:e8:90,-51,11,1,7,0,0,1,0,0,0,1,-95,0,4,0,1508977825,0,100,0,128,1,"[100,-64,5,0,1,23,1,23,2,22,2,22,3,21,4,20,5,20,5,20,5,20,6,19,6,19,7,20,8,20,8,20,8,20,8,20,8,20,7,20,7,20,6,20,5,19,5,19,4,19,2,20,1,20,0,5,0,0,0,0,0,0,0,0,0,0,0,0,0,0,0,0,0,0,1,4,4,19,3,19,1,20,-1,20,-1,21,-2,21,-3,22,-3,22,-3,23,-4,23,-4,23,-4,23,-4,23,-4,23,-4,23,-4,23,-4,23,-4,23,-3,24,-2,24,-2,24,-1,24,-1,24,0,24,0,24,0,24]"
CSI_DATA,99450,d8:b1:90:db:e8:90,-51,11,1,7,0,0,1,0,0,0,1,-95,0,4,0,1508991283,0,100,0,128,1,"[100,-64,5,0,17,13,17,12,17,12,17,11,17,11,18,10,18,9,18,8,18,7,18,7,19,6,19,6,19,6,19,6,20,6,20,6,19,6,19,7,19,7,18,7,18,7,18,8,17,9,16,10,16,10,4,2,0,0,0,0,0,0,0,0,0,0,0,0,0,0,0,0,0,0,4,2,16,9,16,10,15,12,15,13,15,14,14,15,14,15,14,16,15,17,15,17,14,17,14,18,14,18,14,18,15,18,15,17,15,17,15,17,16,16,16,15,16,15,17,15,17,15,17,14,18,14,18,14]"
CSI_DATA,99451,d8:b1:90:db:e8:90,-51,11,1,7,0,0,1,0,0,0,1,-95,0,4,0,1509004206,0,100,0,128,1,"[100,-64,5,0,-17,15,-17,15,-16,15,-15,15,-15,15,-14,15,-13,16,-13,16,-12,16,-12,17,-11,17,-11,17,-11,18,-11,18,-11,18,-11,18,-11,18,-12,18,-12,17,-12,17,-12,16,-12,16,-12,15,-13,14,-14,14,-4,3,0,0,0,0,0,0,0,0,0,0,0,0,0,0,0,0,0,0,-3,3,-13,13,-14,13,-15,13,-15,12,-16,12,-17,12,-18,12,-18,12,-19,12,-19,12,-20,12,-20,11,-20,11,-20,11,-20,12,-20,12,-20,12,-20,12,-20,13,-19,13,-19,13,-19,14,-19,14,-19,14,-19,14,-19,15]"
CSI_DATA,99452,d8:b1:90:db:e8:90,-51,11,1,7,0,0,1,0,0,0,1,-95,0,4,0,1509018350,0,100,0,128,1,"[100,-64,5,0,1,22,2,22,3,21,3,20,3,20,4,20,5,19,5,19,6,19,6,19,7,19,7,19,7,19,8,19,8,20,8,20,8,19,7,19,7,19,6,19,6,19,5,19,5,19,4,19,2,19,0,4,0,0,0,0,0,0,0,0,0,0,0,0,0,0,0,0,0,0,1,4,4,17,3,18,2,19,1,19,0,20,0,20,-1,21,-1,21,-1,22,-2,22,-2,22,-2,23,-2,23,-3,23,-3,23,-3,23,-2,23,-2,23,-2,23,-1,23,-1,23,0,23,0,23,0,23,0,23,1,23]"
CSI_DATA,99453,d8:b1:90:db:e8:90,-51,11,1,7,0,0,1,0,0,0,1,-95,0,4,0,1509037185,0,100,0,128,1,"[100,-64,5,0,13,-19,12,-19,11,-19,10,-19,10,-19,9,-19,8,-19,8,-20,7,-20,6,-20,6,-21,5,-21,5,-21,5,-21,5,-21,6,-22,6,-21,6,-21,7,-21,8,-20,8,-20,9,-19,9,-19,10,-18,11,-17,3,-5,0,0,0,0,0,0,0,0,0,0,0,0,0,0,0,0,0,0,2,-4,9,-16,10,-16,11,-16,11,-16,12,-16,13,-16,14,-16,15,-16,15,-16,16,-16,16,-16,17,-16,17,-15,17,-16,17,-16,16,-16,16,-16,16,-17,16,-17,15,-17,15,-18,15,-18,14,-18,14,-18,14,-18,14,-18]"
CSI_DATA,99454,d8:b1:90:db:e8:90,-51,11,1,7,0,0,1,0,0,0,1,-95,0,4,0,1509048909,0,100,0,128,1,"[100,-64,5,0,7,24,7,23,8,23,9,22,10,22,11,21,12,20,12,20,13,19,13,19,14,18,15,18,15,19,16,18,15,19,15,19,14,20,14,20,13,20,13,20,12,19,12,20,11,20,9,21,8,21,2,5,0,0,0,0,0,0,0,0,0,0,0,0,0,0,0,0,0,0,2,4,7,19,6,20,5,21,5,21,5,22,4,23,2,23,2,24,1,25,1,25,0,26,0,26,-1,26,-1,27,0,27,0,27,1,26,1,26,1,26,2,26,3,26,3,26,4,26,5,26,5,26,6,26]"
CSI_DATA,99455,d8:b1:90:db:e8:90,-51,11,1,7,0,0,1,0,0,0,1,-95,0,4,0,1509060211,0,100,0,128,1,"[100,-64,5,0,-21,-10,-21,-9,-21,-8,-21,-7,-21,-6,-21,-6,-21,-5,-21,-4,-21,-3,-21,-3,-21,-3,-22,-2,-22,-2,-22,-2,-22,-2,-22,-2,-22,-2,-22,-2,-21,-2,-21,-3,-21,-3,-21,-4,-21,-5,-21,-6,-20,-7,-5,-2,0,0,0,0,0,0,0,0,0,0,0,0,0,0,0,0,0,0,-5,-2,-18,-7,-18,-8,-18,-9,-18,-10,-18,-11,-18,-11,-19,-12,-19,-12,-19,-13,-19,-13,-19,-14,-20,-14,-20,-14,-19,-15,-19,-15,-19,-15,-20,-14,-20,-14,-20,-14,-20,-13,-20,-13,-21,-13,-21,-12,-21,-12,-21,-12,-21,-11]"
CSI_DATA,99456,d8:b1:90:db:e8:90,-52,11,1,6,0,0,1,0,0,0,1,-95,0,4,0,1509081540,0,100,0,128,1,"[100,-64,5,0,-14,-18,-16,-20,-18,-20,-21,-20,-23,-19,-25,-17,-27,-15,-28,-12,-28,-10,-28,-7,-28,-6,-27,-4,-26,-4,-24,-4,-23,-4,-22,-5,-21,-7,-20,-8,-18,-10,-17,-11,-16,-12,-14,-13,-13,-14,-10,-15,-8,-16,-2,-4,0,0,0,0,0,0,0,0,0,0,0,0,0,0,0,0,0,0,-2,5,-8,23,-8,23,-8,24,-8,23,-7,23,-6,22,-5,20,-5,18,-5,15,-6,12,-7,9,-8,6,-10,4,-11,2,-13,1,-15,0,-16,0,-17,0,-17,0,-16,-1,-16,-1,-14,-2,-13,-3,-12,-5,-11,-8,-11,-10]"
CSI_DATA,99457,d8:b1:90:db:e8:90,-51,11,1,6,0,0,1,0,0,0,1,-95,0,4,0,1509093461,0,100,0,128,1,"[100,-64,5,0,-24,-6,-27,-5,-29,-4,-31,-2,-32,1,-32,3,-32,6,-31,9,-30,11,-28,13,-27,14,-25,15,-24,15,-23,14,-22,13,-22,11,-22,9,-22,7,-22,4,-22,3,-21,1,-21,-1,-20,-3,-19,-5,-17,-7,-5,-2,0,0,0,0,0,0,0,0,0,0,0,0,0,0,0,0,0,0,3,5,12,23,12,23,12,23,13,23,13,22,13,21,12,19,10,16,8,15,6,13,2,11,-1,10,-3,9,-6,9,-8,10,-11,10,-12,11,-12,11,-12,11,-12,10,-12,9,-12,8,-12,6,-13,3,-14,0,-15,-2]"
CSI_DATA,99458,d8:b1:90:db:e8:90,-51,11,1,6,0,0,1,0,0,0,1,-95,0,4,0,1509114353,0,100,0,128,1,"[100,-64,5,0,6,20,8,22,10,23,12,24,15,23,17,22,19,20,21,19,22,16,23,14,23,13,23,11,22,10,21,10,20,11,18,11,17,12,15,13,13,14,12,15,11,16,9,16,7,17,5,17,2,16,0,4,0,0,0,0,0,0,0,0,0,0,0,0,0,0,0,0,0,0,3,-5,14,-20,14,-20,14,-20,14,-21,13,-20,12,-20,10,-18,9,-16,9,-14,8,-11,8,-8,9,-5,9,-2,11,0,12,2,13,3,14,4,14,4,15,4,14,4,13,4,12,5,10,6,9,8,7,10,6,12]"
CSI_DATA,99459,d8:b1:90:db:e8:90,-51,11,1,6,0,0,1,0,0,0,1,-95,0,4,0,1509133306,0,100,0,128,1,"[100,-64,5,0,-12,-21,-14,-23,-16,-24,-19,-24,-21,-23,-24,-21,-26,-19,-27,-17,-28,-14,-28,-12,-29,-10,-28,-9,-27,-8,-26,-8,-24,-9,-22,-10,-21,-11,-19,-12,-18,-14,-16,-15,-15,-16,-13,-17,-11,-17,-8,-18,-6,-18,-2,-5,0,0,0,0,0,0,0,0,0,0,0,0,0,0,0,0,0,0,-2,6,-8,24,-8,25,-8,25,-7,24,-6,24,-5,23,-5,21,-4,19,-4,16,-5,13,-6,10,-7,7,-9,4,-11,2,-13,0,-15,0,-16,-1,-16,-1,-16,-1,-16,-2,-15,-2,-14,-3,-12,-4,-11,-7,-10,-9,-10,-12]"
CSI_DATA,99460,d8:b1:90:db:e8:90,-51,11,1,7,0,0,1,0,0,0,0,-95,0,4,0,1509146128,0,100,0,128,1,"[100,-64,5,0,-24,2,-24,3,-23,3,-23,4,-23,5,-22,5,-22,6,-21,6,-21,7,-21,8,-21,8,-22,9,-22,9,-22,9,-22,9,-22,9,-22,9,-22,8,-22,8,-22,7,-22,7,-22,6,-22,5,-23,3,-22,2,-6,0,0,0,0,0,0,0,0,0,0,0,0,0,0,0,0,0,0,0,-5,0,-19,2,-19,1,-20,-1,-20,-1,-21,-2,-22,-2,-22,-3,-23,-3,-24,-3,-24,-4,-24,-4,-24,-4,-24,-4,-25,-4,-25,-4,-25,-4,-25,-3,-25,-3,-24,-2,-24,-1,-24,0,-25,0,-25,0,-25,1,-25,1,-25,2]"
CSI_DATA,99461,d8:b1:90:db:e8:90,-51,11,1,7,0,0,1,0,0,0,0,-95,0,4,0,1509156401,0,100,0,128,1,"[100,-64,5,0,13,-23,12,-23,11,-23,10,-23,9,-23,8,-23,8,-23,8,-23,7,-24,6,-24,6,-24,6,-24,7,-24,7,-25,7,-25,7,-25,7,-25,8,-25,8,-25,9,-25,10,-24,10,-23,10,-23,12,-22,13,-22,3,-6,0,0,0,0,0,0,0,0,0,0,0,0,0,0,0,0,0,0,2,-5,8,-19,9,-19,10,-19,11,-19,12,-19,13,-19,14,-20,15,-20,15,-20,16,-20,16,-20,17,-20,17,-20,17,-20,17,-20,17,-20,17,-20,17,-21,17,-20,16,-21,16,-21,15,-21,15,-22,14,-22,14,-22,15,-23]"
CSI_DATA,99462,d8:b1:90:db:e8:90,-51,11,1,7,0,0,1,0,0,0,0,-95,0,4,0,1509184113,0,100,0,128,1,"[100,-64,5,0,17,16,17,15,17,15,18,14,18,14,19,13,19,12,19,11,19,11,20,10,20,10,21,10,21,10,21,10,21,10,21,11,21,11,21,12,20,12,19,13,19,13,18,13,17,14,16,15,16,17,3,4,0,0,0,0,0,0,0,0,0,0,0,0,0,0,0,0,0,0,2,2,11,11,11,12,11,14,11,16,11,16,11,17,12,17,12,18,12,19,12,19,12,20,12,21,12,21,12,21,12,20,12,20,12,20,13,20,13,19,14,19,15,18,15,18,16,18,16,18,16,18,17,17]"
CSI_DATA,99463,d8:b1:90:db:e8:90,-51,11,1,7,0,0,1,0,0,0,1,-95,0,4,0,1509196466,0,100,0,128,1,"[100,-64,5,0,15,19,15,18,16,17,16,16,16,15,17,14,17,14,18,13,18,13,18,12,19,12,20,12,21,12,21,12,21,12,21,13,21,13,20,13,20,13,19,14,19,14,18,15,17,15,16,17,14,17,3,4,0,0,0,0,0,0,0,0,0,0,0,0,0,0,0,0,0,0,3,3,12,13,12,14,11,15,11,16,11,17,11,18,11,19,11,20,10,21,10,21,10,22,10,22,10,23,10,22,10,22,10,22,11,22,11,22,12,22,13,21,13,21,14,21,14,21,14,20,15,20,15,20]"
CSI_DATA,99464,d8:b1:90:db:e8:90,-51,11,1,7,0,0,1,0,0,0,1,-95,0,4,0,1509216081,0,100,0,128,1,"[100,-64,5,0,23,5,23,4,22,3,22,2,22,2,22,1,22,0,22,-1,22,-2,22,-2,22,-3,23,-3,23,-4,24,-4,24,-4,24,-3,24,-3,24,-3,24,-2,24,-2,23,-1,23,0,23,1,23,3,22,4,5,1,0,0,0,0,0,0,0,0,0,0,0,0,0,0,0,0,0,0,4,0,18,3,18,4,18,5,18,6,19,6,20,7,20,8,21,9,21,9,21,10,21,11,21,11,21,11,22,11,22,11,22,10,22,10,22,10,23,9,23,9,23,8,23,8,23,7,24,7,24,6,24,6]"
CSI_DATA,99465,d8:b1:90:db:e8:90,-52,11,1,7,0,0,1,0,0,0,1,-95,0,4,0,1509226411,0,100,0,128,1,"[100,-64,5,0,-13,-20,-14,-20,-14,-19,-14,-19,-15,-18,-15,-17,-16,-17,-16,-16,-17,-16,-17,-15,-18,-15,-18,-15,-18,-15,-18,-15,-18,-15,-17,-16,-17,-17,-17,-17,-16,-17,-16,-18,-15,-18,-15,-19,-14,-19,-13,-19,-12,-20,-3,-5,0,0,0,0,0,0,0,0,0,0,0,0,0,0,0,0,0,0,-3,-4,-11,-15,-10,-16,-9,-17,-9,-18,-9,-18,-9,-19,-9,-19,-9,-20,-8,-21,-8,-22,-8,-22,-8,-23,-8,-24,-8,-24,-8,-23,-8,-23,-8,-23,-9,-23,-10,-22,-11,-22,-11,-22,-11,-22,-11,-22,-12,-22,-12,-22,-12,-21]"
CSI_DATA,99466,d8:b1:90:db:e8:90,-51,11,1,7,0,0,1,0,0,0,1,-95,0,4,0,1509238488,0,100,0,128,1,"[100,-64,5,0,6,22,6,22,7,21,7,21,8,20,9,20,9,19,10,18,10,18,10,18,11,18,12,18,12,19,12,19,12,19,12,19,12,20,11,20,11,20,10,20,10,20,9,20,8,20,7,21,6,21,1,5,0,0,0,0,0,0,0,0,0,0,0,0,0,0,0,0,0,0,1,4,6,16,5,17,4,18,4,19,4,19,3,20,3,21,2,21,2,22,2,22,1,23,1,23,1,23,1,23,2,24,2,24,2,24,2,24,2,24,3,24,3,23,4,23,4,24,5,24,5,24,5,24]"
CSI_DATA,99467,d8:b1:90:db:e8:90,-52,11,1,7,0,0,1,0,0,0,1,-95,0,4,0,1509249400,0,100,0,128,1,"[100,-64,5,0,-25,0,-24,0,-24,1,-24,1,-23,2,-23,3,-22,4,-22,4,-22,5,-22,5,-22,6,-22,6,-23,7,-23,7,-23,7,-23,7,-23,6,-23,6,-23,5,-23,5,-23,4,-22,3,-23,3,-23,1,-23,0,-6,-1,0,0,0,0,0,0,0,0,0,0,0,0,0,0,0,0,0,0,-5,0,-18,1,-19,0,-19,-1,-19,-2,-20,-2,-21,-2,-21,-3,-22,-3,-22,-4,-23,-4,-23,-5,-23,-5,-23,-6,-24,-5,-24,-5,-25,-4,-25,-4,-25,-4,-24,-4,-24,-4,-24,-3,-25,-3,-25,-2,-25,-2,-25,-2,-25,-1]"
CSI_DATA,99468,d8:b1:90:db:e8:90,-51,11,1,7,0,0,1,0,0,0,1,-95,0,4,0,1509259465,0,100,0,128,1,"[100,-64,5,0,24,-3,24,-3,23,-4,23,-4,22,-5,22,-6,22,-7,21,-7,21,-8,21,-9,21,-9,21,-9,21,-10,22,-10,22,-10,22,-10,22,-10,22,-10,22,-9,22,-8,22,-8,23,-7,23,-6,23,-5,23,-3,5,-1,0,0,0,0,0,0,0,0,0,0,0,0,0,0,0,0,0,0,4,-1,18,-3,19,-2,19,-2,20,-1,20,0,21,0,21,1,22,1,22,2,23,2,23,3,24,3,24,3,24,3,25,2,25,2,25,1,25,1,25,1,24,1,25,1,25,0,25,0,25,-1,25,-1,25,-2]"
CSI_DATA,99469,d8:b1:90:db:e8:90,-51,11,1,7,0,0,1,0,0,0,1,-95,0,4,0,1509286841,0,100,0,128,1,"[100,-64,5,0,-26,-12,-25,-11,-25,-10,-25,-8,-24,-7,-25,-6,-25,-6,-25,-5,-25,-4,-26,-3,-26,-2,-26,-2,-26,-2,-26,-1,-27,-1,-27,-2,-27,-3,-27,-3,-27,-4,-26,-5,-26,-6,-26,-7,-25,-8,-25,-9,-24,-11,-6,-3,0,0,0,0,0,0,0,0,0,0,0,0,0,0,0,0,0,0,-5,-2,-20,-7,-20,-8,-20,-10,-20,-11,-21,-12,-21,-13,-21,-14,-22,-14,-22,-15,-22,-16,-22,-16,-22,-16,-22,-17,-22,-17,-23,-17,-23,-16,-23,-16,-24,-16,-24,-16,-24,-16,-24,-15,-25,-15,-25,-14,-25,-13,-25,-13,-25,-12]"
CSI_DATA,99470,d8:b1:90:db:e8:90,-52,11,1,7,0,0,1,0,0,0,1,-95,0,4,0,1509298508,0,100,0,128,1,"[100,-64,5,0,-27,-2,-27,-2,-26,-1,-25,-1,-25,0,-24,1,-24,1,-24,2,-25,3,-25,4,-25,4,-25,4,-25,4,-25,5,-25,5,-26,5,-26,5,-26,4,-26,3,-25,2,-25,1,-25,1,-25,0,-25,-2,-25,-3,-7,-1,0,0,0,0,0,0,0,0,0,0,0,0,0,0,0,0,0,0,-6,0,-21,-1,-21,-2,-21,-3,-22,-3,-23,-4,-24,-5,-25,-5,-26,-6,-26,-6,-27,-7,-27,-7,-27,-8,-27,-8,-27,-8,-26,-8,-26,-7,-26,-7,-27,-6,-27,-6,-28,-6,-28,-5,-28,-5,-28,-4,-28,-4,-28,-4,-27,-3]"
CSI_DATA,99471,d8:b1:90:db:e8:90,-52,11,1,7,0,0,1,0,0,0,1,-95,0,4,0,1509309204,0,100,0,128,1,"[100,-64,5,0,-5,-27,-6,-26,-6,-25,-7,-24,-7,-23,-8,-23,-9,-23,-9,-23,-10,-23,-11,-23,-12,-22,-12,-22,-12,-22,-12,-22,-12,-23,-13,-23,-13,-23,-12,-23,-12,-24,-11,-24,-10,-24,-9,-24,-8,-24,-7,-25,-5,-26,-2,-7,0,0,0,0,0,0,0,0,0,0,0,0,0,0,0,0,0,0,-1,-5,-4,-20,-3,-21,-3,-21,-2,-22,-2,-23,-1,-24,-1,-25,-1,-26,0,-27,0,-27,0,-28,1,-28,1,-28,1,-28,1,-28,0,-27,0,-27,-1,-27,-1,-28,-2,-28,-3,-28,-3,-28,-3,-28,-4,-27,-4,-27,-4,-28]"
CSI_DATA,99472,d8:b1:90:db:e8:90,-51,11,1,7,0,0,1,0,0,0,1,-95,0,4,0,1509322952,0,100,0,128,1,"[100,-64,5,0,-20,14,-19,14,-18,14,-17,15,-17,15,-16,15,-15,16,-14,16,-13,17,-13,17,-13,18,-13,18,-13,19,-12,19,-13,19,-14,20,-14,20,-15,19,-15,19,-15,18,-15,17,-16,17,-16,17,-17,16,-18,15,-5,3,0,0,0,0,0,0,0,0,0,0,0,0,0,0,0,0,0,0,-4,3,-15,13,-16,12,-17,11,-17,11,-18,11,-19,11,-20,11,-21,11,-22,11,-23,11,-23,11,-23,11,-23,11,-24,11,-24,10,-24,10,-23,11,-23,11,-23,11,-22,12,-22,12,-22,13,-22,13,-22,13,-22,14,-22,14]"
CSI_DATA,99473,d8:b1:90:db:e8:90,-52,11,1,7,0,0,1,0,0,0,1,-95,0,4,0,1509347619,0,100,0,128,1,"[100,-64,5,0,-26,4,-26,4,-25,5,-24,5,-23,6,-23,7,-22,8,-22,8,-22,9,-22,10,-21,10,-21,11,-21,11,-21,12,-22,12,-23,12,-23,12,-23,11,-23,11,-23,10,-23,10,-23,9,-24,8,-25,7,-25,5,-7,1,0,0,0,0,0,0,0,0,0,0,0,0,0,0,0,0,0,0,-6,0,-22,3,-22,2,-22,0,-23,-1,-23,-1,-24,-2,-25,-3,-25,-3,-26,-3,-26,-4,-27,-5,-27,-5,-27,-5,-27,-4,-27,-3,-27,-3,-27,-2,-27,-2,-28,-2,-28,-1,-28,-1,-28,0,-28,1,-28,1,-28,2,-28,2]"
CSI_DATA,99474,d8:b1:90:db:e8:90,-51,11,1,7,0,0,1,0,0,0,1,-95,0,4,0,1509357975,0,100,0,128,1,"[100,-64,5,0,-6,-24,-6,-23,-7,-22,-7,-21,-8,-21,-9,-20,-9,-20,-10,-20,-10,-19,-11,-19,-12,-19,-12,-19,-13,-19,-13,-19,-13,-19,-13,-20,-13,-20,-13,-20,-12,-20,-12,-20,-12,-20,-11,-21,-10,-21,-9,-22,-8,-23,-2,-6,0,0,0,0,0,0,0,0,0,0,0,0,0,0,0,0,0,0,-2,-5,-6,-19,-6,-19,-5,-20,-4,-21,-3,-22,-3,-22,-2,-23,-2,-24,-1,-25,-1,-25,0,-25,0,-25,0,-26,0,-26,0,-26,0,-26,-1,-26,-1,-26,-2,-26,-3,-26,-3,-26,-4,-26,-4,-26,-5,-25,-5,-25,-4,-25]"
CSI_DATA,99475,d8:b1:90:db:e8:90,-51,11,1,7,0,0,1,0,0,0,1,-95,0,4,0,1509386749,0,100,0,128,1,"[100,-64,5,0,12,-20,11,-20,11,-20,10,-20,9,-20,8,-20,7,-20,6,-20,5,-21,4,-21,4,-21,3,-21,3,-22,3,-22,4,-22,4,-23,4,-24,5,-23,5,-23,5,-23,6,-23,6,-23,7,-23,8,-22,9,-22,2,-6,0,0,0,0,0,0,0,0,0,0,0,0,0,0,0,0,0,0,1,-5,8,-17,9,-17,10,-17,11,-18,12,-18,13,-18,14,-18,15,-18,15,-18,16,-18,17,-18,17,-18,17,-18,18,-18,18,-18,18,-18,17,-18,17,-19,17,-19,17,-19,16,-19,16,-19,16,-20,15,-20,15,-20,14,-21]"
CSI_DATA,99476,d8:b1:90:db:e8:90,-52,11,1,7,0,0,1,0,0,0,1,-95,0,4,0,1509397563,0,100,0,128,1,"[100,-64,5,0,11,-20,11,-20,10,-20,9,-19,8,-19,7,-19,7,-20,6,-20,6,-21,5,-21,4,-21,4,-21,3,-22,3,-22,4,-22,4,-23,4,-23,4,-23,5,-23,6,-23,6,-22,7,-22,8,-21,9,-21,10,-21,2,-5,0,0,0,0,0,0,0,0,0,0,0,0,0,0,0,0,0,0,2,-5,9,-17,10,-17,11,-17,12,-17,13,-17,14,-17,15,-17,16,-17,17,-18,17,-17,18,-17,18,-17,18,-17,18,-17,18,-17,18,-17,17,-17,17,-18,17,-19,16,-19,16,-19,16,-20,15,-20,15,-20,14,-20,14,-20]"
CSI_DATA,99477,d8:b1:90:db:e8:90,-52,11,1,7,0,0,1,0,0,0,1,-95,0,4,0,1509413109,0,100,0,128,1,"[100,-64,5,0,-26,-6,-25,-5,-25,-4,-24,-4,-24,-2,-23,-1,-23,0,-23,0,-23,1,-23,2,-23,3,-23,3,-24,3,-24,4,-24,4,-25,4,-25,4,-25,4,-25,3,-26,3,-26,2,-26,2,-26,1,-27,-1,-27,-2,-7,-1,0,0,0,0,0,0,0,0,0,0,0,0,0,0,0,0,0,0,-6,-1,-23,-3,-23,-5,-23,-6,-23,-7,-24,-8,-24,-9,-24,-9,-25,-10,-25,-10,-25,-12,-25,-13,-25,-13,-25,-13,-25,-13,-25,-14,-25,-13,-25,-13,-26,-12,-26,-11,-27,-11,-27,-10,-27,-10,-27,-9,-27,-9,-27,-8,-27,-7]"
CSI_DATA,99478,d8:b1:90:db:e8:90,-52,11,1,7,0,0,1,0,0,0,1,-95,0,4,0,1509425635,0,100,0,128,1,"[100,-64,5,0,-17,-18,-17,-17,-17,-16,-17,-15,-17,-14,-18,-13,-18,-12,-18,-11,-18,-11,-19,-10,-19,-9,-20,-9,-21,-9,-21,-8,-21,-8,-22,-8,-22,-9,-21,-9,-21,-9,-21,-9,-21,-10,-21,-10,-21,-11,-20,-12,-19,-14,-5,-4,0,0,0,0,0,0,0,0,0,0,0,0,0,0,0,0,0,0,-4,-4,-15,-14,-14,-15,-13,-17,-13,-18,-12,-19,-12,-19,-12,-20,-12,-20,-12,-21,-12,-21,-12,-22,-12,-22,-12,-23,-12,-23,-11,-23,-11,-22,-12,-22,-12,-22,-13,-22,-13,-22,-14,-21,-14,-21,-14,-20,-15,-20,-15,-19,-15,-19]"
CSI_DATA,99479,d8:b1:90:db:e8:90,-51,11,1,7,0,0,1,0,0,0,1,-95,0,4,0,1509442319,0,100,0,128,1,"[100,-64,5,0,23,-5,22,-5,21,-6,21,-6,20,-7,19,-7,19,-8,19,-9,18,-10,18,-11,18,-11,18,-12,18,-12,18,-13,19,-13,19,-13,19,-13,20,-13,20,-12,20,-12,20,-11,20,-10,21,-10,22,-9,22,-8,5,-2,0,0,0,0,0,0,0,0,0,0,0,0,0,0,0,0,0,0,4,-2,20,-5,20,-4,21,-3,21,-2,22,-1,23,-1,23,0,24,0,24,1,25,1,25,1,26,2,26,2,25,2,25,2,25,1,25,1,25,0,25,0,25,-1,25,-1,25,-2,25,-2,24,-2,24,-3,24,-4]"
CSI_DATA,99480,d8:b1:90:db:e8:90,-52,11,1,7,0,0,1,0,0,0,1,-95,0,4,0,1509456118,0,100,0,128,1,"[100,-64,5,0,10,-21,10,-21,9,-21,8,-20,7,-20,6,-20,5,-20,4,-20,4,-21,3,-21,2,-21,2,-21,2,-21,1,-22,2,-22,2,-23,2,-23,2,-24,3,-24,3,-23,4,-23,4,-22,5,-22,7,-23,8,-23,2,-6,0,0,0,0,0,0,0,0,0,0,0,0,0,0,0,0,0,0,2,-5,9,-19,10,-18,11,-18,12,-18,12,-18,13,-18,14,-18,15,-19,15,-19,16,-19,17,-19,17,-19,17,-19,17,-19,17,-18,16,-18,16,-19,16,-19,15,-20,15,-20,14,-20,14,-20,13,-21,13,-21,13,-21,13,-21]"
CSI_DATA,99481,d8:b1:90:db:e8:90,-52,11,1,7,0,0,1,0,0,0,1,-95,0,4,0,1509467421,0,100,0,128,1,"[100,-64,5,0,0,22,0,22,1,21,2,20,3,20,4,20,5,19,5,19,6,18,7,18,7,18,8,19,9,19,9,19,9,19,9,20,9,20,8,20,8,20,8,21,7,21,7,21,6,21,5,22,4,22,0,5,0,0,0,0,0,0,0,0,0,0,0,0,0,0,0,0,0,0,0,4,1,19,0,20,-1,20,-2,21,-3,21,-3,21,-4,22,-4,22,-5,23,-6,23,-6,23,-6,23,-6,23,-6,23,-6,23,-6,23,-6,23,-5,23,-5,23,-5,24,-4,24,-3,24,-3,24,-3,23,-2,23,-2,23]"
CSI_DATA,99482,d8:b1:90:db:e8:90,-51,11,1,7,0,0,1,0,0,0,1,-95,0,4,0,1509490880,0,100,0,128,1,"[100,-64,5,0,21,9,21,9,21,8,20,7,20,6,20,4,20,4,20,3,20,2,20,2,21,1,21,0,22,0,22,0,22,0,22,0,22,1,22,1,22,1,22,1,22,2,22,3,22,4,21,5,21,7,5,1,0,0,0,0,0,0,0,0,0,0,0,0,0,0,0,0,0,0,4,1,17,5,17,6,18,8,19,10,19,11,19,11,19,12,19,13,19,14,19,14,19,15,19,15,19,15,19,15,19,15,19,15,19,15,20,14,20,14,20,13,20,12,21,12,21,12,21,11,21,11,21,11]"
CSI_DATA,99483,d8:b1:90:db:e8:90,-52,11,1,7,0,0,1,0,0,0,1,-95,0,4,0,1509504683,0,100,0,128,1,"[100,-64,5,0,22,-12,21,-12,21,-13,20,-14,19,-15,18,-15,17,-16,16,-17,16,-17,15,-18,15,-19,15,-19,15,-19,15,-20,16,-20,16,-20,16,-20,16,-20,17,-20,17,-19,18,-19,18,-18,19,-17,20,-16,21,-15,5,-4,0,0,0,0,0,0,0,0,0,0,0,0,0,0,0,0,0,0,4,-4,19,-13,20,-12,21,-11,21,-10,22,-9,23,-9,24,-9,25,-9,26,-8,26,-8,26,-7,27,-7,27,-6,26,-6,26,-7,26,-7,26,-8,26,-8,26,-9,25,-9,25,-10,25,-10,25,-10,25,-10,25,-11,24,-11]"
CSI_DATA,99484,d8:b1:90:db:e8:90,-51,11,1,7,0,0,1,0,0,0,1,-95,0,4,0,1509518183,0,100,0,128,1,"[100,-64,5,0,-6,-24,-6,-24,-6,-23,-7,-22,-8,-21,-8,-21,-9,-20,-9,-20,-10,-19,-11,-19,-12,-19,-12,-20,-13,-20,-13,-20,-13,-21,-13,-21,-13,-21,-12,-22,-12,-22,-11,-23,-11,-23,-10,-23,-9,-23,-7,-24,-6,-24,-2,-6,0,0,0,0,0,0,0,0,0,0,0,0,0,0,0,0,0,0,-2,-6,-6,-22,-4,-23,-4,-23,-3,-24,-2,-24,-1,-24,-1,-25,-1,-26,0,-26,0,-27,0,-27,1,-27,1,-27,0,-27,0,-27,0,-27,-1,-26,-1,-26,-2,-27,-2,-27,-3,-27,-3,-27,-4,-26,-4,-26,-4,-25,-4,-25]"
CSI_DATA,99485,d8:b1:90:db:e8:90,-52,11,1,7,0,0,1,0,0,0,1,-95,0,4,0,1509531760,0,100,0,128,1,"[100,-64,5,0,-11,20,-10,20,-9,20,-8,19,-7,19,-6,19,-6,19,-5,19,-4,19,-4,19,-3,19,-3,20,-3,21,-3,21,-3,22,-3,22,-3,22,-4,22,-4,22,-5,22,-6,22,-7,21,-7,21,-9,21,-10,20,-3,5,0,0,0,0,0,0,0,0,0,0,0,0,0,0,0,0,0,0,-3,4,-10,19,-11,18,-12,18,-12,17,-13,17,-14,17,-15,18,-15,18,-16,18,-16,18,-17,18,-17,18,-17,18,-17,18,-17,18,-16,18,-16,19,-15,19,-15,20,-14,20,-14,20,-13,20,-13,20,-13,20,-12,20,-12,20]"
CSI_DATA,99486,d8:b1:90:db:e8:90,-52,11,1,7,0,0,1,0,0,0,1,-95,0,4,0,1509552443,0,100,0,128,1,"[100,-64,5,0,15,9,15,8,15,7,15,7,15,6,15,5,15,4,15,4,15,3,15,3,16,3,16,2,16,2,16,2,17,2,18,3,18,3,18,3,18,4,18,4,18,5,17,5,16,6,16,7,15,8,3,2,0,0,0,0,0,0,0,0,0,0,0,0,0,0,0,0,0,0,3,1,15,7,14,8,14,9,14,10,13,11,14,11,14,11,14,12,14,12,14,13,14,13,14,13,14,13,14,13,14,13,13,13,13,13,14,13,14,13,14,13,15,12,15,12,15,11,16,10,16,10,16,10]"
CSI_DATA,99487,d8:b1:90:db:e8:90,-52,11,1,7,0,0,1,0,0,0,1,-95,0,4,0,1509565742,0,100,0,128,1,"[100,-64,5,0,0,24,1,24,1,23,2,23,3,22,4,22,5,21,6,21,7,20,8,20,9,21,10,21,10,21,11,22,10,22,10,22,10,23,9,23,9,23,8,23,7,23,6,23,5,24,4,25,3,25,0,6,0,0,0,0,0,0,0,0,0,0,0,0,0,0,0,0,0,0,0,5,1,22,-1,23,-2,24,-3,24,-4,24,-5,25,-5,24,-5,24,-6,25,-6,25,-7,25,-8,26,-8,26,-7,26,-7,26,-7,25,-7,25,-6,25,-6,26,-5,26,-4,26,-3,26,-3,26,-2,25,-1,26,-1,26]"
CSI_DATA,99488,d8:b1:90:db:e8:90,-52,11,1,7,0,0,1,0,0,0,1,-95,0,4,0,1509590971,0,100,0,128,1,"[100,-64,5,0,-23,11,-22,11,-21,12,-20,12,-19,13,-18,13,-17,14,-17,15,-16,15,-16,16,-16,17,-16,17,-16,18,-16,18,-16,18,-16,18,-17,18,-17,18,-17,17,-18,17,-18,17,-19,16,-19,15,-21,14,-21,13,-6,3,0,0,0,0,0,0,0,0,0,0,0,0,0,0,0,0,0,0,-6,2,-22,10,-23,9,-23,8,-23,7,-24,6,-25,6,-26,6,-26,6,-27,5,-27,5,-27,4,-27,4,-27,4,-27,4,-27,5,-27,5,-27,6,-26,6,-26,6,-26,7,-25,7,-25,8,-25,9,-25,9,-24,9,-24,10]"
CSI_DATA,99489,d8:b1:90:db:e8:90,-52,11,1,7,0,0,1,0,0,0,1,-95,0,4,0,1509601445,0,100,0,128,1,"[100,-64,5,0,-20,11,-19,12,-18,12,-17,12,-17,12,-16,13,-16,14,-15,15,-15,15,-14,16,-13,16,-13,17,-13,18,-13,18,-14,17,-13,18,-13,18,-13,18,-14,18,-14,17,-15,17,-15,16,-15,15,-17,14,-17,14,-5,3,0,0,0,0,0,0,0,0,0,0,0,0,0,0,0,0,0,0,-5,2,-20,10,-21,8,-20,8,-21,8,-21,8,-22,6,-23,6,-24,6,-25,6,-25,6,-25,5,-25,4,-25,5,-25,5,-25,5,-26,4,-25,6,-25,6,-25,6,-23,7,-23,8,-23,9,-23,9,-22,9,-22,10,-23,10]"
CSI_DATA,99490,d8:b1:90:db:e8:90,-51,11,1,7,0,0,1,0,0,0,1,-95,0,4,0,1509611703,0,100,0,128,1,"[100,-64,5,0,-21,12,-20,12,-19,13,-18,13,-17,14,-16,14,-15,15,-15,16,-14,16,-14,16,-14,17,-14,18,-14,18,-14,19,-14,19,-14,18,-15,18,-15,18,-15,18,-16,17,-16,17,-17,16,-17,15,-18,15,-19,14,-5,3,0,0,0,0,0,0,0,0,0,0,0,0,0,0,0,0,0,0,-5,3,-19,12,-20,11,-21,10,-21,10,-22,9,-22,9,-23,9,-23,9,-24,8,-25,8,-25,8,-25,7,-25,7,-25,7,-25,8,-25,8,-25,9,-24,9,-24,9,-24,10,-24,10,-23,11,-23,11,-23,12,-22,12,-22,12]"
CSI_DATA,99491,d8:b1:90:db:e8:90,-52,11,1,7,0,0,1,0,0,0,1,-95,0,4,0,1509626990,0,100,0,128,1,"[100,-64,5,0,21,4,21,3,20,3,20,2,20,1,20,0,20,-1,19,-1,19,-2,19,-3,20,-3,20,-3,21,-4,21,-4,21,-4,21,-3,21,-3,21,-3,21,-2,22,-2,21,-2,21,-1,21,1,21,2,21,3,5,1,0,0,0,0,0,0,0,0,0,0,0,0,0,0,0,0,0,0,5,1,20,5,19,6,19,7,19,8,19,8,19,9,19,10,20,10,20,10,20,11,20,11,20,11,20,11,20,11,20,11,20,10,21,10,21,10,21,9,21,8,21,8,22,7,22,7,22,6,22,6,22,5]"
CSI_DATA,99492,d8:b1:90:db:e8:90,-52,11,1,7,0,0,1,0,0,0,1,-95,0,4,0,1509637987,0,100,0,128,1,"[100,-64,5,0,-8,21,-8,21,-7,21,-6,21,-5,21,-4,21,-3,21,-2,20,-2,20,-1,20,0,20,0,21,0,21,0,22,0,22,0,22,-1,23,-1,22,-2,22,-2,22,-3,22,-4,21,-4,21,-6,21,-7,21,-2,5,0,0,0,0,0,0,0,0,0,0,0,0,0,0,0,0,0,0,-2,4,-8,19,-9,18,-11,18,-11,18,-12,18,-12,18,-13,18,-13,18,-14,19,-14,19,-15,19,-15,20,-15,20,-15,20,-15,20,-15,20,-15,20,-14,20,-13,20,-12,20,-12,21,-12,21,-11,21,-11,21,-11,22,-10,22]"
CSI_DATA,99493,d8:b1:90:db:e8:90,-51,11,1,7,0,0,1,0,0,0,1,-95,0,4,0,1509657950,0,100,0,128,1,"[100,-64,5,0,-22,10,-21,10,-20,11,-20,11,-19,11,-18,12,-18,13,-17,13,-16,13,-16,14,-16,14,-16,15,-17,15,-17,15,-17,15,-17,15,-17,15,-18,15,-18,14,-18,14,-18,13,-19,13,-19,12,-20,11,-20,10,-5,2,0,0,0,0,0,0,0,0,0,0,0,0,0,0,0,0,0,0,-5,2,-18,9,-19,8,-20,7,-21,6,-21,6,-22,5,-22,5,-23,5,-24,5,-24,4,-25,4,-25,4,-25,4,-25,4,-25,4,-25,4,-25,5,-25,6,-24,6,-24,7,-24,7,-24,8,-24,9,-23,9,-23,9,-23,9]"
CSI_DATA,99494,d8:b1:90:db:e8:90,-52,11,1,7,0,0,1,0,0,0,1,-95,0,4,0,1509668189,0,100,0,128,1,"[100,-64,5,0,24,4,24,3,23,2,23,2,23,1,23,0,23,-1,22,-2,22,-2,22,-3,22,-4,23,-4,23,-4,23,-4,24,-4,24,-3,24,-3,24,-3,24,-3,24,-2,24,-1,24,-1,24,0,24,2,23,4,5,1,0,0,0,0,0,0,0,0,0,0,0,0,0,0,0,0,0,0,5,0,21,2,21,3,21,5,21,6,22,7,22,8,22,8,22,9,23,10,23,10,24,10,24,11,24,11,24,11,24,11,24,11,24,10,24,9,25,9,25,8,25,7,26,7,26,6,26,6,26,5,26,5]"
CSI_DATA,99495,d8:b1:90:db:e8:90,-52,11,1,7,0,0,1,0,0,0,1,-95,0,4,0,1509695903,0,100,0,128,1,"[100,-64,5,0,-20,6,-19,7,-18,7,-18,7,-18,7,-17,8,-16,8,-16,9,-16,9,-15,9,-15,10,-15,10,-16,11,-16,11,-16,11,-16,11,-16,10,-16,10,-16,10,-16,9,-17,9,-17,8,-17,8,-18,7,-18,5,-5,1,0,0,0,0,0,0,0,0,0,0,0,0,0,0,0,0,0,0,-4,1,-16,7,-17,6,-17,5,-18,5,-19,4,-19,4,-19,4,-20,4,-21,4,-21,4,-21,3,-22,3,-22,3,-22,3,-22,3,-23,3,-22,3,-22,4,-22,4,-21,5,-21,5,-21,6,-21,6,-21,6,-21,6,-21,6]"
CSI_DATA,99496,d8:b1:90:db:e8:90,-52,11,1,7,0,0,1,0,0,0,1,-95,0,4,0,1509707497,0,100,0,128,1,"[100,-64,5,0,5,-23,5,-23,4,-23,3,-22,3,-22,2,-22,1,-21,0,-22,0,-22,-1,-22,-2,-22,-2,-22,-2,-22,-2,-22,-2,-23,-1,-23,-1,-23,-1,-23,0,-23,0,-23,1,-22,1,-22,2,-22,4,-21,6,-21,1,-6,0,0,0,0,0,0,0,0,0,0,0,0,0,0,0,0,0,0,0,-5,3,-20,4,-20,5,-20,6,-20,7,-20,8,-21,9,-21,10,-21,10,-22,11,-22,11,-22,12,-22,12,-23,12,-23,12,-23,11,-23,11,-23,11,-24,10,-23,10,-23,9,-24,9,-24,8,-24,8,-24,8,-24,8,-25]"
CSI_DATA,99497,d8:b1:90:db:e8:90,-52,11,1,7,0,0,1,0,0,0,1,-95,0,4,0,1509726266,0,100,0,128,1,"[100,-64,5,0,17,-18,17,-18,16,-18,15,-18,15,-19,14,-19,13,-19,11,-19,11,-20,10,-20,10,-20,10,-21,10,-22,10,-22,10,-22,10,-22,10,-22,10,-21,10,-21,11,-20,11,-20,12,-19,13,-18,14,-18,15,-17,3,-5,0,0,0,0,0,0,0,0,0,0,0,0,0,0,0,0,0,0,3,-4,13,-16,14,-16,15,-15,15,-15,16,-15,17,-15,18,-16,19,-16,20,-16,20,-16,21,-15,22,-15,22,-15,22,-15,22,-15,22,-16,22,-16,21,-17,21,-17,20,-18,20,-18,20,-18,20,-18,20,-18,20,-18,20,-18]"
CSI_DATA,99498,d8:b1:90:db:e8:90,-52,11,1,7,0,0,1,0,0,0,1,-95,0,4,0,1509738669,0,100,0,128,1,"[100,-64,5,0,20,8,20,8,20,7,20,7,19,6,19,5,19,4,19,4,19,3,19,2,19,2,20,1,20,1,20,1,20,1,20,1,20,1,20,1,20,1,19,2,19,2,18,3,18,3,18,5,18,6,4,1,0,0,0,0,0,0,0,0,0,0,0,0,0,0,0,0,0,0,4,1,17,5,17,6,17,7,17,8,17,9,17,9,18,10,19,11,19,11,19,12,19,12,19,13,19,13,19,14,19,14,19,13,19,13,20,13,20,12,21,12,21,12,21,11,21,11,21,11,21,11,21,10]"
CSI_DATA,99499,d8:b1:90:db:e8:90,-52,11,1,7,0,0,1,0,0,0,1,-95,0,4,0,1509750998,0,100,0,128,1,"[100,-64,5,0,-22,-9,-22,-8,-21,-7,-21,-6,-21,-5,-21,-5,-21,-4,-20,-3,-20,-3,-20,-2,-21,-1,-21,-1,-21,-1,-21,-1,-21,-1,-21,-1,-21,-1,-21,-2,-21,-2,-20,-3,-20,-3,-20,-3,-20,-4,-20,-5,-19,-6,-5,-2,0,0,0,0,0,0,0,0,0,0,0,0,0,0,0,0,0,0,-5,-1,-18,-4,-18,-5,-18,-6,-18,-7,-18,-7,-19,-8,-20,-8,-20,-8,-21,-8,-21,-9,-21,-10,-21,-11,-21,-11,-21,-12,-21,-12,-21,-12,-21,-12,-22,-12,-22,-11,-22,-11,-23,-11,-23,-11,-23,-11,-23,-10,-23,-10,-23,-10]"
CSI_DATA,99500,d8:b1:90:db:e8:90,-52,11,1,7,0,0,1,0,0,0,1,-95,0,4,0,1509763957,0,100,0,128,1,"[100,-64,5,0,-4,-25,-5,-24,-5,-24,-6,-23,-7,-22,-7,-22,-8,-21,-8,-20,-8,-20,-9,-20,-10,-19,-10,-19,-10,-19,-11,-19,-11,-19,-11,-20,-11,-20,-11,-20,-10,-20,-10,-20,-9,-20,-9,-20,-8,-21,-7,-21,-5,-21,-2,-6,0,0,0,0,0,0,0,0,0,0,0,0,0,0,0,0,0,0,-2,-5,-6,-19,-5,-20,-4,-20,-3,-20,-3,-21,-2,-22,-2,-23,-2,-24,-2,-24,-1,-25,0,-25,0,-25,0,-26,0,-26,1,-26,1,-26,0,-26,0,-27,0,-27,-1,-27,-1,-27,-2,-27,-2,-26,-2,-26,-3,-26,-3,-26]"
CSI_DATA,99501,d8:b1:90:db:e8:90,-52,11,1,7,0,0,1,0,0,0,1,-95,0,4,0,1509795789,0,100,0,128,1,"[100,-64,5,0,-26,0,-25,0,-24,1,-23,1,-23,2,-22,3,-22,4,-21,4,-21,5,-21,5,-21,6,-21,6,-20,7,-20,8,-20,8,-21,8,-21,8,-21,7,-21,7,-21,6,-21,6,-21,5,-21,4,-22,3,-22,2,-6,0,0,0,0,0,0,0,0,0,0,0,0,0,0,0,0,0,0,0,-5,0,-20,2,-21,2,-21,0,-22,0,-22,-1,-23,-2,-24,-2,-24,-3,-25,-3,-26,-4,-26,-5,-26,-5,-26,-5,-26,-5,-26,-5,-26,-5,-27,-4,-26,-5,-27,-5,-27,-5,-27,-4,-27,-3,-27,-3,-27,-3,-27,-2,-27,-2]"
CSI_DATA,99502,d8:b1:90:db:e8:90,-52,11,1,7,0,0,1,0,0,0,1,-95,0,4,0,1509811156,0,100,0,128,1,"[100,-64,5,0,18,15,18,14,18,13,18,12,18,11,18,10,19,9,19,9,19,8,19,7,19,7,19,6,19,6,20,6,20,6,20,6,20,5,20,6,19,6,20,6,19,7,19,8,18,8,18,9,17,10,4,2,0,0,0,0,0,0,0,0,0,0,0,0,0,0,0,0,0,0,4,2,16,9,16,10,16,10,16,11,16,12,16,13,16,14,17,15,17,16,17,17,17,17,17,18,17,18,17,18,17,18,18,18,18,18,18,18,18,17,18,17,19,17,19,17,19,17,18,17,19,17,19,16]"
CSI_DATA,99503,d8:b1:90:db:e8:90,-53,11,1,7,0,0,1,0,0,0,1,-95,0,4,0,1509821707,0,100,0,128,1,"[100,-64,5,0,25,-5,25,-5,24,-6,23,-6,23,-7,22,-7,21,-8,20,-9,19,-9,19,-10,19,-11,19,-11,19,-12,19,-12,19,-13,19,-13,20,-13,20,-12,20,-12,20,-12,20,-11,21,-11,21,-10,22,-8,22,-7,5,-2,0,0,0,0,0,0,0,0,0,0,0,0,0,0,0,0,0,0,4,-2,20,-7,21,-6,21,-5,22,-4,23,-3,23,-3,24,-3,24,-3,25,-2,26,-2,27,-2,28,-1,28,-1,28,0,27,0,27,0,27,-1,27,-1,28,-1,28,-2,28,-2,28,-3,28,-3,27,-3,27,-4,27,-4]"
CSI_DATA,99504,d8:b1:90:db:e8:90,-53,11,1,7,0,0,1,0,0,0,1,-95,0,4,0,1509846443,0,100,0,128,1,"[100,-64,5,0,5,-23,4,-22,4,-22,3,-21,3,-21,2,-21,1,-20,0,-20,-1,-20,-2,-20,-2,-20,-3,-20,-3,-20,-3,-20,-3,-21,-3,-21,-2,-21,-2,-21,-2,-21,-2,-21,-2,-21,-1,-21,-1,-21,0,-22,1,-22,0,-6,0,0,0,0,0,0,0,0,0,0,0,0,0,0,0,0,0,0,0,-5,1,-19,2,-20,4,-20,5,-20,5,-21,6,-21,7,-22,7,-22,8,-23,8,-23,9,-23,9,-23,9,-23,9,-23,9,-23,9,-23,9,-23,9,-23,9,-24,8,-24,7,-24,7,-24,7,-24,6,-24,6,-24,6,-24]"
CSI_DATA,99505,d8:b1:90:db:e8:90,-52,11,1,7,0,0,1,0,0,0,1,-95,0,4,0,1509859679,0,100,0,128,1,"[100,-64,5,0,-25,-4,-24,-3,-24,-3,-23,-2,-23,-1,-22,0,-21,1,-21,1,-21,2,-21,3,-21,3,-21,4,-21,4,-21,4,-22,4,-22,5,-22,4,-22,4,-22,4,-22,3,-22,3,-22,2,-23,1,-23,0,-23,-1,-6,-1,0,0,0,0,0,0,0,0,0,0,0,0,0,0,0,0,0,0,-6,0,-21,1,-21,-1,-21,-2,-22,-3,-22,-4,-23,-4,-24,-5,-25,-5,-25,-6,-25,-7,-25,-7,-25,-7,-25,-8,-25,-8,-25,-8,-25,-8,-25,-8,-25,-7,-26,-7,-26,-6,-26,-6,-26,-6,-26,-5,-26,-5,-26,-4,-26,-4]"
CSI_DATA,99506,d8:b1:90:db:e8:90,-53,11,1,7,0,0,1,0,0,0,1,-95,0,4,0,1509873976,0,100,0,128,1,"[100,-64,5,0,23,8,23,7,22,7,22,6,22,5,22,4,22,3,21,2,21,1,21,0,22,0,22,-1,22,-1,23,-1,23,-1,23,-1,23,-1,23,-1,23,-1,23,0,23,0,23,1,23,2,23,3,23,5,5,1,0,0,0,0,0,0,0,0,0,0,0,0,0,0,0,0,0,0,5,1,20,4,20,5,20,7,20,8,20,9,21,10,21,11,22,11,22,12,22,13,22,13,22,14,22,14,22,14,22,14,22,14,22,14,22,13,22,13,22,12,23,12,23,11,23,11,23,11,24,10,24,10]"
CSI_DATA,99507,d8:b1:90:db:e8:90,-52,11,1,7,0,0,1,0,0,0,1,-95,0,4,0,1509899107,0,100,0,128,1,"[100,-64,5,0,22,7,21,7,21,6,21,5,21,4,21,3,21,2,21,2,20,1,21,0,21,0,21,-1,21,-1,22,-1,22,-1,22,-1,23,0,23,0,23,1,23,1,23,1,23,2,23,3,23,4,22,6,5,1,0,0,0,0,0,0,0,0,0,0,0,0,0,0,0,0,0,0,4,1,19,5,19,6,19,7,19,8,20,9,20,10,20,11,20,11,21,12,21,13,21,13,21,13,20,14,20,13,20,13,20,13,21,13,21,12,21,12,21,12,22,11,23,10,23,10,23,10,23,9,23,9]"
CSI_DATA,99508,d8:b1:90:db:e8:90,-52,11,1,7,0,0,1,0,0,0,1,-95,0,4,0,1509911299,0,100,0,128,1,"[100,-64,5,0,-15,19,-14,19,-13,19,-12,18,-11,18,-10,19,-10,19,-9,19,-9,19,-8,19,-8,20,-8,20,-8,21,-8,21,-8,21,-9,22,-9,22,-10,22,-10,21,-10,21,-11,21,-11,20,-12,20,-14,20,-15,20,-4,4,0,0,0,0,0,0,0,0,0,0,0,0,0,0,0,0,0,0,-3,4,-12,16,-13,16,-15,15,-16,15,-16,14,-17,14,-18,15,-18,15,-19,15,-19,15,-19,15,-19,15,-19,15,-20,15,-20,15,-19,16,-19,16,-19,16,-18,16,-18,17,-17,18,-17,18,-17,18,-17,19,-16,19,-16,19]"
CSI_DATA,99509,d8:b1:90:db:e8:90,-52,11,1,7,0,0,1,0,0,0,1,-95,0,4,0,1509927141,0,100,0,128,1,"[100,-64,5,0,21,9,21,8,21,7,20,7,20,6,20,5,20,4,20,3,21,3,21,2,22,2,22,2,23,2,23,2,24,2,24,2,24,3,24,3,23,4,23,4,23,5,22,5,22,6,22,8,22,10,5,2,0,0,0,0,0,0,0,0,0,0,0,0,0,0,0,0,0,0,4,1,18,7,17,8,17,10,17,11,17,11,17,12,17,12,18,13,18,13,18,14,18,14,18,14,18,14,18,14,19,14,19,13,19,13,19,13,19,12,20,12,20,12,21,11,21,11,21,10,21,10,22,10]"
CSI_DATA,99510,d8:b1:90:db:e8:90,-52,11,1,7,0,0,1,0,0,0,1,-95,0,4,0,1509940382,0,100,0,128,1,"[100,-64,5,0,19,-16,18,-16,17,-16,16,-16,15,-17,14,-17,14,-18,14,-19,13,-20,13,-20,13,-21,13,-21,13,-21,13,-22,14,-22,14,-22,14,-22,14,-21,15,-21,17,-20,18,-20,19,-19,19,-18,21,-18,21,-17,5,-5,0,0,0,0,0,0,0,0,0,0,0,0,0,0,0,0,0,0,3,-4,15,-14,16,-14,17,-13,18,-13,19,-12,20,-12,21,-12,21,-11,22,-11,23,-11,23,-11,23,-11,23,-11,23,-11,22,-11,21,-12,21,-12,21,-13,21,-13,21,-13,21,-14,21,-14,21,-15,20,-15,20,-16,20,-16]"
CSI_DATA,99511,d8:b1:90:db:e8:90,-52,11,1,7,0,0,1,0,0,0,1,-95,0,4,0,1509983354,0,100,0,128,1,"[100,-64,5,0,-19,14,-19,14,-18,15,-17,15,-16,15,-15,16,-15,17,-15,17,-14,18,-14,19,-14,19,-14,20,-15,21,-15,21,-15,21,-16,21,-17,20,-17,20,-17,19,-18,19,-18,18,-19,18,-20,17,-21,17,-22,16,-6,3,0,0,0,0,0,0,0,0,0,0,0,0,0,0,0,0,0,0,-5,2,-20,9,-20,8,-20,8,-21,7,-21,7,-22,7,-22,7,-23,7,-23,7,-23,6,-23,6,-23,6,-23,6,-23,7,-23,7,-23,7,-23,8,-22,8,-22,9,-22,10,-21,11,-21,11,-21,12,-20,12,-20,13,-20,14]"
CSI_DATA,99512,d8:b1:90:db:e8:90,-52,11,1,7,0,0,1,0,0,0,1,-95,0,4,0,1510029365,0,100,0,128,1,"[100,-64,5,0,20,-10,20,-10,19,-10,19,-11,18,-12,18,-12,18,-13,18,-14,18,-14,17,-15,18,-15,18,-16,18,-16,19,-17,19,-17,20,-17,20,-16,20,-16,20,-16,21,-15,21,-15,21,-14,22,-13,22,-12,23,-10,5,-3,0,0,0,0,0,0,0,0,0,0,0,0,0,0,0,0,0,0,4,-2,16,-4,17,-3,18,-2,19,-1,19,-1,20,-1,20,-1,21,0,21,0,21,0,22,0,22,0,22,0,22,0,22,-1,22,-1,22,-2,22,-2,21,-3,21,-4,21,-4,21,-5,22,-6,22,-7,21,-7,21,-8]"
CSI_DATA,99513,d8:b1:90:db:e8:90,-52,11,1,7,0,0,1,0,0,0,1,-95,0,4,0,1510044096,0,100,0,128,1,"[100,-64,5,0,-23,-4,-23,-3,-22,-2,-22,-2,-22,-1,-22,0,-22,1,-22,2,-23,2,-23,3,-23,4,-24,4,-25,4,-25,4,-25,4,-26,3,-26,3,-25,2,-25,2,-26,1,-26,1,-26,0,-25,-1,-26,-3,-25,-4,-7,-1,0,0,0,0,0,0,0,0,0,0,0,0,0,0,0,0,0,0,-5,-2,-19,-5,-19,-7,-18,-8,-18,-9,-18,-9,-18,-10,-19,-10,-20,-10,-20,-11,-20,-12,-19,-12,-19,-12,-19,-12,-19,-12,-19,-12,-20,-12,-20,-11,-20,-11,-20,-10,-21,-9,-21,-9,-22,-8,-22,-7,-22,-7,-22,-6,-23,-5]"
CSI_DATA,99514,d8:b1:90:db:e8:90,-52,11,1,7,0,0,1,0,0,0,1,-95,0,4,0,1510081472,0,100,0,128,1,"[100,-64,5,0,14,-18,13,-18,12,-18,12,-18,11,-18,10,-18,10,-19,9,-20,9,-20,9,-21,9,-21,9,-22,9,-23,10,-23,10,-23,11,-23,12,-23,12,-23,12,-23,13,-22,13,-21,14,-20,15,-19,16,-18,17,-18,4,-5,0,0,0,0,0,0,0,0,0,0,0,0,0,0,0,0,0,0,3,-4,14,-14,14,-13,15,-13,15,-12,15,-12,16,-12,18,-12,18,-12,19,-12,19,-12,19,-12,19,-12,19,-12,19,-12,18,-12,18,-12,18,-13,18,-13,17,-14,16,-14,16,-15,16,-15,16,-16,16,-16,16,-16,15,-17]"
CSI_DATA,99515,d8:b1:90:db:e8:90,-53,11,1,5,0,0,1,0,1,0,0,-93,0,4,0,1510158611,0,100,0,128,1,"[100,-64,5,0,-12,16,-13,17,-13,18,-12,19,-11,20,-11,21,-9,22,-8,23,-7,24,-6,25,-5,25,-4,26,-4,26,-4,26,-4,26,-5,26,-5,25,-6,24,-7,23,-7,22,-8,20,-8,18,-8,15,-9,13,-10,10,-3,2,0,0,0,0,0,0,0,0,0,0,0,0,0,0,0,0,0,0,5,1,21,4,21,5,22,5,22,5,22,4,21,3,20,2,18,2,17,1,14,1,11,1,9,1,7,2,4,3,2,4,0,5,-1,7,-2,8,-3,9,-4,10,-4,11,-5,11,-6,12,-7,12,-8,13,-9,13]"
CSI_DATA,99516,d8:b1:90:db:e8:90,-55,11,1,7,0,0,1,0,0,0,1,-93,0,4,0,1510191590,0,100,0,128,1,"[100,-64,5,0,20,11,20,10,21,10,21,9,22,8,22,7,23,7,23,6,24,5,24,4,25,4,26,4,26,5,27,5,27,5,27,6,27,7,27,7,26,8,26,9,26,10,25,10,25,11,24,13,24,15,5,3,0,0,0,0,0,0,0,0,0,0,0,0,0,0,0,0,0,0,3,3,14,13,13,14,12,14,12,15,12,15,12,16,12,17,12,17,13,17,13,18,13,18,13,19,13,19,14,19,14,18,14,18,14,18,15,17,15,16,16,15,17,15,17,14,18,14,18,13,19,13,20,13]"
CSI_DATA,99517,d8:b1:90:db:e8:90,-55,11,1,7,0,0,1,0,0,0,1,-93,0,4,0,1510203320,0,100,0,128,1,"[100,-64,5,0,-22,-10,-22,-10,-22,-9,-22,-8,-22,-7,-22,-6,-23,-6,-23,-5,-24,-5,-25,-4,-25,-4,-26,-4,-26,-4,-27,-4,-27,-4,-27,-5,-26,-6,-26,-6,-26,-7,-26,-8,-26,-9,-26,-10,-25,-11,-25,-12,-24,-14,-6,-4,0,0,0,0,0,0,0,0,0,0,0,0,0,0,0,0,0,0,-4,-3,-15,-12,-15,-13,-14,-14,-14,-15,-14,-15,-14,-16,-15,-16,-15,-16,-15,-17,-15,-17,-15,-18,-15,-18,-15,-18,-15,-18,-15,-18,-16,-17,-16,-17,-17,-16,-17,-15,-17,-14,-18,-14,-18,-14,-19,-13,-19,-13,-20,-12,-21,-12]"
CSI_DATA,99518,d8:b1:90:db:e8:90,-55,11,1,7,0,0,1,0,0,0,1,-93,0,4,0,1510213846,0,100,0,128,1,"[100,-64,5,0,22,-7,22,-8,21,-8,21,-9,21,-10,21,-11,21,-11,21,-12,21,-13,21,-14,21,-14,21,-14,21,-15,22,-15,23,-15,24,-14,24,-14,24,-13,25,-13,25,-12,25,-11,25,-10,25,-8,26,-7,26,-5,6,-2,0,0,0,0,0,0,0,0,0,0,0,0,0,0,0,0,0,0,4,-1,19,-2,19,-1,19,0,19,1,20,1,21,1,21,1,21,1,22,2,22,2,22,3,22,3,22,3,22,2,22,2,22,1,22,1,22,0,22,-1,22,-1,22,-2,22,-3,23,-4,23,-4,23,-5,23,-5]"
CSI_DATA,99519,d8:b1:90:db:e8:90,-55,11,1,7,0,0,1,0,0,0,1,-93,0,4,0,1510225767,0,100,0,128,1,"[100,-64,5,0,19,-15,18,-15,17,-15,17,-16,17,-17,16,-17,16,-18,16,-19,15,-20,15,-20,15,-21,16,-21,16,-21,16,-22,17,-22,18,-21,18,-21,19,-21,19,-20,20,-19,20,-18,21,-17,21,-16,22,-15,23,-13,5,-4,0,0,0,0,0,0,0,0,0,0,0,0,0,0,0,0,0,0,4,-3,17,-9,18,-8,18,-7,19,-7,19,-6,20,-7,20,-7,21,-7,21,-6,21,-6,22,-5,22,-5,22,-5,22,-6,22,-6,22,-7,22,-7,22,-8,21,-8,20,-9,20,-10,20,-10,20,-11,20,-12,20,-13,20,-13]"
CSI_DATA,99520,d8:b1:90:db:e8:90,-55,11,1,7,0,0,1,0,0,0,1,-93,0,4,0,1510239057,0,100,0,128,1,"[100,-64,5,0,19,-6,19,-7,19,-7,19,-8,19,-8,18,-9,18,-10,17,-11,17,-11,18,-12,18,-13,18,-13,18,-14,18,-14,19,-14,21,-14,22,-13,22,-13,22,-13,22,-12,22,-10,22,-9,22,-9,23,-7,23,-6,5,-2,0,0,0,0,0,0,0,0,0,0,0,0,0,0,0,0,0,0,4,-1,17,0,17,1,17,1,18,2,18,2,18,2,19,3,19,3,19,3,20,3,20,4,20,4,20,4,20,3,20,3,20,2,20,1,20,1,20,0,19,-1,19,-2,20,-2,20,-3,20,-4,20,-4,20,-5]"
CSI_DATA,99521,d8:b1:90:db:e8:90,-55,11,1,7,0,0,1,0,0,0,1,-93,0,4,0,1510256317,0,100,0,128,1,"[100,-64,5,0,20,-13,19,-13,19,-14,18,-14,18,-15,17,-16,17,-16,16,-17,16,-18,16,-18,17,-19,17,-19,17,-20,18,-20,18,-20,19,-20,19,-19,20,-19,20,-18,21,-17,21,-17,22,-15,23,-14,23,-13,24,-11,6,-3,0,0,0,0,0,0,0,0,0,0,0,0,0,0,0,0,0,0,4,-2,18,-6,19,-6,19,-5,20,-4,20,-3,21,-3,21,-3,22,-3,22,-3,22,-2,23,-2,23,-2,22,-2,22,-3,22,-3,22,-4,22,-4,22,-5,22,-6,21,-7,21,-7,21,-8,21,-8,21,-9,21,-10,21,-11]"
CSI_DATA,99522,d8:b1:90:db:e8:90,-55,11,1,7,0,0,1,0,0,0,1,-93,0,4,0,1510275027,0,100,0,128,1,"[100,-64,5,0,-3,-24,-4,-24,-5,-23,-5,-23,-6,-23,-7,-23,-8,-23,-8,-23,-9,-23,-10,-23,-11,-23,-11,-24,-11,-25,-11,-25,-11,-26,-10,-26,-10,-26,-9,-26,-8,-26,-8,-27,-7,-27,-6,-27,-5,-27,-4,-27,-2,-27,-1,-7,0,0,0,0,0,0,0,0,0,0,0,0,0,0,0,0,0,0,0,-5,2,-20,3,-20,3,-20,4,-20,4,-21,5,-21,5,-21,5,-22,6,-22,6,-23,6,-22,6,-22,6,-22,6,-23,5,-23,5,-23,4,-23,3,-23,3,-23,2,-23,2,-23,1,-23,0,-23,-1,-24,-1,-24,-1,-24]"
CSI_DATA,99523,d8:b1:90:db:e8:90,-54,11,1,7,0,0,1,0,0,0,1,-93,0,4,0,1510298381,0,100,0,128,1,"[100,-64,5,0,-3,23,-3,24,-2,23,-1,23,0,23,1,23,2,24,2,24,2,24,3,24,3,24,3,25,4,26,4,27,4,27,3,27,2,27,2,27,1,27,0,27,-1,27,-2,27,-3,27,-5,26,-6,26,-2,6,0,0,0,0,0,0,0,0,0,0,0,0,0,0,0,0,0,0,-2,4,-7,18,-8,18,-9,19,-9,19,-9,19,-10,19,-11,19,-11,20,-12,20,-12,20,-12,20,-12,20,-12,20,-11,20,-11,21,-11,21,-10,21,-10,21,-9,21,-8,21,-8,22,-7,22,-7,23,-6,23,-6,23,-5,23]"
CSI_DATA,99524,d8:b1:90:db:e8:90,-55,11,1,7,0,0,1,0,0,0,1,-93,0,4,0,1510309319,0,100,0,128,1,"[100,-64,5,0,9,21,10,21,11,20,11,20,12,20,13,19,13,19,14,19,14,18,14,18,15,19,16,19,17,20,17,20,17,21,17,21,16,21,16,22,15,22,14,23,13,23,12,23,11,24,9,25,8,26,1,6,0,0,0,0,0,0,0,0,0,0,0,0,0,0,0,0,0,0,1,4,5,19,4,19,3,19,2,20,2,20,2,20,1,21,2,21,1,22,1,22,1,22,1,22,1,23,2,23,2,22,3,22,3,22,3,22,4,22,4,22,5,22,6,22,7,22,7,22,8,22,8,21]"
CSI_DATA,99525,d8:b1:90:db:e8:90,-55,11,1,7,0,0,1,0,0,0,1,-93,0,4,0,1510328984,0,100,0,128,1,"[100,-64,5,0,-12,17,-12,17,-11,17,-10,18,-9,18,-9,19,-8,19,-8,19,-8,19,-8,19,-7,20,-7,21,-7,22,-7,22,-8,22,-8,22,-8,22,-8,22,-9,22,-10,21,-11,21,-12,20,-13,20,-15,19,-16,18,-4,4,0,0,0,0,0,0,0,0,0,0,0,0,0,0,0,0,0,0,-4,3,-13,12,-14,11,-15,11,-15,10,-15,10,-16,11,-16,11,-17,11,-17,11,-17,11,-18,11,-18,11,-18,11,-17,11,-17,12,-17,12,-16,12,-16,13,-16,13,-15,14,-15,14,-14,15,-14,15,-14,16,-13,16,-13,16]"
CSI_DATA,99526,d8:b1:90:db:e8:90,-55,11,1,7,0,0,1,0,0,0,1,-93,0,4,0,1510342962,0,100,0,128,1,"[100,-64,5,0,-20,8,-20,9,-19,9,-19,10,-19,10,-18,11,-18,11,-17,12,-17,12,-17,12,-17,13,-17,14,-18,14,-18,15,-19,15,-19,15,-20,15,-20,14,-20,14,-21,12,-22,12,-22,11,-22,11,-22,9,-22,7,-6,1,0,0,0,0,0,0,0,0,0,0,0,0,0,0,0,0,0,0,-5,0,-19,2,-19,1,-20,0,-20,0,-21,-1,-21,-1,-21,-1,-22,-1,-22,-1,-22,-1,-22,-1,-22,-1,-22,-1,-22,-1,-22,-1,-22,0,-22,0,-21,1,-21,2,-21,2,-21,3,-21,4,-22,5,-22,6,-21,6,-20,7]"
CSI_DATA,99527,d8:b1:90:db:e8:90,-61,11,1,7,0,0,1,0,0,0,1,-93,0,4,0,1510353920,0,100,0,128,1,"[100,-64,5,0,-13,7,-12,7,-14,7,-17,9,-19,9,-19,9,-9,5,12,-4,22,-9,22,-9,23,-11,24,-13,25,-14,26,-14,26,-15,26,-18,27,-19,27,-18,27,-17,26,-17,26,-15,26,-14,26,-13,27,-13,28,-11,7,-3,0,0,0,0,0,0,0,0,0,0,0,0,0,0,0,0,0,0,-3,4,-10,18,-10,17,-9,15,-9,14,-9,14,-9,14,-9,14,-9,14,-10,14,-10,14,-10,14,-10,14,-10,14,-11,13,-13,11,-13,11,-13,11,-11,12,-8,14,-6,15,-6,16,-6,14,-8,10,-9,9,-9,10,-10,11]"
CSI_DATA,99528,d8:b1:90:db:e8:90,-61,11,1,7,0,0,1,0,0,0,1,-93,0,4,0,1510365122,0,100,0,128,1,"[100,-64,5,0,-14,-6,-14,-6,-15,-7,-18,-9,-19,-10,-19,-10,-10,-4,10,7,19,12,20,12,21,12,24,12,25,12,26,12,27,12,29,10,30,10,29,11,29,11,28,11,27,11,26,12,26,13,26,14,26,16,6,4,0,0,0,0,0,0,0,0,0,0,0,0,0,0,0,0,0,0,-6,0,-22,2,-21,1,-19,1,-18,1,-18,1,-18,0,-18,0,-18,0,-18,0,-18,0,-18,0,-18,0,-18,0,-18,-1,-18,-3,-18,-5,-18,-4,-18,-2,-17,2,-17,4,-18,4,-17,3,-15,0,-14,-2,-14,-2,-15,-2]"
CSI_DATA,99529,d8:b1:90:db:e8:90,-54,11,1,7,0,0,1,0,0,0,1,-93,0,4,0,1510375190,0,100,0,128,1,"[100,-64,5,0,-11,-20,-11,-20,-11,-19,-12,-18,-12,-18,-13,-17,-14,-17,-14,-17,-15,-17,-16,-17,-16,-17,-17,-17,-17,-18,-17,-18,-17,-18,-17,-19,-17,-20,-17,-20,-16,-20,-15,-21,-15,-21,-14,-21,-13,-21,-11,-22,-10,-23,-3,-6,0,0,0,0,0,0,0,0,0,0,0,0,0,0,0,0,0,0,-2,-5,-6,-19,-4,-19,-3,-20,-3,-21,-2,-21,-2,-21,-2,-21,-2,-22,-1,-22,-1,-23,-2,-23,-2,-23,-2,-23,-2,-23,-2,-23,-3,-22,-4,-22,-4,-22,-5,-22,-6,-22,-6,-22,-7,-22,-7,-22,-8,-21,-8,-21,-9,-21]"
CSI_DATA,99530,d8:b1:90:db:e8:90,-54,11,1,7,0,0,1,0,0,0,1,-93,0,4,0,1510397775,0,100,0,128,1,"[100,-64,5,0,8,21,8,21,9,20,9,19,9,19,10,19,11,19,12,19,12,19,13,19,13,19,14,19,14,20,14,20,14,21,13,22,13,22,12,22,11,22,11,23,10,23,9,23,8,23,6,24,5,25,1,6,0,0,0,0,0,0,0,0,0,0,0,0,0,0,0,0,0,0,0,3,2,15,2,17,2,19,2,20,2,21,1,21,1,21,1,22,0,22,0,23,1,23,1,23,0,23,1,23,1,23,1,23,1,22,2,22,3,22,3,22,4,22,5,22,5,22,6,21,7,22,7,22]"
CSI_DATA,99531,d8:b1:90:db:e8:90,-54,11,1,7,0,0,1,0,0,0,1,-93,0,4,0,1510410815,0,100,0,128,1,"[100,-64,5,0,-24,9,-23,9,-22,10,-21,11,-21,12,-21,13,-20,13,-20,14,-20,15,-19,15,-19,16,-20,17,-21,17,-21,17,-21,17,-21,17,-21,17,-22,16,-22,16,-23,15,-24,14,-24,14,-24,13,-25,11,-26,10,-7,2,0,0,0,0,0,0,0,0,0,0,0,0,0,0,0,0,0,0,-6,1,-21,5,-22,3,-22,2,-22,1,-23,1,-23,1,-24,0,-25,0,-25,0,-25,0,-26,0,-26,0,-26,0,-26,0,-26,1,-26,1,-26,2,-25,2,-25,3,-25,3,-25,4,-25,5,-25,6,-25,7,-25,7,-25,8]"
CSI_DATA,99532,d8:b1:90:db:e8:90,-54,11,1,7,0,0,1,0,0,0,1,-93,0,4,0,1510423221,0,100,0,128,1,"[100,-64,5,0,6,-24,6,-24,5,-24,4,-24,3,-24,2,-24,1,-24,1,-25,0,-25,-1,-25,-1,-26,-1,-26,-1,-27,-1,-27,-1,-28,0,-28,0,-28,0,-28,1,-28,2,-28,3,-27,4,-27,5,-27,7,-27,9,-26,2,-7,0,0,0,0,0,0,0,0,0,0,0,0,0,0,0,0,0,0,2,-5,8,-20,9,-20,10,-20,11,-20,11,-20,13,-20,14,-20,14,-21,14,-21,15,-21,15,-21,15,-21,15,-21,14,-21,14,-22,13,-22,13,-22,13,-23,12,-23,12,-23,11,-23,11,-23,10,-24,9,-24,8,-24,8,-24]"
CSI_DATA,99533,d8:b1:90:db:e8:90,-54,11,1,7,0,0,1,0,0,0,1,-93,0,4,0,1510434896,0,100,0,128,1,"[100,-64,5,0,22,2,22,1,21,1,21,0,21,-1,21,-2,21,-2,21,-3,21,-4,21,-4,21,-5,21,-5,22,-5,23,-6,24,-6,24,-5,24,-5,24,-5,24,-4,24,-3,23,-3,24,-2,24,0,24,2,23,3,5,0,0,0,0,0,0,0,0,0,0,0,0,0,0,0,0,0,0,0,5,1,20,5,20,6,19,7,19,8,19,8,20,9,20,9,20,10,21,10,21,10,21,10,21,10,21,10,21,10,21,10,21,9,21,9,21,9,21,8,21,8,22,7,22,7,22,6,22,6,22,5,22,4]"
CSI_DATA,99534,d8:b1:90:db:e8:90,-54,11,1,7,0,0,1,0,0,0,1,-93,0,4,0,1510446663,0,100,0,128,1,"[100,-64,5,0,-17,12,-17,12,-16,12,-15,13,-15,13,-14,14,-13,14,-13,15,-13,15,-12,16,-12,16,-13,17,-13,17,-13,17,-13,17,-14,18,-14,18,-14,18,-15,17,-15,16,-15,15,-16,15,-17,15,-18,14,-19,13,-5,3,0,0,0,0,0,0,0,0,0,0,0,0,0,0,0,0,0,0,-5,2,-17,9,-18,8,-18,7,-18,6,-19,6,-20,6,-20,6,-21,6,-21,6,-21,6,-21,6,-22,6,-21,6,-21,6,-21,6,-21,7,-21,7,-21,7,-20,8,-20,8,-20,8,-20,9,-19,10,-19,10,-19,10,-19,11]"
CSI_DATA,99535,d8:b1:90:db:e8:90,-54,11,1,7,0,0,1,0,0,0,1,-93,0,4,0,1510458239,0,100,0,128,1,"[100,-64,5,0,-12,20,-11,20,-10,20,-10,20,-9,20,-8,21,-7,21,-7,21,-6,21,-6,21,-6,22,-6,23,-5,23,-5,23,-6,24,-6,24,-7,24,-7,24,-8,24,-8,24,-9,23,-10,22,-11,22,-13,22,-14,21,-4,5,0,0,0,0,0,0,0,0,0,0,0,0,0,0,0,0,0,0,-3,4,-13,17,-14,17,-15,16,-15,16,-16,16,-17,16,-18,16,-18,16,-19,17,-19,17,-19,17,-19,17,-19,17,-18,17,-18,17,-18,17,-18,17,-18,17,-17,17,-17,18,-16,18,-16,19,-15,19,-15,19,-14,20,-14,20]"
CSI_DATA,99536,d8:b1:90:db:e8:90,-53,11,1,7,0,0,1,0,0,0,1,-93,0,4,0,1510468666,0,100,0,128,1,"[100,-64,5,0,-11,21,-10,21,-10,21,-9,21,-8,21,-7,21,-6,22,-5,22,-5,22,-5,22,-4,23,-4,23,-4,24,-4,24,-5,24,-6,25,-6,25,-6,25,-7,25,-8,25,-8,24,-9,24,-10,23,-12,23,-13,22,-4,5,0,0,0,0,0,0,0,0,0,0,0,0,0,0,0,0,0,0,-3,4,-12,18,-13,18,-14,17,-14,17,-15,17,-16,17,-16,17,-16,17,-17,17,-17,18,-18,18,-18,18,-18,18,-18,18,-17,17,-17,17,-17,17,-16,18,-15,18,-15,19,-14,20,-14,20,-13,20,-13,21,-12,21,-12,21]"
CSI_DATA,99537,d8:b1:90:db:e8:90,-53,11,1,7,0,0,1,0,0,0,1,-93,0,4,0,1510479865,0,100,0,128,1,"[100,-64,5,0,-22,11,-21,11,-20,12,-19,12,-19,13,-18,14,-18,15,-17,15,-17,16,-16,17,-16,17,-17,18,-17,18,-17,19,-17,19,-18,19,-18,18,-18,18,-19,17,-20,17,-20,16,-21,16,-21,15,-22,14,-23,13,-6,3,0,0,0,0,0,0,0,0,0,0,0,0,0,0,0,0,0,0,-5,2,-20,10,-21,8,-21,7,-22,6,-22,5,-23,5,-24,6,-25,6,-25,6,-25,5,-25,5,-25,5,-25,5,-25,5,-25,4,-25,4,-25,5,-25,6,-25,7,-25,7,-25,8,-24,9,-24,9,-24,9,-24,10,-24,10]"
CSI_DATA,99538,d8:b1:90:db:e8:90,-53,11,1,7,0,0,1,0,0,0,1,-93,0,4,0,1510501194,0,100,0,128,1,"[100,-64,5,0,-21,-6,-21,-5,-21,-5,-21,-4,-21,-3,-20,-2,-20,-1,-20,-1,-20,0,-21,1,-21,1,-22,2,-22,2,-23,2,-23,2,-23,2,-24,1,-24,1,-24,0,-24,-1,-24,-1,-24,-2,-24,-3,-24,-4,-23,-5,-6,-2,0,0,0,0,0,0,0,0,0,0,0,0,0,0,0,0,0,0,-5,-2,-20,-7,-19,-9,-19,-11,-19,-12,-20,-13,-20,-13,-20,-13,-20,-13,-20,-13,-20,-14,-20,-14,-21,-14,-21,-14,-21,-14,-21,-14,-21,-14,-21,-13,-21,-13,-21,-12,-21,-11,-21,-11,-21,-10,-22,-10,-22,-9,-22,-9,-22,-8]"
CSI_DATA,99539,d8:b1:90:db:e8:90,-53,11,1,7,0,0,1,0,0,0,1,-93,0,4,0,1510512685,0,100,0,128,1,"[100,-64,5,0,-23,3,-23,3,-22,4,-21,5,-21,5,-21,6,-21,7,-21,8,-20,9,-20,9,-21,10,-21,11,-21,11,-22,11,-22,11,-22,11,-23,11,-23,10,-23,10,-24,9,-24,8,-24,7,-24,7,-24,5,-24,4,-7,1,0,0,0,0,0,0,0,0,0,0,0,0,0,0,0,0,0,0,-5,0,-20,2,-21,0,-21,-1,-22,-2,-23,-3,-23,-3,-23,-3,-23,-3,-24,-4,-24,-4,-25,-4,-25,-4,-25,-4,-25,-4,-24,-4,-24,-4,-24,-4,-24,-3,-24,-2,-24,-2,-24,-1,-24,-1,-24,0,-25,1,-25,1,-25,2]"
CSI_DATA,99540,d8:b1:90:db:e8:90,-53,11,1,7,0,0,1,0,0,0,1,-93,0,4,0,1510537075,0,100,0,128,1,"[100,-64,5,0,-2,23,-2,22,-1,22,0,22,1,22,2,22,2,22,3,21,4,21,4,21,4,22,5,22,5,23,5,23,5,23,4,24,4,24,4,24,3,24,3,24,2,23,1,23,0,24,-2,24,-4,24,-1,6,0,0,0,0,0,0,0,0,0,0,0,0,0,0,0,0,0,0,-1,4,-2,19,-3,20,-4,20,-5,20,-6,21,-7,21,-7,21,-8,21,-8,22,-9,22,-9,22,-9,22,-9,22,-9,22,-8,22,-8,22,-8,22,-7,22,-7,22,-6,23,-6,23,-5,23,-5,23,-4,23,-4,23,-3,24]"
CSI_DATA,99541,d8:b1:90:db:e8:90,-53,11,1,7,0,0,1,0,0,0,1,-93,0,4,0,1510548831,0,100,0,128,1,"[100,-64,5,0,-11,19,-10,19,-9,19,-8,19,-7,19,-7,20,-6,20,-5,20,-5,21,-4,21,-4,21,-4,22,-3,22,-3,23,-4,23,-4,23,-4,23,-4,23,-5,23,-5,23,-6,22,-7,23,-8,22,-10,22,-11,22,-3,5,0,0,0,0,0,0,0,0,0,0,0,0,0,0,0,0,0,0,-3,4,-11,16,-12,15,-13,15,-13,15,-14,15,-15,15,-15,15,-16,15,-16,15,-17,15,-18,15,-18,15,-18,15,-18,15,-17,15,-17,15,-17,15,-16,16,-15,16,-14,17,-14,18,-14,18,-14,18,-13,19,-12,19,-12,19]"
CSI_DATA,99542,d8:b1:90:db:e8:90,-53,11,1,7,0,0,1,0,0,0,1,-93,0,4,0,1510559164,0,100,0,128,1,"[100,-64,5,0,19,13,19,13,19,12,19,11,19,10,20,9,20,8,21,8,21,7,21,6,22,6,23,6,23,6,23,6,24,7,24,7,24,7,24,8,24,8,23,9,23,9,22,10,22,11,21,13,21,14,5,3,0,0,0,0,0,0,0,0,0,0,0,0,0,0,0,0,0,0,4,3,17,13,16,14,16,15,15,15,15,16,15,17,15,17,15,18,15,18,14,19,14,19,14,20,14,20,14,20,14,20,14,19,15,19,15,18,16,18,17,17,17,17,18,16,18,16,18,15,19,15,19,15]"
CSI_DATA,99543,d8:b1:90:db:e8:90,-51,11,1,7,0,0,1,0,0,0,1,-95,0,4,0,1510573672,0,100,0,128,1,"[100,-64,5,0,-21,-10,-21,-10,-21,-9,-21,-8,-21,-8,-22,-7,-22,-6,-22,-5,-23,-5,-23,-4,-24,-3,-24,-3,-25,-3,-25,-3,-25,-3,-26,-4,-26,-4,-26,-5,-25,-5,-25,-6,-25,-7,-24,-7,-24,-8,-24,-10,-23,-11,-6,-3,0,0,0,0,0,0,0,0,0,0,0,0,0,0,0,0,0,0,-5,-3,-18,-11,-17,-13,-17,-14,-16,-15,-16,-15,-16,-16,-16,-16,-16,-17,-16,-17,-17,-17,-17,-17,-17,-17,-17,-18,-17,-17,-17,-17,-18,-16,-18,-16,-18,-16,-18,-15,-18,-15,-19,-15,-19,-14,-20,-13,-20,-13,-21,-12,-21,-12]"
CSI_DATA,99544,d8:b1:90:db:e8:90,-51,11,1,7,0,0,1,0,0,0,1,-95,0,4,0,1510603945,0,100,0,128,1,"[100,-64,5,0,23,-5,22,-5,22,-6,22,-6,22,-7,22,-8,21,-8,21,-9,21,-10,21,-10,21,-11,21,-11,22,-11,22,-11,23,-11,23,-10,23,-10,23,-9,23,-9,24,-8,24,-7,24,-7,24,-6,24,-4,25,-2,6,-1,0,0,0,0,0,0,0,0,0,0,0,0,0,0,0,0,0,0,4,-1,19,-4,19,-3,19,-2,20,-1,20,-1,21,0,21,1,21,1,22,2,22,2,22,1,23,1,23,2,23,2,23,2,23,1,23,1,23,0,23,0,23,-1,23,-1,23,-2,22,-2,22,-3,23,-4,24,-4]"
CSI_DATA,99545,d8:b1:90:db:e8:90,-51,11,1,7,0,0,1,0,0,0,1,-95,0,4,0,1510617054,0,100,0,128,1,"[100,-64,5,0,-6,-24,-6,-24,-7,-23,-8,-23,-8,-22,-9,-22,-10,-22,-11,-22,-11,-22,-12,-22,-13,-22,-13,-22,-13,-22,-13,-23,-13,-24,-12,-25,-12,-25,-11,-25,-11,-25,-10,-25,-9,-25,-8,-25,-7,-25,-6,-25,-4,-25,-1,-7,0,0,0,0,0,0,0,0,0,0,0,0,0,0,0,0,0,0,-1,-5,-3,-20,-2,-20,-1,-21,0,-21,0,-21,1,-22,1,-22,1,-23,2,-23,2,-24,2,-24,2,-24,2,-24,2,-24,2,-24,1,-24,0,-24,0,-24,-1,-24,-2,-24,-2,-24,-3,-25,-3,-25,-4,-24,-4,-25,-4,-25]"
CSI_DATA,99546,d8:b1:90:db:e8:90,-51,11,1,5,0,0,1,0,1,0,0,-95,0,4,0,1510640054,0,100,0,128,1,"[100,-64,5,0,23,4,24,3,26,1,27,-1,27,-3,26,-5,26,-7,25,-9,24,-10,23,-11,22,-12,22,-12,21,-12,21,-11,21,-10,22,-9,22,-9,22,-8,21,-6,20,-5,19,-4,17,-3,16,-2,13,0,11,2,2,0,0,0,0,0,0,0,0,0,0,0,0,0,0,0,0,0,0,0,-4,-5,-16,-18,-16,-18,-16,-19,-16,-18,-16,-17,-16,-16,-15,-14,-13,-13,-11,-12,-9,-11,-7,-10,-4,-9,-2,-8,0,-8,2,-8,3,-8,5,-8,5,-7,6,-7,7,-6,8,-4,9,-3,10,-2,12,0,14,1,16,2]"
CSI_DATA,99547,d8:b1:90:db:e8:90,-52,11,1,7,0,0,1,0,0,0,1,-95,0,4,0,1510651712,0,100,0,128,1,"[100,-64,5,0,7,-21,7,-21,6,-21,6,-21,5,-21,4,-21,3,-21,3,-22,2,-22,2,-22,1,-23,1,-23,1,-23,1,-23,1,-24,1,-24,2,-25,2,-25,2,-24,3,-24,3,-23,4,-23,5,-23,7,-23,8,-23,2,-6,0,0,0,0,0,0,0,0,0,0,0,0,0,0,0,0,0,0,2,-4,8,-16,9,-16,10,-16,11,-16,12,-16,12,-16,13,-16,13,-16,14,-16,14,-16,14,-16,14,-16,14,-16,14,-17,13,-17,13,-17,13,-17,12,-18,12,-19,12,-19,11,-19,11,-20,10,-20,10,-20,9,-20,9,-21]"
CSI_DATA,99548,d8:b1:90:db:e8:90,-52,11,1,7,0,0,1,0,0,0,1,-95,0,4,0,1510670377,0,100,0,128,1,"[100,-64,5,0,-17,-17,-18,-17,-18,-16,-18,-15,-18,-14,-19,-14,-19,-13,-20,-13,-21,-12,-21,-12,-22,-12,-22,-12,-22,-12,-22,-12,-22,-12,-23,-12,-23,-13,-22,-13,-22,-13,-22,-14,-21,-15,-20,-15,-20,-16,-19,-17,-18,-18,-5,-5,0,0,0,0,0,0,0,0,0,0,0,0,0,0,0,0,0,0,-4,-4,-13,-15,-12,-16,-11,-17,-11,-18,-11,-19,-10,-19,-10,-19,-11,-20,-10,-21,-10,-21,-10,-21,-10,-21,-10,-21,-10,-22,-11,-21,-12,-21,-12,-21,-12,-21,-13,-20,-13,-20,-14,-20,-14,-20,-15,-19,-15,-19,-16,-19,-16,-19]"
CSI_DATA,99549,d8:b1:90:db:e8:90,-52,11,1,7,0,0,1,0,0,0,1,-95,0,4,0,1510682472,0,100,0,128,1,"[100,-64,5,0,-8,-24,-8,-24,-9,-23,-9,-22,-10,-22,-11,-21,-12,-21,-12,-21,-13,-21,-14,-21,-14,-21,-14,-21,-14,-21,-15,-21,-15,-21,-15,-22,-15,-22,-14,-23,-14,-23,-13,-23,-13,-23,-12,-24,-11,-24,-9,-25,-8,-25,-2,-7,0,0,0,0,0,0,0,0,0,0,0,0,0,0,0,0,0,0,-2,-5,-6,-20,-5,-20,-4,-21,-3,-21,-2,-22,-2,-22,-2,-23,-1,-23,-1,-24,0,-24,0,-24,0,-24,0,-25,-1,-25,-1,-25,-1,-25,-2,-25,-2,-25,-3,-25,-3,-25,-4,-25,-5,-25,-5,-25,-6,-25,-6,-25,-6,-25]"
CSI_DATA,99550,d8:b1:90:db:e8:90,-52,11,1,7,0,0,1,0,0,0,1,-95,0,4,0,1510703437,0,100,0,128,1,"[100,-64,5,0,-18,17,-18,17,-17,17,-16,17,-16,18,-15,18,-14,18,-13,19,-13,19,-13,20,-12,20,-12,21,-12,21,-12,22,-13,22,-14,22,-15,21,-15,21,-15,20,-16,20,-16,19,-16,18,-17,17,-18,17,-19,16,-5,4,0,0,0,0,0,0,0,0,0,0,0,0,0,0,0,0,0,0,-4,3,-15,13,-16,12,-17,12,-18,11,-19,11,-20,11,-20,10,-21,10,-21,10,-22,10,-22,10,-23,10,-23,10,-22,11,-22,11,-22,11,-22,11,-21,12,-21,13,-21,13,-21,14,-20,14,-20,15,-20,15,-19,16,-19,16]"
CSI_DATA,99551,d8:b1:90:db:e8:90,-52,11,1,7,0,0,1,0,0,0,1,-95,0,4,0,1510717417,0,100,0,128,1,"[100,-64,5,0,-24,-10,-24,-9,-23,-8,-23,-8,-23,-7,-23,-6,-23,-5,-24,-4,-24,-4,-24,-3,-24,-3,-25,-2,-25,-2,-25,-2,-25,-2,-25,-3,-25,-3,-25,-4,-24,-4,-24,-5,-24,-5,-24,-6,-24,-7,-23,-9,-23,-10,-6,-3,0,0,0,0,0,0,0,0,0,0,0,0,0,0,0,0,0,0,-5,-2,-19,-9,-18,-10,-18,-11,-18,-12,-18,-13,-18,-13,-18,-14,-18,-14,-19,-15,-19,-16,-19,-16,-19,-16,-19,-16,-19,-16,-20,-16,-20,-16,-20,-15,-21,-15,-21,-14,-21,-14,-22,-13,-22,-13,-23,-12,-23,-12,-23,-11,-23,-11]"
CSI_DATA,99552,d8:b1:90:db:e8:90,-53,11,1,7,0,0,1,0,0,0,1,-95,0,4,0,1510730783,0,100,0,128,1,"[100,-64,5,0,-12,23,-12,23,-11,23,-10,23,-9,23,-8,23,-7,23,-7,23,-6,23,-5,24,-5,24,-5,25,-5,25,-5,25,-5,25,-5,25,-6,25,-6,25,-6,25,-7,24,-7,24,-8,23,-9,23,-11,23,-13,22,-4,5,0,0,0,0,0,0,0,0,0,0,0,0,0,0,0,0,0,0,-3,4,-10,18,-11,18,-12,18,-13,18,-14,17,-15,18,-16,18,-16,18,-17,18,-17,18,-18,18,-18,18,-18,18,-18,19,-18,19,-18,19,-17,19,-17,20,-17,20,-16,21,-15,21,-15,21,-14,22,-14,22,-13,23,-14,24]"
CSI_DATA,99553,d8:b1:90:db:e8:90,-52,11,1,7,0,0,1,0,0,0,1,-95,0,4,0,1510741164,0,100,0,128,1,"[100,-64,5,0,-5,24,-4,24,-3,23,-2,23,-1,23,-1,23,0,23,1,22,1,22,2,22,2,22,2,23,2,23,2,23,2,24,2,24,2,24,2,24,1,23,0,23,0,23,-1,23,-2,23,-4,24,-6,24,-2,6,0,0,0,0,0,0,0,0,0,0,0,0,0,0,0,0,0,0,-1,4,-4,19,-5,19,-6,19,-7,19,-7,20,-8,20,-8,21,-9,21,-9,21,-10,22,-10,21,-11,21,-11,21,-11,21,-11,22,-10,22,-10,22,-10,22,-9,22,-8,22,-7,23,-7,23,-6,23,-6,24,-6,24,-6,25]"
CSI_DATA,99554,d8:b1:90:db:e8:90,-52,11,1,7,0,0,1,0,0,0,1,-95,0,4,0,1510753602,0,100,0,128,1,"[100,-64,5,0,-17,18,-17,18,-16,18,-15,18,-14,19,-13,19,-12,20,-11,20,-10,20,-10,21,-9,21,-9,22,-9,22,-9,22,-9,22,-9,22,-10,22,-10,22,-10,22,-11,21,-11,21,-12,21,-12,20,-13,19,-15,19,-4,4,0,0,0,0,0,0,0,0,0,0,0,0,0,0,0,0,0,0,-3,3,-13,15,-14,14,-15,14,-16,13,-17,13,-18,13,-18,14,-19,14,-19,14,-20,14,-21,13,-21,13,-21,13,-21,13,-21,13,-21,13,-21,13,-21,14,-20,14,-20,15,-20,16,-20,16,-19,17,-19,17,-19,18,-18,18]"
CSI_DATA,99555,d8:b1:90:db:e8:90,-53,11,1,7,0,0,1,0,0,0,1,-95,0,4,0,1510764062,0,100,0,128,1,"[100,-64,5,0,18,18,18,17,18,16,18,16,19,15,19,14,19,13,20,12,20,11,21,11,21,10,22,10,22,10,22,10,22,10,22,11,22,11,22,11,22,12,21,12,21,12,20,13,19,13,18,14,17,15,4,4,0,0,0,0,0,0,0,0,0,0,0,0,0,0,0,0,0,0,3,3,15,13,14,14,13,16,13,17,13,18,13,19,13,19,13,20,13,20,13,21,13,22,12,22,13,22,13,22,12,22,12,22,13,22,13,22,14,22,14,22,15,21,16,21,16,20,17,20,17,19,17,19]"
CSI_DATA,99556,d8:b1:90:db:e8:90,-52,11,1,7,0,0,1,0,0,0,1,-95,0,4,0,1510775817,0,100,0,128,1,"[100,-64,5,0,11,21,11,21,11,20,12,19,13,19,13,18,13,18,14,17,15,17,15,16,16,16,16,16,16,16,16,17,16,17,16,17,16,17,15,17,14,17,14,18,13,18,13,18,12,19,10,19,9,20,2,5,0,0,0,0,0,0,0,0,0,0,0,0,0,0,0,0,0,0,2,3,9,15,9,16,8,17,8,18,8,19,7,19,7,20,6,20,6,21,6,22,6,23,6,23,5,23,5,23,6,23,6,22,6,22,7,22,7,22,8,22,9,22,9,22,10,23,10,23,10,23,10,22]"
CSI_DATA,99557,d8:b1:90:db:e8:90,-52,11,1,7,0,0,1,0,0,0,1,-95,0,4,0,1510805824,0,100,0,128,1,"[100,-64,5,0,-13,19,-12,19,-11,19,-11,18,-10,18,-9,18,-9,18,-8,18,-7,19,-7,19,-7,19,-7,20,-7,20,-7,20,-7,20,-7,20,-8,20,-8,20,-8,19,-9,19,-9,18,-10,18,-11,17,-12,17,-13,16,-4,4,0,0,0,0,0,0,0,0,0,0,0,0,0,0,0,0,0,0,-3,3,-10,15,-10,14,-11,14,-11,14,-12,14,-13,14,-14,15,-15,15,-15,16,-16,16,-16,15,-17,15,-17,15,-17,15,-17,15,-17,15,-17,15,-16,16,-16,17,-15,17,-15,18,-15,18,-14,19,-14,19,-14,19,-14,19]"
CSI_DATA,99558,d8:b1:90:db:e8:90,-52,11,1,7,0,0,1,0,0,0,1,-95,0,4,0,1510817208,0,100,0,128,1,"[100,-64,5,0,1,-26,0,-25,0,-25,-1,-24,-2,-24,-2,-23,-3,-23,-4,-23,-5,-22,-5,-22,-6,-23,-7,-23,-6,-23,-6,-23,-6,-23,-6,-23,-6,-23,-5,-23,-5,-23,-4,-24,-3,-24,-3,-24,-2,-24,-1,-24,1,-23,0,-6,0,0,0,0,0,0,0,0,0,0,0,0,0,0,0,0,0,0,0,-5,0,-20,1,-21,2,-21,3,-21,4,-22,4,-22,5,-22,6,-23,6,-23,6,-24,7,-24,7,-25,7,-25,7,-25,7,-24,7,-24,6,-24,6,-25,5,-25,5,-25,4,-26,4,-26,3,-26,2,-26,2,-26,2,-26]"
CSI_DATA,99559,d8:b1:90:db:e8:90,-52,11,1,7,0,0,1,0,0,0,1,-95,0,4,0,1510827454,0,100,0,128,1,"[100,-64,5,0,-26,0,-25,0,-25,0,-24,1,-24,2,-23,3,-23,4,-22,4,-22,5,-22,6,-22,6,-23,7,-23,7,-23,7,-23,7,-23,6,-23,6,-23,6,-23,5,-24,4,-24,4,-24,3,-24,2,-23,1,-23,0,-6,-1,0,0,0,0,0,0,0,0,0,0,0,0,0,0,0,0,0,0,-5,0,-20,0,-21,-1,-21,-2,-21,-3,-22,-4,-22,-4,-23,-4,-23,-5,-24,-5,-24,-6,-24,-6,-25,-6,-25,-7,-25,-7,-24,-7,-24,-7,-24,-6,-25,-6,-25,-5,-26,-4,-26,-4,-26,-3,-26,-2,-26,-2,-26,-2,-25,-1]"
CSI_DATA,99560,d8:b1:90:db:e8:90,-52,11,1,7,0,0,1,0,0,0,1,-95,0,4,0,1510838915,0,100,0,128,1,"[100,-64,5,0,-2,-26,-2,-25,-3,-25,-4,-25,-5,-25,-6,-24,-6,-24,-7,-23,-7,-23,-8,-23,-9,-23,-9,-23,-9,-23,-9,-23,-9,-23,-9,-23,-9,-23,-9,-24,-8,-24,-8,-24,-7,-24,-6,-24,-5,-24,-4,-25,-3,-25,-1,-7,0,0,0,0,0,0,0,0,0,0,0,0,0,0,0,0,0,0,-1,-5,-3,-20,-2,-21,-1,-22,0,-22,0,-23,1,-23,1,-24,2,-25,2,-25,3,-26,3,-26,4,-26,4,-27,4,-27,4,-26,3,-26,3,-26,3,-26,2,-27,2,-27,1,-27,1,-27,0,-27,-1,-27,-1,-27,-1,-28]"
CSI_DATA,99561,d8:b1:90:db:e8:90,-52,11,1,7,0,0,1,0,0,0,1,-95,0,4,0,1510849853,0,100,0,128,1,"[100,-64,5,0,-5,-25,-6,-24,-6,-23,-7,-23,-8,-22,-9,-22,-9,-21,-9,-21,-10,-20,-11,-20,-12,-20,-12,-21,-13,-21,-12,-21,-12,-21,-12,-21,-12,-21,-11,-21,-11,-21,-11,-22,-10,-22,-10,-22,-9,-23,-7,-24,-6,-24,-2,-6,0,0,0,0,0,0,0,0,0,0,0,0,0,0,0,0,0,0,-2,-5,-6,-19,-5,-19,-4,-20,-4,-21,-3,-22,-2,-22,-2,-23,-2,-23,-1,-24,-1,-25,-1,-25,-1,-25,-1,-26,-1,-26,-1,-26,-1,-25,-1,-25,-2,-25,-2,-26,-2,-26,-3,-26,-3,-26,-4,-26,-5,-26,-5,-26,-5,-26]"
CSI_DATA,99562,d8:b1:90:db:e8:90,-52,11,1,7,0,0,1,0,0,0,1,-95,0,4,0,1510861445,0,100,0,128,1,"[100,-64,5,0,22,4,22,3,22,3,22,2,22,2,22,1,21,0,21,-1,21,-2,21,-2,21,-3,21,-3,21,-3,22,-4,22,-3,22,-3,22,-2,22,-2,22,-2,22,-1,22,-1,21,0,21,1,20,3,20,4,5,1,0,0,0,0,0,0,0,0,0,0,0,0,0,0,0,0,0,0,4,0,17,2,17,3,18,4,18,4,18,5,19,6,19,6,20,7,20,7,21,8,21,8,21,9,22,9,22,9,22,8,21,8,22,8,22,8,22,7,22,7,23,6,23,6,23,5,23,5,23,5,23,4]"
CSI_DATA,99563,d8:b1:90:db:e8:90,-51,11,1,7,0,0,1,0,0,0,1,-95,0,4,0,1510878068,0,100,0,128,1,"[100,-64,5,0,19,13,19,13,19,12,19,12,20,11,20,10,20,9,20,9,20,8,20,8,21,7,21,7,21,7,22,7,22,7,22,8,22,8,21,8,21,8,21,9,20,9,20,10,19,11,18,12,17,13,4,3,0,0,0,0,0,0,0,0,0,0,0,0,0,0,0,0,0,0,4,2,15,10,15,11,14,12,14,13,14,13,15,14,15,15,15,15,15,16,16,17,16,17,16,18,16,18,16,18,16,18,16,18,16,18,17,18,17,17,18,17,18,16,19,16,19,16,19,16,19,15,20,15]"
CSI_DATA,99564,d8:b1:90:db:e8:90,-51,11,1,7,0,0,1,0,0,0,1,-95,0,4,0,1510908453,0,100,0,128,1,"[100,-64,5,0,0,26,1,26,2,25,3,25,4,25,5,24,5,24,5,24,6,23,7,23,8,23,8,24,9,24,9,24,9,24,9,24,8,24,8,24,8,24,7,25,7,25,6,25,4,25,2,25,1,26,0,6,0,0,0,0,0,0,0,0,0,0,0,0,0,0,0,0,0,0,0,5,3,20,2,20,0,21,-1,22,-1,22,-2,23,-3,23,-3,23,-4,24,-4,25,-6,25,-6,25,-6,25,-6,25,-6,25,-5,25,-5,25,-4,26,-4,26,-3,27,-2,27,-2,27,-2,27,-1,27,-1,27,-1,28]"
CSI_DATA,99565,d8:b1:90:db:e8:90,-51,11,1,7,0,0,1,0,0,0,1,-95,0,4,0,1510921030,0,100,0,128,1,"[100,-64,5,0,-22,-11,-22,-10,-22,-9,-22,-9,-22,-8,-22,-7,-22,-6,-22,-5,-22,-5,-23,-4,-23,-4,-24,-3,-24,-3,-24,-3,-24,-3,-24,-4,-24,-4,-24,-5,-24,-5,-24,-6,-24,-6,-23,-7,-23,-8,-22,-10,-22,-11,-6,-3,0,0,0,0,0,0,0,0,0,0,0,0,0,0,0,0,0,0,-5,-3,-19,-9,-18,-10,-18,-11,-17,-12,-18,-13,-18,-13,-18,-14,-19,-15,-19,-15,-19,-16,-19,-16,-19,-16,-19,-16,-19,-16,-20,-16,-20,-16,-21,-16,-21,-15,-21,-15,-21,-14,-21,-14,-22,-14,-22,-13,-22,-13,-23,-13,-22,-13]"
CSI_DATA,99566,d8:b1:90:db:e8:90,-51,11,1,7,0,0,1,0,0,0,1,-95,0,4,0,1510936582,0,100,0,128,1,"[100,-64,5,0,-23,-10,-23,-9,-23,-9,-23,-8,-23,-7,-23,-6,-23,-5,-23,-4,-23,-3,-23,-3,-24,-2,-25,-2,-25,-2,-25,-2,-25,-2,-25,-2,-25,-3,-25,-3,-24,-4,-24,-4,-24,-5,-24,-5,-23,-6,-23,-8,-23,-9,-6,-3,0,0,0,0,0,0,0,0,0,0,0,0,0,0,0,0,0,0,-5,-2,-19,-9,-18,-10,-18,-11,-18,-11,-18,-12,-18,-12,-18,-13,-19,-13,-19,-14,-19,-15,-19,-15,-19,-15,-19,-16,-20,-16,-20,-16,-21,-15,-21,-15,-21,-15,-21,-14,-21,-13,-22,-13,-22,-13,-23,-12,-23,-12,-23,-12,-23,-11]"
CSI_DATA,99567,d8:b1:90:db:e8:90,-52,11,1,7,0,0,1,0,0,0,1,-95,0,4,0,1510950584,0,100,0,128,1,"[100,-64,5,0,1,-23,0,-23,0,-22,0,-23,-1,-23,-2,-22,-2,-22,-3,-22,-4,-22,-5,-22,-5,-22,-5,-22,-5,-22,-5,-22,-5,-23,-5,-24,-5,-24,-5,-24,-5,-24,-4,-24,-3,-24,-2,-24,-1,-23,0,-23,1,-23,0,-6,0,0,0,0,0,0,0,0,0,0,0,0,0,0,0,0,0,0,-1,4,-2,18,-3,18,-4,18,-5,19,-5,19,-6,20,-8,20,-8,20,-9,20,-9,21,-9,21,-9,21,-9,21,-10,21,-11,20,-11,20,-11,21,-6,10,4,-12,8,-23,7,-23,7,-23,6,-23,5,-23,5,-24,4,-24]"
CSI_DATA,99568,d8:b1:90:db:e8:90,-51,11,1,6,0,0,1,0,0,0,1,-95,0,4,0,1510963835,0,100,0,128,1,"[100,-64,5,0,-14,20,-13,21,-13,22,-12,22,-9,21,-9,20,-10,21,-8,21,-8,20,-8,20,-7,20,-6,21,-6,22,-6,21,-6,20,-6,22,-6,23,-6,22,-6,22,-7,22,-9,22,-9,22,-9,22,-11,20,-14,19,-4,4,0,0,0,0,0,0,0,0,0,0,0,0,0,0,0,0,0,0,-3,4,-11,16,-12,16,-13,16,-13,16,-14,16,-14,16,-14,15,-15,16,-16,17,-17,17,-19,17,-18,16,-18,16,-18,15,-18,15,-17,16,-17,17,-18,19,-17,19,-16,19,-15,19,-15,19,-17,20,-15,20,-14,20,-16,21]"
CSI_DATA,99569,d8:b1:90:db:e8:90,-52,11,1,6,0,0,1,0,0,0,1,-95,0,4,0,1510975530,0,100,0,128,1,"[100,-64,5,0,26,1,26,0,25,-1,25,-2,25,-2,24,-3,24,-4,23,-5,23,-5,23,-6,24,-7,24,-7,24,-7,24,-7,25,-7,25,-7,25,-7,25,-6,25,-6,26,-5,26,-4,26,-3,25,-2,25,1,24,3,6,0,0,0,0,0,0,0,0,0,0,0,0,0,0,0,0,0,0,0,5,-1,22,0,22,1,22,2,23,3,23,3,24,4,24,4,24,4,25,5,25,6,25,6,25,6,25,7,25,7,26,6,25,6,26,6,26,5,26,4,26,4,27,3,27,3,27,3,27,2,27,2,27,2]"
CSI_DATA,99570,d8:b1:90:db:e8:90,-51,11,1,7,0,0,1,0,0,0,1,-95,0,4,0,1510986592,0,100,0,128,1,"[100,-64,5,0,21,-12,20,-12,19,-13,19,-13,18,-13,17,-14,17,-14,16,-15,16,-16,15,-16,15,-17,15,-17,15,-18,15,-19,16,-19,17,-19,17,-18,17,-18,17,-18,17,-17,17,-17,18,-15,19,-15,19,-14,20,-12,5,-3,0,0,0,0,0,0,0,0,0,0,0,0,0,0,0,0,0,0,4,-3,16,-11,17,-10,18,-8,19,-7,19,-7,20,-7,21,-6,22,-6,23,-6,23,-6,23,-5,23,-5,23,-5,23,-5,23,-5,23,-5,24,-6,23,-7,23,-7,23,-8,22,-8,23,-9,22,-10,22,-10,22,-10,22,-11]"
CSI_DATA,99571,d8:b1:90:db:e8:90,-51,11,1,7,0,0,1,0,0,0,1,-95,0,4,0,1511014002,0,100,0,128,1,"[100,-64,5,0,-11,22,-10,21,-9,21,-8,21,-7,21,-6,21,-6,21,-5,21,-4,21,-4,21,-3,22,-3,23,-3,23,-2,24,-3,24,-4,23,-4,24,-5,24,-5,23,-6,23,-7,23,-7,22,-8,22,-10,21,-11,21,-3,5,0,0,0,0,0,0,0,0,0,0,0,0,0,0,0,0,0,0,-3,4,-9,18,-10,18,-11,18,-11,17,-12,17,-13,18,-14,18,-15,18,-15,18,-16,18,-16,18,-17,18,-17,18,-16,19,-16,19,-16,19,-16,19,-15,19,-15,20,-15,20,-14,21,-14,21,-13,21,-13,21,-12,22,-12,22]"
CSI_DATA,99572,d8:b1:90:db:e8:90,-52,11,1,7,0,0,1,0,0,0,1,-95,0,4,0,1511025158,0,100,0,128,1,"[100,-64,5,0,-13,15,-12,15,-11,15,-10,15,-10,15,-9,16,-8,16,-8,16,-8,17,-7,17,-7,17,-7,17,-7,18,-7,18,-7,18,-7,18,-7,18,-8,18,-8,18,-9,18,-9,17,-9,17,-10,17,-12,16,-13,15,-4,3,0,0,0,0,0,0,0,0,0,0,0,0,0,0,0,0,0,0,-3,3,-10,13,-11,13,-12,12,-12,11,-13,11,-14,11,-14,11,-15,11,-15,11,-16,11,-16,11,-16,11,-16,11,-16,12,-16,12,-16,12,-16,12,-16,13,-15,13,-14,13,-14,14,-14,14,-14,14,-14,14,-13,15,-13,15]"
CSI_DATA,99573,d8:b1:90:db:e8:90,-52,11,1,7,0,0,1,0,0,0,1,-95,0,4,0,1511051043,0,100,0,128,1,"[100,-64,5,0,6,22,6,21,7,21,7,20,8,19,9,19,10,18,10,18,11,18,11,18,12,18,13,18,13,18,13,19,13,19,13,19,13,20,12,20,12,20,11,20,10,20,9,20,8,21,7,22,5,23,1,5,0,0,0,0,0,0,0,0,0,0,0,0,0,0,0,0,0,0,1,4,6,19,5,19,4,19,3,19,2,20,2,21,1,21,1,22,0,23,0,23,0,23,0,24,0,24,0,24,0,23,0,23,1,23,1,23,2,23,2,23,3,23,3,23,4,22,4,22,4,22,5,23]"
CSI_DATA,99574,d8:b1:90:db:e8:90,-52,11,1,7,0,0,1,0,0,0,1,-95,0,4,0,1511061045,0,100,0,128,1,"[100,-64,5,0,-3,20,-2,19,1,18,1,18,2,18,3,18,3,18,3,18,4,17,4,16,5,17,5,18,5,18,6,19,6,19,8,18,7,18,6,18,5,18,4,18,4,18,3,18,2,18,1,19,-1,19,-1,4,0,0,0,0,0,0,0,0,0,0,0,0,0,0,0,0,0,0,-2,4,-5,16,-5,16,-5,17,-5,18,-4,18,-5,18,-7,16,-7,16,-7,17,-6,19,-7,19,-8,18,-7,18,-7,19,-8,18,-8,19,-7,19,-5,19,-5,19,-6,18,-5,19,-5,20,-3,20,-2,20,-3,19,-1,18]"
CSI_DATA,99575,d8:b1:90:db:e8:90,-51,11,1,7,0,0,1,0,0,0,1,-95,0,4,0,1511072445,0,100,0,128,1,"[100,-64,5,0,18,16,18,15,18,14,19,13,19,12,19,12,20,11,20,10,20,10,20,9,21,9,21,9,22,9,22,9,22,9,23,10,23,10,23,11,22,11,21,12,20,12,20,13,19,14,18,15,17,16,4,4,0,0,0,0,0,0,0,0,0,0,0,0,0,0,0,0,0,0,4,3,16,13,15,14,14,15,14,16,14,16,14,17,14,17,14,18,14,18,14,19,14,19,14,19,14,19,14,20,14,20,14,19,15,19,15,19,16,18,16,18,16,17,17,17,17,17,17,17,17,17,18,17]"
CSI_DATA,99576,d8:b1:90:db:e8:90,-51,11,1,7,0,0,1,0,0,0,1,-95,0,4,0,1511084244,0,100,0,128,1,"[100,-64,5,0,-6,23,-6,23,-5,22,-4,22,-3,22,-2,22,-1,22,-1,22,0,22,0,22,1,22,1,23,1,23,1,23,1,24,1,24,0,25,0,25,-1,25,-1,24,-2,24,-3,23,-4,23,-6,23,-7,23,-2,5,0,0,0,0,0,0,0,0,0,0,0,0,0,0,0,0,0,0,-2,5,-5,20,-6,20,-7,20,-8,20,-9,20,-10,20,-10,21,-10,21,-11,21,-11,21,-11,21,-12,21,-12,22,-12,22,-12,22,-11,22,-11,22,-11,22,-10,22,-9,22,-8,23,-8,23,-8,23,-8,23,-8,23,-7,24]"
CSI_DATA,99577,d8:b1:90:db:e8:90,-52,11,1,7,0,0,1,0,0,0,1,-95,0,4,0,1511113962,0,100,0,128,1,"[100,-64,5,0,12,-16,11,-16,10,-16,10,-16,9,-17,8,-17,8,-17,7,-17,7,-18,6,-18,6,-18,6,-19,6,-19,7,-20,7,-20,8,-20,8,-21,8,-20,9,-20,9,-19,10,-18,10,-18,11,-17,12,-17,13,-16,3,-4,0,0,0,0,0,0,0,0,0,0,0,0,0,0,0,0,0,0,2,-4,10,-15,11,-14,12,-14,12,-13,13,-13,14,-13,14,-13,15,-13,15,-13,16,-13,15,-13,16,-13,16,-13,16,-13,16,-13,16,-14,16,-14,15,-14,15,-15,15,-15,15,-16,14,-16,13,-16,13,-16,13,-16,13,-16]"
CSI_DATA,99578,d8:b1:90:db:e8:90,-51,11,1,7,0,0,1,0,0,0,1,-95,0,4,0,1511125359,0,100,0,128,1,"[100,-64,5,0,-17,-18,-17,-17,-17,-16,-18,-16,-18,-15,-19,-14,-19,-14,-20,-13,-20,-12,-21,-12,-21,-11,-22,-11,-22,-11,-23,-11,-23,-12,-23,-12,-22,-13,-22,-13,-21,-13,-21,-14,-20,-14,-20,-15,-19,-15,-18,-16,-17,-17,-4,-5,0,0,0,0,0,0,0,0,0,0,0,0,0,0,0,0,0,0,-4,-4,-15,-16,-14,-17,-13,-19,-12,-20,-12,-20,-11,-21,-11,-21,-11,-21,-11,-22,-11,-22,-11,-23,-11,-23,-11,-23,-11,-23,-11,-23,-12,-23,-12,-23,-12,-23,-13,-22,-14,-22,-14,-22,-15,-21,-15,-21,-16,-20,-16,-20,-16,-20]"
CSI_DATA,99579,d8:b1:90:db:e8:90,-51,11,1,7,0,0,1,0,0,0,1,-95,0,4,0,1511140047,0,100,0,128,1,"[100,-64,5,0,-15,19,-15,19,-14,19,-12,19,-11,19,-11,20,-10,20,-9,21,-9,21,-8,21,-8,22,-8,22,-8,23,-7,24,-8,23,-8,23,-9,23,-9,23,-10,23,-11,22,-12,22,-12,21,-13,20,-14,19,-16,18,-4,4,0,0,0,0,0,0,0,0,0,0,0,0,0,0,0,0,0,0,-4,4,-15,16,-16,16,-17,15,-17,14,-18,14,-19,14,-19,14,-20,14,-20,15,-21,15,-21,14,-21,14,-21,15,-21,14,-21,14,-21,14,-20,14,-20,15,-20,16,-19,16,-19,17,-18,17,-18,18,-17,18,-17,18,-17,19]"
CSI_DATA,99580,d8:b1:90:db:e8:90,-51,11,1,7,0,0,1,0,0,0,1,-95,0,4,0,1511152793,0,100,0,128,1,"[100,-64,5,0,-15,-19,-16,-18,-16,-17,-17,-16,-17,-16,-17,-15,-18,-15,-18,-14,-19,-13,-20,-13,-21,-12,-21,-12,-22,-12,-22,-12,-22,-13,-21,-13,-21,-14,-21,-14,-20,-15,-19,-15,-19,-16,-18,-16,-18,-17,-17,-18,-16,-20,-4,-5,0,0,0,0,0,0,0,0,0,0,0,0,0,0,0,0,0,0,-4,-5,-13,-17,-12,-18,-11,-19,-10,-20,-10,-20,-10,-21,-10,-21,-10,-21,-10,-22,-10,-22,-10,-23,-10,-23,-10,-23,-10,-23,-9,-23,-9,-23,-10,-22,-10,-22,-11,-22,-12,-22,-12,-22,-13,-22,-14,-21,-14,-20,-15,-20,-15,-21]"
CSI_DATA,99581,d8:b1:90:db:e8:90,-51,11,1,7,0,0,1,0,0,0,1,-95,0,4,0,1511163974,0,100,0,128,1,"[100,-64,5,0,-12,21,-11,22,-10,22,-9,21,-8,21,-7,21,-6,21,-6,22,-5,22,-5,22,-5,23,-4,23,-4,24,-4,25,-4,24,-5,24,-5,24,-6,24,-7,23,-8,23,-8,23,-9,23,-10,23,-11,22,-13,21,-4,5,0,0,0,0,0,0,0,0,0,0,0,0,0,0,0,0,0,0,-3,4,-12,17,-13,17,-14,17,-14,17,-15,17,-15,17,-16,17,-17,17,-17,17,-18,17,-18,17,-18,17,-18,17,-18,18,-18,18,-18,18,-18,18,-17,19,-17,19,-16,19,-16,19,-15,20,-15,20,-14,20,-14,21,-13,21]"
CSI_DATA,99582,d8:b1:90:db:e8:90,-51,11,1,7,0,0,1,0,0,0,1,-95,0,4,0,1511175122,0,100,0,128,1,"[100,-64,5,0,2,23,2,23,3,22,4,21,5,21,6,21,7,20,7,20,8,20,8,20,9,20,9,21,9,21,10,21,9,22,9,22,8,22,8,22,7,22,6,23,6,23,5,23,4,23,2,23,0,23,0,5,0,0,0,0,0,0,0,0,0,0,0,0,0,0,0,0,0,0,0,5,0,20,-1,20,-1,20,-2,21,-3,21,-3,21,-3,22,-3,22,-4,23,-4,23,-4,23,-4,23,-4,23,-4,23,-4,24,-4,24,-4,23,-3,24,-3,24,-2,24,-2,24,-1,24,-1,24,0,24,0,24,1,24]"
CSI_DATA,99583,d8:b1:90:db:e8:90,-52,11,1,7,0,0,1,0,0,0,1,-95,0,4,0,1511186222,0,100,0,128,1,"[100,-64,5,0,18,-2,18,-2,18,-3,18,-4,17,-4,17,-5,17,-6,17,-6,17,-7,17,-8,17,-8,17,-8,17,-9,18,-9,18,-9,19,-8,19,-8,19,-8,19,-7,18,-7,18,-6,18,-6,18,-5,19,-3,19,-2,4,-1,0,0,0,0,0,0,0,0,0,0,0,0,0,0,0,0,0,0,4,-1,16,-1,16,0,16,1,17,2,17,2,17,3,18,3,18,3,18,3,18,4,19,4,19,4,19,4,19,4,19,4,19,4,19,3,19,3,19,3,19,3,19,2,19,2,19,1,19,1,19,0,20,0]"
CSI_DATA,99584,d8:b1:90:db:e8:90,-51,11,1,7,0,0,1,0,0,0,1,-95,0,4,0,1511216937,0,100,0,128,1,"[100,-64,5,0,21,-10,20,-10,20,-11,19,-11,19,-12,18,-13,18,-13,18,-14,17,-15,17,-16,17,-16,17,-16,17,-16,17,-17,18,-17,18,-16,19,-16,19,-15,19,-15,20,-14,21,-14,21,-12,21,-11,22,-10,22,-8,5,-2,0,0,0,0,0,0,0,0,0,0,0,0,0,0,0,0,0,0,4,-3,19,-9,19,-8,20,-7,20,-7,21,-6,21,-6,22,-5,22,-5,23,-5,23,-4,23,-4,23,-4,24,-4,24,-4,23,-4,23,-5,23,-5,23,-6,23,-6,23,-7,23,-7,23,-8,22,-8,22,-9,22,-9,22,-10]"
CSI_DATA,99585,d8:b1:90:db:e8:90,-52,11,1,7,0,0,1,0,0,0,1,-95,0,4,0,1511228473,0,100,0,128,1,"[100,-64,5,0,15,-12,14,-12,14,-13,14,-13,14,-13,13,-14,13,-14,12,-14,12,-15,12,-15,12,-16,12,-16,12,-16,13,-16,13,-16,14,-16,14,-16,14,-16,15,-15,15,-14,15,-13,15,-12,16,-12,16,-11,17,-10,4,-3,0,0,0,0,0,0,0,0,0,0,0,0,0,0,0,0,0,0,3,-2,14,-8,14,-8,14,-7,15,-7,15,-6,16,-6,17,-6,17,-6,17,-6,18,-6,18,-6,18,-6,18,-6,18,-6,18,-6,17,-6,18,-7,18,-7,17,-8,17,-9,17,-9,16,-10,16,-10,16,-11,16,-11,16,-11]"
CSI_DATA,99586,d8:b1:90:db:e8:90,-51,11,1,7,0,0,1,0,0,0,1,-95,0,4,0,1511242806,0,100,0,128,1,"[100,-64,5,0,-18,15,-18,16,-17,16,-16,17,-15,18,-15,18,-14,18,-13,19,-13,19,-12,19,-12,20,-12,20,-13,21,-13,22,-13,22,-13,22,-13,21,-14,21,-14,21,-15,20,-16,19,-16,18,-17,18,-18,17,-19,16,-5,3,0,0,0,0,0,0,0,0,0,0,0,0,0,0,0,0,0,0,-5,3,-17,13,-18,12,-19,11,-19,11,-20,10,-21,10,-21,10,-21,10,-22,10,-22,10,-23,10,-22,10,-22,10,-22,10,-22,10,-22,11,-22,11,-21,12,-21,12,-20,12,-20,13,-20,14,-20,14,-20,15,-20,15,-20,16]"
CSI_DATA,99587,d8:b1:90:db:e8:90,-51,11,1,7,0,0,1,0,0,0,1,-95,0,4,0,1511254691,0,100,0,128,1,"[100,-64,5,0,-23,7,-23,8,-22,8,-22,9,-21,10,-21,10,-21,11,-20,12,-20,12,-20,13,-20,14,-20,14,-21,15,-21,15,-21,15,-22,15,-22,14,-22,13,-22,12,-22,11,-23,11,-22,10,-23,9,-23,8,-24,6,-6,1,0,0,0,0,0,0,0,0,0,0,0,0,0,0,0,0,0,0,-5,1,-20,6,-21,5,-21,4,-22,3,-22,3,-23,2,-23,2,-23,2,-24,1,-24,1,-24,1,-24,1,-24,1,-24,1,-24,1,-24,2,-24,2,-24,3,-24,3,-24,4,-24,4,-24,5,-24,5,-25,6,-25,7,-25,7]"
CSI_DATA,99588,d8:b1:90:db:e8:90,-51,11,1,7,0,0,1,0,0,0,1,-95,0,4,0,1511265875,0,100,0,128,1,"[100,-64,5,0,11,20,11,18,11,17,12,17,13,18,14,17,16,15,16,15,16,16,17,17,19,16,18,16,18,16,18,17,18,18,18,18,18,17,16,17,14,17,15,18,15,17,14,17,13,17,12,19,10,20,2,4,0,0,0,0,0,0,0,0,0,0,0,0,0,0,0,0,0,0,1,4,5,18,6,17,6,17,5,18,3,19,4,20,6,21,5,22,4,22,3,21,3,19,3,22,3,23,5,22,6,22,6,22,5,23,5,22,5,21,6,21,8,22,9,21,10,20,10,21,10,22,12,22]"
CSI_DATA,99589,d8:b1:90:db:e8:90,-52,11,1,7,0,0,1,0,0,0,1,-95,0,4,0,1511277669,0,100,0,128,1,"[100,-64,5,0,14,13,15,12,15,12,15,11,15,10,15,9,16,9,16,9,16,9,17,8,17,8,17,8,18,8,18,8,18,9,18,9,18,9,17,10,17,10,16,11,16,11,15,12,14,13,13,14,12,14,3,3,0,0,0,0,0,0,0,0,0,0,0,0,0,0,0,0,0,0,2,2,10,11,10,12,9,13,9,13,9,14,9,14,9,14,9,15,9,15,9,15,9,16,9,16,9,16,10,16,10,16,10,16,11,16,11,16,11,16,12,15,12,15,13,15,13,14,13,14,14,14,14,14]"
CSI_DATA,99590,d8:b1:90:db:e8:90,-51,11,1,7,0,0,1,0,0,0,1,-95,0,4,0,1511288698,0,100,0,128,1,"[100,-64,5,0,-1,24,-1,24,0,24,1,23,2,22,3,22,3,22,4,23,5,23,5,23,6,23,6,24,6,24,6,24,6,25,6,25,5,25,5,25,4,25,3,25,2,25,1,24,0,24,-1,24,-3,24,-1,6,0,0,0,0,0,0,0,0,0,0,0,0,0,0,0,0,0,0,-1,4,-5,19,-6,19,-7,19,-7,19,-8,20,-8,20,-8,20,-8,20,-8,21,-9,21,-9,22,-9,22,-9,22,-9,23,-8,23,-8,23,-8,23,-7,23,-7,23,-6,24,-5,24,-5,24,-4,25,-3,25,-3,25,-3,25]"
CSI_DATA,99591,d8:b1:90:db:e8:90,-52,11,1,7,0,0,1,0,0,0,1,-95,0,4,0,1511320865,0,100,0,128,1,"[100,-64,5,0,20,-1,19,-1,19,-2,19,-2,19,-3,19,-4,19,-5,19,-5,19,-6,19,-6,19,-6,19,-7,20,-7,20,-7,20,-7,20,-6,20,-5,20,-5,20,-5,21,-4,21,-3,21,-3,21,-1,20,0,20,1,5,0,0,0,0,0,0,0,0,0,0,0,0,0,0,0,0,0,0,0,4,0,16,1,16,2,16,3,16,3,17,4,17,4,17,4,18,4,18,5,18,5,18,6,18,6,18,6,18,5,19,5,19,4,19,4,19,4,19,4,20,3,20,3,20,2,20,2,20,1,20,1,20,1]"
CSI_DATA,99592,d8:b1:90:db:e8:90,-51,11,1,7,0,0,1,0,0,0,1,-95,0,4,0,1511333645,0,100,0,128,1,"[100,-64,5,0,22,15,22,14,23,13,23,12,23,11,23,10,24,9,23,9,23,8,24,7,24,7,25,7,26,8,26,8,26,8,26,9,26,9,25,10,25,10,25,11,24,11,23,12,22,13,21,15,19,17,4,4,0,0,0,0,0,0,0,0,0,0,0,0,0,0,0,0,0,0,4,3,16,12,16,14,15,15,15,15,15,16,15,17,15,17,15,18,15,18,16,19,16,19,16,19,16,20,16,20,16,20,17,19,18,19,18,19,19,19,19,18,20,18,20,18,21,17,21,16,22,16,22,16]"
CSI_DATA,99593,d8:b1:90:db:e8:90,-51,11,1,7,0,0,1,0,0,0,1,-95,0,4,0,1511348199,0,100,0,128,1,"[100,-64,5,0,-5,-26,-6,-25,-6,-25,-6,-25,-7,-24,-8,-24,-9,-24,-9,-24,-10,-23,-11,-23,-11,-23,-11,-24,-11,-24,-11,-25,-11,-25,-10,-25,-10,-25,-9,-25,-8,-25,-7,-25,-7,-25,-6,-25,-5,-25,-3,-25,-2,-25,-1,-7,0,0,0,0,0,0,0,0,0,0,0,0,0,0,0,0,0,0,-1,-5,-2,-20,-2,-20,-1,-20,0,-20,0,-20,1,-21,1,-22,1,-23,1,-23,1,-24,1,-24,1,-24,1,-24,1,-25,1,-25,0,-25,0,-25,0,-25,-1,-26,-1,-26,-2,-26,-3,-26,-3,-26,-4,-26,-4,-26,-4,-26]"
CSI_DATA,99594,d8:b1:90:db:e8:90,-52,11,1,7,0,0,1,0,0,0,1,-95,0,4,0,1511358826,0,100,0,128,1,"[100,-64,5,0,-8,20,-8,20,-8,20,-7,20,-6,20,-5,20,-5,20,-4,20,-4,20,-3,20,-3,20,-4,20,-4,21,-4,21,-4,21,-4,22,-4,21,-5,21,-5,21,-6,21,-7,20,-7,19,-8,19,-9,19,-10,18,-3,4,0,0,0,0,0,0,0,0,0,0,0,0,0,0,0,0,0,0,-2,3,-8,14,-8,13,-9,13,-9,13,-10,13,-10,13,-11,14,-11,15,-11,15,-12,15,-12,15,-12,15,-12,15,-12,16,-12,16,-12,16,-12,16,-11,17,-11,17,-11,18,-10,18,-10,19,-10,19,-9,19,-9,19,-9,20]"
CSI_DATA,99595,d8:b1:90:db:e8:90,-52,11,1,7,0,0,1,0,0,0,1,-95,0,4,0,1511370862,0,100,0,128,1,"[100,-64,5,0,19,-7,18,-8,18,-8,18,-9,18,-10,17,-10,17,-11,16,-11,16,-12,16,-12,16,-12,17,-13,17,-13,17,-13,17,-13,18,-13,17,-13,17,-12,18,-11,18,-11,17,-10,18,-9,18,-8,18,-7,18,-5,4,-2,0,0,0,0,0,0,0,0,0,0,0,0,0,0,0,0,0,0,3,-1,14,-4,15,-3,15,-3,15,-3,15,-2,16,-2,16,-2,17,-2,17,-2,18,-2,18,-1,19,-1,19,-1,19,-1,19,-2,19,-2,19,-3,19,-3,19,-4,19,-4,19,-5,19,-5,20,-6,20,-6,20,-6,20,-7]"
CSI_DATA,99596,d8:b1:90:db:e8:90,-51,11,1,7,0,0,1,0,0,0,1,-95,0,4,0,1511380895,0,100,0,128,1,"[100,-64,5,0,6,-26,6,-26,5,-26,5,-27,4,-27,3,-27,2,-27,1,-27,1,-27,0,-27,-1,-27,-1,-27,-1,-28,-1,-28,-1,-28,0,-29,0,-29,1,-28,2,-28,2,-27,3,-27,4,-26,5,-26,7,-25,8,-24,2,-6,0,0,0,0,0,0,0,0,0,0,0,0,0,0,0,0,0,0,1,-5,7,-19,8,-19,8,-19,9,-19,9,-19,10,-19,10,-20,11,-20,11,-20,12,-21,13,-21,13,-21,13,-22,13,-22,13,-22,12,-22,12,-23,11,-23,11,-24,10,-24,10,-25,10,-25,9,-26,8,-26,8,-26,8,-27]"
CSI_DATA,99597,d8:b1:90:db:e8:90,-51,11,1,7,0,0,1,0,0,0,1,-95,0,4,0,1511394683,0,100,0,128,1,"[100,-64,5,0,-22,15,-22,15,-21,16,-20,16,-20,16,-20,16,-19,17,-18,17,-18,18,-18,18,-18,18,-18,19,-18,19,-18,19,-19,19,-19,19,-19,19,-20,18,-20,17,-20,16,-21,15,-21,14,-21,13,-22,12,-22,11,-6,2,0,0,0,0,0,0,0,0,0,0,0,0,0,0,0,0,0,0,-4,3,-16,11,-16,11,-17,10,-17,10,-18,10,-19,10,-19,10,-20,10,-21,10,-22,10,-22,10,-23,10,-23,10,-23,10,-23,9,-24,10,-24,10,-24,11,-23,12,-23,12,-24,13,-24,13,-23,14,-23,14,-23,15,-23,15]"
CSI_DATA,99598,d8:b1:90:db:e8:90,-51,11,1,7,0,0,1,0,0,0,1,-95,0,4,0,1511423477,0,100,0,128,1,"[100,-64,5,0,2,23,2,23,3,22,3,21,3,20,4,20,4,20,5,20,6,20,6,20,7,20,7,19,7,19,7,20,7,20,7,20,6,21,6,21,5,20,4,20,4,20,3,20,3,20,1,20,0,20,0,5,0,0,0,0,0,0,0,0,0,0,0,0,0,0,0,0,0,0,0,3,1,15,0,15,0,16,0,17,0,17,-1,17,-1,18,-1,18,-1,19,-2,19,-2,20,-2,20,-2,20,-2,21,-2,21,-2,21,-2,21,-1,21,-1,22,0,22,0,22,0,22,1,23,1,22,2,22,2,22]"
CSI_DATA,99599,d8:b1:90:db:e8:90,-52,11,1,7,0,0,1,0,0,0,1,-95,0,4,0,1511435204,0,100,0,128,1,"[100,-64,5,0,-15,-18,-16,-17,-15,-17,-15,-16,-15,-16,-15,-15,-16,-15,-16,-14,-16,-14,-17,-14,-18,-13,-18,-13,-18,-13,-17,-13,-18,-13,-18,-14,-18,-14,-17,-14,-16,-14,-15,-14,-14,-15,-14,-15,-13,-15,-12,-16,-11,-17,-3,-5,0,0,0,0,0,0,0,0,0,0,0,0,0,0,0,0,0,0,-3,-3,-11,-10,-11,-11,-11,-12,-11,-13,-11,-13,-11,-13,-11,-14,-11,-15,-12,-15,-11,-16,-11,-17,-11,-18,-11,-18,-11,-18,-11,-18,-11,-18,-12,-18,-12,-18,-13,-18,-13,-18,-14,-18,-14,-18,-15,-18,-15,-18,-15,-18,-15,-18]"
CSI_DATA,99600,d8:b1:90:db:e8:90,-51,11,1,7,0,0,1,0,0,0,1,-95,0,4,0,1511453701,0,100,0,128,1,"[100,-64,5,0,-28,-6,-27,-6,-27,-5,-26,-4,-26,-3,-26,-2,-25,-2,-25,-1,-25,-1,-25,0,-25,0,-25,0,-25,1,-25,1,-25,0,-25,0,-25,0,-25,0,-24,-1,-24,-1,-24,-2,-23,-2,-23,-3,-23,-5,-22,-6,-6,-2,0,0,0,0,0,0,0,0,0,0,0,0,0,0,0,0,0,0,-5,-1,-19,-3,-19,-3,-19,-5,-19,-6,-20,-6,-21,-6,-21,-6,-22,-7,-23,-8,-23,-8,-24,-9,-24,-9,-24,-10,-24,-10,-25,-10,-25,-9,-25,-9,-25,-9,-25,-8,-26,-8,-26,-7,-27,-7,-27,-7,-28,-7,-28,-7,-28,-6]"
CSI_DATA,99601,d8:b1:90:db:e8:90,-52,11,1,7,0,0,1,0,0,0,1,-95,0,4,0,1511465927,0,100,0,128,1,"[100,-64,5,0,-20,-10,-20,-10,-20,-9,-19,-8,-19,-8,-19,-7,-19,-7,-19,-6,-19,-6,-19,-5,-19,-5,-20,-5,-19,-4,-19,-4,-19,-4,-19,-5,-19,-5,-19,-6,-18,-6,-18,-6,-18,-6,-18,-6,-17,-7,-17,-8,-16,-9,-4,-3,0,0,0,0,0,0,0,0,0,0,0,0,0,0,0,0,0,0,-4,-2,-14,-5,-14,-6,-14,-7,-14,-8,-15,-8,-15,-8,-15,-9,-15,-9,-16,-10,-16,-11,-17,-11,-17,-11,-17,-12,-17,-12,-17,-12,-18,-12,-18,-12,-18,-12,-18,-11,-18,-11,-19,-11,-19,-11,-20,-11,-20,-10,-20,-11,-20,-11]"
CSI_DATA,99602,d8:b1:90:db:e8:90,-51,11,1,7,0,0,1,0,0,0,1,-95,0,4,0,1511479727,0,100,0,128,1,"[100,-64,5,0,-27,-8,-26,-7,-26,-7,-25,-7,-25,-6,-25,-5,-25,-4,-24,-3,-24,-3,-24,-3,-24,-2,-24,-1,-24,-1,-24,-1,-24,-1,-24,-1,-25,-2,-24,-2,-24,-2,-24,-3,-24,-3,-23,-4,-23,-5,-22,-6,-22,-7,-6,-2,0,0,0,0,0,0,0,0,0,0,0,0,0,0,0,0,0,0,-5,-1,-19,-3,-19,-4,-20,-5,-20,-6,-21,-6,-21,-7,-22,-7,-23,-8,-23,-9,-24,-9,-24,-10,-24,-10,-25,-11,-25,-11,-25,-11,-25,-10,-25,-10,-26,-10,-26,-10,-27,-9,-27,-9,-27,-9,-27,-9,-27,-9,-27,-9,-27,-9]"
CSI_DATA,99603,d8:b1:90:db:e8:90,-51,11,1,7,0,0,1,0,0,0,1,-95,0,4,0,1511493665,0,100,0,128,1,"[100,-64,5,0,-5,-27,-5,-26,-6,-25,-7,-25,-7,-24,-8,-23,-8,-22,-9,-22,-9,-21,-9,-21,-10,-20,-11,-20,-11,-20,-11,-20,-11,-20,-11,-21,-10,-21,-10,-21,-10,-21,-9,-21,-8,-21,-8,-21,-7,-21,-6,-22,-5,-22,-1,-6,0,0,0,0,0,0,0,0,0,0,0,0,0,0,0,0,0,0,-2,-5,-6,-19,-6,-20,-5,-20,-4,-21,-4,-22,-3,-22,-3,-22,-3,-23,-3,-24,-2,-24,-2,-25,-2,-25,-2,-26,-2,-26,-2,-27,-1,-27,-2,-27,-2,-27,-3,-26,-4,-26,-4,-27,-4,-27,-5,-28,-5,-28,-5,-28,-4,-27]"
CSI_DATA,99604,d8:b1:90:db:e8:90,-52,11,1,7,0,0,1,0,0,0,1,-95,0,4,0,1511505601,0,100,0,128,1,"[100,-64,5,0,25,10,25,9,24,9,24,8,24,6,23,5,23,5,23,4,22,3,22,3,22,2,22,1,22,1,22,1,22,1,23,1,23,1,22,2,22,2,22,3,21,3,21,4,21,5,20,6,20,7,5,2,0,0,0,0,0,0,0,0,0,0,0,0,0,0,0,0,0,0,5,0,20,4,20,5,20,6,20,7,20,8,21,8,21,8,22,9,22,10,23,10,23,11,23,11,23,12,23,12,23,13,24,13,24,13,24,13,24,12,24,11,25,11,25,11,26,11,26,11,26,11,25,11]"
CSI_DATA,99605,d8:b1:90:db:e8:90,-52,11,1,5,0,0,1,0,1,0,0,-95,0,4,0,1511533606,0,100,0,128,1,"[100,-64,5,0,-19,18,-20,18,-20,19,-20,20,-20,21,-19,22,-18,23,-16,24,-14,25,-12,26,-10,27,-8,27,-7,27,-5,27,-4,26,-3,25,-2,24,-2,22,-3,20,-4,18,-4,15,-6,13,-7,10,-9,7,-10,4,-3,0,0,0,0,0,0,0,0,0,0,0,0,0,0,0,0,0,0,0,6,1,26,8,26,9,27,9,26,9,26,9,25,8,23,7,21,7,18,7,15,7,12,7,8,8,5,8,1,10,-2,11,-5,13,-6,15,-8,17,-8,18,-9,20,-9,20,-10,21,-11,21,-12,20,-13,20,-14,20]"
CSI_DATA,99606,d8:b1:90:db:e8:90,-52,11,1,7,0,0,1,0,0,0,1,-95,0,4,0,1511547561,0,100,0,128,1,"[100,-64,5,0,25,1,24,0,23,0,22,-1,22,-2,21,-3,21,-3,20,-4,20,-5,20,-6,19,-7,18,-7,18,-7,18,-8,19,-8,19,-8,19,-8,20,-8,20,-8,20,-7,20,-7,21,-6,21,-6,21,-5,21,-3,5,-1,0,0,0,0,0,0,0,0,0,0,0,0,0,0,0,0,0,0,5,-1,20,-3,20,-2,21,-1,21,0,22,0,23,1,24,2,24,3,25,4,25,4,25,5,26,5,25,6,25,6,25,6,25,5,25,5,25,5,26,5,26,4,26,3,27,3,27,3,27,2,26,2,26,2]"
CSI_DATA,99607,d8:b1:90:db:e8:90,-52,11,1,7,0,0,1,0,0,0,1,-95,0,4,0,1511560263,0,100,0,128,1,"[100,-64,5,0,-9,23,-8,22,-7,22,-6,21,-5,21,-4,20,-3,20,-2,20,-1,20,0,20,0,20,1,19,1,19,1,19,1,20,2,21,2,21,1,21,1,22,1,22,1,21,1,21,0,22,-2,22,-4,22,-2,5,0,0,0,0,0,0,0,0,0,0,0,0,0,0,0,0,0,0,-1,5,-3,20,-5,20,-6,21,-7,21,-7,21,-8,22,-10,22,-11,23,-11,23,-12,23,-12,24,-12,23,-13,23,-13,23,-14,23,-14,22,-14,22,-13,23,-12,24,-12,24,-11,24,-11,25,-10,25,-10,25,-9,25,-9,24]"
CSI_DATA,99608,d8:b1:90:db:e8:90,-53,11,1,7,0,0,1,0,0,0,1,-95,0,4,0,1511572697,0,100,0,128,1,"[100,-64,5,0,-4,23,-3,23,-2,22,0,21,0,20,1,20,2,19,2,19,3,18,4,18,5,18,5,18,6,19,6,19,7,19,7,20,7,20,7,20,7,20,6,21,5,21,5,21,4,21,2,21,1,22,0,5,0,0,0,0,0,0,0,0,0,0,0,0,0,0,0,0,0,0,0,5,1,20,0,20,-1,21,-2,22,-3,22,-4,23,-4,23,-5,23,-6,24,-6,24,-7,24,-7,24,-8,24,-8,24,-8,24,-7,24,-7,24,-7,24,-6,24,-5,24,-5,24,-5,24,-5,24,-5,24,-5,24,-4,24]"
CSI_DATA,99609,d8:b1:90:db:e8:90,-52,11,1,7,0,0,1,0,0,0,1,-95,0,4,0,1511585626,0,100,0,128,1,"[100,-64,5,0,9,-21,9,-21,8,-20,7,-20,6,-20,5,-20,4,-20,3,-20,2,-21,1,-21,0,-20,0,-21,0,-21,-1,-21,-1,-22,-1,-22,-1,-23,-1,-23,0,-23,0,-23,1,-23,1,-23,2,-23,4,-23,5,-23,1,-6,0,0,0,0,0,0,0,0,0,0,0,0,0,0,0,0,0,0,1,-6,5,-21,6,-21,7,-21,8,-21,9,-21,10,-21,11,-21,11,-21,12,-22,13,-22,14,-22,14,-21,14,-21,14,-21,14,-21,14,-21,14,-21,13,-22,13,-22,13,-22,12,-22,12,-22,12,-22,11,-23,11,-23,11,-23]"
CSI_DATA,99610,d8:b1:90:db:e8:90,-53,11,1,7,0,0,1,0,0,0,1,-95,0,4,0,1511596185,0,100,0,128,1,"[100,-64,5,0,20,-10,19,-11,18,-11,17,-11,17,-12,16,-12,15,-13,14,-14,13,-15,13,-15,12,-16,12,-16,12,-17,12,-18,12,-18,12,-18,12,-18,13,-18,14,-18,14,-18,14,-18,15,-17,15,-17,16,-16,17,-15,4,-4,0,0,0,0,0,0,0,0,0,0,0,0,0,0,0,0,0,0,4,-3,17,-12,18,-12,18,-11,19,-10,20,-10,21,-9,21,-9,22,-9,23,-8,23,-8,24,-7,24,-7,24,-7,24,-7,24,-7,23,-7,23,-8,23,-8,23,-8,23,-8,23,-9,23,-9,22,-10,22,-10,22,-10,22,-11]"
CSI_DATA,99611,d8:b1:90:db:e8:90,-53,11,1,7,0,0,1,0,0,0,1,-95,0,4,0,1511606385,0,100,0,128,1,"[100,-64,5,0,-21,-13,-21,-13,-21,-12,-20,-10,-20,-9,-20,-8,-20,-7,-20,-7,-21,-6,-21,-5,-22,-4,-23,-4,-24,-3,-24,-3,-24,-4,-24,-4,-24,-4,-24,-5,-24,-5,-24,-6,-24,-7,-25,-7,-25,-9,-24,-10,-24,-11,-6,-3,0,0,0,0,0,0,0,0,0,0,0,0,0,0,0,0,0,0,-5,-3,-20,-12,-19,-13,-19,-15,-19,-16,-19,-17,-19,-18,-19,-18,-19,-19,-19,-20,-19,-20,-19,-20,-19,-20,-19,-20,-19,-21,-19,-21,-19,-20,-19,-20,-20,-20,-20,-19,-20,-19,-20,-18,-20,-18,-21,-17,-21,-17,-21,-16,-21,-16]"
CSI_DATA,99612,d8:b1:90:db:e8:90,-53,11,1,7,0,0,1,0,0,0,1,-95,0,4,0,1511633228,0,100,0,128,1,"[100,-64,5,0,-5,-24,-6,-23,-6,-22,-7,-21,-8,-21,-10,-20,-11,-20,-11,-20,-12,-20,-13,-20,-14,-20,-15,-20,-16,-20,-16,-20,-16,-21,-16,-21,-16,-21,-16,-22,-16,-22,-16,-23,-16,-23,-15,-23,-14,-24,-13,-25,-11,-26,-3,-7,0,0,0,0,0,0,0,0,0,0,0,0,0,0,0,0,0,0,-1,-7,-4,-25,-3,-25,-1,-25,0,-26,1,-26,2,-27,2,-27,3,-27,3,-28,4,-28,4,-28,4,-28,4,-28,4,-28,4,-27,3,-27,2,-27,2,-26,1,-26,0,-26,-1,-26,-1,-26,-2,-26,-3,-26,-3,-26,-3,-25]"
CSI_DATA,99613,d8:b1:90:db:e8:90,-52,11,1,7,0,0,1,0,0,0,1,-95,0,4,0,1511643659,0,100,0,128,1,"[100,-64,5,0,5,-22,4,-22,3,-22,2,-21,1,-21,0,-21,-1,-22,-1,-22,-2,-23,-3,-23,-4,-23,-4,-23,-4,-24,-4,-24,-4,-25,-4,-25,-3,-25,-3,-26,-2,-26,-2,-26,-1,-26,0,-26,1,-26,3,-26,4,-26,1,-7,0,0,0,0,0,0,0,0,0,0,0,0,0,0,0,0,0,0,1,-6,8,-21,9,-21,9,-21,10,-21,11,-21,12,-21,13,-22,13,-22,14,-22,14,-22,15,-22,15,-22,15,-22,14,-21,14,-21,13,-21,13,-21,12,-21,12,-22,11,-22,10,-22,9,-23,9,-23,8,-23,8,-23,8,-23]"
CSI_DATA,99614,d8:b1:90:db:e8:90,-52,11,1,7,0,0,1,0,0,0,1,-95,0,4,0,1511663036,0,100,0,128,1,"[100,-64,5,0,1,21,2,21,3,20,4,20,5,20,6,19,6,19,6,19,7,19,8,19,9,19,9,20,9,21,9,21,9,22,9,23,9,24,8,24,8,24,7,24,7,24,6,24,5,25,4,25,2,25,0,6,0,0,0,0,0,0,0,0,0,0,0,0,0,0,0,0,0,0,-1,5,-2,22,-3,22,-5,22,-5,22,-6,22,-7,23,-8,23,-8,24,-8,24,-9,24,-9,23,-9,23,-9,23,-9,22,-9,22,-8,21,-8,21,-7,21,-6,22,-5,22,-4,22,-3,22,-2,22,-2,22,-1,22,0,22]"
CSI_DATA,99615,d8:b1:90:db:e8:90,-53,11,1,7,0,0,1,0,0,0,1,-95,0,4,0,1511676102,0,100,0,128,1,"[100,-64,5,0,23,-6,22,-7,21,-8,21,-8,20,-9,20,-10,20,-11,20,-12,20,-13,20,-14,20,-15,21,-15,21,-15,21,-16,22,-16,23,-16,23,-16,23,-15,24,-15,24,-14,25,-13,25,-12,25,-11,26,-9,26,-8,6,-2,0,0,0,0,0,0,0,0,0,0,0,0,0,0,0,0,0,0,6,-1,24,-3,24,-2,24,0,25,1,25,2,25,2,26,3,26,3,26,4,26,4,26,5,25,5,25,5,25,5,25,4,25,3,24,2,25,1,25,1,24,0,24,-1,24,-1,24,-2,24,-3,24,-4,23,-4]"
CSI_DATA,99616,d8:b1:90:db:e8:90,-53,11,1,7,0,0,1,0,0,0,1,-95,0,4,0,1511692600,0,100,0,128,1,"[100,-64,5,0,19,8,19,7,19,6,19,5,19,5,19,4,19,3,20,3,20,2,21,1,21,1,22,1,23,1,23,1,23,1,24,2,24,2,24,3,24,3,24,4,24,5,24,5,23,6,23,8,23,9,5,2,0,0,0,0,0,0,0,0,0,0,0,0,0,0,0,0,0,0,4,3,18,12,17,13,16,14,16,15,16,16,16,17,16,17,16,17,16,18,15,18,15,17,15,17,15,17,15,17,15,16,15,16,16,15,16,15,17,14,17,13,17,13,18,12,18,11,18,11,18,10,19,9]"
CSI_DATA,99617,d8:b1:90:db:e8:90,-53,11,1,7,0,0,1,0,0,0,1,-95,0,4,0,1511704132,0,100,0,128,1,"[100,-64,5,0,20,-12,19,-12,18,-13,18,-13,17,-14,17,-15,16,-16,16,-16,16,-17,16,-17,16,-18,17,-18,18,-19,18,-19,19,-19,19,-19,20,-19,20,-18,20,-18,21,-17,22,-17,22,-15,23,-14,23,-13,24,-11,6,-3,0,0,0,0,0,0,0,0,0,0,0,0,0,0,0,0,0,0,5,-2,23,-7,23,-6,23,-5,23,-4,23,-3,24,-3,25,-3,25,-3,26,-2,26,-2,25,-2,25,-2,25,-2,25,-2,25,-2,24,-3,24,-4,24,-4,23,-5,22,-6,22,-7,22,-7,22,-8,22,-9,22,-9,21,-10]"
CSI_DATA,99618,d8:b1:90:db:e8:90,-52,11,1,7,0,0,1,0,0,0,1,-95,0,4,0,1511730089,0,100,0,128,1,"[100,-64,5,0,-2,23,-1,23,0,23,1,23,2,23,2,23,3,23,3,24,4,24,4,24,4,24,4,25,4,26,4,26,4,26,4,27,3,27,2,27,2,27,1,27,0,27,-1,26,-2,26,-4,25,-5,25,-2,6,0,0,0,0,0,0,0,0,0,0,0,0,0,0,0,0,0,0,-2,5,-6,21,-7,21,-8,20,-9,20,-10,20,-10,20,-10,21,-11,21,-11,21,-11,22,-12,22,-11,22,-11,22,-11,22,-11,21,-11,22,-10,22,-9,22,-8,22,-7,22,-6,22,-6,23,-5,23,-5,23,-4,23,-3,23]"
CSI_DATA,99619,d8:b1:90:db:e8:90,-52,11,1,7,0,0,1,0,0,0,1,-95,0,4,0,1511742227,0,100,0,128,1,"[100,-64,5,0,-7,21,-7,21,-6,21,-5,21,-4,21,-3,21,-3,21,-2,22,-2,22,-2,22,-2,23,-2,23,-2,24,-2,24,-2,24,-3,25,-4,25,-4,25,-5,24,-5,24,-6,23,-7,23,-8,22,-9,22,-11,21,-3,5,0,0,0,0,0,0,0,0,0,0,0,0,0,0,0,0,0,0,-3,5,-10,19,-11,19,-12,19,-13,18,-13,18,-14,18,-15,19,-15,19,-16,19,-16,19,-16,18,-16,18,-16,18,-16,18,-16,19,-15,19,-15,19,-14,19,-13,19,-12,20,-12,20,-11,20,-11,20,-10,21,-9,21,-9,21]"
CSI_DATA,99620,d8:b1:90:db:e8:90,-51,11,1,7,0,0,1,0,0,0,1,-95,0,4,0,1511762336,0,100,0,128,1,"[100,-64,5,0,19,16,18,10,18,5,16,7,12,5,6,-1,4,-4,7,-8,12,-15,15,-18,17,-16,16,-19,15,-26,19,-32,23,-34,24,-29,26,-25,25,-22,18,-14,15,-7,12,-7,9,-7,5,-7,0,-11,-1,-14,0,-4,0,0,0,0,0,0,0,0,0,0,0,0,0,0,0,0,0,0,-1,6,-3,24,-5,21,-10,21,-11,23,-14,26,-20,29,-22,31,-19,27,-18,21,-18,17,-16,14,-11,13,-5,14,-1,17,3,18,7,14,11,14,14,18,16,20,19,19,21,20,23,22,25,22,24,20,23,18,25,17]"
CSI_DATA,99621,d8:b1:90:db:e8:90,-52,11,1,7,0,0,1,0,0,0,1,-95,0,4,0,1511779424,0,100,0,128,1,"[100,-64,5,0,1,-23,0,-22,0,-22,-1,-22,-2,-22,-2,-22,-3,-22,-3,-22,-4,-22,-4,-22,-5,-22,-5,-23,-5,-23,-4,-23,-4,-23,-4,-24,-3,-24,-3,-24,-2,-24,-1,-23,-1,-22,0,-22,1,-22,3,-23,4,-23,1,-6,0,0,0,0,0,0,0,0,0,0,0,0,0,0,0,0,0,0,0,-6,2,-21,3,-21,4,-21,5,-21,5,-21,6,-21,7,-22,7,-23,8,-23,8,-23,8,-23,8,-23,8,-23,8,-23,7,-23,7,-23,6,-23,6,-23,5,-23,5,-24,4,-24,4,-24,3,-23,3,-23,2,-23,1,-23]"
CSI_DATA,99622,d8:b1:90:db:e8:90,-52,11,1,7,0,0,1,0,0,0,1,-95,0,4,0,1511795136,0,100,0,128,1,"[100,-64,5,0,-21,7,-20,8,-19,8,-19,8,-18,9,-18,10,-18,10,-18,11,-17,11,-17,12,-17,12,-18,12,-18,12,-18,12,-18,12,-19,12,-19,12,-19,11,-19,11,-18,10,-18,9,-19,8,-19,8,-20,7,-21,5,-6,1,0,0,0,0,0,0,0,0,0,0,0,0,0,0,0,0,0,0,-5,1,-19,5,-19,4,-19,3,-20,3,-20,2,-21,2,-22,2,-22,2,-23,2,-23,1,-23,1,-23,1,-23,1,-23,1,-23,2,-23,2,-23,3,-23,3,-23,4,-23,4,-23,5,-22,5,-22,6,-22,6,-22,6,-22,7]"
CSI_DATA,99623,d8:b1:90:db:e8:90,-52,11,1,7,0,0,1,0,0,0,1,-95,0,4,0,1511828920,0,100,0,128,1,"[100,-64,5,0,20,12,20,11,20,11,20,10,20,9,20,8,21,8,20,7,21,7,21,6,22,6,22,5,22,5,23,5,23,6,23,6,23,6,22,7,22,7,22,8,21,8,21,9,20,10,19,11,18,12,4,3,0,0,0,0,0,0,0,0,0,0,0,0,0,0,0,0,0,0,4,2,16,11,16,12,15,13,15,13,15,14,15,15,15,16,16,17,16,17,16,18,17,18,17,18,17,19,17,18,17,17,17,17,18,16,18,16,19,16,19,16,19,15,20,15,20,14,20,14,20,14,21,14]"
CSI_DATA,99624,d8:b1:90:db:e8:90,-52,11,1,7,0,0,1,0,0,0,1,-95,0,4,0,1511839647,0,100,0,128,1,"[100,-64,5,0,6,47,5,45,15,38,27,38,32,41,29,39,25,33,31,25,47,21,52,24,42,25,34,22,40,13,49,5,51,10,45,13,40,1,41,-9,46,-9,54,-7,51,-1,35,-1,34,-12,49,-19,60,-18,15,-5,0,0,0,0,0,0,0,0,0,0,0,0,0,0,0,0,0,0,-8,0,-29,0,-32,4,-41,12,-45,10,-43,2,-40,2,-36,12,-40,21,-53,18,-52,6,-41,10,-37,30,-41,40,-50,34,-48,25,-31,25,-24,38,-30,51,-32,48,-31,39,-20,37,-10,46,-12,60,-14,63,-10,51,-3,38]"
CSI_DATA,99625,d8:b1:90:db:e8:90,-52,11,1,7,0,0,1,0,0,0,1,-95,0,4,0,1511858336,0,100,0,128,1,"[100,-64,5,0,-23,-10,-22,-10,-22,-8,-22,-7,-22,-6,-22,-5,-22,-5,-22,-4,-22,-3,-23,-2,-23,-2,-23,-1,-24,-1,-24,-1,-24,-1,-25,-1,-25,-1,-24,-2,-24,-2,-24,-3,-24,-4,-24,-4,-24,-5,-23,-7,-23,-8,-6,-3,0,0,0,0,0,0,0,0,0,0,0,0,0,0,0,0,0,0,-5,-2,-19,-9,-19,-10,-19,-11,-19,-12,-19,-13,-20,-13,-20,-14,-20,-15,-21,-15,-21,-16,-21,-16,-21,-16,-21,-17,-21,-17,-21,-16,-22,-16,-22,-16,-22,-15,-22,-15,-23,-15,-23,-14,-23,-14,-23,-13,-24,-12,-24,-12,-23,-11]"
CSI_DATA,99626,d8:b1:90:db:e8:90,-52,11,1,7,0,0,1,0,0,0,1,-95,0,4,0,1511875162,0,100,0,128,1,"[100,-64,5,0,-10,20,-9,19,-8,19,-7,19,-7,19,-6,19,-5,19,-4,19,-3,19,-3,19,-2,19,-2,20,-3,20,-2,21,-2,21,-2,21,-3,22,-4,22,-4,22,-4,21,-5,21,-6,21,-6,21,-7,21,-8,21,-3,5,0,0,0,0,0,0,0,0,0,0,0,0,0,0,0,0,0,0,-2,4,-7,16,-9,16,-10,17,-10,17,-11,17,-12,17,-12,17,-13,18,-13,18,-14,18,-14,19,-14,19,-15,19,-15,19,-14,19,-14,19,-14,19,-14,19,-13,20,-13,20,-12,20,-12,21,-12,21,-11,21,-11,21,-11,21]"
CSI_DATA,99627,d8:b1:90:db:e8:90,-52,11,1,7,0,0,1,0,0,0,1,-95,0,4,0,1511886089,0,100,0,128,1,"[100,-64,5,0,23,6,22,5,22,4,22,4,21,3,21,2,21,1,22,0,22,-1,22,-2,22,-2,23,-2,23,-2,23,-2,23,-2,24,-2,24,-2,24,-2,24,-1,23,-1,23,0,23,1,23,2,23,4,23,5,5,1,0,0,0,0,0,0,0,0,0,0,0,0,0,0,0,0,0,0,4,0,18,4,18,5,18,6,19,7,19,7,20,8,20,9,20,9,21,10,21,11,21,11,22,11,22,12,22,12,22,11,22,11,22,11,23,10,23,10,23,9,23,9,24,9,24,8,24,8,24,8,24,7]"
CSI_DATA,99628,d8:b1:90:db:e8:90,-52,11,1,7,0,0,1,0,0,0,1,-95,0,4,0,1511897384,0,100,0,128,1,"[100,-64,5,0,-15,18,-14,18,-14,18,-13,18,-12,18,-11,18,-10,19,-9,19,-9,19,-8,20,-8,20,-8,21,-8,21,-8,22,-8,22,-9,22,-9,22,-9,22,-10,22,-10,22,-11,21,-11,21,-12,21,-14,20,-15,19,-4,4,0,0,0,0,0,0,0,0,0,0,0,0,0,0,0,0,0,0,-3,4,-12,15,-13,15,-15,14,-16,13,-17,13,-17,14,-18,14,-18,15,-19,15,-19,15,-20,15,-20,15,-20,15,-20,15,-20,15,-20,16,-20,16,-20,16,-19,16,-18,17,-18,17,-17,17,-17,18,-17,18,-17,18,-16,18]"
CSI_DATA,99629,d8:b1:90:db:e8:90,-52,11,1,7,0,0,1,0,0,0,1,-95,0,4,0,1511912236,0,100,0,128,1,"[100,-64,5,0,17,-17,16,-17,15,-17,14,-17,14,-17,13,-17,12,-18,11,-19,11,-19,10,-20,10,-20,10,-21,10,-21,10,-21,10,-22,11,-22,11,-22,11,-22,12,-22,12,-21,13,-21,13,-20,15,-20,16,-19,17,-18,4,-5,0,0,0,0,0,0,0,0,0,0,0,0,0,0,0,0,0,0,3,-4,13,-14,14,-14,15,-13,16,-12,17,-12,18,-12,18,-12,19,-12,20,-12,20,-12,21,-13,21,-13,21,-12,21,-12,21,-13,21,-13,21,-13,21,-14,20,-14,20,-15,20,-15,20,-15,19,-16,19,-16,19,-16,19,-17]"
CSI_DATA,99630,d8:b1:90:db:e8:90,-52,11,1,7,0,0,1,0,0,0,1,-95,0,4,0,1511934280,0,100,0,128,1,"[100,-64,5,0,-3,-24,-3,-23,-4,-23,-5,-22,-6,-22,-6,-21,-7,-21,-8,-21,-9,-21,-9,-20,-10,-21,-10,-21,-10,-22,-11,-22,-11,-23,-11,-23,-11,-24,-10,-24,-10,-24,-9,-24,-9,-24,-8,-24,-7,-24,-5,-25,-3,-25,-1,-7,0,0,0,0,0,0,0,0,0,0,0,0,0,0,0,0,0,0,-1,-5,-3,-19,-2,-19,-1,-20,0,-21,0,-21,1,-22,1,-22,1,-23,2,-23,2,-24,3,-24,3,-25,3,-25,3,-25,3,-25,3,-25,2,-25,2,-25,1,-25,0,-25,0,-25,0,-25,-1,-25,-1,-24,-2,-25,-2,-25]"
CSI_DATA,99631,d8:b1:90:db:e8:90,-53,11,1,7,0,0,1,0,0,0,1,-95,0,4,0,1511945239,0,100,0,128,1,"[100,-64,5,0,8,21,8,20,8,20,9,19,10,18,11,17,11,17,12,16,12,16,13,16,13,16,14,16,15,17,15,17,15,17,16,18,15,19,15,19,15,19,14,19,14,19,13,19,12,20,11,21,9,22,2,5,0,0,0,0,0,0,0,0,0,0,0,0,0,0,0,0,0,0,1,4,5,17,5,18,4,18,3,19,3,20,3,20,3,21,2,21,2,22,2,22,2,23,2,23,2,24,2,24,2,23,2,23,2,23,3,23,3,23,4,23,5,23,5,22,5,22,6,22,6,22,7,21]"
CSI_DATA,99632,d8:b1:90:db:e8:90,-52,11,1,6,0,0,1,0,0,0,1,-95,0,4,0,1511956949,0,100,0,128,1,"[100,-64,5,0,2,23,3,23,4,22,5,21,6,21,7,21,7,20,8,20,8,20,9,20,10,20,10,20,11,20,11,20,11,21,11,21,11,22,10,22,10,22,9,22,8,22,8,22,7,23,6,24,4,25,1,6,0,0,0,0,0,0,0,0,0,0,0,0,0,0,0,0,0,0,0,4,1,18,0,18,-1,19,-2,20,-2,20,-2,21,-2,21,-3,22,-3,22,-3,23,-4,23,-4,23,-4,24,-4,24,-4,24,-3,24,-3,24,-3,23,-3,23,-2,23,-1,23,-1,24,0,24,0,24,1,24,1,24]"
CSI_DATA,99633,d8:b1:90:db:e8:90,-53,11,1,6,0,0,1,0,0,0,1,-95,0,4,0,1511969384,0,100,0,128,1,"[100,-64,5,0,4,22,4,21,5,21,6,20,7,20,8,19,8,19,9,19,10,18,10,18,11,18,12,18,12,19,12,19,12,19,12,20,12,21,11,21,11,21,11,21,10,21,9,21,8,22,7,23,5,24,1,6,0,0,0,0,0,0,0,0,0,0,0,0,0,0,0,0,0,0,0,4,3,17,2,18,1,19,1,19,0,20,0,20,0,21,-1,21,-1,22,-1,22,-1,23,-2,23,-2,23,-2,23,-1,23,-1,23,-1,22,-1,22,-1,22,0,22,0,22,1,22,2,23,2,23,3,23,3,23]"
CSI_DATA,99634,d8:b1:90:db:e8:90,-51,11,1,6,0,0,1,0,0,0,1,-95,0,4,0,1511982067,0,100,0,128,1,"[100,-64,5,0,6,19,5,21,0,22,-5,24,-8,17,-15,13,-16,13,-17,6,-21,5,-18,3,-22,-6,-23,-8,-14,-15,-12,-21,-6,-19,4,-22,6,-23,12,-16,19,-15,18,-10,22,-1,22,4,15,14,14,20,12,13,2,2,0,0,0,0,0,0,0,0,0,0,0,0,0,0,0,0,0,0,2,-4,11,-7,15,8,15,12,5,14,6,19,4,15,-8,18,-11,21,-14,12,-18,9,-13,5,-16,-4,-18,-4,-13,-10,-14,-18,-10,-19,-3,-24,-1,-24,6,-20,11,-21,13,-16,19,-12,20,-9,22,-1,23,2,14,2]"
CSI_DATA,99635,d8:b1:90:db:e8:90,-53,11,1,6,0,0,1,0,0,0,1,-95,0,4,0,1511994230,0,100,0,128,1,"[100,-64,5,0,-19,-14,-19,-14,-19,-13,-19,-12,-19,-11,-20,-10,-20,-10,-20,-9,-21,-8,-21,-8,-22,-8,-23,-8,-23,-8,-23,-8,-23,-9,-23,-9,-23,-9,-23,-10,-23,-10,-23,-11,-22,-11,-22,-12,-21,-13,-20,-15,-20,-16,-5,-5,0,0,0,0,0,0,0,0,0,0,0,0,0,0,0,0,0,0,-4,-3,-16,-13,-15,-14,-15,-15,-14,-16,-14,-16,-14,-17,-14,-17,-14,-18,-14,-19,-14,-19,-15,-19,-15,-20,-15,-20,-15,-20,-15,-19,-15,-19,-15,-18,-16,-18,-16,-18,-17,-17,-17,-17,-17,-17,-18,-16,-18,-16,-18,-15,-18,-15]"
CSI_DATA,99636,d8:b1:90:db:e8:90,-52,11,1,6,0,0,1,0,0,0,1,-95,0,4,0,1512004558,0,100,0,128,1,"[100,-64,5,0,-9,20,-9,20,-8,20,-7,20,-6,20,-5,21,-5,21,-4,21,-4,21,-3,21,-3,22,-3,22,-3,23,-3,24,-3,24,-3,24,-3,24,-4,24,-4,24,-5,24,-6,23,-6,23,-8,23,-9,22,-11,22,-3,5,0,0,0,0,0,0,0,0,0,0,0,0,0,0,0,0,0,0,-3,4,-9,17,-10,17,-11,17,-12,17,-13,17,-13,17,-14,17,-15,17,-15,17,-16,18,-16,18,-16,18,-16,18,-16,18,-15,18,-15,18,-14,18,-14,19,-14,19,-13,19,-13,20,-12,20,-12,20,-11,21,-11,21,-11,21]"
CSI_DATA,99637,d8:b1:90:db:e8:90,-52,11,1,6,0,0,1,0,0,0,1,-95,0,4,0,1512015122,0,100,0,128,1,"[100,-64,5,0,-24,1,-24,2,-23,3,-22,3,-22,4,-22,5,-22,6,-22,6,-22,7,-22,8,-22,8,-23,9,-23,10,-23,10,-23,9,-23,9,-23,9,-23,9,-24,8,-24,7,-24,7,-24,6,-25,5,-25,4,-25,2,-7,0,0,0,0,0,0,0,0,0,0,0,0,0,0,0,0,0,0,0,-5,0,-21,1,-21,0,-21,-2,-21,-2,-21,-3,-22,-3,-23,-4,-23,-4,-24,-5,-24,-5,-24,-5,-24,-6,-24,-6,-24,-6,-24,-6,-23,-5,-23,-5,-23,-4,-23,-4,-24,-3,-24,-3,-24,-2,-24,-1,-24,-1,-24,0,-24,0]"
CSI_DATA,99638,d8:b1:90:db:e8:90,-52,11,1,6,0,0,1,0,0,0,1,-95,0,4,0,1512036072,0,100,0,128,1,"[100,-64,5,0,-13,-23,-13,-22,-14,-21,-14,-20,-15,-20,-16,-19,-16,-19,-17,-18,-17,-18,-18,-18,-19,-18,-20,-18,-20,-18,-21,-18,-21,-18,-20,-19,-20,-19,-20,-19,-19,-19,-19,-20,-18,-21,-17,-21,-17,-22,-15,-22,-14,-23,-4,-6,0,0,0,0,0,0,0,0,0,0,0,0,0,0,0,0,0,0,-3,-5,-11,-20,-10,-21,-9,-21,-8,-22,-7,-23,-7,-24,-7,-24,-7,-24,-6,-25,-6,-26,-6,-26,-6,-27,-6,-27,-6,-26,-6,-26,-6,-25,-6,-25,-7,-25,-8,-25,-9,-24,-9,-24,-10,-24,-10,-24,-11,-24,-11,-24,-11,-23]"
CSI_DATA,99639,d8:b1:90:db:e8:90,-52,11,1,6,0,0,1,0,0,0,1,-95,0,4,0,1512047691,0,100,0,128,1,"[100,-64,5,0,-21,-7,-21,-6,-20,-5,-20,-5,-20,-4,-20,-3,-20,-2,-21,-2,-21,-1,-21,-1,-22,0,-22,0,-22,1,-22,1,-23,1,-23,0,-23,0,-23,0,-23,-1,-23,-2,-23,-2,-23,-3,-23,-4,-22,-5,-22,-7,-6,-2,0,0,0,0,0,0,0,0,0,0,0,0,0,0,0,0,0,0,-5,-2,-18,-6,-18,-7,-18,-8,-18,-9,-18,-9,-18,-9,-19,-10,-19,-11,-19,-11,-19,-12,-19,-13,-18,-14,-18,-14,-18,-14,-18,-13,-18,-12,-18,-12,-18,-12,-18,-12,-19,-11,-19,-11,-19,-10,-20,-10,-20,-9,-20,-9,-20,-8]"
CSI_DATA,99640,d8:b1:90:db:e8:90,-52,11,1,7,0,0,1,0,0,0,1,-95,0,4,0,1512064608,0,100,0,128,1,"[100,-64,5,0,-19,10,-18,11,-18,11,-17,12,-17,13,-16,13,-16,14,-15,14,-15,15,-15,15,-15,16,-15,17,-15,18,-15,18,-15,18,-15,18,-15,18,-15,17,-16,17,-16,17,-17,16,-17,16,-18,15,-19,14,-20,13,-5,3,0,0,0,0,0,0,0,0,0,0,0,0,0,0,0,0,0,0,-5,2,-18,8,-18,7,-19,6,-19,6,-20,5,-20,5,-21,5,-22,5,-23,4,-23,4,-23,4,-23,4,-22,4,-22,4,-22,4,-22,4,-22,5,-21,5,-21,5,-21,6,-21,6,-21,7,-20,8,-20,9,-20,9,-20,10]"
CSI_DATA,99641,d8:b1:90:db:e8:90,-52,11,1,7,0,0,1,0,0,0,1,-95,0,4,0,1512075031,0,100,0,128,1,"[100,-64,5,0,-7,19,-6,19,-5,19,-5,19,-4,19,-3,19,-2,19,-2,20,-1,20,-1,20,0,20,0,21,0,22,0,22,0,22,0,22,0,22,-1,22,-1,22,-1,23,-2,22,-3,22,-4,22,-6,21,-7,21,-2,5,0,0,0,0,0,0,0,0,0,0,0,0,0,0,0,0,0,0,-2,4,-6,17,-8,17,-9,17,-9,17,-10,17,-11,17,-12,18,-12,18,-13,18,-13,18,-13,18,-13,17,-13,17,-13,17,-13,17,-12,17,-12,17,-12,17,-11,17,-11,18,-10,18,-10,18,-9,19,-9,19,-8,19,-8,20]"
CSI_DATA,99642,d8:b1:90:db:e8:90,-52,11,1,7,0,0,1,0,0,0,1,-95,0,4,0,1512090119,0,100,0,128,1,"[100,-64,5,0,-13,20,-12,20,-11,20,-10,20,-9,21,-8,21,-7,21,-7,21,-6,21,-6,22,-5,22,-5,23,-4,24,-4,24,-5,24,-5,25,-6,25,-6,25,-6,25,-7,25,-8,24,-8,24,-9,23,-11,23,-12,22,-3,5,0,0,0,0,0,0,0,0,0,0,0,0,0,0,0,0,0,0,-3,4,-12,18,-13,17,-14,17,-15,17,-16,17,-17,17,-17,17,-18,17,-18,17,-19,17,-19,17,-19,17,-19,16,-19,16,-19,16,-18,15,-18,15,-18,16,-17,16,-17,17,-16,17,-16,18,-15,18,-15,19,-14,19,-14,20]"
CSI_DATA,99643,d8:b1:90:db:e8:90,-52,11,1,7,0,0,1,0,0,0,1,-95,0,4,0,1512103148,0,100,0,128,1,"[100,-64,5,0,9,22,9,22,10,21,11,20,12,20,12,19,13,18,13,18,14,18,15,18,15,18,16,18,16,19,16,19,16,19,16,20,16,20,16,21,15,21,14,21,14,21,13,21,12,22,10,23,9,23,2,6,0,0,0,0,0,0,0,0,0,0,0,0,0,0,0,0,0,0,2,5,8,20,7,21,6,22,5,23,4,24,3,24,3,23,2,23,2,24,2,24,2,25,1,25,1,25,1,25,1,25,1,24,2,24,2,24,3,24,4,23,5,23,5,23,6,23,7,23,7,23,8,23]"
CSI_DATA,99644,d8:b1:90:db:e8:90,-52,11,1,7,0,0,1,0,0,0,1,-95,0,4,0,1512114260,0,100,0,128,1,"[100,-64,5,0,4,24,5,23,5,23,6,22,7,22,8,21,9,21,9,21,10,21,10,21,11,21,11,21,12,22,12,22,12,23,12,23,12,23,11,23,11,24,10,24,9,23,8,24,7,24,5,24,4,24,0,6,0,0,0,0,0,0,0,0,0,0,0,0,0,0,0,0,0,0,0,5,3,22,2,22,1,23,0,24,-1,24,-2,24,-2,24,-2,24,-3,24,-4,24,-4,25,-4,25,-4,25,-4,25,-4,24,-4,24,-4,24,-3,24,-2,24,-1,24,-1,24,0,24,1,24,1,24,2,24,3,24]"
CSI_DATA,99645,d8:b1:90:db:e8:90,-52,11,1,7,0,0,1,0,0,0,1,-95,0,4,0,1512135885,0,100,0,128,1,"[100,-64,5,0,-2,22,-2,22,-1,21,0,21,0,20,1,20,2,20,3,20,3,21,4,21,4,21,5,21,5,22,5,22,5,23,5,23,4,23,3,23,3,23,2,23,1,23,0,23,0,23,-2,23,-3,23,-1,5,0,0,0,0,0,0,0,0,0,0,0,0,0,0,0,0,0,0,-1,5,-3,20,-4,20,-5,20,-6,20,-7,20,-8,20,-9,20,-9,20,-9,21,-10,21,-10,21,-11,21,-10,21,-10,21,-10,20,-9,20,-9,20,-9,20,-8,21,-7,21,-6,21,-6,21,-5,21,-5,21,-4,21,-4,22]"
CSI_DATA,99646,d8:b1:90:db:e8:90,-52,11,1,7,0,0,1,0,0,0,1,-95,0,4,0,1512147156,0,100,0,128,1,"[100,-64,5,0,24,3,24,2,24,2,24,1,23,-1,24,-2,24,-2,23,-3,23,-4,23,-5,24,-5,25,-6,25,-6,25,-6,26,-6,26,-6,26,-5,26,-5,26,-4,26,-3,26,-2,26,-1,26,0,26,1,26,3,6,0,0,0,0,0,0,0,0,0,0,0,0,0,0,0,0,0,0,0,6,0,24,3,23,4,23,6,23,7,23,8,24,8,24,9,24,10,24,11,24,11,24,11,24,11,24,11,24,11,23,11,23,10,23,10,23,9,23,9,23,8,23,7,24,7,24,6,24,6,25,5,25,4]"
CSI_DATA,99647,d8:b1:90:db:e8:90,-52,11,1,7,0,0,1,0,0,0,1,-95,0,4,0,1512171371,0,100,0,128,1,"[100,-64,5,0,-2,-25,-2,-24,-3,-24,-4,-24,-5,-23,-6,-23,-7,-23,-8,-23,-9,-24,-10,-24,-11,-23,-11,-24,-12,-24,-12,-24,-12,-25,-12,-25,-12,-25,-11,-26,-10,-26,-10,-26,-9,-26,-8,-26,-8,-26,-6,-27,-5,-27,-2,-7,0,0,0,0,0,0,0,0,0,0,0,0,0,0,0,0,0,0,-1,-6,-3,-23,-1,-23,0,-24,2,-24,2,-24,3,-24,4,-24,5,-24,6,-25,6,-25,7,-25,7,-25,7,-25,7,-25,7,-25,6,-25,6,-25,5,-25,5,-25,4,-25,4,-25,3,-25,2,-25,1,-25,1,-25,0,-25]"
CSI_DATA,99648,d8:b1:90:db:e8:90,-58,11,1,7,0,0,1,0,0,0,1,-95,0,4,0,1512188898,0,100,0,128,1,"[100,-64,5,0,19,12,19,12,18,12,18,12,18,12,17,12,17,12,17,12,17,11,17,11,16,11,16,12,16,12,15,11,15,11,14,12,14,12,14,12,14,12,13,11,12,12,12,12,12,13,12,14,11,15,2,3,0,0,0,0,0,0,0,0,0,0,0,0,0,0,0,0,0,0,3,-5,15,-17,7,-9,-10,6,-19,12,-20,12,-11,10,7,6,17,5,17,6,17,7,17,8,17,8,17,8,17,9,17,9,17,9,17,9,17,9,18,9,18,9,19,9,19,9,19,10,19,10,19,11,20,11]"
CSI_DATA,99649,d8:b1:90:db:e8:90,-58,11,1,7,0,0,1,0,0,0,1,-95,0,4,0,1512204991,0,100,0,128,1,"[100,-64,5,0,-8,-23,-7,-23,-7,-23,-7,-23,-6,-22,-6,-22,-6,-22,-6,-22,-6,-21,-6,-21,-7,-21,-6,-21,-6,-20,-6,-20,-5,-20,-5,-20,-5,-19,-4,-19,-4,-19,-4,-19,-4,-19,-3,-19,-3,-20,-1,-20,0,-20,0,-6,0,0,0,0,0,0,0,0,0,0,0,0,0,0,0,0,0,0,-6,0,-24,1,-12,1,11,1,23,2,23,4,15,-1,-2,-11,-10,-17,-10,-18,-10,-19,-9,-19,-9,-20,-9,-20,-8,-20,-8,-20,-8,-20,-8,-21,-8,-21,-9,-21,-9,-21,-9,-21,-9,-22,-9,-22,-9,-22,-9,-23,-9,-23]"
CSI_DATA,99650,d8:b1:90:db:e8:90,-52,11,1,7,0,0,1,0,0,0,1,-95,0,4,0,1512217247,0,100,0,128,1,"[100,-64,5,0,-17,14,-16,14,-16,15,-15,15,-14,15,-14,16,-13,16,-13,17,-12,18,-12,18,-12,19,-11,19,-11,19,-11,20,-11,20,-12,20,-12,20,-13,19,-13,19,-14,19,-14,19,-15,18,-16,17,-17,17,-17,16,-5,3,0,0,0,0,0,0,0,0,0,0,0,0,0,0,0,0,0,0,-4,3,-16,14,-17,13,-18,12,-18,11,-19,11,-20,10,-21,10,-21,10,-22,10,-22,10,-22,9,-22,9,-22,9,-22,9,-22,9,-22,10,-22,10,-21,10,-21,10,-20,11,-20,11,-20,12,-20,12,-19,13,-19,13,-19,13]"
CSI_DATA,99651,d8:b1:90:db:e8:90,-52,11,1,7,0,0,1,0,0,0,1,-95,0,4,0,1512244372,0,100,0,128,1,"[100,-64,5,0,18,12,18,11,18,10,19,9,19,8,19,7,19,6,19,5,20,5,20,4,21,4,22,4,22,4,23,4,23,4,23,4,23,4,23,4,23,5,23,6,23,6,22,7,22,8,22,10,22,11,5,2,0,0,0,0,0,0,0,0,0,0,0,0,0,0,0,0,0,0,4,2,19,12,18,13,17,14,17,15,16,16,16,16,16,17,16,18,16,18,16,19,15,20,15,21,15,21,15,21,15,20,15,19,15,19,16,18,16,18,16,17,17,16,17,16,17,15,17,15,18,15,18,14]"
CSI_DATA,99652,d8:b1:90:db:e8:90,-52,11,1,7,0,0,1,0,0,0,1,-95,0,4,0,1512258493,0,100,0,128,1,"[100,-64,5,0,-21,-13,-21,-12,-21,-11,-21,-11,-22,-10,-22,-9,-22,-8,-22,-7,-22,-6,-23,-5,-24,-5,-25,-5,-25,-5,-25,-5,-26,-5,-26,-5,-26,-6,-26,-7,-26,-7,-26,-7,-26,-8,-25,-8,-25,-9,-24,-11,-24,-13,-6,-4,0,0,0,0,0,0,0,0,0,0,0,0,0,0,0,0,0,0,-6,-3,-21,-12,-21,-13,-20,-15,-20,-16,-20,-17,-20,-18,-19,-19,-19,-19,-19,-20,-19,-20,-19,-20,-19,-20,-19,-20,-19,-20,-20,-20,-20,-20,-20,-19,-20,-19,-19,-18,-19,-17,-20,-16,-20,-16,-21,-15,-21,-15,-21,-14,-22,-14]"
CSI_DATA,99653,d8:b1:90:db:e8:90,-52,11,1,7,0,0,1,0,0,0,1,-95,0,4,0,1512273803,0,100,0,128,1,"[100,-64,5,0,17,-16,16,-17,15,-17,15,-17,14,-18,13,-19,12,-19,12,-20,11,-20,11,-21,10,-21,10,-21,11,-22,11,-22,11,-23,12,-22,12,-23,12,-23,12,-23,13,-22,13,-22,14,-21,15,-20,16,-19,17,-19,4,-5,0,0,0,0,0,0,0,0,0,0,0,0,0,0,0,0,0,0,3,-5,14,-17,16,-16,17,-16,18,-15,19,-14,20,-14,21,-14,22,-14,22,-13,22,-13,22,-13,22,-13,22,-13,22,-13,22,-13,22,-13,22,-14,21,-14,20,-14,19,-14,19,-14,19,-15,19,-15,19,-16,19,-16,19,-17]"
CSI_DATA,99654,d8:b1:90:db:e8:90,-52,11,1,7,0,0,1,0,0,0,1,-95,0,4,0,1512288478,0,100,0,128,1,"[100,-64,5,0,-3,22,-3,22,-2,21,-1,21,0,21,1,20,2,20,3,20,4,20,5,20,5,20,6,20,6,21,7,22,7,22,6,23,5,24,5,23,5,23,5,23,4,23,3,23,2,24,1,24,0,24,-1,6,0,0,0,0,0,0,0,0,0,0,0,0,0,0,0,0,0,0,-1,5,-3,22,-4,22,-6,22,-7,22,-8,22,-9,23,-9,23,-10,23,-11,23,-11,23,-11,23,-11,23,-11,23,-11,23,-11,23,-11,23,-11,23,-10,23,-9,23,-8,22,-7,23,-7,23,-6,23,-6,23,-5,23,-5,23]"
CSI_DATA,99655,d8:b1:90:db:e8:90,-52,11,1,7,0,0,1,0,0,0,1,-95,0,4,0,1512298632,0,100,0,128,1,"[100,-64,5,0,20,-12,19,-12,18,-12,18,-13,17,-13,16,-14,16,-15,15,-15,14,-16,14,-16,14,-17,14,-17,14,-18,15,-18,15,-19,16,-19,16,-19,16,-20,17,-19,17,-19,18,-18,18,-17,19,-16,20,-15,21,-14,5,-4,0,0,0,0,0,0,0,0,0,0,0,0,0,0,0,0,0,0,5,-3,20,-12,21,-11,22,-10,23,-9,23,-8,24,-8,24,-8,25,-8,25,-8,25,-7,26,-7,26,-6,26,-6,25,-6,25,-6,24,-6,24,-7,24,-7,24,-8,24,-9,23,-9,23,-10,23,-10,22,-10,22,-10,22,-11]"
CSI_DATA,99656,d8:b1:90:db:e8:90,-52,11,1,7,0,0,1,0,0,0,1,-95,0,4,0,1512309506,0,100,0,128,1,"[100,-64,5,0,-19,13,-19,13,-18,13,-17,13,-16,14,-15,14,-14,15,-14,15,-13,16,-12,17,-12,17,-13,18,-13,18,-13,19,-13,19,-13,19,-14,19,-14,19,-15,19,-16,18,-16,18,-17,17,-17,17,-18,16,-19,15,-5,3,0,0,0,0,0,0,0,0,0,0,0,0,0,0,0,0,0,0,-5,3,-17,14,-19,13,-20,12,-20,11,-21,11,-22,10,-22,10,-22,10,-23,10,-24,9,-24,9,-24,9,-24,9,-24,9,-24,9,-23,9,-23,9,-23,10,-23,10,-22,10,-22,11,-22,11,-21,11,-21,12,-20,12,-20,12]"
CSI_DATA,99657,d8:b1:90:db:e8:90,-52,11,1,7,0,0,1,0,0,0,1,-95,0,4,0,1512321133,0,100,0,128,1,"[100,-64,5,0,-23,1,-23,1,-22,2,-22,2,-21,3,-21,4,-21,5,-20,5,-20,6,-20,7,-21,7,-21,8,-22,9,-22,9,-22,9,-22,9,-22,9,-23,8,-23,8,-23,8,-23,7,-24,7,-24,6,-25,5,-26,3,-7,0,0,0,0,0,0,0,0,0,0,0,0,0,0,0,0,0,0,0,-6,0,-23,1,-24,0,-24,-1,-24,-2,-25,-3,-25,-3,-26,-4,-26,-4,-27,-5,-27,-6,-27,-6,-26,-6,-26,-6,-26,-6,-26,-6,-26,-6,-26,-5,-25,-5,-25,-4,-25,-4,-25,-3,-25,-3,-25,-2,-25,-2,-25,-2,-25,-1]"
CSI_DATA,99658,d8:b1:90:db:e8:90,-52,11,1,7,0,0,1,0,0,0,1,-95,0,4,0,1512341709,0,100,0,128,1,"[100,-64,5,0,24,4,23,3,23,2,22,2,22,1,22,0,21,-1,21,-2,21,-3,21,-3,22,-4,22,-5,22,-5,23,-6,23,-6,24,-5,24,-5,24,-5,24,-5,24,-5,24,-4,24,-3,25,-2,25,-1,25,1,6,0,0,0,0,0,0,0,0,0,0,0,0,0,0,0,0,0,0,0,5,0,23,4,23,5,23,6,23,7,24,8,24,8,24,9,25,10,25,11,25,11,25,12,24,12,24,12,24,12,24,12,24,11,24,10,24,10,24,9,24,9,24,8,25,7,25,7,25,7,25,7,25,6]"
CSI_DATA,99659,d8:b1:90:db:e8:90,-52,11,1,7,0,0,1,0,0,0,1,-95,0,4,0,1512352492,0,100,0,128,1,"[100,-64,5,0,-19,15,-18,15,-18,15,-17,15,-16,15,-15,15,-14,16,-13,16,-12,16,-12,17,-12,17,-12,17,-12,18,-12,18,-12,19,-13,19,-14,20,-14,19,-14,19,-15,18,-15,18,-16,17,-17,17,-18,16,-19,16,-5,3,0,0,0,0,0,0,0,0,0,0,0,0,0,0,0,0,0,0,-5,3,-17,15,-18,14,-19,13,-20,12,-21,12,-22,12,-22,12,-23,11,-23,11,-24,11,-25,11,-25,10,-24,10,-24,10,-24,10,-24,10,-23,10,-23,11,-23,11,-23,11,-23,12,-22,12,-22,12,-21,13,-21,13,-21,15]"
CSI_DATA,99660,d8:b1:90:db:e8:90,-52,11,1,7,0,0,1,0,0,0,1,-95,0,4,0,1512369701,0,100,0,128,1,"[100,-64,5,0,18,14,18,13,18,13,18,12,19,11,19,10,19,9,19,8,19,7,19,6,19,6,20,6,20,6,20,6,21,6,21,7,22,8,22,8,21,8,21,9,20,9,20,9,20,10,20,12,19,13,4,3,0,0,0,0,0,0,0,0,0,0,0,0,0,0,0,0,0,0,4,2,18,11,18,12,17,14,17,15,17,16,17,17,17,17,17,18,17,18,17,19,17,19,17,20,17,20,17,20,16,20,16,19,17,19,17,19,17,19,18,18,18,18,18,17,19,17,19,17,19,17,19,16]"
CSI_DATA,99661,d8:b1:90:db:e8:90,-52,11,1,7,0,0,1,0,0,0,1,-95,0,4,0,1512380659,0,100,0,128,1,"[100,-64,5,0,-22,-8,-22,-7,-21,-7,-20,-6,-20,-5,-20,-4,-20,-4,-20,-3,-20,-2,-20,-1,-20,-1,-21,0,-21,0,-21,0,-21,0,-22,0,-22,-1,-22,-2,-22,-2,-21,-2,-21,-2,-21,-3,-21,-4,-21,-4,-21,-5,-6,-2,0,0,0,0,0,0,0,0,0,0,0,0,0,0,0,0,0,0,-6,-1,-21,-5,-21,-6,-20,-8,-20,-9,-21,-10,-21,-10,-21,-11,-21,-11,-21,-12,-21,-13,-21,-13,-21,-13,-21,-13,-21,-13,-22,-13,-22,-13,-22,-12,-22,-12,-22,-12,-22,-11,-22,-11,-22,-10,-22,-10,-22,-10,-22,-9,-22,-9]"
CSI_DATA,99662,d8:b1:90:db:e8:90,-52,11,1,7,0,0,1,0,0,0,1,-95,0,4,0,1512393404,0,100,0,128,1,"[100,-64,5,0,9,-21,8,-21,8,-20,7,-20,6,-19,5,-19,5,-19,4,-20,3,-20,3,-20,2,-20,2,-20,2,-20,1,-21,2,-21,2,-22,3,-22,3,-22,3,-22,3,-21,4,-21,4,-21,5,-20,6,-20,7,-20,1,-5,0,0,0,0,0,0,0,0,0,0,0,0,0,0,0,0,0,0,1,-5,6,-20,7,-20,8,-19,9,-19,10,-19,11,-20,12,-20,12,-20,13,-20,14,-20,14,-20,14,-20,14,-20,14,-20,14,-20,14,-20,13,-20,13,-21,13,-21,12,-21,12,-21,11,-21,11,-21,11,-21,11,-21,11,-21]"
CSI_DATA,99663,d8:b1:90:db:e8:90,-52,11,1,7,0,0,1,0,0,0,1,-95,0,4,0,1512405497,0,100,0,128,1,"[100,-64,5,0,7,-24,7,-23,6,-23,5,-22,5,-22,4,-22,3,-22,2,-22,2,-22,1,-22,0,-22,0,-22,0,-22,0,-22,0,-22,0,-23,1,-23,1,-23,1,-23,2,-23,2,-22,3,-22,4,-22,5,-22,6,-22,1,-6,0,0,0,0,0,0,0,0,0,0,0,0,0,0,0,0,0,0,1,-6,6,-21,7,-21,8,-21,9,-21,10,-21,11,-21,12,-21,13,-22,13,-22,13,-22,14,-22,14,-22,14,-22,14,-22,14,-22,13,-22,13,-22,13,-22,12,-23,11,-24,11,-24,11,-24,10,-24,9,-24,9,-25,9,-25]"
CSI_DATA,99664,d8:b1:90:db:e8:90,-52,11,1,7,0,0,1,0,0,0,1,-95,0,4,0,1512415698,0,100,0,128,1,"[100,-64,5,0,-25,-2,-25,-2,-24,-2,-23,-1,-23,-1,-22,0,-22,1,-22,1,-22,2,-22,3,-22,3,-22,3,-22,4,-22,4,-22,4,-23,3,-23,3,-23,3,-23,2,-23,1,-23,1,-23,0,-23,0,-23,-1,-23,-3,-6,-1,0,0,0,0,0,0,0,0,0,0,0,0,0,0,0,0,0,0,-6,0,-23,-1,-23,-2,-23,-4,-23,-5,-24,-5,-24,-6,-24,-7,-25,-7,-25,-8,-25,-9,-25,-9,-25,-9,-25,-10,-25,-10,-25,-9,-25,-8,-25,-8,-25,-8,-26,-7,-26,-6,-27,-6,-27,-5,-27,-5,-26,-4,-27,-4,-27,-3]"
CSI_DATA,99665,d8:b1:90:db:e8:90,-52,11,1,7,0,0,1,0,0,0,1,-95,0,4,0,1512443955,0,100,0,128,1,"[100,-64,5,0,7,-25,6,-25,6,-25,5,-24,4,-24,4,-24,3,-23,2,-23,2,-23,1,-23,0,-23,0,-23,0,-24,0,-24,1,-24,1,-24,1,-25,2,-25,2,-24,2,-24,2,-23,3,-23,4,-23,5,-23,6,-22,1,-6,0,0,0,0,0,0,0,0,0,0,0,0,0,0,0,0,0,0,1,-6,6,-21,7,-21,8,-22,9,-22,10,-22,10,-22,10,-22,11,-22,11,-23,12,-23,13,-23,14,-23,13,-24,13,-24,13,-24,12,-24,12,-25,12,-25,11,-25,11,-25,10,-25,10,-26,9,-26,9,-26,9,-26,9,-26]"
CSI_DATA,99666,d8:b1:90:db:e8:90,-52,11,1,7,0,0,1,0,0,0,1,-95,0,4,0,1512455823,0,100,0,128,1,"[100,-64,5,0,-27,-4,-26,-3,-26,-2,-25,-1,-25,-1,-24,0,-24,0,-24,1,-23,1,-23,2,-24,2,-24,3,-24,3,-24,3,-24,3,-24,3,-24,2,-24,2,-24,1,-23,1,-23,0,-23,-1,-23,-2,-23,-3,-23,-5,-6,-2,0,0,0,0,0,0,0,0,0,0,0,0,0,0,0,0,0,0,-6,0,-22,0,-22,-1,-23,-3,-23,-4,-24,-5,-24,-5,-25,-5,-25,-6,-26,-7,-26,-8,-26,-8,-26,-8,-27,-9,-27,-9,-26,-8,-26,-8,-26,-7,-27,-7,-27,-6,-28,-6,-28,-6,-28,-5,-28,-5,-28,-5,-28,-4,-27,-4]"
