CSI_DATA,40504,d8:b1:90:db:e8:90,-41,11,1,7,0,0,1,0,0,0,1,-93,0,4,0,634722425,0,100,0,128,1,"[100,-64,5,0,-9,-25,-9,-25,-9,-24,-9,-24,-9,-23,-10,-23,-10,-22,-11,-22,-11,-22,-11,-22,-12,-21,-12,-21,-12,-21,-12,-21,-12,-21,-11,-20,-11,-20,-10,-20,-10,-19,-9,-19,-9,-19,-9,-18,-8,-18,-7,-18,-6,-18,-2,-5,0,0,0,0,0,0,0,0,0,0,0,0,0,0,0,0,0,0,-2,-5,-7,-17,-7,-18,-6,-19,-6,-19,-6,-20,-5,-21,-4,-21,-4,-22,-4,-22,-3,-23,-3,-23,-3,-23,-3,-24,-3,-24,-3,-24,-3,-24,-3,-24,-4,-24,-4,-24,-5,-24,-6,-25,-6,-25,-7,-25,-7,-25,-7,-25,-7,-26]"
CSI_DATA,40505,d8:b1:90:db:e8:90,-41,11,1,7,0,0,1,0,0,0,1,-93,0,4,0,634741011,0,100,0,128,1,"[100,-64,5,0,12,16,13,16,13,15,13,15,13,14,13,14,14,14,13,14,13,13,14,13,14,13,14,13,14,12,14,12,14,13,13,13,13,12,13,12,12,12,12,12,11,11,11,11,10,11,9,12,9,12,2,3,0,0,0,0,0,0,0,0,0,0,0,0,0,0,0,0,0,0,2,2,11,10,10,11,10,11,10,12,10,12,10,13,10,14,10,15,10,15,10,16,10,16,10,16,10,16,9,17,9,17,8,17,9,17,9,17,10,17,10,17,11,17,11,17,11,17,12,17,12,17,12,16]"
CSI_DATA,40506,d8:b1:90:db:e8:90,-41,11,1,7,0,0,1,0,0,0,1,-93,0,4,0,634753272,0,100,0,128,1,"[100,-64,5,0,-15,20,-15,20,-14,20,-14,20,-14,21,-13,21,-12,21,-11,21,-11,21,-11,21,-10,21,-10,21,-9,21,-9,20,-9,21,-10,21,-10,21,-10,20,-10,20,-10,19,-10,18,-10,18,-10,17,-10,16,-11,16,-3,4,0,0,0,0,0,0,0,0,0,0,0,0,0,0,0,0,0,0,-2,4,-8,17,-9,16,-10,16,-11,17,-12,17,-13,17,-14,17,-14,17,-15,17,-15,17,-17,17,-17,17,-17,17,-17,18,-18,18,-18,18,-18,18,-18,18,-17,17,-17,18,-17,18,-17,19,-17,19,-17,20,-17,20,-17,20]"
CSI_DATA,40512,d8:b1:90:db:e8:90,-41,11,1,7,0,0,1,0,0,0,1,-93,0,4,0,634851636,0,100,0,128,1,"[100,-64,5,0,-10,19,-10,19,-9,19,-8,19,-7,19,-7,19,-6,18,-6,18,-6,18,-5,18,-5,18,-6,18,-6,18,-6,18,-6,18,-6,18,-6,17,-6,17,-6,16,-6,16,-6,15,-6,15,-7,14,-8,14,-9,14,-3,3,0,0,0,0,0,0,0,0,0,0,0,0,0,0,0,0,0,0,-2,3,-5,15,-6,14,-7,14,-7,14,-8,15,-8,15,-9,15,-10,15,-10,16,-11,16,-12,16,-13,16,-13,16,-12,17,-12,17,-12,17,-12,17,-11,17,-11,17,-11,17,-11,18,-11,18,-11,18,-11,18,-11,19,-11,18]"
CSI_DATA,40513,d8:b1:90:db:e8:90,-41,11,1,7,0,0,1,0,0,0,1,-93,0,4,0,634863333,0,100,0,128,1,"[100,-64,5,0,19,8,19,8,19,7,19,6,19,5,19,5,19,4,19,4,19,3,19,3,19,3,19,3,19,3,19,3,19,3,18,3,17,3,17,3,16,3,16,3,16,4,15,4,15,4,14,5,14,5,3,1,0,0,0,0,0,0,0,0,0,0,0,0,0,0,0,0,0,0,3,0,14,2,15,3,15,4,15,4,15,5,16,5,16,6,16,7,17,8,17,8,17,9,17,9,18,9,17,9,17,9,17,9,17,9,17,8,18,8,18,8,19,8,18,8,18,8,19,8,19,7,19,7]"
CSI_DATA,40514,d8:b1:90:db:e8:90,-41,11,1,7,0,0,1,0,0,0,1,-93,0,4,0,634875433,0,100,0,128,1,"[100,-64,5,0,21,4,21,4,21,4,21,3,21,2,20,2,20,1,21,0,21,0,21,0,21,0,20,0,20,0,20,-1,20,0,20,0,19,0,18,0,17,1,17,1,17,1,17,2,17,2,16,3,16,3,4,0,0,0,0,0,0,0,0,0,0,0,0,0,0,0,0,0,0,0,4,0,16,0,16,1,16,1,16,2,17,2,18,3,18,4,18,5,19,5,19,6,19,6,20,7,20,7,19,6,19,6,19,6,19,6,20,6,20,6,20,6,21,5,21,5,21,5,21,5,21,5,21,5]"
CSI_DATA,40515,d8:b1:90:db:e8:90,-41,11,1,7,0,0,1,0,0,0,1,-93,0,4,0,634887500,0,100,0,128,1,"[100,-64,5,0,2,-24,2,-24,1,-23,1,-23,0,-23,-1,-22,-1,-22,-2,-22,-2,-22,-2,-22,-2,-22,-2,-22,-2,-22,-2,-22,-2,-22,-2,-22,-1,-21,-1,-21,-1,-20,0,-19,0,-19,0,-18,1,-18,2,-18,2,-17,0,-5,0,0,0,0,0,0,0,0,0,0,0,0,0,0,0,0,0,0,-1,-5,-1,-18,0,-18,1,-18,2,-19,2,-19,3,-19,3,-19,4,-20,5,-20,5,-21,5,-21,6,-21,6,-22,6,-22,6,-22,6,-22,5,-22,5,-22,4,-22,4,-22,4,-23,4,-23,4,-23,3,-23,3,-24,3,-24]"
CSI_DATA,40516,d8:b1:90:db:e8:90,-41,11,1,7,0,0,1,0,0,0,1,-93,0,4,0,634899827,0,100,0,128,1,"[100,-64,5,0,-22,-11,-22,-10,-22,-10,-22,-9,-22,-8,-21,-8,-21,-7,-22,-7,-22,-6,-22,-6,-22,-5,-21,-5,-21,-5,-21,-5,-21,-5,-20,-5,-19,-5,-19,-5,-18,-5,-17,-6,-16,-7,-16,-7,-15,-7,-15,-8,-15,-9,-4,-3,0,0,0,0,0,0,0,0,0,0,0,0,0,0,0,0,0,0,-5,-1,-17,-4,-16,-5,-16,-6,-16,-6,-16,-7,-17,-8,-18,-8,-18,-9,-18,-9,-18,-10,-18,-11,-17,-11,-18,-12,-18,-12,-18,-12,-19,-12,-19,-12,-19,-11,-20,-11,-20,-11,-20,-11,-20,-11,-21,-11,-21,-11,-21,-11,-21,-11]"
CSI_DATA,40517,d8:b1:90:db:e8:90,-41,11,1,7,0,0,1,0,0,0,1,-93,0,4,0,634915527,0,100,0,128,1,"[100,-64,5,0,22,9,22,9,22,9,22,8,22,8,22,7,22,6,21,5,21,5,22,4,22,4,21,4,21,3,21,3,21,3,20,4,20,4,19,4,18,4,17,5,17,5,16,5,16,6,15,6,15,7,3,1,0,0,0,0,0,0,0,0,0,0,0,0,0,0,0,0,0,0,4,0,16,3,16,4,16,5,16,6,17,7,17,7,18,8,18,9,19,9,19,10,18,11,18,11,18,11,18,11,18,11,18,11,19,11,19,11,20,11,20,11,20,10,21,10,21,11,22,11,22,11,22,10]"
CSI_DATA,40518,d8:b1:90:db:e8:90,-41,11,1,7,0,0,1,0,0,0,1,-93,0,4,0,634941072,0,100,0,128,1,"[100,-64,5,0,-22,-15,-22,-14,-22,-14,-21,-14,-21,-13,-21,-12,-21,-12,-22,-11,-22,-11,-22,-11,-22,-11,-22,-11,-23,-11,-22,-11,-22,-11,-21,-11,-21,-10,-20,-10,-20,-11,-20,-11,-19,-12,-19,-12,-18,-12,-17,-12,-15,-12,-4,-4,0,0,0,0,0,0,0,0,0,0,0,0,0,0,0,0,0,0,-5,-2,-18,-8,-18,-9,-18,-10,-18,-11,-18,-11,-18,-12,-19,-13,-19,-14,-19,-14,-19,-15,-19,-16,-18,-16,-18,-17,-19,-17,-19,-18,-20,-18,-20,-17,-20,-17,-20,-17,-20,-16,-21,-16,-21,-15,-21,-15,-21,-15,-22,-15,-21,-15]"
CSI_DATA,40519,d8:b1:90:db:e8:90,-41,11,1,7,0,0,1,0,0,0,1,-93,0,4,0,634953622,0,100,0,128,1,"[100,-64,5,0,18,11,18,10,18,10,18,10,17,9,17,9,18,8,18,7,18,7,17,6,18,6,18,6,18,6,17,6,17,7,17,7,17,8,16,7,16,7,15,7,15,7,14,7,14,7,13,8,13,8,3,2,0,0,0,0,0,0,0,0,0,0,0,0,0,0,0,0,0,0,3,1,13,6,13,7,13,7,14,8,14,9,14,10,14,11,14,11,14,12,14,12,14,12,14,12,14,13,14,13,14,13,14,13,14,13,15,12,16,12,16,12,16,12,16,12,16,12,17,12,17,12,17,11]"
CSI_DATA,40520,d8:b1:90:db:e8:90,-41,11,1,7,0,0,1,0,0,0,1,-93,0,4,0,634964135,0,100,0,128,1,"[100,-64,5,0,-19,8,-19,8,-19,9,-19,9,-18,9,-18,9,-17,9,-17,10,-17,10,-17,10,-17,10,-16,10,-16,10,-16,10,-16,10,-16,10,-16,10,-16,9,-16,9,-15,8,-15,8,-15,7,-15,7,-14,6,-14,5,-4,1,0,0,0,0,0,0,0,0,0,0,0,0,0,0,0,0,0,0,-3,2,-13,8,-13,7,-14,7,-15,6,-15,6,-16,7,-16,7,-17,7,-17,7,-18,6,-19,6,-19,5,-19,5,-19,5,-19,4,-19,4,-19,5,-19,5,-19,6,-19,6,-19,6,-19,7,-20,7,-20,7,-20,7,-19,8]"
CSI_DATA,40521,d8:b1:90:db:e8:90,-41,11,1,7,0,0,1,0,0,0,1,-93,0,4,0,634977949,0,100,0,128,1,"[100,-64,5,0,22,-8,22,-8,21,-8,21,-8,21,-8,21,-9,20,-9,19,-10,19,-11,18,-11,18,-11,18,-11,18,-11,18,-11,18,-11,19,-10,18,-10,18,-10,18,-9,17,-9,17,-8,16,-8,16,-7,16,-6,16,-6,4,-2,0,0,0,0,0,0,0,0,0,0,0,0,0,0,0,0,0,0,3,-2,15,-7,15,-7,16,-7,16,-6,17,-6,18,-6,19,-6,19,-6,20,-6,20,-5,21,-4,21,-4,21,-4,21,-3,21,-3,21,-3,21,-3,21,-4,21,-5,21,-5,21,-6,22,-6,22,-6,22,-6,22,-6,22,-7]"
CSI_DATA,40522,d8:b1:90:db:e8:90,-41,11,1,7,0,0,1,0,0,0,1,-93,0,4,0,634989292,0,100,0,128,1,"[100,-64,5,0,23,-12,22,-12,22,-13,21,-13,21,-13,20,-13,20,-14,20,-14,20,-14,19,-14,19,-14,19,-14,19,-14,19,-15,19,-14,19,-14,18,-14,17,-13,17,-13,17,-12,16,-11,16,-10,16,-10,16,-9,17,-9,4,-3,0,0,0,0,0,0,0,0,0,0,0,0,0,0,0,0,0,0,3,-3,14,-12,15,-12,16,-11,16,-11,17,-11,18,-11,18,-11,19,-12,19,-12,20,-11,21,-11,21,-11,21,-11,21,-11,22,-11,22,-11,22,-12,22,-12,22,-11,22,-11,22,-12,22,-12,22,-12,23,-12,23,-12,23,-13]"
CSI_DATA,40523,d8:b1:90:db:e8:90,-41,11,1,7,0,0,1,0,0,0,1,-93,0,4,0,634999669,0,100,0,128,1,"[100,-64,5,0,10,22,10,22,11,22,12,21,12,21,13,20,12,19,12,19,12,19,13,18,13,18,14,19,13,19,13,19,13,19,13,18,12,18,11,17,11,16,11,16,10,16,10,15,9,15,9,16,8,17,2,4,0,0,0,0,0,0,0,0,0,0,0,0,0,0,0,0,0,0,2,3,11,15,10,16,9,16,9,17,9,17,9,18,9,18,9,19,9,20,9,20,9,21,9,21,9,21,9,21,9,22,9,22,9,22,9,22,9,22,10,22,10,22,11,22,11,23,11,23,11,23,11,23]"
CSI_DATA,40524,d8:b1:90:db:e8:90,-41,11,1,7,0,0,1,0,0,0,1,-93,0,4,0,635021234,0,100,0,128,1,"[100,-64,5,0,18,13,18,13,18,13,19,12,19,12,19,11,19,11,19,10,19,10,19,9,19,9,19,10,19,10,19,10,19,10,18,10,18,10,17,9,16,9,16,9,16,9,15,9,15,9,14,10,13,10,3,2,0,0,0,0,0,0,0,0,0,0,0,0,0,0,0,0,0,0,3,1,15,7,15,8,15,8,15,9,15,10,15,11,15,12,15,12,16,13,16,14,16,14,16,15,16,15,16,15,15,15,15,15,16,15,16,15,16,15,17,15,17,15,18,14,18,14,18,14,18,14,18,14]"
CSI_DATA,40525,d8:b1:90:db:e8:90,-41,11,1,7,0,0,1,0,0,0,1,-93,0,4,0,635043678,0,100,0,128,1,"[100,-64,5,0,19,8,19,7,19,7,19,7,19,7,19,7,19,6,18,6,18,5,18,5,18,5,19,5,19,5,19,5,18,5,18,5,17,5,17,5,16,5,15,5,15,5,15,5,14,6,14,6,13,6,3,1,0,0,0,0,0,0,0,0,0,0,0,0,0,0,0,0,0,0,3,0,14,3,14,4,14,5,14,6,14,6,15,7,15,7,16,8,16,9,16,9,16,10,16,10,16,10,16,10,16,10,16,10,17,10,17,10,16,10,17,10,17,10,18,10,18,9,18,9,19,9,19,9]"
CSI_DATA,40526,d8:b1:90:db:e8:90,-41,11,1,7,0,0,1,0,0,0,1,-93,0,4,0,635053893,0,100,0,128,1,"[100,-64,5,0,18,9,18,9,18,8,18,8,18,8,18,8,18,7,18,7,18,6,17,6,17,6,18,6,18,6,18,6,18,6,17,6,17,6,16,6,15,6,15,6,14,6,14,6,14,6,13,7,13,7,3,2,0,0,0,0,0,0,0,0,0,0,0,0,0,0,0,0,0,0,3,1,14,5,14,5,14,6,14,7,14,7,14,8,14,8,15,9,15,10,15,10,15,11,15,11,15,11,15,11,15,11,15,11,16,11,16,11,15,11,16,11,16,10,16,10,17,10,17,10,17,10,18,9]"
CSI_DATA,40527,d8:b1:90:db:e8:90,-40,11,1,7,0,0,1,0,0,0,1,-94,0,4,0,635066956,0,100,0,128,1,"[100,-64,5,0,-19,-10,-19,-10,-19,-10,-19,-10,-19,-9,-19,-9,-18,-8,-18,-9,-18,-9,-18,-8,-18,-8,-18,-8,-18,-7,-18,-7,-18,-7,-18,-7,-17,-7,-17,-7,-16,-7,-16,-7,-16,-7,-15,-7,-14,-8,-14,-9,-13,-9,-4,-3,0,0,0,0,0,0,0,0,0,0,0,0,0,0,0,0,0,0,-4,-2,-14,-7,-14,-8,-14,-9,-14,-9,-14,-10,-14,-10,-14,-11,-15,-11,-15,-12,-15,-12,-15,-13,-15,-13,-15,-13,-15,-13,-15,-13,-16,-13,-16,-13,-16,-13,-16,-12,-16,-12,-17,-11,-17,-11,-18,-11,-18,-11,-18,-11,-18,-11]"
CSI_DATA,40528,d8:b1:90:db:e8:90,-40,11,1,7,0,0,1,0,0,0,1,-94,0,4,0,635078164,0,100,0,128,1,"[100,-64,5,0,-17,16,-17,15,-16,16,-16,16,-16,16,-15,16,-15,16,-15,15,-15,15,-15,16,-14,16,-14,16,-14,16,-14,16,-14,16,-14,16,-14,15,-14,15,-14,14,-14,13,-13,12,-13,12,-13,11,-14,10,-15,10,-4,2,0,0,0,0,0,0,0,0,0,0,0,0,0,0,0,0,0,0,-3,3,-11,13,-12,12,-13,12,-13,12,-14,12,-15,12,-15,12,-16,12,-17,13,-17,12,-18,12,-18,12,-18,12,-18,12,-18,12,-18,12,-18,12,-18,13,-17,13,-17,13,-17,14,-17,14,-17,15,-17,15,-17,16,-17,16]"
CSI_DATA,40529,d8:b1:90:db:e8:90,-40,11,1,7,0,0,1,0,0,0,1,-94,0,4,0,635089130,0,100,0,128,1,"[100,-64,5,0,-7,22,-6,22,-6,22,-5,21,-5,21,-5,21,-4,21,-4,21,-4,20,-3,21,-2,21,-2,21,-2,20,-2,20,-2,20,-2,19,-2,19,-3,19,-3,18,-3,18,-3,17,-3,17,-4,16,-5,16,-6,15,-2,3,0,0,0,0,0,0,0,0,0,0,0,0,0,0,0,0,0,0,-1,4,-2,16,-3,16,-5,16,-5,17,-6,17,-7,17,-8,18,-8,18,-8,18,-9,19,-10,19,-11,18,-11,18,-11,18,-11,19,-11,19,-10,19,-10,19,-10,19,-10,19,-9,20,-8,20,-8,20,-7,21,-7,21,-7,22]"
CSI_DATA,40530,d8:b1:90:db:e8:90,-40,11,1,7,0,0,1,0,0,0,1,-94,0,4,0,635106672,0,100,0,128,1,"[100,-64,5,0,-10,18,-10,18,-9,18,-8,18,-8,17,-7,17,-7,18,-7,18,-7,17,-7,17,-6,18,-6,18,-6,18,-6,18,-6,18,-6,17,-7,17,-7,17,-7,16,-7,15,-6,15,-6,14,-7,14,-7,14,-7,14,-2,3,0,0,0,0,0,0,0,0,0,0,0,0,0,0,0,0,0,0,-2,3,-6,13,-6,13,-7,13,-8,13,-9,13,-9,13,-10,14,-11,15,-11,15,-12,15,-12,14,-12,14,-12,14,-12,15,-12,15,-12,15,-12,15,-12,16,-11,16,-11,16,-11,16,-11,16,-11,17,-10,17,-10,18,-11,18]"
CSI_DATA,40531,d8:b1:90:db:e8:90,-40,11,1,7,0,0,1,0,0,0,1,-94,0,4,0,635117286,0,100,0,128,1,"[100,-64,5,0,-22,4,-22,4,-21,5,-20,5,-20,5,-19,5,-19,6,-19,6,-19,6,-19,6,-19,6,-19,7,-19,7,-19,6,-19,6,-19,6,-19,6,-18,5,-18,5,-17,4,-17,4,-17,3,-16,3,-16,3,-16,3,-4,0,0,0,0,0,0,0,0,0,0,0,0,0,0,0,0,0,0,0,-4,1,-15,5,-15,5,-15,4,-16,3,-16,3,-17,3,-18,3,-19,2,-20,2,-20,2,-20,1,-19,1,-19,1,-20,1,-20,1,-21,1,-21,2,-21,2,-20,2,-20,2,-20,3,-20,3,-21,3,-21,3,-21,3,-22,3]"
CSI_DATA,40532,d8:b1:90:db:e8:90,-39,11,1,7,0,0,1,0,0,0,1,-94,0,4,0,635150400,0,100,0,128,1,"[100,-64,5,0,16,-14,15,-15,15,-15,15,-15,15,-15,14,-15,14,-15,13,-15,13,-16,13,-16,13,-16,13,-16,12,-16,12,-16,12,-16,13,-15,13,-14,12,-14,12,-13,12,-13,12,-12,12,-12,12,-11,12,-10,12,-10,3,-3,0,0,0,0,0,0,0,0,0,0,0,0,0,0,0,0,0,0,2,-3,10,-12,11,-12,12,-12,12,-12,13,-12,13,-12,14,-12,15,-11,16,-11,17,-11,17,-10,18,-10,18,-10,18,-10,18,-10,18,-10,18,-11,18,-11,17,-12,17,-12,17,-13,17,-13,17,-13,17,-13,17,-13,17,-13]"
CSI_DATA,40533,d8:b1:90:db:e8:90,-39,11,1,7,0,0,1,0,0,0,1,-94,0,4,0,635160969,0,100,0,128,1,"[100,-64,5,0,-19,-15,-19,-14,-19,-14,-19,-14,-19,-13,-20,-13,-20,-12,-20,-12,-20,-11,-20,-11,-20,-11,-20,-10,-20,-10,-20,-9,-19,-10,-19,-10,-19,-10,-18,-10,-18,-10,-17,-10,-17,-11,-16,-11,-16,-11,-15,-11,-15,-11,-4,-3,0,0,0,0,0,0,0,0,0,0,0,0,0,0,0,0,0,0,-4,-3,-16,-9,-15,-10,-15,-11,-15,-12,-15,-13,-16,-13,-16,-14,-16,-15,-16,-15,-16,-16,-16,-17,-16,-17,-16,-17,-16,-17,-15,-17,-16,-17,-16,-17,-17,-17,-17,-16,-17,-16,-18,-16,-18,-16,-18,-16,-18,-16,-18,-16,-19,-16]"
CSI_DATA,40534,d8:b1:90:db:e8:90,-39,11,1,7,0,0,1,0,0,0,1,-94,0,4,0,635178751,0,100,0,128,1,"[100,-64,5,0,-24,-2,-24,-2,-23,-2,-23,-2,-23,-1,-23,-1,-23,0,-22,0,-22,0,-22,0,-22,0,-23,1,-23,1,-22,1,-22,0,-22,0,-21,0,-21,0,-20,0,-20,-1,-19,-1,-19,-1,-19,-2,-18,-2,-18,-3,-5,-1,0,0,0,0,0,0,0,0,0,0,0,0,0,0,0,0,0,0,-5,0,-18,1,-18,0,-18,0,-19,-1,-19,-1,-20,-2,-21,-2,-21,-3,-22,-4,-22,-4,-22,-4,-22,-4,-22,-5,-22,-5,-22,-5,-23,-5,-23,-5,-23,-4,-23,-4,-24,-3,-24,-3,-24,-2,-25,-2,-25,-2,-25,-1,-25,-1]"
CSI_DATA,40535,d8:b1:90:db:e8:90,-39,11,1,7,0,0,1,0,0,0,1,-94,0,4,0,635190386,0,100,0,128,1,"[100,-64,5,0,-1,-24,-2,-24,-2,-24,-1,-23,-1,-23,-2,-23,-2,-23,-3,-23,-3,-22,-4,-22,-4,-22,-4,-23,-4,-23,-3,-23,-3,-22,-3,-22,-3,-21,-3,-21,-2,-20,-2,-20,-1,-20,-1,-19,-1,-19,0,-18,1,-19,0,-5,0,0,0,0,0,0,0,0,0,0,0,0,0,0,0,0,0,0,-1,-5,-3,-18,-3,-18,-2,-19,-2,-19,-1,-20,-1,-20,0,-21,1,-21,1,-22,1,-22,1,-22,1,-23,2,-23,2,-23,2,-23,2,-23,1,-23,1,-23,0,-24,0,-24,0,-25,-1,-25,-1,-25,-1,-25,-2,-25,-2,-25]"
CSI_DATA,40536,d8:b1:90:db:e8:90,-40,11,1,7,0,0,1,0,0,0,1,-94,0,4,0,635203463,0,100,0,128,1,"[100,-64,5,0,-20,11,-19,11,-19,11,-19,12,-18,11,-18,12,-17,12,-17,13,-16,13,-16,12,-16,13,-16,13,-16,13,-16,13,-15,13,-15,13,-15,13,-15,12,-15,12,-15,12,-15,11,-15,10,-15,10,-14,9,-14,9,-4,2,0,0,0,0,0,0,0,0,0,0,0,0,0,0,0,0,0,0,-4,2,-13,10,-14,9,-15,9,-15,9,-16,9,-17,9,-18,9,-18,9,-19,9,-20,9,-20,8,-21,8,-21,8,-21,8,-21,8,-21,8,-21,8,-20,8,-20,9,-19,10,-19,10,-20,10,-21,10,-21,10,-21,10,-20,10]"
CSI_DATA,40537,d8:b1:90:db:e8:90,-39,11,1,7,0,0,1,0,0,0,1,-94,0,4,0,635221262,0,100,0,128,1,"[100,-64,5,0,-22,0,-22,1,-22,1,-21,1,-21,1,-20,2,-20,2,-20,3,-20,3,-20,4,-20,4,-19,4,-19,4,-19,4,-19,3,-19,4,-19,3,-19,3,-18,3,-18,2,-17,2,-17,2,-17,1,-16,1,-16,0,-4,0,0,0,0,0,0,0,0,0,0,0,0,0,0,0,0,0,0,0,-4,1,-16,4,-16,3,-16,2,-17,1,-17,1,-18,1,-19,1,-19,1,-19,0,-20,0,-20,-1,-20,-1,-21,-1,-21,-2,-21,-1,-21,-1,-21,-1,-21,-1,-21,0,-21,0,-21,0,-21,0,-22,0,-22,0,-22,1,-22,0]"
CSI_DATA,40538,d8:b1:90:db:e8:90,-40,11,1,7,0,0,1,0,0,0,1,-94,0,4,0,635251989,0,100,0,128,1,"[100,-64,5,0,18,-5,18,-5,17,-6,17,-5,17,-6,17,-6,17,-6,17,-6,16,-6,16,-6,15,-6,15,-6,15,-6,15,-6,14,-6,13,-8,13,-8,12,-8,12,-7,13,-7,13,-7,13,-6,13,-5,13,-5,13,-4,3,-1,0,0,0,0,0,0,0,0,0,0,0,0,0,0,0,0,0,0,3,-2,12,-7,12,-6,13,-5,13,-4,13,-4,14,-4,14,-4,15,-4,16,-3,16,-3,16,-3,16,-3,17,-2,17,-2,18,-2,18,-2,18,-2,18,-2,18,-3,18,-3,18,-3,18,-3,17,-4,17,-4,18,-4,18,-5]"
CSI_DATA,40539,d8:b1:90:db:e8:90,-40,11,1,7,0,0,1,0,0,0,1,-94,0,4,0,635263717,0,100,0,128,1,"[100,-64,5,0,21,-4,21,-5,21,-5,21,-5,20,-5,20,-6,20,-7,20,-7,19,-7,19,-8,19,-8,19,-8,18,-8,18,-9,18,-9,18,-8,18,-8,18,-8,18,-7,17,-7,17,-6,17,-5,16,-5,16,-4,16,-4,4,-1,0,0,0,0,0,0,0,0,0,0,0,0,0,0,0,0,0,0,3,-2,15,-5,15,-5,16,-4,16,-4,17,-3,18,-3,19,-2,19,-2,20,-2,20,-1,20,0,20,0,20,0,21,0,21,-1,21,-1,21,-1,21,-1,22,-2,22,-2,22,-3,22,-3,22,-4,22,-4,22,-4,22,-4]"
CSI_DATA,40540,d8:b1:90:db:e8:90,-40,11,1,7,0,0,1,0,0,0,1,-94,0,4,0,635275651,0,100,0,128,1,"[100,-64,5,0,-22,-10,-22,-9,-22,-9,-22,-8,-22,-8,-22,-8,-22,-7,-22,-6,-21,-6,-21,-5,-22,-5,-22,-5,-22,-5,-21,-5,-21,-5,-21,-5,-20,-6,-20,-5,-19,-6,-19,-6,-19,-6,-18,-6,-17,-7,-17,-7,-17,-8,-4,-2,0,0,0,0,0,0,0,0,0,0,0,0,0,0,0,0,0,0,-5,-1,-17,-4,-17,-5,-17,-6,-18,-7,-18,-7,-18,-8,-19,-9,-19,-10,-20,-10,-19,-11,-19,-11,-19,-12,-19,-12,-19,-12,-20,-12,-20,-12,-20,-12,-21,-12,-21,-11,-21,-11,-21,-11,-22,-11,-22,-10,-22,-10,-22,-10,-23,-10]"
CSI_DATA,40541,d8:b1:90:db:e8:90,-39,11,1,7,0,0,1,0,0,0,1,-94,0,4,0,635287351,0,100,0,128,1,"[100,-64,5,0,-4,23,-4,22,-3,22,-4,22,-3,23,-3,22,-2,22,-2,22,-2,21,-2,21,-1,21,0,22,0,22,0,21,-1,21,-1,21,-1,21,-2,20,-2,19,-2,19,-2,18,-2,18,-3,17,-4,18,-5,18,-2,4,0,0,0,0,0,0,0,0,0,0,0,0,0,0,0,0,0,0,-1,4,-1,17,-2,17,-3,18,-4,18,-4,19,-5,19,-5,20,-6,20,-6,20,-7,21,-8,21,-9,21,-9,21,-8,21,-8,21,-8,21,-8,21,-7,22,-7,22,-7,22,-6,23,-6,23,-6,23,-6,23,-5,23,-5,23]"
CSI_DATA,40542,d8:b1:90:db:e8:90,-40,11,1,7,0,0,1,0,0,0,1,-94,0,4,0,635309339,0,100,0,128,1,"[100,-64,5,0,-24,-9,-24,-9,-24,-8,-24,-8,-24,-8,-24,-7,-24,-7,-24,-7,-23,-6,-23,-5,-23,-6,-24,-7,-23,-7,-23,-7,-23,-6,-23,-6,-22,-6,-21,-6,-21,-6,-20,-6,-20,-7,-19,-7,-19,-7,-18,-8,-18,-8,-5,-2,0,0,0,0,0,0,0,0,0,0,0,0,0,0,0,0,0,0,-5,-2,-18,-7,-18,-7,-18,-8,-18,-8,-19,-9,-19,-10,-20,-11,-21,-12,-21,-13,-21,-13,-21,-13,-21,-13,-21,-14,-21,-14,-21,-14,-21,-14,-22,-13,-22,-13,-22,-12,-23,-12,-23,-12,-24,-12,-24,-11,-24,-11,-25,-11,-24,-10]"
CSI_DATA,40543,d8:b1:90:db:e8:90,-40,11,1,7,0,0,1,0,0,0,1,-94,0,4,0,635322407,0,100,0,128,1,"[100,-64,5,0,14,14,14,14,14,14,14,14,14,13,14,13,14,12,14,12,14,12,14,12,14,12,14,12,14,12,13,12,13,12,13,12,12,12,12,12,11,12,10,11,10,11,10,11,9,11,9,12,8,12,2,3,0,0,0,0,0,0,0,0,0,0,0,0,0,0,0,0,0,0,2,2,11,9,10,10,10,10,10,11,10,12,10,12,11,13,11,13,11,14,11,15,11,15,10,15,10,15,11,15,11,15,11,16,11,15,11,16,11,15,12,15,12,15,13,15,13,15,13,15,13,15,14,15]"
CSI_DATA,40544,d8:b1:90:db:e8:90,-40,11,1,7,0,0,1,0,0,0,1,-94,0,4,0,635350906,0,100,0,128,1,"[100,-64,5,0,19,7,19,7,19,6,19,6,19,6,19,6,19,5,19,4,19,4,19,3,19,3,19,4,19,4,19,4,18,4,18,4,17,4,17,4,16,5,16,5,15,5,15,5,14,5,14,5,13,6,3,1,0,0,0,0,0,0,0,0,0,0,0,0,0,0,0,0,0,0,3,0,14,3,15,3,15,4,15,5,15,5,16,6,16,6,16,7,16,7,17,8,17,8,17,8,17,9,17,9,17,9,17,9,17,8,17,8,18,8,18,8,18,8,19,8,19,7,19,7,20,7,20,7]"
CSI_DATA,40545,d8:b1:90:db:e8:90,-40,11,1,7,0,0,1,0,0,0,1,-94,0,4,0,635366638,0,100,0,128,1,"[100,-64,5,0,6,-22,6,-22,5,-22,5,-22,5,-22,4,-22,4,-22,4,-21,4,-21,3,-21,2,-21,2,-20,2,-20,2,-20,2,-21,2,-20,3,-20,3,-20,3,-19,3,-18,3,-18,3,-17,3,-17,4,-17,5,-16,1,-4,0,0,0,0,0,0,0,0,0,0,0,0,0,0,0,0,0,0,0,-5,3,-17,3,-17,4,-17,5,-18,6,-18,6,-18,6,-18,7,-18,8,-18,8,-19,9,-19,9,-19,9,-19,9,-19,9,-19,9,-19,9,-20,9,-20,8,-20,8,-20,8,-20,8,-21,8,-22,7,-22,7,-22,7,-23]"
CSI_DATA,40546,d8:b1:90:db:e8:90,-40,11,1,7,0,0,1,0,0,0,1,-94,0,4,0,635385975,0,100,0,128,1,"[100,-64,5,0,21,8,21,8,21,7,21,7,20,7,20,7,20,6,20,5,20,4,20,4,20,4,20,3,20,3,20,3,20,4,19,4,19,4,19,4,18,4,17,4,17,4,16,5,16,5,15,5,15,5,3,1,0,0,0,0,0,0,0,0,0,0,0,0,0,0,0,0,0,0,3,0,16,4,16,4,16,5,17,6,17,6,17,7,17,7,18,8,18,9,18,9,18,9,18,10,18,10,19,10,19,10,19,9,20,9,19,9,19,10,19,9,20,9,20,9,20,8,20,8,20,9,21,9]"
CSI_DATA,40547,d8:b1:90:db:e8:90,-40,11,1,7,0,0,1,0,0,0,1,-94,0,4,0,635401291,0,100,0,128,1,"[100,-64,5,0,-24,-2,-24,-1,-23,-1,-23,-1,-23,0,-23,0,-22,0,-22,1,-21,1,-21,2,-21,2,-21,2,-21,2,-21,2,-21,2,-21,2,-20,2,-20,1,-19,1,-19,1,-19,0,-18,0,-18,0,-18,-1,-18,-1,-5,-1,0,0,0,0,0,0,0,0,0,0,0,0,0,0,0,0,0,0,-4,0,-16,3,-17,2,-18,1,-18,0,-19,0,-19,-1,-20,-1,-20,-2,-21,-2,-21,-3,-21,-4,-21,-4,-21,-4,-21,-4,-22,-5,-23,-4,-23,-4,-23,-4,-23,-3,-23,-3,-23,-3,-24,-2,-24,-2,-24,-1,-24,-2,-24,-2]"
CSI_DATA,40548,d8:b1:90:db:e8:90,-40,11,1,7,0,0,1,0,0,0,1,-94,0,4,0,635416433,0,100,0,128,1,"[100,-64,5,0,-22,-4,-21,-4,-21,-4,-21,-3,-21,-3,-20,-2,-20,-2,-20,-1,-20,-1,-19,0,-19,0,-20,0,-20,0,-19,0,-19,0,-19,0,-18,0,-18,0,-18,-1,-17,-1,-17,-1,-17,-1,-16,-2,-16,-2,-16,-3,-4,-1,0,0,0,0,0,0,0,0,0,0,0,0,0,0,0,0,0,0,-4,0,-16,0,-16,-1,-16,-2,-17,-3,-17,-3,-17,-4,-18,-4,-18,-5,-19,-5,-19,-5,-19,-6,-19,-6,-19,-6,-19,-7,-19,-7,-20,-7,-20,-7,-20,-6,-20,-6,-20,-6,-21,-6,-21,-5,-21,-4,-22,-4,-22,-4,-21,-5]"
CSI_DATA,40549,d8:b1:90:db:e8:90,-40,11,1,7,0,0,1,0,0,0,1,-94,0,4,0,635426465,0,100,0,128,1,"[100,-64,5,0,17,10,18,10,18,9,18,9,17,8,17,8,17,7,17,7,17,7,18,7,18,6,17,6,17,6,17,6,17,6,17,6,16,6,16,6,16,6,15,6,14,6,14,6,13,7,12,7,12,8,3,2,0,0,0,0,0,0,0,0,0,0,0,0,0,0,0,0,0,0,3,1,14,5,13,6,13,7,13,8,13,8,14,9,14,9,15,10,15,11,15,11,15,11,15,11,15,12,15,12,15,11,15,11,16,11,16,11,16,11,16,10,16,10,17,10,16,10,16,11,17,11,17,10]"
CSI_DATA,40550,d8:b1:90:db:e8:90,-39,11,1,7,0,0,1,0,0,0,1,-94,0,4,0,635456871,0,100,0,128,1,"[100,-64,5,0,12,17,12,17,12,17,13,16,13,16,13,16,13,15,12,15,12,14,12,14,13,14,13,13,13,13,13,13,13,13,13,13,12,13,12,13,11,13,11,12,10,12,10,12,9,12,8,12,8,12,2,3,0,0,0,0,0,0,0,0,0,0,0,0,0,0,0,0,0,0,2,2,10,10,10,11,10,12,9,13,9,13,9,14,9,14,9,15,9,15,8,16,8,17,7,17,7,17,7,17,7,18,7,18,8,18,8,18,8,18,9,18,10,17,10,17,10,18,11,18,11,17,11,17]"
CSI_DATA,40551,d8:b1:90:db:e8:90,-40,11,1,7,0,0,1,0,0,0,1,-94,0,4,0,635467667,0,100,0,128,1,"[100,-64,5,0,-9,-18,-9,-18,-9,-18,-9,-18,-10,-17,-10,-17,-10,-17,-10,-17,-10,-17,-10,-17,-11,-16,-11,-16,-11,-16,-11,-16,-10,-16,-10,-15,-10,-15,-9,-15,-9,-15,-8,-15,-8,-15,-8,-14,-7,-14,-6,-13,-6,-13,-2,-4,0,0,0,0,0,0,0,0,0,0,0,0,0,0,0,0,0,0,-3,-3,-9,-12,-9,-12,-8,-13,-8,-13,-8,-14,-8,-14,-8,-16,-7,-16,-7,-17,-7,-17,-7,-18,-6,-18,-6,-19,-6,-19,-7,-19,-7,-18,-7,-18,-7,-18,-7,-18,-7,-18,-7,-19,-8,-19,-8,-19,-9,-19,-9,-19,-9,-19]"
CSI_DATA,40552,d8:b1:90:db:e8:90,-40,11,1,7,0,0,1,0,0,0,1,-94,0,4,0,635482893,0,100,0,128,1,"[100,-64,5,0,-21,15,-20,15,-20,15,-20,15,-19,16,-19,16,-18,16,-18,16,-18,16,-18,16,-18,16,-17,17,-17,17,-17,16,-16,16,-16,16,-16,15,-15,15,-15,14,-16,14,-16,13,-16,13,-15,12,-15,11,-16,10,-4,2,0,0,0,0,0,0,0,0,0,0,0,0,0,0,0,0,0,0,-4,3,-13,12,-13,12,-14,12,-15,12,-15,12,-16,12,-18,12,-19,12,-20,12,-21,12,-21,11,-21,11,-22,11,-22,11,-22,12,-21,12,-21,12,-21,12,-21,12,-22,12,-22,13,-22,14,-22,14,-21,14,-21,15,-22,15]"
CSI_DATA,40553,d8:b1:90:db:e8:90,-40,11,1,7,0,0,1,0,1,0,1,-94,0,4,0,635494498,0,100,0,128,1,"[100,-64,5,0,-14,2,-17,-3,-18,-8,-20,-12,-21,-15,-22,-18,-22,-19,-22,-20,-22,-20,-21,-19,-20,-18,-19,-15,-17,-13,-16,-9,-15,-6,-15,-2,-15,2,-15,5,-15,8,-16,10,-17,11,-18,11,-18,11,-19,10,-20,8,-5,2,0,0,0,0,0,0,0,0,0,0,0,0,0,0,0,0,0,0,-3,3,-12,13,-14,13,-16,13,-17,12,-18,12,-19,12,-18,12,-17,12,-14,13,-12,14,-9,15,-5,17,-2,19,1,21,3,23,5,25,7,26,8,28,9,28,9,29,8,28,7,27,4,25,2,23,-2,19,-4,17]"
CSI_DATA,40554,d8:b1:90:db:e8:90,-40,11,1,7,0,0,1,0,1,0,1,-94,0,4,0,635505213,0,100,0,128,1,"[100,-64,5,0,-13,5,-17,1,-20,-3,-22,-6,-24,-8,-26,-10,-26,-12,-26,-13,-26,-14,-25,-13,-23,-12,-22,-10,-20,-7,-17,-4,-15,-1,-14,2,-13,6,-12,9,-11,12,-11,14,-12,16,-13,17,-13,17,-14,16,-15,15,-4,3,0,0,0,0,0,0,0,0,0,0,0,0,0,0,0,0,0,0,-2,3,-9,15,-11,15,-14,15,-15,15,-16,15,-16,15,-15,15,-14,15,-11,14,-8,15,-5,16,-1,17,2,18,6,19,9,21,11,22,13,23,15,24,16,25,16,25,15,25,13,24,10,23,7,22,3,19,0,17]"
CSI_DATA,40555,d8:b1:90:db:e8:90,-39,11,1,7,0,0,1,0,0,0,1,-94,0,4,0,635515519,0,100,0,128,1,"[100,-64,5,0,20,3,20,2,20,2,20,2,20,1,20,1,20,0,20,0,19,-1,19,-1,19,0,19,0,19,0,19,0,19,0,19,1,18,1,18,1,17,1,17,1,16,1,16,1,15,2,15,3,14,3,3,0,0,0,0,0,0,0,0,0,0,0,0,0,0,0,0,0,0,0,3,0,14,0,15,1,15,2,15,2,16,3,17,3,17,3,18,3,18,4,18,5,18,5,18,6,18,6,18,6,18,6,18,5,19,5,19,5,19,5,19,5,20,4,20,4,19,4,20,4,20,3,21,3]"
CSI_DATA,40556,d8:b1:90:db:e8:90,-40,11,1,7,0,0,1,0,0,0,1,-94,0,4,0,635528175,0,100,0,128,1,"[100,-64,5,0,-16,16,-16,17,-15,17,-15,16,-15,16,-14,16,-13,17,-13,17,-13,18,-13,18,-12,18,-12,18,-11,18,-11,18,-11,18,-11,17,-11,17,-11,16,-11,15,-11,15,-11,14,-11,14,-11,13,-11,13,-12,12,-3,3,0,0,0,0,0,0,0,0,0,0,0,0,0,0,0,0,0,0,-3,3,-11,12,-11,12,-12,12,-13,12,-13,12,-14,12,-14,12,-15,12,-15,12,-16,13,-17,13,-17,13,-17,13,-17,13,-17,13,-17,13,-17,13,-17,14,-18,14,-18,15,-17,15,-17,15,-17,16,-17,16,-16,16,-17,15]"
CSI_DATA,40557,d8:b1:90:db:e8:90,-39,11,1,7,0,0,1,0,0,0,1,-94,0,4,0,635555113,0,100,0,128,1,"[100,-64,5,0,18,-10,18,-10,18,-10,18,-10,17,-10,17,-10,17,-11,17,-11,17,-12,16,-12,16,-12,15,-12,15,-12,15,-12,16,-12,15,-11,15,-11,15,-11,14,-10,14,-10,14,-9,14,-8,14,-8,14,-7,14,-7,3,-2,0,0,0,0,0,0,0,0,0,0,0,0,0,0,0,0,0,0,3,-3,12,-9,13,-9,13,-8,14,-8,15,-8,15,-8,15,-8,16,-8,16,-7,17,-7,18,-7,18,-7,18,-7,18,-7,18,-7,18,-7,18,-7,18,-8,19,-8,19,-8,19,-9,19,-9,19,-9,19,-10,19,-10,18,-9]"
CSI_DATA,40558,d8:b1:90:db:e8:90,-40,11,1,7,0,0,1,0,0,0,1,-94,0,4,0,635566779,0,100,0,128,1,"[100,-64,5,0,-16,14,-15,14,-15,15,-14,15,-14,15,-13,15,-13,15,-13,15,-13,15,-13,15,-12,15,-12,15,-12,15,-12,15,-12,14,-12,14,-12,14,-11,13,-11,13,-11,12,-11,12,-11,11,-11,11,-11,11,-11,10,-3,2,0,0,0,0,0,0,0,0,0,0,0,0,0,0,0,0,0,0,-3,3,-10,12,-11,11,-11,11,-12,11,-13,11,-14,11,-14,11,-15,11,-15,11,-16,11,-16,11,-17,11,-17,11,-17,11,-17,11,-17,11,-17,11,-17,12,-17,12,-17,12,-16,13,-16,13,-16,13,-16,13,-16,13,-16,13]"
CSI_DATA,40559,d8:b1:90:db:e8:90,-39,11,1,7,0,0,1,0,0,0,1,-94,0,4,0,635578019,0,100,0,128,1,"[100,-64,5,0,-22,5,-22,5,-21,5,-21,6,-20,6,-20,6,-20,6,-20,6,-20,7,-19,7,-19,7,-19,7,-19,7,-19,7,-18,6,-18,6,-17,6,-17,6,-17,6,-17,5,-17,5,-16,4,-16,4,-16,3,-15,3,-4,0,0,0,0,0,0,0,0,0,0,0,0,0,0,0,0,0,0,0,-4,1,-15,5,-16,4,-16,4,-17,3,-17,3,-18,3,-18,3,-19,3,-20,2,-20,2,-20,1,-21,1,-21,1,-21,1,-21,1,-21,1,-21,1,-21,2,-21,2,-21,3,-21,3,-22,3,-22,3,-22,3,-22,4,-22,4]"
CSI_DATA,40560,d8:b1:90:db:e8:90,-40,11,1,7,0,0,1,0,0,0,1,-94,0,4,0,635590855,0,100,0,128,1,"[100,-64,5,0,8,16,9,15,9,15,8,15,8,14,9,14,9,14,10,13,10,13,10,13,10,13,10,13,10,13,10,13,10,13,10,13,9,12,9,12,8,12,8,12,8,11,7,11,7,11,7,12,6,12,1,3,0,0,0,0,0,0,0,0,0,0,0,0,0,0,0,0,0,0,2,2,8,10,8,10,7,11,7,11,7,12,7,12,7,13,7,14,7,14,6,15,6,15,6,15,6,16,6,16,5,16,5,16,5,16,6,16,6,16,7,16,7,16,8,16,8,16,8,16,8,16,8,16]"
CSI_DATA,40561,d8:b1:90:db:e8:90,-40,11,1,7,0,0,1,0,0,0,1,-94,0,4,0,635600904,0,100,0,128,1,"[100,-64,5,0,8,-22,8,-21,7,-21,7,-21,7,-21,6,-21,6,-21,5,-21,5,-22,4,-22,3,-22,3,-21,4,-21,3,-21,4,-21,4,-20,5,-20,5,-19,5,-19,5,-18,5,-18,4,-17,4,-17,5,-17,6,-17,1,-5,0,0,0,0,0,0,0,0,0,0,0,0,0,0,0,0,0,0,0,-5,4,-17,5,-17,5,-17,6,-17,6,-17,7,-17,8,-18,9,-18,9,-19,10,-19,10,-20,10,-20,10,-20,11,-19,11,-19,11,-18,11,-19,11,-19,11,-20,10,-20,10,-20,10,-21,9,-21,9,-21,9,-21,9,-22]"
CSI_DATA,40562,d8:b1:90:db:e8:90,-39,11,1,7,0,0,1,0,0,0,1,-94,0,4,0,635617469,0,100,0,128,1,"[100,-64,5,0,19,8,19,7,19,7,18,7,18,7,18,6,18,6,18,5,18,5,18,4,19,4,19,4,19,4,18,4,18,4,17,4,17,4,16,4,16,5,16,5,15,5,15,5,14,5,14,5,13,6,3,1,0,0,0,0,0,0,0,0,0,0,0,0,0,0,0,0,0,0,3,1,14,4,14,5,14,5,14,6,15,7,15,8,15,8,15,8,15,9,15,9,16,10,16,10,16,10,16,10,16,11,16,11,17,11,17,10,17,10,18,9,18,9,18,9,18,9,19,9,19,8,19,9]"
CSI_DATA,40563,d8:b1:90:db:e8:90,-40,11,1,7,0,0,1,0,0,0,1,-94,0,4,0,635629042,0,100,0,128,1,"[100,-64,5,0,5,-22,4,-22,4,-22,3,-22,3,-22,2,-22,2,-22,1,-22,1,-22,0,-22,-1,-22,-1,-22,-1,-22,-1,-22,-1,-22,-1,-21,0,-21,0,-20,0,-20,0,-19,0,-19,0,-18,1,-17,1,-17,2,-17,0,-5,0,0,0,0,0,0,0,0,0,0,0,0,0,0,0,0,0,0,0,-5,0,-17,1,-17,2,-18,3,-18,3,-19,4,-19,5,-19,6,-19,7,-20,7,-20,7,-21,8,-21,8,-21,8,-21,8,-21,8,-21,7,-22,7,-21,7,-21,7,-21,7,-21,6,-22,6,-23,6,-23,5,-23,6,-23]"
CSI_DATA,40564,d8:b1:90:db:e8:90,-40,11,1,7,0,0,1,0,0,0,1,-94,0,4,0,635665683,0,100,0,128,1,"[100,-64,5,0,0,19,1,19,1,19,2,19,2,19,3,18,3,18,3,18,3,17,3,17,4,17,4,18,4,18,4,17,4,17,4,17,4,17,4,16,3,16,3,16,2,15,2,15,1,15,0,15,0,15,0,3,0,0,0,0,0,0,0,0,0,0,0,0,0,0,0,0,0,0,0,3,2,14,2,15,1,16,0,16,0,16,-1,16,-1,17,-1,17,-2,18,-2,18,-2,18,-2,18,-2,19,-3,19,-3,19,-3,19,-3,19,-2,19,-2,19,-1,19,-1,19,-1,19,0,20,0,20,0,20,0,20]"
CSI_DATA,40565,d8:b1:90:db:e8:90,-39,11,1,7,0,0,1,0,0,0,1,-94,0,4,0,635677652,0,100,0,128,1,"[100,-64,5,0,8,19,8,19,9,19,9,18,9,18,10,18,10,17,10,17,10,17,11,16,11,16,11,16,11,16,11,16,11,15,10,15,10,15,9,14,9,14,8,14,8,14,8,13,7,13,7,14,6,14,1,3,0,0,0,0,0,0,0,0,0,0,0,0,0,0,0,0,0,0,2,3,9,12,8,13,8,14,7,14,7,15,7,16,7,16,7,16,7,17,6,18,6,19,5,19,5,19,5,19,5,19,5,19,6,19,6,19,6,19,6,19,7,19,7,20,7,20,7,19,8,19,8,19]"
CSI_DATA,40566,d8:b1:90:db:e8:90,-39,11,1,7,0,0,1,0,0,0,1,-94,0,4,0,635693516,0,100,0,128,1,"[100,-64,5,0,19,-10,19,-10,18,-10,17,-10,17,-10,16,-10,16,-11,17,-12,16,-12,16,-12,16,-12,15,-13,15,-13,15,-13,15,-12,15,-12,15,-11,15,-11,14,-10,14,-9,14,-9,14,-8,13,-8,13,-7,13,-7,3,-2,0,0,0,0,0,0,0,0,0,0,0,0,0,0,0,0,0,0,3,-3,12,-9,13,-8,14,-8,14,-8,15,-7,16,-7,16,-7,17,-7,17,-6,18,-6,18,-6,19,-6,19,-6,19,-5,19,-6,19,-6,19,-6,19,-7,19,-7,19,-7,19,-8,19,-8,18,-8,18,-8,19,-9,19,-9]"
CSI_DATA,40567,d8:b1:90:db:e8:90,-40,11,1,7,0,0,1,0,0,0,1,-94,0,4,0,635706869,0,100,0,128,1,"[100,-64,5,0,15,-21,14,-21,14,-21,13,-21,12,-21,12,-21,11,-21,11,-21,10,-21,9,-21,9,-21,9,-21,9,-21,9,-21,9,-21,10,-21,10,-20,10,-20,9,-19,9,-19,9,-18,9,-17,10,-17,10,-16,10,-16,2,-4,0,0,0,0,0,0,0,0,0,0,0,0,0,0,0,0,0,0,1,-4,8,-16,8,-16,9,-16,10,-17,11,-17,12,-17,12,-17,12,-17,13,-17,14,-17,15,-18,16,-18,16,-18,16,-18,16,-19,15,-19,15,-19,15,-19,16,-19,15,-19,15,-20,15,-20,15,-20,15,-20,15,-20,15,-20]"
CSI_DATA,40568,d8:b1:90:db:e8:90,-40,11,1,7,0,0,1,0,0,0,1,-94,0,4,0,635720538,0,100,0,128,1,"[100,-64,5,0,3,20,4,20,4,19,4,19,5,19,5,19,5,18,5,17,6,17,6,16,6,16,6,17,7,17,6,17,6,17,6,17,5,17,5,16,5,16,5,16,4,15,4,15,3,15,3,15,2,14,0,3,0,0,0,0,0,0,0,0,0,0,0,0,0,0,0,0,0,0,1,3,5,13,4,14,4,14,4,15,3,15,3,16,3,16,3,16,2,17,2,17,2,18,1,18,1,18,2,19,2,19,2,19,2,19,2,19,2,19,2,19,3,19,3,19,3,19,3,19,4,19,4,20]"
CSI_DATA,40569,d8:b1:90:db:e8:90,-39,11,1,7,0,0,1,0,0,0,1,-94,0,4,0,635732715,0,100,0,128,1,"[100,-64,5,0,3,-22,3,-22,2,-22,2,-21,2,-21,2,-21,1,-21,1,-20,0,-20,0,-20,-1,-21,-1,-21,-1,-20,-1,-20,-1,-20,0,-19,0,-19,1,-18,1,-18,1,-18,1,-17,1,-16,1,-16,2,-16,2,-16,0,-4,0,0,0,0,0,0,0,0,0,0,0,0,0,0,0,0,0,0,-1,-4,-1,-15,0,-16,1,-16,1,-16,2,-17,3,-17,3,-17,3,-18,4,-18,4,-18,5,-19,6,-19,6,-20,6,-20,6,-19,6,-19,6,-19,6,-19,6,-20,5,-20,5,-20,5,-21,4,-21,4,-21,4,-22,4,-22]"
CSI_DATA,40570,d8:b1:90:db:e8:90,-40,11,1,7,0,0,1,0,0,0,1,-94,0,4,0,635760491,0,100,0,128,1,"[100,-64,5,0,22,5,22,5,22,5,21,5,21,4,21,3,21,3,21,2,21,2,21,2,21,2,20,2,20,2,20,2,20,2,19,2,19,2,18,2,18,2,18,2,18,3,17,4,16,4,16,5,15,5,3,1,0,0,0,0,0,0,0,0,0,0,0,0,0,0,0,0,0,0,3,0,15,2,16,2,16,3,16,4,17,5,17,5,17,5,18,6,18,6,19,7,19,8,19,9,19,9,19,9,19,9,19,9,19,8,19,8,20,8,20,7,21,7,21,7,21,6,20,6,21,6,21,6]"
CSI_DATA,40571,d8:b1:90:db:e8:90,-39,11,1,7,0,0,1,0,0,0,1,-94,0,4,0,635770903,0,100,0,128,1,"[100,-64,5,0,-9,-19,-10,-19,-10,-19,-10,-19,-11,-18,-11,-18,-11,-17,-11,-17,-11,-17,-12,-17,-12,-17,-13,-16,-13,-16,-13,-16,-12,-16,-12,-15,-11,-15,-10,-15,-10,-15,-9,-15,-9,-15,-9,-15,-8,-15,-7,-15,-7,-15,-2,-4,0,0,0,0,0,0,0,0,0,0,0,0,0,0,0,0,0,0,-3,-4,-9,-14,-9,-14,-8,-15,-8,-16,-7,-16,-7,-17,-6,-17,-6,-18,-6,-19,-6,-19,-6,-19,-6,-20,-6,-20,-6,-20,-6,-20,-6,-21,-7,-21,-7,-20,-6,-20,-6,-19,-7,-20,-7,-20,-8,-20,-8,-20,-9,-20,-8,-21]"
CSI_DATA,40572,d8:b1:90:db:e8:90,-40,11,1,7,0,0,1,0,0,0,1,-94,0,4,0,635781600,0,100,0,128,1,"[100,-64,5,0,-20,-1,-20,-1,-20,0,-20,0,-20,0,-20,1,-20,1,-20,2,-20,2,-19,3,-19,3,-19,4,-18,4,-18,4,-18,3,-18,3,-18,3,-17,2,-17,2,-17,2,-16,1,-16,1,-16,0,-15,0,-15,0,-4,-1,0,0,0,0,0,0,0,0,0,0,0,0,0,0,0,0,0,0,-4,0,-15,1,-16,0,-16,-1,-16,-1,-17,-1,-17,-2,-18,-3,-18,-3,-19,-3,-19,-4,-19,-4,-19,-4,-19,-4,-19,-4,-20,-4,-20,-4,-20,-3,-20,-3,-19,-3,-19,-3,-20,-3,-20,-3,-21,-2,-21,-2,-21,-1,-21,-2]"
CSI_DATA,40573,d8:b1:90:db:e8:90,-40,11,1,7,0,0,1,0,0,0,1,-94,0,4,0,635798734,0,100,0,128,1,"[100,-64,5,0,-11,21,-11,21,-11,21,-11,20,-10,20,-10,20,-10,20,-9,20,-8,20,-7,20,-7,20,-7,20,-7,20,-7,20,-7,19,-7,19,-7,19,-8,19,-8,18,-8,17,-8,16,-8,15,-8,15,-8,15,-9,15,-3,3,0,0,0,0,0,0,0,0,0,0,0,0,0,0,0,0,0,0,-2,3,-6,15,-7,15,-8,15,-9,16,-10,16,-11,16,-11,16,-12,17,-13,17,-13,17,-14,18,-14,18,-14,18,-14,18,-14,18,-13,18,-13,18,-13,18,-13,18,-14,19,-13,19,-13,20,-12,21,-12,21,-12,21,-12,21]"
CSI_DATA,40574,d8:b1:90:db:e8:90,-40,11,1,7,0,0,1,0,0,0,1,-94,0,4,0,635810631,0,100,0,128,1,"[100,-64,5,0,-14,-20,-14,-20,-14,-20,-14,-19,-14,-19,-14,-18,-15,-18,-15,-18,-15,-18,-15,-17,-15,-17,-16,-16,-16,-16,-16,-16,-16,-16,-15,-16,-15,-16,-14,-15,-14,-15,-13,-15,-13,-15,-12,-16,-11,-16,-10,-15,-9,-15,-3,-4,0,0,0,0,0,0,0,0,0,0,0,0,0,0,0,0,0,0,-3,-4,-12,-13,-12,-14,-11,-15,-11,-15,-11,-16,-11,-17,-11,-17,-11,-18,-11,-18,-11,-20,-10,-21,-10,-21,-10,-21,-10,-21,-10,-21,-10,-21,-11,-21,-10,-21,-10,-21,-11,-20,-12,-20,-12,-20,-12,-20,-13,-20,-13,-20,-13,-21]"
CSI_DATA,40575,d8:b1:90:db:e8:90,-40,11,1,7,0,0,1,0,0,0,1,-94,0,4,0,635827615,0,100,0,128,1,"[100,-64,5,0,-17,15,-17,15,-16,15,-16,15,-15,16,-14,15,-14,16,-14,16,-13,16,-13,16,-12,16,-12,17,-12,17,-12,17,-12,17,-11,16,-11,16,-11,15,-11,14,-11,14,-11,13,-11,13,-12,12,-12,11,-13,11,-4,2,0,0,0,0,0,0,0,0,0,0,0,0,0,0,0,0,0,0,-3,3,-11,13,-12,12,-13,11,-14,11,-15,11,-15,11,-16,10,-17,10,-18,11,-18,10,-19,9,-19,9,-19,10,-19,10,-19,11,-19,11,-19,11,-19,11,-19,11,-18,12,-18,13,-18,13,-18,14,-18,14,-18,15,-18,15]"
CSI_DATA,40576,d8:b1:90:db:e8:90,-40,11,1,7,0,0,1,0,0,0,1,-94,0,4,0,635867417,0,100,0,128,1,"[100,-64,5,0,13,-15,13,-15,13,-15,13,-16,13,-16,13,-16,12,-16,11,-16,11,-16,11,-16,10,-16,10,-16,10,-16,10,-16,10,-16,10,-16,10,-15,10,-15,10,-15,10,-14,9,-14,9,-13,10,-13,10,-13,11,-12,2,-3,0,0,0,0,0,0,0,0,0,0,0,0,0,0,0,0,0,0,1,-4,7,-14,8,-14,8,-13,9,-13,10,-14,10,-13,11,-13,12,-13,13,-13,13,-13,14,-13,14,-13,14,-13,15,-14,15,-14,14,-14,14,-14,14,-14,14,-14,14,-14,14,-15,14,-15,14,-15,14,-16,14,-16,14,-15]"
CSI_DATA,40577,d8:b1:90:db:e8:90,-40,11,1,7,0,0,1,0,0,0,1,-94,0,4,0,635878884,0,100,0,128,1,"[100,-64,5,0,4,-20,4,-20,4,-20,3,-20,3,-20,2,-20,2,-20,2,-20,2,-20,1,-20,1,-19,1,-19,1,-19,1,-19,1,-19,2,-19,2,-18,2,-18,2,-18,2,-17,2,-16,2,-16,3,-16,3,-16,4,-16,1,-4,0,0,0,0,0,0,0,0,0,0,0,0,0,0,0,0,0,0,0,-4,2,-15,2,-15,3,-16,4,-16,4,-16,5,-16,6,-17,6,-17,7,-17,7,-18,7,-18,7,-18,7,-18,7,-18,7,-18,7,-18,7,-19,6,-19,6,-19,5,-19,5,-19,5,-19,5,-20,5,-20,5,-20,5,-20]"
CSI_DATA,40578,d8:b1:90:db:e8:90,-40,11,1,7,0,0,1,0,0,0,1,-94,0,4,0,635897842,0,100,0,128,1,"[100,-64,5,0,18,18,18,18,19,17,19,16,20,16,20,15,19,15,19,15,19,14,19,14,19,14,18,14,18,14,18,14,18,14,18,14,17,14,16,14,16,14,15,14,15,13,14,14,14,13,14,14,13,14,3,3,0,0,0,0,0,0,0,0,0,0,0,0,0,0,0,0,0,0,3,2,15,11,15,12,14,13,14,14,14,14,14,15,14,16,14,17,14,17,14,18,14,18,14,19,14,19,14,19,14,19,15,18,15,18,15,18,16,18,16,18,16,18,17,18,17,18,17,18,18,18,18,18]"
CSI_DATA,40579,d8:b1:90:db:e8:90,-40,11,1,7,0,0,1,0,0,0,1,-94,0,4,0,635911611,0,100,0,128,1,"[100,-64,5,0,-4,22,-4,22,-4,22,-3,22,-3,22,-2,21,-2,21,-2,22,-2,22,-2,21,-1,21,-1,21,-1,22,-1,22,-1,21,-1,21,-1,20,-1,19,-2,18,-2,18,-2,18,-2,17,-2,17,-3,17,-3,16,-1,4,0,0,0,0,0,0,0,0,0,0,0,0,0,0,0,0,0,0,-1,4,-3,17,-3,17,-4,17,-5,18,-5,18,-6,18,-5,18,-6,19,-6,19,-7,19,-7,20,-8,20,-8,21,-8,21,-8,21,-7,21,-7,21,-6,21,-6,21,-5,20,-5,21,-5,22,-5,23,-5,23,-5,23,-5,23]"
CSI_DATA,40580,d8:b1:90:db:e8:90,-40,11,1,7,0,0,1,0,0,0,1,-94,0,4,0,635926612,0,100,0,128,1,"[100,-64,5,0,4,19,4,19,4,19,4,19,5,19,6,19,6,18,6,18,6,17,6,17,6,17,6,17,6,17,6,17,6,17,6,17,5,17,5,17,5,17,5,17,4,16,4,16,3,15,2,15,2,14,0,3,0,0,0,0,0,0,0,0,0,0,0,0,0,0,0,0,0,0,1,3,4,13,4,14,3,15,3,15,2,16,2,16,2,17,3,17,2,18,2,18,1,18,1,18,1,18,1,19,1,19,1,19,1,19,1,19,2,20,2,20,3,20,3,20,3,20,3,20,3,21,4,21]"
CSI_DATA,40581,d8:b1:90:db:e8:90,-40,11,1,7,0,0,1,0,0,0,1,-94,0,4,0,635936805,0,100,0,128,1,"[100,-64,5,0,19,1,19,1,19,1,20,1,20,1,20,0,19,0,19,0,19,-1,18,-1,18,-2,18,-2,18,-2,18,-1,18,-1,18,-1,18,-1,18,-1,17,-1,17,0,17,0,16,0,16,0,15,1,14,1,3,0,0,0,0,0,0,0,0,0,0,0,0,0,0,0,0,0,0,0,3,-1,14,-1,14,0,15,0,15,1,16,2,16,2,17,2,17,3,18,3,18,3,18,3,18,4,18,4,18,4,18,4,18,4,18,4,18,4,19,3,19,3,20,3,20,3,20,2,20,2,20,2,20,2]"
CSI_DATA,40582,d8:b1:90:db:e8:90,-40,11,1,7,0,0,1,0,0,0,1,-94,0,4,0,635964703,0,100,0,128,1,"[100,-64,5,0,9,23,10,22,10,22,10,21,11,21,11,20,11,20,12,20,12,20,12,19,12,19,12,19,12,18,12,18,12,18,12,18,12,18,11,17,10,17,10,17,9,17,9,16,8,16,7,16,7,16,1,4,0,0,0,0,0,0,0,0,0,0,0,0,0,0,0,0,0,0,2,3,9,15,8,16,7,16,7,17,7,17,7,18,7,19,6,20,6,21,6,21,5,22,5,22,5,22,5,22,5,22,6,23,6,23,6,23,7,22,7,22,8,22,8,23,8,23,8,23,9,23,9,22]"
CSI_DATA,40583,d8:b1:90:db:e8:90,-39,11,1,7,0,0,1,0,0,0,1,-94,0,4,0,635978008,0,100,0,128,1,"[100,-64,5,0,-17,-14,-17,-14,-16,-14,-16,-14,-16,-13,-16,-13,-17,-13,-17,-13,-17,-12,-17,-12,-17,-12,-17,-12,-17,-12,-16,-11,-16,-11,-16,-11,-16,-11,-15,-11,-15,-11,-14,-11,-14,-12,-13,-12,-13,-11,-12,-11,-11,-12,-3,-3,0,0,0,0,0,0,0,0,0,0,0,0,0,0,0,0,0,0,-4,-3,-14,-9,-14,-10,-14,-10,-14,-11,-14,-12,-14,-12,-14,-13,-14,-14,-14,-14,-14,-15,-14,-15,-14,-15,-14,-16,-14,-16,-14,-16,-14,-16,-15,-16,-15,-16,-15,-16,-15,-16,-16,-15,-16,-15,-16,-15,-16,-15,-16,-15,-17,-15]"
CSI_DATA,40584,d8:b1:90:db:e8:90,-40,11,1,7,0,0,1,0,0,0,1,-94,0,4,0,636000855,0,100,0,128,1,"[100,-64,5,0,-3,-20,-3,-20,-3,-20,-3,-20,-4,-19,-4,-19,-5,-19,-4,-19,-4,-19,-4,-19,-5,-19,-5,-18,-5,-18,-5,-18,-4,-18,-4,-18,-4,-18,-4,-17,-4,-17,-3,-17,-3,-16,-2,-16,-2,-15,-1,-15,-1,-15,-1,-4,0,0,0,0,0,0,0,0,0,0,0,0,0,0,0,0,0,0,-1,-4,-4,-15,-4,-15,-3,-16,-3,-16,-3,-17,-2,-17,-2,-18,-2,-18,-1,-19,-1,-19,-1,-19,-1,-20,-1,-20,0,-20,0,-20,0,-20,0,-20,0,-20,-1,-20,-1,-20,-2,-20,-2,-20,-2,-20,-2,-20,-2,-21,-3,-21]"
CSI_DATA,40585,d8:b1:90:db:e8:90,-40,11,1,7,0,0,1,0,0,0,1,-94,0,4,0,636011449,0,100,0,128,1,"[100,-64,5,0,-3,-24,-4,-24,-4,-23,-4,-24,-5,-24,-5,-23,-6,-23,-6,-22,-6,-21,-7,-21,-7,-21,-7,-21,-7,-22,-7,-21,-6,-22,-6,-21,-5,-21,-5,-21,-5,-20,-4,-19,-4,-19,-4,-18,-3,-18,-3,-17,-3,-17,-1,-5,0,0,0,0,0,0,0,0,0,0,0,0,0,0,0,0,0,0,-1,-5,-3,-18,-3,-18,-2,-18,-1,-19,-1,-20,-1,-20,-1,-20,0,-20,0,-21,0,-21,1,-22,2,-23,2,-23,2,-23,2,-23,1,-23,1,-23,1,-23,1,-23,0,-23,-1,-23,-1,-23,-2,-24,-2,-24,-2,-24,-2,-24]"
CSI_DATA,40586,d8:b1:90:db:e8:90,-40,11,1,7,0,0,1,0,0,0,1,-94,0,4,0,636029124,0,100,0,128,1,"[100,-64,5,0,14,-19,14,-19,14,-19,13,-19,13,-19,12,-19,12,-19,11,-19,11,-19,11,-19,10,-19,10,-20,10,-19,10,-19,10,-19,10,-19,10,-18,10,-17,10,-17,10,-17,10,-16,10,-15,10,-14,10,-14,10,-13,2,-4,0,0,0,0,0,0,0,0,0,0,0,0,0,0,0,0,0,0,2,-4,8,-15,9,-15,9,-15,10,-15,11,-15,11,-15,12,-15,13,-15,14,-16,14,-16,15,-16,15,-16,15,-16,15,-16,15,-16,15,-16,15,-16,15,-17,14,-17,14,-17,14,-18,14,-19,14,-19,14,-19,14,-19,15,-19]"
CSI_DATA,40587,d8:b1:90:db:e8:90,-39,11,1,7,0,0,1,0,0,0,1,-94,0,4,0,636046686,0,100,0,128,1,"[100,-64,5,0,17,17,18,16,18,16,18,16,17,15,17,14,18,14,17,13,17,13,18,13,18,13,17,12,17,12,18,12,18,12,18,12,17,12,16,12,15,12,15,12,14,12,14,12,13,12,12,12,11,12,2,3,0,0,0,0,0,0,0,0,0,0,0,0,0,0,0,0,0,0,3,2,14,10,14,11,13,11,13,12,13,13,13,14,14,15,13,15,13,16,13,17,13,17,13,18,13,18,13,18,13,18,13,18,13,18,14,18,14,18,15,17,15,17,16,17,16,17,16,17,16,17,17,17]"
CSI_DATA,40588,d8:b1:90:db:e8:90,-40,11,1,7,0,0,1,0,0,0,1,-94,0,4,0,636071512,0,100,0,128,1,"[100,-64,5,0,17,-14,17,-14,17,-14,17,-14,16,-13,16,-14,15,-14,16,-14,16,-15,15,-15,14,-14,14,-14,13,-15,13,-15,13,-15,14,-14,14,-14,14,-14,13,-13,13,-12,13,-12,13,-11,13,-11,13,-10,13,-10,3,-3,0,0,0,0,0,0,0,0,0,0,0,0,0,0,0,0,0,0,2,-3,12,-11,12,-11,13,-10,14,-10,14,-10,15,-10,16,-10,16,-10,17,-10,18,-10,18,-10,18,-9,18,-9,18,-9,18,-9,18,-9,18,-9,18,-10,18,-11,18,-11,18,-12,18,-12,18,-12,18,-12,18,-13,19,-14]"
CSI_DATA,40589,d8:b1:90:db:e8:90,-40,11,1,7,0,0,1,0,0,0,1,-94,0,4,0,636083398,0,100,0,128,1,"[100,-64,5,0,17,10,17,10,17,10,17,9,17,9,17,8,17,7,17,7,17,7,17,7,17,7,17,7,17,7,17,7,16,6,16,7,16,7,15,6,15,6,14,6,14,6,14,7,13,7,13,7,13,8,3,2,0,0,0,0,0,0,0,0,0,0,0,0,0,0,0,0,0,0,3,1,14,5,14,5,14,6,13,6,14,7,14,8,14,8,15,9,15,9,15,10,15,11,15,12,15,12,15,12,15,11,15,11,15,11,15,11,15,11,16,10,16,10,16,10,17,10,17,11,17,10,17,10]"
CSI_DATA,40590,d8:b1:90:db:e8:90,-39,11,1,7,0,0,1,0,0,0,1,-94,0,4,0,636101776,0,100,0,128,1,"[100,-64,5,0,-2,-22,-3,-22,-3,-21,-3,-21,-3,-20,-4,-20,-4,-20,-4,-20,-5,-20,-5,-20,-5,-19,-5,-19,-5,-19,-5,-19,-5,-19,-5,-19,-5,-18,-5,-18,-4,-18,-4,-17,-4,-17,-4,-17,-3,-16,-3,-16,-2,-16,-1,-4,0,0,0,0,0,0,0,0,0,0,0,0,0,0,0,0,0,0,-1,-4,-4,-16,-4,-16,-3,-16,-2,-17,-2,-17,-2,-18,-1,-18,-1,-18,0,-19,0,-20,1,-20,1,-20,1,-21,1,-21,0,-20,0,-20,0,-20,0,-20,-1,-20,-1,-20,-1,-20,-1,-21,-1,-21,-1,-22,-2,-21,-2,-21]"
CSI_DATA,40591,d8:b1:90:db:e8:90,-47,11,1,7,0,0,1,0,0,0,1,-94,0,4,0,636117309,0,100,0,128,1,"[100,-64,5,0,4,-24,4,-24,4,-24,5,-24,5,-23,5,-23,5,-23,5,-22,5,-22,5,-22,5,-22,5,-21,6,-21,6,-21,7,-20,7,-19,8,-19,9,-18,9,-18,9,-17,9,-16,9,-15,10,-15,11,-14,11,-13,2,-4,0,0,0,0,0,0,0,0,0,0,0,0,0,0,0,0,0,0,4,-6,19,-22,13,-20,-1,-19,-8,-18,-7,-19,-6,-19,-6,-20,-5,-21,-4,-22,-3,-23,-2,-23,-1,-23,0,-23,0,-23,1,-23,1,-23,1,-23,1,-23,1,-24,1,-24,1,-24,2,-24,2,-25,2,-25,3,-25,3,-24]"
CSI_DATA,40592,d8:b1:90:db:e8:90,-40,11,1,7,0,0,1,0,0,0,1,-94,0,4,0,636127579,0,100,0,128,1,"[100,-64,5,0,8,20,9,19,9,19,9,19,9,18,9,18,9,17,10,16,10,16,10,16,11,16,11,16,11,16,11,16,11,16,11,16,10,16,10,15,9,15,9,15,8,14,8,14,7,14,7,14,6,15,1,3,0,0,0,0,0,0,0,0,0,0,0,0,0,0,0,0,0,0,2,3,8,14,7,15,6,15,5,16,5,16,5,17,5,17,5,18,4,18,4,19,4,19,4,19,4,20,4,20,4,21,4,20,4,21,4,21,5,20,5,20,5,20,6,20,7,20,7,21,7,21,7,21]"
CSI_DATA,40593,d8:b1:90:db:e8:90,-40,11,1,7,0,0,1,0,0,0,1,-94,0,4,0,636142170,0,100,0,128,1,"[100,-64,5,0,6,-22,6,-22,6,-21,5,-21,5,-22,4,-22,4,-21,3,-21,3,-21,2,-21,2,-21,2,-21,2,-21,2,-21,2,-21,2,-21,2,-20,3,-20,3,-20,3,-19,3,-18,3,-18,4,-18,4,-18,5,-17,1,-5,0,0,0,0,0,0,0,0,0,0,0,0,0,0,0,0,0,0,0,-5,3,-17,4,-17,5,-17,6,-17,6,-18,7,-18,7,-18,8,-18,9,-19,9,-19,9,-19,9,-19,10,-19,10,-19,10,-20,11,-20,10,-20,10,-20,9,-20,9,-20,9,-21,8,-21,8,-22,8,-22,8,-22,8,-22]"
CSI_DATA,40594,d8:b1:90:db:e8:90,-40,11,1,7,0,0,1,0,0,0,1,-94,0,4,0,636169656,0,100,0,128,1,"[100,-64,5,0,-11,-21,-11,-21,-11,-20,-11,-19,-11,-19,-12,-18,-12,-18,-12,-18,-12,-18,-12,-18,-13,-18,-13,-18,-13,-18,-13,-18,-13,-18,-12,-17,-12,-17,-11,-17,-11,-16,-11,-16,-10,-15,-10,-15,-9,-15,-8,-15,-7,-16,-2,-4,0,0,0,0,0,0,0,0,0,0,0,0,0,0,0,0,0,0,-3,-4,-10,-14,-9,-15,-8,-16,-8,-17,-8,-17,-8,-18,-8,-18,-8,-18,-8,-19,-7,-20,-7,-21,-6,-21,-6,-21,-6,-21,-6,-21,-6,-21,-7,-21,-7,-21,-7,-21,-8,-20,-8,-20,-9,-21,-9,-21,-9,-21,-10,-21,-9,-21]"
CSI_DATA,40595,d8:b1:90:db:e8:90,-40,11,1,7,0,0,1,0,0,0,1,-94,0,4,0,636182835,0,100,0,128,1,"[100,-64,5,0,19,7,19,6,18,6,18,5,19,5,19,4,19,4,18,3,18,3,18,2,18,2,18,2,18,2,18,2,18,2,17,2,17,2,16,2,16,2,16,2,15,3,15,3,15,3,14,4,14,4,3,1,0,0,0,0,0,0,0,0,0,0,0,0,0,0,0,0,0,0,3,0,14,3,14,3,14,4,14,4,14,5,15,5,16,6,16,7,17,7,17,8,16,8,16,9,16,9,17,9,17,9,18,8,18,8,18,8,18,8,18,8,18,7,18,7,18,8,18,8,18,8,19,7]"
CSI_DATA,40596,d8:b1:90:db:e8:90,-39,11,1,7,0,0,1,0,0,0,1,-94,0,4,0,636194378,0,100,0,128,1,"[100,-64,5,0,-24,-8,-24,-7,-24,-7,-24,-6,-24,-6,-23,-5,-23,-5,-23,-4,-23,-3,-23,-3,-23,-3,-23,-3,-23,-3,-23,-2,-23,-2,-22,-2,-21,-2,-21,-3,-20,-3,-20,-3,-20,-3,-19,-4,-19,-4,-18,-5,-18,-5,-5,-2,0,0,0,0,0,0,0,0,0,0,0,0,0,0,0,0,0,0,-5,-1,-18,-4,-18,-5,-18,-5,-18,-6,-19,-6,-19,-7,-20,-8,-21,-8,-22,-9,-22,-10,-21,-10,-21,-11,-21,-10,-22,-11,-22,-11,-23,-10,-23,-10,-23,-10,-23,-10,-23,-9,-23,-9,-23,-9,-23,-9,-23,-9,-23,-9,-23,-9]"
CSI_DATA,40597,d8:b1:90:db:e8:90,-39,11,1,7,0,0,1,0,0,0,1,-94,0,4,0,636213821,0,100,0,128,1,"[100,-64,5,0,-14,-21,-14,-20,-14,-20,-15,-20,-15,-19,-15,-18,-15,-18,-14,-18,-14,-17,-14,-17,-15,-17,-16,-17,-16,-17,-15,-17,-15,-17,-15,-17,-15,-16,-14,-16,-14,-16,-13,-16,-13,-16,-12,-16,-11,-16,-10,-16,-9,-15,-3,-4,0,0,0,0,0,0,0,0,0,0,0,0,0,0,0,0,0,0,-3,-4,-12,-13,-12,-14,-11,-15,-11,-15,-11,-16,-11,-17,-11,-18,-11,-19,-11,-20,-11,-20,-11,-21,-11,-21,-11,-22,-10,-22,-10,-22,-10,-22,-11,-22,-11,-22,-11,-22,-12,-21,-12,-21,-12,-21,-13,-21,-13,-21,-13,-21,-13,-22]"
CSI_DATA,40598,d8:b1:90:db:e8:90,-40,11,1,7,0,0,1,0,0,0,1,-94,0,4,0,636224317,0,100,0,128,1,"[100,-64,5,0,15,-18,14,-18,14,-18,13,-18,13,-18,12,-19,12,-18,12,-18,12,-18,11,-18,11,-18,11,-18,11,-18,11,-18,11,-18,11,-18,11,-18,11,-17,11,-17,11,-16,11,-15,11,-14,11,-14,12,-13,12,-12,3,-3,0,0,0,0,0,0,0,0,0,0,0,0,0,0,0,0,0,0,2,-4,8,-15,8,-15,9,-15,10,-15,11,-15,11,-15,13,-15,14,-15,14,-15,15,-16,15,-16,16,-16,16,-15,16,-15,16,-15,16,-15,16,-16,16,-16,16,-16,15,-16,15,-17,15,-17,15,-17,15,-17,15,-17,15,-18]"
CSI_DATA,40599,d8:b1:90:db:e8:90,-40,11,1,7,0,0,1,0,0,0,1,-94,0,4,0,636235811,0,100,0,128,1,"[100,-64,5,0,23,-8,23,-8,22,-9,22,-10,22,-10,21,-10,21,-11,21,-12,20,-12,20,-12,20,-12,20,-13,20,-12,20,-12,20,-13,19,-13,19,-13,18,-13,18,-12,17,-11,17,-11,17,-10,16,-9,16,-8,16,-7,4,-2,0,0,0,0,0,0,0,0,0,0,0,0,0,0,0,0,0,0,3,-3,15,-9,16,-9,16,-8,17,-8,18,-8,19,-7,19,-7,20,-6,21,-6,21,-6,22,-6,23,-5,23,-5,23,-5,23,-6,23,-6,23,-6,23,-7,23,-7,23,-7,23,-8,23,-8,24,-8,24,-8,24,-8,24,-8]"
CSI_DATA,40600,d8:b1:90:db:e8:90,-40,11,1,7,0,0,1,0,0,0,1,-94,0,4,0,636253077,0,100,0,128,1,"[100,-64,5,0,8,-22,7,-22,7,-22,7,-21,6,-21,5,-21,5,-21,4,-21,3,-21,3,-22,3,-22,3,-22,3,-21,3,-21,3,-21,2,-21,2,-21,2,-20,3,-19,3,-19,3,-18,3,-17,3,-17,4,-16,5,-16,1,-4,0,0,0,0,0,0,0,0,0,0,0,0,0,0,0,0,0,0,0,-5,2,-17,3,-17,4,-17,5,-17,5,-18,6,-18,6,-18,7,-18,8,-18,8,-19,9,-19,10,-19,10,-19,10,-20,9,-19,9,-20,9,-20,9,-21,9,-21,8,-21,8,-21,8,-21,8,-22,8,-22,8,-22,9,-22]"
CSI_DATA,40601,d8:b1:90:db:e8:90,-39,11,1,7,0,0,1,0,0,0,1,-94,0,4,0,636272204,0,100,0,128,1,"[100,-64,5,0,-18,12,-18,12,-18,12,-17,12,-17,13,-17,13,-16,13,-16,13,-15,13,-15,13,-15,13,-15,14,-15,14,-15,14,-15,13,-15,13,-15,12,-15,12,-15,11,-15,10,-15,10,-15,9,-14,9,-15,8,-15,7,-4,1,0,0,0,0,0,0,0,0,0,0,0,0,0,0,0,0,0,0,-3,2,-12,10,-13,10,-13,10,-13,10,-14,10,-15,9,-16,9,-17,9,-17,9,-18,9,-18,8,-18,8,-18,8,-19,9,-19,9,-19,9,-19,9,-19,10,-19,10,-19,10,-19,10,-19,11,-19,11,-19,11,-19,11,-18,11]"
CSI_DATA,40602,d8:b1:90:db:e8:90,-40,11,1,7,0,0,1,0,0,0,1,-94,0,4,0,636282938,0,100,0,128,1,"[100,-64,5,0,-22,-2,-22,-2,-22,-1,-21,-1,-21,-1,-21,-1,-20,0,-20,0,-20,1,-20,1,-20,2,-21,2,-21,2,-20,2,-20,2,-19,2,-18,1,-18,1,-18,1,-18,0,-18,0,-17,0,-17,0,-16,-1,-16,-1,-4,-1,0,0,0,0,0,0,0,0,0,0,0,0,0,0,0,0,0,0,-4,0,-16,0,-16,-1,-16,-1,-17,-2,-17,-2,-18,-2,-18,-3,-19,-3,-19,-3,-19,-4,-20,-4,-20,-5,-19,-5,-20,-5,-20,-5,-20,-5,-20,-5,-20,-4,-20,-4,-20,-4,-21,-4,-21,-3,-22,-3,-22,-3,-22,-2,-22,-3]"
CSI_DATA,40603,d8:b1:90:db:e8:90,-39,11,1,7,0,0,1,0,0,0,1,-94,0,4,0,636296398,0,100,0,128,1,"[100,-64,5,0,12,18,12,17,12,17,12,16,12,16,13,15,13,15,13,14,13,14,13,13,14,13,14,14,14,14,14,14,14,13,13,13,13,13,12,12,12,13,11,13,11,12,11,12,10,12,9,12,9,12,2,3,0,0,0,0,0,0,0,0,0,0,0,0,0,0,0,0,0,0,2,2,10,11,10,12,9,12,9,13,9,14,9,14,9,15,9,15,9,16,9,17,8,17,8,18,8,18,8,18,8,18,8,18,8,18,9,18,9,18,9,18,10,18,10,17,11,17,11,17,12,18,12,18]"
CSI_DATA,40604,d8:b1:90:db:e8:90,-40,11,1,7,0,0,1,0,0,0,1,-94,0,4,0,636309206,0,100,0,128,1,"[100,-64,5,0,-7,-23,-7,-23,-7,-22,-8,-22,-8,-22,-8,-22,-9,-21,-9,-21,-9,-21,-9,-21,-9,-20,-10,-20,-10,-20,-9,-20,-9,-20,-9,-19,-9,-19,-8,-19,-8,-18,-7,-18,-6,-18,-6,-18,-5,-17,-4,-17,-4,-17,-1,-5,0,0,0,0,0,0,0,0,0,0,0,0,0,0,0,0,0,0,-2,-4,-7,-16,-6,-17,-5,-17,-5,-18,-4,-18,-4,-19,-4,-19,-4,-20,-3,-20,-3,-21,-3,-22,-3,-23,-2,-23,-2,-23,-2,-23,-2,-23,-3,-23,-3,-23,-3,-23,-4,-23,-5,-23,-5,-23,-5,-23,-5,-23,-6,-23,-6,-23]"
CSI_DATA,40605,d8:b1:90:db:e8:90,-40,11,1,7,0,0,1,0,0,0,1,-94,0,4,0,636319996,0,100,0,128,1,"[100,-64,5,0,-6,22,-6,22,-5,22,-5,22,-4,22,-4,21,-3,21,-3,21,-3,21,-2,21,-2,21,-2,21,-2,21,-2,21,-2,20,-2,20,-2,20,-2,20,-3,19,-3,18,-4,17,-4,17,-4,17,-5,16,-6,16,-2,4,0,0,0,0,0,0,0,0,0,0,0,0,0,0,0,0,0,0,-1,4,-2,16,-3,16,-4,16,-5,17,-5,17,-6,17,-6,18,-7,18,-7,18,-8,19,-9,20,-9,20,-9,20,-10,20,-10,20,-10,20,-9,20,-9,21,-8,21,-8,21,-8,22,-7,22,-7,22,-6,22,-6,22,-6,22]"
CSI_DATA,40606,d8:b1:90:db:e8:90,-39,11,1,7,0,0,1,0,0,0,1,-94,0,4,0,636336650,0,100,0,128,1,"[100,-64,5,0,-7,20,-6,20,-6,20,-5,20,-5,20,-4,19,-4,19,-4,19,-3,18,-3,19,-2,19,-2,19,-2,19,-3,19,-3,19,-3,19,-3,18,-3,18,-3,17,-4,16,-4,16,-4,15,-5,15,-6,14,-7,14,-2,3,0,0,0,0,0,0,0,0,0,0,0,0,0,0,0,0,0,0,-1,3,-2,15,-3,15,-4,15,-4,16,-5,16,-5,17,-5,17,-6,17,-6,17,-7,17,-8,18,-8,18,-8,19,-8,18,-9,18,-9,18,-9,18,-9,18,-9,19,-8,19,-8,19,-8,19,-7,20,-7,20,-7,21,-7,21]"
CSI_DATA,40607,d8:b1:90:db:e8:90,-40,11,1,7,0,0,1,0,0,0,1,-94,0,4,0,636348441,0,100,0,128,1,"[100,-64,5,0,2,-25,2,-25,1,-25,1,-24,0,-23,0,-23,-1,-23,-1,-24,-1,-24,-2,-23,-2,-24,-3,-24,-3,-24,-2,-23,-2,-23,-2,-23,-1,-22,-1,-22,-1,-22,0,-21,0,-20,0,-20,0,-19,1,-19,2,-18,0,-5,0,0,0,0,0,0,0,0,0,0,0,0,0,0,0,0,0,0,-1,-5,-2,-18,-1,-18,0,-19,1,-19,1,-19,2,-20,3,-21,4,-22,5,-22,5,-22,5,-22,5,-22,5,-22,6,-23,6,-22,5,-22,5,-23,5,-23,5,-23,5,-24,4,-24,4,-24,3,-24,2,-24,2,-25,2,-26]"
CSI_DATA,40608,d8:b1:90:db:e8:90,-39,11,1,7,0,0,1,0,0,0,1,-94,0,4,0,636378143,0,100,0,128,1,"[100,-64,5,0,3,20,3,19,4,19,4,19,4,19,5,19,5,18,5,18,5,18,5,18,5,18,5,18,6,18,6,18,6,18,6,18,5,17,5,17,5,17,4,16,4,15,4,15,3,15,3,15,3,15,0,3,0,0,0,0,0,0,0,0,0,0,0,0,0,0,0,0,0,0,1,3,4,14,4,15,3,16,2,16,2,17,2,17,2,17,1,18,1,18,0,19,0,20,0,20,0,20,-1,20,-1,20,-1,19,-1,19,0,20,0,20,1,20,1,21,1,21,2,20,2,20,3,20,3,20]"
CSI_DATA,40609,d8:b1:90:db:e8:90,-39,11,1,7,0,0,1,0,0,0,1,-94,0,4,0,636391075,0,100,0,128,1,"[100,-64,5,0,-7,-22,-7,-21,-7,-21,-7,-21,-7,-20,-8,-20,-8,-20,-8,-19,-8,-19,-9,-19,-9,-18,-10,-18,-10,-18,-9,-18,-9,-18,-9,-18,-9,-18,-8,-17,-8,-17,-8,-17,-8,-16,-8,-16,-7,-16,-6,-16,-6,-16,-2,-4,0,0,0,0,0,0,0,0,0,0,0,0,0,0,0,0,0,0,-2,-4,-6,-14,-6,-15,-5,-16,-5,-16,-5,-16,-5,-17,-5,-18,-4,-18,-4,-19,-4,-19,-4,-20,-3,-20,-3,-20,-3,-20,-3,-20,-3,-20,-3,-20,-3,-20,-4,-21,-4,-21,-4,-21,-5,-21,-5,-21,-6,-21,-6,-21,-6,-21]"
CSI_DATA,40610,d8:b1:90:db:e8:90,-40,11,1,7,0,0,1,0,0,0,1,-94,0,4,0,636403151,0,100,0,128,1,"[100,-64,5,0,-23,12,-22,12,-22,12,-21,12,-21,12,-20,12,-20,12,-19,13,-19,13,-19,13,-19,13,-19,13,-19,13,-19,13,-19,13,-18,13,-18,13,-18,12,-17,12,-17,12,-17,11,-17,10,-16,10,-17,9,-17,8,-5,2,0,0,0,0,0,0,0,0,0,0,0,0,0,0,0,0,0,0,-4,2,-14,11,-15,10,-15,10,-16,9,-17,9,-17,9,-18,10,-19,10,-19,9,-20,9,-21,9,-21,9,-21,9,-21,8,-22,8,-22,8,-22,8,-22,9,-22,9,-21,9,-21,9,-21,10,-22,10,-22,11,-22,11,-22,11]"
CSI_DATA,40611,d8:b1:90:db:e8:90,-39,11,1,7,0,0,1,0,0,0,1,-94,0,4,0,636413620,0,100,0,128,1,"[100,-64,5,0,-23,10,-22,10,-21,10,-21,10,-20,11,-20,11,-19,12,-19,12,-19,12,-19,12,-19,13,-19,13,-18,13,-18,12,-18,12,-18,12,-18,11,-18,11,-17,11,-17,10,-17,9,-16,8,-17,8,-17,7,-17,6,-5,1,0,0,0,0,0,0,0,0,0,0,0,0,0,0,0,0,0,0,-4,2,-14,10,-15,9,-16,9,-17,9,-18,9,-18,8,-19,8,-19,8,-20,8,-20,8,-21,8,-21,8,-21,8,-21,8,-21,8,-21,8,-21,8,-21,9,-20,9,-20,10,-20,10,-21,10,-21,10,-22,11,-21,11,-21,11]"
CSI_DATA,40612,d8:b1:90:db:e8:90,-40,11,1,7,0,0,1,0,0,0,1,-94,0,4,0,636427450,0,100,0,128,1,"[100,-64,5,0,25,2,25,1,25,0,25,0,25,0,24,-1,24,-1,24,-1,23,-2,23,-2,23,-2,23,-2,23,-2,23,-2,23,-2,23,-2,22,-2,22,-2,21,-1,20,0,20,1,19,1,19,1,18,2,18,2,4,0,0,0,0,0,0,0,0,0,0,0,0,0,0,0,0,0,0,0,4,-1,18,-2,18,-2,18,-1,19,0,19,0,20,1,21,2,22,2,22,3,23,4,23,4,24,4,24,4,24,4,23,4,23,4,23,4,23,3,23,3,23,2,23,2,24,2,25,1,25,1,25,1,25,1]"
CSI_DATA,40613,d8:b1:90:db:e8:90,-39,11,1,7,0,0,1,0,0,0,1,-94,0,4,0,636438965,0,100,0,128,1,"[100,-64,5,0,5,20,5,20,6,20,6,19,6,19,7,18,7,18,7,18,7,18,7,18,8,17,8,17,7,17,7,17,7,17,7,17,7,17,6,16,5,16,5,16,4,16,4,15,3,15,3,15,2,15,0,3,0,0,0,0,0,0,0,0,0,0,0,0,0,0,0,0,0,0,1,3,6,13,5,13,5,14,4,14,4,15,4,16,3,17,3,17,2,18,2,18,2,19,2,20,2,20,2,20,2,19,2,19,2,19,3,19,3,19,4,18,4,18,5,19,5,19,5,20,5,20,5,19]"
CSI_DATA,40614,d8:b1:90:db:e8:90,-39,11,1,7,0,0,1,0,0,0,1,-94,0,4,0,636456658,0,100,0,128,1,"[100,-64,5,0,-24,-7,-24,-6,-24,-6,-24,-5,-24,-5,-23,-5,-23,-4,-23,-4,-23,-4,-23,-4,-23,-3,-24,-3,-23,-3,-23,-2,-23,-3,-22,-3,-22,-3,-21,-3,-20,-4,-20,-3,-19,-3,-18,-4,-18,-4,-18,-5,-17,-5,-5,-2,0,0,0,0,0,0,0,0,0,0,0,0,0,0,0,0,0,0,-5,-1,-18,-3,-18,-4,-18,-4,-18,-5,-18,-5,-19,-6,-19,-7,-19,-7,-20,-8,-20,-8,-20,-9,-21,-9,-21,-9,-21,-9,-21,-9,-21,-9,-21,-9,-21,-9,-21,-9,-21,-9,-22,-9,-22,-8,-22,-7,-23,-7,-23,-7,-24,-7]"
CSI_DATA,40615,d8:b1:90:db:e8:90,-40,11,1,7,0,0,1,0,0,0,1,-94,0,4,0,636477061,0,100,0,128,1,"[100,-64,5,0,-2,20,-2,20,-1,20,-1,19,-1,19,0,19,0,19,0,19,0,19,0,19,0,19,0,19,0,19,0,18,0,18,0,18,-1,18,-1,17,-1,17,-2,16,-2,16,-2,15,-2,15,-3,15,-4,15,-1,3,0,0,0,0,0,0,0,0,0,0,0,0,0,0,0,0,0,0,0,3,-1,15,-2,15,-3,15,-4,16,-4,16,-4,16,-4,16,-5,17,-5,17,-6,17,-7,17,-7,17,-7,17,-7,18,-7,18,-7,18,-7,18,-6,18,-6,18,-6,19,-5,19,-5,19,-5,19,-4,20,-4,20,-4,20]"
CSI_DATA,40616,d8:b1:90:db:e8:90,-40,11,1,7,0,0,1,0,1,0,1,-94,0,4,0,636488562,0,100,0,128,1,"[100,-64,5,0,-11,1,-14,-3,-16,-7,-17,-10,-18,-13,-19,-16,-19,-18,-19,-19,-19,-19,-18,-19,-17,-17,-16,-16,-15,-13,-15,-10,-14,-7,-14,-3,-14,0,-14,3,-15,5,-16,6,-17,7,-18,7,-18,7,-19,5,-19,4,-5,1,0,0,0,0,0,0,0,0,0,0,0,0,0,0,0,0,0,0,-2,3,-7,13,-9,14,-10,14,-12,15,-13,15,-13,14,-13,14,-11,14,-10,15,-7,15,-5,15,-2,16,2,17,4,19,7,20,8,21,10,22,11,23,11,23,11,23,10,23,9,22,7,21,4,19,1,16,-1,14]"
CSI_DATA,40617,d8:b1:90:db:e8:90,-40,11,1,7,0,0,1,0,1,0,1,-94,0,4,0,636513190,0,100,0,128,1,"[100,-64,5,0,-4,-11,0,-14,4,-17,8,-20,10,-21,13,-23,14,-23,15,-23,15,-23,15,-22,14,-21,12,-19,9,-17,6,-15,2,-13,-2,-12,-5,-12,-8,-11,-11,-12,-14,-12,-15,-13,-16,-13,-16,-14,-15,-15,-13,-16,-4,-4,0,0,0,0,0,0,0,0,0,0,0,0,0,0,0,0,0,0,-4,-2,-16,-8,-16,-10,-16,-12,-16,-14,-16,-14,-16,-14,-15,-14,-15,-12,-15,-10,-15,-7,-15,-3,-16,0,-17,4,-18,8,-19,11,-20,14,-21,16,-22,17,-23,17,-23,17,-22,16,-22,15,-21,12,-19,9,-17,5,-15,2]"
CSI_DATA,40618,d8:b1:90:db:e8:90,-40,11,1,7,0,0,1,0,1,0,1,-94,0,4,0,636524763,0,100,0,128,1,"[100,-64,5,0,-12,5,-16,1,-19,-3,-21,-6,-23,-9,-25,-11,-25,-13,-26,-14,-25,-14,-24,-13,-23,-12,-21,-10,-20,-8,-17,-5,-15,-2,-14,2,-13,5,-13,8,-13,11,-13,13,-13,14,-14,15,-15,15,-16,14,-16,13,-5,3,0,0,0,0,0,0,0,0,0,0,0,0,0,0,0,0,0,0,-2,3,-6,16,-8,16,-10,17,-12,17,-12,17,-13,17,-12,16,-11,16,-8,16,-6,16,-2,16,2,16,5,17,8,18,11,19,14,20,16,21,17,22,18,23,17,23,16,23,14,22,12,21,9,19,5,17,2,15]"
CSI_DATA,40619,d8:b1:90:db:e8:90,-40,11,1,7,0,0,1,0,1,0,1,-94,0,4,0,636537775,0,100,0,128,1,"[100,-64,5,0,-12,-2,-12,-7,-13,-11,-13,-14,-13,-17,-13,-19,-13,-21,-12,-21,-12,-21,-12,-21,-12,-19,-11,-17,-11,-14,-11,-11,-11,-8,-11,-5,-12,-2,-13,0,-14,2,-15,4,-16,4,-17,4,-18,4,-18,3,-18,2,-5,0,0,0,0,0,0,0,0,0,0,0,0,0,0,0,0,0,0,0,-3,1,-13,7,-14,6,-16,6,-17,5,-17,5,-17,5,-17,5,-16,6,-14,7,-13,8,-11,10,-8,12,-6,14,-5,17,-3,19,-2,21,-1,23,-1,24,0,24,-1,24,-1,24,-2,23,-3,21,-4,18,-6,15,-7,12]"
CSI_DATA,40620,d8:b1:90:db:e8:90,-40,11,1,7,0,0,1,0,1,0,1,-94,0,4,0,636551330,0,100,0,128,1,"[100,-64,5,0,11,0,13,5,14,9,15,13,15,16,15,18,15,20,14,21,14,21,14,20,13,18,13,16,12,14,11,11,11,7,12,4,12,1,13,-2,14,-4,15,-6,16,-6,17,-7,17,-6,18,-5,18,-4,4,-1,0,0,0,0,0,0,0,0,0,0,0,0,0,0,0,0,0,0,2,-3,10,-11,12,-11,14,-11,16,-10,16,-10,16,-10,16,-10,15,-10,13,-11,11,-12,8,-14,6,-15,3,-18,1,-20,-1,-22,-2,-24,-3,-26,-4,-27,-4,-27,-4,-27,-3,-26,-2,-25,0,-23,1,-20,4,-17,5,-15]"
CSI_DATA,40621,d8:b1:90:db:e8:90,-40,11,1,7,0,0,1,0,1,0,1,-94,0,4,0,636578196,0,100,0,128,1,"[100,-64,5,0,14,0,16,6,18,12,19,17,20,20,20,23,20,26,19,27,19,27,18,26,17,24,16,21,15,18,15,13,15,9,15,4,16,0,17,-4,18,-8,19,-10,21,-11,22,-11,23,-10,23,-9,24,-7,6,-2,0,0,0,0,0,0,0,0,0,0,0,0,0,0,0,0,0,0,3,-4,15,-14,18,-13,20,-13,21,-12,22,-12,23,-12,22,-12,20,-13,18,-14,15,-15,11,-17,8,-19,5,-22,1,-25,-1,-28,-3,-31,-5,-33,-6,-34,-7,-35,-7,-35,-6,-34,-4,-32,-2,-30,0,-26,3,-22,6,-19]"
CSI_DATA,40622,d8:b1:90:db:e8:90,-40,11,1,7,0,0,1,0,1,0,1,-94,0,4,0,636591394,0,100,0,128,1,"[100,-64,5,0,-9,-7,-8,-11,-7,-14,-6,-18,-5,-20,-3,-22,-2,-23,-2,-24,-2,-24,-1,-23,-1,-22,-2,-20,-3,-18,-5,-15,-6,-13,-8,-10,-10,-8,-12,-7,-14,-5,-16,-5,-17,-5,-17,-6,-17,-6,-17,-7,-16,-8,-4,-2,0,0,0,0,0,0,0,0,0,0,0,0,0,0,0,0,0,0,-4,1,-14,3,-15,2,-17,1,-18,1,-18,0,-18,0,-18,0,-17,1,-16,2,-15,4,-14,6,-13,9,-12,11,-11,14,-11,16,-10,19,-10,20,-10,22,-10,22,-10,22,-10,21,-10,20,-10,17,-11,15,-11,11,-11,8]"
CSI_DATA,40623,d8:b1:90:db:e8:90,-40,11,1,7,0,0,1,0,1,0,1,-94,0,4,0,636602556,0,100,0,128,1,"[100,-64,5,0,8,5,7,9,7,13,5,17,4,20,3,21,2,22,2,22,1,22,1,21,1,20,2,18,3,16,4,13,5,11,7,8,9,6,11,4,13,2,15,1,16,1,17,2,17,3,17,4,16,4,4,1,0,0,0,0,0,0,0,0,0,0,0,0,0,0,0,0,0,0,3,-1,13,-4,14,-3,16,-1,17,0,17,0,17,1,17,0,16,-1,15,-2,13,-4,12,-6,11,-9,10,-12,9,-14,8,-17,8,-19,7,-21,7,-23,7,-24,8,-24,8,-23,8,-21,9,-19,9,-16,9,-12,9,-9]"
CSI_DATA,40624,d8:b1:90:db:e8:90,-40,11,1,7,0,0,1,0,1,0,1,-94,0,4,0,636616856,0,100,0,128,1,"[100,-64,5,0,-14,2,-16,-3,-18,-7,-20,-11,-21,-14,-22,-17,-22,-19,-22,-20,-21,-20,-21,-19,-19,-18,-19,-16,-18,-12,-16,-9,-15,-5,-14,-1,-14,2,-15,6,-15,9,-16,10,-17,12,-17,12,-18,12,-19,10,-19,9,-5,2,0,0,0,0,0,0,0,0,0,0,0,0,0,0,0,0,0,0,-3,3,-13,12,-15,12,-17,12,-18,11,-19,11,-19,11,-18,11,-17,12,-15,12,-12,13,-9,15,-6,16,-3,18,0,21,3,23,5,25,6,26,7,28,8,28,8,28,7,28,5,27,4,25,1,22,-2,19,-4,16]"
CSI_DATA,40625,d8:b1:90:db:e8:90,-40,11,1,7,0,0,1,0,0,0,1,-94,0,4,0,636632553,0,100,0,128,1,"[100,-64,5,0,20,-12,20,-12,19,-12,19,-12,19,-13,18,-13,18,-13,18,-13,18,-13,17,-13,17,-13,17,-13,16,-13,16,-13,16,-13,16,-13,16,-12,16,-12,15,-12,15,-11,15,-10,15,-10,15,-9,15,-9,15,-8,3,-2,0,0,0,0,0,0,0,0,0,0,0,0,0,0,0,0,0,0,3,-3,12,-12,13,-11,13,-10,14,-10,15,-10,16,-10,17,-10,18,-9,18,-9,19,-9,19,-8,20,-8,20,-7,20,-7,20,-8,20,-8,20,-8,20,-9,20,-9,20,-10,20,-10,20,-10,20,-10,20,-11,20,-11,21,-11]"
CSI_DATA,40626,d8:b1:90:db:e8:90,-40,11,1,7,0,0,1,0,0,0,1,-94,0,4,0,636646409,0,100,0,128,1,"[100,-64,5,0,5,-23,5,-23,5,-23,4,-22,4,-22,3,-22,3,-21,2,-21,2,-21,2,-21,1,-21,1,-21,2,-22,2,-22,2,-21,2,-21,2,-20,2,-20,2,-19,3,-19,3,-18,3,-17,4,-17,4,-17,5,-17,1,-5,0,0,0,0,0,0,0,0,0,0,0,0,0,0,0,0,0,0,0,-5,1,-17,2,-17,3,-17,3,-17,4,-17,4,-18,5,-19,6,-20,6,-20,7,-20,7,-19,7,-19,8,-20,8,-20,7,-20,7,-20,7,-20,7,-20,7,-21,7,-21,6,-22,6,-22,6,-22,6,-22,6,-22,6,-22]"
CSI_DATA,40627,d8:b1:90:db:e8:90,-40,11,1,7,0,0,1,0,0,0,1,-94,0,4,0,636661487,0,100,0,128,1,"[100,-64,5,0,-14,19,-14,19,-13,19,-13,18,-12,19,-11,19,-11,19,-10,19,-10,19,-9,19,-9,19,-9,20,-10,20,-10,20,-10,19,-9,19,-9,18,-9,17,-9,17,-10,16,-10,15,-10,15,-10,14,-10,14,-11,14,-3,3,0,0,0,0,0,0,0,0,0,0,0,0,0,0,0,0,0,0,-2,3,-9,14,-9,14,-10,14,-11,14,-11,14,-12,14,-13,15,-14,15,-15,15,-15,15,-15,15,-15,15,-15,15,-15,15,-15,15,-16,15,-16,15,-15,16,-15,16,-15,17,-15,17,-15,18,-14,18,-14,19,-14,19,-14,19]"
CSI_DATA,40628,d8:b1:90:db:e8:90,-39,11,1,7,0,0,1,0,0,0,1,-94,0,4,0,636680840,0,100,0,128,1,"[100,-64,5,0,14,-16,14,-16,14,-16,13,-16,13,-16,13,-16,12,-16,12,-17,12,-17,11,-17,10,-17,10,-17,10,-17,10,-17,10,-16,10,-16,11,-16,11,-16,11,-15,11,-14,10,-13,10,-13,10,-13,11,-12,11,-12,2,-3,0,0,0,0,0,0,0,0,0,0,0,0,0,0,0,0,0,0,1,-4,8,-13,8,-13,9,-13,10,-13,10,-13,11,-13,11,-13,12,-13,13,-13,14,-13,15,-13,15,-13,15,-13,15,-13,15,-13,15,-13,15,-13,14,-13,14,-13,14,-14,14,-15,14,-15,14,-15,14,-15,14,-16,15,-16]"
CSI_DATA,40629,d8:b1:90:db:e8:90,-40,11,1,7,0,0,1,0,0,0,1,-94,0,4,0,636692677,0,100,0,128,1,"[100,-64,5,0,-2,-20,-3,-21,-4,-21,-4,-21,-4,-21,-4,-21,-4,-21,-5,-20,-5,-20,-6,-19,-6,-19,-6,-19,-7,-19,-7,-19,-7,-18,-6,-18,-6,-18,-5,-18,-5,-18,-5,-18,-5,-17,-4,-17,-4,-16,-3,-16,-3,-16,-1,-5,0,0,0,0,0,0,0,0,0,0,0,0,0,0,0,0,0,0,-2,-4,-6,-15,-5,-15,-5,-16,-5,-16,-4,-17,-4,-17,-3,-18,-2,-19,-2,-20,-1,-20,-1,-20,0,-21,0,-21,0,-21,1,-21,1,-21,0,-21,0,-21,0,-21,-1,-21,-1,-21,-1,-21,-1,-21,-2,-21,-2,-22,-2,-21]"
CSI_DATA,40630,d8:b1:90:db:e8:90,-40,11,1,7,0,0,1,0,0,0,1,-94,0,4,0,636705846,0,100,0,128,1,"[100,-64,5,0,14,17,14,16,14,16,14,16,14,16,14,15,14,15,14,14,14,13,15,13,15,13,15,12,15,13,15,13,15,13,15,13,14,13,13,12,12,12,12,12,11,11,11,11,11,11,10,12,10,12,2,3,0,0,0,0,0,0,0,0,0,0,0,0,0,0,0,0,0,0,3,2,12,9,12,10,11,11,11,11,11,12,11,13,11,14,11,15,12,15,12,16,12,15,12,15,12,15,12,16,12,16,11,17,12,17,11,16,11,17,12,17,12,16,13,16,14,17,14,17,14,17,14,16]"
CSI_DATA,40631,d8:b1:90:db:e8:90,-39,11,1,7,0,0,1,0,0,0,1,-94,0,4,0,636718482,0,100,0,128,1,"[100,-64,5,0,-15,19,-15,19,-14,18,-14,18,-14,18,-13,19,-12,19,-12,19,-11,19,-10,19,-10,19,-10,19,-10,19,-10,19,-10,19,-10,19,-10,18,-10,18,-10,17,-10,16,-9,15,-9,15,-10,15,-10,15,-11,15,-3,3,0,0,0,0,0,0,0,0,0,0,0,0,0,0,0,0,0,0,-2,3,-9,15,-10,14,-10,14,-11,14,-12,14,-13,15,-14,15,-15,15,-15,15,-15,16,-15,16,-15,16,-15,16,-15,16,-16,15,-16,16,-16,16,-16,16,-16,16,-16,16,-15,16,-15,17,-16,18,-15,19,-15,19,-15,19]"
CSI_DATA,40632,d8:b1:90:db:e8:90,-41,11,1,7,0,0,1,0,0,0,1,-93,0,4,0,636728527,0,100,0,128,1,"[100,-64,5,0,24,-3,24,-4,24,-4,24,-5,23,-5,23,-6,23,-6,22,-6,22,-7,22,-7,22,-7,22,-7,22,-7,22,-7,21,-6,21,-7,20,-7,20,-6,19,-5,20,-5,19,-5,18,-4,18,-4,18,-3,18,-3,4,-1,0,0,0,0,0,0,0,0,0,0,0,0,0,0,0,0,0,0,4,-2,17,-5,18,-4,18,-3,18,-2,19,-2,20,-2,21,-1,21,-1,22,-1,22,-1,22,0,22,0,22,0,23,0,23,0,23,0,23,0,24,0,24,-1,24,-1,24,-2,24,-2,24,-3,24,-3,25,-3,25,-3]"
CSI_DATA,40633,d8:b1:90:db:e8:90,-41,11,1,7,0,0,1,0,0,0,1,-93,0,4,0,636741071,0,100,0,128,1,"[100,-64,5,0,-20,5,-20,5,-20,6,-19,6,-19,6,-18,7,-18,7,-18,8,-17,8,-17,8,-17,8,-18,8,-17,8,-17,8,-17,8,-17,7,-17,6,-16,6,-16,6,-16,5,-16,5,-15,4,-15,4,-15,3,-15,3,-4,0,0,0,0,0,0,0,0,0,0,0,0,0,0,0,0,0,0,0,-4,1,-14,6,-14,5,-15,5,-15,4,-16,4,-17,4,-18,3,-18,3,-19,3,-19,2,-19,2,-19,2,-19,1,-19,1,-19,1,-20,2,-20,2,-20,2,-20,3,-20,3,-20,4,-20,4,-19,4,-19,4,-20,4,-20,5]"
CSI_DATA,40634,d8:b1:90:db:e8:90,-41,11,1,7,0,0,1,0,0,0,1,-93,0,4,0,636757567,0,100,0,128,1,"[100,-64,5,0,2,23,2,23,2,23,3,22,3,22,4,22,4,21,5,21,5,21,6,20,6,20,6,21,6,21,6,21,6,20,5,20,4,20,4,19,3,19,3,19,3,18,3,17,3,17,2,17,1,17,0,4,0,0,0,0,0,0,0,0,0,0,0,0,0,0,0,0,0,0,1,4,3,16,2,17,2,17,1,18,1,18,0,19,-1,20,-2,21,-2,21,-2,21,-2,21,-2,21,-2,21,-3,22,-3,22,-3,22,-2,22,-2,22,-2,22,-1,22,0,23,0,23,0,22,1,23,1,23,1,23]"
CSI_DATA,40635,d8:b1:90:db:e8:90,-41,11,1,7,0,0,1,0,0,0,1,-93,0,4,0,636783651,0,100,0,128,1,"[100,-64,5,0,16,12,16,11,16,11,17,10,17,9,16,9,16,9,17,9,17,9,17,8,17,8,17,7,16,7,17,7,17,7,17,8,16,8,15,8,15,8,14,8,14,8,13,8,13,8,12,8,11,9,2,2,0,0,0,0,0,0,0,0,0,0,0,0,0,0,0,0,0,0,3,1,13,6,13,6,12,7,13,8,13,8,13,9,13,10,13,11,13,12,13,12,14,12,14,13,14,13,14,13,14,13,14,13,14,12,14,12,14,13,15,13,15,13,15,13,15,12,15,12,16,12,16,12]"
CSI_DATA,40636,d8:b1:90:db:e8:90,-41,11,1,7,0,0,1,0,0,0,1,-93,0,4,0,636795209,0,100,0,128,1,"[100,-64,5,0,-7,-21,-7,-21,-8,-21,-8,-20,-8,-20,-9,-20,-9,-19,-9,-19,-10,-18,-10,-18,-10,-18,-11,-18,-10,-17,-10,-17,-10,-17,-10,-17,-10,-17,-10,-17,-9,-17,-8,-17,-8,-16,-7,-15,-7,-15,-5,-15,-4,-16,-1,-4,0,0,0,0,0,0,0,0,0,0,0,0,0,0,0,0,0,0,-2,-4,-7,-14,-7,-15,-6,-15,-6,-16,-6,-17,-6,-17,-5,-18,-5,-19,-5,-19,-5,-20,-5,-20,-5,-20,-5,-20,-4,-20,-4,-20,-4,-20,-4,-20,-4,-20,-5,-21,-5,-21,-5,-21,-5,-21,-6,-21,-6,-21,-6,-22,-6,-22]"
CSI_DATA,40637,d8:b1:90:db:e8:90,-41,11,1,7,0,0,1,0,0,0,1,-93,0,4,0,636807634,0,100,0,128,1,"[100,-64,5,0,8,21,8,21,8,21,8,20,9,20,9,20,10,19,10,18,11,18,11,18,11,17,12,18,12,18,11,18,11,17,11,17,10,17,10,17,10,16,9,16,9,16,8,15,7,15,6,15,5,15,1,3,0,0,0,0,0,0,0,0,0,0,0,0,0,0,0,0,0,0,1,3,7,14,7,14,6,15,6,16,6,17,5,17,5,18,5,18,5,19,5,20,5,20,5,20,5,21,5,21,5,21,4,20,5,20,5,20,5,21,6,21,7,21,7,21,7,22,7,22,7,22,7,22]"
CSI_DATA,40638,d8:b1:90:db:e8:90,-41,11,1,7,0,0,1,0,0,0,1,-93,0,4,0,636817686,0,100,0,128,1,"[100,-64,5,0,19,-16,19,-16,18,-16,18,-16,18,-16,17,-16,17,-17,16,-18,15,-18,15,-18,15,-18,15,-18,15,-18,15,-18,15,-17,15,-17,15,-17,15,-16,15,-15,14,-15,14,-14,14,-13,14,-13,14,-12,15,-11,3,-3,0,0,0,0,0,0,0,0,0,0,0,0,0,0,0,0,0,0,2,-4,12,-13,12,-13,13,-13,14,-13,15,-13,16,-13,16,-13,17,-13,18,-13,18,-13,19,-13,19,-13,19,-13,20,-13,20,-13,19,-13,19,-13,19,-13,20,-13,20,-14,20,-14,20,-15,20,-15,20,-15,20,-15,20,-15]"
CSI_DATA,40639,d8:b1:90:db:e8:90,-41,11,1,7,0,0,1,0,0,0,1,-93,0,4,0,636829778,0,100,0,128,1,"[100,-64,5,0,-4,-21,-4,-20,-4,-20,-4,-20,-5,-20,-5,-20,-5,-20,-5,-20,-6,-19,-6,-19,-7,-19,-7,-19,-7,-19,-6,-18,-6,-18,-6,-18,-5,-18,-5,-18,-5,-17,-4,-17,-4,-16,-4,-16,-3,-16,-2,-16,-1,-16,-1,-4,0,0,0,0,0,0,0,0,0,0,0,0,0,0,0,0,0,0,-1,-4,-3,-15,-2,-16,-1,-16,-1,-17,-1,-17,0,-17,0,-18,1,-19,1,-19,1,-20,1,-20,1,-20,1,-20,1,-20,1,-20,1,-20,1,-20,0,-20,0,-20,0,-20,-1,-20,-1,-20,-2,-21,-2,-21,-2,-21,-2,-21]"
CSI_DATA,40640,d8:b1:90:db:e8:90,-41,11,1,7,0,0,1,0,0,0,1,-93,0,4,0,636846445,0,100,0,128,1,"[100,-64,5,0,16,-16,15,-16,16,-16,16,-16,15,-16,15,-16,14,-16,14,-17,14,-17,13,-17,13,-17,13,-17,13,-17,13,-17,13,-16,13,-15,13,-15,13,-15,13,-15,12,-14,12,-13,12,-12,12,-12,13,-11,13,-11,3,-3,0,0,0,0,0,0,0,0,0,0,0,0,0,0,0,0,0,0,2,-3,11,-12,12,-12,13,-12,13,-11,14,-11,15,-12,16,-12,16,-12,17,-11,18,-12,18,-11,19,-11,19,-11,19,-11,18,-11,18,-12,19,-12,18,-12,18,-12,17,-13,17,-13,17,-14,18,-14,18,-14,18,-15,18,-15]"
CSI_DATA,40641,d8:b1:90:db:e8:90,-41,11,1,7,0,0,1,0,0,0,1,-93,0,4,0,636860159,0,100,0,128,1,"[100,-64,5,0,-19,-15,-19,-14,-19,-14,-19,-14,-19,-14,-19,-13,-19,-13,-19,-13,-19,-12,-19,-11,-20,-11,-20,-11,-20,-11,-20,-11,-20,-11,-20,-12,-19,-12,-18,-12,-17,-11,-16,-11,-16,-11,-15,-11,-14,-11,-14,-12,-13,-12,-4,-3,0,0,0,0,0,0,0,0,0,0,0,0,0,0,0,0,0,0,-4,-2,-16,-9,-16,-9,-15,-10,-16,-11,-16,-11,-16,-12,-16,-13,-16,-14,-16,-14,-17,-15,-17,-16,-17,-16,-17,-16,-17,-16,-16,-16,-16,-16,-17,-16,-17,-16,-17,-16,-17,-16,-18,-16,-18,-16,-19,-15,-19,-15,-19,-15,-19,-15]"
CSI_DATA,40642,d8:b1:90:db:e8:90,-41,11,1,7,0,0,1,0,0,0,1,-93,0,4,0,636892116,0,100,0,128,1,"[100,-64,5,0,20,-1,20,-2,20,-2,19,-2,19,-2,19,-3,19,-4,18,-4,18,-4,18,-5,18,-5,19,-5,19,-5,19,-5,18,-5,18,-4,17,-4,17,-4,17,-4,17,-3,16,-3,16,-2,15,-2,15,-2,15,-1,3,-1,0,0,0,0,0,0,0,0,0,0,0,0,0,0,0,0,0,0,3,-2,14,-4,15,-4,16,-3,16,-2,17,-2,17,-2,17,-1,18,-1,18,0,19,0,19,0,19,1,19,1,19,1,19,1,20,0,20,0,20,0,20,0,20,0,20,-1,20,-1,20,-1,20,-1,20,-1,20,-1]"
CSI_DATA,40643,d8:b1:90:db:e8:90,-41,11,1,7,0,0,1,0,0,0,1,-93,0,4,0,636902674,0,100,0,128,1,"[100,-64,5,0,-8,-20,-8,-20,-8,-20,-9,-20,-9,-20,-9,-19,-10,-19,-10,-19,-10,-19,-10,-19,-10,-18,-10,-18,-10,-18,-10,-18,-9,-18,-9,-18,-8,-18,-8,-18,-8,-17,-7,-16,-7,-16,-7,-16,-6,-16,-5,-16,-5,-16,-2,-4,0,0,0,0,0,0,0,0,0,0,0,0,0,0,0,0,0,0,-2,-4,-7,-15,-6,-16,-6,-16,-5,-17,-5,-17,-5,-18,-5,-18,-4,-19,-4,-20,-4,-20,-3,-20,-3,-21,-3,-21,-3,-21,-4,-21,-4,-21,-4,-21,-5,-21,-5,-21,-6,-21,-6,-21,-7,-21,-7,-20,-7,-20,-7,-20,-7,-20]"
CSI_DATA,40644,d8:b1:90:db:e8:90,-41,11,1,7,0,0,1,0,0,0,1,-93,0,4,0,636921080,0,100,0,128,1,"[100,-64,5,0,-11,-18,-11,-18,-11,-18,-11,-18,-12,-17,-12,-17,-12,-17,-13,-17,-13,-17,-13,-16,-13,-16,-13,-16,-12,-15,-12,-15,-12,-15,-11,-16,-11,-16,-10,-15,-10,-15,-9,-15,-9,-14,-9,-14,-8,-14,-7,-14,-7,-15,-2,-4,0,0,0,0,0,0,0,0,0,0,0,0,0,0,0,0,0,0,-3,-4,-10,-13,-9,-14,-9,-14,-9,-15,-8,-15,-8,-16,-8,-16,-8,-17,-8,-18,-7,-19,-7,-19,-7,-19,-7,-19,-7,-19,-8,-19,-8,-19,-8,-19,-8,-19,-9,-19,-9,-18,-10,-18,-10,-18,-10,-18,-10,-18,-10,-18,-11,-18]"
CSI_DATA,40645,d8:b1:90:db:e8:90,-41,11,1,7,0,0,1,0,0,0,1,-93,0,4,0,636933868,0,100,0,128,1,"[100,-64,5,0,22,6,22,6,22,6,22,5,22,5,22,4,22,4,21,3,21,3,21,3,21,2,21,2,20,2,20,2,20,2,20,2,20,2,19,2,18,2,18,2,17,2,17,3,16,3,16,4,15,4,3,1,0,0,0,0,0,0,0,0,0,0,0,0,0,0,0,0,0,0,4,0,17,2,17,2,17,3,17,4,18,5,18,5,18,6,19,6,19,7,19,8,20,8,20,8,20,9,20,9,20,8,20,8,20,7,20,7,20,7,20,7,21,7,21,6,21,6,22,6,22,6,22,6]"
CSI_DATA,40646,d8:b1:90:db:e8:90,-41,11,1,7,0,0,1,0,0,0,1,-93,0,4,0,636945592,0,100,0,128,1,"[100,-64,5,0,23,2,23,1,23,0,22,0,21,0,21,-1,21,-1,21,-1,21,-2,21,-2,20,-2,20,-2,20,-2,20,-2,20,-2,21,-2,20,-2,20,-2,19,-2,18,-2,18,-1,18,-1,17,0,17,1,16,1,4,0,0,0,0,0,0,0,0,0,0,0,0,0,0,0,0,0,0,0,4,-1,17,0,17,0,17,1,17,2,18,2,18,3,18,3,19,4,19,4,20,5,20,5,20,5,20,6,20,6,20,6,20,5,20,5,21,4,21,4,22,4,22,3,22,3,23,3,23,3,23,2,23,2]"
CSI_DATA,40647,d8:b1:90:db:e8:90,-41,11,1,7,0,0,1,0,0,0,1,-93,0,4,0,636959592,0,100,0,128,1,"[100,-64,5,0,23,-5,23,-5,22,-6,21,-6,20,-6,20,-6,20,-6,20,-7,19,-7,19,-8,19,-8,19,-8,19,-8,19,-8,19,-7,19,-7,19,-7,18,-7,18,-6,18,-6,18,-6,17,-5,17,-5,16,-4,16,-3,4,-1,0,0,0,0,0,0,0,0,0,0,0,0,0,0,0,0,0,0,4,-2,16,-5,16,-4,17,-4,17,-3,17,-3,18,-2,19,-2,19,-1,20,-1,20,-1,20,0,20,0,20,0,20,0,20,0,21,0,21,-1,21,-1,22,-1,22,-2,22,-2,22,-3,22,-3,22,-4,22,-4,23,-4]"
CSI_DATA,40648,d8:b1:90:db:e8:90,-46,11,1,7,0,0,1,0,0,0,1,-93,0,4,0,636995885,0,100,0,128,1,"[100,-64,5,0,-2,25,-2,25,-2,24,-1,22,-1,20,-1,20,-1,19,-2,18,-2,17,-2,17,-3,16,-5,12,-6,10,-7,10,-7,9,-7,8,-8,8,-8,7,-8,6,-8,5,-8,4,-8,3,-7,3,-7,2,-6,2,-2,0,0,0,0,0,0,0,0,0,0,0,0,0,0,0,0,0,0,0,4,-4,19,-16,12,-7,-3,10,-12,18,-13,19,-13,20,-12,23,-12,24,-13,25,-13,25,-14,25,-14,26,-14,26,-11,27,-6,31,-3,33,-3,33,-2,29,0,22,1,19,1,19,-1,22,-4,26,-6,28,-5,27,-3,24]"
CSI_DATA,40649,d8:b1:90:db:e8:90,-42,11,1,7,0,0,1,0,0,0,1,-93,0,4,0,637006740,0,100,0,128,1,"[100,-64,5,0,-10,-23,-10,-23,-10,-23,-10,-23,-11,-23,-11,-23,-11,-22,-11,-21,-11,-21,-11,-21,-12,-21,-12,-21,-12,-20,-12,-20,-12,-20,-12,-20,-11,-20,-11,-20,-10,-19,-10,-19,-9,-19,-9,-18,-8,-18,-8,-18,-7,-18,-2,-5,0,0,0,0,0,0,0,0,0,0,0,0,0,0,0,0,0,0,-3,-4,-9,-16,-9,-17,-8,-17,-8,-18,-7,-19,-7,-19,-7,-20,-7,-21,-7,-22,-6,-23,-6,-23,-5,-23,-5,-23,-5,-24,-5,-24,-5,-23,-6,-24,-6,-24,-7,-23,-7,-23,-7,-23,-8,-23,-8,-24,-8,-24,-9,-24,-9,-24]"
CSI_DATA,40650,d8:b1:90:db:e8:90,-41,11,1,7,0,0,1,0,0,0,1,-93,0,4,0,637017955,0,100,0,128,1,"[100,-64,5,0,-21,-13,-21,-13,-21,-12,-21,-13,-21,-13,-21,-12,-21,-12,-21,-11,-21,-10,-21,-10,-21,-9,-21,-9,-21,-9,-21,-9,-21,-10,-20,-10,-20,-10,-19,-10,-18,-10,-18,-9,-17,-9,-17,-9,-17,-9,-16,-9,-15,-10,-4,-3,0,0,0,0,0,0,0,0,0,0,0,0,0,0,0,0,0,0,-5,-2,-17,-8,-17,-9,-16,-9,-16,-10,-17,-11,-17,-11,-18,-12,-18,-13,-18,-14,-18,-14,-17,-15,-17,-15,-17,-15,-17,-15,-17,-16,-17,-16,-17,-15,-18,-15,-18,-14,-19,-14,-19,-14,-19,-14,-19,-14,-20,-14,-21,-14,-21,-14]"
CSI_DATA,40651,d8:b1:90:db:e8:90,-41,11,1,7,0,0,1,0,0,0,1,-93,0,4,0,637028235,0,100,0,128,1,"[100,-64,5,0,22,9,22,8,21,7,21,6,20,6,20,6,20,5,21,5,21,4,21,4,21,4,20,3,20,3,20,3,20,3,20,4,19,3,19,3,18,4,18,4,18,4,17,5,16,5,16,5,16,5,4,1,0,0,0,0,0,0,0,0,0,0,0,0,0,0,0,0,0,0,4,0,17,3,17,3,17,4,17,5,18,6,18,6,18,7,18,7,19,8,19,9,19,9,19,9,19,10,19,10,19,10,20,9,20,9,20,9,19,9,19,9,20,9,20,8,20,8,21,8,22,8,22,8]"
CSI_DATA,40652,d8:b1:90:db:e8:90,-41,11,1,7,0,0,1,0,0,0,1,-93,0,4,0,637039355,0,100,0,128,1,"[100,-64,5,0,5,23,6,22,6,22,6,21,6,20,7,20,7,19,8,20,8,20,8,19,9,19,9,18,9,17,8,18,8,18,8,18,8,18,7,18,7,18,6,17,6,17,6,17,5,16,4,16,4,15,0,4,0,0,0,0,0,0,0,0,0,0,0,0,0,0,0,0,0,0,1,3,7,15,6,16,5,16,5,17,5,18,4,19,4,19,3,19,3,19,3,20,2,20,2,21,2,21,2,21,3,21,3,21,4,21,3,21,3,21,3,21,4,21,4,21,5,21,5,22,6,22,6,22]"
CSI_DATA,40653,d8:b1:90:db:e8:90,-41,11,1,7,0,0,1,0,0,0,1,-93,0,4,0,637056787,0,100,0,128,1,"[100,-64,5,0,-9,18,-9,18,-9,18,-9,18,-8,17,-8,17,-8,18,-7,18,-7,19,-7,19,-7,19,-6,18,-6,18,-6,18,-6,18,-7,18,-7,18,-7,17,-7,16,-7,16,-7,15,-7,14,-8,14,-8,14,-9,13,-3,3,0,0,0,0,0,0,0,0,0,0,0,0,0,0,0,0,0,0,-2,3,-5,14,-6,14,-7,14,-8,14,-9,14,-9,15,-10,15,-10,15,-11,15,-11,15,-12,16,-13,16,-13,16,-13,16,-13,15,-13,15,-12,15,-12,16,-11,17,-11,17,-11,17,-11,17,-11,18,-11,18,-10,18,-10,18]"
CSI_DATA,40654,d8:b1:90:db:e8:90,-42,11,1,7,0,0,1,0,0,0,1,-93,0,4,0,637068599,0,100,0,128,1,"[100,-64,5,0,24,-5,24,-5,24,-5,24,-6,24,-6,23,-7,22,-7,22,-8,22,-8,21,-8,21,-8,21,-7,21,-7,21,-8,21,-8,21,-7,21,-7,21,-7,20,-7,19,-6,19,-6,18,-5,18,-4,18,-4,18,-3,4,-1,0,0,0,0,0,0,0,0,0,0,0,0,0,0,0,0,0,0,4,-2,17,-6,18,-5,18,-5,19,-4,20,-3,21,-3,21,-2,21,-2,21,-2,22,-1,22,0,23,0,23,0,22,0,23,0,23,-1,23,-1,23,-2,23,-2,24,-2,24,-3,24,-3,24,-3,24,-3,24,-4,25,-4]"
CSI_DATA,40655,d8:b1:90:db:e8:90,-41,11,1,7,0,0,1,0,0,0,1,-93,0,4,0,637091345,0,100,0,128,1,"[100,-64,5,0,6,17,6,17,6,17,6,17,7,16,7,16,7,16,7,15,7,15,7,14,7,14,7,15,7,15,7,15,7,15,7,15,7,14,6,14,6,14,5,13,5,13,5,13,4,12,3,12,3,12,0,3,0,0,0,0,0,0,0,0,0,0,0,0,0,0,0,0,0,0,1,2,5,11,4,12,3,13,3,13,3,14,3,14,3,14,3,15,3,15,2,16,2,16,2,17,2,17,2,17,2,17,2,17,2,17,2,17,3,17,3,17,4,17,4,17,4,17,4,17,5,17,5,17]"
CSI_DATA,40656,d8:b1:90:db:e8:90,-41,11,1,7,0,0,1,0,0,0,1,-93,0,4,0,637101363,0,100,0,128,1,"[100,-64,5,0,-13,-18,-13,-18,-12,-18,-13,-18,-13,-17,-13,-17,-14,-17,-14,-16,-14,-15,-14,-15,-14,-15,-15,-15,-14,-14,-14,-14,-14,-14,-14,-14,-14,-14,-13,-14,-13,-14,-13,-14,-12,-13,-12,-13,-11,-13,-10,-13,-9,-13,-3,-4,0,0,0,0,0,0,0,0,0,0,0,0,0,0,0,0,0,0,-3,-4,-10,-13,-9,-14,-9,-14,-9,-15,-9,-15,-9,-16,-8,-16,-8,-17,-8,-18,-8,-19,-7,-19,-8,-19,-7,-20,-7,-20,-7,-19,-8,-19,-8,-19,-8,-19,-8,-18,-9,-18,-9,-18,-10,-18,-10,-19,-11,-19,-11,-19,-11,-19]"
CSI_DATA,40657,d8:b1:90:db:e8:90,-41,11,1,7,0,0,1,0,0,0,1,-93,0,4,0,637124535,0,100,0,128,1,"[100,-64,5,0,-8,20,-8,20,-8,20,-8,20,-8,20,-7,20,-7,20,-6,20,-6,20,-6,20,-5,20,-5,20,-5,20,-5,20,-5,20,-4,19,-4,19,-4,18,-4,18,-5,18,-5,17,-5,17,-6,16,-7,16,-8,15,-2,3,0,0,0,0,0,0,0,0,0,0,0,0,0,0,0,0,0,0,-1,3,-3,15,-4,15,-5,15,-6,16,-6,16,-7,16,-8,17,-8,17,-9,17,-9,18,-10,18,-10,18,-10,18,-10,18,-10,18,-10,18,-10,18,-10,18,-10,19,-10,19,-10,19,-10,20,-10,20,-10,21,-10,21,-9,20]"
CSI_DATA,40658,d8:b1:90:db:e8:90,-41,11,1,7,0,0,1,0,0,0,1,-93,0,4,0,637135626,0,100,0,128,1,"[100,-64,5,0,3,23,3,23,3,23,3,23,3,23,4,23,4,22,5,22,5,21,6,21,7,21,7,21,7,21,7,21,7,20,7,20,7,19,7,19,6,19,6,19,6,18,5,18,5,18,3,18,2,18,0,4,0,0,0,0,0,0,0,0,0,0,0,0,0,0,0,0,0,0,1,4,3,16,3,17,2,17,1,18,1,18,1,19,0,20,0,20,0,20,-1,21,-1,21,-1,21,-1,21,-1,22,-1,22,-1,22,-1,22,-1,22,-1,23,0,23,0,23,0,23,1,24,1,24,1,24,2,24]"
CSI_DATA,40659,d8:b1:90:db:e8:90,-41,11,1,7,0,0,1,0,0,0,1,-93,0,4,0,637149990,0,100,0,128,1,"[100,-64,5,0,18,8,18,8,18,7,19,6,19,6,19,5,18,5,18,5,17,4,18,4,18,4,18,3,18,3,18,3,18,3,18,3,17,3,17,3,16,3,16,4,16,4,15,4,15,4,14,5,14,6,3,1,0,0,0,0,0,0,0,0,0,0,0,0,0,0,0,0,0,0,3,0,14,3,14,4,14,5,14,5,14,6,15,7,15,8,15,8,16,8,16,9,16,9,16,10,16,10,16,10,16,10,16,10,16,10,16,9,16,9,17,9,17,9,17,8,18,8,18,8,19,8,19,9]"
CSI_DATA,40660,d8:b1:90:db:e8:90,-41,11,1,7,0,0,1,0,0,0,1,-93,0,4,0,637166412,0,100,0,128,1,"[100,-64,5,0,-10,18,-10,18,-9,18,-9,18,-9,18,-8,18,-8,17,-8,17,-7,17,-7,17,-6,17,-6,18,-6,18,-6,18,-6,18,-6,17,-6,16,-7,16,-6,16,-6,15,-6,15,-6,14,-7,14,-8,14,-8,13,-2,3,0,0,0,0,0,0,0,0,0,0,0,0,0,0,0,0,0,0,-2,3,-6,13,-7,13,-8,13,-9,13,-9,13,-10,14,-10,14,-11,14,-11,15,-12,15,-12,15,-13,14,-13,14,-13,15,-12,15,-13,15,-12,15,-12,15,-12,15,-12,16,-11,16,-11,17,-11,17,-10,18,-10,18,-10,18]"
CSI_DATA,40661,d8:b1:90:db:e8:90,-41,11,1,7,0,0,1,0,0,0,1,-93,0,4,0,637193037,0,100,0,128,1,"[100,-64,5,0,-8,19,-8,19,-7,19,-7,20,-6,19,-6,19,-5,19,-5,19,-5,19,-4,20,-4,20,-4,20,-3,19,-3,19,-3,19,-4,18,-4,18,-4,17,-4,17,-4,16,-5,16,-5,15,-5,15,-6,14,-6,14,-2,3,0,0,0,0,0,0,0,0,0,0,0,0,0,0,0,0,0,0,-1,3,-4,14,-4,14,-5,15,-6,15,-6,15,-7,16,-8,16,-8,16,-9,16,-9,17,-9,17,-10,17,-10,17,-10,17,-10,18,-10,18,-10,18,-10,18,-9,18,-9,19,-9,19,-9,19,-9,18,-9,19,-9,19,-9,19]"
CSI_DATA,40662,d8:b1:90:db:e8:90,-41,11,1,7,0,0,1,0,0,0,1,-93,0,4,0,637204928,0,100,0,128,1,"[100,-64,5,0,-21,-5,-20,-4,-20,-4,-20,-3,-20,-3,-20,-3,-19,-2,-20,-2,-20,-2,-20,-2,-20,-2,-20,-1,-20,-1,-20,-2,-20,-2,-19,-2,-19,-2,-18,-2,-18,-2,-17,-2,-17,-3,-17,-3,-16,-3,-16,-4,-15,-4,-4,-1,0,0,0,0,0,0,0,0,0,0,0,0,0,0,0,0,0,0,-4,-1,-15,-2,-15,-2,-16,-3,-16,-3,-16,-4,-17,-4,-18,-5,-18,-5,-18,-6,-19,-7,-19,-8,-19,-8,-19,-8,-19,-8,-18,-8,-18,-8,-19,-7,-19,-7,-19,-7,-20,-6,-20,-6,-20,-5,-20,-6,-20,-6,-20,-5,-21,-5]"
CSI_DATA,40663,d8:b1:90:db:e8:90,-41,11,1,7,0,0,1,0,0,0,1,-93,0,4,0,637216559,0,100,0,128,1,"[100,-64,5,0,-3,-22,-3,-21,-3,-21,-4,-21,-4,-20,-4,-20,-4,-20,-5,-20,-5,-19,-6,-19,-6,-19,-6,-19,-6,-19,-6,-19,-6,-19,-5,-19,-5,-18,-5,-18,-5,-18,-4,-17,-4,-17,-4,-16,-3,-16,-2,-16,-1,-16,-1,-4,0,0,0,0,0,0,0,0,0,0,0,0,0,0,0,0,0,0,-1,-4,-4,-15,-4,-15,-3,-16,-2,-16,-2,-17,-1,-17,-1,-18,0,-19,0,-20,0,-20,0,-20,1,-20,1,-20,0,-20,0,-20,0,-21,0,-21,0,-21,0,-21,-1,-21,-1,-21,-1,-21,-2,-21,-2,-21,-2,-21,-2,-21]"
CSI_DATA,40664,d8:b1:90:db:e8:90,-42,11,1,7,0,0,1,0,0,0,1,-93,0,4,0,637228559,0,100,0,128,1,"[100,-64,5,0,18,-17,18,-17,18,-17,17,-17,17,-17,16,-17,15,-18,15,-18,15,-18,14,-18,13,-18,13,-18,14,-19,13,-19,13,-18,14,-18,14,-17,14,-17,14,-16,13,-15,13,-14,13,-13,13,-13,14,-12,14,-12,3,-3,0,0,0,0,0,0,0,0,0,0,0,0,0,0,0,0,0,0,2,-4,10,-15,11,-14,12,-14,13,-13,13,-13,14,-14,16,-14,17,-14,17,-14,18,-14,18,-13,18,-13,18,-13,19,-13,19,-14,19,-14,19,-14,19,-14,19,-14,18,-15,18,-16,18,-16,18,-15,18,-16,18,-16,18,-17]"
CSI_DATA,40665,d8:b1:90:db:e8:90,-41,11,1,7,0,0,1,0,0,0,1,-93,0,4,0,637238886,0,100,0,128,1,"[100,-64,5,0,-4,-24,-4,-24,-4,-24,-5,-23,-5,-23,-6,-22,-6,-22,-6,-22,-6,-21,-7,-21,-7,-21,-8,-21,-8,-21,-7,-21,-7,-21,-7,-21,-7,-21,-6,-20,-6,-20,-5,-19,-5,-18,-5,-18,-4,-18,-3,-18,-2,-18,-1,-5,0,0,0,0,0,0,0,0,0,0,0,0,0,0,0,0,0,0,-2,-4,-5,-16,-4,-17,-3,-17,-2,-18,-2,-18,-2,-19,-1,-20,-1,-21,0,-22,0,-22,0,-22,0,-22,1,-22,1,-22,0,-23,0,-23,0,-23,-1,-23,-1,-23,-2,-23,-2,-23,-2,-23,-3,-23,-3,-23,-3,-24,-4,-24]"
CSI_DATA,40666,d8:b1:90:db:e8:90,-41,11,1,7,0,0,1,0,0,0,1,-93,0,4,0,637257012,0,100,0,128,1,"[100,-64,5,0,-18,12,-18,12,-17,12,-17,13,-17,13,-16,13,-16,13,-16,13,-15,14,-15,14,-14,14,-14,13,-14,13,-14,13,-14,13,-14,13,-14,13,-14,12,-14,12,-14,11,-14,10,-14,9,-14,9,-14,9,-14,8,-4,2,0,0,0,0,0,0,0,0,0,0,0,0,0,0,0,0,0,0,-3,2,-11,10,-12,10,-13,9,-13,9,-14,9,-15,9,-16,9,-17,9,-17,8,-17,8,-18,8,-18,8,-18,8,-18,8,-19,8,-18,8,-19,8,-18,9,-18,9,-18,10,-18,10,-18,11,-18,11,-18,12,-18,12,-18,12]"
CSI_DATA,40667,d8:b1:90:db:e8:90,-41,11,1,7,0,0,1,0,0,0,1,-93,0,4,0,637268030,0,100,0,128,1,"[100,-64,5,0,-8,-19,-8,-19,-8,-19,-9,-19,-9,-18,-10,-18,-10,-17,-10,-17,-10,-17,-10,-16,-11,-16,-11,-16,-11,-16,-11,-16,-11,-16,-11,-16,-10,-16,-9,-15,-9,-15,-9,-15,-8,-14,-8,-14,-7,-14,-7,-14,-6,-14,-2,-4,0,0,0,0,0,0,0,0,0,0,0,0,0,0,0,0,0,0,-2,-4,-8,-13,-8,-14,-7,-14,-7,-15,-7,-15,-7,-15,-7,-16,-6,-17,-6,-17,-6,-18,-5,-19,-5,-19,-5,-19,-5,-19,-5,-19,-5,-19,-6,-19,-6,-19,-6,-19,-6,-19,-6,-19,-7,-19,-7,-19,-7,-19,-7,-20,-7,-20]"
CSI_DATA,40668,d8:b1:90:db:e8:90,-40,11,1,7,0,0,1,0,0,0,1,-93,0,4,0,637302443,0,100,0,128,1,"[100,-64,5,0,-19,12,-19,12,-19,12,-19,12,-18,12,-18,12,-18,13,-18,13,-17,14,-17,14,-17,13,-16,13,-16,13,-16,14,-17,13,-17,13,-16,12,-16,12,-15,11,-15,10,-15,9,-15,9,-15,8,-15,8,-16,7,-4,1,0,0,0,0,0,0,0,0,0,0,0,0,0,0,0,0,0,0,-4,2,-14,10,-14,9,-15,9,-16,9,-16,8,-17,8,-18,8,-19,8,-19,8,-20,8,-20,7,-20,7,-20,7,-20,7,-20,7,-20,7,-20,8,-20,8,-20,9,-20,9,-20,9,-20,10,-20,10,-20,11,-20,11,-20,11]"
CSI_DATA,40669,d8:b1:90:db:e8:90,-41,11,1,7,0,0,1,0,0,0,1,-93,0,4,0,637313853,0,100,0,128,1,"[100,-64,5,0,11,-19,11,-19,11,-19,11,-18,10,-18,10,-18,9,-18,9,-19,9,-19,8,-19,7,-19,7,-19,7,-19,7,-19,7,-19,7,-18,7,-18,7,-18,7,-17,7,-16,7,-15,7,-15,7,-15,8,-15,8,-15,2,-4,0,0,0,0,0,0,0,0,0,0,0,0,0,0,0,0,0,0,1,-4,6,-15,6,-15,7,-15,8,-15,9,-15,9,-15,10,-15,11,-15,12,-16,12,-16,12,-16,12,-16,12,-16,12,-16,12,-16,12,-16,12,-16,12,-17,11,-17,11,-17,11,-18,11,-18,11,-18,11,-18,11,-18,11,-18]"
CSI_DATA,40670,d8:b1:90:db:e8:90,-41,11,1,7,0,0,1,0,0,0,1,-93,0,4,0,637329145,0,100,0,128,1,"[100,-64,5,0,23,3,23,2,23,2,23,2,22,2,22,1,22,0,22,0,22,0,22,-1,21,-1,21,-1,21,-2,21,-2,21,-1,21,-1,21,-1,20,0,20,0,19,0,18,0,17,1,17,1,17,1,17,1,4,0,0,0,0,0,0,0,0,0,0,0,0,0,0,0,0,0,0,0,4,-1,17,-2,17,-1,17,-1,17,0,18,1,19,1,20,2,20,2,20,3,21,3,21,4,21,4,21,4,21,4,21,4,21,4,21,4,21,3,21,3,22,3,22,2,22,2,22,2,22,2,22,2,23,3]"
CSI_DATA,40671,d8:b1:90:db:e8:90,-41,11,1,7,0,0,1,0,0,0,1,-93,0,4,0,637339762,0,100,0,128,1,"[100,-64,5,0,17,15,18,15,18,14,18,14,18,14,17,13,17,13,18,12,18,12,18,11,18,11,18,11,18,11,17,11,18,11,17,11,16,11,15,11,15,11,15,11,15,11,14,11,14,11,13,11,12,11,3,2,0,0,0,0,0,0,0,0,0,0,0,0,0,0,0,0,0,0,3,2,14,9,14,10,14,10,14,11,14,12,14,13,14,13,14,14,14,15,14,16,14,16,14,16,14,17,13,17,14,16,14,16,14,16,14,16,14,16,14,16,15,16,15,15,15,15,16,16,17,16,17,16]"
CSI_DATA,40672,d8:b1:90:db:e8:90,-41,11,1,7,0,0,1,0,0,0,1,-93,0,4,0,637352398,0,100,0,128,1,"[100,-64,5,0,-2,19,-2,19,-1,20,-1,20,0,20,0,19,0,19,0,19,1,19,1,19,1,18,2,18,1,18,1,18,1,18,1,18,1,18,1,18,0,17,0,16,0,16,0,15,-1,15,-1,15,-2,15,-1,3,0,0,0,0,0,0,0,0,0,0,0,0,0,0,0,0,0,0,0,3,1,14,0,15,-1,15,-1,15,-2,16,-2,16,-2,17,-3,17,-4,18,-4,18,-4,18,-5,18,-5,18,-5,18,-5,19,-5,19,-5,19,-4,19,-4,19,-3,19,-3,19,-2,19,-2,20,-2,20,-2,20,-2,20]"
CSI_DATA,40673,d8:b1:90:db:e8:90,-41,11,1,7,0,0,1,0,0,0,1,-93,0,4,0,637364144,0,100,0,128,1,"[100,-64,5,0,-18,18,-18,18,-18,17,-17,17,-16,17,-16,18,-15,18,-15,18,-15,18,-14,18,-14,19,-15,19,-15,19,-15,19,-14,19,-14,18,-14,17,-14,17,-14,17,-14,17,-14,16,-14,15,-14,14,-14,14,-14,13,-4,3,0,0,0,0,0,0,0,0,0,0,0,0,0,0,0,0,0,0,-3,3,-11,15,-12,15,-13,14,-14,14,-14,14,-16,14,-16,14,-17,14,-18,15,-19,14,-19,14,-19,14,-19,14,-19,14,-20,14,-20,14,-20,15,-20,15,-19,15,-19,16,-19,16,-19,16,-19,17,-19,17,-19,17,-20,18]"
CSI_DATA,40674,d8:b1:90:db:e8:90,-41,11,1,7,0,0,1,0,0,0,1,-93,0,4,0,637374440,0,100,0,128,1,"[100,-64,5,0,23,-6,23,-6,22,-7,22,-6,21,-6,21,-7,21,-8,21,-8,20,-8,20,-8,20,-9,21,-9,21,-9,21,-9,20,-8,20,-8,19,-8,19,-8,19,-7,19,-7,18,-6,18,-6,18,-5,17,-5,17,-4,4,-1,0,0,0,0,0,0,0,0,0,0,0,0,0,0,0,0,0,0,4,-2,16,-7,16,-7,17,-6,17,-6,18,-5,19,-5,20,-4,20,-4,21,-4,21,-3,22,-3,22,-3,22,-2,22,-2,22,-2,23,-2,23,-2,23,-3,22,-3,22,-3,22,-4,23,-4,23,-4,23,-4,23,-5,24,-5]"
CSI_DATA,40675,d8:b1:90:db:e8:90,-41,11,1,7,0,0,1,0,0,0,1,-93,0,4,0,637397050,0,100,0,128,1,"[100,-64,5,0,15,14,15,14,15,14,16,14,16,13,16,12,16,12,16,11,16,11,16,10,16,10,16,11,16,11,16,11,15,11,15,11,14,10,14,10,13,10,13,10,13,10,12,10,12,10,11,11,10,12,2,3,0,0,0,0,0,0,0,0,0,0,0,0,0,0,0,0,0,0,3,2,11,9,11,10,11,11,11,11,11,12,11,13,11,14,11,14,11,15,11,15,11,16,11,16,11,16,11,16,11,16,11,16,12,15,12,15,13,15,13,15,14,15,14,15,14,14,14,14,15,14,15,14]"
CSI_DATA,40676,d8:b1:90:db:e8:90,-41,11,1,7,0,0,1,0,0,0,1,-93,0,4,0,637407716,0,100,0,128,1,"[100,-64,5,0,-20,-12,-20,-12,-20,-11,-20,-11,-20,-11,-20,-11,-20,-10,-20,-10,-20,-10,-20,-9,-21,-9,-21,-8,-21,-8,-20,-8,-20,-8,-19,-8,-18,-8,-18,-8,-17,-8,-17,-8,-17,-9,-17,-8,-17,-8,-16,-8,-15,-9,-4,-3,0,0,0,0,0,0,0,0,0,0,0,0,0,0,0,0,0,0,-4,-2,-16,-8,-16,-9,-16,-10,-16,-10,-16,-11,-16,-11,-15,-12,-16,-13,-16,-13,-16,-13,-17,-13,-17,-14,-17,-14,-17,-14,-17,-15,-17,-15,-17,-14,-18,-14,-18,-14,-18,-13,-18,-13,-18,-13,-19,-13,-20,-12,-20,-12,-20,-13]"
CSI_DATA,40677,d8:b1:90:db:e8:90,-41,11,1,7,0,0,1,0,0,0,1,-93,0,4,0,637418787,0,100,0,128,1,"[100,-64,5,0,-17,15,-16,16,-16,16,-16,16,-15,16,-15,16,-14,16,-14,16,-14,16,-14,17,-14,17,-14,17,-14,17,-13,17,-13,17,-13,16,-12,16,-12,15,-12,15,-12,15,-12,14,-12,14,-12,13,-12,12,-12,12,-3,3,0,0,0,0,0,0,0,0,0,0,0,0,0,0,0,0,0,0,-3,3,-12,12,-13,12,-13,12,-14,12,-14,12,-15,12,-16,11,-17,11,-17,11,-18,11,-18,12,-18,12,-19,12,-19,12,-19,12,-18,12,-18,12,-18,12,-18,13,-18,14,-18,14,-17,14,-17,14,-17,15,-17,15,-18,15]"
CSI_DATA,40678,d8:b1:90:db:e8:90,-41,11,1,7,0,0,1,0,0,0,1,-93,0,4,0,637431677,0,100,0,128,1,"[100,-64,5,0,-24,-9,-24,-8,-24,-8,-24,-8,-24,-7,-24,-7,-24,-6,-24,-6,-24,-6,-24,-5,-24,-5,-25,-5,-24,-5,-24,-5,-23,-5,-23,-5,-22,-5,-21,-5,-21,-5,-21,-5,-20,-6,-20,-5,-19,-6,-19,-7,-18,-7,-5,-2,0,0,0,0,0,0,0,0,0,0,0,0,0,0,0,0,0,0,-5,-2,-19,-5,-19,-5,-19,-6,-19,-7,-20,-8,-20,-8,-20,-9,-20,-10,-21,-10,-21,-10,-21,-11,-22,-11,-22,-11,-22,-12,-21,-12,-21,-12,-22,-11,-22,-11,-23,-10,-23,-10,-23,-10,-23,-9,-24,-9,-24,-9,-24,-9,-24,-9]"
CSI_DATA,40679,d8:b1:90:db:e8:90,-42,11,1,7,0,0,1,0,0,0,1,-93,0,4,0,637443904,0,100,0,128,1,"[100,-64,5,0,-25,7,-25,7,-24,8,-24,8,-24,8,-24,8,-23,9,-23,9,-22,9,-22,9,-22,9,-21,10,-21,10,-21,10,-20,10,-20,9,-20,9,-20,9,-20,8,-19,7,-19,7,-19,6,-18,6,-18,5,-18,5,-5,1,0,0,0,0,0,0,0,0,0,0,0,0,0,0,0,0,0,0,-5,1,-17,6,-18,5,-18,5,-19,4,-20,4,-21,4,-21,3,-22,3,-23,3,-23,3,-24,2,-24,2,-24,2,-24,2,-24,1,-24,2,-24,2,-24,2,-24,3,-24,4,-24,4,-24,5,-25,5,-25,5,-25,6,-25,6]"
CSI_DATA,40680,d8:b1:90:db:e8:90,-41,11,1,7,0,0,1,0,0,0,1,-93,0,4,0,637456684,0,100,0,128,1,"[100,-64,5,0,-2,-22,-2,-22,-2,-21,-2,-21,-2,-21,-3,-21,-3,-21,-3,-20,-4,-20,-4,-20,-5,-20,-5,-19,-5,-19,-4,-19,-4,-19,-4,-19,-4,-19,-3,-19,-3,-18,-2,-18,-2,-17,-2,-17,-1,-17,0,-17,0,-16,0,-4,0,0,0,0,0,0,0,0,0,0,0,0,0,0,0,0,0,0,-1,-4,-3,-16,-3,-16,-2,-17,-1,-17,-1,-17,-1,-18,0,-18,0,-19,1,-19,1,-20,1,-20,1,-20,1,-21,1,-20,2,-20,1,-20,1,-20,1,-20,0,-21,-1,-21,-1,-21,-1,-21,-1,-22,-1,-22,0,-22,0,-22]"
CSI_DATA,40681,d8:b1:90:db:e8:90,-41,11,1,7,0,0,1,0,0,0,1,-93,0,4,0,637466936,0,100,0,128,1,"[100,-64,5,0,17,22,18,21,19,21,19,21,18,20,19,19,20,18,20,18,19,17,20,16,20,16,20,17,19,16,20,16,20,16,19,16,19,16,19,16,18,16,17,15,17,15,16,15,14,16,14,16,13,16,3,4,0,0,0,0,0,0,0,0,0,0,0,0,0,0,0,0,0,0,3,3,14,15,13,16,13,16,12,17,13,18,13,19,13,20,13,20,13,21,12,22,13,22,13,23,13,23,13,23,12,23,13,22,13,22,13,22,15,22,16,22,16,22,17,22,17,22,17,24,17,24,17,23]"
CSI_DATA,40682,d8:b1:90:db:e8:90,-41,11,1,7,0,0,1,0,0,0,1,-93,0,4,0,637478624,0,100,0,128,1,"[100,-64,5,0,-16,-20,-16,-20,-16,-20,-15,-19,-15,-19,-16,-18,-16,-17,-16,-17,-15,-17,-16,-17,-16,-17,-16,-17,-15,-17,-15,-17,-15,-17,-15,-16,-14,-16,-14,-16,-14,-16,-14,-16,-13,-15,-13,-15,-12,-15,-11,-15,-10,-15,-3,-4,0,0,0,0,0,0,0,0,0,0,0,0,0,0,0,0,0,0,-4,-4,-13,-14,-12,-15,-12,-15,-11,-16,-11,-17,-12,-17,-12,-18,-12,-19,-11,-19,-11,-20,-11,-21,-11,-22,-11,-22,-10,-22,-10,-22,-10,-22,-11,-22,-11,-22,-11,-22,-12,-21,-12,-21,-13,-21,-14,-21,-14,-21,-14,-21,-14,-21]"
CSI_DATA,40683,d8:b1:90:db:e8:90,-42,11,1,7,0,0,1,0,0,0,1,-93,0,4,0,637504376,0,100,0,128,1,"[100,-64,5,0,3,-22,3,-22,3,-22,3,-21,2,-21,2,-21,1,-21,1,-21,1,-21,1,-20,0,-20,1,-20,1,-20,1,-20,1,-20,1,-19,1,-19,1,-18,1,-18,1,-18,1,-18,1,-17,1,-16,2,-16,2,-16,0,-4,0,0,0,0,0,0,0,0,0,0,0,0,0,0,0,0,0,0,0,-4,3,-16,3,-16,4,-16,4,-17,5,-17,5,-17,6,-18,6,-18,6,-18,7,-19,8,-19,8,-20,8,-20,9,-19,9,-19,9,-19,8,-19,8,-20,7,-20,7,-20,7,-20,6,-21,6,-21,6,-21,5,-22,5,-22]"
CSI_DATA,40684,d8:b1:90:db:e8:90,-41,11,1,7,0,0,1,0,0,0,1,-93,0,4,0,637514627,0,100,0,128,1,"[100,-64,5,0,20,-1,20,-2,20,-2,19,-2,19,-2,19,-3,19,-3,20,-2,19,-3,19,-3,20,-3,20,-4,19,-4,19,-5,19,-4,19,-4,18,-4,18,-4,17,-3,17,-3,16,-2,16,-2,16,-2,16,-1,15,0,3,0,0,0,0,0,0,0,0,0,0,0,0,0,0,0,0,0,0,0,3,-1,15,-3,15,-2,15,-2,15,-1,16,-1,17,0,17,0,17,0,18,1,18,1,19,1,19,2,19,2,19,2,19,2,19,2,20,2,20,2,20,1,20,1,20,0,20,0,20,0,20,0,20,0,21,0]"
CSI_DATA,40685,d8:b1:90:db:e8:90,-42,11,1,7,0,0,1,0,1,0,1,-93,0,4,0,637527938,0,100,0,128,1,"[100,-64,5,0,-13,-4,-14,-9,-14,-14,-13,-18,-13,-22,-12,-24,-12,-26,-11,-27,-11,-26,-10,-25,-10,-23,-10,-21,-10,-18,-10,-15,-11,-11,-12,-8,-14,-5,-15,-2,-17,0,-18,2,-20,2,-21,2,-21,1,-21,0,-21,-1,-6,-1,0,0,0,0,0,0,0,0,0,0,0,0,0,0,0,0,0,0,-4,2,-15,8,-17,7,-19,6,-20,6,-20,5,-21,5,-20,5,-19,6,-17,7,-15,9,-13,12,-11,14,-9,17,-7,20,-6,22,-5,24,-4,26,-4,27,-3,28,-4,28,-4,27,-4,26,-6,24,-7,21,-9,16,-10,13]"
CSI_DATA,40686,d8:b1:90:db:e8:90,-41,11,1,7,0,0,1,0,1,0,1,-93,0,4,0,637538493,0,100,0,128,1,"[100,-64,5,0,4,11,0,15,-4,18,-8,21,-11,23,-14,24,-16,25,-17,25,-17,25,-17,24,-16,23,-14,22,-12,20,-9,19,-6,19,-3,18,0,18,3,18,5,19,7,19,8,20,8,20,7,21,5,21,4,21,0,5,0,0,0,0,0,0,0,0,0,0,0,0,0,0,0,0,0,0,4,-1,17,-2,19,-1,20,0,21,2,22,3,23,3,23,2,23,1,23,0,22,-2,22,-5,21,-8,22,-11,22,-14,22,-16,22,-18,23,-20,23,-21,24,-21,23,-21,23,-20,22,-18,21,-15,20,-11,18,-7,16,-4]"
CSI_DATA,40687,d8:b1:90:db:e8:90,-41,11,1,7,0,0,1,0,1,0,1,-93,0,4,0,637556986,0,100,0,128,1,"[100,-64,5,0,-4,-10,-1,-13,3,-16,6,-18,8,-19,10,-20,11,-21,13,-20,13,-20,12,-19,11,-18,10,-17,7,-15,5,-14,2,-13,-1,-12,-4,-11,-7,-11,-9,-11,-11,-11,-12,-12,-13,-13,-12,-14,-11,-14,-10,-15,-3,-4,0,0,0,0,0,0,0,0,0,0,0,0,0,0,0,0,0,0,-4,-2,-13,-6,-13,-8,-14,-10,-14,-11,-14,-12,-14,-12,-14,-11,-14,-9,-14,-8,-14,-6,-14,-3,-15,-1,-16,2,-17,5,-18,7,-19,9,-20,11,-20,12,-21,12,-21,13,-20,12,-20,11,-19,9,-17,6,-16,3,-14,0]"
CSI_DATA,40688,d8:b1:90:db:e8:90,-42,11,1,7,0,0,1,0,1,0,1,-93,0,4,0,637570109,0,100,0,128,1,"[100,-64,5,0,-4,-10,0,-14,4,-16,7,-18,10,-20,12,-21,14,-22,15,-21,15,-21,15,-20,14,-19,12,-18,9,-16,6,-15,3,-14,0,-13,-3,-13,-6,-13,-8,-14,-10,-14,-12,-15,-12,-16,-12,-16,-10,-17,-9,-18,-2,-5,0,0,0,0,0,0,0,0,0,0,0,0,0,0,0,0,0,0,-4,-1,-15,-5,-16,-7,-17,-8,-17,-10,-17,-10,-17,-11,-17,-10,-17,-9,-17,-7,-16,-4,-17,-2,-17,1,-18,4,-18,7,-19,10,-20,12,-21,13,-21,15,-22,15,-22,15,-22,15,-21,13,-20,11,-18,8,-16,5,-14,2]"
CSI_DATA,40689,d8:b1:90:db:e8:90,-42,11,1,7,0,0,1,0,1,0,1,-93,0,4,0,637581366,0,100,0,128,1,"[100,-64,5,0,11,-9,15,-6,19,-3,22,0,24,3,26,5,27,7,27,8,27,8,26,7,24,7,23,5,21,3,18,1,16,-2,15,-5,13,-8,12,-11,11,-13,11,-16,12,-17,12,-17,13,-17,14,-16,15,-15,3,-4,0,0,0,0,0,0,0,0,0,0,0,0,0,0,0,0,0,0,0,-5,1,-17,3,-18,5,-20,6,-20,7,-21,7,-21,7,-20,5,-20,4,-20,1,-20,-2,-20,-5,-19,-9,-20,-12,-20,-14,-21,-17,-22,-19,-22,-20,-22,-21,-22,-21,-22,-19,-22,-18,-22,-15,-21,-12,-20,-8,-18,-4,-17]"
CSI_DATA,40690,d8:b1:90:db:e8:90,-42,11,1,7,0,0,1,0,1,0,1,-93,0,4,0,637602363,0,100,0,128,1,"[100,-64,5,0,-3,10,-8,11,-13,11,-17,11,-20,11,-23,11,-24,10,-25,10,-25,9,-24,8,-22,8,-20,8,-17,8,-14,8,-10,9,-7,10,-3,12,0,13,2,15,3,16,4,17,4,18,3,19,1,19,0,19,0,4,0,0,0,0,0,0,0,0,0,0,0,0,0,0,0,0,0,0,1,3,7,12,7,14,6,16,5,18,5,18,5,18,5,18,6,16,7,15,9,13,10,10,13,8,15,6,18,4,20,2,22,1,24,0,26,-1,27,-1,27,-1,26,-1,24,0,22,1,19,3,16,5,13,6]"
CSI_DATA,40691,d8:b1:90:db:e8:90,-42,11,1,7,0,0,1,0,1,0,1,-93,0,4,0,637614041,0,100,0,128,1,"[100,-64,5,0,4,-12,8,-12,13,-11,17,-11,20,-10,22,-10,24,-9,25,-8,24,-8,23,-7,22,-7,19,-7,16,-7,14,-8,11,-9,7,-11,4,-12,2,-14,0,-16,-1,-17,-2,-18,-2,-19,-1,-20,1,-20,2,-19,0,-5,0,0,0,0,0,0,0,0,0,0,0,0,0,0,0,0,0,0,-2,-4,-6,-14,-5,-16,-4,-18,-3,-19,-3,-20,-3,-20,-3,-19,-4,-18,-5,-17,-7,-15,-9,-14,-12,-12,-15,-11,-18,-9,-20,-8,-22,-8,-24,-7,-26,-7,-26,-6,-27,-6,-26,-7,-24,-7,-22,-8,-19,-9,-15,-10,-12,-11]"
CSI_DATA,40692,d8:b1:90:db:e8:90,-42,11,1,7,0,0,1,0,1,0,1,-93,0,4,0,637626883,0,100,0,128,1,"[100,-64,5,0,-10,-4,-10,-8,-9,-12,-9,-15,-9,-18,-8,-20,-8,-21,-7,-22,-7,-22,-6,-21,-6,-20,-7,-18,-7,-16,-7,-13,-8,-10,-10,-8,-11,-5,-12,-3,-14,-2,-15,-1,-16,-1,-17,-1,-17,-2,-17,-3,-17,-4,-5,-1,0,0,0,0,0,0,0,0,0,0,0,0,0,0,0,0,0,0,-3,1,-11,7,-13,7,-14,6,-15,6,-16,5,-16,6,-16,6,-15,6,-13,7,-12,8,-10,10,-9,11,-7,13,-5,16,-4,18,-3,19,-2,21,-2,22,-1,23,-1,22,-2,22,-3,20,-3,19,-5,16,-6,13,-7,10]"
CSI_DATA,40693,d8:b1:90:db:e8:90,-41,11,1,7,0,0,1,0,1,0,1,-93,0,4,0,637640421,0,100,0,128,1,"[100,-64,5,0,6,-10,11,-9,17,-8,21,-7,24,-5,27,-4,28,-3,29,-2,28,-1,27,-1,25,-2,23,-2,20,-3,17,-5,14,-7,11,-9,8,-12,6,-15,5,-17,4,-19,3,-21,4,-21,5,-21,7,-21,8,-20,2,-5,0,0,0,0,0,0,0,0,0,0,0,0,0,0,0,0,0,0,-2,-4,-6,-17,-6,-18,-4,-21,-3,-22,-3,-23,-2,-23,-3,-22,-4,-21,-5,-19,-7,-18,-10,-16,-14,-14,-17,-12,-20,-11,-23,-10,-25,-9,-27,-9,-29,-8,-29,-8,-30,-8,-29,-9,-27,-9,-24,-10,-21,-10,-16,-11,-13,-11]"
CSI_DATA,40694,d8:b1:90:db:e8:90,-42,11,1,7,0,0,1,0,1,0,1,-93,0,4,0,637652699,0,100,0,128,1,"[100,-64,5,0,11,8,9,13,8,17,6,21,4,24,3,27,2,28,1,29,1,28,0,27,1,25,1,23,3,20,5,16,7,13,9,10,11,8,14,5,16,3,18,2,19,2,20,2,21,3,20,4,20,6,5,1,0,0,0,0,0,0,0,0,0,0,0,0,0,0,0,0,0,0,4,-1,17,0,18,1,19,3,20,4,21,4,21,4,20,4,19,2,19,1,18,-2,17,-5,16,-9,16,-12,15,-16,15,-19,14,-22,14,-24,14,-25,15,-26,15,-26,14,-25,14,-24,15,-21,15,-17,15,-13,14,-9]"
CSI_DATA,40695,d8:b1:90:db:e8:90,-42,11,1,7,0,0,1,0,1,0,1,-93,0,4,0,637667348,0,100,0,128,1,"[100,-64,5,0,0,10,-4,12,-8,14,-12,15,-15,16,-17,17,-19,17,-20,16,-20,15,-19,15,-18,14,-16,13,-14,13,-10,12,-7,11,-4,12,-1,12,2,13,4,13,6,14,7,16,7,17,6,17,5,18,3,18,0,4,0,0,0,0,0,0,0,0,0,0,0,0,0,0,0,0,0,0,3,1,13,7,13,8,14,10,14,12,13,12,14,12,14,12,14,10,14,9,14,7,14,4,15,1,17,-2,18,-5,20,-7,21,-9,22,-10,23,-11,23,-12,24,-12,23,-11,22,-10,20,-8,18,-5,16,-2,14,1]"
CSI_DATA,40696,d8:b1:90:db:e8:90,-42,11,1,7,0,0,1,0,1,0,1,-93,0,4,0,637677380,0,100,0,128,1,"[100,-64,5,0,-6,-17,0,-20,5,-23,9,-25,13,-27,15,-28,17,-29,18,-28,18,-27,17,-26,15,-25,13,-24,10,-22,6,-19,2,-17,-2,-16,-6,-15,-10,-14,-14,-13,-17,-13,-19,-14,-20,-15,-19,-16,-18,-17,-17,-17,-4,-5,0,0,0,0,0,0,0,0,0,0,0,0,0,0,0,0,0,0,-4,-4,-14,-16,-13,-18,-12,-20,-12,-21,-12,-22,-12,-22,-12,-21,-12,-18,-14,-16,-15,-14,-17,-11,-19,-7,-21,-3,-24,0,-27,3,-29,6,-30,8,-32,10,-33,10,-33,10,-32,9,-31,8,-29,6,-27,3,-23,-1,-20,-4]"
CSI_DATA,40697,d8:b1:90:db:e8:90,-41,11,1,7,0,0,1,0,1,0,1,-93,0,4,0,637710221,0,100,0,128,1,"[100,-64,5,0,8,-5,12,-1,14,1,17,4,19,7,20,9,20,10,20,11,20,12,20,11,18,10,16,9,15,7,14,4,12,1,11,-2,11,-5,11,-7,11,-10,11,-11,11,-12,12,-13,13,-12,14,-11,14,-11,3,-3,0,0,0,0,0,0,0,0,0,0,0,0,0,0,0,0,0,0,0,-4,1,-14,3,-15,5,-16,6,-17,6,-17,6,-17,6,-17,5,-16,3,-16,1,-15,-1,-15,-4,-15,-7,-15,-10,-16,-12,-16,-14,-17,-16,-17,-17,-17,-18,-18,-18,-18,-17,-18,-15,-17,-13,-17,-10,-16,-7,-14,-4,-13]"
CSI_DATA,40698,d8:b1:90:db:e8:90,-41,11,1,7,0,0,1,0,1,0,1,-93,0,4,0,637723317,0,100,0,128,1,"[100,-64,5,0,0,-15,6,-17,12,-19,17,-20,21,-20,25,-20,27,-19,28,-19,28,-18,26,-18,24,-18,22,-17,18,-16,14,-15,10,-15,5,-16,1,-16,-2,-18,-5,-19,-7,-21,-9,-22,-9,-24,-8,-24,-7,-25,-5,-25,-1,-7,0,0,0,0,0,0,0,0,0,0,0,0,0,0,0,0,0,0,-4,-4,-14,-15,-14,-17,-14,-20,-13,-22,-13,-23,-13,-22,-13,-21,-13,-20,-14,-18,-15,-15,-17,-11,-20,-8,-23,-5,-25,-2,-28,1,-31,3,-33,4,-34,6,-35,6,-35,5,-34,4,-33,3,-30,1,-27,-1,-22,-4,-19,-7]"
CSI_DATA,40699,d8:b1:90:db:e8:90,-41,11,1,7,0,0,1,0,1,0,1,-93,0,4,0,637748049,0,100,0,128,1,"[100,-64,5,0,3,-8,7,-8,11,-8,15,-8,18,-7,20,-6,22,-6,23,-5,22,-4,22,-4,21,-4,19,-5,17,-5,15,-6,12,-8,10,-9,8,-11,7,-12,6,-14,6,-15,5,-16,6,-17,6,-16,8,-16,8,-15,2,-4,0,0,0,0,0,0,0,0,0,0,0,0,0,0,0,0,0,0,-3,-2,-11,-8,-12,-10,-12,-12,-12,-13,-12,-14,-12,-14,-12,-14,-12,-13,-13,-12,-13,-10,-14,-8,-16,-7,-18,-5,-19,-3,-21,-2,-22,0,-24,0,-25,1,-25,1,-25,1,-24,0,-22,-1,-20,-2,-18,-3,-14,-4,-12,-6]"
CSI_DATA,40700,d8:b1:90:db:e8:90,-42,11,1,7,0,0,1,0,1,0,1,-93,0,4,0,637761057,0,100,0,128,1,"[100,-64,5,0,13,7,13,14,12,19,10,25,9,29,7,32,6,34,6,34,5,34,4,33,5,30,5,27,6,24,8,19,10,15,12,11,15,7,18,4,20,1,22,-1,24,-1,25,-1,26,0,26,1,25,3,6,1,0,0,0,0,0,0,0,0,0,0,0,0,0,0,0,0,0,0,5,-1,21,-3,22,-2,24,0,25,1,26,2,26,2,25,2,24,0,22,-2,20,-5,19,-9,17,-13,16,-18,14,-22,13,-26,12,-29,12,-32,12,-34,12,-35,12,-35,12,-34,13,-32,13,-28,14,-24,14,-19,15,-15]"
CSI_DATA,40701,d8:b1:90:db:e8:90,-42,11,1,7,0,0,1,0,1,0,1,-93,0,4,0,637771531,0,100,0,128,1,"[100,-64,5,0,8,-3,11,0,13,3,15,6,16,9,17,11,17,12,18,13,17,13,17,13,16,12,15,11,14,9,13,6,12,3,12,1,12,-2,12,-4,12,-6,13,-8,13,-9,14,-9,15,-8,15,-8,15,-6,3,-2,0,0,0,0,0,0,0,0,0,0,0,0,0,0,0,0,0,0,0,-4,2,-13,4,-14,5,-15,6,-16,7,-16,7,-15,7,-15,6,-15,5,-15,3,-15,0,-15,-2,-16,-5,-17,-7,-17,-9,-18,-11,-19,-12,-19,-13,-20,-14,-20,-13,-20,-12,-20,-11,-19,-10,-18,-7,-16,-4,-15,-2,-13]"
CSI_DATA,40702,d8:b1:90:db:e8:90,-42,11,1,7,0,0,1,0,1,0,1,-93,0,4,0,637783640,0,100,0,128,1,"[100,-64,5,0,13,-3,16,2,18,6,20,10,21,13,22,16,22,18,22,19,21,19,20,18,19,16,17,14,16,11,15,8,14,4,13,0,13,-4,13,-7,13,-10,14,-13,14,-14,15,-14,16,-14,17,-13,18,-12,4,-3,0,0,0,0,0,0,0,0,0,0,0,0,0,0,0,0,0,0,2,-4,12,-13,14,-13,16,-12,18,-12,18,-11,18,-11,17,-11,16,-12,14,-13,11,-14,8,-15,5,-17,2,-19,-1,-22,-3,-24,-6,-26,-7,-28,-8,-29,-9,-29,-9,-29,-8,-29,-7,-28,-5,-26,-2,-23,1,-21,4,-18]"
CSI_DATA,40703,d8:b1:90:db:e8:90,-41,11,1,7,0,0,1,0,1,0,1,-93,0,4,0,637814301,0,100,0,128,1,"[100,-64,5,0,6,1,7,5,9,9,9,13,10,16,9,18,9,20,9,21,8,21,8,21,7,19,7,17,7,15,8,13,9,10,10,8,11,6,13,4,14,3,15,2,16,2,16,3,16,3,16,5,16,6,3,1,0,0,0,0,0,0,0,0,0,0,0,0,0,0,0,0,0,0,0,-4,3,-13,4,-15,5,-15,7,-16,7,-16,8,-16,7,-16,7,-16,5,-16,3,-16,1,-17,-1,-17,-3,-18,-5,-19,-7,-20,-9,-21,-10,-22,-11,-22,-11,-22,-11,-22,-10,-22,-8,-21,-6,-19,-4,-17,-2,-14,0,-12]"
CSI_DATA,40704,d8:b1:90:db:e8:90,-42,11,1,7,0,0,1,0,1,0,1,-93,0,4,0,637826056,0,100,0,128,1,"[100,-64,5,0,3,11,-1,14,-4,16,-8,18,-10,19,-12,20,-14,20,-15,20,-15,19,-15,18,-13,18,-12,16,-9,15,-6,13,-3,12,0,12,3,11,6,11,8,11,10,11,12,12,12,12,12,13,10,14,9,14,2,3,0,0,0,0,0,0,0,0,0,0,0,0,0,0,0,0,0,0,2,1,11,7,12,9,12,11,12,13,12,13,12,13,12,13,12,11,13,9,13,7,14,5,15,2,17,-1,18,-3,20,-6,21,-8,21,-9,22,-10,23,-10,23,-10,22,-10,22,-9,20,-7,19,-4,16,-2,14,1]"
CSI_DATA,40705,d8:b1:90:db:e8:90,-42,11,1,7,0,0,1,0,1,0,1,-93,0,4,0,637840966,0,100,0,128,1,"[100,-64,5,0,-14,5,-17,0,-20,-3,-23,-7,-25,-10,-25,-12,-26,-13,-26,-15,-26,-15,-25,-14,-24,-13,-22,-11,-20,-8,-17,-5,-15,-2,-13,2,-12,7,-11,10,-10,12,-10,14,-11,16,-12,16,-13,17,-14,17,-15,16,-4,3,0,0,0,0,0,0,0,0,0,0,0,0,0,0,0,0,0,0,-3,3,-12,13,-14,13,-16,13,-17,13,-18,13,-18,12,-17,12,-15,12,-13,13,-10,14,-7,16,-4,17,0,19,3,21,6,23,8,24,10,25,11,26,12,26,12,26,12,26,10,26,8,24,5,22,2,19,-1,17]"
CSI_DATA,40706,d8:b1:90:db:e8:90,-41,11,1,7,0,0,1,0,1,0,1,-93,0,4,0,637857436,0,100,0,128,1,"[100,-64,5,0,11,-1,13,3,15,7,16,11,17,14,17,17,17,19,17,20,17,20,16,19,15,18,14,16,13,13,12,10,12,6,12,3,13,0,14,-3,15,-6,16,-7,16,-8,17,-8,18,-7,19,-6,19,-5,4,-1,0,0,0,0,0,0,0,0,0,0,0,0,0,0,0,0,0,0,1,-4,7,-14,9,-14,11,-15,13,-15,13,-15,14,-15,13,-14,12,-15,10,-15,7,-16,5,-16,2,-17,-1,-19,-3,-21,-6,-22,-7,-24,-9,-25,-10,-26,-10,-26,-10,-26,-9,-25,-8,-24,-6,-23,-4,-20,-1,-18,1,-15]"
CSI_DATA,40707,d8:b1:90:db:e8:90,-42,11,1,7,0,0,1,0,1,0,1,-93,0,4,0,637867949,0,100,0,128,1,"[100,-64,5,0,-6,9,-11,8,-15,7,-18,6,-21,5,-23,4,-25,3,-25,2,-25,1,-24,1,-23,1,-20,2,-18,3,-15,4,-12,5,-9,7,-7,9,-5,12,-3,13,-2,15,-2,16,-2,17,-3,18,-4,18,-6,17,-2,4,0,0,0,0,0,0,0,0,0,0,0,0,0,0,0,0,0,0,0,3,2,14,1,15,0,16,-2,17,-2,18,-2,18,-2,17,0,16,1,15,3,14,5,13,8,12,12,11,15,10,17,9,19,9,21,9,22,8,23,8,23,9,22,9,21,9,18,9,16,9,12,10,9,10]"
CSI_DATA,40708,d8:b1:90:db:e8:90,-42,11,1,7,0,0,1,0,1,0,1,-93,0,4,0,637881726,0,100,0,128,1,"[100,-64,5,0,-10,-1,-11,-5,-12,-9,-13,-12,-13,-15,-13,-17,-13,-19,-13,-20,-12,-20,-12,-19,-11,-18,-11,-16,-10,-14,-10,-11,-10,-8,-11,-5,-11,-2,-13,0,-14,2,-15,3,-16,4,-17,4,-17,4,-17,3,-17,2,-5,0,0,0,0,0,0,0,0,0,0,0,0,0,0,0,0,0,0,0,-2,2,-9,10,-10,10,-12,10,-13,10,-14,9,-14,9,-14,9,-12,9,-11,10,-9,11,-6,12,-4,13,-2,15,0,16,2,18,3,19,5,21,5,22,5,22,5,22,5,21,4,20,3,19,1,17,-1,14,-3,12]"
CSI_DATA,40709,d8:b1:90:db:e8:90,-41,11,1,7,0,0,1,0,1,0,1,-93,0,4,0,637914614,0,100,0,128,1,"[100,-64,5,0,-4,11,-10,11,-15,12,-20,12,-24,11,-26,11,-28,10,-29,9,-29,8,-28,8,-26,8,-23,8,-19,8,-16,8,-12,9,-8,10,-4,12,-1,14,1,16,2,18,3,20,4,21,3,21,1,21,0,21,0,5,0,0,0,0,0,0,0,0,0,0,0,0,0,0,0,0,0,0,2,3,8,15,7,17,6,19,5,21,5,21,4,21,4,20,5,18,7,16,9,14,12,11,14,9,17,6,20,4,23,2,26,1,28,0,30,-1,30,-1,30,-1,30,0,28,1,25,2,22,3,18,5,14,6]"
CSI_DATA,40710,d8:b1:90:db:e8:90,-42,11,1,7,0,0,1,0,1,0,1,-93,0,4,0,637926518,0,100,0,128,1,"[100,-64,5,0,-6,-10,-3,-14,0,-17,3,-19,6,-22,8,-23,9,-24,10,-24,11,-24,11,-23,10,-22,8,-20,6,-18,4,-16,1,-15,-2,-14,-5,-13,-8,-12,-10,-12,-12,-12,-14,-13,-14,-14,-14,-14,-13,-15,-11,-15,-3,-4,0,0,0,0,0,0,0,0,0,0,0,0,0,0,0,0,0,0,-4,-1,-16,-2,-17,-4,-17,-5,-18,-7,-18,-7,-18,-7,-18,-7,-18,-6,-17,-4,-17,-2,-17,1,-17,4,-17,7,-17,10,-18,13,-19,15,-19,17,-19,18,-19,18,-19,18,-19,17,-19,16,-18,13,-17,10,-16,6,-14,4]"
CSI_DATA,40711,d8:b1:90:db:e8:90,-42,11,1,7,0,0,1,0,1,0,1,-93,0,4,0,637944340,0,100,0,128,1,"[100,-64,5,0,13,0,15,6,17,11,18,16,18,20,19,23,18,25,18,27,17,27,16,26,15,24,14,21,14,18,14,14,14,10,14,5,15,1,17,-2,18,-5,19,-7,21,-8,22,-8,22,-7,23,-6,23,-4,5,-1,0,0,0,0,0,0,0,0,0,0,0,0,0,0,0,0,0,0,3,-4,12,-15,15,-15,17,-14,18,-14,19,-13,20,-13,19,-13,17,-14,15,-15,12,-16,9,-18,5,-20,2,-23,-1,-25,-3,-28,-5,-30,-6,-32,-8,-33,-8,-34,-8,-33,-7,-33,-6,-31,-4,-29,-1,-26,2,-22,5,-18]"
CSI_DATA,40712,d8:b1:90:db:e8:90,-41,11,1,7,0,0,1,0,1,0,1,-93,0,4,0,637954759,0,100,0,128,1,"[100,-64,5,0,-9,-7,-8,-12,-6,-16,-5,-20,-3,-23,-2,-25,-1,-27,0,-27,1,-27,1,-27,0,-26,0,-24,-2,-22,-3,-19,-5,-17,-8,-15,-10,-14,-12,-12,-14,-11,-15,-11,-16,-11,-17,-12,-16,-13,-15,-13,-14,-14,-4,-4,0,0,0,0,0,0,0,0,0,0,0,0,0,0,0,0,0,0,-3,2,-13,9,-15,9,-17,8,-18,8,-19,7,-20,7,-19,8,-19,8,-17,10,-16,11,-14,13,-13,15,-11,18,-10,20,-9,22,-8,24,-8,26,-8,27,-8,27,-8,27,-8,25,-9,23,-9,21,-10,18,-10,14,-10,10]"
CSI_DATA,40713,d8:b1:90:db:e8:90,-42,11,1,7,0,0,1,0,1,0,1,-93,0,4,0,637964945,0,100,0,128,1,"[100,-64,5,0,-6,10,-11,9,-15,9,-18,7,-21,6,-23,5,-25,4,-26,4,-25,3,-24,3,-23,3,-21,4,-18,4,-15,5,-12,7,-9,8,-7,10,-5,12,-3,14,-2,16,-2,17,-2,17,-2,18,-4,18,-5,17,-2,4,0,0,0,0,0,0,0,0,0,0,0,0,0,0,0,0,0,0,0,3,3,14,2,15,1,17,0,18,-1,18,-1,18,0,18,1,17,2,15,4,14,7,13,9,12,12,11,15,10,18,9,20,9,22,8,23,8,24,8,24,8,23,9,22,9,19,9,16,10,13,10,10,10]"
CSI_DATA,40714,d8:b1:90:db:e8:90,-42,11,1,7,0,0,1,0,1,0,1,-93,0,4,0,637985325,0,100,0,128,1,"[100,-64,5,0,9,-7,13,-4,17,-1,21,2,24,4,25,7,27,8,27,10,26,10,25,10,24,9,22,7,20,5,18,2,15,-1,13,-4,12,-8,12,-11,11,-14,11,-15,12,-17,12,-17,13,-17,15,-16,15,-15,4,-4,0,0,0,0,0,0,0,0,0,0,0,0,0,0,0,0,0,0,0,-5,0,-18,2,-19,4,-20,5,-21,6,-21,6,-21,5,-21,4,-20,2,-19,-1,-18,-4,-18,-7,-17,-11,-17,-15,-17,-18,-18,-21,-18,-23,-18,-24,-19,-25,-19,-25,-19,-23,-19,-21,-19,-19,-18,-15,-17,-11,-16,-7,-15]"
CSI_DATA,40715,d8:b1:90:db:e8:90,-42,11,1,7,0,0,1,0,1,0,1,-93,0,4,0,637997146,0,100,0,128,1,"[100,-64,5,0,-8,-5,-8,-9,-7,-13,-6,-17,-4,-20,-4,-22,-3,-23,-2,-23,-2,-23,-2,-23,-2,-21,-2,-19,-3,-17,-4,-14,-6,-11,-8,-9,-10,-7,-12,-5,-14,-4,-15,-3,-16,-3,-17,-4,-17,-4,-17,-5,-16,-6,-4,-2,0,0,0,0,0,0,0,0,0,0,0,0,0,0,0,0,0,0,-4,1,-13,4,-15,3,-16,2,-17,2,-18,1,-17,1,-17,1,-16,2,-15,3,-13,5,-12,7,-10,9,-9,12,-8,15,-8,17,-7,19,-6,20,-6,22,-6,22,-6,22,-6,21,-7,20,-7,18,-8,16,-8,12,-9,9]"
CSI_DATA,40716,d8:b1:90:db:e8:90,-41,11,1,7,0,0,1,0,1,0,1,-93,0,4,0,638021756,0,100,0,128,1,"[100,-64,5,0,-2,-8,2,-10,6,-12,9,-14,12,-15,14,-16,16,-16,17,-16,18,-16,17,-15,16,-15,15,-14,13,-13,11,-13,8,-13,5,-13,3,-14,1,-15,0,-16,-1,-17,-2,-18,-2,-18,-1,-18,1,-18,2,-17,0,-5,0,0,0,0,0,0,0,0,0,0,0,0,0,0,0,0,0,0,-4,0,-13,2,-15,1,-16,-1,-17,-2,-18,-2,-18,-2,-18,-2,-18,-1,-17,0,-17,1,-16,3,-16,6,-16,8,-16,10,-17,12,-17,13,-17,15,-18,16,-18,16,-18,16,-18,15,-17,13,-16,11,-15,8,-13,5,-12,3]"
CSI_DATA,40717,d8:b1:90:db:e8:90,-42,11,1,7,0,0,1,0,1,0,1,-93,0,4,0,638034061,0,100,0,128,1,"[100,-64,5,0,-4,10,-9,11,-13,11,-17,10,-20,9,-22,9,-24,8,-25,8,-25,8,-24,7,-22,7,-20,7,-17,7,-14,8,-11,8,-7,9,-4,11,-2,12,0,14,2,16,2,17,3,18,2,18,1,19,-1,18,-1,4,0,0,0,0,0,0,0,0,0,0,0,0,0,0,0,0,0,0,1,3,4,14,3,15,2,17,1,18,1,19,0,19,1,18,2,17,3,15,5,14,8,12,10,10,13,9,16,7,19,6,21,5,23,5,24,4,25,4,25,4,24,4,23,5,21,6,18,7,14,8,11,9]"
CSI_DATA,40718,d8:b1:90:db:e8:90,-42,11,1,7,0,0,1,0,1,0,1,-93,0,4,0,638051685,0,100,0,128,1,"[100,-64,5,0,9,3,9,8,9,13,8,17,8,21,7,23,6,24,5,25,5,25,4,24,4,23,4,21,5,18,6,15,7,12,9,9,11,6,13,4,15,3,16,2,18,2,18,2,19,3,19,4,18,5,4,1,0,0,0,0,0,0,0,0,0,0,0,0,0,0,0,0,0,0,3,-3,13,-9,14,-9,16,-8,17,-7,18,-7,18,-6,18,-7,17,-7,15,-9,13,-10,11,-12,10,-14,8,-17,6,-19,5,-22,4,-24,3,-26,2,-27,2,-28,3,-27,3,-27,4,-25,5,-22,6,-19,7,-16,8,-13]"
CSI_DATA,40719,d8:b1:90:db:e8:90,-41,11,1,7,0,0,1,0,1,0,1,-93,0,4,0,638062604,0,100,0,128,1,"[100,-64,5,0,-6,-10,-3,-14,0,-17,2,-20,5,-22,7,-24,8,-25,9,-25,9,-24,10,-24,9,-23,7,-21,6,-19,3,-17,0,-16,-3,-14,-6,-13,-9,-12,-11,-11,-13,-12,-14,-12,-15,-13,-15,-14,-14,-15,-12,-15,-3,-4,0,0,0,0,0,0,0,0,0,0,0,0,0,0,0,0,0,0,-4,-1,-16,-2,-17,-4,-18,-5,-19,-7,-19,-7,-19,-8,-19,-7,-18,-6,-18,-4,-17,-1,-17,1,-17,4,-17,8,-18,11,-18,13,-18,16,-19,18,-19,19,-20,19,-19,19,-19,18,-19,16,-18,14,-17,11,-16,7,-14,4]"
CSI_DATA,40720,d8:b1:90:db:e8:90,-42,11,1,7,0,0,1,0,1,0,1,-93,0,4,0,638077579,0,100,0,128,1,"[100,-64,5,0,-11,6,-14,3,-17,0,-20,-2,-22,-4,-24,-6,-25,-8,-25,-9,-25,-9,-24,-9,-23,-8,-21,-7,-19,-5,-16,-3,-14,0,-12,3,-11,6,-10,9,-10,11,-10,13,-10,14,-10,15,-11,15,-12,15,-13,14,-4,3,0,0,0,0,0,0,0,0,0,0,0,0,0,0,0,0,0,0,-1,3,-5,14,-7,15,-9,15,-10,16,-11,16,-11,16,-10,16,-9,15,-7,15,-4,15,-1,15,2,15,5,16,8,17,11,18,13,19,14,19,16,20,17,20,17,20,16,20,14,19,12,19,9,18,5,16,3,15]"
CSI_DATA,40721,d8:b1:90:db:e8:90,-41,11,1,7,0,0,1,0,1,0,1,-93,0,4,0,638095052,0,100,0,128,1,"[100,-64,5,0,10,-2,12,3,14,7,16,11,17,14,17,17,18,19,17,20,17,20,16,20,15,18,14,16,14,14,13,11,13,8,13,4,14,1,14,-2,15,-4,16,-6,17,-7,18,-7,19,-6,19,-5,19,-4,4,-1,0,0,0,0,0,0,0,0,0,0,0,0,0,0,0,0,0,0,1,-4,6,-15,8,-16,10,-16,11,-17,12,-17,12,-17,12,-17,11,-17,9,-17,6,-17,3,-17,1,-19,-2,-20,-5,-21,-8,-23,-10,-24,-12,-25,-12,-26,-13,-26,-13,-26,-12,-25,-10,-24,-8,-23,-6,-21,-2,-18,1,-15]"
CSI_DATA,40722,d8:b1:90:db:e8:90,-42,11,1,7,0,0,1,0,1,0,1,-93,0,4,0,638119057,0,100,0,128,1,"[100,-64,5,0,-4,11,-9,11,-13,11,-16,11,-20,11,-22,10,-23,10,-24,9,-24,8,-23,8,-22,8,-20,8,-17,8,-14,8,-11,9,-8,10,-5,12,-2,13,0,14,1,16,2,17,2,17,1,18,-1,18,-2,18,-1,4,0,0,0,0,0,0,0,0,0,0,0,0,0,0,0,0,0,0,1,3,7,13,6,14,5,16,4,17,4,18,4,18,4,18,5,16,6,15,8,13,10,11,12,9,15,7,18,6,20,5,22,4,24,3,25,3,26,3,26,3,25,3,24,4,21,5,18,6,15,8,12,8]"
CSI_DATA,40723,d8:b1:90:db:e8:90,-41,11,1,7,0,0,1,0,1,0,1,-93,0,4,0,638130236,0,100,0,128,1,"[100,-64,5,0,7,-7,11,-4,14,-2,16,0,18,2,19,3,20,4,21,5,20,5,20,5,19,4,17,3,16,2,14,0,13,-2,11,-4,10,-6,9,-8,8,-11,8,-12,8,-13,8,-13,9,-14,10,-13,11,-12,2,-3,0,0,0,0,0,0,0,0,0,0,0,0,0,0,0,0,0,0,0,-4,0,-13,1,-14,3,-15,4,-16,4,-16,5,-16,4,-16,3,-15,2,-15,-1,-14,-3,-14,-5,-14,-8,-14,-11,-14,-13,-15,-15,-15,-16,-16,-17,-16,-18,-16,-18,-16,-17,-16,-15,-16,-13,-15,-11,-14,-8,-13,-5,-12]"
CSI_DATA,40724,d8:b1:90:db:e8:90,-41,11,1,7,0,0,1,0,1,0,1,-93,0,4,0,638154985,0,100,0,128,1,"[100,-64,5,0,6,9,3,13,0,16,-2,19,-5,21,-6,23,-8,24,-9,25,-9,24,-10,23,-9,22,-7,20,-5,18,-2,16,0,15,3,13,6,12,9,11,11,10,13,10,14,11,15,11,14,12,13,13,12,13,2,3,0,0,0,0,0,0,0,0,0,0,0,0,0,0,0,0,0,0,3,-1,16,0,17,1,18,3,18,4,19,5,19,5,18,5,18,3,17,1,16,-1,16,-3,15,-6,15,-10,16,-13,16,-16,16,-19,16,-21,17,-22,17,-22,17,-22,17,-21,17,-19,17,-17,16,-13,15,-9,14,-6]"
CSI_DATA,40725,d8:b1:90:db:e8:90,-41,11,1,7,0,0,1,0,1,0,1,-93,0,4,0,638167135,0,100,0,128,1,"[100,-64,5,0,-13,1,-15,-4,-17,-8,-19,-12,-20,-15,-20,-18,-20,-20,-20,-21,-20,-22,-19,-21,-18,-20,-18,-18,-17,-15,-17,-12,-16,-9,-16,-5,-17,-2,-17,1,-18,3,-19,4,-20,5,-20,5,-21,5,-21,3,-21,2,-6,0,0,0,0,0,0,0,0,0,0,0,0,0,0,0,0,0,0,0,-2,3,-7,15,-9,16,-12,16,-13,16,-14,17,-14,17,-14,17,-12,17,-10,17,-8,18,-5,19,-2,20,1,21,4,23,6,24,8,25,9,27,11,28,11,28,11,28,10,27,8,26,6,25,3,22,0,19,-2,16]"
CSI_DATA,40726,d8:b1:90:db:e8:90,-42,11,1,7,0,0,1,0,1,0,1,-93,0,4,0,638177247,0,100,0,128,1,"[100,-64,5,0,-9,-14,-6,-18,-2,-22,1,-26,4,-29,6,-30,8,-31,9,-32,9,-31,9,-30,8,-28,6,-26,4,-23,1,-21,-2,-18,-6,-15,-9,-13,-13,-11,-16,-10,-19,-10,-21,-10,-22,-11,-22,-12,-21,-13,-20,-14,-5,-4,0,0,0,0,0,0,0,0,0,0,0,0,0,0,0,0,0,0,-5,-2,-19,-9,-20,-11,-20,-13,-20,-15,-20,-16,-20,-15,-19,-15,-19,-13,-18,-10,-18,-7,-19,-3,-20,2,-21,6,-22,10,-24,14,-25,17,-26,19,-27,21,-27,21,-27,21,-27,20,-27,18,-26,15,-24,12,-22,7,-20,3]"
CSI_DATA,40727,d8:b1:90:db:e8:90,-41,11,1,7,0,0,1,0,1,0,1,-93,0,4,0,638190707,0,100,0,128,1,"[100,-64,5,0,-7,8,-12,7,-16,5,-20,4,-23,2,-25,1,-26,0,-27,-1,-27,-2,-26,-2,-25,-1,-23,0,-20,1,-17,3,-15,5,-12,7,-10,9,-9,12,-8,14,-7,16,-7,17,-7,17,-8,17,-9,17,-10,16,-3,3,0,0,0,0,0,0,0,0,0,0,0,0,0,0,0,0,0,0,1,3,3,15,2,17,1,18,0,19,-1,20,-1,20,-1,19,0,18,2,17,4,16,7,15,10,13,13,12,16,11,19,11,21,11,23,11,25,10,26,10,25,11,25,11,23,11,20,11,17,12,12,12,9,12]"
CSI_DATA,40728,d8:b1:90:db:e8:90,-42,11,1,7,0,0,1,0,1,0,1,-93,0,4,0,638216160,0,100,0,128,1,"[100,-64,5,0,7,5,6,9,6,13,4,16,3,19,2,20,1,22,1,22,0,22,0,21,0,20,1,18,2,16,3,14,5,12,7,9,9,7,11,6,12,5,14,4,15,4,15,4,16,5,15,6,15,7,3,1,0,0,0,0,0,0,0,0,0,0,0,0,0,0,0,0,0,0,2,-2,12,-5,13,-5,15,-4,16,-3,17,-3,17,-2,16,-3,15,-3,14,-4,13,-6,11,-8,10,-10,9,-13,8,-16,7,-18,6,-20,6,-22,6,-23,6,-24,6,-24,7,-23,7,-21,8,-19,8,-16,9,-13,9,-10]"
CSI_DATA,40729,d8:b1:90:db:e8:90,-41,11,1,7,0,0,1,0,1,0,1,-93,0,4,0,638229682,0,100,0,128,1,"[100,-64,5,0,-2,9,-7,10,-10,11,-14,11,-16,11,-18,11,-20,10,-21,10,-21,9,-20,9,-19,9,-17,9,-14,9,-12,9,-9,9,-6,10,-4,11,-2,12,0,13,2,14,3,15,3,16,2,17,1,17,0,16,-1,4,0,0,0,0,0,0,0,0,0,0,0,0,0,0,0,0,0,0,2,2,8,9,8,11,8,13,7,14,7,15,7,15,7,14,8,13,8,12,9,10,11,8,13,6,15,4,17,2,19,0,20,-2,22,-2,23,-3,24,-3,24,-3,23,-2,22,-1,20,0,18,1,14,3,11,4]"
CSI_DATA,40730,d8:b1:90:db:e8:90,-42,11,1,7,0,0,1,0,1,0,1,-93,0,4,0,638241560,0,100,0,128,1,"[100,-64,5,0,-8,6,-11,4,-15,2,-18,0,-20,-1,-21,-3,-22,-4,-23,-5,-23,-5,-22,-5,-21,-5,-19,-4,-17,-2,-15,0,-13,2,-12,4,-10,7,-9,9,-9,11,-8,12,-8,13,-9,14,-9,14,-10,13,-11,12,-3,3,0,0,0,0,0,0,0,0,0,0,0,0,0,0,0,0,0,0,0,3,1,13,-1,14,-2,15,-3,16,-4,16,-4,16,-4,16,-3,15,-1,15,1,14,3,13,6,12,9,12,12,12,14,12,16,12,18,12,19,12,20,12,20,12,19,12,17,12,15,12,12,12,8,11,5,11]"
CSI_DATA,40731,d8:b1:90:db:e8:90,-41,11,1,7,0,0,1,0,1,0,1,-93,0,4,0,638253728,0,100,0,128,1,"[100,-64,5,0,8,-7,12,-5,16,-2,20,0,22,2,24,4,25,5,25,6,25,7,24,6,22,6,20,4,18,2,17,0,15,-2,13,-5,11,-8,10,-11,10,-13,9,-15,10,-16,10,-16,11,-16,12,-16,13,-15,3,-4,0,0,0,0,0,0,0,0,0,0,0,0,0,0,0,0,0,0,-1,-4,-1,-16,1,-18,3,-19,4,-20,4,-20,5,-20,4,-20,3,-19,1,-18,-1,-17,-4,-16,-7,-16,-11,-16,-14,-15,-17,-16,-19,-16,-22,-17,-23,-17,-24,-17,-23,-17,-23,-17,-21,-17,-18,-17,-14,-16,-10,-15,-7,-14]"
CSI_DATA,40732,d8:b1:90:db:e8:90,-42,11,1,7,0,0,1,0,1,0,1,-93,0,4,0,638267927,0,100,0,128,1,"[100,-64,5,0,-13,4,-16,0,-19,-4,-22,-7,-23,-10,-25,-13,-26,-14,-26,-15,-26,-16,-25,-15,-24,-14,-22,-12,-20,-9,-18,-6,-16,-3,-15,1,-14,5,-14,8,-14,11,-14,13,-14,14,-15,15,-16,15,-17,14,-18,12,-5,3,0,0,0,0,0,0,0,0,0,0,0,0,0,0,0,0,0,0,-2,3,-8,15,-10,16,-12,17,-14,17,-15,17,-15,17,-14,17,-13,16,-10,16,-7,16,-3,17,0,18,4,19,8,20,11,21,13,23,15,24,17,25,18,25,18,25,17,25,15,24,12,23,9,21,5,18,1,16]"
CSI_DATA,40733,d8:b1:90:db:e8:90,-41,11,1,7,0,0,1,0,1,0,1,-93,0,4,0,638286686,0,100,0,128,1,"[100,-64,5,0,3,10,0,13,-3,15,-6,18,-9,20,-11,21,-13,21,-14,21,-14,21,-14,20,-13,19,-11,18,-9,17,-6,15,-3,14,0,13,3,13,6,13,8,13,10,13,11,14,11,15,11,15,10,16,8,16,2,4,0,0,0,0,0,0,0,0,0,0,0,0,0,0,0,0,0,0,3,0,15,3,16,4,16,6,17,8,17,8,17,9,17,8,16,7,16,5,15,3,15,0,16,-3,16,-6,17,-10,18,-12,19,-15,20,-16,20,-17,21,-18,21,-17,21,-16,20,-15,19,-13,17,-9,16,-6,14,-3]"
CSI_DATA,40734,d8:b1:90:db:e8:90,-42,11,1,7,0,0,1,0,1,0,1,-93,0,4,0,638298438,0,100,0,128,1,"[100,-64,5,0,-10,8,-14,6,-18,3,-22,1,-25,-1,-27,-3,-29,-4,-29,-5,-29,-5,-28,-5,-26,-5,-24,-3,-21,-1,-18,1,-15,3,-13,6,-11,9,-9,12,-8,15,-8,17,-7,18,-8,19,-9,19,-10,18,-11,17,-3,4,0,0,0,0,0,0,0,0,0,0,0,0,0,0,0,0,0,0,-1,4,-2,17,-4,18,-6,19,-8,20,-8,20,-8,20,-8,19,-7,18,-4,18,-1,17,2,16,6,16,10,16,13,15,17,16,20,16,22,17,24,17,25,17,24,17,23,17,21,17,19,17,15,17,10,16,7,15]"
CSI_DATA,40735,d8:b1:90:db:e8:90,-42,11,1,7,0,0,1,0,1,0,1,-93,0,4,0,638318830,0,100,0,128,1,"[100,-64,5,0,9,3,9,8,9,12,9,16,8,20,7,22,7,24,6,24,6,24,6,23,6,22,6,20,6,17,6,13,8,10,9,7,10,4,12,1,14,-1,16,-2,18,-2,18,-2,19,-2,19,-1,19,1,4,0,0,0,0,0,0,0,0,0,0,0,0,0,0,0,0,0,0,0,3,-2,13,-8,15,-7,17,-6,18,-6,19,-5,19,-5,18,-4,17,-5,15,-6,12,-8,10,-11,7,-13,5,-16,4,-19,2,-21,1,-24,0,-26,0,-27,0,-28,0,-28,1,-27,2,-26,3,-24,3,-21,5,-17,6,-13]"
CSI_DATA,40736,d8:b1:90:db:e8:90,-41,11,1,7,0,0,1,0,1,0,1,-93,0,4,0,638330465,0,100,0,128,1,"[100,-64,5,0,-3,8,-7,9,-11,9,-14,9,-17,9,-19,8,-21,8,-22,8,-22,7,-22,7,-20,7,-19,7,-17,7,-15,8,-12,9,-9,10,-7,11,-6,12,-5,14,-4,15,-3,16,-4,17,-4,17,-6,16,-7,15,-2,3,0,0,0,0,0,0,0,0,0,0,0,0,0,0,0,0,0,0,2,1,11,7,11,9,11,11,11,12,11,13,11,13,11,13,11,12,12,10,12,9,13,7,15,5,16,3,18,1,20,-1,21,-2,23,-3,24,-4,24,-4,24,-3,23,-3,22,-2,20,0,17,1,14,3,11,4]"
CSI_DATA,40737,d8:b1:90:db:e8:90,-42,11,1,7,0,0,1,0,1,0,1,-93,0,4,0,638347594,0,100,0,128,1,"[100,-64,5,0,9,9,7,14,4,19,2,23,0,27,-2,29,-4,30,-5,31,-5,30,-5,29,-5,28,-4,26,-2,23,1,20,4,18,7,15,10,13,13,11,15,10,18,10,19,11,20,11,20,12,19,13,17,14,4,3,0,0,0,0,0,0,0,0,0,0,0,0,0,0,0,0,0,0,4,-2,18,-5,20,-4,22,-2,23,-1,24,0,24,1,24,0,22,-1,21,-3,19,-5,17,-8,16,-12,16,-16,15,-20,14,-24,14,-27,14,-29,14,-31,15,-31,15,-31,15,-30,16,-27,16,-24,15,-20,15,-15,15,-11]"
CSI_DATA,40738,d8:b1:90:db:e8:90,-41,11,1,7,0,0,1,0,1,0,1,-93,0,4,0,638360216,0,100,0,128,1,"[100,-64,5,0,4,9,0,13,-3,15,-6,18,-10,20,-12,21,-13,21,-14,21,-14,21,-14,20,-13,20,-11,18,-9,17,-6,15,-3,14,0,13,3,13,6,13,8,13,10,13,11,14,12,14,11,15,10,15,9,16,2,4,0,0,0,0,0,0,0,0,0,0,0,0,0,0,0,0,0,0,3,0,15,3,15,5,16,7,17,8,17,9,17,10,16,9,16,8,16,6,16,4,16,1,16,-3,17,-6,18,-9,18,-12,19,-14,20,-16,21,-17,21,-17,22,-17,21,-16,21,-14,20,-12,18,-10,16,-6,14,-3]"
CSI_DATA,40739,d8:b1:90:db:e8:90,-42,11,1,7,0,0,1,0,1,0,1,-93,0,4,0,638378070,0,100,0,128,1,"[100,-64,5,0,-5,-9,-2,-12,1,-15,4,-17,6,-19,8,-20,9,-21,10,-21,10,-21,10,-20,9,-19,7,-18,5,-16,3,-15,0,-13,-2,-12,-5,-11,-8,-11,-10,-11,-12,-11,-13,-11,-14,-12,-14,-12,-13,-13,-12,-14,-3,-4,0,0,0,0,0,0,0,0,0,0,0,0,0,0,0,0,0,0,-4,-2,-14,-5,-14,-7,-15,-9,-15,-10,-15,-10,-15,-10,-14,-10,-14,-9,-14,-7,-14,-5,-14,-2,-14,1,-15,4,-16,7,-17,9,-18,11,-19,13,-19,14,-19,15,-20,15,-19,14,-19,12,-18,10,-17,8,-15,5,-14,2]"
CSI_DATA,40740,d8:b1:90:db:e8:90,-42,11,1,7,0,0,1,0,1,0,1,-93,0,4,0,638422073,0,100,0,128,1,"[100,-64,5,0,-6,7,-10,6,-13,4,-17,3,-19,2,-21,0,-23,0,-23,-1,-23,-2,-22,-2,-21,-1,-19,0,-17,1,-15,2,-12,3,-10,6,-9,8,-8,10,-7,12,-7,13,-6,14,-7,15,-7,15,-9,15,-10,14,-3,3,0,0,0,0,0,0,0,0,0,0,0,0,0,0,0,0,0,0,1,2,4,12,3,14,2,15,1,16,0,16,0,16,0,16,1,15,2,14,4,13,6,11,9,10,11,9,14,9,16,8,18,8,20,8,21,8,22,8,22,8,21,8,19,8,17,8,14,9,11,9,8,9]"
CSI_DATA,40741,d8:b1:90:db:e8:90,-42,11,1,7,0,0,1,0,1,0,1,-93,0,4,0,638432477,0,100,0,128,1,"[100,-64,5,0,5,-9,10,-8,14,-7,18,-6,21,-5,23,-4,24,-4,25,-3,25,-2,24,-2,23,-2,20,-3,18,-4,15,-5,12,-7,10,-9,7,-11,5,-13,4,-16,3,-17,3,-19,3,-20,4,-20,6,-19,7,-19,1,-5,0,0,0,0,0,0,0,0,0,0,0,0,0,0,0,0,0,0,-2,-4,-6,-15,-5,-17,-4,-19,-3,-20,-2,-21,-2,-20,-3,-20,-3,-19,-5,-17,-6,-16,-9,-14,-12,-12,-15,-11,-18,-9,-20,-8,-23,-8,-25,-7,-26,-7,-27,-7,-27,-7,-27,-7,-25,-8,-22,-8,-19,-9,-15,-10,-11,-10]"
CSI_DATA,40742,d8:b1:90:db:e8:90,-42,11,1,7,0,0,1,0,1,0,1,-93,0,4,0,638445466,0,100,0,128,1,"[100,-64,5,0,0,-11,4,-12,8,-13,12,-14,15,-14,17,-15,19,-14,19,-14,19,-14,18,-13,17,-13,15,-13,12,-12,9,-11,6,-11,3,-12,0,-12,-2,-13,-4,-14,-6,-16,-7,-17,-7,-17,-7,-17,-5,-18,-4,-18,-1,-5,0,0,0,0,0,0,0,0,0,0,0,0,0,0,0,0,0,0,-3,-3,-11,-11,-11,-13,-10,-15,-10,-16,-9,-16,-9,-16,-9,-16,-9,-15,-10,-13,-11,-10,-12,-8,-14,-5,-16,-3,-18,-1,-20,1,-22,3,-24,4,-25,4,-25,4,-26,4,-25,4,-24,3,-22,1,-19,0,-16,-3,-14,-4]"
CSI_DATA,40743,d8:b1:90:db:e8:90,-41,11,1,7,0,0,1,0,1,0,1,-93,0,4,0,638456612,0,100,0,128,1,"[100,-64,5,0,11,6,11,12,10,18,9,22,7,26,6,30,5,32,5,32,4,32,3,31,3,29,4,26,5,23,7,19,9,16,11,12,14,9,16,6,19,5,21,4,23,4,24,5,24,6,24,7,23,9,5,2,0,0,0,0,0,0,0,0,0,0,0,0,0,0,0,0,0,0,4,-3,18,-10,20,-9,22,-8,23,-7,24,-6,24,-6,23,-6,22,-7,21,-8,19,-11,16,-13,14,-16,11,-20,9,-23,8,-27,6,-30,6,-33,6,-34,6,-35,6,-34,7,-33,8,-31,9,-29,10,-24,11,-19,11,-15]"
CSI_DATA,40744,d8:b1:90:db:e8:90,-41,11,1,7,0,0,1,0,1,0,1,-93,0,4,0,638469234,0,100,0,128,1,"[100,-64,5,0,8,5,7,10,7,15,6,19,4,22,3,24,2,25,1,26,1,26,1,25,1,23,1,21,2,19,4,16,6,13,8,11,10,8,13,7,15,6,16,5,18,5,19,5,19,6,18,7,17,8,4,2,0,0,0,0,0,0,0,0,0,0,0,0,0,0,0,0,0,0,3,-2,14,-7,16,-6,18,-6,19,-5,20,-4,20,-4,19,-4,18,-4,17,-6,15,-8,13,-10,12,-13,10,-15,9,-18,8,-21,7,-24,7,-26,6,-27,7,-28,7,-27,8,-26,8,-25,8,-22,9,-19,9,-15,10,-11]"
CSI_DATA,40745,d8:b1:90:db:e8:90,-41,11,1,7,0,0,1,0,0,0,1,-93,0,4,0,638479621,0,100,0,128,1,"[100,-64,5,0,-10,18,-10,19,-10,19,-9,19,-9,18,-8,18,-8,18,-7,18,-7,18,-7,18,-6,18,-6,17,-6,17,-6,17,-6,17,-7,17,-7,17,-7,17,-7,16,-7,16,-7,15,-7,15,-7,14,-8,14,-8,13,-2,3,0,0,0,0,0,0,0,0,0,0,0,0,0,0,0,0,0,0,-2,3,-6,14,-6,14,-7,13,-8,14,-9,14,-9,14,-10,14,-10,15,-11,15,-11,15,-12,15,-12,15,-12,15,-12,15,-12,15,-13,15,-12,15,-12,16,-12,16,-12,17,-11,17,-11,17,-11,17,-11,17,-11,18,-11,18]"
CSI_DATA,40746,d8:b1:90:db:e8:90,-41,11,1,7,0,0,1,0,0,0,1,-93,0,4,0,638491592,0,100,0,128,1,"[100,-64,5,0,6,19,6,19,7,19,7,18,7,18,7,17,7,17,7,17,7,16,8,16,8,16,8,16,8,16,8,15,8,16,8,16,7,16,7,15,6,15,6,15,6,15,6,14,5,14,4,14,3,14,0,3,0,0,0,0,0,0,0,0,0,0,0,0,0,0,0,0,0,0,1,3,7,12,6,13,5,14,5,14,5,14,5,15,5,15,5,16,5,17,4,17,4,18,4,18,4,18,3,18,3,18,3,18,3,18,3,18,4,18,5,18,5,19,5,19,5,19,6,19,6,19,6,19]"
CSI_DATA,40747,d8:b1:90:db:e8:90,-41,11,1,7,0,0,1,0,0,0,1,-93,0,4,0,638528268,0,100,0,128,1,"[100,-64,5,0,5,-20,5,-20,5,-20,5,-20,5,-19,4,-19,4,-19,3,-19,2,-19,2,-19,1,-19,1,-19,1,-19,1,-19,1,-19,1,-19,1,-19,2,-18,2,-18,2,-17,2,-17,2,-16,2,-16,3,-15,4,-15,1,-4,0,0,0,0,0,0,0,0,0,0,0,0,0,0,0,0,0,0,0,-4,2,-15,3,-15,4,-15,5,-15,5,-16,6,-16,6,-16,7,-17,8,-17,8,-17,8,-17,8,-17,8,-17,8,-17,9,-18,9,-18,8,-18,8,-18,8,-18,7,-18,7,-18,7,-18,7,-19,6,-19,6,-20,6,-19]"
CSI_DATA,40748,d8:b1:90:db:e8:90,-41,11,1,7,0,0,1,0,0,0,1,-93,0,4,0,638538655,0,100,0,128,1,"[100,-64,5,0,15,12,15,11,16,11,16,12,16,12,16,11,16,11,16,11,16,10,16,10,16,10,16,9,16,9,16,9,16,9,16,9,16,9,15,9,14,9,14,8,14,8,13,8,13,8,12,9,11,9,2,2,0,0,0,0,0,0,0,0,0,0,0,0,0,0,0,0,0,0,3,1,13,7,12,8,12,9,12,9,12,10,13,11,13,11,13,11,13,12,13,13,13,13,13,13,13,14,13,13,13,13,13,13,13,13,14,13,14,13,15,13,15,13,15,13,15,13,16,13,16,13,16,13]"
CSI_DATA,40749,d8:b1:90:db:e8:90,-41,11,1,7,0,0,1,0,0,0,1,-93,0,4,0,638557983,0,100,0,128,1,"[100,-64,5,0,10,21,10,21,11,20,10,19,10,19,10,19,11,19,11,19,12,18,12,18,12,18,12,17,11,17,11,17,11,17,11,17,11,17,10,16,9,16,9,17,8,17,8,16,7,16,6,16,5,15,1,4,0,0,0,0,0,0,0,0,0,0,0,0,0,0,0,0,0,0,2,3,9,14,8,15,8,15,7,16,7,16,7,17,7,18,6,19,6,19,6,20,6,20,6,20,6,21,6,21,6,21,6,21,6,21,7,21,8,21,8,21,8,21,9,21,9,21,9,21,10,21,9,21]"
CSI_DATA,40750,d8:b1:90:db:e8:90,-41,11,1,7,0,0,1,0,0,0,1,-93,0,4,0,638569458,0,100,0,128,1,"[100,-64,5,0,22,7,21,7,21,7,21,6,21,6,21,5,21,5,21,4,21,4,21,3,21,3,20,3,20,3,20,3,20,3,20,3,19,3,19,3,18,4,18,4,17,5,17,5,16,5,15,6,15,6,3,1,0,0,0,0,0,0,0,0,0,0,0,0,0,0,0,0,0,0,4,1,16,4,16,5,16,6,16,6,17,7,17,8,17,8,17,9,18,10,18,10,18,10,18,10,18,10,18,10,19,11,19,11,19,10,19,10,20,9,20,9,20,9,20,9,21,8,21,8,22,8,22,7]"
CSI_DATA,40751,d8:b1:90:db:e8:90,-41,11,1,7,0,0,1,0,0,0,1,-93,0,4,0,638586759,0,100,0,128,1,"[100,-64,5,0,16,20,16,19,16,19,16,19,16,18,16,18,17,18,16,17,16,17,17,17,17,16,17,16,17,16,16,16,16,16,16,15,15,15,15,15,14,15,13,15,13,15,12,15,12,15,10,15,10,16,2,4,0,0,0,0,0,0,0,0,0,0,0,0,0,0,0,0,0,0,3,3,15,12,14,13,12,14,12,14,12,15,12,16,12,18,11,19,11,19,11,20,11,20,10,21,10,21,10,21,11,21,12,21,12,21,12,20,12,20,12,20,13,20,14,20,14,19,14,19,15,19,15,20]"
CSI_DATA,40752,d8:b1:90:db:e8:90,-41,11,1,7,0,0,1,0,0,0,1,-93,0,4,0,638602184,0,100,0,128,1,"[100,-64,5,0,-16,17,-16,17,-16,17,-15,17,-15,18,-14,17,-14,17,-13,17,-12,17,-12,18,-12,18,-12,18,-12,18,-12,18,-12,17,-12,17,-12,17,-12,16,-11,15,-11,14,-11,13,-11,12,-11,12,-12,12,-13,11,-4,2,0,0,0,0,0,0,0,0,0,0,0,0,0,0,0,0,0,0,-3,3,-10,13,-11,13,-11,12,-12,12,-13,12,-14,12,-14,13,-15,13,-15,13,-15,13,-16,12,-16,13,-16,13,-17,13,-17,13,-17,13,-17,14,-17,14,-17,14,-17,15,-17,15,-16,15,-16,15,-16,16,-16,16,-16,16]"
CSI_DATA,40753,d8:b1:90:db:e8:90,-41,11,1,5,0,0,1,0,1,0,0,-93,0,4,0,638634077,0,100,0,128,1,"[100,-64,5,0,-2,8,-6,9,-9,9,-12,10,-15,10,-17,10,-18,10,-19,10,-19,9,-19,9,-18,9,-16,8,-14,8,-12,8,-9,9,-7,10,-5,11,-3,12,-2,13,-1,14,0,15,-1,15,-2,15,-3,15,-3,15,-1,3,0,0,0,0,0,0,0,0,0,0,0,0,0,0,0,0,0,0,2,1,10,5,11,6,11,8,11,9,11,10,11,11,11,10,11,9,12,8,12,7,13,5,14,3,15,1,16,-1,17,-3,18,-4,19,-5,20,-6,20,-6,21,-6,20,-5,19,-4,17,-3,15,-1,13,1,11,2]"
CSI_DATA,40754,d8:b1:90:db:e8:90,-41,11,1,7,0,0,1,0,1,0,1,-93,0,4,0,638645929,0,100,0,128,1,"[100,-64,5,0,-3,12,-9,13,-15,14,-20,15,-24,15,-27,14,-29,13,-31,12,-31,12,-30,11,-28,11,-25,11,-22,11,-18,11,-14,12,-10,14,-7,16,-4,18,-2,20,-1,22,0,23,-1,24,-2,24,-4,24,-5,23,-2,5,0,0,0,0,0,0,0,0,0,0,0,0,0,0,0,0,0,0,4,2,16,10,17,12,17,14,17,16,17,18,17,18,17,18,17,16,17,14,18,11,19,8,20,5,22,2,25,-2,27,-4,29,-7,30,-8,32,-9,32,-9,33,-9,32,-8,30,-6,28,-4,24,-1,20,2,16,4]"
CSI_DATA,40755,d8:b1:90:db:e8:90,-41,11,1,7,0,0,1,0,1,0,1,-93,0,4,0,638659913,0,100,0,128,1,"[100,-64,5,0,9,5,9,10,8,15,7,18,6,21,5,24,4,25,3,26,3,25,2,25,2,23,3,21,4,19,5,16,7,13,9,10,11,8,13,6,15,5,17,4,18,4,19,5,19,6,18,7,17,8,4,2,0,0,0,0,0,0,0,0,0,0,0,0,0,0,0,0,0,0,3,-2,14,-7,16,-7,17,-6,19,-5,20,-5,20,-4,19,-4,18,-5,17,-7,15,-8,13,-10,12,-13,10,-16,9,-18,8,-21,7,-23,6,-26,6,-27,6,-27,6,-27,7,-26,8,-25,8,-22,9,-18,10,-15,10,-12]"
CSI_DATA,40756,d8:b1:90:db:e8:90,-42,11,1,7,0,0,1,0,1,0,1,-93,0,4,0,638671594,0,100,0,128,1,"[100,-64,5,0,-9,-10,-7,-15,-4,-19,-2,-23,1,-26,2,-28,3,-29,4,-29,4,-28,4,-27,4,-26,2,-24,0,-21,-2,-18,-4,-15,-7,-13,-11,-11,-13,-9,-16,-9,-18,-8,-20,-8,-20,-9,-20,-10,-19,-11,-18,-12,-5,-3,0,0,0,0,0,0,0,0,0,0,0,0,0,0,0,0,0,0,-5,-1,-18,-3,-19,-5,-19,-6,-20,-8,-21,-9,-21,-9,-20,-8,-20,-7,-19,-5,-19,-2,-18,1,-18,4,-18,8,-18,12,-18,15,-18,18,-19,20,-19,21,-19,22,-19,22,-19,22,-19,20,-19,18,-19,14,-17,9,-16,6]"
CSI_DATA,40757,d8:b1:90:db:e8:90,-41,11,1,7,0,0,1,0,1,0,1,-93,0,4,0,638685007,0,100,0,128,1,"[100,-64,5,0,10,-6,15,-1,19,3,23,6,26,10,27,13,28,15,28,16,28,17,27,16,25,15,23,13,22,10,20,6,19,2,18,-2,17,-6,17,-9,18,-12,18,-14,19,-15,19,-15,20,-14,21,-12,22,-11,5,-3,0,0,0,0,0,0,0,0,0,0,0,0,0,0,0,0,0,0,-1,-5,-2,-20,0,-22,2,-24,3,-25,4,-26,5,-26,5,-25,4,-24,2,-23,-1,-22,-4,-21,-8,-21,-12,-20,-16,-20,-20,-21,-23,-21,-25,-21,-26,-22,-27,-22,-27,-22,-26,-23,-23,-23,-20,-22,-16,-20,-11,-19,-7,-17]"
CSI_DATA,40758,d8:b1:90:db:e8:90,-41,11,1,7,0,0,1,0,1,0,1,-93,0,4,0,638695908,0,100,0,128,1,"[100,-64,5,0,-4,9,-8,9,-12,9,-15,9,-18,8,-20,7,-21,7,-22,6,-22,6,-22,6,-20,6,-18,6,-16,6,-14,7,-12,8,-9,9,-7,11,-6,12,-5,14,-4,15,-3,16,-3,17,-4,16,-5,16,-6,15,-2,3,0,0,0,0,0,0,0,0,0,0,0,0,0,0,0,0,0,0,2,2,9,9,9,11,8,13,8,14,8,15,7,15,7,15,8,14,8,13,9,11,11,9,13,7,15,6,17,4,18,3,20,2,22,1,23,0,23,0,23,1,22,1,21,2,19,3,17,4,13,5,11,6]"
CSI_DATA,40759,d8:b1:90:db:e8:90,-41,11,1,7,0,0,1,0,1,0,1,-93,0,4,0,638708429,0,100,0,128,1,"[100,-64,5,0,-10,-8,-8,-13,-6,-18,-4,-22,-2,-25,0,-28,1,-30,1,-30,2,-30,2,-29,2,-27,1,-24,-1,-21,-3,-18,-6,-16,-8,-13,-11,-11,-14,-10,-17,-9,-19,-8,-20,-8,-21,-9,-21,-10,-20,-12,-19,-13,-5,-4,0,0,0,0,0,0,0,0,0,0,0,0,0,0,0,0,0,0,-5,1,-17,5,-19,4,-21,3,-22,2,-23,1,-24,1,-23,1,-21,2,-20,4,-18,6,-16,8,-15,11,-13,15,-12,18,-11,22,-10,24,-10,27,-10,29,-10,29,-10,29,-10,28,-11,26,-11,23,-12,19,-12,15,-13,11]"
CSI_DATA,40760,d8:b1:90:db:e8:90,-42,11,1,7,0,0,1,0,1,0,1,-93,0,4,0,638728200,0,100,0,128,1,"[100,-64,5,0,-5,9,-10,9,-14,8,-18,8,-21,7,-23,6,-25,5,-26,5,-26,4,-25,4,-23,5,-21,5,-18,6,-16,7,-13,8,-10,10,-8,12,-6,13,-5,15,-4,17,-3,18,-3,18,-4,19,-5,18,-7,17,-2,4,0,0,0,0,0,0,0,0,0,0,0,0,0,0,0,0,0,0,2,3,8,12,7,14,7,16,6,18,5,18,5,18,6,18,6,17,7,15,8,13,10,11,13,9,16,7,18,6,21,4,23,3,24,3,26,2,26,2,26,2,26,3,24,4,22,5,19,6,15,7,11,8]"
CSI_DATA,40761,d8:b1:90:db:e8:90,-42,11,1,7,0,0,1,0,1,0,1,-93,0,4,0,638739305,0,100,0,128,1,"[100,-64,5,0,-5,7,-10,7,-13,6,-17,5,-20,4,-21,3,-22,2,-23,2,-23,1,-22,1,-21,1,-19,2,-17,3,-15,4,-12,6,-10,7,-8,9,-7,11,-6,13,-5,14,-5,15,-5,16,-6,16,-7,15,-8,15,-2,3,0,0,0,0,0,0,0,0,0,0,0,0,0,0,0,0,0,0,1,2,5,12,5,13,4,15,3,16,3,16,2,17,2,16,3,15,4,14,5,13,7,11,10,9,12,8,15,7,17,6,19,5,21,5,22,5,23,5,23,5,22,5,21,6,18,6,16,7,12,8,9,8]"
CSI_DATA,40762,d8:b1:90:db:e8:90,-41,11,1,7,0,0,1,0,1,0,1,-93,0,4,0,638757981,0,100,0,128,1,"[100,-64,5,0,-12,8,-17,4,-22,0,-26,-3,-28,-6,-30,-8,-31,-10,-32,-12,-31,-12,-30,-11,-28,-10,-26,-8,-24,-6,-22,-3,-19,1,-17,4,-15,8,-14,12,-14,15,-14,17,-14,19,-14,19,-15,19,-17,18,-18,17,-5,4,0,0,0,0,0,0,0,0,0,0,0,0,0,0,0,0,0,0,-1,4,-2,20,-5,21,-7,23,-9,23,-10,24,-10,24,-10,23,-8,22,-6,21,-2,20,2,19,6,19,10,19,15,19,18,20,22,20,24,21,26,21,27,22,27,22,26,22,23,22,20,21,16,21,11,19,7,18]"
CSI_DATA,40763,d8:b1:90:db:e8:90,-41,11,1,7,0,0,1,0,1,0,1,-93,0,4,0,638770662,0,100,0,128,1,"[100,-64,5,0,10,-8,14,-5,18,-1,22,2,25,4,26,6,27,7,28,8,27,9,26,8,25,7,22,6,20,4,18,1,16,-2,14,-6,12,-9,11,-12,11,-15,10,-17,10,-18,11,-19,12,-19,14,-18,14,-17,3,-4,0,0,0,0,0,0,0,0,0,0,0,0,0,0,0,0,0,0,0,-5,2,-19,4,-20,6,-21,8,-22,9,-22,9,-22,8,-21,7,-20,5,-20,2,-19,-1,-18,-5,-18,-9,-18,-14,-18,-17,-19,-20,-20,-22,-20,-24,-21,-25,-21,-25,-21,-24,-21,-21,-21,-18,-21,-15,-20,-10,-18,-6,-16]"
CSI_DATA,40764,d8:b1:90:db:e8:90,-42,11,1,7,0,0,1,0,1,0,1,-93,0,4,0,638787822,0,100,0,128,1,"[100,-64,5,0,4,-8,9,-7,13,-6,16,-5,18,-4,20,-3,21,-2,22,-2,22,-2,21,-2,20,-2,18,-2,15,-3,13,-5,11,-6,8,-8,6,-10,5,-12,4,-14,3,-15,3,-16,3,-17,4,-17,5,-17,6,-16,1,-4,0,0,0,0,0,0,0,0,0,0,0,0,0,0,0,0,0,0,-2,-4,-5,-13,-4,-15,-3,-16,-2,-17,-1,-18,-1,-17,-1,-17,-2,-16,-3,-15,-5,-14,-7,-12,-9,-11,-12,-10,-15,-9,-18,-8,-20,-8,-21,-8,-23,-8,-23,-8,-23,-8,-23,-8,-22,-8,-19,-9,-16,-9,-12,-10,-9,-10]"
CSI_DATA,40765,d8:b1:90:db:e8:90,-41,11,1,7,0,0,1,0,1,0,1,-93,0,4,0,638807882,0,100,0,128,1,"[100,-64,5,0,7,-9,12,-6,16,-4,19,-2,21,0,23,1,24,2,25,3,25,4,24,4,23,3,21,2,19,0,17,-1,15,-4,13,-6,11,-9,10,-11,9,-14,9,-15,9,-16,9,-16,10,-16,11,-16,12,-15,3,-4,0,0,0,0,0,0,0,0,0,0,0,0,0,0,0,0,0,0,-1,-4,-3,-16,-2,-17,0,-19,1,-20,1,-21,2,-21,1,-20,0,-20,-1,-19,-3,-18,-6,-16,-9,-16,-12,-15,-15,-15,-18,-14,-20,-14,-22,-15,-24,-15,-24,-15,-24,-15,-23,-15,-21,-15,-19,-15,-15,-15,-11,-14,-8,-14]"
CSI_DATA,40766,d8:b1:90:db:e8:90,-42,11,1,7,0,0,1,0,1,0,1,-93,0,4,0,638831426,0,100,0,128,1,"[100,-64,5,0,-11,-3,-12,-8,-12,-12,-11,-16,-11,-18,-11,-21,-11,-23,-10,-23,-10,-23,-9,-23,-9,-21,-9,-19,-9,-16,-9,-13,-10,-10,-11,-7,-12,-4,-14,-1,-15,0,-17,2,-18,2,-18,2,-19,1,-19,0,-19,-1,-5,-1,0,0,0,0,0,0,0,0,0,0,0,0,0,0,0,0,0,0,-3,2,-13,7,-15,7,-17,7,-18,6,-19,5,-19,5,-18,5,-17,6,-15,7,-13,8,-11,10,-9,12,-7,15,-5,18,-3,20,-3,22,-2,24,-1,25,-1,25,-1,26,-2,25,-2,23,-4,21,-5,19,-6,15,-8,13]"
CSI_DATA,40767,d8:b1:90:db:e8:90,-42,11,1,7,0,0,1,0,1,0,1,-93,0,4,0,638844846,0,100,0,128,1,"[100,-64,5,0,7,-5,11,-2,15,1,18,4,20,7,22,8,22,10,23,11,22,11,21,11,20,10,18,8,16,7,14,4,13,1,11,-3,11,-6,11,-9,11,-11,11,-13,12,-14,12,-14,13,-14,14,-13,15,-12,3,-3,0,0,0,0,0,0,0,0,0,0,0,0,0,0,0,0,0,0,-1,-4,-2,-16,0,-17,1,-19,2,-20,3,-20,4,-20,3,-19,2,-18,1,-17,-2,-16,-4,-15,-8,-14,-11,-14,-14,-14,-17,-13,-20,-14,-21,-14,-23,-15,-23,-15,-23,-15,-22,-15,-21,-15,-18,-14,-15,-14,-11,-13,-7,-12]"
CSI_DATA,40768,d8:b1:90:db:e8:90,-42,11,1,7,0,0,1,0,1,0,1,-93,0,4,0,638864821,0,100,0,128,1,"[100,-64,5,0,-7,9,-12,8,-17,7,-21,5,-24,4,-26,2,-28,1,-29,0,-28,0,-28,0,-26,0,-23,1,-20,2,-17,4,-13,6,-10,8,-7,11,-5,13,-4,16,-3,18,-3,19,-3,20,-4,20,-6,20,-7,19,-2,4,0,0,0,0,0,0,0,0,0,0,0,0,0,0,0,0,0,0,1,3,3,16,2,18,1,20,0,21,-1,21,-1,21,0,20,0,19,2,17,4,15,7,14,11,12,14,10,17,9,21,8,24,8,26,7,28,7,28,6,28,7,27,7,26,8,23,8,19,9,15,10,12,10]"
CSI_DATA,40769,d8:b1:90:db:e8:90,-42,11,1,7,0,0,1,0,1,0,1,-93,0,4,0,638876605,0,100,0,128,1,"[100,-64,5,0,-1,-13,4,-15,9,-17,13,-18,16,-19,19,-20,21,-20,22,-19,21,-18,21,-17,19,-17,16,-16,13,-15,10,-14,6,-13,2,-13,-1,-14,-5,-15,-7,-16,-9,-17,-10,-18,-11,-19,-10,-20,-9,-20,-7,-21,-2,-5,0,0,0,0,0,0,0,0,0,0,0,0,0,0,0,0,0,0,-3,-3,-12,-13,-12,-15,-11,-17,-11,-19,-10,-19,-11,-19,-11,-19,-11,-17,-12,-15,-13,-13,-14,-10,-16,-7,-19,-4,-21,-1,-24,1,-25,3,-27,4,-28,5,-29,6,-29,6,-29,5,-28,4,-26,2,-23,0,-19,-2,-17,-5]"
CSI_DATA,40770,d8:b1:90:db:e8:90,-42,11,1,7,0,0,1,0,1,0,1,-93,0,4,0,638887667,0,100,0,128,1,"[100,-64,5,0,-12,2,-14,-2,-16,-6,-18,-9,-19,-12,-20,-14,-20,-15,-20,-16,-19,-16,-18,-16,-17,-15,-16,-13,-15,-10,-14,-8,-13,-4,-13,-1,-13,2,-13,4,-14,7,-14,9,-15,9,-16,9,-16,9,-17,8,-17,7,-5,1,0,0,0,0,0,0,0,0,0,0,0,0,0,0,0,0,0,0,-2,3,-8,12,-10,12,-12,12,-13,12,-14,12,-14,12,-14,12,-13,12,-11,13,-9,13,-6,14,-3,15,-1,16,2,18,4,19,6,20,8,22,9,22,9,23,9,23,8,23,7,22,5,21,3,19,0,16,-2,14]"
CSI_DATA,40771,d8:b1:90:db:e8:90,-42,11,1,7,0,0,1,0,1,0,1,-93,0,4,0,638907657,0,100,0,128,1,"[100,-64,5,0,12,0,14,4,15,9,16,13,16,16,16,19,16,21,16,22,15,22,15,21,14,20,13,17,13,15,13,12,13,8,14,5,14,2,15,-1,16,-3,17,-5,18,-5,19,-5,20,-4,20,-3,20,-2,4,-1,0,0,0,0,0,0,0,0,0,0,0,0,0,0,0,0,0,0,2,-4,9,-14,11,-14,13,-15,15,-14,15,-14,16,-14,15,-14,14,-14,13,-15,10,-15,8,-17,5,-18,2,-20,0,-22,-3,-24,-5,-25,-6,-27,-7,-28,-7,-28,-7,-28,-6,-28,-4,-27,-3,-25,0,-22,2,-18,5,-15]"
CSI_DATA,40772,d8:b1:90:db:e8:90,-41,11,1,7,0,0,1,0,1,0,1,-93,0,4,0,638933002,0,100,0,128,1,"[100,-64,5,0,9,-3,12,1,14,5,15,8,16,10,17,12,18,14,17,15,17,15,16,15,15,13,14,11,13,9,12,6,12,3,11,0,11,-3,11,-6,12,-8,12,-9,13,-10,14,-11,14,-10,15,-9,15,-8,4,-2,0,0,0,0,0,0,0,0,0,0,0,0,0,0,0,0,0,0,1,-3,7,-12,8,-13,10,-13,11,-13,12,-13,12,-13,12,-13,11,-13,9,-13,7,-13,5,-14,2,-15,-1,-16,-4,-17,-6,-18,-8,-20,-10,-21,-11,-22,-12,-22,-11,-22,-11,-22,-9,-21,-7,-20,-5,-18,-2,-16,0,-14]"
CSI_DATA,40773,d8:b1:90:db:e8:90,-42,11,1,7,0,0,1,0,1,0,1,-93,0,4,0,638943677,0,100,0,128,1,"[100,-64,5,0,-8,-9,-5,-13,-2,-16,-1,-19,1,-21,2,-23,3,-25,4,-25,5,-24,4,-23,3,-21,2,-20,0,-18,-1,-16,-3,-13,-6,-11,-9,-9,-12,-8,-14,-7,-15,-7,-16,-7,-17,-7,-18,-8,-17,-9,-16,-10,-4,-3,0,0,0,0,0,0,0,0,0,0,0,0,0,0,0,0,0,0,-4,-1,-15,-3,-16,-4,-17,-6,-17,-7,-18,-8,-17,-8,-17,-7,-17,-6,-16,-4,-16,-2,-15,0,-14,4,-14,7,-15,10,-15,13,-15,15,-15,17,-15,19,-15,20,-16,20,-17,19,-17,17,-16,14,-15,12,-13,9,-12,6]"
CSI_DATA,40774,d8:b1:90:db:e8:90,-41,11,1,7,0,0,1,0,1,0,1,-93,0,4,0,638961071,0,100,0,128,1,"[100,-64,5,0,-9,-7,-8,-12,-7,-17,-5,-21,-3,-24,-2,-27,-1,-28,0,-29,1,-30,1,-29,1,-27,0,-24,-2,-22,-3,-19,-5,-17,-8,-15,-11,-13,-14,-12,-16,-11,-17,-11,-18,-11,-19,-12,-19,-13,-18,-14,-16,-15,-4,-4,0,0,0,0,0,0,0,0,0,0,0,0,0,0,0,0,0,0,-3,3,-12,12,-14,12,-17,12,-18,12,-20,12,-20,11,-20,11,-19,11,-17,12,-15,13,-12,14,-10,16,-7,19,-5,21,-3,24,-2,26,-2,28,-1,29,-1,30,-2,30,-2,29,-4,27,-5,25,-6,21,-7,16,-8,13]"
CSI_DATA,40775,d8:b1:90:db:e8:90,-42,11,1,7,0,0,1,0,1,0,1,-93,0,4,0,638979358,0,100,0,128,1,"[100,-64,5,0,-12,-9,-10,-15,-8,-19,-6,-22,-5,-25,-3,-28,-2,-29,-2,-30,-1,-29,-1,-28,-2,-26,-3,-23,-4,-21,-6,-17,-7,-14,-10,-11,-12,-8,-15,-6,-17,-4,-19,-3,-21,-3,-22,-3,-22,-4,-22,-5,-21,-6,-6,-2,0,0,0,0,0,0,0,0,0,0,0,0,0,0,0,0,0,0,-5,-1,-18,-2,-19,-4,-20,-6,-21,-7,-21,-8,-21,-8,-21,-7,-20,-6,-19,-4,-18,-1,-17,3,-16,6,-16,10,-16,14,-16,17,-16,20,-16,23,-16,25,-16,25,-16,25,-16,25,-17,23,-17,20,-17,17,-16,12,-16,9]"
CSI_DATA,40776,d8:b1:90:db:e8:90,-42,11,1,7,0,0,1,0,1,0,1,-93,0,4,0,638996705,0,100,0,128,1,"[100,-64,5,0,6,11,3,14,1,17,-2,20,-4,22,-6,24,-7,24,-8,24,-8,24,-8,23,-7,21,-5,20,-3,17,-1,15,2,13,5,11,8,9,10,7,12,6,14,6,16,6,17,7,17,8,16,9,16,10,3,2,0,0,0,0,0,0,0,0,0,0,0,0,0,0,0,0,0,0,3,1,13,7,14,8,14,10,14,12,14,12,14,12,14,12,14,10,13,8,14,6,14,3,15,-1,16,-4,17,-7,18,-10,19,-13,19,-15,20,-16,21,-17,21,-17,21,-16,20,-15,19,-13,18,-10,17,-6,15,-3]"
CSI_DATA,40777,d8:b1:90:db:e8:90,-42,11,1,7,0,0,1,0,1,0,1,-93,0,4,0,639009580,0,100,0,128,1,"[100,-64,5,0,-1,13,-6,15,-10,16,-14,17,-17,18,-20,18,-21,18,-22,18,-22,17,-21,16,-20,15,-17,14,-14,14,-10,13,-7,13,-3,13,1,13,4,13,7,14,9,14,11,15,12,16,11,17,10,18,8,18,2,4,0,0,0,0,0,0,0,0,0,0,0,0,0,0,0,0,0,0,2,3,9,14,8,16,7,18,6,19,6,20,6,20,6,19,7,17,8,15,9,13,11,10,14,7,17,4,19,2,22,0,24,-2,26,-3,28,-4,29,-5,29,-4,28,-4,27,-3,25,-1,22,1,19,3,15,5]"
CSI_DATA,40778,d8:b1:90:db:e8:90,-42,11,1,7,0,0,1,0,1,0,1,-93,0,4,0,639020981,0,100,0,128,1,"[100,-64,5,0,-9,-10,-6,-14,-4,-18,-2,-21,0,-23,2,-25,3,-26,4,-26,4,-26,4,-25,3,-23,2,-21,0,-19,-1,-16,-4,-14,-6,-11,-9,-9,-11,-8,-14,-7,-16,-6,-18,-6,-18,-6,-19,-7,-18,-8,-17,-9,-4,-3,0,0,0,0,0,0,0,0,0,0,0,0,0,0,0,0,0,0,-4,-1,-16,-4,-16,-6,-17,-8,-17,-9,-17,-10,-17,-10,-17,-9,-17,-8,-16,-6,-16,-3,-15,0,-15,3,-16,6,-16,10,-17,13,-17,15,-18,17,-18,19,-18,19,-19,19,-19,19,-19,17,-18,15,-17,12,-16,8,-15,5]"
CSI_DATA,40779,d8:b1:90:db:e8:90,-41,11,1,7,0,0,1,0,1,0,1,-93,0,4,0,639042317,0,100,0,128,1,"[100,-64,5,0,4,-14,10,-15,15,-15,20,-15,24,-14,27,-13,29,-13,30,-12,30,-11,29,-11,27,-11,24,-11,21,-11,18,-12,14,-13,10,-15,7,-16,4,-18,2,-20,0,-22,-1,-23,-1,-24,0,-25,2,-25,4,-24,1,-6,0,0,0,0,0,0,0,0,0,0,0,0,0,0,0,0,0,0,-3,-4,-12,-16,-12,-18,-11,-21,-10,-23,-10,-24,-10,-24,-10,-23,-11,-22,-12,-20,-14,-18,-16,-16,-19,-13,-22,-11,-25,-8,-28,-6,-30,-5,-32,-4,-34,-3,-35,-3,-35,-3,-34,-4,-31,-5,-28,-6,-25,-8,-20,-10,-16,-11]"
CSI_DATA,40780,d8:b1:90:db:e8:90,-41,11,1,7,0,0,1,0,1,0,1,-93,0,4,0,639055782,0,100,0,128,1,"[100,-64,5,0,-9,-2,-10,-6,-11,-10,-11,-14,-11,-17,-11,-19,-10,-21,-10,-22,-10,-22,-9,-21,-9,-20,-9,-18,-9,-16,-9,-14,-10,-11,-11,-8,-12,-6,-13,-4,-15,-3,-16,-2,-17,-2,-18,-2,-18,-2,-18,-3,-17,-4,-5,-2,0,0,0,0,0,0,0,0,0,0,0,0,0,0,0,0,0,0,-2,2,-7,11,-8,12,-10,12,-11,13,-12,13,-12,13,-12,13,-11,13,-10,13,-8,14,-6,14,-4,15,-2,16,0,18,2,19,4,20,5,22,5,22,6,23,6,23,5,22,3,21,2,19,0,17,-2,14,-4,11]"
CSI_DATA,40781,d8:b1:90:db:e8:90,-42,11,1,7,0,0,1,0,1,0,1,-93,0,4,0,639069717,0,100,0,128,1,"[100,-64,5,0,13,0,14,6,16,10,17,15,18,18,18,21,18,23,18,24,17,24,16,23,15,21,14,19,13,15,13,11,13,8,13,4,14,0,15,-4,17,-7,18,-9,18,-10,19,-10,21,-9,21,-7,21,-6,5,-2,0,0,0,0,0,0,0,0,0,0,0,0,0,0,0,0,0,0,2,-4,12,-13,14,-13,16,-13,18,-13,19,-12,19,-12,19,-12,17,-12,15,-13,12,-14,9,-16,7,-18,4,-20,1,-22,-2,-25,-4,-27,-6,-29,-7,-30,-7,-31,-7,-31,-6,-30,-5,-29,-3,-27,0,-24,2,-21,5,-17]"
CSI_DATA,40782,d8:b1:90:db:e8:90,-42,11,1,7,0,0,1,0,1,0,1,-93,0,4,0,639083693,0,100,0,128,1,"[100,-64,5,0,5,-12,10,-12,16,-11,19,-11,23,-10,25,-9,27,-8,27,-7,27,-7,26,-7,24,-7,21,-7,18,-7,15,-8,11,-10,8,-11,5,-13,2,-15,0,-17,-2,-19,-3,-20,-3,-21,-2,-22,-1,-22,1,-22,0,-6,0,0,0,0,0,0,0,0,0,0,0,0,0,0,0,0,0,0,-1,-4,-4,-17,-3,-18,-1,-20,0,-21,0,-22,0,-22,0,-21,-1,-20,-3,-19,-5,-17,-8,-16,-11,-14,-15,-13,-18,-12,-21,-11,-24,-10,-26,-10,-27,-9,-28,-9,-29,-9,-28,-10,-26,-10,-24,-11,-20,-11,-16,-12,-12,-13]"
CSI_DATA,40783,d8:b1:90:db:e8:90,-42,11,1,7,0,0,1,0,1,0,1,-93,0,4,0,639096993,0,100,0,128,1,"[100,-64,5,0,-1,8,-5,10,-9,12,-12,13,-15,14,-18,14,-19,14,-20,13,-20,13,-19,12,-18,11,-16,11,-13,10,-11,10,-8,10,-4,10,-1,11,1,12,4,13,5,14,6,15,6,16,5,17,4,17,3,17,0,4,0,0,0,0,0,0,0,0,0,0,0,0,0,0,0,0,0,0,2,1,11,7,12,8,12,10,12,11,12,12,12,12,12,12,12,11,12,9,12,7,12,5,13,2,15,-1,16,-4,18,-6,19,-8,20,-9,21,-10,22,-10,22,-10,21,-10,21,-9,19,-7,17,-4,14,-1,12,1]"
CSI_DATA,40784,d8:b1:90:db:e8:90,-42,11,1,7,0,0,1,0,1,0,1,-93,0,4,0,639109581,0,100,0,128,1,"[100,-64,5,0,8,5,7,9,7,13,6,17,5,20,4,21,3,23,2,23,2,23,2,22,2,20,2,18,3,15,4,12,6,10,7,7,9,4,11,2,13,1,15,0,16,-1,17,-1,18,0,18,1,17,2,4,0,0,0,0,0,0,0,0,0,0,0,0,0,0,0,0,0,0,0,3,-1,13,-2,15,-2,16,0,17,1,17,2,17,2,17,2,16,0,15,-1,13,-3,12,-6,11,-8,10,-11,9,-14,9,-17,8,-19,8,-21,8,-23,8,-24,8,-24,8,-23,9,-22,9,-19,9,-16,9,-13,10,-9]"
CSI_DATA,40785,d8:b1:90:db:e8:90,-42,11,1,7,0,0,1,0,1,0,1,-93,0,4,0,639139603,0,100,0,128,1,"[100,-64,5,0,11,2,11,7,11,11,11,15,11,18,11,21,10,22,10,22,10,22,9,22,9,20,9,18,9,16,9,13,10,10,11,7,13,4,14,2,15,0,17,0,18,-1,18,-1,19,0,19,1,18,2,4,0,0,0,0,0,0,0,0,0,0,0,0,0,0,0,0,0,0,0,2,-3,11,-10,13,-10,15,-9,16,-9,17,-9,18,-8,17,-8,16,-9,15,-10,13,-11,11,-13,9,-15,7,-17,5,-19,4,-22,3,-23,2,-25,2,-26,2,-27,2,-27,2,-26,3,-25,4,-22,5,-19,7,-16,8,-13]"
CSI_DATA,40786,d8:b1:90:db:e8:90,-42,11,1,7,0,0,1,0,1,0,1,-93,0,4,0,639156495,0,100,0,128,1,"[100,-64,5,0,13,-2,16,3,18,8,20,12,21,15,22,18,22,20,22,21,22,21,20,21,19,19,18,16,17,13,16,9,15,5,15,1,15,-3,15,-7,15,-10,16,-13,17,-14,18,-14,19,-13,20,-12,21,-11,5,-3,0,0,0,0,0,0,0,0,0,0,0,0,0,0,0,0,0,0,2,-4,12,-15,14,-15,17,-15,18,-15,19,-15,19,-14,18,-14,17,-14,15,-15,11,-16,8,-17,5,-19,1,-21,-2,-23,-5,-26,-8,-28,-10,-29,-11,-31,-12,-31,-12,-31,-11,-31,-9,-30,-7,-28,-4,-25,0,-21,3,-18]"
CSI_DATA,40787,d8:b1:90:db:e8:90,-41,11,1,7,0,0,1,0,1,0,1,-93,0,4,0,639171311,0,100,0,128,1,"[100,-64,5,0,-14,6,-17,1,-21,-4,-24,-8,-27,-11,-28,-14,-29,-16,-29,-17,-29,-17,-28,-17,-27,-15,-26,-13,-24,-11,-22,-8,-21,-4,-20,-1,-20,3,-20,7,-20,9,-21,11,-21,12,-22,12,-22,12,-23,10,-23,9,-6,2,0,0,0,0,0,0,0,0,0,0,0,0,0,0,0,0,0,0,-1,4,-2,19,-4,20,-6,22,-8,23,-9,24,-10,24,-9,24,-8,23,-6,23,-3,23,0,23,4,23,7,23,11,24,14,25,16,26,18,27,20,27,20,27,20,28,19,28,16,27,14,25,10,23,5,21,2,19]"
CSI_DATA,40788,d8:b1:90:db:e8:90,-42,11,1,7,0,0,1,0,1,0,1,-93,0,4,0,639181974,0,100,0,128,1,"[100,-64,5,0,12,-1,15,4,16,8,18,12,18,16,19,18,19,20,19,21,18,20,17,20,16,18,15,16,14,13,14,10,14,6,14,2,14,-1,15,-4,16,-7,17,-9,17,-9,18,-9,19,-9,20,-8,20,-6,5,-2,0,0,0,0,0,0,0,0,0,0,0,0,0,0,0,0,0,0,2,-4,11,-13,13,-13,15,-13,16,-13,17,-13,18,-13,17,-13,15,-13,13,-14,11,-15,8,-16,5,-18,2,-20,0,-22,-3,-24,-5,-26,-6,-28,-7,-29,-8,-30,-7,-30,-7,-29,-5,-27,-3,-25,-1,-23,2,-19,5,-17]"
CSI_DATA,40789,d8:b1:90:db:e8:90,-41,11,1,7,0,0,1,0,1,0,1,-93,0,4,0,639196405,0,100,0,128,1,"[100,-64,5,0,-12,7,-17,4,-21,0,-25,-3,-28,-6,-30,-8,-31,-10,-32,-12,-31,-12,-30,-12,-29,-11,-27,-9,-25,-6,-22,-3,-20,0,-19,4,-18,7,-17,10,-17,13,-17,15,-17,16,-18,16,-19,16,-20,15,-21,14,-6,3,0,0,0,0,0,0,0,0,0,0,0,0,0,0,0,0,0,0,0,4,1,19,-1,21,-3,23,-4,24,-5,25,-6,25,-6,24,-4,24,-2,23,1,22,4,22,8,21,12,21,15,21,18,21,21,21,23,22,25,22,26,23,25,23,24,22,22,22,19,21,15,20,10,19,6,17]"
CSI_DATA,40790,d8:b1:90:db:e8:90,-41,11,1,7,0,0,1,0,1,0,1,-93,0,4,0,639207340,0,100,0,128,1,"[100,-64,5,0,5,9,2,12,-1,15,-4,18,-6,20,-7,22,-9,23,-10,23,-10,23,-10,22,-10,21,-8,20,-6,18,-4,16,-1,15,2,14,4,13,7,13,9,12,11,13,12,13,12,14,11,14,10,15,9,16,2,4,0,0,0,0,0,0,0,0,0,0,0,0,0,0,0,0,0,0,3,-1,14,-2,16,-1,17,1,18,2,19,3,19,3,19,3,19,2,18,0,17,-2,17,-4,17,-7,17,-10,17,-13,17,-15,17,-17,17,-19,18,-20,18,-20,18,-20,18,-19,17,-18,17,-15,15,-12,14,-8,13,-5]"
CSI_DATA,40791,d8:b1:90:db:e8:90,-42,11,1,7,0,0,1,0,1,0,1,-93,0,4,0,639245056,0,100,0,128,1,"[100,-64,5,0,3,9,0,12,-3,15,-6,18,-9,20,-11,20,-13,21,-13,21,-14,20,-13,20,-12,19,-11,18,-9,16,-6,15,-3,13,0,13,3,12,6,12,8,12,10,13,11,13,11,14,11,15,10,15,8,16,2,4,0,0,0,0,0,0,0,0,0,0,0,0,0,0,0,0,0,0,3,0,14,3,15,4,16,6,16,7,17,8,17,8,17,8,16,7,16,5,16,3,16,0,16,-3,16,-6,17,-9,18,-12,19,-14,19,-15,20,-17,20,-17,21,-17,20,-16,20,-14,18,-12,17,-9,15,-6,14,-3]"
CSI_DATA,40792,d8:b1:90:db:e8:90,-41,11,1,7,0,0,1,0,1,0,1,-93,0,4,0,639257100,0,100,0,128,1,"[100,-64,5,0,-6,-9,-3,-13,0,-17,3,-19,5,-21,7,-23,8,-24,9,-24,9,-24,9,-23,9,-22,7,-21,6,-19,3,-17,1,-16,-2,-15,-5,-14,-7,-13,-10,-13,-12,-14,-13,-14,-13,-15,-13,-15,-11,-16,-10,-17,-3,-5,0,0,0,0,0,0,0,0,0,0,0,0,0,0,0,0,0,0,-4,0,-16,2,-17,0,-19,-1,-20,-2,-20,-3,-20,-3,-20,-3,-19,-2,-19,-1,-18,1,-17,3,-17,6,-16,9,-16,12,-16,15,-17,17,-17,19,-17,20,-18,20,-18,20,-18,19,-18,17,-17,15,-16,12,-15,8,-14,5]"
CSI_DATA,40793,d8:b1:90:db:e8:90,-42,11,1,7,0,0,1,0,1,0,1,-93,0,4,0,639271693,0,100,0,128,1,"[100,-64,5,0,-7,11,-12,10,-17,9,-21,8,-24,7,-26,6,-28,5,-29,5,-29,4,-28,4,-26,4,-23,5,-20,5,-17,6,-14,8,-10,10,-7,12,-5,14,-3,16,-2,18,-2,19,-2,20,-3,21,-4,21,-6,20,-2,5,0,0,0,0,0,0,0,0,0,0,0,0,0,0,0,0,0,0,1,4,3,16,2,18,1,19,-1,21,-1,21,-1,21,-1,21,0,20,2,19,4,17,7,15,11,14,14,13,17,12,20,11,23,11,25,10,26,10,27,10,28,10,27,10,25,11,22,11,18,12,14,12,11,12]"
CSI_DATA,40794,d8:b1:90:db:e8:90,-42,11,1,7,0,0,1,0,1,0,1,-93,0,4,0,639285355,0,100,0,128,1,"[100,-64,5,0,-9,-10,-6,-15,-3,-18,0,-22,2,-25,4,-27,5,-28,6,-28,6,-27,6,-26,5,-25,4,-23,2,-20,-1,-18,-4,-15,-7,-13,-9,-12,-12,-10,-14,-9,-17,-9,-18,-9,-19,-10,-19,-11,-18,-12,-17,-13,-4,-4,0,0,0,0,0,0,0,0,0,0,0,0,0,0,0,0,0,0,-5,-1,-17,-3,-18,-4,-19,-6,-20,-8,-20,-9,-20,-9,-20,-8,-19,-7,-19,-5,-18,-2,-18,1,-18,4,-18,8,-18,11,-19,14,-19,17,-19,19,-20,21,-20,21,-20,21,-20,20,-20,18,-19,16,-18,12,-17,8,-16,5]"
CSI_DATA,40795,d8:b1:90:db:e8:90,-42,11,1,7,0,0,1,0,1,0,1,-93,0,4,0,639296301,0,100,0,128,1,"[100,-64,5,0,-10,7,-14,4,-17,1,-20,-1,-22,-3,-24,-5,-25,-6,-25,-7,-25,-7,-24,-7,-23,-6,-21,-5,-19,-3,-17,-1,-14,2,-12,5,-11,7,-9,10,-9,12,-9,14,-9,15,-9,16,-10,16,-11,15,-12,14,-3,3,0,0,0,0,0,0,0,0,0,0,0,0,0,0,0,0,0,0,-1,3,-4,15,-5,16,-7,16,-9,17,-9,17,-9,17,-9,16,-8,16,-6,16,-3,16,-1,15,2,15,6,16,9,16,12,17,14,17,16,18,17,18,18,18,18,18,17,18,16,18,13,17,10,17,7,15,4,14]"
CSI_DATA,40796,d8:b1:90:db:e8:90,-42,11,1,7,0,0,1,0,1,0,1,-93,0,4,0,639306848,0,100,0,128,1,"[100,-64,5,0,10,1,11,6,12,10,13,14,13,17,13,20,13,21,13,22,12,22,11,21,11,20,10,18,10,15,10,11,10,8,11,5,12,1,14,-1,15,-4,16,-5,17,-6,18,-6,19,-5,19,-4,19,-3,4,-1,0,0,0,0,0,0,0,0,0,0,0,0,0,0,0,0,0,0,2,-3,12,-11,13,-10,16,-10,17,-10,18,-9,18,-9,17,-9,16,-10,14,-10,12,-11,9,-13,7,-15,4,-17,2,-20,0,-22,-1,-24,-2,-26,-3,-27,-4,-28,-4,-28,-3,-27,-2,-26,0,-24,2,-21,4,-17,5,-14]"
CSI_DATA,40797,d8:b1:90:db:e8:90,-41,11,1,7,0,0,1,0,1,0,1,-93,0,4,0,639317789,0,100,0,128,1,"[100,-64,5,0,-1,-12,3,-14,8,-15,12,-16,15,-17,18,-18,20,-18,20,-17,20,-17,20,-16,18,-16,16,-15,14,-14,11,-14,8,-14,4,-14,1,-15,-1,-16,-3,-17,-5,-18,-6,-19,-6,-19,-6,-20,-4,-20,-3,-20,-1,-5,0,0,0,0,0,0,0,0,0,0,0,0,0,0,0,0,0,0,-4,-2,-15,-9,-15,-11,-15,-13,-15,-15,-15,-15,-15,-16,-14,-15,-14,-14,-15,-12,-15,-10,-16,-7,-18,-4,-20,-2,-22,1,-23,3,-25,5,-26,6,-27,7,-28,7,-27,6,-27,5,-26,4,-24,3,-22,1,-19,-2,-16,-4]"
CSI_DATA,40798,d8:b1:90:db:e8:90,-42,11,1,7,0,0,1,0,1,0,1,-93,0,4,0,639347765,0,100,0,128,1,"[100,-64,5,0,-9,4,-13,1,-16,-1,-19,-4,-20,-7,-22,-9,-23,-10,-23,-11,-23,-12,-22,-11,-21,-10,-19,-9,-18,-7,-16,-4,-15,-2,-14,1,-13,4,-13,7,-13,9,-13,10,-14,11,-14,12,-15,11,-16,10,-16,9,-4,2,0,0,0,0,0,0,0,0,0,0,0,0,0,0,0,0,0,0,0,3,1,14,0,15,-1,17,-2,18,-3,18,-4,18,-4,18,-3,17,-1,17,1,16,4,15,6,15,9,14,13,14,15,14,17,14,19,15,20,15,21,15,20,15,19,16,17,15,15,15,12,14,8,13,5,12]"
CSI_DATA,40799,d8:b1:90:db:e8:90,-41,11,1,7,0,0,1,0,1,0,1,-93,0,4,0,639359378,0,100,0,128,1,"[100,-64,5,0,-12,0,-13,-5,-15,-9,-16,-13,-17,-16,-17,-18,-17,-20,-17,-21,-16,-21,-16,-20,-15,-19,-15,-17,-14,-14,-13,-11,-13,-8,-14,-5,-14,-2,-15,1,-16,3,-17,5,-18,6,-19,6,-19,5,-20,4,-20,3,-5,0,0,0,0,0,0,0,0,0,0,0,0,0,0,0,0,0,0,0,-2,3,-9,13,-11,13,-13,13,-14,13,-15,13,-15,13,-15,13,-14,13,-12,14,-9,14,-7,15,-4,16,-1,18,1,20,4,21,5,23,7,24,8,25,8,26,8,26,8,25,6,24,4,22,2,20,-1,17,-3,14]"
CSI_DATA,40800,d8:b1:90:db:e8:90,-42,11,1,7,0,0,1,0,1,0,1,-93,0,4,0,639378254,0,100,0,128,1,"[100,-64,5,0,9,10,7,14,5,18,2,22,0,25,-1,27,-3,28,-4,29,-4,28,-4,26,-4,25,-2,23,-1,20,2,17,4,14,7,11,10,9,13,6,15,5,17,4,19,4,20,4,20,6,20,7,19,8,4,2,0,0,0,0,0,0,0,0,0,0,0,0,0,0,0,0,0,0,4,0,17,3,18,5,19,7,19,8,19,9,19,10,19,9,18,7,18,5,17,2,17,-1,16,-5,17,-9,17,-13,18,-16,18,-19,18,-21,19,-23,19,-24,19,-24,19,-23,19,-21,18,-18,18,-15,17,-10,16,-7]"
CSI_DATA,40801,d8:b1:90:db:e8:90,-42,11,1,7,0,0,1,0,1,0,1,-93,0,4,0,639390693,0,100,0,128,1,"[100,-64,5,0,-1,-13,3,-15,7,-17,11,-18,14,-18,16,-19,18,-19,18,-18,18,-18,18,-18,16,-17,14,-16,11,-15,8,-13,4,-13,1,-13,-3,-13,-6,-13,-8,-13,-10,-14,-11,-15,-12,-16,-11,-17,-10,-17,-9,-18,-2,-5,0,0,0,0,0,0,0,0,0,0,0,0,0,0,0,0,0,0,-3,-3,-10,-13,-9,-15,-9,-17,-8,-18,-8,-19,-8,-19,-8,-18,-8,-17,-9,-15,-11,-13,-12,-10,-14,-8,-17,-5,-20,-3,-22,-1,-23,1,-25,2,-27,3,-27,3,-27,3,-27,3,-26,2,-24,1,-21,-1,-18,-4,-16,-5]"
CSI_DATA,40802,d8:b1:90:db:e8:90,-42,11,1,7,0,0,1,0,1,0,1,-93,0,4,0,639406888,0,100,0,128,1,"[100,-64,5,0,5,9,3,12,0,16,-2,19,-4,21,-6,23,-7,24,-9,24,-9,24,-9,23,-8,21,-7,20,-5,18,-3,15,0,13,4,11,6,10,9,9,11,8,14,9,15,9,16,10,16,11,15,12,13,13,3,3,0,0,0,0,0,0,0,0,0,0,0,0,0,0,0,0,0,0,3,0,15,1,16,3,17,4,17,5,18,6,18,6,17,6,17,5,16,3,16,1,15,-2,15,-5,15,-8,16,-12,16,-14,16,-17,16,-19,17,-20,17,-21,17,-21,17,-20,17,-18,16,-16,15,-13,14,-9,13,-6]"
CSI_DATA,40803,d8:b1:90:db:e8:90,-42,11,1,7,0,0,1,0,1,0,1,-93,0,4,0,639417848,0,100,0,128,1,"[100,-64,5,0,13,1,14,7,14,11,15,16,14,19,14,22,14,24,13,25,13,24,13,23,12,22,11,19,11,16,12,13,12,9,13,5,14,2,15,-1,16,-3,17,-5,18,-6,20,-6,20,-5,21,-4,21,-3,5,-1,0,0,0,0,0,0,0,0,0,0,0,0,0,0,0,0,0,0,3,-3,14,-10,16,-10,18,-9,19,-8,20,-8,20,-8,19,-8,18,-8,17,-9,14,-11,12,-13,9,-16,7,-19,5,-21,4,-24,2,-26,1,-28,0,-29,-1,-30,0,-30,1,-29,2,-28,3,-26,4,-23,6,-19,8,-15]"
CSI_DATA,40804,d8:b1:90:db:e8:90,-41,11,1,7,0,0,1,0,1,0,1,-93,0,4,0,639428507,0,100,0,128,1,"[100,-64,5,0,-10,-3,-12,-8,-13,-13,-13,-17,-13,-21,-13,-24,-12,-26,-12,-27,-11,-27,-11,-26,-11,-25,-10,-23,-11,-20,-11,-17,-12,-13,-13,-10,-15,-7,-17,-5,-18,-4,-20,-3,-21,-3,-22,-3,-22,-3,-22,-5,-21,-7,-6,-2,0,0,0,0,0,0,0,0,0,0,0,0,0,0,0,0,0,0,-2,3,-6,16,-8,17,-10,18,-12,18,-13,18,-13,18,-13,18,-12,18,-10,18,-8,18,-5,18,-2,19,1,20,4,22,6,24,8,25,9,27,11,28,11,28,11,27,9,27,8,26,6,23,3,21,0,18,-2,15]"
CSI_DATA,40805,d8:b1:90:db:e8:90,-41,11,1,7,0,0,1,0,1,0,1,-93,0,4,0,639452358,0,100,0,128,1,"[100,-64,5,0,-10,-9,-8,-15,-6,-20,-4,-25,-1,-28,1,-31,2,-33,2,-33,3,-32,3,-31,2,-30,1,-27,0,-24,-3,-21,-6,-17,-9,-14,-12,-12,-15,-11,-18,-9,-21,-9,-22,-9,-23,-10,-23,-11,-22,-12,-21,-13,-6,-4,0,0,0,0,0,0,0,0,0,0,0,0,0,0,0,0,0,0,-5,1,-19,5,-21,4,-23,2,-25,1,-26,0,-26,-1,-26,0,-24,1,-23,3,-21,5,-19,8,-17,12,-16,16,-15,20,-14,23,-13,26,-13,29,-13,30,-13,32,-13,32,-14,30,-14,28,-14,25,-14,21,-14,16,-15,11]"
CSI_DATA,40806,d8:b1:90:db:e8:90,-42,11,1,7,0,0,1,0,1,0,1,-93,0,4,0,639463204,0,100,0,128,1,"[100,-64,5,0,-15,-6,-15,-12,-14,-18,-13,-22,-12,-26,-12,-29,-11,-31,-10,-32,-10,-31,-9,-30,-9,-28,-9,-25,-10,-21,-10,-17,-11,-13,-13,-9,-15,-5,-17,-1,-19,1,-21,3,-23,3,-24,3,-25,3,-25,1,-24,0,-6,-1,0,0,0,0,0,0,0,0,0,0,0,0,0,0,0,0,0,0,-5,1,-20,4,-22,2,-23,1,-24,-1,-25,-2,-25,-2,-24,-1,-23,0,-22,2,-20,5,-18,8,-16,12,-15,16,-13,20,-12,23,-11,26,-11,29,-10,31,-10,32,-10,32,-11,31,-11,29,-12,26,-12,23,-14,18,-14,13]"
CSI_DATA,40807,d8:b1:90:db:e8:90,-41,11,1,7,0,0,1,0,1,0,1,-93,0,4,0,639476927,0,100,0,128,1,"[100,-64,5,0,-8,9,-13,8,-18,6,-22,5,-26,3,-28,1,-30,0,-30,-1,-30,-2,-29,-2,-27,-1,-25,0,-22,1,-19,3,-16,5,-13,8,-11,11,-9,14,-8,16,-8,18,-7,19,-8,20,-9,20,-11,20,-12,19,-4,4,0,0,0,0,0,0,0,0,0,0,0,0,0,0,0,0,0,0,1,4,5,17,4,18,3,20,2,22,1,23,1,22,1,22,2,20,4,19,6,18,8,17,11,15,15,13,18,12,22,11,24,11,26,11,28,10,29,10,29,11,28,11,26,11,23,11,19,12,15,12,11,13]"
CSI_DATA,40808,d8:b1:90:db:e8:90,-42,11,1,7,0,0,1,0,1,0,1,-93,0,4,0,639487125,0,100,0,128,1,"[100,-64,5,0,4,11,1,14,-2,17,-6,20,-9,22,-11,23,-12,23,-13,24,-13,23,-13,22,-12,21,-10,20,-7,18,-5,15,-1,14,2,12,5,11,9,10,11,10,13,11,15,11,15,12,15,13,14,14,13,15,3,3,0,0,0,0,0,0,0,0,0,0,0,0,0,0,0,0,0,0,3,1,15,5,15,7,16,9,16,10,17,11,16,11,16,11,16,9,16,7,16,4,16,1,16,-2,17,-5,18,-9,19,-11,20,-14,21,-16,22,-17,22,-18,22,-17,22,-17,21,-15,20,-13,19,-10,17,-6,15,-3]"
CSI_DATA,40809,d8:b1:90:db:e8:90,-42,11,1,7,0,0,1,0,1,0,1,-93,0,4,0,639498427,0,100,0,128,1,"[100,-64,5,0,-1,-15,4,-17,10,-19,14,-21,17,-22,20,-22,22,-23,24,-22,23,-21,23,-20,21,-19,19,-18,15,-17,12,-16,8,-16,3,-16,-1,-16,-4,-17,-7,-18,-9,-19,-11,-21,-11,-21,-10,-22,-8,-23,-6,-23,-2,-6,0,0,0,0,0,0,0,0,0,0,0,0,0,0,0,0,0,0,-4,-3,-15,-13,-15,-15,-15,-18,-14,-20,-14,-20,-14,-20,-14,-19,-15,-18,-16,-16,-17,-13,-18,-10,-20,-7,-22,-4,-25,-1,-27,2,-29,4,-31,6,-32,7,-33,7,-33,7,-32,7,-30,5,-28,3,-25,0,-22,-3,-19,-5]"
CSI_DATA,40810,d8:b1:90:db:e8:90,-42,11,1,7,0,0,1,0,1,0,1,-93,0,4,0,639509003,0,100,0,128,1,"[100,-64,5,0,-9,-3,-10,-7,-10,-11,-11,-14,-11,-17,-10,-20,-10,-21,-9,-22,-9,-22,-8,-21,-8,-20,-8,-17,-8,-15,-8,-12,-9,-9,-10,-6,-11,-3,-12,-1,-14,1,-15,2,-16,3,-17,3,-18,2,-18,1,-18,0,-5,-1,0,0,0,0,0,0,0,0,0,0,0,0,0,0,0,0,0,0,-3,1,-12,7,-13,7,-15,6,-16,5,-17,5,-17,5,-16,5,-15,6,-14,7,-12,8,-10,9,-8,11,-6,13,-4,16,-2,18,-1,20,0,22,0,23,1,23,1,23,0,22,-1,21,-2,20,-3,17,-5,14,-6,11]"
CSI_DATA,40811,d8:b1:90:db:e8:90,-41,11,1,7,0,0,1,0,1,0,1,-93,0,4,0,639519384,0,100,0,128,1,"[100,-64,5,0,6,-10,11,-8,15,-7,19,-6,22,-4,24,-3,26,-2,26,-1,26,-1,25,0,23,-1,21,-2,18,-3,15,-4,13,-6,10,-8,7,-11,5,-14,4,-16,3,-18,3,-19,3,-19,4,-20,6,-20,7,-19,1,-5,0,0,0,0,0,0,0,0,0,0,0,0,0,0,0,0,0,0,-1,-4,-3,-16,-2,-18,0,-19,1,-20,2,-21,2,-21,1,-20,0,-19,-1,-18,-4,-17,-6,-16,-10,-15,-13,-14,-16,-13,-19,-13,-22,-12,-24,-12,-25,-12,-26,-12,-26,-12,-25,-12,-23,-12,-21,-12,-17,-12,-13,-13,-10,-13]"
CSI_DATA,40812,d8:b1:90:db:e8:90,-42,11,1,7,0,0,1,0,1,0,1,-93,0,4,0,639548675,0,100,0,128,1,"[100,-64,5,0,8,3,8,7,8,11,8,14,8,17,7,19,7,20,6,21,6,21,5,20,5,19,5,17,5,14,6,11,7,9,8,6,9,3,11,1,12,-1,14,-2,15,-2,16,-2,17,-1,16,0,16,1,4,0,0,0,0,0,0,0,0,0,0,0,0,0,0,0,0,0,0,0,2,-2,11,-7,13,-7,14,-6,15,-5,16,-5,16,-5,15,-5,14,-5,13,-6,11,-8,9,-10,8,-12,6,-14,4,-16,3,-18,2,-20,1,-22,0,-23,0,-24,0,-24,1,-23,2,-22,2,-20,4,-17,5,-14,6,-11]"
CSI_DATA,40813,d8:b1:90:db:e8:90,-42,11,1,7,0,0,1,0,1,0,1,-93,0,4,0,639562040,0,100,0,128,1,"[100,-64,5,0,9,0,10,4,11,8,12,12,12,15,13,17,13,18,12,19,12,19,11,18,11,17,10,15,10,12,9,9,9,6,10,4,11,1,12,-2,13,-4,14,-5,14,-6,15,-6,16,-6,17,-5,17,-4,4,-1,0,0,0,0,0,0,0,0,0,0,0,0,0,0,0,0,0,0,2,-3,9,-10,11,-10,13,-9,14,-9,14,-9,14,-9,14,-9,13,-9,11,-10,9,-11,7,-12,5,-14,3,-15,1,-17,-1,-19,-3,-21,-4,-22,-4,-23,-5,-24,-5,-24,-4,-23,-3,-23,-2,-21,0,-18,2,-15,4,-13]"
CSI_DATA,40814,d8:b1:90:db:e8:90,-42,11,1,7,0,0,1,0,1,0,1,-93,0,4,0,639577907,0,100,0,128,1,"[100,-64,5,0,11,-10,16,-7,21,-3,25,0,28,2,30,4,32,6,32,7,32,7,30,7,28,6,26,4,23,2,20,-1,17,-4,14,-7,12,-11,10,-15,9,-18,9,-20,9,-22,9,-23,10,-23,12,-23,13,-21,3,-6,0,0,0,0,0,0,0,0,0,0,0,0,0,0,0,0,0,0,0,-5,2,-21,4,-22,7,-24,8,-24,9,-25,10,-24,9,-23,7,-22,5,-22,2,-21,-2,-20,-6,-20,-11,-20,-15,-21,-19,-21,-22,-22,-25,-22,-27,-23,-28,-23,-27,-23,-26,-22,-24,-22,-22,-21,-17,-21,-12,-19,-8,-18]"
CSI_DATA,40815,d8:b1:90:db:e8:90,-41,11,1,7,0,0,1,0,1,0,1,-93,0,4,0,639589190,0,100,0,128,1,"[100,-64,5,0,-5,11,-10,12,-15,12,-20,11,-23,10,-26,10,-28,9,-29,8,-29,8,-28,7,-27,7,-24,7,-21,8,-17,9,-14,10,-10,12,-7,14,-5,16,-3,17,-2,19,-1,20,-1,21,-2,22,-3,22,-5,21,-2,5,0,0,0,0,0,0,0,0,0,0,0,0,0,0,0,0,0,0,2,3,10,14,9,16,8,19,7,20,7,21,7,21,7,20,8,19,9,17,11,15,13,13,16,10,19,8,22,6,24,5,26,3,28,3,30,2,30,2,30,2,29,3,28,4,25,5,22,6,18,8,14,9]"
CSI_DATA,40816,d8:b1:90:db:e8:90,-42,11,1,7,0,0,1,0,1,0,1,-93,0,4,0,639600159,0,100,0,128,1,"[100,-64,5,0,-3,14,-8,14,-13,15,-17,15,-21,15,-23,14,-25,14,-26,13,-26,13,-25,12,-24,12,-21,12,-18,12,-15,12,-11,12,-7,13,-4,14,-1,16,1,17,3,18,4,19,4,20,4,21,2,21,0,20,0,5,0,0,0,0,0,0,0,0,0,0,0,0,0,0,0,0,0,0,2,3,9,14,8,16,7,18,6,20,6,20,6,20,6,20,7,18,8,17,10,15,12,13,15,10,18,9,21,7,24,5,26,4,27,3,29,3,30,2,30,2,29,3,28,4,25,5,22,6,18,8,15,9]"
CSI_DATA,40817,d8:b1:90:db:e8:90,-42,11,1,7,0,0,1,0,1,0,1,-93,0,4,0,639616912,0,100,0,128,1,"[100,-64,5,0,9,7,7,11,6,15,4,19,2,21,1,23,0,25,-1,25,-1,25,-1,24,-1,22,0,20,1,18,3,15,4,12,7,10,9,7,12,6,14,4,15,4,17,4,18,4,18,5,17,6,17,7,4,1,0,0,0,0,0,0,0,0,0,0,0,0,0,0,0,0,0,0,3,-1,15,-1,16,0,17,2,18,3,18,4,19,4,18,3,17,2,17,1,16,-2,15,-5,14,-8,14,-11,13,-14,13,-17,13,-20,13,-22,13,-23,13,-23,14,-23,14,-22,14,-21,13,-18,13,-15,13,-11,13,-8]"
CSI_DATA,40818,d8:b1:90:db:e8:90,-42,11,1,7,0,0,1,0,1,0,1,-93,0,4,0,639648746,0,100,0,128,1,"[100,-64,5,0,-10,2,-12,-2,-14,-5,-16,-8,-17,-11,-17,-13,-18,-15,-18,-15,-17,-16,-17,-15,-16,-14,-15,-12,-14,-10,-13,-7,-12,-5,-12,-1,-11,2,-12,4,-12,6,-13,8,-13,9,-14,9,-15,9,-16,8,-16,7,-4,1,0,0,0,0,0,0,0,0,0,0,0,0,0,0,0,0,0,0,-2,2,-8,11,-9,11,-11,12,-12,12,-13,11,-13,11,-13,11,-12,11,-10,11,-7,11,-5,12,-2,13,0,15,3,16,5,17,7,19,8,20,9,21,10,21,9,21,9,21,8,20,6,18,4,17,1,14,-1,13]"
CSI_DATA,40819,d8:b1:90:db:e8:90,-41,11,1,7,0,0,1,0,1,0,1,-93,0,4,0,639660763,0,100,0,128,1,"[100,-64,5,0,-1,-15,4,-17,10,-19,15,-21,19,-21,22,-22,24,-22,26,-22,26,-21,25,-21,23,-19,20,-18,17,-17,13,-16,9,-16,4,-17,0,-17,-4,-18,-7,-19,-9,-20,-10,-22,-11,-23,-10,-24,-8,-24,-6,-24,-2,-6,0,0,0,0,0,0,0,0,0,0,0,0,0,0,0,0,0,0,-5,-3,-17,-13,-17,-15,-16,-18,-16,-20,-16,-21,-16,-21,-16,-20,-16,-19,-16,-16,-17,-13,-19,-10,-21,-6,-23,-2,-26,1,-28,4,-30,6,-32,8,-34,9,-34,10,-34,9,-34,8,-32,7,-30,4,-27,2,-23,-2,-19,-4]"
CSI_DATA,40820,d8:b1:90:db:e8:90,-42,11,1,7,0,0,1,0,1,0,1,-93,0,4,0,639682392,0,100,0,128,1,"[100,-64,5,0,-2,13,-8,15,-14,16,-19,17,-23,17,-26,17,-28,17,-29,16,-29,15,-28,15,-26,14,-23,14,-20,13,-16,13,-11,13,-7,14,-3,16,1,17,4,19,6,20,7,21,7,23,6,24,4,24,2,24,0,6,0,0,0,0,0,0,0,0,0,0,0,0,0,0,0,0,0,0,3,3,12,15,12,17,11,20,11,21,10,22,10,23,11,22,11,20,12,18,13,15,15,12,18,9,21,6,24,3,27,0,29,-2,31,-3,33,-4,34,-4,34,-4,33,-4,31,-2,29,-1,25,2,21,4,18,6]"
CSI_DATA,40821,d8:b1:90:db:e8:90,-42,11,1,7,0,0,1,0,1,0,1,-93,0,4,0,639698936,0,100,0,128,1,"[100,-64,5,0,-14,4,-17,0,-20,-4,-22,-7,-24,-10,-25,-13,-25,-14,-26,-15,-25,-16,-24,-15,-23,-13,-21,-11,-19,-9,-17,-6,-16,-2,-14,1,-13,5,-12,8,-12,11,-12,14,-13,15,-14,16,-15,16,-16,15,-16,14,-4,3,0,0,0,0,0,0,0,0,0,0,0,0,0,0,0,0,0,0,-3,3,-10,14,-12,14,-15,14,-16,14,-17,14,-17,14,-16,14,-15,14,-12,14,-10,15,-6,16,-3,17,1,18,4,20,7,22,9,24,11,25,13,26,13,27,13,27,12,26,10,25,8,24,5,22,2,19,-1,17]"
CSI_DATA,40822,d8:b1:90:db:e8:90,-41,11,1,7,0,0,1,0,1,0,1,-93,0,4,0,639716418,0,100,0,128,1,"[100,-64,5,0,7,5,6,9,4,13,3,16,2,19,1,20,0,21,-1,22,-1,22,-2,21,-1,20,-1,19,1,17,2,15,4,13,6,11,8,9,10,8,12,7,13,6,14,7,14,7,14,8,14,9,13,9,3,2,0,0,0,0,0,0,0,0,0,0,0,0,0,0,0,0,0,0,2,-2,12,-5,13,-5,15,-4,16,-3,16,-3,17,-3,17,-3,16,-3,15,-4,14,-6,13,-8,12,-10,11,-12,10,-15,10,-17,9,-20,9,-21,9,-22,9,-22,9,-22,9,-21,10,-20,10,-17,10,-14,10,-11,10,-8]"
CSI_DATA,40823,d8:b1:90:db:e8:90,-42,11,1,7,0,0,1,0,1,0,1,-93,0,4,0,639730858,0,100,0,128,1,"[100,-64,5,0,-10,-10,-8,-15,-6,-19,-4,-22,-2,-25,0,-27,2,-28,2,-29,3,-29,3,-28,2,-27,1,-25,-1,-22,-3,-20,-5,-17,-8,-15,-10,-13,-13,-11,-15,-10,-17,-10,-19,-10,-19,-10,-19,-11,-18,-12,-17,-13,-4,-4,0,0,0,0,0,0,0,0,0,0,0,0,0,0,0,0,0,0,-5,0,-18,1,-19,0,-21,-2,-22,-3,-22,-4,-22,-4,-22,-4,-21,-3,-20,-1,-20,1,-19,4,-18,7,-18,11,-18,14,-18,17,-18,20,-18,22,-18,23,-19,23,-19,23,-19,22,-18,20,-18,18,-18,14,-17,10,-16,6]"
CSI_DATA,40824,d8:b1:90:db:e8:90,-42,11,1,7,0,0,1,0,1,0,1,-93,0,4,0,639751391,0,100,0,128,1,"[100,-64,5,0,-13,2,-15,-2,-17,-6,-18,-10,-19,-13,-20,-15,-20,-17,-20,-18,-20,-18,-19,-17,-18,-15,-17,-13,-16,-11,-14,-8,-13,-4,-13,-1,-13,2,-12,5,-13,8,-14,9,-14,11,-15,11,-16,11,-17,10,-17,9,-5,2,0,0,0,0,0,0,0,0,0,0,0,0,0,0,0,0,0,0,-3,2,-11,11,-13,11,-15,11,-16,11,-17,10,-17,10,-16,10,-15,10,-13,11,-10,12,-7,13,-4,15,-1,16,1,18,3,20,5,22,6,24,7,25,8,26,7,26,7,25,6,24,4,22,2,20,-1,17,-3,15]"
CSI_DATA,40825,d8:b1:90:db:e8:90,-42,11,1,7,0,0,1,0,1,0,1,-93,0,4,0,639762037,0,100,0,128,1,"[100,-64,5,0,6,-7,9,-6,12,-6,16,-5,19,-3,21,-1,21,-1,22,-1,23,0,22,1,19,0,18,-1,16,-2,14,-3,11,-5,9,-7,8,-10,7,-11,5,-13,4,-15,5,-16,5,-16,6,-16,6,-16,8,-16,2,-4,0,0,0,0,0,0,0,0,0,0,0,0,0,0,0,0,0,0,-1,-4,-4,-14,-2,-15,-1,-16,-1,-17,-1,-18,0,-18,0,-17,-1,-16,-3,-16,-4,-15,-6,-14,-9,-12,-12,-11,-15,-11,-16,-11,-19,-10,-21,-10,-23,-10,-23,-11,-22,-10,-21,-9,-21,-10,-18,-11,-14,-11,-11,-10,-9,-9]"
CSI_DATA,40826,d8:b1:90:db:e8:90,-42,11,1,7,0,0,1,0,1,0,1,-93,0,4,0,639774138,0,100,0,128,1,"[100,-64,5,0,4,-9,9,-8,12,-7,16,-6,18,-5,20,-5,22,-4,22,-3,22,-3,21,-3,20,-3,18,-3,16,-4,14,-5,11,-6,9,-8,7,-10,5,-12,4,-14,3,-15,3,-16,3,-17,4,-17,6,-17,7,-16,1,-4,0,0,0,0,0,0,0,0,0,0,0,0,0,0,0,0,0,0,-2,-3,-7,-12,-6,-14,-5,-16,-5,-17,-4,-17,-4,-18,-4,-17,-5,-16,-6,-15,-7,-14,-9,-12,-11,-10,-14,-9,-16,-8,-19,-7,-21,-6,-23,-6,-24,-6,-24,-5,-24,-6,-23,-6,-22,-7,-20,-7,-17,-8,-13,-9,-10,-9]"
CSI_DATA,40827,d8:b1:90:db:e8:90,-41,11,1,7,0,0,1,0,1,0,1,-93,0,4,0,639788201,0,100,0,128,1,"[100,-64,5,0,-10,7,-15,4,-19,1,-23,-1,-26,-3,-28,-5,-29,-6,-30,-7,-29,-8,-28,-8,-27,-7,-24,-6,-21,-4,-18,-1,-15,2,-13,5,-11,9,-10,12,-9,15,-9,18,-9,19,-9,20,-10,20,-12,19,-13,19,-4,4,0,0,0,0,0,0,0,0,0,0,0,0,0,0,0,0,0,0,0,4,0,18,-2,19,-4,21,-5,22,-6,22,-7,22,-6,21,-5,20,-3,19,0,17,4,16,8,15,12,14,16,14,19,14,22,14,25,14,27,14,28,15,28,15,27,15,25,15,22,15,17,15,13,14,9,14]"
CSI_DATA,40828,d8:b1:90:db:e8:90,-42,11,1,7,0,0,1,0,1,0,1,-93,0,4,0,639798654,0,100,0,128,1,"[100,-64,5,0,-1,13,-6,15,-10,16,-14,17,-18,17,-20,17,-22,17,-23,17,-23,17,-22,16,-20,16,-18,15,-15,15,-11,14,-8,13,-4,14,0,14,2,15,5,16,7,17,8,17,9,18,8,19,7,20,5,20,1,5,0,0,0,0,0,0,0,0,0,0,0,0,0,0,0,0,0,0,2,3,11,13,10,15,10,17,9,18,9,19,9,19,9,18,9,17,10,15,12,13,13,10,16,7,18,4,21,2,23,0,25,-2,27,-3,29,-4,29,-4,30,-4,29,-4,28,-3,25,-1,22,1,19,4,16,6]"
CSI_DATA,40829,d8:b1:90:db:e8:90,-42,11,1,7,0,0,1,0,1,0,1,-93,0,4,0,639817241,0,100,0,128,1,"[100,-64,5,0,-8,-13,-5,-18,-1,-22,3,-25,6,-27,8,-29,10,-30,10,-31,11,-30,11,-29,9,-27,7,-25,5,-23,1,-20,-2,-18,-5,-16,-9,-14,-12,-13,-15,-12,-18,-12,-20,-12,-20,-13,-20,-14,-19,-15,-18,-16,-5,-4,0,0,0,0,0,0,0,0,0,0,0,0,0,0,0,0,0,0,-5,-2,-19,-7,-19,-9,-20,-11,-20,-13,-20,-14,-20,-14,-20,-13,-20,-12,-20,-9,-20,-6,-20,-3,-20,1,-21,5,-22,9,-23,12,-24,16,-25,18,-26,19,-27,20,-27,20,-26,19,-25,18,-25,15,-23,11,-21,7,-20,3]"
CSI_DATA,40830,d8:b1:90:db:e8:90,-41,11,1,7,0,0,1,0,1,0,1,-93,0,4,0,639827850,0,100,0,128,1,"[100,-64,5,0,3,-10,7,-10,12,-10,16,-10,20,-10,22,-9,24,-8,25,-8,24,-8,24,-7,22,-7,20,-7,18,-8,15,-8,12,-10,10,-11,8,-13,6,-15,4,-17,4,-18,3,-19,4,-20,5,-20,6,-19,6,-18,1,-5,0,0,0,0,0,0,0,0,0,0,0,0,0,0,0,0,0,0,-4,-3,-13,-9,-13,-11,-13,-14,-13,-15,-13,-16,-13,-17,-13,-16,-13,-15,-14,-13,-14,-12,-16,-9,-17,-7,-19,-5,-21,-2,-23,0,-25,1,-26,2,-27,3,-28,3,-27,3,-27,2,-25,1,-23,-1,-20,-2,-17,-4,-13,-6]"
CSI_DATA,40831,d8:b1:90:db:e8:90,-42,11,1,7,0,0,1,0,1,0,1,-93,0,4,0,639855759,0,100,0,128,1,"[100,-64,5,0,9,2,10,7,10,11,10,14,10,17,9,19,9,20,9,21,8,21,8,20,7,19,7,17,7,14,8,11,9,8,10,5,11,3,12,0,13,-2,15,-3,16,-4,17,-3,17,-3,17,-2,17,-1,4,0,0,0,0,0,0,0,0,0,0,0,0,0,0,0,0,0,0,0,2,-2,11,-7,13,-7,14,-7,15,-6,16,-6,16,-5,16,-6,15,-6,14,-7,12,-8,10,-10,8,-12,6,-14,4,-17,3,-19,1,-21,0,-23,0,-24,0,-25,0,-25,1,-25,1,-23,2,-21,4,-18,5,-15,6,-12]"
CSI_DATA,40832,d8:b1:90:db:e8:90,-42,11,1,7,0,0,1,0,1,0,1,-93,0,4,0,639866490,0,100,0,128,1,"[100,-64,5,0,5,10,2,13,-1,16,-3,18,-6,21,-8,22,-9,23,-10,22,-10,22,-10,21,-9,20,-7,19,-5,17,-3,15,-1,13,2,12,5,11,8,10,10,10,12,10,13,10,14,11,14,11,13,12,12,13,2,3,0,0,0,0,0,0,0,0,0,0,0,0,0,0,0,0,0,0,3,0,14,3,15,4,15,6,16,7,16,8,16,9,16,8,16,7,15,5,15,3,15,0,15,-3,15,-6,16,-9,17,-12,17,-14,18,-16,19,-17,19,-18,19,-17,19,-16,19,-15,18,-13,17,-10,15,-7,14,-4]"
CSI_DATA,40833,d8:b1:90:db:e8:90,-42,11,1,7,0,0,1,0,1,0,1,-93,0,4,0,639878543,0,100,0,128,1,"[100,-64,5,0,0,-12,4,-14,8,-15,12,-16,15,-16,17,-16,19,-16,19,-16,20,-16,19,-15,18,-14,15,-14,13,-13,9,-13,6,-13,3,-13,0,-13,-3,-14,-5,-15,-7,-16,-8,-17,-8,-17,-7,-18,-6,-18,-5,-18,-1,-5,0,0,0,0,0,0,0,0,0,0,0,0,0,0,0,0,0,0,-3,-3,-11,-12,-10,-14,-10,-16,-9,-17,-9,-18,-9,-18,-9,-17,-10,-16,-10,-15,-11,-13,-13,-10,-14,-8,-17,-6,-19,-3,-21,-1,-23,0,-25,1,-26,2,-27,3,-27,3,-26,2,-25,1,-23,0,-20,-2,-17,-4,-14,-6]"
CSI_DATA,40834,d8:b1:90:db:e8:90,-41,11,1,7,0,0,1,0,1,0,1,-93,0,4,0,639889309,0,100,0,128,1,"[100,-64,5,0,8,5,7,9,6,13,4,16,3,19,2,21,1,22,1,22,0,22,0,21,0,20,1,18,2,16,3,14,5,12,7,10,9,8,11,7,12,6,14,5,15,5,15,5,15,6,15,7,14,8,3,2,0,0,0,0,0,0,0,0,0,0,0,0,0,0,0,0,0,0,2,-2,12,-6,13,-5,15,-4,16,-4,16,-3,17,-3,17,-3,16,-3,15,-5,14,-6,12,-8,11,-10,10,-13,9,-15,8,-17,7,-19,7,-21,7,-22,8,-23,8,-23,8,-22,8,-20,9,-18,9,-16,9,-12,10,-9]"
CSI_DATA,40835,d8:b1:90:db:e8:90,-41,11,1,7,0,0,1,0,1,0,1,-93,0,4,0,639903678,0,100,0,128,1,"[100,-64,5,0,12,-4,14,1,17,5,19,9,21,12,22,14,22,15,22,16,21,16,20,16,19,15,18,13,16,10,15,6,14,3,14,0,13,-4,13,-7,13,-10,13,-12,14,-13,15,-14,16,-13,17,-12,17,-11,4,-3,0,0,0,0,0,0,0,0,0,0,0,0,0,0,0,0,0,0,2,-4,9,-13,11,-14,13,-14,15,-14,15,-14,16,-14,15,-14,13,-14,11,-15,9,-16,6,-16,3,-18,0,-20,-3,-21,-5,-23,-8,-24,-10,-25,-11,-26,-11,-27,-11,-27,-11,-27,-9,-26,-7,-24,-4,-22,-1,-19,2,-17]"
CSI_DATA,40836,d8:b1:90:db:e8:90,-42,11,1,7,0,0,1,0,1,0,1,-93,0,4,0,639918484,0,100,0,128,1,"[100,-64,5,0,-10,-2,-11,-7,-12,-11,-13,-15,-13,-18,-13,-21,-13,-22,-12,-23,-12,-23,-11,-23,-11,-21,-10,-19,-10,-16,-10,-13,-11,-10,-11,-6,-13,-3,-14,0,-15,1,-17,3,-18,4,-19,3,-19,2,-20,1,-20,0,-5,0,0,0,0,0,0,0,0,0,0,0,0,0,0,0,0,0,0,0,-3,2,-10,11,-12,11,-14,11,-16,11,-16,11,-17,10,-16,10,-15,11,-13,11,-11,12,-8,13,-6,14,-3,16,0,18,2,20,4,22,5,23,6,24,6,25,6,25,6,24,4,23,3,21,0,19,-2,16,-4,13]"
CSI_DATA,40837,d8:b1:90:db:e8:90,-41,11,1,7,0,0,1,0,1,0,1,-93,0,4,0,639929769,0,100,0,128,1,"[100,-64,5,0,9,-2,12,2,14,6,16,10,17,13,18,16,18,18,18,19,18,19,17,18,16,17,15,15,14,12,13,9,13,6,13,2,13,-2,13,-5,14,-7,15,-9,16,-10,17,-10,17,-9,18,-8,19,-7,4,-2,0,0,0,0,0,0,0,0,0,0,0,0,0,0,0,0,0,0,1,-4,6,-15,7,-16,9,-17,11,-17,12,-17,12,-17,12,-17,11,-16,8,-16,6,-16,3,-16,-1,-17,-4,-18,-7,-19,-10,-21,-12,-22,-14,-23,-15,-24,-16,-24,-16,-24,-14,-24,-13,-23,-11,-22,-8,-20,-5,-17,-2,-15]"
CSI_DATA,40838,d8:b1:90:db:e8:90,-41,11,1,7,0,0,1,0,1,0,1,-93,0,4,0,639963534,0,100,0,128,1,"[100,-64,5,0,1,-9,6,-10,10,-11,14,-12,17,-12,20,-12,21,-12,22,-11,22,-11,22,-10,20,-10,19,-10,16,-10,14,-10,11,-11,9,-12,7,-14,5,-15,4,-16,3,-18,2,-19,3,-19,4,-19,5,-19,6,-18,1,-5,0,0,0,0,0,0,0,0,0,0,0,0,0,0,0,0,0,0,-4,-1,-15,-5,-15,-6,-16,-9,-17,-10,-17,-11,-17,-11,-17,-10,-17,-9,-17,-8,-17,-7,-18,-4,-19,-2,-20,0,-21,3,-22,5,-24,6,-25,7,-25,8,-26,8,-25,8,-25,7,-23,6,-22,4,-19,2,-16,-1,-13,-3]"
CSI_DATA,40839,d8:b1:90:db:e8:90,-41,11,1,7,0,0,1,0,1,0,1,-93,0,4,0,639974556,0,100,0,128,1,"[100,-64,5,0,-6,14,-12,15,-19,15,-25,14,-29,14,-33,13,-36,12,-37,11,-37,11,-36,10,-33,10,-30,11,-26,11,-22,11,-17,13,-13,15,-9,18,-5,20,-3,23,-2,25,0,26,-1,27,-2,28,-4,28,-6,27,-2,6,0,0,0,0,0,0,0,0,0,0,0,0,0,0,0,0,0,0,3,4,13,17,12,20,12,23,11,25,10,26,10,26,10,25,11,24,12,22,14,19,17,16,20,13,24,10,28,7,31,5,33,3,36,2,37,1,38,1,39,1,38,2,35,3,32,4,28,7,22,9,18,10]"
CSI_DATA,40840,d8:b1:90:db:e8:90,-42,11,1,7,0,0,1,0,1,0,1,-93,0,4,0,639987382,0,100,0,128,1,"[100,-64,5,0,7,-10,12,-8,17,-7,21,-5,24,-3,26,-1,27,0,28,0,28,1,26,1,25,0,22,-1,20,-2,16,-4,13,-6,10,-8,8,-11,6,-14,5,-16,4,-19,3,-20,4,-20,5,-21,6,-21,8,-20,2,-5,0,0,0,0,0,0,0,0,0,0,0,0,0,0,0,0,0,0,-1,-5,-1,-17,0,-19,2,-20,3,-21,4,-22,5,-21,4,-21,3,-20,1,-19,-2,-18,-5,-17,-8,-15,-12,-15,-16,-15,-19,-15,-22,-15,-24,-15,-25,-14,-26,-15,-27,-15,-26,-15,-24,-15,-21,-15,-17,-15,-13,-15,-9,-14]"
CSI_DATA,40841,d8:b1:90:db:e8:90,-42,11,1,7,0,0,1,0,1,0,1,-93,0,4,0,639998383,0,100,0,128,1,"[100,-64,5,0,10,6,9,11,8,15,8,19,6,23,5,25,5,27,4,27,4,27,3,26,3,24,4,22,5,19,6,15,7,12,10,9,11,6,13,3,15,1,18,0,19,-1,20,0,21,0,20,2,20,3,5,1,0,0,0,0,0,0,0,0,0,0,0,0,0,0,0,0,0,0,4,-1,17,-3,18,-2,19,-1,20,1,21,1,21,2,20,1,19,0,17,-2,16,-4,15,-7,13,-10,12,-14,11,-18,10,-21,10,-23,9,-26,9,-28,10,-28,10,-28,10,-27,10,-25,11,-23,11,-19,11,-15,12,-11]"
CSI_DATA,40842,d8:b1:90:db:e8:90,-42,11,1,7,0,0,1,0,1,0,1,-93,0,4,0,640016830,0,100,0,128,1,"[100,-64,5,0,-6,7,-10,6,-14,5,-17,4,-19,3,-21,2,-23,1,-23,0,-23,-1,-22,-1,-21,-1,-20,0,-17,1,-15,2,-13,4,-10,6,-9,8,-7,10,-7,12,-6,14,-6,15,-6,15,-7,15,-8,15,-9,14,-3,3,0,0,0,0,0,0,0,0,0,0,0,0,0,0,0,0,0,0,1,2,4,12,4,13,3,15,2,16,2,16,2,17,2,16,2,15,3,14,5,13,7,12,9,11,12,9,14,8,17,8,19,7,20,7,22,7,22,7,22,7,21,7,20,8,18,8,15,9,11,9,8,9]"
CSI_DATA,40843,d8:b1:90:db:e8:90,-41,11,1,7,0,0,1,0,1,0,1,-93,0,4,0,640030808,0,100,0,128,1,"[100,-64,5,0,1,14,-4,17,-9,19,-13,21,-17,23,-20,24,-22,24,-23,24,-24,23,-23,22,-21,21,-19,20,-15,19,-11,17,-7,16,-2,16,2,16,6,16,9,17,11,17,13,18,14,19,13,20,11,21,9,22,2,5,0,0,0,0,0,0,0,0,0,0,0,0,0,0,0,0,0,0,3,3,15,12,15,15,15,18,14,19,14,20,14,20,14,19,14,18,15,15,16,12,17,9,19,5,22,2,24,-2,27,-6,28,-9,30,-11,32,-12,33,-13,33,-12,32,-11,31,-10,28,-7,25,-5,22,-1,19,2]"
CSI_DATA,40844,d8:b1:90:db:e8:90,-42,11,1,7,0,0,1,0,1,0,1,-93,0,4,0,640058069,0,100,0,128,1,"[100,-64,5,0,-9,4,-13,1,-16,-2,-19,-4,-22,-6,-23,-8,-24,-9,-24,-11,-24,-11,-23,-11,-21,-10,-20,-8,-17,-6,-15,-4,-13,0,-11,3,-10,6,-9,9,-9,12,-9,14,-9,15,-10,16,-11,16,-12,15,-13,14,-4,3,0,0,0,0,0,0,0,0,0,0,0,0,0,0,0,0,0,0,-1,3,-4,15,-5,16,-7,17,-8,17,-9,17,-9,17,-9,17,-7,16,-6,15,-3,14,0,14,4,13,7,13,10,14,14,14,16,14,18,15,20,15,21,15,21,15,20,15,18,15,16,15,13,14,9,13,6,12]"
CSI_DATA,40845,d8:b1:90:db:e8:90,-40,11,1,7,0,0,1,0,1,0,1,-94,0,4,0,640070444,0,100,0,128,1,"[100,-64,5,0,-10,-1,-11,-5,-12,-9,-13,-13,-13,-16,-13,-18,-13,-20,-13,-20,-12,-20,-12,-20,-11,-19,-11,-17,-11,-14,-10,-12,-11,-9,-11,-6,-13,-3,-14,-1,-15,1,-16,2,-16,3,-17,3,-18,2,-18,1,-18,0,-5,-1,0,0,0,0,0,0,0,0,0,0,0,0,0,0,0,0,0,0,-2,2,-8,10,-10,10,-12,10,-13,10,-14,10,-15,10,-14,10,-13,11,-11,11,-9,12,-7,13,-5,14,-3,15,0,17,1,19,2,20,3,21,4,22,5,23,5,23,4,22,3,21,2,19,0,17,-2,14,-4,12]"
CSI_DATA,40846,d8:b1:90:db:e8:90,-40,11,1,7,0,0,1,0,1,0,1,-94,0,4,0,640081003,0,100,0,128,1,"[100,-64,5,0,1,9,-2,12,-6,14,-9,15,-12,16,-14,17,-15,17,-16,17,-16,16,-16,15,-15,14,-13,14,-11,13,-8,12,-5,11,-2,11,1,11,4,11,6,11,8,12,9,13,9,14,8,15,7,15,6,16,1,4,0,0,0,0,0,0,0,0,0,0,0,0,0,0,0,0,0,0,2,1,11,6,12,7,12,9,12,10,12,11,12,11,12,11,12,10,12,8,12,6,13,4,14,1,15,-2,16,-4,18,-6,19,-8,20,-10,20,-11,21,-11,21,-11,20,-10,20,-9,18,-7,17,-5,15,-2,13,0]"
CSI_DATA,40847,d8:b1:90:db:e8:90,-40,11,1,7,0,0,1,0,1,0,1,-94,0,4,0,640091255,0,100,0,128,1,"[100,-64,5,0,-15,-1,-16,-7,-17,-12,-18,-16,-18,-19,-19,-22,-18,-24,-18,-25,-18,-25,-17,-24,-16,-22,-15,-20,-14,-16,-14,-12,-14,-8,-14,-4,-14,0,-15,3,-16,6,-17,8,-19,9,-20,9,-21,9,-21,8,-21,6,-6,1,0,0,0,0,0,0,0,0,0,0,0,0,0,0,0,0,0,0,-4,2,-15,9,-17,8,-20,7,-21,6,-22,6,-22,6,-21,6,-20,7,-17,8,-15,10,-13,12,-10,15,-7,18,-4,21,-3,23,-2,26,-1,28,0,30,1,30,0,31,0,30,-1,28,-3,26,-5,23,-6,19,-8,16]"
CSI_DATA,40848,d8:b1:90:db:e8:90,-40,11,1,7,0,0,1,0,1,0,1,-94,0,4,0,640102985,0,100,0,128,1,"[100,-64,5,0,-12,-4,-12,-9,-13,-14,-13,-18,-13,-21,-12,-24,-12,-26,-11,-28,-11,-28,-10,-27,-10,-25,-10,-22,-10,-19,-11,-16,-11,-12,-13,-9,-14,-5,-16,-2,-18,0,-20,1,-21,2,-22,1,-22,1,-22,-1,-22,-2,-6,-1,0,0,0,0,0,0,0,0,0,0,0,0,0,0,0,0,0,0,-4,2,-14,11,-16,10,-18,10,-19,9,-20,9,-20,9,-20,9,-18,10,-16,11,-14,12,-11,14,-8,16,-6,19,-4,21,-1,24,0,26,1,29,2,30,2,30,2,30,1,29,0,28,-1,25,-3,22,-6,18,-7,15]"
CSI_DATA,40849,d8:b1:90:db:e8:90,-40,11,1,7,0,0,1,0,1,0,1,-94,0,4,0,640116649,0,100,0,128,1,"[100,-64,5,0,6,-7,10,-5,13,-4,16,-2,18,-1,20,1,21,2,22,3,22,3,21,3,20,2,18,1,16,0,14,-1,12,-3,10,-6,8,-8,7,-10,6,-13,6,-14,6,-15,6,-16,7,-16,8,-15,9,-15,2,-4,0,0,0,0,0,0,0,0,0,0,0,0,0,0,0,0,0,0,-1,-4,-2,-14,-1,-15,0,-16,1,-17,1,-17,2,-17,1,-17,1,-16,-1,-15,-3,-14,-5,-13,-8,-12,-11,-12,-13,-11,-16,-11,-18,-11,-20,-11,-21,-11,-22,-11,-22,-11,-21,-11,-19,-12,-17,-12,-14,-11,-11,-11,-8,-11]"
CSI_DATA,40850,d8:b1:90:db:e8:90,-40,11,1,7,0,0,1,0,1,0,1,-94,0,4,0,640127839,0,100,0,128,1,"[100,-64,5,0,-9,-4,-9,-8,-9,-12,-9,-15,-8,-18,-7,-20,-7,-21,-6,-22,-6,-22,-6,-21,-6,-20,-6,-18,-6,-16,-7,-13,-8,-11,-9,-8,-11,-6,-12,-4,-14,-3,-15,-2,-17,-2,-17,-2,-17,-3,-17,-4,-16,-5,-4,-2,0,0,0,0,0,0,0,0,0,0,0,0,0,0,0,0,0,0,-3,1,-11,7,-13,7,-14,6,-15,6,-16,6,-16,5,-16,5,-15,6,-14,7,-12,8,-10,10,-8,12,-7,14,-5,16,-4,18,-3,20,-2,21,-2,22,-1,23,-2,23,-2,22,-3,21,-4,19,-5,17,-6,13,-7,10]"
CSI_DATA,40851,d8:b1:90:db:e8:90,-40,11,1,7,0,0,1,0,1,0,1,-94,0,4,0,640159935,0,100,0,128,1,"[100,-64,5,0,8,1,10,5,11,10,12,14,12,17,12,19,12,21,12,22,11,22,11,21,10,20,10,18,9,15,9,12,10,8,11,5,12,2,13,-1,14,-3,16,-4,17,-5,18,-5,19,-4,19,-3,19,-1,4,-1,0,0,0,0,0,0,0,0,0,0,0,0,0,0,0,0,0,0,2,-4,8,-13,10,-13,12,-13,14,-13,15,-13,15,-13,14,-12,13,-12,11,-13,9,-13,6,-14,3,-16,1,-17,-2,-19,-4,-21,-6,-22,-7,-24,-8,-25,-9,-26,-9,-26,-8,-25,-6,-24,-5,-22,-3,-19,0,-16,2,-14]"
CSI_DATA,40852,d8:b1:90:db:e8:90,-40,11,1,7,0,0,1,0,1,0,1,-94,0,4,0,640170183,0,100,0,128,1,"[100,-64,5,0,0,15,-5,17,-10,19,-14,21,-18,22,-21,23,-23,23,-24,22,-24,21,-24,20,-22,19,-19,18,-16,17,-12,16,-8,15,-3,15,1,15,5,16,8,17,10,18,11,19,12,20,11,21,9,22,8,22,1,5,0,0,0,0,0,0,0,0,0,0,0,0,0,0,0,0,0,0,3,3,14,13,14,15,13,17,12,19,12,20,12,20,13,19,13,18,14,16,15,13,17,10,19,6,21,3,24,1,26,-2,28,-5,29,-6,31,-7,32,-8,32,-8,31,-7,30,-6,27,-4,24,-1,21,2,18,5]"
CSI_DATA,40853,d8:b1:90:db:e8:90,-40,11,1,7,0,0,1,0,1,0,1,-94,0,4,0,640194015,0,100,0,128,1,"[100,-64,5,0,4,12,-1,15,-5,19,-8,22,-12,24,-14,25,-16,25,-17,25,-17,25,-17,24,-15,22,-13,21,-10,18,-7,16,-3,14,1,12,5,11,9,10,13,10,15,11,17,12,18,13,18,14,17,15,15,16,3,4,0,0,0,0,0,0,0,0,0,0,0,0,0,0,0,0,0,0,3,2,15,10,15,12,15,15,14,16,14,17,14,17,14,16,14,14,14,12,15,8,15,5,17,1,18,-3,20,-7,22,-10,24,-13,25,-15,26,-17,27,-17,27,-17,27,-16,26,-14,24,-12,22,-9,19,-5,17,-2]"
CSI_DATA,40854,d8:b1:90:db:e8:90,-40,11,1,7,0,0,1,0,1,0,1,-94,0,4,0,640208499,0,100,0,128,1,"[100,-64,5,0,10,-1,12,4,14,8,15,12,16,15,16,18,16,19,16,21,15,21,15,20,14,19,13,17,13,14,12,11,12,8,13,5,14,1,15,-1,16,-3,17,-5,18,-5,19,-5,19,-4,19,-3,19,-2,4,-1,0,0,0,0,0,0,0,0,0,0,0,0,0,0,0,0,0,0,1,-4,5,-15,7,-16,9,-17,11,-17,12,-17,12,-17,11,-17,10,-17,8,-17,6,-17,3,-17,0,-18,-3,-19,-5,-21,-8,-22,-10,-24,-11,-25,-12,-26,-12,-26,-12,-26,-11,-25,-9,-24,-7,-23,-5,-20,-2,-17,1,-15]"
CSI_DATA,40855,d8:b1:90:db:e8:90,-40,11,1,7,0,0,1,0,1,0,1,-94,0,4,0,640223298,0,100,0,128,1,"[100,-64,5,0,-6,9,-11,8,-15,7,-18,6,-21,5,-23,4,-25,3,-26,2,-26,2,-25,1,-24,1,-22,2,-19,3,-16,4,-14,6,-11,8,-9,10,-7,12,-6,14,-5,16,-5,17,-5,18,-6,18,-7,17,-8,17,-3,4,0,0,0,0,0,0,0,0,0,0,0,0,0,0,0,0,0,0,1,3,6,13,5,15,4,17,3,18,3,19,3,18,3,18,4,17,5,16,7,15,9,13,12,11,14,10,17,9,19,8,22,7,24,6,25,6,26,6,25,6,24,7,23,7,21,8,17,8,13,9,10,9]"
CSI_DATA,40856,d8:b1:90:db:e8:90,-40,11,1,7,0,0,1,0,1,0,1,-94,0,4,0,640236563,0,100,0,128,1,"[100,-64,5,0,-15,2,-17,-3,-19,-8,-21,-12,-22,-15,-22,-18,-23,-19,-23,-20,-22,-20,-21,-20,-20,-18,-19,-15,-17,-12,-16,-9,-15,-5,-14,-1,-14,3,-14,6,-15,9,-16,11,-16,13,-17,13,-18,13,-19,12,-19,10,-5,2,0,0,0,0,0,0,0,0,0,0,0,0,0,0,0,0,0,0,-4,2,-14,11,-16,11,-18,10,-19,10,-20,9,-20,9,-20,10,-18,10,-15,11,-13,12,-10,14,-7,16,-4,18,-1,21,2,23,4,25,5,27,7,28,7,29,7,29,6,29,5,28,3,26,0,23,-3,20,-5,17]"
CSI_DATA,40857,d8:b1:90:db:e8:90,-40,11,1,7,0,0,1,0,1,0,1,-94,0,4,0,640264312,0,100,0,128,1,"[100,-64,5,0,-11,-1,-13,-5,-14,-9,-15,-12,-16,-15,-16,-18,-16,-20,-16,-20,-15,-21,-15,-20,-14,-19,-14,-17,-13,-14,-13,-11,-13,-8,-13,-5,-14,-2,-15,1,-16,3,-17,4,-18,4,-19,4,-19,3,-20,2,-20,1,-5,0,0,0,0,0,0,0,0,0,0,0,0,0,0,0,0,0,0,0,-2,3,-8,13,-10,13,-12,14,-13,14,-14,14,-14,13,-14,13,-13,13,-11,13,-8,14,-6,14,-3,16,-1,17,2,19,4,20,6,22,7,23,8,24,9,25,8,25,8,24,6,23,4,21,1,19,-1,16,-3,14]"
CSI_DATA,40858,d8:b1:90:db:e8:90,-40,11,1,7,0,0,1,0,1,0,1,-94,0,4,0,640276204,0,100,0,128,1,"[100,-64,5,0,-2,-10,1,-13,5,-15,8,-16,11,-17,13,-18,14,-18,15,-18,15,-18,14,-17,13,-16,12,-15,9,-14,7,-13,3,-12,0,-12,-3,-12,-5,-12,-8,-12,-10,-13,-11,-14,-11,-14,-11,-15,-10,-16,-8,-16,-2,-4,0,0,0,0,0,0,0,0,0,0,0,0,0,0,0,0,0,0,-3,-2,-12,-9,-12,-11,-12,-13,-12,-14,-11,-14,-11,-14,-11,-14,-11,-13,-11,-11,-12,-9,-13,-6,-14,-3,-16,-1,-17,2,-19,4,-20,6,-21,7,-22,8,-23,9,-23,9,-23,8,-22,7,-20,5,-18,3,-16,0,-14,-2]"
CSI_DATA,40859,d8:b1:90:db:e8:90,-41,11,1,7,0,0,1,0,1,0,1,-94,0,4,0,640286306,0,100,0,128,1,"[100,-64,5,0,7,-9,11,-7,15,-6,19,-4,21,-2,23,-1,24,0,25,1,24,1,23,1,22,0,20,-1,17,-2,14,-3,12,-5,10,-8,8,-10,6,-13,5,-15,5,-16,4,-18,4,-18,5,-18,7,-18,8,-17,2,-5,0,0,0,0,0,0,0,0,0,0,0,0,0,0,0,0,0,0,-1,-4,-1,-15,1,-16,2,-18,3,-19,4,-19,4,-19,4,-18,3,-18,1,-17,-1,-16,-4,-15,-7,-15,-10,-14,-13,-14,-16,-14,-18,-14,-20,-14,-22,-15,-22,-14,-22,-15,-21,-15,-20,-15,-17,-14,-14,-14,-11,-14,-7,-13]"
CSI_DATA,40860,d8:b1:90:db:e8:90,-40,11,1,7,0,0,1,0,1,0,1,-94,0,4,0,640296440,0,100,0,128,1,"[100,-64,5,0,3,14,-1,16,-5,19,-9,21,-12,23,-14,23,-16,24,-17,24,-17,23,-17,22,-15,22,-13,20,-10,18,-7,17,-3,15,0,15,4,14,7,14,10,14,12,14,14,15,14,16,14,17,12,18,11,18,2,4,0,0,0,0,0,0,0,0,0,0,0,0,0,0,0,0,0,0,3,2,15,9,15,11,15,13,15,15,15,16,15,16,14,16,15,14,15,12,16,9,17,6,18,3,20,0,22,-4,23,-6,25,-9,26,-11,27,-12,28,-12,28,-12,27,-11,26,-9,24,-7,22,-4,19,-1,17,2]"
CSI_DATA,40861,d8:b1:90:db:e8:90,-40,11,1,7,0,0,1,0,1,0,1,-94,0,4,0,640311006,0,100,0,128,1,"[100,-64,5,0,-4,-11,0,-14,3,-17,7,-20,10,-21,12,-22,14,-23,15,-23,15,-23,15,-22,14,-21,12,-19,10,-18,7,-17,4,-15,0,-15,-3,-14,-6,-15,-8,-15,-10,-16,-11,-17,-11,-18,-11,-19,-9,-19,-7,-19,-2,-5,0,0,0,0,0,0,0,0,0,0,0,0,0,0,0,0,0,0,-4,-1,-17,-1,-18,-3,-19,-5,-20,-7,-20,-8,-20,-8,-20,-7,-20,-6,-19,-4,-19,-2,-18,1,-18,4,-18,7,-19,10,-19,13,-20,15,-21,17,-21,18,-22,18,-22,18,-22,17,-21,15,-20,13,-18,9,-16,6,-14,3]"
CSI_DATA,40862,d8:b1:90:db:e8:90,-40,11,1,7,0,0,1,0,1,0,1,-94,0,4,0,640324117,0,100,0,128,1,"[100,-64,5,0,-9,-9,-6,-13,-4,-17,-2,-21,0,-23,2,-25,3,-26,3,-26,4,-26,4,-25,3,-23,2,-21,1,-19,-2,-16,-4,-14,-6,-12,-9,-10,-11,-8,-14,-7,-16,-7,-18,-7,-19,-8,-19,-9,-18,-10,-17,-11,-5,-3,0,0,0,0,0,0,0,0,0,0,0,0,0,0,0,0,0,0,-4,0,-16,-1,-17,-2,-19,-4,-19,-5,-20,-6,-20,-6,-19,-5,-18,-4,-18,-2,-17,0,-16,3,-16,6,-15,9,-15,12,-15,15,-15,18,-15,20,-15,22,-15,22,-16,22,-16,21,-16,19,-15,17,-15,14,-14,10,-13,6]"
CSI_DATA,40863,d8:b1:90:db:e8:90,-41,11,1,7,0,0,1,0,1,0,1,-94,0,4,0,640340064,0,100,0,128,1,"[100,-64,5,0,10,4,10,10,10,14,9,18,9,21,8,24,8,26,7,27,7,26,6,25,6,23,6,21,6,18,7,14,8,10,10,7,11,3,13,1,15,-2,17,-3,19,-3,20,-3,20,-2,20,-1,20,1,5,0,0,0,0,0,0,0,0,0,0,0,0,0,0,0,0,0,0,0,3,-2,15,-6,17,-5,18,-4,19,-2,20,-2,20,-2,20,-2,19,-3,17,-5,15,-7,13,-10,11,-13,9,-16,8,-19,6,-22,5,-24,5,-27,4,-28,4,-29,4,-29,5,-28,6,-26,7,-24,8,-20,8,-16,9,-13]"
CSI_DATA,40864,d8:b1:90:db:e8:90,-40,11,1,7,0,0,1,0,1,0,1,-94,0,4,0,640365874,0,100,0,128,1,"[100,-64,5,0,-7,-8,-4,-12,-2,-15,0,-18,2,-20,3,-21,4,-22,5,-22,5,-22,5,-22,5,-21,4,-19,2,-18,0,-16,-2,-14,-4,-12,-7,-11,-9,-10,-11,-10,-13,-10,-14,-10,-14,-10,-14,-11,-13,-12,-12,-12,-3,-4,0,0,0,0,0,0,0,0,0,0,0,0,0,0,0,0,0,0,-4,0,-14,0,-15,-1,-16,-3,-17,-4,-17,-4,-17,-4,-17,-4,-16,-3,-16,-2,-15,0,-15,3,-15,5,-15,8,-14,10,-15,13,-15,15,-15,16,-15,18,-16,18,-16,18,-16,17,-15,16,-15,13,-15,10,-14,7,-13,4]"
CSI_DATA,40865,d8:b1:90:db:e8:90,-40,11,1,7,0,0,1,0,1,0,1,-94,0,4,0,640378686,0,100,0,128,1,"[100,-64,5,0,-2,9,-6,10,-10,10,-13,10,-16,10,-18,10,-20,10,-20,9,-21,9,-20,9,-19,9,-17,9,-15,9,-12,8,-9,9,-6,10,-4,11,-2,12,0,13,1,14,1,15,2,16,1,16,0,17,-2,16,-1,4,0,0,0,0,0,0,0,0,0,0,0,0,0,0,0,0,0,0,2,2,9,9,9,10,9,12,8,13,8,14,8,14,8,14,8,13,9,11,10,9,11,7,13,5,15,3,17,1,19,-1,20,-2,22,-3,23,-3,23,-3,23,-3,23,-2,21,-1,19,-1,17,1,14,3,12,4]"
CSI_DATA,40866,d8:b1:90:db:e8:90,-40,11,1,7,0,0,1,0,1,0,1,-94,0,4,0,640397581,0,100,0,128,1,"[100,-64,5,0,9,10,6,15,4,19,1,23,-1,26,-3,28,-4,30,-5,30,-6,30,-5,29,-5,27,-4,25,-2,22,1,19,3,16,6,13,10,11,13,9,16,7,18,7,20,7,21,8,21,9,20,10,19,12,4,3,0,0,0,0,0,0,0,0,0,0,0,0,0,0,0,0,0,0,4,0,18,1,20,3,21,5,22,7,22,8,22,8,21,7,20,5,19,3,18,0,17,-4,17,-8,17,-11,17,-15,17,-19,18,-23,18,-25,18,-26,19,-27,19,-27,19,-26,19,-24,19,-21,18,-17,17,-12,16,-8]"
CSI_DATA,40867,d8:b1:90:db:e8:90,-40,11,1,7,0,0,1,0,1,0,1,-94,0,4,0,640408979,0,100,0,128,1,"[100,-64,5,0,-12,-2,-13,-6,-14,-11,-14,-15,-14,-18,-14,-21,-14,-22,-14,-23,-13,-23,-13,-22,-13,-21,-12,-19,-12,-16,-12,-12,-12,-9,-12,-6,-14,-3,-15,0,-16,2,-18,4,-19,4,-19,4,-20,4,-20,3,-20,1,-5,0,0,0,0,0,0,0,0,0,0,0,0,0,0,0,0,0,0,0,-3,2,-12,11,-14,10,-16,10,-18,9,-18,9,-18,9,-18,9,-17,10,-15,10,-12,11,-9,13,-6,15,-4,17,-2,19,0,22,2,23,3,25,3,26,4,27,4,27,3,27,2,25,0,23,-2,20,-4,17,-5,14]"
CSI_DATA,40868,d8:b1:90:db:e8:90,-40,11,1,7,0,0,1,0,1,0,1,-94,0,4,0,640419681,0,100,0,128,1,"[100,-64,5,0,-6,8,-11,7,-15,6,-18,5,-21,3,-23,2,-25,1,-25,1,-25,0,-24,0,-23,1,-20,1,-18,2,-15,3,-12,5,-10,7,-7,9,-6,11,-5,14,-4,15,-3,17,-4,17,-5,18,-6,17,-7,17,-2,4,0,0,0,0,0,0,0,0,0,0,0,0,0,0,0,0,0,0,0,3,2,15,1,16,0,17,-1,18,-2,18,-2,18,-2,18,-1,17,1,15,3,14,6,13,8,12,12,11,15,10,18,10,20,9,22,9,23,9,24,9,24,10,23,10,22,10,19,10,16,10,12,10,9,11]"
CSI_DATA,40869,d8:b1:90:db:e8:90,-40,11,1,7,0,0,1,0,1,0,1,-94,0,4,0,640430688,0,100,0,128,1,"[100,-64,5,0,-9,-6,-8,-10,-7,-13,-6,-16,-5,-19,-4,-21,-3,-22,-3,-23,-3,-23,-3,-22,-3,-20,-3,-18,-4,-16,-5,-14,-6,-11,-8,-9,-10,-7,-12,-5,-13,-4,-15,-3,-16,-3,-17,-3,-17,-4,-17,-5,-16,-6,-4,-2,0,0,0,0,0,0,0,0,0,0,0,0,0,0,0,0,0,0,-4,0,-14,2,-15,1,-16,0,-17,-1,-17,-1,-17,-1,-17,-1,-16,0,-15,1,-14,3,-13,5,-12,7,-11,10,-10,13,-10,16,-9,17,-9,19,-9,20,-10,21,-9,21,-10,20,-10,19,-11,17,-11,14,-11,10,-11,8]"
CSI_DATA,40870,d8:b1:90:db:e8:90,-40,11,1,7,0,0,1,0,1,0,1,-94,0,4,0,640441320,0,100,0,128,1,"[100,-64,5,0,10,-4,14,0,17,4,20,7,21,10,23,13,23,14,23,16,23,16,22,16,20,14,19,12,18,9,16,6,15,3,14,-1,14,-4,14,-8,15,-11,15,-13,16,-14,17,-14,17,-13,18,-12,19,-11,4,-3,0,0,0,0,0,0,0,0,0,0,0,0,0,0,0,0,0,0,0,-5,4,-17,5,-19,8,-20,9,-20,10,-20,11,-20,10,-19,9,-19,7,-18,3,-18,0,-18,-3,-18,-7,-19,-11,-20,-14,-21,-17,-22,-18,-23,-20,-24,-21,-24,-21,-24,-20,-24,-18,-23,-15,-22,-11,-21,-7,-18,-4,-16]"
CSI_DATA,40871,d8:b1:90:db:e8:90,-40,11,1,7,0,0,1,0,1,0,1,-94,0,4,0,640467781,0,100,0,128,1,"[100,-64,5,0,5,-11,11,-11,17,-10,21,-9,25,-7,28,-7,30,-6,31,-5,30,-4,30,-4,28,-4,25,-5,21,-6,18,-8,14,-10,11,-12,8,-14,6,-17,4,-19,3,-22,2,-23,3,-24,4,-25,6,-24,8,-23,2,-6,0,0,0,0,0,0,0,0,0,0,0,0,0,0,0,0,0,0,-3,-5,-10,-17,-9,-19,-8,-22,-7,-24,-6,-24,-6,-24,-6,-23,-7,-22,-8,-20,-10,-18,-13,-16,-16,-13,-19,-11,-23,-9,-26,-7,-29,-6,-32,-5,-33,-5,-34,-5,-34,-5,-33,-6,-31,-6,-28,-8,-24,-9,-19,-10,-14,-10]"
CSI_DATA,40872,d8:b1:90:db:e8:90,-40,11,1,7,0,0,1,0,0,0,1,-94,0,4,0,640479568,0,100,0,128,1,"[100,-64,5,0,2,21,2,20,2,20,3,19,3,18,4,18,4,18,4,18,4,17,4,17,5,17,6,18,6,18,6,18,5,18,5,17,4,17,4,17,3,16,3,16,3,15,2,15,2,15,1,15,0,15,0,3,0,0,0,0,0,0,0,0,0,0,0,0,0,0,0,0,0,0,1,3,4,13,4,14,3,14,2,15,2,15,2,16,1,17,1,17,0,18,0,18,-1,18,-1,18,-1,19,-1,19,-1,19,-1,19,-1,19,-1,19,0,19,0,19,0,19,1,19,1,20,2,20,2,20,2,20]"
CSI_DATA,40873,d8:b1:90:db:e8:90,-40,11,1,7,0,0,1,0,1,0,1,-94,0,4,0,640491890,0,100,0,128,1,"[100,-64,5,0,8,0,10,4,12,7,13,11,13,14,13,16,13,17,14,18,13,18,13,17,12,16,11,14,11,12,10,9,10,6,11,3,11,0,12,-3,13,-5,14,-6,15,-7,16,-7,16,-6,17,-5,17,-4,4,-1,0,0,0,0,0,0,0,0,0,0,0,0,0,0,0,0,0,0,1,-3,7,-12,9,-12,11,-12,12,-12,13,-12,13,-12,12,-12,11,-12,10,-12,8,-12,5,-13,3,-14,0,-16,-3,-17,-5,-19,-7,-20,-8,-22,-9,-23,-9,-23,-9,-23,-8,-23,-7,-22,-5,-20,-3,-18,-1,-15,1,-13]"
CSI_DATA,40874,d8:b1:90:db:e8:90,-40,11,1,7,0,0,1,0,1,0,1,-94,0,4,0,640507905,0,100,0,128,1,"[100,-64,5,0,12,2,13,7,14,12,15,15,15,19,14,21,14,23,14,24,14,23,13,22,12,21,12,18,12,15,12,12,12,8,13,5,13,1,15,-2,16,-4,17,-6,18,-7,19,-7,20,-6,20,-5,20,-3,5,-1,0,0,0,0,0,0,0,0,0,0,0,0,0,0,0,0,0,0,3,-3,13,-10,15,-10,18,-9,19,-8,20,-8,20,-8,19,-8,18,-8,16,-9,14,-11,11,-13,8,-15,6,-18,4,-21,2,-24,0,-26,-1,-28,-1,-29,-1,-30,-1,-29,0,-29,1,-28,2,-25,4,-22,6,-18,7,-14]"
CSI_DATA,40875,d8:b1:90:db:e8:90,-40,11,1,7,0,0,1,0,1,0,1,-94,0,4,0,640519513,0,100,0,128,1,"[100,-64,5,0,11,6,10,11,9,16,8,20,7,24,6,26,5,27,4,28,4,27,4,26,4,25,4,22,5,19,7,16,8,13,10,9,12,6,14,4,16,2,18,1,20,0,21,0,21,1,21,3,20,4,5,1,0,0,0,0,0,0,0,0,0,0,0,0,0,0,0,0,0,0,4,-2,16,-5,18,-3,20,-2,21,-1,21,0,21,0,20,0,20,-1,19,-3,17,-5,15,-8,14,-11,13,-15,12,-18,11,-21,10,-24,9,-26,9,-28,10,-28,10,-28,10,-27,11,-26,11,-23,12,-19,12,-15,12,-11]"
CSI_DATA,40876,d8:b1:90:db:e8:90,-40,11,1,7,0,0,1,0,1,0,1,-94,0,4,0,640536281,0,100,0,128,1,"[100,-64,5,0,15,4,15,10,16,16,15,20,14,24,14,27,14,29,13,30,13,30,12,28,12,26,12,23,12,20,12,16,13,11,14,7,16,3,17,0,19,-3,21,-5,22,-5,24,-5,24,-5,24,-3,24,-2,6,-1,0,0,0,0,0,0,0,0,0,0,0,0,0,0,0,0,0,0,4,-3,18,-8,20,-7,22,-6,23,-5,24,-4,24,-4,24,-4,23,-5,21,-7,19,-9,16,-12,14,-15,12,-19,11,-23,9,-27,8,-29,7,-32,7,-33,6,-34,7,-34,7,-33,8,-31,9,-28,10,-24,12,-20,13,-16]"
CSI_DATA,40877,d8:b1:90:db:e8:90,-40,11,1,7,0,0,1,0,1,0,1,-94,0,4,0,640547589,0,100,0,128,1,"[100,-64,5,0,0,-12,5,-15,9,-16,13,-17,17,-18,19,-18,21,-19,23,-18,23,-18,22,-17,21,-16,18,-15,15,-14,12,-14,8,-14,4,-15,1,-15,-2,-16,-5,-17,-6,-19,-7,-20,-7,-21,-6,-22,-4,-22,-3,-22,-1,-6,0,0,0,0,0,0,0,0,0,0,0,0,0,0,0,0,0,0,-4,-3,-15,-9,-15,-12,-15,-14,-15,-16,-15,-17,-15,-17,-15,-16,-15,-15,-16,-13,-16,-11,-17,-8,-19,-5,-21,-2,-23,1,-25,4,-26,6,-28,7,-29,8,-29,9,-29,9,-28,8,-27,6,-25,4,-22,1,-19,-2,-16,-4]"
CSI_DATA,40878,d8:b1:90:db:e8:90,-40,11,1,7,0,0,1,0,1,0,1,-94,0,4,0,640572216,0,100,0,128,1,"[100,-64,5,0,8,3,8,7,8,12,8,15,8,18,7,20,7,21,6,22,6,22,5,21,5,20,5,18,6,15,6,13,7,10,9,7,10,5,12,2,14,1,15,0,16,-1,17,0,17,1,17,2,16,3,4,0,0,0,0,0,0,0,0,0,0,0,0,0,0,0,0,0,0,0,2,-2,11,-7,13,-7,14,-6,15,-6,16,-5,16,-5,16,-5,15,-6,14,-7,12,-8,10,-10,8,-12,7,-14,6,-17,4,-19,3,-21,3,-23,2,-24,2,-24,2,-24,3,-24,3,-22,4,-20,5,-17,6,-14,7,-11]"
CSI_DATA,40879,d8:b1:90:db:e8:90,-40,11,1,7,0,0,1,0,1,0,1,-94,0,4,0,640587949,0,100,0,128,1,"[100,-64,5,0,8,-7,13,-5,16,-2,20,1,22,3,24,4,25,6,25,7,25,7,24,7,22,6,20,5,18,3,16,1,14,-2,12,-5,11,-8,9,-11,9,-13,8,-15,8,-16,9,-17,10,-17,12,-16,13,-15,3,-4,0,0,0,0,0,0,0,0,0,0,0,0,0,0,0,0,0,0,0,-4,1,-16,2,-17,4,-18,5,-19,6,-19,6,-19,6,-19,5,-18,3,-18,0,-17,-3,-16,-6,-16,-9,-16,-13,-16,-16,-16,-18,-17,-20,-17,-21,-17,-22,-18,-22,-18,-21,-17,-19,-17,-16,-17,-13,-16,-9,-15,-6,-14]"
CSI_DATA,40880,d8:b1:90:db:e8:90,-40,11,1,7,0,0,1,0,1,0,1,-94,0,4,0,640606816,0,100,0,128,1,"[100,-64,5,0,-10,-7,-9,-12,-8,-17,-7,-21,-5,-24,-4,-26,-3,-28,-2,-29,-2,-29,-2,-28,-2,-26,-3,-24,-4,-21,-6,-18,-8,-14,-10,-11,-12,-9,-14,-7,-17,-5,-19,-5,-20,-5,-21,-5,-21,-6,-21,-7,-20,-9,-5,-3,0,0,0,0,0,0,0,0,0,0,0,0,0,0,0,0,0,0,-4,1,-16,6,-18,5,-19,4,-21,4,-22,3,-22,2,-21,3,-20,4,-18,5,-16,7,-15,9,-13,12,-11,15,-10,19,-9,22,-8,24,-7,27,-7,28,-7,28,-7,28,-8,27,-8,25,-9,23,-9,19,-10,15,-10,11]"
CSI_DATA,40881,d8:b1:90:db:e8:90,-39,11,1,7,0,0,1,0,1,0,1,-94,0,4,0,640617762,0,100,0,128,1,"[100,-64,5,0,-10,3,-14,0,-17,-4,-19,-7,-21,-10,-22,-13,-23,-15,-23,-16,-23,-16,-22,-16,-21,-14,-20,-13,-19,-11,-17,-8,-16,-5,-16,-2,-16,1,-16,4,-17,6,-17,7,-17,8,-18,8,-19,8,-20,7,-20,5,-5,1,0,0,0,0,0,0,0,0,0,0,0,0,0,0,0,0,0,0,0,3,0,15,-2,17,-3,18,-4,19,-5,20,-6,20,-6,20,-5,19,-3,19,-1,18,2,18,5,18,8,18,11,19,13,19,15,19,17,20,18,21,19,21,18,21,17,21,15,20,13,19,9,17,6,15,3,14]"
CSI_DATA,40882,d8:b1:90:db:e8:90,-40,11,1,7,0,0,1,0,1,0,1,-94,0,4,0,640631130,0,100,0,128,1,"[100,-64,5,0,-11,1,-13,-2,-15,-6,-16,-9,-17,-11,-18,-13,-18,-15,-18,-16,-18,-16,-17,-16,-17,-15,-16,-13,-15,-11,-14,-8,-13,-5,-13,-3,-13,0,-13,3,-14,5,-14,6,-15,7,-16,8,-16,7,-17,6,-17,5,-5,1,0,0,0,0,0,0,0,0,0,0,0,0,0,0,0,0,0,0,-2,3,-6,12,-8,12,-9,13,-11,13,-12,13,-12,13,-11,13,-11,13,-9,13,-7,14,-5,14,-2,15,1,16,3,17,5,18,7,19,8,20,9,21,9,22,9,22,9,21,7,21,6,19,3,18,1,15,-2,13]"
CSI_DATA,40883,d8:b1:90:db:e8:90,-40,11,1,7,0,0,1,0,1,0,1,-94,0,4,0,640646351,0,100,0,128,1,"[100,-64,5,0,-2,11,-7,12,-11,14,-15,15,-19,15,-22,15,-24,15,-25,15,-25,14,-24,14,-23,13,-20,13,-17,13,-13,12,-9,12,-6,13,-3,14,0,15,3,16,5,18,6,19,5,20,5,20,3,20,2,21,0,5,0,0,0,0,0,0,0,0,0,0,0,0,0,0,0,0,0,0,3,2,13,10,13,12,13,14,13,16,12,17,12,17,12,16,13,15,13,13,14,10,15,7,17,5,19,2,21,-1,23,-4,25,-6,27,-7,28,-8,29,-8,29,-8,28,-7,26,-6,24,-4,21,-2,18,1,15,3]"
CSI_DATA,40884,d8:b1:90:db:e8:90,-40,11,1,7,0,0,1,0,1,0,1,-94,0,4,0,640664641,0,100,0,128,1,"[100,-64,5,0,-10,5,-13,3,-17,0,-20,-2,-22,-5,-24,-6,-25,-8,-25,-9,-25,-9,-24,-8,-22,-8,-20,-6,-18,-4,-15,-2,-13,1,-11,4,-9,7,-8,10,-7,13,-7,15,-7,16,-7,17,-8,17,-9,17,-11,16,-3,4,0,0,0,0,0,0,0,0,0,0,0,0,0,0,0,0,0,0,-1,3,-5,15,-6,15,-8,16,-10,16,-10,16,-10,16,-10,15,-9,15,-6,14,-4,14,0,13,3,13,7,13,11,14,14,14,16,15,18,16,20,16,21,16,21,17,20,17,18,16,15,16,13,15,9,14,5,13]"
CSI_DATA,40885,d8:b1:90:db:e8:90,-40,11,1,7,0,0,1,0,1,0,1,-94,0,4,0,640681540,0,100,0,128,1,"[100,-64,5,0,-13,-1,-15,-7,-17,-12,-18,-17,-18,-21,-19,-24,-19,-26,-18,-28,-18,-28,-17,-27,-16,-25,-15,-22,-15,-19,-15,-15,-15,-11,-15,-7,-16,-3,-18,1,-20,3,-21,5,-22,6,-23,6,-24,5,-24,3,-24,1,-6,0,0,0,0,0,0,0,0,0,0,0,0,0,0,0,0,0,0,0,-3,3,-12,15,-14,15,-16,16,-18,15,-19,15,-20,15,-19,15,-18,15,-15,16,-12,16,-9,17,-5,19,-2,22,2,24,4,26,6,28,8,30,9,31,10,32,10,32,8,31,7,30,5,28,2,25,-2,21,-4,17]"
CSI_DATA,40886,d8:b1:90:db:e8:90,-40,11,1,7,0,0,1,0,1,0,1,-94,0,4,0,640692348,0,100,0,128,1,"[100,-64,5,0,0,12,-5,14,-9,15,-13,16,-16,17,-18,17,-19,17,-20,16,-20,16,-19,15,-18,15,-16,14,-13,13,-10,12,-7,12,-3,12,0,12,3,12,6,13,8,14,9,15,10,15,9,16,8,17,7,17,1,4,0,0,0,0,0,0,0,0,0,0,0,0,0,0,0,0,0,0,2,3,9,12,8,14,8,16,7,17,7,18,6,18,6,17,7,16,8,14,9,12,11,9,13,6,16,4,18,2,21,0,23,-2,25,-3,26,-4,27,-4,27,-4,26,-3,25,-2,23,0,20,2,17,3,14,5]"
CSI_DATA,40887,d8:b1:90:db:e8:90,-40,11,1,7,0,0,1,0,1,0,1,-94,0,4,0,640713540,0,100,0,128,1,"[100,-64,5,0,-7,8,-12,7,-16,5,-20,3,-23,2,-25,1,-26,-1,-27,-2,-27,-2,-26,-2,-24,-1,-23,0,-21,1,-18,2,-16,4,-14,7,-12,9,-11,11,-10,13,-10,15,-10,16,-10,17,-11,17,-12,16,-13,14,-4,3,0,0,0,0,0,0,0,0,0,0,0,0,0,0,0,0,0,0,1,3,6,14,5,15,4,17,3,19,3,19,3,20,3,19,3,19,5,18,6,16,9,15,12,14,14,12,17,11,20,10,22,10,23,10,24,10,25,10,25,10,24,11,22,11,20,11,17,12,12,12,9,11]"
CSI_DATA,40888,d8:b1:90:db:e8:90,-40,11,1,7,0,0,1,0,1,0,1,-94,0,4,0,640723861,0,100,0,128,1,"[100,-64,5,0,3,12,-2,15,-6,17,-9,19,-12,21,-15,22,-16,22,-17,22,-18,21,-17,20,-16,19,-14,18,-11,17,-7,16,-4,15,-1,14,3,14,6,13,8,13,11,14,12,15,13,16,12,17,10,17,9,18,2,4,0,0,0,0,0,0,0,0,0,0,0,0,0,0,0,0,0,0,3,2,13,9,14,11,14,13,14,14,14,15,14,15,13,14,14,13,14,11,15,9,16,6,17,2,19,-1,20,-3,22,-6,24,-9,25,-10,26,-11,27,-12,27,-12,26,-11,25,-9,24,-7,21,-4,19,-1,16,1]"
CSI_DATA,40889,d8:b1:90:db:e8:90,-40,11,1,7,0,0,1,0,1,0,1,-94,0,4,0,640734823,0,100,0,128,1,"[100,-64,5,0,5,8,3,11,0,14,-2,16,-4,19,-6,20,-7,21,-8,21,-8,21,-8,20,-8,19,-6,18,-5,16,-2,14,0,12,3,11,5,10,8,9,10,9,11,9,12,9,13,10,13,11,12,11,11,12,2,3,0,0,0,0,0,0,0,0,0,0,0,0,0,0,0,0,0,0,3,-1,13,-1,14,1,15,2,16,3,16,4,16,4,16,4,15,3,15,1,14,-1,13,-3,13,-6,13,-8,13,-11,13,-14,14,-16,14,-18,14,-19,14,-19,15,-19,15,-18,15,-17,14,-14,13,-12,12,-8,12,-6]"
CSI_DATA,40890,d8:b1:90:db:e8:90,-40,11,1,7,0,0,1,0,1,0,1,-94,0,4,0,640749631,0,100,0,128,1,"[100,-64,5,0,-7,-10,-5,-15,-2,-19,1,-22,3,-25,5,-27,7,-28,8,-29,8,-28,8,-27,7,-25,6,-24,4,-21,1,-18,-2,-16,-6,-14,-9,-13,-11,-12,-14,-11,-17,-11,-18,-11,-19,-12,-19,-13,-18,-14,-16,-15,-4,-4,0,0,0,0,0,0,0,0,0,0,0,0,0,0,0,0,0,0,-5,0,-19,-1,-20,-3,-21,-4,-22,-5,-22,-7,-22,-7,-22,-6,-21,-5,-20,-3,-19,0,-18,3,-18,6,-17,10,-17,14,-17,18,-17,21,-18,23,-18,24,-18,25,-18,25,-18,24,-18,22,-18,19,-17,15,-16,10,-15,7]"
CSI_DATA,40891,d8:b1:90:db:e8:90,-40,11,1,7,0,0,1,0,1,0,1,-94,0,4,0,640773925,0,100,0,128,1,"[100,-64,5,0,-10,11,-16,9,-20,7,-25,5,-28,2,-30,1,-32,-1,-33,-2,-32,-2,-31,-2,-29,-1,-27,0,-23,1,-20,3,-17,6,-14,9,-11,12,-9,15,-7,18,-7,20,-6,21,-7,22,-7,22,-9,22,-11,21,-3,5,0,0,0,0,0,0,0,0,0,0,0,0,0,0,0,0,0,0,0,4,-1,19,-3,20,-5,22,-7,23,-7,23,-8,23,-7,22,-5,21,-3,20,0,19,4,18,8,18,12,18,16,17,19,17,22,17,25,17,27,18,28,18,28,18,26,18,24,18,22,18,18,18,13,17,8,17]"
CSI_DATA,40892,d8:b1:90:db:e8:90,-40,11,1,7,0,0,1,0,1,0,1,-94,0,4,0,640794895,0,100,0,128,1,"[100,-64,5,0,1,-12,6,-14,12,-16,16,-17,20,-17,24,-18,26,-18,27,-17,27,-16,26,-16,24,-16,22,-15,18,-14,14,-14,10,-14,6,-15,2,-16,-1,-18,-4,-19,-6,-21,-7,-22,-8,-23,-6,-24,-4,-24,-3,-25,-1,-6,0,0,0,0,0,0,0,0,0,0,0,0,0,0,0,0,0,0,-4,-3,-16,-12,-17,-15,-16,-17,-16,-19,-16,-20,-15,-20,-15,-19,-15,-17,-16,-15,-17,-12,-18,-9,-20,-5,-22,-2,-24,2,-26,5,-28,7,-30,9,-32,10,-32,10,-33,10,-32,9,-31,7,-28,5,-25,3,-21,0,-17,-3]"
CSI_DATA,40893,d8:b1:90:db:e8:90,-40,11,1,7,0,0,1,0,1,0,1,-94,0,4,0,640811478,0,100,0,128,1,"[100,-64,5,0,-5,10,-10,10,-15,9,-19,9,-22,8,-24,7,-25,7,-26,6,-26,5,-25,5,-24,5,-22,5,-19,6,-16,7,-13,9,-10,10,-8,12,-6,14,-4,16,-3,17,-2,18,-2,19,-3,20,-5,19,-7,18,-2,4,0,0,0,0,0,0,0,0,0,0,0,0,0,0,0,0,0,0,1,3,7,13,7,15,6,17,5,19,4,20,4,20,4,19,5,18,7,17,8,15,10,13,13,11,16,9,19,8,21,7,23,6,25,6,27,5,27,5,27,5,26,6,24,6,22,7,19,8,15,9,11,9]"
CSI_DATA,40894,d8:b1:90:db:e8:90,-40,11,1,7,0,0,1,0,1,0,1,-94,0,4,0,640822041,0,100,0,128,1,"[100,-64,5,0,8,9,6,14,3,18,1,21,-1,24,-3,26,-4,27,-5,28,-5,27,-5,26,-5,25,-4,23,-2,20,1,17,3,14,6,12,9,10,12,9,15,8,17,7,18,7,19,8,19,9,18,10,17,11,4,3,0,0,0,0,0,0,0,0,0,0,0,0,0,0,0,0,0,0,4,0,17,2,18,3,19,5,19,7,20,8,20,8,19,7,19,6,18,4,18,1,17,-2,17,-6,17,-9,17,-13,17,-16,17,-19,18,-21,18,-23,19,-23,19,-23,19,-23,18,-21,18,-18,17,-14,16,-10,16,-7]"
CSI_DATA,40895,d8:b1:90:db:e8:90,-40,11,1,7,0,0,1,0,1,0,1,-94,0,4,0,640832600,0,100,0,128,1,"[100,-64,5,0,11,-8,16,-4,21,-1,24,3,27,6,29,8,30,10,30,12,31,12,30,12,28,10,26,8,23,6,21,3,19,0,17,-4,16,-8,15,-12,15,-15,15,-17,15,-19,16,-19,17,-18,18,-17,19,-16,5,-4,0,0,0,0,0,0,0,0,0,0,0,0,0,0,0,0,0,0,0,-5,1,-21,3,-22,5,-23,7,-24,8,-25,9,-25,8,-24,7,-24,4,-23,1,-23,-2,-23,-6,-22,-10,-22,-14,-23,-18,-23,-21,-24,-23,-25,-25,-25,-25,-26,-25,-25,-24,-25,-22,-25,-19,-24,-15,-23,-9,-21,-5,-19]"
CSI_DATA,40896,d8:b1:90:db:e8:90,-40,11,1,7,0,0,1,0,1,0,1,-94,0,4,0,640842938,0,100,0,128,1,"[100,-64,5,0,7,-5,10,-3,14,0,16,2,18,4,19,6,20,7,21,8,20,8,19,8,18,7,17,6,15,5,14,3,12,0,11,-3,10,-6,10,-8,10,-10,10,-12,10,-13,11,-13,12,-12,13,-12,13,-11,3,-3,0,0,0,0,0,0,0,0,0,0,0,0,0,0,0,0,0,0,-1,-4,-1,-14,0,-15,2,-16,3,-17,4,-17,4,-17,4,-17,3,-17,1,-16,-1,-15,-3,-14,-6,-14,-8,-14,-11,-14,-14,-14,-16,-15,-17,-15,-18,-16,-19,-16,-19,-16,-18,-16,-16,-16,-14,-15,-11,-14,-8,-13,-5,-12]"
CSI_DATA,40897,d8:b1:90:db:e8:90,-40,11,1,7,0,0,1,0,1,0,1,-94,0,4,0,640855308,0,100,0,128,1,"[100,-64,5,0,8,6,6,11,5,15,3,19,1,22,0,24,-1,25,-2,26,-2,25,-2,24,-2,23,-1,21,0,19,2,16,4,13,7,11,9,9,11,8,14,7,16,6,17,6,17,7,18,8,17,9,16,10,3,2,0,0,0,0,0,0,0,0,0,0,0,0,0,0,0,0,0,0,3,-2,15,-6,16,-5,18,-4,19,-3,20,-2,20,-2,19,-2,18,-2,17,-4,16,-6,14,-8,13,-11,12,-14,11,-17,10,-20,9,-22,9,-24,9,-26,10,-26,10,-26,10,-25,11,-23,11,-21,11,-17,11,-13,11,-10]"
CSI_DATA,40898,d8:b1:90:db:e8:90,-40,11,1,7,0,0,1,0,1,0,1,-94,0,4,0,640876858,0,100,0,128,1,"[100,-64,5,0,9,4,9,9,9,14,8,18,7,21,7,24,6,25,5,26,5,25,4,25,4,23,5,21,5,18,6,15,8,11,9,8,11,5,13,3,15,1,17,0,18,0,19,0,20,1,20,2,19,3,4,1,0,0,0,0,0,0,0,0,0,0,0,0,0,0,0,0,0,0,3,-2,14,-7,16,-6,18,-5,19,-4,20,-3,20,-3,19,-3,18,-4,17,-6,15,-8,13,-10,11,-13,9,-16,8,-19,7,-22,6,-24,5,-26,5,-27,5,-28,5,-28,5,-27,6,-26,7,-23,7,-20,8,-16,9,-12]"
CSI_DATA,40899,d8:b1:90:db:e8:90,-40,11,1,7,0,0,1,0,1,0,1,-94,0,4,0,640888841,0,100,0,128,1,"[100,-64,5,0,7,8,5,12,3,16,1,19,-1,22,-3,23,-4,24,-5,24,-5,24,-5,23,-4,22,-3,20,-1,18,1,15,3,13,5,11,8,9,10,7,13,6,15,6,16,6,17,6,17,7,16,9,15,10,3,2,0,0,0,0,0,0,0,0,0,0,0,0,0,0,0,0,0,0,3,0,15,1,16,2,17,4,17,5,18,6,18,7,18,6,17,4,16,2,16,0,16,-2,15,-5,15,-9,15,-12,15,-15,16,-17,16,-19,16,-20,16,-21,16,-21,16,-20,16,-19,16,-16,15,-13,14,-9,13,-6]"
CSI_DATA,40900,d8:b1:90:db:e8:90,-40,11,1,7,0,0,1,0,1,0,1,-94,0,4,0,640912055,0,100,0,128,1,"[100,-64,5,0,-4,9,-8,9,-12,9,-16,9,-18,8,-20,8,-22,7,-23,7,-22,6,-21,6,-20,6,-18,6,-16,6,-13,6,-10,7,-7,9,-4,10,-2,12,0,13,1,14,1,16,2,16,1,17,0,17,-2,17,-1,4,0,0,0,0,0,0,0,0,0,0,0,0,0,0,0,0,0,0,1,2,6,12,5,13,4,15,3,16,3,17,3,17,3,16,4,15,5,14,6,12,8,10,11,8,13,7,16,5,18,4,20,3,22,3,23,2,24,2,24,2,23,3,22,3,19,4,17,5,14,6,11,7]"
CSI_DATA,40901,d8:b1:90:db:e8:90,-41,11,1,7,0,0,1,0,1,0,1,-94,0,4,0,640926537,0,100,0,128,1,"[100,-64,5,0,2,12,-1,15,-5,17,-8,20,-11,22,-13,23,-15,24,-16,23,-16,23,-16,21,-14,20,-12,19,-10,17,-6,15,-3,14,1,13,4,12,7,12,10,13,12,13,13,13,14,15,13,16,12,17,10,17,2,4,0,0,0,0,0,0,0,0,0,0,0,0,0,0,0,0,0,0,3,1,15,7,15,8,15,11,15,12,15,13,16,13,16,13,16,11,16,9,16,6,17,3,18,0,19,-3,20,-6,21,-9,23,-12,24,-13,25,-14,25,-15,25,-15,24,-14,23,-12,22,-10,20,-7,18,-3,16,-1]"
CSI_DATA,40902,d8:b1:90:db:e8:90,-40,11,1,7,0,0,1,0,1,0,1,-94,0,4,0,640938896,0,100,0,128,1,"[100,-64,5,0,4,7,1,10,-1,13,-3,16,-5,19,-7,20,-8,21,-9,21,-9,21,-9,20,-8,19,-7,18,-5,16,-3,13,0,12,2,10,5,9,8,9,10,8,12,8,13,9,14,9,14,10,13,11,12,12,2,3,0,0,0,0,0,0,0,0,0,0,0,0,0,0,0,0,0,0,3,-1,14,-1,15,0,16,2,16,3,17,3,16,4,16,4,15,3,15,1,14,-1,13,-4,12,-7,12,-10,12,-12,12,-15,12,-17,12,-19,13,-20,13,-21,13,-21,13,-20,13,-18,12,-16,12,-13,11,-9,10,-6]"
CSI_DATA,40903,d8:b1:90:db:e8:90,-40,11,1,7,0,0,1,0,1,0,1,-94,0,4,0,640978587,0,100,0,128,1,"[100,-64,5,0,7,5,6,9,5,13,4,16,3,19,2,20,1,22,0,22,0,22,0,21,0,20,0,18,1,16,2,14,4,11,6,9,8,7,10,6,12,5,14,4,15,4,16,5,16,6,15,7,14,8,3,2,0,0,0,0,0,0,0,0,0,0,0,0,0,0,0,0,0,0,2,-2,12,-7,13,-6,14,-5,15,-4,16,-4,16,-3,16,-4,15,-4,14,-5,13,-7,11,-9,10,-11,9,-13,8,-16,7,-18,6,-20,6,-22,6,-23,6,-23,6,-23,7,-23,7,-21,7,-18,7,-16,8,-12,9,-10]"
CSI_DATA,40904,d8:b1:90:db:e8:90,-40,11,1,7,0,0,1,0,1,0,1,-94,0,4,0,640990308,0,100,0,128,1,"[100,-64,5,0,8,3,8,7,8,11,8,14,7,17,7,19,6,21,6,21,5,21,5,21,5,19,5,18,6,16,6,13,7,10,9,7,10,5,12,3,13,1,15,1,16,0,17,1,17,1,17,3,16,4,4,1,0,0,0,0,0,0,0,0,0,0,0,0,0,0,0,0,0,0,2,-3,10,-10,11,-9,13,-9,14,-9,15,-8,15,-8,15,-8,14,-8,13,-9,11,-10,9,-12,7,-13,5,-16,4,-18,2,-20,1,-22,0,-23,0,-24,0,-25,0,-24,1,-24,2,-22,2,-20,4,-17,5,-14,6,-11]"
CSI_DATA,40905,d8:b1:90:db:e8:90,-40,11,1,7,0,0,1,0,1,0,1,-94,0,4,0,641014916,0,100,0,128,1,"[100,-64,5,0,-7,13,-12,13,-18,13,-22,12,-26,11,-29,10,-31,9,-32,8,-31,7,-30,7,-28,7,-26,8,-22,8,-19,9,-15,10,-10,12,-7,14,-4,16,-2,18,0,20,0,22,1,23,0,23,-2,24,-4,23,-2,5,0,0,0,0,0,0,0,0,0,0,0,0,0,0,0,0,0,0,1,4,7,17,6,19,4,21,3,23,2,24,2,24,3,23,4,22,5,20,8,18,11,16,14,14,18,12,22,11,25,9,27,8,29,8,31,8,32,8,32,8,31,8,29,9,26,9,22,10,18,11,14,12]"
CSI_DATA,40906,d8:b1:90:db:e8:90,-40,11,1,7,0,0,1,0,1,0,1,-94,0,4,0,641030140,0,100,0,128,1,"[100,-64,5,0,11,4,11,9,12,14,11,18,11,22,10,24,9,26,9,26,9,26,9,25,8,24,8,21,8,18,9,15,10,12,11,8,13,5,14,2,16,-1,18,-2,19,-3,20,-3,21,-2,21,-1,21,1,5,0,0,0,0,0,0,0,0,0,0,0,0,0,0,0,0,0,0,0,3,-2,16,-8,17,-7,19,-6,20,-5,21,-4,21,-4,20,-4,19,-5,18,-6,16,-8,14,-11,12,-14,10,-17,8,-20,7,-23,6,-26,6,-28,6,-29,6,-30,6,-30,7,-29,7,-27,7,-24,8,-21,10,-17,10,-13]"
CSI_DATA,40907,d8:b1:90:db:e8:90,-40,11,1,7,0,0,1,0,1,0,1,-94,0,4,0,641045276,0,100,0,128,1,"[100,-64,5,0,4,9,1,13,-2,16,-5,19,-8,20,-10,22,-11,22,-12,22,-12,22,-12,22,-11,20,-9,19,-7,17,-5,15,-2,13,1,12,4,11,7,11,10,10,12,10,13,11,14,11,14,12,13,13,12,14,3,3,0,0,0,0,0,0,0,0,0,0,0,0,0,0,0,0,0,0,3,0,15,3,16,5,16,7,17,8,17,9,17,9,16,9,16,8,15,6,15,3,15,0,15,-3,16,-7,17,-10,18,-13,18,-15,19,-17,20,-18,20,-18,21,-18,20,-16,20,-15,18,-13,17,-10,15,-7,14,-4]"
CSI_DATA,40908,d8:b1:90:db:e8:90,-40,11,1,7,0,0,1,0,1,0,1,-94,0,4,0,641056921,0,100,0,128,1,"[100,-64,5,0,-11,-8,-10,-13,-10,-17,-9,-21,-8,-26,-6,-28,-4,-29,-4,-30,-4,-31,-4,-30,-4,-28,-5,-25,-6,-22,-7,-19,-8,-15,-10,-11,-13,-8,-16,-6,-17,-4,-20,-2,-22,-2,-23,-3,-23,-4,-23,-5,-22,-6,-6,-2,0,0,0,0,0,0,0,0,0,0,0,0,0,0,0,0,0,0,-5,1,-18,6,-20,5,-22,4,-23,2,-23,2,-23,1,-22,1,-21,2,-20,5,-19,6,-16,9,-14,13,-12,16,-11,20,-10,23,-9,25,-9,28,-9,30,-9,30,-9,29,-9,29,-10,28,-12,25,-12,20,-12,16,-11,12]"
CSI_DATA,40909,d8:b1:90:db:e8:90,-40,11,1,7,0,0,1,0,1,0,1,-94,0,4,0,641081659,0,100,0,128,1,"[100,-64,5,0,7,-8,11,-6,15,-4,19,-2,21,-1,23,1,25,2,25,3,25,3,24,3,23,3,20,2,18,0,16,-1,14,-3,12,-6,10,-9,9,-11,8,-14,8,-15,8,-16,8,-17,9,-17,10,-17,12,-15,3,-4,0,0,0,0,0,0,0,0,0,0,0,0,0,0,0,0,0,0,-2,-4,-5,-15,-4,-17,-3,-18,-1,-20,-1,-20,0,-20,-1,-20,-1,-19,-3,-18,-5,-16,-8,-15,-10,-14,-13,-13,-16,-13,-19,-12,-21,-12,-23,-12,-24,-12,-25,-13,-25,-13,-23,-13,-22,-13,-19,-13,-16,-12,-12,-12,-9,-12]"
CSI_DATA,40910,d8:b1:90:db:e8:90,-40,11,1,7,0,0,1,0,1,0,1,-94,0,4,0,641093202,0,100,0,128,1,"[100,-64,5,0,-9,3,-12,0,-15,-3,-17,-6,-18,-8,-20,-10,-20,-11,-20,-12,-20,-12,-20,-12,-18,-11,-17,-10,-16,-8,-15,-5,-13,-3,-12,0,-12,3,-11,5,-12,8,-12,9,-12,10,-13,11,-14,11,-15,10,-15,9,-4,2,0,0,0,0,0,0,0,0,0,0,0,0,0,0,0,0,0,0,-1,3,-3,13,-5,13,-7,14,-8,15,-9,15,-9,15,-9,15,-7,14,-6,14,-4,14,-1,14,2,15,4,15,7,15,9,16,11,17,12,18,14,18,14,18,14,18,14,18,12,17,10,16,7,15,4,14,2,12]"
CSI_DATA,40911,d8:b1:90:db:e8:90,-41,11,1,7,0,0,1,0,1,0,1,-94,0,4,0,641103314,0,100,0,128,1,"[100,-64,5,0,8,-13,14,-11,20,-10,25,-8,29,-7,32,-6,34,-5,34,-4,34,-3,33,-3,31,-3,28,-4,24,-5,20,-7,16,-9,12,-11,9,-15,6,-18,3,-21,2,-23,1,-25,1,-26,3,-26,5,-26,7,-26,1,-7,0,0,0,0,0,0,0,0,0,0,0,0,0,0,0,0,0,0,-1,-5,-4,-21,-2,-23,0,-25,1,-26,2,-27,2,-26,1,-26,0,-24,-2,-23,-5,-21,-9,-20,-13,-18,-17,-17,-21,-16,-25,-15,-29,-15,-31,-15,-33,-14,-34,-14,-34,-14,-33,-14,-31,-15,-27,-15,-22,-16,-17,-16,-13,-16]"
CSI_DATA,40912,d8:b1:90:db:e8:90,-40,11,1,7,0,0,1,0,1,0,1,-94,0,4,0,641122695,0,100,0,128,1,"[100,-64,5,0,-12,4,-15,-1,-18,-4,-21,-8,-23,-11,-24,-13,-24,-15,-25,-16,-24,-17,-24,-16,-22,-15,-21,-13,-19,-10,-18,-7,-16,-4,-15,0,-14,4,-14,7,-14,10,-14,12,-15,13,-16,14,-17,14,-18,13,-18,11,-5,2,0,0,0,0,0,0,0,0,0,0,0,0,0,0,0,0,0,0,-2,3,-7,16,-9,16,-11,17,-13,17,-14,17,-14,17,-13,17,-12,16,-9,16,-6,16,-3,17,0,18,4,19,7,20,10,21,13,22,14,23,16,24,17,24,16,25,15,24,14,24,11,22,8,20,4,18,1,15]"
CSI_DATA,40913,d8:b1:90:db:e8:90,-40,11,1,7,0,0,1,0,1,0,1,-94,0,4,0,641135939,0,100,0,128,1,"[100,-64,5,0,-11,0,-12,-4,-14,-8,-15,-11,-15,-14,-16,-16,-16,-18,-16,-19,-15,-19,-15,-18,-14,-17,-14,-15,-13,-13,-12,-10,-11,-7,-11,-3,-12,0,-12,3,-13,5,-14,6,-15,7,-16,7,-16,7,-17,6,-17,5,-5,1,0,0,0,0,0,0,0,0,0,0,0,0,0,0,0,0,0,0,-3,2,-9,10,-11,10,-13,10,-14,10,-15,10,-15,9,-14,9,-13,9,-12,10,-9,10,-7,12,-4,13,-2,15,0,17,2,19,4,20,5,21,6,22,6,23,6,23,5,23,4,21,3,20,1,18,-2,15,-3,13]"
CSI_DATA,40914,d8:b1:90:db:e8:90,-40,11,1,7,0,0,1,0,1,0,1,-94,0,4,0,641146378,0,100,0,128,1,"[100,-64,5,0,-5,8,-9,8,-13,7,-16,6,-19,6,-21,5,-22,5,-23,4,-23,4,-22,3,-20,3,-19,4,-16,4,-14,5,-11,6,-8,8,-6,9,-4,11,-3,12,-2,14,-1,15,-1,16,-2,16,-3,16,-4,16,-2,4,0,0,0,0,0,0,0,0,0,0,0,0,0,0,0,0,0,0,1,2,5,12,4,13,3,15,2,16,2,16,2,16,2,15,2,14,4,13,5,12,7,10,10,9,12,7,15,6,17,6,19,5,20,5,22,4,22,4,23,4,22,5,20,5,18,6,15,7,12,7,9,8]"
CSI_DATA,40915,d8:b1:90:db:e8:90,-40,11,1,7,0,0,1,0,1,0,1,-94,0,4,0,641156899,0,100,0,128,1,"[100,-64,5,0,7,-13,12,-11,17,-10,21,-9,25,-8,27,-7,29,-7,29,-6,29,-5,27,-5,25,-6,23,-6,19,-6,15,-8,12,-9,8,-11,4,-13,1,-15,-1,-17,-3,-19,-4,-21,-5,-22,-4,-22,-2,-23,-1,-23,0,-6,0,0,0,0,0,0,0,0,0,0,0,0,0,0,0,0,0,0,0,-5,3,-19,4,-20,7,-20,8,-21,9,-21,9,-21,8,-20,7,-19,4,-18,1,-18,-3,-17,-7,-16,-11,-16,-15,-15,-19,-16,-22,-16,-24,-16,-26,-16,-27,-16,-27,-16,-27,-16,-25,-16,-22,-17,-18,-16,-14,-16,-10,-16]"
CSI_DATA,40916,d8:b1:90:db:e8:90,-40,11,1,7,0,0,1,0,1,0,1,-94,0,4,0,641184092,0,100,0,128,1,"[100,-64,5,0,-5,-11,-1,-14,2,-17,5,-19,8,-21,10,-23,11,-23,12,-23,12,-23,12,-22,11,-21,9,-20,7,-18,4,-16,1,-15,-2,-13,-5,-12,-8,-12,-10,-12,-12,-12,-14,-13,-15,-13,-15,-14,-14,-15,-12,-15,-3,-4,0,0,0,0,0,0,0,0,0,0,0,0,0,0,0,0,0,0,-4,-2,-15,-6,-16,-7,-17,-9,-17,-11,-17,-11,-17,-11,-17,-11,-16,-9,-16,-7,-16,-5,-16,-2,-17,1,-17,4,-18,7,-19,10,-20,13,-21,14,-22,15,-22,16,-22,16,-22,15,-21,13,-21,11,-19,8,-17,5,-15,1]"
CSI_DATA,40917,d8:b1:90:db:e8:90,-40,11,1,7,0,0,1,0,1,0,1,-94,0,4,0,641196649,0,100,0,128,1,"[100,-64,5,0,-5,9,-9,8,-13,8,-17,7,-19,6,-21,6,-23,5,-24,4,-24,4,-23,3,-21,4,-19,4,-17,5,-14,5,-11,6,-8,8,-6,9,-4,11,-2,13,-1,14,-1,16,-1,17,-1,17,-3,17,-4,16,-1,4,0,0,0,0,0,0,0,0,0,0,0,0,0,0,0,0,0,0,1,3,5,12,4,13,3,15,2,16,1,16,1,16,2,16,2,15,4,14,5,12,7,11,10,9,12,8,15,7,17,6,19,5,21,5,23,5,23,5,23,5,23,5,21,6,19,6,16,7,12,8,9,9]"
CSI_DATA,40918,d8:b1:90:db:e8:90,-40,11,1,7,0,0,1,0,1,0,1,-94,0,4,0,641208447,0,100,0,128,1,"[100,-64,5,0,14,-2,17,4,19,9,21,13,22,17,23,20,23,22,23,23,23,24,22,23,20,21,19,19,18,15,17,11,16,7,16,2,16,-2,16,-6,17,-9,18,-12,19,-13,20,-13,21,-13,22,-12,22,-11,5,-3,0,0,0,0,0,0,0,0,0,0,0,0,0,0,0,0,0,0,3,-4,12,-16,15,-16,17,-16,19,-16,20,-15,20,-15,20,-15,18,-15,15,-15,12,-16,9,-18,5,-21,1,-23,-3,-25,-6,-28,-8,-30,-10,-32,-11,-33,-11,-34,-11,-34,-10,-33,-8,-32,-6,-29,-3,-26,0,-23,3,-20]"
CSI_DATA,40919,d8:b1:90:db:e8:90,-40,11,1,7,0,0,1,0,1,0,1,-94,0,4,0,641222969,0,100,0,128,1,"[100,-64,5,0,-2,13,-7,14,-11,16,-15,16,-19,16,-21,16,-23,16,-24,16,-24,16,-23,15,-21,15,-19,14,-16,13,-13,13,-9,12,-5,13,-2,14,1,14,3,16,5,17,6,18,7,18,6,19,5,19,3,20,0,5,0,0,0,0,0,0,0,0,0,0,0,0,0,0,0,0,0,0,2,2,11,12,11,14,10,16,10,17,9,18,9,18,9,17,10,16,11,14,12,12,14,9,16,6,19,3,21,1,23,-1,25,-2,27,-3,28,-4,29,-4,29,-3,28,-3,27,-2,24,0,21,2,18,4,15,5]"
CSI_DATA,40920,d8:b1:90:db:e8:90,-40,11,1,7,0,0,1,0,1,0,1,-94,0,4,0,641234091,0,100,0,128,1,"[100,-64,5,0,-13,-1,-15,-7,-16,-11,-17,-15,-17,-19,-17,-22,-17,-24,-17,-24,-16,-24,-16,-23,-16,-22,-15,-19,-14,-16,-13,-12,-13,-9,-13,-5,-14,-1,-15,2,-16,4,-17,6,-18,7,-19,8,-20,7,-21,6,-21,4,-6,1,0,0,0,0,0,0,0,0,0,0,0,0,0,0,0,0,0,0,-4,2,-14,11,-15,10,-18,9,-19,9,-20,9,-20,9,-19,8,-18,9,-15,10,-13,11,-10,13,-7,16,-4,18,-2,21,0,23,2,25,3,27,3,28,4,29,4,29,3,28,2,27,0,25,-2,22,-4,18,-6,15]"
CSI_DATA,40921,d8:b1:90:db:e8:90,-40,11,1,7,0,0,1,0,1,0,1,-94,0,4,0,641246919,0,100,0,128,1,"[100,-64,5,0,-5,11,-10,10,-14,10,-17,10,-20,9,-22,8,-24,8,-25,7,-25,7,-24,6,-22,6,-20,6,-17,7,-14,7,-12,8,-8,10,-5,11,-3,13,-1,14,0,16,1,17,1,18,0,18,-2,18,-3,18,-1,4,0,0,0,0,0,0,0,0,0,0,0,0,0,0,0,0,0,0,1,3,5,14,4,15,3,17,2,18,1,18,1,18,2,18,3,17,4,15,5,14,8,12,11,11,14,9,16,8,19,7,21,6,23,6,25,5,25,5,25,6,24,6,23,6,20,7,17,8,14,9,11,10]"
CSI_DATA,40922,d8:b1:90:db:e8:90,-40,11,1,7,0,0,1,0,1,0,1,-94,0,4,0,641259836,0,100,0,128,1,"[100,-64,5,0,3,-11,9,-11,13,-11,17,-10,20,-10,22,-9,24,-9,25,-8,24,-8,23,-7,22,-8,20,-8,18,-8,15,-9,11,-10,8,-11,5,-13,3,-15,1,-16,0,-18,-1,-19,-1,-19,0,-20,2,-20,3,-20,1,-5,0,0,0,0,0,0,0,0,0,0,0,0,0,0,0,0,0,0,-2,-4,-8,-14,-8,-16,-7,-18,-6,-19,-6,-20,-5,-20,-6,-19,-6,-18,-7,-16,-9,-14,-11,-13,-14,-11,-17,-9,-20,-7,-22,-6,-24,-5,-26,-4,-27,-4,-28,-4,-28,-4,-27,-5,-25,-6,-23,-6,-20,-7,-16,-8,-13,-9]"
CSI_DATA,40923,d8:b1:90:db:e8:90,-40,11,1,7,0,0,1,0,1,0,1,-94,0,4,0,641288337,0,100,0,128,1,"[100,-64,5,0,9,-1,11,4,13,7,13,11,14,13,14,15,14,16,14,17,14,17,13,17,12,15,12,14,11,11,11,9,11,6,11,3,11,0,12,-3,12,-5,13,-7,14,-8,15,-8,16,-7,16,-6,16,-5,4,-2,0,0,0,0,0,0,0,0,0,0,0,0,0,0,0,0,0,0,2,-3,9,-10,10,-10,12,-10,13,-10,14,-10,14,-9,14,-9,12,-10,11,-10,8,-11,6,-12,3,-14,1,-16,-1,-17,-3,-19,-5,-21,-6,-23,-7,-24,-7,-24,-6,-24,-5,-24,-4,-23,-3,-21,-1,-18,1,-16,3,-13]"
CSI_DATA,40924,d8:b1:90:db:e8:90,-40,11,1,7,0,0,1,0,1,0,1,-94,0,4,0,641299384,0,100,0,128,1,"[100,-64,5,0,-4,-10,-1,-13,3,-15,6,-17,8,-19,10,-20,11,-20,12,-20,12,-20,12,-19,11,-18,9,-17,7,-16,5,-14,2,-13,-1,-12,-4,-11,-6,-11,-9,-11,-11,-11,-12,-12,-13,-13,-13,-13,-11,-14,-10,-14,-3,-4,0,0,0,0,0,0,0,0,0,0,0,0,0,0,0,0,0,0,-4,-2,-13,-7,-13,-8,-14,-10,-14,-11,-14,-12,-14,-12,-13,-11,-13,-10,-13,-8,-13,-6,-14,-3,-14,0,-16,2,-17,5,-18,8,-19,10,-20,11,-21,12,-21,13,-22,12,-21,12,-21,10,-19,8,-18,6,-16,3,-14,0]"
CSI_DATA,40925,d8:b1:90:db:e8:90,-40,11,1,7,0,0,1,0,1,0,1,-94,0,4,0,641310391,0,100,0,128,1,"[100,-64,5,0,7,4,7,8,7,12,7,16,6,18,5,21,5,22,5,23,4,23,3,22,3,21,3,19,4,16,5,13,7,10,8,8,10,5,12,3,13,1,15,0,16,0,17,0,17,1,17,2,17,3,4,1,0,0,0,0,0,0,0,0,0,0,0,0,0,0,0,0,0,0,3,-2,12,-6,14,-6,15,-5,16,-5,17,-4,17,-4,16,-4,15,-4,14,-6,12,-7,10,-9,8,-12,6,-14,5,-17,3,-20,2,-22,2,-24,2,-25,2,-25,2,-25,2,-25,3,-23,4,-21,5,-18,6,-14,7,-11]"
CSI_DATA,40926,d8:b1:90:db:e8:90,-40,11,1,7,0,0,1,0,1,0,1,-94,0,4,0,641321515,0,100,0,128,1,"[100,-64,5,0,-11,5,-15,2,-20,-2,-23,-5,-26,-8,-27,-10,-28,-11,-29,-12,-29,-12,-28,-12,-26,-10,-24,-9,-21,-6,-18,-4,-15,-1,-13,3,-12,7,-11,11,-10,14,-10,16,-10,18,-10,19,-12,19,-13,19,-15,18,-4,4,0,0,0,0,0,0,0,0,0,0,0,0,0,0,0,0,0,0,-2,4,-5,18,-8,19,-10,20,-11,20,-12,20,-12,20,-12,19,-10,18,-7,17,-4,16,0,16,5,16,9,16,13,17,17,17,20,18,22,19,24,20,25,20,25,20,24,20,21,20,18,19,14,18,10,16,6,15]"
CSI_DATA,40927,d8:b1:90:db:e8:90,-40,11,1,7,0,0,1,0,1,0,1,-94,0,4,0,641337589,0,100,0,128,1,"[100,-64,5,0,11,-2,13,2,16,6,17,10,18,13,18,15,19,17,19,18,19,18,18,17,17,16,16,14,15,11,14,8,13,5,13,1,13,-2,13,-5,13,-8,14,-10,14,-11,15,-11,16,-11,17,-10,17,-9,4,-3,0,0,0,0,0,0,0,0,0,0,0,0,0,0,0,0,0,0,2,-4,9,-14,11,-14,13,-14,15,-14,16,-13,16,-12,15,-12,13,-12,11,-13,8,-14,5,-15,2,-16,-1,-18,-4,-20,-6,-22,-8,-24,-10,-25,-11,-26,-11,-27,-10,-27,-9,-26,-8,-25,-6,-23,-4,-21,-1,-18,1,-15]"
CSI_DATA,40928,d8:b1:90:db:e8:90,-40,11,1,7,0,0,1,0,1,0,1,-94,0,4,0,641348911,0,100,0,128,1,"[100,-64,5,0,4,-12,9,-11,13,-11,17,-11,20,-10,22,-9,23,-9,24,-8,24,-8,23,-8,21,-8,19,-8,17,-8,14,-9,11,-10,8,-11,5,-12,2,-14,1,-15,-1,-17,-2,-18,-2,-19,-1,-19,0,-19,2,-19,0,-5,0,0,0,0,0,0,0,0,0,0,0,0,0,0,0,0,0,0,-2,-4,-6,-15,-5,-17,-4,-19,-3,-20,-2,-20,-2,-20,-2,-19,-3,-18,-5,-17,-7,-15,-9,-13,-12,-12,-15,-10,-18,-9,-21,-8,-23,-8,-25,-8,-26,-7,-27,-7,-27,-7,-26,-8,-24,-8,-22,-9,-19,-9,-15,-10,-11,-11]"
CSI_DATA,40929,d8:b1:90:db:e8:90,-41,11,1,7,0,0,1,0,1,0,1,-94,0,4,0,641359168,0,100,0,128,1,"[100,-64,5,0,-11,11,-17,9,-22,7,-27,5,-31,2,-34,1,-35,-1,-36,-2,-36,-2,-34,-2,-32,-2,-29,0,-26,2,-23,4,-19,6,-15,9,-12,13,-9,16,-8,19,-6,21,-6,23,-6,24,-7,25,-9,25,-11,24,-3,5,0,0,0,0,0,0,0,0,0,0,0,0,0,0,0,0,0,0,0,5,0,21,-2,23,-4,24,-6,25,-7,26,-7,25,-7,24,-5,23,-2,22,1,21,5,19,10,18,15,17,19,17,24,17,27,17,30,17,32,17,33,18,32,18,31,18,29,18,25,18,20,18,15,18,10,17]"
CSI_DATA,40930,d8:b1:90:db:e8:90,-40,11,1,7,0,0,1,0,1,0,1,-94,0,4,0,641390336,0,100,0,128,1,"[100,-64,5,0,-9,-5,-8,-9,-8,-13,-7,-17,-6,-20,-6,-22,-5,-23,-5,-24,-4,-24,-4,-23,-4,-22,-5,-20,-5,-17,-6,-15,-7,-12,-8,-10,-10,-7,-12,-5,-14,-4,-16,-3,-17,-3,-18,-3,-18,-3,-18,-4,-17,-6,-5,-2,0,0,0,0,0,0,0,0,0,0,0,0,0,0,0,0,0,0,-4,1,-13,6,-15,5,-16,5,-17,4,-18,3,-18,3,-17,3,-16,4,-15,5,-13,7,-11,9,-9,11,-7,14,-6,17,-6,19,-5,21,-4,23,-4,24,-4,24,-4,24,-5,24,-6,22,-6,20,-7,17,-8,13,-9,10]"
CSI_DATA,40931,d8:b1:90:db:e8:90,-40,11,1,7,0,0,1,0,1,0,1,-94,0,4,0,641401029,0,100,0,128,1,"[100,-64,5,0,-10,-1,-12,-5,-13,-10,-14,-13,-15,-17,-15,-19,-15,-21,-15,-22,-14,-22,-14,-21,-14,-20,-13,-18,-13,-15,-12,-13,-12,-10,-12,-6,-13,-3,-14,0,-15,2,-16,3,-17,4,-18,4,-19,4,-19,3,-19,1,-5,0,0,0,0,0,0,0,0,0,0,0,0,0,0,0,0,0,0,0,-2,3,-9,12,-11,13,-13,13,-15,13,-15,13,-16,12,-15,12,-13,12,-11,12,-8,13,-6,14,-3,16,0,17,3,19,4,21,6,23,7,24,8,25,8,26,8,26,7,25,5,24,4,22,1,19,-1,16,-3,13]"
CSI_DATA,40932,d8:b1:90:db:e8:90,-40,11,1,7,0,0,1,0,1,0,1,-94,0,4,0,641411734,0,100,0,128,1,"[100,-64,5,0,-11,1,-13,-3,-15,-7,-17,-10,-18,-13,-19,-15,-20,-17,-20,-18,-19,-18,-18,-18,-17,-17,-16,-15,-16,-12,-15,-9,-14,-6,-13,-3,-14,1,-14,4,-14,6,-15,8,-16,8,-17,9,-17,9,-18,8,-19,6,-5,1,0,0,0,0,0,0,0,0,0,0,0,0,0,0,0,0,0,0,-2,3,-7,14,-9,15,-11,15,-13,15,-14,15,-14,15,-13,14,-11,14,-9,14,-7,14,-4,15,-1,16,3,17,6,19,8,20,10,21,11,23,13,23,13,24,13,24,12,23,10,22,8,21,5,19,2,16,0,14]"
CSI_DATA,40933,d8:b1:90:db:e8:90,-41,11,1,7,0,0,1,0,1,0,1,-94,0,4,0,641424785,0,100,0,128,1,"[100,-64,5,0,10,5,9,10,9,16,8,20,7,24,6,27,5,29,5,30,4,30,4,29,4,27,4,25,5,21,7,18,8,15,11,12,13,8,15,6,17,4,19,2,20,2,22,3,22,4,22,5,21,6,5,1,0,0,0,0,0,0,0,0,0,0,0,0,0,0,0,0,0,0,3,-3,15,-11,17,-10,20,-9,22,-8,22,-7,22,-7,21,-7,20,-8,18,-9,15,-11,12,-14,10,-17,8,-20,6,-23,5,-27,3,-30,3,-32,2,-33,3,-34,3,-33,4,-32,5,-30,6,-27,7,-23,8,-18,9,-14]"
CSI_DATA,40934,d8:b1:90:db:e8:90,-40,11,1,7,0,0,1,0,1,0,1,-94,0,4,0,641440170,0,100,0,128,1,"[100,-64,5,0,8,8,6,13,4,17,2,20,1,23,-1,26,-2,27,-3,27,-4,27,-4,26,-3,24,-2,22,-1,20,1,17,4,14,6,12,9,9,12,7,14,6,16,5,18,5,19,6,19,7,18,8,18,9,4,2,0,0,0,0,0,0,0,0,0,0,0,0,0,0,0,0,0,0,4,-1,17,-1,18,1,19,3,20,4,20,5,20,5,20,4,19,3,17,1,16,-2,15,-5,15,-9,15,-12,14,-16,14,-19,14,-22,15,-24,15,-25,15,-26,15,-26,15,-25,15,-23,15,-20,15,-16,15,-12,14,-8]"
CSI_DATA,40935,d8:b1:90:db:e8:90,-40,11,1,7,0,0,1,0,1,0,1,-94,0,4,0,641453895,0,100,0,128,1,"[100,-64,5,0,9,-2,11,2,13,5,14,8,15,11,16,13,16,15,16,15,16,15,16,15,15,14,14,12,13,10,12,7,11,4,11,1,11,-2,11,-4,11,-6,12,-8,13,-9,13,-9,14,-9,15,-8,15,-7,3,-2,0,0,0,0,0,0,0,0,0,0,0,0,0,0,0,0,0,0,1,-3,7,-12,9,-12,11,-12,12,-12,13,-12,13,-12,12,-12,11,-12,9,-12,7,-12,4,-13,2,-15,-1,-16,-4,-18,-6,-19,-8,-21,-9,-22,-10,-23,-10,-23,-9,-23,-9,-23,-7,-22,-6,-21,-3,-19,-1,-16,1,-14]"
CSI_DATA,40936,d8:b1:90:db:e8:90,-40,11,1,7,0,0,1,0,1,0,1,-94,0,4,0,641465053,0,100,0,128,1,"[100,-64,5,0,-11,-5,-11,-10,-11,-15,-11,-19,-10,-22,-10,-25,-9,-27,-9,-28,-8,-28,-8,-27,-8,-26,-8,-23,-8,-21,-9,-17,-10,-14,-12,-11,-13,-8,-15,-5,-17,-4,-19,-2,-20,-2,-21,-2,-22,-3,-21,-4,-21,-5,-5,-2,0,0,0,0,0,0,0,0,0,0,0,0,0,0,0,0,0,0,-4,2,-15,9,-17,9,-19,8,-20,8,-21,7,-21,7,-20,7,-19,8,-17,9,-15,11,-13,13,-11,16,-8,18,-7,21,-5,24,-4,26,-3,28,-3,29,-3,30,-3,30,-4,29,-5,27,-6,25,-7,21,-8,17,-9,13]"
CSI_DATA,40937,d8:b1:90:db:e8:90,-40,11,1,7,0,0,1,0,1,0,1,-94,0,4,0,641479965,0,100,0,128,1,"[100,-64,5,0,4,-13,9,-13,14,-12,18,-12,21,-11,24,-11,25,-10,26,-10,26,-9,25,-9,23,-9,21,-9,18,-9,15,-9,12,-11,8,-12,5,-14,2,-15,0,-17,-1,-19,-2,-20,-3,-21,-2,-21,0,-21,1,-21,0,-6,0,0,0,0,0,0,0,0,0,0,0,0,0,0,0,0,0,0,-2,-4,-7,-16,-6,-18,-5,-20,-4,-21,-3,-22,-3,-22,-3,-21,-4,-20,-6,-18,-8,-16,-11,-14,-14,-12,-18,-11,-21,-9,-23,-8,-26,-8,-28,-7,-29,-7,-30,-7,-30,-7,-29,-8,-27,-8,-24,-9,-21,-9,-17,-10,-13,-11]"
CSI_DATA,40938,d8:b1:90:db:e8:90,-40,11,1,7,0,0,1,0,1,0,1,-94,0,4,0,641498353,0,100,0,128,1,"[100,-64,5,0,-2,-8,2,-11,6,-13,9,-15,12,-16,14,-17,16,-17,17,-17,17,-17,17,-16,16,-16,15,-15,13,-15,11,-14,8,-14,5,-14,3,-14,1,-15,-1,-16,-2,-17,-3,-18,-3,-18,-2,-18,-1,-18,1,-18,0,-5,0,0,0,0,0,0,0,0,0,0,0,0,0,0,0,0,0,0,-4,0,-15,0,-16,-1,-17,-2,-18,-3,-19,-4,-19,-4,-19,-4,-19,-3,-18,-2,-18,0,-17,2,-17,4,-18,7,-19,10,-19,12,-20,13,-20,14,-21,15,-21,15,-21,15,-20,14,-20,12,-19,10,-17,7,-15,4,-13,2]"
CSI_DATA,40939,d8:b1:90:db:e8:90,-40,11,1,7,0,0,1,0,1,0,1,-94,0,4,0,641514335,0,100,0,128,1,"[100,-64,5,0,-11,-2,-12,-7,-13,-12,-13,-16,-13,-19,-13,-21,-13,-23,-12,-24,-12,-24,-12,-23,-11,-22,-11,-20,-11,-17,-11,-14,-11,-11,-12,-8,-13,-5,-15,-2,-16,0,-17,1,-19,2,-19,2,-20,1,-20,0,-20,-1,-5,-1,0,0,0,0,0,0,0,0,0,0,0,0,0,0,0,0,0,0,-3,2,-12,11,-14,11,-16,10,-17,10,-18,9,-18,9,-18,9,-16,10,-15,11,-12,12,-10,13,-7,15,-5,18,-3,20,-1,22,0,24,1,26,2,27,2,27,2,27,1,26,0,25,-1,23,-3,20,-5,16,-6,13]"
CSI_DATA,40940,d8:b1:90:db:e8:90,-40,11,1,7,0,0,1,0,1,0,1,-94,0,4,0,641532296,0,100,0,128,1,"[100,-64,5,0,10,1,11,6,12,10,13,14,13,18,13,20,12,22,12,23,12,23,11,22,10,21,10,19,10,16,10,13,11,10,11,7,12,4,14,1,15,-1,16,-2,17,-3,18,-3,19,-2,19,-1,19,0,4,0,0,0,0,0,0,0,0,0,0,0,0,0,0,0,0,0,0,0,2,-3,10,-12,12,-12,14,-12,15,-12,16,-12,16,-12,16,-12,15,-12,13,-13,10,-14,8,-15,5,-17,3,-19,1,-21,-1,-23,-2,-25,-3,-27,-4,-28,-4,-28,-4,-28,-3,-27,-2,-26,-1,-24,1,-21,3,-18,5,-15]"
CSI_DATA,40941,d8:b1:90:db:e8:90,-40,11,1,7,0,0,1,0,1,0,1,-94,0,4,0,641543841,0,100,0,128,1,"[100,-64,5,0,-10,-7,-9,-12,-8,-17,-7,-21,-5,-24,-3,-27,-3,-28,-2,-29,-1,-29,-1,-28,-1,-27,-2,-24,-3,-22,-5,-19,-7,-15,-9,-13,-11,-10,-14,-9,-16,-7,-18,-7,-20,-7,-21,-7,-21,-8,-20,-9,-19,-10,-5,-3,0,0,0,0,0,0,0,0,0,0,0,0,0,0,0,0,0,0,-4,1,-17,6,-18,5,-20,4,-22,3,-22,2,-22,2,-22,2,-21,3,-19,5,-18,7,-16,9,-14,12,-13,15,-12,19,-11,22,-10,24,-10,26,-10,28,-11,28,-11,28,-11,27,-11,25,-12,22,-12,19,-12,14,-12,10]"
CSI_DATA,40942,d8:b1:90:db:e8:90,-40,11,1,7,0,0,1,0,1,0,1,-94,0,4,0,641555492,0,100,0,128,1,"[100,-64,5,0,12,2,12,7,12,12,12,16,12,18,13,21,12,22,12,22,12,22,10,22,10,20,10,18,9,15,10,11,10,8,11,4,12,1,13,-2,13,-4,15,-6,16,-7,17,-8,18,-7,18,-6,18,-6,4,-2,0,0,0,0,0,0,0,0,0,0,0,0,0,0,0,0,0,0,3,-2,15,-4,16,-3,18,-2,19,-1,19,0,19,-1,18,-1,17,-2,15,-3,14,-6,12,-8,11,-11,9,-14,8,-17,6,-21,6,-23,5,-25,5,-27,5,-27,5,-27,5,-27,6,-25,6,-23,7,-20,9,-16,9,-12]"
CSI_DATA,40943,d8:b1:90:db:e8:90,-40,11,1,7,0,0,1,0,1,0,1,-94,0,4,0,641570899,0,100,0,128,1,"[100,-64,5,0,-5,11,-10,12,-15,12,-19,11,-22,11,-25,10,-27,10,-28,9,-28,8,-27,8,-25,8,-22,8,-19,8,-16,8,-12,9,-8,11,-5,12,-2,14,0,16,1,17,2,19,2,20,2,21,0,21,-2,20,-1,5,0,0,0,0,0,0,0,0,0,0,0,0,0,0,0,0,0,0,1,3,6,15,5,17,4,19,2,20,2,21,2,21,3,20,4,18,5,17,7,15,9,13,13,11,16,9,19,8,22,6,24,5,26,5,28,4,29,4,29,4,28,4,26,5,24,6,20,8,16,9,13,10]"
CSI_DATA,40944,d8:b1:90:db:e8:90,-40,11,1,7,0,0,1,0,1,0,1,-94,0,4,0,641593743,0,100,0,128,1,"[100,-64,5,0,-11,-3,-11,-7,-11,-11,-11,-15,-11,-17,-11,-20,-11,-22,-10,-22,-10,-22,-9,-21,-9,-20,-9,-18,-9,-16,-9,-12,-9,-9,-10,-6,-11,-4,-13,-1,-14,1,-15,2,-16,2,-17,2,-18,2,-18,1,-18,0,-5,-1,0,0,0,0,0,0,0,0,0,0,0,0,0,0,0,0,0,0,-3,1,-12,7,-14,7,-15,6,-16,5,-17,5,-17,5,-16,5,-15,6,-14,7,-12,8,-10,9,-8,12,-6,14,-5,16,-3,19,-2,21,-2,22,-1,23,-1,24,-1,24,-1,23,-2,22,-3,20,-4,17,-6,14,-7,12]"
CSI_DATA,40945,d8:b1:90:db:e8:90,-40,11,1,7,0,0,1,0,1,0,1,-94,0,4,0,641605601,0,100,0,128,1,"[100,-64,5,0,-6,-10,-3,-14,0,-17,3,-20,5,-22,7,-24,8,-25,9,-25,9,-25,9,-24,9,-23,7,-21,5,-19,2,-17,0,-16,-3,-14,-6,-13,-9,-12,-11,-12,-13,-12,-15,-12,-15,-13,-15,-14,-14,-15,-13,-15,-3,-4,0,0,0,0,0,0,0,0,0,0,0,0,0,0,0,0,0,0,-4,-1,-16,-2,-17,-3,-19,-5,-19,-6,-20,-7,-20,-7,-19,-6,-19,-5,-18,-4,-18,-1,-17,2,-17,5,-17,8,-18,11,-18,14,-18,16,-19,18,-19,19,-20,20,-20,20,-20,19,-19,17,-19,14,-18,11,-16,7,-14,4]"
CSI_DATA,40946,d8:b1:90:db:e8:90,-40,11,1,7,0,0,1,0,1,0,1,-94,0,4,0,641616491,0,100,0,128,1,"[100,-64,5,0,11,3,11,8,12,13,11,16,11,19,10,21,10,23,9,24,9,24,9,23,8,21,8,19,8,16,8,13,9,9,10,6,12,3,13,0,14,-3,15,-4,17,-5,18,-5,18,-5,19,-4,19,-3,4,-1,0,0,0,0,0,0,0,0,0,0,0,0,0,0,0,0,0,0,3,-1,14,-4,16,-3,17,-2,18,-1,19,0,19,0,18,0,17,-1,16,-3,14,-5,13,-8,11,-11,10,-14,9,-17,8,-20,7,-23,6,-25,6,-26,6,-27,6,-27,7,-26,7,-25,7,-22,8,-19,9,-15,10,-12]"
CSI_DATA,40947,d8:b1:90:db:e8:90,-40,11,1,7,0,0,1,0,1,0,1,-94,0,4,0,641631156,0,100,0,128,1,"[100,-64,5,0,-11,4,-15,1,-18,-3,-21,-6,-24,-9,-25,-12,-26,-13,-26,-15,-26,-16,-25,-16,-24,-14,-22,-12,-21,-10,-19,-7,-17,-3,-16,0,-15,4,-15,7,-15,10,-16,12,-16,12,-17,13,-18,12,-19,11,-20,10,-5,2,0,0,0,0,0,0,0,0,0,0,0,0,0,0,0,0,0,0,0,4,1,17,-1,19,-3,20,-4,21,-5,22,-5,22,-5,21,-4,21,-2,20,0,19,3,18,7,17,11,17,14,17,18,17,20,17,22,18,24,18,25,19,24,19,23,19,21,19,18,18,14,17,9,16,6,14]"
CSI_DATA,40948,d8:b1:90:db:e8:90,-40,11,1,7,0,0,1,0,1,0,1,-94,0,4,0,641642351,0,100,0,128,1,"[100,-64,5,0,0,12,-4,14,-9,16,-13,18,-16,19,-19,19,-21,20,-22,20,-23,19,-22,18,-21,17,-18,16,-15,16,-12,15,-8,14,-4,14,-1,15,2,15,5,16,7,17,8,18,8,19,8,19,6,20,5,20,1,5,0,0,0,0,0,0,0,0,0,0,0,0,0,0,0,0,0,0,3,1,15,8,15,10,15,12,15,14,15,15,15,16,15,15,15,13,16,11,16,9,17,6,18,3,20,0,22,-4,24,-7,25,-9,27,-10,28,-11,29,-11,29,-11,28,-10,27,-9,25,-6,22,-3,19,0,16,2]"
CSI_DATA,40949,d8:b1:90:db:e8:90,-40,11,1,7,0,0,1,0,1,0,1,-94,0,4,0,641657561,0,100,0,128,1,"[100,-64,5,0,9,-5,12,-2,15,1,17,4,18,6,19,8,20,9,20,10,20,10,19,10,18,9,17,8,15,6,14,3,12,0,11,-2,10,-5,9,-8,9,-11,9,-12,9,-13,10,-14,11,-14,12,-13,12,-12,3,-3,0,0,0,0,0,0,0,0,0,0,0,0,0,0,0,0,0,0,1,-4,5,-13,6,-14,8,-14,9,-15,10,-14,10,-14,10,-14,9,-14,7,-14,4,-14,2,-14,-1,-15,-4,-15,-7,-16,-10,-17,-12,-19,-14,-19,-15,-20,-15,-20,-15,-20,-14,-20,-12,-20,-10,-19,-7,-17,-4,-15,-2,-14]"
CSI_DATA,40950,d8:b1:90:db:e8:90,-40,11,1,7,0,0,1,0,1,0,1,-94,0,4,0,641672544,0,100,0,128,1,"[100,-64,5,0,6,-10,11,-9,16,-8,21,-7,24,-5,26,-4,28,-3,29,-2,29,-2,28,-1,26,-2,23,-3,21,-4,18,-5,14,-7,11,-10,9,-12,6,-15,5,-17,4,-19,3,-21,3,-21,4,-22,6,-22,7,-21,2,-5,0,0,0,0,0,0,0,0,0,0,0,0,0,0,0,0,0,0,-2,-4,-7,-17,-5,-19,-4,-21,-3,-22,-2,-23,-2,-23,-2,-22,-3,-21,-4,-19,-7,-18,-9,-16,-13,-14,-17,-12,-20,-11,-23,-10,-26,-10,-28,-9,-30,-9,-31,-9,-31,-10,-30,-10,-28,-10,-25,-11,-21,-11,-16,-12,-12,-12]"
CSI_DATA,40951,d8:b1:90:db:e8:90,-39,11,1,7,0,0,1,0,1,0,1,-94,0,4,0,641703172,0,100,0,128,1,"[100,-64,5,0,6,2,7,6,8,9,8,13,9,16,9,17,8,19,8,20,8,21,7,20,7,20,7,18,7,17,8,15,9,13,10,11,11,10,12,8,14,7,15,6,15,6,15,7,15,7,14,8,13,9,3,2,0,0,0,0,0,0,0,0,0,0,0,0,0,0,0,0,0,0,-1,-4,-1,-13,0,-15,1,-16,2,-17,3,-18,4,-18,3,-18,3,-18,2,-18,0,-18,-1,-18,-3,-18,-6,-19,-8,-20,-9,-20,-10,-21,-11,-22,-12,-22,-12,-22,-12,-22,-10,-21,-9,-20,-7,-19,-5,-17,-2,-14,0,-11]"
CSI_DATA,40952,d8:b1:90:db:e8:90,-40,11,1,7,0,0,1,0,1,0,1,-94,0,4,0,641716135,0,100,0,128,1,"[100,-64,5,0,11,-5,14,-2,16,1,19,4,21,6,22,8,22,9,22,10,22,10,21,10,20,10,19,8,17,6,16,3,15,1,14,-2,13,-5,12,-8,12,-10,12,-12,12,-13,13,-13,13,-13,14,-12,15,-11,3,-3,0,0,0,0,0,0,0,0,0,0,0,0,0,0,0,0,0,0,0,-4,4,-15,5,-16,7,-17,9,-17,10,-17,10,-17,10,-17,8,-17,6,-17,4,-17,1,-17,-1,-18,-4,-19,-7,-20,-10,-21,-12,-22,-13,-22,-15,-23,-15,-24,-15,-24,-14,-23,-12,-23,-10,-21,-7,-20,-3,-18,-1,-16]"
CSI_DATA,40953,d8:b1:90:db:e8:90,-40,11,1,7,0,0,1,0,1,0,1,-94,0,4,0,641732181,0,100,0,128,1,"[100,-64,5,0,1,13,-4,15,-8,17,-12,18,-16,19,-18,20,-20,20,-21,20,-21,19,-20,19,-18,18,-16,17,-13,16,-10,15,-6,14,-3,14,1,14,4,14,7,15,9,15,10,16,11,17,11,17,10,18,8,18,1,4,0,0,0,0,0,0,0,0,0,0,0,0,0,0,0,0,0,0,3,2,12,12,12,14,11,16,11,18,11,19,11,19,10,18,11,16,12,14,13,12,14,9,17,5,19,2,21,0,24,-3,26,-4,27,-6,29,-7,30,-7,30,-7,29,-6,27,-5,25,-3,23,-1,19,2,16,4]"
CSI_DATA,40954,d8:b1:90:db:e8:90,-41,11,1,7,0,0,1,0,1,0,1,-94,0,4,0,641745676,0,100,0,128,1,"[100,-64,5,0,-3,11,-9,12,-13,13,-17,13,-20,13,-23,13,-24,12,-25,12,-25,11,-24,10,-23,10,-20,10,-17,10,-14,10,-10,11,-6,12,-3,13,0,14,2,15,4,17,5,18,5,19,4,19,3,20,1,20,0,5,0,0,0,0,0,0,0,0,0,0,0,0,0,0,0,0,0,0,2,3,8,14,7,16,6,18,5,19,5,20,5,19,6,19,6,17,7,16,9,14,11,11,14,9,17,7,20,4,23,3,25,2,27,1,28,0,29,0,29,0,28,0,27,2,24,3,21,4,17,6,14,7]"
CSI_DATA,40955,d8:b1:90:db:e8:90,-40,11,1,7,0,0,1,0,1,0,1,-94,0,4,0,641758823,0,100,0,128,1,"[100,-64,5,0,-9,-5,-9,-9,-8,-13,-7,-17,-7,-19,-6,-21,-5,-23,-5,-23,-5,-23,-5,-22,-5,-21,-5,-19,-6,-16,-6,-14,-7,-11,-9,-8,-10,-6,-12,-4,-14,-2,-15,-1,-16,-1,-17,-1,-18,-1,-17,-2,-17,-3,-5,-1,0,0,0,0,0,0,0,0,0,0,0,0,0,0,0,0,0,0,-4,1,-14,4,-15,3,-16,2,-17,1,-18,0,-18,0,-17,0,-17,1,-15,2,-14,4,-12,6,-11,9,-9,12,-9,15,-8,17,-8,19,-7,21,-7,22,-7,23,-7,23,-8,22,-8,21,-8,19,-9,16,-9,12,-10,9]"
CSI_DATA,40956,d8:b1:90:db:e8:90,-40,11,1,7,0,0,1,0,1,0,1,-94,0,4,0,641772548,0,100,0,128,1,"[100,-64,5,0,-12,-2,-14,-7,-14,-12,-15,-16,-15,-20,-15,-23,-15,-25,-15,-26,-14,-26,-13,-26,-13,-24,-12,-21,-12,-18,-12,-15,-13,-11,-14,-7,-15,-4,-16,-1,-18,1,-19,3,-21,3,-22,3,-23,2,-22,1,-22,0,-6,-1,0,0,0,0,0,0,0,0,0,0,0,0,0,0,0,0,0,0,-3,3,-11,13,-13,14,-15,14,-17,14,-18,14,-19,14,-18,13,-16,13,-14,14,-12,15,-9,16,-5,18,-2,20,1,22,3,24,5,26,6,27,7,29,8,30,7,30,6,29,5,28,3,26,0,23,-3,19,-5,15]"
CSI_DATA,40957,d8:b1:90:db:e8:90,-40,11,1,7,0,0,1,0,1,0,1,-94,0,4,0,641783078,0,100,0,128,1,"[100,-64,5,0,10,4,10,9,10,14,10,19,9,22,9,24,8,26,8,27,7,27,6,25,6,24,6,21,7,18,8,15,9,11,10,8,12,4,14,1,16,-1,18,-2,19,-3,20,-2,21,-1,21,0,21,1,5,0,0,0,0,0,0,0,0,0,0,0,0,0,0,0,0,0,0,0,3,-2,15,-8,17,-7,19,-7,20,-6,21,-5,21,-5,20,-5,19,-6,17,-7,15,-9,12,-11,10,-14,8,-17,6,-20,4,-24,3,-27,2,-29,1,-30,1,-31,1,-31,2,-30,3,-28,4,-26,6,-22,7,-18,8,-14]"
CSI_DATA,40958,d8:b1:90:db:e8:90,-40,11,1,7,0,0,1,0,1,0,1,-94,0,4,0,641797959,0,100,0,128,1,"[100,-64,5,0,6,7,3,12,1,15,-1,19,-3,21,-5,23,-6,24,-7,24,-8,24,-8,23,-7,22,-6,20,-4,18,-2,16,1,14,4,12,7,10,9,9,12,9,14,9,15,9,16,10,15,11,14,12,13,13,3,3,0,0,0,0,0,0,0,0,0,0,0,0,0,0,0,0,0,0,3,-1,15,-3,16,-2,17,0,18,1,19,2,19,2,19,2,18,1,17,0,16,-3,15,-5,14,-8,13,-11,12,-15,12,-18,12,-20,12,-22,13,-24,13,-24,13,-24,13,-23,14,-21,14,-19,13,-15,13,-11,12,-8]"
CSI_DATA,40959,d8:b1:90:db:e8:90,-40,11,1,7,0,0,1,0,1,0,1,-94,0,4,0,641811096,0,100,0,128,1,"[100,-64,5,0,-7,9,-11,8,-16,6,-20,5,-22,4,-25,3,-26,2,-27,2,-27,1,-26,1,-24,1,-22,2,-19,3,-16,4,-13,6,-10,8,-7,10,-5,12,-3,14,-2,16,-2,18,-2,19,-2,19,-4,19,-5,19,-2,4,0,0,0,0,0,0,0,0,0,0,0,0,0,0,0,0,0,0,0,3,2,15,1,17,0,18,-1,19,-2,20,-2,20,-2,19,-1,18,1,17,3,15,6,13,9,12,12,11,16,10,19,9,21,9,24,8,26,8,26,8,26,8,25,8,24,9,21,9,18,10,14,10,10,11]"
CSI_DATA,40960,d8:b1:90:db:e8:90,-40,11,1,7,0,0,1,0,1,0,1,-94,0,4,0,641821449,0,100,0,128,1,"[100,-64,5,0,-12,1,-14,-3,-16,-7,-17,-11,-18,-14,-18,-16,-19,-18,-19,-19,-18,-19,-17,-18,-16,-17,-16,-15,-15,-12,-14,-9,-13,-6,-13,-2,-13,1,-14,4,-14,6,-15,8,-15,9,-16,9,-17,8,-18,7,-18,6,-5,1,0,0,0,0,0,0,0,0,0,0,0,0,0,0,0,0,0,0,-3,2,-11,11,-13,11,-15,11,-16,10,-17,10,-17,10,-16,10,-15,10,-13,11,-11,11,-9,12,-6,14,-3,16,-1,18,2,21,4,22,5,24,6,25,7,25,6,25,5,25,4,24,2,22,0,20,-3,17,-5,14]"
CSI_DATA,40961,d8:b1:90:db:e8:90,-40,11,1,7,0,0,1,0,1,0,1,-94,0,4,0,641831475,0,100,0,128,1,"[100,-64,5,0,15,-1,17,5,19,10,20,14,21,17,21,20,21,22,21,23,21,23,20,22,19,20,18,18,17,15,17,11,16,7,16,3,16,-1,17,-4,18,-7,18,-10,19,-11,20,-11,21,-11,21,-9,22,-8,5,-2,0,0,0,0,0,0,0,0,0,0,0,0,0,0,0,0,0,0,3,-4,14,-13,16,-13,18,-13,20,-12,21,-12,21,-12,21,-12,19,-12,17,-13,14,-15,11,-17,8,-19,5,-22,2,-25,0,-28,-2,-30,-4,-32,-5,-34,-5,-34,-4,-34,-4,-33,-2,-32,-1,-30,2,-26,5,-22,7,-19]"
CSI_DATA,40962,d8:b1:90:db:e8:90,-40,11,1,7,0,0,1,0,1,0,1,-94,0,4,0,641845481,0,100,0,128,1,"[100,-64,5,0,7,10,4,15,1,18,-2,22,-4,25,-6,26,-7,27,-9,28,-9,27,-9,26,-8,25,-7,24,-5,22,-2,20,1,18,4,17,7,15,9,14,11,14,13,14,14,14,15,15,14,16,13,16,12,16,2,4,0,0,0,0,0,0,0,0,0,0,0,0,0,0,0,0,0,0,4,-1,17,-3,18,-1,20,1,21,2,22,3,22,3,22,3,22,2,21,0,20,-2,19,-5,19,-8,19,-11,19,-15,19,-18,19,-20,19,-22,20,-23,20,-24,20,-24,20,-23,20,-20,19,-17,18,-13,17,-9,16,-6]"
CSI_DATA,40963,d8:b1:90:db:e8:90,-41,11,1,7,0,0,1,0,1,0,1,-94,0,4,0,641855627,0,100,0,128,1,"[100,-64,5,0,-8,-12,-5,-17,-2,-21,2,-24,5,-27,8,-29,9,-30,10,-30,10,-30,9,-29,8,-27,6,-25,4,-22,1,-19,-2,-17,-5,-14,-9,-13,-12,-12,-15,-11,-18,-11,-20,-11,-21,-12,-21,-13,-19,-14,-18,-15,-5,-4,0,0,0,0,0,0,0,0,0,0,0,0,0,0,0,0,0,0,-5,-1,-19,-5,-20,-7,-21,-10,-21,-12,-21,-12,-21,-12,-21,-12,-20,-10,-20,-8,-19,-5,-19,-1,-19,3,-19,8,-20,11,-21,15,-22,18,-23,20,-24,22,-24,23,-25,22,-25,21,-24,19,-23,17,-21,13,-19,9,-17,5]"
CSI_DATA,40964,d8:b1:90:db:e8:90,-40,11,1,7,0,0,1,0,1,0,1,-94,0,4,0,641867020,0,100,0,128,1,"[100,-64,5,0,13,5,12,11,12,16,11,20,10,24,9,26,8,28,8,29,7,29,7,28,7,27,7,24,8,21,9,18,10,14,12,11,14,8,16,6,18,4,20,3,21,3,22,3,22,3,21,4,21,6,5,1,0,0,0,0,0,0,0,0,0,0,0,0,0,0,0,0,0,0,3,-3,16,-9,18,-8,20,-7,21,-6,22,-6,22,-5,22,-6,21,-7,20,-8,18,-10,16,-13,14,-16,12,-19,11,-22,9,-25,8,-28,7,-30,8,-32,8,-32,9,-32,9,-31,9,-29,10,-26,11,-22,12,-17,13,-13]"
CSI_DATA,40965,d8:b1:90:db:e8:90,-39,11,1,7,0,0,1,0,1,0,1,-94,0,4,0,641878873,0,100,0,128,1,"[100,-64,5,0,5,8,2,12,0,16,-3,19,-5,22,-7,23,-8,25,-10,25,-10,25,-10,24,-9,23,-8,22,-6,20,-4,18,-1,17,2,16,5,15,7,14,10,14,11,14,12,15,12,16,12,16,10,16,9,17,2,4,0,0,0,0,0,0,0,0,0,0,0,0,0,0,0,0,0,0,3,-2,15,-7,16,-6,18,-5,20,-4,21,-4,21,-3,21,-4,20,-4,19,-6,18,-7,16,-10,15,-12,15,-15,14,-18,13,-21,13,-23,13,-25,13,-26,13,-27,13,-26,14,-25,14,-23,13,-20,13,-16,13,-12,12,-8]"
CSI_DATA,40966,d8:b1:90:db:e8:90,-40,11,1,7,0,0,1,0,1,0,1,-94,0,4,0,641899849,0,100,0,128,1,"[100,-64,5,0,-10,-7,-9,-12,-8,-16,-6,-20,-5,-23,-4,-25,-3,-26,-2,-27,-2,-27,-2,-26,-2,-24,-3,-22,-4,-19,-5,-17,-7,-14,-9,-10,-11,-8,-13,-6,-15,-5,-18,-4,-19,-4,-19,-4,-20,-4,-20,-6,-19,-7,-5,-2,0,0,0,0,0,0,0,0,0,0,0,0,0,0,0,0,0,0,-4,0,-16,3,-18,2,-19,0,-20,-1,-21,-1,-21,-1,-20,-1,-19,0,-18,1,-16,3,-15,6,-13,9,-12,13,-11,16,-11,19,-10,22,-10,23,-10,25,-10,26,-11,26,-11,25,-11,23,-11,21,-12,17,-12,13,-12,9]"
CSI_DATA,40967,d8:b1:90:db:e8:90,-40,11,1,7,0,0,1,0,1,0,1,-94,0,4,0,641911223,0,100,0,128,1,"[100,-64,5,0,2,-10,6,-10,10,-10,14,-10,17,-10,19,-9,20,-9,21,-8,21,-8,20,-8,19,-8,17,-8,15,-9,13,-9,10,-9,8,-10,6,-12,4,-13,2,-15,1,-16,1,-17,1,-17,1,-17,3,-17,4,-17,1,-4,0,0,0,0,0,0,0,0,0,0,0,0,0,0,0,0,0,0,-3,-3,-10,-10,-10,-12,-9,-14,-9,-15,-9,-16,-9,-16,-9,-16,-9,-15,-10,-13,-11,-12,-12,-10,-14,-8,-16,-6,-18,-5,-21,-3,-22,-2,-24,-2,-25,-1,-25,-1,-25,-1,-24,-2,-23,-3,-20,-3,-18,-4,-14,-6,-12,-7]"
CSI_DATA,40968,d8:b1:90:db:e8:90,-40,11,1,7,0,0,1,0,1,0,1,-94,0,4,0,641932828,0,100,0,128,1,"[100,-64,5,0,-2,10,-7,11,-11,12,-14,13,-18,13,-20,13,-21,13,-22,12,-22,12,-22,12,-21,12,-18,11,-16,11,-12,10,-9,11,-6,12,-3,12,0,13,2,14,4,16,5,17,5,17,4,18,3,18,1,18,0,4,0,0,0,0,0,0,0,0,0,0,0,0,0,0,0,0,0,0,2,2,11,10,11,12,11,14,11,15,10,16,10,16,10,16,10,14,11,12,12,10,13,7,15,4,17,1,19,-1,21,-3,23,-5,24,-6,26,-7,26,-7,26,-6,26,-6,24,-5,22,-3,20,-1,16,1,13,3]"
CSI_DATA,40969,d8:b1:90:db:e8:90,-40,11,1,7,0,0,1,0,1,0,1,-94,0,4,0,641946664,0,100,0,128,1,"[100,-64,5,0,12,-1,14,4,16,9,17,13,18,16,18,19,19,21,18,22,18,22,17,21,16,20,15,17,14,14,14,11,13,7,14,3,14,0,15,-4,16,-7,17,-9,18,-10,19,-10,19,-9,20,-8,20,-7,5,-2,0,0,0,0,0,0,0,0,0,0,0,0,0,0,0,0,0,0,2,-4,11,-14,13,-14,15,-14,17,-14,18,-13,18,-13,17,-13,15,-14,13,-14,11,-15,8,-16,4,-18,1,-20,-2,-23,-4,-25,-6,-27,-8,-28,-9,-30,-9,-30,-9,-30,-8,-30,-7,-29,-5,-26,-2,-23,1,-20,3,-17]"
CSI_DATA,40970,d8:b1:90:db:e8:90,-40,11,1,7,0,0,1,0,1,0,1,-94,0,4,0,641957288,0,100,0,128,1,"[100,-64,5,0,-2,14,-8,16,-13,17,-17,18,-21,18,-24,18,-26,18,-27,17,-27,16,-26,16,-24,16,-21,15,-18,14,-14,14,-10,14,-6,15,-2,15,1,16,4,18,7,19,8,20,9,21,8,22,6,22,5,22,1,5,0,0,0,0,0,0,0,0,0,0,0,0,0,0,0,0,0,0,2,3,10,16,9,18,8,20,7,22,7,22,7,22,7,22,8,20,9,18,11,16,14,13,17,10,20,7,23,5,26,3,29,1,31,0,32,-1,33,-1,34,-1,33,0,31,1,28,2,25,5,21,7,17,8]"
CSI_DATA,40971,d8:b1:90:db:e8:90,-40,11,1,7,0,0,1,0,1,0,1,-94,0,4,0,641979354,0,100,0,128,1,"[100,-64,5,0,-6,9,-11,8,-15,7,-19,5,-22,4,-25,3,-26,3,-26,2,-26,1,-25,1,-24,1,-22,2,-19,3,-16,4,-13,5,-10,8,-7,10,-5,12,-4,14,-3,16,-2,17,-2,18,-3,19,-5,19,-6,18,-2,4,0,0,0,0,0,0,0,0,0,0,0,0,0,0,0,0,0,0,1,3,4,15,3,16,2,18,1,19,0,20,0,20,0,19,1,18,2,16,4,14,7,13,10,11,14,9,17,8,20,7,22,7,24,7,26,6,26,7,26,7,26,7,24,8,21,8,18,9,14,9,11,9]"
CSI_DATA,40972,d8:b1:90:db:e8:90,-40,11,1,7,0,0,1,0,1,0,1,-94,0,4,0,642002282,0,100,0,128,1,"[100,-64,5,0,6,7,3,10,1,14,0,16,-2,18,-3,20,-4,21,-5,21,-6,21,-6,20,-5,19,-4,18,-2,16,-1,14,1,13,3,11,6,10,8,9,10,8,12,8,13,8,13,9,13,10,12,10,11,11,2,2,0,0,0,0,0,0,0,0,0,0,0,0,0,0,0,0,0,0,3,-1,13,-2,14,-1,15,0,16,1,16,2,16,2,16,2,15,1,15,0,14,-2,13,-4,13,-7,13,-9,13,-12,13,-15,13,-17,13,-18,13,-19,13,-20,13,-19,13,-19,14,-17,13,-15,13,-12,12,-9,11,-6]"
CSI_DATA,40973,d8:b1:90:db:e8:90,-40,11,1,7,0,0,1,0,1,0,1,-94,0,4,0,642012698,0,100,0,128,1,"[100,-64,5,0,4,-12,8,-12,13,-11,16,-11,19,-10,21,-10,23,-9,24,-9,24,-8,23,-8,21,-8,19,-8,16,-9,13,-9,10,-10,7,-11,4,-13,2,-14,0,-16,-2,-17,-3,-18,-3,-19,-2,-19,-1,-20,1,-19,0,-5,0,0,0,0,0,0,0,0,0,0,0,0,0,0,0,0,0,0,-2,-4,-5,-16,-4,-17,-2,-19,-2,-20,-1,-20,-1,-20,-1,-19,-2,-19,-4,-17,-6,-16,-8,-14,-11,-13,-15,-11,-18,-10,-20,-9,-23,-8,-25,-8,-26,-7,-27,-7,-27,-7,-26,-8,-24,-8,-22,-9,-19,-10,-15,-10,-11,-11]"
CSI_DATA,40974,d8:b1:90:db:e8:90,-40,11,1,7,0,0,1,0,1,0,1,-94,0,4,0,642026339,0,100,0,128,1,"[100,-64,5,0,9,2,10,6,11,11,11,14,11,17,11,20,11,22,10,23,10,23,10,22,9,20,9,18,9,16,9,13,10,10,11,7,12,4,13,1,15,-1,16,-2,18,-2,18,-2,19,-1,19,0,18,1,4,0,0,0,0,0,0,0,0,0,0,0,0,0,0,0,0,0,0,0,2,-3,10,-11,12,-12,14,-12,15,-11,16,-11,16,-11,16,-11,15,-11,13,-12,11,-12,8,-14,6,-16,4,-18,2,-20,0,-23,-2,-25,-3,-26,-4,-27,-4,-28,-4,-27,-3,-27,-1,-25,0,-23,2,-20,4,-17,6,-14]"
CSI_DATA,40975,d8:b1:90:db:e8:90,-40,11,1,7,0,0,1,0,1,0,1,-94,0,4,0,642038727,0,100,0,128,1,"[100,-64,5,0,-4,7,-8,7,-12,7,-15,7,-18,6,-20,5,-22,5,-23,4,-23,4,-22,3,-21,3,-20,4,-18,4,-15,5,-13,6,-11,8,-9,9,-7,11,-6,13,-6,14,-6,15,-6,15,-7,16,-8,15,-9,14,-3,3,0,0,0,0,0,0,0,0,0,0,0,0,0,0,0,0,0,0,2,1,10,7,11,9,10,11,10,13,10,13,10,14,10,13,10,12,11,11,11,9,12,7,14,5,16,3,18,2,20,0,21,-1,22,-2,24,-2,24,-2,24,-2,23,-1,22,0,20,1,17,3,13,4,11,5]"
CSI_DATA,40976,d8:b1:90:db:e8:90,-40,11,1,7,0,0,1,0,1,0,1,-94,0,4,0,642049984,0,100,0,128,1,"[100,-64,5,0,-8,-8,-6,-12,-4,-16,-2,-20,0,-23,1,-25,2,-26,3,-26,3,-26,3,-25,3,-24,2,-22,0,-20,-1,-17,-4,-15,-6,-13,-9,-11,-11,-10,-13,-9,-15,-9,-17,-9,-17,-10,-17,-10,-16,-11,-15,-12,-4,-4,0,0,0,0,0,0,0,0,0,0,0,0,0,0,0,0,0,0,-4,1,-16,3,-18,2,-19,0,-20,-1,-21,-2,-21,-2,-20,-2,-20,-1,-18,1,-17,3,-16,6,-15,9,-14,12,-14,15,-13,18,-13,20,-13,22,-13,23,-14,24,-14,24,-14,23,-14,21,-14,18,-14,15,-13,11,-13,8]"
CSI_DATA,40977,d8:b1:90:db:e8:90,-40,11,1,7,0,0,1,0,1,0,1,-94,0,4,0,642061752,0,100,0,128,1,"[100,-64,5,0,12,-1,14,5,16,10,18,14,19,18,19,21,20,23,20,24,19,25,18,24,17,22,16,20,15,17,15,13,15,8,15,4,16,0,17,-3,18,-6,19,-8,21,-9,22,-8,22,-8,23,-6,23,-5,5,-1,0,0,0,0,0,0,0,0,0,0,0,0,0,0,0,0,0,0,2,-5,10,-17,12,-18,15,-18,17,-17,18,-17,18,-18,17,-17,16,-17,13,-17,10,-18,6,-19,3,-20,-1,-22,-5,-25,-7,-27,-10,-29,-11,-31,-13,-32,-13,-32,-13,-32,-12,-32,-10,-30,-8,-28,-5,-25,-1,-21,2,-19]"
CSI_DATA,40978,d8:b1:90:db:e8:90,-40,11,1,7,0,0,1,0,1,0,1,-94,0,4,0,642080225,0,100,0,128,1,"[100,-64,5,0,-10,-1,-12,-6,-13,-11,-14,-15,-14,-18,-14,-21,-14,-22,-14,-23,-14,-24,-13,-23,-13,-21,-12,-19,-12,-17,-12,-14,-12,-11,-13,-8,-14,-5,-15,-2,-17,0,-18,1,-19,1,-20,1,-20,1,-20,-1,-20,-2,-5,-1,0,0,0,0,0,0,0,0,0,0,0,0,0,0,0,0,0,0,-2,3,-9,13,-11,14,-13,14,-14,14,-15,14,-16,14,-15,13,-14,14,-12,14,-10,15,-7,16,-4,17,-1,18,2,20,4,22,5,24,7,25,7,26,7,27,7,27,7,26,5,25,4,23,1,20,-1,17,-3,14]"
CSI_DATA,40979,d8:b1:90:db:e8:90,-40,11,1,7,0,0,1,0,1,0,1,-94,0,4,0,642104080,0,100,0,128,1,"[100,-64,5,0,-3,-11,1,-14,5,-16,8,-17,10,-18,13,-19,14,-19,15,-20,15,-19,14,-18,13,-18,11,-17,9,-16,6,-14,3,-13,0,-13,-3,-13,-5,-13,-8,-13,-10,-14,-11,-14,-11,-15,-11,-15,-10,-16,-8,-16,-2,-4,0,0,0,0,0,0,0,0,0,0,0,0,0,0,0,0,0,0,-4,-3,-13,-9,-13,-11,-13,-13,-13,-15,-12,-15,-12,-15,-12,-14,-12,-13,-13,-11,-13,-9,-14,-7,-16,-4,-17,-1,-19,1,-21,4,-22,6,-24,7,-25,8,-25,8,-25,8,-25,8,-23,6,-22,4,-20,2,-17,-1,-15,-3]"
CSI_DATA,40980,d8:b1:90:db:e8:90,-40,11,1,7,0,0,1,0,1,0,1,-94,0,4,0,642116888,0,100,0,128,1,"[100,-64,5,0,-7,8,-11,7,-15,6,-19,4,-22,3,-24,2,-26,1,-26,0,-26,-1,-25,-1,-24,-1,-22,0,-19,2,-16,3,-14,5,-11,7,-9,9,-7,12,-6,14,-5,16,-5,17,-5,18,-6,18,-8,17,-9,17,-3,4,0,0,0,0,0,0,0,0,0,0,0,0,0,0,0,0,0,0,1,3,4,14,4,16,2,18,1,19,0,19,0,19,1,19,2,18,3,16,5,15,7,14,10,12,13,11,16,10,19,9,21,8,24,8,25,8,26,8,26,8,25,8,23,8,20,9,17,9,13,10,9,10]"
CSI_DATA,40981,d8:b1:90:db:e8:90,-40,11,1,7,0,0,1,0,1,0,1,-94,0,4,0,642140311,0,100,0,128,1,"[100,-64,5,0,4,9,1,13,-2,17,-5,20,-8,23,-11,24,-12,25,-14,26,-14,26,-14,25,-13,24,-11,22,-9,20,-6,18,-3,17,0,17,3,16,6,16,8,15,10,16,12,17,12,18,12,18,10,19,8,19,2,4,0,0,0,0,0,0,0,0,0,0,0,0,0,0,0,0,0,0,4,-2,17,-5,19,-4,20,-3,22,-1,23,0,23,0,22,0,21,-1,20,-2,19,-5,18,-8,17,-11,17,-14,17,-17,16,-20,16,-23,17,-25,17,-26,17,-27,18,-26,18,-25,18,-22,17,-19,16,-16,15,-11,14,-7]"
CSI_DATA,40982,d8:b1:90:db:e8:90,-41,11,1,7,0,0,1,0,1,0,1,-94,0,4,0,642163341,0,100,0,128,1,"[100,-64,5,0,3,-12,8,-12,12,-12,16,-11,18,-11,21,-10,22,-10,23,-9,23,-9,22,-9,20,-8,18,-8,15,-8,12,-9,9,-10,6,-11,3,-12,0,-14,-1,-15,-3,-16,-4,-17,-4,-18,-3,-19,-2,-19,-1,-19,0,-5,0,0,0,0,0,0,0,0,0,0,0,0,0,0,0,0,0,0,-2,-4,-5,-15,-4,-16,-3,-18,-2,-19,-1,-20,-1,-19,-2,-19,-3,-18,-4,-16,-6,-15,-8,-13,-11,-11,-14,-10,-17,-8,-20,-7,-23,-7,-25,-6,-26,-6,-27,-6,-27,-6,-26,-7,-25,-7,-22,-8,-19,-8,-15,-9,-12,-10]"
CSI_DATA,40983,d8:b1:90:db:e8:90,-40,11,1,7,0,0,1,0,1,0,1,-94,0,4,0,642174329,0,100,0,128,1,"[100,-64,5,0,8,-2,10,2,12,6,13,9,14,12,15,14,15,16,15,17,15,17,15,17,14,16,13,14,13,12,12,10,12,7,13,4,13,1,14,-1,15,-3,15,-4,16,-4,17,-4,17,-3,17,-2,17,-1,4,-1,0,0,0,0,0,0,0,0,0,0,0,0,0,0,0,0,0,0,0,-4,2,-14,4,-15,6,-16,7,-16,8,-16,8,-16,8,-17,7,-17,6,-16,3,-16,1,-16,-1,-17,-4,-18,-6,-19,-8,-20,-10,-21,-11,-22,-12,-22,-12,-22,-12,-22,-11,-22,-10,-21,-8,-20,-5,-18,-2,-15,0,-13]"
CSI_DATA,40984,d8:b1:90:db:e8:90,-40,11,1,7,0,0,1,0,1,0,1,-94,0,4,0,642186861,0,100,0,128,1,"[100,-64,5,0,-12,4,-16,0,-19,-4,-21,-7,-24,-9,-25,-12,-26,-14,-26,-15,-25,-16,-24,-15,-23,-14,-21,-12,-20,-9,-18,-6,-16,-3,-15,1,-14,4,-14,8,-13,11,-14,13,-15,14,-16,14,-17,14,-18,13,-18,11,-5,2,0,0,0,0,0,0,0,0,0,0,0,0,0,0,0,0,0,0,-2,4,-7,16,-8,17,-11,18,-12,18,-13,18,-13,18,-12,18,-11,17,-9,17,-6,17,-3,17,0,17,4,18,8,20,11,21,14,22,16,23,18,24,18,24,18,24,17,24,16,23,12,22,8,21,4,18,1,16]"
CSI_DATA,40985,d8:b1:90:db:e8:90,-40,11,1,7,0,0,1,0,1,0,1,-94,0,4,0,642197386,0,100,0,128,1,"[100,-64,5,0,9,-4,12,-1,15,3,17,6,19,8,20,10,21,12,21,13,21,14,20,13,19,12,18,11,17,9,15,6,14,3,14,0,13,-3,14,-6,14,-8,14,-10,15,-10,15,-10,16,-10,17,-9,17,-8,4,-2,0,0,0,0,0,0,0,0,0,0,0,0,0,0,0,0,0,0,0,-4,1,-16,3,-17,4,-18,6,-19,6,-19,7,-19,7,-19,6,-19,4,-18,2,-18,-1,-18,-4,-18,-7,-18,-10,-19,-13,-19,-15,-20,-16,-21,-18,-21,-18,-22,-17,-22,-17,-21,-15,-21,-13,-20,-10,-18,-6,-16,-3,-15]"
CSI_DATA,40986,d8:b1:90:db:e8:90,-40,11,1,7,0,0,1,0,1,0,1,-94,0,4,0,642217198,0,100,0,128,1,"[100,-64,5,0,9,10,6,15,3,20,1,24,-2,28,-4,30,-5,32,-6,32,-6,32,-6,31,-5,29,-4,26,-2,23,0,20,3,17,7,14,11,11,14,10,17,8,20,8,21,8,22,8,23,9,22,11,21,12,5,3,0,0,0,0,0,0,0,0,0,0,0,0,0,0,0,0,0,0,4,0,20,0,21,2,23,5,23,6,24,7,24,8,23,7,22,6,21,3,20,0,19,-4,18,-8,18,-13,18,-17,18,-21,18,-24,19,-27,19,-29,20,-29,20,-29,20,-28,20,-26,19,-23,19,-19,18,-14,17,-10]"
CSI_DATA,40987,d8:b1:90:db:e8:90,-40,11,1,7,0,0,1,0,1,0,1,-94,0,4,0,642230190,0,100,0,128,1,"[100,-64,5,0,1,7,-2,11,-6,13,-9,15,-12,17,-15,18,-16,18,-17,18,-18,18,-17,18,-16,17,-15,16,-13,15,-10,14,-6,13,-3,13,0,13,2,14,4,14,6,15,7,16,7,17,7,17,5,18,3,18,0,4,0,0,0,0,0,0,0,0,0,0,0,0,0,0,0,0,0,0,3,-1,15,-2,16,-1,18,1,19,2,20,3,19,4,19,4,18,3,17,1,16,-1,16,-4,15,-7,15,-10,15,-13,16,-16,16,-18,17,-20,17,-21,18,-21,18,-20,18,-19,17,-18,16,-15,15,-12,13,-8,12,-5]"
CSI_DATA,40988,d8:b1:90:db:e8:90,-40,11,1,7,0,0,1,0,1,0,1,-94,0,4,0,642240373,0,100,0,128,1,"[100,-64,5,0,8,10,6,15,3,21,0,25,-2,29,-4,32,-6,34,-7,34,-8,34,-8,33,-7,31,-6,29,-4,26,-1,23,3,20,6,18,10,15,14,14,17,13,19,13,21,13,22,14,22,15,20,16,18,18,4,4,0,0,0,0,0,0,0,0,0,0,0,0,0,0,0,0,0,0,4,-2,20,-7,22,-5,24,-4,26,-2,27,-1,27,-1,27,-1,25,-3,24,-4,22,-7,20,-10,18,-14,17,-19,16,-23,16,-27,15,-30,15,-33,15,-34,15,-35,16,-35,16,-33,16,-31,16,-27,16,-22,16,-17,15,-12]"
CSI_DATA,40989,d8:b1:90:db:e8:90,-40,11,1,7,0,0,1,0,1,0,1,-94,0,4,0,642257406,0,100,0,128,1,"[100,-64,5,0,8,7,6,12,5,16,3,20,1,22,0,24,-1,26,-1,26,-2,26,-1,25,-1,24,-1,21,1,19,2,16,4,13,7,10,10,8,12,6,14,5,16,5,17,4,18,4,19,5,18,6,18,7,4,2,0,0,0,0,0,0,0,0,0,0,0,0,0,0,0,0,0,0,3,-1,16,-2,17,-1,18,1,19,2,20,3,20,3,19,3,18,2,17,0,16,-3,14,-6,13,-9,13,-12,12,-16,12,-19,12,-21,12,-23,12,-25,12,-26,13,-26,13,-25,13,-23,13,-20,13,-17,12,-13,12,-10]"
CSI_DATA,40990,d8:b1:90:db:e8:90,-40,11,1,7,0,0,1,0,1,0,1,-94,0,4,0,642268927,0,100,0,128,1,"[100,-64,5,0,-10,1,-13,-2,-15,-6,-16,-9,-17,-12,-17,-14,-18,-15,-18,-16,-18,-16,-17,-16,-16,-15,-16,-13,-14,-11,-13,-8,-12,-5,-12,-1,-12,2,-12,4,-12,7,-13,8,-14,9,-14,9,-15,9,-16,8,-16,8,-4,1,0,0,0,0,0,0,0,0,0,0,0,0,0,0,0,0,0,0,-2,2,-8,11,-10,11,-12,11,-13,11,-14,11,-14,11,-14,11,-12,11,-11,11,-8,11,-6,12,-3,14,0,15,2,17,5,18,6,19,8,21,9,22,9,22,9,22,8,22,7,21,5,19,3,17,0,15,-2,13]"
CSI_DATA,40991,d8:b1:90:db:e8:90,-40,11,1,7,0,0,1,0,1,0,1,-94,0,4,0,642287439,0,100,0,128,1,"[100,-64,5,0,-10,7,-15,5,-19,3,-22,0,-25,-2,-27,-4,-28,-5,-29,-6,-29,-7,-28,-7,-26,-6,-24,-5,-22,-3,-20,0,-17,2,-15,5,-13,8,-12,11,-11,14,-11,16,-11,17,-12,17,-13,17,-14,17,-15,15,-4,3,0,0,0,0,0,0,0,0,0,0,0,0,0,0,0,0,0,0,0,4,2,17,1,18,0,20,-1,21,-2,22,-3,22,-2,21,-1,20,0,19,3,18,5,17,8,16,12,15,16,14,19,14,22,15,24,15,26,15,26,15,26,15,25,15,23,15,20,15,16,15,11,15,8,14]"
CSI_DATA,40992,d8:b1:90:db:e8:90,-40,11,1,7,0,0,1,0,1,0,1,-94,0,4,0,642321141,0,100,0,128,1,"[100,-64,5,0,4,-10,9,-10,13,-9,17,-8,20,-7,23,-6,24,-5,25,-4,25,-4,24,-4,22,-5,20,-5,18,-5,15,-6,12,-8,9,-9,7,-11,5,-13,4,-15,3,-17,2,-18,2,-19,3,-19,5,-19,6,-18,1,-5,0,0,0,0,0,0,0,0,0,0,0,0,0,0,0,0,0,0,-2,-4,-7,-14,-7,-16,-6,-18,-5,-19,-5,-20,-4,-20,-4,-19,-5,-18,-6,-17,-8,-15,-10,-13,-13,-12,-16,-10,-19,-9,-21,-8,-23,-7,-25,-7,-26,-6,-27,-6,-27,-6,-26,-7,-24,-7,-22,-8,-19,-9,-15,-10,-11,-10]"
CSI_DATA,40993,d8:b1:90:db:e8:90,-40,11,1,7,0,0,1,0,1,0,1,-94,0,4,0,642334406,0,100,0,128,1,"[100,-64,5,0,7,-1,9,3,10,6,11,9,12,11,13,13,13,14,13,15,13,16,12,16,11,15,10,13,10,11,10,9,10,7,11,4,11,2,12,0,13,-2,13,-3,14,-3,15,-3,15,-2,15,-1,15,0,3,0,0,0,0,0,0,0,0,0,0,0,0,0,0,0,0,0,0,0,0,-3,4,-12,5,-12,6,-13,8,-13,8,-13,9,-13,8,-14,7,-14,6,-14,5,-14,3,-14,1,-15,-1,-16,-3,-17,-5,-18,-7,-19,-8,-20,-9,-20,-9,-20,-9,-20,-8,-20,-7,-19,-5,-18,-3,-16,-1,-14,1,-12]"
CSI_DATA,40994,d8:b1:90:db:e8:90,-40,11,1,7,0,0,1,0,1,0,1,-94,0,4,0,642348485,0,100,0,128,1,"[100,-64,5,0,1,-11,6,-12,11,-12,15,-13,18,-13,21,-13,22,-12,23,-12,24,-12,23,-11,21,-11,19,-11,17,-11,14,-11,10,-12,7,-13,5,-14,2,-15,0,-17,-1,-18,-2,-20,-2,-20,-1,-20,1,-20,2,-20,0,-5,0,0,0,0,0,0,0,0,0,0,0,0,0,0,0,0,0,0,-4,-3,-13,-10,-13,-12,-13,-14,-13,-16,-13,-17,-13,-17,-13,-17,-13,-16,-13,-14,-14,-12,-16,-9,-17,-6,-19,-4,-21,-1,-23,1,-25,2,-27,4,-28,4,-29,4,-29,4,-28,3,-26,2,-24,1,-21,-1,-17,-3,-14,-5]"
CSI_DATA,40995,d8:b1:90:db:e8:90,-40,11,1,7,0,0,1,0,1,0,1,-94,0,4,0,642372619,0,100,0,128,1,"[100,-64,5,0,-4,12,-10,13,-15,14,-20,14,-24,13,-27,13,-29,12,-31,12,-31,11,-30,11,-28,11,-26,11,-23,11,-19,12,-15,12,-11,14,-8,16,-5,17,-3,19,-2,21,-1,22,-1,23,-2,24,-4,23,-6,23,-2,5,0,0,0,0,0,0,0,0,0,0,0,0,0,0,0,0,0,0,3,3,14,13,14,15,13,18,13,19,13,20,13,21,13,20,13,19,14,17,16,15,17,11,20,9,22,6,25,3,28,1,30,-1,32,-2,33,-3,34,-3,34,-2,33,-1,31,0,28,1,25,3,20,6,16,7]"
CSI_DATA,40996,d8:b1:90:db:e8:90,-40,11,1,7,0,0,1,0,1,0,1,-94,0,4,0,642387211,0,100,0,128,1,"[100,-64,5,0,9,5,9,11,7,16,6,19,5,22,5,24,4,26,3,28,3,28,2,26,1,24,2,22,4,20,5,17,7,14,8,11,11,8,13,6,15,4,18,3,20,4,20,5,20,6,19,7,18,8,4,2,0,0,0,0,0,0,0,0,0,0,0,0,0,0,0,0,0,0,3,-3,14,-10,16,-9,18,-8,19,-7,20,-7,20,-7,20,-7,19,-8,17,-8,15,-10,12,-12,10,-15,8,-19,7,-21,6,-24,4,-26,3,-28,2,-30,3,-31,4,-31,5,-30,6,-28,6,-24,6,-21,7,-17,8,-14]"
CSI_DATA,40997,d8:b1:90:db:e8:90,-40,11,1,7,0,0,1,0,1,0,1,-94,0,4,0,642414044,0,100,0,128,1,"[100,-64,5,0,12,3,13,10,13,17,13,22,13,26,12,30,12,32,11,34,11,34,10,33,9,31,9,28,9,24,11,19,12,15,14,11,16,6,18,3,21,0,23,-1,25,-2,26,-1,27,0,27,2,26,3,6,1,0,0,0,0,0,0,0,0,0,0,0,0,0,0,0,0,0,0,3,-4,16,-15,18,-15,21,-15,23,-14,24,-14,24,-13,24,-13,22,-14,19,-15,16,-16,12,-18,8,-21,5,-24,2,-28,-1,-31,-3,-34,-4,-37,-5,-38,-5,-39,-5,-39,-4,-38,-2,-36,0,-32,2,-28,5,-23,7,-19]"
CSI_DATA,40998,d8:b1:90:db:e8:90,-40,11,1,7,0,0,1,0,1,0,1,-94,0,4,0,642426005,0,100,0,128,1,"[100,-64,5,0,0,-12,5,-13,9,-14,13,-14,16,-15,18,-15,19,-15,20,-15,20,-14,20,-13,18,-13,16,-12,13,-12,10,-12,7,-12,4,-12,1,-13,-2,-14,-4,-15,-6,-16,-7,-17,-7,-17,-6,-18,-5,-18,-4,-18,-1,-5,0,0,0,0,0,0,0,0,0,0,0,0,0,0,0,0,0,0,-3,-3,-10,-12,-10,-14,-9,-16,-9,-17,-8,-18,-8,-18,-8,-17,-9,-16,-10,-14,-11,-12,-12,-9,-14,-7,-17,-5,-19,-2,-22,0,-24,1,-25,2,-27,3,-27,3,-27,3,-27,2,-25,1,-23,-1,-20,-2,-17,-4,-14,-6]"
CSI_DATA,40999,d8:b1:90:db:e8:90,-40,11,1,7,0,0,1,0,1,0,1,-94,0,4,0,642436744,0,100,0,128,1,"[100,-64,5,0,9,-7,12,-4,14,-2,17,1,18,2,20,4,20,5,21,6,21,6,20,5,19,5,17,4,16,2,14,0,12,-2,11,-4,10,-7,9,-9,8,-11,8,-12,8,-14,8,-14,9,-14,10,-13,10,-13,2,-3,0,0,0,0,0,0,0,0,0,0,0,0,0,0,0,0,0,0,0,-4,3,-13,4,-14,6,-15,7,-15,8,-15,8,-15,8,-15,7,-14,5,-14,3,-14,0,-14,-3,-15,-5,-15,-8,-16,-11,-17,-13,-18,-14,-18,-15,-19,-16,-19,-15,-19,-14,-19,-13,-19,-11,-18,-8,-17,-5,-15,-3,-14]"
CSI_DATA,41000,d8:b1:90:db:e8:90,-40,11,1,7,0,0,1,0,1,0,1,-94,0,4,0,642446911,0,100,0,128,1,"[100,-64,5,0,-11,-5,-11,-10,-11,-15,-10,-19,-10,-23,-9,-25,-8,-27,-8,-28,-7,-28,-7,-27,-7,-26,-7,-24,-8,-22,-9,-18,-10,-15,-12,-13,-14,-10,-16,-8,-17,-6,-19,-5,-20,-5,-21,-5,-21,-6,-20,-7,-19,-8,-5,-2,0,0,0,0,0,0,0,0,0,0,0,0,0,0,0,0,0,0,-3,2,-13,11,-15,11,-18,10,-19,10,-20,9,-20,9,-20,10,-19,10,-17,11,-15,12,-13,15,-11,17,-9,20,-7,22,-6,24,-4,27,-4,29,-3,30,-3,30,-3,30,-4,29,-5,27,-6,25,-8,21,-9,17,-10,13]"
CSI_DATA,41001,d8:b1:90:db:e8:90,-40,11,1,7,0,0,1,0,1,0,1,-94,0,4,0,642461967,0,100,0,128,1,"[100,-64,5,0,10,-5,14,-2,17,2,20,6,22,9,23,11,24,12,24,14,24,14,23,14,22,12,21,11,20,9,18,6,17,3,16,0,15,-3,15,-6,16,-8,16,-10,16,-11,16,-11,17,-11,18,-10,19,-8,4,-2,0,0,0,0,0,0,0,0,0,0,0,0,0,0,0,0,0,0,-1,-5,0,-17,1,-19,3,-20,4,-21,6,-22,6,-22,6,-21,5,-21,3,-20,0,-20,-3,-20,-6,-20,-9,-20,-13,-20,-15,-21,-17,-22,-19,-23,-21,-23,-21,-24,-20,-24,-19,-24,-17,-23,-14,-22,-10,-20,-6,-18,-3,-16]"
CSI_DATA,41002,d8:b1:90:db:e8:90,-40,11,1,7,0,0,1,0,1,0,1,-94,0,4,0,642472074,0,100,0,128,1,"[100,-64,5,0,8,6,6,11,5,15,4,18,3,20,2,22,1,24,0,24,0,24,-1,23,0,22,1,20,2,18,3,15,5,12,7,9,9,7,11,5,13,4,15,3,16,2,17,3,17,3,17,4,16,6,4,1,0,0,0,0,0,0,0,0,0,0,0,0,0,0,0,0,0,0,3,-1,15,-2,16,-1,17,1,18,2,18,2,18,3,18,2,17,1,16,0,14,-3,13,-5,12,-8,11,-12,11,-15,11,-18,10,-21,10,-23,11,-24,11,-25,11,-24,11,-23,12,-22,12,-19,12,-16,12,-12,12,-9]"
CSI_DATA,41003,d8:b1:90:db:e8:90,-39,11,1,7,0,0,1,0,0,0,1,-94,0,4,0,642489209,0,100,0,128,1,"[100,-64,5,0,22,-10,22,-10,22,-10,22,-10,21,-10,21,-10,20,-11,20,-11,20,-12,19,-12,19,-12,19,-12,19,-11,19,-11,19,-11,18,-11,18,-11,18,-10,17,-10,17,-9,17,-9,17,-8,16,-8,16,-7,16,-6,4,-2,0,0,0,0,0,0,0,0,0,0,0,0,0,0,0,0,0,0,3,-3,14,-10,14,-10,15,-9,16,-9,17,-9,18,-8,19,-8,20,-8,20,-8,21,-8,22,-7,22,-7,22,-6,22,-6,22,-6,22,-6,22,-6,22,-6,21,-7,21,-8,21,-8,21,-9,22,-9,22,-9,22,-9,22,-10]"
CSI_DATA,41004,d8:b1:90:db:e8:90,-40,11,1,7,0,0,1,0,0,0,1,-94,0,4,0,642513768,0,100,0,128,1,"[100,-64,5,0,3,-20,2,-20,2,-20,2,-20,1,-20,1,-20,0,-19,-1,-19,-1,-19,-1,-19,-2,-19,-2,-19,-2,-19,-2,-19,-2,-19,-2,-18,-1,-18,-1,-18,-1,-17,-1,-17,-1,-16,-1,-15,0,-16,1,-16,2,-16,0,-4,0,0,0,0,0,0,0,0,0,0,0,0,0,0,0,0,0,0,0,-4,0,-15,1,-15,2,-16,2,-17,3,-17,3,-17,4,-17,4,-17,4,-18,5,-18,5,-19,6,-19,6,-19,7,-19,6,-19,6,-19,6,-20,6,-20,5,-19,4,-19,4,-19,4,-20,4,-20,3,-20,3,-20,3,-21]"
CSI_DATA,41005,d8:b1:90:db:e8:90,-40,11,1,7,0,0,1,0,0,0,1,-94,0,4,0,642524259,0,100,0,128,1,"[100,-64,5,0,17,-2,17,-2,17,-3,16,-3,16,-3,16,-3,16,-4,16,-4,16,-4,16,-5,16,-5,16,-5,16,-5,16,-5,15,-5,15,-4,15,-4,14,-4,14,-4,14,-3,14,-3,14,-2,13,-2,13,-1,13,-1,3,-1,0,0,0,0,0,0,0,0,0,0,0,0,0,0,0,0,0,0,3,-1,12,-3,12,-2,13,-2,13,-2,14,-2,14,-1,14,-1,15,-1,15,0,16,0,16,0,16,1,17,1,17,1,17,1,17,1,17,1,17,0,17,0,17,0,17,-1,18,-1,18,-1,18,-1,18,-1,18,-1]"
CSI_DATA,41006,d8:b1:90:db:e8:90,-40,11,1,7,0,0,1,0,1,0,1,-94,0,4,0,642536161,0,100,0,128,1,"[100,-64,5,0,-10,2,-12,-2,-14,-5,-16,-8,-17,-11,-18,-13,-18,-14,-18,-15,-18,-16,-17,-15,-17,-14,-16,-12,-15,-10,-14,-8,-13,-5,-13,-2,-12,1,-13,3,-13,5,-13,7,-14,8,-15,8,-15,8,-16,7,-16,6,-4,1,0,0,0,0,0,0,0,0,0,0,0,0,0,0,0,0,0,0,-2,3,-5,12,-7,13,-8,13,-10,14,-10,14,-11,14,-10,13,-9,13,-8,13,-5,13,-3,14,0,14,2,15,5,16,7,17,9,18,10,19,11,20,12,20,11,20,11,20,9,19,7,18,5,17,2,14,-1,12]"
CSI_DATA,41007,d8:b1:90:db:e8:90,-40,11,1,7,0,0,1,0,1,0,1,-94,0,4,0,642550422,0,100,0,128,1,"[100,-64,5,0,-7,-6,-6,-11,-4,-15,-2,-18,-1,-20,0,-22,1,-23,2,-24,2,-24,2,-23,2,-21,1,-19,0,-17,-2,-15,-4,-12,-6,-10,-8,-9,-11,-7,-13,-6,-14,-6,-16,-6,-17,-6,-17,-7,-16,-8,-15,-9,-4,-3,0,0,0,0,0,0,0,0,0,0,0,0,0,0,0,0,0,0,-4,1,-14,4,-15,3,-17,1,-18,0,-18,0,-18,0,-18,0,-17,1,-15,2,-14,4,-12,6,-11,9,-10,11,-9,14,-9,17,-8,19,-8,21,-8,22,-8,23,-8,23,-9,22,-9,20,-9,18,-10,15,-10,11,-10,7]"
CSI_DATA,41008,d8:b1:90:db:e8:90,-40,11,1,7,0,0,1,0,1,0,1,-94,0,4,0,642561866,0,100,0,128,1,"[100,-64,5,0,-14,4,-17,-1,-20,-5,-22,-8,-24,-11,-25,-13,-25,-15,-26,-16,-25,-16,-24,-15,-23,-14,-21,-12,-19,-9,-18,-6,-16,-3,-14,1,-13,5,-12,8,-11,11,-12,13,-12,15,-13,16,-14,16,-15,15,-15,14,-4,3,0,0,0,0,0,0,0,0,0,0,0,0,0,0,0,0,0,0,-3,3,-12,13,-14,13,-16,13,-17,13,-18,12,-18,12,-18,12,-16,12,-13,12,-10,13,-7,15,-4,17,0,19,3,21,6,23,8,25,10,26,11,27,12,28,11,28,10,27,9,26,7,25,4,22,1,19,-2,17]"
CSI_DATA,41009,d8:b1:90:db:e8:90,-40,11,1,7,0,0,1,0,1,0,1,-94,0,4,0,642573587,0,100,0,128,1,"[100,-64,5,0,-9,5,-13,2,-16,-1,-18,-3,-20,-5,-21,-7,-22,-8,-23,-9,-22,-9,-21,-9,-20,-8,-19,-7,-17,-5,-15,-3,-13,0,-12,2,-10,5,-10,8,-9,10,-9,12,-9,13,-10,13,-10,13,-12,13,-13,13,-4,3,0,0,0,0,0,0,0,0,0,0,0,0,0,0,0,0,0,0,-1,3,-3,13,-5,14,-6,14,-8,15,-8,15,-8,15,-8,15,-7,14,-5,14,-3,13,0,13,3,13,6,14,9,14,11,15,13,16,15,16,16,17,17,17,17,17,16,17,14,17,12,16,9,15,6,14,3,12]"
CSI_DATA,41010,d8:b1:90:db:e8:90,-40,11,1,7,0,0,1,0,1,0,1,-94,0,4,0,642584048,0,100,0,128,1,"[100,-64,5,0,-11,3,-14,-1,-17,-4,-19,-8,-20,-10,-21,-12,-22,-14,-22,-15,-21,-15,-21,-15,-20,-14,-18,-12,-17,-9,-16,-7,-14,-4,-13,-1,-13,3,-13,6,-13,8,-13,10,-13,11,-14,12,-15,12,-16,11,-16,10,-4,2,0,0,0,0,0,0,0,0,0,0,0,0,0,0,0,0,0,0,-2,3,-6,14,-8,14,-10,15,-12,15,-12,15,-13,15,-12,14,-11,14,-9,14,-6,14,-3,15,0,15,3,16,6,18,9,19,11,20,12,21,13,22,14,23,14,23,13,22,11,21,9,20,6,18,3,16,0,14]"
CSI_DATA,41011,d8:b1:90:db:e8:90,-40,11,1,7,0,0,1,0,1,0,1,-94,0,4,0,642616865,0,100,0,128,1,"[100,-64,5,0,2,-10,6,-11,10,-11,14,-11,16,-11,19,-11,20,-11,21,-10,21,-10,20,-10,19,-10,17,-9,14,-9,12,-9,8,-10,5,-10,3,-11,0,-13,-2,-14,-3,-15,-4,-16,-5,-17,-4,-18,-2,-18,-1,-18,-1,-5,0,0,0,0,0,0,0,0,0,0,0,0,0,0,0,0,0,0,-2,-3,-8,-12,-8,-13,-7,-15,-6,-17,-6,-17,-6,-17,-6,-16,-6,-16,-7,-14,-9,-12,-11,-10,-13,-8,-15,-6,-17,-5,-19,-3,-22,-2,-23,-1,-25,-1,-25,-1,-25,-1,-24,-2,-23,-3,-21,-4,-18,-5,-15,-6,-12,-7]"
CSI_DATA,41012,d8:b1:90:db:e8:90,-40,11,1,7,0,0,1,0,1,0,1,-94,0,4,0,642629737,0,100,0,128,1,"[100,-64,5,0,11,-5,14,-2,17,2,19,5,21,7,22,9,22,10,23,11,22,11,22,11,20,10,19,8,17,6,15,4,14,1,12,-2,11,-5,10,-8,10,-11,10,-13,10,-14,11,-15,12,-15,13,-14,14,-13,3,-3,0,0,0,0,0,0,0,0,0,0,0,0,0,0,0,0,0,0,1,-4,6,-14,8,-15,10,-15,12,-15,12,-15,12,-15,12,-15,10,-15,9,-15,6,-15,3,-16,0,-17,-3,-18,-6,-19,-9,-21,-11,-22,-13,-23,-14,-24,-14,-24,-14,-24,-13,-24,-11,-23,-9,-22,-6,-20,-3,-17,-1,-15]"
CSI_DATA,41013,d8:b1:90:db:e8:90,-40,11,1,7,0,0,1,0,1,0,1,-94,0,4,0,642641048,0,100,0,128,1,"[100,-64,5,0,-7,-9,-4,-12,-2,-16,0,-19,2,-21,4,-22,5,-23,5,-23,6,-23,6,-22,5,-21,3,-19,2,-17,0,-15,-2,-13,-5,-11,-7,-10,-9,-8,-11,-8,-13,-7,-15,-7,-16,-8,-16,-9,-15,-9,-14,-10,-4,-3,0,0,0,0,0,0,0,0,0,0,0,0,0,0,0,0,0,0,-4,-1,-14,-2,-15,-3,-16,-5,-17,-6,-17,-7,-17,-7,-16,-7,-16,-6,-15,-4,-15,-2,-14,1,-14,4,-14,7,-14,10,-15,12,-15,15,-15,16,-16,17,-16,18,-17,18,-16,17,-16,15,-16,13,-15,11,-14,7,-12,4]"
CSI_DATA,41014,d8:b1:90:db:e8:90,-39,11,1,7,0,0,1,0,1,0,1,-94,0,4,0,642651247,0,100,0,128,1,"[100,-64,5,0,-9,-7,-7,-12,-5,-16,-3,-20,-2,-23,0,-25,1,-26,2,-27,2,-27,3,-27,2,-26,1,-24,0,-22,-1,-20,-3,-18,-6,-16,-8,-14,-10,-14,-12,-13,-14,-13,-15,-13,-15,-13,-15,-14,-14,-15,-13,-15,-3,-4,0,0,0,0,0,0,0,0,0,0,0,0,0,0,0,0,0,0,-3,2,-12,9,-14,9,-16,9,-18,9,-19,8,-20,8,-19,9,-18,9,-17,10,-16,11,-14,13,-13,15,-11,18,-10,20,-9,22,-9,24,-8,26,-9,27,-9,27,-9,26,-9,25,-10,23,-10,20,-10,17,-11,13,-11,9]"
CSI_DATA,41015,d8:b1:90:db:e8:90,-40,11,1,7,0,0,1,0,1,0,1,-94,0,4,0,642661943,0,100,0,128,1,"[100,-64,5,0,-10,6,-14,3,-17,0,-20,-2,-22,-4,-24,-6,-25,-7,-26,-8,-25,-9,-24,-8,-23,-8,-21,-6,-19,-5,-17,-2,-15,0,-13,3,-11,6,-10,9,-9,12,-9,14,-9,15,-10,15,-11,16,-12,15,-13,14,-4,3,0,0,0,0,0,0,0,0,0,0,0,0,0,0,0,0,0,0,-1,3,-2,15,-3,16,-5,17,-7,18,-7,18,-8,18,-7,17,-6,17,-4,16,-2,16,1,15,5,15,8,15,11,15,14,16,16,16,18,17,20,17,20,18,20,18,19,18,17,17,15,17,12,16,8,15,5,13]"
CSI_DATA,41016,d8:b1:90:db:e8:90,-40,11,1,7,0,0,1,0,1,0,1,-94,0,4,0,642675996,0,100,0,128,1,"[100,-64,5,0,4,-8,9,-8,12,-7,16,-6,18,-5,20,-4,21,-3,22,-3,22,-2,21,-2,20,-3,18,-3,16,-3,13,-4,11,-6,8,-8,6,-10,4,-12,3,-13,2,-15,2,-16,2,-17,3,-17,4,-17,5,-16,1,-4,0,0,0,0,0,0,0,0,0,0,0,0,0,0,0,0,0,0,-2,-3,-6,-13,-5,-14,-4,-15,-4,-17,-3,-17,-3,-17,-3,-17,-4,-16,-5,-14,-6,-13,-8,-12,-11,-10,-13,-9,-16,-8,-18,-7,-20,-6,-22,-6,-23,-6,-24,-6,-23,-6,-22,-6,-21,-7,-19,-7,-16,-8,-13,-8,-9,-9]"
CSI_DATA,41017,d8:b1:90:db:e8:90,-40,11,1,7,0,0,1,0,1,0,1,-94,0,4,0,642686955,0,100,0,128,1,"[100,-64,5,0,4,-7,9,-7,13,-6,17,-5,20,-4,22,-3,24,-2,24,-1,24,0,24,0,23,0,21,-1,19,-2,17,-3,14,-5,12,-7,11,-9,10,-11,9,-13,8,-15,8,-16,9,-16,10,-16,11,-15,12,-14,3,-4,0,0,0,0,0,0,0,0,0,0,0,0,0,0,0,0,0,0,-3,-3,-11,-10,-11,-12,-11,-14,-11,-16,-11,-17,-11,-17,-11,-16,-11,-15,-12,-14,-13,-13,-14,-11,-16,-9,-18,-7,-21,-5,-23,-4,-24,-3,-26,-2,-27,-2,-28,-2,-27,-2,-26,-3,-24,-4,-21,-5,-18,-6,-14,-7,-11,-7]"
CSI_DATA,41018,d8:b1:90:db:e8:90,-40,11,1,7,0,0,1,0,1,0,1,-94,0,4,0,642700579,0,100,0,128,1,"[100,-64,5,0,7,-8,12,-6,16,-4,19,-2,22,0,24,2,25,3,26,4,26,4,25,4,24,3,22,3,20,1,18,-1,16,-3,14,-5,13,-8,12,-11,11,-13,11,-14,11,-15,11,-16,12,-16,13,-15,14,-14,3,-4,0,0,0,0,0,0,0,0,0,0,0,0,0,0,0,0,0,0,-2,-4,-7,-15,-6,-16,-5,-18,-5,-20,-4,-21,-3,-21,-4,-21,-4,-20,-6,-19,-8,-18,-10,-16,-13,-15,-16,-14,-18,-14,-21,-13,-23,-13,-25,-12,-26,-12,-26,-13,-26,-13,-25,-13,-22,-13,-20,-13,-16,-13,-12,-13,-9,-13]"
CSI_DATA,41019,d8:b1:90:db:e8:90,-40,11,1,7,0,0,1,0,1,0,1,-94,0,4,0,642731444,0,100,0,128,1,"[100,-64,5,0,-2,-10,1,-12,5,-14,8,-16,11,-17,13,-17,14,-18,15,-18,15,-18,14,-17,13,-17,12,-16,10,-15,8,-14,5,-13,2,-13,0,-13,-2,-14,-4,-14,-6,-15,-7,-15,-7,-16,-7,-16,-6,-17,-4,-17,-1,-5,0,0,0,0,0,0,0,0,0,0,0,0,0,0,0,0,0,0,-4,-1,-13,-4,-14,-6,-14,-8,-14,-9,-15,-10,-15,-10,-15,-10,-15,-9,-15,-7,-15,-5,-16,-3,-17,-1,-18,2,-19,4,-20,6,-21,7,-21,9,-22,9,-23,10,-22,10,-22,9,-21,7,-20,5,-18,3,-16,1,-14,-1]"
CSI_DATA,41020,d8:b1:90:db:e8:90,-41,11,1,7,0,0,1,0,1,0,1,-94,0,4,0,642743582,0,100,0,128,1,"[100,-64,5,0,12,8,10,14,9,19,7,23,5,27,4,29,3,31,2,31,2,31,2,29,2,27,2,25,3,22,5,18,8,14,10,11,12,8,15,5,17,3,19,1,21,1,22,1,23,2,23,3,22,4,5,1,0,0,0,0,0,0,0,0,0,0,0,0,0,0,0,0,0,0,4,-1,18,0,19,1,21,3,21,5,22,6,22,6,22,5,21,4,20,2,18,-1,17,-5,16,-9,16,-13,15,-17,15,-21,15,-24,15,-26,16,-28,16,-29,16,-29,16,-28,17,-26,17,-23,17,-19,16,-14,16,-10]"
CSI_DATA,41021,d8:b1:90:db:e8:90,-40,11,1,7,0,0,1,0,1,0,1,-94,0,4,0,642757835,0,100,0,128,1,"[100,-64,5,0,7,12,3,16,0,19,-3,23,-5,25,-7,26,-8,27,-9,27,-9,27,-9,26,-8,25,-6,23,-4,20,-2,17,2,15,5,12,8,10,11,8,14,7,16,7,18,6,19,6,20,8,19,9,18,10,4,2,0,0,0,0,0,0,0,0,0,0,0,0,0,0,0,0,0,0,3,1,15,8,15,10,15,12,15,14,15,15,15,15,15,14,15,12,15,10,15,7,16,3,17,0,18,-4,20,-8,21,-11,22,-14,23,-16,24,-17,25,-18,25,-18,25,-17,24,-16,22,-13,21,-9,19,-6,17,-3]"
CSI_DATA,41022,d8:b1:90:db:e8:90,-40,11,1,7,0,0,1,0,1,0,1,-94,0,4,0,642769566,0,100,0,128,1,"[100,-64,5,0,2,13,-3,16,-7,18,-11,20,-14,21,-17,21,-19,22,-20,22,-20,21,-19,20,-18,20,-15,18,-13,17,-10,16,-6,15,-2,15,2,14,5,14,7,14,10,15,11,16,12,16,12,17,10,18,9,19,2,4,0,0,0,0,0,0,0,0,0,0,0,0,0,0,0,0,0,0,3,2,14,9,14,11,14,14,14,16,14,16,13,16,13,16,13,14,14,12,15,10,16,6,18,3,19,0,22,-3,24,-5,25,-7,26,-9,28,-10,28,-11,29,-10,28,-9,27,-8,25,-6,22,-3,19,0,17,3]"
CSI_DATA,41023,d8:b1:90:db:e8:90,-40,11,1,7,0,0,1,0,1,0,1,-94,0,4,0,642786475,0,100,0,128,1,"[100,-64,5,0,-8,7,-12,4,-16,2,-19,0,-22,-1,-24,-3,-25,-4,-25,-5,-25,-5,-25,-5,-23,-5,-21,-4,-19,-2,-17,-1,-14,2,-12,4,-11,7,-9,10,-9,12,-8,14,-8,15,-9,16,-10,16,-11,15,-12,14,-3,3,0,0,0,0,0,0,0,0,0,0,0,0,0,0,0,0,0,0,0,3,3,14,2,15,0,17,-1,18,-1,19,-1,19,-1,18,0,17,1,16,3,15,6,14,8,13,11,12,15,11,17,11,20,11,22,11,23,11,24,11,23,12,22,12,21,12,18,12,15,12,11,12,8,11]"
CSI_DATA,41024,d8:b1:90:db:e8:90,-39,11,1,7,0,0,1,0,1,0,1,-94,0,4,0,642800112,0,100,0,128,1,"[100,-64,5,0,-13,-3,-14,-9,-14,-14,-14,-18,-14,-22,-14,-25,-14,-26,-14,-27,-13,-28,-13,-27,-13,-25,-12,-23,-12,-20,-13,-17,-13,-13,-14,-10,-16,-7,-17,-4,-19,-2,-20,-1,-21,-1,-22,-1,-22,-1,-22,-2,-22,-4,-6,-1,0,0,0,0,0,0,0,0,0,0,0,0,0,0,0,0,0,0,-3,3,-12,13,-14,13,-16,13,-17,13,-19,12,-19,12,-19,13,-18,13,-16,14,-14,15,-11,17,-9,19,-6,21,-3,23,-2,25,-1,27,0,29,1,30,1,31,1,31,0,30,-1,28,-2,26,-4,22,-6,18,-8,15]"
CSI_DATA,41025,d8:b1:90:db:e8:90,-40,11,1,7,0,0,1,0,1,0,1,-94,0,4,0,642821803,0,100,0,128,1,"[100,-64,5,0,-9,-7,-8,-12,-6,-16,-5,-19,-3,-22,-2,-24,-1,-25,0,-26,0,-26,0,-25,0,-24,-1,-22,-2,-20,-3,-17,-5,-15,-8,-13,-10,-11,-12,-10,-14,-9,-15,-9,-16,-9,-17,-9,-17,-10,-16,-11,-15,-11,-4,-3,0,0,0,0,0,0,0,0,0,0,0,0,0,0,0,0,0,0,-4,1,-14,6,-15,6,-17,5,-18,4,-19,3,-20,3,-19,3,-19,4,-18,5,-16,7,-15,9,-13,12,-12,14,-12,17,-11,19,-10,21,-10,23,-10,24,-10,24,-10,24,-11,23,-11,22,-11,19,-11,16,-11,12,-11,8]"
CSI_DATA,41026,d8:b1:90:db:e8:90,-40,11,1,7,0,0,1,0,1,0,1,-94,0,4,0,642832343,0,100,0,128,1,"[100,-64,5,0,2,10,-2,13,-5,15,-8,17,-12,19,-14,19,-16,20,-17,20,-17,19,-17,19,-16,18,-13,17,-11,15,-8,13,-5,12,-2,12,2,12,5,12,7,13,9,13,10,14,11,15,10,16,9,16,8,17,1,4,0,0,0,0,0,0,0,0,0,0,0,0,0,0,0,0,0,0,3,1,14,5,15,6,16,8,16,10,16,11,16,11,16,11,16,9,16,7,15,5,15,2,16,-1,17,-5,18,-8,18,-10,19,-13,20,-14,21,-16,22,-16,22,-15,22,-15,21,-13,20,-11,18,-8,16,-5,14,-2]"
CSI_DATA,41027,d8:b1:90:db:e8:90,-40,11,1,7,0,0,1,0,1,0,1,-94,0,4,0,642850946,0,100,0,128,1,"[100,-64,5,0,-3,-15,2,-18,7,-20,11,-22,15,-24,18,-25,20,-25,21,-24,21,-24,20,-23,19,-22,16,-21,14,-20,10,-19,6,-19,2,-18,-2,-18,-5,-18,-7,-18,-10,-19,-11,-20,-12,-21,-11,-22,-9,-22,-7,-22,-2,-6,0,0,0,0,0,0,0,0,0,0,0,0,0,0,0,0,0,0,-4,-3,-17,-11,-17,-13,-17,-16,-16,-17,-17,-18,-17,-19,-17,-18,-17,-17,-18,-15,-18,-12,-20,-9,-21,-6,-23,-3,-26,1,-28,3,-29,6,-31,7,-32,8,-33,9,-33,9,-32,8,-31,6,-29,4,-25,1,-22,-2,-18,-5]"
CSI_DATA,41028,d8:b1:90:db:e8:90,-40,11,1,7,0,0,1,0,1,0,1,-94,0,4,0,642868375,0,100,0,128,1,"[100,-64,5,0,11,-3,14,1,17,5,19,9,21,13,22,15,22,17,22,18,22,18,21,17,20,16,19,14,17,12,16,8,16,5,15,1,15,-2,15,-6,16,-8,16,-10,17,-11,18,-11,19,-11,20,-10,20,-9,5,-2,0,0,0,0,0,0,0,0,0,0,0,0,0,0,0,0,0,0,1,-5,5,-17,7,-18,9,-19,10,-20,12,-20,12,-19,12,-19,10,-19,8,-18,6,-19,2,-19,-1,-20,-5,-21,-8,-22,-11,-23,-13,-24,-15,-25,-16,-26,-17,-27,-16,-27,-15,-26,-14,-26,-11,-24,-8,-22,-4,-19,-1,-17]"
CSI_DATA,41029,d8:b1:90:db:e8:90,-40,11,1,7,0,0,1,0,1,0,1,-94,0,4,0,642887931,0,100,0,128,1,"[100,-64,5,0,7,5,7,9,6,12,5,16,3,18,2,20,2,22,1,22,1,22,1,21,1,20,2,18,2,16,3,14,5,11,7,9,9,7,11,5,12,4,14,4,15,4,16,4,16,5,15,6,15,7,3,1,0,0,0,0,0,0,0,0,0,0,0,0,0,0,0,0,0,0,2,-2,11,-6,13,-6,15,-5,16,-4,16,-4,16,-4,16,-4,15,-4,14,-5,13,-7,11,-9,10,-11,8,-13,7,-16,6,-18,6,-20,5,-22,5,-23,5,-23,6,-23,6,-23,6,-21,7,-19,8,-16,8,-13,9,-9]"
CSI_DATA,41030,d8:b1:90:db:e8:90,-40,11,1,7,0,0,1,0,1,0,1,-94,0,4,0,642898066,0,100,0,128,1,"[100,-64,5,0,-11,-4,-11,-9,-10,-14,-10,-18,-10,-21,-9,-23,-9,-25,-8,-26,-8,-26,-7,-25,-7,-23,-7,-21,-8,-18,-8,-15,-9,-12,-11,-9,-13,-6,-15,-4,-16,-3,-18,-2,-19,-1,-20,-2,-20,-3,-20,-4,-19,-5,-5,-2,0,0,0,0,0,0,0,0,0,0,0,0,0,0,0,0,0,0,-3,2,-13,9,-15,9,-17,8,-18,7,-19,7,-19,7,-19,7,-18,7,-16,8,-14,9,-12,11,-10,13,-8,16,-6,19,-4,21,-3,23,-3,25,-2,26,-2,27,-2,27,-2,26,-3,25,-4,22,-6,19,-7,15,-8,12]"
CSI_DATA,41031,d8:b1:90:db:e8:90,-40,11,1,7,0,0,1,0,1,0,1,-94,0,4,0,642923327,0,100,0,128,1,"[100,-64,5,0,11,2,13,8,13,13,14,17,14,21,13,24,13,27,13,28,13,28,12,27,12,25,11,23,11,20,12,16,13,12,14,9,16,6,17,3,19,1,21,0,22,0,23,0,23,1,22,2,22,4,5,1,0,0,0,0,0,0,0,0,0,0,0,0,0,0,0,0,0,0,2,-4,10,-16,12,-17,14,-17,16,-17,17,-17,18,-17,18,-16,16,-16,14,-17,12,-18,9,-19,5,-21,3,-23,0,-25,-3,-28,-4,-30,-6,-32,-7,-33,-7,-33,-7,-32,-5,-32,-4,-31,-2,-28,0,-25,3,-21,6,-17]"
CSI_DATA,41032,d8:b1:90:db:e8:90,-40,11,1,7,0,0,1,0,1,0,1,-94,0,4,0,642936189,0,100,0,128,1,"[100,-64,5,0,10,4,9,8,10,11,11,16,10,20,9,22,8,23,9,23,9,24,8,24,7,22,8,19,9,18,9,15,10,12,11,9,13,6,15,4,15,2,17,0,18,0,19,1,19,1,19,2,19,3,4,1,0,0,0,0,0,0,0,0,0,0,0,0,0,0,0,0,0,0,2,-3,12,-11,14,-10,16,-9,16,-9,18,-9,19,-9,19,-9,17,-9,15,-10,14,-12,12,-13,9,-15,7,-18,6,-21,5,-23,3,-24,2,-26,1,-28,2,-29,2,-28,2,-27,2,-26,4,-24,6,-20,6,-15,6,-13]"
CSI_DATA,41033,d8:b1:90:db:e8:90,-40,11,1,7,0,0,1,0,1,0,1,-94,0,4,0,642948636,0,100,0,128,1,"[100,-64,5,0,3,-12,8,-12,12,-12,16,-12,18,-11,21,-11,22,-10,23,-10,22,-9,22,-9,20,-9,18,-9,15,-9,12,-9,9,-10,6,-11,4,-13,1,-14,0,-16,-2,-17,-3,-18,-3,-19,-2,-19,-1,-19,1,-19,0,-5,0,0,0,0,0,0,0,0,0,0,0,0,0,0,0,0,0,0,-2,-4,-8,-14,-7,-16,-6,-18,-5,-19,-4,-19,-4,-19,-5,-19,-5,-18,-6,-16,-8,-14,-10,-13,-12,-11,-16,-9,-18,-7,-21,-6,-23,-5,-25,-4,-26,-4,-27,-4,-27,-4,-26,-5,-25,-5,-22,-7,-20,-8,-16,-9,-13,-10]"
CSI_DATA,41034,d8:b1:90:db:e8:90,-40,11,1,7,0,0,1,0,1,0,1,-94,0,4,0,642959349,0,100,0,128,1,"[100,-64,5,0,5,-12,10,-11,15,-11,19,-10,22,-9,25,-9,26,-8,27,-7,26,-7,25,-7,23,-7,21,-7,18,-8,15,-8,12,-10,8,-11,5,-13,3,-15,1,-17,-1,-19,-2,-20,-2,-21,-1,-22,1,-22,2,-21,0,-6,0,0,0,0,0,0,0,0,0,0,0,0,0,0,0,0,0,0,-2,-4,-6,-17,-5,-19,-3,-20,-2,-21,-2,-22,-1,-22,-1,-21,-2,-20,-4,-18,-6,-16,-9,-14,-12,-12,-16,-11,-19,-9,-22,-8,-25,-8,-27,-7,-29,-7,-30,-7,-30,-8,-29,-8,-27,-8,-24,-9,-20,-10,-16,-11,-13,-11]"
CSI_DATA,41035,d8:b1:90:db:e8:90,-40,11,1,7,0,0,1,0,1,0,1,-94,0,4,0,642978697,0,100,0,128,1,"[100,-64,5,0,-5,7,-9,7,-13,7,-16,7,-19,6,-21,5,-22,5,-23,4,-23,4,-22,4,-21,4,-19,4,-17,5,-14,5,-11,7,-8,8,-6,10,-4,12,-3,13,-2,15,-1,16,-1,16,-2,17,-4,17,-5,17,-2,4,0,0,0,0,0,0,0,0,0,0,0,0,0,0,0,0,0,0,2,2,8,11,7,12,7,14,6,15,6,16,6,16,5,15,6,14,6,13,8,11,9,9,12,6,14,4,16,2,18,1,20,0,22,-1,24,-1,24,-1,24,-1,23,0,22,1,20,2,17,3,14,4,11,5]"
CSI_DATA,41036,d8:b1:90:db:e8:90,-40,11,1,7,0,0,1,0,1,0,1,-94,0,4,0,642989512,0,100,0,128,1,"[100,-64,5,0,8,6,7,10,5,14,4,17,2,19,2,21,1,22,0,23,0,23,0,22,0,21,0,19,1,18,3,16,5,14,7,12,9,10,10,9,12,8,13,7,14,7,15,7,15,8,14,9,13,10,3,2,0,0,0,0,0,0,0,0,0,0,0,0,0,0,0,0,0,0,3,-2,12,-5,14,-5,15,-4,16,-3,17,-3,17,-2,17,-3,16,-3,15,-4,14,-6,13,-8,12,-11,11,-13,11,-16,10,-18,10,-20,10,-21,10,-23,10,-23,10,-23,11,-22,11,-21,11,-18,11,-15,11,-11,11,-8]"
CSI_DATA,41037,d8:b1:90:db:e8:90,-40,11,1,7,0,0,1,0,1,0,1,-94,0,4,0,643002524,0,100,0,128,1,"[100,-64,5,0,-7,11,-12,11,-16,10,-20,8,-23,8,-25,7,-27,6,-27,5,-27,4,-26,4,-25,4,-22,5,-19,6,-16,7,-13,9,-10,10,-7,12,-4,14,-3,16,-2,18,-1,19,-1,20,-2,20,-3,20,-5,19,-2,4,0,0,0,0,0,0,0,0,0,0,0,0,0,0,0,0,0,0,1,3,3,15,2,17,1,19,0,20,-1,20,-1,20,-1,20,0,18,2,17,4,16,7,14,10,13,14,12,18,11,20,10,23,9,25,9,26,9,27,9,27,9,26,10,24,10,22,11,18,11,14,12,11,12]"
CSI_DATA,41038,d8:b1:90:db:e8:90,-40,11,1,7,0,0,1,0,1,0,1,-94,0,4,0,643025577,0,100,0,128,1,"[100,-64,5,0,-7,9,-12,7,-16,6,-19,4,-22,3,-24,1,-25,1,-25,0,-25,0,-24,-1,-23,0,-21,1,-18,2,-16,3,-13,5,-11,7,-9,9,-7,11,-6,13,-5,15,-5,16,-5,17,-6,17,-7,17,-8,16,-2,4,0,0,0,0,0,0,0,0,0,0,0,0,0,0,0,0,0,0,0,3,1,14,0,15,-2,17,-3,18,-4,18,-4,17,-3,17,-2,16,0,15,2,15,4,13,7,13,11,12,14,12,16,12,19,12,21,11,22,12,22,12,22,12,21,12,20,12,17,12,14,13,10,12,7,12]"
CSI_DATA,41039,d8:b1:90:db:e8:90,-39,11,1,7,0,0,1,0,1,0,1,-94,0,4,0,643039417,0,100,0,128,1,"[100,-64,5,0,6,7,4,11,2,14,0,17,-1,20,-3,21,-4,23,-5,23,-5,23,-5,22,-4,21,-4,20,-2,18,0,16,2,14,4,12,6,10,9,9,11,9,12,9,13,9,14,10,14,10,13,11,12,12,3,3,0,0,0,0,0,0,0,0,0,0,0,0,0,0,0,0,0,0,3,-2,13,-4,14,-4,16,-3,16,-2,17,-1,17,-1,17,-1,16,-2,15,-3,14,-5,13,-7,12,-9,12,-12,11,-15,11,-17,11,-19,10,-21,11,-22,11,-23,11,-22,12,-21,12,-20,11,-17,11,-14,11,-11,10,-7]"
CSI_DATA,41040,d8:b1:90:db:e8:90,-40,11,1,7,0,0,1,0,1,0,1,-94,0,4,0,643053430,0,100,0,128,1,"[100,-64,5,0,-12,9,-17,6,-22,3,-27,0,-30,-2,-32,-4,-34,-6,-34,-7,-33,-8,-32,-7,-30,-7,-28,-5,-25,-3,-22,-1,-19,3,-16,6,-13,10,-12,13,-11,17,-10,19,-10,21,-10,22,-12,22,-14,21,-15,20,-4,4,0,0,0,0,0,0,0,0,0,0,0,0,0,0,0,0,0,0,-1,4,-2,19,-4,21,-6,22,-7,23,-8,24,-8,23,-8,23,-6,22,-4,21,0,20,4,19,8,19,12,19,16,18,20,19,23,19,25,20,27,20,28,20,28,20,27,20,25,21,21,20,17,19,12,18,8,17]"
CSI_DATA,41041,d8:b1:90:db:e8:90,-40,11,1,7,0,0,1,0,1,0,1,-94,0,4,0,643067430,0,100,0,128,1,"[100,-64,5,0,-12,2,-15,-2,-17,-6,-19,-10,-20,-13,-21,-15,-22,-17,-22,-18,-21,-18,-21,-17,-20,-16,-19,-14,-17,-11,-16,-8,-15,-5,-14,-1,-13,2,-13,5,-14,8,-15,10,-15,11,-16,11,-16,11,-17,10,-18,9,-5,2,0,0,0,0,0,0,0,0,0,0,0,0,0,0,0,0,0,0,-2,3,-9,13,-10,14,-12,14,-14,14,-15,14,-15,14,-14,14,-13,14,-11,14,-8,14,-4,15,-1,16,2,17,4,19,7,21,9,22,10,23,12,24,12,25,12,25,11,24,9,23,7,22,5,20,2,17,-1,15]"
CSI_DATA,41042,d8:b1:90:db:e8:90,-40,11,1,7,0,0,1,0,1,0,1,-94,0,4,0,643086796,0,100,0,128,1,"[100,-64,5,0,4,12,0,16,-4,20,-8,23,-11,26,-14,27,-16,28,-17,27,-18,27,-17,25,-16,24,-14,23,-11,21,-7,19,-4,17,0,16,4,16,8,15,11,16,13,16,15,17,15,17,14,18,13,19,11,19,2,5,0,0,0,0,0,0,0,0,0,0,0,0,0,0,0,0,0,0,4,0,19,4,19,6,20,8,20,9,21,10,21,11,21,10,21,8,20,6,20,4,20,0,21,-4,22,-8,22,-12,23,-15,24,-18,25,-20,26,-21,26,-21,26,-21,26,-20,25,-18,23,-15,22,-11,19,-7,17,-3]"
CSI_DATA,41043,d8:b1:90:db:e8:90,-40,11,1,7,0,0,1,0,1,0,1,-94,0,4,0,643097162,0,100,0,128,1,"[100,-64,5,0,-12,7,-17,4,-22,0,-25,-3,-28,-5,-30,-8,-31,-10,-32,-11,-32,-12,-31,-12,-29,-11,-27,-9,-25,-7,-23,-4,-21,-1,-19,3,-17,7,-17,10,-16,13,-17,15,-17,16,-17,16,-18,16,-19,14,-20,13,-6,3,0,0,0,0,0,0,0,0,0,0,0,0,0,0,0,0,0,0,0,4,2,18,0,20,-2,22,-3,23,-4,24,-4,24,-4,24,-3,23,-1,22,2,22,5,21,9,21,13,20,16,21,19,21,22,21,24,21,25,22,26,22,26,22,24,22,22,21,19,21,15,19,10,18,6,17]"
CSI_DATA,41044,d8:b1:90:db:e8:90,-40,11,1,7,0,0,1,0,1,0,1,-94,0,4,0,643107616,0,100,0,128,1,"[100,-64,5,0,-8,10,-12,9,-16,8,-19,6,-22,5,-25,4,-26,3,-26,3,-26,2,-25,2,-24,3,-21,3,-19,4,-16,5,-13,7,-10,9,-8,11,-6,13,-5,15,-4,16,-3,17,-3,18,-3,18,-5,18,-6,17,-2,4,0,0,0,0,0,0,0,0,0,0,0,0,0,0,0,0,0,0,0,3,2,14,1,15,-1,17,-2,18,-3,19,-3,19,-2,18,-1,17,0,16,2,15,5,14,8,14,12,13,15,13,17,12,19,12,21,12,23,12,24,12,23,13,22,13,20,12,18,12,15,13,11,12,8,12]"
CSI_DATA,41045,d8:b1:90:db:e8:90,-40,11,1,7,0,0,1,0,1,0,1,-94,0,4,0,643129881,0,100,0,128,1,"[100,-64,5,0,9,-1,11,2,13,6,14,9,15,12,15,14,16,15,16,16,15,17,15,16,14,14,13,13,12,11,11,8,11,5,11,1,11,-1,11,-4,12,-6,13,-8,13,-9,14,-9,15,-9,15,-8,16,-7,4,-2,0,0,0,0,0,0,0,0,0,0,0,0,0,0,0,0,0,0,1,-3,7,-12,9,-12,11,-12,12,-12,13,-12,13,-11,12,-11,11,-11,9,-12,7,-12,5,-13,2,-15,0,-16,-3,-17,-5,-19,-7,-21,-8,-22,-9,-23,-9,-23,-9,-23,-8,-23,-7,-22,-5,-20,-3,-18,0,-15,2,-13]"
CSI_DATA,41046,d8:b1:90:db:e8:90,-40,11,1,7,0,0,1,0,1,0,1,-94,0,4,0,643141618,0,100,0,128,1,"[100,-64,5,0,8,4,8,8,7,12,7,15,6,18,5,20,4,21,4,22,3,22,3,21,3,20,3,19,4,17,5,15,6,13,8,11,9,9,11,7,12,7,14,6,15,6,15,6,15,7,14,8,14,9,3,2,0,0,0,0,0,0,0,0,0,0,0,0,0,0,0,0,0,0,1,-3,8,-10,10,-10,12,-10,13,-9,14,-9,14,-9,14,-9,14,-10,13,-10,11,-12,10,-13,8,-15,7,-17,6,-18,5,-20,4,-22,4,-23,3,-24,3,-24,4,-24,4,-23,5,-21,5,-19,6,-16,7,-13,7,-10]"
CSI_DATA,41047,d8:b1:90:db:e8:90,-40,11,1,7,0,0,1,0,1,0,1,-94,0,4,0,643161318,0,100,0,128,1,"[100,-64,5,0,-11,6,-15,3,-19,0,-22,-3,-25,-6,-26,-8,-27,-9,-28,-11,-28,-11,-27,-11,-25,-9,-23,-8,-21,-6,-19,-3,-17,0,-15,3,-14,7,-13,10,-13,12,-13,15,-13,16,-14,16,-15,16,-16,15,-17,14,-5,3,0,0,0,0,0,0,0,0,0,0,0,0,0,0,0,0,0,0,0,4,-1,17,-3,19,-5,20,-6,21,-7,21,-7,21,-7,20,-6,20,-4,19,-1,19,2,18,6,17,10,17,13,17,16,18,19,18,21,19,22,19,23,19,22,20,21,20,20,19,17,18,13,17,9,16,5,14]"
CSI_DATA,41048,d8:b1:90:db:e8:90,-39,11,1,7,0,0,1,0,1,0,1,-94,0,4,0,643172427,0,100,0,128,1,"[100,-64,5,0,-10,-4,-11,-9,-11,-14,-10,-17,-10,-20,-10,-23,-9,-25,-9,-26,-8,-26,-8,-26,-8,-25,-8,-23,-8,-20,-9,-18,-11,-15,-12,-12,-14,-10,-16,-8,-17,-7,-19,-7,-19,-7,-20,-7,-19,-8,-19,-9,-18,-10,-5,-3,0,0,0,0,0,0,0,0,0,0,0,0,0,0,0,0,0,0,-2,3,-9,13,-11,13,-13,14,-15,14,-16,14,-16,14,-16,14,-15,15,-14,15,-12,16,-10,17,-8,19,-6,20,-4,22,-2,24,-1,26,0,27,1,28,1,28,1,28,0,27,-1,25,-3,23,-4,20,-6,16,-7,12]"
CSI_DATA,41049,d8:b1:90:db:e8:90,-40,11,1,7,0,0,1,0,1,0,1,-94,0,4,0,643187192,0,100,0,128,1,"[100,-64,5,0,7,-13,14,-12,20,-11,25,-9,30,-7,33,-6,35,-5,36,-3,36,-3,34,-3,32,-3,29,-4,26,-5,22,-7,18,-10,15,-13,12,-16,9,-19,7,-22,7,-24,6,-26,6,-27,8,-27,10,-27,12,-25,3,-6,0,0,0,0,0,0,0,0,0,0,0,0,0,0,0,0,0,0,-3,-5,-11,-20,-10,-22,-8,-25,-7,-27,-6,-28,-6,-28,-6,-27,-7,-26,-8,-24,-11,-22,-14,-19,-18,-17,-22,-15,-26,-13,-30,-11,-33,-10,-35,-10,-37,-9,-38,-9,-38,-10,-37,-10,-34,-11,-31,-12,-26,-13,-20,-14,-15,-14]"
CSI_DATA,41050,d8:b1:90:db:e8:90,-41,11,1,7,0,0,1,0,1,0,1,-94,0,4,0,643197463,0,100,0,128,1,"[100,-64,5,0,4,6,3,10,1,14,-1,17,-4,19,-5,19,-6,19,-6,19,-5,20,-6,20,-6,19,-5,17,-3,14,-1,12,2,10,5,9,7,8,8,7,10,5,12,5,14,4,15,5,15,7,14,7,13,8,3,2,0,0,0,0,0,0,0,0,0,0,0,0,0,0,0,0,0,0,2,1,11,4,12,5,13,7,13,9,13,10,12,10,12,9,12,7,12,5,13,3,13,1,12,-1,12,-4,13,-8,14,-11,15,-13,16,-14,16,-15,16,-15,15,-15,15,-15,15,-15,15,-13,15,-10,13,-6,11,-3]"
CSI_DATA,41051,d8:b1:90:db:e8:90,-40,11,1,7,0,0,1,0,1,0,1,-94,0,4,0,643210680,0,100,0,128,1,"[100,-64,5,0,10,5,9,10,8,15,7,19,6,22,5,25,4,26,3,27,3,26,2,26,3,24,3,22,4,19,6,16,7,13,9,10,12,8,14,5,16,4,18,3,19,3,20,4,20,5,19,6,19,7,4,1,0,0,0,0,0,0,0,0,0,0,0,0,0,0,0,0,0,0,3,-2,15,-8,17,-7,18,-6,20,-5,20,-4,20,-4,20,-4,19,-4,17,-6,15,-8,14,-10,12,-13,10,-16,9,-19,7,-22,6,-24,6,-27,6,-29,6,-29,6,-29,7,-28,8,-26,8,-23,9,-20,10,-15,10,-12]"
CSI_DATA,41052,d8:b1:90:db:e8:90,-40,11,1,7,0,0,1,0,1,0,1,-94,0,4,0,643234311,0,100,0,128,1,"[100,-64,5,0,-11,-5,-10,-9,-10,-12,-9,-16,-9,-18,-9,-20,-8,-22,-8,-22,-7,-22,-7,-21,-7,-20,-7,-17,-7,-15,-8,-12,-9,-9,-10,-6,-11,-4,-12,-2,-14,0,-15,1,-17,2,-18,2,-18,2,-18,1,-17,0,-5,-1,0,0,0,0,0,0,0,0,0,0,0,0,0,0,0,0,0,0,-4,0,-14,3,-15,1,-16,0,-17,-1,-18,-2,-18,-2,-17,-2,-16,-1,-15,1,-13,3,-12,5,-11,8,-10,11,-9,13,-8,16,-7,18,-7,20,-7,22,-7,22,-7,22,-8,22,-8,20,-8,18,-9,15,-10,12,-10,9]"
CSI_DATA,41053,d8:b1:90:db:e8:90,-40,11,1,7,0,0,1,0,1,0,1,-94,0,4,0,643245215,0,100,0,128,1,"[100,-64,5,0,9,9,6,14,4,19,2,23,0,26,-2,29,-4,30,-5,31,-6,30,-6,29,-6,28,-4,26,-2,24,0,21,3,19,6,17,9,15,12,14,14,13,16,13,18,13,18,14,17,15,16,16,14,17,3,4,0,0,0,0,0,0,0,0,0,0,0,0,0,0,0,0,0,0,4,-2,18,-7,19,-6,21,-4,22,-3,23,-2,24,-2,24,-2,23,-3,22,-5,20,-7,19,-10,17,-13,16,-17,16,-20,15,-23,15,-26,15,-28,15,-30,15,-30,15,-30,16,-28,16,-26,16,-23,16,-19,15,-14,15,-10]"
CSI_DATA,41054,d8:b1:90:db:e8:90,-40,11,1,7,0,0,1,0,1,0,1,-94,0,4,0,643260152,0,100,0,128,1,"[100,-64,5,0,-5,-12,-1,-16,2,-20,6,-23,9,-26,12,-27,14,-28,15,-28,16,-28,15,-27,14,-26,12,-24,9,-22,5,-20,2,-18,-2,-17,-6,-16,-9,-16,-12,-16,-14,-17,-16,-18,-16,-18,-16,-19,-14,-20,-12,-21,-3,-6,0,0,0,0,0,0,0,0,0,0,0,0,0,0,0,0,0,0,-5,-1,-20,-3,-21,-5,-22,-7,-23,-9,-23,-10,-23,-10,-23,-9,-22,-8,-21,-6,-20,-3,-20,1,-20,5,-20,9,-21,13,-21,16,-22,19,-23,21,-24,23,-24,24,-24,24,-24,23,-24,20,-23,17,-21,13,-19,8,-18,4]"
CSI_DATA,41055,d8:b1:90:db:e8:90,-39,11,1,7,0,0,1,0,1,0,1,-94,0,4,0,643273084,0,100,0,128,1,"[100,-64,5,0,-3,11,-8,12,-13,12,-17,12,-20,12,-22,11,-24,11,-25,10,-25,10,-24,9,-23,10,-21,10,-18,10,-15,10,-12,11,-9,12,-6,13,-4,14,-2,16,-1,18,0,18,0,19,-1,19,-2,20,-4,19,-1,4,0,0,0,0,0,0,0,0,0,0,0,0,0,0,0,0,0,0,2,2,10,11,10,13,9,15,9,17,8,18,8,18,8,18,9,17,10,15,11,13,12,11,15,8,17,6,20,4,22,2,24,1,26,0,27,-1,28,-1,28,0,27,0,26,2,23,3,20,4,16,6,13,7]"
CSI_DATA,41056,d8:b1:90:db:e8:90,-40,11,1,7,0,0,1,0,1,0,1,-94,0,4,0,643283971,0,100,0,128,1,"[100,-64,5,0,-6,-10,-3,-14,0,-17,2,-20,5,-23,6,-24,8,-25,8,-25,9,-25,9,-24,8,-23,6,-21,5,-19,2,-18,0,-16,-3,-14,-6,-13,-9,-13,-11,-13,-13,-13,-14,-13,-15,-14,-14,-14,-13,-15,-12,-15,-3,-4,0,0,0,0,0,0,0,0,0,0,0,0,0,0,0,0,0,0,-4,-1,-16,-1,-17,-2,-18,-4,-19,-6,-20,-6,-20,-6,-19,-6,-19,-5,-18,-3,-18,-1,-17,2,-17,5,-17,8,-17,11,-18,14,-18,16,-18,18,-19,19,-19,19,-20,19,-19,18,-19,16,-18,14,-18,11,-16,7,-15,4]"
CSI_DATA,41057,d8:b1:90:db:e8:90,-40,11,1,7,0,0,1,0,1,0,1,-94,0,4,0,643294333,0,100,0,128,1,"[100,-64,5,0,9,-10,14,-8,18,-5,22,-3,25,-1,27,1,28,2,29,3,28,3,27,3,25,3,23,2,20,0,18,-3,15,-5,12,-8,10,-11,8,-13,7,-15,7,-18,7,-19,7,-20,8,-20,9,-20,11,-19,2,-5,0,0,0,0,0,0,0,0,0,0,0,0,0,0,0,0,0,0,0,-5,0,-18,2,-19,4,-20,6,-21,7,-21,7,-21,6,-21,4,-20,2,-19,0,-19,-3,-18,-7,-17,-11,-17,-14,-17,-18,-17,-20,-18,-22,-18,-24,-18,-25,-19,-25,-19,-24,-19,-22,-19,-19,-18,-15,-18,-11,-17,-8,-16]"
CSI_DATA,41058,d8:b1:90:db:e8:90,-41,11,1,7,0,0,1,0,1,0,1,-94,0,4,0,643307763,0,100,0,128,1,"[100,-64,5,0,-13,3,-16,-1,-18,-5,-20,-8,-22,-11,-23,-13,-24,-15,-24,-16,-24,-16,-23,-16,-21,-15,-20,-13,-18,-10,-17,-7,-15,-3,-14,1,-13,4,-13,8,-13,11,-13,12,-14,14,-15,14,-16,14,-17,13,-17,12,-5,2,0,0,0,0,0,0,0,0,0,0,0,0,0,0,0,0,0,0,-3,3,-10,14,-12,14,-14,14,-15,14,-16,14,-16,14,-15,14,-13,14,-11,14,-9,15,-6,15,-2,16,1,18,4,20,7,21,10,23,11,24,13,25,14,25,14,25,13,25,11,24,9,23,6,21,2,18,-1,16]"
CSI_DATA,41059,d8:b1:90:db:e8:90,-40,11,1,7,0,0,1,0,1,0,1,-94,0,4,0,643334463,0,100,0,128,1,"[100,-64,5,0,-8,8,-13,6,-17,4,-20,2,-23,0,-25,-1,-26,-2,-27,-3,-27,-4,-26,-4,-25,-3,-23,-2,-21,0,-19,2,-16,4,-14,6,-12,8,-11,11,-10,13,-10,15,-10,16,-10,16,-11,16,-12,15,-13,14,-4,3,0,0,0,0,0,0,0,0,0,0,0,0,0,0,0,0,0,0,1,3,4,15,3,16,1,18,0,19,0,20,-1,20,0,20,0,19,2,18,4,17,6,16,9,15,12,14,16,13,19,13,21,13,22,13,24,13,24,13,24,13,23,13,21,13,18,13,15,13,11,13,7,12]"
CSI_DATA,41060,d8:b1:90:db:e8:90,-40,11,1,7,0,0,1,0,1,0,1,-94,0,4,0,643355919,0,100,0,128,1,"[100,-64,5,0,-9,-10,-7,-14,-4,-18,-1,-21,1,-24,2,-26,4,-27,5,-27,5,-27,5,-26,4,-24,3,-22,1,-20,-1,-18,-4,-15,-6,-13,-9,-11,-12,-10,-14,-9,-16,-9,-18,-9,-18,-10,-18,-11,-17,-12,-16,-13,-4,-4,0,0,0,0,0,0,0,0,0,0,0,0,0,0,0,0,0,0,-5,0,-17,-1,-18,-2,-19,-4,-20,-6,-20,-7,-20,-7,-20,-6,-19,-5,-18,-3,-18,-1,-17,2,-17,6,-17,9,-17,12,-17,15,-17,18,-17,20,-18,21,-18,22,-18,22,-18,21,-18,19,-18,17,-17,13,-16,9,-15,6]"
CSI_DATA,41061,d8:b1:90:db:e8:90,-40,11,1,7,0,0,1,0,1,0,1,-94,0,4,0,643368057,0,100,0,128,1,"[100,-64,5,0,8,-4,11,-1,15,3,17,5,19,8,21,10,22,12,22,13,22,13,21,13,20,13,18,11,17,9,16,6,15,3,14,0,14,-3,14,-6,14,-8,15,-9,16,-10,16,-10,17,-9,17,-8,18,-6,4,-2,0,0,0,0,0,0,0,0,0,0,0,0,0,0,0,0,0,0,-1,-4,-2,-16,0,-18,1,-19,2,-20,3,-21,3,-21,3,-20,2,-20,1,-19,-1,-18,-4,-18,-7,-18,-10,-18,-13,-18,-16,-18,-18,-18,-19,-18,-21,-19,-21,-20,-21,-19,-20,-19,-18,-19,-15,-18,-11,-17,-8,-15,-4,-14]"
CSI_DATA,41062,d8:b1:90:db:e8:90,-40,11,1,7,0,0,1,0,1,0,1,-94,0,4,0,643383033,0,100,0,128,1,"[100,-64,5,0,-3,-13,2,-16,7,-18,11,-20,14,-22,16,-22,18,-22,19,-22,19,-21,19,-20,18,-20,15,-19,12,-17,9,-16,5,-15,2,-15,-2,-15,-6,-15,-8,-16,-11,-17,-12,-18,-13,-19,-12,-20,-10,-20,-8,-20,-2,-5,0,0,0,0,0,0,0,0,0,0,0,0,0,0,0,0,0,0,-4,-3,-15,-11,-15,-13,-15,-15,-15,-17,-15,-18,-15,-17,-15,-16,-15,-14,-15,-12,-16,-10,-17,-7,-19,-4,-20,0,-22,3,-24,6,-26,8,-27,10,-28,11,-29,12,-29,11,-29,10,-27,9,-25,7,-23,4,-20,0,-17,-2]"
CSI_DATA,41063,d8:b1:90:db:e8:90,-40,11,1,7,0,0,1,0,1,0,1,-94,0,4,0,643397623,0,100,0,128,1,"[100,-64,5,0,-12,-2,-13,-7,-14,-12,-14,-16,-15,-19,-14,-22,-14,-24,-14,-25,-13,-25,-13,-25,-12,-23,-12,-20,-12,-17,-12,-14,-13,-10,-13,-7,-15,-4,-16,-1,-17,1,-19,2,-20,3,-21,2,-21,2,-21,1,-21,-1,-6,-1,0,0,0,0,0,0,0,0,0,0,0,0,0,0,0,0,0,0,-3,2,-12,11,-14,11,-16,11,-18,10,-19,10,-19,10,-18,10,-17,10,-15,11,-13,12,-10,14,-8,16,-5,18,-2,21,0,23,1,25,2,27,3,28,3,28,3,28,2,27,1,26,0,24,-2,21,-4,17,-6,14]"
CSI_DATA,41064,d8:b1:90:db:e8:90,-40,11,1,7,0,0,1,0,1,0,1,-94,0,4,0,643413451,0,100,0,128,1,"[100,-64,5,0,6,11,2,15,-1,18,-4,21,-7,23,-9,25,-11,26,-12,26,-12,25,-12,24,-11,23,-9,22,-7,19,-4,17,-1,15,3,13,6,12,9,11,12,10,14,10,16,11,17,12,16,13,15,14,14,15,3,3,0,0,0,0,0,0,0,0,0,0,0,0,0,0,0,0,0,0,4,1,16,5,17,7,17,9,17,10,17,11,17,11,17,10,16,9,16,7,16,4,16,0,16,-3,17,-7,18,-10,19,-13,20,-16,21,-18,21,-19,22,-20,22,-19,22,-19,21,-17,20,-14,19,-11,17,-7,16,-4]"
CSI_DATA,41065,d8:b1:90:db:e8:90,-41,11,1,7,0,0,1,0,1,0,1,-94,0,4,0,643428114,0,100,0,128,1,"[100,-64,5,0,-12,-3,-13,-8,-13,-13,-13,-17,-13,-21,-13,-23,-12,-25,-11,-25,-11,-25,-10,-25,-10,-23,-10,-21,-10,-18,-10,-14,-11,-11,-12,-7,-13,-4,-15,-1,-16,1,-18,2,-19,3,-20,3,-21,2,-21,1,-21,0,-5,-1,0,0,0,0,0,0,0,0,0,0,0,0,0,0,0,0,0,0,-4,1,-15,7,-17,7,-18,6,-20,5,-20,5,-20,4,-20,5,-18,6,-16,7,-14,9,-12,11,-10,14,-8,16,-6,19,-4,22,-3,24,-2,26,-2,27,-2,28,-2,28,-2,27,-3,26,-4,24,-5,21,-7,17,-8,14]"
CSI_DATA,41066,d8:b1:90:db:e8:90,-40,11,1,7,0,0,1,0,1,0,1,-94,0,4,0,643449315,0,100,0,128,1,"[100,-64,5,0,0,-10,4,-11,8,-12,11,-13,14,-13,16,-14,18,-13,19,-13,19,-13,18,-12,17,-12,15,-11,12,-11,10,-11,7,-11,4,-12,1,-12,-1,-13,-2,-14,-3,-15,-4,-16,-5,-17,-4,-17,-3,-17,-2,-17,-1,-5,0,0,0,0,0,0,0,0,0,0,0,0,0,0,0,0,0,0,-3,-2,-11,-9,-11,-11,-11,-13,-11,-14,-10,-14,-10,-14,-10,-14,-10,-13,-11,-11,-12,-9,-13,-7,-14,-5,-16,-3,-18,-1,-20,1,-21,2,-23,3,-23,4,-24,5,-24,4,-24,4,-22,3,-21,1,-18,0,-16,-2,-13,-4]"
CSI_DATA,41067,d8:b1:90:db:e8:90,-40,11,1,7,0,0,1,0,1,0,1,-94,0,4,0,643464443,0,100,0,128,1,"[100,-64,5,0,7,-10,12,-8,17,-6,21,-4,24,-2,26,-1,27,0,28,1,28,2,27,2,25,1,23,0,21,-1,18,-3,15,-5,13,-8,11,-11,10,-14,9,-16,8,-18,8,-19,8,-20,9,-19,10,-19,12,-18,3,-5,0,0,0,0,0,0,0,0,0,0,0,0,0,0,0,0,0,0,-2,-4,-5,-17,-4,-19,-2,-21,-1,-22,0,-22,0,-23,0,-22,-2,-21,-3,-20,-5,-18,-9,-17,-12,-15,-15,-15,-19,-14,-22,-14,-24,-13,-26,-13,-27,-13,-28,-13,-28,-14,-27,-14,-25,-14,-22,-14,-19,-14,-14,-14,-10,-14]"
CSI_DATA,41068,d8:b1:90:db:e8:90,-40,11,1,7,0,0,1,0,1,0,1,-94,0,4,0,643475379,0,100,0,128,1,"[100,-64,5,0,-7,-10,-4,-15,-1,-19,2,-22,4,-25,6,-27,8,-28,9,-28,9,-28,9,-27,9,-25,7,-23,5,-21,2,-18,-1,-16,-4,-14,-8,-13,-11,-12,-14,-12,-16,-12,-18,-12,-18,-13,-18,-14,-17,-15,-16,-16,-4,-4,0,0,0,0,0,0,0,0,0,0,0,0,0,0,0,0,0,0,-5,-1,-18,-2,-19,-4,-21,-6,-21,-7,-22,-8,-22,-8,-21,-8,-20,-6,-20,-4,-19,-1,-18,2,-18,5,-18,9,-18,13,-18,17,-19,19,-19,21,-19,23,-20,24,-20,24,-20,23,-20,21,-19,18,-18,14,-17,10,-16,6]"
CSI_DATA,41069,d8:b1:90:db:e8:90,-40,11,1,7,0,0,1,0,0,0,1,-94,0,4,0,643487142,0,100,0,128,1,"[100,-64,5,0,22,-13,22,-13,21,-13,21,-13,20,-13,20,-14,19,-14,19,-14,18,-15,18,-15,17,-15,17,-15,17,-15,17,-15,17,-15,18,-15,18,-14,18,-14,18,-13,17,-12,17,-11,17,-11,17,-10,16,-9,16,-8,4,-2,0,0,0,0,0,0,0,0,0,0,0,0,0,0,0,0,0,0,3,-3,14,-12,14,-11,15,-11,16,-11,17,-10,18,-10,19,-10,20,-10,20,-10,21,-10,21,-10,21,-10,22,-10,22,-9,22,-9,22,-8,22,-9,22,-9,22,-11,22,-11,22,-12,22,-12,22,-12,22,-12,22,-12,22,-12]"
CSI_DATA,41070,d8:b1:90:db:e8:90,-39,11,1,7,0,0,1,0,0,0,1,-94,0,4,0,643498009,0,100,0,128,1,"[100,-64,5,0,12,19,12,18,13,18,13,18,13,18,14,18,14,17,14,17,13,16,14,16,14,16,15,16,15,17,15,16,15,16,14,16,14,16,13,15,12,16,12,16,11,16,11,15,10,15,9,15,8,15,2,3,0,0,0,0,0,0,0,0,0,0,0,0,0,0,0,0,0,0,2,3,11,13,11,13,10,14,10,14,10,15,10,16,10,17,9,18,10,18,10,19,10,19,10,20,10,20,10,20,10,20,11,19,11,19,11,19,11,19,11,19,12,19,12,20,12,20,13,20,13,20,13,20]"
CSI_DATA,41071,d8:b1:90:db:e8:90,-40,11,1,7,0,0,1,0,0,0,1,-94,0,4,0,643508517,0,100,0,128,1,"[100,-64,5,0,-21,-10,-21,-9,-21,-9,-21,-9,-21,-9,-21,-8,-21,-8,-21,-7,-21,-7,-21,-7,-21,-7,-22,-7,-22,-7,-21,-7,-21,-7,-20,-7,-20,-7,-19,-7,-19,-7,-18,-7,-18,-8,-17,-8,-16,-8,-16,-9,-15,-9,-4,-3,0,0,0,0,0,0,0,0,0,0,0,0,0,0,0,0,0,0,-5,-1,-17,-5,-17,-6,-17,-6,-17,-7,-17,-7,-18,-8,-18,-8,-19,-9,-19,-10,-19,-10,-19,-11,-19,-11,-19,-11,-20,-11,-20,-11,-20,-11,-20,-10,-20,-10,-20,-10,-20,-10,-21,-10,-21,-10,-21,-10,-21,-10,-22,-10,-22,-10]"
CSI_DATA,41072,d8:b1:90:db:e8:90,-39,11,1,7,0,0,1,0,0,0,1,-94,0,4,0,643537646,0,100,0,128,1,"[100,-64,5,0,2,-24,1,-24,0,-24,0,-24,0,-24,-1,-23,-2,-23,-2,-23,-3,-23,-4,-23,-4,-23,-3,-23,-3,-24,-3,-24,-3,-23,-2,-23,-2,-22,-2,-22,-1,-21,-1,-21,0,-20,0,-19,0,-19,1,-19,1,-18,0,-5,0,0,0,0,0,0,0,0,0,0,0,0,0,0,0,0,0,0,0,-5,0,-18,0,-19,1,-19,2,-20,2,-20,3,-20,4,-21,5,-21,5,-21,5,-22,6,-23,6,-23,6,-23,6,-23,6,-23,6,-23,6,-23,5,-23,4,-24,4,-24,4,-24,4,-25,3,-25,3,-25,3,-25,2,-25]"
CSI_DATA,41073,d8:b1:90:db:e8:90,-39,11,1,7,0,0,1,0,0,0,1,-94,0,4,0,643549974,0,100,0,128,1,"[100,-64,5,0,-18,-17,-19,-16,-18,-16,-18,-15,-18,-14,-18,-13,-19,-13,-19,-13,-19,-12,-19,-11,-20,-11,-20,-11,-19,-11,-19,-12,-19,-12,-19,-12,-18,-12,-17,-12,-17,-12,-16,-11,-16,-11,-15,-11,-14,-11,-14,-11,-14,-11,-4,-3,0,0,0,0,0,0,0,0,0,0,0,0,0,0,0,0,0,0,-4,-3,-15,-11,-15,-11,-14,-12,-14,-13,-14,-13,-15,-14,-15,-14,-15,-15,-15,-16,-15,-17,-16,-17,-16,-17,-16,-18,-15,-18,-15,-17,-15,-17,-16,-16,-16,-17,-17,-17,-17,-17,-17,-16,-18,-16,-17,-16,-17,-16,-18,-16,-18,-17]"
CSI_DATA,41074,d8:b1:90:db:e8:90,-40,11,1,7,0,0,1,0,0,0,1,-94,0,4,0,643563004,0,100,0,128,1,"[100,-64,5,0,22,-4,22,-4,22,-5,22,-5,22,-5,21,-5,21,-6,21,-6,20,-6,20,-7,20,-7,20,-7,19,-7,19,-7,19,-7,19,-7,19,-7,18,-6,18,-6,18,-5,18,-5,17,-4,17,-4,17,-3,17,-3,4,-1,0,0,0,0,0,0,0,0,0,0,0,0,0,0,0,0,0,0,3,-2,15,-6,16,-5,17,-5,17,-4,18,-4,19,-3,19,-3,20,-2,20,-2,21,-1,21,-1,22,-1,22,0,22,0,22,0,22,0,22,-1,22,-1,21,-1,21,-1,22,-2,22,-2,22,-3,23,-3,23,-3,23,-3]"
CSI_DATA,41075,d8:b1:90:db:e8:90,-40,11,1,7,0,0,1,0,0,0,1,-94,0,4,0,643578465,0,100,0,128,1,"[100,-64,5,0,-12,-21,-12,-21,-12,-21,-12,-20,-12,-19,-13,-19,-13,-19,-13,-18,-13,-18,-13,-18,-14,-17,-14,-17,-14,-17,-14,-17,-14,-17,-14,-17,-13,-17,-12,-16,-12,-16,-12,-16,-11,-15,-11,-15,-10,-16,-10,-16,-9,-16,-3,-4,0,0,0,0,0,0,0,0,0,0,0,0,0,0,0,0,0,0,-3,-4,-10,-14,-9,-15,-9,-16,-9,-17,-9,-18,-8,-18,-8,-19,-8,-19,-8,-20,-7,-21,-7,-21,-7,-22,-7,-22,-6,-22,-6,-22,-7,-21,-8,-21,-8,-21,-8,-21,-8,-21,-9,-21,-9,-21,-10,-22,-10,-22,-10,-22,-11,-21]"
CSI_DATA,41076,d8:b1:90:db:e8:90,-39,11,1,7,0,0,1,0,0,0,1,-94,0,4,0,643589083,0,100,0,128,1,"[100,-64,5,0,21,-8,21,-8,21,-9,21,-9,20,-9,20,-9,19,-10,19,-11,19,-11,19,-11,19,-11,18,-12,18,-12,18,-12,18,-12,18,-11,18,-11,18,-10,17,-10,17,-10,17,-9,17,-8,16,-7,16,-6,16,-6,4,-2,0,0,0,0,0,0,0,0,0,0,0,0,0,0,0,0,0,0,3,-3,15,-9,15,-9,15,-8,16,-7,17,-7,18,-7,19,-6,19,-6,20,-5,20,-5,21,-5,21,-5,21,-5,22,-4,21,-4,21,-4,22,-5,22,-5,22,-6,22,-7,22,-7,22,-8,22,-7,22,-7,22,-8,22,-8]"
CSI_DATA,41077,d8:b1:90:db:e8:90,-40,11,1,7,0,0,1,0,1,0,1,-94,0,4,0,643610297,0,100,0,128,1,"[100,-64,5,0,-5,7,-9,6,-13,6,-16,5,-19,4,-21,4,-23,3,-24,2,-24,1,-23,1,-22,1,-20,2,-18,2,-15,3,-13,5,-10,7,-8,9,-7,11,-6,13,-5,14,-5,15,-5,16,-6,16,-7,16,-8,15,-2,3,0,0,0,0,0,0,0,0,0,0,0,0,0,0,0,0,0,0,2,2,7,11,7,12,6,14,6,16,5,16,5,16,5,16,6,15,7,13,8,11,10,9,12,7,14,5,17,4,19,3,21,2,22,2,23,1,24,1,24,1,23,2,22,3,19,3,16,4,13,5,10,6]"
CSI_DATA,41078,d8:b1:90:db:e8:90,-41,11,1,7,0,0,1,0,1,0,1,-94,0,4,0,643621500,0,100,0,128,1,"[100,-64,5,0,-1,12,-6,13,-10,15,-14,16,-18,16,-20,17,-22,16,-23,16,-23,15,-23,15,-21,14,-18,14,-16,13,-12,12,-9,12,-4,12,-1,13,2,14,4,15,6,16,7,17,8,18,7,19,5,20,4,19,1,4,0,0,0,0,0,0,0,0,0,0,0,0,0,0,0,0,0,0,2,2,11,12,11,14,10,16,10,18,9,18,9,18,9,17,9,16,10,14,11,11,13,8,15,6,18,3,20,0,23,-2,25,-4,27,-5,28,-5,29,-6,29,-6,28,-5,27,-4,24,-2,22,0,18,2,15,5]"
CSI_DATA,41079,d8:b1:90:db:e8:90,-39,11,1,7,0,0,1,0,1,0,1,-94,0,4,0,643648524,0,100,0,128,1,"[100,-64,5,0,0,-9,4,-12,9,-14,13,-15,17,-16,19,-17,22,-17,23,-16,23,-16,23,-15,21,-14,19,-14,16,-13,13,-13,9,-13,6,-14,3,-15,0,-16,-2,-18,-3,-19,-4,-21,-4,-21,-3,-22,-1,-22,0,-21,0,-6,0,0,0,0,0,0,0,0,0,0,0,0,0,0,0,0,0,0,-5,-1,-18,-3,-19,-5,-20,-8,-20,-9,-21,-10,-20,-11,-20,-10,-19,-9,-18,-7,-18,-4,-18,-1,-19,2,-19,6,-20,9,-21,12,-22,14,-23,16,-24,17,-25,17,-25,17,-24,15,-23,14,-22,11,-20,8,-17,5,-14,2]"
CSI_DATA,41080,d8:b1:90:db:e8:90,-40,11,1,7,0,0,1,0,1,0,1,-94,0,4,0,643658990,0,100,0,128,1,"[100,-64,5,0,0,-9,4,-11,8,-12,11,-12,14,-12,16,-12,18,-12,18,-12,18,-11,18,-11,17,-11,15,-11,13,-11,10,-10,7,-10,4,-11,2,-11,0,-12,-2,-13,-4,-15,-4,-16,-4,-16,-4,-17,-3,-17,-1,-17,-1,-5,0,0,0,0,0,0,0,0,0,0,0,0,0,0,0,0,0,0,-3,-2,-11,-9,-11,-10,-11,-12,-11,-13,-11,-14,-10,-14,-10,-13,-11,-12,-11,-11,-11,-8,-13,-6,-14,-4,-16,-2,-17,0,-19,2,-21,4,-22,5,-23,6,-23,6,-23,5,-23,5,-22,4,-20,2,-18,1,-15,-1,-12,-3]"
CSI_DATA,41081,d8:b1:90:db:e8:90,-40,11,1,7,0,0,1,0,1,0,1,-94,0,4,0,643678372,0,100,0,128,1,"[100,-64,5,0,-8,-8,-6,-13,-4,-18,-1,-21,1,-25,3,-27,4,-28,5,-29,5,-28,5,-27,4,-26,3,-24,2,-21,-1,-18,-3,-16,-6,-13,-9,-11,-12,-10,-15,-9,-17,-9,-19,-9,-19,-10,-19,-11,-18,-12,-17,-13,-4,-4,0,0,0,0,0,0,0,0,0,0,0,0,0,0,0,0,0,0,-5,1,-18,4,-19,2,-21,1,-22,-1,-23,-2,-22,-2,-22,-2,-20,-1,-19,1,-17,4,-16,7,-14,10,-13,14,-12,17,-12,20,-12,23,-12,25,-12,27,-13,27,-13,27,-13,25,-13,24,-13,21,-13,18,-13,13,-12,10]"
CSI_DATA,41082,d8:b1:90:db:e8:90,-40,11,1,7,0,0,1,0,1,0,1,-94,0,4,0,643692498,0,100,0,128,1,"[100,-64,5,0,-5,-13,-1,-16,4,-19,7,-22,11,-24,13,-25,15,-26,16,-26,17,-25,16,-24,15,-23,13,-21,10,-20,7,-18,3,-16,-1,-15,-4,-15,-8,-14,-11,-15,-13,-15,-15,-16,-15,-17,-15,-18,-14,-19,-12,-19,-3,-5,0,0,0,0,0,0,0,0,0,0,0,0,0,0,0,0,0,0,-5,-2,-17,-8,-18,-11,-18,-13,-18,-15,-18,-16,-18,-16,-18,-15,-18,-13,-17,-11,-18,-8,-18,-4,-19,0,-21,4,-22,7,-24,10,-25,12,-26,14,-27,16,-27,16,-28,16,-27,15,-26,13,-25,11,-23,8,-20,4,-18,1]"
CSI_DATA,41083,d8:b1:90:db:e8:90,-40,11,1,7,0,0,1,0,1,0,1,-94,0,4,0,643705291,0,100,0,128,1,"[100,-64,5,0,4,11,0,15,-4,18,-7,21,-10,23,-13,24,-15,25,-16,25,-16,24,-16,24,-15,23,-14,22,-11,20,-8,18,-4,17,-1,17,2,16,5,16,8,16,10,16,11,17,11,18,11,19,9,19,7,19,1,4,0,0,0,0,0,0,0,0,0,0,0,0,0,0,0,0,0,0,4,0,17,2,18,4,19,6,20,8,20,9,21,9,20,9,20,7,20,5,20,3,20,-1,20,-4,21,-8,22,-11,23,-14,23,-16,24,-18,25,-19,25,-19,25,-19,25,-17,24,-15,22,-13,21,-9,18,-6,16,-3]"
CSI_DATA,41084,d8:b1:90:db:e8:90,-40,11,1,7,0,0,1,0,1,0,1,-94,0,4,0,643723194,0,100,0,128,1,"[100,-64,5,0,-1,12,-6,14,-11,16,-15,17,-18,18,-20,18,-22,18,-24,17,-24,17,-23,16,-22,15,-20,15,-16,14,-12,13,-9,13,-5,13,-1,14,2,15,5,16,7,17,9,18,9,19,8,20,6,20,5,20,1,5,0,0,0,0,0,0,0,0,0,0,0,0,0,0,0,0,0,0,3,3,12,13,12,15,11,17,11,18,11,19,11,19,11,18,11,16,12,14,13,11,14,9,17,6,19,3,22,0,24,-2,26,-4,28,-6,29,-6,30,-7,30,-7,29,-6,28,-5,25,-3,23,-1,19,2,16,4]"
CSI_DATA,41085,d8:b1:90:db:e8:90,-40,11,1,7,0,0,1,0,1,0,1,-94,0,4,0,643743179,0,100,0,128,1,"[100,-64,5,0,4,-8,8,-8,12,-7,15,-6,18,-5,20,-4,22,-3,23,-3,22,-2,22,-2,20,-2,19,-3,17,-4,15,-5,12,-6,10,-8,8,-10,7,-12,6,-14,5,-15,5,-16,5,-17,6,-17,8,-16,9,-15,2,-4,0,0,0,0,0,0,0,0,0,0,0,0,0,0,0,0,0,0,-2,-3,-8,-11,-8,-13,-8,-15,-7,-16,-6,-17,-6,-17,-7,-17,-7,-16,-8,-15,-9,-13,-11,-11,-13,-10,-16,-8,-18,-7,-20,-6,-22,-6,-23,-5,-24,-5,-24,-5,-24,-5,-23,-5,-22,-6,-19,-6,-17,-7,-13,-8,-10,-9]"
CSI_DATA,41086,d8:b1:90:db:e8:90,-40,11,1,7,0,0,1,0,1,0,1,-94,0,4,0,643754943,0,100,0,128,1,"[100,-64,5,0,3,9,0,12,-3,14,-6,16,-9,18,-11,19,-12,19,-13,20,-13,19,-13,18,-12,17,-10,16,-8,15,-6,13,-3,12,0,11,3,10,6,10,8,10,10,11,11,11,12,12,12,13,11,13,9,14,2,3,0,0,0,0,0,0,0,0,0,0,0,0,0,0,0,0,0,0,3,1,13,5,13,7,13,8,14,10,14,10,13,10,13,10,13,9,13,7,13,5,13,2,14,-1,15,-4,16,-7,17,-9,18,-11,19,-13,19,-14,20,-14,20,-14,20,-13,19,-12,18,-10,17,-7,15,-4,13,-2]"
CSI_DATA,41087,d8:b1:90:db:e8:90,-41,11,1,7,0,0,1,0,1,0,1,-94,0,4,0,643765965,0,100,0,128,1,"[100,-64,5,0,-7,-7,-6,-11,-4,-14,-2,-17,0,-20,1,-21,2,-22,2,-23,3,-23,3,-22,2,-21,1,-19,0,-17,-1,-14,-3,-12,-5,-10,-8,-8,-11,-7,-13,-6,-14,-6,-15,-6,-16,-6,-16,-7,-16,-8,-15,-9,-4,-3,0,0,0,0,0,0,0,0,0,0,0,0,0,0,0,0,0,0,-4,0,-14,-1,-15,-2,-16,-4,-17,-5,-17,-5,-17,-5,-16,-5,-16,-4,-15,-2,-14,0,-13,2,-13,5,-13,8,-13,11,-13,14,-13,16,-13,17,-13,19,-13,19,-13,19,-13,18,-13,17,-13,15,-13,12,-12,9,-12,6]"
CSI_DATA,41088,d8:b1:90:db:e8:90,-40,11,1,7,0,0,1,0,1,0,1,-94,0,4,0,643777176,0,100,0,128,1,"[100,-64,5,0,-7,-12,-3,-17,0,-21,4,-25,7,-27,10,-29,12,-30,13,-30,13,-30,13,-29,12,-28,10,-26,8,-23,4,-21,1,-19,-3,-17,-7,-16,-10,-15,-13,-15,-16,-16,-18,-16,-18,-17,-18,-18,-16,-19,-14,-20,-4,-5,0,0,0,0,0,0,0,0,0,0,0,0,0,0,0,0,0,0,-5,-1,-21,-3,-22,-4,-23,-7,-24,-8,-24,-10,-24,-10,-24,-9,-23,-7,-22,-5,-22,-2,-21,1,-21,5,-21,9,-22,13,-23,17,-23,20,-24,22,-24,23,-25,24,-25,23,-25,22,-24,20,-23,17,-22,13,-20,9,-18,5]"
CSI_DATA,41089,d8:b1:90:db:e8:90,-40,11,1,7,0,0,1,0,1,0,1,-94,0,4,0,643789633,0,100,0,128,1,"[100,-64,5,0,-12,-1,-13,-6,-14,-11,-15,-15,-15,-18,-15,-21,-14,-22,-14,-23,-14,-23,-13,-23,-13,-21,-13,-19,-12,-17,-12,-13,-12,-10,-13,-6,-14,-3,-15,0,-16,2,-18,3,-19,4,-19,4,-20,3,-20,2,-20,0,-5,0,0,0,0,0,0,0,0,0,0,0,0,0,0,0,0,0,0,0,-3,2,-11,11,-13,12,-15,11,-17,11,-18,11,-18,11,-17,11,-16,11,-14,12,-11,12,-9,14,-6,16,-4,18,-1,20,1,22,2,24,3,25,4,26,4,27,4,27,3,26,2,24,1,22,0,20,-3,16,-5,13]"
CSI_DATA,41090,d8:b1:90:db:e8:90,-40,11,1,7,0,0,1,0,1,0,1,-94,0,4,0,643801776,0,100,0,128,1,"[100,-64,5,0,8,-10,13,-7,18,-5,22,-2,25,0,27,1,28,3,29,4,28,5,27,5,26,4,24,3,22,1,19,-1,16,-4,14,-7,12,-10,11,-13,10,-15,10,-17,10,-19,10,-19,11,-19,13,-18,14,-17,3,-4,0,0,0,0,0,0,0,0,0,0,0,0,0,0,0,0,0,0,-1,-5,-3,-18,-2,-19,0,-21,1,-22,2,-23,2,-23,2,-22,1,-22,-1,-21,-3,-20,-6,-19,-9,-18,-13,-17,-17,-17,-20,-17,-23,-17,-25,-17,-26,-17,-27,-17,-26,-17,-25,-18,-23,-17,-20,-17,-17,-17,-12,-16,-8,-15]"
CSI_DATA,41091,d8:b1:90:db:e8:90,-40,11,1,7,0,0,1,0,1,0,1,-94,0,4,0,643812049,0,100,0,128,1,"[100,-64,5,0,-8,6,-12,4,-15,2,-18,1,-21,-1,-22,-3,-23,-4,-24,-5,-23,-5,-22,-5,-21,-4,-20,-3,-17,-2,-15,0,-13,2,-11,4,-9,7,-8,9,-7,11,-7,13,-7,14,-7,15,-8,15,-9,15,-10,14,-3,3,0,0,0,0,0,0,0,0,0,0,0,0,0,0,0,0,0,0,-1,3,-2,14,-3,14,-4,15,-5,16,-6,16,-6,16,-6,16,-5,15,-3,15,-1,14,2,13,5,13,8,12,11,12,13,13,15,13,17,13,19,13,19,14,19,14,18,14,17,14,15,13,12,13,9,12,6,11]"
CSI_DATA,41092,d8:b1:90:db:e8:90,-40,11,1,7,0,0,1,0,1,0,1,-94,0,4,0,643824043,0,100,0,128,1,"[100,-64,5,0,-10,-6,-9,-11,-8,-15,-7,-19,-6,-22,-4,-24,-4,-26,-3,-26,-2,-26,-2,-26,-2,-24,-3,-22,-4,-20,-5,-17,-7,-14,-9,-11,-11,-8,-13,-7,-15,-5,-17,-4,-18,-4,-19,-5,-19,-6,-19,-7,-18,-8,-5,-3,0,0,0,0,0,0,0,0,0,0,0,0,0,0,0,0,0,0,-4,1,-15,5,-17,4,-19,3,-20,2,-20,2,-21,2,-20,2,-19,3,-18,4,-16,6,-15,8,-13,11,-12,14,-11,17,-10,20,-9,22,-9,24,-8,25,-8,26,-8,26,-9,25,-9,23,-9,20,-10,17,-11,13,-11,10]"
CSI_DATA,41093,d8:b1:90:db:e8:90,-41,11,1,7,0,0,1,0,1,0,1,-94,0,4,0,643847700,0,100,0,128,1,"[100,-64,5,0,-3,13,-9,14,-14,15,-19,15,-23,15,-26,14,-28,14,-29,13,-28,13,-28,12,-26,12,-23,11,-20,11,-16,11,-12,12,-7,13,-3,14,0,16,2,18,4,19,6,21,6,22,5,22,4,23,2,23,0,5,0,0,0,0,0,0,0,0,0,0,0,0,0,0,0,0,0,0,2,3,9,16,8,18,7,20,6,22,5,22,5,22,6,22,6,20,8,18,10,15,13,13,16,10,19,8,22,6,25,4,27,3,30,2,31,1,32,1,32,0,31,1,29,2,27,3,23,5,19,7,15,8]"
CSI_DATA,41094,d8:b1:90:db:e8:90,-40,11,1,7,0,0,1,0,1,0,1,-94,0,4,0,643859874,0,100,0,128,1,"[100,-64,5,0,5,-8,9,-7,13,-6,16,-5,19,-4,21,-2,22,-1,22,0,22,0,22,0,20,0,18,-1,16,-2,14,-3,12,-5,10,-7,8,-9,6,-11,5,-13,5,-15,5,-16,5,-16,6,-16,7,-16,9,-15,2,-4,0,0,0,0,0,0,0,0,0,0,0,0,0,0,0,0,0,0,-2,-3,-5,-13,-4,-14,-4,-16,-3,-17,-3,-18,-2,-17,-3,-17,-3,-16,-4,-15,-6,-14,-8,-13,-10,-12,-13,-11,-15,-10,-18,-9,-19,-9,-21,-8,-22,-8,-23,-8,-23,-8,-22,-8,-20,-9,-18,-9,-15,-9,-12,-10,-9,-10]"
CSI_DATA,41095,d8:b1:90:db:e8:90,-40,11,1,7,0,0,1,0,1,0,1,-94,0,4,0,643876541,0,100,0,128,1,"[100,-64,5,0,6,5,5,9,4,13,2,16,1,19,0,21,-1,22,-2,22,-2,22,-2,22,-2,21,-2,19,-1,17,1,15,3,13,5,11,7,9,9,8,11,8,13,7,14,8,14,9,14,9,13,10,12,11,3,2,0,0,0,0,0,0,0,0,0,0,0,0,0,0,0,0,0,0,2,-2,11,-8,12,-7,14,-7,15,-6,16,-6,16,-6,16,-6,15,-6,14,-7,13,-9,11,-11,10,-13,9,-15,8,-17,7,-19,6,-21,6,-22,5,-23,6,-23,6,-23,6,-22,7,-21,7,-19,7,-16,8,-12,8,-9]"
CSI_DATA,41096,d8:b1:90:db:e8:90,-40,11,1,7,0,0,1,0,1,0,1,-94,0,4,0,643888205,0,100,0,128,1,"[100,-64,5,0,-5,-14,-1,-17,3,-20,7,-22,10,-24,13,-25,14,-26,15,-26,15,-25,15,-25,13,-23,11,-22,8,-20,5,-18,2,-16,-2,-14,-6,-13,-9,-12,-12,-12,-15,-12,-17,-13,-17,-14,-17,-15,-16,-16,-15,-16,-4,-4,0,0,0,0,0,0,0,0,0,0,0,0,0,0,0,0,0,0,-4,-3,-14,-12,-14,-14,-14,-16,-14,-18,-13,-19,-13,-18,-13,-18,-14,-16,-14,-14,-15,-11,-16,-8,-18,-4,-20,-1,-22,2,-24,5,-26,7,-27,9,-28,10,-29,11,-29,11,-28,10,-27,9,-25,6,-23,4,-20,1,-18,-2]"
CSI_DATA,41097,d8:b1:90:db:e8:90,-40,11,1,7,0,0,1,0,1,0,1,-94,0,4,0,643908093,0,100,0,128,1,"[100,-64,5,0,-11,-7,-10,-11,-8,-15,-7,-19,-6,-21,-5,-24,-4,-25,-3,-26,-3,-26,-3,-25,-3,-24,-4,-21,-5,-19,-6,-16,-7,-13,-9,-10,-11,-8,-12,-5,-15,-4,-17,-3,-18,-2,-19,-3,-19,-3,-19,-5,-18,-6,-5,-2,0,0,0,0,0,0,0,0,0,0,0,0,0,0,0,0,0,0,-4,0,-16,2,-17,0,-18,-1,-19,-2,-19,-3,-19,-3,-19,-3,-18,-1,-17,0,-16,2,-15,5,-14,8,-13,12,-13,14,-13,17,-12,19,-12,21,-12,23,-13,23,-12,23,-12,22,-12,20,-13,18,-13,15,-13,11,-12,8]"
CSI_DATA,41098,d8:b1:90:db:e8:90,-40,11,1,7,0,0,1,0,1,0,1,-94,0,4,0,643926496,0,100,0,128,1,"[100,-64,5,0,-10,-9,-8,-14,-6,-18,-4,-22,-2,-25,0,-27,1,-28,1,-29,2,-28,2,-28,2,-26,1,-24,-1,-21,-2,-18,-5,-15,-7,-13,-10,-10,-13,-9,-15,-7,-17,-7,-19,-6,-19,-7,-20,-8,-19,-9,-18,-10,-5,-3,0,0,0,0,0,0,0,0,0,0,0,0,0,0,0,0,0,0,-5,0,-17,-1,-18,-2,-19,-4,-20,-6,-21,-6,-21,-7,-20,-6,-20,-4,-19,-2,-19,0,-18,3,-17,7,-17,10,-17,14,-17,16,-18,19,-18,21,-18,22,-18,23,-18,23,-18,22,-18,20,-17,17,-17,14,-16,10,-16,6]"
CSI_DATA,41099,d8:b1:90:db:e8:90,-40,11,1,7,0,0,1,0,1,0,1,-94,0,4,0,643949240,0,100,0,128,1,"[100,-64,5,0,5,5,4,9,2,13,1,16,-1,19,-2,21,-4,22,-4,23,-5,23,-5,22,-5,20,-4,19,-2,17,0,15,2,13,4,11,6,10,9,9,11,8,12,8,14,9,14,9,14,10,13,11,12,12,2,3,0,0,0,0,0,0,0,0,0,0,0,0,0,0,0,0,0,0,2,-2,11,-8,13,-7,15,-7,16,-6,16,-6,17,-6,16,-5,15,-6,14,-7,12,-8,11,-10,10,-13,8,-15,7,-18,6,-20,5,-22,5,-23,5,-25,5,-25,5,-24,6,-23,6,-22,6,-20,6,-17,7,-13,7,-10]"
CSI_DATA,41100,d8:b1:90:db:e8:90,-40,11,1,7,0,0,1,0,1,0,1,-94,0,4,0,643959529,0,100,0,128,1,"[100,-64,5,0,-2,-10,2,-12,5,-14,9,-15,11,-16,14,-16,15,-16,16,-16,16,-16,16,-15,15,-15,13,-14,11,-13,8,-12,6,-12,3,-12,0,-13,-3,-13,-5,-13,-6,-14,-7,-15,-8,-16,-7,-17,-5,-17,-4,-17,-1,-5,0,0,0,0,0,0,0,0,0,0,0,0,0,0,0,0,0,0,-3,-2,-12,-7,-13,-8,-13,-10,-13,-11,-13,-12,-13,-12,-13,-11,-13,-11,-13,-9,-14,-7,-14,-5,-16,-2,-17,0,-18,3,-19,5,-20,6,-22,8,-22,8,-22,9,-22,8,-22,7,-21,6,-20,5,-18,3,-15,0,-13,-2]"
CSI_DATA,41101,d8:b1:90:db:e8:90,-40,11,1,7,0,0,1,0,1,0,1,-94,0,4,0,643971669,0,100,0,128,1,"[100,-64,5,0,8,3,8,7,8,11,8,15,7,18,7,20,6,21,6,22,5,22,5,21,5,20,5,18,5,16,6,14,7,11,8,8,10,6,12,4,13,3,15,2,16,1,17,2,17,2,17,3,16,4,4,1,0,0,0,0,0,0,0,0,0,0,0,0,0,0,0,0,0,0,2,-3,10,-9,12,-9,13,-9,15,-9,15,-8,16,-8,15,-8,14,-9,13,-9,11,-11,9,-13,7,-14,5,-16,3,-18,2,-20,1,-22,1,-24,0,-25,0,-25,0,-25,1,-24,1,-23,2,-21,4,-18,5,-14,6,-12]"
CSI_DATA,41102,d8:b1:90:db:e8:90,-40,11,1,7,0,0,1,0,1,0,1,-94,0,4,0,643982581,0,100,0,128,1,"[100,-64,5,0,-9,-12,-5,-17,-2,-21,1,-25,4,-28,7,-30,8,-31,9,-32,10,-32,10,-30,9,-28,8,-26,5,-24,2,-21,-1,-18,-4,-16,-8,-14,-12,-12,-15,-12,-18,-12,-20,-12,-21,-13,-20,-14,-19,-15,-18,-16,-5,-4,0,0,0,0,0,0,0,0,0,0,0,0,0,0,0,0,0,0,-5,-1,-20,-3,-21,-5,-22,-8,-23,-9,-23,-10,-23,-10,-23,-9,-22,-8,-21,-5,-21,-2,-21,2,-21,6,-21,9,-21,13,-22,17,-22,20,-23,22,-23,24,-24,24,-24,24,-24,23,-23,21,-22,18,-21,14,-20,9,-18,6]"
CSI_DATA,41103,d8:b1:90:db:e8:90,-40,11,1,7,0,0,1,0,1,0,1,-94,0,4,0,643997226,0,100,0,128,1,"[100,-64,5,0,4,-10,9,-10,14,-9,17,-9,21,-8,23,-7,24,-6,25,-5,25,-5,24,-5,23,-5,21,-5,18,-5,16,-6,13,-7,10,-9,7,-11,5,-13,4,-15,3,-17,2,-18,2,-19,3,-20,5,-19,6,-18,1,-5,0,0,0,0,0,0,0,0,0,0,0,0,0,0,0,0,0,0,-2,-4,-8,-14,-8,-16,-7,-18,-6,-19,-5,-20,-5,-20,-5,-19,-6,-18,-7,-17,-9,-15,-11,-13,-14,-12,-17,-10,-20,-9,-22,-8,-24,-7,-26,-7,-27,-7,-28,-7,-28,-7,-27,-7,-25,-7,-22,-8,-19,-9,-15,-9,-11,-10]"
CSI_DATA,41104,d8:b1:90:db:e8:90,-40,11,1,7,0,0,1,0,1,0,1,-94,0,4,0,644009526,0,100,0,128,1,"[100,-64,5,0,-12,5,-15,2,-18,-1,-20,-4,-22,-7,-23,-9,-24,-11,-24,-11,-24,-11,-24,-11,-22,-10,-20,-8,-18,-6,-16,-4,-14,0,-12,2,-11,5,-10,8,-9,10,-9,13,-10,14,-11,15,-11,15,-12,15,-13,14,-4,3,0,0,0,0,0,0,0,0,0,0,0,0,0,0,0,0,0,0,-2,3,-9,13,-11,13,-13,13,-14,13,-15,13,-15,13,-14,13,-12,13,-10,13,-7,14,-4,14,-1,16,2,17,5,18,7,20,9,21,11,22,12,23,13,23,13,23,12,23,11,22,9,21,6,19,3,17,1,15]"
CSI_DATA,41105,d8:b1:90:db:e8:90,-40,11,1,7,0,0,1,0,1,0,1,-94,0,4,0,644026291,0,100,0,128,1,"[100,-64,5,0,-11,-2,-13,-7,-14,-11,-15,-16,-16,-19,-16,-22,-17,-24,-16,-25,-15,-25,-14,-25,-14,-23,-13,-21,-13,-18,-13,-14,-13,-10,-13,-7,-14,-2,-15,1,-17,3,-18,5,-20,6,-21,6,-21,5,-22,4,-22,3,-6,0,0,0,0,0,0,0,0,0,0,0,0,0,0,0,0,0,0,0,-3,3,-11,14,-13,15,-15,15,-16,15,-17,14,-17,14,-16,14,-15,14,-12,14,-10,15,-7,16,-3,17,0,19,4,21,6,24,8,26,10,27,11,28,11,28,11,28,10,28,8,26,6,25,3,22,1,18,-2,15]"
CSI_DATA,41106,d8:b1:90:db:e8:90,-40,11,1,7,0,0,1,0,1,0,1,-94,0,4,0,644051426,0,100,0,128,1,"[100,-64,5,0,8,-5,12,-1,15,2,16,4,18,7,19,8,20,10,20,11,19,11,19,11,18,10,16,9,15,7,14,4,12,1,11,-1,10,-4,10,-7,10,-9,10,-11,10,-12,11,-12,12,-12,13,-12,13,-11,3,-3,0,0,0,0,0,0,0,0,0,0,0,0,0,0,0,0,0,0,1,-4,5,-13,6,-14,8,-15,9,-15,10,-15,10,-15,9,-14,8,-14,6,-14,4,-14,1,-14,-2,-15,-4,-16,-7,-17,-10,-18,-12,-19,-14,-20,-15,-20,-15,-21,-15,-21,-14,-21,-13,-20,-10,-19,-8,-17,-4,-16,-2,-14]"
CSI_DATA,41107,d8:b1:90:db:e8:90,-40,11,1,7,0,0,1,0,1,0,1,-94,0,4,0,644063808,0,100,0,128,1,"[100,-64,5,0,0,13,-6,16,-11,17,-16,19,-20,19,-23,20,-25,19,-26,18,-26,18,-25,18,-24,18,-21,17,-18,15,-14,15,-10,14,-6,15,-2,16,2,17,4,18,7,19,8,20,8,21,8,22,6,22,5,22,1,5,0,0,0,0,0,0,0,0,0,0,0,0,0,0,0,0,0,0,3,2,15,12,15,15,14,17,13,19,13,20,13,20,13,19,14,17,14,15,15,12,17,9,19,5,22,2,25,-1,27,-4,29,-6,31,-8,33,-9,34,-9,34,-9,33,-8,31,-6,28,-4,25,-2,22,2,18,4]"
CSI_DATA,41108,d8:b1:90:db:e8:90,-40,11,1,7,0,0,1,0,1,0,1,-94,0,4,0,644081948,0,100,0,128,1,"[100,-64,5,0,4,8,1,11,-2,14,-4,16,-6,18,-8,19,-9,20,-10,20,-11,20,-11,19,-10,18,-9,17,-7,16,-4,14,-1,13,1,12,4,11,6,10,8,10,10,10,11,11,11,12,11,12,10,13,9,13,2,3,0,0,0,0,0,0,0,0,0,0,0,0,0,0,0,0,0,0,3,0,13,1,14,3,15,4,15,5,16,6,15,6,15,6,15,5,15,3,14,1,14,-1,14,-4,14,-7,15,-10,15,-13,16,-15,16,-16,17,-17,18,-18,18,-18,17,-17,17,-15,16,-13,15,-10,14,-6,13,-4]"
CSI_DATA,41109,d8:b1:90:db:e8:90,-40,11,1,7,0,0,1,0,1,0,1,-94,0,4,0,644099341,0,100,0,128,1,"[100,-64,5,0,0,12,-4,14,-8,16,-12,17,-16,18,-18,19,-20,19,-21,19,-21,18,-20,17,-19,16,-16,15,-13,15,-10,14,-7,13,-3,13,1,13,4,13,7,14,9,15,10,16,11,17,10,18,8,18,7,18,1,4,0,0,0,0,0,0,0,0,0,0,0,0,0,0,0,0,0,0,3,2,12,12,12,14,11,16,11,17,10,18,11,18,11,17,11,15,11,13,13,11,14,7,16,4,18,2,21,-1,23,-4,24,-6,26,-8,28,-8,28,-9,28,-9,28,-8,27,-7,25,-5,22,-2,19,1,16,3]"
CSI_DATA,41110,d8:b1:90:db:e8:90,-40,11,1,7,0,0,1,0,1,0,1,-94,0,4,0,644118394,0,100,0,128,1,"[100,-64,5,0,-10,6,-14,3,-17,1,-20,-2,-22,-4,-23,-6,-24,-7,-25,-8,-25,-9,-24,-8,-22,-7,-21,-6,-19,-4,-16,-2,-14,0,-13,3,-11,6,-10,9,-10,11,-10,13,-10,14,-10,15,-11,15,-12,15,-13,13,-4,3,0,0,0,0,0,0,0,0,0,0,0,0,0,0,0,0,0,0,-1,3,-5,14,-6,15,-8,16,-10,16,-10,16,-10,16,-9,16,-8,16,-6,15,-4,15,-1,15,2,16,5,16,9,17,11,17,14,18,15,19,16,19,17,20,17,20,16,20,15,19,13,18,10,17,6,16,3,15]"
CSI_DATA,41111,d8:b1:90:db:e8:90,-39,11,1,7,0,0,1,0,1,0,1,-94,0,4,0,644130690,0,100,0,128,1,"[100,-64,5,0,9,-3,12,2,15,6,17,10,18,13,18,15,19,17,19,18,18,19,17,18,17,17,16,15,15,13,15,11,15,8,14,5,15,1,16,-1,17,-3,18,-4,18,-5,19,-5,19,-4,19,-3,19,-1,4,-1,0,0,0,0,0,0,0,0,0,0,0,0,0,0,0,0,0,0,0,-4,1,-16,3,-18,5,-19,6,-19,8,-20,8,-20,8,-20,6,-20,5,-19,2,-19,0,-19,-3,-20,-6,-20,-9,-21,-11,-22,-13,-23,-14,-24,-15,-25,-16,-25,-16,-25,-15,-24,-13,-24,-10,-22,-7,-20,-4,-18,-1,-16]"
CSI_DATA,41112,d8:b1:90:db:e8:90,-40,11,1,7,0,0,1,0,1,0,1,-94,0,4,0,644153614,0,100,0,128,1,"[100,-64,5,0,5,-7,9,-6,13,-5,16,-3,19,-2,21,-1,22,0,23,1,22,2,21,2,20,1,18,1,16,0,14,-2,12,-4,10,-6,8,-8,7,-11,6,-13,6,-14,6,-15,6,-16,7,-16,8,-16,9,-15,2,-4,0,0,0,0,0,0,0,0,0,0,0,0,0,0,0,0,0,0,-2,-4,-5,-14,-4,-15,-3,-16,-2,-17,-1,-18,-1,-18,-1,-17,-2,-16,-3,-15,-5,-14,-7,-13,-10,-11,-12,-11,-15,-10,-18,-9,-20,-9,-21,-9,-22,-9,-23,-9,-23,-9,-22,-9,-21,-10,-18,-10,-15,-10,-12,-10,-9,-10]"
CSI_DATA,41113,d8:b1:90:db:e8:90,-41,11,1,7,0,0,1,0,1,0,1,-94,0,4,0,644166355,0,100,0,128,1,"[100,-64,5,0,10,0,11,4,13,8,14,11,14,14,15,16,15,18,14,19,14,19,13,18,12,17,12,15,11,13,11,10,11,6,11,3,11,0,12,-3,13,-5,14,-7,15,-8,16,-8,16,-7,17,-6,16,-5,4,-1,0,0,0,0,0,0,0,0,0,0,0,0,0,0,0,0,0,0,2,-3,10,-11,12,-10,14,-10,15,-10,16,-9,16,-9,15,-9,14,-9,12,-10,9,-11,7,-13,5,-15,2,-17,0,-19,-2,-21,-3,-23,-4,-24,-5,-25,-6,-26,-6,-26,-5,-25,-3,-24,-2,-22,0,-20,2,-17,4,-14]"
CSI_DATA,41114,d8:b1:90:db:e8:90,-40,11,1,7,0,0,1,0,1,0,1,-94,0,4,0,644185390,0,100,0,128,1,"[100,-64,5,0,9,0,11,5,12,9,12,12,13,15,13,18,13,19,13,21,13,21,12,20,11,19,10,17,10,14,10,11,10,8,11,5,12,2,14,-1,15,-3,16,-5,17,-5,17,-5,17,-4,18,-3,18,-2,4,-1,0,0,0,0,0,0,0,0,0,0,0,0,0,0,0,0,0,0,2,-4,8,-13,10,-13,12,-13,14,-13,15,-13,15,-12,14,-12,13,-12,11,-13,9,-13,6,-14,3,-16,1,-18,-2,-20,-4,-21,-6,-23,-7,-25,-8,-26,-8,-26,-8,-26,-7,-26,-5,-24,-4,-22,-1,-20,1,-17,3,-14]"
CSI_DATA,41115,d8:b1:90:db:e8:90,-40,11,1,7,0,0,1,0,1,0,1,-94,0,4,0,644197577,0,100,0,128,1,"[100,-64,5,0,-6,-13,-2,-16,2,-19,6,-22,8,-23,11,-25,12,-26,13,-26,13,-25,13,-25,12,-24,10,-22,7,-20,4,-18,1,-17,-2,-15,-6,-14,-9,-14,-12,-13,-14,-13,-15,-14,-16,-14,-16,-15,-15,-16,-13,-17,-4,-5,0,0,0,0,0,0,0,0,0,0,0,0,0,0,0,0,0,0,-4,-2,-16,-9,-17,-11,-17,-13,-17,-15,-17,-15,-17,-15,-16,-14,-16,-13,-16,-10,-17,-8,-17,-5,-19,-1,-20,2,-22,5,-23,8,-25,11,-26,13,-27,14,-27,15,-27,14,-27,13,-26,12,-24,9,-22,6,-20,3,-17,0]"
CSI_DATA,41116,d8:b1:90:db:e8:90,-40,11,1,7,0,0,1,0,1,0,1,-94,0,4,0,644217035,0,100,0,128,1,"[100,-64,5,0,12,8,10,14,9,19,7,23,6,26,5,29,3,31,3,32,2,31,2,30,2,28,3,25,4,22,6,18,8,14,10,11,13,7,15,4,18,2,20,1,22,1,23,1,23,2,23,4,23,5,5,1,0,0,0,0,0,0,0,0,0,0,0,0,0,0,0,0,0,0,4,-1,19,0,21,1,22,3,23,5,23,6,23,6,22,6,21,4,20,2,18,-1,17,-5,17,-10,16,-14,16,-18,15,-22,15,-25,15,-28,16,-30,16,-30,16,-30,17,-29,17,-27,17,-24,16,-20,16,-15,16,-11]"
CSI_DATA,41117,d8:b1:90:db:e8:90,-40,11,1,7,0,0,1,0,1,0,1,-94,0,4,0,644230958,0,100,0,128,1,"[100,-64,5,0,-10,-9,-8,-13,-6,-18,-4,-21,-3,-24,-1,-26,0,-28,1,-29,1,-28,1,-27,1,-26,0,-24,-2,-21,-4,-18,-6,-15,-8,-12,-11,-10,-13,-8,-16,-7,-18,-6,-20,-6,-20,-7,-20,-7,-20,-8,-19,-10,-5,-3,0,0,0,0,0,0,0,0,0,0,0,0,0,0,0,0,0,0,-5,0,-18,0,-19,-2,-21,-4,-22,-5,-22,-6,-22,-6,-21,-5,-20,-4,-19,-2,-18,1,-16,4,-15,8,-15,11,-15,15,-15,18,-15,22,-15,24,-15,25,-16,26,-16,26,-16,25,-16,23,-16,20,-16,16,-15,12,-15,8]"
CSI_DATA,41118,d8:b1:90:db:e8:90,-42,11,1,7,0,0,1,0,1,0,1,-92,0,4,0,644256384,0,100,0,128,1,"[100,-64,5,0,-6,6,-10,4,-14,2,-17,1,-19,-1,-21,-2,-22,-3,-23,-4,-23,-4,-22,-4,-21,-4,-20,-3,-18,-2,-16,0,-15,2,-13,4,-12,6,-11,9,-10,10,-10,12,-10,13,-11,13,-11,13,-12,12,-13,11,-4,2,0,0,0,0,0,0,0,0,0,0,0,0,0,0,0,0,0,0,1,2,6,11,5,13,4,15,4,16,3,17,3,17,3,16,4,16,5,15,6,13,8,12,10,10,13,9,16,9,18,8,20,8,21,8,22,7,23,7,23,7,22,8,20,8,18,8,15,9,11,9,8,9]"
CSI_DATA,41119,d8:b1:90:db:e8:90,-42,11,1,7,0,0,1,0,1,0,1,-92,0,4,0,644269603,0,100,0,128,1,"[100,-64,5,0,-2,9,-6,10,-10,10,-14,10,-17,11,-19,11,-20,10,-21,10,-21,9,-20,9,-19,9,-17,9,-15,9,-12,9,-9,9,-6,10,-4,11,-2,13,0,14,1,15,2,15,2,16,1,17,0,17,-2,16,-1,4,0,0,0,0,0,0,0,0,0,0,0,0,0,0,0,0,0,0,2,2,9,9,9,11,9,13,8,14,8,15,8,15,8,15,8,13,9,12,10,10,11,8,13,6,15,4,17,2,19,0,20,-1,22,-2,23,-3,24,-3,24,-3,23,-2,22,-1,20,0,18,1,15,3,12,5]"
CSI_DATA,41120,d8:b1:90:db:e8:90,-43,11,1,7,0,0,1,0,1,0,1,-92,0,4,0,644287146,0,100,0,128,1,"[100,-64,5,0,-14,-3,-14,-9,-15,-14,-16,-19,-15,-22,-15,-25,-15,-27,-14,-28,-14,-28,-13,-27,-13,-25,-13,-22,-13,-19,-13,-15,-13,-11,-14,-7,-16,-4,-17,-1,-19,2,-21,3,-22,3,-23,3,-24,3,-24,1,-23,-1,-6,-1,0,0,0,0,0,0,0,0,0,0,0,0,0,0,0,0,0,0,-4,2,-17,10,-18,10,-20,9,-22,8,-23,8,-23,8,-22,8,-20,8,-18,9,-16,11,-14,13,-11,16,-8,19,-6,22,-4,25,-3,28,-2,30,-1,31,-1,32,-1,32,-2,31,-3,29,-4,27,-6,23,-8,19,-10,15]"
CSI_DATA,41121,d8:b1:90:db:e8:90,-42,11,1,7,0,0,1,0,1,0,1,-92,0,4,0,644299993,0,100,0,128,1,"[100,-64,5,0,-12,3,-15,-1,-17,-4,-19,-7,-21,-10,-22,-12,-23,-14,-23,-14,-22,-15,-21,-14,-20,-12,-19,-10,-17,-8,-15,-5,-13,-2,-12,2,-12,5,-11,8,-11,11,-11,13,-11,14,-12,14,-13,14,-14,13,-15,13,-4,3,0,0,0,0,0,0,0,0,0,0,0,0,0,0,0,0,0,0,-3,2,-11,11,-13,11,-15,11,-16,11,-17,10,-17,10,-16,10,-15,10,-12,11,-10,12,-7,13,-4,15,-1,16,2,18,4,20,6,21,8,23,9,24,10,25,10,25,9,24,8,23,6,22,3,20,0,17,-2,15]"
CSI_DATA,41122,d8:b1:90:db:e8:90,-42,11,1,7,0,0,1,0,1,0,1,-92,0,4,0,644316008,0,100,0,128,1,"[100,-64,5,0,-11,-1,-12,-5,-13,-9,-14,-13,-14,-15,-14,-17,-15,-19,-14,-19,-14,-19,-13,-19,-13,-18,-12,-16,-12,-13,-11,-10,-11,-7,-11,-4,-12,-1,-13,2,-14,4,-15,5,-16,6,-16,6,-17,5,-17,5,-18,4,-5,0,0,0,0,0,0,0,0,0,0,0,0,0,0,0,0,0,0,0,-3,2,-10,9,-12,9,-14,8,-15,8,-16,8,-16,8,-15,8,-14,8,-12,9,-10,10,-8,11,-6,13,-3,14,-1,17,1,18,2,20,3,22,4,23,4,23,4,23,4,23,3,22,1,20,-1,18,-3,15,-4,12]"
CSI_DATA,41123,d8:b1:90:db:e8:90,-42,11,1,7,0,0,1,0,1,0,1,-92,0,4,0,644327725,0,100,0,128,1,"[100,-64,5,0,-13,-2,-14,-7,-15,-12,-15,-15,-15,-18,-16,-20,-15,-22,-15,-23,-14,-23,-13,-22,-13,-20,-12,-18,-12,-15,-12,-12,-12,-8,-12,-5,-13,-1,-14,2,-15,5,-16,6,-17,7,-18,7,-19,7,-19,6,-19,5,-5,1,0,0,0,0,0,0,0,0,0,0,0,0,0,0,0,0,0,0,-4,1,-15,6,-17,5,-18,4,-19,3,-20,3,-20,3,-19,3,-18,4,-16,5,-14,7,-12,9,-10,12,-8,15,-6,18,-5,20,-4,23,-3,25,-2,26,-2,27,-2,27,-2,26,-3,25,-4,22,-6,20,-8,16,-9,13]"
CSI_DATA,41124,d8:b1:90:db:e8:90,-42,11,1,7,0,0,1,0,1,0,1,-92,0,4,0,644359735,0,100,0,128,1,"[100,-64,5,0,-5,-7,-2,-11,0,-14,2,-17,4,-20,6,-21,7,-22,8,-22,9,-22,9,-21,8,-20,7,-19,5,-17,2,-15,0,-13,-3,-12,-6,-11,-9,-10,-11,-10,-13,-10,-14,-11,-14,-12,-14,-13,-13,-14,-12,-14,-3,-4,0,0,0,0,0,0,0,0,0,0,0,0,0,0,0,0,0,0,-4,0,-15,3,-16,1,-17,0,-18,-1,-18,-1,-18,-1,-18,-1,-17,0,-16,1,-15,3,-13,5,-12,7,-11,10,-11,13,-10,16,-10,18,-10,20,-10,21,-11,22,-11,22,-11,21,-11,19,-11,17,-11,14,-10,10,-10,7]"
CSI_DATA,41125,d8:b1:90:db:e8:90,-42,11,1,7,0,0,1,0,1,0,1,-92,0,4,0,644371776,0,100,0,128,1,"[100,-64,5,0,3,8,0,11,-3,14,-5,16,-8,18,-10,19,-11,19,-12,19,-13,19,-12,18,-11,18,-10,17,-8,15,-6,14,-3,13,-1,13,2,12,4,12,6,12,8,13,9,13,9,14,8,14,7,15,6,15,1,3,0,0,0,0,0,0,0,0,0,0,0,0,0,0,0,0,0,0,3,0,13,1,14,3,14,4,15,5,16,6,16,6,16,6,15,5,15,4,15,2,15,-1,15,-3,16,-6,16,-8,17,-10,17,-12,18,-14,18,-15,19,-15,19,-15,19,-14,18,-12,17,-10,16,-8,14,-5,13,-2]"
CSI_DATA,41126,d8:b1:90:db:e8:90,-41,11,1,7,0,0,1,0,1,0,1,-92,0,4,0,644391566,0,100,0,128,1,"[100,-64,5,0,-6,10,-11,10,-17,10,-21,9,-25,8,-27,7,-29,5,-30,5,-30,4,-29,4,-28,5,-26,5,-23,6,-20,7,-16,9,-13,11,-10,13,-8,15,-7,17,-6,19,-5,21,-5,22,-6,22,-8,21,-10,20,-3,5,0,0,0,0,0,0,0,0,0,0,0,0,0,0,0,0,0,0,2,3,11,14,10,17,9,19,8,21,8,22,7,22,7,21,8,20,9,18,11,16,14,14,16,12,19,9,23,8,25,7,28,5,30,4,31,4,32,4,31,5,30,5,28,6,25,7,21,8,17,9,13,9]"
CSI_DATA,41127,d8:b1:90:db:e8:90,-42,11,1,7,0,0,1,0,1,0,1,-92,0,4,0,644406151,0,100,0,128,1,"[100,-64,5,0,12,3,12,8,13,12,13,16,12,19,12,22,12,24,11,25,11,25,10,24,10,22,10,20,10,17,10,14,11,10,11,6,13,3,14,0,16,-2,17,-4,19,-4,19,-4,20,-3,20,-2,20,-1,5,0,0,0,0,0,0,0,0,0,0,0,0,0,0,0,0,0,0,0,3,-2,15,-8,16,-8,18,-7,19,-6,20,-5,20,-5,19,-6,18,-6,17,-8,15,-10,12,-12,10,-15,9,-18,7,-20,5,-23,4,-26,3,-28,3,-29,3,-29,3,-29,3,-28,4,-27,5,-24,7,-21,8,-17,9,-14]"
CSI_DATA,41128,d8:b1:90:db:e8:90,-42,11,1,7,0,0,1,0,1,0,1,-92,0,4,0,644416504,0,100,0,128,1,"[100,-64,5,0,1,9,-2,11,-6,13,-9,14,-11,15,-13,16,-15,16,-15,17,-16,16,-15,16,-14,15,-13,14,-11,13,-8,12,-5,11,-2,11,0,11,3,12,5,12,6,13,8,13,8,14,7,15,6,15,5,15,1,4,0,0,0,0,0,0,0,0,0,0,0,0,0,0,0,0,0,0,3,1,12,5,12,7,13,8,13,9,13,10,13,10,13,10,13,9,13,7,13,5,13,3,14,0,16,-2,17,-5,18,-7,19,-9,20,-10,20,-11,21,-11,21,-11,20,-10,20,-9,18,-7,16,-5,14,-2,12,0]"
CSI_DATA,41129,d8:b1:90:db:e8:90,-42,11,1,7,0,0,1,0,1,0,1,-92,0,4,0,644428055,0,100,0,128,1,"[100,-64,5,0,11,-4,13,0,16,3,18,6,19,9,20,11,20,13,20,14,20,14,19,13,18,12,17,10,15,8,14,5,13,3,12,-1,12,-4,12,-7,11,-9,12,-11,13,-12,13,-12,14,-12,14,-12,15,-11,3,-3,0,0,0,0,0,0,0,0,0,0,0,0,0,0,0,0,0,0,1,-4,7,-14,9,-14,11,-15,12,-14,13,-14,13,-14,12,-14,11,-14,9,-14,7,-15,4,-16,0,-17,-2,-18,-5,-19,-7,-21,-9,-22,-11,-23,-12,-24,-12,-24,-12,-24,-11,-24,-10,-23,-8,-22,-5,-20,-2,-17,0,-15]"
CSI_DATA,41130,d8:b1:90:db:e8:90,-42,11,1,7,0,0,1,0,1,0,1,-92,0,4,0,644438779,0,100,0,128,1,"[100,-64,5,0,7,7,5,12,3,15,1,19,-1,22,-2,23,-3,25,-4,25,-5,25,-5,24,-4,23,-3,21,-2,19,0,16,2,14,5,12,8,10,10,9,12,8,14,8,15,8,16,8,16,9,15,10,14,11,3,3,0,0,0,0,0,0,0,0,0,0,0,0,0,0,0,0,0,0,3,-1,15,-4,16,-3,18,-2,19,-1,20,0,20,0,19,0,18,-1,17,-2,16,-4,15,-7,14,-10,13,-13,13,-16,12,-19,12,-21,12,-23,12,-24,12,-25,12,-25,13,-23,13,-22,13,-19,13,-16,12,-12,12,-9]"
CSI_DATA,41131,d8:b1:90:db:e8:90,-42,11,1,7,0,0,1,0,1,0,1,-92,0,4,0,644468028,0,100,0,128,1,"[100,-64,5,0,-2,10,-6,11,-10,12,-13,12,-16,12,-18,12,-19,12,-20,11,-20,11,-20,10,-18,10,-16,10,-14,10,-11,9,-9,10,-5,10,-2,11,0,12,2,13,4,14,4,15,5,15,4,16,3,16,1,16,0,4,0,0,0,0,0,0,0,0,0,0,0,0,0,0,0,0,0,0,2,2,8,10,8,11,8,13,7,14,7,15,7,15,7,14,7,13,8,12,9,10,10,8,12,6,14,3,17,1,19,0,20,-2,22,-3,23,-3,24,-4,23,-3,23,-3,22,-2,20,0,17,1,14,3,12,5]"
CSI_DATA,41132,d8:b1:90:db:e8:90,-42,11,1,7,0,0,1,0,1,0,1,-92,0,4,0,644478506,0,100,0,128,1,"[100,-64,5,0,-9,3,-12,0,-15,-2,-17,-5,-18,-7,-20,-9,-20,-10,-21,-12,-20,-12,-20,-12,-19,-11,-17,-9,-16,-7,-15,-5,-13,-2,-12,0,-12,3,-12,6,-12,8,-12,9,-13,10,-13,10,-14,10,-14,9,-15,8,-4,2,0,0,0,0,0,0,0,0,0,0,0,0,0,0,0,0,0,0,-1,3,-3,12,-4,13,-6,14,-7,15,-8,15,-8,15,-8,14,-7,14,-5,14,-3,14,-1,14,2,14,5,14,7,15,10,15,12,16,13,17,14,17,15,17,15,18,14,17,12,17,10,16,8,15,5,14,2,12]"
CSI_DATA,41133,d8:b1:90:db:e8:90,-42,11,1,7,0,0,1,0,1,0,1,-92,0,4,0,644493815,0,100,0,128,1,"[100,-64,5,0,12,10,9,16,7,21,5,27,2,31,0,33,-1,35,-1,35,-2,35,-2,33,-1,31,0,29,2,25,4,21,7,17,10,14,13,11,17,8,19,6,22,5,24,5,25,5,26,6,25,8,24,9,5,2,0,0,0,0,0,0,0,0,0,0,0,0,0,0,0,0,0,0,5,-1,21,0,23,2,24,4,25,6,25,7,25,7,25,7,23,5,22,2,21,-1,20,-5,19,-10,18,-14,18,-19,18,-23,18,-27,18,-30,18,-32,19,-33,19,-33,19,-31,19,-29,19,-26,19,-21,18,-16,18,-11]"
CSI_DATA,41134,d8:b1:90:db:e8:90,-42,11,1,7,0,0,1,0,1,0,1,-92,0,4,0,644504275,0,100,0,128,1,"[100,-64,5,0,13,-2,15,4,17,8,18,13,19,16,20,19,20,21,20,22,19,22,19,21,18,20,17,17,16,14,15,11,14,7,14,3,15,-1,16,-5,16,-8,18,-9,18,-10,19,-11,20,-10,21,-9,21,-8,5,-2,0,0,0,0,0,0,0,0,0,0,0,0,0,0,0,0,0,0,2,-4,12,-14,14,-14,16,-14,18,-14,19,-14,19,-13,18,-13,16,-13,14,-13,11,-14,8,-16,4,-18,1,-21,-2,-23,-5,-26,-7,-28,-8,-30,-9,-31,-10,-32,-9,-32,-9,-31,-7,-30,-5,-27,-2,-24,1,-21,4,-17]"
CSI_DATA,41135,d8:b1:90:db:e8:90,-42,11,1,7,0,0,1,0,1,0,1,-92,0,4,0,644514804,0,100,0,128,1,"[100,-64,5,0,-11,-1,-12,-5,-13,-9,-14,-12,-15,-15,-15,-17,-15,-19,-14,-19,-14,-20,-14,-19,-13,-18,-12,-16,-12,-13,-12,-10,-11,-7,-12,-4,-12,-1,-13,2,-14,4,-15,6,-15,6,-16,6,-17,6,-17,5,-18,4,-5,1,0,0,0,0,0,0,0,0,0,0,0,0,0,0,0,0,0,0,-3,2,-11,9,-12,8,-14,8,-15,8,-16,8,-16,7,-16,7,-14,8,-13,8,-11,9,-8,11,-6,12,-3,14,-1,16,0,19,2,21,3,22,4,23,4,24,4,24,3,23,2,22,1,20,-1,18,-3,15,-5,13]"
CSI_DATA,41136,d8:b1:90:db:e8:90,-42,11,1,7,0,0,1,0,0,0,1,-92,0,4,0,644525623,0,100,0,128,1,"[100,-64,5,0,-16,16,-16,16,-15,16,-15,17,-14,17,-14,17,-13,17,-13,17,-12,17,-12,17,-12,17,-12,17,-12,18,-12,17,-12,17,-12,17,-12,17,-12,16,-11,15,-11,15,-11,14,-11,13,-11,13,-12,13,-13,12,-4,3,0,0,0,0,0,0,0,0,0,0,0,0,0,0,0,0,0,0,-3,3,-11,12,-12,12,-13,12,-14,12,-14,12,-15,11,-16,11,-16,11,-17,11,-18,12,-18,12,-18,12,-18,12,-18,12,-18,12,-18,12,-18,12,-18,13,-18,13,-18,14,-18,15,-18,15,-17,15,-17,15,-17,15,-17,16]"
CSI_DATA,41137,d8:b1:90:db:e8:90,-42,11,1,7,0,0,1,0,0,0,1,-92,0,4,0,644540036,0,100,0,128,1,"[100,-64,5,0,4,-23,4,-23,3,-22,3,-22,3,-22,3,-22,2,-22,2,-22,2,-22,1,-23,1,-22,1,-22,1,-22,1,-22,1,-22,1,-21,2,-21,2,-20,2,-20,2,-19,2,-19,2,-18,2,-18,3,-17,3,-17,1,-5,0,0,0,0,0,0,0,0,0,0,0,0,0,0,0,0,0,0,0,-4,2,-16,3,-17,4,-17,4,-18,5,-18,5,-19,6,-19,6,-19,7,-19,7,-19,8,-19,8,-19,8,-19,8,-20,8,-20,8,-20,8,-20,7,-20,8,-21,7,-21,7,-21,6,-21,6,-22,6,-23,5,-23,5,-23]"
CSI_DATA,41138,d8:b1:90:db:e8:90,-42,11,1,7,0,0,1,0,0,0,1,-92,0,4,0,644561229,0,100,0,128,1,"[100,-64,5,0,22,3,21,2,21,2,21,2,20,2,20,1,20,1,21,1,21,0,21,0,20,0,20,1,20,1,20,0,20,1,20,1,19,1,19,0,18,0,18,1,17,1,17,2,17,2,16,2,15,3,3,0,0,0,0,0,0,0,0,0,0,0,0,0,0,0,0,0,0,0,4,0,16,1,16,2,16,2,16,3,17,3,17,4,18,4,18,5,19,5,19,6,19,6,19,6,18,7,19,7,19,7,19,6,19,6,19,6,20,6,20,5,20,5,21,5,21,4,21,4,21,4,21,4]"
CSI_DATA,41139,d8:b1:90:db:e8:90,-41,11,1,7,0,0,1,0,0,0,1,-92,0,4,0,644573432,0,100,0,128,1,"[100,-64,5,0,19,-8,18,-8,19,-9,19,-9,18,-9,18,-9,17,-10,17,-10,16,-10,16,-10,16,-10,16,-10,16,-10,16,-10,16,-10,16,-10,16,-9,15,-9,15,-9,15,-9,15,-8,15,-7,15,-7,15,-6,15,-5,3,-2,0,0,0,0,0,0,0,0,0,0,0,0,0,0,0,0,0,0,3,-2,13,-7,14,-7,14,-7,15,-6,16,-6,16,-6,17,-5,17,-5,17,-5,18,-4,18,-4,18,-4,19,-3,19,-3,19,-3,19,-4,19,-4,19,-4,20,-4,20,-5,20,-5,20,-6,20,-6,20,-6,20,-6,19,-6]"
CSI_DATA,41140,d8:b1:90:db:e8:90,-42,11,1,7,0,0,1,0,0,0,1,-92,0,4,0,644586544,0,100,0,128,1,"[100,-64,5,0,20,3,20,3,20,3,19,2,19,2,19,2,19,1,19,1,19,1,19,0,19,0,19,1,18,1,18,1,18,1,18,1,18,1,17,1,16,2,16,2,16,2,16,2,15,2,14,3,14,3,3,0,0,0,0,0,0,0,0,0,0,0,0,0,0,0,0,0,0,0,3,-1,15,-1,15,0,15,1,15,1,15,2,16,2,16,3,17,3,17,4,18,4,18,5,19,5,19,5,18,5,18,5,18,5,18,4,19,4,19,4,19,4,19,4,19,4,19,4,19,3,19,3,20,3]"
CSI_DATA,41141,d8:b1:90:db:e8:90,-41,11,1,7,0,0,1,0,0,0,1,-92,0,4,0,644604215,0,100,0,128,1,"[100,-64,5,0,-4,24,-4,24,-3,23,-3,22,-2,22,-2,21,-2,21,-2,22,-1,21,-1,21,-1,21,-1,21,-1,21,-1,21,-1,21,-1,20,-2,20,-2,19,-2,19,-2,19,-2,18,-2,18,-3,17,-3,17,-4,17,-1,4,0,0,0,0,0,0,0,0,0,0,0,0,0,0,0,0,0,0,0,4,0,17,-1,17,-2,17,-3,18,-3,18,-3,19,-4,19,-4,20,-5,20,-6,21,-6,21,-6,21,-7,22,-6,22,-6,22,-6,22,-6,22,-5,22,-5,22,-5,22,-5,23,-5,23,-5,22,-5,22,-4,23,-3,23]"
CSI_DATA,41142,d8:b1:90:db:e8:90,-42,11,1,7,0,0,1,0,0,0,1,-92,0,4,0,644617029,0,100,0,128,1,"[100,-64,5,0,21,-11,20,-12,20,-12,19,-12,18,-12,18,-12,17,-12,17,-12,17,-12,17,-13,17,-13,17,-13,18,-13,18,-13,17,-13,16,-12,16,-12,15,-12,15,-11,15,-11,15,-11,15,-10,15,-9,15,-9,15,-8,3,-2,0,0,0,0,0,0,0,0,0,0,0,0,0,0,0,0,0,0,3,-3,13,-11,13,-11,14,-10,15,-10,16,-10,17,-9,18,-9,18,-9,19,-9,20,-9,19,-9,20,-9,20,-9,20,-8,20,-9,20,-9,20,-9,20,-9,20,-9,20,-10,20,-10,20,-10,20,-11,20,-11,20,-11,20,-11]"
CSI_DATA,41143,d8:b1:90:db:e8:90,-41,11,1,7,0,0,1,0,0,0,1,-92,0,4,0,644628669,0,100,0,128,1,"[100,-64,5,0,-9,19,-9,19,-8,19,-8,19,-7,19,-7,19,-6,19,-6,19,-6,19,-6,19,-5,19,-5,19,-5,19,-5,19,-5,19,-5,18,-5,18,-5,18,-5,17,-5,17,-5,16,-5,15,-5,15,-6,15,-6,15,-2,3,0,0,0,0,0,0,0,0,0,0,0,0,0,0,0,0,0,0,-2,3,-5,15,-6,15,-7,14,-8,14,-8,15,-9,15,-9,16,-10,16,-10,16,-11,16,-12,16,-12,16,-12,17,-12,17,-12,17,-12,17,-12,17,-11,17,-11,17,-11,18,-11,18,-11,18,-11,18,-11,18,-10,18,-10,19]"
CSI_DATA,41144,d8:b1:90:db:e8:90,-42,11,1,7,0,0,1,0,0,0,1,-92,0,4,0,644640793,0,100,0,128,1,"[100,-64,5,0,-23,0,-23,1,-22,1,-22,1,-22,1,-22,2,-22,2,-22,3,-22,3,-22,3,-22,3,-21,3,-21,4,-21,4,-21,3,-21,3,-20,3,-19,3,-19,2,-19,2,-18,1,-18,1,-18,1,-18,1,-18,0,-5,0,0,0,0,0,0,0,0,0,0,0,0,0,0,0,0,0,0,0,-4,0,-17,3,-17,3,-17,2,-17,1,-18,1,-19,0,-20,0,-20,0,-21,-1,-21,-1,-21,-2,-21,-2,-21,-2,-22,-2,-22,-2,-22,-2,-22,-2,-22,-2,-22,-2,-22,-2,-22,-2,-22,-2,-22,-1,-22,-1,-22,-1,-23,-1]"
CSI_DATA,41145,d8:b1:90:db:e8:90,-42,11,1,7,0,0,1,0,0,0,1,-92,0,4,0,644662481,0,100,0,128,1,"[100,-64,5,0,-22,-4,-22,-4,-22,-4,-22,-3,-22,-3,-21,-2,-21,-2,-22,-2,-21,-1,-21,-1,-21,-1,-21,-1,-21,-1,-20,-1,-20,-1,-20,-1,-20,-1,-20,-1,-19,-1,-19,-2,-18,-2,-18,-3,-17,-3,-17,-3,-16,-3,-4,-1,0,0,0,0,0,0,0,0,0,0,0,0,0,0,0,0,0,0,-4,-1,-16,-2,-17,-3,-17,-4,-17,-4,-18,-4,-18,-5,-19,-5,-19,-6,-19,-6,-20,-7,-20,-8,-20,-9,-20,-9,-20,-9,-20,-8,-20,-8,-20,-8,-20,-8,-20,-7,-20,-7,-20,-6,-21,-6,-21,-6,-21,-6,-22,-5,-22,-5]"
CSI_DATA,41146,d8:b1:90:db:e8:90,-42,11,1,7,0,0,1,0,0,0,1,-92,0,4,0,644674774,0,100,0,128,1,"[100,-64,5,0,20,-3,20,-3,20,-3,19,-3,19,-3,19,-4,19,-5,19,-5,18,-5,18,-5,18,-5,18,-4,18,-4,18,-4,18,-4,18,-3,17,-2,17,-2,17,-2,16,-2,16,-2,16,-1,15,-1,15,-1,15,-1,3,0,0,0,0,0,0,0,0,0,0,0,0,0,0,0,0,0,0,0,3,-2,14,-5,14,-4,15,-4,15,-3,16,-3,17,-3,17,-2,18,-2,18,-2,19,-1,19,-1,19,-1,19,-1,19,-1,19,0,19,-1,19,-1,19,-1,20,0,20,-1,20,-1,21,-2,21,-2,21,-2,21,-2,21,-3]"
CSI_DATA,41147,d8:b1:90:db:e8:90,-41,11,1,7,0,0,1,0,0,0,1,-92,0,4,0,644685070,0,100,0,128,1,"[100,-64,5,0,-17,-15,-17,-14,-17,-14,-17,-14,-17,-13,-17,-13,-17,-13,-17,-13,-17,-12,-17,-12,-18,-11,-18,-11,-17,-11,-17,-11,-17,-11,-16,-12,-16,-12,-15,-12,-14,-12,-14,-11,-13,-11,-13,-11,-12,-11,-12,-11,-11,-12,-3,-3,0,0,0,0,0,0,0,0,0,0,0,0,0,0,0,0,0,0,-4,-3,-13,-10,-13,-10,-13,-11,-13,-12,-13,-12,-13,-13,-13,-13,-13,-14,-13,-14,-13,-15,-13,-16,-13,-16,-13,-16,-12,-16,-12,-17,-12,-17,-13,-16,-13,-16,-14,-16,-14,-16,-14,-16,-15,-16,-15,-15,-16,-15,-16,-15,-16,-15]"
CSI_DATA,41148,d8:b1:90:db:e8:90,-41,11,1,7,0,0,1,0,0,0,1,-92,0,4,0,644701073,0,100,0,128,1,"[100,-64,5,0,-22,-13,-22,-13,-22,-12,-21,-12,-21,-12,-21,-11,-21,-11,-21,-11,-21,-10,-21,-10,-22,-9,-22,-9,-21,-8,-21,-9,-21,-9,-20,-10,-20,-10,-19,-10,-18,-10,-17,-10,-17,-10,-16,-10,-16,-10,-15,-10,-15,-10,-4,-3,0,0,0,0,0,0,0,0,0,0,0,0,0,0,0,0,0,0,-5,-2,-17,-7,-17,-8,-17,-9,-17,-10,-17,-11,-17,-11,-17,-12,-18,-12,-18,-13,-18,-14,-18,-14,-18,-14,-18,-15,-18,-15,-18,-15,-17,-15,-18,-15,-18,-15,-19,-15,-19,-15,-20,-15,-20,-14,-21,-14,-21,-14,-21,-13,-22,-13]"
CSI_DATA,41149,d8:b1:90:db:e8:90,-41,11,1,7,0,0,1,0,0,0,1,-92,0,4,0,644712329,0,100,0,128,1,"[100,-64,5,0,18,-16,17,-16,17,-16,17,-16,17,-16,16,-16,16,-17,15,-17,15,-17,14,-17,14,-17,14,-17,14,-17,15,-17,14,-17,14,-16,14,-16,14,-15,14,-14,13,-14,13,-13,13,-13,13,-12,13,-11,14,-10,3,-3,0,0,0,0,0,0,0,0,0,0,0,0,0,0,0,0,0,0,3,-3,12,-12,12,-12,12,-12,13,-12,14,-12,14,-12,15,-12,16,-12,17,-12,18,-12,18,-12,19,-12,19,-12,19,-12,19,-12,19,-12,19,-12,19,-13,18,-13,18,-14,18,-15,18,-15,18,-15,18,-15,18,-15,19,-15]"
CSI_DATA,41150,d8:b1:90:db:e8:90,-42,11,1,7,0,0,1,0,0,0,1,-92,0,4,0,644723658,0,100,0,128,1,"[100,-64,5,0,-3,-21,-3,-21,-3,-21,-3,-21,-4,-20,-4,-20,-4,-20,-5,-19,-5,-19,-6,-19,-6,-19,-6,-19,-6,-19,-6,-19,-6,-19,-6,-18,-5,-18,-5,-18,-5,-17,-5,-17,-4,-16,-4,-16,-4,-16,-3,-16,-2,-15,-1,-4,0,0,0,0,0,0,0,0,0,0,0,0,0,0,0,0,0,0,-2,-4,-5,-15,-4,-15,-3,-16,-3,-16,-2,-16,-2,-17,-2,-17,-1,-18,-1,-19,0,-19,0,-20,0,-20,0,-20,0,-20,0,-20,0,-20,0,-20,0,-20,-1,-20,-1,-21,-2,-21,-2,-21,-2,-21,-2,-21,-2,-21,-2,-22]"
CSI_DATA,41151,d8:b1:90:db:e8:90,-42,11,1,7,0,0,1,0,0,0,1,-92,0,4,0,644735216,0,100,0,128,1,"[100,-64,5,0,-24,12,-24,12,-23,12,-22,12,-22,13,-21,13,-21,14,-20,14,-20,14,-20,14,-19,15,-19,15,-19,15,-20,15,-19,15,-19,14,-18,13,-18,13,-18,13,-17,12,-17,12,-17,11,-17,10,-17,9,-17,8,-5,2,0,0,0,0,0,0,0,0,0,0,0,0,0,0,0,0,0,0,-4,2,-15,10,-16,10,-17,9,-18,9,-19,9,-20,9,-21,9,-21,8,-22,8,-22,8,-23,8,-23,7,-23,7,-23,7,-24,7,-23,7,-23,8,-24,8,-24,9,-24,10,-24,10,-24,11,-24,11,-24,11,-24,11,-25,11]"
CSI_DATA,41152,d8:b1:90:db:e8:90,-41,11,1,7,0,0,1,0,0,0,1,-92,0,4,0,644746701,0,100,0,128,1,"[100,-64,5,0,-24,-8,-23,-8,-23,-7,-23,-6,-23,-6,-22,-5,-22,-5,-22,-4,-22,-4,-22,-4,-23,-4,-23,-3,-23,-3,-23,-3,-22,-3,-22,-4,-21,-4,-20,-4,-19,-4,-19,-4,-19,-4,-18,-5,-18,-5,-18,-6,-17,-7,-5,-2,0,0,0,0,0,0,0,0,0,0,0,0,0,0,0,0,0,0,-5,-1,-18,-3,-18,-4,-18,-4,-18,-5,-19,-5,-19,-6,-19,-7,-20,-8,-20,-9,-20,-9,-20,-10,-20,-10,-20,-11,-20,-11,-21,-11,-21,-10,-22,-10,-21,-10,-21,-10,-21,-10,-22,-10,-22,-10,-22,-9,-22,-9,-22,-9,-23,-9]"
CSI_DATA,41153,d8:b1:90:db:e8:90,-41,11,1,7,0,0,1,0,0,0,1,-92,0,4,0,644769922,0,100,0,128,1,"[100,-64,5,0,4,-21,4,-21,3,-21,3,-21,2,-20,1,-20,1,-20,1,-20,0,-20,0,-20,0,-20,-1,-20,-1,-20,-1,-20,-1,-20,0,-19,0,-19,0,-19,0,-18,0,-18,0,-17,1,-17,1,-16,2,-16,3,-16,0,-4,0,0,0,0,0,0,0,0,0,0,0,0,0,0,0,0,0,0,0,-4,2,-16,2,-16,3,-16,4,-16,4,-17,5,-17,5,-17,6,-18,7,-18,7,-18,7,-18,8,-18,8,-18,8,-18,8,-19,8,-19,7,-19,7,-20,7,-20,7,-20,7,-20,7,-20,6,-20,6,-20,6,-20,6,-21]"
CSI_DATA,41154,d8:b1:90:db:e8:90,-41,11,1,7,0,0,1,0,0,0,1,-92,0,4,0,644781184,0,100,0,128,1,"[100,-64,5,0,15,21,15,20,16,20,16,20,16,20,16,19,17,19,17,18,17,17,17,16,18,16,18,17,18,17,17,17,17,17,17,17,17,17,16,17,15,16,15,16,15,16,14,15,13,15,12,15,11,16,2,4,0,0,0,0,0,0,0,0,0,0,0,0,0,0,0,0,0,0,3,3,12,14,12,15,11,15,11,16,12,17,12,18,11,19,11,20,12,21,12,21,11,21,11,22,11,22,11,23,11,23,11,23,11,22,11,22,12,23,13,23,14,23,14,23,14,22,14,22,15,22,15,22]"
CSI_DATA,41155,d8:b1:90:db:e8:90,-42,11,1,7,0,0,1,0,0,0,1,-92,0,4,0,644800073,0,100,0,128,1,"[100,-64,5,0,25,4,25,3,24,2,24,2,24,2,24,2,24,1,24,0,24,0,23,0,23,-1,23,-1,23,-1,22,-1,22,-1,22,-1,22,-1,21,0,20,0,20,0,19,1,19,1,18,2,19,2,19,3,4,0,0,0,0,0,0,0,0,0,0,0,0,0,0,0,0,0,0,0,4,0,18,0,18,1,18,2,18,2,19,3,20,4,21,5,21,5,22,6,22,6,22,7,22,8,22,8,22,7,22,7,22,7,22,7,23,7,23,7,23,7,23,6,23,6,23,5,24,5,24,5,25,5]"
CSI_DATA,41156,d8:b1:90:db:e8:90,-41,11,1,7,0,0,1,0,0,0,1,-92,0,4,0,644816576,0,100,0,128,1,"[100,-64,5,0,23,-6,23,-7,23,-7,22,-6,22,-6,21,-6,21,-7,22,-7,22,-7,21,-8,21,-8,22,-8,22,-8,21,-8,21,-8,20,-7,20,-7,20,-7,19,-6,19,-5,18,-5,18,-4,17,-4,17,-3,17,-3,4,-1,0,0,0,0,0,0,0,0,0,0,0,0,0,0,0,0,0,0,4,-2,16,-7,17,-6,17,-6,18,-5,19,-5,19,-4,20,-3,21,-3,21,-2,22,-2,22,-2,22,-2,22,-2,22,-2,23,-2,23,-2,23,-2,23,-3,23,-3,23,-3,23,-4,23,-4,23,-4,23,-5,23,-5,24,-6]"
CSI_DATA,41157,d8:b1:90:db:e8:90,-41,11,1,7,0,0,1,0,0,0,1,-92,0,4,0,644831575,0,100,0,128,1,"[100,-64,5,0,18,-10,18,-10,18,-10,18,-10,17,-10,17,-10,17,-11,17,-11,17,-11,16,-11,16,-11,16,-11,16,-11,16,-11,16,-11,16,-11,16,-11,15,-10,15,-10,14,-9,14,-9,14,-8,14,-8,14,-7,14,-6,3,-2,0,0,0,0,0,0,0,0,0,0,0,0,0,0,0,0,0,0,3,-3,13,-8,14,-8,14,-7,15,-7,15,-7,16,-6,17,-6,18,-5,18,-5,19,-5,19,-5,19,-5,18,-5,19,-5,19,-5,19,-5,19,-6,19,-6,19,-6,19,-7,19,-7,19,-8,18,-8,19,-8,19,-9,19,-9]"
CSI_DATA,41158,d8:b1:90:db:e8:90,-42,11,1,7,0,0,1,0,0,0,1,-92,0,4,0,644844794,0,100,0,128,1,"[100,-64,5,0,15,-21,14,-21,14,-21,14,-20,14,-20,13,-21,12,-21,12,-21,11,-21,11,-21,10,-21,10,-21,10,-21,10,-21,10,-21,10,-20,10,-20,10,-19,10,-19,10,-18,10,-17,10,-16,10,-16,11,-16,11,-16,2,-4,0,0,0,0,0,0,0,0,0,0,0,0,0,0,0,0,0,0,1,-4,7,-16,8,-16,10,-17,11,-17,11,-17,12,-17,13,-17,13,-17,14,-18,14,-18,15,-18,15,-18,15,-18,16,-18,16,-18,16,-18,16,-18,16,-18,16,-19,16,-19,15,-19,15,-20,16,-20,16,-20,16,-21,15,-21]"
CSI_DATA,41159,d8:b1:90:db:e8:90,-42,11,1,7,0,0,1,0,0,0,1,-92,0,4,0,644868336,0,100,0,128,1,"[100,-64,5,0,-10,-18,-10,-18,-10,-18,-10,-17,-11,-17,-11,-17,-11,-16,-12,-16,-12,-15,-12,-15,-12,-15,-13,-15,-13,-15,-13,-15,-13,-15,-12,-15,-11,-14,-11,-14,-10,-14,-10,-14,-10,-13,-10,-13,-9,-13,-8,-13,-8,-13,-2,-4,0,0,0,0,0,0,0,0,0,0,0,0,0,0,0,0,0,0,-3,-4,-9,-13,-8,-13,-8,-14,-7,-14,-7,-15,-8,-16,-8,-17,-8,-17,-7,-18,-7,-18,-7,-18,-7,-18,-7,-18,-7,-19,-7,-19,-7,-19,-7,-19,-8,-19,-8,-19,-8,-19,-8,-19,-9,-19,-9,-19,-9,-19,-9,-19,-9,-19]"
CSI_DATA,41160,d8:b1:90:db:e8:90,-41,11,1,7,0,0,1,0,0,0,1,-92,0,4,0,644881346,0,100,0,128,1,"[100,-64,5,0,20,-3,20,-3,20,-4,20,-4,19,-5,19,-5,19,-6,19,-6,19,-6,18,-7,18,-7,18,-7,19,-7,18,-7,18,-7,18,-6,17,-6,17,-6,16,-5,16,-5,16,-5,15,-4,15,-4,15,-3,15,-3,3,-1,0,0,0,0,0,0,0,0,0,0,0,0,0,0,0,0,0,0,3,-2,14,-5,15,-5,15,-5,15,-4,16,-4,17,-3,18,-3,19,-2,19,-2,19,-2,19,-2,20,-2,20,-2,20,-2,20,-1,20,-1,20,-1,20,-1,20,-2,21,-2,21,-2,21,-3,21,-3,21,-3,21,-3,21,-3]"
CSI_DATA,41161,d8:b1:90:db:e8:90,-42,11,1,7,0,0,1,0,0,0,1,-92,0,4,0,644898855,0,100,0,128,1,"[100,-64,5,0,19,-17,19,-17,19,-17,19,-18,18,-18,18,-18,17,-18,16,-19,16,-19,16,-19,16,-18,15,-18,15,-17,15,-18,15,-18,15,-18,15,-18,15,-17,15,-16,15,-16,15,-15,15,-14,15,-14,15,-14,16,-13,4,-4,0,0,0,0,0,0,0,0,0,0,0,0,0,0,0,0,0,0,3,-4,13,-14,13,-14,14,-14,15,-13,16,-14,17,-14,18,-14,18,-13,18,-13,19,-13,21,-13,22,-14,22,-14,21,-13,21,-13,20,-13,20,-13,20,-13,21,-13,21,-14,21,-14,20,-15,20,-15,20,-16,20,-16,21,-17]"
CSI_DATA,41162,d8:b1:90:db:e8:90,-42,11,1,7,0,0,1,0,0,0,1,-92,0,4,0,644911251,0,100,0,128,1,"[100,-64,5,0,-9,21,-8,22,-7,22,-6,21,-6,21,-6,21,-5,22,-5,21,-5,20,-5,20,-5,21,-4,21,-3,20,-3,20,-4,20,-5,20,-5,20,-4,20,-4,18,-5,18,-6,17,-7,17,-7,17,-7,16,-8,15,-2,3,0,0,0,0,0,0,0,0,0,0,0,0,0,0,0,0,0,0,-1,4,-3,16,-4,16,-5,16,-6,17,-7,17,-7,18,-8,18,-8,18,-9,18,-10,19,-10,19,-11,18,-11,18,-11,19,-11,19,-11,19,-11,19,-11,19,-10,20,-9,21,-9,21,-9,20,-10,21,-10,22,-9,22,-9,21]"
CSI_DATA,41163,d8:b1:90:db:e8:90,-42,11,1,5,0,0,1,0,1,0,0,-92,0,4,0,644926329,0,100,0,128,1,"[100,-64,5,0,8,1,9,5,10,9,10,13,10,15,10,18,10,19,10,20,9,20,9,19,8,18,8,16,8,13,8,10,8,7,9,4,10,0,11,-2,12,-4,14,-6,15,-6,16,-6,16,-5,17,-4,17,-3,4,-1,0,0,0,0,0,0,0,0,0,0,0,0,0,0,0,0,0,0,2,-3,10,-10,11,-10,13,-10,14,-9,15,-9,15,-8,14,-8,13,-9,11,-9,9,-10,6,-11,4,-13,2,-15,-1,-17,-3,-19,-4,-21,-6,-22,-6,-23,-7,-24,-6,-24,-6,-24,-5,-23,-3,-21,-1,-18,0,-15,2,-13]"
CSI_DATA,41164,d8:b1:90:db:e8:90,-41,11,1,5,0,0,1,0,1,0,0,-92,0,4,0,644939773,0,100,0,128,1,"[100,-64,5,0,-3,-9,0,-12,4,-14,7,-17,10,-18,13,-19,14,-19,15,-19,15,-19,15,-18,14,-18,13,-17,10,-16,8,-15,5,-15,3,-14,0,-15,-2,-15,-4,-16,-6,-16,-7,-17,-7,-18,-6,-18,-4,-18,-3,-18,-1,-5,0,0,0,0,0,0,0,0,0,0,0,0,0,0,0,0,0,0,-4,0,-15,0,-16,-2,-17,-4,-18,-5,-18,-6,-19,-6,-19,-6,-18,-5,-18,-3,-18,-2,-17,1,-18,3,-18,6,-18,9,-19,11,-20,13,-20,14,-21,15,-21,15,-21,15,-21,14,-20,12,-19,10,-18,7,-15,4,-13,2]"
CSI_DATA,41165,d8:b1:90:db:e8:90,-41,11,1,7,0,0,1,0,0,0,1,-92,0,4,0,644950246,0,100,0,128,1,"[100,-64,5,0,15,-19,14,-19,14,-20,13,-20,12,-21,11,-21,10,-20,10,-19,9,-18,9,-18,8,-19,8,-20,8,-21,8,-21,8,-21,8,-20,8,-19,8,-19,8,-19,8,-19,8,-18,8,-17,8,-17,9,-16,9,-15,2,-4,0,0,0,0,0,0,0,0,0,0,0,0,0,0,0,0,0,0,2,-4,9,-14,10,-14,11,-14,12,-14,13,-15,13,-15,13,-15,14,-15,14,-15,15,-16,16,-15,17,-15,17,-15,17,-15,17,-15,16,-15,16,-16,16,-16,16,-17,15,-18,15,-18,15,-18,14,-17,14,-17,15,-17,16,-17]"
CSI_DATA,41166,d8:b1:90:db:e8:90,-42,11,1,7,0,0,1,0,0,0,1,-92,0,4,0,644970473,0,100,0,128,1,"[100,-64,5,0,-13,18,-13,18,-12,18,-12,18,-11,18,-11,18,-10,18,-10,18,-9,18,-8,18,-8,18,-9,19,-9,19,-9,19,-9,18,-8,18,-8,17,-8,16,-9,16,-9,16,-9,15,-9,15,-9,14,-9,14,-10,13,-3,3,0,0,0,0,0,0,0,0,0,0,0,0,0,0,0,0,0,0,-2,3,-7,15,-8,14,-9,14,-10,15,-10,15,-11,15,-11,15,-12,15,-13,15,-13,15,-14,15,-15,15,-15,16,-15,16,-15,16,-15,16,-15,16,-15,16,-15,16,-15,16,-15,17,-15,17,-14,17,-14,17,-14,18,-14,18]"
CSI_DATA,41167,d8:b1:90:db:e8:90,-42,11,1,7,0,0,1,0,0,0,1,-92,0,4,0,644983921,0,100,0,128,1,"[100,-64,5,0,17,10,17,10,17,10,17,9,16,9,17,9,17,8,17,7,17,7,17,7,17,6,16,6,16,6,16,6,16,6,16,6,16,6,15,6,15,6,14,6,14,6,14,7,13,7,12,7,12,7,2,1,0,0,0,0,0,0,0,0,0,0,0,0,0,0,0,0,0,0,3,1,14,4,14,5,14,6,13,7,14,7,14,8,14,9,14,9,15,9,14,10,14,11,14,12,14,12,14,12,14,12,14,12,14,12,14,12,14,12,15,12,15,12,15,11,16,11,16,11,16,11,16,11]"
CSI_DATA,41168,d8:b1:90:db:e8:90,-41,11,1,7,0,0,1,0,0,0,1,-92,0,4,0,644994134,0,100,0,128,1,"[100,-64,5,0,19,10,18,9,18,9,18,9,18,8,18,8,18,7,18,6,18,6,18,5,18,5,18,5,18,5,18,5,18,5,18,5,18,4,17,4,16,5,16,5,15,5,15,5,14,5,14,5,13,5,3,1,0,0,0,0,0,0,0,0,0,0,0,0,0,0,0,0,0,0,3,1,14,5,14,6,14,7,14,7,14,8,15,8,15,9,15,10,15,10,15,11,14,12,14,12,14,12,14,12,15,13,15,13,16,12,16,12,16,12,16,12,16,11,17,11,17,11,17,11,17,11,17,10]"
CSI_DATA,41169,d8:b1:90:db:e8:90,-41,11,1,7,0,0,1,0,0,0,1,-92,0,4,0,645005384,0,100,0,128,1,"[100,-64,5,0,-11,18,-11,18,-11,18,-11,18,-10,18,-10,18,-10,18,-9,18,-9,18,-8,18,-8,18,-8,18,-8,18,-8,17,-8,17,-8,17,-8,16,-8,16,-8,16,-8,16,-7,15,-7,14,-7,14,-7,14,-8,13,-2,3,0,0,0,0,0,0,0,0,0,0,0,0,0,0,0,0,0,0,-1,3,-5,14,-6,14,-7,14,-8,15,-8,15,-9,15,-9,15,-10,15,-10,16,-11,16,-12,16,-12,16,-12,16,-12,16,-13,16,-13,15,-13,16,-12,16,-12,16,-12,16,-12,16,-11,17,-11,17,-11,18,-11,18,-12,18]"
CSI_DATA,41170,d8:b1:90:db:e8:90,-41,11,1,7,0,0,1,0,0,0,1,-92,0,4,0,645019621,0,100,0,128,1,"[100,-64,5,0,-14,18,-14,18,-14,18,-14,18,-14,19,-13,19,-13,19,-12,19,-12,19,-12,20,-11,19,-11,19,-11,19,-11,19,-11,19,-11,18,-11,18,-10,17,-10,17,-10,16,-10,16,-10,15,-10,15,-10,14,-11,14,-3,3,0,0,0,0,0,0,0,0,0,0,0,0,0,0,0,0,0,0,-2,3,-8,15,-9,15,-10,15,-11,15,-11,15,-12,15,-13,15,-13,15,-14,16,-15,16,-16,15,-16,15,-17,15,-16,15,-17,15,-17,15,-16,15,-16,16,-15,16,-15,16,-15,17,-15,17,-16,18,-16,18,-15,18,-15,17]"
CSI_DATA,41171,d8:b1:90:db:e8:90,-42,11,1,7,0,0,1,0,0,0,1,-92,0,4,0,645030284,0,100,0,128,1,"[100,-64,5,0,18,-9,18,-9,18,-9,17,-9,17,-10,17,-10,16,-10,16,-10,15,-11,15,-11,15,-11,14,-12,14,-12,14,-11,14,-11,15,-10,14,-10,14,-10,14,-9,14,-9,13,-8,13,-8,13,-7,13,-7,13,-7,3,-2,0,0,0,0,0,0,0,0,0,0,0,0,0,0,0,0,0,0,2,-3,11,-9,12,-9,13,-8,14,-8,15,-7,15,-7,16,-6,16,-6,17,-5,18,-5,18,-5,18,-5,18,-5,18,-5,18,-5,18,-5,18,-5,18,-6,18,-6,18,-6,18,-6,18,-7,18,-7,18,-8,18,-8,18,-8]"
CSI_DATA,41172,d8:b1:90:db:e8:90,-42,11,1,7,0,0,1,0,0,0,1,-92,0,4,0,645042857,0,100,0,128,1,"[100,-64,5,0,-20,-13,-20,-13,-20,-12,-20,-12,-20,-11,-20,-10,-20,-10,-19,-10,-19,-10,-20,-9,-20,-9,-20,-8,-20,-8,-20,-8,-19,-8,-19,-9,-19,-9,-18,-9,-18,-9,-17,-9,-17,-8,-17,-8,-16,-9,-16,-9,-15,-10,-4,-3,0,0,0,0,0,0,0,0,0,0,0,0,0,0,0,0,0,0,-4,-2,-16,-7,-16,-8,-16,-9,-16,-10,-16,-10,-16,-11,-17,-12,-17,-13,-17,-14,-17,-14,-17,-15,-17,-15,-16,-15,-17,-15,-17,-15,-17,-14,-18,-14,-18,-14,-18,-15,-18,-15,-19,-15,-19,-15,-19,-14,-19,-14,-19,-14,-19,-13]"
CSI_DATA,41173,d8:b1:90:db:e8:90,-42,11,1,7,0,0,1,0,0,0,1,-92,0,4,0,645072740,0,100,0,128,1,"[100,-64,5,0,-14,-17,-14,-16,-14,-16,-14,-15,-15,-15,-15,-14,-15,-14,-14,-14,-15,-14,-15,-13,-15,-13,-16,-13,-16,-12,-15,-12,-15,-13,-15,-13,-14,-13,-13,-13,-13,-13,-13,-12,-13,-12,-13,-12,-12,-12,-11,-13,-10,-13,-3,-4,0,0,0,0,0,0,0,0,0,0,0,0,0,0,0,0,0,0,-3,-3,-12,-10,-12,-11,-12,-12,-11,-13,-12,-13,-11,-14,-11,-15,-11,-15,-11,-16,-11,-17,-11,-17,-11,-17,-11,-17,-11,-17,-11,-17,-11,-17,-12,-17,-12,-17,-12,-18,-12,-18,-12,-18,-13,-18,-13,-17,-13,-17,-13,-17,-13,-17]"
CSI_DATA,41174,d8:b1:90:db:e8:90,-40,11,1,7,0,0,1,0,0,0,1,-94,0,4,0,645083474,0,100,0,128,1,"[100,-64,5,0,1,-21,1,-21,1,-20,1,-20,1,-20,0,-20,0,-19,-1,-19,-1,-19,-2,-19,-2,-19,-3,-19,-3,-19,-3,-19,-2,-19,-2,-19,-2,-18,-1,-18,-1,-18,-1,-17,-1,-17,0,-16,0,-16,0,-16,1,-16,0,-4,0,0,0,0,0,0,0,0,0,0,0,0,0,0,0,0,0,0,-1,-4,-2,-15,-1,-15,0,-16,1,-16,1,-17,2,-17,3,-18,3,-18,4,-18,4,-19,5,-19,5,-18,5,-19,5,-19,5,-18,5,-19,5,-19,4,-19,4,-19,4,-19,3,-19,3,-20,3,-20,3,-20,3,-20,3,-20]"
CSI_DATA,41175,d8:b1:90:db:e8:90,-40,11,1,7,0,0,1,0,0,0,1,-94,0,4,0,645095187,0,100,0,128,1,"[100,-64,5,0,-15,-20,-16,-19,-16,-19,-16,-18,-16,-18,-16,-18,-16,-17,-16,-16,-17,-15,-17,-15,-17,-15,-18,-15,-18,-15,-17,-15,-17,-15,-17,-15,-16,-15,-16,-15,-15,-15,-15,-15,-14,-14,-14,-14,-13,-14,-13,-14,-12,-15,-3,-4,0,0,0,0,0,0,0,0,0,0,0,0,0,0,0,0,0,0,-4,-3,-14,-12,-14,-13,-13,-14,-13,-15,-13,-16,-13,-17,-13,-18,-12,-19,-12,-20,-12,-20,-12,-20,-11,-21,-11,-21,-11,-21,-11,-21,-11,-21,-12,-20,-12,-20,-13,-20,-13,-20,-13,-20,-14,-20,-14,-20,-15,-20,-15,-20,-15,-20]"
CSI_DATA,41176,d8:b1:90:db:e8:90,-40,11,1,7,0,0,1,0,0,0,1,-94,0,4,0,645106022,0,100,0,128,1,"[100,-64,5,0,-22,-10,-22,-10,-22,-9,-22,-9,-22,-9,-21,-8,-21,-8,-22,-7,-22,-6,-22,-6,-22,-6,-22,-6,-21,-5,-21,-5,-20,-5,-21,-6,-20,-5,-20,-5,-19,-6,-19,-6,-18,-6,-18,-6,-18,-7,-17,-7,-16,-7,-4,-2,0,0,0,0,0,0,0,0,0,0,0,0,0,0,0,0,0,0,-5,-2,-17,-5,-17,-6,-17,-7,-17,-8,-18,-8,-18,-9,-18,-10,-19,-11,-19,-11,-19,-11,-19,-12,-19,-12,-19,-12,-19,-12,-19,-12,-19,-12,-19,-11,-20,-11,-20,-11,-20,-11,-20,-11,-21,-10,-21,-10,-22,-10,-22,-10,-22,-10]"
CSI_DATA,41177,d8:b1:90:db:e8:90,-40,11,1,7,0,0,1,0,0,0,1,-94,0,4,0,645118439,0,100,0,128,1,"[100,-64,5,0,23,8,23,7,23,7,23,7,23,7,23,6,23,5,22,4,22,4,22,3,22,3,22,3,22,3,22,3,22,3,22,4,22,3,21,3,20,3,19,4,19,4,18,4,18,5,17,6,16,6,4,1,0,0,0,0,0,0,0,0,0,0,0,0,0,0,0,0,0,0,4,0,18,2,18,3,18,4,18,5,19,5,19,6,20,7,20,7,21,8,21,9,21,9,21,9,21,9,21,10,21,10,20,9,21,9,21,9,21,8,22,8,22,8,22,7,23,8,23,8,23,8,23,8]"
CSI_DATA,41178,d8:b1:90:db:e8:90,-40,11,1,7,0,0,1,0,0,0,1,-94,0,4,0,645128487,0,100,0,128,1,"[100,-64,5,0,2,-24,2,-23,2,-23,2,-23,1,-23,1,-23,1,-22,0,-22,0,-22,-1,-22,-1,-22,-2,-21,-2,-21,-1,-21,-1,-21,-1,-21,-1,-21,-1,-21,0,-20,0,-20,0,-19,0,-18,1,-18,2,-18,3,-17,0,-5,0,0,0,0,0,0,0,0,0,0,0,0,0,0,0,0,0,0,-1,-5,-1,-17,-1,-18,0,-18,1,-18,2,-19,2,-19,3,-20,4,-21,4,-21,5,-21,5,-21,6,-22,6,-22,6,-22,6,-21,6,-21,5,-21,5,-21,5,-22,5,-23,5,-23,4,-23,4,-23,3,-24,3,-24,3,-24]"
CSI_DATA,41179,d8:b1:90:db:e8:90,-40,11,1,7,0,0,1,0,0,0,1,-94,0,4,0,645139081,0,100,0,128,1,"[100,-64,5,0,3,-19,2,-19,2,-19,1,-19,0,-18,0,-18,0,-18,0,-18,-1,-19,-1,-19,-1,-18,-1,-18,-1,-18,-1,-18,-1,-18,-1,-17,0,-17,0,-16,0,-16,0,-16,0,-15,1,-15,1,-15,2,-15,2,-15,0,-4,0,0,0,0,0,0,0,0,0,0,0,0,0,0,0,0,0,0,0,-4,0,-14,0,-15,1,-15,2,-15,2,-16,2,-16,3,-16,3,-16,4,-16,5,-16,6,-17,6,-17,6,-17,6,-17,5,-17,5,-17,5,-17,5,-18,5,-18,5,-18,4,-18,4,-18,4,-19,4,-19,4,-19,4,-19]"
CSI_DATA,41180,d8:b1:90:db:e8:90,-40,11,1,7,0,0,1,0,0,0,1,-94,0,4,0,645149182,0,100,0,128,1,"[100,-64,5,0,21,-11,21,-11,21,-12,20,-12,19,-12,18,-13,18,-13,17,-14,17,-14,17,-14,17,-15,16,-15,16,-14,16,-14,16,-14,16,-13,16,-12,16,-12,15,-12,15,-11,14,-11,14,-10,14,-9,15,-9,16,-9,4,-3,0,0,0,0,0,0,0,0,0,0,0,0,0,0,0,0,0,0,3,-3,14,-9,15,-9,16,-9,16,-9,17,-8,18,-8,18,-8,19,-7,19,-7,20,-7,21,-6,21,-6,21,-5,21,-6,21,-6,21,-7,21,-7,21,-7,21,-7,21,-8,21,-8,21,-9,22,-9,22,-9,22,-10,22,-10]"
CSI_DATA,41181,d8:b1:90:db:e8:90,-40,11,1,7,0,0,1,0,0,0,1,-94,0,4,0,645177032,0,100,0,128,1,"[100,-64,5,0,13,-19,13,-19,12,-19,12,-19,11,-19,11,-19,10,-19,10,-19,9,-20,9,-20,8,-20,8,-20,8,-20,9,-20,8,-20,8,-19,8,-19,8,-18,8,-18,7,-18,7,-17,7,-16,7,-16,8,-15,8,-15,2,-4,0,0,0,0,0,0,0,0,0,0,0,0,0,0,0,0,0,0,1,-4,8,-15,8,-15,9,-15,10,-15,10,-15,11,-15,11,-15,12,-15,12,-16,13,-16,14,-16,14,-16,14,-16,14,-16,14,-15,14,-15,14,-15,14,-16,14,-17,14,-17,14,-18,13,-18,14,-19,14,-19,13,-19,13,-19]"
CSI_DATA,41182,d8:b1:90:db:e8:90,-40,11,1,7,0,0,1,0,0,0,1,-94,0,4,0,645188002,0,100,0,128,1,"[100,-64,5,0,11,-18,11,-18,11,-19,11,-18,10,-18,9,-18,8,-18,8,-18,8,-18,7,-18,7,-19,7,-19,7,-19,6,-19,6,-18,6,-18,7,-18,6,-18,6,-17,6,-17,6,-16,7,-16,7,-15,7,-15,8,-15,2,-4,0,0,0,0,0,0,0,0,0,0,0,0,0,0,0,0,0,0,1,-4,7,-14,8,-14,8,-14,8,-14,9,-15,9,-15,10,-15,10,-15,11,-15,12,-15,12,-15,13,-15,13,-16,14,-15,13,-15,13,-15,13,-15,13,-16,13,-16,13,-16,13,-16,13,-16,12,-16,12,-17,12,-17,12,-18]"
CSI_DATA,41183,d8:b1:90:db:e8:90,-40,11,1,7,0,0,1,0,0,0,1,-94,0,4,0,645198784,0,100,0,128,1,"[100,-64,5,0,-14,16,-14,16,-13,16,-13,15,-13,15,-12,15,-12,15,-11,16,-11,16,-10,16,-10,16,-10,16,-9,17,-10,16,-10,17,-10,16,-10,16,-10,16,-9,15,-9,15,-9,14,-10,13,-10,13,-10,13,-10,12,-3,3,0,0,0,0,0,0,0,0,0,0,0,0,0,0,0,0,0,0,-3,3,-9,12,-10,12,-10,12,-11,12,-12,12,-12,12,-13,13,-13,13,-14,13,-14,13,-15,13,-15,12,-15,12,-15,12,-15,12,-15,12,-15,12,-15,12,-16,12,-15,13,-15,13,-15,13,-15,14,-15,14,-15,14,-15,15]"
CSI_DATA,41184,d8:b1:90:db:e8:90,-40,11,1,7,0,0,1,0,0,0,1,-94,0,4,0,645209399,0,100,0,128,1,"[100,-64,5,0,-20,-15,-20,-14,-20,-14,-20,-13,-20,-12,-20,-12,-20,-11,-20,-11,-20,-11,-20,-10,-20,-10,-21,-10,-21,-10,-20,-10,-20,-10,-20,-10,-20,-10,-19,-10,-18,-10,-17,-10,-17,-11,-16,-10,-16,-10,-15,-11,-14,-12,-4,-3,0,0,0,0,0,0,0,0,0,0,0,0,0,0,0,0,0,0,-4,-2,-16,-9,-16,-10,-16,-11,-16,-11,-16,-12,-16,-13,-16,-14,-16,-15,-16,-16,-16,-16,-16,-16,-16,-17,-16,-17,-16,-18,-16,-18,-16,-17,-16,-17,-17,-17,-17,-16,-17,-16,-17,-16,-18,-15,-19,-15,-20,-15,-20,-15,-20,-15]"
CSI_DATA,41185,d8:b1:90:db:e8:90,-40,11,1,7,0,0,1,0,0,0,1,-94,0,4,0,645224107,0,100,0,128,1,"[100,-64,5,0,-4,22,-3,22,-3,22,-2,22,-2,22,-2,22,-1,22,-1,21,0,21,0,21,0,21,0,21,1,21,0,20,0,20,0,20,0,20,0,19,0,19,-1,19,-1,18,-1,18,-2,17,-3,17,-3,16,-1,4,0,0,0,0,0,0,0,0,0,0,0,0,0,0,0,0,0,0,0,4,1,16,0,16,-1,16,-2,17,-2,17,-3,18,-4,19,-4,19,-5,19,-5,20,-6,20,-6,20,-6,20,-6,20,-6,20,-6,20,-6,20,-6,20,-5,21,-5,21,-4,21,-4,22,-4,22,-4,23,-4,23,-3,23]"
CSI_DATA,41186,d8:b1:90:db:e8:90,-40,11,1,7,0,0,1,0,0,0,1,-94,0,4,0,645238155,0,100,0,128,1,"[100,-64,5,0,-12,-18,-12,-17,-12,-17,-12,-17,-12,-17,-12,-16,-13,-16,-13,-15,-13,-15,-13,-15,-13,-15,-13,-14,-13,-14,-13,-14,-13,-15,-13,-14,-12,-14,-12,-14,-12,-14,-11,-14,-11,-14,-10,-14,-10,-14,-9,-14,-8,-14,-2,-4,0,0,0,0,0,0,0,0,0,0,0,0,0,0,0,0,0,0,-3,-3,-11,-11,-11,-12,-10,-12,-10,-13,-10,-13,-10,-14,-9,-15,-9,-16,-9,-16,-9,-17,-9,-17,-9,-18,-9,-18,-9,-18,-9,-17,-9,-17,-9,-18,-9,-18,-10,-18,-10,-18,-10,-17,-11,-17,-11,-18,-11,-18,-12,-18,-12,-18]"
CSI_DATA,41187,d8:b1:90:db:e8:90,-40,11,1,7,0,0,1,0,0,0,1,-94,0,4,0,645250086,0,100,0,128,1,"[100,-64,5,0,0,21,1,21,1,21,2,20,2,20,2,20,3,20,3,20,4,19,4,19,4,19,4,19,5,19,4,19,4,19,4,18,4,18,3,18,3,17,2,17,2,16,2,16,1,16,0,16,-1,16,-1,4,0,0,0,0,0,0,0,0,0,0,0,0,0,0,0,0,0,0,0,3,3,15,2,15,1,16,0,16,0,17,0,17,0,17,0,17,-1,18,-1,18,-1,19,-1,20,-2,20,-2,20,-2,20,-2,20,-2,20,-2,20,-2,19,-2,19,-1,20,-1,20,-1,20,-1,21,0,21,0,21]"
CSI_DATA,41188,d8:b1:90:db:e8:90,-40,11,1,7,0,0,1,0,0,0,1,-94,0,4,0,645276530,0,100,0,128,1,"[100,-64,5,0,20,-5,20,-5,20,-5,19,-5,19,-6,19,-6,19,-6,18,-7,18,-7,18,-8,18,-8,17,-9,17,-9,18,-9,18,-8,18,-8,17,-7,17,-7,17,-7,17,-7,16,-6,16,-6,16,-5,15,-5,15,-4,3,-1,0,0,0,0,0,0,0,0,0,0,0,0,0,0,0,0,0,0,3,-2,14,-6,14,-5,15,-5,15,-4,16,-4,17,-3,18,-3,18,-2,19,-2,19,-2,20,-2,20,-1,20,-1,20,-1,20,-1,20,-1,20,-2,20,-2,20,-2,19,-3,20,-3,20,-4,20,-4,20,-4,20,-4,20,-5]"
CSI_DATA,41189,d8:b1:90:db:e8:90,-40,11,1,7,0,0,1,0,0,0,1,-94,0,4,0,645286716,0,100,0,128,1,"[100,-64,5,0,-2,-20,-2,-20,-2,-21,-2,-21,-3,-20,-3,-20,-3,-20,-4,-19,-4,-19,-5,-19,-5,-19,-5,-19,-5,-19,-5,-19,-5,-19,-4,-19,-4,-19,-3,-18,-3,-18,-3,-17,-3,-16,-2,-16,-2,-16,-2,-16,-1,-15,-1,-4,0,0,0,0,0,0,0,0,0,0,0,0,0,0,0,0,0,0,-1,-4,-2,-15,-2,-16,-1,-16,-1,-17,-1,-17,0,-18,0,-18,1,-18,1,-19,1,-19,2,-20,2,-20,2,-20,2,-20,2,-20,2,-20,2,-20,1,-20,1,-20,1,-20,1,-20,0,-20,-1,-20,-2,-21,-2,-21,-1,-21]"
CSI_DATA,41190,d8:b1:90:db:e8:90,-40,11,1,7,0,0,1,0,0,0,1,-94,0,4,0,645296654,0,100,0,128,1,"[100,-64,5,0,-21,-7,-20,-7,-20,-6,-20,-6,-20,-6,-21,-5,-20,-5,-20,-4,-20,-4,-20,-4,-20,-4,-20,-4,-20,-4,-20,-4,-19,-4,-19,-4,-19,-4,-18,-4,-18,-4,-17,-4,-17,-4,-16,-5,-16,-5,-15,-5,-15,-5,-4,-2,0,0,0,0,0,0,0,0,0,0,0,0,0,0,0,0,0,0,-4,-1,-16,-4,-16,-4,-16,-5,-17,-5,-17,-6,-17,-7,-17,-7,-18,-8,-18,-8,-18,-9,-18,-9,-18,-10,-18,-10,-18,-10,-18,-10,-18,-10,-19,-10,-19,-9,-19,-9,-19,-9,-19,-9,-20,-8,-20,-8,-20,-7,-21,-7,-21,-7]"
CSI_DATA,41191,d8:b1:90:db:e8:90,-40,11,1,7,0,0,1,0,0,0,1,-94,0,4,0,645314056,0,100,0,128,1,"[100,-64,5,0,-19,-16,-19,-16,-19,-15,-19,-14,-19,-14,-20,-13,-20,-13,-20,-13,-20,-12,-20,-12,-20,-12,-21,-12,-21,-12,-20,-12,-20,-12,-19,-11,-18,-11,-18,-11,-17,-11,-16,-11,-16,-11,-15,-11,-15,-11,-15,-12,-14,-12,-4,-3,0,0,0,0,0,0,0,0,0,0,0,0,0,0,0,0,0,0,-4,-2,-16,-8,-16,-9,-15,-10,-15,-12,-15,-12,-15,-13,-15,-14,-15,-15,-15,-15,-16,-16,-16,-16,-16,-17,-16,-17,-16,-17,-16,-17,-17,-17,-17,-16,-17,-17,-17,-17,-17,-17,-17,-17,-18,-17,-18,-16,-18,-16,-19,-16,-19,-16]"
CSI_DATA,41192,d8:b1:90:db:e8:90,-41,11,1,7,0,0,1,0,0,0,1,-94,0,4,0,645325086,0,100,0,128,1,"[100,-64,5,0,23,8,23,8,23,7,22,7,22,7,22,7,22,6,22,5,22,5,21,4,22,4,22,4,22,4,22,4,22,4,22,4,21,4,21,5,20,5,19,5,19,5,18,5,17,6,17,6,16,7,3,2,0,0,0,0,0,0,0,0,0,0,0,0,0,0,0,0,0,0,4,0,17,3,17,4,17,4,17,5,18,6,19,7,19,8,19,8,20,9,20,10,20,11,20,11,20,11,20,11,20,11,19,11,19,10,20,10,21,10,22,10,22,10,22,10,22,10,22,9,22,9,22,8]"
CSI_DATA,41193,d8:b1:90:db:e8:90,-40,11,1,7,0,0,1,0,0,0,1,-94,0,4,0,645335799,0,100,0,128,1,"[100,-64,5,0,20,3,20,3,20,2,20,2,20,2,20,1,20,1,19,1,19,0,19,0,19,-1,19,0,19,0,19,0,19,0,19,0,18,0,18,1,17,1,17,1,16,1,16,2,15,2,15,2,15,3,3,0,0,0,0,0,0,0,0,0,0,0,0,0,0,0,0,0,0,0,3,-1,15,0,15,0,15,1,16,2,16,2,17,2,17,3,18,4,18,4,18,5,19,5,19,5,18,5,18,5,18,5,18,5,19,5,19,5,19,4,19,4,20,4,20,3,21,4,21,3,21,3,21,3]"
CSI_DATA,41194,d8:b1:90:db:e8:90,-40,11,1,7,0,0,1,0,0,0,1,-94,0,4,0,645347372,0,100,0,128,1,"[100,-64,5,0,7,-20,7,-19,6,-20,6,-20,6,-20,5,-20,4,-20,4,-19,4,-19,4,-19,4,-19,4,-20,4,-19,4,-19,4,-19,4,-19,4,-18,4,-18,4,-17,4,-17,4,-16,4,-16,5,-15,5,-15,6,-15,1,-4,0,0,0,0,0,0,0,0,0,0,0,0,0,0,0,0,0,0,0,-4,3,-15,4,-16,5,-16,5,-16,6,-16,6,-17,7,-17,7,-17,8,-18,9,-18,9,-17,9,-17,9,-18,9,-18,9,-18,9,-18,9,-18,8,-18,8,-18,8,-19,7,-19,7,-20,8,-20,8,-20,8,-20,8,-20]"
CSI_DATA,41195,d8:b1:90:db:e8:90,-40,11,1,7,0,0,1,0,0,0,1,-94,0,4,0,645357425,0,100,0,128,1,"[100,-64,5,0,-23,-8,-23,-8,-23,-7,-23,-6,-23,-6,-23,-5,-23,-5,-22,-4,-22,-4,-22,-4,-22,-4,-23,-4,-22,-4,-22,-3,-22,-3,-22,-3,-21,-3,-20,-3,-20,-3,-19,-3,-19,-4,-19,-5,-18,-5,-17,-5,-16,-6,-4,-2,0,0,0,0,0,0,0,0,0,0,0,0,0,0,0,0,0,0,-5,-1,-18,-4,-18,-5,-18,-6,-18,-6,-19,-7,-19,-7,-20,-8,-20,-8,-20,-9,-20,-10,-20,-10,-20,-10,-20,-11,-20,-11,-20,-10,-20,-10,-21,-10,-21,-9,-21,-9,-22,-8,-22,-8,-23,-8,-23,-8,-23,-8,-23,-8,-23,-8]"
CSI_DATA,41196,d8:b1:90:db:e8:90,-40,11,1,7,0,0,1,0,0,0,1,-94,0,4,0,645381746,0,100,0,128,1,"[100,-64,5,0,-20,7,-20,8,-19,8,-19,8,-18,8,-18,8,-18,8,-18,8,-18,9,-17,9,-17,10,-17,10,-17,10,-17,10,-17,9,-16,9,-16,9,-16,8,-15,7,-15,7,-15,7,-14,6,-14,6,-15,5,-15,4,-4,1,0,0,0,0,0,0,0,0,0,0,0,0,0,0,0,0,0,0,-4,2,-13,8,-14,8,-14,7,-15,7,-15,6,-16,6,-16,6,-17,6,-17,6,-18,6,-19,6,-20,6,-20,6,-20,6,-20,5,-20,4,-20,4,-20,4,-20,5,-20,6,-20,6,-20,6,-20,6,-20,7,-20,8,-20,8]"
CSI_DATA,41197,d8:b1:90:db:e8:90,-40,11,1,7,0,0,1,0,0,0,1,-94,0,4,0,645392650,0,100,0,128,1,"[100,-64,5,0,20,-9,20,-9,19,-9,19,-9,19,-9,18,-10,18,-10,17,-10,17,-11,16,-11,16,-11,16,-12,16,-12,16,-11,15,-11,15,-11,16,-10,15,-10,15,-9,15,-9,15,-8,14,-8,14,-8,14,-7,14,-7,3,-2,0,0,0,0,0,0,0,0,0,0,0,0,0,0,0,0,0,0,3,-3,13,-9,14,-9,14,-8,15,-7,16,-7,16,-7,17,-7,17,-6,18,-6,18,-6,19,-6,19,-6,19,-6,19,-6,19,-6,19,-6,19,-6,19,-6,19,-6,19,-6,19,-6,19,-7,20,-7,19,-8,20,-8,20,-9]"
CSI_DATA,41198,d8:b1:90:db:e8:90,-41,11,1,7,0,0,1,0,0,0,1,-94,0,4,0,645403129,0,100,0,128,1,"[100,-64,5,0,18,13,18,13,18,12,18,12,18,11,18,10,18,10,18,10,18,9,18,9,18,9,19,8,18,8,18,8,18,8,18,9,17,9,17,8,16,9,16,9,15,9,15,9,14,9,14,10,13,10,3,2,0,0,0,0,0,0,0,0,0,0,0,0,0,0,0,0,0,0,3,1,15,6,15,7,14,8,14,9,14,10,15,10,15,11,15,11,15,12,16,13,16,13,16,14,16,14,16,14,15,14,15,13,15,13,15,13,15,14,16,14,16,13,17,13,18,13,18,13,19,13,19,12]"
CSI_DATA,41199,d8:b1:90:db:e8:90,-40,11,1,7,0,0,1,0,0,0,1,-94,0,4,0,645419761,0,100,0,128,1,"[100,-64,5,0,21,3,21,3,21,2,21,2,21,2,21,2,21,1,21,0,20,0,20,-1,20,-1,20,-1,20,-1,20,-1,20,-1,20,0,20,0,20,0,19,0,18,0,17,0,17,1,16,1,16,2,16,2,4,0,0,0,0,0,0,0,0,0,0,0,0,0,0,0,0,0,0,0,4,-1,17,-1,17,0,17,1,17,1,17,2,18,3,19,4,19,4,19,5,20,5,20,6,20,6,20,6,20,7,20,7,20,7,20,7,20,7,20,6,20,6,20,5,21,5,22,5,22,5,22,4,22,4]"
CSI_DATA,41200,d8:b1:90:db:e8:90,-40,11,1,7,0,0,1,0,0,0,1,-94,0,4,0,645431493,0,100,0,128,1,"[100,-64,5,0,21,7,21,6,21,6,21,6,21,5,21,5,20,5,20,4,20,3,20,2,20,2,21,1,21,1,21,1,21,2,21,2,20,3,20,3,19,3,18,3,17,3,17,3,17,3,17,4,16,5,4,1,0,0,0,0,0,0,0,0,0,0,0,0,0,0,0,0,0,0,4,0,17,3,17,4,17,5,17,6,17,6,18,7,18,8,18,9,18,10,19,10,19,10,19,11,19,11,19,11,19,11,18,11,19,11,19,10,19,10,19,10,19,9,19,9,20,8,21,8,21,7,21,7]"
CSI_DATA,41201,d8:b1:90:db:e8:90,-40,11,1,7,0,0,1,0,0,0,1,-94,0,4,0,645447826,0,100,0,128,1,"[100,-64,5,0,-17,-13,-17,-13,-17,-12,-17,-12,-17,-11,-17,-11,-17,-10,-17,-10,-17,-9,-17,-9,-18,-9,-18,-8,-18,-8,-18,-7,-18,-8,-18,-8,-17,-8,-17,-8,-16,-8,-16,-8,-16,-8,-15,-8,-15,-8,-14,-8,-13,-9,-4,-3,0,0,0,0,0,0,0,0,0,0,0,0,0,0,0,0,0,0,-4,-2,-14,-8,-13,-9,-13,-10,-13,-10,-13,-11,-13,-12,-13,-12,-13,-13,-14,-14,-14,-14,-14,-15,-14,-15,-14,-15,-14,-15,-14,-14,-14,-14,-14,-14,-15,-14,-15,-14,-15,-14,-16,-14,-16,-14,-16,-13,-16,-13,-17,-13,-17,-13]"
CSI_DATA,41202,d8:b1:90:db:e8:90,-41,11,1,7,0,0,1,0,0,0,1,-94,0,4,0,645459428,0,100,0,128,1,"[100,-64,5,0,-20,-17,-20,-16,-19,-16,-19,-15,-19,-15,-19,-14,-19,-14,-20,-13,-20,-12,-20,-12,-20,-12,-21,-12,-21,-12,-20,-12,-21,-11,-20,-11,-20,-11,-19,-11,-19,-12,-18,-12,-17,-12,-16,-12,-15,-12,-15,-12,-14,-13,-4,-4,0,0,0,0,0,0,0,0,0,0,0,0,0,0,0,0,0,0,-5,-2,-17,-8,-17,-9,-17,-10,-17,-11,-17,-12,-17,-12,-17,-13,-17,-15,-17,-15,-17,-16,-18,-16,-18,-17,-18,-17,-18,-17,-18,-17,-18,-17,-18,-17,-18,-17,-18,-17,-19,-16,-19,-16,-19,-16,-19,-16,-19,-17,-20,-17,-20,-17]"
CSI_DATA,41203,d8:b1:90:db:e8:90,-40,11,1,7,0,0,1,0,0,0,1,-94,0,4,0,645483084,0,100,0,128,1,"[100,-64,5,0,-1,20,-1,20,0,20,1,19,2,19,2,19,2,19,2,18,3,18,3,18,3,18,3,18,3,18,3,17,3,17,2,17,2,17,2,17,1,16,1,16,2,15,1,15,0,15,0,15,-1,14,-1,3,0,0,0,0,0,0,0,0,0,0,0,0,0,0,0,0,0,0,0,3,3,14,2,14,1,15,0,15,0,16,0,16,-1,17,-2,17,-2,18,-2,18,-3,19,-4,19,-4,19,-4,19,-4,19,-5,19,-4,19,-4,19,-4,19,-3,19,-3,20,-3,20,-2,20,-2,20,-2,20,-1,20]"
CSI_DATA,41204,d8:b1:90:db:e8:90,-41,11,1,7,0,0,1,0,1,0,1,-94,0,4,0,645493510,0,100,0,128,1,"[100,-64,5,0,10,-2,12,2,14,5,15,8,16,11,16,13,17,14,16,15,16,15,16,14,15,13,14,11,12,9,11,7,11,4,10,1,10,-2,10,-5,10,-7,11,-9,12,-10,12,-11,13,-11,14,-10,14,-9,3,-3,0,0,0,0,0,0,0,0,0,0,0,0,0,0,0,0,0,0,2,-3,9,-10,11,-9,12,-9,14,-9,14,-8,14,-8,14,-8,13,-8,11,-9,8,-10,6,-12,3,-13,1,-15,-1,-17,-3,-19,-4,-21,-5,-22,-6,-23,-6,-24,-6,-23,-5,-23,-4,-22,-3,-21,-1,-18,1,-16,3,-14]"
CSI_DATA,41205,d8:b1:90:db:e8:90,-40,11,1,7,0,0,1,0,1,0,1,-94,0,4,0,645509357,0,100,0,128,1,"[100,-64,5,0,-1,-14,4,-16,8,-18,13,-19,16,-20,19,-21,21,-21,22,-21,22,-21,21,-20,19,-19,17,-18,14,-17,11,-16,7,-16,3,-15,-1,-15,-5,-15,-7,-16,-10,-17,-11,-18,-12,-19,-12,-20,-10,-21,-8,-21,-2,-6,0,0,0,0,0,0,0,0,0,0,0,0,0,0,0,0,0,0,-4,-3,-15,-13,-15,-14,-14,-17,-14,-19,-14,-19,-13,-19,-13,-19,-14,-17,-14,-14,-15,-12,-17,-8,-19,-5,-21,-2,-24,1,-26,4,-28,6,-29,8,-31,9,-32,9,-31,9,-31,7,-29,6,-27,4,-24,1,-21,-2,-17,-4]"
CSI_DATA,41206,d8:b1:90:db:e8:90,-40,11,1,7,0,0,1,0,1,0,1,-94,0,4,0,645521734,0,100,0,128,1,"[100,-64,5,0,9,-6,12,-3,16,-1,19,2,21,4,22,6,23,8,24,9,23,9,23,9,21,8,20,6,18,5,16,2,14,0,13,-3,12,-6,11,-9,11,-11,11,-13,11,-14,11,-15,12,-14,14,-14,15,-13,3,-3,0,0,0,0,0,0,0,0,0,0,0,0,0,0,0,0,0,0,-1,-4,-1,-16,1,-18,2,-19,4,-20,4,-20,5,-19,4,-19,3,-18,1,-18,-1,-17,-4,-16,-7,-16,-10,-16,-13,-16,-16,-17,-19,-17,-20,-17,-21,-18,-22,-18,-21,-18,-20,-18,-18,-18,-16,-17,-12,-16,-8,-15,-5,-14]"
CSI_DATA,41207,d8:b1:90:db:e8:90,-41,11,1,7,0,0,1,0,1,0,1,-94,0,4,0,645531821,0,100,0,128,1,"[100,-64,5,0,10,-6,14,-2,18,2,21,5,23,8,25,10,26,11,25,12,25,12,25,12,23,11,21,8,19,6,17,4,15,1,13,-2,12,-6,12,-10,11,-13,11,-15,11,-17,12,-17,13,-17,14,-17,16,-15,4,-4,0,0,0,0,0,0,0,0,0,0,0,0,0,0,0,0,0,0,1,-4,8,-16,10,-16,12,-16,14,-16,15,-15,15,-15,14,-16,13,-16,10,-17,7,-17,4,-17,1,-19,-2,-20,-6,-22,-9,-24,-12,-25,-13,-26,-14,-26,-15,-27,-15,-27,-15,-27,-13,-26,-10,-23,-7,-21,-3,-20,0,-17]"
CSI_DATA,41208,d8:b1:90:db:e8:90,-40,11,1,7,0,0,1,0,1,0,1,-94,0,4,0,645547244,0,100,0,128,1,"[100,-64,5,0,-5,14,-11,14,-16,14,-21,14,-25,15,-29,14,-30,13,-31,13,-32,12,-31,11,-29,10,-25,11,-22,12,-19,12,-14,12,-9,14,-5,16,-2,17,1,19,3,21,4,23,4,24,3,25,1,25,-1,25,-1,6,0,0,0,0,0,0,0,0,0,0,0,0,0,0,0,0,0,0,2,4,11,17,10,19,8,22,7,24,6,24,6,24,6,23,7,22,9,20,11,17,13,14,17,12,20,9,24,6,27,4,30,3,32,2,34,1,36,1,36,2,34,2,32,3,29,4,25,6,20,8,16,9]"
CSI_DATA,41209,d8:b1:90:db:e8:90,-41,11,1,7,0,0,1,0,1,0,1,-94,0,4,0,645584701,0,100,0,128,1,"[100,-64,5,0,-12,-1,-13,-6,-14,-10,-15,-14,-15,-17,-16,-19,-15,-21,-15,-22,-15,-22,-14,-22,-14,-20,-13,-18,-12,-15,-12,-12,-12,-9,-12,-5,-13,-2,-14,1,-15,3,-16,5,-18,6,-18,6,-19,6,-19,4,-19,3,-5,0,0,0,0,0,0,0,0,0,0,0,0,0,0,0,0,0,0,0,-3,2,-12,10,-14,10,-16,9,-17,9,-18,9,-18,9,-17,9,-16,9,-14,10,-12,11,-9,13,-6,15,-4,17,-2,19,0,21,1,23,3,25,4,26,4,27,4,27,3,26,2,25,1,23,-1,20,-3,17,-5,14]"
CSI_DATA,41210,d8:b1:90:db:e8:90,-40,11,1,7,0,0,1,0,1,0,1,-94,0,4,0,645598893,0,100,0,128,1,"[100,-64,5,0,8,2,8,7,8,11,8,15,7,18,7,20,6,21,6,22,5,22,4,21,4,20,4,18,5,16,6,13,7,10,8,8,10,6,12,4,13,3,15,2,16,2,17,2,17,3,16,4,16,5,3,1,0,0,0,0,0,0,0,0,0,0,0,0,0,0,0,0,0,0,2,-3,9,-10,11,-10,13,-10,14,-9,15,-9,15,-9,15,-9,14,-9,12,-10,11,-11,9,-12,7,-14,5,-16,3,-18,1,-20,0,-22,-1,-23,-1,-25,-1,-25,-1,-25,0,-24,1,-23,2,-21,3,-18,4,-14,5,-11]"
CSI_DATA,41211,d8:b1:90:db:e8:90,-41,11,1,7,0,0,1,0,1,0,1,-94,0,4,0,645610364,0,100,0,128,1,"[100,-64,5,0,7,3,7,8,7,12,6,15,6,18,5,20,4,21,4,22,4,21,3,21,3,20,3,18,4,15,4,13,6,10,7,8,9,5,11,4,13,2,14,1,15,1,16,1,16,2,16,3,16,5,3,1,0,0,0,0,0,0,0,0,0,0,0,0,0,0,0,0,0,0,2,-2,11,-7,12,-7,14,-6,15,-6,16,-6,16,-5,15,-5,14,-6,13,-7,11,-8,9,-10,7,-12,6,-14,4,-17,3,-19,2,-21,2,-22,2,-23,2,-24,2,-24,3,-24,3,-22,4,-20,4,-17,5,-14,7,-11]"
CSI_DATA,41212,d8:b1:90:db:e8:90,-40,11,1,7,0,0,1,0,0,0,1,-94,0,4,0,645628365,0,100,0,128,1,"[100,-64,5,0,7,-23,6,-23,6,-23,6,-23,6,-22,5,-22,4,-22,4,-22,3,-22,3,-22,3,-22,3,-23,3,-23,3,-23,3,-22,2,-21,3,-21,3,-20,3,-20,3,-19,3,-19,4,-18,4,-18,5,-18,5,-18,1,-5,0,0,0,0,0,0,0,0,0,0,0,0,0,0,0,0,0,0,0,-5,1,-18,2,-18,3,-18,4,-18,5,-19,5,-19,5,-20,6,-20,6,-21,7,-21,8,-21,9,-21,9,-21,9,-21,9,-21,9,-20,8,-20,8,-21,8,-22,8,-22,7,-22,7,-23,7,-23,7,-23,7,-23,7,-23]"
CSI_DATA,41213,d8:b1:90:db:e8:90,-40,11,1,7,0,0,1,0,0,0,1,-94,0,4,0,645646820,0,100,0,128,1,"[100,-64,5,0,14,21,14,21,14,20,14,20,15,19,15,19,15,18,14,18,14,18,15,17,15,17,15,17,14,18,14,17,14,17,14,17,14,17,13,17,12,17,12,17,12,17,11,16,11,16,10,16,9,17,2,4,0,0,0,0,0,0,0,0,0,0,0,0,0,0,0,0,0,0,3,3,13,13,12,14,11,15,11,16,11,17,10,17,10,18,10,19,10,20,10,21,11,21,11,21,10,22,10,22,10,22,10,22,11,22,11,22,11,22,11,22,12,22,12,22,12,22,13,22,14,22,14,22]"
CSI_DATA,41214,d8:b1:90:db:e8:90,-40,11,1,7,0,0,1,0,0,0,1,-94,0,4,0,645657196,0,100,0,128,1,"[100,-64,5,0,-21,3,-21,3,-21,4,-21,4,-21,4,-20,4,-20,4,-20,5,-20,5,-20,5,-19,5,-19,5,-19,5,-18,5,-19,5,-19,5,-18,5,-18,4,-17,4,-17,3,-17,2,-17,1,-16,1,-16,0,-16,0,-4,0,0,0,0,0,0,0,0,0,0,0,0,0,0,0,0,0,0,0,-4,1,-15,4,-15,4,-16,3,-17,2,-17,2,-18,2,-18,1,-19,1,-19,1,-20,0,-20,0,-20,0,-20,0,-20,0,-21,0,-21,0,-21,0,-21,0,-20,0,-20,0,-20,1,-21,1,-21,2,-21,2,-21,2,-21,3]"
CSI_DATA,41215,d8:b1:90:db:e8:90,-40,11,1,7,0,0,1,0,0,0,1,-94,0,4,0,645667776,0,100,0,128,1,"[100,-64,5,0,-13,17,-13,17,-12,17,-12,17,-11,17,-11,17,-10,17,-10,17,-10,17,-10,17,-9,17,-9,17,-9,17,-9,17,-9,17,-10,16,-9,16,-9,15,-9,15,-9,15,-9,14,-9,13,-9,13,-9,13,-10,12,-3,3,0,0,0,0,0,0,0,0,0,0,0,0,0,0,0,0,0,0,-2,3,-8,13,-8,13,-9,13,-10,13,-11,13,-11,13,-11,13,-12,13,-12,13,-13,13,-14,13,-14,13,-14,13,-14,13,-14,14,-15,14,-14,14,-14,14,-14,14,-14,15,-13,15,-13,16,-13,16,-13,16,-13,16,-13,16]"
CSI_DATA,41216,d8:b1:90:db:e8:90,-40,11,1,7,0,0,1,0,0,0,1,-94,0,4,0,645688393,0,100,0,128,1,"[100,-64,5,0,14,-17,14,-17,14,-17,13,-17,13,-17,12,-17,12,-17,12,-17,12,-18,11,-18,11,-18,10,-17,10,-17,10,-17,11,-17,11,-17,11,-16,11,-16,11,-16,10,-15,10,-15,10,-14,10,-13,10,-13,11,-12,2,-3,0,0,0,0,0,0,0,0,0,0,0,0,0,0,0,0,0,0,2,-4,8,-13,9,-13,10,-13,11,-13,12,-14,12,-14,12,-14,13,-13,14,-14,14,-13,15,-13,15,-13,15,-13,15,-14,15,-14,16,-14,16,-14,15,-14,15,-14,15,-15,15,-15,15,-16,15,-16,14,-16,14,-16,15,-17]"
CSI_DATA,41217,d8:b1:90:db:e8:90,-40,11,1,7,0,0,1,0,0,0,1,-94,0,4,0,645699423,0,100,0,128,1,"[100,-64,5,0,-14,15,-13,15,-13,16,-13,16,-13,16,-13,16,-12,16,-12,16,-12,16,-12,16,-12,16,-12,16,-12,16,-12,16,-12,15,-12,15,-12,14,-11,14,-11,13,-11,13,-11,12,-10,12,-10,12,-11,12,-11,11,-3,2,0,0,0,0,0,0,0,0,0,0,0,0,0,0,0,0,0,0,-2,3,-9,13,-9,12,-10,12,-11,12,-11,13,-12,13,-13,13,-13,13,-14,13,-15,13,-16,13,-16,13,-16,13,-16,13,-16,13,-17,13,-17,13,-16,13,-16,13,-16,13,-15,13,-15,13,-16,14,-15,15,-15,15,-15,15]"
CSI_DATA,41218,d8:b1:90:db:e8:90,-40,11,1,7,0,0,1,0,0,0,1,-94,0,4,0,645711190,0,100,0,128,1,"[100,-64,5,0,-7,-19,-7,-19,-7,-19,-7,-19,-7,-19,-8,-19,-8,-18,-8,-19,-8,-19,-8,-18,-9,-18,-9,-18,-9,-18,-9,-17,-8,-17,-8,-17,-8,-16,-7,-16,-7,-16,-7,-15,-6,-15,-6,-15,-5,-15,-5,-15,-4,-15,-1,-4,0,0,0,0,0,0,0,0,0,0,0,0,0,0,0,0,0,0,-2,-4,-6,-14,-5,-15,-5,-15,-5,-16,-4,-16,-4,-17,-4,-17,-3,-18,-3,-18,-3,-19,-3,-19,-2,-20,-2,-20,-2,-20,-3,-20,-3,-20,-3,-20,-4,-20,-4,-20,-5,-20,-5,-20,-5,-20,-5,-20,-6,-19,-6,-19,-6,-20]"
CSI_DATA,41219,d8:b1:90:db:e8:90,-40,11,1,7,0,0,1,0,0,0,1,-94,0,4,0,645722971,0,100,0,128,1,"[100,-64,5,0,17,18,17,17,17,17,17,17,18,16,18,16,18,15,18,15,18,15,18,15,18,15,18,14,18,14,18,14,17,14,17,14,16,14,15,13,15,13,14,13,14,13,13,13,13,13,12,13,12,13,2,3,0,0,0,0,0,0,0,0,0,0,0,0,0,0,0,0,0,0,3,3,14,12,13,13,12,14,12,14,12,15,13,16,13,17,13,17,13,18,12,19,12,20,12,20,12,20,12,20,13,20,13,20,13,20,14,20,14,20,15,20,15,19,15,19,16,18,16,18,16,18,16,18]"
CSI_DATA,41220,d8:b1:90:db:e8:90,-40,11,1,7,0,0,1,0,0,0,1,-94,0,4,0,645736473,0,100,0,128,1,"[100,-64,5,0,0,23,0,23,1,23,2,23,2,23,3,22,3,22,3,21,3,20,4,20,4,20,4,21,4,21,4,21,4,20,4,20,4,19,4,19,3,18,2,18,1,18,1,17,0,17,-1,17,-2,16,-1,4,0,0,0,0,0,0,0,0,0,0,0,0,0,0,0,0,0,0,0,4,1,17,1,17,0,17,-1,18,-1,19,-1,19,-2,19,-3,20,-3,21,-3,21,-4,21,-4,21,-4,22,-4,22,-5,22,-5,22,-5,22,-4,22,-4,22,-3,22,-3,22,-2,23,-2,24,-2,24,-1,24,-1,24]"
CSI_DATA,41221,d8:b1:90:db:e8:90,-40,11,1,7,0,0,1,0,0,0,1,-94,0,4,0,645746637,0,100,0,128,1,"[100,-64,5,0,16,-14,16,-15,16,-15,16,-16,16,-16,15,-16,14,-16,14,-16,13,-16,13,-16,12,-16,12,-16,12,-16,12,-16,13,-16,12,-16,12,-16,12,-16,12,-15,12,-14,12,-13,12,-12,12,-12,12,-11,12,-10,3,-3,0,0,0,0,0,0,0,0,0,0,0,0,0,0,0,0,0,0,3,-3,12,-12,12,-11,13,-11,13,-11,14,-11,15,-11,16,-10,17,-10,17,-11,17,-11,18,-10,18,-10,19,-10,19,-10,19,-10,19,-10,19,-10,19,-11,19,-11,19,-11,18,-12,18,-13,19,-13,19,-14,19,-14,19,-14]"
CSI_DATA,41222,d8:b1:90:db:e8:90,-40,11,1,7,0,0,1,0,0,0,1,-94,0,4,0,645768270,0,100,0,128,1,"[100,-64,5,0,-23,5,-23,5,-22,6,-22,6,-22,6,-22,6,-21,7,-21,7,-21,7,-21,8,-21,8,-21,8,-21,9,-21,9,-20,8,-20,8,-19,8,-19,8,-19,7,-18,7,-18,6,-17,5,-17,5,-17,5,-18,4,-5,1,0,0,0,0,0,0,0,0,0,0,0,0,0,0,0,0,0,0,-4,1,-16,6,-17,6,-17,5,-18,4,-19,4,-20,4,-20,4,-21,4,-21,3,-22,3,-22,3,-23,2,-22,2,-22,3,-23,3,-23,3,-23,4,-23,3,-22,3,-22,4,-23,4,-23,5,-23,5,-23,5,-23,5,-23,5]"
CSI_DATA,41223,d8:b1:90:db:e8:90,-40,11,1,7,0,0,1,0,0,0,1,-94,0,4,0,645787815,0,100,0,128,1,"[100,-64,5,0,-24,9,-24,9,-23,10,-23,10,-23,10,-22,10,-22,10,-21,11,-21,11,-21,11,-21,11,-21,12,-21,12,-20,12,-20,12,-20,12,-20,11,-20,11,-19,10,-19,10,-19,9,-19,8,-18,7,-18,6,-18,6,-5,1,0,0,0,0,0,0,0,0,0,0,0,0,0,0,0,0,0,0,-4,2,-16,10,-17,9,-18,8,-18,8,-19,7,-20,7,-21,7,-22,7,-23,7,-23,6,-23,5,-24,4,-24,4,-24,5,-24,5,-25,6,-25,6,-25,6,-25,7,-25,7,-25,8,-25,8,-25,8,-25,8,-25,9,-25,9]"
CSI_DATA,41224,d8:b1:90:db:e8:90,-40,11,1,7,0,0,1,0,0,0,1,-94,0,4,0,645809489,0,100,0,128,1,"[100,-64,5,0,-14,15,-14,15,-14,15,-13,15,-12,15,-12,15,-11,15,-11,16,-11,16,-10,16,-10,16,-11,16,-11,16,-11,16,-10,16,-10,15,-10,15,-10,15,-10,14,-10,13,-10,13,-10,12,-11,12,-11,11,-11,11,-3,2,0,0,0,0,0,0,0,0,0,0,0,0,0,0,0,0,0,0,-2,2,-9,11,-10,11,-11,11,-12,11,-12,12,-13,11,-13,11,-14,12,-14,12,-15,12,-16,12,-16,12,-16,12,-16,12,-16,12,-16,12,-16,12,-16,13,-15,13,-15,13,-15,14,-15,14,-15,14,-15,14,-15,14,-15,15]"
CSI_DATA,41225,d8:b1:90:db:e8:90,-40,11,1,7,0,0,1,0,0,0,1,-94,0,4,0,645823026,0,100,0,128,1,"[100,-64,5,0,0,-25,0,-25,0,-25,-1,-25,-1,-25,-2,-24,-2,-24,-3,-24,-4,-24,-4,-23,-5,-23,-5,-24,-4,-24,-4,-23,-4,-23,-4,-23,-3,-22,-3,-22,-3,-21,-2,-21,-1,-20,-1,-19,-1,-19,0,-19,0,-19,0,-5,0,0,0,0,0,0,0,0,0,0,0,0,0,0,0,0,0,0,-1,-5,-2,-18,-1,-19,0,-20,0,-21,1,-21,2,-21,2,-22,3,-22,3,-23,4,-23,4,-24,4,-24,4,-24,4,-24,5,-24,4,-24,4,-25,4,-25,3,-24,3,-24,3,-25,2,-25,2,-25,2,-25,1,-25,2,-25]"
CSI_DATA,41226,d8:b1:90:db:e8:90,-40,11,1,7,0,0,1,0,0,0,1,-94,0,4,0,645835202,0,100,0,128,1,"[100,-64,5,0,-11,21,-10,21,-10,21,-10,21,-9,21,-8,20,-8,20,-8,20,-8,20,-8,20,-7,20,-7,21,-7,21,-7,21,-7,20,-7,20,-7,19,-7,19,-8,18,-8,17,-8,16,-8,16,-8,15,-9,15,-10,15,-3,3,0,0,0,0,0,0,0,0,0,0,0,0,0,0,0,0,0,0,-2,4,-6,16,-6,16,-8,16,-9,17,-9,17,-10,17,-10,17,-11,17,-11,18,-12,18,-12,18,-13,18,-13,19,-13,19,-13,18,-13,18,-13,18,-13,19,-13,20,-12,20,-12,20,-12,20,-11,20,-10,20,-10,21,-11,21]"
CSI_DATA,41227,d8:b1:90:db:e8:90,-41,11,1,7,0,0,1,0,0,0,1,-94,0,4,0,645845342,0,100,0,128,1,"[100,-64,5,0,-4,-22,-5,-22,-5,-22,-5,-22,-5,-21,-5,-21,-6,-21,-6,-21,-6,-20,-6,-20,-7,-20,-7,-20,-7,-20,-7,-20,-7,-20,-6,-20,-6,-19,-6,-19,-5,-18,-5,-18,-4,-18,-4,-17,-3,-17,-3,-17,-2,-16,-1,-4,0,0,0,0,0,0,0,0,0,0,0,0,0,0,0,0,0,0,-2,-4,-5,-16,-4,-16,-4,-17,-3,-18,-3,-18,-2,-19,-2,-19,-2,-20,-1,-20,-1,-21,-1,-21,-1,-21,-1,-22,-1,-21,-1,-21,-1,-21,-1,-22,-1,-22,-1,-22,-2,-22,-2,-22,-3,-22,-3,-22,-3,-22,-4,-22,-3,-22]"
CSI_DATA,41228,d8:b1:90:db:e8:90,-40,11,1,5,0,0,1,0,1,0,0,-94,0,4,0,645858720,0,100,0,128,1,"[100,-64,5,0,10,-7,15,-4,20,0,24,3,28,6,29,8,31,10,31,12,31,12,30,12,28,11,25,9,23,6,20,3,18,0,16,-4,14,-9,13,-13,12,-16,12,-19,12,-20,13,-21,15,-20,16,-20,17,-18,4,-5,0,0,0,0,0,0,0,0,0,0,0,0,0,0,0,0,0,0,-1,-5,0,-21,2,-22,4,-24,6,-25,7,-25,8,-25,7,-24,5,-23,3,-22,0,-21,-4,-20,-9,-20,-13,-19,-17,-20,-21,-20,-25,-21,-27,-21,-29,-22,-29,-22,-29,-22,-28,-22,-26,-21,-22,-21,-18,-20,-13,-18,-9,-17]"
CSI_DATA,41229,d8:b1:90:db:e8:90,-40,11,1,7,0,0,1,0,0,0,1,-94,0,4,0,645872526,0,100,0,128,1,"[100,-64,5,0,-5,23,-5,23,-4,23,-4,23,-3,22,-2,22,-2,22,-2,22,-2,22,-1,21,-1,22,-1,22,-1,21,-1,21,-1,21,-1,21,-1,21,-1,20,-1,19,-2,19,-2,18,-2,18,-3,18,-3,17,-4,17,-1,4,0,0,0,0,0,0,0,0,0,0,0,0,0,0,0,0,0,0,-1,4,-1,16,-2,17,-2,17,-3,18,-3,19,-4,19,-4,20,-4,20,-5,21,-5,22,-6,22,-6,22,-6,22,-7,22,-7,21,-7,21,-6,21,-6,21,-6,22,-6,23,-6,23,-6,23,-6,23,-6,23,-5,23,-5,23]"
CSI_DATA,41230,d8:b1:90:db:e8:90,-40,11,1,7,0,0,1,0,0,0,1,-94,0,4,0,645891572,0,100,0,128,1,"[100,-64,5,0,-19,10,-19,10,-19,10,-19,10,-18,11,-18,11,-17,11,-17,11,-17,11,-16,11,-16,12,-16,11,-16,11,-16,11,-16,11,-16,11,-16,11,-15,10,-15,10,-15,9,-15,8,-14,8,-14,7,-14,7,-14,7,-4,1,0,0,0,0,0,0,0,0,0,0,0,0,0,0,0,0,0,0,-3,2,-12,10,-13,9,-14,8,-14,8,-15,8,-16,8,-16,8,-17,8,-17,8,-18,8,-18,8,-19,8,-19,7,-19,7,-19,7,-19,7,-19,7,-19,8,-19,8,-19,8,-19,9,-19,9,-19,9,-19,9,-19,10,-19,10]"
CSI_DATA,41231,d8:b1:90:db:e8:90,-41,11,1,7,0,0,1,0,0,0,1,-94,0,4,0,645902513,0,100,0,128,1,"[100,-64,5,0,9,22,10,22,10,21,10,21,11,21,11,20,12,20,12,20,12,19,12,19,13,19,13,18,13,18,12,17,12,17,12,17,12,17,12,17,12,17,11,16,10,16,10,15,9,15,8,15,7,15,1,4,0,0,0,0,0,0,0,0,0,0,0,0,0,0,0,0,0,0,2,3,9,15,8,16,8,17,7,17,7,18,7,19,7,20,7,20,7,21,6,22,6,22,5,23,5,23,5,23,5,23,5,23,6,22,6,22,6,22,6,22,7,22,7,22,8,23,9,23,9,23,9,24]"
CSI_DATA,41232,d8:b1:90:db:e8:90,-40,11,1,7,0,0,1,0,0,0,1,-94,0,4,0,645912805,0,100,0,128,1,"[100,-64,5,0,3,-19,2,-19,2,-19,2,-19,1,-19,1,-19,0,-19,0,-19,0,-19,0,-19,0,-19,-1,-18,-1,-18,-1,-17,-1,-17,-1,-17,-1,-17,-1,-17,-1,-17,-1,-17,0,-16,0,-15,0,-15,1,-14,2,-14,0,-4,0,0,0,0,0,0,0,0,0,0,0,0,0,0,0,0,0,0,0,-4,0,-14,1,-14,1,-15,2,-16,2,-16,3,-16,3,-17,3,-17,4,-17,5,-17,5,-17,6,-18,6,-18,6,-18,5,-18,5,-18,5,-18,5,-18,5,-18,5,-18,4,-18,4,-19,4,-19,4,-19,4,-20,4,-20]"
CSI_DATA,41233,d8:b1:90:db:e8:90,-40,11,1,7,0,0,1,0,0,0,1,-94,0,4,0,645927847,0,100,0,128,1,"[100,-64,5,0,18,16,17,16,18,15,18,14,18,13,18,12,19,12,19,12,18,12,18,11,19,11,19,11,19,11,19,11,18,11,18,11,17,11,16,11,16,11,15,11,15,11,14,11,14,11,13,11,12,12,3,3,0,0,0,0,0,0,0,0,0,0,0,0,0,0,0,0,0,0,3,2,15,9,14,9,14,10,14,11,14,12,14,13,15,13,15,14,15,15,15,16,14,16,14,17,14,17,14,17,15,17,15,17,15,16,15,17,16,17,16,16,17,16,17,17,18,17,18,17,18,16,18,16]"
CSI_DATA,41234,d8:b1:90:db:e8:90,-40,11,1,7,0,0,1,0,0,0,1,-94,0,4,0,645941089,0,100,0,128,1,"[100,-64,5,0,12,19,12,18,13,18,13,17,14,17,14,17,14,16,14,16,14,16,14,16,14,15,14,15,14,15,14,15,14,15,13,15,13,15,13,14,12,14,11,14,10,14,10,14,9,14,9,13,9,13,2,3,0,0,0,0,0,0,0,0,0,0,0,0,0,0,0,0,0,0,2,3,10,12,10,13,9,14,9,14,9,15,9,15,9,16,9,17,9,18,9,18,8,19,8,19,8,19,8,19,8,19,8,19,8,19,9,19,9,19,10,19,11,19,11,19,11,19,11,19,12,19,12,19]"
CSI_DATA,41235,d8:b1:90:db:e8:90,-40,11,1,7,0,0,1,0,0,0,1,-94,0,4,0,645953293,0,100,0,128,1,"[100,-64,5,0,21,1,20,1,21,0,21,0,21,-1,20,-1,20,-1,20,-1,19,-1,19,-2,20,-2,19,-2,19,-2,19,-2,19,-2,19,-2,18,-2,18,-1,17,-1,17,-1,16,0,16,0,16,1,15,1,14,1,3,0,0,0,0,0,0,0,0,0,0,0,0,0,0,0,0,0,0,0,3,-1,15,-1,15,-1,16,0,16,1,16,1,17,1,17,2,18,2,18,3,19,3,19,4,19,4,19,4,19,4,19,4,19,4,19,4,19,4,19,3,20,3,20,3,20,2,20,2,20,2,21,2,21,2]"
CSI_DATA,41236,d8:b1:90:db:e8:90,-40,11,1,7,0,0,1,0,0,0,1,-94,0,4,0,645966668,0,100,0,128,1,"[100,-64,5,0,14,16,14,16,14,15,14,15,15,15,15,15,15,14,14,13,14,13,15,12,15,12,15,12,16,12,15,12,15,12,15,12,15,12,14,12,14,12,13,11,13,11,13,11,12,11,11,12,10,12,2,3,0,0,0,0,0,0,0,0,0,0,0,0,0,0,0,0,0,0,3,2,13,10,12,11,11,12,11,12,11,13,11,14,11,14,11,15,11,16,11,16,11,17,11,17,11,17,12,18,12,18,12,18,12,18,12,18,12,18,13,18,13,17,14,17,14,17,14,17,15,17,15,16]"
CSI_DATA,41237,d8:b1:90:db:e8:90,-40,11,1,7,0,0,1,0,0,0,1,-94,0,4,0,645992824,0,100,0,128,1,"[100,-64,5,0,-21,-18,-21,-17,-21,-17,-21,-16,-20,-16,-20,-16,-20,-15,-20,-15,-20,-15,-21,-15,-21,-15,-21,-14,-21,-14,-21,-14,-21,-14,-20,-14,-19,-14,-19,-14,-18,-14,-18,-14,-18,-14,-17,-14,-16,-14,-15,-14,-14,-14,-4,-4,0,0,0,0,0,0,0,0,0,0,0,0,0,0,0,0,0,0,-5,-3,-17,-11,-17,-12,-16,-13,-16,-14,-16,-14,-17,-15,-17,-16,-17,-17,-17,-17,-17,-18,-17,-19,-17,-19,-17,-20,-16,-20,-16,-20,-17,-20,-17,-20,-17,-20,-17,-19,-17,-19,-18,-18,-19,-18,-19,-18,-19,-18,-19,-18,-19,-18]"
CSI_DATA,41238,d8:b1:90:db:e8:90,-40,11,1,7,0,0,1,0,0,0,1,-94,0,4,0,646005017,0,100,0,128,1,"[100,-64,5,0,-10,18,-10,18,-9,18,-9,18,-9,17,-8,17,-8,17,-8,17,-7,17,-7,17,-6,17,-6,17,-6,17,-6,17,-7,17,-7,17,-8,16,-8,15,-8,15,-7,14,-8,14,-8,13,-7,13,-8,13,-8,13,-2,3,0,0,0,0,0,0,0,0,0,0,0,0,0,0,0,0,0,0,-1,3,-4,13,-5,13,-6,13,-7,14,-7,14,-8,14,-9,15,-10,15,-11,15,-11,15,-12,15,-12,15,-13,15,-13,15,-13,15,-13,15,-13,15,-12,15,-12,16,-12,16,-12,17,-12,17,-12,17,-11,17,-11,18,-11,18]"
CSI_DATA,41239,d8:b1:90:db:e8:90,-40,11,1,7,0,0,1,0,0,0,1,-94,0,4,0,646017063,0,100,0,128,1,"[100,-64,5,0,12,-23,11,-23,11,-23,10,-22,10,-23,10,-23,9,-23,8,-23,8,-23,7,-23,7,-22,7,-23,7,-23,7,-23,7,-23,7,-22,7,-22,7,-21,7,-20,7,-20,7,-19,7,-19,8,-18,9,-18,9,-17,2,-5,0,0,0,0,0,0,0,0,0,0,0,0,0,0,0,0,0,0,1,-5,7,-18,8,-18,9,-18,10,-19,10,-19,11,-19,11,-18,12,-18,13,-18,14,-19,15,-19,16,-19,16,-20,16,-20,15,-20,15,-20,14,-20,14,-20,13,-20,13,-20,13,-20,13,-21,13,-22,13,-23,12,-23,12,-23]"
CSI_DATA,41240,d8:b1:90:db:e8:90,-40,11,1,7,0,0,1,0,0,0,1,-94,0,4,0,646032909,0,100,0,128,1,"[100,-64,5,0,-23,-9,-23,-8,-23,-8,-23,-7,-24,-7,-23,-6,-23,-6,-23,-5,-23,-4,-23,-4,-23,-4,-22,-3,-22,-3,-22,-3,-21,-4,-21,-4,-21,-4,-20,-4,-20,-4,-19,-5,-19,-5,-18,-5,-18,-5,-18,-5,-17,-6,-5,-2,0,0,0,0,0,0,0,0,0,0,0,0,0,0,0,0,0,0,-5,-1,-18,-4,-18,-5,-18,-6,-18,-7,-19,-8,-19,-8,-20,-8,-20,-9,-20,-9,-21,-10,-21,-11,-20,-11,-20,-12,-20,-12,-20,-12,-20,-12,-21,-12,-21,-12,-21,-11,-21,-11,-21,-10,-22,-10,-22,-10,-22,-9,-22,-9,-23,-10]"
CSI_DATA,41241,d8:b1:90:db:e8:90,-40,11,1,7,0,0,1,0,0,0,1,-94,0,4,0,646049547,0,100,0,128,1,"[100,-64,5,0,-22,-3,-22,-2,-21,-2,-21,-1,-21,-1,-21,-1,-21,-1,-21,0,-21,0,-21,1,-21,1,-20,1,-20,2,-20,2,-20,1,-20,1,-19,1,-19,0,-19,0,-18,0,-17,-1,-17,-1,-16,-1,-16,-1,-16,-2,-4,-1,0,0,0,0,0,0,0,0,0,0,0,0,0,0,0,0,0,0,-4,0,-15,-1,-16,-1,-17,-2,-17,-3,-17,-3,-18,-4,-18,-5,-19,-5,-19,-6,-19,-6,-19,-6,-20,-6,-19,-6,-19,-7,-20,-7,-20,-7,-20,-6,-20,-6,-20,-6,-20,-6,-20,-5,-21,-5,-21,-4,-22,-4,-22,-4,-22,-4]"
CSI_DATA,41242,d8:b1:90:db:e8:90,-40,11,1,7,0,0,1,0,0,0,1,-94,0,4,0,646059762,0,100,0,128,1,"[100,-64,5,0,-21,-6,-21,-5,-21,-5,-21,-4,-21,-3,-21,-3,-20,-3,-21,-3,-21,-3,-21,-3,-21,-3,-20,-2,-20,-2,-20,-2,-20,-2,-20,-3,-19,-3,-19,-3,-18,-3,-17,-3,-17,-3,-16,-4,-16,-4,-15,-4,-15,-5,-4,-2,0,0,0,0,0,0,0,0,0,0,0,0,0,0,0,0,0,0,-4,-1,-15,-2,-16,-2,-16,-3,-17,-4,-17,-5,-18,-5,-18,-6,-18,-6,-18,-6,-19,-7,-19,-8,-19,-8,-19,-8,-18,-8,-18,-8,-19,-8,-19,-8,-19,-8,-19,-7,-19,-7,-19,-7,-20,-7,-20,-7,-20,-7,-21,-6,-21,-6]"
CSI_DATA,41243,d8:b1:90:db:e8:90,-40,11,1,7,0,0,1,0,0,0,1,-94,0,4,0,646073253,0,100,0,128,1,"[100,-64,5,0,-24,-7,-23,-6,-23,-5,-23,-4,-23,-4,-22,-4,-23,-4,-23,-4,-23,-3,-22,-3,-22,-3,-22,-3,-22,-4,-22,-4,-22,-3,-21,-3,-20,-2,-19,-3,-19,-4,-19,-4,-19,-4,-19,-4,-18,-4,-17,-4,-17,-5,-5,-2,0,0,0,0,0,0,0,0,0,0,0,0,0,0,0,0,0,0,-5,-1,-17,-2,-18,-3,-19,-3,-19,-3,-20,-4,-20,-4,-20,-6,-20,-7,-21,-8,-22,-9,-22,-9,-22,-8,-21,-9,-21,-9,-21,-10,-21,-10,-22,-9,-22,-8,-22,-8,-22,-8,-22,-8,-23,-8,-23,-8,-24,-7,-24,-6,-24,-6]"
CSI_DATA,41244,d8:b1:90:db:e8:90,-40,11,1,7,0,0,1,0,0,0,1,-94,0,4,0,646096812,0,100,0,128,1,"[100,-64,5,0,-18,11,-18,11,-17,12,-17,12,-17,12,-16,12,-16,12,-15,12,-15,12,-15,12,-15,12,-15,12,-15,12,-15,12,-15,12,-14,12,-14,11,-14,11,-14,11,-14,10,-14,10,-13,9,-14,9,-14,9,-14,9,-4,2,0,0,0,0,0,0,0,0,0,0,0,0,0,0,0,0,0,0,-3,2,-12,10,-12,10,-13,9,-14,9,-15,9,-16,9,-16,8,-17,8,-18,8,-18,8,-19,8,-19,8,-19,8,-19,8,-19,8,-18,7,-18,8,-18,8,-19,9,-19,9,-19,10,-19,10,-19,10,-18,10,-18,11,-18,11]"
CSI_DATA,41245,d8:b1:90:db:e8:90,-40,11,1,7,0,0,1,0,0,0,1,-94,0,4,0,646106930,0,100,0,128,1,"[100,-64,5,0,-10,-19,-10,-18,-11,-18,-11,-18,-11,-17,-11,-17,-12,-17,-11,-16,-11,-16,-12,-16,-12,-16,-12,-16,-12,-16,-11,-16,-11,-16,-11,-15,-11,-15,-10,-15,-10,-15,-10,-14,-9,-14,-9,-14,-9,-14,-8,-14,-8,-14,-2,-4,0,0,0,0,0,0,0,0,0,0,0,0,0,0,0,0,0,0,-3,-3,-9,-13,-9,-14,-9,-14,-8,-15,-8,-16,-8,-16,-8,-17,-7,-18,-7,-18,-7,-19,-6,-19,-6,-19,-6,-20,-6,-20,-6,-19,-6,-19,-6,-19,-7,-19,-7,-19,-8,-19,-8,-20,-8,-20,-9,-19,-9,-19,-9,-19,-9,-19]"
CSI_DATA,41246,d8:b1:90:db:e8:90,-40,11,1,7,0,0,1,0,0,0,1,-94,0,4,0,646118994,0,100,0,128,1,"[100,-64,5,0,-19,10,-19,11,-18,11,-17,10,-17,10,-16,10,-16,10,-16,11,-15,11,-15,11,-15,12,-16,12,-16,12,-15,12,-15,12,-15,12,-15,11,-15,11,-15,10,-14,10,-14,9,-14,9,-14,8,-14,8,-14,7,-4,1,0,0,0,0,0,0,0,0,0,0,0,0,0,0,0,0,0,0,-4,2,-13,9,-13,9,-14,8,-14,8,-15,8,-16,7,-17,7,-17,7,-18,7,-18,7,-19,7,-19,7,-19,7,-19,7,-20,7,-20,7,-19,7,-19,8,-19,8,-19,8,-19,9,-19,9,-19,10,-19,10,-19,10,-19,10]"
CSI_DATA,41247,d8:b1:90:db:e8:90,-40,11,1,7,0,0,1,0,0,0,1,-94,0,4,0,646137676,0,100,0,128,1,"[100,-64,5,0,-23,-11,-23,-10,-23,-10,-23,-9,-23,-9,-23,-9,-23,-8,-23,-8,-22,-7,-22,-7,-23,-7,-24,-6,-24,-6,-24,-6,-24,-6,-23,-6,-23,-6,-22,-6,-22,-6,-21,-6,-20,-6,-20,-7,-19,-7,-18,-7,-18,-8,-5,-2,0,0,0,0,0,0,0,0,0,0,0,0,0,0,0,0,0,0,-5,-1,-19,-5,-19,-5,-18,-6,-19,-7,-19,-8,-19,-8,-20,-9,-20,-9,-21,-10,-21,-11,-21,-12,-21,-12,-21,-12,-21,-12,-21,-13,-21,-13,-21,-12,-21,-12,-22,-11,-22,-11,-22,-11,-23,-11,-23,-11,-23,-11,-23,-11,-23,-11]"
CSI_DATA,41248,d8:b1:90:db:e8:90,-40,11,1,7,0,0,1,0,0,0,1,-94,0,4,0,646153312,0,100,0,128,1,"[100,-64,5,0,-19,-10,-19,-9,-19,-9,-19,-8,-19,-8,-19,-8,-19,-7,-19,-7,-19,-7,-19,-7,-19,-7,-19,-7,-19,-7,-19,-6,-19,-6,-18,-6,-18,-6,-17,-6,-17,-6,-16,-6,-16,-7,-16,-7,-15,-7,-14,-7,-14,-8,-4,-2,0,0,0,0,0,0,0,0,0,0,0,0,0,0,0,0,0,0,-4,-2,-15,-5,-15,-6,-15,-7,-14,-7,-15,-8,-15,-8,-16,-9,-16,-10,-16,-11,-16,-11,-17,-12,-17,-12,-17,-12,-16,-12,-16,-12,-17,-12,-17,-12,-17,-12,-17,-12,-17,-12,-17,-12,-17,-12,-18,-11,-18,-11,-18,-11,-18,-11]"
CSI_DATA,41249,d8:b1:90:db:e8:90,-40,11,1,7,0,0,1,0,0,0,1,-94,0,4,0,646164024,0,100,0,128,1,"[100,-64,5,0,-21,-2,-21,-1,-21,-1,-21,0,-21,0,-20,1,-20,1,-20,1,-20,1,-20,1,-20,2,-20,2,-19,2,-19,2,-19,2,-19,2,-19,2,-19,2,-18,1,-18,1,-17,0,-17,0,-16,0,-16,-1,-15,-1,-4,-1,0,0,0,0,0,0,0,0,0,0,0,0,0,0,0,0,0,0,-4,0,-15,1,-16,0,-16,0,-16,-1,-17,-1,-17,-2,-18,-2,-19,-3,-19,-3,-19,-3,-20,-4,-20,-4,-20,-4,-20,-5,-20,-5,-20,-5,-20,-4,-20,-4,-20,-5,-20,-4,-20,-4,-20,-4,-20,-3,-20,-3,-21,-3,-22,-2]"
CSI_DATA,41250,d8:b1:90:db:e8:90,-40,11,1,7,0,0,1,0,0,0,1,-94,0,4,0,646174739,0,100,0,128,1,"[100,-64,5,0,-24,4,-24,4,-23,5,-23,5,-23,5,-23,6,-22,6,-23,7,-23,7,-22,7,-22,8,-22,7,-22,7,-22,7,-21,7,-21,7,-20,7,-20,6,-19,6,-19,5,-19,5,-19,4,-18,4,-18,4,-18,3,-5,0,0,0,0,0,0,0,0,0,0,0,0,0,0,0,0,0,0,0,-5,1,-17,6,-17,6,-18,5,-19,5,-19,4,-20,4,-21,3,-22,3,-22,3,-23,3,-23,2,-23,2,-23,2,-23,2,-23,2,-24,2,-24,2,-23,2,-24,2,-23,2,-23,3,-24,3,-24,3,-24,3,-24,3,-24,4]"
CSI_DATA,41251,d8:b1:90:db:e8:90,-40,11,1,7,0,0,1,0,0,0,1,-94,0,4,0,646198572,0,100,0,128,1,"[100,-64,5,0,-21,1,-20,1,-20,1,-20,2,-20,2,-20,3,-19,3,-19,4,-20,4,-19,4,-19,4,-19,4,-19,4,-19,4,-19,4,-18,3,-18,3,-17,3,-17,3,-17,2,-17,2,-16,1,-16,1,-15,1,-15,0,-4,0,0,0,0,0,0,0,0,0,0,0,0,0,0,0,0,0,0,0,-4,1,-15,4,-15,3,-16,2,-16,2,-17,2,-18,1,-18,1,-19,1,-19,1,-19,0,-20,0,-20,-1,-19,-1,-20,-1,-20,-1,-20,-1,-20,-1,-20,-1,-20,-1,-20,0,-20,0,-20,0,-20,0,-21,0,-21,1,-21,1]"
CSI_DATA,41252,d8:b1:90:db:e8:90,-40,11,1,7,0,0,1,0,0,0,1,-94,0,4,0,646208621,0,100,0,128,1,"[100,-64,5,0,6,20,6,20,6,19,6,19,7,19,7,18,7,18,8,18,8,17,8,17,8,17,8,17,8,16,8,16,8,16,7,17,7,17,6,16,6,16,5,15,5,15,5,15,4,15,3,15,3,15,0,3,0,0,0,0,0,0,0,0,0,0,0,0,0,0,0,0,0,0,1,3,6,13,6,13,6,13,6,14,5,15,5,16,4,16,3,17,3,17,3,18,2,19,2,19,2,19,2,19,2,19,2,19,2,19,2,19,3,19,3,19,4,19,4,19,4,19,4,19,4,19,5,19]"
CSI_DATA,41253,d8:b1:90:db:e8:90,-40,11,1,7,0,0,1,0,0,0,1,-94,0,4,0,646219076,0,100,0,128,1,"[100,-64,5,0,15,17,15,17,15,16,15,16,15,16,16,15,16,14,16,14,17,14,17,14,17,13,16,13,16,12,16,12,16,13,15,13,15,13,14,13,14,13,13,12,13,12,12,12,12,12,11,13,10,13,2,3,0,0,0,0,0,0,0,0,0,0,0,0,0,0,0,0,0,0,3,2,12,11,12,11,12,12,12,12,12,13,12,14,11,15,11,16,11,17,11,17,11,18,11,18,11,18,11,18,11,18,11,18,11,18,11,18,12,18,12,18,12,18,13,18,13,18,13,18,14,17,15,18]"
CSI_DATA,41254,d8:b1:90:db:e8:90,-40,11,1,7,0,0,1,0,0,0,1,-94,0,4,0,646233374,0,100,0,128,1,"[100,-64,5,0,-21,-10,-21,-10,-20,-10,-20,-9,-20,-9,-20,-8,-20,-8,-21,-7,-21,-7,-21,-6,-21,-6,-21,-5,-21,-5,-20,-5,-20,-5,-20,-5,-20,-5,-19,-5,-19,-5,-18,-6,-18,-6,-18,-6,-17,-6,-16,-7,-16,-7,-4,-2,0,0,0,0,0,0,0,0,0,0,0,0,0,0,0,0,0,0,-5,-2,-17,-5,-16,-6,-16,-8,-16,-8,-17,-9,-17,-10,-17,-10,-17,-11,-17,-12,-17,-13,-17,-13,-17,-13,-17,-13,-17,-13,-18,-14,-19,-14,-19,-14,-19,-14,-18,-13,-19,-13,-19,-12,-20,-12,-20,-12,-20,-12,-21,-12,-21,-12]"
CSI_DATA,41255,d8:b1:90:db:e8:90,-41,11,1,7,0,0,1,0,0,0,1,-94,0,4,0,646244418,0,100,0,128,1,"[100,-64,5,0,10,19,11,19,11,18,11,18,11,17,11,17,12,17,12,16,13,16,13,16,13,15,13,14,13,14,13,14,13,14,13,15,13,15,12,14,11,14,11,14,10,14,10,14,9,14,8,14,7,14,1,3,0,0,0,0,0,0,0,0,0,0,0,0,0,0,0,0,0,0,2,2,11,12,10,13,9,14,9,14,9,15,8,16,8,16,8,17,8,18,8,18,7,19,7,19,7,19,7,19,7,20,7,20,7,20,7,20,8,19,8,19,9,19,9,19,9,20,10,20,10,20,10,20]"
CSI_DATA,41256,d8:b1:90:db:e8:90,-40,11,1,7,0,0,1,0,0,0,1,-94,0,4,0,646255862,0,100,0,128,1,"[100,-64,5,0,18,-8,18,-8,18,-8,17,-9,17,-9,16,-9,16,-10,16,-10,15,-11,15,-11,15,-11,16,-11,16,-11,16,-11,16,-11,15,-10,15,-10,15,-9,14,-9,14,-9,14,-8,14,-8,14,-7,14,-6,14,-6,3,-2,0,0,0,0,0,0,0,0,0,0,0,0,0,0,0,0,0,0,3,-2,13,-6,14,-6,14,-6,15,-6,15,-6,16,-6,16,-5,17,-5,18,-5,18,-4,18,-4,19,-4,19,-4,19,-4,19,-4,18,-5,18,-5,18,-5,19,-6,19,-6,18,-7,18,-7,19,-7,19,-7,19,-7,20,-7]"
CSI_DATA,41257,d8:b1:90:db:e8:90,-40,11,1,7,0,0,1,0,0,0,1,-94,0,4,0,646271385,0,100,0,128,1,"[100,-64,5,0,21,0,21,0,20,0,20,-1,19,-1,19,-2,19,-2,19,-2,19,-2,19,-3,18,-3,19,-2,19,-2,19,-3,18,-3,18,-2,18,-2,17,-2,17,-1,17,-1,16,-1,16,-1,15,0,15,0,15,1,3,0,0,0,0,0,0,0,0,0,0,0,0,0,0,0,0,0,0,0,3,-1,15,-2,15,-2,15,-1,15,-1,16,0,16,0,17,0,17,1,18,1,18,2,18,2,19,3,19,3,19,3,19,3,19,4,19,3,19,3,19,3,19,3,19,2,20,2,20,2,20,2,20,2,21,1]"
CSI_DATA,41258,d8:b1:90:db:e8:90,-40,11,1,7,0,0,1,0,0,0,1,-94,0,4,0,646300228,0,100,0,128,1,"[100,-64,5,0,9,-21,9,-21,9,-21,9,-21,8,-21,7,-21,7,-21,6,-21,6,-22,6,-21,6,-21,6,-21,6,-21,6,-21,6,-20,6,-20,6,-20,6,-19,7,-19,6,-18,6,-18,6,-17,7,-16,7,-16,8,-16,2,-4,0,0,0,0,0,0,0,0,0,0,0,0,0,0,0,0,0,0,1,-4,5,-16,5,-16,6,-16,7,-17,8,-17,8,-17,8,-18,9,-18,10,-18,10,-18,11,-19,11,-19,12,-19,12,-19,12,-18,12,-18,12,-18,12,-18,12,-18,12,-19,12,-19,11,-19,11,-20,11,-20,11,-20,11,-21]"
CSI_DATA,41259,d8:b1:90:db:e8:90,-40,11,1,7,0,0,1,0,0,0,1,-94,0,4,0,646312600,0,100,0,128,1,"[100,-64,5,0,22,-11,21,-11,21,-12,20,-12,20,-12,19,-12,19,-13,19,-14,18,-14,18,-15,18,-15,18,-14,18,-14,18,-14,18,-14,18,-13,18,-12,17,-12,17,-11,17,-11,16,-10,16,-10,16,-9,16,-9,16,-8,4,-2,0,0,0,0,0,0,0,0,0,0,0,0,0,0,0,0,0,0,3,-3,15,-10,15,-10,16,-9,16,-8,17,-8,18,-8,18,-8,19,-8,20,-8,20,-8,21,-7,21,-7,21,-8,21,-7,21,-7,22,-7,22,-8,22,-8,22,-8,22,-8,22,-9,22,-9,22,-9,22,-10,22,-10,22,-11]"
CSI_DATA,41260,d8:b1:90:db:e8:90,-40,11,1,7,0,0,1,0,0,0,1,-94,0,4,0,646322755,0,100,0,128,1,"[100,-64,5,0,-24,-1,-23,-1,-23,0,-22,0,-22,0,-21,1,-21,1,-22,2,-22,3,-21,3,-21,4,-21,3,-21,3,-21,3,-21,3,-20,2,-20,2,-19,2,-19,2,-18,1,-18,1,-17,0,-17,0,-17,0,-17,-1,-5,-1,0,0,0,0,0,0,0,0,0,0,0,0,0,0,0,0,0,0,-5,0,-17,1,-17,0,-17,-1,-17,-2,-18,-2,-19,-3,-19,-3,-20,-3,-20,-3,-20,-4,-21,-4,-21,-4,-21,-4,-21,-4,-22,-4,-22,-5,-22,-4,-22,-4,-22,-4,-22,-3,-22,-3,-23,-3,-23,-2,-23,-1,-23,-1,-22,-1]"
CSI_DATA,41261,d8:b1:90:db:e8:90,-40,11,1,7,0,0,1,0,0,0,1,-94,0,4,0,646335091,0,100,0,128,1,"[100,-64,5,0,-15,16,-14,16,-14,16,-13,15,-13,15,-12,15,-12,15,-11,16,-11,16,-11,16,-10,16,-10,17,-10,17,-10,17,-10,17,-10,16,-10,16,-10,15,-10,15,-10,14,-10,14,-9,13,-9,13,-10,12,-10,12,-3,3,0,0,0,0,0,0,0,0,0,0,0,0,0,0,0,0,0,0,-2,3,-9,13,-10,12,-10,12,-11,12,-12,12,-13,12,-13,13,-13,13,-14,13,-14,13,-15,13,-15,13,-15,13,-15,13,-15,13,-15,13,-15,14,-15,14,-15,14,-15,14,-15,15,-15,15,-15,15,-15,15,-15,16,-16,16]"
CSI_DATA,41262,d8:b1:90:db:e8:90,-40,11,1,7,0,0,1,0,0,0,1,-94,0,4,0,646348741,0,100,0,128,1,"[100,-64,5,0,-21,-13,-21,-12,-21,-12,-21,-11,-21,-11,-21,-10,-21,-10,-21,-9,-21,-9,-21,-8,-21,-8,-21,-8,-20,-8,-20,-7,-20,-8,-20,-9,-19,-9,-19,-9,-18,-9,-18,-9,-17,-9,-17,-9,-16,-9,-15,-10,-14,-10,-4,-3,0,0,0,0,0,0,0,0,0,0,0,0,0,0,0,0,0,0,-4,-2,-16,-8,-16,-9,-15,-9,-16,-10,-16,-10,-16,-11,-17,-12,-17,-12,-17,-13,-17,-14,-17,-15,-17,-15,-17,-15,-17,-15,-18,-15,-18,-14,-18,-14,-18,-14,-18,-15,-18,-15,-18,-15,-19,-14,-19,-14,-19,-14,-20,-14,-20,-14]"
CSI_DATA,41263,d8:b1:90:db:e8:90,-40,11,1,7,0,0,1,0,0,0,1,-94,0,4,0,646359240,0,100,0,128,1,"[100,-64,5,0,15,-14,15,-15,15,-15,14,-14,14,-14,13,-14,13,-15,13,-15,12,-16,11,-16,11,-16,11,-15,11,-15,11,-15,11,-15,12,-14,12,-14,12,-14,12,-13,11,-12,11,-12,11,-11,11,-10,12,-10,12,-9,3,-3,0,0,0,0,0,0,0,0,0,0,0,0,0,0,0,0,0,0,2,-3,9,-11,10,-11,10,-11,11,-12,12,-12,12,-12,13,-11,14,-11,14,-11,15,-11,16,-11,16,-11,16,-11,16,-11,16,-11,15,-12,15,-12,15,-12,16,-11,16,-11,16,-12,16,-12,16,-12,15,-13,15,-13,16,-13]"
CSI_DATA,41264,d8:b1:90:db:e8:90,-40,11,1,7,0,0,1,0,0,0,1,-94,0,4,0,646369815,0,100,0,128,1,"[100,-64,5,0,0,-21,-1,-21,-1,-21,-1,-20,-2,-20,-2,-20,-3,-20,-3,-20,-4,-20,-4,-19,-5,-19,-5,-19,-5,-19,-5,-19,-5,-18,-4,-18,-4,-18,-3,-18,-3,-18,-3,-18,-3,-17,-3,-16,-2,-16,-1,-16,-1,-16,-1,-4,0,0,0,0,0,0,0,0,0,0,0,0,0,0,0,0,0,0,-1,-4,-3,-16,-2,-16,-2,-16,-1,-16,0,-17,0,-17,0,-18,0,-19,1,-20,1,-20,1,-19,2,-20,2,-20,2,-20,2,-20,2,-20,2,-20,2,-20,2,-20,1,-21,1,-21,0,-21,0,-21,0,-21,0,-21,0,-21]"
CSI_DATA,41265,d8:b1:90:db:e8:90,-41,11,1,7,0,0,1,0,0,0,1,-94,0,4,0,646383517,0,100,0,128,1,"[100,-64,5,0,-23,8,-23,9,-23,9,-22,9,-22,9,-21,9,-21,10,-21,10,-20,11,-20,11,-19,12,-19,12,-19,12,-19,11,-19,11,-18,10,-18,10,-18,9,-18,9,-18,9,-18,8,-18,8,-18,7,-18,6,-18,5,-5,1,0,0,0,0,0,0,0,0,0,0,0,0,0,0,0,0,0,0,-4,2,-15,10,-16,9,-16,9,-16,9,-17,8,-18,8,-19,8,-20,8,-21,8,-21,8,-22,7,-22,7,-22,7,-22,6,-22,6,-23,6,-23,6,-23,6,-23,7,-23,7,-24,7,-24,8,-23,8,-23,9,-23,9,-23,8]"
CSI_DATA,41266,d8:b1:90:db:e8:90,-40,11,1,7,0,0,1,0,0,0,1,-94,0,4,0,646403028,0,100,0,128,1,"[100,-64,5,0,5,21,5,21,5,20,6,20,6,20,6,19,7,19,7,19,8,18,8,18,8,18,9,18,9,18,9,18,9,18,9,17,8,17,8,16,7,16,7,16,7,16,6,16,5,16,5,16,4,16,1,4,0,0,0,0,0,0,0,0,0,0,0,0,0,0,0,0,0,0,1,3,5,15,4,15,4,16,3,16,3,17,3,18,2,19,2,19,2,20,2,20,1,20,1,20,1,21,1,21,1,21,1,21,2,21,2,21,2,21,2,21,3,21,3,21,4,21,4,21,4,21,5,21]"
CSI_DATA,41267,d8:b1:90:db:e8:90,-40,11,1,7,0,0,1,0,0,0,1,-94,0,4,0,646414994,0,100,0,128,1,"[100,-64,5,0,18,7,18,6,18,6,18,5,18,5,18,4,18,4,18,4,19,4,18,3,18,3,18,3,18,3,18,2,18,3,18,3,17,3,16,3,16,3,16,3,16,4,15,4,15,4,14,4,14,5,3,1,0,0,0,0,0,0,0,0,0,0,0,0,0,0,0,0,0,0,3,1,14,4,14,5,14,5,14,6,15,6,15,7,15,7,15,7,16,8,16,9,16,9,16,10,16,10,16,10,16,10,16,10,16,10,16,9,17,9,17,9,17,9,17,9,17,9,18,9,18,8,19,8]"
CSI_DATA,41268,d8:b1:90:db:e8:90,-40,11,1,7,0,0,1,0,0,0,1,-94,0,4,0,646426811,0,100,0,128,1,"[100,-64,5,0,7,-20,6,-20,6,-20,6,-20,5,-20,4,-20,4,-20,4,-20,3,-21,3,-21,3,-21,3,-20,2,-20,2,-20,3,-20,3,-19,3,-19,3,-19,3,-18,4,-18,4,-17,4,-17,4,-16,4,-16,5,-15,1,-4,0,0,0,0,0,0,0,0,0,0,0,0,0,0,0,0,0,0,0,-4,3,-15,4,-16,5,-16,5,-16,6,-16,6,-17,7,-17,8,-17,8,-18,9,-18,9,-18,10,-18,10,-18,10,-18,10,-18,10,-18,10,-18,10,-19,9,-19,9,-19,9,-20,9,-20,9,-20,9,-20,8,-20,8,-20]"
CSI_DATA,41269,d8:b1:90:db:e8:90,-40,11,1,7,0,0,1,0,0,0,1,-94,0,4,0,646439500,0,100,0,128,1,"[100,-64,5,0,-24,3,-24,3,-24,3,-23,4,-23,4,-22,5,-22,5,-22,5,-22,5,-22,6,-22,6,-21,6,-21,6,-21,5,-20,6,-20,6,-20,6,-19,5,-19,5,-18,4,-18,3,-17,2,-17,2,-17,2,-17,1,-5,0,0,0,0,0,0,0,0,0,0,0,0,0,0,0,0,0,0,0,-5,1,-17,5,-17,5,-17,4,-17,3,-18,3,-19,2,-20,2,-21,1,-22,1,-22,1,-23,1,-23,0,-23,0,-23,0,-23,-1,-23,-1,-23,0,-23,0,-23,0,-23,1,-23,1,-23,1,-24,2,-24,2,-24,2,-24,3]"
CSI_DATA,41270,d8:b1:90:db:e8:90,-40,11,1,7,0,0,1,0,0,0,1,-94,0,4,0,646451142,0,100,0,128,1,"[100,-64,5,0,7,-24,6,-23,6,-23,6,-23,6,-23,5,-23,4,-23,4,-23,4,-23,3,-23,3,-23,3,-22,3,-22,3,-22,3,-21,3,-21,3,-21,3,-20,4,-20,4,-19,4,-18,4,-17,5,-17,5,-17,6,-17,1,-5,0,0,0,0,0,0,0,0,0,0,0,0,0,0,0,0,0,0,0,-5,2,-18,2,-18,3,-18,4,-18,5,-18,6,-19,6,-20,7,-20,8,-20,8,-21,8,-21,9,-21,9,-21,9,-22,10,-21,10,-21,9,-21,9,-21,9,-22,9,-22,8,-22,8,-22,8,-23,8,-23,8,-24,8,-24]"
CSI_DATA,41271,d8:b1:90:db:e8:90,-40,11,1,7,0,0,1,0,0,0,1,-94,0,4,0,646461385,0,100,0,128,1,"[100,-64,5,0,22,5,21,5,21,5,21,4,21,4,21,3,21,3,21,2,21,2,20,2,20,2,20,1,20,1,19,1,19,2,20,2,19,2,19,2,18,2,17,2,17,2,16,3,16,4,16,4,16,4,4,1,0,0,0,0,0,0,0,0,0,0,0,0,0,0,0,0,0,0,3,0,15,0,16,1,16,2,17,3,17,3,18,4,18,4,18,5,19,5,19,6,19,6,19,7,19,7,20,8,20,8,20,8,20,8,20,7,20,7,21,6,21,6,21,6,21,6,21,6,21,6,22,6]"
CSI_DATA,41272,d8:b1:90:db:e8:90,-40,11,1,7,0,0,1,0,0,0,1,-94,0,4,0,646478565,0,100,0,128,1,"[100,-64,5,0,-1,20,-1,20,-1,20,-1,20,-1,20,0,19,0,19,0,19,1,19,1,19,2,18,2,18,2,18,2,18,2,18,1,18,1,18,1,18,0,17,0,16,0,15,0,15,-1,15,-1,15,-2,15,-1,3,0,0,0,0,0,0,0,0,0,0,0,0,0,0,0,0,0,0,0,3,1,14,0,15,0,15,-1,15,-1,16,-2,16,-2,17,-2,17,-3,18,-3,18,-4,19,-4,19,-4,19,-4,19,-4,19,-4,19,-4,19,-4,19,-3,19,-3,19,-2,19,-2,19,-3,20,-3,21,-2,20,-2,20]"
CSI_DATA,41273,d8:b1:90:db:e8:90,-40,11,1,7,0,0,1,0,0,0,1,-94,0,4,0,646504503,0,100,0,128,1,"[100,-64,5,0,22,10,22,9,23,9,23,8,23,8,23,7,23,7,23,6,23,5,23,4,23,5,22,5,22,4,22,4,22,4,21,5,21,5,20,5,19,5,19,6,19,6,18,6,18,6,17,6,16,7,3,1,0,0,0,0,0,0,0,0,0,0,0,0,0,0,0,0,0,0,4,1,18,4,18,5,18,6,18,7,18,8,19,8,19,9,19,10,20,11,20,12,19,12,20,13,20,13,20,13,20,13,19,13,20,13,20,12,20,12,20,12,20,12,21,11,22,11,22,11,22,11,22,11]"
CSI_DATA,41274,d8:b1:90:db:e8:90,-40,11,1,7,0,0,1,0,0,0,1,-94,0,4,0,646516928,0,100,0,128,1,"[100,-64,5,0,-21,-18,-21,-17,-21,-16,-21,-16,-22,-15,-22,-15,-22,-15,-21,-14,-21,-14,-21,-13,-22,-13,-21,-13,-21,-12,-20,-12,-20,-12,-21,-12,-21,-12,-20,-12,-19,-12,-19,-12,-18,-11,-18,-11,-17,-11,-16,-11,-15,-12,-4,-3,0,0,0,0,0,0,0,0,0,0,0,0,0,0,0,0,0,0,-5,-3,-17,-10,-17,-11,-17,-12,-17,-13,-17,-13,-17,-14,-17,-15,-17,-16,-17,-16,-17,-17,-17,-18,-17,-18,-17,-19,-17,-19,-17,-18,-17,-18,-18,-18,-18,-18,-18,-18,-18,-18,-19,-18,-19,-17,-20,-17,-20,-17,-21,-17,-21,-18]"
CSI_DATA,41275,d8:b1:90:db:e8:90,-40,11,1,7,0,0,1,0,0,0,1,-94,0,4,0,646527445,0,100,0,128,1,"[100,-64,5,0,19,3,18,3,19,2,19,2,19,2,19,1,19,0,19,0,19,-1,19,-1,19,-1,18,-1,18,-1,18,-1,18,-1,18,-1,17,-1,17,0,16,0,16,0,16,0,16,1,15,1,15,1,15,2,3,0,0,0,0,0,0,0,0,0,0,0,0,0,0,0,0,0,0,0,3,0,14,1,14,1,15,2,15,2,15,3,16,3,17,4,17,4,17,5,17,5,17,5,17,5,17,6,17,6,18,6,18,6,18,6,18,6,18,5,18,5,19,5,20,5,20,5,20,4,20,4,20,4]"
CSI_DATA,41276,d8:b1:90:db:e8:90,-40,11,1,7,0,0,1,0,0,0,1,-94,0,4,0,646538232,0,100,0,128,1,"[100,-64,5,0,-17,-12,-17,-12,-18,-11,-18,-11,-18,-11,-18,-10,-18,-10,-18,-9,-19,-9,-19,-9,-19,-8,-19,-9,-18,-9,-18,-8,-18,-8,-18,-8,-17,-8,-17,-8,-16,-8,-16,-8,-15,-9,-15,-9,-14,-9,-14,-9,-13,-9,-4,-3,0,0,0,0,0,0,0,0,0,0,0,0,0,0,0,0,0,0,-4,-2,-14,-8,-14,-8,-14,-9,-14,-10,-14,-10,-15,-11,-15,-12,-15,-12,-16,-13,-15,-13,-15,-14,-14,-14,-14,-14,-14,-14,-15,-15,-15,-15,-15,-15,-15,-14,-16,-14,-16,-14,-16,-14,-17,-14,-17,-14,-17,-14,-17,-13,-17,-13]"
CSI_DATA,41277,d8:b1:90:db:e8:90,-40,11,1,7,0,0,1,0,0,0,1,-94,0,4,0,646551491,0,100,0,128,1,"[100,-64,5,0,-2,-24,-2,-24,-2,-23,-2,-23,-3,-23,-3,-23,-4,-23,-4,-23,-5,-23,-6,-23,-6,-22,-6,-22,-5,-22,-5,-22,-4,-22,-4,-22,-4,-21,-3,-21,-3,-20,-3,-20,-3,-19,-2,-19,-2,-19,-1,-19,0,-19,0,-5,0,0,0,0,0,0,0,0,0,0,0,0,0,0,0,0,0,0,-1,-5,-2,-18,-2,-18,-1,-19,0,-19,0,-19,1,-20,0,-21,1,-21,1,-22,2,-22,3,-22,3,-22,3,-22,3,-22,3,-22,3,-22,2,-22,2,-23,2,-23,2,-24,1,-24,1,-24,0,-24,0,-25,0,-25,0,-25]"
CSI_DATA,41278,d8:b1:90:db:e8:90,-40,11,1,7,0,0,1,0,0,0,1,-94,0,4,0,646567854,0,100,0,128,1,"[100,-64,5,0,-19,1,-19,1,-18,1,-18,1,-18,2,-17,2,-17,3,-17,3,-18,4,-18,4,-18,4,-17,4,-17,4,-17,4,-17,3,-17,3,-16,2,-16,2,-15,2,-15,2,-15,2,-15,1,-14,1,-14,0,-14,0,-4,0,0,0,0,0,0,0,0,0,0,0,0,0,0,0,0,0,0,0,-4,0,-13,1,-14,1,-14,0,-14,0,-15,-1,-15,-1,-16,-1,-16,-1,-16,-1,-17,-1,-17,-2,-17,-2,-17,-2,-17,-2,-17,-2,-17,-2,-18,-2,-18,-2,-18,-2,-18,-1,-18,-1,-18,-1,-19,0,-19,0,-19,0,-20,0]"
CSI_DATA,41279,d8:b1:90:db:e8:90,-40,11,1,7,0,0,1,0,0,0,1,-94,0,4,0,646578117,0,100,0,128,1,"[100,-64,5,0,23,-11,23,-11,23,-12,22,-12,22,-12,21,-12,21,-13,21,-13,20,-14,20,-14,20,-14,20,-14,19,-14,19,-14,19,-14,18,-14,18,-13,18,-13,18,-12,17,-11,17,-10,17,-9,17,-9,17,-9,17,-8,4,-2,0,0,0,0,0,0,0,0,0,0,0,0,0,0,0,0,0,0,4,-3,16,-10,16,-10,17,-9,17,-9,18,-8,19,-8,20,-8,21,-7,21,-7,22,-7,22,-6,23,-6,23,-5,23,-6,23,-6,24,-7,24,-7,23,-8,23,-8,23,-9,23,-9,23,-10,23,-9,24,-10,24,-10,24,-10]"
CSI_DATA,41280,d8:b1:90:db:e8:90,-40,11,1,7,0,0,1,0,0,0,1,-94,0,4,0,646613932,0,100,0,128,1,"[100,-64,5,0,19,2,19,2,19,2,20,2,19,1,19,1,19,0,19,0,19,0,18,-1,18,-1,18,-1,18,-1,18,-1,18,-1,18,-1,18,-1,17,-1,17,-1,17,0,17,0,16,0,15,1,15,1,14,2,3,0,0,0,0,0,0,0,0,0,0,0,0,0,0,0,0,0,0,0,3,0,15,0,15,0,15,1,16,2,16,2,17,2,17,3,17,3,18,4,18,4,19,4,19,4,19,5,19,5,18,5,18,5,18,5,19,5,19,5,20,4,20,4,20,4,20,3,20,3,20,3,20,4]"
CSI_DATA,41281,d8:b1:90:db:e8:90,-40,11,1,7,0,0,1,0,0,0,1,-94,0,4,0,646624368,0,100,0,128,1,"[100,-64,5,0,8,-22,8,-21,8,-21,7,-22,7,-22,6,-22,6,-21,5,-21,5,-21,5,-21,4,-21,4,-22,4,-22,4,-22,4,-21,3,-21,4,-21,4,-21,4,-20,5,-20,5,-19,5,-18,5,-18,6,-17,7,-17,1,-5,0,0,0,0,0,0,0,0,0,0,0,0,0,0,0,0,0,0,0,-5,4,-17,4,-17,5,-18,6,-18,7,-18,7,-18,8,-18,8,-19,9,-19,10,-19,10,-20,11,-20,11,-20,11,-20,11,-20,11,-20,10,-20,10,-20,10,-20,9,-20,9,-20,9,-21,10,-21,10,-22,9,-22,10,-22]"
CSI_DATA,41282,d8:b1:90:db:e8:90,-40,11,1,7,0,0,1,0,0,0,1,-94,0,4,0,646643072,0,100,0,128,1,"[100,-64,5,0,0,19,1,19,1,19,1,19,1,18,2,18,2,18,2,18,2,18,3,17,4,17,4,17,4,17,4,17,4,17,4,17,4,16,4,16,3,15,3,15,3,14,3,14,2,14,2,14,1,15,0,3,0,0,0,0,0,0,0,0,0,0,0,0,0,0,0,0,0,0,0,3,2,14,2,14,0,14,-1,15,-1,15,-1,15,-1,16,-2,16,-2,17,-2,17,-3,18,-3,18,-3,18,-3,18,-3,18,-3,18,-3,18,-3,18,-2,18,-2,19,-1,19,-1,19,0,19,0,19,0,20,0,20]"
CSI_DATA,41283,d8:b1:90:db:e8:90,-40,11,1,7,0,0,1,0,0,0,1,-94,0,4,0,646654433,0,100,0,128,1,"[100,-64,5,0,-17,16,-16,16,-16,17,-15,16,-15,16,-14,16,-14,16,-13,16,-13,17,-12,17,-12,17,-12,18,-12,18,-12,17,-12,17,-13,17,-13,17,-13,16,-13,16,-13,15,-13,15,-13,14,-13,13,-13,12,-13,12,-4,3,0,0,0,0,0,0,0,0,0,0,0,0,0,0,0,0,0,0,-3,3,-10,14,-11,14,-12,14,-13,14,-14,14,-14,14,-15,13,-16,13,-16,14,-17,14,-18,14,-18,14,-18,14,-18,15,-19,14,-19,14,-19,15,-18,15,-17,14,-17,14,-18,15,-18,15,-18,16,-17,16,-17,16,-17,16]"
CSI_DATA,41284,d8:b1:90:db:e8:90,-40,11,1,7,0,0,1,0,0,0,1,-94,0,4,0,646669003,0,100,0,128,1,"[100,-64,5,0,19,0,19,0,19,-1,19,-1,19,-2,19,-2,19,-3,18,-3,18,-3,18,-4,17,-4,17,-5,17,-5,17,-5,17,-4,17,-4,17,-4,17,-3,17,-3,16,-3,16,-3,16,-2,15,-2,14,-1,14,0,3,0,0,0,0,0,0,0,0,0,0,0,0,0,0,0,0,0,0,0,3,-1,15,-2,15,-2,15,-1,16,0,16,0,16,1,17,1,17,2,18,2,18,2,19,2,19,2,19,2,19,2,19,2,19,2,19,2,19,2,19,2,19,2,19,1,19,1,19,1,20,1,20,1,20,1]"
CSI_DATA,41285,d8:b1:90:db:e8:90,-40,11,1,7,0,0,1,0,0,0,1,-94,0,4,0,646688357,0,100,0,128,1,"[100,-64,5,0,-24,-8,-24,-7,-23,-7,-22,-7,-21,-7,-22,-7,-23,-6,-24,-6,-23,-5,-23,-5,-23,-6,-23,-6,-23,-6,-24,-5,-23,-5,-21,-5,-20,-6,-20,-6,-20,-6,-20,-6,-19,-6,-19,-6,-18,-6,-17,-7,-16,-8,-4,-3,0,0,0,0,0,0,0,0,0,0,0,0,0,0,0,0,0,0,-5,-2,-18,-5,-18,-6,-18,-7,-18,-7,-19,-8,-19,-9,-19,-9,-19,-10,-19,-10,-20,-11,-20,-12,-20,-12,-20,-13,-20,-13,-20,-13,-21,-13,-22,-12,-21,-11,-21,-11,-21,-11,-22,-11,-23,-10,-23,-9,-23,-9,-23,-9,-23,-9]"
CSI_DATA,41286,d8:b1:90:db:e8:90,-40,11,1,7,0,0,1,0,0,0,1,-94,0,4,0,646710548,0,100,0,128,1,"[100,-64,5,0,-18,-13,-18,-13,-18,-12,-18,-11,-18,-11,-18,-10,-18,-10,-18,-10,-19,-10,-19,-10,-19,-9,-18,-8,-18,-8,-18,-7,-18,-8,-18,-8,-18,-9,-17,-9,-16,-9,-16,-9,-15,-9,-15,-9,-14,-9,-13,-10,-12,-10,-3,-3,0,0,0,0,0,0,0,0,0,0,0,0,0,0,0,0,0,0,-4,-2,-14,-8,-14,-9,-14,-10,-14,-11,-14,-11,-14,-12,-14,-13,-15,-13,-15,-14,-15,-14,-14,-15,-14,-15,-14,-16,-14,-16,-14,-16,-14,-16,-14,-16,-15,-15,-15,-15,-15,-15,-16,-15,-16,-15,-16,-15,-17,-15,-17,-14,-17,-14]"
CSI_DATA,41287,d8:b1:90:db:e8:90,-40,11,1,7,0,0,1,0,0,0,1,-94,0,4,0,646726316,0,100,0,128,1,"[100,-64,5,0,-10,-20,-10,-19,-10,-19,-10,-18,-10,-18,-10,-17,-11,-17,-11,-16,-11,-16,-12,-15,-12,-15,-12,-15,-12,-16,-12,-16,-12,-16,-11,-16,-11,-16,-10,-16,-10,-15,-9,-15,-9,-14,-9,-14,-8,-14,-8,-14,-7,-14,-2,-4,0,0,0,0,0,0,0,0,0,0,0,0,0,0,0,0,0,0,-3,-3,-9,-13,-9,-13,-9,-14,-9,-15,-9,-15,-9,-16,-9,-16,-8,-17,-8,-17,-8,-18,-8,-18,-7,-18,-7,-19,-7,-19,-7,-19,-8,-19,-8,-19,-8,-19,-9,-19,-9,-19,-9,-19,-10,-19,-10,-19,-10,-19,-10,-19,-10,-19]"
CSI_DATA,41288,d8:b1:90:db:e8:90,-40,11,1,7,0,0,1,0,0,0,1,-94,0,4,0,646737864,0,100,0,128,1,"[100,-64,5,0,-4,25,-3,24,-2,24,-1,23,-1,23,0,22,0,22,1,22,2,22,2,23,2,23,2,22,1,22,2,23,2,23,2,22,1,21,1,21,0,20,-1,19,-1,19,-1,18,-1,18,-2,18,-3,18,-1,4,0,0,0,0,0,0,0,0,0,0,0,0,0,0,0,0,0,0,0,4,2,18,1,18,1,18,0,19,0,19,-1,20,-2,21,-2,21,-3,22,-3,22,-4,23,-4,23,-5,23,-5,23,-5,24,-5,24,-5,23,-4,24,-4,24,-4,23,-3,23,-3,24,-2,25,-2,25,-2,25,-2,25]"
CSI_DATA,41289,d8:b1:90:db:e8:90,-40,11,1,7,0,0,1,0,0,0,1,-94,0,4,0,646749855,0,100,0,128,1,"[100,-64,5,0,-18,17,-18,17,-17,17,-16,18,-15,18,-15,18,-15,18,-15,18,-14,19,-14,19,-13,19,-13,19,-14,19,-13,19,-13,18,-13,18,-13,17,-13,17,-13,16,-13,15,-13,14,-12,14,-13,14,-13,13,-14,13,-4,3,0,0,0,0,0,0,0,0,0,0,0,0,0,0,0,0,0,0,-3,3,-11,15,-11,15,-12,15,-12,15,-13,15,-14,15,-15,15,-16,15,-17,15,-18,15,-18,15,-19,15,-19,15,-19,15,-20,15,-20,15,-20,16,-19,16,-19,16,-18,16,-18,16,-19,17,-19,17,-18,17,-18,18,-19,17]"
CSI_DATA,41290,d8:b1:90:db:e8:90,-40,11,1,7,0,0,1,0,0,0,1,-94,0,4,0,646763034,0,100,0,128,1,"[100,-64,5,0,18,-13,18,-13,17,-14,17,-15,17,-15,16,-15,16,-15,15,-16,15,-16,14,-17,14,-17,14,-16,14,-16,14,-16,14,-15,14,-15,14,-15,13,-15,13,-14,14,-14,13,-13,13,-12,13,-12,13,-11,13,-11,3,-3,0,0,0,0,0,0,0,0,0,0,0,0,0,0,0,0,0,0,2,-4,11,-13,12,-12,13,-12,14,-12,14,-12,15,-12,16,-11,16,-11,17,-11,17,-12,18,-12,18,-11,18,-11,19,-12,19,-12,19,-11,19,-12,19,-12,19,-12,19,-13,19,-13,19,-13,19,-13,19,-13,19,-14,20,-14]"
CSI_DATA,41291,d8:b1:90:db:e8:90,-40,11,1,7,0,0,1,0,0,0,1,-94,0,4,0,646773138,0,100,0,128,1,"[100,-64,5,0,17,-2,17,-2,17,-3,17,-3,17,-4,17,-4,16,-5,16,-5,16,-6,16,-6,15,-6,15,-6,15,-6,15,-6,15,-6,15,-6,15,-5,14,-5,14,-5,14,-5,14,-4,14,-4,13,-3,13,-3,13,-2,3,-1,0,0,0,0,0,0,0,0,0,0,0,0,0,0,0,0,0,0,3,-2,12,-4,13,-4,13,-3,13,-3,14,-3,14,-2,15,-2,15,-1,15,-1,16,-1,16,-1,16,-1,16,-1,17,-1,17,-1,17,-1,17,-1,17,-1,18,-1,18,-1,18,-1,18,-2,18,-2,18,-2,18,-2,18,-2]"
CSI_DATA,41292,d8:b1:90:db:e8:90,-40,11,1,7,0,0,1,0,0,0,1,-94,0,4,0,646786280,0,100,0,128,1,"[100,-64,5,0,-5,23,-4,23,-3,23,-3,22,-3,22,-2,21,-2,21,-3,20,-3,19,-2,19,-2,20,-1,21,-1,21,-1,21,-1,21,-1,21,-1,21,-2,20,-2,19,-2,18,-2,18,-2,17,-3,17,-4,16,-5,16,-2,4,0,0,0,0,0,0,0,0,0,0,0,0,0,0,0,0,0,0,-1,4,-2,17,-3,17,-4,17,-4,17,-5,17,-6,18,-6,18,-7,18,-8,19,-8,19,-9,20,-9,21,-9,21,-9,21,-9,21,-9,21,-9,21,-8,21,-7,21,-7,21,-6,21,-6,21,-7,21,-6,21,-6,21,-5,21]"
CSI_DATA,41293,d8:b1:90:db:e8:90,-40,11,1,7,0,0,1,0,0,0,1,-94,0,4,0,646814328,0,100,0,128,1,"[100,-64,5,0,11,-18,11,-18,10,-18,9,-18,9,-18,8,-18,8,-18,8,-17,8,-17,7,-17,7,-17,7,-18,7,-18,7,-18,7,-18,7,-18,7,-17,7,-17,7,-17,7,-16,6,-15,6,-14,7,-14,8,-13,8,-13,2,-3,0,0,0,0,0,0,0,0,0,0,0,0,0,0,0,0,0,0,1,-4,7,-14,8,-13,9,-13,9,-13,10,-13,10,-13,11,-13,12,-13,13,-13,13,-13,14,-14,14,-14,15,-14,15,-14,14,-15,14,-15,14,-15,13,-15,13,-15,12,-16,12,-16,12,-16,12,-16,12,-15,12,-16,12,-16]"
CSI_DATA,41294,d8:b1:90:db:e8:90,-40,11,1,7,0,0,1,0,0,0,1,-94,0,4,0,646825677,0,100,0,128,1,"[100,-64,5,0,11,-20,11,-20,11,-20,11,-20,11,-20,10,-20,9,-20,9,-20,8,-20,8,-20,8,-20,7,-20,7,-20,7,-20,7,-20,8,-20,8,-20,8,-19,8,-19,8,-18,8,-17,8,-16,8,-16,8,-15,9,-14,2,-4,0,0,0,0,0,0,0,0,0,0,0,0,0,0,0,0,0,0,1,-4,6,-15,7,-16,7,-16,8,-16,9,-16,10,-17,10,-17,11,-17,11,-17,12,-17,13,-18,14,-18,14,-18,14,-18,14,-17,14,-18,14,-18,13,-18,13,-18,12,-19,12,-19,12,-20,12,-20,12,-20,13,-20,13,-21]"
CSI_DATA,41295,d8:b1:90:db:e8:90,-40,11,1,7,0,0,1,0,0,0,1,-94,0,4,0,646842884,0,100,0,128,1,"[100,-64,5,0,-13,15,-12,15,-12,15,-11,15,-11,15,-11,15,-10,15,-10,15,-10,15,-10,15,-9,16,-10,15,-10,15,-10,15,-10,15,-10,15,-10,15,-10,15,-10,14,-10,13,-9,13,-9,12,-10,12,-10,11,-10,11,-3,2,0,0,0,0,0,0,0,0,0,0,0,0,0,0,0,0,0,0,-2,3,-8,12,-8,12,-9,12,-10,12,-10,12,-11,12,-12,12,-12,12,-13,12,-13,13,-14,13,-14,13,-14,13,-14,13,-15,12,-15,12,-15,12,-14,13,-14,13,-14,14,-14,14,-14,14,-13,14,-13,15,-13,15,-14,15]"
CSI_DATA,41296,d8:b1:90:db:e8:90,-40,11,1,7,0,0,1,0,0,0,1,-94,0,4,0,646858324,0,100,0,128,1,"[100,-64,5,0,16,-16,15,-17,15,-17,14,-17,14,-17,13,-17,13,-18,13,-18,13,-18,12,-18,12,-18,12,-18,12,-18,12,-18,12,-17,12,-17,12,-17,12,-17,12,-16,12,-15,12,-15,12,-14,12,-13,12,-13,12,-12,3,-3,0,0,0,0,0,0,0,0,0,0,0,0,0,0,0,0,0,0,2,-4,9,-14,10,-14,11,-14,11,-14,12,-14,13,-14,14,-14,15,-14,15,-14,16,-14,16,-14,17,-14,17,-14,17,-14,17,-14,17,-13,17,-13,17,-14,17,-14,17,-15,17,-16,17,-16,16,-16,16,-16,16,-16,17,-17]"
CSI_DATA,41297,d8:b1:90:db:e8:90,-40,11,1,7,0,0,1,0,0,0,1,-94,0,4,0,646871193,0,100,0,128,1,"[100,-64,5,0,18,-10,18,-11,18,-11,17,-11,17,-12,16,-12,16,-12,16,-13,16,-13,16,-13,15,-13,15,-13,15,-13,15,-12,15,-12,15,-12,15,-11,15,-11,14,-11,14,-10,14,-9,14,-9,14,-8,13,-8,13,-7,3,-2,0,0,0,0,0,0,0,0,0,0,0,0,0,0,0,0,0,0,2,-3,12,-10,12,-10,12,-10,13,-9,13,-9,14,-9,15,-9,16,-9,16,-9,17,-9,18,-9,18,-9,18,-8,18,-8,19,-8,19,-8,19,-8,18,-9,18,-9,19,-9,18,-9,18,-9,18,-10,19,-10,19,-11,20,-11]"
CSI_DATA,41298,d8:b1:90:db:e8:90,-40,11,1,7,0,0,1,0,0,0,1,-94,0,4,0,646886396,0,100,0,128,1,"[100,-64,5,0,-21,-2,-20,-1,-20,0,-20,0,-20,0,-20,1,-20,1,-19,2,-19,2,-19,2,-19,3,-19,3,-19,3,-19,3,-18,3,-18,3,-17,3,-17,3,-17,2,-17,2,-17,1,-16,1,-16,1,-15,0,-15,-1,-4,-1,0,0,0,0,0,0,0,0,0,0,0,0,0,0,0,0,0,0,-4,0,-15,1,-15,1,-16,0,-16,-1,-17,-1,-17,-1,-18,-1,-18,-1,-19,-2,-19,-2,-19,-2,-19,-3,-19,-3,-19,-3,-20,-4,-20,-4,-21,-4,-20,-3,-20,-3,-20,-3,-20,-3,-21,-2,-21,-2,-21,-1,-21,-1,-21,-2]"
CSI_DATA,41299,d8:b1:90:db:e8:90,-40,11,1,7,0,0,1,0,0,0,1,-94,0,4,0,646914155,0,100,0,128,1,"[100,-64,5,0,1,-26,0,-26,0,-26,-1,-26,-1,-27,-2,-26,-3,-26,-3,-26,-3,-25,-4,-25,-4,-25,-5,-25,-4,-24,-4,-24,-4,-24,-4,-24,-3,-24,-3,-23,-2,-23,-2,-22,-2,-21,-1,-20,-1,-20,0,-20,1,-20,0,-5,0,0,0,0,0,0,0,0,0,0,0,0,0,0,0,0,0,0,-1,-5,-4,-19,-3,-19,-2,-20,-1,-21,0,-21,0,-22,0,-23,1,-24,1,-24,2,-25,3,-25,3,-25,4,-25,4,-25,4,-25,3,-25,3,-25,3,-25,3,-25,3,-25,3,-26,2,-26,1,-26,1,-26,1,-27,1,-27]"
CSI_DATA,41300,d8:b1:90:db:e8:90,-40,11,1,7,0,0,1,0,0,0,1,-94,0,4,0,646925587,0,100,0,128,1,"[100,-64,5,0,-23,5,-22,6,-22,6,-22,5,-21,6,-21,7,-21,7,-21,7,-21,7,-21,7,-20,7,-20,7,-20,8,-20,8,-20,8,-19,8,-18,7,-18,7,-18,7,-18,6,-17,6,-17,5,-17,5,-17,4,-17,3,-5,0,0,0,0,0,0,0,0,0,0,0,0,0,0,0,0,0,0,0,-4,1,-16,4,-17,4,-17,4,-18,3,-19,3,-19,3,-20,3,-21,3,-21,3,-22,2,-22,1,-22,1,-22,1,-22,1,-22,0,-22,0,-22,1,-22,1,-22,1,-23,2,-23,3,-23,3,-23,3,-23,3,-23,4,-23,4]"
CSI_DATA,41301,d8:b1:90:db:e8:90,-40,11,1,7,0,0,1,0,0,0,1,-94,0,4,0,646937665,0,100,0,128,1,"[100,-64,5,0,4,17,4,17,4,17,4,17,5,16,5,16,5,16,5,16,6,16,6,15,7,15,7,15,7,15,7,15,6,15,6,15,5,15,5,14,5,14,5,13,4,13,4,12,4,12,3,13,3,13,0,3,0,0,0,0,0,0,0,0,0,0,0,0,0,0,0,0,0,0,1,2,5,11,5,12,4,12,4,12,4,13,3,14,3,15,2,15,2,16,2,16,2,16,2,16,2,16,2,17,2,17,2,17,2,17,2,17,2,17,2,17,2,18,3,18,3,17,4,17,4,17,3,17]"
CSI_DATA,41302,d8:b1:90:db:e8:90,-40,11,1,7,0,0,1,0,0,0,1,-94,0,4,0,646948577,0,100,0,128,1,"[100,-64,5,0,19,-18,18,-18,18,-18,17,-18,17,-18,16,-18,16,-19,16,-20,16,-20,15,-20,14,-20,14,-20,14,-20,14,-20,14,-19,15,-19,15,-18,14,-18,14,-17,14,-16,14,-15,13,-15,13,-14,14,-14,14,-14,3,-4,0,0,0,0,0,0,0,0,0,0,0,0,0,0,0,0,0,0,2,-4,11,-16,11,-16,12,-16,13,-16,14,-16,15,-15,16,-15,18,-15,18,-15,19,-15,19,-15,19,-15,19,-15,19,-15,19,-15,19,-15,19,-15,20,-16,20,-16,20,-17,20,-17,20,-17,19,-17,19,-18,19,-18,19,-18]"
CSI_DATA,41303,d8:b1:90:db:e8:90,-40,11,1,7,0,0,1,0,0,0,1,-94,0,4,0,646962679,0,100,0,128,1,"[100,-64,5,0,8,-24,8,-23,8,-23,8,-23,8,-24,7,-24,6,-23,5,-23,4,-24,4,-24,3,-24,4,-24,4,-24,4,-24,4,-23,3,-22,3,-22,3,-22,4,-21,4,-21,4,-20,5,-20,6,-19,6,-18,7,-18,1,-5,0,0,0,0,0,0,0,0,0,0,0,0,0,0,0,0,0,0,0,-5,4,-18,4,-19,5,-19,6,-19,6,-19,7,-19,8,-20,9,-21,9,-22,10,-22,11,-21,11,-21,11,-21,11,-21,11,-22,11,-22,11,-22,11,-23,10,-23,10,-23,9,-23,9,-23,9,-24,9,-24,9,-24,9,-24]"
CSI_DATA,41304,d8:b1:90:db:e8:90,-40,11,1,7,0,0,1,0,0,0,1,-94,0,4,0,646973669,0,100,0,128,1,"[100,-64,5,0,21,2,21,2,21,2,21,2,21,2,20,1,20,1,20,0,20,-1,20,-2,20,-2,20,-2,20,-2,20,-2,20,-2,19,-2,18,-2,18,-2,18,-1,18,-1,17,0,17,0,16,0,15,1,15,2,3,0,0,0,0,0,0,0,0,0,0,0,0,0,0,0,0,0,0,0,4,-1,16,0,16,0,16,1,17,1,17,2,18,3,18,4,19,4,19,5,20,5,20,5,19,5,19,5,19,6,20,6,20,6,20,5,20,5,20,4,20,4,21,4,21,3,21,3,21,3,22,3,22,3]"
CSI_DATA,41305,d8:b1:90:db:e8:90,-41,11,1,7,0,0,1,0,0,0,1,-94,0,4,0,646983828,0,100,0,128,1,"[100,-64,5,0,-19,-12,-19,-11,-19,-11,-19,-12,-20,-12,-20,-11,-19,-10,-19,-10,-20,-9,-19,-8,-20,-8,-20,-8,-20,-8,-19,-8,-19,-8,-19,-8,-18,-7,-18,-8,-17,-8,-17,-9,-17,-9,-16,-9,-15,-9,-14,-10,-14,-10,-4,-3,0,0,0,0,0,0,0,0,0,0,0,0,0,0,0,0,0,0,-4,-2,-16,-7,-16,-7,-15,-8,-15,-8,-16,-9,-16,-10,-17,-11,-17,-12,-17,-13,-17,-13,-17,-13,-17,-13,-17,-13,-17,-14,-17,-14,-17,-14,-17,-14,-18,-14,-18,-14,-18,-13,-18,-13,-19,-13,-19,-12,-19,-12,-20,-12,-19,-12]"
CSI_DATA,41306,d8:b1:90:db:e8:90,-40,11,1,7,0,0,1,0,0,0,1,-94,0,4,0,646994790,0,100,0,128,1,"[100,-64,5,0,-22,-7,-22,-6,-22,-6,-23,-5,-23,-5,-23,-4,-22,-4,-23,-3,-23,-3,-23,-3,-23,-2,-22,-2,-21,-1,-21,-1,-21,-2,-21,-2,-20,-2,-19,-1,-19,-2,-20,-2,-19,-3,-19,-3,-18,-4,-17,-5,-17,-5,-4,-2,0,0,0,0,0,0,0,0,0,0,0,0,0,0,0,0,0,0,-5,-1,-17,-3,-17,-4,-17,-4,-18,-5,-18,-5,-18,-6,-19,-6,-20,-6,-20,-7,-20,-8,-21,-9,-21,-9,-21,-9,-21,-9,-21,-9,-21,-9,-22,-9,-22,-9,-21,-9,-22,-9,-22,-8,-23,-8,-23,-8,-23,-8,-23,-8,-22,-7]"
CSI_DATA,41307,d8:b1:90:db:e8:90,-40,11,1,7,0,0,1,0,0,0,1,-94,0,4,0,647017317,0,100,0,128,1,"[100,-64,5,0,6,26,5,25,7,24,8,24,9,24,9,24,9,23,10,21,11,21,11,22,11,21,11,20,12,20,12,20,11,20,11,20,11,19,11,19,10,19,9,18,9,17,9,16,9,16,7,17,6,17,1,4,0,0,0,0,0,0,0,0,0,0,0,0,0,0,0,0,0,0,1,4,4,18,3,18,1,19,2,19,2,20,2,21,1,21,1,20,1,21,1,23,0,24,-1,23,0,23,1,24,1,25,0,24,1,23,2,24,3,25,2,25,2,24,3,24,5,25,5,26,4,26,4,25]"
CSI_DATA,41308,d8:b1:90:db:e8:90,-40,11,1,7,0,0,1,0,0,0,1,-94,0,4,0,647027336,0,100,0,128,1,"[100,-64,5,0,-13,-20,-13,-20,-13,-20,-14,-20,-14,-19,-14,-19,-14,-18,-14,-18,-14,-17,-15,-17,-16,-17,-16,-16,-16,-16,-15,-16,-15,-16,-15,-16,-14,-16,-14,-16,-13,-15,-12,-15,-12,-14,-11,-14,-11,-14,-10,-15,-9,-15,-3,-4,0,0,0,0,0,0,0,0,0,0,0,0,0,0,0,0,0,0,-3,-3,-12,-12,-11,-13,-11,-14,-11,-15,-11,-16,-11,-16,-11,-17,-11,-17,-11,-18,-11,-19,-10,-20,-10,-20,-10,-20,-10,-20,-10,-20,-11,-20,-11,-20,-11,-20,-11,-20,-11,-20,-11,-20,-12,-20,-12,-20,-13,-20,-13,-20,-13,-21]"
CSI_DATA,41309,d8:b1:90:db:e8:90,-40,11,1,7,0,0,1,0,0,0,1,-94,0,4,0,647039230,0,100,0,128,1,"[100,-64,5,0,19,-2,19,-2,20,-3,20,-3,20,-3,19,-4,19,-5,19,-5,19,-5,19,-6,18,-6,18,-5,18,-5,18,-5,18,-5,17,-5,17,-5,17,-5,17,-4,16,-4,16,-3,16,-3,15,-2,15,-1,15,-1,3,-1,0,0,0,0,0,0,0,0,0,0,0,0,0,0,0,0,0,0,3,-1,15,-3,15,-3,15,-2,16,-2,16,-1,17,-1,17,-1,18,0,18,0,18,1,19,1,19,1,19,1,19,1,19,1,19,1,19,1,19,1,20,0,20,0,20,0,20,-1,20,-1,20,-1,20,-2,20,-2]"
CSI_DATA,41310,d8:b1:90:db:e8:90,-40,11,1,7,0,0,1,0,0,0,1,-94,0,4,0,647053295,0,100,0,128,1,"[100,-64,5,0,-21,-13,-21,-13,-21,-12,-21,-11,-21,-11,-21,-11,-21,-10,-21,-10,-20,-9,-20,-9,-21,-9,-22,-8,-21,-8,-21,-8,-21,-8,-20,-8,-20,-7,-19,-7,-18,-8,-18,-8,-17,-8,-17,-8,-17,-8,-16,-8,-16,-9,-4,-3,0,0,0,0,0,0,0,0,0,0,0,0,0,0,0,0,0,0,-4,-2,-16,-8,-16,-9,-16,-9,-16,-10,-16,-11,-16,-11,-17,-11,-17,-12,-17,-12,-17,-13,-18,-13,-17,-13,-18,-14,-18,-14,-18,-15,-18,-15,-18,-15,-18,-14,-18,-14,-19,-13,-19,-13,-20,-14,-20,-13,-20,-13,-20,-13,-20,-13]"
CSI_DATA,41311,d8:b1:90:db:e8:90,-40,11,1,7,0,0,1,0,0,0,1,-94,0,4,0,647063441,0,100,0,128,1,"[100,-64,5,0,20,10,20,10,20,9,20,9,20,9,20,8,20,7,19,7,19,6,19,6,19,6,19,6,19,6,19,5,19,5,19,5,18,6,18,6,17,6,16,6,16,6,15,6,15,6,15,6,15,7,3,1,0,0,0,0,0,0,0,0,0,0,0,0,0,0,0,0,0,0,3,1,15,4,15,5,15,5,15,6,15,7,15,7,16,8,17,8,17,9,17,9,17,10,17,10,17,10,17,11,18,11,18,12,18,11,18,11,18,11,18,10,18,10,19,10,19,9,19,9,19,9,19,9]"
CSI_DATA,41312,d8:b1:90:db:e8:90,-40,11,1,7,0,0,1,0,0,0,1,-94,0,4,0,647076539,0,100,0,128,1,"[100,-64,5,0,22,-6,22,-6,22,-7,22,-7,22,-7,22,-7,21,-7,21,-7,20,-8,20,-8,20,-8,20,-7,20,-7,20,-7,20,-7,20,-7,19,-6,19,-6,19,-5,18,-5,18,-4,18,-4,17,-3,17,-3,17,-3,4,-1,0,0,0,0,0,0,0,0,0,0,0,0,0,0,0,0,0,0,4,-2,16,-7,16,-7,17,-6,17,-6,18,-6,19,-5,19,-5,20,-4,20,-3,21,-3,21,-3,22,-3,22,-3,22,-2,22,-2,23,-2,23,-3,23,-3,22,-3,22,-4,23,-4,23,-4,23,-4,23,-5,23,-5,23,-5]"
CSI_DATA,41313,d8:b1:90:db:e8:90,-40,11,1,7,0,0,1,0,0,0,1,-94,0,4,0,647089198,0,100,0,128,1,"[100,-64,5,0,-15,19,-14,19,-14,19,-14,19,-13,19,-13,19,-12,19,-11,19,-11,20,-10,19,-10,19,-10,19,-10,19,-10,19,-10,19,-10,18,-11,17,-11,17,-11,16,-11,16,-10,15,-10,15,-11,14,-12,14,-12,13,-4,3,0,0,0,0,0,0,0,0,0,0,0,0,0,0,0,0,0,0,-2,4,-8,15,-9,15,-9,15,-10,15,-11,15,-12,16,-12,16,-13,16,-14,16,-15,16,-15,16,-16,16,-16,16,-16,16,-16,16,-16,16,-16,16,-15,16,-15,17,-14,17,-14,18,-14,18,-14,17,-14,17,-14,18,-14,18]"
CSI_DATA,41314,d8:b1:90:db:e8:90,-40,11,1,7,0,0,1,0,0,0,1,-94,0,4,0,647119777,0,100,0,128,1,"[100,-64,5,0,13,-15,12,-15,12,-16,12,-16,12,-16,11,-16,11,-17,10,-17,10,-17,9,-17,9,-17,9,-17,9,-17,9,-17,9,-16,9,-16,9,-16,9,-15,9,-15,9,-14,9,-13,9,-13,9,-13,10,-12,10,-12,2,-3,0,0,0,0,0,0,0,0,0,0,0,0,0,0,0,0,0,0,2,-4,9,-13,9,-12,10,-12,10,-12,11,-12,11,-13,12,-13,12,-13,13,-13,14,-13,15,-13,15,-13,15,-13,15,-13,14,-13,14,-13,14,-14,14,-14,15,-14,15,-14,15,-14,14,-15,14,-15,14,-15,14,-15,13,-15]"
CSI_DATA,41315,d8:b1:90:db:e8:90,-40,11,1,7,0,0,1,0,0,0,1,-94,0,4,0,647131957,0,100,0,128,1,"[100,-64,5,0,-19,3,-19,4,-18,4,-18,4,-18,4,-18,5,-17,5,-17,5,-16,5,-16,5,-17,6,-16,6,-16,6,-16,6,-16,6,-16,6,-15,6,-15,6,-15,5,-15,5,-14,4,-14,4,-14,3,-14,3,-14,3,-4,0,0,0,0,0,0,0,0,0,0,0,0,0,0,0,0,0,0,0,-4,1,-13,4,-13,3,-14,3,-14,3,-15,2,-15,2,-16,2,-16,2,-17,2,-17,1,-17,1,-18,0,-18,0,-18,0,-18,0,-18,1,-18,1,-18,1,-18,2,-18,2,-18,3,-18,3,-18,3,-18,3,-19,3,-19,3]"
CSI_DATA,41316,d8:b1:90:db:e8:90,-40,11,1,7,0,0,1,0,0,0,1,-94,0,4,0,647143497,0,100,0,128,1,"[100,-64,5,0,21,10,21,9,20,9,20,8,21,8,20,7,20,7,20,7,20,6,20,5,20,5,20,5,20,5,20,5,19,5,19,5,19,5,18,5,17,5,17,6,16,6,16,5,15,5,15,6,15,7,3,1,0,0,0,0,0,0,0,0,0,0,0,0,0,0,0,0,0,0,4,0,16,3,16,4,16,5,16,6,17,7,17,7,17,7,17,8,18,9,18,9,18,10,19,10,19,11,19,11,19,11,18,11,19,11,19,11,19,10,20,10,20,10,20,10,20,9,20,9,21,9,21,9]"
CSI_DATA,41317,d8:b1:90:db:e8:90,-40,11,1,7,0,0,1,0,0,0,1,-94,0,4,0,647156128,0,100,0,128,1,"[100,-64,5,0,-6,23,-5,23,-5,22,-4,22,-4,22,-4,22,-4,22,-3,21,-3,21,-2,21,-1,21,-1,21,-1,21,-1,20,-1,20,-1,21,-2,20,-2,20,-3,19,-3,19,-3,18,-3,17,-3,17,-4,17,-5,17,-2,4,0,0,0,0,0,0,0,0,0,0,0,0,0,0,0,0,0,0,0,4,0,17,-1,17,-2,18,-3,18,-3,18,-4,19,-5,19,-5,20,-6,20,-6,21,-7,20,-7,21,-7,21,-8,21,-8,21,-8,21,-8,22,-7,22,-6,22,-6,22,-6,22,-6,22,-5,22,-4,22,-4,23,-5,23]"
CSI_DATA,41318,d8:b1:90:db:e8:90,-40,11,1,7,0,0,1,0,0,0,1,-94,0,4,0,647167302,0,100,0,128,1,"[100,-64,5,0,20,-12,19,-12,19,-13,18,-13,17,-13,17,-13,16,-14,16,-14,15,-14,15,-14,15,-14,16,-14,17,-14,16,-14,16,-14,15,-13,15,-13,14,-12,14,-12,14,-12,15,-11,15,-10,15,-10,14,-9,14,-8,3,-2,0,0,0,0,0,0,0,0,0,0,0,0,0,0,0,0,0,0,3,-3,12,-12,13,-11,13,-11,14,-11,14,-11,15,-11,16,-11,17,-11,18,-11,18,-11,18,-10,19,-10,19,-10,20,-10,20,-10,19,-9,19,-10,19,-10,20,-10,19,-11,19,-11,20,-11,20,-11,20,-12,20,-12,20,-12]"
CSI_DATA,41319,d8:b1:90:db:e8:90,-40,11,1,7,0,0,1,0,0,0,1,-94,0,4,0,647177487,0,100,0,128,1,"[100,-64,5,0,-12,-25,-13,-24,-13,-24,-14,-23,-14,-22,-14,-22,-14,-21,-14,-20,-14,-20,-15,-19,-16,-20,-16,-21,-16,-21,-15,-21,-15,-20,-14,-19,-14,-19,-13,-19,-13,-19,-13,-19,-12,-19,-11,-18,-11,-18,-10,-18,-9,-18,-3,-5,0,0,0,0,0,0,0,0,0,0,0,0,0,0,0,0,0,0,-4,-4,-12,-16,-12,-16,-11,-17,-10,-18,-11,-19,-11,-20,-11,-21,-11,-22,-11,-23,-11,-23,-11,-23,-10,-23,-10,-24,-10,-24,-9,-24,-9,-24,-9,-24,-10,-25,-10,-25,-10,-25,-11,-25,-11,-25,-11,-24,-12,-24,-12,-24,-12,-24]"
CSI_DATA,41320,d8:b1:90:db:e8:90,-40,11,1,7,0,0,1,0,0,0,1,-94,0,4,0,647190054,0,100,0,128,1,"[100,-64,5,0,-14,16,-14,17,-13,17,-12,17,-11,17,-11,16,-10,17,-10,17,-10,17,-9,17,-9,17,-9,17,-9,17,-9,17,-9,17,-9,16,-9,16,-9,16,-9,15,-9,14,-10,14,-10,13,-10,12,-11,12,-11,12,-3,3,0,0,0,0,0,0,0,0,0,0,0,0,0,0,0,0,0,0,-2,3,-8,13,-9,13,-10,13,-11,13,-11,13,-12,13,-13,14,-13,14,-14,14,-15,14,-15,14,-16,14,-16,14,-16,14,-16,14,-15,14,-15,14,-15,14,-15,15,-15,15,-14,16,-14,16,-15,16,-14,16,-14,16,-14,17]"
CSI_DATA,41321,d8:b1:90:db:e8:90,-40,11,1,7,0,0,1,0,0,0,1,-94,0,4,0,647202043,0,100,0,128,1,"[100,-64,5,0,-21,11,-21,11,-21,11,-19,12,-19,12,-18,12,-18,13,-18,13,-18,13,-17,13,-17,13,-17,13,-17,13,-17,13,-17,13,-17,13,-16,12,-16,11,-16,11,-16,10,-16,9,-16,8,-16,8,-16,7,-17,7,-5,1,0,0,0,0,0,0,0,0,0,0,0,0,0,0,0,0,0,0,-4,2,-14,10,-14,10,-15,10,-16,9,-17,9,-17,9,-18,9,-19,9,-20,9,-20,9,-21,9,-21,8,-21,8,-21,8,-21,8,-22,8,-22,8,-22,9,-21,9,-21,10,-21,10,-21,10,-22,11,-22,11,-22,11,-22,11]"
CSI_DATA,41322,d8:b1:90:db:e8:90,-40,11,1,7,0,0,1,0,0,0,1,-94,0,4,0,647226718,0,100,0,128,1,"[100,-64,5,0,12,19,12,18,12,18,12,18,13,17,13,16,13,16,13,15,13,15,14,15,14,14,14,14,14,14,14,14,13,14,13,14,13,14,13,13,12,13,12,12,11,12,11,12,10,12,10,13,9,13,2,3,0,0,0,0,0,0,0,0,0,0,0,0,0,0,0,0,0,0,2,2,11,11,10,12,9,13,9,14,9,15,9,15,9,16,9,17,9,17,9,18,9,18,9,19,9,19,8,19,8,19,8,19,9,19,9,19,9,19,10,19,10,19,10,20,11,20,11,20,11,19,12,19]"
CSI_DATA,41323,d8:b1:90:db:e8:90,-40,11,1,7,0,0,1,0,0,0,1,-94,0,4,0,647237427,0,100,0,128,1,"[100,-64,5,0,18,10,18,9,18,9,18,8,19,8,18,7,18,6,18,6,18,6,18,5,18,5,18,5,18,5,18,5,18,5,18,5,18,5,17,5,16,5,15,5,15,5,14,5,14,5,14,6,14,6,3,1,0,0,0,0,0,0,0,0,0,0,0,0,0,0,0,0,0,0,3,1,14,4,14,5,14,6,14,7,14,8,15,8,15,8,16,9,16,9,16,10,16,11,16,11,16,11,16,12,16,12,16,12,16,11,16,11,16,11,17,11,17,11,18,10,18,10,18,10,19,10,19,10]"
CSI_DATA,41324,d8:b1:90:db:e8:90,-40,11,1,7,0,0,1,0,0,0,1,-94,0,4,0,647249237,0,100,0,128,1,"[100,-64,5,0,3,-27,3,-27,3,-27,4,-27,3,-27,3,-26,2,-26,2,-25,2,-25,2,-25,1,-25,1,-25,1,-26,1,-25,2,-25,2,-24,2,-24,3,-24,3,-23,3,-22,3,-21,4,-20,4,-20,5,-20,6,-20,1,-5,0,0,0,0,0,0,0,0,0,0,0,0,0,0,0,0,0,0,0,-5,1,-19,1,-20,2,-20,3,-21,4,-21,4,-22,4,-22,5,-22,5,-23,6,-23,6,-23,7,-23,7,-23,7,-24,7,-24,7,-25,7,-25,7,-26,7,-26,6,-26,6,-27,6,-27,5,-27,5,-27,5,-27,5,-27]"
CSI_DATA,41325,d8:b1:90:db:e8:90,-40,11,1,7,0,0,1,0,0,0,1,-94,0,4,0,647259893,0,100,0,128,1,"[100,-64,5,0,-3,24,-3,23,-3,23,-3,23,-2,23,-2,22,-2,22,-2,22,-1,21,-1,21,0,21,0,21,0,22,0,22,-1,22,-1,21,-2,21,-2,20,-2,19,-2,18,-3,18,-3,17,-3,17,-4,17,-4,17,-2,4,0,0,0,0,0,0,0,0,0,0,0,0,0,0,0,0,0,0,0,4,0,16,-1,17,-2,17,-3,17,-3,18,-4,18,-4,18,-4,19,-4,20,-5,20,-6,20,-6,20,-6,20,-6,21,-6,21,-7,22,-6,21,-6,21,-5,22,-5,22,-5,22,-4,23,-4,23,-3,24,-3,24,-3,24]"
CSI_DATA,41326,d8:b1:90:db:e8:90,-40,11,1,7,0,0,1,0,0,0,1,-94,0,4,0,647270896,0,100,0,128,1,"[100,-64,5,0,-23,-9,-23,-8,-23,-8,-22,-7,-22,-6,-22,-6,-22,-5,-22,-5,-22,-5,-21,-5,-22,-4,-22,-4,-23,-4,-22,-4,-22,-4,-21,-4,-21,-4,-20,-4,-20,-4,-19,-4,-19,-4,-19,-4,-18,-5,-18,-5,-17,-6,-5,-2,0,0,0,0,0,0,0,0,0,0,0,0,0,0,0,0,0,0,-5,-1,-17,-3,-17,-4,-18,-6,-18,-6,-18,-7,-19,-8,-19,-8,-19,-8,-20,-9,-20,-10,-21,-10,-20,-11,-20,-11,-20,-11,-21,-11,-21,-11,-22,-10,-22,-10,-22,-10,-22,-10,-23,-10,-23,-9,-23,-9,-23,-9,-23,-9,-24,-8]"
CSI_DATA,41327,d8:b1:90:db:e8:90,-41,11,1,7,0,0,1,0,0,0,1,-94,0,4,0,647281418,0,100,0,128,1,"[100,-64,5,0,23,4,23,3,23,3,23,3,24,3,23,2,23,1,23,1,22,0,22,-1,22,-1,22,-1,22,-1,22,-1,22,-1,22,0,21,0,20,0,20,0,20,0,19,1,19,1,18,2,18,2,17,3,4,0,0,0,0,0,0,0,0,0,0,0,0,0,0,0,0,0,0,0,4,0,18,0,18,1,18,2,18,3,19,3,19,4,20,4,20,5,21,6,21,6,22,7,22,8,22,8,22,8,22,7,22,7,22,7,22,7,22,6,23,6,23,6,23,5,24,5,24,5,25,5,25,5]"
CSI_DATA,41328,d8:b1:90:db:e8:90,-40,11,1,7,0,0,1,0,0,0,1,-94,0,4,0,647297753,0,100,0,128,1,"[100,-64,5,0,-21,-10,-21,-9,-21,-9,-21,-9,-21,-9,-21,-8,-21,-8,-21,-7,-21,-7,-21,-7,-21,-6,-21,-6,-20,-6,-20,-6,-20,-6,-20,-6,-19,-6,-19,-6,-18,-6,-18,-6,-18,-7,-17,-7,-17,-7,-16,-7,-15,-8,-4,-2,0,0,0,0,0,0,0,0,0,0,0,0,0,0,0,0,0,0,-5,-2,-17,-5,-16,-6,-17,-7,-17,-7,-17,-8,-17,-9,-18,-9,-18,-10,-18,-11,-18,-12,-18,-13,-18,-13,-18,-13,-18,-13,-18,-12,-18,-12,-19,-12,-19,-12,-19,-12,-19,-12,-20,-11,-20,-11,-21,-11,-21,-11,-21,-11,-21,-11]"
CSI_DATA,41329,d8:b1:90:db:e8:90,-41,11,1,7,0,0,1,0,0,0,1,-94,0,4,0,647323571,0,100,0,128,1,"[100,-64,5,0,-7,21,-7,21,-6,21,-5,21,-4,20,-4,20,-3,20,-3,20,-2,20,-2,20,-2,20,-2,20,-2,20,-1,20,-2,20,-2,19,-2,19,-2,18,-2,18,-3,17,-3,16,-3,16,-4,16,-5,16,-6,15,-2,3,0,0,0,0,0,0,0,0,0,0,0,0,0,0,0,0,0,0,-1,4,-2,16,-3,16,-4,16,-4,16,-5,17,-5,17,-6,18,-6,18,-7,18,-8,19,-9,19,-10,19,-10,19,-10,19,-9,19,-9,19,-9,20,-9,20,-9,20,-8,20,-8,20,-8,20,-8,20,-7,21,-7,21,-6,21]"
CSI_DATA,41330,d8:b1:90:db:e8:90,-40,11,1,7,0,0,1,0,0,0,1,-94,0,4,0,647335834,0,100,0,128,1,"[100,-64,5,0,-21,-7,-21,-7,-20,-7,-20,-6,-19,-6,-19,-5,-19,-5,-19,-4,-19,-4,-19,-4,-19,-4,-20,-3,-20,-3,-19,-3,-19,-4,-19,-4,-19,-4,-18,-4,-18,-4,-17,-4,-16,-4,-16,-4,-15,-4,-15,-5,-15,-5,-4,-2,0,0,0,0,0,0,0,0,0,0,0,0,0,0,0,0,0,0,-4,-1,-15,-4,-15,-4,-15,-5,-15,-6,-16,-6,-16,-7,-17,-7,-17,-8,-17,-8,-18,-9,-18,-10,-18,-10,-18,-10,-18,-10,-18,-10,-18,-10,-19,-10,-19,-10,-19,-9,-19,-9,-19,-9,-19,-9,-20,-9,-20,-8,-20,-8,-19,-8]"
CSI_DATA,41331,d8:b1:90:db:e8:90,-40,11,1,7,0,0,1,0,0,0,1,-94,0,4,0,647346961,0,100,0,128,1,"[100,-64,5,0,6,-20,5,-20,5,-20,5,-20,5,-19,4,-19,4,-19,3,-19,3,-19,2,-19,2,-19,2,-19,2,-19,3,-19,3,-19,3,-19,3,-19,4,-19,4,-18,3,-17,3,-16,3,-15,4,-15,5,-15,5,-15,1,-4,0,0,0,0,0,0,0,0,0,0,0,0,0,0,0,0,0,0,0,-4,1,-15,2,-15,2,-16,3,-16,4,-16,4,-16,5,-17,5,-17,6,-18,7,-18,7,-19,7,-19,7,-19,8,-19,8,-19,8,-19,8,-19,7,-19,7,-19,7,-19,7,-20,7,-20,7,-20,6,-20,6,-20,6,-20]"
CSI_DATA,41332,d8:b1:90:db:e8:90,-40,11,1,7,0,0,1,0,0,0,1,-94,0,4,0,647360005,0,100,0,128,1,"[100,-64,5,0,-1,23,0,23,0,23,0,23,1,22,1,22,2,22,2,21,2,21,3,21,3,21,2,21,2,20,2,20,2,20,2,21,2,21,1,20,1,20,1,19,0,18,0,18,-1,18,-1,17,-2,17,-1,4,0,0,0,0,0,0,0,0,0,0,0,0,0,0,0,0,0,0,0,4,1,17,1,17,0,17,0,18,-1,18,-1,19,-1,20,-2,20,-2,21,-3,21,-3,21,-4,22,-4,22,-4,22,-4,21,-4,21,-4,21,-3,22,-3,22,-2,23,-2,23,-1,23,-2,23,-2,24,-1,23,-1,23]"
CSI_DATA,41333,d8:b1:90:db:e8:90,-40,11,1,7,0,0,1,0,0,0,1,-94,0,4,0,647370061,0,100,0,128,1,"[100,-64,5,0,21,3,21,3,21,2,21,2,21,1,21,1,20,0,20,-1,20,-1,20,-1,20,-1,20,-1,19,-1,19,-2,19,-2,19,-2,18,-2,18,-1,17,-1,17,-1,16,0,16,0,16,0,15,1,15,1,3,0,0,0,0,0,0,0,0,0,0,0,0,0,0,0,0,0,0,0,3,-1,15,-1,15,-1,15,0,16,1,16,1,17,2,18,2,18,3,19,3,19,4,19,4,19,4,19,4,20,5,20,5,20,5,20,5,20,5,19,5,19,5,20,4,20,4,20,4,21,4,21,4,20,3]"
CSI_DATA,41334,d8:b1:90:db:e8:90,-40,11,1,7,0,0,1,0,0,0,1,-94,0,4,0,647388154,0,100,0,128,1,"[100,-64,5,0,-20,-8,-21,-7,-21,-7,-21,-7,-21,-6,-21,-6,-20,-5,-20,-5,-21,-4,-20,-4,-20,-4,-20,-4,-20,-4,-19,-3,-19,-3,-19,-3,-19,-3,-18,-3,-18,-3,-17,-4,-17,-4,-17,-4,-16,-4,-15,-4,-15,-5,-4,-2,0,0,0,0,0,0,0,0,0,0,0,0,0,0,0,0,0,0,-4,-1,-16,-3,-15,-4,-16,-5,-16,-6,-16,-6,-16,-6,-17,-7,-17,-8,-18,-8,-18,-9,-18,-9,-18,-10,-18,-10,-19,-10,-18,-10,-18,-10,-19,-10,-19,-10,-19,-10,-18,-10,-19,-9,-19,-9,-20,-9,-20,-8,-20,-8,-19,-8]"
CSI_DATA,41335,d8:b1:90:db:e8:90,-40,11,1,7,0,0,1,0,0,0,1,-94,0,4,0,647406823,0,100,0,128,1,"[100,-64,5,0,-20,-15,-20,-14,-20,-14,-19,-14,-18,-14,-18,-14,-19,-13,-20,-12,-20,-12,-20,-11,-21,-11,-21,-11,-20,-11,-20,-11,-19,-11,-19,-11,-18,-12,-17,-12,-16,-12,-16,-12,-15,-12,-15,-12,-14,-12,-14,-12,-13,-12,-4,-3,0,0,0,0,0,0,0,0,0,0,0,0,0,0,0,0,0,0,-4,-3,-16,-9,-15,-10,-15,-12,-15,-13,-15,-13,-15,-14,-15,-14,-15,-15,-16,-16,-16,-16,-16,-17,-16,-17,-16,-18,-16,-17,-15,-17,-15,-17,-16,-17,-17,-17,-17,-17,-17,-16,-17,-16,-18,-16,-19,-16,-19,-16,-20,-16,-20,-16]"
CSI_DATA,41336,d8:b1:90:db:e8:90,-40,11,1,7,0,0,1,0,0,0,1,-94,0,4,0,647426736,0,100,0,128,1,"[100,-64,5,0,-21,-7,-20,-7,-20,-6,-20,-6,-20,-5,-20,-5,-19,-4,-19,-4,-20,-4,-20,-3,-20,-3,-20,-3,-20,-2,-19,-2,-19,-2,-18,-3,-18,-3,-17,-3,-17,-3,-17,-3,-17,-3,-16,-4,-16,-4,-16,-4,-15,-5,-4,-2,0,0,0,0,0,0,0,0,0,0,0,0,0,0,0,0,0,0,-4,-1,-15,-3,-16,-4,-15,-5,-15,-6,-16,-6,-16,-7,-17,-7,-17,-8,-17,-8,-18,-8,-18,-9,-18,-9,-18,-9,-18,-10,-18,-10,-18,-10,-18,-9,-18,-9,-18,-9,-19,-9,-19,-9,-19,-9,-19,-8,-19,-8,-20,-8,-20,-8]"
CSI_DATA,41337,d8:b1:90:db:e8:90,-40,11,1,7,0,0,1,0,0,0,1,-94,0,4,0,647437321,0,100,0,128,1,"[100,-64,5,0,-23,4,-23,4,-23,5,-22,5,-22,5,-21,5,-21,6,-21,6,-21,7,-20,7,-20,8,-20,8,-20,8,-19,8,-19,7,-19,7,-19,6,-18,6,-18,6,-18,5,-18,5,-17,4,-17,4,-17,4,-17,3,-5,0,0,0,0,0,0,0,0,0,0,0,0,0,0,0,0,0,0,0,-4,1,-16,5,-17,5,-17,4,-18,4,-18,3,-19,3,-20,3,-20,2,-21,2,-22,2,-22,2,-23,2,-23,2,-23,2,-23,2,-23,2,-23,2,-23,2,-23,2,-24,3,-24,3,-24,3,-24,4,-24,4,-24,4,-24,4]"
CSI_DATA,41338,d8:b1:90:db:e8:90,-40,11,1,7,0,0,1,0,0,0,1,-94,0,4,0,647447477,0,100,0,128,1,"[100,-64,5,0,20,4,20,3,20,3,20,4,20,3,20,3,19,2,19,2,19,1,19,1,19,1,19,1,19,1,19,1,18,1,18,1,17,2,17,2,16,2,16,2,16,2,15,3,15,3,15,3,14,3,3,0,0,0,0,0,0,0,0,0,0,0,0,0,0,0,0,0,0,0,3,0,15,0,15,1,15,1,16,2,16,2,16,3,17,3,17,4,18,5,18,5,19,5,19,5,19,6,19,6,19,6,19,6,20,6,20,5,20,5,20,5,20,5,20,5,20,5,20,5,20,4,20,4]"
CSI_DATA,41339,d8:b1:90:db:e8:90,-40,11,1,7,0,0,1,0,0,0,1,-94,0,4,0,647461745,0,100,0,128,1,"[100,-64,5,0,6,21,7,21,8,22,8,21,8,21,9,20,9,18,9,18,9,17,9,17,9,17,8,17,8,17,8,18,7,18,7,18,7,18,6,17,6,17,6,17,6,16,6,16,5,16,5,15,4,15,0,3,0,0,0,0,0,0,0,0,0,0,0,0,0,0,0,0,0,0,2,3,8,14,8,14,8,15,8,16,8,16,8,17,7,17,7,17,6,18,6,18,5,19,5,19,4,20,5,20,5,21,5,22,6,22,6,22,7,22,8,21,8,21,8,20,7,20,7,19,6,20,6,20]"
CSI_DATA,41340,d8:b1:90:db:e8:90,-40,11,1,7,0,0,1,0,0,0,1,-94,0,4,0,647472676,0,100,0,128,1,"[100,-64,5,0,17,-16,17,-16,17,-16,16,-16,16,-16,16,-16,15,-16,15,-17,14,-17,14,-17,13,-17,13,-17,14,-17,13,-18,13,-17,13,-17,13,-16,13,-15,13,-15,12,-14,12,-13,12,-13,12,-13,13,-13,13,-12,3,-3,0,0,0,0,0,0,0,0,0,0,0,0,0,0,0,0,0,0,2,-4,11,-13,12,-13,13,-13,14,-12,14,-13,15,-13,16,-12,17,-12,17,-13,18,-13,19,-13,19,-13,19,-13,19,-13,19,-13,18,-13,19,-14,18,-14,18,-13,18,-13,18,-14,18,-14,18,-15,18,-15,18,-16,18,-17]"
CSI_DATA,41341,d8:b1:90:db:e8:90,-40,11,1,7,0,0,1,0,0,0,1,-94,0,4,0,647490678,0,100,0,128,1,"[100,-64,5,0,-15,-15,-15,-15,-14,-15,-15,-15,-15,-14,-15,-13,-15,-13,-16,-13,-16,-13,-16,-12,-16,-12,-16,-11,-15,-11,-15,-11,-15,-11,-15,-12,-15,-12,-14,-11,-14,-11,-13,-11,-13,-11,-13,-11,-12,-11,-12,-11,-11,-11,-3,-3,0,0,0,0,0,0,0,0,0,0,0,0,0,0,0,0,0,0,-3,-3,-12,-10,-12,-10,-12,-11,-12,-12,-12,-13,-12,-13,-12,-14,-12,-15,-12,-15,-12,-16,-12,-16,-12,-16,-12,-17,-12,-17,-11,-17,-11,-17,-12,-17,-12,-17,-12,-17,-12,-16,-13,-16,-13,-16,-14,-17,-14,-17,-14,-17,-13,-17]"
CSI_DATA,41342,d8:b1:90:db:e8:90,-40,11,1,7,0,0,1,0,0,0,1,-94,0,4,0,647527854,0,100,0,128,1,"[100,-64,5,0,-23,6,-23,6,-23,6,-22,7,-22,7,-21,7,-21,8,-21,8,-20,8,-20,9,-20,9,-20,9,-20,9,-20,9,-20,9,-19,8,-19,7,-18,7,-18,6,-18,6,-17,6,-17,5,-17,5,-17,4,-17,3,-5,0,0,0,0,0,0,0,0,0,0,0,0,0,0,0,0,0,0,0,-5,1,-17,5,-17,4,-17,4,-18,3,-19,3,-19,2,-20,2,-21,2,-22,1,-22,1,-22,1,-22,1,-22,1,-23,1,-23,1,-23,2,-23,2,-23,2,-23,2,-23,3,-23,3,-23,3,-23,3,-23,4,-23,4,-24,5]"
CSI_DATA,41343,d8:b1:90:db:e8:90,-40,11,1,7,0,0,1,0,0,0,1,-94,0,4,0,647540799,0,100,0,128,1,"[100,-64,5,0,9,18,10,18,10,17,10,17,10,16,10,16,10,16,10,16,10,16,11,15,11,15,10,15,10,15,10,15,10,15,10,15,9,15,9,15,8,15,8,14,8,14,7,14,7,14,6,14,5,14,1,3,0,0,0,0,0,0,0,0,0,0,0,0,0,0,0,0,0,0,2,2,10,10,9,11,8,12,8,12,8,13,8,14,8,15,7,15,7,16,7,17,7,18,7,18,7,18,6,18,6,18,6,18,6,18,6,18,7,18,7,18,8,19,8,19,9,18,9,18,10,18,10,18]"
CSI_DATA,41344,d8:b1:90:db:e8:90,-40,11,1,7,0,0,1,0,0,0,1,-94,0,4,0,647551001,0,100,0,128,1,"[100,-64,5,0,19,6,19,6,19,5,19,5,20,5,19,4,19,4,19,3,19,3,19,2,19,2,19,2,19,3,19,2,18,3,18,3,18,3,17,3,16,3,16,3,15,3,15,3,15,4,14,5,14,6,3,1,0,0,0,0,0,0,0,0,0,0,0,0,0,0,0,0,0,0,3,0,14,3,14,3,15,4,15,5,15,5,16,6,16,6,16,7,17,7,17,8,17,8,17,8,17,8,17,8,17,8,18,8,18,8,18,8,18,8,19,8,19,7,19,7,19,7,19,7,20,7,20,6]"
CSI_DATA,41345,d8:b1:90:db:e8:90,-41,11,1,5,0,0,1,0,1,0,0,-94,0,4,0,647583267,0,100,0,128,1,"[100,-64,5,0,9,5,8,10,7,14,5,18,4,21,3,23,2,25,1,25,1,25,1,24,1,23,1,20,2,18,3,15,5,12,7,10,10,7,12,5,14,4,16,3,17,3,18,4,18,4,18,5,17,6,4,1,0,0,0,0,0,0,0,0,0,0,0,0,0,0,0,0,0,0,3,-2,14,-5,16,-4,17,-3,18,-2,19,-2,19,-1,19,-2,18,-3,17,-4,15,-6,13,-8,12,-11,10,-14,9,-17,8,-20,8,-23,7,-25,7,-26,7,-27,8,-27,8,-26,9,-24,9,-22,10,-18,10,-14,11,-11]"
CSI_DATA,41346,d8:b1:90:db:e8:90,-40,11,1,7,0,0,1,0,0,0,1,-94,0,4,0,647594956,0,100,0,128,1,"[100,-64,5,0,-7,-20,-7,-20,-7,-20,-7,-19,-7,-19,-8,-18,-8,-18,-8,-18,-9,-18,-9,-18,-9,-18,-9,-17,-9,-17,-9,-17,-9,-17,-8,-17,-8,-17,-7,-17,-6,-17,-6,-16,-6,-16,-6,-16,-5,-16,-5,-16,-4,-16,-1,-4,0,0,0,0,0,0,0,0,0,0,0,0,0,0,0,0,0,0,-2,-4,-7,-14,-7,-14,-6,-15,-6,-16,-5,-16,-5,-17,-5,-17,-4,-17,-4,-18,-4,-18,-4,-19,-4,-20,-3,-20,-3,-20,-3,-20,-3,-20,-3,-20,-4,-20,-4,-20,-5,-20,-5,-20,-5,-20,-5,-20,-6,-20,-6,-20,-7,-20]"
CSI_DATA,41347,d8:b1:90:db:e8:90,-40,11,1,7,0,0,1,0,0,0,1,-94,0,4,0,647610898,0,100,0,128,1,"[100,-64,5,0,11,20,11,20,12,19,12,19,12,18,13,18,13,18,13,17,14,17,14,17,14,16,14,16,14,16,14,16,13,16,13,16,13,16,12,16,12,15,11,15,11,15,11,15,10,15,9,15,8,15,2,4,0,0,0,0,0,0,0,0,0,0,0,0,0,0,0,0,0,0,2,3,10,13,9,14,8,15,8,16,8,17,8,17,7,18,7,18,7,19,7,20,7,21,7,21,7,21,7,21,7,22,7,22,7,21,8,21,8,21,9,21,9,21,10,21,10,20,10,20,10,20,11,20]"
CSI_DATA,41348,d8:b1:90:db:e8:90,-40,11,1,7,0,0,1,0,0,0,1,-94,0,4,0,647632026,0,100,0,128,1,"[100,-64,5,0,5,-21,5,-21,5,-20,4,-21,4,-21,3,-21,3,-20,2,-20,2,-19,2,-19,1,-20,1,-20,0,-20,0,-20,0,-20,1,-19,1,-19,1,-18,1,-18,1,-18,1,-17,1,-17,2,-17,3,-16,4,-16,1,-4,0,0,0,0,0,0,0,0,0,0,0,0,0,0,0,0,0,0,0,-4,2,-16,2,-16,3,-16,4,-17,4,-17,5,-17,6,-18,6,-18,7,-18,7,-18,8,-19,8,-19,8,-19,8,-19,8,-19,7,-19,7,-19,7,-19,7,-20,7,-20,6,-20,6,-21,6,-21,5,-21,6,-21,6,-21]"
CSI_DATA,41349,d8:b1:90:db:e8:90,-40,11,1,7,0,0,1,0,0,0,1,-94,0,4,0,647643048,0,100,0,128,1,"[100,-64,5,0,11,23,12,23,12,22,12,22,12,21,12,21,12,21,13,21,13,20,14,20,14,20,14,19,14,19,14,19,13,19,13,19,12,19,11,18,11,18,10,18,10,18,10,17,9,17,8,16,7,16,1,4,0,0,0,0,0,0,0,0,0,0,0,0,0,0,0,0,0,0,2,3,11,14,11,14,10,15,10,16,10,17,10,17,10,18,10,19,10,19,10,20,10,21,10,21,10,21,10,22,10,22,9,22,10,22,10,22,10,23,11,23,11,23,11,23,12,23,12,23,12,23,12,22]"
CSI_DATA,41350,d8:b1:90:db:e8:90,-40,11,1,7,0,0,1,0,0,0,1,-94,0,4,0,647653369,0,100,0,128,1,"[100,-64,5,0,21,6,21,6,20,5,20,5,19,4,19,4,19,3,19,3,19,2,19,1,19,1,19,2,19,2,19,2,19,2,19,2,18,2,18,3,17,3,16,3,16,3,16,3,15,3,14,3,14,4,3,1,0,0,0,0,0,0,0,0,0,0,0,0,0,0,0,0,0,0,3,0,15,1,15,2,15,3,15,4,15,4,16,5,17,6,17,6,18,7,18,7,18,7,18,7,18,8,18,8,18,8,19,8,19,7,19,7,19,7,19,7,19,6,20,6,20,6,20,6,20,6,20,7]"
CSI_DATA,41351,d8:b1:90:db:e8:90,-40,11,1,7,0,0,1,0,0,0,1,-94,0,4,0,647666913,0,100,0,128,1,"[100,-64,5,0,-22,2,-21,3,-21,3,-20,3,-19,3,-19,4,-19,4,-19,5,-18,5,-18,6,-18,6,-19,6,-19,6,-19,6,-19,5,-18,5,-18,5,-18,4,-17,4,-17,3,-16,3,-16,3,-15,2,-15,2,-15,2,-4,0,0,0,0,0,0,0,0,0,0,0,0,0,0,0,0,0,0,0,-4,1,-15,4,-15,3,-15,2,-16,2,-16,1,-17,1,-18,1,-19,1,-19,1,-20,0,-20,0,-20,0,-20,0,-20,0,-20,0,-21,1,-21,1,-21,1,-21,1,-21,1,-21,2,-21,2,-21,2,-22,2,-22,2,-21,2]"
CSI_DATA,41352,d8:b1:90:db:e8:90,-40,11,1,7,0,0,1,0,0,0,1,-94,0,4,0,647677024,0,100,0,128,1,"[100,-64,5,0,-16,-18,-16,-17,-16,-17,-17,-17,-17,-16,-17,-16,-17,-15,-17,-15,-17,-14,-18,-14,-18,-14,-18,-13,-18,-13,-18,-13,-18,-12,-17,-12,-17,-12,-16,-12,-15,-12,-15,-13,-14,-13,-13,-12,-12,-12,-12,-13,-11,-13,-3,-4,0,0,0,0,0,0,0,0,0,0,0,0,0,0,0,0,0,0,-4,-3,-13,-11,-13,-12,-13,-13,-13,-13,-13,-14,-13,-15,-13,-16,-13,-17,-13,-17,-12,-18,-13,-19,-13,-19,-13,-20,-13,-20,-13,-19,-13,-19,-13,-18,-13,-18,-13,-18,-13,-19,-14,-19,-14,-19,-15,-19,-15,-19,-15,-19,-15,-18]"
CSI_DATA,41353,d8:b1:90:db:e8:90,-40,11,1,7,0,0,1,0,0,0,1,-94,0,4,0,647687574,0,100,0,128,1,"[100,-64,5,0,-7,20,-6,20,-6,19,-6,19,-5,19,-5,18,-5,18,-4,18,-4,18,-4,18,-3,18,-3,18,-3,18,-3,18,-3,18,-3,18,-4,18,-4,17,-4,17,-4,16,-4,16,-5,15,-5,15,-5,14,-5,14,-2,3,0,0,0,0,0,0,0,0,0,0,0,0,0,0,0,0,0,0,-1,3,-3,14,-3,14,-4,14,-5,15,-5,15,-6,15,-6,16,-7,16,-7,17,-8,17,-9,17,-9,17,-9,17,-9,17,-9,17,-9,18,-9,18,-9,18,-9,18,-8,18,-8,18,-8,18,-8,19,-7,19,-7,19,-7,19]"
CSI_DATA,41354,d8:b1:90:db:e8:90,-40,11,1,7,0,0,1,0,0,0,1,-94,0,4,0,647699523,0,100,0,128,1,"[100,-64,5,0,18,9,18,8,18,8,18,7,18,7,18,6,18,6,18,6,17,5,17,5,17,5,17,5,17,5,17,5,17,5,17,5,17,6,16,6,16,6,15,6,15,6,14,6,14,6,13,6,13,6,3,1,0,0,0,0,0,0,0,0,0,0,0,0,0,0,0,0,0,0,3,0,14,3,14,4,14,4,14,5,14,6,15,6,15,7,15,7,16,8,16,8,16,9,16,10,16,10,16,10,16,10,16,10,16,10,16,10,17,10,17,9,17,9,17,9,17,9,18,9,18,9,18,8]"
CSI_DATA,41355,d8:b1:90:db:e8:90,-40,11,1,7,0,0,1,0,0,0,1,-94,0,4,0,647714678,0,100,0,128,1,"[100,-64,5,0,-4,23,-3,22,-3,22,-3,23,-3,23,-2,22,-2,22,-1,22,-1,22,0,22,0,21,0,21,1,21,1,21,1,21,1,21,1,21,0,20,0,20,-1,19,-1,18,-1,17,-2,17,-2,17,-3,17,-1,4,0,0,0,0,0,0,0,0,0,0,0,0,0,0,0,0,0,0,0,4,1,17,0,17,-1,17,-1,18,-1,18,-2,19,-2,20,-3,20,-3,21,-4,21,-5,21,-6,21,-6,21,-6,21,-6,21,-6,21,-6,22,-5,22,-5,22,-5,22,-5,22,-5,22,-5,22,-4,23,-4,23,-4,24]"
CSI_DATA,41356,d8:b1:90:db:e8:90,-40,11,1,7,0,0,1,0,0,0,1,-94,0,4,0,647737080,0,100,0,128,1,"[100,-64,5,0,14,-16,14,-16,14,-16,14,-16,13,-16,13,-16,12,-16,11,-16,11,-16,11,-17,10,-17,10,-17,10,-17,10,-17,9,-17,10,-17,10,-17,9,-17,9,-16,9,-15,9,-14,9,-13,9,-13,10,-13,10,-13,2,-4,0,0,0,0,0,0,0,0,0,0,0,0,0,0,0,0,0,0,2,-4,9,-13,9,-13,10,-13,11,-13,11,-13,12,-13,13,-13,13,-13,13,-13,14,-13,15,-13,16,-13,16,-13,16,-13,16,-13,16,-13,16,-13,15,-14,15,-14,15,-13,15,-14,15,-14,15,-14,15,-15,15,-15,15,-15]"
CSI_DATA,41357,d8:b1:90:db:e8:90,-40,11,1,7,0,0,1,0,0,0,1,-94,0,4,0,647749149,0,100,0,128,1,"[100,-64,5,0,-21,-2,-21,-2,-21,-2,-20,-2,-20,-2,-20,-2,-20,-1,-19,0,-19,0,-19,1,-19,1,-20,1,-20,1,-19,1,-19,1,-19,0,-18,0,-18,0,-17,0,-17,-1,-16,-1,-16,-1,-16,-1,-15,-1,-15,-2,-4,-1,0,0,0,0,0,0,0,0,0,0,0,0,0,0,0,0,0,0,-4,0,-16,1,-16,0,-16,-1,-17,-1,-17,-2,-17,-2,-18,-3,-18,-3,-18,-4,-18,-4,-19,-4,-20,-4,-20,-5,-20,-5,-20,-5,-20,-5,-20,-5,-20,-5,-20,-4,-20,-4,-20,-4,-20,-4,-21,-3,-21,-2,-21,-2,-21,-2]"
CSI_DATA,41358,d8:b1:90:db:e8:90,-40,11,1,7,0,0,1,0,0,0,1,-94,0,4,0,647761041,0,100,0,128,1,"[100,-64,5,0,7,-24,6,-24,6,-23,6,-22,5,-22,4,-22,4,-22,4,-23,3,-23,3,-23,2,-23,2,-23,2,-23,2,-22,2,-22,3,-22,3,-21,3,-21,4,-20,4,-20,4,-19,4,-18,5,-18,5,-18,6,-17,1,-5,0,0,0,0,0,0,0,0,0,0,0,0,0,0,0,0,0,0,0,-5,3,-17,3,-17,5,-18,5,-18,6,-18,7,-19,7,-19,8,-20,8,-20,9,-21,9,-21,9,-21,10,-21,10,-21,10,-21,10,-21,10,-21,9,-21,9,-21,8,-22,8,-22,8,-23,7,-22,7,-22,7,-23,7,-23]"
CSI_DATA,41359,d8:b1:90:db:e8:90,-40,11,1,7,0,0,1,0,0,0,1,-94,0,4,0,647779193,0,100,0,128,1,"[100,-64,5,0,-11,-22,-11,-22,-11,-21,-11,-20,-11,-19,-11,-19,-11,-19,-12,-19,-12,-19,-13,-19,-13,-18,-13,-18,-13,-18,-13,-18,-12,-18,-12,-18,-11,-18,-11,-18,-10,-17,-10,-17,-9,-17,-9,-17,-8,-16,-7,-16,-6,-17,-2,-5,0,0,0,0,0,0,0,0,0,0,0,0,0,0,0,0,0,0,-3,-4,-9,-14,-8,-15,-8,-16,-7,-17,-7,-18,-7,-18,-7,-19,-7,-19,-7,-20,-7,-21,-7,-22,-7,-22,-7,-22,-7,-22,-6,-22,-6,-22,-7,-22,-7,-22,-8,-22,-8,-21,-8,-21,-9,-21,-9,-21,-9,-21,-9,-21,-9,-21]"
CSI_DATA,41360,d8:b1:90:db:e8:90,-40,11,1,7,0,0,1,0,0,0,1,-94,0,4,0,647791877,0,100,0,128,1,"[100,-64,5,0,-3,20,-3,20,-2,20,-1,19,-1,19,0,19,0,19,-1,19,0,19,0,19,0,19,0,18,0,18,0,18,0,18,0,18,0,18,0,17,-1,17,-1,16,-2,16,-2,15,-2,15,-3,15,-4,15,-1,3,0,0,0,0,0,0,0,0,0,0,0,0,0,0,0,0,0,0,-1,3,-1,14,-1,14,-2,15,-3,15,-3,16,-4,16,-4,17,-4,17,-4,17,-5,18,-6,18,-6,18,-6,18,-6,18,-6,19,-6,19,-6,19,-6,19,-5,19,-5,20,-4,20,-4,20,-4,19,-4,19,-3,20,-3,20]"
CSI_DATA,41361,d8:b1:90:db:e8:90,-40,11,1,7,0,0,1,0,0,0,1,-94,0,4,0,647804890,0,100,0,128,1,"[100,-64,5,0,-22,3,-22,3,-21,3,-21,3,-21,3,-21,4,-21,4,-21,4,-20,5,-20,5,-20,5,-20,5,-20,5,-19,5,-19,5,-19,5,-19,5,-18,4,-18,4,-18,3,-17,3,-17,2,-17,2,-17,1,-16,0,-4,0,0,0,0,0,0,0,0,0,0,0,0,0,0,0,0,0,0,0,-4,1,-15,5,-16,4,-17,3,-17,3,-18,3,-18,2,-19,2,-19,1,-20,1,-20,1,-21,0,-21,0,-21,0,-21,0,-22,-1,-22,-1,-22,0,-22,0,-22,1,-22,1,-22,1,-22,2,-22,2,-22,2,-22,2,-22,3]"
CSI_DATA,41362,d8:b1:90:db:e8:90,-40,11,1,7,0,0,1,0,0,0,1,-94,0,4,0,647836157,0,100,0,128,1,"[100,-64,5,0,-24,5,-24,5,-23,5,-24,5,-24,5,-23,6,-23,6,-22,6,-22,6,-22,7,-22,7,-22,7,-21,7,-21,7,-21,7,-21,6,-20,6,-20,6,-19,5,-19,4,-18,4,-18,3,-18,3,-18,3,-18,2,-5,0,0,0,0,0,0,0,0,0,0,0,0,0,0,0,0,0,0,0,-5,1,-17,5,-18,5,-18,4,-19,4,-19,3,-20,3,-21,2,-21,2,-21,2,-22,1,-22,0,-22,0,-22,0,-23,-1,-23,-1,-23,0,-23,0,-23,0,-23,1,-23,1,-23,1,-23,2,-24,2,-24,3,-25,3,-25,4]"
CSI_DATA,41363,d8:b1:90:db:e8:90,-40,11,1,7,0,0,1,0,0,0,1,-94,0,4,0,647848006,0,100,0,128,1,"[100,-64,5,0,-23,8,-22,9,-21,9,-21,9,-21,8,-20,9,-20,9,-21,10,-21,10,-20,10,-20,10,-21,10,-21,10,-21,10,-20,9,-20,8,-20,8,-19,8,-19,7,-19,6,-19,6,-18,5,-18,5,-18,5,-17,4,-5,1,0,0,0,0,0,0,0,0,0,0,0,0,0,0,0,0,0,0,-4,2,-15,8,-16,7,-17,7,-17,7,-18,7,-19,6,-20,6,-21,5,-22,5,-22,5,-22,5,-22,5,-22,5,-22,4,-22,4,-22,4,-22,5,-22,5,-22,6,-22,6,-22,7,-23,7,-23,7,-23,7,-23,8,-23,8]"
CSI_DATA,41364,d8:b1:90:db:e8:90,-40,11,1,7,0,0,1,0,0,0,1,-94,0,4,0,647858777,0,100,0,128,1,"[100,-64,5,0,14,-18,14,-18,14,-19,13,-19,13,-19,12,-19,12,-19,12,-20,11,-20,11,-20,11,-20,10,-20,11,-20,11,-19,11,-19,10,-19,10,-18,10,-18,10,-17,11,-16,11,-15,11,-15,11,-14,11,-14,11,-13,2,-4,0,0,0,0,0,0,0,0,0,0,0,0,0,0,0,0,0,0,2,-4,8,-15,9,-15,10,-15,10,-15,11,-15,12,-15,12,-16,13,-16,14,-16,15,-16,15,-15,15,-16,16,-16,16,-16,16,-16,16,-16,16,-16,16,-16,15,-17,15,-17,15,-18,15,-18,15,-18,14,-19,15,-19,15,-18]"
CSI_DATA,41365,d8:b1:90:db:e8:90,-40,11,1,7,0,0,1,0,0,0,1,-94,0,4,0,647872982,0,100,0,128,1,"[100,-64,5,0,-25,5,-25,5,-24,6,-24,6,-24,6,-23,7,-23,7,-23,8,-23,9,-23,10,-22,10,-22,10,-22,9,-22,9,-22,9,-22,9,-21,8,-21,8,-20,7,-20,7,-20,6,-19,5,-19,5,-19,4,-18,4,-5,1,0,0,0,0,0,0,0,0,0,0,0,0,0,0,0,0,0,0,-5,1,-18,7,-19,6,-19,5,-20,4,-20,4,-21,3,-22,3,-22,3,-23,3,-24,2,-24,2,-25,1,-25,1,-25,1,-25,1,-25,2,-25,2,-25,3,-25,3,-25,4,-25,4,-25,4,-25,5,-25,6,-25,5,-25,5]"
CSI_DATA,41366,d8:b1:90:db:e8:90,-40,11,1,7,0,0,1,0,0,0,1,-94,0,4,0,647888552,0,100,0,128,1,"[100,-64,5,0,16,-17,16,-18,15,-18,15,-17,15,-16,14,-17,14,-17,14,-18,13,-18,13,-18,12,-19,12,-19,12,-19,12,-19,12,-19,12,-18,12,-18,12,-17,12,-16,12,-16,12,-15,12,-14,12,-13,12,-13,12,-13,3,-4,0,0,0,0,0,0,0,0,0,0,0,0,0,0,0,0,0,0,2,-4,11,-14,12,-14,13,-14,13,-13,14,-13,15,-14,15,-14,16,-14,17,-14,17,-14,17,-14,18,-14,18,-14,18,-14,18,-14,17,-14,17,-14,17,-14,17,-15,17,-16,17,-16,17,-16,17,-16,17,-16,17,-16,18,-17]"
CSI_DATA,41367,d8:b1:90:db:e8:90,-40,11,1,7,0,0,1,0,0,0,1,-94,0,4,0,647900449,0,100,0,128,1,"[100,-64,5,0,2,20,2,20,2,20,2,20,2,19,3,19,3,19,4,19,4,18,4,18,5,18,6,18,5,17,5,17,5,17,5,17,5,17,4,17,4,16,4,16,4,15,4,15,3,15,2,15,2,15,0,3,0,0,0,0,0,0,0,0,0,0,0,0,0,0,0,0,0,0,1,3,4,14,3,14,2,14,2,15,1,15,1,16,1,17,1,18,0,18,0,19,-1,19,-1,19,-1,19,-1,19,-2,19,-2,19,-1,19,-1,19,-1,19,0,19,0,19,0,19,1,20,1,20,1,21,2,21]"
CSI_DATA,41368,d8:b1:90:db:e8:90,-40,11,1,7,0,0,1,0,0,0,1,-94,0,4,0,647912624,0,100,0,128,1,"[100,-64,5,0,-3,-24,-3,-24,-3,-24,-3,-24,-4,-24,-4,-23,-4,-23,-5,-23,-5,-23,-6,-23,-6,-22,-7,-21,-7,-21,-7,-21,-7,-21,-7,-20,-6,-20,-6,-20,-5,-20,-5,-19,-5,-19,-5,-18,-5,-18,-4,-18,-3,-18,-1,-5,0,0,0,0,0,0,0,0,0,0,0,0,0,0,0,0,0,0,-2,-5,-5,-17,-4,-17,-3,-18,-3,-18,-3,-19,-2,-20,-2,-21,-2,-22,-1,-22,-1,-22,0,-22,0,-22,0,-22,0,-23,1,-23,1,-23,0,-23,0,-23,0,-23,-1,-23,-1,-23,-1,-23,-2,-24,-3,-24,-3,-25,-2,-25]"
CSI_DATA,41369,d8:b1:90:db:e8:90,-40,11,1,7,0,0,1,0,0,0,1,-94,0,4,0,647937355,0,100,0,128,1,"[100,-64,5,0,-3,-20,-4,-20,-4,-20,-4,-20,-4,-19,-5,-19,-5,-19,-5,-19,-5,-18,-5,-18,-6,-18,-6,-19,-7,-19,-6,-19,-6,-19,-6,-19,-5,-18,-5,-18,-5,-17,-5,-16,-4,-16,-4,-15,-4,-15,-3,-16,-2,-16,-1,-4,0,0,0,0,0,0,0,0,0,0,0,0,0,0,0,0,0,0,-1,-4,-3,-15,-3,-15,-2,-16,-2,-16,-1,-16,-1,-17,-1,-17,0,-18,0,-18,0,-19,1,-20,1,-20,1,-21,1,-20,1,-20,0,-20,0,-20,0,-20,-1,-21,-1,-21,-1,-21,-1,-21,-2,-21,-2,-20,-2,-21,-2,-21]"
CSI_DATA,41370,d8:b1:90:db:e8:90,-40,11,1,7,0,0,1,0,0,0,1,-94,0,4,0,647951825,0,100,0,128,1,"[100,-64,5,0,-20,7,-20,7,-19,7,-19,7,-20,8,-19,8,-19,8,-19,8,-19,8,-19,8,-18,9,-18,9,-17,9,-17,9,-17,9,-17,9,-17,9,-17,9,-17,8,-16,8,-16,7,-16,7,-16,6,-15,5,-15,5,-4,1,0,0,0,0,0,0,0,0,0,0,0,0,0,0,0,0,0,0,-4,1,-14,7,-15,6,-15,5,-16,5,-16,5,-17,5,-18,5,-18,6,-19,5,-19,5,-20,4,-20,3,-20,3,-20,3,-20,3,-21,4,-21,4,-20,5,-20,5,-20,6,-20,6,-20,6,-21,5,-21,5,-21,5,-21,6]"
CSI_DATA,41371,d8:b1:90:db:e8:90,-40,11,1,7,0,0,1,0,0,0,1,-94,0,4,0,647962839,0,100,0,128,1,"[100,-64,5,0,-4,-20,-4,-20,-4,-20,-4,-19,-4,-19,-4,-19,-4,-19,-5,-19,-6,-19,-6,-18,-7,-18,-6,-19,-6,-19,-6,-19,-6,-19,-6,-18,-5,-18,-5,-18,-5,-17,-4,-17,-4,-16,-4,-16,-3,-15,-3,-15,-2,-15,-1,-4,0,0,0,0,0,0,0,0,0,0,0,0,0,0,0,0,0,0,-2,-4,-5,-14,-4,-15,-3,-15,-3,-16,-2,-16,-2,-17,-1,-17,-1,-18,-1,-18,-1,-19,-1,-19,0,-19,0,-19,0,-19,0,-20,0,-20,-1,-20,-1,-20,-1,-20,-1,-20,-2,-21,-2,-21,-2,-21,-3,-21,-3,-21,-3,-21]"
CSI_DATA,41372,d8:b1:90:db:e8:90,-41,11,1,7,0,0,1,0,0,0,1,-94,0,4,0,647980906,0,100,0,128,1,"[100,-64,5,0,24,-6,23,-7,23,-7,23,-7,23,-7,22,-7,22,-8,22,-8,22,-9,21,-10,21,-9,20,-9,20,-9,20,-9,20,-9,20,-8,19,-9,19,-8,19,-7,19,-6,19,-6,19,-5,18,-5,18,-4,17,-3,4,-1,0,0,0,0,0,0,0,0,0,0,0,0,0,0,0,0,0,0,4,-2,17,-7,17,-6,18,-5,18,-5,19,-4,20,-4,20,-3,21,-3,21,-2,22,-2,22,-2,22,-2,22,-2,22,-2,22,-2,23,-2,23,-2,23,-3,23,-3,23,-3,23,-4,23,-4,23,-5,23,-5,23,-5,24,-6]"
CSI_DATA,41373,d8:b1:90:db:e8:90,-40,11,1,7,0,0,1,0,0,0,1,-94,0,4,0,647995889,0,100,0,128,1,"[100,-64,5,0,5,-21,4,-21,4,-21,4,-21,4,-21,3,-21,3,-21,3,-21,2,-21,2,-21,1,-21,1,-21,1,-20,2,-20,2,-20,2,-19,2,-19,2,-18,3,-18,3,-18,4,-17,4,-17,4,-16,5,-16,5,-15,1,-4,0,0,0,0,0,0,0,0,0,0,0,0,0,0,0,0,0,0,0,-4,1,-16,2,-16,3,-17,4,-17,4,-17,5,-18,5,-18,6,-18,6,-18,7,-19,7,-19,7,-19,7,-19,7,-19,8,-19,8,-19,7,-19,7,-19,7,-19,6,-19,6,-20,6,-20,6,-20,5,-20,5,-20,5,-21]"
CSI_DATA,41374,d8:b1:90:db:e8:90,-40,11,1,7,0,0,1,0,0,0,1,-94,0,4,0,648007403,0,100,0,128,1,"[100,-64,5,0,11,17,12,16,12,16,12,16,12,16,12,15,12,15,12,14,12,14,12,14,13,13,13,13,12,13,12,13,12,13,12,14,12,14,11,13,11,13,10,13,10,12,10,12,9,12,8,12,8,13,2,3,0,0,0,0,0,0,0,0,0,0,0,0,0,0,0,0,0,0,2,2,9,11,9,12,9,13,9,13,9,14,9,14,8,14,8,15,8,15,9,16,9,16,9,17,9,17,8,17,8,17,8,17,8,17,8,17,9,17,9,17,9,17,9,17,10,18,10,18,11,18,11,18]"
CSI_DATA,41375,d8:b1:90:db:e8:90,-41,11,1,7,0,0,1,0,0,0,1,-94,0,4,0,648017889,0,100,0,128,1,"[100,-64,5,0,-10,23,-10,23,-9,23,-9,23,-9,22,-8,23,-7,22,-7,22,-7,21,-7,21,-6,21,-6,21,-6,22,-6,22,-6,22,-6,22,-6,22,-6,21,-6,20,-6,19,-6,19,-6,18,-7,17,-7,17,-8,17,-2,4,0,0,0,0,0,0,0,0,0,0,0,0,0,0,0,0,0,0,-2,4,-7,16,-8,16,-9,17,-9,17,-10,17,-10,18,-11,18,-11,18,-12,19,-12,19,-13,18,-13,19,-13,19,-13,19,-14,19,-14,19,-14,19,-13,19,-13,20,-12,20,-12,20,-12,21,-12,21,-12,22,-12,22,-12,22]"
CSI_DATA,41376,d8:b1:90:db:e8:90,-40,11,1,7,0,0,1,0,0,0,1,-94,0,4,0,648033395,0,100,0,128,1,"[100,-64,5,0,1,19,2,18,2,18,3,18,3,17,3,17,4,17,4,17,4,17,4,17,4,16,4,16,4,17,4,17,4,17,4,16,4,16,3,15,3,15,3,14,3,14,2,13,1,13,1,13,0,13,0,3,0,0,0,0,0,0,0,0,0,0,0,0,0,0,0,0,0,0,1,3,3,12,3,12,2,13,1,13,1,14,1,14,1,15,1,15,1,16,0,16,0,17,-1,17,-1,17,-1,17,-1,17,-1,17,-1,17,-1,17,0,17,0,18,0,18,1,18,1,17,1,17,2,18,2,18]"
CSI_DATA,41377,d8:b1:90:db:e8:90,-40,11,1,7,0,0,1,0,0,0,1,-94,0,4,0,648051965,0,100,0,128,1,"[100,-64,5,0,-20,-9,-20,-8,-20,-8,-20,-7,-20,-7,-20,-6,-20,-6,-20,-5,-20,-5,-20,-5,-20,-5,-20,-4,-20,-4,-19,-4,-19,-4,-19,-4,-18,-4,-18,-5,-17,-5,-17,-5,-17,-5,-16,-5,-16,-5,-15,-5,-15,-6,-4,-2,0,0,0,0,0,0,0,0,0,0,0,0,0,0,0,0,0,0,-4,-1,-15,-3,-15,-4,-16,-5,-16,-6,-16,-7,-17,-7,-17,-8,-17,-8,-17,-9,-17,-9,-17,-10,-17,-10,-17,-10,-17,-10,-17,-10,-17,-10,-18,-10,-18,-10,-18,-9,-18,-9,-19,-9,-19,-8,-19,-8,-19,-8,-20,-9,-20,-8]"
CSI_DATA,41378,d8:b1:90:db:e8:90,-40,11,1,7,0,0,1,0,0,0,1,-94,0,4,0,648063513,0,100,0,128,1,"[100,-64,5,0,18,13,18,13,18,12,18,11,18,11,18,11,18,10,17,9,18,9,18,9,18,9,18,9,18,9,18,9,18,9,17,9,17,9,16,9,15,9,15,9,15,9,14,9,14,9,13,9,13,9,3,2,0,0,0,0,0,0,0,0,0,0,0,0,0,0,0,0,0,0,3,1,15,6,15,7,14,8,14,9,14,9,15,10,15,11,15,12,15,12,15,13,15,14,15,14,15,14,15,15,14,15,14,15,15,15,15,14,16,14,16,14,16,13,17,13,17,14,17,14,18,14,18,14]"
CSI_DATA,41379,d8:b1:90:db:e8:90,-40,11,1,7,0,0,1,0,0,0,1,-94,0,4,0,648078910,0,100,0,128,1,"[100,-64,5,0,9,21,10,21,10,20,10,20,10,19,11,18,11,18,11,17,11,17,12,17,12,17,12,17,11,17,11,17,11,17,11,17,11,16,11,16,10,16,9,15,9,15,9,14,8,15,7,15,7,15,1,3,0,0,0,0,0,0,0,0,0,0,0,0,0,0,0,0,0,0,2,3,9,15,8,15,8,15,7,16,7,17,7,18,6,18,6,19,5,20,5,20,5,21,5,21,5,21,5,21,4,21,4,21,5,21,5,21,6,21,6,21,7,21,7,21,8,22,8,22,9,22,9,22]"
CSI_DATA,41380,d8:b1:90:db:e8:90,-40,11,1,7,0,0,1,0,0,0,1,-94,0,4,0,648090414,0,100,0,128,1,"[100,-64,5,0,-17,20,-17,20,-17,20,-16,20,-14,20,-14,20,-14,20,-14,20,-15,20,-14,20,-14,20,-13,20,-13,21,-13,20,-13,20,-13,20,-13,20,-13,19,-13,18,-13,17,-13,16,-13,15,-13,15,-14,14,-15,13,-4,3,0,0,0,0,0,0,0,0,0,0,0,0,0,0,0,0,0,0,-3,3,-11,15,-11,14,-12,14,-13,15,-13,15,-14,15,-15,15,-16,15,-17,15,-18,16,-18,16,-19,16,-19,16,-19,16,-19,17,-19,17,-19,17,-18,17,-18,17,-18,17,-18,18,-18,18,-18,18,-18,19,-17,19,-18,20]"
CSI_DATA,41381,d8:b1:90:db:e8:90,-40,11,1,7,0,0,1,0,0,0,1,-94,0,4,0,648102159,0,100,0,128,1,"[100,-64,5,0,-25,-2,-25,-2,-25,-1,-24,-1,-24,0,-24,0,-24,1,-24,2,-24,2,-24,3,-24,3,-24,2,-24,2,-23,2,-23,2,-22,2,-22,2,-21,2,-21,1,-21,1,-21,1,-20,0,-20,0,-19,0,-19,-1,-5,-1,0,0,0,0,0,0,0,0,0,0,0,0,0,0,0,0,0,0,-5,0,-18,1,-19,0,-19,0,-20,-1,-20,-2,-21,-2,-21,-2,-22,-3,-22,-3,-23,-4,-24,-5,-24,-5,-24,-5,-24,-6,-24,-6,-24,-5,-24,-5,-24,-5,-24,-4,-24,-4,-25,-3,-25,-3,-25,-3,-26,-2,-26,-2,-26,-3]"
CSI_DATA,41382,d8:b1:90:db:e8:90,-40,11,1,7,0,0,1,0,0,0,1,-94,0,4,0,648113324,0,100,0,128,1,"[100,-64,5,0,19,0,19,0,19,-1,19,-1,19,-1,19,-2,19,-2,19,-3,19,-4,19,-4,19,-4,19,-4,19,-3,19,-3,18,-3,18,-3,17,-3,17,-3,17,-2,16,-2,16,-2,16,-2,15,-1,15,-1,15,0,3,0,0,0,0,0,0,0,0,0,0,0,0,0,0,0,0,0,0,0,3,-1,14,-3,15,-2,15,-1,15,-1,16,0,16,0,17,0,17,1,18,1,18,1,19,2,19,2,19,3,19,3,19,3,19,3,19,2,19,2,19,2,19,1,19,1,20,1,20,1,20,0,20,0,21,0]"
CSI_DATA,41383,d8:b1:90:db:e8:90,-40,11,1,7,0,0,1,0,0,0,1,-94,0,4,0,648126799,0,100,0,128,1,"[100,-64,5,0,13,-21,12,-21,12,-20,12,-20,11,-19,11,-19,10,-20,10,-20,10,-21,9,-21,9,-21,9,-21,9,-21,10,-21,10,-20,9,-19,9,-19,9,-18,9,-18,9,-17,9,-16,9,-16,9,-15,9,-15,10,-15,2,-4,0,0,0,0,0,0,0,0,0,0,0,0,0,0,0,0,0,0,1,-4,6,-16,7,-16,7,-17,8,-17,9,-17,10,-17,11,-17,11,-17,12,-17,13,-18,13,-18,14,-18,14,-19,14,-18,14,-18,14,-18,14,-18,14,-18,14,-19,13,-19,13,-20,13,-20,13,-21,12,-21,12,-21,12,-21]"
CSI_DATA,41384,d8:b1:90:db:e8:90,-40,11,1,7,0,0,1,0,0,0,1,-94,0,4,0,648142354,0,100,0,128,1,"[100,-64,5,0,8,21,8,21,8,20,8,19,8,19,9,18,9,18,9,19,10,18,10,18,10,18,10,18,10,18,10,18,10,17,10,17,10,16,9,16,8,16,8,15,7,15,7,15,7,14,6,15,5,15,1,3,0,0,0,0,0,0,0,0,0,0,0,0,0,0,0,0,0,0,2,3,8,14,7,14,7,15,7,15,7,16,6,17,6,17,5,18,5,19,5,20,6,20,5,20,5,20,5,20,5,20,4,20,5,20,5,20,6,20,6,21,7,21,7,20,8,20,9,20,9,20,8,20]"
CSI_DATA,41385,d8:b1:90:db:e8:90,-40,11,1,7,0,0,1,0,0,0,1,-94,0,4,0,648154111,0,100,0,128,1,"[100,-64,5,0,-18,10,-18,10,-18,10,-18,10,-18,11,-17,11,-17,11,-16,11,-16,11,-16,11,-16,11,-16,11,-16,11,-16,11,-16,11,-15,12,-15,12,-15,11,-15,11,-15,10,-15,10,-14,9,-14,9,-14,7,-14,7,-4,1,0,0,0,0,0,0,0,0,0,0,0,0,0,0,0,0,0,0,-3,2,-12,9,-13,8,-14,8,-15,8,-16,8,-16,8,-16,7,-17,7,-17,7,-18,7,-18,7,-18,7,-19,7,-19,7,-20,6,-20,6,-20,7,-20,7,-20,7,-19,8,-19,8,-19,8,-19,9,-19,10,-19,10,-20,10]"
CSI_DATA,41386,d8:b1:90:db:e8:90,-41,11,1,7,0,0,1,0,0,0,1,-94,0,4,0,648164999,0,100,0,128,1,"[100,-64,5,0,-5,-21,-5,-21,-5,-21,-6,-21,-6,-21,-6,-21,-7,-20,-6,-20,-6,-20,-7,-19,-7,-19,-8,-19,-8,-19,-8,-19,-8,-19,-8,-19,-8,-19,-7,-19,-7,-18,-7,-18,-7,-17,-7,-17,-6,-16,-4,-16,-3,-16,-1,-4,0,0,0,0,0,0,0,0,0,0,0,0,0,0,0,0,0,0,-2,-4,-5,-15,-4,-16,-4,-17,-3,-18,-3,-18,-3,-18,-2,-19,-2,-19,-1,-20,-1,-20,-2,-20,-1,-20,-1,-21,-1,-21,0,-22,0,-22,-1,-22,-1,-22,-1,-22,-2,-21,-2,-22,-3,-22,-3,-22,-4,-22,-4,-22,-4,-23]"
CSI_DATA,41387,d8:b1:90:db:e8:90,-41,11,1,7,0,0,1,0,0,0,1,-94,0,4,0,648184080,0,100,0,128,1,"[100,-64,5,0,22,4,22,4,22,3,22,3,22,2,22,1,22,0,22,0,23,0,22,0,23,0,23,1,22,1,22,1,22,2,21,1,20,1,20,1,19,1,18,0,17,1,17,1,17,2,17,1,17,1,4,0,0,0,0,0,0,0,0,0,0,0,0,0,0,0,0,0,0,0,4,-1,17,-1,18,0,18,1,19,1,19,2,19,3,19,3,20,3,20,4,20,4,20,4,21,5,21,5,21,5,21,5,22,6,22,6,22,5,22,5,23,6,23,5,23,5,23,5,23,5,23,5,23,5]"
CSI_DATA,41388,d8:b1:90:db:e8:90,-40,11,1,7,0,0,1,0,0,0,1,-94,0,4,0,648195633,0,100,0,128,1,"[100,-64,5,0,-11,-22,-12,-21,-12,-21,-12,-21,-12,-21,-13,-20,-13,-20,-13,-19,-13,-18,-13,-18,-14,-18,-14,-17,-14,-17,-14,-17,-14,-17,-14,-18,-13,-18,-13,-17,-12,-17,-11,-16,-11,-16,-11,-16,-10,-16,-9,-16,-8,-17,-2,-5,0,0,0,0,0,0,0,0,0,0,0,0,0,0,0,0,0,0,-3,-4,-10,-15,-10,-15,-9,-16,-9,-17,-9,-17,-9,-18,-9,-19,-9,-19,-9,-20,-9,-21,-9,-21,-8,-20,-8,-21,-8,-21,-8,-22,-9,-22,-9,-22,-9,-22,-10,-22,-10,-22,-10,-22,-10,-22,-10,-22,-11,-22,-11,-22,-11,-22]"
CSI_DATA,41389,d8:b1:90:db:e8:90,-40,11,1,7,0,0,1,0,0,0,1,-94,0,4,0,648208304,0,100,0,128,1,"[100,-64,5,0,12,16,12,16,12,15,13,15,13,15,13,15,13,14,13,14,14,13,14,13,14,13,13,13,13,13,14,13,13,13,13,13,12,13,12,12,11,12,10,12,10,12,9,12,9,12,8,12,8,12,2,3,0,0,0,0,0,0,0,0,0,0,0,0,0,0,0,0,0,0,2,2,11,10,10,10,10,11,10,12,10,13,10,13,10,14,10,15,10,15,10,16,10,16,9,17,9,17,9,17,9,17,9,17,9,17,10,17,10,17,10,17,10,17,11,17,11,17,11,17,11,17,11,17]"
CSI_DATA,41390,d8:b1:90:db:e8:90,-40,11,1,7,0,0,1,0,0,0,1,-94,0,4,0,648244404,0,100,0,128,1,"[100,-64,5,0,-26,6,-25,6,-25,6,-24,7,-23,7,-23,7,-23,8,-23,9,-23,9,-22,10,-23,9,-23,9,-23,9,-23,9,-23,8,-22,8,-21,8,-21,8,-21,7,-20,6,-20,6,-19,5,-19,4,-19,4,-19,4,-5,0,0,0,0,0,0,0,0,0,0,0,0,0,0,0,0,0,0,0,-5,2,-17,7,-18,7,-19,7,-19,6,-20,6,-21,5,-22,5,-22,4,-23,4,-24,3,-24,3,-25,3,-25,2,-25,2,-25,3,-26,3,-25,3,-25,3,-25,3,-25,4,-26,4,-26,5,-26,5,-26,5,-26,6,-26,6]"
CSI_DATA,41391,d8:b1:90:db:e8:90,-40,11,1,7,0,0,1,0,0,0,1,-94,0,4,0,648257356,0,100,0,128,1,"[100,-64,5,0,-1,20,-1,20,0,20,0,19,0,19,1,19,1,18,2,18,2,18,2,18,2,18,2,18,3,18,3,18,2,18,2,18,1,17,1,17,1,16,1,16,1,15,0,15,0,15,-1,14,-1,14,-1,3,0,0,0,0,0,0,0,0,0,0,0,0,0,0,0,0,0,0,0,3,1,14,0,15,-1,15,-1,15,-2,16,-2,16,-3,17,-3,17,-3,18,-4,18,-5,18,-5,18,-5,18,-5,19,-4,18,-4,18,-4,18,-4,18,-4,18,-3,18,-3,19,-2,19,-2,20,-2,20,-2,20,-2,20]"
CSI_DATA,41392,d8:b1:90:db:e8:90,-40,11,1,7,0,0,1,0,0,0,1,-94,0,4,0,648273596,0,100,0,128,1,"[100,-64,5,0,18,13,18,12,18,12,19,12,18,12,18,11,19,10,19,9,19,8,19,8,19,8,20,8,20,8,19,8,19,8,19,8,18,8,17,8,17,8,16,7,16,7,15,7,15,7,15,8,14,9,3,2,0,0,0,0,0,0,0,0,0,0,0,0,0,0,0,0,0,0,3,1,15,7,15,8,14,8,14,9,14,10,15,11,15,12,15,13,16,13,16,13,16,14,15,14,15,15,16,15,15,15,15,15,16,15,16,15,16,15,16,15,17,15,17,14,18,14,18,13,18,13,18,14]"
CSI_DATA,41393,d8:b1:90:db:e8:90,-40,11,1,7,0,0,1,0,0,0,1,-94,0,4,0,648287655,0,100,0,128,1,"[100,-64,5,0,-18,-16,-18,-15,-19,-15,-18,-14,-18,-14,-18,-13,-19,-13,-19,-12,-19,-12,-20,-12,-20,-11,-20,-11,-20,-10,-20,-10,-19,-10,-19,-10,-18,-10,-18,-10,-17,-10,-17,-10,-16,-10,-16,-10,-15,-10,-15,-11,-15,-12,-4,-3,0,0,0,0,0,0,0,0,0,0,0,0,0,0,0,0,0,0,-4,-3,-16,-10,-15,-10,-14,-11,-14,-11,-15,-12,-15,-13,-16,-14,-16,-14,-16,-15,-16,-16,-15,-16,-15,-17,-15,-17,-15,-18,-15,-18,-15,-17,-16,-17,-16,-17,-15,-17,-16,-17,-16,-17,-17,-17,-17,-16,-17,-16,-18,-16,-18,-16]"
CSI_DATA,41394,d8:b1:90:db:e8:90,-40,11,1,7,0,0,1,0,0,0,1,-94,0,4,0,648300368,0,100,0,128,1,"[100,-64,5,0,-19,10,-19,10,-18,10,-19,10,-19,9,-18,9,-18,9,-18,10,-17,10,-17,10,-16,11,-16,11,-16,11,-15,11,-16,11,-16,10,-16,10,-16,9,-16,9,-15,8,-15,8,-15,7,-15,7,-14,7,-14,6,-4,1,0,0,0,0,0,0,0,0,0,0,0,0,0,0,0,0,0,0,-4,2,-14,7,-14,7,-15,7,-16,7,-16,7,-17,7,-18,7,-18,7,-18,6,-19,6,-19,6,-20,6,-20,6,-20,6,-20,6,-19,6,-19,6,-19,6,-20,7,-20,7,-20,7,-20,7,-20,8,-20,8,-20,9,-20,9]"
CSI_DATA,41395,d8:b1:90:db:e8:90,-40,11,1,7,0,0,1,0,0,0,1,-94,0,4,0,648316399,0,100,0,128,1,"[100,-64,5,0,-25,-10,-24,-9,-24,-9,-25,-9,-25,-9,-25,-8,-24,-7,-25,-7,-25,-6,-24,-6,-24,-5,-24,-5,-24,-5,-24,-5,-24,-5,-24,-5,-24,-6,-23,-6,-22,-6,-21,-6,-21,-6,-21,-6,-20,-6,-19,-7,-18,-8,-5,-2,0,0,0,0,0,0,0,0,0,0,0,0,0,0,0,0,0,0,-5,-1,-19,-4,-19,-5,-19,-6,-19,-7,-20,-8,-21,-8,-22,-9,-22,-10,-22,-11,-23,-11,-22,-12,-22,-13,-22,-13,-22,-13,-22,-13,-22,-13,-22,-12,-22,-12,-23,-12,-24,-12,-24,-12,-24,-11,-24,-11,-24,-11,-24,-11,-24,-10]"
CSI_DATA,41396,d8:b1:90:db:e8:90,-40,11,1,7,0,0,1,0,0,0,1,-94,0,4,0,648347348,0,100,0,128,1,"[100,-64,5,0,25,-3,25,-4,25,-4,24,-4,23,-5,23,-5,22,-5,22,-5,22,-5,22,-5,22,-5,22,-6,22,-7,22,-7,22,-6,22,-6,21,-6,21,-6,20,-5,20,-4,19,-4,19,-3,18,-3,18,-2,18,-1,4,-1,0,0,0,0,0,0,0,0,0,0,0,0,0,0,0,0,0,0,4,-2,17,-5,18,-4,18,-3,19,-3,20,-3,20,-2,21,-1,22,-1,23,0,23,0,23,1,23,1,24,1,23,1,23,1,23,1,24,1,24,0,24,0,24,-1,24,-1,24,-2,25,-2,25,-2,24,-2,24,-2]"
CSI_DATA,41397,d8:b1:90:db:e8:90,-41,11,1,7,0,0,1,0,0,0,1,-94,0,4,0,648365227,0,100,0,128,1,"[100,-64,5,0,9,-23,9,-23,8,-23,7,-23,7,-23,6,-23,5,-23,5,-22,5,-22,5,-22,4,-22,4,-22,4,-22,4,-22,4,-22,4,-22,4,-22,4,-22,4,-21,5,-20,5,-19,5,-19,6,-18,6,-18,7,-18,1,-5,0,0,0,0,0,0,0,0,0,0,0,0,0,0,0,0,0,0,1,-5,4,-17,5,-17,6,-18,7,-18,7,-18,8,-19,9,-19,9,-20,10,-20,11,-20,11,-20,11,-20,12,-20,12,-20,12,-21,12,-21,12,-21,12,-21,11,-21,11,-21,11,-22,10,-22,10,-22,10,-22,10,-23,10,-23]"
CSI_DATA,41398,d8:b1:90:db:e8:90,-41,11,1,7,0,0,1,0,0,0,1,-94,0,4,0,648381487,0,100,0,128,1,"[100,-64,5,0,8,-23,8,-23,7,-23,7,-23,6,-23,6,-23,5,-23,5,-23,5,-23,4,-23,4,-23,4,-22,4,-22,4,-22,4,-22,4,-22,4,-23,4,-22,4,-21,4,-20,4,-19,4,-18,5,-18,6,-18,6,-18,1,-5,0,0,0,0,0,0,0,0,0,0,0,0,0,0,0,0,0,0,0,-5,2,-18,3,-18,5,-19,6,-19,6,-19,7,-20,8,-20,8,-20,9,-20,10,-21,10,-21,11,-21,11,-21,11,-21,11,-21,10,-22,10,-22,10,-22,10,-21,10,-21,10,-22,9,-22,9,-23,9,-24,9,-24,9,-24]"
CSI_DATA,41399,d8:b1:90:db:e8:90,-40,11,1,7,0,0,1,0,0,0,1,-94,0,4,0,648395547,0,100,0,128,1,"[100,-64,5,0,-1,24,-1,24,0,24,1,23,1,23,2,22,2,22,2,22,2,22,2,22,2,21,3,21,3,21,3,21,3,21,3,22,3,22,3,21,2,20,1,20,1,19,1,19,0,18,-1,17,-1,17,-1,4,0,0,0,0,0,0,0,0,0,0,0,0,0,0,0,0,0,0,0,4,1,17,0,17,-1,17,-2,18,-2,18,-3,19,-3,20,-4,20,-4,21,-5,21,-5,21,-6,22,-6,22,-5,22,-5,21,-5,21,-5,21,-4,22,-3,22,-3,23,-3,23,-3,23,-3,23,-3,24,-3,24,-2,24]"
CSI_DATA,41400,d8:b1:90:db:e8:90,-40,11,1,7,0,0,1,0,0,0,1,-94,0,4,0,648409003,0,100,0,128,1,"[100,-64,5,0,20,-5,20,-6,20,-6,19,-6,19,-6,19,-7,19,-7,18,-7,18,-7,18,-8,18,-8,18,-8,18,-8,18,-8,17,-8,18,-8,17,-7,17,-7,17,-6,17,-6,17,-5,16,-4,15,-4,15,-4,14,-3,3,-1,0,0,0,0,0,0,0,0,0,0,0,0,0,0,0,0,0,0,3,-2,14,-7,14,-6,15,-5,15,-5,15,-4,16,-4,17,-4,18,-3,19,-3,19,-3,19,-3,20,-2,20,-2,19,-2,19,-2,19,-2,19,-2,19,-3,19,-3,19,-4,19,-4,20,-4,21,-4,21,-4,21,-4,20,-5]"
CSI_DATA,41401,d8:b1:90:db:e8:90,-40,11,1,7,0,0,1,0,0,0,1,-94,0,4,0,648419700,0,100,0,128,1,"[100,-64,5,0,3,-20,3,-20,2,-20,1,-21,1,-20,0,-20,0,-20,0,-20,-1,-19,-1,-19,-1,-19,-1,-19,-1,-19,-1,-19,-1,-19,-1,-19,-1,-18,-1,-18,-1,-18,-1,-17,-1,-17,-1,-16,0,-16,1,-16,2,-16,0,-4,0,0,0,0,0,0,0,0,0,0,0,0,0,0,0,0,0,0,0,-4,0,-16,1,-16,2,-16,2,-16,2,-17,3,-17,3,-18,4,-18,4,-19,5,-19,6,-19,6,-19,7,-19,7,-19,7,-19,7,-19,7,-19,6,-19,6,-20,5,-20,5,-20,5,-20,4,-21,4,-21,4,-21,4,-21]"
CSI_DATA,41402,d8:b1:90:db:e8:90,-40,11,1,7,0,0,1,0,0,0,1,-94,0,4,0,648449081,0,100,0,128,1,"[100,-64,5,0,7,-19,7,-19,7,-19,6,-19,6,-19,5,-19,5,-19,6,-20,6,-20,5,-20,5,-19,4,-19,4,-19,4,-19,4,-19,5,-18,5,-17,5,-17,5,-17,5,-17,5,-16,5,-16,5,-15,6,-15,7,-15,1,-4,0,0,0,0,0,0,0,0,0,0,0,0,0,0,0,0,0,0,0,-4,3,-14,4,-15,6,-15,7,-16,7,-16,8,-16,8,-16,9,-16,9,-17,10,-17,10,-17,11,-17,11,-17,11,-17,11,-17,11,-17,11,-17,11,-18,10,-18,9,-18,9,-18,9,-19,9,-19,8,-20,8,-20,8,-20]"
CSI_DATA,41403,d8:b1:90:db:e8:90,-40,11,1,7,0,0,1,0,0,0,1,-94,0,4,0,648461301,0,100,0,128,1,"[100,-64,5,0,-13,-20,-13,-20,-13,-19,-13,-18,-13,-17,-13,-17,-13,-16,-15,-16,-15,-15,-16,-15,-16,-15,-16,-15,-16,-15,-16,-15,-15,-15,-15,-13,-14,-13,-13,-13,-13,-12,-14,-12,-14,-12,-13,-11,-13,-12,-12,-13,-11,-14,-3,-4,0,0,0,0,0,0,0,0,0,0,0,0,0,0,0,0,0,0,-3,-3,-11,-12,-11,-13,-11,-13,-11,-13,-11,-14,-11,-16,-11,-17,-11,-18,-11,-19,-11,-19,-10,-19,-10,-19,-10,-19,-10,-20,-10,-20,-10,-20,-11,-20,-11,-20,-10,-21,-10,-21,-10,-21,-10,-21,-11,-20,-11,-19,-12,-20,-12,-21]"
CSI_DATA,41404,d8:b1:90:db:e8:90,-40,11,1,7,0,0,1,0,0,0,1,-94,0,4,0,648472079,0,100,0,128,1,"[100,-64,5,0,16,17,16,17,16,16,16,15,16,14,16,13,17,13,17,12,18,11,18,11,18,11,19,11,19,11,18,11,18,10,17,9,16,9,16,9,16,9,16,8,16,8,15,8,14,9,13,10,13,11,3,2,0,0,0,0,0,0,0,0,0,0,0,0,0,0,0,0,0,0,3,2,13,9,13,9,13,10,13,10,13,11,14,12,14,14,15,15,15,16,15,16,14,16,14,16,13,17,13,17,14,17,14,17,14,17,14,17,14,18,14,18,14,18,14,18,14,17,15,17,15,17,16,17]"
CSI_DATA,41405,d8:b1:90:db:e8:90,-40,11,1,7,0,0,1,0,0,0,1,-94,0,4,0,648488104,0,100,0,128,1,"[100,-64,5,0,-8,22,-7,21,-7,21,-6,21,-6,21,-5,21,-5,21,-5,21,-5,21,-4,21,-4,21,-3,21,-3,21,-4,21,-4,21,-4,20,-4,20,-4,19,-5,19,-5,18,-4,18,-4,17,-5,17,-6,17,-6,17,-2,4,0,0,0,0,0,0,0,0,0,0,0,0,0,0,0,0,0,0,-1,4,-3,16,-4,16,-5,17,-5,17,-6,18,-7,18,-7,18,-8,18,-8,18,-9,19,-9,20,-10,20,-10,20,-10,20,-10,20,-10,20,-10,20,-10,20,-10,21,-9,21,-9,22,-8,22,-8,22,-8,22,-8,22,-7,22]"
CSI_DATA,41406,d8:b1:90:db:e8:90,-40,11,1,7,0,0,1,0,0,0,1,-94,0,4,0,648503954,0,100,0,128,1,"[100,-64,5,0,22,1,22,0,22,0,22,0,21,-1,21,-1,21,-2,21,-2,20,-2,20,-2,20,-3,20,-3,19,-3,19,-3,19,-3,20,-2,20,-2,19,-2,19,-2,18,-2,17,-1,17,-1,16,0,16,0,16,0,4,0,0,0,0,0,0,0,0,0,0,0,0,0,0,0,0,0,0,0,4,-1,16,-2,16,-1,16,0,17,0,18,1,18,1,19,2,19,2,20,2,20,3,20,3,21,3,20,4,20,4,20,4,21,4,21,3,21,3,21,2,21,2,21,2,21,2,22,1,22,1,22,2,22,2]"
CSI_DATA,41407,d8:b1:90:db:e8:90,-41,11,1,7,0,0,1,0,1,0,1,-94,0,4,0,648514240,0,100,0,128,1,"[100,-64,5,0,-6,-10,-4,-14,-1,-17,2,-19,5,-21,7,-23,8,-24,9,-24,9,-24,8,-23,7,-22,6,-20,4,-18,2,-16,-1,-14,-4,-12,-6,-11,-9,-10,-11,-10,-13,-10,-15,-10,-16,-10,-16,-11,-15,-12,-14,-13,-4,-4,0,0,0,0,0,0,0,0,0,0,0,0,0,0,0,0,0,0,-4,-2,-15,-5,-16,-7,-16,-9,-16,-10,-17,-11,-16,-11,-16,-10,-16,-9,-15,-7,-15,-4,-15,-1,-16,2,-16,5,-17,8,-18,11,-19,13,-20,15,-20,16,-20,17,-21,17,-21,16,-20,14,-19,12,-18,9,-16,6,-15,3]"
CSI_DATA,41408,d8:b1:90:db:e8:90,-40,11,1,7,0,0,1,0,1,0,1,-94,0,4,0,648526721,0,100,0,128,1,"[100,-64,5,0,-5,-10,-2,-14,1,-17,4,-20,6,-22,9,-23,10,-24,11,-24,12,-24,12,-23,11,-22,10,-21,7,-19,4,-18,2,-17,-1,-16,-4,-15,-7,-14,-9,-14,-11,-15,-12,-15,-12,-16,-12,-17,-10,-17,-9,-17,-2,-5,0,0,0,0,0,0,0,0,0,0,0,0,0,0,0,0,0,0,-4,0,-16,1,-18,-1,-19,-3,-20,-4,-20,-4,-21,-5,-20,-4,-20,-3,-19,-2,-19,0,-18,3,-18,6,-18,9,-18,12,-18,15,-19,17,-19,19,-20,20,-20,20,-20,20,-20,19,-19,17,-19,14,-18,11,-16,7,-15,4]"
CSI_DATA,41409,d8:b1:90:db:e8:90,-41,11,1,7,0,0,1,0,1,0,1,-94,0,4,0,648552647,0,100,0,128,1,"[100,-64,5,0,3,9,0,12,-3,14,-6,16,-8,18,-10,19,-11,19,-12,19,-13,19,-12,18,-12,17,-10,16,-8,15,-5,13,-3,12,0,11,3,11,6,10,8,10,10,10,12,10,12,11,12,12,11,13,10,13,2,3,0,0,0,0,0,0,0,0,0,0,0,0,0,0,0,0,0,0,3,1,12,6,12,7,13,9,13,10,13,11,13,11,13,10,13,9,13,7,13,5,13,2,14,0,15,-3,16,-6,17,-9,18,-11,19,-12,20,-13,20,-14,20,-14,20,-13,19,-12,18,-9,17,-7,15,-4,13,-1]"
CSI_DATA,41410,d8:b1:90:db:e8:90,-41,11,1,7,0,0,1,0,1,0,1,-94,0,4,0,648564409,0,100,0,128,1,"[100,-64,5,0,-11,0,-13,-5,-15,-9,-15,-12,-16,-15,-16,-18,-16,-19,-16,-20,-16,-21,-16,-20,-15,-19,-14,-17,-14,-14,-13,-11,-13,-8,-13,-5,-14,-2,-14,1,-15,3,-16,4,-17,5,-18,5,-18,5,-19,4,-19,3,-5,0,0,0,0,0,0,0,0,0,0,0,0,0,0,0,0,0,0,0,-2,3,-9,12,-11,12,-13,13,-14,13,-15,13,-15,12,-15,12,-13,13,-12,13,-10,14,-7,15,-4,16,-2,18,1,19,4,21,5,23,7,24,7,25,8,25,7,25,6,25,5,24,4,22,1,20,-1,16,-4,13]"
CSI_DATA,41411,d8:b1:90:db:e8:90,-40,11,1,7,0,0,1,0,1,0,1,-94,0,4,0,648578639,0,100,0,128,1,"[100,-64,5,0,-3,12,-8,13,-13,14,-17,14,-21,14,-24,13,-26,13,-26,13,-27,12,-26,11,-24,11,-22,11,-19,11,-16,11,-12,12,-9,13,-6,14,-3,15,-1,17,1,18,2,19,2,20,1,21,0,21,-2,20,-1,5,0,0,0,0,0,0,0,0,0,0,0,0,0,0,0,0,0,0,3,2,13,11,13,13,12,16,12,18,11,19,11,19,11,18,11,17,12,15,13,12,15,9,17,6,20,4,22,2,25,0,27,-2,28,-3,30,-4,31,-4,31,-4,30,-3,28,-2,25,0,22,2,18,4,15,6]"
CSI_DATA,41412,d8:b1:90:db:e8:90,-40,11,1,7,0,0,1,0,1,0,1,-94,0,4,0,648588795,0,100,0,128,1,"[100,-64,5,0,3,-13,8,-13,13,-14,18,-14,21,-13,24,-13,26,-13,27,-12,27,-11,26,-11,24,-11,22,-11,19,-11,15,-12,12,-12,8,-13,6,-15,3,-16,1,-18,-1,-20,-2,-21,-2,-22,-1,-22,1,-22,2,-22,0,-6,0,0,0,0,0,0,0,0,0,0,0,0,0,0,0,0,0,0,-4,-4,-13,-14,-13,-16,-12,-18,-11,-20,-11,-20,-11,-21,-11,-20,-11,-19,-12,-17,-14,-15,-15,-12,-18,-10,-21,-7,-23,-5,-26,-3,-28,-1,-30,0,-32,1,-32,1,-32,0,-31,-1,-29,-2,-26,-3,-23,-5,-19,-7,-15,-9]"
CSI_DATA,41413,d8:b1:90:db:e8:90,-41,11,1,7,0,0,1,0,1,0,1,-94,0,4,0,648601683,0,100,0,128,1,"[100,-64,5,0,11,-5,14,0,18,4,20,8,22,11,23,13,23,14,24,16,23,16,22,15,21,14,20,12,18,9,17,6,15,3,14,-1,13,-4,13,-8,13,-11,14,-13,14,-14,15,-14,16,-14,17,-13,18,-12,4,-3,0,0,0,0,0,0,0,0,0,0,0,0,0,0,0,0,0,0,1,-4,6,-16,8,-17,10,-18,12,-18,13,-18,13,-18,12,-17,11,-17,9,-17,6,-18,3,-18,-1,-19,-5,-20,-8,-21,-11,-22,-13,-24,-15,-25,-16,-26,-17,-27,-17,-27,-16,-26,-14,-26,-12,-24,-9,-22,-5,-19,-1,-17]"
CSI_DATA,41414,d8:b1:90:db:e8:90,-41,11,1,7,0,0,1,0,1,0,1,-94,0,4,0,648616718,0,100,0,128,1,"[100,-64,5,0,6,7,4,11,2,14,1,17,-1,20,-2,21,-3,22,-4,22,-5,22,-5,21,-4,20,-3,18,-2,16,0,14,2,12,5,10,7,8,9,7,12,6,13,5,15,5,15,6,16,7,15,7,14,8,3,2,0,0,0,0,0,0,0,0,0,0,0,0,0,0,0,0,0,0,3,-1,13,0,14,1,15,2,16,4,16,4,16,5,16,4,15,3,14,2,14,-1,13,-3,13,-6,12,-9,12,-12,12,-15,12,-17,13,-19,13,-20,13,-21,13,-21,14,-20,13,-19,13,-16,13,-13,12,-9,12,-6]"
CSI_DATA,41415,d8:b1:90:db:e8:90,-40,11,1,7,0,0,1,0,1,0,1,-94,0,4,0,648628379,0,100,0,128,1,"[100,-64,5,0,-9,-9,-7,-14,-5,-17,-2,-21,0,-23,2,-25,3,-27,3,-27,4,-27,3,-26,3,-24,2,-23,0,-20,-2,-18,-4,-15,-7,-13,-9,-10,-12,-8,-14,-7,-16,-7,-18,-7,-19,-8,-19,-8,-18,-9,-17,-10,-5,-3,0,0,0,0,0,0,0,0,0,0,0,0,0,0,0,0,0,0,-4,0,-17,-1,-18,-2,-19,-4,-20,-5,-20,-6,-20,-6,-20,-6,-19,-4,-18,-3,-17,0,-16,3,-16,6,-16,9,-16,13,-16,16,-16,19,-16,21,-16,22,-17,23,-17,23,-17,22,-17,20,-16,18,-16,14,-15,10,-14,6]"
CSI_DATA,41416,d8:b1:90:db:e8:90,-41,11,1,7,0,0,1,0,1,0,1,-94,0,4,0,648654559,0,100,0,128,1,"[100,-64,5,0,5,8,3,12,1,15,-2,17,-3,19,-5,21,-6,22,-7,22,-7,22,-7,21,-7,20,-5,18,-3,16,-1,14,1,12,4,10,6,9,9,8,11,7,13,7,14,7,15,7,15,8,14,9,13,10,3,2,0,0,0,0,0,0,0,0,0,0,0,0,0,0,0,0,0,0,3,0,13,3,13,4,14,6,15,7,15,8,15,8,15,8,15,6,14,5,14,3,13,0,13,-3,14,-6,14,-9,14,-12,15,-14,16,-16,16,-17,17,-18,17,-18,17,-17,16,-16,16,-14,15,-11,14,-7,13,-5]"
CSI_DATA,41417,d8:b1:90:db:e8:90,-41,11,1,7,0,0,1,0,1,0,1,-94,0,4,0,648667499,0,100,0,128,1,"[100,-64,5,0,1,-8,6,-9,10,-9,13,-10,16,-9,18,-9,20,-9,20,-8,20,-8,20,-8,18,-8,17,-7,14,-8,12,-8,9,-9,6,-10,4,-11,2,-12,1,-14,0,-15,-1,-16,-1,-17,0,-18,1,-18,3,-17,0,-5,0,0,0,0,0,0,0,0,0,0,0,0,0,0,0,0,0,0,-3,-2,-12,-8,-12,-10,-12,-12,-11,-13,-11,-14,-11,-14,-11,-13,-11,-12,-11,-11,-12,-9,-13,-6,-14,-4,-15,-2,-17,0,-19,2,-21,4,-22,5,-23,6,-23,6,-23,5,-23,5,-22,3,-20,2,-17,0,-14,-2,-12,-3]"
CSI_DATA,41418,d8:b1:90:db:e8:90,-41,11,1,7,0,0,1,0,1,0,1,-94,0,4,0,648677874,0,100,0,128,1,"[100,-64,5,0,8,1,9,5,10,9,11,12,11,15,11,17,11,19,11,20,10,20,10,19,9,18,9,16,9,13,9,10,10,7,10,4,11,2,12,-1,13,-3,14,-4,15,-5,16,-5,17,-4,17,-3,17,-2,4,-1,0,0,0,0,0,0,0,0,0,0,0,0,0,0,0,0,0,0,2,-3,9,-10,10,-11,12,-11,13,-11,14,-10,14,-10,14,-10,13,-10,11,-10,8,-11,6,-12,4,-14,1,-15,-1,-17,-3,-19,-5,-21,-6,-23,-7,-24,-7,-24,-6,-24,-6,-24,-5,-23,-3,-21,-1,-19,1,-15,2,-13]"
CSI_DATA,41419,d8:b1:90:db:e8:90,-41,11,1,7,0,0,1,0,1,0,1,-94,0,4,0,648689380,0,100,0,128,1,"[100,-64,5,0,2,9,-1,12,-4,14,-7,16,-9,17,-11,18,-13,18,-14,18,-14,18,-13,17,-12,17,-11,16,-9,14,-6,13,-3,12,0,11,3,11,5,10,8,10,9,11,11,11,11,12,11,13,10,13,9,14,2,3,0,0,0,0,0,0,0,0,0,0,0,0,0,0,0,0,0,0,3,1,12,6,12,8,12,9,12,11,12,11,12,11,12,11,12,10,12,8,12,6,13,3,14,0,15,-2,16,-5,17,-8,18,-10,19,-11,20,-12,21,-13,21,-12,21,-12,20,-10,19,-9,17,-6,15,-3,13,-1]"
CSI_DATA,41420,d8:b1:90:db:e8:90,-41,11,1,7,0,0,1,0,1,0,1,-94,0,4,0,648703511,0,100,0,128,1,"[100,-64,5,0,6,11,3,15,0,18,-3,21,-5,24,-7,25,-8,26,-9,26,-10,26,-9,24,-9,23,-7,21,-5,19,-3,17,0,15,3,13,7,12,10,11,12,10,14,10,16,10,17,11,16,12,15,13,14,13,3,3,0,0,0,0,0,0,0,0,0,0,0,0,0,0,0,0,0,0,3,0,16,3,17,4,18,6,18,8,18,8,18,9,18,8,18,7,17,5,17,2,16,-1,17,-4,17,-8,18,-11,19,-14,19,-16,20,-18,20,-20,21,-21,21,-21,21,-19,21,-18,20,-15,19,-11,17,-7,16,-4]"
CSI_DATA,41421,d8:b1:90:db:e8:90,-41,11,1,7,0,0,1,0,1,0,1,-94,0,4,0,648715057,0,100,0,128,1,"[100,-64,5,0,-9,-9,-7,-13,-5,-17,-3,-20,-1,-22,1,-24,2,-25,2,-26,3,-25,3,-25,3,-23,1,-21,0,-19,-2,-17,-4,-14,-7,-12,-9,-10,-12,-8,-14,-7,-16,-7,-17,-7,-18,-7,-18,-8,-17,-9,-16,-10,-4,-3,0,0,0,0,0,0,0,0,0,0,0,0,0,0,0,0,0,0,-4,-1,-16,-2,-17,-3,-18,-5,-19,-6,-19,-7,-18,-7,-18,-6,-18,-5,-17,-3,-17,-2,-16,1,-16,4,-16,7,-16,11,-16,14,-17,16,-17,18,-17,19,-18,20,-18,20,-18,19,-18,18,-18,15,-17,12,-16,8,-15,5]"
CSI_DATA,41422,d8:b1:90:db:e8:90,-40,11,1,7,0,0,1,0,1,0,1,-94,0,4,0,648727966,0,100,0,128,1,"[100,-64,5,0,9,-5,12,-2,14,2,16,5,17,7,18,9,19,10,19,11,19,11,18,11,17,10,16,9,15,7,14,4,13,2,12,-1,12,-3,12,-6,12,-8,12,-9,13,-10,13,-10,14,-10,14,-9,15,-8,3,-2,0,0,0,0,0,0,0,0,0,0,0,0,0,0,0,0,0,0,0,-4,1,-14,3,-15,4,-16,6,-16,6,-16,7,-16,6,-16,6,-16,4,-15,2,-15,-1,-15,-3,-15,-6,-16,-8,-17,-11,-17,-13,-18,-14,-19,-15,-19,-15,-19,-15,-19,-14,-19,-13,-19,-11,-18,-8,-17,-5,-15,-2,-14]"
CSI_DATA,41423,d8:b1:90:db:e8:90,-41,11,1,7,0,0,1,0,1,0,1,-94,0,4,0,648740312,0,100,0,128,1,"[100,-64,5,0,9,-10,13,-8,18,-6,22,-4,24,-2,26,-1,27,0,28,2,28,2,27,1,25,1,23,0,20,-2,17,-3,14,-5,11,-8,9,-11,8,-14,6,-16,5,-18,5,-19,5,-20,6,-20,8,-20,9,-19,2,-5,0,0,0,0,0,0,0,0,0,0,0,0,0,0,0,0,0,0,-1,-5,0,-17,2,-19,3,-20,5,-21,6,-21,6,-21,5,-21,4,-20,2,-19,-1,-18,-4,-18,-7,-17,-11,-16,-15,-16,-18,-17,-21,-17,-23,-18,-24,-18,-25,-18,-25,-18,-24,-18,-22,-18,-19,-18,-16,-17,-11,-16,-8,-16]"
CSI_DATA,41424,d8:b1:90:db:e8:90,-41,11,1,7,0,0,1,0,1,0,1,-94,0,4,0,648757560,0,100,0,128,1,"[100,-64,5,0,-9,-7,-8,-11,-6,-14,-5,-17,-4,-20,-3,-22,-2,-23,-1,-24,-1,-23,-1,-22,-1,-21,-2,-20,-3,-17,-4,-14,-6,-12,-8,-10,-9,-7,-11,-6,-13,-5,-15,-4,-17,-4,-17,-4,-18,-5,-17,-6,-17,-7,-4,-2,0,0,0,0,0,0,0,0,0,0,0,0,0,0,0,0,0,0,-4,0,-14,1,-15,0,-17,-1,-17,-2,-18,-2,-18,-3,-17,-2,-16,-1,-15,0,-14,2,-13,4,-12,7,-11,10,-11,13,-10,16,-10,19,-10,20,-10,21,-10,22,-10,21,-10,21,-11,19,-11,17,-11,14,-12,10,-11,8]"
CSI_DATA,41425,d8:b1:90:db:e8:90,-40,11,1,7,0,0,1,0,1,0,1,-94,0,4,0,648768578,0,100,0,128,1,"[100,-64,5,0,9,-2,11,2,13,5,14,9,15,11,16,13,16,14,16,15,16,15,15,15,14,14,13,12,13,10,12,7,12,5,12,2,12,-1,12,-4,12,-6,13,-7,14,-8,14,-8,15,-8,15,-7,16,-6,4,-2,0,0,0,0,0,0,0,0,0,0,0,0,0,0,0,0,0,0,1,-3,6,-12,7,-13,9,-13,10,-13,11,-13,11,-13,11,-13,10,-13,8,-13,6,-14,3,-14,1,-15,-2,-16,-4,-18,-6,-19,-8,-20,-9,-21,-10,-22,-11,-22,-11,-22,-10,-22,-8,-21,-7,-20,-4,-18,-1,-15,0,-13]"
CSI_DATA,41426,d8:b1:90:db:e8:90,-40,11,1,7,0,0,1,0,1,0,1,-94,0,4,0,648780443,0,100,0,128,1,"[100,-64,5,0,8,3,8,8,8,12,7,15,7,18,6,20,6,21,5,22,5,22,5,21,4,20,5,18,5,16,6,14,7,11,9,9,10,7,12,5,14,4,15,3,16,3,17,3,17,4,16,5,16,6,3,1,0,0,0,0,0,0,0,0,0,0,0,0,0,0,0,0,0,0,2,-3,9,-10,11,-10,13,-10,14,-10,15,-9,15,-9,15,-9,14,-10,13,-10,11,-11,9,-12,7,-14,5,-17,4,-19,2,-21,1,-23,0,-24,0,-25,0,-25,0,-25,1,-24,2,-23,3,-21,4,-18,5,-14,6,-11]"
CSI_DATA,41427,d8:b1:90:db:e8:90,-40,11,1,7,0,0,1,0,1,0,1,-94,0,4,0,648792476,0,100,0,128,1,"[100,-64,5,0,-15,-2,-17,-8,-18,-13,-19,-18,-20,-22,-20,-25,-19,-27,-19,-29,-19,-29,-18,-28,-17,-26,-17,-23,-16,-19,-16,-15,-16,-11,-16,-7,-17,-2,-18,2,-20,4,-22,6,-23,7,-24,7,-25,7,-25,5,-25,4,-7,0,0,0,0,0,0,0,0,0,0,0,0,0,0,0,0,0,0,0,-4,3,-15,14,-17,14,-20,13,-22,13,-23,12,-23,12,-22,12,-21,13,-18,13,-15,15,-11,17,-8,19,-5,22,-2,25,1,27,3,30,5,32,6,34,6,34,6,35,5,34,3,32,1,30,-2,26,-4,22,-7,18]"
CSI_DATA,41428,d8:b1:90:db:e8:90,-40,11,1,7,0,0,1,0,1,0,1,-94,0,4,0,648807279,0,100,0,128,1,"[100,-64,5,0,8,-8,12,-6,16,-3,19,-1,22,1,23,3,25,4,25,5,25,5,24,5,22,4,21,3,19,2,16,0,14,-3,12,-6,11,-8,10,-11,10,-13,9,-15,9,-16,10,-16,10,-17,12,-16,13,-15,3,-4,0,0,0,0,0,0,0,0,0,0,0,0,0,0,0,0,0,0,-1,-4,-3,-15,-2,-17,-1,-19,0,-20,1,-21,2,-20,2,-20,1,-19,-1,-18,-4,-17,-6,-16,-9,-15,-13,-14,-16,-14,-18,-14,-21,-14,-22,-14,-24,-14,-24,-15,-24,-15,-23,-15,-21,-15,-19,-15,-15,-14,-11,-14,-8,-13]"
CSI_DATA,41429,d8:b1:90:db:e8:90,-41,11,1,7,0,0,1,0,1,0,1,-94,0,4,0,648821761,0,100,0,128,1,"[100,-64,5,0,-3,-11,1,-14,5,-16,8,-17,11,-19,13,-20,14,-20,15,-20,15,-19,15,-19,13,-18,12,-17,9,-16,6,-14,3,-14,0,-13,-3,-12,-6,-12,-8,-12,-10,-13,-11,-14,-12,-14,-12,-15,-11,-16,-9,-16,-3,-5,0,0,0,0,0,0,0,0,0,0,0,0,0,0,0,0,0,0,-4,-3,-13,-9,-13,-11,-13,-13,-13,-14,-13,-15,-13,-15,-13,-14,-13,-13,-13,-11,-13,-8,-14,-6,-16,-3,-17,0,-19,3,-20,5,-22,7,-23,9,-24,10,-25,10,-25,10,-24,9,-23,8,-22,6,-20,3,-17,1,-15,-2]"
CSI_DATA,41430,d8:b1:90:db:e8:90,-41,11,1,7,0,0,1,0,1,0,1,-94,0,4,0,648837111,0,100,0,128,1,"[100,-64,5,0,-13,4,-16,0,-19,-4,-21,-8,-23,-11,-24,-13,-24,-15,-25,-16,-24,-16,-24,-15,-23,-14,-21,-12,-19,-10,-17,-7,-16,-3,-15,0,-14,3,-14,7,-14,9,-14,11,-15,12,-15,13,-16,13,-17,12,-18,11,-5,2,0,0,0,0,0,0,0,0,0,0,0,0,0,0,0,0,0,0,-2,3,-8,14,-10,15,-13,16,-14,16,-15,16,-15,16,-15,15,-13,15,-11,15,-8,16,-5,17,-2,18,2,19,5,20,8,22,10,24,11,25,13,26,13,26,13,26,12,26,10,25,8,23,6,21,2,19,-1,16]"
CSI_DATA,41431,d8:b1:90:db:e8:90,-40,11,1,7,0,0,1,0,1,0,1,-94,0,4,0,648858638,0,100,0,128,1,"[100,-64,5,0,5,13,0,17,-5,20,-9,23,-13,25,-16,26,-17,27,-19,27,-19,26,-19,25,-17,24,-15,23,-12,21,-8,19,-4,18,0,17,4,15,7,15,11,15,13,15,15,16,16,17,15,18,14,19,12,20,2,5,0,0,0,0,0,0,0,0,0,0,0,0,0,0,0,0,0,0,4,1,18,8,19,10,19,12,19,14,19,15,19,15,19,15,19,13,19,10,19,7,19,4,20,-1,22,-5,23,-9,25,-12,26,-15,28,-18,29,-19,29,-19,30,-18,29,-17,28,-16,27,-13,25,-9,22,-5,19,-2]"
CSI_DATA,41432,d8:b1:90:db:e8:90,-41,11,1,7,0,0,1,0,1,0,1,-94,0,4,0,648870990,0,100,0,128,1,"[100,-64,5,0,8,3,8,7,7,11,7,15,6,17,6,20,5,21,5,22,5,21,4,21,4,20,5,18,5,16,6,13,7,11,8,8,10,6,11,4,13,3,14,2,15,1,16,2,16,2,16,3,16,4,3,1,0,0,0,0,0,0,0,0,0,0,0,0,0,0,0,0,0,0,2,-2,11,-8,12,-7,14,-7,15,-6,16,-6,16,-6,16,-5,15,-6,13,-7,12,-9,10,-10,8,-12,6,-15,5,-17,4,-20,3,-21,2,-23,2,-24,3,-25,3,-25,4,-24,4,-23,5,-20,5,-17,6,-14,7,-11]"
CSI_DATA,41433,d8:b1:90:db:e8:90,-41,11,1,7,0,0,1,0,1,0,1,-94,0,4,0,648881722,0,100,0,128,1,"[100,-64,5,0,4,14,-1,17,-5,20,-9,22,-12,24,-15,25,-16,26,-18,25,-18,25,-18,24,-16,23,-14,22,-11,20,-7,18,-3,17,1,15,4,14,8,13,11,13,13,13,15,14,16,14,16,16,15,17,14,17,3,4,0,0,0,0,0,0,0,0,0,0,0,0,0,0,0,0,0,0,4,2,15,11,15,13,15,16,14,18,14,19,14,18,14,17,14,15,15,12,16,10,17,7,18,3,20,-1,23,-4,24,-8,26,-11,28,-12,29,-14,30,-14,31,-14,30,-13,29,-11,27,-9,25,-5,22,-1,20,1]"
CSI_DATA,41434,d8:b1:90:db:e8:90,-40,11,1,7,0,0,1,0,1,0,1,-94,0,4,0,648893829,0,100,0,128,1,"[100,-64,5,0,1,13,-4,16,-9,18,-14,21,-18,22,-20,23,-23,23,-24,23,-24,22,-23,22,-22,21,-20,20,-17,18,-13,17,-9,16,-5,16,-1,17,2,17,5,18,8,19,9,21,10,21,9,22,7,22,5,22,1,5,0,0,0,0,0,0,0,0,0,0,0,0,0,0,0,0,0,0,4,2,17,9,18,11,18,14,18,16,18,17,18,17,18,16,18,15,18,13,18,9,19,5,21,2,23,-2,25,-6,27,-9,29,-11,30,-13,31,-14,32,-14,32,-14,32,-13,31,-11,28,-8,25,-5,22,-1,19,1]"
CSI_DATA,41435,d8:b1:90:db:e8:90,-40,11,1,7,0,0,1,0,1,0,1,-94,0,4,0,648904679,0,100,0,128,1,"[100,-64,5,0,1,10,-3,12,-7,14,-11,16,-14,17,-17,17,-18,17,-19,17,-20,17,-19,16,-18,16,-16,15,-14,14,-11,13,-8,13,-4,13,-1,13,1,14,3,14,5,15,6,16,7,17,6,17,5,18,3,18,0,4,0,0,0,0,0,0,0,0,0,0,0,0,0,0,0,0,0,0,3,1,14,6,14,8,15,10,15,12,14,13,15,13,15,13,14,12,15,10,15,7,15,4,16,1,18,-2,20,-4,21,-7,22,-9,24,-10,25,-12,26,-12,26,-11,25,-10,24,-9,22,-7,20,-4,17,-1,15,1]"
CSI_DATA,41436,d8:b1:90:db:e8:90,-40,11,1,7,0,0,1,0,1,0,1,-94,0,4,0,648916430,0,100,0,128,1,"[100,-64,5,0,-7,7,-11,6,-15,5,-18,3,-20,2,-22,0,-23,-1,-23,-1,-23,-2,-23,-2,-21,-2,-20,-1,-18,1,-15,2,-13,4,-10,6,-9,8,-7,10,-6,12,-5,13,-5,15,-5,15,-6,16,-7,15,-8,15,-2,3,0,0,0,0,0,0,0,0,0,0,0,0,0,0,0,0,0,0,0,3,1,13,0,14,-1,16,-2,17,-2,17,-3,17,-2,16,-2,16,0,15,2,14,4,13,7,12,10,11,13,10,15,10,18,10,20,10,21,10,22,10,22,10,21,11,19,11,17,11,14,11,11,11,8,10]"
CSI_DATA,41437,d8:b1:90:db:e8:90,-41,11,1,7,0,0,1,0,1,0,1,-94,0,4,0,648926540,0,100,0,128,1,"[100,-64,5,0,-10,-1,-11,-5,-12,-9,-12,-13,-13,-16,-13,-18,-12,-20,-12,-20,-12,-20,-12,-20,-11,-19,-11,-17,-10,-14,-10,-12,-11,-9,-11,-5,-12,-2,-13,0,-14,2,-15,3,-16,4,-17,4,-18,3,-18,2,-18,1,-5,0,0,0,0,0,0,0,0,0,0,0,0,0,0,0,0,0,0,0,-3,2,-10,10,-12,9,-14,9,-15,9,-16,9,-16,8,-15,8,-14,8,-13,9,-11,10,-8,11,-6,13,-3,15,-1,17,1,19,2,21,3,22,3,23,4,24,3,24,3,24,2,23,1,21,-1,18,-4,15,-5,12]"
CSI_DATA,41438,d8:b1:90:db:e8:90,-41,11,1,7,0,0,1,0,1,0,1,-94,0,4,0,648940012,0,100,0,128,1,"[100,-64,5,0,-9,8,-13,5,-18,3,-22,2,-25,0,-27,-1,-29,-3,-29,-4,-29,-5,-28,-5,-27,-4,-25,-3,-22,-1,-20,1,-17,3,-14,6,-12,10,-11,12,-10,15,-9,17,-9,18,-9,18,-11,18,-12,18,-14,17,-4,4,0,0,0,0,0,0,0,0,0,0,0,0,0,0,0,0,0,0,1,4,3,16,2,18,0,20,-1,21,-2,22,-2,22,-2,22,-1,21,1,19,4,18,7,17,10,16,13,15,17,14,20,14,22,14,24,14,26,14,27,14,27,14,26,14,24,14,21,14,17,14,12,14,9,13]"
CSI_DATA,41439,d8:b1:90:db:e8:90,-41,11,1,7,0,0,1,0,1,0,1,-94,0,4,0,648961129,0,100,0,128,1,"[100,-64,5,0,3,-10,8,-10,12,-10,16,-10,19,-9,21,-8,23,-7,24,-7,24,-7,23,-7,21,-7,19,-7,17,-7,15,-8,12,-9,9,-10,6,-12,4,-14,3,-15,2,-17,2,-18,2,-19,2,-19,4,-18,5,-18,1,-5,0,0,0,0,0,0,0,0,0,0,0,0,0,0,0,0,0,0,-3,-3,-10,-12,-10,-14,-10,-16,-10,-17,-9,-18,-9,-18,-9,-17,-9,-16,-10,-15,-11,-13,-13,-11,-15,-8,-17,-7,-20,-5,-22,-4,-24,-2,-26,-2,-27,-1,-28,-1,-28,-1,-27,-2,-25,-3,-23,-4,-20,-5,-16,-6,-12,-8]"
CSI_DATA,41440,d8:b1:90:db:e8:90,-40,11,1,7,0,0,1,0,1,0,1,-94,0,4,0,648975285,0,100,0,128,1,"[100,-64,5,0,9,-1,11,3,12,7,13,10,14,13,14,15,14,16,14,17,14,17,14,17,13,16,12,14,12,12,12,9,12,6,12,3,12,1,12,-2,13,-4,14,-5,15,-6,15,-6,16,-5,16,-4,16,-3,4,-1,0,0,0,0,0,0,0,0,0,0,0,0,0,0,0,0,0,0,1,-3,7,-12,8,-12,10,-13,11,-13,12,-13,12,-12,12,-12,11,-13,9,-13,7,-13,5,-14,3,-16,1,-17,-2,-19,-4,-20,-5,-22,-7,-23,-7,-24,-8,-24,-7,-24,-6,-23,-5,-22,-3,-21,-2,-18,1,-16,3,-14]"
CSI_DATA,41441,d8:b1:90:db:e8:90,-41,11,1,7,0,0,1,0,1,0,1,-94,0,4,0,648985358,0,100,0,128,1,"[100,-64,5,0,7,-8,11,-6,15,-4,18,-2,21,0,23,1,24,2,25,3,24,3,23,3,22,2,21,1,18,0,16,-1,14,-4,12,-6,10,-9,9,-11,8,-13,8,-15,8,-16,8,-17,9,-17,10,-16,11,-15,2,-4,0,0,0,0,0,0,0,0,0,0,0,0,0,0,0,0,0,0,-1,-4,-4,-15,-3,-17,-2,-19,0,-20,0,-20,0,-20,0,-19,-1,-19,-2,-18,-4,-17,-7,-15,-10,-14,-13,-14,-16,-13,-19,-13,-21,-13,-23,-13,-24,-13,-24,-13,-24,-13,-23,-14,-21,-14,-19,-13,-16,-13,-12,-13,-8,-12]"
CSI_DATA,41442,d8:b1:90:db:e8:90,-41,11,1,7,0,0,1,0,1,0,1,-94,0,4,0,648996022,0,100,0,128,1,"[100,-64,5,0,-9,3,-12,-1,-14,-4,-16,-7,-18,-9,-18,-11,-19,-13,-19,-14,-19,-14,-18,-14,-17,-13,-16,-11,-15,-9,-14,-7,-13,-4,-12,-1,-12,2,-12,4,-13,6,-13,8,-13,9,-14,9,-15,9,-15,8,-16,7,-4,1,0,0,0,0,0,0,0,0,0,0,0,0,0,0,0,0,0,0,-1,3,-4,12,-5,13,-7,14,-8,14,-9,14,-9,14,-9,14,-8,14,-7,14,-5,14,-2,14,1,14,4,15,6,15,9,16,10,17,12,18,13,19,13,19,13,19,12,19,11,19,9,18,6,16,3,14,1,12]"
CSI_DATA,41443,d8:b1:90:db:e8:90,-41,11,1,7,0,0,1,0,1,0,1,-94,0,4,0,649006278,0,100,0,128,1,"[100,-64,5,0,1,-13,6,-14,10,-15,15,-16,18,-16,20,-16,22,-16,23,-16,23,-15,22,-14,21,-14,18,-14,15,-13,12,-13,9,-13,5,-13,2,-14,-1,-15,-3,-17,-5,-18,-6,-19,-7,-19,-6,-20,-4,-20,-2,-21,-1,-6,0,0,0,0,0,0,0,0,0,0,0,0,0,0,0,0,0,0,-3,-4,-11,-13,-11,-15,-10,-17,-10,-19,-9,-20,-9,-20,-9,-19,-10,-17,-10,-16,-12,-14,-14,-11,-16,-8,-19,-6,-22,-4,-24,-2,-26,-1,-28,0,-29,1,-30,1,-30,1,-29,0,-28,-1,-25,-2,-22,-4,-18,-6,-15,-8]"
CSI_DATA,41444,d8:b1:90:db:e8:90,-41,11,1,7,0,0,1,0,1,0,1,-94,0,4,0,649018563,0,100,0,128,1,"[100,-64,5,0,6,10,3,13,1,16,-2,19,-4,21,-6,22,-7,23,-8,23,-8,23,-7,23,-7,22,-6,20,-4,19,-2,16,0,15,3,13,6,12,8,11,10,10,12,10,13,10,14,10,14,11,13,12,12,13,2,3,0,0,0,0,0,0,0,0,0,0,0,0,0,0,0,0,0,0,3,0,14,1,15,2,16,4,17,6,17,7,17,7,17,6,17,5,16,3,16,1,16,-2,16,-5,16,-8,17,-11,17,-13,18,-15,18,-17,19,-18,20,-18,20,-18,20,-17,19,-15,18,-13,17,-11,15,-7,14,-4]"
CSI_DATA,41445,d8:b1:90:db:e8:90,-41,11,1,7,0,0,1,0,1,0,1,-94,0,4,0,649032013,0,100,0,128,1,"[100,-64,5,0,3,-10,8,-10,11,-9,15,-9,17,-8,19,-7,21,-7,21,-6,21,-6,20,-7,19,-7,17,-7,15,-7,12,-7,9,-8,7,-9,5,-11,3,-12,1,-13,0,-15,-1,-16,-1,-16,-1,-17,1,-17,2,-17,0,-5,0,0,0,0,0,0,0,0,0,0,0,0,0,0,0,0,0,0,-2,-3,-5,-13,-4,-14,-3,-16,-2,-17,-2,-17,-2,-17,-2,-16,-3,-16,-4,-14,-6,-13,-8,-12,-10,-10,-13,-9,-15,-8,-18,-8,-20,-7,-22,-6,-23,-6,-23,-7,-23,-7,-22,-7,-21,-7,-19,-8,-16,-8,-13,-9,-10,-9]"
CSI_DATA,41446,d8:b1:90:db:e8:90,-41,11,1,7,0,0,1,0,1,0,1,-94,0,4,0,649044404,0,100,0,128,1,"[100,-64,5,0,8,9,6,14,5,18,3,21,1,24,-1,26,-2,27,-2,28,-3,27,-3,26,-2,25,-1,22,0,20,2,17,4,14,7,11,9,8,12,6,15,5,17,4,18,4,19,4,19,5,19,6,18,7,4,2,0,0,0,0,0,0,0,0,0,0,0,0,0,0,0,0,0,0,4,0,16,3,17,4,18,6,18,7,19,8,19,8,18,8,18,6,17,4,16,1,16,-2,16,-6,16,-10,16,-13,16,-16,17,-19,17,-22,18,-23,18,-24,18,-24,18,-23,18,-21,18,-19,17,-15,16,-10,15,-7]"
CSI_DATA,41447,d8:b1:90:db:e8:90,-41,11,1,7,0,0,1,0,1,0,1,-94,0,4,0,649066661,0,100,0,128,1,"[100,-64,5,0,-8,-7,-6,-11,-5,-14,-3,-17,-1,-20,0,-22,1,-23,1,-23,2,-23,1,-23,1,-21,0,-20,-1,-17,-2,-15,-4,-13,-6,-11,-8,-10,-10,-8,-12,-7,-14,-7,-15,-7,-16,-7,-16,-8,-15,-9,-14,-9,-4,-3,0,0,0,0,0,0,0,0,0,0,0,0,0,0,0,0,0,0,-4,0,-13,2,-15,1,-16,0,-17,-1,-18,-1,-18,-2,-17,-1,-16,0,-15,1,-15,3,-14,5,-13,8,-12,10,-11,13,-11,15,-11,18,-11,19,-11,21,-11,21,-11,20,-11,20,-12,18,-12,16,-11,13,-11,10,-11,7]"
CSI_DATA,41448,d8:b1:90:db:e8:90,-40,11,1,7,0,0,1,0,1,0,1,-94,0,4,0,649078679,0,100,0,128,1,"[100,-64,5,0,7,-7,11,-4,14,-2,17,0,20,2,21,4,22,5,22,6,22,6,22,6,20,5,19,4,17,3,15,1,13,-2,11,-4,10,-7,9,-10,9,-12,8,-13,8,-15,9,-15,10,-15,11,-14,11,-13,2,-4,0,0,0,0,0,0,0,0,0,0,0,0,0,0,0,0,0,0,-1,-4,-2,-14,-1,-15,0,-17,1,-18,2,-18,3,-18,2,-18,1,-17,0,-16,-2,-15,-5,-14,-8,-14,-11,-13,-13,-13,-16,-13,-18,-13,-20,-13,-21,-13,-22,-14,-22,-14,-21,-14,-19,-14,-17,-14,-14,-13,-10,-12,-7,-12]"
CSI_DATA,41449,d8:b1:90:db:e8:90,-40,11,1,7,0,0,1,0,1,0,1,-94,0,4,0,649099439,0,100,0,128,1,"[100,-64,5,0,-13,-5,-14,-11,-14,-17,-13,-21,-13,-25,-12,-28,-12,-30,-12,-31,-11,-31,-10,-31,-10,-29,-10,-26,-11,-22,-11,-18,-12,-15,-14,-11,-16,-7,-18,-4,-20,-2,-22,-1,-23,0,-24,-1,-25,-2,-25,-3,-24,-4,-6,-2,0,0,0,0,0,0,0,0,0,0,0,0,0,0,0,0,0,0,-4,3,-16,11,-18,11,-21,10,-22,9,-23,9,-23,9,-23,9,-22,10,-19,11,-17,13,-14,15,-12,17,-9,20,-7,23,-5,27,-3,30,-2,32,-1,33,-1,34,-1,34,-2,33,-3,31,-5,28,-7,24,-8,19,-10,15]"
CSI_DATA,41450,d8:b1:90:db:e8:90,-40,11,1,7,0,0,1,0,1,0,1,-94,0,4,0,649109509,0,100,0,128,1,"[100,-64,5,0,-10,5,-14,2,-17,0,-20,-3,-23,-5,-24,-7,-25,-8,-25,-9,-25,-10,-24,-10,-23,-9,-21,-8,-19,-5,-18,-3,-16,0,-14,3,-13,6,-12,9,-11,11,-11,13,-12,14,-12,15,-13,15,-14,14,-15,12,-4,3,0,0,0,0,0,0,0,0,0,0,0,0,0,0,0,0,0,0,-1,3,-1,15,-3,16,-5,18,-6,19,-7,19,-7,19,-6,18,-5,18,-3,18,-1,17,1,16,4,16,8,16,11,16,14,16,16,17,18,17,20,17,20,18,21,18,20,17,18,17,15,17,11,16,7,15,4,13]"
CSI_DATA,41451,d8:b1:90:db:e8:90,-41,11,1,7,0,0,1,0,1,0,1,-94,0,4,0,649122130,0,100,0,128,1,"[100,-64,5,0,-10,-4,-10,-9,-10,-13,-10,-17,-10,-20,-9,-22,-9,-24,-8,-25,-8,-25,-7,-24,-7,-22,-7,-20,-8,-17,-9,-14,-9,-11,-11,-9,-12,-6,-14,-4,-16,-2,-17,0,-18,0,-19,-1,-20,-1,-19,-2,-19,-3,-5,-1,0,0,0,0,0,0,0,0,0,0,0,0,0,0,0,0,0,0,-3,2,-12,9,-14,9,-16,8,-17,8,-18,8,-18,7,-18,7,-17,8,-15,8,-13,10,-11,11,-8,13,-6,16,-4,18,-2,20,-1,23,0,24,1,25,1,26,0,26,0,25,-1,24,-2,21,-4,18,-6,15,-7,12]"
CSI_DATA,41452,d8:b1:90:db:e8:90,-41,11,1,7,0,0,1,0,1,0,1,-94,0,4,0,649136573,0,100,0,128,1,"[100,-64,5,0,7,5,6,9,6,13,5,16,3,18,2,20,1,22,1,22,0,22,0,22,1,20,1,18,2,16,3,14,5,11,7,9,9,7,10,6,12,5,14,4,15,4,16,4,16,5,15,6,15,7,3,2,0,0,0,0,0,0,0,0,0,0,0,0,0,0,0,0,0,0,2,-2,11,-7,13,-6,15,-5,16,-5,16,-4,16,-4,16,-4,15,-4,14,-5,12,-7,11,-9,9,-11,8,-13,7,-16,6,-19,6,-20,5,-22,5,-23,5,-24,5,-23,6,-23,6,-21,7,-19,7,-16,8,-12,8,-9]"
CSI_DATA,41453,d8:b1:90:db:e8:90,-41,11,1,7,0,0,1,0,1,0,1,-94,0,4,0,649167794,0,100,0,128,1,"[100,-64,5,0,-4,-10,0,-13,3,-15,6,-17,8,-19,10,-20,12,-20,13,-20,13,-20,12,-19,11,-18,10,-17,8,-16,5,-14,2,-13,-1,-12,-4,-11,-6,-11,-8,-11,-11,-12,-12,-13,-12,-13,-12,-14,-11,-15,-10,-15,-3,-4,0,0,0,0,0,0,0,0,0,0,0,0,0,0,0,0,0,0,-4,-2,-13,-6,-14,-8,-14,-9,-14,-10,-14,-11,-14,-11,-14,-11,-14,-10,-14,-8,-14,-6,-14,-3,-15,-1,-16,2,-17,5,-18,8,-19,10,-20,11,-20,12,-21,13,-21,13,-21,12,-20,11,-19,9,-17,6,-15,3,-14,1]"
CSI_DATA,41454,d8:b1:90:db:e8:90,-41,11,1,7,0,0,1,0,1,0,1,-94,0,4,0,649180226,0,100,0,128,1,"[100,-64,5,0,-12,10,-17,7,-22,4,-26,2,-29,-1,-31,-3,-32,-4,-33,-5,-33,-6,-31,-5,-29,-5,-27,-3,-23,-2,-20,1,-17,4,-13,7,-11,11,-9,14,-8,16,-7,19,-7,21,-7,22,-8,22,-10,22,-11,21,-3,5,0,0,0,0,0,0,0,0,0,0,0,0,0,0,0,0,0,0,-1,4,-4,19,-7,20,-9,21,-10,21,-11,22,-11,21,-10,21,-9,20,-7,19,-3,19,1,18,5,18,9,18,13,19,17,19,20,20,22,20,24,20,25,20,25,21,24,21,22,21,19,21,15,20,10,19,7,18]"
CSI_DATA,41455,d8:b1:90:db:e8:90,-41,11,1,7,0,0,1,0,1,0,1,-94,0,4,0,649193338,0,100,0,128,1,"[100,-64,5,0,-9,8,-14,5,-17,3,-20,1,-23,0,-24,-2,-25,-3,-26,-4,-26,-5,-25,-5,-23,-4,-21,-3,-19,-1,-17,1,-14,3,-12,5,-10,8,-9,11,-8,13,-7,15,-7,16,-8,17,-8,17,-10,16,-11,16,-3,3,0,0,0,0,0,0,0,0,0,0,0,0,0,0,0,0,0,0,-1,3,-2,14,-3,16,-5,17,-6,18,-7,18,-7,18,-7,17,-6,17,-4,16,-1,16,1,15,4,15,8,15,11,15,14,15,16,15,18,15,20,16,21,16,20,16,20,16,18,16,15,16,12,15,8,14,5,14]"
CSI_DATA,41456,d8:b1:90:db:e8:90,-41,11,1,7,0,0,1,0,1,0,1,-94,0,4,0,649205447,0,100,0,128,1,"[100,-64,5,0,-13,4,-17,0,-19,-4,-22,-7,-24,-10,-25,-13,-25,-14,-25,-15,-25,-16,-24,-15,-23,-14,-21,-12,-19,-9,-18,-6,-16,-3,-15,1,-14,5,-14,8,-14,11,-14,13,-14,14,-15,14,-16,14,-17,13,-18,12,-5,2,0,0,0,0,0,0,0,0,0,0,0,0,0,0,0,0,0,0,-2,3,-8,15,-10,15,-13,16,-14,16,-15,16,-15,16,-15,16,-13,15,-11,15,-8,16,-5,16,-2,17,1,19,5,20,8,22,10,23,12,24,13,25,14,26,14,26,14,25,12,24,9,23,6,21,2,18,-1,16]"
CSI_DATA,41457,d8:b1:90:db:e8:90,-40,11,1,7,0,0,1,0,1,0,1,-94,0,4,0,649218473,0,100,0,128,1,"[100,-64,5,0,-2,-11,3,-13,7,-15,10,-17,13,-18,15,-19,17,-19,18,-19,18,-18,18,-17,17,-17,15,-16,12,-15,9,-14,6,-14,3,-14,-1,-14,-4,-14,-6,-15,-8,-16,-8,-17,-9,-18,-8,-19,-6,-19,-5,-19,-1,-5,0,0,0,0,0,0,0,0,0,0,0,0,0,0,0,0,0,0,-4,-2,-14,-7,-15,-9,-15,-11,-15,-13,-15,-13,-16,-14,-16,-13,-15,-12,-15,-10,-16,-8,-16,-5,-17,-3,-19,0,-20,3,-21,6,-23,8,-24,9,-25,10,-25,11,-25,11,-25,10,-24,9,-22,6,-20,3,-17,1,-15,-1]"
CSI_DATA,41458,d8:b1:90:db:e8:90,-41,11,1,7,0,0,1,0,1,0,1,-94,0,4,0,649229445,0,100,0,128,1,"[100,-64,5,0,0,-10,4,-12,9,-14,13,-15,16,-15,18,-15,20,-15,21,-15,21,-15,20,-15,19,-14,17,-13,14,-12,11,-12,8,-12,5,-13,1,-14,-2,-15,-4,-16,-5,-17,-6,-18,-6,-19,-5,-20,-4,-20,-3,-19,-1,-5,0,0,0,0,0,0,0,0,0,0,0,0,0,0,0,0,0,0,-4,-2,-14,-9,-14,-11,-14,-13,-14,-14,-14,-15,-14,-16,-14,-15,-13,-13,-13,-12,-14,-9,-15,-7,-16,-4,-18,-1,-20,2,-22,4,-23,6,-25,7,-26,8,-26,9,-26,8,-25,7,-24,6,-23,4,-20,2,-17,-1,-15,-3]"
CSI_DATA,41459,d8:b1:90:db:e8:90,-40,11,1,7,0,0,1,0,1,0,1,-94,0,4,0,649239567,0,100,0,128,1,"[100,-64,5,0,9,3,10,8,10,13,10,16,9,19,9,22,8,24,7,24,7,24,7,24,6,22,6,20,7,17,8,14,9,11,10,8,12,5,14,3,15,1,17,0,18,0,19,0,19,1,19,2,19,4,4,1,0,0,0,0,0,0,0,0,0,0,0,0,0,0,0,0,0,0,2,-3,12,-11,14,-10,16,-10,17,-9,18,-9,18,-8,18,-8,17,-9,15,-10,13,-11,10,-13,8,-15,6,-17,4,-20,3,-22,2,-24,1,-26,0,-27,0,-28,0,-28,1,-27,2,-25,3,-23,4,-20,6,-16,7,-13]"
CSI_DATA,41460,d8:b1:90:db:e8:90,-40,11,1,7,0,0,1,0,1,0,1,-94,0,4,0,649270017,0,100,0,128,1,"[100,-64,5,0,-10,-3,-11,-7,-11,-11,-11,-15,-11,-18,-11,-20,-10,-22,-10,-22,-10,-23,-9,-22,-9,-20,-9,-18,-9,-16,-9,-13,-9,-10,-10,-6,-12,-3,-13,-1,-14,0,-16,2,-17,2,-18,2,-18,2,-18,1,-18,-1,-5,-1,0,0,0,0,0,0,0,0,0,0,0,0,0,0,0,0,0,0,-3,2,-12,8,-14,7,-15,7,-16,6,-17,6,-17,6,-17,6,-16,6,-14,6,-12,8,-10,10,-8,12,-6,14,-4,16,-3,19,-1,21,-1,22,0,23,0,24,0,24,-1,23,-2,22,-3,20,-4,18,-5,14,-6,12]"
CSI_DATA,41461,d8:b1:90:db:e8:90,-40,11,1,7,0,0,1,0,1,0,1,-94,0,4,0,649286214,0,100,0,128,1,"[100,-64,5,0,10,4,9,10,9,14,8,18,7,21,6,24,6,25,5,26,5,26,4,25,4,23,4,21,5,18,6,15,8,11,9,8,11,6,13,3,15,1,17,0,19,0,19,0,20,1,20,2,19,3,4,1,0,0,0,0,0,0,0,0,0,0,0,0,0,0,0,0,0,0,3,-2,15,-6,16,-6,18,-5,19,-4,20,-3,20,-2,19,-3,18,-4,17,-5,15,-7,13,-9,11,-12,9,-15,8,-18,7,-21,6,-24,5,-26,5,-27,5,-28,5,-28,6,-27,6,-26,7,-23,8,-20,9,-16,9,-12]"
CSI_DATA,41462,d8:b1:90:db:e8:90,-41,11,1,7,0,0,1,0,1,0,1,-94,0,4,0,649298116,0,100,0,128,1,"[100,-64,5,0,-14,5,-18,0,-21,-4,-24,-8,-27,-11,-28,-14,-29,-17,-29,-18,-29,-18,-28,-17,-26,-15,-25,-13,-23,-10,-20,-7,-18,-3,-16,1,-16,6,-15,9,-15,12,-16,15,-16,17,-17,17,-18,17,-19,16,-20,15,-5,3,0,0,0,0,0,0,0,0,0,0,0,0,0,0,0,0,0,0,-2,4,-9,18,-11,18,-14,19,-15,19,-16,19,-17,19,-16,18,-14,18,-12,18,-8,18,-4,19,0,20,4,21,8,22,12,24,15,25,17,27,18,28,19,28,19,28,18,28,16,27,13,26,10,23,5,21,2,18]"
CSI_DATA,41463,d8:b1:90:db:e8:90,-41,11,1,7,0,0,1,0,1,0,1,-94,0,4,0,649310601,0,100,0,128,1,"[100,-64,5,0,-13,3,-16,-1,-19,-5,-21,-8,-23,-11,-24,-13,-24,-15,-24,-17,-24,-17,-23,-16,-22,-15,-21,-13,-19,-10,-18,-7,-16,-4,-16,0,-14,5,-14,8,-14,11,-15,12,-15,14,-16,14,-17,14,-18,13,-19,12,-5,2,0,0,0,0,0,0,0,0,0,0,0,0,0,0,0,0,0,0,-3,3,-10,13,-12,14,-15,14,-16,14,-17,14,-18,14,-17,14,-15,14,-13,14,-10,15,-7,16,-3,17,0,19,3,21,6,22,8,24,10,26,12,27,13,27,12,27,11,27,9,26,7,24,5,22,1,19,-3,16]"
CSI_DATA,41464,d8:b1:90:db:e8:90,-40,11,1,7,0,0,1,0,1,0,1,-94,0,4,0,649320708,0,100,0,128,1,"[100,-64,5,0,-7,-11,-4,-15,-1,-19,3,-22,5,-25,7,-26,9,-27,10,-28,10,-27,10,-27,9,-25,7,-24,5,-22,2,-19,-1,-17,-4,-15,-7,-14,-10,-13,-13,-13,-15,-13,-16,-14,-17,-14,-17,-15,-16,-16,-14,-17,-4,-5,0,0,0,0,0,0,0,0,0,0,0,0,0,0,0,0,0,0,-5,0,-18,0,-19,-2,-21,-4,-22,-5,-22,-6,-22,-7,-22,-6,-21,-5,-20,-3,-19,-1,-19,2,-18,6,-18,10,-18,13,-18,16,-19,19,-19,21,-19,23,-20,23,-20,23,-20,21,-20,20,-19,17,-18,13,-17,9,-16,5]"
CSI_DATA,41465,d8:b1:90:db:e8:90,-41,11,1,7,0,0,1,0,1,0,1,-94,0,4,0,649331552,0,100,0,128,1,"[100,-64,5,0,-8,-8,-6,-12,-4,-15,-2,-18,-1,-20,0,-21,1,-22,2,-23,2,-23,2,-22,1,-21,0,-19,-1,-17,-2,-15,-4,-12,-6,-10,-8,-8,-10,-7,-12,-6,-14,-5,-15,-5,-16,-6,-16,-6,-16,-7,-15,-8,-4,-3,0,0,0,0,0,0,0,0,0,0,0,0,0,0,0,0,0,0,-4,-1,-14,-2,-15,-3,-15,-5,-16,-6,-16,-6,-16,-7,-16,-6,-15,-5,-15,-3,-14,-1,-13,1,-13,4,-13,7,-13,10,-13,12,-14,14,-14,16,-14,17,-15,18,-15,18,-15,17,-14,16,-14,14,-14,11,-13,8,-13,5]"
CSI_DATA,41466,d8:b1:90:db:e8:90,-41,11,1,7,0,0,1,0,1,0,1,-94,0,4,0,649341691,0,100,0,128,1,"[100,-64,5,0,8,7,6,11,4,15,3,19,2,21,0,24,-1,25,-1,25,-1,25,-2,24,-2,23,-1,21,0,18,2,15,5,13,7,11,9,8,12,6,14,5,15,4,17,4,18,5,18,6,18,7,17,8,4,2,0,0,0,0,0,0,0,0,0,0,0,0,0,0,0,0,0,0,3,-1,15,-2,16,-1,18,0,19,1,19,2,19,2,19,2,18,1,16,-1,15,-3,14,-5,13,-9,12,-12,12,-15,11,-18,11,-21,11,-23,11,-24,11,-25,11,-25,11,-24,12,-23,12,-20,12,-17,12,-13,12,-10]"
CSI_DATA,41467,d8:b1:90:db:e8:90,-41,11,1,7,0,0,1,0,1,0,1,-94,0,4,0,649351703,0,100,0,128,1,"[100,-64,5,0,-14,1,-16,-4,-18,-9,-19,-13,-19,-16,-20,-19,-20,-21,-20,-22,-19,-22,-19,-21,-18,-20,-17,-17,-16,-14,-16,-10,-15,-7,-15,-3,-15,0,-16,4,-16,7,-17,9,-18,10,-19,10,-20,9,-21,8,-21,7,-6,1,0,0,0,0,0,0,0,0,0,0,0,0,0,0,0,0,0,0,-3,3,-13,12,-15,11,-17,11,-19,10,-20,10,-20,10,-19,10,-18,10,-15,11,-13,12,-11,14,-8,16,-4,18,-1,21,1,23,3,25,4,27,5,28,6,29,5,29,5,29,4,27,2,25,-1,22,-4,19,-6,16]"
CSI_DATA,41468,d8:b1:90:db:e8:90,-40,11,1,7,0,0,1,0,1,0,1,-94,0,4,0,649373294,0,100,0,128,1,"[100,-64,5,0,-2,-11,2,-13,6,-15,10,-17,13,-18,15,-19,17,-19,18,-19,18,-18,18,-18,17,-17,15,-16,12,-15,9,-15,6,-15,3,-15,0,-15,-3,-16,-5,-16,-7,-17,-8,-18,-8,-19,-7,-19,-5,-20,-4,-19,-1,-5,0,0,0,0,0,0,0,0,0,0,0,0,0,0,0,0,0,0,-4,-2,-15,-6,-16,-8,-16,-10,-17,-11,-17,-12,-17,-13,-17,-12,-16,-11,-16,-9,-17,-7,-17,-5,-17,-2,-19,1,-20,4,-21,7,-22,9,-24,11,-24,12,-25,12,-25,12,-24,11,-23,9,-22,7,-20,4,-17,1,-15,-1]"
CSI_DATA,41469,d8:b1:90:db:e8:90,-40,11,1,7,0,0,1,0,1,0,1,-94,0,4,0,649384647,0,100,0,128,1,"[100,-64,5,0,3,-10,9,-11,14,-11,18,-11,22,-10,25,-10,27,-9,28,-9,28,-8,27,-8,25,-8,22,-8,19,-9,16,-9,12,-10,9,-12,7,-14,4,-16,3,-18,1,-20,1,-22,1,-23,2,-23,4,-22,6,-22,1,-6,0,0,0,0,0,0,0,0,0,0,0,0,0,0,0,0,0,0,-4,-3,-14,-12,-14,-14,-14,-17,-13,-19,-13,-20,-13,-20,-12,-19,-12,-18,-13,-16,-14,-13,-16,-10,-17,-7,-20,-5,-23,-2,-25,1,-27,2,-29,3,-31,4,-31,4,-31,4,-31,3,-29,1,-26,0,-23,-2,-19,-4,-16,-6]"
CSI_DATA,41470,d8:b1:90:db:e8:90,-41,11,1,7,0,0,1,0,1,0,1,-94,0,4,0,649400770,0,100,0,128,1,"[100,-64,5,0,7,-14,14,-13,20,-12,24,-10,29,-9,32,-8,34,-7,34,-6,34,-5,33,-5,30,-6,27,-6,24,-7,20,-9,15,-10,11,-13,7,-16,4,-19,2,-22,1,-24,0,-26,0,-27,1,-27,3,-27,5,-26,1,-7,0,0,0,0,0,0,0,0,0,0,0,0,0,0,0,0,0,0,-2,-5,-5,-21,-3,-23,-1,-25,0,-27,1,-27,1,-27,1,-26,0,-25,-2,-23,-5,-21,-9,-19,-13,-17,-18,-16,-22,-14,-26,-13,-29,-12,-32,-12,-34,-12,-36,-12,-36,-12,-35,-12,-33,-13,-29,-14,-24,-14,-19,-15,-15,-15]"
CSI_DATA,41471,d8:b1:90:db:e8:90,-40,11,1,7,0,0,1,0,1,0,1,-94,0,4,0,649411454,0,100,0,128,1,"[100,-64,5,0,-11,6,-16,3,-19,0,-23,-3,-25,-6,-27,-8,-28,-10,-29,-11,-28,-12,-27,-11,-26,-10,-24,-8,-22,-6,-20,-3,-18,0,-16,3,-14,6,-14,10,-13,13,-14,15,-14,16,-15,17,-15,17,-17,15,-18,14,-5,3,0,0,0,0,0,0,0,0,0,0,0,0,0,0,0,0,0,0,-1,4,-1,17,-3,19,-5,20,-6,21,-7,22,-7,21,-7,21,-6,20,-4,20,-2,19,2,18,6,17,10,17,13,17,16,17,19,18,21,19,22,19,23,19,23,20,22,20,20,20,17,19,14,18,9,17,5,15]"
CSI_DATA,41472,d8:b1:90:db:e8:90,-41,11,1,7,0,0,1,0,1,0,1,-94,0,4,0,649422238,0,100,0,128,1,"[100,-64,5,0,11,-4,14,-1,17,4,20,7,22,10,23,12,23,14,24,15,24,15,22,15,21,14,19,12,18,9,17,6,15,3,14,-1,14,-4,14,-8,14,-10,15,-12,15,-14,17,-14,18,-13,18,-12,19,-11,4,-3,0,0,0,0,0,0,0,0,0,0,0,0,0,0,0,0,0,0,0,-4,4,-17,6,-18,8,-19,9,-20,10,-20,11,-20,10,-19,9,-19,7,-18,4,-18,1,-19,-2,-19,-6,-20,-9,-20,-13,-21,-15,-22,-17,-23,-19,-24,-19,-24,-19,-24,-18,-24,-16,-23,-13,-22,-10,-21,-6,-19,-3,-17]"
CSI_DATA,41473,d8:b1:90:db:e8:90,-41,11,1,7,0,0,1,0,1,0,1,-94,0,4,0,649436715,0,100,0,128,1,"[100,-64,5,0,2,-12,7,-12,11,-13,15,-13,18,-13,20,-12,22,-12,23,-12,22,-11,21,-11,20,-10,18,-10,15,-10,12,-11,9,-11,5,-12,2,-13,0,-14,-2,-15,-4,-17,-4,-18,-5,-19,-4,-19,-2,-20,-1,-20,0,-5,0,0,0,0,0,0,0,0,0,0,0,0,0,0,0,0,0,0,-2,-4,-8,-14,-7,-16,-6,-18,-6,-19,-5,-19,-5,-19,-5,-19,-6,-18,-7,-16,-8,-14,-10,-12,-13,-10,-16,-8,-18,-6,-21,-5,-23,-4,-25,-3,-26,-3,-27,-2,-27,-2,-26,-3,-25,-4,-23,-5,-20,-6,-16,-8,-13,-9]"
CSI_DATA,41474,d8:b1:90:db:e8:90,-40,11,1,7,0,0,1,0,1,0,1,-94,0,4,0,649446734,0,100,0,128,1,"[100,-64,5,0,-3,11,-8,12,-13,13,-17,14,-21,14,-24,14,-26,14,-27,14,-26,13,-26,12,-24,12,-22,12,-18,12,-14,12,-10,12,-7,13,-4,14,-1,16,1,17,3,18,5,20,5,21,4,22,2,22,0,22,0,5,0,0,0,0,0,0,0,0,0,0,0,0,0,0,0,0,0,0,3,2,12,12,12,14,12,16,11,18,11,19,10,19,10,19,11,17,12,15,13,12,14,9,16,7,19,4,21,1,24,-2,26,-4,27,-5,29,-6,30,-6,30,-6,29,-5,28,-4,25,-2,22,0,19,3,16,5]"
CSI_DATA,41475,d8:b1:90:db:e8:90,-40,11,1,7,0,0,1,0,1,0,1,-94,0,4,0,649476953,0,100,0,128,1,"[100,-64,5,0,7,-6,10,-3,14,-1,16,2,18,4,20,5,20,6,21,7,21,7,20,7,19,6,17,5,16,4,14,2,13,-1,11,-3,10,-6,10,-8,10,-10,10,-12,10,-13,10,-13,11,-13,12,-12,13,-12,3,-3,0,0,0,0,0,0,0,0,0,0,0,0,0,0,0,0,0,0,-1,-4,-1,-14,0,-15,2,-16,3,-17,4,-17,4,-17,4,-17,3,-16,2,-16,-1,-15,-3,-14,-6,-14,-9,-14,-11,-14,-14,-14,-16,-14,-17,-15,-18,-15,-19,-16,-19,-16,-18,-16,-16,-15,-14,-15,-11,-14,-8,-13,-5,-13]"
CSI_DATA,41476,d8:b1:90:db:e8:90,-40,11,1,7,0,0,1,0,0,0,1,-94,0,4,0,649488721,0,100,0,128,1,"[100,-64,5,0,13,14,14,14,14,14,14,14,14,14,14,14,14,13,14,12,14,11,15,11,15,11,15,11,15,11,14,11,14,11,14,11,14,11,13,11,12,11,12,11,11,11,11,11,10,11,9,11,9,11,2,2,0,0,0,0,0,0,0,0,0,0,0,0,0,0,0,0,0,0,3,2,12,9,11,10,11,10,11,11,11,12,11,12,11,13,11,13,11,13,11,14,11,15,10,15,11,15,11,16,11,16,11,16,11,16,11,16,12,16,12,15,12,15,13,15,13,15,14,15,14,15,14,15]"
CSI_DATA,41477,d8:b1:90:db:e8:90,-40,11,1,7,0,0,1,0,0,0,1,-94,0,4,0,649505852,0,100,0,128,1,"[100,-64,5,0,20,3,20,3,20,2,20,2,20,2,20,1,20,1,19,0,19,-1,18,-1,19,-1,19,-1,19,-1,18,-1,18,-1,18,-1,18,-1,17,-1,17,-1,16,0,16,0,15,0,15,0,15,1,14,2,3,0,0,0,0,0,0,0,0,0,0,0,0,0,0,0,0,0,0,0,3,-1,14,0,14,1,15,2,15,2,15,3,16,3,16,4,16,4,17,4,17,5,18,5,18,5,18,6,18,6,18,5,18,5,18,5,18,5,18,5,19,4,19,4,19,4,20,4,20,3,20,3,20,3]"
CSI_DATA,41478,d8:b1:90:db:e8:90,-40,11,1,7,0,0,1,0,0,0,1,-94,0,4,0,649516559,0,100,0,128,1,"[100,-64,5,0,18,-14,18,-14,18,-14,17,-14,17,-15,16,-15,16,-15,15,-16,15,-16,14,-16,14,-16,15,-16,15,-17,14,-17,14,-17,14,-16,14,-15,13,-15,14,-14,14,-13,14,-12,13,-12,13,-11,13,-11,14,-10,3,-3,0,0,0,0,0,0,0,0,0,0,0,0,0,0,0,0,0,0,2,-4,11,-13,12,-13,12,-12,13,-12,14,-12,15,-12,16,-12,16,-12,17,-12,17,-12,18,-11,18,-11,18,-11,19,-11,19,-11,19,-11,19,-11,19,-12,19,-12,19,-12,19,-13,19,-13,19,-14,19,-14,19,-14,18,-14]"
CSI_DATA,41479,d8:b1:90:db:e8:90,-40,11,1,7,0,0,1,0,0,0,1,-94,0,4,0,649528543,0,100,0,128,1,"[100,-64,5,0,18,-9,18,-9,18,-9,18,-10,17,-10,17,-10,16,-11,16,-11,16,-12,15,-12,15,-11,16,-12,16,-12,15,-12,15,-12,15,-11,15,-11,15,-10,15,-10,14,-9,14,-9,14,-8,14,-8,13,-7,13,-6,3,-2,0,0,0,0,0,0,0,0,0,0,0,0,0,0,0,0,0,0,3,-2,12,-8,13,-8,13,-8,14,-8,14,-7,15,-7,16,-7,17,-7,17,-7,17,-7,17,-6,17,-6,18,-6,18,-6,18,-6,19,-6,18,-6,19,-6,19,-6,19,-7,19,-7,19,-8,19,-8,19,-8,19,-8,19,-8]"
CSI_DATA,41480,d8:b1:90:db:e8:90,-41,11,1,7,0,0,1,0,0,0,1,-94,0,4,0,649540541,0,100,0,128,1,"[100,-64,5,0,20,7,20,7,20,6,20,6,20,6,20,5,20,5,20,4,20,4,20,4,20,4,20,3,20,3,19,3,19,3,19,3,19,3,18,3,18,3,17,4,16,4,16,4,16,5,15,5,15,6,3,1,0,0,0,0,0,0,0,0,0,0,0,0,0,0,0,0,0,0,4,0,16,3,16,4,16,4,15,5,16,6,16,7,17,8,17,8,17,9,17,10,17,10,17,10,17,11,17,11,17,11,18,10,18,10,18,10,18,10,19,9,19,9,19,8,20,9,20,9,20,9,20,8]"
CSI_DATA,41481,d8:b1:90:db:e8:90,-39,11,1,7,0,0,1,0,0,0,1,-94,0,4,0,649556189,0,100,0,128,1,"[100,-64,5,0,6,22,6,22,6,21,7,21,7,21,7,20,8,20,8,20,8,19,9,19,9,20,9,20,9,20,9,19,9,19,8,19,8,18,7,18,7,18,6,18,6,17,6,17,5,17,4,17,4,17,0,4,0,0,0,0,0,0,0,0,0,0,0,0,0,0,0,0,0,0,2,3,8,15,7,15,6,16,6,17,6,17,5,18,4,19,4,20,3,20,3,21,3,21,2,21,2,22,2,22,2,22,2,22,3,22,3,22,3,22,4,22,4,22,5,22,5,22,5,22,6,22,6,23]"
CSI_DATA,41482,d8:b1:90:db:e8:90,-40,11,1,7,0,0,1,0,0,0,1,-94,0,4,0,649579891,0,100,0,128,1,"[100,-64,5,0,13,15,13,15,13,15,13,15,13,14,14,14,14,14,13,13,13,13,13,13,13,13,13,12,13,12,13,12,13,12,13,13,12,13,12,13,11,13,11,13,10,12,10,12,9,12,8,12,8,12,2,3,0,0,0,0,0,0,0,0,0,0,0,0,0,0,0,0,0,0,2,2,10,10,10,10,10,11,10,12,10,12,10,13,10,14,10,15,9,16,9,16,9,16,9,16,9,17,9,17,9,17,9,17,10,17,10,17,10,17,10,16,11,16,11,16,12,16,13,16,13,16,13,16]"
CSI_DATA,41483,d8:b1:90:db:e8:90,-40,11,1,7,0,0,1,0,0,0,1,-94,0,4,0,649593069,0,100,0,128,1,"[100,-64,5,0,-12,-19,-11,-19,-11,-18,-11,-17,-12,-17,-12,-16,-12,-16,-13,-16,-13,-16,-13,-16,-14,-15,-14,-15,-14,-15,-14,-15,-13,-15,-12,-15,-12,-15,-11,-14,-11,-14,-10,-14,-10,-14,-10,-14,-9,-14,-8,-14,-7,-14,-2,-4,0,0,0,0,0,0,0,0,0,0,0,0,0,0,0,0,0,0,-3,-4,-10,-13,-10,-13,-10,-14,-10,-14,-10,-15,-10,-15,-9,-16,-9,-16,-9,-17,-9,-18,-8,-18,-7,-19,-7,-19,-7,-19,-8,-19,-8,-19,-8,-19,-9,-19,-9,-19,-9,-19,-10,-19,-10,-19,-10,-18,-10,-18,-11,-18,-11,-19]"
CSI_DATA,41484,d8:b1:90:db:e8:90,-40,11,1,7,0,0,1,0,0,0,1,-94,0,4,0,649609978,0,100,0,128,1,"[100,-64,5,0,1,-21,1,-21,1,-21,1,-21,1,-21,0,-20,0,-20,0,-20,-1,-20,-2,-20,-2,-20,-2,-20,-2,-20,-1,-20,-1,-20,-1,-19,-1,-19,-1,-18,-1,-18,0,-18,0,-17,0,-16,0,-16,1,-16,2,-16,0,-4,0,0,0,0,0,0,0,0,0,0,0,0,0,0,0,0,0,0,-1,-4,-2,-16,-1,-16,-1,-16,0,-17,0,-17,1,-18,2,-18,2,-19,2,-19,3,-19,3,-20,3,-20,4,-20,4,-20,4,-20,4,-19,4,-20,4,-20,4,-20,4,-20,4,-20,3,-20,3,-20,2,-21,2,-21,2,-22]"
CSI_DATA,41485,d8:b1:90:db:e8:90,-40,11,1,7,0,0,1,0,0,0,1,-94,0,4,0,649621028,0,100,0,128,1,"[100,-64,5,0,-20,12,-20,12,-20,12,-19,12,-19,13,-18,13,-18,13,-17,13,-17,13,-17,13,-17,13,-17,14,-17,14,-16,14,-16,14,-16,13,-15,13,-15,13,-15,12,-15,12,-15,11,-15,10,-15,9,-15,9,-15,9,-4,2,0,0,0,0,0,0,0,0,0,0,0,0,0,0,0,0,0,0,-4,2,-13,11,-14,11,-15,10,-16,10,-16,10,-17,9,-18,9,-18,10,-19,10,-20,9,-21,8,-21,8,-21,8,-21,8,-21,8,-21,8,-21,8,-21,9,-21,9,-21,9,-21,10,-21,10,-21,11,-21,11,-21,11,-21,12]"
CSI_DATA,41486,d8:b1:90:db:e8:90,-40,11,1,7,0,0,1,0,0,0,1,-94,0,4,0,649633130,0,100,0,128,1,"[100,-64,5,0,-17,12,-17,12,-17,12,-16,12,-16,12,-15,12,-15,12,-15,12,-14,12,-14,13,-14,13,-14,13,-14,13,-14,13,-14,13,-14,12,-13,12,-13,11,-13,11,-13,10,-13,10,-13,10,-13,9,-13,9,-13,9,-4,2,0,0,0,0,0,0,0,0,0,0,0,0,0,0,0,0,0,0,-3,2,-12,10,-12,10,-13,9,-14,9,-14,9,-15,9,-15,9,-16,9,-17,9,-17,9,-18,9,-18,9,-18,9,-18,9,-18,9,-19,9,-19,9,-18,10,-18,10,-18,10,-18,10,-18,11,-18,11,-18,12,-18,12,-18,12]"
CSI_DATA,41487,d8:b1:90:db:e8:90,-40,11,1,7,0,0,1,0,1,0,1,-94,0,4,0,649645436,0,100,0,128,1,"[100,-64,5,0,8,3,9,7,9,11,9,14,9,17,8,19,7,20,7,21,6,21,6,21,6,19,6,18,6,15,7,12,8,10,9,7,10,4,12,2,13,1,15,0,16,-1,17,0,17,0,17,1,16,2,4,0,0,0,0,0,0,0,0,0,0,0,0,0,0,0,0,0,0,0,2,-2,11,-8,12,-8,14,-8,15,-7,16,-7,16,-7,16,-7,15,-7,13,-8,11,-9,10,-11,8,-13,6,-15,4,-17,3,-19,2,-21,1,-23,1,-24,1,-25,1,-25,1,-24,2,-23,3,-21,4,-18,6,-14,7,-11]"
CSI_DATA,41488,d8:b1:90:db:e8:90,-41,11,1,7,0,0,1,0,1,0,1,-94,0,4,0,649658295,0,100,0,128,1,"[100,-64,5,0,11,3,11,8,12,13,11,17,11,20,11,23,10,25,10,25,9,25,9,24,9,23,8,20,9,17,9,14,10,10,11,7,13,3,14,0,16,-2,17,-4,19,-4,20,-4,20,-4,20,-2,20,-1,5,-1,0,0,0,0,0,0,0,0,0,0,0,0,0,0,0,0,0,0,3,-2,15,-7,17,-7,19,-6,20,-5,20,-4,20,-4,20,-4,18,-5,17,-6,15,-8,12,-11,10,-14,8,-17,6,-20,5,-23,4,-26,3,-28,3,-29,2,-30,3,-30,3,-29,4,-28,5,-25,6,-22,8,-18,9,-14]"
CSI_DATA,41489,d8:b1:90:db:e8:90,-41,11,1,7,0,0,1,0,1,0,1,-94,0,4,0,649678594,0,100,0,128,1,"[100,-64,5,0,14,-4,17,1,20,6,22,10,23,14,24,17,25,19,24,20,24,20,23,19,22,18,20,15,19,12,17,9,17,5,16,1,16,-4,16,-7,16,-10,16,-12,17,-14,18,-14,19,-13,20,-12,21,-11,5,-3,0,0,0,0,0,0,0,0,0,0,0,0,0,0,0,0,0,0,2,-5,10,-17,12,-17,15,-17,17,-17,18,-17,18,-16,17,-16,15,-16,13,-16,10,-17,7,-19,3,-20,-1,-22,-5,-24,-7,-26,-10,-28,-11,-30,-13,-31,-13,-32,-13,-32,-12,-32,-10,-30,-7,-28,-4,-25,-1,-22,2,-20]"
CSI_DATA,41490,d8:b1:90:db:e8:90,-40,11,1,7,0,0,1,0,1,0,1,-94,0,4,0,649691058,0,100,0,128,1,"[100,-64,5,0,3,-9,7,-9,11,-9,15,-9,18,-8,20,-8,22,-7,22,-7,22,-6,21,-6,20,-6,18,-6,15,-6,13,-7,10,-8,7,-9,5,-11,3,-13,1,-15,0,-16,-1,-17,-1,-18,0,-18,1,-18,3,-18,0,-5,0,0,0,0,0,0,0,0,0,0,0,0,0,0,0,0,0,0,-3,-3,-9,-12,-8,-13,-8,-15,-7,-17,-7,-17,-7,-18,-6,-17,-7,-16,-8,-14,-9,-12,-11,-10,-13,-8,-15,-6,-17,-4,-20,-2,-22,-1,-23,0,-25,0,-26,0,-26,0,-25,-1,-23,-2,-21,-2,-18,-4,-15,-5,-12,-6]"
CSI_DATA,41491,d8:b1:90:db:e8:90,-40,11,1,7,0,0,1,0,1,0,1,-94,0,4,0,649704251,0,100,0,128,1,"[100,-64,5,0,-15,3,-18,-3,-21,-8,-23,-12,-25,-16,-26,-18,-27,-20,-27,-22,-26,-22,-25,-22,-23,-20,-22,-18,-20,-14,-19,-10,-18,-6,-17,-1,-17,3,-17,7,-17,10,-18,13,-19,14,-20,14,-21,13,-22,12,-23,11,-6,2,0,0,0,0,0,0,0,0,0,0,0,0,0,0,0,0,0,0,-3,3,-12,16,-14,16,-17,16,-19,16,-20,16,-20,16,-19,16,-18,16,-15,16,-11,17,-8,18,-4,20,0,22,4,24,7,26,10,29,12,30,13,31,14,32,14,32,13,31,11,30,8,28,4,26,0,22,-3,19]"
CSI_DATA,41492,d8:b1:90:db:e8:90,-40,11,1,7,0,0,1,0,1,0,1,-94,0,4,0,649717844,0,100,0,128,1,"[100,-64,5,0,-2,11,-8,12,-13,13,-17,13,-20,13,-23,13,-25,13,-26,12,-27,11,-26,11,-25,11,-23,11,-20,11,-16,11,-13,12,-10,13,-7,14,-4,16,-2,17,-1,19,0,20,0,20,-1,21,-3,20,-4,20,-2,4,0,0,0,0,0,0,0,0,0,0,0,0,0,0,0,0,0,0,3,2,13,9,14,11,14,14,14,16,14,16,14,17,14,16,14,15,14,13,15,11,17,8,18,5,21,3,23,0,25,-2,27,-4,28,-5,29,-6,30,-6,30,-5,29,-4,27,-3,25,-1,22,1,18,3,15,5]"
CSI_DATA,41493,d8:b1:90:db:e8:90,-40,11,1,7,0,0,1,0,1,0,1,-94,0,4,0,649728070,0,100,0,128,1,"[100,-64,5,0,-5,9,-10,9,-15,8,-19,7,-22,6,-24,5,-26,5,-26,4,-26,3,-25,3,-24,3,-22,4,-19,4,-16,5,-13,7,-11,8,-8,11,-7,13,-5,15,-4,16,-4,17,-4,18,-4,18,-6,18,-7,18,-2,4,0,0,0,0,0,0,0,0,0,0,0,0,0,0,0,0,0,0,1,3,7,13,6,15,5,17,4,19,3,19,3,20,4,19,4,18,6,16,7,14,10,13,12,11,15,9,18,8,21,7,23,6,24,5,26,5,27,5,27,6,26,6,24,7,22,7,19,8,15,9,12,9]"
CSI_DATA,41494,d8:b1:90:db:e8:90,-41,11,1,7,0,0,1,0,1,0,1,-94,0,4,0,649738769,0,100,0,128,1,"[100,-64,5,0,6,7,4,11,2,14,0,17,-2,19,-4,21,-5,22,-6,22,-6,22,-6,21,-5,20,-4,18,-3,16,-1,14,2,12,4,10,7,9,9,7,11,7,13,6,14,6,15,7,15,8,14,9,13,9,3,2,0,0,0,0,0,0,0,0,0,0,0,0,0,0,0,0,0,0,3,0,13,1,14,3,15,4,16,5,16,6,15,6,15,6,15,5,14,3,14,1,13,-2,13,-5,13,-8,13,-11,13,-13,13,-16,14,-18,14,-19,15,-19,15,-19,15,-18,15,-17,14,-15,14,-12,13,-8,12,-6]"
CSI_DATA,41495,d8:b1:90:db:e8:90,-41,11,1,7,0,0,1,0,1,0,1,-94,0,4,0,649759489,0,100,0,128,1,"[100,-64,5,0,-11,-3,-12,-9,-13,-13,-13,-18,-13,-21,-12,-24,-12,-26,-11,-27,-11,-27,-10,-27,-10,-25,-10,-22,-10,-19,-10,-16,-11,-13,-12,-9,-14,-6,-16,-3,-18,-1,-20,0,-21,0,-22,0,-22,-1,-22,-2,-21,-3,-6,-1,0,0,0,0,0,0,0,0,0,0,0,0,0,0,0,0,0,0,-3,3,-13,12,-15,12,-17,12,-18,11,-19,11,-20,11,-19,11,-17,11,-16,12,-13,13,-10,14,-7,16,-5,19,-2,21,0,23,2,26,3,28,4,29,4,30,4,30,2,29,1,27,-1,25,-2,22,-4,18,-6,15]"
CSI_DATA,41496,d8:b1:90:db:e8:90,-41,11,1,7,0,0,1,0,1,0,1,-94,0,4,0,649784219,0,100,0,128,1,"[100,-64,5,0,-3,-14,3,-17,8,-19,12,-22,16,-23,18,-24,20,-25,21,-25,22,-24,21,-23,20,-22,17,-21,13,-20,10,-18,6,-17,1,-17,-3,-17,-6,-17,-9,-18,-12,-18,-14,-20,-14,-21,-13,-21,-11,-22,-10,-22,-3,-6,0,0,0,0,0,0,0,0,0,0,0,0,0,0,0,0,0,0,-5,-3,-17,-12,-17,-15,-17,-17,-16,-19,-16,-20,-16,-20,-16,-19,-16,-17,-17,-14,-18,-11,-19,-7,-21,-4,-23,0,-25,3,-27,7,-29,9,-30,11,-32,12,-33,12,-33,13,-32,12,-31,10,-29,7,-26,4,-23,0,-19,-2]"
CSI_DATA,41497,d8:b1:90:db:e8:90,-40,11,1,7,0,0,1,0,1,0,1,-94,0,4,0,649796093,0,100,0,128,1,"[100,-64,5,0,7,-9,11,-7,15,-5,19,-3,22,-1,24,0,25,2,26,3,25,3,24,3,23,2,21,2,19,0,17,-1,14,-4,12,-6,10,-9,9,-12,8,-14,8,-16,8,-17,9,-17,10,-17,11,-16,12,-15,3,-4,0,0,0,0,0,0,0,0,0,0,0,0,0,0,0,0,0,0,-2,-4,-4,-16,-3,-17,-2,-19,-1,-20,0,-21,0,-21,0,-20,-1,-19,-3,-18,-5,-17,-7,-15,-10,-14,-14,-13,-17,-13,-19,-13,-22,-12,-24,-12,-25,-12,-26,-13,-26,-13,-25,-13,-23,-14,-20,-14,-16,-13,-12,-13,-9,-13]"
CSI_DATA,41498,d8:b1:90:db:e8:90,-41,11,1,7,0,0,1,0,1,0,1,-94,0,4,0,649806999,0,100,0,128,1,"[100,-64,5,0,-8,9,-12,8,-16,6,-20,5,-22,3,-24,3,-25,2,-26,1,-26,0,-25,0,-23,1,-21,1,-18,3,-16,4,-13,5,-10,7,-7,10,-6,12,-4,14,-3,16,-3,17,-3,18,-3,18,-5,18,-6,18,-2,4,0,0,0,0,0,0,0,0,0,0,0,0,0,0,0,0,0,0,-1,3,-1,15,-2,16,-4,17,-5,18,-6,18,-6,18,-6,18,-4,17,-2,16,0,15,3,14,6,13,10,13,13,12,16,12,19,12,21,12,22,13,23,13,23,13,23,13,21,13,18,13,15,13,11,13,7,13]"
CSI_DATA,41499,d8:b1:90:db:e8:90,-41,11,1,7,0,0,1,0,1,0,1,-94,0,4,0,649817183,0,100,0,128,1,"[100,-64,5,0,6,8,4,12,2,16,0,19,-2,22,-4,24,-5,25,-6,25,-6,24,-6,24,-5,22,-4,20,-2,18,0,15,3,13,5,11,8,9,11,7,13,6,15,6,17,6,17,7,17,8,17,9,16,10,3,2,0,0,0,0,0,0,0,0,0,0,0,0,0,0,0,0,0,0,4,0,16,2,17,3,18,4,18,6,18,7,18,7,18,6,17,5,16,3,15,1,14,-3,14,-6,14,-10,14,-13,14,-17,14,-20,14,-22,15,-23,15,-24,15,-24,15,-22,15,-21,15,-18,14,-15,14,-10,13,-7]"
CSI_DATA,41500,d8:b1:90:db:e8:90,-40,11,1,7,0,0,1,0,1,0,1,-94,0,4,0,649828850,0,100,0,128,1,"[100,-64,5,0,-6,-10,-3,-14,0,-17,3,-20,5,-23,7,-24,8,-25,9,-26,9,-25,9,-25,8,-23,6,-22,4,-20,2,-17,-1,-15,-4,-14,-7,-12,-10,-11,-12,-11,-15,-11,-16,-11,-17,-11,-17,-12,-15,-13,-14,-14,-4,-4,0,0,0,0,0,0,0,0,0,0,0,0,0,0,0,0,0,0,-4,-1,-16,-5,-17,-6,-18,-8,-18,-10,-18,-11,-18,-11,-18,-10,-18,-9,-17,-7,-16,-4,-16,-1,-17,3,-17,6,-18,10,-19,13,-19,15,-20,17,-21,19,-21,19,-21,19,-21,18,-21,16,-20,14,-19,11,-17,7,-16,4]"
CSI_DATA,41501,d8:b1:90:db:e8:90,-41,11,1,7,0,0,1,0,1,0,1,-94,0,4,0,649846395,0,100,0,128,1,"[100,-64,5,0,6,-13,12,-12,17,-11,21,-10,25,-9,27,-8,29,-7,30,-6,29,-6,28,-6,26,-6,24,-7,21,-8,18,-9,14,-10,10,-12,7,-14,5,-17,3,-19,2,-21,1,-22,1,-23,2,-24,4,-23,5,-23,1,-6,0,0,0,0,0,0,0,0,0,0,0,0,0,0,0,0,0,0,-2,-5,-6,-19,-4,-21,-3,-23,-2,-24,-1,-24,0,-24,-1,-23,-2,-22,-4,-20,-6,-19,-10,-17,-13,-16,-17,-14,-21,-13,-24,-12,-27,-11,-30,-11,-31,-11,-32,-11,-32,-11,-31,-12,-29,-12,-26,-13,-22,-13,-17,-14,-13,-14]"
CSI_DATA,41502,d8:b1:90:db:e8:90,-41,11,1,7,0,0,1,0,1,0,1,-94,0,4,0,649856915,0,100,0,128,1,"[100,-64,5,0,-2,13,-7,14,-12,15,-15,16,-18,16,-21,16,-23,16,-24,15,-24,15,-23,15,-22,14,-19,13,-17,13,-13,13,-9,13,-6,13,-2,14,1,15,3,16,5,17,6,18,6,20,6,20,4,20,3,20,0,5,0,0,0,0,0,0,0,0,0,0,0,0,0,0,0,0,0,0,2,3,10,14,9,16,8,18,8,19,7,20,7,20,8,19,8,18,9,16,11,13,12,11,15,8,18,6,21,3,23,1,26,0,27,-1,29,-2,30,-2,30,-2,29,-2,28,-1,26,1,22,3,18,5,15,7]"
CSI_DATA,41503,d8:b1:90:db:e8:90,-41,11,1,7,0,0,1,0,1,0,1,-94,0,4,0,649882177,0,100,0,128,1,"[100,-64,5,0,-9,-9,-7,-13,-4,-17,-2,-20,-1,-22,1,-24,2,-25,2,-25,3,-25,2,-24,2,-23,0,-21,-1,-18,-3,-16,-5,-13,-8,-11,-10,-8,-12,-7,-14,-6,-16,-5,-18,-5,-18,-5,-19,-6,-18,-7,-17,-8,-5,-2,0,0,0,0,0,0,0,0,0,0,0,0,0,0,0,0,0,0,-4,-1,-16,-4,-16,-6,-17,-8,-17,-9,-17,-10,-17,-10,-17,-9,-16,-8,-16,-6,-15,-3,-15,0,-15,3,-15,7,-15,10,-16,13,-17,16,-17,18,-17,19,-18,20,-18,20,-18,19,-18,17,-17,15,-16,12,-16,8,-15,5]"
CSI_DATA,41504,d8:b1:90:db:e8:90,-41,11,1,7,0,0,1,0,1,0,1,-94,0,4,0,649895130,0,100,0,128,1,"[100,-64,5,0,-7,8,-12,7,-16,5,-19,3,-22,2,-24,1,-25,0,-25,-1,-25,-1,-24,-1,-23,0,-21,1,-18,2,-15,3,-13,5,-10,7,-8,9,-7,12,-5,14,-4,16,-4,17,-4,17,-4,18,-6,18,-7,17,-2,4,0,0,0,0,0,0,0,0,0,0,0,0,0,0,0,0,0,0,0,3,1,14,-1,16,-3,17,-4,18,-5,18,-5,18,-5,17,-4,16,-2,15,1,15,4,13,7,13,10,12,14,12,16,11,19,11,21,11,22,11,23,11,23,12,22,12,20,12,18,12,15,12,11,12,8,11]"
CSI_DATA,41505,d8:b1:90:db:e8:90,-41,11,1,7,0,0,1,0,1,0,1,-94,0,4,0,649910425,0,100,0,128,1,"[100,-64,5,0,7,-15,14,-14,20,-13,25,-12,29,-10,32,-9,34,-8,35,-7,35,-6,33,-6,31,-7,28,-8,24,-9,20,-10,16,-12,12,-14,8,-17,6,-20,3,-22,2,-25,1,-26,1,-27,2,-28,4,-27,6,-27,1,-7,0,0,0,0,0,0,0,0,0,0,0,0,0,0,0,0,0,0,-2,-6,-5,-22,-4,-24,-2,-26,0,-28,1,-28,1,-28,1,-27,-1,-26,-3,-24,-6,-22,-9,-20,-14,-18,-18,-17,-23,-16,-27,-15,-31,-14,-33,-14,-35,-13,-37,-13,-37,-14,-36,-14,-33,-15,-30,-15,-25,-16,-20,-16,-15,-17]"
CSI_DATA,41506,d8:b1:90:db:e8:90,-41,11,1,7,0,0,1,0,1,0,1,-94,0,4,0,649922299,0,100,0,128,1,"[100,-64,5,0,7,-8,12,-6,16,-4,20,-2,23,0,25,2,27,3,27,4,27,5,26,5,24,4,22,3,19,1,17,-2,15,-5,13,-8,11,-11,9,-13,8,-15,8,-17,8,-19,9,-19,10,-19,11,-18,13,-17,3,-4,0,0,0,0,0,0,0,0,0,0,0,0,0,0,0,0,0,0,-1,-5,-4,-18,-3,-19,-1,-21,0,-22,1,-22,1,-22,1,-21,0,-21,-2,-19,-4,-18,-7,-17,-10,-15,-14,-14,-17,-13,-21,-13,-24,-13,-26,-13,-27,-13,-28,-13,-27,-13,-27,-13,-25,-13,-22,-14,-18,-14,-13,-13,-9,-13]"
CSI_DATA,41507,d8:b1:90:db:e8:90,-40,11,1,7,0,0,1,0,1,0,1,-94,0,4,0,649935244,0,100,0,128,1,"[100,-64,5,0,-10,-5,-10,-9,-10,-14,-9,-18,-9,-21,-8,-24,-7,-25,-7,-26,-6,-26,-6,-25,-6,-23,-7,-21,-8,-18,-8,-16,-9,-13,-11,-10,-13,-7,-15,-5,-17,-3,-18,-2,-19,-2,-20,-2,-20,-4,-20,-5,-19,-6,-5,-2,0,0,0,0,0,0,0,0,0,0,0,0,0,0,0,0,0,0,-4,2,-14,8,-16,8,-18,7,-19,6,-20,5,-20,5,-19,6,-18,6,-17,7,-14,9,-12,11,-11,13,-9,16,-7,18,-5,21,-4,23,-3,25,-3,26,-3,27,-3,27,-4,26,-5,25,-6,22,-6,19,-8,15,-9,12]"
CSI_DATA,41508,d8:b1:90:db:e8:90,-41,11,1,7,0,0,1,0,1,0,1,-94,0,4,0,649946574,0,100,0,128,1,"[100,-64,5,0,-13,4,-17,-1,-20,-5,-23,-9,-24,-13,-26,-15,-26,-17,-27,-19,-27,-19,-26,-18,-24,-17,-22,-14,-21,-11,-19,-8,-18,-4,-17,0,-17,4,-17,8,-17,11,-18,13,-18,14,-19,14,-20,14,-21,13,-21,11,-6,2,0,0,0,0,0,0,0,0,0,0,0,0,0,0,0,0,0,0,-1,4,-5,18,-7,19,-10,20,-11,21,-13,21,-13,21,-13,20,-11,20,-8,19,-5,19,-2,19,2,19,7,20,11,20,14,21,17,23,19,24,21,25,21,25,21,26,20,25,18,25,15,23,11,21,7,19,4,17]"
CSI_DATA,41509,d8:b1:90:db:e8:90,-41,11,1,7,0,0,1,0,1,0,1,-94,0,4,0,649957722,0,100,0,128,1,"[100,-64,5,0,8,-12,14,-11,19,-9,23,-7,27,-6,29,-5,31,-3,31,-2,30,-1,29,-2,28,-2,25,-3,22,-5,19,-6,15,-8,12,-11,9,-14,7,-17,5,-19,4,-21,3,-23,4,-24,5,-24,7,-23,8,-22,2,-6,0,0,0,0,0,0,0,0,0,0,0,0,0,0,0,0,0,0,-1,-5,-3,-20,-1,-21,1,-23,2,-24,3,-24,4,-24,3,-24,1,-23,-1,-21,-3,-20,-6,-19,-10,-17,-14,-17,-18,-16,-22,-16,-25,-16,-27,-16,-29,-16,-30,-16,-30,-16,-29,-16,-27,-16,-24,-16,-20,-16,-15,-16,-11,-15]"
CSI_DATA,41510,d8:b1:90:db:e8:90,-41,11,1,7,0,0,1,0,1,0,1,-94,0,4,0,649983719,0,100,0,128,1,"[100,-64,5,0,7,12,4,17,0,21,-3,26,-6,29,-8,31,-10,32,-11,32,-11,32,-11,30,-10,29,-8,26,-6,24,-2,20,1,18,5,15,9,13,13,12,16,11,19,11,21,12,22,13,22,14,21,15,19,16,4,4,0,0,0,0,0,0,0,0,0,0,0,0,0,0,0,0,0,0,5,0,20,3,21,5,22,8,22,9,23,10,23,11,22,10,22,8,21,6,20,2,20,-2,20,-6,20,-10,21,-15,21,-19,22,-22,22,-25,23,-26,24,-27,24,-27,24,-26,24,-24,23,-20,21,-16,20,-11,19,-7]"
CSI_DATA,41511,d8:b1:90:db:e8:90,-41,11,1,7,0,0,1,0,1,0,1,-94,0,4,0,649993674,0,100,0,128,1,"[100,-64,5,0,8,-3,11,0,13,3,15,6,16,9,17,11,18,12,18,13,17,13,17,13,16,12,14,11,13,8,12,6,12,3,11,0,11,-3,11,-6,11,-8,12,-10,12,-10,13,-10,14,-10,15,-9,15,-8,3,-2,0,0,0,0,0,0,0,0,0,0,0,0,0,0,0,0,0,0,0,-4,3,-13,5,-14,6,-15,8,-15,8,-15,8,-15,8,-15,7,-14,6,-14,4,-14,1,-14,-2,-15,-5,-15,-7,-16,-10,-17,-12,-18,-13,-18,-14,-19,-15,-19,-15,-19,-14,-19,-13,-18,-11,-17,-8,-16,-5,-15,-2,-13]"
CSI_DATA,41512,d8:b1:90:db:e8:90,-40,11,1,7,0,0,1,0,1,0,1,-94,0,4,0,650008545,0,100,0,128,1,"[100,-64,5,0,9,-7,12,-4,16,-1,19,2,21,4,23,6,24,8,24,9,24,9,23,9,22,8,20,7,18,5,16,2,15,0,13,-3,12,-6,11,-9,11,-12,11,-14,11,-15,12,-15,13,-15,14,-14,15,-13,3,-4,0,0,0,0,0,0,0,0,0,0,0,0,0,0,0,0,0,0,-1,-4,-1,-16,1,-18,3,-19,4,-20,5,-20,5,-20,5,-19,4,-19,2,-18,0,-18,-3,-17,-6,-17,-9,-17,-13,-17,-16,-17,-18,-17,-20,-18,-21,-18,-22,-19,-21,-19,-20,-19,-19,-19,-16,-18,-13,-17,-9,-16,-5,-14]"
CSI_DATA,41513,d8:b1:90:db:e8:90,-41,11,1,7,0,0,1,0,1,0,1,-94,0,4,0,650026849,0,100,0,128,1,"[100,-64,5,0,12,4,12,9,12,14,12,18,11,21,10,24,10,26,10,27,9,26,9,25,9,24,9,21,9,18,9,15,10,11,11,8,13,5,15,2,16,-1,18,-2,19,-2,21,-3,21,-2,21,-1,21,0,5,0,0,0,0,0,0,0,0,0,0,0,0,0,0,0,0,0,0,0,3,-2,15,-8,17,-7,19,-6,20,-5,21,-4,21,-4,20,-4,19,-5,17,-7,15,-9,13,-11,11,-14,10,-17,8,-20,7,-23,6,-26,5,-28,5,-30,5,-30,5,-30,6,-29,6,-27,7,-25,8,-22,9,-17,10,-14]"
CSI_DATA,41514,d8:b1:90:db:e8:90,-40,11,1,7,0,0,1,0,1,0,1,-94,0,4,0,650046672,0,100,0,128,1,"[100,-64,5,0,-4,12,-9,13,-15,13,-19,13,-23,13,-25,13,-27,12,-28,12,-28,11,-27,11,-26,10,-23,10,-20,10,-16,10,-12,11,-8,12,-5,14,-2,16,1,17,3,18,4,20,4,21,3,22,1,22,0,22,-1,5,0,0,0,0,0,0,0,0,0,0,0,0,0,0,0,0,0,0,2,3,9,15,8,18,7,20,6,21,5,22,5,22,5,21,6,19,8,17,10,15,12,13,15,10,18,8,22,5,24,4,27,2,29,1,31,1,32,1,32,1,31,1,29,2,26,4,23,6,18,7,14,9]"
CSI_DATA,41515,d8:b1:90:db:e8:90,-41,11,1,7,0,0,1,0,1,0,1,-94,0,4,0,650057255,0,100,0,128,1,"[100,-64,5,0,1,8,-2,11,-5,13,-8,14,-11,16,-13,16,-14,16,-15,16,-15,16,-15,16,-14,15,-12,14,-10,13,-8,12,-5,11,-2,11,1,11,3,11,5,11,7,12,8,13,8,14,8,14,7,15,5,15,1,3,0,0,0,0,0,0,0,0,0,0,0,0,0,0,0,0,0,0,3,0,12,4,13,5,13,7,13,8,13,9,13,9,13,9,13,8,13,6,13,4,13,1,13,-1,14,-4,15,-7,16,-9,17,-11,18,-12,18,-13,19,-14,19,-13,19,-12,18,-11,17,-9,16,-7,13,-4,12,-2]"
CSI_DATA,41516,d8:b1:90:db:e8:90,-41,11,1,7,0,0,1,0,1,0,1,-94,0,4,0,650086282,0,100,0,128,1,"[100,-64,5,0,-12,2,-15,-2,-17,-6,-19,-10,-20,-13,-21,-15,-21,-17,-22,-18,-21,-18,-20,-18,-19,-16,-18,-14,-17,-11,-15,-8,-14,-4,-13,-1,-13,3,-13,6,-13,8,-14,10,-14,12,-15,12,-16,12,-17,11,-18,10,-5,2,0,0,0,0,0,0,0,0,0,0,0,0,0,0,0,0,0,0,-3,3,-10,14,-12,14,-14,14,-15,14,-16,13,-17,13,-16,13,-14,13,-12,13,-9,13,-6,14,-2,16,1,17,5,19,7,21,10,22,11,24,12,25,13,25,13,25,12,25,10,24,8,22,5,20,1,18,-1,15]"
CSI_DATA,41517,d8:b1:90:db:e8:90,-41,11,1,7,0,0,1,0,1,0,1,-94,0,4,0,650103540,0,100,0,128,1,"[100,-64,5,0,-10,8,-15,5,-20,2,-23,0,-26,-2,-29,-4,-30,-6,-31,-7,-31,-8,-30,-7,-28,-7,-26,-5,-24,-3,-21,-1,-18,2,-15,5,-14,9,-12,12,-12,15,-12,17,-12,19,-12,19,-13,19,-15,18,-16,17,-4,4,0,0,0,0,0,0,0,0,0,0,0,0,0,0,0,0,0,0,0,4,3,18,1,20,-1,22,-2,23,-3,24,-3,23,-3,23,-2,22,0,20,3,19,6,17,10,16,14,15,19,14,22,14,25,14,27,14,29,14,30,14,29,15,28,15,26,16,22,15,18,15,13,15,10,14]"
CSI_DATA,41518,d8:b1:90:db:e8:90,-41,11,1,7,0,0,1,0,1,0,1,-94,0,4,0,650121843,0,100,0,128,1,"[100,-64,5,0,-14,-5,-14,-11,-13,-16,-13,-20,-12,-24,-11,-27,-11,-29,-10,-29,-10,-29,-9,-28,-9,-26,-10,-24,-10,-21,-11,-17,-12,-14,-13,-10,-15,-7,-17,-4,-19,-1,-20,0,-22,0,-23,0,-23,-1,-23,-2,-22,-4,-6,-1,0,0,0,0,0,0,0,0,0,0,0,0,0,0,0,0,0,0,-5,2,-17,8,-19,7,-21,6,-23,5,-24,4,-24,3,-23,4,-21,5,-19,6,-17,8,-15,11,-13,14,-11,18,-9,21,-8,24,-7,27,-6,30,-5,31,-5,31,-6,32,-7,31,-7,29,-9,26,-10,22,-11,18,-11,14]"
CSI_DATA,41519,d8:b1:90:db:e8:90,-41,11,1,7,0,0,1,0,1,0,1,-94,0,4,0,650134741,0,100,0,128,1,"[100,-64,5,0,9,-9,14,-6,18,-3,21,-1,24,1,26,3,27,5,28,6,28,6,26,6,25,5,22,3,20,2,18,-1,16,-3,14,-6,12,-9,10,-12,10,-15,9,-17,9,-18,9,-19,10,-19,12,-18,13,-17,3,-4,0,0,0,0,0,0,0,0,0,0,0,0,0,0,0,0,0,0,0,-5,2,-18,3,-19,5,-20,7,-21,8,-21,8,-21,7,-20,6,-20,4,-19,1,-18,-2,-18,-6,-17,-9,-18,-13,-18,-16,-19,-19,-19,-21,-20,-23,-20,-23,-20,-23,-20,-22,-21,-20,-21,-18,-20,-14,-19,-10,-18,-6,-17]"
CSI_DATA,41520,d8:b1:90:db:e8:90,-41,11,1,7,0,0,1,0,1,0,1,-94,0,4,0,650145790,0,100,0,128,1,"[100,-64,5,0,-12,0,-14,-4,-15,-8,-16,-12,-16,-15,-16,-17,-16,-19,-16,-19,-16,-19,-16,-19,-15,-17,-14,-15,-14,-13,-13,-10,-13,-7,-13,-3,-13,0,-14,2,-15,4,-15,6,-16,7,-17,7,-17,7,-18,6,-18,5,-5,1,0,0,0,0,0,0,0,0,0,0,0,0,0,0,0,0,0,0,-3,2,-11,10,-13,10,-15,9,-16,9,-17,9,-17,9,-17,9,-15,9,-14,10,-11,11,-9,12,-6,14,-3,16,-1,18,1,20,2,22,4,23,4,25,4,25,4,25,3,24,2,23,1,22,-1,19,-3,16,-5,13]"
CSI_DATA,41521,d8:b1:90:db:e8:90,-40,11,1,7,0,0,1,0,1,0,1,-94,0,4,0,650158223,0,100,0,128,1,"[100,-64,5,0,2,8,-1,11,-4,15,-7,17,-10,19,-13,20,-14,21,-16,21,-16,21,-15,20,-14,19,-12,18,-10,16,-7,15,-4,14,0,13,3,13,5,13,7,14,9,14,10,15,11,16,10,16,9,17,7,17,1,4,0,0,0,0,0,0,0,0,0,0,0,0,0,0,0,0,0,0,3,0,15,0,17,2,18,3,18,5,19,6,19,6,18,6,18,5,17,3,16,1,16,-2,15,-5,15,-9,16,-12,16,-15,16,-17,17,-19,18,-21,18,-21,19,-21,19,-19,18,-18,17,-15,16,-12,14,-8,13,-5]"
CSI_DATA,41522,d8:b1:90:db:e8:90,-41,11,1,7,0,0,1,0,1,0,1,-94,0,4,0,650170018,0,100,0,128,1,"[100,-64,5,0,-4,-13,0,-16,4,-18,7,-21,11,-23,13,-24,15,-25,16,-25,16,-24,16,-23,14,-21,11,-20,8,-19,5,-18,2,-16,-1,-15,-5,-15,-8,-14,-10,-14,-13,-14,-15,-15,-15,-16,-15,-17,-13,-18,-12,-18,-3,-5,0,0,0,0,0,0,0,0,0,0,0,0,0,0,0,0,0,0,-4,-3,-16,-10,-16,-12,-16,-15,-15,-16,-15,-17,-15,-17,-15,-17,-15,-15,-15,-13,-16,-10,-17,-7,-18,-4,-20,-1,-22,2,-23,5,-25,8,-26,10,-27,11,-28,12,-29,12,-28,11,-27,10,-26,7,-23,4,-20,0,-17,-2]"
CSI_DATA,41523,d8:b1:90:db:e8:90,-41,11,1,7,0,0,1,0,1,0,1,-94,0,4,0,650189948,0,100,0,128,1,"[100,-64,5,0,1,-10,6,-11,9,-11,13,-11,16,-11,18,-11,19,-11,20,-10,20,-10,19,-10,18,-9,16,-9,14,-9,11,-9,9,-10,6,-11,3,-12,1,-14,-1,-15,-2,-16,-2,-17,-2,-18,-2,-18,0,-18,1,-18,0,-5,0,0,0,0,0,0,0,0,0,0,0,0,0,0,0,0,0,0,-3,-3,-11,-10,-11,-12,-10,-14,-10,-15,-10,-15,-10,-16,-9,-15,-10,-14,-10,-13,-11,-11,-12,-9,-14,-7,-15,-5,-18,-3,-20,-1,-21,0,-23,1,-24,2,-24,2,-24,2,-24,2,-23,1,-21,-1,-18,-2,-15,-4,-13,-5]"
CSI_DATA,41524,d8:b1:90:db:e8:90,-41,11,1,7,0,0,1,0,1,0,1,-94,0,4,0,650208100,0,100,0,128,1,"[100,-64,5,0,1,-12,5,-14,9,-15,13,-16,17,-16,19,-16,21,-15,21,-15,21,-15,20,-15,18,-15,16,-14,14,-12,10,-12,6,-12,2,-12,-1,-13,-3,-14,-5,-15,-7,-15,-9,-16,-10,-17,-10,-18,-8,-19,-6,-19,-2,-5,0,0,0,0,0,0,0,0,0,0,0,0,0,0,0,0,0,0,-2,-4,-8,-14,-7,-16,-6,-18,-5,-20,-4,-20,-4,-20,-5,-19,-6,-18,-7,-16,-9,-14,-11,-12,-13,-10,-16,-8,-18,-5,-21,-3,-24,-2,-26,-2,-27,-1,-28,-1,-27,-1,-27,-1,-26,-2,-24,-3,-21,-5,-17,-7,-14,-8]"
CSI_DATA,41525,d8:b1:90:db:e8:90,-41,11,1,7,0,0,1,0,1,0,1,-94,0,4,0,650224456,0,100,0,128,1,"[100,-64,5,0,-10,-2,-11,-7,-12,-11,-12,-15,-12,-18,-12,-21,-12,-22,-12,-23,-11,-23,-11,-22,-10,-21,-10,-19,-10,-16,-10,-13,-10,-10,-12,-7,-13,-4,-14,-2,-16,0,-17,1,-18,2,-19,2,-19,1,-19,0,-19,-2,-5,-1,0,0,0,0,0,0,0,0,0,0,0,0,0,0,0,0,0,0,-3,2,-10,11,-12,12,-14,12,-15,11,-16,11,-16,11,-16,11,-15,11,-13,11,-11,12,-8,13,-6,15,-3,17,0,18,2,20,3,22,5,23,5,25,5,25,5,26,4,25,3,24,1,22,-1,19,-3,15,-4,13]"
CSI_DATA,41526,d8:b1:90:db:e8:90,-41,11,1,7,0,0,1,0,1,0,1,-94,0,4,0,650240714,0,100,0,128,1,"[100,-64,5,0,-11,5,-15,1,-18,-3,-21,-6,-23,-9,-25,-11,-25,-12,-25,-14,-25,-14,-24,-14,-23,-13,-22,-11,-20,-9,-18,-6,-16,-3,-15,1,-15,4,-14,7,-15,10,-15,11,-15,12,-16,13,-17,13,-18,12,-19,10,-5,2,0,0,0,0,0,0,0,0,0,0,0,0,0,0,0,0,0,0,-1,4,-2,16,-3,18,-5,19,-6,20,-7,20,-7,20,-7,20,-6,19,-4,19,-2,18,1,17,5,17,8,18,12,18,14,19,17,19,19,20,20,20,21,21,21,21,20,21,18,20,15,19,11,18,7,17,3,15]"
CSI_DATA,41527,d8:b1:90:db:e8:90,-41,11,1,7,0,0,1,0,1,0,1,-94,0,4,0,650254487,0,100,0,128,1,"[100,-64,5,0,-11,-11,-8,-15,-6,-19,-4,-23,-2,-26,0,-28,1,-30,1,-30,2,-30,1,-29,1,-27,0,-24,-1,-21,-3,-18,-6,-15,-8,-12,-11,-9,-13,-7,-16,-6,-19,-5,-21,-5,-22,-5,-22,-6,-21,-7,-20,-8,-5,-3,0,0,0,0,0,0,0,0,0,0,0,0,0,0,0,0,0,0,-5,-1,-19,-4,-19,-5,-20,-7,-21,-9,-21,-10,-21,-10,-20,-9,-20,-8,-19,-6,-18,-3,-18,1,-17,5,-17,9,-18,13,-18,16,-18,19,-19,22,-19,24,-19,24,-19,24,-19,23,-19,21,-19,19,-18,15,-18,10,-17,7]"
CSI_DATA,41528,d8:b1:90:db:e8:90,-40,11,1,7,0,0,1,0,1,0,1,-94,0,4,0,650267035,0,100,0,128,1,"[100,-64,5,0,11,8,9,13,7,18,6,21,4,25,3,27,2,28,1,29,1,28,1,27,1,25,2,23,3,20,4,16,6,13,9,10,11,7,14,5,16,3,18,1,19,1,21,1,21,2,21,3,20,5,5,1,0,0,0,0,0,0,0,0,0,0,0,0,0,0,0,0,0,0,4,0,17,1,19,2,20,4,20,6,21,6,20,7,20,6,19,5,18,2,17,-1,16,-4,16,-8,15,-12,15,-15,15,-19,15,-22,15,-25,15,-26,15,-27,16,-27,16,-26,16,-24,16,-22,16,-18,15,-13,15,-9]"
CSI_DATA,41529,d8:b1:90:db:e8:90,-41,11,1,7,0,0,1,0,1,0,1,-94,0,4,0,650292272,0,100,0,128,1,"[100,-64,5,0,-1,12,-6,15,-11,17,-16,18,-20,19,-23,20,-25,20,-26,19,-27,18,-26,18,-24,17,-21,16,-18,15,-14,15,-10,15,-6,15,-2,16,2,17,4,18,6,20,8,21,8,22,7,23,5,23,3,23,0,5,0,0,0,0,0,0,0,0,0,0,0,0,0,0,0,0,0,0,4,2,17,9,17,12,17,15,17,16,17,17,17,17,16,17,16,15,17,13,17,10,18,6,20,3,21,-1,24,-5,26,-8,28,-11,29,-12,30,-14,31,-14,31,-14,31,-13,30,-10,27,-8,24,-5,21,-1,18,2]"
CSI_DATA,41530,d8:b1:90:db:e8:90,-41,11,1,7,0,0,1,0,1,0,1,-94,0,4,0,650305049,0,100,0,128,1,"[100,-64,5,0,-9,-4,-9,-8,-9,-11,-8,-14,-7,-17,-7,-19,-6,-20,-6,-21,-6,-21,-6,-21,-6,-20,-6,-18,-6,-16,-7,-14,-8,-11,-9,-9,-10,-7,-12,-6,-13,-4,-15,-4,-16,-3,-16,-4,-16,-4,-16,-5,-16,-6,-4,-2,0,0,0,0,0,0,0,0,0,0,0,0,0,0,0,0,0,0,-3,2,-9,9,-11,9,-13,8,-14,8,-15,8,-15,8,-15,8,-14,8,-13,9,-11,10,-9,11,-7,13,-5,14,-4,16,-2,18,-1,20,-1,21,0,22,0,22,-1,22,-1,22,-2,20,-3,18,-4,16,-5,12,-6,10]"
CSI_DATA,41531,d8:b1:90:db:e8:90,-41,11,1,7,0,0,1,0,1,0,1,-94,0,4,0,650315198,0,100,0,128,1,"[100,-64,5,0,11,3,11,8,11,12,11,16,11,19,10,21,10,22,9,23,9,23,9,22,9,20,8,18,8,16,9,12,10,9,11,7,12,4,13,1,14,-1,16,-2,17,-3,18,-3,18,-2,18,-1,18,0,4,0,0,0,0,0,0,0,0,0,0,0,0,0,0,0,0,0,0,0,3,-2,13,-8,14,-8,16,-7,18,-6,18,-6,18,-5,18,-5,17,-6,15,-7,13,-9,11,-11,9,-13,7,-16,5,-18,4,-21,3,-23,2,-25,2,-27,2,-27,2,-27,3,-26,4,-25,4,-23,6,-20,7,-16,8,-13]"
CSI_DATA,41532,d8:b1:90:db:e8:90,-40,11,1,7,0,0,1,0,1,0,1,-94,0,4,0,650326889,0,100,0,128,1,"[100,-64,5,0,3,-11,8,-11,13,-11,17,-11,20,-10,22,-10,24,-9,24,-9,24,-8,23,-8,22,-8,20,-8,17,-8,14,-9,11,-9,7,-11,5,-13,2,-15,0,-16,-1,-18,-2,-19,-2,-20,-1,-20,1,-20,2,-20,0,-5,0,0,0,0,0,0,0,0,0,0,0,0,0,0,0,0,0,0,-3,-4,-9,-14,-8,-16,-7,-18,-6,-20,-6,-20,-5,-20,-5,-19,-6,-18,-7,-17,-9,-14,-11,-12,-14,-10,-17,-8,-19,-6,-22,-5,-24,-4,-26,-3,-28,-2,-28,-2,-28,-3,-28,-3,-26,-4,-24,-5,-20,-6,-16,-8,-13,-9]"
CSI_DATA,41533,d8:b1:90:db:e8:90,-40,11,1,7,0,0,1,0,1,0,1,-94,0,4,0,650338517,0,100,0,128,1,"[100,-64,5,0,10,0,12,4,13,9,14,12,15,15,15,18,15,20,15,21,15,21,14,20,13,19,12,16,12,14,12,11,12,7,12,4,13,1,14,-2,15,-4,16,-6,17,-6,18,-6,19,-6,19,-4,19,-3,4,-1,0,0,0,0,0,0,0,0,0,0,0,0,0,0,0,0,0,0,2,-4,9,-13,11,-14,13,-13,14,-13,15,-13,15,-13,15,-13,14,-13,12,-13,9,-14,6,-15,3,-17,1,-18,-2,-20,-4,-22,-6,-24,-7,-25,-8,-27,-8,-27,-8,-27,-7,-26,-6,-26,-4,-24,-2,-21,1,-18,3,-15]"
CSI_DATA,41534,d8:b1:90:db:e8:90,-40,11,1,7,0,0,1,0,1,0,1,-94,0,4,0,650352437,0,100,0,128,1,"[100,-64,5,0,-12,6,-16,3,-19,0,-22,-3,-24,-6,-25,-8,-26,-9,-26,-10,-26,-10,-25,-10,-24,-9,-22,-7,-20,-5,-18,-2,-15,1,-13,4,-11,7,-10,10,-9,13,-9,15,-9,16,-10,17,-11,17,-12,17,-13,16,-4,4,0,0,0,0,0,0,0,0,0,0,0,0,0,0,0,0,0,0,-2,3,-8,15,-10,16,-12,16,-13,16,-14,15,-14,15,-13,15,-12,15,-10,14,-7,15,-4,15,0,16,4,17,7,18,11,19,13,20,15,21,16,22,17,23,17,23,16,23,14,22,12,21,9,19,6,17,3,16]"
CSI_DATA,41535,d8:b1:90:db:e8:90,-40,11,1,7,0,0,1,0,1,0,1,-94,0,4,0,650368177,0,100,0,128,1,"[100,-64,5,0,-5,11,-9,11,-14,11,-18,11,-21,11,-23,10,-24,10,-25,9,-25,9,-24,9,-22,9,-20,9,-17,9,-14,9,-10,9,-7,10,-3,12,-1,13,2,14,3,16,4,17,5,17,4,18,3,19,1,19,0,4,0,0,0,0,0,0,0,0,0,0,0,0,0,0,0,0,0,0,1,3,4,15,3,16,1,18,0,19,-1,19,-1,19,0,19,1,17,2,16,4,14,7,12,10,11,13,9,16,8,19,7,22,6,24,6,25,5,27,5,27,6,26,6,24,6,21,7,19,8,15,9,11,10]"
CSI_DATA,41536,d8:b1:90:db:e8:90,-41,11,1,7,0,0,1,0,1,0,1,-94,0,4,0,650394442,0,100,0,128,1,"[100,-64,5,0,-6,-8,-4,-12,-2,-15,0,-18,2,-20,4,-22,5,-23,6,-23,6,-23,6,-22,5,-21,4,-19,2,-17,0,-15,-2,-13,-4,-12,-7,-11,-9,-10,-11,-9,-13,-9,-14,-9,-15,-10,-15,-11,-14,-11,-13,-12,-3,-3,0,0,0,0,0,0,0,0,0,0,0,0,0,0,0,0,0,0,-4,0,-14,0,-15,-1,-16,-2,-17,-3,-18,-4,-18,-4,-17,-4,-17,-3,-16,-2,-15,0,-15,3,-14,5,-14,8,-13,11,-14,13,-14,15,-14,17,-14,18,-15,19,-14,19,-15,18,-15,16,-14,14,-14,11,-13,8,-12,5]"
CSI_DATA,41537,d8:b1:90:db:e8:90,-40,11,1,7,0,0,1,0,1,0,1,-94,0,4,0,650407214,0,100,0,128,1,"[100,-64,5,0,13,2,14,8,16,14,17,18,17,22,17,25,17,27,16,28,15,28,14,28,14,25,13,23,13,19,13,15,14,11,15,6,16,2,17,-2,18,-5,20,-7,21,-8,22,-7,23,-7,24,-5,24,-3,6,-1,0,0,0,0,0,0,0,0,0,0,0,0,0,0,0,0,0,0,3,-3,16,-12,18,-12,21,-11,22,-10,23,-10,23,-10,22,-10,21,-11,18,-12,15,-13,13,-16,10,-19,7,-22,4,-25,1,-28,0,-30,-2,-33,-3,-34,-3,-35,-3,-35,-3,-34,-1,-33,1,-30,3,-26,6,-21,8,-18]"
CSI_DATA,41538,d8:b1:90:db:e8:90,-41,11,1,7,0,0,1,0,1,0,1,-94,0,4,0,650417895,0,100,0,128,1,"[100,-64,5,0,-3,-14,2,-16,6,-18,10,-20,14,-21,16,-22,18,-22,19,-22,19,-22,18,-21,16,-20,14,-19,11,-17,8,-16,4,-15,1,-15,-3,-15,-6,-15,-8,-15,-10,-16,-12,-16,-13,-17,-12,-18,-11,-19,-10,-19,-3,-5,0,0,0,0,0,0,0,0,0,0,0,0,0,0,0,0,0,0,-4,-3,-14,-11,-14,-13,-14,-15,-14,-17,-14,-18,-13,-18,-13,-17,-14,-16,-14,-14,-15,-11,-16,-8,-18,-5,-20,-2,-22,1,-24,3,-26,6,-28,7,-29,8,-29,8,-29,8,-29,7,-27,5,-25,4,-23,1,-20,-2,-17,-4]"
CSI_DATA,41539,d8:b1:90:db:e8:90,-40,11,1,7,0,0,1,0,1,0,1,-94,0,4,0,650430110,0,100,0,128,1,"[100,-64,5,0,-6,-10,-3,-14,0,-17,3,-20,5,-23,7,-24,9,-26,9,-26,10,-26,10,-24,9,-23,7,-21,5,-19,2,-17,-1,-15,-4,-13,-7,-12,-10,-11,-12,-11,-14,-11,-16,-11,-17,-12,-17,-13,-16,-14,-15,-15,-4,-4,0,0,0,0,0,0,0,0,0,0,0,0,0,0,0,0,0,0,-5,0,-17,-1,-18,-2,-19,-4,-20,-6,-21,-6,-21,-7,-20,-6,-19,-5,-18,-3,-17,-1,-16,2,-16,6,-16,9,-16,13,-16,16,-16,19,-17,21,-17,22,-17,22,-18,22,-18,21,-18,19,-17,17,-16,13,-15,9,-14,6]"
CSI_DATA,41540,d8:b1:90:db:e8:90,-41,11,1,7,0,0,1,0,1,0,1,-94,0,4,0,650442860,0,100,0,128,1,"[100,-64,5,0,2,-13,7,-14,12,-14,16,-15,20,-15,23,-15,24,-14,25,-14,25,-13,24,-13,22,-12,20,-12,17,-12,14,-12,10,-13,6,-13,3,-15,0,-16,-3,-17,-5,-19,-6,-20,-6,-21,-5,-22,-4,-22,-2,-22,-1,-6,0,0,0,0,0,0,0,0,0,0,0,0,0,0,0,0,0,0,-3,-4,-11,-14,-11,-16,-10,-18,-10,-20,-9,-21,-9,-21,-9,-20,-9,-18,-10,-17,-12,-14,-14,-12,-16,-9,-19,-6,-23,-4,-25,-2,-27,0,-29,1,-30,1,-31,1,-31,1,-30,0,-28,-1,-26,-2,-23,-4,-19,-6,-16,-8]"
CSI_DATA,41541,d8:b1:90:db:e8:90,-41,11,1,7,0,0,1,0,1,0,1,-94,0,4,0,650455651,0,100,0,128,1,"[100,-64,5,0,0,14,-5,16,-9,17,-14,19,-17,20,-20,20,-21,20,-22,20,-22,19,-21,18,-20,17,-17,17,-14,15,-10,14,-6,13,-2,13,1,13,5,13,8,14,10,14,12,15,13,16,12,17,11,18,10,18,2,4,0,0,0,0,0,0,0,0,0,0,0,0,0,0,0,0,0,0,2,3,10,14,9,16,8,18,7,20,7,20,7,20,7,19,7,18,8,16,10,13,12,10,15,7,18,5,21,2,24,0,26,-2,28,-3,29,-4,30,-4,30,-4,29,-3,28,-2,26,-1,23,2,19,4,16,6]"
CSI_DATA,41542,d8:b1:90:db:e8:90,-40,11,1,7,0,0,1,0,1,0,1,-94,0,4,0,650468328,0,100,0,128,1,"[100,-64,5,0,3,-12,8,-12,13,-11,17,-11,20,-11,23,-10,24,-10,25,-9,25,-9,24,-8,22,-9,20,-8,17,-8,14,-9,11,-10,7,-11,4,-13,2,-15,0,-16,-2,-18,-3,-19,-3,-20,-2,-20,0,-20,1,-20,0,-5,0,0,0,0,0,0,0,0,0,0,0,0,0,0,0,0,0,0,-2,-4,-8,-15,-7,-17,-6,-19,-5,-20,-5,-20,-5,-20,-5,-20,-5,-19,-7,-17,-9,-15,-11,-13,-14,-11,-17,-9,-20,-7,-22,-6,-25,-5,-27,-5,-28,-4,-29,-4,-29,-4,-28,-5,-26,-5,-24,-6,-20,-7,-16,-9,-13,-10]"
CSI_DATA,41543,d8:b1:90:db:e8:90,-41,11,1,7,0,0,1,0,1,0,1,-94,0,4,0,650483553,0,100,0,128,1,"[100,-64,5,0,-10,-8,-8,-13,-7,-17,-5,-21,-4,-24,-2,-27,-1,-28,-1,-29,0,-29,0,-28,0,-26,-1,-24,-2,-21,-4,-18,-6,-15,-9,-12,-11,-10,-13,-9,-16,-7,-18,-6,-19,-6,-20,-7,-20,-8,-20,-9,-19,-10,-5,-3,0,0,0,0,0,0,0,0,0,0,0,0,0,0,0,0,0,0,-4,1,-17,6,-18,5,-20,4,-21,3,-22,2,-22,2,-22,3,-21,3,-19,5,-17,7,-15,9,-13,12,-12,16,-11,19,-10,22,-9,25,-9,27,-9,28,-9,29,-9,28,-9,28,-10,26,-11,23,-11,19,-12,14,-12,10]"
CSI_DATA,41544,d8:b1:90:db:e8:90,-41,11,1,7,0,0,1,0,1,0,1,-94,0,4,0,650507423,0,100,0,128,1,"[100,-64,5,0,10,-4,13,-1,16,3,18,6,19,9,20,11,21,13,21,14,21,14,21,13,20,12,18,10,17,8,15,6,14,3,13,0,13,-4,13,-7,13,-9,13,-11,14,-12,14,-12,15,-12,16,-11,16,-10,4,-3,0,0,0,0,0,0,0,0,0,0,0,0,0,0,0,0,0,0,0,-4,4,-15,5,-16,7,-17,8,-18,9,-18,9,-18,9,-18,8,-17,6,-17,3,-17,0,-17,-3,-17,-6,-18,-9,-19,-11,-20,-14,-21,-16,-22,-17,-23,-17,-23,-17,-23,-16,-23,-14,-22,-12,-21,-9,-19,-5,-17,-2,-15]"
CSI_DATA,41545,d8:b1:90:db:e8:90,-40,11,1,7,0,0,1,0,1,0,1,-94,0,4,0,650527510,0,100,0,128,1,"[100,-64,5,0,-2,12,-7,13,-12,14,-16,15,-20,15,-23,15,-25,14,-26,14,-26,13,-25,13,-24,12,-22,12,-19,12,-15,12,-11,12,-8,13,-5,14,-2,15,1,17,2,18,3,19,3,20,3,21,1,21,-1,21,-1,5,0,0,0,0,0,0,0,0,0,0,0,0,0,0,0,0,0,0,3,2,13,11,13,13,12,16,12,17,12,18,12,18,12,17,12,16,13,14,14,12,15,9,17,6,20,3,23,1,25,-2,27,-3,29,-5,30,-6,30,-6,30,-5,30,-4,28,-3,26,-1,22,1,18,4,15,6]"
CSI_DATA,41546,d8:b1:90:db:e8:90,-41,11,1,7,0,0,1,0,0,0,1,-94,0,4,0,650541198,0,100,0,128,1,"[100,-64,5,0,7,-24,6,-24,6,-24,5,-24,5,-23,4,-23,4,-23,3,-24,3,-24,3,-24,2,-24,3,-24,3,-24,2,-24,2,-24,2,-23,2,-22,2,-22,3,-21,3,-21,3,-20,3,-19,3,-19,4,-19,5,-19,1,-5,0,0,0,0,0,0,0,0,0,0,0,0,0,0,0,0,0,0,0,-5,2,-18,3,-18,5,-19,6,-19,7,-20,7,-20,8,-20,9,-20,9,-20,10,-20,11,-20,11,-21,11,-21,11,-22,10,-22,10,-22,9,-22,9,-22,9,-23,9,-23,8,-23,8,-24,8,-24,7,-24,7,-25,7,-25]"
CSI_DATA,41547,d8:b1:90:db:e8:90,-40,11,1,7,0,0,1,0,0,0,1,-94,0,4,0,650551950,0,100,0,128,1,"[100,-64,5,0,14,13,15,13,15,13,14,12,14,12,14,12,15,11,15,11,15,11,15,11,15,10,15,10,16,10,15,10,15,10,14,11,14,11,13,10,13,10,13,10,12,10,12,10,11,10,10,10,10,11,2,2,0,0,0,0,0,0,0,0,0,0,0,0,0,0,0,0,0,0,3,1,12,7,12,7,12,9,12,10,12,11,12,11,12,12,11,12,11,13,11,13,11,14,11,15,11,15,11,15,12,14,12,14,12,14,12,14,13,14,13,14,14,14,14,14,14,13,15,13,15,13,15,13]"
CSI_DATA,41548,d8:b1:90:db:e8:90,-40,11,1,7,0,0,1,0,0,0,1,-94,0,4,0,650562267,0,100,0,128,1,"[100,-64,5,0,20,-11,20,-11,19,-12,19,-11,18,-12,18,-12,17,-12,17,-13,17,-13,17,-13,17,-13,16,-13,16,-13,16,-13,16,-13,16,-12,16,-12,16,-11,16,-11,15,-11,14,-10,14,-9,14,-9,15,-8,15,-8,3,-2,0,0,0,0,0,0,0,0,0,0,0,0,0,0,0,0,0,0,3,-3,13,-10,13,-10,14,-9,15,-9,16,-8,16,-8,17,-8,18,-8,19,-8,19,-8,19,-8,20,-7,20,-7,20,-7,20,-6,21,-6,21,-6,21,-7,20,-8,20,-9,20,-9,20,-9,20,-10,20,-10,20,-10,20,-10]"
CSI_DATA,41549,d8:b1:90:db:e8:90,-40,11,1,7,0,0,1,0,0,0,1,-94,0,4,0,650581580,0,100,0,128,1,"[100,-64,5,0,5,23,5,23,6,23,7,23,7,22,8,22,8,22,8,21,8,21,8,20,9,20,9,20,10,20,10,20,9,20,9,19,9,19,8,18,8,18,7,17,6,17,6,16,6,17,4,17,3,17,0,4,0,0,0,0,0,0,0,0,0,0,0,0,0,0,0,0,0,0,1,4,5,16,5,17,4,18,3,18,3,19,3,20,2,20,2,20,1,21,1,22,0,22,0,23,1,23,1,23,1,23,1,23,2,23,3,23,3,23,3,23,3,23,4,24,4,24,4,24,4,24,5,24]"
CSI_DATA,41550,d8:b1:90:db:e8:90,-40,11,1,7,0,0,1,0,0,0,1,-94,0,4,0,650603073,0,100,0,128,1,"[100,-64,5,0,-11,-21,-12,-20,-12,-20,-12,-20,-12,-19,-12,-19,-13,-18,-12,-18,-13,-18,-13,-17,-14,-17,-14,-17,-14,-17,-14,-17,-13,-17,-13,-17,-13,-17,-12,-17,-11,-16,-11,-16,-11,-15,-10,-15,-10,-15,-8,-15,-8,-15,-2,-4,0,0,0,0,0,0,0,0,0,0,0,0,0,0,0,0,0,0,-3,-4,-9,-15,-9,-15,-9,-16,-8,-17,-8,-17,-8,-18,-7,-18,-7,-19,-7,-20,-6,-20,-6,-20,-6,-21,-6,-21,-6,-21,-7,-21,-7,-21,-7,-21,-8,-21,-8,-21,-8,-20,-8,-20,-9,-20,-10,-20,-11,-21,-11,-21,-10,-21]"
CSI_DATA,41551,d8:b1:90:db:e8:90,-40,11,1,7,0,0,1,0,0,0,1,-94,0,4,0,650615283,0,100,0,128,1,"[100,-64,5,0,-21,-12,-21,-12,-21,-11,-21,-11,-21,-10,-21,-10,-21,-9,-20,-9,-20,-8,-20,-8,-20,-8,-21,-7,-21,-6,-21,-7,-21,-7,-20,-7,-20,-7,-19,-7,-19,-7,-18,-7,-17,-7,-17,-7,-16,-7,-16,-8,-16,-8,-4,-2,0,0,0,0,0,0,0,0,0,0,0,0,0,0,0,0,0,0,-4,-2,-16,-6,-16,-7,-17,-7,-17,-8,-17,-9,-17,-9,-18,-10,-18,-11,-18,-11,-18,-12,-18,-12,-18,-12,-18,-13,-18,-13,-18,-13,-18,-14,-18,-14,-18,-13,-18,-13,-19,-13,-20,-13,-20,-13,-20,-13,-20,-13,-21,-13,-21,-13]"
CSI_DATA,41552,d8:b1:90:db:e8:90,-40,11,1,7,0,0,1,0,0,0,1,-94,0,4,0,650633662,0,100,0,128,1,"[100,-64,5,0,-19,18,-19,18,-18,18,-17,19,-17,19,-17,19,-16,19,-16,19,-15,19,-15,19,-14,19,-15,19,-15,19,-15,19,-15,19,-14,19,-15,19,-15,18,-14,17,-14,16,-14,15,-14,14,-14,14,-15,13,-15,13,-4,3,0,0,0,0,0,0,0,0,0,0,0,0,0,0,0,0,0,0,-3,3,-12,14,-13,14,-14,14,-15,14,-15,14,-16,14,-17,14,-17,14,-18,14,-19,14,-20,14,-20,14,-21,14,-21,14,-21,13,-21,13,-21,14,-20,14,-20,15,-20,15,-20,15,-20,16,-20,16,-19,17,-19,17,-19,17]"
CSI_DATA,41553,d8:b1:90:db:e8:90,-40,11,1,7,0,0,1,0,0,0,1,-94,0,4,0,650646642,0,100,0,128,1,"[100,-64,5,0,-15,21,-15,21,-15,21,-14,21,-14,21,-13,21,-13,21,-12,21,-12,21,-11,21,-11,21,-11,21,-11,21,-11,20,-11,20,-11,21,-11,21,-11,20,-11,19,-11,18,-11,17,-11,16,-11,16,-12,15,-12,15,-4,3,0,0,0,0,0,0,0,0,0,0,0,0,0,0,0,0,0,0,-3,4,-9,16,-10,16,-11,16,-12,16,-12,16,-13,16,-14,16,-14,17,-15,16,-16,16,-18,16,-18,17,-18,17,-18,17,-18,17,-18,17,-18,17,-18,17,-17,18,-17,18,-17,18,-17,19,-17,19,-16,20,-16,20,-16,20]"
CSI_DATA,41554,d8:b1:90:db:e8:90,-40,11,1,7,0,0,1,0,0,0,1,-94,0,4,0,650657652,0,100,0,128,1,"[100,-64,5,0,-4,-21,-4,-21,-5,-21,-5,-20,-5,-20,-5,-19,-6,-19,-6,-19,-6,-19,-6,-19,-7,-19,-7,-19,-7,-19,-7,-19,-6,-19,-6,-18,-6,-17,-5,-17,-5,-16,-4,-16,-4,-16,-4,-16,-3,-15,-2,-15,-1,-15,-1,-4,0,0,0,0,0,0,0,0,0,0,0,0,0,0,0,0,0,0,-2,-4,-6,-15,-5,-15,-4,-16,-4,-16,-4,-17,-3,-17,-2,-18,-2,-18,-1,-19,-1,-20,0,-20,0,-20,0,-20,0,-20,0,-19,-1,-19,-1,-19,-1,-20,-1,-20,-1,-20,-2,-20,-2,-21,-2,-21,-3,-20,-3,-21,-3,-21]"
CSI_DATA,41555,d8:b1:90:db:e8:90,-40,11,1,7,0,0,1,0,0,0,1,-94,0,4,0,650671085,0,100,0,128,1,"[100,-64,5,0,-5,20,-5,20,-4,20,-4,19,-4,19,-4,19,-3,19,-3,19,-2,19,-2,19,-1,19,-1,19,-1,19,-1,19,-1,18,-1,18,-1,18,-1,17,-2,17,-2,17,-2,17,-2,16,-2,16,-3,15,-4,15,-1,3,0,0,0,0,0,0,0,0,0,0,0,0,0,0,0,0,0,0,-1,3,-1,14,-2,15,-3,15,-4,16,-4,16,-5,17,-5,17,-6,17,-6,18,-7,18,-7,17,-8,17,-8,18,-8,18,-8,18,-8,18,-8,18,-8,18,-7,18,-7,19,-7,20,-7,20,-7,20,-6,20,-6,20,-6,20]"
CSI_DATA,41556,d8:b1:90:db:e8:90,-41,11,1,5,0,0,1,0,1,0,0,-94,0,4,0,650706281,0,100,0,128,1,"[100,-64,5,0,-9,-4,-9,-9,-9,-13,-8,-16,-8,-20,-7,-22,-6,-24,-6,-24,-5,-24,-5,-24,-5,-23,-6,-21,-6,-19,-7,-17,-8,-15,-10,-13,-11,-11,-13,-10,-15,-9,-16,-8,-16,-8,-17,-9,-16,-9,-16,-10,-15,-11,-4,-3,0,0,0,0,0,0,0,0,0,0,0,0,0,0,0,0,0,0,-2,3,-7,12,-8,13,-10,13,-12,13,-13,13,-14,13,-14,14,-13,14,-12,14,-10,15,-8,16,-7,17,-5,18,-3,20,-1,21,0,23,1,24,1,25,1,25,1,25,0,24,-1,23,-2,21,-3,18,-5,14,-6,11]"
CSI_DATA,41557,d8:b1:90:db:e8:90,-40,11,1,7,0,0,1,0,0,0,1,-94,0,4,0,650717600,0,100,0,128,1,"[100,-64,5,0,-14,17,-13,17,-13,17,-12,16,-12,16,-11,16,-11,16,-11,17,-11,17,-10,16,-10,17,-9,17,-9,17,-9,17,-9,17,-9,17,-9,16,-9,16,-9,15,-9,14,-9,14,-9,13,-9,13,-10,13,-10,12,-3,3,0,0,0,0,0,0,0,0,0,0,0,0,0,0,0,0,0,0,-2,3,-7,13,-8,13,-9,13,-10,13,-10,13,-12,13,-13,13,-14,13,-14,13,-15,13,-15,14,-15,14,-15,14,-15,14,-15,14,-15,13,-15,14,-15,14,-14,14,-14,14,-14,15,-14,15,-14,16,-13,17,-13,17,-14,17]"
CSI_DATA,41558,d8:b1:90:db:e8:90,-40,11,1,7,0,0,1,0,0,0,1,-94,0,4,0,650735471,0,100,0,128,1,"[100,-64,5,0,14,13,14,13,15,13,15,12,15,12,15,12,15,12,15,11,15,11,16,10,16,11,16,11,16,11,15,11,15,10,15,10,15,10,14,10,13,10,13,10,12,10,12,10,11,10,10,10,9,10,2,2,0,0,0,0,0,0,0,0,0,0,0,0,0,0,0,0,0,0,3,2,12,8,12,8,12,9,12,9,12,10,12,11,12,11,12,12,12,12,12,13,12,14,12,14,12,15,12,15,12,15,12,15,12,15,13,15,13,14,14,14,14,14,14,14,14,14,15,14,15,14,15,14]"
CSI_DATA,41559,d8:b1:90:db:e8:90,-40,11,1,7,0,0,1,0,0,0,1,-94,0,4,0,650746867,0,100,0,128,1,"[100,-64,5,0,-25,-7,-25,-7,-25,-6,-24,-7,-24,-7,-24,-6,-24,-5,-24,-5,-24,-4,-24,-4,-24,-4,-24,-4,-23,-3,-23,-3,-23,-4,-23,-4,-23,-4,-22,-4,-21,-4,-20,-4,-20,-4,-19,-4,-19,-5,-19,-5,-18,-6,-5,-2,0,0,0,0,0,0,0,0,0,0,0,0,0,0,0,0,0,0,-5,-1,-18,-3,-18,-4,-19,-5,-19,-6,-20,-6,-20,-7,-20,-8,-21,-8,-21,-9,-21,-10,-21,-10,-21,-10,-22,-10,-22,-10,-22,-10,-22,-10,-23,-10,-23,-10,-23,-9,-23,-9,-23,-8,-24,-9,-24,-9,-24,-8,-24,-8,-25,-8]"
CSI_DATA,41560,d8:b1:90:db:e8:90,-40,11,1,7,0,0,1,0,0,0,1,-94,0,4,0,650759800,0,100,0,128,1,"[100,-64,5,0,15,15,15,14,15,14,14,14,14,14,14,13,14,13,14,12,15,12,15,11,15,11,15,11,15,11,14,11,14,11,14,11,14,11,13,11,12,11,12,11,11,10,11,10,11,10,10,10,10,11,2,2,0,0,0,0,0,0,0,0,0,0,0,0,0,0,0,0,0,0,3,2,12,8,12,8,12,9,12,10,12,11,12,11,11,12,11,12,11,13,11,14,12,14,12,14,12,14,12,15,12,15,12,15,12,15,12,15,12,15,13,15,13,14,13,14,13,14,14,14,14,15,15,15]"
CSI_DATA,41561,d8:b1:90:db:e8:90,-40,11,1,7,0,0,1,0,0,0,1,-94,0,4,0,650774062,0,100,0,128,1,"[100,-64,5,0,-8,19,-7,19,-7,19,-7,18,-7,18,-6,18,-7,18,-7,19,-7,19,-6,19,-6,18,-6,18,-6,18,-6,18,-6,18,-5,17,-5,17,-5,16,-5,16,-5,15,-5,15,-5,14,-6,14,-7,14,-7,13,-2,3,0,0,0,0,0,0,0,0,0,0,0,0,0,0,0,0,0,0,-1,3,-3,15,-4,14,-5,14,-6,15,-6,15,-7,15,-8,15,-8,15,-9,16,-9,16,-9,16,-10,16,-10,16,-10,16,-10,16,-10,17,-10,17,-10,17,-9,17,-9,17,-9,18,-9,18,-8,18,-8,18,-8,18,-8,18]"
CSI_DATA,41562,d8:b1:90:db:e8:90,-41,11,1,5,0,0,1,0,1,0,0,-94,0,4,0,650805737,0,100,0,128,1,"[100,-64,5,0,-8,-6,-7,-11,-5,-14,-3,-18,-2,-21,-1,-23,0,-24,1,-24,1,-24,1,-23,1,-21,0,-20,-1,-18,-3,-15,-4,-13,-7,-11,-9,-9,-11,-8,-13,-7,-15,-6,-16,-6,-17,-7,-17,-8,-16,-9,-16,-10,-4,-3,0,0,0,0,0,0,0,0,0,0,0,0,0,0,0,0,0,0,-3,1,-13,4,-15,4,-16,3,-17,2,-18,1,-18,1,-18,1,-17,2,-16,3,-14,5,-13,7,-12,9,-10,12,-9,14,-9,17,-8,19,-8,20,-8,22,-8,23,-8,23,-8,22,-8,20,-9,18,-9,15,-10,11,-9,8]"
CSI_DATA,41563,d8:b1:90:db:e8:90,-40,11,1,7,0,0,1,0,0,0,1,-94,0,4,0,650818377,0,100,0,128,1,"[100,-64,5,0,6,-23,5,-23,5,-22,5,-23,5,-23,5,-22,5,-22,4,-22,4,-22,3,-22,3,-22,2,-22,2,-22,2,-22,2,-22,2,-21,2,-21,3,-20,3,-19,4,-19,4,-18,4,-18,4,-17,4,-17,5,-16,1,-4,0,0,0,0,0,0,0,0,0,0,0,0,0,0,0,0,0,0,0,-5,1,-17,2,-17,3,-18,4,-18,4,-18,5,-19,5,-19,6,-19,6,-19,6,-20,6,-20,7,-20,7,-21,7,-21,8,-20,8,-20,8,-20,8,-21,8,-21,8,-21,7,-22,7,-22,7,-22,6,-22,6,-23,7,-23]"
CSI_DATA,41564,d8:b1:90:db:e8:90,-40,11,1,7,0,0,1,0,0,0,1,-94,0,4,0,650829294,0,100,0,128,1,"[100,-64,5,0,-18,11,-18,12,-17,12,-17,11,-17,11,-17,11,-16,11,-16,12,-16,12,-16,12,-15,12,-15,12,-15,13,-15,13,-15,13,-14,12,-14,12,-13,12,-13,11,-13,10,-13,9,-13,9,-13,9,-13,8,-13,7,-4,1,0,0,0,0,0,0,0,0,0,0,0,0,0,0,0,0,0,0,-3,2,-12,9,-13,9,-13,8,-14,8,-15,8,-15,8,-16,8,-16,8,-17,8,-17,8,-17,8,-18,8,-18,8,-18,8,-18,7,-18,8,-18,8,-18,8,-18,8,-18,9,-18,9,-18,10,-18,10,-18,10,-18,10,-18,11]"
CSI_DATA,41565,d8:b1:90:db:e8:90,-40,11,1,7,0,0,1,0,0,0,1,-94,0,4,0,650840275,0,100,0,128,1,"[100,-64,5,0,-24,0,-24,1,-24,1,-24,1,-24,1,-23,1,-23,1,-23,2,-23,2,-22,3,-22,3,-22,4,-22,4,-22,4,-22,4,-22,4,-21,4,-20,4,-20,3,-19,2,-18,2,-18,1,-18,1,-18,1,-18,0,-5,0,0,0,0,0,0,0,0,0,0,0,0,0,0,0,0,0,0,0,-5,0,-17,1,-18,0,-18,-1,-19,-1,-19,-1,-20,-2,-20,-2,-21,-3,-21,-3,-22,-3,-22,-3,-22,-3,-22,-3,-22,-3,-22,-4,-22,-4,-22,-4,-22,-3,-23,-3,-23,-3,-23,-2,-23,-2,-24,-1,-24,-1,-24,-1,-25,-1]"
CSI_DATA,41566,d8:b1:90:db:e8:90,-40,11,1,7,0,0,1,0,0,0,1,-94,0,4,0,650852110,0,100,0,128,1,"[100,-64,5,0,-15,17,-15,17,-14,18,-14,18,-13,17,-12,17,-12,18,-12,18,-12,18,-12,18,-12,18,-12,18,-12,18,-12,17,-12,17,-12,17,-12,17,-12,17,-11,16,-11,15,-11,14,-11,14,-11,14,-11,13,-11,12,-3,3,0,0,0,0,0,0,0,0,0,0,0,0,0,0,0,0,0,0,-3,3,-9,14,-10,13,-11,13,-11,14,-12,14,-13,14,-13,14,-14,15,-14,15,-15,15,-16,14,-16,14,-17,14,-16,14,-16,14,-16,14,-16,14,-16,14,-16,15,-16,16,-16,16,-16,16,-15,16,-15,16,-15,16,-15,17]"
CSI_DATA,41567,d8:b1:90:db:e8:90,-40,11,1,7,0,0,1,0,0,0,1,-94,0,4,0,650862356,0,100,0,128,1,"[100,-64,5,0,-19,-11,-18,-11,-18,-10,-18,-10,-18,-10,-18,-9,-18,-9,-18,-9,-18,-9,-18,-8,-19,-8,-18,-8,-18,-8,-17,-8,-18,-8,-18,-8,-17,-8,-17,-8,-16,-8,-16,-8,-15,-8,-15,-8,-14,-8,-14,-8,-13,-9,-4,-3,0,0,0,0,0,0,0,0,0,0,0,0,0,0,0,0,0,0,-4,-2,-14,-6,-14,-7,-14,-8,-14,-8,-14,-9,-15,-10,-15,-10,-16,-11,-16,-11,-16,-12,-16,-12,-15,-13,-15,-13,-15,-13,-15,-13,-15,-13,-16,-13,-16,-13,-16,-13,-16,-12,-17,-12,-17,-12,-17,-12,-17,-11,-17,-12,-17,-12]"
CSI_DATA,41568,d8:b1:90:db:e8:90,-40,11,1,7,0,0,1,0,0,0,1,-94,0,4,0,650872568,0,100,0,128,1,"[100,-64,5,0,-19,-10,-19,-10,-19,-9,-19,-9,-19,-9,-19,-8,-19,-8,-18,-8,-18,-7,-18,-7,-19,-7,-19,-7,-19,-7,-19,-7,-19,-7,-18,-7,-18,-7,-17,-7,-17,-7,-16,-7,-16,-7,-15,-7,-15,-7,-15,-7,-14,-8,-4,-2,0,0,0,0,0,0,0,0,0,0,0,0,0,0,0,0,0,0,-4,-2,-14,-7,-14,-7,-14,-8,-14,-9,-14,-9,-15,-10,-15,-10,-15,-11,-16,-11,-16,-12,-16,-13,-16,-13,-16,-13,-16,-13,-15,-13,-15,-13,-15,-13,-15,-13,-16,-12,-16,-12,-17,-12,-17,-12,-17,-12,-17,-12,-17,-11,-18,-11]"
CSI_DATA,41569,d8:b1:90:db:e8:90,-40,11,1,7,0,0,1,0,0,0,1,-94,0,4,0,650885277,0,100,0,128,1,"[100,-64,5,0,-18,15,-18,15,-18,15,-18,15,-17,15,-17,15,-17,16,-16,16,-15,16,-15,16,-15,16,-14,16,-15,16,-15,16,-15,16,-14,15,-14,15,-13,14,-13,14,-13,13,-13,12,-13,12,-13,11,-13,11,-14,11,-4,2,0,0,0,0,0,0,0,0,0,0,0,0,0,0,0,0,0,0,-3,3,-11,12,-12,12,-13,12,-14,12,-14,11,-15,11,-16,11,-16,11,-17,11,-18,11,-19,11,-19,11,-19,11,-19,11,-19,11,-20,11,-19,11,-19,12,-19,12,-18,12,-18,13,-18,13,-18,13,-18,14,-18,14,-19,15]"
CSI_DATA,41570,d8:b1:90:db:e8:90,-40,11,1,7,0,0,1,0,0,0,1,-94,0,4,0,650906431,0,100,0,128,1,"[100,-64,5,0,7,19,8,19,8,18,8,18,9,18,9,17,9,17,9,17,9,16,10,16,10,16,10,16,10,16,10,16,10,16,9,15,8,15,8,15,7,15,7,14,7,14,6,13,6,13,5,14,5,14,1,3,0,0,0,0,0,0,0,0,0,0,0,0,0,0,0,0,0,0,2,2,8,11,8,12,7,13,7,14,6,14,6,15,6,16,6,16,5,17,5,18,5,18,5,18,5,19,5,19,5,19,5,19,5,19,5,19,6,18,6,18,6,18,6,18,7,19,7,19,7,19,8,19]"
CSI_DATA,41571,d8:b1:90:db:e8:90,-40,11,1,7,0,0,1,0,0,0,1,-94,0,4,0,650922898,0,100,0,128,1,"[100,-64,5,0,14,-19,13,-18,13,-18,13,-18,13,-19,12,-19,12,-19,11,-19,11,-19,10,-19,10,-19,10,-19,10,-19,10,-19,10,-19,10,-19,10,-18,10,-17,10,-17,10,-16,10,-16,10,-15,10,-14,10,-14,11,-13,2,-4,0,0,0,0,0,0,0,0,0,0,0,0,0,0,0,0,0,0,2,-4,9,-15,9,-15,9,-14,10,-14,11,-15,12,-15,13,-14,14,-15,15,-15,15,-15,15,-14,16,-14,16,-14,16,-14,16,-14,15,-15,15,-15,15,-15,16,-16,15,-16,15,-17,15,-17,15,-18,15,-18,15,-18,15,-18]"
CSI_DATA,41572,d8:b1:90:db:e8:90,-41,11,1,7,0,0,1,0,0,0,1,-94,0,4,0,650942016,0,100,0,128,1,"[100,-64,5,0,-24,-8,-23,-8,-24,-8,-24,-7,-24,-7,-24,-6,-24,-6,-24,-6,-24,-6,-24,-5,-24,-5,-24,-5,-24,-5,-24,-4,-23,-4,-22,-5,-22,-4,-21,-4,-20,-4,-20,-5,-20,-5,-19,-5,-18,-6,-18,-7,-17,-7,-5,-2,0,0,0,0,0,0,0,0,0,0,0,0,0,0,0,0,0,0,-5,-1,-19,-4,-18,-5,-19,-6,-19,-6,-19,-7,-20,-7,-20,-8,-21,-9,-21,-10,-21,-10,-21,-11,-21,-11,-21,-11,-21,-12,-22,-12,-23,-11,-23,-11,-23,-11,-23,-10,-23,-10,-23,-10,-23,-10,-24,-9,-24,-9,-24,-9,-23,-8]"
CSI_DATA,41573,d8:b1:90:db:e8:90,-41,11,1,5,0,0,1,0,1,0,0,-94,0,4,0,650958775,0,100,0,128,1,"[100,-64,5,0,-11,-9,-10,-15,-8,-19,-5,-22,-3,-26,-2,-28,-1,-29,0,-30,0,-29,0,-28,-1,-26,-1,-24,-2,-21,-4,-18,-6,-14,-9,-11,-11,-9,-13,-7,-16,-5,-18,-4,-20,-4,-21,-4,-22,-4,-22,-6,-21,-7,-6,-2,0,0,0,0,0,0,0,0,0,0,0,0,0,0,0,0,0,0,-5,-1,-18,-2,-19,-3,-20,-5,-21,-7,-21,-7,-21,-7,-21,-7,-20,-6,-19,-3,-18,-1,-17,3,-17,6,-16,10,-16,14,-17,17,-17,20,-17,22,-17,24,-17,24,-17,24,-18,23,-18,22,-17,19,-17,15,-16,11,-16,8]"
CSI_DATA,41574,d8:b1:90:db:e8:90,-41,11,1,5,0,0,1,0,1,0,0,-94,0,4,0,650973204,0,100,0,128,1,"[100,-64,5,0,8,4,8,9,8,14,7,18,6,21,5,23,4,25,4,25,3,25,3,24,3,22,3,20,4,17,5,14,6,11,8,8,10,5,12,3,14,1,16,0,17,0,18,0,19,1,19,2,19,3,4,1,0,0,0,0,0,0,0,0,0,0,0,0,0,0,0,0,0,0,3,-2,14,-8,15,-7,17,-6,18,-5,19,-5,19,-4,18,-5,17,-5,15,-6,13,-8,11,-10,8,-13,6,-15,5,-18,4,-21,3,-24,2,-26,1,-27,1,-28,2,-28,3,-27,3,-25,4,-23,5,-20,6,-16,7,-13]"
CSI_DATA,41575,d8:b1:90:db:e8:90,-40,11,1,7,0,0,1,0,0,0,1,-94,0,4,0,650987353,0,100,0,128,1,"[100,-64,5,0,-4,24,-4,24,-3,24,-3,24,-2,24,-2,24,-1,23,-1,23,-1,23,-1,23,-1,22,0,23,0,23,0,22,0,23,0,23,-1,22,-1,21,-1,21,-2,20,-2,19,-3,19,-4,19,-5,18,-5,18,-2,4,0,0,0,0,0,0,0,0,0,0,0,0,0,0,0,0,0,0,-1,4,-1,18,-1,18,-2,18,-3,19,-4,19,-4,20,-4,20,-5,21,-6,21,-7,22,-7,21,-8,21,-8,22,-8,22,-8,22,-8,23,-8,23,-7,23,-7,23,-7,24,-6,24,-6,24,-6,24,-5,24,-5,24,-5,24]"
CSI_DATA,41576,d8:b1:90:db:e8:90,-41,11,1,5,0,0,1,0,1,0,0,-94,0,4,0,651014079,0,100,0,128,1,"[100,-64,5,0,-8,9,-14,7,-20,5,-24,3,-28,2,-31,0,-32,-1,-33,-2,-33,-3,-31,-3,-29,-2,-27,-1,-23,0,-19,2,-16,4,-12,7,-9,11,-7,14,-5,17,-4,19,-4,21,-4,23,-6,23,-8,23,-9,23,-3,5,0,0,0,0,0,0,0,0,0,0,0,0,0,0,0,0,0,0,1,4,4,19,3,21,1,23,0,24,-1,25,-2,24,-1,23,0,21,1,20,4,18,8,16,12,14,16,12,20,10,23,9,27,8,29,8,31,8,33,8,33,9,32,9,29,9,26,10,22,10,17,11,12,11]"
CSI_DATA,41577,d8:b1:90:db:e8:90,-40,11,1,7,0,0,1,0,0,0,1,-94,0,4,0,651024316,0,100,0,128,1,"[100,-64,5,0,-23,7,-23,7,-22,6,-21,6,-20,6,-20,6,-20,7,-20,7,-20,8,-20,8,-20,8,-20,8,-20,8,-20,8,-19,8,-19,7,-18,7,-18,7,-18,6,-18,6,-17,5,-17,5,-17,4,-17,4,-17,4,-5,0,0,0,0,0,0,0,0,0,0,0,0,0,0,0,0,0,0,0,-4,1,-16,6,-16,5,-17,5,-17,4,-18,4,-19,4,-19,3,-20,3,-21,3,-21,3,-21,2,-21,2,-22,2,-22,2,-22,2,-22,3,-22,3,-22,3,-22,3,-22,4,-22,4,-22,5,-23,5,-23,5,-23,6,-23,6]"
CSI_DATA,41578,d8:b1:90:db:e8:90,-40,11,1,7,0,0,1,0,0,0,1,-94,0,4,0,651043708,0,100,0,128,1,"[100,-64,5,0,7,22,7,21,7,21,7,20,7,19,7,19,7,19,7,19,8,18,8,18,8,18,9,18,9,18,9,18,8,18,8,18,8,18,7,17,7,17,6,17,6,16,5,16,5,16,4,16,3,15,0,3,0,0,0,0,0,0,0,0,0,0,0,0,0,0,0,0,0,0,1,3,7,14,6,14,5,15,4,16,4,17,4,17,4,18,4,19,3,19,3,20,2,20,2,20,2,21,2,20,2,20,2,19,3,19,3,20,4,20,5,21,5,21,5,22,5,21,6,21,6,21,6,21]"
CSI_DATA,41579,d8:b1:90:db:e8:90,-41,11,1,7,0,0,1,0,0,0,1,-94,0,4,0,651058423,0,100,0,128,1,"[100,-64,5,0,18,-16,17,-17,17,-17,17,-18,17,-18,16,-18,16,-18,15,-18,14,-18,14,-18,14,-18,15,-17,15,-17,15,-16,15,-17,15,-17,15,-17,14,-16,14,-15,14,-14,13,-13,13,-12,13,-12,14,-12,15,-12,3,-3,0,0,0,0,0,0,0,0,0,0,0,0,0,0,0,0,0,0,2,-4,10,-14,11,-14,12,-15,13,-15,14,-15,14,-15,15,-15,15,-15,16,-15,16,-15,18,-14,18,-14,18,-14,18,-15,18,-16,18,-16,18,-16,18,-16,18,-16,18,-16,18,-16,18,-17,18,-18,18,-19,17,-19,16,-18]"
CSI_DATA,41580,d8:b1:90:db:e8:90,-40,11,1,7,0,0,1,0,0,0,1,-94,0,4,0,651070651,0,100,0,128,1,"[100,-64,5,0,16,-14,16,-14,15,-14,15,-14,14,-15,14,-15,14,-15,13,-15,13,-15,12,-15,12,-15,12,-15,12,-15,12,-15,12,-15,12,-14,12,-14,12,-14,12,-13,12,-12,12,-12,11,-11,12,-11,12,-10,12,-9,3,-3,0,0,0,0,0,0,0,0,0,0,0,0,0,0,0,0,0,0,2,-3,11,-11,12,-11,13,-11,13,-11,14,-11,15,-11,15,-11,16,-10,16,-10,17,-10,17,-10,17,-9,17,-9,17,-9,17,-10,17,-10,17,-10,17,-10,17,-11,17,-12,17,-12,17,-12,17,-13,17,-13,17,-13,17,-13]"
CSI_DATA,41581,d8:b1:90:db:e8:90,-40,11,1,7,0,0,1,0,0,0,1,-94,0,4,0,651082639,0,100,0,128,1,"[100,-64,5,0,19,-12,19,-12,19,-12,18,-12,18,-12,18,-12,17,-12,16,-13,16,-13,15,-13,15,-13,16,-13,16,-13,15,-13,15,-12,15,-12,15,-12,15,-12,15,-11,15,-10,15,-9,14,-9,14,-8,14,-7,14,-7,3,-2,0,0,0,0,0,0,0,0,0,0,0,0,0,0,0,0,0,0,3,-3,13,-10,14,-10,14,-10,15,-9,16,-9,16,-9,17,-8,18,-8,19,-8,19,-8,19,-7,19,-7,19,-7,19,-7,19,-8,19,-8,19,-8,19,-8,19,-9,19,-9,20,-10,20,-10,20,-10,20,-10,20,-11,21,-11]"
CSI_DATA,41582,d8:b1:90:db:e8:90,-40,11,1,7,0,0,1,0,0,0,1,-94,0,4,0,651109339,0,100,0,128,1,"[100,-64,5,0,-20,-18,-20,-17,-20,-17,-21,-17,-21,-17,-21,-16,-21,-16,-21,-15,-21,-15,-21,-14,-22,-14,-22,-14,-22,-14,-21,-13,-21,-13,-20,-13,-19,-13,-19,-13,-18,-13,-18,-13,-17,-13,-16,-13,-16,-13,-15,-13,-15,-13,-4,-4,0,0,0,0,0,0,0,0,0,0,0,0,0,0,0,0,0,0,-5,-3,-17,-12,-16,-13,-15,-14,-15,-15,-16,-15,-16,-16,-16,-16,-16,-17,-16,-18,-16,-19,-16,-19,-16,-19,-15,-20,-15,-20,-15,-20,-16,-19,-16,-19,-17,-20,-17,-20,-18,-19,-18,-19,-18,-19,-19,-19,-19,-19,-19,-19,-20,-18]"
CSI_DATA,41583,d8:b1:90:db:e8:90,-41,11,1,7,0,0,1,0,0,0,1,-94,0,4,0,651123505,0,100,0,128,1,"[100,-64,5,0,22,1,22,0,22,0,22,-1,21,-1,21,-1,20,-2,20,-2,19,-3,19,-3,19,-3,20,-3,20,-3,20,-3,20,-2,19,-2,18,-2,18,-2,17,-2,17,-1,17,-1,17,0,16,0,16,1,16,1,4,0,0,0,0,0,0,0,0,0,0,0,0,0,0,0,0,0,0,0,4,-1,16,-3,16,-2,17,-2,17,-1,17,-1,18,0,18,0,19,1,19,2,20,2,20,3,20,3,20,4,20,4,20,4,20,3,20,3,21,3,21,3,20,2,21,2,21,2,21,2,22,2,22,2,22,2]"
CSI_DATA,41584,d8:b1:90:db:e8:90,-40,11,1,7,0,0,1,0,0,0,1,-94,0,4,0,651135421,0,100,0,128,1,"[100,-64,5,0,-23,9,-23,9,-22,10,-21,10,-21,10,-21,11,-20,11,-19,11,-19,11,-18,11,-19,11,-19,12,-19,12,-19,12,-18,11,-18,11,-18,10,-18,10,-17,9,-17,9,-17,8,-17,8,-17,7,-17,7,-17,7,-5,1,0,0,0,0,0,0,0,0,0,0,0,0,0,0,0,0,0,0,-4,2,-15,9,-16,8,-17,8,-18,8,-18,8,-19,7,-20,7,-20,6,-21,6,-21,6,-22,5,-22,5,-22,5,-22,5,-23,5,-23,5,-23,5,-23,6,-23,6,-23,6,-22,7,-22,7,-23,8,-23,8,-23,8,-23,8]"
CSI_DATA,41585,d8:b1:90:db:e8:90,-40,11,1,7,0,0,1,0,0,0,1,-94,0,4,0,651145820,0,100,0,128,1,"[100,-64,5,0,20,-17,20,-16,19,-16,18,-16,18,-16,17,-16,17,-17,17,-17,17,-18,16,-18,16,-18,15,-18,15,-18,15,-18,15,-17,16,-16,16,-15,15,-15,15,-15,15,-15,15,-14,14,-13,14,-12,15,-12,15,-11,3,-3,0,0,0,0,0,0,0,0,0,0,0,0,0,0,0,0,0,0,3,-4,13,-13,13,-13,14,-12,14,-12,15,-12,16,-12,17,-12,18,-12,19,-12,20,-12,20,-12,21,-12,21,-12,20,-12,20,-12,20,-12,20,-12,20,-13,20,-13,20,-14,21,-14,20,-15,20,-15,20,-15,20,-16,21,-17]"
CSI_DATA,41586,d8:b1:90:db:e8:90,-40,11,1,7,0,0,1,0,0,0,1,-94,0,4,0,651157863,0,100,0,128,1,"[100,-64,5,0,-17,16,-17,16,-16,16,-16,16,-15,16,-14,16,-14,16,-14,17,-14,17,-14,17,-14,17,-13,16,-13,17,-13,16,-13,16,-13,15,-13,15,-13,14,-13,14,-13,14,-13,13,-12,12,-12,12,-13,12,-13,11,-4,3,0,0,0,0,0,0,0,0,0,0,0,0,0,0,0,0,0,0,-3,3,-11,12,-12,12,-12,12,-13,12,-14,12,-15,12,-16,12,-16,12,-17,12,-17,12,-17,12,-18,12,-19,12,-19,12,-18,12,-18,12,-18,13,-18,13,-18,14,-18,14,-18,14,-18,14,-17,14,-17,15,-17,16,-18,16]"
CSI_DATA,41587,d8:b1:90:db:e8:90,-40,11,1,7,0,0,1,0,0,0,1,-94,0,4,0,651168784,0,100,0,128,1,"[100,-64,5,0,23,3,23,3,23,2,23,2,22,2,22,1,22,0,22,-1,22,-2,22,-2,22,-2,21,-2,21,-2,21,-1,21,-1,20,-1,20,0,20,0,19,0,18,1,18,1,17,1,17,1,17,2,17,2,4,0,0,0,0,0,0,0,0,0,0,0,0,0,0,0,0,0,0,0,4,-1,17,-2,17,-1,17,1,18,2,18,2,19,3,20,4,20,5,20,5,21,5,21,5,21,6,21,6,21,6,21,6,21,6,21,5,21,5,22,5,22,5,22,5,23,4,22,4,22,3,23,3,24,3]"
CSI_DATA,41588,d8:b1:90:db:e8:90,-40,11,1,7,0,0,1,0,0,0,1,-94,0,4,0,651180089,0,100,0,128,1,"[100,-64,5,0,-18,-13,-18,-13,-17,-12,-16,-12,-16,-12,-17,-11,-17,-11,-17,-10,-17,-9,-17,-9,-18,-9,-18,-9,-17,-9,-17,-9,-17,-9,-17,-9,-17,-9,-16,-9,-16,-9,-15,-9,-15,-8,-14,-8,-14,-8,-13,-9,-13,-9,-4,-3,0,0,0,0,0,0,0,0,0,0,0,0,0,0,0,0,0,0,-4,-2,-14,-8,-13,-9,-13,-10,-12,-11,-13,-11,-13,-12,-13,-13,-14,-14,-13,-14,-13,-15,-13,-15,-14,-15,-14,-15,-14,-15,-14,-15,-14,-15,-14,-15,-15,-15,-15,-15,-15,-14,-16,-14,-16,-14,-16,-14,-17,-13,-17,-14,-17,-14]"
CSI_DATA,41589,d8:b1:90:db:e8:90,-40,11,1,7,0,0,1,0,0,0,1,-94,0,4,0,651211790,0,100,0,128,1,"[100,-64,5,0,22,5,22,5,21,4,21,4,21,4,21,4,21,3,21,2,21,2,21,2,21,2,21,1,21,1,20,1,20,1,20,1,20,1,19,1,19,2,18,2,18,3,17,3,17,3,17,4,16,4,4,1,0,0,0,0,0,0,0,0,0,0,0,0,0,0,0,0,0,0,3,0,15,2,16,2,16,4,17,5,17,6,18,6,18,7,18,7,19,7,19,8,19,8,19,9,19,9,19,9,19,9,20,9,20,9,20,8,20,8,20,7,21,6,21,6,21,6,21,6,22,6,22,6]"
CSI_DATA,41590,d8:b1:90:db:e8:90,-40,11,1,7,0,0,1,0,0,0,1,-94,0,4,0,651222661,0,100,0,128,1,"[100,-64,5,0,3,19,3,19,4,19,4,19,4,19,5,19,5,18,5,18,5,18,5,18,6,18,6,18,6,18,6,17,6,17,6,17,6,16,6,16,5,15,5,15,5,15,4,14,4,14,3,14,2,14,0,3,0,0,0,0,0,0,0,0,0,0,0,0,0,0,0,0,0,0,1,3,5,14,4,14,4,15,3,15,3,15,2,16,2,16,2,17,1,17,1,18,1,18,0,19,0,19,0,19,0,19,0,19,1,19,1,19,1,19,2,19,2,19,2,19,2,20,3,20,3,20,3,20]"
CSI_DATA,41591,d8:b1:90:db:e8:90,-40,11,1,7,0,0,1,0,0,0,1,-94,0,4,0,651238707,0,100,0,128,1,"[100,-64,5,0,-24,6,-24,6,-24,7,-24,7,-24,8,-23,8,-23,8,-23,9,-23,9,-22,9,-22,9,-22,10,-22,10,-22,10,-22,10,-21,10,-20,10,-20,9,-20,8,-19,8,-19,7,-18,6,-18,6,-18,5,-18,5,-5,1,0,0,0,0,0,0,0,0,0,0,0,0,0,0,0,0,0,0,-5,2,-17,9,-18,8,-18,7,-19,7,-20,7,-20,6,-21,5,-22,5,-22,4,-22,4,-23,4,-23,4,-24,4,-24,4,-24,4,-25,4,-25,4,-24,4,-24,4,-24,5,-24,5,-24,6,-24,6,-25,6,-26,6,-26,7]"
CSI_DATA,41592,d8:b1:90:db:e8:90,-40,11,1,7,0,0,1,0,0,0,1,-94,0,4,0,651257710,0,100,0,128,1,"[100,-64,5,0,14,19,15,18,15,18,14,17,14,17,15,16,15,15,16,14,16,14,16,14,16,14,16,14,16,14,16,14,16,14,15,14,14,14,13,14,12,14,12,14,11,14,11,14,11,13,10,13,10,13,2,3,0,0,0,0,0,0,0,0,0,0,0,0,0,0,0,0,0,0,3,2,13,11,12,12,12,13,11,13,11,14,11,15,11,16,12,16,12,17,11,18,11,19,11,19,11,19,11,19,11,19,11,19,11,19,11,19,12,19,13,19,13,19,13,19,13,19,13,18,14,18,14,18]"
CSI_DATA,41593,d8:b1:90:db:e8:90,-40,11,1,7,0,0,1,0,0,0,1,-94,0,4,0,651270195,0,100,0,128,1,"[100,-64,5,0,1,20,2,20,2,20,3,19,3,19,3,18,4,18,4,19,4,19,5,19,5,19,5,18,5,18,5,18,5,18,5,17,5,16,5,16,5,15,5,15,5,15,4,15,4,15,2,15,1,14,0,3,0,0,0,0,0,0,0,0,0,0,0,0,0,0,0,0,0,0,1,3,5,14,4,14,3,14,3,15,3,15,2,16,2,17,2,17,1,18,1,18,1,19,1,19,1,19,1,19,0,19,0,19,0,19,0,19,0,20,0,20,1,20,1,20,2,20,3,20,2,20,2,20]"
CSI_DATA,41594,d8:b1:90:db:e8:90,-40,11,1,7,0,0,1,0,0,0,1,-94,0,4,0,651286710,0,100,0,128,1,"[100,-64,5,0,9,17,9,17,10,17,10,16,10,16,10,16,10,15,11,16,11,15,12,15,12,15,12,15,12,15,12,15,11,15,11,15,10,15,10,14,9,14,8,14,8,14,7,14,7,13,6,14,5,14,1,3,0,0,0,0,0,0,0,0,0,0,0,0,0,0,0,0,0,0,2,2,9,11,9,12,8,12,8,13,8,13,7,14,7,15,7,15,7,16,7,17,7,17,7,17,7,17,7,18,6,18,6,18,6,17,7,18,7,18,8,18,8,18,8,18,8,18,8,18,9,18,9,18]"
CSI_DATA,41595,d8:b1:90:db:e8:90,-40,11,1,7,0,0,1,0,0,0,1,-94,0,4,0,651314509,0,100,0,128,1,"[100,-64,5,0,-10,-20,-10,-20,-10,-19,-11,-19,-10,-19,-11,-18,-11,-18,-11,-18,-11,-17,-12,-17,-12,-17,-12,-17,-12,-17,-12,-17,-12,-17,-11,-17,-11,-16,-10,-16,-10,-16,-9,-16,-9,-16,-9,-15,-8,-15,-8,-15,-7,-15,-2,-4,0,0,0,0,0,0,0,0,0,0,0,0,0,0,0,0,0,0,-3,-4,-10,-14,-10,-14,-9,-15,-9,-15,-8,-16,-8,-16,-8,-17,-8,-18,-8,-19,-8,-19,-8,-20,-8,-20,-8,-20,-7,-20,-7,-20,-7,-20,-8,-19,-7,-20,-7,-20,-7,-20,-7,-20,-8,-20,-8,-20,-9,-20,-9,-20,-9,-20]"
CSI_DATA,41596,d8:b1:90:db:e8:90,-40,11,1,7,0,0,1,0,0,0,1,-94,0,4,0,651328102,0,100,0,128,1,"[100,-64,5,0,-23,6,-23,6,-22,6,-22,6,-22,5,-21,6,-21,6,-20,8,-20,8,-19,8,-19,8,-20,8,-20,8,-19,8,-19,8,-19,8,-19,8,-19,7,-19,7,-19,7,-18,6,-18,6,-17,5,-17,5,-17,4,-5,1,0,0,0,0,0,0,0,0,0,0,0,0,0,0,0,0,0,0,-4,1,-15,7,-16,6,-16,5,-17,5,-18,5,-18,5,-19,5,-20,5,-20,4,-21,4,-21,4,-22,4,-22,4,-22,4,-22,3,-22,3,-22,3,-21,4,-21,4,-21,5,-21,5,-22,5,-22,5,-23,5,-23,5,-22,6]"
CSI_DATA,41597,d8:b1:90:db:e8:90,-40,11,1,7,0,0,1,0,0,0,1,-94,0,4,0,651339499,0,100,0,128,1,"[100,-64,5,0,18,-18,18,-18,18,-18,17,-18,17,-18,16,-19,16,-19,15,-19,15,-19,15,-20,15,-20,15,-19,15,-19,15,-18,15,-18,14,-17,14,-17,15,-17,15,-16,15,-16,14,-15,14,-14,14,-14,15,-13,15,-13,4,-4,0,0,0,0,0,0,0,0,0,0,0,0,0,0,0,0,0,0,2,-4,11,-16,12,-15,12,-15,13,-15,14,-15,15,-15,16,-15,17,-15,18,-15,18,-15,19,-15,19,-15,19,-15,20,-15,20,-15,20,-15,20,-15,20,-15,20,-16,19,-16,20,-16,20,-17,19,-17,19,-18,19,-18,19,-18]"
CSI_DATA,41598,d8:b1:90:db:e8:90,-40,11,1,7,0,0,1,0,0,0,1,-94,0,4,0,651350491,0,100,0,128,1,"[100,-64,5,0,23,11,22,10,22,9,22,9,22,9,22,8,22,8,22,7,22,7,22,6,22,7,22,7,22,7,22,7,21,7,21,7,20,7,19,6,19,7,19,7,19,8,18,8,17,8,17,9,16,9,4,2,0,0,0,0,0,0,0,0,0,0,0,0,0,0,0,0,0,0,4,1,17,5,18,6,18,7,18,7,18,8,18,9,18,10,19,11,19,12,19,12,20,12,20,13,20,13,20,14,20,14,19,14,20,13,20,13,21,13,21,12,22,12,22,12,22,12,22,12,22,11,23,11]"
CSI_DATA,41599,d8:b1:90:db:e8:90,-40,11,1,7,0,0,1,0,0,0,1,-94,0,4,0,651361074,0,100,0,128,1,"[100,-64,5,0,22,4,22,3,21,3,21,3,21,2,21,2,21,2,21,1,21,1,21,0,20,0,20,0,20,0,20,0,20,0,19,1,19,1,18,1,18,1,18,1,18,2,17,2,17,2,16,3,16,3,4,1,0,0,0,0,0,0,0,0,0,0,0,0,0,0,0,0,0,0,4,0,16,1,16,1,17,2,17,2,17,3,18,4,18,4,18,5,19,5,19,6,20,6,20,7,20,7,20,7,20,7,20,7,20,7,21,6,21,6,21,6,21,5,21,5,21,5,22,5,22,4,22,4]"
CSI_DATA,41600,d8:b1:90:db:e8:90,-40,11,1,7,0,0,1,0,0,0,1,-94,0,4,0,651372376,0,100,0,128,1,"[100,-64,5,0,-11,-21,-12,-20,-11,-20,-11,-20,-11,-20,-11,-19,-12,-19,-12,-19,-13,-18,-13,-18,-13,-18,-13,-18,-12,-18,-12,-18,-12,-17,-12,-17,-11,-16,-11,-17,-11,-17,-10,-17,-9,-17,-9,-16,-8,-16,-8,-16,-7,-16,-2,-4,0,0,0,0,0,0,0,0,0,0,0,0,0,0,0,0,0,0,-3,-4,-10,-15,-10,-15,-9,-16,-9,-17,-9,-17,-9,-18,-8,-18,-8,-19,-7,-19,-7,-20,-7,-21,-6,-21,-6,-21,-6,-21,-7,-21,-7,-21,-8,-20,-9,-20,-9,-21,-9,-21,-10,-21,-10,-21,-10,-22,-11,-22,-11,-21,-11,-21]"
CSI_DATA,41601,d8:b1:90:db:e8:90,-40,11,1,7,0,0,1,0,0,0,1,-94,0,4,0,651384601,0,100,0,128,1,"[100,-64,5,0,-17,-15,-17,-15,-17,-14,-18,-14,-18,-13,-18,-12,-18,-12,-18,-12,-18,-12,-18,-12,-18,-11,-18,-10,-18,-9,-18,-9,-18,-10,-17,-11,-17,-12,-16,-12,-16,-11,-15,-10,-15,-10,-14,-9,-14,-10,-14,-11,-13,-11,-4,-3,0,0,0,0,0,0,0,0,0,0,0,0,0,0,0,0,0,0,-5,-2,-16,-6,-16,-7,-16,-7,-16,-8,-17,-8,-17,-9,-17,-11,-17,-12,-17,-12,-17,-13,-17,-12,-17,-12,-17,-12,-17,-13,-17,-14,-17,-15,-17,-15,-17,-14,-17,-13,-18,-12,-18,-12,-18,-12,-20,-13,-21,-13,-20,-13,-19,-12]"
CSI_DATA,41602,d8:b1:90:db:e8:90,-40,11,1,7,0,0,1,0,0,0,1,-94,0,4,0,651418130,0,100,0,128,1,"[100,-64,5,0,-21,3,-20,3,-20,4,-20,5,-19,6,-19,6,-19,6,-19,6,-19,6,-19,6,-18,6,-17,7,-17,7,-17,7,-17,7,-18,6,-18,5,-17,5,-16,5,-15,5,-15,4,-15,4,-15,4,-16,4,-16,3,-4,0,0,0,0,0,0,0,0,0,0,0,0,0,0,0,0,0,0,0,-4,2,-14,8,-14,7,-14,7,-15,7,-15,7,-16,6,-17,6,-18,5,-19,5,-19,5,-19,5,-18,5,-19,5,-19,4,-20,4,-21,4,-21,4,-20,4,-19,5,-18,5,-19,6,-19,6,-20,6,-21,7,-21,7,-20,7]"
CSI_DATA,41603,d8:b1:90:db:e8:90,-40,11,1,7,0,0,1,0,0,0,1,-94,0,4,0,651432046,0,100,0,128,1,"[100,-64,5,0,14,-16,13,-16,13,-16,13,-16,13,-16,13,-16,12,-17,12,-17,11,-17,11,-17,10,-17,10,-17,10,-17,11,-17,11,-17,11,-16,10,-15,10,-15,10,-14,10,-14,10,-14,10,-13,10,-12,11,-12,12,-12,3,-3,0,0,0,0,0,0,0,0,0,0,0,0,0,0,0,0,0,0,1,-4,8,-14,9,-14,9,-14,10,-14,10,-14,11,-14,12,-14,13,-13,14,-14,14,-14,14,-14,15,-14,15,-14,15,-14,15,-14,15,-13,15,-14,14,-14,15,-14,15,-15,15,-15,15,-15,15,-16,14,-16,14,-16,14,-16]"
CSI_DATA,41604,d8:b1:90:db:e8:90,-40,11,1,7,0,0,1,0,0,0,1,-94,0,4,0,651443491,0,100,0,128,1,"[100,-64,5,0,-13,-17,-14,-16,-14,-16,-14,-15,-14,-15,-14,-15,-14,-14,-14,-14,-14,-13,-14,-13,-15,-12,-15,-13,-15,-13,-15,-13,-15,-12,-14,-12,-13,-11,-13,-11,-12,-11,-12,-11,-12,-11,-12,-11,-11,-11,-11,-11,-10,-12,-3,-3,0,0,0,0,0,0,0,0,0,0,0,0,0,0,0,0,0,0,-3,-3,-11,-10,-11,-11,-11,-12,-10,-13,-10,-13,-10,-14,-10,-14,-10,-15,-10,-16,-10,-16,-10,-17,-10,-17,-10,-17,-10,-17,-10,-17,-10,-17,-11,-17,-11,-17,-11,-17,-11,-17,-11,-17,-12,-17,-12,-17,-12,-17,-12,-16,-12,-16]"
CSI_DATA,41605,d8:b1:90:db:e8:90,-40,11,1,7,0,0,1,0,0,0,1,-94,0,4,0,651455435,0,100,0,128,1,"[100,-64,5,0,-21,13,-21,13,-20,13,-20,13,-19,14,-18,14,-18,14,-18,14,-17,14,-17,14,-17,14,-17,15,-17,15,-17,15,-16,14,-15,14,-15,13,-15,13,-15,12,-15,12,-15,11,-14,11,-15,10,-15,10,-16,9,-4,2,0,0,0,0,0,0,0,0,0,0,0,0,0,0,0,0,0,0,-3,3,-12,12,-13,11,-15,11,-16,10,-16,10,-17,10,-18,10,-18,10,-19,10,-20,9,-21,9,-21,9,-21,9,-21,9,-21,9,-21,9,-21,9,-21,9,-21,10,-21,10,-21,11,-21,11,-21,11,-21,11,-21,11,-21,11]"
CSI_DATA,41606,d8:b1:90:db:e8:90,-40,11,1,7,0,0,1,0,0,0,1,-94,0,4,0,651467078,0,100,0,128,1,"[100,-64,5,0,-7,-23,-7,-23,-8,-23,-8,-22,-8,-22,-9,-22,-9,-21,-10,-21,-11,-21,-11,-21,-11,-20,-11,-20,-11,-19,-10,-19,-10,-19,-10,-19,-10,-19,-9,-18,-8,-18,-8,-18,-7,-17,-7,-17,-7,-17,-6,-17,-5,-17,-2,-5,0,0,0,0,0,0,0,0,0,0,0,0,0,0,0,0,0,0,-2,-4,-8,-16,-7,-17,-6,-18,-6,-18,-5,-19,-5,-19,-4,-20,-4,-20,-4,-21,-4,-22,-3,-23,-3,-23,-3,-23,-3,-23,-3,-23,-3,-23,-4,-23,-4,-23,-4,-23,-4,-23,-5,-23,-5,-23,-6,-23,-6,-23,-7,-23,-7,-24]"
CSI_DATA,41607,d8:b1:90:db:e8:90,-41,11,1,6,0,0,1,0,0,0,1,-94,0,4,0,651477905,0,100,0,128,1,"[100,-64,5,0,6,-16,12,-15,19,-15,24,-14,28,-14,31,-13,33,-12,34,-11,33,-10,32,-10,30,-10,27,-10,24,-11,20,-11,15,-12,11,-15,7,-17,3,-20,1,-22,-1,-24,-3,-25,-2,-26,-1,-27,1,-27,3,-27,1,-7,0,0,0,0,0,0,0,0,0,0,0,0,0,0,0,0,0,0,-3,-5,-8,-21,-7,-23,-5,-25,-4,-27,-3,-27,-3,-27,-4,-27,-5,-25,-7,-24,-9,-22,-12,-19,-16,-17,-20,-15,-25,-13,-29,-12,-32,-10,-34,-10,-36,-9,-38,-9,-38,-9,-36,-10,-34,-11,-30,-12,-26,-13,-21,-14,-16,-16]"
CSI_DATA,41608,d8:b1:90:db:e8:90,-41,11,1,6,0,0,1,0,0,0,1,-94,0,4,0,651490093,0,100,0,128,1,"[100,-64,5,0,-5,8,-9,8,-13,7,-16,7,-19,6,-21,5,-22,4,-23,4,-23,3,-22,3,-21,3,-19,4,-17,4,-14,5,-12,6,-9,8,-7,9,-5,11,-4,13,-3,14,-3,15,-3,16,-3,16,-5,16,-6,15,-2,3,0,0,0,0,0,0,0,0,0,0,0,0,0,0,0,0,0,0,1,2,7,11,6,13,5,14,5,15,5,16,4,16,4,16,5,15,6,14,7,12,9,10,11,9,13,7,16,6,18,5,20,4,21,3,22,3,23,3,23,3,22,3,21,4,19,5,16,6,13,7,10,7]"
CSI_DATA,41609,d8:b1:90:db:e8:90,-41,11,1,6,0,0,1,0,0,0,1,-94,0,4,0,651521879,0,100,0,128,1,"[100,-64,5,0,-11,7,-16,3,-21,0,-24,-3,-27,-5,-29,-8,-30,-10,-31,-11,-30,-12,-29,-12,-28,-11,-26,-9,-24,-6,-21,-3,-19,0,-17,4,-15,7,-15,11,-14,13,-14,16,-14,17,-15,17,-16,17,-17,16,-18,15,-5,3,0,0,0,0,0,0,0,0,0,0,0,0,0,0,0,0,0,0,0,4,0,18,-1,20,-3,22,-5,23,-6,24,-6,23,-6,23,-5,23,-3,22,0,21,3,20,7,19,11,18,15,18,18,18,21,19,23,19,25,20,26,20,26,20,25,20,22,20,19,19,15,18,10,17,6,16]"
CSI_DATA,41610,d8:b1:90:db:e8:90,-40,11,1,7,0,0,1,0,0,0,0,-94,0,4,0,651533098,0,100,0,128,1,"[100,-64,5,0,-2,22,-2,22,-1,22,-1,22,-1,21,0,21,0,21,0,21,1,20,1,20,1,21,1,21,1,21,1,21,1,21,1,20,1,20,1,19,0,18,0,18,0,18,0,17,0,17,-1,17,-2,16,-1,4,0,0,0,0,0,0,0,0,0,0,0,0,0,0,0,0,0,0,0,3,1,16,0,16,0,16,-1,17,-2,17,-2,18,-3,18,-3,19,-3,19,-4,19,-4,20,-5,20,-5,20,-5,20,-5,20,-5,20,-5,21,-4,21,-4,20,-4,20,-4,20,-3,21,-3,21,-3,22,-3,22,-3,22]"
CSI_DATA,41611,d8:b1:90:db:e8:90,-40,11,1,7,0,0,1,0,0,0,0,-94,0,4,0,651551114,0,100,0,128,1,"[100,-64,5,0,15,14,15,13,16,13,16,13,16,12,16,11,16,11,16,10,16,10,16,10,16,10,17,10,17,10,17,9,17,9,16,9,15,9,14,9,14,9,14,9,14,9,14,9,13,9,12,9,11,9,2,2,0,0,0,0,0,0,0,0,0,0,0,0,0,0,0,0,0,0,3,2,13,8,12,8,12,9,12,10,12,10,12,11,12,12,12,12,12,13,12,14,12,14,12,15,12,15,12,15,12,15,12,14,13,14,13,14,13,14,12,14,13,14,14,14,14,14,14,14,15,14,15,14]"
CSI_DATA,41612,d8:b1:90:db:e8:90,-40,11,1,7,0,0,1,0,0,0,0,-94,0,4,0,651564806,0,100,0,128,1,"[100,-64,5,0,-18,-16,-18,-16,-18,-16,-18,-15,-18,-15,-19,-14,-19,-14,-19,-14,-19,-13,-19,-13,-19,-13,-20,-12,-20,-12,-19,-12,-19,-12,-19,-12,-18,-11,-17,-11,-17,-11,-16,-11,-16,-11,-16,-11,-15,-11,-14,-11,-13,-11,-4,-3,0,0,0,0,0,0,0,0,0,0,0,0,0,0,0,0,0,0,-4,-3,-14,-11,-14,-12,-14,-12,-14,-13,-14,-13,-14,-14,-14,-15,-14,-15,-14,-16,-14,-17,-14,-18,-14,-19,-14,-19,-14,-19,-14,-19,-15,-18,-15,-18,-15,-18,-16,-18,-16,-17,-17,-18,-17,-17,-17,-17,-17,-17,-17,-17,-17,-18]"
CSI_DATA,41613,d8:b1:90:db:e8:90,-40,11,1,6,0,0,1,0,0,0,1,-94,0,4,0,651577990,0,100,0,128,1,"[100,-64,5,0,11,17,11,16,12,16,12,16,12,15,12,15,12,15,13,14,13,14,13,14,14,13,14,13,13,13,13,13,13,13,13,13,13,13,12,13,12,12,12,12,11,12,11,12,10,12,9,12,8,13,2,3,0,0,0,0,0,0,0,0,0,0,0,0,0,0,0,0,0,0,2,2,9,11,9,11,9,12,9,13,9,14,9,14,9,15,9,16,9,16,9,17,8,17,8,17,8,17,8,18,8,18,8,18,8,18,8,18,9,18,9,18,10,18,10,18,11,18,11,18,11,18,12,18]"
CSI_DATA,41614,d8:b1:90:db:e8:90,-40,11,1,6,0,0,1,0,0,0,1,-94,0,4,0,651589683,0,100,0,128,1,"[100,-64,5,0,15,-15,14,-15,14,-15,13,-15,13,-15,12,-15,12,-16,12,-17,12,-17,11,-17,11,-17,11,-17,10,-17,10,-17,10,-17,10,-17,10,-16,10,-16,10,-15,10,-15,10,-14,10,-14,10,-13,11,-12,11,-12,2,-3,0,0,0,0,0,0,0,0,0,0,0,0,0,0,0,0,0,0,2,-4,9,-12,10,-12,11,-12,11,-12,12,-12,12,-13,13,-13,14,-13,14,-13,15,-13,15,-12,16,-12,16,-12,16,-12,17,-12,17,-13,16,-13,16,-13,16,-13,16,-13,16,-14,16,-14,16,-15,16,-15,16,-15,16,-15]"
CSI_DATA,41615,d8:b1:90:db:e8:90,-40,11,1,6,0,0,1,0,0,0,1,-94,0,4,0,651623118,0,100,0,128,1,"[100,-64,5,0,17,8,17,7,18,7,18,7,18,7,18,6,18,6,18,6,18,5,18,5,18,5,17,4,17,4,17,4,17,4,17,4,16,4,16,4,15,4,15,4,15,4,15,5,14,5,13,5,13,6,3,1,0,0,0,0,0,0,0,0,0,0,0,0,0,0,0,0,0,0,3,0,14,3,14,4,14,4,14,5,15,6,15,6,15,7,15,7,16,8,16,8,16,9,16,9,16,9,16,10,16,10,16,10,16,10,16,10,16,10,17,10,17,9,18,9,18,9,18,9,18,9,18,9]"
CSI_DATA,41616,d8:b1:90:db:e8:90,-41,11,1,7,0,0,1,0,1,0,1,-94,0,4,0,651637327,0,100,0,128,1,"[100,-64,5,0,-2,-9,2,-11,6,-13,9,-14,11,-15,13,-16,15,-16,15,-16,15,-16,15,-15,14,-14,12,-14,10,-13,7,-12,5,-12,2,-12,-1,-12,-3,-12,-5,-13,-7,-13,-8,-14,-8,-15,-8,-16,-7,-16,-6,-16,-2,-4,0,0,0,0,0,0,0,0,0,0,0,0,0,0,0,0,0,0,-3,-2,-12,-7,-13,-8,-13,-10,-13,-11,-13,-12,-13,-12,-13,-11,-13,-10,-13,-9,-13,-7,-13,-4,-14,-2,-15,1,-17,4,-18,6,-19,8,-20,9,-21,10,-21,11,-21,10,-21,10,-20,8,-19,6,-17,4,-15,1,-13,-1]"
CSI_DATA,41617,d8:b1:90:db:e8:90,-40,11,1,7,0,0,1,0,1,0,1,-94,0,4,0,651655313,0,100,0,128,1,"[100,-64,5,0,-8,9,-13,7,-18,5,-22,3,-26,1,-28,-1,-29,-2,-30,-3,-30,-3,-29,-3,-27,-3,-25,-1,-23,0,-20,2,-17,4,-14,7,-12,10,-11,13,-10,15,-9,17,-9,18,-9,19,-10,19,-12,18,-13,17,-4,4,0,0,0,0,0,0,0,0,0,0,0,0,0,0,0,0,0,0,1,3,5,16,4,18,2,20,1,22,0,22,0,22,0,22,1,21,3,19,5,18,8,16,11,14,15,13,18,12,21,12,24,12,26,12,28,12,29,12,29,12,27,12,25,13,22,13,18,13,14,13,10,13]"
CSI_DATA,41618,d8:b1:90:db:e8:90,-40,11,1,7,0,0,1,0,1,0,1,-94,0,4,0,651670691,0,100,0,128,1,"[100,-64,5,0,-6,10,-10,9,-15,9,-19,8,-22,7,-24,6,-26,5,-27,5,-26,4,-26,4,-24,4,-22,5,-19,5,-15,7,-12,8,-9,9,-7,11,-5,13,-3,15,-2,17,-1,18,-1,19,-2,20,-3,20,-5,19,-2,4,0,0,0,0,0,0,0,0,0,0,0,0,0,0,0,0,0,0,1,3,6,14,5,16,3,18,3,19,2,20,2,20,2,19,3,18,4,16,6,15,8,13,11,11,15,9,18,7,20,7,23,6,25,5,27,5,28,5,27,5,26,6,25,7,22,7,19,8,15,9,11,10]"
CSI_DATA,41619,d8:b1:90:db:e8:90,-41,11,1,7,0,0,1,0,1,0,1,-94,0,4,0,651682956,0,100,0,128,1,"[100,-64,5,0,-8,-9,-6,-13,-4,-17,-2,-20,0,-22,2,-24,3,-24,3,-25,4,-24,3,-24,3,-22,2,-20,0,-18,-1,-16,-4,-14,-6,-12,-9,-10,-11,-9,-13,-8,-14,-8,-16,-8,-17,-8,-17,-8,-16,-9,-15,-10,-4,-3,0,0,0,0,0,0,0,0,0,0,0,0,0,0,0,0,0,0,-4,-1,-16,-1,-16,-3,-17,-4,-18,-5,-18,-6,-18,-6,-18,-6,-17,-5,-16,-3,-16,-1,-15,2,-15,5,-15,8,-15,11,-15,14,-16,16,-16,18,-16,19,-16,20,-16,20,-17,19,-16,17,-16,15,-16,12,-15,8,-14,5]"
CSI_DATA,41620,d8:b1:90:db:e8:90,-41,11,1,7,0,0,1,0,1,0,1,-94,0,4,0,651696426,0,100,0,128,1,"[100,-64,5,0,-9,4,-13,1,-15,-2,-18,-5,-19,-7,-21,-9,-21,-10,-21,-11,-21,-11,-20,-11,-19,-10,-18,-8,-16,-6,-14,-4,-13,-1,-12,1,-11,4,-11,7,-11,9,-11,11,-11,11,-11,12,-12,12,-13,11,-14,10,-4,2,0,0,0,0,0,0,0,0,0,0,0,0,0,0,0,0,0,0,-1,3,-4,13,-6,13,-8,14,-9,14,-9,14,-9,14,-9,14,-8,14,-6,13,-4,13,-1,13,2,14,5,14,7,15,10,15,12,16,14,17,15,18,16,18,15,18,14,18,13,18,11,17,8,16,5,14,2,12]"
CSI_DATA,41621,d8:b1:90:db:e8:90,-41,11,1,7,0,0,1,0,1,0,1,-94,0,4,0,651727431,0,100,0,128,1,"[100,-64,5,0,-9,7,-15,5,-20,3,-24,1,-28,-1,-30,-3,-32,-4,-32,-5,-32,-6,-30,-6,-29,-5,-26,-4,-23,-2,-20,0,-16,3,-13,6,-10,10,-8,13,-7,16,-6,19,-6,21,-7,22,-8,22,-10,21,-11,20,-3,5,0,0,0,0,0,0,0,0,0,0,0,0,0,0,0,0,0,0,0,4,0,19,-1,20,-3,22,-5,23,-6,23,-6,23,-6,22,-4,21,-2,19,1,18,5,16,9,15,14,13,18,13,22,12,25,13,28,13,30,13,31,13,31,13,29,13,27,13,24,14,20,14,15,13,10,13]"
CSI_DATA,41622,d8:b1:90:db:e8:90,-40,11,1,7,0,0,1,0,1,0,1,-94,0,4,0,651739352,0,100,0,128,1,"[100,-64,5,0,8,-10,13,-8,17,-6,21,-4,24,-3,26,-1,28,0,28,1,28,2,28,1,26,1,24,0,22,-2,19,-4,17,-6,14,-8,13,-11,11,-13,10,-16,10,-17,9,-19,9,-19,10,-19,12,-18,13,-17,3,-5,0,0,0,0,0,0,0,0,0,0,0,0,0,0,0,0,0,0,-2,-4,-7,-17,-5,-19,-4,-21,-3,-22,-2,-23,-2,-23,-2,-22,-3,-22,-5,-20,-7,-19,-10,-18,-13,-16,-16,-16,-20,-15,-23,-15,-25,-14,-27,-14,-28,-14,-29,-14,-29,-14,-27,-14,-25,-15,-22,-15,-19,-15,-14,-15,-10,-14]"
CSI_DATA,41623,d8:b1:90:db:e8:90,-41,11,1,7,0,0,1,0,1,0,1,-94,0,4,0,651762713,0,100,0,128,1,"[100,-64,5,0,5,8,3,13,0,17,-2,21,-4,23,-6,25,-8,27,-8,27,-9,27,-9,26,-8,24,-7,22,-5,20,-2,17,0,15,3,13,7,11,10,9,13,9,15,9,17,10,18,10,18,11,17,13,15,13,3,3,0,0,0,0,0,0,0,0,0,0,0,0,0,0,0,0,0,0,4,-1,17,-3,19,-2,20,-1,21,1,21,1,21,2,21,1,19,0,18,-1,16,-4,15,-7,13,-11,12,-14,12,-18,12,-22,11,-24,12,-26,12,-28,12,-28,13,-28,13,-27,13,-25,13,-22,12,-18,12,-14,11,-10]"
CSI_DATA,41624,d8:b1:90:db:e8:90,-40,11,1,7,0,0,1,0,1,0,1,-94,0,4,0,651774128,0,100,0,128,1,"[100,-64,5,0,-6,-10,-3,-14,0,-17,3,-20,5,-22,7,-24,9,-25,10,-25,10,-25,10,-24,9,-23,7,-21,5,-19,3,-18,0,-16,-3,-14,-6,-13,-8,-12,-11,-12,-13,-12,-14,-13,-15,-13,-15,-14,-13,-15,-12,-15,-3,-4,0,0,0,0,0,0,0,0,0,0,0,0,0,0,0,0,0,0,-4,-1,-16,-1,-18,-3,-19,-4,-19,-6,-20,-7,-20,-7,-19,-6,-19,-5,-18,-3,-18,-1,-17,2,-17,5,-17,8,-17,12,-18,14,-18,17,-18,18,-19,20,-19,20,-19,20,-20,19,-19,17,-19,15,-17,11,-16,7,-15,4]"
CSI_DATA,41625,d8:b1:90:db:e8:90,-40,11,1,7,0,0,1,0,0,0,1,-94,0,4,0,651786777,0,100,0,128,1,"[100,-64,5,0,20,-7,20,-8,19,-8,19,-8,18,-9,18,-9,18,-9,17,-10,17,-10,17,-10,17,-10,17,-10,17,-10,17,-10,17,-10,17,-10,16,-9,16,-9,16,-9,16,-8,16,-8,15,-8,15,-7,15,-6,15,-6,3,-2,0,0,0,0,0,0,0,0,0,0,0,0,0,0,0,0,0,0,3,-2,14,-7,14,-7,15,-7,16,-6,17,-6,17,-6,17,-6,18,-5,19,-5,19,-5,20,-4,20,-4,20,-4,20,-4,21,-4,21,-4,21,-4,20,-4,20,-5,20,-5,20,-5,20,-6,20,-6,20,-6,20,-7,21,-7]"
CSI_DATA,41626,d8:b1:90:db:e8:90,-40,11,1,7,0,0,1,0,0,0,1,-94,0,4,0,651797752,0,100,0,128,1,"[100,-64,5,0,25,-4,25,-4,24,-5,23,-5,23,-5,22,-6,22,-6,22,-7,22,-8,21,-8,21,-8,22,-9,22,-9,22,-9,22,-9,21,-9,21,-8,21,-8,20,-8,20,-7,20,-6,20,-6,19,-5,19,-4,18,-3,4,-1,0,0,0,0,0,0,0,0,0,0,0,0,0,0,0,0,0,0,4,-2,18,-5,18,-5,19,-4,20,-3,20,-3,21,-3,22,-2,22,-1,23,-1,23,-1,24,0,24,0,23,0,23,0,23,1,24,1,24,0,24,0,24,-1,24,-1,24,-2,24,-3,25,-3,25,-2,25,-2,25,-3]"
CSI_DATA,41627,d8:b1:90:db:e8:90,-41,11,1,7,0,0,1,0,0,0,1,-94,0,4,0,651826295,0,100,0,128,1,"[100,-64,5,0,-18,13,-18,14,-17,14,-17,14,-16,14,-16,14,-15,14,-15,14,-14,15,-14,15,-13,15,-14,15,-14,15,-14,15,-14,15,-14,14,-14,14,-14,14,-14,13,-14,12,-14,12,-13,11,-13,11,-13,10,-14,10,-4,2,0,0,0,0,0,0,0,0,0,0,0,0,0,0,0,0,0,0,-3,2,-11,11,-12,11,-13,10,-14,10,-15,10,-16,10,-17,10,-17,10,-17,10,-18,10,-18,10,-18,10,-18,10,-19,10,-19,10,-20,10,-19,10,-19,10,-19,10,-19,11,-19,11,-18,11,-19,11,-19,12,-19,12,-19,13]"
CSI_DATA,41628,d8:b1:90:db:e8:90,-40,11,1,7,0,0,1,0,0,0,1,-94,0,4,0,651840528,0,100,0,128,1,"[100,-64,5,0,6,19,7,19,7,18,7,18,8,18,8,17,8,17,8,17,8,16,8,16,9,16,9,16,9,16,9,16,8,16,8,16,7,15,7,15,6,15,6,14,6,14,6,14,5,14,5,14,4,14,1,3,0,0,0,0,0,0,0,0,0,0,0,0,0,0,0,0,0,0,1,3,7,12,7,12,6,13,6,14,5,14,5,15,5,16,5,17,5,17,5,18,4,18,4,18,4,19,4,19,4,19,4,18,4,18,5,18,5,19,5,19,5,19,6,19,5,19,6,19,6,19,7,19]"
CSI_DATA,41629,d8:b1:90:db:e8:90,-40,11,1,7,0,0,1,0,0,0,1,-94,0,4,0,651850885,0,100,0,128,1,"[100,-64,5,0,-4,17,-4,17,-4,17,-4,17,-3,17,-3,16,-3,16,-3,16,-2,16,-2,16,-1,16,-1,16,-1,16,-1,16,-1,16,-1,16,-2,16,-2,15,-2,15,-2,14,-2,14,-3,13,-3,13,-3,13,-4,13,-1,3,0,0,0,0,0,0,0,0,0,0,0,0,0,0,0,0,0,0,0,3,-1,12,-2,13,-3,13,-3,13,-3,13,-4,14,-4,14,-4,14,-5,15,-6,15,-6,15,-6,15,-6,15,-6,15,-6,16,-6,16,-6,16,-6,16,-5,16,-5,16,-5,16,-5,17,-4,17,-4,18,-4,18,-5,18]"
CSI_DATA,41630,d8:b1:90:db:e8:90,-41,11,1,7,0,0,1,0,0,0,1,-94,0,4,0,651861423,0,100,0,128,1,"[100,-64,5,0,17,-18,17,-18,17,-18,16,-18,16,-18,15,-18,15,-18,14,-18,14,-18,14,-18,13,-19,13,-19,12,-19,12,-19,13,-19,13,-18,13,-18,13,-18,13,-17,12,-16,12,-16,12,-15,12,-15,12,-14,13,-14,3,-4,0,0,0,0,0,0,0,0,0,0,0,0,0,0,0,0,0,0,2,-4,10,-14,11,-14,12,-14,13,-13,14,-13,15,-14,16,-14,16,-14,17,-14,17,-14,18,-13,19,-13,19,-13,19,-14,19,-14,19,-14,19,-14,18,-14,18,-15,18,-16,17,-16,18,-17,18,-17,18,-17,18,-17,18,-17]"
CSI_DATA,41631,d8:b1:90:db:e8:90,-40,11,1,7,0,0,1,0,0,0,1,-94,0,4,0,651872450,0,100,0,128,1,"[100,-64,5,0,-8,22,-8,22,-7,22,-6,22,-5,22,-5,22,-4,22,-4,21,-4,21,-3,21,-3,21,-3,21,-4,21,-4,21,-3,20,-3,21,-3,20,-4,19,-4,19,-4,18,-5,17,-5,17,-5,16,-6,16,-6,16,-2,4,0,0,0,0,0,0,0,0,0,0,0,0,0,0,0,0,0,0,-1,4,-4,16,-4,16,-5,16,-6,17,-6,17,-7,18,-7,18,-8,19,-8,19,-9,19,-10,19,-11,19,-11,19,-11,19,-11,19,-11,19,-11,19,-10,19,-10,20,-10,20,-10,20,-10,21,-9,21,-9,21,-8,21,-9,21]"
CSI_DATA,41632,d8:b1:90:db:e8:90,-40,11,1,7,0,0,1,0,0,0,1,-94,0,4,0,651884987,0,100,0,128,1,"[100,-64,5,0,1,-22,0,-22,0,-21,-1,-21,-1,-21,-1,-21,-2,-20,-2,-20,-3,-20,-3,-20,-4,-20,-3,-20,-3,-20,-3,-20,-3,-20,-3,-19,-3,-19,-2,-19,-2,-18,-1,-17,-1,-17,-1,-16,-1,-16,0,-16,1,-16,0,-4,0,0,0,0,0,0,0,0,0,0,0,0,0,0,0,0,0,0,-1,-4,-1,-15,-1,-16,0,-16,0,-17,1,-17,1,-18,1,-18,2,-18,2,-19,3,-19,3,-19,4,-19,4,-20,4,-20,4,-20,4,-20,3,-20,3,-20,3,-20,3,-20,3,-21,3,-21,2,-21,1,-21,1,-21,1,-21]"
CSI_DATA,41633,d8:b1:90:db:e8:90,-40,11,1,7,0,0,1,0,0,0,1,-94,0,4,0,651896638,0,100,0,128,1,"[100,-64,5,0,3,21,3,21,4,20,4,20,4,19,4,19,5,18,5,18,5,18,6,18,6,18,6,17,6,17,6,17,6,17,5,17,5,17,5,16,5,16,4,16,4,15,4,15,3,15,3,15,2,15,0,3,0,0,0,0,0,0,0,0,0,0,0,0,0,0,0,0,0,0,1,3,5,13,5,14,4,14,4,15,4,15,3,16,3,17,3,18,2,18,2,19,2,19,1,20,1,20,1,20,1,19,0,19,1,19,1,20,1,20,2,21,2,20,2,20,2,20,2,20,3,20,3,20]"
CSI_DATA,41634,d8:b1:90:db:e8:90,-40,11,1,7,0,0,1,0,0,0,1,-94,0,4,0,651908871,0,100,0,128,1,"[100,-64,5,0,4,20,4,20,4,19,4,19,5,19,5,18,5,18,6,18,6,17,6,17,6,17,6,18,6,18,6,18,6,17,5,17,5,17,5,16,4,16,4,16,4,15,3,15,3,15,2,15,1,15,0,3,0,0,0,0,0,0,0,0,0,0,0,0,0,0,0,0,0,0,1,3,4,14,3,14,2,15,2,16,1,16,1,17,1,17,0,17,0,18,0,18,-1,19,-1,20,-1,20,-1,20,-1,20,0,20,0,20,0,20,1,20,1,20,2,20,2,20,3,20,3,20,3,20,3,20]"
CSI_DATA,41635,d8:b1:90:db:e8:90,-40,11,1,7,0,0,1,0,0,0,1,-94,0,4,0,651930126,0,100,0,128,1,"[100,-64,5,0,14,-16,14,-17,14,-16,13,-16,13,-16,12,-16,12,-16,11,-17,11,-17,11,-17,11,-17,11,-17,11,-17,11,-17,11,-17,11,-16,11,-15,11,-15,11,-14,11,-14,11,-13,11,-13,11,-12,11,-12,12,-11,3,-3,0,0,0,0,0,0,0,0,0,0,0,0,0,0,0,0,0,0,2,-4,9,-12,9,-12,10,-12,11,-13,12,-13,12,-13,13,-12,13,-12,14,-12,15,-12,16,-13,17,-13,17,-13,17,-12,16,-13,16,-13,16,-13,16,-14,16,-14,16,-14,15,-15,15,-15,15,-15,15,-15,15,-16,15,-16]"
CSI_DATA,41636,d8:b1:90:db:e8:90,-40,11,1,7,0,0,1,0,0,0,1,-94,0,4,0,651944031,0,100,0,128,1,"[100,-64,5,0,12,19,13,19,13,19,12,18,12,18,12,18,12,17,13,17,13,17,13,16,14,16,14,15,14,15,14,15,14,15,13,15,13,15,12,15,12,15,11,14,10,14,10,13,10,14,9,14,8,14,2,3,0,0,0,0,0,0,0,0,0,0,0,0,0,0,0,0,0,0,2,3,10,12,10,13,10,14,10,14,10,15,9,16,9,16,9,17,9,18,9,19,8,19,8,20,8,20,8,20,8,20,9,20,9,20,9,20,10,19,10,19,10,19,11,19,11,20,11,20,11,20,11,19]"
CSI_DATA,41637,d8:b1:90:db:e8:90,-40,11,1,7,0,0,1,0,0,0,1,-94,0,4,0,651969195,0,100,0,128,1,"[100,-64,5,0,-6,-23,-6,-22,-6,-22,-6,-22,-6,-22,-7,-21,-7,-21,-7,-21,-7,-21,-8,-21,-8,-21,-8,-21,-8,-20,-8,-20,-7,-21,-7,-20,-6,-20,-6,-19,-6,-19,-6,-18,-6,-18,-6,-17,-5,-17,-4,-17,-4,-17,-1,-5,0,0,0,0,0,0,0,0,0,0,0,0,0,0,0,0,0,0,-2,-4,-5,-16,-5,-17,-4,-18,-3,-18,-3,-19,-3,-20,-3,-20,-3,-20,-3,-21,-2,-21,-1,-22,-1,-23,-1,-23,-1,-23,-1,-23,-2,-23,-2,-23,-2,-23,-3,-23,-3,-22,-3,-22,-4,-23,-5,-23,-5,-24,-5,-24,-4,-23]"
CSI_DATA,41638,d8:b1:90:db:e8:90,-41,11,1,5,0,0,1,0,1,0,0,-94,0,4,0,651989704,0,100,0,128,1,"[100,-64,5,0,-9,4,-12,1,-15,-2,-17,-5,-18,-7,-20,-9,-20,-11,-20,-12,-20,-12,-20,-12,-19,-11,-17,-9,-16,-8,-15,-5,-13,-3,-12,0,-12,3,-12,5,-12,7,-12,9,-13,10,-13,10,-14,10,-15,9,-15,8,-4,1,0,0,0,0,0,0,0,0,0,0,0,0,0,0,0,0,0,0,-1,3,-3,13,-4,14,-5,15,-7,15,-7,15,-7,15,-7,15,-6,15,-5,14,-3,14,0,14,3,14,6,14,8,15,11,15,13,16,14,17,15,17,16,18,15,18,14,18,13,17,11,16,8,15,5,14,2,12]"
CSI_DATA,41639,d8:b1:90:db:e8:90,-41,11,1,5,0,0,1,0,1,0,0,-94,0,4,0,652001574,0,100,0,128,1,"[100,-64,5,0,-8,-8,-6,-13,-4,-17,-2,-20,-1,-23,0,-25,1,-26,2,-26,2,-26,2,-25,2,-23,1,-21,-1,-18,-2,-15,-4,-12,-7,-10,-10,-7,-12,-6,-14,-4,-17,-4,-18,-4,-19,-4,-19,-5,-19,-6,-18,-7,-5,-2,0,0,0,0,0,0,0,0,0,0,0,0,0,0,0,0,0,0,-4,-1,-16,-2,-17,-4,-18,-5,-18,-7,-19,-7,-19,-8,-18,-7,-17,-5,-16,-4,-15,-1,-14,2,-14,6,-14,9,-13,13,-13,16,-13,18,-14,21,-14,22,-14,23,-15,23,-15,23,-14,21,-14,18,-14,15,-14,11,-13,8]"
CSI_DATA,41640,d8:b1:90:db:e8:90,-40,11,1,7,0,0,1,0,0,0,1,-94,0,4,0,652012589,0,100,0,128,1,"[100,-64,5,0,21,-5,21,-5,21,-5,21,-5,21,-5,21,-6,20,-6,20,-6,20,-7,19,-7,19,-7,19,-8,19,-8,19,-8,19,-8,19,-8,19,-8,18,-7,18,-7,17,-6,17,-6,17,-5,16,-5,16,-4,16,-4,4,-1,0,0,0,0,0,0,0,0,0,0,0,0,0,0,0,0,0,0,3,-2,15,-6,16,-6,16,-5,16,-4,17,-4,18,-4,19,-3,19,-3,20,-2,20,-2,20,-2,21,-1,21,-2,21,-2,21,-2,21,-2,21,-2,21,-2,22,-3,22,-3,22,-4,22,-4,22,-4,22,-4,22,-4,23,-4]"
CSI_DATA,41641,d8:b1:90:db:e8:90,-40,11,1,7,0,0,1,0,0,0,1,-94,0,4,0,652032106,0,100,0,128,1,"[100,-64,5,0,1,-19,0,-19,0,-19,0,-18,-1,-18,-1,-18,-2,-18,-2,-18,-2,-18,-2,-17,-3,-17,-2,-18,-2,-18,-2,-18,-2,-18,-2,-17,-2,-17,-1,-17,-1,-17,-1,-16,-1,-16,-1,-15,0,-15,0,-15,1,-15,0,-4,0,0,0,0,0,0,0,0,0,0,0,0,0,0,0,0,0,0,-1,-4,-2,-14,-2,-14,-1,-15,-1,-15,0,-15,0,-16,0,-16,1,-16,1,-17,2,-17,2,-17,2,-18,2,-18,2,-18,3,-18,3,-18,3,-18,3,-19,2,-19,2,-19,2,-19,2,-19,2,-19,2,-19,1,-19,1,-19]"
CSI_DATA,41642,d8:b1:90:db:e8:90,-40,11,1,7,0,0,1,0,0,0,1,-94,0,4,0,652047532,0,100,0,128,1,"[100,-64,5,0,8,18,9,18,9,18,9,17,10,17,10,17,10,16,11,16,11,16,12,16,12,16,11,15,11,15,11,15,11,15,11,15,10,15,9,15,9,14,8,14,8,14,8,14,7,14,6,14,6,14,1,3,0,0,0,0,0,0,0,0,0,0,0,0,0,0,0,0,0,0,2,3,8,12,7,12,6,13,6,14,6,14,6,15,6,16,6,16,6,17,6,18,5,18,5,19,5,19,5,19,5,19,5,19,5,19,6,19,6,18,6,18,6,18,7,18,7,18,7,18,7,19,7,18]"
CSI_DATA,41643,d8:b1:90:db:e8:90,-40,11,1,7,0,0,1,0,0,0,1,-94,0,4,0,652060202,0,100,0,128,1,"[100,-64,5,0,-11,-24,-11,-23,-12,-22,-12,-22,-13,-21,-13,-21,-14,-21,-15,-21,-15,-21,-15,-21,-15,-20,-15,-20,-14,-20,-14,-20,-14,-19,-13,-20,-12,-20,-12,-19,-11,-19,-11,-19,-11,-19,-10,-18,-10,-18,-9,-18,-8,-18,-2,-5,0,0,0,0,0,0,0,0,0,0,0,0,0,0,0,0,0,0,-3,-4,-10,-16,-10,-17,-9,-18,-8,-18,-8,-19,-8,-19,-9,-20,-9,-20,-8,-21,-8,-22,-8,-23,-7,-24,-7,-24,-7,-24,-7,-24,-7,-24,-7,-24,-7,-24,-8,-24,-8,-24,-9,-24,-9,-24,-10,-23,-10,-23,-10,-23,-10,-23]"
CSI_DATA,41644,d8:b1:90:db:e8:90,-40,11,1,7,0,0,1,0,0,0,1,-94,0,4,0,652070524,0,100,0,128,1,"[100,-64,5,0,-22,-11,-22,-11,-21,-10,-21,-9,-22,-9,-22,-8,-22,-8,-22,-8,-22,-7,-22,-7,-23,-6,-23,-6,-22,-6,-22,-6,-21,-7,-21,-7,-20,-7,-19,-7,-19,-7,-18,-7,-18,-7,-17,-7,-17,-7,-16,-8,-16,-8,-4,-3,0,0,0,0,0,0,0,0,0,0,0,0,0,0,0,0,0,0,-5,-2,-18,-5,-17,-6,-17,-7,-17,-8,-17,-9,-18,-9,-18,-10,-18,-11,-18,-12,-18,-12,-19,-13,-19,-13,-19,-14,-19,-14,-19,-13,-19,-13,-19,-12,-19,-12,-20,-12,-20,-12,-21,-12,-21,-12,-21,-12,-21,-12,-22,-11,-22,-11]"
CSI_DATA,41645,d8:b1:90:db:e8:90,-41,11,1,7,0,0,1,0,0,0,1,-94,0,4,0,652082120,0,100,0,128,1,"[100,-64,5,0,-22,-13,-22,-13,-22,-12,-22,-11,-22,-10,-22,-10,-22,-10,-23,-10,-23,-9,-23,-9,-23,-9,-22,-9,-22,-9,-22,-9,-22,-9,-21,-9,-20,-9,-20,-9,-19,-9,-18,-9,-17,-10,-17,-10,-17,-10,-17,-10,-16,-11,-4,-3,0,0,0,0,0,0,0,0,0,0,0,0,0,0,0,0,0,0,-5,-2,-18,-6,-18,-7,-17,-8,-18,-8,-18,-9,-18,-10,-18,-11,-18,-12,-19,-13,-19,-13,-19,-14,-19,-14,-19,-14,-20,-14,-19,-14,-20,-14,-20,-14,-20,-13,-20,-13,-21,-13,-21,-13,-21,-13,-21,-13,-22,-13,-22,-13,-22,-13]"
CSI_DATA,41646,d8:b1:90:db:e8:90,-40,11,1,7,0,0,1,0,0,0,1,-94,0,4,0,652092910,0,100,0,128,1,"[100,-64,5,0,15,14,14,13,15,13,15,13,15,12,15,11,15,11,16,11,16,10,16,10,16,10,15,10,15,10,14,10,14,10,15,10,15,10,14,10,14,10,13,10,13,10,12,10,12,10,11,10,11,10,2,2,0,0,0,0,0,0,0,0,0,0,0,0,0,0,0,0,0,0,3,2,12,8,11,9,11,10,11,11,12,11,12,12,12,12,12,13,12,13,12,14,12,15,11,16,11,16,11,16,12,16,12,16,12,15,12,15,12,15,13,14,13,14,14,14,14,14,14,14,14,14,14,14]"
CSI_DATA,41647,d8:b1:90:db:e8:90,-40,11,1,7,0,0,1,0,0,0,1,-94,0,4,0,652106479,0,100,0,128,1,"[100,-64,5,0,-11,-17,-11,-17,-10,-17,-10,-16,-10,-16,-10,-15,-10,-15,-11,-15,-11,-15,-11,-14,-12,-14,-11,-14,-11,-14,-11,-14,-11,-14,-11,-14,-11,-14,-10,-14,-9,-14,-9,-14,-9,-13,-9,-13,-8,-13,-8,-13,-7,-13,-2,-4,0,0,0,0,0,0,0,0,0,0,0,0,0,0,0,0,0,0,-2,-3,-8,-12,-7,-12,-7,-13,-7,-13,-7,-14,-7,-14,-7,-15,-7,-16,-7,-16,-7,-17,-6,-17,-6,-17,-6,-17,-6,-17,-6,-17,-6,-17,-7,-17,-7,-17,-7,-17,-7,-17,-8,-17,-8,-17,-9,-17,-9,-17,-9,-17,-10,-17]"
CSI_DATA,41648,d8:b1:90:db:e8:90,-40,11,1,7,0,0,1,0,0,0,1,-94,0,4,0,652119121,0,100,0,128,1,"[100,-64,5,0,23,-3,23,-3,23,-3,22,-3,22,-3,22,-4,22,-4,21,-5,21,-5,21,-5,20,-5,20,-5,20,-5,20,-5,20,-5,20,-4,20,-4,19,-4,19,-4,19,-4,18,-4,18,-3,17,-3,16,-2,16,-1,4,-1,0,0,0,0,0,0,0,0,0,0,0,0,0,0,0,0,0,0,4,-1,16,-3,16,-2,16,-2,17,-1,18,-1,19,0,20,0,20,0,21,1,21,1,21,2,22,2,22,2,21,2,21,2,21,2,21,1,21,1,21,1,22,0,22,0,22,-1,22,-1,22,-1,23,-1,23,-2]"
CSI_DATA,41649,d8:b1:90:db:e8:90,-40,11,1,7,0,0,1,0,0,0,1,-94,0,4,0,652141212,0,100,0,128,1,"[100,-64,5,0,8,18,9,18,9,18,9,17,9,17,10,16,10,16,10,16,10,15,10,15,10,15,10,15,10,15,10,15,9,15,9,15,9,15,8,15,8,15,8,15,7,14,7,14,7,13,6,14,6,14,1,3,0,0,0,0,0,0,0,0,0,0,0,0,0,0,0,0,0,0,2,3,8,12,7,13,7,14,7,14,6,15,6,16,6,16,6,16,5,17,5,17,5,18,6,18,5,19,5,19,5,19,5,19,6,19,6,19,6,19,6,19,7,18,7,18,8,19,8,19,8,19,8,19]"
CSI_DATA,41650,d8:b1:90:db:e8:90,-40,11,1,7,0,0,1,0,0,0,1,-94,0,4,0,652156914,0,100,0,128,1,"[100,-64,5,0,-6,-21,-6,-21,-7,-20,-7,-20,-8,-19,-8,-19,-8,-19,-8,-18,-9,-18,-9,-18,-10,-17,-10,-18,-10,-18,-10,-17,-10,-17,-9,-17,-8,-17,-8,-17,-7,-16,-7,-16,-7,-16,-7,-15,-6,-15,-5,-15,-5,-15,-1,-4,0,0,0,0,0,0,0,0,0,0,0,0,0,0,0,0,0,0,-2,-4,-7,-14,-6,-15,-5,-16,-4,-17,-4,-17,-4,-18,-3,-18,-3,-19,-3,-19,-2,-20,-2,-20,-2,-21,-2,-21,-2,-21,-2,-20,-3,-20,-3,-20,-3,-21,-4,-21,-4,-21,-4,-21,-4,-21,-4,-20,-5,-20,-5,-20,-5,-21]"
CSI_DATA,41651,d8:b1:90:db:e8:90,-40,11,1,7,0,0,1,0,0,0,1,-94,0,4,0,652173394,0,100,0,128,1,"[100,-64,5,0,-7,22,-7,21,-7,22,-6,22,-6,22,-6,22,-5,22,-5,22,-5,22,-4,22,-4,22,-3,22,-3,22,-3,21,-3,22,-3,22,-3,22,-4,21,-4,20,-4,19,-4,19,-4,18,-4,18,-5,17,-6,16,-2,4,0,0,0,0,0,0,0,0,0,0,0,0,0,0,0,0,0,0,-1,4,-3,16,-4,17,-6,17,-6,18,-7,18,-7,19,-8,19,-8,19,-9,20,-9,20,-10,20,-10,20,-10,20,-11,20,-11,20,-11,20,-11,21,-10,21,-10,21,-10,22,-9,22,-9,22,-9,23,-9,23,-8,23,-8,23]"
CSI_DATA,41652,d8:b1:90:db:e8:90,-41,11,1,7,0,0,1,0,0,0,1,-92,0,4,0,652187442,0,100,0,128,1,"[100,-64,5,0,-6,-20,-6,-20,-6,-20,-6,-20,-7,-20,-7,-20,-7,-20,-7,-19,-8,-19,-8,-19,-8,-19,-8,-18,-8,-18,-8,-18,-8,-18,-9,-18,-9,-18,-8,-18,-7,-17,-7,-17,-7,-16,-6,-16,-5,-16,-4,-15,-3,-15,-1,-4,0,0,0,0,0,0,0,0,0,0,0,0,0,0,0,0,0,0,-2,-4,-6,-15,-6,-15,-5,-16,-5,-16,-5,-17,-5,-18,-5,-18,-4,-19,-4,-20,-4,-20,-3,-20,-2,-21,-2,-21,-2,-21,-2,-21,-3,-21,-3,-21,-3,-21,-3,-21,-4,-21,-4,-21,-4,-22,-5,-22,-5,-22,-5,-22,-5,-22]"
CSI_DATA,41653,d8:b1:90:db:e8:90,-42,11,1,7,0,0,1,0,0,0,1,-92,0,4,0,652197602,0,100,0,128,1,"[100,-64,5,0,-6,19,-5,18,-5,18,-5,19,-4,19,-4,18,-4,18,-3,18,-3,18,-3,18,-3,18,-2,18,-2,18,-2,17,-3,17,-3,18,-3,17,-3,17,-4,17,-4,16,-4,15,-5,15,-5,14,-5,14,-6,14,-2,3,0,0,0,0,0,0,0,0,0,0,0,0,0,0,0,0,0,0,-1,3,-2,14,-3,14,-4,14,-5,15,-5,15,-6,15,-7,15,-7,15,-8,16,-8,16,-8,16,-9,16,-9,16,-9,17,-9,17,-9,17,-8,17,-8,17,-8,17,-8,17,-7,18,-7,18,-7,19,-7,19,-7,19,-7,19]"
CSI_DATA,41654,d8:b1:90:db:e8:90,-42,11,1,7,0,0,1,0,0,0,1,-92,0,4,0,652209257,0,100,0,128,1,"[100,-64,5,0,-6,-20,-6,-20,-6,-20,-7,-20,-7,-19,-8,-19,-8,-18,-8,-18,-9,-18,-9,-18,-9,-17,-9,-17,-9,-17,-9,-16,-9,-17,-9,-17,-8,-17,-8,-17,-8,-17,-7,-16,-7,-16,-6,-16,-6,-15,-5,-15,-5,-15,-2,-4,0,0,0,0,0,0,0,0,0,0,0,0,0,0,0,0,0,0,-2,-4,-6,-15,-5,-15,-4,-16,-3,-16,-3,-17,-3,-17,-2,-17,-2,-18,-2,-18,-2,-19,-1,-19,-1,-20,-1,-20,-1,-20,-1,-20,-2,-20,-2,-20,-2,-20,-3,-20,-3,-20,-4,-20,-4,-20,-4,-21,-5,-21,-5,-21,-5,-21]"
CSI_DATA,41655,d8:b1:90:db:e8:90,-41,11,1,7,0,0,1,0,0,0,1,-92,0,4,0,652235614,0,100,0,128,1,"[100,-64,5,0,-4,-22,-4,-21,-4,-21,-4,-21,-4,-20,-4,-20,-5,-20,-5,-20,-6,-20,-6,-19,-7,-19,-7,-19,-7,-19,-7,-19,-7,-19,-6,-19,-5,-18,-5,-18,-4,-18,-4,-18,-4,-17,-4,-16,-3,-16,-3,-16,-2,-16,-1,-4,0,0,0,0,0,0,0,0,0,0,0,0,0,0,0,0,0,0,-2,-4,-5,-15,-4,-15,-3,-16,-3,-16,-2,-17,-2,-17,-2,-18,-2,-18,-2,-19,-1,-20,-1,-20,-1,-21,-1,-21,-1,-21,-1,-21,-1,-21,-1,-21,-1,-21,-1,-21,-2,-21,-2,-21,-2,-21,-2,-21,-2,-21,-3,-21,-2,-21]"
CSI_DATA,41656,d8:b1:90:db:e8:90,-42,11,1,7,0,0,1,0,0,0,1,-92,0,4,0,652249905,0,100,0,128,1,"[100,-64,5,0,17,11,17,11,17,10,17,10,16,9,16,9,16,9,16,8,16,8,16,7,17,7,17,7,17,7,17,7,17,7,16,7,16,7,15,7,15,7,15,7,14,7,14,7,13,7,13,7,12,7,3,2,0,0,0,0,0,0,0,0,0,0,0,0,0,0,0,0,0,0,3,1,13,6,13,7,13,8,13,8,13,9,13,10,13,10,13,11,13,11,13,12,13,12,13,12,13,12,13,13,13,13,13,13,13,13,14,13,14,13,15,13,15,13,16,12,16,12,16,12,16,12,16,12]"
CSI_DATA,41657,d8:b1:90:db:e8:90,-42,11,1,7,0,0,1,0,0,0,1,-92,0,4,0,652267392,0,100,0,128,1,"[100,-64,5,0,16,-21,14,-20,12,-19,11,-18,10,-17,10,-18,10,-20,11,-22,11,-23,10,-23,10,-22,9,-21,9,-19,9,-18,9,-18,9,-18,9,-19,8,-19,8,-19,8,-18,8,-17,9,-16,9,-15,10,-14,11,-14,2,-4,0,0,0,0,0,0,0,0,0,0,0,0,0,0,0,0,0,0,1,-4,7,-14,7,-15,8,-15,10,-16,11,-16,12,-16,13,-16,13,-16,13,-15,13,-15,13,-16,12,-17,13,-18,13,-18,14,-18,15,-18,16,-17,17,-17,16,-17,16,-17,14,-17,13,-18,12,-18,12,-19,13,-20,14,-20]"
CSI_DATA,41658,d8:b1:90:db:e8:90,-42,11,1,7,0,0,1,0,0,0,1,-92,0,4,0,652281461,0,100,0,128,1,"[100,-64,5,0,-23,-7,-23,-6,-23,-6,-22,-6,-22,-6,-22,-5,-22,-5,-21,-4,-21,-3,-21,-3,-21,-2,-21,-2,-21,-2,-21,-2,-21,-2,-21,-3,-20,-3,-19,-3,-19,-3,-19,-3,-18,-4,-18,-4,-17,-4,-17,-4,-16,-5,-4,-2,0,0,0,0,0,0,0,0,0,0,0,0,0,0,0,0,0,0,-5,-1,-17,-1,-17,-1,-17,-2,-18,-3,-18,-3,-18,-4,-19,-5,-20,-6,-20,-7,-21,-7,-21,-7,-21,-8,-21,-8,-21,-8,-21,-9,-21,-9,-21,-9,-21,-8,-21,-8,-21,-8,-22,-7,-22,-7,-22,-7,-22,-7,-23,-6,-23,-6]"
CSI_DATA,41659,d8:b1:90:db:e8:90,-42,11,1,7,0,0,1,0,0,0,1,-92,0,4,0,652296787,0,100,0,128,1,"[100,-64,5,0,17,16,17,15,17,15,17,14,17,14,17,13,17,13,17,12,17,11,17,11,17,10,18,10,18,10,18,10,18,10,18,10,17,10,16,10,15,10,15,10,15,10,14,10,14,10,13,10,13,10,3,2,0,0,0,0,0,0,0,0,0,0,0,0,0,0,0,0,0,0,3,2,13,9,13,9,13,10,13,11,13,12,13,12,13,14,13,15,13,15,13,16,13,16,13,16,13,16,13,17,13,17,13,17,13,17,13,16,14,16,14,16,15,16,15,16,15,16,16,16,16,16,16,16]"
CSI_DATA,41660,d8:b1:90:db:e8:90,-41,11,1,7,0,0,1,0,0,0,1,-92,0,4,0,652308448,0,100,0,128,1,"[100,-64,5,0,-13,-17,-13,-16,-13,-16,-13,-16,-14,-16,-14,-16,-14,-16,-14,-15,-14,-15,-15,-14,-15,-14,-15,-14,-15,-14,-15,-14,-15,-14,-14,-13,-14,-13,-13,-13,-13,-13,-12,-13,-12,-13,-11,-12,-11,-12,-10,-13,-10,-13,-3,-4,0,0,0,0,0,0,0,0,0,0,0,0,0,0,0,0,0,0,-3,-3,-11,-11,-11,-12,-11,-13,-11,-13,-11,-14,-11,-14,-10,-15,-10,-16,-10,-17,-10,-17,-10,-17,-10,-17,-10,-18,-10,-18,-10,-18,-11,-18,-11,-18,-11,-18,-11,-18,-11,-18,-12,-18,-12,-17,-12,-17,-13,-17,-13,-17,-13,-18]"
CSI_DATA,41661,d8:b1:90:db:e8:90,-42,11,1,7,0,0,1,0,0,0,1,-92,0,4,0,652338118,0,100,0,128,1,"[100,-64,5,0,19,5,19,5,19,4,19,4,19,4,18,3,18,2,19,2,19,1,18,1,18,1,18,1,18,1,18,0,18,1,18,1,17,2,17,2,16,2,16,2,16,2,15,2,15,3,14,3,14,4,3,1,0,0,0,0,0,0,0,0,0,0,0,0,0,0,0,0,0,0,3,0,14,1,15,1,15,2,15,3,15,3,15,4,16,4,17,5,17,5,17,6,17,7,17,7,17,7,17,7,18,7,18,7,18,7,18,6,18,6,19,6,19,6,19,5,19,5,19,5,19,5,19,5]"
CSI_DATA,41662,d8:b1:90:db:e8:90,-42,11,1,7,0,0,1,0,0,0,1,-92,0,4,0,652352133,0,100,0,128,1,"[100,-64,5,0,5,19,6,19,6,19,6,18,7,18,7,18,8,18,8,18,8,17,8,17,8,17,9,16,9,16,8,16,8,16,8,16,8,15,7,15,7,15,6,15,5,14,5,14,4,14,4,14,4,14,1,3,0,0,0,0,0,0,0,0,0,0,0,0,0,0,0,0,0,0,1,3,6,13,5,14,4,14,4,15,4,15,4,16,4,16,4,17,3,18,3,18,3,18,3,18,3,18,2,19,2,19,1,20,2,20,2,19,3,19,3,19,3,20,4,20,4,20,4,20,4,20,5,19]"
CSI_DATA,41663,d8:b1:90:db:e8:90,-41,11,1,7,0,0,1,0,0,0,1,-92,0,4,0,652374179,0,100,0,128,1,"[100,-64,5,0,17,12,17,12,16,11,16,11,16,10,16,10,17,9,17,9,17,8,17,8,17,8,18,8,18,8,18,7,17,8,17,8,16,8,15,7,15,7,15,8,14,8,14,8,13,8,13,9,12,10,3,2,0,0,0,0,0,0,0,0,0,0,0,0,0,0,0,0,0,0,3,2,12,8,12,9,12,9,12,10,12,11,13,11,13,12,13,12,13,13,13,13,13,14,13,14,13,14,13,14,13,14,13,14,13,14,14,13,14,13,15,13,15,13,15,13,16,13,16,13,16,13,16,13]"
CSI_DATA,41664,d8:b1:90:db:e8:90,-42,11,1,7,0,0,1,0,0,0,1,-92,0,4,0,652385065,0,100,0,128,1,"[100,-64,5,0,-23,3,-23,3,-23,4,-23,4,-22,4,-22,4,-22,5,-21,5,-21,6,-21,6,-21,6,-21,6,-21,6,-21,6,-20,6,-20,6,-20,6,-19,5,-19,4,-19,4,-19,3,-18,3,-18,3,-18,2,-18,2,-5,0,0,0,0,0,0,0,0,0,0,0,0,0,0,0,0,0,0,0,-4,1,-17,4,-17,4,-18,3,-18,2,-19,2,-19,2,-20,1,-20,1,-20,1,-21,0,-22,0,-22,0,-22,0,-22,0,-22,-1,-22,0,-23,0,-23,0,-23,1,-23,1,-23,1,-23,1,-24,2,-24,2,-24,3,-24,3]"
CSI_DATA,41665,d8:b1:90:db:e8:90,-42,11,1,7,0,0,1,0,0,0,1,-92,0,4,0,652401751,0,100,0,128,1,"[100,-64,5,0,16,-19,16,-19,16,-19,15,-19,15,-19,15,-19,14,-19,14,-19,13,-20,13,-20,12,-20,12,-20,12,-20,12,-20,12,-20,12,-19,12,-19,12,-18,12,-18,12,-17,12,-16,12,-15,12,-15,12,-15,13,-14,3,-4,0,0,0,0,0,0,0,0,0,0,0,0,0,0,0,0,0,0,2,-4,10,-15,11,-15,12,-15,13,-15,14,-15,15,-15,15,-15,15,-15,16,-15,17,-15,18,-15,18,-15,18,-15,18,-15,18,-15,18,-15,18,-15,18,-16,18,-16,18,-17,18,-17,18,-18,18,-18,18,-19,17,-19,17,-19]"
CSI_DATA,41666,d8:b1:90:db:e8:90,-42,11,1,7,0,0,1,0,0,0,1,-92,0,4,0,652416239,0,100,0,128,1,"[100,-64,5,0,6,-23,5,-23,5,-22,4,-22,4,-22,4,-22,3,-22,3,-22,3,-23,3,-23,2,-22,2,-22,2,-22,2,-22,2,-22,3,-21,3,-21,3,-21,4,-20,4,-20,4,-19,4,-18,4,-18,5,-17,5,-17,1,-4,0,0,0,0,0,0,0,0,0,0,0,0,0,0,0,0,0,0,0,-5,2,-17,2,-17,3,-17,3,-18,4,-18,5,-19,5,-19,6,-20,7,-20,7,-20,8,-21,9,-21,9,-21,9,-20,9,-20,9,-20,9,-20,9,-20,9,-21,8,-21,8,-21,8,-22,7,-22,7,-22,7,-22,7,-23]"
CSI_DATA,41667,d8:b1:90:db:e8:90,-48,11,1,7,0,0,1,0,0,0,1,-92,0,4,0,652441830,0,100,0,128,1,"[100,-64,5,0,23,-12,23,-11,22,-11,20,-10,18,-10,18,-9,19,-9,20,-8,21,-7,21,-6,20,-5,19,-3,19,-2,19,-2,18,-2,15,-2,13,-1,12,-1,12,1,12,4,12,6,11,6,5,3,-7,-4,-12,-8,-3,-3,0,0,0,0,0,0,0,0,0,0,0,0,0,0,0,0,0,0,-8,5,-30,20,-27,20,-20,21,-18,21,-19,21,-11,12,7,-5,18,-13,19,-13,20,-14,20,-17,21,-19,21,-18,22,-16,24,-13,25,-11,25,-10,26,-11,27,-12,27,-13,27,-13,27,-12,24,-11,23,-10,23,-11,21,-15]"
CSI_DATA,41668,d8:b1:90:db:e8:90,-42,11,1,7,0,0,1,0,0,0,1,-92,0,4,0,652456823,0,100,0,128,1,"[100,-64,5,0,-9,-19,-9,-19,-9,-19,-10,-19,-10,-18,-10,-18,-11,-17,-11,-17,-11,-17,-11,-17,-12,-17,-12,-17,-11,-17,-11,-16,-11,-16,-11,-16,-10,-16,-10,-16,-9,-15,-9,-15,-9,-15,-8,-14,-7,-14,-7,-14,-6,-14,-2,-4,0,0,0,0,0,0,0,0,0,0,0,0,0,0,0,0,0,0,-2,-4,-8,-14,-8,-14,-7,-15,-7,-15,-6,-16,-6,-16,-6,-17,-6,-18,-6,-18,-6,-19,-5,-19,-5,-19,-5,-19,-5,-19,-5,-20,-5,-20,-5,-20,-5,-20,-6,-20,-7,-20,-7,-20,-7,-20,-8,-20,-8,-20,-8,-20,-8,-20]"
CSI_DATA,41669,d8:b1:90:db:e8:90,-41,11,1,7,0,0,1,0,0,0,1,-92,0,4,0,652471504,0,100,0,128,1,"[100,-64,5,0,13,16,13,16,13,15,13,15,13,15,14,14,14,13,14,13,14,13,14,13,14,12,14,12,14,12,14,12,14,12,14,12,14,12,14,12,13,11,12,11,11,11,11,11,10,11,9,12,9,12,2,3,0,0,0,0,0,0,0,0,0,0,0,0,0,0,0,0,0,0,2,2,10,10,10,10,10,11,10,12,10,13,10,13,10,14,10,14,11,15,10,16,10,16,10,16,10,17,10,17,11,17,10,17,10,17,11,16,11,16,11,16,12,16,12,16,12,16,12,16,12,16,13,17]"
CSI_DATA,41670,d8:b1:90:db:e8:90,-41,11,1,7,0,0,1,0,0,0,1,-92,0,4,0,652488179,0,100,0,128,1,"[100,-64,5,0,-21,13,-21,13,-21,13,-20,13,-20,13,-19,13,-19,13,-18,14,-18,14,-18,14,-18,14,-18,14,-17,15,-17,14,-17,14,-17,14,-17,14,-17,14,-17,13,-16,12,-16,10,-16,10,-16,9,-16,9,-17,9,-5,2,0,0,0,0,0,0,0,0,0,0,0,0,0,0,0,0,0,0,-3,3,-13,12,-14,11,-15,11,-15,11,-16,11,-17,11,-18,11,-19,11,-20,11,-20,11,-21,11,-21,10,-21,10,-21,10,-22,10,-22,10,-21,11,-21,11,-21,11,-21,11,-21,12,-21,12,-21,12,-21,12,-21,13,-22,13]"
CSI_DATA,41671,d8:b1:90:db:e8:90,-42,11,1,7,0,0,1,0,0,0,1,-92,0,4,0,652498188,0,100,0,128,1,"[100,-64,5,0,16,-21,16,-21,15,-21,15,-21,14,-21,13,-21,13,-21,13,-21,12,-22,12,-21,11,-21,11,-21,12,-22,12,-22,12,-21,12,-21,12,-20,11,-20,11,-19,11,-19,10,-18,11,-17,11,-16,12,-16,12,-15,3,-4,0,0,0,0,0,0,0,0,0,0,0,0,0,0,0,0,0,0,2,-5,10,-17,10,-17,11,-17,12,-17,12,-17,13,-17,14,-17,15,-17,16,-17,16,-17,17,-17,17,-17,18,-17,18,-17,18,-17,18,-17,17,-17,17,-18,18,-18,17,-19,17,-19,17,-20,16,-20,16,-20,17,-20,17,-21]"
CSI_DATA,41672,d8:b1:90:db:e8:90,-41,11,1,7,0,0,1,0,0,0,1,-92,0,4,0,652517877,0,100,0,128,1,"[100,-64,5,0,23,0,22,0,22,-1,22,-1,21,-2,21,-2,21,-3,22,-3,22,-3,22,-3,22,-3,21,-4,20,-4,20,-4,20,-4,20,-4,20,-4,19,-3,19,-3,18,-2,18,-2,18,-1,17,0,17,0,17,1,4,0,0,0,0,0,0,0,0,0,0,0,0,0,0,0,0,0,0,0,4,-1,16,-3,16,-2,16,-1,17,-1,18,0,18,0,20,0,21,1,21,1,21,1,21,2,22,3,22,3,21,3,21,3,21,3,21,3,21,3,22,2,22,2,22,2,22,1,22,1,22,1,23,1,23,1]"
CSI_DATA,41673,d8:b1:90:db:e8:90,-42,11,1,7,0,0,1,0,1,0,1,-92,0,4,0,652543259,0,100,0,128,1,"[100,-64,5,0,-3,9,-7,9,-11,9,-15,9,-18,9,-20,8,-21,8,-22,7,-22,7,-21,7,-19,7,-18,7,-15,7,-13,7,-10,8,-7,9,-4,10,-2,12,-1,13,1,14,1,15,1,16,1,16,0,16,-1,16,-1,4,0,0,0,0,0,0,0,0,0,0,0,0,0,0,0,0,0,0,1,2,6,11,6,12,5,14,4,15,4,16,4,16,4,15,4,14,5,13,7,11,9,9,11,7,13,5,16,4,18,3,20,2,22,1,23,1,24,1,23,1,23,2,21,2,19,3,17,4,14,5,11,6]"
CSI_DATA,41674,d8:b1:90:db:e8:90,-42,11,1,7,0,0,1,0,1,0,1,-92,0,4,0,652558345,0,100,0,128,1,"[100,-64,5,0,9,-2,11,2,13,6,14,9,15,12,15,14,16,15,15,16,15,16,15,15,14,14,13,12,12,10,12,7,11,4,11,1,11,-2,12,-4,12,-6,13,-8,13,-9,14,-9,15,-9,15,-8,15,-7,3,-2,0,0,0,0,0,0,0,0,0,0,0,0,0,0,0,0,0,0,2,-3,8,-11,10,-11,12,-11,13,-11,13,-11,13,-10,13,-10,12,-10,10,-11,8,-11,5,-13,3,-14,0,-16,-2,-17,-4,-19,-6,-21,-7,-22,-8,-23,-9,-24,-8,-24,-7,-23,-6,-22,-5,-21,-3,-18,0,-16,2,-14]"
CSI_DATA,41675,d8:b1:90:db:e8:90,-42,11,1,7,0,0,1,0,1,0,1,-92,0,4,0,652575748,0,100,0,128,1,"[100,-64,5,0,9,7,8,12,6,17,5,20,3,23,2,26,1,27,0,27,0,27,0,26,0,24,0,22,2,19,4,16,6,13,8,11,10,8,13,6,15,4,17,3,19,3,20,3,20,4,19,5,19,7,4,1,0,0,0,0,0,0,0,0,0,0,0,0,0,0,0,0,0,0,4,-1,16,-1,18,0,19,2,20,3,20,4,20,4,20,4,19,2,18,0,16,-2,15,-5,14,-9,13,-13,13,-16,13,-20,13,-22,13,-25,13,-26,13,-27,13,-27,14,-26,14,-24,14,-22,14,-18,14,-13,13,-10]"
CSI_DATA,41676,d8:b1:90:db:e8:90,-42,11,1,7,0,0,1,0,1,0,1,-92,0,4,0,652587110,0,100,0,128,1,"[100,-64,5,0,1,12,-4,14,-8,17,-12,18,-15,19,-18,20,-19,21,-20,20,-20,20,-19,19,-18,18,-16,17,-13,16,-10,15,-6,14,-2,14,1,13,5,14,8,14,10,15,11,15,12,16,12,17,10,18,9,18,2,4,0,0,0,0,0,0,0,0,0,0,0,0,0,0,0,0,0,0,3,2,12,12,11,14,11,16,10,17,10,18,10,18,10,17,10,15,11,13,12,11,14,8,16,4,18,1,21,-2,23,-4,25,-6,26,-7,28,-9,28,-9,29,-9,28,-8,27,-7,25,-5,22,-2,19,1,16,3]"
CSI_DATA,41677,d8:b1:90:db:e8:90,-42,11,1,7,0,0,1,0,1,0,1,-92,0,4,0,652597176,0,100,0,128,1,"[100,-64,5,0,6,8,4,12,2,16,0,19,-2,21,-4,23,-5,24,-5,24,-6,24,-5,23,-5,22,-4,20,-2,17,0,15,2,13,5,11,7,9,10,7,12,7,14,6,15,6,16,7,16,7,16,8,15,9,3,2,0,0,0,0,0,0,0,0,0,0,0,0,0,0,0,0,0,0,3,0,14,2,15,4,16,5,16,6,17,7,17,7,16,7,16,6,15,4,14,1,14,-2,14,-5,14,-8,14,-12,15,-15,15,-17,15,-19,16,-20,16,-21,16,-21,16,-20,16,-18,16,-16,15,-13,14,-9,13,-6]"
CSI_DATA,41678,d8:b1:90:db:e8:90,-42,11,1,7,0,0,1,0,1,0,1,-92,0,4,0,652608922,0,100,0,128,1,"[100,-64,5,0,-8,7,-13,5,-17,3,-20,1,-23,-1,-25,-3,-26,-4,-26,-4,-26,-5,-26,-5,-24,-4,-22,-3,-20,-1,-17,1,-15,3,-12,5,-11,8,-9,11,-8,13,-8,15,-8,16,-8,17,-9,17,-10,17,-11,16,-3,3,0,0,0,0,0,0,0,0,0,0,0,0,0,0,0,0,0,0,0,3,1,15,0,16,-2,18,-3,19,-3,19,-4,19,-3,18,-2,18,-1,17,2,15,5,14,8,14,11,13,15,12,17,12,20,12,22,12,24,12,24,12,24,13,23,13,21,13,18,13,15,13,11,12,8,12]"
CSI_DATA,41679,d8:b1:90:db:e8:90,-41,11,1,7,0,0,1,0,1,0,1,-92,0,4,0,652626602,0,100,0,128,1,"[100,-64,5,0,-9,-6,-8,-11,-7,-16,-6,-20,-5,-23,-4,-26,-3,-27,-3,-28,-2,-28,-2,-27,-2,-25,-3,-23,-3,-20,-5,-17,-7,-14,-9,-11,-11,-8,-14,-7,-16,-5,-18,-4,-19,-4,-20,-4,-20,-5,-20,-7,-19,-8,-5,-2,0,0,0,0,0,0,0,0,0,0,0,0,0,0,0,0,0,0,-4,1,-15,6,-17,5,-19,4,-20,3,-21,3,-21,2,-20,3,-19,3,-17,5,-15,7,-13,9,-11,12,-9,15,-8,18,-7,21,-6,23,-6,26,-5,27,-6,28,-6,28,-6,27,-7,25,-8,22,-8,19,-9,15,-10,12]"
CSI_DATA,41680,d8:b1:90:db:e8:90,-42,11,1,7,0,0,1,0,1,0,1,-92,0,4,0,652645303,0,100,0,128,1,"[100,-64,5,0,7,-7,11,-5,14,-3,17,-1,19,1,20,3,21,4,22,5,22,5,21,5,20,4,18,3,16,2,14,0,12,-3,10,-5,8,-8,7,-10,7,-12,6,-14,7,-15,7,-15,8,-15,9,-15,10,-14,2,-4,0,0,0,0,0,0,0,0,0,0,0,0,0,0,0,0,0,0,0,-4,0,-14,1,-15,3,-16,4,-17,5,-17,5,-17,4,-16,3,-16,2,-15,0,-14,-3,-14,-6,-14,-9,-14,-11,-14,-14,-14,-16,-14,-18,-14,-19,-15,-19,-15,-19,-15,-19,-15,-17,-15,-15,-14,-12,-14,-9,-13,-6,-13]"
CSI_DATA,41681,d8:b1:90:db:e8:90,-42,11,1,7,0,0,1,0,1,0,1,-92,0,4,0,652659589,0,100,0,128,1,"[100,-64,5,0,-3,10,-7,11,-12,12,-15,12,-19,12,-21,12,-23,12,-24,11,-24,11,-23,11,-22,11,-20,10,-17,10,-14,10,-11,11,-7,12,-5,13,-2,14,0,15,1,16,2,17,2,18,2,19,0,19,-1,18,-1,4,0,0,0,0,0,0,0,0,0,0,0,0,0,0,0,0,0,0,2,2,11,10,11,12,11,14,10,15,10,16,10,17,10,16,10,15,11,13,12,11,13,8,15,6,17,3,20,1,22,-1,23,-2,25,-3,26,-4,27,-4,27,-4,26,-3,24,-1,22,0,19,1,16,3,13,5]"
CSI_DATA,41682,d8:b1:90:db:e8:90,-42,11,1,7,0,0,1,0,1,0,1,-92,0,4,0,652676196,0,100,0,128,1,"[100,-64,5,0,13,3,14,9,15,14,15,19,15,23,15,26,14,28,14,29,13,29,12,28,12,27,11,24,12,21,12,17,13,13,14,9,16,5,17,1,19,-1,21,-3,22,-3,23,-3,24,-2,24,-1,24,1,6,0,0,0,0,0,0,0,0,0,0,0,0,0,0,0,0,0,0,0,3,-4,14,-14,16,-13,19,-13,21,-13,22,-12,22,-12,21,-12,20,-13,18,-14,15,-15,12,-17,9,-20,7,-23,4,-26,1,-28,-1,-31,-2,-33,-3,-35,-3,-35,-3,-35,-2,-34,0,-32,1,-30,3,-26,6,-21,8,-17]"
CSI_DATA,41683,d8:b1:90:db:e8:90,-42,11,1,7,0,0,1,0,1,0,1,-92,0,4,0,652686537,0,100,0,128,1,"[100,-64,5,0,9,5,9,10,8,14,7,18,6,21,5,23,4,25,4,25,3,25,3,24,3,23,3,21,4,18,5,15,7,12,8,10,11,7,13,5,14,4,16,3,17,3,18,3,19,4,18,5,18,6,4,1,0,0,0,0,0,0,0,0,0,0,0,0,0,0,0,0,0,0,3,-2,13,-8,15,-7,17,-6,18,-5,19,-5,19,-5,19,-5,18,-5,16,-7,14,-8,13,-11,11,-13,10,-16,8,-19,7,-22,6,-24,5,-26,5,-27,5,-28,6,-27,6,-26,7,-25,7,-22,8,-19,9,-15,10,-12]"
CSI_DATA,41684,d8:b1:90:db:e8:90,-42,11,1,7,0,0,1,0,1,0,1,-92,0,4,0,652697954,0,100,0,128,1,"[100,-64,5,0,-8,-12,-4,-16,-1,-19,2,-23,4,-25,6,-27,8,-28,9,-28,9,-27,9,-26,8,-25,6,-23,4,-21,1,-19,-2,-16,-5,-14,-8,-13,-11,-11,-13,-11,-16,-11,-17,-11,-18,-12,-18,-13,-17,-14,-16,-15,-4,-4,0,0,0,0,0,0,0,0,0,0,0,0,0,0,0,0,0,0,-5,-1,-17,-4,-18,-6,-19,-9,-19,-10,-19,-11,-19,-11,-19,-10,-19,-9,-19,-7,-18,-4,-18,-1,-18,3,-19,6,-20,9,-21,12,-21,15,-22,17,-22,19,-23,19,-23,19,-23,18,-23,16,-22,14,-21,10,-19,6,-17,3]"
CSI_DATA,41685,d8:b1:90:db:e8:90,-42,11,1,7,0,0,1,0,1,0,1,-92,0,4,0,652716510,0,100,0,128,1,"[100,-64,5,0,4,-9,9,-8,13,-7,16,-6,19,-5,20,-4,22,-3,22,-3,22,-2,22,-2,20,-3,18,-3,16,-3,14,-4,11,-6,9,-8,7,-10,5,-12,4,-14,3,-15,3,-16,3,-17,4,-17,5,-17,6,-16,1,-4,0,0,0,0,0,0,0,0,0,0,0,0,0,0,0,0,0,0,-2,-3,-6,-12,-6,-14,-5,-15,-4,-17,-4,-17,-4,-18,-4,-17,-4,-16,-5,-15,-7,-14,-9,-12,-11,-11,-14,-9,-16,-8,-18,-7,-20,-7,-22,-6,-23,-6,-24,-6,-24,-6,-23,-7,-21,-7,-19,-8,-16,-8,-13,-9,-10,-9]"
CSI_DATA,41686,d8:b1:90:db:e8:90,-42,11,1,7,0,0,1,0,1,0,1,-92,0,4,0,652750411,0,100,0,128,1,"[100,-64,5,0,2,-9,6,-9,10,-9,13,-9,15,-9,17,-8,19,-8,19,-7,19,-7,18,-7,17,-7,15,-7,13,-7,11,-7,8,-8,5,-9,3,-10,1,-12,0,-13,-1,-14,-2,-15,-2,-16,-1,-16,0,-16,1,-16,0,-4,0,0,0,0,0,0,0,0,0,0,0,0,0,0,0,0,0,0,-2,-3,-7,-11,-7,-12,-6,-14,-6,-15,-5,-15,-5,-15,-5,-15,-6,-14,-6,-13,-7,-11,-9,-9,-11,-8,-13,-6,-15,-5,-17,-3,-19,-2,-20,-2,-21,-1,-22,-1,-22,-1,-22,-2,-21,-2,-19,-3,-16,-4,-13,-5,-11,-6]"
CSI_DATA,41687,d8:b1:90:db:e8:90,-43,11,1,7,0,0,1,0,1,0,1,-92,0,4,0,652761857,0,100,0,128,1,"[100,-64,5,0,-7,-10,-4,-14,-1,-17,2,-19,4,-21,6,-23,7,-24,8,-24,8,-23,8,-23,7,-21,5,-20,3,-18,1,-16,-1,-14,-4,-12,-7,-11,-10,-10,-12,-10,-14,-9,-15,-10,-16,-11,-15,-11,-15,-12,-14,-13,-4,-4,0,0,0,0,0,0,0,0,0,0,0,0,0,0,0,0,0,0,-4,-1,-15,-4,-16,-6,-17,-7,-17,-9,-17,-10,-17,-10,-17,-9,-16,-8,-16,-6,-16,-4,-15,-2,-16,1,-16,5,-17,8,-18,11,-18,13,-19,15,-19,16,-20,17,-20,17,-20,16,-19,14,-19,12,-18,9,-16,5,-15,2]"
CSI_DATA,41688,d8:b1:90:db:e8:90,-42,11,1,7,0,0,1,0,1,0,1,-92,0,4,0,652781021,0,100,0,128,1,"[100,-64,5,0,-1,-14,4,-16,9,-18,14,-20,18,-21,21,-22,23,-22,24,-21,24,-21,24,-20,22,-19,20,-18,16,-17,12,-17,9,-17,4,-17,0,-18,-3,-19,-5,-20,-7,-21,-9,-22,-9,-23,-8,-24,-6,-24,-4,-24,-1,-6,0,0,0,0,0,0,0,0,0,0,0,0,0,0,0,0,0,0,-5,-3,-18,-10,-19,-12,-19,-15,-19,-17,-19,-18,-19,-18,-19,-17,-18,-16,-19,-14,-19,-11,-20,-7,-21,-4,-23,0,-25,3,-27,7,-28,9,-30,11,-31,12,-32,12,-32,12,-32,11,-30,9,-28,7,-26,4,-22,0,-19,-3]"
CSI_DATA,41689,d8:b1:90:db:e8:90,-42,11,1,7,0,0,1,0,1,0,1,-92,0,4,0,652793809,0,100,0,128,1,"[100,-64,5,0,7,12,3,16,0,19,-3,22,-6,25,-8,26,-9,27,-10,27,-10,27,-9,26,-8,24,-7,22,-5,20,-2,17,1,14,5,12,8,10,11,9,14,8,16,8,18,8,19,9,19,10,19,11,18,12,4,3,0,0,0,0,0,0,0,0,0,0,0,0,0,0,0,0,0,0,3,1,16,8,16,10,16,12,16,14,16,15,16,15,16,14,15,13,15,10,15,7,16,3,17,0,18,-4,19,-8,21,-11,21,-14,22,-17,23,-18,24,-19,25,-19,24,-18,24,-16,23,-14,21,-10,19,-6,17,-3]"
CSI_DATA,41690,d8:b1:90:db:e8:90,-43,11,1,7,0,0,1,0,1,0,1,-92,0,4,0,652804566,0,100,0,128,1,"[100,-64,5,0,-12,1,-14,-3,-15,-7,-17,-10,-18,-13,-18,-14,-18,-16,-18,-17,-18,-17,-17,-17,-17,-15,-16,-13,-15,-11,-14,-8,-14,-5,-13,-2,-13,1,-13,4,-14,6,-14,8,-15,8,-16,9,-17,8,-17,7,-17,6,-5,1,0,0,0,0,0,0,0,0,0,0,0,0,0,0,0,0,0,0,-2,3,-9,12,-11,12,-13,12,-15,12,-15,12,-15,11,-15,11,-13,12,-12,12,-9,12,-7,13,-4,14,-1,16,1,18,4,19,6,21,7,22,8,23,8,24,8,24,7,23,6,22,4,21,2,19,-1,16,-3,14]"
CSI_DATA,41691,d8:b1:90:db:e8:90,-42,11,1,7,0,0,1,0,1,0,1,-92,0,4,0,652817730,0,100,0,128,1,"[100,-64,5,0,10,-8,15,-5,19,-2,24,1,27,4,29,6,30,8,30,9,30,9,29,9,27,8,25,6,23,4,20,1,17,-2,15,-6,14,-9,13,-13,12,-16,12,-18,12,-20,13,-20,14,-20,15,-19,17,-17,4,-5,0,0,0,0,0,0,0,0,0,0,0,0,0,0,0,0,0,0,-1,-5,-1,-20,1,-22,3,-24,4,-25,5,-25,6,-25,5,-25,4,-24,2,-22,-1,-21,-5,-20,-9,-19,-14,-18,-17,-18,-21,-18,-24,-18,-27,-19,-29,-19,-30,-19,-29,-19,-28,-19,-26,-19,-22,-19,-18,-18,-13,-17,-9,-17]"
CSI_DATA,41692,d8:b1:90:db:e8:90,-42,11,1,7,0,0,1,0,1,0,1,-92,0,4,0,652851789,0,100,0,128,1,"[100,-64,5,0,7,3,7,7,7,11,7,14,6,17,6,19,5,21,5,21,4,21,4,20,3,19,4,17,5,15,5,12,7,10,8,7,9,5,11,3,13,2,14,1,16,0,16,1,16,2,16,3,16,4,4,1,0,0,0,0,0,0,0,0,0,0,0,0,0,0,0,0,0,0,2,-2,11,-8,12,-7,14,-7,15,-6,16,-6,16,-5,15,-5,14,-6,13,-7,11,-8,9,-10,8,-12,5,-14,4,-16,2,-18,1,-21,1,-22,0,-24,0,-24,1,-24,1,-23,2,-22,3,-20,4,-17,5,-14,6,-11]"
CSI_DATA,41693,d8:b1:90:db:e8:90,-42,11,1,7,0,0,1,0,1,0,1,-92,0,4,0,652868283,0,100,0,128,1,"[100,-64,5,0,10,-2,12,3,13,7,15,10,15,13,15,16,16,17,16,18,15,18,15,18,14,16,13,14,12,12,12,10,12,6,12,3,13,0,13,-3,14,-5,15,-6,16,-7,16,-7,17,-6,18,-5,18,-4,4,-1,0,0,0,0,0,0,0,0,0,0,0,0,0,0,0,0,0,0,1,-4,7,-13,9,-13,11,-13,12,-13,13,-13,14,-13,13,-13,12,-13,10,-13,8,-14,5,-15,2,-16,0,-17,-3,-19,-5,-20,-7,-22,-8,-24,-9,-25,-9,-25,-9,-25,-8,-25,-7,-23,-5,-22,-3,-20,0,-17,2,-14]"
CSI_DATA,41694,d8:b1:90:db:e8:90,-42,11,1,7,0,0,1,0,1,0,1,-92,0,4,0,652885412,0,100,0,128,1,"[100,-64,5,0,11,-5,15,-1,18,3,21,7,23,10,25,12,26,14,26,16,26,16,25,16,23,14,22,12,20,9,18,6,17,3,16,-1,15,-5,15,-9,15,-11,15,-14,16,-15,17,-16,18,-15,19,-14,19,-12,5,-3,0,0,0,0,0,0,0,0,0,0,0,0,0,0,0,0,0,0,0,-5,3,-19,5,-20,7,-21,9,-22,10,-22,10,-22,10,-21,8,-21,6,-20,3,-20,-1,-20,-5,-20,-8,-20,-12,-21,-16,-22,-19,-23,-21,-24,-23,-24,-23,-25,-23,-25,-22,-25,-20,-24,-17,-23,-13,-21,-8,-19,-5,-17]"
CSI_DATA,41695,d8:b1:90:db:e8:90,-42,11,1,7,0,0,1,0,1,0,1,-92,0,4,0,652900197,0,100,0,128,1,"[100,-64,5,0,0,14,-6,16,-10,17,-13,18,-16,19,-19,21,-21,20,-22,19,-21,18,-20,18,-20,18,-17,16,-14,15,-9,14,-5,14,-2,14,2,13,5,13,9,14,11,15,12,15,13,15,13,17,11,18,10,18,2,4,0,0,0,0,0,0,0,0,0,0,0,0,0,0,0,0,0,0,2,3,8,15,7,16,6,18,6,20,5,21,5,20,5,19,6,18,8,16,9,14,11,11,14,8,17,5,21,3,23,1,25,-1,27,-3,29,-4,31,-3,30,-3,29,-3,27,-3,26,-1,23,2,19,5,15,6]"
CSI_DATA,41696,d8:b1:90:db:e8:90,-42,11,1,7,0,0,1,0,1,0,1,-92,0,4,0,652916290,0,100,0,128,1,"[100,-64,5,0,9,-2,12,2,14,5,16,9,18,12,18,14,19,16,19,17,18,17,18,17,17,16,15,14,14,11,13,8,13,5,12,2,12,-2,13,-5,14,-7,15,-9,15,-9,16,-9,17,-9,18,-8,18,-7,4,-2,0,0,0,0,0,0,0,0,0,0,0,0,0,0,0,0,0,0,1,-4,5,-15,6,-15,8,-16,10,-16,11,-16,11,-16,11,-16,9,-16,7,-16,5,-15,2,-16,-1,-17,-4,-17,-7,-19,-9,-20,-12,-21,-13,-22,-14,-23,-15,-24,-15,-24,-14,-23,-12,-23,-10,-21,-7,-19,-4,-17,-1,-15]"
CSI_DATA,41697,d8:b1:90:db:e8:90,-42,11,1,7,0,0,1,0,1,0,1,-92,0,4,0,652926546,0,100,0,128,1,"[100,-64,5,0,-8,11,-13,10,-17,9,-21,8,-25,6,-27,5,-29,4,-30,3,-29,3,-28,3,-27,3,-24,3,-21,4,-18,6,-15,7,-11,9,-9,12,-6,14,-5,16,-4,18,-3,19,-3,20,-4,20,-6,20,-7,20,-2,5,0,0,0,0,0,0,0,0,0,0,0,0,0,0,0,0,0,0,1,4,4,16,3,18,1,20,0,21,-1,21,-1,21,-1,21,0,20,2,18,4,17,7,15,10,14,14,13,18,12,21,11,23,10,25,10,27,10,28,10,28,11,27,11,25,12,22,12,18,12,14,13,11,12]"
CSI_DATA,41698,d8:b1:90:db:e8:90,-42,11,1,7,0,0,1,0,1,0,1,-92,0,4,0,652953019,0,100,0,128,1,"[100,-64,5,0,-6,7,-11,6,-14,5,-17,3,-20,2,-22,1,-23,-1,-24,-1,-24,-2,-23,-1,-22,-1,-20,0,-18,1,-15,2,-13,4,-11,6,-9,8,-7,10,-6,12,-6,14,-6,15,-6,15,-7,15,-8,15,-9,15,-3,3,0,0,0,0,0,0,0,0,0,0,0,0,0,0,0,0,0,0,0,3,3,12,2,13,1,15,0,16,0,17,0,17,0,17,1,16,2,15,3,13,6,12,8,11,11,10,14,9,16,9,18,9,20,9,21,8,22,8,21,9,20,9,19,10,17,10,14,10,11,10,8,10]"
CSI_DATA,41699,d8:b1:90:db:e8:90,-42,11,1,7,0,0,1,0,1,0,1,-92,0,4,0,652967844,0,100,0,128,1,"[100,-64,5,0,9,4,9,9,8,13,8,17,7,20,7,23,6,24,6,25,5,25,5,24,5,22,5,20,5,16,6,13,7,10,9,7,11,4,12,1,14,-1,16,-2,18,-3,19,-2,19,-2,19,0,19,1,4,0,0,0,0,0,0,0,0,0,0,0,0,0,0,0,0,0,0,0,3,-2,14,-7,16,-6,17,-5,18,-4,19,-4,19,-3,19,-4,17,-4,15,-5,14,-7,12,-9,10,-12,7,-15,5,-18,4,-21,3,-23,2,-26,2,-27,2,-28,2,-27,2,-27,3,-25,4,-23,5,-20,6,-16,7,-13]"
CSI_DATA,41700,d8:b1:90:db:e8:90,-42,11,1,7,0,0,1,0,1,0,1,-92,0,4,0,652980751,0,100,0,128,1,"[100,-64,5,0,-14,1,-17,-4,-19,-9,-21,-13,-22,-17,-23,-20,-23,-22,-23,-24,-23,-24,-22,-23,-21,-21,-20,-19,-19,-16,-18,-12,-17,-8,-17,-4,-17,0,-18,3,-19,6,-20,9,-21,10,-22,9,-23,9,-23,7,-24,6,-6,1,0,0,0,0,0,0,0,0,0,0,0,0,0,0,0,0,0,0,-2,4,-9,16,-11,17,-14,18,-15,18,-16,18,-17,18,-16,18,-15,18,-12,18,-9,19,-6,19,-3,20,1,22,5,24,8,26,10,27,12,29,13,29,14,30,13,30,12,29,11,28,8,26,5,24,1,21,-2,17]"
CSI_DATA,41701,d8:b1:90:db:e8:90,-42,11,1,7,0,0,1,0,1,0,1,-92,0,4,0,652990897,0,100,0,128,1,"[100,-64,5,0,11,-2,13,3,15,7,17,11,18,13,18,16,19,18,19,19,18,19,17,18,16,17,15,15,14,12,13,9,13,5,12,1,13,-2,13,-5,13,-8,14,-10,15,-11,16,-11,17,-10,18,-9,18,-8,4,-2,0,0,0,0,0,0,0,0,0,0,0,0,0,0,0,0,0,0,2,-4,9,-13,11,-13,13,-13,15,-13,16,-13,16,-13,15,-13,14,-13,12,-13,10,-14,7,-15,4,-16,1,-18,-2,-20,-5,-22,-7,-24,-8,-25,-9,-26,-10,-27,-10,-27,-9,-26,-8,-26,-6,-24,-3,-21,0,-18,2,-16]"
CSI_DATA,41702,d8:b1:90:db:e8:90,-42,11,1,7,0,0,1,0,1,0,1,-92,0,4,0,653007836,0,100,0,128,1,"[100,-64,5,0,-6,8,-10,7,-14,6,-17,4,-20,3,-22,2,-23,1,-23,1,-23,0,-23,0,-21,1,-19,1,-17,2,-15,3,-12,5,-10,7,-8,9,-7,11,-6,12,-5,14,-5,15,-5,16,-6,16,-7,15,-8,15,-2,3,0,0,0,0,0,0,0,0,0,0,0,0,0,0,0,0,0,0,1,2,5,12,4,13,3,15,3,16,2,17,2,17,2,17,3,16,4,15,5,13,7,12,10,10,12,9,15,8,17,7,19,7,20,6,22,6,23,6,22,6,22,7,20,7,18,7,15,8,12,8,9,9]"
CSI_DATA,41703,d8:b1:90:db:e8:90,-42,11,1,7,0,0,1,0,1,0,1,-92,0,4,0,653019294,0,100,0,128,1,"[100,-64,5,0,-3,13,-9,14,-15,15,-20,16,-23,15,-27,15,-29,15,-30,14,-30,13,-29,13,-27,13,-24,12,-21,12,-17,12,-13,13,-9,15,-5,16,-2,17,0,19,2,21,3,22,3,23,2,24,0,24,-2,23,-1,5,0,0,0,0,0,0,0,0,0,0,0,0,0,0,0,0,0,0,3,3,13,13,13,16,13,18,12,20,12,21,12,21,12,21,12,20,13,17,14,15,16,12,19,9,21,6,24,3,27,0,29,-2,31,-3,33,-4,34,-4,34,-4,33,-3,31,-2,28,0,25,2,20,5,16,6]"
CSI_DATA,41704,d8:b1:90:db:e8:90,-42,11,1,7,0,0,1,0,1,0,1,-92,0,4,0,653053737,0,100,0,128,1,"[100,-64,5,0,-12,-1,-13,-5,-14,-9,-15,-13,-16,-16,-16,-18,-16,-20,-15,-20,-15,-20,-14,-20,-14,-18,-13,-16,-13,-14,-12,-10,-12,-7,-12,-4,-13,0,-13,2,-14,5,-15,6,-16,7,-17,7,-18,7,-18,6,-19,4,-5,1,0,0,0,0,0,0,0,0,0,0,0,0,0,0,0,0,0,0,-3,2,-12,10,-14,9,-16,9,-17,9,-18,8,-18,8,-17,8,-16,8,-14,9,-11,10,-9,12,-6,13,-4,15,-1,18,1,20,2,22,3,24,4,25,5,25,5,25,4,25,3,23,1,22,-1,19,-3,16,-5,13]"
CSI_DATA,41705,d8:b1:90:db:e8:90,-42,11,1,7,0,0,1,0,1,0,1,-92,0,4,0,653070335,0,100,0,128,1,"[100,-64,5,0,3,9,0,12,-3,14,-6,16,-8,18,-10,19,-11,20,-12,20,-12,19,-12,18,-11,18,-10,16,-8,15,-5,13,-2,12,1,11,3,10,6,10,8,10,10,10,11,11,12,12,12,13,11,13,10,14,2,3,0,0,0,0,0,0,0,0,0,0,0,0,0,0,0,0,0,0,3,1,13,4,13,6,13,8,14,9,14,10,14,10,13,10,13,9,13,7,13,5,13,2,14,-1,14,-4,15,-7,16,-9,17,-12,18,-13,19,-15,19,-15,19,-15,19,-14,19,-13,18,-11,16,-8,14,-5,13,-2]"
CSI_DATA,41706,d8:b1:90:db:e8:90,-42,11,1,7,0,0,1,0,1,0,1,-92,0,4,0,653083856,0,100,0,128,1,"[100,-64,5,0,-11,-11,-8,-17,-5,-22,-2,-27,0,-31,3,-34,4,-36,5,-36,6,-36,6,-34,5,-33,4,-30,1,-27,-1,-24,-5,-21,-8,-18,-12,-16,-16,-14,-19,-13,-21,-13,-23,-13,-24,-14,-24,-15,-22,-17,-21,-18,-5,-5,0,0,0,0,0,0,0,0,0,0,0,0,0,0,0,0,0,0,-6,1,-22,3,-24,2,-26,0,-27,-2,-28,-2,-28,-3,-28,-2,-27,-1,-26,1,-24,4,-22,7,-21,11,-20,16,-19,20,-18,24,-18,28,-18,30,-18,32,-18,33,-19,33,-19,32,-19,29,-19,26,-19,21,-19,15,-18,11]"
CSI_DATA,41707,d8:b1:90:db:e8:90,-42,11,1,7,0,0,1,0,1,0,1,-92,0,4,0,653096619,0,100,0,128,1,"[100,-64,5,0,-2,-11,2,-13,6,-15,10,-17,13,-18,15,-19,17,-19,18,-18,18,-18,18,-18,16,-17,14,-16,12,-15,9,-14,6,-14,3,-14,0,-14,-3,-15,-5,-16,-7,-17,-7,-18,-8,-19,-7,-19,-6,-19,-4,-19,-1,-5,0,0,0,0,0,0,0,0,0,0,0,0,0,0,0,0,0,0,-4,-2,-15,-7,-16,-9,-16,-11,-16,-12,-16,-13,-16,-14,-16,-13,-16,-12,-16,-10,-16,-8,-16,-5,-17,-2,-18,1,-20,4,-21,7,-23,9,-24,10,-25,11,-25,12,-25,12,-25,11,-24,9,-23,7,-20,4,-18,1,-15,-1]"
CSI_DATA,41708,d8:b1:90:db:e8:90,-42,11,1,7,0,0,1,0,1,0,1,-92,0,4,0,653107294,0,100,0,128,1,"[100,-64,5,0,-10,6,-14,4,-18,1,-21,-2,-23,-4,-25,-6,-26,-7,-26,-8,-26,-8,-25,-8,-24,-7,-22,-5,-20,-4,-17,-1,-15,1,-13,4,-11,7,-10,10,-10,12,-10,14,-10,16,-10,16,-11,16,-12,16,-13,15,-4,3,0,0,0,0,0,0,0,0,0,0,0,0,0,0,0,0,0,0,-1,3,-2,16,-4,17,-6,18,-7,19,-8,19,-8,19,-8,18,-7,18,-5,17,-2,16,1,15,4,15,8,15,12,15,15,15,17,16,19,16,21,17,22,18,22,18,21,18,19,18,17,17,13,16,9,15,5,14]"
CSI_DATA,41709,d8:b1:90:db:e8:90,-42,11,1,7,0,0,1,0,1,0,1,-92,0,4,0,653117544,0,100,0,128,1,"[100,-64,5,0,-3,-10,0,-12,4,-14,7,-16,9,-17,11,-18,13,-18,13,-18,14,-18,13,-17,12,-17,10,-16,8,-15,6,-14,3,-13,0,-13,-2,-12,-5,-13,-7,-13,-8,-13,-9,-14,-10,-15,-9,-15,-8,-16,-7,-16,-2,-4,0,0,0,0,0,0,0,0,0,0,0,0,0,0,0,0,0,0,-4,-2,-13,-6,-13,-7,-14,-9,-14,-11,-14,-11,-14,-11,-14,-11,-14,-10,-14,-8,-14,-6,-14,-4,-15,-1,-16,2,-17,5,-18,7,-19,9,-20,10,-21,11,-21,12,-21,11,-21,11,-21,9,-19,7,-17,5,-15,2,-14,0]"
CSI_DATA,41710,d8:b1:90:db:e8:90,-42,11,1,7,0,0,1,0,1,0,1,-92,0,4,0,653156243,0,100,0,128,1,"[100,-64,5,0,-6,-11,-2,-14,1,-17,4,-19,6,-21,9,-22,10,-23,11,-23,11,-23,11,-22,10,-21,8,-20,6,-18,3,-16,1,-15,-2,-14,-5,-12,-8,-12,-10,-12,-12,-12,-14,-12,-14,-13,-14,-13,-13,-14,-12,-15,-3,-4,0,0,0,0,0,0,0,0,0,0,0,0,0,0,0,0,0,0,-4,-2,-15,-6,-15,-8,-16,-10,-16,-11,-16,-12,-16,-12,-15,-12,-15,-11,-15,-9,-15,-6,-16,-3,-16,0,-17,3,-18,6,-20,9,-21,11,-22,13,-23,14,-23,14,-23,14,-23,13,-22,12,-21,10,-20,7,-17,3,-15,0]"
CSI_DATA,41711,d8:b1:90:db:e8:90,-42,11,1,7,0,0,1,0,1,0,1,-92,0,4,0,653167934,0,100,0,128,1,"[100,-64,5,0,-14,8,-18,4,-22,1,-25,-3,-27,-6,-29,-8,-31,-10,-31,-11,-31,-11,-30,-11,-28,-9,-26,-7,-24,-5,-21,-2,-19,1,-16,5,-14,8,-13,11,-12,14,-12,17,-12,18,-12,19,-13,19,-14,18,-15,17,-4,4,0,0,0,0,0,0,0,0,0,0,0,0,0,0,0,0,0,0,-2,4,-7,18,-9,19,-12,20,-14,20,-14,20,-14,20,-13,19,-12,19,-10,19,-6,19,-3,19,2,19,6,20,10,21,13,23,16,24,19,25,20,26,21,26,21,26,20,26,18,25,15,24,11,23,7,20,4,19]"
CSI_DATA,41712,d8:b1:90:db:e8:90,-42,11,1,7,0,0,1,0,1,0,1,-92,0,4,0,653188573,0,100,0,128,1,"[100,-64,5,0,9,5,8,9,7,13,6,16,6,19,5,21,4,22,3,22,3,22,3,21,3,20,3,18,4,16,5,13,6,11,8,8,10,5,11,3,13,2,14,1,16,0,16,0,17,1,17,2,16,3,4,0,0,0,0,0,0,0,0,0,0,0,0,0,0,0,0,0,0,0,3,-1,13,-4,14,-3,15,-3,16,-2,17,-1,17,-1,16,-1,16,-2,15,-3,13,-5,12,-7,10,-10,9,-13,8,-16,7,-18,6,-21,6,-22,6,-24,6,-24,6,-24,7,-24,7,-22,8,-20,8,-17,9,-13,9,-10]"
CSI_DATA,41713,d8:b1:90:db:e8:90,-42,11,1,7,0,0,1,0,1,0,1,-92,0,4,0,653206645,0,100,0,128,1,"[100,-64,5,0,-14,4,-17,0,-20,-4,-23,-7,-24,-10,-25,-13,-26,-14,-26,-15,-26,-15,-25,-14,-24,-13,-22,-11,-20,-9,-18,-6,-16,-3,-14,1,-13,6,-12,9,-12,11,-13,14,-13,15,-13,16,-14,16,-15,15,-16,14,-4,3,0,0,0,0,0,0,0,0,0,0,0,0,0,0,0,0,0,0,-3,3,-11,14,-13,14,-15,14,-17,14,-18,13,-18,13,-17,13,-16,13,-13,14,-10,14,-6,16,-3,17,1,19,4,21,7,23,9,25,11,26,12,27,13,28,13,28,12,28,10,26,8,25,5,23,1,20,-2,18]"
CSI_DATA,41714,d8:b1:90:db:e8:90,-42,11,1,7,0,0,1,0,1,0,1,-92,0,4,0,653216757,0,100,0,128,1,"[100,-64,5,0,-5,-9,-3,-12,0,-15,3,-17,5,-19,7,-20,8,-21,9,-22,9,-21,9,-20,8,-20,7,-18,5,-16,3,-15,0,-13,-2,-12,-5,-11,-7,-11,-9,-11,-11,-11,-12,-11,-13,-12,-13,-12,-12,-13,-11,-13,-3,-4,0,0,0,0,0,0,0,0,0,0,0,0,0,0,0,0,0,0,-4,-1,-14,-3,-14,-4,-15,-6,-16,-7,-16,-8,-16,-8,-16,-7,-16,-6,-15,-5,-15,-3,-15,0,-15,3,-16,5,-16,8,-17,10,-17,12,-18,14,-18,15,-18,16,-18,16,-18,15,-18,14,-17,11,-16,8,-15,5,-13,3]"
CSI_DATA,41715,d8:b1:90:db:e8:90,-42,11,1,7,0,0,1,0,1,0,1,-92,0,4,0,653238565,0,100,0,128,1,"[100,-64,5,0,-5,-11,-1,-14,3,-17,6,-19,9,-21,11,-23,12,-23,13,-23,13,-23,13,-22,12,-21,10,-20,8,-18,6,-16,3,-15,-1,-14,-4,-14,-6,-13,-9,-13,-10,-14,-12,-14,-13,-15,-12,-16,-11,-17,-9,-17,-3,-5,0,0,0,0,0,0,0,0,0,0,0,0,0,0,0,0,0,0,-4,-1,-15,-4,-16,-5,-17,-7,-18,-9,-18,-10,-18,-10,-18,-9,-17,-8,-17,-7,-17,-4,-17,-1,-18,2,-18,5,-19,8,-20,11,-21,13,-22,15,-22,16,-23,16,-23,16,-23,15,-22,13,-21,11,-19,8,-17,4,-15,1]"
CSI_DATA,41716,d8:b1:90:db:e8:90,-43,11,1,7,0,0,1,0,1,0,1,-92,0,4,0,653260369,0,100,0,128,1,"[100,-64,5,0,-6,-9,-3,-13,0,-16,2,-19,4,-21,6,-23,8,-23,8,-23,9,-23,8,-22,7,-21,6,-19,4,-17,2,-15,0,-14,-3,-12,-6,-11,-8,-10,-11,-10,-13,-10,-14,-10,-15,-11,-15,-11,-14,-12,-13,-13,-3,-4,0,0,0,0,0,0,0,0,0,0,0,0,0,0,0,0,0,0,-4,-1,-15,-3,-16,-4,-16,-6,-17,-7,-17,-8,-17,-8,-17,-8,-16,-7,-15,-5,-15,-2,-15,0,-15,3,-15,6,-16,9,-16,12,-17,14,-17,16,-18,17,-19,18,-19,17,-19,16,-18,14,-18,12,-17,10,-15,6,-14,3]"
CSI_DATA,41717,d8:b1:90:db:e8:90,-42,11,1,7,0,0,1,0,1,0,1,-92,0,4,0,653275822,0,100,0,128,1,"[100,-64,5,0,1,14,-4,17,-9,20,-14,22,-18,23,-21,24,-23,24,-23,24,-24,23,-23,22,-22,21,-19,19,-15,18,-11,16,-7,15,-2,14,3,14,7,14,10,15,13,15,15,16,16,17,16,19,14,20,13,20,3,5,0,0,0,0,0,0,0,0,0,0,0,0,0,0,0,0,0,0,3,3,14,14,14,16,13,18,13,20,13,21,13,21,13,20,13,18,13,15,14,12,16,8,18,4,21,0,24,-4,26,-7,28,-10,30,-12,32,-13,33,-13,33,-13,33,-12,31,-10,28,-8,26,-5,22,-1,19,2]"
CSI_DATA,41718,d8:b1:90:db:e8:90,-42,11,1,7,0,0,1,0,1,0,1,-92,0,4,0,653290598,0,100,0,128,1,"[100,-64,5,0,-11,9,-16,6,-21,3,-25,0,-29,-2,-31,-4,-33,-6,-33,-7,-33,-8,-32,-8,-30,-7,-27,-5,-25,-4,-22,-1,-19,2,-16,6,-14,9,-13,13,-12,16,-12,18,-12,20,-12,20,-13,20,-15,19,-16,18,-4,4,0,0,0,0,0,0,0,0,0,0,0,0,0,0,0,0,0,0,0,4,1,19,-1,21,-3,23,-4,24,-5,24,-6,24,-5,24,-4,23,-2,22,1,21,5,20,9,19,13,19,17,18,21,19,23,19,26,19,28,19,28,19,28,20,27,20,25,19,21,19,17,19,12,18,8,16]"
CSI_DATA,41719,d8:b1:90:db:e8:90,-42,11,1,7,0,0,1,0,1,0,1,-92,0,4,0,653306525,0,100,0,128,1,"[100,-64,5,0,-9,-12,-6,-16,-3,-20,0,-23,2,-26,4,-28,5,-29,6,-29,6,-29,6,-27,5,-26,4,-24,2,-21,0,-18,-3,-15,-6,-13,-9,-10,-12,-9,-15,-8,-17,-8,-19,-8,-20,-8,-20,-8,-20,-10,-19,-11,-5,-3,0,0,0,0,0,0,0,0,0,0,0,0,0,0,0,0,0,0,-4,-2,-17,-6,-18,-8,-18,-10,-19,-12,-19,-12,-19,-12,-18,-12,-18,-10,-18,-8,-17,-5,-17,-1,-18,2,-19,6,-20,10,-21,13,-22,16,-23,18,-23,19,-23,20,-23,19,-23,18,-23,17,-22,14,-20,11,-19,7,-17,4]"
CSI_DATA,41720,d8:b1:90:db:e8:90,-42,11,1,7,0,0,1,0,1,0,1,-92,0,4,0,653323206,0,100,0,128,1,"[100,-64,5,0,8,-5,12,-3,15,0,18,3,20,5,21,7,22,8,23,9,22,10,21,10,20,9,18,7,17,5,15,3,13,0,12,-3,11,-6,10,-9,10,-11,10,-13,10,-14,11,-14,12,-14,13,-14,14,-13,3,-3,0,0,0,0,0,0,0,0,0,0,0,0,0,0,0,0,0,0,0,-4,0,-15,1,-16,3,-17,4,-18,5,-19,5,-18,5,-18,4,-17,2,-17,0,-16,-3,-16,-6,-16,-9,-16,-12,-16,-15,-16,-17,-16,-19,-17,-20,-18,-21,-18,-20,-18,-19,-18,-17,-17,-15,-17,-12,-16,-8,-14,-5,-13]"
CSI_DATA,41721,d8:b1:90:db:e8:90,-43,11,1,7,0,0,1,0,1,0,1,-92,0,4,0,653345588,0,100,0,128,1,"[100,-64,5,0,-12,3,-15,-1,-18,-4,-20,-7,-22,-10,-23,-13,-23,-14,-24,-16,-24,-16,-23,-15,-21,-14,-19,-12,-18,-9,-16,-6,-15,-3,-14,1,-13,4,-12,7,-13,10,-13,12,-14,13,-14,14,-15,14,-16,13,-17,12,-5,2,0,0,0,0,0,0,0,0,0,0,0,0,0,0,0,0,0,0,-2,3,-9,14,-10,14,-13,15,-14,15,-15,15,-15,15,-14,14,-13,14,-11,14,-8,15,-5,15,-1,16,2,18,5,19,8,21,10,22,12,23,13,24,13,25,13,25,12,24,11,23,9,22,6,20,2,18,0,15]"
CSI_DATA,41722,d8:b1:90:db:e8:90,-42,11,1,7,0,0,1,0,1,0,1,-92,0,4,0,653362548,0,100,0,128,1,"[100,-64,5,0,11,-2,13,2,15,6,16,9,16,12,17,14,17,16,17,17,17,17,16,16,16,15,15,13,14,11,13,8,13,5,13,2,13,-1,13,-3,14,-5,15,-7,15,-8,16,-8,17,-7,17,-6,17,-5,4,-2,0,0,0,0,0,0,0,0,0,0,0,0,0,0,0,0,0,0,1,-4,7,-13,9,-13,11,-14,12,-14,13,-14,13,-13,13,-13,12,-14,10,-14,8,-15,6,-16,3,-17,1,-19,-1,-21,-3,-22,-5,-24,-6,-25,-7,-25,-7,-26,-7,-26,-6,-25,-5,-24,-3,-22,-1,-20,1,-17,3,-15]"
CSI_DATA,41723,d8:b1:90:db:e8:90,-42,11,1,7,0,0,1,0,1,0,1,-92,0,4,0,653376250,0,100,0,128,1,"[100,-64,5,0,-9,-4,-9,-8,-9,-12,-9,-16,-8,-18,-7,-21,-7,-22,-6,-23,-6,-23,-6,-22,-6,-21,-6,-19,-6,-16,-7,-14,-8,-11,-9,-9,-11,-6,-12,-4,-14,-3,-15,-2,-17,-2,-17,-2,-18,-2,-17,-3,-17,-4,-5,-2,0,0,0,0,0,0,0,0,0,0,0,0,0,0,0,0,0,0,-3,1,-11,7,-13,7,-15,6,-16,6,-16,5,-17,5,-16,5,-15,6,-14,7,-12,8,-11,10,-9,12,-8,14,-6,16,-5,18,-4,20,-4,21,-3,23,-3,23,-3,23,-4,22,-4,21,-5,19,-6,16,-7,13,-8,10]"
CSI_DATA,41724,d8:b1:90:db:e8:90,-42,11,1,7,0,0,1,0,1,0,1,-92,0,4,0,653389352,0,100,0,128,1,"[100,-64,5,0,-15,3,-18,-2,-21,-7,-24,-11,-26,-15,-27,-18,-28,-20,-28,-21,-27,-22,-26,-21,-24,-20,-23,-17,-21,-14,-19,-10,-18,-6,-17,-1,-16,3,-16,7,-17,11,-17,14,-18,15,-19,15,-21,15,-22,14,-22,12,-6,2,0,0,0,0,0,0,0,0,0,0,0,0,0,0,0,0,0,0,-3,4,-10,17,-12,18,-15,18,-17,18,-18,18,-18,18,-18,18,-16,18,-13,18,-11,19,-7,20,-3,21,1,22,6,24,9,26,11,28,13,29,15,30,16,31,16,31,14,30,12,29,10,27,6,25,2,21,-1,18]"
CSI_DATA,41725,d8:b1:90:db:e8:90,-42,11,1,7,0,0,1,0,1,0,1,-92,0,4,0,653407672,0,100,0,128,1,"[100,-64,5,0,-2,-12,2,-14,6,-16,10,-18,13,-19,16,-19,18,-20,18,-19,19,-19,18,-18,17,-17,15,-16,12,-15,9,-14,6,-14,3,-14,-1,-14,-4,-15,-6,-16,-8,-16,-9,-17,-9,-18,-8,-19,-7,-19,-5,-19,-1,-5,0,0,0,0,0,0,0,0,0,0,0,0,0,0,0,0,0,0,-4,-2,-15,-6,-16,-9,-16,-11,-16,-12,-16,-13,-16,-13,-16,-13,-16,-12,-16,-10,-16,-7,-17,-5,-18,-2,-19,1,-21,4,-22,7,-23,8,-24,9,-25,10,-26,11,-26,11,-26,10,-24,8,-23,6,-20,4,-18,1,-15,-2]"
CSI_DATA,41726,d8:b1:90:db:e8:90,-43,11,1,7,0,0,1,0,1,0,1,-92,0,4,0,653422381,0,100,0,128,1,"[100,-64,5,0,-6,8,-11,7,-15,6,-18,5,-21,4,-23,3,-24,2,-25,2,-24,1,-24,1,-22,1,-20,2,-18,3,-15,4,-12,5,-9,7,-6,9,-4,11,-3,13,-3,15,-2,16,-2,17,-3,18,-4,17,-6,17,-2,4,0,0,0,0,0,0,0,0,0,0,0,0,0,0,0,0,0,0,0,3,3,13,2,15,0,16,-1,17,-1,18,-1,17,-1,17,0,16,1,15,3,14,6,12,9,11,12,10,15,10,17,9,19,9,21,8,22,8,23,8,23,8,22,9,21,9,19,9,15,10,11,10,8,10]"
CSI_DATA,41727,d8:b1:90:db:e8:90,-42,11,1,7,0,0,1,0,1,0,1,-92,0,4,0,653436714,0,100,0,128,1,"[100,-64,5,0,10,-6,13,-3,17,1,20,3,22,5,23,7,23,9,24,10,24,11,23,11,21,10,19,8,18,6,16,3,14,0,12,-3,11,-6,10,-9,10,-12,10,-14,11,-16,11,-16,13,-16,14,-15,15,-14,3,-4,0,0,0,0,0,0,0,0,0,0,0,0,0,0,0,0,0,0,0,-4,3,-16,4,-17,7,-18,8,-18,9,-19,9,-18,8,-18,7,-18,5,-17,3,-17,0,-17,-4,-17,-7,-17,-10,-18,-13,-19,-15,-20,-17,-21,-19,-21,-19,-21,-19,-21,-18,-21,-17,-21,-14,-20,-11,-18,-7,-17,-4,-15]"
CSI_DATA,41728,d8:b1:90:db:e8:90,-42,11,1,7,0,0,1,0,1,0,1,-92,0,4,0,653465120,0,100,0,128,1,"[100,-64,5,0,3,8,0,11,-3,14,-6,17,-8,19,-10,21,-12,21,-13,21,-13,20,-13,20,-12,19,-11,17,-9,16,-6,15,-3,14,0,13,3,12,6,12,8,12,9,13,10,14,10,14,10,15,9,16,7,16,1,4,0,0,0,0,0,0,0,0,0,0,0,0,0,0,0,0,0,0,3,-1,14,-1,16,0,17,1,18,2,18,3,18,3,18,3,17,2,17,1,16,-1,15,-4,15,-7,15,-10,15,-12,15,-15,15,-17,16,-18,16,-20,17,-20,17,-20,16,-19,16,-17,16,-15,14,-11,13,-8,12,-5]"
CSI_DATA,41729,d8:b1:90:db:e8:90,-42,11,1,7,0,0,1,0,1,0,1,-92,0,4,0,653475187,0,100,0,128,1,"[100,-64,5,0,11,-1,13,3,14,8,15,11,16,14,16,16,16,18,16,19,16,19,15,18,14,17,14,15,13,12,12,9,12,6,12,3,12,-1,13,-4,14,-6,14,-8,15,-9,16,-9,17,-9,18,-7,18,-6,4,-2,0,0,0,0,0,0,0,0,0,0,0,0,0,0,0,0,0,0,2,-3,10,-11,12,-11,14,-11,15,-10,16,-10,16,-10,16,-10,15,-11,13,-11,11,-12,8,-14,5,-16,3,-17,1,-19,-1,-22,-3,-24,-4,-25,-5,-26,-5,-27,-5,-27,-4,-26,-3,-25,-2,-23,0,-20,3,-17,5,-15]"
CSI_DATA,41730,d8:b1:90:db:e8:90,-42,11,1,7,0,0,1,0,0,0,1,-92,0,4,0,653493190,0,100,0,128,1,"[100,-64,5,0,-6,-20,-7,-20,-6,-20,-6,-19,-6,-19,-7,-19,-7,-19,-8,-19,-8,-19,-8,-18,-8,-18,-9,-18,-9,-17,-9,-17,-9,-17,-8,-17,-8,-17,-8,-16,-8,-16,-7,-16,-7,-16,-7,-16,-6,-15,-6,-15,-5,-15,-2,-4,0,0,0,0,0,0,0,0,0,0,0,0,0,0,0,0,0,0,-2,-4,-6,-14,-5,-15,-5,-15,-5,-16,-4,-16,-4,-17,-3,-17,-3,-18,-3,-18,-2,-19,-2,-20,-2,-20,-2,-20,-2,-20,-2,-20,-2,-20,-2,-20,-3,-20,-3,-20,-4,-20,-4,-20,-4,-20,-4,-21,-5,-21,-5,-21,-5,-21]"
CSI_DATA,41731,d8:b1:90:db:e8:90,-41,11,1,7,0,0,1,0,0,0,1,-92,0,4,0,653508248,0,100,0,128,1,"[100,-64,5,0,20,13,20,12,20,12,20,12,19,11,19,11,20,10,20,10,20,9,20,9,21,8,21,8,21,8,20,8,20,8,20,8,19,8,19,8,18,8,17,8,17,8,16,8,16,9,15,10,14,10,3,2,0,0,0,0,0,0,0,0,0,0,0,0,0,0,0,0,0,0,3,1,15,6,15,7,15,7,15,8,16,9,16,10,17,11,17,11,18,12,18,12,18,12,17,12,17,13,17,14,17,14,17,14,17,14,17,14,17,13,18,13,18,13,19,13,19,12,19,12,19,12,20,12]"
CSI_DATA,41732,d8:b1:90:db:e8:90,-42,11,1,7,0,0,1,0,0,0,1,-92,0,4,0,653518340,0,100,0,128,1,"[100,-64,5,0,14,13,14,13,14,13,15,13,15,13,15,12,15,11,15,11,15,11,16,10,16,10,16,10,16,10,15,10,15,10,15,9,15,9,15,9,14,9,13,9,13,9,12,9,12,9,11,10,11,10,2,2,0,0,0,0,0,0,0,0,0,0,0,0,0,0,0,0,0,0,2,1,11,7,11,8,11,9,11,9,11,10,12,11,12,12,13,12,13,13,13,13,12,13,12,14,12,14,12,14,12,14,11,14,11,14,12,14,12,14,13,14,13,13,13,13,14,13,14,13,14,13,14,13]"
CSI_DATA,41733,d8:b1:90:db:e8:90,-42,11,1,7,0,0,1,0,0,0,1,-92,0,4,0,653536708,0,100,0,128,1,"[100,-64,5,0,0,-21,-1,-21,-1,-21,-1,-21,-2,-21,-2,-20,-3,-20,-3,-20,-3,-20,-4,-20,-4,-20,-4,-20,-4,-20,-4,-19,-4,-19,-4,-19,-3,-19,-3,-18,-3,-18,-2,-17,-2,-17,-2,-17,-2,-17,-1,-17,0,-16,0,-4,0,0,0,0,0,0,0,0,0,0,0,0,0,0,0,0,0,0,-1,-4,-3,-15,-2,-15,-2,-16,-1,-16,-1,-17,0,-17,0,-18,1,-19,1,-19,2,-19,2,-20,3,-20,3,-20,3,-20,3,-20,3,-20,3,-20,3,-20,2,-20,2,-21,1,-21,1,-21,1,-21,0,-21,0,-21,0,-21]"
CSI_DATA,41734,d8:b1:90:db:e8:90,-42,11,1,7,0,0,1,0,0,0,1,-92,0,4,0,653566109,0,100,0,128,1,"[100,-64,5,0,22,-8,21,-8,21,-8,21,-9,21,-9,20,-9,20,-9,20,-10,19,-10,19,-10,19,-10,19,-10,18,-10,18,-10,18,-10,18,-10,18,-10,18,-10,18,-9,17,-8,17,-7,16,-7,16,-6,16,-6,16,-5,4,-2,0,0,0,0,0,0,0,0,0,0,0,0,0,0,0,0,0,0,3,-2,15,-8,15,-8,16,-7,17,-6,17,-6,18,-5,18,-6,19,-6,20,-5,20,-5,21,-5,21,-4,21,-4,21,-4,21,-3,22,-3,22,-3,22,-4,21,-4,21,-5,21,-5,21,-6,22,-6,22,-6,22,-6,22,-7]"
CSI_DATA,41735,d8:b1:90:db:e8:90,-42,11,1,7,0,0,1,0,0,0,1,-92,0,4,0,653576988,0,100,0,128,1,"[100,-64,5,0,5,18,5,18,6,17,6,17,6,17,7,17,7,16,8,16,8,15,8,15,9,15,9,15,9,15,8,15,8,15,8,15,8,15,7,15,7,14,6,14,6,14,6,14,5,14,4,14,4,14,1,3,0,0,0,0,0,0,0,0,0,0,0,0,0,0,0,0,0,0,1,3,6,12,5,13,5,14,5,14,4,15,4,15,4,15,3,16,3,16,3,17,3,18,3,18,3,19,2,19,2,18,2,18,2,18,2,18,2,18,3,19,3,19,4,19,4,18,5,18,5,19,5,19]"
CSI_DATA,41736,d8:b1:90:db:e8:90,-42,11,1,7,0,0,1,0,0,0,1,-92,0,4,0,653587954,0,100,0,128,1,"[100,-64,5,0,8,17,9,17,9,17,10,16,10,16,11,16,11,15,11,15,11,14,11,14,11,14,12,14,12,14,12,14,11,14,11,14,11,13,10,13,10,13,10,13,10,13,9,13,8,13,7,13,7,13,1,3,0,0,0,0,0,0,0,0,0,0,0,0,0,0,0,0,0,0,2,2,8,11,7,12,7,13,7,14,7,14,7,15,6,15,6,15,6,16,6,17,6,18,6,18,5,19,5,19,5,18,6,18,6,18,6,18,6,18,7,19,7,19,7,18,8,18,8,18,8,18,8,19]"
CSI_DATA,41737,d8:b1:90:db:e8:90,-41,11,1,7,0,0,1,0,0,0,1,-92,0,4,0,653600183,0,100,0,128,1,"[100,-64,5,0,11,23,11,22,12,22,12,22,12,22,13,22,13,21,14,20,14,19,15,19,15,19,15,19,15,19,15,19,15,19,14,19,13,18,12,18,12,18,11,17,10,17,10,17,9,17,8,17,8,17,2,4,0,0,0,0,0,0,0,0,0,0,0,0,0,0,0,0,0,0,3,3,12,14,11,15,10,16,10,17,10,18,9,19,9,20,9,20,8,21,8,22,8,22,8,23,8,23,8,24,7,23,7,23,7,23,8,23,9,23,9,23,10,23,11,24,11,23,11,23,12,24,12,24]"
CSI_DATA,41738,d8:b1:90:db:e8:90,-42,11,1,7,0,0,1,0,1,0,1,-92,0,4,0,653620139,0,100,0,128,1,"[100,-64,5,0,-11,0,-13,-5,-14,-9,-15,-13,-16,-16,-16,-18,-16,-20,-16,-21,-16,-21,-15,-20,-14,-19,-14,-17,-13,-14,-13,-11,-13,-8,-13,-5,-14,-2,-15,1,-16,3,-17,4,-18,5,-18,5,-19,4,-19,3,-19,2,-5,0,0,0,0,0,0,0,0,0,0,0,0,0,0,0,0,0,0,0,-2,3,-9,12,-11,12,-13,13,-14,13,-15,13,-15,13,-15,13,-14,13,-12,13,-10,14,-7,15,-4,16,-2,18,1,19,3,21,5,22,6,24,7,25,8,25,7,25,7,24,6,23,4,21,2,19,-1,16,-3,13]"
CSI_DATA,41739,d8:b1:90:db:e8:90,-42,11,1,7,0,0,1,0,1,0,1,-92,0,4,0,653636395,0,100,0,128,1,"[100,-64,5,0,-8,8,-12,6,-15,5,-18,3,-20,2,-22,1,-23,0,-23,-1,-23,-1,-22,-1,-21,-1,-19,0,-16,1,-14,3,-11,4,-9,6,-6,8,-5,10,-4,12,-3,14,-2,15,-3,16,-4,16,-4,16,-5,15,-2,3,0,0,0,0,0,0,0,0,0,0,0,0,0,0,0,0,0,0,-1,3,-3,12,-4,13,-6,14,-7,15,-7,15,-8,15,-7,14,-6,14,-4,13,-2,13,1,12,4,12,6,12,9,12,12,12,14,12,16,13,18,13,19,13,19,13,18,13,16,13,14,13,11,13,8,12,5,12]"
CSI_DATA,41740,d8:b1:90:db:e8:90,-42,11,1,7,0,0,1,0,1,0,1,-92,0,4,0,653646595,0,100,0,128,1,"[100,-64,5,0,-3,8,-7,9,-11,10,-15,10,-18,10,-20,10,-21,10,-22,10,-22,9,-21,9,-20,8,-17,8,-15,8,-12,8,-9,8,-5,9,-2,10,1,11,3,13,5,14,6,15,6,16,5,17,4,17,3,17,0,4,0,0,0,0,0,0,0,0,0,0,0,0,0,0,0,0,0,0,1,2,7,12,7,13,6,15,5,16,5,17,4,17,4,16,5,15,6,13,7,11,9,8,11,6,14,3,16,1,18,-1,20,-2,22,-3,23,-4,24,-4,24,-4,24,-4,22,-3,21,-1,18,0,15,2,12,3]"
CSI_DATA,41741,d8:b1:90:db:e8:90,-42,11,1,7,0,0,1,0,1,0,1,-92,0,4,0,653673521,0,100,0,128,1,"[100,-64,5,0,9,-7,13,-4,16,-1,18,1,21,4,22,5,23,6,24,7,23,7,22,7,21,7,19,5,17,4,15,1,13,-2,11,-4,9,-7,8,-10,8,-13,8,-15,8,-16,9,-16,10,-16,11,-16,12,-15,3,-4,0,0,0,0,0,0,0,0,0,0,0,0,0,0,0,0,0,0,0,-4,3,-15,5,-16,6,-17,8,-17,8,-17,9,-17,8,-17,7,-16,5,-16,3,-16,0,-15,-3,-15,-7,-16,-10,-16,-13,-17,-15,-18,-17,-18,-19,-19,-19,-19,-20,-19,-19,-19,-17,-18,-15,-18,-11,-17,-8,-16,-4,-15]"
CSI_DATA,41742,d8:b1:90:db:e8:90,-42,11,1,7,0,0,1,0,1,0,1,-92,0,4,0,653684377,0,100,0,128,1,"[100,-64,5,0,12,-1,13,3,15,7,16,11,16,14,16,16,16,18,16,19,16,18,15,17,15,16,14,14,13,12,13,9,13,5,13,2,13,-1,13,-4,14,-6,14,-7,15,-8,16,-8,17,-8,17,-7,17,-6,4,-2,0,0,0,0,0,0,0,0,0,0,0,0,0,0,0,0,0,0,2,-3,10,-11,12,-11,14,-10,15,-10,16,-10,16,-9,16,-9,15,-10,13,-11,11,-12,8,-14,6,-15,4,-17,2,-19,0,-22,-2,-24,-3,-25,-4,-26,-4,-27,-3,-26,-3,-26,-2,-25,-1,-23,1,-20,3,-17,5,-15]"
CSI_DATA,41743,d8:b1:90:db:e8:90,-42,11,1,7,0,0,1,0,1,0,1,-92,0,4,0,653704147,0,100,0,128,1,"[100,-64,5,0,6,-9,10,-7,15,-6,18,-5,21,-4,23,-3,25,-2,25,-1,25,0,24,-1,22,-1,20,-1,18,-3,15,-4,12,-6,10,-8,8,-11,6,-13,5,-15,5,-17,4,-18,4,-19,6,-19,7,-19,8,-18,2,-5,0,0,0,0,0,0,0,0,0,0,0,0,0,0,0,0,0,0,-2,-4,-6,-15,-5,-17,-4,-18,-3,-20,-3,-20,-2,-20,-2,-20,-3,-19,-5,-17,-6,-16,-9,-14,-11,-13,-15,-11,-18,-10,-21,-9,-23,-8,-25,-8,-26,-8,-27,-8,-27,-8,-26,-8,-24,-9,-22,-9,-18,-10,-14,-10,-11,-10]"
CSI_DATA,41744,d8:b1:90:db:e8:90,-42,11,1,7,0,0,1,0,1,0,1,-92,0,4,0,653716463,0,100,0,128,1,"[100,-64,5,0,-11,-3,-12,-7,-13,-12,-13,-16,-13,-19,-12,-22,-12,-23,-12,-24,-12,-24,-11,-23,-11,-22,-10,-20,-10,-17,-11,-14,-12,-10,-12,-7,-14,-4,-15,-2,-16,0,-17,1,-19,2,-20,2,-20,1,-20,0,-20,-1,-5,-1,0,0,0,0,0,0,0,0,0,0,0,0,0,0,0,0,0,0,-3,2,-12,10,-14,10,-16,10,-17,9,-18,9,-18,9,-18,9,-17,9,-15,10,-13,11,-11,13,-8,15,-6,17,-4,19,-2,22,-1,24,0,25,1,26,2,27,1,27,1,26,0,25,-1,23,-3,20,-5,16,-6,13]"
CSI_DATA,41745,d8:b1:90:db:e8:90,-42,11,1,7,0,0,1,0,1,0,1,-92,0,4,0,653727019,0,100,0,128,1,"[100,-64,5,0,1,10,-3,12,-6,13,-10,15,-12,16,-15,16,-16,16,-17,16,-17,15,-16,15,-15,14,-13,13,-11,13,-8,12,-5,11,-2,11,1,11,3,11,6,12,7,12,9,13,9,14,8,14,7,15,6,15,1,4,0,0,0,0,0,0,0,0,0,0,0,0,0,0,0,0,0,0,2,1,11,7,11,9,11,10,11,12,11,13,11,13,11,12,11,11,11,9,11,8,12,5,13,2,15,0,16,-3,18,-5,19,-7,20,-9,21,-9,22,-10,22,-9,22,-9,21,-8,19,-6,17,-4,15,-1,12,1]"
CSI_DATA,41746,d8:b1:90:db:e8:90,-42,11,1,7,0,0,1,0,1,0,1,-92,0,4,0,653739785,0,100,0,128,1,"[100,-64,5,0,-12,2,-15,-2,-16,-6,-18,-9,-19,-12,-19,-15,-19,-16,-19,-17,-19,-17,-19,-17,-18,-16,-17,-13,-15,-11,-15,-8,-14,-5,-13,-1,-13,2,-13,5,-14,7,-14,8,-15,9,-16,10,-16,9,-17,9,-18,7,-5,1,0,0,0,0,0,0,0,0,0,0,0,0,0,0,0,0,0,0,-2,2,-9,12,-11,12,-13,12,-14,12,-15,12,-15,12,-15,12,-13,12,-11,12,-9,13,-7,14,-4,15,-1,17,2,18,4,20,6,22,7,23,8,24,9,24,8,24,7,24,6,23,5,21,2,19,-1,16,-3,14]"
CSI_DATA,41747,d8:b1:90:db:e8:90,-42,11,1,7,0,0,1,0,1,0,1,-92,0,4,0,653772006,0,100,0,128,1,"[100,-64,5,0,9,-2,11,2,13,6,15,9,15,12,16,14,16,15,16,16,16,16,15,16,14,15,13,13,12,10,12,8,11,4,11,1,11,-2,11,-4,12,-7,13,-8,14,-9,15,-9,15,-9,16,-8,16,-7,4,-2,0,0,0,0,0,0,0,0,0,0,0,0,0,0,0,0,0,0,1,-3,7,-12,9,-12,10,-13,12,-13,13,-12,13,-12,12,-12,11,-12,9,-12,7,-12,5,-13,2,-14,-1,-16,-3,-17,-5,-19,-7,-20,-9,-22,-10,-23,-10,-23,-10,-23,-9,-23,-8,-22,-6,-21,-3,-19,-1,-16,1,-14]"
CSI_DATA,41748,d8:b1:90:db:e8:90,-42,11,1,7,0,0,1,0,1,0,1,-92,0,4,0,653786904,0,100,0,128,1,"[100,-64,5,0,9,9,7,14,4,19,2,24,-1,27,-2,30,-4,31,-4,32,-5,31,-5,30,-5,28,-3,26,-1,23,1,20,4,17,7,15,11,13,14,11,17,9,19,9,21,9,21,10,21,11,20,12,19,13,4,3,0,0,0,0,0,0,0,0,0,0,0,0,0,0,0,0,0,0,4,-1,19,-4,21,-2,22,-1,24,1,25,2,25,2,24,2,23,0,22,-1,21,-4,19,-7,18,-11,17,-15,16,-19,16,-23,15,-26,15,-28,15,-30,16,-31,16,-31,16,-30,16,-27,17,-24,16,-20,16,-14,15,-10]"
CSI_DATA,41749,d8:b1:90:db:e8:90,-43,11,1,7,0,0,1,0,1,0,1,-92,0,4,0,653804786,0,100,0,128,1,"[100,-64,5,0,16,4,16,11,16,17,16,22,16,26,15,29,15,31,14,32,13,32,12,31,12,28,11,25,12,21,13,17,14,12,15,7,17,3,18,-1,20,-4,22,-6,24,-7,25,-7,26,-6,26,-4,26,-3,6,-1,0,0,0,0,0,0,0,0,0,0,0,0,0,0,0,0,0,0,4,-2,20,-8,22,-7,24,-6,25,-4,26,-3,26,-3,25,-4,24,-5,22,-6,19,-9,17,-12,14,-16,12,-20,10,-24,8,-28,6,-32,5,-35,5,-37,5,-37,5,-37,5,-37,6,-35,8,-31,10,-27,11,-22,13,-17]"
CSI_DATA,41750,d8:b1:90:db:e8:90,-42,11,1,7,0,0,1,0,1,0,1,-92,0,4,0,653816944,0,100,0,128,1,"[100,-64,5,0,-5,11,-10,12,-15,11,-20,11,-23,10,-26,9,-28,8,-29,8,-29,7,-28,7,-26,7,-23,8,-20,8,-17,9,-13,10,-10,11,-8,13,-5,15,-3,17,-2,19,-1,20,-1,21,-2,21,-4,21,-5,20,-2,5,0,0,0,0,0,0,0,0,0,0,0,0,0,0,0,0,0,0,2,3,10,14,9,16,8,18,8,20,7,21,7,21,7,20,8,19,9,17,11,15,12,13,15,10,18,8,21,6,24,4,26,3,28,2,30,1,31,1,31,2,30,2,28,3,25,5,22,6,17,7,14,9]"
CSI_DATA,41751,d8:b1:90:db:e8:90,-42,11,1,7,0,0,1,0,1,0,1,-92,0,4,0,653829067,0,100,0,128,1,"[100,-64,5,0,-10,6,-14,3,-18,0,-21,-3,-23,-5,-24,-7,-26,-8,-26,-9,-26,-9,-25,-9,-23,-9,-22,-7,-19,-5,-17,-2,-15,1,-13,4,-12,7,-11,10,-10,12,-10,14,-10,15,-11,16,-12,16,-13,16,-14,15,-4,3,0,0,0,0,0,0,0,0,0,0,0,0,0,0,0,0,0,0,-1,3,-4,15,-5,16,-7,17,-9,18,-10,18,-10,18,-10,18,-8,17,-6,16,-4,16,0,16,4,16,7,16,10,16,13,17,16,18,18,18,19,19,20,19,20,19,19,19,18,19,15,18,12,17,8,16,5,15]"
CSI_DATA,41752,d8:b1:90:db:e8:90,-42,11,1,7,0,0,1,0,1,0,1,-92,0,4,0,653840637,0,100,0,128,1,"[100,-64,5,0,3,11,-1,14,-4,16,-7,18,-10,20,-12,21,-14,22,-15,21,-15,21,-15,20,-14,19,-12,18,-9,16,-6,15,-3,13,0,13,4,12,7,12,9,12,11,12,13,13,13,13,13,14,12,15,11,15,2,3,0,0,0,0,0,0,0,0,0,0,0,0,0,0,0,0,0,0,3,1,14,7,14,9,15,11,15,12,15,13,15,13,15,12,14,11,14,9,14,6,15,3,16,0,17,-4,18,-7,20,-9,21,-12,22,-13,23,-15,23,-15,23,-15,23,-14,22,-13,21,-10,19,-7,17,-4,15,-1]"
CSI_DATA,41753,d8:b1:90:db:e8:90,-42,11,1,7,0,0,1,0,1,0,1,-92,0,4,0,653854570,0,100,0,128,1,"[100,-64,5,0,-3,-11,0,-14,4,-16,8,-18,11,-20,13,-21,15,-21,16,-21,16,-21,16,-20,14,-19,13,-18,10,-17,8,-16,5,-16,2,-15,-1,-16,-4,-16,-6,-16,-8,-17,-9,-17,-9,-18,-8,-18,-7,-19,-5,-19,-2,-5,0,0,0,0,0,0,0,0,0,0,0,0,0,0,0,0,0,0,-4,-1,-16,-5,-17,-6,-17,-8,-18,-10,-18,-11,-18,-11,-18,-10,-18,-9,-18,-8,-18,-6,-18,-3,-19,0,-20,3,-21,6,-22,8,-23,10,-24,12,-25,13,-25,13,-25,13,-25,12,-24,10,-22,8,-20,5,-18,2,-16,0]"
CSI_DATA,41754,d8:b1:90:db:e8:90,-42,11,1,7,0,0,1,0,1,0,1,-92,0,4,0,653876066,0,100,0,128,1,"[100,-64,5,0,4,7,2,11,0,14,-3,16,-5,18,-6,20,-7,20,-8,21,-8,20,-8,19,-8,18,-6,17,-5,15,-2,13,0,11,3,9,5,8,8,7,10,7,12,6,13,7,14,8,14,8,13,9,13,10,3,2,0,0,0,0,0,0,0,0,0,0,0,0,0,0,0,0,0,0,3,0,13,1,14,3,15,4,15,6,15,6,15,6,14,6,14,5,13,3,12,1,12,-2,12,-5,12,-8,12,-11,12,-14,12,-16,13,-18,13,-19,14,-20,14,-19,14,-18,14,-17,13,-15,12,-12,12,-8,11,-6]"
CSI_DATA,41755,d8:b1:90:db:e8:90,-41,11,1,7,0,0,1,0,1,0,1,-92,0,4,0,653890669,0,100,0,128,1,"[100,-64,5,0,13,2,14,9,15,15,15,20,15,24,15,28,15,30,14,31,13,31,12,30,12,28,12,25,12,22,12,17,13,13,14,9,16,5,18,1,20,-2,22,-4,23,-4,24,-4,25,-3,25,-1,25,1,6,0,0,0,0,0,0,0,0,0,0,0,0,0,0,0,0,0,0,0,3,-4,15,-15,17,-14,20,-14,22,-14,23,-13,23,-13,23,-13,21,-13,18,-14,15,-16,12,-18,8,-20,5,-23,2,-26,0,-29,-2,-32,-4,-35,-4,-36,-5,-37,-4,-37,-4,-36,-2,-34,0,-31,2,-27,5,-22,6,-19]"
CSI_DATA,41756,d8:b1:90:db:e8:90,-42,11,1,7,0,0,1,0,1,0,1,-92,0,4,0,653911968,0,100,0,128,1,"[100,-64,5,0,10,-3,13,1,16,5,18,8,19,10,20,12,21,14,21,15,20,15,19,15,18,14,17,13,16,10,15,7,14,4,13,1,13,-2,13,-5,13,-8,14,-10,15,-11,15,-11,16,-11,17,-10,17,-8,4,-2,0,0,0,0,0,0,0,0,0,0,0,0,0,0,0,0,0,0,1,-4,5,-15,7,-16,9,-17,10,-17,11,-17,11,-17,11,-17,10,-17,8,-17,5,-17,2,-17,-1,-18,-4,-18,-7,-20,-10,-21,-12,-22,-13,-23,-14,-24,-15,-24,-15,-24,-14,-24,-12,-23,-10,-22,-7,-20,-4,-17,-1,-15]"
CSI_DATA,41757,d8:b1:90:db:e8:90,-42,11,1,7,0,0,1,0,1,0,1,-92,0,4,0,653923939,0,100,0,128,1,"[100,-64,5,0,9,-9,14,-6,18,-3,21,-1,23,1,25,3,26,4,27,5,26,6,26,6,24,5,23,4,21,1,19,-1,16,-3,14,-6,13,-9,11,-12,11,-14,10,-16,10,-17,11,-17,12,-16,13,-16,13,-15,3,-4,0,0,0,0,0,0,0,0,0,0,0,0,0,0,0,0,0,0,0,-4,0,-17,1,-18,3,-19,5,-20,5,-21,6,-21,5,-21,4,-20,2,-20,0,-19,-3,-19,-6,-18,-9,-19,-13,-19,-16,-19,-19,-20,-20,-20,-22,-21,-22,-21,-22,-21,-21,-20,-19,-20,-16,-20,-13,-19,-9,-18,-5,-16]"
CSI_DATA,41758,d8:b1:90:db:e8:90,-42,11,1,7,0,0,1,0,1,0,1,-92,0,4,0,653935698,0,100,0,128,1,"[100,-64,5,0,7,8,5,12,3,15,0,19,-2,21,-3,23,-4,24,-5,24,-5,24,-5,23,-5,22,-3,20,-2,18,0,15,2,13,5,10,7,9,10,7,12,6,14,6,16,6,16,6,16,7,16,8,15,9,3,2,0,0,0,0,0,0,0,0,0,0,0,0,0,0,0,0,0,0,3,0,14,1,15,2,16,4,17,5,17,6,17,6,17,6,16,5,15,3,14,0,14,-3,14,-6,14,-9,14,-12,14,-15,14,-18,15,-20,15,-21,15,-21,16,-21,16,-20,15,-19,15,-16,14,-13,13,-10,13,-7]"
CSI_DATA,41759,d8:b1:90:db:e8:90,-43,11,1,7,0,0,1,0,1,0,1,-92,0,4,0,653946422,0,100,0,128,1,"[100,-64,5,0,-7,14,-14,13,-19,12,-24,11,-29,10,-32,9,-34,8,-35,7,-35,7,-33,6,-31,7,-28,7,-24,8,-20,9,-16,10,-12,13,-8,15,-5,17,-3,20,-1,22,0,24,0,25,-1,25,-3,25,-5,25,-2,6,0,0,0,0,0,0,0,0,0,0,0,0,0,0,0,0,0,0,1,4,6,19,5,21,3,23,2,25,1,26,1,25,1,24,3,23,5,21,7,19,11,17,15,15,19,13,23,11,27,10,30,9,32,8,34,8,35,8,35,8,34,9,32,10,29,10,24,11,19,13,15,13]"
CSI_DATA,41760,d8:b1:90:db:e8:90,-42,11,1,7,0,0,1,0,1,0,1,-92,0,4,0,653975550,0,100,0,128,1,"[100,-64,5,0,2,11,-2,14,-5,16,-9,18,-12,20,-14,21,-16,21,-17,21,-17,21,-17,20,-15,19,-14,17,-11,16,-8,15,-5,13,-1,13,2,12,6,12,8,12,10,13,11,14,12,14,12,15,11,16,9,16,2,4,0,0,0,0,0,0,0,0,0,0,0,0,0,0,0,0,0,0,3,1,14,7,14,9,14,11,14,13,14,14,14,14,14,13,14,12,14,10,14,7,15,4,16,1,17,-2,19,-5,20,-8,22,-10,23,-12,24,-13,24,-14,25,-14,25,-13,23,-11,22,-9,20,-6,17,-3,15,0]"
CSI_DATA,41761,d8:b1:90:db:e8:90,-42,11,1,7,0,0,1,0,1,0,1,-92,0,4,0,653985947,0,100,0,128,1,"[100,-64,5,0,-9,-6,-8,-10,-6,-14,-5,-17,-4,-20,-3,-22,-2,-23,-1,-23,-1,-23,-1,-23,-1,-22,-2,-20,-3,-18,-4,-15,-6,-13,-8,-11,-9,-9,-11,-7,-13,-6,-15,-6,-16,-6,-16,-6,-16,-7,-16,-7,-15,-8,-4,-3,0,0,0,0,0,0,0,0,0,0,0,0,0,0,0,0,0,0,-3,1,-13,3,-14,3,-16,2,-17,1,-17,0,-18,0,-17,1,-16,2,-16,3,-15,4,-13,6,-12,8,-12,11,-11,14,-11,16,-10,19,-10,20,-10,21,-10,22,-10,22,-10,21,-10,19,-11,17,-11,14,-11,11,-11,8]"
CSI_DATA,41762,d8:b1:90:db:e8:90,-42,11,1,7,0,0,1,0,1,0,1,-92,0,4,0,653999667,0,100,0,128,1,"[100,-64,5,0,-12,1,-14,-3,-16,-7,-17,-11,-18,-14,-18,-16,-19,-18,-19,-19,-18,-19,-18,-18,-17,-17,-16,-15,-15,-12,-14,-9,-13,-6,-13,-3,-13,0,-14,3,-14,5,-15,7,-16,8,-16,8,-17,8,-17,7,-18,6,-5,1,0,0,0,0,0,0,0,0,0,0,0,0,0,0,0,0,0,0,-3,2,-10,11,-12,11,-14,11,-15,11,-16,11,-16,11,-16,10,-14,11,-12,11,-10,12,-7,14,-5,15,-2,17,1,19,3,20,4,22,5,24,6,25,7,25,6,25,6,25,5,23,3,22,0,19,-2,17,-4,14]"
CSI_DATA,41763,d8:b1:90:db:e8:90,-42,11,1,7,0,0,1,0,1,0,1,-92,0,4,0,654010724,0,100,0,128,1,"[100,-64,5,0,6,7,5,11,3,14,1,17,0,20,-2,21,-3,23,-3,23,-4,22,-4,22,-4,20,-3,19,-1,17,1,14,3,12,5,10,7,8,10,7,12,5,13,5,15,5,16,5,16,6,15,7,14,8,3,2,0,0,0,0,0,0,0,0,0,0,0,0,0,0,0,0,0,0,3,0,13,0,14,1,15,3,16,4,16,4,16,5,16,4,15,3,14,1,14,-1,13,-3,13,-6,12,-9,12,-12,12,-15,12,-17,12,-19,13,-20,13,-21,13,-21,13,-20,13,-19,13,-16,13,-13,12,-10,11,-7]"
CSI_DATA,41764,d8:b1:90:db:e8:90,-42,11,1,7,0,0,1,0,1,0,1,-92,0,4,0,654021768,0,100,0,128,1,"[100,-64,5,0,1,-12,6,-13,10,-14,14,-14,17,-14,20,-14,21,-14,22,-14,22,-13,21,-13,20,-12,17,-12,15,-11,12,-11,8,-11,5,-12,2,-13,-1,-14,-3,-16,-5,-17,-6,-18,-6,-18,-6,-19,-4,-19,-3,-19,-1,-5,0,0,0,0,0,0,0,0,0,0,0,0,0,0,0,0,0,0,-3,-3,-10,-12,-10,-14,-9,-16,-8,-18,-8,-18,-8,-18,-8,-17,-9,-16,-10,-15,-11,-13,-13,-10,-15,-8,-17,-5,-20,-3,-22,-2,-24,0,-26,1,-27,2,-28,2,-28,2,-27,1,-26,0,-23,-1,-20,-3,-17,-5,-14,-6]"
CSI_DATA,41765,d8:b1:90:db:e8:90,-42,11,1,7,0,0,1,0,1,0,1,-92,0,4,0,654037964,0,100,0,128,1,"[100,-64,5,0,3,8,1,12,-2,16,-5,19,-7,21,-9,23,-11,24,-12,24,-12,23,-12,22,-11,21,-10,20,-7,18,-5,15,-1,14,2,12,5,11,8,10,11,10,13,10,14,11,15,11,15,12,14,13,12,14,3,3,0,0,0,0,0,0,0,0,0,0,0,0,0,0,0,0,0,0,3,0,15,0,17,1,18,3,18,4,19,5,19,5,18,5,17,4,17,2,16,0,15,-4,14,-7,14,-10,14,-14,14,-17,14,-19,14,-21,15,-23,16,-24,16,-24,16,-22,16,-20,15,-18,14,-14,13,-10,12,-7]"
CSI_DATA,41766,d8:b1:90:db:e8:90,-42,11,1,7,0,0,1,0,1,0,1,-92,0,4,0,654048193,0,100,0,128,1,"[100,-64,5,0,2,10,-2,12,-5,14,-8,16,-11,17,-13,18,-14,18,-15,18,-15,18,-15,17,-14,16,-12,15,-10,14,-7,13,-4,12,-1,11,2,11,5,11,7,11,8,11,10,12,10,13,10,13,9,14,8,14,2,3,0,0,0,0,0,0,0,0,0,0,0,0,0,0,0,0,0,0,2,1,11,7,12,8,12,10,12,11,12,12,12,12,12,11,12,10,12,8,12,6,13,4,14,1,15,-2,16,-5,18,-7,19,-9,20,-11,21,-12,22,-12,22,-12,21,-11,20,-9,19,-7,17,-5,15,-2,13,0]"
CSI_DATA,41767,d8:b1:90:db:e8:90,-42,11,1,7,0,0,1,0,1,0,1,-92,0,4,0,654080486,0,100,0,128,1,"[100,-64,5,0,-7,6,-11,6,-15,4,-19,3,-22,1,-24,0,-26,-1,-27,-2,-26,-2,-25,-2,-24,-2,-22,-1,-20,0,-17,1,-15,3,-12,6,-11,8,-9,11,-9,13,-8,14,-8,16,-8,16,-9,16,-10,16,-12,15,-3,3,0,0,0,0,0,0,0,0,0,0,0,0,0,0,0,0,0,0,2,2,8,12,7,14,7,16,6,17,6,18,5,18,5,18,6,17,7,15,9,13,10,11,13,10,16,8,19,7,21,5,23,5,25,4,26,4,27,4,26,5,25,5,23,6,21,6,18,7,14,8,10,8]"
CSI_DATA,41768,d8:b1:90:db:e8:90,-42,11,1,7,0,0,1,0,1,0,1,-92,0,4,0,654094777,0,100,0,128,1,"[100,-64,5,0,-4,-14,1,-17,6,-20,11,-23,14,-26,17,-27,19,-27,20,-27,21,-26,20,-25,19,-24,16,-22,13,-21,9,-19,5,-17,1,-16,-4,-15,-8,-16,-11,-16,-14,-17,-16,-18,-16,-19,-16,-20,-14,-21,-13,-21,-3,-6,0,0,0,0,0,0,0,0,0,0,0,0,0,0,0,0,0,0,-5,-3,-18,-10,-19,-12,-19,-15,-19,-16,-19,-17,-19,-17,-19,-16,-19,-15,-19,-12,-19,-9,-19,-5,-20,-1,-22,3,-24,7,-26,11,-27,13,-29,15,-30,17,-30,18,-30,18,-30,17,-29,15,-28,12,-25,8,-22,4,-19,1]"
CSI_DATA,41769,d8:b1:90:db:e8:90,-42,11,1,7,0,0,1,0,1,0,1,-92,0,4,0,654112739,0,100,0,128,1,"[100,-64,5,0,7,10,4,14,1,19,-2,22,-4,25,-6,27,-8,28,-9,28,-10,28,-9,27,-9,26,-7,24,-5,21,-3,19,0,17,3,15,7,13,10,12,12,11,15,11,16,12,17,12,17,13,16,14,15,15,3,4,0,0,0,0,0,0,0,0,0,0,0,0,0,0,0,0,0,0,4,-1,18,-2,19,0,20,1,21,3,22,4,22,4,22,4,21,2,20,1,19,-2,18,-5,17,-9,17,-12,17,-16,17,-19,17,-22,17,-24,18,-25,18,-26,18,-25,18,-24,18,-22,17,-19,17,-15,16,-11,15,-8]"
CSI_DATA,41770,d8:b1:90:db:e8:90,-42,11,1,7,0,0,1,0,1,0,1,-92,0,4,0,654123642,0,100,0,128,1,"[100,-64,5,0,-10,-6,-10,-11,-9,-16,-8,-20,-7,-24,-6,-26,-5,-28,-4,-29,-4,-29,-3,-28,-3,-27,-4,-24,-5,-22,-6,-19,-7,-16,-10,-12,-12,-10,-14,-8,-16,-7,-18,-6,-19,-6,-20,-6,-21,-7,-20,-8,-19,-9,-5,-3,0,0,0,0,0,0,0,0,0,0,0,0,0,0,0,0,0,0,-4,2,-15,10,-17,9,-19,8,-20,7,-21,6,-21,6,-21,6,-19,7,-18,8,-16,10,-14,13,-12,15,-10,18,-8,21,-7,23,-6,26,-5,28,-5,29,-5,29,-5,29,-6,28,-7,26,-8,23,-8,20,-9,15,-10,12]"
CSI_DATA,41771,d8:b1:90:db:e8:90,-42,11,1,7,0,0,1,0,1,0,1,-92,0,4,0,654134980,0,100,0,128,1,"[100,-64,5,0,-11,3,-13,-1,-15,-4,-17,-6,-18,-9,-19,-10,-19,-12,-19,-13,-19,-13,-18,-12,-17,-11,-16,-10,-15,-8,-14,-5,-13,-2,-12,0,-11,3,-11,5,-11,8,-11,9,-12,10,-12,10,-13,10,-13,10,-14,9,-4,2,0,0,0,0,0,0,0,0,0,0,0,0,0,0,0,0,0,0,-2,2,-7,11,-8,11,-10,12,-11,12,-12,12,-12,11,-12,11,-11,11,-9,11,-7,12,-4,12,-2,13,1,14,3,15,5,17,7,18,9,19,10,20,10,20,10,20,9,20,8,19,6,18,4,16,1,14,-1,12]"
CSI_DATA,41772,d8:b1:90:db:e8:90,-42,11,1,7,0,0,1,0,1,0,1,-92,0,4,0,654146501,0,100,0,128,1,"[100,-64,5,0,1,-9,6,-10,10,-11,13,-11,16,-11,18,-11,19,-11,20,-10,20,-10,19,-10,18,-9,16,-9,13,-9,11,-9,8,-9,5,-10,2,-11,-1,-12,-3,-13,-4,-15,-5,-16,-5,-17,-4,-17,-3,-17,-2,-17,-1,-5,0,0,0,0,0,0,0,0,0,0,0,0,0,0,0,0,0,0,-3,-3,-9,-11,-9,-13,-8,-15,-7,-16,-7,-17,-7,-16,-7,-16,-7,-15,-8,-13,-9,-11,-11,-9,-13,-6,-15,-5,-17,-3,-19,-1,-21,0,-23,1,-24,2,-24,2,-25,2,-24,1,-23,1,-21,-1,-18,-2,-15,-4,-12,-5]"
CSI_DATA,41773,d8:b1:90:db:e8:90,-42,11,1,7,0,0,1,0,1,0,1,-92,0,4,0,654157411,0,100,0,128,1,"[100,-64,5,0,-5,10,-10,10,-14,10,-18,10,-21,9,-23,9,-25,8,-26,7,-26,7,-25,6,-24,6,-22,7,-19,7,-16,8,-13,9,-10,10,-8,12,-5,14,-4,15,-2,17,-2,18,-2,19,-3,19,-4,19,-6,18,-2,4,0,0,0,0,0,0,0,0,0,0,0,0,0,0,0,0,0,0,2,3,9,12,9,14,8,16,8,18,7,18,7,18,7,18,8,17,9,15,10,14,12,12,14,9,17,8,19,6,22,4,24,3,26,2,27,2,28,1,28,2,27,2,25,3,22,5,19,6,15,7,12,8]"
CSI_DATA,41774,d8:b1:90:db:e8:90,-42,11,1,7,0,0,1,0,1,0,1,-92,0,4,0,654180044,0,100,0,128,1,"[100,-64,5,0,1,-11,5,-12,10,-13,14,-14,17,-14,19,-14,21,-14,22,-14,22,-13,21,-13,19,-12,17,-12,15,-12,11,-12,8,-12,5,-12,1,-13,-1,-15,-3,-16,-5,-17,-6,-18,-6,-19,-5,-19,-4,-19,-3,-20,-1,-5,0,0,0,0,0,0,0,0,0,0,0,0,0,0,0,0,0,0,-3,-3,-11,-12,-11,-14,-10,-16,-10,-17,-9,-18,-9,-18,-9,-18,-9,-16,-10,-15,-11,-12,-13,-10,-15,-7,-17,-5,-20,-2,-22,0,-24,1,-26,2,-27,3,-28,3,-28,3,-27,2,-26,1,-23,0,-21,-2,-17,-4,-14,-6]"
CSI_DATA,41775,d8:b1:90:db:e8:90,-42,11,1,7,0,0,1,0,1,0,1,-92,0,4,0,654190238,0,100,0,128,1,"[100,-64,5,0,-10,-3,-11,-7,-11,-11,-11,-14,-11,-17,-11,-19,-11,-21,-10,-22,-10,-22,-10,-21,-9,-20,-9,-18,-9,-15,-9,-12,-10,-9,-11,-6,-12,-3,-13,-1,-14,1,-15,2,-16,3,-17,3,-18,2,-18,1,-18,0,-5,0,0,0,0,0,0,0,0,0,0,0,0,0,0,0,0,0,0,0,-3,1,-12,7,-14,7,-15,6,-16,6,-17,6,-17,5,-17,6,-15,6,-14,7,-12,8,-10,9,-8,11,-6,14,-4,16,-2,18,-1,20,0,22,0,23,1,24,1,24,0,23,-1,22,-2,20,-4,18,-5,14,-6,12]"
CSI_DATA,41776,d8:b1:90:db:e8:90,-42,11,1,7,0,0,1,0,1,0,1,-92,0,4,0,654213499,0,100,0,128,1,"[100,-64,5,0,9,2,11,8,13,14,14,19,15,23,15,27,14,29,14,30,14,30,13,29,12,27,11,24,11,20,12,16,12,12,13,7,15,3,17,-1,20,-3,22,-5,23,-5,24,-5,25,-4,25,-3,25,-1,6,0,0,0,0,0,0,0,0,0,0,0,0,0,0,0,0,0,0,0,2,-5,9,-19,12,-20,15,-20,17,-20,18,-20,19,-20,18,-19,16,-18,13,-18,9,-18,5,-19,1,-20,-3,-22,-7,-24,-11,-26,-13,-29,-15,-31,-17,-32,-18,-33,-17,-33,-16,-32,-14,-31,-11,-29,-8,-25,-4,-21,-1,-17]"
CSI_DATA,41777,d8:b1:90:db:e8:90,-42,11,1,7,0,0,1,0,1,0,1,-92,0,4,0,654227069,0,100,0,128,1,"[100,-64,5,0,-11,-6,-10,-10,-9,-15,-8,-18,-7,-22,-6,-24,-5,-26,-5,-26,-5,-26,-4,-25,-4,-24,-5,-22,-6,-20,-7,-17,-9,-14,-10,-11,-12,-9,-14,-7,-16,-6,-17,-5,-19,-5,-19,-5,-19,-6,-19,-7,-18,-8,-5,-2,0,0,0,0,0,0,0,0,0,0,0,0,0,0,0,0,0,0,-4,2,-15,8,-16,7,-18,6,-19,5,-20,5,-20,5,-20,5,-19,6,-17,7,-16,8,-14,10,-12,13,-10,16,-9,18,-8,21,-7,23,-7,25,-6,26,-6,27,-6,27,-7,26,-7,24,-8,22,-9,18,-10,14,-11,11]"
CSI_DATA,41778,d8:b1:90:db:e8:90,-42,11,1,7,0,0,1,0,1,0,1,-92,0,4,0,654238493,0,100,0,128,1,"[100,-64,5,0,5,10,2,13,-1,16,-4,19,-6,20,-8,22,-10,22,-10,22,-11,21,-10,21,-9,20,-8,19,-6,17,-3,15,0,14,3,13,5,12,8,11,10,10,12,10,13,10,14,11,13,12,13,13,12,13,2,3,0,0,0,0,0,0,0,0,0,0,0,0,0,0,0,0,0,0,3,0,14,4,15,5,16,7,16,9,16,10,16,10,15,9,15,8,15,6,15,4,15,1,15,-2,16,-6,17,-9,18,-12,18,-14,19,-16,20,-17,20,-17,20,-17,20,-16,20,-15,19,-12,17,-9,16,-6,14,-3]"
CSI_DATA,41779,d8:b1:90:db:e8:90,-42,11,1,7,0,0,1,0,1,0,1,-92,0,4,0,654249603,0,100,0,128,1,"[100,-64,5,0,4,8,1,11,-2,14,-5,17,-7,18,-9,19,-10,20,-11,20,-11,19,-11,19,-10,18,-9,17,-7,15,-4,14,-2,12,1,11,4,11,6,10,9,10,10,10,11,10,12,11,12,12,11,12,10,13,2,3,0,0,0,0,0,0,0,0,0,0,0,0,0,0,0,0,0,0,3,0,13,3,13,5,14,7,14,8,14,9,14,9,14,9,14,7,13,6,13,3,13,0,13,-3,14,-6,15,-9,15,-11,16,-13,17,-15,18,-16,18,-17,19,-16,18,-15,18,-14,17,-12,16,-9,14,-6,13,-3]"
CSI_DATA,41780,d8:b1:90:db:e8:90,-43,11,1,7,0,0,1,0,1,0,1,-92,0,4,0,654285097,0,100,0,128,1,"[100,-64,5,0,-6,-9,-3,-13,-1,-16,2,-19,4,-21,6,-22,7,-23,8,-23,8,-23,8,-22,7,-21,6,-19,4,-18,2,-15,-1,-14,-4,-12,-7,-11,-9,-10,-11,-10,-13,-10,-14,-10,-15,-11,-15,-12,-14,-12,-13,-13,-4,-4,0,0,0,0,0,0,0,0,0,0,0,0,0,0,0,0,0,0,-4,-1,-16,-3,-16,-5,-17,-7,-17,-8,-17,-8,-17,-9,-17,-8,-16,-7,-16,-5,-15,-2,-15,0,-15,3,-15,7,-16,10,-16,13,-17,15,-18,17,-18,18,-19,19,-19,18,-19,17,-19,16,-18,13,-17,10,-15,7,-14,4]"
CSI_DATA,41781,d8:b1:90:db:e8:90,-42,11,1,7,0,0,1,0,1,0,1,-92,0,4,0,654299507,0,100,0,128,1,"[100,-64,5,0,10,-3,15,1,18,5,21,9,23,13,24,16,25,18,25,20,25,20,24,19,23,18,21,16,20,13,18,9,17,5,17,2,17,-2,17,-6,18,-9,19,-11,19,-12,20,-12,21,-11,22,-10,22,-9,5,-2,0,0,0,0,0,0,0,0,0,0,0,0,0,0,0,0,0,0,0,-5,2,-20,4,-22,6,-24,8,-24,9,-24,10,-24,9,-24,7,-23,5,-22,2,-21,-2,-21,-6,-21,-10,-21,-14,-22,-18,-23,-21,-24,-23,-25,-24,-26,-25,-27,-24,-27,-23,-26,-21,-26,-18,-24,-14,-22,-9,-20,-5,-18]"
CSI_DATA,41782,d8:b1:90:db:e8:90,-42,11,1,7,0,0,1,0,1,0,1,-92,0,4,0,654313782,0,100,0,128,1,"[100,-64,5,0,11,5,11,10,11,15,10,20,9,24,8,26,8,28,7,29,6,29,6,28,6,26,6,23,7,20,8,16,9,13,11,9,13,6,15,3,17,1,19,0,20,-1,21,0,22,1,21,2,21,3,5,1,0,0,0,0,0,0,0,0,0,0,0,0,0,0,0,0,0,0,4,-2,17,-7,19,-6,21,-5,22,-4,22,-3,23,-2,22,-3,20,-4,19,-6,16,-8,14,-11,12,-14,10,-18,8,-21,7,-25,6,-28,6,-30,6,-32,6,-32,6,-32,6,-31,7,-29,8,-26,9,-22,10,-18,11,-14]"
CSI_DATA,41783,d8:b1:90:db:e8:90,-42,11,1,7,0,0,1,0,1,0,1,-92,0,4,0,654324009,0,100,0,128,1,"[100,-64,5,0,9,8,7,12,6,16,4,19,2,21,1,23,-1,25,-1,25,-1,24,-1,24,0,22,0,21,1,18,3,15,5,13,7,10,9,8,11,6,13,5,15,5,16,4,17,5,17,5,17,6,17,7,4,2,0,0,0,0,0,0,0,0,0,0,0,0,0,0,0,0,0,0,3,-1,15,0,16,1,17,2,18,3,18,4,18,4,17,4,17,3,16,1,15,-1,14,-4,14,-8,14,-11,14,-15,13,-17,13,-19,13,-21,13,-23,14,-24,14,-23,15,-22,15,-21,15,-18,14,-15,13,-11,13,-7]"
CSI_DATA,41784,d8:b1:90:db:e8:90,-42,11,1,7,0,0,1,0,1,0,1,-92,0,4,0,654335559,0,100,0,128,1,"[100,-64,5,0,-7,-9,-4,-13,-1,-17,1,-20,3,-22,5,-24,7,-25,8,-25,8,-25,8,-24,7,-23,6,-22,4,-20,2,-17,-1,-15,-4,-14,-7,-13,-9,-12,-12,-11,-14,-11,-15,-11,-15,-12,-15,-13,-14,-13,-13,-14,-4,-4,0,0,0,0,0,0,0,0,0,0,0,0,0,0,0,0,0,0,-4,0,-16,-1,-17,-2,-18,-4,-19,-6,-20,-6,-20,-6,-19,-6,-19,-5,-18,-3,-17,0,-17,2,-17,5,-16,9,-17,12,-17,15,-17,17,-18,19,-18,21,-18,21,-18,20,-19,19,-19,18,-18,15,-17,12,-16,8,-14,5]"
CSI_DATA,41785,d8:b1:90:db:e8:90,-42,11,1,7,0,0,1,0,1,0,1,-92,0,4,0,654347523,0,100,0,128,1,"[100,-64,5,0,-10,2,-13,-1,-14,-5,-16,-8,-17,-10,-18,-12,-18,-14,-18,-15,-18,-15,-18,-15,-17,-14,-16,-12,-15,-10,-14,-7,-13,-5,-13,-2,-13,1,-13,3,-13,5,-14,7,-14,8,-14,8,-15,8,-15,7,-16,6,-4,1,0,0,0,0,0,0,0,0,0,0,0,0,0,0,0,0,0,0,-2,3,-6,12,-8,12,-9,13,-11,13,-11,13,-12,13,-11,13,-10,13,-8,13,-6,13,-3,13,-1,14,2,15,5,16,7,18,9,19,10,20,11,20,11,21,11,21,10,21,9,20,7,19,5,17,2,15,0,13]"
CSI_DATA,41786,d8:b1:90:db:e8:90,-42,11,1,7,0,0,1,0,1,0,1,-92,0,4,0,654387229,0,100,0,128,1,"[100,-64,5,0,-3,9,-8,9,-12,9,-15,9,-18,9,-20,9,-22,8,-23,8,-23,8,-22,7,-21,7,-18,7,-16,7,-13,7,-10,7,-7,9,-4,10,-2,11,0,13,2,15,2,16,3,16,2,17,1,17,-1,17,-1,4,0,0,0,0,0,0,0,0,0,0,0,0,0,0,0,0,0,0,2,2,8,11,7,13,6,15,6,16,5,16,5,16,5,15,6,14,7,13,8,10,10,8,12,5,14,3,17,1,19,0,21,-1,23,-2,24,-2,25,-2,25,-2,24,-2,23,-1,21,0,18,2,15,3,12,5]"
CSI_DATA,41787,d8:b1:90:db:e8:90,-42,11,1,7,0,0,1,0,1,0,1,-92,0,4,0,654401064,0,100,0,128,1,"[100,-64,5,0,10,4,10,10,10,15,9,19,9,23,8,26,7,28,7,28,6,28,6,28,6,26,6,24,6,21,8,18,9,15,11,12,13,9,15,7,17,5,18,4,20,4,20,4,20,5,20,6,19,8,4,2,0,0,0,0,0,0,0,0,0,0,0,0,0,0,0,0,0,0,3,-4,13,-13,15,-12,17,-12,18,-12,19,-11,19,-11,19,-11,18,-12,16,-13,14,-14,12,-16,9,-19,7,-21,5,-24,3,-27,2,-29,1,-31,1,-32,1,-32,1,-32,2,-31,3,-29,4,-26,6,-22,7,-18,9,-14]"
CSI_DATA,41788,d8:b1:90:db:e8:90,-42,11,1,7,0,0,1,0,1,0,1,-92,0,4,0,654411523,0,100,0,128,1,"[100,-64,5,0,12,1,14,6,15,12,16,17,17,21,17,24,16,26,16,27,16,27,15,26,14,25,14,22,13,19,13,15,13,11,14,7,15,3,17,0,18,-3,20,-5,21,-6,22,-6,23,-5,23,-4,23,-2,5,-1,0,0,0,0,0,0,0,0,0,0,0,0,0,0,0,0,0,0,2,-4,12,-16,14,-16,16,-16,18,-16,19,-15,19,-15,19,-15,17,-15,14,-16,11,-17,8,-19,4,-21,1,-23,-2,-25,-4,-28,-6,-30,-8,-32,-9,-33,-9,-34,-9,-34,-8,-33,-6,-32,-4,-29,-2,-26,1,-22,4,-18]"
CSI_DATA,41789,d8:b1:90:db:e8:90,-42,11,1,7,0,0,1,0,1,0,1,-92,0,4,0,654427073,0,100,0,128,1,"[100,-64,5,0,-4,10,-10,11,-14,11,-19,11,-23,10,-25,9,-27,9,-28,8,-29,8,-27,8,-26,8,-23,8,-20,8,-17,8,-14,9,-10,10,-7,12,-5,14,-3,16,-2,18,-1,20,-1,21,-2,21,-3,21,-4,20,-2,5,0,0,0,0,0,0,0,0,0,0,0,0,0,0,0,0,0,0,2,3,11,13,11,15,10,17,9,19,9,20,8,20,8,19,9,17,10,15,12,13,14,10,16,7,19,5,22,3,24,1,27,0,28,-1,30,-2,31,-2,31,-1,30,0,28,1,25,2,22,4,17,6,14,7]"
CSI_DATA,41790,d8:b1:90:db:e8:90,-42,11,1,7,0,0,1,0,1,0,1,-92,0,4,0,654446429,0,100,0,128,1,"[100,-64,5,0,7,-10,11,-8,15,-6,18,-5,21,-3,23,-2,24,-1,25,0,24,0,23,0,22,-1,20,-1,18,-2,15,-4,12,-5,10,-7,8,-10,6,-12,5,-14,4,-16,4,-17,4,-18,5,-18,6,-18,7,-17,1,-5,0,0,0,0,0,0,0,0,0,0,0,0,0,0,0,0,0,0,-1,-4,-2,-15,0,-16,1,-18,3,-19,3,-19,3,-19,3,-18,2,-18,0,-17,-2,-16,-5,-15,-8,-14,-11,-14,-15,-14,-17,-13,-19,-13,-21,-13,-22,-13,-23,-14,-23,-14,-22,-14,-20,-14,-18,-14,-15,-14,-11,-14,-8,-13]"
CSI_DATA,41791,d8:b1:90:db:e8:90,-42,11,1,7,0,0,1,0,1,0,1,-92,0,4,0,654457458,0,100,0,128,1,"[100,-64,5,0,-5,7,-9,7,-13,6,-17,6,-20,5,-22,4,-23,3,-24,3,-24,2,-23,2,-22,2,-19,3,-17,3,-14,4,-11,5,-9,7,-6,9,-5,11,-4,13,-3,14,-2,16,-2,17,-3,17,-4,17,-5,16,-2,4,0,0,0,0,0,0,0,0,0,0,0,0,0,0,0,0,0,0,1,2,6,12,5,13,4,15,4,16,3,17,3,17,3,16,4,15,5,14,6,12,8,10,11,8,13,6,16,5,18,4,20,3,22,3,23,2,24,2,24,2,23,3,22,3,19,4,17,5,13,6,10,6]"
CSI_DATA,41792,d8:b1:90:db:e8:90,-42,11,1,7,0,0,1,0,1,0,1,-92,0,4,0,654489061,0,100,0,128,1,"[100,-64,5,0,8,1,9,6,9,10,10,13,10,16,10,19,9,21,9,21,9,21,8,20,8,19,7,17,7,15,8,12,8,9,9,6,10,3,12,0,13,-1,15,-2,16,-3,17,-3,17,-2,17,-1,17,0,4,0,0,0,0,0,0,0,0,0,0,0,0,0,0,0,0,0,0,0,2,-3,9,-11,10,-11,12,-11,14,-10,15,-10,15,-10,14,-10,13,-10,11,-10,9,-11,6,-12,4,-14,2,-16,0,-18,-2,-20,-4,-21,-5,-23,-5,-24,-6,-25,-5,-25,-5,-24,-4,-23,-2,-21,-1,-18,1,-15,3,-12]"
CSI_DATA,41793,d8:b1:90:db:e8:90,-42,11,1,7,0,0,1,0,1,0,1,-92,0,4,0,654505448,0,100,0,128,1,"[100,-64,5,0,10,1,12,6,13,10,13,14,13,17,13,20,13,21,12,22,12,22,11,21,11,20,10,17,10,15,10,12,11,8,11,5,12,1,13,-2,14,-4,15,-5,17,-6,17,-6,18,-6,18,-4,19,-3,4,-1,0,0,0,0,0,0,0,0,0,0,0,0,0,0,0,0,0,0,3,-3,12,-10,14,-10,16,-9,17,-9,17,-8,18,-8,17,-8,16,-8,14,-9,12,-11,9,-13,7,-15,4,-17,2,-19,0,-22,-1,-24,-2,-26,-3,-27,-3,-28,-3,-28,-2,-27,-1,-25,0,-23,2,-20,4,-17,5,-14]"
CSI_DATA,41794,d8:b1:90:db:e8:90,-42,11,1,7,0,0,1,0,1,0,1,-92,0,4,0,654517334,0,100,0,128,1,"[100,-64,5,0,-4,14,-10,15,-15,15,-19,15,-23,15,-26,15,-28,14,-29,14,-29,13,-28,12,-26,12,-23,12,-20,12,-16,12,-12,13,-8,14,-4,15,-1,16,1,18,3,19,4,21,5,22,3,23,2,23,0,23,-1,5,0,0,0,0,0,0,0,0,0,0,0,0,0,0,0,0,0,0,2,3,10,16,9,18,8,20,7,22,7,22,7,22,7,22,7,20,8,18,10,16,13,14,16,11,19,8,22,6,25,4,28,3,30,2,32,1,33,1,33,1,32,2,30,3,27,4,23,6,19,8,15,9]"
CSI_DATA,41795,d8:b1:90:db:e8:90,-42,11,1,7,0,0,1,0,1,0,1,-92,0,4,0,654527427,0,100,0,128,1,"[100,-64,5,0,-5,10,-10,10,-15,10,-19,9,-22,8,-24,8,-26,7,-27,6,-27,5,-26,5,-24,5,-22,6,-19,6,-16,7,-13,8,-9,10,-6,12,-4,13,-2,15,-1,17,0,18,0,19,-1,19,-2,20,-4,19,-1,4,0,0,0,0,0,0,0,0,0,0,0,0,0,0,0,0,0,0,1,3,6,15,5,16,4,18,3,19,2,20,2,20,3,19,3,18,4,16,6,14,9,13,12,11,15,9,18,8,21,6,23,5,25,4,27,4,27,4,27,4,27,5,25,6,22,6,19,7,15,8,12,9]"
CSI_DATA,41796,d8:b1:90:db:e8:90,-42,11,1,7,0,0,1,0,1,0,1,-92,0,4,0,654537725,0,100,0,128,1,"[100,-64,5,0,11,-2,14,3,16,7,18,11,19,15,19,17,20,19,20,20,19,21,18,20,17,18,16,16,15,13,15,10,14,6,14,2,14,-1,15,-4,16,-7,16,-9,18,-10,18,-10,19,-10,20,-8,20,-7,5,-2,0,0,0,0,0,0,0,0,0,0,0,0,0,0,0,0,0,0,1,-4,7,-16,9,-17,11,-17,13,-18,14,-17,14,-17,14,-17,12,-17,10,-17,7,-17,4,-18,0,-19,-3,-20,-6,-21,-9,-23,-12,-25,-13,-26,-14,-27,-15,-27,-15,-27,-14,-27,-12,-26,-10,-24,-7,-22,-4,-19,-1,-16]"
CSI_DATA,41797,d8:b1:90:db:e8:90,-42,11,1,7,0,0,1,0,1,0,1,-92,0,4,0,654557674,0,100,0,128,1,"[100,-64,5,0,3,9,0,12,-4,15,-7,18,-10,19,-12,20,-13,21,-14,21,-14,21,-14,20,-13,19,-11,18,-9,16,-6,14,-3,13,0,12,3,12,6,12,9,12,10,12,12,13,12,13,12,14,11,15,10,15,2,4,0,0,0,0,0,0,0,0,0,0,0,0,0,0,0,0,0,0,3,0,15,2,16,4,17,6,17,7,17,8,17,9,17,8,16,7,16,5,15,2,15,-1,15,-4,15,-7,16,-10,17,-13,18,-15,18,-17,19,-18,20,-19,20,-18,20,-17,19,-16,18,-14,16,-11,14,-8,13,-4]"
CSI_DATA,41798,d8:b1:90:db:e8:90,-42,11,1,7,0,0,1,0,1,0,1,-92,0,4,0,654568211,0,100,0,128,1,"[100,-64,5,0,2,-11,6,-12,11,-13,15,-13,19,-13,21,-13,23,-12,24,-12,24,-11,23,-11,21,-10,19,-10,16,-10,13,-11,10,-11,7,-12,4,-13,1,-15,-1,-17,-2,-18,-3,-19,-3,-20,-2,-20,0,-20,1,-20,0,-5,0,0,0,0,0,0,0,0,0,0,0,0,0,0,0,0,0,0,-3,-3,-11,-12,-11,-14,-11,-16,-10,-18,-10,-19,-10,-19,-10,-18,-10,-17,-11,-15,-12,-13,-14,-11,-16,-9,-18,-6,-20,-4,-23,-2,-25,0,-26,1,-27,1,-28,2,-28,2,-28,1,-26,0,-24,-2,-21,-3,-17,-5,-14,-6]"
CSI_DATA,41799,d8:b1:90:db:e8:90,-42,11,1,7,0,0,1,0,1,0,1,-92,0,4,0,654592767,0,100,0,128,1,"[100,-64,5,0,-10,-1,-12,-5,-13,-9,-14,-12,-14,-15,-14,-17,-14,-19,-14,-20,-14,-20,-13,-19,-13,-18,-12,-16,-12,-13,-11,-10,-11,-7,-11,-4,-12,-1,-13,2,-14,4,-15,5,-16,6,-17,6,-17,6,-18,5,-18,3,-5,0,0,0,0,0,0,0,0,0,0,0,0,0,0,0,0,0,0,0,-3,2,-10,9,-12,9,-14,9,-15,9,-16,9,-16,8,-15,8,-14,9,-12,9,-10,10,-8,11,-5,13,-3,15,-1,16,1,18,2,20,3,21,5,23,5,23,5,23,4,23,3,22,2,20,0,18,-2,15,-4,13]"
CSI_DATA,41800,d8:b1:90:db:e8:90,-42,11,1,7,0,0,1,0,1,0,1,-92,0,4,0,654606214,0,100,0,128,1,"[100,-64,5,0,7,6,5,11,3,15,1,18,-1,20,-3,20,-3,21,-3,22,-3,22,-3,22,-4,21,-3,19,-2,17,0,14,3,12,6,11,8,9,10,8,11,7,13,7,14,7,15,7,15,8,15,10,14,11,3,2,0,0,0,0,0,0,0,0,0,0,0,0,0,0,0,0,0,0,3,-1,13,-2,14,-1,15,0,16,0,17,1,18,2,17,2,17,1,15,0,14,-3,14,-6,13,-8,13,-11,13,-13,12,-15,12,-17,11,-19,11,-21,12,-22,12,-22,13,-21,13,-19,13,-16,11,-13,10,-10,10,-8]"
CSI_DATA,41801,d8:b1:90:db:e8:90,-43,11,1,7,0,0,1,0,1,0,1,-92,0,4,0,654623018,0,100,0,128,1,"[100,-64,5,0,-9,11,-14,9,-19,7,-24,5,-27,3,-29,1,-31,0,-31,-1,-31,-2,-30,-2,-28,-1,-25,1,-23,2,-19,4,-16,6,-13,9,-11,12,-8,15,-7,17,-6,19,-6,21,-6,21,-8,21,-9,21,-11,20,-3,5,0,0,0,0,0,0,0,0,0,0,0,0,0,0,0,0,0,0,0,4,3,18,1,20,-1,22,-2,22,-3,23,-3,23,-3,22,-1,21,0,20,3,19,6,17,9,16,13,15,18,14,21,14,24,14,26,14,27,14,28,14,28,14,27,14,25,14,22,15,18,15,14,15,10,14]"
CSI_DATA,41802,d8:b1:90:db:e8:90,-42,11,1,7,0,0,1,0,1,0,1,-92,0,4,0,654637735,0,100,0,128,1,"[100,-64,5,0,10,2,10,6,11,11,11,15,11,18,11,21,11,22,10,23,10,23,10,22,10,21,9,19,9,16,9,13,10,10,11,6,13,3,14,1,16,-1,17,-2,18,-3,19,-3,19,-2,19,-1,19,0,4,0,0,0,0,0,0,0,0,0,0,0,0,0,0,0,0,0,0,0,2,-3,11,-11,13,-11,15,-11,16,-10,17,-10,18,-10,17,-10,16,-10,14,-11,12,-12,9,-14,7,-15,4,-18,2,-20,0,-22,-1,-24,-2,-26,-3,-27,-3,-28,-3,-28,-2,-27,-1,-26,0,-24,2,-21,4,-17,5,-14]"
CSI_DATA,41803,d8:b1:90:db:e8:90,-42,11,1,7,0,0,1,0,1,0,1,-92,0,4,0,654656306,0,100,0,128,1,"[100,-64,5,0,1,14,-5,17,-10,19,-15,21,-19,22,-22,22,-24,22,-26,22,-25,22,-24,21,-23,20,-20,19,-17,18,-13,16,-8,16,-3,15,1,16,4,16,8,18,10,19,12,20,12,21,12,22,10,22,8,23,1,5,0,0,0,0,0,0,0,0,0,0,0,0,0,0,0,0,0,0,4,2,16,12,17,14,16,17,16,19,16,20,15,20,15,19,15,17,16,15,17,12,18,7,20,3,22,-1,25,-4,27,-7,28,-9,30,-11,32,-13,32,-13,32,-13,32,-11,31,-10,28,-8,25,-5,22,-2,19,2]"
CSI_DATA,41804,d8:b1:90:db:e8:90,-42,11,1,7,0,0,1,0,1,0,1,-92,0,4,0,654666980,0,100,0,128,1,"[100,-64,5,0,6,-8,11,-7,16,-6,20,-4,23,-3,25,-1,26,0,27,1,27,2,25,2,23,1,21,0,18,-1,16,-3,13,-5,11,-8,8,-11,7,-14,6,-16,5,-18,5,-19,5,-20,6,-20,8,-20,9,-18,2,-5,0,0,0,0,0,0,0,0,0,0,0,0,0,0,0,0,0,0,-2,-4,-6,-16,-5,-18,-4,-20,-3,-21,-2,-22,-2,-22,-2,-21,-3,-20,-4,-18,-6,-16,-8,-15,-11,-13,-15,-11,-18,-10,-21,-9,-24,-8,-26,-8,-28,-8,-28,-8,-28,-8,-27,-8,-25,-9,-23,-9,-19,-10,-15,-10,-11,-10]"
CSI_DATA,41805,d8:b1:90:db:e8:90,-41,11,1,7,0,0,1,0,1,0,1,-94,0,4,0,654691762,0,100,0,128,1,"[100,-64,5,0,-3,14,-8,15,-14,16,-18,17,-22,17,-25,17,-27,17,-28,16,-28,15,-27,14,-26,14,-23,14,-19,14,-15,13,-11,13,-7,14,-3,15,1,17,4,18,5,20,7,21,7,22,6,23,4,23,2,24,0,6,0,0,0,0,0,0,0,0,0,0,0,0,0,0,0,0,0,0,3,3,12,15,11,17,10,20,9,21,8,22,9,22,9,21,10,20,10,18,12,16,14,13,17,10,20,7,23,4,26,2,28,0,30,-1,32,-2,33,-2,33,-2,32,-2,31,-1,28,1,24,4,20,6,17,8]"
CSI_DATA,41806,d8:b1:90:db:e8:90,-41,11,1,7,0,0,1,0,1,0,1,-94,0,4,0,654702953,0,100,0,128,1,"[100,-64,5,0,9,-2,11,2,14,6,15,9,16,12,17,15,17,16,17,17,16,18,16,17,15,16,14,14,13,11,12,8,12,5,12,2,12,-1,13,-4,14,-6,15,-8,15,-8,16,-8,17,-7,17,-6,17,-5,4,-2,0,0,0,0,0,0,0,0,0,0,0,0,0,0,0,0,0,0,0,-4,4,-15,6,-16,8,-16,9,-17,10,-17,11,-16,10,-16,9,-16,7,-15,5,-15,2,-16,-1,-16,-4,-17,-7,-18,-10,-19,-12,-21,-13,-22,-15,-22,-15,-23,-14,-23,-14,-23,-12,-22,-10,-20,-7,-18,-4,-16,-2,-14]"
CSI_DATA,41807,d8:b1:90:db:e8:90,-41,11,1,7,0,0,1,0,1,0,1,-94,0,4,0,654714237,0,100,0,128,1,"[100,-64,5,0,-6,6,-10,5,-14,4,-17,3,-20,2,-21,1,-22,0,-23,-1,-23,-1,-22,-1,-21,-1,-19,0,-17,1,-14,2,-12,4,-9,6,-8,9,-6,11,-5,13,-4,14,-4,15,-5,16,-6,16,-7,16,-8,15,-3,3,0,0,0,0,0,0,0,0,0,0,0,0,0,0,0,0,0,0,1,3,3,12,3,13,2,15,1,16,0,17,0,17,0,16,1,15,2,14,4,13,6,11,8,10,11,9,14,8,16,7,18,7,20,6,21,6,22,6,22,6,21,6,20,7,18,7,15,8,12,8,9,8]"
CSI_DATA,41808,d8:b1:90:db:e8:90,-40,11,1,7,0,0,1,0,1,0,1,-94,0,4,0,654724730,0,100,0,128,1,"[100,-64,5,0,-14,-3,-15,-10,-16,-15,-16,-20,-16,-24,-15,-27,-15,-29,-14,-31,-14,-31,-13,-30,-12,-28,-12,-25,-12,-21,-13,-17,-14,-13,-15,-9,-17,-5,-19,-2,-21,0,-22,2,-24,2,-25,2,-26,1,-25,-1,-25,-2,-7,-1,0,0,0,0,0,0,0,0,0,0,0,0,0,0,0,0,0,0,-4,3,-15,14,-17,14,-20,13,-21,13,-22,12,-22,12,-22,12,-20,13,-18,14,-16,15,-13,16,-9,19,-6,21,-4,24,-1,27,1,30,2,32,4,33,4,34,4,34,3,33,1,31,-1,29,-4,25,-6,21,-8,17]"
CSI_DATA,41809,d8:b1:90:db:e8:90,-41,11,1,7,0,0,1,0,1,0,1,-94,0,4,0,654741192,0,100,0,128,1,"[100,-64,5,0,11,0,14,5,15,10,16,14,16,18,17,21,16,23,16,23,16,23,15,22,15,21,14,18,13,15,12,11,13,8,13,4,14,1,15,-3,17,-5,18,-7,19,-8,20,-8,21,-7,21,-6,21,-5,5,-1,0,0,0,0,0,0,0,0,0,0,0,0,0,0,0,0,0,0,2,-4,10,-14,12,-15,15,-15,16,-15,17,-14,18,-14,17,-14,16,-14,13,-14,11,-15,8,-16,4,-18,1,-20,-2,-22,-4,-24,-6,-26,-8,-28,-9,-29,-9,-30,-8,-30,-8,-29,-6,-28,-4,-26,-2,-23,1,-19,3,-17]"
CSI_DATA,41810,d8:b1:90:db:e8:90,-41,11,1,7,0,0,1,0,1,0,1,-94,0,4,0,654752083,0,100,0,128,1,"[100,-64,5,0,-9,12,-14,10,-19,9,-24,7,-28,6,-30,4,-32,3,-33,2,-32,1,-31,1,-29,2,-26,3,-23,4,-20,6,-16,8,-13,10,-10,13,-7,16,-6,18,-5,20,-4,22,-5,23,-6,23,-8,23,-9,22,-3,5,0,0,0,0,0,0,0,0,0,0,0,0,0,0,0,0,0,0,1,4,4,18,3,20,1,22,-1,23,-2,24,-2,24,-2,23,-1,22,1,21,3,19,7,17,11,16,15,15,19,14,22,13,25,13,27,12,29,12,30,12,30,12,29,13,27,14,24,14,20,14,15,14,11,14]"
CSI_DATA,41811,d8:b1:90:db:e8:90,-41,11,1,7,0,0,1,0,1,0,1,-94,0,4,0,654766473,0,100,0,128,1,"[100,-64,5,0,-10,10,-15,8,-20,6,-24,4,-27,2,-30,0,-32,-1,-32,-2,-31,-3,-30,-2,-28,-2,-26,0,-23,1,-19,3,-16,6,-13,9,-11,12,-9,14,-8,17,-7,19,-7,20,-7,21,-8,22,-9,21,-11,20,-3,5,0,0,0,0,0,0,0,0,0,0,0,0,0,0,0,0,0,0,0,4,1,18,-1,20,-3,21,-4,22,-5,23,-6,22,-5,22,-3,21,-1,20,1,19,4,18,8,17,12,16,16,16,19,16,22,16,24,16,26,16,27,16,28,16,26,16,25,16,22,16,18,16,13,16,9,15]"
CSI_DATA,41812,d8:b1:90:db:e8:90,-40,11,1,7,0,0,1,0,1,0,1,-94,0,4,0,654794140,0,100,0,128,1,"[100,-64,5,0,-11,-1,-12,-6,-13,-10,-13,-13,-13,-16,-13,-18,-13,-20,-13,-21,-12,-21,-12,-20,-12,-18,-11,-16,-11,-14,-11,-11,-10,-7,-11,-5,-12,-2,-13,1,-14,3,-16,4,-17,4,-17,5,-18,4,-18,3,-18,2,-5,0,0,0,0,0,0,0,0,0,0,0,0,0,0,0,0,0,0,0,-3,2,-10,10,-12,9,-14,9,-15,9,-16,9,-16,8,-16,8,-14,8,-13,9,-10,10,-8,11,-5,12,-3,14,-1,16,1,18,2,20,3,21,4,23,4,23,4,23,3,23,3,22,1,20,-1,18,-2,15,-4,13]"
CSI_DATA,41813,d8:b1:90:db:e8:90,-41,11,1,7,0,0,1,0,1,0,1,-94,0,4,0,654809717,0,100,0,128,1,"[100,-64,5,0,8,-6,11,-4,15,-1,17,1,19,3,20,5,21,6,22,7,21,7,20,7,19,6,17,5,15,3,14,1,12,-2,10,-4,9,-7,8,-10,8,-12,8,-14,8,-15,8,-15,9,-15,10,-15,11,-14,3,-4,0,0,0,0,0,0,0,0,0,0,0,0,0,0,0,0,0,0,0,-4,1,-14,3,-15,4,-16,6,-17,6,-17,7,-16,6,-16,5,-15,4,-15,1,-15,-2,-14,-4,-14,-7,-14,-10,-14,-13,-15,-15,-15,-17,-15,-18,-16,-19,-16,-19,-16,-18,-16,-17,-16,-14,-16,-12,-15,-9,-14,-6,-13]"
CSI_DATA,41814,d8:b1:90:db:e8:90,-41,11,1,7,0,0,1,0,1,0,1,-94,0,4,0,654824135,0,100,0,128,1,"[100,-64,5,0,-8,13,-14,12,-20,10,-25,9,-29,7,-32,6,-34,5,-35,4,-34,3,-33,3,-31,4,-28,5,-25,6,-21,7,-18,10,-14,12,-11,15,-9,18,-8,20,-7,22,-6,24,-6,25,-7,25,-9,24,-11,23,-3,5,0,0,0,0,0,0,0,0,0,0,0,0,0,0,0,0,0,0,2,4,8,18,7,21,5,23,4,25,3,26,3,26,3,25,4,24,6,22,8,20,11,18,15,16,19,14,23,13,26,12,29,11,31,10,33,10,34,10,34,10,33,11,31,11,27,12,23,13,18,13,13,14]"
CSI_DATA,41815,d8:b1:90:db:e8:90,-40,11,1,7,0,0,1,0,1,0,1,-94,0,4,0,654834668,0,100,0,128,1,"[100,-64,5,0,-7,-9,-5,-14,-2,-17,0,-21,3,-23,5,-25,6,-26,7,-26,7,-26,7,-25,6,-24,5,-22,3,-20,0,-18,-2,-16,-5,-14,-8,-13,-10,-12,-13,-12,-14,-12,-16,-12,-16,-13,-16,-13,-15,-14,-13,-15,-4,-4,0,0,0,0,0,0,0,0,0,0,0,0,0,0,0,0,0,0,-4,0,-17,0,-18,-1,-19,-3,-20,-5,-21,-5,-21,-5,-21,-5,-20,-4,-19,-2,-18,0,-17,3,-17,6,-17,9,-16,12,-17,15,-17,18,-18,19,-18,21,-18,21,-18,21,-18,20,-18,18,-17,16,-17,13,-16,9,-15,6]"
CSI_DATA,41816,d8:b1:90:db:e8:90,-41,11,1,7,0,0,1,0,1,0,1,-94,0,4,0,654844836,0,100,0,128,1,"[100,-64,5,0,2,11,-3,14,-7,16,-11,18,-14,20,-17,21,-19,21,-20,21,-20,20,-20,19,-18,18,-16,17,-14,16,-10,15,-6,14,-2,14,1,15,4,15,6,16,8,17,9,18,9,18,9,19,7,20,5,20,1,5,0,0,0,0,0,0,0,0,0,0,0,0,0,0,0,0,0,0,3,1,16,5,17,7,17,10,17,11,17,12,17,12,17,12,17,11,17,9,17,7,17,4,18,0,19,-3,21,-6,22,-9,23,-12,24,-14,24,-15,25,-16,25,-15,25,-14,24,-13,22,-10,20,-7,18,-3,16,0]"
CSI_DATA,41817,d8:b1:90:db:e8:90,-40,11,1,7,0,0,1,0,1,0,1,-94,0,4,0,654856401,0,100,0,128,1,"[100,-64,5,0,2,-10,6,-10,11,-11,14,-11,17,-11,20,-11,21,-11,22,-10,21,-10,20,-9,19,-9,16,-9,14,-9,11,-9,7,-9,4,-10,1,-12,-1,-13,-3,-14,-5,-16,-6,-17,-6,-17,-5,-18,-4,-19,-2,-19,-1,-5,0,0,0,0,0,0,0,0,0,0,0,0,0,0,0,0,0,0,-2,-3,-8,-12,-8,-14,-7,-16,-7,-17,-6,-18,-6,-18,-6,-17,-6,-16,-7,-14,-8,-12,-10,-10,-12,-7,-14,-4,-17,-2,-19,-1,-21,0,-23,2,-25,2,-25,3,-25,2,-25,2,-24,1,-22,0,-19,-2,-16,-3,-13,-5]"
CSI_DATA,41818,d8:b1:90:db:e8:90,-40,11,1,7,0,0,1,0,1,0,1,-94,0,4,0,654867773,0,100,0,128,1,"[100,-64,5,0,4,-7,9,-6,13,-6,17,-4,20,-3,22,-2,23,-1,24,0,23,0,22,0,20,0,18,-1,16,-2,13,-3,10,-5,7,-7,5,-9,4,-12,2,-14,2,-16,2,-17,2,-18,3,-18,4,-18,5,-17,1,-5,0,0,0,0,0,0,0,0,0,0,0,0,0,0,0,0,0,0,-2,-4,-5,-14,-4,-16,-2,-17,-1,-19,-1,-19,-1,-19,-1,-18,-2,-17,-3,-15,-4,-13,-7,-12,-10,-10,-13,-8,-15,-7,-18,-7,-20,-6,-23,-5,-24,-5,-25,-5,-25,-5,-24,-6,-23,-6,-20,-7,-17,-7,-14,-8,-11,-8]"
CSI_DATA,41819,d8:b1:90:db:e8:90,-41,11,1,7,0,0,1,0,1,0,1,-94,0,4,0,654900459,0,100,0,128,1,"[100,-64,5,0,11,-4,15,0,19,5,23,8,25,12,27,14,28,16,28,18,27,19,26,18,24,16,21,14,19,11,18,7,16,3,15,-2,14,-7,14,-11,14,-14,15,-16,16,-18,17,-18,18,-18,20,-17,21,-15,5,-4,0,0,0,0,0,0,0,0,0,0,0,0,0,0,0,0,0,0,1,-5,6,-20,8,-21,11,-22,12,-22,14,-22,14,-22,13,-21,11,-20,8,-20,5,-19,1,-19,-3,-19,-8,-20,-12,-22,-16,-23,-19,-24,-22,-25,-23,-26,-25,-26,-25,-26,-24,-26,-21,-26,-18,-25,-14,-23,-9,-20,-5,-18]"
CSI_DATA,41820,d8:b1:90:db:e8:90,-40,11,1,7,0,0,1,0,1,0,1,-94,0,4,0,654912955,0,100,0,128,1,"[100,-64,5,0,8,-5,12,-3,14,0,17,3,19,5,20,7,21,8,21,9,21,9,20,9,19,8,17,6,15,4,14,2,12,-1,11,-3,10,-6,9,-9,9,-11,9,-13,10,-14,10,-14,11,-14,12,-14,12,-13,3,-3,0,0,0,0,0,0,0,0,0,0,0,0,0,0,0,0,0,0,0,-4,2,-14,4,-15,6,-16,7,-16,8,-17,8,-16,7,-16,6,-15,5,-15,2,-14,0,-14,-3,-14,-6,-14,-9,-15,-12,-15,-14,-16,-16,-17,-17,-17,-18,-18,-18,-18,-17,-18,-15,-17,-13,-17,-11,-16,-7,-14,-4,-13]"
CSI_DATA,41821,d8:b1:90:db:e8:90,-41,11,1,7,0,0,1,0,1,0,1,-94,0,4,0,654923207,0,100,0,128,1,"[100,-64,5,0,0,11,-4,13,-8,15,-11,17,-15,18,-17,19,-19,19,-20,19,-20,19,-19,18,-17,17,-15,16,-12,14,-9,14,-5,13,-2,13,2,13,4,13,7,14,9,15,10,16,10,17,10,18,8,18,7,18,1,4,0,0,0,0,0,0,0,0,0,0,0,0,0,0,0,0,0,0,3,2,13,9,14,11,13,13,13,14,13,15,13,16,13,15,13,13,13,11,13,9,15,5,16,2,18,-1,19,-4,21,-7,23,-9,24,-10,25,-11,26,-12,26,-12,26,-11,25,-9,23,-7,20,-5,18,-2,15,1]"
CSI_DATA,41822,d8:b1:90:db:e8:90,-40,11,1,7,0,0,1,0,1,0,1,-94,0,4,0,654935391,0,100,0,128,1,"[100,-64,5,0,-1,-13,4,-15,9,-17,13,-18,16,-19,19,-20,21,-20,22,-19,22,-18,22,-17,20,-17,17,-16,14,-16,11,-15,7,-15,4,-16,0,-16,-2,-17,-5,-18,-7,-19,-8,-20,-8,-21,-7,-22,-5,-22,-3,-22,-1,-6,0,0,0,0,0,0,0,0,0,0,0,0,0,0,0,0,0,0,-4,-2,-16,-9,-17,-11,-17,-14,-17,-15,-17,-16,-17,-17,-16,-16,-16,-15,-17,-13,-17,-10,-18,-7,-19,-4,-21,0,-23,3,-24,5,-26,8,-27,10,-29,11,-29,11,-29,11,-29,10,-27,9,-26,6,-23,3,-20,0,-17,-3]"
CSI_DATA,41823,d8:b1:90:db:e8:90,-40,11,1,7,0,0,1,0,1,0,1,-94,0,4,0,654949033,0,100,0,128,1,"[100,-64,5,0,6,-9,11,-8,15,-6,19,-5,22,-3,24,-1,25,0,26,0,25,1,24,1,23,0,20,-1,18,-2,16,-4,13,-6,11,-8,9,-11,7,-13,6,-15,6,-17,6,-18,6,-19,7,-19,9,-18,10,-17,2,-5,0,0,0,0,0,0,0,0,0,0,0,0,0,0,0,0,0,0,-2,-4,-5,-16,-4,-18,-3,-19,-2,-21,-1,-21,-1,-21,-1,-20,-2,-20,-3,-18,-5,-17,-7,-15,-10,-14,-13,-13,-17,-12,-19,-11,-22,-11,-24,-10,-25,-10,-26,-11,-26,-11,-25,-11,-24,-11,-21,-12,-17,-12,-13,-12,-10,-12]"
CSI_DATA,41824,d8:b1:90:db:e8:90,-40,11,1,7,0,0,1,0,1,0,1,-94,0,4,0,654966634,0,100,0,128,1,"[100,-64,5,0,-5,7,-9,6,-13,5,-16,5,-19,4,-22,3,-23,2,-24,2,-24,1,-23,1,-22,1,-20,2,-18,3,-15,4,-13,5,-11,7,-9,9,-8,11,-7,13,-7,14,-7,15,-8,16,-8,16,-9,15,-10,14,-3,3,0,0,0,0,0,0,0,0,0,0,0,0,0,0,0,0,0,0,2,2,9,9,9,11,9,13,8,14,8,15,8,15,8,15,8,14,9,13,10,11,11,9,13,7,15,6,17,4,19,3,20,2,22,1,23,1,24,1,23,1,23,1,21,2,19,3,16,4,13,5,10,6]"
CSI_DATA,41825,d8:b1:90:db:e8:90,-41,11,1,7,0,0,1,0,1,0,1,-94,0,4,0,654977975,0,100,0,128,1,"[100,-64,5,0,1,13,-4,16,-8,18,-12,19,-16,20,-18,20,-20,21,-21,20,-21,20,-20,19,-18,18,-16,17,-13,16,-9,14,-5,14,-1,13,2,13,6,14,8,14,11,15,12,16,13,16,12,17,11,18,9,19,2,4,0,0,0,0,0,0,0,0,0,0,0,0,0,0,0,0,0,0,3,3,12,13,11,15,10,17,10,19,9,20,9,20,9,19,10,17,10,15,12,12,13,9,15,6,18,3,20,0,23,-3,25,-5,27,-7,28,-8,29,-8,29,-7,28,-7,27,-6,25,-4,23,-2,19,1,17,4]"
CSI_DATA,41826,d8:b1:90:db:e8:90,-41,11,1,7,0,0,1,0,1,0,1,-94,0,4,0,654999154,0,100,0,128,1,"[100,-64,5,0,6,7,4,12,1,15,-1,19,-3,21,-4,23,-5,24,-6,25,-6,24,-6,23,-5,22,-4,19,-3,17,0,14,2,12,5,10,8,8,11,7,13,6,15,6,17,6,17,7,17,8,17,9,16,10,3,2,0,0,0,0,0,0,0,0,0,0,0,0,0,0,0,0,0,0,3,-1,15,-1,17,0,18,2,19,3,19,4,19,4,18,4,17,3,16,2,14,-1,13,-4,13,-7,12,-11,11,-14,11,-18,11,-20,11,-22,12,-24,12,-25,12,-25,12,-24,12,-22,12,-20,12,-16,11,-12,11,-9]"
CSI_DATA,41827,d8:b1:90:db:e8:90,-41,11,1,7,0,0,1,0,1,0,1,-94,0,4,0,655014810,0,100,0,128,1,"[100,-64,5,0,-2,10,-7,11,-11,12,-15,12,-18,12,-20,12,-22,12,-22,11,-22,11,-21,10,-20,10,-18,10,-15,10,-12,10,-8,10,-5,11,-2,12,0,13,2,14,4,15,5,17,5,17,4,18,2,18,1,18,0,4,0,0,0,0,0,0,0,0,0,0,0,0,0,0,0,0,0,0,2,2,9,12,8,14,7,16,6,17,6,18,6,18,6,17,6,16,7,14,9,12,11,9,13,7,15,5,17,3,20,1,22,-1,24,-2,25,-2,26,-3,26,-2,25,-2,24,-1,22,0,19,2,16,4,13,5]"
CSI_DATA,41828,d8:b1:90:db:e8:90,-41,11,1,7,0,0,1,0,1,0,1,-94,0,4,0,655033090,0,100,0,128,1,"[100,-64,5,0,3,8,0,11,-4,13,-7,16,-9,17,-11,18,-12,19,-13,19,-13,18,-13,17,-12,17,-10,16,-8,15,-6,13,-3,12,0,11,3,11,5,11,7,11,9,12,10,13,10,13,10,14,9,14,8,15,1,3,0,0,0,0,0,0,0,0,0,0,0,0,0,0,0,0,0,0,3,0,13,2,14,4,14,6,14,7,14,8,14,8,14,8,14,7,14,5,13,3,13,1,14,-2,14,-5,15,-8,16,-10,16,-12,17,-14,18,-15,18,-15,18,-15,18,-14,18,-13,17,-11,15,-9,14,-5,13,-3]"
CSI_DATA,41829,d8:b1:90:db:e8:90,-41,11,1,7,0,0,1,0,1,0,1,-94,0,4,0,655048700,0,100,0,128,1,"[100,-64,5,0,11,-7,15,-4,19,0,21,3,23,6,25,8,26,9,26,10,26,11,25,11,23,9,21,8,19,5,17,2,15,-1,14,-4,13,-8,12,-11,11,-14,11,-16,11,-17,12,-17,13,-17,14,-16,15,-15,4,-4,0,0,0,0,0,0,0,0,0,0,0,0,0,0,0,0,0,0,1,-5,5,-17,7,-18,9,-19,10,-19,12,-19,12,-19,11,-18,10,-18,8,-18,5,-17,2,-18,-2,-18,-6,-19,-9,-20,-13,-21,-15,-22,-17,-23,-19,-24,-20,-24,-19,-24,-19,-23,-17,-23,-14,-22,-11,-21,-6,-19,-3,-17]"
CSI_DATA,41830,d8:b1:90:db:e8:90,-40,11,1,7,0,0,1,0,1,0,1,-94,0,4,0,655067199,0,100,0,128,1,"[100,-64,5,0,-9,-2,-10,-6,-11,-10,-12,-13,-12,-16,-12,-19,-12,-20,-11,-21,-11,-21,-10,-20,-10,-19,-10,-18,-10,-15,-10,-13,-11,-10,-12,-7,-13,-5,-14,-3,-16,-2,-17,-1,-17,-1,-18,-1,-18,-2,-18,-3,-18,-4,-5,-2,0,0,0,0,0,0,0,0,0,0,0,0,0,0,0,0,0,0,-1,3,-5,12,-7,13,-9,14,-10,14,-11,14,-11,14,-11,14,-10,14,-9,14,-7,14,-4,14,-2,15,1,16,3,18,5,19,6,20,8,21,8,22,8,22,8,22,7,21,6,20,4,19,2,17,0,14,-2,12]"
CSI_DATA,41831,d8:b1:90:db:e8:90,-41,11,1,7,0,0,1,0,1,0,1,-94,0,4,0,655101275,0,100,0,128,1,"[100,-64,5,0,-7,-9,-5,-13,-2,-17,0,-20,2,-23,4,-25,5,-25,6,-25,6,-25,6,-24,5,-22,4,-21,2,-19,0,-16,-3,-14,-5,-12,-8,-11,-11,-10,-13,-9,-15,-9,-17,-9,-18,-10,-17,-11,-16,-12,-15,-12,-4,-3,0,0,0,0,0,0,0,0,0,0,0,0,0,0,0,0,0,0,-4,-1,-17,-1,-17,-2,-18,-4,-19,-5,-19,-6,-19,-6,-19,-6,-18,-4,-17,-3,-17,-1,-16,2,-15,5,-15,9,-15,12,-15,15,-15,18,-15,20,-16,21,-16,22,-16,22,-16,21,-16,19,-16,17,-15,13,-14,9,-13,6]"
CSI_DATA,41832,d8:b1:90:db:e8:90,-40,11,1,7,0,0,1,0,1,0,1,-94,0,4,0,655118201,0,100,0,128,1,"[100,-64,5,0,6,-12,12,-12,17,-11,22,-10,26,-9,29,-8,31,-7,31,-6,31,-6,30,-5,28,-6,25,-6,22,-7,19,-9,15,-10,12,-13,9,-15,6,-18,4,-20,3,-22,3,-24,3,-25,5,-25,7,-24,8,-23,2,-6,0,0,0,0,0,0,0,0,0,0,0,0,0,0,0,0,0,0,-3,-5,-11,-18,-10,-20,-9,-22,-8,-24,-7,-25,-7,-25,-7,-24,-8,-23,-9,-21,-11,-19,-13,-16,-16,-14,-20,-12,-24,-10,-27,-8,-29,-7,-32,-6,-34,-5,-34,-5,-34,-5,-33,-6,-31,-7,-28,-8,-24,-9,-19,-11,-15,-11]"
CSI_DATA,41833,d8:b1:90:db:e8:90,-40,11,1,7,0,0,1,0,1,0,1,-94,0,4,0,655137583,0,100,0,128,1,"[100,-64,5,0,-10,2,-13,-2,-16,-6,-19,-9,-20,-12,-21,-14,-22,-16,-21,-17,-21,-17,-20,-17,-19,-15,-17,-13,-16,-11,-15,-7,-13,-4,-12,0,-12,4,-12,7,-13,10,-13,12,-14,13,-15,13,-16,12,-17,12,-18,10,-5,2,0,0,0,0,0,0,0,0,0,0,0,0,0,0,0,0,0,0,-2,3,-6,15,-8,16,-10,16,-12,17,-13,16,-13,16,-13,15,-11,15,-9,14,-6,14,-3,14,1,14,5,15,9,16,12,17,14,18,16,19,18,20,18,21,18,21,17,21,16,20,13,19,10,18,6,15,3,13]"
CSI_DATA,41834,d8:b1:90:db:e8:90,-40,11,1,7,0,0,1,0,1,0,1,-94,0,4,0,655148361,0,100,0,128,1,"[100,-64,5,0,7,-9,13,-7,17,-5,21,-3,24,-1,26,0,28,2,29,3,28,3,27,3,26,2,24,1,21,0,18,-2,16,-5,13,-8,12,-11,10,-14,9,-16,9,-18,9,-19,9,-20,10,-20,12,-19,14,-18,3,-5,0,0,0,0,0,0,0,0,0,0,0,0,0,0,0,0,0,0,-2,-5,-6,-17,-5,-19,-3,-22,-2,-23,-1,-23,-1,-23,-1,-23,-2,-22,-4,-20,-6,-19,-9,-17,-12,-16,-16,-14,-19,-14,-22,-13,-24,-12,-27,-12,-28,-12,-29,-12,-29,-12,-28,-13,-26,-14,-23,-14,-19,-14,-14,-14,-10,-14]"
CSI_DATA,41835,d8:b1:90:db:e8:90,-41,11,1,7,0,0,1,0,1,0,1,-94,0,4,0,655161789,0,100,0,128,1,"[100,-64,5,0,-2,11,-7,11,-11,12,-14,12,-17,12,-20,12,-21,12,-22,11,-22,11,-21,11,-20,10,-18,10,-15,10,-12,10,-8,10,-5,11,-3,12,0,13,2,14,3,15,4,16,4,17,3,18,2,18,1,18,0,4,0,0,0,0,0,0,0,0,0,0,0,0,0,0,0,0,0,0,2,2,8,12,8,13,7,15,6,16,6,17,6,17,6,16,6,15,7,14,9,12,11,9,13,7,15,5,18,4,20,2,21,1,23,0,24,-1,25,-1,25,-1,25,-1,24,0,21,2,19,3,15,5,12,6]"
CSI_DATA,41836,d8:b1:90:db:e8:90,-41,11,1,7,0,0,1,0,1,0,1,-94,0,4,0,655172290,0,100,0,128,1,"[100,-64,5,0,-11,1,-13,-3,-14,-7,-15,-10,-15,-12,-16,-15,-16,-16,-16,-17,-15,-17,-15,-16,-14,-15,-14,-13,-13,-11,-12,-8,-12,-5,-11,-2,-12,1,-12,3,-13,5,-14,6,-14,7,-15,7,-16,7,-16,6,-16,5,-4,1,0,0,0,0,0,0,0,0,0,0,0,0,0,0,0,0,0,0,-3,2,-9,9,-11,9,-13,9,-14,9,-15,8,-15,8,-14,8,-13,8,-11,9,-9,10,-7,11,-5,13,-3,14,0,16,2,17,3,19,4,20,5,21,5,22,5,22,4,21,4,21,2,19,0,17,-2,15,-3,12]"
CSI_DATA,41837,d8:b1:90:db:e8:90,-41,11,1,7,0,0,1,0,1,0,1,-94,0,4,0,655202773,0,100,0,128,1,"[100,-64,5,0,7,7,5,11,3,15,2,18,0,20,-1,22,-2,23,-3,23,-3,23,-3,22,-3,21,-2,19,0,16,2,14,4,11,6,9,9,7,11,6,13,4,15,4,16,4,17,5,17,6,16,7,15,8,3,2,0,0,0,0,0,0,0,0,0,0,0,0,0,0,0,0,0,0,3,0,14,0,15,1,16,3,17,4,18,5,17,5,17,4,16,3,15,1,14,-1,13,-4,13,-7,12,-10,12,-13,12,-16,12,-18,12,-20,12,-22,12,-22,12,-22,13,-22,12,-20,12,-17,12,-14,12,-11,12,-8]"
CSI_DATA,41838,d8:b1:90:db:e8:90,-40,11,1,7,0,0,1,0,1,0,1,-94,0,4,0,655213659,0,100,0,128,1,"[100,-64,5,0,-6,8,-10,7,-14,7,-17,6,-20,5,-22,4,-23,3,-24,3,-24,2,-23,2,-21,2,-19,3,-16,4,-14,5,-11,6,-8,8,-6,10,-4,12,-3,13,-2,15,-1,16,-2,17,-2,17,-4,17,-5,16,-2,4,0,0,0,0,0,0,0,0,0,0,0,0,0,0,0,0,0,0,1,3,3,13,2,14,1,16,0,17,-1,17,-1,17,-1,17,0,16,2,15,3,14,6,12,8,10,11,9,14,8,17,7,19,7,21,6,22,6,23,6,23,6,22,6,21,7,19,8,16,8,13,9,10,9]"
CSI_DATA,41839,d8:b1:90:db:e8:90,-41,11,1,7,0,0,1,0,1,0,1,-94,0,4,0,655223940,0,100,0,128,1,"[100,-64,5,0,6,-8,11,-6,15,-4,18,-2,21,0,23,1,24,2,25,3,24,4,23,3,22,3,20,2,18,0,16,-2,13,-4,12,-7,10,-9,9,-12,8,-14,8,-15,8,-16,9,-17,10,-17,11,-16,12,-15,3,-4,0,0,0,0,0,0,0,0,0,0,0,0,0,0,0,0,0,0,-2,-4,-5,-15,-3,-17,-2,-18,-1,-20,-1,-20,0,-20,-1,-20,-1,-19,-2,-18,-4,-16,-7,-15,-10,-14,-13,-13,-16,-12,-18,-12,-21,-12,-23,-12,-24,-12,-25,-12,-25,-12,-23,-12,-22,-12,-19,-12,-16,-13,-12,-12,-9,-12]"
CSI_DATA,41840,d8:b1:90:db:e8:90,-40,11,1,7,0,0,1,0,1,0,1,-94,0,4,0,655236997,0,100,0,128,1,"[100,-64,5,0,-7,9,-13,8,-18,7,-22,6,-25,4,-28,3,-29,2,-30,1,-29,0,-28,1,-27,1,-25,2,-22,3,-19,5,-16,7,-13,9,-10,12,-8,14,-7,17,-7,19,-6,20,-6,20,-7,21,-9,20,-10,19,-3,4,0,0,0,0,0,0,0,0,0,0,0,0,0,0,0,0,0,0,1,3,6,16,5,18,3,20,2,22,2,22,2,22,2,21,3,20,4,19,6,17,9,15,12,13,16,12,19,11,22,10,24,9,26,9,28,8,30,8,29,8,28,9,26,10,23,10,20,11,15,11,12,12]"
CSI_DATA,41841,d8:b1:90:db:e8:90,-40,11,1,7,0,0,1,0,1,0,1,-94,0,4,0,655247227,0,100,0,128,1,"[100,-64,5,0,-10,6,-14,3,-17,0,-20,-3,-23,-5,-24,-7,-25,-8,-25,-10,-25,-10,-24,-10,-23,-9,-21,-7,-19,-5,-18,-2,-16,0,-15,3,-14,6,-13,9,-13,11,-13,13,-13,14,-14,14,-14,14,-15,13,-16,11,-4,2,0,0,0,0,0,0,0,0,0,0,0,0,0,0,0,0,0,0,-1,3,-1,16,-2,17,-4,18,-6,19,-6,19,-7,19,-7,19,-5,18,-4,18,-1,17,1,17,5,16,8,16,11,16,14,16,16,17,18,17,20,18,20,18,20,18,19,18,17,18,14,17,11,16,8,15,4,14]"
CSI_DATA,41842,d8:b1:90:db:e8:90,-40,11,1,7,0,0,1,0,1,0,1,-94,0,4,0,655259882,0,100,0,128,1,"[100,-64,5,0,-6,-8,-4,-12,-1,-15,1,-17,3,-19,5,-21,6,-22,7,-22,7,-22,7,-21,6,-20,5,-19,4,-17,2,-16,-1,-14,-3,-13,-5,-13,-8,-12,-10,-12,-11,-12,-12,-13,-12,-13,-11,-14,-10,-15,-9,-15,-3,-4,0,0,0,0,0,0,0,0,0,0,0,0,0,0,0,0,0,0,-4,0,-14,2,-15,1,-16,-1,-17,-2,-18,-2,-18,-2,-18,-2,-17,-1,-16,0,-15,2,-15,4,-14,6,-14,9,-14,11,-14,13,-14,15,-14,17,-14,18,-14,19,-14,19,-14,18,-14,16,-14,14,-14,11,-13,7,-13,5]"
CSI_DATA,41843,d8:b1:90:db:e8:90,-41,11,1,7,0,0,1,0,1,0,1,-94,0,4,0,655271068,0,100,0,128,1,"[100,-64,5,0,-6,8,-10,7,-14,6,-17,6,-20,5,-22,4,-23,3,-24,2,-24,2,-23,2,-21,2,-19,2,-16,3,-13,4,-10,6,-7,7,-5,9,-3,11,-1,13,0,15,0,16,0,17,0,17,-2,17,-3,17,-1,4,0,0,0,0,0,0,0,0,0,0,0,0,0,0,0,0,0,0,0,3,2,14,0,15,-1,16,-2,17,-3,17,-3,17,-2,16,-1,15,0,14,2,12,5,11,7,10,10,9,14,8,16,7,19,6,21,6,22,6,23,6,23,6,23,6,21,7,19,7,16,8,13,8,10,9]"
CSI_DATA,41844,d8:b1:90:db:e8:90,-41,11,1,7,0,0,1,0,1,0,1,-94,0,4,0,655282280,0,100,0,128,1,"[100,-64,5,0,3,11,-2,14,-5,17,-9,19,-12,21,-15,22,-16,23,-17,23,-18,22,-17,21,-16,20,-14,19,-11,18,-8,16,-4,15,-1,15,3,14,6,15,9,15,10,15,11,16,12,17,11,18,10,18,8,18,1,4,0,0,0,0,0,0,0,0,0,0,0,0,0,0,0,0,0,0,4,1,16,5,17,7,17,9,18,11,18,12,18,12,18,11,17,10,17,8,17,5,17,2,18,-2,19,-5,20,-8,21,-11,22,-13,23,-15,24,-17,24,-18,25,-18,24,-17,24,-15,22,-12,20,-9,18,-6,16,-3]"
CSI_DATA,41845,d8:b1:90:db:e8:90,-40,11,1,7,0,0,1,0,1,0,1,-94,0,4,0,655305757,0,100,0,128,1,"[100,-64,5,0,-2,10,-7,11,-12,12,-16,13,-19,13,-21,13,-22,13,-23,12,-23,11,-23,10,-21,10,-19,10,-16,10,-13,10,-10,10,-6,11,-3,13,0,14,2,15,3,17,4,17,4,18,3,19,1,19,0,19,-1,4,0,0,0,0,0,0,0,0,0,0,0,0,0,0,0,0,0,0,2,2,10,11,10,13,9,16,9,17,8,18,8,18,8,17,9,15,9,14,10,12,12,9,14,7,16,4,19,2,21,0,23,-2,25,-3,26,-4,27,-4,27,-4,26,-3,25,-2,23,-1,20,1,16,4,14,5]"
CSI_DATA,41846,d8:b1:90:db:e8:90,-41,11,1,7,0,0,1,0,1,0,1,-94,0,4,0,655327436,0,100,0,128,1,"[100,-64,5,0,8,2,9,6,9,10,9,13,9,16,9,18,8,20,8,20,7,20,7,19,7,18,7,17,7,14,8,12,9,9,10,6,11,4,12,2,13,0,15,-1,16,-1,16,-1,17,0,16,1,16,2,4,0,0,0,0,0,0,0,0,0,0,0,0,0,0,0,0,0,0,0,2,-3,9,-10,11,-10,12,-10,14,-9,15,-9,15,-9,14,-9,13,-9,12,-9,10,-10,8,-12,6,-13,4,-15,2,-17,0,-19,-1,-21,-2,-23,-2,-24,-2,-24,-2,-24,-2,-23,-1,-22,0,-20,2,-18,4,-15,5,-12]"
CSI_DATA,41847,d8:b1:90:db:e8:90,-41,11,1,7,0,0,1,0,1,0,1,-94,0,4,0,655347284,0,100,0,128,1,"[100,-64,5,0,-8,10,-13,8,-18,6,-21,4,-25,3,-27,1,-28,0,-29,-1,-29,-2,-27,-2,-26,-1,-23,0,-21,1,-18,3,-15,6,-12,8,-10,11,-8,13,-7,15,-6,17,-6,19,-7,19,-8,19,-9,19,-10,18,-3,4,0,0,0,0,0,0,0,0,0,0,0,0,0,0,0,0,0,0,0,4,2,16,0,18,-1,20,-3,21,-3,21,-4,21,-3,20,-2,20,0,19,2,17,5,16,8,15,12,14,15,14,19,13,21,13,23,13,25,13,26,13,26,13,25,13,23,14,20,14,16,14,12,14,9,14]"
CSI_DATA,41848,d8:b1:90:db:e8:90,-41,11,1,7,0,0,1,0,1,0,1,-94,0,4,0,655357512,0,100,0,128,1,"[100,-64,5,0,-12,7,-16,3,-19,0,-22,-3,-24,-5,-26,-7,-27,-9,-28,-10,-27,-10,-26,-10,-25,-9,-23,-7,-20,-5,-18,-2,-16,1,-14,4,-13,8,-12,11,-11,13,-11,15,-12,17,-12,17,-13,17,-14,16,-15,15,-4,3,0,0,0,0,0,0,0,0,0,0,0,0,0,0,0,0,0,0,-1,4,-5,16,-7,17,-10,18,-11,18,-12,18,-12,18,-11,18,-10,17,-8,17,-5,17,-2,17,2,17,6,18,9,18,12,19,15,20,17,21,18,21,19,22,20,22,18,22,16,21,14,21,11,19,7,18,3,16]"
CSI_DATA,41849,d8:b1:90:db:e8:90,-40,11,1,7,0,0,1,0,1,0,1,-94,0,4,0,655367910,0,100,0,128,1,"[100,-64,5,0,4,-11,9,-11,14,-10,17,-9,20,-8,22,-7,23,-7,24,-6,24,-6,23,-6,21,-6,20,-7,17,-7,15,-8,12,-9,9,-11,7,-13,5,-14,4,-16,3,-18,2,-19,2,-19,3,-19,5,-19,6,-18,1,-5,0,0,0,0,0,0,0,0,0,0,0,0,0,0,0,0,0,0,-2,-4,-7,-14,-6,-16,-5,-18,-4,-19,-3,-20,-3,-20,-3,-20,-4,-19,-5,-18,-7,-16,-9,-15,-12,-13,-15,-12,-18,-11,-20,-10,-22,-9,-24,-9,-25,-8,-26,-8,-26,-9,-25,-9,-24,-10,-21,-10,-18,-11,-14,-11,-11,-12]"
CSI_DATA,41850,d8:b1:90:db:e8:90,-40,11,1,7,0,0,1,0,1,0,1,-94,0,4,0,655378154,0,100,0,128,1,"[100,-64,5,0,12,3,13,9,14,15,13,20,13,24,13,27,12,29,12,30,11,30,10,29,10,27,10,24,10,21,11,17,12,13,14,9,16,5,18,2,20,1,21,-1,22,-1,24,-1,24,0,24,2,24,3,6,1,0,0,0,0,0,0,0,0,0,0,0,0,0,0,0,0,0,0,3,-4,15,-14,17,-14,19,-13,21,-13,22,-12,22,-12,21,-12,20,-12,18,-13,15,-15,12,-17,10,-19,7,-22,4,-25,2,-28,0,-31,-1,-33,-2,-35,-3,-35,-2,-35,-2,-35,0,-33,2,-30,4,-26,6,-21,8,-17]"
CSI_DATA,41851,d8:b1:90:db:e8:90,-41,11,1,7,0,0,1,0,1,0,1,-94,0,4,0,655408473,0,100,0,128,1,"[100,-64,5,0,-3,8,-7,9,-12,9,-15,8,-18,8,-20,8,-21,7,-22,7,-22,6,-21,6,-20,6,-18,6,-15,6,-13,7,-10,8,-8,9,-5,10,-3,12,-2,13,-1,15,-1,15,-1,16,-1,17,-3,16,-4,16,-1,3,0,0,0,0,0,0,0,0,0,0,0,0,0,0,0,0,0,0,2,2,8,10,8,11,7,13,7,14,6,15,6,15,6,15,7,14,7,13,9,11,10,9,12,7,14,5,16,3,18,2,20,1,22,0,23,-1,23,-1,23,-1,23,0,21,1,19,2,17,3,14,4,11,5]"
CSI_DATA,41852,d8:b1:90:db:e8:90,-41,11,1,7,0,0,1,0,1,0,1,-94,0,4,0,655418947,0,100,0,128,1,"[100,-64,5,0,-3,11,-8,11,-12,12,-16,12,-19,11,-21,11,-23,11,-23,10,-23,10,-22,9,-21,9,-19,9,-16,9,-13,9,-10,10,-6,11,-4,12,-1,13,0,15,2,16,3,17,3,18,2,18,1,18,-1,18,-1,4,0,0,0,0,0,0,0,0,0,0,0,0,0,0,0,0,0,0,2,3,8,12,7,14,6,16,5,17,5,18,5,18,5,18,5,16,6,15,8,13,10,10,12,8,15,7,18,5,20,3,22,2,24,1,26,1,27,1,27,1,26,2,24,2,22,3,19,5,16,6,13,7]"
CSI_DATA,41853,d8:b1:90:db:e8:90,-40,11,1,7,0,0,1,0,1,0,1,-94,0,4,0,655429190,0,100,0,128,1,"[100,-64,5,0,-12,3,-14,-1,-17,-5,-19,-8,-21,-11,-21,-13,-22,-15,-22,-16,-22,-17,-21,-16,-20,-15,-18,-12,-17,-10,-16,-7,-15,-4,-14,0,-13,3,-13,6,-13,9,-14,11,-15,12,-15,12,-16,12,-17,11,-18,9,-5,2,0,0,0,0,0,0,0,0,0,0,0,0,0,0,0,0,0,0,-2,3,-7,15,-9,15,-11,15,-13,15,-14,15,-14,15,-13,15,-12,15,-10,15,-7,15,-4,15,-1,16,2,17,6,18,9,20,11,21,13,22,14,23,15,23,15,23,14,23,12,22,10,21,6,19,3,17,0,15]"
CSI_DATA,41854,d8:b1:90:db:e8:90,-41,11,1,7,0,0,1,0,1,0,1,-94,0,4,0,655445374,0,100,0,128,1,"[100,-64,5,0,-1,-12,4,-14,8,-16,12,-18,16,-19,18,-19,20,-19,21,-19,21,-19,20,-18,19,-17,17,-16,14,-16,10,-15,7,-15,3,-15,0,-16,-3,-17,-5,-18,-7,-19,-8,-20,-8,-20,-8,-21,-6,-21,-4,-21,-1,-6,0,0,0,0,0,0,0,0,0,0,0,0,0,0,0,0,0,0,-4,-2,-16,-9,-16,-11,-17,-14,-17,-15,-16,-16,-16,-16,-16,-16,-16,-14,-16,-12,-17,-10,-18,-7,-19,-4,-21,0,-22,3,-24,6,-26,8,-27,9,-28,10,-29,11,-29,11,-28,10,-27,8,-25,6,-23,3,-20,0,-17,-3]"
CSI_DATA,41855,d8:b1:90:db:e8:90,-40,11,1,7,0,0,1,0,1,0,1,-94,0,4,0,655458404,0,100,0,128,1,"[100,-64,5,0,10,-2,13,2,15,6,16,10,17,13,18,15,19,17,19,18,18,18,18,17,16,16,15,14,14,11,13,8,13,4,13,1,13,-2,13,-5,14,-7,15,-9,15,-10,16,-10,17,-10,18,-8,18,-7,4,-2,0,0,0,0,0,0,0,0,0,0,0,0,0,0,0,0,0,0,1,-4,8,-15,9,-15,11,-15,13,-15,14,-15,14,-15,13,-15,12,-15,10,-15,8,-15,5,-15,1,-17,-2,-18,-5,-20,-7,-21,-9,-23,-11,-24,-13,-25,-13,-26,-13,-25,-12,-25,-10,-25,-8,-23,-5,-21,-2,-18,1,-16]"
CSI_DATA,41856,d8:b1:90:db:e8:90,-40,11,1,7,0,0,1,0,1,0,1,-94,0,4,0,655469844,0,100,0,128,1,"[100,-64,5,0,-7,-7,-6,-11,-4,-15,-2,-18,0,-20,1,-22,2,-23,3,-23,4,-23,4,-22,3,-21,2,-19,0,-17,-1,-15,-3,-13,-6,-11,-8,-10,-10,-9,-12,-8,-14,-8,-15,-8,-16,-9,-16,-9,-15,-10,-14,-11,-4,-3,0,0,0,0,0,0,0,0,0,0,0,0,0,0,0,0,0,0,-4,0,-14,2,-15,1,-17,-1,-17,-1,-18,-2,-18,-2,-18,-2,-17,-1,-16,0,-15,2,-14,4,-13,7,-13,10,-12,12,-12,15,-12,17,-12,19,-12,20,-12,20,-12,20,-12,20,-12,18,-12,16,-12,13,-12,10,-11,7]"
CSI_DATA,41857,d8:b1:90:db:e8:90,-41,11,1,7,0,0,1,0,1,0,1,-94,0,4,0,655482534,0,100,0,128,1,"[100,-64,5,0,2,10,-2,12,-6,15,-9,16,-12,18,-14,19,-16,19,-17,19,-17,18,-16,17,-15,17,-13,16,-11,14,-8,13,-5,13,-2,13,1,13,4,13,6,14,7,15,8,15,8,16,8,17,6,17,5,17,1,4,0,0,0,0,0,0,0,0,0,0,0,0,0,0,0,0,0,0,3,0,14,4,15,6,16,7,16,9,16,10,16,10,16,10,15,9,15,7,15,4,15,2,16,-1,17,-4,18,-7,19,-10,20,-12,20,-14,21,-15,22,-15,22,-15,22,-14,21,-12,20,-10,18,-7,16,-4,13,-1]"
CSI_DATA,41858,d8:b1:90:db:e8:90,-41,11,1,7,0,0,1,0,1,0,1,-94,0,4,0,655509762,0,100,0,128,1,"[100,-64,5,0,6,-7,10,-5,14,-3,17,-1,19,0,21,1,22,2,23,3,22,4,21,4,20,3,18,2,15,1,13,-1,11,-3,10,-6,8,-9,7,-11,6,-13,6,-15,6,-16,6,-16,7,-17,8,-16,9,-15,2,-4,0,0,0,0,0,0,0,0,0,0,0,0,0,0,0,0,0,0,-1,-4,0,-14,1,-15,2,-16,3,-17,4,-18,4,-17,4,-17,3,-16,2,-15,-1,-14,-3,-14,-6,-13,-9,-13,-12,-13,-15,-13,-17,-13,-19,-13,-20,-13,-21,-13,-21,-13,-20,-14,-19,-14,-17,-13,-14,-13,-10,-12,-7,-12]"
CSI_DATA,41859,d8:b1:90:db:e8:90,-41,11,1,7,0,0,1,0,1,0,1,-94,0,4,0,655520199,0,100,0,128,1,"[100,-64,5,0,-8,-7,-7,-11,-5,-16,-4,-19,-2,-22,-1,-24,0,-25,1,-26,1,-26,1,-25,1,-23,0,-21,-2,-19,-3,-16,-5,-14,-8,-11,-10,-9,-13,-8,-15,-7,-16,-7,-18,-7,-18,-7,-18,-8,-18,-9,-17,-10,-4,-3,0,0,0,0,0,0,0,0,0,0,0,0,0,0,0,0,0,0,-4,1,-15,5,-17,4,-19,3,-20,2,-20,1,-20,1,-20,1,-19,2,-17,3,-16,5,-14,7,-13,10,-11,13,-10,16,-9,19,-9,22,-8,23,-8,25,-8,26,-8,25,-9,24,-9,23,-10,20,-10,17,-10,13,-11,9]"
CSI_DATA,41860,d8:b1:90:db:e8:90,-41,11,1,7,0,0,1,0,1,0,1,-94,0,4,0,655533855,0,100,0,128,1,"[100,-64,5,0,3,-10,8,-10,12,-10,15,-9,18,-9,20,-8,21,-8,22,-7,22,-7,21,-6,19,-6,17,-7,15,-7,12,-8,9,-8,6,-10,4,-11,1,-13,0,-15,-1,-16,-2,-17,-2,-18,-1,-18,0,-18,2,-18,0,-5,0,0,0,0,0,0,0,0,0,0,0,0,0,0,0,0,0,0,-2,-4,-6,-13,-5,-15,-4,-16,-4,-17,-3,-18,-3,-18,-3,-17,-4,-16,-5,-15,-6,-14,-8,-12,-11,-10,-14,-8,-16,-7,-19,-6,-21,-5,-22,-4,-24,-4,-24,-4,-25,-4,-24,-4,-23,-5,-20,-6,-17,-7,-14,-8,-11,-9]"
CSI_DATA,41861,d8:b1:90:db:e8:90,-41,11,1,7,0,0,1,0,1,0,1,-94,0,4,0,655545721,0,100,0,128,1,"[100,-64,5,0,7,-10,13,-11,17,-10,21,-8,25,-5,29,-4,31,-4,31,-3,30,-2,29,-1,28,-2,26,-4,22,-5,18,-6,16,-7,14,-11,11,-14,8,-17,7,-19,7,-20,8,-22,8,-24,7,-24,9,-22,11,-20,2,-5,0,0,0,0,0,0,0,0,0,0,0,0,0,0,0,0,0,0,-3,-4,-10,-17,-9,-19,-8,-22,-7,-24,-7,-24,-6,-25,-6,-24,-7,-23,-8,-21,-10,-19,-13,-17,-16,-14,-20,-12,-23,-10,-26,-10,-29,-9,-32,-8,-33,-7,-33,-7,-32,-8,-32,-9,-31,-9,-28,-9,-22,-10,-18,-12,-14,-14]"
CSI_DATA,41862,d8:b1:90:db:e8:90,-40,11,1,7,0,0,1,0,1,0,1,-94,0,4,0,655558565,0,100,0,128,1,"[100,-64,5,0,-9,-8,-7,-13,-4,-17,-2,-21,0,-24,1,-25,2,-26,3,-27,4,-26,3,-25,3,-24,2,-22,0,-20,-2,-17,-4,-14,-7,-12,-10,-10,-12,-9,-15,-8,-17,-7,-18,-8,-19,-8,-19,-9,-18,-10,-17,-11,-5,-3,0,0,0,0,0,0,0,0,0,0,0,0,0,0,0,0,0,0,-5,0,-17,1,-18,-1,-20,-2,-20,-4,-21,-5,-21,-5,-20,-4,-19,-3,-18,-2,-17,1,-16,4,-15,7,-15,10,-14,14,-14,17,-14,19,-14,22,-14,23,-14,24,-14,24,-15,23,-15,21,-15,18,-14,15,-14,11,-14,8]"
CSI_DATA,41863,d8:b1:90:db:e8:90,-41,11,1,7,0,0,1,0,1,0,1,-94,0,4,0,655569516,0,100,0,128,1,"[100,-64,5,0,-15,-5,-16,-12,-16,-18,-16,-23,-16,-27,-15,-31,-15,-33,-14,-34,-14,-33,-13,-32,-12,-30,-12,-27,-13,-23,-14,-18,-15,-13,-16,-9,-18,-4,-20,0,-22,2,-24,4,-25,5,-27,4,-27,3,-27,2,-27,0,-7,0,0,0,0,0,0,0,0,0,0,0,0,0,0,0,0,0,0,0,-5,2,-20,9,-22,8,-25,7,-26,6,-27,5,-27,5,-27,5,-25,6,-22,8,-20,10,-17,13,-14,16,-11,20,-9,24,-7,28,-5,31,-4,34,-3,36,-2,37,-3,37,-3,36,-5,34,-6,31,-8,27,-10,22,-12,18]"
CSI_DATA,41864,d8:b1:90:db:e8:90,-41,11,1,7,0,0,1,0,1,0,1,-94,0,4,0,655586891,0,100,0,128,1,"[100,-64,5,0,11,5,10,10,10,15,9,19,8,22,7,25,6,26,6,27,5,26,5,25,5,24,6,22,7,19,8,16,9,13,11,10,13,8,15,6,16,4,18,4,19,4,20,4,20,4,20,6,19,7,4,1,0,0,0,0,0,0,0,0,0,0,0,0,0,0,0,0,0,0,3,-3,14,-9,16,-8,18,-7,19,-6,20,-6,21,-5,20,-5,19,-6,18,-7,16,-9,14,-12,12,-15,11,-18,10,-20,9,-23,8,-25,7,-27,7,-28,7,-29,7,-29,8,-28,8,-26,9,-24,10,-20,11,-16,11,-13]"
CSI_DATA,41865,d8:b1:90:db:e8:90,-40,11,1,7,0,0,1,0,1,0,1,-94,0,4,0,655612652,0,100,0,128,1,"[100,-64,5,0,2,10,-2,13,-5,15,-9,17,-12,19,-14,20,-16,20,-17,20,-17,19,-17,19,-15,18,-13,17,-11,15,-7,14,-4,14,-1,13,2,13,5,13,7,14,9,15,10,15,10,16,10,17,8,17,7,17,1,4,0,0,0,0,0,0,0,0,0,0,0,0,0,0,0,0,0,0,3,1,15,5,15,7,16,9,16,11,16,12,16,12,15,11,15,10,15,8,15,6,16,3,16,0,17,-4,18,-7,19,-9,21,-11,22,-13,23,-14,23,-15,23,-15,23,-14,22,-12,21,-10,19,-7,17,-4,14,-1]"
CSI_DATA,41866,d8:b1:90:db:e8:90,-41,11,1,7,0,0,1,0,1,0,1,-94,0,4,0,655630934,0,100,0,128,1,"[100,-64,5,0,9,1,10,6,11,10,11,13,11,16,11,18,10,19,10,20,9,20,9,19,9,18,9,16,8,13,9,10,9,7,10,4,11,1,12,-1,13,-3,15,-4,16,-5,16,-5,17,-4,17,-3,17,-2,4,-1,0,0,0,0,0,0,0,0,0,0,0,0,0,0,0,0,0,0,2,-2,11,-8,13,-8,14,-7,15,-7,16,-7,16,-6,16,-6,15,-7,13,-7,11,-9,9,-11,7,-13,5,-15,3,-17,1,-19,0,-21,-1,-23,-2,-24,-2,-25,-2,-25,-1,-24,0,-23,1,-21,2,-19,4,-15,5,-13]"
CSI_DATA,41867,d8:b1:90:db:e8:90,-41,11,1,7,0,0,1,0,1,0,1,-94,0,4,0,655646900,0,100,0,128,1,"[100,-64,5,0,-8,-4,-8,-8,-8,-12,-7,-15,-6,-18,-6,-20,-5,-21,-5,-22,-4,-22,-4,-22,-4,-20,-4,-18,-5,-16,-6,-14,-7,-12,-9,-10,-10,-8,-12,-6,-14,-5,-15,-5,-16,-5,-16,-5,-16,-6,-16,-7,-15,-8,-4,-2,0,0,0,0,0,0,0,0,0,0,0,0,0,0,0,0,0,0,-3,2,-10,8,-12,8,-14,8,-15,7,-16,7,-16,7,-15,7,-15,7,-14,8,-12,9,-10,10,-8,12,-7,14,-5,16,-4,18,-3,20,-3,21,-2,22,-2,22,-2,22,-3,22,-3,20,-4,18,-5,16,-6,13,-7,10]"
CSI_DATA,41868,d8:b1:90:db:e8:90,-40,11,1,7,0,0,1,0,1,0,1,-94,0,4,0,655657322,0,100,0,128,1,"[100,-64,5,0,5,9,2,13,-1,16,-3,19,-6,22,-7,23,-9,23,-10,24,-10,23,-10,22,-9,21,-8,20,-5,18,-3,16,0,14,3,13,6,12,9,11,11,11,13,11,14,12,14,12,14,13,12,14,11,15,2,3,0,0,0,0,0,0,0,0,0,0,0,0,0,0,0,0,0,0,3,-1,16,0,17,1,18,3,18,4,19,5,19,5,19,5,18,4,17,2,16,0,16,-3,15,-6,15,-9,16,-13,16,-16,16,-18,16,-20,16,-21,17,-22,17,-22,17,-21,17,-19,16,-17,16,-13,15,-9,13,-6]"
CSI_DATA,41869,d8:b1:90:db:e8:90,-41,11,1,7,0,0,1,0,1,0,1,-94,0,4,0,655669221,0,100,0,128,1,"[100,-64,5,0,-9,6,-13,3,-17,0,-19,-2,-22,-4,-23,-6,-24,-7,-24,-8,-24,-9,-23,-8,-21,-7,-20,-6,-18,-4,-16,-2,-13,1,-12,4,-11,7,-10,10,-9,12,-9,13,-9,15,-10,15,-11,15,-12,14,-13,14,-4,3,0,0,0,0,0,0,0,0,0,0,0,0,0,0,0,0,0,0,-1,3,-3,15,-5,16,-7,16,-8,17,-9,17,-9,17,-9,16,-8,15,-5,15,-3,14,0,14,3,14,7,14,10,15,12,15,15,16,17,16,18,17,19,17,19,17,18,17,16,17,14,16,11,15,7,14,4,13]"
CSI_DATA,41870,d8:b1:90:db:e8:90,-41,11,1,7,0,0,1,0,1,0,1,-94,0,4,0,655680333,0,100,0,128,1,"[100,-64,5,0,-8,5,-12,3,-15,1,-18,-1,-20,-3,-22,-5,-22,-6,-23,-7,-22,-7,-22,-7,-20,-6,-18,-5,-17,-3,-15,-1,-13,1,-12,4,-10,6,-9,9,-9,11,-9,13,-9,14,-9,14,-10,14,-11,14,-12,13,-3,3,0,0,0,0,0,0,0,0,0,0,0,0,0,0,0,0,0,0,-1,3,-1,13,-3,14,-5,15,-6,16,-7,16,-7,16,-6,15,-5,15,-4,14,-2,14,1,13,4,13,7,13,10,13,13,13,15,13,17,13,18,14,19,14,19,14,18,14,16,14,14,14,11,14,8,13,5,12]"
CSI_DATA,41871,d8:b1:90:db:e8:90,-40,11,1,7,0,0,1,0,1,0,1,-94,0,4,0,655696632,0,100,0,128,1,"[100,-64,5,0,-11,-4,-11,-9,-10,-14,-10,-18,-9,-21,-8,-23,-8,-25,-7,-26,-7,-26,-7,-25,-7,-23,-7,-21,-7,-19,-8,-15,-9,-12,-11,-10,-13,-7,-15,-5,-17,-3,-18,-3,-19,-2,-20,-3,-20,-3,-20,-4,-19,-6,-5,-2,0,0,0,0,0,0,0,0,0,0,0,0,0,0,0,0,0,0,-4,2,-13,9,-15,9,-17,8,-19,8,-19,7,-19,7,-19,7,-18,7,-16,8,-14,10,-12,12,-10,14,-7,16,-5,19,-4,21,-3,24,-3,25,-2,27,-2,27,-2,27,-2,26,-3,25,-4,23,-5,19,-7,15,-8,12]"
CSI_DATA,41872,d8:b1:90:db:e8:90,-41,11,1,7,0,0,1,0,1,0,1,-94,0,4,0,655715538,0,100,0,128,1,"[100,-64,5,0,-6,10,-11,9,-15,8,-19,7,-21,6,-24,6,-25,5,-26,4,-26,3,-25,3,-23,3,-21,4,-18,5,-15,6,-12,7,-9,9,-7,11,-5,13,-3,15,-2,16,-2,17,-2,18,-3,19,-4,18,-5,17,-2,4,0,0,0,0,0,0,0,0,0,0,0,0,0,0,0,0,0,0,0,3,2,15,1,16,0,17,-1,18,-2,19,-2,19,-1,18,0,17,1,16,3,15,6,14,9,13,12,12,15,11,18,10,20,9,22,9,24,9,25,9,25,8,24,9,23,9,20,10,17,11,13,11,10,11]"
CSI_DATA,41873,d8:b1:90:db:e8:90,-40,11,1,7,0,0,1,0,1,0,1,-94,0,4,0,655727531,0,100,0,128,1,"[100,-64,5,0,-4,8,-8,8,-12,7,-16,7,-19,7,-21,6,-22,6,-23,5,-23,4,-23,4,-21,4,-20,4,-17,5,-15,6,-13,7,-11,9,-9,10,-7,12,-6,14,-5,15,-5,16,-6,16,-7,16,-8,15,-9,15,-3,3,0,0,0,0,0,0,0,0,0,0,0,0,0,0,0,0,0,0,2,2,10,8,10,10,10,12,9,14,9,15,9,15,9,14,10,14,10,13,11,11,12,9,14,8,16,6,18,4,20,2,21,1,23,0,24,-1,24,-1,24,0,23,0,22,1,20,2,17,4,13,5,11,6]"
CSI_DATA,41874,d8:b1:90:db:e8:90,-40,11,1,7,0,0,1,0,1,0,1,-94,0,4,0,655749444,0,100,0,128,1,"[100,-64,5,0,12,-2,15,3,18,8,19,12,21,16,22,19,22,21,22,23,21,23,20,22,19,21,18,18,17,15,16,11,16,7,16,3,16,-1,17,-5,18,-8,19,-10,20,-11,21,-11,22,-10,23,-9,23,-7,5,-2,0,0,0,0,0,0,0,0,0,0,0,0,0,0,0,0,0,0,1,-5,8,-18,10,-19,13,-20,14,-20,15,-20,16,-20,15,-19,13,-19,11,-19,8,-19,4,-20,0,-21,-4,-22,-7,-24,-11,-26,-13,-27,-15,-29,-17,-30,-18,-30,-18,-30,-17,-30,-15,-29,-12,-27,-8,-25,-4,-21,-1,-18]"
CSI_DATA,41875,d8:b1:90:db:e8:90,-41,11,1,7,0,0,1,0,1,0,1,-94,0,4,0,655759543,0,100,0,128,1,"[100,-64,5,0,11,-1,13,4,15,8,17,13,18,16,18,19,18,21,18,22,18,22,17,21,16,19,15,17,14,14,14,11,14,7,14,3,14,-1,16,-4,17,-6,18,-8,18,-9,19,-9,20,-9,21,-7,21,-5,5,-1,0,0,0,0,0,0,0,0,0,0,0,0,0,0,0,0,0,0,2,-4,8,-16,10,-16,12,-16,14,-17,15,-17,16,-16,15,-16,14,-16,11,-16,8,-16,5,-17,2,-18,-2,-20,-5,-22,-7,-24,-9,-25,-11,-26,-13,-28,-14,-28,-13,-28,-12,-28,-10,-27,-9,-25,-6,-23,-2,-19,0,-17]"
CSI_DATA,41876,d8:b1:90:db:e8:90,-41,11,1,7,0,0,1,0,1,0,1,-94,0,4,0,655777185,0,100,0,128,1,"[100,-64,5,0,0,-10,4,-11,8,-12,11,-13,13,-14,16,-14,17,-14,18,-13,18,-13,18,-12,16,-12,15,-12,13,-12,10,-12,8,-12,5,-12,3,-13,1,-14,-1,-15,-2,-16,-3,-17,-3,-17,-2,-18,-1,-17,1,-17,0,-5,0,0,0,0,0,0,0,0,0,0,0,0,0,0,0,0,0,0,-3,-2,-12,-7,-13,-9,-13,-11,-12,-12,-13,-13,-13,-13,-13,-13,-13,-12,-13,-10,-14,-9,-14,-7,-15,-4,-17,-2,-19,0,-20,2,-21,3,-22,4,-23,5,-24,5,-24,5,-23,5,-22,4,-21,2,-18,0,-15,-2,-13,-4]"
CSI_DATA,41877,d8:b1:90:db:e8:90,-40,11,1,7,0,0,1,0,1,0,1,-94,0,4,0,655788247,0,100,0,128,1,"[100,-64,5,0,-9,3,-12,0,-15,-4,-17,-6,-19,-9,-20,-11,-21,-13,-21,-14,-21,-14,-20,-13,-19,-12,-17,-10,-16,-8,-15,-6,-13,-3,-13,0,-13,3,-13,5,-13,8,-13,9,-14,10,-14,11,-15,10,-16,9,-16,8,-4,2,0,0,0,0,0,0,0,0,0,0,0,0,0,0,0,0,0,0,-1,3,-2,13,-4,15,-6,16,-7,16,-8,16,-8,16,-8,16,-7,15,-5,15,-3,14,0,14,3,14,6,14,9,14,12,15,13,16,15,17,17,17,17,18,17,18,16,18,14,17,13,17,10,15,6,14,3,12]"
CSI_DATA,41878,d8:b1:90:db:e8:90,-41,11,1,7,0,0,1,0,1,0,1,-94,0,4,0,655817505,0,100,0,128,1,"[100,-64,5,0,-5,8,-9,8,-13,8,-16,7,-19,7,-21,6,-22,5,-23,5,-23,4,-22,4,-20,4,-18,5,-15,5,-13,6,-10,7,-6,8,-4,10,-1,11,0,13,1,14,2,15,2,16,2,17,0,17,-1,17,-1,4,0,0,0,0,0,0,0,0,0,0,0,0,0,0,0,0,0,0,0,3,2,13,1,14,0,16,-1,16,-1,17,-1,17,-1,16,0,15,1,14,3,12,5,10,8,9,11,8,14,6,17,5,19,4,21,4,22,4,23,4,23,4,23,4,21,5,19,5,16,6,13,7,10,8]"
CSI_DATA,41879,d8:b1:90:db:e8:90,-41,11,1,7,0,0,1,0,1,0,1,-94,0,4,0,655828167,0,100,0,128,1,"[100,-64,5,0,5,-11,9,-10,14,-10,18,-9,20,-8,23,-7,24,-6,25,-6,24,-5,23,-5,22,-5,19,-5,16,-6,14,-8,11,-9,8,-10,5,-12,4,-14,2,-16,1,-17,0,-19,0,-19,1,-20,3,-20,4,-19,1,-5,0,0,0,0,0,0,0,0,0,0,0,0,0,0,0,0,0,0,-2,-4,-5,-16,-4,-17,-3,-19,-2,-20,-1,-21,-1,-20,-1,-20,-2,-19,-3,-17,-5,-16,-8,-14,-10,-13,-14,-12,-17,-11,-20,-10,-22,-9,-24,-9,-25,-8,-26,-8,-26,-8,-25,-9,-24,-9,-21,-10,-18,-11,-14,-11,-11,-12]"
CSI_DATA,41880,d8:b1:90:db:e8:90,-40,11,1,7,0,0,1,0,1,0,1,-94,0,4,0,655839582,0,100,0,128,1,"[100,-64,5,0,-4,10,-9,12,-13,13,-18,13,-22,12,-25,13,-26,12,-27,11,-28,10,-27,11,-24,10,-22,10,-19,11,-16,11,-12,11,-9,12,-6,15,-3,16,-1,17,-1,19,0,21,1,21,0,21,-2,21,-4,21,-1,5,0,0,0,0,0,0,0,0,0,0,0,0,0,0,0,0,0,0,3,2,12,11,13,13,13,15,12,17,12,19,12,19,11,18,11,17,13,16,14,12,15,9,17,7,20,4,22,1,24,-1,26,-2,28,-4,29,-5,30,-4,31,-4,30,-4,27,-3,26,0,23,2,18,4,14,6]"
CSI_DATA,41881,d8:b1:90:db:e8:90,-40,11,1,7,0,0,1,0,1,0,1,-94,0,4,0,655854278,0,100,0,128,1,"[100,-64,5,0,-3,-12,2,-14,6,-17,9,-19,12,-20,15,-21,16,-21,17,-21,17,-20,16,-20,15,-19,13,-17,10,-16,7,-15,3,-14,0,-14,-4,-13,-7,-13,-9,-14,-11,-15,-13,-15,-13,-16,-13,-17,-11,-18,-10,-18,-3,-5,0,0,0,0,0,0,0,0,0,0,0,0,0,0,0,0,0,0,-4,-3,-14,-10,-14,-12,-14,-15,-14,-16,-13,-17,-13,-17,-13,-16,-13,-14,-14,-12,-14,-10,-15,-7,-16,-4,-18,-1,-20,2,-22,5,-23,7,-25,9,-26,11,-26,11,-26,11,-26,10,-25,9,-23,7,-21,4,-18,1,-16,-2]"
CSI_DATA,41882,d8:b1:90:db:e8:90,-41,11,1,7,0,0,1,0,1,0,1,-94,0,4,0,655866472,0,100,0,128,1,"[100,-64,5,0,-6,10,-10,9,-15,8,-19,8,-22,7,-24,6,-26,5,-26,4,-26,4,-25,4,-23,4,-21,4,-18,5,-16,6,-12,8,-9,10,-6,11,-4,13,-3,15,-2,17,-1,18,-1,19,-2,19,-4,19,-5,19,-2,4,0,0,0,0,0,0,0,0,0,0,0,0,0,0,0,0,0,0,1,3,5,14,4,16,3,18,2,19,1,20,1,19,1,19,2,18,4,16,6,15,8,13,11,11,14,9,17,8,20,7,22,6,24,6,26,5,27,5,26,5,25,5,24,6,22,7,18,8,15,9,11,9]"
CSI_DATA,41883,d8:b1:90:db:e8:90,-41,11,1,7,0,0,1,0,1,0,1,-94,0,4,0,655876480,0,100,0,128,1,"[100,-64,5,0,-9,-4,-9,-8,-9,-12,-9,-15,-8,-18,-8,-20,-7,-22,-7,-23,-6,-23,-6,-22,-7,-20,-7,-18,-7,-16,-8,-13,-9,-11,-10,-8,-11,-5,-13,-3,-14,-2,-16,-1,-17,-1,-18,-1,-18,-2,-17,-3,-17,-4,-5,-1,0,0,0,0,0,0,0,0,0,0,0,0,0,0,0,0,0,0,-3,2,-12,8,-13,7,-15,6,-16,6,-17,6,-17,5,-17,5,-16,6,-14,7,-12,8,-11,10,-9,12,-7,14,-5,16,-4,18,-3,20,-2,22,-2,23,-1,23,-2,23,-2,23,-3,21,-4,19,-5,17,-6,13,-7,10]"
CSI_DATA,41884,d8:b1:90:db:e8:90,-41,11,1,7,0,0,1,0,1,0,1,-94,0,4,0,655888086,0,100,0,128,1,"[100,-64,5,0,-12,2,-14,-1,-17,-5,-18,-9,-19,-12,-20,-14,-21,-16,-21,-16,-20,-16,-20,-16,-19,-14,-17,-12,-16,-10,-15,-7,-14,-4,-14,-1,-13,3,-14,5,-14,8,-14,9,-15,10,-16,11,-17,11,-17,9,-18,8,-5,2,0,0,0,0,0,0,0,0,0,0,0,0,0,0,0,0,0,0,-2,3,-9,13,-11,13,-13,13,-14,13,-15,13,-15,13,-15,13,-13,12,-11,13,-9,13,-6,14,-3,15,0,17,3,18,6,20,7,21,9,22,10,23,10,24,10,24,9,24,8,23,6,21,4,19,1,17,-2,15]"
CSI_DATA,41885,d8:b1:90:db:e8:90,-41,11,1,7,0,0,1,0,1,0,1,-94,0,4,0,655919883,0,100,0,128,1,"[100,-64,5,0,3,8,0,11,-3,14,-6,16,-8,18,-10,19,-12,20,-13,20,-13,19,-12,18,-11,17,-10,16,-8,14,-5,12,-2,11,1,10,4,10,7,9,9,9,11,10,12,10,12,11,12,12,11,13,10,13,2,3,0,0,0,0,0,0,0,0,0,0,0,0,0,0,0,0,0,0,3,0,13,3,14,4,15,6,15,7,15,8,15,8,14,8,13,7,13,5,13,2,12,0,12,-4,13,-7,13,-10,14,-13,14,-15,15,-17,16,-18,16,-18,16,-18,17,-17,16,-16,15,-13,14,-11,13,-7,12,-5]"
CSI_DATA,41886,d8:b1:90:db:e8:90,-40,11,1,7,0,0,1,0,1,0,1,-94,0,4,0,655932323,0,100,0,128,1,"[100,-64,5,0,-2,-13,2,-15,6,-17,10,-18,13,-19,15,-20,17,-20,17,-20,17,-20,16,-19,15,-18,12,-17,10,-16,7,-14,3,-13,0,-13,-3,-13,-6,-13,-9,-13,-11,-13,-13,-14,-13,-15,-13,-16,-12,-17,-10,-17,-3,-5,0,0,0,0,0,0,0,0,0,0,0,0,0,0,0,0,0,0,-3,-3,-11,-13,-11,-15,-10,-17,-10,-18,-9,-18,-9,-18,-9,-18,-10,-16,-10,-14,-12,-12,-13,-9,-15,-6,-17,-3,-19,-1,-21,2,-23,3,-25,5,-26,6,-27,6,-27,6,-26,6,-25,4,-24,3,-21,1,-19,-2,-16,-4]"
CSI_DATA,41887,d8:b1:90:db:e8:90,-41,11,1,7,0,0,1,0,1,0,1,-94,0,4,0,655953437,0,100,0,128,1,"[100,-64,5,0,7,-10,12,-8,16,-7,19,-5,22,-3,24,-2,25,-1,26,0,25,0,24,0,22,-1,20,-1,17,-2,15,-4,12,-6,9,-8,6,-11,4,-13,3,-16,2,-17,2,-19,2,-19,3,-20,4,-19,6,-18,1,-5,0,0,0,0,0,0,0,0,0,0,0,0,0,0,0,0,0,0,0,-4,1,-16,2,-17,4,-18,6,-19,6,-19,7,-19,6,-18,5,-17,3,-17,0,-16,-3,-15,-6,-15,-10,-15,-13,-14,-16,-15,-18,-15,-21,-15,-22,-15,-23,-15,-23,-15,-22,-15,-21,-15,-18,-15,-15,-15,-11,-14,-8,-14]"
CSI_DATA,41888,d8:b1:90:db:e8:90,-41,11,1,7,0,0,1,0,1,0,1,-94,0,4,0,655965016,0,100,0,128,1,"[100,-64,5,0,-13,-6,-12,-11,-12,-16,-11,-20,-10,-24,-9,-27,-9,-28,-8,-29,-7,-28,-7,-26,-7,-24,-8,-22,-8,-19,-9,-15,-10,-12,-11,-9,-13,-5,-15,-2,-17,0,-19,1,-21,2,-21,2,-22,1,-22,-1,-22,-2,-6,-1,0,0,0,0,0,0,0,0,0,0,0,0,0,0,0,0,0,0,-5,1,-18,4,-19,2,-21,1,-22,0,-22,-1,-22,-1,-21,-1,-20,0,-19,2,-17,4,-15,7,-14,11,-12,14,-11,17,-10,21,-9,24,-9,26,-9,27,-9,28,-9,28,-9,27,-10,26,-10,23,-11,20,-12,15,-13,12]"
CSI_DATA,41889,d8:b1:90:db:e8:90,-41,11,1,7,0,0,1,0,1,0,1,-94,0,4,0,655975295,0,100,0,128,1,"[100,-64,5,0,13,0,15,6,16,11,17,15,18,19,18,22,18,24,18,25,17,25,16,24,15,22,15,19,14,16,14,12,14,8,14,4,15,0,16,-4,17,-7,18,-9,19,-10,20,-10,21,-10,22,-8,22,-7,5,-2,0,0,0,0,0,0,0,0,0,0,0,0,0,0,0,0,0,0,3,-4,14,-13,16,-13,19,-12,20,-11,21,-11,21,-10,20,-10,19,-11,17,-12,14,-13,11,-16,8,-18,4,-20,1,-23,-1,-26,-3,-28,-5,-30,-6,-32,-6,-33,-6,-32,-5,-32,-4,-30,-2,-28,0,-25,3,-21,6,-18]"
CSI_DATA,41890,d8:b1:90:db:e8:90,-41,11,1,7,0,0,1,0,1,0,1,-94,0,4,0,655986795,0,100,0,128,1,"[100,-64,5,0,13,3,13,10,13,15,14,19,13,24,12,26,12,27,12,29,11,28,11,27,11,26,10,22,11,18,11,15,11,11,13,7,15,3,16,-1,18,-4,20,-5,20,-5,22,-6,23,-5,23,-4,23,-2,6,-1,0,0,0,0,0,0,0,0,0,0,0,0,0,0,0,0,0,0,3,-3,17,-9,19,-7,21,-6,22,-6,23,-5,23,-4,22,-5,21,-6,19,-7,16,-9,14,-12,12,-15,9,-19,8,-22,5,-25,4,-28,4,-31,2,-32,1,-33,2,-34,3,-32,3,-30,5,-28,6,-23,7,-20,10,-17]"
CSI_DATA,41891,d8:b1:90:db:e8:90,-41,11,1,7,0,0,1,0,1,0,1,-94,0,4,0,656024220,0,100,0,128,1,"[100,-64,5,0,-9,-1,-10,-4,-12,-8,-13,-12,-14,-14,-14,-17,-14,-18,-13,-19,-13,-19,-13,-19,-12,-18,-12,-16,-11,-14,-11,-11,-12,-9,-12,-6,-13,-4,-14,-2,-15,0,-16,1,-17,1,-17,1,-18,0,-18,-1,-17,-2,-5,-1,0,0,0,0,0,0,0,0,0,0,0,0,0,0,0,0,0,0,-1,3,-3,12,-5,13,-6,14,-7,14,-8,15,-9,15,-8,15,-7,14,-6,14,-4,14,-2,15,0,15,2,16,5,16,7,17,8,18,10,19,10,20,11,20,10,20,10,20,8,19,7,18,4,16,1,13,-1,11]"
CSI_DATA,41892,d8:b1:90:db:e8:90,-41,11,1,7,0,0,1,0,1,0,1,-94,0,4,0,656034947,0,100,0,128,1,"[100,-64,5,0,-9,3,-12,0,-15,-3,-17,-5,-18,-8,-19,-10,-20,-11,-20,-12,-20,-13,-19,-12,-18,-11,-17,-10,-15,-8,-14,-5,-12,-3,-12,0,-11,3,-11,6,-12,7,-12,9,-13,10,-13,10,-14,10,-15,9,-15,8,-4,2,0,0,0,0,0,0,0,0,0,0,0,0,0,0,0,0,0,0,-1,3,-2,13,-3,14,-4,15,-5,15,-6,15,-7,15,-6,15,-5,15,-4,14,-2,14,0,13,3,13,6,13,9,13,11,14,13,14,15,15,16,15,17,16,16,16,16,16,14,15,12,15,9,14,6,12,3,11]"
CSI_DATA,41893,d8:b1:90:db:e8:90,-41,11,1,7,0,0,1,0,1,0,1,-94,0,4,0,656046032,0,100,0,128,1,"[100,-64,5,0,-13,9,-18,6,-23,3,-28,-1,-31,-4,-33,-6,-34,-8,-35,-9,-34,-10,-33,-10,-31,-9,-29,-7,-26,-4,-23,-1,-20,2,-17,6,-15,11,-13,15,-12,18,-12,20,-12,22,-12,22,-13,23,-15,22,-16,21,-5,5,0,0,0,0,0,0,0,0,0,0,0,0,0,0,0,0,0,0,-1,5,-5,20,-7,21,-10,22,-12,23,-13,23,-13,23,-12,23,-10,22,-7,21,-4,21,-1,21,4,21,8,22,13,22,17,23,19,23,22,24,24,25,25,25,26,25,25,25,22,25,19,24,15,23,10,21,5,20]"
CSI_DATA,41894,d8:b1:90:db:e8:90,-41,11,1,7,0,0,1,0,1,0,1,-94,0,4,0,656058769,0,100,0,128,1,"[100,-64,5,0,5,13,1,16,-3,19,-6,22,-9,24,-11,25,-13,26,-14,26,-14,25,-13,24,-12,23,-11,21,-8,19,-5,16,-1,14,3,13,6,12,10,11,12,10,15,10,17,10,18,11,17,12,16,13,15,14,3,3,0,0,0,0,0,0,0,0,0,0,0,0,0,0,0,0,0,0,3,2,14,10,14,12,14,14,14,15,14,16,14,16,14,15,13,14,14,11,14,9,15,5,17,1,19,-2,20,-5,22,-9,23,-12,24,-14,25,-15,26,-15,26,-15,26,-14,25,-13,23,-11,22,-8,19,-4,17,-1]"
CSI_DATA,41895,d8:b1:90:db:e8:90,-40,11,1,7,0,0,1,0,1,0,1,-94,0,4,0,656070016,0,100,0,128,1,"[100,-64,5,0,-5,10,-11,10,-16,10,-20,9,-24,9,-27,8,-29,7,-30,6,-29,5,-28,5,-27,5,-24,5,-21,6,-18,7,-14,8,-10,10,-7,12,-5,15,-3,17,-2,19,-1,20,-2,21,-3,22,-4,22,-6,21,-2,5,0,0,0,0,0,0,0,0,0,0,0,0,0,0,0,0,0,0,2,3,9,14,8,16,7,18,7,20,6,21,6,21,6,20,7,19,8,17,10,15,12,12,14,10,18,7,21,6,23,4,26,3,28,2,29,1,30,1,30,1,29,1,28,2,25,3,21,5,17,6,14,8]"
CSI_DATA,41896,d8:b1:90:db:e8:90,-41,11,1,7,0,0,1,0,1,0,1,-94,0,4,0,656083769,0,100,0,128,1,"[100,-64,5,0,-3,11,-7,11,-11,12,-15,12,-18,12,-20,12,-22,12,-22,11,-22,10,-22,9,-20,9,-18,9,-15,9,-12,9,-9,10,-6,11,-3,12,-1,13,1,14,3,15,4,16,3,17,3,17,1,18,0,17,0,4,0,0,0,0,0,0,0,0,0,0,0,0,0,0,0,0,0,0,2,2,8,11,7,13,6,15,6,16,5,17,5,17,5,17,6,15,7,14,8,12,10,10,12,8,15,6,17,4,20,3,21,2,23,1,24,1,25,0,25,0,24,1,23,1,21,3,18,4,14,6,12,7]"
CSI_DATA,41897,d8:b1:90:db:e8:90,-41,11,1,7,0,0,1,0,1,0,1,-94,0,4,0,656096446,0,100,0,128,1,"[100,-64,5,0,-2,-10,2,-12,6,-14,9,-15,12,-16,14,-17,15,-17,16,-16,16,-16,16,-15,15,-15,13,-14,11,-13,8,-12,5,-12,2,-12,-1,-12,-3,-13,-5,-14,-7,-15,-8,-15,-8,-16,-7,-16,-6,-17,-5,-17,-1,-5,0,0,0,0,0,0,0,0,0,0,0,0,0,0,0,0,0,0,-3,-2,-12,-7,-13,-8,-13,-10,-13,-11,-13,-12,-13,-12,-13,-12,-13,-11,-13,-9,-13,-7,-14,-5,-15,-2,-16,0,-18,3,-19,5,-20,6,-21,7,-22,8,-22,9,-22,9,-22,8,-21,7,-19,5,-18,3,-15,1,-13,-2]"
CSI_DATA,41898,d8:b1:90:db:e8:90,-41,11,1,7,0,0,1,0,1,0,1,-94,0,4,0,656123673,0,100,0,128,1,"[100,-64,5,0,-12,-1,-14,-5,-15,-9,-15,-13,-16,-16,-16,-18,-16,-20,-16,-20,-15,-21,-15,-20,-14,-18,-14,-16,-13,-13,-13,-10,-12,-7,-12,-4,-13,-1,-14,2,-14,4,-15,6,-16,7,-17,7,-18,6,-18,5,-18,4,-5,1,0,0,0,0,0,0,0,0,0,0,0,0,0,0,0,0,0,0,-3,2,-11,9,-13,9,-15,8,-16,8,-17,8,-17,8,-17,8,-15,8,-14,9,-12,10,-9,12,-7,14,-5,16,-2,18,0,20,1,22,2,24,2,24,3,25,3,25,2,25,1,23,0,21,-2,19,-4,16,-6,13]"
CSI_DATA,41899,d8:b1:90:db:e8:90,-41,11,1,7,0,0,1,0,1,0,1,-94,0,4,0,656136588,0,100,0,128,1,"[100,-64,5,0,1,-10,5,-11,9,-12,13,-12,16,-12,18,-12,20,-12,20,-12,20,-11,19,-11,18,-10,16,-10,13,-10,10,-9,7,-9,3,-10,0,-11,-2,-12,-5,-13,-6,-14,-7,-15,-8,-16,-7,-17,-6,-17,-4,-18,-1,-5,0,0,0,0,0,0,0,0,0,0,0,0,0,0,0,0,0,0,-2,-3,-7,-13,-7,-14,-6,-16,-5,-17,-5,-17,-4,-17,-5,-16,-5,-15,-6,-14,-7,-11,-9,-9,-11,-7,-14,-5,-16,-3,-19,-2,-21,-1,-23,1,-24,1,-24,1,-24,1,-24,1,-23,0,-21,-1,-18,-2,-15,-4,-13,-6]"
CSI_DATA,41900,d8:b1:90:db:e8:90,-41,11,1,7,0,0,1,0,1,0,1,-94,0,4,0,656148535,0,100,0,128,1,"[100,-64,5,0,-9,1,-12,-2,-14,-6,-15,-8,-17,-11,-18,-13,-18,-14,-18,-16,-18,-16,-17,-16,-16,-15,-15,-13,-14,-10,-13,-8,-12,-5,-12,-2,-11,2,-12,4,-12,6,-13,8,-14,9,-14,9,-15,9,-16,8,-16,7,-4,1,0,0,0,0,0,0,0,0,0,0,0,0,0,0,0,0,0,0,-2,2,-6,11,-8,12,-10,12,-11,13,-11,12,-11,12,-11,12,-10,12,-8,12,-6,12,-4,13,-1,13,2,14,4,15,7,17,8,18,10,19,11,19,12,20,12,20,11,19,10,19,8,18,5,16,3,14,0,12]"
CSI_DATA,41901,d8:b1:90:db:e8:90,-41,11,1,7,0,0,1,0,1,0,1,-94,0,4,0,656161052,0,100,0,128,1,"[100,-64,5,0,-5,-12,-1,-16,3,-19,7,-22,10,-24,12,-25,14,-26,15,-25,16,-25,15,-25,14,-23,12,-21,9,-20,6,-18,2,-16,-1,-15,-5,-14,-8,-14,-11,-14,-14,-14,-15,-15,-16,-15,-16,-16,-14,-17,-13,-18,-3,-5,0,0,0,0,0,0,0,0,0,0,0,0,0,0,0,0,0,0,-4,-2,-16,-7,-17,-10,-18,-12,-18,-13,-18,-14,-18,-14,-17,-13,-17,-12,-17,-10,-17,-7,-18,-4,-19,0,-20,4,-21,7,-22,10,-23,13,-24,15,-25,16,-26,16,-26,16,-26,15,-25,14,-23,11,-21,8,-19,4,-17,1]"
CSI_DATA,41902,d8:b1:90:db:e8:90,-40,11,1,7,0,0,1,0,1,0,1,-94,0,4,0,656180464,0,100,0,128,1,"[100,-64,5,0,-11,0,-13,-5,-15,-9,-16,-13,-16,-16,-16,-19,-16,-21,-16,-22,-16,-22,-15,-21,-14,-20,-14,-18,-13,-15,-12,-12,-13,-9,-13,-6,-14,-2,-15,0,-16,2,-17,4,-18,4,-18,4,-19,4,-19,3,-19,1,-5,0,0,0,0,0,0,0,0,0,0,0,0,0,0,0,0,0,0,0,-2,3,-8,13,-10,13,-12,13,-14,13,-14,13,-15,13,-14,13,-13,13,-11,13,-9,14,-6,14,-4,16,-1,17,2,19,4,21,6,22,7,23,7,24,8,25,8,25,7,24,6,23,4,21,2,19,-1,16,-3,14]"
CSI_DATA,41903,d8:b1:90:db:e8:90,-41,11,1,7,0,0,1,0,1,0,1,-94,0,4,0,656197128,0,100,0,128,1,"[100,-64,5,0,-9,4,-12,2,-15,-1,-18,-4,-19,-6,-21,-7,-21,-9,-22,-10,-22,-10,-21,-10,-20,-9,-18,-8,-17,-6,-15,-4,-13,-1,-12,1,-11,4,-11,7,-10,9,-11,10,-11,11,-11,12,-12,12,-13,11,-14,10,-4,2,0,0,0,0,0,0,0,0,0,0,0,0,0,0,0,0,0,0,-1,3,-2,12,-4,13,-5,14,-7,15,-7,15,-7,15,-7,15,-6,15,-4,14,-2,14,0,14,3,14,6,14,9,14,11,15,13,15,14,16,15,16,16,16,16,16,15,16,13,16,11,15,9,14,6,13,3,12]"
CSI_DATA,41904,d8:b1:90:db:e8:90,-41,11,1,7,0,0,1,0,1,0,1,-94,0,4,0,656226048,0,100,0,128,1,"[100,-64,5,0,-14,-4,-14,-9,-15,-14,-15,-19,-15,-22,-14,-25,-14,-27,-14,-29,-13,-29,-13,-27,-12,-26,-12,-23,-12,-20,-12,-16,-12,-12,-13,-8,-15,-4,-16,-1,-18,2,-20,3,-21,4,-22,4,-23,4,-23,2,-23,1,-6,0,0,0,0,0,0,0,0,0,0,0,0,0,0,0,0,0,0,0,-4,2,-16,10,-18,9,-20,8,-21,7,-22,7,-22,6,-21,7,-20,8,-18,9,-15,11,-12,13,-10,16,-7,19,-5,22,-4,24,-2,27,-1,29,-1,31,0,31,0,31,-1,30,-2,28,-3,26,-5,23,-7,18,-9,15]"
CSI_DATA,41905,d8:b1:90:db:e8:90,-41,11,1,7,0,0,1,0,1,0,1,-94,0,4,0,656236793,0,100,0,128,1,"[100,-64,5,0,-10,-9,-7,-14,-5,-19,-3,-22,-1,-25,1,-27,2,-29,3,-29,3,-29,3,-28,3,-26,2,-24,0,-21,-2,-18,-4,-15,-7,-13,-10,-10,-13,-9,-15,-7,-17,-7,-19,-7,-20,-7,-21,-8,-20,-9,-19,-10,-5,-3,0,0,0,0,0,0,0,0,0,0,0,0,0,0,0,0,0,0,-5,-1,-17,-1,-18,-3,-19,-5,-20,-7,-21,-7,-21,-8,-20,-7,-19,-5,-18,-3,-17,0,-17,3,-16,6,-16,10,-16,13,-16,17,-17,19,-17,22,-17,23,-17,23,-17,24,-17,23,-17,21,-16,18,-16,15,-16,11,-15,7]"
CSI_DATA,41906,d8:b1:90:db:e8:90,-41,11,1,7,0,0,1,0,1,0,1,-94,0,4,0,656247739,0,100,0,128,1,"[100,-64,5,0,-7,11,-12,10,-17,9,-21,8,-24,7,-27,6,-28,5,-29,4,-29,4,-28,4,-26,4,-23,4,-20,5,-17,6,-14,8,-11,10,-8,12,-6,14,-4,16,-3,17,-1,19,-1,20,-2,21,-4,20,-5,20,-2,4,0,0,0,0,0,0,0,0,0,0,0,0,0,0,0,0,0,0,0,3,3,16,1,17,-1,19,-2,20,-2,21,-2,21,-2,20,-1,19,1,18,4,17,7,15,10,14,14,13,17,12,20,11,22,11,24,11,26,11,27,11,27,11,26,11,24,12,21,12,18,12,14,12,11,12]"
CSI_DATA,41907,d8:b1:90:db:e8:90,-41,11,1,7,0,0,1,0,1,0,1,-94,0,4,0,656263816,0,100,0,128,1,"[100,-64,5,0,-2,-11,2,-14,6,-17,10,-19,13,-20,16,-21,18,-21,18,-21,19,-20,18,-20,17,-19,15,-18,12,-16,9,-15,5,-15,2,-14,-2,-14,-5,-15,-7,-15,-10,-16,-11,-17,-11,-18,-10,-19,-9,-20,-7,-20,-2,-5,0,0,0,0,0,0,0,0,0,0,0,0,0,0,0,0,0,0,-4,-2,-17,-6,-17,-8,-18,-10,-18,-12,-18,-13,-18,-13,-17,-12,-17,-11,-17,-9,-17,-6,-17,-3,-18,1,-19,5,-20,8,-21,11,-22,13,-24,15,-24,16,-25,16,-25,16,-25,15,-24,13,-22,11,-20,8,-18,4,-15,1]"
CSI_DATA,41908,d8:b1:90:db:e8:90,-40,11,1,7,0,0,1,0,1,0,1,-94,0,4,0,656275505,0,100,0,128,1,"[100,-64,5,0,-3,11,-8,11,-13,12,-17,12,-20,12,-23,12,-25,11,-26,11,-26,10,-25,10,-24,9,-22,9,-19,9,-16,10,-13,10,-10,11,-7,13,-5,14,-3,16,-2,17,-1,18,-1,19,-1,19,-3,19,-4,19,-2,4,0,0,0,0,0,0,0,0,0,0,0,0,0,0,0,0,0,0,2,2,11,10,12,12,11,14,11,16,11,17,11,17,11,17,11,15,12,14,13,11,14,9,16,7,19,4,21,2,23,0,25,-1,27,-2,28,-3,28,-3,28,-2,27,-2,25,0,23,1,20,2,17,4,13,6]"
CSI_DATA,41909,d8:b1:90:db:e8:90,-40,11,1,7,0,0,1,0,1,0,1,-94,0,4,0,656287035,0,100,0,128,1,"[100,-64,5,0,-8,-10,-6,-14,-4,-18,-2,-23,1,-26,3,-27,4,-28,4,-29,5,-30,6,-29,6,-27,4,-25,1,-23,-1,-21,-3,-19,-5,-16,-8,-14,-12,-13,-14,-13,-15,-12,-16,-12,-17,-13,-18,-14,-17,-15,-15,-16,-4,-4,0,0,0,0,0,0,0,0,0,0,0,0,0,0,0,0,0,0,-5,0,-18,3,-19,2,-21,0,-22,-1,-23,-2,-23,-2,-22,-2,-21,0,-20,2,-20,4,-19,6,-18,9,-17,13,-17,17,-17,20,-17,22,-16,24,-16,25,-17,26,-17,26,-17,24,-17,22,-16,19,-16,16,-15,12,-15,8]"
CSI_DATA,41910,d8:b1:90:db:e8:90,-41,11,1,7,0,0,1,0,1,0,1,-94,0,4,0,656298944,0,100,0,128,1,"[100,-64,5,0,11,-2,14,3,16,7,18,11,19,15,19,17,20,19,20,21,20,21,19,20,18,19,17,17,16,14,16,11,15,8,15,4,15,1,16,-2,17,-5,18,-6,19,-7,19,-7,20,-7,20,-6,20,-4,5,-1,0,0,0,0,0,0,0,0,0,0,0,0,0,0,0,0,0,0,1,-4,6,-16,8,-17,10,-18,11,-18,12,-18,13,-18,12,-18,11,-18,9,-18,6,-18,3,-19,0,-20,-4,-22,-6,-23,-9,-25,-11,-26,-12,-27,-14,-28,-14,-29,-14,-28,-12,-28,-11,-27,-9,-25,-6,-22,-2,-19,1,-16]"
CSI_DATA,41911,d8:b1:90:db:e8:90,-40,11,1,7,0,0,1,0,1,0,1,-94,0,4,0,656329749,0,100,0,128,1,"[100,-64,5,0,10,-5,13,-1,16,3,18,6,20,9,21,11,22,12,22,13,21,14,21,14,19,13,18,11,17,9,16,6,15,3,14,0,13,-3,13,-6,13,-9,13,-10,14,-11,14,-11,15,-11,16,-10,17,-9,4,-2,0,0,0,0,0,0,0,0,0,0,0,0,0,0,0,0,0,0,0,-4,3,-16,5,-17,7,-18,8,-18,9,-18,9,-18,8,-18,7,-18,5,-17,3,-17,0,-17,-3,-18,-6,-18,-9,-19,-12,-20,-14,-21,-16,-22,-17,-22,-17,-23,-17,-23,-16,-23,-14,-22,-12,-21,-9,-19,-5,-17,-2,-15]"
CSI_DATA,41912,d8:b1:90:db:e8:90,-41,11,1,7,0,0,1,0,1,0,1,-94,0,4,0,656341983,0,100,0,128,1,"[100,-64,5,0,6,-7,11,-6,15,-3,18,-2,21,0,23,2,24,3,24,4,24,4,23,4,22,3,20,2,18,1,16,-1,13,-3,12,-5,10,-8,9,-11,8,-13,8,-15,8,-16,8,-16,9,-17,10,-16,11,-15,2,-4,0,0,0,0,0,0,0,0,0,0,0,0,0,0,0,0,0,0,-1,-4,-3,-15,-2,-17,-1,-18,1,-19,1,-20,1,-20,1,-19,0,-18,-2,-16,-4,-15,-7,-14,-10,-13,-13,-13,-16,-12,-19,-12,-21,-12,-23,-12,-24,-12,-25,-12,-25,-13,-23,-13,-21,-13,-19,-13,-15,-13,-11,-12,-8,-13]"
CSI_DATA,41913,d8:b1:90:db:e8:90,-40,11,1,7,0,0,1,0,1,0,1,-94,0,4,0,656359377,0,100,0,128,1,"[100,-64,5,0,-7,-12,-3,-16,0,-20,4,-24,7,-27,10,-29,11,-30,12,-30,13,-30,12,-29,11,-27,10,-25,7,-23,4,-21,1,-19,-3,-17,-7,-16,-10,-15,-13,-15,-15,-15,-17,-16,-18,-16,-17,-17,-16,-18,-14,-19,-4,-5,0,0,0,0,0,0,0,0,0,0,0,0,0,0,0,0,0,0,-5,0,-20,-1,-22,-3,-23,-5,-24,-7,-24,-7,-24,-8,-24,-7,-23,-6,-22,-4,-20,-1,-20,3,-19,7,-19,11,-20,15,-20,19,-21,22,-21,24,-22,26,-23,26,-23,26,-23,25,-22,22,-22,19,-21,15,-19,10,-17,6]"
CSI_DATA,41914,d8:b1:90:db:e8:90,-41,11,1,7,0,0,1,0,1,0,1,-94,0,4,0,656370433,0,100,0,128,1,"[100,-64,5,0,3,13,-2,16,-6,18,-9,20,-12,21,-15,22,-16,23,-17,23,-17,22,-17,22,-15,21,-14,20,-11,18,-8,17,-5,15,-1,15,2,14,5,13,8,14,10,14,12,15,12,15,12,16,11,17,10,18,2,4,0,0,0,0,0,0,0,0,0,0,0,0,0,0,0,0,0,0,3,2,15,9,15,11,14,13,15,15,15,15,15,16,14,15,14,13,15,11,15,8,16,5,17,1,19,-2,21,-5,23,-8,24,-10,26,-12,27,-13,28,-13,28,-13,28,-12,27,-10,25,-8,22,-5,19,-2,17,1]"
CSI_DATA,41915,d8:b1:90:db:e8:90,-40,11,1,7,0,0,1,0,1,0,1,-94,0,4,0,656386701,0,100,0,128,1,"[100,-64,5,0,9,1,10,5,11,9,11,13,11,16,11,18,11,19,11,20,11,20,10,20,9,19,9,17,9,15,10,12,10,9,11,7,12,4,13,2,14,0,15,-1,16,-1,17,-1,17,0,17,1,16,2,4,0,0,0,0,0,0,0,0,0,0,0,0,0,0,0,0,0,0,0,1,-3,8,-12,9,-12,11,-12,12,-12,13,-12,13,-12,13,-12,12,-12,10,-13,8,-13,6,-14,4,-16,2,-17,0,-19,-2,-21,-4,-23,-5,-24,-5,-25,-6,-26,-5,-25,-4,-25,-3,-24,-2,-22,0,-19,3,-16,5,-13]"
CSI_DATA,41916,d8:b1:90:db:e8:90,-40,11,1,7,0,0,1,0,1,0,1,-94,0,4,0,656407064,0,100,0,128,1,"[100,-64,5,0,-9,7,-13,5,-17,3,-20,1,-22,0,-24,-2,-25,-3,-26,-4,-26,-5,-25,-5,-24,-4,-23,-3,-21,-1,-19,1,-17,3,-15,5,-14,7,-12,10,-12,11,-11,13,-11,14,-12,14,-12,14,-13,13,-14,12,-4,3,0,0,0,0,0,0,0,0,0,0,0,0,0,0,0,0,0,0,1,3,4,14,3,16,2,18,1,19,0,19,0,19,0,19,1,18,2,17,4,16,7,15,10,14,13,14,16,13,18,13,20,13,22,13,24,13,24,13,24,13,23,14,21,14,18,14,14,14,10,13,7,12]"
CSI_DATA,41917,d8:b1:90:db:e8:90,-40,11,1,7,0,0,1,0,1,0,1,-94,0,4,0,656433671,0,100,0,128,1,"[100,-64,5,0,3,8,0,11,-3,14,-6,16,-8,18,-10,19,-11,20,-12,20,-12,19,-12,19,-11,18,-10,17,-7,15,-5,13,-2,12,0,11,3,11,6,10,8,10,10,10,11,11,12,12,12,13,11,13,10,14,2,3,0,0,0,0,0,0,0,0,0,0,0,0,0,0,0,0,0,0,3,0,13,3,14,4,15,6,15,7,15,8,15,8,15,7,14,6,14,4,13,2,13,-1,13,-4,13,-7,14,-10,15,-13,15,-15,16,-17,17,-18,17,-19,17,-18,17,-17,17,-16,16,-14,15,-11,13,-7,12,-4]"
CSI_DATA,41918,d8:b1:90:db:e8:90,-41,11,1,7,0,0,1,0,1,0,1,-94,0,4,0,656443917,0,100,0,128,1,"[100,-64,5,0,-9,6,-13,4,-16,1,-19,-1,-22,-3,-24,-4,-25,-6,-25,-7,-25,-7,-24,-7,-23,-6,-22,-5,-20,-3,-18,-1,-16,1,-13,4,-12,7,-11,9,-11,11,-11,13,-11,14,-11,15,-12,15,-13,14,-13,13,-4,3,0,0,0,0,0,0,0,0,0,0,0,0,0,0,0,0,0,0,0,3,1,14,-1,16,-3,17,-4,18,-4,19,-5,18,-4,18,-3,18,-1,17,1,15,4,14,7,14,10,14,13,14,16,14,18,14,20,14,21,14,22,15,22,15,21,15,19,15,17,15,14,14,9,13,6,13]"
CSI_DATA,41919,d8:b1:90:db:e8:90,-41,11,1,7,0,0,1,0,1,0,1,-94,0,4,0,656467722,0,100,0,128,1,"[100,-64,5,0,8,-6,12,-3,14,0,17,2,19,4,20,5,21,6,21,7,21,7,20,7,19,6,17,5,16,3,14,1,12,-1,11,-4,10,-7,9,-9,8,-11,8,-13,8,-14,9,-14,10,-15,11,-14,11,-13,2,-4,0,0,0,0,0,0,0,0,0,0,0,0,0,0,0,0,0,0,0,-4,2,-14,4,-15,6,-15,7,-16,8,-16,8,-16,7,-15,6,-15,4,-14,2,-14,-1,-14,-4,-14,-7,-14,-10,-15,-12,-15,-15,-16,-16,-17,-18,-17,-18,-17,-18,-17,-17,-18,-15,-17,-13,-17,-10,-16,-7,-14,-4,-13]"
CSI_DATA,41920,d8:b1:90:db:e8:90,-41,11,1,7,0,0,1,0,1,0,1,-94,0,4,0,656482493,0,100,0,128,1,"[100,-64,5,0,11,-6,15,-3,18,1,20,3,22,6,24,8,24,10,25,11,24,11,24,11,22,9,20,8,18,6,17,3,15,0,14,-4,13,-7,12,-10,12,-12,11,-14,12,-15,12,-16,13,-16,14,-15,15,-14,3,-4,0,0,0,0,0,0,0,0,0,0,0,0,0,0,0,0,0,0,1,-4,5,-16,7,-17,9,-18,10,-18,11,-18,11,-18,11,-17,10,-17,8,-17,5,-17,1,-17,-2,-18,-6,-18,-9,-20,-12,-21,-14,-22,-16,-23,-18,-23,-18,-24,-18,-24,-17,-24,-15,-24,-13,-23,-9,-21,-5,-19,-2,-17]"
CSI_DATA,41921,d8:b1:90:db:e8:90,-40,11,1,7,0,0,1,0,1,0,1,-94,0,4,0,656494664,0,100,0,128,1,"[100,-64,5,0,-2,10,-6,11,-9,12,-13,13,-15,13,-18,13,-19,13,-20,13,-20,12,-19,11,-18,11,-16,11,-13,10,-10,10,-7,10,-4,11,-1,11,1,12,3,13,5,14,6,15,6,15,5,16,4,16,3,16,0,4,0,0,0,0,0,0,0,0,0,0,0,0,0,0,0,0,0,0,2,2,8,10,8,12,8,13,7,15,7,15,7,15,7,15,7,14,8,12,9,10,10,8,12,5,14,3,16,1,18,-1,20,-2,22,-3,23,-4,24,-5,24,-4,23,-4,22,-3,21,-1,18,1,15,3,12,4]"
CSI_DATA,41922,d8:b1:90:db:e8:90,-41,11,1,7,0,0,1,0,1,0,1,-94,0,4,0,656506822,0,100,0,128,1,"[100,-64,5,0,-8,-7,-6,-11,-5,-16,-3,-19,-2,-22,0,-24,1,-25,1,-26,2,-26,2,-25,1,-23,1,-21,-1,-19,-2,-16,-4,-14,-7,-11,-9,-9,-12,-8,-14,-7,-16,-6,-18,-7,-18,-7,-18,-8,-18,-9,-17,-10,-4,-3,0,0,0,0,0,0,0,0,0,0,0,0,0,0,0,0,0,0,-4,1,-15,4,-17,3,-18,2,-19,1,-20,0,-20,0,-20,1,-19,1,-17,3,-15,4,-13,7,-12,10,-11,13,-10,16,-9,19,-9,21,-8,23,-8,24,-8,25,-8,25,-9,24,-9,23,-10,20,-10,17,-10,13,-11,10]"
CSI_DATA,41923,d8:b1:90:db:e8:90,-41,11,1,7,0,0,1,0,1,0,1,-94,0,4,0,656535315,0,100,0,128,1,"[100,-64,5,0,-6,9,-11,9,-14,8,-18,8,-21,7,-23,6,-25,5,-25,4,-25,4,-24,4,-22,4,-20,5,-17,5,-14,6,-11,7,-8,9,-6,10,-4,12,-2,14,-1,16,0,17,0,18,-1,18,-2,18,-3,18,-1,4,0,0,0,0,0,0,0,0,0,0,0,0,0,0,0,0,0,0,0,3,2,14,1,16,0,17,-1,18,-2,19,-2,18,-2,18,-1,17,1,16,3,14,5,13,9,12,12,10,15,9,18,9,20,8,23,7,24,7,25,8,25,8,24,8,22,8,20,9,17,9,13,10,10,10]"
CSI_DATA,41924,d8:b1:90:db:e8:90,-41,11,1,7,0,0,1,0,1,0,1,-94,0,4,0,656550503,0,100,0,128,1,"[100,-64,5,0,-8,-9,-6,-13,-3,-17,-1,-20,0,-22,2,-24,3,-25,4,-25,5,-25,4,-24,3,-23,2,-21,1,-18,-1,-16,-3,-13,-6,-11,-8,-9,-11,-8,-13,-7,-15,-7,-17,-7,-18,-7,-18,-8,-17,-9,-16,-10,-4,-3,0,0,0,0,0,0,0,0,0,0,0,0,0,0,0,0,0,0,-4,-1,-15,-2,-16,-4,-17,-6,-18,-7,-18,-8,-18,-8,-17,-7,-17,-6,-17,-4,-16,-2,-15,1,-15,4,-15,7,-15,10,-16,13,-16,16,-16,18,-17,19,-17,20,-17,20,-17,19,-17,18,-16,15,-16,12,-15,8,-14,5]"
CSI_DATA,41925,d8:b1:90:db:e8:90,-41,11,1,7,0,0,1,0,1,0,1,-94,0,4,0,656561410,0,100,0,128,1,"[100,-64,5,0,7,7,5,11,3,15,1,19,-1,21,-2,23,-3,24,-4,24,-5,24,-5,23,-5,22,-4,21,-2,18,0,16,2,14,5,12,7,10,10,9,12,8,13,8,15,8,15,9,16,9,15,10,14,11,3,2,0,0,0,0,0,0,0,0,0,0,0,0,0,0,0,0,0,0,3,-1,14,-3,16,-2,17,-1,18,0,19,0,19,0,19,0,18,-1,17,-2,15,-4,14,-7,13,-10,13,-13,12,-15,12,-18,12,-20,11,-22,12,-23,12,-24,12,-24,12,-23,12,-21,12,-19,12,-16,12,-12,12,-8]"
CSI_DATA,41926,d8:b1:90:db:e8:90,-41,11,1,7,0,0,1,0,1,0,1,-94,0,4,0,656573960,0,100,0,128,1,"[100,-64,5,0,-14,-1,-16,-6,-17,-11,-18,-15,-18,-18,-18,-21,-18,-23,-18,-24,-17,-24,-17,-23,-16,-21,-15,-19,-15,-16,-14,-12,-14,-9,-14,-5,-15,-1,-15,2,-16,5,-17,6,-19,7,-20,7,-20,7,-21,5,-21,4,-6,1,0,0,0,0,0,0,0,0,0,0,0,0,0,0,0,0,0,0,-4,2,-14,11,-16,11,-18,10,-19,10,-20,9,-20,9,-19,9,-18,10,-16,11,-13,12,-11,13,-8,16,-5,19,-3,21,-1,23,1,25,2,27,3,29,3,29,3,29,3,29,1,27,-1,25,-3,22,-5,19,-7,15]"
CSI_DATA,41927,d8:b1:90:db:e8:90,-41,11,1,7,0,0,1,0,1,0,1,-94,0,4,0,656586356,0,100,0,128,1,"[100,-64,5,0,-5,-13,-1,-16,3,-19,6,-22,9,-24,12,-25,13,-25,14,-25,14,-25,13,-25,11,-23,10,-21,8,-19,5,-17,2,-15,-2,-14,-5,-13,-9,-13,-12,-12,-14,-13,-16,-13,-16,-13,-16,-14,-16,-15,-14,-16,-4,-4,0,0,0,0,0,0,0,0,0,0,0,0,0,0,0,0,0,0,-4,-3,-15,-10,-15,-12,-15,-15,-15,-16,-15,-17,-14,-17,-14,-16,-14,-15,-15,-12,-16,-9,-17,-6,-18,-2,-20,1,-21,4,-23,7,-24,9,-25,11,-27,12,-27,13,-28,12,-27,12,-27,10,-25,8,-23,5,-20,2,-18,-1]"
CSI_DATA,41928,d8:b1:90:db:e8:90,-40,11,1,7,0,0,1,0,1,0,1,-94,0,4,0,656598233,0,100,0,128,1,"[100,-64,5,0,3,-13,9,-14,14,-15,19,-15,23,-14,26,-14,28,-14,29,-13,29,-12,29,-12,27,-12,25,-12,22,-12,18,-12,14,-13,11,-15,8,-17,5,-19,3,-20,1,-22,0,-23,0,-24,2,-24,3,-24,5,-23,1,-6,0,0,0,0,0,0,0,0,0,0,0,0,0,0,0,0,0,0,-4,-3,-15,-13,-15,-15,-15,-18,-14,-20,-14,-21,-14,-21,-14,-20,-14,-19,-15,-17,-16,-15,-18,-12,-21,-9,-23,-6,-26,-4,-29,-2,-31,0,-33,1,-34,2,-35,2,-35,2,-34,1,-32,0,-29,-2,-25,-4,-21,-6,-17,-8]"
CSI_DATA,41929,d8:b1:90:db:e8:90,-41,11,1,7,0,0,1,0,1,0,1,-94,0,4,0,656636081,0,100,0,128,1,"[100,-64,5,0,-9,-3,-9,-7,-9,-11,-8,-15,-8,-18,-7,-20,-7,-21,-6,-22,-6,-22,-6,-21,-6,-20,-6,-18,-6,-16,-7,-13,-8,-11,-9,-8,-10,-5,-12,-4,-13,-2,-15,-2,-16,-2,-17,-2,-17,-2,-17,-3,-16,-4,-4,-2,0,0,0,0,0,0,0,0,0,0,0,0,0,0,0,0,0,0,-3,2,-10,8,-12,8,-14,8,-15,7,-15,7,-16,7,-15,7,-14,7,-12,8,-11,9,-8,10,-6,12,-4,14,-2,16,-1,18,0,20,1,21,2,22,2,23,1,23,1,22,0,21,-2,19,-3,17,-4,13,-5,10]"
CSI_DATA,41930,d8:b1:90:db:e8:90,-41,11,1,7,0,0,1,0,1,0,1,-94,0,4,0,656646559,0,100,0,128,1,"[100,-64,5,0,-8,-5,-8,-10,-7,-15,-6,-19,-5,-22,-3,-24,-2,-25,-2,-26,-1,-26,-1,-25,-1,-24,-2,-22,-3,-19,-4,-17,-6,-14,-8,-12,-11,-9,-13,-8,-15,-7,-16,-6,-18,-6,-18,-7,-18,-8,-18,-9,-17,-10,-4,-3,0,0,0,0,0,0,0,0,0,0,0,0,0,0,0,0,0,0,-4,2,-13,8,-15,7,-17,7,-18,6,-19,5,-19,5,-19,5,-17,5,-16,7,-14,8,-12,10,-11,13,-9,15,-7,18,-6,21,-6,23,-5,25,-5,26,-5,26,-5,26,-6,25,-6,24,-7,22,-8,18,-9,14,-10,11]"
CSI_DATA,41931,d8:b1:90:db:e8:90,-41,11,1,7,0,0,1,0,1,0,1,-94,0,4,0,656660319,0,100,0,128,1,"[100,-64,5,0,-10,-2,-11,-7,-11,-10,-12,-13,-12,-16,-11,-19,-11,-20,-10,-21,-10,-21,-10,-21,-9,-19,-9,-18,-9,-15,-10,-12,-10,-10,-11,-7,-12,-4,-13,-2,-14,0,-15,1,-16,1,-17,1,-17,1,-17,0,-17,-1,-5,-1,0,0,0,0,0,0,0,0,0,0,0,0,0,0,0,0,0,0,-3,2,-11,8,-12,8,-14,8,-15,7,-16,7,-16,7,-15,7,-14,8,-13,8,-11,9,-9,11,-7,13,-5,15,-3,17,-2,18,0,20,1,22,1,23,1,23,1,23,1,23,0,22,-1,20,-3,17,-5,14,-6,11]"
CSI_DATA,41932,d8:b1:90:db:e8:90,-40,11,1,7,0,0,1,0,1,0,1,-94,0,4,0,656682645,0,100,0,128,1,"[100,-64,5,0,-12,4,-16,0,-19,-4,-21,-8,-23,-11,-24,-14,-25,-15,-25,-16,-25,-17,-24,-16,-23,-15,-21,-13,-20,-10,-18,-7,-16,-4,-15,0,-14,4,-14,7,-14,10,-15,12,-15,13,-16,14,-17,14,-18,13,-19,12,-5,2,0,0,0,0,0,0,0,0,0,0,0,0,0,0,0,0,0,0,-2,3,-8,15,-10,16,-12,17,-13,17,-14,17,-15,16,-14,16,-13,16,-10,16,-7,16,-4,17,0,18,4,19,7,20,10,22,13,23,14,24,15,25,16,25,16,25,15,25,13,24,11,23,8,21,4,19,1,16]"
CSI_DATA,41933,d8:b1:90:db:e8:90,-40,11,1,7,0,0,1,0,1,0,1,-94,0,4,0,656697301,0,100,0,128,1,"[100,-64,5,0,-10,-1,-11,-5,-12,-9,-13,-12,-13,-14,-13,-17,-13,-18,-13,-19,-12,-20,-12,-19,-12,-18,-11,-17,-11,-14,-11,-12,-12,-9,-12,-7,-13,-4,-14,-2,-15,-1,-16,0,-17,1,-17,0,-17,0,-17,-1,-17,-2,-5,-1,0,0,0,0,0,0,0,0,0,0,0,0,0,0,0,0,0,0,-2,2,-7,11,-8,12,-10,12,-11,12,-12,12,-13,12,-12,12,-11,12,-10,12,-8,13,-6,14,-4,15,-2,16,0,18,2,19,3,21,5,22,6,22,6,23,5,23,5,22,3,21,2,19,0,17,-2,14,-4,12]"
CSI_DATA,41934,d8:b1:90:db:e8:90,-40,11,1,7,0,0,1,0,1,0,1,-94,0,4,0,656708158,0,100,0,128,1,"[100,-64,5,0,-9,-1,-11,-5,-12,-9,-13,-13,-13,-16,-13,-18,-13,-20,-13,-21,-12,-22,-12,-21,-12,-20,-11,-18,-11,-16,-11,-13,-12,-10,-12,-7,-13,-5,-14,-2,-16,-1,-17,0,-18,0,-19,0,-19,0,-19,-1,-18,-2,-5,-1,0,0,0,0,0,0,0,0,0,0,0,0,0,0,0,0,0,0,-1,3,-5,13,-7,14,-9,14,-10,15,-11,15,-11,15,-11,15,-10,14,-8,14,-6,14,-4,15,-1,16,2,17,4,18,6,19,8,20,9,22,10,22,11,23,10,23,9,22,8,21,6,19,4,17,1,15,-1,12]"
CSI_DATA,41935,d8:b1:90:db:e8:90,-40,11,1,7,0,0,1,0,1,0,1,-94,0,4,0,656738110,0,100,0,128,1,"[100,-64,5,0,3,-9,8,-9,12,-8,15,-8,18,-7,20,-7,22,-6,23,-6,22,-5,22,-5,20,-5,18,-5,16,-6,13,-6,10,-7,7,-9,4,-10,2,-12,0,-14,-1,-16,-2,-17,-2,-18,-1,-18,1,-19,2,-18,0,-5,0,0,0,0,0,0,0,0,0,0,0,0,0,0,0,0,0,0,-2,-4,-7,-13,-6,-15,-5,-17,-4,-18,-4,-18,-4,-18,-4,-17,-4,-16,-5,-15,-7,-13,-9,-10,-11,-8,-14,-7,-17,-5,-20,-4,-22,-3,-23,-3,-25,-2,-25,-2,-25,-2,-25,-3,-23,-3,-21,-4,-18,-5,-15,-6,-11,-7]"
CSI_DATA,41936,d8:b1:90:db:e8:90,-41,11,1,7,0,0,1,0,1,0,1,-94,0,4,0,656749050,0,100,0,128,1,"[100,-64,5,0,-10,-1,-11,-5,-12,-9,-13,-12,-14,-15,-14,-17,-14,-19,-14,-20,-13,-20,-13,-19,-12,-18,-12,-16,-11,-14,-11,-11,-11,-8,-11,-5,-12,-2,-13,0,-14,2,-15,3,-16,3,-17,3,-17,3,-18,2,-18,1,-5,0,0,0,0,0,0,0,0,0,0,0,0,0,0,0,0,0,0,0,-2,2,-8,11,-10,11,-12,11,-13,11,-13,11,-14,11,-13,11,-12,11,-10,11,-8,12,-6,13,-4,14,-1,15,1,17,2,19,4,20,5,21,6,22,6,23,6,23,5,22,4,21,2,19,0,17,-2,15,-3,13]"
CSI_DATA,41937,d8:b1:90:db:e8:90,-40,11,1,7,0,0,1,0,1,0,1,-94,0,4,0,656760972,0,100,0,128,1,"[100,-64,5,0,11,-2,14,4,17,9,19,13,21,17,22,20,22,22,22,24,22,24,21,23,20,22,19,20,18,17,17,14,17,10,17,6,18,2,19,-1,21,-3,22,-5,23,-5,23,-5,24,-5,24,-3,24,-2,6,-1,0,0,0,0,0,0,0,0,0,0,0,0,0,0,0,0,0,0,0,-5,2,-20,4,-21,6,-23,8,-24,9,-24,10,-24,10,-24,8,-24,6,-23,3,-23,-1,-23,-5,-23,-8,-24,-12,-25,-14,-26,-17,-27,-18,-28,-19,-29,-20,-29,-19,-29,-18,-29,-16,-28,-13,-26,-10,-23,-5,-21,-2,-18]"
CSI_DATA,41938,d8:b1:90:db:e8:90,-40,11,1,7,0,0,1,0,1,0,1,-94,0,4,0,656773581,0,100,0,128,1,"[100,-64,5,0,7,-10,12,-8,16,-7,21,-6,24,-4,27,-3,28,-2,29,-1,29,0,28,0,26,0,24,-1,22,-2,19,-4,16,-6,13,-9,11,-12,10,-14,9,-17,8,-19,8,-20,8,-20,9,-20,10,-19,11,-18,3,-5,0,0,0,0,0,0,0,0,0,0,0,0,0,0,0,0,0,0,-2,-4,-7,-16,-7,-18,-6,-20,-5,-22,-4,-23,-4,-23,-4,-22,-5,-21,-6,-20,-8,-18,-11,-16,-14,-15,-17,-14,-20,-12,-23,-12,-26,-11,-28,-11,-29,-11,-30,-11,-30,-11,-28,-11,-26,-11,-23,-11,-19,-12,-15,-12,-11,-12]"
CSI_DATA,41939,d8:b1:90:db:e8:90,-41,11,1,7,0,0,1,0,1,0,1,-94,0,4,0,656787141,0,100,0,128,1,"[100,-64,5,0,-2,11,-7,13,-12,14,-16,15,-20,15,-22,15,-24,15,-25,14,-25,14,-25,14,-24,13,-22,13,-19,13,-15,12,-12,13,-9,14,-5,15,-3,16,-1,17,0,19,1,20,2,20,1,21,-1,21,-2,21,-1,5,0,0,0,0,0,0,0,0,0,0,0,0,0,0,0,0,0,0,3,1,15,8,15,10,15,12,15,14,15,15,15,15,15,15,15,14,16,11,16,9,17,6,19,3,21,0,23,-2,25,-4,26,-6,27,-8,29,-8,29,-8,29,-8,28,-7,27,-5,25,-4,22,-1,18,1,15,3]"
CSI_DATA,41940,d8:b1:90:db:e8:90,-41,11,1,7,0,0,1,0,1,0,1,-94,0,4,0,656800254,0,100,0,128,1,"[100,-64,5,0,6,4,6,8,6,12,6,15,5,18,4,20,4,22,3,22,3,22,2,21,2,20,2,18,3,16,4,14,5,11,7,9,9,7,11,5,13,3,14,3,16,3,16,3,16,4,16,5,15,6,3,1,0,0,0,0,0,0,0,0,0,0,0,0,0,0,0,0,0,0,2,-3,10,-9,12,-9,14,-8,15,-8,15,-7,15,-7,15,-7,14,-7,13,-8,11,-9,9,-11,7,-13,5,-15,4,-18,2,-20,1,-22,1,-23,0,-24,0,-24,0,-24,1,-23,2,-22,3,-20,4,-17,5,-13,6,-11]"
CSI_DATA,41941,d8:b1:90:db:e8:90,-41,11,1,7,0,0,1,0,1,0,1,-94,0,4,0,656811236,0,100,0,128,1,"[100,-64,5,0,10,5,10,10,9,14,8,17,7,20,7,23,6,24,5,25,5,24,4,24,4,22,4,21,5,18,6,15,7,12,9,9,10,6,12,3,14,2,16,1,17,0,18,0,19,1,18,2,18,4,4,1,0,0,0,0,0,0,0,0,0,0,0,0,0,0,0,0,0,0,3,-2,14,-5,16,-4,17,-3,18,-2,19,-1,19,-1,19,-2,18,-2,16,-4,15,-6,13,-8,12,-11,11,-14,10,-17,9,-20,8,-22,8,-24,8,-26,8,-26,8,-26,8,-25,9,-23,9,-21,10,-17,10,-14,11,-10]"
CSI_DATA,41942,d8:b1:90:db:e8:90,-41,11,1,7,0,0,1,0,1,0,1,-94,0,4,0,656840885,0,100,0,128,1,"[100,-64,5,0,8,-1,10,3,13,7,14,11,15,14,15,16,16,18,16,19,15,19,15,19,14,18,13,16,12,13,12,10,11,7,12,4,12,1,13,-2,14,-5,15,-6,16,-7,17,-7,18,-6,18,-5,18,-3,4,-1,0,0,0,0,0,0,0,0,0,0,0,0,0,0,0,0,0,0,0,-4,4,-15,5,-16,7,-17,8,-17,9,-17,10,-17,9,-17,8,-16,6,-16,4,-16,1,-16,-2,-16,-5,-17,-8,-18,-10,-20,-13,-21,-14,-22,-15,-22,-15,-23,-15,-23,-14,-22,-13,-22,-10,-20,-8,-18,-4,-16,-2,-13]"
CSI_DATA,41943,d8:b1:90:db:e8:90,-41,11,1,7,0,0,1,0,1,0,1,-94,0,4,0,656852816,0,100,0,128,1,"[100,-64,5,0,-9,2,-12,-2,-14,-5,-16,-8,-17,-10,-18,-12,-18,-14,-18,-15,-18,-15,-17,-15,-16,-14,-16,-12,-14,-10,-13,-7,-12,-4,-12,-1,-11,1,-12,4,-12,6,-13,8,-13,9,-14,9,-15,9,-15,8,-16,7,-4,1,0,0,0,0,0,0,0,0,0,0,0,0,0,0,0,0,0,0,-2,2,-5,12,-7,12,-9,13,-10,13,-11,13,-11,13,-10,13,-9,13,-7,13,-5,13,-3,13,0,13,3,14,5,15,8,16,9,17,11,18,12,19,12,19,12,20,11,19,10,18,8,17,6,16,3,13,0,12]"
CSI_DATA,41944,d8:b1:90:db:e8:90,-41,11,1,7,0,0,1,0,1,0,1,-94,0,4,0,656863010,0,100,0,128,1,"[100,-64,5,0,0,11,-4,13,-8,14,-11,15,-14,16,-16,17,-18,17,-19,17,-19,16,-18,15,-17,15,-15,14,-12,13,-9,12,-6,12,-3,12,0,12,3,12,5,13,7,14,8,14,8,15,8,16,7,16,5,16,1,4,0,0,0,0,0,0,0,0,0,0,0,0,0,0,0,0,0,0,2,2,10,9,10,11,10,13,10,14,10,15,9,15,9,14,10,13,10,12,11,9,13,7,14,4,17,2,19,0,20,-2,21,-4,23,-5,24,-6,25,-6,25,-6,24,-5,23,-4,21,-2,19,0,16,2,13,4]"
CSI_DATA,41945,d8:b1:90:db:e8:90,-41,11,1,7,0,0,1,0,1,0,1,-94,0,4,0,656876470,0,100,0,128,1,"[100,-64,5,0,3,-8,8,-8,12,-8,15,-7,18,-6,21,-6,22,-6,23,-5,23,-4,22,-4,20,-4,18,-4,16,-5,13,-6,10,-7,8,-8,5,-10,3,-12,2,-14,1,-16,0,-17,0,-18,1,-18,3,-18,4,-17,1,-5,0,0,0,0,0,0,0,0,0,0,0,0,0,0,0,0,0,0,-2,-3,-7,-13,-7,-14,-6,-16,-5,-17,-5,-18,-5,-18,-5,-17,-6,-16,-7,-14,-8,-12,-10,-11,-12,-9,-14,-7,-17,-5,-20,-4,-22,-3,-23,-3,-24,-3,-25,-3,-25,-3,-24,-3,-23,-4,-21,-4,-18,-5,-14,-6,-11,-7]"
CSI_DATA,41946,d8:b1:90:db:e8:90,-41,11,1,7,0,0,1,0,1,0,1,-94,0,4,0,656886979,0,100,0,128,1,"[100,-64,5,0,11,4,11,9,12,14,11,18,11,21,10,24,10,25,9,26,9,26,9,25,8,24,8,21,8,18,9,14,10,11,11,7,12,4,14,0,16,-2,17,-3,19,-4,20,-4,21,-4,21,-2,21,-1,5,0,0,0,0,0,0,0,0,0,0,0,0,0,0,0,0,0,0,0,3,-2,15,-6,17,-6,19,-4,20,-3,21,-3,21,-3,20,-3,19,-4,17,-5,15,-8,13,-10,11,-13,9,-17,8,-20,6,-23,5,-26,5,-28,4,-30,4,-30,4,-30,5,-29,6,-27,6,-25,7,-21,9,-17,9,-14]"
CSI_DATA,41947,d8:b1:90:db:e8:90,-41,11,1,7,0,0,1,0,1,0,1,-94,0,4,0,656897769,0,100,0,128,1,"[100,-64,5,0,-12,1,-14,-3,-15,-7,-17,-11,-18,-14,-18,-16,-18,-17,-18,-18,-18,-19,-17,-18,-16,-17,-15,-15,-14,-12,-13,-9,-12,-6,-12,-2,-12,1,-13,4,-13,6,-14,8,-15,9,-16,9,-16,8,-17,8,-18,7,-5,1,0,0,0,0,0,0,0,0,0,0,0,0,0,0,0,0,0,0,-3,2,-10,11,-12,11,-14,11,-15,11,-16,11,-16,10,-15,10,-14,11,-12,11,-9,12,-7,13,-4,14,-1,16,1,18,4,20,5,21,6,23,7,24,8,24,8,24,7,24,6,23,4,21,2,19,-1,16,-3,14]"
CSI_DATA,41948,d8:b1:90:db:e8:90,-41,11,1,7,0,0,1,0,1,0,1,-94,0,4,0,656909554,0,100,0,128,1,"[100,-64,5,0,3,-12,7,-12,12,-12,15,-12,18,-12,21,-12,23,-11,23,-11,23,-11,23,-10,21,-10,19,-10,16,-10,13,-10,9,-10,6,-11,3,-13,1,-14,-1,-15,-3,-17,-4,-18,-4,-19,-3,-19,-1,-19,0,-19,0,-5,0,0,0,0,0,0,0,0,0,0,0,0,0,0,0,0,0,0,-2,-4,-7,-14,-7,-16,-6,-18,-5,-19,-4,-19,-4,-19,-4,-18,-5,-18,-6,-16,-8,-15,-10,-13,-13,-11,-16,-9,-19,-8,-21,-6,-24,-5,-26,-5,-27,-5,-27,-5,-27,-4,-26,-5,-25,-5,-22,-7,-19,-8,-15,-9,-12,-10]"
CSI_DATA,41949,d8:b1:90:db:e8:90,-41,11,1,7,0,0,1,0,1,0,1,-94,0,4,0,656921435,0,100,0,128,1,"[100,-64,5,0,10,-8,14,-5,18,-2,22,1,25,3,26,5,27,7,28,8,28,8,27,8,25,7,23,5,21,3,18,1,15,-2,13,-5,12,-8,11,-12,10,-14,9,-17,9,-18,10,-19,11,-19,12,-18,13,-18,3,-5,0,0,0,0,0,0,0,0,0,0,0,0,0,0,0,0,0,0,0,-5,1,-18,3,-19,5,-20,7,-21,7,-21,8,-21,7,-21,6,-20,4,-19,1,-19,-2,-18,-6,-18,-10,-18,-14,-18,-17,-19,-20,-19,-22,-20,-23,-20,-24,-21,-24,-21,-23,-21,-21,-20,-18,-20,-14,-19,-10,-17,-6,-16]"
CSI_DATA,41950,d8:b1:90:db:e8:90,-41,11,1,7,0,0,1,0,1,0,1,-94,0,4,0,656943061,0,100,0,128,1,"[100,-64,5,0,2,11,-2,14,-5,16,-8,18,-11,19,-13,20,-15,20,-15,20,-15,20,-15,19,-14,18,-12,16,-9,15,-7,14,-4,13,0,12,3,11,6,11,9,11,11,11,12,11,13,12,12,13,12,14,11,15,2,3,0,0,0,0,0,0,0,0,0,0,0,0,0,0,0,0,0,0,2,2,11,9,11,11,11,13,11,14,10,15,10,15,10,14,11,13,11,11,12,9,13,6,14,3,16,0,18,-3,20,-5,21,-7,22,-9,24,-10,24,-10,25,-10,24,-9,23,-8,21,-6,19,-3,17,-1,15,2]"
CSI_DATA,41951,d8:b1:90:db:e8:90,-41,11,1,7,0,0,1,0,1,0,1,-94,0,4,0,656957185,0,100,0,128,1,"[100,-64,5,0,8,3,8,7,8,11,8,14,7,17,7,19,6,21,6,22,5,21,5,21,5,20,4,18,5,16,6,13,7,10,8,8,10,5,11,3,13,2,14,1,15,1,16,1,17,2,16,3,16,4,3,1,0,0,0,0,0,0,0,0,0,0,0,0,0,0,0,0,0,0,2,-2,10,-8,12,-8,14,-7,15,-7,15,-6,16,-6,15,-6,14,-7,13,-8,11,-9,9,-10,8,-13,6,-15,5,-17,4,-19,3,-21,2,-23,2,-24,2,-24,2,-24,2,-24,3,-22,4,-20,5,-17,6,-14,7,-11]"
CSI_DATA,41952,d8:b1:90:db:e8:90,-40,11,1,7,0,0,1,0,1,0,1,-94,0,4,0,656967682,0,100,0,128,1,"[100,-64,5,0,1,10,-4,12,-8,14,-11,15,-14,17,-17,17,-18,18,-19,17,-20,17,-19,16,-18,16,-16,15,-13,14,-10,13,-7,12,-3,12,0,13,3,13,5,14,7,15,8,16,9,16,8,17,7,18,5,18,1,4,0,0,0,0,0,0,0,0,0,0,0,0,0,0,0,0,0,0,3,1,13,8,13,9,14,11,14,13,14,14,13,14,13,13,13,12,13,10,14,7,14,4,16,2,17,-1,19,-4,20,-7,22,-9,23,-11,24,-11,25,-12,25,-12,25,-11,23,-9,22,-7,19,-5,16,-2,14,1]"
CSI_DATA,41953,d8:b1:90:db:e8:90,-41,11,1,7,0,0,1,0,1,0,1,-94,0,4,0,656978121,0,100,0,128,1,"[100,-64,5,0,8,-10,12,-8,17,-6,20,-4,24,-2,26,-1,27,0,27,1,27,1,26,1,25,0,22,-1,20,-2,17,-3,14,-6,11,-8,9,-10,7,-13,5,-16,4,-18,4,-19,4,-20,5,-20,6,-20,7,-20,2,-5,0,0,0,0,0,0,0,0,0,0,0,0,0,0,0,0,0,0,-1,-5,0,-17,2,-19,3,-20,5,-21,6,-21,6,-21,5,-20,4,-19,2,-18,-1,-17,-4,-16,-8,-16,-12,-15,-15,-15,-18,-15,-21,-15,-23,-15,-25,-16,-26,-16,-26,-17,-25,-17,-23,-17,-20,-16,-17,-16,-12,-15,-9,-15]"
CSI_DATA,41954,d8:b1:90:db:e8:90,-40,11,1,7,0,0,1,0,1,0,1,-94,0,4,0,656989552,0,100,0,128,1,"[100,-64,5,0,-10,7,-14,4,-18,1,-21,-1,-23,-3,-25,-4,-26,-6,-26,-7,-26,-8,-26,-8,-24,-7,-22,-5,-20,-3,-18,-1,-15,1,-13,4,-11,7,-10,10,-10,13,-9,14,-9,16,-10,16,-11,16,-12,16,-13,15,-4,3,0,0,0,0,0,0,0,0,0,0,0,0,0,0,0,0,0,0,-1,3,-2,15,-3,17,-5,18,-7,19,-7,19,-8,19,-7,18,-6,18,-4,17,-1,16,2,16,5,16,9,15,12,15,15,15,17,16,19,16,21,17,22,17,22,17,21,17,19,17,16,16,13,16,9,15,6,14]"
CSI_DATA,41955,d8:b1:90:db:e8:90,-41,11,1,7,0,0,1,0,1,0,1,-94,0,4,0,657002148,0,100,0,128,1,"[100,-64,5,0,6,6,4,10,2,13,0,16,-1,19,-2,20,-4,21,-5,22,-5,22,-5,21,-5,20,-4,18,-2,16,-1,14,1,12,4,11,6,9,8,8,10,7,12,7,13,7,14,8,14,9,13,10,12,10,2,2,0,0,0,0,0,0,0,0,0,0,0,0,0,0,0,0,0,0,3,-1,13,-3,14,-2,15,-1,16,0,16,1,16,1,16,1,15,0,15,-1,14,-3,13,-6,12,-8,11,-11,11,-13,11,-16,11,-18,11,-20,11,-21,11,-21,11,-21,12,-20,12,-19,12,-16,12,-13,11,-10,10,-7]"
CSI_DATA,41956,d8:b1:90:db:e8:90,-41,11,1,7,0,0,1,0,1,0,1,-94,0,4,0,657017649,0,100,0,128,1,"[100,-64,5,0,5,-8,9,-7,13,-5,17,-4,19,-3,21,-2,22,-2,23,-1,23,0,22,0,21,0,19,-1,16,-2,14,-3,11,-5,8,-7,6,-9,4,-12,3,-14,2,-15,2,-17,2,-17,3,-18,4,-18,5,-17,1,-5,0,0,0,0,0,0,0,0,0,0,0,0,0,0,0,0,0,0,-1,-4,-3,-14,-2,-16,-1,-17,0,-18,1,-18,1,-18,1,-18,0,-17,-1,-15,-3,-14,-6,-12,-9,-11,-12,-10,-15,-9,-18,-9,-20,-8,-22,-8,-24,-8,-24,-8,-24,-8,-24,-8,-22,-9,-20,-9,-16,-9,-13,-10,-9,-10]"
CSI_DATA,41957,d8:b1:90:db:e8:90,-41,11,1,7,0,0,1,0,1,0,1,-94,0,4,0,657046240,0,100,0,128,1,"[100,-64,5,0,-4,7,-8,7,-12,7,-15,6,-18,6,-20,5,-22,5,-23,4,-23,4,-22,3,-20,3,-19,4,-16,4,-13,5,-11,6,-8,7,-5,9,-3,11,-2,13,-1,14,0,15,-1,16,-1,17,-3,17,-4,16,-1,4,0,0,0,0,0,0,0,0,0,0,0,0,0,0,0,0,0,0,1,2,7,11,7,12,6,14,6,15,5,16,5,16,5,15,6,14,6,12,7,10,9,8,11,6,13,4,16,2,18,1,20,0,22,-1,23,-2,23,-2,23,-1,23,-1,21,0,19,1,17,2,13,4,10,4]"
CSI_DATA,41958,d8:b1:90:db:e8:90,-41,11,1,7,0,0,1,0,1,0,1,-94,0,4,0,657057467,0,100,0,128,1,"[100,-64,5,0,1,9,-3,12,-7,14,-11,16,-14,17,-16,18,-17,18,-18,18,-19,17,-19,17,-18,16,-16,15,-13,14,-9,12,-6,12,-2,11,1,11,4,11,7,12,9,13,10,14,11,15,10,16,9,17,8,17,1,4,0,0,0,0,0,0,0,0,0,0,0,0,0,0,0,0,0,0,3,1,12,8,13,10,13,12,13,13,13,14,13,14,12,13,12,12,12,10,12,7,13,4,14,1,16,-2,18,-5,19,-8,21,-10,22,-12,23,-13,24,-14,24,-14,23,-13,23,-11,21,-9,19,-6,16,-3,14,-1]"
CSI_DATA,41959,d8:b1:90:db:e8:90,-41,11,1,7,0,0,1,0,1,0,1,-94,0,4,0,657068465,0,100,0,128,1,"[100,-64,5,0,-6,8,-10,7,-13,6,-17,5,-19,4,-21,3,-23,2,-23,2,-23,1,-23,1,-22,1,-20,2,-17,2,-15,3,-13,5,-10,6,-8,8,-7,11,-5,13,-5,14,-5,15,-5,16,-6,16,-7,16,-8,15,-2,3,0,0,0,0,0,0,0,0,0,0,0,0,0,0,0,0,0,0,1,2,6,11,5,13,4,15,3,16,3,16,3,17,3,16,4,15,5,14,6,13,8,11,11,9,13,8,15,7,18,6,20,6,21,5,22,5,23,5,23,5,22,6,21,6,19,7,16,7,12,8,9,8]"
CSI_DATA,41960,d8:b1:90:db:e8:90,-41,11,1,7,0,0,1,0,1,0,1,-94,0,4,0,657079548,0,100,0,128,1,"[100,-64,5,0,5,11,1,15,-2,18,-6,21,-9,24,-11,25,-13,26,-14,26,-14,25,-14,24,-13,23,-11,22,-8,19,-5,17,-2,16,2,14,5,13,8,12,11,12,14,12,15,13,16,14,16,15,15,16,14,16,3,4,0,0,0,0,0,0,0,0,0,0,0,0,0,0,0,0,0,0,4,1,17,5,17,7,18,10,18,11,18,12,18,12,18,12,18,10,18,8,18,5,18,1,18,-2,19,-6,20,-10,21,-13,22,-16,23,-18,24,-20,24,-20,24,-20,24,-19,24,-17,22,-14,21,-11,18,-7,17,-4]"
CSI_DATA,41961,d8:b1:90:db:e8:90,-41,11,1,7,0,0,1,0,1,0,1,-94,0,4,0,657092973,0,100,0,128,1,"[100,-64,5,0,-15,0,-17,-4,-18,-9,-19,-13,-20,-16,-20,-19,-21,-20,-21,-22,-20,-22,-20,-21,-19,-19,-18,-17,-18,-15,-17,-11,-16,-8,-15,-4,-16,0,-16,3,-17,6,-18,8,-19,9,-19,9,-20,9,-21,7,-21,6,-6,1,0,0,0,0,0,0,0,0,0,0,0,0,0,0,0,0,0,0,-3,3,-13,12,-15,12,-17,12,-19,11,-20,11,-20,11,-19,11,-18,11,-16,12,-13,13,-11,15,-8,17,-5,19,-2,22,0,24,2,27,3,28,4,30,4,30,4,30,4,29,2,28,0,26,-2,23,-5,19,-6,16]"
CSI_DATA,41962,d8:b1:90:db:e8:90,-40,11,1,7,0,0,1,0,1,0,1,-94,0,4,0,657107321,0,100,0,128,1,"[100,-64,5,0,7,5,6,9,5,13,4,16,2,19,1,21,1,22,0,23,-1,22,-1,22,0,21,0,19,1,17,3,15,4,12,6,10,8,8,10,7,12,6,14,5,15,5,15,6,16,6,15,7,14,8,3,2,0,0,0,0,0,0,0,0,0,0,0,0,0,0,0,0,0,0,3,-2,12,-5,14,-4,15,-3,16,-2,17,-2,17,-2,17,-2,16,-3,15,-4,14,-6,13,-8,12,-10,11,-13,10,-15,9,-18,9,-20,9,-22,9,-23,9,-23,9,-23,10,-22,10,-20,10,-18,10,-15,10,-11,10,-9]"
CSI_DATA,41963,d8:b1:90:db:e8:90,-41,11,1,7,0,0,1,0,1,0,1,-94,0,4,0,657127496,0,100,0,128,1,"[100,-64,5,0,10,-8,14,-5,17,-2,20,1,21,3,23,5,24,6,24,7,24,7,23,7,22,6,20,5,18,3,16,1,13,-2,11,-5,9,-8,8,-11,7,-13,7,-15,7,-17,7,-17,8,-18,10,-17,10,-16,2,-4,0,0,0,0,0,0,0,0,0,0,0,0,0,0,0,0,0,0,1,-4,5,-15,7,-16,9,-17,10,-17,11,-17,11,-16,10,-16,9,-16,7,-16,4,-16,1,-16,-2,-16,-6,-17,-9,-18,-12,-19,-14,-20,-16,-21,-18,-21,-18,-22,-18,-22,-17,-21,-16,-21,-13,-20,-10,-19,-6,-17,-3,-16]"
CSI_DATA,41964,d8:b1:90:db:e8:90,-41,11,1,7,0,0,1,0,1,0,1,-94,0,4,0,657148941,0,100,0,128,1,"[100,-64,5,0,-2,-10,1,-12,5,-14,8,-16,10,-17,12,-18,14,-18,15,-18,15,-18,14,-17,13,-16,11,-15,9,-14,6,-13,3,-12,0,-11,-3,-10,-6,-10,-9,-11,-11,-11,-12,-12,-13,-12,-12,-13,-11,-14,-10,-15,-3,-4,0,0,0,0,0,0,0,0,0,0,0,0,0,0,0,0,0,0,-3,-3,-11,-9,-11,-11,-11,-13,-11,-14,-10,-15,-10,-15,-10,-14,-10,-13,-11,-10,-11,-8,-12,-6,-13,-3,-15,0,-17,3,-18,5,-20,7,-21,8,-22,9,-23,10,-23,10,-23,9,-22,8,-20,6,-18,4,-16,1,-14,-1]"
CSI_DATA,41965,d8:b1:90:db:e8:90,-40,11,1,7,0,0,1,0,1,0,1,-94,0,4,0,657161659,0,100,0,128,1,"[100,-64,5,0,-9,-1,-11,-5,-12,-9,-13,-12,-13,-15,-14,-17,-14,-19,-14,-20,-13,-20,-13,-20,-12,-18,-12,-17,-11,-15,-11,-12,-11,-9,-12,-7,-13,-4,-14,-2,-15,0,-16,0,-17,1,-18,1,-18,0,-18,-1,-18,-2,-5,-1,0,0,0,0,0,0,0,0,0,0,0,0,0,0,0,0,0,0,-1,3,-2,13,-4,14,-6,15,-7,15,-8,16,-8,15,-8,15,-7,15,-6,15,-4,15,-1,15,1,15,4,16,6,17,8,18,10,18,11,20,12,20,12,20,12,21,11,20,9,20,8,18,5,16,2,14,0,12]"
CSI_DATA,41966,d8:b1:90:db:e8:90,-41,11,1,7,0,0,1,0,1,0,1,-94,0,4,0,657183896,0,100,0,128,1,"[100,-64,5,0,-9,-6,-8,-11,-7,-15,-6,-19,-5,-22,-4,-24,-3,-26,-3,-26,-2,-26,-2,-25,-2,-23,-2,-21,-3,-18,-5,-15,-6,-11,-8,-8,-10,-6,-13,-3,-15,-1,-17,0,-18,1,-19,0,-20,0,-20,-1,-19,-3,-5,-1,0,0,0,0,0,0,0,0,0,0,0,0,0,0,0,0,0,0,-4,0,-16,0,-17,-1,-18,-3,-19,-4,-20,-5,-19,-5,-19,-4,-18,-3,-16,-1,-15,2,-14,4,-12,8,-11,11,-10,15,-9,18,-9,20,-9,23,-9,25,-9,25,-9,25,-9,25,-10,23,-10,20,-10,17,-11,13,-11,9]"
CSI_DATA,41967,d8:b1:90:db:e8:90,-41,11,1,7,0,0,1,0,1,0,1,-94,0,4,0,657196977,0,100,0,128,1,"[100,-64,5,0,5,11,1,15,-2,18,-5,21,-8,23,-9,25,-11,26,-12,25,-13,25,-13,24,-12,23,-10,21,-7,19,-5,17,-1,15,2,14,5,12,8,12,11,11,13,11,15,12,16,12,15,14,14,15,13,15,3,4,0,0,0,0,0,0,0,0,0,0,0,0,0,0,0,0,0,0,4,1,16,5,16,7,17,9,17,11,18,11,18,12,17,11,17,10,17,7,17,5,17,2,18,-2,19,-5,20,-8,21,-12,22,-14,23,-16,24,-17,24,-18,24,-18,24,-17,23,-15,22,-12,20,-9,18,-5,17,-2]"
CSI_DATA,41968,d8:b1:90:db:e8:90,-41,11,1,7,0,0,1,0,1,0,1,-94,0,4,0,657217149,0,100,0,128,1,"[100,-64,5,0,5,-8,9,-7,13,-6,16,-5,19,-3,20,-2,22,-2,22,-1,22,-1,21,0,20,-1,18,-1,16,-2,14,-4,12,-5,10,-7,8,-9,6,-11,5,-13,5,-14,4,-15,5,-16,5,-16,7,-16,8,-15,2,-4,0,0,0,0,0,0,0,0,0,0,0,0,0,0,0,0,0,0,-2,-3,-5,-13,-4,-14,-3,-16,-2,-17,-2,-18,-1,-18,-2,-17,-3,-16,-4,-15,-5,-14,-7,-13,-10,-12,-13,-11,-15,-10,-18,-9,-20,-9,-21,-9,-22,-9,-23,-9,-23,-9,-22,-9,-20,-10,-18,-10,-15,-10,-12,-10,-9,-10]"
CSI_DATA,41969,d8:b1:90:db:e8:90,-41,11,1,7,0,0,1,0,1,0,1,-94,0,4,0,657251375,0,100,0,128,1,"[100,-64,5,0,10,-6,13,-3,16,0,19,3,21,5,22,7,23,9,23,10,23,10,22,10,21,9,19,8,17,6,15,3,14,0,13,-3,11,-6,10,-9,10,-11,10,-13,10,-14,11,-15,12,-15,13,-14,13,-13,3,-4,0,0,0,0,0,0,0,0,0,0,0,0,0,0,0,0,0,0,1,-4,5,-15,7,-15,9,-16,10,-16,11,-16,11,-16,10,-16,9,-16,7,-16,5,-16,2,-16,-1,-17,-4,-18,-7,-19,-10,-20,-12,-21,-14,-22,-15,-23,-16,-23,-16,-23,-15,-23,-13,-22,-11,-21,-8,-19,-4,-17,-2,-16]"
CSI_DATA,41970,d8:b1:90:db:e8:90,-41,11,1,7,0,0,1,0,1,0,1,-94,0,4,0,657261512,0,100,0,128,1,"[100,-64,5,0,5,8,3,11,0,14,-2,17,-4,19,-5,20,-6,21,-7,21,-7,21,-7,21,-6,19,-5,18,-4,16,-2,13,1,11,3,10,6,8,8,7,10,6,12,6,14,6,15,6,15,7,14,8,14,9,3,2,0,0,0,0,0,0,0,0,0,0,0,0,0,0,0,0,0,0,3,0,12,3,13,5,13,6,14,8,14,8,14,8,13,8,13,7,13,5,12,2,12,-1,13,-4,13,-7,13,-10,14,-12,15,-14,15,-16,16,-17,16,-18,16,-17,16,-16,16,-15,15,-13,14,-11,13,-7,12,-5]"
CSI_DATA,41971,d8:b1:90:db:e8:90,-41,11,1,7,0,0,1,0,1,0,1,-94,0,4,0,657272371,0,100,0,128,1,"[100,-64,5,0,6,7,4,10,2,14,0,17,-2,19,-3,21,-4,22,-5,22,-5,22,-5,21,-5,20,-4,18,-3,17,-1,14,1,12,4,11,6,9,8,8,10,8,12,7,13,8,14,8,14,9,13,10,12,10,3,2,0,0,0,0,0,0,0,0,0,0,0,0,0,0,0,0,0,0,3,-1,13,-3,14,-2,15,0,16,1,16,2,16,2,16,2,16,1,15,-1,14,-3,13,-5,13,-8,12,-10,12,-13,12,-16,12,-18,12,-19,12,-21,12,-21,13,-21,13,-20,13,-18,12,-16,12,-13,11,-9,11,-7]"
CSI_DATA,41972,d8:b1:90:db:e8:90,-40,11,1,7,0,0,1,0,1,0,1,-94,0,4,0,657287637,0,100,0,128,1,"[100,-64,5,0,11,0,14,5,15,10,17,14,18,18,18,21,18,23,18,24,18,24,17,23,16,21,15,19,14,16,13,12,13,8,13,3,13,-1,14,-4,16,-7,17,-10,18,-11,19,-11,20,-11,20,-10,21,-8,5,-2,0,0,0,0,0,0,0,0,0,0,0,0,0,0,0,0,0,0,3,-4,12,-14,15,-14,17,-14,18,-13,19,-13,19,-12,18,-12,17,-13,14,-13,11,-14,7,-15,4,-17,0,-20,-3,-23,-6,-25,-8,-27,-10,-29,-11,-30,-11,-31,-11,-31,-10,-31,-8,-29,-6,-27,-4,-24,-1,-20,2,-17]"
CSI_DATA,41973,d8:b1:90:db:e8:90,-41,11,1,7,0,0,1,0,1,0,1,-94,0,4,0,657299095,0,100,0,128,1,"[100,-64,5,0,-5,-11,-1,-15,3,-18,6,-21,9,-23,11,-24,13,-25,14,-25,14,-25,14,-24,13,-23,11,-21,8,-20,6,-18,3,-17,-1,-15,-5,-14,-8,-14,-10,-14,-12,-14,-14,-15,-15,-16,-14,-17,-13,-18,-12,-18,-3,-5,0,0,0,0,0,0,0,0,0,0,0,0,0,0,0,0,0,0,-5,-1,-18,-4,-19,-6,-20,-8,-20,-9,-20,-10,-20,-10,-20,-10,-19,-8,-19,-6,-19,-4,-18,-1,-19,3,-19,7,-20,11,-21,13,-22,16,-22,18,-23,20,-24,20,-23,20,-23,18,-22,16,-21,14,-20,10,-18,6,-16,3]"
CSI_DATA,41974,d8:b1:90:db:e8:90,-41,11,1,7,0,0,1,0,1,0,1,-94,0,4,0,657309900,0,100,0,128,1,"[100,-64,5,0,2,10,-2,12,-5,14,-8,15,-10,16,-12,17,-13,17,-14,17,-14,17,-14,16,-13,15,-11,15,-9,13,-7,12,-4,12,-1,11,2,10,5,10,7,10,8,10,10,11,10,11,10,12,9,13,8,13,2,3,0,0,0,0,0,0,0,0,0,0,0,0,0,0,0,0,0,0,2,1,10,8,10,9,10,11,9,12,9,13,9,13,9,12,10,11,10,9,11,7,12,5,13,3,14,0,16,-2,18,-4,19,-6,20,-7,21,-8,22,-8,22,-8,21,-7,20,-6,19,-5,17,-2,15,0,13,2]"
CSI_DATA,41975,d8:b1:90:db:e8:90,-41,11,1,7,0,0,1,0,1,0,1,-94,0,4,0,657326411,0,100,0,128,1,"[100,-64,5,0,10,-3,13,1,15,5,17,8,18,11,19,13,19,15,19,16,19,16,18,15,17,14,16,13,15,11,14,8,13,5,13,1,12,-3,12,-6,13,-8,13,-10,14,-11,15,-11,15,-11,16,-10,17,-9,4,-2,0,0,0,0,0,0,0,0,0,0,0,0,0,0,0,0,0,0,1,-4,7,-14,9,-14,11,-15,12,-15,13,-15,13,-14,13,-14,11,-14,9,-15,7,-15,4,-16,1,-17,-2,-18,-5,-20,-7,-22,-10,-23,-11,-24,-12,-25,-13,-25,-12,-25,-11,-25,-10,-24,-8,-22,-5,-20,-2,-18,0,-15]"
CSI_DATA,41976,d8:b1:90:db:e8:90,-41,11,1,7,0,0,1,0,1,0,1,-94,0,4,0,657352810,0,100,0,128,1,"[100,-64,5,0,8,-4,11,-2,14,1,16,4,17,6,18,8,19,9,19,10,19,10,18,10,17,9,16,8,15,6,13,4,12,1,11,-2,11,-4,10,-7,10,-9,10,-11,11,-11,11,-12,12,-12,13,-11,13,-10,3,-3,0,0,0,0,0,0,0,0,0,0,0,0,0,0,0,0,0,0,0,-4,1,-14,3,-15,5,-16,6,-16,6,-16,7,-16,6,-16,5,-15,4,-15,1,-14,-1,-14,-4,-14,-7,-14,-10,-15,-12,-16,-14,-16,-16,-17,-17,-17,-17,-18,-17,-18,-16,-18,-15,-18,-12,-17,-10,-15,-7,-14,-4,-13]"
CSI_DATA,41977,d8:b1:90:db:e8:90,-41,11,1,7,0,0,1,0,1,0,1,-94,0,4,0,657364661,0,100,0,128,1,"[100,-64,5,0,4,-9,9,-8,13,-7,17,-6,20,-5,22,-4,24,-3,24,-3,24,-2,24,-2,22,-3,20,-3,18,-4,15,-5,13,-6,10,-8,8,-11,6,-13,5,-15,4,-16,4,-17,4,-18,5,-18,7,-18,8,-17,2,-5,0,0,0,0,0,0,0,0,0,0,0,0,0,0,0,0,0,0,-3,-4,-8,-13,-8,-15,-7,-17,-7,-19,-6,-19,-6,-19,-6,-19,-6,-17,-7,-16,-9,-14,-11,-12,-14,-10,-16,-8,-19,-7,-22,-6,-24,-5,-26,-5,-27,-4,-27,-5,-27,-5,-27,-6,-25,-7,-22,-7,-19,-8,-15,-8,-12,-9]"
CSI_DATA,41978,d8:b1:90:db:e8:90,-40,11,1,7,0,0,1,0,1,0,1,-94,0,4,0,657376323,0,100,0,128,1,"[100,-64,5,0,2,7,-2,10,-5,13,-7,15,-10,16,-12,17,-13,18,-14,18,-15,17,-14,17,-13,16,-12,15,-10,14,-7,13,-4,12,-2,12,1,11,3,11,5,12,7,12,8,13,8,14,8,14,7,15,6,15,1,3,0,0,0,0,0,0,0,0,0,0,0,0,0,0,0,0,0,0,3,0,13,0,14,2,15,3,16,4,16,5,16,5,16,5,15,4,14,3,14,0,14,-2,14,-5,14,-8,14,-10,14,-13,15,-15,16,-17,16,-18,17,-18,17,-17,17,-16,16,-15,16,-12,14,-10,13,-7,11,-4]"
CSI_DATA,41979,d8:b1:90:db:e8:90,-40,11,1,7,0,0,1,0,1,0,1,-94,0,4,0,657386900,0,100,0,128,1,"[100,-64,5,0,13,-1,16,5,17,10,18,14,19,18,19,21,19,23,19,25,18,25,17,24,17,23,16,21,16,17,16,14,16,10,16,6,17,3,18,-1,19,-4,20,-5,21,-6,22,-6,22,-5,23,-4,23,-2,5,-1,0,0,0,0,0,0,0,0,0,0,0,0,0,0,0,0,0,0,2,-4,10,-17,12,-17,15,-17,16,-17,18,-17,18,-17,18,-17,16,-17,14,-18,11,-19,8,-20,4,-22,1,-24,-2,-26,-4,-29,-7,-31,-8,-33,-9,-34,-9,-34,-9,-34,-8,-33,-6,-31,-3,-29,-1,-26,3,-22,5,-18]"
CSI_DATA,41980,d8:b1:90:db:e8:90,-41,11,1,7,0,0,1,0,1,0,1,-94,0,4,0,657398489,0,100,0,128,1,"[100,-64,5,0,4,-14,9,-14,14,-14,18,-13,22,-12,24,-12,26,-11,27,-10,27,-10,26,-10,24,-10,22,-10,19,-11,15,-11,12,-11,9,-13,6,-14,3,-16,1,-18,-1,-19,-1,-21,-2,-21,-1,-22,1,-22,2,-21,0,-5,0,0,0,0,0,0,0,0,0,0,0,0,0,0,0,0,0,0,-2,-4,-7,-16,-7,-18,-5,-20,-4,-22,-4,-22,-4,-22,-4,-22,-4,-21,-6,-19,-8,-17,-11,-16,-14,-14,-17,-12,-21,-10,-24,-10,-27,-9,-28,-9,-30,-8,-31,-8,-31,-8,-30,-9,-28,-10,-25,-10,-22,-11,-17,-12,-14,-13]"
CSI_DATA,41981,d8:b1:90:db:e8:90,-41,11,1,7,0,0,1,0,1,0,1,-94,0,4,0,657418876,0,100,0,128,1,"[100,-64,5,0,-8,6,-12,4,-16,2,-19,-1,-22,-2,-24,-4,-25,-5,-25,-6,-25,-6,-24,-6,-23,-6,-21,-4,-19,-3,-16,-1,-13,2,-11,4,-9,7,-8,10,-7,13,-7,14,-7,16,-7,17,-8,17,-9,17,-10,16,-3,4,0,0,0,0,0,0,0,0,0,0,0,0,0,0,0,0,0,0,0,3,-1,15,-2,16,-4,17,-6,18,-6,19,-6,18,-6,18,-5,17,-3,16,0,15,3,14,6,13,10,12,14,12,17,12,19,12,21,13,22,13,23,13,23,13,22,13,21,13,18,13,15,13,11,12,7,12]"
CSI_DATA,41982,d8:b1:90:db:e8:90,-40,11,1,7,0,0,1,0,1,0,1,-94,0,4,0,657432196,0,100,0,128,1,"[100,-64,5,0,8,-5,12,-2,16,2,19,5,21,8,22,10,23,12,23,12,23,13,22,12,21,11,19,9,17,7,16,5,14,1,13,-2,12,-5,12,-8,11,-11,12,-13,12,-14,13,-14,14,-14,15,-14,16,-13,4,-3,0,0,0,0,0,0,0,0,0,0,0,0,0,0,0,0,0,0,0,-4,2,-17,4,-18,6,-19,7,-19,8,-20,8,-19,8,-19,7,-18,5,-17,2,-17,-2,-17,-5,-16,-9,-17,-12,-17,-15,-18,-18,-19,-20,-19,-21,-20,-22,-20,-21,-20,-20,-20,-19,-20,-16,-19,-13,-17,-9,-16,-6,-14]"
CSI_DATA,41983,d8:b1:90:db:e8:90,-40,11,1,7,0,0,1,0,1,0,1,-94,0,4,0,657461265,0,100,0,128,1,"[100,-64,5,0,-3,9,-8,10,-12,10,-16,10,-19,10,-21,10,-23,9,-24,9,-24,8,-23,8,-22,8,-20,8,-18,8,-16,9,-13,10,-10,11,-7,12,-6,13,-4,15,-3,16,-2,17,-2,18,-3,18,-4,18,-6,17,-2,4,0,0,0,0,0,0,0,0,0,0,0,0,0,0,0,0,0,0,2,2,11,9,11,11,11,13,10,15,10,15,10,16,10,15,11,15,12,13,13,11,14,9,16,7,18,4,20,3,22,1,23,0,25,-1,26,-1,27,-1,26,-1,26,0,24,1,22,2,19,3,15,5,12,6]"
CSI_DATA,41984,d8:b1:90:db:e8:90,-40,11,1,7,0,0,1,0,1,0,1,-94,0,4,0,657475319,0,100,0,128,1,"[100,-64,5,0,-5,-10,-1,-13,2,-16,5,-18,8,-20,10,-21,11,-22,12,-22,13,-22,13,-21,12,-21,10,-19,8,-18,5,-17,3,-16,0,-15,-2,-15,-5,-15,-7,-15,-8,-16,-10,-16,-10,-17,-9,-17,-8,-18,-6,-18,-2,-5,0,0,0,0,0,0,0,0,0,0,0,0,0,0,0,0,0,0,-4,0,-16,1,-17,-1,-18,-3,-19,-4,-20,-5,-20,-5,-20,-4,-19,-3,-19,-2,-19,0,-18,2,-18,5,-18,8,-18,11,-18,13,-19,16,-20,17,-20,18,-20,18,-20,18,-20,17,-20,15,-19,13,-18,10,-16,6,-14,3]"
CSI_DATA,41985,d8:b1:90:db:e8:90,-41,11,1,7,0,0,1,0,0,0,1,-94,0,4,0,657489941,0,100,0,128,1,"[100,-64,5,0,-25,0,-25,0,-25,1,-25,1,-24,2,-24,2,-23,3,-23,3,-22,3,-22,4,-23,4,-23,4,-23,4,-22,4,-22,4,-22,4,-21,4,-21,4,-21,3,-21,2,-21,2,-20,1,-20,1,-19,0,-18,-1,-5,-1,0,0,0,0,0,0,0,0,0,0,0,0,0,0,0,0,0,0,-5,1,-19,4,-19,3,-19,2,-20,1,-20,1,-21,0,-22,0,-22,0,-23,-1,-23,-1,-23,-2,-24,-2,-24,-3,-24,-3,-25,-3,-25,-2,-25,-2,-25,-2,-25,-1,-25,-1,-25,-1,-25,0,-25,0,-25,0,-25,0,-26,0]"
CSI_DATA,41986,d8:b1:90:db:e8:90,-40,11,1,7,0,0,1,0,0,0,1,-94,0,4,0,657501529,0,100,0,128,1,"[100,-64,5,0,-2,22,-2,22,-2,22,-2,22,-2,22,-1,22,-1,21,-1,21,-1,21,0,21,0,21,1,21,1,21,1,21,1,21,0,20,0,20,0,20,-1,19,-1,18,-1,18,-1,17,-1,17,-2,17,-3,16,-1,4,0,0,0,0,0,0,0,0,0,0,0,0,0,0,0,0,0,0,0,4,1,16,0,16,-1,17,-2,17,-2,18,-3,18,-3,18,-3,19,-4,19,-4,20,-5,21,-5,21,-5,21,-5,21,-5,21,-6,21,-5,21,-5,21,-4,22,-4,22,-4,22,-4,22,-3,22,-3,22,-3,22,-3,22]"
CSI_DATA,41987,d8:b1:90:db:e8:90,-50,11,1,7,0,0,1,0,0,0,1,-94,0,4,0,657512099,0,100,0,128,1,"[100,-64,5,0,14,17,14,17,16,18,18,18,19,19,19,18,17,17,14,15,13,14,13,14,12,14,11,13,10,13,10,13,9,12,8,11,7,10,6,10,6,10,5,10,4,9,4,9,3,9,3,10,2,10,0,2,0,0,0,0,0,0,0,0,0,0,0,0,0,0,0,0,0,0,-5,-4,-19,-14,-19,-14,-20,-15,-20,-15,-20,-17,-10,-9,8,9,18,18,17,19,17,19,16,18,16,17,16,17,15,18,15,18,15,18,14,18,14,19,14,20,14,21,15,20,15,23,16,29,16,31,18,30,22,27]"
CSI_DATA,41988,d8:b1:90:db:e8:90,-41,11,1,7,0,0,1,0,1,0,1,-94,0,4,0,657522824,0,100,0,128,1,"[100,-64,5,0,12,6,11,12,10,17,9,21,7,24,6,27,6,29,5,30,5,29,4,28,4,27,5,24,6,21,7,18,9,14,11,11,13,7,15,5,17,3,19,2,21,1,22,1,22,2,22,3,21,5,5,1,0,0,0,0,0,0,0,0,0,0,0,0,0,0,0,0,0,0,4,-2,18,-5,20,-4,21,-3,23,-1,23,0,23,0,22,0,21,-2,20,-4,18,-6,16,-9,14,-12,13,-16,13,-20,12,-23,11,-27,11,-29,11,-30,11,-31,11,-30,11,-30,11,-28,12,-25,12,-21,13,-16,13,-12]"
CSI_DATA,41989,d8:b1:90:db:e8:90,-40,11,1,7,0,0,1,0,1,0,1,-94,0,4,0,657537588,0,100,0,128,1,"[100,-64,5,0,10,2,11,7,11,11,11,15,11,18,11,20,11,22,10,23,10,23,9,23,9,22,9,20,9,17,10,14,11,11,12,8,13,5,14,3,16,2,17,1,18,0,19,0,19,1,19,2,18,3,4,1,0,0,0,0,0,0,0,0,0,0,0,0,0,0,0,0,0,0,2,-3,10,-12,11,-13,13,-12,15,-12,16,-12,16,-12,16,-12,15,-13,13,-13,11,-14,9,-16,7,-17,5,-19,3,-21,1,-23,-1,-25,-2,-27,-2,-28,-2,-28,-2,-28,-1,-27,0,-26,1,-24,3,-21,5,-17,6,-14]"
CSI_DATA,41990,d8:b1:90:db:e8:90,-40,11,1,7,0,0,1,0,1,0,1,-94,0,4,0,657558260,0,100,0,128,1,"[100,-64,5,0,1,-9,5,-10,9,-11,13,-11,16,-11,18,-11,20,-11,21,-11,21,-10,20,-10,19,-9,17,-9,15,-9,12,-9,9,-10,6,-11,4,-12,2,-14,1,-15,0,-16,-1,-17,-1,-18,0,-18,2,-18,3,-17,0,-5,0,0,0,0,0,0,0,0,0,0,0,0,0,0,0,0,0,0,-3,-2,-12,-8,-12,-9,-12,-11,-12,-13,-12,-14,-12,-14,-12,-13,-12,-12,-13,-11,-13,-9,-14,-7,-15,-4,-17,-2,-18,0,-20,2,-21,3,-23,4,-24,5,-25,5,-25,5,-24,4,-22,3,-21,1,-18,0,-15,-2,-12,-4]"
CSI_DATA,41991,d8:b1:90:db:e8:90,-41,11,1,7,0,0,1,0,1,0,1,-94,0,4,0,657569779,0,100,0,128,1,"[100,-64,5,0,9,2,9,7,10,12,10,16,10,19,9,21,9,23,9,24,8,24,8,23,7,21,7,19,6,16,7,13,8,9,9,6,11,3,13,0,14,-2,16,-4,17,-4,18,-4,19,-3,19,-2,19,-1,4,0,0,0,0,0,0,0,0,0,0,0,0,0,0,0,0,0,0,0,3,-3,13,-9,14,-8,16,-8,18,-7,18,-7,18,-6,18,-6,16,-7,14,-8,12,-9,9,-11,7,-13,5,-16,2,-19,0,-21,-1,-24,-2,-26,-2,-27,-3,-28,-2,-28,-2,-27,-1,-26,1,-24,2,-21,4,-17,5,-14]"
CSI_DATA,41992,d8:b1:90:db:e8:90,-40,11,1,7,0,0,1,0,1,0,1,-94,0,4,0,657593287,0,100,0,128,1,"[100,-64,5,0,0,8,-4,10,-7,12,-10,14,-13,14,-15,15,-17,15,-18,15,-18,14,-18,14,-17,13,-15,13,-13,12,-10,12,-8,12,-5,12,-3,13,-1,13,1,14,2,15,3,16,3,16,2,17,1,17,0,16,0,4,0,0,0,0,0,0,0,0,0,0,0,0,0,0,0,0,0,0,3,0,13,2,14,3,14,5,15,6,15,7,16,7,15,7,15,6,15,5,15,3,15,1,15,-2,16,-5,16,-7,17,-9,18,-11,19,-12,20,-13,20,-13,20,-13,20,-12,19,-11,18,-9,16,-6,14,-3,12,-1]"
CSI_DATA,41993,d8:b1:90:db:e8:90,-41,11,1,7,0,0,1,0,1,0,1,-94,0,4,0,657608416,0,100,0,128,1,"[100,-64,5,0,9,9,7,13,5,18,3,21,1,25,-1,27,-2,28,-3,29,-4,28,-3,27,-3,26,-2,23,0,20,2,17,5,15,7,12,10,10,12,8,15,7,17,7,18,7,19,7,19,8,19,9,18,10,4,2,0,0,0,0,0,0,0,0,0,0,0,0,0,0,0,0,0,0,4,-1,17,-1,18,0,20,2,21,3,21,4,21,5,21,4,20,3,19,1,18,-2,17,-5,16,-8,16,-12,16,-16,15,-19,15,-22,16,-24,16,-25,16,-26,16,-26,17,-25,17,-23,17,-20,16,-16,15,-12,15,-9]"
CSI_DATA,41994,d8:b1:90:db:e8:90,-41,11,1,7,0,0,1,0,1,0,1,-94,0,4,0,657627736,0,100,0,128,1,"[100,-64,5,0,4,8,1,11,-2,14,-4,16,-6,18,-8,20,-9,20,-10,21,-10,20,-10,20,-10,18,-8,17,-6,15,-3,14,-1,13,2,11,4,10,7,10,9,10,11,10,12,10,12,11,12,12,11,12,10,13,2,3,0,0,0,0,0,0,0,0,0,0,0,0,0,0,0,0,0,0,3,0,13,2,14,3,15,5,15,6,15,7,15,7,15,6,15,5,15,4,14,2,14,-1,14,-3,14,-6,15,-9,15,-12,15,-14,16,-15,16,-17,17,-17,17,-17,17,-16,16,-15,16,-13,15,-10,13,-7,12,-4]"
CSI_DATA,41995,d8:b1:90:db:e8:90,-40,11,1,7,0,0,1,0,1,0,1,-94,0,4,0,657659377,0,100,0,128,1,"[100,-64,5,0,7,-9,11,-7,16,-5,20,-4,22,-2,24,-1,25,0,26,1,26,1,25,1,23,1,21,0,18,-1,16,-3,13,-5,11,-7,9,-10,7,-13,6,-15,5,-17,5,-18,6,-18,7,-19,8,-18,9,-18,2,-5,0,0,0,0,0,0,0,0,0,0,0,0,0,0,0,0,0,0,-1,-4,-4,-16,-2,-18,-1,-19,1,-20,1,-21,2,-21,2,-20,1,-19,-1,-18,-3,-17,-6,-15,-9,-14,-13,-13,-16,-12,-19,-12,-22,-12,-24,-12,-25,-12,-26,-13,-26,-13,-25,-13,-23,-13,-20,-13,-17,-13,-13,-13,-9,-12]"
CSI_DATA,41996,d8:b1:90:db:e8:90,-41,11,1,7,0,0,1,0,1,0,1,-94,0,4,0,657670847,0,100,0,128,1,"[100,-64,5,0,-1,-12,3,-14,6,-16,10,-17,13,-18,15,-19,17,-19,18,-19,18,-18,17,-18,15,-17,13,-16,11,-15,8,-14,5,-14,1,-13,-2,-13,-4,-14,-7,-14,-9,-15,-10,-16,-10,-16,-10,-17,-9,-18,-7,-18,-2,-5,0,0,0,0,0,0,0,0,0,0,0,0,0,0,0,0,0,0,-3,-3,-12,-11,-12,-13,-11,-15,-11,-17,-11,-17,-10,-17,-10,-17,-11,-15,-11,-14,-12,-11,-14,-9,-15,-6,-18,-4,-20,-1,-22,1,-23,3,-25,4,-26,5,-27,5,-27,5,-26,5,-25,4,-23,2,-21,0,-18,-2,-15,-4]"
CSI_DATA,41997,d8:b1:90:db:e8:90,-41,11,1,7,0,0,1,0,1,0,1,-94,0,4,0,657682346,0,100,0,128,1,"[100,-64,5,0,6,-9,10,-8,14,-7,18,-6,21,-4,23,-3,24,-2,24,-2,24,-1,23,-1,21,-1,19,-2,17,-3,15,-5,12,-6,10,-9,7,-11,5,-13,4,-15,4,-16,3,-18,3,-18,4,-18,5,-18,7,-17,1,-5,0,0,0,0,0,0,0,0,0,0,0,0,0,0,0,0,0,0,-1,-4,-2,-15,-1,-17,1,-18,2,-19,2,-19,2,-19,2,-19,1,-18,-1,-17,-3,-16,-5,-15,-8,-14,-11,-14,-14,-13,-17,-12,-20,-12,-22,-12,-23,-12,-24,-12,-24,-12,-23,-13,-21,-13,-19,-13,-15,-13,-12,-13,-8,-13]"
CSI_DATA,41998,d8:b1:90:db:e8:90,-41,11,1,7,0,0,1,0,1,0,1,-94,0,4,0,657695246,0,100,0,128,1,"[100,-64,5,0,9,8,7,14,5,19,2,23,0,27,-2,30,-3,32,-4,32,-5,32,-5,30,-4,29,-3,26,-1,23,1,20,4,17,7,14,10,12,14,10,16,9,18,9,20,9,21,10,21,11,20,12,19,13,4,3,0,0,0,0,0,0,0,0,0,0,0,0,0,0,0,0,0,0,4,-2,18,-6,20,-5,22,-3,23,-2,24,-1,24,0,24,-1,23,-2,21,-4,19,-6,17,-9,16,-13,14,-17,13,-20,12,-24,12,-27,12,-30,12,-31,12,-32,12,-32,13,-31,13,-29,13,-25,13,-21,13,-16,13,-13]"
CSI_DATA,41999,d8:b1:90:db:e8:90,-40,11,1,7,0,0,1,0,1,0,1,-94,0,4,0,657706517,0,100,0,128,1,"[100,-64,5,0,-8,8,-13,6,-17,3,-20,2,-23,0,-25,-2,-26,-3,-26,-4,-26,-5,-25,-5,-24,-4,-22,-3,-20,-1,-17,0,-14,3,-12,6,-10,8,-9,11,-8,13,-8,15,-8,16,-8,17,-9,17,-10,16,-11,16,-3,3,0,0,0,0,0,0,0,0,0,0,0,0,0,0,0,0,0,0,0,3,1,15,0,16,-2,18,-3,19,-4,19,-4,19,-4,18,-3,18,-1,17,1,16,4,14,7,14,10,13,14,12,16,12,19,12,21,12,23,12,23,13,23,13,22,13,20,13,18,13,15,13,10,13,7,12]"
CSI_DATA,42000,d8:b1:90:db:e8:90,-41,11,1,7,0,0,1,0,1,0,1,-94,0,4,0,657718033,0,100,0,128,1,"[100,-64,5,0,-9,-5,-9,-9,-8,-13,-7,-17,-6,-20,-5,-22,-4,-23,-4,-24,-4,-24,-4,-23,-4,-21,-4,-19,-5,-17,-6,-14,-7,-11,-9,-9,-10,-7,-12,-5,-14,-3,-16,-2,-17,-2,-18,-3,-18,-3,-17,-4,-17,-5,-4,-2,0,0,0,0,0,0,0,0,0,0,0,0,0,0,0,0,0,0,-4,1,-13,4,-15,3,-16,2,-17,2,-18,1,-18,1,-17,1,-17,2,-15,3,-14,4,-12,7,-11,10,-9,12,-8,14,-7,17,-7,19,-6,21,-6,22,-6,23,-6,23,-7,22,-7,21,-8,19,-8,16,-9,12,-10,9]"
CSI_DATA,42001,d8:b1:90:db:e8:90,-40,11,1,7,0,0,1,0,1,0,1,-94,0,4,0,657736727,0,100,0,128,1,"[100,-64,5,0,-3,-11,1,-14,5,-16,9,-18,12,-19,14,-20,16,-20,17,-20,17,-20,17,-19,15,-18,13,-17,11,-16,8,-15,5,-14,1,-14,-2,-14,-5,-15,-7,-15,-9,-16,-10,-17,-10,-18,-10,-18,-8,-19,-7,-19,-2,-5,0,0,0,0,0,0,0,0,0,0,0,0,0,0,0,0,0,0,-4,-2,-15,-7,-15,-9,-16,-11,-16,-12,-16,-13,-16,-13,-16,-13,-16,-12,-16,-10,-16,-7,-17,-5,-17,-2,-18,1,-20,4,-21,7,-22,9,-24,11,-25,12,-25,13,-25,12,-25,11,-24,9,-22,7,-20,5,-17,2,-15,-1]"
CSI_DATA,42002,d8:b1:90:db:e8:90,-41,11,1,7,0,0,1,0,1,0,1,-94,0,4,0,657761411,0,100,0,128,1,"[100,-64,5,0,-4,9,-9,9,-14,9,-18,9,-21,8,-23,7,-24,6,-25,6,-25,6,-24,6,-22,6,-20,6,-17,6,-14,7,-11,8,-8,9,-5,11,-2,13,-1,14,0,16,1,17,1,18,1,18,-1,18,-2,18,-1,4,0,0,0,0,0,0,0,0,0,0,0,0,0,0,0,0,0,0,1,3,6,13,5,15,4,17,3,18,3,18,3,18,3,18,4,17,5,15,7,13,9,11,12,9,14,7,17,5,20,4,22,3,24,3,25,2,26,2,26,2,26,3,24,3,21,4,18,5,15,6,12,7]"
CSI_DATA,42003,d8:b1:90:db:e8:90,-40,11,1,7,0,0,1,0,1,0,1,-94,0,4,0,657779404,0,100,0,128,1,"[100,-64,5,0,2,-9,7,-9,11,-9,14,-9,17,-9,20,-9,21,-8,22,-8,22,-7,21,-7,20,-7,18,-7,15,-7,13,-8,10,-9,8,-10,5,-11,3,-13,2,-15,1,-16,1,-17,1,-18,2,-18,3,-17,4,-17,1,-4,0,0,0,0,0,0,0,0,0,0,0,0,0,0,0,0,0,0,-3,-3,-11,-9,-11,-11,-10,-13,-10,-14,-10,-15,-10,-15,-10,-15,-10,-14,-11,-13,-12,-11,-13,-9,-14,-7,-16,-4,-19,-2,-20,-1,-22,0,-23,1,-24,1,-25,2,-25,1,-24,1,-23,0,-21,-1,-18,-3,-15,-4,-12,-6]"
CSI_DATA,42004,d8:b1:90:db:e8:90,-40,11,1,7,0,0,1,0,1,0,1,-94,0,4,0,657796152,0,100,0,128,1,"[100,-64,5,0,-7,6,-11,4,-15,2,-17,0,-20,-1,-22,-3,-23,-4,-23,-5,-23,-6,-23,-5,-22,-5,-20,-4,-19,-2,-17,0,-15,2,-14,4,-12,6,-12,8,-11,10,-11,11,-12,12,-12,12,-13,12,-13,11,-14,10,-4,2,0,0,0,0,0,0,0,0,0,0,0,0,0,0,0,0,0,0,1,2,5,11,5,13,4,15,3,16,3,17,2,17,2,17,3,16,4,15,6,14,7,13,10,12,12,11,15,10,17,10,19,10,20,9,21,9,22,9,22,10,21,10,19,10,17,10,13,10,10,10,7,10]"
CSI_DATA,42005,d8:b1:90:db:e8:90,-41,11,1,7,0,0,1,0,1,0,1,-94,0,4,0,657806522,0,100,0,128,1,"[100,-64,5,0,-14,0,-16,-5,-17,-10,-18,-14,-18,-17,-19,-20,-19,-21,-19,-22,-18,-22,-17,-21,-17,-20,-16,-18,-15,-15,-15,-11,-15,-7,-14,-4,-15,0,-15,3,-16,5,-17,7,-18,8,-19,8,-19,8,-20,7,-20,6,-5,1,0,0,0,0,0,0,0,0,0,0,0,0,0,0,0,0,0,0,-3,2,-13,11,-15,11,-17,10,-18,10,-19,10,-19,10,-19,10,-17,10,-15,11,-13,12,-10,14,-8,16,-5,18,-3,21,0,23,2,25,3,27,4,28,5,29,4,28,3,28,2,27,0,25,-2,22,-4,18,-6,15]"
CSI_DATA,42006,d8:b1:90:db:e8:90,-41,11,1,7,0,0,1,0,1,0,1,-94,0,4,0,657820117,0,100,0,128,1,"[100,-64,5,0,7,7,6,11,4,15,2,18,1,21,-1,23,-2,24,-3,24,-3,24,-2,23,-2,21,-2,20,0,17,1,14,3,12,6,10,8,8,10,6,13,5,15,5,16,5,17,5,17,6,16,7,16,8,3,2,0,0,0,0,0,0,0,0,0,0,0,0,0,0,0,0,0,0,3,-1,14,-2,15,-1,17,1,17,2,18,3,18,3,17,3,17,2,16,0,14,-2,13,-5,12,-8,12,-11,12,-14,11,-17,11,-20,11,-22,12,-23,12,-23,12,-23,13,-22,13,-20,12,-18,12,-15,12,-11,11,-8]"
CSI_DATA,42007,d8:b1:90:db:e8:90,-40,11,1,7,0,0,1,0,1,0,1,-94,0,4,0,657836658,0,100,0,128,1,"[100,-64,5,0,5,6,4,10,2,14,0,17,-2,19,-3,21,-4,22,-5,23,-6,22,-6,22,-5,21,-4,19,-3,17,-1,15,1,13,4,11,6,10,9,9,11,9,12,8,14,9,14,9,14,10,13,11,12,11,2,3,0,0,0,0,0,0,0,0,0,0,0,0,0,0,0,0,0,0,3,-2,13,-4,14,-4,15,-3,17,-2,17,-1,17,-1,17,-1,16,-2,15,-3,14,-5,13,-7,12,-10,11,-12,11,-15,10,-17,10,-20,10,-21,10,-22,10,-23,10,-22,10,-22,11,-20,11,-18,10,-14,10,-11,10,-8]"
CSI_DATA,42008,d8:b1:90:db:e8:90,-41,11,1,7,0,0,1,0,1,0,1,-94,0,4,0,657863735,0,100,0,128,1,"[100,-64,5,0,-8,-3,-8,-7,-8,-10,-7,-14,-7,-16,-6,-18,-6,-19,-5,-20,-5,-20,-4,-20,-5,-19,-5,-17,-5,-15,-6,-13,-7,-11,-8,-9,-10,-8,-11,-7,-12,-6,-13,-5,-14,-5,-15,-5,-15,-6,-14,-7,-13,-7,-4,-2,0,0,0,0,0,0,0,0,0,0,0,0,0,0,0,0,0,0,-2,2,-7,9,-9,9,-10,9,-12,9,-12,9,-13,9,-13,9,-12,9,-11,10,-9,10,-8,11,-6,13,-4,14,-3,16,-2,17,-1,19,-1,20,0,20,0,21,0,20,-1,20,-1,19,-2,17,-3,14,-5,11,-6,9]"
CSI_DATA,42009,d8:b1:90:db:e8:90,-41,11,1,7,0,0,1,0,1,0,1,-94,0,4,0,657875439,0,100,0,128,1,"[100,-64,5,0,0,9,-4,10,-8,12,-11,13,-14,14,-16,14,-17,14,-18,14,-19,13,-18,13,-17,13,-15,12,-13,11,-10,11,-7,11,-4,11,-2,11,1,12,3,13,4,13,5,14,5,15,5,16,4,16,2,16,0,4,0,0,0,0,0,0,0,0,0,0,0,0,0,0,0,0,0,0,2,1,10,7,11,9,11,10,10,12,11,12,10,12,10,12,10,11,11,10,12,7,13,5,14,3,16,0,17,-2,19,-4,20,-5,21,-7,22,-7,22,-8,22,-7,22,-6,21,-5,19,-4,17,-2,14,0,12,2]"
CSI_DATA,42010,d8:b1:90:db:e8:90,-40,11,1,7,0,0,1,0,1,0,1,-94,0,4,0,657887660,0,100,0,128,1,"[100,-64,5,0,14,-2,17,4,19,10,20,14,21,18,21,21,22,24,22,25,21,25,20,25,19,23,18,21,18,17,17,13,17,9,17,5,18,2,18,-2,19,-5,20,-7,22,-8,22,-8,23,-7,24,-6,24,-4,6,-1,0,0,0,0,0,0,0,0,0,0,0,0,0,0,0,0,0,0,2,-5,10,-17,13,-18,15,-18,17,-18,18,-18,19,-18,18,-18,16,-18,14,-19,11,-19,8,-21,5,-23,1,-25,-2,-27,-5,-29,-8,-32,-9,-33,-10,-35,-10,-35,-10,-35,-9,-34,-7,-32,-5,-30,-2,-27,2,-23,4,-20]"
CSI_DATA,42011,d8:b1:90:db:e8:90,-41,11,1,7,0,0,1,0,1,0,1,-94,0,4,0,657900220,0,100,0,128,1,"[100,-64,5,0,-11,5,-14,2,-16,-1,-19,-4,-21,-7,-22,-9,-23,-10,-23,-11,-22,-11,-22,-11,-20,-10,-19,-9,-17,-7,-16,-4,-14,-1,-12,2,-11,5,-11,8,-10,10,-10,12,-11,13,-11,13,-12,13,-13,13,-14,12,-4,2,0,0,0,0,0,0,0,0,0,0,0,0,0,0,0,0,0,0,-2,3,-6,13,-7,14,-9,15,-11,15,-11,15,-11,15,-11,14,-9,14,-7,14,-5,14,-2,14,1,14,4,15,7,16,10,17,12,18,14,19,15,20,16,20,15,20,14,20,13,20,11,19,8,17,5,15,2,14]"
CSI_DATA,42012,d8:b1:90:db:e8:90,-40,11,1,7,0,0,1,0,1,0,1,-94,0,4,0,657916999,0,100,0,128,1,"[100,-64,5,0,-3,9,-8,10,-12,11,-16,11,-19,11,-22,11,-24,11,-25,10,-25,10,-24,10,-23,9,-20,9,-17,9,-14,9,-11,10,-7,11,-4,12,-2,13,0,15,2,16,3,18,3,19,2,19,1,19,-1,19,-1,4,0,0,0,0,0,0,0,0,0,0,0,0,0,0,0,0,0,0,2,2,11,11,11,12,11,15,10,16,10,17,10,17,10,17,10,15,10,13,11,11,13,8,15,5,17,2,20,0,22,-2,24,-4,26,-5,27,-6,28,-6,28,-5,27,-5,26,-3,23,-2,20,0,17,2,14,4]"
CSI_DATA,42013,d8:b1:90:db:e8:90,-41,11,1,7,0,0,1,0,1,0,1,-94,0,4,0,657937507,0,100,0,128,1,"[100,-64,5,0,-6,-8,-4,-12,-1,-15,1,-17,3,-19,4,-21,5,-22,6,-22,7,-22,7,-21,6,-20,4,-18,3,-16,1,-14,-1,-12,-4,-11,-6,-9,-9,-8,-11,-8,-13,-8,-14,-8,-15,-9,-15,-9,-15,-10,-14,-11,-4,-3,0,0,0,0,0,0,0,0,0,0,0,0,0,0,0,0,0,0,-4,-1,-14,-3,-15,-4,-16,-5,-16,-7,-16,-7,-16,-7,-15,-7,-15,-6,-14,-4,-14,-2,-13,1,-13,4,-13,7,-14,10,-14,12,-14,15,-15,17,-15,18,-15,18,-16,18,-16,17,-15,16,-15,14,-14,11,-13,7,-12,4]"
CSI_DATA,42014,d8:b1:90:db:e8:90,-40,11,1,7,0,0,1,0,1,0,1,-94,0,4,0,657970264,0,100,0,128,1,"[100,-64,5,0,9,2,9,6,10,10,10,14,9,16,9,18,9,20,8,20,8,21,7,20,7,19,7,18,7,15,8,13,9,10,10,8,11,5,12,3,14,2,15,1,16,1,16,1,17,1,16,2,16,3,3,1,0,0,0,0,0,0,0,0,0,0,0,0,0,0,0,0,0,0,2,-3,9,-10,10,-10,12,-9,14,-9,14,-9,15,-9,14,-9,13,-10,12,-10,11,-11,9,-13,7,-15,5,-17,3,-18,2,-20,1,-22,0,-23,0,-24,0,-25,0,-25,0,-24,1,-23,2,-21,4,-18,5,-14,6,-12]"
CSI_DATA,42015,d8:b1:90:db:e8:90,-40,11,1,7,0,0,1,0,1,0,1,-94,0,4,0,657984487,0,100,0,128,1,"[100,-64,5,0,-2,-9,2,-13,6,-15,9,-17,12,-18,14,-19,16,-20,17,-20,17,-19,17,-18,15,-18,13,-17,11,-15,8,-14,5,-13,1,-13,-2,-13,-5,-13,-7,-14,-9,-14,-11,-15,-11,-16,-11,-17,-9,-18,-8,-18,-2,-5,0,0,0,0,0,0,0,0,0,0,0,0,0,0,0,0,0,0,-4,-2,-15,-5,-16,-7,-17,-9,-17,-11,-17,-12,-17,-12,-17,-11,-16,-10,-16,-8,-15,-5,-16,-2,-16,1,-17,5,-18,8,-19,11,-20,13,-21,14,-22,16,-23,16,-23,16,-22,15,-22,14,-20,11,-18,8,-16,5,-14,2]"
CSI_DATA,42016,d8:b1:90:db:e8:90,-40,11,1,7,0,0,1,0,1,0,1,-94,0,4,0,658001046,0,100,0,128,1,"[100,-64,5,0,5,-10,10,-10,15,-9,18,-8,21,-7,23,-5,25,-4,26,-4,26,-3,25,-3,23,-4,21,-4,19,-5,16,-6,13,-8,11,-10,8,-11,7,-13,5,-15,4,-17,4,-18,4,-19,5,-19,6,-19,8,-18,2,-5,0,0,0,0,0,0,0,0,0,0,0,0,0,0,0,0,0,0,-2,-4,-7,-15,-6,-17,-5,-19,-4,-20,-3,-21,-3,-21,-4,-20,-4,-19,-6,-18,-7,-16,-10,-15,-12,-13,-15,-12,-19,-11,-22,-10,-24,-10,-26,-9,-27,-9,-27,-9,-27,-9,-26,-10,-24,-10,-21,-11,-18,-11,-14,-12,-11,-12]"
CSI_DATA,42017,d8:b1:90:db:e8:90,-41,11,1,7,0,0,1,0,1,0,1,-94,0,4,0,658012584,0,100,0,128,1,"[100,-64,5,0,9,9,7,13,5,18,3,22,1,25,-1,27,-2,28,-3,28,-3,28,-2,27,-2,25,-1,23,0,21,2,18,5,15,7,13,10,10,12,8,15,7,16,6,18,6,19,6,20,6,19,8,18,9,4,2,0,0,0,0,0,0,0,0,0,0,0,0,0,0,0,0,0,0,4,-1,17,0,18,2,20,3,20,4,21,5,20,6,20,5,19,4,18,2,17,-1,16,-5,16,-8,16,-12,16,-15,16,-18,16,-21,16,-23,16,-25,17,-26,17,-25,17,-24,17,-22,17,-20,16,-16,15,-12,15,-9]"
CSI_DATA,42018,d8:b1:90:db:e8:90,-41,11,1,7,0,0,1,0,1,0,1,-94,0,4,0,658023087,0,100,0,128,1,"[100,-64,5,0,-1,10,-6,12,-10,13,-13,14,-17,14,-19,15,-21,14,-22,14,-22,13,-21,13,-20,13,-18,12,-15,11,-13,11,-9,11,-6,12,-3,13,-1,14,1,15,3,16,4,17,4,18,3,18,2,18,0,18,0,4,0,0,0,0,0,0,0,0,0,0,0,0,0,0,0,0,0,0,3,1,12,8,13,10,13,12,13,13,13,14,12,14,12,14,12,13,13,11,13,9,14,6,16,3,17,1,19,-2,21,-4,23,-6,24,-7,25,-8,26,-8,25,-7,25,-7,24,-5,22,-3,19,-1,16,1,14,3]"
CSI_DATA,42019,d8:b1:90:db:e8:90,-40,11,1,7,0,0,1,0,1,0,1,-94,0,4,0,658039279,0,100,0,128,1,"[100,-64,5,0,-8,4,-12,1,-15,-1,-18,-4,-20,-6,-21,-8,-22,-9,-22,-10,-22,-10,-21,-10,-20,-9,-19,-8,-17,-6,-15,-4,-14,-1,-13,1,-12,4,-12,6,-12,8,-13,10,-13,11,-13,11,-14,11,-15,10,-15,9,-4,2,0,0,0,0,0,0,0,0,0,0,0,0,0,0,0,0,0,0,0,3,2,13,0,14,-1,16,-2,17,-3,17,-3,17,-3,17,-2,16,-1,16,1,15,4,14,6,13,9,13,12,12,14,13,16,13,18,13,19,13,19,14,19,14,18,14,17,14,14,13,12,13,8,12,5,11]"
CSI_DATA,42020,d8:b1:90:db:e8:90,-41,11,1,7,0,0,1,0,1,0,1,-94,0,4,0,658070490,0,100,0,128,1,"[100,-64,5,0,-8,6,-11,4,-15,2,-17,0,-20,-1,-22,-3,-23,-4,-23,-5,-23,-5,-22,-5,-21,-4,-19,-3,-17,-2,-15,0,-13,2,-12,4,-10,7,-9,9,-9,11,-8,12,-8,14,-9,14,-10,14,-11,13,-12,12,-3,3,0,0,0,0,0,0,0,0,0,0,0,0,0,0,0,0,0,0,0,3,2,12,1,14,0,15,-2,16,-2,17,-2,17,-2,16,-1,16,0,15,2,14,4,13,7,12,10,12,12,11,14,11,16,11,18,11,19,11,20,11,20,12,19,12,18,12,16,12,13,11,9,11,6,10]"
CSI_DATA,42021,d8:b1:90:db:e8:90,-41,11,1,7,0,0,1,0,1,0,1,-94,0,4,0,658087521,0,100,0,128,1,"[100,-64,5,0,9,6,8,10,6,13,5,16,4,19,3,21,2,22,1,22,1,22,1,21,1,20,1,18,3,16,4,13,6,11,7,8,9,6,11,5,12,3,14,2,15,2,16,3,16,3,16,4,15,5,3,1,0,0,0,0,0,0,0,0,0,0,0,0,0,0,0,0,0,0,3,-1,13,-2,14,-1,15,0,16,1,16,2,16,2,16,2,15,1,15,0,14,-2,13,-5,13,-7,12,-10,12,-12,12,-15,11,-17,11,-19,11,-20,11,-21,11,-21,11,-20,12,-19,12,-16,12,-13,12,-10,12,-7]"
CSI_DATA,42022,d8:b1:90:db:e8:90,-41,11,1,7,0,0,1,0,1,0,1,-94,0,4,0,658101583,0,100,0,128,1,"[100,-64,5,0,-14,5,-18,1,-21,-3,-24,-6,-26,-10,-28,-13,-29,-15,-29,-16,-29,-16,-28,-16,-26,-14,-24,-12,-22,-10,-20,-6,-18,-2,-16,2,-15,6,-14,9,-14,12,-15,15,-16,16,-17,17,-17,17,-18,16,-19,14,-5,3,0,0,0,0,0,0,0,0,0,0,0,0,0,0,0,0,0,0,-2,4,-7,18,-9,19,-11,20,-13,20,-14,20,-14,20,-13,19,-12,19,-9,19,-6,19,-2,19,2,20,6,20,10,21,13,22,16,24,18,25,20,25,21,26,20,25,19,25,17,25,14,24,11,22,7,20,3,17]"
CSI_DATA,42023,d8:b1:90:db:e8:90,-40,11,1,7,0,0,1,0,1,0,1,-94,0,4,0,658120400,0,100,0,128,1,"[100,-64,5,0,-11,4,-14,1,-17,-2,-19,-5,-21,-7,-22,-9,-23,-11,-24,-13,-24,-13,-22,-13,-21,-12,-20,-10,-19,-8,-17,-5,-16,-2,-15,0,-14,3,-14,6,-15,8,-15,10,-16,10,-16,11,-16,10,-17,9,-18,8,-5,1,0,0,0,0,0,0,0,0,0,0,0,0,0,0,0,0,0,0,-1,3,-1,15,-3,16,-4,17,-6,18,-6,18,-7,19,-6,18,-6,18,-4,18,-2,17,1,17,3,17,6,17,9,18,12,18,14,19,15,19,17,20,17,20,17,20,16,20,15,19,12,18,9,17,5,15,3,14]"
CSI_DATA,42024,d8:b1:90:db:e8:90,-40,11,1,7,0,0,1,0,1,0,1,-94,0,4,0,658137505,0,100,0,128,1,"[100,-64,5,0,10,-8,15,-4,19,-1,23,2,26,5,28,7,30,9,30,11,30,11,28,11,27,10,25,8,23,6,21,3,19,0,17,-4,16,-8,15,-11,15,-14,15,-16,15,-17,16,-17,17,-17,18,-16,19,-14,5,-4,0,0,0,0,0,0,0,0,0,0,0,0,0,0,0,0,0,0,-1,-5,-3,-19,-1,-21,1,-23,2,-24,2,-25,3,-25,2,-25,1,-24,0,-24,-3,-23,-6,-21,-9,-21,-13,-21,-17,-21,-20,-20,-23,-20,-25,-21,-26,-21,-27,-20,-27,-20,-27,-20,-24,-20,-21,-20,-16,-19,-12,-18,-8,-17]"
CSI_DATA,42025,d8:b1:90:db:e8:90,-40,11,1,7,0,0,1,0,1,0,1,-94,0,4,0,658148664,0,100,0,128,1,"[100,-64,5,0,-4,11,-8,11,-13,11,-17,11,-20,10,-23,10,-24,9,-26,8,-26,8,-25,8,-24,8,-21,8,-19,8,-16,9,-13,10,-10,11,-8,13,-6,14,-4,16,-3,17,-3,18,-3,19,-4,19,-5,19,-6,18,-2,4,0,0,0,0,0,0,0,0,0,0,0,0,0,0,0,0,0,0,2,2,11,10,11,12,10,14,10,16,10,17,10,17,11,16,11,15,12,14,13,12,14,10,16,8,18,6,21,4,23,3,24,1,25,0,26,0,27,0,27,0,26,0,25,1,23,2,20,4,16,6,13,7]"
CSI_DATA,42026,d8:b1:90:db:e8:90,-41,11,1,7,0,0,1,0,1,0,1,-94,0,4,0,658176758,0,100,0,128,1,"[100,-64,5,0,-9,-7,-8,-11,-6,-15,-4,-18,-3,-20,-2,-22,-1,-23,0,-24,0,-24,0,-23,-1,-22,-1,-20,-2,-17,-3,-15,-5,-12,-7,-10,-9,-8,-11,-6,-13,-5,-15,-5,-16,-5,-17,-5,-17,-5,-17,-6,-16,-7,-4,-2,0,0,0,0,0,0,0,0,0,0,0,0,0,0,0,0,0,0,-4,0,-14,2,-15,1,-16,0,-17,-1,-18,-2,-18,-2,-17,-2,-16,-1,-15,0,-14,2,-13,5,-12,8,-11,10,-11,13,-11,16,-10,18,-10,19,-10,21,-10,21,-10,21,-11,20,-11,19,-11,17,-11,14,-11,11,-11,8]"
CSI_DATA,42027,d8:b1:90:db:e8:90,-40,11,1,7,0,0,1,0,1,0,1,-94,0,4,0,658191255,0,100,0,128,1,"[100,-64,5,0,-12,9,-17,6,-22,2,-26,-1,-29,-4,-32,-6,-33,-8,-34,-9,-34,-10,-32,-9,-30,-8,-27,-6,-24,-4,-21,-1,-18,2,-16,5,-13,9,-12,13,-11,16,-10,19,-10,21,-11,22,-12,22,-14,21,-15,20,-4,5,0,0,0,0,0,0,0,0,0,0,0,0,0,0,0,0,0,0,-1,4,-4,19,-6,21,-8,22,-10,23,-11,23,-12,23,-11,22,-9,22,-7,21,-4,21,0,21,5,20,9,20,14,20,17,20,20,21,23,22,25,22,27,23,26,23,25,22,23,22,20,21,16,21,11,19,7,18]"
CSI_DATA,42028,d8:b1:90:db:e8:90,-40,11,1,7,0,0,1,0,1,0,1,-94,0,4,0,658207026,0,100,0,128,1,"[100,-64,5,0,-8,10,-15,9,-21,7,-27,6,-31,4,-34,2,-36,0,-37,-1,-37,-2,-36,-2,-34,-1,-31,0,-28,1,-24,3,-20,6,-17,10,-14,13,-12,16,-10,19,-10,22,-10,24,-10,25,-11,25,-14,24,-15,23,-4,5,0,0,0,0,0,0,0,0,0,0,0,0,0,0,0,0,0,0,2,4,10,18,10,21,9,24,8,26,7,27,7,27,7,26,8,24,9,22,12,20,14,17,18,15,22,12,26,10,29,9,32,7,34,7,36,6,37,6,37,7,36,7,33,8,29,8,25,10,20,10,15,11]"
CSI_DATA,42029,d8:b1:90:db:e8:90,-41,11,1,7,0,0,1,0,1,0,1,-94,0,4,0,658217994,0,100,0,128,1,"[100,-64,5,0,11,-4,14,1,17,5,19,9,20,12,21,15,22,17,22,18,21,19,20,18,19,17,18,15,17,13,16,9,16,6,15,3,16,-1,16,-4,17,-6,18,-8,18,-9,19,-9,20,-8,20,-7,20,-6,5,-2,0,0,0,0,0,0,0,0,0,0,0,0,0,0,0,0,0,0,0,-5,3,-17,5,-18,7,-19,9,-20,10,-20,10,-20,10,-20,8,-20,7,-20,4,-20,1,-20,-2,-20,-5,-21,-9,-22,-11,-23,-14,-24,-15,-25,-16,-26,-17,-26,-16,-26,-15,-26,-14,-25,-11,-23,-8,-21,-4,-19,-1,-17]"
CSI_DATA,42030,d8:b1:90:db:e8:90,-41,11,1,7,0,0,1,0,1,0,1,-94,0,4,0,658230911,0,100,0,128,1,"[100,-64,5,0,-1,10,-5,12,-9,14,-13,15,-15,16,-18,16,-20,16,-21,16,-21,15,-21,14,-20,13,-17,13,-15,12,-11,12,-8,12,-4,12,-1,12,2,13,4,14,6,15,7,16,7,17,6,18,5,18,3,18,0,4,0,0,0,0,0,0,0,0,0,0,0,0,0,0,0,0,0,0,3,2,12,9,12,11,12,13,12,15,12,15,12,15,12,14,12,13,12,11,13,9,14,7,15,4,17,1,19,-1,21,-4,22,-6,24,-8,25,-9,25,-9,25,-9,25,-8,24,-7,22,-6,19,-3,16,0,14,2]"
CSI_DATA,42031,d8:b1:90:db:e8:90,-41,11,1,7,0,0,1,0,1,0,1,-94,0,4,0,658248950,0,100,0,128,1,"[100,-64,5,0,11,4,11,9,11,14,11,18,10,21,10,24,9,26,9,27,8,26,8,25,7,24,7,22,7,18,8,15,9,11,11,8,13,4,14,2,16,-1,17,-2,19,-2,20,-2,21,-2,21,0,21,1,5,0,0,0,0,0,0,0,0,0,0,0,0,0,0,0,0,0,0,0,3,-2,15,-8,17,-7,19,-6,20,-5,21,-4,21,-4,20,-4,19,-5,17,-7,15,-9,13,-11,11,-14,9,-17,8,-20,6,-23,5,-26,4,-28,4,-29,4,-30,4,-30,4,-29,5,-28,6,-25,7,-21,9,-17,10,-14]"
CSI_DATA,42032,d8:b1:90:db:e8:90,-41,11,1,7,0,0,1,0,1,0,1,-94,0,4,0,658273853,0,100,0,128,1,"[100,-64,5,0,-1,9,-5,10,-9,11,-13,12,-16,12,-18,12,-19,12,-20,12,-20,11,-19,11,-18,11,-16,11,-14,10,-11,10,-9,10,-5,10,-3,11,0,12,2,13,3,14,4,15,4,16,3,16,2,17,1,17,0,4,0,0,0,0,0,0,0,0,0,0,0,0,0,0,0,0,0,0,2,2,10,8,10,10,9,12,9,13,9,14,9,14,9,13,9,12,9,11,10,9,12,7,13,5,15,3,17,0,19,-1,20,-3,21,-4,23,-4,23,-5,23,-4,23,-4,21,-3,19,-2,17,0,14,2,12,4]"
CSI_DATA,42033,d8:b1:90:db:e8:90,-40,11,1,7,0,0,1,0,1,0,1,-94,0,4,0,658285051,0,100,0,128,1,"[100,-64,5,0,10,-3,12,0,15,4,17,7,18,11,18,13,19,15,20,16,19,16,18,15,18,14,16,12,15,10,14,8,13,5,13,1,13,-2,13,-5,14,-7,15,-8,15,-9,16,-9,17,-9,17,-8,18,-6,4,-2,0,0,0,0,0,0,0,0,0,0,0,0,0,0,0,0,0,0,0,-4,3,-16,5,-17,7,-17,8,-18,9,-18,9,-18,9,-17,8,-17,6,-17,3,-16,1,-17,-2,-17,-5,-18,-8,-19,-11,-20,-13,-21,-14,-22,-15,-23,-15,-23,-15,-23,-14,-23,-13,-22,-11,-21,-8,-19,-4,-17,-1,-15]"
CSI_DATA,42034,d8:b1:90:db:e8:90,-40,11,1,7,0,0,1,0,1,0,1,-94,0,4,0,658296664,0,100,0,128,1,"[100,-64,5,0,9,-7,15,-4,19,0,23,3,26,6,29,9,30,11,30,12,30,13,29,12,27,12,26,10,24,8,22,5,20,2,18,-2,17,-6,17,-10,17,-12,17,-14,18,-15,19,-15,20,-15,21,-13,22,-12,5,-3,0,0,0,0,0,0,0,0,0,0,0,0,0,0,0,0,0,0,-2,-5,-7,-19,-6,-21,-4,-24,-3,-25,-2,-26,-2,-26,-2,-26,-3,-25,-5,-24,-7,-23,-10,-21,-14,-20,-17,-19,-21,-18,-24,-18,-27,-18,-29,-18,-30,-18,-31,-18,-30,-19,-29,-19,-26,-19,-23,-18,-19,-18,-14,-17,-9,-16]"
CSI_DATA,42035,d8:b1:90:db:e8:90,-41,11,1,7,0,0,1,0,1,0,1,-94,0,4,0,658307209,0,100,0,128,1,"[100,-64,5,0,-6,7,-10,6,-14,4,-17,3,-20,2,-21,1,-23,0,-23,-1,-23,-2,-22,-2,-21,-1,-19,-1,-17,1,-14,2,-12,4,-9,6,-7,8,-6,10,-5,12,-4,14,-4,15,-4,16,-5,16,-6,16,-7,15,-2,3,0,0,0,0,0,0,0,0,0,0,0,0,0,0,0,0,0,0,0,3,2,13,1,14,-1,16,-2,16,-2,16,-2,16,-2,16,-1,15,0,14,2,13,5,12,8,11,10,10,13,9,15,9,18,8,20,8,21,8,22,8,22,8,21,8,19,8,17,9,14,9,11,9,8,9]"
CSI_DATA,42036,d8:b1:90:db:e8:90,-40,11,1,7,0,0,1,0,1,0,1,-94,0,4,0,658326847,0,100,0,128,1,"[100,-64,5,0,7,-6,11,-3,15,-1,18,1,21,3,23,5,24,6,24,8,24,8,23,8,21,7,20,6,18,4,16,2,14,-1,13,-4,12,-6,11,-9,11,-12,11,-14,11,-15,12,-15,13,-15,14,-14,14,-13,3,-3,0,0,0,0,0,0,0,0,0,0,0,0,0,0,0,0,0,0,-2,-4,-5,-16,-4,-17,-2,-19,-1,-20,0,-21,0,-20,0,-20,-1,-19,-3,-18,-5,-17,-7,-16,-10,-15,-13,-14,-17,-13,-19,-13,-22,-12,-23,-12,-25,-13,-25,-13,-25,-13,-24,-13,-22,-13,-20,-13,-16,-12,-12,-12,-9,-12]"
CSI_DATA,42037,d8:b1:90:db:e8:90,-41,11,1,7,0,0,1,0,1,0,1,-94,0,4,0,658338472,0,100,0,128,1,"[100,-64,5,0,9,-5,13,-2,16,2,19,5,20,7,22,9,23,11,23,12,22,12,21,12,20,11,18,9,16,7,15,4,13,1,12,-2,11,-6,10,-9,10,-11,10,-14,11,-15,11,-15,13,-15,14,-14,15,-13,3,-4,0,0,0,0,0,0,0,0,0,0,0,0,0,0,0,0,0,0,1,-4,5,-15,6,-16,8,-17,10,-17,10,-17,10,-17,10,-17,8,-16,6,-16,4,-16,1,-16,-3,-16,-6,-17,-9,-17,-12,-19,-15,-19,-16,-20,-18,-21,-19,-21,-19,-21,-18,-21,-16,-21,-14,-20,-11,-18,-7,-16,-4,-15]"
CSI_DATA,42038,d8:b1:90:db:e8:90,-40,11,1,7,0,0,1,0,1,0,1,-94,0,4,0,658357076,0,100,0,128,1,"[100,-64,5,0,-1,11,-6,13,-11,14,-15,15,-19,16,-22,16,-24,16,-25,15,-25,15,-24,14,-23,14,-21,13,-17,13,-14,12,-10,13,-6,13,-3,14,0,15,3,17,4,18,5,19,5,20,4,21,3,21,1,21,0,5,0,0,0,0,0,0,0,0,0,0,0,0,0,0,0,0,0,0,3,2,14,10,14,12,14,14,14,16,13,17,13,17,13,16,13,15,14,13,14,10,16,7,17,4,19,1,21,-2,23,-5,25,-7,27,-8,28,-9,29,-10,29,-9,28,-9,27,-7,25,-5,22,-2,18,1,15,3]"
CSI_DATA,42039,d8:b1:90:db:e8:90,-40,11,1,7,0,0,1,0,1,0,1,-94,0,4,0,658376631,0,100,0,128,1,"[100,-64,5,0,9,5,8,10,8,14,7,18,6,21,4,23,4,25,3,25,3,25,3,24,3,23,3,21,3,18,5,16,7,13,9,10,11,8,13,6,15,4,16,3,17,3,18,4,19,5,18,6,17,7,4,1,0,0,0,0,0,0,0,0,0,0,0,0,0,0,0,0,0,0,3,-2,13,-8,15,-7,17,-6,18,-6,19,-5,19,-5,19,-5,18,-6,16,-7,14,-8,13,-11,11,-13,9,-16,8,-19,7,-21,6,-24,5,-26,5,-27,5,-27,5,-27,6,-26,7,-25,7,-22,8,-19,9,-15,10,-12]"
CSI_DATA,42040,d8:b1:90:db:e8:90,-40,11,1,7,0,0,1,0,1,0,1,-94,0,4,0,658390596,0,100,0,128,1,"[100,-64,5,0,-6,-6,-5,-10,-3,-14,-2,-17,0,-20,1,-22,3,-23,3,-24,4,-24,4,-23,3,-22,3,-20,1,-18,-1,-16,-3,-14,-5,-12,-7,-11,-10,-10,-12,-9,-14,-9,-15,-10,-15,-11,-15,-11,-14,-12,-13,-13,-4,-4,0,0,0,0,0,0,0,0,0,0,0,0,0,0,0,0,0,0,-3,1,-13,7,-14,7,-16,6,-18,5,-18,5,-18,5,-18,5,-17,5,-15,6,-14,8,-12,9,-10,11,-9,14,-8,16,-7,19,-6,21,-6,22,-6,23,-5,24,-5,24,-6,23,-6,21,-7,19,-8,16,-8,12,-8,9]"
CSI_DATA,42041,d8:b1:90:db:e8:90,-40,11,1,7,0,0,1,0,1,0,1,-94,0,4,0,658409394,0,100,0,128,1,"[100,-64,5,0,-14,0,-16,-6,-18,-12,-19,-16,-20,-20,-20,-23,-20,-26,-20,-27,-20,-27,-19,-27,-18,-25,-17,-22,-16,-19,-16,-15,-16,-11,-16,-7,-17,-3,-19,0,-20,3,-21,5,-23,6,-24,6,-24,5,-25,4,-25,2,-6,0,0,0,0,0,0,0,0,0,0,0,0,0,0,0,0,0,0,0,-3,4,-11,16,-14,16,-17,16,-18,16,-19,16,-20,16,-19,16,-18,16,-15,16,-12,17,-9,19,-6,20,-2,23,1,25,4,27,6,29,8,31,9,32,9,33,9,33,8,32,6,31,4,29,1,25,-2,21,-4,18]"
CSI_DATA,42042,d8:b1:90:db:e8:90,-41,11,1,7,0,0,1,0,1,0,1,-94,0,4,0,658422019,0,100,0,128,1,"[100,-64,5,0,-12,6,-16,2,-19,-1,-22,-5,-24,-7,-25,-9,-26,-11,-26,-11,-26,-12,-25,-12,-24,-11,-22,-9,-20,-6,-17,-3,-15,-1,-13,3,-12,6,-11,10,-10,12,-10,14,-10,16,-11,17,-12,17,-13,16,-14,16,-4,3,0,0,0,0,0,0,0,0,0,0,0,0,0,0,0,0,0,0,-3,3,-9,14,-11,14,-13,15,-15,15,-16,15,-16,14,-15,14,-13,14,-11,14,-8,15,-5,15,-2,16,2,18,5,19,9,21,11,22,14,23,15,24,15,24,15,24,15,24,13,23,10,22,7,21,3,19,1,17]"
CSI_DATA,42043,d8:b1:90:db:e8:90,-41,11,1,7,0,0,1,0,1,0,1,-94,0,4,0,658437113,0,100,0,128,1,"[100,-64,5,0,11,-1,13,3,15,7,16,10,16,13,17,16,17,17,17,18,16,18,16,17,15,16,14,14,13,12,12,9,12,6,12,2,13,-1,13,-4,14,-6,14,-8,15,-8,16,-9,16,-8,17,-7,17,-6,4,-2,0,0,0,0,0,0,0,0,0,0,0,0,0,0,0,0,0,0,2,-3,9,-12,11,-12,13,-12,15,-12,15,-11,15,-11,15,-11,13,-11,12,-12,9,-13,7,-14,4,-15,1,-18,-1,-20,-3,-22,-4,-23,-5,-25,-6,-26,-7,-26,-6,-26,-6,-26,-4,-24,-3,-23,-1,-20,2,-18,4,-15]"
CSI_DATA,42044,d8:b1:90:db:e8:90,-41,11,1,7,0,0,1,0,1,0,1,-94,0,4,0,658448098,0,100,0,128,1,"[100,-64,5,0,8,-4,11,-1,13,2,15,5,17,7,18,9,18,10,19,11,19,11,18,11,17,10,16,9,15,7,14,5,13,3,12,0,12,-3,12,-5,12,-7,12,-9,13,-10,13,-10,14,-9,14,-8,15,-7,3,-2,0,0,0,0,0,0,0,0,0,0,0,0,0,0,0,0,0,0,0,-4,1,-14,2,-15,4,-16,5,-16,5,-17,6,-17,5,-16,4,-16,3,-16,1,-15,-1,-15,-4,-15,-7,-16,-9,-16,-11,-16,-13,-17,-15,-18,-16,-18,-16,-19,-16,-19,-15,-18,-13,-18,-11,-17,-8,-16,-5,-14,-3,-13]"
CSI_DATA,42045,d8:b1:90:db:e8:90,-40,11,1,7,0,0,1,0,1,0,1,-94,0,4,0,658477912,0,100,0,128,1,"[100,-64,5,0,7,2,8,6,8,10,8,14,7,17,7,19,7,20,7,21,6,21,5,21,5,20,5,18,6,16,7,13,8,11,9,9,10,7,12,5,14,3,15,2,15,3,16,3,16,4,16,5,15,6,3,1,0,0,0,0,0,0,0,0,0,0,0,0,0,0,0,0,0,0,1,-3,8,-11,9,-11,11,-12,12,-11,13,-11,14,-11,13,-11,12,-12,11,-12,9,-12,7,-13,5,-15,3,-17,1,-19,0,-21,-2,-22,-3,-23,-3,-24,-3,-24,-3,-24,-2,-23,-1,-22,0,-20,2,-18,3,-14,4,-12]"
CSI_DATA,42046,d8:b1:90:db:e8:90,-40,11,1,7,0,0,1,0,0,0,1,-94,0,4,0,658489357,0,100,0,128,1,"[100,-64,5,0,-14,-17,-14,-17,-14,-16,-14,-16,-15,-16,-15,-15,-15,-15,-16,-14,-16,-14,-16,-14,-17,-13,-17,-13,-17,-13,-16,-12,-16,-12,-16,-13,-15,-13,-15,-13,-14,-12,-14,-12,-13,-12,-12,-12,-12,-11,-12,-12,-11,-13,-3,-4,0,0,0,0,0,0,0,0,0,0,0,0,0,0,0,0,0,0,-3,-3,-12,-11,-11,-12,-11,-13,-10,-14,-10,-15,-11,-15,-11,-16,-11,-16,-11,-17,-11,-17,-10,-18,-10,-18,-10,-19,-10,-19,-10,-18,-10,-18,-11,-18,-11,-18,-11,-18,-12,-18,-13,-18,-13,-18,-12,-18,-13,-18,-13,-18,-13,-18]"
CSI_DATA,42047,d8:b1:90:db:e8:90,-41,11,1,7,0,0,1,0,0,0,1,-94,0,4,0,658501992,0,100,0,128,1,"[100,-64,5,0,-8,-21,-8,-21,-8,-21,-8,-21,-9,-20,-9,-20,-10,-20,-10,-19,-11,-19,-11,-19,-12,-19,-12,-18,-12,-18,-12,-18,-11,-18,-11,-18,-11,-18,-10,-17,-10,-17,-9,-16,-9,-16,-9,-16,-8,-16,-7,-16,-6,-16,-2,-4,0,0,0,0,0,0,0,0,0,0,0,0,0,0,0,0,0,0,-2,-4,-8,-15,-7,-16,-6,-17,-5,-17,-5,-18,-5,-18,-5,-19,-5,-20,-5,-20,-4,-21,-3,-21,-3,-21,-3,-22,-3,-21,-3,-21,-4,-21,-5,-21,-5,-21,-5,-22,-5,-22,-6,-22,-6,-22,-6,-22,-6,-22,-6,-22,-6,-22]"
CSI_DATA,42048,d8:b1:90:db:e8:90,-40,11,1,7,0,0,1,0,0,0,1,-94,0,4,0,658514981,0,100,0,128,1,"[100,-64,5,0,-21,-15,-21,-14,-21,-14,-21,-14,-21,-13,-21,-13,-21,-12,-20,-11,-20,-10,-21,-10,-21,-9,-21,-9,-21,-9,-20,-9,-20,-9,-20,-9,-20,-9,-19,-9,-19,-9,-18,-9,-18,-9,-17,-9,-16,-9,-16,-9,-15,-10,-4,-3,0,0,0,0,0,0,0,0,0,0,0,0,0,0,0,0,0,0,-4,-2,-16,-8,-16,-9,-16,-10,-16,-11,-16,-12,-16,-12,-17,-13,-17,-14,-17,-14,-17,-15,-17,-16,-17,-16,-17,-17,-16,-17,-16,-17,-16,-17,-16,-17,-16,-17,-16,-16,-17,-16,-17,-16,-17,-16,-18,-16,-19,-15,-19,-15,-19,-15]"
CSI_DATA,42049,d8:b1:90:db:e8:90,-40,11,1,7,0,0,1,0,0,0,1,-94,0,4,0,658525256,0,100,0,128,1,"[100,-64,5,0,22,-7,22,-7,22,-7,21,-7,21,-8,21,-8,20,-8,20,-8,20,-9,19,-9,19,-9,19,-10,18,-10,18,-9,19,-9,19,-8,19,-8,18,-7,18,-7,17,-6,17,-6,17,-5,16,-5,17,-4,17,-4,4,-1,0,0,0,0,0,0,0,0,0,0,0,0,0,0,0,0,0,0,3,-3,15,-9,16,-8,16,-7,17,-7,17,-6,18,-6,19,-6,20,-5,20,-5,21,-5,21,-4,21,-4,21,-3,21,-3,21,-4,21,-4,22,-4,22,-4,22,-5,22,-5,22,-6,22,-6,22,-6,22,-6,22,-6,23,-7]"
CSI_DATA,42050,d8:b1:90:db:e8:90,-40,11,1,7,0,0,1,0,0,0,1,-94,0,4,0,658535366,0,100,0,128,1,"[100,-64,5,0,20,4,20,3,20,3,20,3,20,2,19,2,19,1,19,1,18,0,19,0,19,0,18,-1,18,-1,18,-1,18,0,18,0,18,1,17,1,16,1,16,1,15,1,15,1,14,2,14,2,14,2,3,0,0,0,0,0,0,0,0,0,0,0,0,0,0,0,0,0,0,0,3,0,15,1,15,2,15,2,15,3,15,4,16,4,17,5,17,5,17,6,17,6,17,6,17,7,17,7,17,7,17,7,18,7,18,6,18,6,18,6,19,6,19,5,19,5,19,4,19,4,20,5,20,5]"
CSI_DATA,42051,d8:b1:90:db:e8:90,-40,11,1,7,0,0,1,0,0,0,1,-94,0,4,0,658547636,0,100,0,128,1,"[100,-64,5,0,8,19,8,18,8,18,8,18,8,18,9,18,9,17,9,17,9,16,9,16,9,16,9,16,9,17,9,17,9,17,9,17,8,17,8,16,7,16,7,16,6,15,6,15,6,15,5,15,4,15,1,3,0,0,0,0,0,0,0,0,0,0,0,0,0,0,0,0,0,0,1,3,7,13,7,14,6,15,5,15,6,16,5,16,5,17,5,17,5,18,5,18,4,19,4,19,4,19,4,19,4,19,4,19,4,19,5,19,5,19,6,19,6,19,6,19,7,19,7,20,8,19,8,19]"
CSI_DATA,42052,d8:b1:90:db:e8:90,-41,11,1,7,0,0,1,0,0,0,1,-94,0,4,0,658583173,0,100,0,128,1,"[100,-64,5,0,-12,-19,-13,-19,-13,-19,-13,-19,-13,-18,-13,-18,-13,-17,-13,-17,-13,-17,-13,-16,-13,-16,-13,-16,-13,-16,-13,-16,-12,-16,-13,-17,-12,-17,-12,-16,-11,-16,-11,-16,-10,-16,-10,-16,-9,-15,-8,-15,-8,-15,-2,-4,0,0,0,0,0,0,0,0,0,0,0,0,0,0,0,0,0,0,-3,-4,-11,-13,-10,-14,-10,-15,-9,-15,-9,-16,-9,-17,-9,-17,-9,-18,-9,-19,-9,-19,-8,-20,-9,-20,-9,-20,-9,-20,-8,-20,-8,-20,-9,-20,-9,-20,-9,-20,-10,-20,-11,-20,-11,-20,-11,-20,-11,-20,-12,-20,-12,-19]"
CSI_DATA,42053,d8:b1:90:db:e8:90,-40,11,1,7,0,0,1,0,0,0,1,-94,0,4,0,658593252,0,100,0,128,1,"[100,-64,5,0,-21,6,-21,6,-20,6,-19,6,-19,7,-19,7,-19,7,-18,7,-18,7,-18,8,-18,8,-18,7,-18,8,-18,7,-18,7,-18,7,-17,7,-17,6,-17,6,-16,6,-16,5,-15,5,-15,5,-15,4,-15,4,-4,1,0,0,0,0,0,0,0,0,0,0,0,0,0,0,0,0,0,0,-4,1,-14,7,-14,6,-15,6,-15,5,-16,5,-16,5,-17,5,-18,5,-18,4,-19,4,-19,4,-20,4,-20,3,-20,3,-19,3,-19,3,-20,4,-19,4,-19,4,-20,5,-20,5,-20,5,-20,5,-20,6,-20,6,-21,6]"
CSI_DATA,42054,d8:b1:90:db:e8:90,-41,11,1,7,0,0,1,0,0,0,1,-94,0,4,0,658603433,0,100,0,128,1,"[100,-64,5,0,17,14,17,13,17,13,17,12,17,12,17,11,17,11,17,10,16,10,16,10,17,10,16,10,16,10,16,10,17,10,17,10,16,10,15,10,15,10,15,9,14,9,13,9,13,9,13,10,12,10,3,2,0,0,0,0,0,0,0,0,0,0,0,0,0,0,0,0,0,0,3,1,14,7,14,8,13,9,13,9,13,10,14,11,14,12,14,12,14,13,14,14,14,15,14,15,14,15,14,15,14,14,14,14,14,14,14,14,15,14,16,14,16,14,16,14,16,14,16,14,16,14,17,14]"
CSI_DATA,42055,d8:b1:90:db:e8:90,-40,11,1,7,0,0,1,0,0,0,1,-94,0,4,0,658620980,0,100,0,128,1,"[100,-64,5,0,23,-7,23,-8,22,-8,22,-8,21,-8,20,-8,20,-9,20,-9,20,-10,20,-10,20,-10,20,-9,20,-10,20,-10,20,-10,20,-9,19,-9,19,-8,18,-8,18,-7,17,-6,16,-6,16,-5,17,-5,17,-4,4,-1,0,0,0,0,0,0,0,0,0,0,0,0,0,0,0,0,0,0,3,-2,15,-8,16,-8,16,-7,17,-6,17,-6,18,-6,19,-5,20,-5,21,-5,22,-4,23,-4,23,-3,23,-3,22,-3,22,-4,22,-4,22,-4,22,-4,22,-4,22,-5,22,-6,22,-6,22,-6,22,-6,23,-7,23,-7]"
CSI_DATA,42056,d8:b1:90:db:e8:90,-41,11,1,7,0,0,1,0,1,0,1,-94,0,4,0,658633516,0,100,0,128,1,"[100,-64,5,0,1,12,-3,15,-8,16,-12,18,-15,19,-17,19,-19,20,-20,20,-20,19,-19,19,-18,18,-16,17,-13,16,-10,14,-6,13,-2,13,1,13,4,13,7,14,9,15,11,15,12,16,11,17,10,18,8,18,2,4,0,0,0,0,0,0,0,0,0,0,0,0,0,0,0,0,0,0,3,2,13,11,12,13,12,15,12,17,11,18,11,18,11,17,11,15,12,13,13,10,14,7,16,4,18,1,20,-2,23,-5,24,-7,26,-9,27,-10,28,-10,28,-10,27,-9,26,-8,24,-6,21,-3,18,0,16,2]"
CSI_DATA,42057,d8:b1:90:db:e8:90,-40,11,1,7,0,0,1,0,1,0,1,-94,0,4,0,658646542,0,100,0,128,1,"[100,-64,5,0,-7,8,-11,7,-15,5,-19,4,-22,2,-25,1,-26,0,-26,-1,-26,-2,-26,-1,-24,-1,-22,0,-19,1,-17,3,-14,4,-11,7,-9,9,-8,11,-7,13,-6,15,-6,17,-6,18,-7,18,-9,17,-10,16,-3,4,0,0,0,0,0,0,0,0,0,0,0,0,0,0,0,0,0,0,1,3,4,14,3,16,2,18,1,19,1,20,0,19,1,19,1,18,3,17,5,15,8,13,11,12,14,11,17,9,19,8,21,8,23,8,25,8,26,8,26,8,25,9,23,9,20,9,17,9,13,10,10,10]"
CSI_DATA,42058,d8:b1:90:db:e8:90,-40,11,1,7,0,0,1,0,1,0,1,-94,0,4,0,658657909,0,100,0,128,1,"[100,-64,5,0,-5,8,-10,8,-14,8,-18,8,-22,7,-25,6,-26,5,-27,5,-27,4,-26,3,-24,4,-22,5,-20,5,-17,6,-14,8,-11,9,-9,11,-7,13,-5,15,-4,16,-4,18,-4,19,-5,19,-7,18,-8,18,-2,4,0,0,0,0,0,0,0,0,0,0,0,0,0,0,0,0,0,0,2,2,9,12,9,14,8,16,8,18,7,19,7,19,7,18,8,17,9,16,10,14,12,11,15,9,17,7,20,5,22,4,24,3,26,2,27,1,28,1,28,2,27,2,25,3,22,4,19,5,16,6,12,7]"
CSI_DATA,42059,d8:b1:90:db:e8:90,-41,11,1,7,0,0,1,0,1,0,1,-94,0,4,0,658671704,0,100,0,128,1,"[100,-64,5,0,-13,-4,-13,-9,-13,-14,-12,-18,-12,-22,-11,-24,-10,-26,-10,-27,-9,-27,-9,-26,-9,-24,-9,-22,-9,-19,-10,-15,-11,-11,-12,-8,-14,-5,-15,-2,-17,1,-18,2,-20,3,-21,3,-22,2,-22,1,-21,-1,-6,-1,0,0,0,0,0,0,0,0,0,0,0,0,0,0,0,0,0,0,-4,1,-17,6,-18,5,-20,4,-21,2,-22,2,-22,1,-22,2,-20,3,-18,4,-16,6,-14,9,-12,12,-10,16,-8,19,-7,22,-6,24,-5,27,-5,28,-5,29,-5,29,-5,28,-6,26,-7,24,-8,21,-10,17,-11,13]"
CSI_DATA,42060,d8:b1:90:db:e8:90,-40,11,1,7,0,0,1,0,1,0,1,-94,0,4,0,658685032,0,100,0,128,1,"[100,-64,5,0,7,3,7,7,7,11,7,15,6,17,5,20,5,21,4,22,4,22,4,21,4,20,4,18,4,16,5,13,6,11,8,9,9,6,11,5,13,4,14,3,15,3,16,3,16,4,16,5,15,6,3,1,0,0,0,0,0,0,0,0,0,0,0,0,0,0,0,0,0,0,2,-3,9,-10,11,-10,13,-9,14,-9,14,-9,15,-9,14,-9,13,-9,12,-10,10,-11,8,-12,6,-14,4,-16,3,-18,1,-20,0,-22,-1,-23,-1,-24,-1,-25,-1,-24,0,-24,1,-22,2,-20,3,-17,4,-14,5,-11]"
CSI_DATA,42061,d8:b1:90:db:e8:90,-40,11,1,7,0,0,1,0,1,0,1,-94,0,4,0,658697143,0,100,0,128,1,"[100,-64,5,0,8,-1,10,3,12,6,14,9,14,12,14,15,15,16,15,17,14,17,14,17,13,16,12,14,11,11,11,9,11,5,10,3,11,0,12,-3,13,-5,13,-6,14,-7,15,-7,16,-7,16,-6,17,-5,4,-1,0,0,0,0,0,0,0,0,0,0,0,0,0,0,0,0,0,0,1,-4,5,-13,6,-14,8,-15,10,-15,11,-15,11,-14,10,-14,9,-14,7,-14,5,-14,2,-14,-1,-15,-3,-16,-6,-17,-8,-18,-10,-19,-12,-20,-13,-21,-13,-22,-13,-22,-12,-22,-10,-21,-9,-19,-6,-18,-3,-15,-1,-13]"
CSI_DATA,42062,d8:b1:90:db:e8:90,-41,11,1,7,0,0,1,0,1,0,1,-94,0,4,0,658718144,0,100,0,128,1,"[100,-64,5,0,-9,11,-14,9,-19,8,-24,6,-28,4,-31,3,-32,2,-33,1,-33,0,-31,0,-29,0,-26,1,-23,2,-20,5,-16,7,-13,10,-9,13,-7,15,-5,18,-4,20,-3,21,-3,23,-4,24,-6,24,-8,23,-2,5,0,0,0,0,0,0,0,0,0,0,0,0,0,0,0,0,0,0,0,4,1,19,0,21,-3,23,-4,24,-5,24,-5,24,-4,23,-3,22,-1,21,2,19,6,18,10,16,15,15,19,14,23,14,26,13,29,13,31,12,32,13,32,13,30,13,28,13,25,14,21,14,16,14,12,14]"
CSI_DATA,42063,d8:b1:90:db:e8:90,-41,11,1,7,0,0,1,0,1,0,1,-94,0,4,0,658730109,0,100,0,128,1,"[100,-64,5,0,11,6,10,11,10,15,9,19,8,23,7,25,6,27,5,28,4,28,4,27,4,25,4,23,5,20,6,16,8,13,10,10,12,7,14,4,16,3,17,2,19,2,20,2,21,3,20,4,20,5,5,1,0,0,0,0,0,0,0,0,0,0,0,0,0,0,0,0,0,0,4,-2,16,-6,18,-5,20,-4,21,-2,21,-2,21,-2,21,-2,20,-3,19,-4,17,-7,15,-9,13,-13,12,-16,11,-19,10,-22,9,-25,9,-28,8,-29,9,-29,9,-29,9,-28,10,-27,11,-24,11,-20,12,-16,12,-12]"
CSI_DATA,42064,d8:b1:90:db:e8:90,-41,11,1,7,0,0,1,0,1,0,1,-94,0,4,0,658746393,0,100,0,128,1,"[100,-64,5,0,9,0,11,4,13,8,13,11,14,14,14,17,15,19,14,20,14,20,13,19,13,18,12,16,11,13,11,10,11,7,12,4,12,1,13,-2,14,-4,15,-5,16,-6,17,-6,17,-5,18,-4,18,-3,4,-1,0,0,0,0,0,0,0,0,0,0,0,0,0,0,0,0,0,0,1,-4,7,-14,9,-14,11,-14,12,-14,13,-14,14,-14,13,-14,12,-14,10,-14,7,-14,5,-15,2,-16,-1,-18,-4,-20,-6,-21,-8,-23,-9,-24,-10,-25,-10,-25,-10,-25,-9,-25,-8,-24,-6,-22,-3,-20,-1,-17,1,-14]"
CSI_DATA,42065,d8:b1:90:db:e8:90,-41,11,1,7,0,0,1,0,1,0,1,-94,0,4,0,658756807,0,100,0,128,1,"[100,-64,5,0,-10,5,-14,3,-17,0,-19,-3,-21,-5,-22,-7,-23,-9,-24,-10,-23,-10,-23,-10,-21,-9,-20,-7,-18,-5,-16,-3,-14,0,-12,3,-11,6,-10,8,-9,11,-9,13,-10,14,-10,15,-11,15,-12,14,-12,13,-3,3,0,0,0,0,0,0,0,0,0,0,0,0,0,0,0,0,0,0,-2,3,-5,14,-7,15,-9,16,-10,16,-11,16,-11,15,-10,15,-9,14,-7,14,-5,14,-2,15,2,15,5,15,8,16,11,17,13,18,15,18,16,19,17,19,17,19,16,19,14,18,12,18,9,17,6,15,3,13]"
CSI_DATA,42066,d8:b1:90:db:e8:90,-41,11,1,7,0,0,1,0,1,0,1,-94,0,4,0,658786065,0,100,0,128,1,"[100,-64,5,0,8,3,9,7,9,11,8,14,8,17,8,19,7,20,7,21,6,21,6,20,6,19,6,17,6,14,6,11,7,8,8,5,9,2,11,-1,12,-2,13,-4,15,-4,16,-4,16,-4,16,-3,16,-2,4,-1,0,0,0,0,0,0,0,0,0,0,0,0,0,0,0,0,0,0,3,-2,13,-5,14,-4,15,-3,16,-2,16,-2,16,-2,16,-2,15,-2,13,-4,11,-6,10,-8,8,-10,7,-13,5,-16,4,-18,3,-20,2,-22,2,-23,2,-24,2,-24,2,-24,3,-22,4,-21,5,-18,6,-14,7,-11]"
CSI_DATA,42067,d8:b1:90:db:e8:90,-41,11,1,7,0,0,1,0,1,0,1,-94,0,4,0,658796152,0,100,0,128,1,"[100,-64,5,0,9,-4,12,0,15,4,17,7,18,10,19,12,19,14,20,15,19,15,19,15,18,13,16,12,15,10,14,7,13,4,12,0,12,-3,12,-6,13,-8,14,-10,14,-11,15,-11,16,-11,17,-10,17,-8,4,-2,0,0,0,0,0,0,0,0,0,0,0,0,0,0,0,0,0,0,0,-4,4,-16,6,-16,8,-17,9,-18,10,-18,10,-17,10,-17,8,-17,7,-16,4,-16,1,-16,-2,-17,-5,-18,-8,-19,-11,-20,-13,-20,-15,-21,-16,-22,-16,-23,-16,-23,-16,-23,-14,-22,-12,-20,-9,-19,-6,-17,-3,-15]"
CSI_DATA,42068,d8:b1:90:db:e8:90,-41,11,1,7,0,0,1,0,1,0,1,-94,0,4,0,658808440,0,100,0,128,1,"[100,-64,5,0,0,9,-3,11,-7,13,-10,14,-12,15,-14,16,-16,16,-17,15,-17,15,-17,14,-16,13,-14,13,-12,12,-9,12,-6,11,-3,11,-1,12,2,12,4,12,5,13,6,14,7,15,6,16,4,16,3,16,0,4,0,0,0,0,0,0,0,0,0,0,0,0,0,0,0,0,0,0,2,1,11,6,12,8,12,9,12,11,12,11,12,12,12,11,12,10,12,8,13,6,13,4,14,2,16,-1,17,-3,18,-6,19,-7,20,-9,21,-10,22,-10,22,-10,21,-9,20,-8,19,-6,17,-3,15,-1,13,1]"
CSI_DATA,42069,d8:b1:90:db:e8:90,-40,11,1,7,0,0,1,0,1,0,1,-94,0,4,0,658818648,0,100,0,128,1,"[100,-64,5,0,10,4,10,9,9,15,8,19,8,22,7,25,6,27,5,28,5,27,4,27,4,25,4,23,5,20,6,16,8,13,10,10,12,7,14,5,16,3,18,2,19,2,20,3,21,4,20,5,19,6,4,1,0,0,0,0,0,0,0,0,0,0,0,0,0,0,0,0,0,0,3,-3,14,-11,16,-11,18,-10,19,-10,20,-9,20,-9,19,-9,18,-9,16,-10,14,-12,11,-14,9,-16,7,-19,5,-22,3,-25,2,-27,1,-29,1,-31,1,-31,1,-31,1,-30,3,-29,4,-26,5,-22,7,-18,8,-14]"
CSI_DATA,42070,d8:b1:90:db:e8:90,-40,11,1,7,0,0,1,0,1,0,1,-94,0,4,0,658831652,0,100,0,128,1,"[100,-64,5,0,12,-1,14,4,16,9,17,14,17,17,17,20,18,22,17,23,17,23,16,23,15,21,14,19,14,16,14,13,14,9,14,5,15,2,16,-1,17,-4,18,-5,19,-6,20,-6,21,-5,21,-4,21,-2,5,-1,0,0,0,0,0,0,0,0,0,0,0,0,0,0,0,0,0,0,2,-4,10,-16,12,-16,14,-16,15,-16,16,-16,17,-16,16,-15,15,-16,13,-16,10,-17,7,-18,4,-20,1,-21,-2,-23,-5,-25,-7,-27,-8,-29,-9,-30,-10,-31,-9,-31,-9,-30,-7,-29,-5,-27,-2,-24,1,-20,4,-17]"
CSI_DATA,42071,d8:b1:90:db:e8:90,-41,11,1,7,0,0,1,0,1,0,1,-94,0,4,0,658842452,0,100,0,128,1,"[100,-64,5,0,-10,1,-13,-3,-14,-7,-16,-11,-17,-13,-17,-16,-17,-17,-17,-19,-17,-19,-17,-19,-16,-17,-15,-16,-14,-14,-14,-11,-13,-8,-14,-5,-14,-2,-15,1,-16,2,-16,3,-17,4,-18,4,-18,4,-19,3,-19,1,-5,0,0,0,0,0,0,0,0,0,0,0,0,0,0,0,0,0,0,0,-1,3,-4,14,-6,15,-8,16,-9,16,-10,16,-11,16,-10,16,-9,16,-7,16,-5,16,-3,16,0,17,3,18,5,18,8,20,9,21,11,22,12,22,12,23,12,23,11,23,9,22,7,20,5,18,2,16,-1,13]"
CSI_DATA,42072,d8:b1:90:db:e8:90,-41,11,1,7,0,0,1,0,1,0,1,-94,0,4,0,658856608,0,100,0,128,1,"[100,-64,5,0,-14,-4,-15,-9,-16,-14,-15,-19,-15,-23,-15,-26,-15,-28,-15,-29,-14,-29,-13,-28,-13,-26,-12,-24,-13,-21,-13,-17,-13,-12,-14,-8,-15,-5,-17,-2,-19,1,-20,3,-22,3,-23,3,-24,3,-24,2,-24,0,-6,-1,0,0,0,0,0,0,0,0,0,0,0,0,0,0,0,0,0,0,-4,2,-17,10,-19,9,-22,8,-23,7,-23,7,-23,7,-23,7,-21,8,-19,9,-17,11,-14,14,-12,17,-10,20,-8,23,-5,26,-4,29,-3,31,-2,32,-2,33,-3,33,-3,32,-4,30,-6,28,-8,24,-9,20,-10,16]"
CSI_DATA,42073,d8:b1:90:db:e8:90,-40,11,1,7,0,0,1,0,1,0,1,-94,0,4,0,658891271,0,100,0,128,1,"[100,-64,5,0,5,-9,10,-7,13,-6,17,-5,19,-4,21,-3,22,-2,23,-1,22,-1,22,-1,20,-1,18,-2,16,-2,14,-4,11,-5,9,-7,7,-9,5,-12,4,-14,3,-15,3,-16,3,-17,4,-17,5,-17,6,-17,1,-4,0,0,0,0,0,0,0,0,0,0,0,0,0,0,0,0,0,0,-1,-4,-2,-14,-1,-16,0,-17,1,-18,2,-18,1,-18,1,-18,0,-17,-1,-16,-3,-15,-6,-14,-9,-13,-11,-12,-14,-11,-17,-11,-19,-11,-21,-11,-22,-11,-23,-11,-23,-11,-22,-11,-21,-11,-18,-11,-16,-11,-12,-11,-9,-11]"
CSI_DATA,42074,d8:b1:90:db:e8:90,-41,11,1,7,0,0,1,0,1,0,1,-94,0,4,0,658906757,0,100,0,128,1,"[100,-64,5,0,-12,2,-15,-3,-16,-6,-18,-10,-19,-12,-19,-15,-20,-17,-20,-18,-19,-18,-19,-17,-18,-16,-17,-14,-16,-11,-15,-8,-14,-5,-13,-2,-13,1,-14,4,-14,6,-14,8,-15,9,-16,10,-16,9,-17,8,-18,7,-5,1,0,0,0,0,0,0,0,0,0,0,0,0,0,0,0,0,0,0,-3,3,-10,12,-12,12,-14,12,-16,11,-16,11,-16,11,-16,11,-14,11,-12,12,-10,13,-7,14,-4,16,-2,18,1,19,3,21,4,23,6,24,7,25,8,25,8,26,7,25,6,24,4,22,1,20,-1,17,-3,15]"
CSI_DATA,42075,d8:b1:90:db:e8:90,-40,11,1,7,0,0,1,0,1,0,1,-94,0,4,0,658925262,0,100,0,128,1,"[100,-64,5,0,11,-4,14,1,17,5,19,9,20,12,21,15,21,16,21,18,21,18,20,17,19,16,18,14,17,11,16,8,15,5,15,1,15,-2,15,-5,15,-8,16,-9,17,-10,17,-10,18,-10,19,-9,19,-7,5,-2,0,0,0,0,0,0,0,0,0,0,0,0,0,0,0,0,0,0,1,-5,4,-17,6,-18,8,-19,10,-19,11,-19,11,-19,11,-19,9,-19,7,-18,5,-18,2,-19,-2,-20,-5,-21,-8,-22,-11,-23,-14,-24,-15,-25,-17,-26,-17,-27,-17,-26,-15,-26,-13,-25,-11,-24,-8,-22,-4,-19,-1,-17]"
CSI_DATA,42076,d8:b1:90:db:e8:90,-41,11,1,7,0,0,1,0,1,0,1,-94,0,4,0,658936342,0,100,0,128,1,"[100,-64,5,0,-9,-11,-7,-15,-4,-19,-1,-22,1,-25,3,-27,4,-28,5,-29,6,-28,5,-27,5,-26,3,-24,1,-21,-1,-18,-3,-16,-6,-14,-9,-12,-12,-11,-14,-10,-17,-9,-18,-10,-19,-10,-19,-10,-18,-11,-17,-12,-5,-4,0,0,0,0,0,0,0,0,0,0,0,0,0,0,0,0,0,0,-5,-1,-18,-3,-19,-4,-20,-6,-20,-8,-21,-9,-21,-9,-20,-8,-20,-7,-19,-5,-19,-2,-18,2,-18,5,-18,8,-19,12,-19,15,-20,18,-20,20,-20,21,-21,22,-21,22,-21,21,-20,19,-20,16,-19,13,-18,9,-17,5]"
CSI_DATA,42077,d8:b1:90:db:e8:90,-41,11,1,7,0,0,1,0,1,0,1,-94,0,4,0,658947821,0,100,0,128,1,"[100,-64,5,0,-11,0,-12,-4,-14,-7,-14,-10,-14,-13,-14,-15,-14,-17,-14,-18,-14,-18,-14,-17,-13,-16,-13,-14,-12,-12,-12,-9,-12,-7,-11,-4,-12,-1,-12,1,-13,3,-14,5,-14,5,-15,5,-16,5,-16,4,-16,3,-4,0,0,0,0,0,0,0,0,0,0,0,0,0,0,0,0,0,0,0,-3,2,-9,9,-11,9,-13,9,-14,9,-14,9,-15,8,-14,8,-13,9,-12,9,-10,10,-7,11,-5,13,-3,14,-1,16,1,18,2,20,3,21,4,22,4,22,4,22,3,22,2,21,1,19,-1,17,-3,15,-5,12]"
CSI_DATA,42078,d8:b1:90:db:e8:90,-40,11,1,7,0,0,1,0,1,0,1,-94,0,4,0,658970450,0,100,0,128,1,"[100,-64,5,0,-5,-11,-1,-15,3,-18,6,-21,9,-24,11,-25,13,-25,14,-25,15,-25,15,-24,14,-23,12,-21,9,-19,6,-18,2,-16,-1,-16,-4,-15,-8,-14,-10,-14,-13,-15,-14,-16,-14,-17,-14,-18,-12,-18,-11,-19,-3,-5,0,0,0,0,0,0,0,0,0,0,0,0,0,0,0,0,0,0,-5,-1,-18,-3,-19,-5,-20,-7,-21,-9,-21,-10,-21,-10,-21,-9,-20,-8,-19,-6,-19,-3,-19,0,-19,3,-19,7,-20,11,-20,14,-21,17,-22,19,-23,20,-23,21,-24,21,-23,20,-22,18,-22,15,-20,11,-18,7,-16,4]"
CSI_DATA,42079,d8:b1:90:db:e8:90,-40,11,1,7,0,0,1,0,1,0,1,-94,0,4,0,658989905,0,100,0,128,1,"[100,-64,5,0,-4,-8,-1,-11,2,-15,5,-17,7,-19,10,-20,11,-21,12,-21,12,-21,12,-20,11,-19,10,-18,8,-17,5,-16,3,-15,0,-14,-3,-14,-5,-14,-7,-14,-8,-14,-9,-15,-10,-16,-9,-16,-8,-16,-7,-17,-2,-5,0,0,0,0,0,0,0,0,0,0,0,0,0,0,0,0,0,0,-4,0,-15,2,-16,1,-17,0,-18,-1,-19,-2,-19,-2,-19,-2,-18,-1,-17,0,-16,2,-16,4,-15,7,-14,10,-14,13,-15,15,-15,17,-15,19,-15,20,-16,20,-16,20,-16,19,-16,17,-15,14,-14,11,-13,8,-12,5]"
CSI_DATA,42080,d8:b1:90:db:e8:90,-41,11,1,7,0,0,1,0,1,0,1,-94,0,4,0,659002669,0,100,0,128,1,"[100,-64,5,0,0,-12,4,-13,8,-14,11,-15,14,-16,17,-16,19,-16,19,-16,19,-15,19,-15,17,-14,15,-14,12,-13,9,-12,7,-12,4,-12,1,-13,-2,-14,-4,-14,-6,-15,-7,-16,-7,-17,-7,-18,-5,-18,-4,-18,-1,-5,0,0,0,0,0,0,0,0,0,0,0,0,0,0,0,0,0,0,-3,-3,-11,-12,-10,-14,-10,-15,-9,-17,-9,-17,-9,-17,-9,-17,-9,-15,-10,-14,-11,-11,-13,-9,-15,-7,-17,-5,-20,-3,-22,-1,-24,1,-25,2,-26,3,-27,3,-27,2,-26,2,-25,1,-23,0,-20,-2,-17,-4,-14,-6]"
CSI_DATA,42081,d8:b1:90:db:e8:90,-41,11,1,7,0,0,1,0,1,0,1,-94,0,4,0,659026160,0,100,0,128,1,"[100,-64,5,0,0,-12,6,-13,11,-15,15,-16,19,-17,21,-17,23,-17,24,-16,24,-16,23,-15,22,-14,19,-14,16,-13,12,-12,8,-12,4,-13,0,-14,-3,-15,-6,-16,-8,-18,-9,-19,-9,-20,-8,-21,-7,-21,-5,-21,-1,-6,0,0,0,0,0,0,0,0,0,0,0,0,0,0,0,0,0,0,-4,-3,-14,-13,-14,-15,-14,-17,-13,-19,-13,-20,-12,-20,-12,-19,-13,-17,-13,-14,-14,-11,-15,-8,-17,-5,-19,-1,-21,2,-24,5,-26,7,-28,9,-30,10,-30,10,-30,10,-30,9,-28,8,-26,6,-23,3,-19,0,-16,-3]"
CSI_DATA,42082,d8:b1:90:db:e8:90,-40,11,1,7,0,0,1,0,1,0,1,-94,0,4,0,659036695,0,100,0,128,1,"[100,-64,5,0,7,7,5,12,3,16,1,20,-1,23,-3,25,-4,26,-4,26,-5,26,-5,25,-4,23,-3,21,-2,19,0,16,3,13,5,11,8,8,11,7,14,6,16,6,17,6,18,6,18,7,18,8,17,9,4,2,0,0,0,0,0,0,0,0,0,0,0,0,0,0,0,0,0,0,4,-1,17,-2,18,-1,19,1,20,2,20,3,20,3,19,3,18,2,17,0,15,-3,14,-6,13,-9,12,-13,11,-17,11,-20,11,-23,11,-25,11,-26,12,-27,12,-27,12,-26,12,-24,12,-22,12,-18,12,-13,12,-10]"
CSI_DATA,42083,d8:b1:90:db:e8:90,-41,11,1,7,0,0,1,0,1,0,1,-94,0,4,0,659050948,0,100,0,128,1,"[100,-64,5,0,11,-3,13,1,15,5,17,8,18,11,19,13,19,15,19,16,19,16,18,15,17,14,16,12,15,10,14,7,13,4,13,1,13,-2,13,-5,13,-8,13,-9,14,-10,14,-11,15,-11,16,-10,16,-9,4,-2,0,0,0,0,0,0,0,0,0,0,0,0,0,0,0,0,0,0,1,-4,8,-13,10,-14,12,-14,13,-14,14,-14,14,-14,13,-14,12,-14,10,-14,8,-14,5,-15,2,-17,-1,-18,-4,-20,-6,-21,-8,-23,-10,-24,-10,-25,-11,-26,-11,-26,-10,-26,-8,-25,-6,-23,-4,-21,-1,-18,1,-16]"
CSI_DATA,42084,d8:b1:90:db:e8:90,-40,11,1,7,0,0,1,0,1,0,1,-94,0,4,0,659066992,0,100,0,128,1,"[100,-64,5,0,9,-3,12,2,15,6,17,10,18,13,18,15,19,17,19,18,19,18,18,18,17,17,16,15,15,12,14,9,14,6,14,3,14,0,15,-3,15,-5,16,-7,17,-8,18,-8,19,-7,19,-6,19,-5,4,-1,0,0,0,0,0,0,0,0,0,0,0,0,0,0,0,0,0,0,0,-4,3,-16,5,-17,6,-18,8,-19,9,-19,9,-19,9,-19,8,-19,6,-18,4,-18,1,-18,-2,-18,-6,-19,-9,-20,-11,-21,-14,-22,-16,-23,-17,-24,-17,-25,-16,-25,-15,-24,-14,-23,-11,-22,-8,-20,-4,-17,-2,-15]"
CSI_DATA,42085,d8:b1:90:db:e8:90,-40,11,1,7,0,0,1,0,1,0,1,-94,0,4,0,659093848,0,100,0,128,1,"[100,-64,5,0,-9,-3,-9,-8,-9,-12,-9,-16,-9,-19,-8,-21,-8,-23,-8,-24,-7,-24,-7,-23,-7,-21,-7,-19,-7,-17,-8,-14,-9,-11,-10,-8,-11,-6,-13,-4,-15,-2,-16,-1,-17,-1,-18,-1,-19,-2,-18,-3,-18,-4,-5,-2,0,0,0,0,0,0,0,0,0,0,0,0,0,0,0,0,0,0,-3,2,-10,11,-11,11,-13,11,-15,11,-16,11,-16,10,-15,10,-14,10,-12,10,-10,11,-7,12,-5,14,-2,16,0,18,2,20,3,21,4,23,5,24,5,25,5,25,4,24,3,23,1,21,0,18,-2,15,-3,12]"
CSI_DATA,42086,d8:b1:90:db:e8:90,-40,11,1,7,0,0,1,0,1,0,1,-94,0,4,0,659105861,0,100,0,128,1,"[100,-64,5,0,-5,-10,-1,-14,2,-17,5,-19,8,-21,10,-22,12,-23,12,-23,12,-22,12,-22,11,-21,10,-20,7,-18,5,-17,2,-15,-1,-14,-4,-14,-7,-14,-9,-14,-11,-14,-12,-14,-12,-15,-12,-16,-11,-16,-9,-17,-3,-5,0,0,0,0,0,0,0,0,0,0,0,0,0,0,0,0,0,0,-4,-1,-16,-3,-17,-5,-18,-7,-18,-8,-19,-9,-19,-9,-18,-8,-18,-7,-17,-5,-17,-3,-17,0,-17,3,-18,6,-18,9,-19,12,-20,14,-21,16,-21,17,-22,18,-22,17,-21,16,-21,14,-20,12,-19,9,-17,5,-15,2]"
CSI_DATA,42087,d8:b1:90:db:e8:90,-40,11,1,7,0,0,1,0,1,0,1,-94,0,4,0,659117198,0,100,0,128,1,"[100,-64,5,0,-9,4,-12,2,-16,-1,-18,-3,-20,-5,-21,-7,-22,-8,-22,-9,-22,-10,-21,-10,-20,-9,-19,-8,-17,-6,-15,-4,-14,-1,-12,2,-12,4,-11,7,-11,9,-11,11,-11,12,-12,12,-13,12,-14,12,-15,11,-4,2,0,0,0,0,0,0,0,0,0,0,0,0,0,0,0,0,0,0,0,3,-1,14,-2,15,-3,16,-5,17,-5,17,-5,17,-5,16,-4,16,-3,15,0,14,2,14,5,13,8,13,11,13,14,13,16,14,17,14,19,15,19,15,19,15,19,15,17,15,14,15,11,14,8,13,5,12]"
CSI_DATA,42088,d8:b1:90:db:e8:90,-40,11,1,7,0,0,1,0,1,0,1,-94,0,4,0,659129935,0,100,0,128,1,"[100,-64,5,0,6,11,3,14,0,17,-3,19,-5,22,-7,23,-8,24,-9,24,-9,23,-9,23,-8,21,-7,20,-5,18,-2,16,0,14,3,13,6,11,9,10,11,10,13,10,14,10,15,10,15,11,14,12,13,13,3,3,0,0,0,0,0,0,0,0,0,0,0,0,0,0,0,0,0,0,3,0,14,4,15,6,16,8,16,9,16,10,16,10,16,10,16,8,16,6,15,4,16,1,16,-2,17,-6,18,-9,19,-11,20,-13,20,-15,21,-16,22,-17,22,-17,22,-16,21,-14,20,-12,19,-9,17,-6,16,-3]"
CSI_DATA,42089,d8:b1:90:db:e8:90,-41,11,1,7,0,0,1,0,1,0,1,-94,0,4,0,659148222,0,100,0,128,1,"[100,-64,5,0,10,-6,13,-2,16,1,18,3,20,6,21,7,22,9,23,10,22,10,21,10,20,9,19,7,17,5,15,2,13,0,12,-3,11,-6,10,-9,9,-12,9,-13,10,-15,10,-15,11,-15,12,-15,13,-14,3,-4,0,0,0,0,0,0,0,0,0,0,0,0,0,0,0,0,0,0,1,-4,5,-15,7,-15,9,-16,10,-17,11,-16,11,-16,11,-15,9,-15,7,-15,5,-15,1,-15,-2,-16,-5,-17,-8,-18,-11,-19,-13,-20,-15,-21,-17,-22,-17,-22,-17,-22,-16,-22,-15,-21,-12,-20,-9,-18,-5,-17,-3,-15]"
CSI_DATA,42090,d8:b1:90:db:e8:90,-40,11,1,7,0,0,1,0,1,0,1,-94,0,4,0,659168491,0,100,0,128,1,"[100,-64,5,0,-10,7,-15,4,-19,0,-22,-3,-24,-6,-25,-8,-25,-10,-25,-11,-25,-10,-24,-9,-23,-8,-22,-6,-20,-4,-18,-2,-16,0,-14,3,-12,6,-11,9,-10,11,-10,14,-10,15,-11,16,-12,16,-13,15,-14,14,-4,3,0,0,0,0,0,0,0,0,0,0,0,0,0,0,0,0,0,0,-2,3,-6,15,-7,15,-9,16,-10,17,-11,17,-11,17,-10,17,-9,17,-8,16,-5,16,-2,15,2,15,6,15,10,16,13,17,16,19,18,20,19,21,20,21,19,21,17,21,15,19,13,18,11,17,7,16,5,14]"
CSI_DATA,42091,d8:b1:90:db:e8:90,-40,11,1,7,0,0,1,0,1,0,1,-94,0,4,0,659196793,0,100,0,128,1,"[100,-64,5,0,-9,3,-12,0,-15,-3,-17,-5,-19,-8,-20,-10,-20,-11,-21,-12,-21,-13,-20,-12,-19,-11,-18,-10,-17,-8,-15,-5,-14,-3,-13,0,-13,2,-13,5,-13,7,-13,8,-14,9,-14,9,-15,9,-16,8,-16,7,-4,1,0,0,0,0,0,0,0,0,0,0,0,0,0,0,0,0,0,0,0,3,-1,13,-2,14,-3,16,-4,16,-5,17,-5,17,-5,16,-4,16,-2,15,0,15,2,14,5,14,7,14,10,14,13,14,15,15,16,15,17,16,18,16,18,16,17,16,15,16,13,15,10,14,6,13,3,12]"
CSI_DATA,42092,d8:b1:90:db:e8:90,-41,11,1,7,0,0,1,0,1,0,1,-94,0,4,0,659209425,0,100,0,128,1,"[100,-64,5,0,-8,6,-12,4,-15,2,-17,0,-20,-2,-21,-4,-22,-5,-23,-6,-23,-6,-22,-6,-21,-5,-20,-5,-18,-3,-16,-1,-15,1,-13,3,-12,6,-12,8,-11,9,-11,11,-11,12,-12,12,-12,12,-13,11,-14,10,-4,2,0,0,0,0,0,0,0,0,0,0,0,0,0,0,0,0,0,0,0,3,2,12,1,14,0,15,-1,16,-1,17,-2,17,-1,17,-1,16,1,15,2,14,4,14,7,13,10,13,12,12,15,13,17,13,18,13,19,13,20,13,20,13,19,13,17,13,15,13,12,13,8,12,5,12]"
CSI_DATA,42093,d8:b1:90:db:e8:90,-40,11,1,7,0,0,1,0,1,0,1,-94,0,4,0,659220906,0,100,0,128,1,"[100,-64,5,0,-5,9,-10,8,-15,7,-18,7,-22,6,-24,5,-25,4,-26,4,-26,3,-25,3,-23,4,-21,4,-19,5,-16,6,-13,7,-10,9,-8,11,-6,13,-4,15,-3,16,-2,17,-2,18,-3,18,-5,18,-6,18,-2,4,0,0,0,0,0,0,0,0,0,0,0,0,0,0,0,0,0,0,1,3,6,13,6,15,5,17,4,18,3,19,3,19,3,18,3,17,5,15,7,13,9,12,12,10,15,8,18,7,20,5,22,4,25,4,26,4,27,4,27,4,26,4,24,5,22,6,18,7,14,7,11,8]"
CSI_DATA,42094,d8:b1:90:db:e8:90,-41,11,1,7,0,0,1,0,1,0,1,-94,0,4,0,659236640,0,100,0,128,1,"[100,-64,5,0,6,-11,11,-10,16,-9,20,-8,23,-7,25,-6,27,-5,28,-4,27,-4,26,-4,24,-4,22,-5,19,-6,16,-7,12,-9,9,-11,7,-13,4,-15,2,-17,1,-19,0,-20,0,-21,2,-21,3,-21,5,-20,1,-5,0,0,0,0,0,0,0,0,0,0,0,0,0,0,0,0,0,0,-2,-4,-4,-17,-2,-19,-1,-21,0,-22,1,-22,2,-22,1,-21,0,-20,-2,-18,-5,-17,-7,-15,-10,-14,-14,-13,-18,-12,-21,-11,-24,-11,-27,-10,-28,-10,-29,-10,-29,-10,-28,-11,-26,-11,-23,-12,-20,-12,-15,-13,-12,-13]"
CSI_DATA,42095,d8:b1:90:db:e8:90,-40,11,1,7,0,0,1,0,1,0,1,-94,0,4,0,659256512,0,100,0,128,1,"[100,-64,5,0,1,8,-2,11,-6,13,-8,15,-11,16,-13,17,-15,18,-16,17,-16,17,-15,16,-15,15,-13,15,-11,14,-9,13,-6,12,-3,12,0,12,2,12,4,13,6,14,7,15,7,15,7,16,5,16,4,16,0,4,0,0,0,0,0,0,0,0,0,0,0,0,0,0,0,0,0,0,3,0,13,2,14,4,15,5,15,7,15,8,15,8,15,7,15,6,14,5,14,3,14,0,14,-3,15,-6,16,-8,17,-11,18,-13,18,-14,19,-15,19,-15,19,-15,19,-14,19,-13,18,-11,16,-8,14,-5,12,-2]"
CSI_DATA,42096,d8:b1:90:db:e8:90,-40,11,1,7,0,0,1,0,1,0,1,-94,0,4,0,659267635,0,100,0,128,1,"[100,-64,5,0,-2,10,-6,11,-10,11,-13,12,-16,12,-18,12,-19,12,-20,11,-20,11,-20,11,-19,10,-17,10,-14,10,-12,10,-9,10,-6,11,-4,12,-1,13,1,14,2,15,3,15,3,16,2,16,1,16,0,16,-1,4,0,0,0,0,0,0,0,0,0,0,0,0,0,0,0,0,0,0,2,2,8,10,8,11,8,13,7,14,7,15,7,15,7,14,8,14,8,12,10,10,11,8,13,6,15,4,17,2,19,1,21,-1,22,-1,23,-2,24,-2,24,-2,23,-2,22,-1,20,0,18,2,15,4,12,5]"
CSI_DATA,42097,d8:b1:90:db:e8:90,-40,11,1,7,0,0,1,0,1,0,1,-94,0,4,0,659299206,0,100,0,128,1,"[100,-64,5,0,-1,10,-6,12,-10,13,-13,14,-17,14,-19,14,-21,14,-22,14,-22,13,-21,13,-20,12,-18,12,-16,12,-13,12,-10,12,-7,13,-4,14,-2,14,0,16,1,17,2,17,2,18,2,19,0,19,-1,18,-1,4,0,0,0,0,0,0,0,0,0,0,0,0,0,0,0,0,0,0,3,1,13,7,13,9,13,11,13,13,13,13,13,14,13,14,13,12,13,11,14,9,15,6,16,3,18,1,20,-2,21,-4,23,-6,24,-7,25,-8,26,-8,26,-8,25,-7,24,-5,22,-4,20,-2,16,1,13,3]"
CSI_DATA,42098,d8:b1:90:db:e8:90,-41,11,1,7,0,0,1,0,1,0,1,-94,0,4,0,659311706,0,100,0,128,1,"[100,-64,5,0,1,15,-5,17,-9,19,-13,21,-17,22,-20,23,-22,23,-23,22,-24,22,-23,21,-21,20,-19,19,-15,18,-12,17,-7,16,-3,16,1,16,5,16,8,17,10,18,12,19,12,20,11,20,9,21,8,21,1,5,0,0,0,0,0,0,0,0,0,0,0,0,0,0,0,0,0,0,3,3,14,13,14,15,13,18,12,19,12,20,12,20,12,19,13,18,13,16,15,13,16,9,19,6,21,2,24,-1,26,-4,28,-6,30,-8,31,-9,32,-9,33,-9,32,-8,31,-6,29,-4,26,-1,22,2,19,4]"
CSI_DATA,42099,d8:b1:90:db:e8:90,-41,11,1,7,0,0,1,0,1,0,1,-94,0,4,0,659325597,0,100,0,128,1,"[100,-64,5,0,2,12,-3,15,-8,18,-11,20,-15,22,-18,23,-20,23,-21,23,-21,23,-21,21,-19,20,-17,20,-13,18,-10,17,-6,16,-2,16,2,16,6,16,9,16,11,17,12,18,13,19,12,20,10,20,8,20,2,5,0,0,0,0,0,0,0,0,0,0,0,0,0,0,0,0,0,0,4,1,17,7,18,10,18,12,18,14,19,15,18,15,18,14,17,13,17,10,17,7,17,3,18,-1,20,-5,22,-8,23,-11,25,-15,26,-17,27,-18,28,-18,28,-18,28,-17,27,-15,25,-12,23,-9,20,-5,17,-1]"
CSI_DATA,42100,d8:b1:90:db:e8:90,-40,11,1,7,0,0,1,0,1,0,1,-94,0,4,0,659339157,0,100,0,128,1,"[100,-64,5,0,-11,-5,-11,-10,-11,-14,-10,-18,-10,-21,-9,-24,-9,-25,-9,-26,-8,-26,-8,-25,-8,-23,-8,-21,-8,-18,-8,-14,-9,-11,-11,-7,-12,-4,-14,-1,-16,1,-17,3,-19,3,-20,3,-20,2,-20,2,-20,1,-5,0,0,0,0,0,0,0,0,0,0,0,0,0,0,0,0,0,0,0,-4,1,-16,4,-18,3,-19,2,-20,1,-21,0,-21,0,-20,0,-18,1,-17,3,-15,5,-13,7,-11,10,-9,14,-7,17,-6,20,-5,23,-4,25,-4,27,-4,28,-4,28,-4,27,-5,25,-6,23,-7,19,-9,16,-10,12]"
CSI_DATA,42101,d8:b1:90:db:e8:90,-41,11,1,7,0,0,1,0,1,0,1,-94,0,4,0,659353415,0,100,0,128,1,"[100,-64,5,0,-10,2,-13,-2,-15,-5,-16,-8,-18,-10,-19,-12,-19,-14,-19,-15,-19,-15,-18,-15,-17,-13,-16,-12,-15,-9,-14,-6,-13,-4,-12,-1,-12,2,-12,5,-12,7,-12,9,-13,10,-14,10,-15,10,-15,9,-16,8,-4,2,0,0,0,0,0,0,0,0,0,0,0,0,0,0,0,0,0,0,-2,2,-8,11,-10,11,-12,11,-13,11,-14,11,-14,11,-13,11,-12,11,-10,11,-8,11,-5,12,-3,13,0,15,3,16,5,17,7,19,9,20,10,21,10,21,10,21,9,21,8,20,6,19,4,17,1,15,-1,13]"
CSI_DATA,42102,d8:b1:90:db:e8:90,-41,11,1,7,0,0,1,0,1,0,1,-94,0,4,0,659366871,0,100,0,128,1,"[100,-64,5,0,8,-2,11,2,13,5,14,8,15,11,15,13,16,14,15,15,15,15,14,15,14,14,13,12,12,10,12,7,11,4,11,1,11,-2,12,-4,12,-6,13,-7,14,-8,14,-8,15,-8,16,-7,16,-6,4,-2,0,0,0,0,0,0,0,0,0,0,0,0,0,0,0,0,0,0,1,-3,5,-13,7,-13,9,-13,10,-14,11,-13,11,-13,10,-13,9,-13,8,-13,5,-13,3,-13,0,-14,-2,-15,-5,-16,-7,-18,-9,-19,-11,-20,-12,-21,-12,-21,-12,-21,-11,-21,-10,-20,-8,-19,-6,-17,-3,-15,0,-13]"
CSI_DATA,42103,d8:b1:90:db:e8:90,-40,11,1,7,0,0,1,0,1,0,1,-94,0,4,0,659377171,0,100,0,128,1,"[100,-64,5,0,-10,-6,-10,-11,-9,-15,-8,-18,-7,-21,-7,-24,-6,-26,-5,-26,-5,-26,-4,-26,-4,-24,-5,-22,-6,-19,-7,-16,-9,-13,-10,-10,-12,-8,-14,-6,-16,-4,-18,-3,-19,-3,-20,-4,-20,-5,-20,-5,-19,-7,-5,-2,0,0,0,0,0,0,0,0,0,0,0,0,0,0,0,0,0,0,-4,1,-15,6,-17,5,-19,4,-20,3,-21,2,-21,2,-20,3,-19,4,-18,5,-16,6,-14,8,-12,11,-11,14,-9,17,-8,20,-7,23,-7,25,-6,26,-6,27,-6,27,-7,26,-7,24,-8,21,-9,18,-10,14,-11,11]"
CSI_DATA,42104,d8:b1:90:db:e8:90,-40,11,1,7,0,0,1,0,1,0,1,-94,0,4,0,659401124,0,100,0,128,1,"[100,-64,5,0,-5,10,-11,11,-17,11,-21,11,-25,10,-29,9,-31,8,-32,7,-32,6,-31,6,-29,7,-27,7,-23,7,-20,9,-17,11,-14,13,-11,15,-9,17,-8,19,-7,21,-6,22,-6,23,-8,23,-9,22,-10,21,-3,5,0,0,0,0,0,0,0,0,0,0,0,0,0,0,0,0,0,0,3,2,14,11,15,13,14,16,14,18,14,19,14,20,14,19,14,18,15,16,16,14,17,11,19,8,22,5,25,2,27,0,29,-2,31,-3,33,-4,33,-4,33,-3,32,-2,31,-1,28,1,24,3,19,5,15,7]"
CSI_DATA,42105,d8:b1:90:db:e8:90,-41,11,1,7,0,0,1,0,1,0,1,-94,0,4,0,659413682,0,100,0,128,1,"[100,-64,5,0,-2,-9,1,-11,5,-13,8,-15,11,-16,13,-16,14,-17,15,-16,15,-16,14,-16,13,-15,12,-15,10,-14,7,-13,4,-13,1,-13,-1,-13,-3,-13,-5,-14,-6,-15,-7,-15,-8,-16,-7,-16,-6,-16,-5,-16,-1,-4,0,0,0,0,0,0,0,0,0,0,0,0,0,0,0,0,0,0,-4,-1,-13,-4,-14,-6,-14,-7,-15,-9,-15,-9,-15,-10,-15,-9,-14,-8,-14,-7,-14,-5,-14,-2,-14,0,-15,3,-16,5,-17,8,-18,10,-19,11,-19,12,-20,12,-20,12,-20,11,-19,10,-18,8,-17,6,-15,3,-13,1]"
CSI_DATA,42106,d8:b1:90:db:e8:90,-41,11,1,7,0,0,1,0,1,0,1,-94,0,4,0,659423989,0,100,0,128,1,"[100,-64,5,0,-7,8,-11,7,-15,5,-19,4,-21,3,-23,1,-25,0,-26,-1,-25,-1,-25,-1,-23,0,-22,1,-19,2,-17,3,-15,5,-13,7,-11,9,-9,11,-9,13,-8,15,-8,16,-8,16,-9,16,-11,16,-11,15,-3,3,0,0,0,0,0,0,0,0,0,0,0,0,0,0,0,0,0,0,1,3,6,13,6,15,5,16,4,18,3,18,3,19,3,18,4,18,5,16,7,15,9,13,11,12,14,10,17,9,20,8,22,7,23,7,24,7,25,7,25,7,24,8,22,8,20,9,16,9,13,10,10,10]"
CSI_DATA,42107,d8:b1:90:db:e8:90,-40,11,1,7,0,0,1,0,1,0,1,-94,0,4,0,659446896,0,100,0,128,1,"[100,-64,5,0,3,-12,9,-11,14,-11,18,-11,22,-11,24,-10,26,-10,27,-9,27,-8,27,-8,25,-8,22,-8,20,-8,17,-9,13,-11,11,-13,8,-15,6,-17,4,-19,3,-20,2,-21,2,-22,4,-22,5,-21,7,-21,1,-5,0,0,0,0,0,0,0,0,0,0,0,0,0,0,0,0,0,0,-3,-3,-12,-13,-12,-15,-12,-18,-11,-19,-11,-20,-11,-20,-11,-20,-11,-18,-12,-17,-14,-15,-15,-13,-17,-10,-20,-8,-23,-6,-25,-4,-27,-2,-29,-1,-30,-1,-31,-1,-31,-1,-30,-2,-28,-3,-26,-4,-22,-6,-18,-7,-14,-9]"
CSI_DATA,42108,d8:b1:90:db:e8:90,-41,11,1,7,0,0,1,0,1,0,1,-94,0,4,0,659460136,0,100,0,128,1,"[100,-64,5,0,-5,-10,-2,-13,2,-16,5,-19,7,-21,10,-22,11,-23,12,-23,12,-23,12,-22,11,-20,9,-19,6,-17,4,-15,1,-14,-2,-12,-6,-11,-9,-11,-11,-11,-14,-11,-15,-12,-16,-13,-15,-14,-14,-14,-13,-15,-3,-4,0,0,0,0,0,0,0,0,0,0,0,0,0,0,0,0,0,0,-4,-2,-16,-5,-16,-7,-17,-9,-17,-10,-17,-11,-17,-11,-16,-11,-16,-9,-15,-7,-15,-5,-15,-2,-15,2,-16,5,-16,8,-17,12,-18,14,-19,16,-19,18,-20,18,-20,18,-20,17,-20,16,-18,14,-17,11,-15,7,-14,3]"
CSI_DATA,42109,d8:b1:90:db:e8:90,-41,11,1,7,0,0,1,0,1,0,1,-94,0,4,0,659473264,0,100,0,128,1,"[100,-64,5,0,-6,-9,-2,-13,1,-17,3,-20,6,-22,7,-24,9,-25,10,-25,10,-24,10,-23,9,-22,7,-20,5,-18,2,-16,-1,-14,-4,-12,-7,-10,-11,-9,-13,-9,-15,-9,-17,-9,-18,-10,-17,-11,-16,-12,-15,-13,-4,-4,0,0,0,0,0,0,0,0,0,0,0,0,0,0,0,0,0,0,-4,-2,-16,-6,-17,-7,-17,-9,-18,-10,-18,-11,-18,-11,-17,-10,-17,-9,-16,-7,-15,-4,-15,-1,-15,2,-15,6,-16,9,-17,13,-17,15,-18,17,-18,19,-19,20,-19,20,-19,19,-19,17,-18,15,-17,12,-15,8,-14,5]"
CSI_DATA,42110,d8:b1:90:db:e8:90,-41,11,1,7,0,0,1,0,1,0,1,-94,0,4,0,659503463,0,100,0,128,1,"[100,-64,5,0,7,-6,11,-3,15,-1,18,2,20,4,22,6,23,7,23,8,23,9,21,8,20,7,18,6,16,4,15,1,13,-1,11,-4,10,-7,10,-10,9,-12,9,-14,9,-15,10,-16,11,-15,12,-15,13,-14,3,-4,0,0,0,0,0,0,0,0,0,0,0,0,0,0,0,0,0,0,-1,-4,-1,-15,1,-17,2,-18,4,-19,4,-19,4,-19,4,-19,3,-18,1,-17,-1,-16,-4,-15,-7,-14,-10,-14,-14,-14,-16,-14,-19,-14,-20,-14,-22,-15,-23,-15,-23,-15,-21,-15,-20,-15,-18,-14,-14,-14,-10,-13,-7,-12]"
CSI_DATA,42111,d8:b1:90:db:e8:90,-41,11,1,7,0,0,1,0,1,0,1,-94,0,4,0,659515081,0,100,0,128,1,"[100,-64,5,0,5,-8,9,-7,13,-6,16,-5,18,-3,20,-2,22,-2,22,-1,22,-1,21,-1,20,-1,18,-2,16,-2,13,-4,11,-5,8,-7,7,-9,5,-11,4,-13,3,-15,3,-16,3,-17,4,-17,5,-17,6,-16,1,-4,0,0,0,0,0,0,0,0,0,0,0,0,0,0,0,0,0,0,-1,-4,-4,-13,-3,-14,-3,-16,-2,-17,-1,-18,-1,-17,-1,-17,-2,-16,-3,-15,-5,-14,-7,-12,-10,-11,-12,-10,-15,-9,-17,-8,-19,-8,-21,-8,-22,-8,-23,-8,-23,-8,-22,-8,-21,-8,-18,-8,-16,-9,-12,-9,-9,-9]"
CSI_DATA,42112,d8:b1:90:db:e8:90,-40,11,1,7,0,0,1,0,1,0,1,-94,0,4,0,659535216,0,100,0,128,1,"[100,-64,5,0,-9,9,-14,6,-19,4,-22,2,-26,0,-28,-2,-30,-3,-30,-4,-30,-5,-29,-5,-27,-4,-25,-3,-22,-1,-20,1,-17,4,-14,7,-13,10,-11,13,-10,15,-10,17,-9,19,-10,19,-11,20,-13,19,-14,18,-4,4,0,0,0,0,0,0,0,0,0,0,0,0,0,0,0,0,0,0,0,4,2,17,1,19,-1,21,-2,22,-3,22,-3,22,-3,22,-2,21,0,20,2,19,5,17,9,16,13,15,16,15,20,14,23,14,25,14,26,14,27,14,27,15,26,15,24,15,21,15,17,14,12,14,9,14]"
CSI_DATA,42113,d8:b1:90:db:e8:90,-41,11,1,7,0,0,1,0,1,0,1,-94,0,4,0,659545676,0,100,0,128,1,"[100,-64,5,0,1,11,-4,13,-8,15,-12,17,-15,19,-17,20,-19,20,-21,20,-21,19,-20,18,-19,17,-16,16,-13,16,-10,15,-6,14,-2,13,1,14,4,14,6,15,8,16,10,17,10,18,9,19,8,19,6,19,1,5,0,0,0,0,0,0,0,0,0,0,0,0,0,0,0,0,0,0,3,1,15,7,15,9,15,11,15,13,16,14,16,14,15,13,15,12,15,10,15,7,16,4,17,0,18,-3,20,-6,21,-9,23,-11,24,-13,24,-14,25,-15,25,-14,25,-13,24,-12,22,-10,20,-7,17,-4,15,-1]"
CSI_DATA,42114,d8:b1:90:db:e8:90,-41,11,1,7,0,0,1,0,1,0,1,-94,0,4,0,659556757,0,100,0,128,1,"[100,-64,5,0,10,11,8,17,5,22,2,26,0,30,-2,33,-3,35,-4,35,-5,35,-4,33,-4,31,-2,28,0,25,2,21,5,17,9,14,12,11,16,8,19,7,22,6,24,6,25,7,26,8,25,9,23,11,5,2,0,0,0,0,0,0,0,0,0,0,0,0,0,0,0,0,0,0,5,0,21,2,22,4,23,6,24,8,25,9,25,9,24,8,23,7,22,4,21,1,20,-4,19,-8,19,-13,19,-17,19,-21,19,-25,20,-28,20,-30,20,-31,21,-31,21,-30,21,-28,20,-24,20,-20,18,-15,18,-10]"
CSI_DATA,42115,d8:b1:90:db:e8:90,-41,11,1,7,0,0,1,0,1,0,1,-94,0,4,0,659567510,0,100,0,128,1,"[100,-64,5,0,8,4,7,8,7,12,6,15,5,18,5,20,4,21,3,22,3,22,3,21,3,20,3,18,4,16,5,13,6,11,8,8,9,6,11,4,13,3,14,2,16,2,16,2,16,3,16,4,16,5,4,1,0,0,0,0,0,0,0,0,0,0,0,0,0,0,0,0,0,0,2,-2,12,-6,13,-6,15,-5,16,-5,16,-4,16,-4,16,-4,15,-5,14,-6,12,-7,10,-9,9,-11,8,-14,7,-16,6,-19,5,-20,4,-22,4,-23,4,-24,4,-24,5,-23,5,-22,6,-20,7,-17,7,-13,8,-10]"
CSI_DATA,42116,d8:b1:90:db:e8:90,-41,11,1,7,0,0,1,0,1,0,1,-94,0,4,0,659605817,0,100,0,128,1,"[100,-64,5,0,-10,-3,-10,-8,-10,-13,-10,-17,-10,-20,-10,-22,-9,-24,-9,-24,-9,-24,-9,-24,-8,-22,-8,-20,-9,-17,-9,-14,-10,-10,-11,-7,-12,-4,-14,-2,-16,0,-17,1,-19,1,-19,1,-20,1,-20,-1,-19,-2,-5,-1,0,0,0,0,0,0,0,0,0,0,0,0,0,0,0,0,0,0,-3,2,-12,10,-14,10,-16,9,-17,9,-18,9,-18,8,-18,8,-16,8,-14,9,-12,10,-9,12,-7,14,-4,16,-2,18,0,20,1,22,2,24,3,25,3,26,3,26,2,25,1,24,0,22,-2,19,-4,15,-5,12]"
CSI_DATA,42117,d8:b1:90:db:e8:90,-41,11,1,7,0,0,1,0,1,0,1,-94,0,4,0,659619349,0,100,0,128,1,"[100,-64,5,0,-9,-10,-7,-14,-4,-18,-2,-21,0,-23,1,-25,2,-26,3,-26,3,-26,3,-25,3,-23,1,-21,0,-18,-2,-16,-4,-13,-7,-11,-10,-9,-12,-7,-15,-6,-17,-5,-18,-5,-19,-6,-19,-7,-19,-8,-18,-9,-5,-3,0,0,0,0,0,0,0,0,0,0,0,0,0,0,0,0,0,0,-4,-1,-16,-4,-17,-6,-18,-8,-18,-9,-18,-10,-18,-10,-17,-9,-17,-7,-16,-6,-16,-3,-15,0,-15,3,-15,7,-16,10,-16,13,-17,16,-17,18,-18,19,-18,20,-18,20,-18,19,-18,17,-17,15,-17,12,-16,8,-15,5]"
CSI_DATA,42118,d8:b1:90:db:e8:90,-41,11,1,7,0,0,1,0,1,0,1,-94,0,4,0,659636842,0,100,0,128,1,"[100,-64,5,0,9,11,6,16,3,20,0,24,-3,27,-5,29,-6,31,-7,31,-7,30,-7,29,-6,27,-4,25,-2,22,0,19,3,16,7,13,10,11,13,10,16,9,18,8,20,8,21,9,21,10,20,12,18,13,4,3,0,0,0,0,0,0,0,0,0,0,0,0,0,0,0,0,0,0,4,0,18,2,20,4,21,6,21,8,21,9,22,9,21,9,20,7,20,5,19,1,18,-2,18,-6,18,-10,19,-14,19,-17,19,-21,20,-23,21,-25,22,-25,22,-25,21,-24,21,-22,20,-19,20,-15,18,-10,17,-7]"
CSI_DATA,42119,d8:b1:90:db:e8:90,-40,11,1,7,0,0,1,0,1,0,1,-94,0,4,0,659648978,0,100,0,128,1,"[100,-64,5,0,0,13,-5,15,-10,17,-14,18,-18,19,-21,19,-23,19,-24,19,-24,18,-23,18,-22,17,-19,16,-16,16,-13,15,-9,15,-5,15,-2,16,1,16,4,17,6,18,7,20,7,21,6,21,5,22,3,21,0,5,0,0,0,0,0,0,0,0,0,0,0,0,0,0,0,0,0,0,3,2,14,10,15,12,14,15,14,16,14,17,14,18,14,17,14,16,15,14,15,11,17,8,18,5,20,2,22,-1,25,-4,27,-6,28,-7,29,-8,30,-8,30,-8,30,-7,28,-6,26,-4,23,-1,19,2,16,4]"
CSI_DATA,42120,d8:b1:90:db:e8:90,-41,11,1,7,0,0,1,0,1,0,1,-94,0,4,0,659669565,0,100,0,128,1,"[100,-64,5,0,-2,15,-8,16,-13,18,-18,19,-22,19,-25,19,-27,19,-27,18,-27,17,-26,17,-24,16,-22,16,-18,15,-14,14,-9,14,-5,15,0,15,4,16,7,17,9,18,10,19,11,20,11,21,9,22,7,22,1,5,0,0,0,0,0,0,0,0,0,0,0,0,0,0,0,0,0,0,2,4,9,17,8,19,6,21,5,23,5,24,5,23,5,23,6,21,7,19,9,16,12,13,15,11,19,8,22,5,25,3,28,1,30,0,32,-1,34,-1,34,-1,33,0,31,1,29,3,25,5,21,7,17,9]"
CSI_DATA,42121,d8:b1:90:db:e8:90,-40,11,1,7,0,0,1,0,1,0,1,-94,0,4,0,659686632,0,100,0,128,1,"[100,-64,5,0,-12,4,-16,-1,-19,-5,-21,-8,-23,-11,-24,-14,-25,-16,-25,-17,-25,-17,-24,-17,-22,-15,-21,-13,-19,-11,-18,-7,-16,-4,-15,0,-14,4,-14,7,-14,10,-15,12,-16,13,-17,14,-18,13,-19,13,-19,11,-5,2,0,0,0,0,0,0,0,0,0,0,0,0,0,0,0,0,0,0,-2,4,-7,16,-9,17,-12,17,-13,17,-14,17,-14,17,-13,17,-12,17,-10,17,-7,16,-4,17,0,17,4,19,7,20,10,21,13,23,15,24,16,24,17,25,17,25,15,25,14,24,11,23,8,21,4,18,1,16]"
CSI_DATA,42122,d8:b1:90:db:e8:90,-42,11,1,7,0,0,1,0,1,0,1,-92,0,4,0,659706699,0,100,0,128,1,"[100,-64,5,0,-7,8,-12,7,-16,5,-19,4,-22,3,-24,2,-25,1,-26,0,-27,-1,-26,-2,-24,-1,-22,0,-20,1,-18,3,-15,5,-13,7,-12,9,-10,12,-9,14,-8,15,-8,16,-9,17,-10,16,-11,16,-12,15,-3,3,0,0,0,0,0,0,0,0,0,0,0,0,0,0,0,0,0,0,1,3,5,14,5,15,4,17,3,18,2,19,2,19,3,19,3,18,5,18,6,16,8,15,11,14,14,12,17,11,19,10,21,10,23,9,24,9,25,10,25,10,24,10,22,10,19,11,16,11,12,11,8,11]"
CSI_DATA,42123,d8:b1:90:db:e8:90,-42,11,1,7,0,0,1,0,1,0,1,-92,0,4,0,659717838,0,100,0,128,1,"[100,-64,5,0,-10,2,-13,-2,-15,-6,-16,-9,-18,-11,-18,-13,-18,-15,-18,-16,-18,-16,-17,-15,-16,-14,-15,-12,-14,-10,-13,-8,-12,-5,-12,-2,-12,2,-12,5,-12,7,-13,8,-14,9,-14,9,-15,9,-16,8,-16,7,-4,1,0,0,0,0,0,0,0,0,0,0,0,0,0,0,0,0,0,0,-2,2,-7,11,-9,12,-11,12,-12,12,-13,12,-13,12,-12,12,-11,12,-9,12,-7,12,-5,13,-2,13,1,15,3,16,6,17,7,18,9,19,10,20,10,21,10,21,10,21,8,20,6,19,4,17,1,15,-1,13]"
CSI_DATA,42124,d8:b1:90:db:e8:90,-42,11,1,7,0,0,1,0,1,0,1,-92,0,4,0,659743094,0,100,0,128,1,"[100,-64,5,0,-11,-3,-12,-9,-13,-13,-13,-17,-13,-21,-13,-24,-12,-25,-12,-27,-11,-27,-11,-26,-10,-24,-10,-21,-10,-18,-11,-15,-12,-12,-12,-8,-14,-5,-16,-2,-17,0,-19,2,-20,2,-21,2,-22,1,-22,-1,-22,-2,-6,-1,0,0,0,0,0,0,0,0,0,0,0,0,0,0,0,0,0,0,-3,3,-12,12,-15,12,-17,11,-18,11,-19,10,-19,10,-19,11,-17,11,-15,11,-13,12,-10,14,-8,16,-5,18,-2,20,0,23,2,25,3,27,3,28,4,29,4,28,3,28,2,27,0,24,-2,21,-4,17,-6,14]"
CSI_DATA,42125,d8:b1:90:db:e8:90,-42,11,1,7,0,0,1,0,1,0,1,-92,0,4,0,659757106,0,100,0,128,1,"[100,-64,5,0,-13,3,-16,-2,-19,-6,-21,-10,-23,-14,-24,-16,-24,-18,-24,-19,-24,-19,-23,-19,-22,-17,-20,-15,-19,-12,-17,-9,-16,-4,-15,0,-15,4,-15,7,-15,10,-15,12,-16,13,-17,14,-18,14,-19,13,-20,11,-5,2,0,0,0,0,0,0,0,0,0,0,0,0,0,0,0,0,0,0,-3,3,-10,15,-12,15,-15,16,-16,16,-17,15,-17,15,-17,15,-15,15,-13,15,-10,16,-7,17,-3,18,1,19,4,21,7,23,9,24,12,26,13,27,14,27,13,27,12,27,11,26,9,25,6,22,2,19,-1,17]"
CSI_DATA,42126,d8:b1:90:db:e8:90,-42,11,1,7,0,0,1,0,1,0,1,-92,0,4,0,659778221,0,100,0,128,1,"[100,-64,5,0,-5,-11,-1,-14,2,-17,5,-19,8,-21,11,-22,12,-23,13,-22,13,-22,13,-22,12,-21,10,-19,8,-18,5,-16,2,-15,-1,-14,-4,-13,-7,-13,-9,-13,-11,-14,-12,-15,-13,-15,-13,-16,-12,-17,-10,-17,-3,-5,0,0,0,0,0,0,0,0,0,0,0,0,0,0,0,0,0,0,-4,-1,-16,-4,-17,-5,-17,-7,-18,-9,-18,-10,-18,-10,-18,-10,-18,-9,-17,-7,-17,-4,-17,-1,-17,2,-18,5,-18,8,-19,11,-20,13,-21,15,-21,16,-22,16,-22,16,-22,15,-21,14,-20,12,-19,9,-17,5,-15,2]"
CSI_DATA,42127,d8:b1:90:db:e8:90,-42,11,1,7,0,0,1,0,1,0,1,-92,0,4,0,659811446,0,100,0,128,1,"[100,-64,5,0,5,-8,9,-7,13,-6,16,-5,18,-3,20,-2,22,-2,22,-1,22,0,21,0,20,-1,18,-1,16,-2,14,-4,12,-5,10,-7,8,-9,7,-11,6,-13,6,-14,6,-16,6,-16,7,-16,8,-15,9,-14,2,-4,0,0,0,0,0,0,0,0,0,0,0,0,0,0,0,0,0,0,-2,-3,-6,-12,-6,-14,-5,-15,-5,-17,-4,-17,-4,-17,-4,-17,-5,-16,-6,-15,-7,-14,-9,-13,-11,-12,-13,-10,-15,-9,-18,-8,-20,-8,-22,-7,-23,-7,-23,-7,-23,-7,-22,-7,-21,-8,-18,-9,-15,-9,-12,-9,-9,-10]"
CSI_DATA,42128,d8:b1:90:db:e8:90,-42,11,1,7,0,0,1,0,1,0,1,-92,0,4,0,659822804,0,100,0,128,1,"[100,-64,5,0,3,-11,8,-11,12,-11,16,-11,20,-10,22,-9,24,-9,25,-8,24,-8,23,-7,21,-7,19,-8,17,-8,14,-8,11,-9,7,-11,4,-12,2,-14,0,-16,-1,-18,-1,-19,-1,-20,0,-20,2,-20,3,-20,0,-5,0,0,0,0,0,0,0,0,0,0,0,0,0,0,0,0,0,0,-3,-4,-9,-14,-9,-16,-8,-18,-7,-19,-7,-20,-6,-19,-7,-19,-7,-18,-8,-16,-9,-14,-11,-12,-14,-10,-16,-8,-19,-6,-22,-5,-24,-3,-26,-3,-27,-2,-28,-2,-28,-2,-27,-3,-25,-4,-23,-5,-20,-6,-16,-7,-13,-8]"
CSI_DATA,42129,d8:b1:90:db:e8:90,-42,11,1,7,0,0,1,0,1,0,1,-92,0,4,0,659845398,0,100,0,128,1,"[100,-64,5,0,2,-12,7,-13,12,-14,16,-14,20,-15,22,-14,24,-14,25,-13,25,-13,25,-13,23,-12,20,-12,17,-12,14,-12,10,-12,7,-14,4,-15,1,-17,-1,-18,-2,-20,-3,-21,-3,-22,-2,-22,0,-22,1,-21,0,-6,0,0,0,0,0,0,0,0,0,0,0,0,0,0,0,0,0,0,-4,-3,-14,-11,-14,-13,-14,-16,-13,-18,-13,-19,-13,-19,-13,-18,-13,-17,-14,-15,-15,-13,-16,-10,-18,-7,-20,-4,-23,-1,-25,1,-26,2,-28,3,-30,4,-30,5,-31,4,-30,3,-28,2,-26,0,-23,-2,-19,-4,-16,-6]"
CSI_DATA,42130,d8:b1:90:db:e8:90,-42,11,1,7,0,0,1,0,1,0,1,-92,0,4,0,659856273,0,100,0,128,1,"[100,-64,5,0,10,-9,14,-6,18,-3,22,0,24,2,26,4,27,5,27,6,27,7,26,6,24,5,22,4,20,2,17,-1,15,-3,13,-6,11,-9,10,-12,9,-15,9,-17,8,-18,9,-19,10,-19,11,-18,13,-17,3,-5,0,0,0,0,0,0,0,0,0,0,0,0,0,0,0,0,0,0,0,-5,3,-17,4,-18,6,-20,8,-20,9,-20,9,-20,8,-19,7,-19,5,-18,2,-18,-1,-18,-4,-18,-8,-18,-11,-18,-15,-19,-18,-20,-20,-20,-21,-21,-22,-21,-22,-21,-21,-21,-19,-21,-16,-20,-13,-19,-9,-18,-5,-16]"
CSI_DATA,42131,d8:b1:90:db:e8:90,-42,11,1,7,0,0,1,0,1,0,1,-92,0,4,0,659866925,0,100,0,128,1,"[100,-64,5,0,1,9,-2,12,-5,13,-8,15,-11,16,-12,17,-14,17,-15,17,-15,16,-15,16,-15,15,-13,14,-11,14,-8,13,-5,12,-2,12,1,12,3,12,5,13,7,13,7,14,8,14,7,15,6,16,5,16,1,4,0,0,0,0,0,0,0,0,0,0,0,0,0,0,0,0,0,0,2,1,12,4,13,6,13,8,13,9,13,10,14,10,14,10,14,8,14,7,14,5,14,3,15,1,16,-2,17,-5,18,-7,19,-9,20,-10,21,-11,21,-11,21,-12,20,-11,20,-10,18,-7,17,-5,15,-2,13,0]"
CSI_DATA,42132,d8:b1:90:db:e8:90,-42,11,1,7,0,0,1,0,1,0,1,-92,0,4,0,659877509,0,100,0,128,1,"[100,-64,5,0,11,8,10,14,8,19,6,23,5,26,3,29,2,30,1,31,1,31,0,29,1,28,2,25,3,22,5,18,8,15,10,12,13,9,15,6,17,4,19,3,21,3,22,4,23,5,22,6,21,7,5,2,0,0,0,0,0,0,0,0,0,0,0,0,0,0,0,0,0,0,4,-1,18,-3,20,-2,22,0,23,1,24,2,23,2,23,2,22,1,20,-1,19,-4,18,-7,16,-11,15,-15,15,-19,14,-22,13,-25,13,-28,13,-30,14,-30,14,-30,14,-29,14,-27,15,-24,15,-20,15,-15,16,-12]"
CSI_DATA,42133,d8:b1:90:db:e8:90,-42,11,1,7,0,0,1,0,1,0,1,-92,0,4,0,659888122,0,100,0,128,1,"[100,-64,5,0,4,9,0,13,-3,16,-6,18,-8,20,-10,22,-12,22,-13,23,-13,22,-13,21,-12,20,-11,19,-8,17,-5,16,-2,14,1,13,4,13,7,12,10,12,11,12,13,13,13,14,13,14,11,15,10,16,2,4,0,0,0,0,0,0,0,0,0,0,0,0,0,0,0,0,0,0,3,0,15,3,16,5,16,6,17,8,17,9,17,9,17,9,17,8,16,6,16,4,16,1,17,-3,17,-6,17,-9,18,-12,19,-15,20,-17,20,-18,21,-18,21,-18,21,-17,20,-15,19,-13,18,-10,16,-6,14,-3]"
CSI_DATA,42134,d8:b1:90:db:e8:90,-42,11,1,7,0,0,1,0,1,0,1,-92,0,4,0,659913447,0,100,0,128,1,"[100,-64,5,0,-1,-10,3,-12,7,-13,10,-15,13,-15,15,-15,16,-15,17,-15,17,-14,17,-14,16,-14,14,-13,12,-12,9,-12,6,-12,3,-12,0,-12,-2,-13,-4,-14,-6,-15,-6,-16,-7,-16,-6,-17,-5,-17,-4,-17,-1,-5,0,0,0,0,0,0,0,0,0,0,0,0,0,0,0,0,0,0,-3,-2,-12,-8,-12,-10,-12,-12,-12,-13,-12,-14,-12,-14,-12,-13,-12,-12,-12,-11,-13,-9,-13,-6,-14,-4,-16,-2,-18,1,-19,3,-21,5,-22,6,-23,7,-23,7,-23,7,-22,6,-22,5,-20,4,-18,2,-15,-1,-13,-3]"
CSI_DATA,42135,d8:b1:90:db:e8:90,-42,11,1,7,0,0,1,0,1,0,1,-92,0,4,0,659926452,0,100,0,128,1,"[100,-64,5,0,3,-10,8,-10,12,-10,16,-10,19,-9,22,-8,23,-8,24,-7,24,-7,23,-7,22,-7,20,-7,17,-7,14,-8,11,-9,9,-11,6,-13,4,-14,3,-16,2,-17,1,-19,1,-19,2,-19,3,-19,5,-19,1,-5,0,0,0,0,0,0,0,0,0,0,0,0,0,0,0,0,0,0,-3,-3,-9,-13,-9,-14,-8,-16,-8,-18,-7,-19,-7,-19,-7,-18,-8,-17,-9,-16,-10,-14,-12,-12,-14,-10,-17,-8,-19,-6,-22,-5,-24,-4,-25,-3,-26,-3,-27,-2,-27,-3,-26,-3,-25,-4,-23,-5,-20,-6,-16,-7,-12,-8]"
CSI_DATA,42136,d8:b1:90:db:e8:90,-43,11,1,7,0,0,1,0,1,0,1,-92,0,4,0,659943300,0,100,0,128,1,"[100,-64,5,0,1,13,-3,16,-8,18,-12,20,-16,22,-18,22,-20,23,-21,22,-21,21,-21,20,-19,20,-17,19,-14,17,-10,16,-6,16,-2,15,1,15,4,15,7,16,9,17,11,18,11,19,10,19,9,20,7,20,1,5,0,0,0,0,0,0,0,0,0,0,0,0,0,0,0,0,0,0,3,2,15,9,15,12,15,14,15,16,15,16,15,17,14,16,15,14,15,12,16,9,17,6,19,3,20,0,23,-4,25,-7,26,-9,28,-10,29,-12,30,-12,30,-12,29,-11,28,-9,26,-7,23,-4,20,0,17,2]"
CSI_DATA,42137,d8:b1:90:db:e8:90,-42,11,1,7,0,0,1,0,1,0,1,-92,0,4,0,659956854,0,100,0,128,1,"[100,-64,5,0,-11,-6,-11,-12,-10,-17,-9,-21,-7,-25,-6,-27,-5,-29,-5,-30,-4,-30,-4,-29,-4,-27,-5,-25,-6,-22,-7,-18,-9,-15,-11,-12,-14,-9,-16,-7,-18,-6,-20,-5,-21,-5,-21,-5,-22,-6,-21,-7,-20,-9,-5,-3,0,0,0,0,0,0,0,0,0,0,0,0,0,0,0,0,0,0,-4,2,-16,8,-18,8,-20,7,-22,6,-23,5,-23,5,-22,5,-21,6,-19,7,-17,9,-15,11,-13,14,-11,17,-9,20,-8,23,-7,26,-6,28,-6,29,-6,30,-6,30,-7,29,-8,27,-8,25,-9,21,-11,16,-11,13]"
CSI_DATA,42138,d8:b1:90:db:e8:90,-42,11,1,7,0,0,1,0,1,0,1,-92,0,4,0,659967160,0,100,0,128,1,"[100,-64,5,0,3,10,0,13,-4,16,-7,18,-10,20,-12,21,-14,21,-14,21,-15,21,-14,20,-13,19,-12,18,-9,17,-7,15,-4,14,0,13,3,13,6,13,8,13,10,13,11,14,12,14,11,15,10,16,9,16,2,4,0,0,0,0,0,0,0,0,0,0,0,0,0,0,0,0,0,0,3,0,14,4,15,6,16,7,16,9,16,10,17,10,16,10,16,8,16,6,16,4,16,1,16,-2,17,-5,18,-8,19,-11,20,-13,21,-15,21,-16,22,-17,22,-17,21,-16,20,-14,19,-12,18,-9,16,-5,14,-2]"
CSI_DATA,42139,d8:b1:90:db:e8:90,-42,11,1,7,0,0,1,0,1,0,1,-92,0,4,0,659986525,0,100,0,128,1,"[100,-64,5,0,-11,-7,-11,-13,-9,-18,-8,-23,-6,-26,-5,-29,-4,-31,-4,-32,-3,-32,-3,-31,-3,-29,-3,-26,-5,-23,-7,-19,-9,-16,-11,-13,-14,-10,-16,-7,-19,-6,-21,-5,-23,-4,-23,-5,-24,-6,-23,-7,-22,-9,-6,-3,0,0,0,0,0,0,0,0,0,0,0,0,0,0,0,0,0,0,-5,1,-18,7,-20,6,-22,5,-24,4,-25,3,-25,3,-24,3,-23,4,-21,6,-19,8,-17,10,-15,14,-12,17,-10,21,-9,24,-8,28,-7,30,-7,32,-7,33,-8,32,-8,31,-9,29,-9,26,-10,22,-11,18,-12,13]"
CSI_DATA,42140,d8:b1:90:db:e8:90,-42,11,1,7,0,0,1,0,1,0,1,-92,0,4,0,660013098,0,100,0,128,1,"[100,-64,5,0,9,0,10,4,12,8,13,11,13,14,13,17,13,18,13,19,12,19,12,19,11,18,11,16,11,14,11,11,11,8,12,5,12,3,13,0,14,-2,15,-3,16,-3,17,-3,17,-2,17,-1,17,0,4,0,0,0,0,0,0,0,0,0,0,0,0,0,0,0,0,0,0,0,1,-4,6,-13,7,-13,9,-14,10,-14,11,-14,11,-14,11,-14,10,-14,9,-14,7,-14,4,-15,2,-16,-1,-18,-3,-19,-5,-20,-6,-22,-7,-23,-8,-24,-8,-24,-8,-24,-7,-24,-6,-23,-4,-21,-2,-19,0,-16,2,-14]"
CSI_DATA,42141,d8:b1:90:db:e8:90,-43,11,1,7,0,0,1,0,1,0,1,-92,0,4,0,660024323,0,100,0,128,1,"[100,-64,5,0,11,-4,13,0,15,4,17,7,19,10,19,12,20,13,20,14,19,14,18,14,18,12,16,11,15,8,14,6,13,3,12,0,12,-3,12,-6,12,-9,13,-10,13,-11,14,-12,14,-11,15,-10,16,-9,4,-2,0,0,0,0,0,0,0,0,0,0,0,0,0,0,0,0,0,0,1,-4,6,-14,8,-14,10,-14,12,-14,12,-14,13,-14,12,-14,11,-14,9,-14,7,-15,4,-15,1,-16,-2,-18,-5,-19,-7,-20,-9,-22,-10,-23,-11,-24,-12,-24,-12,-24,-11,-24,-10,-23,-7,-21,-5,-19,-2,-17,0,-15]"
CSI_DATA,42142,d8:b1:90:db:e8:90,-42,11,1,7,0,0,1,0,1,0,1,-92,0,4,0,660035582,0,100,0,128,1,"[100,-64,5,0,8,7,6,11,4,15,2,19,0,21,-1,23,-2,24,-3,25,-3,24,-3,24,-3,22,-2,20,-1,18,1,15,4,13,6,11,9,9,11,7,13,6,15,5,16,5,17,6,17,7,17,8,16,9,3,2,0,0,0,0,0,0,0,0,0,0,0,0,0,0,0,0,0,0,3,0,15,0,16,2,17,3,17,4,18,5,18,6,17,5,17,4,16,2,16,0,15,-3,14,-6,14,-9,14,-12,14,-15,14,-18,15,-20,15,-21,15,-22,15,-22,15,-21,15,-20,15,-17,15,-14,14,-10,13,-7]"
CSI_DATA,42143,d8:b1:90:db:e8:90,-43,11,1,7,0,0,1,0,1,0,1,-92,0,4,0,660045611,0,100,0,128,1,"[100,-64,5,0,-10,-10,-8,-15,-6,-19,-3,-23,-1,-27,1,-29,2,-30,2,-30,3,-30,3,-29,2,-27,1,-25,-1,-22,-3,-19,-5,-16,-8,-13,-11,-11,-14,-9,-17,-7,-19,-7,-21,-7,-22,-7,-22,-8,-21,-9,-20,-10,-5,-3,0,0,0,0,0,0,0,0,0,0,0,0,0,0,0,0,0,0,-5,-1,-19,-1,-20,-3,-21,-5,-22,-6,-23,-7,-22,-7,-22,-7,-21,-5,-20,-3,-19,0,-18,3,-17,7,-17,11,-17,15,-17,19,-17,21,-17,24,-17,26,-17,27,-18,27,-18,26,-17,24,-17,21,-17,17,-17,12,-16,8]"
CSI_DATA,42144,d8:b1:90:db:e8:90,-42,11,1,7,0,0,1,0,1,0,1,-92,0,4,0,660057347,0,100,0,128,1,"[100,-64,5,0,-11,-4,-11,-9,-11,-13,-11,-17,-10,-21,-10,-23,-9,-25,-8,-26,-8,-25,-8,-25,-8,-23,-8,-21,-8,-19,-9,-16,-10,-12,-11,-9,-13,-6,-14,-4,-16,-3,-18,-2,-19,-2,-20,-2,-20,-3,-20,-4,-19,-5,-5,-2,0,0,0,0,0,0,0,0,0,0,0,0,0,0,0,0,0,0,-3,2,-12,10,-14,9,-16,9,-18,8,-19,8,-19,8,-18,8,-17,8,-16,9,-14,10,-11,12,-9,14,-7,17,-5,19,-3,22,-2,23,-1,25,-1,26,-1,27,-1,27,-2,27,-3,25,-4,22,-6,19,-7,16,-8,13]"
CSI_DATA,42145,d8:b1:90:db:e8:90,-42,11,1,7,0,0,1,0,1,0,1,-92,0,4,0,660076809,0,100,0,128,1,"[100,-64,5,0,-4,-12,0,-15,3,-17,6,-19,9,-21,12,-22,13,-23,14,-22,14,-22,13,-21,12,-20,10,-19,7,-17,5,-15,1,-14,-2,-12,-5,-11,-8,-11,-11,-11,-13,-12,-14,-12,-15,-13,-15,-14,-14,-15,-12,-15,-3,-4,0,0,0,0,0,0,0,0,0,0,0,0,0,0,0,0,0,0,-4,-3,-13,-11,-13,-12,-12,-14,-12,-16,-12,-17,-12,-17,-12,-16,-12,-14,-12,-12,-13,-10,-14,-7,-16,-4,-18,-1,-19,2,-21,5,-23,7,-24,8,-25,9,-26,10,-26,10,-25,9,-24,8,-23,6,-21,3,-18,0,-16,-2]"
CSI_DATA,42146,d8:b1:90:db:e8:90,-42,11,1,7,0,0,1,0,1,0,1,-92,0,4,0,660114998,0,100,0,128,1,"[100,-64,5,0,8,5,7,9,6,13,5,16,5,19,4,21,3,22,2,23,2,22,2,21,2,20,2,18,3,16,4,13,6,11,7,8,9,6,11,4,13,2,14,1,16,1,17,1,17,2,17,3,16,4,4,1,0,0,0,0,0,0,0,0,0,0,0,0,0,0,0,0,0,0,3,-1,13,-4,14,-3,16,-2,16,-1,17,0,17,0,17,-1,16,-1,15,-3,13,-5,12,-7,10,-10,9,-12,8,-15,8,-18,7,-20,7,-22,7,-23,7,-24,7,-24,7,-23,8,-22,8,-19,9,-16,9,-13,9,-10]"
CSI_DATA,42147,d8:b1:90:db:e8:90,-40,11,1,7,0,0,1,0,1,0,1,-94,0,4,0,660129347,0,100,0,128,1,"[100,-64,5,0,-1,-10,3,-12,7,-13,11,-14,14,-15,16,-16,18,-15,18,-15,18,-15,18,-15,16,-14,15,-14,12,-13,10,-12,7,-12,3,-12,0,-13,-2,-13,-4,-15,-5,-16,-6,-17,-7,-17,-6,-18,-5,-18,-3,-18,-1,-5,0,0,0,0,0,0,0,0,0,0,0,0,0,0,0,0,0,0,-4,-2,-13,-7,-13,-9,-14,-11,-14,-12,-14,-13,-14,-13,-14,-12,-13,-11,-13,-10,-14,-7,-14,-5,-15,-2,-16,0,-18,3,-19,5,-21,7,-22,8,-23,9,-24,9,-24,9,-23,8,-23,7,-21,5,-19,3,-16,1,-14,-1]"
CSI_DATA,42148,d8:b1:90:db:e8:90,-41,11,1,7,0,0,1,0,1,0,1,-94,0,4,0,660146813,0,100,0,128,1,"[100,-64,5,0,6,4,6,9,5,13,5,17,4,20,3,23,2,24,1,25,1,25,1,24,0,22,1,20,2,18,3,15,5,12,7,10,9,8,12,6,14,5,16,4,17,4,18,5,18,6,17,7,16,8,4,2,0,0,0,0,0,0,0,0,0,0,0,0,0,0,0,0,0,0,2,-3,11,-10,13,-10,15,-10,17,-9,18,-9,18,-8,17,-9,16,-9,14,-9,12,-11,9,-12,7,-15,5,-17,3,-19,2,-22,0,-24,0,-26,0,-27,0,-28,0,-28,1,-27,1,-25,2,-23,3,-19,5,-15,6,-12]"
CSI_DATA,42149,d8:b1:90:db:e8:90,-40,11,1,7,0,0,1,0,1,0,1,-94,0,4,0,660157688,0,100,0,128,1,"[100,-64,5,0,3,8,0,12,-3,15,-6,17,-9,19,-12,21,-13,22,-14,22,-15,21,-15,20,-14,19,-12,18,-10,16,-7,15,-4,14,0,13,3,13,5,13,8,13,10,13,11,14,11,15,10,16,9,17,8,17,1,4,0,0,0,0,0,0,0,0,0,0,0,0,0,0,0,0,0,0,3,-1,16,0,17,1,18,2,19,4,19,5,19,5,19,5,18,3,17,2,17,0,16,-3,15,-6,15,-9,16,-13,16,-16,16,-18,17,-20,17,-22,18,-22,18,-21,18,-20,18,-19,17,-16,16,-13,14,-9,13,-6]"
CSI_DATA,42150,d8:b1:90:db:e8:90,-41,11,1,7,0,0,1,0,1,0,1,-94,0,4,0,660176669,0,100,0,128,1,"[100,-64,5,0,-13,0,-14,-5,-15,-9,-16,-12,-17,-15,-17,-18,-17,-19,-17,-20,-17,-20,-16,-20,-15,-18,-14,-16,-14,-13,-13,-10,-13,-6,-12,-3,-13,0,-13,3,-14,6,-15,8,-16,8,-16,9,-17,9,-18,8,-18,6,-5,1,0,0,0,0,0,0,0,0,0,0,0,0,0,0,0,0,0,0,-3,2,-13,9,-15,9,-17,8,-18,7,-19,7,-19,6,-18,7,-16,7,-15,8,-12,9,-10,11,-8,13,-5,16,-3,18,-1,21,1,23,2,24,3,26,3,26,3,26,3,25,2,24,0,23,-2,20,-5,17,-6,14]"
CSI_DATA,42151,d8:b1:90:db:e8:90,-41,11,1,7,0,0,1,0,1,0,1,-94,0,4,0,660187013,0,100,0,128,1,"[100,-64,5,0,-9,4,-13,0,-16,-3,-18,-5,-21,-8,-22,-10,-23,-11,-23,-12,-23,-13,-22,-13,-20,-12,-19,-11,-17,-8,-16,-5,-14,-2,-13,1,-13,4,-13,7,-13,9,-13,11,-14,12,-14,12,-15,11,-17,10,-17,9,-5,2,0,0,0,0,0,0,0,0,0,0,0,0,0,0,0,0,0,0,-1,3,-1,15,-3,16,-5,17,-6,18,-7,18,-7,18,-6,18,-5,17,-4,16,-1,16,1,15,4,15,7,15,10,15,14,16,16,16,17,17,19,17,20,18,20,18,18,17,16,17,14,16,11,15,7,14,4,13]"
CSI_DATA,42152,d8:b1:90:db:e8:90,-40,11,1,7,0,0,1,0,1,0,1,-94,0,4,0,660197353,0,100,0,128,1,"[100,-64,5,0,-7,10,-12,9,-17,8,-21,7,-24,5,-27,5,-29,4,-30,3,-30,2,-29,1,-27,2,-24,3,-22,4,-19,5,-16,7,-13,9,-10,11,-8,14,-7,16,-6,18,-5,20,-6,20,-7,20,-8,20,-10,19,-3,4,0,0,0,0,0,0,0,0,0,0,0,0,0,0,0,0,0,0,1,3,7,15,7,17,6,19,4,21,4,22,4,22,4,21,5,20,6,18,8,17,10,15,14,13,17,11,20,10,23,9,25,8,27,7,29,7,30,7,30,7,29,8,27,8,24,9,20,10,16,11,12,11]"
CSI_DATA,42153,d8:b1:90:db:e8:90,-41,11,1,7,0,0,1,0,1,0,1,-94,0,4,0,660218356,0,100,0,128,1,"[100,-64,5,0,-3,-9,0,-12,3,-15,6,-18,9,-19,12,-20,13,-21,14,-21,14,-21,14,-20,13,-19,11,-18,9,-17,7,-16,4,-15,1,-14,-2,-14,-5,-14,-7,-14,-8,-15,-10,-16,-10,-17,-10,-17,-8,-18,-7,-18,-2,-5,0,0,0,0,0,0,0,0,0,0,0,0,0,0,0,0,0,0,-4,-1,-15,-1,-17,-3,-18,-5,-18,-6,-19,-7,-19,-7,-19,-7,-18,-6,-18,-4,-17,-2,-17,1,-16,4,-17,7,-18,10,-18,12,-19,14,-19,16,-20,17,-20,18,-20,17,-20,16,-20,14,-19,12,-17,9,-15,6,-13,3]"
CSI_DATA,42154,d8:b1:90:db:e8:90,-41,11,1,7,0,0,1,0,1,0,1,-94,0,4,0,660229422,0,100,0,128,1,"[100,-64,5,0,-7,9,-12,8,-16,7,-19,6,-22,4,-24,3,-25,3,-26,2,-26,1,-25,1,-23,2,-21,2,-19,3,-16,4,-13,6,-10,8,-8,10,-6,12,-5,14,-4,16,-3,17,-3,18,-4,18,-5,18,-7,18,-2,4,0,0,0,0,0,0,0,0,0,0,0,0,0,0,0,0,0,0,0,3,2,14,0,16,-1,17,-2,18,-3,19,-3,19,-3,19,-2,18,0,17,2,16,5,14,8,13,11,12,15,12,17,11,20,11,21,11,23,11,24,11,24,11,23,11,21,12,19,12,16,12,12,12,9,12]"
CSI_DATA,42155,d8:b1:90:db:e8:90,-41,11,1,7,0,0,1,0,1,0,1,-94,0,4,0,660242897,0,100,0,128,1,"[100,-64,5,0,8,3,9,7,9,11,9,15,9,18,9,20,8,22,7,23,7,23,7,22,7,21,6,19,7,16,7,13,8,10,9,7,11,4,13,2,14,1,16,0,17,-1,18,-1,18,0,18,1,18,3,4,0,0,0,0,0,0,0,0,0,0,0,0,0,0,0,0,0,0,0,2,-3,11,-10,12,-10,14,-10,16,-10,16,-9,16,-9,16,-9,15,-9,13,-10,11,-11,9,-13,6,-15,4,-17,2,-19,0,-21,-1,-23,-2,-25,-2,-26,-3,-27,-2,-27,-2,-26,0,-25,1,-22,3,-19,4,-16,5,-13]"
CSI_DATA,42156,d8:b1:90:db:e8:90,-40,11,1,7,0,0,1,0,1,0,1,-94,0,4,0,660257959,0,100,0,128,1,"[100,-64,5,0,-1,10,-6,12,-10,13,-14,13,-18,14,-20,14,-22,14,-23,13,-23,13,-22,12,-21,12,-19,12,-16,11,-13,11,-10,11,-6,12,-4,13,-1,14,1,15,3,16,4,17,4,18,3,19,1,19,0,19,0,4,0,0,0,0,0,0,0,0,0,0,0,0,0,0,0,0,0,0,3,2,12,9,12,11,12,13,12,15,12,16,11,16,11,15,12,14,12,12,13,10,14,7,15,5,18,2,20,0,22,-3,23,-4,25,-5,26,-6,27,-6,26,-6,25,-5,24,-4,22,-3,20,0,17,2,14,4]"
CSI_DATA,42157,d8:b1:90:db:e8:90,-40,11,1,7,0,0,1,0,1,0,1,-94,0,4,0,660268774,0,100,0,128,1,"[100,-64,5,0,7,-9,12,-7,16,-5,20,-3,23,-2,25,0,26,1,27,1,27,2,25,2,23,1,21,0,18,-1,15,-3,12,-5,10,-8,8,-11,6,-13,4,-15,3,-17,3,-19,3,-20,4,-20,5,-20,7,-20,1,-5,0,0,0,0,0,0,0,0,0,0,0,0,0,0,0,0,0,0,0,-5,1,-17,3,-18,5,-19,6,-20,7,-20,7,-20,6,-19,5,-18,3,-17,0,-17,-3,-16,-6,-15,-10,-15,-14,-15,-17,-15,-20,-15,-22,-15,-24,-16,-25,-16,-25,-16,-24,-16,-22,-16,-19,-16,-16,-15,-12,-15,-8,-15]"
CSI_DATA,42158,d8:b1:90:db:e8:90,-41,11,1,7,0,0,1,0,1,0,1,-94,0,4,0,660280005,0,100,0,128,1,"[100,-64,5,0,2,-11,7,-11,12,-12,16,-12,19,-12,21,-12,23,-11,24,-11,23,-10,22,-10,21,-10,18,-10,16,-9,12,-10,9,-10,6,-11,3,-12,0,-14,-2,-16,-4,-17,-5,-19,-5,-19,-4,-20,-3,-20,-1,-20,0,-5,0,0,0,0,0,0,0,0,0,0,0,0,0,0,0,0,0,0,-3,-4,-9,-14,-9,-16,-8,-18,-7,-19,-6,-20,-6,-20,-6,-19,-7,-18,-8,-16,-9,-14,-11,-11,-14,-9,-17,-6,-20,-4,-22,-3,-24,-2,-26,-1,-27,0,-28,0,-28,0,-28,0,-26,-1,-24,-2,-21,-4,-17,-5,-14,-7]"
CSI_DATA,42159,d8:b1:90:db:e8:90,-40,11,1,7,0,0,1,0,1,0,1,-94,0,4,0,660296881,0,100,0,128,1,"[100,-64,5,0,-11,2,-15,-2,-17,-6,-20,-9,-22,-13,-23,-15,-23,-17,-23,-18,-23,-18,-22,-18,-21,-17,-19,-15,-18,-12,-16,-9,-15,-5,-15,-1,-15,2,-15,6,-16,9,-16,11,-17,11,-18,11,-19,11,-20,10,-20,9,-5,2,0,0,0,0,0,0,0,0,0,0,0,0,0,0,0,0,0,0,-2,3,-6,16,-8,17,-10,18,-11,18,-12,18,-12,18,-12,18,-10,18,-8,17,-6,17,-2,17,1,18,5,18,8,19,11,20,13,22,15,23,17,23,17,24,17,24,16,24,15,23,12,22,9,20,5,18,2,16]"
CSI_DATA,42160,d8:b1:90:db:e8:90,-41,11,1,7,0,0,1,0,1,0,1,-94,0,4,0,660327988,0,100,0,128,1,"[100,-64,5,0,6,-9,10,-8,14,-6,18,-5,20,-4,22,-2,24,-1,24,0,24,0,23,-1,22,-1,20,-2,17,-3,15,-4,13,-6,10,-8,9,-10,7,-12,6,-14,5,-16,5,-17,6,-18,6,-18,8,-17,9,-17,2,-4,0,0,0,0,0,0,0,0,0,0,0,0,0,0,0,0,0,0,-2,-4,-4,-15,-3,-16,-2,-18,-1,-19,0,-20,0,-20,-1,-19,-2,-18,-3,-17,-5,-16,-7,-15,-10,-14,-13,-13,-16,-12,-18,-12,-21,-12,-22,-12,-24,-12,-24,-12,-24,-12,-23,-12,-21,-12,-19,-13,-16,-13,-12,-12,-9,-12]"
CSI_DATA,42161,d8:b1:90:db:e8:90,-41,11,1,7,0,0,1,0,1,0,1,-94,0,4,0,660341781,0,100,0,128,1,"[100,-64,5,0,5,7,3,11,1,16,-1,19,-3,22,-5,23,-6,25,-7,25,-7,24,-7,24,-6,22,-5,20,-4,17,-2,15,1,12,4,10,7,8,10,7,13,6,15,6,17,6,18,7,18,8,17,9,16,10,4,2,0,0,0,0,0,0,0,0,0,0,0,0,0,0,0,0,0,0,3,-1,16,-1,17,1,18,2,19,3,20,4,19,5,19,4,17,3,16,1,15,-1,14,-5,13,-8,12,-11,11,-15,11,-18,11,-21,11,-23,12,-25,12,-25,12,-25,13,-24,13,-22,12,-20,12,-17,11,-13,11,-9]"
CSI_DATA,42162,d8:b1:90:db:e8:90,-40,11,1,7,0,0,1,0,1,0,1,-94,0,4,0,660359231,0,100,0,128,1,"[100,-64,5,0,-8,6,-12,3,-16,1,-20,-1,-23,-3,-25,-5,-26,-7,-27,-8,-27,-8,-26,-8,-25,-8,-23,-6,-21,-5,-20,-3,-18,0,-16,3,-15,6,-15,8,-15,10,-15,12,-15,13,-16,13,-16,12,-18,11,-18,9,-5,2,0,0,0,0,0,0,0,0,0,0,0,0,0,0,0,0,0,0,2,3,8,13,8,15,7,17,6,19,6,20,6,20,6,20,6,19,7,18,9,17,11,15,13,14,16,12,19,11,21,11,23,10,25,10,26,10,27,10,26,10,25,10,23,11,20,11,17,11,12,11,9,10]"
CSI_DATA,42163,d8:b1:90:db:e8:90,-40,11,1,7,0,0,1,0,1,0,1,-94,0,4,0,660371412,0,100,0,128,1,"[100,-64,5,0,6,-8,10,-7,15,-6,18,-4,21,-3,23,-1,25,0,25,1,25,1,24,1,23,1,21,-1,18,-2,16,-3,13,-5,11,-8,9,-10,7,-13,6,-15,5,-17,5,-18,5,-18,6,-19,8,-18,9,-18,2,-5,0,0,0,0,0,0,0,0,0,0,0,0,0,0,0,0,0,0,-2,-4,-5,-15,-4,-17,-3,-19,-2,-20,-1,-21,-1,-21,-1,-20,-2,-19,-3,-18,-5,-16,-8,-14,-11,-13,-14,-12,-17,-11,-20,-10,-23,-10,-25,-10,-26,-10,-27,-10,-27,-10,-26,-10,-24,-10,-21,-11,-18,-11,-14,-11,-11,-11]"
CSI_DATA,42164,d8:b1:90:db:e8:90,-41,11,1,7,0,0,1,0,1,0,1,-94,0,4,0,660384206,0,100,0,128,1,"[100,-64,5,0,3,8,0,11,-3,14,-6,16,-8,17,-10,18,-11,19,-12,19,-12,19,-12,18,-11,17,-10,16,-7,14,-5,13,-2,12,1,11,3,10,6,10,8,10,10,10,11,11,12,11,11,12,10,13,9,13,2,3,0,0,0,0,0,0,0,0,0,0,0,0,0,0,0,0,0,0,3,0,12,4,13,5,13,7,13,9,13,9,13,9,13,9,13,8,12,6,12,4,13,1,13,-2,14,-4,15,-7,16,-10,17,-12,17,-13,18,-14,19,-15,19,-14,19,-13,18,-12,17,-10,16,-8,14,-5,12,-2]"
CSI_DATA,42165,d8:b1:90:db:e8:90,-41,11,1,7,0,0,1,0,1,0,1,-94,0,4,0,660397873,0,100,0,128,1,"[100,-64,5,0,-11,1,-14,-3,-15,-7,-17,-11,-18,-14,-19,-16,-19,-18,-19,-19,-19,-19,-18,-18,-17,-17,-16,-15,-15,-12,-14,-9,-13,-6,-13,-2,-13,1,-13,4,-14,7,-15,9,-15,10,-16,10,-17,10,-18,9,-18,8,-5,1,0,0,0,0,0,0,0,0,0,0,0,0,0,0,0,0,0,0,-2,3,-9,13,-11,13,-13,13,-15,13,-15,13,-16,13,-15,13,-14,13,-11,13,-9,13,-6,14,-2,15,1,16,4,18,6,19,8,21,10,23,11,24,12,24,12,24,11,24,9,23,7,21,5,19,2,17,-1,14]"
CSI_DATA,42166,d8:b1:90:db:e8:90,-41,11,1,7,0,0,1,0,1,0,1,-94,0,4,0,660422871,0,100,0,128,1,"[100,-64,5,0,-12,0,-14,-5,-15,-9,-15,-12,-16,-14,-16,-17,-16,-19,-16,-19,-16,-20,-15,-19,-15,-18,-14,-16,-14,-13,-13,-10,-12,-7,-13,-4,-13,0,-14,3,-14,5,-15,6,-16,7,-17,7,-17,6,-18,5,-18,5,-5,1,0,0,0,0,0,0,0,0,0,0,0,0,0,0,0,0,0,0,-3,2,-11,10,-13,10,-15,9,-16,9,-17,9,-17,8,-17,9,-15,9,-14,10,-11,11,-9,12,-7,14,-4,16,-2,18,0,20,2,22,3,24,4,25,4,25,4,25,3,24,2,23,1,21,-1,19,-4,16,-5,13]"
CSI_DATA,42167,d8:b1:90:db:e8:90,-40,11,1,7,0,0,1,0,1,0,1,-94,0,4,0,660435430,0,100,0,128,1,"[100,-64,5,0,8,-4,11,-1,14,2,16,5,18,8,19,10,19,12,20,13,20,13,19,12,17,11,16,10,14,8,13,5,12,2,12,-1,11,-4,11,-6,11,-9,12,-10,12,-11,13,-12,14,-11,15,-10,15,-9,3,-3,0,0,0,0,0,0,0,0,0,0,0,0,0,0,0,0,0,0,0,-4,3,-14,4,-15,6,-16,7,-16,8,-17,8,-16,8,-16,7,-16,5,-15,3,-15,0,-15,-3,-15,-6,-16,-8,-16,-11,-17,-13,-18,-15,-19,-16,-20,-17,-20,-16,-20,-15,-19,-14,-19,-12,-18,-9,-16,-6,-14,-3,-13]"
CSI_DATA,42168,d8:b1:90:db:e8:90,-41,11,1,7,0,0,1,0,1,0,1,-94,0,4,0,660446799,0,100,0,128,1,"[100,-64,5,0,10,-1,12,4,13,8,14,12,15,15,15,17,15,19,15,20,15,20,14,20,13,18,12,16,12,14,12,11,12,7,12,4,13,1,14,-2,15,-4,16,-5,17,-6,18,-6,18,-5,18,-4,19,-2,4,-1,0,0,0,0,0,0,0,0,0,0,0,0,0,0,0,0,0,0,1,-4,8,-14,9,-14,11,-14,13,-14,14,-14,14,-14,14,-14,12,-14,10,-14,8,-15,5,-16,3,-17,0,-19,-3,-20,-5,-22,-7,-24,-7,-25,-8,-26,-9,-27,-9,-26,-8,-26,-6,-25,-5,-23,-2,-20,0,-17,2,-15]"
CSI_DATA,42169,d8:b1:90:db:e8:90,-41,11,1,7,0,0,1,0,1,0,1,-94,0,4,0,660458137,0,100,0,128,1,"[100,-64,5,0,10,-14,16,-12,22,-10,27,-8,31,-6,34,-4,36,-3,36,-2,36,-1,34,-2,32,-2,29,-3,25,-5,21,-7,17,-9,13,-12,9,-15,6,-19,4,-22,2,-24,1,-26,1,-27,2,-28,4,-28,6,-27,1,-7,0,0,0,0,0,0,0,0,0,0,0,0,0,0,0,0,0,0,0,-6,2,-22,4,-24,7,-25,9,-26,10,-26,10,-26,9,-25,7,-24,5,-23,1,-23,-4,-22,-8,-21,-14,-21,-18,-20,-23,-20,-26,-21,-29,-21,-31,-21,-33,-22,-33,-22,-32,-22,-29,-22,-26,-22,-21,-21,-16,-21,-11,-20]"
CSI_DATA,42170,d8:b1:90:db:e8:90,-40,11,1,7,0,0,1,0,1,0,1,-94,0,4,0,660470889,0,100,0,128,1,"[100,-64,5,0,-7,-9,-5,-13,-2,-17,1,-20,3,-23,5,-25,6,-26,7,-26,7,-26,7,-25,6,-24,5,-22,3,-20,1,-18,-1,-16,-4,-14,-7,-13,-10,-12,-13,-11,-15,-11,-16,-12,-16,-12,-16,-13,-15,-14,-14,-15,-4,-4,0,0,0,0,0,0,0,0,0,0,0,0,0,0,0,0,0,0,-4,0,-16,0,-18,-1,-19,-3,-20,-4,-20,-5,-21,-5,-20,-5,-20,-3,-19,-2,-18,0,-17,3,-17,6,-16,9,-16,13,-16,16,-16,18,-17,20,-17,21,-17,22,-17,21,-18,21,-17,19,-17,16,-16,13,-15,9,-14,6]"
CSI_DATA,42171,d8:b1:90:db:e8:90,-40,11,1,7,0,0,1,0,0,0,1,-94,0,4,0,660482302,0,100,0,128,1,"[100,-64,5,0,19,-13,18,-13,18,-13,18,-13,17,-13,17,-14,17,-14,17,-14,17,-14,17,-14,17,-14,16,-15,16,-15,16,-15,16,-14,16,-14,16,-13,16,-13,15,-12,15,-11,14,-11,14,-10,14,-10,14,-9,14,-8,3,-2,0,0,0,0,0,0,0,0,0,0,0,0,0,0,0,0,0,0,3,-3,12,-11,13,-11,13,-11,13,-11,14,-11,15,-10,16,-10,17,-10,17,-10,18,-10,19,-9,19,-9,19,-9,19,-9,19,-8,19,-8,19,-9,19,-9,19,-9,19,-10,19,-11,19,-11,19,-12,19,-12,19,-12,19,-12]"
CSI_DATA,42172,d8:b1:90:db:e8:90,-41,11,1,7,0,0,1,0,1,0,1,-94,0,4,0,660496668,0,100,0,128,1,"[100,-64,5,0,1,-8,5,-9,9,-10,13,-10,15,-11,18,-10,19,-10,20,-10,20,-10,20,-9,18,-9,17,-8,14,-8,12,-9,10,-9,7,-11,5,-12,3,-13,2,-15,1,-16,0,-17,1,-17,1,-18,3,-17,4,-16,1,-4,0,0,0,0,0,0,0,0,0,0,0,0,0,0,0,0,0,0,-3,-2,-13,-6,-13,-7,-14,-9,-14,-10,-14,-11,-14,-11,-14,-11,-14,-10,-14,-9,-14,-7,-15,-5,-15,-2,-17,0,-18,2,-19,4,-20,6,-21,7,-22,7,-23,8,-23,7,-23,6,-21,5,-20,4,-17,2,-15,0,-12,-2]"
CSI_DATA,42173,d8:b1:90:db:e8:90,-41,11,1,7,0,0,1,0,1,0,1,-94,0,4,0,660525065,0,100,0,128,1,"[100,-64,5,0,-4,-7,-1,-11,2,-14,5,-16,7,-18,9,-19,10,-19,11,-19,11,-19,11,-19,10,-18,9,-17,7,-15,5,-14,2,-13,-1,-12,-3,-12,-6,-12,-8,-12,-9,-13,-10,-13,-10,-14,-10,-14,-9,-15,-8,-15,-2,-4,0,0,0,0,0,0,0,0,0,0,0,0,0,0,0,0,0,0,-4,0,-14,1,-15,0,-16,-2,-17,-3,-17,-4,-17,-4,-17,-4,-16,-3,-15,-1,-15,1,-14,3,-13,5,-13,8,-13,11,-14,13,-14,15,-15,17,-15,18,-15,18,-15,18,-15,17,-15,15,-14,13,-14,11,-12,7,-11,5]"
CSI_DATA,42174,d8:b1:90:db:e8:90,-41,11,1,7,0,0,1,0,1,0,1,-94,0,4,0,660537520,0,100,0,128,1,"[100,-64,5,0,-7,7,-12,6,-16,4,-19,2,-22,1,-24,0,-25,-1,-26,-2,-26,-3,-25,-3,-23,-2,-21,-1,-19,0,-17,2,-14,4,-11,6,-9,9,-8,11,-7,13,-6,15,-6,17,-7,17,-8,18,-10,17,-11,16,-3,3,0,0,0,0,0,0,0,0,0,0,0,0,0,0,0,0,0,0,0,3,3,14,2,16,0,17,-1,19,-1,19,-2,19,-1,19,0,18,2,17,4,15,6,14,9,13,12,12,15,11,18,10,21,9,23,9,24,10,25,10,25,9,24,9,22,10,20,10,16,10,12,11,9,11]"
CSI_DATA,42175,d8:b1:90:db:e8:90,-40,11,1,7,0,0,1,0,1,0,1,-94,0,4,0,660547622,0,100,0,128,1,"[100,-64,5,0,-4,9,-8,9,-12,8,-15,7,-18,7,-20,6,-22,5,-22,5,-23,5,-22,5,-21,5,-19,5,-17,6,-15,6,-12,7,-10,9,-8,10,-7,12,-6,13,-5,14,-4,15,-4,16,-5,16,-6,16,-7,15,-2,3,0,0,0,0,0,0,0,0,0,0,0,0,0,0,0,0,0,0,2,2,9,9,8,11,8,13,7,14,7,15,7,15,7,15,8,14,9,13,10,11,11,9,13,8,15,6,17,4,19,3,20,2,22,2,23,1,23,1,23,2,23,2,21,3,19,4,17,5,13,6,10,7]"
CSI_DATA,42176,d8:b1:90:db:e8:90,-41,11,1,7,0,0,1,0,1,0,1,-94,0,4,0,660557933,0,100,0,128,1,"[100,-64,5,0,14,-6,18,-2,21,2,24,6,26,9,27,11,28,13,28,14,28,15,27,14,25,13,23,11,22,8,20,5,18,1,17,-3,15,-7,15,-10,14,-13,14,-16,15,-17,15,-17,16,-18,18,-17,18,-15,4,-4,0,0,0,0,0,0,0,0,0,0,0,0,0,0,0,0,0,0,2,-5,9,-17,11,-18,13,-18,15,-18,16,-18,16,-18,15,-18,14,-18,11,-18,8,-19,5,-20,1,-21,-3,-23,-6,-24,-9,-26,-12,-28,-14,-29,-15,-30,-16,-31,-16,-30,-15,-30,-13,-29,-10,-28,-7,-25,-3,-23,0,-21]"
CSI_DATA,42177,d8:b1:90:db:e8:90,-41,11,1,7,0,0,1,0,1,0,1,-94,0,4,0,660569008,0,100,0,128,1,"[100,-64,5,0,-11,-9,-10,-13,-8,-18,-6,-21,-5,-25,-4,-27,-2,-29,-2,-29,-1,-29,-1,-28,-1,-27,-2,-24,-4,-21,-6,-18,-8,-15,-10,-12,-12,-9,-14,-7,-16,-5,-18,-4,-20,-4,-21,-5,-21,-5,-21,-7,-20,-8,-5,-3,0,0,0,0,0,0,0,0,0,0,0,0,0,0,0,0,0,0,-5,0,-18,2,-19,0,-21,-2,-22,-3,-22,-4,-22,-4,-22,-3,-21,-2,-20,-1,-19,2,-17,5,-16,9,-16,12,-15,16,-15,19,-15,21,-15,24,-15,25,-15,26,-15,26,-15,25,-15,23,-15,21,-15,17,-15,13,-15,10]"
CSI_DATA,42178,d8:b1:90:db:e8:90,-41,11,1,7,0,0,1,0,1,0,1,-94,0,4,0,660587674,0,100,0,128,1,"[100,-64,5,0,-4,8,-9,8,-13,8,-16,7,-19,7,-21,6,-22,5,-23,5,-23,4,-22,4,-20,4,-19,4,-16,5,-13,6,-10,7,-7,8,-5,10,-3,11,-1,13,0,14,0,16,1,17,0,17,-1,17,-3,17,-1,4,0,0,0,0,0,0,0,0,0,0,0,0,0,0,0,0,0,0,1,3,5,12,4,14,3,15,2,16,1,17,1,16,1,16,2,15,3,14,5,12,7,10,10,9,12,7,15,6,17,5,19,4,21,3,23,3,24,2,23,3,23,3,21,4,19,4,17,5,13,6,10,7]"
CSI_DATA,42179,d8:b1:90:db:e8:90,-41,11,1,7,0,0,1,0,1,0,1,-94,0,4,0,660608059,0,100,0,128,1,"[100,-64,5,0,-5,-12,-2,-15,2,-18,5,-21,8,-23,11,-24,12,-25,13,-25,13,-25,13,-24,12,-22,10,-21,7,-19,4,-17,1,-15,-2,-14,-6,-13,-9,-13,-11,-13,-13,-13,-15,-14,-15,-14,-15,-15,-14,-17,-12,-17,-3,-5,0,0,0,0,0,0,0,0,0,0,0,0,0,0,0,0,0,0,-4,-2,-17,-5,-18,-7,-18,-9,-18,-11,-18,-12,-18,-12,-18,-11,-17,-10,-17,-8,-17,-5,-17,-2,-18,1,-18,5,-19,8,-20,12,-21,14,-22,16,-23,17,-24,18,-24,18,-24,17,-23,15,-22,12,-21,9,-19,5,-16,2]"
CSI_DATA,42180,d8:b1:90:db:e8:90,-41,11,1,7,0,0,1,0,1,0,1,-94,0,4,0,660627597,0,100,0,128,1,"[100,-64,5,0,-6,10,-11,9,-15,8,-18,7,-21,6,-23,5,-24,4,-25,3,-25,3,-24,3,-23,3,-21,4,-19,4,-16,6,-14,7,-11,9,-9,11,-7,12,-6,14,-5,16,-5,17,-5,17,-5,17,-6,17,-8,16,-2,4,0,0,0,0,0,0,0,0,0,0,0,0,0,0,0,0,0,0,1,3,4,13,4,15,3,17,2,18,1,19,1,18,1,18,2,17,4,17,5,15,8,14,10,12,13,11,16,11,18,10,21,10,23,10,24,9,24,9,24,9,23,10,22,10,19,11,16,11,12,11,9,11]"
CSI_DATA,42181,d8:b1:90:db:e8:90,-41,11,1,7,0,0,1,0,1,0,1,-94,0,4,0,660638347,0,100,0,128,1,"[100,-64,5,0,-8,8,-13,6,-17,5,-20,3,-22,1,-24,0,-25,-2,-26,-2,-25,-3,-25,-3,-23,-2,-21,-1,-19,1,-17,2,-14,4,-11,6,-9,9,-8,11,-7,13,-6,15,-6,16,-6,17,-7,17,-9,17,-10,16,-3,4,0,0,0,0,0,0,0,0,0,0,0,0,0,0,0,0,0,0,0,3,0,15,-1,16,-3,17,-5,18,-5,18,-5,18,-5,18,-4,17,-2,16,0,15,3,15,6,14,9,14,13,13,15,13,17,13,19,13,21,14,22,14,22,14,21,14,19,14,17,14,13,14,10,13,7,13]"
CSI_DATA,42182,d8:b1:90:db:e8:90,-40,11,1,7,0,0,1,0,1,0,1,-94,0,4,0,660652224,0,100,0,128,1,"[100,-64,5,0,1,9,-2,11,-6,13,-9,14,-11,16,-13,16,-15,17,-16,17,-16,16,-15,16,-14,15,-13,14,-10,13,-8,12,-5,11,-3,11,0,12,3,12,5,12,6,13,7,14,8,14,7,15,6,16,5,16,1,4,0,0,0,0,0,0,0,0,0,0,0,0,0,0,0,0,0,0,3,1,12,4,13,6,13,7,13,9,13,9,13,10,13,9,13,8,13,7,13,5,13,2,14,0,15,-3,16,-5,17,-8,18,-10,19,-11,20,-12,20,-12,21,-12,20,-11,20,-10,18,-8,16,-6,14,-3,13,-1]"
CSI_DATA,42183,d8:b1:90:db:e8:90,-41,11,1,7,0,0,1,0,1,0,1,-94,0,4,0,660668892,0,100,0,128,1,"[100,-64,5,0,3,10,-1,13,-4,16,-8,18,-10,20,-13,21,-14,22,-15,22,-16,21,-15,20,-14,19,-12,18,-10,16,-6,15,-3,14,0,13,3,13,6,12,9,12,11,12,13,13,13,14,13,15,11,16,10,16,2,4,0,0,0,0,0,0,0,0,0,0,0,0,0,0,0,0,0,0,3,1,14,7,14,9,14,11,14,12,14,13,14,13,14,12,14,11,15,9,15,7,15,4,16,0,17,-3,18,-6,20,-9,21,-12,22,-13,23,-15,23,-15,23,-15,23,-14,22,-13,21,-11,19,-8,17,-4,15,-1]"
CSI_DATA,42184,d8:b1:90:db:e8:90,-41,11,1,7,0,0,1,0,1,0,1,-94,0,4,0,660688110,0,100,0,128,1,"[100,-64,5,0,-8,6,-12,4,-15,2,-18,0,-20,-1,-22,-2,-23,-4,-23,-4,-23,-5,-22,-5,-21,-4,-19,-3,-17,-1,-15,0,-12,3,-11,5,-9,7,-8,9,-7,11,-7,13,-7,14,-7,15,-8,15,-9,15,-10,14,-3,3,0,0,0,0,0,0,0,0,0,0,0,0,0,0,0,0,0,0,0,3,-1,13,-2,14,-4,15,-5,16,-5,16,-6,16,-5,15,-4,15,-3,14,-1,14,2,13,5,12,8,12,11,12,13,12,16,12,18,12,19,13,19,13,19,13,19,13,18,13,15,13,12,12,8,11,6,11]"
CSI_DATA,42185,d8:b1:90:db:e8:90,-40,11,1,7,0,0,1,0,1,0,1,-94,0,4,0,660708249,0,100,0,128,1,"[100,-64,5,0,3,-12,9,-12,13,-11,17,-11,20,-10,23,-9,24,-9,25,-8,25,-8,24,-7,23,-8,21,-8,18,-8,15,-9,12,-10,9,-11,7,-13,5,-15,3,-17,2,-18,2,-20,2,-20,3,-20,4,-20,6,-19,1,-5,0,0,0,0,0,0,0,0,0,0,0,0,0,0,0,0,0,0,-3,-4,-10,-13,-10,-15,-9,-17,-8,-19,-8,-20,-8,-19,-8,-19,-8,-18,-9,-17,-11,-15,-12,-13,-15,-11,-18,-9,-21,-7,-23,-6,-25,-4,-27,-4,-28,-3,-28,-3,-28,-3,-28,-4,-26,-5,-24,-6,-20,-7,-16,-8,-13,-9]"
CSI_DATA,42186,d8:b1:90:db:e8:90,-40,11,1,7,0,0,1,0,1,0,1,-94,0,4,0,660730181,0,100,0,128,1,"[100,-64,5,0,-8,4,-12,2,-15,0,-18,-3,-20,-5,-21,-7,-22,-8,-22,-9,-22,-9,-21,-10,-20,-9,-18,-7,-17,-5,-15,-3,-13,0,-12,2,-11,5,-10,8,-10,10,-10,12,-10,13,-11,13,-12,13,-13,12,-14,11,-4,2,0,0,0,0,0,0,0,0,0,0,0,0,0,0,0,0,0,0,0,3,0,13,-1,15,-2,16,-3,17,-4,17,-4,17,-4,16,-3,16,-2,15,0,14,3,13,5,12,9,12,11,11,14,11,16,12,18,12,20,12,20,12,20,12,19,12,18,12,15,12,12,12,9,11,6,10]"
CSI_DATA,42187,d8:b1:90:db:e8:90,-40,11,1,7,0,0,1,0,1,0,1,-94,0,4,0,660741493,0,100,0,128,1,"[100,-64,5,0,9,-2,12,3,15,6,16,10,16,13,18,16,18,17,17,18,17,19,17,18,16,16,14,14,14,12,14,9,13,6,12,2,13,0,15,-4,15,-6,15,-7,16,-8,17,-8,18,-8,18,-6,19,-5,4,-1,0,0,0,0,0,0,0,0,0,0,0,0,0,0,0,0,0,0,1,-4,6,-15,8,-15,10,-15,12,-16,12,-16,13,-16,12,-15,11,-15,9,-16,6,-16,4,-16,1,-17,-2,-19,-5,-20,-7,-21,-9,-23,-11,-24,-12,-24,-12,-25,-12,-26,-11,-25,-9,-24,-7,-22,-5,-20,-2,-18,1,-15]"
CSI_DATA,42188,d8:b1:90:db:e8:90,-41,11,1,7,0,0,1,0,1,0,1,-94,0,4,0,660751774,0,100,0,128,1,"[100,-64,5,0,-5,11,-10,11,-14,10,-18,10,-21,9,-23,9,-25,8,-26,7,-25,7,-24,7,-22,7,-20,7,-18,7,-14,8,-11,9,-7,10,-4,11,-2,13,0,15,2,16,3,17,3,18,2,19,1,19,-1,19,-1,4,0,0,0,0,0,0,0,0,0,0,0,0,0,0,0,0,0,0,0,3,2,15,1,17,0,18,-2,19,-2,19,-2,19,-2,19,-1,18,1,16,3,15,6,13,9,12,13,10,16,9,19,8,21,8,23,7,24,7,26,7,26,7,25,8,23,8,21,9,18,9,14,10,11,11]"
CSI_DATA,42189,d8:b1:90:db:e8:90,-41,11,1,7,0,0,1,0,1,0,1,-94,0,4,0,660767132,0,100,0,128,1,"[100,-64,5,0,10,-3,13,1,16,5,17,9,19,11,19,13,20,15,20,16,20,16,19,16,18,14,16,12,15,10,14,7,13,3,12,0,12,-3,12,-7,13,-9,14,-11,14,-12,15,-12,16,-12,17,-11,17,-10,4,-3,0,0,0,0,0,0,0,0,0,0,0,0,0,0,0,0,0,0,1,-4,8,-14,9,-14,11,-15,13,-15,14,-15,14,-15,13,-14,12,-14,10,-15,8,-15,5,-16,1,-17,-2,-18,-5,-19,-8,-21,-10,-22,-11,-23,-12,-24,-13,-25,-13,-25,-12,-24,-11,-24,-9,-22,-6,-20,-3,-18,0,-15]"
CSI_DATA,42190,d8:b1:90:db:e8:90,-41,11,1,7,0,0,1,0,1,0,1,-94,0,4,0,660777300,0,100,0,128,1,"[100,-64,5,0,-13,4,-16,0,-19,-4,-21,-8,-23,-11,-24,-13,-25,-15,-25,-16,-24,-16,-23,-16,-22,-14,-21,-12,-19,-10,-17,-6,-16,-3,-15,1,-14,4,-14,7,-14,10,-14,12,-15,13,-16,14,-17,14,-18,13,-19,11,-5,2,0,0,0,0,0,0,0,0,0,0,0,0,0,0,0,0,0,0,-2,3,-9,14,-11,14,-14,15,-15,15,-16,15,-16,15,-15,15,-14,15,-12,15,-9,15,-6,16,-3,17,1,19,4,21,7,22,9,23,11,25,12,26,13,26,13,26,12,25,11,25,8,23,5,21,2,19,-1,17]"
CSI_DATA,42191,d8:b1:90:db:e8:90,-41,11,1,7,0,0,1,0,1,0,1,-94,0,4,0,660788363,0,100,0,128,1,"[100,-64,5,0,11,2,12,6,13,10,13,14,13,17,13,20,12,21,12,22,12,22,11,21,11,19,10,17,10,14,10,11,11,8,11,5,12,2,13,-1,14,-3,16,-4,17,-5,18,-5,19,-4,19,-3,19,-1,4,-1,0,0,0,0,0,0,0,0,0,0,0,0,0,0,0,0,0,0,2,-3,12,-9,14,-9,16,-8,17,-8,18,-7,18,-7,17,-7,16,-8,14,-9,12,-10,10,-12,8,-14,6,-16,4,-19,3,-21,1,-24,0,-25,-1,-27,-1,-27,-1,-27,0,-26,1,-25,2,-23,4,-20,5,-16,7,-13]"
CSI_DATA,42192,d8:b1:90:db:e8:90,-40,11,1,7,0,0,1,0,1,0,1,-94,0,4,0,660807229,0,100,0,128,1,"[100,-64,5,0,-12,4,-15,0,-19,-3,-21,-7,-23,-10,-25,-12,-26,-14,-26,-16,-25,-16,-24,-15,-23,-14,-22,-12,-20,-10,-18,-7,-17,-4,-16,0,-15,4,-15,7,-16,10,-16,11,-17,12,-18,13,-19,12,-20,11,-20,9,-5,2,0,0,0,0,0,0,0,0,0,0,0,0,0,0,0,0,0,0,-1,4,-2,17,-4,18,-6,19,-8,20,-9,20,-9,20,-9,20,-7,20,-5,19,-3,18,0,18,3,18,7,19,11,19,13,20,16,20,18,21,20,21,20,22,20,22,19,22,17,22,14,21,11,19,7,17,3,16]"
CSI_DATA,42193,d8:b1:90:db:e8:90,-40,11,1,7,0,0,1,0,1,0,1,-94,0,4,0,660831310,0,100,0,128,1,"[100,-64,5,0,7,5,7,9,6,13,5,17,3,19,2,21,2,22,1,23,0,22,0,22,1,20,1,19,2,16,3,13,5,11,7,8,9,6,11,4,13,3,15,3,16,2,17,3,17,4,17,5,16,6,4,1,0,0,0,0,0,0,0,0,0,0,0,0,0,0,0,0,0,0,3,-1,13,-4,14,-3,16,-2,16,-1,17,-1,17,0,17,0,16,-1,15,-2,13,-4,12,-7,11,-9,10,-12,9,-15,8,-17,8,-19,7,-21,7,-23,7,-24,8,-24,8,-23,9,-21,9,-19,9,-16,9,-12,10,-10]"
CSI_DATA,42194,d8:b1:90:db:e8:90,-40,11,1,7,0,0,1,0,1,0,1,-94,0,4,0,660841744,0,100,0,128,1,"[100,-64,5,0,-1,-10,2,-12,6,-13,9,-14,12,-15,14,-15,16,-15,17,-15,17,-15,16,-15,15,-15,13,-14,11,-13,9,-13,7,-12,4,-13,1,-13,-1,-14,-2,-15,-4,-16,-4,-17,-4,-17,-4,-18,-2,-18,-1,-17,0,-5,0,0,0,0,0,0,0,0,0,0,0,0,0,0,0,0,0,0,-4,-1,-13,-4,-14,-6,-14,-8,-14,-9,-14,-10,-15,-10,-14,-10,-15,-9,-15,-8,-15,-6,-15,-4,-16,-1,-17,1,-18,3,-19,5,-20,6,-21,8,-22,9,-22,9,-22,9,-22,8,-21,6,-19,5,-18,3,-15,0,-13,-2]"
CSI_DATA,42195,d8:b1:90:db:e8:90,-41,11,1,7,0,0,1,0,1,0,1,-94,0,4,0,660862001,0,100,0,128,1,"[100,-64,5,0,-7,13,-13,13,-19,12,-23,12,-28,11,-31,10,-33,9,-34,8,-34,7,-32,7,-30,7,-27,7,-23,8,-19,9,-15,10,-11,13,-7,15,-4,17,-2,20,-1,22,0,24,0,25,-1,25,-3,25,-5,25,-2,6,0,0,0,0,0,0,0,0,0,0,0,0,0,0,0,0,0,0,2,4,8,18,7,20,5,23,4,24,3,25,3,25,4,24,5,22,6,20,8,18,11,16,15,13,19,11,23,9,26,8,29,7,32,6,34,5,35,5,35,5,34,6,32,7,29,8,24,9,19,11,15,12]"
CSI_DATA,42196,d8:b1:90:db:e8:90,-41,11,1,7,0,0,1,0,1,0,1,-94,0,4,0,660880232,0,100,0,128,1,"[100,-64,5,0,-12,-2,-14,-7,-15,-12,-15,-16,-16,-19,-15,-22,-15,-24,-15,-26,-14,-26,-14,-25,-13,-23,-13,-21,-12,-18,-13,-15,-13,-12,-14,-8,-15,-5,-17,-3,-19,-1,-20,0,-21,0,-22,0,-22,-1,-22,-2,-22,-3,-6,-1,0,0,0,0,0,0,0,0,0,0,0,0,0,0,0,0,0,0,-2,3,-9,14,-11,15,-13,15,-15,15,-16,15,-16,15,-16,15,-15,15,-12,16,-10,17,-8,17,-5,19,-2,20,1,22,3,24,5,26,6,28,7,28,7,28,7,28,6,28,5,27,3,24,0,22,-2,18,-4,15]"
CSI_DATA,42197,d8:b1:90:db:e8:90,-41,11,1,7,0,0,1,0,1,0,1,-94,0,4,0,660896926,0,100,0,128,1,"[100,-64,5,0,-6,-11,-3,-14,1,-17,3,-20,6,-22,8,-23,9,-24,10,-24,10,-24,9,-23,9,-22,7,-20,5,-18,2,-16,0,-14,-3,-13,-6,-12,-9,-11,-11,-11,-13,-11,-15,-11,-16,-12,-15,-13,-14,-13,-13,-14,-4,-4,0,0,0,0,0,0,0,0,0,0,0,0,0,0,0,0,0,0,-4,-2,-15,-6,-15,-8,-16,-10,-16,-11,-16,-12,-16,-12,-16,-11,-16,-10,-15,-8,-15,-6,-16,-3,-16,0,-17,3,-19,6,-20,9,-20,11,-21,13,-22,14,-22,15,-22,15,-22,14,-21,12,-21,10,-19,8,-17,4,-16,1]"
CSI_DATA,42198,d8:b1:90:db:e8:90,-40,11,1,7,0,0,1,0,1,0,1,-94,0,4,0,660908587,0,100,0,128,1,"[100,-64,5,0,9,-2,11,1,13,5,15,8,16,10,17,12,17,14,17,15,17,15,17,15,16,14,15,12,14,10,14,8,13,5,13,2,14,0,14,-2,15,-4,15,-5,15,-6,16,-6,17,-5,17,-4,17,-3,4,-1,0,0,0,0,0,0,0,0,0,0,0,0,0,0,0,0,0,0,0,-4,2,-13,3,-15,5,-16,6,-16,7,-17,7,-17,7,-17,6,-17,5,-17,3,-17,1,-17,-2,-17,-4,-18,-7,-19,-9,-20,-10,-20,-11,-21,-12,-22,-13,-22,-13,-22,-11,-22,-10,-21,-8,-20,-6,-18,-3,-15,-1,-13]"
CSI_DATA,42199,d8:b1:90:db:e8:90,-41,11,1,7,0,0,1,0,1,0,1,-94,0,4,0,660934515,0,100,0,128,1,"[100,-64,5,0,-2,9,-7,11,-11,12,-14,12,-18,13,-20,13,-22,13,-23,12,-22,12,-22,11,-20,11,-18,11,-16,10,-12,10,-9,10,-6,11,-3,12,0,13,2,15,4,16,5,17,5,18,4,18,2,18,1,19,0,4,0,0,0,0,0,0,0,0,0,0,0,0,0,0,0,0,0,0,3,2,12,9,12,11,12,13,11,15,11,16,11,16,11,15,11,14,11,12,12,9,13,6,14,3,16,1,18,-2,20,-4,22,-6,23,-7,25,-8,25,-9,26,-9,25,-8,24,-6,22,-5,19,-3,16,0,14,2]"
CSI_DATA,42200,d8:b1:90:db:e8:90,-41,11,1,7,0,0,1,0,1,0,1,-94,0,4,0,660947917,0,100,0,128,1,"[100,-64,5,0,-2,9,-6,10,-10,11,-13,11,-16,11,-18,11,-20,11,-20,11,-21,10,-20,10,-19,10,-16,10,-14,9,-12,9,-9,10,-6,11,-3,11,-1,12,1,13,2,14,3,15,3,16,2,17,1,17,0,17,-1,4,0,0,0,0,0,0,0,0,0,0,0,0,0,0,0,0,0,0,2,2,9,9,9,11,8,13,8,14,8,15,8,15,8,14,8,13,9,12,10,10,11,8,13,5,15,3,17,1,19,-1,20,-2,22,-3,23,-3,24,-4,24,-4,23,-3,22,-2,20,-1,17,1,14,3,12,4]"
CSI_DATA,42201,d8:b1:90:db:e8:90,-40,11,1,7,0,0,1,0,1,0,1,-94,0,4,0,660958344,0,100,0,128,1,"[100,-64,5,0,6,-14,12,-13,17,-12,21,-11,25,-10,28,-9,30,-8,31,-7,30,-6,29,-6,27,-7,25,-7,22,-8,19,-9,16,-11,12,-13,9,-15,7,-17,6,-20,4,-21,4,-23,4,-23,5,-24,6,-23,8,-22,2,-6,0,0,0,0,0,0,0,0,0,0,0,0,0,0,0,0,0,0,-2,-5,-8,-18,-7,-20,-5,-23,-4,-24,-4,-25,-3,-25,-4,-24,-4,-23,-6,-22,-9,-20,-12,-18,-15,-16,-18,-15,-22,-13,-25,-12,-28,-12,-30,-11,-32,-11,-33,-11,-32,-12,-31,-12,-29,-13,-26,-13,-22,-14,-17,-14,-13,-15]"
CSI_DATA,42202,d8:b1:90:db:e8:90,-41,11,1,7,0,0,1,0,1,0,1,-94,0,4,0,660970006,0,100,0,128,1,"[100,-64,5,0,8,2,8,7,8,11,8,14,8,17,8,19,7,20,7,21,6,21,6,20,6,18,6,16,6,14,6,11,7,8,9,6,10,3,11,1,13,-1,14,-2,15,-3,16,-3,17,-2,17,-1,16,0,4,0,0,0,0,0,0,0,0,0,0,0,0,0,0,0,0,0,0,0,2,-2,12,-7,13,-6,14,-6,16,-5,16,-4,16,-4,15,-4,14,-5,13,-6,11,-7,9,-9,7,-11,5,-13,4,-16,2,-18,1,-21,0,-22,0,-24,0,-24,0,-24,1,-24,1,-23,2,-20,4,-17,5,-14,6,-12]"
CSI_DATA,42203,d8:b1:90:db:e8:90,-40,11,1,7,0,0,1,0,1,0,1,-94,0,4,0,660980692,0,100,0,128,1,"[100,-64,5,0,-3,-10,0,-13,4,-16,8,-18,11,-20,13,-21,14,-22,15,-22,15,-21,15,-21,14,-19,12,-18,9,-17,6,-15,3,-14,-1,-13,-4,-13,-7,-13,-9,-13,-11,-14,-13,-15,-13,-16,-12,-17,-11,-17,-10,-17,-3,-5,0,0,0,0,0,0,0,0,0,0,0,0,0,0,0,0,0,0,-4,-1,-17,-3,-18,-5,-19,-7,-19,-9,-19,-10,-19,-10,-18,-9,-17,-8,-16,-6,-16,-4,-16,0,-16,3,-16,7,-16,11,-17,14,-18,16,-19,18,-20,19,-20,20,-20,19,-20,18,-20,16,-19,14,-17,11,-16,7,-14,4]"
CSI_DATA,42204,d8:b1:90:db:e8:90,-41,11,1,7,0,0,1,0,1,0,1,-94,0,4,0,660996405,0,100,0,128,1,"[100,-64,5,0,11,1,12,5,13,10,13,13,14,16,14,18,13,20,13,21,13,21,13,20,12,18,11,16,11,14,11,11,11,7,12,4,13,1,13,-2,14,-4,15,-6,16,-6,17,-6,18,-6,18,-5,18,-3,4,-1,0,0,0,0,0,0,0,0,0,0,0,0,0,0,0,0,0,0,2,-3,12,-9,14,-9,16,-8,17,-7,18,-7,18,-7,17,-7,16,-7,14,-8,12,-10,10,-12,7,-14,5,-16,3,-19,2,-21,0,-24,-1,-26,-1,-27,-2,-27,-1,-27,-1,-27,0,-25,2,-23,3,-20,5,-17,7,-14]"
CSI_DATA,42205,d8:b1:90:db:e8:90,-41,11,1,7,0,0,1,0,1,0,1,-94,0,4,0,661006722,0,100,0,128,1,"[100,-64,5,0,-8,-13,-4,-17,0,-21,3,-24,6,-27,8,-28,10,-29,11,-30,11,-29,10,-28,9,-27,8,-25,5,-22,2,-20,-1,-18,-5,-16,-8,-15,-11,-14,-14,-13,-17,-13,-18,-14,-19,-14,-19,-15,-17,-16,-16,-17,-4,-5,0,0,0,0,0,0,0,0,0,0,0,0,0,0,0,0,0,0,-5,-1,-19,-5,-20,-7,-21,-10,-21,-11,-21,-12,-21,-12,-21,-11,-20,-10,-20,-7,-19,-5,-19,-1,-20,3,-21,6,-22,10,-22,14,-23,17,-24,19,-25,20,-25,21,-26,21,-26,20,-25,18,-24,15,-22,11,-20,7,-19,3]"
CSI_DATA,42206,d8:b1:90:db:e8:90,-41,11,1,7,0,0,1,0,1,0,1,-94,0,4,0,661036824,0,100,0,128,1,"[100,-64,5,0,4,-9,8,-9,12,-8,15,-7,18,-6,20,-5,22,-5,22,-4,22,-4,21,-4,20,-4,18,-4,15,-5,13,-6,10,-7,8,-9,5,-10,3,-12,2,-14,1,-16,1,-17,1,-18,1,-18,3,-18,4,-17,1,-5,0,0,0,0,0,0,0,0,0,0,0,0,0,0,0,0,0,0,-2,-4,-5,-13,-4,-15,-3,-17,-2,-18,-2,-18,-2,-18,-2,-17,-2,-16,-3,-15,-5,-14,-8,-12,-10,-10,-13,-9,-16,-8,-18,-7,-20,-7,-22,-7,-23,-6,-24,-6,-24,-6,-23,-7,-22,-7,-20,-8,-17,-9,-13,-9,-10,-9]"
CSI_DATA,42207,d8:b1:90:db:e8:90,-41,11,1,7,0,0,1,0,1,0,1,-94,0,4,0,661049211,0,100,0,128,1,"[100,-64,5,0,5,-7,10,-6,14,-5,17,-4,20,-2,22,-1,23,0,24,1,23,1,22,1,20,0,18,0,16,-2,13,-3,10,-5,8,-7,6,-9,4,-12,2,-14,2,-16,1,-17,2,-18,3,-19,4,-19,5,-18,1,-5,0,0,0,0,0,0,0,0,0,0,0,0,0,0,0,0,0,0,-1,-4,-2,-15,0,-16,1,-17,2,-18,3,-18,3,-18,3,-18,2,-17,0,-15,-2,-14,-5,-12,-8,-11,-11,-10,-14,-9,-17,-9,-20,-8,-22,-8,-24,-8,-24,-8,-24,-8,-24,-9,-22,-9,-20,-9,-17,-9,-13,-9,-10,-10]"
CSI_DATA,42208,d8:b1:90:db:e8:90,-41,11,1,7,0,0,1,0,1,0,1,-94,0,4,0,661059313,0,100,0,128,1,"[100,-64,5,0,2,-10,6,-11,10,-11,13,-11,16,-11,18,-11,20,-10,20,-10,20,-10,19,-10,18,-10,16,-10,13,-10,11,-10,8,-10,5,-11,2,-12,0,-13,-2,-14,-4,-15,-5,-16,-5,-17,-4,-18,-3,-18,-2,-18,-1,-5,0,0,0,0,0,0,0,0,0,0,0,0,0,0,0,0,0,0,-2,-3,-7,-12,-7,-14,-6,-15,-6,-17,-5,-17,-5,-17,-5,-17,-6,-16,-7,-14,-8,-12,-10,-10,-12,-8,-14,-6,-17,-4,-19,-3,-21,-2,-23,-1,-24,-1,-24,0,-25,-1,-24,-1,-23,-2,-21,-3,-18,-4,-15,-6,-12,-7]"
CSI_DATA,42209,d8:b1:90:db:e8:90,-41,11,1,7,0,0,1,0,1,0,1,-94,0,4,0,661073169,0,100,0,128,1,"[100,-64,5,0,-12,5,-16,2,-19,-1,-22,-5,-24,-7,-25,-9,-26,-11,-26,-12,-26,-12,-25,-12,-24,-11,-22,-9,-20,-6,-17,-4,-15,0,-14,3,-12,7,-12,10,-11,13,-11,15,-12,16,-13,16,-14,16,-15,15,-16,14,-4,3,0,0,0,0,0,0,0,0,0,0,0,0,0,0,0,0,0,0,-2,3,-7,15,-9,16,-11,17,-13,17,-13,17,-13,17,-13,17,-11,16,-9,16,-6,16,-3,16,1,16,5,17,8,18,11,19,14,20,16,21,18,22,19,23,19,23,18,22,16,21,13,21,10,19,6,18,3,16]"
CSI_DATA,42210,d8:b1:90:db:e8:90,-41,11,1,7,0,0,1,0,1,0,1,-94,0,4,0,661086391,0,100,0,128,1,"[100,-64,5,0,11,4,12,9,12,14,11,19,11,22,10,25,10,26,9,27,9,27,8,26,7,25,7,22,8,19,9,15,10,11,12,8,13,4,15,2,17,-1,19,-2,20,-3,21,-2,22,-1,22,0,21,1,5,0,0,0,0,0,0,0,0,0,0,0,0,0,0,0,0,0,0,0,3,-3,15,-9,17,-8,19,-7,20,-6,21,-6,21,-5,21,-6,20,-6,18,-8,15,-9,13,-12,10,-15,8,-18,6,-21,4,-24,3,-27,3,-29,2,-31,2,-31,2,-31,2,-31,3,-29,5,-26,6,-23,8,-18,9,-14]"
CSI_DATA,42211,d8:b1:90:db:e8:90,-41,11,1,7,0,0,1,0,1,0,1,-94,0,4,0,661097477,0,100,0,128,1,"[100,-64,5,0,-1,-12,4,-14,8,-15,11,-16,14,-17,17,-17,18,-17,19,-17,19,-16,19,-16,17,-15,15,-14,12,-14,9,-13,6,-13,3,-13,-1,-14,-3,-14,-6,-15,-7,-16,-8,-17,-9,-17,-8,-18,-7,-18,-5,-19,-2,-5,0,0,0,0,0,0,0,0,0,0,0,0,0,0,0,0,0,0,-3,-3,-11,-12,-11,-13,-10,-16,-10,-17,-9,-18,-9,-18,-10,-17,-10,-16,-11,-14,-12,-12,-13,-9,-15,-7,-17,-5,-19,-2,-22,0,-23,1,-25,3,-26,3,-27,4,-27,4,-26,3,-25,2,-23,1,-21,-2,-17,-4,-14,-6]"
CSI_DATA,42212,d8:b1:90:db:e8:90,-41,11,1,7,0,0,1,0,1,0,1,-94,0,4,0,661109984,0,100,0,128,1,"[100,-64,5,0,5,-13,11,-13,16,-13,20,-13,24,-12,27,-12,29,-11,30,-10,29,-9,28,-9,26,-9,24,-10,20,-10,16,-10,12,-12,8,-13,5,-15,1,-17,-1,-19,-3,-21,-4,-23,-4,-24,-3,-24,-1,-25,1,-25,0,-6,0,0,0,0,0,0,0,0,0,0,0,0,0,0,0,0,0,0,-2,-5,-7,-18,-6,-21,-4,-23,-3,-24,-2,-25,-2,-25,-2,-24,-3,-22,-5,-20,-8,-18,-10,-16,-14,-14,-18,-12,-22,-10,-25,-9,-28,-8,-31,-7,-32,-7,-33,-6,-34,-6,-33,-7,-31,-8,-28,-9,-24,-10,-19,-11,-15,-12]"
CSI_DATA,42213,d8:b1:90:db:e8:90,-40,11,1,7,0,0,1,0,1,0,1,-94,0,4,0,661139560,0,100,0,128,1,"[100,-64,5,0,8,-2,11,2,13,6,15,9,16,13,17,15,18,17,18,18,17,18,17,18,15,16,14,14,13,12,13,9,13,6,13,3,14,1,15,-2,15,-4,16,-6,17,-6,18,-6,19,-5,19,-4,18,-3,4,-1,0,0,0,0,0,0,0,0,0,0,0,0,0,0,0,0,0,0,0,-4,0,-16,2,-17,4,-18,5,-19,6,-19,6,-19,6,-19,5,-18,3,-18,1,-17,-2,-17,-4,-17,-7,-17,-10,-18,-13,-19,-15,-20,-17,-20,-18,-21,-18,-21,-17,-21,-17,-21,-15,-20,-12,-19,-9,-18,-6,-16,-3,-14]"
CSI_DATA,42214,d8:b1:90:db:e8:90,-41,11,1,7,0,0,1,0,1,0,1,-94,0,4,0,661149576,0,100,0,128,1,"[100,-64,5,0,5,10,2,13,-1,16,-4,19,-7,21,-9,22,-10,22,-11,22,-11,22,-11,21,-10,21,-8,19,-6,17,-4,15,-1,13,2,12,5,11,8,10,10,10,12,10,13,11,14,11,14,12,13,13,12,14,3,3,0,0,0,0,0,0,0,0,0,0,0,0,0,0,0,0,0,0,3,0,14,4,15,6,15,8,16,9,16,10,16,10,15,10,15,8,15,7,14,4,14,1,15,-2,16,-5,17,-8,18,-11,19,-13,20,-15,20,-16,21,-17,21,-16,21,-15,20,-14,19,-12,18,-9,16,-6,14,-3]"
CSI_DATA,42215,d8:b1:90:db:e8:90,-41,11,1,7,0,0,1,0,1,0,1,-94,0,4,0,661160207,0,100,0,128,1,"[100,-64,5,0,-8,11,-14,9,-19,8,-23,6,-27,5,-29,4,-31,2,-32,1,-31,1,-30,1,-28,2,-26,2,-22,3,-19,5,-15,7,-12,9,-9,12,-6,15,-5,17,-4,19,-3,21,-3,22,-4,23,-6,22,-8,21,-2,5,0,0,0,0,0,0,0,0,0,0,0,0,0,0,0,0,0,0,0,4,2,18,0,20,-2,21,-3,22,-3,23,-3,23,-3,22,-2,21,0,20,3,18,6,17,10,15,14,14,18,13,21,12,24,12,26,12,28,12,29,12,29,12,28,12,27,13,24,13,19,14,15,14,11,14]"
CSI_DATA,42216,d8:b1:90:db:e8:90,-41,11,1,7,0,0,1,0,1,0,1,-94,0,4,0,661177234,0,100,0,128,1,"[100,-64,5,0,8,7,7,12,5,15,4,19,2,21,1,23,0,24,-1,25,-1,24,-1,23,-1,22,0,20,1,18,3,15,5,12,7,10,9,7,12,6,14,4,15,4,17,4,18,4,18,5,17,6,17,7,4,2,0,0,0,0,0,0,0,0,0,0,0,0,0,0,0,0,0,0,3,-1,15,0,16,1,17,2,18,4,18,4,18,4,18,4,17,3,16,1,15,-1,14,-4,14,-7,13,-10,13,-14,13,-17,13,-19,13,-21,13,-22,14,-23,14,-23,14,-22,14,-20,14,-18,13,-15,13,-11,13,-8]"
CSI_DATA,42217,d8:b1:90:db:e8:90,-40,11,1,7,0,0,1,0,1,0,1,-94,0,4,0,661188165,0,100,0,128,1,"[100,-64,5,0,-10,-8,-8,-13,-7,-18,-5,-22,-3,-25,-2,-28,-1,-29,0,-30,1,-30,1,-29,0,-27,0,-25,-2,-22,-4,-19,-6,-16,-9,-13,-11,-11,-14,-9,-16,-7,-19,-7,-21,-7,-22,-8,-22,-9,-21,-10,-20,-11,-5,-3,0,0,0,0,0,0,0,0,0,0,0,0,0,0,0,0,0,0,-5,1,-18,5,-19,4,-21,2,-22,2,-23,1,-23,0,-23,1,-21,2,-20,3,-18,5,-16,8,-15,11,-13,15,-12,18,-11,21,-10,24,-10,27,-10,28,-10,29,-10,29,-11,28,-11,26,-12,23,-12,19,-13,15,-13,11]"
CSI_DATA,42218,d8:b1:90:db:e8:90,-41,11,1,7,0,0,1,0,1,0,1,-94,0,4,0,661199966,0,100,0,128,1,"[100,-64,5,0,12,-3,15,2,17,6,19,10,20,13,21,15,21,17,21,18,20,18,20,17,19,15,18,14,17,11,15,8,15,4,14,1,14,-3,14,-6,15,-9,15,-11,16,-12,16,-12,17,-12,18,-11,19,-9,4,-3,0,0,0,0,0,0,0,0,0,0,0,0,0,0,0,0,0,0,2,-4,9,-14,11,-15,13,-15,15,-14,16,-14,16,-14,16,-14,14,-14,12,-14,9,-15,6,-16,3,-18,0,-20,-3,-21,-6,-24,-8,-26,-9,-27,-10,-28,-11,-29,-10,-28,-9,-28,-8,-27,-6,-25,-3,-23,0,-20,2,-17]"
CSI_DATA,42219,d8:b1:90:db:e8:90,-41,11,1,7,0,0,1,0,1,0,1,-94,0,4,0,661211021,0,100,0,128,1,"[100,-64,5,0,-15,3,-18,-3,-20,-7,-22,-11,-23,-15,-24,-18,-25,-20,-25,-21,-25,-21,-24,-20,-23,-19,-22,-17,-20,-14,-19,-10,-18,-6,-18,-2,-17,2,-17,5,-18,8,-19,10,-19,11,-20,11,-21,11,-22,10,-22,8,-6,2,0,0,0,0,0,0,0,0,0,0,0,0,0,0,0,0,0,0,-3,3,-11,16,-13,16,-15,16,-17,16,-18,16,-18,16,-17,16,-16,16,-14,16,-11,17,-8,18,-4,20,-1,22,3,24,6,26,8,27,10,29,11,30,11,30,11,30,10,30,8,29,6,27,3,24,0,21,-3,18]"
CSI_DATA,42220,d8:b1:90:db:e8:90,-41,11,1,7,0,0,1,0,1,0,1,-94,0,4,0,661242747,0,100,0,128,1,"[100,-64,5,0,-6,-8,-4,-12,-1,-16,1,-18,3,-20,4,-22,6,-23,6,-23,7,-23,7,-22,6,-21,4,-19,3,-17,1,-15,-2,-12,-5,-11,-7,-10,-10,-8,-12,-8,-14,-7,-16,-8,-16,-9,-16,-10,-15,-11,-14,-11,-4,-3,0,0,0,0,0,0,0,0,0,0,0,0,0,0,0,0,0,0,-4,-1,-15,-3,-16,-5,-16,-6,-17,-8,-17,-8,-17,-9,-16,-8,-16,-6,-15,-5,-14,-2,-14,0,-14,3,-14,7,-14,10,-15,13,-15,15,-16,17,-16,18,-17,19,-17,19,-16,18,-16,17,-16,14,-15,11,-14,7,-13,5]"
CSI_DATA,42221,d8:b1:90:db:e8:90,-41,11,1,7,0,0,1,0,1,0,1,-94,0,4,0,661254350,0,100,0,128,1,"[100,-64,5,0,-10,0,-12,-4,-13,-7,-14,-11,-15,-13,-16,-15,-16,-17,-16,-18,-15,-18,-15,-18,-14,-17,-14,-15,-13,-13,-12,-10,-12,-7,-12,-4,-13,-1,-13,2,-14,4,-15,5,-16,6,-16,5,-17,5,-17,4,-18,3,-5,0,0,0,0,0,0,0,0,0,0,0,0,0,0,0,0,0,0,0,-2,2,-8,11,-9,11,-11,12,-12,12,-13,12,-13,12,-13,11,-11,11,-10,11,-8,12,-5,12,-3,14,-1,15,2,17,4,18,6,20,7,21,8,21,8,22,8,22,7,22,6,21,4,19,2,18,0,15,-2,12]"
CSI_DATA,42222,d8:b1:90:db:e8:90,-41,11,1,7,0,0,1,0,1,0,1,-94,0,4,0,661264827,0,100,0,128,1,"[100,-64,5,0,-12,2,-15,-1,-17,-5,-18,-8,-20,-11,-20,-13,-21,-14,-21,-15,-20,-15,-20,-15,-19,-14,-17,-12,-16,-9,-15,-7,-13,-3,-12,0,-12,3,-12,6,-12,9,-12,10,-13,11,-14,12,-14,12,-15,11,-16,10,-4,2,0,0,0,0,0,0,0,0,0,0,0,0,0,0,0,0,0,0,-3,3,-10,12,-12,12,-14,11,-15,11,-16,11,-16,10,-15,10,-13,10,-11,11,-9,12,-6,13,-3,14,-1,16,2,17,5,19,7,21,8,22,9,23,10,24,10,24,9,23,7,22,5,21,3,20,0,17,-2,14]"
CSI_DATA,42223,d8:b1:90:db:e8:90,-41,11,1,7,0,0,1,0,1,0,1,-94,0,4,0,661278359,0,100,0,128,1,"[100,-64,5,0,-12,-7,-11,-12,-10,-16,-9,-20,-8,-24,-7,-27,-6,-28,-6,-29,-5,-29,-5,-27,-5,-26,-6,-23,-7,-21,-8,-17,-9,-14,-11,-10,-13,-8,-15,-5,-17,-4,-19,-2,-21,-2,-21,-2,-22,-3,-21,-4,-21,-6,-6,-2,0,0,0,0,0,0,0,0,0,0,0,0,0,0,0,0,0,0,-5,1,-17,4,-19,2,-21,1,-21,0,-22,-1,-22,-1,-21,-1,-20,0,-19,2,-18,4,-16,7,-14,11,-13,14,-12,17,-11,21,-11,24,-11,26,-11,27,-11,28,-11,28,-11,27,-12,25,-12,22,-13,19,-13,15,-13,11]"
CSI_DATA,42224,d8:b1:90:db:e8:90,-40,11,1,7,0,0,1,0,1,0,1,-94,0,4,0,661293735,0,100,0,128,1,"[100,-64,5,0,-4,10,-9,10,-13,10,-17,10,-20,10,-22,9,-24,9,-25,8,-26,8,-25,7,-23,7,-21,7,-18,8,-15,8,-12,9,-9,11,-6,12,-4,14,-2,15,-1,17,0,18,0,19,-1,19,-3,19,-4,18,-1,4,0,0,0,0,0,0,0,0,0,0,0,0,0,0,0,0,0,0,2,3,8,13,7,15,7,17,6,18,6,19,5,19,6,18,6,17,7,15,9,13,11,11,13,9,16,7,19,6,21,4,23,3,25,2,26,1,27,1,27,1,26,2,25,2,22,4,19,5,15,7,12,7]"
CSI_DATA,42225,d8:b1:90:db:e8:90,-41,11,1,7,0,0,1,0,1,0,1,-94,0,4,0,661307728,0,100,0,128,1,"[100,-64,5,0,9,5,8,10,7,14,7,18,6,20,5,22,4,23,4,24,3,24,3,23,3,22,3,19,4,17,5,14,6,11,8,8,11,6,13,3,14,1,16,1,17,0,18,0,19,1,18,3,18,4,4,1,0,0,0,0,0,0,0,0,0,0,0,0,0,0,0,0,0,0,3,-1,15,-3,16,-2,17,-1,18,0,19,1,19,1,18,0,17,-1,16,-2,14,-4,13,-7,12,-10,11,-13,9,-16,9,-19,8,-21,8,-24,8,-25,8,-26,8,-26,8,-25,9,-23,9,-21,10,-18,10,-14,10,-11]"
CSI_DATA,42226,d8:b1:90:db:e8:90,-41,11,1,7,0,0,1,0,1,0,1,-94,0,4,0,661344350,0,100,0,128,1,"[100,-64,5,0,11,0,12,4,13,8,14,11,14,14,15,17,15,18,15,19,14,19,14,19,13,17,12,15,12,12,12,9,12,6,12,3,12,0,13,-3,14,-5,14,-6,15,-7,16,-7,17,-6,17,-5,17,-4,4,-1,0,0,0,0,0,0,0,0,0,0,0,0,0,0,0,0,0,0,2,-3,11,-10,12,-10,14,-10,15,-9,16,-9,16,-9,16,-9,15,-9,13,-10,11,-11,8,-12,6,-14,3,-17,1,-19,-1,-21,-2,-23,-3,-25,-4,-26,-4,-26,-4,-26,-3,-26,-2,-25,-1,-23,1,-20,3,-17,5,-15]"
CSI_DATA,42227,d8:b1:90:db:e8:90,-41,11,1,7,0,0,1,0,1,0,1,-94,0,4,0,661354876,0,100,0,128,1,"[100,-64,5,0,-1,9,-5,10,-9,11,-12,11,-15,12,-17,12,-19,12,-20,11,-20,10,-20,10,-19,10,-17,10,-14,10,-12,10,-10,11,-7,11,-4,12,-2,13,-1,14,1,15,1,16,1,16,0,17,-1,17,-1,16,-1,4,0,0,0,0,0,0,0,0,0,0,0,0,0,0,0,0,0,0,2,1,10,8,10,10,10,11,9,13,9,14,9,14,9,13,10,12,10,11,11,9,12,7,14,5,16,3,18,1,19,-1,21,-2,22,-3,23,-4,23,-4,23,-3,23,-3,21,-2,20,0,18,1,15,3,12,4]"
CSI_DATA,42228,d8:b1:90:db:e8:90,-41,11,1,7,0,0,1,0,1,0,1,-94,0,4,0,661367474,0,100,0,128,1,"[100,-64,5,0,10,1,11,5,13,9,13,12,13,15,13,18,13,19,13,20,13,20,12,19,12,18,11,16,10,13,10,10,11,7,11,4,12,1,12,-2,13,-5,14,-6,16,-7,16,-7,17,-7,17,-6,17,-4,4,-1,0,0,0,0,0,0,0,0,0,0,0,0,0,0,0,0,0,0,2,-3,12,-9,13,-9,15,-8,16,-7,17,-7,17,-7,16,-7,15,-7,14,-8,11,-10,9,-12,6,-14,4,-16,2,-18,0,-21,-1,-23,-2,-25,-3,-26,-3,-26,-3,-26,-2,-26,-1,-25,0,-23,2,-20,4,-16,5,-14]"
CSI_DATA,42229,d8:b1:90:db:e8:90,-40,11,1,7,0,0,1,0,1,0,1,-94,0,4,0,661390663,0,100,0,128,1,"[100,-64,5,0,-9,-9,-7,-13,-4,-18,-2,-21,-1,-24,1,-26,2,-27,3,-27,3,-27,3,-26,2,-24,1,-22,0,-20,-2,-17,-4,-15,-7,-12,-10,-10,-12,-9,-15,-8,-17,-7,-18,-7,-19,-7,-19,-8,-18,-9,-18,-10,-5,-3,0,0,0,0,0,0,0,0,0,0,0,0,0,0,0,0,0,0,-5,0,-17,-1,-18,-3,-19,-5,-20,-6,-21,-7,-20,-7,-20,-6,-19,-5,-18,-3,-17,-1,-16,3,-15,6,-15,10,-15,13,-15,16,-15,19,-15,21,-15,23,-16,23,-16,23,-16,22,-16,21,-16,18,-16,15,-15,11,-14,7]"
CSI_DATA,42230,d8:b1:90:db:e8:90,-41,11,1,7,0,0,1,0,1,0,1,-94,0,4,0,661406602,0,100,0,128,1,"[100,-64,5,0,3,-10,7,-10,10,-10,13,-9,16,-9,18,-9,19,-9,20,-8,20,-8,19,-8,17,-8,16,-8,13,-8,11,-8,8,-9,6,-10,3,-11,1,-12,0,-14,-2,-15,-2,-16,-3,-16,-2,-17,-1,-17,0,-16,0,-4,0,0,0,0,0,0,0,0,0,0,0,0,0,0,0,0,0,0,-2,-3,-6,-12,-5,-14,-4,-15,-3,-16,-3,-17,-3,-17,-3,-16,-3,-15,-4,-14,-6,-12,-8,-11,-10,-9,-13,-8,-16,-7,-18,-6,-20,-5,-21,-5,-22,-5,-23,-5,-23,-5,-22,-5,-21,-6,-19,-6,-16,-7,-13,-7,-10,-8]"
CSI_DATA,42231,d8:b1:90:db:e8:90,-40,11,1,7,0,0,1,0,1,0,1,-94,0,4,0,661417176,0,100,0,128,1,"[100,-64,5,0,-13,-6,-13,-12,-13,-18,-12,-22,-11,-27,-10,-30,-10,-32,-9,-32,-9,-32,-8,-31,-8,-29,-8,-26,-9,-22,-10,-18,-12,-14,-13,-10,-15,-7,-17,-3,-20,-1,-22,0,-24,1,-25,1,-25,0,-25,-1,-25,-3,-6,-1,0,0,0,0,0,0,0,0,0,0,0,0,0,0,0,0,0,0,-5,2,-19,8,-21,7,-23,6,-25,4,-25,3,-25,3,-24,3,-23,4,-20,6,-18,8,-16,11,-13,15,-10,18,-8,22,-6,26,-5,29,-4,32,-4,34,-3,34,-4,34,-4,33,-6,31,-7,28,-8,24,-10,19,-11,15]"
CSI_DATA,42232,d8:b1:90:db:e8:90,-41,11,1,7,0,0,1,0,1,0,1,-94,0,4,0,661445030,0,100,0,128,1,"[100,-64,5,0,13,2,14,7,15,13,15,17,15,21,15,24,15,26,14,27,14,27,13,26,13,24,12,21,12,18,12,14,13,11,14,7,15,3,16,0,18,-2,20,-4,21,-5,22,-5,22,-4,22,-3,22,-1,5,-1,0,0,0,0,0,0,0,0,0,0,0,0,0,0,0,0,0,0,3,-3,15,-12,17,-11,19,-10,21,-10,22,-9,22,-8,21,-8,19,-9,17,-10,15,-12,12,-14,9,-17,6,-20,4,-23,2,-26,1,-29,0,-31,-1,-33,-1,-33,-1,-33,0,-33,1,-31,3,-28,5,-25,7,-20,8,-17]"
CSI_DATA,42233,d8:b1:90:db:e8:90,-40,11,1,7,0,0,1,0,1,0,1,-94,0,4,0,661458582,0,100,0,128,1,"[100,-64,5,0,-2,9,-6,10,-10,10,-13,10,-16,10,-18,10,-20,10,-21,9,-21,9,-20,9,-19,8,-18,8,-16,9,-13,9,-11,9,-8,10,-6,11,-4,13,-3,14,-2,15,-1,16,-1,16,-2,17,-3,16,-4,16,-1,3,0,0,0,0,0,0,0,0,0,0,0,0,0,0,0,0,0,0,2,1,9,8,10,9,10,11,10,13,10,14,10,14,10,13,10,12,10,11,11,9,12,7,14,5,15,3,17,1,19,0,21,-1,22,-2,23,-3,24,-3,24,-3,23,-2,21,-1,20,0,17,2,14,4,12,5]"
CSI_DATA,42234,d8:b1:90:db:e8:90,-41,11,1,7,0,0,1,0,1,0,1,-94,0,4,0,661469451,0,100,0,128,1,"[100,-64,5,0,-8,8,-12,6,-16,4,-19,3,-22,1,-24,0,-25,-1,-26,-2,-26,-2,-25,-2,-23,-2,-21,-1,-19,0,-16,2,-13,4,-11,7,-9,9,-7,11,-6,14,-5,15,-5,16,-5,17,-6,17,-7,17,-9,17,-3,4,0,0,0,0,0,0,0,0,0,0,0,0,0,0,0,0,0,0,0,3,0,14,-2,16,-4,17,-5,18,-6,18,-6,18,-5,17,-4,17,-2,16,0,15,3,14,6,13,10,13,13,12,16,12,18,12,20,12,22,13,23,13,23,13,22,13,20,13,18,13,14,13,10,13,7,12]"
CSI_DATA,42235,d8:b1:90:db:e8:90,-41,11,1,7,0,0,1,0,1,0,1,-94,0,4,0,661486962,0,100,0,128,1,"[100,-64,5,0,9,4,9,9,9,14,9,18,8,21,7,24,7,26,6,27,6,27,5,26,5,24,5,22,6,19,7,15,9,12,10,9,12,6,14,3,16,2,18,1,19,0,20,1,21,1,20,3,20,4,5,1,0,0,0,0,0,0,0,0,0,0,0,0,0,0,0,0,0,0,3,-3,14,-10,16,-10,18,-9,19,-9,20,-8,20,-8,19,-8,18,-9,16,-10,13,-11,11,-13,8,-16,5,-18,3,-21,2,-24,0,-27,-1,-29,-1,-30,-1,-31,-1,-31,0,-30,1,-28,2,-26,4,-22,5,-18,7,-14]"
CSI_DATA,42236,d8:b1:90:db:e8:90,-40,11,1,7,0,0,1,0,1,0,1,-94,0,4,0,661497794,0,100,0,128,1,"[100,-64,5,0,5,-12,10,-13,16,-12,20,-11,24,-10,26,-9,28,-9,29,-8,29,-8,28,-8,26,-8,23,-8,20,-9,17,-10,13,-11,9,-12,6,-15,4,-17,1,-18,0,-20,-1,-22,-1,-23,-1,-23,1,-23,3,-22,0,-6,0,0,0,0,0,0,0,0,0,0,0,0,0,0,0,0,0,0,-2,-4,-8,-17,-6,-19,-5,-22,-4,-23,-3,-24,-3,-24,-3,-23,-4,-21,-5,-19,-8,-17,-11,-15,-14,-13,-18,-11,-22,-9,-25,-8,-27,-7,-29,-6,-31,-6,-32,-6,-32,-6,-31,-7,-29,-8,-26,-9,-22,-10,-18,-10,-14,-11]"
CSI_DATA,42237,d8:b1:90:db:e8:90,-41,11,1,7,0,0,1,0,1,0,1,-94,0,4,0,661518018,0,100,0,128,1,"[100,-64,5,0,11,-1,13,4,15,8,15,11,15,14,16,16,16,18,16,19,16,19,15,18,14,17,14,15,13,12,12,9,12,6,12,3,12,0,13,-3,14,-6,15,-7,15,-8,16,-8,17,-8,17,-7,18,-6,4,-2,0,0,0,0,0,0,0,0,0,0,0,0,0,0,0,0,0,0,2,-3,11,-11,12,-11,14,-11,15,-10,16,-10,16,-10,16,-10,14,-10,13,-11,10,-12,8,-13,5,-15,3,-17,1,-19,-2,-22,-3,-24,-5,-25,-5,-26,-5,-27,-5,-27,-5,-26,-4,-25,-2,-23,0,-21,2,-17,4,-15]"
CSI_DATA,42238,d8:b1:90:db:e8:90,-41,11,1,7,0,0,1,0,1,0,1,-94,0,4,0,661548125,0,100,0,128,1,"[100,-64,5,0,-11,4,-15,0,-17,-3,-19,-6,-20,-9,-21,-11,-22,-13,-22,-14,-22,-14,-21,-13,-20,-12,-19,-10,-17,-8,-16,-5,-14,-3,-13,0,-13,4,-12,6,-13,9,-13,11,-13,11,-14,12,-15,12,-16,11,-16,10,-4,2,0,0,0,0,0,0,0,0,0,0,0,0,0,0,0,0,0,0,-2,3,-6,13,-8,14,-10,14,-12,14,-13,14,-13,14,-12,14,-11,14,-9,14,-6,14,-4,15,0,15,3,16,6,17,8,19,10,20,12,21,12,22,13,23,13,23,12,22,11,22,9,20,6,18,3,16,0,15]"
CSI_DATA,42239,d8:b1:90:db:e8:90,-40,11,1,7,0,0,1,0,1,0,1,-94,0,4,0,661559570,0,100,0,128,1,"[100,-64,5,0,7,6,6,11,4,15,3,18,1,21,0,23,-1,25,-2,25,-2,25,-3,24,-2,22,-1,21,0,18,2,15,4,13,6,11,9,9,11,7,13,6,15,6,17,6,17,6,17,7,17,8,16,9,3,2,0,0,0,0,0,0,0,0,0,0,0,0,0,0,0,0,0,0,3,-2,15,-5,16,-4,17,-3,19,-2,19,-1,19,-1,19,-1,18,-2,16,-3,15,-5,13,-8,12,-10,11,-13,10,-17,9,-20,9,-22,8,-24,8,-26,9,-26,9,-26,9,-25,10,-23,10,-21,10,-17,10,-13,10,-10]"
CSI_DATA,42240,d8:b1:90:db:e8:90,-41,11,1,7,0,0,1,0,1,0,1,-94,0,4,0,661570614,0,100,0,128,1,"[100,-64,5,0,-14,-4,-15,-10,-15,-15,-14,-20,-14,-24,-13,-27,-12,-29,-12,-30,-12,-30,-12,-29,-12,-27,-12,-24,-11,-20,-12,-17,-13,-13,-14,-9,-16,-5,-17,-2,-19,0,-21,2,-22,3,-23,3,-24,2,-24,1,-24,0,-6,-1,0,0,0,0,0,0,0,0,0,0,0,0,0,0,0,0,0,0,-4,2,-17,9,-19,8,-22,7,-23,6,-24,5,-24,5,-23,5,-22,6,-19,7,-17,9,-14,12,-12,15,-9,18,-7,22,-5,25,-4,28,-3,30,-2,32,-2,33,-3,33,-4,32,-4,30,-6,27,-7,24,-9,20,-10,16]"
CSI_DATA,42241,d8:b1:90:db:e8:90,-41,11,1,7,0,0,1,0,1,0,1,-94,0,4,0,661586219,0,100,0,128,1,"[100,-64,5,0,5,10,2,14,-1,18,-4,21,-7,23,-9,25,-10,26,-11,26,-12,25,-12,24,-11,23,-9,22,-7,20,-4,18,-1,16,2,15,6,13,9,13,11,12,13,12,14,13,15,14,15,15,13,16,12,16,3,4,0,0,0,0,0,0,0,0,0,0,0,0,0,0,0,0,0,0,4,0,17,0,18,2,19,3,20,5,20,6,20,6,20,6,19,4,18,3,18,0,17,-3,17,-6,17,-10,17,-14,17,-17,18,-19,18,-21,19,-23,20,-23,20,-23,20,-22,19,-20,18,-17,18,-13,16,-9,15,-5]"
CSI_DATA,42242,d8:b1:90:db:e8:90,-41,11,1,7,0,0,1,0,1,0,1,-94,0,4,0,661597454,0,100,0,128,1,"[100,-64,5,0,8,9,5,13,3,17,1,20,-1,23,-3,26,-4,27,-4,27,-5,26,-5,26,-4,24,-3,22,-1,20,1,17,3,14,6,12,9,9,12,8,14,6,16,6,18,6,18,7,18,8,18,9,17,10,4,2,0,0,0,0,0,0,0,0,0,0,0,0,0,0,0,0,0,0,4,0,17,1,18,3,19,4,19,6,19,7,19,7,19,6,18,5,17,3,16,0,16,-3,15,-7,15,-10,15,-14,15,-17,15,-20,16,-22,16,-24,17,-25,17,-25,17,-24,17,-22,16,-19,16,-15,15,-11,15,-7]"
CSI_DATA,42243,d8:b1:90:db:e8:90,-41,11,1,7,0,0,1,0,1,0,1,-94,0,4,0,661609730,0,100,0,128,1,"[100,-64,5,0,-4,10,-8,10,-11,10,-14,10,-17,10,-19,10,-21,9,-21,9,-21,8,-20,8,-19,8,-17,8,-14,8,-11,8,-9,8,-6,9,-3,10,0,11,1,12,3,13,4,14,4,15,3,16,2,16,1,16,0,4,0,0,0,0,0,0,0,0,0,0,0,0,0,0,0,0,0,0,1,3,4,12,3,14,2,15,1,16,1,16,1,16,1,16,2,15,3,13,5,12,6,10,9,9,12,7,15,6,17,5,19,4,21,4,22,3,23,3,23,3,22,4,21,4,19,5,16,6,13,7,11,8]"
CSI_DATA,42244,d8:b1:90:db:e8:90,-40,11,1,7,0,0,1,0,1,0,1,-94,0,4,0,661628680,0,100,0,128,1,"[100,-64,5,0,-9,7,-13,5,-18,3,-21,1,-24,-1,-26,-2,-27,-4,-28,-5,-28,-6,-27,-6,-26,-5,-24,-4,-21,-2,-19,0,-17,2,-15,5,-13,8,-13,10,-12,13,-12,15,-12,16,-12,16,-13,16,-14,15,-15,13,-4,3,0,0,0,0,0,0,0,0,0,0,0,0,0,0,0,0,0,0,1,3,4,15,3,17,2,19,0,20,0,21,0,21,0,21,1,20,2,19,4,18,7,16,10,15,13,14,16,14,19,13,21,13,23,13,25,13,26,13,25,13,25,13,23,13,20,14,16,14,12,13,8,13]"
CSI_DATA,42245,d8:b1:90:db:e8:90,-40,11,1,7,0,0,1,0,1,0,1,-94,0,4,0,661651222,0,100,0,128,1,"[100,-64,5,0,6,-7,10,-5,14,-2,18,-1,20,1,22,2,23,4,24,5,23,5,22,5,21,4,19,3,17,2,15,0,14,-3,12,-5,10,-8,9,-10,9,-13,9,-14,9,-16,9,-16,10,-16,11,-15,12,-14,3,-4,0,0,0,0,0,0,0,0,0,0,0,0,0,0,0,0,0,0,-2,-4,-4,-14,-3,-16,-2,-18,-2,-19,-1,-19,0,-20,-1,-19,-1,-18,-3,-17,-4,-15,-7,-14,-9,-13,-12,-12,-16,-11,-18,-11,-21,-11,-22,-11,-24,-11,-24,-11,-24,-11,-23,-11,-22,-11,-19,-11,-16,-11,-12,-11,-9,-11]"
CSI_DATA,42246,d8:b1:90:db:e8:90,-41,11,1,7,0,0,1,0,1,0,1,-94,0,4,0,661661491,0,100,0,128,1,"[100,-64,5,0,0,13,-6,16,-11,18,-15,19,-19,20,-22,21,-24,21,-26,20,-26,20,-25,19,-23,19,-21,18,-17,17,-14,16,-10,16,-6,16,-2,17,2,18,5,18,7,20,8,21,8,22,8,22,6,23,4,23,0,5,0,0,0,0,0,0,0,0,0,0,0,0,0,0,0,0,0,0,4,2,16,10,16,13,16,15,16,18,16,18,15,18,15,17,16,16,17,14,17,11,18,8,20,4,22,1,25,-3,27,-6,29,-8,30,-10,32,-11,32,-11,32,-11,32,-10,30,-8,28,-6,25,-3,21,0,18,3]"
CSI_DATA,42247,d8:b1:90:db:e8:90,-41,11,1,7,0,0,1,0,1,0,1,-94,0,4,0,661672290,0,100,0,128,1,"[100,-64,5,0,1,-13,6,-14,11,-15,15,-16,18,-16,21,-16,23,-16,23,-16,24,-15,23,-15,21,-14,18,-14,15,-13,11,-13,8,-13,4,-13,1,-14,-2,-16,-5,-17,-7,-18,-8,-19,-8,-20,-8,-20,-6,-21,-5,-21,-1,-6,0,0,0,0,0,0,0,0,0,0,0,0,0,0,0,0,0,0,-3,-4,-9,-15,-9,-17,-8,-19,-7,-20,-7,-21,-7,-21,-7,-20,-7,-19,-9,-17,-10,-14,-13,-12,-15,-9,-18,-7,-21,-4,-24,-3,-26,-1,-28,0,-30,1,-30,1,-30,1,-30,0,-29,-1,-26,-2,-23,-4,-19,-6,-16,-8]"
CSI_DATA,42248,d8:b1:90:db:e8:90,-41,11,1,7,0,0,1,0,1,0,1,-94,0,4,0,661684077,0,100,0,128,1,"[100,-64,5,0,8,8,5,13,3,17,1,21,-1,24,-3,26,-4,27,-5,28,-5,27,-5,27,-5,25,-3,23,-2,21,0,18,3,16,6,13,9,12,12,10,14,9,16,9,17,9,18,10,18,10,17,11,16,12,3,3,0,0,0,0,0,0,0,0,0,0,0,0,0,0,0,0,0,0,4,-1,16,-3,18,-1,19,0,21,1,21,2,21,2,21,2,20,1,19,-1,18,-3,16,-7,16,-10,15,-14,14,-17,14,-20,14,-23,14,-25,14,-27,15,-27,15,-26,15,-25,15,-24,15,-21,14,-17,14,-13,13,-9]"
CSI_DATA,42249,d8:b1:90:db:e8:90,-40,11,1,7,0,0,1,0,1,0,1,-94,0,4,0,661697280,0,100,0,128,1,"[100,-64,5,0,-6,-10,-3,-15,0,-19,3,-22,6,-24,8,-26,10,-27,11,-27,11,-27,11,-26,10,-25,8,-23,6,-21,3,-18,0,-16,-3,-15,-7,-14,-10,-13,-13,-13,-15,-13,-17,-13,-17,-14,-17,-15,-16,-16,-14,-17,-4,-5,0,0,0,0,0,0,0,0,0,0,0,0,0,0,0,0,0,0,-5,-1,-18,-2,-19,-3,-20,-6,-21,-7,-21,-8,-22,-8,-21,-8,-21,-6,-20,-4,-19,-1,-18,2,-18,5,-18,9,-18,13,-18,16,-19,19,-19,21,-20,23,-20,23,-20,23,-20,22,-20,20,-19,17,-19,13,-17,9,-16,5]"
CSI_DATA,42250,d8:b1:90:db:e8:90,-41,11,1,7,0,0,1,0,1,0,1,-94,0,4,0,661708517,0,100,0,128,1,"[100,-64,5,0,-8,-6,-7,-11,-5,-14,-4,-17,-3,-20,-2,-22,-1,-23,0,-23,0,-23,0,-23,0,-22,-1,-20,-2,-18,-3,-15,-5,-13,-7,-11,-9,-9,-11,-8,-13,-7,-15,-6,-16,-7,-16,-7,-16,-8,-16,-9,-15,-9,-4,-3,0,0,0,0,0,0,0,0,0,0,0,0,0,0,0,0,0,0,-4,1,-13,4,-15,3,-16,2,-17,1,-18,0,-18,0,-18,1,-17,1,-16,3,-14,4,-13,7,-12,9,-11,11,-10,14,-10,16,-9,19,-9,20,-9,21,-9,22,-9,22,-10,21,-10,20,-10,18,-11,15,-11,11,-11,8]"
CSI_DATA,42251,d8:b1:90:db:e8:90,-41,11,1,7,0,0,1,0,1,0,1,-94,0,4,0,661727115,0,100,0,128,1,"[100,-64,5,0,9,-2,11,1,15,4,17,8,18,12,18,13,19,14,20,15,19,16,18,16,17,14,17,12,16,11,14,8,14,4,14,1,14,-1,14,-4,14,-7,15,-8,16,-9,16,-8,17,-8,17,-8,18,-6,4,-2,0,0,0,0,0,0,0,0,0,0,0,0,0,0,0,0,0,0,0,-4,3,-16,5,-16,7,-17,8,-17,9,-18,10,-18,9,-17,7,-17,6,-18,4,-17,2,-17,-2,-17,-5,-19,-7,-20,-9,-20,-12,-21,-14,-23,-15,-24,-15,-24,-15,-23,-15,-23,-13,-23,-9,-21,-7,-19,-4,-17,-2,-15]"
CSI_DATA,42252,d8:b1:90:db:e8:90,-40,11,1,7,0,0,1,0,1,0,1,-94,0,4,0,661752741,0,100,0,128,1,"[100,-64,5,0,8,0,10,5,11,9,12,12,12,15,12,17,12,19,12,20,11,20,11,19,10,18,9,16,9,14,9,11,10,7,10,4,11,2,12,-1,13,-3,14,-4,15,-5,16,-5,17,-4,17,-3,17,-2,4,-1,0,0,0,0,0,0,0,0,0,0,0,0,0,0,0,0,0,0,1,-3,7,-12,9,-12,11,-12,13,-12,13,-12,13,-11,13,-11,12,-11,10,-11,8,-12,5,-13,2,-14,0,-16,-3,-18,-5,-19,-7,-21,-8,-22,-8,-24,-9,-24,-8,-24,-7,-24,-6,-23,-5,-21,-3,-19,0,-15,1,-13]"
CSI_DATA,42253,d8:b1:90:db:e8:90,-41,11,1,7,0,0,1,0,1,0,1,-94,0,4,0,661766100,0,100,0,128,1,"[100,-64,5,0,4,-10,9,-9,13,-9,17,-8,20,-7,22,-7,24,-6,25,-5,25,-5,24,-5,22,-5,20,-5,18,-6,15,-7,12,-8,9,-10,7,-12,5,-13,4,-15,3,-17,3,-18,3,-19,4,-19,5,-19,6,-18,1,-5,0,0,0,0,0,0,0,0,0,0,0,0,0,0,0,0,0,0,-2,-4,-8,-13,-8,-15,-7,-17,-6,-18,-6,-19,-6,-19,-6,-19,-7,-18,-8,-16,-9,-14,-11,-12,-13,-10,-16,-9,-19,-7,-22,-6,-24,-5,-25,-5,-27,-5,-27,-5,-27,-4,-26,-5,-25,-6,-22,-7,-19,-8,-15,-9,-12,-10]"
CSI_DATA,42254,d8:b1:90:db:e8:90,-40,11,1,7,0,0,1,0,1,0,1,-94,0,4,0,661777753,0,100,0,128,1,"[100,-64,5,0,8,9,5,15,2,19,0,23,-3,27,-5,29,-6,30,-7,31,-7,31,-7,30,-7,28,-5,26,-3,23,-1,20,2,17,6,15,9,13,12,11,15,11,18,11,19,11,20,12,21,12,19,13,18,15,4,3,0,0,0,0,0,0,0,0,0,0,0,0,0,0,0,0,0,0,4,-1,19,-4,21,-2,22,0,23,2,24,3,24,3,23,3,23,2,21,-1,19,-3,17,-7,16,-11,16,-15,15,-19,15,-23,15,-26,15,-28,16,-30,16,-30,17,-30,17,-29,17,-27,17,-24,16,-20,15,-15,15,-10]"
CSI_DATA,42255,d8:b1:90:db:e8:90,-40,11,1,7,0,0,1,0,1,0,1,-94,0,4,0,661789135,0,100,0,128,1,"[100,-64,5,0,-1,11,-6,12,-11,13,-14,14,-18,15,-20,15,-21,15,-22,14,-23,14,-22,13,-21,12,-18,12,-15,12,-12,11,-9,11,-5,12,-2,12,1,13,4,15,5,16,7,17,7,18,6,19,4,19,3,19,0,4,0,0,0,0,0,0,0,0,0,0,0,0,0,0,0,0,0,0,2,2,10,11,10,14,9,16,8,17,8,18,8,18,8,17,8,16,9,14,11,12,12,9,14,6,17,4,19,1,21,-1,23,-2,25,-3,27,-4,28,-5,28,-5,27,-4,26,-2,23,-1,20,1,17,3,14,5]"
CSI_DATA,42256,d8:b1:90:db:e8:90,-41,11,1,7,0,0,1,0,1,0,1,-94,0,4,0,661803989,0,100,0,128,1,"[100,-64,5,0,9,-5,13,-2,16,1,18,4,20,7,21,9,22,11,22,11,22,11,21,11,20,10,19,9,17,7,16,4,15,2,14,-2,13,-5,13,-7,13,-10,13,-12,13,-12,14,-12,15,-12,15,-11,16,-10,4,-3,0,0,0,0,0,0,0,0,0,0,0,0,0,0,0,0,0,0,0,-4,2,-15,4,-16,6,-18,7,-18,8,-18,8,-18,8,-18,7,-18,5,-17,3,-17,0,-17,-3,-17,-6,-18,-9,-19,-12,-19,-14,-20,-16,-21,-17,-22,-17,-22,-17,-22,-16,-22,-14,-21,-12,-20,-9,-19,-5,-17,-3,-15]"
CSI_DATA,42257,d8:b1:90:db:e8:90,-40,11,1,7,0,0,1,0,1,0,1,-94,0,4,0,661816424,0,100,0,128,1,"[100,-64,5,0,-11,2,-13,-1,-16,-5,-18,-9,-20,-11,-21,-14,-21,-16,-21,-17,-21,-18,-20,-17,-19,-16,-18,-14,-17,-12,-16,-9,-15,-6,-15,-3,-15,1,-15,3,-16,5,-17,7,-17,8,-18,8,-19,8,-19,7,-19,5,-5,1,0,0,0,0,0,0,0,0,0,0,0,0,0,0,0,0,0,0,-1,3,-2,15,-4,16,-6,18,-8,18,-8,18,-9,18,-8,18,-7,18,-5,18,-3,17,0,16,3,17,6,17,9,18,12,18,14,19,16,20,17,21,18,21,17,21,16,21,15,21,12,20,9,18,5,16,2,14]"
CSI_DATA,42258,d8:b1:90:db:e8:90,-40,11,1,7,0,0,1,0,1,0,1,-94,0,4,0,661826566,0,100,0,128,1,"[100,-64,5,0,2,-8,6,-9,10,-9,14,-9,16,-9,18,-8,20,-8,20,-7,21,-7,20,-7,19,-7,18,-6,16,-7,13,-7,11,-8,9,-10,7,-11,5,-13,4,-14,3,-15,3,-16,3,-17,4,-17,5,-16,6,-15,1,-4,0,0,0,0,0,0,0,0,0,0,0,0,0,0,0,0,0,0,-3,-2,-12,-7,-12,-9,-12,-11,-12,-12,-12,-13,-12,-13,-12,-13,-12,-12,-13,-10,-13,-9,-14,-7,-15,-5,-17,-3,-19,-1,-20,1,-22,2,-23,3,-24,4,-24,4,-24,3,-23,3,-22,1,-20,0,-17,-2,-14,-3,-12,-4]"
CSI_DATA,42259,d8:b1:90:db:e8:90,-40,11,1,7,0,0,1,0,1,0,1,-94,0,4,0,661856987,0,100,0,128,1,"[100,-64,5,0,-1,-13,5,-15,10,-17,14,-18,17,-18,20,-19,22,-19,23,-18,23,-18,23,-17,21,-17,19,-16,16,-16,12,-15,8,-15,5,-15,1,-16,-2,-17,-4,-18,-6,-19,-8,-20,-8,-21,-7,-22,-5,-22,-3,-22,-1,-6,0,0,0,0,0,0,0,0,0,0,0,0,0,0,0,0,0,0,-4,-3,-14,-12,-14,-14,-14,-17,-14,-18,-14,-19,-14,-19,-14,-18,-14,-17,-15,-15,-15,-12,-16,-9,-18,-6,-21,-3,-23,0,-25,3,-27,5,-29,6,-30,7,-31,7,-31,7,-30,6,-29,5,-26,3,-24,0,-20,-3,-17,-5]"
CSI_DATA,42260,d8:b1:90:db:e8:90,-40,11,1,7,0,0,1,0,1,0,1,-94,0,4,0,661869200,0,100,0,128,1,"[100,-64,5,0,-11,1,-14,-3,-16,-7,-17,-11,-18,-14,-19,-16,-19,-18,-20,-19,-19,-19,-18,-19,-18,-18,-17,-16,-16,-13,-15,-10,-14,-7,-14,-3,-15,0,-15,2,-16,5,-17,6,-18,7,-18,7,-19,7,-19,6,-19,4,-5,1,0,0,0,0,0,0,0,0,0,0,0,0,0,0,0,0,0,0,-2,3,-7,14,-9,15,-11,15,-13,15,-14,15,-14,15,-13,15,-12,15,-10,15,-8,15,-5,15,-2,16,2,18,5,19,7,21,9,22,10,23,11,24,11,25,11,25,11,24,9,23,7,22,4,20,1,17,-2,15]"
CSI_DATA,42261,d8:b1:90:db:e8:90,-41,11,1,7,0,0,1,0,1,0,1,-94,0,4,0,661883739,0,100,0,128,1,"[100,-64,5,0,-12,-7,-11,-12,-10,-16,-8,-20,-7,-23,-6,-26,-6,-27,-5,-28,-5,-28,-5,-27,-5,-25,-5,-23,-6,-20,-7,-17,-9,-14,-10,-11,-12,-8,-14,-6,-16,-4,-18,-3,-20,-3,-21,-3,-21,-3,-20,-5,-20,-6,-5,-2,0,0,0,0,0,0,0,0,0,0,0,0,0,0,0,0,0,0,-4,1,-17,4,-18,2,-20,1,-21,0,-22,-1,-21,-1,-21,-1,-20,0,-18,2,-17,4,-16,7,-14,10,-13,13,-12,17,-11,20,-11,22,-11,25,-11,26,-11,26,-11,26,-11,25,-12,24,-12,22,-13,18,-13,14,-12,10]"
CSI_DATA,42262,d8:b1:90:db:e8:90,-41,11,1,7,0,0,1,0,1,0,1,-94,0,4,0,661894828,0,100,0,128,1,"[100,-64,5,0,-10,10,-15,8,-19,6,-22,4,-25,2,-27,1,-29,0,-30,-1,-29,-2,-28,-2,-27,-1,-24,0,-22,2,-19,3,-15,5,-12,8,-10,11,-8,14,-6,16,-5,18,-5,19,-5,20,-6,20,-8,20,-9,19,-3,4,0,0,0,0,0,0,0,0,0,0,0,0,0,0,0,0,0,0,-1,4,-2,17,-4,18,-6,20,-7,21,-8,21,-8,20,-7,20,-6,19,-4,18,-1,17,2,17,6,16,10,16,14,16,17,16,20,16,22,16,24,17,25,17,24,17,23,17,22,17,19,17,15,16,11,16,7,15]"
CSI_DATA,42263,d8:b1:90:db:e8:90,-41,11,1,7,0,0,1,0,1,0,1,-94,0,4,0,661904994,0,100,0,128,1,"[100,-64,5,0,9,-9,14,-7,18,-4,21,-2,24,0,26,2,27,3,27,4,27,4,26,4,24,3,22,2,20,0,17,-2,15,-4,13,-7,10,-10,9,-13,8,-15,7,-17,7,-19,7,-19,8,-19,10,-19,11,-18,3,-5,0,0,0,0,0,0,0,0,0,0,0,0,0,0,0,0,0,0,0,-5,2,-17,3,-18,5,-20,7,-20,8,-21,8,-20,7,-20,6,-19,4,-18,1,-18,-2,-17,-6,-17,-9,-17,-13,-18,-16,-18,-19,-19,-21,-19,-22,-19,-23,-20,-23,-20,-22,-20,-20,-20,-17,-19,-14,-18,-10,-17,-6,-16]"
CSI_DATA,42264,d8:b1:90:db:e8:90,-40,11,1,7,0,0,1,0,1,0,1,-94,0,4,0,661916461,0,100,0,128,1,"[100,-64,5,0,-8,-11,-4,-15,-1,-19,1,-22,4,-25,6,-27,8,-28,9,-28,9,-28,9,-28,8,-26,6,-24,4,-22,2,-20,-1,-18,-4,-16,-7,-14,-10,-13,-13,-13,-15,-14,-17,-14,-17,-14,-17,-15,-16,-16,-15,-17,-4,-5,0,0,0,0,0,0,0,0,0,0,0,0,0,0,0,0,0,0,-5,0,-18,0,-20,-1,-21,-3,-22,-5,-23,-5,-23,-6,-22,-5,-21,-4,-20,-2,-19,0,-19,3,-18,7,-18,11,-18,14,-18,17,-18,20,-19,23,-19,24,-20,24,-20,24,-20,23,-20,21,-19,18,-18,14,-17,10,-16,6]"
CSI_DATA,42265,d8:b1:90:db:e8:90,-41,11,1,7,0,0,1,0,1,0,1,-94,0,4,0,661928384,0,100,0,128,1,"[100,-64,5,0,12,4,12,9,11,14,11,18,10,22,9,24,9,26,8,27,8,27,8,26,7,24,8,22,8,19,9,15,10,12,11,9,13,6,14,3,16,1,18,0,20,0,21,0,21,0,21,1,20,2,5,0,0,0,0,0,0,0,0,0,0,0,0,0,0,0,0,0,0,0,3,-2,15,-8,17,-7,19,-6,20,-5,21,-4,21,-4,20,-3,19,-4,18,-6,16,-8,13,-11,11,-14,9,-18,8,-20,7,-23,6,-26,5,-28,5,-30,5,-30,6,-30,7,-29,7,-27,8,-25,9,-21,10,-17,10,-13]"
CSI_DATA,42266,d8:b1:90:db:e8:90,-40,11,1,7,0,0,1,0,1,0,1,-94,0,4,0,661938589,0,100,0,128,1,"[100,-64,5,0,7,-10,13,-8,17,-6,21,-4,24,-2,26,0,28,1,29,2,29,3,28,3,26,2,24,1,22,0,19,-2,16,-5,14,-7,12,-10,11,-13,10,-16,9,-18,9,-19,10,-20,11,-20,12,-19,13,-17,3,-5,0,0,0,0,0,0,0,0,0,0,0,0,0,0,0,0,0,0,-2,-5,-6,-17,-5,-19,-3,-21,-2,-23,-1,-23,-1,-23,-1,-22,-2,-21,-3,-20,-6,-19,-9,-17,-12,-16,-16,-14,-19,-14,-22,-13,-25,-13,-27,-13,-29,-13,-29,-13,-29,-13,-28,-14,-26,-14,-23,-14,-19,-14,-14,-14,-10,-14]"
CSI_DATA,42267,d8:b1:90:db:e8:90,-40,11,1,7,0,0,1,0,1,0,1,-94,0,4,0,661961492,0,100,0,128,1,"[100,-64,5,0,4,10,0,13,-3,16,-6,18,-9,20,-11,21,-12,21,-13,21,-13,21,-13,20,-12,20,-11,19,-9,17,-6,15,-3,15,0,14,3,13,5,13,8,13,10,13,10,14,11,15,10,15,9,16,8,16,2,4,0,0,0,0,0,0,0,0,0,0,0,0,0,0,0,0,0,0,3,0,15,3,15,4,16,6,17,8,17,9,17,9,17,8,16,7,16,5,16,3,16,0,16,-3,17,-6,18,-9,18,-11,19,-14,20,-15,21,-16,21,-17,21,-16,21,-15,21,-14,20,-12,18,-9,16,-5,14,-2]"
CSI_DATA,42268,d8:b1:90:db:e8:90,-40,11,1,7,0,0,1,0,1,0,1,-94,0,4,0,661973048,0,100,0,128,1,"[100,-64,5,0,-8,-5,-8,-10,-6,-14,-4,-17,-3,-20,-3,-21,-2,-23,-2,-24,-1,-24,-1,-23,-2,-21,-2,-20,-3,-18,-4,-15,-6,-12,-8,-10,-10,-9,-12,-7,-13,-5,-15,-4,-17,-5,-17,-5,-17,-6,-17,-6,-16,-7,-4,-2,0,0,0,0,0,0,0,0,0,0,0,0,0,0,0,0,0,0,-4,0,-14,2,-15,1,-16,0,-17,-1,-18,-1,-18,-1,-17,-1,-16,0,-16,1,-15,3,-14,5,-12,8,-11,11,-11,14,-10,16,-10,18,-10,20,-9,21,-9,22,-10,22,-10,21,-10,19,-10,18,-10,15,-11,11,-11,8]"
CSI_DATA,42269,d8:b1:90:db:e8:90,-41,11,1,7,0,0,1,0,1,0,1,-94,0,4,0,661983486,0,100,0,128,1,"[100,-64,5,0,-3,11,-8,12,-12,12,-15,12,-18,12,-20,12,-22,11,-23,11,-23,11,-22,10,-21,10,-19,10,-16,10,-13,10,-10,10,-6,11,-3,12,-1,13,1,14,3,16,4,16,4,17,3,18,2,18,0,18,0,4,0,0,0,0,0,0,0,0,0,0,0,0,0,0,0,0,0,0,2,3,7,13,6,15,5,16,4,18,4,18,4,18,4,17,5,16,6,15,7,13,10,11,12,9,15,7,18,5,20,4,22,3,24,2,26,1,26,1,26,2,26,2,24,3,22,4,19,5,15,7,12,7]"
CSI_DATA,42270,d8:b1:90:db:e8:90,-41,11,1,7,0,0,1,0,1,0,1,-94,0,4,0,662001669,0,100,0,128,1,"[100,-64,5,0,-2,12,-8,13,-12,14,-16,14,-19,14,-22,14,-23,14,-24,13,-24,13,-24,12,-22,12,-20,12,-17,12,-13,12,-10,12,-6,13,-3,14,-1,15,1,16,3,17,4,18,5,19,4,19,3,19,1,19,0,4,0,0,0,0,0,0,0,0,0,0,0,0,0,0,0,0,0,0,2,3,10,13,9,14,8,17,8,18,7,19,7,19,7,18,7,17,9,15,10,13,12,10,15,8,18,5,20,3,23,2,25,1,26,-1,28,-1,28,-2,28,-1,28,0,26,1,24,2,21,4,17,6,14,7]"
CSI_DATA,42271,d8:b1:90:db:e8:90,-41,11,1,7,0,0,1,0,1,0,1,-94,0,4,0,662012645,0,100,0,128,1,"[100,-64,5,0,6,10,3,14,0,18,-3,21,-6,23,-8,25,-9,26,-10,26,-10,25,-10,24,-9,23,-7,22,-5,19,-3,17,1,15,4,13,7,11,10,10,13,9,15,9,16,10,17,11,17,11,17,12,15,13,3,3,0,0,0,0,0,0,0,0,0,0,0,0,0,0,0,0,0,0,4,1,16,5,17,7,17,9,17,10,18,11,18,11,17,10,17,9,16,6,16,4,16,0,16,-3,17,-7,18,-11,18,-14,19,-17,20,-18,21,-20,22,-21,22,-21,21,-20,21,-18,20,-16,19,-12,17,-8,16,-4]"
CSI_DATA,42272,d8:b1:90:db:e8:90,-41,11,1,7,0,0,1,0,1,0,1,-94,0,4,0,662023511,0,100,0,128,1,"[100,-64,5,0,5,8,2,11,0,14,-2,16,-4,18,-5,20,-7,21,-8,21,-8,21,-7,20,-7,19,-6,17,-4,15,-2,14,0,12,3,10,5,9,8,8,10,8,12,8,13,8,14,8,14,9,13,10,12,11,2,2,0,0,0,0,0,0,0,0,0,0,0,0,0,0,0,0,0,0,3,0,13,1,14,2,14,4,15,5,15,6,15,6,14,6,14,5,13,3,13,1,12,-2,12,-5,13,-7,13,-10,13,-13,14,-15,14,-17,15,-18,15,-18,15,-18,15,-17,15,-16,14,-14,13,-11,12,-8,12,-5]"
CSI_DATA,42273,d8:b1:90:db:e8:90,-41,11,1,7,0,0,1,0,1,0,1,-94,0,4,0,662038964,0,100,0,128,1,"[100,-64,5,0,-14,-1,-15,-6,-16,-11,-17,-15,-18,-18,-18,-20,-18,-22,-18,-23,-17,-24,-16,-23,-15,-21,-15,-19,-14,-16,-14,-12,-15,-8,-15,-5,-15,-2,-16,1,-17,4,-17,6,-19,7,-20,7,-21,6,-21,5,-21,4,-5,0,0,0,0,0,0,0,0,0,0,0,0,0,0,0,0,0,0,0,-4,2,-14,11,-15,11,-17,10,-19,10,-20,9,-20,9,-19,9,-18,10,-16,10,-13,12,-11,14,-8,16,-5,18,-3,21,0,23,1,25,2,27,3,28,3,29,3,29,3,28,1,27,0,25,-3,22,-5,18,-7,15]"
CSI_DATA,42274,d8:b1:90:db:e8:90,-41,11,1,7,0,0,1,0,1,0,1,-94,0,4,0,662061059,0,100,0,128,1,"[100,-64,5,0,-10,5,-14,2,-17,-1,-19,-4,-21,-6,-22,-8,-23,-10,-23,-10,-23,-10,-22,-10,-21,-9,-19,-8,-18,-6,-16,-3,-14,-1,-13,2,-12,5,-11,8,-11,10,-11,12,-11,13,-12,13,-12,14,-13,13,-14,11,-4,2,0,0,0,0,0,0,0,0,0,0,0,0,0,0,0,0,0,0,-1,3,-5,14,-6,14,-8,15,-9,15,-10,15,-10,15,-10,15,-9,15,-7,14,-4,14,-1,15,2,15,5,15,8,16,10,17,12,18,14,19,15,19,16,20,15,20,14,20,13,19,10,18,8,17,5,15,2,14]"
CSI_DATA,42275,d8:b1:90:db:e8:90,-41,11,1,7,0,0,1,0,1,0,1,-94,0,4,0,662072439,0,100,0,128,1,"[100,-64,5,0,-10,0,-12,-4,-13,-8,-14,-11,-14,-14,-15,-16,-15,-18,-15,-19,-14,-19,-14,-18,-13,-17,-13,-15,-12,-13,-12,-10,-12,-7,-12,-4,-12,-2,-13,1,-14,2,-15,4,-16,4,-17,4,-17,4,-17,3,-18,2,-5,0,0,0,0,0,0,0,0,0,0,0,0,0,0,0,0,0,0,0,-2,2,-7,11,-9,11,-11,12,-12,11,-13,11,-13,11,-13,11,-12,11,-10,12,-8,12,-6,13,-3,14,-1,15,2,17,4,18,5,20,6,21,7,21,7,22,7,22,6,21,5,21,4,19,2,17,-1,14,-3,12]"
CSI_DATA,42276,d8:b1:90:db:e8:90,-41,11,1,7,0,0,1,0,1,0,1,-94,0,4,0,662084706,0,100,0,128,1,"[100,-64,5,0,-6,-11,-3,-14,-1,-16,2,-19,5,-21,7,-22,8,-23,9,-23,9,-23,9,-23,8,-22,6,-20,5,-19,2,-17,0,-15,-3,-14,-6,-13,-8,-12,-10,-12,-12,-12,-13,-13,-14,-13,-13,-14,-12,-14,-10,-15,-3,-4,0,0,0,0,0,0,0,0,0,0,0,0,0,0,0,0,0,0,-4,-1,-15,-3,-16,-5,-17,-7,-17,-8,-17,-9,-17,-9,-17,-8,-17,-7,-17,-5,-17,-3,-17,-1,-17,2,-18,5,-18,8,-19,10,-20,12,-20,13,-21,15,-21,15,-21,15,-21,14,-20,12,-20,10,-18,7,-17,4,-15,1]"
CSI_DATA,42277,d8:b1:90:db:e8:90,-40,11,1,7,0,0,1,0,1,0,1,-94,0,4,0,662096961,0,100,0,128,1,"[100,-64,5,0,0,-12,5,-13,10,-15,13,-16,17,-16,21,-17,22,-17,23,-16,24,-16,24,-16,22,-14,20,-13,17,-13,13,-13,9,-13,6,-14,2,-15,-1,-16,-3,-17,-4,-19,-6,-21,-5,-22,-4,-23,-2,-23,-1,-22,0,-6,0,0,0,0,0,0,0,0,0,0,0,0,0,0,0,0,0,0,-4,-3,-16,-9,-17,-11,-17,-13,-17,-15,-17,-16,-16,-16,-15,-15,-16,-14,-16,-12,-16,-10,-17,-7,-18,-3,-20,0,-21,3,-24,5,-26,8,-27,9,-28,10,-29,11,-29,11,-28,9,-28,7,-25,5,-23,2,-20,-1,-17,-2]"
CSI_DATA,42278,d8:b1:90:db:e8:90,-40,11,1,7,0,0,1,0,1,0,1,-94,0,4,0,662106991,0,100,0,128,1,"[100,-64,5,0,6,8,4,12,1,16,-1,19,-4,22,-6,23,-7,24,-8,25,-8,25,-8,24,-8,23,-7,22,-5,20,-2,18,0,16,3,15,6,14,8,13,10,13,12,14,12,14,13,14,12,15,11,15,10,16,2,4,0,0,0,0,0,0,0,0,0,0,0,0,0,0,0,0,0,0,3,-2,15,-5,16,-4,18,-3,19,-2,20,-1,20,0,20,-1,19,-2,18,-3,18,-5,17,-7,16,-10,16,-13,15,-16,15,-18,15,-21,15,-22,16,-24,16,-24,16,-23,16,-22,15,-20,15,-17,15,-14,14,-10,13,-7]"
CSI_DATA,42279,d8:b1:90:db:e8:90,-41,11,1,7,0,0,1,0,1,0,1,-94,0,4,0,662119719,0,100,0,128,1,"[100,-64,5,0,9,-8,12,-6,16,-3,19,-1,21,1,23,3,24,4,25,5,24,5,23,5,22,4,20,2,18,1,15,-1,13,-3,11,-6,10,-9,8,-12,7,-14,7,-16,7,-17,7,-17,8,-18,9,-17,10,-16,2,-4,0,0,0,0,0,0,0,0,0,0,0,0,0,0,0,0,0,0,0,-4,3,-15,4,-16,6,-17,7,-18,8,-18,8,-17,8,-17,7,-17,5,-16,2,-16,-1,-15,-4,-16,-7,-16,-11,-17,-14,-17,-16,-18,-18,-18,-19,-19,-20,-19,-19,-19,-19,-19,-17,-19,-15,-18,-12,-17,-8,-16,-5,-15]"
CSI_DATA,42280,d8:b1:90:db:e8:90,-41,11,1,7,0,0,1,0,1,0,1,-94,0,4,0,662137099,0,100,0,128,1,"[100,-64,5,0,-13,-1,-15,-6,-16,-10,-17,-14,-17,-18,-17,-21,-17,-23,-17,-23,-17,-23,-17,-22,-16,-20,-15,-18,-15,-15,-14,-12,-14,-8,-14,-4,-14,-1,-15,2,-16,5,-18,6,-19,7,-19,8,-20,8,-21,7,-21,5,-6,1,0,0,0,0,0,0,0,0,0,0,0,0,0,0,0,0,0,0,-4,2,-14,11,-15,11,-17,11,-19,10,-19,9,-20,9,-19,9,-18,9,-16,10,-13,11,-9,13,-6,15,-4,18,-1,20,1,22,3,24,4,26,5,28,5,28,4,28,4,28,3,27,1,25,-1,22,-3,18,-5,15]"
CSI_DATA,42281,d8:b1:90:db:e8:90,-41,11,1,7,0,0,1,0,1,0,1,-94,0,4,0,662161977,0,100,0,128,1,"[100,-64,5,0,-13,-5,-13,-11,-12,-15,-11,-19,-11,-23,-10,-25,-10,-27,-9,-27,-9,-27,-9,-26,-8,-25,-9,-22,-9,-18,-10,-15,-10,-11,-12,-7,-14,-4,-15,-1,-17,1,-19,3,-20,3,-21,3,-22,3,-22,2,-22,0,-6,0,0,0,0,0,0,0,0,0,0,0,0,0,0,0,0,0,0,0,-5,0,-18,2,-19,1,-20,-1,-21,-2,-22,-3,-21,-3,-21,-2,-20,-1,-19,1,-17,3,-15,6,-14,10,-13,13,-12,17,-11,20,-10,23,-10,25,-9,26,-10,27,-10,28,-10,27,-10,25,-11,23,-12,19,-12,15,-13,11]"
CSI_DATA,42282,d8:b1:90:db:e8:90,-41,11,1,7,0,0,1,0,1,0,1,-94,0,4,0,662172004,0,100,0,128,1,"[100,-64,5,0,14,-4,17,2,19,6,22,10,24,14,25,16,25,18,25,19,25,19,24,19,22,17,20,15,19,12,18,8,17,4,16,0,15,-4,15,-8,16,-11,16,-14,17,-15,18,-15,19,-15,20,-14,20,-12,5,-3,0,0,0,0,0,0,0,0,0,0,0,0,0,0,0,0,0,0,2,-4,12,-15,14,-15,17,-15,18,-15,19,-15,20,-15,19,-15,17,-15,15,-16,11,-17,8,-18,4,-20,1,-22,-2,-24,-5,-26,-8,-28,-10,-30,-11,-32,-12,-32,-11,-32,-10,-32,-9,-31,-7,-29,-4,-26,0,-22,3,-19]"
CSI_DATA,42283,d8:b1:90:db:e8:90,-41,11,1,7,0,0,1,0,1,0,1,-94,0,4,0,662182425,0,100,0,128,1,"[100,-64,5,0,-7,-14,-3,-18,1,-22,5,-26,8,-29,11,-31,13,-32,14,-32,14,-31,14,-30,12,-28,10,-26,7,-24,4,-21,0,-19,-4,-17,-9,-15,-12,-14,-16,-14,-18,-14,-20,-15,-21,-16,-21,-17,-19,-18,-18,-19,-5,-5,0,0,0,0,0,0,0,0,0,0,0,0,0,0,0,0,0,0,-5,-2,-20,-7,-21,-9,-22,-12,-22,-13,-22,-15,-22,-15,-22,-14,-21,-12,-21,-10,-21,-6,-21,-2,-21,2,-22,6,-23,11,-24,14,-25,18,-26,20,-27,22,-28,23,-28,23,-28,21,-27,19,-26,16,-24,12,-22,7,-20,4]"
CSI_DATA,42284,d8:b1:90:db:e8:90,-40,11,1,7,0,0,1,0,1,0,1,-94,0,4,0,662197698,0,100,0,128,1,"[100,-64,5,0,-15,3,-18,-3,-21,-8,-22,-12,-24,-16,-25,-19,-25,-21,-25,-23,-25,-23,-24,-22,-23,-21,-22,-18,-21,-15,-20,-11,-19,-7,-18,-3,-18,1,-19,4,-20,7,-20,10,-22,11,-22,11,-23,10,-24,9,-24,7,-6,1,0,0,0,0,0,0,0,0,0,0,0,0,0,0,0,0,0,0,-2,4,-9,18,-11,18,-14,19,-16,19,-17,19,-17,19,-17,19,-15,19,-13,19,-10,19,-7,20,-3,22,1,23,5,25,8,26,10,28,12,30,14,31,14,31,14,31,13,31,11,30,8,28,5,25,1,21,-2,18]"
CSI_DATA,42285,d8:b1:90:db:e8:90,-40,11,1,7,0,0,1,0,1,0,1,-94,0,4,0,662207798,0,100,0,128,1,"[100,-64,5,0,-10,1,-13,-3,-15,-7,-17,-10,-19,-13,-20,-16,-20,-18,-20,-19,-20,-19,-19,-18,-17,-17,-16,-15,-16,-12,-15,-9,-14,-6,-13,-2,-14,1,-14,4,-15,7,-16,8,-17,9,-18,9,-18,9,-19,8,-20,6,-5,1,0,0,0,0,0,0,0,0,0,0,0,0,0,0,0,0,0,0,-2,3,-6,15,-8,16,-10,16,-11,17,-12,17,-12,16,-12,16,-10,15,-8,15,-6,15,-3,15,1,15,4,16,7,17,10,18,12,20,14,21,16,22,16,22,16,22,15,22,13,21,11,20,8,18,4,16,1,13]"
CSI_DATA,42286,d8:b1:90:db:e8:90,-42,11,1,7,0,0,1,0,1,0,1,-92,0,4,0,662220650,0,100,0,128,1,"[100,-64,5,0,3,9,0,12,-4,14,-7,16,-9,17,-11,18,-12,19,-13,18,-13,18,-13,18,-12,17,-10,16,-8,14,-5,13,-2,12,0,11,3,11,6,10,8,10,10,11,11,11,12,12,12,12,11,13,9,13,2,3,0,0,0,0,0,0,0,0,0,0,0,0,0,0,0,0,0,0,3,1,12,6,12,7,12,9,12,10,13,11,12,11,12,11,12,9,12,8,12,6,13,3,13,0,14,-3,15,-6,16,-8,17,-10,18,-11,19,-13,20,-13,20,-13,20,-13,19,-11,18,-9,16,-7,14,-4,13,-1]"
CSI_DATA,42287,d8:b1:90:db:e8:90,-42,11,1,7,0,0,1,0,1,0,1,-92,0,4,0,662236630,0,100,0,128,1,"[100,-64,5,0,4,-12,8,-12,13,-11,16,-11,19,-10,21,-10,23,-9,24,-9,24,-8,23,-8,21,-8,19,-8,16,-9,13,-9,10,-10,7,-11,4,-13,2,-14,0,-16,-1,-17,-2,-19,-2,-19,-1,-20,1,-19,2,-19,0,-5,0,0,0,0,0,0,0,0,0,0,0,0,0,0,0,0,0,0,-2,-4,-8,-14,-7,-16,-6,-18,-5,-19,-4,-20,-4,-20,-4,-19,-5,-18,-6,-16,-8,-15,-10,-13,-13,-11,-15,-9,-18,-8,-21,-7,-23,-6,-25,-5,-26,-5,-27,-5,-27,-5,-26,-5,-25,-6,-22,-7,-19,-8,-15,-9,-12,-10]"
CSI_DATA,42288,d8:b1:90:db:e8:90,-42,11,1,7,0,0,1,0,1,0,1,-92,0,4,0,662248450,0,100,0,128,1,"[100,-64,5,0,-10,8,-15,6,-19,4,-22,1,-25,-1,-27,-2,-28,-4,-29,-5,-28,-5,-27,-5,-26,-4,-24,-3,-21,-1,-19,1,-16,4,-13,6,-11,9,-10,12,-9,15,-8,17,-8,18,-9,19,-10,19,-11,18,-12,17,-3,4,0,0,0,0,0,0,0,0,0,0,0,0,0,0,0,0,0,0,-1,4,-2,17,-4,18,-6,19,-7,20,-8,20,-8,20,-7,19,-6,19,-4,18,-2,17,2,17,5,16,9,16,13,16,16,16,19,17,21,17,22,17,23,18,23,18,22,18,20,18,17,17,14,17,10,16,6,15]"
CSI_DATA,42289,d8:b1:90:db:e8:90,-42,11,1,7,0,0,1,0,1,0,1,-92,0,4,0,662265658,0,100,0,128,1,"[100,-64,5,0,-7,-10,-4,-14,-2,-17,1,-20,3,-23,5,-24,6,-25,7,-26,7,-25,7,-24,6,-23,4,-21,3,-19,0,-17,-3,-15,-5,-13,-8,-11,-11,-10,-13,-10,-15,-9,-17,-10,-17,-10,-17,-11,-16,-11,-15,-12,-4,-4,0,0,0,0,0,0,0,0,0,0,0,0,0,0,0,0,0,0,-4,-1,-16,-3,-17,-4,-18,-6,-19,-8,-19,-8,-19,-9,-18,-8,-18,-7,-17,-5,-17,-2,-16,1,-16,4,-16,7,-16,11,-16,14,-17,17,-17,19,-18,20,-18,21,-19,21,-19,20,-18,18,-18,15,-17,12,-16,8,-14,5]"
CSI_DATA,42290,d8:b1:90:db:e8:90,-42,11,1,7,0,0,1,0,1,0,1,-92,0,4,0,662279853,0,100,0,128,1,"[100,-64,5,0,11,2,12,7,12,11,13,15,12,18,12,20,12,22,12,22,11,22,10,21,10,19,10,17,10,14,10,11,10,8,11,4,12,1,13,-2,14,-4,15,-6,16,-7,17,-7,18,-6,18,-5,18,-4,4,-1,0,0,0,0,0,0,0,0,0,0,0,0,0,0,0,0,0,0,3,-2,14,-6,16,-5,17,-4,18,-3,19,-3,19,-2,18,-3,17,-4,15,-5,13,-6,11,-9,9,-12,7,-15,6,-18,4,-21,3,-23,3,-25,2,-27,2,-28,2,-28,3,-27,4,-26,5,-23,6,-20,7,-17,8,-13]"
CSI_DATA,42291,d8:b1:90:db:e8:90,-42,11,1,7,0,0,1,0,1,0,1,-92,0,4,0,662296336,0,100,0,128,1,"[100,-64,5,0,-9,-8,-8,-13,-6,-18,-4,-22,-2,-25,-1,-27,0,-29,1,-29,2,-29,2,-28,1,-27,0,-24,-1,-22,-3,-19,-5,-16,-8,-13,-11,-11,-14,-9,-16,-8,-18,-8,-20,-8,-21,-9,-20,-9,-20,-11,-19,-12,-5,-3,0,0,0,0,0,0,0,0,0,0,0,0,0,0,0,0,0,0,-5,1,-17,5,-19,4,-21,3,-22,1,-23,1,-23,0,-23,1,-21,2,-20,3,-18,5,-16,8,-14,11,-13,15,-11,19,-11,22,-10,24,-10,26,-10,28,-11,29,-11,29,-11,28,-11,26,-12,23,-12,19,-12,15,-12,11]"
CSI_DATA,42292,d8:b1:90:db:e8:90,-42,11,1,7,0,0,1,0,1,0,1,-92,0,4,0,662308338,0,100,0,128,1,"[100,-64,5,0,-8,-8,-6,-13,-4,-17,-1,-20,1,-23,3,-25,4,-26,5,-26,5,-26,5,-25,5,-24,4,-22,2,-20,0,-18,-3,-15,-5,-14,-8,-12,-11,-11,-13,-10,-15,-10,-17,-10,-17,-11,-17,-11,-16,-12,-15,-13,-4,-4,0,0,0,0,0,0,0,0,0,0,0,0,0,0,0,0,0,0,-4,0,-17,2,-18,1,-19,0,-20,-1,-21,-2,-21,-3,-20,-3,-19,-1,-18,0,-17,2,-16,5,-15,8,-15,11,-14,14,-14,17,-14,20,-14,22,-14,23,-14,24,-15,24,-15,22,-15,21,-14,18,-14,15,-14,11,-13,7]"
CSI_DATA,42293,d8:b1:90:db:e8:90,-42,11,1,7,0,0,1,0,1,0,1,-92,0,4,0,662326900,0,100,0,128,1,"[100,-64,5,0,-13,-5,-13,-11,-13,-16,-13,-21,-12,-25,-12,-27,-11,-29,-11,-30,-10,-31,-9,-30,-9,-28,-9,-25,-10,-22,-11,-18,-12,-14,-14,-11,-16,-7,-18,-5,-20,-2,-21,-1,-23,-1,-24,-1,-24,-3,-24,-4,-23,-5,-6,-2,0,0,0,0,0,0,0,0,0,0,0,0,0,0,0,0,0,0,-4,2,-16,11,-18,10,-21,10,-22,9,-23,9,-23,8,-23,9,-21,9,-19,10,-17,12,-14,14,-12,17,-9,20,-7,23,-5,26,-3,29,-2,31,-2,32,-2,33,-2,33,-2,32,-3,30,-5,27,-7,23,-8,19,-9,15]"
CSI_DATA,42294,d8:b1:90:db:e8:90,-42,11,1,7,0,0,1,0,1,0,1,-92,0,4,0,662337262,0,100,0,128,1,"[100,-64,5,0,-10,-6,-9,-10,-8,-15,-7,-18,-6,-21,-5,-23,-4,-25,-4,-25,-4,-25,-4,-24,-4,-22,-4,-20,-5,-18,-6,-15,-7,-12,-9,-9,-11,-6,-13,-4,-15,-3,-17,-2,-18,-2,-19,-2,-19,-2,-19,-3,-18,-5,-5,-2,0,0,0,0,0,0,0,0,0,0,0,0,0,0,0,0,0,0,-4,0,-15,3,-17,1,-18,0,-19,-1,-19,-2,-19,-2,-19,-2,-18,-1,-16,1,-15,3,-14,6,-13,9,-11,12,-10,15,-9,18,-9,20,-9,22,-9,23,-9,24,-9,24,-10,24,-10,22,-10,20,-11,16,-11,13,-11,10]"
CSI_DATA,42295,d8:b1:90:db:e8:90,-42,11,1,7,0,0,1,0,1,0,1,-92,0,4,0,662347377,0,100,0,128,1,"[100,-64,5,0,-6,-11,-2,-14,1,-17,4,-19,7,-21,8,-23,10,-24,11,-24,11,-24,10,-23,10,-22,8,-21,6,-18,4,-16,1,-15,-2,-13,-5,-12,-8,-12,-10,-12,-12,-13,-14,-13,-14,-14,-14,-15,-13,-15,-11,-16,-3,-5,0,0,0,0,0,0,0,0,0,0,0,0,0,0,0,0,0,0,-4,-1,-16,-2,-17,-4,-18,-6,-19,-8,-19,-9,-19,-9,-19,-8,-18,-7,-18,-5,-17,-3,-17,0,-17,3,-17,7,-18,10,-18,13,-18,15,-19,17,-20,18,-20,18,-21,18,-21,17,-20,15,-19,13,-17,10,-16,7,-14,3]"
CSI_DATA,42296,d8:b1:90:db:e8:90,-42,11,1,7,0,0,1,0,1,0,1,-92,0,4,0,662366575,0,100,0,128,1,"[100,-64,5,0,-6,-13,-2,-17,1,-21,5,-24,8,-27,11,-29,13,-30,14,-30,14,-29,14,-28,13,-27,10,-25,7,-22,4,-20,0,-18,-4,-16,-8,-15,-11,-14,-14,-14,-17,-14,-19,-15,-20,-16,-19,-17,-18,-18,-17,-18,-4,-5,0,0,0,0,0,0,0,0,0,0,0,0,0,0,0,0,0,0,-5,-2,-20,-7,-20,-9,-21,-12,-21,-13,-22,-14,-22,-14,-21,-13,-21,-12,-20,-9,-21,-7,-21,-3,-21,2,-22,6,-23,10,-24,14,-25,17,-25,19,-27,21,-27,21,-27,21,-27,20,-26,18,-25,15,-23,11,-21,7,-19,3]"
CSI_DATA,42297,d8:b1:90:db:e8:90,-42,11,1,7,0,0,1,0,1,0,1,-92,0,4,0,662378337,0,100,0,128,1,"[100,-64,5,0,0,-10,4,-11,7,-12,11,-13,14,-14,16,-14,17,-14,18,-14,18,-13,18,-13,16,-12,14,-12,12,-12,9,-11,6,-11,4,-12,1,-12,-1,-13,-3,-14,-5,-15,-6,-16,-6,-17,-5,-17,-4,-17,-3,-17,-1,-5,0,0,0,0,0,0,0,0,0,0,0,0,0,0,0,0,0,0,-3,-3,-11,-9,-11,-11,-11,-13,-11,-14,-10,-15,-10,-15,-11,-14,-11,-13,-11,-12,-12,-10,-13,-7,-14,-5,-16,-3,-18,0,-19,1,-21,3,-22,4,-23,4,-24,5,-24,5,-23,4,-22,3,-20,2,-18,0,-15,-2,-13,-4]"
CSI_DATA,42298,d8:b1:90:db:e8:90,-43,11,1,7,0,0,1,0,1,0,1,-92,0,4,0,662388652,0,100,0,128,1,"[100,-64,5,0,-15,-6,-15,-12,-14,-18,-14,-23,-13,-27,-12,-30,-12,-32,-11,-32,-10,-32,-10,-31,-10,-30,-10,-27,-10,-23,-11,-19,-12,-15,-14,-10,-16,-7,-19,-3,-21,-1,-23,1,-24,1,-25,1,-26,0,-26,-1,-26,-3,-7,-1,0,0,0,0,0,0,0,0,0,0,0,0,0,0,0,0,0,0,-5,1,-19,7,-21,6,-24,4,-25,3,-26,3,-26,2,-25,3,-24,4,-22,6,-20,8,-18,11,-15,15,-13,19,-12,22,-10,26,-9,29,-8,32,-8,33,-8,34,-8,34,-8,33,-9,31,-10,28,-11,24,-12,19,-13,15]"
CSI_DATA,42299,d8:b1:90:db:e8:90,-42,11,1,7,0,0,1,0,1,0,1,-92,0,4,0,662401550,0,100,0,128,1,"[100,-64,5,0,-14,-2,-15,-7,-16,-11,-16,-15,-16,-18,-17,-21,-17,-23,-16,-24,-16,-24,-15,-23,-15,-22,-14,-19,-14,-16,-13,-13,-13,-9,-14,-5,-15,-2,-16,1,-17,3,-18,5,-19,6,-20,6,-21,5,-21,4,-21,3,-6,0,0,0,0,0,0,0,0,0,0,0,0,0,0,0,0,0,0,0,-4,2,-14,10,-15,10,-18,10,-19,9,-20,9,-20,9,-19,9,-18,9,-16,10,-14,11,-11,13,-8,15,-6,18,-3,20,-1,23,0,25,1,27,2,28,3,29,3,29,2,28,0,27,-1,25,-3,22,-5,18,-7,15]"
CSI_DATA,42300,d8:b1:90:db:e8:90,-42,11,1,7,0,0,1,0,1,0,1,-92,0,4,0,662413461,0,100,0,128,1,"[100,-64,5,0,3,-11,8,-12,13,-12,18,-12,21,-12,24,-11,26,-11,27,-10,27,-9,26,-9,24,-9,22,-9,19,-9,15,-10,11,-11,8,-12,5,-14,3,-16,0,-18,-1,-20,-2,-21,-1,-22,0,-22,1,-22,3,-22,1,-6,0,0,0,0,0,0,0,0,0,0,0,0,0,0,0,0,0,0,-3,-4,-12,-14,-12,-16,-11,-18,-11,-20,-10,-21,-10,-21,-10,-20,-10,-19,-11,-17,-12,-15,-14,-12,-16,-9,-19,-7,-22,-4,-24,-2,-27,-1,-29,0,-30,1,-31,1,-31,1,-30,0,-28,-1,-26,-2,-23,-4,-19,-6,-15,-7]"
CSI_DATA,42301,d8:b1:90:db:e8:90,-43,11,1,7,0,0,1,0,1,0,1,-92,0,4,0,662423601,0,100,0,128,1,"[100,-64,5,0,9,6,7,10,6,14,5,18,3,20,2,22,1,23,1,24,1,24,1,23,1,21,1,19,2,17,3,14,5,12,7,9,9,7,11,5,13,4,15,3,16,3,17,4,17,4,17,5,16,6,4,1,0,0,0,0,0,0,0,0,0,0,0,0,0,0,0,0,0,0,3,-1,14,-3,16,-2,17,-1,18,0,18,1,18,1,18,0,17,-1,16,-2,15,-4,13,-7,12,-9,12,-12,11,-15,11,-18,10,-20,10,-22,10,-23,10,-24,10,-24,11,-23,11,-21,11,-19,11,-16,11,-12,11,-9]"
CSI_DATA,42302,d8:b1:90:db:e8:90,-42,11,1,7,0,0,1,0,1,0,1,-92,0,4,0,662437274,0,100,0,128,1,"[100,-64,5,0,-10,11,-15,9,-20,7,-24,5,-28,4,-30,2,-32,0,-32,-1,-32,-2,-31,-2,-29,-1,-27,0,-24,2,-20,3,-17,6,-13,9,-10,12,-8,15,-7,17,-6,20,-6,21,-6,22,-7,22,-9,22,-11,21,-3,5,0,0,0,0,0,0,0,0,0,0,0,0,0,0,0,0,0,0,0,4,1,18,-1,20,-3,22,-4,23,-5,23,-5,23,-5,23,-3,22,-1,21,1,20,4,18,8,17,12,17,16,16,20,16,22,16,25,16,27,16,28,16,28,16,27,16,25,16,22,16,18,16,13,16,9,16]"
CSI_DATA,42303,d8:b1:90:db:e8:90,-42,11,1,7,0,0,1,0,1,0,1,-92,0,4,0,662472376,0,100,0,128,1,"[100,-64,5,0,-6,9,-10,9,-15,8,-19,7,-22,6,-24,5,-26,4,-27,3,-27,2,-26,2,-24,2,-22,3,-19,4,-17,5,-14,6,-11,9,-8,11,-7,13,-5,15,-5,16,-4,18,-5,19,-6,19,-8,18,-9,18,-3,4,0,0,0,0,0,0,0,0,0,0,0,0,0,0,0,0,0,0,1,3,7,13,7,15,6,17,5,18,5,19,4,19,5,19,5,18,6,16,8,14,10,13,12,11,15,9,18,8,21,7,23,6,25,5,26,5,27,4,27,5,26,5,24,6,22,7,18,8,14,9,11,9]"
CSI_DATA,42304,d8:b1:90:db:e8:90,-42,11,1,7,0,0,1,0,0,0,1,-92,0,4,0,662485161,0,100,0,128,1,"[100,-64,5,0,-24,-1,-24,-1,-23,0,-23,0,-22,0,-22,0,-22,1,-23,1,-23,1,-23,2,-23,2,-22,2,-22,3,-22,3,-21,2,-21,2,-20,1,-20,1,-20,1,-19,0,-19,0,-19,0,-18,0,-18,-1,-17,-2,-5,-1,0,0,0,0,0,0,0,0,0,0,0,0,0,0,0,0,0,0,-5,0,-17,1,-18,1,-18,0,-18,-1,-19,-1,-20,-2,-20,-2,-21,-3,-21,-3,-21,-4,-22,-4,-22,-5,-22,-5,-22,-4,-22,-4,-22,-4,-22,-4,-22,-4,-22,-4,-23,-3,-23,-3,-23,-2,-23,-2,-24,-2,-24,-2,-24,-2]"
CSI_DATA,42305,d8:b1:90:db:e8:90,-42,11,1,7,0,0,1,0,0,0,1,-92,0,4,0,662500683,0,100,0,128,1,"[100,-64,5,0,-21,2,-21,2,-21,2,-20,2,-20,2,-20,2,-20,3,-19,3,-19,4,-19,4,-19,5,-19,4,-19,4,-19,4,-19,4,-19,4,-18,4,-18,3,-17,3,-17,2,-17,2,-16,2,-16,1,-16,1,-16,1,-4,0,0,0,0,0,0,0,0,0,0,0,0,0,0,0,0,0,0,0,-4,1,-15,4,-15,3,-15,3,-16,2,-16,2,-17,1,-18,1,-18,0,-18,0,-19,0,-19,-1,-19,-1,-20,-1,-19,-1,-20,-2,-20,-2,-20,-1,-20,-1,-20,-1,-20,0,-20,0,-20,1,-20,1,-20,2,-20,2,-21,2]"
CSI_DATA,42306,d8:b1:90:db:e8:90,-42,11,1,7,0,0,1,0,0,0,1,-92,0,4,0,662511446,0,100,0,128,1,"[100,-64,5,0,-1,-24,-2,-24,-2,-23,-2,-24,-2,-23,-3,-23,-3,-23,-4,-22,-4,-22,-4,-22,-4,-22,-4,-22,-4,-22,-4,-22,-4,-22,-4,-22,-4,-22,-3,-21,-3,-20,-2,-20,-2,-19,-2,-18,-1,-18,-1,-18,0,-18,0,-5,0,0,0,0,0,0,0,0,0,0,0,0,0,0,0,0,0,0,-2,-4,-4,-17,-4,-17,-3,-18,-2,-19,-2,-19,-1,-19,-1,-20,0,-21,0,-21,1,-21,2,-22,2,-22,2,-22,2,-22,2,-22,2,-22,2,-22,2,-22,1,-23,0,-23,0,-23,0,-23,-1,-23,-1,-23,-1,-23,-1,-24]"
CSI_DATA,42307,d8:b1:90:db:e8:90,-42,11,1,7,0,0,1,0,1,0,1,-92,0,4,0,662522381,0,100,0,128,1,"[100,-64,5,0,-10,7,-14,4,-18,1,-22,-1,-24,-4,-26,-6,-27,-8,-28,-9,-28,-9,-27,-9,-25,-8,-23,-7,-21,-5,-19,-3,-17,0,-15,4,-14,7,-13,10,-12,12,-12,14,-13,16,-13,17,-14,16,-15,15,-16,14,-4,3,0,0,0,0,0,0,0,0,0,0,0,0,0,0,0,0,0,0,0,4,1,16,0,18,-2,20,-3,21,-4,21,-4,21,-4,20,-3,20,-1,19,1,18,4,17,8,16,11,16,15,15,18,15,20,16,22,16,23,16,24,16,24,17,23,17,21,17,18,16,14,15,10,14,7,14]"
CSI_DATA,42308,d8:b1:90:db:e8:90,-42,11,1,7,0,0,1,0,1,0,1,-92,0,4,0,662537029,0,100,0,128,1,"[100,-64,5,0,-9,5,-12,3,-15,0,-18,-2,-20,-4,-21,-5,-22,-6,-23,-7,-22,-8,-21,-8,-20,-7,-19,-6,-17,-4,-15,-2,-13,1,-11,3,-10,6,-9,8,-8,11,-8,12,-8,14,-9,14,-10,14,-11,14,-12,13,-3,3,0,0,0,0,0,0,0,0,0,0,0,0,0,0,0,0,0,0,-1,3,-3,13,-4,14,-6,14,-7,15,-8,15,-8,15,-7,15,-6,15,-4,14,-2,14,0,13,3,13,6,13,9,13,11,14,14,14,15,15,17,15,17,15,17,15,17,15,15,15,13,15,10,14,7,13,4,12]"
CSI_DATA,42309,d8:b1:90:db:e8:90,-42,11,1,7,0,0,1,0,1,0,1,-92,0,4,0,662550417,0,100,0,128,1,"[100,-64,5,0,-11,5,-15,1,-19,-2,-22,-5,-24,-9,-25,-11,-26,-13,-27,-14,-26,-14,-25,-14,-24,-13,-22,-11,-20,-8,-18,-6,-16,-2,-15,1,-14,5,-14,8,-14,11,-14,13,-15,14,-16,15,-16,15,-18,14,-18,12,-5,3,0,0,0,0,0,0,0,0,0,0,0,0,0,0,0,0,0,0,-1,4,-1,17,-3,18,-5,20,-7,20,-8,21,-8,21,-8,20,-6,20,-4,19,-1,18,2,17,5,17,9,17,12,17,15,18,18,19,20,19,22,19,22,20,22,20,21,20,19,20,17,19,13,17,9,16,5,14]"
CSI_DATA,42310,d8:b1:90:db:e8:90,-42,11,1,7,0,0,1,0,1,0,1,-92,0,4,0,662571352,0,100,0,128,1,"[100,-64,5,0,4,10,1,14,-2,17,-6,19,-8,21,-11,22,-12,23,-13,23,-13,23,-13,22,-12,21,-11,19,-8,17,-5,15,-2,14,1,13,4,12,7,11,10,11,12,11,13,12,14,13,14,13,13,14,12,15,2,3,0,0,0,0,0,0,0,0,0,0,0,0,0,0,0,0,0,0,3,1,15,4,16,6,16,8,16,9,17,10,17,10,17,10,16,9,16,7,16,4,16,1,16,-2,17,-5,18,-9,18,-12,19,-14,20,-16,21,-18,21,-18,22,-18,21,-17,21,-15,20,-13,18,-10,17,-6,15,-3]"
CSI_DATA,42311,d8:b1:90:db:e8:90,-42,11,1,7,0,0,1,0,1,0,1,-92,0,4,0,662584395,0,100,0,128,1,"[100,-64,5,0,-10,2,-13,-2,-15,-6,-17,-9,-18,-12,-19,-15,-20,-16,-20,-18,-20,-18,-19,-17,-18,-16,-17,-14,-16,-12,-16,-10,-15,-7,-15,-3,-15,0,-15,2,-16,4,-17,5,-18,6,-18,6,-19,6,-19,4,-19,3,-5,0,0,0,0,0,0,0,0,0,0,0,0,0,0,0,0,0,0,0,-1,3,-1,15,-3,16,-5,17,-6,18,-7,19,-7,19,-7,18,-6,18,-4,18,-2,17,1,17,3,17,6,17,9,18,12,19,14,20,15,20,16,20,17,20,16,20,15,20,14,19,11,18,8,17,5,15,2,13]"
CSI_DATA,42312,d8:b1:90:db:e8:90,-42,11,1,7,0,0,1,0,1,0,1,-92,0,4,0,662595610,0,100,0,128,1,"[100,-64,5,0,-1,9,-5,11,-9,12,-12,12,-15,13,-17,13,-19,13,-20,12,-20,12,-19,11,-18,11,-16,11,-14,10,-11,10,-8,10,-5,11,-3,11,0,12,2,13,3,14,4,15,4,16,3,16,2,17,1,16,0,4,0,0,0,0,0,0,0,0,0,0,0,0,0,0,0,0,0,0,2,1,11,7,11,8,11,10,11,12,11,12,11,13,11,12,11,11,11,9,12,8,12,5,14,3,15,0,17,-2,18,-4,20,-5,21,-6,21,-7,22,-7,23,-7,22,-6,21,-5,19,-3,17,-2,14,0,12,2]"
CSI_DATA,42313,d8:b1:90:db:e8:90,-42,11,1,7,0,0,1,0,1,0,1,-92,0,4,0,662607946,0,100,0,128,1,"[100,-64,5,0,10,-3,13,2,15,6,16,10,18,13,18,15,19,17,19,18,18,18,17,17,17,16,16,14,15,12,14,9,13,5,13,2,13,-1,14,-4,14,-7,15,-8,16,-9,17,-9,17,-9,18,-8,18,-7,4,-2,0,0,0,0,0,0,0,0,0,0,0,0,0,0,0,0,0,0,1,-4,6,-15,8,-15,10,-16,12,-16,12,-16,13,-16,12,-16,11,-16,9,-16,7,-16,4,-17,1,-18,-2,-19,-5,-20,-8,-22,-10,-23,-11,-24,-12,-25,-13,-25,-13,-26,-12,-25,-10,-24,-8,-22,-5,-20,-2,-18,1,-15]"
CSI_DATA,42314,d8:b1:90:db:e8:90,-43,11,1,7,0,0,1,0,1,0,1,-92,0,4,0,662620004,0,100,0,128,1,"[100,-64,5,0,-12,4,-15,-1,-18,-4,-21,-8,-23,-10,-24,-13,-24,-15,-24,-16,-24,-16,-23,-16,-22,-14,-20,-12,-18,-10,-17,-7,-15,-3,-14,0,-13,4,-13,7,-13,10,-14,12,-14,14,-15,14,-16,14,-17,13,-18,11,-5,2,0,0,0,0,0,0,0,0,0,0,0,0,0,0,0,0,0,0,-2,3,-8,14,-10,15,-13,16,-14,16,-15,15,-15,15,-14,15,-13,15,-10,15,-8,15,-5,15,-1,17,3,18,6,19,9,21,11,22,13,23,14,24,15,25,14,25,14,24,12,23,10,22,7,20,3,18,0,15]"
CSI_DATA,42315,d8:b1:90:db:e8:90,-42,11,1,7,0,0,1,0,1,0,1,-92,0,4,0,662639678,0,100,0,128,1,"[100,-64,5,0,1,10,-3,12,-6,14,-10,16,-13,17,-15,18,-17,18,-17,18,-17,17,-17,17,-16,16,-14,15,-11,14,-8,12,-5,12,-2,11,1,11,4,12,7,12,8,12,9,13,10,14,10,15,9,16,7,16,1,4,0,0,0,0,0,0,0,0,0,0,0,0,0,0,0,0,0,0,2,1,11,8,12,10,11,12,11,13,11,14,11,14,11,14,11,12,11,10,12,8,13,5,14,2,16,-1,18,-3,19,-5,21,-7,22,-9,23,-10,24,-10,24,-10,24,-9,22,-8,21,-6,19,-4,16,-1,14,1]"
CSI_DATA,42316,d8:b1:90:db:e8:90,-42,11,1,7,0,0,1,0,1,0,1,-92,0,4,0,662674017,0,100,0,128,1,"[100,-64,5,0,7,5,5,9,4,13,3,16,2,19,1,21,0,22,-1,23,-1,22,-2,21,-1,20,-1,19,0,16,2,14,4,12,6,10,8,8,10,6,12,5,13,5,15,5,16,5,16,6,15,7,15,8,3,2,0,0,0,0,0,0,0,0,0,0,0,0,0,0,0,0,0,0,3,-1,13,-4,14,-3,15,-2,16,-1,17,-1,17,0,16,0,16,-1,15,-3,14,-4,12,-7,12,-9,11,-12,10,-14,10,-17,9,-19,9,-21,9,-22,9,-22,9,-22,9,-21,9,-20,9,-18,10,-15,10,-11,10,-8]"
CSI_DATA,42317,d8:b1:90:db:e8:90,-42,11,1,7,0,0,1,0,1,0,1,-92,0,4,0,662688127,0,100,0,128,1,"[100,-64,5,0,6,-10,11,-8,15,-7,18,-6,21,-5,23,-4,25,-3,25,-2,25,-1,24,-1,22,-1,20,-2,18,-3,15,-5,12,-7,10,-9,7,-11,5,-13,4,-15,3,-17,3,-18,3,-19,4,-19,6,-18,7,-18,1,-5,0,0,0,0,0,0,0,0,0,0,0,0,0,0,0,0,0,0,-1,-4,-3,-16,-1,-17,0,-19,1,-19,2,-20,2,-20,1,-19,0,-18,-1,-17,-3,-17,-6,-16,-9,-15,-12,-14,-15,-13,-18,-13,-21,-12,-23,-13,-24,-13,-24,-13,-24,-12,-24,-12,-22,-13,-19,-13,-16,-13,-12,-13,-8,-14]"
CSI_DATA,42318,d8:b1:90:db:e8:90,-42,11,1,7,0,0,1,0,1,0,1,-92,0,4,0,662702209,0,100,0,128,1,"[100,-64,5,0,-9,6,-13,4,-16,2,-19,-1,-22,-2,-24,-4,-25,-5,-25,-6,-25,-7,-24,-7,-23,-7,-21,-6,-20,-4,-18,-2,-16,1,-15,3,-13,6,-12,8,-12,10,-12,12,-12,13,-13,13,-14,13,-15,12,-15,11,-4,2,0,0,0,0,0,0,0,0,0,0,0,0,0,0,0,0,0,0,1,3,3,14,2,15,1,17,0,18,-1,19,-1,19,-1,19,0,18,1,17,3,17,6,16,8,15,11,14,14,14,16,14,18,14,20,14,21,14,22,14,22,14,21,14,19,14,17,14,13,14,9,13,6,12]"
CSI_DATA,42319,d8:b1:90:db:e8:90,-42,11,1,7,0,0,1,0,1,0,1,-92,0,4,0,662719022,0,100,0,128,1,"[100,-64,5,0,-11,-2,-12,-7,-13,-11,-13,-15,-13,-18,-13,-21,-13,-23,-13,-24,-12,-24,-12,-23,-12,-22,-12,-20,-11,-18,-11,-15,-12,-12,-13,-9,-14,-6,-15,-4,-16,-2,-18,-1,-19,-1,-20,-1,-20,-1,-20,-3,-19,-4,-5,-1,0,0,0,0,0,0,0,0,0,0,0,0,0,0,0,0,0,0,-2,3,-9,12,-11,12,-13,13,-14,13,-15,12,-16,12,-16,13,-15,13,-13,14,-11,14,-9,15,-6,17,-4,19,-2,20,0,22,1,24,2,25,3,26,3,27,3,27,2,26,1,24,0,22,-2,20,-4,16,-6,13]"
CSI_DATA,42320,d8:b1:90:db:e8:90,-41,11,1,7,0,0,1,0,1,0,1,-92,0,4,0,662736647,0,100,0,128,1,"[100,-64,5,0,9,5,9,10,8,15,7,19,6,22,5,25,4,26,3,27,3,27,3,26,3,25,3,23,4,20,5,17,7,13,9,10,11,8,13,6,15,4,17,4,19,4,20,4,20,5,19,6,18,7,4,2,0,0,0,0,0,0,0,0,0,0,0,0,0,0,0,0,0,0,3,-3,14,-8,16,-8,18,-7,19,-6,20,-6,20,-5,20,-6,19,-6,17,-7,15,-9,13,-12,11,-14,10,-17,8,-20,7,-23,6,-25,5,-27,5,-29,5,-29,6,-29,6,-28,7,-26,8,-24,8,-20,9,-16,10,-13]"
CSI_DATA,42321,d8:b1:90:db:e8:90,-42,11,1,7,0,0,1,0,1,0,1,-92,0,4,0,662757601,0,100,0,128,1,"[100,-64,5,0,11,1,13,6,14,11,15,15,15,18,16,21,15,23,15,25,15,25,14,24,14,22,13,20,12,17,12,14,13,10,13,6,14,3,15,0,17,-3,18,-4,20,-5,20,-5,21,-4,21,-3,21,-2,5,-1,0,0,0,0,0,0,0,0,0,0,0,0,0,0,0,0,0,0,2,-4,10,-14,12,-14,15,-14,16,-14,17,-14,17,-14,17,-14,15,-14,13,-15,11,-16,8,-17,5,-19,2,-21,0,-23,-3,-25,-4,-27,-6,-29,-7,-30,-7,-30,-7,-30,-6,-30,-5,-29,-3,-26,-1,-23,2,-19,4,-16]"
CSI_DATA,42322,d8:b1:90:db:e8:90,-42,11,1,7,0,0,1,0,1,0,1,-92,0,4,0,662777351,0,100,0,128,1,"[100,-64,5,0,-11,3,-14,-1,-17,-4,-19,-8,-20,-11,-22,-13,-22,-14,-22,-15,-22,-16,-21,-15,-20,-14,-19,-12,-18,-10,-16,-7,-15,-4,-14,-1,-14,3,-14,5,-14,8,-15,10,-15,10,-16,11,-17,10,-18,9,-18,8,-5,2,0,0,0,0,0,0,0,0,0,0,0,0,0,0,0,0,0,0,-2,3,-6,14,-7,15,-9,16,-11,16,-11,16,-12,16,-11,16,-10,16,-8,16,-6,16,-3,16,0,17,4,17,7,18,9,19,11,20,13,21,14,22,15,23,15,23,14,22,12,21,9,20,6,19,3,16,0,14]"
CSI_DATA,42323,d8:b1:90:db:e8:90,-42,11,1,7,0,0,1,0,1,0,1,-92,0,4,0,662790259,0,100,0,128,1,"[100,-64,5,0,-7,-7,-5,-11,-3,-14,-2,-17,0,-20,1,-21,2,-23,2,-23,3,-23,3,-22,2,-21,1,-20,0,-18,-1,-16,-3,-14,-5,-12,-7,-11,-9,-9,-11,-9,-13,-9,-14,-9,-15,-9,-15,-10,-14,-11,-13,-11,-4,-3,0,0,0,0,0,0,0,0,0,0,0,0,0,0,0,0,0,0,-4,1,-13,4,-14,3,-16,2,-17,1,-17,1,-18,1,-17,1,-17,1,-16,3,-15,4,-14,6,-13,9,-12,11,-11,13,-11,15,-11,17,-11,19,-11,20,-11,21,-11,21,-11,20,-11,18,-11,16,-11,13,-11,10,-11,7]"
CSI_DATA,42324,d8:b1:90:db:e8:90,-42,11,1,7,0,0,1,0,1,0,1,-92,0,4,0,662809643,0,100,0,128,1,"[100,-64,5,0,8,4,8,8,8,12,7,15,6,18,6,20,5,22,5,22,4,22,4,21,4,20,4,18,5,16,6,13,7,10,8,7,9,5,11,2,13,1,14,0,16,0,17,0,17,0,17,2,17,3,4,0,0,0,0,0,0,0,0,0,0,0,0,0,0,0,0,0,0,0,3,-2,12,-6,13,-6,15,-5,16,-4,17,-4,17,-3,16,-3,15,-4,14,-5,12,-7,10,-9,9,-11,7,-14,6,-16,5,-19,4,-21,4,-23,4,-24,4,-24,4,-24,5,-24,5,-22,6,-20,6,-17,7,-14,8,-11]"
CSI_DATA,42325,d8:b1:90:db:e8:90,-42,11,1,7,0,0,1,0,1,0,1,-92,0,4,0,662819645,0,100,0,128,1,"[100,-64,5,0,-1,11,-6,13,-10,15,-15,16,-18,17,-21,17,-23,17,-24,17,-24,16,-23,15,-22,15,-20,14,-17,14,-13,13,-9,13,-6,13,-3,14,0,15,3,16,5,17,6,19,6,20,5,20,4,21,2,21,0,5,0,0,0,0,0,0,0,0,0,0,0,0,0,0,0,0,0,0,3,1,15,7,15,10,16,12,15,14,15,15,15,15,15,15,15,13,15,11,15,9,16,5,18,2,20,-1,21,-4,23,-7,24,-9,26,-11,27,-12,28,-12,28,-12,28,-11,26,-9,24,-7,21,-4,18,-1,15,1]"
CSI_DATA,42326,d8:b1:90:db:e8:90,-42,11,1,7,0,0,1,0,1,0,1,-92,0,4,0,662832111,0,100,0,128,1,"[100,-64,5,0,10,-3,13,1,15,4,17,8,18,10,19,12,20,13,20,14,20,14,19,14,18,13,16,11,15,9,14,6,12,3,12,-1,11,-4,11,-7,11,-10,11,-11,12,-13,12,-13,13,-13,14,-12,15,-11,3,-3,0,0,0,0,0,0,0,0,0,0,0,0,0,0,0,0,0,0,1,-3,8,-12,10,-13,12,-13,13,-13,14,-13,14,-13,14,-12,12,-13,10,-13,8,-13,5,-14,2,-15,-1,-17,-4,-19,-6,-21,-9,-22,-10,-23,-11,-24,-11,-25,-11,-25,-11,-24,-9,-23,-7,-22,-5,-20,-2,-17,1,-15]"
CSI_DATA,42327,d8:b1:90:db:e8:90,-42,11,1,7,0,0,1,0,1,0,1,-92,0,4,0,662847040,0,100,0,128,1,"[100,-64,5,0,2,10,-2,13,-6,15,-9,17,-12,19,-14,20,-16,20,-17,20,-17,19,-16,19,-15,18,-13,17,-11,16,-8,14,-5,13,-1,12,2,12,5,12,7,12,9,13,11,14,11,15,11,15,10,16,8,17,2,4,0,0,0,0,0,0,0,0,0,0,0,0,0,0,0,0,0,0,3,1,14,7,14,8,14,10,14,12,14,13,14,13,14,12,14,11,14,9,14,7,15,3,16,0,17,-3,18,-6,20,-9,21,-11,22,-13,23,-13,24,-14,24,-13,23,-13,23,-11,21,-9,19,-6,17,-3,14,-1]"
CSI_DATA,42328,d8:b1:90:db:e8:90,-42,11,1,7,0,0,1,0,1,0,1,-92,0,4,0,662879615,0,100,0,128,1,"[100,-64,5,0,6,10,3,14,0,18,-3,21,-6,24,-8,26,-10,27,-11,27,-11,26,-11,26,-10,25,-8,23,-6,21,-4,18,-1,16,3,15,6,13,9,13,12,12,14,12,15,13,16,13,16,14,15,15,13,16,3,4,0,0,0,0,0,0,0,0,0,0,0,0,0,0,0,0,0,0,4,-1,17,-1,19,0,20,2,21,3,21,5,22,5,21,5,20,3,19,1,18,-1,18,-4,17,-8,17,-11,17,-15,17,-18,18,-21,18,-23,19,-24,19,-25,20,-24,20,-23,19,-21,18,-18,17,-14,16,-10,15,-6]"
CSI_DATA,42329,d8:b1:90:db:e8:90,-42,11,1,7,0,0,1,0,1,0,1,-92,0,4,0,662891067,0,100,0,128,1,"[100,-64,5,0,4,-11,9,-11,13,-11,17,-10,21,-10,23,-9,25,-9,25,-8,25,-7,24,-7,23,-7,21,-8,18,-8,15,-9,12,-10,9,-12,7,-13,5,-15,3,-17,1,-18,0,-19,0,-20,1,-20,3,-20,5,-20,1,-5,0,0,0,0,0,0,0,0,0,0,0,0,0,0,0,0,0,0,-3,-4,-9,-14,-8,-16,-7,-18,-6,-20,-6,-21,-6,-21,-6,-20,-6,-19,-8,-18,-9,-16,-12,-14,-14,-12,-17,-11,-20,-9,-23,-7,-25,-7,-27,-6,-28,-6,-29,-6,-28,-6,-27,-6,-26,-7,-23,-8,-20,-9,-16,-10,-12,-11]"
CSI_DATA,42330,d8:b1:90:db:e8:90,-42,11,1,7,0,0,1,0,1,0,1,-92,0,4,0,662908723,0,100,0,128,1,"[100,-64,5,0,-9,-9,-7,-13,-5,-17,-3,-20,-1,-22,0,-24,2,-25,3,-25,3,-25,3,-25,2,-23,1,-22,0,-20,-2,-17,-4,-15,-6,-13,-9,-11,-11,-10,-13,-9,-15,-9,-16,-9,-16,-10,-16,-10,-16,-11,-15,-12,-4,-3,0,0,0,0,0,0,0,0,0,0,0,0,0,0,0,0,0,0,-4,0,-16,1,-17,0,-18,-2,-19,-3,-19,-4,-20,-4,-19,-3,-19,-2,-18,-1,-17,1,-17,4,-16,7,-16,10,-16,13,-16,15,-16,18,-16,20,-16,21,-17,21,-17,21,-17,20,-17,18,-16,15,-16,12,-15,8,-15,5]"
CSI_DATA,42331,d8:b1:90:db:e8:90,-42,11,1,7,0,0,1,0,1,0,1,-92,0,4,0,662918907,0,100,0,128,1,"[100,-64,5,0,-1,12,-6,14,-11,16,-15,17,-19,18,-22,18,-24,18,-25,17,-25,17,-24,16,-22,16,-20,15,-17,14,-13,13,-10,13,-6,14,-2,14,2,15,4,16,6,17,8,18,8,19,7,20,6,20,4,20,1,5,0,0,0,0,0,0,0,0,0,0,0,0,0,0,0,0,0,0,3,2,13,11,13,14,12,16,12,18,12,19,11,18,11,18,11,17,12,14,14,12,15,8,17,5,20,2,22,-1,25,-3,27,-5,28,-6,30,-7,31,-8,31,-7,30,-6,28,-5,26,-3,23,-1,20,2,17,4]"
CSI_DATA,42332,d8:b1:90:db:e8:90,-42,11,1,7,0,0,1,0,1,0,1,-92,0,4,0,662929402,0,100,0,128,1,"[100,-64,5,0,-7,9,-12,8,-16,7,-19,6,-22,5,-25,4,-26,3,-27,2,-27,2,-26,2,-24,2,-22,2,-20,3,-17,4,-13,6,-11,8,-8,10,-6,13,-4,15,-3,17,-3,18,-3,19,-4,19,-5,19,-6,19,-2,4,0,0,0,0,0,0,0,0,0,0,0,0,0,0,0,0,0,0,1,3,3,15,2,17,1,18,0,20,-1,20,-1,20,-1,19,0,18,2,17,4,15,7,14,10,12,13,11,17,10,20,10,22,9,24,9,26,9,26,9,26,9,25,10,23,10,21,10,18,11,13,11,10,11]"
CSI_DATA,42333,d8:b1:90:db:e8:90,-42,11,1,7,0,0,1,0,1,0,1,-92,0,4,0,662950029,0,100,0,128,1,"[100,-64,5,0,-2,-11,3,-13,7,-16,10,-17,13,-18,15,-19,17,-19,18,-19,19,-18,18,-18,17,-17,15,-17,12,-15,9,-15,6,-14,3,-14,0,-14,-3,-15,-5,-15,-7,-16,-9,-17,-9,-18,-8,-19,-6,-19,-5,-19,-2,-5,0,0,0,0,0,0,0,0,0,0,0,0,0,0,0,0,0,0,-4,-2,-15,-7,-15,-9,-16,-11,-16,-13,-16,-14,-16,-14,-16,-13,-16,-12,-16,-10,-16,-8,-16,-5,-18,-2,-19,1,-21,4,-22,7,-23,9,-25,10,-26,10,-26,11,-26,11,-26,10,-24,8,-23,6,-21,3,-18,0,-16,-2]"
CSI_DATA,42334,d8:b1:90:db:e8:90,-42,11,1,7,0,0,1,0,1,0,1,-92,0,4,0,662983122,0,100,0,128,1,"[100,-64,5,0,4,-9,8,-8,12,-8,15,-7,18,-6,20,-5,21,-5,21,-4,22,-4,21,-4,20,-4,18,-4,16,-5,14,-6,12,-7,10,-9,8,-10,7,-12,6,-13,5,-15,5,-16,5,-16,6,-16,7,-15,8,-15,2,-4,0,0,0,0,0,0,0,0,0,0,0,0,0,0,0,0,0,0,-2,-3,-8,-11,-8,-13,-7,-14,-7,-16,-6,-16,-6,-17,-7,-16,-7,-16,-8,-15,-9,-14,-11,-12,-13,-11,-15,-9,-17,-8,-19,-8,-21,-7,-22,-7,-23,-7,-24,-7,-24,-7,-23,-7,-21,-8,-18,-8,-15,-9,-12,-9,-9,-10]"
CSI_DATA,42335,d8:b1:90:db:e8:90,-42,11,1,7,0,0,1,0,1,0,1,-92,0,4,0,662995165,0,100,0,128,1,"[100,-64,5,0,2,14,-3,17,-8,19,-12,21,-15,23,-19,23,-20,24,-21,24,-21,23,-21,23,-19,22,-17,21,-14,19,-10,17,-6,16,-2,15,2,15,6,15,9,15,11,16,13,17,14,18,13,19,12,20,10,20,2,5,0,0,0,0,0,0,0,0,0,0,0,0,0,0,0,0,0,0,3,2,15,11,15,14,14,16,14,18,14,19,14,19,14,18,14,17,14,14,16,11,17,8,19,4,22,1,24,-2,26,-5,28,-8,30,-9,31,-10,32,-11,32,-11,31,-10,30,-8,27,-6,25,-3,21,0,18,3]"
CSI_DATA,42336,d8:b1:90:db:e8:90,-42,11,1,7,0,0,1,0,1,0,1,-92,0,4,0,663015118,0,100,0,128,1,"[100,-64,5,0,5,6,3,10,1,14,-1,16,-3,19,-5,20,-6,21,-6,21,-7,21,-7,20,-6,19,-5,17,-3,15,-1,14,1,12,3,10,6,9,8,8,10,7,12,7,13,7,14,8,14,8,13,9,12,10,3,2,0,0,0,0,0,0,0,0,0,0,0,0,0,0,0,0,0,0,3,-1,13,-1,14,0,15,1,16,2,16,3,16,3,16,3,15,2,14,1,13,-1,13,-4,12,-7,12,-10,12,-12,12,-15,12,-17,12,-19,12,-20,13,-21,13,-20,13,-19,13,-18,12,-15,12,-13,11,-9,10,-6]"
CSI_DATA,42337,d8:b1:90:db:e8:90,-42,11,1,7,0,0,1,0,1,0,1,-92,0,4,0,663028679,0,100,0,128,1,"[100,-64,5,0,-12,-3,-13,-8,-14,-13,-15,-18,-14,-21,-14,-24,-14,-26,-14,-27,-13,-27,-12,-26,-12,-25,-12,-22,-12,-19,-12,-16,-13,-12,-13,-9,-15,-5,-17,-2,-18,0,-19,1,-21,2,-21,1,-22,1,-22,-1,-22,-2,-6,-1,0,0,0,0,0,0,0,0,0,0,0,0,0,0,0,0,0,0,-3,3,-12,13,-14,13,-17,12,-18,12,-19,12,-19,12,-19,12,-17,12,-15,13,-13,14,-11,15,-8,17,-5,20,-2,22,0,25,2,27,3,29,3,30,3,30,3,30,2,29,1,28,0,25,-3,22,-5,18,-7,15]"
CSI_DATA,42338,d8:b1:90:db:e8:90,-42,11,1,7,0,0,1,0,1,0,1,-92,0,4,0,663046494,0,100,0,128,1,"[100,-64,5,0,-10,-5,-9,-10,-8,-15,-7,-18,-6,-21,-5,-23,-5,-25,-4,-26,-4,-26,-3,-25,-3,-24,-4,-22,-5,-19,-6,-16,-7,-13,-9,-11,-11,-8,-13,-7,-15,-5,-17,-4,-18,-4,-19,-5,-19,-6,-19,-7,-18,-8,-5,-2,0,0,0,0,0,0,0,0,0,0,0,0,0,0,0,0,0,0,-4,1,-14,7,-15,7,-17,6,-19,5,-19,5,-19,5,-19,5,-18,6,-17,7,-15,8,-13,10,-11,13,-10,15,-8,18,-7,21,-6,23,-6,25,-6,26,-6,26,-6,26,-6,25,-7,23,-8,21,-8,17,-9,14,-10,10]"
CSI_DATA,42339,d8:b1:90:db:e8:90,-40,11,1,7,0,0,1,0,1,0,1,-94,0,4,0,663056824,0,100,0,128,1,"[100,-64,5,0,-8,8,-12,6,-16,5,-20,3,-22,2,-24,1,-26,-1,-27,-2,-27,-2,-26,-2,-24,-2,-22,-1,-20,0,-17,2,-15,4,-12,7,-10,9,-9,11,-8,13,-7,15,-7,17,-7,17,-8,18,-9,17,-10,16,-3,4,0,0,0,0,0,0,0,0,0,0,0,0,0,0,0,0,0,0,1,3,4,14,3,16,1,18,1,19,0,20,0,20,0,19,1,18,2,17,4,16,7,14,10,13,13,12,16,11,19,11,21,10,23,10,24,11,25,11,25,11,24,11,22,11,20,11,16,11,12,11,8,11]"
CSI_DATA,42340,d8:b1:90:db:e8:90,-40,11,1,7,0,0,1,0,1,0,1,-94,0,4,0,663084264,0,100,0,128,1,"[100,-64,5,0,-8,-7,-7,-11,-5,-16,-3,-19,-2,-22,-1,-24,0,-26,1,-26,2,-26,2,-26,1,-24,0,-22,-1,-20,-3,-17,-5,-15,-7,-13,-9,-11,-12,-9,-14,-8,-16,-8,-17,-8,-18,-9,-18,-9,-17,-11,-16,-12,-4,-3,0,0,0,0,0,0,0,0,0,0,0,0,0,0,0,0,0,0,-4,1,-15,6,-16,5,-18,4,-19,4,-20,3,-21,3,-20,3,-19,4,-17,5,-16,7,-15,9,-13,11,-12,14,-11,17,-10,20,-9,22,-9,24,-9,26,-9,26,-9,26,-9,25,-10,23,-10,20,-11,16,-11,12,-11,9]"
CSI_DATA,42341,d8:b1:90:db:e8:90,-41,11,1,7,0,0,1,0,1,0,1,-94,0,4,0,663095046,0,100,0,128,1,"[100,-64,5,0,11,-2,13,2,15,6,16,10,17,13,18,15,18,16,18,17,18,17,17,17,16,15,15,13,14,11,13,8,13,4,12,1,12,-2,12,-5,13,-7,13,-9,14,-11,15,-11,15,-11,16,-10,17,-9,4,-2,0,0,0,0,0,0,0,0,0,0,0,0,0,0,0,0,0,0,2,-3,10,-12,12,-12,14,-11,15,-11,16,-11,16,-10,16,-10,14,-11,12,-12,10,-13,7,-14,4,-16,2,-18,-1,-20,-3,-22,-5,-24,-6,-25,-7,-27,-7,-27,-7,-27,-6,-26,-5,-25,-4,-23,-1,-20,1,-17,3,-15]"
CSI_DATA,42342,d8:b1:90:db:e8:90,-41,11,1,7,0,0,1,0,1,0,1,-94,0,4,0,663105053,0,100,0,128,1,"[100,-64,5,0,-1,10,-5,12,-9,13,-12,14,-15,15,-18,15,-20,15,-21,15,-21,15,-20,14,-19,14,-17,13,-15,12,-11,12,-8,12,-5,12,-2,13,0,13,3,14,4,15,5,16,6,17,5,18,3,18,2,18,0,4,0,0,0,0,0,0,0,0,0,0,0,0,0,0,0,0,0,0,3,1,12,8,13,10,13,12,12,13,12,14,12,14,12,13,12,12,13,10,13,8,14,6,16,3,18,0,19,-2,21,-5,23,-6,24,-8,25,-9,26,-9,26,-8,25,-7,24,-6,22,-4,19,-2,16,0,13,2]"
CSI_DATA,42343,d8:b1:90:db:e8:90,-40,11,1,7,0,0,1,0,1,0,1,-94,0,4,0,663116543,0,100,0,128,1,"[100,-64,5,0,0,7,-3,10,-6,12,-9,14,-12,16,-14,16,-16,17,-17,17,-17,16,-17,16,-16,15,-15,14,-12,14,-10,13,-7,12,-4,12,-1,12,2,12,4,13,5,15,6,16,6,16,5,17,4,17,3,17,0,4,0,0,0,0,0,0,0,0,0,0,0,0,0,0,0,0,0,0,3,0,14,0,15,2,16,3,16,4,17,5,17,5,17,5,16,4,16,3,15,1,15,-1,15,-4,15,-7,16,-10,17,-12,17,-14,18,-16,19,-17,19,-17,19,-17,18,-15,18,-14,17,-11,15,-8,14,-5,12,-3]"
CSI_DATA,42344,d8:b1:90:db:e8:90,-41,11,1,7,0,0,1,0,1,0,1,-94,0,4,0,663127208,0,100,0,128,1,"[100,-64,5,0,-4,-11,0,-14,4,-17,8,-20,12,-21,14,-22,15,-23,16,-23,16,-23,16,-22,15,-21,13,-20,10,-18,8,-16,4,-15,0,-15,-3,-15,-6,-15,-9,-15,-11,-15,-13,-16,-13,-17,-12,-18,-11,-18,-10,-19,-3,-5,0,0,0,0,0,0,0,0,0,0,0,0,0,0,0,0,0,0,-4,-1,-17,-5,-18,-7,-19,-9,-19,-10,-20,-11,-20,-12,-19,-11,-18,-10,-18,-7,-18,-5,-18,-2,-18,2,-19,5,-20,9,-21,12,-22,14,-23,16,-24,17,-25,18,-25,17,-25,16,-23,14,-22,12,-20,9,-18,5,-16,2]"
CSI_DATA,42345,d8:b1:90:db:e8:90,-41,11,1,7,0,0,1,0,1,0,1,-94,0,4,0,663139912,0,100,0,128,1,"[100,-64,5,0,-1,8,-5,10,-9,10,-12,11,-15,12,-17,12,-19,12,-20,11,-20,11,-19,10,-18,10,-16,10,-14,10,-11,9,-8,10,-6,10,-3,11,-1,12,1,13,3,14,3,15,4,15,3,16,2,16,1,16,0,4,0,0,0,0,0,0,0,0,0,0,0,0,0,0,0,0,0,0,2,1,10,8,9,9,9,11,9,13,9,13,9,13,9,13,9,12,10,11,11,9,12,7,13,4,15,2,17,0,19,-2,20,-3,21,-4,22,-5,23,-5,23,-5,22,-4,21,-3,19,-2,17,0,14,2,11,3]"
CSI_DATA,42346,d8:b1:90:db:e8:90,-41,11,1,7,0,0,1,0,1,0,1,-94,0,4,0,663158501,0,100,0,128,1,"[100,-64,5,0,-8,5,-11,3,-14,1,-17,0,-20,-2,-21,-4,-22,-5,-22,-5,-22,-6,-22,-6,-21,-5,-19,-4,-17,-3,-15,-1,-13,1,-12,3,-10,6,-10,8,-9,10,-9,12,-9,13,-9,14,-10,14,-11,13,-11,12,-3,3,0,0,0,0,0,0,0,0,0,0,0,0,0,0,0,0,0,0,0,3,0,13,-1,14,-2,15,-3,16,-4,16,-4,16,-4,16,-3,15,-1,15,1,14,3,13,6,13,9,12,11,12,14,12,16,13,17,13,18,13,19,13,19,14,18,14,16,13,14,13,11,13,8,12,5,11]"
CSI_DATA,42347,d8:b1:90:db:e8:90,-40,11,1,7,0,0,1,0,1,0,1,-94,0,4,0,663209260,0,100,0,128,1,"[100,-64,5,0,-5,10,-10,9,-14,9,-18,9,-21,8,-23,8,-25,7,-26,6,-26,5,-25,5,-24,5,-21,5,-19,6,-16,7,-13,8,-9,9,-6,11,-4,13,-2,15,-1,16,-1,18,-1,19,-2,19,-3,19,-5,19,-2,4,0,0,0,0,0,0,0,0,0,0,0,0,0,0,0,0,0,0,1,3,7,14,6,15,6,17,5,19,4,19,4,19,4,18,5,17,6,16,8,14,10,12,12,10,15,8,18,7,21,5,23,4,25,4,27,3,28,3,28,3,27,4,25,5,22,6,19,7,15,8,12,9]"
CSI_DATA,42348,d8:b1:90:db:e8:90,-41,11,1,7,0,0,1,0,1,0,1,-94,0,4,0,663222624,0,100,0,128,1,"[100,-64,5,0,6,11,3,14,0,17,-3,20,-5,22,-7,24,-8,25,-9,25,-10,25,-9,24,-9,23,-7,22,-6,20,-3,18,0,16,2,15,5,13,8,12,10,11,13,11,14,12,15,13,14,13,13,14,12,15,2,3,0,0,0,0,0,0,0,0,0,0,0,0,0,0,0,0,0,0,4,0,16,1,17,3,18,5,18,6,19,7,19,7,18,7,18,5,18,4,18,1,18,-2,18,-5,18,-8,19,-11,20,-14,20,-16,21,-18,22,-19,22,-19,22,-19,21,-18,21,-16,20,-14,19,-11,17,-6,16,-3]"
CSI_DATA,42349,d8:b1:90:db:e8:90,-41,11,1,7,0,0,1,0,1,0,1,-94,0,4,0,663234191,0,100,0,128,1,"[100,-64,5,0,4,-15,9,-15,14,-15,19,-15,23,-15,26,-15,28,-14,29,-13,29,-13,28,-13,26,-13,23,-13,20,-13,17,-13,13,-14,9,-15,6,-17,3,-18,1,-20,-1,-21,-2,-23,-2,-23,-1,-24,1,-24,2,-24,0,-6,0,0,0,0,0,0,0,0,0,0,0,0,0,0,0,0,0,0,-3,-4,-12,-16,-11,-18,-10,-21,-9,-23,-9,-24,-9,-23,-9,-23,-10,-21,-11,-20,-13,-18,-15,-15,-18,-13,-21,-11,-25,-9,-28,-7,-30,-6,-32,-5,-34,-5,-34,-4,-34,-5,-33,-6,-31,-7,-28,-8,-24,-9,-19,-11,-15,-12]"
CSI_DATA,42350,d8:b1:90:db:e8:90,-41,11,1,7,0,0,1,0,1,0,1,-94,0,4,0,663248719,0,100,0,128,1,"[100,-64,5,0,2,-12,6,-12,10,-12,13,-12,16,-12,18,-12,19,-12,20,-12,20,-12,19,-11,17,-11,15,-11,13,-10,10,-10,7,-10,3,-10,0,-11,-3,-12,-5,-13,-7,-13,-8,-14,-8,-15,-8,-16,-7,-16,-6,-17,-2,-5,0,0,0,0,0,0,0,0,0,0,0,0,0,0,0,0,0,0,-1,-4,-2,-14,-1,-15,0,-16,1,-17,2,-17,2,-17,1,-16,0,-16,-1,-14,-3,-13,-6,-12,-9,-11,-12,-10,-15,-9,-17,-8,-20,-8,-22,-7,-23,-7,-24,-7,-24,-7,-24,-7,-22,-7,-20,-8,-18,-9,-14,-9,-11,-10]"
CSI_DATA,42351,d8:b1:90:db:e8:90,-41,11,1,7,0,0,1,0,1,0,1,-94,0,4,0,663259244,0,100,0,128,1,"[100,-64,5,0,6,8,4,12,2,16,0,19,-2,21,-3,23,-5,24,-5,24,-6,24,-6,23,-5,22,-4,20,-2,18,0,16,2,13,4,11,7,9,10,8,12,7,14,7,16,6,16,7,16,8,16,9,15,10,3,2,0,0,0,0,0,0,0,0,0,0,0,0,0,0,0,0,0,0,3,0,15,2,16,3,16,5,17,6,17,7,17,7,17,6,16,5,16,3,16,1,15,-1,15,-5,15,-8,16,-11,16,-14,17,-17,17,-18,17,-20,18,-20,18,-20,18,-19,17,-18,16,-15,16,-12,15,-8,14,-5]"
CSI_DATA,42352,d8:b1:90:db:e8:90,-41,11,1,7,0,0,1,0,1,0,1,-94,0,4,0,663287275,0,100,0,128,1,"[100,-64,5,0,8,4,8,8,8,11,7,15,7,17,6,19,5,21,5,21,5,21,5,21,5,19,4,18,5,15,5,12,7,10,8,7,9,4,11,2,13,1,14,0,15,-1,16,-1,17,0,17,1,16,2,4,0,0,0,0,0,0,0,0,0,0,0,0,0,0,0,0,0,0,0,2,-2,12,-5,13,-5,15,-4,16,-3,16,-3,16,-2,16,-3,15,-4,14,-5,12,-7,10,-9,8,-11,7,-14,6,-16,6,-19,5,-21,4,-22,4,-24,4,-24,4,-24,5,-23,6,-22,6,-20,6,-17,7,-13,8,-11]"
CSI_DATA,42353,d8:b1:90:db:e8:90,-40,11,1,7,0,0,1,0,1,0,1,-94,0,4,0,663300710,0,100,0,128,1,"[100,-64,5,0,-11,1,-14,-3,-16,-7,-17,-10,-18,-13,-19,-15,-19,-17,-20,-18,-19,-19,-19,-18,-18,-17,-16,-15,-16,-13,-15,-10,-14,-7,-14,-3,-14,0,-14,3,-15,5,-16,7,-16,8,-17,8,-18,7,-18,7,-19,5,-5,1,0,0,0,0,0,0,0,0,0,0,0,0,0,0,0,0,0,0,-2,3,-7,14,-9,15,-11,15,-12,15,-13,15,-13,15,-13,14,-12,14,-10,14,-7,15,-5,15,-2,16,1,18,4,19,7,21,8,22,10,23,11,24,11,24,11,24,10,24,9,23,6,21,4,19,1,16,-1,14]"
CSI_DATA,42354,d8:b1:90:db:e8:90,-41,11,1,7,0,0,1,0,1,0,1,-94,0,4,0,663314909,0,100,0,128,1,"[100,-64,5,0,7,-6,11,-3,14,-1,16,2,18,4,20,5,20,6,21,7,21,7,20,7,19,7,17,5,16,4,14,2,12,-1,11,-3,10,-6,9,-8,9,-11,9,-12,9,-13,10,-14,10,-14,11,-13,12,-12,3,-3,0,0,0,0,0,0,0,0,0,0,0,0,0,0,0,0,0,0,0,-4,0,-14,2,-15,3,-16,4,-17,5,-17,5,-17,5,-16,4,-16,2,-16,0,-15,-2,-15,-5,-14,-8,-15,-11,-15,-13,-16,-15,-16,-17,-16,-18,-17,-19,-17,-18,-17,-17,-17,-16,-16,-14,-15,-11,-15,-7,-14,-4,-12]"
CSI_DATA,42355,d8:b1:90:db:e8:90,-41,11,1,7,0,0,1,0,1,0,1,-94,0,4,0,663327032,0,100,0,128,1,"[100,-64,5,0,10,-5,14,-1,17,2,19,5,21,8,23,10,23,12,24,13,23,13,22,13,21,12,19,10,18,8,16,5,14,2,13,-2,12,-5,12,-8,11,-11,11,-13,12,-14,13,-15,14,-15,15,-14,16,-13,4,-3,0,0,0,0,0,0,0,0,0,0,0,0,0,0,0,0,0,0,1,-4,5,-16,7,-17,10,-17,11,-18,12,-17,12,-17,11,-17,10,-17,8,-16,5,-16,1,-17,-2,-18,-6,-19,-9,-20,-12,-21,-14,-23,-16,-24,-17,-24,-18,-25,-18,-25,-16,-24,-15,-24,-12,-22,-9,-21,-5,-18,-2,-16]"
CSI_DATA,42356,d8:b1:90:db:e8:90,-41,11,1,7,0,0,1,0,1,0,1,-94,0,4,0,663347612,0,100,0,128,1,"[100,-64,5,0,11,-2,13,1,15,5,16,8,18,11,18,13,19,14,19,15,18,15,18,15,17,14,16,12,14,10,13,7,13,4,12,1,12,-3,12,-5,12,-8,13,-9,13,-10,14,-11,15,-11,16,-10,16,-9,4,-2,0,0,0,0,0,0,0,0,0,0,0,0,0,0,0,0,0,0,1,-4,8,-13,10,-13,12,-13,14,-13,14,-13,14,-12,13,-12,12,-12,10,-13,8,-14,5,-15,2,-16,0,-17,-3,-19,-5,-21,-7,-23,-8,-24,-9,-25,-10,-25,-9,-25,-8,-25,-7,-24,-5,-22,-3,-20,0,-17,2,-15]"
CSI_DATA,42357,d8:b1:90:db:e8:90,-41,11,1,7,0,0,1,0,1,0,1,-94,0,4,0,663367157,0,100,0,128,1,"[100,-64,5,0,-7,-12,-3,-16,0,-19,3,-22,5,-24,7,-26,9,-26,10,-27,10,-26,9,-26,9,-24,7,-22,5,-20,3,-18,0,-16,-3,-14,-7,-13,-10,-12,-13,-11,-15,-11,-16,-12,-17,-12,-17,-13,-16,-14,-15,-15,-4,-4,0,0,0,0,0,0,0,0,0,0,0,0,0,0,0,0,0,0,-4,-2,-17,-6,-17,-8,-18,-10,-18,-12,-18,-12,-18,-12,-18,-11,-18,-10,-18,-8,-18,-5,-18,-2,-18,2,-19,5,-20,8,-21,11,-22,13,-23,15,-24,17,-24,17,-24,17,-24,16,-23,14,-22,12,-21,9,-19,5,-17,2]"
CSI_DATA,42358,d8:b1:90:db:e8:90,-41,11,1,7,0,0,1,0,1,0,1,-94,0,4,0,663390508,0,100,0,128,1,"[100,-64,5,0,-11,-1,-12,-6,-12,-9,-13,-13,-13,-15,-13,-18,-13,-19,-13,-20,-13,-21,-12,-20,-12,-19,-11,-17,-11,-14,-11,-12,-11,-9,-12,-6,-12,-3,-13,-1,-14,1,-15,2,-16,3,-17,3,-18,2,-18,1,-18,0,-5,0,0,0,0,0,0,0,0,0,0,0,0,0,0,0,0,0,0,0,-3,2,-10,9,-11,9,-13,9,-14,9,-15,9,-15,9,-15,9,-14,9,-13,10,-11,11,-9,12,-6,14,-5,16,-2,17,-1,19,0,21,1,22,2,23,2,24,2,24,2,23,1,22,-1,20,-3,18,-4,14,-5,12]"
CSI_DATA,42359,d8:b1:90:db:e8:90,-41,11,1,7,0,0,1,0,1,0,1,-94,0,4,0,663401207,0,100,0,128,1,"[100,-64,5,0,-2,13,-7,14,-12,16,-17,18,-21,18,-23,18,-24,18,-26,18,-27,17,-26,16,-24,15,-21,15,-18,15,-14,13,-10,13,-5,14,-1,15,2,16,5,16,8,17,9,19,9,20,8,20,7,22,6,23,1,5,0,0,0,0,0,0,0,0,0,0,0,0,0,0,0,0,0,0,2,3,11,15,10,17,9,19,9,21,8,22,8,22,8,20,8,19,10,16,12,14,14,11,16,8,20,5,23,3,26,1,28,-1,30,-3,32,-4,33,-3,32,-4,31,-4,30,-2,28,0,23,2,19,4,17,5]"
CSI_DATA,42360,d8:b1:90:db:e8:90,-41,11,1,7,0,0,1,0,1,0,1,-94,0,4,0,663411225,0,100,0,128,1,"[100,-64,5,0,-13,-6,-13,-12,-12,-17,-12,-22,-11,-25,-10,-28,-9,-30,-9,-31,-8,-31,-8,-30,-7,-28,-8,-25,-8,-22,-9,-18,-10,-14,-12,-10,-14,-7,-16,-4,-18,-1,-21,1,-22,1,-23,1,-24,0,-24,-2,-24,-3,-6,-1,0,0,0,0,0,0,0,0,0,0,0,0,0,0,0,0,0,0,-5,1,-19,6,-21,5,-23,3,-24,2,-24,1,-24,1,-24,1,-22,3,-21,5,-19,7,-16,10,-14,13,-12,17,-11,21,-10,24,-9,27,-8,30,-7,31,-8,32,-8,32,-8,31,-9,29,-10,26,-11,22,-12,17,-13,14]"
CSI_DATA,42361,d8:b1:90:db:e8:90,-40,11,1,7,0,0,1,0,1,0,1,-94,0,4,0,663433586,0,100,0,128,1,"[100,-64,5,0,-11,-6,-10,-11,-9,-15,-8,-19,-7,-22,-6,-24,-5,-26,-5,-27,-5,-27,-5,-26,-5,-24,-5,-22,-6,-20,-7,-17,-8,-13,-9,-10,-11,-7,-13,-4,-15,-3,-17,-2,-19,-2,-20,-2,-20,-3,-20,-4,-20,-5,-5,-2,0,0,0,0,0,0,0,0,0,0,0,0,0,0,0,0,0,0,-4,1,-16,5,-17,4,-19,2,-20,1,-21,1,-21,0,-20,1,-19,2,-18,3,-16,6,-14,8,-12,11,-11,14,-10,18,-9,20,-9,23,-8,25,-8,26,-8,27,-8,27,-8,26,-9,24,-10,22,-10,18,-11,14,-11,11]"
CSI_DATA,42362,d8:b1:90:db:e8:90,-41,11,1,7,0,0,1,0,1,0,1,-94,0,4,0,663443980,0,100,0,128,1,"[100,-64,5,0,4,-12,10,-12,15,-12,20,-11,24,-11,27,-10,29,-9,30,-8,30,-7,29,-7,27,-7,25,-8,22,-8,18,-9,14,-10,11,-12,8,-14,6,-17,4,-19,2,-21,2,-23,2,-24,3,-24,5,-23,7,-23,1,-6,0,0,0,0,0,0,0,0,0,0,0,0,0,0,0,0,0,0,-3,-4,-12,-16,-11,-18,-10,-21,-9,-23,-9,-23,-8,-23,-9,-22,-10,-21,-11,-19,-13,-17,-15,-15,-18,-12,-21,-10,-24,-8,-27,-7,-30,-5,-32,-5,-33,-4,-34,-4,-34,-4,-33,-5,-31,-6,-28,-7,-24,-9,-19,-10,-15,-11]"
CSI_DATA,42363,d8:b1:90:db:e8:90,-41,11,1,7,0,0,1,0,1,0,1,-94,0,4,0,663457178,0,100,0,128,1,"[100,-64,5,0,0,12,-4,13,-8,15,-11,16,-14,16,-16,17,-18,17,-19,17,-19,16,-19,16,-17,15,-15,14,-13,13,-10,12,-7,12,-3,12,0,12,3,13,5,13,7,14,8,14,9,15,8,16,7,17,6,17,1,4,0,0,0,0,0,0,0,0,0,0,0,0,0,0,0,0,0,0,2,2,10,10,10,12,10,14,9,15,9,16,9,16,9,16,10,14,10,13,12,10,13,8,15,5,17,3,19,0,21,-2,22,-3,24,-4,25,-5,26,-6,26,-5,26,-5,24,-4,22,-2,20,0,16,2,14,4]"
CSI_DATA,42364,d8:b1:90:db:e8:90,-41,11,1,7,0,0,1,0,1,0,1,-94,0,4,0,663470999,0,100,0,128,1,"[100,-64,5,0,-8,-11,-4,-16,-1,-20,1,-23,4,-25,6,-27,7,-28,8,-28,8,-27,8,-27,8,-25,6,-23,4,-21,1,-18,-2,-15,-5,-13,-8,-11,-12,-9,-14,-8,-17,-8,-19,-8,-20,-9,-20,-10,-19,-11,-18,-12,-5,-3,0,0,0,0,0,0,0,0,0,0,0,0,0,0,0,0,0,0,-5,-2,-17,-8,-17,-10,-18,-12,-18,-14,-17,-15,-17,-14,-17,-13,-16,-12,-16,-9,-16,-6,-17,-3,-17,1,-18,5,-19,9,-21,12,-22,15,-23,17,-23,19,-24,19,-24,19,-24,18,-23,16,-22,14,-21,11,-19,7,-17,3]"
CSI_DATA,42365,d8:b1:90:db:e8:90,-40,11,1,7,0,0,1,0,0,0,1,-94,0,4,0,663493983,0,100,0,128,1,"[100,-64,5,0,-19,-10,-19,-9,-19,-9,-19,-9,-19,-9,-19,-8,-19,-7,-19,-7,-19,-6,-19,-6,-20,-6,-20,-5,-21,-5,-21,-5,-20,-5,-19,-5,-19,-5,-18,-5,-17,-5,-17,-5,-17,-5,-16,-6,-16,-6,-15,-6,-14,-6,-4,-2,0,0,0,0,0,0,0,0,0,0,0,0,0,0,0,0,0,0,-4,-2,-15,-5,-15,-6,-15,-8,-16,-8,-16,-9,-16,-10,-16,-10,-16,-11,-16,-12,-17,-12,-17,-13,-17,-13,-16,-13,-16,-13,-16,-13,-17,-13,-17,-13,-17,-12,-18,-12,-18,-12,-18,-12,-19,-11,-19,-12,-19,-12,-19,-11,-19,-11]"
CSI_DATA,42366,d8:b1:90:db:e8:90,-40,11,1,7,0,0,1,0,0,0,1,-94,0,4,0,663506389,0,100,0,128,1,"[100,-64,5,0,-4,-21,-4,-21,-4,-20,-4,-20,-5,-20,-5,-19,-5,-19,-6,-19,-6,-19,-6,-19,-7,-19,-7,-18,-7,-18,-6,-18,-6,-18,-6,-18,-6,-18,-5,-18,-5,-18,-5,-17,-4,-17,-4,-16,-3,-16,-3,-16,-2,-16,-1,-4,0,0,0,0,0,0,0,0,0,0,0,0,0,0,0,0,0,0,-1,-4,-4,-15,-4,-15,-3,-16,-3,-16,-2,-17,-2,-17,-1,-17,-1,-18,-1,-18,-1,-19,0,-19,0,-20,0,-20,0,-20,0,-20,0,-20,0,-20,0,-20,-1,-21,-1,-21,-2,-21,-2,-21,-2,-21,-3,-21,-3,-21,-3,-21]"
CSI_DATA,42367,d8:b1:90:db:e8:90,-40,11,1,7,0,0,1,0,0,0,1,-94,0,4,0,663517221,0,100,0,128,1,"[100,-64,5,0,-24,-2,-24,-2,-23,-2,-23,-1,-22,-1,-22,0,-22,0,-22,1,-22,1,-22,1,-22,1,-22,1,-22,1,-22,1,-22,1,-22,1,-21,0,-21,0,-20,0,-20,0,-19,-1,-19,-1,-18,-2,-18,-2,-18,-2,-5,-1,0,0,0,0,0,0,0,0,0,0,0,0,0,0,0,0,0,0,-5,0,-17,0,-18,-1,-18,-1,-18,-2,-19,-3,-19,-3,-20,-3,-20,-4,-21,-4,-21,-5,-21,-5,-22,-6,-22,-6,-22,-6,-22,-6,-22,-6,-22,-6,-22,-6,-23,-5,-23,-4,-23,-4,-23,-4,-23,-3,-23,-3,-24,-3,-24,-3]"
CSI_DATA,42368,d8:b1:90:db:e8:90,-40,11,1,7,0,0,1,0,0,0,1,-94,0,4,0,663529944,0,100,0,128,1,"[100,-64,5,0,7,21,7,21,8,21,8,20,9,20,9,20,9,19,10,19,10,19,10,18,10,19,10,18,10,19,10,19,9,18,9,18,9,18,8,18,7,17,6,17,6,16,6,16,5,16,4,16,4,16,1,4,0,0,0,0,0,0,0,0,0,0,0,0,0,0,0,0,0,0,2,3,8,14,7,15,6,16,6,16,6,17,5,18,5,18,5,19,5,20,4,20,5,21,4,21,4,21,4,21,4,21,4,21,4,21,4,21,5,21,5,21,6,21,6,21,6,21,7,21,7,21,8,21]"
CSI_DATA,42369,d8:b1:90:db:e8:90,-40,11,1,7,0,0,1,0,0,0,1,-94,0,4,0,663550221,0,100,0,128,1,"[100,-64,5,0,-2,-21,-2,-21,-2,-20,-3,-20,-3,-19,-4,-19,-4,-19,-5,-19,-5,-20,-5,-19,-6,-19,-6,-19,-6,-19,-6,-19,-6,-19,-6,-18,-5,-18,-5,-17,-5,-17,-4,-17,-4,-16,-4,-16,-3,-16,-3,-16,-2,-16,-1,-4,0,0,0,0,0,0,0,0,0,0,0,0,0,0,0,0,0,0,-1,-4,-4,-15,-3,-15,-3,-16,-2,-16,-2,-17,-1,-18,-1,-18,0,-18,0,-19,1,-19,1,-19,1,-19,1,-19,1,-20,1,-20,1,-20,1,-20,1,-20,1,-21,1,-21,1,-21,0,-21,0,-20,-1,-20,-1,-21,-1,-21]"
CSI_DATA,42370,d8:b1:90:db:e8:90,-40,11,1,7,0,0,1,0,0,0,1,-94,0,4,0,663561087,0,100,0,128,1,"[100,-64,5,0,-9,-19,-9,-19,-9,-18,-9,-18,-10,-18,-10,-17,-10,-17,-10,-16,-11,-16,-11,-16,-11,-16,-12,-16,-12,-16,-11,-16,-11,-16,-10,-15,-10,-15,-10,-15,-9,-15,-9,-15,-8,-15,-8,-14,-7,-14,-6,-14,-6,-14,-2,-4,0,0,0,0,0,0,0,0,0,0,0,0,0,0,0,0,0,0,-2,-4,-7,-13,-7,-14,-6,-14,-6,-15,-6,-15,-6,-16,-5,-16,-5,-17,-5,-18,-5,-18,-5,-19,-5,-19,-5,-19,-5,-19,-5,-19,-5,-19,-5,-19,-5,-19,-6,-19,-6,-19,-7,-19,-7,-19,-7,-19,-8,-19,-8,-19,-8,-19]"
CSI_DATA,42371,d8:b1:90:db:e8:90,-40,11,1,7,0,0,1,0,0,0,1,-94,0,4,0,663575327,0,100,0,128,1,"[100,-64,5,0,-23,9,-23,9,-22,10,-21,10,-21,10,-20,10,-20,10,-20,11,-20,11,-19,12,-19,12,-19,12,-19,13,-19,13,-19,12,-19,11,-18,10,-18,10,-18,9,-18,8,-18,8,-18,7,-18,7,-18,6,-18,5,-5,1,0,0,0,0,0,0,0,0,0,0,0,0,0,0,0,0,0,0,-4,2,-16,8,-17,8,-17,7,-18,7,-19,6,-20,6,-20,6,-21,5,-21,5,-22,5,-23,5,-23,5,-23,5,-23,5,-23,5,-23,5,-23,5,-24,6,-23,6,-23,7,-23,7,-23,7,-23,8,-23,9,-23,9,-23,9]"
CSI_DATA,42372,d8:b1:90:db:e8:90,-40,11,1,7,0,0,1,0,0,0,1,-94,0,4,0,663595885,0,100,0,128,1,"[100,-64,5,0,8,19,8,19,9,18,9,18,10,17,10,17,10,17,9,17,9,17,10,17,10,17,10,16,10,16,10,16,10,16,9,16,9,16,8,15,8,15,7,15,7,14,7,14,6,14,6,14,5,14,1,3,0,0,0,0,0,0,0,0,0,0,0,0,0,0,0,0,0,0,2,3,8,13,7,13,7,14,6,14,6,15,6,15,6,16,6,17,5,18,5,19,5,19,5,19,5,19,5,19,5,18,5,18,5,18,5,18,6,19,6,19,6,19,7,19,7,19,7,19,8,19,8,19]"
CSI_DATA,42373,d8:b1:90:db:e8:90,-40,11,1,7,0,0,1,0,0,0,1,-94,0,4,0,663609021,0,100,0,128,1,"[100,-64,5,0,10,18,11,18,11,18,12,17,12,16,13,16,13,15,13,15,13,14,13,14,13,14,13,14,14,14,14,14,13,14,12,14,12,14,11,14,11,13,11,13,10,13,10,13,9,13,8,13,7,14,1,3,0,0,0,0,0,0,0,0,0,0,0,0,0,0,0,0,0,0,2,3,8,13,8,13,7,14,7,15,6,16,7,16,7,17,7,17,6,18,6,18,6,19,6,19,6,19,6,19,6,19,6,19,6,19,6,19,7,19,7,19,8,18,8,18,9,19,9,19,9,19,9,19]"
CSI_DATA,42374,d8:b1:90:db:e8:90,-40,11,1,7,0,0,1,0,1,0,1,-94,0,4,0,663627982,0,100,0,128,1,"[100,-64,5,0,-3,9,-7,9,-11,10,-15,9,-17,9,-20,9,-21,9,-22,8,-22,8,-22,8,-20,8,-19,8,-16,8,-14,8,-11,9,-9,10,-6,11,-4,12,-3,14,-2,15,-1,16,-1,17,-2,17,-3,17,-5,16,-2,4,0,0,0,0,0,0,0,0,0,0,0,0,0,0,0,0,0,0,2,2,10,8,10,10,10,12,10,13,10,14,9,14,9,14,10,13,10,12,11,10,13,8,14,5,16,4,18,2,20,0,21,-1,23,-2,24,-3,24,-3,24,-2,24,-2,22,-1,20,1,17,2,14,4,11,5]"
CSI_DATA,42375,d8:b1:90:db:e8:90,-41,11,1,7,0,0,1,0,1,0,1,-94,0,4,0,663640316,0,100,0,128,1,"[100,-64,5,0,12,-5,16,-1,19,3,21,6,22,9,24,12,24,14,25,15,24,15,23,14,21,13,20,11,18,8,16,5,15,1,13,-2,12,-6,11,-9,11,-12,11,-15,12,-16,13,-16,14,-16,15,-16,16,-15,4,-4,0,0,0,0,0,0,0,0,0,0,0,0,0,0,0,0,0,0,2,-4,10,-15,12,-15,14,-15,15,-15,16,-15,16,-14,16,-14,14,-14,12,-14,9,-15,5,-16,2,-18,-1,-19,-4,-22,-7,-23,-10,-25,-12,-27,-13,-28,-14,-28,-13,-28,-12,-28,-11,-27,-8,-25,-6,-23,-2,-21,1,-18]"
CSI_DATA,42376,d8:b1:90:db:e8:90,-41,11,1,7,0,0,1,0,1,0,1,-94,0,4,0,663658361,0,100,0,128,1,"[100,-64,5,0,4,-14,9,-14,15,-14,20,-13,24,-12,26,-12,28,-11,29,-10,29,-10,28,-10,26,-10,24,-10,21,-10,17,-11,13,-12,10,-14,7,-15,4,-17,2,-19,0,-21,-1,-22,-1,-23,0,-24,2,-23,4,-23,1,-6,0,0,0,0,0,0,0,0,0,0,0,0,0,0,0,0,0,0,-3,-4,-10,-17,-9,-19,-8,-21,-7,-23,-7,-24,-6,-24,-6,-23,-7,-22,-9,-20,-11,-18,-13,-16,-16,-14,-20,-12,-23,-10,-26,-9,-29,-7,-31,-7,-32,-6,-33,-6,-33,-7,-32,-7,-30,-8,-27,-9,-23,-10,-19,-11,-15,-12]"
CSI_DATA,42377,d8:b1:90:db:e8:90,-41,11,1,7,0,0,1,0,1,0,1,-94,0,4,0,663670040,0,100,0,128,1,"[100,-64,5,0,-5,12,-11,13,-16,13,-20,13,-24,12,-27,11,-29,11,-29,10,-30,9,-29,9,-27,9,-25,9,-21,9,-17,10,-13,11,-9,12,-5,14,-2,16,0,18,2,19,3,20,3,21,2,22,0,23,-1,23,-1,5,0,0,0,0,0,0,0,0,0,0,0,0,0,0,0,0,0,0,1,4,7,17,6,19,5,21,4,22,3,23,3,23,3,22,4,20,6,18,8,16,11,14,14,12,18,10,21,8,24,7,27,5,30,4,32,4,33,4,32,4,31,4,30,5,26,6,22,8,18,9,14,10]"
CSI_DATA,42378,d8:b1:90:db:e8:90,-40,11,1,7,0,0,1,0,1,0,1,-94,0,4,0,663696939,0,100,0,128,1,"[100,-64,5,0,-3,14,-9,15,-15,16,-19,17,-23,17,-26,17,-28,17,-30,16,-30,15,-29,15,-27,14,-25,13,-21,13,-17,13,-12,13,-7,14,-3,15,0,17,3,18,5,20,7,21,7,23,6,24,4,24,2,24,0,6,0,0,0,0,0,0,0,0,0,0,0,0,0,0,0,0,0,0,2,3,11,16,11,18,10,21,9,22,9,23,9,23,9,22,10,21,11,19,12,16,15,13,18,10,21,7,24,4,27,2,30,0,32,-2,34,-2,35,-3,35,-3,34,-2,32,-1,29,1,25,3,21,6,17,8]"
CSI_DATA,42379,d8:b1:90:db:e8:90,-41,11,1,7,0,0,1,0,1,0,1,-94,0,4,0,663708140,0,100,0,128,1,"[100,-64,5,0,14,-5,17,0,19,5,22,9,24,12,25,15,26,17,26,18,25,19,24,18,23,16,21,14,19,11,18,7,17,4,16,0,15,-4,15,-8,15,-11,16,-14,16,-15,17,-15,18,-15,19,-14,20,-13,5,-3,0,0,0,0,0,0,0,0,0,0,0,0,0,0,0,0,0,0,2,-4,10,-16,13,-17,15,-17,17,-17,18,-17,18,-17,17,-17,15,-17,13,-17,10,-18,7,-19,3,-21,-1,-22,-4,-24,-7,-26,-10,-28,-12,-30,-13,-31,-14,-32,-14,-32,-13,-31,-11,-30,-8,-28,-5,-26,-1,-23,2,-20]"
CSI_DATA,42380,d8:b1:90:db:e8:90,-41,11,1,7,0,0,1,0,1,0,1,-94,0,4,0,663720969,0,100,0,128,1,"[100,-64,5,0,-12,-3,-13,-7,-13,-11,-13,-15,-13,-18,-12,-21,-12,-22,-12,-23,-12,-23,-11,-22,-11,-21,-11,-19,-11,-17,-11,-13,-11,-10,-12,-7,-13,-5,-15,-3,-16,-1,-17,0,-18,1,-19,1,-19,0,-19,-1,-19,-2,-5,-1,0,0,0,0,0,0,0,0,0,0,0,0,0,0,0,0,0,0,-3,2,-12,9,-14,8,-16,7,-17,7,-18,7,-19,7,-18,7,-17,8,-15,9,-14,10,-12,12,-10,14,-8,16,-7,18,-5,21,-4,23,-3,25,-3,26,-3,26,-3,26,-3,25,-4,24,-5,22,-7,19,-8,15,-9,12]"
CSI_DATA,42381,d8:b1:90:db:e8:90,-40,11,1,7,0,0,1,0,1,0,1,-94,0,4,0,663733992,0,100,0,128,1,"[100,-64,5,0,-7,-12,-3,-16,1,-19,4,-23,7,-25,10,-27,11,-28,13,-28,13,-28,12,-27,11,-25,10,-23,7,-21,4,-19,1,-17,-3,-15,-7,-14,-10,-13,-13,-13,-15,-13,-17,-14,-18,-14,-18,-15,-16,-16,-15,-17,-4,-5,0,0,0,0,0,0,0,0,0,0,0,0,0,0,0,0,0,0,-5,-2,-18,-5,-19,-7,-20,-10,-20,-11,-20,-12,-20,-13,-20,-12,-19,-11,-19,-8,-19,-5,-19,-2,-19,2,-20,6,-21,10,-22,13,-23,16,-23,18,-24,19,-25,20,-25,20,-25,19,-24,17,-23,14,-21,11,-19,7,-17,3]"
CSI_DATA,42382,d8:b1:90:db:e8:90,-40,11,1,7,0,0,1,0,1,0,1,-94,0,4,0,663751248,0,100,0,128,1,"[100,-64,5,0,-5,12,-10,12,-15,12,-19,12,-23,12,-25,11,-27,11,-28,10,-28,9,-27,8,-25,8,-22,9,-19,9,-16,10,-12,10,-9,12,-6,13,-3,14,0,16,2,18,2,19,2,20,2,21,1,21,0,20,-1,5,0,0,0,0,0,0,0,0,0,0,0,0,0,0,0,0,0,0,1,3,5,16,4,17,3,19,2,21,1,21,1,21,2,21,3,19,5,18,6,16,9,14,12,13,15,11,19,9,22,8,24,7,26,6,28,7,29,6,29,6,28,7,26,8,23,9,20,10,16,10,13,11]"
CSI_DATA,42383,d8:b1:90:db:e8:90,-40,11,1,7,0,0,1,0,1,0,1,-94,0,4,0,663766611,0,100,0,128,1,"[100,-64,5,0,9,-1,11,3,13,7,15,10,16,13,17,16,17,18,17,19,17,19,16,18,16,17,15,15,14,13,13,10,13,8,13,5,14,2,15,-1,16,-2,17,-4,17,-4,18,-4,18,-4,18,-3,18,-1,4,-1,0,0,0,0,0,0,0,0,0,0,0,0,0,0,0,0,0,0,0,-4,1,-16,2,-17,4,-18,5,-19,6,-19,7,-19,7,-19,6,-19,4,-18,2,-18,-1,-18,-4,-18,-7,-19,-10,-19,-12,-20,-14,-21,-15,-22,-16,-23,-16,-23,-15,-23,-14,-23,-13,-22,-11,-20,-8,-18,-5,-16,-2,-14]"
CSI_DATA,42384,d8:b1:90:db:e8:90,-41,11,1,7,0,0,1,0,1,0,1,-94,0,4,0,663779305,0,100,0,128,1,"[100,-64,5,0,-14,-4,-14,-10,-14,-14,-14,-18,-14,-22,-13,-25,-13,-26,-12,-27,-12,-27,-12,-26,-11,-25,-11,-23,-11,-19,-11,-16,-12,-12,-13,-9,-15,-6,-16,-3,-18,0,-19,1,-20,1,-21,1,-22,1,-22,0,-22,-2,-6,-1,0,0,0,0,0,0,0,0,0,0,0,0,0,0,0,0,0,0,-4,2,-15,7,-17,7,-20,6,-21,5,-22,5,-22,4,-22,5,-21,5,-19,7,-17,9,-15,11,-13,14,-11,17,-9,20,-8,23,-7,26,-6,28,-6,29,-5,30,-6,30,-6,28,-7,27,-8,24,-9,21,-10,17,-12,13]"
CSI_DATA,42385,d8:b1:90:db:e8:90,-41,11,1,7,0,0,1,0,1,0,1,-94,0,4,0,663799355,0,100,0,128,1,"[100,-64,5,0,-7,10,-11,9,-15,8,-18,7,-21,6,-23,5,-25,4,-25,4,-25,4,-24,3,-23,3,-21,4,-18,5,-15,6,-13,7,-10,9,-7,10,-5,12,-4,14,-3,16,-2,17,-2,17,-3,18,-4,18,-5,17,-2,4,0,0,0,0,0,0,0,0,0,0,0,0,0,0,0,0,0,0,1,3,3,14,2,15,1,17,0,18,-1,19,-1,19,0,18,0,17,2,16,4,15,6,13,9,12,12,11,16,10,18,9,20,9,22,9,24,8,25,8,24,9,23,9,22,9,20,9,16,10,13,10,9,11]"
CSI_DATA,42386,d8:b1:90:db:e8:90,-41,11,1,7,0,0,1,0,1,0,1,-94,0,4,0,663812427,0,100,0,128,1,"[100,-64,5,0,7,-9,11,-7,14,-5,17,-3,19,-2,21,0,22,1,22,1,22,2,21,2,20,1,18,0,16,-1,14,-3,12,-4,10,-6,8,-8,7,-11,6,-13,5,-14,5,-15,5,-16,6,-16,7,-16,8,-15,2,-4,0,0,0,0,0,0,0,0,0,0,0,0,0,0,0,0,0,0,0,-4,0,-13,2,-14,3,-15,4,-16,5,-16,5,-16,5,-16,4,-16,2,-15,0,-15,-2,-15,-5,-14,-7,-14,-10,-14,-13,-15,-15,-15,-17,-15,-18,-16,-19,-16,-19,-16,-18,-15,-17,-15,-14,-15,-11,-15,-8,-14,-5,-14]"
CSI_DATA,42387,d8:b1:90:db:e8:90,-41,11,1,7,0,0,1,0,1,0,1,-94,0,4,0,663823345,0,100,0,128,1,"[100,-64,5,0,-12,7,-16,4,-20,0,-24,-3,-27,-6,-29,-9,-30,-11,-31,-12,-30,-12,-29,-11,-28,-10,-26,-9,-23,-7,-21,-4,-19,-1,-17,3,-16,7,-15,10,-15,13,-15,15,-15,16,-16,16,-17,16,-18,16,-19,14,-5,3,0,0,0,0,0,0,0,0,0,0,0,0,0,0,0,0,0,0,0,4,1,18,-1,20,-3,22,-4,23,-5,23,-6,23,-6,23,-5,22,-3,21,0,20,4,19,7,19,12,18,16,18,19,18,21,19,23,20,25,20,26,20,25,21,23,21,21,21,19,20,15,19,10,17,6,16]"
CSI_DATA,42388,d8:b1:90:db:e8:90,-40,11,1,7,0,0,1,0,1,0,1,-94,0,4,0,663835017,0,100,0,128,1,"[100,-64,5,0,8,-11,14,-9,20,-7,24,-5,28,-3,30,-1,32,0,33,1,32,2,31,1,29,1,27,0,24,-2,21,-4,17,-6,14,-10,12,-13,10,-16,9,-19,8,-21,8,-22,8,-23,9,-23,11,-23,12,-22,3,-6,0,0,0,0,0,0,0,0,0,0,0,0,0,0,0,0,0,0,-2,-5,-5,-19,-4,-21,-3,-24,-2,-25,-1,-26,0,-26,-1,-25,-2,-24,-3,-23,-6,-21,-9,-20,-13,-18,-17,-17,-21,-16,-25,-15,-28,-14,-30,-14,-32,-15,-33,-15,-33,-15,-31,-15,-29,-15,-26,-15,-22,-16,-16,-16,-12,-15]"
CSI_DATA,42389,d8:b1:90:db:e8:90,-41,11,1,7,0,0,1,0,1,0,1,-94,0,4,0,663847328,0,100,0,128,1,"[100,-64,5,0,-10,7,-15,4,-19,2,-22,0,-25,-2,-27,-4,-28,-6,-28,-7,-28,-7,-27,-7,-25,-6,-23,-5,-20,-3,-18,-1,-16,2,-13,5,-11,8,-10,11,-9,13,-9,16,-9,17,-9,18,-10,18,-12,17,-13,16,-4,4,0,0,0,0,0,0,0,0,0,0,0,0,0,0,0,0,0,0,-1,4,-2,16,-3,17,-5,19,-7,19,-8,20,-8,19,-7,19,-6,18,-4,18,-1,17,2,16,5,16,9,15,13,16,16,16,19,16,21,17,22,17,23,17,23,17,22,17,21,18,18,17,14,17,10,15,6,15]"
CSI_DATA,42390,d8:b1:90:db:e8:90,-40,11,1,7,0,0,1,0,1,0,1,-94,0,4,0,663858395,0,100,0,128,1,"[100,-64,5,0,9,3,9,8,9,12,9,16,8,20,8,22,7,23,7,24,7,24,7,23,6,21,6,19,6,17,7,14,8,11,9,8,11,5,13,3,15,1,16,0,17,0,18,0,19,1,19,2,18,3,4,1,0,0,0,0,0,0,0,0,0,0,0,0,0,0,0,0,0,0,2,-3,11,-10,13,-10,15,-10,16,-9,17,-9,18,-9,17,-9,16,-9,14,-10,12,-11,9,-13,7,-15,4,-17,2,-20,1,-22,0,-24,-1,-26,-2,-27,-1,-28,-1,-28,0,-27,0,-25,1,-23,2,-20,4,-16,6,-13]"
CSI_DATA,42391,d8:b1:90:db:e8:90,-41,11,1,7,0,0,1,0,1,0,1,-94,0,4,0,663876789,0,100,0,128,1,"[100,-64,5,0,-1,-14,3,-16,8,-18,12,-19,15,-20,18,-20,19,-21,20,-20,21,-19,20,-19,18,-18,16,-17,13,-16,10,-15,6,-15,2,-15,-1,-15,-4,-15,-7,-16,-9,-17,-11,-18,-11,-19,-10,-20,-9,-20,-7,-20,-2,-5,0,0,0,0,0,0,0,0,0,0,0,0,0,0,0,0,0,0,-4,-3,-14,-12,-13,-14,-13,-17,-12,-18,-12,-19,-12,-19,-12,-19,-12,-17,-13,-15,-14,-13,-15,-10,-17,-7,-20,-4,-22,-1,-24,1,-26,3,-28,5,-29,6,-30,6,-30,6,-30,5,-28,4,-26,2,-23,0,-20,-3,-17,-5]"
CSI_DATA,42392,d8:b1:90:db:e8:90,-41,11,1,7,0,0,1,0,1,0,1,-94,0,4,0,663902765,0,100,0,128,1,"[100,-64,5,0,-10,-1,-12,-6,-13,-9,-14,-13,-14,-16,-14,-19,-15,-20,-14,-21,-14,-22,-13,-21,-13,-19,-12,-17,-12,-14,-12,-11,-12,-8,-12,-5,-13,-2,-14,1,-15,3,-17,4,-18,4,-18,4,-19,4,-19,2,-19,1,-5,0,0,0,0,0,0,0,0,0,0,0,0,0,0,0,0,0,0,0,-2,3,-8,12,-10,12,-12,13,-14,13,-15,12,-15,12,-15,12,-13,12,-12,12,-9,13,-6,13,-4,15,-1,16,2,18,4,20,6,22,7,23,8,24,8,24,8,24,7,24,6,23,4,21,1,19,-1,16,-3,13]"
CSI_DATA,42393,d8:b1:90:db:e8:90,-41,11,1,7,0,0,1,0,1,0,1,-94,0,4,0,663916304,0,100,0,128,1,"[100,-64,5,0,-1,-9,3,-11,7,-13,10,-15,13,-15,15,-16,17,-16,18,-16,18,-16,17,-15,15,-14,13,-14,11,-13,8,-12,5,-11,1,-11,-2,-11,-5,-11,-7,-12,-9,-13,-10,-14,-11,-15,-10,-16,-9,-16,-8,-17,-2,-5,0,0,0,0,0,0,0,0,0,0,0,0,0,0,0,0,0,0,-3,-2,-12,-9,-12,-11,-12,-12,-12,-14,-12,-15,-12,-15,-11,-14,-11,-13,-11,-11,-12,-8,-12,-6,-13,-3,-14,1,-16,3,-18,6,-20,8,-21,9,-22,10,-22,11,-22,10,-22,10,-21,9,-20,7,-18,5,-15,2,-13,0]"
CSI_DATA,42394,d8:b1:90:db:e8:90,-41,11,1,7,0,0,1,0,1,0,1,-94,0,4,0,663935537,0,100,0,128,1,"[100,-64,5,0,8,10,5,15,2,20,-1,24,-4,28,-6,30,-7,31,-8,31,-9,31,-8,30,-8,28,-6,26,-4,23,-1,19,2,16,6,14,9,11,13,10,16,9,19,9,21,9,22,10,22,11,21,13,19,14,4,3,0,0,0,0,0,0,0,0,0,0,0,0,0,0,0,0,0,0,5,-1,20,0,21,2,23,4,23,5,24,6,24,7,23,6,22,5,21,3,19,-1,18,-4,17,-8,17,-13,17,-17,17,-21,17,-25,17,-28,17,-29,18,-30,19,-30,19,-28,19,-26,18,-23,17,-19,16,-14,16,-10]"
CSI_DATA,42395,d8:b1:90:db:e8:90,-40,11,1,7,0,0,1,0,1,0,1,-94,0,4,0,663947086,0,100,0,128,1,"[100,-64,5,0,-9,-7,-8,-11,-6,-15,-5,-19,-3,-22,-2,-24,-1,-25,-1,-26,0,-26,0,-25,-1,-24,-1,-22,-2,-19,-4,-17,-5,-14,-8,-12,-10,-10,-13,-8,-14,-8,-16,-7,-18,-7,-18,-7,-18,-8,-18,-9,-17,-10,-5,-3,0,0,0,0,0,0,0,0,0,0,0,0,0,0,0,0,0,0,-4,1,-14,6,-16,5,-18,4,-19,3,-20,2,-20,2,-20,2,-19,3,-18,4,-16,6,-14,8,-13,11,-11,14,-10,17,-9,19,-9,22,-9,24,-9,25,-9,25,-10,25,-10,24,-10,22,-10,20,-10,17,-11,13,-11,10]"
CSI_DATA,42396,d8:b1:90:db:e8:90,-41,11,1,7,0,0,1,0,1,0,1,-94,0,4,0,663966470,0,100,0,128,1,"[100,-64,5,0,6,4,5,8,5,12,4,15,3,18,2,20,1,21,1,22,0,22,0,21,0,20,0,18,1,16,3,13,4,11,6,9,9,7,11,6,12,5,14,5,15,5,15,5,15,6,15,7,14,8,3,2,0,0,0,0,0,0,0,0,0,0,0,0,0,0,0,0,0,0,2,-3,9,-9,11,-9,13,-9,14,-8,15,-8,15,-8,15,-8,14,-8,12,-8,11,-9,9,-11,7,-13,5,-15,3,-17,2,-19,1,-21,0,-23,0,-24,0,-24,1,-24,2,-23,2,-22,3,-20,4,-17,5,-13,6,-11]"
CSI_DATA,42397,d8:b1:90:db:e8:90,-41,11,1,7,0,0,1,0,1,0,1,-94,0,4,0,664006627,0,100,0,128,1,"[100,-64,5,0,7,5,7,9,6,13,4,16,3,18,2,20,1,22,1,22,0,22,0,21,1,20,1,18,2,16,3,14,5,12,7,10,9,8,10,7,12,6,14,5,15,5,15,6,15,6,15,7,14,8,3,2,0,0,0,0,0,0,0,0,0,0,0,0,0,0,0,0,0,0,2,-2,12,-6,13,-5,14,-4,16,-4,16,-3,16,-3,16,-3,15,-4,14,-5,13,-6,12,-8,10,-10,9,-13,8,-16,8,-18,7,-20,7,-22,7,-23,7,-23,7,-23,8,-22,8,-21,8,-18,9,-15,9,-12,9,-9]"
CSI_DATA,42398,d8:b1:90:db:e8:90,-41,11,1,7,0,0,1,0,1,0,1,-94,0,4,0,664016897,0,100,0,128,1,"[100,-64,5,0,-9,2,-12,-1,-14,-5,-16,-7,-17,-10,-18,-12,-19,-14,-19,-15,-18,-15,-18,-15,-17,-13,-16,-12,-15,-10,-14,-7,-13,-4,-13,-2,-12,1,-13,4,-13,6,-14,7,-14,8,-15,8,-15,8,-16,7,-16,6,-4,1,0,0,0,0,0,0,0,0,0,0,0,0,0,0,0,0,0,0,-1,3,-4,12,-6,13,-8,14,-9,14,-10,14,-10,14,-10,14,-9,13,-7,13,-5,13,-2,13,0,14,3,15,6,15,8,16,10,18,11,19,12,19,13,20,12,20,12,20,10,19,8,18,6,16,3,14,0,12]"
CSI_DATA,42399,d8:b1:90:db:e8:90,-41,11,1,7,0,0,1,0,1,0,1,-94,0,4,0,664028283,0,100,0,128,1,"[100,-64,5,0,-8,-6,-7,-10,-5,-14,-4,-17,-3,-19,-1,-21,-1,-23,0,-23,0,-23,0,-22,0,-21,-1,-19,-2,-17,-3,-15,-5,-12,-7,-10,-9,-8,-11,-7,-13,-6,-15,-5,-16,-5,-17,-6,-17,-6,-16,-7,-15,-8,-4,-3,0,0,0,0,0,0,0,0,0,0,0,0,0,0,0,0,0,0,-4,1,-14,3,-15,2,-16,1,-17,0,-18,0,-18,0,-17,0,-16,1,-15,2,-14,4,-13,6,-11,8,-10,11,-9,14,-9,16,-9,19,-8,20,-8,21,-8,22,-9,22,-9,21,-9,20,-9,17,-9,14,-10,11,-10,8]"
CSI_DATA,42400,d8:b1:90:db:e8:90,-40,11,1,7,0,0,1,0,1,0,1,-94,0,4,0,664053028,0,100,0,128,1,"[100,-64,5,0,-6,-12,-2,-15,2,-19,5,-22,8,-24,11,-26,12,-27,13,-27,14,-26,14,-25,12,-24,10,-22,8,-20,5,-18,1,-16,-3,-14,-6,-14,-10,-13,-13,-13,-15,-13,-17,-14,-17,-15,-17,-15,-16,-16,-14,-17,-4,-5,0,0,0,0,0,0,0,0,0,0,0,0,0,0,0,0,0,0,-5,-2,-18,-6,-19,-8,-20,-10,-20,-12,-20,-13,-19,-13,-19,-12,-18,-11,-18,-8,-18,-5,-18,-2,-18,2,-19,6,-20,10,-21,14,-22,16,-23,18,-24,20,-24,20,-25,20,-24,19,-24,17,-23,14,-21,11,-19,7,-17,3]"
CSI_DATA,42401,d8:b1:90:db:e8:90,-41,11,1,7,0,0,1,0,1,0,1,-94,0,4,0,664064578,0,100,0,128,1,"[100,-64,5,0,3,11,-1,13,-4,16,-7,18,-10,19,-12,20,-13,21,-14,21,-15,21,-14,20,-13,19,-11,17,-8,16,-6,14,-3,13,0,13,3,12,6,11,9,11,11,11,12,12,12,13,12,13,11,14,10,14,2,3,0,0,0,0,0,0,0,0,0,0,0,0,0,0,0,0,0,0,3,2,12,8,12,10,12,12,12,13,12,14,12,14,12,13,12,12,12,10,13,8,14,5,15,1,17,-1,19,-4,20,-6,21,-8,23,-10,24,-11,24,-11,24,-11,24,-10,23,-9,21,-7,19,-5,17,-2,15,1]"
CSI_DATA,42402,d8:b1:90:db:e8:90,-41,11,1,7,0,0,1,0,1,0,1,-94,0,4,0,664077739,0,100,0,128,1,"[100,-64,5,0,-12,1,-14,-3,-15,-7,-16,-10,-17,-13,-18,-16,-18,-18,-18,-19,-18,-19,-17,-18,-16,-16,-16,-14,-15,-12,-14,-9,-13,-6,-12,-2,-12,1,-13,4,-13,6,-14,8,-15,9,-16,9,-16,9,-17,8,-17,7,-5,1,0,0,0,0,0,0,0,0,0,0,0,0,0,0,0,0,0,0,-3,2,-10,11,-12,11,-14,11,-15,10,-16,10,-16,10,-15,10,-14,10,-12,10,-9,11,-6,13,-4,14,-1,16,1,18,3,20,5,22,7,23,8,24,8,25,8,25,7,24,5,24,4,22,2,19,-1,17,-3,14]"
CSI_DATA,42403,d8:b1:90:db:e8:90,-41,11,1,7,0,0,1,0,1,0,1,-94,0,4,0,664108195,0,100,0,128,1,"[100,-64,5,0,6,-6,10,-4,13,-2,16,-1,19,1,20,2,21,3,21,4,21,5,21,5,20,4,18,3,16,2,14,0,12,-2,10,-4,9,-7,8,-9,8,-11,7,-13,7,-14,8,-15,9,-15,10,-14,11,-13,2,-4,0,0,0,0,0,0,0,0,0,0,0,0,0,0,0,0,0,0,-1,-4,-3,-13,-2,-15,-1,-16,0,-17,1,-17,1,-17,1,-17,0,-16,-1,-15,-3,-14,-6,-13,-8,-12,-11,-12,-14,-12,-16,-11,-18,-11,-20,-11,-21,-12,-22,-12,-22,-12,-21,-12,-19,-12,-16,-12,-14,-12,-10,-12,-7,-11]"
CSI_DATA,42404,d8:b1:90:db:e8:90,-40,11,1,7,0,0,1,0,1,0,1,-94,0,4,0,664121905,0,100,0,128,1,"[100,-64,5,0,-10,3,-13,1,-16,-2,-17,-4,-19,-7,-20,-9,-21,-10,-21,-11,-21,-11,-20,-11,-20,-11,-18,-9,-17,-7,-15,-5,-14,-2,-13,1,-12,3,-12,6,-12,8,-12,9,-13,10,-13,11,-14,10,-14,10,-15,9,-4,2,0,0,0,0,0,0,0,0,0,0,0,0,0,0,0,0,0,0,-1,3,-4,13,-5,13,-7,14,-8,15,-8,15,-9,15,-8,14,-7,14,-5,14,-3,14,-1,14,2,15,5,15,7,16,9,17,11,18,12,18,13,19,14,19,14,19,13,19,12,18,10,17,7,16,4,14,1,13]"
CSI_DATA,42405,d8:b1:90:db:e8:90,-41,11,1,7,0,0,1,0,1,0,1,-94,0,4,0,664134909,0,100,0,128,1,"[100,-64,5,0,-13,-4,-13,-9,-13,-14,-13,-19,-13,-22,-13,-25,-13,-26,-12,-27,-11,-27,-11,-26,-11,-24,-11,-22,-10,-18,-11,-15,-11,-11,-12,-8,-14,-4,-15,-1,-17,2,-18,3,-20,4,-21,4,-21,3,-22,2,-22,1,-6,0,0,0,0,0,0,0,0,0,0,0,0,0,0,0,0,0,0,0,-4,1,-17,7,-18,6,-20,4,-21,3,-22,3,-22,2,-21,3,-19,4,-18,6,-16,8,-13,10,-11,14,-9,17,-7,20,-6,23,-5,25,-4,27,-4,29,-4,30,-4,30,-4,29,-5,27,-6,25,-8,21,-9,17,-10,13]"
CSI_DATA,42406,d8:b1:90:db:e8:90,-41,11,1,7,0,0,1,0,1,0,1,-94,0,4,0,664146479,0,100,0,128,1,"[100,-64,5,0,-1,11,-6,13,-11,14,-15,16,-19,16,-21,16,-23,16,-24,16,-24,16,-24,15,-22,15,-20,14,-17,13,-13,13,-10,13,-6,14,-3,14,0,15,2,16,4,18,6,19,6,19,5,20,4,20,2,20,0,5,0,0,0,0,0,0,0,0,0,0,0,0,0,0,0,0,0,0,3,2,13,10,13,12,13,14,13,16,13,17,13,17,13,16,13,15,13,12,14,10,16,7,18,4,20,1,22,-1,24,-4,26,-5,27,-6,29,-7,29,-8,29,-7,28,-6,27,-5,24,-3,21,-1,18,2,15,4]"
CSI_DATA,42407,d8:b1:90:db:e8:90,-40,11,1,7,0,0,1,0,1,0,1,-94,0,4,0,664156921,0,100,0,128,1,"[100,-64,5,0,11,-2,14,3,16,7,18,11,19,14,20,17,20,19,20,20,20,21,19,20,17,19,16,17,15,14,14,10,14,7,14,3,14,-1,15,-4,16,-7,17,-9,18,-9,18,-9,19,-9,20,-8,20,-6,5,-2,0,0,0,0,0,0,0,0,0,0,0,0,0,0,0,0,0,0,1,-4,6,-17,8,-17,10,-18,11,-19,12,-19,13,-18,12,-18,11,-18,9,-18,6,-18,2,-18,-1,-19,-4,-20,-7,-22,-10,-23,-13,-25,-14,-26,-16,-27,-16,-27,-16,-27,-14,-27,-13,-26,-10,-24,-7,-22,-3,-19,-1,-17]"
CSI_DATA,42408,d8:b1:90:db:e8:90,-41,11,1,7,0,0,1,0,1,0,1,-94,0,4,0,664177231,0,100,0,128,1,"[100,-64,5,0,10,-11,15,-9,20,-6,24,-4,27,-2,30,-1,31,1,32,2,32,2,30,2,28,1,26,0,23,-1,20,-3,16,-6,13,-9,10,-12,8,-15,7,-18,6,-20,6,-22,6,-23,7,-23,8,-23,10,-22,2,-6,0,0,0,0,0,0,0,0,0,0,0,0,0,0,0,0,0,0,0,-5,1,-19,3,-21,5,-23,6,-23,7,-23,7,-23,7,-23,5,-22,3,-21,0,-20,-4,-20,-8,-19,-12,-19,-16,-20,-20,-20,-23,-20,-25,-20,-26,-20,-27,-20,-27,-20,-26,-21,-24,-21,-21,-20,-17,-19,-12,-18,-8,-17]"
CSI_DATA,42409,d8:b1:90:db:e8:90,-40,11,1,7,0,0,1,0,1,0,1,-94,0,4,0,664187693,0,100,0,128,1,"[100,-64,5,0,0,-12,5,-13,9,-14,13,-15,16,-16,19,-16,21,-16,21,-15,21,-15,21,-15,19,-14,17,-14,15,-13,11,-13,8,-13,5,-13,2,-14,-1,-15,-3,-16,-4,-17,-6,-18,-6,-19,-5,-20,-4,-20,-2,-20,-1,-5,0,0,0,0,0,0,0,0,0,0,0,0,0,0,0,0,0,0,-4,-3,-13,-10,-14,-12,-14,-14,-13,-15,-13,-16,-13,-16,-13,-15,-14,-14,-14,-13,-15,-10,-16,-8,-18,-5,-19,-2,-21,0,-23,2,-24,4,-26,5,-27,6,-28,6,-28,6,-27,5,-25,4,-23,2,-21,0,-18,-2,-15,-5]"
CSI_DATA,42410,d8:b1:90:db:e8:90,-41,11,1,7,0,0,1,0,1,0,1,-94,0,4,0,664210474,0,100,0,128,1,"[100,-64,5,0,-1,11,-5,12,-9,14,-14,15,-16,15,-17,17,-19,17,-19,16,-19,16,-19,15,-17,15,-15,15,-13,14,-9,13,-6,13,-2,12,2,12,4,13,6,13,8,13,9,14,10,14,11,15,9,16,8,16,2,3,0,0,0,0,0,0,0,0,0,0,0,0,0,0,0,0,0,0,2,3,7,14,5,16,4,17,4,18,3,19,3,18,4,18,5,17,6,15,8,13,10,11,12,8,16,7,18,5,20,3,22,2,24,1,26,-1,27,-1,26,-1,26,-1,25,0,22,1,19,2,16,5,12,7]"
CSI_DATA,42411,d8:b1:90:db:e8:90,-41,11,1,7,0,0,1,0,1,0,1,-94,0,4,0,664222771,0,100,0,128,1,"[100,-64,5,0,-2,-11,2,-13,6,-15,9,-17,12,-18,14,-19,16,-19,17,-19,17,-18,17,-18,16,-17,14,-16,11,-15,8,-14,5,-14,2,-14,-1,-14,-4,-14,-6,-15,-7,-16,-8,-16,-9,-17,-8,-18,-7,-18,-6,-18,-2,-5,0,0,0,0,0,0,0,0,0,0,0,0,0,0,0,0,0,0,-4,-2,-15,-6,-15,-8,-16,-10,-16,-12,-16,-13,-16,-13,-15,-13,-15,-11,-16,-9,-16,-7,-16,-4,-17,-1,-18,1,-20,4,-21,7,-22,9,-23,10,-24,11,-25,12,-24,11,-24,10,-23,8,-21,7,-19,4,-17,1,-15,-1]"
CSI_DATA,42412,d8:b1:90:db:e8:90,-41,11,1,7,0,0,1,0,1,0,1,-94,0,4,0,664240821,0,100,0,128,1,"[100,-64,5,0,-1,-13,5,-15,10,-17,14,-19,18,-20,21,-20,23,-21,24,-21,24,-20,24,-19,22,-18,19,-18,16,-17,12,-16,8,-15,4,-16,1,-16,-3,-17,-5,-19,-7,-20,-9,-21,-9,-23,-8,-23,-6,-24,-4,-24,-1,-6,0,0,0,0,0,0,0,0,0,0,0,0,0,0,0,0,0,0,-5,-2,-18,-9,-18,-12,-19,-15,-19,-17,-18,-18,-18,-18,-18,-17,-18,-15,-18,-13,-18,-10,-19,-6,-20,-3,-22,1,-24,4,-26,8,-28,10,-29,12,-30,13,-31,13,-31,12,-31,12,-30,10,-27,8,-24,4,-21,1,-18,-2]"
CSI_DATA,42413,d8:b1:90:db:e8:90,-40,11,1,7,0,0,1,0,1,0,1,-94,0,4,0,664252449,0,100,0,128,1,"[100,-64,5,0,5,-10,10,-9,14,-8,18,-7,21,-5,23,-4,25,-4,26,-3,26,-2,25,-2,23,-3,21,-3,18,-4,16,-6,13,-7,10,-9,8,-11,6,-13,5,-16,4,-17,4,-18,4,-19,5,-20,6,-19,8,-18,2,-5,0,0,0,0,0,0,0,0,0,0,0,0,0,0,0,0,0,0,-2,-4,-7,-15,-6,-17,-5,-19,-4,-20,-3,-21,-3,-21,-3,-20,-4,-19,-5,-18,-7,-16,-9,-14,-12,-13,-16,-11,-19,-10,-21,-9,-24,-9,-26,-8,-27,-8,-28,-8,-27,-9,-26,-9,-24,-9,-22,-10,-19,-10,-14,-10,-11,-11]"
CSI_DATA,42414,d8:b1:90:db:e8:90,-41,11,1,7,0,0,1,0,1,0,1,-94,0,4,0,664263924,0,100,0,128,1,"[100,-64,5,0,3,-12,7,-12,11,-12,15,-12,18,-12,20,-11,22,-11,22,-11,22,-11,21,-10,20,-10,17,-10,15,-10,12,-10,8,-10,5,-11,2,-12,0,-14,-2,-15,-4,-16,-5,-17,-5,-18,-5,-19,-3,-19,-2,-19,-1,-5,0,0,0,0,0,0,0,0,0,0,0,0,0,0,0,0,0,0,-2,-4,-7,-15,-6,-17,-4,-18,-3,-19,-3,-20,-3,-19,-3,-19,-4,-17,-5,-16,-7,-14,-9,-12,-12,-10,-15,-8,-18,-7,-21,-6,-23,-5,-25,-5,-26,-4,-27,-4,-27,-4,-26,-5,-25,-6,-22,-6,-19,-7,-16,-8,-13,-9]"
CSI_DATA,42415,d8:b1:90:db:e8:90,-40,11,1,7,0,0,1,0,1,0,1,-94,0,4,0,664276280,0,100,0,128,1,"[100,-64,5,0,-7,-8,-4,-12,-2,-15,0,-18,1,-20,3,-22,4,-23,5,-23,5,-23,5,-22,5,-21,4,-20,2,-19,0,-17,-2,-15,-4,-14,-7,-12,-9,-12,-11,-11,-12,-11,-14,-11,-14,-12,-14,-13,-13,-13,-12,-14,-3,-4,0,0,0,0,0,0,0,0,0,0,0,0,0,0,0,0,0,0,-4,0,-14,3,-16,2,-17,1,-18,0,-19,-1,-19,-1,-18,-1,-18,0,-17,2,-16,3,-15,6,-14,8,-13,11,-13,14,-13,16,-13,18,-13,20,-13,21,-13,21,-13,21,-14,20,-14,18,-13,16,-13,13,-12,10,-12,7]"
CSI_DATA,42416,d8:b1:90:db:e8:90,-41,11,1,7,0,0,1,0,1,0,1,-94,0,4,0,664287035,0,100,0,128,1,"[100,-64,5,0,8,-4,12,-1,16,3,19,6,22,9,23,11,24,13,24,14,24,15,23,14,21,13,20,12,18,9,17,6,15,3,15,0,14,-4,14,-7,15,-10,15,-12,16,-13,17,-13,18,-12,19,-11,19,-9,4,-3,0,0,0,0,0,0,0,0,0,0,0,0,0,0,0,0,0,0,-1,-5,-3,-18,-1,-20,0,-21,2,-22,3,-23,3,-23,3,-22,2,-21,0,-20,-2,-18,-5,-17,-9,-16,-13,-16,-16,-16,-19,-16,-22,-16,-24,-17,-26,-17,-26,-18,-26,-18,-25,-18,-22,-18,-19,-17,-16,-17,-11,-15,-8,-14]"
CSI_DATA,42417,d8:b1:90:db:e8:90,-40,11,1,7,0,0,1,0,1,0,1,-94,0,4,0,664312243,0,100,0,128,1,"[100,-64,5,0,-10,-5,-9,-9,-8,-13,-8,-17,-7,-19,-6,-21,-5,-22,-5,-23,-4,-23,-4,-23,-5,-22,-5,-20,-6,-17,-7,-15,-8,-12,-9,-10,-11,-8,-12,-6,-14,-5,-16,-4,-17,-4,-17,-4,-17,-5,-17,-6,-17,-7,-5,-2,0,0,0,0,0,0,0,0,0,0,0,0,0,0,0,0,0,0,-3,1,-13,6,-14,5,-16,5,-17,4,-17,3,-18,3,-17,4,-16,4,-15,5,-13,7,-12,9,-10,11,-9,14,-8,16,-7,18,-7,20,-6,22,-6,23,-6,23,-6,23,-6,23,-7,21,-7,19,-8,16,-9,13,-10,10]"
CSI_DATA,42418,d8:b1:90:db:e8:90,-41,11,1,7,0,0,1,0,1,0,1,-94,0,4,0,664324316,0,100,0,128,1,"[100,-64,5,0,-6,8,-11,7,-14,6,-18,5,-20,4,-22,3,-23,3,-24,2,-24,1,-23,1,-22,2,-20,2,-18,3,-16,4,-13,5,-11,7,-9,9,-7,11,-7,13,-6,14,-6,15,-6,16,-6,16,-8,16,-9,15,-3,3,0,0,0,0,0,0,0,0,0,0,0,0,0,0,0,0,0,0,1,3,5,13,4,14,3,16,2,17,2,18,2,18,2,17,2,16,4,15,5,14,8,12,11,11,13,10,16,9,19,8,20,8,22,8,23,8,24,8,23,8,22,9,21,9,18,9,15,10,12,10,8,10]"
CSI_DATA,42419,d8:b1:90:db:e8:90,-40,11,1,7,0,0,1,0,1,0,1,-94,0,4,0,664336329,0,100,0,128,1,"[100,-64,5,0,-9,2,-12,-1,-14,-4,-16,-7,-18,-9,-19,-11,-19,-13,-20,-14,-19,-14,-19,-14,-18,-13,-17,-11,-16,-9,-15,-7,-14,-4,-13,-1,-13,1,-13,4,-13,6,-13,7,-14,8,-15,8,-16,8,-16,7,-16,6,-4,1,0,0,0,0,0,0,0,0,0,0,0,0,0,0,0,0,0,0,-1,3,-3,13,-4,14,-6,15,-7,15,-8,15,-8,15,-8,15,-7,15,-5,14,-3,14,0,14,3,15,6,15,8,15,11,16,12,17,14,17,15,18,15,18,15,18,14,18,13,18,11,17,8,15,5,13,2,12]"
CSI_DATA,42420,d8:b1:90:db:e8:90,-40,11,1,7,0,0,1,0,1,0,1,-94,0,4,0,664348085,0,100,0,128,1,"[100,-64,5,0,-9,-7,-7,-12,-6,-16,-4,-20,-3,-23,-2,-25,-1,-27,0,-27,1,-27,1,-27,1,-25,0,-24,-1,-21,-3,-18,-5,-16,-7,-13,-10,-11,-12,-9,-15,-8,-16,-8,-18,-8,-18,-9,-18,-10,-18,-11,-16,-12,-4,-3,0,0,0,0,0,0,0,0,0,0,0,0,0,0,0,0,0,0,-4,1,-16,6,-17,5,-19,4,-20,4,-21,3,-21,3,-20,3,-19,4,-18,6,-16,7,-15,9,-13,12,-12,16,-11,19,-10,21,-9,24,-9,26,-9,27,-9,27,-9,27,-9,26,-10,24,-10,21,-11,18,-11,13,-11,10]"
CSI_DATA,42421,d8:b1:90:db:e8:90,-41,11,1,7,0,0,1,0,1,0,1,-94,0,4,0,664362173,0,100,0,128,1,"[100,-64,5,0,2,10,-2,13,-6,16,-9,18,-12,20,-15,21,-16,22,-18,22,-18,22,-18,21,-16,20,-14,19,-12,17,-9,15,-5,14,-2,14,2,14,5,14,8,14,10,15,11,16,11,16,11,17,9,18,7,19,1,4,0,0,0,0,0,0,0,0,0,0,0,0,0,0,0,0,0,0,3,1,16,4,17,6,17,8,17,10,18,10,17,10,17,10,17,8,17,6,17,4,17,0,17,-3,18,-7,19,-10,20,-13,21,-15,22,-17,23,-18,24,-18,24,-18,23,-17,22,-16,21,-13,19,-10,17,-6,15,-3]"
CSI_DATA,42422,d8:b1:90:db:e8:90,-40,11,1,7,0,0,1,0,1,0,1,-94,0,4,0,664376522,0,100,0,128,1,"[100,-64,5,0,5,-7,9,-6,12,-5,16,-4,18,-2,20,-1,22,0,23,1,23,1,22,1,21,1,19,0,18,-1,16,-2,14,-4,13,-6,12,-8,11,-10,10,-11,10,-12,10,-13,10,-14,11,-13,12,-12,13,-11,3,-3,0,0,0,0,0,0,0,0,0,0,0,0,0,0,0,0,0,0,-3,-3,-9,-11,-9,-12,-9,-14,-9,-15,-8,-16,-8,-16,-8,-16,-9,-15,-9,-15,-11,-13,-12,-12,-14,-11,-16,-9,-18,-8,-20,-7,-22,-7,-23,-7,-24,-6,-24,-6,-24,-7,-23,-7,-21,-7,-19,-8,-16,-9,-12,-9,-9,-9]"
CSI_DATA,42423,d8:b1:90:db:e8:90,-40,11,1,7,0,0,1,0,1,0,1,-94,0,4,0,664386883,0,100,0,128,1,"[100,-64,5,0,7,-5,11,-3,15,0,18,2,20,4,22,6,23,8,24,9,23,10,23,9,21,8,20,7,18,6,17,4,15,1,14,-2,13,-5,13,-8,13,-10,13,-11,14,-12,14,-12,15,-12,16,-11,16,-9,4,-3,0,0,0,0,0,0,0,0,0,0,0,0,0,0,0,0,0,0,-2,-4,-5,-15,-4,-17,-3,-19,-2,-20,-1,-20,-1,-20,-1,-20,-2,-19,-4,-19,-6,-17,-8,-16,-10,-15,-13,-15,-16,-15,-19,-15,-21,-15,-22,-15,-23,-15,-24,-15,-23,-15,-22,-15,-20,-15,-17,-15,-14,-14,-10,-13,-7,-12]"
CSI_DATA,42424,d8:b1:90:db:e8:90,-41,11,1,7,0,0,1,0,1,0,1,-94,0,4,0,664413153,0,100,0,128,1,"[100,-64,5,0,8,-4,11,-1,13,3,15,6,17,8,18,10,18,11,18,12,18,13,17,13,16,12,15,10,14,8,13,6,12,3,11,0,11,-3,11,-5,11,-8,12,-9,12,-10,13,-10,14,-10,15,-9,15,-8,3,-2,0,0,0,0,0,0,0,0,0,0,0,0,0,0,0,0,0,0,0,-4,2,-13,3,-14,5,-15,6,-16,7,-16,7,-16,7,-15,6,-15,4,-15,2,-14,-1,-14,-3,-14,-6,-15,-9,-15,-11,-16,-13,-17,-14,-18,-15,-18,-16,-18,-16,-19,-15,-19,-13,-18,-11,-17,-9,-16,-6,-14,-3,-13]"
CSI_DATA,42425,d8:b1:90:db:e8:90,-41,11,1,7,0,0,1,0,1,0,1,-94,0,4,0,664426660,0,100,0,128,1,"[100,-64,5,0,5,-6,9,-5,13,-3,16,-1,18,0,20,1,21,2,21,3,22,4,21,4,20,3,18,3,16,1,15,0,13,-2,12,-4,11,-7,10,-9,9,-11,9,-12,9,-13,10,-13,11,-13,12,-12,12,-11,3,-3,0,0,0,0,0,0,0,0,0,0,0,0,0,0,0,0,0,0,-2,-3,-7,-11,-7,-13,-6,-15,-6,-16,-5,-17,-5,-17,-5,-17,-5,-16,-6,-15,-8,-14,-9,-13,-11,-11,-14,-10,-16,-9,-18,-8,-20,-8,-21,-8,-22,-8,-23,-8,-22,-8,-22,-8,-20,-9,-18,-9,-15,-9,-11,-9,-8,-9]"
CSI_DATA,42426,d8:b1:90:db:e8:90,-40,11,1,7,0,0,1,0,1,0,1,-94,0,4,0,664436776,0,100,0,128,1,"[100,-64,5,0,8,0,10,4,12,7,12,10,13,13,13,16,13,18,13,19,13,19,12,18,12,17,11,16,11,14,11,11,11,8,12,6,12,3,13,1,14,-1,15,-2,16,-2,17,-2,17,-2,17,0,17,1,4,0,0,0,0,0,0,0,0,0,0,0,0,0,0,0,0,0,0,0,0,-4,4,-13,6,-14,8,-14,9,-15,10,-15,10,-15,10,-15,9,-15,7,-15,5,-15,3,-16,1,-17,-1,-18,-4,-19,-6,-20,-7,-21,-8,-22,-9,-23,-9,-23,-9,-23,-8,-23,-7,-22,-5,-20,-3,-18,-1,-15,1,-13]"
CSI_DATA,42427,d8:b1:90:db:e8:90,-40,11,1,7,0,0,1,0,1,0,1,-94,0,4,0,664450029,0,100,0,128,1,"[100,-64,5,0,9,-2,12,3,15,7,17,12,18,15,19,18,20,20,20,21,19,21,18,21,17,19,16,17,15,15,15,12,15,8,15,4,16,1,17,-2,18,-4,19,-6,20,-7,20,-6,21,-6,22,-4,22,-3,5,-1,0,0,0,0,0,0,0,0,0,0,0,0,0,0,0,0,0,0,0,-5,2,-18,3,-19,5,-21,7,-21,8,-22,9,-22,8,-21,7,-21,5,-20,2,-20,-1,-20,-4,-20,-7,-21,-11,-21,-14,-22,-16,-23,-18,-24,-19,-25,-19,-25,-19,-25,-18,-25,-16,-24,-13,-23,-10,-21,-6,-18,-3,-15]"
CSI_DATA,42428,d8:b1:90:db:e8:90,-41,11,1,7,0,0,1,0,1,0,1,-94,0,4,0,664460587,0,100,0,128,1,"[100,-64,5,0,-9,-8,-8,-13,-6,-18,-4,-22,-2,-25,-1,-27,0,-29,1,-29,1,-29,2,-28,1,-27,0,-24,-1,-22,-3,-19,-6,-16,-8,-13,-11,-10,-13,-9,-16,-8,-18,-7,-20,-8,-20,-8,-21,-9,-20,-10,-19,-12,-5,-3,0,0,0,0,0,0,0,0,0,0,0,0,0,0,0,0,0,0,-4,1,-17,5,-19,4,-21,2,-22,1,-23,1,-23,0,-22,1,-21,2,-20,3,-18,5,-16,8,-14,11,-13,15,-12,18,-11,21,-11,24,-10,26,-10,27,-10,28,-10,28,-10,27,-11,25,-11,23,-12,19,-12,14,-13,11]"
CSI_DATA,42429,d8:b1:90:db:e8:90,-41,11,1,7,0,0,1,0,1,0,1,-94,0,4,0,664477872,0,100,0,128,1,"[100,-64,5,0,-10,3,-13,0,-15,-4,-17,-7,-19,-9,-20,-11,-20,-12,-20,-13,-20,-13,-19,-13,-18,-12,-17,-10,-15,-8,-13,-5,-12,-2,-11,1,-10,4,-10,7,-10,9,-10,11,-10,12,-11,13,-12,13,-13,13,-13,12,-4,2,0,0,0,0,0,0,0,0,0,0,0,0,0,0,0,0,0,0,-2,2,-8,11,-10,11,-12,11,-13,11,-13,11,-14,11,-13,11,-11,11,-9,11,-7,11,-4,11,-1,12,2,14,5,15,7,16,9,17,11,18,12,19,13,20,13,20,12,19,11,19,9,18,7,16,4,14,1,12]"
CSI_DATA,42430,d8:b1:90:db:e8:90,-41,11,1,7,0,0,1,0,1,0,1,-94,0,4,0,664517854,0,100,0,128,1,"[100,-64,5,0,7,5,6,9,5,13,4,16,2,18,1,20,1,21,0,22,0,22,0,21,0,20,0,18,1,15,2,12,4,10,6,8,8,5,10,4,12,3,14,2,15,2,16,2,17,3,16,4,15,5,3,1,0,0,0,0,0,0,0,0,0,0,0,0,0,0,0,0,0,0,3,-1,13,-4,14,-3,15,-2,16,-1,16,-1,16,0,16,0,15,-1,14,-2,12,-4,11,-7,9,-9,8,-12,7,-15,6,-17,5,-19,5,-21,5,-23,5,-23,6,-23,6,-22,6,-21,7,-19,7,-16,7,-13,8,-10]"
CSI_DATA,42431,d8:b1:90:db:e8:90,-41,11,1,7,0,0,1,0,1,0,1,-94,0,4,0,664528758,0,100,0,128,1,"[100,-64,5,0,-12,-3,-13,-8,-13,-12,-13,-16,-13,-19,-13,-21,-12,-23,-12,-24,-12,-24,-11,-23,-11,-21,-11,-19,-11,-16,-11,-13,-11,-10,-12,-7,-13,-4,-14,-1,-16,1,-17,2,-18,3,-19,3,-20,2,-20,1,-19,0,-5,-1,0,0,0,0,0,0,0,0,0,0,0,0,0,0,0,0,0,0,-4,2,-14,8,-16,7,-18,6,-19,6,-19,5,-19,5,-19,6,-18,6,-16,7,-14,9,-12,10,-10,13,-8,15,-6,18,-4,20,-3,22,-2,24,-2,26,-2,26,-2,26,-2,26,-3,24,-4,22,-6,19,-7,15,-8,12]"
CSI_DATA,42432,d8:b1:90:db:e8:90,-41,11,1,7,0,0,1,0,1,0,1,-94,0,4,0,664539498,0,100,0,128,1,"[100,-64,5,0,-10,-7,-8,-11,-7,-15,-6,-19,-4,-21,-3,-24,-2,-25,-2,-25,-1,-25,-1,-24,-1,-23,-2,-21,-3,-18,-5,-15,-6,-12,-8,-10,-11,-7,-13,-5,-15,-4,-16,-3,-18,-3,-19,-4,-19,-4,-19,-5,-18,-6,-5,-2,0,0,0,0,0,0,0,0,0,0,0,0,0,0,0,0,0,0,-4,0,-16,1,-17,0,-18,-1,-19,-2,-19,-3,-19,-3,-19,-3,-18,-2,-17,0,-16,2,-14,5,-13,8,-12,11,-12,14,-11,16,-11,19,-11,21,-11,23,-11,23,-11,23,-11,22,-11,21,-11,18,-12,15,-12,12,-12,9]"
CSI_DATA,42433,d8:b1:90:db:e8:90,-40,11,1,7,0,0,1,0,1,0,1,-94,0,4,0,664552089,0,100,0,128,1,"[100,-64,5,0,-6,8,-11,7,-16,6,-21,5,-24,4,-27,4,-28,2,-29,1,-29,0,-28,0,-26,1,-24,2,-21,3,-17,4,-14,6,-11,9,-8,11,-6,13,-4,16,-3,18,-3,19,-4,20,-5,20,-6,20,-8,20,-2,4,0,0,0,0,0,0,0,0,0,0,0,0,0,0,0,0,0,0,1,3,7,15,6,17,4,19,3,21,3,21,3,21,3,20,3,19,5,17,7,15,9,13,12,10,15,8,19,6,22,5,25,4,27,3,28,3,29,3,29,3,28,3,27,4,24,5,20,6,16,7,12,8]"
CSI_DATA,42434,d8:b1:90:db:e8:90,-40,11,1,7,0,0,1,0,1,0,1,-94,0,4,0,664563605,0,100,0,128,1,"[100,-64,5,0,-10,-5,-10,-10,-9,-14,-8,-18,-7,-22,-6,-24,-5,-26,-5,-27,-4,-26,-4,-26,-4,-24,-5,-22,-6,-20,-7,-17,-8,-14,-10,-12,-12,-10,-14,-8,-16,-7,-17,-6,-18,-6,-19,-6,-19,-7,-19,-8,-18,-9,-5,-3,0,0,0,0,0,0,0,0,0,0,0,0,0,0,0,0,0,0,-3,2,-13,9,-14,9,-16,9,-18,8,-19,8,-19,8,-19,8,-18,9,-16,9,-14,11,-13,12,-11,15,-9,17,-7,19,-5,22,-5,24,-4,25,-3,27,-3,27,-3,27,-4,26,-5,24,-6,22,-7,19,-8,15,-9,12]"
CSI_DATA,42435,d8:b1:90:db:e8:90,-41,11,1,7,0,0,1,0,1,0,1,-94,0,4,0,664576516,0,100,0,128,1,"[100,-64,5,0,3,-9,8,-9,12,-9,15,-8,18,-8,20,-7,22,-6,22,-6,22,-5,21,-5,20,-5,18,-5,15,-6,13,-6,10,-7,8,-9,5,-11,3,-13,2,-15,0,-16,0,-17,0,-18,1,-18,2,-18,3,-18,1,-5,0,0,0,0,0,0,0,0,0,0,0,0,0,0,0,0,0,0,-2,-3,-6,-13,-5,-14,-5,-16,-4,-18,-3,-18,-3,-18,-3,-17,-4,-16,-5,-15,-7,-13,-9,-11,-11,-10,-14,-8,-16,-7,-19,-6,-21,-6,-22,-5,-24,-5,-24,-4,-24,-4,-24,-5,-22,-6,-20,-6,-17,-7,-14,-8,-11,-9]"
CSI_DATA,42436,d8:b1:90:db:e8:90,-41,11,1,7,0,0,1,0,1,0,1,-94,0,4,0,664587234,0,100,0,128,1,"[100,-64,5,0,-1,-10,3,-12,6,-13,9,-14,12,-15,14,-15,16,-15,17,-15,17,-14,16,-14,15,-14,13,-13,12,-13,9,-12,7,-13,4,-13,1,-13,-1,-14,-3,-15,-4,-16,-4,-16,-4,-17,-4,-17,-2,-17,-1,-17,-1,-5,0,0,0,0,0,0,0,0,0,0,0,0,0,0,0,0,0,0,-4,-2,-13,-6,-13,-8,-13,-10,-13,-11,-13,-12,-13,-12,-13,-12,-13,-11,-13,-9,-14,-7,-15,-5,-16,-3,-17,-1,-18,1,-19,3,-21,5,-22,6,-22,7,-23,7,-23,7,-22,6,-21,5,-20,4,-18,1,-15,-1,-13,-3]"
CSI_DATA,42437,d8:b1:90:db:e8:90,-41,11,1,7,0,0,1,0,1,0,1,-94,0,4,0,664598823,0,100,0,128,1,"[100,-64,5,0,-11,-7,-10,-12,-9,-17,-7,-21,-6,-24,-5,-26,-4,-28,-3,-28,-3,-28,-2,-27,-3,-25,-4,-23,-5,-20,-6,-17,-8,-13,-10,-11,-12,-8,-15,-6,-17,-4,-19,-3,-20,-3,-21,-3,-21,-4,-21,-5,-20,-6,-5,-2,0,0,0,0,0,0,0,0,0,0,0,0,0,0,0,0,0,0,-5,0,-17,2,-19,1,-21,0,-22,-2,-22,-2,-22,-3,-21,-2,-20,-1,-19,1,-17,3,-16,6,-14,9,-13,13,-12,16,-12,19,-11,22,-11,25,-11,26,-11,27,-11,27,-11,26,-11,24,-12,22,-12,18,-13,14,-13,10]"
CSI_DATA,42438,d8:b1:90:db:e8:90,-41,11,1,7,0,0,1,0,1,0,1,-94,0,4,0,664621734,0,100,0,128,1,"[100,-64,5,0,7,6,6,11,4,15,3,18,1,21,0,23,-1,24,-2,25,-2,24,-3,23,-2,22,-2,20,0,18,1,16,4,13,6,11,8,9,11,8,13,7,15,7,16,7,16,8,16,8,15,9,14,10,3,2,0,0,0,0,0,0,0,0,0,0,0,0,0,0,0,0,0,0,3,-2,14,-5,15,-4,17,-3,18,-2,19,-2,19,-1,18,-1,17,-2,16,-4,15,-6,13,-8,12,-10,11,-13,10,-16,10,-19,9,-22,9,-24,9,-25,9,-25,9,-25,10,-24,10,-23,10,-20,11,-17,11,-13,11,-10]"
CSI_DATA,42439,d8:b1:90:db:e8:90,-41,11,1,7,0,0,1,0,1,0,1,-94,0,4,0,664632512,0,100,0,128,1,"[100,-64,5,0,-9,1,-11,-2,-13,-6,-15,-9,-16,-11,-16,-14,-17,-15,-17,-16,-16,-16,-16,-16,-15,-15,-14,-13,-13,-11,-13,-8,-12,-5,-12,-2,-12,0,-12,3,-13,5,-14,6,-15,7,-15,7,-16,7,-16,5,-17,4,-5,1,0,0,0,0,0,0,0,0,0,0,0,0,0,0,0,0,0,0,-2,3,-5,12,-7,12,-9,13,-10,13,-10,13,-11,13,-11,13,-10,13,-8,12,-6,12,-3,13,0,13,3,14,5,15,8,16,9,17,11,18,12,19,12,19,12,19,11,19,9,19,8,18,5,16,3,14,0,12]"
CSI_DATA,42440,d8:b1:90:db:e8:90,-40,11,1,7,0,0,1,0,1,0,1,-94,0,4,0,664656376,0,100,0,128,1,"[100,-64,5,0,-12,-3,-13,-9,-13,-14,-14,-19,-13,-23,-13,-26,-12,-28,-12,-29,-11,-29,-11,-28,-10,-26,-11,-24,-11,-21,-12,-17,-12,-14,-14,-10,-16,-7,-18,-4,-19,-3,-21,-2,-22,-1,-23,-2,-23,-2,-23,-4,-22,-5,-6,-2,0,0,0,0,0,0,0,0,0,0,0,0,0,0,0,0,0,0,-3,3,-12,13,-15,14,-17,14,-19,13,-20,13,-20,13,-20,13,-18,13,-16,14,-13,15,-11,16,-8,18,-4,21,-2,23,0,25,2,27,3,29,4,30,5,31,4,31,3,30,2,29,0,26,-2,23,-4,19,-6,15]"
CSI_DATA,42441,d8:b1:90:db:e8:90,-40,11,1,7,0,0,1,0,1,0,1,-94,0,4,0,664671517,0,100,0,128,1,"[100,-64,5,0,-10,4,-14,1,-17,-2,-19,-5,-21,-8,-22,-10,-23,-12,-23,-13,-23,-13,-23,-13,-22,-12,-21,-10,-19,-8,-18,-6,-17,-3,-16,0,-15,3,-15,6,-16,8,-16,9,-16,10,-16,10,-17,10,-18,8,-18,7,-5,1,0,0,0,0,0,0,0,0,0,0,0,0,0,0,0,0,0,0,-1,3,-1,15,-3,16,-4,18,-6,19,-7,19,-7,19,-7,18,-6,18,-4,18,-2,18,1,18,4,17,7,17,10,18,13,18,14,19,16,20,17,20,18,20,17,21,16,20,15,20,13,19,10,18,6,16,3,15]"
CSI_DATA,42442,d8:b1:90:db:e8:90,-41,11,1,7,0,0,1,0,1,0,1,-94,0,4,0,664681615,0,100,0,128,1,"[100,-64,5,0,-8,7,-13,4,-17,2,-20,0,-22,-1,-24,-3,-26,-4,-26,-5,-26,-6,-25,-5,-24,-5,-21,-3,-19,-2,-16,0,-14,3,-11,6,-10,8,-8,11,-7,13,-7,15,-7,16,-7,17,-8,17,-9,17,-10,16,-3,4,0,0,0,0,0,0,0,0,0,0,0,0,0,0,0,0,0,0,-1,3,-2,15,-3,16,-5,18,-7,19,-7,19,-7,18,-7,17,-6,17,-4,16,-1,15,2,14,6,14,9,13,12,13,15,14,18,14,20,14,22,14,23,14,23,14,22,15,20,15,18,14,14,14,10,13,7,12]"
CSI_DATA,42443,d8:b1:90:db:e8:90,-40,11,1,7,0,0,1,0,1,0,1,-94,0,4,0,664696746,0,100,0,128,1,"[100,-64,5,0,0,8,-4,11,-8,13,-12,15,-16,16,-18,16,-20,16,-22,16,-22,16,-21,15,-20,15,-19,14,-16,14,-13,13,-10,13,-7,14,-4,15,-2,15,0,17,1,18,2,19,2,20,1,20,-1,19,-3,19,-1,4,0,0,0,0,0,0,0,0,0,0,0,0,0,0,0,0,0,0,3,0,16,0,17,2,18,4,19,5,20,6,20,6,19,6,19,5,18,4,18,2,18,-1,18,-4,19,-7,19,-10,20,-12,21,-14,21,-16,22,-17,22,-17,23,-17,22,-16,21,-14,20,-12,18,-8,16,-5,14,-2]"
