CSI_DATA,132931,d8:b1:90:d9:de:f0,-64,11,-99,-41,67,56,1966877793,100,0,114,0,"[-30,-19,-31,-22,-33,-24,-34,-25,-34,-27,-33,-26,-31,-25,-29,-23,-26,-21,-25,-20,-25,-19,-23,-18,-23,-15,-23,-14,-22,-14,-23,-14,-23,-13,-23,-13,-23,-12,-23,-10,-23,-10,-22,-9,-22,-8,-21,-8,-20,-7,-19,-7,-19,-6,-20,-6,0,0,-20,-5,-21,-5,-22,-5,-23,-4,-25,-4,-25,-4,-26,-4,-28,-4,-28,-4,-28,-3,-28,-3,-27,-3,-27,-3,-27,-2,-26,-1,-26,-2,-25,0,-27,1,-27,1,-29,0,-30,1,-32,1,-32,0,-34,-1,-37,0,-34,-2,-29,-3,-27,-3]"
CSI_DATA,132932,d8:b1:90:d9:de:f0,-65,11,-99,-34,66,56,1966887784,100,0,114,0,"[0,-34,2,-37,4,-39,5,-40,7,-39,8,-37,7,-36,8,-34,7,-32,6,-30,6,-26,7,-27,8,-25,6,-24,6,-25,4,-25,5,-22,6,-25,5,-24,5,-23,4,-22,2,-23,3,-22,3,-21,3,-19,3,-19,3,-19,2,-19,0,0,2,-18,1,-20,2,-20,3,-20,2,-21,1,-24,2,-25,4,-25,2,-26,3,-26,3,-27,3,-27,2,-25,2,-24,4,-23,5,-24,4,-25,3,-24,4,-25,5,-27,4,-29,4,-31,5,-32,7,-33,9,-30,10,-29,11,-29,11,-24]"
CSI_DATA,132933,d8:b1:90:d9:de:f0,-65,11,-99,-34,66,56,1966897990,100,0,114,0,"[-31,-14,-33,-17,-34,-18,-34,-18,-35,-18,-34,-18,-31,-18,-31,-16,-29,-13,-27,-12,-25,-10,-25,-9,-25,-10,-24,-7,-24,-6,-23,-5,-22,-4,-24,-4,-24,-3,-23,-3,-23,-2,-22,-1,-20,0,-20,0,-20,0,-19,0,-18,1,-18,1,0,0,-17,3,-19,5,-19,4,-22,5,-22,6,-23,7,-23,9,-24,9,-24,12,-24,12,-24,13,-23,13,-22,13,-21,13,-20,15,-21,15,-21,16,-21,18,-21,20,-22,21,-23,21,-22,23,-22,24,-24,26,-25,27,-24,24,-23,22,-21,19]"
CSI_DATA,132934,d8:b1:90:d9:de:f0,-65,11,-99,-34,66,56,1966918526,100,0,114,0,"[23,23,24,26,23,29,22,30,21,30,19,31,16,31,15,29,14,28,12,27,10,25,9,25,8,23,8,22,8,23,7,22,6,22,6,21,6,21,6,21,5,21,5,20,5,19,4,17,4,19,3,19,3,18,3,18,0,0,2,17,3,19,3,20,3,21,4,23,4,24,4,25,3,27,4,27,3,27,2,27,2,29,3,28,3,27,3,26,1,26,2,27,1,27,2,28,1,30,1,30,0,33,0,35,0,35,-1,34,-3,33,-5,33,-8,29]"
CSI_DATA,132943,d8:b1:90:d9:de:f0,-63,11,-99,-40,66,56,1967052585,100,0,114,0,"[27,-12,30,-13,32,-12,33,-11,34,-13,33,-12,33,-10,32,-10,30,-12,28,-11,27,-10,28,-11,27,-11,27,-11,27,-12,27,-13,27,-15,28,-15,27,-16,28,-17,27,-18,27,-19,26,-20,24,-21,25,-23,24,-23,23,-21,23,-23,0,0,20,-24,19,-26,18,-27,19,-30,17,-30,18,-33,17,-33,16,-34,15,-33,16,-34,13,-33,12,-33,12,-32,9,-31,9,-30,9,-28,6,-30,5,-28,5,-30,4,-30,5,-31,3,-32,4,-33,4,-31,5,-30,5,-27,4,-27,5,-23]"
CSI_DATA,132946,d8:b1:90:d9:de:f0,-64,11,-99,-36,66,56,1967110417,100,0,114,0,"[-24,-24,-25,-27,-26,-30,-25,-32,-25,-31,-23,-32,-21,-32,-18,-30,-19,-28,-16,-27,-16,-25,-16,-26,-15,-26,-16,-25,-15,-26,-16,-25,-17,-26,-17,-26,-18,-26,-17,-25,-17,-25,-18,-24,-17,-23,-17,-21,-16,-21,-16,-21,-16,-19,-15,-18,0,0,-18,-19,-17,-19,-16,-20,-19,-20,-19,-20,-18,-21,-19,-20,-19,-21,-20,-20,-19,-20,-17,-19,-17,-19,-17,-19,-15,-18,-15,-16,-15,-16,-15,-17,-14,-14,-14,-16,-15,-16,-16,-16,-16,-18,-15,-19,-15,-20,-14,-18,-13,-18,-9,-19,-9,-17]"
CSI_DATA,132947,d8:b1:90:d9:de:f0,-64,11,-99,-36,66,56,1967127691,100,0,114,0,"[-12,31,-14,34,-17,36,-19,36,-18,36,-19,34,-20,32,-19,30,-17,28,-18,27,-15,26,-16,25,-15,25,-15,25,-14,26,-14,25,-14,26,-15,26,-14,27,-14,26,-12,26,-11,26,-11,25,-10,24,-10,24,-9,23,-7,23,-7,22,0,0,-8,21,-6,23,-7,23,-7,24,-6,25,-6,25,-6,26,-6,27,-7,27,-6,27,-5,25,-5,25,-4,25,-5,23,-4,21,-5,21,-5,21,-5,22,-5,22,-5,23,-5,23,-6,25,-6,26,-5,25,-8,23,-9,23,-9,22,-8,18]"
CSI_DATA,132948,d8:b1:90:d9:de:f0,-65,11,-99,-39,67,56,1967137719,100,0,114,0,"[13,30,12,34,11,37,10,39,8,39,6,38,5,36,3,35,3,33,1,30,1,30,0,28,0,29,0,29,0,29,-1,29,-1,29,-1,28,-1,29,-2,27,-1,27,-1,27,-1,25,-1,25,-1,24,-2,23,-3,23,-2,23,0,0,-1,23,-2,24,-2,25,-2,25,-3,27,-3,27,-4,28,-4,27,-5,27,-5,27,-5,26,-6,26,-6,26,-6,24,-6,23,-7,22,-7,22,-8,22,-7,22,-10,23,-9,24,-12,25,-12,26,-15,26,-15,23,-17,22,-17,19,-16,16]"
CSI_DATA,132949,d8:b1:90:d9:de:f0,-64,11,-99,-40,67,56,1967157931,100,0,114,0,"[9,-32,10,-36,13,-36,14,-36,16,-38,16,-36,17,-33,17,-30,16,-29,16,-26,14,-25,15,-25,14,-25,14,-25,13,-24,13,-24,13,-23,14,-25,13,-25,13,-24,13,-25,12,-25,11,-23,10,-22,10,-21,10,-22,9,-22,9,-20,0,0,9,-21,8,-24,8,-24,9,-25,7,-25,9,-27,9,-27,9,-28,9,-27,10,-28,9,-28,9,-27,8,-26,8,-25,8,-26,8,-24,8,-24,8,-24,8,-24,10,-26,11,-26,10,-27,12,-29,13,-29,14,-26,14,-25,14,-25,14,-21]"
CSI_DATA,132950,d8:b1:90:d9:de:f0,-64,11,-99,-41,67,56,1967177826,100,0,114,0,"[-30,-11,-33,-12,-36,-13,-36,-14,-37,-15,-34,-16,-33,-15,-32,-14,-31,-12,-29,-12,-27,-11,-27,-10,-27,-9,-27,-9,-27,-9,-27,-7,-27,-7,-27,-6,-27,-6,-28,-4,-28,-3,-27,-3,-26,-3,-25,-1,-26,0,-25,0,-24,1,-26,2,0,0,-24,4,-24,5,-25,6,-26,7,-28,7,-28,7,-27,9,-28,9,-28,11,-28,12,-28,12,-27,12,-26,12,-24,12,-23,13,-24,12,-24,13,-23,15,-23,15,-25,16,-25,18,-26,19,-26,18,-26,19,-26,19,-25,15,-23,13,-22,12]"
CSI_DATA,132951,d8:b1:90:d9:de:f0,-63,11,-99,-39,66,56,1967197758,100,0,114,0,"[1,-34,3,-39,5,-40,7,-40,8,-41,10,-39,12,-38,12,-35,11,-33,12,-31,11,-28,12,-28,12,-28,12,-26,12,-28,12,-28,11,-26,12,-29,12,-28,12,-28,12,-29,12,-29,12,-26,10,-26,11,-25,10,-25,10,-24,11,-24,0,0,8,-26,8,-25,8,-26,11,-30,11,-30,12,-31,11,-32,12,-31,12,-31,13,-31,13,-30,12,-29,12,-29,12,-26,12,-26,11,-25,13,-25,13,-25,13,-25,14,-25,15,-26,16,-28,16,-28,20,-29,20,-25,21,-23,21,-22,19,-17]"
CSI_DATA,132952,d8:b1:90:d9:de:f0,-64,11,-99,-39,66,56,1967207815,100,0,114,0,"[34,-2,37,-1,40,-1,41,1,40,0,40,1,37,2,37,1,33,0,32,1,30,-1,30,-1,30,-2,29,-2,29,-2,28,-3,29,-5,29,-5,30,-6,29,-7,29,-8,26,-11,26,-11,25,-11,25,-12,23,-13,24,-13,23,-14,0,0,22,-15,20,-17,21,-19,23,-21,23,-23,22,-23,22,-24,22,-24,21,-24,21,-26,19,-26,19,-25,16,-24,15,-25,14,-24,14,-25,13,-24,13,-25,12,-25,13,-28,14,-29,12,-29,13,-30,13,-32,15,-31,15,-30,13,-26,13,-23]"
CSI_DATA,132953,d8:b1:90:d9:de:f0,-63,11,-99,-39,66,56,1967227776,100,0,114,0,"[-31,-16,-32,-20,-32,-21,-32,-24,-31,-25,-30,-26,-26,-28,-25,-26,-23,-23,-22,-23,-21,-22,-21,-22,-20,-22,-20,-22,-20,-22,-20,-22,-21,-23,-22,-22,-22,-23,-22,-22,-23,-23,-23,-23,-22,-23,-22,-21,-22,-21,-21,-21,-21,-20,-22,-17,0,0,-22,-19,-21,-19,-21,-19,-22,-21,-24,-22,-23,-23,-24,-23,-25,-24,-24,-23,-24,-23,-24,-23,-22,-23,-21,-22,-20,-21,-20,-20,-19,-21,-19,-20,-19,-20,-20,-22,-17,-22,-20,-23,-19,-25,-16,-26,-16,-28,-17,-26,-14,-26,-10,-26,-7,-23]"
CSI_DATA,132954,d8:b1:90:d9:de:f0,-63,11,-99,-40,66,56,1967237940,100,0,114,0,"[-33,-6,-35,-9,-36,-10,-39,-10,-39,-10,-39,-9,-36,-10,-34,-9,-34,-5,-32,-5,-30,-5,-30,-4,-30,-4,-30,-2,-30,-2,-30,-1,-31,1,-32,1,-32,2,-32,4,-31,5,-31,8,-30,8,-28,9,-30,9,-27,9,-26,10,-25,11,0,0,-25,13,-24,13,-24,16,-26,19,-26,19,-27,20,-26,21,-26,21,-24,23,-25,23,-24,23,-23,21,-21,21,-20,21,-20,23,-19,21,-18,23,-17,23,-17,23,-18,25,-19,26,-18,26,-19,27,-20,26,-23,25,-20,24,-19,21,-18,19]"
CSI_DATA,132955,d8:b1:90:d9:de:f0,-63,11,-99,-40,66,56,1967257823,100,0,114,0,"[-5,-35,-3,-39,-1,-42,0,-43,2,-43,3,-42,4,-40,5,-38,5,-35,5,-34,5,-31,6,-31,5,-31,4,-30,4,-30,5,-31,4,-32,5,-32,5,-32,4,-31,4,-33,4,-32,4,-32,4,-31,4,-30,3,-30,3,-28,3,-28,0,0,3,-27,3,-28,3,-30,3,-31,4,-32,5,-33,4,-32,5,-34,5,-33,6,-32,6,-32,6,-31,5,-28,6,-28,5,-25,6,-28,6,-27,8,-28,9,-27,9,-28,11,-30,11,-30,12,-32,13,-31,15,-28,16,-26,17,-24,17,-20]"
CSI_DATA,132956,d8:b1:90:d9:de:f0,-64,11,-99,-34,65,56,1967281549,100,0,114,0,"[-31,16,-35,16,-39,16,-41,15,-39,11,-40,10,-38,9,-37,9,-33,8,-32,6,-31,6,-29,5,-29,6,-29,6,-28,5,-29,5,-30,7,-30,6,-30,6,-29,6,-28,6,-28,6,-26,5,-26,6,-26,6,-23,5,-22,5,-23,6,0,0,-26,7,-23,6,-27,7,-26,7,-27,7,-29,7,-28,6,-30,5,-31,6,-30,7,-30,7,-29,6,-27,6,-28,5,-27,5,-27,5,-26,4,-27,5,-28,4,-30,4,-31,4,-31,3,-31,2,-33,1,-34,0,-33,-1,-28,-3,-27,-3]"
CSI_DATA,132957,d8:b1:90:d9:de:f0,-64,11,-99,-36,66,56,1967297470,100,0,114,0,"[31,-5,37,-5,39,-4,39,-4,39,-3,38,-5,34,-3,33,-4,31,-5,31,-5,28,-4,27,-5,28,-7,26,-8,24,-8,25,-9,25,-9,26,-9,25,-10,25,-11,23,-12,22,-12,22,-13,20,-13,19,-15,18,-14,17,-13,17,-15,0,0,18,-17,16,-18,16,-19,17,-20,16,-21,15,-23,15,-22,16,-24,15,-25,16,-26,14,-26,12,-26,11,-26,9,-25,9,-25,8,-24,7,-25,6,-26,6,-27,6,-28,6,-29,6,-30,4,-31,6,-33,6,-32,5,-31,5,-29,5,-26]"
CSI_DATA,132958,d8:b1:90:d9:de:f0,-64,11,-99,-41,67,56,1967307965,100,0,114,0,"[18,28,19,31,18,32,16,34,18,36,15,36,13,33,12,33,11,30,10,28,10,26,9,27,10,26,9,25,9,26,9,24,9,25,10,25,11,24,10,24,9,24,11,24,9,23,10,22,10,22,10,22,11,20,12,20,0,0,12,21,13,21,13,22,15,23,16,25,16,26,19,26,18,26,19,25,18,25,20,25,19,25,19,24,18,23,19,22,18,21,18,22,19,21,20,22,20,23,20,24,21,24,22,26,22,28,21,26,19,26,16,25,13,24]"
CSI_DATA,132959,d8:b1:90:d9:de:f0,-64,11,-99,-34,65,56,1967327669,100,0,114,0,"[-13,-31,-13,-33,-14,-34,-13,-34,-13,-38,-11,-35,-10,-35,-10,-31,-10,-29,-9,-27,-9,-25,-10,-26,-10,-23,-11,-23,-11,-23,-11,-23,-13,-22,-14,-25,-14,-23,-16,-22,-16,-22,-16,-22,-16,-19,-17,-19,-18,-18,-18,-19,-18,-17,-19,-15,0,0,-22,-14,-23,-15,-23,-13,-29,-14,-29,-14,-30,-14,-32,-11,-32,-11,-33,-9,-33,-8,-33,-8,-32,-7,-32,-5,-30,-4,-31,-2,-29,-2,-30,0,-29,1,-30,1,-31,2,-32,3,-33,3,-35,3,-38,3,-35,4,-33,4,-31,2,-28,1]"
CSI_DATA,132960,d8:b1:90:d9:de:f0,-63,11,-99,-41,66,56,1967337665,100,0,114,0,"[27,20,29,21,29,22,30,26,29,26,29,26,26,26,26,24,23,22,22,21,21,20,21,20,21,19,22,19,21,19,21,17,23,19,22,17,24,17,23,16,27,19,26,17,24,16,26,14,26,15,24,14,27,13,28,11,0,0,27,9,28,9,30,10,32,9,34,9,34,9,35,8,36,8,38,5,36,5,36,4,35,3,33,3,33,2,32,1,32,1,30,0,32,0,32,0,34,-1,36,-1,35,-1,36,-1,38,-1,36,0,36,0,32,2,29,2]"
CSI_DATA,132961,d8:b1:90:d9:de:f0,-63,9,-99,-40,66,56,1967357002,83,0,106,0,"[-136,0,9,17,120,0,-48,16,107,0,-58,16,98,0,-25,16,75,0,18,17,35,0,56,17,6,0,60,17,-12,17,42,17,-11,17,43,17,1,0,65,17,18,0,131,17,-8,17,-73,17,-66,17,-5,17,0,0,0,0,66,17,9,0,1,17,-27,17,-18,16,-81,17,4,17,-91,17,45,17,-58,17,58,17,1,0,46,17,36,0,26,17,43,0,-3,16,4,0,-3,16,-72,17,61,17,-147,17,-114,17,115,17,30,0]"
CSI_DATA,132962,d8:b1:90:d9:de:f0,-63,11,-99,-41,66,56,1967367914,100,0,114,0,"[30,10,34,11,35,15,35,16,35,17,33,19,32,19,30,16,28,15,27,15,26,15,26,14,26,11,27,13,27,13,26,13,29,10,29,13,30,11,32,10,32,8,32,9,32,8,29,7,30,5,28,5,30,3,30,2,0,0,33,1,32,1,30,0,34,0,34,-1,35,0,36,-1,38,-1,39,-3,39,-4,36,-4,34,-4,34,-4,32,-4,30,-5,32,-4,30,-5,29,-7,30,-7,30,-7,33,-7,33,-7,34,-7,35,-5,35,-4,33,-3,30,-2,26,-1]"
CSI_DATA,132963,d8:b1:90:d9:de:f0,-63,11,-99,-40,66,56,1967378490,100,0,114,0,"[26,-21,28,-23,31,-21,32,-20,35,-20,34,-18,34,-15,33,-13,31,-13,32,-11,28,-10,30,-10,28,-9,30,-9,28,-6,28,-8,30,-9,33,-10,32,-9,33,-10,32,-8,31,-9,32,-8,30,-8,32,-6,28,-6,28,-6,27,-6,0,0,28,-8,30,-9,28,-8,35,-9,33,-6,35,-8,34,-6,35,-6,34,-6,36,-5,35,-5,33,-4,31,-3,30,-3,32,-3,31,-2,31,-2,31,-2,32,-2,31,-1,33,0,33,1,33,3,34,5,34,6,31,9,30,9,24,8]"
CSI_DATA,132964,d8:b1:90:d9:de:f0,-64,11,-99,-38,66,56,1967400826,100,0,114,0,"[-8,-31,-8,-33,-8,-37,-6,-37,-8,-38,-7,-37,-6,-35,-6,-33,-7,-32,-5,-31,-5,-29,-6,-28,-6,-28,-7,-29,-7,-28,-7,-28,-9,-28,-8,-29,-9,-28,-9,-27,-11,-28,-11,-27,-10,-26,-11,-26,-11,-25,-11,-23,-13,-22,-15,-22,0,0,-14,-21,-15,-22,-17,-21,-17,-23,-19,-23,-19,-23,-20,-25,-19,-26,-21,-25,-21,-23,-20,-25,-20,-25,-18,-22,-18,-21,-19,-20,-19,-19,-19,-19,-18,-18,-20,-19,-19,-19,-21,-20,-21,-20,-21,-23,-22,-26,-20,-25,-18,-23,-16,-23,-14,-22]"
CSI_DATA,132965,d8:b1:90:d9:de:f0,-64,11,-99,-33,65,56,1967417769,100,0,114,0,"[27,19,30,22,31,23,32,24,31,23,31,22,29,22,27,20,27,18,25,15,25,15,25,15,25,12,26,13,25,12,25,11,27,8,27,9,28,8,27,7,26,7,25,5,25,3,25,3,25,3,24,1,25,2,26,0,0,0,25,-3,26,-2,27,-5,29,-6,28,-6,28,-6,29,-8,30,-8,31,-9,30,-10,28,-11,28,-9,26,-11,26,-11,24,-11,24,-12,24,-14,24,-14,24,-15,25,-16,27,-18,28,-19,28,-20,28,-20,30,-20,28,-20,25,-16,24,-12]"
CSI_DATA,132966,d8:b1:90:d9:de:f0,-63,11,-99,-39,66,56,1967428227,100,0,114,0,"[1,-34,2,-38,5,-40,6,-40,5,-40,6,-39,7,-35,7,-34,6,-32,7,-31,6,-28,6,-29,6,-29,6,-29,6,-28,6,-28,5,-28,6,-29,5,-28,6,-28,4,-26,4,-26,4,-25,3,-25,4,-25,3,-25,4,-24,4,-23,0,0,3,-25,2,-26,2,-28,3,-29,1,-30,2,-32,1,-32,2,-33,1,-32,3,-33,2,-32,2,-32,3,-31,1,-30,1,-29,2,-30,2,-30,1,-31,1,-31,2,-32,1,-33,1,-35,2,-38,3,-39,5,-35,6,-34,7,-34,8,-30]"
CSI_DATA,132967,d8:b1:90:d9:de:f0,-64,11,-99,-34,65,56,1967447762,100,0,114,0,"[26,-17,29,-18,32,-19,33,-19,34,-20,32,-18,31,-17,29,-17,26,-16,25,-16,22,-15,22,-16,21,-15,19,-15,19,-16,19,-17,18,-15,19,-16,18,-16,18,-16,18,-18,17,-19,15,-19,15,-19,15,-19,14,-19,13,-19,13,-21,0,0,13,-22,9,-25,8,-25,10,-27,8,-29,8,-30,6,-31,7,-32,5,-33,5,-33,4,-33,3,-33,2,-33,0,-31,0,-31,-1,-29,-2,-31,-3,-30,-5,-31,-5,-32,-6,-34,-7,-35,-10,-37,-9,-40,-7,-39,-7,-38,-6,-37,-5,-32]"
CSI_DATA,132968,d8:b1:90:d9:de:f0,-63,11,-99,-34,64,56,1967471652,100,0,114,0,"[29,-15,34,-14,35,-13,37,-12,37,-9,36,-8,36,-4,34,-3,30,-2,29,0,28,0,26,2,26,1,25,3,25,3,25,4,25,4,26,4,26,4,25,4,28,7,28,7,26,7,26,7,26,8,26,9,25,8,26,7,0,0,29,8,29,8,29,7,31,9,34,9,35,9,36,11,36,12,37,11,37,11,37,11,36,12,35,12,35,11,34,11,34,12,33,12,35,12,35,13,36,14,37,15,37,17,37,18,40,22,39,23,36,25,31,23,26,22]"
CSI_DATA,132969,d8:b1:90:d9:de:f0,-63,11,-99,-39,65,56,1967487694,100,0,114,0,"[13,-27,16,-28,18,-30,20,-31,20,-30,20,-31,20,-27,20,-26,18,-25,17,-22,16,-22,16,-22,15,-22,13,-22,13,-22,13,-23,13,-25,12,-25,12,-26,11,-26,12,-28,11,-28,10,-28,8,-30,10,-30,6,-30,5,-30,5,-28,0,0,3,-30,1,-31,0,-33,-1,-36,-2,-39,-1,-39,-5,-40,-3,-41,-6,-40,-7,-40,-10,-39,-10,-39,-10,-36,-12,-36,-12,-32,-13,-35,-15,-33,-15,-33,-16,-33,-18,-35,-18,-35,-21,-37,-22,-37,-22,-39,-20,-39,-20,-36,-17,-35,-15,-31]"
CSI_DATA,132970,d8:b1:90:d9:de:f0,-62,11,-99,-40,65,56,1967498148,100,0,114,0,"[-7,31,-11,32,-14,34,-16,33,-16,33,-18,32,-18,29,-18,27,-18,25,-18,23,-16,22,-16,22,-16,22,-16,22,-16,22,-16,20,-18,23,-18,23,-19,24,-19,23,-19,25,-19,27,-19,25,-18,27,-19,28,-18,28,-18,27,-16,27,0,0,-16,28,-16,29,-16,32,-18,34,-19,37,-19,37,-19,38,-20,40,-20,40,-20,38,-18,38,-18,38,-16,37,-15,36,-15,34,-15,34,-15,36,-15,34,-15,36,-16,38,-18,38,-18,40,-18,42,-19,42,-22,41,-23,37,-23,34,-20,29]"
CSI_DATA,132971,d8:b1:90:d9:de:f0,-62,11,-99,-40,65,56,1967517731,100,0,114,0,"[-31,6,-33,6,-34,6,-36,3,-34,3,-33,3,-32,2,-31,2,-29,3,-29,2,-27,2,-27,3,-27,5,-27,5,-25,6,-25,6,-29,7,-29,9,-29,10,-29,11,-31,14,-31,14,-29,15,-28,16,-31,19,-28,19,-27,20,-28,22,0,0,-28,24,-23,25,-24,27,-25,31,-25,33,-25,34,-24,36,-25,38,-23,38,-23,40,-20,38,-18,38,-15,37,-14,37,-12,36,-11,34,-9,36,-9,36,-9,37,-7,40,-7,41,-6,44,-6,44,-7,45,-7,42,-7,41,-7,38,-7,33]"
CSI_DATA,132972,d8:b1:90:d9:de:f0,-62,11,-99,-41,65,56,1967527961,100,0,114,0,"[0,30,1,33,-1,34,-2,36,-4,38,-4,36,-6,36,-5,33,-6,30,-6,29,-5,28,-6,28,-5,28,-5,29,-5,29,-5,30,-4,33,-4,34,-4,34,-4,34,-2,37,-4,38,-4,37,0,36,-1,37,0,37,0,36,1,36,0,0,2,36,2,38,4,40,5,42,5,44,5,46,6,46,6,48,8,45,8,45,9,44,9,42,9,41,9,38,10,37,9,37,10,36,12,36,12,36,10,38,12,40,13,42,13,44,12,44,10,41,9,40,6,38,4,34]"
CSI_DATA,132973,d8:b1:90:d9:de:f0,-62,11,-99,-40,65,56,1967537968,100,0,114,0,"[27,14,27,16,27,19,27,20,29,23,27,23,25,24,23,23,22,22,19,22,18,20,16,22,18,22,16,22,18,23,16,24,20,24,22,27,22,27,22,27,24,28,24,28,23,28,23,27,23,28,22,29,22,29,23,28,0,0,23,27,23,29,25,29,28,32,27,33,29,34,28,34,28,36,29,33,28,34,28,34,24,33,24,32,22,31,23,29,22,28,22,28,23,27,23,28,24,32,24,32,23,33,20,36,19,37,18,37,16,34,12,34,9,29]"
CSI_DATA,132974,d8:b1:90:d9:de:f0,-62,11,-99,-40,65,56,1967557656,100,0,114,0,"[-2,-31,0,-32,2,-34,2,-34,2,-36,2,-34,3,-33,3,-32,2,-29,2,-29,2,-28,2,-29,1,-28,1,-31,1,-31,1,-32,-1,-34,-1,-34,-1,-36,-2,-36,-5,-40,-6,-38,-7,-38,-7,-38,-7,-37,-9,-37,-9,-36,-10,-34,0,0,-11,-34,-12,-37,-14,-37,-16,-40,-19,-41,-19,-40,-22,-40,-20,-41,-22,-38,-22,-38,-22,-37,-22,-37,-22,-34,-22,-32,-20,-31,-20,-29,-22,-28,-22,-27,-23,-27,-23,-28,-23,-28,-24,-31,-24,-32,-24,-32,-22,-29,-20,-29,-18,-28,-14,-25]"
CSI_DATA,132975,d8:b1:90:d9:de:f0,-62,11,-99,-41,65,56,1967571461,100,0,114,0,"[18,26,17,30,16,34,14,36,13,37,12,37,9,34,8,36,6,33,5,33,5,32,4,33,4,32,4,33,4,33,2,33,4,38,2,37,2,38,2,40,4,41,4,41,2,40,4,40,1,40,2,40,1,38,1,37,0,0,1,37,1,38,1,40,0,42,0,44,0,44,0,45,0,46,-2,45,-2,44,-2,42,-2,40,-4,37,-4,36,-2,33,-5,34,-5,32,-5,33,-5,33,-6,33,-6,34,-8,36,-9,36,-10,36,-13,32,-14,30,-14,28,-13,22]"
CSI_DATA,132976,d8:b1:90:d9:de:f0,-62,11,-99,-39,65,56,1967587656,100,0,114,0,"[-18,-27,-18,-30,-18,-31,-17,-31,-18,-33,-17,-33,-16,-33,-16,-31,-16,-31,-16,-30,-16,-27,-16,-30,-16,-28,-17,-28,-18,-30,-18,-30,-21,-30,-23,-31,-23,-31,-25,-30,-26,-30,-27,-30,-26,-30,-27,-27,-28,-27,-27,-26,-27,-25,-27,-21,0,0,-30,-21,-28,-21,-30,-21,-35,-20,-35,-20,-35,-21,-37,-20,-36,-20,-36,-17,-36,-16,-36,-16,-35,-16,-32,-13,-30,-12,-30,-11,-28,-10,-28,-8,-28,-6,-30,-7,-30,-7,-31,-7,-30,-7,-32,-10,-32,-8,-31,-8,-27,-7,-25,-10,-22,-8]"
CSI_DATA,132977,d8:b1:90:d9:de:f0,-62,11,-99,-38,65,56,1967597762,100,0,114,0,"[30,-11,31,-9,34,-9,34,-8,37,-7,36,-6,35,-4,34,-4,33,-4,31,-3,31,-3,31,-2,33,-2,33,-3,33,-2,34,-2,35,-4,37,-3,39,-3,39,-4,37,-4,39,-4,36,-6,36,-6,39,-7,35,-4,36,-6,36,-7,0,0,36,-9,35,-7,35,-7,39,-9,37,-8,39,-9,39,-9,40,-9,39,-9,40,-11,37,-8,35,-7,33,-8,31,-7,31,-7,30,-7,29,-7,30,-8,29,-8,31,-7,33,-7,31,-6,31,-6,33,-3,33,-3,30,-1,28,0,24,1]"
CSI_DATA,132978,d8:b1:90:d9:de:f0,-62,11,-99,-39,65,56,1967617648,100,0,114,0,"[6,33,3,36,2,39,2,40,2,40,2,40,1,37,0,36,2,36,1,35,1,32,3,33,3,35,3,35,5,35,5,36,6,36,7,39,10,39,8,37,12,40,15,40,13,39,15,37,15,36,15,36,16,35,17,33,0,0,18,30,20,32,21,32,22,32,23,31,25,32,25,32,25,32,25,30,25,28,25,27,25,27,23,23,25,23,23,21,22,20,22,18,22,18,22,17,23,18,25,18,23,20,25,21,25,21,23,20,21,20,18,18,17,17]"
CSI_DATA,132979,d8:b1:90:d9:de:f0,-63,11,-99,-41,66,56,1967627834,100,0,114,0,"[32,2,33,4,35,4,35,7,38,8,36,9,34,10,33,10,32,10,32,10,29,10,29,10,30,11,30,10,30,11,32,11,34,10,34,11,35,13,35,10,36,13,38,13,35,11,35,11,34,10,34,9,33,9,33,9,0,0,35,7,34,9,35,9,38,8,36,9,38,10,38,9,38,9,36,8,35,8,34,8,33,7,32,7,29,7,29,7,28,7,27,5,27,5,28,5,28,7,29,7,27,9,28,9,28,10,27,10,26,10,22,11,19,11]"
CSI_DATA,132980,d8:b1:90:d9:de:f0,-63,11,-99,-36,65,56,1967637881,100,0,114,0,"[-17,-25,-17,-28,-16,-32,-13,-33,-15,-36,-11,-34,-10,-35,-8,-33,-6,-33,-4,-32,-4,-31,-3,-31,-2,-32,-3,-33,-2,-33,-2,-33,-2,-33,-1,-35,-1,-36,-1,-36,-1,-39,0,-38,1,-38,0,-35,1,-35,0,-35,1,-33,2,-32,0,0,2,-34,2,-34,3,-35,2,-36,3,-38,4,-38,6,-38,5,-36,6,-35,6,-34,8,-34,8,-33,8,-32,8,-28,6,-27,8,-26,8,-26,9,-25,9,-25,12,-25,11,-25,13,-26,13,-26,16,-25,16,-21,16,-19,17,-19,16,-15]"
CSI_DATA,132981,d8:b1:90:d9:de:f0,-63,9,-99,-41,66,56,1967655822,108,0,106,0,"[92,17,-128,0,112,17,-24,0,131,17,40,1,150,17,46,1,-147,17,35,1,-146,17,23,1,-146,17,14,1,149,17,3,1,141,17,-38,0,-152,17,-85,0,-135,17,125,0,-76,17,43,0,4,0,-16,17,0,0,0,0,-130,0,-54,17,-49,0,-54,17,-5,0,-36,17,11,1,-26,17,-3,0,-10,17,-27,0,-27,17,-60,0,-38,17,-74,0,-20,17,-87,0,-1,17,-101,0,47,0,-139,0,102,0,91,0,-143,0,-4,17]"
CSI_DATA,132982,d8:b1:90:d9:de:f0,-63,11,-99,-41,66,56,1967667699,100,0,114,0,"[-17,-26,-16,-29,-15,-32,-14,-34,-14,-35,-11,-36,-9,-34,-7,-33,-7,-33,-5,-33,-4,-30,-4,-29,-3,-33,-3,-32,-3,-32,-3,-33,-3,-34,-2,-35,-2,-36,-3,-35,-2,-38,-2,-38,-1,-36,-2,-36,-1,-35,-1,-34,-1,-34,0,-33,0,0,-1,-32,0,-33,0,-34,0,-35,1,-38,1,-38,2,-36,2,-38,3,-35,3,-35,4,-34,4,-32,4,-30,4,-28,4,-27,7,-27,5,-26,7,-26,5,-26,9,-26,8,-26,9,-27,10,-27,13,-27,14,-23,14,-22,15,-20,14,-16]"
CSI_DATA,132983,d8:b1:90:d9:de:f0,-63,11,-99,-41,66,56,1967677933,100,0,114,0,"[-5,-30,-4,-33,-2,-36,-3,-38,-3,-39,-3,-39,-2,-35,-1,-35,-2,-33,-2,-34,-2,-32,-1,-32,-2,-32,-3,-33,-3,-34,-4,-33,-5,-35,-7,-35,-7,-38,-7,-35,-10,-38,-10,-36,-10,-35,-11,-34,-10,-33,-11,-33,-11,-32,-13,-32,0,0,-14,-30,-14,-30,-16,-32,-17,-30,-20,-33,-20,-32,-20,-32,-21,-32,-20,-29,-19,-29,-19,-28,-20,-28,-19,-27,-19,-24,-17,-22,-17,-22,-16,-21,-17,-21,-17,-20,-17,-21,-20,-21,-19,-23,-20,-23,-19,-23,-17,-22,-15,-21,-13,-21,-13,-20]"
CSI_DATA,132984,d8:b1:90:d9:de:f0,-63,11,-99,-36,65,56,1967688422,100,0,114,0,"[-13,-27,-15,-31,-12,-34,-12,-35,-11,-36,-10,-38,-8,-35,-5,-35,-5,-33,-4,-33,-3,-30,-2,-31,-3,-31,-1,-31,-2,-33,-2,-32,-2,-34,-2,-35,-3,-35,-3,-35,-2,-36,-3,-36,-2,-35,-3,-34,-1,-34,-2,-33,-2,-32,-1,-32,0,0,-1,-31,-1,-32,-2,-33,-2,-33,-1,-35,-1,-35,-1,-35,0,-35,0,-34,1,-34,1,-32,1,-32,1,-30,1,-30,2,-27,2,-26,2,-25,3,-24,2,-25,4,-26,5,-26,5,-27,6,-27,8,-27,9,-24,10,-23,10,-21,10,-19]"
CSI_DATA,132985,d8:b1:90:d9:de:f0,-63,11,-99,-39,66,56,1967708741,100,0,114,0,"[23,-21,26,-22,29,-23,31,-22,31,-22,32,-21,31,-19,30,-16,29,-17,29,-15,28,-15,28,-14,28,-14,26,-14,28,-15,28,-15,30,-17,32,-17,31,-19,31,-19,31,-20,29,-20,30,-19,29,-19,28,-17,26,-19,26,-17,25,-17,0,0,25,-20,25,-19,25,-20,26,-22,26,-21,26,-22,26,-22,28,-22,28,-21,28,-21,25,-20,24,-20,23,-19,21,-17,21,-16,21,-16,20,-16,20,-16,20,-16,21,-15,22,-15,22,-16,22,-14,23,-14,24,-13,23,-11,21,-11,21,-7]"
CSI_DATA,132986,d8:b1:90:d9:de:f0,-63,11,-99,-40,66,56,1967727934,100,0,114,0,"[28,-12,31,-11,33,-9,34,-8,38,-8,35,-6,36,-3,34,-2,32,-2,31,0,30,0,31,3,31,2,32,4,31,4,31,4,32,5,34,5,35,5,35,5,35,6,36,8,35,9,34,6,34,9,33,9,32,10,32,8,0,0,32,10,31,9,32,10,34,11,35,13,34,12,34,13,33,15,33,13,33,15,31,15,28,16,26,16,25,16,26,15,24,15,24,16,23,15,23,15,23,16,23,19,23,19,21,21,20,21,20,21,17,21,13,21,11,19]"
CSI_DATA,132987,d8:b1:90:d9:de:f0,-63,11,-99,-37,65,56,1967740717,277,0,106,0,"[20,17,21,0,-27,16,112,0,-51,16,-136,0,-23,16,-122,0,5,17,-122,0,30,17,-123,0,54,17,-117,0,68,17,-112,0,84,17,-124,0,99,17,143,0,148,17,80,0,-84,17,14,0,10,0,-35,17,0,0,0,0,-98,0,-32,17,-19,0,-16,17,32,1,17,0,46,1,39,0,24,1,45,0,-8,0,15,0,-48,0,-7,17,-61,0,-19,17,-73,0,0,0,-80,0,36,0,-111,0,86,0,110,0,150,0,27,0]"
CSI_DATA,132988,d8:b1:90:d9:de:f0,-64,11,-99,-38,66,56,1967757678,100,0,114,0,"[-7,-28,-7,-30,-5,-33,-3,-33,-3,-35,-2,-34,0,-33,2,-32,1,-31,3,-30,3,-29,4,-29,5,-28,5,-29,6,-28,6,-29,6,-30,8,-30,8,-30,9,-31,8,-32,9,-33,9,-30,8,-31,9,-29,9,-28,10,-28,10,-27,0,0,9,-27,10,-28,11,-30,11,-30,13,-31,15,-31,15,-31,16,-31,16,-30,17,-29,16,-28,16,-28,15,-26,15,-25,16,-23,15,-22,16,-21,15,-21,16,-21,18,-20,19,-20,20,-21,21,-20,21,-19,22,-16,22,-14,22,-13,19,-10]"
CSI_DATA,132989,d8:b1:90:d9:de:f0,-64,11,-99,-41,67,56,1967767660,100,0,114,0,"[-19,-21,-20,-24,-20,-25,-20,-26,-20,-28,-20,-26,-19,-26,-18,-26,-18,-24,-16,-22,-15,-23,-14,-23,-16,-22,-15,-21,-18,-22,-18,-23,-19,-23,-19,-23,-20,-23,-21,-21,-23,-22,-22,-23,-22,-21,-22,-20,-22,-18,-22,-19,-21,-16,-23,-15,0,0,-24,-15,-24,-15,-25,-15,-26,-15,-28,-16,-28,-16,-29,-15,-30,-15,-30,-13,-30,-13,-29,-12,-28,-12,-27,-11,-26,-10,-24,-9,-25,-9,-25,-7,-25,-7,-26,-7,-26,-8,-27,-8,-26,-9,-26,-10,-28,-9,-27,-9,-25,-9,-22,-10,-20,-9]"
CSI_DATA,132990,d8:b1:90:d9:de:f0,-64,11,-99,-36,66,56,1967778641,100,0,114,0,"[-11,24,-14,26,-17,26,-19,26,-20,26,-20,25,-22,22,-22,20,-21,19,-21,17,-20,16,-21,15,-22,15,-22,14,-23,15,-23,14,-24,14,-25,15,-26,14,-26,14,-26,13,-27,13,-26,12,-25,12,-27,12,-25,10,-25,11,-25,10,0,0,-25,9,-26,11,-26,10,-28,11,-28,10,-29,9,-29,9,-31,8,-31,8,-31,7,-30,5,-28,5,-27,4,-26,3,-27,4,-25,3,-25,2,-26,2,-25,1,-27,0,-27,-1,-27,-1,-28,-3,-28,-5,-28,-6,-26,-8,-23,-8,-20,-9]"
CSI_DATA,132991,d8:b1:90:d9:de:f0,-64,11,-99,-39,67,56,1967797631,100,0,114,0,"[-29,-1,-31,-2,-32,-2,-34,-4,-35,-5,-32,-6,-31,-7,-30,-6,-29,-6,-28,-6,-26,-6,-26,-6,-27,-6,-26,-6,-25,-6,-26,-6,-27,-5,-28,-5,-28,-5,-29,-4,-28,-4,-29,-3,-27,-4,-27,-3,-27,-2,-26,-2,-25,-1,-25,0,0,0,-27,0,-26,1,-26,1,-29,2,-28,2,-31,1,-30,3,-31,3,-31,3,-31,4,-30,4,-29,4,-28,3,-26,4,-27,3,-25,3,-24,4,-25,6,-25,4,-26,5,-28,5,-27,5,-28,4,-29,4,-30,3,-27,1,-25,0,-21,0]"
CSI_DATA,132992,d8:b1:90:d9:de:f0,-64,11,-99,-35,66,56,1967808261,100,0,114,0,"[26,-13,28,-14,32,-15,32,-15,32,-15,32,-15,31,-14,30,-13,26,-13,26,-12,23,-14,23,-15,26,-15,24,-15,23,-15,24,-17,23,-19,23,-18,22,-20,21,-19,20,-22,19,-21,19,-22,16,-23,16,-21,13,-22,13,-23,13,-21,0,0,9,-24,9,-25,9,-27,8,-27,6,-30,6,-30,6,-30,5,-30,5,-30,4,-30,2,-29,2,-30,0,-29,-1,-28,-2,-27,-2,-25,-3,-25,-3,-25,-5,-26,-5,-26,-5,-28,-6,-28,-7,-27,-7,-28,-6,-27,-6,-27,-5,-25,-5,-22]"
CSI_DATA,132993,d8:b1:90:d9:de:f0,-65,11,-99,-41,68,56,1967827805,100,0,114,0,"[3,26,2,29,0,32,0,32,0,32,0,31,-1,30,-3,29,0,27,-2,25,-1,24,-2,24,-1,24,-2,24,-1,24,-2,25,-1,26,-1,27,-1,27,-1,26,0,26,0,26,0,25,0,25,0,24,0,25,0,24,0,23,0,0,0,23,2,24,1,26,1,27,3,28,1,29,2,28,2,30,2,29,2,29,2,29,2,28,2,26,3,25,2,24,2,23,3,23,2,24,3,24,3,26,3,26,2,27,2,29,1,29,0,28,0,26,0,26,-1,22]"
CSI_DATA,132994,d8:b1:90:d9:de:f0,-65,11,-99,-41,68,56,1967837898,100,0,114,0,"[22,-14,25,-15,26,-14,27,-13,30,-12,29,-10,29,-7,27,-6,26,-7,25,-5,23,-4,23,-2,23,-3,24,-1,23,-1,23,-1,24,0,26,0,27,0,26,0,25,0,26,0,25,0,24,0,24,0,24,0,23,0,22,0,0,0,24,0,24,1,24,0,27,0,27,1,29,2,29,3,28,3,27,2,29,3,27,3,26,4,25,5,22,3,24,4,24,5,24,5,24,6,25,6,25,7,26,7,26,8,26,11,26,12,26,14,23,14,21,14,16,14]"
CSI_DATA,132995,d8:b1:90:d9:de:f0,-64,11,-99,-36,66,56,1967848056,100,0,114,0,"[-21,-19,-23,-21,-23,-23,-23,-24,-24,-26,-22,-25,-20,-25,-20,-23,-19,-21,-18,-21,-18,-19,-17,-20,-18,-20,-18,-19,-17,-18,-18,-19,-20,-18,-21,-19,-21,-20,-22,-19,-21,-18,-22,-18,-22,-17,-23,-15,-22,-15,-21,-14,-21,-12,-22,-12,0,0,-23,-11,-24,-11,-24,-10,-26,-10,-27,-11,-28,-11,-29,-9,-29,-10,-28,-9,-29,-8,-28,-7,-28,-8,-27,-5,-25,-5,-26,-5,-26,-5,-26,-3,-26,-3,-27,-3,-26,-3,-28,-3,-29,-3,-29,-4,-31,-4,-30,-4,-28,-4,-26,-6,-22,-6]"
CSI_DATA,132996,d8:b1:90:d9:de:f0,-65,11,-99,-38,67,56,1967867774,100,0,114,0,"[-16,-22,-17,-24,-17,-27,-15,-28,-15,-30,-12,-29,-11,-28,-9,-27,-8,-26,-6,-26,-6,-24,-5,-24,-5,-24,-4,-25,-4,-25,-4,-26,-4,-27,-3,-28,-2,-27,-4,-27,-3,-26,-2,-27,-3,-26,-2,-26,-2,-25,-2,-24,-1,-24,0,-24,0,0,-3,-24,-2,-27,-1,-26,-2,-26,-2,-28,-1,-30,-2,-30,-1,-31,0,-30,0,-30,0,-29,0,-30,0,-28,0,-27,0,-26,0,-25,0,-25,0,-24,0,-26,2,-27,2,-28,4,-30,5,-31,6,-29,7,-28,9,-26,10,-25,10,-21]"
CSI_DATA,132997,d8:b1:90:d9:de:f0,-64,11,-99,-39,67,56,1967882765,100,0,114,0,"[11,25,10,29,9,31,7,32,5,33,5,33,2,32,1,31,0,29,-1,29,-2,26,-3,26,-2,25,-2,25,-1,26,-2,26,-3,27,-4,27,-4,28,-4,27,-5,28,-6,28,-5,28,-5,26,-5,26,-4,25,-4,25,-5,25,0,0,-5,25,-4,25,-5,27,-6,28,-6,30,-7,31,-7,31,-7,30,-8,29,-7,29,-6,29,-7,30,-7,29,-6,28,-7,26,-8,25,-9,24,-9,25,-9,26,-11,25,-11,26,-12,28,-12,28,-14,28,-15,26,-15,25,-15,22,-16,20]"
CSI_DATA,132998,d8:b1:90:d9:de:f0,-64,11,-99,-39,67,56,1967897650,100,0,114,0,"[5,28,4,31,3,33,0,33,-1,35,-2,33,-3,31,-4,30,-5,28,-5,27,-7,25,-6,25,-7,26,-7,25,-7,25,-7,25,-7,25,-9,27,-9,27,-9,26,-9,27,-9,26,-8,26,-8,25,-9,26,-9,25,-8,24,-8,24,0,0,-8,24,-9,27,-9,27,-11,28,-10,29,-11,30,-11,29,-11,30,-10,28,-11,29,-11,29,-11,29,-10,28,-11,26,-11,25,-11,24,-10,25,-12,24,-11,25,-12,25,-13,26,-14,28,-15,28,-17,29,-18,26,-17,23,-19,24,-18,18]"
CSI_DATA,132999,d8:b1:90:d9:de:f0,-65,11,-99,-35,66,56,1967907661,100,0,114,0,"[-27,2,-29,2,-33,1,-33,1,-33,1,-33,0,-30,-1,-30,0,-28,1,-27,0,-25,1,-25,1,-26,1,-25,2,-26,3,-25,2,-26,4,-27,4,-27,4,-27,5,-27,7,-26,7,-25,8,-24,8,-25,10,-24,9,-23,10,-24,14,0,0,-24,13,-21,14,-22,16,-23,17,-23,19,-23,20,-23,22,-22,22,-22,22,-22,23,-22,23,-19,22,-18,22,-17,23,-16,22,-15,22,-14,22,-14,23,-14,24,-14,25,-13,26,-13,28,-14,28,-15,29,-16,28,-16,27,-14,25,-13,21]"
CSI_DATA,133000,d8:b1:90:d9:de:f0,-64,11,-99,-38,66,56,1967918098,100,0,114,0,"[8,28,8,31,6,34,6,35,5,34,3,34,3,33,2,31,2,30,0,29,0,28,0,27,-1,27,-1,27,-1,27,0,27,0,30,-1,30,-1,30,-1,28,1,30,0,30,1,28,1,30,0,28,1,28,1,27,1,26,0,0,3,27,2,28,3,29,3,30,4,32,4,33,5,33,5,34,4,33,5,33,5,33,5,32,4,30,5,30,5,28,5,28,4,27,5,28,6,28,5,29,5,30,5,32,5,33,3,34,1,32,1,31,-2,29,-2,27]"
CSI_DATA,133001,d8:b1:90:d9:de:f0,-64,11,-99,-41,67,56,1967937858,100,0,114,0,"[24,20,25,23,25,25,25,25,25,26,24,25,22,25,21,22,21,21,21,20,19,19,20,20,19,19,19,19,21,19,20,19,22,18,23,19,23,18,23,18,23,16,24,15,23,14,24,13,24,13,23,13,24,11,25,10,0,0,25,9,26,9,26,9,29,8,29,8,30,7,32,6,31,6,31,4,33,4,31,4,31,4,30,3,29,2,28,1,28,0,28,0,28,-2,28,-2,30,-3,32,-3,32,-3,34,-3,32,-2,33,-2,31,-2,29,0,26,1]"
CSI_DATA,133002,d8:b1:90:d9:de:f0,-64,11,-99,-37,66,56,1967957776,100,0,114,0,"[8,-28,11,-30,15,-33,16,-33,16,-30,19,-29,19,-27,19,-26,19,-25,19,-23,19,-22,18,-21,18,-20,19,-20,18,-20,19,-20,20,-20,20,-20,22,-20,21,-19,21,-20,21,-19,20,-19,20,-19,20,-18,20,-18,19,-18,20,-19,0,0,20,-18,20,-19,22,-19,23,-19,23,-20,24,-20,24,-20,25,-21,25,-20,25,-19,25,-18,24,-19,25,-19,24,-19,23,-16,24,-16,23,-14,24,-16,25,-15,27,-16,28,-16,29,-16,29,-15,31,-14,32,-12,31,-9,29,-8,27,-6]"
CSI_DATA,133003,d8:b1:90:d9:de:f0,-64,11,-99,-34,65,56,1967977837,100,0,114,0,"[13,-29,14,-31,17,-33,18,-33,19,-34,20,-32,20,-30,19,-28,18,-27,18,-26,17,-25,17,-25,17,-23,17,-22,16,-23,16,-23,17,-25,17,-26,16,-26,17,-26,15,-26,16,-26,15,-23,13,-25,14,-25,11,-23,11,-23,10,-22,0,0,10,-25,10,-23,10,-25,13,-28,10,-28,11,-29,11,-28,13,-30,13,-29,13,-29,11,-28,10,-27,10,-26,9,-26,9,-25,9,-26,9,-27,9,-27,9,-26,10,-26,10,-29,11,-30,13,-31,13,-30,15,-28,15,-26,15,-25,15,-20]"
CSI_DATA,133004,d8:b1:90:d9:de:f0,-64,11,-99,-40,67,56,1967988437,100,0,114,0,"[25,-15,28,-18,29,-18,30,-18,32,-20,30,-19,30,-17,28,-17,27,-18,26,-17,23,-16,23,-16,22,-16,21,-17,22,-17,20,-18,20,-20,21,-21,21,-21,18,-22,17,-21,18,-23,15,-23,13,-24,14,-22,13,-23,11,-22,11,-22,0,0,8,-24,8,-26,8,-26,7,-28,7,-28,7,-29,6,-30,5,-30,4,-29,4,-31,3,-29,2,-28,1,-26,0,-25,0,-26,-1,-25,-2,-26,-1,-25,-3,-26,-3,-27,-4,-28,-4,-30,-5,-30,-4,-30,-3,-29,-2,-28,-2,-27,0,-23]"
CSI_DATA,133005,d8:b1:90:d9:de:f0,-64,11,-99,-38,66,56,1968007764,100,0,114,0,"[-25,-20,-26,-22,-27,-26,-26,-27,-27,-30,-26,-28,-23,-29,-22,-27,-21,-26,-20,-25,-20,-23,-18,-23,-18,-22,-19,-21,-19,-22,-19,-23,-19,-23,-22,-25,-22,-22,-22,-22,-22,-22,-23,-22,-22,-20,-23,-18,-22,-18,-22,-17,-21,-17,-21,-14,0,0,-23,-16,-22,-16,-23,-16,-27,-16,-26,-16,-27,-17,-27,-16,-29,-17,-29,-16,-29,-15,-27,-16,-27,-16,-26,-15,-25,-14,-25,-13,-22,-14,-22,-11,-23,-11,-23,-11,-25,-11,-26,-13,-26,-15,-27,-16,-26,-16,-25,-16,-23,-16,-20,-17,-17,-16]"
CSI_DATA,133006,d8:b1:90:d9:de:f0,-64,11,-99,-37,66,56,1968027589,100,0,114,0,"[-13,28,-14,29,-16,32,-19,31,-18,33,-16,32,-18,31,-15,28,-14,27,-15,26,-12,26,-12,25,-11,26,-9,27,-9,27,-8,29,-7,29,-7,31,-5,30,-6,30,-5,31,-3,30,-3,30,0,29,0,30,3,29,3,28,5,27,0,0,4,27,8,27,9,27,10,29,12,29,11,29,13,30,13,30,15,28,15,28,16,26,16,26,16,24,16,22,18,20,18,19,16,20,18,18,18,18,19,19,19,19,21,20,22,21,23,20,22,20,20,19,19,20,16,16]"
CSI_DATA,133007,d8:b1:90:d9:de:f0,-63,11,-99,-39,66,56,1968037795,100,0,114,0,"[29,14,31,16,31,19,32,20,33,22,30,21,31,22,29,20,26,19,25,19,24,16,24,17,25,19,24,19,26,19,25,17,26,17,29,19,29,17,29,16,29,15,29,15,28,14,29,13,29,12,28,13,26,11,28,10,0,0,29,8,30,8,30,7,33,7,31,7,33,7,34,6,35,5,35,4,34,5,33,5,31,4,31,5,28,3,29,2,28,2,26,2,26,1,28,0,29,1,31,0,31,1,32,3,32,4,31,3,30,4,26,5,23,5]"
CSI_DATA,133008,d8:b1:90:d9:de:f0,-63,11,-99,-41,66,56,1968057905,100,0,114,0,"[-14,28,-16,30,-17,33,-20,33,-17,33,-19,33,-17,29,-16,29,-15,28,-15,27,-14,27,-13,26,-13,27,-11,28,-11,28,-11,28,-10,30,-10,30,-9,33,-8,32,-7,34,-5,33,-4,32,-3,32,-3,32,-2,32,-1,32,0,32,0,0,3,30,4,32,5,35,7,34,9,34,9,35,10,36,13,36,13,35,14,34,14,33,15,32,16,30,16,29,16,26,17,27,17,24,17,23,19,23,20,26,21,26,22,28,23,27,24,28,22,27,21,27,19,24,17,22]"
CSI_DATA,133009,d8:b1:90:d9:de:f0,-63,11,-99,-40,66,56,1968077760,100,0,114,0,"[-4,31,-6,33,-9,36,-12,38,-12,35,-13,34,-13,31,-15,31,-15,28,-15,27,-15,26,-13,24,-15,23,-15,24,-15,24,-16,24,-16,27,-17,25,-17,26,-17,25,-17,26,-17,26,-17,25,-17,25,-17,25,-16,26,-16,25,-16,24,0,0,-16,27,-17,27,-18,28,-17,28,-18,31,-19,31,-19,31,-19,32,-19,32,-19,31,-20,31,-18,31,-18,30,-18,30,-17,27,-17,26,-16,25,-16,26,-16,26,-19,26,-19,28,-20,30,-20,28,-21,28,-23,26,-24,26,-23,23,-23,20]"
CSI_DATA,133010,d8:b1:90:d9:de:f0,-64,11,-99,-37,66,56,1968097703,100,0,114,0,"[9,28,9,31,8,32,7,33,6,33,6,32,4,32,3,30,3,28,2,27,2,26,2,25,3,25,2,26,3,26,3,26,3,27,3,27,4,27,4,27,4,29,4,29,4,28,5,27,4,27,6,26,6,25,6,25,0,0,8,26,8,26,9,27,10,28,11,30,11,31,11,31,12,33,13,31,13,32,14,30,13,29,13,28,13,27,15,25,13,25,14,24,14,25,15,26,15,28,18,28,18,30,19,32,18,31,18,30,14,30,12,29,10,26]"
CSI_DATA,133011,d8:b1:90:d9:de:f0,-64,11,-99,-41,67,56,1968107845,100,0,114,0,"[10,28,9,31,7,34,6,36,4,36,3,34,2,33,0,31,0,30,-1,29,-1,26,-2,26,-4,26,-4,25,-4,26,-3,26,-3,26,-4,27,-4,27,-5,27,-5,28,-5,27,-5,26,-4,26,-6,25,-6,26,-5,24,-5,24,0,0,-5,25,-5,27,-6,27,-6,27,-7,30,-8,31,-8,31,-9,32,-9,31,-9,31,-9,31,-10,30,-9,29,-8,28,-9,27,-9,26,-9,27,-10,26,-9,27,-12,28,-12,30,-13,30,-15,31,-16,30,-18,28,-19,26,-19,25,-19,21]"
CSI_DATA,133012,d8:b1:90:d9:de:f0,-64,11,-99,-35,66,56,1968127886,100,0,114,0,"[-10,29,-11,31,-14,33,-16,32,-16,33,-17,32,-17,30,-18,28,-15,27,-16,26,-14,24,-13,22,-14,22,-13,22,-13,23,-13,22,-13,24,-14,24,-13,25,-13,24,-13,25,-12,25,-12,23,-10,23,-11,23,-11,23,-10,22,-10,22,0,0,-9,21,-8,23,-8,24,-9,25,-9,27,-10,27,-9,29,-9,28,-9,27,-10,28,-10,28,-8,27,-8,27,-9,25,-8,25,-8,25,-8,25,-8,26,-8,26,-9,27,-9,28,-9,29,-9,30,-12,29,-13,28,-14,26,-13,25,-13,21]"
CSI_DATA,133013,d8:b1:90:d9:de:f0,-64,11,-99,-35,66,56,1968137940,100,0,114,0,"[-23,20,-27,22,-30,21,-32,20,-31,18,-33,16,-31,13,-31,12,-29,11,-28,10,-25,9,-26,8,-27,8,-26,8,-26,7,-25,6,-27,8,-27,6,-28,6,-28,5,-26,6,-26,6,-26,5,-25,5,-25,5,-24,5,-23,4,-24,5,0,0,-25,5,-24,4,-26,4,-27,4,-28,4,-28,4,-28,4,-29,3,-30,3,-29,3,-28,3,-28,2,-27,2,-26,1,-25,0,-25,0,-24,0,-25,-1,-26,0,-27,-2,-28,-3,-28,-3,-28,-4,-30,-7,-30,-9,-28,-10,-24,-10,-22,-10]"
CSI_DATA,133014,d8:b1:90:d9:de:f0,-64,11,-99,-41,67,56,1968157859,100,0,114,0,"[1,31,-1,34,-3,37,-4,38,-4,39,-4,38,-6,36,-6,33,-5,31,-5,31,-5,29,-4,29,-5,28,-4,28,-5,28,-3,28,-4,30,-4,30,-3,30,-3,29,-2,30,0,30,-1,29,-1,28,-1,28,0,27,1,26,2,26,0,0,3,26,2,26,3,28,3,29,4,30,5,30,6,32,5,32,5,31,5,30,6,30,5,29,4,27,5,26,5,25,4,25,5,25,5,24,5,26,5,26,5,27,5,28,5,30,3,30,2,28,2,29,0,26,-2,23]"
CSI_DATA,133015,d8:b1:90:d9:de:f0,-64,11,-99,-38,66,56,1968177658,100,0,114,0,"[25,-18,28,-19,30,-19,31,-20,32,-21,31,-20,31,-19,29,-18,26,-19,26,-19,23,-17,22,-19,22,-17,21,-19,21,-19,20,-20,19,-22,20,-23,18,-23,18,-23,15,-26,14,-27,14,-25,13,-26,10,-26,9,-25,9,-26,8,-26,0,0,5,-28,5,-29,3,-29,3,-30,2,-30,1,-31,-1,-31,-1,-34,-2,-33,-2,-33,-2,-31,-2,-30,-4,-29,-5,-27,-4,-26,-5,-26,-6,-27,-7,-25,-8,-26,-8,-25,-8,-26,-9,-28,-11,-29,-10,-30,-8,-29,-7,-28,-7,-27,-5,-22]"
CSI_DATA,133016,d8:b1:90:d9:de:f0,-64,11,-99,-38,66,56,1968190476,100,0,114,0,"[18,25,19,28,20,30,19,31,19,33,18,32,18,32,15,30,17,28,16,27,16,26,15,26,16,25,15,23,17,25,17,25,18,23,19,23,19,23,19,22,20,22,21,21,21,19,21,19,22,20,21,18,22,17,21,16,0,0,25,15,25,15,25,14,27,15,29,14,29,16,30,15,32,15,32,14,31,13,30,13,29,11,28,10,26,9,26,9,26,9,26,8,26,7,27,7,27,7,29,6,29,8,30,9,31,11,31,10,29,10,25,11,21,10]"
CSI_DATA,133017,d8:b1:90:d9:de:f0,-63,11,-99,-35,65,56,1968207632,100,0,114,0,"[26,-19,30,-21,31,-22,32,-21,33,-23,33,-22,31,-21,30,-20,28,-21,26,-19,25,-17,23,-19,23,-20,22,-20,21,-22,20,-22,19,-23,20,-25,20,-26,17,-25,16,-28,15,-28,14,-26,12,-28,11,-28,10,-28,8,-28,7,-29,0,0,5,-28,3,-31,3,-32,1,-32,0,-33,1,-34,0,-34,0,-35,-2,-33,-1,-34,-4,-33,-5,-33,-5,-31,-5,-30,-6,-28,-6,-26,-7,-26,-6,-26,-8,-26,-8,-28,-10,-29,-11,-29,-13,-29,-12,-30,-11,-29,-10,-26,-8,-28,-7,-24]"
CSI_DATA,133018,d8:b1:90:d9:de:f0,-64,11,-99,-38,66,56,1968222504,100,0,114,0,"[-32,1,-34,0,-38,-1,-39,-1,-39,-1,-38,-1,-37,-1,-35,-1,-32,1,-32,1,-30,1,-29,2,-30,3,-29,4,-29,5,-29,5,-28,7,-30,7,-29,9,-29,10,-28,11,-26,13,-26,14,-25,15,-25,15,-22,16,-21,17,-21,17,0,0,-19,19,-19,21,-19,22,-19,22,-18,25,-19,26,-18,26,-18,27,-17,27,-16,28,-15,27,-13,26,-13,26,-10,26,-9,25,-9,25,-8,23,-7,25,-7,26,-8,26,-7,27,-7,29,-7,28,-7,30,-9,30,-8,28,-7,27,-7,22]"
CSI_DATA,133019,d8:b1:90:d9:de:f0,-64,11,-99,-41,67,56,1968237753,100,0,114,0,"[-30,4,-33,4,-36,3,-38,2,-37,2,-36,2,-34,1,-33,2,-31,2,-30,2,-29,2,-28,3,-27,5,-28,5,-28,5,-28,6,-28,7,-29,9,-29,9,-28,10,-27,11,-27,13,-25,12,-24,14,-24,13,-22,14,-22,15,-22,15,0,0,-20,18,-19,19,-20,19,-21,22,-19,22,-20,23,-20,24,-20,24,-20,25,-19,24,-16,23,-14,24,-15,22,-13,23,-13,22,-13,21,-12,23,-12,22,-12,23,-12,24,-13,24,-12,25,-11,26,-13,28,-14,27,-14,25,-13,23,-11,20]"
CSI_DATA,133020,d8:b1:90:d9:de:f0,-64,11,-99,-41,67,56,1968257732,100,0,114,0,"[11,-27,14,-29,16,-31,19,-31,20,-31,21,-29,21,-27,21,-26,20,-25,20,-24,20,-23,19,-22,20,-22,20,-22,19,-22,21,-22,20,-24,22,-22,21,-23,21,-23,21,-24,20,-23,19,-23,19,-22,19,-22,18,-21,18,-20,18,-20,0,0,16,-23,18,-23,19,-23,20,-24,19,-24,20,-25,20,-25,21,-24,21,-24,21,-23,21,-22,20,-20,19,-19,18,-19,18,-18,19,-16,18,-16,18,-16,18,-16,20,-16,21,-16,21,-18,21,-16,24,-15,25,-13,24,-12,23,-11,21,-8]"
CSI_DATA,133021,d8:b1:90:d9:de:f0,-64,11,-99,-38,66,56,1968267776,100,0,114,0,"[-29,-10,-30,-13,-32,-14,-33,-15,-34,-15,-33,-15,-33,-16,-30,-14,-30,-11,-30,-11,-28,-10,-28,-10,-30,-9,-29,-8,-29,-7,-30,-7,-30,-6,-32,-5,-31,-4,-32,-2,-31,-2,-31,0,-31,1,-30,2,-30,3,-28,4,-28,5,-28,6,0,0,-28,9,-28,9,-26,10,-29,13,-28,14,-28,15,-29,16,-28,16,-28,17,-28,18,-26,17,-23,16,-22,16,-20,16,-19,18,-19,16,-18,17,-18,17,-18,17,-19,19,-19,19,-18,19,-19,20,-20,20,-21,20,-19,19,-18,17,-16,14]"
CSI_DATA,133022,d8:b1:90:d9:de:f0,-63,11,-99,-41,66,56,1968298274,100,0,114,0,"[-32,-10,-35,-13,-36,-13,-38,-14,-38,-15,-38,-14,-36,-14,-34,-14,-33,-11,-32,-11,-30,-10,-30,-10,-32,-9,-30,-8,-32,-9,-32,-7,-33,-5,-34,-7,-35,-5,-35,-3,-35,-2,-35,-1,-33,0,-33,1,-34,2,-32,2,-32,4,-32,4,0,0,-32,9,-30,9,-30,10,-33,13,-33,14,-33,15,-32,16,-33,16,-33,17,-32,19,-30,19,-27,17,-26,17,-24,19,-23,19,-23,19,-21,20,-21,21,-21,20,-21,22,-22,22,-21,23,-21,23,-23,23,-23,23,-22,20,-20,19,-17,16]"
CSI_DATA,133023,d8:b1:90:d9:de:f0,-63,11,-99,-39,66,56,1968309915,100,0,114,0,"[30,-6,33,-4,35,-3,37,-1,37,-1,35,2,34,3,33,4,32,5,29,6,28,5,26,7,28,7,28,10,28,11,29,11,29,11,30,11,30,13,29,11,30,12,29,13,28,14,28,12,26,14,28,14,28,13,26,13,0,0,28,14,26,14,28,15,31,15,31,17,31,19,31,19,30,20,30,19,29,19,29,20,26,21,25,20,24,17,24,17,24,17,22,17,23,17,23,19,22,21,23,21,22,23,20,24,21,26,19,26,16,26,13,24,11,22]"
CSI_DATA,133024,d8:b1:90:d9:de:f0,-63,11,-99,-40,66,56,1968320592,100,0,114,0,"[-27,15,-31,13,-33,13,-34,12,-35,12,-35,11,-35,9,-33,9,-33,9,-31,8,-31,9,-30,6,-30,6,-31,8,-28,6,-30,9,-30,9,-31,8,-32,9,-32,10,-31,10,-32,11,-30,10,-30,12,-30,10,-28,10,-28,11,-27,11,0,0,-27,13,-28,12,-30,13,-30,16,-30,16,-32,18,-31,19,-31,18,-32,18,-32,18,-31,17,-28,18,-27,16,-25,16,-26,17,-25,16,-24,16,-24,16,-26,17,-26,17,-27,17,-27,18,-26,18,-28,16,-28,15,-26,13,-25,12,-23,9]"
CSI_DATA,133025,d8:b1:90:d9:de:f0,-63,11,-99,-39,66,56,1968337751,100,0,114,0,"[17,24,19,26,19,29,19,30,19,33,19,33,16,32,15,31,15,28,14,28,14,25,14,25,14,25,14,24,15,24,15,24,17,25,19,26,19,25,20,25,22,25,21,24,21,23,22,22,22,20,21,21,21,20,24,20,0,0,24,17,25,17,26,17,29,16,31,19,31,17,32,16,32,17,32,15,32,15,32,15,30,13,29,12,28,10,28,10,28,11,28,10,29,7,30,7,29,8,31,7,31,7,31,10,32,10,31,7,29,8,26,10,23,10]"
CSI_DATA,133026,d8:b1:90:d9:de:f0,-63,11,-99,-39,66,56,1968347759,100,0,114,0,"[23,17,24,20,25,24,25,24,24,28,23,29,21,28,20,28,20,24,19,25,16,23,15,22,15,23,15,23,15,24,15,24,17,26,16,25,19,25,17,25,19,25,19,24,19,25,17,23,16,22,17,22,16,22,19,21,0,0,21,22,20,23,21,22,22,24,23,24,22,25,23,26,24,28,24,26,23,25,23,25,22,24,21,23,21,23,21,22,20,22,20,22,20,21,21,22,21,22,21,23,21,25,21,25,21,26,21,26,17,26,14,24,12,22]"
CSI_DATA,133027,d8:b1:90:d9:de:f0,-64,11,-99,-40,67,56,1968367920,100,0,114,0,"[-25,-14,-26,-17,-27,-19,-28,-20,-28,-21,-26,-21,-26,-21,-23,-20,-24,-18,-22,-18,-20,-18,-21,-17,-20,-17,-19,-16,-20,-18,-20,-17,-22,-16,-23,-16,-22,-16,-23,-15,-23,-15,-24,-14,-24,-14,-23,-13,-24,-13,-23,-12,-23,-11,-25,-10,0,0,-26,-11,-25,-10,-25,-9,-28,-9,-29,-9,-29,-10,-31,-9,-30,-9,-31,-9,-31,-9,-29,-8,-29,-9,-28,-8,-27,-7,-26,-5,-26,-6,-26,-5,-26,-3,-27,-4,-26,-4,-28,-5,-27,-6,-28,-6,-30,-8,-29,-7,-28,-7,-24,-8,-21,-8]"
CSI_DATA,133028,d8:b1:90:d9:de:f0,-64,11,-99,-35,66,56,1968390437,100,0,114,0,"[-13,28,-16,30,-18,30,-20,29,-22,29,-24,26,-26,24,-24,22,-23,22,-23,21,-22,18,-23,17,-23,17,-23,16,-22,16,-24,15,-23,15,-25,15,-25,15,-25,15,-24,15,-25,16,-24,14,-22,15,-24,14,-23,12,-21,12,-22,13,0,0,-22,13,-23,12,-24,13,-26,14,-26,13,-26,13,-27,13,-28,13,-28,12,-29,12,-27,10,-26,9,-25,8,-23,8,-25,7,-24,6,-23,6,-24,5,-24,6,-25,5,-27,4,-27,3,-28,3,-28,1,-29,-2,-26,-2,-25,-3,-21,-4]"
CSI_DATA,133029,d8:b1:90:d9:de:f0,-65,11,-99,-39,67,56,1968407643,100,0,114,0,"[13,26,13,29,11,32,12,33,11,35,9,33,7,34,6,32,7,30,5,30,4,27,4,29,3,28,2,27,3,28,2,28,3,29,2,30,3,28,2,27,3,28,5,28,2,29,4,27,3,26,3,26,4,25,4,25,0,0,3,24,5,25,4,25,5,28,5,28,5,29,6,29,4,29,4,29,3,29,3,28,2,29,3,27,2,25,4,25,3,24,1,23,2,22,2,24,2,24,1,24,1,26,0,27,-1,28,-3,26,-3,24,-5,24,-6,19]"
CSI_DATA,133030,d8:b1:90:d9:de:f0,-65,11,-99,-38,67,56,1968417933,100,0,114,0,"[7,-28,9,-31,11,-32,11,-31,11,-34,12,-32,13,-31,12,-28,9,-28,10,-27,9,-26,9,-26,9,-26,8,-27,7,-27,7,-27,5,-27,5,-29,5,-29,5,-29,4,-28,1,-30,2,-28,0,-27,0,-28,0,-27,-2,-26,-2,-25,0,0,-3,-24,-5,-25,-6,-26,-5,-26,-8,-27,-8,-27,-9,-27,-9,-27,-9,-26,-10,-24,-10,-24,-10,-24,-10,-23,-10,-21,-12,-19,-11,-20,-12,-19,-11,-18,-13,-18,-12,-18,-14,-18,-14,-20,-15,-21,-16,-21,-15,-19,-14,-19,-12,-19,-11,-17]"
CSI_DATA,133031,d8:b1:90:d9:de:f0,-64,11,-99,-35,66,56,1968437743,100,0,114,0,"[-22,-18,-24,-22,-24,-25,-24,-27,-22,-27,-21,-28,-19,-27,-17,-26,-17,-26,-16,-25,-14,-24,-15,-24,-14,-24,-13,-25,-14,-26,-12,-25,-14,-26,-13,-26,-13,-26,-13,-25,-13,-27,-14,-25,-13,-25,-13,-25,-12,-24,-12,-23,-12,-22,-12,-22,0,0,-12,-22,-12,-22,-13,-24,-14,-24,-14,-24,-14,-26,-15,-26,-15,-26,-14,-25,-15,-25,-13,-25,-13,-24,-12,-24,-12,-22,-12,-22,-11,-20,-10,-20,-11,-20,-12,-21,-11,-22,-11,-22,-11,-24,-10,-25,-10,-24,-9,-24,-9,-24,-5,-22,-3,-20]"
CSI_DATA,133032,d8:b1:90:d9:de:f0,-64,11,-99,-40,67,56,1968447827,100,0,114,0,"[-7,28,-9,31,-10,32,-12,34,-11,33,-11,33,-11,31,-11,30,-10,29,-9,28,-9,27,-9,27,-8,27,-8,28,-6,29,-5,29,-6,29,-5,29,-3,31,-4,29,-2,31,-1,30,0,29,1,28,2,27,2,27,4,26,5,25,0,0,7,27,7,26,9,26,10,28,11,28,11,28,14,28,14,29,14,27,15,27,14,26,15,25,16,24,15,22,16,20,15,19,15,18,16,17,17,18,17,18,18,19,19,19,21,19,20,19,19,18,19,17,17,17,14,16]"
CSI_DATA,133033,d8:b1:90:d9:de:f0,-64,11,-99,-40,67,56,1968467637,100,0,114,0,"[-12,27,-15,29,-17,31,-19,30,-20,31,-20,29,-21,27,-21,26,-20,24,-21,24,-19,23,-19,22,-20,21,-19,22,-19,21,-19,22,-19,21,-22,22,-20,22,-20,22,-20,22,-19,22,-19,22,-18,22,-19,22,-18,21,-17,20,-17,20,0,0,-18,21,-17,22,-17,22,-18,22,-18,23,-19,23,-19,24,-20,24,-19,23,-19,23,-19,22,-17,21,-16,21,-16,20,-16,18,-16,18,-15,18,-16,18,-16,19,-17,19,-18,19,-18,21,-18,20,-18,20,-20,17,-19,17,-19,15,-16,13]"
CSI_DATA,133034,d8:b1:90:d9:de:f0,-65,11,-99,-39,67,56,1968477664,100,0,114,0,"[-17,24,-19,27,-21,28,-22,29,-22,29,-22,28,-21,27,-19,26,-17,25,-18,24,-15,23,-15,24,-15,24,-14,24,-13,25,-13,26,-11,27,-11,27,-10,28,-9,27,-9,29,-7,30,-6,28,-4,29,-4,27,-3,26,-2,26,-1,26,0,0,3,26,3,27,3,27,5,28,6,29,7,30,9,30,9,29,10,28,11,29,11,28,12,26,11,24,12,22,13,21,13,21,14,20,14,19,15,19,15,19,16,20,18,20,18,21,18,20,17,19,16,18,16,18,12,15]"
CSI_DATA,133035,d8:b1:90:d9:de:f0,-64,11,-99,-39,67,56,1968487749,100,0,114,0,"[-8,-29,-8,-31,-7,-35,-6,-35,-7,-37,-6,-35,-3,-34,-2,-32,-4,-31,-2,-30,-3,-28,-3,-29,-3,-28,-3,-28,-5,-28,-4,-28,-5,-28,-4,-29,-7,-28,-6,-29,-6,-30,-8,-30,-7,-29,-9,-28,-8,-26,-7,-27,-8,-24,-9,-25,0,0,-10,-22,-12,-25,-13,-25,-13,-26,-13,-27,-13,-27,-15,-28,-14,-27,-15,-26,-16,-25,-16,-25,-14,-24,-15,-23,-13,-22,-15,-20,-15,-20,-14,-19,-14,-19,-16,-19,-17,-19,-17,-20,-17,-20,-18,-22,-16,-22,-15,-20,-14,-19,-12,-19,-10,-17]"
CSI_DATA,133036,d8:b1:90:d9:de:f0,-65,11,-99,-34,66,56,1968507627,100,0,114,0,"[32,0,34,0,35,0,36,0,38,0,36,0,36,0,34,0,32,-1,30,0,29,0,29,-1,28,-2,28,-3,28,-4,27,-4,27,-6,28,-7,28,-8,28,-9,26,-10,25,-12,24,-11,23,-13,23,-12,21,-13,20,-14,20,-14,0,0,19,-16,17,-17,16,-19,18,-21,16,-21,17,-22,15,-23,17,-24,15,-24,15,-25,13,-26,11,-24,9,-23,9,-22,8,-22,8,-21,6,-21,6,-22,5,-23,5,-24,6,-24,4,-25,4,-26,3,-26,5,-25,5,-23,4,-22,3,-19]"
CSI_DATA,133037,d8:b1:90:d9:de:f0,-64,11,-99,-40,67,56,1968517775,100,0,114,0,"[8,31,8,34,8,38,6,40,5,39,4,39,3,37,3,36,3,31,4,31,3,29,3,30,2,28,4,28,5,29,4,29,6,30,4,29,5,30,6,28,7,28,7,28,7,26,7,26,8,24,8,23,9,22,10,21,0,0,11,22,10,22,11,22,13,24,14,24,14,25,16,26,15,25,15,24,16,24,15,23,15,22,14,21,14,20,13,19,13,19,14,19,14,17,14,19,15,20,16,20,16,22,16,22,14,23,14,21,13,21,9,21,7,18]"
CSI_DATA,133038,d8:b1:90:d9:de:f0,-64,11,-99,-40,67,56,1968537804,100,0,114,0,"[32,-5,36,-5,39,-5,40,-5,39,-4,39,-5,38,-3,36,-3,33,-5,32,-5,30,-5,30,-5,29,-6,28,-7,28,-7,27,-8,27,-9,28,-9,27,-10,26,-11,25,-13,24,-14,23,-13,21,-14,21,-14,19,-15,19,-15,19,-16,0,0,17,-17,16,-18,16,-19,16,-20,16,-22,16,-23,15,-23,15,-24,15,-24,15,-25,13,-24,11,-23,11,-23,10,-22,9,-21,9,-21,8,-21,8,-21,7,-21,8,-24,8,-25,7,-26,7,-25,8,-25,10,-25,8,-24,8,-22,7,-18]"
CSI_DATA,133039,d8:b1:90:d9:de:f0,-64,11,-99,-39,67,56,1968557671,100,0,114,0,"[-33,3,-37,2,-39,0,-40,-2,-41,-4,-39,-5,-38,-5,-35,-7,-33,-6,-33,-6,-31,-6,-30,-7,-28,-7,-27,-8,-27,-7,-27,-8,-27,-6,-29,-8,-28,-7,-28,-7,-28,-7,-28,-6,-26,-6,-25,-5,-25,-6,-23,-6,-23,-5,-24,-3,0,0,-24,-3,-24,-4,-24,-4,-26,-3,-26,-4,-27,-4,-27,-3,-29,-5,-28,-4,-29,-5,-28,-5,-26,-6,-25,-6,-24,-5,-24,-5,-23,-5,-22,-5,-24,-5,-24,-5,-25,-5,-27,-6,-25,-7,-25,-9,-26,-10,-25,-11,-23,-12,-20,-12,-17,-11]"
CSI_DATA,133040,d8:b1:90:d9:de:f0,-65,11,-99,-35,66,56,1968567706,100,0,114,0,"[7,-32,8,-36,10,-37,11,-38,12,-39,11,-38,11,-37,10,-34,8,-32,8,-31,7,-29,6,-29,4,-28,3,-27,3,-28,3,-28,2,-28,1,-29,0,-28,-1,-28,-2,-28,-3,-28,-4,-26,-4,-25,-6,-23,-7,-23,-7,-21,-9,-21,0,0,-11,-20,-11,-20,-11,-20,-14,-21,-16,-22,-16,-21,-17,-22,-18,-24,-19,-22,-19,-21,-19,-20,-20,-21,-19,-18,-19,-16,-18,-15,-18,-15,-19,-14,-20,-13,-20,-13,-22,-14,-23,-13,-23,-14,-25,-15,-25,-15,-24,-13,-22,-13,-20,-14,-16,-12]"
CSI_DATA,133041,d8:b1:90:d9:de:f0,-64,11,-99,-39,67,56,1968577749,100,0,114,0,"[-13,31,-15,33,-16,35,-19,36,-19,35,-20,34,-19,31,-20,30,-17,28,-17,27,-16,26,-15,25,-15,25,-14,25,-13,24,-13,24,-13,25,-13,25,-13,25,-12,24,-11,24,-9,25,-10,24,-10,24,-9,23,-7,23,-8,23,-6,23,0,0,-5,22,-3,23,-4,26,-4,25,-3,27,-3,28,-3,28,-3,30,-2,29,-2,30,-3,29,-2,28,-1,27,0,27,-1,25,-1,25,0,23,0,24,0,25,-1,25,1,26,-1,27,1,28,-2,29,-2,27,-2,26,-4,25,-5,21]"
CSI_DATA,133042,d8:b1:90:d9:de:f0,-64,11,-99,-36,66,56,1968587883,100,0,114,0,"[14,-31,17,-33,19,-33,22,-33,22,-33,23,-31,24,-28,23,-27,22,-25,20,-24,21,-22,20,-21,21,-20,20,-20,21,-19,21,-18,20,-19,20,-18,20,-19,21,-18,19,-18,19,-18,19,-19,16,-18,17,-17,17,-16,17,-16,16,-17,0,0,17,-17,17,-17,16,-18,18,-19,17,-19,18,-20,19,-21,19,-22,20,-21,20,-21,21,-20,20,-20,18,-18,17,-18,19,-16,18,-16,17,-16,18,-16,18,-15,20,-16,21,-17,22,-17,22,-17,24,-15,24,-12,23,-12,22,-9,20,-6]"
CSI_DATA,133043,d8:b1:90:d9:de:f0,-65,11,-99,-38,67,56,1968597891,100,0,114,0,"[19,-26,21,-28,23,-30,23,-30,25,-31,24,-30,23,-28,23,-26,19,-24,19,-22,16,-22,16,-22,15,-22,15,-21,14,-22,12,-22,12,-23,13,-25,11,-23,11,-23,9,-24,8,-24,6,-24,5,-23,5,-23,4,-23,2,-22,2,-21,0,0,0,-22,0,-24,-1,-24,-2,-26,-3,-27,-2,-27,-4,-27,-5,-29,-6,-28,-6,-28,-7,-27,-7,-26,-8,-25,-8,-24,-8,-23,-8,-23,-10,-22,-10,-22,-11,-23,-11,-23,-12,-23,-14,-25,-14,-25,-14,-25,-12,-23,-11,-22,-11,-23,-8,-18]"
CSI_DATA,133044,d8:b1:90:d9:de:f0,-64,11,-99,-40,67,56,1968617803,100,0,114,0,"[15,30,14,33,13,36,11,37,12,39,10,38,8,37,6,33,6,31,5,30,4,29,4,28,3,27,3,26,3,26,4,26,4,27,4,28,4,28,4,27,4,26,5,26,4,25,5,24,5,25,5,23,4,24,5,22,0,0,7,24,6,25,6,25,8,26,7,27,8,29,8,29,7,30,9,29,7,30,7,28,7,29,6,27,6,26,7,25,6,25,5,24,6,24,6,25,5,25,6,27,6,28,5,29,3,30,2,28,1,26,-2,26,-2,22]"
CSI_DATA,133045,d8:b1:90:d9:de:f0,-65,11,-99,-35,66,56,1968631284,100,0,114,0,"[-18,-27,-19,-29,-20,-32,-19,-33,-19,-33,-18,-33,-17,-31,-16,-30,-16,-27,-15,-25,-15,-24,-14,-22,-14,-21,-14,-21,-14,-21,-15,-21,-16,-21,-17,-21,-17,-21,-17,-19,-17,-19,-18,-18,-19,-17,-17,-15,-18,-14,-18,-14,-18,-13,-20,-12,0,0,-22,-11,-22,-10,-23,-11,-25,-10,-26,-11,-27,-9,-28,-8,-29,-10,-29,-8,-29,-6,-29,-7,-28,-7,-27,-5,-27,-5,-26,-3,-26,-2,-25,-2,-26,-1,-26,-1,-27,0,-29,-1,-30,0,-29,-1,-32,-1,-31,0,-30,-1,-26,-3,-23,-3]"
CSI_DATA,133046,d8:b1:90:d9:de:f0,-64,11,-99,-40,67,56,1968648095,100,0,114,0,"[33,-1,37,0,40,2,40,4,39,5,38,6,34,7,33,7,29,7,28,8,27,8,26,8,26,8,25,9,25,8,26,9,26,9,26,9,26,9,25,9,25,9,24,9,24,9,24,8,23,8,22,8,22,7,23,6,0,0,25,6,25,7,26,7,26,7,27,7,27,7,29,8,31,10,31,9,32,8,31,8,28,9,28,9,27,9,26,7,26,9,25,8,26,7,26,7,28,9,28,10,29,12,29,12,29,12,30,14,27,15,23,15,19,13]"
CSI_DATA,133047,d8:b1:90:d9:de:f0,-65,11,-99,-39,67,56,1968667633,100,0,114,0,"[30,17,31,19,32,20,32,21,32,21,31,20,29,21,27,19,25,15,24,15,22,14,22,14,22,13,23,12,21,13,22,12,22,11,23,11,23,10,22,10,23,8,23,8,23,7,23,6,23,6,22,6,23,4,25,3,0,0,24,3,24,0,25,0,28,0,28,-1,28,-2,29,-3,30,-3,30,-5,31,-5,30,-6,29,-6,28,-7,27,-7,26,-9,25,-8,26,-10,26,-10,26,-11,27,-12,28,-12,28,-13,29,-13,30,-12,31,-12,28,-11,25,-9,23,-7]"
CSI_DATA,133048,d8:b1:90:d9:de:f0,-64,11,-99,-38,66,56,1968677655,100,0,114,0,"[2,-35,3,-39,5,-40,7,-40,7,-41,7,-39,9,-35,10,-33,7,-30,7,-29,6,-28,8,-27,7,-26,6,-26,6,-25,6,-25,5,-27,6,-28,5,-28,4,-26,3,-27,2,-26,1,-25,1,-26,2,-26,1,-25,1,-25,1,-25,0,0,-2,-26,-3,-28,-2,-29,-4,-30,-4,-31,-4,-31,-5,-32,-5,-33,-6,-32,-6,-32,-5,-32,-6,-31,-6,-30,-7,-29,-7,-28,-6,-28,-7,-29,-7,-28,-8,-28,-8,-29,-8,-31,-9,-32,-9,-35,-7,-34,-6,-32,-4,-31,-3,-31,-2,-28]"
CSI_DATA,133049,d8:b1:90:d9:de:f0,-64,11,-99,-34,65,56,1968687671,100,0,114,0,"[38,-2,39,0,41,1,42,4,41,6,39,7,35,8,35,9,31,7,29,7,27,7,27,8,26,8,26,8,26,9,25,8,25,9,26,9,27,9,25,8,26,9,25,9,23,9,23,8,25,8,25,8,23,8,25,8,0,0,27,7,25,8,28,8,28,9,30,9,31,10,31,10,32,10,31,9,32,10,32,10,31,11,29,10,29,11,28,10,28,11,27,11,28,10,29,11,30,13,31,15,31,15,31,17,30,19,29,18,28,20,23,20,21,20]"
CSI_DATA,133050,d8:b1:90:d9:de:f0,-64,11,-99,-36,66,56,1968700746,100,0,114,0,"[-11,-31,-11,-33,-10,-36,-10,-38,-8,-36,-8,-34,-7,-31,-7,-30,-8,-27,-9,-27,-9,-25,-7,-23,-8,-22,-8,-22,-9,-21,-9,-21,-11,-22,-11,-21,-11,-20,-12,-19,-13,-19,-13,-18,-15,-18,-14,-17,-15,-17,-16,-17,-16,-15,-17,-13,0,0,-20,-15,-19,-14,-21,-15,-23,-14,-25,-15,-26,-15,-28,-13,-28,-13,-29,-12,-29,-11,-29,-10,-28,-11,-28,-9,-27,-7,-27,-7,-26,-6,-26,-5,-26,-3,-27,-4,-29,-3,-31,-3,-31,-3,-32,-4,-34,-4,-34,-2,-32,-3,-28,-5,-27,-5]"
CSI_DATA,133051,d8:b1:90:d9:de:f0,-63,11,-99,-36,65,56,1968717717,100,0,114,0,"[35,-12,39,-12,41,-11,41,-9,42,-8,40,-6,39,-3,36,-2,34,-3,33,-1,30,-1,30,0,27,0,26,1,26,0,27,0,26,0,27,1,26,0,27,-1,27,0,27,-1,26,1,25,-1,26,1,25,1,25,1,26,1,0,0,27,-1,28,0,28,-1,32,-1,32,0,33,0,34,0,36,1,35,0,36,0,34,0,34,3,33,1,31,1,33,1,32,1,32,1,32,1,32,1,33,3,35,3,36,3,36,6,38,8,38,9,34,9,32,10,27,11]"
CSI_DATA,133052,d8:b1:90:d9:de:f0,-63,11,-99,-40,66,56,1968737851,100,0,114,0,"[-35,6,-38,6,-40,5,-40,4,-42,3,-39,2,-39,1,-35,0,-32,1,-32,1,-28,1,-28,0,-27,0,-26,1,-26,1,-25,1,-24,2,-26,3,-25,3,-26,4,-24,3,-25,5,-24,5,-23,5,-25,5,-24,5,-24,6,-26,6,0,0,-25,8,-25,10,-26,10,-28,12,-28,12,-30,13,-31,15,-32,15,-31,17,-34,17,-32,16,-32,15,-31,16,-27,15,-28,17,-27,16,-28,17,-28,17,-30,19,-30,18,-32,21,-32,20,-35,20,-34,19,-35,18,-33,16,-32,16,-28,12]"
CSI_DATA,133053,d8:b1:90:d9:de:f0,-62,11,-99,-36,65,56,1968758260,100,0,114,0,"[-15,32,-17,34,-16,38,-16,39,-15,39,-12,38,-11,35,-9,34,-6,32,-4,30,-2,26,0,27,1,26,2,25,4,25,6,24,9,24,9,23,10,23,13,20,15,21,17,19,17,17,19,16,21,15,20,12,21,11,23,9,0,0,27,6,26,3,28,2,31,0,32,-2,32,-4,32,-8,33,-9,33,-12,32,-15,32,-17,30,-19,27,-20,24,-21,23,-23,21,-24,19,-25,19,-27,17,-30,16,-31,15,-33,12,-36,10,-36,9,-39,9,-38,8,-38,5,-35,5,-32]"
CSI_DATA,133054,d8:b1:90:d9:de:f0,-63,11,-99,-39,66,56,1968777919,100,0,114,0,"[8,32,6,35,4,39,3,40,1,40,0,39,-2,37,-4,35,-3,31,-3,29,-3,26,-4,25,-5,24,-5,24,-4,24,-5,24,-4,24,-5,24,-4,24,-4,23,-4,25,-4,25,-4,24,-3,24,-5,24,-3,24,-4,23,-5,24,0,0,-3,25,-4,25,-4,29,-4,30,-5,31,-5,34,-4,32,-5,33,-5,34,-6,33,-6,34,-7,34,-6,33,-6,32,-7,30,-7,30,-7,30,-8,30,-8,33,-8,34,-10,34,-12,37,-12,38,-14,38,-16,35,-16,34,-17,32,-19,26]"
CSI_DATA,133055,d8:b1:90:d9:de:f0,-64,11,-99,-38,66,56,1968787930,100,0,114,0,"[-30,-16,-32,-18,-33,-19,-33,-20,-35,-21,-32,-20,-31,-20,-28,-19,-28,-16,-26,-16,-23,-13,-23,-14,-22,-13,-22,-11,-22,-10,-21,-10,-20,-7,-25,-7,-23,-6,-23,-6,-22,-6,-25,-4,-23,-4,-21,-2,-25,-3,-23,-2,-23,-1,-23,0,0,0,-25,2,-25,2,-26,3,-29,5,-30,5,-29,7,-30,8,-32,9,-31,11,-33,10,-32,10,-31,9,-29,11,-28,13,-27,14,-26,13,-27,15,-27,16,-27,18,-27,18,-29,19,-28,20,-31,19,-33,21,-33,20,-30,19,-31,18,-28,14]"
CSI_DATA,133056,d8:b1:90:d9:de:f0,-64,11,-99,-34,65,56,1968802502,100,0,114,0,"[29,-20,32,-21,35,-22,37,-20,35,-21,34,-20,33,-18,31,-17,28,-17,27,-16,25,-15,23,-16,22,-16,21,-16,19,-17,19,-17,17,-18,17,-18,17,-19,15,-19,14,-20,13,-20,13,-19,10,-19,10,-21,8,-21,9,-21,7,-21,0,0,6,-22,4,-25,4,-26,3,-28,2,-29,2,-29,1,-31,0,-32,-2,-33,-2,-32,-3,-32,-5,-32,-5,-31,-5,-30,-6,-28,-8,-28,-9,-28,-9,-28,-10,-29,-11,-29,-13,-31,-14,-32,-16,-33,-17,-34,-15,-34,-14,-33,-13,-32,-11,-28]"
CSI_DATA,133057,d8:b1:90:d9:de:f0,-64,11,-99,-37,66,56,1968818103,100,0,114,0,"[4,33,3,37,3,40,2,41,2,43,1,42,1,39,-1,37,0,32,-1,31,0,29,1,28,2,26,2,26,2,25,2,25,4,24,5,24,5,24,5,23,6,23,7,24,7,21,8,21,7,20,8,20,9,19,8,18,0,0,12,19,12,21,13,20,14,21,16,21,15,23,16,23,19,24,19,23,20,23,20,22,21,22,21,21,21,20,22,19,20,19,21,18,21,18,22,18,23,19,24,20,25,21,26,22,27,22,27,22,26,22,23,22,21,21]"
CSI_DATA,133058,d8:b1:90:d9:de:f0,-64,11,-99,-36,66,56,1968837692,100,0,114,0,"[-34,-15,-37,-18,-38,-21,-37,-22,-36,-24,-31,-24,-30,-25,-26,-24,-24,-22,-23,-21,-21,-21,-20,-21,-19,-20,-18,-19,-18,-20,-18,-20,-18,-18,-17,-18,-16,-18,-17,-18,-16,-18,-16,-17,-16,-16,-15,-16,-14,-15,-13,-15,-13,-15,-13,-13,0,0,-15,-13,-14,-16,-14,-16,-16,-16,-15,-18,-17,-19,-16,-20,-18,-21,-18,-20,-17,-20,-15,-20,-16,-22,-15,-21,-15,-20,-15,-20,-14,-20,-13,-20,-13,-21,-15,-21,-15,-23,-15,-25,-14,-26,-14,-29,-13,-30,-12,-30,-9,-30,-6,-28,-4,-26]"
CSI_DATA,133059,d8:b1:90:d9:de:f0,-64,11,-99,-36,66,56,1968847672,100,0,114,0,"[-37,5,-40,5,-43,4,-43,3,-43,4,-41,4,-40,1,-37,2,-33,4,-32,3,-30,3,-29,4,-28,5,-27,4,-26,5,-27,5,-24,8,-25,8,-24,8,-23,9,-21,10,-21,11,-19,11,-19,11,-17,11,-16,11,-15,12,-15,13,0,0,-16,13,-14,14,-14,15,-15,18,-15,19,-15,19,-15,20,-16,21,-14,21,-17,22,-15,22,-13,22,-13,21,-13,22,-11,21,-12,21,-10,22,-11,22,-11,23,-11,26,-12,27,-11,28,-12,28,-13,28,-14,28,-14,26,-13,25,-13,22]"
CSI_DATA,133060,d8:b1:90:d9:de:f0,-65,11,-99,-39,67,56,1968857903,100,0,114,0,"[18,31,18,34,17,38,15,39,15,41,13,38,11,38,9,35,9,33,8,32,7,30,6,29,7,29,6,26,5,28,5,27,7,26,6,26,6,25,6,25,6,24,7,24,6,24,7,23,7,20,6,19,6,18,6,19,0,0,7,18,6,20,6,20,8,21,8,22,8,23,9,24,7,26,7,25,8,25,7,24,7,26,7,25,6,24,6,24,6,23,6,23,7,23,7,24,6,26,7,28,5,28,5,30,4,31,2,30,1,29,-2,29,-2,24]"
CSI_DATA,133061,d8:b1:90:d9:de:f0,-65,11,-99,-35,66,56,1968877774,100,0,114,0,"[35,-1,39,0,41,1,41,2,42,2,41,2,39,4,38,4,35,2,34,2,32,1,31,2,31,1,29,0,29,0,29,0,27,-2,28,-2,28,-3,26,-3,26,-4,25,-5,22,-5,22,-6,22,-5,21,-6,20,-7,21,-7,0,0,19,-8,19,-9,20,-9,22,-10,23,-11,23,-11,23,-11,23,-11,23,-12,24,-12,23,-13,22,-12,21,-12,21,-13,20,-13,21,-12,20,-13,21,-14,22,-14,23,-15,23,-15,23,-15,24,-16,26,-16,27,-16,25,-14,24,-12,22,-10]"
CSI_DATA,133062,d8:b1:90:d9:de:f0,-65,11,-99,-36,67,56,1968889783,277,0,106,0,"[-65,12,-16,13,-106,12,40,0,-116,12,61,0,-80,12,50,0,-33,12,33,0,20,13,24,0,74,13,29,0,-114,13,41,0,-78,13,59,0,-44,13,63,0,-16,13,53,0,29,0,32,0,77,0,27,0,0,0,0,0,-66,0,78,0,-40,0,115,0,-43,0,-99,0,-65,0,-109,0,-90,0,86,0,-95,0,11,0,-82,0,-33,13,-45,0,-55,13,-21,0,-34,13,-3,0,5,0,-36,0,61,0,-117,0,99,0,7,0]"
CSI_DATA,133063,d8:b1:90:d9:de:f0,-65,11,-99,-34,66,56,1968907885,100,0,114,0,"[31,-14,33,-15,36,-14,37,-13,39,-15,36,-13,35,-11,34,-11,33,-12,32,-10,29,-10,29,-9,27,-10,27,-10,26,-10,25,-10,23,-11,24,-12,23,-12,22,-11,21,-13,20,-13,19,-12,17,-13,18,-11,15,-12,15,-12,15,-13,0,0,15,-12,13,-15,13,-16,16,-15,14,-16,15,-18,15,-18,16,-19,16,-19,16,-18,16,-19,15,-18,14,-18,13,-17,14,-18,14,-17,14,-18,14,-18,14,-18,15,-20,17,-21,16,-22,17,-22,18,-22,20,-21,19,-19,18,-18,18,-15]"
CSI_DATA,133064,d8:b1:90:d9:de:f0,-64,11,-99,-39,67,56,1968927757,100,0,114,0,"[28,-22,31,-23,33,-25,34,-24,35,-26,34,-25,33,-24,30,-22,27,-22,25,-21,23,-20,22,-21,22,-21,21,-20,20,-21,17,-22,17,-22,17,-24,15,-23,14,-23,13,-23,12,-24,11,-23,9,-23,9,-23,7,-22,7,-22,5,-20,0,0,2,-21,3,-22,2,-23,1,-23,0,-24,1,-25,-1,-26,-1,-26,-2,-25,-2,-26,-3,-26,-5,-25,-5,-24,-5,-23,-5,-23,-6,-22,-6,-23,-8,-22,-8,-22,-9,-24,-10,-25,-11,-26,-12,-29,-12,-27,-11,-25,-10,-24,-9,-24,-7,-23]"
CSI_DATA,133065,d8:b1:90:d9:de:f0,-65,11,-99,-37,67,56,1968938321,100,0,114,0,"[16,29,17,33,16,34,16,37,16,36,15,37,13,34,12,33,12,30,11,30,10,27,10,26,9,26,10,26,9,26,9,25,10,24,9,23,10,26,10,23,12,24,12,22,11,21,10,19,9,19,9,18,10,17,10,17,0,0,10,18,11,17,11,18,12,18,13,20,12,20,13,20,14,21,14,20,14,19,14,20,12,20,13,18,12,19,12,16,12,19,12,17,12,17,14,18,14,19,15,21,15,23,15,24,13,24,13,23,11,23,7,22,5,22]"
CSI_DATA,133066,d8:b1:90:d9:de:f0,-64,11,-99,-40,67,56,1968957655,100,0,114,0,"[-19,29,-22,31,-26,32,-28,31,-31,31,-30,29,-31,26,-29,24,-28,22,-27,20,-27,18,-25,17,-26,17,-25,15,-26,14,-25,14,-25,14,-27,14,-25,13,-25,13,-24,13,-23,12,-23,10,-22,10,-21,10,-20,9,-20,9,-21,8,0,0,-20,7,-21,8,-22,8,-23,8,-23,8,-24,8,-25,7,-25,8,-26,7,-26,6,-25,5,-25,5,-24,4,-24,3,-25,4,-23,2,-24,2,-24,3,-25,2,-27,0,-27,0,-28,0,-28,-3,-29,-4,-29,-6,-26,-8,-24,-8,-21,-8]"
CSI_DATA,133067,d8:b1:90:d9:de:f0,-64,11,-99,-41,67,56,1968967828,100,0,114,0,"[11,-33,14,-36,16,-39,16,-39,18,-40,18,-38,18,-36,18,-33,14,-32,13,-30,13,-28,13,-28,12,-27,12,-27,11,-27,11,-27,8,-27,10,-27,9,-27,8,-27,8,-26,6,-26,6,-24,5,-24,5,-23,5,-21,4,-22,4,-22,0,0,3,-22,2,-23,1,-23,1,-25,1,-25,0,-26,-1,-26,0,-27,-1,-26,0,-26,0,-27,-1,-27,-2,-26,-1,-25,-2,-24,-1,-25,-3,-25,-2,-24,-3,-24,-3,-27,-4,-27,-4,-29,-4,-30,-2,-30,-1,-29,-1,-28,0,-27,2,-23]"
CSI_DATA,133068,d8:b1:90:d9:de:f0,-64,11,-99,-37,66,56,1968978053,100,0,114,0,"[-6,38,-9,41,-11,43,-13,43,-14,43,-15,42,-16,39,-18,37,-15,34,-15,32,-14,30,-14,29,-14,27,-14,27,-13,28,-13,26,-14,25,-14,26,-14,26,-14,24,-13,25,-12,25,-11,23,-10,23,-11,21,-11,21,-11,20,-10,20,0,0,-10,20,-9,21,-10,22,-10,23,-11,24,-12,24,-12,24,-12,25,-12,24,-13,25,-12,24,-11,23,-11,23,-10,22,-11,21,-13,22,-12,22,-14,23,-12,23,-15,24,-16,24,-16,25,-16,26,-20,25,-20,22,-21,21,-21,20,-19,16]"
CSI_DATA,133069,d8:b1:90:d9:de:f0,-64,11,-99,-40,67,56,1968997839,100,0,114,0,"[-36,-7,-38,-9,-40,-10,-41,-11,-41,-13,-40,-12,-38,-13,-36,-12,-32,-11,-30,-11,-29,-9,-29,-9,-27,-8,-26,-7,-27,-7,-27,-6,-26,-5,-28,-5,-27,-4,-27,-3,-26,-4,-26,-2,-24,-3,-24,-1,-25,1,-22,0,-22,2,-21,3,0,0,-22,3,-21,3,-22,4,-23,6,-24,6,-24,5,-25,6,-26,7,-26,8,-27,10,-26,9,-25,8,-25,9,-23,10,-22,10,-22,9,-21,10,-22,12,-23,11,-24,12,-26,13,-27,12,-27,13,-29,13,-29,13,-27,12,-26,9,-23,7]"
CSI_DATA,133070,d8:b1:90:d9:de:f0,-64,11,-99,-38,66,56,1969008837,100,0,114,0,"[20,-31,25,-32,29,-33,30,-31,33,-31,32,-28,33,-26,31,-22,29,-21,30,-19,28,-17,28,-16,27,-14,26,-14,26,-13,25,-13,26,-11,26,-13,25,-11,26,-11,25,-10,25,-13,25,-11,23,-10,25,-10,21,-8,22,-9,21,-8,0,0,20,-8,21,-9,22,-9,23,-9,23,-8,26,-10,26,-9,27,-8,27,-7,29,-9,27,-7,27,-6,27,-6,25,-5,26,-5,26,-4,26,-4,25,-4,26,-4,29,-3,30,-2,31,-2,31,0,31,2,33,4,30,5,27,6,22,6]"
CSI_DATA,133071,d8:b1:90:d9:de:f0,-64,11,-99,-38,66,56,1969027775,100,0,114,0,"[3,-38,4,-41,6,-43,8,-44,7,-44,8,-44,8,-41,8,-40,7,-37,6,-34,5,-33,3,-31,4,-31,3,-31,2,-30,1,-30,1,-29,1,-30,0,-30,-1,-28,-2,-28,-3,-28,-2,-26,-5,-25,-5,-25,-5,-25,-6,-22,-7,-21,0,0,-7,-21,-9,-21,-9,-23,-10,-22,-13,-25,-13,-25,-15,-26,-15,-26,-16,-25,-16,-23,-16,-25,-16,-22,-16,-21,-17,-21,-16,-19,-17,-20,-16,-19,-17,-19,-18,-18,-19,-19,-20,-20,-21,-21,-22,-22,-22,-23,-21,-21,-19,-21,-16,-22,-14,-21]"
CSI_DATA,133072,d8:b1:90:d9:de:f0,-64,11,-99,-34,65,56,1969038767,100,0,114,0,"[29,-20,33,-20,37,-20,39,-18,40,-16,41,-15,38,-13,39,-10,35,-9,34,-7,32,-6,30,-6,30,-6,30,-5,29,-5,28,-4,29,-4,27,-4,28,-5,27,-4,28,-4,27,-3,27,-4,25,-4,25,-4,22,-4,22,-4,23,-5,0,0,25,-4,23,-4,26,-4,26,-5,28,-4,29,-4,29,-4,30,-3,29,-3,30,-3,29,-4,29,-3,28,-2,28,-2,27,-1,27,0,26,-1,27,-1,27,0,30,0,31,1,31,2,31,3,32,4,32,6,31,7,26,8,25,9]"
CSI_DATA,133073,d8:b1:90:d9:de:f0,-64,11,-99,-38,66,56,1969048853,100,0,114,0,"[-34,-2,-38,-4,-40,-4,-42,-4,-42,-7,-41,-6,-39,-7,-37,-5,-35,-4,-34,-3,-32,-3,-31,-3,-30,-3,-29,-2,-29,-2,-28,-1,-28,0,-29,0,-28,0,-27,1,-28,3,-26,5,-26,6,-25,7,-23,6,-23,6,-22,6,-20,9,0,0,-23,11,-22,10,-22,11,-23,13,-23,15,-25,16,-23,18,-23,18,-23,19,-25,19,-23,18,-22,19,-21,18,-20,18,-19,18,-19,16,-18,17,-18,19,-17,20,-19,22,-20,23,-19,23,-19,23,-22,22,-23,22,-22,21,-20,19,-19,16]"
CSI_DATA,133074,d8:b1:90:d9:de:f0,-64,11,-99,-38,66,56,1969067758,100,0,114,0,"[20,-31,22,-32,27,-35,29,-34,28,-33,29,-31,27,-29,28,-27,25,-27,25,-25,22,-22,21,-21,21,-21,20,-20,19,-20,20,-20,18,-20,19,-22,19,-22,18,-21,17,-22,16,-22,15,-20,13,-21,14,-20,13,-19,10,-20,11,-20,0,0,10,-22,10,-22,10,-23,11,-26,10,-27,10,-28,11,-27,11,-29,10,-29,10,-29,11,-28,10,-27,10,-27,9,-26,8,-26,9,-26,8,-25,9,-26,9,-26,10,-27,10,-29,10,-29,10,-31,13,-31,15,-29,14,-28,14,-27,13,-22]"
CSI_DATA,133075,d8:b1:90:d9:de:f0,-63,11,-99,-42,66,56,1969087573,100,0,114,0,"[-17,37,-19,40,-20,41,-20,42,-23,42,-23,40,-22,39,-20,36,-17,36,-17,34,-14,30,-14,33,-13,30,-11,31,-9,31,-9,30,-8,31,-8,31,-6,30,-4,31,-3,31,-1,31,0,30,0,29,1,30,1,29,3,28,3,26,0,0,7,28,8,28,8,29,11,29,13,30,14,31,15,30,17,31,18,29,19,30,18,29,19,29,18,26,19,25,19,24,18,23,20,23,20,20,23,22,22,22,24,23,25,24,28,24,26,24,24,23,23,22,22,23,18,20]"
CSI_DATA,133076,d8:b1:90:d9:de:f0,-63,11,-99,-38,65,56,1969097890,100,0,114,0,"[17,-37,18,-40,20,-41,24,-40,25,-44,24,-39,26,-37,25,-34,22,-33,23,-30,20,-29,20,-28,20,-26,19,-28,18,-28,17,-28,15,-28,17,-29,17,-29,17,-29,14,-26,12,-28,13,-26,11,-28,11,-26,9,-25,9,-25,9,-25,0,0,8,-26,7,-29,6,-28,8,-31,7,-30,8,-33,7,-33,7,-34,4,-34,8,-34,7,-34,6,-33,4,-31,4,-30,3,-29,3,-29,4,-30,4,-30,3,-30,4,-31,6,-33,4,-34,4,-35,6,-34,8,-31,9,-30,8,-31,9,-25]"
CSI_DATA,133077,d8:b1:90:d9:de:f0,-63,11,-99,-38,65,56,1969110268,100,0,114,0,"[35,-18,40,-19,42,-18,45,-17,46,-14,45,-13,44,-9,42,-9,40,-9,36,-8,34,-7,33,-7,34,-7,33,-7,33,-7,33,-7,31,-8,33,-8,33,-8,31,-9,30,-8,31,-9,29,-9,28,-9,26,-9,26,-9,25,-9,28,-11,0,0,25,-12,25,-12,28,-13,29,-13,29,-14,30,-15,30,-15,29,-17,30,-15,30,-15,30,-15,29,-15,28,-15,26,-14,26,-14,28,-14,26,-13,28,-14,28,-14,30,-15,30,-14,31,-14,30,-14,33,-13,33,-12,33,-8,28,-7,26,-6]"
CSI_DATA,133078,d8:b1:90:d9:de:f0,-63,11,-99,-39,65,56,1969127787,100,0,114,0,"[-32,-22,-35,-27,-33,-28,-35,-31,-35,-33,-33,-32,-31,-32,-28,-31,-27,-27,-26,-26,-26,-23,-23,-26,-23,-23,-23,-22,-23,-22,-23,-22,-22,-22,-26,-22,-26,-21,-26,-20,-27,-20,-28,-18,-26,-18,-27,-15,-27,-16,-26,-15,-27,-13,-26,-13,0,0,-28,-11,-30,-12,-31,-11,-32,-12,-33,-12,-33,-12,-35,-11,-37,-11,-36,-8,-36,-10,-36,-10,-33,-8,-32,-8,-31,-6,-32,-6,-31,-6,-31,-6,-31,-5,-31,-5,-33,-5,-35,-5,-35,-6,-35,-7,-35,-8,-33,-7,-32,-8,-27,-10,-26,-11]"
CSI_DATA,133079,d8:b1:90:d9:de:f0,-63,11,-99,-38,65,56,1969137770,100,0,114,0,"[-37,1,-41,-1,-45,-3,-46,-6,-45,-8,-42,-11,-39,-11,-37,-12,-35,-11,-34,-11,-31,-11,-30,-11,-31,-11,-31,-11,-30,-9,-30,-9,-30,-8,-30,-9,-30,-9,-30,-9,-30,-8,-30,-8,-30,-8,-29,-8,-29,-6,-28,-6,-28,-6,-28,-6,0,0,-31,-4,-29,-6,-30,-6,-31,-6,-33,-6,-34,-7,-35,-8,-35,-7,-35,-7,-34,-7,-34,-6,-33,-7,-33,-7,-31,-6,-29,-7,-30,-7,-29,-7,-29,-7,-30,-7,-31,-8,-33,-8,-31,-11,-31,-11,-33,-13,-33,-13,-30,-14,-25,-15,-20,-14]"
CSI_DATA,133080,d8:b1:90:d9:de:f0,-63,11,-99,-38,65,56,1969147885,100,0,114,0,"[-28,25,-30,25,-35,28,-35,25,-35,28,-36,26,-34,24,-33,23,-29,23,-28,20,-25,22,-25,22,-24,23,-23,23,-22,23,-22,25,-19,24,-20,24,-18,25,-17,26,-15,28,-14,29,-12,28,-11,29,-11,28,-8,29,-7,28,-7,26,0,0,-2,30,-3,30,-2,31,-1,34,-1,35,0,36,2,36,2,37,3,35,3,36,6,35,6,35,6,34,8,31,7,30,8,31,9,30,9,30,11,30,11,30,12,33,13,33,15,33,13,34,12,33,11,30,9,31,8,26]"
CSI_DATA,133081,d8:b1:90:d9:de:f0,-62,11,-99,-39,65,56,1969167803,100,0,114,0,"[39,-5,41,-3,45,-1,45,0,46,1,44,3,42,6,40,6,39,5,36,7,33,7,33,7,35,6,32,6,32,7,31,7,32,6,32,6,33,6,33,5,33,5,32,5,32,6,31,5,32,3,31,5,31,3,32,3,0,0,32,3,32,2,33,2,35,3,36,2,36,3,36,3,39,5,39,3,39,3,37,3,35,5,35,5,33,5,35,3,32,5,32,3,32,3,32,5,35,6,36,8,35,8,35,10,36,10,35,11,32,12,28,12,26,12]"
CSI_DATA,133082,d8:b1:90:d9:de:f0,-63,11,-99,-39,65,56,1969187758,100,0,114,0,"[-32,15,-36,15,-40,15,-42,15,-44,12,-44,12,-41,10,-41,10,-37,8,-36,8,-33,7,-31,7,-32,10,-32,10,-31,8,-31,10,-32,11,-32,10,-31,11,-31,12,-31,13,-31,13,-30,13,-28,15,-28,13,-26,15,-26,15,-26,17,0,0,-26,17,-26,18,-25,21,-27,21,-28,22,-28,23,-30,25,-30,25,-28,25,-28,25,-27,25,-26,25,-25,25,-23,23,-22,23,-23,23,-21,22,-22,23,-23,25,-23,25,-26,25,-25,26,-23,26,-27,26,-27,25,-26,23,-25,20,-22,17]"
CSI_DATA,133083,d8:b1:90:d9:de:f0,-62,11,-99,-39,65,56,1969197783,100,0,114,0,"[22,30,21,35,20,39,21,41,20,41,18,41,15,40,12,39,13,35,11,35,11,32,8,32,8,32,8,33,7,32,7,33,10,33,8,33,10,33,8,31,10,31,10,31,10,30,11,30,8,30,10,30,8,28,10,28,0,0,12,28,10,30,11,31,12,32,12,35,12,35,13,35,15,37,13,36,12,36,12,35,10,36,10,35,11,33,11,31,11,32,8,31,8,31,11,31,8,32,10,33,10,36,7,39,5,40,3,37,3,36,0,33,-1,30]"
CSI_DATA,133084,d8:b1:90:d9:de:f0,-63,11,-99,-40,66,56,1969211696,100,0,114,0,"[-11,-32,-11,-36,-10,-39,-10,-40,-9,-40,-8,-41,-6,-39,-5,-38,-6,-33,-4,-33,-5,-30,-4,-31,-6,-31,-6,-30,-5,-30,-6,-30,-9,-28,-8,-28,-9,-31,-9,-28,-10,-28,-11,-27,-11,-26,-12,-25,-11,-25,-12,-24,-11,-24,-13,-24,0,0,-13,-24,-16,-23,-17,-24,-19,-25,-19,-26,-20,-26,-21,-26,-23,-27,-23,-26,-23,-25,-24,-26,-24,-25,-21,-24,-23,-23,-21,-20,-21,-20,-21,-19,-21,-19,-21,-20,-23,-20,-24,-21,-24,-23,-26,-24,-26,-26,-24,-24,-23,-24,-20,-25,-17,-21]"
CSI_DATA,133085,d8:b1:90:d9:de:f0,-63,11,-99,-33,64,56,1969227650,100,0,114,0,"[-35,14,-39,14,-41,13,-42,10,-45,10,-43,9,-42,5,-39,4,-36,5,-35,3,-33,4,-33,2,-32,2,-32,3,-30,3,-30,2,-30,3,-32,3,-33,5,-33,4,-32,4,-30,5,-30,4,-28,5,-29,5,-27,4,-28,4,-27,7,0,0,-27,7,-27,8,-28,8,-32,8,-32,9,-32,9,-33,10,-34,9,-34,10,-34,10,-33,8,-33,7,-30,8,-30,8,-30,8,-30,8,-29,7,-30,8,-30,7,-33,7,-35,8,-34,7,-35,4,-36,3,-36,2,-35,1,-32,0,-29,-2]"
CSI_DATA,133086,d8:b1:90:d9:de:f0,-63,11,-99,-39,65,56,1969237924,100,0,114,0,"[-8,37,-11,41,-13,42,-15,44,-13,45,-15,44,-13,42,-13,39,-12,37,-11,36,-11,35,-10,33,-8,33,-7,32,-7,33,-5,33,-3,33,-2,35,-2,36,-1,33,0,33,2,33,2,32,5,31,5,31,7,30,7,28,8,28,0,0,11,28,12,28,13,28,15,31,16,31,16,31,20,32,20,32,20,31,21,30,21,28,22,28,22,27,22,25,22,23,22,23,22,23,22,22,23,21,23,22,25,23,26,25,28,25,27,25,27,23,25,22,22,23,18,21]"
CSI_DATA,133087,d8:b1:90:d9:de:f0,-63,11,-99,-39,65,56,1969257727,100,0,114,0,"[6,-37,7,-40,12,-44,13,-44,16,-44,16,-41,17,-40,17,-36,15,-35,17,-35,16,-31,17,-32,16,-30,16,-30,16,-31,16,-30,15,-30,16,-30,15,-30,15,-30,15,-30,15,-30,15,-30,13,-30,13,-28,12,-27,11,-27,11,-27,0,0,12,-27,11,-27,12,-28,12,-31,11,-31,13,-33,12,-33,13,-35,13,-33,16,-35,13,-32,13,-33,13,-31,13,-30,13,-28,12,-27,13,-27,13,-26,13,-27,15,-30,17,-30,17,-31,18,-32,20,-31,22,-28,22,-25,22,-25,21,-20]"
CSI_DATA,133088,d8:b1:90:d9:de:f0,-63,11,-99,-41,66,56,1969267996,100,0,114,0,"[-33,-9,-36,-11,-40,-13,-41,-14,-41,-14,-39,-14,-38,-15,-36,-11,-36,-10,-34,-10,-32,-9,-30,-8,-32,-8,-30,-7,-30,-7,-32,-5,-30,-4,-33,-3,-30,-2,-32,-1,-32,1,-32,1,-29,2,-29,3,-28,3,-28,4,-26,4,-28,7,0,0,-27,8,-26,9,-26,11,-28,13,-29,14,-30,15,-29,15,-30,16,-29,17,-30,16,-29,19,-28,17,-27,17,-24,19,-23,19,-23,17,-22,17,-22,20,-21,20,-24,22,-24,23,-23,24,-24,22,-27,24,-28,22,-27,22,-22,20,-22,16]"
CSI_DATA,133089,d8:b1:90:d9:de:f0,-64,11,-99,-35,65,56,1969287785,100,0,114,0,"[-35,3,-40,2,-40,1,-42,-1,-42,-1,-41,-2,-39,-5,-37,-4,-35,-4,-32,-5,-31,-5,-31,-5,-31,-5,-30,-6,-30,-6,-29,-6,-30,-5,-31,-5,-30,-4,-31,-4,-29,-3,-30,-4,-29,-4,-29,-3,-26,-3,-25,-3,-25,-3,-25,-4,0,0,-26,0,-25,-2,-28,-1,-29,-1,-30,-1,-31,-2,-32,-3,-32,-3,-33,-3,-32,-3,-31,-3,-30,-4,-29,-3,-28,-3,-28,-2,-28,-3,-26,-2,-26,-3,-28,-3,-29,-4,-31,-6,-31,-6,-30,-8,-33,-10,-32,-11,-30,-12,-26,-12,-22,-12]"
CSI_DATA,133090,d8:b1:90:d9:de:f0,-63,11,-99,-38,65,56,1969308819,100,0,114,0,"[-6,39,-8,42,-12,45,-13,45,-15,45,-17,42,-18,41,-18,37,-15,35,-15,34,-15,31,-15,31,-15,29,-14,30,-14,30,-15,30,-14,29,-14,29,-17,29,-14,29,-14,30,-13,30,-12,30,-12,29,-11,28,-9,25,-9,25,-9,25,0,0,-8,25,-9,26,-11,26,-11,30,-8,30,-12,31,-11,33,-11,34,-12,31,-12,33,-12,31,-12,31,-12,30,-11,28,-12,28,-12,25,-12,26,-13,25,-12,26,-14,28,-14,28,-17,29,-17,30,-19,29,-20,26,-20,24,-20,22,-19,18]"
CSI_DATA,133091,d8:b1:90:d9:de:f0,-63,11,-99,-41,66,56,1969328950,100,0,114,0,"[-36,4,-40,4,-42,3,-43,2,-45,0,-42,0,-42,-1,-39,-1,-38,0,-36,-1,-34,0,-34,-1,-34,0,-34,0,-33,0,-34,1,-33,1,-33,2,-33,3,-34,3,-32,4,-32,5,-30,4,-30,5,-29,5,-27,7,-26,7,-27,8,0,0,-27,10,-27,9,-27,10,-29,11,-28,11,-29,13,-30,13,-30,14,-30,14,-30,14,-29,15,-28,14,-27,14,-26,13,-26,13,-24,13,-23,14,-24,14,-26,15,-27,14,-27,15,-27,15,-28,15,-29,14,-30,13,-28,11,-26,9,-23,7]"
CSI_DATA,133092,d8:b1:90:d9:de:f0,-63,11,-99,-40,66,56,1969339737,100,0,114,0,"[18,-32,20,-34,21,-35,23,-35,25,-36,23,-34,24,-34,23,-32,19,-30,18,-28,17,-27,16,-28,13,-28,12,-30,12,-30,11,-30,10,-31,10,-32,9,-32,6,-32,5,-31,4,-32,3,-31,1,-30,0,-30,-1,-30,-3,-27,-3,-27,0,0,-6,-27,-8,-28,-8,-27,-10,-30,-12,-28,-11,-31,-13,-30,-13,-31,-16,-30,-16,-28,-17,-27,-18,-27,-19,-26,-18,-24,-18,-23,-18,-21,-19,-20,-19,-20,-20,-20,-20,-20,-23,-21,-23,-23,-26,-23,-25,-23,-23,-20,-21,-19,-19,-21,-16,-18]"
CSI_DATA,133093,d8:b1:90:d9:de:f0,-63,9,-99,-36,65,56,1969357105,83,0,106,0,"[11,17,-121,0,-6,16,-40,0,-9,16,-20,0,6,17,-61,0,47,17,-102,0,91,17,-137,0,142,17,-145,0,-114,17,-135,0,-90,17,-121,0,-86,17,-123,0,-65,17,130,0,-21,17,72,0,58,0,35,0,0,0,0,0,-88,0,94,0,-41,0,-144,0,-42,0,-84,0,-72,0,-69,0,-107,0,-109,0,-115,0,110,0,-91,0,61,0,-53,0,55,0,-28,0,86,0,-28,0,-144,0,-93,0,-85,0,99,0,-70,0,-31,17]"
CSI_DATA,133094,d8:b1:90:d9:de:f0,-63,11,-99,-41,66,56,1969367718,100,0,114,0,"[-21,28,-24,29,-27,32,-29,32,-28,32,-28,30,-28,28,-27,26,-23,26,-24,23,-23,22,-22,22,-20,22,-21,23,-20,23,-19,23,-19,24,-19,24,-19,26,-17,26,-17,27,-15,27,-15,26,-14,26,-14,26,-11,26,-11,26,-11,27,0,0,-10,27,-10,29,-9,29,-8,29,-8,30,-7,32,-8,33,-8,35,-7,35,-8,34,-5,35,-7,34,-4,33,-4,32,-3,29,-3,29,-3,29,-3,29,-2,29,-4,30,-4,32,-3,34,-2,35,-5,35,-8,34,-7,32,-7,29,-8,27]"
CSI_DATA,133095,d8:b1:90:d9:de:f0,-63,11,-99,-37,65,56,1969377801,100,0,114,0,"[-10,-34,-9,-38,-7,-40,-7,-42,-5,-43,-3,-42,-1,-40,0,-39,-1,-36,0,-34,-1,-32,0,-32,1,-32,1,-32,1,-30,1,-30,0,-33,0,-34,0,-33,0,-32,0,-34,-2,-34,0,-33,-2,-30,-1,-29,0,-29,-1,-29,-1,-28,0,0,-3,-28,-3,-29,-3,-30,-3,-33,-4,-35,-3,-35,-4,-35,-4,-36,-5,-35,-3,-35,-2,-35,-3,-34,-2,-32,-2,-30,-3,-30,-2,-30,-1,-30,-2,-30,-2,-32,-3,-33,-1,-35,-1,-35,0,-36,3,-38,3,-34,4,-33,7,-32,8,-27]"
CSI_DATA,133096,d8:b1:90:d9:de:f0,-62,11,-99,-40,65,56,1969397730,100,0,114,0,"[36,-9,41,-9,44,-7,46,-6,45,-3,45,-3,42,-1,41,-2,38,-2,37,-2,34,-2,33,-2,33,-3,33,-5,33,-5,33,-6,34,-6,34,-6,36,-7,34,-7,34,-10,33,-10,32,-11,32,-11,31,-12,29,-14,28,-14,27,-15,0,0,31,-16,27,-16,29,-18,29,-20,31,-22,31,-20,29,-23,32,-23,32,-24,31,-25,28,-25,27,-25,25,-24,23,-23,23,-22,23,-23,22,-23,22,-24,23,-23,24,-27,25,-27,25,-27,24,-28,25,-28,27,-28,28,-25,24,-22,22,-18]"
CSI_DATA,133097,d8:b1:90:d9:de:f0,-62,11,-99,-39,65,56,1969407717,100,0,114,0,"[32,18,33,21,35,25,35,26,33,30,32,28,30,28,27,28,27,26,25,25,23,25,22,25,22,25,22,25,22,26,21,26,23,23,25,26,23,25,25,25,23,26,26,25,23,23,25,22,25,22,23,22,23,21,23,20,0,0,26,21,25,21,25,21,28,21,27,23,30,23,31,23,31,25,30,23,30,23,30,23,27,23,26,21,26,21,25,21,26,20,25,20,25,18,26,20,27,21,28,22,27,23,28,26,28,28,26,27,25,26,20,26,16,23]"
CSI_DATA,133098,d8:b1:90:d9:de:f0,-63,11,-99,-41,66,56,1969422691,100,0,114,0,"[34,-4,36,-3,39,-2,39,0,41,2,39,2,39,4,35,4,33,2,33,4,30,3,30,4,30,4,30,4,28,4,29,4,30,4,33,4,33,3,33,3,30,3,32,3,32,2,29,2,30,2,28,2,28,3,27,1,0,0,29,0,29,2,29,0,33,0,33,0,35,0,34,-1,36,0,35,0,36,0,35,0,33,2,32,1,30,0,30,0,30,1,30,0,30,0,32,0,33,1,34,1,35,2,35,3,35,4,36,5,34,7,32,8,24,8]"
CSI_DATA,133099,d8:b1:90:d9:de:f0,-63,11,-99,-40,66,56,1969437629,100,0,114,0,"[-21,25,-25,28,-30,28,-32,26,-33,26,-33,25,-32,21,-31,21,-28,18,-27,17,-26,17,-26,16,-26,17,-25,18,-24,18,-25,18,-26,18,-27,17,-27,17,-27,17,-27,18,-27,19,-26,18,-26,18,-24,17,-23,18,-21,18,-23,18,0,0,-23,19,-21,18,-23,20,-24,21,-24,20,-26,21,-24,23,-26,21,-26,23,-25,21,-24,23,-24,23,-23,23,-21,20,-23,19,-23,19,-21,19,-23,18,-23,18,-24,19,-26,19,-27,20,-25,20,-28,21,-30,18,-28,16,-26,15,-25,11]"
CSI_DATA,133100,d8:b1:90:d9:de:f0,-63,11,-99,-41,66,56,1969449116,100,0,114,0,"[-9,34,-11,36,-13,38,-16,39,-16,40,-16,39,-16,35,-16,34,-15,32,-14,30,-13,28,-13,28,-14,28,-13,28,-13,29,-13,30,-11,29,-11,30,-11,30,-10,30,-10,33,-9,33,-8,32,-7,32,-7,28,-7,29,-5,28,-5,29,0,0,-2,29,-3,29,-3,32,-2,32,-3,34,-2,34,-1,34,-1,36,-1,35,-1,34,-1,34,-1,34,0,33,0,33,0,30,0,30,1,30,0,29,1,30,0,32,0,33,1,34,1,34,-1,36,-3,35,-3,33,-4,30,-5,28]"
CSI_DATA,133101,d8:b1:90:d9:de:f0,-63,11,-99,-40,66,56,1969467863,100,0,114,0,"[11,-32,13,-34,17,-35,18,-35,21,-35,20,-34,21,-31,21,-28,20,-27,19,-26,19,-24,19,-23,20,-24,18,-24,19,-24,19,-24,19,-25,19,-26,19,-25,19,-25,18,-25,18,-25,18,-25,17,-25,17,-24,18,-25,15,-23,16,-24,0,0,15,-23,17,-25,17,-26,18,-27,18,-30,19,-30,18,-30,20,-30,19,-28,20,-28,19,-28,20,-27,18,-28,17,-26,17,-25,17,-25,16,-24,17,-24,18,-25,20,-26,21,-26,21,-27,21,-27,25,-27,25,-24,24,-23,25,-19,21,-15]"
CSI_DATA,133102,d8:b1:90:d9:de:f0,-63,11,-99,-40,66,56,1969477934,100,0,114,0,"[-6,-34,-5,-36,-4,-39,-4,-40,-4,-42,-4,-39,-3,-40,-3,-35,-5,-33,-4,-33,-4,-32,-5,-32,-6,-30,-5,-28,-8,-30,-9,-28,-10,-27,-11,-30,-12,-28,-13,-27,-15,-28,-17,-27,-16,-27,-18,-25,-18,-25,-18,-21,-18,-21,-19,-19,0,0,-23,-19,-23,-18,-23,-18,-28,-19,-27,-18,-28,-19,-31,-17,-32,-18,-32,-16,-33,-13,-32,-11,-31,-13,-30,-11,-28,-9,-30,-9,-28,-8,-30,-5,-27,-5,-30,-4,-30,-4,-32,-3,-33,-5,-35,-4,-35,-4,-33,-3,-32,-3,-31,-5,-26,-4]"
CSI_DATA,133103,d8:b1:90:d9:de:f0,-63,11,-99,-41,66,56,1969498127,100,0,114,0,"[-34,11,-36,10,-39,9,-40,7,-42,5,-40,3,-40,1,-36,0,-35,1,-33,0,-30,0,-32,-2,-29,-1,-29,-1,-29,-3,-29,-3,-29,-1,-33,-2,-32,-2,-33,-1,-33,-2,-33,-2,-32,-2,-30,0,-30,-2,-29,-1,-28,0,-28,0,0,0,-29,-1,-29,0,-30,0,-34,-1,-33,-1,-35,-1,-35,-1,-38,-1,-36,-1,-36,-1,-36,-1,-35,-2,-33,-2,-32,-1,-33,-2,-28,-2,-29,-2,-29,-2,-30,-2,-33,-3,-33,-4,-33,-5,-33,-5,-35,-8,-34,-8,-32,-10,-28,-11,-23,-10]"
CSI_DATA,133104,d8:b1:90:d9:de:f0,-63,11,-99,-41,66,56,1969518248,100,0,114,0,"[-3,35,-5,39,-8,41,-9,41,-9,41,-9,40,-10,36,-11,35,-10,33,-10,30,-9,29,-9,28,-8,29,-8,29,-8,28,-8,29,-7,30,-7,30,-7,33,-5,32,-4,33,-4,33,-4,32,-3,32,-3,29,-2,30,-2,29,-2,30,0,0,0,30,0,30,1,32,2,33,2,35,2,36,3,35,2,36,3,35,3,36,4,35,4,34,4,33,5,30,4,29,4,30,4,29,5,29,5,29,4,32,4,32,4,34,5,34,4,35,2,33,2,32,0,29,-1,27]"
CSI_DATA,133105,d8:b1:90:d9:de:f0,-63,11,-99,-41,66,56,1969537685,100,0,114,0,"[27,21,29,26,28,28,27,29,29,32,26,30,23,33,20,30,20,29,16,29,16,27,14,29,13,27,13,27,11,28,11,27,13,27,15,29,14,28,13,29,14,29,15,29,13,30,14,28,11,29,11,29,10,28,10,28,0,0,10,27,11,27,11,27,13,32,11,32,13,33,13,34,10,34,11,33,9,33,8,34,7,34,5,33,7,29,8,29,7,28,5,30,5,29,5,29,4,30,4,32,3,33,0,36,-1,35,-3,34,-3,32,-5,30,-7,24]"
CSI_DATA,133106,d8:b1:90:d9:de:f0,-63,11,-99,-39,65,56,1969547873,100,0,114,0,"[15,32,16,37,13,40,13,41,13,42,12,41,12,39,11,37,11,35,11,33,10,32,10,31,10,30,10,30,12,30,11,30,13,31,13,30,15,31,16,30,17,31,18,30,18,28,18,27,18,27,18,26,18,26,20,25,0,0,21,22,22,23,23,23,26,22,27,26,28,25,28,25,30,25,30,23,28,21,28,20,30,22,30,21,28,18,27,17,27,17,27,16,27,15,27,16,28,15,31,17,31,17,32,18,32,18,31,20,28,20,25,18,21,17]"
CSI_DATA,133107,d8:b1:90:d9:de:f0,-62,11,-99,-40,65,56,1969567679,100,0,114,0,"[38,-7,42,-6,44,-3,44,-1,46,0,44,2,42,5,40,5,36,3,34,5,33,5,32,6,33,7,32,7,33,9,32,9,33,9,36,7,34,9,34,7,34,9,34,7,33,9,32,7,33,7,34,9,32,9,33,6,0,0,32,9,32,9,33,10,36,10,36,10,37,11,38,11,38,12,37,11,38,12,36,14,36,14,33,12,32,12,32,14,31,14,31,14,29,12,32,14,32,15,33,18,32,19,32,20,31,24,31,23,27,24,23,24,19,23]"
CSI_DATA,133108,d8:b1:90:d9:de:f0,-63,11,-99,-39,65,56,1969577673,100,0,114,0,"[-23,-28,-25,-31,-26,-32,-26,-33,-27,-35,-26,-33,-23,-33,-22,-31,-22,-27,-20,-26,-20,-25,-20,-25,-21,-23,-21,-23,-21,-25,-21,-22,-23,-22,-26,-23,-27,-21,-27,-20,-26,-20,-28,-18,-26,-18,-27,-16,-28,-16,-28,-15,-28,-15,-30,-12,0,0,-30,-11,-31,-11,-31,-8,-36,-8,-36,-10,-36,-8,-37,-7,-37,-8,-39,-6,-37,-5,-37,-3,-36,-5,-35,-3,-33,-1,-33,0,-32,0,-32,0,-32,1,-32,2,-33,2,-36,2,-36,2,-37,1,-39,1,-37,1,-36,0,-32,-1,-30,-2]"
CSI_DATA,133109,d8:b1:90:d9:de:f0,-63,11,-99,-42,66,56,1969587720,100,0,114,0,"[1,35,-1,39,-4,40,-4,41,-6,40,-7,40,-8,39,-8,36,-6,35,-7,31,-6,30,-6,30,-6,29,-4,29,-6,29,-6,30,-3,30,-4,30,-4,30,-4,30,-3,34,-1,33,-1,33,-1,33,0,33,0,31,0,30,1,31,0,0,2,33,2,31,2,34,3,36,4,36,4,37,6,37,4,37,4,36,4,36,4,35,4,36,4,34,6,33,3,30,4,33,6,31,6,30,6,31,7,34,6,33,6,36,6,37,3,37,1,35,1,34,0,33,-2,29]"
CSI_DATA,133110,d8:b1:90:d9:de:f0,-62,11,-99,-40,65,56,1969598150,100,0,114,0,"[-7,-36,-6,-40,-3,-44,-1,-44,-1,-44,1,-42,3,-40,5,-38,5,-36,7,-34,7,-32,9,-31,9,-29,9,-29,9,-31,10,-31,10,-32,11,-32,11,-32,12,-33,10,-33,10,-33,11,-32,10,-31,11,-31,11,-31,11,-31,12,-29,0,0,12,-31,12,-32,14,-33,14,-33,15,-36,18,-37,18,-36,18,-37,19,-34,19,-34,19,-33,20,-34,20,-32,20,-31,19,-29,22,-29,19,-27,20,-27,22,-28,24,-28,25,-27,27,-29,28,-28,31,-27,31,-24,32,-22,29,-19,29,-15]"
CSI_DATA,133111,d8:b1:90:d9:de:f0,-62,11,-99,-41,65,56,1969608249,100,0,114,0,"[14,-34,18,-36,21,-37,21,-37,21,-37,21,-36,22,-34,21,-32,18,-30,18,-29,18,-28,17,-28,17,-26,17,-28,14,-28,16,-29,13,-29,14,-30,14,-30,14,-32,12,-33,10,-33,9,-32,9,-32,9,-32,8,-32,6,-32,6,-33,0,0,4,-34,4,-36,4,-36,1,-38,1,-38,1,-40,-1,-41,-1,-42,-2,-41,-2,-41,-2,-40,-2,-41,-4,-38,-5,-37,-4,-36,-4,-34,-6,-36,-5,-34,-6,-36,-6,-37,-6,-38,-6,-41,-8,-42,-6,-41,-5,-40,-4,-38,-2,-38,-1,-33]"
CSI_DATA,133112,d8:b1:90:d9:de:f0,-62,11,-99,-40,65,56,1969622190,100,0,114,0,"[-31,20,-34,20,-37,19,-40,16,-40,14,-40,11,-38,10,-37,9,-36,6,-33,5,-33,3,-31,2,-32,2,-32,2,-32,0,-32,0,-34,1,-33,1,-34,0,-33,1,-34,1,-34,0,-33,0,-32,0,-34,0,-33,-1,-32,-1,-34,0,0,0,-34,-1,-34,-2,-36,-2,-37,-1,-38,-3,-40,-3,-40,-3,-41,-5,-42,-6,-41,-5,-40,-6,-38,-7,-37,-7,-37,-7,-34,-9,-34,-9,-33,-7,-34,-9,-36,-10,-37,-12,-37,-12,-37,-15,-37,-16,-38,-19,-37,-20,-34,-22,-28,-22,-24,-22]"
CSI_DATA,133113,d8:b1:90:d9:de:f0,-62,11,-99,-40,65,56,1969637686,100,0,114,0,"[-5,36,-6,38,-7,41,-9,41,-7,42,-9,41,-10,40,-9,36,-6,34,-7,34,-6,32,-7,32,-5,32,-5,32,-3,32,-3,33,-1,33,-1,36,0,37,0,34,3,36,3,36,5,36,7,36,7,36,6,34,9,33,10,31,0,0,12,31,14,32,15,32,18,33,18,33,20,33,20,33,22,34,24,33,24,33,23,32,24,32,24,29,24,27,23,24,24,24,24,23,24,22,27,22,27,23,28,24,29,25,31,25,31,27,29,25,27,25,24,25,22,23]"
CSI_DATA,133114,d8:b1:90:d9:de:f0,-62,11,-99,-39,65,56,1969647859,100,0,114,0,"[-32,10,-35,8,-37,8,-37,7,-40,7,-37,5,-37,3,-35,2,-35,3,-33,2,-31,2,-32,1,-32,2,-31,2,-31,1,-31,2,-31,2,-33,2,-33,3,-33,3,-33,3,-33,5,-32,5,-32,5,-32,5,-31,5,-31,6,-30,6,0,0,-33,8,-32,8,-32,8,-36,11,-35,10,-36,11,-36,12,-39,11,-39,12,-39,13,-37,11,-35,11,-33,11,-31,11,-32,12,-31,10,-31,11,-31,11,-32,11,-33,12,-36,12,-36,11,-37,11,-39,10,-39,7,-36,6,-35,5,-30,2]"
CSI_DATA,133115,d8:b1:90:d9:de:f0,-63,11,-99,-39,65,56,1969667647,100,0,114,0,"[-32,1,-35,0,-39,0,-40,0,-40,-2,-40,-2,-37,-3,-36,-3,-33,-1,-32,-1,-31,-1,-31,-1,-32,0,-31,0,-31,0,-31,2,-31,3,-33,3,-33,5,-33,6,-33,7,-35,8,-33,8,-32,12,-32,10,-31,11,-30,12,-30,13,0,0,-28,16,-30,18,-28,18,-31,21,-30,21,-31,22,-30,25,-32,26,-30,27,-30,27,-28,27,-26,26,-23,26,-23,26,-22,26,-21,25,-21,26,-20,26,-18,27,-20,28,-21,30,-20,30,-21,30,-22,31,-25,31,-22,27,-21,26,-20,22]"
CSI_DATA,133116,d8:b1:90:d9:de:f0,-62,11,-99,-39,65,56,1969677833,100,0,114,0,"[-26,20,-28,20,-32,20,-35,20,-35,18,-35,17,-32,15,-33,15,-30,13,-31,11,-28,11,-28,11,-31,12,-30,11,-30,11,-30,12,-30,13,-31,13,-30,15,-30,15,-32,16,-32,16,-30,16,-30,16,-30,16,-28,16,-28,16,-28,16,0,0,-28,18,-28,18,-28,20,-30,21,-30,21,-31,21,-31,21,-33,23,-33,23,-33,22,-31,23,-31,22,-30,22,-28,21,-26,21,-27,22,-26,21,-27,21,-27,21,-28,20,-28,21,-28,21,-30,21,-32,21,-35,18,-32,17,-30,15,-27,11]"
CSI_DATA,133117,d8:b1:90:d9:de:f0,-62,11,-99,-39,65,56,1969687887,100,0,114,0,"[-31,13,-35,13,-39,12,-40,11,-40,8,-39,6,-37,3,-36,2,-35,2,-33,0,-32,0,-31,-1,-31,-1,-30,-1,-31,-2,-31,-2,-32,-3,-35,-3,-35,-3,-35,-3,-33,-3,-35,-5,-33,-3,-32,-5,-32,-5,-32,-5,-31,-6,-32,-6,0,0,-33,-5,-35,-5,-35,-6,-36,-6,-36,-7,-39,-7,-39,-8,-39,-10,-40,-10,-40,-10,-37,-8,-35,-11,-35,-10,-33,-10,-33,-10,-31,-11,-30,-11,-30,-11,-31,-12,-32,-13,-32,-15,-32,-16,-32,-17,-33,-21,-32,-23,-28,-22,-25,-21,-21,-21]"
CSI_DATA,133118,d8:b1:90:d9:de:f0,-62,11,-99,-39,65,56,1969698132,100,0,114,0,"[11,-32,13,-35,16,-37,16,-37,17,-36,17,-36,18,-33,17,-32,16,-32,16,-30,15,-30,15,-28,15,-27,13,-30,13,-30,13,-30,12,-31,13,-32,13,-32,12,-32,10,-33,8,-35,8,-33,6,-32,7,-32,6,-32,6,-31,6,-33,0,0,2,-33,1,-35,1,-36,1,-39,-1,-39,-1,-40,-2,-41,-2,-42,-2,-40,-2,-41,-2,-39,-5,-37,-5,-36,-5,-35,-5,-33,-5,-33,-5,-32,-6,-31,-7,-32,-8,-33,-8,-35,-10,-36,-10,-37,-7,-40,-6,-39,-5,-35,-3,-35,-1,-30]"
CSI_DATA,133119,d8:b1:90:d9:de:f0,-63,11,-99,-38,65,56,1969717698,100,0,114,0,"[-2,33,-6,35,-7,37,-9,39,-12,39,-13,36,-14,34,-15,33,-14,31,-15,30,-15,29,-17,28,-15,28,-17,26,-15,26,-17,26,-17,26,-18,28,-19,28,-18,28,-19,29,-18,29,-18,28,-17,26,-18,25,-17,25,-17,24,-18,25,0,0,-18,28,-19,26,-19,28,-20,29,-20,29,-23,30,-22,30,-24,33,-24,30,-25,30,-24,29,-23,29,-23,28,-20,26,-20,25,-22,24,-20,24,-23,23,-23,23,-24,23,-26,24,-26,26,-28,24,-31,25,-31,20,-31,18,-30,15,-28,12]"
CSI_DATA,133120,d8:b1:90:d9:de:f0,-63,11,-99,-39,65,56,1969728359,100,0,114,0,"[32,7,36,10,37,11,40,12,39,15,37,16,35,15,33,16,32,13,31,13,30,12,28,12,28,12,28,12,28,12,30,11,32,11,31,12,33,11,32,10,33,10,35,10,33,8,33,7,31,5,31,5,31,5,32,3,0,0,33,0,32,2,33,2,36,1,39,1,39,0,39,-1,41,-1,41,-2,40,-2,39,-2,36,-2,36,-3,35,-3,32,-3,33,-2,30,-3,32,-5,32,-5,35,-6,36,-6,37,-6,37,-6,40,-3,41,-3,40,-2,33,0,30,1]"
CSI_DATA,133121,d8:b1:90:d9:de:f0,-63,11,-99,-38,65,56,1969747886,100,0,114,0,"[-1,-34,1,-37,3,-40,4,-39,6,-40,7,-39,9,-37,11,-34,12,-33,12,-30,12,-28,13,-28,12,-29,13,-28,13,-26,13,-28,13,-29,15,-30,14,-29,15,-30,15,-30,15,-31,17,-29,15,-29,18,-28,15,-28,15,-26,15,-26,0,0,17,-26,15,-29,15,-29,18,-31,19,-30,20,-33,20,-31,23,-31,22,-31,23,-30,22,-30,23,-29,22,-28,19,-25,20,-26,19,-23,20,-23,20,-22,22,-24,25,-23,25,-24,26,-25,29,-24,31,-24,33,-20,31,-17,31,-14,28,-12]"
CSI_DATA,133122,d8:b1:90:d9:de:f0,-63,11,-99,-36,65,56,1969759522,100,0,114,0,"[11,31,10,33,9,35,8,36,6,38,5,36,4,35,1,34,2,32,1,31,0,28,-1,28,0,30,-1,28,-1,28,0,30,0,30,-1,32,0,32,0,31,0,32,1,32,0,31,1,31,-1,31,0,31,-1,30,-1,27,0,0,1,30,0,30,0,31,1,33,0,34,-1,35,-1,35,-2,36,0,34,-2,34,-1,34,-3,34,-2,32,-2,31,-1,30,-3,28,-2,28,-4,27,-3,28,-4,31,-5,31,-6,32,-8,34,-11,34,-11,31,-11,28,-13,28,-13,24]"
CSI_DATA,133123,d8:b1:90:d9:de:f0,-64,11,-99,-39,66,56,1969779210,100,0,114,0,"[19,25,20,29,20,31,19,32,19,34,17,32,16,33,15,31,15,29,13,29,13,26,14,28,13,24,13,24,15,24,14,24,16,24,17,26,17,25,17,24,20,25,20,24,20,24,20,22,20,22,21,21,21,20,21,17,0,0,22,19,22,19,23,17,26,19,28,19,28,20,29,20,29,21,29,19,30,17,29,16,28,16,26,15,26,14,25,13,24,12,25,13,25,11,26,12,28,13,29,13,29,14,30,16,30,15,30,16,28,16,23,17,21,16]"
CSI_DATA,133124,d8:b1:90:d9:de:f0,-63,11,-99,-41,66,56,1969812065,100,0,114,0,"[-10,-33,-10,-36,-9,-39,-9,-40,-9,-41,-8,-41,-5,-39,-5,-38,-5,-36,-4,-35,-5,-32,-5,-32,-7,-30,-5,-29,-8,-30,-7,-30,-9,-32,-10,-30,-10,-32,-10,-30,-13,-33,-15,-33,-14,-29,-16,-29,-15,-27,-16,-26,-16,-26,-17,-24,0,0,-17,-24,-19,-23,-20,-24,-22,-24,-24,-27,-24,-27,-24,-26,-24,-26,-24,-23,-24,-22,-23,-23,-26,-22,-22,-21,-23,-20,-23,-19,-23,-19,-22,-19,-24,-17,-24,-17,-26,-19,-26,-19,-27,-20,-28,-22,-28,-21,-26,-20,-24,-21,-21,-22,-17,-19]"
CSI_DATA,133125,d8:b1:90:d9:de:f0,-63,11,-99,-38,65,56,1969824236,100,0,114,0,"[-13,-33,-13,-36,-12,-39,-11,-41,-11,-42,-11,-41,-7,-40,-7,-39,-7,-36,-6,-34,-7,-33,-6,-33,-7,-33,-8,-31,-9,-31,-7,-33,-9,-33,-11,-34,-11,-34,-11,-33,-13,-33,-13,-31,-13,-30,-14,-30,-14,-29,-14,-28,-14,-26,-17,-25,0,0,-17,-25,-17,-24,-18,-25,-20,-28,-22,-28,-22,-28,-23,-28,-22,-28,-23,-26,-22,-25,-22,-24,-22,-25,-22,-24,-22,-23,-20,-20,-19,-20,-19,-20,-20,-19,-20,-20,-20,-22,-22,-23,-22,-24,-23,-24,-24,-26,-22,-26,-19,-26,-17,-25,-13,-22]"
CSI_DATA,133126,d8:b1:90:d9:de:f0,-63,11,-99,-41,66,56,1969837774,100,0,114,0,"[-30,16,-33,17,-38,15,-39,13,-40,13,-39,10,-39,8,-38,5,-36,5,-35,3,-34,3,-33,2,-33,2,-33,2,-32,2,-33,1,-33,2,-35,0,-35,1,-35,1,-34,1,-35,0,-33,0,-32,0,-32,1,-30,0,-29,0,-30,1,0,0,-32,1,-30,0,-30,0,-34,0,-34,0,-34,-1,-34,-2,-35,-2,-35,-2,-35,-2,-34,-2,-32,-3,-30,-3,-28,-4,-29,-4,-28,-4,-27,-5,-28,-4,-28,-7,-29,-7,-29,-8,-28,-10,-29,-11,-29,-14,-28,-15,-26,-16,-21,-15,-17,-16]"
CSI_DATA,133127,d8:b1:90:d9:de:f0,-63,11,-99,-38,65,56,1969847817,100,0,114,0,"[12,33,12,35,12,39,11,40,11,41,9,40,9,39,8,36,8,36,9,35,8,34,9,33,11,31,11,31,12,31,12,33,13,31,14,33,14,33,17,31,18,31,18,31,18,30,19,29,19,26,20,25,22,24,24,23,0,0,23,23,24,20,24,20,28,23,28,22,29,23,30,22,31,22,31,20,31,19,30,18,30,18,29,17,26,15,26,13,26,12,26,12,26,11,28,11,30,13,30,13,30,14,33,14,31,15,30,14,26,15,24,15,20,15]"
CSI_DATA,133128,d8:b1:90:d9:de:f0,-63,11,-99,-42,66,56,1969858371,100,0,114,0,"[34,11,35,14,36,15,37,18,37,20,34,20,33,22,30,22,30,19,29,19,28,19,26,22,26,20,25,20,26,22,26,22,28,20,28,23,28,22,28,22,28,22,29,22,26,20,29,19,28,19,25,19,26,19,25,18,0,0,28,17,26,18,26,19,29,20,28,20,30,22,30,20,30,20,30,20,29,20,26,19,26,22,25,20,24,19,24,18,23,18,22,18,22,17,23,19,24,19,24,20,23,23,23,24,20,26,20,25,17,24,13,24,11,23]"
CSI_DATA,133129,d8:b1:90:d9:de:f0,-63,11,-99,-42,66,56,1969877852,100,0,114,0,"[29,-15,33,-18,36,-18,37,-17,37,-18,36,-17,35,-14,35,-14,33,-14,33,-13,29,-13,29,-13,30,-14,29,-14,29,-15,29,-17,30,-19,31,-19,31,-20,30,-20,28,-22,28,-24,26,-23,24,-24,25,-23,23,-24,22,-24,22,-25,0,0,19,-25,17,-28,17,-29,18,-30,17,-33,17,-33,15,-34,17,-34,15,-33,15,-34,13,-33,12,-31,11,-31,11,-30,9,-29,9,-29,9,-29,8,-29,7,-29,8,-31,9,-31,7,-33,8,-33,9,-34,11,-31,11,-30,9,-28,9,-23]"
CSI_DATA,133130,d8:b1:90:d9:de:f0,-63,11,-99,-42,66,56,1969887882,100,0,114,0,"[6,-33,8,-36,11,-39,12,-39,13,-39,13,-37,13,-35,14,-34,12,-33,13,-30,13,-28,12,-28,13,-30,14,-29,13,-30,12,-30,12,-33,14,-33,13,-34,12,-33,11,-34,11,-34,11,-33,9,-33,11,-31,8,-31,8,-30,8,-31,0,0,6,-31,7,-33,6,-33,6,-34,6,-36,4,-36,6,-36,4,-37,6,-36,6,-35,4,-35,6,-34,4,-33,3,-30,4,-29,3,-29,3,-29,3,-29,3,-30,6,-30,6,-31,6,-33,6,-34,8,-34,11,-30,11,-30,11,-28,9,-23]"
CSI_DATA,133131,d8:b1:90:d9:de:f0,-63,11,-99,-38,65,56,1969907720,100,0,114,0,"[-1,33,-2,36,-4,39,-4,37,-6,40,-6,37,-6,39,-4,35,-4,35,-3,34,-4,31,-3,33,-1,33,0,31,-1,34,1,34,1,34,1,35,2,34,4,36,4,36,6,36,7,35,8,34,11,34,11,31,12,30,14,29,0,0,15,30,15,30,17,29,19,30,20,30,20,31,23,30,24,31,24,30,24,28,25,25,25,26,24,25,23,23,22,20,20,20,23,19,23,17,25,19,24,19,25,19,26,20,28,20,28,22,26,20,24,20,20,20,18,18]"
CSI_DATA,133132,d8:b1:90:d9:de:f0,-62,11,-99,-39,65,56,1969917884,100,0,114,0,"[33,13,36,16,39,20,39,21,40,22,36,22,35,23,32,22,32,20,31,21,30,18,28,20,27,18,27,18,27,18,28,20,30,18,31,20,32,18,32,18,32,18,31,17,31,17,31,16,32,15,31,15,30,15,31,12,0,0,33,12,32,13,32,12,36,11,35,11,36,11,37,11,37,12,39,11,39,10,36,10,35,11,33,10,32,8,31,8,31,7,30,7,28,6,30,6,31,7,33,7,33,8,32,10,33,11,32,11,30,12,26,12,22,11]"
CSI_DATA,133133,d8:b1:90:d9:de:f0,-63,11,-99,-40,66,56,1969929424,100,0,114,0,"[-32,1,-35,0,-38,-1,-39,-2,-38,-4,-38,-4,-36,-5,-35,-4,-34,-4,-33,-4,-31,-4,-30,-4,-30,-3,-28,-2,-30,-2,-30,-2,-32,-1,-32,-2,-33,-1,-33,0,-33,1,-33,1,-33,2,-31,2,-31,4,-30,4,-30,5,-30,6,0,0,-31,6,-31,8,-31,9,-32,10,-33,10,-34,11,-33,11,-35,12,-34,12,-33,12,-32,15,-30,12,-27,13,-27,13,-26,13,-26,12,-25,13,-26,15,-25,13,-27,15,-28,15,-27,16,-27,15,-28,16,-30,13,-28,12,-26,10,-23,8]"
CSI_DATA,133134,d8:b1:90:d9:de:f0,-63,11,-99,-42,66,56,1969948049,100,0,114,0,"[-11,-31,-9,-36,-8,-39,-6,-39,-6,-41,-6,-41,-4,-39,-2,-36,-2,-35,-1,-34,-1,-33,-1,-33,-2,-31,-1,-33,-2,-33,-2,-33,-3,-34,-3,-35,-3,-35,-6,-34,-4,-34,-4,-35,-4,-34,-6,-33,-6,-33,-6,-31,-7,-30,-7,-30,0,0,-8,-30,-9,-31,-11,-33,-9,-34,-11,-35,-11,-36,-12,-36,-12,-35,-12,-35,-12,-35,-12,-33,-12,-34,-11,-31,-11,-30,-11,-29,-11,-28,-9,-28,-9,-26,-11,-28,-9,-29,-11,-30,-11,-31,-11,-33,-9,-34,-7,-33,-7,-30,-3,-29,-2,-26]"
CSI_DATA,133135,d8:b1:90:d9:de:f0,-63,11,-99,-42,66,56,1969968109,100,0,114,0,"[2,-34,3,-37,4,-39,4,-40,6,-40,6,-40,6,-37,6,-35,6,-35,6,-33,6,-31,4,-31,3,-31,3,-31,2,-33,2,-33,1,-34,1,-35,0,-35,-2,-35,-3,-36,-3,-36,-3,-35,-6,-34,-6,-33,-7,-33,-8,-30,-9,-30,0,0,-11,-31,-13,-31,-14,-31,-14,-34,-17,-34,-17,-34,-18,-35,-18,-35,-20,-31,-19,-31,-20,-31,-20,-30,-20,-29,-20,-26,-19,-25,-19,-24,-19,-24,-20,-22,-20,-23,-22,-24,-23,-25,-24,-26,-24,-28,-25,-28,-24,-25,-20,-25,-19,-25,-17,-22]"
CSI_DATA,133136,d8:b1:90:d9:de:f0,-63,11,-99,-38,65,56,1969987708,100,0,114,0,"[-20,-26,-20,-30,-20,-34,-19,-35,-19,-37,-17,-36,-14,-36,-11,-35,-12,-34,-11,-33,-9,-30,-8,-30,-8,-30,-7,-30,-8,-31,-8,-31,-8,-31,-8,-34,-9,-34,-8,-33,-8,-34,-9,-34,-9,-34,-9,-31,-8,-33,-9,-31,-9,-29,-8,-30,0,0,-8,-30,-11,-30,-11,-31,-12,-35,-12,-35,-11,-36,-12,-36,-11,-39,-12,-36,-9,-36,-9,-36,-9,-36,-9,-33,-8,-31,-9,-31,-8,-30,-7,-30,-6,-29,-7,-30,-6,-31,-6,-31,-6,-35,-3,-35,-3,-37,-2,-35,-1,-31,1,-33,3,-26]"
CSI_DATA,133137,d8:b1:90:d9:de:f0,-63,11,-99,-42,66,56,1969997792,100,0,114,0,"[28,18,30,20,31,22,33,23,35,24,33,24,30,24,30,24,30,19,29,20,26,17,28,18,28,17,26,17,28,15,28,14,30,14,31,13,33,13,31,12,35,11,34,8,34,8,33,4,31,6,33,4,31,3,33,1,0,0,33,0,31,-3,34,-3,34,-4,36,-6,36,-6,36,-7,37,-8,37,-11,37,-11,35,-12,34,-11,33,-13,30,-13,29,-13,29,-14,28,-14,29,-15,29,-17,29,-17,30,-17,29,-18,30,-17,31,-18,31,-18,30,-15,26,-14,24,-12]"
CSI_DATA,133138,d8:b1:90:d9:de:f0,-62,11,-99,-40,65,56,1970017824,100,0,114,0,"[36,1,40,5,42,6,41,7,42,10,41,11,38,14,37,14,36,14,33,12,31,12,31,14,31,14,31,14,29,15,29,15,31,15,33,15,34,15,32,15,33,18,34,15,33,16,31,14,31,15,32,16,31,14,32,14,0,0,31,14,32,14,32,14,34,15,36,16,36,16,36,18,36,18,36,16,36,16,34,18,32,18,31,16,29,16,29,15,29,15,28,15,28,16,29,16,29,18,31,19,29,19,28,22,31,25,28,24,27,23,22,23,18,22]"
CSI_DATA,133139,d8:b1:90:d9:de:f0,-63,11,-99,-41,66,56,1970033507,100,0,114,0,"[10,30,10,33,10,35,10,36,10,36,10,36,9,35,9,34,10,30,10,30,10,27,10,28,11,28,13,27,13,27,14,26,15,27,17,27,19,27,17,24,20,26,22,24,22,24,23,22,23,21,23,21,24,20,26,19,0,0,27,15,27,15,29,14,33,14,34,14,34,13,35,10,36,11,35,8,36,8,34,7,34,7,33,4,32,3,30,1,32,2,30,1,32,-1,32,-2,33,-2,34,-2,35,-3,35,-2,38,-3,36,-4,34,-3,32,-2,28,-2]"
CSI_DATA,133140,d8:b1:90:d9:de:f0,-62,11,-99,-40,65,56,1970047733,100,0,114,0,"[-5,36,-6,40,-7,42,-11,42,-11,44,-14,41,-15,38,-15,37,-15,36,-15,34,-15,31,-14,32,-15,29,-14,29,-14,31,-14,29,-14,31,-15,32,-15,31,-16,31,-15,34,-16,33,-15,32,-15,32,-14,31,-12,31,-12,29,-12,29,0,0,-14,31,-11,31,-12,32,-15,34,-12,36,-15,37,-15,37,-16,37,-15,37,-16,36,-16,34,-15,33,-14,32,-14,31,-14,29,-15,29,-15,29,-15,28,-15,29,-16,28,-18,29,-18,31,-18,32,-22,31,-23,28,-23,25,-22,24,-20,19]"
CSI_DATA,133141,d8:b1:90:d9:de:f0,-62,11,-99,-40,65,56,1970067645,100,0,114,0,"[18,-32,20,-33,24,-36,24,-34,25,-36,24,-33,25,-32,24,-31,22,-31,22,-27,20,-27,20,-25,20,-25,20,-27,19,-27,19,-25,18,-29,19,-29,19,-31,18,-32,18,-32,16,-33,15,-32,12,-32,14,-33,12,-31,11,-32,11,-31,0,0,10,-33,9,-33,7,-33,7,-36,6,-36,7,-37,5,-38,6,-40,6,-38,6,-40,5,-38,5,-37,3,-36,1,-33,2,-32,1,-33,1,-32,1,-32,0,-33,0,-36,0,-37,0,-37,0,-40,1,-38,3,-36,3,-33,3,-33,5,-28]"
CSI_DATA,133142,d8:b1:90:d9:de:f0,-62,11,-99,-39,65,56,1970077724,100,0,114,0,"[36,1,40,5,42,5,44,8,41,10,40,12,37,13,37,12,35,11,33,12,31,12,30,12,31,12,30,12,31,12,30,13,32,12,31,13,32,13,31,13,33,13,33,13,33,13,32,12,31,11,30,11,30,10,31,10,0,0,33,11,31,10,33,11,33,11,35,10,35,11,36,11,39,13,37,12,36,11,36,12,35,12,33,11,32,11,31,8,31,11,28,10,30,10,31,11,32,12,32,13,32,13,32,15,31,17,32,18,28,18,25,18,21,17]"
CSI_DATA,133143,d8:b1:90:d9:de:f0,-63,11,-99,-38,65,56,1970087726,100,0,114,0,"[30,-18,34,-19,36,-19,36,-18,36,-19,35,-19,35,-18,33,-17,31,-17,30,-15,28,-15,26,-17,26,-18,25,-17,25,-19,24,-20,24,-20,24,-23,24,-23,24,-24,22,-26,22,-26,19,-26,18,-28,17,-26,14,-26,13,-28,12,-28,0,0,12,-31,8,-31,8,-33,7,-34,6,-35,6,-36,4,-36,6,-39,3,-37,2,-40,0,-39,0,-39,-1,-35,-1,-34,-2,-33,-3,-31,-6,-31,-6,-30,-6,-33,-6,-34,-7,-34,-8,-36,-9,-36,-9,-36,-7,-35,-6,-33,-6,-31,-4,-28]"
CSI_DATA,133144,d8:b1:90:d9:de:f0,-62,11,-99,-35,64,56,1970097738,100,0,114,0,"[36,6,39,7,41,10,41,11,42,11,39,12,39,13,36,12,35,11,33,11,31,10,32,11,32,10,31,8,32,8,31,10,32,8,35,8,35,7,35,6,35,6,36,5,35,5,33,3,33,2,32,1,32,1,32,0,0,0,33,-1,33,-2,33,-2,36,-3,37,-5,37,-5,37,-5,40,-5,40,-6,40,-8,37,-8,36,-6,36,-7,33,-7,32,-8,31,-8,31,-8,31,-10,31,-10,32,-10,33,-10,33,-10,35,-10,36,-10,36,-8,35,-6,31,-5,27,-2]"
CSI_DATA,133145,d8:b1:90:d9:de:f0,-62,11,-99,-39,65,56,1970118074,100,0,114,0,"[8,35,8,40,7,41,8,44,7,44,7,42,6,41,6,39,7,35,6,35,6,33,6,32,8,32,8,32,10,32,10,32,12,33,13,32,13,33,15,31,16,33,17,31,17,31,20,30,18,27,20,26,20,26,23,25,0,0,22,23,23,23,26,23,28,23,30,25,31,25,32,22,32,23,32,21,32,20,33,18,32,18,32,16,30,15,31,13,30,12,30,11,30,11,31,10,31,11,33,11,33,11,35,12,36,12,36,12,33,12,30,13,26,11]"
CSI_DATA,133146,d8:b1:90:d9:de:f0,-63,11,-99,-38,65,56,1970138080,100,0,114,0,"[9,-33,13,-34,15,-36,18,-36,20,-35,20,-34,22,-31,22,-29,20,-29,20,-26,19,-24,19,-24,20,-24,20,-23,19,-22,20,-23,22,-24,23,-24,23,-25,24,-25,22,-25,22,-25,20,-25,20,-23,22,-24,20,-24,22,-24,20,-23,0,0,22,-24,22,-25,22,-25,23,-25,23,-28,23,-29,23,-28,25,-28,25,-28,25,-28,26,-26,25,-25,24,-24,23,-23,23,-23,23,-20,23,-20,24,-22,23,-22,26,-22,28,-22,28,-23,29,-23,33,-20,33,-18,31,-14,30,-13,26,-9]"
CSI_DATA,133147,d8:b1:90:d9:de:f0,-62,11,-99,-39,65,56,1970157807,100,0,114,0,"[-32,10,-36,8,-40,10,-42,7,-42,7,-41,6,-40,3,-37,3,-36,3,-36,2,-32,5,-32,3,-31,5,-31,5,-31,5,-32,6,-33,7,-35,7,-33,8,-33,8,-32,8,-33,10,-31,10,-32,11,-32,11,-28,12,-30,12,-30,12,0,0,-30,15,-30,16,-30,18,-31,20,-31,20,-32,20,-32,21,-32,21,-33,23,-31,23,-30,23,-28,23,-27,22,-27,21,-25,22,-26,21,-25,21,-23,22,-25,22,-26,23,-28,23,-28,26,-27,25,-28,25,-30,23,-30,21,-26,18,-22,15]"
CSI_DATA,133148,d8:b1:90:d9:de:f0,-62,11,-99,-40,65,56,1970177755,100,0,114,0,"[23,-27,25,-28,28,-29,31,-29,32,-31,31,-31,31,-29,28,-27,25,-27,25,-27,24,-25,23,-27,20,-24,19,-25,18,-27,18,-27,16,-31,16,-29,16,-31,15,-32,14,-32,12,-33,10,-33,10,-32,9,-33,6,-33,5,-33,2,-32,0,0,1,-33,0,-34,0,-36,-2,-37,-3,-37,-5,-40,-7,-40,-9,-40,-9,-38,-10,-38,-11,-36,-11,-36,-12,-33,-12,-32,-12,-29,-14,-29,-16,-29,-16,-28,-16,-28,-18,-31,-19,-31,-22,-32,-23,-32,-23,-33,-19,-32,-19,-31,-18,-31,-14,-27]"
CSI_DATA,133149,d8:b1:90:d9:de:f0,-62,11,-99,-39,65,56,1970188229,100,0,114,0,"[-1,36,-3,40,-6,42,-7,44,-7,42,-8,41,-10,40,-10,37,-8,36,-10,33,-10,33,-8,31,-8,31,-7,31,-7,32,-7,32,-7,32,-6,32,-7,35,-6,33,-6,36,-3,36,-5,33,-3,35,-3,33,-2,33,-2,33,-1,32,0,0,-1,32,1,32,1,35,2,35,2,37,2,39,3,39,2,40,2,39,3,39,3,37,2,37,5,36,3,35,3,32,3,32,5,31,5,32,5,31,3,33,3,33,3,36,3,37,2,37,1,36,-1,33,-1,32,-3,28]"
CSI_DATA,133150,d8:b1:90:d9:de:f0,-63,11,-99,-39,65,56,1970207654,100,0,114,0,"[-30,20,-33,20,-37,17,-39,16,-41,15,-40,11,-39,8,-37,7,-36,7,-35,6,-33,5,-32,2,-31,2,-31,2,-31,1,-31,0,-32,0,-33,0,-33,0,-33,0,-35,0,-36,0,-35,-1,-33,0,-33,-1,-32,-2,-31,-2,-33,-1,0,0,-32,-1,-32,-3,-32,-2,-36,-2,-36,-3,-37,-5,-39,-5,-39,-6,-39,-6,-37,-6,-36,-7,-35,-8,-33,-8,-32,-7,-32,-7,-31,-8,-30,-10,-31,-10,-31,-10,-32,-11,-33,-13,-32,-13,-32,-16,-32,-18,-31,-21,-28,-21,-23,-20,-20,-20]"
CSI_DATA,133151,d8:b1:90:d9:de:f0,-62,11,-99,-39,65,56,1970217687,100,0,114,0,"[-16,-32,-15,-37,-16,-39,-15,-39,-15,-41,-13,-40,-13,-40,-11,-37,-11,-36,-10,-35,-10,-32,-10,-31,-10,-28,-10,-30,-10,-30,-11,-30,-13,-30,-13,-31,-16,-31,-16,-30,-17,-31,-18,-31,-17,-31,-18,-28,-17,-28,-18,-26,-18,-25,-20,-26,0,0,-21,-22,-23,-25,-25,-25,-27,-25,-28,-26,-28,-26,-28,-27,-28,-27,-30,-25,-30,-23,-31,-22,-28,-23,-30,-20,-28,-20,-28,-17,-28,-17,-28,-16,-27,-15,-28,-16,-30,-18,-31,-17,-31,-20,-32,-21,-33,-20,-32,-18,-30,-20,-26,-20,-22,-17]"
CSI_DATA,133152,d8:b1:90:d9:de:f0,-63,11,-99,-33,64,56,1970237697,100,0,114,0,"[-32,13,-35,13,-40,10,-39,8,-40,5,-39,3,-38,2,-35,0,-34,1,-33,0,-30,-1,-30,-2,-30,-2,-29,-3,-29,-4,-29,-4,-29,-4,-32,-5,-30,-4,-30,-5,-32,-7,-33,-5,-32,-5,-32,-7,-32,-7,-29,-8,-29,-7,-29,-5,0,0,-32,-8,-30,-8,-30,-8,-34,-9,-34,-10,-34,-11,-35,-11,-35,-14,-35,-13,-35,-14,-34,-14,-33,-15,-30,-14,-28,-14,-29,-15,-29,-15,-28,-15,-28,-15,-29,-16,-29,-17,-29,-20,-29,-21,-28,-22,-27,-26,-27,-26,-23,-26,-19,-24,-16,-23]"
CSI_DATA,133153,d8:b1:90:d9:de:f0,-63,11,-99,-38,65,56,1970247944,100,0,114,0,"[34,8,36,9,39,12,39,13,40,14,36,14,36,15,33,14,33,13,31,13,30,13,29,12,29,12,29,11,28,12,28,12,30,8,31,9,31,9,31,7,31,8,33,8,31,6,31,4,31,4,31,4,30,3,30,4,0,0,31,0,31,1,33,0,36,0,35,0,36,-1,37,-1,39,-2,39,-3,39,-4,37,-3,35,-3,35,-4,34,-4,33,-6,34,-6,33,-6,31,-7,31,-7,34,-8,36,-7,36,-8,37,-6,39,-4,40,-4,37,-3,34,-2,30,0]"
CSI_DATA,133154,d8:b1:90:d9:de:f0,-63,11,-99,-40,66,56,1970267751,100,0,114,0,"[32,-12,35,-11,38,-10,39,-8,40,-5,39,-2,39,-1,35,0,33,1,31,2,30,2,28,4,28,3,27,3,27,5,27,5,28,5,31,5,30,5,30,6,31,6,30,8,30,9,28,8,30,8,27,6,26,8,26,9,0,0,28,8,28,9,28,9,32,9,32,11,32,11,32,12,33,15,33,15,32,13,32,15,32,16,30,15,27,15,30,15,26,15,27,16,26,15,28,17,28,19,28,21,28,23,27,26,27,26,27,28,23,27,19,27,16,24]"
CSI_DATA,133155,d8:b1:90:d9:de:f0,-63,11,-99,-39,65,56,1970277855,100,0,114,0,"[-23,26,-27,28,-31,28,-31,28,-32,28,-32,26,-31,23,-31,22,-27,23,-27,22,-25,21,-23,20,-25,18,-23,20,-22,21,-23,21,-22,22,-25,22,-23,23,-23,23,-21,26,-21,27,-20,27,-18,27,-20,26,-18,26,-18,25,-17,26,0,0,-15,27,-15,28,-15,30,-16,32,-13,33,-15,35,-12,36,-13,36,-12,35,-13,36,-13,35,-12,35,-11,35,-10,33,-10,32,-10,31,-8,32,-7,31,-7,33,-7,35,-8,36,-7,37,-8,39,-12,39,-12,36,-12,35,-12,32,-11,28]"
CSI_DATA,133156,d8:b1:90:d9:de:f0,-63,11,-99,-39,65,56,1970297827,100,0,114,0,"[-2,-36,-1,-39,0,-41,1,-42,0,-42,1,-41,2,-40,1,-36,0,-36,1,-35,-1,-32,-1,-32,-2,-31,-3,-31,-5,-31,-5,-31,-7,-31,-10,-31,-10,-31,-10,-30,-12,-31,-13,-31,-13,-28,-15,-27,-16,-26,-17,-26,-18,-25,-20,-22,0,0,-22,-22,-22,-21,-23,-21,-27,-22,-28,-22,-30,-22,-30,-21,-32,-23,-33,-20,-32,-18,-33,-17,-33,-16,-32,-15,-31,-12,-31,-11,-30,-10,-30,-8,-28,-7,-30,-7,-33,-8,-35,-7,-36,-8,-39,-8,-40,-8,-39,-7,-35,-7,-33,-8,-28,-8]"
CSI_DATA,133157,d8:b1:90:d9:de:f0,-63,9,-99,-41,66,56,1970311609,98,0,106,0,"[14,1,-141,0,77,1,105,0,73,1,46,0,14,1,11,0,-42,0,-27,17,-106,0,-72,17,-140,0,-136,17,148,0,123,17,144,0,96,17,129,0,106,17,92,0,-149,17,32,0,-93,17,-55,17,-54,17,0,0,0,0,91,17,-67,17,33,17,-86,17,24,17,-99,17,53,17,-73,17,87,17,-16,17,116,17,73,0,114,17,150,0,80,17,-112,0,35,17,-109,0,-10,16,-148,0,-28,16,79,0,13,17,-13,17,105,17]"
CSI_DATA,133158,d8:b1:90:d9:de:f0,-63,11,-99,-41,66,56,1970327674,100,0,114,0,"[28,22,29,26,29,28,27,30,27,33,22,32,20,32,17,30,16,29,14,29,13,28,13,28,10,26,11,27,11,27,10,27,10,28,11,29,10,28,10,28,10,29,10,29,9,29,10,29,9,29,9,28,9,27,9,29,0,0,8,29,8,29,8,29,9,33,9,33,9,34,8,35,7,38,8,35,5,36,5,35,4,35,3,34,4,33,3,32,2,30,2,33,1,32,0,32,-1,34,-1,35,-3,36,-4,39,-7,38,-7,36,-9,33,-11,32,-10,26]"
CSI_DATA,133159,d8:b1:90:d9:de:f0,-63,11,-99,-41,66,56,1970338590,100,0,114,0,"[20,29,20,33,19,35,17,36,16,38,14,36,13,35,10,34,10,32,9,32,9,29,8,28,8,27,8,28,9,28,8,28,9,28,9,28,10,29,10,28,11,29,11,30,11,27,11,28,11,27,13,27,11,26,13,26,0,0,14,24,14,27,15,28,16,28,17,29,16,32,19,32,19,33,17,29,17,32,17,30,19,32,17,29,16,28,16,26,15,27,15,27,15,27,16,28,16,28,16,29,17,32,16,34,16,34,15,32,11,32,9,30,7,28]"
CSI_DATA,133160,d8:b1:90:d9:de:f0,-63,11,-99,-41,66,56,1970357741,100,0,114,0,"[10,34,8,36,7,39,4,40,3,41,1,40,-1,39,-3,36,-3,33,-4,32,-4,30,-5,29,-5,28,-7,28,-5,27,-5,28,-5,28,-7,29,-8,29,-7,28,-8,32,-8,32,-9,29,-8,29,-9,29,-9,29,-8,28,-9,27,0,0,-9,26,-8,28,-9,29,-10,32,-11,32,-13,33,-13,33,-15,34,-14,34,-16,32,-15,32,-16,33,-15,29,-15,29,-15,27,-16,26,-16,26,-16,26,-16,26,-21,27,-21,27,-23,28,-24,28,-27,26,-27,23,-27,20,-27,17,-26,15]"
CSI_DATA,133161,d8:b1:90:d9:de:f0,-63,11,-99,-38,65,56,1970370605,100,0,114,0,"[8,-34,9,-36,11,-39,14,-39,15,-39,17,-39,15,-36,14,-35,13,-33,12,-30,11,-28,9,-29,11,-29,8,-29,8,-30,8,-29,7,-31,8,-31,7,-33,7,-31,4,-33,3,-34,2,-31,1,-31,0,-30,0,-31,-1,-30,-2,-31,0,0,-3,-30,-3,-31,-4,-33,-4,-34,-9,-36,-8,-35,-11,-36,-9,-37,-11,-36,-12,-34,-12,-35,-14,-34,-13,-33,-12,-31,-12,-29,-13,-30,-13,-29,-15,-29,-15,-29,-18,-30,-18,-31,-18,-33,-19,-34,-18,-35,-17,-33,-14,-33,-12,-31,-9,-29]"
CSI_DATA,133162,d8:b1:90:d9:de:f0,-63,11,-99,-38,65,56,1970387675,100,0,114,0,"[-34,-11,-36,-15,-36,-18,-35,-20,-36,-23,-33,-24,-31,-25,-28,-24,-26,-25,-24,-24,-23,-23,-22,-24,-20,-23,-20,-23,-20,-24,-19,-24,-19,-23,-20,-25,-19,-25,-19,-25,-19,-25,-19,-26,-18,-25,-18,-25,-18,-25,-18,-25,-18,-24,-19,-25,0,0,-17,-23,-18,-26,-18,-26,-19,-29,-19,-29,-18,-30,-19,-30,-19,-34,-19,-33,-20,-33,-17,-33,-17,-33,-15,-31,-14,-30,-15,-30,-13,-30,-13,-31,-13,-30,-14,-31,-12,-34,-11,-35,-11,-36,-8,-39,-6,-39,-6,-37,-2,-35,1,-35,2,-29]"
CSI_DATA,133163,d8:b1:90:d9:de:f0,-63,11,-99,-41,66,56,1970397664,100,0,114,0,"[34,-1,38,2,40,2,40,3,40,4,39,4,36,5,36,4,35,3,34,4,30,3,30,4,29,2,30,2,29,1,29,1,29,0,30,-1,32,0,30,-2,30,-2,29,-3,29,-3,28,-5,28,-4,29,-7,28,-7,30,-9,0,0,28,-8,28,-11,28,-11,30,-14,32,-15,32,-15,32,-16,33,-16,32,-19,33,-19,32,-19,30,-19,28,-19,27,-19,27,-20,26,-20,26,-19,27,-22,26,-22,27,-21,28,-22,28,-23,28,-23,30,-24,30,-22,30,-21,27,-20,26,-15]"
CSI_DATA,133164,d8:b1:90:d9:de:f0,-63,11,-99,-41,66,56,1970409036,100,0,114,0,"[33,8,35,9,38,11,38,11,38,11,38,11,35,13,33,11,32,8,32,9,28,8,28,8,30,5,29,5,29,4,30,4,30,3,30,2,30,0,33,-1,30,-2,29,-2,28,-3,28,-4,30,-5,28,-7,28,-7,28,-9,0,0,29,-11,28,-13,27,-14,29,-17,29,-17,29,-19,29,-20,30,-20,30,-22,29,-23,27,-23,27,-23,24,-22,23,-22,22,-23,21,-24,21,-26,21,-24,20,-27,21,-28,21,-29,20,-29,20,-30,22,-33,24,-32,22,-29,20,-26,19,-22]"
CSI_DATA,133165,d8:b1:90:d9:de:f0,-63,11,-99,-41,66,56,1970427797,100,0,114,0,"[35,2,38,5,39,7,40,8,41,9,38,9,39,10,34,9,33,8,32,8,28,7,29,8,29,5,28,5,28,5,29,5,28,4,30,4,30,3,32,2,30,2,30,0,30,0,29,0,32,-2,29,-2,29,-2,28,-4,0,0,29,-4,29,-5,28,-7,33,-8,32,-8,33,-9,34,-10,35,-10,34,-11,35,-13,33,-14,32,-11,32,-13,28,-13,29,-13,28,-14,28,-15,28,-15,29,-15,29,-16,32,-17,32,-16,34,-17,35,-17,36,-16,33,-14,32,-11,27,-10]"
CSI_DATA,133166,d8:b1:90:d9:de:f0,-63,9,-99,-40,66,56,1970440286,108,0,106,0,"[118,17,-1,0,-123,17,70,1,-84,17,72,1,-51,17,26,1,-10,17,-20,0,35,0,-77,0,84,0,-107,0,131,0,-130,0,-128,0,-128,0,-129,0,-142,0,128,0,121,0,88,0,47,0,61,0,-33,17,0,0,0,0,120,0,109,17,-145,0,66,17,-120,0,57,17,-135,0,66,17,88,0,81,17,4,0,86,17,-57,17,60,17,-87,17,30,17,-78,17,-9,16,-25,17,-53,16,54,0,-38,16,127,0,35,17,-131,0]"
CSI_DATA,133167,d8:b1:90:d9:de:f0,-63,11,-99,-41,66,56,1970457797,100,0,114,0,"[26,24,27,28,27,30,27,30,28,34,27,34,24,33,23,30,21,27,21,27,20,23,19,23,20,23,20,23,20,23,20,23,22,21,23,22,24,22,23,21,24,21,27,20,26,20,24,19,24,16,24,16,26,15,26,14,0,0,27,11,27,13,29,13,32,13,32,13,34,13,34,11,34,13,35,10,35,9,33,9,34,9,33,8,32,5,32,5,30,7,30,5,30,3,33,4,32,4,35,3,35,5,36,7,36,7,38,7,34,8,32,9,27,9]"
CSI_DATA,133168,d8:b1:90:d9:de:f0,-63,11,-99,-37,65,56,1970477674,100,0,114,0,"[33,14,35,17,35,21,35,23,34,24,30,26,30,26,27,24,23,24,22,23,20,23,20,23,20,23,19,23,20,24,19,24,19,24,19,26,19,26,19,26,19,26,20,26,17,27,17,24,19,24,17,26,17,24,17,24,0,0,16,26,17,26,17,27,17,29,19,28,17,30,19,32,17,32,17,30,17,30,15,30,15,30,14,30,14,29,11,27,11,28,11,28,11,28,11,29,10,32,10,33,9,34,8,38,7,39,5,36,2,35,-1,33,-2,29]"
CSI_DATA,133169,d8:b1:90:d9:de:f0,-63,11,-99,-40,66,56,1970487711,100,0,114,0,"[-33,10,-36,10,-40,10,-42,9,-41,8,-40,8,-36,5,-36,5,-33,6,-31,5,-31,5,-27,5,-28,5,-28,6,-27,6,-28,8,-30,10,-28,9,-30,11,-27,11,-28,13,-27,12,-25,15,-26,15,-24,15,-23,15,-23,16,-23,17,0,0,-24,18,-21,18,-23,21,-23,21,-23,24,-24,24,-23,25,-23,27,-24,27,-21,26,-21,27,-21,26,-19,26,-19,26,-18,25,-19,26,-16,25,-17,26,-17,27,-18,27,-19,28,-19,31,-19,30,-20,31,-21,30,-21,28,-19,25,-19,21]"
CSI_DATA,133170,d8:b1:90:d9:de:f0,-63,11,-99,-41,66,56,1970507806,100,0,114,0,"[34,-11,38,-10,40,-8,42,-7,42,-3,42,-2,40,0,38,1,34,0,33,2,30,2,29,3,29,3,28,4,29,4,28,5,29,4,30,5,30,7,29,7,30,7,30,7,29,7,29,5,28,7,27,8,27,7,28,7,0,0,28,8,28,7,29,9,30,9,32,10,33,10,33,10,34,11,34,13,33,13,33,13,30,15,30,14,29,14,28,15,28,16,28,16,28,15,28,17,29,19,30,21,29,22,28,24,27,27,27,27,23,27,19,26,16,26]"
CSI_DATA,133171,d8:b1:90:d9:de:f0,-63,11,-99,-39,65,56,1970527756,100,0,114,0,"[-21,30,-25,31,-28,32,-30,32,-31,32,-31,31,-31,27,-30,26,-27,26,-27,23,-25,22,-25,21,-25,20,-25,20,-23,20,-23,20,-22,22,-25,21,-26,22,-25,22,-22,21,-22,22,-21,22,-20,22,-21,22,-20,21,-20,21,-21,22,0,0,-20,23,-20,23,-20,25,-21,26,-21,27,-21,28,-21,28,-23,30,-22,28,-23,28,-23,28,-22,27,-22,27,-20,26,-21,25,-21,25,-20,25,-21,25,-21,26,-22,27,-22,28,-23,28,-25,28,-30,27,-31,25,-28,23,-28,21,-27,18]"
CSI_DATA,133172,d8:b1:90:d9:de:f0,-63,11,-99,-36,65,56,1970537761,100,0,114,0,"[16,33,15,36,11,39,9,41,10,41,8,40,3,39,2,36,2,33,-1,32,0,30,-1,30,-1,28,-2,27,-2,26,-2,27,-2,30,-2,30,-2,30,-3,30,-3,30,-2,28,-3,27,-2,27,-3,28,-3,27,-3,27,-3,27,0,0,-4,27,-2,28,-3,28,-5,31,-4,31,-5,32,-6,33,-9,34,-8,33,-9,33,-8,32,-9,33,-9,32,-10,30,-9,28,-10,28,-11,28,-11,27,-11,28,-15,30,-16,31,-17,32,-19,33,-20,32,-21,30,-23,26,-24,25,-21,20]"
CSI_DATA,133173,d8:b1:90:d9:de:f0,-63,11,-99,-42,66,56,1970548266,100,0,114,0,"[20,31,22,34,20,37,20,37,20,37,19,37,17,36,15,35,14,30,13,29,13,26,12,28,12,26,12,26,12,26,12,26,13,26,13,26,15,25,15,24,15,25,17,25,17,24,17,23,18,24,18,25,17,23,18,22,0,0,22,22,20,20,22,22,23,23,24,24,25,25,28,25,29,25,29,23,28,23,28,23,29,24,28,23,25,22,26,19,26,19,25,19,26,19,28,19,28,20,30,20,29,23,30,25,31,26,29,25,28,25,23,25,20,24]"
CSI_DATA,133174,d8:b1:90:d9:de:f0,-63,11,-99,-39,65,56,1970567910,100,0,114,0,"[33,-18,39,-17,40,-13,41,-13,42,-12,41,-8,41,-7,39,-5,35,-5,33,-3,32,-1,31,0,31,0,31,0,30,2,28,2,30,1,31,2,31,2,31,2,32,2,31,2,31,2,30,2,33,3,31,5,31,3,30,3,0,0,32,3,31,5,32,6,33,6,35,7,36,7,37,7,37,8,37,7,37,8,36,11,35,12,33,12,32,11,32,10,30,13,30,12,31,12,32,13,32,15,33,17,32,18,32,22,32,25,31,26,27,26,23,26,18,23]"
CSI_DATA,133175,d8:b1:90:d9:de:f0,-63,11,-99,-38,65,56,1970577930,100,0,114,0,"[-7,-34,-7,-37,-6,-41,-6,-41,-4,-44,-3,-41,-2,-40,-2,-36,-2,-35,-1,-34,-1,-33,-2,-30,-3,-28,-2,-30,-3,-30,-4,-30,-4,-29,-6,-29,-6,-30,-7,-29,-8,-29,-9,-30,-9,-29,-9,-29,-9,-28,-11,-25,-12,-26,-12,-24,0,0,-14,-26,-14,-25,-15,-26,-18,-28,-20,-28,-20,-29,-20,-29,-22,-30,-22,-29,-23,-28,-23,-28,-23,-29,-22,-29,-22,-25,-22,-23,-23,-23,-23,-23,-24,-22,-25,-22,-25,-24,-26,-25,-26,-26,-26,-28,-28,-28,-28,-28,-24,-28,-20,-26,-17,-24]"
CSI_DATA,133176,d8:b1:90:d9:de:f0,-63,11,-99,-39,65,56,1970597827,100,0,114,0,"[-36,5,-40,2,-42,-1,-44,-2,-45,-6,-41,-7,-40,-8,-37,-10,-35,-8,-32,-10,-31,-11,-30,-11,-28,-11,-28,-11,-28,-13,-27,-13,-28,-12,-28,-13,-30,-13,-28,-12,-28,-15,-30,-13,-28,-12,-28,-13,-27,-13,-27,-15,-27,-13,-26,-12,0,0,-30,-13,-27,-16,-28,-15,-30,-16,-31,-18,-32,-20,-32,-20,-33,-21,-32,-21,-31,-21,-31,-21,-27,-23,-27,-22,-27,-21,-26,-21,-25,-22,-25,-22,-25,-22,-27,-22,-26,-25,-26,-27,-25,-28,-23,-31,-23,-33,-22,-33,-20,-32,-15,-31,-11,-28]"
CSI_DATA,133177,d8:b1:90:d9:de:f0,-63,11,-99,-42,66,56,1970617735,100,0,114,0,"[35,6,39,8,39,9,41,12,40,15,40,17,37,17,35,17,33,14,30,14,28,12,26,14,26,13,25,12,26,13,25,13,26,13,28,13,28,12,28,12,28,11,29,11,26,9,26,9,26,9,26,11,25,9,28,8,0,0,29,6,29,7,29,8,31,8,34,9,35,8,34,8,35,8,35,8,35,7,35,8,34,9,33,7,33,8,31,8,31,7,31,7,33,7,33,7,34,8,34,8,35,8,35,11,37,14,36,13,34,14,30,14,25,14]"
CSI_DATA,133178,d8:b1:90:d9:de:f0,-63,11,-99,-38,65,56,1970637665,100,0,114,0,"[-35,-1,-39,-2,-40,-3,-41,-4,-42,-4,-41,-4,-40,-7,-37,-6,-35,-3,-34,-4,-33,-3,-31,-3,-31,-2,-31,-1,-30,-2,-31,-1,-29,0,-31,1,-31,1,-31,3,-31,4,-30,4,-29,6,-29,6,-29,7,-28,7,-28,8,-26,9,0,0,-29,11,-26,13,-28,13,-29,15,-29,15,-29,17,-29,18,-31,19,-31,20,-31,20,-30,20,-29,20,-26,19,-25,20,-24,19,-24,20,-23,20,-23,22,-22,23,-25,24,-25,25,-25,26,-26,26,-29,26,-30,25,-28,23,-26,20,-24,17]"
CSI_DATA,133179,d8:b1:90:d9:de:f0,-63,11,-99,-40,66,56,1970650829,100,0,114,0,"[32,-12,35,-12,39,-11,40,-9,41,-10,40,-8,39,-4,38,-5,33,-4,32,-3,30,-3,30,-3,30,-3,31,-3,30,-2,30,-3,28,-3,31,-4,31,-4,31,-4,30,-4,30,-5,28,-4,28,-6,28,-5,27,-5,27,-5,27,-5,0,0,27,-6,27,-8,28,-8,31,-9,31,-9,32,-10,33,-10,34,-9,34,-10,35,-11,34,-10,32,-10,31,-10,30,-10,31,-9,30,-9,28,-9,30,-9,31,-9,31,-9,33,-9,33,-8,33,-8,36,-6,36,-5,35,-3,32,-2,30,-1]"
CSI_DATA,133180,d8:b1:90:d9:de:f0,-63,11,-99,-40,66,56,1970667665,100,0,114,0,"[1,-35,2,-38,3,-40,5,-41,5,-42,5,-41,6,-39,5,-36,5,-33,4,-31,4,-28,3,-31,3,-31,2,-30,1,-30,1,-31,-1,-28,-1,-31,-1,-31,-2,-30,-3,-31,-5,-31,-4,-30,-6,-28,-6,-28,-6,-27,-8,-26,-9,-26,0,0,-10,-26,-12,-26,-12,-27,-16,-28,-16,-30,-16,-31,-18,-30,-18,-31,-19,-30,-19,-30,-19,-28,-20,-27,-20,-27,-19,-26,-20,-24,-20,-24,-20,-24,-20,-23,-23,-23,-23,-23,-23,-24,-25,-25,-25,-27,-27,-28,-25,-26,-24,-26,-20,-26,-18,-25]"
CSI_DATA,133181,d8:b1:90:d9:de:f0,-63,11,-99,-41,66,56,1970677805,100,0,114,0,"[-35,7,-38,5,-39,4,-40,2,-43,1,-41,0,-40,-2,-36,-3,-34,-3,-33,-3,-30,-2,-30,-3,-29,-3,-29,-3,-28,-3,-28,-2,-28,-2,-30,-2,-29,-2,-29,-2,-29,-1,-29,-1,-28,-1,-27,0,-29,0,-28,-1,-27,0,-26,1,0,0,-28,3,-29,2,-29,2,-32,3,-32,3,-34,3,-34,3,-36,3,-36,3,-39,4,-36,3,-35,2,-33,2,-33,3,-33,3,-30,2,-29,1,-29,3,-32,2,-34,1,-36,1,-36,1,-38,0,-39,-1,-39,-2,-36,-3,-33,-5,-29,-5]"
CSI_DATA,133182,d8:b1:90:d9:de:f0,-63,11,-99,-38,65,56,1970697855,100,0,114,0,"[12,35,12,39,11,42,11,42,9,42,8,44,8,40,6,37,8,35,7,34,7,31,7,31,7,31,7,30,8,30,8,30,11,29,11,29,11,29,12,28,13,29,14,28,14,26,15,25,15,25,15,25,15,24,17,23,0,0,20,22,19,23,20,24,22,24,24,24,25,25,26,24,26,25,26,24,26,24,26,24,26,24,26,22,25,20,25,19,25,19,25,18,25,18,26,18,28,17,29,18,30,19,31,20,33,23,30,22,28,22,25,23,23,22]"
CSI_DATA,133183,d8:b1:90:d9:de:f0,-63,11,-99,-41,66,56,1970717805,100,0,114,0,"[8,35,4,39,2,41,1,42,-2,42,-4,40,-5,39,-7,36,-8,34,-8,33,-8,29,-8,30,-8,29,-8,29,-9,28,-10,28,-8,28,-10,28,-10,27,-10,27,-10,28,-10,28,-10,28,-9,27,-10,28,-10,26,-10,26,-11,28,0,0,-11,26,-10,27,-11,27,-14,30,-13,30,-16,32,-15,32,-16,32,-17,30,-17,30,-17,29,-19,29,-17,27,-17,26,-17,24,-19,22,-17,23,-19,23,-20,23,-22,24,-23,26,-26,26,-28,27,-29,24,-30,21,-29,19,-29,16,-26,11]"
CSI_DATA,133184,d8:b1:90:d9:de:f0,-63,11,-99,-40,66,56,1970727821,100,0,114,0,"[8,-34,10,-36,12,-39,13,-39,15,-40,13,-38,15,-36,15,-33,12,-33,12,-30,10,-28,11,-28,10,-27,9,-27,8,-30,8,-28,6,-28,6,-28,5,-28,4,-28,4,-30,2,-30,2,-28,0,-28,1,-27,1,-28,-1,-27,-1,-27,0,0,-2,-25,-4,-28,-4,-28,-6,-31,-6,-32,-6,-33,-8,-33,-8,-33,-9,-32,-9,-32,-9,-32,-9,-32,-10,-31,-9,-30,-10,-28,-10,-26,-11,-27,-10,-26,-11,-27,-12,-30,-12,-30,-13,-32,-15,-33,-13,-34,-12,-32,-10,-31,-8,-31,-6,-26]"
CSI_DATA,133185,d8:b1:90:d9:de:f0,-63,11,-99,-40,66,56,1970737900,100,0,114,0,"[19,-31,23,-32,26,-34,27,-33,28,-33,28,-30,28,-28,28,-26,25,-25,26,-23,23,-20,24,-19,23,-20,23,-19,23,-19,23,-19,21,-20,24,-20,23,-19,21,-20,20,-20,20,-20,20,-20,19,-20,20,-20,19,-19,18,-19,19,-19,0,0,17,-21,20,-23,18,-21,20,-25,19,-24,23,-25,21,-26,23,-26,24,-26,24,-26,21,-26,21,-24,23,-24,19,-23,20,-24,20,-21,20,-21,20,-21,20,-23,23,-23,24,-23,24,-24,26,-24,27,-23,28,-19,27,-18,27,-17,24,-13]"
CSI_DATA,133186,d8:b1:90:d9:de:f0,-63,11,-99,-41,66,56,1970748115,100,0,114,0,"[24,27,27,30,27,33,27,35,27,35,26,33,24,33,24,30,22,29,23,27,21,24,21,24,22,22,22,21,22,21,23,20,24,19,24,19,26,17,26,15,28,15,27,14,27,13,27,11,29,10,27,9,27,8,28,5,0,0,28,4,29,4,29,2,32,1,33,2,33,0,34,-1,35,-1,35,-3,35,-3,34,-4,33,-4,33,-5,30,-5,29,-7,29,-7,28,-8,29,-9,29,-9,30,-10,32,-11,32,-11,33,-10,34,-11,33,-13,33,-11,29,-8,26,-7]"
CSI_DATA,133187,d8:b1:90:d9:de:f0,-63,11,-99,-40,66,56,1970767758,100,0,114,0,"[28,-20,33,-21,35,-20,36,-20,38,-20,38,-18,36,-16,35,-15,32,-15,32,-12,28,-12,30,-11,27,-11,27,-10,27,-10,26,-10,26,-11,28,-12,27,-12,27,-12,27,-13,26,-15,26,-13,24,-15,25,-13,25,-13,24,-13,24,-12,0,0,23,-15,23,-16,24,-16,25,-17,26,-18,26,-18,26,-19,27,-19,28,-19,28,-18,28,-19,27,-17,26,-17,25,-16,25,-17,25,-16,24,-16,25,-17,25,-17,27,-18,28,-17,28,-18,30,-17,32,-15,33,-13,32,-12,30,-10,27,-6]"
CSI_DATA,133188,d8:b1:90:d9:de:f0,-64,11,-99,-38,66,56,1970782038,100,0,114,0,"[-23,22,-27,23,-30,25,-31,26,-32,25,-31,23,-30,21,-29,19,-27,19,-26,17,-25,17,-23,17,-23,16,-23,17,-22,17,-21,17,-21,19,-22,19,-21,19,-21,19,-20,21,-18,21,-18,20,-16,21,-18,21,-17,21,-16,21,-15,19,0,0,-15,22,-14,22,-14,23,-14,26,-15,28,-16,28,-15,29,-16,29,-14,29,-15,29,-14,28,-14,28,-13,27,-11,27,-11,26,-11,26,-10,26,-11,26,-10,27,-11,28,-13,29,-13,31,-13,31,-14,30,-17,28,-15,27,-15,25,-14,21]"
CSI_DATA,133189,d8:b1:90:d9:de:f0,-63,11,-99,-41,66,56,1970797647,100,0,114,0,"[36,-2,40,-1,41,1,42,3,45,4,41,5,40,8,39,8,35,7,34,7,32,7,32,8,32,5,30,5,30,7,30,5,29,4,32,4,30,4,32,4,29,4,29,4,29,4,28,2,29,2,28,2,28,1,27,0,0,0,28,1,29,0,28,0,32,0,33,0,33,0,34,0,35,1,35,0,36,-1,34,0,33,0,30,1,29,0,29,0,29,0,29,0,29,-1,30,0,32,0,33,1,33,2,34,2,34,3,34,4,30,7,28,8,23,8]"
CSI_DATA,133190,d8:b1:90:d9:de:f0,-63,11,-99,-39,66,56,1970807925,100,0,114,0,"[25,22,29,25,29,28,30,29,31,31,29,28,28,29,28,25,25,23,25,21,24,20,24,19,25,19,25,17,25,16,24,15,26,13,28,14,26,13,29,11,26,8,28,8,26,6,26,5,29,5,28,3,26,3,26,1,0,0,28,-2,26,-1,28,-3,30,-5,29,-5,30,-6,31,-7,32,-8,33,-8,33,-10,31,-11,30,-10,28,-11,25,-11,25,-12,25,-12,24,-14,24,-14,25,-15,25,-17,26,-19,26,-19,28,-19,28,-19,29,-19,26,-16,25,-14,22,-12]"
CSI_DATA,133191,d8:b1:90:d9:de:f0,-63,11,-99,-40,66,56,1970827655,100,0,114,0,"[-36,2,-40,0,-42,-3,-43,-4,-45,-5,-41,-6,-40,-9,-38,-9,-36,-5,-34,-8,-32,-6,-31,-9,-31,-6,-30,-8,-30,-8,-30,-6,-31,-6,-32,-6,-32,-5,-32,-5,-31,-5,-31,-5,-30,-4,-28,-3,-30,-3,-27,-3,-28,-3,-27,-1,0,0,-28,0,-27,0,-30,0,-31,0,-31,-1,-32,-1,-33,-1,-33,-1,-34,0,-34,-1,-33,-1,-31,-1,-31,-1,-30,-1,-31,0,-30,-1,-30,-1,-30,0,-31,-1,-32,-2,-33,-2,-33,-3,-33,-4,-34,-5,-33,-6,-32,-8,-28,-9,-23,-9]"
CSI_DATA,133192,d8:b1:90:d9:de:f0,-64,11,-99,-38,66,56,1970838110,100,0,114,0,"[-20,27,-25,29,-25,30,-26,30,-27,32,-26,31,-26,28,-23,27,-21,27,-20,25,-18,23,-18,22,-17,25,-16,23,-16,25,-14,25,-14,25,-14,26,-10,28,-10,27,-9,28,-8,28,-6,27,-5,26,-5,27,-5,28,-3,26,-2,26,0,0,0,27,1,26,1,28,2,29,4,31,4,31,6,31,5,31,6,31,7,31,7,31,7,30,8,28,9,27,9,26,9,25,10,26,10,25,13,25,11,26,13,26,14,28,15,29,14,30,11,28,13,27,10,27,8,23]"
CSI_DATA,133193,d8:b1:90:d9:de:f0,-64,11,-99,-35,66,56,1970853834,100,0,114,0,"[26,19,28,19,30,23,29,24,31,25,28,25,26,25,25,22,23,22,22,21,21,19,21,19,21,17,21,17,20,16,21,17,22,16,23,16,23,15,23,14,23,14,22,14,22,13,23,11,25,11,24,10,22,10,22,8,0,0,24,7,24,7,25,7,28,7,28,6,28,7,28,6,30,7,30,5,30,5,29,4,29,4,27,4,28,4,26,2,27,2,26,2,26,0,26,1,28,2,29,2,29,2,30,4,32,2,31,2,30,4,27,5,23,5]"
CSI_DATA,133194,d8:b1:90:d9:de:f0,-63,11,-99,-40,66,56,1970867639,100,0,114,0,"[-15,-32,-13,-36,-11,-39,-10,-40,-9,-42,-6,-41,-3,-39,-1,-38,-3,-36,0,-34,0,-31,2,-31,2,-31,2,-31,2,-31,3,-30,2,-30,2,-31,2,-30,3,-30,3,-31,2,-31,2,-28,2,-28,3,-30,3,-27,3,-27,3,-26,0,0,4,-26,3,-28,3,-28,4,-31,4,-31,5,-33,4,-32,6,-34,8,-32,9,-33,8,-32,10,-31,10,-28,9,-27,10,-27,9,-26,10,-27,11,-25,12,-26,13,-27,15,-27,16,-30,18,-30,20,-28,21,-24,20,-21,21,-21,20,-16]"
CSI_DATA,133195,d8:b1:90:d9:de:f0,-63,11,-99,-40,66,56,1970877758,100,0,114,0,"[-1,-35,-1,-39,0,-42,2,-43,2,-43,4,-42,3,-40,3,-38,3,-35,2,-34,2,-32,1,-31,2,-31,1,-31,1,-32,0,-32,-2,-31,-2,-31,-2,-30,-3,-30,-4,-31,-5,-32,-5,-30,-8,-30,-8,-27,-8,-27,-8,-26,-9,-26,0,0,-11,-25,-11,-26,-12,-27,-13,-28,-15,-30,-16,-30,-16,-30,-17,-31,-18,-28,-18,-28,-18,-27,-18,-28,-18,-27,-17,-26,-17,-25,-17,-24,-17,-24,-17,-23,-18,-23,-19,-24,-21,-25,-21,-27,-21,-28,-20,-28,-19,-28,-18,-28,-15,-27,-10,-24]"
CSI_DATA,133196,d8:b1:90:d9:de:f0,-63,11,-99,-39,66,56,1970887876,100,0,114,0,"[-35,-3,-39,-4,-41,-6,-41,-8,-41,-11,-40,-11,-37,-12,-35,-13,-32,-12,-31,-12,-29,-11,-26,-11,-28,-11,-28,-11,-26,-11,-26,-10,-26,-10,-29,-11,-30,-11,-28,-10,-28,-10,-28,-8,-26,-8,-25,-7,-28,-7,-26,-8,-26,-6,-28,-7,0,0,-25,-5,-28,-6,-29,-5,-30,-6,-31,-7,-32,-7,-31,-7,-32,-7,-32,-7,-33,-7,-32,-7,-30,-7,-29,-7,-28,-7,-29,-7,-28,-7,-26,-7,-26,-7,-29,-8,-29,-10,-30,-11,-30,-12,-31,-13,-31,-15,-31,-15,-29,-15,-23,-16,-21,-16]"
CSI_DATA,133197,d8:b1:90:d9:de:f0,-63,11,-99,-39,66,56,1970907659,100,0,114,0,"[-33,12,-35,13,-39,13,-39,13,-40,12,-39,11,-39,10,-35,8,-34,10,-32,8,-31,8,-30,10,-30,10,-29,10,-28,10,-28,11,-26,12,-29,14,-28,14,-28,14,-25,15,-24,16,-23,15,-23,16,-23,16,-22,16,-20,17,-21,19,0,0,-19,17,-17,21,-17,22,-19,24,-19,24,-19,26,-19,25,-20,26,-19,26,-19,26,-17,26,-16,26,-16,25,-14,25,-14,25,-13,24,-13,25,-13,25,-13,25,-14,28,-14,28,-14,29,-14,31,-16,30,-17,29,-17,26,-16,25,-15,21]"
CSI_DATA,133198,d8:b1:90:d9:de:f0,-64,11,-99,-39,66,56,1970917933,100,0,114,0,"[33,10,35,13,38,15,38,17,38,20,34,20,34,21,30,20,30,19,26,19,26,17,25,17,24,16,23,16,24,17,24,16,24,16,24,17,25,17,25,16,24,15,24,15,24,14,23,14,22,13,22,13,22,12,23,11,0,0,24,13,24,12,23,12,28,13,26,13,28,14,29,14,28,15,29,14,29,14,28,14,26,15,26,15,25,14,24,14,24,13,24,13,24,13,25,14,25,16,28,16,26,20,26,21,26,23,26,22,23,23,19,22,15,20]"
CSI_DATA,133199,d8:b1:90:d9:de:f0,-63,11,-99,-40,66,56,1970937808,100,0,114,0,"[19,30,20,33,19,35,19,36,19,39,18,36,17,38,17,33,17,32,15,30,15,27,15,28,13,26,15,26,15,25,16,25,17,26,18,26,18,25,18,24,18,23,20,23,20,21,20,20,20,19,19,18,20,17,23,17,0,0,21,16,21,16,24,15,27,17,28,16,28,17,31,16,30,17,31,16,32,16,30,15,28,15,27,13,27,12,27,11,26,10,27,11,27,9,30,10,31,9,32,10,32,11,33,12,33,13,32,13,30,13,27,15,21,13]"
CSI_DATA,133200,d8:b1:90:d9:de:f0,-63,11,-99,-36,65,56,1970951027,100,0,114,0,"[34,-9,36,-8,40,-6,41,-5,41,-3,41,-1,39,0,38,0,34,0,33,0,31,2,31,2,30,1,30,1,28,2,27,2,31,1,32,1,31,0,31,1,31,1,30,0,28,0,27,0,28,-2,27,-1,27,-1,27,-2,0,0,28,-1,27,-3,28,-2,33,-2,32,-3,32,-2,33,-3,33,-1,33,-2,34,-2,32,-3,31,0,31,-2,30,-2,30,-1,28,0,28,0,28,0,28,1,31,0,34,1,33,2,34,3,34,5,34,8,32,9,28,10,24,9]"
CSI_DATA,133201,d8:b1:90:d9:de:f0,-64,11,-99,-35,65,56,1970967775,100,0,114,0,"[19,-30,22,-32,24,-33,25,-33,26,-34,26,-33,25,-31,25,-29,22,-28,22,-25,20,-24,20,-25,17,-24,17,-23,16,-24,15,-25,14,-26,15,-26,15,-28,14,-28,12,-28,11,-26,10,-25,7,-26,10,-28,8,-26,7,-25,5,-25,0,0,3,-25,2,-28,3,-26,2,-30,2,-31,2,-32,1,-32,1,-32,0,-32,0,-31,0,-31,-1,-31,-1,-30,-1,-29,-2,-28,-2,-28,-2,-28,-2,-28,-3,-28,-2,-30,-3,-30,-3,-32,-4,-32,-2,-33,0,-32,0,-30,1,-30,2,-24]"
CSI_DATA,133202,d8:b1:90:d9:de:f0,-64,11,-99,-38,66,56,1970988146,100,0,114,0,"[-32,-16,-34,-18,-34,-18,-37,-19,-38,-19,-35,-18,-33,-19,-32,-18,-31,-14,-29,-15,-28,-11,-28,-13,-29,-11,-28,-9,-28,-8,-27,-8,-27,-6,-29,-5,-29,-4,-29,-5,-28,-2,-28,0,-26,-1,-26,2,-28,2,-26,2,-26,4,-27,4,0,0,-25,7,-25,10,-25,10,-27,11,-26,13,-26,11,-26,14,-29,15,-26,16,-28,16,-26,17,-23,17,-22,16,-20,15,-20,17,-20,17,-19,18,-19,18,-19,18,-20,20,-21,20,-20,21,-22,21,-23,21,-23,20,-22,18,-21,17,-20,15]"
CSI_DATA,133203,d8:b1:90:d9:de:f0,-64,11,-99,-39,66,56,1971007740,100,0,114,0,"[31,15,33,20,33,22,35,23,32,25,33,25,30,24,29,25,28,22,25,22,24,22,23,21,23,20,23,20,22,21,24,21,25,20,24,20,25,20,24,17,26,19,24,17,25,16,26,16,24,14,23,14,23,13,23,12,0,0,26,12,23,13,26,13,28,13,29,13,29,13,29,14,30,15,30,14,28,14,28,13,25,14,25,13,24,13,23,11,24,13,23,11,23,12,24,12,24,14,25,14,24,16,23,17,26,20,25,19,23,21,19,20,15,20]"
CSI_DATA,133204,d8:b1:90:d9:de:f0,-63,11,-99,-39,66,56,1971019641,100,0,114,0,"[12,32,11,35,8,38,7,39,8,42,6,40,5,39,4,37,4,34,3,34,4,32,3,32,3,30,3,31,3,31,3,30,4,30,5,31,5,31,5,29,7,30,6,30,6,29,8,29,7,29,7,26,8,25,10,25,0,0,11,26,11,26,11,26,12,28,13,29,13,31,13,31,13,31,12,30,12,30,12,29,12,30,11,28,11,28,11,25,10,25,11,25,10,23,10,24,10,26,10,28,10,30,10,31,7,32,5,29,4,29,2,28,0,25]"
CSI_DATA,133205,d8:b1:90:d9:de:f0,-63,11,-99,-40,66,56,1971037757,100,0,114,0,"[28,21,30,25,30,27,31,28,31,32,27,31,27,31,25,30,23,27,21,26,20,25,20,26,19,25,20,24,19,25,19,25,19,24,21,24,21,24,20,23,20,24,23,24,21,21,21,20,23,20,21,19,21,18,23,18,0,0,23,18,24,18,23,17,25,18,25,19,25,19,26,20,27,20,27,20,26,20,26,18,24,20,24,18,24,17,21,17,21,16,20,17,21,16,21,16,21,18,21,18,21,20,23,23,21,24,20,23,18,21,15,23,12,21]"
CSI_DATA,133206,d8:b1:90:d9:de:f0,-63,11,-99,-40,66,56,1971047797,100,0,114,0,"[-34,-1,-38,-3,-39,-5,-41,-8,-40,-12,-38,-13,-38,-13,-34,-12,-32,-15,-31,-13,-30,-13,-28,-13,-26,-13,-26,-13,-26,-15,-27,-15,-27,-15,-27,-17,-26,-17,-28,-16,-27,-16,-26,-17,-26,-16,-26,-15,-27,-16,-25,-13,-25,-15,-26,-15,0,0,-26,-13,-25,-16,-25,-16,-27,-16,-26,-18,-27,-18,-27,-19,-30,-19,-27,-21,-28,-19,-27,-19,-25,-20,-25,-19,-21,-19,-20,-19,-20,-20,-20,-19,-20,-19,-21,-20,-21,-23,-21,-23,-20,-25,-18,-27,-18,-28,-17,-30,-15,-28,-10,-26,-6,-23]"
CSI_DATA,133207,d8:b1:90:d9:de:f0,-63,11,-99,-41,66,56,1971067708,100,0,114,0,"[11,33,11,36,9,40,8,41,8,42,7,41,5,39,4,38,5,36,3,35,3,33,3,33,4,33,3,30,3,33,4,33,5,33,4,32,5,34,5,32,7,34,8,33,8,32,9,32,8,30,10,30,9,29,10,29,0,0,11,27,11,28,14,30,14,30,15,33,15,32,15,33,15,33,15,33,16,32,16,30,15,32,14,29,14,29,14,26,14,28,14,26,14,27,14,26,14,27,15,29,15,29,14,30,13,32,10,29,8,29,7,28,5,27]"
CSI_DATA,133208,d8:b1:90:d9:de:f0,-63,11,-99,-38,65,56,1971077704,100,0,114,0,"[-28,-23,-28,-26,-28,-29,-26,-31,-26,-33,-25,-34,-22,-33,-20,-33,-19,-30,-17,-30,-17,-28,-15,-29,-13,-29,-14,-29,-14,-29,-13,-29,-12,-30,-13,-30,-13,-30,-13,-30,-14,-30,-14,-29,-13,-30,-14,-30,-13,-30,-13,-29,-13,-29,-13,-28,0,0,-14,-29,-13,-28,-13,-29,-14,-31,-15,-31,-15,-34,-15,-34,-14,-35,-14,-34,-13,-34,-12,-34,-11,-34,-9,-33,-11,-31,-9,-29,-8,-30,-8,-29,-8,-28,-8,-29,-7,-30,-8,-31,-6,-34,-4,-36,-2,-35,-1,-34,1,-31,3,-30,4,-26]"
CSI_DATA,133209,d8:b1:90:d9:de:f0,-63,11,-99,-41,66,56,1971087783,100,0,114,0,"[34,3,36,4,39,5,39,5,42,5,40,5,38,7,38,7,35,4,33,4,30,3,30,3,29,2,29,2,29,2,29,1,30,-1,33,0,32,-1,32,-3,32,-3,32,-4,30,-5,28,-7,30,-7,30,-8,29,-9,28,-10,0,0,29,-13,28,-15,27,-15,30,-17,30,-19,30,-20,30,-21,30,-21,28,-22,29,-23,28,-23,26,-22,24,-22,22,-22,21,-23,22,-22,20,-22,21,-23,20,-24,21,-26,22,-26,22,-28,22,-27,26,-28,26,-27,24,-26,23,-23,21,-20]"
CSI_DATA,133210,d8:b1:90:d9:de:f0,-63,11,-99,-38,65,56,1971098067,100,0,114,0,"[17,31,17,35,14,39,14,39,14,40,13,40,12,40,9,36,9,33,8,31,8,30,7,31,7,30,7,29,8,30,8,30,9,33,9,33,11,30,11,30,12,30,12,30,12,30,13,29,12,30,12,29,13,28,13,24,0,0,14,28,17,26,15,29,18,31,19,31,19,31,20,33,20,34,20,33,20,33,19,31,19,31,18,30,18,28,18,26,19,26,18,26,18,25,19,26,18,29,20,30,19,30,19,34,18,34,15,33,14,33,12,31,8,29]"
CSI_DATA,133211,d8:b1:90:d9:de:f0,-63,11,-99,-41,66,56,1971117654,100,0,114,0,"[-35,-4,-39,-7,-40,-7,-40,-8,-42,-8,-40,-8,-39,-8,-36,-7,-34,-4,-32,-4,-30,-3,-29,-3,-30,-2,-30,-2,-29,-1,-29,0,-30,2,-33,2,-32,2,-32,5,-30,5,-30,7,-28,8,-28,9,-29,9,-28,9,-27,11,-27,13,0,0,-27,13,-26,16,-26,16,-28,19,-28,20,-27,22,-27,23,-28,23,-27,24,-27,26,-26,27,-23,24,-21,24,-20,24,-20,24,-19,24,-17,26,-17,27,-16,27,-17,28,-19,29,-17,30,-19,30,-20,32,-21,30,-20,29,-19,27,-19,23]"
CSI_DATA,133212,d8:b1:90:d9:de:f0,-63,11,-99,-42,66,56,1971127687,100,0,114,0,"[-26,-24,-29,-28,-29,-29,-28,-30,-30,-34,-28,-31,-25,-33,-23,-30,-23,-28,-22,-26,-19,-24,-19,-25,-19,-24,-18,-24,-18,-23,-20,-23,-19,-20,-22,-22,-22,-20,-22,-20,-23,-22,-24,-20,-23,-19,-24,-17,-24,-19,-23,-18,-24,-18,-23,-14,0,0,-25,-14,-28,-14,-26,-13,-31,-15,-30,-15,-33,-15,-33,-14,-33,-15,-34,-13,-34,-14,-34,-14,-33,-14,-31,-13,-30,-13,-31,-11,-30,-9,-30,-11,-30,-8,-31,-8,-33,-9,-34,-9,-35,-11,-36,-13,-36,-15,-36,-15,-34,-14,-30,-17,-26,-15]"
CSI_DATA,133213,d8:b1:90:d9:de:f0,-63,11,-99,-38,65,56,1971137702,100,0,114,0,"[33,-15,36,-15,40,-15,42,-13,42,-11,41,-9,40,-6,39,-4,35,-4,34,-3,31,-3,31,-2,30,-3,30,-1,29,-2,31,-2,29,-3,30,-2,31,-2,29,-3,30,-2,30,-3,30,-3,29,-3,30,-3,28,-3,29,-4,29,-4,0,0,29,-4,29,-6,30,-6,33,-4,33,-4,34,-4,35,-4,36,-4,36,-4,36,-4,35,-4,36,-3,34,-3,33,-3,33,-2,33,-3,30,-2,31,-2,33,-2,35,-2,36,-2,37,-1,36,1,39,3,40,4,37,7,33,8,29,8]"
CSI_DATA,133214,d8:b1:90:d9:de:f0,-63,11,-99,-42,66,56,1971148139,100,0,114,0,"[13,-35,14,-39,18,-41,20,-41,19,-44,20,-40,20,-39,19,-36,17,-33,17,-30,14,-30,14,-29,13,-28,12,-29,11,-29,11,-29,9,-30,9,-30,8,-31,7,-29,4,-30,4,-30,4,-29,2,-29,2,-29,0,-28,0,-28,-1,-26,0,0,-1,-29,-3,-28,-3,-30,-4,-31,-6,-31,-7,-33,-7,-34,-8,-33,-9,-33,-8,-31,-9,-31,-12,-33,-11,-33,-11,-30,-11,-28,-11,-29,-12,-28,-12,-29,-13,-28,-13,-30,-14,-30,-15,-33,-15,-34,-17,-35,-14,-34,-12,-33,-11,-33,-8,-26]"
CSI_DATA,133215,d8:b1:90:d9:de:f0,-63,11,-99,-41,66,56,1971159094,100,0,114,0,"[-16,35,-21,36,-26,36,-27,35,-30,36,-30,33,-32,30,-30,27,-27,26,-26,23,-26,21,-24,20,-26,19,-24,19,-24,17,-24,17,-24,19,-26,19,-26,17,-26,19,-23,19,-24,19,-23,17,-22,17,-22,17,-22,16,-20,16,-21,15,0,0,-22,16,-22,16,-22,15,-24,17,-24,19,-27,19,-26,19,-28,19,-28,17,-29,19,-29,16,-28,16,-28,15,-26,14,-27,13,-26,11,-28,13,-27,11,-29,11,-30,11,-32,11,-33,10,-34,10,-36,7,-36,4,-34,2,-33,1,-27,-1]"
CSI_DATA,133216,d8:b1:90:d9:de:f0,-63,11,-99,-37,65,56,1971177639,100,0,114,0,"[39,1,41,3,46,3,46,4,48,4,45,4,43,5,41,5,39,3,38,4,34,3,35,2,34,0,34,0,33,-2,32,-2,33,-4,34,-4,34,-5,33,-7,29,-8,30,-9,29,-9,28,-11,28,-11,24,-13,26,-14,24,-14,0,0,23,-16,22,-17,23,-19,23,-21,22,-21,23,-22,23,-24,24,-26,22,-26,22,-27,20,-26,20,-26,19,-24,16,-24,16,-24,15,-24,15,-24,14,-26,14,-26,15,-27,16,-29,15,-30,14,-32,16,-30,17,-30,17,-28,16,-27,16,-22]"
CSI_DATA,133217,d8:b1:90:d9:de:f0,-63,11,-99,-40,66,56,1971187656,277,0,106,0,"[102,0,103,1,-101,0,116,1,-63,0,69,1,-88,0,-9,0,-121,0,-106,0,-147,0,95,0,133,0,1,0,137,0,-75,17,131,0,-112,17,114,0,-127,17,63,0,-81,17,-17,17,-38,17,-114,17,1,0,0,0,0,0,5,17,-16,17,-47,16,-36,17,-36,16,-63,17,16,17,-56,17,123,17,-11,17,-57,17,81,0,18,0,-125,0,42,0,-43,0,33,0,9,1,-8,17,28,1,-57,17,6,1,-109,17,-76,0,-138,17]"
CSI_DATA,133218,d8:b1:90:d9:de:f0,-63,11,-99,-41,66,56,1971207766,100,0,114,0,"[-3,-38,-3,-42,-2,-45,-1,-45,-1,-48,-1,-47,0,-45,0,-42,-2,-39,-1,-36,-2,-34,-1,-35,-2,-33,-2,-33,-3,-33,-5,-33,-7,-33,-8,-33,-9,-33,-9,-32,-11,-30,-11,-30,-13,-28,-14,-27,-15,-26,-14,-24,-14,-23,-15,-22,0,0,-19,-22,-17,-22,-19,-22,-22,-23,-22,-22,-23,-22,-23,-21,-26,-23,-26,-20,-26,-21,-26,-20,-24,-20,-23,-17,-24,-16,-23,-15,-23,-15,-23,-15,-23,-13,-24,-13,-26,-14,-28,-14,-28,-16,-29,-16,-28,-17,-27,-16,-24,-16,-23,-17,-21,-16]"
CSI_DATA,133219,d8:b1:90:d9:de:f0,-63,11,-99,-36,65,56,1971217747,100,0,114,0,"[-36,-5,-40,-6,-41,-8,-42,-9,-43,-11,-42,-13,-41,-13,-38,-12,-35,-11,-33,-11,-32,-11,-31,-11,-30,-10,-30,-10,-28,-11,-30,-9,-31,-8,-32,-8,-31,-6,-32,-5,-31,-5,-30,-5,-30,-4,-30,-3,-30,-3,-27,-3,-26,-2,-26,-1,0,0,-28,0,-28,0,-27,1,-32,1,-32,2,-33,2,-33,1,-33,1,-32,1,-34,2,-32,2,-30,1,-28,2,-27,3,-28,2,-28,2,-27,3,-27,3,-28,3,-30,2,-32,2,-32,2,-33,0,-33,-2,-33,-2,-31,-3,-27,-5,-25,-5]"
CSI_DATA,133220,d8:b1:90:d9:de:f0,-63,11,-99,-40,66,56,1971238038,100,0,114,0,"[23,-28,26,-31,28,-32,30,-33,31,-33,31,-32,30,-30,30,-28,26,-27,25,-25,23,-25,23,-24,23,-24,21,-25,20,-25,19,-25,18,-27,19,-27,18,-27,16,-26,16,-28,15,-30,13,-28,11,-28,11,-27,9,-27,9,-26,8,-26,0,0,4,-28,5,-28,4,-30,3,-31,3,-32,3,-33,2,-32,2,-33,2,-32,2,-33,1,-32,0,-31,-1,-30,-2,-28,-1,-28,-1,-27,-1,-27,-1,-27,-2,-28,-2,-27,-1,-30,-2,-31,-3,-32,-1,-32,1,-31,1,-28,2,-28,3,-25]"
CSI_DATA,133221,d8:b1:90:d9:de:f0,-63,11,-99,-41,66,56,1971262094,100,0,114,0,"[16,35,16,39,16,41,15,42,16,45,14,41,13,42,10,39,13,35,10,35,11,32,11,33,11,32,13,32,14,29,13,29,14,29,17,32,17,28,17,29,17,27,20,26,19,24,20,23,20,24,20,23,21,22,21,19,0,0,22,17,23,19,23,16,27,20,27,19,27,20,28,19,28,19,28,16,28,16,27,15,28,15,26,14,24,14,26,13,23,11,26,13,24,9,26,10,26,11,28,11,28,13,29,15,29,14,27,13,23,13,23,15,20,13]"
CSI_DATA,133222,d8:b1:90:d9:de:f0,-63,11,-99,-40,66,56,1971277756,100,0,114,0,"[2,36,0,40,-1,42,-2,43,-2,45,-3,42,-5,41,-5,39,-4,38,-4,35,-4,33,-3,33,-4,32,-3,32,-3,32,-3,32,-1,32,-1,33,-1,33,0,32,1,33,1,33,2,33,3,31,2,31,3,30,4,28,4,28,0,0,6,28,5,28,5,30,6,31,8,32,9,33,9,33,9,33,8,33,9,32,8,32,8,32,9,30,8,28,8,27,8,27,6,27,8,25,9,26,8,28,8,30,8,31,8,33,6,34,4,32,3,31,1,31,0,26]"
CSI_DATA,133223,d8:b1:90:d9:de:f0,-63,11,-99,-42,66,56,1971297749,100,0,114,0,"[-37,9,-41,9,-44,9,-44,8,-45,8,-42,8,-44,7,-41,7,-37,8,-36,7,-34,7,-34,8,-34,8,-33,9,-31,11,-30,11,-31,13,-33,14,-31,14,-31,15,-28,18,-29,19,-26,18,-25,18,-25,19,-23,19,-22,19,-22,22,0,0,-19,22,-19,23,-17,24,-19,26,-18,28,-18,29,-18,29,-18,30,-17,29,-15,30,-15,30,-13,28,-12,28,-11,26,-12,26,-11,25,-9,25,-9,28,-9,28,-11,29,-9,30,-8,31,-8,31,-11,33,-12,31,-12,29,-12,28,-9,23]"
CSI_DATA,133224,d8:b1:90:d9:de:f0,-63,11,-99,-41,66,56,1971336253,100,0,114,0,"[-22,-27,-23,-33,-22,-38,-21,-39,-19,-39,-16,-40,-14,-38,-11,-38,-11,-36,-9,-35,-7,-33,-7,-33,-5,-33,-5,-32,-5,-32,-5,-33,-5,-32,-4,-32,-4,-33,-4,-32,-5,-33,-4,-32,-4,-32,-3,-30,-3,-29,-2,-29,-2,-28,-2,-28,0,0,-3,-28,-2,-28,-2,-29,-2,-32,-2,-33,-1,-34,0,-34,0,-34,1,-33,1,-32,2,-32,2,-32,2,-30,3,-28,2,-27,4,-28,4,-27,5,-27,4,-27,8,-29,7,-29,9,-32,11,-32,14,-30,14,-27,16,-26,16,-22,16,-17]"
CSI_DATA,133225,d8:b1:90:d9:de:f0,-63,11,-99,-38,65,56,1971346877,100,0,114,0,"[25,-26,29,-28,31,-28,34,-29,35,-29,35,-26,34,-24,33,-22,30,-22,30,-22,28,-20,28,-19,28,-18,26,-18,26,-19,25,-19,25,-20,26,-20,28,-22,26,-23,24,-23,24,-24,23,-23,20,-23,22,-22,22,-22,20,-20,22,-23,0,0,17,-23,18,-24,18,-24,20,-26,19,-26,19,-29,19,-29,20,-31,19,-30,20,-30,20,-29,18,-26,17,-26,15,-25,17,-24,15,-24,15,-24,15,-24,15,-24,17,-25,18,-25,18,-28,18,-28,23,-26,23,-24,22,-23,22,-22,22,-18]"
CSI_DATA,133226,d8:b1:90:d9:de:f0,-63,9,-99,-34,64,56,1971357186,83,0,106,0,"[-88,18,111,1,-34,18,-155,1,2,0,127,1,18,0,44,1,55,0,-50,0,89,0,-138,0,146,0,117,0,-116,0,84,0,-91,0,75,0,-116,0,79,0,117,0,61,0,26,0,4,0,-48,18,-83,18,0,0,0,0,-91,18,36,18,-64,18,-37,17,-19,18,-46,17,1,0,20,18,-24,18,129,18,-85,18,-66,18,136,18,4,0,61,18,19,0,14,18,-19,18,1,18,-75,18,57,18,-145,18,-140,18,122,18,-9,18]"
CSI_DATA,133227,d8:b1:90:d9:de:f0,-63,11,-99,-41,66,56,1971367980,100,0,114,0,"[-24,-26,-27,-29,-26,-33,-26,-35,-26,-35,-24,-36,-21,-35,-21,-34,-20,-32,-17,-30,-17,-29,-16,-28,-16,-28,-17,-27,-17,-27,-17,-27,-19,-28,-19,-28,-20,-29,-19,-26,-21,-27,-21,-26,-20,-26,-21,-23,-20,-22,-20,-23,-20,-21,-21,-21,0,0,-21,-19,-21,-20,-22,-21,-23,-21,-24,-22,-26,-22,-26,-22,-27,-24,-27,-22,-27,-21,-26,-21,-24,-20,-24,-19,-22,-17,-22,-17,-22,-17,-21,-17,-22,-16,-22,-17,-22,-19,-23,-19,-23,-21,-23,-22,-24,-23,-23,-22,-21,-23,-17,-23,-14,-22]"
CSI_DATA,133228,d8:b1:90:d9:de:f0,-63,11,-99,-40,66,56,1971387712,100,0,114,0,"[-1,34,-1,39,-2,41,-3,42,-3,42,-3,42,-4,39,-3,39,-2,36,-2,35,-1,32,-1,33,1,31,0,32,1,32,3,31,4,32,5,31,6,33,6,30,9,33,10,32,11,31,12,28,12,27,12,26,13,25,15,25,0,0,17,25,18,21,19,24,21,24,24,25,24,24,25,24,26,24,26,21,25,20,25,20,25,20,25,19,24,17,24,15,24,13,24,13,25,12,26,12,26,12,26,12,28,13,28,13,30,16,28,15,27,15,24,16,20,15]"
CSI_DATA,133229,d8:b1:90:d9:de:f0,-63,11,-99,-41,66,56,1971398565,100,0,114,0,"[5,33,4,38,1,40,0,40,-1,41,-3,40,-3,38,-4,36,-4,34,-3,33,-4,30,-5,30,-5,29,-4,29,-4,29,-4,30,-4,32,-5,32,-4,33,-4,32,-3,33,-4,32,-3,33,-2,32,-3,29,-3,30,-2,29,-2,29,0,0,-1,29,-2,30,-2,32,-2,33,-1,34,-3,36,-1,35,-2,38,-2,35,-3,35,-3,34,-3,34,-3,32,-3,30,-4,29,-4,30,-5,29,-4,29,-3,29,-5,32,-5,33,-8,34,-8,35,-10,35,-11,32,-13,30,-14,29,-13,23]"
CSI_DATA,133230,d8:b1:90:d9:de:f0,-63,11,-99,-37,65,56,1971408812,100,0,114,0,"[22,-26,26,-29,29,-29,29,-29,29,-30,29,-28,29,-28,27,-26,24,-24,24,-24,22,-22,21,-23,20,-23,21,-24,19,-24,17,-27,17,-27,17,-28,17,-29,15,-29,13,-29,13,-30,11,-30,9,-29,9,-29,7,-28,7,-28,5,-28,0,0,2,-28,2,-30,1,-32,1,-33,-1,-34,-2,-35,-2,-35,-3,-35,-4,-34,-3,-34,-5,-32,-5,-33,-5,-30,-5,-30,-7,-28,-7,-29,-8,-28,-9,-27,-9,-28,-9,-29,-10,-30,-11,-32,-13,-33,-11,-33,-9,-33,-8,-32,-8,-30,-5,-26]"
CSI_DATA,133231,d8:b1:90:d9:de:f0,-63,11,-99,-41,66,56,1971427684,100,0,114,0,"[26,-24,29,-24,32,-26,34,-26,35,-24,35,-23,33,-22,33,-21,30,-21,29,-20,27,-19,27,-19,27,-17,26,-17,26,-19,26,-17,24,-20,24,-20,26,-21,24,-21,23,-22,23,-23,21,-22,20,-22,21,-23,20,-22,19,-22,19,-24,0,0,17,-23,16,-26,17,-27,19,-27,17,-29,17,-29,16,-30,17,-32,17,-32,17,-32,17,-30,15,-30,15,-28,14,-27,13,-26,14,-26,11,-26,13,-27,11,-27,14,-29,14,-29,14,-30,13,-32,16,-30,17,-28,17,-27,16,-24,17,-21]"
CSI_DATA,133232,d8:b1:90:d9:de:f0,-63,11,-99,-41,66,56,1971437763,100,0,114,0,"[17,-29,21,-32,24,-32,26,-30,28,-33,27,-29,30,-27,28,-24,26,-24,26,-22,23,-21,24,-21,26,-19,26,-19,24,-20,24,-19,24,-19,27,-21,26,-20,27,-21,26,-21,26,-23,24,-20,23,-22,24,-20,23,-20,23,-19,23,-17,0,0,21,-19,23,-21,22,-20,26,-22,24,-21,26,-23,26,-23,28,-23,27,-23,28,-22,26,-21,26,-20,26,-20,24,-17,24,-19,23,-17,24,-16,23,-16,24,-16,26,-15,27,-15,28,-17,30,-16,32,-14,32,-11,29,-10,29,-9,26,-5]"
CSI_DATA,133233,d8:b1:90:d9:de:f0,-63,11,-99,-38,65,56,1971448061,100,0,114,0,"[-3,-36,-3,-39,-1,-41,-1,-42,-1,-47,-1,-44,0,-42,1,-40,-2,-36,-1,-35,-2,-33,-2,-34,-3,-34,-2,-33,-4,-34,-4,-33,-7,-34,-7,-35,-9,-34,-9,-33,-11,-35,-12,-34,-12,-33,-14,-31,-14,-30,-14,-29,-14,-26,-15,-25,0,0,-19,-26,-18,-25,-20,-25,-23,-28,-23,-26,-24,-26,-25,-25,-26,-26,-26,-24,-28,-24,-26,-24,-26,-24,-25,-22,-24,-19,-25,-18,-24,-18,-24,-18,-25,-15,-25,-15,-26,-15,-28,-17,-28,-18,-30,-20,-29,-20,-29,-18,-26,-18,-24,-19,-20,-17]"
CSI_DATA,133234,d8:b1:90:d9:de:f0,-63,11,-99,-35,64,56,1971467728,100,0,114,0,"[-35,11,-39,11,-42,10,-44,6,-45,6,-42,5,-41,2,-39,2,-37,1,-36,0,-33,0,-33,0,-33,1,-33,1,-33,0,-33,0,-33,1,-35,0,-35,0,-36,0,-35,0,-35,0,-33,1,-32,0,-33,0,-31,1,-31,2,-31,2,0,0,-32,1,-32,1,-33,1,-35,2,-35,1,-36,1,-37,1,-37,0,-39,1,-39,2,-36,2,-35,2,-35,2,-32,0,-32,0,-30,0,-31,0,-31,0,-31,-1,-33,-1,-35,-2,-35,-3,-35,-3,-35,-6,-35,-7,-32,-10,-27,-10,-26,-10]"
CSI_DATA,133235,d8:b1:90:d9:de:f0,-63,11,-99,-38,65,56,1971477750,100,0,114,0,"[6,34,6,37,4,39,4,41,4,42,4,42,3,41,3,39,4,36,6,34,6,33,6,33,7,31,8,33,8,31,9,31,12,31,13,31,13,33,14,31,17,30,19,30,18,29,19,28,20,26,19,24,20,24,22,23,0,0,24,20,24,20,26,22,26,20,30,20,30,20,33,19,33,19,33,18,33,17,31,17,31,15,30,14,30,13,29,11,29,9,28,8,29,7,29,6,31,7,34,6,35,8,35,8,35,9,33,9,33,8,29,9,25,9]"
CSI_DATA,133236,d8:b1:90:d9:de:f0,-63,11,-99,-38,65,56,1971497918,100,0,114,0,"[20,-25,24,-26,26,-28,29,-28,30,-26,30,-24,30,-22,30,-19,29,-19,28,-17,26,-17,26,-15,26,-15,26,-14,25,-15,26,-14,28,-15,29,-17,29,-17,30,-15,28,-15,28,-17,28,-17,26,-15,28,-17,28,-15,26,-14,28,-15,0,0,26,-17,29,-18,29,-17,31,-18,31,-19,31,-19,33,-19,34,-18,33,-18,34,-18,33,-17,31,-14,30,-15,29,-14,28,-13,29,-12,29,-12,29,-12,29,-13,31,-13,34,-12,34,-12,35,-11,39,-9,39,-7,36,-4,34,-3,29,-1]"
CSI_DATA,133237,d8:b1:90:d9:de:f0,-62,11,-99,-40,65,56,1971507970,100,0,114,0,"[32,-16,34,-18,37,-18,38,-19,40,-18,40,-18,37,-15,37,-15,34,-15,33,-15,29,-14,29,-15,29,-15,29,-16,28,-18,27,-19,27,-20,28,-20,29,-23,27,-23,25,-24,23,-25,23,-24,20,-25,22,-27,19,-27,18,-25,18,-27,0,0,16,-29,14,-31,14,-32,15,-33,14,-36,14,-37,11,-37,12,-38,10,-37,11,-38,10,-38,7,-37,6,-34,5,-33,5,-32,6,-32,3,-32,3,-32,2,-33,2,-34,2,-36,1,-37,0,-38,1,-40,2,-38,3,-36,3,-34,3,-28]"
CSI_DATA,133238,d8:b1:90:d9:de:f0,-63,11,-99,-37,65,56,1971527717,100,0,114,0,"[-8,32,-11,34,-14,36,-15,36,-17,38,-17,35,-19,32,-20,32,-17,30,-19,29,-17,26,-17,26,-19,26,-17,26,-19,26,-17,26,-17,26,-19,27,-19,27,-19,27,-17,28,-17,29,-19,28,-15,28,-17,28,-16,27,-15,26,-16,27,0,0,-15,27,-15,28,-15,28,-17,30,-16,32,-19,33,-17,33,-19,33,-19,32,-20,32,-19,32,-19,29,-16,28,-15,27,-17,26,-16,24,-17,26,-17,24,-17,27,-20,26,-20,27,-21,27,-22,27,-26,27,-27,24,-24,22,-24,21,-22,16]"
CSI_DATA,133239,d8:b1:90:d9:de:f0,-63,11,-99,-37,65,56,1971537748,100,0,114,0,"[-32,11,-35,11,-39,11,-40,11,-41,11,-39,11,-36,9,-36,10,-32,10,-33,9,-29,10,-29,10,-30,11,-29,13,-28,14,-29,15,-29,17,-29,17,-28,19,-28,20,-26,21,-24,22,-23,22,-22,23,-21,23,-20,23,-20,23,-19,24,0,0,-16,26,-15,28,-15,29,-15,30,-14,30,-13,34,-11,34,-13,35,-10,36,-11,35,-9,35,-8,34,-8,33,-5,33,-3,30,-3,32,-3,32,-2,30,0,32,-1,33,-1,33,1,36,1,35,-1,36,-3,36,-2,34,-2,32,-3,29]"
CSI_DATA,133240,d8:b1:90:d9:de:f0,-63,11,-99,-38,65,56,1971547818,100,0,114,0,"[28,19,30,22,31,24,33,26,31,26,30,28,28,26,26,25,25,24,23,23,23,22,22,20,23,22,23,20,23,20,24,22,26,22,25,20,28,20,26,19,28,19,29,19,28,17,26,17,28,15,26,15,28,14,30,13,0,0,29,12,29,11,31,12,33,12,34,12,34,12,36,12,36,12,36,12,36,11,36,9,34,11,33,9,33,9,31,7,31,8,30,7,31,6,33,7,34,7,35,7,35,8,36,8,37,11,37,9,35,12,29,13,26,13]"
CSI_DATA,133241,d8:b1:90:d9:de:f0,-63,11,-99,-39,65,56,1971557907,100,0,114,0,"[-16,-30,-15,-33,-13,-37,-12,-37,-11,-40,-10,-37,-7,-37,-6,-35,-6,-33,-5,-32,-3,-31,-3,-32,-2,-31,-2,-31,-2,-31,-2,-31,-3,-33,-2,-33,-3,-32,-3,-33,-3,-33,-5,-35,-5,-33,-5,-33,-3,-32,-3,-31,-3,-31,-3,-30,0,0,-7,-32,-3,-32,-3,-33,-5,-35,-5,-36,-5,-39,-5,-39,-5,-40,-5,-39,-3,-37,-2,-37,-2,-36,-1,-35,-2,-33,-2,-32,-1,-32,-1,-31,-2,-31,-1,-32,-1,-35,0,-36,0,-37,1,-40,3,-39,6,-36,6,-35,8,-32,10,-27]"
CSI_DATA,133242,d8:b1:90:d9:de:f0,-63,11,-99,-37,65,56,1971568037,100,0,114,0,"[21,22,24,26,24,28,27,29,24,29,23,29,22,29,23,27,22,26,21,24,20,23,20,22,21,21,21,20,22,21,23,20,24,21,24,20,26,20,26,17,28,17,28,16,28,16,29,15,28,13,28,11,29,11,29,9,0,0,30,5,29,7,32,7,34,5,34,4,35,4,38,3,36,3,38,1,36,-1,36,-1,34,-1,33,-1,33,-3,30,-3,30,-3,29,-4,30,-7,30,-7,34,-7,35,-8,35,-8,35,-8,36,-8,38,-8,36,-8,32,-4,28,-3]"
CSI_DATA,133243,d8:b1:90:d9:de:f0,-63,11,-99,-38,65,56,1971587766,100,0,114,0,"[-19,25,-23,28,-26,29,-28,28,-28,28,-29,26,-29,24,-29,22,-26,22,-28,20,-25,19,-26,18,-25,17,-26,15,-26,17,-26,18,-26,19,-26,18,-28,19,-25,19,-25,20,-24,20,-25,19,-24,19,-25,20,-25,19,-25,19,-24,19,0,0,-25,22,-25,22,-26,23,-28,24,-26,24,-28,25,-28,26,-30,25,-30,24,-31,24,-28,23,-29,23,-26,22,-25,22,-25,20,-25,18,-24,19,-24,19,-24,20,-29,20,-30,20,-30,20,-31,20,-33,18,-34,17,-33,14,-30,12,-28,9]"
CSI_DATA,133244,d8:b1:90:d9:de:f0,-63,11,-99,-38,65,56,1971600809,100,0,114,0,"[0,-33,1,-36,3,-37,2,-39,2,-40,2,-40,3,-39,3,-36,1,-33,0,-33,-1,-30,0,-31,-1,-30,-2,-31,-3,-31,-4,-33,-4,-31,-6,-33,-9,-31,-9,-31,-11,-31,-12,-31,-12,-29,-14,-29,-14,-28,-15,-28,-15,-25,-18,-24,0,0,-20,-25,-22,-24,-23,-24,-26,-25,-28,-24,-29,-25,-31,-23,-31,-24,-31,-22,-33,-20,-31,-19,-31,-19,-30,-17,-30,-14,-29,-13,-30,-13,-29,-11,-30,-9,-31,-9,-33,-9,-34,-8,-34,-11,-36,-11,-36,-11,-35,-9,-33,-9,-30,-11,-25,-11]"
CSI_DATA,133245,d8:b1:90:d9:de:f0,-63,11,-99,-39,65,56,1971618663,100,0,114,0,"[35,-5,39,-2,40,0,40,2,41,3,40,6,39,6,37,8,33,7,32,8,30,8,30,10,30,10,30,11,31,11,30,12,30,12,31,13,31,13,31,13,32,15,32,15,31,13,30,13,30,13,30,15,27,13,28,15,0,0,30,13,30,16,31,17,32,17,32,18,32,20,32,20,35,21,33,21,33,22,32,22,30,22,28,20,27,20,26,21,26,22,23,21,25,21,26,22,25,23,26,26,25,26,23,30,22,32,21,31,18,31,13,30,11,28]"
CSI_DATA,133246,d8:b1:90:d9:de:f0,-62,11,-99,-37,64,56,1971637702,100,0,114,0,"[-9,36,-12,38,-14,40,-16,41,-18,41,-18,38,-18,38,-17,36,-16,36,-17,33,-14,32,-14,33,-12,30,-12,32,-10,33,-10,32,-9,33,-10,34,-10,34,-9,34,-8,38,-5,38,-5,37,-5,36,-2,36,-1,34,0,34,0,33,0,0,2,34,2,34,4,36,4,38,6,40,6,42,8,41,6,44,8,42,9,41,10,41,10,40,12,37,12,34,10,33,9,33,10,33,12,33,12,33,12,34,13,36,14,37,16,38,14,41,12,38,12,36,9,36,6,33]"
CSI_DATA,133247,d8:b1:90:d9:de:f0,-62,11,-99,-41,65,56,1971647767,100,0,114,0,"[18,-30,22,-33,26,-34,29,-34,30,-33,29,-32,29,-29,29,-28,28,-26,28,-25,28,-22,26,-22,25,-22,25,-20,25,-22,25,-21,26,-24,26,-22,26,-24,25,-22,28,-26,26,-26,26,-25,25,-25,24,-24,22,-25,22,-24,24,-25,0,0,24,-26,22,-26,22,-26,25,-30,24,-30,26,-32,26,-32,28,-32,28,-32,28,-30,26,-30,25,-30,25,-30,24,-29,22,-26,22,-25,21,-25,24,-25,22,-25,26,-26,26,-26,28,-29,28,-28,29,-29,32,-24,32,-22,28,-20,26,-16]"
CSI_DATA,133248,d8:b1:90:d9:de:f0,-62,11,-99,-41,65,56,1971669081,100,0,114,0,"[32,-17,36,-17,38,-17,40,-16,42,-14,41,-12,41,-9,38,-8,37,-9,36,-6,33,-6,33,-5,33,-5,32,-5,32,-5,30,-5,32,-5,36,-5,34,-5,36,-6,34,-6,34,-8,33,-6,33,-8,34,-8,33,-6,33,-6,32,-8,0,0,32,-8,34,-8,34,-8,37,-9,38,-9,38,-10,40,-9,40,-9,40,-9,40,-9,40,-9,38,-8,38,-6,36,-8,37,-6,36,-6,34,-6,36,-6,36,-6,37,-5,38,-5,40,-5,41,-2,41,0,41,0,38,2,37,4,30,5]"
CSI_DATA,133249,d8:b1:90:d9:de:f0,-62,11,-99,-38,64,56,1971687809,100,0,114,0,"[-32,-21,-35,-24,-34,-30,-32,-31,-32,-32,-30,-34,-27,-35,-23,-32,-23,-31,-19,-31,-17,-28,-16,-30,-16,-28,-16,-28,-15,-30,-16,-30,-16,-31,-17,-32,-17,-31,-16,-32,-16,-32,-16,-34,-15,-32,-15,-32,-15,-31,-15,-31,-13,-31,-13,-31,0,0,-15,-31,-13,-32,-15,-34,-15,-35,-15,-38,-13,-38,-13,-39,-15,-42,-12,-41,-10,-41,-12,-41,-10,-39,-8,-38,-9,-37,-9,-35,-6,-34,-6,-35,-6,-34,-5,-35,-4,-38,-4,-38,-2,-41,0,-43,1,-43,1,-41,5,-38,8,-37,8,-32]"
CSI_DATA,133250,d8:b1:90:d9:de:f0,-62,11,-99,-41,65,56,1971707756,100,0,114,0,"[-1,-37,1,-41,2,-44,5,-45,6,-44,8,-44,9,-41,9,-40,9,-37,9,-36,9,-33,9,-33,8,-33,8,-33,6,-33,8,-32,8,-36,8,-36,8,-37,8,-36,6,-37,5,-37,4,-36,5,-36,4,-34,4,-34,2,-34,4,-36,0,0,1,-37,1,-36,1,-38,1,-40,0,-41,1,-42,0,-42,0,-44,1,-42,0,-42,0,-41,0,-40,0,-38,-1,-37,1,-36,1,-36,0,-34,-1,-34,-1,-36,1,-37,0,-37,1,-38,0,-41,4,-42,5,-38,6,-37,8,-34,9,-32]"
CSI_DATA,133251,d8:b1:90:d9:de:f0,-62,11,-99,-40,65,56,1971717793,100,0,114,0,"[18,32,18,36,15,40,14,42,12,42,9,42,6,41,3,40,5,37,2,36,1,32,1,32,0,32,1,33,0,33,0,32,0,34,-1,34,-1,34,-1,34,0,36,-1,36,-1,34,0,33,-1,33,-2,33,-1,32,-1,32,0,0,-1,34,-1,34,-2,37,-3,37,-2,40,-3,41,-5,41,-5,42,-6,41,-6,40,-7,40,-7,38,-7,37,-7,37,-7,34,-9,34,-10,33,-9,32,-9,34,-12,36,-12,36,-15,37,-16,38,-19,37,-19,34,-20,31,-23,29,-22,23]"
CSI_DATA,133252,d8:b1:90:d9:de:f0,-62,11,-99,-40,65,56,1971737708,100,0,114,0,"[36,-3,40,-1,42,1,44,2,44,3,41,5,40,7,38,6,34,5,34,6,32,6,32,6,32,5,31,5,32,5,31,5,32,5,34,3,34,3,33,3,34,3,34,2,34,3,33,1,34,2,32,0,33,1,34,-1,0,0,33,0,33,-3,33,-1,38,-2,38,-2,38,-2,40,-3,40,-2,40,-3,41,-3,38,-5,37,-3,36,-3,34,-3,34,-5,34,-5,34,-5,33,-5,34,-5,36,-5,37,-5,38,-3,40,-2,41,-2,41,0,38,1,34,2,31,3]"
CSI_DATA,133253,d8:b1:90:d9:de:f0,-62,11,-99,-40,65,56,1971747856,100,0,114,0,"[15,32,14,37,11,40,10,41,9,44,6,42,5,40,1,38,1,36,-1,34,-1,31,-2,31,-2,32,-2,31,-2,32,-2,32,-2,32,-3,34,-2,34,-3,34,-5,36,-2,36,-6,36,-3,33,-5,34,-3,33,-3,32,-3,33,0,0,-5,33,-5,34,-5,34,-6,38,-7,40,-9,41,-9,40,-10,41,-10,40,-11,38,-11,38,-12,37,-11,36,-11,33,-11,33,-11,34,-12,33,-12,32,-14,33,-15,33,-16,34,-18,36,-20,37,-23,36,-24,32,-24,28,-25,28,-24,22]"
CSI_DATA,133254,d8:b1:90:d9:de:f0,-63,11,-99,-38,65,56,1971772916,100,0,114,0,"[18,-26,20,-29,24,-29,25,-29,25,-30,25,-29,25,-26,25,-24,22,-25,20,-23,19,-22,19,-22,18,-22,18,-22,15,-23,17,-22,15,-24,17,-24,17,-25,15,-25,15,-26,13,-29,12,-28,11,-28,12,-28,11,-28,9,-29,8,-29,0,0,7,-28,6,-30,4,-33,6,-34,4,-35,4,-36,2,-37,3,-37,2,-36,2,-39,1,-37,1,-37,0,-35,0,-34,-1,-33,0,-33,-2,-34,-1,-34,-2,-33,-3,-35,-3,-36,-4,-37,-4,-40,-3,-42,0,-39,0,-37,2,-37,2,-31]"
CSI_DATA,133255,d8:b1:90:d9:de:f0,-63,11,-99,-38,65,56,1971787641,100,0,114,0,"[35,-1,39,0,41,-1,40,1,42,0,40,0,40,2,37,3,35,1,34,1,31,0,33,1,31,-1,31,-1,29,-2,31,-2,29,-3,34,-4,31,-6,33,-7,31,-7,33,-9,30,-9,29,-12,30,-12,28,-11,28,-12,28,-13,0,0,28,-17,28,-18,28,-18,29,-22,28,-22,28,-23,28,-24,29,-25,28,-26,29,-26,26,-25,25,-26,24,-26,22,-25,22,-26,19,-26,19,-26,18,-25,19,-28,19,-29,20,-30,19,-31,20,-31,22,-31,23,-31,22,-28,22,-28,19,-24]"
CSI_DATA,133256,d8:b1:90:d9:de:f0,-62,11,-99,-39,65,56,1971797784,100,0,114,0,"[33,-3,39,-3,42,-1,42,1,41,2,41,2,39,5,37,6,35,3,33,5,31,5,31,6,31,5,30,5,30,5,31,5,32,3,33,3,33,2,33,2,33,2,33,3,32,2,32,1,31,1,31,1,31,1,32,0,0,0,33,-2,33,-1,35,-2,37,-2,39,-2,39,-2,41,-2,41,-2,40,-3,40,-2,39,-3,39,-2,36,-2,35,-2,33,-3,35,-2,33,-2,35,-3,36,-3,39,-2,39,-2,40,-2,39,-1,42,0,42,1,40,3,36,3,32,6]"
CSI_DATA,133257,d8:b1:90:d9:de:f0,-63,11,-99,-38,65,56,1971808124,100,0,114,0,"[-6,-34,-6,-36,-6,-41,-4,-41,-6,-41,-4,-40,-3,-37,-4,-36,-4,-33,-4,-33,-4,-30,-6,-29,-7,-29,-8,-29,-8,-28,-11,-28,-12,-29,-14,-29,-13,-29,-14,-26,-17,-28,-18,-26,-18,-26,-19,-25,-19,-23,-19,-22,-19,-20,-20,-19,0,0,-25,-19,-25,-19,-26,-19,-29,-18,-30,-18,-31,-17,-34,-17,-35,-18,-35,-15,-35,-13,-35,-12,-34,-12,-33,-11,-33,-8,-30,-7,-31,-7,-31,-4,-31,-3,-33,-2,-34,-3,-36,-2,-36,-3,-39,-2,-39,-3,-37,-2,-36,-3,-34,-6,-30,-6]"
CSI_DATA,133258,d8:b1:90:d9:de:f0,-62,11,-99,-40,65,56,1971818166,100,0,114,0,"[0,38,-1,42,-2,44,-5,45,-3,46,-5,44,-6,42,-6,40,-5,36,-6,34,-5,33,-3,33,-3,32,-2,32,-2,33,-2,33,-1,33,-1,34,-1,34,0,34,1,36,2,34,3,34,3,33,3,32,5,32,6,31,6,29,0,0,9,33,9,32,9,34,11,36,12,36,12,37,14,37,15,38,15,38,15,38,15,36,15,36,15,34,15,33,14,31,15,32,16,32,15,29,16,29,16,32,18,33,19,34,19,37,18,38,16,37,15,36,11,36,9,32]"
CSI_DATA,133259,d8:b1:90:d9:de:f0,-63,9,-99,-40,65,56,1971829440,108,0,106,0,"[32,19,59,19,-64,18,90,19,-60,18,152,19,7,19,-111,19,88,19,-32,19,149,19,57,0,-138,19,142,0,-123,19,-119,0,-126,19,-77,0,-124,19,-85,0,-103,19,-161,0,-40,19,77,0,60,0,-2,19,0,0,0,0,-71,0,-59,19,12,1,-45,19,28,1,-20,19,-32,0,-19,19,-139,0,-46,19,68,0,-123,19,-18,19,123,19,-34,19,50,19,-20,19,-9,18,47,0,-45,18,117,0,-23,18,-154,0,68,19,-117,0]"
CSI_DATA,133260,d8:b1:90:d9:de:f0,-63,11,-99,-39,65,56,1971847780,100,0,114,0,"[-35,-12,-37,-15,-39,-13,-39,-16,-40,-17,-39,-16,-36,-17,-35,-17,-33,-15,-31,-15,-28,-12,-27,-13,-28,-12,-28,-11,-28,-11,-28,-8,-28,-8,-31,-7,-31,-7,-31,-5,-31,-6,-33,-5,-31,-5,-30,-2,-32,-3,-32,-2,-30,-1,-30,1,0,0,-30,1,-31,3,-31,5,-35,6,-36,6,-37,7,-36,8,-37,8,-37,11,-37,11,-37,11,-36,10,-32,10,-31,11,-32,12,-32,13,-30,13,-31,15,-31,16,-32,16,-35,16,-33,17,-36,17,-39,17,-39,16,-36,15,-36,12,-31,10]"
CSI_DATA,133261,d8:b1:90:d9:de:f0,-63,11,-99,-39,65,56,1971867826,100,0,114,0,"[11,-35,15,-37,18,-37,21,-39,22,-35,22,-35,23,-31,23,-28,23,-27,22,-26,21,-25,22,-22,22,-22,22,-21,22,-21,22,-20,22,-20,23,-21,25,-21,23,-20,23,-21,23,-21,23,-20,22,-20,23,-18,22,-18,23,-18,23,-17,0,0,25,-18,25,-18,26,-20,27,-20,28,-21,30,-21,30,-21,32,-21,32,-21,33,-20,32,-18,31,-18,30,-16,28,-15,28,-15,30,-13,28,-13,30,-13,30,-13,33,-12,36,-12,36,-12,37,-12,41,-8,41,-5,40,-2,36,-1,33,1]"
CSI_DATA,133262,d8:b1:90:d9:de:f0,-63,11,-99,-35,65,56,1971880545,100,0,114,0,"[29,-14,31,-14,34,-15,35,-15,35,-15,34,-14,33,-13,32,-12,30,-12,28,-10,26,-10,26,-12,25,-12,26,-12,25,-12,23,-14,23,-15,24,-16,24,-17,24,-17,23,-17,23,-20,21,-19,20,-20,21,-20,17,-21,19,-21,16,-20,0,0,16,-23,14,-24,14,-25,15,-28,14,-28,14,-30,15,-30,14,-31,14,-31,13,-32,12,-32,12,-31,11,-30,7,-30,7,-30,7,-30,5,-30,6,-30,6,-31,6,-32,6,-33,4,-35,5,-37,6,-38,8,-37,7,-34,7,-33,7,-30]"
CSI_DATA,133263,d8:b1:90:d9:de:f0,-62,11,-99,-37,65,56,1971898734,100,0,114,0,"[-26,24,-21,32,-15,38,-7,40,0,46,9,40,19,34,23,27,30,22,30,10,33,3,30,-4,26,-11,21,-17,14,-23,9,-24,1,-27,-8,-33,-16,-27,-20,-22,-23,-14,-32,-5,-26,-1,-27,10,-24,14,-19,19,-13,24,-7,26,0,0,10,28,19,22,23,16,30,13,33,3,34,-5,33,-15,28,-23,22,-32,11,-36,1,-36,-8,-34,-15,-29,-22,-23,-29,-19,-30,-10,-33,0,-32,7,-32,15,-27,23,-22,30,-10,35,-3,41,5,42,14,39,20,33,26,24,26,16]"
CSI_DATA,133264,d8:b1:90:d9:de:f0,-62,11,-99,-37,64,56,1971917691,100,0,114,0,"[-40,8,-42,8,-45,5,-45,4,-48,2,-45,1,-44,-1,-41,-1,-38,0,-37,-1,-36,0,-34,-1,-33,-1,-33,0,-32,-1,-32,-1,-32,1,-34,0,-33,1,-34,1,-33,1,-34,4,-33,4,-32,4,-33,4,-32,2,-32,4,-30,4,0,0,-30,6,-33,6,-32,8,-37,9,-36,9,-38,10,-38,12,-38,10,-40,12,-41,13,-38,12,-38,12,-36,12,-34,10,-36,12,-34,10,-34,12,-33,12,-34,13,-37,14,-38,14,-40,13,-41,13,-42,12,-44,10,-41,8,-38,6,-34,2]"
CSI_DATA,133265,d8:b1:90:d9:de:f0,-62,9,-99,-37,64,56,1971933083,252,0,106,0,"[-37,18,-137,20,-113,18,-97,20,-101,18,-77,20,-6,18,-54,20,90,20,-18,20,-153,20,33,0,-92,20,118,0,-53,20,-129,0,-68,20,-73,0,-85,20,-66,0,-80,20,-124,0,-37,20,126,0,53,0,42,0,0,0,0,0,-69,0,26,0,6,1,69,0,21,1,101,0,-33,0,102,0,-130,0,44,0,132,0,-73,20,105,0,148,20,145,0,64,20,-125,0,21,20,-45,0,25,20,12,1,108,20,8,1,-97,20,-90,0]"
CSI_DATA,133266,d8:b1:90:d9:de:f0,-62,11,-99,-42,65,56,1971947805,100,0,114,0,"[-26,-32,-27,-37,-26,-39,-24,-41,-23,-42,-21,-41,-19,-41,-16,-38,-16,-35,-15,-34,-13,-31,-13,-31,-12,-30,-13,-30,-13,-30,-13,-30,-15,-30,-15,-30,-16,-30,-15,-28,-15,-28,-16,-30,-16,-27,-17,-27,-17,-28,-17,-27,-17,-26,-19,-26,0,0,-20,-24,-21,-27,-23,-27,-24,-30,-26,-30,-26,-30,-27,-30,-30,-32,-30,-30,-28,-31,-28,-30,-30,-30,-28,-27,-27,-27,-27,-24,-27,-26,-27,-24,-27,-24,-28,-24,-30,-26,-30,-27,-31,-30,-32,-31,-32,-34,-30,-32,-28,-31,-24,-32,-20,-30]"
CSI_DATA,133267,d8:b1:90:d9:de:f0,-62,11,-99,-41,65,56,1971957795,100,0,114,0,"[38,0,41,2,42,6,45,8,44,12,42,12,41,13,38,13,34,13,33,13,30,13,30,14,29,13,28,13,28,14,28,16,29,14,29,14,29,14,29,14,29,16,30,14,30,13,29,13,29,13,30,14,29,13,30,12,0,0,30,14,30,14,30,14,33,14,34,17,34,17,37,18,37,20,38,18,38,18,37,17,33,20,33,20,32,18,30,17,30,18,30,20,32,18,32,20,33,21,34,22,33,24,33,26,34,29,33,29,30,30,25,30,20,28]"
CSI_DATA,133268,d8:b1:90:d9:de:f0,-62,11,-99,-40,65,56,1971977926,100,0,114,0,"[23,28,23,32,22,36,22,37,22,38,19,37,18,37,14,34,14,32,14,31,12,28,12,29,12,28,12,28,14,28,12,29,14,28,14,29,15,29,15,28,16,29,18,31,18,29,18,28,18,27,18,27,19,27,20,25,0,0,22,27,22,27,23,27,25,29,25,29,27,32,29,31,28,32,28,31,28,31,28,29,27,32,27,29,25,28,25,27,24,25,25,25,24,24,27,27,27,27,28,28,28,31,31,32,28,32,25,32,22,29,20,32,16,28]"
CSI_DATA,133269,d8:b1:90:d9:de:f0,-63,9,-99,-42,66,56,1971994359,124,0,106,0,"[23,18,-62,0,30,18,22,1,77,18,29,1,135,18,-15,0,-89,18,-81,0,-13,18,-129,0,70,0,154,0,144,0,152,0,-138,0,-150,0,-152,0,-146,0,111,0,127,0,40,0,55,0,-17,18,-40,18,0,0,0,0,-18,18,68,18,6,0,-4,17,31,0,-20,17,26,0,19,18,-20,18,96,18,-103,18,-133,18,121,18,-75,18,52,18,-80,18,12,18,-116,18,7,18,146,18,57,18,95,18,152,18,70,18,-31,18]"
CSI_DATA,133270,d8:b1:90:d9:de:f0,-63,11,-99,-40,66,56,1972005105,100,0,114,0,"[-33,1,-36,-1,-38,-2,-38,-4,-39,-5,-38,-5,-36,-9,-33,-9,-32,-6,-30,-8,-28,-6,-28,-9,-28,-6,-27,-6,-27,-8,-27,-8,-25,-5,-28,-5,-28,-5,-30,-6,-30,-4,-31,-5,-28,-4,-28,-3,-28,-3,-28,-3,-27,-3,-28,-2,0,0,-28,-1,-30,-1,-30,-1,-33,-1,-33,-1,-35,-1,-35,-1,-36,-1,-36,-1,-38,-1,-36,-1,-35,-2,-33,-1,-31,-1,-32,-2,-32,-1,-33,-1,-32,-1,-33,0,-34,-2,-35,-2,-35,-3,-36,-4,-36,-6,-35,-8,-33,-9,-31,-10,-25,-11]"
CSI_DATA,133271,d8:b1:90:d9:de:f0,-63,11,-99,-40,66,56,1972017713,100,0,114,0,"[-33,-5,-35,-8,-36,-11,-38,-12,-40,-16,-36,-17,-35,-19,-32,-19,-31,-18,-28,-18,-27,-18,-25,-18,-25,-18,-25,-17,-24,-18,-24,-18,-26,-18,-26,-19,-26,-19,-26,-19,-25,-18,-26,-19,-25,-18,-24,-18,-24,-17,-24,-18,-21,-18,-23,-17,0,0,-25,-17,-25,-19,-25,-19,-26,-20,-26,-23,-26,-23,-26,-23,-26,-25,-27,-24,-26,-24,-25,-24,-23,-25,-21,-24,-21,-21,-20,-21,-20,-23,-18,-21,-19,-23,-19,-23,-18,-25,-19,-26,-17,-27,-17,-30,-16,-31,-15,-31,-12,-31,-8,-30,-4,-26]"
CSI_DATA,133272,d8:b1:90:d9:de:f0,-63,11,-99,-41,66,56,1972027724,100,0,114,0,"[11,-33,14,-35,16,-38,17,-38,19,-40,17,-36,19,-36,17,-33,15,-33,16,-32,14,-30,14,-30,10,-29,10,-29,9,-30,9,-30,8,-32,8,-33,7,-32,7,-32,3,-30,3,-32,3,-30,1,-30,1,-29,-1,-29,-1,-28,-2,-28,0,0,-2,-30,-4,-30,-5,-30,-5,-33,-7,-33,-7,-34,-8,-34,-9,-35,-9,-34,-9,-34,-10,-33,-10,-33,-10,-32,-10,-30,-10,-28,-10,-27,-11,-27,-11,-26,-11,-27,-13,-29,-13,-30,-14,-30,-14,-33,-15,-34,-11,-32,-10,-32,-8,-30,-5,-27]"
CSI_DATA,133273,d8:b1:90:d9:de:f0,-63,11,-99,-37,65,56,1972037846,100,0,114,0,"[-3,-40,-2,-43,0,-45,2,-47,2,-48,4,-46,8,-43,7,-41,5,-38,8,-35,5,-34,7,-33,8,-33,7,-32,7,-32,7,-32,5,-32,7,-32,7,-33,7,-32,5,-33,5,-32,5,-30,4,-29,4,-28,4,-29,3,-28,4,-26,0,0,3,-26,4,-29,4,-29,3,-30,4,-32,4,-33,4,-33,4,-36,4,-34,7,-34,5,-34,7,-34,5,-32,7,-29,7,-29,7,-29,7,-29,5,-29,7,-29,8,-30,9,-30,8,-33,10,-35,14,-34,14,-32,15,-29,16,-28,16,-24]"
CSI_DATA,133274,d8:b1:90:d9:de:f0,-63,11,-99,-38,65,56,1972058094,100,0,114,0,"[29,29,31,34,31,36,31,37,31,40,29,40,28,39,25,36,24,34,22,33,22,30,20,29,19,26,19,26,19,26,19,25,19,26,20,26,22,25,20,24,19,23,20,23,19,20,19,19,19,19,18,18,18,18,19,18,0,0,20,17,20,17,20,15,23,18,23,18,24,19,25,18,25,19,26,18,26,18,26,18,26,18,25,17,25,15,24,14,25,14,25,14,25,13,26,14,28,14,31,15,31,17,33,19,33,20,33,19,31,20,26,20,23,19]"
CSI_DATA,133275,d8:b1:90:d9:de:f0,-63,11,-99,-39,65,56,1972078699,100,0,114,0,"[30,27,31,31,33,33,33,35,32,37,31,36,28,35,27,33,26,30,25,27,23,25,23,25,22,23,22,22,22,22,23,20,23,18,23,18,23,18,25,16,25,17,26,16,26,13,26,11,25,12,23,12,25,10,26,8,0,0,27,6,28,6,28,5,31,5,32,5,33,3,35,1,36,2,36,0,37,-1,36,-1,33,0,33,-2,32,-3,31,-5,31,-5,30,-6,31,-7,32,-8,33,-8,36,-11,36,-11,37,-10,41,-10,41,-11,40,-10,36,-7,32,-5]"
CSI_DATA,133276,d8:b1:90:d9:de:f0,-62,11,-99,-34,63,56,1972089301,100,0,114,0,"[23,37,23,43,21,48,19,50,16,50,13,50,12,48,9,45,8,43,8,41,6,38,6,37,4,34,5,34,6,34,5,35,6,34,5,32,5,34,5,31,6,34,6,34,6,31,8,31,8,31,8,31,8,30,9,30,0,0,10,30,9,32,9,32,10,34,12,35,12,35,12,37,13,38,13,39,13,37,13,37,13,37,12,35,12,35,10,31,10,32,10,31,10,31,12,32,12,35,13,37,12,39,12,41,10,43,9,41,6,41,4,38,0,34]"
CSI_DATA,133277,d8:b1:90:d9:de:f0,-62,11,-99,-40,65,56,1972107908,100,0,114,0,"[-36,22,-40,22,-42,19,-45,16,-45,15,-45,11,-44,9,-42,9,-38,9,-37,6,-33,6,-33,3,-33,3,-33,3,-32,3,-31,2,-32,5,-33,5,-34,3,-33,3,-32,5,-32,5,-31,6,-31,5,-31,6,-31,5,-29,6,-29,7,0,0,-32,6,-31,7,-32,6,-34,6,-36,7,-37,7,-37,9,-38,7,-38,9,-38,7,-38,5,-37,6,-34,3,-33,3,-33,5,-33,2,-33,3,-34,3,-34,3,-37,3,-38,3,-38,1,-38,0,-41,-3,-41,-5,-37,-7,-34,-7,-29,-10]"
CSI_DATA,133278,d8:b1:90:d9:de:f0,-63,11,-99,-39,65,56,1972128168,100,0,114,0,"[-27,30,-28,32,-33,32,-35,31,-39,30,-36,27,-37,26,-36,22,-32,21,-31,20,-28,18,-28,18,-28,20,-28,20,-28,20,-28,20,-26,20,-27,20,-26,21,-26,21,-25,21,-25,21,-23,20,-22,21,-23,22,-20,21,-21,20,-21,21,0,0,-21,22,-21,23,-21,22,-22,26,-23,26,-25,27,-23,28,-23,27,-25,26,-25,27,-23,26,-22,26,-21,25,-20,23,-21,22,-21,21,-21,22,-21,21,-22,22,-23,23,-25,23,-26,23,-26,25,-30,22,-31,21,-30,18,-27,17,-25,12]"
CSI_DATA,133279,d8:b1:90:d9:de:f0,-63,11,-99,-39,65,56,1972147717,100,0,114,0,"[22,35,22,39,23,41,22,42,22,42,20,42,20,41,20,39,18,33,18,33,17,31,17,31,18,28,18,30,18,28,20,28,22,27,21,27,23,26,23,25,23,23,25,23,25,21,25,21,26,20,25,17,25,17,26,15,0,0,27,13,27,13,28,13,30,13,31,12,31,12,33,12,32,12,33,10,33,10,32,11,32,11,31,10,30,8,30,7,28,7,30,6,30,5,30,5,32,5,35,5,33,6,36,7,35,10,33,8,33,8,28,10,25,10]"
CSI_DATA,133280,d8:b1:90:d9:de:f0,-63,11,-99,-41,66,56,1972157831,100,0,114,0,"[33,-17,38,-19,40,-17,42,-17,42,-15,42,-14,41,-13,40,-10,36,-10,35,-9,34,-8,34,-7,32,-8,32,-7,30,-8,32,-8,32,-9,32,-9,32,-9,32,-9,29,-8,28,-9,27,-9,27,-9,27,-9,26,-8,24,-10,24,-10,0,0,24,-10,23,-10,26,-11,28,-13,28,-13,28,-13,29,-11,29,-13,29,-13,29,-13,28,-11,28,-9,27,-11,26,-10,26,-10,26,-9,24,-10,27,-10,27,-9,29,-9,30,-9,30,-10,32,-8,33,-7,34,-5,33,-3,29,-2,26,0]"
CSI_DATA,133281,d8:b1:90:d9:de:f0,-64,11,-99,-37,66,56,1972181960,100,0,114,0,"[-33,9,-37,8,-40,7,-42,6,-42,4,-41,3,-39,1,-38,0,-34,1,-33,0,-31,0,-30,-2,-29,-2,-29,-2,-28,-3,-28,-3,-28,-1,-28,-2,-28,-1,-28,-1,-27,-1,-27,1,-26,0,-26,0,-27,0,-24,0,-24,0,-24,1,0,0,-24,3,-24,2,-25,2,-27,2,-27,2,-29,2,-29,2,-30,2,-29,2,-31,2,-29,2,-28,0,-27,0,-26,0,-26,1,-26,0,-25,1,-27,2,-28,1,-28,0,-31,0,-30,-1,-30,-2,-32,-3,-32,-5,-31,-5,-28,-6,-23,-8]"
CSI_DATA,133282,d8:b1:90:d9:de:f0,-63,11,-99,-41,66,56,1972197646,100,0,114,0,"[-36,-10,-39,-14,-41,-16,-40,-19,-41,-22,-36,-22,-36,-24,-32,-23,-30,-22,-27,-22,-26,-21,-24,-22,-22,-21,-22,-22,-21,-22,-22,-22,-22,-22,-24,-23,-22,-23,-22,-23,-21,-21,-22,-22,-21,-21,-20,-20,-21,-21,-19,-20,-19,-20,-20,-20,0,0,-20,-20,-22,-21,-21,-21,-23,-23,-22,-23,-23,-24,-22,-26,-22,-27,-22,-26,-22,-26,-21,-26,-17,-27,-17,-24,-17,-24,-17,-24,-16,-23,-16,-24,-16,-23,-16,-24,-16,-28,-16,-29,-15,-30,-14,-33,-13,-35,-11,-33,-9,-30,-5,-30,-2,-27]"
CSI_DATA,133283,d8:b1:90:d9:de:f0,-63,11,-99,-41,66,56,1972207784,100,0,114,0,"[-36,7,-40,5,-41,5,-43,4,-42,3,-42,3,-41,1,-39,1,-36,3,-35,2,-33,3,-32,2,-32,4,-32,3,-29,4,-30,5,-30,5,-32,5,-33,8,-32,8,-29,10,-29,10,-27,10,-27,11,-28,13,-26,11,-26,13,-26,16,0,0,-24,17,-23,16,-23,19,-26,21,-24,21,-26,23,-24,24,-24,24,-24,26,-24,24,-24,24,-22,23,-21,23,-20,22,-19,22,-19,22,-19,22,-17,23,-17,24,-19,27,-20,27,-20,28,-20,27,-22,27,-23,27,-23,24,-20,22,-17,19]"
CSI_DATA,133284,d8:b1:90:d9:de:f0,-63,11,-99,-40,66,56,1972227636,100,0,114,0,"[0,34,-2,38,-4,40,-6,40,-8,41,-10,39,-11,38,-13,35,-12,34,-12,33,-12,30,-12,28,-13,30,-13,28,-13,28,-13,28,-12,30,-13,31,-15,31,-15,30,-13,31,-13,31,-13,28,-12,28,-13,28,-12,27,-13,27,-13,26,0,0,-11,26,-12,27,-12,27,-13,28,-13,30,-15,30,-15,31,-16,31,-16,30,-18,28,-17,27,-18,27,-16,25,-16,25,-17,25,-17,23,-17,23,-17,23,-18,21,-20,23,-20,23,-21,23,-21,23,-25,20,-25,18,-25,16,-25,15,-21,10]"
CSI_DATA,133285,d8:b1:90:d9:de:f0,-63,11,-99,-40,66,56,1972237952,100,0,114,0,"[33,-3,38,-3,41,-2,42,-2,42,0,42,-1,40,1,38,1,36,-2,35,0,34,0,33,0,33,-2,33,-1,32,-2,33,-3,33,-5,34,-4,34,-5,33,-6,33,-8,33,-9,32,-9,31,-10,30,-10,28,-10,28,-11,27,-11,0,0,28,-15,27,-13,26,-15,27,-17,28,-18,28,-18,28,-18,28,-19,28,-19,27,-19,27,-18,26,-18,24,-18,23,-17,21,-17,24,-17,21,-17,21,-18,21,-18,23,-18,24,-19,24,-18,23,-18,26,-18,27,-17,26,-15,23,-13,20,-10]"
CSI_DATA,133286,d8:b1:90:d9:de:f0,-63,11,-99,-41,66,56,1972258456,100,0,114,0,"[-24,-24,-27,-27,-28,-29,-28,-32,-28,-33,-28,-33,-26,-32,-24,-29,-26,-28,-24,-28,-22,-26,-23,-24,-26,-23,-24,-22,-24,-22,-27,-22,-28,-21,-29,-21,-30,-20,-30,-17,-30,-19,-32,-16,-29,-15,-29,-14,-29,-11,-29,-10,-28,-8,-29,-8,0,0,-29,-7,-29,-4,-30,-3,-32,-3,-32,-3,-32,-4,-33,-3,-34,-4,-32,-2,-33,1,-32,0,-29,-2,-29,-1,-28,1,-27,1,-27,1,-24,1,-26,2,-27,2,-27,2,-28,2,-27,2,-28,1,-30,1,-29,0,-27,0,-24,-3,-21,-2]"
CSI_DATA,133287,d8:b1:90:d9:de:f0,-64,9,-99,-40,67,56,1972271701,98,0,106,0,"[27,15,8,15,-40,14,18,15,-55,14,46,15,-20,14,90,15,9,15,-128,15,34,15,-80,15,48,15,-44,15,48,15,-17,15,49,15,-12,15,86,15,-17,15,-106,15,-29,15,-12,15,-13,15,67,0,17,0,0,0,0,0,-107,0,-106,0,-95,0,-43,0,-122,0,-23,0,116,0,-53,0,101,0,-122,0,117,0,48,0,-108,0,-16,15,-61,0,-34,15,-27,0,-13,15,-24,0,30,0,-61,0,69,0,115,0,107,0,14,0]"
CSI_DATA,133288,d8:b1:90:d9:de:f0,-64,11,-99,-38,66,56,1972287666,100,0,114,0,"[-3,32,-3,37,-4,39,-4,40,-5,43,-4,41,-4,40,-4,38,-2,34,-2,34,0,32,0,32,2,30,2,30,3,31,4,30,7,30,8,31,9,30,9,30,10,29,13,29,13,28,15,26,14,23,13,22,15,20,16,20,0,0,18,19,18,19,19,18,21,19,21,19,21,19,25,19,25,18,25,16,23,16,25,15,23,15,23,14,22,13,23,10,22,10,23,10,23,9,25,9,25,10,26,9,27,9,28,10,29,13,29,10,27,10,25,13,20,10]"
CSI_DATA,133289,d8:b1:90:d9:de:f0,-64,11,-99,-39,66,56,1972297707,100,0,114,0,"[-2,-35,-2,-39,0,-41,2,-42,2,-46,1,-42,3,-41,3,-38,2,-38,3,-35,1,-32,1,-33,0,-32,0,-31,-1,-32,-1,-31,-2,-31,-3,-33,-4,-31,-4,-31,-4,-31,-6,-31,-5,-29,-7,-26,-6,-28,-7,-26,-6,-24,-7,-24,0,0,-10,-23,-10,-24,-11,-24,-12,-26,-12,-26,-12,-29,-13,-28,-13,-28,-14,-25,-14,-26,-14,-26,-13,-25,-14,-25,-12,-22,-14,-23,-13,-20,-13,-22,-14,-21,-13,-22,-14,-23,-14,-24,-15,-26,-16,-29,-16,-28,-14,-25,-13,-25,-11,-25,-10,-23]"
CSI_DATA,133290,d8:b1:90:d9:de:f0,-64,11,-99,-38,66,56,1972308180,100,0,114,0,"[31,13,34,16,35,19,37,22,35,22,34,23,31,25,29,23,27,21,25,22,25,22,23,21,21,20,22,21,21,21,21,21,21,21,21,21,21,20,20,21,20,21,20,20,19,20,18,20,18,19,17,18,16,18,17,17,0,0,17,20,17,19,17,20,17,21,19,23,19,23,20,23,18,23,19,25,18,23,17,23,16,25,16,23,15,23,15,22,14,23,14,23,15,22,15,22,14,26,14,28,13,30,13,32,11,32,10,31,8,30,5,29,2,27]"
CSI_DATA,133291,d8:b1:90:d9:de:f0,-64,11,-99,-35,65,56,1972336550,277,0,106,0,"[59,16,-17,0,72,16,43,1,95,16,46,1,129,16,-12,0,-105,16,-72,0,-51,16,-108,0,13,0,-118,0,72,0,-107,0,90,0,-89,0,85,0,-84,0,53,0,-123,0,41,0,77,0,71,0,3,0,0,0,0,0,-88,0,-66,16,-19,0,-54,16,-5,0,-26,16,-51,0,-5,16,-132,0,-32,16,89,0,-108,16,60,0,93,16,97,0,29,16,-121,0,12,16,-40,0,35,16,6,1,115,16,-11,0,-49,16,-109,0]"
CSI_DATA,133292,d8:b1:90:d9:de:f0,-64,11,-99,-35,65,56,1972354920,100,0,114,0,"[32,-6,35,-6,39,-5,40,-5,40,-3,39,-4,38,-2,35,-3,33,-3,31,-3,28,-2,28,-2,26,-4,26,-4,24,-3,25,-4,25,-5,26,-5,25,-6,25,-7,24,-8,25,-8,23,-10,22,-10,23,-10,21,-11,21,-11,22,-13,0,0,22,-15,22,-16,22,-17,23,-20,23,-21,23,-23,22,-24,24,-23,22,-25,23,-26,21,-25,21,-25,20,-25,17,-25,17,-25,16,-25,15,-26,15,-28,15,-29,16,-30,16,-31,16,-32,15,-32,19,-34,21,-33,20,-33,19,-30,16,-25]"
CSI_DATA,133293,d8:b1:90:d9:de:f0,-63,11,-99,-37,65,56,1972370041,100,0,114,0,"[-23,23,-27,26,-30,26,-32,26,-32,28,-30,26,-30,23,-29,22,-27,21,-26,20,-23,19,-24,19,-22,17,-22,19,-21,19,-21,20,-20,20,-21,21,-20,22,-20,21,-19,23,-16,24,-16,23,-15,24,-15,23,-15,24,-13,23,-13,26,0,0,-11,26,-9,29,-9,29,-10,32,-9,33,-8,33,-7,34,-7,35,-5,35,-7,36,-4,35,-3,35,-3,34,-2,33,-1,32,-1,32,0,32,0,32,2,32,1,34,1,35,3,36,2,38,1,40,0,38,0,36,0,35,-1,30]"
CSI_DATA,133294,d8:b1:90:d9:de:f0,-62,11,-99,-39,65,56,1972380766,100,0,114,0,"[22,-32,26,-33,30,-36,32,-35,32,-31,33,-30,33,-27,32,-25,30,-23,28,-22,27,-20,27,-18,27,-17,26,-17,27,-17,27,-16,26,-16,27,-16,27,-17,27,-16,27,-16,26,-17,26,-16,25,-16,26,-16,25,-17,25,-16,25,-16,0,0,26,-17,26,-17,27,-17,28,-20,30,-20,31,-21,31,-21,32,-21,32,-21,33,-21,32,-21,33,-20,31,-20,30,-18,30,-17,30,-16,30,-16,31,-16,32,-16,32,-17,33,-17,35,-17,36,-17,40,-15,41,-11,37,-10,36,-7,33,-5]"
CSI_DATA,133295,d8:b1:90:d9:de:f0,-63,11,-99,-37,65,56,1972397812,100,0,114,0,"[-16,-33,-16,-38,-15,-40,-13,-42,-13,-45,-10,-41,-10,-42,-8,-39,-7,-35,-5,-34,-5,-32,-4,-32,-5,-29,-5,-29,-7,-30,-7,-30,-7,-29,-8,-30,-8,-29,-9,-29,-10,-28,-10,-28,-9,-27,-11,-27,-10,-27,-11,-26,-13,-24,-11,-24,0,0,-15,-24,-14,-27,-15,-27,-16,-28,-17,-27,-17,-29,-19,-29,-20,-30,-20,-30,-19,-29,-20,-29,-20,-29,-20,-28,-19,-27,-19,-24,-17,-24,-19,-26,-19,-24,-20,-26,-19,-27,-20,-27,-21,-30,-21,-32,-21,-32,-17,-30,-17,-30,-14,-29,-11,-27]"
CSI_DATA,133296,d8:b1:90:d9:de:f0,-63,11,-99,-40,66,56,1972418733,100,0,114,0,"[-26,-25,-26,-30,-26,-33,-26,-34,-26,-36,-24,-36,-21,-34,-19,-33,-18,-31,-17,-28,-16,-27,-16,-26,-16,-26,-16,-25,-16,-26,-16,-25,-17,-25,-17,-26,-18,-26,-18,-24,-19,-25,-19,-24,-18,-23,-19,-21,-19,-20,-18,-20,-18,-20,-18,-18,0,0,-21,-18,-20,-19,-21,-20,-23,-20,-24,-21,-25,-23,-25,-21,-26,-24,-26,-21,-26,-21,-26,-21,-23,-21,-23,-20,-23,-18,-23,-18,-23,-18,-21,-18,-23,-18,-24,-18,-24,-19,-24,-21,-25,-21,-25,-24,-25,-24,-21,-24,-20,-24,-18,-24,-13,-23]"
CSI_DATA,133297,d8:b1:90:d9:de:f0,-64,11,-99,-41,67,56,1972437872,100,0,114,0,"[-14,-33,-14,-36,-15,-38,-14,-39,-15,-40,-16,-37,-15,-38,-14,-34,-15,-31,-14,-29,-14,-27,-14,-27,-15,-25,-16,-24,-16,-24,-16,-23,-19,-22,-21,-22,-20,-20,-21,-19,-21,-18,-23,-16,-22,-15,-22,-13,-23,-13,-22,-11,-23,-10,-24,-8,0,0,-23,-9,-25,-6,-25,-6,-27,-5,-27,-4,-27,-4,-28,-2,-30,-2,-30,0,-30,0,-29,0,-27,-1,-26,2,-25,3,-24,3,-24,3,-25,4,-24,6,-25,6,-26,7,-28,7,-27,7,-29,7,-29,7,-29,7,-26,6,-25,4,-22,2]"
CSI_DATA,133298,d8:b1:90:d9:de:f0,-64,11,-99,-39,66,56,1972448368,100,0,114,0,"[38,8,40,12,43,13,42,15,43,16,40,16,39,17,35,16,35,14,33,14,31,13,31,14,30,12,29,11,28,12,26,11,29,8,30,10,28,10,29,10,29,8,29,7,28,7,26,4,28,4,26,4,25,4,25,3,0,0,25,2,25,2,25,3,29,2,28,2,29,2,31,1,30,3,31,1,31,1,30,1,29,2,29,2,28,1,28,1,26,2,26,1,26,1,28,1,29,2,30,2,30,3,31,3,31,6,32,7,30,6,25,8,23,8]"
CSI_DATA,133299,d8:b1:90:d9:de:f0,-64,11,-99,-34,65,56,1972467656,100,0,114,0,"[-30,23,-34,23,-37,22,-40,20,-40,20,-41,18,-39,14,-40,13,-35,13,-33,10,-31,10,-31,8,-31,9,-30,8,-29,6,-28,7,-30,7,-29,7,-30,7,-28,7,-30,6,-28,7,-28,5,-26,5,-26,5,-25,5,-23,4,-25,4,0,0,-23,5,-22,4,-25,3,-27,4,-29,3,-29,3,-29,2,-30,2,-29,2,-29,2,-29,1,-28,0,-27,0,-27,-1,-26,-1,-26,-2,-25,-3,-27,-3,-27,-4,-27,-5,-29,-6,-28,-7,-28,-8,-29,-11,-28,-13,-26,-15,-22,-15,-19,-14]"
CSI_DATA,133300,d8:b1:90:d9:de:f0,-64,11,-99,-39,66,56,1972477778,100,0,114,0,"[-35,-13,-38,-15,-40,-16,-41,-20,-42,-19,-41,-19,-39,-20,-37,-19,-35,-16,-32,-16,-31,-15,-30,-14,-30,-11,-30,-11,-29,-10,-29,-10,-29,-8,-30,-7,-30,-6,-29,-5,-28,-5,-28,-4,-25,-3,-25,-3,-28,-2,-24,0,-25,0,-24,2,0,0,-24,1,-23,3,-25,4,-28,4,-26,4,-26,4,-28,4,-30,4,-31,6,-30,6,-29,6,-26,5,-26,6,-26,6,-24,7,-24,6,-24,6,-24,7,-25,7,-28,7,-29,10,-29,8,-29,7,-31,7,-32,6,-31,4,-28,4,-25,2]"
CSI_DATA,133301,d8:b1:90:d9:de:f0,-63,11,-99,-40,66,56,1972488905,100,0,114,0,"[11,-38,12,-41,15,-43,15,-46,15,-46,15,-46,15,-42,15,-41,11,-39,10,-39,9,-35,8,-35,5,-33,4,-34,2,-33,1,-32,0,-32,0,-32,-2,-33,-4,-31,-4,-30,-6,-30,-6,-28,-9,-27,-9,-26,-10,-24,-10,-24,-11,-23,0,0,-12,-23,-13,-23,-16,-21,-17,-23,-18,-23,-18,-23,-20,-23,-20,-24,-20,-21,-23,-21,-24,-20,-23,-20,-21,-18,-23,-18,-20,-16,-20,-16,-21,-15,-23,-13,-23,-13,-24,-15,-26,-16,-27,-16,-30,-16,-30,-17,-27,-17,-26,-16,-24,-17,-21,-16]"
CSI_DATA,133302,d8:b1:90:d9:de:f0,-63,11,-99,-38,65,56,1972507697,100,0,114,0,"[-2,41,-4,46,-6,48,-6,48,-6,51,-7,50,-7,47,-7,45,-3,41,-3,40,-2,35,-2,36,-2,34,-2,33,-1,34,0,33,2,34,2,34,3,34,4,33,4,31,7,31,7,29,9,28,8,28,8,26,8,25,9,24,0,0,12,22,13,24,13,24,14,25,15,26,17,26,19,26,19,26,19,25,19,25,18,25,18,25,18,24,18,22,19,20,18,20,18,19,18,19,22,19,22,20,23,22,24,23,24,25,25,28,24,26,23,25,22,28,17,24]"
CSI_DATA,133303,d8:b1:90:d9:de:f0,-63,11,-99,-37,65,56,1972517800,100,0,114,0,"[-38,-20,-41,-23,-41,-27,-41,-28,-42,-29,-39,-29,-38,-30,-34,-28,-32,-26,-29,-24,-27,-23,-27,-23,-26,-21,-24,-21,-23,-21,-24,-21,-26,-20,-27,-20,-26,-19,-27,-17,-24,-17,-24,-15,-24,-15,-24,-14,-23,-14,-23,-13,-23,-13,-23,-9,0,0,-24,-10,-24,-10,-24,-10,-28,-10,-27,-10,-28,-11,-28,-9,-28,-11,-29,-11,-30,-10,-29,-10,-28,-11,-28,-10,-27,-9,-27,-9,-27,-10,-27,-9,-27,-8,-29,-9,-29,-10,-30,-11,-30,-14,-32,-15,-33,-17,-33,-16,-29,-17,-27,-19,-23,-16]"
CSI_DATA,133304,d8:b1:90:d9:de:f0,-63,11,-99,-37,65,56,1972527805,100,0,114,0,"[-40,9,-46,8,-47,7,-49,3,-49,2,-48,0,-46,-3,-46,-3,-40,-4,-38,-8,-34,-5,-34,-7,-33,-5,-32,-5,-30,-7,-30,-5,-30,-7,-30,-4,-32,-5,-29,-5,-30,-7,-30,-5,-28,-7,-27,-4,-27,-4,-27,-4,-24,-3,-26,-4,0,0,-26,-4,-24,-4,-27,-5,-28,-4,-32,-5,-30,-7,-30,-8,-30,-9,-30,-9,-30,-8,-30,-8,-29,-9,-28,-9,-28,-9,-27,-8,-28,-9,-27,-10,-29,-10,-28,-11,-29,-14,-29,-15,-29,-17,-30,-19,-32,-21,-32,-20,-28,-21,-23,-22,-20,-22]"
CSI_DATA,133305,d8:b1:90:d9:de:f0,-63,11,-99,-38,65,56,1972547796,100,0,114,0,"[6,-40,7,-44,11,-47,13,-47,14,-48,15,-47,14,-42,15,-40,13,-36,14,-35,13,-31,13,-31,12,-31,12,-30,12,-30,11,-30,9,-29,9,-29,8,-30,7,-29,7,-29,6,-29,6,-29,4,-29,4,-26,3,-26,2,-26,2,-25,0,0,1,-28,0,-28,1,-30,0,-30,0,-31,0,-31,-1,-33,-1,-34,-1,-33,-1,-33,-2,-33,-2,-33,-3,-31,-2,-31,-3,-29,-2,-29,-3,-29,-2,-30,-3,-30,-2,-31,-2,-34,-2,-36,-2,-37,-2,-39,0,-36,2,-35,3,-35,4,-31]"
CSI_DATA,133306,d8:b1:90:d9:de:f0,-63,11,-99,-41,66,56,1972567646,100,0,114,0,"[29,-23,34,-23,36,-24,39,-24,39,-24,38,-24,38,-22,35,-21,32,-22,30,-20,28,-19,27,-19,24,-19,23,-20,22,-20,22,-20,21,-21,21,-22,20,-22,17,-23,16,-24,15,-26,13,-24,11,-24,11,-24,10,-24,8,-24,7,-24,0,0,7,-27,3,-27,4,-28,3,-29,2,-30,2,-30,0,-33,0,-33,-1,-33,-1,-32,-2,-30,-3,-32,-3,-30,-5,-29,-4,-27,-5,-28,-5,-28,-8,-28,-7,-28,-8,-30,-9,-32,-11,-32,-11,-33,-11,-36,-9,-35,-9,-33,-7,-32,-4,-28]"
CSI_DATA,133307,d8:b1:90:d9:de:f0,-63,11,-99,-35,64,56,1972577918,100,0,114,0,"[-37,-16,-40,-20,-40,-22,-40,-25,-42,-28,-40,-27,-36,-28,-33,-27,-32,-23,-31,-23,-28,-22,-27,-22,-26,-20,-26,-20,-26,-20,-26,-18,-27,-18,-27,-18,-27,-17,-27,-16,-27,-16,-26,-15,-26,-15,-26,-13,-25,-12,-23,-11,-25,-11,-25,-10,0,0,-28,-11,-27,-10,-28,-10,-30,-8,-30,-11,-31,-10,-32,-10,-33,-10,-33,-8,-35,-10,-32,-8,-31,-10,-30,-7,-30,-7,-28,-7,-28,-8,-28,-7,-28,-7,-30,-7,-33,-7,-35,-7,-35,-10,-35,-11,-35,-12,-35,-12,-33,-13,-30,-15,-26,-15]"
CSI_DATA,133308,d8:b1:90:d9:de:f0,-64,11,-99,-39,66,56,1972592647,100,0,114,0,"[37,-8,39,-7,42,-6,42,-5,44,-4,43,-4,42,-1,40,-1,37,-2,34,-1,32,-2,32,-1,30,-1,29,-2,28,-2,29,-3,29,-4,30,-4,29,-3,29,-4,28,-6,28,-7,25,-7,24,-8,25,-8,23,-8,23,-8,23,-10,0,0,25,-11,23,-13,24,-13,24,-14,25,-15,26,-16,25,-17,25,-17,25,-19,26,-17,25,-17,24,-17,23,-16,22,-16,21,-16,23,-15,21,-15,22,-17,23,-17,24,-20,26,-20,25,-20,26,-20,29,-20,29,-17,28,-15,25,-14,23,-11]"
CSI_DATA,133309,d8:b1:90:d9:de:f0,-63,11,-99,-41,66,56,1972607743,100,0,114,0,"[5,39,3,43,2,46,1,47,-1,46,-2,46,-3,43,-4,42,-2,38,-2,36,-3,34,-3,33,-2,32,-2,32,-1,32,-1,30,0,32,-1,33,0,32,1,30,2,32,2,32,4,30,5,29,4,28,4,28,4,27,7,27,0,0,7,27,8,28,9,28,9,29,11,32,10,30,13,32,13,30,13,30,13,30,11,29,13,30,11,30,11,28,10,26,9,28,10,27,11,27,11,27,11,29,11,29,13,32,13,33,11,34,9,33,8,32,4,30,2,27]"
CSI_DATA,133310,d8:b1:90:d9:de:f0,-63,11,-99,-40,66,56,1972617839,100,0,114,0,"[3,39,2,43,-2,47,-3,47,-4,46,-6,46,-8,41,-9,40,-9,38,-9,35,-10,33,-8,31,-9,30,-10,30,-9,30,-10,30,-9,30,-11,30,-10,31,-10,28,-9,30,-9,28,-8,28,-8,27,-8,27,-8,27,-8,26,-6,26,0,0,-8,27,-8,27,-8,28,-8,28,-8,30,-9,31,-9,31,-9,32,-10,31,-10,30,-10,30,-11,28,-11,28,-10,27,-11,24,-12,26,-12,25,-12,25,-12,25,-15,26,-16,26,-17,26,-18,27,-21,26,-24,23,-24,20,-24,19,-23,15]"
CSI_DATA,133311,d8:b1:90:d9:de:f0,-63,11,-99,-40,66,56,1972637641,100,0,114,0,"[27,28,28,32,28,33,28,35,28,38,26,38,25,35,21,35,21,33,20,31,18,27,18,30,19,27,18,25,19,25,18,23,21,25,21,25,23,25,23,23,21,24,24,24,23,21,21,19,25,19,21,19,23,18,23,16,0,0,25,13,24,16,25,16,28,15,28,16,28,16,28,15,30,16,28,13,30,13,28,13,27,13,26,12,25,11,25,11,26,11,26,11,26,11,27,11,27,11,27,12,27,15,28,16,30,18,26,18,25,17,21,19,18,18]"
CSI_DATA,133312,d8:b1:90:d9:de:f0,-63,11,-99,-40,66,56,1972647770,100,0,114,0,"[-32,-20,-34,-24,-34,-27,-33,-30,-33,-31,-30,-31,-27,-31,-25,-30,-24,-28,-20,-28,-20,-26,-19,-26,-19,-26,-18,-25,-18,-25,-18,-26,-18,-26,-18,-26,-19,-25,-17,-26,-19,-25,-19,-25,-17,-25,-18,-23,-17,-21,-17,-23,-16,-21,-16,-20,0,0,-17,-21,-17,-23,-17,-23,-18,-23,-19,-25,-19,-26,-19,-26,-18,-27,-18,-26,-18,-26,-17,-26,-15,-26,-13,-25,-12,-24,-12,-23,-12,-24,-10,-24,-11,-24,-12,-24,-11,-27,-12,-28,-9,-31,-10,-32,-8,-32,-5,-30,-3,-28,0,-27,1,-24]"
CSI_DATA,133313,d8:b1:90:d9:de:f0,-64,11,-99,-39,66,56,1972667741,100,0,114,0,"[32,-16,37,-16,39,-15,40,-14,40,-14,39,-13,39,-11,37,-10,35,-11,34,-10,32,-8,32,-8,31,-8,30,-10,30,-11,28,-10,29,-11,30,-12,29,-12,30,-13,26,-14,26,-14,25,-14,24,-14,24,-16,23,-15,21,-14,21,-14,0,0,21,-16,21,-16,22,-17,22,-19,21,-20,23,-21,22,-21,23,-21,23,-20,24,-21,22,-21,20,-20,20,-17,19,-16,19,-17,20,-15,20,-15,19,-16,19,-17,22,-17,23,-19,22,-19,23,-19,24,-17,25,-15,24,-13,23,-13,21,-8]"
CSI_DATA,133314,d8:b1:90:d9:de:f0,-63,11,-99,-39,66,56,1972677848,100,0,114,0,"[-31,17,-35,17,-39,17,-41,15,-42,13,-41,11,-39,8,-38,7,-35,6,-34,5,-33,4,-32,4,-32,4,-30,3,-31,2,-30,3,-31,3,-32,2,-32,2,-32,3,-31,2,-30,3,-30,3,-29,3,-29,4,-28,2,-26,3,-28,4,0,0,-28,4,-28,3,-28,3,-30,3,-31,2,-32,2,-32,2,-32,1,-32,1,-32,0,-31,0,-28,-1,-28,-1,-26,0,-26,-1,-26,-3,-24,-2,-26,-2,-26,-4,-26,-4,-29,-5,-26,-6,-28,-8,-29,-11,-28,-12,-26,-13,-22,-14,-17,-13]"
CSI_DATA,133315,d8:b1:90:d9:de:f0,-63,11,-99,-39,66,56,1972697683,100,0,114,0,"[35,-2,40,-1,41,-1,44,1,44,2,44,3,40,3,40,5,39,3,35,4,33,3,33,5,33,3,33,4,33,2,32,2,32,1,34,1,33,0,32,-1,33,-1,31,-1,30,-2,30,-4,29,-3,28,-3,28,-3,28,-4,0,0,28,-6,28,-6,29,-7,29,-7,31,-7,31,-7,31,-7,31,-7,31,-7,31,-8,30,-8,28,-7,26,-6,25,-7,25,-6,26,-6,23,-6,25,-6,25,-6,26,-6,29,-6,26,-5,28,-4,30,-3,31,-2,29,0,25,1,22,2]"
CSI_DATA,133316,d8:b1:90:d9:de:f0,-63,11,-99,-39,66,56,1972707724,100,0,114,0,"[-37,-1,-40,-4,-42,-7,-43,-8,-44,-12,-42,-12,-40,-14,-38,-14,-35,-13,-33,-14,-32,-14,-31,-14,-30,-14,-30,-13,-30,-14,-30,-15,-30,-13,-31,-15,-31,-14,-30,-13,-29,-14,-29,-13,-29,-12,-29,-12,-26,-12,-25,-12,-25,-11,-25,-11,0,0,-26,-10,-25,-11,-26,-11,-29,-12,-28,-13,-29,-13,-29,-13,-28,-15,-28,-14,-28,-14,-26,-14,-24,-15,-23,-14,-22,-14,-22,-13,-20,-14,-20,-15,-20,-14,-20,-15,-20,-16,-19,-19,-20,-21,-19,-21,-16,-23,-16,-22,-14,-23,-11,-22,-7,-20]"
CSI_DATA,133317,d8:b1:90:d9:de:f0,-63,11,-99,-40,66,56,1972730061,100,0,114,0,"[31,-19,34,-20,39,-21,40,-20,40,-20,41,-19,39,-17,36,-17,34,-17,34,-17,31,-16,31,-16,30,-16,28,-17,27,-18,27,-18,27,-19,28,-19,27,-20,26,-19,25,-23,24,-23,23,-23,20,-24,20,-24,19,-23,18,-23,17,-23,0,0,16,-24,13,-25,15,-25,16,-26,15,-28,15,-27,13,-28,15,-31,13,-28,15,-30,13,-27,11,-26,11,-26,10,-25,10,-23,10,-21,10,-23,10,-23,10,-23,10,-24,11,-26,11,-26,10,-26,12,-26,16,-25,15,-23,15,-21,13,-18]"
CSI_DATA,133318,d8:b1:90:d9:de:f0,-63,11,-99,-40,66,56,1972747894,100,0,114,0,"[-38,-1,-41,-3,-45,-4,-45,-4,-47,-5,-45,-5,-43,-6,-40,-6,-39,-3,-39,-4,-35,-2,-36,-3,-35,-2,-34,-1,-34,-1,-33,0,-33,2,-34,3,-34,3,-33,4,-33,5,-32,8,-31,8,-30,9,-31,8,-28,9,-27,10,-26,11,0,0,-26,11,-25,15,-25,16,-28,16,-27,16,-27,18,-27,18,-27,18,-25,17,-26,18,-24,17,-24,16,-21,16,-20,15,-20,16,-20,13,-19,16,-20,16,-20,16,-20,17,-23,17,-23,17,-24,17,-24,16,-25,15,-24,13,-21,11,-20,9]"
CSI_DATA,133319,d8:b1:90:d9:de:f0,-64,11,-99,-39,66,56,1972767659,100,0,114,0,"[-33,-11,-38,-14,-37,-16,-38,-20,-39,-22,-38,-22,-35,-22,-32,-22,-30,-22,-28,-22,-26,-20,-25,-21,-25,-20,-24,-21,-24,-21,-24,-21,-24,-21,-25,-21,-25,-21,-24,-20,-25,-22,-24,-20,-24,-21,-22,-19,-22,-19,-22,-19,-21,-19,-22,-15,0,0,-22,-17,-22,-17,-23,-17,-23,-19,-23,-20,-23,-21,-23,-21,-23,-22,-21,-21,-21,-22,-20,-22,-17,-22,-17,-20,-16,-20,-15,-19,-14,-19,-13,-19,-14,-20,-14,-20,-12,-21,-13,-22,-11,-24,-11,-24,-10,-28,-8,-26,-5,-26,-3,-24,-1,-22]"
CSI_DATA,133320,d8:b1:90:d9:de:f0,-64,11,-99,-38,66,56,1972777857,100,0,114,0,"[-7,35,-9,38,-13,41,-13,41,-13,43,-13,42,-13,40,-13,37,-10,35,-10,35,-9,32,-8,32,-7,32,-7,32,-7,32,-5,32,-4,33,-3,33,-2,33,-1,32,0,31,1,31,2,30,2,30,4,29,4,28,3,28,4,26,0,0,9,27,7,27,7,27,10,27,10,27,10,28,11,28,11,28,10,28,10,27,11,25,11,27,10,23,11,22,9,20,9,20,10,19,9,19,11,20,10,21,10,21,10,23,13,25,10,26,8,23,7,22,5,22,4,19]"
CSI_DATA,133321,d8:b1:90:d9:de:f0,-63,11,-99,-39,66,56,1972800834,100,0,114,0,"[-38,7,-41,6,-43,4,-43,2,-48,2,-43,0,-44,-3,-40,-4,-39,-2,-37,-4,-34,-3,-34,-5,-34,-6,-33,-6,-32,-7,-32,-6,-31,-6,-35,-5,-33,-5,-34,-5,-32,-6,-33,-5,-31,-6,-29,-4,-30,-6,-28,-6,-26,-5,-26,-5,0,0,-26,-4,-28,-5,-28,-5,-30,-6,-29,-6,-30,-8,-30,-8,-30,-10,-29,-10,-29,-10,-28,-11,-24,-12,-23,-12,-22,-11,-23,-11,-21,-11,-20,-11,-21,-12,-21,-13,-20,-13,-21,-16,-21,-16,-19,-19,-17,-22,-17,-22,-14,-22,-13,-22,-7,-20]"
CSI_DATA,133322,d8:b1:90:d9:de:f0,-64,11,-99,-38,66,56,1972817655,100,0,114,0,"[-25,-26,-26,-30,-27,-33,-27,-34,-27,-35,-26,-35,-23,-35,-21,-33,-20,-31,-19,-31,-19,-29,-18,-29,-18,-28,-18,-28,-17,-27,-19,-28,-18,-27,-21,-27,-21,-26,-21,-23,-21,-25,-21,-22,-20,-22,-22,-20,-20,-19,-20,-19,-19,-19,-20,-17,0,0,-20,-16,-21,-16,-20,-16,-23,-17,-23,-17,-23,-17,-23,-17,-22,-19,-23,-17,-23,-17,-20,-17,-20,-18,-20,-17,-18,-16,-18,-15,-18,-15,-18,-14,-18,-14,-18,-14,-18,-16,-20,-17,-18,-18,-18,-20,-17,-20,-17,-20,-15,-20,-11,-20,-9,-18]"
CSI_DATA,133323,d8:b1:90:d9:de:f0,-64,11,-99,-38,66,56,1972827669,100,0,114,0,"[32,-16,35,-15,39,-14,41,-13,43,-11,42,-9,41,-6,39,-5,38,-7,37,-3,34,-3,34,-2,33,-2,32,-2,32,-1,33,-1,32,-2,33,-3,32,-2,32,-2,31,-3,31,-4,30,-4,28,-3,28,-2,27,-2,26,-2,27,-1,0,0,26,-3,26,-2,27,-2,29,-2,28,-2,28,-2,28,-1,29,0,29,1,28,0,28,1,25,3,23,3,22,2,23,3,22,3,22,4,22,4,23,4,25,6,25,7,23,8,23,9,23,11,22,13,20,14,17,14,14,14]"
CSI_DATA,133324,d8:b1:90:d9:de:f0,-64,11,-99,-39,66,56,1972837707,100,0,114,0,"[-33,-15,-37,-19,-38,-20,-38,-21,-41,-22,-39,-22,-37,-22,-35,-21,-35,-17,-34,-16,-31,-15,-32,-15,-31,-13,-30,-13,-31,-13,-31,-11,-31,-10,-34,-10,-33,-7,-33,-6,-31,-5,-33,-3,-30,-2,-29,-1,-31,-1,-28,0,-29,1,-29,3,0,0,-26,5,-25,5,-26,6,-28,6,-29,7,-28,7,-29,7,-28,7,-26,8,-29,8,-25,8,-24,7,-22,7,-21,8,-22,8,-22,7,-22,7,-21,8,-22,8,-23,11,-24,10,-23,10,-26,8,-25,7,-26,7,-24,6,-22,4,-20,3]"
CSI_DATA,133325,d8:b1:90:d9:de:f0,-64,11,-99,-38,66,56,1972847931,100,0,114,0,"[37,-3,41,-1,42,0,45,2,44,2,45,4,42,5,42,5,38,5,37,5,34,5,32,5,33,4,32,5,33,5,31,4,34,3,32,3,34,3,32,2,33,1,31,0,30,0,28,-1,28,-1,28,0,27,-1,28,-1,0,0,26,-4,25,-3,27,-4,27,-3,29,-3,28,-4,28,-2,27,-3,28,-2,27,-2,27,-2,25,0,22,-1,23,-1,21,-1,23,0,21,0,23,0,23,0,25,1,25,2,25,2,25,4,27,5,26,6,26,7,19,7,18,8]"
CSI_DATA,133326,d8:b1:90:d9:de:f0,-64,11,-99,-39,66,56,1972867857,100,0,114,0,"[-35,-13,-38,-15,-39,-16,-41,-19,-43,-19,-41,-19,-40,-19,-38,-17,-35,-15,-34,-14,-33,-12,-33,-12,-32,-12,-32,-11,-32,-10,-31,-8,-31,-7,-33,-6,-34,-5,-34,-3,-32,-3,-32,-2,-30,-1,-31,1,-30,2,-29,1,-29,3,-26,4,0,0,-26,6,-26,6,-25,6,-28,7,-26,7,-28,7,-28,10,-28,10,-28,10,-28,11,-26,10,-25,8,-23,10,-22,8,-22,10,-21,8,-21,8,-21,8,-21,10,-22,10,-23,11,-23,11,-24,10,-26,7,-26,8,-25,7,-24,5,-21,3]"
CSI_DATA,133327,d8:b1:90:d9:de:f0,-63,11,-99,-40,66,56,1972887756,100,0,114,0,"[-31,-24,-32,-28,-32,-33,-32,-35,-31,-38,-28,-39,-25,-36,-23,-36,-21,-35,-19,-33,-18,-32,-17,-32,-18,-31,-18,-31,-17,-31,-16,-31,-17,-32,-17,-31,-17,-32,-17,-30,-16,-30,-17,-30,-15,-27,-15,-26,-16,-25,-15,-26,-15,-24,-16,-23,0,0,-13,-23,-13,-23,-13,-24,-13,-26,-15,-27,-15,-27,-13,-27,-12,-28,-12,-26,-11,-26,-11,-26,-9,-25,-8,-24,-6,-24,-6,-21,-6,-23,-5,-23,-4,-21,-5,-24,-3,-24,-3,-24,0,-26,-1,-28,1,-27,2,-26,4,-25,6,-24,6,-19]"
CSI_DATA,133328,d8:b1:90:d9:de:f0,-63,11,-99,-40,66,56,1972898488,100,0,114,0,"[-39,0,-42,-2,-46,-3,-47,-4,-46,-5,-45,-8,-43,-8,-41,-6,-40,-5,-39,-5,-36,-5,-35,-4,-35,-4,-35,-3,-34,-3,-34,-3,-35,-1,-35,-2,-35,0,-34,0,-33,2,-33,2,-32,3,-30,4,-30,4,-28,3,-28,4,-28,5,0,0,-26,6,-26,6,-26,6,-28,8,-28,8,-30,10,-28,10,-28,9,-28,9,-28,9,-27,8,-25,8,-24,6,-23,6,-21,6,-24,6,-21,6,-23,6,-23,6,-24,6,-26,8,-25,6,-25,4,-28,3,-28,3,-26,1,-23,0,-20,-2]"
CSI_DATA,133329,d8:b1:90:d9:de:f0,-63,11,-99,-40,66,56,1972917864,100,0,114,0,"[-39,-11,-42,-15,-43,-18,-42,-20,-45,-21,-43,-23,-40,-24,-36,-25,-35,-23,-32,-21,-31,-20,-28,-23,-28,-23,-28,-23,-27,-23,-26,-21,-28,-24,-30,-21,-28,-23,-28,-21,-28,-23,-28,-20,-25,-20,-25,-18,-25,-19,-23,-18,-21,-18,-21,-17,0,0,-23,-16,-23,-18,-24,-17,-24,-17,-23,-20,-24,-20,-23,-20,-23,-21,-21,-20,-21,-21,-19,-21,-18,-21,-17,-19,-16,-18,-16,-19,-15,-19,-13,-18,-12,-19,-13,-19,-11,-20,-11,-21,-11,-24,-10,-26,-9,-27,-6,-25,-5,-24,-2,-25,0,-23]"
CSI_DATA,133330,d8:b1:90:d9:de:f0,-63,11,-99,-41,66,56,1972937637,100,0,114,0,"[-22,32,-26,34,-29,35,-32,36,-32,35,-33,35,-32,32,-30,32,-28,30,-28,28,-26,27,-26,27,-24,26,-24,26,-23,26,-21,27,-23,28,-22,28,-22,30,-21,28,-20,30,-17,30,-16,28,-15,29,-14,29,-14,28,-13,27,-10,28,0,0,-10,27,-9,26,-10,28,-10,27,-9,29,-10,29,-9,29,-10,29,-10,28,-10,28,-10,28,-9,27,-8,26,-8,24,-8,22,-8,23,-8,22,-8,22,-8,22,-9,24,-10,24,-10,26,-11,24,-14,24,-15,22,-15,21,-14,19,-14,15]"
CSI_DATA,133331,d8:b1:90:d9:de:f0,-63,11,-99,-39,66,56,1972947721,100,0,114,0,"[10,-37,13,-39,15,-41,17,-41,20,-43,21,-39,22,-35,22,-35,20,-34,22,-31,19,-30,20,-28,21,-29,20,-28,19,-28,20,-28,17,-28,20,-28,19,-29,21,-26,19,-28,16,-28,16,-26,15,-25,15,-25,15,-25,14,-23,14,-22,0,0,15,-24,14,-24,15,-24,15,-24,15,-24,16,-25,15,-24,16,-24,17,-22,17,-22,17,-21,17,-20,16,-19,16,-17,16,-16,16,-16,16,-15,19,-15,19,-15,20,-15,21,-15,22,-15,22,-15,23,-12,24,-10,23,-7,22,-6,20,-3]"
CSI_DATA,133332,d8:b1:90:d9:de:f0,-64,11,-99,-35,65,56,1972957787,100,0,114,0,"[-35,-8,-39,-11,-41,-11,-43,-12,-42,-13,-43,-13,-40,-12,-39,-13,-37,-10,-35,-8,-34,-7,-32,-6,-33,-6,-33,-5,-32,-4,-32,-3,-34,-1,-33,-1,-34,0,-32,1,-32,2,-31,3,-30,4,-29,6,-28,7,-26,6,-25,7,-25,8,0,0,-25,12,-23,12,-24,12,-23,13,-25,14,-25,14,-24,15,-24,15,-24,16,-23,16,-22,15,-21,15,-20,14,-19,14,-19,12,-17,14,-16,13,-19,14,-17,14,-19,16,-20,16,-20,16,-19,16,-21,14,-22,13,-22,13,-17,11,-17,8]"
CSI_DATA,133333,d8:b1:90:d9:de:f0,-63,11,-99,-41,66,56,1972967998,100,0,114,0,"[-35,-16,-38,-20,-40,-22,-40,-24,-40,-26,-39,-26,-36,-26,-34,-24,-33,-23,-32,-23,-29,-21,-30,-22,-28,-20,-28,-20,-28,-20,-28,-19,-29,-19,-29,-20,-30,-19,-30,-17,-30,-17,-32,-16,-29,-15,-29,-14,-28,-13,-26,-11,-27,-13,-27,-10,0,0,-27,-9,-27,-9,-27,-9,-28,-9,-29,-10,-29,-10,-29,-10,-28,-10,-29,-10,-29,-9,-27,-9,-24,-11,-24,-10,-23,-9,-23,-9,-22,-8,-21,-9,-21,-8,-22,-9,-22,-10,-23,-11,-24,-13,-23,-15,-22,-15,-22,-15,-19,-15,-16,-15,-14,-15]"
CSI_DATA,133334,d8:b1:90:d9:de:f0,-63,11,-99,-36,65,56,1972987597,100,0,114,0,"[-30,-23,-33,-24,-34,-26,-35,-27,-36,-28,-33,-27,-34,-27,-32,-25,-31,-23,-30,-21,-28,-19,-28,-20,-30,-17,-30,-16,-28,-15,-30,-13,-30,-11,-32,-12,-31,-10,-33,-10,-31,-9,-33,-6,-30,-5,-30,-3,-30,-3,-28,-1,-27,0,-27,0,0,0,-28,3,-27,4,-26,4,-30,5,-30,6,-30,8,-30,8,-30,9,-30,9,-31,10,-28,11,-25,9,-25,10,-23,10,-23,9,-21,9,-20,10,-20,10,-21,11,-23,11,-24,11,-23,12,-25,11,-27,10,-26,11,-25,9,-24,8,-20,4]"
CSI_DATA,133335,d8:b1:90:d9:de:f0,-64,11,-99,-38,66,56,1972999999,100,0,114,0,"[21,-29,23,-31,27,-33,29,-32,29,-33,29,-32,28,-30,26,-29,23,-28,25,-27,22,-25,20,-26,19,-25,18,-26,18,-27,17,-27,16,-27,16,-29,15,-30,14,-29,11,-29,10,-29,10,-28,7,-27,8,-28,5,-27,5,-26,5,-26,0,0,3,-28,2,-27,2,-27,1,-29,0,-28,1,-29,1,-31,0,-31,0,-29,-2,-29,-2,-28,-3,-28,-3,-26,-2,-25,-2,-22,-1,-22,-2,-22,-2,-22,-2,-23,-2,-25,-1,-25,-2,-27,-3,-27,-2,-28,1,-27,2,-25,1,-23,3,-20]"
CSI_DATA,133336,d8:b1:90:d9:de:f0,-63,11,-99,-39,66,56,1973017748,100,0,114,0,"[-34,-13,-38,-15,-41,-17,-41,-20,-42,-20,-41,-20,-39,-20,-35,-17,-35,-15,-34,-14,-32,-13,-32,-12,-33,-10,-33,-8,-32,-7,-33,-8,-32,-6,-33,-6,-33,-4,-33,-3,-31,-1,-32,0,-30,1,-30,2,-31,3,-29,4,-28,4,-28,6,0,0,-26,10,-28,8,-26,10,-28,11,-26,11,-28,11,-26,13,-28,13,-28,14,-28,15,-25,15,-24,13,-22,13,-21,14,-21,13,-21,13,-20,13,-20,14,-21,14,-21,15,-22,15,-23,15,-23,15,-23,15,-24,15,-24,13,-21,11,-19,8]"
CSI_DATA,133337,d8:b1:90:d9:de:f0,-63,11,-99,-40,66,56,1973027737,100,0,114,0,"[18,-33,23,-36,26,-38,28,-38,28,-38,30,-36,27,-33,28,-33,26,-32,25,-30,24,-28,23,-27,21,-27,20,-27,20,-27,19,-28,19,-28,19,-30,17,-30,17,-28,16,-30,15,-30,13,-28,12,-28,11,-27,10,-27,9,-26,8,-26,0,0,8,-26,8,-27,6,-28,6,-30,6,-31,6,-31,6,-31,6,-32,6,-30,6,-30,5,-30,6,-28,4,-26,5,-25,4,-24,6,-25,5,-24,5,-24,5,-25,8,-25,8,-26,8,-27,8,-27,10,-28,12,-25,12,-24,12,-21,11,-18]"
CSI_DATA,133338,d8:b1:90:d9:de:f0,-63,11,-99,-39,66,56,1973037912,100,0,114,0,"[17,34,15,39,13,41,12,42,11,44,10,42,7,42,5,40,5,38,3,37,2,35,2,35,2,34,3,34,2,34,2,33,2,32,2,34,2,32,3,33,3,32,4,32,3,30,3,30,3,30,4,29,3,28,3,28,0,0,3,28,3,30,4,29,5,31,4,30,3,31,3,32,1,32,0,32,1,31,1,29,0,29,-1,28,-1,25,-1,25,-2,24,-2,24,-2,23,-4,24,-5,25,-6,26,-6,28,-7,28,-10,26,-13,24,-12,22,-14,22,-13,15]"
CSI_DATA,133339,d8:b1:90:d9:de:f0,-63,11,-99,-40,66,56,1973058641,100,0,114,0,"[19,-33,23,-35,26,-35,30,-35,31,-34,31,-34,31,-30,32,-30,27,-27,27,-25,25,-24,26,-23,25,-23,25,-23,24,-23,24,-21,25,-25,26,-24,26,-26,24,-25,23,-24,23,-25,20,-24,20,-23,19,-21,19,-21,18,-21,18,-21,0,0,18,-23,18,-21,18,-23,18,-24,19,-25,19,-25,19,-25,21,-25,20,-24,21,-24,20,-21,20,-21,19,-19,18,-19,18,-17,18,-18,18,-17,19,-17,18,-18,21,-18,23,-17,24,-18,24,-18,25,-15,27,-11,26,-11,24,-9,21,-6]"
CSI_DATA,133340,d8:b1:90:d9:de:f0,-63,11,-99,-37,65,56,1973078113,100,0,114,0,"[-23,30,-26,34,-28,35,-30,33,-30,36,-29,34,-30,32,-29,30,-28,32,-26,27,-23,28,-23,28,-22,28,-20,29,-20,29,-19,29,-17,30,-17,32,-15,33,-15,33,-14,34,-13,35,-11,33,-7,32,-8,30,-5,29,-4,29,-3,30,0,0,-3,29,1,29,0,30,0,34,2,34,1,35,2,34,2,35,4,33,3,34,4,33,4,33,5,30,4,28,7,28,5,27,7,27,4,26,5,27,4,26,4,27,7,29,7,30,7,30,4,29,3,27,3,26,1,23]"
CSI_DATA,133341,d8:b1:90:d9:de:f0,-63,11,-99,-40,66,56,1973102600,100,0,114,0,"[-6,-36,-5,-40,-3,-43,-2,-45,-3,-45,-3,-46,-2,-42,-1,-41,-2,-39,-2,-36,-2,-34,-2,-33,-2,-34,-3,-33,-4,-34,-4,-33,-5,-34,-6,-33,-8,-34,-8,-32,-10,-33,-10,-32,-11,-30,-12,-30,-11,-27,-12,-27,-12,-26,-13,-25,0,0,-16,-25,-16,-25,-18,-26,-18,-25,-20,-27,-19,-27,-20,-26,-20,-27,-19,-26,-19,-25,-19,-24,-19,-24,-17,-23,-18,-21,-17,-18,-17,-20,-17,-18,-17,-18,-17,-18,-17,-20,-18,-21,-18,-23,-19,-23,-18,-25,-16,-24,-15,-24,-11,-24,-10,-21]"
CSI_DATA,133342,d8:b1:90:d9:de:f0,-63,11,-99,-40,66,56,1973117746,100,0,114,0,"[2,36,0,41,0,42,-2,45,0,46,-2,45,-3,42,-4,40,-2,38,-4,36,-2,34,-2,34,-2,35,-1,33,-1,34,0,34,1,34,2,34,3,35,4,33,4,34,5,33,4,31,8,32,6,30,8,30,6,28,9,27,0,0,11,26,11,28,12,28,12,30,12,30,12,30,15,30,13,30,15,28,13,28,13,27,12,27,13,25,12,25,13,24,12,23,12,23,12,20,13,21,12,23,13,24,13,26,12,27,11,28,10,26,9,26,6,25,3,23]"
CSI_DATA,133343,d8:b1:90:d9:de:f0,-63,11,-99,-36,65,56,1973127763,100,0,114,0,"[-2,-38,0,-41,3,-42,4,-43,4,-45,5,-43,6,-41,8,-40,8,-36,6,-34,8,-33,9,-33,8,-32,8,-32,6,-32,8,-31,6,-33,6,-33,8,-33,6,-33,6,-33,4,-34,4,-31,3,-31,4,-31,4,-30,4,-30,4,-30,0,0,2,-28,3,-30,3,-31,3,-31,4,-32,4,-33,3,-32,5,-34,5,-33,5,-32,6,-31,6,-30,5,-28,5,-27,5,-26,6,-25,6,-25,8,-24,6,-25,8,-26,9,-26,10,-28,11,-30,13,-27,15,-24,15,-23,16,-21,16,-18]"
CSI_DATA,133344,d8:b1:90:d9:de:f0,-63,11,-99,-41,66,56,1973147643,100,0,114,0,"[39,-10,41,-9,43,-9,46,-7,47,-9,46,-8,45,-4,43,-4,40,-7,38,-4,34,-5,35,-4,34,-7,34,-8,33,-7,32,-8,33,-9,35,-11,34,-13,33,-11,33,-13,32,-13,29,-11,27,-14,29,-15,28,-14,26,-15,26,-16,0,0,26,-17,23,-19,24,-19,24,-20,26,-20,26,-21,26,-21,26,-21,24,-22,24,-23,24,-22,22,-21,20,-19,20,-19,19,-19,19,-19,17,-17,19,-19,19,-19,20,-21,22,-21,21,-20,22,-20,23,-19,23,-19,23,-16,21,-14,21,-11]"
CSI_DATA,133345,d8:b1:90:d9:de:f0,-63,11,-99,-39,66,56,1973157721,100,0,114,0,"[-12,33,-15,37,-20,39,-21,39,-22,39,-24,37,-22,34,-23,33,-21,30,-22,26,-21,26,-20,26,-20,25,-20,25,-19,25,-19,25,-19,26,-20,26,-20,28,-17,25,-19,26,-17,26,-17,26,-15,24,-16,23,-15,24,-13,23,-14,23,0,0,-14,23,-14,23,-13,24,-14,25,-14,25,-16,26,-15,25,-17,26,-16,25,-17,26,-15,25,-15,24,-16,24,-15,22,-15,21,-15,21,-14,20,-16,20,-16,20,-19,20,-19,20,-20,21,-20,20,-22,20,-24,17,-22,15,-21,14,-21,11]"
CSI_DATA,133346,d8:b1:90:d9:de:f0,-63,11,-99,-38,65,56,1973177756,100,0,114,0,"[-37,-11,-42,-13,-45,-14,-45,-18,-45,-15,-44,-18,-40,-18,-40,-17,-36,-14,-36,-15,-34,-13,-31,-13,-33,-12,-31,-11,-33,-12,-33,-11,-34,-9,-34,-9,-35,-8,-34,-7,-34,-6,-34,-6,-33,-6,-31,-3,-33,-2,-30,-2,-30,-1,-31,1,0,0,-30,1,-30,2,-30,1,-31,2,-31,4,-31,3,-34,3,-34,4,-34,6,-34,6,-33,6,-30,4,-30,4,-28,4,-28,4,-26,4,-25,4,-26,7,-26,6,-28,6,-29,6,-29,6,-30,3,-31,2,-31,2,-30,1,-26,-1,-23,-2]"
CSI_DATA,133347,d8:b1:90:d9:de:f0,-63,11,-99,-41,66,56,1973197839,100,0,114,0,"[17,-34,20,-38,22,-39,22,-39,23,-41,21,-40,22,-39,20,-36,17,-35,17,-33,14,-32,15,-33,13,-32,13,-32,10,-32,9,-32,8,-32,8,-34,5,-34,4,-35,3,-33,1,-35,1,-33,-1,-32,-2,-32,-2,-30,-3,-30,-5,-28,0,0,-8,-28,-9,-27,-10,-28,-11,-30,-14,-32,-13,-32,-15,-30,-15,-30,-16,-28,-15,-29,-16,-28,-16,-27,-16,-24,-16,-23,-15,-22,-15,-20,-16,-21,-16,-20,-17,-20,-17,-20,-20,-21,-20,-22,-21,-24,-21,-24,-17,-22,-16,-21,-16,-23,-13,-20]"
CSI_DATA,133348,d8:b1:90:d9:de:f0,-63,11,-99,-41,66,56,1973217638,100,0,114,0,"[-39,1,-42,-1,-45,-3,-45,-5,-46,-7,-43,-8,-43,-10,-39,-9,-38,-8,-36,-8,-33,-8,-33,-9,-33,-8,-32,-8,-33,-9,-33,-9,-32,-8,-33,-7,-33,-7,-33,-7,-33,-7,-34,-5,-32,-5,-30,-3,-32,-4,-28,-4,-29,-3,-28,-3,0,0,-29,-2,-29,-2,-28,-2,-30,-2,-30,-2,-32,-3,-32,-2,-33,-4,-33,-3,-34,-3,-30,-3,-29,-4,-28,-3,-27,-3,-27,-3,-26,-3,-26,-4,-26,-4,-27,-4,-28,-4,-29,-5,-28,-7,-29,-9,-28,-10,-28,-10,-24,-13,-21,-13,-19,-13]"
CSI_DATA,133349,d8:b1:90:d9:de:f0,-63,11,-99,-40,66,56,1973227692,100,0,114,0,"[26,-25,31,-27,32,-28,33,-28,34,-32,33,-30,32,-27,30,-26,27,-26,26,-26,23,-25,23,-25,20,-26,20,-26,19,-27,17,-27,16,-27,17,-31,15,-30,15,-30,11,-31,10,-32,9,-30,6,-30,6,-28,4,-28,2,-28,2,-27,0,0,0,-27,-2,-31,-2,-28,-3,-32,-4,-32,-5,-33,-6,-33,-6,-33,-8,-30,-9,-31,-9,-30,-10,-28,-10,-28,-10,-25,-11,-25,-11,-24,-11,-24,-10,-23,-12,-23,-13,-24,-13,-25,-15,-26,-16,-27,-13,-28,-11,-25,-10,-25,-10,-26,-6,-23]"
CSI_DATA,133350,d8:b1:90:d9:de:f0,-63,11,-99,-41,66,56,1973237811,100,0,114,0,"[35,-17,38,-17,42,-17,45,-19,45,-19,43,-17,41,-15,40,-13,36,-14,38,-13,35,-13,34,-13,32,-13,33,-11,32,-13,32,-14,32,-17,32,-17,32,-17,29,-19,28,-17,27,-19,27,-19,26,-19,27,-19,22,-19,22,-19,22,-17,0,0,22,-21,20,-21,20,-22,21,-24,21,-23,21,-24,21,-24,22,-26,21,-26,22,-24,20,-24,20,-23,19,-22,16,-23,16,-22,16,-22,15,-22,16,-21,16,-21,19,-22,19,-23,20,-23,20,-22,21,-22,23,-21,22,-17,20,-17,20,-13]"
CSI_DATA,133351,d8:b1:90:d9:de:f0,-63,11,-99,-41,66,56,1973258057,100,0,114,0,"[-22,32,-24,35,-27,35,-29,38,-29,39,-28,38,-27,35,-27,34,-23,32,-22,30,-20,29,-20,29,-19,30,-16,30,-16,30,-15,32,-14,32,-14,33,-11,33,-10,33,-9,33,-8,34,-7,32,-4,32,-3,29,-2,30,-1,29,0,28,0,0,2,28,2,29,2,30,4,30,5,32,5,33,8,32,9,32,8,32,9,30,9,32,10,29,10,28,10,26,9,23,10,24,10,23,10,23,11,22,11,24,11,26,13,27,14,28,11,29,9,27,9,26,8,24,4,22]"
CSI_DATA,133352,d8:b1:90:d9:de:f0,-63,11,-99,-40,66,56,1973277840,100,0,114,0,"[-26,27,-31,30,-33,30,-36,30,-36,27,-38,25,-38,23,-35,21,-34,20,-32,18,-31,17,-30,16,-31,16,-30,16,-30,16,-30,16,-28,17,-31,17,-30,16,-28,18,-28,18,-30,19,-27,17,-26,17,-25,17,-25,16,-23,16,-24,16,0,0,-24,17,-23,17,-24,17,-25,16,-25,18,-26,18,-27,19,-26,18,-26,17,-26,17,-25,17,-24,17,-23,15,-23,15,-23,13,-24,12,-23,12,-24,12,-25,12,-26,12,-26,12,-27,11,-27,11,-30,9,-31,6,-30,5,-25,3,-23,1]"
CSI_DATA,133353,d8:b1:90:d9:de:f0,-63,11,-99,-40,66,56,1973297650,100,0,114,0,"[6,-38,8,-41,11,-42,12,-42,13,-46,12,-43,13,-42,13,-39,11,-36,11,-35,9,-32,9,-33,9,-32,8,-32,6,-31,5,-32,5,-32,5,-34,4,-33,4,-33,2,-34,1,-34,0,-33,-2,-31,-1,-30,-1,-30,-2,-28,-4,-28,0,0,-4,-26,-6,-27,-6,-28,-8,-30,-9,-31,-9,-32,-10,-31,-11,-32,-10,-31,-10,-31,-11,-30,-11,-30,-10,-27,-10,-25,-10,-25,-8,-24,-9,-24,-10,-23,-10,-24,-10,-25,-10,-26,-11,-27,-11,-30,-9,-30,-9,-27,-6,-27,-4,-26,-3,-23]"
CSI_DATA,133354,d8:b1:90:d9:de:f0,-63,11,-99,-39,66,56,1973308301,100,0,114,0,"[33,-15,37,-14,41,-13,44,-11,43,-10,43,-7,41,-5,41,-5,37,-3,35,-2,34,-1,33,-1,32,-1,32,0,31,1,32,0,34,-1,33,0,33,0,33,0,33,-1,33,0,31,0,30,-1,29,0,28,0,26,0,26,-1,0,0,29,-1,28,0,29,0,29,-1,30,0,30,1,31,1,32,1,32,1,31,1,30,2,29,3,28,4,26,3,26,3,25,5,24,4,25,4,24,6,26,7,26,8,26,10,26,12,25,13,26,13,23,15,19,14,15,14]"
CSI_DATA,133355,d8:b1:90:d9:de:f0,-63,11,-99,-41,66,56,1973327627,100,0,114,0,"[16,35,17,39,16,42,16,43,16,45,15,42,13,42,11,39,14,38,11,36,11,34,11,34,11,32,13,32,13,30,13,29,15,30,16,30,17,29,17,28,19,29,20,29,20,27,21,24,20,24,20,23,21,22,21,20,0,0,22,20,22,19,23,19,24,20,26,19,26,20,27,19,27,21,28,17,27,17,26,17,27,17,24,16,24,15,24,14,24,14,24,13,24,11,24,13,24,13,26,15,26,16,27,17,27,17,26,17,23,17,21,17,16,16]"
CSI_DATA,133356,d8:b1:90:d9:de:f0,-63,11,-99,-37,65,56,1973339220,100,0,114,0,"[34,-21,38,-22,42,-22,42,-21,41,-22,41,-21,40,-19,38,-17,35,-20,33,-20,29,-17,29,-17,32,-19,29,-17,27,-20,29,-21,27,-22,27,-23,27,-23,26,-24,23,-24,20,-27,19,-27,17,-26,19,-26,16,-27,15,-26,13,-26,0,0,13,-27,10,-28,11,-28,11,-29,10,-32,9,-33,8,-33,8,-33,7,-33,8,-33,4,-32,4,-30,4,-29,2,-27,3,-27,3,-27,3,-27,2,-28,2,-28,1,-28,2,-29,2,-30,1,-32,3,-32,5,-28,5,-27,5,-27,7,-23]"
CSI_DATA,133357,d8:b1:90:d9:de:f0,-64,11,-99,-39,66,56,1973354808,100,0,114,0,"[24,-29,29,-30,31,-30,33,-30,32,-30,32,-29,31,-26,31,-25,29,-24,26,-24,25,-22,26,-22,24,-22,24,-22,23,-22,23,-22,21,-23,22,-24,21,-24,21,-24,19,-25,17,-25,16,-24,15,-24,15,-25,13,-25,13,-24,11,-23,0,0,11,-24,8,-24,8,-25,11,-28,10,-29,8,-29,8,-29,8,-30,7,-29,8,-30,7,-28,6,-28,6,-26,5,-25,5,-24,6,-24,5,-25,5,-24,5,-25,6,-26,6,-26,6,-28,6,-29,8,-26,11,-24,11,-23,10,-22,11,-17]"
CSI_DATA,133358,d8:b1:90:d9:de:f0,-63,11,-99,-40,66,56,1973367721,100,0,114,0,"[-27,26,-31,27,-35,30,-38,27,-36,25,-35,24,-36,21,-34,20,-34,19,-32,18,-30,17,-28,17,-30,16,-28,16,-27,17,-28,16,-28,18,-30,17,-28,16,-28,17,-27,18,-27,19,-26,18,-24,19,-23,18,-21,17,-21,17,-23,18,0,0,-21,17,-21,19,-23,19,-24,20,-24,21,-24,21,-25,23,-24,21,-25,23,-24,20,-24,20,-23,19,-23,18,-21,18,-21,16,-21,15,-21,16,-21,16,-21,15,-23,17,-25,17,-25,16,-25,15,-27,13,-28,11,-26,9,-25,8,-23,4]"
CSI_DATA,133359,d8:b1:90:d9:de:f0,-64,11,-99,-39,66,56,1973388983,100,0,114,0,"[-1,37,-3,40,-6,42,-8,43,-7,43,-10,41,-11,39,-13,37,-11,35,-12,33,-11,32,-11,30,-12,31,-11,30,-11,30,-11,29,-10,31,-12,32,-11,32,-11,31,-10,31,-8,31,-8,29,-7,30,-7,28,-7,28,-7,26,-7,28,0,0,-6,25,-5,26,-5,28,-6,29,-7,30,-7,30,-7,31,-7,31,-8,31,-8,29,-7,29,-7,29,-8,26,-7,26,-8,25,-8,24,-7,24,-10,24,-10,24,-11,23,-12,24,-12,24,-12,24,-14,24,-16,21,-17,20,-16,19,-15,15]"
CSI_DATA,133360,d8:b1:90:d9:de:f0,-63,11,-99,-41,66,56,1973413356,100,0,114,0,"[36,-10,41,-9,45,-8,46,-5,45,-3,46,-2,42,0,41,1,39,1,35,2,34,2,33,3,34,2,32,4,33,3,33,4,35,3,35,3,35,4,35,3,34,4,33,3,33,3,32,3,32,3,30,3,29,2,29,2,0,0,29,2,28,3,30,3,30,2,32,2,33,3,32,4,33,4,34,4,32,4,32,5,29,7,28,5,28,7,27,7,28,7,26,8,27,8,27,8,26,10,28,13,27,14,26,15,24,16,24,17,21,19,17,17,14,17]"
CSI_DATA,133361,d8:b1:90:d9:de:f0,-63,11,-99,-39,66,56,1973427699,100,0,114,0,"[-34,14,-38,14,-40,12,-42,11,-43,10,-41,7,-41,5,-39,4,-37,5,-35,4,-33,4,-33,3,-33,4,-32,4,-31,3,-31,3,-31,5,-32,4,-31,5,-33,5,-32,5,-31,7,-30,6,-29,6,-29,6,-28,6,-26,7,-26,8,0,0,-28,8,-26,10,-28,8,-29,10,-29,10,-30,10,-29,12,-31,10,-30,11,-32,11,-30,10,-29,8,-28,8,-26,8,-26,7,-25,6,-25,7,-25,6,-26,6,-26,6,-28,5,-28,4,-26,4,-30,2,-31,0,-29,0,-24,-2,-22,-3]"
CSI_DATA,133362,d8:b1:90:d9:de:f0,-63,11,-99,-39,66,56,1973437731,100,0,114,0,"[-35,-7,-38,-11,-40,-14,-42,-16,-39,-19,-38,-21,-34,-21,-33,-21,-30,-20,-29,-19,-28,-20,-26,-20,-24,-20,-24,-21,-24,-21,-23,-20,-25,-22,-23,-22,-25,-23,-23,-22,-25,-22,-24,-21,-23,-20,-23,-20,-22,-20,-20,-20,-21,-20,-21,-19,0,0,-21,-20,-21,-20,-21,-21,-21,-21,-22,-24,-21,-23,-22,-23,-23,-26,-22,-25,-20,-24,-19,-25,-17,-26,-15,-25,-15,-24,-14,-22,-13,-24,-12,-23,-12,-23,-12,-22,-11,-24,-11,-25,-8,-28,-7,-29,-4,-30,-4,-29,-2,-29,1,-25,4,-22]"
CSI_DATA,133363,d8:b1:90:d9:de:f0,-64,11,-99,-38,66,56,1973447920,100,0,114,0,"[16,-32,18,-32,21,-34,22,-37,23,-35,25,-34,22,-32,23,-30,21,-28,20,-28,19,-25,19,-26,17,-27,17,-26,15,-26,16,-27,14,-28,17,-27,14,-28,14,-28,13,-28,11,-28,10,-27,9,-27,9,-27,7,-27,7,-26,6,-26,0,0,4,-26,4,-27,3,-29,3,-29,3,-30,2,-30,2,-31,2,-31,2,-30,2,-31,1,-30,1,-29,0,-28,0,-26,1,-26,0,-26,0,-26,1,-26,0,-26,2,-26,1,-27,2,-28,2,-30,2,-29,5,-27,4,-25,5,-25,7,-20]"
CSI_DATA,133364,d8:b1:90:d9:de:f0,-63,11,-99,-36,65,56,1973458573,100,0,114,0,"[5,36,3,40,1,42,0,43,-2,45,-4,42,-6,41,-8,39,-6,36,-8,35,-8,32,-9,32,-9,32,-9,32,-9,31,-9,31,-10,31,-11,31,-10,32,-11,32,-9,31,-9,31,-9,30,-8,27,-9,28,-9,28,-9,26,-8,27,0,0,-9,26,-8,28,-9,27,-10,28,-10,30,-10,30,-11,30,-12,32,-12,30,-13,30,-15,28,-13,28,-12,24,-12,24,-13,24,-15,23,-15,21,-16,21,-16,21,-17,21,-18,21,-19,21,-21,23,-24,20,-24,16,-23,13,-23,13,-20,9]"
CSI_DATA,133365,d8:b1:90:d9:de:f0,-63,11,-99,-40,66,56,1973477639,100,0,114,0,"[33,-18,36,-19,39,-19,41,-19,40,-19,39,-19,36,-17,38,-16,36,-15,33,-16,32,-15,31,-13,31,-16,30,-16,28,-17,28,-17,28,-19,28,-19,28,-20,26,-20,27,-23,25,-21,24,-23,21,-23,23,-21,19,-24,18,-23,17,-23,0,0,17,-24,16,-25,15,-26,15,-27,16,-30,16,-30,13,-31,15,-31,15,-30,15,-28,13,-28,12,-30,11,-28,9,-27,10,-26,10,-26,8,-25,9,-26,9,-25,10,-26,10,-27,10,-27,9,-28,12,-28,13,-26,13,-24,13,-21,13,-19]"
CSI_DATA,133366,d8:b1:90:d9:de:f0,-63,11,-99,-40,66,56,1973487812,100,0,114,0,"[-2,39,-4,41,-6,42,-10,42,-10,47,-11,42,-13,42,-13,36,-12,36,-12,34,-11,32,-12,33,-12,31,-12,31,-10,31,-10,30,-9,31,-11,33,-10,33,-11,33,-9,32,-8,33,-9,31,-6,31,-8,31,-6,31,-5,30,-4,28,0,0,-6,28,-4,30,-4,30,-5,32,-4,33,-5,33,-4,34,-5,33,-4,32,-6,33,-5,32,-5,31,-4,28,-5,27,-5,27,-5,26,-6,27,-6,26,-6,26,-9,27,-9,28,-9,28,-11,30,-12,28,-13,24,-13,21,-16,23,-13,18]"
CSI_DATA,133367,d8:b1:90:d9:de:f0,-63,11,-99,-41,66,56,1973510562,100,0,114,0,"[-36,-2,-41,-4,-43,-7,-45,-7,-43,-9,-42,-9,-41,-9,-39,-8,-36,-7,-36,-5,-34,-4,-33,-3,-34,-4,-33,-3,-34,-2,-34,-1,-33,0,-34,-1,-34,0,-34,2,-33,4,-34,4,-32,7,-30,7,-29,8,-29,8,-27,9,-26,9,0,0,-27,11,-26,11,-28,11,-29,14,-29,16,-29,16,-29,20,-29,19,-29,19,-28,21,-27,19,-24,19,-24,19,-22,19,-23,17,-22,17,-21,19,-21,19,-22,19,-22,20,-23,20,-22,20,-23,20,-24,19,-26,17,-24,16,-22,13,-21,11]"
CSI_DATA,133368,d8:b1:90:d9:de:f0,-64,11,-99,-39,66,56,1973527609,100,0,114,0,"[-14,32,-17,34,-20,37,-23,37,-25,34,-26,33,-26,30,-28,28,-25,25,-25,24,-23,22,-24,21,-23,22,-24,21,-23,21,-24,21,-24,21,-25,22,-24,21,-24,21,-23,20,-24,20,-22,19,-22,19,-23,19,-21,19,-21,17,-21,17,0,0,-20,19,-22,19,-22,19,-23,19,-24,19,-25,19,-25,20,-26,19,-26,19,-28,17,-25,17,-24,16,-24,14,-22,14,-23,13,-23,12,-22,11,-24,10,-24,10,-26,8,-28,7,-28,8,-28,7,-29,4,-29,2,-28,0,-25,0,-21,-3]"
CSI_DATA,133369,d8:b1:90:d9:de:f0,-63,11,-99,-41,66,56,1973538131,100,0,114,0,"[-3,38,-4,40,-7,42,-9,42,-9,43,-9,41,-11,40,-11,38,-9,36,-10,35,-9,32,-9,33,-8,33,-7,33,-7,32,-7,32,-5,33,-5,34,-4,34,-4,34,-2,33,-1,34,-1,32,0,32,0,33,1,30,1,30,2,29,0,0,3,28,4,32,4,30,5,33,7,30,7,33,8,33,8,34,8,32,8,32,8,30,9,30,8,28,8,27,8,26,5,26,7,26,7,24,8,24,7,27,7,28,7,29,8,30,5,30,3,28,1,27,1,27,0,22]"
CSI_DATA,133370,d8:b1:90:d9:de:f0,-63,11,-99,-40,66,56,1973557755,100,0,114,0,"[-12,35,-16,38,-19,39,-21,38,-24,39,-24,36,-25,33,-25,31,-24,30,-24,27,-23,25,-25,24,-24,24,-24,23,-24,23,-24,21,-23,23,-25,23,-24,21,-25,23,-25,21,-24,23,-24,21,-21,20,-24,20,-23,19,-21,19,-24,19,0,0,-23,19,-23,19,-24,20,-24,20,-25,19,-25,20,-26,20,-28,19,-28,18,-30,19,-27,18,-27,16,-26,15,-25,15,-25,13,-24,12,-25,11,-25,11,-24,11,-27,10,-27,9,-28,9,-28,6,-28,4,-30,1,-27,0,-25,-1,-21,-1]"
CSI_DATA,133371,d8:b1:90:d9:de:f0,-63,11,-99,-40,66,56,1973577690,100,0,114,0,"[-12,33,-16,35,-19,36,-20,35,-24,38,-23,35,-25,34,-24,30,-20,31,-20,28,-19,26,-20,26,-19,26,-19,26,-18,26,-18,25,-16,26,-19,27,-18,26,-18,27,-16,26,-16,28,-15,26,-13,26,-13,27,-13,26,-12,24,-12,26,0,0,-10,25,-11,27,-11,27,-12,30,-11,30,-12,32,-11,32,-12,32,-11,32,-12,33,-12,31,-11,30,-10,28,-10,26,-11,26,-10,25,-10,26,-10,25,-10,25,-11,26,-12,26,-12,27,-12,28,-15,26,-17,23,-16,20,-17,20,-15,15]"
CSI_DATA,133372,d8:b1:90:d9:de:f0,-63,11,-99,-40,66,56,1973588046,100,0,114,0,"[-3,-35,-2,-39,-2,-42,-1,-42,-1,-43,-1,-42,0,-41,-1,-38,-3,-36,-2,-34,-3,-31,-3,-32,-5,-32,-6,-33,-8,-32,-9,-32,-10,-31,-10,-31,-12,-31,-13,-30,-15,-30,-17,-28,-17,-27,-18,-25,-19,-25,-18,-24,-19,-21,-20,-21,0,0,-23,-19,-23,-19,-26,-18,-27,-18,-27,-18,-30,-17,-31,-16,-31,-16,-32,-13,-31,-12,-30,-11,-30,-13,-30,-11,-28,-9,-27,-8,-26,-8,-26,-8,-27,-6,-28,-4,-27,-4,-30,-4,-30,-5,-30,-6,-30,-6,-28,-6,-26,-6,-24,-9,-20,-9]"
CSI_DATA,133373,d8:b1:90:d9:de:f0,-63,11,-99,-40,66,56,1973607896,100,0,114,0,"[-1,-34,1,-39,2,-41,4,-42,5,-45,6,-42,8,-40,10,-36,8,-34,10,-33,8,-31,9,-31,9,-31,8,-31,9,-30,8,-31,6,-32,8,-32,8,-32,6,-32,5,-31,4,-31,4,-30,3,-30,4,-30,4,-30,3,-28,3,-27,0,0,1,-28,1,-28,1,-30,1,-32,2,-33,2,-34,1,-33,1,-35,0,-33,1,-33,2,-33,2,-33,1,-31,2,-28,1,-28,2,-27,2,-26,3,-28,3,-27,3,-28,4,-30,5,-31,5,-32,8,-31,8,-28,9,-25,10,-24,10,-20]"
CSI_DATA,133374,d8:b1:90:d9:de:f0,-64,11,-99,-39,66,56,1973627655,100,0,114,0,"[33,-1,38,0,40,1,41,1,41,3,41,2,38,3,38,3,37,1,35,1,33,1,32,1,31,0,31,0,31,-2,30,-2,32,-3,32,-3,32,-5,31,-6,31,-6,29,-7,30,-8,28,-10,28,-11,25,-11,26,-11,26,-13,0,0,26,-14,24,-16,25,-16,26,-17,25,-19,25,-20,25,-21,25,-21,24,-22,24,-22,23,-22,22,-22,21,-21,20,-21,20,-21,19,-20,17,-20,17,-20,17,-22,19,-22,20,-23,17,-23,20,-23,20,-21,21,-21,21,-19,19,-16,16,-14]"
CSI_DATA,133375,d8:b1:90:d9:de:f0,-63,11,-99,-39,66,56,1973637683,100,0,114,0,"[26,-21,30,-22,33,-22,34,-21,37,-20,35,-20,35,-16,34,-16,32,-16,32,-14,29,-13,29,-13,29,-14,28,-13,28,-13,28,-13,28,-14,29,-15,28,-15,28,-15,28,-16,26,-17,25,-16,23,-17,25,-16,24,-16,22,-15,23,-17,0,0,22,-17,22,-20,22,-19,24,-21,23,-22,24,-23,24,-23,24,-23,25,-22,24,-22,24,-22,22,-21,22,-20,20,-19,20,-19,20,-19,20,-19,21,-19,20,-20,22,-20,22,-20,23,-20,23,-19,25,-17,25,-14,24,-13,22,-11,20,-7]"
CSI_DATA,133376,d8:b1:90:d9:de:f0,-64,11,-99,-39,66,56,1973647686,100,0,114,0,"[-6,-33,-4,-37,-3,-42,-1,-42,2,-41,4,-40,4,-39,5,-37,6,-34,6,-33,7,-31,6,-29,7,-30,7,-29,6,-30,7,-29,8,-31,8,-30,8,-31,10,-30,7,-30,7,-29,7,-29,7,-29,7,-29,8,-29,8,-29,7,-26,0,0,7,-26,7,-28,7,-29,8,-29,8,-30,10,-30,10,-30,11,-33,11,-31,11,-31,11,-30,11,-30,12,-28,11,-28,12,-24,14,-25,12,-23,13,-23,13,-23,15,-23,16,-22,17,-24,17,-23,21,-22,22,-19,22,-17,21,-14,19,-11]"
CSI_DATA,133377,d8:b1:90:d9:de:f0,-64,11,-99,-39,66,56,1973657751,100,0,114,0,"[-13,-32,-13,-37,-12,-39,-12,-40,-12,-41,-10,-39,-8,-38,-8,-37,-10,-33,-8,-33,-8,-30,-8,-30,-10,-29,-10,-29,-11,-28,-12,-29,-13,-28,-13,-28,-14,-29,-14,-28,-16,-28,-16,-26,-17,-25,-17,-23,-20,-23,-20,-24,-20,-22,-20,-20,0,0,-20,-19,-22,-17,-22,-17,-24,-19,-25,-20,-25,-19,-29,-19,-29,-19,-29,-17,-29,-17,-29,-16,-28,-16,-25,-15,-25,-13,-24,-12,-24,-11,-24,-12,-24,-11,-25,-11,-25,-12,-26,-11,-26,-13,-28,-13,-29,-15,-26,-13,-25,-14,-21,-14,-19,-13]"
CSI_DATA,133378,d8:b1:90:d9:de:f0,-63,11,-99,-37,65,56,1973677629,100,0,114,0,"[-20,-29,-21,-34,-20,-38,-17,-40,-16,-41,-14,-41,-10,-39,-9,-39,-8,-35,-7,-34,-5,-33,-4,-32,-7,-32,-4,-32,-7,-32,-5,-32,-4,-33,-4,-32,-4,-34,-2,-33,-4,-34,-4,-33,-4,-33,-5,-32,-4,-32,-5,-33,-5,-30,-5,-29,0,0,-4,-29,-5,-29,-4,-32,-5,-33,-4,-35,-4,-35,-4,-35,-3,-36,-4,-35,-3,-34,-3,-34,-3,-35,-2,-33,-2,-32,-1,-29,0,-28,0,-28,1,-28,1,-28,2,-29,3,-29,4,-30,4,-32,8,-33,8,-29,10,-27,13,-24,13,-20]"
CSI_DATA,133379,d8:b1:90:d9:de:f0,-63,11,-99,-40,66,56,1973687756,100,0,114,0,"[-6,34,-10,39,-12,40,-12,41,-11,41,-12,40,-12,38,-12,36,-9,34,-10,33,-8,32,-9,32,-8,31,-8,30,-5,31,-5,32,-3,31,-2,31,-3,32,-2,31,-1,33,2,33,1,32,3,31,4,31,4,30,5,28,6,28,0,0,8,27,10,27,10,27,12,30,13,30,13,32,15,31,15,32,16,30,16,30,16,28,16,30,16,28,16,26,16,24,15,24,16,23,17,23,17,21,16,23,18,24,18,24,18,26,18,27,16,26,15,24,12,24,10,23]"
CSI_DATA,133380,d8:b1:90:d9:de:f0,-63,11,-99,-39,66,56,1973707702,100,0,114,0,"[-28,22,-32,22,-34,22,-35,21,-38,19,-35,17,-37,14,-34,13,-33,12,-32,11,-32,10,-31,7,-30,8,-30,7,-30,6,-30,7,-29,8,-31,7,-30,7,-31,7,-31,7,-31,7,-31,7,-30,7,-29,7,-28,7,-28,6,-28,6,0,0,-29,7,-28,7,-28,7,-31,7,-31,6,-32,6,-32,7,-34,6,-33,6,-33,5,-31,6,-31,4,-30,4,-29,4,-29,3,-28,2,-28,3,-26,1,-28,1,-29,1,-30,-1,-30,-2,-30,-3,-31,-5,-30,-6,-28,-7,-24,-7,-21,-10]"
CSI_DATA,133381,d8:b1:90:d9:de:f0,-64,11,-99,-38,66,56,1973721438,100,0,114,0,"[-20,26,-22,28,-27,30,-28,29,-29,29,-29,28,-28,25,-28,23,-26,22,-25,22,-23,21,-22,19,-22,21,-21,20,-20,21,-20,21,-21,22,-21,22,-20,22,-19,22,-22,25,-20,25,-19,23,-17,23,-17,25,-16,25,-15,23,-16,26,0,0,-14,25,-13,25,-13,27,-13,28,-13,28,-13,29,-11,29,-14,29,-14,30,-13,30,-11,29,-10,29,-9,28,-9,26,-9,26,-8,25,-7,23,-8,25,-9,25,-9,25,-9,26,-9,27,-8,27,-11,27,-13,23,-13,22,-13,20,-11,17]"
CSI_DATA,133382,d8:b1:90:d9:de:f0,-63,11,-99,-35,65,56,1973737663,100,0,114,0,"[12,33,11,37,8,40,6,40,6,43,4,42,3,40,1,38,1,35,-1,33,-1,32,-2,32,-1,30,-1,30,-2,30,-3,30,-2,30,-2,32,-2,32,-2,31,-2,32,-1,33,-2,31,-1,30,-2,30,-1,29,-1,29,-1,28,0,0,0,28,-1,30,-1,29,-1,32,0,33,-1,33,-2,34,-3,34,-3,34,-3,33,-2,33,-4,33,-3,31,-4,29,-3,29,-4,26,-4,28,-4,25,-5,26,-7,26,-7,26,-8,28,-10,29,-13,30,-14,26,-15,24,-15,23,-14,17]"
CSI_DATA,133383,d8:b1:90:d9:de:f0,-63,11,-99,-41,66,56,1973750145,100,0,114,0,"[33,14,35,15,39,16,39,17,41,17,39,16,38,16,35,15,35,13,33,13,32,9,32,9,30,9,30,8,29,7,30,4,32,3,33,3,34,1,33,0,33,-1,34,-3,33,-4,30,-7,29,-5,29,-7,28,-8,28,-9,0,0,26,-13,27,-14,27,-15,28,-17,27,-20,28,-20,27,-22,28,-23,26,-23,26,-24,24,-24,22,-23,21,-23,20,-23,19,-23,17,-23,16,-23,15,-23,14,-24,15,-24,15,-26,13,-27,15,-26,17,-28,19,-28,17,-24,15,-22,15,-19]"
CSI_DATA,133384,d8:b1:90:d9:de:f0,-63,11,-99,-40,66,56,1973767864,100,0,114,0,"[-10,33,-15,35,-18,38,-20,38,-23,36,-23,33,-24,32,-24,28,-23,28,-23,25,-21,24,-23,23,-23,23,-23,21,-23,21,-23,20,-21,21,-23,21,-24,21,-23,23,-24,21,-23,23,-23,23,-23,21,-23,21,-23,19,-21,20,-21,20,0,0,-20,19,-20,20,-21,20,-25,21,-25,21,-26,23,-26,24,-26,23,-27,21,-27,21,-26,19,-26,20,-26,18,-24,18,-24,17,-23,15,-24,16,-23,13,-24,13,-26,13,-26,13,-28,13,-27,12,-28,9,-30,8,-28,5,-25,4,-23,2]"
CSI_DATA,133385,d8:b1:90:d9:de:f0,-63,11,-99,-39,66,56,1973787788,100,0,114,0,"[16,-30,20,-31,23,-33,25,-32,26,-31,25,-30,25,-28,24,-25,23,-24,23,-24,22,-22,22,-22,21,-22,20,-22,19,-22,21,-23,21,-23,22,-23,20,-24,21,-23,17,-24,19,-24,17,-24,16,-24,17,-24,15,-24,14,-24,14,-23,0,0,14,-26,14,-25,13,-25,14,-29,12,-28,13,-31,13,-30,15,-32,15,-30,15,-31,13,-31,12,-29,12,-29,11,-26,11,-25,11,-23,11,-25,11,-24,11,-25,12,-25,12,-28,12,-29,13,-29,14,-26,16,-24,16,-22,15,-22,14,-17]"
CSI_DATA,133386,d8:b1:90:d9:de:f0,-63,11,-99,-39,66,56,1973797809,100,0,114,0,"[-31,15,-34,14,-38,13,-40,11,-40,8,-40,6,-38,5,-37,4,-34,3,-32,2,-32,1,-31,1,-31,2,-30,1,-30,0,-32,0,-31,0,-31,0,-32,0,-31,0,-32,0,-31,0,-31,0,-30,-1,-30,0,-30,0,-29,0,-29,0,0,0,-30,1,-29,-1,-31,1,-32,0,-32,0,-33,-1,-33,-1,-34,-1,-35,-3,-35,-1,-33,-1,-31,-3,-29,-3,-30,-4,-28,-3,-28,-5,-26,-4,-28,-4,-29,-5,-29,-6,-29,-8,-29,-8,-28,-8,-29,-11,-29,-13,-26,-14,-22,-14,-19,-12]"
CSI_DATA,133387,d8:b1:90:d9:de:f0,-63,11,-99,-41,66,56,1973807863,100,0,114,0,"[-8,-34,-7,-39,-5,-40,-4,-42,-5,-42,-3,-41,-3,-39,-3,-39,-4,-35,-3,-34,-4,-30,-4,-30,-5,-32,-5,-32,-7,-33,-8,-32,-9,-30,-9,-30,-10,-33,-10,-29,-13,-30,-14,-32,-14,-29,-15,-28,-15,-27,-15,-27,-16,-24,-16,-24,0,0,-19,-22,-19,-22,-21,-22,-23,-22,-24,-24,-26,-23,-24,-23,-27,-24,-28,-21,-27,-21,-27,-21,-26,-20,-24,-17,-24,-16,-23,-14,-23,-15,-23,-14,-24,-14,-26,-15,-24,-14,-26,-14,-27,-15,-26,-15,-27,-16,-26,-14,-23,-15,-20,-15,-17,-14]"
CSI_DATA,133388,d8:b1:90:d9:de:f0,-64,11,-99,-37,66,56,1973819106,100,0,114,0,"[33,-4,37,-2,39,0,38,2,41,4,38,5,37,7,33,8,32,6,30,8,29,7,27,9,27,9,26,9,26,11,26,10,27,10,28,11,28,11,28,12,27,12,29,11,27,13,26,11,26,12,25,12,24,11,24,10,0,0,25,11,26,11,26,12,28,13,27,13,28,14,28,14,29,16,30,15,28,15,27,16,24,16,23,16,22,16,23,14,22,14,21,15,21,14,21,16,21,19,21,19,21,20,18,23,18,25,16,24,14,24,11,23,7,20]"
CSI_DATA,133389,d8:b1:90:d9:de:f0,-63,11,-99,-36,65,56,1973837830,100,0,114,0,"[9,-33,11,-36,13,-38,15,-38,15,-39,13,-39,13,-35,15,-35,12,-32,11,-30,10,-27,10,-28,9,-30,8,-28,8,-30,6,-30,5,-31,5,-30,4,-31,4,-31,2,-33,1,-33,0,-32,-1,-31,-1,-31,-3,-30,-3,-28,-4,-27,0,0,-8,-30,-6,-28,-9,-30,-11,-30,-11,-31,-12,-32,-13,-31,-15,-33,-15,-31,-16,-31,-16,-30,-16,-30,-16,-26,-16,-26,-15,-24,-16,-24,-16,-23,-16,-23,-17,-23,-18,-24,-17,-24,-18,-25,-19,-26,-18,-26,-17,-25,-16,-24,-13,-23,-11,-21]"
CSI_DATA,133390,d8:b1:90:d9:de:f0,-63,11,-99,-41,66,56,1973857655,100,0,114,0,"[-32,-17,-33,-22,-32,-24,-33,-27,-32,-28,-30,-29,-27,-28,-27,-28,-23,-28,-22,-26,-20,-24,-19,-24,-20,-24,-20,-24,-19,-24,-19,-24,-20,-26,-20,-26,-21,-27,-19,-26,-22,-28,-21,-27,-21,-26,-20,-24,-20,-23,-21,-24,-19,-22,-20,-22,0,0,-21,-23,-19,-23,-20,-24,-21,-24,-23,-27,-23,-28,-23,-27,-24,-29,-23,-27,-22,-26,-21,-27,-20,-26,-20,-24,-19,-24,-16,-23,-15,-24,-15,-23,-16,-23,-16,-24,-16,-24,-16,-26,-14,-26,-14,-28,-11,-29,-9,-26,-8,-27,-4,-26,-3,-24]"
CSI_DATA,133391,d8:b1:90:d9:de:f0,-63,11,-99,-41,66,56,1973867774,100,0,114,0,"[26,-24,28,-27,32,-28,33,-28,33,-27,33,-27,32,-24,30,-23,29,-24,27,-22,26,-22,23,-22,24,-22,22,-22,21,-23,22,-24,20,-26,21,-27,21,-28,19,-29,19,-29,17,-30,15,-29,14,-29,14,-29,11,-29,10,-29,9,-27,0,0,8,-30,7,-32,5,-33,4,-34,3,-35,2,-35,2,-36,2,-36,1,-36,0,-35,-1,-35,-1,-35,-3,-33,-2,-32,-2,-29,-3,-28,-4,-28,-3,-27,-4,-28,-4,-29,-4,-29,-7,-32,-7,-32,-5,-32,-3,-30,-2,-28,-2,-27,-1,-24]"
CSI_DATA,133392,d8:b1:90:d9:de:f0,-63,11,-99,-40,66,56,1973887653,100,0,114,0,"[35,-6,38,-4,40,-3,40,-2,43,-2,40,1,40,2,35,3,35,2,33,4,32,3,32,5,31,5,30,4,30,5,30,6,30,4,33,4,32,4,34,4,33,4,34,4,32,4,32,2,34,4,31,4,31,4,28,3,0,0,30,3,33,2,32,2,35,3,33,3,35,2,35,3,34,4,35,3,36,5,34,5,33,6,32,5,28,4,31,4,27,4,28,4,27,5,27,4,30,6,30,9,30,8,31,11,30,13,28,15,25,13,23,13,19,15]"
CSI_DATA,133393,d8:b1:90:d9:de:f0,-63,11,-99,-42,66,56,1973897897,100,0,114,0,"[-23,-26,-25,-29,-25,-33,-26,-34,-26,-36,-24,-35,-22,-34,-22,-31,-20,-29,-20,-29,-19,-26,-19,-26,-20,-25,-22,-24,-22,-24,-22,-24,-24,-24,-25,-24,-25,-23,-25,-20,-28,-23,-28,-22,-28,-19,-29,-18,-29,-17,-29,-15,-28,-13,-28,-11,0,0,-30,-11,-29,-9,-30,-9,-33,-9,-34,-8,-34,-8,-35,-7,-36,-7,-35,-4,-35,-3,-34,-3,-33,-3,-31,-2,-30,-1,-30,-1,-30,0,-29,0,-28,2,-29,2,-28,1,-30,1,-30,0,-31,1,-33,1,-34,2,-31,0,-28,-1,-23,-1]"
CSI_DATA,133394,d8:b1:90:d9:de:f0,-63,11,-99,-40,66,56,1973921315,100,0,114,0,"[12,32,11,35,9,40,6,40,6,42,4,41,1,39,0,36,0,35,-2,33,-3,33,-3,32,-4,31,-4,31,-3,31,-5,31,-4,33,-5,33,-5,33,-5,33,-6,34,-4,33,-6,33,-5,33,-6,31,-6,31,-5,31,-6,30,0,0,-6,31,-8,32,-6,32,-8,34,-9,34,-9,34,-9,35,-10,35,-12,34,-13,32,-11,31,-12,31,-12,30,-11,28,-11,27,-12,26,-12,26,-13,25,-13,25,-16,25,-17,25,-18,26,-19,25,-20,25,-23,21,-23,19,-21,17,-20,13]"
CSI_DATA,133395,d8:b1:90:d9:de:f0,-63,11,-99,-38,65,56,1973937682,100,0,114,0,"[-33,-12,-35,-13,-36,-15,-37,-18,-39,-19,-37,-20,-35,-19,-34,-18,-31,-17,-30,-17,-29,-15,-28,-15,-30,-15,-29,-17,-29,-15,-30,-15,-30,-14,-31,-13,-34,-13,-33,-12,-34,-12,-35,-11,-33,-11,-33,-9,-33,-9,-31,-8,-31,-7,-31,-6,0,0,-34,-2,-33,-3,-34,-3,-36,-3,-36,-2,-36,-3,-36,-2,-37,-2,-37,0,-36,0,-35,0,-34,-2,-33,0,-31,0,-30,1,-30,1,-28,1,-29,2,-30,2,-30,1,-31,1,-30,1,-30,-1,-33,-1,-33,-1,-30,-2,-26,-3,-23,-3]"
CSI_DATA,133396,d8:b1:90:d9:de:f0,-63,11,-99,-41,66,56,1973947875,100,0,114,0,"[20,-28,23,-29,26,-29,28,-28,28,-28,28,-26,29,-23,28,-21,27,-21,27,-19,24,-17,26,-16,26,-17,27,-17,27,-17,26,-16,28,-17,29,-19,29,-19,29,-19,30,-20,29,-20,29,-19,28,-19,28,-19,27,-17,27,-17,27,-17,0,0,27,-19,26,-19,26,-19,28,-19,29,-20,30,-20,30,-19,30,-20,30,-19,32,-19,29,-19,29,-17,28,-16,26,-15,27,-15,26,-14,26,-14,27,-13,27,-13,29,-11,30,-11,29,-13,32,-11,32,-10,30,-7,30,-4,27,-4,24,-2]"
CSI_DATA,133397,d8:b1:90:d9:de:f0,-63,11,-99,-41,66,56,1973958447,100,0,114,0,"[30,-16,34,-17,36,-17,39,-16,36,-15,36,-14,34,-11,34,-13,32,-13,30,-11,29,-11,28,-11,29,-13,29,-14,29,-13,28,-14,29,-16,30,-15,30,-17,29,-17,30,-20,29,-21,28,-21,24,-22,27,-21,24,-21,24,-21,24,-22,0,0,23,-23,22,-23,22,-26,22,-27,21,-28,22,-29,22,-30,21,-30,20,-30,21,-30,20,-29,17,-29,16,-28,15,-28,16,-26,15,-26,13,-26,14,-26,13,-26,15,-28,15,-28,14,-29,14,-29,16,-28,17,-27,16,-24,15,-23,14,-20]"
CSI_DATA,133398,d8:b1:90:d9:de:f0,-63,11,-99,-39,65,56,1973978487,100,0,114,0,"[33,13,36,17,35,21,33,23,35,26,32,27,30,28,27,27,25,25,23,26,21,25,21,26,21,26,20,27,20,28,20,28,20,28,21,30,20,31,20,31,20,31,20,31,20,31,20,31,18,32,17,30,17,30,16,28,0,0,17,28,17,31,16,31,18,33,18,33,16,35,17,36,16,36,15,35,15,35,12,33,11,33,10,31,8,30,8,28,8,28,7,30,7,28,7,28,6,30,5,31,5,32,3,33,1,33,0,31,-2,28,-5,27,-5,23]"
CSI_DATA,133399,d8:b1:90:d9:de:f0,-63,11,-99,-39,65,56,1973997699,100,0,114,0,"[-30,20,-33,21,-36,21,-37,20,-39,18,-37,17,-36,16,-36,16,-35,15,-33,15,-31,15,-30,15,-30,13,-30,15,-30,16,-30,16,-31,20,-32,18,-32,18,-32,21,-30,21,-31,22,-28,21,-27,21,-27,22,-25,22,-25,22,-25,23,0,0,-26,25,-22,26,-25,27,-23,27,-23,30,-23,31,-23,31,-22,31,-22,31,-21,31,-21,30,-18,30,-17,27,-16,26,-15,25,-16,25,-15,25,-15,25,-15,27,-16,27,-16,27,-16,28,-16,30,-17,27,-18,26,-17,25,-16,21,-15,18]"
CSI_DATA,133400,d8:b1:90:d9:de:f0,-62,11,-99,-39,65,56,1974008247,100,0,114,0,"[22,27,22,31,21,35,20,36,20,39,16,39,15,39,12,36,13,35,10,35,8,33,7,35,7,32,6,32,6,33,7,33,7,36,7,36,7,36,7,37,7,36,7,36,7,36,7,36,6,36,5,33,5,33,6,32,0,0,7,35,6,36,6,35,7,37,6,39,6,40,6,40,5,40,5,39,2,39,2,37,1,36,1,32,0,31,1,30,0,30,0,31,0,30,0,28,-1,32,-1,32,-3,35,-5,35,-7,33,-8,31,-10,28,-11,27,-10,22]"
CSI_DATA,133401,d8:b1:90:d9:de:f0,-63,11,-99,-38,65,56,1974027868,100,0,114,0,"[6,34,4,37,3,40,1,40,1,42,1,42,0,40,-1,39,0,36,-1,34,0,33,0,33,0,34,0,33,0,35,2,34,2,35,3,35,3,36,4,35,4,37,6,36,6,35,7,34,8,34,7,34,9,33,8,33,0,0,12,30,12,33,13,34,14,34,14,36,14,36,17,35,15,36,17,34,17,33,17,33,15,34,15,30,15,29,15,28,14,26,14,25,15,24,14,25,15,25,15,26,17,29,15,29,15,29,14,26,12,26,9,25,7,23]"
CSI_DATA,133402,d8:b1:90:d9:de:f0,-63,11,-99,-41,66,56,1974047901,100,0,114,0,"[1,35,0,38,-2,41,-2,41,-2,42,-1,41,-2,40,-3,38,-1,35,0,35,0,33,0,33,1,33,2,33,3,33,3,33,4,35,5,35,8,35,9,34,9,35,11,34,13,34,15,32,14,32,14,30,15,28,16,27,0,0,20,26,21,26,21,26,23,27,24,28,26,27,27,26,28,26,28,22,28,22,27,22,27,21,26,21,26,19,26,16,24,14,24,14,23,13,24,11,24,13,27,11,27,13,29,14,27,14,26,13,23,14,21,14,19,14]"
CSI_DATA,133403,d8:b1:90:d9:de:f0,-63,11,-99,-39,66,56,1974057945,100,0,114,0,"[32,0,35,1,38,2,39,4,38,4,37,5,37,6,33,7,32,6,31,6,30,4,30,6,30,5,30,4,29,5,30,4,31,4,33,3,33,3,33,2,33,2,33,1,31,1,32,-1,32,0,30,-1,30,-1,30,-3,0,0,31,-3,30,-5,31,-4,33,-5,34,-5,34,-6,35,-5,35,-5,35,-7,34,-6,33,-7,32,-6,30,-7,30,-7,29,-7,26,-6,25,-8,25,-7,26,-6,28,-6,29,-6,28,-7,29,-6,30,-4,30,-4,28,-2,25,-2,21,-1]"
CSI_DATA,133404,d8:b1:90:d9:de:f0,-63,11,-99,-41,66,56,1974068938,100,0,114,0,"[-23,-24,-23,-28,-24,-30,-24,-32,-24,-32,-24,-32,-23,-29,-22,-28,-22,-26,-21,-26,-21,-24,-20,-24,-21,-22,-21,-21,-21,-22,-22,-21,-26,-22,-27,-22,-29,-21,-29,-19,-29,-20,-30,-17,-29,-16,-28,-15,-30,-14,-30,-13,-30,-11,-30,-9,0,0,-32,-8,-32,-8,-34,-5,-34,-4,-34,-4,-34,-4,-36,-2,-36,-2,-35,-1,-35,0,-34,1,-32,0,-30,2,-30,2,-28,3,-29,3,-27,3,-28,4,-28,4,-29,5,-29,7,-29,4,-29,5,-30,4,-30,5,-29,3,-26,2,-23,1]"
CSI_DATA,133405,d8:b1:90:d9:de:f0,-63,11,-99,-39,66,56,1974087834,100,0,114,0,"[-17,-26,-19,-31,-17,-33,-19,-34,-16,-35,-16,-35,-14,-34,-12,-33,-12,-32,-11,-31,-11,-29,-11,-30,-12,-28,-13,-28,-13,-29,-14,-29,-15,-30,-15,-30,-17,-31,-17,-29,-17,-30,-17,-30,-17,-28,-19,-28,-17,-25,-17,-25,-19,-24,-19,-23,0,0,-22,-22,-22,-24,-23,-24,-24,-24,-24,-25,-24,-24,-25,-25,-24,-25,-25,-23,-24,-22,-25,-22,-22,-21,-21,-20,-21,-20,-21,-17,-21,-16,-20,-16,-20,-15,-19,-15,-21,-16,-22,-16,-21,-17,-21,-20,-21,-20,-20,-20,-17,-19,-13,-19,-12,-16]"
CSI_DATA,133406,d8:b1:90:d9:de:f0,-63,11,-99,-39,66,56,1974107732,100,0,114,0,"[33,-6,37,-5,38,-5,40,-5,40,-5,40,-4,38,-3,38,-4,34,-5,33,-6,31,-5,30,-7,31,-6,31,-8,30,-8,31,-11,31,-13,31,-12,31,-14,30,-15,30,-17,29,-19,26,-20,25,-20,24,-20,23,-21,22,-20,21,-22,0,0,20,-26,19,-24,17,-25,19,-28,17,-29,16,-29,16,-30,16,-32,15,-31,14,-32,13,-30,12,-29,11,-28,8,-28,8,-25,7,-24,6,-24,5,-24,5,-24,5,-25,5,-28,4,-26,4,-28,6,-26,6,-26,6,-24,6,-23,6,-17]"
CSI_DATA,133407,d8:b1:90:d9:de:f0,-63,11,-99,-37,65,56,1974117794,100,0,114,0,"[-35,-5,-38,-7,-40,-8,-40,-9,-41,-11,-40,-11,-38,-13,-35,-11,-36,-10,-34,-11,-33,-10,-32,-10,-33,-10,-32,-9,-32,-9,-33,-8,-34,-8,-35,-8,-36,-7,-35,-5,-35,-5,-34,-5,-34,-5,-33,-2,-34,-2,-34,-1,-32,-1,-33,-1,0,0,-33,1,-32,2,-33,2,-34,3,-34,3,-35,3,-35,3,-35,3,-35,4,-35,4,-34,4,-32,4,-29,4,-28,4,-27,5,-27,4,-26,5,-26,5,-28,5,-27,4,-28,3,-28,4,-28,2,-29,2,-29,2,-27,1,-23,0,-20,-1]"
CSI_DATA,133408,d8:b1:90:d9:de:f0,-63,11,-99,-40,66,56,1974137642,100,0,114,0,"[-32,-9,-34,-9,-38,-10,-39,-12,-39,-12,-39,-10,-36,-11,-35,-12,-32,-8,-32,-9,-31,-6,-30,-6,-32,-5,-32,-4,-32,-3,-33,-2,-33,-1,-34,0,-34,1,-35,2,-34,4,-34,5,-34,6,-33,8,-32,9,-30,10,-30,10,-28,13,0,0,-30,16,-27,16,-27,18,-27,20,-28,19,-28,20,-28,23,-26,23,-26,24,-25,23,-23,23,-21,23,-19,24,-18,21,-17,21,-17,21,-15,21,-15,23,-15,21,-16,23,-16,25,-15,24,-15,24,-16,23,-17,24,-16,21,-13,19,-12,16]"
CSI_DATA,133409,d8:b1:90:d9:de:f0,-63,11,-99,-41,66,56,1974147750,100,0,114,0,"[33,14,34,17,35,20,38,20,36,21,35,22,34,22,32,22,30,17,29,19,28,17,27,19,28,17,28,17,29,17,30,17,30,16,32,16,33,16,33,14,34,14,33,13,34,13,33,10,33,10,32,11,32,9,32,8,0,0,30,7,32,5,33,4,35,4,36,5,35,4,36,4,36,4,35,2,35,2,33,2,32,4,30,2,29,2,27,1,27,1,26,1,27,0,27,0,28,1,28,1,28,1,29,2,28,4,28,3,26,4,22,5,20,7]"
CSI_DATA,133410,d8:b1:90:d9:de:f0,-63,11,-99,-39,66,56,1974167664,100,0,114,0,"[30,14,32,17,34,20,34,20,35,20,34,20,33,21,31,17,31,15,31,15,29,14,30,14,29,12,30,11,30,11,31,10,32,8,33,8,34,6,34,5,35,4,34,2,33,1,33,0,32,-1,31,-1,30,-4,30,-4,0,0,30,-7,30,-8,29,-10,31,-11,31,-12,30,-13,30,-14,31,-14,31,-15,30,-16,28,-16,25,-15,24,-15,22,-15,22,-15,21,-15,20,-15,20,-15,19,-16,20,-17,20,-17,20,-17,20,-19,21,-17,22,-16,20,-15,19,-14,15,-12]"
CSI_DATA,133411,d8:b1:90:d9:de:f0,-63,11,-99,-40,66,56,1974177709,100,0,114,0,"[11,-32,15,-33,16,-35,18,-35,18,-35,18,-34,19,-32,19,-31,17,-30,17,-28,15,-27,16,-27,17,-27,17,-27,16,-28,15,-28,13,-32,16,-32,13,-32,13,-32,12,-34,11,-33,11,-33,9,-32,8,-31,8,-31,8,-30,5,-30,0,0,4,-32,4,-31,4,-32,4,-33,2,-34,3,-35,1,-35,2,-36,1,-34,2,-34,2,-33,1,-32,1,-30,1,-28,1,-26,1,-26,1,-25,1,-25,0,-25,0,-26,1,-27,1,-27,1,-28,3,-28,4,-26,4,-24,5,-24,5,-19]"
CSI_DATA,133412,d8:b1:90:d9:de:f0,-63,11,-99,-39,66,56,1974187740,100,0,114,0,"[30,-14,32,-15,35,-15,39,-13,40,-11,38,-8,38,-6,34,-5,33,-5,32,-4,31,-4,30,-3,31,-4,31,-3,31,-3,32,-3,34,-4,35,-3,34,-4,35,-4,35,-4,34,-4,33,-3,32,-4,32,-5,30,-4,30,-5,31,-5,0,0,31,-5,31,-6,30,-6,33,-5,33,-5,33,-4,33,-5,34,-5,34,-5,34,-5,33,-4,31,-3,30,-3,29,-2,26,-2,25,-1,24,0,25,-1,25,0,26,0,28,1,28,1,26,2,28,3,28,4,25,6,21,7,19,6]"
CSI_DATA,133413,d8:b1:90:d9:de:f0,-64,11,-99,-35,65,56,1974197817,100,0,114,0,"[-19,29,-20,31,-21,32,-23,31,-23,34,-22,32,-22,31,-21,29,-19,29,-19,28,-15,26,-17,26,-16,28,-14,28,-14,29,-12,29,-11,30,-12,32,-10,31,-10,31,-8,33,-6,34,-6,32,-3,32,-4,32,-3,31,-2,30,0,30,0,0,2,30,4,31,4,30,5,33,7,33,7,34,8,33,10,33,11,32,10,31,11,30,10,29,10,26,10,25,11,24,10,22,11,22,11,21,11,21,12,22,11,23,13,23,13,24,12,25,11,23,10,22,10,22,6,19]"
CSI_DATA,133414,d8:b1:90:d9:de:f0,-64,11,-99,-38,66,56,1974217733,100,0,114,0,"[26,19,27,21,27,25,26,27,26,28,26,28,21,28,21,26,19,26,18,26,17,25,16,25,17,25,16,26,17,25,17,27,18,26,19,26,19,27,18,26,19,27,20,26,19,27,19,25,17,25,17,23,17,23,18,21,0,0,18,22,18,23,19,22,20,26,20,26,20,26,21,26,20,28,20,26,20,26,18,25,17,25,16,23,14,21,14,20,14,20,13,20,13,19,13,20,11,22,11,22,10,26,9,26,8,26,8,25,5,23,3,22,1,19]"
CSI_DATA,133415,d8:b1:90:d9:de:f0,-64,11,-99,-39,66,56,1974227966,100,0,114,0,"[-20,25,-22,29,-24,29,-24,29,-26,31,-24,30,-25,29,-24,26,-22,26,-23,24,-21,24,-21,24,-19,25,-17,24,-17,26,-16,26,-16,29,-16,31,-14,30,-15,32,-13,31,-11,33,-11,31,-10,31,-10,32,-6,32,-5,30,-4,29,0,0,-4,29,-1,31,0,31,1,33,1,33,1,33,2,33,1,34,3,33,1,33,4,32,4,30,5,28,4,26,5,25,5,23,5,24,5,23,5,24,5,24,5,24,6,25,6,26,6,26,4,24,4,22,3,23,2,19]"
CSI_DATA,133416,d8:b1:90:d9:de:f0,-63,11,-99,-40,66,56,1974247796,100,0,114,0,"[-34,5,-38,4,-41,3,-42,1,-43,0,-41,-2,-41,-3,-38,-4,-38,-4,-35,-4,-33,-5,-33,-6,-32,-5,-32,-6,-32,-6,-32,-5,-35,-5,-36,-6,-36,-6,-36,-5,-35,-8,-36,-5,-34,-6,-34,-4,-33,-5,-33,-5,-31,-5,-32,-5,0,0,-32,-3,-31,-3,-32,-3,-34,-4,-33,-5,-35,-5,-35,-5,-33,-6,-34,-5,-33,-5,-33,-5,-28,-8,-27,-6,-26,-6,-25,-8,-26,-6,-25,-6,-25,-8,-25,-8,-25,-9,-26,-10,-25,-11,-25,-13,-24,-12,-24,-13,-20,-13,-17,-13,-13,-12]"
CSI_DATA,133417,d8:b1:90:d9:de:f0,-63,11,-99,-40,66,56,1974257823,100,0,114,0,"[-18,-30,-18,-32,-19,-36,-20,-36,-19,-38,-19,-35,-19,-36,-18,-33,-18,-31,-17,-31,-16,-30,-17,-28,-18,-26,-19,-26,-19,-26,-21,-27,-23,-26,-24,-27,-26,-26,-27,-24,-27,-24,-28,-21,-27,-21,-28,-19,-28,-18,-27,-17,-28,-15,-28,-13,0,0,-28,-11,-30,-11,-30,-10,-33,-9,-32,-9,-33,-9,-33,-8,-33,-8,-34,-5,-33,-4,-32,-3,-30,-4,-27,-3,-26,-2,-26,-1,-26,-1,-25,-1,-24,1,-24,1,-26,1,-27,1,-26,0,-27,0,-27,0,-26,0,-24,0,-21,-2,-18,-2]"
CSI_DATA,133418,d8:b1:90:d9:de:f0,-63,11,-99,-40,66,56,1974277696,100,0,114,0,"[-31,-16,-33,-18,-34,-23,-34,-24,-34,-25,-32,-27,-30,-26,-27,-26,-26,-23,-25,-24,-24,-21,-24,-24,-23,-24,-21,-24,-23,-24,-23,-25,-25,-25,-25,-27,-26,-26,-25,-26,-26,-27,-26,-25,-25,-25,-26,-24,-25,-23,-23,-24,-23,-21,-23,-21,0,0,-24,-19,-25,-21,-25,-21,-26,-23,-26,-24,-26,-24,-25,-24,-25,-25,-25,-23,-25,-23,-23,-23,-20,-23,-19,-21,-19,-19,-18,-19,-17,-19,-16,-17,-16,-17,-17,-18,-16,-20,-17,-21,-16,-21,-13,-23,-12,-24,-12,-24,-10,-23,-6,-21,-5,-18]"
CSI_DATA,133419,d8:b1:90:d9:de:f0,-63,11,-99,-41,66,56,1974287946,100,0,114,0,"[-30,-17,-33,-19,-35,-21,-34,-22,-36,-23,-33,-21,-32,-23,-30,-20,-29,-17,-29,-19,-28,-17,-29,-16,-30,-15,-30,-15,-30,-14,-32,-14,-32,-13,-35,-13,-35,-10,-36,-10,-33,-8,-35,-8,-34,-7,-34,-4,-34,-4,-32,-2,-32,-1,-32,0,0,0,-33,2,-32,3,-32,4,-35,5,-33,5,-35,4,-34,7,-35,8,-35,9,-35,9,-32,10,-30,9,-29,9,-26,9,-27,10,-23,9,-23,10,-23,10,-23,11,-24,11,-26,11,-26,10,-26,10,-26,10,-26,10,-23,8,-22,7,-19,5]"
CSI_DATA,133420,d8:b1:90:d9:de:f0,-63,11,-99,-40,66,56,1974307662,100,0,114,0,"[-34,-9,-36,-12,-36,-15,-39,-17,-38,-18,-36,-20,-34,-20,-33,-20,-31,-18,-30,-18,-28,-18,-27,-19,-26,-19,-26,-19,-26,-19,-27,-19,-28,-19,-30,-21,-31,-21,-31,-19,-32,-20,-30,-19,-31,-19,-28,-18,-28,-18,-27,-17,-27,-16,-27,-16,0,0,-30,-15,-28,-16,-28,-16,-30,-16,-30,-17,-30,-18,-30,-17,-31,-19,-30,-17,-28,-16,-27,-17,-25,-18,-24,-15,-23,-15,-21,-15,-21,-15,-19,-13,-20,-13,-20,-15,-20,-15,-20,-17,-20,-18,-19,-18,-18,-21,-17,-19,-15,-20,-12,-18,-9,-18]"
CSI_DATA,133421,d8:b1:90:d9:de:f0,-63,11,-99,-36,65,56,1974317712,100,0,114,0,"[-24,-24,-26,-26,-26,-27,-26,-28,-27,-31,-26,-30,-24,-30,-24,-27,-24,-26,-24,-25,-23,-23,-23,-21,-24,-20,-26,-20,-25,-19,-26,-19,-27,-20,-30,-19,-30,-18,-32,-16,-32,-16,-33,-15,-33,-13,-31,-10,-32,-10,-31,-8,-31,-6,-30,-5,0,0,-32,-3,-31,-1,-32,-2,-34,0,-34,1,-34,1,-35,3,-34,2,-33,5,-33,6,-33,6,-30,5,-28,5,-26,6,-25,8,-25,6,-25,8,-24,9,-25,9,-25,10,-25,10,-25,10,-25,10,-26,9,-26,10,-25,8,-21,5,-19,4]"
CSI_DATA,133422,d8:b1:90:d9:de:f0,-64,11,-99,-40,67,56,1974333845,100,0,114,0,"[-27,9,-30,10,-33,9,-34,8,-36,7,-36,7,-33,5,-32,6,-30,5,-29,4,-28,5,-27,4,-28,5,-27,5,-27,4,-28,6,-29,7,-29,8,-31,7,-30,9,-30,10,-29,10,-28,9,-27,11,-28,11,-26,11,-26,11,-25,12,0,0,-26,12,-25,14,-25,14,-26,15,-26,17,-26,16,-25,17,-27,16,-26,17,-26,16,-25,16,-22,15,-21,14,-21,14,-19,14,-19,13,-17,12,-19,14,-19,13,-20,13,-21,13,-20,14,-20,12,-22,11,-23,10,-21,8,-20,8,-18,6]"
CSI_DATA,133423,d8:b1:90:d9:de:f0,-63,11,-99,-41,66,56,1974349727,100,0,114,0,"[-8,33,-11,36,-13,39,-16,38,-17,40,-20,38,-19,34,-19,34,-19,33,-20,30,-17,29,-19,28,-19,29,-20,29,-19,30,-19,30,-20,30,-20,30,-20,30,-19,30,-20,33,-20,32,-19,32,-17,32,-17,29,-15,30,-15,28,-15,27,0,0,-15,29,-15,30,-16,30,-15,30,-15,30,-17,32,-17,32,-17,32,-16,30,-17,29,-17,29,-14,27,-15,26,-14,23,-14,22,-15,22,-14,21,-15,21,-15,21,-16,21,-16,21,-17,22,-17,21,-19,19,-20,16,-20,15,-19,13,-17,9]"
CSI_DATA,133424,d8:b1:90:d9:de:f0,-64,11,-99,-40,67,56,1974363180,100,0,114,0,"[5,-28,6,-30,8,-33,8,-36,10,-34,9,-34,9,-32,9,-32,8,-32,8,-30,6,-29,7,-27,7,-28,6,-30,6,-30,4,-29,3,-30,3,-31,2,-31,0,-30,0,-32,-1,-33,-2,-31,-3,-31,-4,-28,-6,-28,-7,-28,-7,-27,0,0,-10,-28,-8,-27,-10,-27,-11,-27,-12,-29,-12,-28,-13,-28,-13,-29,-15,-27,-15,-25,-13,-25,-13,-24,-14,-21,-13,-20,-11,-20,-12,-19,-12,-17,-13,-18,-13,-18,-13,-20,-13,-19,-14,-19,-15,-20,-13,-20,-12,-20,-11,-19,-8,-18,-7,-16]"
CSI_DATA,133425,d8:b1:90:d9:de:f0,-63,11,-99,-40,66,56,1974377763,100,0,114,0,"[11,-32,12,-34,13,-36,16,-38,16,-39,15,-38,16,-35,13,-35,12,-34,11,-32,10,-31,10,-32,9,-32,6,-32,6,-33,5,-33,4,-36,3,-36,2,-38,1,-36,0,-36,-2,-36,-2,-34,-5,-33,-5,-33,-6,-34,-9,-31,-9,-30,0,0,-10,-30,-13,-30,-15,-31,-16,-31,-18,-31,-17,-31,-18,-28,-18,-30,-19,-27,-20,-26,-19,-25,-19,-24,-19,-21,-19,-20,-19,-17,-17,-18,-17,-17,-18,-16,-18,-16,-19,-16,-19,-16,-19,-18,-20,-19,-19,-18,-19,-16,-17,-16,-15,-17,-13,-13]"
CSI_DATA,133426,d8:b1:90:d9:de:f0,-63,11,-99,-40,66,56,1974397738,100,0,114,0,"[24,24,24,27,24,31,24,32,23,32,21,34,18,33,18,32,18,31,16,30,15,28,13,30,13,30,15,28,13,30,13,30,16,32,16,31,17,32,17,31,17,32,18,31,17,30,18,28,17,30,17,31,17,28,18,27,0,0,17,27,17,26,18,27,19,27,19,30,18,28,19,28,19,31,19,30,18,28,17,27,15,27,13,26,13,24,12,21,12,23,11,23,11,20,12,21,11,23,11,24,10,26,9,26,8,26,6,25,5,24,2,23,1,20]"
CSI_DATA,133427,d8:b1:90:d9:de:f0,-63,11,-99,-41,66,56,1974407836,100,0,114,0,"[-32,11,-36,11,-39,11,-41,13,-40,10,-41,10,-38,10,-38,10,-35,11,-35,11,-33,11,-32,13,-30,13,-30,14,-30,15,-30,17,-32,19,-30,19,-32,21,-29,21,-29,23,-27,24,-26,24,-24,26,-23,24,-21,26,-20,26,-19,27,0,0,-17,29,-15,28,-15,30,-13,30,-13,33,-13,33,-11,34,-10,35,-10,34,-10,33,-8,32,-7,30,-5,29,-4,29,-4,24,-4,26,-2,24,-3,24,-1,24,-2,27,-2,27,-2,27,-1,27,-2,26,-4,26,-3,26,-3,21,-3,20]"
CSI_DATA,133428,d8:b1:90:d9:de:f0,-63,11,-99,-40,66,56,1974427726,100,0,114,0,"[33,0,36,1,40,3,41,6,41,8,39,8,38,10,36,10,35,9,33,10,32,10,32,10,31,9,31,10,32,10,32,10,33,10,34,11,35,11,34,10,35,10,35,10,34,10,32,8,34,9,32,8,32,6,31,5,0,0,33,6,32,6,32,5,34,6,34,6,34,6,34,8,33,8,33,8,33,8,31,6,30,6,27,6,26,6,25,6,25,8,24,6,24,5,24,6,24,8,25,9,24,10,23,11,23,12,23,13,20,13,17,13,13,11]"
CSI_DATA,133429,d8:b1:90:d9:de:f0,-63,11,-99,-40,66,56,1974447642,100,0,114,0,"[33,-8,36,-6,39,-6,39,-5,42,-5,40,-4,39,-3,38,-3,34,-4,35,-2,33,-3,32,-3,33,-5,33,-4,33,-5,33,-8,33,-6,34,-9,35,-9,35,-9,34,-11,34,-11,33,-11,31,-13,32,-13,30,-15,28,-15,28,-15,0,0,28,-17,27,-18,26,-19,28,-19,27,-20,28,-20,27,-20,28,-21,26,-21,27,-21,24,-21,23,-20,21,-19,19,-19,19,-18,18,-18,18,-17,18,-18,19,-16,19,-18,20,-17,20,-17,19,-17,19,-17,20,-15,21,-12,19,-12,16,-10]"
CSI_DATA,133430,d8:b1:90:d9:de:f0,-63,11,-99,-38,65,56,1974457854,100,0,114,0,"[19,30,20,33,19,35,19,37,19,40,18,40,15,39,12,37,12,35,9,34,11,33,9,33,9,34,9,34,9,35,8,35,9,35,11,36,11,36,11,35,12,36,13,36,11,35,12,34,12,34,12,34,12,33,12,33,0,0,12,31,12,31,13,33,13,33,13,35,12,35,13,35,12,36,13,33,9,33,11,33,9,33,9,29,7,29,8,26,8,26,7,25,7,25,7,25,4,25,4,26,4,28,2,28,1,29,1,26,-1,24,-3,23,-4,20]"
CSI_DATA,133431,d8:b1:90:d9:de:f0,-63,11,-99,-40,66,56,1974477884,100,0,114,0,"[32,6,35,9,38,10,40,11,39,13,39,13,36,13,36,13,32,12,32,12,31,12,30,11,32,10,32,10,32,11,32,10,35,9,35,10,36,8,36,6,36,6,36,6,35,5,34,5,34,5,33,2,32,1,32,1,0,0,33,-1,32,-1,33,-1,34,-2,35,-2,35,-2,35,-3,34,-2,34,-2,34,-3,32,-4,30,-2,28,-3,26,-4,26,-3,26,-3,25,-3,24,-4,25,-4,26,-3,27,-3,26,-2,25,-2,27,-1,27,0,25,0,23,2,18,2]"
CSI_DATA,133432,d8:b1:90:d9:de:f0,-63,11,-99,-40,66,56,1974497665,100,0,114,0,"[30,18,31,21,31,25,31,27,30,30,28,30,25,31,23,30,21,30,19,28,19,27,18,28,17,30,17,28,17,30,16,31,17,31,16,32,17,32,17,32,17,33,16,33,16,32,16,32,15,32,13,31,13,31,12,28,0,0,15,31,12,32,11,32,12,33,13,34,12,34,11,34,10,35,9,33,9,33,8,32,6,31,4,28,3,27,3,26,2,26,1,25,1,25,1,25,0,25,0,26,-3,27,-3,28,-6,28,-6,25,-9,23,-10,21,-10,17]"
CSI_DATA,133433,d8:b1:90:d9:de:f0,-63,11,-99,-42,66,56,1974507675,100,0,114,0,"[-28,20,-31,23,-35,23,-37,22,-36,23,-37,22,-36,18,-34,19,-33,20,-31,18,-31,19,-30,18,-30,18,-30,18,-30,19,-30,20,-28,22,-29,22,-29,24,-29,23,-28,25,-26,26,-26,26,-24,28,-23,26,-22,26,-22,26,-22,28,0,0,-19,28,-17,28,-18,29,-18,30,-17,33,-18,33,-17,33,-17,33,-15,31,-15,33,-14,30,-13,30,-13,29,-12,26,-12,24,-11,24,-11,24,-11,24,-11,24,-11,24,-11,25,-11,25,-11,25,-13,24,-14,23,-13,20,-12,18,-11,15]"
CSI_DATA,133434,d8:b1:90:d9:de:f0,-63,11,-99,-40,66,56,1974517797,100,0,114,0,"[-23,-25,-23,-28,-23,-33,-23,-35,-23,-35,-20,-36,-18,-35,-17,-34,-16,-32,-15,-32,-13,-31,-13,-30,-13,-30,-12,-31,-13,-32,-13,-33,-15,-32,-15,-33,-15,-33,-16,-32,-16,-32,-16,-33,-15,-32,-16,-32,-16,-32,-16,-30,-16,-28,-16,-28,0,0,-15,-28,-16,-30,-17,-30,-18,-31,-19,-32,-18,-32,-17,-32,-16,-32,-17,-30,-16,-28,-15,-28,-13,-30,-12,-27,-12,-26,-12,-24,-10,-24,-11,-24,-11,-23,-11,-24,-9,-24,-8,-25,-8,-26,-6,-27,-6,-26,-4,-25,-3,-25,-1,-23,1,-19]"
CSI_DATA,133435,d8:b1:90:d9:de:f0,-63,11,-99,-41,66,56,1974528577,100,0,114,0,"[16,-30,20,-33,23,-35,24,-36,24,-33,24,-33,23,-32,23,-29,21,-29,21,-28,20,-27,19,-27,17,-27,17,-29,17,-30,16,-32,17,-34,19,-32,16,-34,15,-34,14,-34,13,-35,10,-35,10,-34,9,-34,8,-33,8,-34,7,-33,0,0,2,-33,4,-33,3,-34,2,-34,1,-35,1,-35,1,-36,0,-36,1,-35,-1,-34,0,-32,-1,-32,-2,-30,-2,-29,-1,-26,0,-26,-2,-24,-2,-23,-2,-23,-1,-24,-2,-26,-1,-28,-2,-27,-1,-27,0,-26,2,-23,3,-22,3,-19]"
CSI_DATA,133436,d8:b1:90:d9:de:f0,-63,11,-99,-40,66,56,1974547706,100,0,114,0,"[17,28,16,32,16,35,16,38,16,39,13,38,12,36,10,34,10,33,8,34,8,32,8,33,9,34,9,33,9,34,9,35,9,34,9,34,9,34,9,34,10,34,11,34,10,34,11,34,11,33,11,31,11,30,11,30,0,0,12,27,12,30,12,30,13,32,13,32,13,32,13,32,12,33,13,32,11,31,11,31,10,31,9,28,10,27,9,25,9,24,8,24,6,21,6,24,5,25,5,25,5,27,4,27,2,27,1,26,0,24,-1,23,-3,19]"
CSI_DATA,133437,d8:b1:90:d9:de:f0,-63,11,-99,-40,66,56,1974557835,100,0,114,0,"[-11,-32,-12,-34,-12,-35,-11,-36,-13,-39,-13,-38,-12,-38,-12,-35,-12,-33,-12,-33,-13,-30,-13,-31,-15,-32,-15,-31,-16,-30,-18,-28,-19,-28,-20,-30,-23,-28,-24,-27,-24,-27,-26,-26,-25,-24,-26,-21,-26,-20,-26,-19,-26,-18,-27,-17,0,0,-28,-12,-30,-12,-30,-12,-33,-11,-34,-12,-33,-10,-32,-9,-34,-9,-34,-6,-33,-5,-33,-5,-31,-4,-28,-3,-28,-2,-27,-1,-25,-2,-23,0,-25,1,-24,1,-25,1,-26,1,-25,0,-27,-1,-27,-1,-26,0,-24,-1,-23,-3,-19,-3]"
CSI_DATA,133438,d8:b1:90:d9:de:f0,-63,11,-99,-39,66,56,1974567978,100,0,114,0,"[-12,-30,-11,-33,-12,-35,-11,-37,-12,-40,-11,-39,-8,-38,-7,-35,-10,-33,-7,-34,-8,-32,-7,-33,-8,-32,-8,-31,-11,-31,-10,-31,-12,-31,-12,-32,-13,-34,-12,-32,-13,-33,-15,-33,-14,-31,-15,-31,-15,-30,-16,-28,-15,-28,-16,-26,0,0,-19,-25,-20,-28,-19,-26,-21,-26,-21,-26,-21,-28,-21,-26,-21,-28,-21,-25,-22,-24,-20,-23,-17,-23,-17,-21,-17,-21,-17,-19,-15,-19,-16,-17,-16,-16,-16,-17,-16,-19,-17,-19,-16,-20,-15,-21,-16,-21,-14,-20,-12,-19,-10,-19,-8,-16]"
CSI_DATA,133439,d8:b1:90:d9:de:f0,-63,11,-99,-37,65,56,1974587661,100,0,114,0,"[-26,22,-30,22,-33,22,-36,20,-40,19,-40,17,-40,14,-39,13,-36,13,-35,10,-34,8,-33,8,-35,8,-34,7,-34,7,-34,7,-35,5,-38,5,-38,4,-38,5,-36,4,-36,3,-35,4,-34,3,-34,4,-34,2,-33,3,-33,3,0,0,-33,3,-34,2,-34,2,-35,1,-35,1,-36,0,-36,-1,-36,-1,-35,-2,-35,-1,-33,-3,-28,-3,-28,-3,-26,-4,-26,-5,-24,-5,-23,-7,-24,-7,-23,-7,-24,-9,-26,-9,-24,-11,-22,-11,-22,-15,-21,-16,-19,-16,-15,-16,-13,-15]"
CSI_DATA,133440,d8:b1:90:d9:de:f0,-63,11,-99,-41,66,56,1974597738,100,0,114,0,"[-5,-33,-5,-36,-4,-40,-4,-41,-3,-45,-3,-43,-2,-41,-2,-39,-1,-36,-2,-36,-2,-35,-2,-35,-3,-35,-3,-34,-4,-34,-5,-35,-7,-35,-7,-36,-7,-36,-9,-35,-9,-35,-11,-35,-10,-34,-11,-33,-11,-32,-13,-32,-13,-29,-13,-29,0,0,-17,-29,-16,-29,-17,-29,-20,-29,-19,-29,-20,-30,-20,-30,-20,-30,-20,-28,-19,-28,-19,-26,-16,-23,-17,-23,-16,-22,-16,-21,-16,-20,-15,-19,-15,-17,-15,-19,-15,-20,-16,-20,-16,-21,-15,-22,-14,-22,-11,-20,-10,-20,-10,-21,-8,-17]"
CSI_DATA,133441,d8:b1:90:d9:de:f0,-63,11,-99,-40,66,56,1974607764,100,0,114,0,"[-12,-32,-11,-35,-11,-39,-9,-41,-8,-41,-6,-41,-4,-39,-3,-38,-4,-36,-3,-35,-2,-33,-2,-33,-2,-34,-2,-34,-2,-34,-2,-34,-3,-36,-3,-36,-3,-38,-3,-36,-3,-36,-4,-36,-5,-36,-5,-35,-4,-34,-4,-33,-5,-32,-6,-32,0,0,-5,-33,-6,-33,-6,-33,-6,-35,-6,-35,-6,-36,-6,-36,-5,-35,-5,-33,-4,-33,-4,-31,-3,-32,-3,-30,-3,-28,-2,-26,-2,-26,-1,-25,-1,-25,-1,-25,0,-26,0,-27,1,-27,1,-28,4,-27,4,-26,5,-24,6,-23,8,-18]"
CSI_DATA,133442,d8:b1:90:d9:de:f0,-63,11,-99,-41,66,56,1974627947,100,0,114,0,"[-22,27,-24,28,-28,30,-32,30,-30,29,-32,29,-29,27,-29,26,-28,24,-28,23,-26,23,-24,22,-26,23,-24,23,-24,24,-24,27,-24,27,-24,26,-26,28,-23,29,-22,30,-22,29,-21,29,-19,29,-20,28,-16,28,-16,27,-16,28,0,0,-14,30,-14,29,-15,30,-14,30,-13,32,-14,33,-14,33,-14,32,-13,30,-14,29,-13,29,-11,27,-10,26,-9,26,-9,23,-9,23,-8,22,-8,22,-9,22,-9,23,-10,23,-10,24,-9,24,-11,23,-13,22,-14,20,-13,17,-13,15]"
CSI_DATA,133443,d8:b1:90:d9:de:f0,-63,11,-99,-39,66,56,1974643994,100,0,114,0,"[-31,12,-35,11,-39,11,-39,8,-41,5,-39,4,-40,3,-35,2,-34,2,-34,3,-33,1,-32,1,-34,0,-32,1,-34,0,-34,1,-34,2,-37,-1,-35,0,-37,1,-33,0,-34,2,-34,2,-33,2,-33,2,-31,1,-31,2,-31,2,0,0,-31,2,-32,2,-32,1,-34,1,-33,2,-34,2,-34,2,-34,1,-33,1,-33,1,-31,0,-29,-1,-26,-1,-24,-1,-26,-2,-24,-2,-24,-3,-24,-2,-24,-2,-25,-3,-26,-4,-25,-5,-25,-7,-24,-8,-24,-10,-22,-11,-19,-11,-15,-10]"
CSI_DATA,133444,d8:b1:90:d9:de:f0,-63,11,-99,-41,66,56,1974657569,100,0,114,0,"[3,35,3,39,2,42,1,42,1,46,1,42,-1,42,-2,39,1,36,0,36,0,35,1,35,2,35,2,34,3,35,4,34,5,34,4,38,7,36,7,36,8,35,10,35,9,35,11,34,11,33,11,33,14,29,13,28,0,0,15,28,16,28,16,27,19,30,19,29,19,29,20,29,19,30,19,28,20,27,20,26,19,24,17,24,17,22,17,20,15,19,16,19,15,17,16,17,16,19,16,20,16,20,16,21,16,22,15,20,13,20,10,20,8,17]"
CSI_DATA,133445,d8:b1:90:d9:de:f0,-63,11,-99,-41,66,56,1974667675,100,0,114,0,"[-34,-13,-35,-15,-36,-17,-36,-19,-39,-22,-36,-21,-35,-23,-32,-22,-32,-20,-29,-20,-27,-19,-27,-20,-28,-20,-27,-21,-28,-21,-28,-20,-29,-20,-32,-21,-32,-21,-32,-20,-30,-21,-33,-20,-29,-21,-30,-17,-32,-19,-29,-19,-29,-16,-28,-15,0,0,-28,-15,-30,-14,-30,-15,-32,-16,-32,-16,-32,-17,-33,-16,-30,-19,-32,-16,-32,-17,-29,-17,-26,-16,-24,-14,-23,-14,-23,-13,-21,-13,-21,-13,-21,-13,-21,-14,-22,-15,-23,-15,-21,-16,-21,-19,-20,-20,-19,-20,-15,-19,-13,-19,-10,-17]"
CSI_DATA,133446,d8:b1:90:d9:de:f0,-63,11,-99,-36,65,56,1974677850,100,0,114,0,"[25,23,27,24,28,27,30,28,31,30,28,28,28,28,26,26,26,23,26,24,26,20,25,20,26,19,27,18,27,18,28,17,30,17,33,17,33,16,33,13,32,12,33,11,33,9,33,6,35,6,32,5,32,3,32,3,0,0,33,0,33,-2,32,-3,34,-3,33,-4,34,-4,34,-6,35,-5,35,-8,34,-9,32,-9,28,-8,26,-8,25,-9,25,-9,23,-8,23,-9,23,-10,23,-10,25,-12,26,-11,25,-12,25,-12,25,-10,26,-10,24,-9,21,-6,19,-4]"
CSI_DATA,133447,d8:b1:90:d9:de:f0,-63,11,-99,-39,66,56,1974688332,100,0,114,0,"[34,2,37,3,39,5,39,5,41,7,40,8,39,8,37,10,35,8,33,8,32,8,31,8,31,7,31,7,31,8,31,8,34,6,35,7,35,7,35,5,35,6,37,5,34,4,34,3,34,3,33,3,31,3,32,1,0,0,32,1,32,1,32,0,33,-1,34,1,34,0,34,0,33,0,33,-1,33,0,30,0,29,1,29,1,26,0,25,-1,25,0,24,1,24,0,24,0,25,2,26,2,26,3,24,4,26,6,25,5,23,6,20,7,17,8]"
CSI_DATA,133448,d8:b1:90:d9:de:f0,-63,11,-99,-40,66,56,1974707634,100,0,114,0,"[-5,-32,-4,-38,-2,-40,0,-41,1,-42,3,-42,5,-39,5,-39,6,-36,6,-35,6,-33,8,-31,9,-32,10,-31,10,-32,10,-32,11,-34,11,-34,11,-35,12,-35,12,-35,11,-35,11,-34,10,-32,11,-32,12,-32,11,-28,12,-31,0,0,12,-28,12,-30,12,-30,15,-31,15,-32,15,-32,16,-31,16,-31,16,-28,17,-27,17,-26,17,-25,18,-23,17,-21,16,-20,16,-19,16,-19,18,-18,17,-17,20,-17,21,-17,21,-17,23,-16,24,-13,25,-10,24,-8,21,-6,20,-4]"
CSI_DATA,133449,d8:b1:90:d9:de:f0,-63,11,-99,-40,66,56,1974717665,100,0,114,0,"[18,30,19,32,20,35,18,36,20,39,18,36,16,36,17,34,18,33,16,33,15,30,16,30,16,30,16,28,16,30,17,30,18,28,20,31,20,28,21,28,23,27,24,26,21,26,24,23,24,23,24,24,23,21,26,20,0,0,25,19,26,17,26,17,30,19,30,19,31,19,31,19,30,18,28,17,30,16,27,16,26,15,26,15,24,12,24,11,20,12,21,11,21,10,23,10,23,11,24,11,23,12,21,15,24,16,23,13,21,16,17,15,13,13]"
CSI_DATA,133450,d8:b1:90:d9:de:f0,-63,11,-99,-40,66,56,1974727788,100,0,114,0,"[13,31,12,35,12,38,11,40,9,41,9,41,6,39,4,39,4,36,4,35,3,34,3,32,2,33,3,33,3,33,3,33,4,35,3,34,4,38,4,33,3,36,5,35,5,34,5,34,6,32,6,33,5,31,6,31,0,0,8,30,6,30,8,32,9,33,8,35,6,35,8,34,5,34,6,33,5,31,5,32,4,31,4,27,4,27,3,25,2,25,2,24,2,24,2,25,0,24,0,25,0,26,-2,27,-4,28,-5,25,-5,25,-6,23,-6,18]"
CSI_DATA,133451,d8:b1:90:d9:de:f0,-63,11,-99,-38,65,56,1974739110,277,0,106,0,"[-90,18,116,1,-25,18,-145,1,14,0,136,1,48,0,72,1,83,0,3,1,125,0,-34,0,149,0,-50,0,-149,0,-48,0,149,0,-57,0,96,0,-91,0,28,0,141,0,-8,18,29,0,-19,18,-83,18,0,0,0,0,63,0,72,18,124,0,29,18,155,0,35,18,141,0,63,18,73,0,91,18,3,0,112,18,-50,18,111,18,-74,18,101,18,-52,18,90,18,-4,18,90,18,57,0,134,18,113,0,-97,18,139,0]"
CSI_DATA,133452,d8:b1:90:d9:de:f0,-63,11,-99,-41,66,56,1974757778,100,0,114,0,"[30,19,32,21,34,24,34,28,34,29,32,29,29,29,28,28,27,27,24,27,23,24,22,26,22,24,22,26,22,24,22,24,24,27,24,26,26,27,24,26,26,27,26,26,23,26,24,26,23,23,24,22,23,22,23,21,0,0,24,21,24,22,24,22,26,22,26,23,24,23,26,23,26,24,24,23,23,22,23,22,21,23,20,21,19,20,17,19,16,19,15,19,15,19,16,19,14,19,14,20,14,22,13,22,13,23,10,23,9,22,5,21,4,19]"
CSI_DATA,133453,d8:b1:90:d9:de:f0,-63,11,-99,-40,66,56,1974767828,100,0,114,0,"[5,33,4,36,5,40,4,41,4,42,4,41,3,40,3,38,4,35,4,34,5,33,6,33,8,31,9,31,10,31,11,31,11,31,15,32,13,32,17,30,18,31,19,30,19,28,20,27,21,25,21,23,23,23,23,20,0,0,26,19,25,18,26,18,27,19,30,18,28,18,30,17,31,18,30,16,31,13,30,12,27,11,27,10,26,9,25,8,24,6,24,8,23,6,24,6,24,6,25,6,25,8,26,8,25,8,25,6,23,8,20,10,18,9]"
CSI_DATA,133454,d8:b1:90:d9:de:f0,-63,11,-99,-39,66,56,1974778134,100,0,114,0,"[-28,17,-32,20,-34,20,-37,19,-37,20,-38,17,-35,15,-37,15,-33,15,-31,13,-29,13,-29,12,-31,13,-30,13,-29,13,-29,14,-30,15,-31,16,-32,17,-30,17,-31,19,-30,20,-28,19,-26,20,-25,19,-25,20,-24,19,-24,19,0,0,-23,22,-23,21,-23,22,-23,22,-24,24,-25,23,-23,23,-24,23,-23,23,-23,22,-23,22,-21,20,-20,20,-19,19,-19,17,-17,16,-17,16,-17,16,-19,16,-19,16,-22,16,-21,16,-21,15,-22,15,-22,13,-22,11,-20,10,-17,7]"
CSI_DATA,133455,d8:b1:90:d9:de:f0,-63,11,-99,-40,66,56,1974797686,100,0,114,0,"[-32,-15,-34,-16,-36,-17,-36,-18,-39,-18,-39,-17,-36,-17,-36,-16,-34,-12,-34,-12,-32,-10,-32,-11,-33,-11,-33,-9,-33,-8,-33,-6,-34,-4,-36,-3,-35,-3,-36,-1,-38,1,-36,3,-35,3,-34,6,-35,5,-32,6,-32,8,-31,11,0,0,-30,11,-27,15,-28,15,-30,16,-30,18,-30,19,-28,20,-26,19,-25,20,-26,20,-25,19,-23,18,-20,18,-19,17,-18,19,-18,17,-16,17,-17,19,-16,19,-17,19,-17,20,-16,19,-17,18,-18,18,-18,18,-17,17,-16,15,-13,12]"
CSI_DATA,133456,d8:b1:90:d9:de:f0,-63,11,-99,-40,66,56,1974807700,100,0,114,0,"[31,-13,34,-13,36,-13,40,-13,39,-12,40,-12,36,-10,38,-11,34,-11,33,-10,31,-8,30,-9,32,-11,32,-11,32,-11,31,-12,32,-13,33,-13,33,-16,30,-16,32,-18,31,-19,28,-18,28,-19,27,-19,26,-20,25,-20,25,-20,0,0,25,-21,23,-21,24,-24,24,-24,24,-26,24,-26,23,-25,23,-25,23,-24,21,-24,20,-24,19,-23,18,-21,17,-21,16,-19,17,-20,16,-19,17,-20,17,-19,17,-19,18,-19,18,-20,17,-19,18,-19,20,-18,19,-16,17,-13,17,-12]"
CSI_DATA,133457,d8:b1:90:d9:de:f0,-64,11,-99,-35,65,56,1974827711,100,0,114,0,"[29,16,31,20,33,21,34,22,34,23,33,23,31,21,31,21,32,17,32,16,29,15,31,14,30,13,30,13,30,11,29,11,32,8,32,8,34,7,32,5,34,4,33,2,34,0,33,-1,32,-2,30,-2,31,-3,31,-6,0,0,31,-7,29,-8,30,-10,30,-12,31,-12,30,-13,30,-15,31,-16,29,-16,29,-15,26,-15,24,-14,23,-15,21,-15,21,-14,20,-14,17,-14,17,-15,17,-15,17,-17,20,-17,19,-17,19,-16,20,-15,22,-14,20,-13,17,-11,17,-8]"
CSI_DATA,133458,d8:b1:90:d9:de:f0,-63,11,-99,-40,66,56,1974847941,100,0,114,0,"[17,-31,21,-33,24,-34,26,-34,28,-34,28,-31,30,-30,30,-28,27,-26,27,-25,26,-24,25,-23,26,-21,25,-20,25,-21,25,-23,26,-24,28,-24,27,-25,27,-24,26,-24,26,-26,25,-24,24,-25,25,-24,24,-23,23,-21,23,-21,0,0,20,-23,23,-24,21,-23,24,-24,23,-24,25,-24,25,-25,25,-24,24,-23,25,-23,25,-20,23,-18,21,-17,19,-17,20,-15,20,-13,20,-13,19,-13,20,-13,23,-12,23,-12,24,-12,24,-10,25,-8,25,-5,23,-3,21,-3,18,0]"
CSI_DATA,133459,d8:b1:90:d9:de:f0,-63,11,-99,-40,66,56,1974867642,100,0,114,0,"[-34,8,-38,9,-40,8,-42,8,-45,8,-43,6,-42,5,-41,4,-36,5,-36,5,-33,5,-34,4,-35,6,-34,6,-33,8,-33,9,-33,10,-34,10,-34,12,-34,12,-35,13,-33,15,-31,15,-30,17,-30,16,-28,16,-27,16,-26,16,0,0,-25,19,-25,19,-25,20,-27,21,-25,23,-26,23,-26,24,-25,24,-25,23,-25,23,-25,21,-21,20,-19,19,-18,18,-19,18,-18,18,-17,18,-18,18,-17,18,-17,18,-19,18,-19,18,-19,18,-21,17,-21,15,-21,13,-20,12,-18,9]"
CSI_DATA,133460,d8:b1:90:d9:de:f0,-63,11,-99,-39,66,56,1974877867,100,0,114,0,"[34,0,38,2,40,4,41,6,41,7,40,7,38,10,35,11,34,10,33,10,31,10,31,10,31,8,30,10,31,10,32,11,32,10,33,11,33,10,33,8,34,10,34,10,32,11,32,8,32,8,31,7,30,7,31,7,0,0,31,6,31,6,31,7,32,6,32,6,32,7,32,8,32,10,32,10,31,10,30,8,26,10,26,10,24,10,24,7,23,7,22,8,22,8,22,8,22,11,22,12,23,13,21,14,22,16,20,17,16,17,14,16,11,15]"
CSI_DATA,133461,d8:b1:90:d9:de:f0,-63,11,-99,-36,65,56,1974897833,100,0,114,0,"[9,33,9,38,8,41,9,43,8,41,6,42,5,40,5,39,6,35,5,36,5,33,6,33,4,33,5,33,6,32,6,33,9,35,9,34,11,35,11,33,13,34,15,33,15,33,16,31,15,30,15,28,15,28,16,26,0,0,17,26,17,26,19,26,19,27,20,27,21,28,21,27,20,27,20,26,20,26,18,24,18,24,17,23,17,21,15,19,16,20,16,19,15,18,16,18,16,19,16,20,16,21,16,23,15,23,12,23,11,21,9,20,5,18]"
CSI_DATA,133462,d8:b1:90:d9:de:f0,-63,11,-99,-39,66,56,1974917804,100,0,114,0,"[-13,-31,-14,-35,-14,-38,-15,-39,-14,-40,-14,-38,-14,-38,-13,-37,-15,-33,-13,-32,-13,-30,-14,-30,-16,-29,-16,-29,-16,-28,-19,-28,-21,-28,-22,-28,-23,-26,-24,-25,-26,-26,-26,-24,-26,-22,-28,-20,-26,-19,-28,-17,-26,-14,-28,-13,0,0,-29,-12,-28,-10,-30,-10,-31,-8,-32,-11,-31,-8,-32,-7,-31,-8,-31,-5,-31,-5,-30,-3,-29,-5,-28,-3,-26,-2,-24,-1,-24,-2,-23,0,-23,1,-22,0,-23,0,-26,1,-25,-1,-25,-1,-26,-2,-25,-1,-23,-1,-20,-4,-19,-4]"
CSI_DATA,133463,d8:b1:90:d9:de:f0,-63,11,-99,-39,66,56,1974937578,100,0,114,0,"[-32,11,-35,11,-38,11,-39,10,-40,8,-39,7,-38,5,-38,5,-37,5,-34,4,-32,4,-31,3,-34,4,-32,3,-33,3,-33,4,-33,5,-35,5,-35,6,-35,6,-35,6,-34,7,-32,6,-31,7,-32,6,-31,7,-30,6,-30,8,0,0,-29,8,-30,10,-30,11,-31,10,-31,10,-32,10,-32,10,-31,10,-31,8,-31,8,-30,8,-26,6,-26,6,-24,6,-25,6,-24,5,-23,5,-24,4,-23,4,-25,3,-26,3,-26,2,-26,1,-28,-1,-28,-2,-24,-4,-21,-5,-19,-6]"
CSI_DATA,133464,d8:b1:90:d9:de:f0,-63,11,-99,-40,66,56,1974950443,100,0,114,0,"[30,-17,33,-18,38,-19,39,-17,39,-15,40,-13,38,-10,38,-9,36,-9,35,-6,34,-6,32,-5,33,-4,34,-4,34,-3,34,-4,35,-5,36,-4,38,-3,36,-4,35,-4,35,-4,33,-4,32,-4,34,-2,31,-2,31,-2,32,-2,0,0,30,-3,31,-3,32,-2,32,-2,33,-1,33,-1,33,-1,33,0,33,1,32,1,31,2,28,3,27,3,26,4,24,3,24,5,23,5,24,5,23,6,25,8,25,9,25,11,23,11,21,13,21,16,19,16,15,15,11,15]"
CSI_DATA,133465,d8:b1:90:d9:de:f0,-64,11,-99,-39,66,56,1974967856,100,0,114,0,"[22,26,23,30,22,33,21,35,22,37,20,37,17,35,16,35,15,33,14,32,13,31,12,32,13,30,13,30,12,30,13,31,14,32,13,32,14,32,15,31,14,31,15,31,14,31,14,29,14,28,14,29,14,28,15,25,0,0,14,25,15,26,15,28,15,26,16,28,15,28,15,29,15,31,14,29,14,29,13,28,12,28,11,25,10,24,10,23,8,22,7,22,7,21,8,22,5,23,6,23,4,24,3,25,2,25,1,23,-1,23,-2,22,-3,19]"
CSI_DATA,133466,d8:b1:90:d9:de:f0,-64,11,-99,-41,67,56,1974978178,100,0,114,0,"[18,27,19,29,20,31,18,32,21,36,19,32,19,33,16,30,16,28,15,28,16,26,16,26,16,25,16,24,18,24,20,23,21,23,23,24,23,23,24,22,23,21,25,19,24,20,26,18,26,18,25,14,25,14,26,13,0,0,27,12,28,10,27,10,29,9,28,9,29,9,30,8,30,9,30,7,29,7,27,5,26,7,26,5,23,4,24,3,22,3,22,3,22,2,22,2,23,3,24,3,24,3,25,5,24,5,24,4,21,6,19,6,15,7]"
CSI_DATA,133467,d8:b1:90:d9:de:f0,-63,11,-99,-40,66,56,1974997732,100,0,114,0,"[34,-2,38,-1,41,0,42,2,42,4,42,5,39,6,39,8,38,6,36,8,34,6,33,8,34,6,33,6,34,8,34,6,36,6,35,8,36,6,35,6,36,6,35,5,34,4,34,5,33,4,32,3,31,3,32,2,0,0,32,2,31,2,32,2,33,3,33,3,34,4,33,4,33,4,33,3,33,3,31,4,28,4,27,5,26,4,24,4,25,5,23,4,24,4,24,5,25,6,26,8,25,9,24,9,23,12,24,11,20,12,16,12,13,12]"
CSI_DATA,133468,d8:b1:90:d9:de:f0,-63,11,-99,-40,66,56,1975007987,100,0,114,0,"[20,27,21,31,23,33,23,34,23,35,21,35,21,34,20,32,21,31,21,31,20,27,21,26,23,27,23,25,24,25,25,24,26,25,27,25,28,24,30,21,30,21,31,20,30,17,31,15,31,12,30,12,28,10,31,10,0,0,31,8,31,8,32,6,32,5,32,5,33,4,33,3,34,3,33,2,32,0,31,0,30,1,27,0,27,0,26,-1,25,-1,24,-2,25,-2,25,-3,26,-2,26,-3,27,-2,27,-1,27,0,26,-1,25,0,23,2,19,3]"
CSI_DATA,133469,d8:b1:90:d9:de:f0,-63,11,-99,-40,66,56,1975027712,100,0,114,0,"[-23,-27,-24,-31,-23,-34,-23,-36,-23,-36,-20,-36,-18,-36,-17,-34,-17,-33,-16,-32,-15,-32,-15,-31,-13,-31,-15,-30,-13,-31,-13,-31,-17,-32,-16,-33,-16,-33,-17,-32,-16,-32,-18,-31,-18,-30,-18,-30,-18,-28,-16,-27,-18,-27,-17,-26,0,0,-18,-26,-17,-26,-17,-27,-18,-27,-18,-28,-19,-28,-19,-27,-18,-28,-18,-27,-18,-26,-16,-26,-15,-25,-13,-24,-13,-23,-11,-21,-11,-21,-10,-21,-10,-21,-11,-20,-9,-21,-9,-23,-8,-25,-8,-26,-5,-27,-4,-25,-2,-24,0,-23,1,-19]"
CSI_DATA,133470,d8:b1:90:d9:de:f0,-63,11,-99,-40,66,56,1975037870,100,0,114,0,"[-31,-15,-34,-17,-36,-18,-39,-19,-39,-19,-38,-19,-36,-18,-34,-17,-33,-15,-34,-15,-31,-12,-31,-12,-33,-10,-32,-10,-32,-9,-33,-8,-35,-6,-36,-5,-36,-3,-36,-2,-35,-1,-34,1,-34,2,-32,3,-33,4,-31,4,-31,8,-32,8,0,0,-31,10,-28,12,-28,12,-30,15,-30,15,-28,16,-28,17,-30,16,-28,18,-28,18,-26,17,-24,16,-24,16,-20,17,-19,16,-19,16,-18,16,-18,16,-18,16,-18,16,-19,17,-20,17,-20,16,-21,17,-21,17,-20,15,-18,11,-17,10]"
CSI_DATA,133471,d8:b1:90:d9:de:f0,-64,11,-99,-41,67,56,1975047882,100,0,114,0,"[-3,-31,-2,-33,0,-36,1,-39,0,-38,1,-38,2,-36,1,-34,1,-33,1,-33,1,-31,1,-31,0,-30,0,-30,0,-30,-1,-31,-2,-31,-3,-31,-3,-32,-3,-30,-5,-32,-6,-31,-6,-30,-8,-30,-7,-29,-7,-28,-8,-28,-7,-28,0,0,-10,-27,-10,-26,-11,-28,-12,-27,-13,-28,-13,-28,-13,-27,-12,-29,-13,-28,-12,-27,-11,-26,-11,-25,-11,-24,-10,-22,-10,-20,-9,-20,-8,-20,-9,-20,-9,-20,-8,-20,-8,-20,-9,-22,-9,-22,-7,-22,-5,-22,-3,-21,-3,-20,0,-18]"
CSI_DATA,133472,d8:b1:90:d9:de:f0,-64,11,-99,-38,66,56,1975067667,100,0,114,0,"[23,-21,28,-21,31,-21,32,-20,35,-20,34,-18,34,-16,33,-14,32,-14,31,-11,30,-10,30,-9,30,-8,31,-9,31,-7,31,-8,32,-8,33,-8,33,-7,32,-7,32,-6,33,-7,31,-6,30,-7,32,-5,30,-4,29,-5,30,-6,0,0,29,-6,29,-5,29,-4,31,-4,31,-3,31,-2,31,-2,31,-1,31,0,30,0,30,0,28,2,26,3,25,3,23,3,23,4,22,5,22,4,22,5,22,7,23,8,23,9,21,10,20,14,20,15,17,16,14,14,11,14]"
CSI_DATA,133473,d8:b1:90:d9:de:f0,-63,11,-99,-39,66,56,1975077662,100,0,114,0,"[-29,-21,-31,-24,-32,-26,-33,-28,-33,-28,-32,-28,-30,-28,-30,-26,-29,-22,-26,-22,-26,-20,-26,-22,-26,-22,-26,-21,-26,-21,-28,-20,-29,-19,-31,-19,-31,-17,-31,-16,-31,-17,-32,-15,-31,-14,-31,-11,-30,-11,-29,-11,-29,-10,-31,-8,0,0,-30,-6,-31,-5,-30,-5,-32,-5,-32,-5,-33,-4,-32,-4,-32,-4,-32,-3,-32,-3,-30,-3,-28,-4,-28,-3,-25,-3,-25,-2,-23,-1,-23,-2,-23,0,-23,-1,-24,-1,-25,-1,-25,-2,-25,-4,-25,-4,-25,-4,-22,-6,-21,-6,-19,-6]"
CSI_DATA,133474,d8:b1:90:d9:de:f0,-63,11,-99,-39,66,56,1975087917,100,0,114,0,"[-35,-3,-38,-6,-39,-8,-41,-11,-41,-11,-39,-13,-38,-13,-34,-14,-33,-12,-31,-13,-31,-12,-29,-14,-30,-13,-30,-13,-30,-14,-31,-14,-31,-13,-33,-13,-32,-13,-32,-13,-32,-13,-32,-12,-30,-12,-30,-11,-29,-12,-29,-10,-28,-10,-29,-10,0,0,-30,-8,-29,-10,-29,-8,-31,-10,-29,-11,-31,-10,-30,-12,-30,-13,-30,-13,-29,-12,-28,-12,-24,-12,-24,-12,-23,-12,-22,-11,-21,-11,-21,-11,-20,-11,-20,-12,-20,-13,-21,-14,-19,-15,-19,-16,-19,-17,-17,-17,-14,-17,-12,-17,-10,-16]"
CSI_DATA,133475,d8:b1:90:d9:de:f0,-63,11,-99,-39,66,56,1975107655,100,0,114,0,"[-24,-24,-26,-26,-26,-29,-26,-30,-29,-33,-26,-31,-25,-31,-24,-30,-22,-29,-23,-26,-22,-25,-22,-25,-22,-23,-23,-23,-23,-23,-23,-22,-25,-23,-29,-25,-28,-22,-29,-22,-28,-22,-29,-20,-28,-19,-29,-15,-29,-16,-28,-15,-28,-13,-28,-11,0,0,-28,-11,-29,-10,-29,-10,-31,-10,-30,-8,-32,-10,-32,-10,-31,-10,-31,-7,-31,-7,-29,-7,-28,-8,-25,-7,-24,-5,-25,-5,-23,-5,-22,-6,-22,-4,-23,-4,-23,-5,-24,-6,-24,-6,-25,-8,-24,-10,-23,-8,-22,-10,-19,-10,-14,-10]"
CSI_DATA,133476,d8:b1:90:d9:de:f0,-64,11,-99,-37,66,56,1975117890,100,0,114,0,"[-5,-30,-5,-33,-3,-37,-1,-38,0,-39,1,-38,2,-36,4,-34,3,-32,4,-32,3,-30,3,-29,4,-29,4,-29,2,-29,3,-30,4,-33,4,-34,4,-33,3,-32,2,-33,2,-31,2,-31,1,-30,1,-30,1,-29,0,-29,1,-29,0,0,1,-28,1,-29,0,-29,0,-29,1,-32,2,-31,1,-31,2,-31,3,-29,3,-29,3,-28,2,-27,3,-27,4,-25,5,-23,4,-23,4,-22,5,-22,5,-22,7,-22,7,-23,8,-24,8,-23,11,-23,12,-21,13,-19,12,-16,12,-14]"
CSI_DATA,133477,d8:b1:90:d9:de:f0,-64,11,-99,-39,66,56,1975137701,100,0,114,0,"[35,-5,38,-4,41,-4,41,-2,42,-3,42,-3,40,0,39,-1,38,-3,37,-2,33,-3,34,-2,34,-3,33,-3,32,-5,33,-4,33,-6,37,-7,34,-10,34,-10,33,-10,33,-11,30,-11,30,-14,30,-12,29,-12,28,-12,26,-13,0,0,24,-16,25,-16,24,-17,26,-19,25,-19,26,-19,25,-19,24,-19,24,-20,24,-19,24,-17,22,-16,21,-15,19,-16,20,-15,19,-14,19,-14,19,-15,17,-15,20,-14,21,-16,20,-16,21,-13,22,-13,23,-12,21,-10,20,-8,17,-6]"
CSI_DATA,133478,d8:b1:90:d9:de:f0,-64,11,-99,-39,66,56,1975149223,100,0,114,0,"[-13,-31,-12,-34,-13,-38,-13,-40,-12,-39,-12,-41,-12,-37,-12,-38,-10,-34,-11,-32,-11,-32,-12,-29,-13,-29,-13,-30,-14,-30,-15,-29,-17,-30,-16,-29,-20,-30,-20,-25,-22,-28,-21,-26,-22,-24,-21,-24,-23,-21,-23,-20,-24,-19,-24,-17,0,0,-26,-17,-25,-15,-28,-15,-26,-15,-28,-15,-28,-15,-28,-15,-29,-14,-30,-14,-29,-12,-29,-11,-28,-12,-26,-11,-25,-10,-23,-7,-23,-10,-22,-7,-23,-7,-23,-7,-23,-7,-24,-8,-24,-10,-24,-10,-24,-10,-25,-10,-23,-11,-17,-11,-15,-11]"
CSI_DATA,133479,d8:b1:90:d9:de:f0,-63,11,-99,-40,66,56,1975167681,100,0,114,0,"[-33,11,-36,11,-39,11,-41,10,-42,10,-42,10,-41,8,-40,8,-38,9,-35,10,-34,9,-33,9,-33,9,-31,10,-32,10,-32,11,-32,12,-35,13,-33,13,-33,16,-32,18,-32,19,-28,19,-28,19,-27,18,-27,19,-25,18,-25,19,0,0,-23,19,-21,20,-23,23,-23,21,-21,24,-23,25,-21,25,-21,25,-21,24,-20,24,-20,23,-19,23,-19,21,-17,19,-17,18,-16,18,-16,18,-15,18,-17,19,-17,20,-17,19,-17,20,-17,19,-19,18,-20,16,-19,15,-18,13,-16,11]"
CSI_DATA,133480,d8:b1:90:d9:de:f0,-64,11,-99,-38,66,56,1975177871,100,0,114,0,"[-33,-1,-35,-3,-38,-5,-38,-6,-41,-7,-40,-8,-38,-9,-37,-9,-34,-9,-33,-10,-31,-9,-31,-10,-30,-8,-30,-9,-29,-9,-30,-9,-31,-9,-33,-9,-33,-8,-32,-9,-32,-8,-33,-7,-32,-8,-30,-7,-31,-7,-30,-7,-29,-6,-30,-5,0,0,-28,-5,-29,-5,-29,-5,-31,-5,-30,-7,-30,-6,-31,-6,-30,-7,-30,-7,-30,-7,-28,-7,-27,-8,-25,-7,-23,-7,-23,-7,-22,-7,-21,-8,-21,-7,-22,-8,-22,-10,-23,-11,-21,-10,-21,-14,-20,-15,-19,-14,-18,-15,-14,-14,-10,-14]"
CSI_DATA,133481,d8:b1:90:d9:de:f0,-63,11,-99,-40,66,56,1975197867,100,0,114,0,"[31,16,35,19,35,20,38,23,36,24,36,24,34,23,33,23,31,20,30,19,30,18,28,17,28,18,28,18,30,17,31,16,33,15,33,17,34,15,33,13,33,13,34,12,33,11,33,9,33,8,31,6,30,6,30,5,0,0,32,3,31,4,32,4,33,2,33,2,34,2,33,2,33,2,33,2,32,2,31,1,28,2,27,1,26,1,25,1,24,2,23,1,24,0,24,0,25,1,27,1,25,2,25,3,26,4,27,4,24,6,20,6,17,8]"
CSI_DATA,133482,d8:b1:90:d9:de:f0,-63,11,-99,-40,66,56,1975208287,100,0,114,0,"[-16,33,-19,34,-20,36,-24,36,-25,36,-26,33,-26,31,-25,30,-25,28,-25,26,-23,24,-24,24,-24,25,-25,24,-24,24,-24,24,-26,25,-26,26,-26,26,-25,26,-25,26,-24,25,-25,25,-23,24,-24,24,-23,23,-21,23,-23,23,0,0,-21,23,-23,23,-23,23,-21,23,-23,23,-23,24,-25,21,-25,21,-24,20,-26,20,-24,19,-23,16,-21,15,-20,15,-21,15,-21,13,-20,12,-21,11,-21,12,-24,10,-25,9,-24,8,-24,6,-25,5,-25,3,-24,0,-21,1,-18,-1]"
CSI_DATA,133483,d8:b1:90:d9:de:f0,-63,11,-99,-39,66,56,1975227640,100,0,114,0,"[25,-23,29,-25,32,-26,34,-26,32,-25,34,-25,31,-23,32,-23,29,-23,28,-22,26,-22,24,-21,26,-22,25,-23,24,-23,24,-23,24,-25,23,-26,24,-28,22,-26,21,-29,20,-29,17,-29,15,-30,15,-28,15,-28,14,-28,12,-29,0,0,12,-29,11,-29,10,-31,8,-31,11,-31,8,-32,8,-31,7,-32,7,-30,7,-30,7,-29,5,-28,5,-25,4,-25,5,-23,6,-24,5,-22,6,-22,5,-23,6,-23,7,-24,6,-24,6,-24,7,-24,10,-22,10,-21,10,-19,10,-16]"
CSI_DATA,133484,d8:b1:90:d9:de:f0,-64,11,-99,-39,66,56,1975237842,100,0,114,0,"[-33,0,-37,-2,-40,-5,-42,-7,-40,-8,-41,-8,-37,-10,-35,-10,-34,-10,-33,-11,-32,-10,-30,-10,-31,-8,-30,-10,-30,-10,-31,-10,-33,-10,-33,-10,-34,-10,-33,-7,-33,-8,-33,-8,-32,-8,-32,-7,-31,-6,-30,-6,-30,-5,-30,-6,0,0,-29,-4,-29,-5,-31,-6,-30,-5,-31,-5,-31,-6,-32,-7,-31,-7,-31,-7,-30,-6,-29,-6,-26,-6,-25,-7,-25,-7,-24,-6,-22,-8,-21,-7,-22,-7,-23,-7,-21,-8,-22,-10,-22,-12,-21,-12,-22,-13,-21,-14,-19,-15,-15,-14,-12,-14]"
CSI_DATA,133485,d8:b1:90:d9:de:f0,-63,11,-99,-40,66,56,1975259065,100,0,114,0,"[34,-10,39,-9,41,-8,42,-6,45,-4,42,-3,41,-1,40,0,39,-1,36,0,35,0,34,1,34,1,33,1,34,1,34,1,35,0,36,1,38,1,36,0,36,0,35,0,35,-1,33,-1,33,0,32,0,31,-1,31,-2,0,0,31,-2,31,-1,32,-1,33,-1,34,-1,33,-1,34,-1,34,1,33,0,34,0,32,1,30,2,27,3,27,2,26,3,25,3,23,4,24,3,24,4,24,5,25,6,24,8,23,9,24,12,24,13,20,13,17,12,15,12]"
CSI_DATA,133486,d8:b1:90:d9:de:f0,-63,11,-99,-39,66,56,1975277746,100,0,114,0,"[-2,-37,1,-40,2,-42,4,-42,6,-41,8,-39,10,-39,11,-37,11,-35,11,-33,11,-31,12,-31,13,-31,13,-32,14,-31,13,-31,13,-32,15,-33,15,-32,15,-32,15,-32,14,-32,14,-31,13,-30,15,-30,13,-30,13,-28,13,-26,0,0,13,-28,14,-28,15,-26,15,-28,16,-29,17,-29,19,-28,20,-26,19,-24,20,-24,19,-22,20,-22,19,-21,17,-17,19,-17,17,-15,17,-15,19,-14,19,-14,21,-13,22,-12,22,-13,23,-12,24,-7,24,-4,23,-4,22,-3,19,0]"
CSI_DATA,133487,d8:b1:90:d9:de:f0,-64,11,-99,-38,66,56,1975287761,100,0,114,0,"[-23,23,-26,26,-30,27,-31,27,-30,26,-29,26,-28,23,-29,23,-27,22,-26,21,-25,20,-23,20,-23,21,-23,21,-23,22,-22,23,-22,27,-22,26,-21,27,-20,28,-20,28,-18,28,-17,27,-16,27,-15,28,-14,28,-13,27,-11,26,0,0,-10,29,-9,28,-9,28,-9,30,-8,31,-8,31,-9,31,-9,30,-9,29,-8,29,-7,28,-7,28,-6,27,-6,26,-6,23,-5,22,-4,22,-5,22,-5,22,-6,23,-7,23,-6,23,-6,25,-8,23,-10,21,-10,20,-9,19,-9,16]"
CSI_DATA,133488,d8:b1:90:d9:de:f0,-64,11,-99,-41,67,56,1975297887,100,0,114,0,"[-20,-25,-21,-29,-21,-32,-21,-36,-19,-34,-16,-34,-14,-33,-13,-33,-14,-31,-12,-30,-12,-29,-11,-28,-10,-27,-11,-27,-11,-28,-11,-29,-13,-31,-12,-30,-14,-31,-13,-29,-13,-30,-14,-29,-13,-28,-15,-26,-14,-26,-12,-26,-14,-25,-14,-25,0,0,-13,-25,-13,-24,-13,-25,-13,-26,-14,-27,-14,-27,-13,-27,-13,-27,-15,-27,-12,-26,-11,-26,-10,-24,-10,-24,-9,-23,-8,-20,-8,-23,-7,-21,-7,-21,-6,-21,-6,-22,-5,-22,-5,-24,-3,-24,-1,-24,0,-23,1,-22,3,-20,4,-18]"
CSI_DATA,133489,d8:b1:90:d9:de:f0,-63,9,-99,-41,66,56,1975316990,98,0,106,0,"[-15,0,36,1,39,1,34,1,24,1,-5,0,-9,0,-51,0,-38,0,-111,0,-47,0,-146,0,-48,0,134,0,-51,0,140,0,-85,0,148,0,149,0,149,0,57,0,109,0,-23,17,20,0,-71,17,-86,17,0,0,0,0,1,0,36,17,60,0,-2,16,99,0,3,17,106,0,39,17,52,0,79,17,-2,17,110,17,-48,17,109,17,-60,17,98,17,-35,17,82,17,8,0,95,17,64,0,-149,17,105,0,-55,17,99,0]"
CSI_DATA,133490,d8:b1:90:d9:de:f0,-63,11,-99,-36,65,56,1975328392,100,0,114,0,"[6,34,4,38,3,41,2,42,1,43,-2,43,-2,41,-3,40,-3,39,-5,36,-4,34,-5,34,-6,35,-6,34,-6,33,-6,33,-5,35,-5,35,-6,38,-5,35,-5,38,-5,36,-5,34,-4,34,-6,33,-4,32,-4,31,-6,31,0,0,-4,31,-5,31,-5,32,-4,33,-5,33,-6,33,-8,33,-9,34,-9,32,-10,31,-10,31,-10,28,-10,26,-9,25,-9,23,-11,24,-10,21,-11,21,-11,21,-13,20,-15,20,-16,21,-17,21,-17,20,-18,16,-19,15,-18,12,-17,10]"
CSI_DATA,133491,d8:b1:90:d9:de:f0,-63,11,-99,-40,66,56,1975347641,100,0,114,0,"[26,25,27,30,30,32,30,34,28,33,27,33,26,31,26,31,25,27,24,27,23,25,21,25,24,25,24,24,25,24,26,24,27,23,28,21,30,23,30,20,31,20,31,19,30,18,30,17,31,16,30,12,30,12,30,11,0,0,32,10,28,9,31,8,33,8,34,8,34,8,34,8,33,6,32,6,32,5,31,4,28,6,27,4,27,4,26,3,24,4,24,2,25,1,25,3,26,3,26,4,26,4,25,5,28,5,27,6,25,6,21,8,18,9]"
CSI_DATA,133492,d8:b1:90:d9:de:f0,-64,11,-99,-39,66,56,1975361019,100,0,114,0,"[32,-8,37,-7,39,-6,41,-5,41,-3,41,-2,39,-1,38,1,35,-2,34,-1,33,1,32,1,32,1,32,1,33,1,32,1,33,0,34,1,34,1,33,-1,35,0,34,-2,33,-1,31,-2,32,-2,31,-2,30,-2,31,-3,0,0,30,-3,29,-2,30,-3,31,-2,32,-2,32,-2,32,-3,32,-1,31,-1,32,-2,30,0,28,2,26,1,25,0,24,1,24,2,23,2,24,2,24,3,23,2,25,4,23,5,24,6,24,10,24,11,22,11,19,11,15,11]"
CSI_DATA,133493,d8:b1:90:d9:de:f0,-64,9,-99,-41,67,56,1975372554,83,0,106,0,"[84,1,-106,0,134,1,117,0,111,1,72,0,62,1,36,0,12,1,-2,15,-16,0,-41,15,-25,0,-68,15,-30,0,-79,15,-33,0,-66,15,-79,0,-33,15,104,0,14,0,1,0,33,0,-103,15,13,0,0,0,0,0,46,15,-105,15,23,15,116,15,47,15,96,15,78,15,119,15,106,15,-94,15,113,15,-10,15,105,15,39,0,78,15,54,0,67,15,39,0,70,15,-3,15,114,15,-50,15,-72,15,-93,15,18,0]"
CSI_DATA,133494,d8:b1:90:d9:de:f0,-64,11,-99,-39,66,56,1975388887,100,0,114,0,"[34,4,38,4,40,6,40,6,40,6,41,5,38,6,38,5,37,4,35,4,33,2,33,1,32,-1,33,-1,32,-2,32,-3,33,-4,33,-6,34,-7,33,-8,32,-11,32,-12,31,-13,28,-14,29,-15,26,-16,25,-17,24,-19,0,0,24,-17,21,-21,22,-22,22,-22,22,-24,22,-24,20,-26,21,-26,20,-26,20,-26,16,-26,15,-24,13,-23,12,-22,12,-22,12,-21,11,-21,11,-21,11,-22,12,-23,13,-23,11,-23,11,-23,12,-24,13,-22,14,-20,11,-17,11,-15]"
CSI_DATA,133495,d8:b1:90:d9:de:f0,-63,11,-99,-40,66,56,1975407679,100,0,114,0,"[-18,-30,-18,-33,-20,-35,-19,-36,-19,-38,-19,-38,-18,-36,-17,-34,-18,-33,-17,-32,-17,-31,-17,-31,-17,-28,-17,-30,-18,-28,-19,-28,-19,-27,-21,-28,-23,-26,-24,-25,-24,-25,-25,-24,-25,-23,-24,-21,-25,-21,-25,-19,-25,-18,-25,-16,0,0,-27,-16,-26,-15,-28,-15,-28,-13,-30,-15,-30,-15,-31,-15,-31,-15,-30,-12,-30,-12,-27,-12,-26,-13,-26,-11,-25,-10,-24,-9,-23,-10,-23,-8,-21,-6,-23,-8,-23,-8,-24,-8,-24,-10,-23,-11,-24,-12,-24,-11,-21,-12,-19,-13,-15,-12]"
CSI_DATA,133496,d8:b1:90:d9:de:f0,-64,11,-99,-35,65,56,1975419294,100,0,114,0,"[-22,24,-25,26,-26,26,-29,28,-30,29,-30,28,-30,28,-29,26,-26,28,-24,25,-22,24,-22,24,-21,24,-19,24,-17,25,-17,26,-17,28,-17,28,-16,30,-15,29,-14,32,-12,32,-10,31,-8,31,-7,31,-6,30,-5,30,-4,30,0,0,-2,30,-1,29,-1,31,-1,32,1,33,1,34,3,33,2,32,4,31,3,30,4,30,4,29,4,26,4,25,4,23,4,24,4,23,3,23,5,23,4,25,4,25,5,25,5,26,3,25,2,23,1,23,0,22,-1,20]"
CSI_DATA,133497,d8:b1:90:d9:de:f0,-64,9,-99,-39,66,56,1975431393,98,0,106,0,"[124,1,75,0,-127,1,42,0,139,1,11,0,71,1,-3,16,22,1,-31,16,-22,0,-59,16,-35,0,-86,16,-28,0,-84,16,-37,0,-56,16,-85,0,-16,16,113,0,19,0,4,0,24,0,-102,16,-17,16,0,0,0,0,105,16,117,16,104,16,42,16,141,16,26,16,-120,16,52,16,-123,16,121,16,139,16,-94,16,103,16,-65,16,85,16,-66,16,88,16,-95,16,117,16,-134,16,-94,16,140,16,7,0,-126,16,88,0]"
CSI_DATA,133498,d8:b1:90:d9:de:f0,-63,11,-99,-40,66,56,1975448448,100,0,114,0,"[-30,-18,-32,-23,-32,-26,-31,-27,-32,-31,-28,-30,-27,-31,-25,-30,-24,-27,-21,-27,-21,-26,-19,-26,-20,-27,-19,-27,-20,-27,-19,-27,-21,-27,-21,-30,-20,-28,-21,-28,-21,-30,-21,-28,-20,-27,-20,-27,-20,-26,-20,-26,-19,-24,-19,-23,0,0,-20,-25,-19,-25,-18,-25,-19,-27,-19,-27,-19,-28,-19,-30,-18,-28,-18,-28,-17,-27,-16,-27,-13,-26,-13,-26,-11,-24,-11,-24,-9,-23,-8,-21,-9,-21,-9,-23,-8,-24,-8,-25,-4,-26,-3,-28,-2,-27,-1,-25,1,-25,3,-23,4,-18]"
CSI_DATA,133499,d8:b1:90:d9:de:f0,-64,11,-99,-35,65,56,1975460564,100,0,114,0,"[15,29,16,33,15,38,13,40,12,40,11,39,7,39,5,37,6,34,4,34,5,33,4,32,2,31,3,31,3,33,3,33,3,34,2,34,4,34,3,33,2,34,3,33,3,33,4,32,3,32,2,31,3,30,3,30,0,0,2,30,3,31,3,31,2,31,1,32,0,33,1,32,0,33,-1,32,-2,30,-2,30,-3,29,-2,28,-3,26,-3,24,-4,24,-5,23,-5,21,-5,22,-7,23,-8,22,-10,24,-10,24,-12,23,-13,20,-14,19,-14,16,-13,12]"
CSI_DATA,133500,d8:b1:90:d9:de:f0,-63,11,-99,-36,65,56,1975471354,100,0,114,0,"[8,-35,11,-36,12,-39,13,-39,15,-42,15,-41,15,-38,16,-35,13,-36,13,-33,12,-32,12,-33,11,-33,12,-32,10,-31,10,-31,9,-33,11,-33,9,-34,8,-34,8,-35,5,-34,5,-33,4,-33,4,-33,3,-32,3,-31,2,-30,0,0,-1,-31,1,-32,0,-32,-1,-33,0,-35,0,-35,0,-34,0,-35,0,-32,0,-32,-1,-31,0,-30,0,-28,-1,-26,0,-25,-1,-25,0,-24,0,-24,0,-24,2,-23,2,-25,2,-25,3,-28,4,-26,5,-24,5,-21,8,-21,9,-18]"
CSI_DATA,133501,d8:b1:90:d9:de:f0,-63,11,-99,-39,66,56,1975487811,100,0,114,0,"[0,-33,2,-35,4,-39,6,-40,5,-40,7,-39,10,-38,11,-34,11,-34,13,-32,12,-31,12,-29,12,-30,14,-29,13,-29,14,-30,13,-31,13,-31,12,-32,13,-30,13,-31,14,-31,14,-29,13,-30,14,-29,13,-28,14,-28,14,-28,0,0,14,-26,13,-29,14,-29,15,-28,15,-30,16,-30,19,-29,19,-28,19,-26,20,-24,17,-23,19,-23,19,-21,17,-20,17,-19,17,-17,19,-17,19,-15,19,-15,22,-14,22,-13,23,-15,23,-13,25,-11,26,-7,25,-5,23,-5,21,-2]"
CSI_DATA,133502,d8:b1:90:d9:de:f0,-64,11,-99,-39,66,56,1975497952,100,0,114,0,"[32,-7,35,-7,38,-8,39,-7,41,-7,39,-6,38,-5,37,-5,35,-5,35,-5,33,-5,32,-6,32,-6,32,-6,31,-7,31,-8,31,-11,32,-11,32,-12,31,-13,31,-14,30,-15,30,-14,28,-16,28,-16,25,-16,25,-16,25,-16,0,0,24,-19,24,-20,23,-21,24,-22,24,-21,24,-21,23,-22,23,-23,23,-22,23,-22,22,-22,21,-20,20,-20,19,-19,19,-19,17,-17,17,-17,17,-17,17,-17,19,-17,20,-17,19,-17,20,-17,21,-17,23,-15,22,-13,20,-12,17,-8]"
CSI_DATA,133503,d8:b1:90:d9:de:f0,-63,11,-99,-40,66,56,1975517638,100,0,114,0,"[-10,-32,-9,-35,-8,-39,-6,-40,-5,-42,-4,-40,-1,-40,0,-38,0,-35,1,-35,1,-33,1,-33,2,-33,3,-31,3,-32,3,-33,2,-34,3,-35,2,-35,3,-35,3,-34,1,-34,3,-33,1,-32,3,-33,3,-32,4,-31,3,-30,0,0,3,-28,2,-31,2,-31,3,-33,4,-33,5,-35,4,-34,6,-34,6,-31,8,-32,8,-30,9,-30,9,-27,8,-26,8,-24,9,-25,10,-24,9,-23,11,-23,13,-23,15,-23,15,-23,16,-24,18,-20,19,-18,19,-16,19,-15,18,-11]"
CSI_DATA,133504,d8:b1:90:d9:de:f0,-64,11,-99,-39,66,56,1975527668,100,0,114,0,"[32,15,34,16,35,17,35,20,39,21,37,20,35,21,33,19,31,17,30,16,28,15,30,15,30,13,29,13,30,11,30,10,31,10,33,11,32,7,34,7,32,7,33,5,31,5,31,3,33,3,31,1,30,1,31,-1,0,0,30,-3,32,-3,30,-5,33,-5,32,-5,33,-5,33,-6,32,-5,31,-7,32,-6,31,-8,29,-7,26,-7,25,-6,26,-8,23,-6,24,-7,24,-7,25,-6,26,-7,25,-6,25,-6,26,-5,28,-6,26,-4,25,-3,23,-3,20,-1]"
CSI_DATA,133505,d8:b1:90:d9:de:f0,-63,11,-99,-39,66,56,1975537722,100,0,114,0,"[1,34,1,38,-1,40,-2,42,-3,42,-4,41,-5,40,-5,38,-4,35,-4,34,-4,32,-4,32,-5,32,-5,31,-4,32,-3,32,-3,33,-3,34,-2,34,-3,33,-1,34,-1,34,0,32,2,32,0,32,0,32,1,31,2,30,0,0,2,31,3,31,4,30,3,34,3,34,2,34,4,34,3,33,3,32,2,32,2,31,2,31,1,29,1,28,1,25,0,25,0,25,0,26,0,25,-1,25,-1,25,-2,28,-3,28,-5,29,-6,24,-7,23,-7,23,-8,19]"
CSI_DATA,133506,d8:b1:90:d9:de:f0,-64,11,-99,-41,67,56,1975547748,100,0,114,0,"[32,4,34,6,36,8,37,10,37,11,36,12,33,14,30,14,29,13,27,15,27,13,25,16,26,15,26,15,25,16,25,16,25,16,26,16,27,16,25,16,27,18,26,16,25,19,26,16,25,16,24,16,23,15,24,15,0,0,24,15,25,18,24,18,24,16,25,19,25,21,25,21,24,22,24,21,23,21,22,20,19,22,16,20,15,20,16,19,14,18,13,19,13,18,12,20,12,21,12,22,11,24,9,24,7,25,7,24,3,23,2,22,0,19]"
CSI_DATA,133507,d8:b1:90:d9:de:f0,-64,11,-99,-38,66,56,1975563482,100,0,114,0,"[-23,-20,-26,-23,-28,-25,-27,-27,-28,-28,-28,-27,-26,-27,-25,-25,-25,-22,-23,-22,-22,-20,-22,-20,-23,-19,-23,-17,-23,-18,-26,-17,-27,-16,-28,-16,-29,-15,-28,-14,-29,-14,-30,-11,-29,-10,-30,-8,-29,-9,-29,-7,-27,-6,-29,-5,0,0,-29,-2,-29,-2,-30,-1,-32,-1,-32,0,-32,0,-33,0,-33,1,-32,2,-32,3,-30,4,-29,2,-28,3,-26,4,-26,4,-23,4,-22,3,-23,4,-23,5,-25,6,-25,4,-26,4,-26,4,-27,3,-26,3,-25,1,-21,-1,-19,0]"
CSI_DATA,133508,d8:b1:90:d9:de:f0,-63,11,-99,-41,66,56,1975577685,100,0,114,0,"[19,-32,22,-33,24,-34,27,-33,28,-33,29,-30,29,-28,29,-26,28,-23,28,-23,26,-21,26,-20,28,-21,27,-20,26,-20,27,-20,28,-21,30,-21,29,-21,29,-21,28,-21,27,-21,27,-20,26,-20,27,-19,26,-19,26,-19,26,-17,0,0,26,-20,26,-19,27,-19,27,-19,28,-19,30,-19,29,-17,30,-19,29,-16,30,-15,29,-15,27,-14,26,-11,26,-11,26,-9,24,-8,23,-8,24,-7,24,-7,27,-5,27,-4,27,-4,27,-2,29,-1,29,2,26,4,24,4,20,4]"
CSI_DATA,133509,d8:b1:90:d9:de:f0,-63,11,-99,-40,66,56,1975587952,100,0,114,0,"[-35,6,-38,6,-42,6,-42,5,-43,4,-42,4,-41,3,-39,3,-36,3,-35,3,-33,3,-32,4,-34,5,-33,5,-32,5,-33,6,-34,9,-35,10,-36,11,-35,11,-33,13,-32,13,-31,13,-28,13,-31,15,-28,16,-27,15,-26,16,0,0,-27,19,-25,19,-25,20,-25,20,-25,23,-26,21,-26,21,-26,23,-25,23,-26,23,-24,21,-23,20,-21,20,-20,19,-19,19,-19,18,-18,18,-18,18,-18,19,-18,18,-20,18,-19,19,-19,18,-23,18,-24,16,-23,13,-19,12,-18,9]"
CSI_DATA,133510,d8:b1:90:d9:de:f0,-63,11,-99,-39,66,56,1975607665,100,0,114,0,"[-31,-12,-33,-15,-33,-17,-32,-20,-37,-23,-32,-23,-32,-25,-29,-24,-28,-24,-24,-23,-23,-22,-23,-23,-23,-23,-22,-23,-23,-23,-23,-22,-23,-23,-25,-23,-24,-23,-24,-24,-24,-25,-25,-25,-23,-24,-23,-23,-23,-22,-23,-22,-21,-21,-22,-20,0,0,-22,-21,-21,-22,-22,-22,-23,-23,-22,-25,-22,-25,-21,-25,-21,-28,-20,-25,-20,-26,-20,-26,-16,-25,-15,-23,-14,-23,-13,-22,-12,-22,-12,-22,-11,-21,-11,-22,-10,-23,-10,-24,-7,-25,-6,-28,-5,-28,-4,-25,-2,-24,1,-23,2,-20]"
CSI_DATA,133511,d8:b1:90:d9:de:f0,-63,11,-99,-36,65,56,1975617722,100,0,114,0,"[31,9,34,11,36,12,36,13,38,15,38,15,35,15,34,13,33,11,33,11,30,9,30,9,31,9,32,8,31,6,33,8,33,4,34,5,34,4,34,2,34,2,34,-1,32,-1,33,-2,32,-4,31,-2,30,-4,32,-5,0,0,30,-6,28,-6,30,-8,32,-9,31,-11,31,-11,31,-12,32,-12,31,-13,31,-13,28,-12,27,-12,26,-11,25,-12,25,-11,24,-11,23,-11,21,-12,24,-12,24,-12,25,-13,25,-13,26,-12,26,-10,26,-10,25,-8,21,-6,20,-4]"
CSI_DATA,133512,d8:b1:90:d9:de:f0,-64,11,-99,-39,66,56,1975627827,100,0,114,0,"[-15,26,-19,29,-21,30,-23,30,-25,32,-25,30,-25,28,-25,25,-22,24,-23,24,-21,22,-21,21,-21,23,-21,23,-20,23,-20,23,-21,24,-21,25,-22,25,-21,25,-19,26,-17,26,-20,25,-15,26,-17,25,-16,25,-14,25,-16,25,0,0,-15,24,-13,26,-13,26,-15,29,-15,29,-16,30,-16,29,-16,30,-15,29,-17,29,-15,26,-15,26,-15,25,-15,23,-13,23,-14,21,-13,21,-14,20,-14,21,-16,21,-17,22,-17,23,-17,23,-19,19,-20,17,-20,15,-19,13,-17,11]"
CSI_DATA,133513,d8:b1:90:d9:de:f0,-64,11,-99,-39,66,56,1975638515,100,0,114,0,"[-30,-13,-33,-14,-35,-15,-37,-17,-38,-17,-37,-19,-34,-17,-32,-17,-32,-13,-31,-13,-29,-12,-29,-12,-30,-12,-30,-10,-30,-10,-31,-8,-31,-6,-32,-6,-33,-5,-31,-3,-34,-2,-33,-1,-32,0,-31,2,-31,2,-31,2,-30,4,-30,5,0,0,-30,6,-29,7,-30,8,-30,11,-31,11,-31,12,-31,12,-30,12,-30,13,-29,13,-29,13,-26,11,-24,12,-23,12,-23,12,-22,12,-20,12,-21,13,-21,13,-23,13,-23,14,-22,14,-23,13,-24,12,-25,12,-23,10,-21,7,-19,5]"
CSI_DATA,133514,d8:b1:90:d9:de:f0,-63,11,-99,-41,66,56,1975657648,100,0,114,0,"[34,10,36,11,39,15,40,16,39,19,39,20,36,20,35,20,34,17,33,16,30,16,30,16,29,16,32,15,30,15,30,14,33,14,32,14,34,14,33,13,33,13,33,10,34,10,33,9,32,9,30,8,30,8,33,5,0,0,30,5,30,5,32,5,33,4,34,5,34,5,35,5,35,4,34,4,35,4,33,5,30,5,29,5,29,4,27,5,26,5,24,4,26,4,26,4,27,4,28,5,27,8,26,9,27,10,27,10,24,11,20,13,16,11]"
CSI_DATA,133515,d8:b1:90:d9:de:f0,-63,11,-99,-40,66,56,1975667843,100,0,114,0,"[-33,12,-36,11,-40,10,-41,8,-43,6,-41,5,-41,2,-39,2,-38,1,-36,0,-34,-1,-34,-1,-34,-1,-33,-2,-33,-3,-33,-2,-34,-2,-36,-2,-34,-2,-36,-2,-34,-2,-34,-1,-35,-4,-33,-2,-33,-3,-31,-2,-31,-3,-32,-2,0,0,-31,-3,-32,-2,-31,-3,-33,-4,-33,-4,-33,-5,-34,-6,-34,-6,-33,-8,-33,-8,-31,-8,-28,-10,-27,-8,-25,-9,-26,-9,-24,-9,-23,-9,-24,-9,-23,-10,-24,-12,-23,-13,-23,-15,-21,-17,-21,-18,-20,-19,-17,-20,-13,-18,-10,-17]"
CSI_DATA,133516,d8:b1:90:d9:de:f0,-63,11,-99,-38,65,56,1975687859,100,0,114,0,"[30,-18,34,-19,37,-18,37,-17,39,-17,39,-15,37,-14,36,-12,35,-13,35,-13,34,-12,34,-11,33,-11,31,-13,31,-12,31,-12,33,-13,34,-14,33,-15,33,-15,31,-14,31,-15,30,-17,29,-15,30,-15,29,-15,28,-15,29,-17,0,0,26,-17,28,-18,28,-19,29,-20,29,-19,29,-20,30,-20,29,-19,29,-19,29,-20,28,-18,26,-17,25,-15,24,-14,24,-14,23,-13,23,-14,23,-14,24,-14,25,-14,26,-13,26,-13,26,-12,29,-11,28,-8,28,-4,25,-3,20,-1]"
CSI_DATA,133517,d8:b1:90:d9:de:f0,-63,11,-99,-40,66,56,1975699151,100,0,114,0,"[-35,0,-36,-1,-39,-2,-40,-3,-42,-4,-39,-4,-39,-5,-38,-5,-36,-3,-34,-4,-33,-3,-33,-3,-33,-1,-32,0,-32,-1,-32,0,-33,1,-34,1,-34,2,-34,3,-33,3,-34,5,-33,5,-32,6,-32,8,-31,8,-28,8,-30,10,0,0,-30,10,-30,11,-28,12,-30,12,-31,13,-31,13,-31,13,-32,13,-32,15,-31,16,-30,16,-27,13,-25,12,-24,12,-23,13,-23,12,-21,12,-21,12,-23,12,-25,11,-26,12,-26,11,-26,11,-27,11,-27,10,-26,8,-23,5,-20,4]"
CSI_DATA,133518,d8:b1:90:d9:de:f0,-64,9,-99,-39,66,56,1975714473,98,0,106,0,"[-88,15,-135,0,-98,15,-71,0,-50,15,-51,0,20,16,-72,0,95,16,-85,0,-130,16,-65,0,-109,16,-49,0,-98,16,-41,0,-116,16,-53,0,-123,16,-106,0,-100,16,83,0,-35,16,-10,16,65,0,-61,16,0,0,0,0,-37,0,-57,16,17,1,-28,16,14,1,8,0,-44,0,12,0,-105,0,-25,16,126,0,-105,16,112,0,133,16,134,0,109,16,-118,0,117,16,-77,0,-122,16,-87,0,-42,16,-129,0,42,0,75,0]"
CSI_DATA,133519,d8:b1:90:d9:de:f0,-63,11,-99,-39,66,56,1975727896,100,0,114,0,"[16,-28,21,-30,24,-31,26,-30,29,-29,30,-28,30,-24,30,-23,29,-22,28,-20,28,-19,26,-17,28,-19,28,-17,26,-17,26,-17,26,-17,28,-17,29,-16,29,-17,29,-17,29,-17,26,-16,26,-16,26,-16,26,-16,24,-14,26,-15,0,0,25,-16,26,-14,26,-15,28,-15,29,-15,30,-15,30,-14,30,-14,30,-12,30,-13,29,-12,28,-10,26,-10,25,-8,25,-6,25,-6,24,-5,24,-5,26,-4,26,-3,26,-2,28,-1,26,0,28,1,28,5,25,5,22,5,19,7]"
CSI_DATA,133520,d8:b1:90:d9:de:f0,-63,11,-99,-40,66,56,1975740404,100,0,114,0,"[33,1,36,3,39,4,40,4,41,4,41,3,38,5,38,4,38,2,35,2,33,1,33,1,33,-1,33,-2,32,-3,32,-3,32,-5,33,-5,33,-8,32,-8,33,-11,32,-12,30,-12,28,-15,30,-13,27,-15,26,-17,25,-17,0,0,25,-18,23,-20,23,-20,24,-24,24,-25,23,-25,21,-26,23,-26,20,-25,21,-26,19,-25,18,-25,16,-23,16,-23,15,-21,15,-21,13,-21,13,-21,13,-23,13,-23,15,-24,13,-24,13,-23,16,-24,16,-23,16,-21,16,-20,13,-16]"
CSI_DATA,133521,d8:b1:90:d9:de:f0,-63,11,-99,-41,66,56,1975757820,100,0,114,0,"[5,33,3,38,1,41,0,42,-2,42,-4,41,-4,40,-5,38,-5,38,-8,35,-8,34,-8,33,-8,33,-8,33,-9,33,-9,34,-8,34,-9,34,-10,35,-9,35,-8,36,-8,34,-9,34,-8,33,-9,34,-8,33,-9,32,-9,29,0,0,-8,32,-8,32,-9,33,-10,34,-10,34,-10,35,-11,34,-13,34,-13,33,-13,32,-13,29,-13,29,-14,28,-13,27,-13,24,-14,23,-14,22,-14,22,-14,22,-17,21,-17,21,-20,22,-20,21,-21,19,-23,16,-23,14,-21,11,-20,8]"
CSI_DATA,133522,d8:b1:90:d9:de:f0,-63,11,-99,-41,66,56,1975777653,100,0,114,0,"[8,-35,10,-38,11,-40,14,-41,15,-40,15,-40,15,-38,15,-38,14,-34,14,-33,14,-32,13,-30,13,-32,11,-32,11,-32,10,-30,10,-34,10,-34,10,-34,10,-34,8,-36,7,-36,7,-35,5,-34,5,-33,4,-33,2,-32,2,-32,0,0,2,-32,1,-32,1,-33,1,-34,0,-36,0,-35,0,-36,1,-36,1,-35,0,-34,2,-33,0,-33,1,-29,0,-29,1,-26,1,-27,0,-26,1,-24,1,-26,2,-27,2,-27,2,-28,3,-29,4,-28,5,-26,7,-24,8,-22,8,-20]"
CSI_DATA,133523,d8:b1:90:d9:de:f0,-63,11,-99,-41,66,56,1975787870,100,0,114,0,"[34,1,40,1,42,4,42,7,42,9,42,11,40,11,39,11,35,13,34,13,33,13,32,13,32,13,30,13,30,14,33,15,32,15,32,14,33,14,32,14,33,14,32,14,32,15,32,13,32,14,29,14,30,14,30,14,0,0,30,13,28,14,30,15,30,15,32,16,30,17,32,17,32,17,30,19,29,17,28,17,27,20,26,19,24,17,22,16,21,19,20,16,21,17,19,17,20,20,19,21,17,22,16,23,15,24,14,24,11,24,8,22,5,20]"
CSI_DATA,133524,d8:b1:90:d9:de:f0,-63,11,-99,-41,66,56,1975807697,100,0,114,0,"[-36,-2,-40,-4,-42,-5,-43,-8,-42,-5,-42,-7,-40,-8,-38,-9,-36,-8,-35,-9,-34,-8,-33,-7,-33,-7,-33,-5,-34,-7,-34,-4,-35,-4,-35,-5,-38,-4,-36,-3,-36,-2,-35,-1,-35,-1,-33,0,-34,-1,-32,0,-33,1,-33,1,0,0,-32,3,-32,3,-33,4,-34,4,-33,4,-33,4,-33,4,-35,4,-35,4,-34,4,-33,4,-30,3,-29,4,-28,4,-27,3,-27,3,-26,4,-26,4,-27,4,-27,2,-27,2,-28,2,-26,0,-28,-1,-29,-2,-26,-4,-22,-4,-21,-5]"
CSI_DATA,133525,d8:b1:90:d9:de:f0,-63,11,-99,-41,66,56,1975817825,100,0,114,0,"[4,-35,7,-39,10,-41,13,-42,13,-41,14,-40,15,-36,16,-35,15,-35,16,-33,16,-30,16,-30,17,-30,17,-29,17,-29,17,-30,17,-30,19,-32,19,-33,17,-32,16,-30,16,-33,17,-32,15,-30,16,-28,15,-29,15,-27,16,-28,0,0,15,-28,15,-28,16,-29,16,-29,16,-29,17,-30,17,-29,19,-30,20,-28,20,-28,19,-26,19,-24,19,-23,17,-22,17,-20,19,-20,19,-20,19,-19,17,-19,20,-16,21,-16,22,-16,22,-16,24,-14,26,-10,24,-8,23,-7,21,-4]"
CSI_DATA,133526,d8:b1:90:d9:de:f0,-63,11,-99,-40,66,56,1975837894,100,0,114,0,"[-11,-33,-10,-36,-10,-41,-9,-42,-8,-42,-6,-41,-5,-38,-4,-36,-4,-35,-4,-34,-4,-33,-3,-32,-3,-34,-4,-33,-5,-34,-5,-33,-6,-34,-6,-34,-6,-35,-8,-33,-8,-35,-9,-34,-10,-34,-10,-33,-9,-32,-10,-32,-11,-30,-11,-30,0,0,-11,-30,-13,-31,-13,-31,-13,-32,-15,-33,-13,-33,-15,-33,-15,-34,-15,-32,-13,-32,-13,-31,-11,-30,-11,-27,-11,-26,-10,-25,-9,-26,-9,-25,-9,-25,-9,-25,-8,-24,-9,-25,-8,-27,-6,-28,-5,-30,-3,-27,-3,-26,0,-25,1,-20]"
CSI_DATA,133527,d8:b1:90:d9:de:f0,-63,11,-99,-42,66,56,1975857740,100,0,114,0,"[23,-29,25,-30,28,-31,29,-31,30,-33,29,-31,29,-30,28,-29,24,-28,24,-28,22,-25,22,-26,22,-28,22,-28,19,-29,18,-30,17,-30,18,-31,15,-33,14,-33,13,-34,12,-35,9,-35,8,-34,8,-35,7,-33,6,-31,3,-31,0,0,1,-34,1,-34,1,-34,-1,-35,-2,-36,-1,-37,-3,-36,-3,-37,-4,-35,-4,-35,-4,-34,-4,-33,-6,-30,-6,-29,-6,-28,-6,-26,-7,-25,-4,-25,-7,-25,-6,-28,-7,-28,-7,-29,-7,-30,-4,-29,-2,-28,-3,-26,-2,-25,0,-22]"
CSI_DATA,133528,d8:b1:90:d9:de:f0,-63,11,-99,-40,66,56,1975874339,100,0,114,0,"[4,34,3,36,0,40,-1,41,-2,43,-3,41,-4,41,-5,38,-4,36,-5,34,-4,32,-5,32,-5,33,-5,33,-4,33,-5,34,-4,34,-5,34,-4,35,-3,34,-4,35,-3,35,-2,34,-1,34,-3,33,-3,32,-1,32,-2,32,0,0,1,30,-1,33,-1,33,-1,33,-1,34,-1,35,-1,34,-1,35,-2,33,-2,33,-1,32,-2,32,-3,30,-2,27,-3,25,-4,26,-4,25,-4,24,-4,25,-5,25,-5,25,-8,26,-8,27,-10,27,-11,24,-12,21,-13,19,-13,16]"
CSI_DATA,133529,d8:b1:90:d9:de:f0,-63,11,-99,-40,66,56,1975887646,100,0,114,0,"[-9,33,-11,38,-13,40,-15,40,-15,40,-13,39,-15,36,-13,36,-11,36,-11,34,-11,33,-10,32,-9,34,-6,33,-6,34,-5,35,-3,35,-2,35,-2,36,0,35,1,35,2,35,3,33,4,33,5,32,8,32,9,30,9,28,0,0,11,31,12,30,12,30,15,30,17,31,17,32,18,30,18,32,19,28,18,28,19,27,18,26,18,25,17,23,17,21,16,21,17,20,17,19,17,19,17,20,19,20,19,21,20,23,18,24,15,21,15,21,12,21,9,18]"
CSI_DATA,133530,d8:b1:90:d9:de:f0,-63,11,-99,-40,66,56,1975897721,100,0,114,0,"[-20,27,-23,30,-26,30,-26,30,-27,30,-26,28,-27,26,-27,25,-25,25,-25,24,-24,23,-25,23,-23,23,-24,24,-21,24,-24,23,-20,25,-23,26,-20,27,-21,27,-20,28,-18,28,-18,28,-16,27,-18,27,-16,27,-15,26,-16,27,0,0,-15,26,-13,28,-12,30,-13,32,-13,32,-12,33,-13,33,-15,33,-12,32,-13,32,-12,31,-12,28,-11,26,-11,25,-11,26,-11,25,-10,25,-12,24,-11,25,-12,25,-12,25,-13,27,-15,27,-16,25,-17,21,-17,19,-17,18,-15,15]"
CSI_DATA,133531,d8:b1:90:d9:de:f0,-63,11,-99,-42,66,56,1975908104,100,0,114,0,"[24,-28,28,-29,33,-29,35,-28,36,-26,36,-24,36,-22,35,-20,33,-18,33,-17,33,-15,30,-14,30,-14,31,-14,30,-13,31,-13,34,-14,34,-14,35,-13,35,-14,35,-14,34,-15,34,-14,33,-13,33,-14,30,-13,30,-12,31,-13,0,0,30,-11,31,-12,31,-12,33,-11,33,-11,34,-11,34,-9,35,-9,34,-8,35,-8,33,-7,30,-6,28,-4,29,-3,26,-3,28,-2,26,-1,26,-1,28,0,28,1,29,1,29,3,28,4,28,6,28,8,25,9,20,9,17,12]"
CSI_DATA,133532,d8:b1:90:d9:de:f0,-63,11,-99,-40,66,56,1975928104,100,0,114,0,"[-24,-25,-24,-28,-24,-31,-23,-33,-24,-35,-21,-34,-19,-35,-17,-33,-18,-31,-17,-32,-16,-30,-16,-30,-16,-30,-17,-28,-17,-28,-16,-28,-17,-28,-19,-30,-19,-31,-18,-28,-19,-30,-20,-30,-19,-28,-19,-27,-19,-26,-19,-25,-19,-24,-19,-23,0,0,-20,-23,-21,-24,-23,-25,-23,-25,-23,-25,-23,-26,-23,-25,-24,-27,-23,-25,-23,-25,-21,-25,-20,-24,-18,-23,-18,-21,-18,-20,-17,-19,-16,-20,-15,-18,-16,-19,-15,-21,-16,-23,-16,-24,-15,-25,-13,-27,-13,-25,-9,-24,-6,-24,-4,-20]"
CSI_DATA,133533,d8:b1:90:d9:de:f0,-63,11,-99,-38,65,56,1975948098,100,0,114,0,"[17,34,17,37,15,40,15,41,15,41,15,39,13,37,12,36,13,36,13,36,12,33,13,33,14,31,15,30,15,31,17,31,17,30,18,31,19,30,20,29,23,29,24,29,22,28,23,26,24,24,24,24,24,22,25,22,0,0,28,19,26,19,26,19,30,18,30,19,30,19,31,18,31,19,30,17,31,15,30,14,29,15,28,14,26,12,25,11,24,11,23,11,23,9,24,9,25,12,26,12,26,14,26,14,25,13,24,13,22,13,19,14,15,13]"
CSI_DATA,133534,d8:b1:90:d9:de:f0,-63,11,-99,-38,65,56,1975971891,100,0,114,0,"[-31,-14,-36,-17,-36,-18,-36,-20,-40,-20,-39,-20,-36,-22,-36,-19,-35,-18,-34,-17,-31,-14,-30,-14,-33,-13,-33,-13,-34,-11,-33,-11,-34,-9,-35,-9,-37,-8,-36,-7,-37,-4,-36,-4,-36,-2,-35,-1,-34,0,-34,1,-31,1,-33,3,0,0,-33,6,-31,6,-33,7,-31,7,-34,9,-34,9,-33,9,-34,9,-33,11,-34,12,-31,13,-29,11,-26,11,-24,11,-24,12,-25,11,-23,11,-24,12,-25,12,-24,11,-25,12,-24,11,-25,11,-28,11,-28,9,-26,8,-23,6,-20,4]"
CSI_DATA,133535,d8:b1:90:d9:de:f0,-63,11,-99,-41,66,56,1975987694,100,0,114,0,"[28,23,29,26,30,29,30,33,29,32,27,32,26,32,24,30,23,28,23,28,22,27,22,26,24,27,23,26,24,26,26,27,27,26,26,26,27,24,27,23,28,23,29,22,28,21,28,21,27,19,27,17,27,17,28,16,0,0,28,16,27,15,29,15,30,15,32,15,30,17,33,16,32,17,32,15,30,14,30,13,28,15,27,13,24,13,23,13,24,11,23,11,23,10,23,11,23,13,24,13,24,15,23,15,23,17,23,16,21,16,16,16,14,15]"
CSI_DATA,133536,d8:b1:90:d9:de:f0,-63,11,-99,-41,66,56,1975997722,100,0,114,0,"[27,23,29,27,30,30,28,33,28,34,24,35,23,34,21,33,20,32,19,32,17,28,16,29,17,32,17,30,17,30,19,32,17,30,19,32,17,32,17,30,19,32,19,30,17,32,19,29,16,28,16,28,16,26,17,27,0,0,16,26,17,27,17,28,17,29,19,29,17,32,16,32,17,32,16,30,15,28,14,29,13,28,11,26,10,24,10,24,10,24,8,24,9,23,9,24,5,24,7,26,5,27,4,28,2,29,1,26,-1,24,-3,23,-4,20]"
CSI_DATA,133537,d8:b1:90:d9:de:f0,-63,11,-99,-36,65,56,1976017727,100,0,114,0,"[-6,34,-9,38,-10,39,-13,39,-13,41,-13,40,-15,38,-15,36,-13,35,-13,34,-11,32,-12,33,-12,33,-11,32,-9,32,-9,32,-9,33,-9,34,-8,35,-8,34,-6,36,-5,36,-5,34,-3,34,-4,33,-3,33,-2,32,-1,30,0,0,-1,32,0,32,1,32,0,33,2,34,1,34,2,34,2,35,2,33,0,33,2,32,1,32,2,28,2,27,2,26,2,25,1,25,1,25,2,25,0,26,0,28,0,27,0,30,-3,28,-3,25,-4,24,-5,24,-6,19]"
CSI_DATA,133538,d8:b1:90:d9:de:f0,-63,11,-99,-38,65,56,1976027768,100,0,114,0,"[12,-33,14,-36,18,-39,20,-37,22,-39,23,-37,24,-34,23,-33,23,-31,24,-30,23,-29,23,-28,22,-26,22,-26,20,-26,23,-26,24,-29,24,-29,24,-30,23,-30,23,-30,22,-29,22,-29,20,-29,22,-28,19,-25,20,-25,19,-24,0,0,19,-26,20,-26,20,-26,20,-26,20,-26,22,-28,22,-26,23,-26,23,-26,24,-25,22,-23,22,-23,20,-20,19,-19,19,-19,20,-17,19,-15,19,-14,19,-15,22,-15,23,-14,24,-15,23,-14,25,-11,28,-8,25,-6,23,-6,22,-3]"
CSI_DATA,133539,d8:b1:90:d9:de:f0,-63,11,-99,-40,66,56,1976047886,100,0,114,0,"[8,-33,10,-35,12,-38,15,-38,15,-40,15,-39,17,-36,16,-35,15,-34,15,-34,13,-32,15,-32,12,-30,12,-31,11,-31,12,-31,11,-34,11,-34,11,-34,10,-34,9,-35,9,-35,9,-34,5,-33,8,-33,5,-31,5,-31,4,-30,0,0,3,-31,3,-32,3,-32,3,-33,2,-34,3,-34,2,-35,3,-34,2,-33,4,-33,3,-32,2,-31,3,-28,2,-27,3,-25,3,-25,3,-25,3,-24,3,-24,4,-25,4,-26,4,-27,5,-27,8,-26,10,-25,10,-23,10,-20,11,-17]"
CSI_DATA,133540,d8:b1:90:d9:de:f0,-63,11,-99,-41,66,56,1976067643,100,0,114,0,"[35,-3,39,-3,41,-3,42,-3,45,-3,45,-3,42,-2,42,-2,38,-4,36,-3,34,-4,35,-4,35,-5,34,-7,34,-8,33,-10,34,-13,35,-13,35,-15,34,-16,33,-17,30,-19,30,-19,27,-20,27,-19,24,-19,23,-19,23,-20,0,0,21,-23,20,-24,20,-24,20,-27,20,-27,20,-28,17,-29,19,-29,17,-29,19,-29,17,-28,15,-27,13,-24,13,-24,11,-23,11,-23,10,-22,10,-23,10,-23,10,-23,11,-24,10,-24,10,-24,13,-23,14,-22,13,-21,11,-19,10,-15]"
CSI_DATA,133541,d8:b1:90:d9:de:f0,-63,11,-99,-40,66,56,1976077801,100,0,114,0,"[-30,-17,-31,-20,-32,-23,-32,-24,-35,-26,-33,-26,-31,-26,-28,-25,-28,-21,-27,-21,-25,-20,-25,-21,-26,-20,-26,-19,-25,-20,-26,-19,-28,-18,-28,-19,-28,-19,-28,-17,-31,-19,-32,-17,-30,-16,-30,-15,-30,-13,-28,-15,-26,-12,-28,-11,0,0,-30,-10,-28,-10,-28,-10,-31,-10,-31,-11,-32,-10,-32,-10,-33,-11,-32,-9,-32,-9,-30,-10,-27,-11,-26,-9,-25,-8,-24,-9,-24,-8,-23,-8,-24,-8,-24,-8,-23,-10,-25,-9,-24,-11,-24,-12,-24,-13,-21,-13,-19,-13,-17,-15,-13,-13]"
CSI_DATA,133542,d8:b1:90:d9:de:f0,-63,11,-99,-40,66,56,1976097953,100,0,114,0,"[33,-3,36,-1,39,-1,40,-1,42,-1,42,-1,40,0,39,1,36,-2,36,-1,33,-3,33,-2,34,-4,32,-4,32,-5,32,-5,33,-8,34,-8,34,-10,33,-11,34,-12,33,-15,31,-15,28,-16,28,-15,27,-16,26,-17,25,-16,0,0,24,-19,24,-19,24,-20,24,-23,24,-24,24,-25,23,-25,24,-25,21,-24,21,-24,21,-24,19,-23,18,-23,17,-23,17,-21,17,-20,16,-19,15,-21,15,-20,16,-21,17,-23,16,-23,16,-21,19,-19,19,-19,19,-18,17,-16,16,-13]"
CSI_DATA,133543,d8:b1:90:d9:de:f0,-63,11,-99,-39,66,56,1976117643,100,0,114,0,"[16,-30,20,-32,22,-33,24,-33,26,-33,26,-31,28,-30,26,-26,26,-29,25,-25,24,-23,25,-24,24,-22,24,-23,23,-22,24,-22,23,-23,25,-24,24,-24,25,-24,24,-24,23,-25,23,-23,21,-24,23,-24,21,-23,21,-23,21,-22,0,0,19,-22,21,-24,20,-24,22,-24,22,-23,22,-24,23,-23,23,-24,23,-23,24,-23,23,-21,21,-19,21,-19,20,-17,20,-16,19,-16,20,-15,20,-14,20,-13,22,-13,23,-13,24,-13,24,-12,24,-8,24,-6,23,-4,22,-4,20,-1]"
CSI_DATA,133544,d8:b1:90:d9:de:f0,-63,11,-99,-37,65,56,1976127759,100,0,114,0,"[35,7,39,8,42,10,43,10,43,10,42,10,41,10,39,9,39,7,39,8,36,5,36,7,35,4,35,3,34,2,35,1,36,-1,36,-1,36,-2,36,-3,36,-7,35,-7,35,-9,34,-9,33,-11,30,-11,30,-11,30,-13,0,0,29,-15,27,-16,27,-16,29,-19,28,-20,29,-20,29,-21,29,-21,27,-20,27,-21,24,-21,22,-19,21,-20,19,-19,20,-19,20,-17,17,-19,19,-19,17,-19,20,-20,20,-20,19,-20,20,-19,20,-17,21,-17,21,-16,19,-13,17,-10]"
CSI_DATA,133545,d8:b1:90:d9:de:f0,-63,11,-99,-42,66,56,1976147781,100,0,114,0,"[-33,14,-36,13,-41,13,-41,11,-46,9,-44,7,-44,6,-41,4,-40,4,-39,3,-36,2,-36,2,-35,1,-35,1,-35,0,-36,1,-35,1,-37,2,-36,1,-37,3,-35,3,-35,2,-35,2,-33,2,-35,3,-33,3,-31,2,-31,3,0,0,-31,2,-31,3,-31,3,-34,2,-33,1,-35,1,-34,1,-35,1,-34,1,-34,0,-33,0,-30,-2,-29,-2,-26,-1,-28,-2,-25,-3,-24,-3,-24,-3,-25,-4,-25,-6,-26,-7,-25,-8,-25,-9,-24,-12,-24,-13,-20,-14,-18,-13,-14,-12]"
CSI_DATA,133546,d8:b1:90:d9:de:f0,-63,11,-99,-41,66,56,1976167876,100,0,114,0,"[-24,27,-28,28,-32,29,-34,29,-34,28,-34,27,-33,23,-33,22,-29,23,-29,23,-29,21,-29,20,-28,22,-27,21,-27,22,-27,22,-27,24,-28,23,-27,26,-26,24,-26,24,-23,26,-22,26,-21,27,-23,26,-22,26,-20,26,-20,26,0,0,-17,26,-19,26,-19,27,-19,27,-20,28,-19,28,-17,28,-20,29,-20,28,-19,27,-19,26,-17,24,-16,24,-16,22,-16,21,-15,21,-14,20,-15,19,-15,20,-16,20,-17,20,-19,20,-17,20,-19,17,-20,15,-20,14,-19,13,-16,9]"
CSI_DATA,133547,d8:b1:90:d9:de:f0,-63,9,-99,-41,66,56,1976184917,120,0,106,0,"[89,1,115,17,96,1,52,17,47,1,36,17,-16,0,58,17,-77,0,71,17,-127,0,72,17,-149,0,53,17,-150,0,51,17,-146,0,77,17,142,0,140,17,91,0,-77,17,8,0,1,0,-93,17,30,0,0,0,0,0,29,17,-30,17,-7,16,-78,17,7,17,-118,17,43,17,-108,17,92,17,-53,17,124,17,24,0,122,17,72,0,110,17,91,0,93,17,68,0,89,17,22,0,133,17,-29,17,-78,17,-77,17,28,0]"
CSI_DATA,133548,d8:b1:90:d9:de:f0,-63,11,-99,-39,66,56,1976197690,100,0,114,0,"[30,-16,33,-15,37,-16,38,-16,40,-16,38,-15,37,-12,37,-11,33,-14,33,-12,30,-12,31,-11,32,-13,30,-13,30,-13,31,-14,30,-14,32,-16,30,-16,30,-15,30,-17,28,-19,26,-17,24,-20,25,-17,25,-17,24,-19,23,-19,0,0,22,-19,22,-21,21,-21,23,-22,23,-22,23,-23,23,-23,23,-23,23,-23,23,-22,22,-22,20,-19,19,-19,17,-17,19,-16,17,-16,17,-14,17,-16,17,-15,19,-15,19,-15,20,-16,20,-14,22,-14,23,-12,21,-10,20,-10,17,-5]"
CSI_DATA,133549,d8:b1:90:d9:de:f0,-64,11,-99,-39,66,56,1976209494,100,0,114,0,"[33,-2,38,-1,40,-1,41,1,41,0,40,2,39,2,38,3,35,1,35,0,32,1,32,1,34,0,33,0,33,-1,33,-2,33,-3,34,-3,34,-4,33,-4,34,-5,33,-6,31,-7,31,-8,30,-7,28,-8,29,-8,29,-10,0,0,26,-12,28,-12,28,-13,29,-13,30,-13,30,-13,29,-15,29,-15,29,-15,29,-14,26,-14,24,-13,23,-13,22,-12,21,-11,21,-10,21,-11,21,-10,22,-11,22,-10,23,-11,22,-8,23,-7,25,-7,26,-7,23,-5,21,-3,19,-1]"
CSI_DATA,133550,d8:b1:90:d9:de:f0,-63,11,-99,-41,66,56,1976227794,100,0,114,0,"[20,29,21,33,21,36,21,39,20,41,19,39,17,39,16,36,15,34,16,33,14,33,15,32,15,30,16,32,15,30,16,33,19,32,17,33,19,32,20,32,19,29,20,29,21,28,21,28,21,26,21,26,21,24,21,22,0,0,22,23,21,23,21,22,24,23,24,24,24,24,26,24,23,24,24,23,23,22,21,21,21,22,19,21,17,21,17,19,16,19,16,17,15,17,16,17,16,19,17,20,16,22,16,23,15,22,13,23,11,21,8,21,4,19]"
CSI_DATA,133551,d8:b1:90:d9:de:f0,-64,9,-99,-39,66,56,1976247737,98,0,106,0,"[113,1,134,16,126,1,85,16,86,1,62,16,23,1,80,16,-34,0,87,16,-72,0,97,16,-98,0,84,16,-104,0,89,16,-105,0,126,16,-132,0,-109,16,80,0,-39,16,0,0,7,0,-104,16,15,0,0,0,0,0,35,16,-70,16,8,16,-125,16,21,16,133,16,58,16,-139,16,94,16,-87,16,108,16,-14,16,104,16,28,0,87,16,30,0,81,16,14,0,95,16,-22,16,-133,16,-56,16,-48,16,-74,16,47,0]"
CSI_DATA,133552,d8:b1:90:d9:de:f0,-63,11,-99,-40,66,56,1976267901,100,0,114,0,"[31,16,32,19,33,21,32,25,35,28,33,27,31,28,27,28,26,26,24,26,23,24,21,25,21,26,20,25,21,26,21,26,21,26,23,27,24,26,23,26,23,27,23,26,21,25,21,24,21,24,20,24,19,23,20,24,0,0,19,23,20,23,20,23,20,25,20,26,20,27,20,26,18,28,18,26,18,27,16,26,13,26,13,24,12,23,11,23,11,23,10,23,9,23,9,23,8,24,8,25,5,26,3,27,2,26,1,25,-1,24,-3,23,-4,18]"
CSI_DATA,133553,d8:b1:90:d9:de:f0,-63,11,-99,-40,66,56,1976278052,100,0,114,0,"[4,-35,6,-40,8,-41,9,-42,10,-46,9,-45,10,-42,10,-41,6,-39,8,-35,5,-33,6,-33,4,-35,5,-35,4,-35,3,-35,0,-35,0,-36,-2,-36,-2,-36,-2,-36,-5,-36,-4,-33,-6,-33,-6,-33,-8,-32,-8,-30,-9,-30,0,0,-12,-30,-12,-28,-12,-28,-15,-28,-15,-31,-15,-31,-16,-30,-15,-30,-16,-28,-15,-27,-15,-28,-13,-26,-13,-24,-12,-23,-12,-20,-13,-21,-12,-21,-12,-20,-12,-20,-12,-20,-12,-21,-12,-23,-11,-24,-11,-25,-9,-21,-8,-21,-5,-20,-3,-19]"
CSI_DATA,133554,d8:b1:90:d9:de:f0,-64,11,-99,-39,66,56,1976297744,100,0,114,0,"[3,-34,5,-37,8,-40,10,-39,12,-41,12,-39,14,-38,14,-35,13,-34,14,-33,12,-31,14,-30,14,-31,14,-30,13,-30,14,-30,13,-30,14,-32,13,-31,14,-32,14,-32,13,-33,13,-32,12,-30,12,-29,11,-28,11,-28,11,-28,0,0,11,-28,11,-29,11,-28,12,-29,11,-29,12,-30,13,-28,15,-30,15,-29,16,-28,15,-28,15,-24,15,-22,14,-21,15,-20,14,-19,14,-19,15,-16,15,-17,17,-16,19,-16,19,-17,20,-17,21,-14,22,-12,22,-10,21,-8,17,-6]"
CSI_DATA,133555,d8:b1:90:d9:de:f0,-63,11,-99,-40,66,56,1976310336,100,0,114,0,"[-35,1,-41,1,-43,1,-46,0,-46,0,-45,0,-43,-1,-42,1,-39,2,-38,1,-35,2,-34,4,-35,6,-34,6,-33,9,-33,10,-34,11,-34,11,-35,15,-33,15,-32,17,-31,18,-28,18,-26,19,-25,19,-24,21,-21,20,-21,20,0,0,-19,25,-19,24,-19,26,-18,26,-18,28,-18,28,-17,27,-16,28,-16,27,-15,27,-12,27,-12,27,-11,25,-10,25,-9,23,-10,21,-8,23,-8,23,-9,23,-10,23,-10,23,-9,24,-9,24,-11,24,-12,23,-12,20,-11,19,-11,17]"
CSI_DATA,133556,d8:b1:90:d9:de:f0,-63,11,-99,-39,66,56,1976327721,100,0,114,0,"[-19,30,-23,32,-26,33,-28,33,-29,32,-31,32,-30,28,-30,26,-28,25,-28,23,-25,22,-26,21,-28,21,-28,20,-26,20,-26,21,-26,22,-26,23,-29,22,-28,22,-26,22,-25,23,-25,22,-23,21,-25,21,-24,21,-23,20,-22,19,0,0,-23,20,-22,19,-23,20,-22,20,-23,20,-24,20,-24,20,-25,19,-24,17,-25,17,-25,14,-24,13,-22,12,-22,12,-22,11,-21,10,-21,8,-21,7,-22,8,-23,7,-23,6,-23,5,-23,4,-25,2,-24,0,-24,-1,-21,-1,-19,-3]"
CSI_DATA,133557,d8:b1:90:d9:de:f0,-64,11,-99,-38,66,56,1976347646,100,0,114,0,"[32,-10,37,-10,39,-9,41,-8,41,-7,39,-6,38,-4,38,-5,37,-5,35,-4,32,-5,31,-5,32,-6,31,-6,32,-7,31,-7,33,-7,33,-7,32,-9,32,-9,31,-10,31,-13,30,-13,28,-13,27,-14,26,-14,25,-11,25,-14,0,0,25,-14,23,-14,23,-14,23,-16,25,-17,26,-16,26,-16,26,-16,27,-15,26,-16,23,-15,23,-13,21,-13,20,-11,20,-10,19,-9,19,-10,20,-10,21,-9,21,-10,21,-9,22,-8,21,-8,23,-7,23,-5,23,-2,20,-2,19,0]"
CSI_DATA,133558,d8:b1:90:d9:de:f0,-63,11,-99,-40,66,56,1976357791,100,0,114,0,"[36,2,41,4,42,6,45,9,43,11,41,12,39,13,38,15,38,15,34,16,33,15,32,15,32,13,31,13,31,15,31,15,32,15,33,16,33,15,33,15,33,15,33,15,31,15,31,12,30,12,30,11,27,12,28,11,0,0,26,11,26,12,27,12,28,11,28,15,27,15,27,16,27,16,26,17,26,17,26,16,24,17,20,16,20,16,19,15,18,16,17,16,17,16,17,17,16,19,15,20,15,21,13,23,12,24,11,21,8,21,4,21,3,19]"
CSI_DATA,133559,d8:b1:90:d9:de:f0,-63,11,-99,-40,66,56,1976369303,100,0,114,0,"[-9,34,-11,36,-15,39,-16,40,-17,41,-18,40,-19,39,-17,35,-16,34,-17,33,-17,31,-17,31,-16,30,-16,30,-16,30,-16,31,-16,32,-16,32,-15,31,-15,32,-15,32,-13,32,-13,32,-11,31,-12,30,-10,28,-10,27,-10,27,0,0,-10,28,-10,28,-9,28,-10,31,-10,30,-11,31,-11,31,-12,30,-12,28,-13,28,-12,27,-12,25,-11,25,-11,23,-12,21,-11,19,-12,20,-12,19,-12,19,-15,18,-15,19,-16,19,-16,20,-19,18,-20,15,-20,13,-19,12,-17,9]"
CSI_DATA,133560,d8:b1:90:d9:de:f0,-64,11,-99,-38,66,56,1976391685,100,0,114,0,"[-11,-33,-13,-37,-13,-39,-11,-40,-11,-41,-13,-38,-11,-39,-10,-37,-11,-35,-10,-34,-9,-31,-11,-32,-14,-30,-15,-29,-16,-29,-16,-29,-17,-29,-19,-29,-19,-27,-21,-27,-21,-26,-21,-26,-20,-25,-22,-20,-22,-21,-23,-17,-23,-17,-22,-16,0,0,-23,-14,-25,-15,-25,-13,-27,-13,-26,-13,-27,-14,-27,-14,-27,-13,-26,-11,-27,-10,-26,-8,-23,-10,-22,-8,-20,-7,-21,-7,-20,-6,-20,-6,-19,-6,-20,-7,-20,-7,-21,-8,-21,-9,-22,-10,-22,-9,-21,-9,-18,-9,-17,-11,-15,-10]"
CSI_DATA,133561,d8:b1:90:d9:de:f0,-64,11,-99,-38,66,56,1976403451,100,0,114,0,"[33,-1,38,-1,40,0,41,0,42,-1,40,0,40,0,37,-1,37,-2,35,-3,33,-4,33,-4,32,-5,33,-6,31,-8,30,-8,31,-9,32,-10,32,-11,31,-13,30,-16,29,-16,28,-17,25,-19,26,-19,22,-18,21,-18,20,-19,0,0,19,-21,19,-22,18,-21,18,-23,16,-25,18,-25,17,-25,16,-25,16,-25,15,-26,15,-23,13,-22,11,-20,10,-20,10,-19,11,-19,9,-19,11,-19,9,-19,11,-20,11,-21,11,-21,10,-21,13,-20,14,-20,14,-18,13,-17,11,-14]"
CSI_DATA,133562,d8:b1:90:d9:de:f0,-64,11,-99,-37,66,56,1976417761,100,0,114,0,"[-18,-29,-18,-32,-18,-36,-15,-39,-13,-39,-11,-38,-10,-37,-9,-36,-9,-36,-7,-33,-6,-31,-7,-32,-6,-31,-7,-32,-7,-31,-6,-31,-6,-33,-6,-32,-6,-32,-5,-31,-7,-33,-7,-32,-7,-31,-7,-31,-6,-30,-6,-28,-6,-27,-6,-27,0,0,-5,-27,-6,-28,-5,-27,-6,-28,-5,-29,-4,-29,-4,-29,-3,-30,-2,-29,-2,-27,0,-27,-1,-26,0,-24,1,-24,1,-22,3,-22,2,-20,4,-20,3,-21,5,-21,6,-22,7,-23,8,-23,9,-22,12,-19,12,-19,13,-15,12,-13]"
CSI_DATA,133563,d8:b1:90:d9:de:f0,-64,11,-99,-39,66,56,1976437786,100,0,114,0,"[-35,-4,-39,-5,-41,-7,-42,-10,-43,-10,-41,-11,-40,-13,-38,-12,-37,-10,-35,-11,-33,-10,-33,-10,-33,-8,-33,-8,-32,-10,-32,-8,-33,-6,-35,-7,-34,-6,-34,-5,-33,-4,-32,-3,-32,-3,-31,-2,-32,-2,-29,-2,-29,-1,-30,0,0,0,-29,1,-28,1,-28,1,-29,0,-29,1,-29,0,-30,0,-30,0,-29,1,-30,0,-28,0,-25,-1,-25,-1,-24,-1,-23,-1,-22,-2,-22,-2,-21,-1,-22,-2,-23,-3,-24,-4,-23,-5,-24,-7,-24,-7,-24,-7,-22,-10,-19,-11,-15,-10]"
CSI_DATA,133564,d8:b1:90:d9:de:f0,-64,11,-99,-38,66,56,1976447920,100,0,114,0,"[5,34,3,39,1,42,0,43,-2,44,-4,42,-5,41,-7,40,-6,38,-6,35,-6,33,-8,33,-8,32,-7,32,-7,32,-8,32,-8,33,-9,33,-9,33,-8,33,-9,32,-8,33,-8,32,-8,31,-7,30,-6,28,-7,27,-6,26,0,0,-6,27,-6,26,-8,27,-8,26,-8,27,-10,28,-9,28,-13,27,-11,27,-14,25,-13,26,-13,22,-14,21,-11,20,-14,19,-13,18,-14,17,-16,17,-14,16,-17,16,-18,15,-19,15,-20,16,-21,13,-22,9,-21,8,-21,7,-19,4]"
CSI_DATA,133565,d8:b1:90:d9:de:f0,-64,11,-99,-41,67,56,1976467792,100,0,114,0,"[-26,20,-30,21,-32,22,-34,21,-38,21,-37,20,-36,18,-36,16,-32,15,-31,15,-29,14,-29,14,-29,15,-28,14,-27,14,-28,15,-28,15,-29,18,-28,18,-28,19,-26,19,-25,19,-23,18,-22,19,-22,19,-21,19,-21,18,-20,18,0,0,-20,19,-19,18,-19,19,-20,19,-20,20,-22,20,-22,19,-22,20,-21,18,-22,18,-20,16,-19,16,-18,14,-18,13,-18,12,-16,12,-16,12,-16,11,-18,12,-19,9,-21,10,-20,10,-21,9,-23,10,-24,7,-22,5,-21,5,-18,3]"
CSI_DATA,133566,d8:b1:90:d9:de:f0,-64,11,-99,-42,67,56,1976490845,100,0,114,0,"[0,34,0,38,-2,40,-2,42,-2,45,-1,42,-2,42,-2,40,0,37,-1,37,0,33,0,34,1,33,2,33,3,33,3,32,5,33,5,34,7,33,7,32,9,30,10,31,10,29,13,27,11,28,13,26,11,25,14,25,0,0,14,21,15,21,15,21,16,23,17,23,17,23,17,23,17,22,18,21,17,22,16,20,16,21,13,19,14,18,14,16,13,16,13,16,13,16,14,16,13,17,14,17,14,19,14,20,14,21,11,20,10,20,8,20,6,17]"
CSI_DATA,133567,d8:b1:90:d9:de:f0,-64,11,-99,-40,67,56,1976508697,100,0,114,0,"[6,-33,8,-37,10,-39,10,-41,9,-40,9,-40,9,-38,9,-36,7,-34,7,-33,6,-32,5,-31,4,-31,4,-31,4,-31,2,-31,0,-32,0,-32,-2,-32,-3,-31,-3,-30,-6,-30,-7,-28,-7,-28,-7,-27,-7,-26,-8,-26,-9,-25,0,0,-9,-22,-11,-24,-12,-24,-12,-23,-13,-24,-13,-25,-15,-23,-13,-24,-14,-22,-14,-23,-13,-22,-13,-22,-11,-20,-12,-18,-12,-18,-11,-18,-11,-18,-11,-17,-12,-17,-11,-17,-13,-18,-12,-21,-13,-22,-12,-21,-9,-20,-8,-20,-7,-20,-5,-18]"
CSI_DATA,133568,d8:b1:90:d9:de:f0,-64,11,-99,-39,67,56,1976528141,100,0,114,0,"[29,-17,33,-18,36,-18,38,-18,38,-17,39,-15,37,-14,36,-12,33,-12,33,-11,30,-10,30,-8,30,-10,31,-9,30,-9,30,-10,31,-12,30,-12,31,-12,29,-13,28,-12,28,-12,26,-12,25,-12,25,-10,24,-11,24,-11,24,-11,0,0,23,-12,22,-11,23,-13,22,-11,22,-11,23,-12,24,-10,25,-11,25,-10,25,-10,23,-8,22,-8,22,-7,20,-6,20,-6,21,-5,20,-6,21,-5,21,-5,21,-3,22,-3,23,-2,22,0,23,1,25,3,23,4,19,4,18,5]"
CSI_DATA,133569,d8:b1:90:d9:de:f0,-64,11,-99,-40,67,56,1976547729,100,0,114,0,"[1,-32,2,-38,4,-40,4,-42,5,-42,4,-42,4,-39,4,-38,3,-37,2,-34,3,-33,2,-31,0,-31,-1,-31,-2,-31,-2,-31,-4,-31,-4,-31,-5,-30,-7,-29,-9,-30,-9,-29,-10,-27,-10,-26,-11,-25,-11,-23,-10,-23,-11,-23,0,0,-15,-20,-13,-21,-14,-22,-15,-21,-16,-21,-16,-21,-15,-22,-16,-22,-16,-20,-15,-20,-15,-19,-15,-19,-14,-18,-13,-17,-12,-16,-12,-16,-12,-15,-12,-15,-14,-15,-13,-17,-13,-17,-14,-19,-13,-20,-12,-20,-12,-19,-11,-18,-9,-20,-7,-17]"
CSI_DATA,133570,d8:b1:90:d9:de:f0,-64,11,-99,-41,67,56,1976557859,100,0,114,0,"[12,32,13,36,12,39,10,40,10,42,9,41,8,40,7,38,6,38,5,36,5,33,6,33,7,32,6,30,8,31,8,31,8,31,8,32,8,31,8,30,10,30,10,29,9,29,10,27,10,26,10,26,10,24,9,24,0,0,12,22,11,24,11,24,11,24,11,25,11,27,11,26,10,26,10,25,10,25,9,24,8,24,8,23,6,23,7,21,6,20,5,20,4,20,5,21,3,21,4,22,2,23,3,25,1,25,0,23,-2,23,-4,22,-6,19]"
CSI_DATA,133571,d8:b1:90:d9:de:f0,-64,11,-99,-40,67,56,1976577703,100,0,114,0,"[13,33,14,37,13,40,14,42,13,41,13,40,11,38,12,38,12,36,11,34,12,32,11,31,13,30,14,29,14,28,15,27,17,28,17,27,19,27,19,25,20,24,19,23,19,22,20,21,19,20,20,17,20,17,20,16,0,0,21,14,21,14,22,14,22,13,24,14,23,13,23,14,23,13,23,13,22,13,23,11,20,12,20,11,20,11,19,9,19,10,18,9,19,9,19,10,19,10,20,10,20,12,20,13,22,13,21,13,19,14,15,13,14,13]"
CSI_DATA,133572,d8:b1:90:d9:de:f0,-64,11,-99,-37,66,56,1976587683,100,0,114,0,"[27,23,28,27,29,29,30,30,30,31,28,32,26,31,26,29,24,28,23,26,22,25,21,25,22,25,23,25,22,25,22,24,24,23,23,24,24,24,24,21,25,20,24,20,24,19,23,16,24,14,22,15,21,13,22,13,0,0,23,11,21,12,21,12,24,13,24,14,24,14,24,14,23,14,22,14,22,14,22,13,20,14,19,13,18,12,18,12,16,12,15,11,15,12,16,12,18,13,18,13,16,16,15,18,15,19,15,19,13,19,10,19,8,18]"
CSI_DATA,133573,d8:b1:90:d9:de:f0,-64,11,-99,-41,67,56,1976597744,100,0,114,0,"[-36,-1,-39,-3,-41,-6,-41,-7,-43,-9,-41,-10,-39,-11,-37,-12,-34,-10,-32,-11,-31,-11,-30,-11,-30,-12,-31,-12,-29,-12,-29,-11,-30,-11,-30,-12,-30,-12,-29,-11,-29,-12,-28,-10,-28,-10,-26,-10,-25,-9,-24,-10,-24,-9,-25,-9,0,0,-23,-9,-23,-9,-23,-10,-24,-10,-24,-11,-24,-12,-24,-12,-23,-13,-23,-14,-21,-13,-21,-14,-19,-15,-16,-14,-15,-14,-16,-14,-15,-14,-14,-13,-14,-13,-14,-14,-14,-16,-14,-18,-12,-20,-12,-21,-10,-23,-10,-22,-7,-22,-5,-22,-2,-20]"
CSI_DATA,133574,d8:b1:90:d9:de:f0,-64,11,-99,-40,67,56,1976607803,100,0,114,0,"[-2,34,-4,38,-4,40,-4,41,-4,43,-5,42,-5,41,-5,38,-2,36,-4,34,-2,32,-2,32,0,33,0,32,1,32,2,32,3,31,5,32,5,31,6,31,7,29,9,29,8,28,10,26,9,25,10,25,10,23,10,22,0,0,12,20,12,21,13,21,14,21,14,22,15,23,14,22,14,22,14,21,13,21,14,20,13,20,12,19,11,19,12,17,11,16,11,16,12,16,12,17,11,17,13,18,11,20,12,20,11,21,10,20,9,20,7,20,6,19]"
CSI_DATA,133575,d8:b1:90:d9:de:f0,-64,11,-99,-41,67,56,1976618582,100,0,114,0,"[32,12,36,15,37,19,37,20,38,22,36,23,32,23,31,23,29,22,28,22,27,21,26,21,26,21,25,22,25,21,25,21,26,21,25,21,26,21,24,20,25,20,25,18,24,16,23,16,23,16,22,16,21,15,20,14,0,0,21,13,20,15,20,15,21,15,21,16,21,18,21,19,20,19,19,18,18,19,16,19,15,19,14,19,13,19,12,16,12,18,10,16,10,18,10,19,9,19,10,21,8,23,7,24,6,24,6,23,3,23,0,22,-2,19]"
CSI_DATA,133576,d8:b1:90:d9:de:f0,-65,11,-99,-39,67,56,1976637648,100,0,114,0,"[30,-18,33,-18,35,-19,38,-19,36,-20,37,-20,35,-18,34,-17,30,-19,30,-18,28,-17,26,-18,26,-19,25,-19,25,-19,24,-20,24,-22,24,-22,23,-23,20,-23,20,-24,17,-24,16,-24,15,-24,13,-23,13,-22,12,-22,12,-21,0,0,9,-23,9,-22,9,-24,7,-24,8,-26,8,-27,7,-25,7,-26,7,-25,8,-25,7,-25,6,-24,6,-22,5,-22,6,-20,5,-20,5,-19,5,-20,5,-20,5,-21,6,-21,7,-23,6,-23,7,-23,11,-22,10,-21,9,-20,10,-17]"
CSI_DATA,133577,d8:b1:90:d9:de:f0,-64,11,-99,-35,66,56,1976647654,100,0,114,0,"[34,-6,37,-5,39,-3,40,-3,44,-3,42,-2,41,0,39,-1,37,-1,36,0,33,0,33,0,32,-1,32,-2,31,-2,31,-2,30,-3,33,-3,32,-4,31,-4,29,-6,29,-7,28,-6,26,-8,27,-7,24,-6,24,-7,25,-7,0,0,23,-7,23,-9,23,-8,25,-9,25,-9,24,-9,25,-9,25,-8,25,-8,25,-9,24,-7,22,-6,21,-5,20,-5,22,-5,21,-4,20,-4,20,-4,20,-5,22,-4,24,-4,23,-3,23,-2,24,-1,25,0,24,3,21,3,19,4]"
CSI_DATA,133578,d8:b1:90:d9:de:f0,-64,11,-99,-39,67,56,1976657776,100,0,114,0,"[29,18,31,21,32,25,30,26,33,28,31,29,28,30,26,28,25,28,22,27,21,25,20,26,20,24,19,24,20,24,20,25,19,25,19,25,19,24,20,24,19,24,19,23,18,23,18,21,17,21,16,20,14,19,16,18,0,0,15,18,15,19,15,20,16,21,15,21,15,23,14,23,13,24,12,22,12,23,11,22,9,23,8,22,7,20,8,21,6,20,5,19,4,18,5,21,3,22,3,22,1,24,-1,25,-1,24,-3,23,-5,22,-6,21,-8,18]"
CSI_DATA,133579,d8:b1:90:d9:de:f0,-65,11,-99,-38,67,56,1976667783,100,0,114,0,"[-16,28,-19,29,-21,31,-21,32,-23,34,-22,33,-21,32,-20,30,-18,29,-18,29,-16,26,-16,26,-14,27,-13,27,-12,27,-11,27,-10,28,-10,29,-10,28,-7,27,-5,28,-4,27,-4,27,-2,27,-2,26,0,25,0,24,0,23,0,0,0,21,0,23,1,23,1,25,2,25,1,26,3,25,2,26,2,25,2,25,2,24,2,23,2,22,3,20,1,19,2,18,1,18,1,18,2,19,1,21,0,22,1,22,2,23,0,22,0,22,0,21,-1,20,-2,18]"
CSI_DATA,133580,d8:b1:90:d9:de:f0,-65,11,-99,-39,67,56,1976687716,100,0,114,0,"[31,-15,35,-14,37,-13,39,-12,41,-12,41,-10,39,-8,39,-7,35,-7,35,-6,33,-5,32,-3,31,-3,30,-3,30,-2,31,-2,31,-4,31,-4,31,-4,30,-4,31,-4,29,-4,29,-3,26,-5,26,-2,26,-3,24,-3,25,-4,0,0,25,-3,24,-3,24,-2,25,-2,26,-1,26,-1,26,0,26,1,27,0,25,2,25,3,23,5,22,4,22,4,22,3,21,6,20,5,20,6,22,7,21,8,21,9,20,11,20,13,21,14,20,14,19,16,15,16,12,15]"
CSI_DATA,133581,d8:b1:90:d9:de:f0,-64,11,-99,-40,67,56,1976697708,100,0,114,0,"[-20,-27,-22,-31,-22,-33,-23,-36,-24,-37,-23,-36,-21,-34,-20,-33,-21,-31,-19,-30,-19,-27,-19,-26,-21,-25,-20,-24,-20,-23,-21,-22,-22,-22,-24,-21,-24,-21,-24,-18,-25,-18,-25,-17,-24,-16,-24,-13,-23,-13,-22,-12,-22,-10,-22,-10,0,0,-24,-8,-22,-7,-23,-7,-25,-7,-26,-6,-25,-7,-25,-6,-25,-8,-25,-6,-25,-6,-24,-5,-22,-6,-21,-5,-21,-5,-21,-4,-21,-5,-20,-5,-21,-4,-21,-4,-22,-4,-23,-5,-24,-6,-24,-6,-25,-7,-24,-7,-23,-8,-20,-8,-17,-9]"
CSI_DATA,133582,d8:b1:90:d9:de:f0,-64,11,-99,-40,67,56,1976707834,100,0,114,0,"[16,-30,19,-33,22,-34,24,-34,25,-36,25,-34,25,-30,25,-29,23,-29,23,-27,21,-26,20,-25,19,-26,19,-25,18,-24,18,-25,18,-25,18,-25,17,-26,17,-26,16,-26,15,-26,14,-24,12,-25,12,-24,12,-23,9,-22,10,-22,0,0,10,-22,9,-23,10,-23,10,-23,10,-25,11,-25,11,-24,12,-25,12,-22,12,-23,12,-22,11,-21,11,-20,11,-19,11,-18,12,-18,12,-18,13,-17,13,-18,14,-18,15,-18,16,-19,16,-19,18,-18,20,-16,19,-14,19,-13,18,-11]"
CSI_DATA,133583,d8:b1:90:d9:de:f0,-64,11,-99,-39,67,56,1976727730,100,0,114,0,"[28,22,29,24,32,26,32,28,33,30,31,28,29,28,29,26,28,24,28,23,26,19,25,20,27,20,26,18,27,17,26,16,28,15,29,15,29,14,29,12,28,10,29,10,27,8,26,7,26,6,25,5,25,3,24,3,0,0,24,0,23,1,24,1,25,0,25,0,26,0,26,0,25,0,26,-1,25,-1,25,0,23,-1,22,0,21,0,21,-1,21,-1,20,-2,21,-1,22,-2,22,-2,23,-1,24,-1,24,1,26,1,25,1,23,2,21,4,18,5]"
CSI_DATA,133584,d8:b1:90:d9:de:f0,-64,11,-99,-40,67,56,1976737744,100,0,114,0,"[-36,-5,-39,-5,-41,-8,-42,-9,-43,-10,-42,-11,-40,-13,-38,-12,-34,-10,-33,-10,-32,-10,-31,-10,-31,-10,-31,-8,-30,-8,-30,-7,-31,-7,-32,-7,-32,-6,-30,-6,-30,-5,-29,-4,-27,-4,-27,-3,-26,-2,-25,-1,-24,0,-24,1,0,0,-24,0,-23,0,-24,0,-26,0,-26,0,-26,-1,-26,-1,-26,-2,-26,-2,-26,-1,-25,-2,-23,-2,-23,-2,-21,-2,-21,-2,-21,-2,-20,-2,-21,-3,-22,-4,-22,-5,-24,-5,-23,-7,-23,-7,-23,-8,-24,-9,-22,-11,-19,-12,-17,-11]"
CSI_DATA,133585,d8:b1:90:d9:de:f0,-64,11,-99,-40,67,56,1976757955,100,0,114,0,"[-32,-16,-34,-18,-36,-19,-36,-22,-38,-22,-36,-22,-36,-22,-32,-20,-31,-18,-30,-17,-28,-15,-29,-15,-29,-14,-28,-14,-29,-14,-28,-12,-29,-11,-31,-10,-30,-10,-31,-9,-28,-7,-29,-6,-28,-5,-27,-4,-27,-3,-25,-3,-24,0,-25,-1,0,0,-23,1,-23,1,-24,1,-26,2,-25,2,-26,2,-27,3,-27,2,-25,2,-26,2,-25,2,-24,2,-23,1,-21,2,-22,2,-21,2,-21,2,-20,3,-22,3,-23,3,-24,2,-24,1,-25,0,-25,-1,-26,-2,-24,-2,-22,-4,-19,-5]"
CSI_DATA,133586,d8:b1:90:d9:de:f0,-64,11,-99,-37,66,56,1976777659,100,0,114,0,"[36,10,38,13,39,15,40,19,40,20,38,21,37,22,33,22,32,20,30,21,28,20,27,20,27,19,27,19,27,21,26,19,28,20,27,19,27,20,26,18,26,18,26,16,25,16,24,15,24,14,22,14,22,14,21,12,0,0,21,12,21,13,21,14,22,13,22,15,22,16,22,18,20,19,21,16,20,18,18,18,16,18,14,18,13,16,14,15,12,15,11,16,11,15,12,19,11,19,11,20,10,22,9,24,7,24,8,24,5,24,3,23,0,20]"
CSI_DATA,133587,d8:b1:90:d9:de:f0,-64,11,-99,-37,66,56,1976788338,100,0,114,0,"[26,-25,29,-26,33,-27,34,-28,36,-27,34,-26,34,-25,33,-23,30,-23,29,-23,28,-21,27,-22,26,-22,25,-22,24,-22,24,-22,24,-24,24,-23,23,-24,21,-24,21,-23,18,-24,16,-25,16,-23,15,-23,12,-22,12,-23,12,-22,0,0,11,-22,10,-22,11,-22,10,-24,10,-23,11,-25,10,-25,10,-24,11,-23,12,-24,9,-22,10,-22,10,-21,9,-20,10,-20,10,-18,9,-18,10,-18,10,-19,10,-20,12,-20,13,-21,12,-21,14,-22,16,-19,16,-19,16,-18,15,-14]"
CSI_DATA,133588,d8:b1:90:d9:de:f0,-65,11,-99,-39,67,56,1976807677,100,0,114,0,"[-23,25,-27,27,-29,28,-32,28,-32,27,-33,24,-32,22,-31,21,-30,19,-29,18,-29,16,-27,16,-28,16,-28,15,-27,15,-26,15,-27,16,-26,15,-26,16,-26,15,-25,15,-24,15,-23,13,-23,14,-22,13,-21,13,-20,13,-20,13,0,0,-20,13,-19,12,-20,12,-20,13,-21,12,-21,11,-23,11,-23,10,-24,10,-24,10,-23,9,-21,7,-21,6,-21,6,-19,5,-20,4,-19,4,-20,4,-21,2,-23,1,-24,1,-24,0,-23,-2,-25,-3,-25,-5,-24,-7,-20,-6,-17,-8]"
CSI_DATA,133589,d8:b1:90:d9:de:f0,-64,11,-99,-41,67,56,1976817853,100,0,114,0,"[33,11,38,13,38,15,40,15,42,18,40,15,38,18,38,16,36,13,33,12,31,11,31,11,31,10,30,8,30,8,30,7,30,5,32,5,32,4,31,3,31,3,30,0,28,0,27,-2,27,-2,26,-3,25,-3,24,-4,0,0,23,-5,23,-7,23,-7,25,-7,25,-8,24,-8,24,-8,25,-8,25,-8,26,-8,24,-8,21,-6,21,-7,20,-7,21,-7,20,-7,20,-7,20,-8,21,-8,22,-8,24,-8,23,-8,24,-6,25,-7,25,-6,24,-5,23,-4,21,-1]"
CSI_DATA,133590,d8:b1:90:d9:de:f0,-64,11,-99,-41,67,56,1976828223,100,0,114,0,"[36,5,38,7,40,9,40,11,42,11,41,13,38,14,37,14,34,13,32,13,30,12,30,11,30,11,29,12,29,10,29,11,30,10,30,10,30,11,30,9,29,10,27,8,27,9,26,7,27,7,25,6,25,6,24,5,0,0,24,5,23,5,24,5,25,6,26,6,26,7,25,7,24,8,24,7,24,7,24,8,22,9,22,8,20,9,20,8,19,10,18,8,19,9,18,9,19,11,20,12,20,14,19,16,19,16,19,16,16,18,12,18,10,16]"
CSI_DATA,133591,d8:b1:90:d9:de:f0,-65,11,-99,-39,67,56,1976847971,100,0,114,0,"[19,-28,23,-30,25,-32,26,-33,26,-33,27,-32,25,-30,25,-29,22,-28,21,-27,20,-26,19,-26,18,-25,18,-26,16,-25,16,-27,14,-27,14,-28,13,-29,12,-28,10,-28,8,-29,9,-27,6,-26,6,-26,4,-25,4,-24,3,-22,0,0,2,-24,2,-24,1,-24,1,-25,0,-25,1,-26,1,-26,0,-26,0,-26,1,-25,1,-24,1,-24,-1,-23,0,-22,0,-21,1,-21,-1,-20,0,-20,0,-20,1,-22,1,-23,1,-25,1,-24,2,-25,5,-25,5,-23,5,-22,6,-19]"
CSI_DATA,133592,d8:b1:90:d9:de:f0,-65,11,-99,-39,67,56,1976867769,100,0,114,0,"[-34,3,-37,1,-40,-1,-41,-2,-41,-4,-40,-5,-39,-7,-36,-8,-35,-7,-34,-8,-32,-8,-30,-9,-30,-8,-30,-9,-29,-9,-28,-9,-30,-8,-29,-8,-29,-8,-29,-7,-28,-8,-28,-6,-26,-7,-26,-7,-25,-6,-23,-6,-22,-6,-22,-6,0,0,-24,-4,-23,-6,-23,-7,-25,-6,-24,-8,-25,-8,-25,-9,-24,-9,-23,-10,-23,-10,-22,-10,-20,-11,-19,-11,-19,-11,-18,-11,-17,-11,-16,-12,-16,-11,-17,-12,-16,-14,-17,-16,-16,-17,-14,-19,-14,-21,-14,-21,-12,-21,-9,-20,-5,-19]"
CSI_DATA,133593,d8:b1:90:d9:de:f0,-65,11,-99,-38,67,56,1976896136,100,0,114,0,"[-25,-20,-26,-23,-26,-26,-28,-26,-30,-29,-28,-28,-28,-28,-27,-26,-25,-24,-25,-22,-23,-21,-23,-21,-24,-19,-23,-19,-23,-18,-24,-18,-25,-16,-25,-18,-25,-15,-26,-14,-25,-13,-26,-12,-25,-10,-26,-10,-24,-8,-23,-8,-22,-6,-22,-6,0,0,-22,-3,-23,-4,-23,-3,-24,-4,-23,-2,-25,-3,-25,-3,-26,-3,-24,-2,-25,-2,-24,-2,-22,-4,-20,-4,-20,-2,-20,-3,-19,-3,-19,-2,-18,-2,-20,-2,-21,-2,-21,-2,-22,-5,-22,-6,-23,-7,-22,-7,-21,-7,-18,-9,-14,-9]"
CSI_DATA,133594,d8:b1:90:d9:de:f0,-64,11,-99,-40,67,56,1976907634,100,0,114,0,"[3,34,1,38,1,40,1,40,3,44,2,42,0,42,0,38,3,37,1,34,3,32,4,33,4,31,6,31,6,29,8,29,8,29,11,30,11,29,11,28,12,27,15,26,13,25,16,23,15,22,15,20,16,20,15,18,0,0,17,16,17,17,18,18,20,17,20,17,20,18,21,17,20,17,20,15,21,15,20,15,18,14,17,15,17,13,17,12,16,12,17,12,18,11,17,11,17,11,19,12,19,14,20,15,19,16,19,14,16,15,15,16,12,14]"
CSI_DATA,133595,d8:b1:90:d9:de:f0,-64,11,-99,-40,67,56,1976917910,100,0,114,0,"[28,17,30,20,31,23,32,25,32,26,31,26,29,26,27,24,26,23,25,22,24,22,24,21,23,20,25,21,23,20,25,19,24,19,24,19,25,18,24,18,24,16,24,15,24,16,24,14,23,13,20,12,22,13,22,10,0,0,20,10,22,10,22,12,23,11,23,11,23,12,24,11,24,12,23,12,22,13,21,12,20,12,19,12,18,12,18,11,17,11,17,11,16,10,17,12,17,12,18,13,17,15,18,17,17,18,17,18,15,18,11,18,9,17]"
CSI_DATA,133596,d8:b1:90:d9:de:f0,-64,11,-99,-41,67,56,1976937676,100,0,114,0,"[-34,-1,-38,-3,-41,-2,-44,-4,-44,-5,-43,-5,-40,-4,-41,-4,-37,-3,-36,-1,-34,-1,-32,1,-33,1,-32,3,-32,3,-32,5,-32,7,-31,5,-32,7,-30,9,-30,10,-28,10,-27,11,-26,12,-23,13,-22,12,-22,13,-21,16,0,0,-21,15,-19,16,-20,16,-20,16,-19,18,-19,19,-20,19,-19,20,-20,19,-19,19,-19,19,-16,16,-16,18,-15,18,-15,15,-14,15,-12,14,-14,16,-14,16,-14,16,-16,18,-15,16,-15,16,-18,16,-20,18,-20,15,-18,12,-16,10]"
CSI_DATA,133597,d8:b1:90:d9:de:f0,-64,11,-99,-40,67,56,1976947656,100,0,114,0,"[-30,15,-34,15,-39,16,-40,16,-40,15,-39,14,-38,13,-37,12,-34,13,-33,12,-32,11,-30,10,-30,12,-29,11,-28,12,-29,13,-29,14,-29,13,-29,14,-27,15,-26,16,-26,16,-23,16,-23,16,-22,15,-20,15,-20,15,-21,15,0,0,-18,17,-19,16,-19,16,-18,17,-19,17,-20,18,-19,18,-21,19,-20,17,-21,17,-19,16,-17,16,-18,15,-17,14,-18,12,-16,13,-16,12,-17,13,-16,13,-19,13,-20,13,-21,13,-21,11,-22,10,-24,9,-24,7,-21,7,-19,4]"
CSI_DATA,133598,d8:b1:90:d9:de:f0,-64,11,-99,-40,67,56,1976957790,100,0,114,0,"[32,-12,36,-10,39,-9,39,-8,43,-7,40,-5,41,-3,38,-2,36,-3,36,-2,31,-2,32,0,32,1,32,0,31,0,30,0,31,0,32,0,31,-1,31,-1,31,1,30,-1,29,-1,26,-3,27,-1,25,0,25,0,25,-1,0,0,24,-2,24,-2,25,0,26,-2,26,1,27,1,26,1,27,3,26,3,27,3,25,4,23,5,22,4,21,5,21,4,20,6,20,6,20,7,20,7,21,9,22,9,21,11,20,14,20,15,20,16,17,16,14,16,11,15]"
CSI_DATA,133599,d8:b1:90:d9:de:f0,-64,11,-99,-40,67,56,1976977763,100,0,114,0,"[-33,-10,-37,-13,-38,-14,-38,-16,-40,-17,-37,-17,-36,-18,-33,-16,-33,-15,-32,-16,-29,-14,-29,-14,-30,-14,-29,-12,-29,-13,-29,-12,-28,-10,-31,-11,-30,-10,-30,-10,-28,-9,-30,-7,-28,-7,-26,-5,-27,-5,-26,-6,-26,-5,-26,-3,0,0,-23,-2,-25,-3,-24,-3,-27,-2,-26,-2,-28,-3,-28,-2,-27,-3,-26,-3,-27,-3,-25,-3,-23,-4,-22,-5,-21,-3,-22,-3,-20,-4,-19,-4,-19,-4,-20,-4,-22,-5,-23,-6,-22,-7,-23,-9,-23,-10,-22,-8,-20,-10,-17,-11,-15,-11]"
CSI_DATA,133600,d8:b1:90:d9:de:f0,-64,11,-99,-39,67,56,1976997782,100,0,114,0,"[25,22,28,25,29,27,30,27,32,28,30,27,28,27,27,26,27,22,26,22,25,20,25,21,26,19,26,17,25,18,26,16,27,15,30,14,29,14,29,12,29,11,29,9,28,8,27,5,27,6,26,5,26,5,26,2,0,0,25,1,26,-1,26,-2,28,-1,28,-1,27,-2,27,-2,27,-2,27,-3,27,-3,25,-2,25,-1,24,-3,23,-4,22,-3,21,-4,21,-3,21,-4,21,-3,23,-5,24,-4,24,-4,24,-2,25,-1,25,-2,24,-1,21,1,19,2]"
CSI_DATA,133601,d8:b1:90:d9:de:f0,-64,11,-99,-41,67,56,1977017806,100,0,114,0,"[-7,-32,-6,-38,-4,-40,-3,-42,-3,-43,-1,-41,1,-40,1,-38,1,-36,2,-34,2,-33,2,-32,4,-32,4,-32,3,-32,3,-31,2,-32,4,-32,3,-32,2,-32,2,-31,1,-30,1,-29,0,-28,1,-28,2,-27,1,-27,0,-26,0,0,1,-25,1,-25,1,-26,1,-27,2,-27,2,-28,3,-28,3,-29,5,-27,6,-26,6,-25,7,-24,7,-23,7,-22,7,-21,7,-20,8,-20,9,-19,8,-20,11,-20,11,-20,13,-22,14,-22,16,-19,18,-16,16,-14,18,-13,16,-10]"
CSI_DATA,133602,d8:b1:90:d9:de:f0,-64,11,-99,-40,67,56,1977027863,100,0,114,0,"[16,29,18,32,19,36,19,37,20,39,20,37,19,37,17,32,18,30,17,31,18,27,17,28,17,26,17,26,18,25,19,24,21,24,23,24,23,22,23,20,23,20,23,18,23,18,25,16,24,15,23,14,22,13,24,11,0,0,25,9,25,8,24,9,26,8,25,8,26,8,26,8,27,7,28,7,27,7,26,7,23,7,23,6,22,6,21,4,20,4,21,5,20,3,22,4,21,5,23,5,23,6,23,7,23,8,23,7,21,7,19,9,15,8]"
CSI_DATA,133603,d8:b1:90:d9:de:f0,-64,11,-99,-40,67,56,1977038649,100,0,114,0,"[-23,23,-28,24,-30,24,-33,25,-34,22,-34,22,-33,20,-32,19,-31,18,-30,17,-29,15,-27,15,-26,14,-26,14,-26,15,-26,14,-27,16,-28,14,-28,15,-26,15,-26,16,-25,14,-24,15,-23,14,-22,15,-21,15,-21,15,-20,15,0,0,-22,14,-20,13,-21,13,-22,15,-22,14,-23,13,-23,13,-24,14,-24,11,-24,12,-22,11,-21,9,-20,9,-19,8,-19,6,-20,7,-19,6,-20,5,-20,4,-21,4,-22,4,-22,2,-22,1,-22,1,-23,-2,-22,-4,-19,-4,-16,-6]"
CSI_DATA,133604,d8:b1:90:d9:de:f0,-64,11,-99,-41,67,56,1977057812,100,0,114,0,"[-32,10,-37,10,-39,10,-40,10,-40,10,-39,10,-39,9,-37,10,-34,11,-32,9,-32,11,-30,11,-30,11,-29,12,-29,13,-28,14,-28,15,-28,16,-26,18,-26,19,-25,21,-24,20,-22,21,-21,21,-19,21,-16,21,-15,20,-15,21,0,0,-14,24,-13,22,-13,22,-12,25,-12,25,-13,26,-11,25,-12,25,-12,24,-12,24,-11,24,-10,23,-9,22,-9,20,-9,20,-9,19,-7,19,-9,20,-8,20,-9,21,-9,21,-9,21,-9,22,-11,22,-12,20,-12,19,-11,18,-10,14]"
CSI_DATA,133605,d8:b1:90:d9:de:f0,-64,11,-99,-40,67,56,1977067787,100,0,114,0,"[32,2,37,4,40,5,41,7,40,7,39,9,37,10,36,8,33,7,33,8,31,7,30,6,31,6,31,5,30,5,31,5,32,3,32,3,33,3,31,1,31,0,30,0,29,1,29,-1,28,-2,27,-2,26,-3,26,-3,0,0,26,-5,25,-4,26,-3,27,-5,27,-6,27,-4,27,-4,27,-5,27,-4,26,-4,26,-4,24,-4,23,-3,22,-3,22,-2,21,-1,20,-2,21,-3,21,-2,21,-1,22,0,23,1,22,1,23,3,25,4,23,5,20,6,16,6]"
CSI_DATA,133606,d8:b1:90:d9:de:f0,-64,11,-99,-41,67,56,1977087702,100,0,114,0,"[32,-7,34,-7,38,-7,39,-7,40,-8,41,-9,39,-6,37,-7,34,-9,34,-8,32,-8,31,-9,31,-10,30,-11,30,-12,29,-13,28,-14,28,-15,28,-16,26,-18,25,-19,24,-20,23,-19,20,-20,20,-20,18,-21,18,-21,16,-21,0,0,13,-21,13,-22,13,-23,13,-24,13,-26,12,-25,12,-26,11,-25,10,-25,11,-25,10,-24,9,-23,9,-22,7,-21,8,-21,7,-20,6,-19,7,-21,7,-20,8,-21,8,-23,7,-22,7,-22,9,-22,11,-21,11,-19,9,-18,9,-15]"
CSI_DATA,133607,d8:b1:90:d9:de:f0,-64,11,-99,-36,66,56,1977100893,100,0,114,0,"[-11,-30,-12,-34,-11,-37,-10,-38,-10,-41,-9,-38,-8,-38,-8,-36,-7,-33,-8,-33,-7,-32,-7,-32,-7,-30,-7,-30,-8,-31,-8,-30,-10,-31,-10,-30,-10,-29,-11,-28,-12,-27,-12,-28,-12,-26,-12,-25,-13,-25,-13,-23,-13,-23,-14,-22,0,0,-14,-22,-15,-21,-15,-21,-15,-22,-16,-23,-16,-22,-16,-24,-16,-22,-15,-22,-15,-22,-14,-21,-12,-21,-11,-21,-11,-20,-11,-19,-10,-18,-10,-17,-10,-17,-11,-18,-10,-19,-10,-20,-9,-21,-9,-24,-7,-22,-6,-21,-4,-21,-3,-20,-1,-17]"
CSI_DATA,133608,d8:b1:90:d9:de:f0,-64,11,-99,-38,66,56,1977117660,100,0,114,0,"[-19,-28,-21,-31,-22,-33,-23,-35,-25,-34,-25,-34,-22,-33,-22,-31,-22,-29,-22,-28,-21,-25,-20,-25,-23,-23,-23,-23,-23,-22,-25,-20,-27,-20,-28,-20,-30,-19,-28,-16,-30,-16,-30,-14,-28,-11,-28,-10,-29,-9,-28,-9,-28,-6,-29,-5,0,0,-26,-3,-26,-1,-27,-1,-29,-1,-30,0,-29,0,-30,0,-29,1,-28,2,-28,2,-27,2,-25,1,-23,2,-22,3,-22,4,-21,3,-20,3,-21,4,-21,3,-22,4,-23,4,-25,3,-25,2,-25,1,-25,2,-23,0,-20,-1,-18,-2]"
CSI_DATA,133609,d8:b1:90:d9:de:f0,-64,11,-99,-38,66,56,1977128851,100,0,114,0,"[-30,-15,-32,-17,-33,-20,-34,-22,-35,-25,-34,-26,-31,-26,-30,-26,-28,-23,-28,-23,-25,-22,-25,-22,-25,-22,-25,-22,-23,-23,-23,-22,-25,-22,-26,-22,-25,-21,-25,-21,-25,-21,-25,-20,-23,-20,-23,-18,-22,-18,-22,-17,-21,-17,-21,-16,0,0,-22,-16,-20,-17,-21,-17,-23,-18,-22,-18,-22,-19,-21,-20,-21,-20,-20,-19,-19,-20,-18,-19,-16,-19,-14,-18,-14,-18,-14,-17,-14,-17,-13,-17,-13,-17,-13,-18,-10,-18,-11,-20,-9,-21,-7,-23,-7,-23,-6,-22,-4,-21,-1,-20,1,-18]"
CSI_DATA,133610,d8:b1:90:d9:de:f0,-64,11,-99,-41,67,56,1977147697,100,0,114,0,"[-13,-31,-13,-36,-13,-37,-13,-39,-13,-40,-14,-39,-13,-37,-13,-36,-14,-32,-13,-31,-14,-29,-14,-30,-16,-29,-16,-28,-18,-28,-19,-27,-21,-27,-21,-27,-23,-26,-23,-24,-23,-23,-24,-21,-24,-19,-24,-18,-24,-18,-24,-15,-24,-12,-26,-12,0,0,-25,-10,-25,-9,-26,-9,-27,-8,-27,-9,-27,-7,-28,-6,-28,-7,-28,-6,-27,-5,-26,-4,-26,-6,-24,-5,-23,-4,-22,-3,-21,-3,-21,-3,-21,-1,-22,-1,-21,-2,-23,-1,-23,-3,-24,-4,-23,-4,-24,-4,-22,-4,-19,-6,-16,-6]"
CSI_DATA,133611,d8:b1:90:d9:de:f0,-64,11,-99,-39,67,56,1977157779,100,0,114,0,"[32,-8,36,-7,38,-7,39,-6,41,-6,39,-4,38,-4,37,-3,35,-5,33,-4,31,-3,31,-4,31,-5,32,-5,30,-5,31,-6,31,-7,33,-7,32,-8,31,-9,29,-9,29,-12,28,-10,27,-12,27,-11,24,-11,24,-12,24,-12,0,0,22,-13,23,-13,23,-15,23,-14,22,-15,23,-15,23,-15,25,-15,24,-14,24,-14,23,-14,21,-12,20,-11,19,-11,19,-11,19,-9,18,-11,18,-10,18,-10,19,-10,20,-9,20,-9,21,-8,21,-7,23,-6,21,-4,20,-3,17,-2]"
CSI_DATA,133612,d8:b1:90:d9:de:f0,-64,11,-99,-41,67,56,1977168091,100,0,114,0,"[-3,34,-4,38,-7,39,-8,40,-9,41,-10,39,-12,37,-12,36,-11,34,-11,32,-11,30,-11,30,-13,31,-12,30,-12,30,-13,29,-12,30,-14,31,-13,30,-12,30,-12,30,-11,30,-11,28,-10,28,-11,28,-10,26,-10,25,-9,25,0,0,-10,25,-10,25,-11,25,-11,26,-11,26,-12,28,-12,26,-13,26,-14,24,-14,25,-14,23,-14,22,-13,21,-13,18,-14,16,-13,15,-14,15,-14,15,-14,15,-16,14,-16,14,-18,13,-19,13,-22,12,-21,8,-20,6,-20,6,-18,3]"
CSI_DATA,133613,d8:b1:90:d9:de:f0,-64,11,-99,-38,66,56,1977187784,100,0,114,0,"[-17,-29,-16,-33,-18,-37,-18,-39,-17,-39,-17,-39,-16,-37,-15,-35,-15,-34,-14,-32,-14,-32,-14,-30,-14,-30,-14,-29,-15,-30,-15,-29,-18,-30,-17,-30,-18,-29,-20,-27,-20,-27,-20,-27,-19,-23,-20,-22,-19,-22,-19,-21,-18,-21,-20,-20,0,0,-20,-17,-21,-19,-22,-17,-23,-18,-22,-19,-23,-18,-22,-18,-23,-19,-22,-19,-22,-18,-21,-16,-19,-17,-19,-16,-18,-16,-17,-15,-17,-14,-15,-13,-16,-14,-16,-14,-16,-15,-17,-16,-16,-17,-15,-18,-15,-19,-14,-18,-13,-18,-9,-17,-6,-16]"
CSI_DATA,133614,d8:b1:90:d9:de:f0,-64,11,-99,-41,67,56,1977198803,100,0,114,0,"[19,27,20,30,21,31,22,33,23,34,22,33,21,32,20,31,22,29,22,28,20,26,21,26,22,24,22,23,22,23,23,21,26,21,26,21,27,20,27,18,27,16,29,14,27,13,28,11,28,11,26,10,26,8,26,6,0,0,28,3,27,4,28,4,29,2,28,2,29,2,29,1,30,2,29,1,29,0,28,0,26,0,23,-1,23,-1,22,-1,22,-1,21,-2,20,-2,22,-2,22,-2,23,-2,23,0,24,-1,23,0,24,0,22,1,20,4,16,3]"
CSI_DATA,133615,d8:b1:90:d9:de:f0,-64,11,-99,-35,65,56,1977217679,100,0,114,0,"[-4,37,-6,39,-8,41,-8,41,-10,44,-8,39,-11,40,-11,38,-8,37,-10,35,-8,32,-7,35,-6,34,-5,33,-4,33,-4,33,-2,34,-2,38,0,35,-1,35,0,33,2,34,2,33,3,31,4,32,5,31,5,29,5,28,0,0,6,28,8,29,8,26,8,28,10,29,8,30,8,30,8,30,7,28,8,29,8,26,8,25,7,24,6,23,7,23,6,20,6,22,5,20,5,21,4,21,4,23,5,24,6,25,4,25,2,22,1,22,-1,23,-1,19]"
CSI_DATA,133616,d8:b1:90:d9:de:f0,-64,11,-99,-40,67,56,1977238218,100,0,114,0,"[1,-31,2,-36,3,-40,4,-41,3,-41,3,-39,4,-38,3,-36,3,-34,3,-34,1,-33,2,-31,1,-31,1,-31,-1,-31,-3,-32,-5,-34,-5,-33,-6,-32,-7,-31,-8,-30,-9,-30,-9,-28,-11,-28,-11,-26,-12,-25,-12,-24,-13,-24,0,0,-14,-23,-15,-23,-16,-22,-17,-22,-17,-23,-17,-24,-18,-22,-17,-23,-18,-22,-17,-20,-17,-20,-15,-19,-16,-19,-14,-18,-15,-16,-14,-16,-14,-15,-14,-14,-14,-15,-14,-16,-15,-16,-15,-17,-14,-19,-13,-19,-13,-18,-12,-18,-8,-18,-7,-15]"
CSI_DATA,133617,d8:b1:90:d9:de:f0,-64,11,-99,-39,66,56,1977257646,100,0,114,0,"[6,34,5,39,4,42,2,44,1,46,-1,42,-1,42,-2,40,-2,38,-3,37,-3,34,-2,33,-1,33,-1,34,-1,34,-1,34,0,35,-1,34,0,34,1,34,2,34,2,35,2,33,3,32,2,31,2,30,3,29,3,29,0,0,3,28,3,29,3,28,4,29,4,29,3,31,3,32,2,31,2,30,2,29,2,28,1,26,1,25,1,24,0,22,-1,22,-2,21,-2,20,-2,21,-4,22,-4,22,-6,24,-5,24,-6,23,-8,21,-10,20,-11,17,-11,14]"
CSI_DATA,133618,d8:b1:90:d9:de:f0,-64,11,-99,-38,66,56,1977268120,100,0,114,0,"[33,0,38,1,41,0,41,2,43,1,41,1,39,2,38,2,37,-1,35,0,34,-1,32,-2,33,-3,32,-4,33,-3,33,-6,32,-7,32,-8,31,-8,31,-10,31,-13,30,-13,30,-14,28,-15,26,-14,23,-16,22,-16,23,-16,0,0,22,-18,20,-17,20,-17,20,-19,19,-21,21,-21,20,-21,19,-21,19,-21,19,-21,18,-19,16,-19,16,-19,14,-18,15,-17,14,-17,14,-16,13,-16,14,-18,16,-17,15,-18,15,-18,15,-18,16,-17,17,-16,18,-15,15,-14,14,-11]"
CSI_DATA,133619,d8:b1:90:d9:de:f0,-64,11,-99,-40,67,56,1977287870,100,0,114,0,"[-28,17,-31,17,-34,17,-36,16,-38,15,-38,13,-38,12,-36,10,-33,11,-33,10,-31,9,-31,9,-30,9,-30,8,-30,8,-30,9,-30,9,-31,9,-31,10,-32,9,-29,9,-29,10,-28,10,-28,10,-27,10,-25,11,-25,10,-24,9,0,0,-25,12,-25,11,-25,10,-25,11,-25,11,-26,10,-26,9,-27,9,-26,8,-27,9,-25,8,-24,7,-23,6,-21,4,-22,5,-20,3,-20,3,-20,3,-20,1,-22,2,-22,1,-22,-1,-22,-2,-22,-4,-24,-4,-21,-7,-18,-7,-15,-7]"
CSI_DATA,133620,d8:b1:90:d9:de:f0,-64,11,-99,-37,66,56,1977302226,100,0,114,0,"[-34,1,-38,-1,-40,-2,-43,-4,-43,-4,-42,-6,-40,-7,-39,-6,-36,-6,-34,-5,-32,-5,-31,-4,-31,-4,-31,-3,-32,-4,-32,-3,-33,-2,-34,-2,-34,-2,-32,0,-33,0,-32,0,-30,1,-29,3,-29,2,-29,3,-28,4,-28,5,0,0,-28,3,-27,6,-29,6,-27,6,-29,5,-28,5,-28,6,-28,5,-28,4,-27,4,-27,5,-24,4,-24,4,-22,3,-22,3,-22,3,-20,2,-22,3,-21,2,-23,1,-23,0,-23,0,-22,-2,-25,-3,-25,-4,-23,-5,-19,-6,-16,-6]"
CSI_DATA,133621,d8:b1:90:d9:de:f0,-64,9,-99,-35,65,56,1977312490,98,0,106,0,"[106,16,80,1,130,16,133,1,-129,16,122,1,-102,16,79,1,-83,16,41,1,-61,16,10,1,-58,16,-6,0,-70,16,-32,0,-89,16,-72,0,-86,16,140,0,-47,16,42,0,21,0,-26,16,106,0,-63,16,0,0,0,0,-29,0,-30,16,13,1,24,0,16,1,57,0,-24,0,63,0,-70,0,33,0,-99,0,-20,16,-120,0,-60,16,-121,0,-63,16,-121,0,-54,16,-129,0,-25,16,115,0,3,0,42,0,19,0,-50,16]"
CSI_DATA,133622,d8:b1:90:d9:de:f0,-64,11,-99,-38,66,56,1977327727,100,0,114,0,"[-34,6,-39,4,-41,2,-41,-1,-43,-3,-41,-3,-40,-5,-37,-6,-37,-7,-34,-8,-31,-7,-32,-9,-32,-7,-32,-8,-31,-9,-31,-9,-31,-9,-32,-10,-32,-10,-32,-10,-32,-10,-32,-9,-31,-10,-29,-9,-30,-10,-29,-9,-27,-8,-27,-8,0,0,-26,-9,-26,-10,-25,-10,-27,-11,-27,-11,-28,-14,-26,-15,-27,-16,-23,-15,-25,-16,-22,-16,-20,-16,-17,-15,-16,-15,-17,-15,-16,-16,-15,-16,-15,-15,-15,-17,-14,-18,-14,-19,-11,-21,-10,-22,-8,-22,-7,-22,-5,-21,-2,-20,0,-17]"
CSI_DATA,133623,d8:b1:90:d9:de:f0,-64,11,-99,-37,66,56,1977347637,100,0,114,0,"[5,32,5,37,4,40,1,41,1,43,0,40,-2,39,-2,37,-2,34,-3,33,-2,32,-2,32,-2,32,-1,31,-2,31,-1,30,1,32,0,34,1,32,1,33,2,32,2,32,2,31,3,31,3,31,4,28,4,27,4,26,0,0,5,27,4,28,5,27,5,28,5,28,4,30,5,29,4,29,4,29,3,28,4,27,1,26,2,25,1,23,1,22,0,22,0,21,0,21,0,21,-2,21,-3,21,-3,23,-3,24,-4,23,-7,20,-7,20,-8,19,-8,15]"
CSI_DATA,133624,d8:b1:90:d9:de:f0,-64,9,-99,-38,66,56,1977357661,83,0,106,0,"[126,1,-66,16,-134,1,-111,16,122,1,-136,16,75,1,-130,16,25,1,-131,16,-3,0,-127,16,-15,0,-126,16,-27,0,-106,16,-52,0,-58,16,-110,0,-14,16,68,0,18,0,-31,16,13,0,-119,16,-34,16,0,0,0,0,94,16,91,16,98,16,26,16,135,16,9,16,-117,16,32,16,-114,16,86,16,-126,16,-126,16,129,16,-89,16,117,16,-83,16,123,16,-93,16,-129,16,-110,16,-67,16,-94,16,5,0,-44,16,62,0]"
CSI_DATA,133625,d8:b1:90:d9:de:f0,-64,11,-99,-38,66,56,1977367741,100,0,114,0,"[-34,2,-38,3,-40,1,-41,0,-42,1,-41,0,-39,-1,-39,-1,-38,2,-35,1,-34,2,-34,1,-33,3,-33,4,-31,3,-32,4,-33,5,-34,6,-33,7,-32,8,-32,9,-32,10,-30,10,-29,11,-29,11,-28,13,-26,13,-27,14,0,0,-25,15,-25,15,-23,16,-25,16,-25,17,-25,17,-25,17,-25,18,-26,17,-25,17,-23,17,-21,15,-20,14,-18,14,-18,13,-18,11,-17,13,-18,14,-17,13,-19,14,-20,13,-20,13,-18,11,-21,10,-22,9,-21,7,-19,6,-17,5]"
CSI_DATA,133626,d8:b1:90:d9:de:f0,-64,11,-99,-40,67,56,1977387861,100,0,114,0,"[-32,-6,-34,-8,-37,-7,-39,-7,-40,-7,-39,-7,-37,-8,-36,-7,-36,-4,-33,-4,-32,-2,-32,-2,-32,-2,-31,0,-30,1,-31,2,-31,4,-33,5,-33,7,-32,7,-31,9,-30,12,-28,12,-27,14,-26,13,-24,14,-23,13,-23,17,0,0,-22,17,-20,18,-20,18,-21,21,-20,21,-20,22,-19,22,-19,21,-17,22,-19,22,-17,21,-16,20,-14,18,-13,19,-13,18,-13,18,-11,18,-12,17,-11,17,-11,18,-12,19,-11,19,-12,19,-14,18,-15,18,-14,16,-12,14,-12,12]"
CSI_DATA,133627,d8:b1:90:d9:de:f0,-64,11,-99,-39,66,56,1977408573,100,0,114,0,"[29,19,32,23,32,25,32,28,32,30,31,31,28,31,26,31,24,29,22,30,21,26,20,28,19,28,19,26,19,28,19,28,20,28,20,29,21,29,20,28,20,28,21,29,19,25,19,25,17,25,17,25,16,23,16,23,0,0,17,23,16,23,16,24,16,24,17,26,16,28,16,26,14,28,13,26,12,25,11,26,10,26,8,24,7,23,6,23,5,22,5,21,4,22,4,22,2,22,2,23,1,24,-1,25,-3,24,-4,22,-5,21,-7,20,-8,17]"
CSI_DATA,133628,d8:b1:90:d9:de:f0,-64,11,-99,-39,66,56,1977427783,100,0,114,0,"[-21,26,-24,29,-28,30,-29,31,-30,30,-29,30,-30,28,-28,28,-25,26,-25,26,-23,24,-23,24,-22,25,-21,26,-21,26,-20,28,-20,30,-20,29,-19,30,-17,30,-16,31,-15,31,-14,31,-12,31,-12,30,-11,30,-10,30,-8,29,0,0,-6,29,-6,29,-6,30,-5,30,-4,31,-4,32,-4,32,-4,31,-5,30,-3,30,-4,29,-4,29,-3,26,-3,25,-3,23,-3,22,-2,21,-3,21,-3,22,-4,23,-4,23,-5,24,-4,24,-5,24,-7,21,-8,21,-7,19,-8,15]"
CSI_DATA,133629,d8:b1:90:d9:de:f0,-64,11,-99,-39,66,56,1977437824,100,0,114,0,"[30,-17,33,-16,37,-16,38,-16,40,-16,40,-14,40,-12,38,-12,35,-12,34,-11,33,-10,32,-10,33,-10,32,-8,32,-8,31,-10,33,-12,33,-12,33,-12,33,-12,32,-13,32,-14,30,-12,30,-13,30,-14,28,-13,28,-14,26,-13,0,0,26,-14,25,-13,26,-13,29,-15,28,-14,28,-14,28,-13,29,-13,28,-13,28,-12,26,-12,25,-11,24,-8,23,-8,23,-7,21,-7,20,-7,22,-7,22,-6,24,-5,24,-6,24,-4,24,-3,23,-1,24,0,22,2,20,2,17,3]"
CSI_DATA,133630,d8:b1:90:d9:de:f0,-64,9,-99,-38,66,56,1977456188,98,0,106,0,"[-101,15,-125,0,-88,15,-43,0,-46,15,-10,0,19,16,-15,0,83,16,-19,0,123,16,-20,0,-134,16,-18,0,-116,16,-31,0,-116,16,-74,0,-105,16,137,0,-69,16,49,0,-9,16,-42,16,59,0,-109,16,0,0,0,0,-74,0,130,16,-20,0,128,16,-10,0,-134,16,-41,0,-126,16,-104,0,-135,16,107,0,127,16,58,0,110,16,43,0,112,16,37,0,113,16,45,0,134,16,58,0,-93,16,56,0,-11,16,47,0]"
CSI_DATA,133631,d8:b1:90:d9:de:f0,-64,11,-99,-38,66,56,1977467655,100,0,114,0,"[31,-10,34,-9,39,-9,39,-8,41,-8,40,-7,38,-4,38,-3,34,-4,34,-4,31,-4,32,-3,32,-4,31,-3,32,-4,31,-5,32,-5,33,-5,34,-7,32,-8,33,-7,32,-8,31,-8,29,-9,29,-8,29,-8,28,-8,27,-9,0,0,27,-10,26,-10,28,-11,27,-10,28,-10,28,-11,27,-10,28,-11,28,-10,28,-10,27,-9,25,-8,23,-7,23,-8,22,-6,21,-7,20,-6,22,-5,21,-5,22,-4,23,-4,22,-3,22,-2,22,0,23,1,21,2,18,3,17,3]"
CSI_DATA,133632,d8:b1:90:d9:de:f0,-64,11,-99,-38,66,56,1977477932,100,0,114,0,"[30,16,33,19,35,21,35,20,38,20,37,20,34,21,34,18,33,15,31,15,31,13,29,14,32,11,31,9,31,8,31,8,33,6,34,5,35,3,33,2,34,0,35,-2,32,-3,31,-5,31,-4,30,-5,29,-6,28,-7,0,0,28,-10,26,-10,26,-13,27,-14,26,-15,26,-15,26,-16,26,-17,25,-16,25,-17,22,-16,21,-16,20,-15,18,-16,18,-15,17,-15,16,-15,16,-15,17,-15,16,-15,17,-15,17,-16,17,-15,18,-14,19,-14,18,-11,16,-11,15,-9]"
CSI_DATA,133633,d8:b1:90:d9:de:f0,-64,11,-99,-38,66,56,1977488091,100,0,114,0,"[-4,-33,-3,-38,-2,-40,-2,-41,-1,-42,-1,-41,0,-40,0,-38,-1,-35,0,-34,-1,-32,-1,-32,-2,-33,-2,-32,-3,-33,-4,-32,-5,-33,-4,-34,-6,-33,-7,-32,-8,-32,-9,-34,-9,-31,-9,-31,-10,-30,-10,-29,-13,-28,-13,-26,0,0,-15,-26,-13,-26,-14,-26,-16,-27,-16,-27,-16,-28,-17,-27,-16,-27,-15,-26,-15,-25,-14,-23,-14,-23,-13,-21,-13,-20,-10,-19,-10,-19,-10,-18,-10,-18,-11,-19,-10,-18,-10,-19,-10,-21,-10,-22,-8,-21,-6,-20,-5,-19,-3,-20,-1,-18]"
CSI_DATA,133634,d8:b1:90:d9:de:f0,-64,11,-99,-40,67,56,1977498220,100,0,114,0,"[27,17,30,20,30,22,30,24,30,24,29,26,27,25,25,25,23,24,21,24,21,23,21,23,21,23,20,22,20,23,20,22,22,24,23,24,23,24,22,23,22,24,23,24,21,22,22,21,22,21,22,20,20,19,21,19,0,0,20,18,21,18,20,20,21,18,21,21,21,21,20,21,19,22,20,21,18,20,17,20,15,20,14,19,14,18,12,18,13,17,11,18,10,17,11,17,9,19,10,19,8,21,7,22,7,21,5,21,3,19,1,19,-1,16]"
CSI_DATA,133635,d8:b1:90:d9:de:f0,-65,11,-99,-39,67,56,1977509316,100,0,114,0,"[30,10,32,13,34,15,34,16,35,15,34,16,32,17,31,17,31,14,27,15,28,14,28,14,28,13,27,13,28,13,27,12,29,11,31,11,31,11,30,10,31,9,31,8,30,8,29,6,30,7,29,6,28,5,28,3,0,0,28,4,27,2,28,2,29,2,30,2,29,1,30,2,30,2,29,2,28,1,27,2,25,3,23,3,23,3,22,1,22,2,20,3,20,2,21,3,20,3,21,4,20,5,21,7,20,7,20,8,18,8,16,9,14,9]"
CSI_DATA,133636,d8:b1:90:d9:de:f0,-64,11,-99,-37,66,56,1977527640,100,0,114,0,"[34,3,38,3,38,5,38,7,42,5,39,6,39,8,34,8,34,6,33,8,31,6,32,8,31,8,31,8,30,7,31,6,32,5,34,5,33,3,34,4,32,3,32,1,32,2,30,-1,32,1,29,1,28,1,28,0,0,0,28,-2,28,-2,27,-3,31,-3,29,-3,30,-2,30,-2,30,-1,29,-2,30,-1,28,-1,25,1,24,1,22,0,24,-2,22,-1,22,0,22,0,23,0,22,2,23,3,23,3,23,6,22,5,22,6,20,7,18,8,14,8]"
CSI_DATA,133637,d8:b1:90:d9:de:f0,-64,11,-99,-34,65,56,1977538390,100,0,114,0,"[31,-15,33,-17,38,-17,38,-17,40,-18,39,-18,38,-17,35,-16,33,-17,31,-16,29,-16,29,-15,28,-17,28,-18,27,-18,27,-20,26,-21,27,-22,27,-23,25,-23,23,-26,21,-27,21,-27,18,-27,18,-26,16,-26,14,-26,14,-27,0,0,13,-26,10,-27,9,-27,8,-28,8,-30,9,-30,7,-30,8,-31,6,-28,8,-28,6,-28,6,-27,5,-26,4,-23,4,-21,4,-21,3,-21,4,-20,3,-20,4,-21,4,-21,4,-22,4,-22,5,-23,7,-21,8,-20,7,-19,7,-16]"
CSI_DATA,133638,d8:b1:90:d9:de:f0,-64,11,-99,-37,66,56,1977557649,100,0,114,0,"[-4,-31,-3,-36,-2,-39,-1,-41,0,-41,0,-42,2,-38,3,-38,1,-34,2,-32,2,-32,2,-30,1,-32,2,-32,2,-31,1,-31,0,-34,0,-33,-1,-34,-2,-32,-2,-33,-4,-32,-4,-30,-4,-30,-3,-29,-4,-29,-4,-28,-4,-27,0,0,-6,-27,-6,-27,-6,-29,-7,-28,-7,-29,-6,-29,-6,-29,-6,-29,-6,-29,-4,-27,-5,-27,-4,-25,-4,-24,-4,-24,-4,-21,-3,-22,-2,-21,-2,-21,-2,-22,0,-22,0,-22,0,-24,1,-23,2,-23,4,-22,4,-21,5,-19,6,-16]"
CSI_DATA,133639,d8:b1:90:d9:de:f0,-64,11,-99,-41,67,56,1977567827,100,0,114,0,"[1,32,-1,34,-3,39,-5,39,-7,41,-8,39,-10,37,-10,34,-10,32,-10,31,-11,28,-11,29,-11,28,-12,29,-12,28,-13,29,-13,30,-13,31,-13,30,-14,30,-13,29,-12,29,-13,28,-12,28,-14,28,-12,26,-12,26,-12,24,0,0,-13,24,-12,26,-13,25,-15,25,-13,25,-14,26,-16,25,-18,25,-19,23,-19,22,-16,21,-16,20,-16,18,-15,15,-16,14,-16,13,-18,13,-16,12,-18,12,-20,11,-20,11,-22,11,-22,10,-22,8,-23,5,-20,3,-20,2,-18,0]"
CSI_DATA,133640,d8:b1:90:d9:de:f0,-64,11,-99,-41,67,56,1977587640,100,0,114,0,"[-15,-28,-15,-32,-14,-33,-15,-34,-16,-37,-14,-36,-14,-36,-12,-34,-12,-34,-11,-31,-11,-30,-9,-30,-10,-30,-10,-29,-10,-29,-11,-28,-12,-28,-14,-30,-14,-29,-14,-28,-15,-30,-15,-30,-15,-28,-15,-26,-15,-27,-14,-26,-14,-25,-15,-24,0,0,-15,-22,-16,-23,-18,-22,-19,-24,-18,-25,-18,-25,-18,-25,-16,-25,-18,-23,-15,-23,-14,-24,-13,-23,-11,-21,-11,-20,-12,-20,-11,-19,-11,-19,-10,-19,-11,-19,-9,-20,-9,-19,-8,-21,-7,-22,-6,-23,-5,-22,-4,-20,-1,-21,0,-18]"
CSI_DATA,133641,d8:b1:90:d9:de:f0,-64,11,-99,-38,66,56,1977598605,100,0,114,0,"[30,-17,32,-18,35,-18,37,-18,39,-19,37,-18,37,-17,33,-17,31,-18,30,-17,29,-18,29,-17,28,-18,28,-18,26,-19,26,-19,27,-21,27,-22,25,-22,25,-25,22,-26,20,-27,19,-26,17,-27,18,-26,16,-25,16,-25,15,-23,0,0,10,-26,13,-26,10,-26,11,-28,9,-28,9,-30,8,-29,8,-30,8,-29,9,-29,8,-27,8,-27,6,-25,6,-23,7,-22,6,-20,5,-21,6,-20,5,-21,7,-22,7,-22,6,-22,6,-23,8,-23,11,-21,10,-19,9,-19,9,-15]"
CSI_DATA,133642,d8:b1:90:d9:de:f0,-64,11,-99,-39,66,56,1977609394,100,0,114,0,"[23,26,23,31,23,32,22,34,21,38,20,37,17,37,14,35,16,34,13,33,13,32,13,32,12,31,11,31,12,31,12,30,13,31,13,32,14,32,14,31,13,32,14,31,13,30,14,28,14,29,12,28,12,26,14,25,0,0,12,24,12,25,13,25,13,28,11,29,12,30,11,29,11,30,10,29,10,29,8,28,5,28,6,25,5,24,5,23,3,22,3,22,2,21,2,23,1,23,0,23,-1,23,-2,25,-3,25,-5,22,-6,21,-7,20,-10,16]"
CSI_DATA,133643,d8:b1:90:d9:de:f0,-64,11,-99,-41,67,56,1977627651,100,0,114,0,"[26,20,27,24,28,26,27,29,27,30,25,31,24,30,21,29,22,29,19,29,18,28,16,27,15,26,15,27,16,28,16,27,16,28,16,28,18,28,16,28,18,28,16,28,15,27,16,26,15,25,15,24,14,23,15,24,0,0,14,25,14,25,13,25,14,26,13,28,11,28,12,28,11,29,11,27,9,26,8,26,6,26,6,25,6,24,4,23,3,22,3,22,3,21,2,22,0,22,0,24,-2,25,-3,26,-5,24,-6,23,-7,21,-10,20,-9,15]"
CSI_DATA,133644,d8:b1:90:d9:de:f0,-64,11,-99,-42,67,56,1977637747,100,0,114,0,"[-11,32,-14,33,-16,35,-17,37,-16,38,-16,37,-17,35,-16,34,-15,32,-15,31,-13,30,-13,31,-11,29,-10,30,-9,29,-8,30,-7,31,-7,32,-6,32,-5,32,-4,32,-2,33,-2,32,0,31,0,31,0,29,2,29,4,27,0,0,3,26,5,28,5,28,5,29,6,29,6,30,7,30,6,30,6,29,6,28,6,28,6,27,6,25,6,23,5,22,4,21,6,21,5,21,6,22,4,22,4,23,4,25,4,26,3,25,1,23,0,22,0,21,-2,19]"
CSI_DATA,133645,d8:b1:90:d9:de:f0,-64,11,-99,-41,67,56,1977648130,100,0,114,0,"[11,-31,14,-34,16,-36,19,-37,19,-37,20,-33,21,-33,21,-30,19,-30,21,-27,18,-26,19,-26,19,-25,18,-26,18,-25,19,-25,16,-26,18,-26,16,-26,19,-26,18,-27,15,-27,15,-27,14,-26,15,-25,14,-25,13,-24,13,-24,0,0,12,-23,11,-24,13,-23,13,-24,14,-25,15,-26,14,-26,16,-26,15,-24,16,-23,16,-22,16,-21,15,-19,14,-18,15,-16,15,-15,15,-15,16,-15,16,-15,19,-14,19,-14,20,-14,21,-14,22,-12,22,-9,22,-8,21,-7,19,-4]"
CSI_DATA,133646,d8:b1:90:d9:de:f0,-64,11,-99,-40,67,56,1977667694,100,0,114,0,"[-27,18,-30,20,-32,20,-34,20,-34,20,-33,19,-32,18,-31,18,-30,18,-28,18,-26,17,-26,17,-25,17,-24,18,-23,19,-23,19,-24,20,-24,22,-23,22,-22,23,-21,23,-20,24,-17,22,-16,23,-15,21,-15,22,-13,21,-12,23,0,0,-11,23,-11,23,-11,24,-10,25,-10,26,-11,27,-10,26,-10,27,-10,26,-10,26,-10,25,-9,25,-9,24,-8,21,-8,22,-8,22,-8,20,-9,21,-8,21,-9,22,-10,23,-10,23,-10,24,-11,23,-13,20,-13,20,-12,18,-12,15]"
CSI_DATA,133647,d8:b1:90:d9:de:f0,-63,11,-99,-38,66,56,1977677790,100,0,114,0,"[-29,21,-33,21,-35,22,-37,21,-39,21,-38,19,-38,17,-37,16,-35,15,-33,13,-32,11,-31,13,-31,14,-29,13,-29,14,-29,14,-28,14,-30,15,-29,15,-29,16,-28,16,-28,16,-26,14,-25,15,-25,14,-22,15,-21,14,-22,14,0,0,-21,16,-22,16,-22,16,-23,17,-22,16,-26,16,-26,16,-26,16,-26,16,-27,16,-25,16,-21,13,-21,14,-20,11,-21,13,-20,10,-21,11,-21,9,-23,8,-23,8,-25,7,-26,7,-26,6,-28,6,-27,4,-26,2,-25,2,-21,-1]"
CSI_DATA,133648,d8:b1:90:d9:de:f0,-64,11,-99,-39,66,56,1977697670,100,0,114,0,"[15,-32,17,-34,20,-37,22,-38,21,-38,21,-38,21,-34,19,-34,19,-33,19,-32,16,-30,16,-30,13,-30,13,-30,13,-31,12,-31,10,-32,11,-32,10,-32,8,-31,6,-31,5,-31,4,-30,3,-29,3,-28,1,-28,1,-26,1,-28,0,0,-1,-28,-2,-29,-2,-29,-3,-28,-3,-31,-4,-30,-3,-31,-4,-31,-4,-31,-4,-30,-5,-29,-5,-29,-5,-26,-5,-26,-4,-23,-4,-24,-4,-24,-4,-23,-5,-24,-4,-25,-3,-26,-3,-28,-4,-28,-3,-29,-1,-28,0,-29,0,-25,2,-22]"
CSI_DATA,133649,d8:b1:90:d9:de:f0,-64,11,-99,-39,66,56,1977710579,100,0,114,0,"[30,22,31,24,33,28,32,30,32,31,30,31,28,31,26,28,26,26,25,25,23,24,23,24,23,24,21,23,21,23,23,22,24,22,24,22,24,22,23,21,25,21,25,20,25,19,24,17,23,16,24,17,22,15,21,13,0,0,23,13,22,14,23,14,24,15,26,15,25,16,25,15,26,16,26,15,26,16,23,16,23,17,22,15,21,15,21,14,20,15,19,14,20,15,20,15,22,15,22,17,21,19,21,20,21,22,19,21,16,21,14,21,11,20]"
CSI_DATA,133650,d8:b1:90:d9:de:f0,-64,11,-99,-41,67,56,1977728285,100,0,114,0,"[28,21,29,24,30,26,30,27,31,29,28,28,27,27,25,25,26,24,25,23,23,21,22,22,22,21,22,19,22,21,22,19,23,19,24,20,23,19,24,19,25,16,25,18,24,15,24,14,23,13,23,14,22,12,23,10,0,0,24,11,23,10,23,10,25,10,26,10,26,11,27,11,26,11,27,11,26,10,25,10,24,12,24,11,24,10,23,10,21,9,20,9,21,9,23,9,23,10,24,11,23,12,25,13,24,16,23,14,21,15,18,16,14,14]"
CSI_DATA,133651,d8:b1:90:d9:de:f0,-64,11,-99,-42,67,56,1977747707,100,0,114,0,"[33,8,37,13,38,15,38,18,38,19,35,21,33,21,31,20,29,19,27,20,25,19,25,18,25,19,23,19,22,20,22,19,23,19,22,21,22,20,21,19,21,19,22,19,20,18,20,18,20,18,19,18,19,17,18,17,0,0,19,16,18,18,18,19,20,19,19,20,20,21,20,23,20,25,18,22,18,22,16,22,15,23,14,22,13,23,14,22,13,21,11,21,11,21,10,23,10,23,11,26,9,27,7,29,6,30,5,29,3,28,0,26,-2,21]"
CSI_DATA,133652,d8:b1:90:d9:de:f0,-64,11,-99,-38,66,56,1977757743,100,0,114,0,"[-27,-21,-29,-26,-30,-27,-30,-28,-31,-28,-29,-28,-28,-28,-27,-26,-27,-23,-25,-22,-23,-21,-23,-20,-23,-19,-23,-18,-23,-18,-25,-17,-27,-17,-27,-17,-27,-17,-28,-15,-27,-14,-27,-13,-26,-13,-27,-9,-26,-9,-23,-9,-25,-7,-25,-7,0,0,-25,-4,-27,-3,-27,-4,-28,-3,-28,-4,-30,-3,-29,-2,-30,-3,-31,-2,-30,-2,-28,-2,-28,-2,-28,-1,-26,0,-27,0,-26,0,-25,1,-26,1,-26,2,-27,1,-29,2,-28,1,-29,-1,-29,-1,-29,0,-28,-2,-25,-3,-21,-4]"
CSI_DATA,133653,d8:b1:90:d9:de:f0,-64,11,-99,-34,65,56,1977767803,100,0,114,0,"[13,-33,16,-34,17,-38,20,-37,19,-39,20,-37,20,-33,20,-31,18,-30,18,-28,18,-27,18,-26,17,-26,17,-26,16,-26,16,-25,15,-27,17,-28,17,-28,16,-25,15,-28,13,-27,14,-26,10,-26,11,-23,11,-23,10,-23,10,-23,0,0,10,-23,9,-23,10,-26,9,-27,9,-29,10,-29,10,-29,11,-29,11,-28,13,-28,13,-28,11,-27,11,-26,10,-25,11,-23,10,-22,10,-22,11,-22,11,-23,13,-23,14,-25,15,-27,15,-27,17,-23,18,-22,18,-21,18,-19,17,-16]"
CSI_DATA,133654,d8:b1:90:d9:de:f0,-64,11,-99,-41,67,56,1977787708,100,0,114,0,"[-20,25,-23,27,-25,29,-27,30,-27,28,-26,28,-26,26,-25,25,-23,24,-21,24,-20,22,-19,22,-19,23,-19,23,-16,24,-16,23,-15,25,-16,24,-14,25,-14,25,-12,26,-11,26,-10,26,-9,25,-9,24,-7,25,-6,24,-6,24,0,0,-5,25,-5,26,-4,26,-3,28,-2,28,-3,29,-2,30,-3,32,-2,30,-1,31,0,30,0,30,0,29,1,28,0,27,1,26,2,26,2,26,2,26,2,27,3,28,3,29,3,29,2,31,0,31,0,29,-1,28,-2,23]"
CSI_DATA,133655,d8:b1:90:d9:de:f0,-64,11,-99,-39,66,56,1977807807,100,0,114,0,"[26,23,26,26,26,30,25,32,25,33,22,33,20,33,17,32,16,30,14,29,13,26,12,28,12,29,12,28,11,28,10,28,11,28,11,29,11,29,10,28,11,29,11,28,11,28,11,25,10,26,8,25,8,24,8,23,0,0,8,25,8,25,8,26,10,28,10,30,10,31,10,31,8,32,8,31,6,32,6,31,5,31,4,29,3,29,5,28,3,28,3,28,2,28,4,28,1,29,1,30,1,32,-1,32,-4,33,-5,30,-5,29,-7,28,-8,24]"
CSI_DATA,133656,d8:b1:90:d9:de:f0,-64,11,-99,-35,65,56,1977827682,100,0,114,0,"[-4,32,-5,35,-8,38,-10,39,-11,39,-11,37,-12,35,-13,33,-11,31,-11,30,-11,29,-11,28,-10,28,-10,28,-10,28,-10,28,-8,28,-8,29,-8,28,-7,29,-7,29,-6,30,-6,29,-5,28,-5,28,-4,26,-4,26,-4,26,0,0,-3,28,-3,29,-2,29,-2,30,-2,32,-2,33,-1,33,-1,34,-2,34,-2,34,-2,34,-1,33,-1,31,-1,30,-1,29,-1,29,0,29,-1,29,-1,30,-1,30,-1,31,-1,32,-1,33,-3,33,-4,31,-5,30,-5,29,-6,25]"
CSI_DATA,133657,d8:b1:90:d9:de:f0,-64,11,-99,-38,66,56,1977837658,100,0,114,0,"[31,-10,35,-9,35,-6,37,-5,40,-4,38,-2,39,0,35,1,33,0,32,1,29,1,31,3,29,3,30,3,28,3,27,3,27,4,29,4,29,4,29,3,30,5,30,6,28,4,27,3,28,3,26,4,26,4,26,3,0,0,28,2,27,4,28,4,31,4,30,5,32,6,33,5,33,6,33,6,34,6,32,7,30,7,28,7,27,7,28,6,27,7,28,8,28,7,29,9,28,8,29,10,28,10,29,13,29,14,28,16,23,15,22,16,18,16]"
CSI_DATA,133658,d8:b1:90:d9:de:f0,-64,11,-99,-41,67,56,1977847709,100,0,114,0,"[28,12,31,14,32,14,32,16,32,16,31,15,30,18,28,15,29,13,27,13,26,12,25,13,25,10,25,10,24,10,25,9,25,9,26,8,27,7,26,6,28,7,27,5,28,5,27,4,26,2,25,2,25,0,26,0,0,0,27,-2,26,-2,27,-2,28,-4,30,-5,31,-5,31,-7,31,-6,30,-8,31,-9,30,-9,29,-9,28,-10,26,-10,26,-11,25,-10,25,-10,25,-12,25,-12,25,-14,26,-13,26,-14,27,-14,28,-13,27,-14,27,-13,25,-10,23,-9]"
CSI_DATA,133659,d8:b1:90:d9:de:f0,-64,11,-99,-39,66,56,1977867693,100,0,114,0,"[21,-24,25,-25,29,-24,31,-24,31,-23,31,-21,31,-19,30,-16,29,-17,28,-14,28,-14,26,-12,26,-11,26,-11,26,-10,26,-10,28,-11,28,-11,29,-11,29,-10,31,-11,29,-11,28,-11,26,-11,26,-10,25,-8,24,-8,25,-11,0,0,26,-11,26,-11,28,-11,30,-11,30,-12,31,-12,32,-12,31,-11,32,-12,32,-12,31,-11,31,-10,29,-8,29,-8,28,-8,28,-7,26,-7,29,-6,29,-7,30,-6,30,-5,31,-5,31,-4,32,-3,32,-1,31,0,28,1,24,3]"
CSI_DATA,133660,d8:b1:90:d9:de:f0,-64,11,-99,-42,67,56,1977877843,100,0,114,0,"[-23,20,-26,21,-29,23,-30,21,-29,25,-28,21,-28,19,-27,18,-26,20,-25,19,-22,18,-25,18,-22,16,-21,17,-21,18,-22,19,-19,20,-21,20,-20,20,-20,21,-19,22,-18,25,-18,25,-17,25,-16,23,-15,22,-15,22,-14,23,0,0,-10,25,-11,28,-10,27,-11,30,-8,30,-8,31,-7,33,-8,32,-6,31,-7,32,-7,31,-5,32,-4,31,-4,29,-3,28,-2,27,-2,28,-1,27,-1,28,-1,29,1,30,1,31,0,32,0,31,-2,30,-2,28,-2,27,-3,23]"
CSI_DATA,133661,d8:b1:90:d9:de:f0,-64,11,-99,-35,66,56,1977893677,100,0,114,0,"[29,-7,32,-7,34,-6,34,-5,35,-5,33,-4,33,-2,31,-2,29,-3,28,-1,25,-2,26,0,28,-1,26,-1,27,-1,26,-1,27,-2,29,-2,28,-3,28,-3,28,-3,28,-4,27,-4,27,-6,26,-4,25,-5,24,-5,25,-5,0,0,25,-8,26,-7,26,-9,28,-10,27,-10,30,-11,30,-11,31,-11,31,-12,31,-13,30,-13,28,-10,27,-12,25,-12,26,-13,24,-13,24,-13,24,-12,24,-13,25,-12,25,-12,26,-13,26,-12,29,-12,29,-11,28,-10,25,-9,22,-8]"
CSI_DATA,133662,d8:b1:90:d9:de:f0,-63,11,-99,-41,66,56,1977914986,100,0,114,0,"[29,-13,34,-13,35,-13,36,-11,38,-9,38,-8,36,-7,35,-4,35,-7,34,-4,32,-5,30,-4,30,-4,30,-4,30,-3,30,-4,32,-5,33,-4,33,-5,32,-5,33,-5,32,-7,30,-7,30,-7,30,-7,28,-7,28,-8,28,-8,0,0,28,-10,28,-9,29,-10,32,-13,32,-11,33,-13,32,-14,33,-15,33,-14,33,-15,32,-14,30,-14,30,-14,28,-13,28,-11,28,-11,26,-11,27,-11,28,-14,28,-13,29,-14,30,-13,30,-13,30,-10,32,-9,29,-8,27,-5,23,-3]"
CSI_DATA,133663,d8:b1:90:d9:de:f0,-63,11,-99,-41,66,56,1977928924,100,0,114,0,"[-26,-19,-28,-22,-29,-24,-30,-26,-32,-27,-30,-28,-28,-27,-28,-26,-27,-23,-26,-22,-23,-20,-23,-20,-26,-20,-26,-19,-24,-20,-26,-19,-27,-19,-28,-16,-28,-17,-29,-15,-30,-16,-30,-15,-30,-14,-30,-11,-29,-10,-29,-10,-29,-9,-29,-7,0,0,-30,-4,-30,-4,-32,-3,-33,-3,-35,-2,-35,-1,-36,-1,-36,0,-36,1,-35,3,-35,2,-33,2,-32,3,-32,4,-30,4,-30,5,-28,5,-29,7,-30,8,-29,8,-30,9,-30,8,-30,7,-33,7,-32,7,-30,5,-26,3,-23,2]"
CSI_DATA,133664,d8:b1:90:d9:de:f0,-63,11,-99,-40,66,56,1977947788,100,0,114,0,"[18,27,18,32,17,34,17,36,17,38,15,36,13,35,12,34,12,31,11,32,11,30,10,30,11,30,10,28,11,30,11,30,13,31,13,31,13,32,15,31,16,30,16,31,15,28,16,27,17,28,16,27,17,26,16,24,0,0,19,24,18,24,20,25,21,25,24,26,24,26,25,26,25,27,24,25,25,25,24,25,24,25,23,23,21,20,20,20,20,19,20,18,20,18,21,18,20,19,23,20,23,21,23,23,21,23,20,20,18,21,15,20,12,18]"
CSI_DATA,133665,d8:b1:90:d9:de:f0,-63,11,-99,-40,66,56,1977967648,100,0,114,0,"[-21,-26,-21,-30,-23,-32,-23,-33,-21,-34,-21,-34,-20,-33,-20,-32,-20,-28,-20,-28,-19,-26,-20,-25,-21,-24,-21,-24,-21,-23,-23,-23,-25,-21,-26,-21,-26,-23,-27,-19,-28,-19,-28,-18,-28,-16,-28,-15,-30,-13,-28,-13,-30,-10,-31,-9,0,0,-30,-8,-30,-5,-30,-4,-33,-4,-33,-3,-34,-4,-35,-1,-35,-1,-34,0,-34,2,-33,2,-31,3,-31,4,-28,4,-28,4,-26,4,-25,5,-26,6,-26,6,-27,8,-28,9,-27,8,-27,8,-28,8,-28,9,-27,6,-24,4,-20,3]"
CSI_DATA,133666,d8:b1:90:d9:de:f0,-63,11,-99,-40,66,56,1977978289,100,0,114,0,"[-33,-10,-34,-12,-36,-16,-38,-16,-38,-18,-35,-19,-34,-20,-32,-18,-31,-17,-28,-17,-27,-17,-27,-16,-27,-17,-27,-17,-27,-17,-27,-17,-28,-17,-30,-17,-30,-18,-30,-16,-31,-16,-31,-16,-30,-15,-30,-13,-31,-12,-28,-13,-28,-12,-27,-10,0,0,-30,-10,-30,-10,-28,-11,-32,-11,-32,-10,-32,-11,-33,-11,-33,-11,-33,-10,-33,-10,-32,-10,-30,-11,-28,-10,-26,-9,-27,-10,-25,-10,-24,-10,-26,-8,-25,-9,-26,-10,-27,-10,-26,-11,-26,-13,-26,-15,-25,-13,-23,-13,-19,-15,-15,-13]"
CSI_DATA,133667,d8:b1:90:d9:de:f0,-63,11,-99,-39,66,56,1977998328,100,0,114,0,"[0,-32,2,-35,3,-38,4,-38,5,-41,5,-39,5,-38,6,-35,4,-35,5,-34,4,-32,3,-33,3,-32,2,-33,2,-33,1,-33,-1,-33,-1,-34,-2,-33,-3,-33,-4,-34,-5,-34,-6,-33,-7,-32,-7,-30,-7,-29,-8,-29,-10,-26,0,0,-13,-26,-13,-28,-13,-28,-15,-29,-16,-30,-16,-30,-17,-29,-17,-30,-19,-28,-17,-28,-19,-28,-17,-25,-17,-23,-16,-22,-15,-21,-14,-21,-15,-20,-15,-19,-15,-19,-15,-20,-16,-21,-17,-22,-17,-23,-17,-23,-15,-21,-13,-21,-12,-21,-8,-19]"
CSI_DATA,133668,d8:b1:90:d9:de:f0,-63,11,-99,-40,66,56,1978018976,100,0,114,0,"[10,-32,12,-35,15,-36,16,-38,15,-39,16,-39,15,-36,15,-35,13,-35,11,-34,10,-33,11,-32,9,-32,8,-32,8,-32,5,-32,5,-34,4,-35,4,-35,2,-34,0,-35,-1,-35,-2,-33,-3,-31,-3,-32,-5,-31,-6,-30,-9,-27,0,0,-9,-27,-11,-27,-12,-28,-13,-28,-15,-30,-15,-28,-16,-30,-17,-31,-19,-27,-18,-27,-17,-27,-16,-26,-17,-25,-16,-23,-17,-20,-16,-20,-16,-19,-16,-18,-16,-18,-16,-19,-17,-19,-18,-21,-18,-21,-17,-24,-16,-21,-15,-20,-11,-20,-8,-17]"
CSI_DATA,133669,d8:b1:90:d9:de:f0,-64,11,-99,-40,67,56,1978037796,100,0,114,0,"[-32,-5,-33,-8,-34,-9,-36,-10,-39,-12,-37,-12,-34,-13,-33,-12,-32,-10,-30,-11,-28,-10,-28,-11,-28,-10,-28,-9,-28,-10,-28,-9,-29,-7,-30,-7,-30,-7,-31,-6,-28,-5,-30,-3,-28,-4,-26,-2,-28,-2,-26,-3,-25,-2,-26,0,0,0,-26,1,-25,2,-26,1,-27,2,-27,3,-29,2,-29,2,-29,3,-29,4,-28,3,-28,2,-26,1,-24,1,-23,2,-23,2,-22,2,-22,1,-22,2,-22,3,-24,2,-24,1,-24,1,-23,-1,-24,-2,-23,-3,-21,-3,-20,-4,-16,-4]"
CSI_DATA,133670,d8:b1:90:d9:de:f0,-64,11,-99,-35,66,56,1978057628,100,0,114,0,"[1,-33,2,-37,3,-38,3,-39,3,-42,3,-39,4,-39,3,-36,1,-34,2,-33,1,-31,0,-32,-1,-31,-2,-30,-3,-31,-2,-30,-4,-31,-5,-31,-6,-30,-7,-29,-8,-30,-10,-29,-10,-27,-10,-26,-12,-24,-12,-24,-13,-22,-14,-20,0,0,-15,-20,-16,-19,-16,-19,-18,-20,-18,-20,-19,-20,-19,-20,-20,-19,-20,-18,-20,-18,-19,-17,-19,-17,-18,-16,-19,-14,-18,-13,-17,-13,-18,-11,-16,-11,-18,-11,-18,-11,-20,-12,-19,-13,-20,-14,-20,-14,-18,-13,-17,-14,-15,-15,-12,-14]"
CSI_DATA,133671,d8:b1:90:d9:de:f0,-65,11,-99,-34,66,56,1978067762,100,0,114,0,"[-25,21,-28,21,-31,22,-32,22,-33,21,-33,20,-32,19,-32,17,-28,17,-27,15,-26,15,-27,14,-26,14,-25,14,-25,14,-25,14,-25,16,-26,17,-26,16,-25,17,-24,18,-23,17,-21,17,-20,17,-20,16,-19,17,-18,16,-17,15,0,0,-18,17,-16,17,-16,17,-18,18,-17,19,-18,20,-18,19,-17,20,-18,19,-18,19,-17,18,-15,17,-16,16,-14,16,-14,15,-14,13,-14,13,-15,13,-14,13,-16,14,-16,14,-17,14,-17,14,-19,13,-21,11,-20,10,-18,10,-17,7]"
CSI_DATA,133672,d8:b1:90:d9:de:f0,-65,11,-99,-41,68,56,1978077912,100,0,114,0,"[-25,-19,-27,-21,-27,-25,-26,-27,-26,-28,-24,-28,-21,-29,-18,-28,-18,-25,-16,-26,-15,-24,-15,-24,-14,-24,-13,-24,-13,-25,-12,-24,-13,-26,-14,-25,-14,-26,-13,-25,-13,-24,-13,-25,-11,-24,-12,-23,-11,-23,-10,-21,-9,-22,-9,-20,0,0,-9,-19,-9,-21,-9,-21,-11,-23,-9,-23,-8,-24,-9,-25,-8,-25,-7,-24,-7,-24,-7,-23,-4,-22,-4,-21,-3,-20,-3,-19,-2,-18,0,-19,0,-18,0,-18,0,-20,0,-21,1,-21,2,-23,4,-23,5,-21,6,-20,8,-19,8,-15]"
CSI_DATA,133673,d8:b1:90:d9:de:f0,-65,11,-99,-38,67,56,1978098342,100,0,114,0,"[24,20,25,25,26,27,26,29,24,30,23,30,21,29,20,28,18,27,18,26,16,26,14,24,15,24,14,24,15,24,14,26,17,26,15,25,16,26,16,24,16,24,15,24,15,22,14,22,13,20,14,19,13,18,14,18,0,0,15,18,13,19,14,19,15,20,14,20,14,21,15,21,14,21,13,21,12,20,12,20,11,20,9,21,9,19,9,19,10,19,8,18,9,17,8,18,8,20,8,21,7,23,5,22,4,24,4,24,2,23,0,20,0,20]"
CSI_DATA,133674,d8:b1:90:d9:de:f0,-65,11,-99,-38,67,56,1978108916,100,0,114,0,"[20,24,22,28,22,29,22,29,24,31,23,29,21,30,21,28,21,26,20,26,19,23,19,24,18,22,18,21,19,21,19,20,21,19,23,20,22,19,23,18,22,17,23,15,22,15,22,13,22,13,19,13,20,11,21,9,0,0,20,7,21,7,21,8,23,7,23,7,23,7,23,6,24,8,23,6,24,7,24,7,22,6,20,5,19,5,20,4,19,4,19,4,20,3,20,3,20,4,21,4,22,5,23,7,23,7,22,6,21,8,19,8,17,8]"
CSI_DATA,133675,d8:b1:90:d9:de:f0,-65,11,-99,-36,67,56,1978122414,100,0,114,0,"[17,26,17,30,17,33,16,34,16,35,14,36,11,34,11,33,10,31,9,30,9,28,7,27,7,27,7,27,7,28,7,27,7,27,7,28,7,28,6,27,7,27,8,26,6,24,7,22,7,22,6,22,6,22,6,20,0,0,4,20,6,20,5,21,5,22,5,23,3,22,5,22,4,22,2,22,2,22,2,22,1,22,0,22,0,21,0,19,0,19,0,19,0,19,0,20,-2,20,-1,21,-3,22,-4,23,-5,23,-7,21,-8,21,-9,19,-9,15]"
CSI_DATA,133676,d8:b1:90:d9:de:f0,-65,11,-99,-39,67,56,1978137740,100,0,114,0,"[-13,-33,-11,-35,-10,-39,-9,-40,-6,-43,-5,-41,-3,-40,-1,-37,-2,-35,-1,-33,0,-31,1,-30,3,-31,3,-29,3,-29,2,-29,2,-29,3,-30,4,-29,4,-29,4,-28,2,-27,3,-27,2,-25,4,-25,4,-23,4,-23,3,-21,0,0,5,-22,5,-22,5,-22,6,-23,6,-24,8,-25,7,-25,9,-25,9,-24,12,-24,12,-21,11,-22,11,-20,11,-20,11,-19,12,-18,12,-18,12,-17,13,-17,14,-19,16,-19,17,-19,19,-20,21,-18,21,-14,21,-13,21,-12,20,-8]"
CSI_DATA,133677,d8:b1:90:d9:de:f0,-64,11,-99,-39,67,56,1978148352,100,0,114,0,"[-23,24,-26,25,-29,27,-31,27,-32,27,-32,26,-30,24,-30,23,-27,22,-26,20,-24,19,-24,18,-24,18,-22,18,-23,18,-22,19,-22,20,-23,19,-22,19,-22,20,-20,19,-20,19,-19,18,-17,18,-17,17,-16,17,-15,17,-16,18,0,0,-14,17,-15,17,-15,18,-16,19,-15,19,-16,21,-16,19,-17,21,-17,20,-17,21,-18,19,-15,18,-15,19,-14,18,-14,17,-15,18,-15,17,-15,17,-15,17,-17,18,-17,19,-16,20,-17,20,-20,20,-21,18,-21,17,-19,15,-18,12]"
CSI_DATA,133678,d8:b1:90:d9:de:f0,-65,11,-99,-38,67,56,1978167597,100,0,114,0,"[16,-28,19,-29,22,-32,24,-32,25,-29,26,-27,25,-24,25,-23,26,-22,25,-20,25,-18,23,-17,23,-17,22,-16,22,-15,24,-15,22,-15,23,-13,24,-14,23,-13,23,-13,22,-12,22,-11,20,-11,22,-10,19,-9,19,-10,19,-10,0,0,21,-8,20,-9,21,-8,24,-9,23,-8,25,-8,25,-8,26,-8,26,-7,26,-6,26,-6,24,-5,25,-5,24,-4,23,-4,24,-2,21,-3,24,-2,25,-3,26,-1,26,-1,28,0,27,0,29,0,29,2,27,4,24,3,22,5]"
CSI_DATA,133679,d8:b1:90:d9:de:f0,-65,11,-99,-35,66,56,1978177762,100,0,114,0,"[30,-15,33,-15,36,-16,36,-14,38,-15,37,-14,35,-13,34,-13,31,-12,30,-12,28,-11,26,-11,26,-11,26,-13,25,-12,24,-13,24,-14,24,-14,24,-14,23,-14,22,-16,22,-16,21,-16,20,-15,20,-16,18,-15,17,-16,18,-16,0,0,18,-17,16,-18,17,-18,18,-19,16,-21,17,-21,17,-22,18,-23,17,-22,17,-24,16,-23,15,-22,14,-22,13,-22,14,-21,13,-20,12,-22,11,-21,12,-22,12,-24,12,-24,12,-26,11,-26,12,-27,15,-26,14,-25,12,-23,12,-20]"
CSI_DATA,133680,d8:b1:90:d9:de:f0,-65,11,-99,-38,67,56,1978187786,100,0,114,0,"[-6,-30,-6,-33,-5,-35,-4,-35,-4,-37,-2,-36,-1,-34,0,-33,0,-31,0,-29,0,-27,0,-27,0,-26,0,-25,0,-26,0,-25,0,-26,0,-26,0,-26,0,-26,0,-26,0,-26,0,-25,0,-24,0,-24,0,-23,0,-24,0,-23,0,0,0,-22,-1,-25,-1,-25,-1,-25,0,-26,0,-27,0,-28,0,-28,0,-29,0,-29,0,-29,-1,-28,-1,-26,0,-26,-1,-24,0,-25,-1,-24,0,-23,-1,-24,0,-25,-1,-26,0,-28,0,-29,0,-30,0,-29,1,-28,2,-26,3,-23]"
CSI_DATA,133681,d8:b1:90:d9:de:f0,-65,11,-99,-38,67,56,1978207776,100,0,114,0,"[5,-28,6,-30,9,-32,10,-33,10,-33,9,-32,10,-31,10,-29,8,-27,9,-26,8,-24,8,-23,6,-23,6,-23,7,-23,6,-24,5,-25,5,-26,5,-26,5,-24,4,-26,3,-26,3,-25,2,-24,1,-24,0,-25,0,-24,0,-23,0,0,0,-24,-1,-24,-1,-25,-3,-28,-3,-28,-3,-28,-5,-29,-4,-29,-5,-29,-6,-27,-6,-28,-6,-27,-7,-26,-7,-25,-8,-22,-8,-22,-8,-22,-9,-22,-10,-22,-10,-23,-11,-25,-13,-26,-13,-26,-14,-27,-12,-24,-12,-24,-9,-24,-7,-21]"
CSI_DATA,133682,d8:b1:90:d9:de:f0,-64,11,-99,-39,67,56,1978217910,100,0,114,0,"[-30,-3,-32,-4,-34,-6,-35,-8,-34,-9,-33,-10,-30,-11,-30,-11,-28,-11,-26,-10,-25,-10,-24,-11,-24,-11,-24,-11,-24,-12,-23,-12,-24,-12,-23,-12,-24,-13,-23,-12,-25,-13,-25,-13,-23,-12,-23,-12,-22,-12,-23,-13,-22,-11,-23,-11,0,0,-25,-10,-22,-12,-25,-12,-25,-11,-27,-11,-26,-13,-28,-12,-27,-13,-28,-12,-29,-11,-27,-11,-28,-13,-25,-12,-26,-11,-25,-11,-24,-11,-23,-9,-24,-9,-24,-8,-27,-10,-28,-10,-28,-10,-27,-12,-28,-12,-28,-13,-26,-13,-22,-13,-20,-13]"
CSI_DATA,133683,d8:b1:90:d9:de:f0,-64,11,-99,-39,67,56,1978228069,100,0,114,0,"[19,21,19,25,19,27,17,29,17,31,15,31,12,30,9,28,9,28,6,27,5,25,5,27,3,26,2,25,3,26,2,26,1,26,1,28,1,28,-1,28,0,29,0,28,-2,27,-1,27,-2,27,-2,27,-3,26,-3,24,0,0,-3,28,-3,28,-4,28,-3,29,-5,29,-6,30,-6,31,-7,31,-6,30,-8,30,-7,30,-9,30,-8,28,-8,27,-8,27,-8,25,-8,25,-8,23,-8,24,-10,25,-11,27,-11,27,-13,28,-15,27,-15,24,-15,23,-16,21,-15,18]"
CSI_DATA,133684,d8:b1:90:d9:de:f0,-64,11,-99,-41,67,56,1978248202,100,0,114,0,"[-27,-7,-30,-9,-30,-12,-31,-12,-31,-15,-29,-15,-29,-18,-26,-16,-26,-15,-24,-15,-23,-15,-22,-16,-21,-16,-21,-18,-22,-18,-22,-18,-22,-18,-23,-19,-22,-19,-23,-19,-23,-19,-23,-18,-23,-18,-22,-18,-23,-18,-22,-18,-21,-18,-21,-15,0,0,-23,-15,-22,-16,-22,-18,-24,-18,-25,-18,-26,-19,-26,-19,-27,-20,-27,-20,-28,-19,-26,-18,-23,-18,-23,-16,-22,-14,-22,-14,-21,-14,-21,-14,-22,-13,-23,-13,-22,-14,-23,-15,-23,-16,-23,-18,-23,-19,-23,-18,-20,-18,-18,-18,-13,-15]"
CSI_DATA,133685,d8:b1:90:d9:de:f0,-64,11,-99,-36,66,56,1978267728,100,0,114,0,"[-12,26,-13,28,-16,30,-17,31,-18,30,-17,30,-17,29,-17,27,-14,26,-14,27,-12,25,-13,24,-12,25,-12,24,-12,26,-11,26,-10,27,-11,28,-10,29,-8,28,-8,29,-7,29,-6,28,-5,27,-3,27,-3,27,-1,25,-1,26,0,0,1,26,2,26,2,27,4,28,5,29,5,30,7,30,6,29,7,28,7,27,8,26,8,27,9,26,10,25,9,22,10,22,9,22,9,21,11,22,13,21,13,22,12,24,13,23,13,24,11,23,10,21,8,20,7,18]"
CSI_DATA,133686,d8:b1:90:d9:de:f0,-64,11,-99,-39,67,56,1978277797,100,0,114,0,"[14,28,14,31,14,34,13,35,13,36,11,35,10,35,9,33,8,31,7,30,7,28,6,29,7,27,7,28,7,28,7,29,8,30,7,31,8,29,8,30,8,28,9,28,9,27,10,27,9,26,9,25,9,25,9,24,0,0,10,23,11,25,11,24,12,25,12,25,12,27,13,27,13,27,13,27,12,26,12,25,12,25,12,23,11,23,11,22,12,21,11,21,12,21,12,20,11,22,12,23,12,24,11,25,11,24,9,23,8,22,6,21,5,19]"
CSI_DATA,133687,d8:b1:90:d9:de:f0,-65,11,-99,-38,67,56,1978297708,100,0,114,0,"[19,-22,22,-23,25,-26,26,-25,27,-26,25,-23,24,-23,22,-22,21,-22,19,-22,19,-22,18,-22,17,-21,16,-22,16,-23,16,-23,15,-24,17,-23,15,-23,13,-24,11,-25,10,-25,8,-25,9,-25,7,-25,7,-23,6,-23,4,-24,0,0,3,-23,3,-26,2,-25,2,-27,1,-26,1,-28,0,-29,0,-29,0,-29,0,-29,0,-27,-1,-27,-1,-26,-1,-24,0,-23,0,-22,-1,-22,-2,-21,-3,-21,-3,-24,-4,-24,-3,-25,-4,-26,-3,-26,-1,-26,-2,-24,0,-23,0,-20]"
CSI_DATA,133688,d8:b1:90:d9:de:f0,-65,11,-99,-34,66,56,1978317664,100,0,114,0,"[-28,14,-32,15,-34,14,-34,12,-35,12,-34,11,-34,8,-33,7,-30,8,-30,4,-27,4,-27,3,-27,4,-27,3,-26,2,-27,2,-26,3,-27,3,-26,2,-26,2,-26,2,-26,3,-24,1,-24,2,-24,0,-22,1,-22,1,-23,1,0,0,-22,1,-22,2,-22,2,-26,2,-25,1,-26,0,-27,0,-27,0,-28,0,-28,0,-28,0,-26,0,-25,-1,-24,-1,-24,-1,-23,-1,-24,-2,-23,-2,-24,-3,-26,-4,-26,-5,-27,-6,-26,-7,-27,-8,-27,-11,-25,-11,-22,-11,-19,-11]"
CSI_DATA,133689,d8:b1:90:d9:de:f0,-64,11,-99,-40,67,56,1978327673,100,0,114,0,"[17,-27,19,-29,21,-30,21,-31,22,-33,21,-32,20,-30,19,-28,16,-28,16,-26,14,-25,16,-24,14,-24,14,-24,13,-24,12,-25,11,-26,11,-26,9,-26,8,-25,7,-26,5,-26,5,-26,3,-25,4,-24,4,-23,4,-22,2,-22,0,0,-1,-23,-1,-25,-2,-25,-3,-26,-3,-27,-4,-29,-5,-28,-5,-31,-6,-29,-5,-30,-6,-29,-6,-29,-7,-27,-8,-25,-8,-25,-7,-24,-9,-24,-8,-23,-10,-23,-11,-24,-12,-25,-12,-27,-12,-28,-11,-29,-10,-28,-11,-26,-10,-27,-7,-25]"
CSI_DATA,133690,d8:b1:90:d9:de:f0,-64,11,-99,-37,66,56,1978347688,100,0,114,0,"[13,-28,16,-30,19,-31,21,-31,22,-33,22,-29,24,-27,23,-26,21,-24,22,-22,20,-21,21,-20,21,-19,21,-18,20,-16,20,-16,20,-19,22,-19,21,-18,20,-18,21,-18,20,-18,21,-15,18,-16,19,-15,18,-14,18,-14,18,-14,0,0,19,-14,19,-16,20,-16,22,-18,21,-19,23,-20,24,-19,26,-19,25,-19,27,-19,25,-19,25,-16,23,-16,22,-15,23,-15,22,-14,22,-14,23,-14,23,-14,26,-13,27,-14,27,-15,28,-13,30,-13,31,-11,29,-9,29,-9,26,-5]"
CSI_DATA,133691,d8:b1:90:d9:de:f0,-64,11,-99,-39,67,56,1978358116,100,0,114,0,"[-23,-20,-24,-22,-26,-24,-25,-26,-24,-26,-23,-26,-22,-25,-22,-23,-21,-21,-20,-21,-18,-19,-19,-19,-19,-18,-18,-18,-18,-17,-18,-17,-19,-16,-20,-16,-19,-17,-20,-14,-21,-14,-21,-14,-20,-14,-20,-12,-20,-12,-20,-12,-20,-11,-22,-9,0,0,-22,-8,-23,-9,-24,-8,-25,-10,-26,-7,-28,-6,-30,-7,-30,-7,-31,-7,-31,-5,-31,-5,-29,-5,-28,-4,-28,-2,-26,-2,-27,-2,-27,-2,-28,1,-29,0,-30,1,-32,1,-33,0,-33,1,-34,0,-34,-1,-33,-1,-30,-2,-26,-3]"
CSI_DATA,133692,d8:b1:90:d9:de:f0,-63,11,-99,-38,66,56,1978377725,100,0,114,0,"[19,-26,21,-27,23,-27,25,-26,27,-27,27,-22,27,-21,27,-20,25,-19,25,-16,22,-17,23,-15,22,-14,23,-14,22,-13,22,-13,23,-14,25,-15,23,-14,25,-14,23,-14,23,-14,25,-14,22,-15,23,-14,21,-13,21,-14,22,-14,0,0,22,-15,23,-17,23,-17,26,-18,26,-18,27,-19,27,-20,29,-19,28,-19,30,-19,30,-20,28,-19,27,-18,25,-18,26,-18,27,-17,25,-18,26,-18,27,-18,27,-18,29,-19,29,-19,30,-19,31,-17,31,-16,30,-13,29,-13,25,-9]"
CSI_DATA,133693,d8:b1:90:d9:de:f0,-63,11,-99,-36,65,56,1978402731,100,0,114,0,"[17,25,17,28,16,32,13,33,11,33,10,33,8,31,5,31,5,30,4,28,3,26,2,26,1,27,1,26,1,27,1,27,1,30,1,31,0,32,0,31,1,33,1,33,0,32,1,31,0,32,0,31,0,31,-1,30,0,0,0,31,0,32,-1,33,-1,35,-1,38,-3,39,-1,39,-3,40,-2,38,-3,38,-4,36,-3,36,-4,34,-4,33,-4,32,-6,32,-5,31,-5,32,-5,32,-8,31,-8,31,-9,33,-10,34,-12,34,-13,31,-15,30,-15,26,-16,23]"
CSI_DATA,133694,d8:b1:90:d9:de:f0,-63,11,-99,-38,65,56,1978419911,100,0,114,0,"[17,25,17,28,17,31,15,34,15,34,14,35,12,33,11,33,11,31,8,31,8,30,7,30,8,30,9,30,8,30,8,31,9,33,9,31,11,34,11,33,11,34,13,34,11,33,12,34,12,31,13,33,14,33,13,29,0,0,14,31,14,31,17,33,17,34,19,35,18,35,19,35,18,36,19,34,18,33,18,34,18,33,17,33,17,30,15,26,15,28,15,26,15,25,15,26,15,26,15,29,15,30,14,30,14,31,13,30,12,29,8,28,7,25]"
CSI_DATA,133695,d8:b1:90:d9:de:f0,-64,11,-99,-42,67,56,1978433459,100,0,114,0,"[-1,-26,-1,-28,0,-30,0,-30,1,-32,1,-32,2,-30,2,-29,1,-29,0,-28,0,-27,-1,-26,-1,-26,-2,-27,-2,-28,-3,-28,-4,-29,-5,-29,-7,-30,-7,-29,-9,-30,-10,-30,-11,-29,-13,-27,-14,-28,-14,-27,-15,-27,-17,-23,0,0,-18,-22,-20,-23,-20,-23,-22,-25,-23,-25,-25,-25,-27,-22,-28,-22,-27,-21,-27,-19,-27,-20,-26,-18,-26,-17,-25,-16,-25,-15,-23,-14,-23,-13,-23,-10,-26,-11,-27,-11,-28,-10,-27,-10,-28,-11,-28,-13,-27,-11,-25,-13,-22,-13,-19,-11]"
CSI_DATA,133696,d8:b1:90:d9:de:f0,-63,11,-99,-40,66,56,1978447640,100,0,114,0,"[24,-16,27,-17,31,-17,32,-15,34,-13,35,-12,34,-10,33,-9,31,-8,31,-6,30,-5,28,-5,31,-5,32,-5,31,-5,31,-4,33,-5,34,-4,35,-4,33,-4,35,-4,34,-4,33,-3,33,-4,34,-5,31,-4,32,-4,33,-3,0,0,32,-5,32,-4,33,-4,34,-4,34,-4,35,-3,35,-3,36,-2,36,-2,36,-3,35,-1,32,-2,30,-1,31,-1,28,0,30,1,28,0,30,1,28,1,30,3,31,4,30,4,30,4,31,5,30,8,27,10,24,9,20,10]"
CSI_DATA,133697,d8:b1:90:d9:de:f0,-64,11,-99,-39,66,56,1978457765,100,0,114,0,"[5,30,4,32,3,34,3,38,2,38,2,38,1,35,1,34,3,32,1,33,0,31,1,32,3,31,4,31,3,32,4,31,4,33,5,33,7,32,7,32,8,32,11,33,11,31,12,30,12,29,13,29,14,26,14,25,0,0,16,26,16,25,17,26,19,24,20,28,21,28,23,25,22,26,23,25,22,24,21,22,21,23,19,20,20,20,19,17,20,17,19,16,20,16,20,16,21,16,22,19,22,19,22,20,22,20,21,20,20,19,16,17,13,16]"
CSI_DATA,133698,d8:b1:90:d9:de:f0,-64,11,-99,-37,66,56,1978468154,100,0,114,0,"[30,-4,33,-2,36,-1,36,1,39,3,37,4,36,5,33,6,33,5,31,6,30,6,29,6,30,6,29,7,30,7,31,8,30,7,32,8,31,7,32,6,31,7,32,6,30,6,30,6,29,5,28,6,28,5,28,5,0,0,29,2,28,4,29,4,30,3,30,4,32,4,31,4,30,6,30,5,31,4,29,5,27,5,26,4,24,4,24,5,24,6,23,5,24,6,24,6,25,7,26,7,25,9,25,10,25,10,25,11,22,11,19,12,15,10]"
CSI_DATA,133699,d8:b1:90:d9:de:f0,-64,11,-99,-38,66,56,1978478263,100,0,114,0,"[-16,-26,-17,-29,-18,-31,-17,-32,-18,-32,-17,-33,-17,-32,-16,-31,-17,-29,-16,-29,-16,-27,-16,-26,-16,-27,-17,-26,-17,-25,-19,-26,-20,-26,-21,-26,-23,-26,-23,-22,-23,-22,-25,-20,-23,-19,-25,-17,-26,-17,-26,-16,-25,-15,-26,-13,0,0,-27,-10,-26,-9,-27,-10,-30,-10,-30,-9,-30,-8,-31,-7,-32,-7,-32,-6,-32,-5,-31,-5,-28,-4,-27,-4,-25,-2,-23,-2,-25,-2,-23,-1,-25,0,-26,1,-25,0,-26,1,-26,0,-27,-1,-27,-1,-27,0,-25,-1,-22,-2,-20,-3]"
CSI_DATA,133700,d8:b1:90:d9:de:f0,-64,11,-99,-39,67,56,1978488958,100,0,114,0,"[14,-26,17,-29,21,-29,23,-29,23,-30,23,-28,24,-26,24,-24,23,-24,23,-21,22,-21,23,-19,22,-20,22,-21,22,-20,23,-20,24,-22,24,-22,24,-22,23,-22,22,-22,22,-21,21,-20,20,-21,21,-20,19,-20,18,-20,19,-20,0,0,18,-20,17,-21,17,-20,18,-21,19,-22,20,-22,20,-22,21,-23,21,-22,21,-21,19,-20,18,-18,18,-17,17,-16,17,-16,17,-16,16,-15,17,-14,18,-14,19,-14,19,-13,20,-14,20,-14,21,-14,22,-10,22,-9,20,-8,19,-7]"
CSI_DATA,133701,d8:b1:90:d9:de:f0,-64,9,-99,-39,66,56,1978503212,98,0,106,0,"[0,1,-106,0,90,1,131,0,134,1,89,0,115,1,76,0,95,1,67,0,49,1,72,0,11,1,71,0,-30,0,75,0,-83,0,81,0,127,0,74,0,43,0,61,0,-39,16,38,0,-112,16,-7,16,0,0,0,0,87,16,-122,16,56,16,102,16,66,16,65,16,77,16,54,16,103,16,86,16,138,16,-129,16,-129,16,-72,16,-134,16,-33,16,-139,16,-19,16,-135,16,-28,16,-94,16,-33,16,-13,16,-51,16,67,0]"
CSI_DATA,133702,d8:b1:90:d9:de:f0,-64,11,-99,-40,67,56,1978517893,100,0,114,0,"[-26,19,-29,21,-32,23,-34,21,-34,22,-34,20,-33,18,-31,18,-30,18,-30,16,-27,15,-27,15,-26,17,-26,15,-25,17,-26,18,-25,18,-26,18,-24,20,-23,20,-23,20,-22,20,-21,19,-19,20,-18,20,-17,19,-16,19,-17,18,0,0,-15,19,-14,19,-15,19,-14,20,-14,21,-15,21,-15,21,-16,21,-17,21,-16,21,-15,20,-14,19,-14,19,-13,17,-13,16,-12,16,-12,16,-14,16,-13,16,-15,17,-15,17,-16,18,-16,18,-16,19,-19,17,-18,16,-17,15,-17,14]"
CSI_DATA,133703,d8:b1:90:d9:de:f0,-65,11,-99,-39,67,56,1978529338,100,0,114,0,"[-28,-20,-31,-23,-32,-25,-32,-27,-31,-27,-31,-28,-29,-26,-28,-25,-26,-23,-25,-22,-24,-21,-24,-20,-24,-19,-25,-18,-25,-18,-25,-17,-26,-17,-26,-17,-27,-15,-26,-14,-26,-14,-26,-13,-24,-11,-25,-10,-25,-8,-23,-7,-23,-7,-23,-6,0,0,-23,-5,-22,-4,-22,-4,-23,-4,-24,-4,-24,-4,-25,-3,-26,-4,-25,-4,-26,-2,-24,-2,-23,-3,-22,-2,-21,-2,-20,-2,-21,-2,-20,-1,-21,0,-21,-1,-24,-1,-25,-1,-25,-2,-26,-2,-27,-3,-28,-3,-27,-5,-23,-6,-21,-7]"
CSI_DATA,133704,d8:b1:90:d9:de:f0,-65,11,-99,-39,67,56,1978547920,100,0,114,0,"[-14,-32,-13,-35,-13,-38,-12,-39,-12,-41,-11,-39,-10,-38,-9,-36,-9,-33,-7,-32,-6,-30,-6,-30,-6,-29,-7,-29,-7,-28,-7,-28,-8,-28,-9,-28,-9,-28,-8,-26,-10,-26,-10,-25,-8,-25,-10,-22,-8,-22,-10,-22,-10,-21,-9,-20,0,0,-9,-17,-10,-20,-11,-20,-11,-21,-11,-21,-11,-21,-11,-21,-12,-22,-11,-22,-10,-21,-10,-22,-10,-23,-9,-22,-9,-21,-9,-19,-9,-20,-9,-19,-9,-19,-11,-20,-9,-21,-10,-23,-9,-25,-9,-26,-9,-28,-7,-27,-7,-27,-5,-26,-3,-24]"
CSI_DATA,133705,d8:b1:90:d9:de:f0,-65,11,-99,-41,68,56,1978559099,100,0,114,0,"[-16,29,-16,31,-18,32,-19,32,-19,35,-19,32,-20,31,-18,29,-16,29,-16,26,-14,25,-15,25,-14,23,-13,23,-11,24,-11,24,-9,23,-11,27,-10,25,-9,25,-7,24,-6,25,-6,22,-3,22,-4,20,-3,21,-2,19,-2,18,0,0,-1,19,-1,20,-1,20,0,22,0,21,0,23,0,23,0,24,0,24,0,24,0,24,0,24,0,23,0,21,2,22,2,21,2,23,2,21,3,22,2,23,2,24,2,26,4,29,3,30,1,27,1,27,0,27,0,25]"
CSI_DATA,133706,d8:b1:90:d9:de:f0,-65,11,-99,-34,66,56,1978577673,100,0,114,0,"[6,31,6,34,4,36,4,36,5,38,3,36,2,34,0,33,1,30,0,30,1,26,1,27,0,27,0,26,1,27,1,25,2,25,2,26,2,24,1,25,2,24,4,23,3,22,4,22,3,21,4,21,5,20,5,20,0,0,3,19,6,19,5,20,6,23,8,24,7,23,9,25,7,25,8,24,7,25,8,25,8,25,8,24,9,23,10,22,9,23,9,22,10,23,11,23,11,25,11,26,13,27,12,29,10,32,11,30,10,29,8,29,5,26]"
CSI_DATA,133707,d8:b1:90:d9:de:f0,-64,11,-99,-36,66,56,1978587664,100,0,114,0,"[-25,-20,-26,-24,-26,-26,-26,-27,-25,-29,-22,-28,-21,-28,-19,-26,-17,-25,-15,-25,-15,-23,-14,-23,-13,-22,-13,-23,-13,-23,-12,-22,-12,-22,-13,-23,-12,-22,-11,-22,-11,-22,-11,-21,-11,-21,-10,-20,-11,-20,-10,-20,-10,-20,-9,-18,0,0,-11,-20,-10,-20,-10,-20,-12,-23,-12,-24,-12,-25,-12,-26,-12,-27,-12,-26,-13,-28,-11,-26,-10,-27,-11,-27,-11,-25,-10,-25,-10,-24,-10,-25,-11,-25,-11,-26,-10,-27,-11,-28,-10,-30,-10,-33,-9,-33,-8,-32,-6,-31,-4,-31,-2,-28]"
CSI_DATA,133708,d8:b1:90:d9:de:f0,-64,11,-99,-37,66,56,1978597682,100,0,114,0,"[-2,32,-2,36,-3,38,-3,38,-3,39,-4,37,-4,33,-4,32,-2,31,-2,28,-1,27,-1,27,-2,26,0,26,-1,26,1,26,2,26,2,26,2,25,3,25,4,26,5,25,5,24,6,23,7,23,6,23,7,22,8,22,0,0,10,21,11,22,12,22,14,23,16,24,18,24,20,24,20,25,21,24,21,24,21,24,22,24,21,23,23,20,22,19,22,19,23,16,24,15,25,15,27,15,29,16,30,18,31,18,31,19,31,18,29,19,28,18,24,18]"
CSI_DATA,133709,d8:b1:90:d9:de:f0,-64,11,-99,-38,66,56,1978607688,100,0,114,0,"[3,31,2,33,1,35,-1,35,-1,40,-1,37,-3,37,-2,33,-2,32,-3,30,-2,28,-2,28,-2,28,-2,27,-2,27,-3,27,-2,27,-1,28,-1,27,-2,27,-1,26,0,27,0,25,2,25,1,27,2,27,2,26,2,23,0,0,5,25,4,28,5,27,6,30,7,30,7,32,8,32,8,32,8,31,9,33,9,32,9,32,8,30,9,29,10,28,10,27,10,28,10,27,11,27,13,30,14,31,14,33,16,35,15,35,13,34,10,31,10,33,7,28]"
CSI_DATA,133710,d8:b1:90:d9:de:f0,-64,11,-99,-36,66,56,1978618067,100,0,114,0,"[-28,-7,-30,-10,-31,-12,-30,-13,-32,-15,-30,-15,-28,-17,-25,-16,-24,-15,-22,-15,-21,-15,-19,-16,-18,-16,-18,-17,-16,-18,-17,-17,-18,-17,-17,-17,-17,-18,-17,-17,-16,-18,-17,-17,-15,-17,-16,-17,-15,-18,-15,-18,-15,-18,-15,-17,0,0,-16,-17,-17,-20,-18,-19,-19,-22,-19,-22,-20,-22,-21,-24,-19,-24,-20,-23,-20,-24,-19,-24,-17,-24,-17,-25,-17,-23,-17,-22,-15,-21,-16,-22,-16,-22,-17,-23,-18,-24,-17,-26,-17,-29,-16,-30,-15,-32,-14,-31,-13,-30,-10,-30,-7,-27]"
CSI_DATA,133711,d8:b1:90:d9:de:f0,-64,11,-99,-38,66,56,1978634612,100,0,114,0,"[-27,-16,-27,-16,-29,-17,-28,-20,-30,-21,-29,-21,-26,-21,-25,-19,-22,-18,-22,-18,-20,-16,-20,-17,-19,-17,-20,-16,-20,-16,-19,-16,-20,-16,-21,-15,-21,-15,-21,-14,-21,-14,-22,-15,-22,-13,-22,-10,-22,-11,-22,-11,-22,-10,-23,-9,0,0,-26,-8,-26,-9,-27,-8,-29,-8,-30,-8,-31,-8,-31,-7,-33,-8,-32,-5,-34,-5,-32,-6,-31,-6,-31,-5,-30,-3,-30,-3,-29,-2,-28,-2,-29,0,-31,0,-31,0,-33,0,-33,0,-34,-1,-37,-2,-37,0,-34,-3,-32,-3,-28,-4]"
CSI_DATA,133712,d8:b1:90:d9:de:f0,-64,11,-99,-41,67,56,1978648700,100,0,114,0,"[1,-29,2,-32,3,-33,3,-34,4,-36,4,-34,4,-32,3,-29,3,-28,2,-27,1,-25,2,-25,2,-26,1,-26,0,-26,-1,-26,-2,-26,-2,-26,-3,-26,-3,-27,-4,-26,-5,-26,-6,-26,-7,-25,-7,-24,-8,-23,-9,-23,-10,-23,0,0,-13,-22,-14,-22,-15,-23,-18,-23,-20,-24,-21,-25,-22,-24,-24,-25,-24,-23,-25,-22,-25,-21,-24,-21,-25,-19,-25,-16,-25,-14,-25,-15,-25,-13,-25,-12,-26,-12,-27,-11,-29,-11,-31,-12,-32,-12,-32,-13,-32,-11,-30,-12,-27,-13,-24,-11]"
CSI_DATA,133713,d8:b1:90:d9:de:f0,-64,11,-99,-41,67,56,1978659615,100,0,114,0,"[-29,-7,-32,-8,-32,-10,-32,-13,-32,-14,-31,-14,-29,-15,-27,-14,-25,-14,-23,-15,-21,-13,-21,-14,-22,-14,-21,-14,-21,-15,-21,-15,-21,-15,-23,-15,-22,-15,-23,-15,-22,-15,-22,-15,-21,-15,-21,-15,-22,-14,-21,-14,-22,-14,-23,-12,0,0,-23,-13,-24,-12,-24,-13,-27,-14,-27,-14,-27,-14,-29,-15,-29,-16,-30,-14,-29,-16,-29,-14,-27,-15,-26,-14,-26,-13,-26,-11,-25,-13,-24,-12,-24,-11,-26,-13,-27,-14,-28,-14,-28,-16,-27,-18,-29,-19,-28,-19,-25,-20,-23,-19,-20,-18]"
CSI_DATA,133714,d8:b1:90:d9:de:f0,-64,11,-99,-38,66,56,1978677650,100,0,114,0,"[9,-30,11,-31,14,-31,15,-30,17,-34,17,-31,19,-30,19,-27,17,-26,18,-23,16,-21,17,-22,18,-21,17,-21,17,-20,17,-20,16,-21,19,-22,18,-21,18,-22,18,-22,18,-25,17,-22,16,-21,16,-21,16,-21,15,-20,16,-21,0,0,14,-22,15,-26,14,-26,15,-27,15,-27,16,-30,16,-29,17,-30,16,-30,18,-31,16,-30,15,-28,15,-26,13,-26,14,-27,14,-25,13,-25,13,-25,14,-26,15,-26,15,-27,15,-27,17,-27,18,-28,19,-25,18,-22,18,-23,18,-19]"
CSI_DATA,133715,d8:b1:90:d9:de:f0,-64,11,-99,-36,66,56,1978687826,100,0,114,0,"[-8,28,-10,30,-12,31,-12,31,-13,34,-12,32,-13,31,-12,29,-10,28,-10,27,-9,25,-9,25,-8,25,-7,25,-7,26,-6,26,-5,27,-4,26,-4,27,-4,26,-1,28,0,27,1,27,3,26,2,25,4,24,4,24,5,25,0,0,9,24,9,24,10,26,12,26,14,27,15,27,17,27,18,27,18,26,19,26,19,25,20,24,18,22,20,20,19,19,19,18,19,18,20,16,21,15,23,16,24,16,25,16,27,17,26,17,24,16,23,16,22,16,19,14]"
CSI_DATA,133716,d8:b1:90:d9:de:f0,-64,11,-99,-40,67,56,1978707655,100,0,114,0,"[9,28,6,32,6,34,5,36,3,37,1,36,2,33,-1,32,-1,29,-1,28,-2,27,-2,26,-1,26,-2,27,-2,27,-2,27,-2,30,-3,28,-2,30,-2,28,-2,30,-1,29,-1,28,-1,29,-1,25,0,26,0,26,0,25,0,0,3,27,1,27,2,29,3,29,2,31,3,32,2,32,3,34,3,32,3,32,3,31,2,29,2,28,4,28,3,25,2,27,3,25,2,25,3,27,2,26,3,27,2,28,2,29,1,30,0,29,-2,28,-2,26,-4,23]"
CSI_DATA,133717,d8:b1:90:d9:de:f0,-64,11,-99,-41,67,56,1978717781,100,0,114,0,"[-15,25,-20,26,-22,27,-24,26,-27,25,-27,23,-27,21,-27,19,-25,16,-25,15,-25,14,-24,12,-24,12,-25,11,-25,11,-25,10,-27,11,-28,10,-29,9,-29,10,-28,9,-28,10,-27,9,-27,9,-27,8,-25,7,-26,8,-24,8,0,0,-27,8,-26,7,-28,6,-29,7,-29,8,-30,7,-31,7,-32,7,-33,7,-32,5,-31,4,-29,3,-27,2,-27,3,-26,2,-27,1,-26,0,-27,0,-27,1,-27,0,-29,-1,-28,-1,-28,-2,-29,-4,-29,-7,-27,-7,-24,-9,-21,-8]"
CSI_DATA,133718,d8:b1:90:d9:de:f0,-64,11,-99,-38,66,56,1978737707,100,0,114,0,"[-16,-26,-16,-30,-15,-33,-15,-33,-15,-37,-11,-37,-10,-34,-9,-33,-8,-31,-7,-31,-7,-29,-5,-29,-5,-30,-5,-30,-6,-30,-5,-30,-6,-29,-6,-31,-6,-30,-7,-30,-7,-31,-7,-31,-7,-30,-7,-29,-7,-28,-8,-28,-8,-27,-8,-26,0,0,-9,-25,-9,-28,-10,-29,-11,-29,-11,-29,-14,-30,-14,-31,-13,-31,-13,-29,-13,-29,-11,-29,-10,-29,-11,-27,-10,-26,-11,-26,-10,-25,-10,-23,-9,-22,-10,-23,-9,-26,-11,-26,-11,-27,-10,-29,-9,-30,-7,-29,-7,-27,-4,-27,-3,-23]"
CSI_DATA,133719,d8:b1:90:d9:de:f0,-64,11,-99,-40,67,56,1978747709,100,0,114,0,"[-29,6,-31,3,-34,3,-36,0,-37,-2,-36,-4,-33,-6,-32,-6,-30,-6,-28,-7,-26,-8,-27,-8,-27,-10,-27,-10,-26,-11,-26,-11,-27,-11,-27,-12,-26,-12,-27,-13,-26,-14,-26,-13,-25,-13,-24,-12,-24,-12,-23,-13,-22,-13,-23,-12,0,0,-24,-11,-23,-12,-24,-13,-25,-14,-26,-15,-27,-16,-27,-17,-26,-16,-26,-16,-26,-15,-25,-17,-22,-18,-21,-17,-21,-16,-20,-16,-20,-16,-19,-16,-19,-15,-19,-16,-19,-18,-19,-19,-18,-19,-17,-21,-18,-23,-17,-23,-15,-23,-12,-22,-9,-20]"
CSI_DATA,133720,d8:b1:90:d9:de:f0,-64,11,-99,-38,66,56,1978757757,100,0,114,0,"[-15,26,-18,28,-20,30,-22,29,-23,31,-22,29,-23,27,-22,27,-22,25,-21,21,-19,22,-18,22,-19,23,-18,23,-18,25,-17,25,-18,26,-19,26,-18,27,-17,27,-16,27,-15,28,-15,26,-14,27,-11,27,-10,27,-9,26,-10,26,0,0,-7,27,-7,27,-6,29,-6,30,-5,31,-5,33,-5,33,-4,33,-4,32,-3,32,-2,32,-1,31,0,30,0,29,0,27,0,27,1,27,1,27,1,27,0,27,0,28,1,29,2,29,2,32,1,30,0,29,-1,29,0,25]"
CSI_DATA,133721,d8:b1:90:d9:de:f0,-64,11,-99,-41,67,56,1978768202,100,0,114,0,"[-28,10,-31,10,-33,8,-34,7,-37,5,-36,3,-33,2,-32,2,-31,2,-30,1,-29,1,-28,-1,-28,-2,-28,-2,-28,-3,-28,-2,-29,-2,-30,-3,-30,-3,-30,-3,-30,-3,-30,-2,-29,-2,-29,-2,-29,-3,-27,-2,-27,-2,-27,-1,0,0,-28,-2,-27,-1,-27,-1,-30,-1,-30,-2,-30,-2,-30,-2,-31,-2,-32,-2,-31,-2,-30,-3,-28,-3,-27,-3,-27,-3,-26,-3,-25,-4,-24,-4,-25,-4,-26,-4,-26,-3,-27,-4,-27,-5,-27,-7,-27,-8,-27,-9,-26,-9,-23,-9,-19,-9]"
CSI_DATA,133722,d8:b1:90:d9:de:f0,-64,9,-99,-38,66,56,1978783683,108,0,106,0,"[105,16,49,16,-8,15,55,16,-57,15,64,16,-51,15,79,16,-27,15,102,16,13,16,128,16,51,16,-125,16,78,16,-106,16,106,16,-82,16,-119,16,-69,16,-55,16,-67,16,22,0,-69,16,111,0,-54,16,0,0,0,0,-37,0,39,0,17,1,94,0,34,1,138,0,16,1,-127,0,-21,0,123,0,-67,0,65,0,-99,0,13,0,-109,0,-25,16,-112,0,-33,16,-113,0,-15,16,128,0,32,0,68,0,101,0,-16,16]"
CSI_DATA,133723,d8:b1:90:d9:de:f0,-64,11,-99,-36,66,56,1978797777,100,0,114,0,"[26,-14,28,-14,31,-14,32,-14,34,-13,32,-11,33,-10,32,-9,30,-8,30,-7,28,-6,27,-6,27,-6,27,-5,26,-6,27,-6,28,-5,29,-6,29,-6,29,-6,28,-7,28,-7,26,-6,26,-7,27,-7,26,-7,25,-7,25,-7,0,0,26,-7,25,-8,24,-9,28,-9,27,-8,28,-9,29,-9,29,-9,29,-9,29,-9,29,-9,27,-8,26,-8,25,-8,25,-8,24,-8,24,-8,24,-7,24,-8,26,-8,27,-7,27,-8,28,-7,30,-7,30,-5,28,-3,26,-3,23,-1]"
CSI_DATA,133724,d8:b1:90:d9:de:f0,-65,11,-99,-39,67,56,1978817796,100,0,114,0,"[-9,27,-11,30,-13,32,-14,32,-15,33,-15,32,-15,30,-15,28,-14,27,-14,26,-12,24,-13,25,-13,24,-12,24,-11,24,-11,25,-11,25,-12,27,-11,26,-9,26,-9,27,-9,27,-8,27,-7,26,-7,26,-5,25,-5,24,-4,24,0,0,-4,26,-3,25,-2,26,-2,29,-2,29,-1,30,0,31,0,30,0,30,0,30,0,29,2,29,3,28,2,26,2,25,3,25,3,26,3,25,4,26,4,27,4,27,5,29,5,30,4,30,4,28,3,26,2,26,1,24]"
CSI_DATA,133725,d8:b1:90:d9:de:f0,-65,11,-99,-35,66,56,1978837649,100,0,114,0,"[15,23,14,27,12,30,11,29,11,35,9,31,7,32,4,30,4,29,4,28,3,27,2,28,-1,27,1,26,0,26,-1,26,0,26,-2,28,-2,26,-2,28,-2,28,-1,28,-3,27,-1,26,-4,26,-4,24,-3,25,-4,25,0,0,-5,24,-5,26,-4,25,-6,29,-5,28,-6,29,-6,30,-8,31,-8,30,-9,32,-9,30,-9,28,-9,27,-8,26,-9,26,-8,23,-9,24,-10,24,-9,25,-10,25,-13,25,-13,25,-15,27,-17,27,-19,24,-19,21,-19,22,-17,17]"
CSI_DATA,133726,d8:b1:90:d9:de:f0,-65,11,-99,-39,67,56,1978847657,100,0,114,0,"[-23,16,-26,16,-28,18,-28,16,-31,17,-30,17,-29,15,-28,14,-26,13,-25,12,-24,12,-25,12,-25,12,-24,12,-22,12,-23,13,-22,14,-25,15,-24,15,-24,16,-22,15,-23,16,-21,16,-19,17,-21,17,-19,18,-18,17,-19,17,0,0,-17,19,-17,19,-16,20,-19,23,-17,23,-18,25,-18,25,-18,25,-17,25,-18,27,-17,26,-14,25,-13,24,-12,23,-12,24,-12,23,-11,24,-10,24,-11,24,-11,25,-12,26,-11,27,-11,28,-13,28,-13,27,-14,25,-13,24,-13,22]"
CSI_DATA,133727,d8:b1:90:d9:de:f0,-64,11,-99,-35,66,56,1978857766,100,0,114,0,"[5,-26,7,-29,8,-31,10,-31,11,-31,13,-32,13,-29,13,-28,13,-27,12,-25,12,-24,13,-23,13,-24,13,-23,12,-22,13,-23,14,-24,14,-23,15,-26,15,-24,14,-24,14,-25,13,-23,12,-23,14,-23,12,-23,12,-23,12,-23,0,0,12,-23,10,-25,12,-25,12,-26,12,-28,14,-29,12,-29,13,-29,14,-29,13,-29,13,-29,12,-27,11,-26,11,-25,12,-23,11,-24,11,-24,12,-24,12,-25,12,-25,13,-26,13,-27,13,-28,16,-28,17,-25,18,-24,17,-23,17,-19]"
CSI_DATA,133728,d8:b1:90:d9:de:f0,-64,11,-99,-40,67,56,1978869433,100,0,114,0,"[-5,-26,-4,-30,-3,-32,-2,-32,-2,-34,0,-33,2,-31,1,-30,1,-29,3,-28,1,-26,2,-26,2,-26,2,-26,2,-26,1,-27,3,-27,3,-28,2,-29,2,-28,1,-28,1,-29,1,-27,0,-27,1,-25,0,-25,0,-24,0,-25,0,0,-2,-24,-2,-26,-2,-28,-3,-28,-3,-30,-2,-31,-4,-31,-3,-31,-4,-30,-4,-31,-4,-31,-4,-31,-5,-29,-5,-27,-5,-27,-4,-26,-5,-26,-5,-25,-5,-27,-4,-26,-5,-27,-5,-29,-4,-31,-4,-31,-3,-29,-1,-29,0,-27,1,-24]"
CSI_DATA,133729,d8:b1:90:d9:de:f0,-65,11,-99,-34,66,56,1978887742,100,0,114,0,"[25,10,26,12,27,13,28,16,29,18,26,19,24,19,23,18,22,17,21,18,20,16,19,18,19,17,19,17,18,17,19,16,19,18,20,18,20,18,21,18,20,19,20,19,19,18,19,17,19,17,19,16,19,15,20,14,0,0,21,16,21,14,22,15,24,16,23,16,24,18,24,17,25,19,25,17,25,16,24,16,23,16,22,15,21,14,23,12,23,15,21,14,21,13,23,14,23,15,24,16,24,17,24,19,24,18,23,17,22,18,18,19,15,16]"
CSI_DATA,133730,d8:b1:90:d9:de:f0,-65,11,-99,-35,66,56,1978907717,100,0,114,0,"[-28,-3,-30,-4,-33,-5,-33,-5,-34,-6,-33,-7,-32,-9,-30,-8,-28,-6,-28,-6,-26,-4,-26,-5,-27,-5,-26,-5,-26,-5,-26,-6,-27,-5,-29,-3,-28,-3,-29,-2,-28,-2,-27,0,-26,0,-26,2,-26,2,-25,1,-25,2,-25,3,0,0,-26,6,-24,5,-26,7,-26,8,-27,9,-29,9,-28,11,-28,12,-29,13,-28,13,-27,13,-26,13,-24,13,-23,13,-23,13,-22,14,-21,14,-21,14,-21,15,-23,17,-25,17,-25,18,-25,18,-27,17,-26,17,-25,16,-23,14,-21,11]"
CSI_DATA,133731,d8:b1:90:d9:de:f0,-64,11,-99,-41,67,56,1978918048,100,0,114,0,"[-13,-26,-12,-29,-12,-31,-11,-32,-10,-33,-9,-33,-7,-32,-5,-31,-5,-30,-5,-29,-3,-27,-3,-27,-3,-27,-3,-27,-3,-29,-3,-29,-3,-28,-2,-29,-3,-29,-3,-29,-2,-29,-3,-29,-3,-28,-3,-28,-2,-28,-3,-28,-3,-26,-3,-27,0,0,-5,-26,-4,-26,-4,-27,-5,-30,-5,-30,-5,-31,-5,-32,-4,-32,-5,-30,-5,-31,-4,-30,-4,-31,-5,-29,-4,-27,-4,-27,-3,-26,-4,-25,-4,-24,-4,-27,-2,-28,-3,-29,-2,-31,-2,-32,-1,-31,0,-29,1,-28,4,-27,5,-23]"
CSI_DATA,133732,d8:b1:90:d9:de:f0,-64,11,-99,-36,66,56,1978938808,100,0,114,0,"[-30,0,-32,-1,-33,-2,-34,-4,-36,-5,-33,-5,-32,-7,-31,-7,-30,-6,-28,-7,-27,-8,-27,-8,-27,-7,-27,-7,-26,-8,-27,-7,-27,-7,-29,-7,-29,-7,-29,-7,-28,-7,-29,-8,-27,-7,-26,-6,-27,-7,-26,-5,-26,-5,-26,-4,0,0,-24,-4,-25,-3,-26,-3,-28,-3,-28,-3,-30,-3,-29,-4,-31,-4,-31,-2,-31,-3,-30,-2,-27,-3,-27,-2,-25,-1,-25,-1,-25,-2,-25,-2,-26,-1,-26,-2,-27,-2,-27,-2,-28,-3,-28,-3,-29,-5,-30,-4,-27,-6,-24,-6,-22,-8]"
CSI_DATA,133733,d8:b1:90:d9:de:f0,-64,11,-99,-39,67,56,1978957655,100,0,114,0,"[7,28,5,31,3,33,3,35,0,35,-1,35,-2,32,-5,32,-4,30,-5,29,-5,27,-6,26,-7,28,-7,28,-7,27,-7,27,-7,28,-9,28,-9,30,-9,28,-9,29,-9,28,-8,27,-9,27,-9,25,-9,25,-7,24,-8,24,0,0,-8,25,-8,25,-9,26,-9,27,-10,28,-10,27,-10,28,-11,30,-11,27,-11,28,-11,28,-11,27,-11,24,-11,24,-10,23,-11,23,-10,22,-12,22,-11,22,-13,22,-14,24,-14,23,-15,24,-17,23,-18,22,-18,21,-18,18,-17,16]"
CSI_DATA,133734,d8:b1:90:d9:de:f0,-64,11,-99,-41,67,56,1978967650,100,0,114,0,"[5,-30,6,-32,8,-34,9,-36,9,-37,10,-34,10,-33,9,-31,8,-30,8,-29,7,-29,6,-29,6,-28,5,-28,5,-29,4,-30,4,-29,4,-31,4,-30,2,-30,2,-30,1,-30,-1,-30,-2,-30,-3,-29,-2,-27,-4,-27,-4,-26,0,0,-6,-26,-8,-27,-8,-26,-9,-29,-10,-29,-12,-29,-13,-29,-13,-30,-14,-29,-14,-29,-14,-27,-15,-26,-15,-25,-15,-23,-15,-23,-14,-21,-14,-21,-15,-19,-16,-20,-16,-20,-18,-20,-19,-22,-20,-23,-20,-23,-19,-21,-18,-21,-15,-22,-12,-21]"
CSI_DATA,133735,d8:b1:90:d9:de:f0,-64,11,-99,-35,66,56,1978977653,100,0,114,0,"[-26,15,-29,17,-32,17,-33,15,-34,16,-32,15,-32,12,-30,12,-29,11,-29,9,-27,10,-26,8,-27,9,-26,8,-28,9,-26,9,-28,10,-28,10,-28,11,-28,11,-27,11,-27,12,-27,11,-25,12,-24,11,-22,11,-23,11,-23,11,0,0,-23,13,-22,14,-22,15,-25,16,-24,17,-24,17,-25,17,-26,18,-24,19,-26,18,-24,19,-23,16,-22,17,-21,16,-21,17,-19,16,-19,17,-19,16,-19,17,-20,16,-22,17,-21,18,-22,18,-24,17,-25,16,-25,14,-22,13,-20,11]"
CSI_DATA,133736,d8:b1:90:d9:de:f0,-64,11,-99,-37,66,56,1978987835,100,0,114,0,"[28,15,29,18,29,21,28,23,30,26,28,26,25,27,22,26,20,26,19,25,19,24,16,25,16,24,15,25,16,25,15,26,15,26,15,27,15,27,14,27,14,28,14,27,14,28,14,26,13,26,12,24,13,24,13,23,0,0,11,24,13,24,12,24,14,26,13,27,12,27,13,28,13,30,12,29,12,29,11,27,10,28,10,28,9,26,9,25,8,24,8,24,8,23,7,25,7,25,7,27,5,29,5,31,5,30,4,29,1,28,-1,28,-2,24]"
CSI_DATA,133737,d8:b1:90:d9:de:f0,-64,11,-99,-39,67,56,1979007650,100,0,114,0,"[-4,30,-6,34,-8,34,-10,36,-10,34,-12,34,-11,32,-10,32,-12,31,-11,28,-11,27,-11,26,-10,27,-11,27,-10,27,-11,28,-11,29,-11,28,-11,30,-10,29,-10,30,-9,28,-9,27,-9,27,-8,26,-6,25,-6,25,-6,26,0,0,-5,24,-4,26,-4,27,-4,27,-3,30,-4,30,-4,30,-3,29,-4,30,-3,28,-2,28,-3,28,-2,28,-1,27,-2,25,-2,25,-1,23,-1,25,-1,25,-2,25,-1,26,-2,28,-2,29,-2,30,-3,28,-4,28,-5,25,-5,23]"
CSI_DATA,133738,d8:b1:90:d9:de:f0,-64,11,-99,-37,66,56,1979017671,100,0,114,0,"[29,-12,33,-12,37,-10,39,-9,39,-7,38,-6,36,-3,36,-4,33,-3,32,-1,31,-1,30,1,31,0,30,1,30,2,31,2,32,2,32,3,32,3,31,3,30,3,31,4,29,3,29,4,28,3,26,3,26,3,27,2,0,0,26,2,27,4,27,2,29,3,30,3,31,3,31,4,30,4,30,4,29,4,29,4,28,5,27,6,26,5,25,5,25,5,24,5,25,6,26,5,27,6,28,7,28,9,26,10,28,11,29,12,26,13,23,12,20,13]"
CSI_DATA,133739,d8:b1:90:d9:de:f0,-64,11,-99,-40,67,56,1979027734,100,0,114,0,"[-30,0,-33,0,-37,-1,-37,-3,-38,-2,-38,-2,-36,-4,-34,-3,-32,-3,-31,-3,-30,-1,-30,-2,-30,-1,-28,0,-28,0,-29,1,-28,1,-29,2,-30,2,-28,3,-29,5,-28,5,-27,4,-26,6,-25,7,-24,7,-23,8,-24,8,0,0,-24,11,-22,11,-24,12,-24,13,-23,14,-25,15,-25,16,-24,16,-23,17,-23,18,-23,17,-21,17,-19,16,-20,16,-18,17,-18,17,-17,17,-17,18,-18,19,-17,20,-18,20,-18,20,-18,21,-20,22,-20,22,-19,19,-18,18,-16,16]"
CSI_DATA,133740,d8:b1:90:d9:de:f0,-64,11,-99,-37,66,56,1979040693,100,0,114,0,"[22,-23,25,-25,27,-24,29,-24,30,-25,30,-23,30,-22,30,-20,27,-21,27,-18,26,-16,25,-16,25,-16,25,-15,24,-15,24,-16,24,-16,26,-19,25,-18,25,-18,24,-18,23,-19,22,-18,20,-18,22,-18,20,-18,20,-18,20,-19,0,0,20,-18,18,-20,19,-20,20,-22,20,-22,21,-23,20,-23,20,-22,21,-23,20,-23,19,-23,19,-21,16,-21,16,-21,18,-20,15,-20,15,-21,16,-20,15,-21,16,-22,16,-22,19,-23,19,-24,20,-24,21,-21,20,-21,19,-20,19,-15]"
CSI_DATA,133741,d8:b1:90:d9:de:f0,-64,11,-99,-40,67,56,1979057639,100,0,114,0,"[-20,24,-22,26,-25,26,-26,27,-26,28,-25,26,-25,25,-24,23,-22,24,-22,23,-20,21,-20,22,-19,22,-19,22,-18,22,-17,22,-16,23,-17,22,-16,24,-16,24,-15,25,-14,26,-13,26,-12,25,-12,24,-9,23,-9,24,-8,23,0,0,-7,25,-5,24,-5,24,-5,27,-3,28,-3,28,-2,29,-2,29,-1,29,-2,28,-1,28,0,28,1,27,2,25,1,24,2,23,3,23,3,24,4,25,5,26,5,27,6,28,7,28,6,29,5,29,5,27,4,26,3,23]"
CSI_DATA,133742,d8:b1:90:d9:de:f0,-64,11,-99,-39,67,56,1979068527,100,0,114,0,"[26,-17,29,-17,33,-16,34,-15,35,-14,35,-13,34,-9,33,-9,31,-9,30,-6,29,-6,28,-4,28,-5,28,-4,28,-3,28,-3,29,-3,29,-3,30,-3,29,-3,29,-2,29,-3,27,-2,26,-3,25,-1,25,-2,25,-2,25,-2,0,0,24,-2,25,-2,26,-3,26,-2,27,-2,29,-2,28,-2,29,-2,29,-2,28,-2,28,-1,26,0,26,0,25,-1,25,-1,24,0,24,0,24,0,26,0,26,1,28,2,28,2,27,4,30,5,30,6,29,8,26,8,22,8]"
CSI_DATA,133743,d8:b1:90:d9:de:f0,-64,11,-99,-37,66,56,1979087584,100,0,114,0,"[28,14,30,16,32,19,33,20,33,20,33,20,30,20,30,19,28,16,27,16,26,15,25,14,25,14,27,13,26,13,27,12,27,11,27,12,28,11,28,9,28,8,27,8,26,7,27,6,27,5,26,5,24,3,24,2,0,0,26,-1,26,0,27,-1,27,-2,28,-2,29,-3,28,-4,30,-5,30,-6,29,-7,29,-7,26,-7,26,-8,24,-8,24,-8,24,-8,22,-9,23,-11,23,-11,23,-12,24,-12,25,-13,25,-13,28,-13,28,-14,28,-13,25,-10,23,-10]"
CSI_DATA,133744,d8:b1:90:d9:de:f0,-64,11,-99,-40,67,56,1979097736,100,0,114,0,"[-13,28,-14,31,-18,32,-20,30,-21,32,-21,30,-21,28,-21,27,-19,25,-20,24,-19,22,-18,23,-18,22,-18,22,-16,23,-16,22,-17,22,-19,22,-18,22,-18,22,-17,22,-16,23,-16,22,-15,21,-16,21,-14,22,-14,21,-12,21,0,0,-12,19,-12,21,-13,22,-14,22,-13,25,-14,25,-13,24,-14,26,-14,25,-13,26,-13,26,-11,24,-11,24,-11,22,-12,21,-11,22,-10,22,-11,22,-11,21,-11,23,-12,24,-12,24,-12,26,-13,27,-15,25,-16,23,-15,23,-15,19]"
CSI_DATA,133745,d8:b1:90:d9:de:f0,-65,11,-99,-35,66,56,1979117752,100,0,114,0,"[-28,13,-31,14,-33,14,-33,13,-36,14,-34,14,-34,11,-32,12,-30,12,-29,10,-27,11,-27,11,-27,11,-25,11,-25,12,-25,12,-25,12,-26,13,-26,13,-26,14,-24,15,-23,16,-22,15,-20,15,-20,15,-19,15,-18,16,-18,15,0,0,-15,17,-16,18,-16,18,-16,21,-16,22,-17,23,-16,22,-15,24,-15,23,-15,25,-15,24,-14,24,-11,22,-11,22,-10,22,-10,22,-9,23,-8,22,-8,24,-9,24,-9,25,-10,27,-8,28,-10,29,-10,27,-11,25,-9,25,-9,23]"
CSI_DATA,133746,d8:b1:90:d9:de:f0,-65,11,-99,-39,67,56,1979127871,100,0,114,0,"[-6,29,-8,32,-11,34,-11,35,-14,36,-14,35,-14,33,-15,30,-14,28,-13,27,-13,25,-13,26,-13,25,-14,24,-13,24,-14,24,-13,26,-15,26,-14,26,-14,26,-14,24,-12,24,-12,24,-11,23,-11,22,-10,22,-10,22,-10,21,0,0,-9,23,-9,21,-9,23,-8,25,-10,25,-9,26,-9,26,-9,26,-9,26,-11,26,-9,26,-9,26,-8,25,-7,24,-8,23,-7,22,-7,23,-9,23,-7,23,-8,24,-9,25,-10,27,-10,28,-12,28,-14,28,-13,26,-13,25,-13,22]"
CSI_DATA,133747,d8:b1:90:d9:de:f0,-64,11,-99,-36,66,56,1979147688,100,0,114,0,"[-14,-29,-14,-33,-15,-34,-14,-36,-14,-36,-14,-37,-12,-33,-12,-32,-11,-29,-11,-28,-10,-26,-10,-25,-10,-25,-10,-25,-11,-25,-12,-24,-13,-26,-13,-26,-14,-25,-14,-23,-15,-23,-15,-24,-14,-21,-16,-21,-15,-18,-15,-17,-15,-17,-15,-16,0,0,-18,-16,-16,-15,-20,-17,-20,-14,-22,-15,-22,-15,-23,-15,-24,-15,-24,-14,-25,-13,-24,-13,-24,-13,-23,-10,-23,-10,-22,-9,-23,-8,-22,-8,-23,-7,-25,-6,-25,-6,-27,-6,-27,-7,-28,-7,-28,-7,-27,-6,-27,-8,-24,-9,-22,-9]"
CSI_DATA,133748,d8:b1:90:d9:de:f0,-64,11,-99,-35,66,56,1979157745,100,0,114,0,"[27,-19,29,-21,32,-20,34,-19,33,-19,34,-17,32,-15,32,-14,28,-14,29,-12,25,-12,27,-10,26,-9,26,-10,25,-10,26,-10,26,-10,27,-11,27,-11,26,-10,25,-11,25,-12,25,-12,23,-12,22,-11,22,-10,21,-11,22,-12,0,0,20,-11,21,-13,21,-13,22,-13,23,-15,24,-16,23,-16,24,-17,23,-17,24,-17,24,-15,22,-15,21,-14,21,-15,20,-14,20,-14,19,-15,20,-16,20,-16,21,-17,22,-17,23,-18,23,-18,26,-17,26,-15,25,-14,23,-13,23,-10]"
CSI_DATA,133749,d8:b1:90:d9:de:f0,-64,11,-99,-40,67,56,1979178114,100,0,114,0,"[-30,11,-33,11,-37,11,-37,11,-39,10,-37,9,-37,9,-33,7,-30,8,-29,6,-28,6,-28,7,-27,6,-27,6,-26,7,-26,7,-26,8,-29,8,-28,9,-27,10,-26,9,-26,10,-25,10,-24,10,-24,10,-22,10,-22,10,-21,10,0,0,-19,11,-21,14,-20,14,-22,14,-21,15,-22,17,-22,17,-22,18,-22,18,-23,19,-21,18,-20,18,-20,17,-17,17,-17,18,-18,17,-17,18,-16,17,-16,19,-17,19,-19,21,-19,22,-19,22,-20,22,-22,21,-20,19,-19,18,-19,16]"
CSI_DATA,133750,d8:b1:90:d9:de:f0,-64,11,-99,-39,67,56,1979188692,100,0,114,0,"[-33,1,-34,-2,-36,-3,-37,-6,-39,-8,-36,-9,-35,-10,-32,-10,-30,-10,-28,-11,-26,-10,-26,-12,-25,-12,-25,-12,-24,-12,-24,-13,-23,-13,-25,-14,-25,-13,-24,-14,-24,-15,-24,-15,-23,-14,-23,-14,-21,-14,-20,-12,-19,-13,-20,-12,0,0,-19,-12,-21,-13,-20,-13,-23,-16,-22,-14,-23,-16,-23,-17,-23,-17,-23,-16,-23,-17,-22,-17,-21,-17,-20,-17,-18,-15,-20,-15,-18,-16,-19,-16,-19,-15,-19,-16,-20,-17,-20,-18,-20,-20,-20,-22,-20,-23,-19,-24,-17,-24,-14,-24,-12,-22]"
CSI_DATA,133751,d8:b1:90:d9:de:f0,-64,11,-99,-36,66,56,1979198964,100,0,114,0,"[-12,30,-13,32,-16,34,-17,34,-18,37,-18,34,-18,31,-17,30,-16,29,-15,27,-13,26,-14,25,-14,25,-13,25,-12,26,-12,26,-12,26,-12,27,-11,27,-11,26,-11,28,-9,29,-8,26,-6,26,-6,25,-6,25,-5,24,-4,24,0,0,-4,23,-2,25,-2,25,-1,27,0,28,0,29,1,29,1,30,2,28,2,29,3,29,3,28,3,27,4,25,5,25,4,25,4,25,6,25,7,26,7,25,8,26,9,27,9,29,8,31,6,28,7,28,6,28,4,25]"
CSI_DATA,133752,d8:b1:90:d9:de:f0,-64,11,-99,-39,67,56,1979217868,100,0,114,0,"[-31,3,-34,1,-36,0,-38,-1,-37,-3,-37,-4,-34,-4,-35,-5,-32,-4,-31,-4,-29,-4,-27,-4,-27,-5,-27,-5,-27,-5,-27,-6,-29,-5,-27,-6,-29,-6,-27,-5,-29,-6,-28,-4,-27,-4,-26,-2,-25,-3,-25,-3,-24,-3,-24,-2,0,0,-24,-2,-23,-2,-26,-2,-26,-1,-28,-1,-28,0,-29,-1,-29,0,-29,0,-29,0,-29,0,-26,-2,-26,-1,-26,0,-23,-1,-26,0,-24,0,-26,1,-27,1,-26,1,-28,2,-28,1,-27,-1,-31,-3,-30,-4,-30,-3,-25,-5,-23,-6]"
CSI_DATA,133753,d8:b1:90:d9:de:f0,-64,11,-99,-40,67,56,1979237741,100,0,114,0,"[-16,27,-17,29,-20,30,-21,30,-22,32,-21,31,-21,29,-21,28,-18,26,-18,25,-17,24,-16,24,-16,25,-14,25,-15,25,-14,25,-14,25,-14,27,-14,26,-12,26,-11,26,-10,27,-10,26,-8,25,-9,25,-6,24,-6,24,-5,23,0,0,-3,23,-2,25,-1,25,-1,26,0,27,-1,28,2,28,1,29,2,28,2,28,3,27,4,27,5,26,5,24,5,23,6,23,6,24,8,24,8,24,8,26,8,26,9,27,11,29,10,29,8,28,8,26,8,27,6,25]"
CSI_DATA,133754,d8:b1:90:d9:de:f0,-64,11,-99,-41,67,56,1979257702,100,0,114,0,"[32,-5,37,-4,39,-2,39,-1,40,0,39,2,37,4,34,5,33,4,32,5,30,5,29,6,28,6,28,7,29,8,28,8,29,8,29,8,29,9,28,9,28,9,28,8,27,9,26,8,25,7,24,7,24,8,24,6,0,0,24,7,22,7,23,8,25,8,26,9,27,9,27,9,27,11,27,10,27,10,26,9,25,11,24,11,23,11,23,9,23,10,21,10,23,10,24,10,24,12,25,12,26,14,25,15,26,18,27,19,25,20,20,19,18,19]"
CSI_DATA,133755,d8:b1:90:d9:de:f0,-64,11,-99,-41,67,56,1979279050,100,0,114,0,"[-12,-28,-11,-32,-10,-36,-9,-37,-7,-38,-5,-38,-3,-34,-2,-34,-2,-32,0,-31,0,-29,0,-29,3,-30,2,-29,2,-30,4,-30,3,-30,5,-29,5,-30,5,-29,6,-30,4,-29,4,-29,5,-27,5,-25,5,-26,6,-25,4,-26,0,0,5,-25,5,-25,6,-26,5,-26,7,-27,7,-28,7,-28,9,-29,8,-28,8,-26,10,-28,10,-26,10,-25,9,-25,10,-23,9,-23,9,-22,10,-22,10,-23,12,-23,11,-24,14,-25,14,-25,19,-25,19,-23,19,-23,20,-20,20,-15]"
CSI_DATA,133756,d8:b1:90:d9:de:f0,-64,11,-99,-41,67,56,1979297933,100,0,114,0,"[20,26,20,29,20,31,21,33,21,36,20,33,19,33,19,31,18,29,16,28,15,26,15,26,16,26,16,25,18,26,16,25,19,23,19,25,20,25,21,23,22,23,21,22,21,20,22,19,22,18,21,16,20,15,21,14,0,0,22,13,22,12,23,13,24,11,26,12,27,12,27,11,28,11,28,10,29,9,28,9,26,8,26,7,25,7,24,6,24,6,24,5,24,3,26,4,26,3,28,3,28,4,29,5,32,5,30,4,29,4,26,6,24,6]"
CSI_DATA,133757,d8:b1:90:d9:de:f0,-64,11,-99,-37,66,56,1979317726,100,0,114,0,"[-1,32,-3,34,-5,38,-8,38,-8,39,-9,38,-10,37,-11,34,-10,32,-10,30,-11,29,-11,28,-11,28,-12,28,-12,28,-12,28,-13,29,-13,29,-13,28,-13,30,-12,28,-12,29,-12,27,-11,27,-12,25,-10,25,-11,24,-11,24,0,0,-10,25,-10,25,-10,26,-10,26,-10,27,-11,27,-12,28,-13,28,-13,28,-13,27,-13,26,-13,25,-13,25,-12,22,-12,22,-12,22,-12,23,-12,22,-13,24,-13,22,-14,23,-15,24,-16,24,-19,25,-20,22,-20,21,-20,19,-19,16]"
CSI_DATA,133758,d8:b1:90:d9:de:f0,-64,11,-99,-41,67,56,1979328173,100,0,114,0,"[5,-30,6,-32,8,-34,9,-37,10,-38,10,-37,11,-36,9,-33,9,-31,8,-29,8,-28,8,-29,7,-28,6,-28,6,-29,5,-29,4,-30,5,-31,5,-30,3,-31,3,-31,2,-30,1,-29,0,-29,0,-27,-3,-27,-2,-26,-3,-24,0,0,-5,-26,-6,-26,-6,-26,-7,-27,-8,-27,-8,-28,-8,-29,-9,-29,-9,-28,-9,-27,-10,-27,-10,-26,-10,-25,-10,-24,-10,-23,-11,-23,-11,-21,-12,-21,-12,-22,-12,-22,-13,-23,-13,-24,-14,-25,-14,-26,-13,-25,-12,-25,-11,-26,-8,-22]"
CSI_DATA,133759,d8:b1:90:d9:de:f0,-63,11,-99,-40,66,56,1979350501,100,0,114,0,"[10,33,9,35,6,38,6,39,5,42,3,40,3,40,2,36,1,35,0,35,0,33,-1,33,-1,32,-1,32,-1,33,-1,32,0,34,-1,35,-1,34,-1,35,0,34,1,34,0,33,1,33,0,31,0,30,1,30,1,30,0,0,1,30,2,30,2,30,3,31,3,31,2,33,3,33,3,33,3,32,2,32,2,31,2,31,1,28,2,27,2,27,1,25,1,26,1,25,2,26,0,27,0,31,0,31,-2,33,-2,31,-3,30,-4,28,-6,28,-6,24]"
CSI_DATA,133760,d8:b1:90:d9:de:f0,-63,9,-99,-41,66,56,1979363051,124,0,106,0,"[33,17,-11,17,-54,16,91,0,-104,16,-147,0,-112,16,-143,0,-87,16,142,0,-61,16,105,0,-14,16,84,0,34,17,65,0,91,17,46,0,148,17,30,0,-97,17,8,0,-38,17,-40,17,23,0,-79,17,0,0,0,0,-135,0,-149,17,-42,0,137,17,27,1,137,17,52,1,-149,17,24,1,-116,17,-48,0,-104,17,-129,0,-98,17,116,0,-101,17,79,0,-116,17,67,0,-110,17,65,0,-86,17,68,0,-17,17,64,0]"
CSI_DATA,133761,d8:b1:90:d9:de:f0,-64,11,-99,-38,66,56,1979377907,100,0,114,0,"[-26,18,-29,18,-33,18,-34,17,-34,16,-34,14,-34,13,-33,10,-31,10,-31,9,-30,8,-29,7,-30,7,-30,7,-30,6,-31,6,-31,6,-33,6,-32,7,-32,7,-31,6,-31,7,-30,6,-29,7,-30,6,-28,6,-27,5,-28,6,0,0,-26,5,-27,6,-27,6,-29,6,-29,6,-30,7,-30,7,-30,6,-31,6,-30,6,-29,5,-28,5,-27,4,-26,4,-25,4,-25,3,-25,3,-26,3,-25,3,-27,2,-27,1,-28,1,-29,1,-29,-1,-30,-3,-28,-4,-26,-4,-22,-6]"
CSI_DATA,133762,d8:b1:90:d9:de:f0,-63,11,-99,-39,66,56,1979398403,100,0,114,0,"[-25,-17,-28,-20,-28,-22,-29,-25,-28,-26,-28,-26,-25,-26,-23,-26,-22,-24,-21,-25,-21,-24,-19,-24,-19,-24,-19,-25,-19,-24,-21,-25,-21,-26,-23,-26,-23,-26,-22,-25,-22,-28,-23,-25,-22,-26,-23,-24,-21,-23,-20,-23,-22,-22,-22,-20,0,0,-22,-21,-22,-20,-23,-20,-24,-21,-23,-21,-24,-21,-24,-22,-26,-22,-26,-21,-25,-20,-24,-20,-22,-20,-22,-17,-22,-17,-20,-15,-21,-17,-20,-15,-20,-14,-21,-14,-21,-16,-23,-17,-22,-19,-22,-20,-21,-21,-22,-21,-20,-21,-16,-21,-14,-20]"
CSI_DATA,133763,d8:b1:90:d9:de:f0,-64,11,-99,-40,67,56,1979417019,100,0,114,0,"[-1,27,-2,30,-4,31,-6,31,-7,33,-9,32,-10,30,-11,29,-12,28,-12,26,-12,25,-12,25,-13,26,-13,24,-13,26,-13,26,-13,26,-16,27,-15,27,-16,27,-15,27,-15,28,-16,26,-15,26,-15,25,-14,25,-13,24,-14,23,0,0,-14,24,-13,25,-13,24,-14,25,-14,26,-14,27,-15,27,-16,27,-15,27,-16,26,-16,26,-14,24,-14,23,-13,22,-13,21,-13,20,-13,20,-13,18,-13,19,-15,19,-15,20,-16,21,-16,21,-18,21,-18,18,-18,17,-19,16,-18,12]"
CSI_DATA,133764,d8:b1:90:d9:de:f0,-64,11,-99,-38,66,56,1979427631,100,0,114,0,"[26,-15,29,-15,32,-14,32,-14,33,-14,34,-13,33,-10,33,-11,30,-11,29,-10,28,-10,27,-10,29,-10,29,-11,28,-11,28,-13,29,-14,29,-14,31,-14,29,-16,30,-16,28,-17,27,-18,25,-17,26,-18,25,-18,23,-18,22,-19,0,0,22,-19,20,-19,20,-20,21,-22,21,-23,22,-25,20,-25,20,-26,19,-25,20,-26,19,-26,17,-23,15,-22,14,-22,14,-21,14,-21,13,-22,14,-23,13,-22,13,-25,11,-26,13,-27,13,-27,16,-27,17,-26,16,-23,16,-22,15,-19]"
CSI_DATA,133765,d8:b1:90:d9:de:f0,-63,11,-99,-39,66,56,1979437882,100,0,114,0,"[-24,19,-29,19,-31,17,-33,17,-34,16,-34,14,-33,13,-33,13,-31,11,-30,10,-30,10,-30,8,-31,8,-30,8,-30,7,-31,8,-32,8,-32,7,-33,7,-33,8,-32,7,-33,8,-32,7,-30,8,-32,8,-30,8,-31,8,-31,7,0,0,-29,8,-29,7,-29,10,-31,10,-31,8,-33,10,-32,8,-33,11,-33,8,-32,8,-31,8,-29,7,-26,7,-26,8,-25,7,-26,6,-25,7,-26,6,-25,7,-28,7,-29,6,-29,7,-30,5,-31,4,-32,2,-30,1,-26,0,-24,-2]"
CSI_DATA,133766,d8:b1:90:d9:de:f0,-64,11,-99,-41,67,56,1979450795,100,0,114,0,"[22,20,24,22,25,24,24,24,26,25,24,24,24,25,24,23,23,22,22,21,21,19,21,19,22,18,23,18,22,18,23,18,25,16,28,18,26,16,29,15,28,13,30,13,28,12,28,9,28,9,28,9,26,7,28,7,0,0,27,3,29,2,29,1,32,0,31,-1,32,-3,32,-4,31,-4,31,-6,32,-6,30,-6,28,-7,26,-8,25,-9,24,-10,24,-9,23,-10,23,-11,23,-11,23,-13,23,-14,24,-14,24,-14,26,-15,25,-15,24,-13,22,-11,20,-10]"
CSI_DATA,133767,d8:b1:90:d9:de:f0,-64,11,-99,-39,66,56,1979467779,100,0,114,0,"[23,-19,24,-20,29,-20,30,-19,31,-17,31,-15,31,-15,30,-14,28,-13,28,-12,26,-11,26,-11,28,-11,28,-10,28,-11,29,-10,30,-11,32,-10,32,-11,32,-11,32,-11,31,-11,31,-11,31,-10,30,-11,29,-11,29,-10,30,-12,0,0,30,-11,29,-12,29,-12,31,-13,30,-13,32,-14,32,-13,31,-14,32,-13,32,-14,30,-14,29,-13,28,-12,26,-12,26,-11,25,-11,24,-12,26,-11,25,-11,26,-11,28,-12,28,-11,29,-11,30,-11,30,-7,29,-6,26,-5,25,-3]"
CSI_DATA,133768,d8:b1:90:d9:de:f0,-64,11,-99,-39,66,56,1979477859,100,0,114,0,"[28,12,29,15,30,19,29,20,29,22,26,22,25,23,22,23,20,22,19,22,16,22,16,24,15,24,15,24,15,25,14,26,15,28,15,30,14,30,14,30,13,31,14,31,12,31,12,31,10,30,11,30,10,29,11,28,0,0,10,30,8,31,10,30,10,33,10,33,8,35,7,34,7,35,7,34,6,34,5,33,3,33,4,31,4,30,4,29,3,28,2,29,3,26,2,28,0,29,1,30,0,31,-2,32,-4,31,-5,29,-6,28,-7,26,-10,23]"
CSI_DATA,133769,d8:b1:90:d9:de:f0,-64,11,-99,-38,66,56,1979497633,100,0,114,0,"[-28,-4,-31,-6,-32,-8,-33,-9,-32,-11,-32,-13,-31,-13,-28,-13,-29,-11,-27,-13,-26,-11,-25,-14,-25,-14,-26,-14,-26,-15,-27,-15,-28,-15,-28,-17,-28,-16,-28,-15,-28,-17,-28,-17,-28,-16,-28,-15,-28,-14,-27,-15,-27,-14,-27,-14,0,0,-27,-11,-28,-13,-28,-13,-30,-13,-30,-14,-31,-13,-32,-13,-33,-14,-33,-11,-33,-13,-30,-11,-30,-13,-29,-11,-27,-11,-27,-9,-26,-8,-26,-8,-26,-8,-26,-8,-28,-8,-28,-9,-28,-10,-29,-13,-28,-13,-28,-11,-27,-13,-22,-13,-20,-13]"
CSI_DATA,133770,d8:b1:90:d9:de:f0,-63,11,-99,-39,66,56,1979507664,100,0,114,0,"[-30,-4,-31,-6,-32,-8,-32,-11,-33,-13,-32,-14,-30,-16,-26,-16,-26,-15,-24,-16,-23,-15,-23,-19,-21,-19,-21,-19,-21,-21,-21,-21,-22,-22,-23,-23,-22,-23,-21,-24,-21,-25,-22,-25,-21,-26,-21,-24,-19,-25,-19,-25,-17,-24,-16,-23,0,0,-19,-22,-20,-25,-19,-25,-20,-28,-20,-28,-20,-29,-20,-30,-19,-31,-19,-30,-17,-30,-16,-31,-15,-30,-15,-29,-14,-26,-16,-26,-13,-26,-13,-26,-13,-25,-12,-26,-12,-26,-12,-29,-12,-30,-8,-32,-7,-32,-7,-31,-5,-30,-3,-30,-1,-25]"
CSI_DATA,133771,d8:b1:90:d9:de:f0,-64,11,-99,-41,67,56,1979518082,100,0,114,0,"[-1,-27,-1,-29,1,-32,2,-32,2,-33,3,-31,4,-31,5,-29,4,-29,5,-27,4,-25,5,-27,6,-26,6,-25,5,-26,5,-27,5,-28,6,-29,5,-30,4,-28,5,-30,4,-31,5,-29,2,-30,4,-28,3,-28,2,-27,2,-27,0,0,0,-26,0,-28,-2,-29,-1,-31,-2,-32,-2,-32,-4,-33,-3,-34,-4,-32,-4,-32,-4,-32,-5,-32,-4,-30,-6,-28,-5,-28,-5,-27,-6,-27,-6,-26,-6,-27,-6,-27,-7,-28,-7,-29,-7,-31,-7,-32,-5,-30,-5,-28,-3,-27,-2,-25]"
CSI_DATA,133772,d8:b1:90:d9:de:f0,-64,11,-99,-40,67,56,1979537651,100,0,114,0,"[26,-8,29,-7,31,-5,31,-3,33,-2,32,0,31,3,29,3,28,3,26,5,26,4,25,7,24,8,25,8,24,9,26,9,25,10,27,11,27,11,26,12,26,13,27,14,25,14,25,13,24,14,22,14,22,14,23,14,0,0,25,14,24,16,26,16,27,16,26,17,26,18,26,19,27,21,27,19,27,21,26,21,23,21,23,19,21,19,22,19,22,18,21,18,21,18,22,19,21,22,22,22,22,23,20,25,20,27,18,26,16,25,13,25,10,22]"
CSI_DATA,133773,d8:b1:90:d9:de:f0,-64,11,-99,-38,66,56,1979547869,100,0,114,0,"[-22,18,-25,19,-27,20,-29,19,-30,19,-29,17,-30,16,-28,15,-27,15,-27,13,-23,13,-25,13,-26,13,-23,13,-23,13,-25,13,-26,14,-27,15,-27,14,-27,15,-25,15,-26,16,-25,15,-22,16,-23,16,-23,16,-22,16,-21,17,0,0,-22,17,-21,19,-21,19,-23,21,-22,22,-23,22,-22,25,-23,27,-23,26,-25,27,-23,26,-19,26,-18,25,-17,23,-17,23,-17,22,-16,23,-16,23,-16,25,-17,27,-18,27,-17,28,-17,29,-18,28,-19,27,-18,26,-18,25,-16,20]"
CSI_DATA,133774,d8:b1:90:d9:de:f0,-64,11,-99,-37,66,56,1979558071,100,0,114,0,"[11,-27,13,-28,15,-29,16,-29,18,-28,19,-27,21,-24,20,-24,19,-23,19,-21,18,-20,20,-19,19,-18,20,-16,21,-16,21,-16,22,-18,23,-18,24,-16,24,-18,22,-18,22,-16,22,-16,22,-16,22,-15,22,-14,23,-14,22,-15,0,0,21,-15,22,-16,23,-16,25,-18,24,-19,25,-19,26,-19,27,-20,28,-20,30,-20,27,-19,25,-18,25,-16,23,-16,23,-16,23,-15,23,-16,23,-15,24,-15,26,-15,27,-16,28,-18,28,-18,30,-14,31,-13,29,-11,27,-10,24,-8]"
CSI_DATA,133775,d8:b1:90:d9:de:f0,-64,11,-99,-38,66,56,1979578664,100,0,114,0,"[26,17,26,20,26,22,25,23,25,26,23,26,21,26,19,25,19,23,17,22,16,22,15,22,15,22,14,23,15,22,14,23,14,23,15,25,15,25,15,25,14,25,15,26,14,25,14,23,14,25,14,23,14,22,13,22,0,0,15,22,15,25,16,25,17,26,17,28,18,29,18,29,19,29,20,27,19,28,19,28,18,28,17,27,16,23,17,25,17,22,16,23,16,22,18,23,18,26,19,27,18,28,18,30,18,31,17,30,15,30,13,29,9,25]"
CSI_DATA,133776,d8:b1:90:d9:de:f0,-64,11,-99,-38,66,56,1979597654,100,0,114,0,"[-27,11,-30,13,-33,13,-34,13,-34,14,-34,11,-32,10,-31,10,-27,11,-28,10,-27,10,-26,9,-23,10,-25,10,-22,10,-23,11,-25,14,-25,15,-25,15,-23,16,-22,17,-21,17,-21,18,-20,18,-19,19,-18,18,-17,19,-17,20,0,0,-17,22,-15,23,-14,25,-15,26,-14,29,-14,29,-13,29,-13,32,-11,32,-11,32,-9,32,-8,32,-6,32,-5,31,-4,29,-3,29,-2,29,-1,29,1,29,1,32,1,33,3,34,3,35,3,37,1,35,2,33,2,31,1,29]"
CSI_DATA,133777,d8:b1:90:d9:de:f0,-64,11,-99,-38,66,56,1979607959,100,0,114,0,"[-11,29,-14,30,-16,32,-18,31,-18,33,-18,30,-19,29,-18,26,-17,25,-17,23,-16,22,-17,22,-16,22,-16,21,-17,22,-16,22,-16,22,-16,22,-16,23,-16,23,-15,22,-15,23,-15,23,-14,22,-14,22,-13,22,-13,21,-11,23,0,0,-11,23,-11,23,-11,26,-11,28,-11,28,-11,31,-11,30,-11,31,-11,30,-11,30,-10,31,-10,30,-8,29,-9,29,-8,27,-8,27,-7,28,-7,27,-6,29,-7,30,-7,30,-7,32,-7,34,-8,35,-10,33,-11,31,-10,30,-10,25]"
CSI_DATA,133778,d8:b1:90:d9:de:f0,-64,11,-99,-39,66,56,1979627643,100,0,114,0,"[24,-20,28,-21,30,-22,30,-22,30,-23,30,-23,28,-20,28,-20,25,-20,25,-19,23,-17,23,-17,21,-17,21,-20,20,-19,21,-21,19,-21,20,-22,19,-22,17,-22,17,-24,14,-25,14,-24,13,-24,13,-24,11,-25,11,-24,8,-24,0,0,8,-25,5,-26,6,-29,5,-31,4,-31,4,-33,2,-33,2,-34,0,-33,1,-33,-1,-33,-2,-32,-2,-31,-4,-31,-4,-28,-4,-28,-6,-28,-7,-29,-7,-29,-8,-30,-8,-31,-11,-32,-13,-32,-13,-34,-11,-34,-12,-32,-11,-31,-8,-26]"
CSI_DATA,133779,d8:b1:90:d9:de:f0,-63,11,-99,-40,66,56,1979637892,100,0,114,0,"[-25,21,-28,21,-31,23,-32,21,-33,23,-32,20,-32,18,-31,18,-30,17,-28,16,-26,13,-27,15,-26,13,-25,15,-26,13,-25,15,-25,16,-27,13,-27,16,-25,16,-25,17,-26,17,-24,16,-23,16,-23,16,-21,16,-21,17,-21,17,0,0,-20,17,-20,19,-20,20,-23,23,-23,23,-24,24,-24,24,-24,24,-24,24,-23,25,-23,25,-21,24,-20,24,-20,23,-18,23,-19,23,-17,24,-18,24,-19,24,-20,25,-20,25,-21,26,-21,27,-23,30,-25,27,-24,25,-23,24,-20,19]"
CSI_DATA,133780,d8:b1:90:d9:de:f0,-64,11,-99,-38,66,56,1979657802,100,0,114,0,"[23,-20,26,-22,29,-23,30,-23,29,-23,29,-22,28,-22,27,-21,26,-20,25,-19,22,-19,22,-18,21,-18,20,-19,19,-20,20,-20,20,-23,18,-22,18,-23,17,-23,15,-23,15,-25,15,-23,13,-25,13,-23,9,-25,9,-25,9,-23,0,0,7,-26,6,-26,5,-28,5,-29,4,-30,4,-31,3,-32,2,-33,1,-33,1,-32,-1,-31,-1,-31,-3,-31,-3,-29,-3,-26,-3,-26,-5,-27,-5,-26,-6,-28,-6,-28,-7,-29,-8,-31,-9,-31,-9,-32,-8,-31,-7,-31,-6,-29,-5,-27]"
CSI_DATA,133781,d8:b1:90:d9:de:f0,-64,11,-99,-38,66,56,1979677786,100,0,114,0,"[-31,5,-35,4,-38,3,-40,1,-40,0,-39,-1,-38,-3,-34,-3,-33,-3,-32,-4,-31,-4,-29,-5,-29,-6,-30,-6,-29,-7,-29,-7,-30,-6,-31,-6,-31,-7,-30,-6,-30,-6,-30,-5,-27,-6,-28,-5,-28,-6,-27,-6,-27,-5,-27,-5,0,0,-26,-4,-27,-4,-28,-4,-29,-5,-30,-5,-30,-5,-31,-5,-31,-6,-32,-6,-32,-5,-31,-6,-30,-7,-28,-7,-28,-7,-28,-5,-28,-7,-27,-6,-27,-6,-28,-6,-29,-7,-30,-8,-30,-9,-29,-10,-30,-13,-30,-14,-28,-15,-25,-14,-21,-13]"
CSI_DATA,133782,d8:b1:90:d9:de:f0,-64,11,-99,-38,66,56,1979697780,100,0,114,0,"[-6,-32,-6,-34,-5,-37,-5,-39,-4,-40,-3,-38,-2,-35,-1,-35,-2,-33,-2,-31,-1,-30,-1,-30,-2,-30,-2,-29,-3,-29,-2,-29,-3,-31,-3,-31,-5,-31,-4,-30,-4,-31,-6,-30,-7,-30,-6,-28,-7,-28,-8,-28,-7,-26,-9,-26,0,0,-10,-26,-9,-26,-11,-26,-13,-28,-14,-29,-13,-30,-16,-31,-15,-30,-15,-29,-16,-30,-15,-28,-15,-27,-14,-26,-16,-25,-14,-23,-14,-22,-15,-22,-15,-22,-16,-22,-16,-23,-16,-25,-17,-26,-17,-27,-16,-28,-15,-26,-14,-25,-13,-25,-10,-23]"
CSI_DATA,133783,d8:b1:90:d9:de:f0,-64,11,-99,-39,66,56,1979718107,100,0,114,0,"[-31,-10,-33,-11,-35,-13,-35,-14,-37,-14,-34,-13,-33,-14,-32,-14,-31,-13,-31,-12,-29,-11,-29,-11,-29,-10,-29,-10,-29,-8,-29,-8,-30,-7,-31,-8,-31,-6,-31,-5,-31,-4,-31,-3,-29,-3,-30,-1,-29,-1,-28,0,-26,0,-28,2,0,0,-28,4,-29,4,-30,6,-31,7,-31,7,-32,10,-32,10,-32,11,-32,12,-32,12,-31,12,-29,12,-26,12,-25,13,-24,13,-24,13,-22,13,-24,14,-24,15,-24,16,-25,17,-25,19,-25,19,-29,17,-29,17,-28,16,-24,15,-22,11]"
CSI_DATA,133784,d8:b1:90:d9:de:f0,-64,11,-99,-37,66,56,1979737657,100,0,114,0,"[20,22,21,25,21,28,19,29,22,31,19,30,16,29,14,29,13,29,11,28,11,26,11,27,10,27,10,26,10,26,10,27,10,27,12,28,11,27,11,27,11,28,11,28,10,27,10,26,10,25,10,25,10,24,10,24,0,0,12,23,12,26,12,26,14,27,14,28,14,29,13,29,13,30,13,29,13,30,14,28,12,28,11,26,11,25,11,24,11,23,11,24,11,24,12,24,11,26,11,26,10,28,10,30,10,30,9,28,7,28,5,28,3,24]"
CSI_DATA,133785,d8:b1:90:d9:de:f0,-64,11,-99,-41,67,56,1979747766,100,0,114,0,"[-27,-12,-29,-14,-31,-16,-31,-16,-33,-18,-31,-16,-30,-16,-29,-16,-27,-13,-27,-13,-25,-11,-25,-12,-26,-11,-25,-10,-25,-9,-26,-9,-27,-8,-29,-8,-28,-7,-29,-6,-28,-5,-28,-4,-27,-4,-26,-2,-28,-2,-27,-1,-26,0,-26,2,0,0,-27,2,-26,5,-27,7,-29,7,-29,8,-29,8,-30,10,-31,10,-30,11,-30,11,-29,13,-27,11,-25,13,-24,13,-24,14,-22,14,-22,14,-22,15,-22,16,-22,18,-23,19,-22,19,-24,19,-25,21,-25,20,-23,20,-22,18,-20,14]"
CSI_DATA,133786,d8:b1:90:d9:de:f0,-64,11,-99,-38,66,56,1979760890,100,0,114,0,"[-1,32,-3,34,-5,37,-6,35,-5,40,-6,37,-8,35,-7,33,-6,31,-7,29,-7,29,-7,29,-7,28,-7,28,-5,29,-7,29,-6,28,-5,31,-4,30,-5,30,-4,29,-3,30,-3,28,-2,28,-3,29,-2,28,-2,27,0,25,0,0,-1,27,1,28,1,27,2,31,4,31,3,33,4,33,3,33,4,31,3,33,3,32,5,31,4,30,5,28,5,27,5,26,5,27,6,25,6,27,6,27,6,29,6,30,7,31,6,32,4,30,3,29,3,30,1,25]"
CSI_DATA,133787,d8:b1:90:d9:de:f0,-64,11,-99,-35,66,56,1979777710,100,0,114,0,"[30,6,32,8,35,10,35,9,36,9,34,9,33,10,30,8,31,6,29,6,28,5,29,6,28,5,27,5,26,5,27,3,28,2,29,2,28,0,29,0,27,-1,27,-4,26,-4,26,-6,24,-5,24,-5,24,-6,25,-8,0,0,23,-10,23,-11,23,-12,24,-13,24,-15,24,-17,24,-18,24,-19,25,-19,25,-19,23,-19,21,-17,20,-18,18,-18,16,-19,16,-19,16,-22,15,-21,15,-23,15,-24,16,-24,14,-26,15,-25,17,-26,19,-26,17,-26,15,-23,14,-20]"
CSI_DATA,133788,d8:b1:90:d9:de:f0,-65,11,-99,-38,67,56,1979787718,100,0,114,0,"[28,11,29,11,31,13,31,16,32,16,30,16,29,17,27,16,26,14,24,15,24,14,23,15,22,13,23,12,22,13,23,13,24,13,25,12,25,13,25,11,24,11,24,11,23,10,24,9,23,10,22,8,23,8,23,6,0,0,22,5,25,5,25,4,27,6,27,4,27,5,28,5,29,5,31,4,30,3,28,2,27,3,27,2,26,1,25,0,25,1,24,0,25,0,26,0,26,0,28,0,28,0,30,1,29,0,31,0,28,2,26,3,23,4]"
CSI_DATA,133789,d8:b1:90:d9:de:f0,-64,11,-99,-40,67,56,1979798114,100,0,114,0,"[30,-8,32,-6,36,-6,36,-4,38,-2,37,0,37,1,32,2,32,2,31,4,28,4,28,5,28,5,27,6,27,6,27,6,27,6,28,7,28,7,29,7,27,8,27,7,25,7,25,7,25,7,24,8,23,7,22,7,0,0,24,6,24,8,24,7,27,8,27,9,28,10,29,10,28,10,29,10,28,11,28,11,26,12,25,11,24,10,24,10,24,10,22,11,23,11,25,12,25,12,25,13,26,15,25,16,25,18,24,18,22,18,19,18,16,17]"
CSI_DATA,133790,d8:b1:90:d9:de:f0,-65,11,-99,-38,67,56,1979817914,100,0,114,0,"[-28,-11,-30,-14,-31,-15,-33,-16,-33,-18,-32,-19,-30,-18,-27,-18,-25,-15,-24,-15,-23,-14,-22,-15,-22,-15,-22,-13,-21,-14,-22,-13,-23,-13,-24,-14,-24,-14,-23,-13,-23,-13,-23,-12,-23,-11,-23,-10,-22,-10,-22,-10,-20,-9,-21,-9,0,0,-21,-7,-23,-7,-24,-8,-24,-7,-25,-7,-26,-8,-27,-7,-28,-7,-27,-6,-28,-6,-27,-7,-25,-7,-24,-7,-23,-4,-23,-5,-24,-5,-22,-3,-24,-3,-25,-3,-26,-4,-28,-3,-27,-4,-27,-6,-29,-7,-28,-7,-27,-7,-25,-10,-21,-8]"
CSI_DATA,133791,d8:b1:90:d9:de:f0,-64,11,-99,-40,67,56,1979837801,100,0,114,0,"[29,-15,31,-15,34,-16,34,-16,37,-18,34,-17,32,-15,32,-14,29,-14,29,-12,26,-12,25,-13,26,-14,24,-14,23,-14,23,-16,22,-17,23,-18,22,-18,21,-18,21,-19,19,-19,19,-18,16,-20,16,-18,15,-19,13,-18,13,-18,0,0,11,-22,10,-22,11,-22,10,-24,11,-25,10,-26,9,-27,9,-27,9,-26,8,-27,8,-27,5,-26,5,-25,4,-25,3,-24,4,-24,2,-23,1,-24,1,-24,2,-27,1,-27,0,-28,-1,-29,-1,-30,1,-29,1,-28,1,-27,2,-24]"
CSI_DATA,133792,d8:b1:90:d9:de:f0,-65,11,-99,-40,68,56,1979864518,100,0,114,0,"[23,-19,25,-21,27,-21,28,-22,30,-23,28,-23,28,-22,26,-20,23,-20,23,-19,20,-18,19,-19,19,-18,18,-20,17,-20,17,-21,15,-21,16,-22,13,-22,13,-22,12,-22,11,-23,10,-22,8,-22,9,-22,6,-22,6,-21,5,-21,0,0,3,-19,1,-21,0,-22,0,-22,0,-24,0,-25,-1,-25,-2,-25,-2,-24,-2,-25,-3,-24,-5,-24,-4,-22,-5,-22,-6,-21,-7,-21,-7,-21,-8,-20,-9,-20,-9,-22,-9,-22,-11,-22,-12,-24,-11,-25,-10,-24,-10,-23,-10,-23,-8,-21]"
CSI_DATA,133793,d8:b1:90:d9:de:f0,-65,11,-99,-38,67,56,1979877789,100,0,114,0,"[31,-3,34,-3,36,-2,36,-2,38,0,36,0,36,0,34,0,33,0,31,0,29,0,28,0,29,0,29,0,28,0,28,0,27,-1,28,-1,27,-1,29,-2,27,-2,26,-3,25,-3,24,-4,24,-4,23,-4,22,-5,21,-6,0,0,22,-7,21,-7,21,-6,24,-8,23,-9,25,-9,25,-10,25,-9,24,-10,25,-10,24,-9,22,-9,20,-8,20,-9,20,-8,20,-8,20,-9,21,-10,22,-10,22,-11,23,-11,24,-11,24,-11,26,-10,27,-9,26,-8,24,-7,21,-4]"
CSI_DATA,133794,d8:b1:90:d9:de:f0,-65,11,-99,-38,67,56,1979887805,100,0,114,0,"[4,31,2,34,0,36,0,35,0,38,-2,36,-3,34,-4,34,-3,32,-5,30,-5,28,-6,28,-5,27,-5,27,-5,28,-5,28,-5,26,-5,28,-4,28,-6,27,-4,26,-4,26,-5,26,-3,24,-4,25,-3,24,-3,22,-3,22,0,0,-4,21,-2,22,-3,22,-3,23,-3,25,-5,26,-4,25,-5,27,-5,25,-6,24,-5,24,-5,24,-5,22,-4,21,-5,21,-5,20,-6,20,-5,20,-6,21,-8,22,-9,23,-9,23,-11,25,-11,25,-12,22,-12,21,-13,20,-13,17]"
CSI_DATA,133795,d8:b1:90:d9:de:f0,-65,11,-99,-38,67,56,1979907644,100,0,114,0,"[-15,-28,-15,-31,-15,-33,-14,-34,-15,-35,-13,-34,-12,-33,-12,-32,-11,-30,-10,-29,-10,-27,-10,-27,-10,-27,-10,-25,-11,-26,-11,-25,-12,-25,-12,-25,-12,-25,-14,-24,-14,-24,-15,-23,-14,-22,-14,-21,-14,-20,-14,-20,-14,-17,-14,-17,0,0,-15,-16,-16,-15,-17,-16,-16,-15,-19,-17,-19,-17,-20,-17,-19,-17,-19,-16,-19,-15,-19,-15,-18,-15,-18,-14,-17,-13,-18,-12,-16,-12,-16,-11,-17,-11,-18,-11,-18,-11,-19,-12,-19,-13,-20,-15,-20,-16,-20,-15,-18,-16,-16,-16,-14,-15]"
CSI_DATA,133796,d8:b1:90:d9:de:f0,-65,11,-99,-37,67,56,1979917739,100,0,114,0,"[5,31,3,34,1,37,0,38,0,39,-1,38,-2,36,-3,33,-2,32,-3,31,-3,30,-4,29,-3,28,-4,27,-4,27,-4,28,-4,29,-5,28,-4,29,-4,28,-2,28,-3,28,-2,26,-2,27,-2,25,-2,23,-2,23,-2,23,0,0,0,23,-1,23,-1,24,0,24,-1,24,-1,25,-1,26,-1,27,-2,25,-3,26,-2,25,-2,24,-2,23,-2,22,-2,20,-3,21,-3,21,-3,20,-3,21,-3,21,-5,22,-5,25,-6,25,-7,24,-10,22,-10,21,-10,21,-10,17]"
CSI_DATA,133797,d8:b1:90:d9:de:f0,-64,11,-99,-40,67,56,1979937607,100,0,114,0,"[32,-5,36,-5,39,-5,40,-3,40,-3,40,-3,38,-1,37,-2,34,-2,33,-1,31,-2,29,-2,30,-2,30,-3,28,-3,29,-4,31,-4,31,-5,31,-6,31,-8,28,-8,28,-8,27,-8,25,-9,25,-8,25,-10,24,-10,24,-10,0,0,23,-11,22,-11,22,-14,23,-14,23,-15,23,-15,24,-16,23,-15,22,-15,22,-16,22,-16,21,-15,19,-15,20,-15,17,-14,17,-14,16,-14,17,-14,17,-16,17,-16,18,-16,19,-17,18,-16,21,-17,23,-17,22,-15,20,-13,18,-11]"
CSI_DATA,133798,d8:b1:90:d9:de:f0,-65,11,-99,-39,67,56,1979947868,100,0,114,0,"[27,-15,30,-17,33,-16,35,-15,36,-13,36,-11,36,-10,34,-9,31,-9,30,-7,30,-7,28,-5,29,-5,28,-6,28,-5,29,-5,30,-6,32,-6,31,-5,30,-6,29,-6,29,-6,27,-6,27,-6,26,-6,25,-6,24,-6,24,-6,0,0,26,-7,25,-7,25,-7,26,-7,27,-7,28,-8,27,-7,26,-7,28,-6,27,-8,26,-7,24,-4,24,-5,23,-5,23,-4,22,-4,22,-4,22,-4,22,-4,22,-4,24,-3,24,-2,25,-2,27,-1,28,1,26,3,24,3,20,4]"
CSI_DATA,133799,d8:b1:90:d9:de:f0,-65,11,-99,-37,67,56,1979967824,100,0,114,0,"[-22,17,-26,17,-29,17,-29,17,-31,18,-30,16,-30,16,-29,14,-27,15,-26,14,-24,13,-24,13,-24,13,-24,13,-24,14,-24,15,-22,16,-24,16,-23,16,-23,17,-23,17,-22,19,-20,17,-19,18,-19,16,-17,17,-16,16,-16,16,0,0,-15,19,-15,19,-16,19,-16,22,-14,22,-15,22,-14,23,-15,23,-14,23,-14,22,-14,22,-13,21,-12,21,-10,20,-11,20,-11,19,-9,20,-9,19,-9,19,-9,20,-10,21,-10,22,-10,23,-12,22,-14,21,-14,18,-13,18,-12,15]"
CSI_DATA,133800,d8:b1:90:d9:de:f0,-65,11,-99,-38,67,56,1979987660,100,0,114,0,"[-29,0,-32,-1,-33,-3,-34,-4,-35,-7,-33,-9,-32,-11,-31,-11,-29,-10,-27,-11,-26,-10,-24,-11,-25,-12,-25,-13,-24,-14,-25,-14,-24,-14,-26,-15,-26,-15,-26,-15,-24,-16,-24,-15,-23,-15,-23,-14,-23,-15,-21,-15,-20,-14,-21,-13,0,0,-21,-15,-21,-14,-21,-15,-22,-14,-21,-16,-22,-16,-22,-17,-21,-18,-22,-18,-20,-17,-21,-17,-18,-18,-17,-17,-16,-16,-17,-16,-16,-15,-15,-15,-15,-16,-15,-16,-15,-18,-14,-18,-14,-19,-12,-21,-12,-22,-11,-23,-9,-22,-6,-21,-4,-19]"
CSI_DATA,133801,d8:b1:90:d9:de:f0,-65,11,-99,-39,67,56,1979997901,100,0,114,0,"[22,-20,24,-20,27,-20,28,-20,29,-21,29,-20,28,-19,27,-17,26,-19,25,-17,23,-15,24,-15,24,-16,23,-16,23,-16,23,-16,22,-18,23,-18,23,-20,23,-19,23,-20,22,-22,20,-22,19,-21,19,-20,17,-20,17,-20,16,-21,0,0,15,-21,14,-22,14,-23,14,-25,13,-25,13,-26,13,-26,12,-27,13,-27,13,-27,12,-26,11,-25,11,-24,9,-24,9,-23,8,-22,8,-22,9,-21,7,-22,8,-23,8,-23,9,-24,8,-25,11,-26,13,-23,11,-23,11,-22,11,-18]"
CSI_DATA,133802,d8:b1:90:d9:de:f0,-64,11,-99,-40,67,56,1980017704,100,0,114,0,"[-30,4,-33,2,-36,0,-37,-2,-38,-5,-36,-6,-34,-8,-32,-8,-29,-8,-28,-9,-27,-10,-25,-10,-27,-10,-27,-11,-26,-12,-26,-12,-27,-12,-28,-14,-27,-13,-28,-13,-26,-13,-27,-13,-25,-14,-25,-14,-26,-13,-24,-13,-24,-12,-25,-12,0,0,-25,-12,-24,-14,-25,-13,-27,-14,-25,-15,-27,-16,-26,-16,-26,-17,-26,-16,-26,-16,-25,-15,-22,-17,-23,-16,-21,-15,-20,-15,-19,-15,-18,-15,-19,-15,-19,-16,-19,-17,-18,-19,-17,-19,-17,-21,-17,-23,-17,-23,-14,-23,-11,-22,-9,-19]"
CSI_DATA,133803,d8:b1:90:d9:de:f0,-64,11,-99,-40,67,56,1980027765,100,0,114,0,"[26,-14,28,-14,31,-15,32,-15,33,-14,33,-13,31,-11,31,-10,27,-11,28,-10,25,-10,26,-10,26,-11,26,-10,26,-11,26,-12,25,-13,27,-14,26,-14,26,-15,25,-15,24,-17,23,-17,20,-17,23,-16,22,-17,20,-18,20,-17,0,0,19,-20,17,-21,17,-22,18,-24,18,-23,19,-25,17,-26,17,-26,16,-26,17,-26,15,-26,13,-24,13,-24,11,-23,11,-22,11,-22,10,-22,10,-23,10,-23,10,-23,11,-24,9,-24,10,-26,12,-27,14,-25,12,-23,13,-22,12,-19]"
CSI_DATA,133804,d8:b1:90:d9:de:f0,-64,11,-99,-41,67,56,1980047727,100,0,114,0,"[-24,18,-27,18,-30,18,-31,16,-32,15,-32,12,-32,11,-31,9,-30,8,-29,7,-28,6,-28,5,-28,5,-27,5,-27,3,-27,3,-28,3,-29,3,-29,3,-29,3,-30,2,-30,2,-29,1,-27,2,-28,2,-28,0,-26,2,-28,2,0,0,-27,4,-28,3,-28,2,-31,2,-31,1,-31,0,-32,1,-32,0,-32,0,-32,1,-32,0,-30,-1,-27,-1,-26,-1,-27,-1,-27,-3,-26,-2,-26,-2,-27,-3,-27,-5,-27,-6,-27,-6,-27,-8,-29,-9,-29,-10,-26,-11,-23,-11,-20,-10]"
CSI_DATA,133805,d8:b1:90:d9:de:f0,-64,11,-99,-38,66,56,1980057909,100,0,114,0,"[9,29,9,33,8,34,7,37,7,38,6,35,5,34,5,33,6,31,5,30,6,28,4,29,5,28,4,28,6,28,6,28,8,29,7,29,10,29,10,28,11,29,13,29,13,28,14,27,14,27,13,26,15,25,15,23,0,0,17,23,18,22,19,22,21,23,22,25,23,23,25,23,25,25,26,22,26,23,25,23,23,21,23,20,22,18,22,16,22,16,23,16,22,14,25,15,23,15,25,15,26,16,26,17,26,18,25,16,23,17,21,17,18,16]"
CSI_DATA,133806,d8:b1:90:d9:de:f0,-65,11,-99,-38,67,56,1980068079,100,0,114,0,"[3,27,1,29,0,31,0,33,0,32,-1,32,-2,30,-4,29,-3,27,-5,26,-4,25,-5,23,-5,23,-5,23,-4,24,-5,23,-4,25,-4,25,-5,25,-5,24,-4,26,-3,26,-4,25,-2,25,-4,25,-4,24,-3,25,-3,24,0,0,-1,24,-1,26,-2,27,-1,27,-2,29,-1,30,-1,31,-3,30,-2,31,-3,30,-2,30,-2,29,-1,28,-2,27,-1,25,-2,26,-1,25,-1,25,-1,25,-3,26,-2,26,-4,27,-4,28,-6,28,-7,28,-8,24,-9,24,-9,20]"
CSI_DATA,133807,d8:b1:90:d9:de:f0,-64,11,-99,-38,66,56,1980087850,100,0,114,0,"[10,-29,14,-32,16,-33,17,-34,16,-33,17,-31,17,-30,17,-30,15,-28,14,-27,13,-25,14,-25,13,-25,11,-25,11,-25,11,-26,10,-26,10,-27,9,-27,8,-27,9,-29,7,-29,5,-29,4,-28,5,-28,4,-28,3,-27,2,-27,0,0,-1,-28,0,-28,-1,-29,-3,-30,-3,-32,-3,-32,-5,-34,-6,-33,-6,-32,-7,-32,-7,-32,-7,-31,-8,-30,-9,-29,-7,-27,-8,-26,-8,-26,-8,-26,-10,-27,-11,-28,-13,-28,-13,-30,-14,-30,-13,-30,-9,-29,-9,-28,-7,-27,-6,-25]"
CSI_DATA,133808,d8:b1:90:d9:de:f0,-64,11,-99,-41,67,56,1980100110,100,0,114,0,"[-23,-20,-24,-21,-25,-24,-24,-26,-24,-27,-23,-27,-21,-26,-21,-25,-19,-24,-18,-22,-16,-21,-16,-21,-18,-20,-16,-19,-18,-20,-18,-20,-19,-20,-20,-20,-21,-20,-21,-19,-20,-19,-21,-19,-21,-18,-21,-16,-22,-15,-22,-16,-21,-13,-22,-12,0,0,-24,-12,-23,-12,-25,-12,-27,-12,-30,-12,-29,-12,-30,-11,-31,-13,-31,-11,-31,-10,-32,-9,-30,-9,-29,-8,-28,-7,-27,-6,-28,-7,-27,-6,-28,-6,-29,-5,-29,-6,-30,-6,-31,-7,-31,-7,-33,-7,-32,-7,-30,-7,-27,-8,-24,-9]"
CSI_DATA,133809,d8:b1:90:d9:de:f0,-64,11,-99,-41,67,56,1980118059,100,0,114,0,"[30,2,32,4,34,5,36,6,34,7,32,8,32,8,30,8,29,6,27,6,26,6,26,6,25,6,25,5,24,5,25,5,27,5,27,4,27,4,28,3,27,2,27,2,26,1,26,0,27,0,25,-1,25,-1,25,-2,0,0,27,-4,27,-4,27,-5,29,-5,28,-6,29,-7,31,-9,31,-9,31,-9,33,-10,31,-10,29,-9,27,-9,27,-10,26,-10,25,-10,26,-11,26,-11,26,-12,27,-13,27,-13,27,-14,29,-14,31,-14,31,-13,29,-11,27,-10,24,-8]"
CSI_DATA,133810,d8:b1:90:d9:de:f0,-64,11,-99,-37,66,56,1980137678,100,0,114,0,"[-21,22,-25,23,-27,23,-28,21,-32,22,-30,19,-31,16,-31,13,-27,12,-27,11,-25,9,-26,9,-25,9,-25,8,-24,7,-24,7,-24,7,-27,7,-26,8,-26,7,-26,6,-26,7,-25,6,-24,7,-26,6,-24,6,-25,5,-25,6,0,0,-25,6,-26,6,-26,7,-29,7,-29,6,-31,6,-31,5,-32,5,-32,5,-33,5,-32,5,-31,3,-30,4,-29,5,-30,4,-29,3,-29,4,-30,2,-30,2,-31,1,-32,1,-33,0,-34,-1,-34,-2,-34,-4,-32,-6,-31,-6,-25,-7]"
CSI_DATA,133811,d8:b1:90:d9:de:f0,-64,11,-99,-34,65,56,1980147718,100,0,114,0,"[31,-1,34,0,37,0,38,1,40,2,38,2,35,4,34,3,31,2,30,3,29,2,28,1,28,1,27,0,27,1,27,-1,27,-2,28,-2,28,-2,28,-3,27,-4,27,-4,27,-4,26,-5,27,-6,25,-6,25,-7,25,-7,0,0,25,-10,25,-11,26,-11,27,-16,26,-15,28,-16,29,-17,29,-17,27,-17,27,-20,26,-19,26,-19,25,-20,22,-19,22,-20,22,-19,20,-20,20,-21,22,-22,22,-23,22,-23,22,-25,23,-26,23,-26,25,-26,23,-23,21,-22,19,-18]"
CSI_DATA,133812,d8:b1:90:d9:de:f0,-64,11,-99,-37,66,56,1980157726,100,0,114,0,"[29,-11,32,-10,34,-10,36,-9,37,-8,36,-6,34,-4,33,-4,31,-4,29,-4,27,-4,27,-2,26,-3,27,-2,26,-1,25,-2,27,-3,28,-3,28,-3,27,-3,27,-3,26,-3,26,-4,25,-5,25,-5,25,-3,24,-4,24,-6,0,0,26,-6,25,-6,26,-7,27,-9,29,-8,29,-8,30,-9,31,-9,31,-10,31,-10,31,-9,30,-8,28,-9,28,-8,27,-10,27,-8,27,-9,27,-9,28,-10,29,-11,32,-11,31,-11,32,-9,34,-9,33,-7,33,-7,29,-5,26,-3]"
CSI_DATA,133813,d8:b1:90:d9:de:f0,-64,11,-99,-40,67,56,1980168332,100,0,114,0,"[-12,27,-14,29,-16,31,-17,31,-18,31,-17,30,-16,28,-16,27,-14,25,-13,25,-13,23,-12,23,-11,22,-10,23,-9,23,-10,23,-9,25,-9,24,-8,25,-6,25,-5,24,-4,25,-4,24,-3,24,-2,23,-1,23,-1,24,0,23,0,0,1,25,2,24,4,26,4,27,6,29,7,29,7,30,7,31,9,29,10,29,11,28,12,29,12,28,12,27,12,24,12,25,12,24,13,23,14,23,16,25,18,26,19,27,19,27,20,28,18,28,17,27,15,25,12,23]"
CSI_DATA,133814,d8:b1:90:d9:de:f0,-64,11,-99,-37,66,56,1980187645,100,0,114,0,"[-29,-10,-30,-13,-31,-15,-32,-16,-32,-18,-30,-18,-29,-19,-26,-18,-26,-16,-24,-15,-24,-16,-22,-15,-21,-15,-21,-15,-21,-15,-20,-15,-21,-14,-22,-15,-21,-15,-21,-13,-21,-14,-22,-12,-21,-13,-21,-12,-21,-11,-19,-11,-20,-11,-20,-10,0,0,-22,-11,-22,-10,-23,-10,-26,-11,-24,-12,-27,-12,-27,-11,-29,-13,-29,-12,-29,-13,-28,-12,-28,-14,-28,-12,-27,-12,-27,-10,-24,-10,-26,-10,-24,-9,-27,-10,-28,-10,-30,-11,-30,-12,-31,-14,-29,-15,-30,-15,-28,-15,-24,-15,-21,-15]"
CSI_DATA,133815,d8:b1:90:d9:de:f0,-64,11,-99,-40,67,56,1980197764,100,0,114,0,"[-20,24,-23,25,-25,25,-29,25,-29,21,-30,21,-29,18,-28,17,-28,15,-26,13,-25,12,-23,12,-25,10,-24,9,-24,9,-24,8,-25,9,-25,7,-26,7,-25,7,-25,8,-25,6,-24,7,-23,7,-22,6,-22,4,-22,5,-22,4,0,0,-24,6,-23,5,-26,4,-26,4,-27,4,-28,4,-29,3,-31,4,-32,3,-31,2,-30,1,-29,2,-29,1,-28,1,-28,-1,-29,-1,-27,-1,-28,-2,-28,-2,-29,-3,-31,-3,-31,-4,-30,-5,-32,-9,-32,-10,-30,-11,-26,-11,-23,-12]"
CSI_DATA,133816,d8:b1:90:d9:de:f0,-64,11,-99,-35,66,56,1980217660,100,0,114,0,"[3,31,1,34,-1,36,-1,36,-2,38,-3,37,-5,35,-5,32,-3,30,-5,29,-4,27,-5,27,-6,25,-5,26,-6,25,-6,26,-4,25,-4,26,-4,26,-4,25,-4,27,-1,27,-3,25,-2,24,-3,23,-2,24,-3,24,-1,22,0,0,-2,22,0,24,0,25,0,26,0,28,0,29,0,28,0,30,0,30,-1,30,-2,30,-2,30,-2,29,0,28,0,27,0,27,-1,28,0,26,1,28,0,29,1,30,0,31,-2,33,-3,34,-5,31,-6,31,-7,29,-7,25]"
CSI_DATA,133817,d8:b1:90:d9:de:f0,-64,11,-99,-40,67,56,1980227926,100,0,114,0,"[-21,-23,-22,-26,-23,-28,-25,-28,-24,-29,-23,-28,-22,-26,-22,-25,-22,-22,-21,-22,-20,-20,-19,-19,-20,-18,-19,-18,-20,-17,-21,-17,-21,-15,-22,-16,-21,-14,-22,-12,-23,-13,-24,-11,-23,-10,-23,-9,-21,-9,-22,-8,-21,-7,-21,-6,0,0,-22,-2,-22,-3,-25,-3,-26,-2,-27,-1,-29,-1,-29,1,-29,1,-30,2,-30,4,-30,4,-29,4,-28,4,-27,6,-26,7,-26,8,-25,8,-26,10,-26,11,-26,12,-27,12,-27,13,-28,13,-32,13,-31,14,-30,13,-26,11,-23,9]"
CSI_DATA,133818,d8:b1:90:d9:de:f0,-64,11,-99,-37,66,56,1980247657,100,0,114,0,"[26,20,28,22,28,25,29,27,29,29,26,28,24,28,22,27,21,26,21,25,20,24,18,23,18,22,16,21,16,22,18,22,18,22,18,22,16,22,18,21,16,21,16,21,16,20,18,19,16,19,16,18,16,16,15,16,0,0,18,15,18,18,19,18,20,18,20,19,21,20,21,21,23,22,23,21,22,21,21,21,22,22,21,20,21,20,20,19,20,18,19,18,19,18,20,19,21,20,23,22,22,23,22,24,23,25,22,25,20,26,15,25,13,23]"
CSI_DATA,133819,d8:b1:90:d9:de:f0,-64,11,-99,-33,65,56,1980257835,100,0,114,0,"[-18,-29,-18,-32,-19,-32,-20,-34,-20,-36,-19,-33,-18,-32,-18,-30,-18,-27,-18,-26,-18,-24,-18,-25,-18,-23,-19,-21,-18,-21,-19,-21,-20,-19,-20,-20,-22,-19,-21,-16,-22,-18,-23,-15,-22,-13,-22,-12,-22,-11,-21,-10,-21,-9,-22,-9,0,0,-22,-6,-23,-6,-24,-6,-26,-4,-28,-3,-29,-2,-29,-2,-30,-2,-30,0,-31,1,-30,1,-29,1,-27,2,-26,3,-27,4,-27,5,-27,6,-27,7,-28,9,-28,9,-30,10,-28,11,-31,11,-32,10,-32,11,-29,11,-29,9,-25,7]"
CSI_DATA,133820,d8:b1:90:d9:de:f0,-65,11,-99,-36,67,56,1980272499,100,0,114,0,"[-11,-27,-10,-31,-9,-32,-7,-33,-6,-35,-5,-33,-2,-32,-1,-30,-2,-29,-1,-27,0,-25,0,-25,0,-25,0,-24,0,-24,1,-24,0,-23,1,-25,1,-24,1,-24,2,-23,1,-24,1,-22,1,-22,2,-22,2,-21,2,-19,2,-19,0,0,0,-20,2,-21,2,-21,2,-23,3,-23,4,-24,4,-24,5,-25,6,-24,6,-26,7,-25,7,-24,7,-22,7,-21,8,-22,9,-22,8,-22,8,-22,9,-23,10,-23,11,-23,11,-24,13,-26,15,-26,16,-22,14,-21,17,-21,16,-16]"
CSI_DATA,133821,d8:b1:90:d9:de:f0,-64,11,-99,-37,66,56,1980287662,100,0,114,0,"[-6,-33,-4,-37,-3,-40,0,-40,0,-42,3,-40,5,-39,6,-36,6,-33,8,-32,7,-29,8,-28,7,-28,8,-27,8,-27,8,-27,8,-27,8,-27,9,-27,9,-26,9,-26,9,-25,9,-24,8,-23,9,-23,7,-22,8,-22,9,-22,0,0,8,-22,9,-24,9,-24,11,-25,11,-26,13,-26,14,-26,15,-26,14,-26,16,-25,14,-26,15,-25,15,-25,14,-23,14,-22,14,-21,15,-22,16,-21,16,-20,21,-21,21,-21,22,-22,22,-23,24,-22,25,-19,25,-16,25,-15,23,-11]"
CSI_DATA,133822,d8:b1:90:d9:de:f0,-64,11,-99,-41,67,56,1980297772,100,0,114,0,"[-9,31,-11,34,-14,38,-15,38,-15,37,-15,37,-14,34,-14,32,-13,30,-12,29,-12,28,-12,27,-10,26,-10,26,-9,27,-9,27,-8,27,-9,26,-8,27,-7,26,-5,27,-4,27,-3,26,-4,26,-3,24,-1,23,-2,23,-1,22,0,0,1,24,0,24,1,25,2,26,3,28,3,29,3,29,4,31,3,29,3,29,4,29,5,29,5,28,6,28,5,26,5,25,6,25,5,25,7,25,7,27,7,27,8,30,9,30,8,31,6,30,6,29,4,28,2,26]"
CSI_DATA,133823,d8:b1:90:d9:de:f0,-64,11,-99,-41,67,56,1980317631,100,0,114,0,"[2,33,1,38,-1,40,-3,40,-4,41,-6,40,-8,38,-9,34,-8,33,-9,30,-9,29,-9,28,-10,27,-10,26,-10,26,-10,26,-10,27,-11,27,-11,27,-12,26,-11,25,-11,26,-10,24,-10,24,-11,23,-10,22,-10,22,-10,21,0,0,-10,22,-10,23,-11,23,-13,24,-13,25,-14,26,-13,26,-16,26,-16,25,-18,25,-18,25,-16,23,-16,22,-15,22,-16,21,-16,20,-16,20,-16,19,-16,20,-20,19,-21,20,-22,21,-23,21,-26,19,-26,16,-26,14,-25,14,-24,9]"
CSI_DATA,133824,d8:b1:90:d9:de:f0,-64,11,-99,-41,67,56,1980327694,100,0,114,0,"[12,-31,14,-33,16,-36,18,-36,19,-37,18,-33,18,-33,18,-31,15,-29,14,-28,13,-26,13,-26,13,-26,11,-25,11,-26,11,-26,10,-26,10,-27,8,-27,8,-27,7,-26,6,-27,5,-25,4,-24,4,-25,3,-24,2,-24,2,-23,0,0,1,-24,0,-25,0,-25,-1,-27,-1,-28,-2,-28,-2,-29,-2,-30,-3,-30,-3,-30,-4,-30,-3,-29,-4,-27,-4,-26,-5,-26,-5,-25,-5,-25,-6,-25,-6,-26,-7,-26,-6,-27,-7,-28,-7,-30,-6,-31,-6,-29,-5,-27,-4,-29,-2,-25]"
CSI_DATA,133825,d8:b1:90:d9:de:f0,-64,11,-99,-40,67,56,1980337701,100,0,114,0,"[-6,-32,-5,-34,-4,-39,-3,-40,-2,-41,-1,-39,2,-36,2,-36,1,-32,2,-32,2,-30,2,-30,2,-29,2,-27,2,-27,1,-28,2,-28,2,-29,1,-28,2,-27,0,-25,0,-26,1,-25,-1,-24,-1,-24,0,-24,0,-23,-1,-22,0,0,-3,-23,-2,-25,-2,-25,-3,-26,-3,-26,-2,-28,-4,-28,-2,-30,-3,-29,-1,-29,-2,-28,-3,-28,-2,-27,-1,-26,-1,-25,-1,-25,-1,-25,-2,-24,-2,-24,-2,-25,-2,-27,-1,-28,0,-30,1,-30,2,-29,4,-27,5,-27,6,-23]"
CSI_DATA,133826,d8:b1:90:d9:de:f0,-64,11,-99,-37,66,56,1980357814,100,0,114,0,"[32,-10,36,-10,38,-10,40,-9,40,-9,38,-9,37,-6,36,-7,32,-7,31,-6,29,-7,28,-6,29,-7,27,-7,27,-7,27,-9,26,-8,27,-9,26,-10,26,-11,25,-12,23,-12,23,-12,21,-12,21,-11,21,-12,20,-12,20,-12,0,0,18,-15,19,-15,19,-16,20,-20,20,-19,21,-21,22,-21,21,-23,21,-22,21,-22,20,-22,20,-22,19,-22,18,-21,16,-20,15,-21,15,-21,16,-22,15,-23,18,-23,18,-24,16,-25,16,-24,18,-25,20,-25,20,-23,18,-21,18,-18]"
CSI_DATA,133827,d8:b1:90:d9:de:f0,-64,11,-99,-38,66,56,1980377651,100,0,114,0,"[32,1,35,3,38,6,39,7,41,10,39,10,37,13,34,14,31,13,30,13,29,14,28,13,26,14,26,14,26,15,26,15,25,15,26,15,26,14,25,14,25,15,25,14,23,15,22,14,21,13,21,14,21,13,21,11,0,0,21,14,21,13,22,14,25,15,23,17,23,18,25,18,23,19,23,19,23,19,22,19,21,19,21,19,20,19,19,18,18,19,18,19,18,18,19,20,18,20,20,22,18,25,18,27,17,27,17,27,14,27,10,26,8,23]"
CSI_DATA,133828,d8:b1:90:d9:de:f0,-64,11,-99,-38,66,56,1980387666,100,0,114,0,"[-31,11,-35,11,-38,11,-38,13,-40,10,-39,11,-37,9,-35,9,-33,10,-31,9,-28,9,-28,9,-29,9,-27,9,-27,9,-26,10,-26,11,-27,11,-27,13,-25,14,-25,15,-23,16,-21,15,-20,16,-19,16,-18,15,-18,15,-18,17,0,0,-15,17,-16,18,-18,18,-17,20,-18,21,-17,23,-17,25,-17,27,-17,26,-18,27,-17,26,-15,25,-13,23,-13,23,-14,22,-14,23,-11,25,-13,25,-13,26,-11,27,-13,28,-11,28,-11,29,-14,28,-15,28,-14,27,-13,23,-13,20]"
CSI_DATA,133829,d8:b1:90:d9:de:f0,-64,11,-99,-41,67,56,1980407643,100,0,114,0,"[-28,-13,-30,-16,-31,-19,-30,-21,-33,-25,-29,-24,-27,-26,-25,-24,-24,-22,-21,-23,-21,-22,-19,-23,-18,-21,-18,-22,-18,-22,-16,-22,-18,-22,-18,-23,-16,-22,-18,-22,-16,-22,-16,-22,-15,-22,-15,-21,-13,-21,-14,-20,-13,-19,-13,-19,0,0,-14,-20,-14,-21,-14,-21,-14,-22,-15,-24,-15,-25,-15,-25,-15,-26,-15,-25,-14,-26,-13,-26,-11,-26,-12,-26,-11,-24,-11,-24,-11,-24,-10,-24,-9,-24,-10,-24,-8,-26,-9,-28,-8,-28,-6,-30,-5,-32,-5,-30,-3,-29,-1,-29,1,-24]"
CSI_DATA,133830,d8:b1:90:d9:de:f0,-64,11,-99,-41,67,56,1980417848,100,0,114,0,"[-6,31,-9,34,-10,36,-10,37,-11,40,-11,37,-12,37,-11,33,-9,32,-9,30,-8,29,-8,29,-8,27,-7,26,-7,27,-6,27,-5,27,-5,28,-4,27,-4,28,-2,27,0,28,-1,27,1,25,0,25,0,25,2,24,2,23,0,0,3,24,4,24,5,25,6,28,7,28,7,29,8,29,8,29,9,28,8,29,8,29,8,29,8,27,10,25,10,24,9,24,9,25,10,24,11,25,11,26,11,26,13,27,13,29,12,31,11,29,11,27,8,28,7,25]"
CSI_DATA,133831,d8:b1:90:d9:de:f0,-64,11,-99,-40,67,56,1980437748,100,0,114,0,"[31,-8,36,-7,38,-6,39,-4,40,-2,39,0,36,2,34,3,31,3,30,4,28,4,28,6,27,5,26,5,26,6,27,7,26,6,27,7,26,7,26,7,25,6,25,7,23,6,23,6,22,6,22,7,22,7,22,7,0,0,23,6,24,8,24,8,24,8,25,9,26,10,27,10,27,11,27,11,27,12,26,12,25,13,24,14,23,12,24,12,23,13,22,13,23,13,24,14,24,15,25,16,25,18,24,19,23,21,23,22,21,22,18,22,14,20]"
CSI_DATA,133832,d8:b1:90:d9:de:f0,-64,11,-99,-41,67,56,1980458066,100,0,114,0,"[13,30,13,32,12,37,10,37,9,39,8,36,6,37,6,32,5,31,4,30,4,28,4,28,2,28,2,27,3,28,3,28,3,27,3,27,3,26,3,26,4,26,4,25,4,25,5,25,5,24,4,23,4,23,4,22,0,0,6,24,5,24,4,24,6,26,6,27,5,29,7,29,6,30,7,29,5,30,5,30,5,30,4,28,5,27,4,27,4,25,4,27,4,24,5,27,4,27,4,28,4,30,3,32,1,31,-1,30,-1,30,-3,28,-4,24]"
CSI_DATA,133833,d8:b1:90:d9:de:f0,-64,11,-99,-37,66,56,1980477708,100,0,114,0,"[32,4,36,6,38,7,39,8,39,8,38,9,36,9,33,8,32,6,30,7,29,6,29,6,29,5,28,4,27,4,28,2,28,1,29,2,28,2,28,0,26,-1,26,-1,25,-2,24,-2,25,-3,23,-4,23,-4,25,-5,0,0,23,-7,24,-8,25,-9,26,-11,26,-10,26,-13,27,-13,28,-13,29,-14,28,-14,27,-16,26,-16,26,-15,24,-15,23,-16,22,-15,23,-16,23,-16,22,-18,23,-19,24,-20,24,-21,23,-22,24,-21,26,-21,25,-19,23,-18,20,-14]"
CSI_DATA,133834,d8:b1:90:d9:de:f0,-64,11,-99,-37,66,56,1980487916,100,0,114,0,"[-24,-24,-24,-27,-25,-29,-24,-31,-24,-33,-22,-32,-19,-32,-16,-31,-16,-28,-14,-27,-14,-25,-14,-25,-12,-26,-13,-25,-13,-24,-13,-24,-13,-24,-14,-25,-14,-24,-14,-24,-13,-24,-15,-24,-13,-23,-15,-22,-14,-22,-13,-21,-14,-20,-14,-19,0,0,-13,-16,-16,-20,-15,-20,-18,-22,-19,-23,-19,-24,-20,-24,-20,-25,-21,-23,-21,-24,-20,-23,-20,-24,-20,-23,-19,-22,-20,-22,-18,-21,-18,-20,-19,-20,-19,-21,-20,-23,-20,-24,-20,-25,-21,-27,-20,-27,-19,-25,-16,-26,-14,-25,-10,-23]"
CSI_DATA,133835,d8:b1:90:d9:de:f0,-64,11,-99,-36,66,56,1980507692,100,0,114,0,"[10,29,11,33,10,34,11,36,10,37,8,36,8,34,8,32,9,29,8,28,8,26,8,25,8,25,9,24,9,25,10,24,10,24,10,23,11,22,11,21,13,22,13,21,14,20,14,20,13,17,14,18,14,15,15,16,0,0,18,14,18,16,19,16,20,15,22,16,24,16,25,16,26,16,26,15,26,14,27,13,26,13,25,12,25,10,25,10,25,10,25,9,25,7,27,8,28,7,29,7,30,7,31,8,31,8,30,8,30,8,26,9,23,8]"
CSI_DATA,133836,d8:b1:90:d9:de:f0,-64,11,-99,-38,66,56,1980517855,100,0,114,0,"[15,-29,16,-31,20,-33,21,-33,22,-34,22,-31,22,-29,21,-26,20,-26,20,-23,18,-21,19,-21,18,-21,18,-21,18,-21,18,-20,17,-21,18,-21,18,-21,16,-21,16,-22,16,-21,15,-21,14,-20,15,-20,13,-20,13,-20,13,-20,0,0,10,-22,14,-22,13,-23,13,-26,13,-27,14,-28,13,-29,13,-30,14,-29,14,-30,14,-28,13,-28,13,-27,10,-27,11,-26,10,-26,10,-27,10,-26,9,-28,11,-27,13,-29,13,-30,13,-31,15,-30,15,-28,15,-27,15,-26,15,-21]"
CSI_DATA,133837,d8:b1:90:d9:de:f0,-64,11,-99,-38,66,56,1980537642,100,0,114,0,"[33,-2,37,-2,38,-1,40,-1,40,0,40,-1,35,1,35,0,33,-1,32,-1,30,-2,28,-1,29,-1,28,-3,28,-3,27,-4,28,-5,27,-4,28,-5,27,-6,27,-8,27,-8,25,-9,23,-10,22,-9,21,-10,20,-11,20,-13,0,0,21,-15,19,-16,21,-17,20,-19,21,-21,21,-22,20,-23,21,-26,20,-26,20,-26,20,-27,17,-26,16,-26,16,-26,14,-23,15,-25,13,-25,13,-27,11,-27,13,-28,11,-30,10,-30,10,-30,13,-32,13,-30,13,-30,11,-27,11,-25]"
CSI_DATA,133838,d8:b1:90:d9:de:f0,-64,11,-99,-40,67,56,1980547683,100,0,114,0,"[-1,30,-2,32,-4,37,-5,38,-5,36,-7,34,-8,33,-8,30,-5,29,-8,28,-7,26,-6,26,-6,25,-6,25,-6,25,-6,26,-4,26,-5,26,-5,26,-5,25,-3,25,-2,25,-2,24,0,25,-2,25,-1,25,0,24,0,24,0,0,1,25,2,26,2,26,2,27,3,29,4,29,5,31,5,32,4,31,4,31,5,29,5,30,6,29,7,27,6,27,6,27,6,26,7,26,7,26,8,28,8,28,9,30,8,32,7,32,7,30,5,30,3,28,2,24]"
CSI_DATA,133839,d8:b1:90:d9:de:f0,-64,11,-99,-41,67,56,1980567800,100,0,114,0,"[22,-21,24,-22,27,-23,29,-24,28,-23,28,-22,25,-21,26,-20,23,-19,24,-19,22,-18,21,-18,20,-18,19,-19,18,-20,18,-20,16,-20,18,-21,18,-21,15,-21,15,-22,13,-23,13,-23,11,-23,11,-22,10,-23,8,-23,7,-23,0,0,7,-24,6,-25,5,-26,4,-27,4,-31,3,-30,3,-32,2,-33,0,-32,0,-32,0,-32,-2,-31,-3,-31,-3,-28,-3,-28,-4,-29,-5,-26,-5,-28,-6,-27,-6,-29,-7,-29,-8,-30,-9,-30,-9,-33,-8,-31,-8,-30,-6,-28,-4,-25]"
CSI_DATA,133840,d8:b1:90:d9:de:f0,-64,11,-99,-36,66,56,1980579396,100,0,114,0,"[-7,29,-9,31,-11,32,-14,32,-15,30,-17,29,-17,26,-18,25,-18,23,-18,22,-17,20,-17,18,-18,19,-17,18,-17,18,-18,17,-19,18,-18,18,-20,17,-20,17,-19,18,-20,17,-19,17,-18,16,-18,16,-17,15,-17,16,-18,15,0,0,-21,16,-19,16,-20,16,-23,17,-23,19,-24,18,-24,19,-28,18,-26,17,-27,18,-27,17,-25,16,-25,15,-24,15,-24,14,-25,13,-24,13,-24,13,-25,13,-28,11,-29,11,-30,12,-29,11,-31,8,-32,6,-31,4,-28,3,-25,1]"
CSI_DATA,133841,d8:b1:90:d9:de:f0,-64,11,-99,-38,66,56,1980597868,100,0,114,0,"[-8,-31,-7,-33,-7,-35,-7,-35,-7,-38,-7,-35,-6,-34,-6,-32,-7,-30,-6,-29,-7,-26,-6,-27,-7,-26,-7,-27,-7,-26,-8,-26,-9,-26,-11,-27,-11,-26,-11,-25,-13,-25,-15,-25,-15,-22,-17,-21,-17,-21,-17,-20,-17,-20,-18,-18,0,0,-20,-18,-22,-17,-22,-17,-27,-17,-28,-18,-29,-17,-30,-16,-31,-16,-30,-14,-31,-14,-31,-14,-31,-13,-29,-10,-28,-9,-28,-8,-28,-7,-28,-6,-29,-5,-29,-4,-30,-4,-32,-4,-33,-3,-35,-5,-34,-5,-31,-3,-30,-4,-29,-6,-25,-5]"
CSI_DATA,133842,d8:b1:90:d9:de:f0,-64,11,-99,-39,66,56,1980609923,100,0,114,0,"[-24,19,-28,20,-29,19,-30,20,-31,20,-30,20,-29,19,-29,16,-25,17,-23,19,-23,16,-23,16,-23,17,-22,16,-22,16,-22,19,-21,17,-21,20,-20,20,-21,21,-19,23,-17,24,-16,24,-15,24,-14,24,-15,24,-13,25,-11,26,0,0,-11,26,-8,28,-8,30,-8,31,-6,33,-5,34,-3,35,-4,37,-3,35,-3,35,-2,37,-1,35,0,32,1,31,2,30,2,30,3,30,4,29,5,30,5,31,5,31,7,31,7,33,6,33,4,31,5,31,4,29,2,25]"
CSI_DATA,133843,d8:b1:90:d9:de:f0,-64,9,-99,-37,66,56,1980627790,98,0,106,0,"[-20,0,-126,0,54,1,113,0,73,1,101,0,55,1,96,0,9,1,88,0,-34,0,70,0,-63,0,46,0,-86,0,26,0,-102,0,5,0,131,0,2,0,70,0,-3,15,-5,15,-24,15,-73,15,-73,15,0,0,0,0,-131,15,42,15,-110,15,-42,14,-78,15,-87,14,-46,15,-83,14,-38,15,-39,14,-59,15,25,15,-88,15,65,15,-115,15,76,15,-113,15,66,15,-80,15,48,15,-20,15,81,15,54,0,-119,15,101,0]"
CSI_DATA,133844,d8:b1:90:d9:de:f0,-64,11,-99,-38,66,56,1980638085,100,0,114,0,"[-11,-28,-13,-30,-13,-32,-10,-33,-10,-34,-9,-34,-7,-33,-6,-31,-6,-30,-5,-29,-5,-27,-5,-28,-5,-27,-5,-27,-5,-28,-5,-28,-7,-28,-7,-30,-7,-29,-7,-29,-8,-30,-9,-29,-8,-28,-9,-28,-10,-28,-9,-27,-10,-26,-11,-25,0,0,-13,-26,-14,-25,-15,-26,-16,-27,-16,-29,-16,-30,-18,-29,-17,-30,-18,-28,-18,-29,-18,-28,-18,-28,-17,-26,-17,-25,-16,-22,-17,-22,-16,-22,-16,-22,-17,-22,-17,-22,-17,-25,-17,-25,-17,-27,-17,-27,-16,-26,-15,-25,-11,-25,-10,-20]"
CSI_DATA,133845,d8:b1:90:d9:de:f0,-64,11,-99,-38,66,56,1980657748,100,0,114,0,"[-25,16,-27,17,-30,17,-31,18,-31,17,-31,17,-29,16,-28,16,-26,16,-25,15,-23,16,-22,16,-23,17,-23,17,-23,18,-22,18,-22,21,-22,20,-22,22,-20,22,-19,26,-18,25,-16,26,-16,26,-14,26,-14,26,-13,26,-11,26,0,0,-7,29,-7,28,-6,30,-5,31,-4,32,-3,34,-1,33,-2,35,-1,34,-1,34,1,33,1,33,2,32,4,31,4,28,4,28,5,26,5,27,6,27,6,28,8,29,9,30,9,29,8,30,7,29,6,29,5,27,5,22]"
CSI_DATA,133846,d8:b1:90:d9:de:f0,-64,11,-99,-38,66,56,1980667787,100,0,114,0,"[-19,-22,-19,-26,-20,-26,-19,-29,-20,-30,-19,-30,-16,-29,-16,-28,-16,-26,-14,-27,-14,-25,-14,-25,-14,-23,-14,-25,-14,-23,-16,-22,-17,-25,-18,-26,-18,-25,-18,-25,-18,-26,-20,-23,-19,-25,-20,-21,-20,-21,-19,-21,-19,-19,-21,-19,0,0,-21,-19,-23,-18,-23,-18,-26,-18,-26,-18,-27,-18,-28,-19,-28,-19,-28,-17,-28,-18,-27,-17,-27,-17,-26,-15,-26,-15,-25,-13,-23,-13,-22,-11,-23,-10,-23,-10,-23,-13,-27,-11,-25,-13,-26,-14,-27,-15,-27,-14,-23,-13,-21,-14,-17,-13]"
CSI_DATA,133847,d8:b1:90:d9:de:f0,-64,11,-99,-38,66,56,1980681061,100,0,114,0,"[-2,-29,0,-31,2,-34,5,-35,5,-37,7,-35,9,-32,9,-32,9,-30,10,-29,8,-27,9,-27,11,-27,9,-27,10,-27,10,-26,10,-28,11,-28,13,-29,13,-28,11,-29,11,-29,10,-28,10,-28,10,-28,10,-27,9,-26,9,-26,0,0,10,-27,9,-27,11,-29,11,-28,11,-31,13,-31,11,-31,13,-31,13,-30,14,-30,14,-28,13,-29,13,-27,13,-26,13,-23,13,-23,13,-22,13,-22,13,-22,15,-23,15,-23,15,-25,17,-25,18,-25,19,-21,19,-19,19,-18,17,-14]"
CSI_DATA,133848,d8:b1:90:d9:de:f0,-64,11,-99,-36,66,56,1980698062,100,0,114,0,"[-25,12,-29,12,-31,12,-31,11,-36,11,-33,10,-33,9,-31,7,-28,8,-28,7,-25,7,-27,7,-27,7,-27,6,-27,6,-26,7,-26,9,-29,8,-28,10,-29,10,-27,9,-28,11,-27,11,-24,11,-25,11,-24,11,-23,10,-22,12,0,0,-21,11,-23,13,-22,14,-25,16,-24,15,-25,16,-25,17,-25,18,-25,18,-26,17,-23,17,-23,15,-21,15,-20,15,-21,14,-20,14,-19,14,-20,14,-20,14,-21,14,-22,16,-22,15,-23,15,-24,14,-26,12,-23,12,-23,10,-20,7]"
CSI_DATA,133849,d8:b1:90:d9:de:f0,-64,11,-99,-39,67,56,1980718194,100,0,114,0,"[-18,-24,-20,-27,-19,-29,-19,-30,-21,-33,-19,-32,-17,-32,-17,-29,-16,-27,-14,-26,-15,-25,-15,-25,-16,-25,-16,-24,-17,-24,-17,-24,-18,-24,-19,-24,-20,-24,-21,-23,-21,-22,-21,-21,-21,-19,-22,-18,-21,-17,-22,-16,-22,-15,-21,-13,0,0,-23,-14,-23,-12,-25,-12,-26,-12,-26,-11,-27,-11,-27,-11,-27,-11,-27,-10,-27,-10,-27,-8,-26,-8,-25,-8,-24,-6,-24,-5,-23,-5,-23,-5,-23,-4,-23,-4,-24,-5,-26,-5,-26,-5,-26,-6,-27,-6,-27,-4,-25,-6,-23,-7,-20,-7]"
CSI_DATA,133850,d8:b1:90:d9:de:f0,-64,11,-99,-37,66,56,1980737634,100,0,114,0,"[-8,30,-11,33,-13,36,-16,36,-18,36,-18,33,-19,32,-19,30,-18,29,-18,27,-16,26,-15,25,-16,25,-16,25,-15,24,-16,25,-18,25,-18,25,-18,26,-18,25,-16,26,-16,26,-16,24,-14,24,-15,24,-13,23,-13,23,-12,23,0,0,-13,21,-12,22,-12,23,-13,24,-13,25,-14,25,-15,25,-15,26,-15,26,-16,25,-15,24,-15,24,-13,24,-14,22,-13,21,-14,20,-14,21,-14,20,-15,20,-16,21,-16,21,-18,22,-18,22,-19,21,-21,19,-21,16,-19,15,-18,12]"
CSI_DATA,133851,d8:b1:90:d9:de:f0,-64,11,-99,-36,66,56,1980747676,100,0,114,0,"[30,-7,33,-6,36,-6,36,-5,39,-7,36,-6,37,-5,33,-5,32,-7,31,-7,28,-7,29,-7,28,-7,27,-8,26,-9,27,-9,26,-11,28,-12,27,-12,27,-14,25,-14,24,-16,23,-15,21,-17,21,-16,20,-15,18,-15,17,-17,0,0,15,-18,15,-20,15,-19,15,-22,14,-23,14,-24,13,-25,13,-26,12,-25,13,-27,12,-25,10,-24,8,-23,8,-22,8,-23,7,-22,6,-23,6,-22,5,-24,5,-25,4,-25,4,-27,4,-28,6,-28,7,-26,7,-24,6,-25,6,-20]"
CSI_DATA,133852,d8:b1:90:d9:de:f0,-64,11,-99,-40,67,56,1980757740,100,0,114,0,"[4,31,2,34,0,38,-1,39,-2,40,-2,38,-3,38,-3,34,-2,32,-3,31,-2,30,-2,30,-2,28,-2,29,-1,29,-1,29,-1,29,-2,30,0,29,0,29,0,29,2,28,2,27,3,27,2,27,3,25,3,24,4,23,0,0,5,23,5,24,5,24,7,24,7,26,7,27,8,27,8,28,8,26,9,27,7,26,8,26,8,25,8,24,8,22,8,22,8,22,8,21,9,22,9,24,9,25,9,27,10,28,8,28,7,27,6,27,4,26,3,22]"
CSI_DATA,133853,d8:b1:90:d9:de:f0,-65,11,-99,-34,66,56,1980777842,100,0,114,0,"[31,8,34,9,35,10,36,10,36,11,35,11,33,12,33,9,31,8,30,9,28,7,27,6,28,6,27,5,27,4,26,5,28,2,29,3,29,2,28,1,26,0,27,0,25,0,24,-1,24,-1,23,-1,22,-2,23,-4,0,0,22,-5,22,-6,23,-8,23,-8,22,-8,23,-10,24,-10,24,-12,25,-13,24,-13,24,-13,22,-13,21,-13,20,-14,20,-14,19,-14,18,-14,18,-16,18,-17,18,-16,20,-18,19,-18,18,-18,22,-19,23,-20,23,-19,20,-16,19,-14]"
CSI_DATA,133854,d8:b1:90:d9:de:f0,-65,11,-99,-34,66,56,1980787983,100,0,114,0,"[16,-26,19,-28,22,-30,24,-29,24,-28,25,-27,24,-24,24,-23,22,-21,22,-22,21,-20,21,-20,19,-19,18,-19,20,-20,19,-20,19,-20,19,-19,20,-19,19,-20,17,-20,16,-20,17,-20,15,-19,16,-19,13,-18,13,-19,14,-18,0,0,11,-18,12,-19,13,-20,13,-21,12,-21,13,-22,12,-22,14,-24,14,-23,13,-23,12,-23,12,-23,11,-21,10,-21,12,-20,11,-20,10,-21,10,-21,11,-21,11,-23,11,-24,13,-25,12,-26,14,-26,15,-24,16,-23,16,-20,16,-18]"
CSI_DATA,133855,d8:b1:90:d9:de:f0,-65,11,-99,-39,67,56,1980807759,100,0,114,0,"[-11,29,-13,32,-14,33,-16,34,-15,36,-14,35,-15,32,-14,31,-12,29,-12,29,-11,27,-10,26,-10,26,-9,26,-8,26,-8,27,-7,28,-6,28,-6,28,-5,28,-4,28,-2,27,-1,25,0,26,-1,24,0,24,1,23,2,23,0,0,4,23,4,23,6,24,7,25,9,27,8,26,10,26,10,28,12,26,11,26,11,26,11,25,12,23,13,22,14,20,14,20,15,20,15,20,17,20,17,20,19,21,20,23,20,23,20,25,19,23,19,23,17,23,14,22]"
CSI_DATA,133856,d8:b1:90:d9:de:f0,-65,11,-99,-34,66,56,1980827635,100,0,114,0,"[22,20,24,23,24,25,24,27,24,29,21,29,19,29,18,27,17,26,14,25,13,24,12,24,11,23,12,23,9,24,10,24,11,25,12,25,12,25,10,25,11,24,11,24,10,23,10,22,9,22,9,21,9,21,9,19,0,0,9,19,10,21,10,21,12,23,12,23,13,25,13,25,12,26,13,24,12,25,12,25,10,25,11,23,10,22,12,22,10,22,10,23,11,21,12,22,10,24,12,25,11,27,11,29,9,30,10,28,8,28,5,27,3,25]"
CSI_DATA,133857,d8:b1:90:d9:de:f0,-64,11,-99,-40,67,56,1980837773,100,0,114,0,"[19,-24,21,-26,24,-27,26,-28,25,-28,25,-27,24,-26,24,-25,22,-22,21,-21,19,-21,18,-21,18,-21,17,-21,16,-22,16,-22,16,-22,16,-22,16,-23,14,-23,13,-24,12,-25,11,-23,10,-24,8,-23,8,-23,8,-23,7,-22,0,0,5,-24,5,-23,4,-24,3,-26,2,-27,2,-28,0,-30,0,-30,-1,-29,-2,-29,-3,-28,-5,-29,-4,-26,-5,-26,-6,-24,-6,-25,-7,-25,-9,-25,-8,-25,-9,-27,-11,-27,-12,-28,-13,-29,-13,-31,-12,-29,-11,-29,-9,-28,-8,-25]"
CSI_DATA,133858,d8:b1:90:d9:de:f0,-64,11,-99,-40,67,56,1980858078,100,0,114,0,"[-24,18,-28,19,-30,18,-32,17,-32,15,-31,13,-30,12,-29,10,-29,10,-27,8,-25,7,-26,5,-27,5,-26,3,-26,3,-26,3,-26,3,-27,3,-27,2,-27,3,-27,2,-27,3,-25,2,-24,2,-25,1,-24,0,-24,0,-23,0,0,0,-24,1,-24,0,-26,1,-27,1,-28,1,-29,0,-29,1,-29,0,-30,1,-30,0,-29,-2,-28,-2,-27,-2,-27,-2,-26,-1,-26,-2,-26,-2,-27,-2,-28,-1,-29,-2,-31,-3,-31,-3,-30,-5,-32,-7,-32,-9,-30,-11,-27,-10,-23,-12]"
CSI_DATA,133859,d8:b1:90:d9:de:f0,-64,11,-99,-40,67,56,1980877640,100,0,114,0,"[-24,-15,-25,-17,-27,-20,-27,-21,-28,-22,-26,-23,-25,-22,-23,-21,-21,-19,-20,-19,-19,-18,-18,-18,-20,-17,-19,-17,-19,-18,-20,-18,-21,-18,-21,-18,-22,-18,-21,-17,-21,-17,-21,-16,-21,-15,-21,-14,-20,-15,-20,-15,-21,-13,-22,-12,0,0,-21,-12,-23,-11,-24,-12,-25,-11,-27,-12,-27,-11,-29,-11,-29,-11,-29,-10,-29,-9,-28,-9,-28,-9,-27,-8,-28,-6,-26,-5,-26,-6,-25,-5,-27,-5,-28,-4,-28,-4,-29,-3,-31,-4,-31,-5,-34,-6,-33,-5,-32,-6,-29,-7,-26,-7]"
CSI_DATA,133860,d8:b1:90:d9:de:f0,-64,11,-99,-35,66,56,1980887697,100,0,114,0,"[-19,-20,-21,-23,-21,-25,-21,-27,-20,-29,-18,-29,-16,-29,-16,-27,-14,-26,-12,-24,-11,-24,-10,-24,-10,-25,-10,-24,-9,-25,-10,-25,-11,-25,-10,-26,-10,-27,-10,-25,-11,-27,-10,-26,-10,-25,-10,-24,-10,-23,-9,-23,-9,-22,-9,-22,0,0,-11,-23,-9,-23,-11,-25,-11,-25,-12,-27,-13,-27,-14,-27,-13,-29,-12,-28,-14,-27,-12,-27,-13,-27,-12,-27,-13,-25,-11,-24,-11,-25,-11,-24,-12,-24,-13,-24,-13,-26,-13,-26,-12,-29,-12,-29,-12,-32,-11,-30,-10,-30,-5,-29,-5,-26]"
CSI_DATA,133861,d8:b1:90:d9:de:f0,-64,11,-99,-41,67,56,1980907731,100,0,114,0,"[-10,26,-13,28,-14,30,-15,29,-18,30,-18,29,-18,27,-18,26,-15,26,-16,25,-15,23,-14,24,-15,23,-13,23,-14,23,-15,24,-14,24,-14,25,-15,25,-14,25,-13,26,-12,27,-12,26,-10,26,-11,25,-9,24,-9,24,-8,24,0,0,-7,25,-6,26,-7,26,-7,29,-6,29,-6,31,-5,31,-5,33,-4,32,-4,33,-3,32,-2,31,-2,29,-1,28,-1,28,-1,27,-1,27,1,26,2,27,1,30,1,31,1,31,1,33,1,33,-1,32,-2,31,-3,31,-3,27]"
CSI_DATA,133862,d8:b1:90:d9:de:f0,-64,11,-99,-36,66,56,1980918072,100,0,114,0,"[9,-25,11,-26,15,-29,17,-29,18,-28,19,-27,19,-25,20,-24,18,-21,19,-20,18,-20,18,-18,19,-18,18,-18,18,-17,19,-18,20,-18,22,-18,22,-18,21,-18,20,-18,21,-17,21,-17,19,-17,20,-16,20,-16,19,-16,19,-15,0,0,20,-15,20,-17,20,-18,21,-18,22,-18,22,-18,22,-19,24,-20,24,-19,24,-19,23,-19,22,-19,22,-17,21,-17,21,-16,20,-15,20,-15,20,-15,21,-16,23,-16,24,-16,25,-17,26,-17,27,-15,28,-13,27,-12,26,-10,24,-8]"
CSI_DATA,133863,d8:b1:90:d9:de:f0,-65,11,-99,-39,67,56,1980940290,100,0,114,0,"[-28,-2,-30,-3,-32,-3,-33,-4,-35,-5,-33,-4,-32,-6,-31,-5,-28,-4,-28,-4,-26,-4,-26,-4,-27,-2,-26,-2,-26,-2,-26,-2,-27,-1,-29,-1,-28,0,-28,1,-27,1,-28,3,-27,3,-27,4,-27,4,-26,6,-25,6,-25,8,0,0,-25,7,-24,10,-25,10,-26,12,-27,13,-27,13,-27,15,-27,15,-26,16,-27,17,-26,16,-23,16,-22,16,-21,17,-21,16,-20,15,-19,17,-18,18,-19,19,-20,20,-22,21,-20,21,-21,22,-22,21,-22,21,-22,19,-20,18,-19,15]"
CSI_DATA,133864,d8:b1:90:d9:de:f0,-65,11,-99,-34,66,56,1980950818,100,0,114,0,"[17,22,19,25,18,27,18,28,16,30,15,29,13,29,11,28,11,26,10,26,9,24,9,25,7,25,7,24,8,25,8,25,9,25,8,26,7,26,8,26,9,26,8,26,7,24,9,24,8,23,9,23,8,22,9,22,0,0,9,23,9,23,10,23,12,24,11,25,11,27,12,26,12,28,12,27,12,27,10,27,12,26,10,25,10,24,10,23,10,23,9,23,10,23,10,24,10,24,10,26,10,27,9,29,8,29,8,28,6,28,4,27,2,25]"
CSI_DATA,133865,d8:b1:90:d9:de:f0,-64,11,-99,-40,67,56,1980967653,100,0,114,0,"[-22,-21,-22,-23,-23,-25,-22,-26,-23,-28,-22,-27,-20,-26,-20,-25,-19,-23,-18,-23,-18,-21,-18,-21,-17,-21,-17,-21,-19,-21,-19,-21,-19,-21,-21,-22,-21,-21,-21,-20,-21,-20,-23,-19,-22,-19,-21,-17,-22,-16,-21,-16,-21,-14,-21,-14,0,0,-23,-11,-22,-11,-23,-11,-26,-12,-26,-11,-28,-11,-29,-11,-30,-11,-29,-9,-29,-9,-29,-8,-26,-8,-26,-7,-25,-6,-25,-5,-25,-5,-24,-4,-25,-3,-26,-3,-27,-3,-29,-3,-29,-4,-30,-4,-30,-5,-31,-5,-29,-5,-26,-6,-23,-7]"
CSI_DATA,133866,d8:b1:90:d9:de:f0,-64,11,-99,-40,67,56,1980988258,100,0,114,0,"[-9,28,-11,30,-14,32,-14,33,-14,34,-14,34,-14,33,-13,30,-12,29,-11,28,-11,26,-10,26,-10,27,-9,27,-9,28,-9,29,-7,29,-7,29,-6,28,-5,29,-4,28,-3,28,-2,27,-1,27,-1,25,0,25,1,24,1,24,0,0,5,26,5,25,5,27,7,26,8,27,10,28,11,28,10,29,12,27,12,27,12,26,12,27,13,25,14,23,13,23,13,21,13,20,14,20,15,20,16,21,17,22,18,25,19,24,19,26,17,24,17,24,15,24,12,21]"
CSI_DATA,133867,d8:b1:90:d9:de:f0,-64,11,-99,-40,67,56,1980998266,100,0,114,0,"[9,28,8,31,7,34,7,37,6,37,6,39,3,34,3,36,3,31,2,30,2,29,2,27,1,29,2,28,3,30,2,28,2,29,2,29,4,31,3,28,4,29,5,28,4,27,5,26,4,24,5,26,6,24,5,24,0,0,6,24,9,23,10,26,9,24,11,28,11,28,12,27,11,28,11,27,10,26,12,26,12,27,11,26,11,25,11,22,10,23,10,21,10,23,11,23,11,23,12,25,12,26,12,27,12,29,10,27,9,28,8,25,6,25]"
CSI_DATA,133868,d8:b1:90:d9:de:f0,-64,11,-99,-37,66,56,1981008648,100,0,114,0,"[-26,19,-29,19,-32,18,-33,16,-37,15,-36,13,-36,10,-34,9,-31,8,-30,6,-28,6,-28,4,-30,3,-29,2,-29,2,-29,2,-29,1,-31,1,-31,1,-29,2,-29,0,-29,1,-28,1,-26,1,-27,-1,-25,-1,-25,-1,-26,-1,0,0,-25,0,-25,0,-26,0,-28,0,-29,-1,-29,-1,-30,-2,-31,-2,-30,-2,-31,-3,-31,-4,-27,-5,-26,-4,-26,-5,-26,-3,-25,-4,-24,-5,-26,-4,-25,-5,-28,-6,-28,-7,-28,-8,-29,-11,-28,-13,-28,-14,-28,-14,-24,-15,-20,-14]"
CSI_DATA,133869,d8:b1:90:d9:de:f0,-64,11,-99,-36,66,56,1981018804,100,0,114,0,"[27,-13,30,-13,33,-14,34,-14,36,-14,34,-12,33,-12,32,-12,30,-11,28,-11,26,-10,25,-8,27,-10,26,-10,26,-10,26,-10,26,-11,27,-12,27,-12,27,-13,25,-13,25,-13,22,-14,22,-14,22,-14,19,-13,18,-13,19,-14,0,0,18,-17,18,-16,19,-17,18,-18,18,-20,19,-21,18,-21,19,-22,18,-23,18,-23,17,-23,16,-21,16,-21,14,-21,14,-19,13,-19,12,-20,12,-20,13,-20,13,-23,15,-24,14,-26,15,-26,17,-25,18,-25,16,-23,16,-22,15,-18]"
CSI_DATA,133870,d8:b1:90:d9:de:f0,-65,11,-99,-35,66,56,1981037667,100,0,114,0,"[-9,30,-12,32,-15,34,-16,33,-18,34,-18,32,-19,30,-19,29,-17,27,-17,26,-16,23,-16,24,-16,24,-16,24,-15,24,-16,23,-16,24,-18,23,-17,24,-18,23,-16,22,-15,23,-14,22,-13,21,-15,22,-11,20,-12,21,-12,21,0,0,-12,21,-11,21,-11,22,-12,22,-12,23,-12,24,-12,24,-13,25,-11,25,-13,26,-12,25,-12,25,-10,24,-11,23,-11,22,-11,21,-10,22,-11,21,-11,23,-12,23,-12,24,-13,26,-13,27,-15,26,-16,24,-16,22,-16,22,-15,19]"
CSI_DATA,133871,d8:b1:90:d9:de:f0,-64,11,-99,-39,67,56,1981047847,100,0,114,0,"[11,-30,13,-32,15,-34,16,-35,16,-36,15,-34,15,-33,14,-31,14,-30,12,-29,11,-28,11,-27,9,-27,9,-28,8,-27,7,-27,7,-29,7,-29,5,-29,4,-29,3,-28,2,-28,1,-27,-1,-26,-1,-25,-3,-24,-2,-23,-4,-22,0,0,-6,-23,-6,-23,-8,-23,-9,-24,-12,-24,-12,-25,-14,-25,-14,-25,-15,-24,-15,-23,-16,-24,-16,-23,-17,-21,-17,-19,-17,-18,-16,-17,-18,-16,-18,-16,-19,-15,-20,-17,-22,-16,-24,-17,-24,-18,-25,-19,-24,-19,-24,-18,-22,-18,-18,-18]"
CSI_DATA,133872,d8:b1:90:d9:de:f0,-65,11,-99,-34,66,56,1981067693,100,0,114,0,"[22,24,21,27,22,28,21,31,21,33,19,34,18,33,15,31,14,28,13,26,12,25,11,25,11,26,11,25,10,26,11,25,10,25,10,25,10,25,10,24,9,25,10,25,9,22,10,22,8,20,8,21,9,20,8,18,0,0,10,19,9,20,10,21,11,20,12,22,12,23,13,23,13,24,13,23,13,24,13,23,13,22,12,21,11,20,12,20,13,20,12,20,13,20,13,20,15,22,15,23,14,25,14,26,14,28,14,27,12,27,9,28,5,24]"
CSI_DATA,133873,d8:b1:90:d9:de:f0,-65,11,-99,-38,67,56,1981077743,100,0,114,0,"[24,-20,26,-21,28,-22,28,-21,31,-24,29,-23,29,-22,28,-21,24,-20,22,-18,20,-18,21,-19,21,-17,19,-19,19,-20,18,-19,17,-19,17,-21,16,-20,16,-21,15,-21,13,-22,12,-20,11,-21,10,-20,8,-20,8,-19,6,-19,0,0,5,-21,5,-21,3,-21,3,-22,1,-25,1,-26,0,-26,0,-27,-1,-27,0,-28,-2,-27,-4,-26,-4,-24,-5,-23,-5,-22,-6,-22,-7,-23,-8,-23,-9,-23,-10,-23,-11,-25,-13,-25,-14,-27,-14,-29,-14,-26,-13,-26,-13,-26,-10,-23]"
CSI_DATA,133874,d8:b1:90:d9:de:f0,-65,11,-99,-35,66,56,1981094865,100,0,114,0,"[7,-32,9,-35,11,-38,14,-37,14,-36,16,-34,16,-31,17,-30,16,-28,16,-26,14,-24,14,-24,16,-23,15,-22,15,-22,15,-22,15,-21,17,-22,17,-21,16,-21,16,-20,14,-20,15,-19,13,-19,14,-18,13,-17,13,-17,13,-16,0,0,11,-18,12,-18,13,-20,13,-20,13,-21,14,-22,14,-22,15,-23,14,-23,15,-24,15,-22,14,-22,13,-21,13,-21,13,-21,14,-21,13,-22,13,-22,14,-22,15,-23,16,-24,17,-26,17,-26,19,-26,20,-24,20,-22,20,-21,19,-18]"
CSI_DATA,133875,d8:b1:90:d9:de:f0,-65,11,-99,-33,66,56,1981107667,100,0,114,0,"[-31,-2,-34,-3,-36,-3,-37,-4,-38,-4,-35,-3,-33,-3,-33,-3,-32,-1,-30,-2,-28,-2,-27,-1,-26,0,-25,0,-25,0,-25,1,-25,2,-25,1,-25,1,-24,3,-22,3,-22,3,-20,4,-20,6,-19,6,-18,6,-17,6,-17,7,0,0,-16,11,-16,11,-16,12,-17,14,-17,15,-18,16,-18,17,-18,18,-16,19,-16,20,-16,21,-14,19,-14,21,-12,21,-10,20,-12,20,-9,21,-9,23,-8,23,-9,27,-8,28,-7,29,-7,29,-7,31,-9,30,-8,30,-8,27,-7,23]"
CSI_DATA,133876,d8:b1:90:d9:de:f0,-65,11,-99,-34,66,56,1981117682,100,0,114,0,"[-17,-28,-18,-32,-17,-34,-16,-34,-16,-34,-15,-34,-12,-32,-12,-30,-11,-28,-10,-27,-10,-25,-10,-23,-9,-24,-9,-24,-10,-23,-10,-24,-10,-24,-10,-23,-10,-23,-10,-23,-10,-22,-11,-21,-10,-20,-11,-19,-10,-18,-10,-17,-10,-17,-10,-16,0,0,-13,-15,-13,-15,-14,-17,-15,-16,-17,-17,-18,-18,-19,-17,-20,-18,-20,-17,-21,-17,-20,-18,-22,-16,-21,-16,-21,-14,-21,-13,-22,-13,-22,-13,-23,-11,-24,-13,-25,-13,-27,-13,-28,-14,-29,-15,-29,-16,-29,-13,-26,-14,-24,-15,-22,-16]"
CSI_DATA,133877,d8:b1:90:d9:de:f0,-65,11,-99,-38,67,56,1981137630,100,0,114,0,"[-16,-28,-18,-31,-18,-32,-18,-31,-19,-34,-17,-31,-18,-31,-16,-29,-16,-26,-15,-25,-14,-22,-14,-22,-14,-22,-14,-21,-14,-21,-15,-20,-15,-19,-17,-20,-16,-18,-18,-18,-16,-18,-18,-18,-16,-16,-17,-13,-16,-13,-17,-12,-15,-11,-17,-12,0,0,-19,-8,-20,-8,-20,-7,-24,-7,-25,-6,-27,-6,-27,-5,-26,-4,-28,-1,-29,-2,-30,0,-28,0,-27,0,-25,1,-27,3,-24,4,-26,5,-26,6,-29,7,-29,9,-28,9,-28,10,-31,11,-31,12,-29,12,-29,11,-27,10,-25,8]"
CSI_DATA,133878,d8:b1:90:d9:de:f0,-65,11,-99,-37,67,56,1981148062,100,0,114,0,"[29,10,31,12,33,13,33,16,33,16,31,16,30,16,27,16,25,15,23,14,21,13,21,14,20,13,21,14,20,15,20,14,19,13,21,15,20,14,19,13,18,13,18,13,17,12,18,12,17,12,16,11,17,10,16,9,0,0,18,9,18,8,20,9,21,9,22,10,24,9,24,10,24,9,25,7,27,7,26,7,25,9,25,7,24,6,25,5,24,4,24,3,26,3,26,4,28,3,30,3,30,3,31,5,33,5,33,6,30,6,28,7,24,7]"
CSI_DATA,133879,d8:b1:90:d9:de:f0,-64,11,-99,-35,66,56,1981167650,100,0,114,0,"[30,11,31,15,33,18,32,19,31,22,28,24,26,23,24,22,21,21,19,21,18,21,17,21,14,20,14,21,13,21,13,22,13,22,12,23,10,22,10,22,10,22,9,22,9,21,9,22,8,20,6,21,7,21,7,20,0,0,8,21,6,22,7,23,8,24,8,25,8,27,8,27,9,28,9,29,8,28,7,28,7,28,7,29,7,27,7,27,7,26,6,26,5,26,7,27,6,29,6,29,5,33,4,33,3,35,3,34,0,33,-3,30,-5,27]"
CSI_DATA,133880,d8:b1:90:d9:de:f0,-65,11,-99,-35,66,56,1981178466,100,0,114,0,"[-31,-4,-33,-6,-36,-6,-37,-8,-37,-9,-34,-9,-33,-10,-30,-11,-28,-9,-26,-10,-24,-10,-23,-11,-22,-10,-21,-11,-22,-11,-21,-11,-22,-11,-23,-12,-22,-11,-22,-11,-22,-12,-22,-11,-20,-11,-20,-10,-20,-11,-18,-10,-19,-11,-20,-10,0,0,-21,-9,-21,-9,-22,-8,-24,-7,-25,-9,-27,-9,-27,-9,-28,-9,-28,-9,-29,-8,-30,-8,-28,-8,-28,-6,-27,-5,-28,-5,-26,-4,-26,-4,-27,-4,-28,-3,-29,-5,-31,-5,-31,-5,-32,-6,-33,-7,-34,-7,-33,-8,-28,-8,-26,-9]"
CSI_DATA,133881,d8:b1:90:d9:de:f0,-65,11,-99,-38,67,56,1981192478,100,0,114,0,"[29,8,31,11,32,12,32,12,34,14,31,14,29,14,26,13,26,11,24,11,24,10,22,10,22,11,21,11,20,11,21,10,20,10,22,10,23,9,22,10,20,10,22,8,21,8,21,7,21,7,20,7,19,5,20,4,0,0,23,3,23,2,23,2,27,0,26,0,28,0,30,0,29,-1,29,-3,31,-3,31,-3,29,-3,28,-4,26,-6,27,-8,26,-7,25,-8,25,-8,26,-11,27,-12,28,-13,28,-13,29,-12,30,-13,31,-13,28,-12,26,-11,23,-9]"
CSI_DATA,133882,d8:b1:90:d9:de:f0,-64,11,-99,-39,67,56,1981207650,100,0,114,0,"[-30,-7,-33,-10,-35,-10,-35,-11,-34,-12,-32,-13,-30,-13,-29,-12,-26,-10,-25,-10,-24,-9,-23,-11,-23,-10,-22,-9,-23,-10,-22,-11,-23,-8,-24,-10,-23,-10,-24,-9,-23,-9,-24,-8,-23,-9,-24,-8,-21,-7,-22,-7,-22,-5,-23,-4,0,0,-24,-4,-25,-2,-26,-1,-28,0,-28,0,-30,1,-30,2,-32,2,-32,4,-33,5,-32,5,-30,5,-29,6,-27,8,-28,8,-27,8,-26,10,-27,11,-28,11,-27,13,-28,13,-29,14,-30,14,-31,14,-33,14,-31,13,-28,12,-26,9]"
CSI_DATA,133883,d8:b1:90:d9:de:f0,-65,11,-99,-35,66,56,1981217850,100,0,114,0,"[8,-30,10,-32,13,-33,15,-34,15,-31,16,-30,16,-27,16,-26,16,-23,16,-21,15,-20,14,-19,15,-18,14,-17,15,-18,16,-18,16,-19,18,-19,17,-19,17,-18,17,-19,17,-17,17,-17,16,-17,17,-18,16,-16,17,-17,16,-17,0,0,16,-18,15,-19,15,-21,16,-20,16,-23,18,-23,18,-24,18,-26,17,-26,17,-26,16,-27,16,-26,16,-26,15,-25,13,-24,13,-24,12,-23,13,-24,14,-24,14,-26,15,-27,15,-29,15,-29,17,-30,19,-28,20,-27,18,-24,17,-21]"
CSI_DATA,133884,d8:b1:90:d9:de:f0,-64,11,-99,-35,66,56,1981228313,100,0,114,0,"[-2,-31,-1,-33,0,-34,0,-35,1,-35,2,-34,2,-32,2,-30,1,-28,1,-26,2,-24,1,-25,2,-24,2,-25,2,-24,0,-24,0,-26,0,-25,0,-27,-1,-25,-1,-26,-2,-26,-4,-25,-4,-25,-4,-24,-5,-24,-6,-24,-6,-23,0,0,-8,-23,-11,-23,-11,-23,-12,-24,-16,-26,-16,-25,-19,-27,-20,-26,-21,-26,-22,-25,-22,-23,-23,-23,-22,-21,-23,-19,-22,-18,-23,-16,-22,-15,-23,-14,-25,-14,-27,-14,-29,-14,-29,-15,-31,-15,-32,-16,-31,-14,-29,-14,-27,-15,-23,-13]"
CSI_DATA,133885,d8:b1:90:d9:de:f0,-64,11,-99,-37,66,56,1981238531,100,0,114,0,"[-2,-31,0,-34,2,-34,2,-33,4,-34,4,-33,5,-31,6,-30,5,-29,7,-26,7,-23,7,-24,7,-23,8,-22,9,-25,9,-24,8,-23,10,-25,8,-25,8,-25,9,-26,9,-26,7,-25,8,-24,8,-24,7,-25,7,-23,6,-23,0,0,4,-25,5,-25,4,-26,3,-28,3,-30,4,-33,2,-33,3,-34,2,-32,2,-33,0,-33,1,-32,-1,-32,-2,-30,-1,-30,-2,-27,-3,-27,-3,-28,-3,-30,-4,-31,-4,-31,-4,-32,-4,-34,-3,-37,-2,-32,-2,-32,0,-31,1,-28]"
CSI_DATA,133886,d8:b1:90:d9:de:f0,-65,11,-99,-37,67,56,1981249192,100,0,114,0,"[-6,28,-8,29,-8,31,-10,32,-9,30,-9,30,-10,28,-9,26,-8,24,-9,23,-6,22,-6,23,-6,20,-6,21,-5,20,-6,22,-4,22,-5,23,-5,23,-4,22,-4,24,-3,25,-2,23,0,24,0,23,0,22,0,22,0,22,0,0,3,21,5,23,6,25,6,25,9,27,10,27,12,27,13,27,15,26,16,25,16,25,16,23,16,22,16,21,16,19,17,19,18,18,19,17,21,17,22,16,24,16,26,17,26,17,28,19,27,17,25,16,23,17,20,16]"
CSI_DATA,133887,d8:b1:90:d9:de:f0,-64,11,-99,-36,66,56,1981268346,100,0,114,0,"[29,4,31,6,32,7,32,9,33,11,31,10,29,11,28,11,26,10,24,11,23,11,22,10,22,10,23,10,22,11,23,10,22,11,24,12,25,11,24,10,23,11,25,10,23,10,24,9,24,9,24,9,23,8,23,6,0,0,25,5,26,6,27,4,30,3,30,3,30,4,31,2,32,2,33,2,33,0,32,-1,30,-1,30,-1,28,-2,29,-3,29,-4,28,-5,28,-5,30,-6,30,-6,32,-6,32,-7,32,-6,34,-7,34,-7,32,-6,30,-5,26,-3]"
CSI_DATA,133888,d8:b1:90:d9:de:f0,-64,11,-99,-41,67,56,1981278481,100,0,114,0,"[-28,-6,-30,-8,-30,-10,-31,-12,-29,-13,-29,-15,-27,-15,-25,-15,-23,-15,-22,-15,-21,-15,-20,-15,-18,-18,-18,-16,-19,-18,-18,-18,-18,-19,-18,-20,-19,-21,-18,-21,-18,-21,-18,-20,-16,-21,-18,-20,-16,-20,-16,-20,-16,-19,-18,-19,0,0,-18,-20,-19,-20,-19,-22,-20,-22,-21,-22,-22,-23,-24,-22,-24,-25,-24,-23,-23,-22,-24,-23,-21,-22,-21,-21,-21,-21,-21,-19,-21,-21,-20,-21,-21,-20,-22,-21,-23,-20,-23,-22,-23,-24,-23,-24,-23,-25,-23,-26,-20,-26,-15,-25,-13,-23]"
CSI_DATA,133889,d8:b1:90:d9:de:f0,-64,11,-99,-40,67,56,1981297701,100,0,114,0,"[-17,-22,-17,-24,-16,-26,-16,-26,-17,-28,-15,-26,-14,-26,-13,-24,-12,-22,-12,-22,-11,-20,-11,-21,-11,-21,-12,-20,-12,-21,-12,-21,-13,-21,-15,-22,-14,-23,-15,-22,-16,-23,-18,-21,-17,-21,-18,-20,-19,-20,-19,-19,-20,-18,-21,-17,0,0,-21,-16,-23,-15,-24,-14,-25,-15,-26,-14,-28,-14,-29,-11,-31,-13,-31,-11,-31,-11,-31,-9,-31,-8,-29,-7,-29,-5,-29,-4,-27,-2,-28,-2,-28,1,-29,0,-29,1,-32,1,-32,2,-33,1,-34,3,-33,3,-31,3,-29,1,-26,1]"
CSI_DATA,133890,d8:b1:90:d9:de:f0,-64,11,-99,-37,66,56,1981308062,100,0,114,0,"[28,-5,30,-3,32,-3,33,-1,34,0,31,1,30,2,28,2,27,2,26,3,25,3,25,4,25,4,25,5,25,5,25,6,26,5,28,6,28,6,28,5,27,5,28,6,27,5,27,5,27,5,26,5,26,4,28,4,0,0,27,2,29,2,28,2,31,1,31,0,33,0,33,-1,37,-1,36,-1,37,-2,36,-2,33,-2,31,-2,29,-3,31,-4,30,-3,30,-4,29,-5,32,-5,31,-5,33,-5,33,-6,34,-5,36,-5,36,-3,33,-2,31,-2,27,-1]"
CSI_DATA,133891,d8:b1:90:d9:de:f0,-64,11,-99,-37,66,56,1981327735,100,0,114,0,"[14,-22,18,-23,19,-24,21,-24,21,-24,20,-24,19,-22,20,-20,16,-20,18,-20,16,-20,16,-19,15,-18,16,-19,15,-20,14,-21,16,-22,15,-22,16,-24,15,-24,14,-25,13,-25,12,-25,11,-26,11,-26,10,-26,9,-27,6,-26,0,0,7,-28,4,-29,4,-30,2,-31,1,-32,0,-33,-2,-34,-3,-36,-3,-36,-4,-34,-5,-33,-7,-32,-7,-31,-9,-30,-9,-27,-9,-28,-11,-26,-11,-26,-13,-27,-14,-28,-15,-29,-19,-29,-19,-30,-19,-30,-18,-29,-18,-28,-14,-26,-12,-24]"
CSI_DATA,133892,d8:b1:90:d9:de:f0,-63,11,-99,-39,66,56,1981337836,100,0,114,0,"[17,-22,21,-23,23,-24,23,-23,24,-23,24,-22,25,-20,24,-19,22,-19,24,-17,22,-15,22,-15,22,-15,23,-15,22,-16,22,-15,23,-16,25,-16,25,-17,24,-17,25,-19,24,-20,24,-17,23,-19,24,-20,23,-20,22,-19,22,-20,0,0,21,-22,21,-23,21,-24,21,-25,20,-26,22,-28,21,-30,22,-31,21,-30,21,-31,19,-31,17,-30,16,-29,15,-28,14,-28,13,-26,13,-26,13,-26,12,-28,13,-30,14,-31,14,-33,14,-33,15,-33,15,-31,16,-30,14,-29,14,-24]"
CSI_DATA,133893,d8:b1:90:d9:de:f0,-64,11,-99,-39,66,56,1981357639,100,0,114,0,"[10,26,8,30,7,32,4,33,3,34,1,33,0,32,-2,29,-3,28,-4,26,-6,26,-6,25,-6,26,-7,26,-8,26,-10,26,-11,28,-12,28,-12,28,-14,28,-14,26,-14,28,-15,26,-14,26,-15,25,-14,26,-14,24,-15,25,0,0,-15,25,-15,26,-16,26,-17,28,-16,29,-20,29,-20,30,-21,29,-21,30,-21,30,-20,29,-20,28,-19,26,-19,25,-19,24,-19,23,-20,23,-19,22,-20,22,-21,23,-22,22,-24,23,-24,24,-26,24,-26,20,-26,17,-25,16,-23,13]"
CSI_DATA,133894,d8:b1:90:d9:de:f0,-64,11,-99,-40,67,56,1981368637,100,0,114,0,"[-10,-23,-10,-25,-10,-29,-8,-29,-8,-30,-6,-29,-5,-28,-3,-26,-4,-25,-1,-24,-1,-24,-1,-23,0,-23,1,-24,0,-25,1,-25,0,-28,1,-27,1,-30,3,-28,1,-28,1,-28,1,-28,0,-27,1,-27,1,-27,1,-27,1,-27,0,0,0,-27,-1,-28,-2,-29,-2,-31,-3,-31,-2,-32,-3,-33,-2,-34,-2,-33,-2,-32,-3,-31,-3,-32,-3,-31,-4,-30,-4,-28,-4,-27,-4,-27,-5,-26,-5,-27,-4,-28,-4,-29,-4,-31,-4,-32,-3,-33,-2,-32,0,-30,1,-28,2,-24]"
CSI_DATA,133895,d8:b1:90:d9:de:f0,-63,11,-99,-40,66,56,1981387728,100,0,114,0,"[9,-28,11,-30,13,-31,17,-31,17,-28,19,-27,20,-24,21,-24,20,-21,20,-20,20,-18,21,-17,21,-16,23,-16,23,-16,24,-15,26,-16,27,-16,28,-16,28,-16,30,-15,30,-15,28,-15,27,-15,30,-11,27,-12,28,-11,28,-12,0,0,30,-12,30,-11,32,-12,33,-12,34,-12,34,-13,35,-12,36,-12,36,-12,36,-12,36,-11,35,-10,32,-9,32,-9,32,-8,32,-6,31,-6,32,-6,32,-8,33,-6,34,-5,35,-5,35,-4,36,-2,36,1,34,1,31,2,27,4]"
CSI_DATA,133896,d8:b1:90:d9:de:f0,-64,11,-99,-37,66,56,1981402966,100,0,114,0,"[20,19,21,22,19,25,16,26,15,27,14,28,11,26,10,26,9,25,6,25,6,24,5,24,3,24,3,25,2,25,2,26,2,29,1,29,0,30,-2,29,-1,31,-1,30,-2,30,-2,29,-2,29,-4,29,-3,28,-4,26,0,0,-4,30,-4,29,-5,30,-6,32,-5,34,-7,34,-8,34,-8,34,-7,33,-9,33,-10,33,-9,32,-9,30,-9,29,-9,28,-10,29,-10,28,-11,28,-10,28,-11,28,-12,29,-14,30,-16,30,-18,29,-18,27,-19,25,-20,23,-20,20]"
CSI_DATA,133897,d8:b1:90:d9:de:f0,-63,11,-99,-36,65,56,1981417642,100,0,114,0,"[19,-21,21,-23,25,-23,26,-21,28,-19,27,-16,28,-15,27,-12,26,-13,27,-11,25,-10,26,-9,26,-8,27,-5,27,-5,27,-5,31,-5,33,-5,32,-4,34,-4,33,-4,33,-4,33,-3,32,-4,34,-2,32,-1,32,-1,32,-3,0,0,32,-1,33,-2,33,-2,36,-2,35,-1,38,-2,39,-2,39,-1,39,-1,40,-1,38,-1,35,1,34,-1,32,0,33,0,33,1,32,0,32,1,33,2,33,2,35,3,35,2,36,5,35,6,35,9,32,9,30,10,26,10]"
CSI_DATA,133898,d8:b1:90:d9:de:f0,-64,11,-99,-38,66,56,1981427730,100,0,114,0,"[-25,7,-29,7,-30,7,-31,7,-33,5,-32,5,-30,4,-30,3,-27,4,-28,2,-25,2,-26,3,-26,1,-26,2,-27,1,-27,2,-30,4,-31,4,-31,4,-31,5,-30,5,-31,6,-30,6,-29,8,-29,7,-29,8,-27,7,-30,8,0,0,-28,13,-28,14,-29,14,-29,15,-29,16,-30,18,-30,18,-29,18,-30,21,-28,22,-28,19,-26,21,-26,20,-25,21,-22,20,-21,19,-19,21,-20,21,-20,23,-20,23,-21,25,-19,25,-20,26,-22,26,-22,25,-22,23,-20,21,-18,19]"
CSI_DATA,133899,d8:b1:90:d9:de:f0,-63,11,-99,-39,66,56,1981437737,100,0,114,0,"[-3,28,-5,30,-7,32,-10,33,-11,33,-12,32,-13,30,-13,29,-12,26,-13,24,-14,24,-13,23,-15,23,-14,23,-14,24,-14,24,-16,26,-19,26,-17,28,-19,28,-19,28,-17,28,-17,25,-16,28,-16,25,-16,25,-15,26,-15,26,0,0,-16,28,-14,28,-14,29,-16,31,-15,32,-15,33,-15,34,-15,32,-15,33,-15,33,-14,32,-14,32,-12,31,-12,31,-12,29,-11,28,-10,29,-11,28,-11,29,-12,30,-11,30,-12,31,-12,32,-14,33,-15,30,-15,29,-14,26,-13,23]"
CSI_DATA,133900,d8:b1:90:d9:de:f0,-64,11,-99,-38,66,56,1981457628,100,0,114,0,"[-13,-23,-13,-26,-14,-28,-11,-28,-13,-31,-11,-30,-10,-29,-9,-28,-9,-26,-8,-26,-8,-25,-8,-25,-7,-25,-8,-25,-8,-26,-8,-27,-11,-27,-10,-28,-11,-28,-13,-28,-13,-29,-14,-29,-14,-28,-16,-27,-15,-27,-16,-26,-16,-25,-16,-23,0,0,-19,-25,-20,-23,-21,-23,-23,-23,-25,-23,-26,-23,-27,-22,-27,-23,-28,-20,-29,-20,-28,-19,-29,-19,-28,-17,-28,-16,-28,-15,-26,-13,-27,-13,-27,-10,-27,-11,-30,-10,-31,-10,-32,-10,-32,-11,-32,-11,-32,-10,-30,-10,-28,-11,-23,-10]"
CSI_DATA,133901,d8:b1:90:d9:de:f0,-63,11,-99,-41,66,56,1981468840,100,0,114,0,"[24,15,26,20,23,22,22,24,22,26,20,26,17,27,15,26,14,26,13,26,11,26,10,26,9,27,8,27,9,28,8,28,8,29,7,32,5,32,5,33,7,34,5,34,4,33,5,33,3,33,4,32,2,32,3,33,0,0,2,32,3,34,2,34,2,35,1,36,2,38,2,39,1,40,2,39,0,39,1,38,-1,38,0,35,1,34,0,33,-1,32,0,32,-2,30,-2,32,-2,33,-3,34,-3,35,-5,36,-7,35,-8,33,-9,32,-11,29,-13,26]"
CSI_DATA,133902,d8:b1:90:d9:de:f0,-61,11,-99,-41,66,56,1981480345,100,0,114,0,"[14,23,8,28,1,32,-7,33,-15,28,-22,24,-24,17,-27,10,-28,3,-27,-2,-24,-8,-22,-13,-19,-19,-14,-21,-9,-24,-4,-27,2,-29,8,-29,15,-28,19,-23,24,-21,28,-14,30,-9,30,-3,30,2,29,8,28,13,23,19,0,0,15,28,9,29,3,33,-2,33,-9,33,-16,32,-22,28,-28,24,-33,17,-34,10,-35,3,-35,-3,-33,-9,-28,-15,-23,-20,-19,-23,-14,-26,-8,-27,-2,-29,3,-30,10,-30,17,-29,23,-26,29,-19,32,-10,32,-3,29,4,24,10]"
CSI_DATA,133903,d8:b1:90:d9:de:f0,-63,11,-99,-39,66,56,1981515123,100,0,114,0,"[21,14,23,15,23,17,23,19,24,22,23,22,21,23,20,21,19,19,17,20,16,17,16,20,17,20,17,20,17,21,17,22,19,22,21,23,22,23,21,22,21,23,23,23,22,23,23,22,22,21,22,21,23,19,23,17,0,0,25,19,25,17,26,17,28,19,30,17,31,19,33,17,33,17,33,16,34,16,33,14,32,14,31,13,30,11,30,11,30,8,29,8,30,7,31,7,32,6,33,6,34,7,34,7,34,8,34,7,32,8,29,10,25,10]"
CSI_DATA,133904,d8:b1:90:d9:de:f0,-63,11,-99,-41,66,56,1981525460,100,0,114,0,"[-9,26,-10,28,-14,29,-15,28,-17,28,-17,26,-19,24,-20,23,-20,23,-20,21,-20,20,-21,19,-21,19,-22,19,-21,19,-22,17,-23,19,-27,19,-27,19,-27,19,-28,19,-28,19,-27,17,-27,17,-28,16,-27,17,-26,17,-27,16,0,0,-26,17,-28,19,-28,19,-30,20,-32,21,-34,21,-33,21,-33,22,-33,20,-34,21,-34,21,-29,20,-29,19,-27,17,-28,17,-28,17,-27,17,-28,17,-29,19,-30,17,-30,16,-32,17,-33,19,-34,16,-33,15,-32,11,-32,10,-27,8]"
CSI_DATA,133905,d8:b1:90:d9:de:f0,-60,11,-99,-43,66,56,1981553420,100,0,114,0,"[-12,-23,-11,-28,-7,-32,-5,-35,1,-32,5,-35,6,-31,10,-30,12,-26,13,-25,17,-21,17,-20,18,-18,21,-16,25,-16,27,-13,30,-13,28,-8,32,-7,31,-5,35,-3,33,0,35,1,33,5,31,5,31,7,30,8,30,10,0,0,31,15,26,18,27,21,26,21,26,25,26,28,25,30,25,33,18,33,18,32,16,33,13,36,11,36,8,36,5,33,3,35,1,31,-1,32,-2,33,-6,32,-8,35,-13,33,-15,33,-18,32,-21,30,-23,26,-23,20,-23,16]"
CSI_DATA,133906,d8:b1:90:d9:de:f0,-64,11,-99,-39,66,56,1981568693,100,0,114,0,"[-25,-2,-28,-4,-29,-4,-31,-5,-31,-7,-31,-7,-29,-8,-29,-8,-28,-6,-26,-7,-24,-6,-25,-7,-25,-7,-24,-7,-25,-7,-25,-8,-28,-7,-29,-7,-30,-7,-30,-6,-30,-6,-31,-5,-30,-4,-30,-3,-30,-3,-30,-4,-28,-1,-30,0,0,0,-32,2,-30,2,-32,3,-33,5,-35,5,-35,7,-35,10,-35,10,-35,11,-34,12,-34,12,-33,12,-32,12,-29,13,-29,13,-28,14,-26,15,-28,16,-28,17,-28,19,-29,21,-28,21,-30,20,-30,20,-30,19,-29,19,-26,16,-24,14]"
CSI_DATA,133907,d8:b1:90:d9:de:f0,-64,11,-99,-38,66,56,1981581619,100,0,114,0,"[-5,23,-7,26,-9,27,-11,26,-11,28,-13,26,-13,25,-14,23,-13,21,-14,20,-13,20,-13,19,-15,20,-15,20,-14,20,-15,20,-16,21,-17,22,-18,23,-17,22,-18,23,-17,22,-16,23,-15,23,-17,23,-16,22,-15,23,-15,23,0,0,-16,25,-15,27,-15,29,-15,29,-14,31,-15,31,-15,33,-15,33,-14,34,-15,33,-14,33,-13,34,-11,32,-11,31,-9,29,-10,30,-9,29,-9,30,-9,30,-9,32,-9,33,-9,35,-9,35,-11,34,-13,33,-13,32,-13,29,-13,26]"
CSI_DATA,133908,d8:b1:90:d9:de:f0,-64,11,-99,-37,66,56,1981603639,100,0,114,0,"[25,3,26,6,27,8,28,10,27,11,26,12,24,13,23,13,22,13,20,14,19,14,18,14,18,14,18,15,18,18,18,18,18,20,18,20,16,20,16,20,18,22,18,23,16,23,18,23,16,22,16,22,15,22,16,23,0,0,15,23,18,24,18,24,18,26,20,26,20,28,21,29,20,29,20,28,20,28,20,28,19,28,19,28,16,26,18,24,16,24,15,25,16,25,16,26,16,27,16,28,16,30,18,31,16,32,14,32,12,31,9,29,8,26]"
CSI_DATA,133909,d8:b1:90:d9:de:f0,-63,11,-99,-40,66,56,1981617682,100,0,114,0,"[19,-21,21,-23,24,-23,26,-21,26,-21,26,-20,27,-18,26,-17,24,-16,24,-13,23,-13,24,-13,24,-12,24,-12,24,-12,25,-12,26,-12,28,-13,28,-13,30,-13,28,-15,28,-15,27,-13,27,-15,28,-15,26,-13,26,-13,27,-15,0,0,26,-15,27,-17,27,-17,30,-20,30,-21,31,-23,32,-23,32,-24,31,-25,32,-25,31,-25,28,-24,27,-23,26,-23,25,-23,25,-23,24,-23,24,-24,24,-24,26,-25,26,-25,26,-27,26,-27,28,-26,30,-24,28,-21,26,-21,24,-17]"
CSI_DATA,133910,d8:b1:90:d9:de:f0,-63,11,-99,-41,66,56,1981627784,100,0,114,0,"[15,-24,19,-27,20,-27,23,-26,24,-23,26,-21,26,-17,26,-17,24,-15,23,-13,22,-13,24,-11,24,-10,24,-10,23,-9,24,-9,27,-8,29,-8,29,-7,29,-7,30,-5,28,-5,29,-4,29,-5,29,-5,29,-4,29,-5,30,-5,0,0,30,-4,29,-4,32,-4,35,-4,36,-5,38,-4,39,-4,39,-3,39,-4,39,-4,39,-3,36,-5,35,-4,34,-3,33,-2,33,-2,33,-2,34,-2,35,-1,36,-1,38,-1,39,0,38,1,39,3,39,4,36,7,32,7,29,8]"
CSI_DATA,133911,d8:b1:90:d9:de:f0,-64,11,-99,-38,66,56,1981637887,100,0,114,0,"[27,-5,28,-5,30,-4,30,-3,31,-2,30,-2,29,-1,28,0,26,0,25,0,23,0,25,0,25,0,23,0,23,1,23,1,25,1,28,0,28,1,27,-1,28,0,28,0,27,-1,27,-2,28,-2,27,-3,27,-3,27,-5,0,0,28,-6,27,-7,28,-8,31,-10,32,-11,33,-11,33,-14,34,-14,33,-15,34,-16,33,-18,30,-16,28,-17,26,-18,27,-19,26,-18,23,-18,25,-21,25,-20,25,-21,27,-22,27,-23,26,-25,28,-25,28,-23,27,-21,25,-20,23,-18]"
CSI_DATA,133912,d8:b1:90:d9:de:f0,-64,11,-99,-34,65,56,1981648321,100,0,114,0,"[-17,20,-18,22,-21,22,-23,20,-23,20,-25,18,-23,16,-23,14,-22,13,-21,10,-21,10,-21,9,-21,8,-22,8,-21,8,-23,7,-23,7,-26,6,-27,7,-27,7,-27,7,-27,7,-26,5,-26,7,-27,6,-26,6,-27,5,-26,6,0,0,-27,7,-28,6,-29,7,-31,8,-32,9,-34,9,-34,9,-35,9,-35,9,-37,9,-35,9,-33,9,-32,9,-31,8,-31,10,-31,9,-30,10,-31,9,-32,8,-33,9,-34,9,-34,9,-35,8,-37,8,-37,5,-34,4,-32,3,-29,1]"
CSI_DATA,133913,d8:b1:90:d9:de:f0,-64,11,-99,-39,66,56,1981659345,100,0,114,0,"[22,-19,24,-19,26,-19,28,-19,28,-16,26,-15,25,-12,26,-12,24,-12,24,-11,24,-10,22,-10,23,-10,24,-8,23,-8,24,-10,24,-10,26,-8,26,-10,26,-10,28,-10,26,-11,26,-10,26,-11,26,-11,25,-12,25,-12,26,-13,0,0,25,-13,25,-14,26,-16,28,-16,28,-19,29,-20,29,-20,30,-22,31,-22,29,-23,29,-23,28,-23,26,-23,24,-23,23,-22,23,-24,22,-23,22,-25,22,-25,23,-25,24,-26,24,-28,24,-28,25,-28,28,-26,25,-24,24,-22,23,-20]"
CSI_DATA,133914,d8:b1:90:d9:de:f0,-64,11,-99,-39,66,56,1981678547,100,0,114,0,"[26,-6,31,-5,32,-4,33,-2,33,-1,32,1,31,3,30,3,29,3,26,4,24,5,24,6,23,6,24,7,23,10,24,11,24,11,24,11,25,12,24,13,25,14,25,14,24,14,24,13,24,14,22,15,23,14,23,15,0,0,24,14,24,15,25,16,28,16,28,19,30,19,30,19,31,19,32,20,32,19,30,20,30,20,28,19,28,17,26,17,26,17,28,17,28,17,30,17,30,19,31,20,31,22,30,23,29,25,28,25,25,24,22,24,17,23]"
CSI_DATA,133915,d8:b1:90:d9:de:f0,-64,11,-99,-39,66,56,1981697801,100,0,114,0,"[-5,-28,-4,-30,-4,-31,-3,-32,-2,-34,-2,-32,-1,-31,1,-30,-1,-26,0,-26,1,-24,1,-25,1,-23,0,-23,1,-24,0,-24,1,-24,1,-28,0,-28,1,-26,1,-28,-1,-28,0,-28,-1,-26,-2,-28,-2,-26,-2,-26,-3,-25,0,0,-4,-26,-6,-28,-7,-29,-8,-31,-11,-32,-11,-34,-13,-34,-13,-35,-14,-32,-14,-33,-16,-32,-16,-31,-16,-29,-16,-26,-17,-26,-19,-26,-19,-25,-20,-24,-21,-26,-22,-26,-23,-28,-24,-28,-25,-31,-25,-30,-24,-29,-22,-29,-21,-28,-16,-24]"
CSI_DATA,133916,d8:b1:90:d9:de:f0,-64,11,-99,-37,66,56,1981712717,100,0,114,0,"[19,-18,22,-19,25,-20,26,-20,26,-19,26,-19,25,-15,25,-14,23,-13,22,-12,21,-12,20,-11,20,-11,20,-11,19,-11,20,-12,21,-12,23,-13,23,-13,23,-12,23,-13,23,-13,21,-13,21,-14,21,-14,20,-12,20,-15,20,-15,0,0,19,-18,19,-20,20,-21,21,-23,20,-25,20,-26,21,-27,20,-28,20,-29,19,-29,18,-30,15,-29,14,-28,13,-27,13,-27,11,-28,10,-29,9,-29,9,-29,10,-32,11,-33,9,-36,9,-36,10,-36,10,-34,10,-32,10,-31,10,-27]"
CSI_DATA,133917,d8:b1:90:d9:de:f0,-64,11,-99,-36,66,56,1981751777,100,0,114,0,"[26,-11,27,-11,30,-11,31,-10,31,-10,30,-9,29,-8,28,-6,25,-6,24,-5,22,-6,22,-5,23,-5,22,-5,21,-4,22,-4,22,-4,23,-4,23,-5,23,-5,23,-5,24,-5,22,-5,22,-7,22,-5,21,-4,21,-7,22,-8,0,0,21,-9,22,-10,23,-12,24,-12,25,-13,26,-14,26,-16,27,-17,28,-19,27,-20,27,-19,24,-19,23,-20,23,-20,22,-20,20,-19,20,-20,21,-21,21,-22,22,-24,23,-26,22,-27,23,-27,24,-28,24,-28,23,-26,22,-23,21,-21]"
CSI_DATA,133918,d8:b1:90:d9:de:f0,-64,11,-99,-36,66,56,1981764768,100,0,114,0,"[-23,-18,-23,-22,-22,-24,-22,-24,-21,-26,-20,-26,-17,-26,-16,-23,-14,-22,-12,-21,-11,-20,-10,-21,-9,-21,-9,-20,-7,-21,-8,-20,-7,-20,-8,-22,-8,-21,-7,-22,-6,-22,-7,-22,-7,-21,-8,-21,-6,-21,-6,-21,-6,-20,-5,-20,0,0,-7,-21,-8,-23,-9,-24,-9,-25,-10,-27,-11,-28,-11,-28,-12,-30,-13,-29,-13,-28,-12,-30,-11,-30,-12,-27,-12,-27,-12,-27,-13,-27,-13,-28,-13,-26,-15,-29,-14,-28,-15,-30,-15,-32,-15,-34,-14,-36,-13,-33,-12,-33,-9,-32,-7,-29]"
CSI_DATA,133919,d8:b1:90:d9:de:f0,-64,11,-99,-35,66,56,1981780416,100,0,114,0,"[2,-30,4,-33,5,-36,9,-36,10,-32,11,-32,11,-28,13,-28,13,-25,12,-23,13,-21,13,-20,14,-19,14,-18,14,-17,15,-17,15,-17,16,-17,18,-18,17,-17,18,-16,17,-15,17,-14,16,-14,18,-13,17,-13,18,-13,18,-14,0,0,19,-14,19,-13,22,-15,21,-15,23,-16,24,-17,25,-18,26,-19,25,-18,26,-18,27,-18,25,-17,25,-18,26,-18,24,-17,26,-16,23,-16,27,-17,27,-18,28,-17,29,-17,30,-18,30,-18,34,-16,34,-14,34,-13,31,-9,31,-7]"
CSI_DATA,133920,d8:b1:90:d9:de:f0,-65,11,-99,-33,66,56,1981818351,100,0,114,0,"[-26,-16,-28,-18,-28,-21,-28,-22,-27,-23,-24,-21,-23,-21,-21,-21,-18,-19,-17,-18,-17,-17,-16,-17,-15,-16,-14,-16,-15,-17,-15,-17,-14,-17,-14,-17,-13,-18,-14,-16,-13,-17,-13,-16,-13,-16,-13,-15,-12,-15,-12,-15,-12,-16,-14,-15,0,0,-14,-16,-13,-16,-14,-16,-16,-17,-17,-18,-17,-19,-19,-18,-18,-19,-22,-19,-20,-19,-19,-19,-19,-19,-20,-18,-20,-18,-19,-17,-20,-17,-22,-17,-21,-17,-22,-17,-25,-18,-25,-18,-26,-20,-25,-22,-26,-23,-26,-23,-24,-22,-19,-23,-17,-22]"
CSI_DATA,133921,d8:b1:90:d9:de:f0,-66,11,-99,-33,67,56,1981874652,100,0,114,0,"[21,-21,25,-22,27,-23,27,-22,27,-21,26,-19,25,-19,23,-16,21,-16,20,-14,19,-14,18,-13,19,-13,18,-13,17,-14,16,-12,15,-13,16,-13,16,-14,15,-13,14,-12,14,-13,12,-12,11,-11,12,-12,11,-12,11,-11,11,-10,0,0,10,-13,10,-13,10,-13,12,-15,11,-16,12,-17,12,-17,12,-19,12,-19,13,-20,13,-20,11,-19,11,-20,11,-19,10,-19,10,-20,10,-20,10,-20,10,-21,10,-21,10,-23,10,-26,10,-26,13,-26,14,-26,14,-24,13,-24,14,-21]"
CSI_DATA,133922,d8:b1:90:d9:de:f0,-66,11,-99,-34,67,56,1981887957,100,0,114,0,"[-16,27,-19,29,-21,30,-22,29,-22,28,-22,25,-23,23,-22,20,-19,19,-19,18,-19,18,-19,15,-18,15,-18,16,-18,13,-18,12,-17,13,-19,13,-18,13,-17,12,-15,11,-15,12,-15,11,-13,11,-15,10,-14,10,-14,9,-13,9,0,0,-14,9,-15,10,-14,10,-18,10,-18,11,-18,12,-19,12,-19,11,-20,11,-21,11,-21,10,-19,9,-20,10,-19,10,-19,10,-21,9,-21,9,-21,11,-22,10,-24,9,-25,11,-26,10,-28,9,-29,8,-30,6,-28,4,-27,5,-26,2]"
CSI_DATA,133923,d8:b1:90:d9:de:f0,-63,11,-99,-40,67,56,1981912283,100,0,114,0,"[-24,22,-28,22,-30,21,-32,20,-33,19,-32,16,-32,15,-29,14,-28,12,-28,11,-26,10,-25,10,-25,8,-25,7,-25,6,-24,7,-24,5,-25,6,-25,6,-24,5,-24,5,-22,4,-21,4,-21,4,-19,3,-18,4,-17,4,-16,3,0,0,-17,4,-19,3,-19,3,-19,3,-21,2,-21,3,-23,2,-24,2,-22,2,-23,2,-24,1,-24,0,-23,0,-22,-1,-23,0,-21,0,-20,-1,-21,-1,-23,-1,-23,-2,-25,-2,-25,-5,-28,-5,-29,-7,-28,-7,-27,-9,-26,-10,-23,-11]"
CSI_DATA,133924,d8:b1:90:d9:de:f0,-66,11,-99,-35,67,56,1981923228,100,0,114,0,"[8,31,7,34,6,36,4,36,4,36,3,36,3,34,1,32,0,32,0,29,0,27,0,26,0,25,1,26,1,24,0,25,1,24,1,25,2,25,2,24,2,24,2,23,1,22,2,20,3,19,3,19,3,18,2,17,0,0,3,16,4,17,4,19,4,18,6,19,6,21,5,21,5,22,6,21,5,21,6,21,6,22,5,20,7,20,6,19,5,18,5,19,6,19,6,20,5,21,7,22,6,24,6,26,6,28,5,26,4,27,2,26,0,25]"
CSI_DATA,133925,d8:b1:90:d9:de:f0,-65,11,-99,-33,66,56,1981933304,100,0,114,0,"[33,-3,36,-1,39,0,40,1,40,2,37,3,36,6,33,5,33,5,30,8,28,7,28,8,27,7,26,8,26,8,25,8,26,8,26,9,25,8,25,9,23,9,23,9,22,8,21,7,20,7,18,6,16,5,18,6,0,0,18,5,17,6,18,7,21,7,20,8,21,8,22,9,22,10,21,10,22,10,21,10,19,10,18,11,18,10,19,10,18,11,19,11,19,11,21,12,20,14,22,15,22,17,22,18,22,20,22,20,20,21,17,21,14,21]"
CSI_DATA,133926,d8:b1:90:d9:de:f0,-65,11,-99,-38,67,56,1981956198,100,0,114,0,"[33,-7,35,-7,38,-6,39,-6,39,-5,38,-3,37,-3,36,-2,33,-2,31,-1,30,-2,29,-2,29,-1,29,-2,28,-2,28,-3,28,-4,29,-4,28,-4,27,-4,26,-4,26,-5,23,-4,23,-6,21,-6,21,-6,19,-6,20,-6,0,0,18,-7,19,-8,18,-9,19,-9,20,-9,21,-9,20,-10,21,-10,21,-11,22,-10,20,-10,20,-10,19,-10,19,-10,19,-10,19,-9,18,-10,19,-10,20,-11,20,-11,22,-11,23,-12,23,-12,26,-13,27,-11,27,-10,25,-9,24,-7]"
CSI_DATA,133927,d8:b1:90:d9:de:f0,-65,11,-99,-37,67,56,1981978996,100,0,114,0,"[1,-33,2,-35,3,-37,3,-37,2,-41,1,-38,3,-38,2,-35,1,-33,1,-31,0,-29,0,-29,0,-29,0,-29,-3,-29,-2,-29,-4,-28,-6,-30,-7,-28,-8,-27,-8,-25,-10,-25,-11,-23,-12,-21,-10,-20,-11,-19,-12,-17,-13,-16,0,0,-15,-16,-15,-15,-16,-15,-17,-14,-17,-15,-17,-15,-19,-15,-20,-15,-19,-13,-20,-13,-19,-12,-19,-13,-19,-10,-18,-9,-20,-8,-18,-7,-19,-8,-19,-7,-20,-6,-20,-6,-22,-6,-23,-7,-25,-8,-27,-9,-26,-8,-24,-7,-24,-9,-21,-9]"
CSI_DATA,133928,d8:b1:90:d9:de:f0,-65,11,-99,-36,67,56,1981992289,100,0,114,0,"[-24,-16,-25,-19,-26,-22,-28,-21,-31,-24,-27,-23,-27,-22,-24,-22,-23,-19,-22,-20,-22,-18,-20,-20,-21,-19,-21,-18,-20,-19,-21,-18,-22,-16,-22,-17,-22,-15,-23,-15,-21,-14,-22,-12,-21,-12,-21,-11,-22,-11,-20,-10,-20,-10,-19,-7,0,0,-21,-7,-21,-7,-21,-5,-22,-6,-21,-6,-22,-5,-23,-5,-23,-6,-23,-6,-23,-5,-22,-5,-20,-6,-21,-6,-20,-3,-20,-3,-19,-4,-19,-3,-20,-3,-20,-2,-21,-3,-22,-3,-22,-4,-23,-5,-23,-8,-26,-8,-24,-7,-22,-9,-20,-8]"
CSI_DATA,133929,d8:b1:90:d9:de:f0,-64,11,-99,-39,67,56,1982026905,100,0,114,0,"[-31,-9,-33,-14,-35,-16,-34,-18,-33,-20,-31,-21,-29,-21,-28,-22,-26,-21,-24,-21,-22,-22,-22,-19,-23,-22,-22,-21,-23,-22,-22,-23,-22,-22,-22,-24,-21,-24,-22,-23,-21,-23,-21,-24,-21,-23,-20,-21,-19,-20,-19,-20,-18,-19,-19,-19,0,0,-17,-17,-18,-20,-19,-20,-19,-20,-20,-21,-19,-21,-19,-22,-19,-22,-17,-21,-18,-21,-16,-21,-15,-20,-14,-19,-13,-18,-13,-17,-13,-18,-12,-17,-12,-18,-12,-18,-12,-20,-12,-20,-11,-22,-10,-24,-10,-25,-9,-24,-8,-24,-4,-23,-2,-22]"
CSI_DATA,133930,d8:b1:90:d9:de:f0,-64,11,-99,-39,67,56,1982038534,100,0,114,0,"[-18,-24,-18,-28,-18,-31,-17,-33,-17,-35,-15,-34,-13,-33,-12,-32,-10,-32,-10,-30,-8,-29,-8,-29,-8,-28,-7,-28,-7,-30,-7,-29,-8,-30,-8,-30,-8,-31,-8,-29,-8,-30,-8,-30,-7,-30,-8,-27,-8,-27,-8,-26,-8,-25,-8,-24,0,0,-7,-24,-8,-23,-9,-24,-8,-25,-9,-26,-9,-26,-9,-27,-8,-27,-8,-26,-9,-25,-8,-24,-7,-24,-7,-23,-6,-22,-6,-21,-6,-20,-6,-21,-6,-20,-6,-21,-5,-22,-5,-22,-4,-24,-4,-26,-3,-28,-2,-26,-1,-26,1,-25,3,-22]"
CSI_DATA,133931,d8:b1:90:d9:de:f0,-64,11,-99,-37,66,56,1982062035,100,0,114,0,"[-5,29,-7,32,-9,33,-10,36,-12,38,-13,37,-13,33,-14,33,-12,31,-13,30,-12,28,-12,28,-13,28,-13,28,-12,29,-11,29,-12,30,-13,31,-13,32,-12,32,-11,31,-10,31,-10,30,-8,30,-9,28,-8,28,-7,27,-7,27,0,0,-4,26,-5,28,-5,29,-4,29,-5,30,-5,30,-2,30,-4,30,-4,29,-4,29,-3,29,-3,28,-3,26,-2,25,-2,24,-3,24,-2,23,-2,22,-1,23,-3,23,-3,25,-2,26,-3,27,-5,27,-5,25,-6,25,-6,24,-7,21]"
CSI_DATA,133932,d8:b1:90:d9:de:f0,-64,11,-99,-40,67,56,1982081728,100,0,114,0,"[20,21,20,24,21,26,21,27,22,28,22,28,20,26,20,26,20,23,19,24,20,22,20,22,20,22,20,22,21,21,21,21,23,21,25,21,25,21,25,18,25,18,27,16,27,16,27,13,26,14,26,13,27,10,26,9,0,0,26,6,26,7,27,5,29,4,30,4,30,3,30,1,30,2,30,-1,30,-1,29,-1,27,-1,25,-2,24,-3,24,-4,22,-5,22,-4,22,-6,21,-7,23,-7,25,-8,24,-8,25,-7,26,-7,26,-8,25,-7,23,-6,22,-4]"
CSI_DATA,133933,d8:b1:90:d9:de:f0,-63,11,-99,-39,66,56,1982094778,100,0,114,0,"[0,32,-2,35,-5,38,-5,39,-4,40,-6,39,-7,38,-7,35,-6,33,-8,32,-6,31,-6,31,-6,31,-7,32,-6,33,-6,34,-5,34,-6,35,-4,35,-3,34,-3,35,-1,34,-2,34,-2,33,-1,33,0,33,-1,32,1,31,0,0,2,30,3,31,4,31,5,32,5,33,5,33,6,33,6,34,6,33,7,33,7,32,7,31,7,29,7,28,7,25,7,25,7,24,7,24,8,24,7,25,10,24,10,28,11,29,8,29,7,28,6,26,5,25,3,24]"
CSI_DATA,133934,d8:b1:90:d9:de:f0,-62,11,-99,-35,65,56,1982106560,100,0,114,0,"[-31,-5,-34,-4,-38,-4,-38,-4,-39,-3,-39,-2,-38,-2,-37,0,-33,2,-33,3,-32,4,-31,6,-31,10,-30,11,-30,12,-30,15,-29,17,-30,19,-30,21,-26,24,-24,24,-23,25,-20,25,-19,28,-14,28,-13,28,-11,29,-10,30,0,0,-1,32,-2,29,0,31,4,32,5,32,6,33,8,32,11,33,13,31,17,30,19,28,19,25,20,22,20,21,20,17,21,16,21,14,23,13,23,12,24,11,25,11,28,8,28,7,29,6,30,6,29,6,24,4,23,4]"
CSI_DATA,133935,d8:b1:90:d9:de:f0,-64,9,-99,-39,66,56,1982116763,1297,0,106,0,"[135,0,54,16,96,0,-59,15,72,0,-117,15,59,0,-114,15,57,0,-77,15,59,0,-38,15,58,0,0,16,52,0,37,16,42,0,84,16,44,0,136,16,61,0,-79,16,60,0,13,0,54,0,94,0,0,0,0,0,11,0,-38,0,-44,16,40,1,-83,16,88,1,-116,16,77,1,-108,16,31,1,-81,16,-30,0,-35,16,-93,0,1,0,-129,0,28,0,138,0,22,0,122,0,-8,16,94,0,-53,16,39,0,-104,16]"
CSI_DATA,133936,d8:b1:90:d9:de:f0,-63,9,-99,-38,66,56,1982142272,875,0,106,0,"[-116,0,-20,0,-45,0,-3,0,42,1,-9,0,64,1,-78,0,18,1,-117,0,28,1,-129,0,-6,0,113,0,-35,0,82,0,-69,0,62,0,-115,0,55,0,74,0,46,0,-4,16,40,0,-73,16,33,0,0,0,0,0,46,16,-1,16,-22,15,-20,16,-47,15,-63,16,-49,15,-62,16,-22,15,-41,16,45,16,-3,16,102,16,25,0,129,16,61,0,-129,16,71,0,-118,16,70,0,-102,16,38,0,-79,16,-29,16,-52,16]"
CSI_DATA,133937,d8:b1:90:d9:de:f0,-63,11,-99,-40,66,56,1982155575,100,0,114,0,"[-15,-26,-15,-30,-13,-32,-13,-34,-12,-35,-11,-34,-9,-34,-6,-33,-6,-32,-5,-32,-5,-30,-4,-30,-4,-31,-4,-31,-4,-32,-4,-33,-3,-32,-4,-34,-4,-34,-4,-34,-4,-35,-5,-35,-4,-35,-6,-34,-5,-34,-4,-33,-4,-31,-5,-30,0,0,-8,-30,-5,-31,-6,-32,-8,-34,-9,-35,-6,-36,-8,-36,-6,-36,-8,-34,-8,-34,-9,-33,-8,-32,-8,-31,-6,-30,-8,-28,-6,-26,-8,-26,-6,-26,-8,-27,-5,-27,-6,-28,-6,-30,-5,-31,-4,-33,-4,-30,-3,-28,-1,-28,0,-25]"
CSI_DATA,133938,d8:b1:90:d9:de:f0,-64,11,-99,-38,66,56,1982170213,100,0,114,0,"[-16,-23,-16,-27,-16,-29,-15,-31,-15,-31,-13,-31,-10,-30,-10,-30,-9,-28,-9,-28,-8,-26,-7,-27,-7,-28,-8,-27,-8,-27,-8,-28,-9,-30,-9,-31,-9,-32,-9,-31,-10,-32,-10,-32,-10,-30,-11,-30,-11,-29,-11,-29,-10,-28,-11,-28,0,0,-14,-27,-14,-28,-14,-29,-15,-29,-17,-31,-17,-32,-17,-31,-16,-30,-17,-28,-17,-28,-17,-29,-17,-28,-17,-25,-16,-25,-15,-22,-15,-22,-14,-21,-15,-22,-15,-22,-15,-22,-16,-22,-16,-25,-16,-26,-17,-28,-15,-26,-14,-25,-10,-25,-9,-22]"
CSI_DATA,133939,d8:b1:90:d9:de:f0,-65,9,-99,-34,66,56,1982209348,341,0,106,0,"[91,14,-112,0,74,14,-9,0,73,14,38,0,75,14,26,0,91,14,-8,0,-123,14,-34,0,-91,14,-63,0,-60,14,-85,0,-34,14,-97,0,-22,14,-124,0,-26,14,68,0,-15,14,-6,14,14,0,-82,14,0,0,0,0,-115,0,57,14,-43,0,27,14,11,0,27,14,17,0,59,14,-24,0,78,14,-94,0,83,14,99,0,84,14,64,0,73,14,60,0,61,14,84,0,69,14,108,0,115,14,120,0,-51,14,97,0]"
CSI_DATA,133940,d8:b1:90:d9:de:f0,-63,11,-99,-39,66,56,1982221301,100,0,114,0,"[31,6,33,10,34,11,34,12,35,13,32,15,31,15,30,15,28,14,26,14,24,13,24,16,25,16,25,16,25,16,25,17,25,15,28,17,28,17,26,16,26,17,26,19,26,17,26,15,28,17,25,17,25,15,26,13,0,0,28,13,28,14,29,14,31,13,30,14,31,15,32,14,32,15,33,14,33,14,33,13,31,14,30,12,29,11,28,10,28,10,28,11,28,8,29,10,29,10,31,11,30,12,32,13,31,14,31,14,28,14,24,15,22,15]"
CSI_DATA,133941,d8:b1:90:d9:de:f0,-64,11,-99,-35,66,56,1982236283,100,0,114,0,"[29,3,31,5,32,6,32,7,33,8,32,9,29,10,29,10,26,9,25,10,23,9,23,10,23,11,21,11,22,12,23,11,23,11,25,11,26,12,26,11,25,12,26,11,25,11,25,11,25,11,24,11,24,10,25,10,0,0,25,9,26,9,26,8,28,8,29,9,29,9,30,9,31,10,31,8,31,9,30,8,28,10,27,8,27,7,26,5,27,5,26,5,27,6,28,6,28,6,30,6,29,6,30,8,31,9,29,9,27,9,25,10,23,11]"
CSI_DATA,133942,d8:b1:90:d9:de:f0,-64,9,-99,-40,67,56,1982249433,281,0,106,0,"[23,15,29,0,-42,14,100,0,-67,14,120,0,-58,14,101,0,-27,14,72,0,16,15,48,0,69,15,50,0,118,15,63,0,-121,15,60,0,-88,15,54,0,-45,15,39,0,14,0,17,0,92,0,13,0,0,0,0,0,-38,0,110,0,9,1,-86,0,0,1,-32,0,-25,0,-14,0,-60,0,-22,0,-71,0,-88,0,-83,0,123,0,-72,0,111,0,-73,0,124,0,-97,0,-116,0,110,0,-114,0,8,0,122,0,-84,15]"
CSI_DATA,133943,d8:b1:90:d9:de:f0,-64,11,-99,-35,66,56,1982272797,100,0,114,0,"[-1,29,-2,32,-4,34,-6,33,-8,33,-9,33,-10,30,-11,28,-11,27,-12,25,-11,24,-13,23,-12,22,-13,22,-12,21,-13,22,-13,23,-14,23,-15,23,-15,22,-15,23,-16,23,-15,23,-15,22,-15,21,-14,20,-15,20,-15,20,0,0,-13,21,-15,21,-15,24,-15,24,-16,25,-17,25,-17,25,-18,27,-18,26,-18,26,-17,26,-17,25,-16,25,-15,23,-15,23,-16,23,-14,22,-17,22,-15,22,-16,23,-18,24,-19,24,-20,26,-20,24,-21,21,-21,20,-22,19,-20,15]"
CSI_DATA,133944,d8:b1:90:d9:de:f0,-65,11,-99,-40,68,56,1982283527,100,0,114,0,"[3,-25,5,-29,7,-30,8,-31,9,-30,8,-30,10,-27,10,-28,9,-25,9,-22,9,-22,9,-21,9,-22,7,-21,9,-21,9,-21,8,-22,8,-22,9,-23,8,-22,8,-23,7,-22,6,-22,6,-22,6,-22,5,-22,4,-22,3,-21,0,0,4,-21,2,-22,2,-23,1,-25,0,-26,1,-27,0,-28,0,-28,0,-29,0,-28,0,-28,0,-27,-1,-26,-1,-25,-1,-24,-2,-24,-3,-23,-3,-24,-4,-24,-4,-24,-4,-25,-4,-28,-5,-28,-4,-30,-3,-28,-2,-28,-1,-26,0,-22]"
CSI_DATA,133945,d8:b1:90:d9:de:f0,-64,11,-99,-35,66,56,1982302724,100,0,114,0,"[-33,-5,-34,-7,-35,-9,-35,-11,-35,-12,-33,-14,-31,-15,-29,-15,-26,-13,-24,-14,-24,-12,-22,-14,-21,-14,-20,-14,-20,-15,-20,-15,-20,-15,-21,-16,-21,-17,-21,-16,-20,-17,-20,-17,-19,-16,-20,-16,-19,-16,-16,-15,-17,-15,-17,-14,0,0,-18,-14,-18,-17,-20,-17,-22,-17,-22,-18,-22,-19,-23,-19,-23,-19,-23,-19,-24,-19,-23,-19,-21,-19,-20,-18,-20,-17,-21,-17,-21,-18,-21,-17,-20,-18,-22,-19,-22,-19,-23,-21,-23,-22,-22,-24,-22,-26,-22,-26,-18,-26,-15,-25,-12,-24]"
CSI_DATA,133946,d8:b1:90:d9:de:f0,-64,9,-99,-36,66,56,1982318294,1408,0,106,0,"[12,0,-2,14,-57,15,-67,14,-84,15,-97,14,-71,15,-85,14,-32,15,-43,14,-10,15,19,15,0,0,75,15,-20,15,-128,15,-45,15,-71,15,-67,15,-43,15,-72,15,-1,15,-71,15,51,0,-77,15,90,0,0,0,0,0,110,15,-71,0,39,15,-45,0,-15,14,-48,0,-24,14,-72,0,8,15,-97,0,60,15,-107,0,114,15,-94,0,-126,15,-84,0,-119,15,-71,0,123,15,-80,0,121,15,-126,0,-94,15,55,0,-8,15]"
CSI_DATA,133947,d8:b1:90:d9:de:f0,-65,11,-99,-37,67,56,1982334103,100,0,114,0,"[3,-31,6,-33,7,-34,8,-35,8,-35,7,-33,8,-32,8,-31,7,-28,8,-27,7,-26,6,-25,7,-23,6,-23,5,-23,5,-23,5,-25,5,-24,5,-25,3,-24,2,-24,2,-24,1,-23,0,-22,1,-23,0,-22,0,-20,0,-19,0,0,-1,-22,-1,-22,-3,-23,-3,-24,-4,-25,-4,-27,-6,-26,-7,-28,-7,-26,-7,-28,-8,-26,-9,-27,-9,-25,-9,-24,-10,-23,-9,-23,-10,-22,-11,-22,-12,-22,-12,-23,-13,-24,-14,-25,-15,-27,-14,-28,-12,-27,-11,-26,-11,-25,-8,-22]"
CSI_DATA,133948,d8:b1:90:d9:de:f0,-64,11,-99,-37,66,56,1982356376,100,0,114,0,"[-31,18,-33,18,-36,18,-37,15,-39,14,-37,12,-36,9,-34,8,-32,8,-31,8,-29,7,-29,6,-29,4,-27,4,-27,5,-27,4,-26,4,-29,4,-28,3,-28,4,-28,3,-28,4,-26,3,-25,4,-25,5,-24,3,-24,3,-22,5,0,0,-24,5,-23,5,-24,4,-26,5,-26,5,-27,6,-27,6,-30,5,-30,7,-31,6,-30,5,-28,4,-27,5,-26,5,-27,6,-27,5,-27,6,-28,6,-28,6,-29,6,-31,6,-30,5,-32,4,-32,2,-32,2,-31,0,-29,-1,-27,-2]"
CSI_DATA,133949,d8:b1:90:d9:de:f0,-64,11,-99,-41,67,56,1982367872,100,0,114,0,"[-18,-29,-18,-32,-16,-34,-15,-36,-15,-38,-13,-34,-11,-36,-10,-33,-10,-31,-8,-30,-9,-28,-8,-29,-7,-28,-7,-27,-7,-28,-7,-27,-8,-26,-8,-28,-8,-26,-8,-27,-8,-27,-9,-26,-8,-26,-10,-25,-9,-23,-9,-22,-9,-22,-9,-20,0,0,-9,-21,-10,-21,-10,-22,-12,-24,-12,-24,-12,-25,-13,-25,-14,-27,-14,-25,-14,-26,-13,-26,-13,-26,-13,-24,-12,-23,-13,-23,-13,-22,-13,-22,-13,-22,-15,-23,-14,-24,-15,-24,-14,-26,-16,-29,-14,-28,-13,-26,-11,-25,-9,-26,-8,-24]"
CSI_DATA,133950,d8:b1:90:d9:de:f0,-65,11,-99,-35,66,56,1982379292,100,0,114,0,"[-33,-4,-35,-5,-38,-6,-39,-7,-40,-8,-39,-9,-35,-10,-34,-9,-30,-8,-30,-9,-29,-6,-28,-7,-27,-7,-27,-6,-26,-6,-26,-6,-27,-5,-28,-4,-28,-5,-27,-3,-26,-2,-26,-2,-25,-2,-24,0,-25,-1,-23,-1,-24,0,-22,3,0,0,-23,2,-22,4,-23,4,-25,5,-26,5,-26,6,-26,6,-27,6,-28,8,-28,8,-27,8,-26,7,-25,8,-24,8,-23,9,-23,8,-22,8,-23,10,-24,10,-24,11,-27,11,-26,12,-27,12,-28,11,-30,12,-29,10,-26,8,-24,7]"
CSI_DATA,133951,d8:b1:90:d9:de:f0,-64,11,-99,-40,67,56,1982402259,100,0,114,0,"[8,-33,8,-37,11,-38,11,-39,11,-41,10,-37,10,-37,10,-33,8,-32,7,-31,6,-29,5,-30,3,-29,3,-28,2,-29,2,-29,0,-29,0,-30,-2,-28,-2,-28,-2,-28,-5,-27,-6,-27,-6,-26,-7,-24,-8,-23,-9,-22,-10,-21,0,0,-11,-21,-12,-20,-14,-20,-15,-21,-16,-22,-17,-23,-18,-22,-19,-21,-20,-21,-20,-20,-21,-18,-20,-18,-21,-17,-20,-15,-21,-14,-20,-13,-20,-13,-21,-11,-22,-11,-24,-12,-25,-12,-26,-13,-28,-13,-28,-13,-27,-12,-25,-12,-24,-13,-21,-12]"
CSI_DATA,133952,d8:b1:90:d9:de:f0,-64,11,-99,-36,66,56,1982413926,100,0,114,0,"[-4,32,-7,34,-8,37,-10,38,-12,39,-12,36,-14,33,-14,31,-13,28,-14,27,-13,25,-14,24,-14,23,-14,23,-15,23,-14,24,-14,22,-15,24,-15,23,-16,22,-14,22,-14,22,-14,20,-12,20,-14,20,-13,19,-13,19,-13,18,0,0,-13,18,-13,21,-13,20,-14,22,-15,22,-15,22,-16,22,-17,22,-17,22,-18,21,-18,21,-16,21,-17,20,-16,19,-16,19,-16,18,-17,18,-16,17,-17,17,-19,17,-20,17,-21,19,-23,19,-25,17,-25,15,-25,13,-25,12,-22,9]"
CSI_DATA,133953,d8:b1:90:d9:de:f0,-64,9,-99,-36,66,56,1982424430,380,0,106,0,"[94,0,10,1,-83,0,41,1,-51,0,55,1,-66,0,51,1,-113,0,27,1,108,0,-6,0,59,0,-60,0,30,0,-114,0,5,0,82,0,-6,15,36,0,-26,15,-26,15,-49,15,-77,15,-57,15,-128,15,0,0,0,0,-24,15,13,15,3,0,-52,14,55,0,-73,14,82,0,-53,14,76,0,0,15,38,0,67,15,-14,15,112,15,-62,15,-120,15,-94,15,-124,15,-95,15,129,15,-67,15,-113,15,-34,15,-58,15,3,0]"
CSI_DATA,133954,d8:b1:90:d9:de:f0,-64,11,-99,-35,66,56,1982436318,100,0,114,0,"[-31,10,-35,9,-36,9,-37,9,-38,9,-37,8,-35,6,-34,6,-32,6,-30,6,-29,6,-29,6,-29,7,-28,7,-27,8,-27,8,-26,8,-29,9,-27,9,-27,10,-26,10,-25,11,-23,11,-22,12,-23,12,-20,12,-20,12,-19,13,0,0,-19,14,-19,15,-19,16,-19,17,-19,19,-21,20,-20,19,-21,20,-21,20,-21,21,-20,21,-17,19,-16,19,-15,18,-16,19,-16,18,-15,19,-14,19,-15,20,-17,22,-18,21,-18,22,-18,24,-20,25,-21,23,-20,22,-19,21,-19,17]"
CSI_DATA,133955,d8:b1:90:d9:de:f0,-64,11,-99,-36,66,56,1982447827,100,0,114,0,"[3,31,3,34,2,37,1,38,1,39,0,39,0,36,0,34,2,32,2,31,1,29,2,29,4,28,5,28,5,29,5,28,6,29,7,28,8,29,8,27,9,27,10,26,11,24,11,24,12,23,12,22,13,21,14,20,0,0,15,18,16,19,18,19,18,18,19,19,19,19,22,18,22,19,23,18,22,17,22,16,22,15,22,14,21,13,20,12,20,12,19,11,21,10,22,10,22,11,24,11,25,12,25,13,26,12,26,11,25,12,21,13,20,13]"
CSI_DATA,133956,d8:b1:90:d9:de:f0,-64,11,-99,-35,66,56,1982458351,100,0,114,0,"[-20,-24,-20,-28,-20,-30,-20,-32,-19,-33,-18,-33,-16,-32,-15,-31,-14,-30,-12,-29,-13,-26,-12,-28,-11,-26,-12,-27,-11,-27,-11,-26,-12,-26,-12,-27,-13,-28,-12,-26,-13,-26,-13,-26,-13,-26,-14,-23,-13,-23,-13,-22,-13,-21,-12,-21,0,0,-14,-20,-15,-22,-15,-21,-15,-22,-16,-22,-16,-24,-16,-23,-17,-24,-17,-24,-16,-24,-16,-23,-15,-23,-15,-21,-14,-21,-14,-20,-12,-20,-13,-19,-13,-19,-14,-20,-13,-21,-14,-23,-13,-25,-15,-26,-13,-26,-13,-25,-10,-24,-9,-25,-6,-23]"
CSI_DATA,133957,d8:b1:90:d9:de:f0,-65,11,-99,-38,67,56,1982474284,100,0,114,0,"[-22,19,-26,19,-29,19,-30,17,-33,17,-30,14,-32,13,-30,11,-30,10,-29,9,-27,8,-28,7,-27,7,-27,6,-27,5,-27,6,-26,5,-30,5,-29,4,-30,4,-26,3,-27,4,-26,3,-25,4,-27,4,-24,4,-24,4,-24,5,0,0,-23,2,-24,3,-24,4,-27,3,-26,2,-27,2,-28,2,-28,1,-27,1,-28,0,-27,1,-26,0,-24,0,-22,0,-23,0,-21,0,-23,0,-23,0,-23,-1,-24,-1,-25,-3,-25,-4,-26,-6,-25,-8,-25,-8,-22,-10,-21,-10,-18,-9]"
CSI_DATA,133958,d8:b1:90:d9:de:f0,-65,11,-99,-40,68,56,1982488025,100,0,114,0,"[27,5,28,6,30,8,31,9,32,11,31,11,29,12,28,11,27,10,26,11,24,9,23,10,23,10,23,10,23,11,24,10,24,9,26,10,26,9,25,8,25,8,26,6,25,6,24,5,24,5,22,5,23,3,22,3,0,0,22,2,22,2,23,1,26,2,25,1,26,1,27,0,26,0,26,0,27,0,25,1,24,1,23,0,22,0,22,0,22,1,22,0,22,0,22,0,23,0,25,0,25,0,26,1,25,2,25,2,24,2,22,4,19,5]"
CSI_DATA,133959,d8:b1:90:d9:de:f0,-64,11,-99,-37,66,56,1982503870,100,0,114,0,"[27,-15,31,-16,33,-15,36,-14,37,-13,37,-13,36,-9,34,-9,32,-9,31,-6,29,-7,30,-5,30,-4,30,-5,30,-4,29,-5,29,-6,32,-6,32,-6,31,-5,30,-5,31,-6,28,-4,28,-5,28,-6,26,-4,27,-5,25,-5,0,0,26,-7,27,-7,26,-7,28,-7,29,-7,30,-7,30,-7,29,-6,30,-7,30,-7,29,-7,27,-5,26,-5,24,-4,25,-5,25,-4,24,-4,24,-5,25,-3,27,-4,28,-3,28,-2,28,-1,29,1,29,2,27,3,25,3,22,4]"
CSI_DATA,133960,d8:b1:90:d9:de:f0,-64,11,-99,-38,66,56,1982517302,100,0,114,0,"[27,14,30,16,32,17,32,19,34,19,32,19,31,19,30,18,29,16,29,17,27,16,28,16,27,15,27,14,27,14,28,13,28,11,30,11,30,10,30,9,30,8,31,7,30,6,29,5,29,4,28,3,27,2,27,1,0,0,29,-1,28,-2,28,-3,31,-4,31,-4,32,-5,31,-5,31,-6,31,-7,31,-7,30,-8,27,-7,27,-8,26,-8,25,-8,23,-8,23,-9,22,-9,25,-9,25,-11,25,-11,25,-10,26,-9,27,-11,28,-11,27,-10,25,-7,21,-6]"
CSI_DATA,133961,d8:b1:90:d9:de:f0,-65,11,-99,-39,67,56,1982529667,100,0,114,0,"[7,27,7,30,5,33,4,34,4,35,4,34,2,33,2,32,3,31,2,30,3,28,2,28,3,28,4,27,5,28,4,28,4,28,5,29,6,29,6,28,7,29,9,29,9,28,10,26,9,26,10,25,11,25,12,24,0,0,12,22,14,23,16,24,16,24,17,24,19,25,19,25,18,24,19,23,18,24,18,21,18,22,18,20,17,19,17,18,17,17,17,17,17,16,18,16,18,17,20,18,18,18,20,20,20,20,18,20,17,19,15,19,12,17]"
CSI_DATA,133962,d8:b1:90:d9:de:f0,-65,11,-99,-38,67,56,1982541812,100,0,114,0,"[23,-11,25,-11,28,-12,29,-12,32,-12,30,-11,30,-9,28,-8,27,-9,27,-8,25,-7,26,-8,26,-9,25,-9,24,-9,25,-10,24,-10,27,-11,26,-12,26,-12,25,-13,25,-14,24,-13,22,-14,23,-15,20,-14,20,-15,20,-14,0,0,19,-17,19,-18,19,-19,20,-20,19,-21,20,-21,20,-22,19,-21,19,-22,20,-22,17,-22,16,-22,14,-20,14,-19,13,-20,14,-19,13,-19,13,-19,14,-20,15,-20,15,-21,14,-21,14,-23,15,-21,16,-20,15,-18,14,-18,14,-15]"
CSI_DATA,133963,d8:b1:90:d9:de:f0,-64,11,-99,-41,67,56,1982562341,100,0,114,0,"[-2,28,-2,31,-2,33,-4,34,-4,36,-4,34,-5,32,-5,32,-4,30,-4,29,-4,27,-3,28,-2,28,-2,28,-2,28,0,30,1,31,1,30,2,31,3,30,4,31,4,31,5,29,6,29,8,29,8,28,9,27,10,26,0,0,13,25,12,24,14,26,15,26,16,27,18,28,19,28,18,26,19,25,20,24,20,23,20,24,19,21,19,19,18,18,19,20,19,16,19,16,20,16,19,18,21,16,21,18,22,19,21,19,21,18,18,18,14,16,14,16]"
CSI_DATA,133964,d8:b1:90:d9:de:f0,-64,11,-99,-39,66,56,1982573504,100,0,114,0,"[-23,-20,-24,-24,-24,-28,-22,-29,-22,-30,-20,-30,-19,-31,-15,-29,-15,-29,-14,-29,-12,-26,-12,-28,-11,-28,-11,-28,-11,-30,-10,-30,-11,-30,-11,-32,-11,-32,-11,-32,-10,-31,-11,-31,-10,-30,-10,-29,-10,-30,-11,-29,-8,-29,-8,-29,0,0,-10,-29,-8,-29,-8,-29,-10,-32,-10,-32,-11,-32,-11,-33,-8,-33,-8,-32,-7,-32,-8,-31,-6,-31,-6,-30,-5,-28,-5,-26,-4,-26,-4,-28,-4,-24,-4,-26,-3,-28,-3,-28,-2,-30,-1,-31,0,-29,2,-28,3,-25,5,-25,6,-20]"
CSI_DATA,133965,d8:b1:90:d9:de:f0,-63,11,-99,-39,66,56,1982584051,100,0,114,0,"[4,31,3,34,1,35,1,37,1,39,1,38,-1,37,-1,35,1,34,-1,32,0,31,-1,31,-1,30,-1,30,0,30,1,31,1,32,2,34,3,33,3,32,2,33,6,34,4,32,6,32,5,32,5,31,5,30,7,29,0,0,10,26,11,29,11,30,13,31,14,32,14,32,16,32,15,32,16,31,15,31,15,30,15,30,15,29,15,26,15,25,15,23,15,23,15,23,16,23,16,24,17,24,17,25,17,28,16,28,14,25,13,24,12,24,10,22]"
CSI_DATA,133966,d8:b1:90:d9:de:f0,-64,11,-99,-40,67,56,1982595602,100,0,114,0,"[-4,-28,-4,-31,-3,-32,-1,-34,-3,-36,-2,-33,0,-32,0,-31,-2,-29,-1,-29,-2,-27,0,-28,-2,-26,-3,-27,-2,-27,-3,-28,-4,-28,-5,-30,-6,-29,-6,-29,-7,-30,-8,-30,-8,-28,-10,-28,-9,-26,-11,-26,-11,-25,-11,-24,0,0,-13,-24,-14,-23,-15,-25,-18,-26,-19,-26,-19,-26,-20,-26,-21,-26,-20,-24,-21,-23,-21,-22,-20,-22,-20,-21,-19,-19,-21,-17,-20,-17,-19,-17,-20,-15,-21,-16,-21,-16,-22,-17,-22,-18,-24,-19,-24,-18,-22,-17,-20,-17,-18,-17,-16,-16]"
CSI_DATA,133967,d8:b1:90:d9:de:f0,-64,11,-99,-41,67,56,1982606798,100,0,114,0,"[-28,-2,-30,-4,-31,-6,-31,-9,-31,-10,-29,-11,-29,-12,-26,-11,-26,-13,-26,-13,-24,-14,-24,-14,-21,-13,-22,-13,-22,-15,-22,-15,-23,-18,-25,-19,-24,-19,-23,-20,-23,-19,-23,-19,-23,-21,-22,-19,-23,-19,-21,-18,-21,-18,-21,-18,0,0,-21,-20,-22,-19,-21,-21,-23,-23,-24,-21,-24,-24,-24,-24,-23,-25,-23,-24,-24,-23,-21,-23,-21,-23,-20,-24,-19,-21,-18,-21,-15,-21,-15,-21,-15,-19,-15,-22,-14,-23,-14,-24,-14,-25,-14,-27,-13,-27,-12,-27,-9,-26,-7,-25,-4,-22]"
CSI_DATA,133968,d8:b1:90:d9:de:f0,-63,11,-99,-40,66,56,1982626448,100,0,114,0,"[-27,15,-31,15,-33,15,-33,13,-34,13,-33,11,-33,9,-32,9,-31,11,-30,9,-27,9,-28,9,-30,6,-30,8,-30,8,-28,8,-28,8,-32,10,-31,10,-32,10,-30,11,-30,13,-30,12,-27,12,-30,13,-27,12,-28,13,-26,12,0,0,-27,16,-26,16,-27,17,-30,17,-27,19,-28,20,-28,21,-30,23,-28,23,-30,24,-30,20,-27,20,-25,19,-24,19,-24,19,-21,18,-23,19,-21,19,-21,20,-24,20,-24,21,-25,21,-25,21,-26,20,-28,18,-25,16,-24,16,-21,12]"
CSI_DATA,133969,d8:b1:90:d9:de:f0,-64,11,-99,-39,66,56,1982645898,100,0,114,0,"[-11,28,-14,29,-16,30,-19,30,-20,29,-21,28,-22,24,-22,22,-21,21,-22,20,-20,19,-22,16,-23,17,-22,17,-23,16,-23,16,-23,16,-24,16,-26,16,-26,16,-25,15,-25,15,-25,14,-25,14,-26,13,-25,13,-25,13,-26,13,0,0,-25,14,-26,14,-28,15,-30,14,-29,14,-31,15,-31,14,-33,15,-33,14,-34,13,-32,13,-31,11,-29,11,-29,10,-28,10,-28,8,-28,10,-26,7,-28,7,-31,6,-31,5,-32,5,-32,4,-34,3,-33,0,-30,-1,-29,-1,-25,-3]"
CSI_DATA,133970,d8:b1:90:d9:de:f0,-64,11,-99,-38,66,56,1982656431,100,0,114,0,"[3,29,2,32,1,34,-1,34,-1,35,-1,33,-2,33,-2,29,-4,28,-4,28,-3,27,-5,28,-4,26,-4,28,-2,27,-4,27,-3,28,-2,31,-1,29,-2,30,-1,29,-1,29,-2,30,1,29,0,29,2,28,2,28,2,27,0,0,2,29,4,29,5,29,6,32,7,32,6,33,7,35,6,35,7,35,8,33,8,33,8,32,8,32,8,29,9,28,9,27,8,27,9,25,8,27,9,28,10,29,9,30,9,32,9,32,7,31,6,29,5,29,3,23]"
CSI_DATA,133971,d8:b1:90:d9:de:f0,-64,11,-99,-38,66,56,1982670268,100,0,114,0,"[23,18,25,21,26,22,26,23,26,23,22,23,22,23,22,21,20,19,21,19,20,18,20,17,21,16,22,16,22,16,22,16,23,15,25,17,27,15,26,14,27,13,27,13,27,10,27,9,27,7,27,6,27,6,28,4,0,0,29,3,29,2,30,0,31,0,33,-1,33,-2,33,-3,35,-5,35,-6,34,-7,33,-9,31,-9,29,-9,29,-10,28,-10,28,-10,26,-11,27,-13,27,-13,28,-14,28,-16,28,-16,29,-16,29,-17,31,-18,29,-16,27,-13,22,-11]"
CSI_DATA,133972,d8:b1:90:d9:de:f0,-64,11,-99,-41,67,56,1982680449,100,0,114,0,"[-26,10,-29,10,-32,9,-32,8,-31,7,-32,6,-31,3,-29,5,-27,4,-26,3,-26,4,-24,3,-26,4,-25,4,-25,4,-25,4,-26,4,-27,5,-28,5,-27,4,-27,5,-27,7,-26,6,-26,7,-25,7,-24,7,-24,7,-25,9,0,0,-26,10,-24,10,-26,12,-27,12,-28,14,-28,12,-29,14,-29,15,-29,16,-29,16,-28,16,-27,15,-25,15,-25,15,-24,15,-24,14,-23,15,-24,16,-24,15,-25,16,-25,18,-27,16,-26,15,-29,18,-29,16,-28,15,-25,12,-23,10]"
CSI_DATA,133973,d8:b1:90:d9:de:f0,-64,11,-99,-37,66,56,1982690748,100,0,114,0,"[25,16,26,19,26,22,24,25,23,25,21,25,19,25,18,25,15,24,14,24,14,23,12,23,11,22,11,22,11,23,11,24,10,24,10,24,10,25,9,25,11,26,10,25,10,26,10,25,9,25,9,25,10,26,11,24,0,0,9,26,10,26,11,27,10,28,11,29,10,30,11,31,11,33,11,32,10,32,10,31,9,31,9,29,8,29,7,27,7,27,7,27,7,26,7,27,6,29,6,31,5,32,4,34,2,32,2,31,-1,30,-4,28,-4,25]"
CSI_DATA,133974,d8:b1:90:d9:de:f0,-64,11,-99,-39,66,56,1982701283,100,0,114,0,"[21,23,23,26,22,28,21,29,23,30,21,29,17,29,16,28,17,25,15,24,15,23,15,24,14,23,14,23,14,23,14,23,16,22,16,24,17,24,17,23,19,24,19,23,19,22,20,21,17,22,20,22,19,21,19,19,0,0,22,16,23,20,24,20,26,19,25,20,28,21,29,20,30,21,31,19,30,20,31,19,29,19,28,16,26,15,29,13,28,13,26,13,26,12,28,12,30,13,31,14,31,14,33,16,32,16,31,16,29,16,26,15,23,16]"
CSI_DATA,133975,d8:b1:90:d9:de:f0,-63,11,-99,-39,66,56,1982712511,100,0,114,0,"[-32,-7,-34,-8,-37,-8,-38,-11,-35,-10,-34,-10,-33,-11,-31,-10,-29,-8,-28,-8,-25,-6,-26,-7,-26,-6,-26,-5,-26,-5,-26,-5,-28,-4,-28,-4,-29,-3,-29,-3,-29,-2,-30,-1,-29,0,-28,1,-28,2,-28,2,-26,2,-29,4,0,0,-28,6,-28,7,-29,8,-30,11,-30,11,-32,13,-31,14,-31,15,-32,16,-31,17,-30,17,-30,19,-28,20,-26,19,-25,19,-24,19,-24,19,-23,21,-24,22,-24,23,-25,24,-24,25,-24,24,-28,25,-26,24,-25,23,-23,20,-22,17]"
CSI_DATA,133976,d8:b1:90:d9:de:f0,-63,11,-99,-40,66,56,1982727324,100,0,114,0,"[19,27,20,32,20,32,20,33,20,33,19,31,18,31,18,28,17,25,17,26,15,24,16,23,17,23,16,23,17,23,18,23,17,21,20,21,20,20,20,19,23,19,23,19,23,18,24,17,24,16,23,15,24,15,24,13,0,0,26,10,27,11,28,10,31,9,32,9,33,9,35,8,35,8,35,5,36,3,35,2,36,3,34,1,33,0,32,-1,31,-1,32,-2,32,-4,32,-4,33,-4,34,-6,34,-4,36,-5,36,-5,35,-6,33,-5,31,-3,27,-2]"
CSI_DATA,133977,d8:b1:90:d9:de:f0,-63,11,-99,-40,66,56,1982742879,100,0,114,0,"[13,31,13,34,12,36,12,36,11,40,11,38,9,36,8,34,8,31,9,31,6,28,8,28,8,27,9,28,9,27,9,28,10,28,9,28,10,27,12,26,12,26,13,26,12,26,13,26,13,25,13,24,15,24,16,21,0,0,17,20,18,23,19,21,21,25,23,24,23,25,25,25,26,26,27,25,28,24,28,21,26,23,27,20,25,19,26,18,27,17,27,17,26,16,28,17,30,17,31,18,32,19,34,19,32,19,32,19,28,18,27,20,21,17]"
CSI_DATA,133978,d8:b1:90:d9:de:f0,-63,11,-99,-40,66,56,1982753569,100,0,114,0,"[17,-28,20,-30,24,-31,25,-31,27,-31,27,-27,28,-25,28,-23,25,-21,25,-18,23,-18,24,-16,24,-16,24,-16,24,-16,25,-15,24,-16,26,-16,25,-15,26,-16,25,-13,25,-15,25,-13,24,-13,25,-13,24,-13,24,-12,25,-13,0,0,24,-13,24,-15,26,-15,28,-17,30,-16,32,-17,31,-16,33,-16,33,-17,34,-16,34,-16,32,-13,31,-15,28,-15,28,-13,30,-12,30,-12,30,-12,31,-12,33,-11,33,-11,35,-12,36,-11,36,-9,36,-5,35,-4,33,-3,28,-1]"
CSI_DATA,133979,d8:b1:90:d9:de:f0,-63,11,-99,-39,66,56,1982765080,100,0,114,0,"[-19,-28,-20,-31,-19,-32,-17,-35,-16,-35,-15,-37,-12,-34,-11,-33,-8,-30,-6,-30,-7,-26,-5,-26,-7,-28,-6,-26,-6,-28,-6,-26,-6,-28,-7,-28,-7,-29,-6,-28,-5,-28,-5,-28,-3,-28,-5,-26,-5,-26,-7,-25,-5,-24,-7,-25,0,0,-7,-25,-8,-26,-10,-28,-10,-29,-10,-31,-10,-32,-8,-33,-8,-34,-10,-32,-10,-33,-10,-32,-8,-31,-10,-30,-8,-30,-10,-28,-10,-30,-8,-29,-10,-29,-8,-29,-7,-31,-7,-33,-8,-34,-6,-35,-7,-35,-6,-34,-3,-33,-1,-31,-1,-29]"
CSI_DATA,133980,d8:b1:90:d9:de:f0,-64,11,-99,-37,66,56,1982782649,277,0,106,0,"[-20,15,7,1,49,0,66,1,82,0,86,1,69,0,64,1,56,0,7,1,43,0,-50,0,51,0,-112,0,74,0,103,0,105,0,66,0,112,0,48,0,82,0,19,0,36,0,-13,15,-6,15,-81,15,0,0,0,0,-14,15,31,15,3,0,-42,14,41,0,-75,14,54,0,-66,14,34,0,-11,14,-21,15,47,15,-91,15,76,15,130,15,82,15,111,15,55,15,120,15,27,15,-95,15,26,15,-10,15,81,15,60,0]"
CSI_DATA,133981,d8:b1:90:d9:de:f0,-64,11,-99,-33,65,56,1982795756,100,0,114,0,"[-8,-29,-6,-32,-4,-37,-2,-37,0,-38,2,-38,4,-34,4,-33,5,-30,6,-29,7,-27,5,-27,6,-26,7,-26,7,-26,8,-27,8,-25,9,-26,9,-25,9,-25,8,-26,8,-25,9,-24,9,-24,9,-23,8,-23,9,-23,8,-22,0,0,10,-23,10,-23,10,-25,12,-26,12,-28,13,-29,14,-29,14,-30,15,-29,15,-28,14,-28,14,-26,14,-26,15,-25,15,-23,15,-23,16,-24,16,-24,16,-24,20,-23,21,-25,22,-25,22,-26,24,-24,26,-22,25,-20,25,-18,24,-14]"
CSI_DATA,133982,d8:b1:90:d9:de:f0,-64,11,-99,-38,66,56,1982819315,100,0,114,0,"[9,-30,14,-32,16,-33,17,-32,19,-34,20,-32,21,-30,21,-27,18,-26,19,-23,17,-23,19,-21,19,-20,18,-21,19,-20,18,-19,17,-20,18,-21,18,-20,20,-19,18,-19,18,-20,18,-19,16,-19,17,-18,17,-18,16,-17,17,-16,0,0,15,-18,17,-20,17,-19,20,-21,19,-22,20,-22,20,-23,22,-25,22,-25,23,-23,23,-22,21,-21,20,-20,20,-19,21,-20,20,-19,20,-19,20,-18,21,-19,23,-20,25,-20,25,-21,27,-21,29,-19,30,-17,28,-15,28,-14,25,-9]"
CSI_DATA,133983,d8:b1:90:d9:de:f0,-64,11,-99,-36,66,56,1982832140,100,0,114,0,"[-3,31,-3,34,-5,36,-6,37,-4,39,-4,38,-6,36,-5,33,-3,30,-2,28,-1,27,-2,27,-1,26,0,27,1,26,1,26,3,24,3,26,3,25,4,25,6,25,7,26,7,23,9,22,9,21,9,21,10,20,11,20,0,0,13,19,14,20,16,20,17,21,18,20,18,21,20,21,20,21,20,20,21,19,22,19,23,20,23,16,22,16,22,15,23,14,23,13,23,12,25,12,25,12,27,12,28,14,30,13,30,15,28,13,27,13,24,14,22,12]"
CSI_DATA,133984,d8:b1:90:d9:de:f0,-64,11,-99,-40,67,56,1982845306,100,0,114,0,"[-31,-7,-33,-9,-34,-10,-36,-12,-37,-13,-34,-13,-32,-15,-30,-13,-29,-11,-27,-11,-25,-11,-25,-11,-25,-10,-25,-10,-23,-10,-24,-10,-23,-9,-25,-10,-25,-9,-24,-9,-24,-9,-25,-7,-23,-8,-23,-6,-23,-7,-22,-7,-22,-5,-22,-5,0,0,-21,-5,-23,-4,-24,-3,-27,-4,-27,-3,-28,-3,-29,-3,-30,-3,-29,-3,-28,-2,-29,-2,-28,-2,-26,-2,-26,-2,-26,0,-26,-1,-26,-2,-27,1,-27,0,-28,0,-30,-1,-29,-1,-30,-2,-32,-2,-33,-2,-30,-4,-27,-5,-24,-5]"
CSI_DATA,133985,d8:b1:90:d9:de:f0,-64,11,-99,-35,66,56,1982870654,100,0,114,0,"[32,-9,34,-8,38,-7,40,-5,37,-2,37,0,35,1,33,2,32,3,31,3,30,4,27,5,27,4,27,4,27,6,27,6,28,5,27,7,27,8,27,6,26,7,26,6,25,7,25,7,24,6,23,5,23,6,24,6,0,0,23,5,24,6,25,8,25,8,26,9,27,9,26,10,28,12,29,12,28,10,27,10,26,11,26,12,25,12,23,12,23,11,22,11,23,11,22,12,23,13,23,15,24,16,23,17,24,19,24,21,22,20,17,21,14,19]"
CSI_DATA,133986,d8:b1:90:d9:de:f0,-64,11,-99,-33,65,56,1982885331,100,0,114,0,"[-26,-20,-29,-24,-28,-27,-27,-29,-26,-29,-24,-30,-22,-28,-21,-27,-18,-27,-16,-26,-15,-24,-14,-23,-15,-23,-13,-24,-14,-25,-14,-25,-13,-25,-14,-25,-14,-25,-14,-24,-13,-24,-13,-24,-13,-23,-12,-22,-13,-22,-12,-21,-12,-20,-11,-20,0,0,-13,-21,-13,-21,-13,-22,-14,-24,-14,-25,-14,-26,-14,-27,-14,-28,-13,-27,-15,-27,-13,-26,-13,-28,-13,-27,-12,-25,-11,-25,-11,-25,-11,-24,-11,-23,-11,-25,-10,-25,-9,-26,-9,-29,-9,-29,-8,-33,-7,-31,-5,-30,-2,-29,-1,-26]"
CSI_DATA,133987,d8:b1:90:d9:de:f0,-65,11,-99,-35,66,56,1982905655,100,0,114,0,"[25,-15,28,-18,32,-18,33,-17,34,-15,35,-14,33,-12,33,-12,29,-11,28,-10,27,-8,25,-9,25,-10,25,-10,25,-10,26,-11,26,-10,26,-10,27,-11,25,-10,25,-11,25,-10,23,-11,23,-11,21,-10,19,-11,20,-12,21,-12,0,0,20,-13,20,-13,22,-14,22,-15,23,-16,24,-16,25,-16,24,-17,26,-16,25,-16,24,-17,22,-16,21,-16,22,-14,20,-14,22,-14,20,-13,21,-15,21,-14,23,-15,24,-15,25,-15,23,-14,26,-15,27,-14,27,-12,23,-10,23,-8]"
CSI_DATA,133988,d8:b1:90:d9:de:f0,-64,11,-99,-41,67,56,1982917020,100,0,114,0,"[-8,32,-10,36,-11,37,-12,37,-13,38,-12,37,-13,34,-13,32,-11,29,-12,28,-10,28,-10,27,-10,28,-10,27,-9,27,-8,27,-8,29,-7,30,-6,30,-6,30,-6,28,-4,29,-4,28,-3,28,-3,27,-3,26,-1,26,-2,24,0,0,1,26,1,27,2,27,3,29,3,29,2,31,4,30,3,33,4,31,4,31,5,31,4,30,5,29,5,28,6,27,6,26,6,26,5,25,6,26,5,27,6,29,6,29,6,31,7,31,5,29,4,29,3,27,2,25]"
CSI_DATA,133989,d8:b1:90:d9:de:f0,-64,11,-99,-37,66,56,1982928289,100,0,114,0,"[-32,1,-36,0,-38,-1,-39,0,-42,0,-40,0,-38,0,-37,-1,-33,1,-33,1,-30,2,-30,2,-29,2,-29,3,-28,3,-29,5,-28,7,-30,7,-29,9,-29,9,-28,10,-27,12,-25,11,-25,12,-24,12,-22,12,-22,13,-21,13,0,0,-21,18,-19,18,-20,20,-20,20,-20,21,-19,22,-19,23,-20,25,-19,25,-20,26,-18,26,-16,25,-14,24,-13,24,-12,25,-11,23,-10,23,-10,23,-10,24,-11,24,-11,27,-10,26,-10,27,-11,27,-13,27,-12,26,-11,25,-10,21]"
CSI_DATA,133990,d8:b1:90:d9:de:f0,-64,11,-99,-39,67,56,1982941168,100,0,114,0,"[6,32,6,34,4,36,4,36,4,39,3,37,2,37,1,34,3,32,2,30,2,29,2,29,2,27,3,28,3,28,4,28,5,28,5,28,5,29,6,29,5,28,8,29,7,26,9,25,7,24,8,24,8,23,10,22,0,0,12,23,12,22,12,23,12,24,13,25,14,25,16,25,16,27,17,26,16,26,17,27,15,25,15,24,14,22,14,21,14,21,14,20,14,19,15,20,16,21,16,21,16,22,17,25,17,26,15,24,15,23,12,24,9,23]"
CSI_DATA,133991,d8:b1:90:d9:de:f0,-65,11,-99,-34,66,56,1982952340,100,0,114,0,"[8,29,8,32,8,34,8,36,8,36,8,34,6,34,7,32,8,30,6,29,8,27,8,27,8,25,10,26,9,25,11,25,12,25,13,25,14,24,15,23,15,23,16,21,16,21,18,19,17,19,17,17,17,17,18,16,0,0,20,15,21,14,22,13,25,13,25,14,27,13,26,12,27,13,27,11,28,10,27,9,25,9,24,8,24,7,24,4,23,5,24,4,24,2,24,2,26,3,28,2,28,3,29,3,28,4,28,2,27,4,24,4,21,5]"
CSI_DATA,133992,d8:b1:90:d9:de:f0,-64,11,-99,-37,66,56,1982966466,100,0,114,0,"[-18,27,-21,29,-25,29,-27,29,-27,28,-29,27,-27,24,-28,23,-26,22,-26,21,-24,19,-24,18,-25,18,-25,18,-23,16,-24,16,-25,18,-24,18,-26,19,-25,18,-24,19,-24,18,-23,18,-22,16,-22,16,-21,15,-22,16,-21,16,0,0,-21,16,-22,16,-23,19,-24,18,-24,19,-25,19,-25,19,-26,19,-26,18,-26,18,-25,18,-25,16,-24,15,-23,14,-22,14,-23,13,-22,12,-22,14,-23,13,-24,13,-25,13,-26,12,-26,12,-27,9,-28,8,-27,6,-24,5,-23,3]"
CSI_DATA,133993,d8:b1:90:d9:de:f0,-64,11,-99,-34,65,56,1982977782,100,0,114,0,"[-29,7,-33,2,-38,-3,-41,-8,-43,-14,-44,-15,-44,-17,-42,-18,-41,-17,-39,-18,-37,-16,-33,-15,-31,-14,-28,-13,-25,-13,-22,-13,-19,-14,-17,-13,-16,-13,-14,-13,-11,-11,-9,-8,-6,-6,-3,-4,0,-1,4,2,9,3,14,4,0,0,25,5,29,3,34,1,39,0,41,-3,42,-5,41,-7,40,-7,38,-6,33,-4,29,-3,26,0,23,4,20,7,20,10,18,13,19,14,21,16,21,16,23,14,22,13,25,8,22,3,18,-1,11,-5,6,-9,0,-11,-5,-13]"
CSI_DATA,133994,d8:b1:90:d9:de:f0,-64,11,-99,-35,65,56,1982988406,100,0,114,0,"[-26,14,-32,11,-37,7,-42,4,-46,2,-48,0,-49,0,-47,-1,-46,1,-42,0,-40,2,-38,1,-34,2,-31,1,-31,1,-28,-1,-26,-2,-24,-2,-23,-2,-21,-3,-20,-2,-15,-2,-11,-1,-7,-2,-2,-2,2,-4,7,-5,12,-8,0,0,17,-17,20,-23,19,-29,19,-33,17,-38,15,-40,12,-42,10,-40,8,-37,7,-32,8,-28,11,-23,13,-19,15,-15,16,-14,19,-14,21,-14,22,-15,21,-19,20,-20,17,-22,14,-21,10,-23,3,-17,-3,-13,-7,-7,-11,-1,-12,4]"
CSI_DATA,133995,d8:b1:90:d9:de:f0,-64,11,-99,-36,65,56,1983000796,100,0,114,0,"[-3,-31,2,-35,8,-40,11,-42,15,-46,17,-45,19,-46,18,-45,17,-42,17,-41,15,-39,15,-35,13,-33,13,-30,13,-27,12,-25,12,-24,12,-23,12,-19,12,-18,9,-16,8,-12,5,-9,3,-5,2,0,1,4,0,10,2,13,0,0,5,25,9,28,13,31,17,35,21,35,24,35,27,35,26,32,26,30,23,28,17,24,13,23,9,21,5,21,4,25,1,24,1,26,3,27,3,30,5,30,8,26,10,23,12,18,12,12,12,6,10,-1,8,-9,5,-13]"
CSI_DATA,133996,d8:b1:90:d9:de:f0,-64,11,-99,-37,66,56,1983011344,100,0,114,0,"[1,31,0,34,-2,38,-4,38,-4,39,-5,37,-6,36,-6,33,-6,32,-7,30,-7,30,-8,29,-7,28,-7,28,-7,28,-7,29,-7,30,-7,30,-7,30,-6,30,-5,29,-6,28,-6,30,-5,29,-5,29,-5,29,-3,27,-3,26,0,0,-5,27,-2,28,-3,29,-3,30,-3,30,-3,31,-4,31,-4,32,-6,31,-5,31,-5,30,-5,30,-5,29,-4,27,-3,26,-4,26,-4,26,-5,25,-5,26,-5,26,-7,27,-7,28,-7,28,-9,28,-10,27,-11,25,-12,23,-11,20]"
CSI_DATA,133997,d8:b1:90:d9:de:f0,-63,11,-99,-39,66,56,1983023956,100,0,114,0,"[8,31,7,35,5,39,4,40,3,41,2,40,0,38,-2,35,-2,35,-3,33,-3,31,-4,30,-4,31,-5,30,-5,31,-5,31,-5,32,-5,33,-5,32,-5,32,-4,31,-5,30,-5,30,-5,30,-5,29,-4,29,-5,28,-4,28,0,0,-5,28,-4,30,-4,30,-5,31,-6,32,-7,33,-7,32,-8,34,-8,32,-10,32,-10,32,-10,32,-10,30,-8,28,-10,28,-8,25,-10,25,-10,24,-11,24,-12,25,-14,25,-14,26,-15,28,-17,26,-19,23,-17,22,-19,21,-19,17]"
CSI_DATA,133998,d8:b1:90:d9:de:f0,-63,11,-99,-41,66,56,1983034188,100,0,114,0,"[34,-5,38,-4,39,-4,42,-3,41,-3,40,-2,38,-1,38,-2,36,-3,34,-3,33,-3,32,-3,33,-3,33,-4,32,-5,30,-5,34,-7,34,-5,35,-7,34,-9,33,-9,33,-11,29,-10,28,-11,28,-13,28,-13,26,-13,28,-15,0,0,26,-16,24,-17,27,-19,27,-20,27,-22,28,-22,27,-23,27,-23,27,-24,26,-23,26,-23,23,-23,22,-22,20,-22,20,-21,19,-21,17,-21,19,-21,17,-23,19,-23,19,-24,19,-24,19,-23,22,-23,22,-23,21,-21,19,-19,19,-15]"
CSI_DATA,133999,d8:b1:90:d9:de:f0,-64,11,-99,-38,66,56,1983045558,100,0,114,0,"[-29,2,-32,1,-35,2,-37,0,-38,1,-37,0,-34,-1,-34,-1,-31,1,-32,1,-30,1,-29,2,-30,3,-29,4,-29,5,-30,6,-29,7,-30,7,-30,9,-29,9,-28,11,-28,13,-26,13,-25,15,-26,14,-23,15,-25,15,-22,17,0,0,-19,18,-20,20,-19,21,-20,23,-20,25,-21,26,-20,27,-19,28,-18,27,-18,28,-16,27,-14,26,-11,26,-11,23,-10,23,-9,23,-9,23,-9,23,-8,25,-9,26,-8,27,-7,28,-7,28,-7,28,-9,28,-8,26,-7,23,-7,20]"
CSI_DATA,134000,d8:b1:90:d9:de:f0,-63,11,-99,-41,66,56,1983055825,100,0,114,0,"[-33,-3,-36,-4,-38,-5,-40,-8,-40,-9,-39,-10,-38,-10,-36,-10,-34,-9,-32,-9,-30,-8,-30,-10,-30,-9,-30,-9,-32,-9,-32,-9,-33,-9,-34,-8,-34,-5,-34,-5,-33,-5,-33,-4,-32,-5,-30,-3,-32,-3,-30,-3,-32,-3,-30,-1,0,0,-32,0,-30,0,-32,1,-35,2,-35,2,-35,1,-36,1,-36,2,-35,3,-35,2,-35,3,-32,2,-30,2,-29,2,-29,4,-28,3,-28,3,-27,4,-28,3,-28,3,-29,3,-29,4,-30,2,-32,2,-32,3,-29,1,-27,-1,-21,-1]"
CSI_DATA,134001,d8:b1:90:d9:de:f0,-63,11,-99,-40,66,56,1983069732,100,0,114,0,"[-23,24,-25,25,-27,26,-28,26,-28,27,-28,25,-27,25,-26,24,-24,24,-24,23,-23,23,-23,23,-20,23,-21,25,-19,25,-18,26,-17,27,-18,28,-17,30,-16,30,-15,30,-13,31,-12,30,-10,31,-9,31,-8,30,-6,30,-5,30,0,0,-2,28,-1,33,-2,32,0,33,1,34,1,34,2,34,3,38,4,36,5,36,6,34,6,34,6,32,8,30,8,28,8,26,10,26,10,26,10,26,9,27,10,28,12,30,13,30,12,30,10,28,9,26,10,26,8,21]"
CSI_DATA,134002,d8:b1:90:d9:de:f0,-63,11,-99,-41,66,56,1983080967,100,0,114,0,"[13,-29,16,-33,20,-35,22,-35,22,-33,24,-32,23,-29,24,-29,23,-24,23,-24,23,-22,22,-21,23,-22,23,-21,24,-22,24,-23,26,-23,24,-22,26,-23,26,-23,26,-24,26,-23,26,-22,24,-22,23,-22,22,-22,22,-22,23,-21,0,0,23,-23,23,-21,24,-23,24,-24,26,-24,27,-26,28,-23,29,-24,29,-23,29,-22,27,-23,26,-21,24,-20,23,-20,23,-17,23,-17,22,-16,24,-16,24,-16,27,-14,26,-15,28,-16,26,-15,28,-14,28,-11,28,-9,24,-7,22,-5]"
CSI_DATA,134003,d8:b1:90:d9:de:f0,-64,11,-99,-38,66,56,1983094637,100,0,114,0,"[23,20,25,23,26,26,25,26,28,27,25,26,25,27,22,26,22,22,21,22,20,20,20,21,21,21,20,20,21,22,22,21,23,19,26,21,23,20,26,20,25,19,27,17,26,17,27,15,27,15,26,16,26,14,25,13,0,0,28,10,28,11,28,10,31,10,31,10,32,11,33,10,33,11,33,8,33,8,31,8,30,9,29,7,28,6,28,6,27,5,28,4,27,4,28,3,29,3,30,3,29,3,31,5,30,6,29,6,27,7,25,7,20,7]"
CSI_DATA,134004,d8:b1:90:d9:de:f0,-63,11,-99,-41,66,56,1983120443,100,0,114,0,"[-32,4,-34,3,-38,2,-39,-1,-39,-1,-38,-4,-38,-5,-33,-7,-33,-7,-32,-8,-30,-8,-30,-8,-29,-9,-29,-9,-29,-11,-30,-11,-29,-11,-30,-11,-30,-13,-30,-11,-30,-13,-32,-13,-30,-14,-29,-13,-30,-11,-29,-13,-28,-13,-29,-13,0,0,-29,-13,-30,-13,-29,-14,-32,-14,-32,-15,-33,-16,-33,-16,-33,-19,-33,-17,-32,-16,-29,-17,-28,-19,-27,-17,-26,-16,-24,-16,-23,-16,-22,-16,-22,-16,-22,-16,-24,-19,-23,-20,-22,-21,-22,-23,-22,-24,-21,-23,-19,-23,-14,-23,-11,-21]"
CSI_DATA,134005,d8:b1:90:d9:de:f0,-63,11,-99,-40,66,56,1983131523,100,0,114,0,"[-17,27,-19,30,-23,31,-25,30,-26,30,-25,27,-26,26,-25,25,-25,24,-25,23,-23,20,-24,21,-24,20,-21,21,-23,20,-24,21,-23,21,-25,23,-24,23,-25,24,-24,23,-24,24,-24,25,-21,24,-21,24,-20,24,-19,24,-20,25,0,0,-20,24,-20,25,-19,25,-21,27,-20,27,-21,30,-21,31,-21,30,-23,30,-23,30,-20,27,-18,27,-19,26,-18,24,-18,23,-17,23,-16,24,-17,21,-17,24,-19,24,-19,25,-18,24,-19,25,-20,24,-21,23,-21,19,-20,17,-18,13]"
CSI_DATA,134006,d8:b1:90:d9:de:f0,-63,11,-99,-39,66,56,1983152686,100,0,114,0,"[-4,30,-6,33,-10,35,-11,35,-12,35,-13,34,-13,32,-14,31,-13,30,-13,30,-13,28,-13,26,-14,28,-14,28,-14,29,-14,28,-14,30,-16,30,-14,30,-14,30,-13,30,-12,30,-12,30,-12,29,-12,30,-11,30,-11,28,-10,30,0,0,-11,29,-11,31,-10,31,-10,31,-11,33,-11,34,-11,35,-10,35,-11,32,-11,33,-11,33,-10,31,-10,30,-7,29,-10,26,-8,25,-6,25,-8,24,-8,26,-10,26,-8,26,-11,28,-11,28,-12,28,-14,24,-13,24,-13,22,-13,19]"
CSI_DATA,134007,d8:b1:90:d9:de:f0,-63,11,-99,-40,66,56,1983178617,100,0,114,0,"[-17,27,-19,30,-21,30,-23,31,-23,32,-23,31,-23,30,-23,28,-20,28,-20,27,-18,25,-19,25,-19,25,-18,25,-18,25,-17,26,-16,28,-18,28,-16,30,-16,30,-15,32,-13,32,-11,31,-10,31,-11,31,-11,31,-9,30,-8,32,0,0,-5,32,-4,33,-5,34,-3,34,-3,36,-1,36,-1,38,-1,39,0,38,0,38,0,36,0,35,1,32,2,32,2,31,2,30,3,30,3,28,4,27,4,30,4,31,5,31,5,32,3,34,2,32,3,30,2,28,0,25]"
CSI_DATA,134008,d8:b1:90:d9:de:f0,-63,11,-99,-41,66,56,1983210316,100,0,114,0,"[0,32,-2,34,-4,36,-7,36,-8,38,-9,36,-9,35,-11,33,-10,32,-11,32,-11,28,-11,27,-13,27,-13,28,-11,28,-13,28,-14,30,-15,30,-15,32,-15,32,-14,32,-14,33,-14,32,-14,30,-14,30,-14,30,-14,27,-13,29,0,0,-14,30,-14,30,-15,32,-14,33,-15,34,-15,35,-15,36,-16,36,-16,34,-19,34,-17,33,-16,30,-16,29,-14,29,-16,26,-15,26,-15,26,-16,24,-14,26,-17,26,-16,26,-19,27,-20,27,-21,23,-21,21,-22,20,-21,19,-21,15]"
CSI_DATA,134009,d8:b1:90:d9:de:f0,-63,11,-99,-40,66,56,1983221333,100,0,114,0,"[1,32,-1,35,-2,36,-4,38,-4,39,-5,38,-6,36,-6,34,-5,34,-6,33,-6,31,-6,32,-6,30,-6,30,-4,30,-5,31,-4,32,-5,33,-3,33,-4,33,-4,35,-3,35,-2,34,-1,33,-1,35,0,33,-1,31,1,31,0,0,1,32,3,33,2,32,4,36,5,36,5,38,5,38,4,39,5,36,4,38,4,36,4,34,5,33,5,30,5,30,4,28,6,30,5,28,6,28,5,28,6,30,6,31,6,33,5,32,3,30,2,28,1,28,0,24]"
CSI_DATA,134010,d8:b1:90:d9:de:f0,-63,11,-99,-38,65,56,1983245155,100,0,114,0,"[-3,-33,-3,-35,-1,-37,-1,-37,0,-41,1,-40,1,-37,2,-37,1,-34,1,-34,1,-30,1,-30,2,-31,1,-33,0,-31,1,-33,-1,-35,0,-35,-1,-35,-1,-34,-3,-36,-3,-36,-6,-35,-6,-34,-6,-33,-6,-33,-7,-33,-7,-31,0,0,-9,-31,-9,-31,-11,-34,-12,-34,-13,-35,-14,-35,-17,-36,-17,-36,-15,-35,-15,-34,-14,-34,-15,-33,-14,-30,-14,-28,-14,-26,-13,-26,-14,-25,-15,-25,-15,-25,-15,-24,-15,-25,-15,-26,-17,-28,-15,-29,-13,-28,-12,-28,-9,-25,-7,-24]"
CSI_DATA,134011,d8:b1:90:d9:de:f0,-63,11,-99,-40,66,56,1983256622,100,0,114,0,"[-31,-9,-34,-11,-34,-12,-34,-12,-35,-13,-33,-13,-33,-15,-32,-13,-33,-12,-30,-11,-28,-11,-28,-11,-30,-10,-28,-10,-28,-10,-30,-9,-30,-8,-32,-9,-32,-8,-34,-5,-34,-4,-34,-3,-33,-2,-32,-2,-34,-1,-32,-1,-31,0,-33,2,0,0,-32,4,-32,4,-34,5,-34,8,-34,8,-36,9,-34,10,-35,11,-35,12,-35,12,-34,13,-33,11,-30,12,-27,13,-27,13,-27,12,-25,13,-26,13,-26,16,-26,16,-27,16,-26,17,-27,16,-31,16,-27,16,-26,13,-24,12,-21,10]"
CSI_DATA,134012,d8:b1:90:d9:de:f0,-63,11,-99,-38,65,56,1983269069,100,0,114,0,"[2,33,2,35,1,37,-1,39,-1,40,0,40,-2,37,-2,36,-1,35,-2,34,-1,31,-2,33,-1,33,0,33,-1,34,-1,33,0,34,1,35,2,35,1,34,2,36,4,36,4,36,6,35,4,34,7,34,7,31,8,33,0,0,9,33,11,33,12,33,13,35,15,35,14,37,17,37,17,39,18,36,18,35,18,34,17,34,17,31,17,29,17,28,15,25,15,25,18,24,17,24,17,26,18,26,18,28,18,29,18,29,18,26,14,25,13,26,11,23]"
CSI_DATA,134013,d8:b1:90:d9:de:f0,-63,11,-99,-38,65,56,1983289318,100,0,114,0,"[18,28,18,30,18,33,18,34,19,36,17,34,17,35,15,31,15,30,15,30,15,26,15,28,17,26,18,26,19,26,19,28,19,25,23,28,23,26,24,25,24,25,25,24,26,24,26,20,26,20,26,19,26,17,29,15,0,0,30,13,31,14,31,12,35,13,35,12,37,13,37,11,39,9,37,7,40,6,37,6,35,3,34,3,31,2,33,1,29,1,30,-1,28,-2,31,-3,30,-2,31,-3,33,-2,33,-3,33,-3,31,-4,29,-2,26,-2,24,-2]"
CSI_DATA,134014,d8:b1:90:d9:de:f0,-63,11,-99,-38,65,56,1983300009,100,0,114,0,"[0,-33,2,-35,4,-37,7,-39,7,-39,9,-39,11,-36,11,-35,9,-33,9,-31,11,-30,12,-29,12,-30,11,-30,11,-31,12,-30,11,-31,11,-31,11,-33,11,-31,9,-34,8,-34,11,-34,8,-33,9,-33,8,-33,8,-31,7,-31,0,0,7,-31,7,-33,7,-35,7,-35,7,-37,7,-39,7,-40,7,-39,7,-36,7,-36,9,-36,7,-34,6,-33,6,-31,6,-30,7,-29,6,-29,7,-29,4,-29,7,-29,7,-30,8,-30,8,-31,9,-33,11,-29,12,-28,11,-24,11,-22]"
CSI_DATA,134015,d8:b1:90:d9:de:f0,-63,11,-99,-38,65,56,1983325425,100,0,114,0,"[-2,34,-3,35,-3,37,-4,39,-6,40,-6,39,-6,37,-6,36,-3,34,-4,33,-3,31,-3,31,-2,33,-1,31,-1,33,0,34,1,34,2,34,3,35,3,34,6,35,7,35,7,34,9,34,11,33,11,33,12,33,14,30,0,0,14,30,17,28,18,29,22,31,22,31,23,31,25,30,24,31,26,28,26,28,25,25,25,25,25,23,24,22,23,19,24,18,24,18,24,15,25,15,26,17,28,17,28,18,29,18,30,18,28,15,26,15,24,17,19,14]"
CSI_DATA,134016,d8:b1:90:d9:de:f0,-63,11,-99,-38,65,56,1983336182,100,0,114,0,"[0,-33,1,-36,4,-37,6,-39,8,-41,8,-36,12,-36,11,-34,9,-33,11,-33,11,-30,11,-30,11,-30,11,-29,12,-30,12,-30,11,-30,12,-33,13,-33,13,-33,12,-34,11,-35,11,-34,11,-34,11,-34,11,-31,8,-31,9,-33,0,0,8,-31,9,-34,9,-34,9,-36,8,-35,9,-37,9,-39,11,-39,9,-36,11,-37,8,-35,8,-35,8,-31,8,-30,9,-29,8,-28,9,-29,8,-28,9,-29,8,-29,9,-29,11,-31,9,-31,11,-30,13,-28,13,-25,13,-24,13,-19]"
CSI_DATA,134017,d8:b1:90:d9:de:f0,-63,11,-99,-41,66,56,1983347073,100,0,114,0,"[10,29,10,33,9,35,8,38,8,39,7,38,5,36,5,34,7,33,4,32,5,29,5,29,5,29,5,30,7,30,7,30,8,32,9,32,9,32,10,30,13,34,14,33,13,32,14,30,14,29,15,30,15,28,16,28,0,0,19,28,19,27,21,28,23,28,23,28,24,28,24,29,26,29,26,28,24,27,24,27,24,26,24,24,23,21,23,20,23,20,22,19,23,17,24,19,24,19,24,17,26,20,26,21,26,21,24,19,22,19,20,19,17,16]"
CSI_DATA,134018,d8:b1:90:d9:de:f0,-62,11,-99,-40,65,56,1983357929,100,0,114,0,"[29,19,31,23,31,27,29,28,31,31,28,31,27,32,23,29,23,29,20,31,18,29,18,31,18,29,15,32,16,31,15,32,16,33,16,36,16,33,16,36,16,36,16,34,16,36,16,34,15,33,15,32,14,32,14,31,0,0,15,32,14,33,15,33,15,34,14,36,15,37,14,37,14,40,14,38,12,38,11,37,10,37,9,33,9,32,9,32,7,31,7,31,6,28,6,29,6,31,6,33,3,34,2,36,1,33,-1,32,-1,31,-3,29,-3,25]"
CSI_DATA,134019,d8:b1:90:d9:de:f0,-64,11,-99,-38,66,56,1983372782,100,0,114,0,"[-14,23,-18,25,-20,25,-21,25,-23,26,-23,22,-26,20,-26,19,-23,18,-23,17,-22,16,-22,15,-21,15,-23,14,-23,15,-23,14,-25,15,-26,14,-27,15,-28,16,-26,15,-27,15,-26,15,-26,15,-27,16,-26,15,-25,15,-25,15,0,0,-28,14,-27,15,-27,15,-28,16,-28,16,-29,16,-31,17,-33,17,-32,15,-33,16,-32,16,-29,13,-29,10,-26,11,-26,10,-25,10,-26,9,-26,9,-26,9,-28,9,-30,9,-29,8,-29,6,-30,6,-30,3,-28,2,-26,1,-23,0]"
CSI_DATA,134020,d8:b1:90:d9:de:f0,-63,11,-99,-41,66,56,1983386114,100,0,114,0,"[29,5,34,7,34,8,35,10,38,11,36,11,34,11,34,11,30,10,29,10,29,9,28,10,29,8,32,8,29,9,30,8,33,7,35,7,34,7,34,5,34,5,35,3,32,3,33,1,35,1,33,0,34,0,33,-1,0,0,33,-3,33,-4,34,-5,36,-5,36,-7,36,-7,36,-9,39,-9,39,-9,39,-10,36,-10,33,-10,32,-10,29,-11,28,-10,29,-11,27,-11,28,-13,28,-13,28,-14,29,-14,29,-14,29,-14,30,-14,30,-13,29,-11,26,-9,24,-8]"
CSI_DATA,134021,d8:b1:90:d9:de:f0,-63,11,-99,-41,66,56,1983396422,100,0,114,0,"[17,-23,21,-26,23,-27,26,-27,27,-24,27,-23,27,-21,27,-20,27,-20,27,-19,26,-17,26,-16,27,-16,24,-16,26,-16,27,-16,28,-19,30,-19,29,-17,30,-17,28,-19,28,-19,29,-16,27,-19,28,-17,27,-17,26,-17,28,-17,0,0,27,-17,26,-20,27,-20,29,-21,28,-21,30,-21,30,-20,33,-22,32,-21,32,-21,29,-20,28,-20,28,-17,27,-17,26,-16,24,-15,24,-15,26,-15,26,-16,27,-15,28,-15,28,-15,28,-15,29,-15,30,-11,29,-10,27,-10,22,-5]"
CSI_DATA,134022,d8:b1:90:d9:de:f0,-63,11,-99,-41,66,56,1983412650,100,0,114,0,"[-22,21,-24,22,-27,23,-28,24,-28,24,-28,23,-27,21,-27,21,-26,21,-24,21,-23,20,-23,20,-21,21,-22,22,-22,22,-21,24,-21,26,-23,26,-22,28,-21,28,-20,29,-19,29,-16,30,-15,29,-14,29,-13,30,-13,30,-11,32,0,0,-8,30,-7,32,-8,33,-7,35,-5,36,-5,39,-3,39,-3,40,-2,39,-2,39,0,36,0,38,2,35,2,33,3,32,3,30,4,29,4,29,4,29,4,29,5,32,7,32,8,33,8,34,7,33,7,32,5,28,4,24]"
CSI_DATA,134023,d8:b1:90:d9:de:f0,-64,11,-99,-38,66,56,1983422757,100,0,114,0,"[-27,8,-30,7,-31,7,-33,6,-34,6,-33,4,-32,3,-31,3,-30,3,-29,3,-27,3,-27,1,-28,1,-28,4,-27,2,-28,2,-29,3,-31,4,-31,4,-31,4,-31,5,-31,6,-29,6,-29,7,-30,6,-29,7,-28,7,-29,8,0,0,-28,9,-29,10,-30,11,-30,11,-29,13,-31,14,-31,14,-33,15,-32,15,-32,15,-31,14,-29,14,-28,13,-26,13,-26,14,-25,11,-23,13,-26,14,-25,14,-26,14,-27,14,-27,14,-27,13,-29,10,-28,11,-27,9,-25,8,-21,6]"
CSI_DATA,134024,d8:b1:90:d9:de:f0,-64,11,-99,-38,66,56,1983434634,100,0,114,0,"[-1,27,-2,29,-5,31,-6,31,-7,34,-7,32,-8,31,-8,30,-8,29,-9,28,-7,27,-8,26,-8,27,-8,28,-7,28,-8,29,-7,29,-7,30,-5,31,-6,30,-6,31,-5,32,-4,31,-3,30,-3,30,-1,30,-2,29,-3,29,0,0,-1,29,0,30,1,31,2,33,3,33,2,34,3,33,2,35,3,34,3,34,3,33,3,33,4,30,4,29,4,28,4,27,5,27,4,26,6,27,4,26,5,28,5,29,6,30,4,31,3,28,2,27,1,26,0,21]"
CSI_DATA,134025,d8:b1:90:d9:de:f0,-63,11,-99,-41,66,56,1983448167,100,0,114,0,"[-26,15,-29,14,-32,13,-34,11,-36,10,-36,7,-35,5,-35,4,-33,4,-32,3,-30,2,-29,1,-33,1,-32,1,-33,0,-32,-1,-33,-1,-34,-2,-35,-2,-34,-3,-36,-3,-36,-3,-34,-3,-34,-3,-33,-3,-33,-4,-32,-3,-30,-3,0,0,-33,-3,-32,-4,-33,-5,-34,-4,-36,-5,-38,-7,-38,-7,-38,-8,-38,-8,-36,-8,-35,-9,-33,-9,-30,-9,-30,-8,-29,-9,-28,-10,-26,-10,-28,-10,-28,-10,-27,-10,-29,-11,-27,-15,-27,-15,-28,-19,-27,-17,-24,-19,-20,-17,-16,-17]"
CSI_DATA,134026,d8:b1:90:d9:de:f0,-63,11,-99,-42,66,56,1983466978,100,0,114,0,"[-19,26,-22,28,-25,28,-24,28,-25,31,-23,29,-25,29,-24,25,-23,26,-23,25,-19,25,-22,25,-20,23,-20,24,-19,24,-19,26,-18,26,-19,30,-18,30,-17,30,-17,31,-14,33,-14,33,-12,33,-15,34,-12,33,-11,31,-9,30,0,0,-6,31,-4,34,-4,34,-4,37,-3,37,-2,39,-2,39,-1,40,0,37,-1,39,-1,36,0,36,1,34,1,31,3,31,3,29,3,30,4,29,4,29,6,29,4,30,7,31,6,34,4,33,3,30,3,28,3,28,2,24]"
CSI_DATA,134027,d8:b1:90:d9:de:f0,-63,11,-99,-41,66,56,1983477542,100,0,114,0,"[-29,8,-34,7,-36,5,-38,4,-35,2,-35,1,-35,0,-33,0,-33,0,-33,0,-32,-2,-30,-3,-30,-3,-30,-3,-30,-4,-32,-4,-33,-3,-34,-3,-34,-4,-34,-3,-33,-3,-33,-3,-33,-3,-33,-2,-33,-2,-32,-2,-30,-2,-33,-2,0,0,-34,-1,-33,-2,-33,-2,-36,-2,-35,-1,-38,-2,-38,-2,-39,-3,-39,-3,-38,-3,-35,-3,-33,-4,-32,-2,-30,-3,-30,-3,-29,-3,-29,-2,-29,-2,-29,-2,-30,-4,-32,-3,-32,-5,-32,-5,-30,-8,-32,-9,-29,-10,-24,-9,-21,-11]"
CSI_DATA,134028,d8:b1:90:d9:de:f0,-64,11,-99,-38,66,56,1983499591,100,0,114,0,"[-20,18,-23,19,-26,19,-26,19,-27,21,-26,21,-26,20,-25,18,-21,18,-22,18,-19,18,-20,18,-20,18,-19,19,-19,21,-19,21,-18,21,-18,23,-18,25,-17,25,-17,27,-16,28,-14,27,-13,28,-11,27,-11,27,-9,27,-8,28,0,0,-7,29,-6,30,-5,31,-3,33,-3,33,-3,34,-1,35,0,34,1,33,1,34,2,32,4,33,4,31,5,29,5,28,5,28,6,28,6,26,7,28,8,27,8,28,9,28,10,29,10,30,8,29,7,27,7,26,6,23]"
CSI_DATA,134029,d8:b1:90:d9:de:f0,-64,11,-99,-39,67,56,1983511293,100,0,114,0,"[9,24,8,28,5,30,3,31,2,32,1,31,-1,31,-3,30,-2,28,-4,26,-5,26,-4,25,-5,25,-5,26,-6,27,-7,27,-6,26,-8,27,-8,28,-10,27,-9,29,-9,28,-9,27,-9,27,-10,26,-8,26,-9,26,-10,26,0,0,-11,26,-11,27,-11,29,-13,28,-12,29,-14,29,-14,30,-15,29,-16,28,-15,28,-14,27,-15,27,-14,25,-14,23,-14,22,-14,21,-15,20,-16,21,-17,19,-17,20,-18,19,-19,20,-19,20,-20,20,-21,18,-21,14,-20,13,-18,10]"
CSI_DATA,134030,d8:b1:90:d9:de:f0,-63,11,-99,-40,66,56,1983522550,100,0,114,0,"[-17,-26,-17,-30,-16,-32,-13,-34,-13,-35,-11,-35,-9,-34,-6,-35,-8,-33,-6,-32,-5,-30,-5,-30,-5,-30,-5,-30,-5,-32,-5,-32,-5,-32,-5,-34,-6,-34,-5,-33,-6,-34,-5,-35,-5,-34,-5,-32,-6,-32,-6,-32,-6,-31,-6,-31,0,0,-8,-31,-8,-33,-8,-33,-8,-34,-9,-36,-8,-38,-8,-38,-6,-38,-8,-36,-8,-35,-8,-34,-6,-33,-6,-31,-6,-30,-5,-28,-4,-28,-4,-28,-4,-26,-4,-27,-4,-28,-4,-30,-3,-32,-3,-32,-2,-32,-1,-30,1,-28,3,-26,3,-23]"
CSI_DATA,134031,d8:b1:90:d9:de:f0,-63,11,-99,-41,66,56,1983551220,100,0,114,0,"[4,-32,5,-35,7,-36,8,-36,8,-38,8,-36,8,-35,8,-33,7,-32,7,-30,5,-28,7,-29,7,-30,7,-30,7,-32,5,-33,3,-33,3,-34,3,-34,2,-34,2,-35,-1,-36,-2,-34,-1,-33,-2,-34,-2,-33,-3,-32,-5,-29,0,0,-7,-32,-8,-33,-8,-32,-10,-34,-11,-35,-11,-36,-14,-35,-14,-36,-15,-35,-15,-35,-14,-34,-15,-33,-15,-30,-14,-28,-14,-27,-14,-26,-15,-24,-15,-23,-17,-24,-16,-24,-17,-26,-17,-27,-19,-28,-16,-28,-15,-24,-14,-23,-13,-23,-9,-22]"
CSI_DATA,134032,d8:b1:90:d9:de:f0,-63,11,-99,-39,66,56,1983564469,100,0,114,0,"[-30,-8,-32,-11,-33,-13,-34,-15,-34,-16,-33,-17,-31,-17,-30,-17,-26,-17,-24,-17,-24,-16,-22,-16,-23,-16,-23,-17,-24,-17,-24,-17,-25,-17,-25,-17,-26,-19,-25,-17,-29,-20,-28,-19,-26,-19,-26,-17,-25,-17,-25,-17,-25,-16,-25,-15,0,0,-26,-15,-26,-16,-29,-16,-29,-15,-30,-16,-31,-17,-30,-17,-31,-19,-30,-17,-29,-16,-29,-17,-26,-17,-25,-15,-25,-15,-24,-14,-24,-14,-22,-13,-22,-13,-23,-13,-24,-15,-25,-15,-24,-17,-24,-19,-23,-20,-22,-19,-20,-19,-16,-17,-13,-17]"
CSI_DATA,134033,d8:b1:90:d9:de:f0,-63,11,-99,-40,66,56,1983574772,100,0,114,0,"[-23,20,-26,23,-28,24,-31,23,-32,23,-31,23,-30,21,-28,20,-26,19,-25,20,-24,18,-24,20,-23,20,-23,21,-21,21,-20,23,-21,24,-23,24,-21,26,-20,26,-19,27,-18,28,-17,30,-16,28,-16,30,-12,30,-11,30,-10,30,0,0,-10,31,-8,31,-6,32,-5,34,-5,35,-4,35,-2,36,-3,39,-3,36,-1,36,0,35,1,33,2,32,2,31,2,28,3,28,4,27,4,26,4,27,5,30,6,31,6,31,8,31,6,31,5,30,4,27,4,26,2,21]"
CSI_DATA,134034,d8:b1:90:d9:de:f0,-63,11,-99,-37,65,56,1983598593,100,0,114,0,"[-32,11,-35,9,-39,7,-40,5,-40,3,-40,1,-39,-1,-36,-2,-34,-2,-32,-3,-32,-3,-30,-7,-30,-5,-30,-7,-30,-8,-30,-9,-32,-9,-33,-10,-33,-10,-34,-10,-33,-13,-34,-13,-33,-13,-32,-10,-32,-13,-30,-13,-30,-13,-30,-13,0,0,-29,-13,-30,-14,-30,-15,-33,-15,-33,-17,-33,-17,-34,-19,-32,-20,-32,-19,-30,-20,-29,-20,-27,-21,-26,-20,-23,-19,-23,-20,-22,-17,-21,-19,-21,-19,-22,-20,-20,-20,-21,-22,-20,-23,-19,-24,-17,-27,-16,-26,-14,-27,-10,-24,-7,-21]"
CSI_DATA,134035,d8:b1:90:d9:de:f0,-63,11,-99,-40,66,56,1983610624,100,0,114,0,"[27,8,31,10,33,10,33,12,35,13,34,12,33,13,33,12,32,9,31,9,30,8,28,8,28,6,30,6,30,5,30,4,31,3,32,3,33,2,32,1,34,0,33,-2,32,-2,32,-4,31,-5,31,-5,30,-6,31,-9,0,0,30,-12,30,-12,30,-13,30,-15,31,-17,32,-18,31,-19,32,-20,30,-21,28,-21,27,-21,25,-20,24,-21,21,-21,21,-21,21,-21,20,-21,18,-23,19,-23,18,-24,18,-24,18,-25,17,-25,20,-26,19,-25,19,-24,17,-20,15,-17]"
CSI_DATA,134036,d8:b1:90:d9:de:f0,-63,11,-99,-39,66,56,1983621773,100,0,114,0,"[-16,-23,-17,-26,-16,-30,-15,-31,-14,-34,-13,-35,-11,-32,-8,-32,-8,-32,-7,-30,-6,-29,-6,-29,-6,-29,-6,-29,-6,-29,-6,-30,-6,-30,-6,-30,-6,-32,-5,-31,-6,-32,-6,-33,-5,-32,-6,-32,-7,-31,-7,-31,-7,-29,-7,-29,0,0,-6,-29,-7,-30,-7,-32,-7,-33,-10,-34,-7,-34,-8,-35,-6,-37,-7,-34,-7,-34,-6,-32,-6,-33,-5,-31,-6,-29,-4,-28,-4,-30,-4,-28,-4,-28,-4,-28,-3,-28,-3,-29,-2,-29,-2,-31,-1,-31,0,-29,2,-28,4,-26,4,-22]"
CSI_DATA,134037,d8:b1:90:d9:de:f0,-63,11,-99,-39,66,56,1983650702,100,0,114,0,"[30,2,33,4,34,5,33,6,38,7,35,7,35,8,33,7,31,6,30,7,28,6,28,7,29,7,29,6,29,6,29,6,31,4,33,5,32,5,34,4,31,3,33,2,31,2,31,1,32,1,30,1,29,-1,30,-1,0,0,30,-4,32,-3,31,-4,34,-5,33,-5,35,-5,35,-6,35,-6,34,-8,34,-8,33,-6,31,-6,30,-6,28,-7,28,-8,26,-7,25,-8,25,-8,26,-8,26,-10,28,-10,29,-10,29,-8,30,-7,30,-7,28,-5,25,-4,22,-2]"
CSI_DATA,134038,d8:b1:90:d9:de:f0,-64,11,-99,-38,66,56,1983669881,100,0,114,0,"[3,-29,4,-31,6,-32,9,-33,9,-37,10,-33,13,-32,13,-30,11,-30,13,-27,13,-26,13,-25,14,-26,13,-27,13,-26,14,-26,14,-27,15,-28,15,-28,17,-28,14,-28,14,-28,15,-27,13,-27,14,-27,11,-26,11,-25,14,-25,0,0,11,-27,13,-27,14,-28,15,-29,14,-31,16,-31,15,-31,16,-31,14,-30,17,-30,15,-28,15,-28,14,-27,14,-25,13,-23,13,-21,14,-22,14,-21,14,-21,16,-21,16,-22,16,-23,17,-23,18,-21,19,-19,18,-18,19,-16,18,-13]"
CSI_DATA,134039,d8:b1:90:d9:de:f0,-63,11,-99,-35,65,56,1983683134,100,0,114,0,"[2,-31,2,-34,4,-37,4,-38,4,-38,5,-38,5,-35,6,-34,4,-32,4,-32,3,-29,4,-30,3,-31,3,-31,1,-32,0,-32,-1,-32,0,-32,-2,-34,-3,-33,-4,-34,-6,-34,-6,-32,-7,-31,-6,-30,-8,-29,-8,-29,-10,-28,0,0,-13,-28,-12,-28,-13,-29,-16,-28,-17,-30,-17,-31,-20,-30,-20,-30,-20,-28,-20,-26,-20,-26,-22,-25,-20,-23,-20,-22,-19,-21,-17,-20,-19,-19,-19,-19,-20,-17,-21,-20,-22,-19,-23,-20,-23,-20,-23,-21,-21,-20,-19,-20,-17,-19,-14,-17]"
CSI_DATA,134040,d8:b1:90:d9:de:f0,-63,11,-99,-39,66,56,1983702828,100,0,114,0,"[30,3,33,4,35,4,35,7,37,10,35,11,34,13,31,13,31,12,30,13,29,12,28,13,28,13,28,13,26,14,28,15,29,14,30,14,30,15,30,15,31,14,31,15,30,15,30,14,30,13,29,13,28,12,26,12,0,0,30,11,30,13,30,13,31,13,31,14,32,15,32,14,32,15,33,15,32,14,31,15,30,15,28,15,26,14,26,14,25,13,24,13,24,13,24,14,24,14,24,15,24,16,24,16,24,20,24,19,21,20,19,19,14,17]"
CSI_DATA,134041,d8:b1:90:d9:de:f0,-64,11,-99,-38,66,56,1983713579,100,0,114,0,"[-27,7,-31,6,-32,6,-33,5,-34,4,-35,4,-33,2,-32,2,-31,3,-30,3,-28,3,-28,2,-28,2,-28,4,-28,3,-28,4,-29,5,-30,5,-30,5,-30,7,-30,8,-30,9,-28,9,-27,10,-28,10,-28,11,-26,11,-26,10,0,0,-26,15,-26,15,-27,16,-28,18,-28,18,-28,19,-28,19,-27,20,-27,20,-27,19,-26,19,-25,19,-23,19,-21,18,-21,18,-20,18,-20,18,-20,18,-20,19,-20,20,-21,20,-21,21,-21,20,-22,20,-22,18,-21,17,-19,15,-19,13]"
CSI_DATA,134042,d8:b1:90:d9:de:f0,-63,11,-99,-40,66,56,1983729457,100,0,114,0,"[-30,10,-32,9,-35,9,-38,8,-38,6,-38,5,-36,3,-35,3,-34,4,-33,2,-31,1,-31,1,-32,2,-30,1,-31,1,-31,2,-32,2,-33,2,-34,2,-34,3,-34,2,-33,4,-33,3,-32,4,-33,5,-33,4,-32,5,-31,5,0,0,-31,5,-31,6,-32,6,-34,8,-34,9,-34,9,-34,9,-34,8,-34,8,-35,8,-34,6,-31,6,-31,6,-30,6,-30,5,-28,5,-27,5,-26,6,-27,6,-28,5,-31,5,-30,5,-30,3,-30,3,-31,1,-27,1,-25,1,-21,-1]"
CSI_DATA,134043,d8:b1:90:d9:de:f0,-63,11,-99,-39,66,56,1983741196,100,0,114,0,"[31,7,33,8,34,11,34,12,37,12,34,12,33,14,31,14,31,12,29,14,28,11,28,14,29,13,29,13,29,13,28,12,28,11,31,11,31,11,31,11,31,11,32,11,30,10,30,8,30,8,30,8,30,7,30,6,0,0,31,6,31,4,30,5,33,5,33,6,34,5,35,5,35,6,35,4,35,5,34,5,31,5,30,5,30,4,29,2,28,3,28,3,29,2,29,2,26,3,29,3,28,4,28,5,30,7,30,6,26,7,25,7,21,7]"
CSI_DATA,134044,d8:b1:90:d9:de:f0,-63,11,-99,-37,65,56,1983760172,100,0,114,0,"[27,-19,29,-17,34,-17,35,-16,38,-15,36,-13,35,-11,34,-10,33,-10,33,-8,32,-8,32,-5,30,-5,29,-4,30,-4,30,-4,33,-4,34,-5,33,-5,34,-4,34,-5,34,-5,33,-4,32,-5,32,-4,30,-3,32,-4,32,-5,0,0,32,-5,32,-4,33,-5,34,-5,34,-4,34,-4,35,-4,36,-3,36,-3,36,-3,34,-3,33,-1,32,-1,29,-1,29,-1,29,0,28,0,28,0,28,0,30,0,32,1,29,2,30,4,30,7,30,8,28,9,23,9,21,9]"
CSI_DATA,134045,d8:b1:90:d9:de:f0,-63,11,-99,-39,66,56,1983771789,100,0,114,0,"[14,28,13,32,13,34,12,37,10,38,7,37,7,34,5,34,5,33,4,32,3,30,3,30,2,30,3,30,3,31,3,32,3,32,3,32,3,32,3,32,5,33,5,32,4,32,4,31,5,30,4,31,6,29,5,29,0,0,6,31,5,30,5,32,7,33,6,35,6,37,6,37,7,37,5,35,5,34,5,33,5,32,4,32,4,30,4,28,3,26,4,26,2,26,3,28,1,26,2,28,1,29,1,30,-2,32,-2,29,-3,28,-5,26,-6,23]"
CSI_DATA,134046,d8:b1:90:d9:de:f0,-63,11,-99,-39,66,56,1983784814,100,0,114,0,"[2,32,1,34,0,38,1,39,1,39,0,38,0,37,0,35,1,33,2,32,2,30,2,30,3,31,3,31,3,31,5,31,7,32,7,31,10,31,11,31,13,31,13,31,14,29,15,28,16,26,16,26,17,25,19,24,0,0,21,23,21,23,23,22,26,22,28,22,29,23,30,21,30,22,30,19,29,19,29,17,29,16,26,15,26,13,25,11,26,11,25,10,25,8,28,7,25,8,28,6,29,7,29,7,30,11,30,10,28,8,25,11,21,8]"
CSI_DATA,134047,d8:b1:90:d9:de:f0,-63,11,-99,-40,66,56,1983810213,100,0,114,0,"[-13,-30,-15,-33,-12,-36,-12,-39,-10,-38,-10,-39,-9,-35,-8,-35,-8,-34,-8,-33,-6,-31,-5,-31,-6,-30,-6,-28,-8,-31,-6,-31,-9,-32,-8,-31,-10,-33,-10,-30,-11,-33,-10,-32,-11,-31,-11,-30,-11,-30,-12,-30,-12,-28,-13,-28,0,0,-15,-28,-13,-27,-16,-30,-16,-28,-17,-32,-17,-32,-18,-31,-18,-33,-18,-32,-18,-30,-18,-30,-17,-31,-16,-28,-17,-27,-15,-24,-15,-25,-13,-23,-15,-24,-15,-24,-15,-24,-16,-25,-15,-26,-15,-26,-15,-27,-13,-26,-11,-26,-8,-24,-6,-24]"
CSI_DATA,134048,d8:b1:90:d9:de:f0,-64,11,-99,-35,65,56,1983820405,100,0,114,0,"[-22,23,-25,23,-28,23,-31,23,-31,22,-31,20,-32,17,-32,15,-30,15,-29,13,-29,11,-29,11,-29,12,-29,11,-29,10,-30,8,-30,10,-31,10,-31,10,-32,11,-31,8,-32,10,-30,8,-30,8,-29,8,-28,7,-28,7,-28,7,0,0,-31,8,-29,7,-31,7,-31,8,-32,7,-33,7,-33,6,-34,5,-34,5,-34,5,-32,4,-31,3,-30,3,-28,3,-28,2,-25,1,-25,1,-26,1,-28,0,-28,-1,-29,-1,-29,-2,-29,-4,-29,-5,-29,-7,-26,-8,-23,-7,-20,-7]"
CSI_DATA,134049,d8:b1:90:d9:de:f0,-64,11,-99,-38,66,56,1983831970,100,0,114,0,"[-14,28,-17,30,-19,31,-21,30,-22,32,-22,30,-22,27,-23,26,-20,26,-21,23,-20,21,-21,21,-22,20,-21,20,-20,20,-21,20,-22,22,-23,22,-23,22,-23,22,-23,22,-21,22,-21,21,-21,22,-20,20,-21,21,-20,19,-19,20,0,0,-19,21,-19,22,-21,22,-21,23,-22,25,-22,25,-22,25,-23,23,-22,23,-23,22,-23,21,-23,21,-21,19,-20,19,-20,18,-20,18,-19,17,-19,17,-20,17,-21,16,-21,16,-22,16,-22,15,-26,15,-26,13,-25,10,-22,10,-22,8]"
CSI_DATA,134050,d8:b1:90:d9:de:f0,-63,11,-99,-40,66,56,1983847699,100,0,114,0,"[13,-30,17,-32,20,-32,23,-32,25,-31,26,-28,27,-26,26,-25,25,-23,24,-20,24,-19,25,-19,25,-18,25,-18,25,-18,25,-17,26,-17,30,-17,30,-17,30,-17,28,-18,27,-17,28,-17,27,-16,27,-17,26,-15,25,-15,26,-15,0,0,27,-13,28,-13,28,-12,31,-13,30,-15,33,-13,32,-15,33,-13,33,-11,33,-11,33,-9,31,-9,30,-8,28,-6,30,-5,28,-4,27,-5,27,-4,28,-3,28,-2,30,-2,30,0,30,-1,31,3,31,5,28,5,26,6,23,8]"
CSI_DATA,134051,d8:b1:90:d9:de:f0,-63,11,-99,-39,66,56,1983865071,100,0,114,0,"[-29,12,-33,11,-34,10,-38,7,-39,7,-38,4,-37,2,-35,3,-32,2,-32,0,-31,1,-31,0,-31,1,-30,0,-30,0,-30,-2,-31,-1,-33,-1,-33,-2,-33,-1,-32,0,-31,-1,-32,-2,-30,0,-31,0,-30,-1,-29,0,-29,0,0,0,-31,0,-30,0,-30,0,-32,-1,-33,1,-34,0,-34,-1,-35,-1,-34,-1,-34,-1,-33,-2,-31,-2,-30,-2,-28,-3,-28,-3,-26,-3,-25,-4,-26,-3,-26,-4,-26,-4,-28,-6,-26,-6,-26,-7,-29,-10,-29,-11,-26,-12,-23,-11,-20,-11]"
CSI_DATA,134052,d8:b1:90:d9:de:f0,-63,11,-99,-40,66,56,1983880872,100,0,114,0,"[-28,18,-32,19,-33,19,-33,19,-36,20,-35,20,-35,18,-33,17,-31,18,-30,18,-27,17,-27,18,-26,19,-26,20,-25,20,-24,21,-23,21,-24,24,-24,24,-23,26,-21,26,-19,28,-18,27,-17,28,-16,27,-16,27,-13,27,-12,27,0,0,-10,28,-9,31,-8,31,-6,33,-4,34,-5,35,-3,35,-3,36,-2,35,-1,36,-1,35,1,33,1,32,2,31,2,30,1,27,3,27,3,25,5,27,5,27,5,28,6,30,8,30,5,31,4,28,4,26,2,27,2,24]"
CSI_DATA,134053,d8:b1:90:d9:de:f0,-63,11,-99,-40,66,56,1983899450,100,0,114,0,"[-5,-33,-4,-36,-4,-39,-3,-40,-4,-40,-3,-40,-3,-38,-2,-36,-4,-35,-2,-33,-3,-32,-3,-31,-4,-31,-4,-32,-5,-31,-5,-31,-8,-33,-9,-33,-10,-33,-10,-32,-11,-32,-13,-32,-12,-31,-13,-30,-15,-28,-15,-27,-15,-26,-16,-25,0,0,-19,-26,-19,-25,-19,-25,-21,-26,-24,-26,-24,-26,-26,-25,-25,-26,-25,-24,-25,-24,-25,-23,-24,-23,-23,-20,-23,-19,-21,-18,-23,-18,-21,-16,-23,-15,-24,-15,-24,-16,-25,-17,-25,-17,-26,-18,-26,-19,-24,-18,-23,-18,-20,-18,-17,-17]"
CSI_DATA,134054,d8:b1:90:d9:de:f0,-64,11,-99,-38,66,56,1983921786,100,0,114,0,"[29,-11,33,-10,34,-10,35,-9,37,-9,37,-8,37,-6,34,-4,33,-6,32,-4,30,-4,31,-3,29,-4,29,-3,29,-3,29,-3,30,-4,32,-4,32,-4,33,-4,32,-4,31,-6,31,-4,29,-6,30,-5,29,-5,28,-5,28,-6,0,0,29,-5,28,-7,28,-8,31,-7,31,-7,32,-8,32,-8,32,-8,32,-8,34,-7,32,-7,30,-5,29,-5,26,-5,27,-5,26,-6,26,-5,26,-5,27,-5,28,-5,28,-4,28,-4,28,-2,29,-1,29,1,27,1,25,2,21,4]"
CSI_DATA,134055,d8:b1:90:d9:de:f0,-63,11,-99,-40,66,56,1983937845,100,0,114,0,"[1,33,0,38,-1,39,-2,41,-1,41,0,40,-2,39,-1,36,1,34,0,34,1,32,1,32,3,32,4,32,4,32,6,33,8,34,9,34,10,34,11,32,12,33,15,31,12,31,15,30,16,28,18,26,18,26,19,24,0,0,21,23,24,21,24,21,26,21,27,21,28,21,28,21,31,20,30,19,30,18,31,16,28,17,28,15,27,12,26,10,27,10,27,8,25,8,26,6,27,6,30,8,30,8,32,8,32,8,31,8,28,8,26,9,23,9]"
CSI_DATA,134056,d8:b1:90:d9:de:f0,-63,11,-99,-40,66,56,1983948398,100,0,114,0,"[12,-31,15,-33,18,-35,20,-36,20,-35,20,-34,20,-32,21,-31,19,-30,19,-28,18,-26,17,-26,19,-26,18,-26,18,-27,18,-27,17,-31,18,-28,18,-30,18,-30,17,-31,16,-31,16,-30,13,-28,13,-28,12,-28,12,-28,12,-27,0,0,10,-28,10,-30,10,-31,10,-31,9,-33,11,-34,10,-34,11,-34,11,-34,11,-33,10,-32,9,-31,9,-30,9,-28,8,-26,9,-26,6,-25,8,-26,8,-27,9,-28,9,-28,9,-30,9,-30,12,-30,13,-27,13,-25,12,-24,12,-20]"
CSI_DATA,134057,d8:b1:90:d9:de:f0,-64,11,-99,-41,67,56,1983963692,100,0,114,0,"[-25,18,-28,18,-29,18,-32,15,-33,15,-32,13,-31,11,-30,11,-29,10,-29,9,-27,10,-27,8,-27,8,-26,9,-26,9,-27,9,-28,9,-29,10,-29,10,-28,10,-28,10,-27,10,-27,11,-26,11,-26,11,-25,11,-23,11,-24,12,0,0,-26,12,-25,13,-26,13,-28,14,-28,14,-29,14,-29,15,-30,15,-29,14,-30,14,-28,14,-26,13,-25,13,-24,11,-25,12,-24,11,-22,10,-24,10,-25,10,-25,11,-27,11,-26,11,-26,10,-28,9,-29,8,-27,5,-25,5,-24,3]"
CSI_DATA,134058,d8:b1:90:d9:de:f0,-64,11,-99,-41,67,56,1983979908,100,0,114,0,"[-6,29,-12,31,-18,32,-23,32,-28,32,-29,31,-31,32,-31,31,-30,30,-28,29,-26,27,-25,26,-23,25,-22,23,-21,21,-21,20,-20,19,-19,18,-16,15,-15,14,-13,12,-9,9,-7,7,-4,2,-1,0,1,-5,1,-9,2,-15,0,0,-1,-24,-3,-29,-7,-33,-10,-37,-14,-37,-16,-38,-20,-36,-20,-34,-18,-31,-16,-28,-13,-25,-8,-24,-6,-23,-2,-22,0,-23,0,-23,1,-24,-1,-26,-3,-27,-5,-27,-7,-25,-8,-21,-10,-15,-12,-10,-13,-5,-10,2,-8,9,-5,13]"
CSI_DATA,134059,d8:b1:90:d9:de:f0,-64,11,-99,-40,66,56,1983990784,100,0,114,0,"[34,-1,36,5,39,12,40,17,41,24,39,27,39,28,36,31,35,31,33,30,30,30,27,30,24,27,20,27,19,26,17,25,16,25,13,25,11,21,10,20,8,16,6,12,4,9,2,5,-2,1,-5,-3,-9,-6,-13,-9,0,0,-23,-12,-28,-13,-33,-13,-36,-15,-40,-13,-42,-11,-42,-12,-41,-10,-38,-11,-34,-12,-28,-12,-24,-15,-19,-16,-18,-17,-15,-20,-12,-21,-15,-23,-13,-25,-15,-24,-15,-23,-16,-20,-17,-16,-17,-10,-16,-5,-12,-1,-9,5,-6,10,-3,13]"
CSI_DATA,134060,d8:b1:90:d9:de:f0,-64,11,-99,-38,66,56,1984011644,100,0,228,0,"[-11,-17,-10,-22,-7,-26,-4,-29,-2,-31,1,-32,2,-32,-93,-18,3,-31,4,-29,4,-28,5,-26,4,-23,5,-22,5,-20,6,-20,6,-18,6,-17,6,-15,5,-14,4,-10,-22,-10,3,-5,1,-3,0,1,0,4,0,8,0,11,0,0,2,17,4,21,6,23,7,26,8,27,10,27,119,0,10,26,9,25,8,22,5,19,3,19,1,17,-2,16,-4,17,-5,16,-5,17,-5,17,-5,18,-3,17,-50,16,0,16,2,13,4,10,6,7,8,3,8,-2,8,-5,-4,15,9,18,22,8,23,-9,10,-25,-8,-26,-22,-13,-22,-26,-15,19,0,25,16,18,25,3,21,-14,5,-25,-14,-22,-28,-6,-25,14,-7,28,13,25,26,8,25,-9,15,-32,-7,-22,-20,-11,-22,5,-11,19,4,21,18,10,0,0,7,-16,-6,-16,-15,-3,-10,7,2,8,5,1,11,20,-8,-1,-7,10,6,16,19,5,18,-14,1,-25,-17,-17,-25,2,-14,19,4,21,17,10,18,-4,9,-14,-4,4,-7,-9,-9,-4,-10,1,-8,7,-3,11,5,11,11,5]"
CSI_DATA,134061,d8:b1:90:d9:de:f0,-64,11,-99,-40,66,56,1984023228,100,0,114,0,"[-21,-25,-20,-31,-17,-38,-12,-43,-9,-47,-6,-48,-3,-50,-3,-47,-2,-46,-1,-43,-1,-42,0,-39,0,-36,0,-35,2,-32,3,-31,4,-28,3,-27,4,-25,3,-23,2,-18,3,-15,1,-10,1,-4,0,1,1,6,1,11,3,15,0,0,12,24,15,30,18,31,23,33,26,34,30,33,30,32,31,30,27,28,25,27,19,26,15,24,11,24,6,24,4,25,2,25,2,27,4,27,4,27,5,27,9,26,11,21,12,17,12,11,13,5,12,-2,11,-9,8,-13]"
CSI_DATA,134062,d8:b1:90:d9:de:f0,-64,11,-99,-35,65,56,1984041194,100,0,114,0,"[-20,24,-25,23,-33,23,-39,20,-44,19,-46,15,-47,13,-44,13,-42,12,-42,10,-40,10,-38,8,-35,7,-33,5,-32,5,-30,4,-29,4,-25,3,-24,2,-21,3,-17,3,-13,3,-8,3,-4,2,2,2,6,-1,12,-3,16,-5,0,0,23,-13,25,-19,28,-24,29,-29,28,-31,26,-34,25,-35,24,-34,22,-32,21,-29,21,-24,21,-20,21,-15,21,-12,22,-11,23,-8,24,-8,24,-10,23,-11,23,-13,21,-14,19,-16,13,-19,8,-16,0,-17,-7,-12,-11,-10,-15,-5]"
CSI_DATA,134063,d8:b1:90:d9:de:f0,-64,11,-99,-34,65,56,1984051209,100,0,114,0,"[-31,1,-32,-4,-35,-8,-38,-14,-42,-17,-42,-19,-43,-20,-41,-20,-40,-17,-39,-16,-37,-14,-34,-15,-31,-14,-30,-13,-28,-11,-28,-11,-26,-11,-25,-10,-23,-9,-21,-7,-20,-7,-15,-5,-10,-4,-6,-3,1,-2,4,-3,8,-6,14,-8,0,0,20,-18,20,-25,20,-30,20,-35,18,-38,15,-40,10,-41,8,-40,6,-35,7,-32,8,-27,10,-22,13,-18,14,-17,16,-17,17,-17,19,-18,17,-19,16,-21,15,-23,10,-25,6,-25,2,-23,-3,-18,-7,-10,-10,-3,-11,1,-13,8]"
CSI_DATA,134064,d8:b1:90:d9:de:f0,-64,11,-99,-39,66,56,1984077514,100,0,114,0,"[-33,2,-35,-5,-39,-11,-40,-16,-40,-21,-41,-25,-39,-28,-37,-29,-35,-26,-33,-26,-30,-26,-28,-24,-26,-22,-23,-22,-22,-21,-21,-21,-19,-21,-15,-19,-14,-17,-12,-16,-11,-12,-8,-8,-5,-5,-2,-2,1,0,3,4,10,6,14,7,0,0,23,10,29,10,34,7,37,7,41,6,42,5,43,3,41,3,39,3,35,4,32,5,29,7,25,10,22,12,20,14,20,15,20,15,20,17,20,15,22,15,21,12,21,8,20,3,17,-1,12,-4,6,-8,2,-12,-2,-13]"
CSI_DATA,134065,d8:b1:90:d9:de:f0,-64,11,-99,-40,66,56,1984087855,100,0,114,0,"[32,-4,36,0,41,3,43,9,47,11,48,15,47,17,47,15,45,15,41,13,39,12,38,11,35,10,33,9,32,9,30,9,28,9,26,9,24,8,21,5,19,4,15,3,10,2,4,0,0,1,-5,1,-11,3,-17,5,0,0,-25,15,-26,18,-27,25,-28,28,-26,35,-26,38,-24,39,-21,36,-19,35,-16,32,-17,27,-17,24,-18,19,-19,17,-19,15,-21,15,-21,15,-23,16,-20,18,-19,20,-16,20,-12,21,-6,20,-1,18,6,13,10,9,12,2,15,-3]"
CSI_DATA,134066,d8:b1:90:d9:de:f0,-63,11,-99,-36,65,56,1984099147,100,0,114,0,"[28,19,28,25,27,31,28,38,25,41,26,43,25,43,25,42,24,40,24,36,24,34,21,32,20,31,19,27,18,26,18,26,17,25,15,21,15,20,13,18,12,16,10,12,8,9,3,4,-2,3,-5,1,-11,0,-17,1,0,0,-26,5,-31,9,-35,13,-34,16,-38,23,-36,25,-34,28,-33,28,-28,27,-26,24,-25,20,-24,18,-23,15,-24,11,-24,8,-24,8,-25,9,-25,10,-25,11,-23,13,-20,16,-16,17,-10,18,-4,16,2,11,8,6,10,2,13,-3]"
CSI_DATA,134067,d8:b1:90:d9:de:f0,-64,11,-99,-41,67,56,1984119034,100,0,114,0,"[30,0,33,1,34,2,36,3,36,4,34,4,33,6,32,5,31,4,30,5,29,5,28,5,29,3,28,4,28,3,28,2,28,2,30,2,31,0,30,1,29,0,31,-1,30,-1,28,-2,28,-4,27,-4,26,-5,27,-6,0,0,26,-7,26,-7,26,-8,29,-9,30,-9,30,-9,31,-10,31,-9,30,-11,31,-11,28,-12,28,-9,25,-9,24,-10,24,-10,23,-11,23,-11,23,-11,23,-11,24,-12,25,-12,24,-11,25,-11,27,-11,27,-11,25,-9,24,-7,20,-5]"
CSI_DATA,134068,d8:b1:90:d9:de:f0,-64,11,-99,-39,66,56,1984137641,100,0,114,0,"[-26,-15,-29,-19,-31,-20,-30,-23,-30,-24,-30,-24,-26,-24,-25,-24,-25,-23,-23,-21,-23,-21,-20,-21,-22,-21,-22,-21,-22,-21,-23,-21,-23,-22,-24,-22,-24,-22,-25,-21,-24,-21,-25,-20,-24,-19,-24,-16,-25,-17,-24,-17,-24,-16,-23,-14,0,0,-25,-13,-24,-14,-26,-13,-28,-14,-29,-16,-30,-16,-31,-15,-30,-17,-30,-15,-30,-16,-29,-15,-26,-14,-25,-14,-25,-13,-25,-12,-24,-12,-24,-11,-24,-12,-25,-13,-25,-11,-25,-13,-24,-14,-25,-15,-24,-15,-25,-14,-23,-15,-20,-16,-16,-15]"
CSI_DATA,134069,d8:b1:90:d9:de:f0,-63,11,-99,-40,66,56,1984147810,100,0,114,0,"[-31,11,-34,10,-38,9,-38,8,-41,5,-40,3,-39,1,-36,-1,-35,0,-32,0,-32,-2,-32,-2,-32,-2,-31,-4,-31,-3,-31,-4,-31,-4,-33,-5,-32,-4,-33,-5,-33,-5,-34,-5,-32,-4,-32,-5,-32,-5,-30,-5,-28,-5,-30,-4,0,0,-31,-4,-31,-5,-31,-6,-33,-6,-33,-8,-34,-8,-35,-8,-35,-10,-33,-9,-34,-10,-32,-10,-31,-11,-30,-11,-28,-9,-27,-11,-26,-11,-25,-11,-26,-11,-26,-12,-25,-12,-26,-15,-25,-16,-25,-17,-25,-20,-23,-20,-21,-20,-17,-20,-13,-18]"
CSI_DATA,134070,d8:b1:90:d9:de:f0,-64,11,-99,-38,66,56,1984160985,100,0,114,0,"[26,17,28,19,29,21,29,22,30,25,27,23,27,25,25,21,23,20,23,20,22,19,22,19,22,18,23,17,23,18,25,17,25,16,26,18,27,16,27,16,28,16,28,15,28,14,27,11,28,11,27,10,26,9,27,8,0,0,27,7,28,6,29,6,31,6,32,5,33,5,33,5,32,5,33,4,32,3,31,2,31,3,30,1,28,0,28,0,26,1,26,0,26,-1,27,-1,27,0,28,-1,28,1,29,0,30,1,29,1,27,2,25,3,21,4]"
CSI_DATA,134071,d8:b1:90:d9:de:f0,-64,11,-99,-34,65,56,1984177644,100,0,114,0,"[-30,6,-33,5,-37,4,-39,2,-38,2,-38,0,-35,-2,-34,-3,-32,-2,-31,-4,-29,-3,-29,-5,-30,-4,-29,-5,-30,-5,-30,-5,-30,-6,-32,-6,-32,-6,-31,-5,-31,-5,-30,-5,-30,-6,-28,-5,-28,-6,-28,-5,-27,-4,-28,-5,0,0,-29,-4,-28,-5,-29,-5,-32,-6,-32,-6,-33,-7,-31,-8,-32,-9,-32,-8,-31,-8,-31,-8,-28,-9,-28,-9,-27,-8,-26,-7,-26,-9,-25,-9,-25,-9,-25,-10,-26,-10,-26,-13,-26,-13,-25,-15,-25,-16,-23,-16,-22,-17,-18,-16,-15,-15]"
CSI_DATA,134072,d8:b1:90:d9:de:f0,-64,11,-99,-39,66,56,1984187677,100,0,114,0,"[-32,4,-35,2,-38,2,-39,2,-40,0,-39,0,-38,0,-35,0,-34,3,-32,3,-31,2,-30,3,-31,3,-30,3,-30,4,-30,4,-29,6,-31,6,-30,7,-31,8,-30,10,-30,12,-28,14,-28,12,-26,13,-25,13,-24,13,-24,14,0,0,-24,17,-23,17,-23,17,-25,21,-23,22,-24,24,-23,24,-23,25,-23,25,-24,25,-23,24,-21,22,-20,22,-16,22,-17,23,-16,21,-15,22,-15,23,-14,24,-14,24,-14,25,-14,25,-14,24,-17,24,-19,23,-16,21,-15,21,-15,16]"
CSI_DATA,134073,d8:b1:90:d9:de:f0,-63,11,-99,-40,66,56,1984198865,100,0,114,0,"[15,-30,18,-32,21,-33,23,-32,25,-33,26,-30,26,-27,26,-25,25,-24,25,-23,24,-20,24,-19,24,-20,25,-20,25,-19,26,-19,25,-18,26,-19,26,-18,27,-19,27,-19,27,-19,26,-18,25,-17,25,-17,24,-17,24,-17,23,-17,0,0,26,-16,24,-17,25,-17,28,-19,27,-17,30,-18,30,-18,31,-17,31,-16,31,-16,30,-16,28,-13,27,-12,25,-11,26,-11,25,-10,24,-10,26,-9,26,-9,28,-8,28,-8,30,-6,30,-6,30,-4,30,-2,28,0,26,0,23,2]"
CSI_DATA,134074,d8:b1:90:d9:de:f0,-63,11,-99,-40,66,56,1984217639,100,0,114,0,"[31,-15,33,-16,35,-16,38,-16,38,-16,38,-16,35,-15,34,-13,33,-15,32,-15,30,-15,30,-13,30,-16,30,-15,27,-17,27,-17,27,-18,28,-19,28,-21,27,-21,25,-24,24,-23,23,-24,20,-24,21,-24,19,-24,18,-24,16,-26,0,0,17,-27,13,-26,13,-28,15,-31,15,-32,15,-33,13,-33,13,-34,12,-34,12,-34,10,-33,8,-32,6,-30,8,-28,6,-28,5,-28,4,-27,4,-28,4,-28,4,-28,4,-30,4,-31,2,-30,3,-31,5,-30,5,-28,4,-26,5,-23]"
CSI_DATA,134075,d8:b1:90:d9:de:f0,-63,11,-99,-40,66,56,1984228129,100,0,114,0,"[19,-26,23,-28,25,-28,26,-28,28,-30,28,-27,28,-24,28,-23,26,-24,26,-21,25,-19,25,-19,26,-20,25,-19,25,-19,25,-19,24,-20,26,-20,26,-20,25,-20,26,-21,25,-24,23,-21,21,-21,24,-20,23,-23,21,-20,23,-20,0,0,21,-19,20,-23,21,-24,23,-24,24,-26,25,-26,24,-26,25,-26,24,-26,25,-25,25,-24,24,-23,21,-21,19,-20,20,-19,21,-19,19,-18,20,-19,20,-19,20,-18,21,-18,23,-19,23,-19,25,-17,25,-15,24,-13,23,-13,20,-10]"
CSI_DATA,134076,d8:b1:90:d9:de:f0,-64,11,-99,-38,66,56,1984249553,100,0,114,0,"[32,3,34,5,35,6,37,8,38,10,35,11,34,14,32,14,31,11,29,13,27,11,27,13,27,14,26,13,27,14,26,15,27,14,28,16,28,14,29,14,29,16,29,14,27,13,27,13,27,13,26,13,25,11,26,11,0,0,26,10,26,11,26,11,29,13,29,14,30,14,30,14,30,16,29,15,30,15,28,16,26,15,23,15,22,14,23,14,22,14,23,14,22,14,22,14,22,15,23,15,22,17,22,18,21,20,21,19,18,20,16,19,13,17]"
CSI_DATA,134077,d8:b1:90:d9:de:f0,-63,11,-99,-40,66,56,1984267669,100,0,114,0,"[-2,34,-4,36,-8,40,-10,41,-11,40,-12,36,-15,35,-13,33,-13,33,-13,32,-15,31,-15,30,-13,28,-13,28,-13,28,-15,30,-15,30,-16,31,-16,30,-16,31,-15,28,-15,28,-13,30,-13,28,-15,28,-13,28,-12,27,-13,28,0,0,-13,27,-13,28,-15,27,-15,31,-16,32,-16,33,-16,32,-18,33,-17,32,-18,31,-18,30,-17,27,-17,27,-15,25,-16,23,-16,21,-16,23,-17,21,-17,23,-19,23,-19,24,-19,24,-20,25,-23,21,-23,19,-23,17,-21,16,-18,12]"
CSI_DATA,134078,d8:b1:90:d9:de:f0,-64,11,-99,-38,66,56,1984277657,100,0,114,0,"[9,30,8,33,9,37,9,39,7,38,8,38,6,34,6,33,7,32,8,31,8,29,8,28,8,28,9,28,10,28,10,29,14,29,11,28,15,29,15,26,17,28,16,26,18,25,18,23,18,22,19,21,19,21,21,20,0,0,21,19,22,16,23,18,26,17,28,19,27,18,30,17,30,18,30,16,29,15,28,14,27,15,27,11,27,10,25,9,26,8,23,8,25,7,26,7,27,6,28,6,29,7,28,7,28,7,28,7,27,7,22,7,20,8]"
CSI_DATA,134079,d8:b1:90:d9:de:f0,-64,11,-99,-40,67,56,1984288376,100,0,114,0,"[30,2,33,4,33,5,34,7,37,8,36,9,32,11,32,11,29,10,27,10,26,9,25,10,26,11,26,10,26,12,26,11,27,11,28,11,28,11,27,10,28,11,28,11,26,10,26,9,27,9,25,10,25,9,26,8,0,0,26,8,26,6,27,8,28,8,29,9,30,10,30,9,30,10,31,10,30,10,29,11,26,11,26,11,24,9,24,9,24,10,23,10,24,9,24,8,25,11,25,11,25,12,24,14,25,15,25,16,22,16,18,16,16,14]"
CSI_DATA,134080,d8:b1:90:d9:de:f0,-64,11,-99,-39,66,56,1984299563,100,0,114,0,"[-32,-3,-34,-5,-38,-5,-38,-7,-38,-8,-37,-8,-37,-10,-33,-8,-32,-6,-31,-8,-30,-7,-29,-7,-30,-6,-30,-7,-30,-7,-30,-6,-31,-5,-32,-5,-32,-6,-32,-5,-30,-3,-32,-2,-30,-2,-30,-2,-32,-1,-29,0,-30,1,-30,1,0,0,-30,2,-30,2,-30,3,-32,4,-32,5,-32,4,-34,4,-34,4,-34,5,-33,6,-32,5,-31,5,-30,6,-28,6,-28,5,-28,4,-26,6,-25,7,-26,6,-28,5,-29,5,-29,6,-30,5,-30,4,-31,4,-29,2,-24,2,-22,0]"
CSI_DATA,134081,d8:b1:90:d9:de:f0,-63,11,-99,-40,66,56,1984318027,100,0,114,0,"[9,-32,11,-34,15,-36,16,-38,17,-38,17,-35,17,-33,17,-31,16,-32,17,-30,16,-28,16,-27,16,-27,17,-26,15,-27,15,-28,15,-30,16,-30,15,-30,13,-30,13,-31,12,-30,12,-30,11,-30,11,-28,10,-28,10,-27,10,-27,0,0,10,-30,9,-30,8,-30,8,-31,8,-32,8,-33,8,-34,9,-34,9,-34,9,-33,10,-33,8,-32,8,-31,8,-28,8,-27,6,-26,6,-26,5,-25,6,-27,6,-26,8,-27,9,-28,8,-28,11,-30,13,-27,13,-26,13,-25,12,-19]"
CSI_DATA,134082,d8:b1:90:d9:de:f0,-64,11,-99,-39,66,56,1984328200,100,0,114,0,"[4,-30,7,-33,8,-35,13,-37,14,-37,15,-34,16,-32,16,-30,16,-29,17,-26,17,-26,17,-25,19,-25,19,-24,19,-23,19,-23,19,-24,20,-25,20,-25,21,-24,21,-25,20,-23,20,-23,19,-23,20,-22,20,-23,19,-21,21,-20,0,0,19,-21,20,-22,20,-22,21,-23,21,-24,24,-23,24,-22,25,-23,25,-22,25,-22,25,-21,24,-20,24,-17,22,-16,23,-16,22,-15,22,-13,23,-13,23,-13,25,-12,28,-12,29,-13,29,-12,29,-10,30,-6,28,-5,26,-4,23,-2]"
CSI_DATA,134083,d8:b1:90:d9:de:f0,-63,11,-99,-41,66,56,1984348828,100,0,114,0,"[16,28,15,33,14,35,14,36,14,39,10,39,8,38,7,36,7,34,4,34,5,32,4,32,3,33,3,32,3,33,3,32,4,33,3,34,3,35,3,33,3,35,5,33,3,33,4,33,3,32,3,32,2,30,3,29,0,0,3,29,4,30,4,33,3,34,3,36,3,36,3,35,2,36,2,35,1,35,1,35,0,33,0,32,-1,29,0,28,-1,29,-1,28,-2,27,-2,27,-3,29,-3,29,-4,30,-5,32,-7,32,-8,29,-10,27,-10,26,-10,21]"
CSI_DATA,134084,d8:b1:90:d9:de:f0,-64,11,-99,-39,66,56,1984367646,100,0,114,0,"[-25,19,-29,21,-32,21,-33,21,-33,22,-32,21,-31,20,-31,20,-28,19,-26,17,-25,17,-24,17,-23,19,-22,20,-22,21,-22,21,-22,23,-22,24,-22,25,-21,25,-19,25,-17,28,-17,28,-14,25,-13,28,-12,28,-12,28,-10,28,0,0,-8,28,-6,29,-6,31,-4,33,-4,34,-4,34,-4,34,-3,35,-2,34,-2,33,0,33,1,32,1,31,2,29,3,26,2,26,4,26,4,26,5,26,4,26,4,28,6,29,6,29,6,30,4,29,4,26,4,25,3,21]"
CSI_DATA,134085,d8:b1:90:d9:de:f0,-63,11,-99,-39,66,56,1984389728,100,0,114,0,"[-32,0,-35,0,-37,-2,-37,-3,-39,-5,-38,-5,-35,-7,-35,-5,-33,-5,-32,-5,-30,-5,-29,-4,-30,-4,-29,-4,-29,-4,-29,-4,-31,-2,-32,-3,-32,-3,-32,-2,-33,-1,-33,-1,-31,0,-30,1,-30,1,-30,1,-28,2,-30,4,0,0,-29,4,-30,5,-31,5,-31,6,-32,6,-33,7,-33,7,-33,7,-32,8,-33,10,-32,8,-30,8,-29,8,-28,7,-28,8,-26,7,-25,7,-25,10,-26,8,-26,7,-29,8,-28,8,-28,6,-30,8,-30,7,-28,5,-25,3,-23,1]"
CSI_DATA,134086,d8:b1:90:d9:de:f0,-63,11,-99,-41,66,56,1984408110,100,0,114,0,"[-35,0,-38,-2,-40,-3,-40,-5,-40,-5,-39,-5,-36,-8,-36,-8,-34,-5,-34,-7,-30,-5,-30,-7,-32,-8,-30,-7,-30,-7,-32,-7,-32,-7,-33,-5,-34,-5,-33,-5,-33,-5,-34,-4,-33,-4,-32,-2,-30,-2,-30,-3,-29,-1,-30,-1,0,0,-33,0,-29,1,-32,0,-35,1,-35,1,-36,0,-36,1,-38,2,-36,3,-36,2,-35,2,-33,1,-32,1,-30,2,-29,3,-28,1,-28,2,-29,3,-29,2,-30,2,-32,2,-30,1,-30,0,-32,-2,-32,-2,-29,-3,-26,-4,-22,-5]"
CSI_DATA,134087,d8:b1:90:d9:de:f0,-63,11,-99,-40,66,56,1984418832,100,0,114,0,"[-18,-30,-18,-32,-19,-34,-19,-35,-20,-35,-18,-34,-17,-35,-17,-32,-17,-30,-17,-30,-16,-27,-16,-28,-18,-26,-18,-26,-18,-26,-19,-25,-21,-24,-25,-26,-24,-25,-25,-23,-24,-21,-27,-21,-26,-20,-26,-18,-26,-19,-26,-17,-26,-16,-27,-15,0,0,-26,-11,-30,-10,-30,-10,-33,-11,-33,-10,-34,-9,-35,-9,-36,-9,-35,-6,-35,-5,-34,-4,-33,-4,-32,-3,-30,-2,-31,-1,-28,0,-28,0,-28,1,-28,2,-30,2,-30,1,-31,2,-32,1,-32,1,-31,1,-27,0,-27,0,-24,-1]"
CSI_DATA,134088,d8:b1:90:d9:de:f0,-64,9,-99,-36,66,56,1984431721,98,0,106,0,"[66,15,53,15,-18,14,65,15,-45,14,91,15,-40,14,114,15,0,15,-127,15,20,15,-103,15,46,15,-83,15,61,15,-68,15,78,15,-59,15,125,15,-49,15,-62,15,-40,15,9,0,-5,15,79,0,46,0,0,0,0,0,-125,0,-71,0,-119,0,-1,0,129,0,44,1,101,0,32,1,87,0,-15,0,101,0,-88,0,124,0,126,0,-106,0,106,0,-93,0,116,0,-110,0,-118,0,95,0,-111,0,16,0,-123,0,-72,15]"
CSI_DATA,134089,d8:b1:90:d9:de:f0,-63,11,-99,-40,66,56,1984447660,100,0,114,0,"[-25,20,-28,20,-32,23,-33,21,-35,20,-35,19,-35,16,-33,16,-32,13,-31,12,-30,12,-30,10,-30,11,-30,10,-30,11,-31,11,-30,12,-32,12,-32,12,-33,13,-31,12,-32,13,-31,12,-30,13,-28,12,-27,12,-26,12,-28,13,0,0,-28,13,-28,13,-28,13,-31,15,-30,16,-31,16,-32,15,-32,15,-32,15,-33,15,-31,13,-28,12,-28,12,-27,12,-27,11,-26,10,-25,10,-25,10,-26,10,-26,9,-28,9,-27,9,-28,8,-30,6,-31,5,-30,4,-27,3,-23,1]"
CSI_DATA,134090,d8:b1:90:d9:de:f0,-64,11,-99,-39,66,56,1984458096,100,0,114,0,"[31,-2,35,-2,38,-2,38,0,39,-1,39,-1,37,0,34,0,33,0,33,1,30,-1,30,0,30,-2,30,-3,30,-3,31,-4,31,-5,33,-6,32,-8,32,-8,31,-10,31,-11,30,-10,29,-11,29,-11,25,-12,25,-13,28,-14,0,0,25,-16,24,-19,24,-20,25,-21,24,-21,25,-22,24,-23,24,-23,24,-24,24,-24,22,-24,21,-23,20,-23,19,-21,17,-22,15,-22,15,-22,14,-22,15,-23,15,-23,15,-23,15,-24,15,-24,16,-26,17,-25,17,-23,14,-21,13,-19]"
CSI_DATA,134091,d8:b1:90:d9:de:f0,-63,11,-99,-41,66,56,1984473224,100,0,114,0,"[-2,33,-3,35,-4,38,-5,39,-5,41,-5,40,-7,39,-7,36,-5,34,-7,33,-4,32,-4,32,-3,32,-2,32,-2,32,-1,33,0,34,0,35,2,35,2,34,3,34,4,35,3,33,7,32,7,32,8,32,9,30,9,30,0,0,10,27,14,28,15,29,15,32,17,32,16,32,19,33,19,32,17,30,19,28,19,29,19,27,19,26,19,24,19,22,17,21,17,20,19,20,19,21,19,21,19,21,21,23,21,23,22,22,20,21,17,21,17,22,14,19]"
CSI_DATA,134092,d8:b1:90:d9:de:f0,-64,11,-99,-39,66,56,1984489145,100,0,114,0,"[5,32,5,34,3,37,2,38,1,39,0,38,-2,37,-2,34,0,33,-1,32,-1,30,-1,31,-1,29,-1,30,-1,30,0,30,0,32,0,33,1,32,1,32,2,31,3,31,2,31,3,31,3,30,4,29,4,29,5,29,0,0,7,29,6,31,7,30,6,32,8,33,7,34,10,34,8,35,8,33,10,33,8,32,7,31,7,29,8,28,8,26,7,26,7,26,7,25,7,25,7,26,7,28,6,28,7,31,6,32,5,29,4,29,1,29,1,23]"
CSI_DATA,134093,d8:b1:90:d9:de:f0,-64,11,-99,-41,67,56,1984503389,100,0,114,0,"[4,-29,5,-31,8,-33,8,-36,10,-34,9,-34,9,-31,9,-30,8,-28,8,-28,7,-28,7,-27,7,-26,6,-26,4,-27,4,-28,3,-29,4,-29,3,-30,2,-29,1,-29,0,-29,-1,-29,-2,-28,-2,-28,-3,-27,-4,-26,-5,-27,0,0,-7,-28,-7,-27,-7,-28,-9,-29,-10,-31,-9,-32,-11,-31,-12,-31,-12,-30,-11,-29,-11,-28,-12,-28,-12,-26,-11,-26,-11,-24,-12,-24,-11,-23,-12,-23,-12,-23,-11,-22,-13,-23,-13,-24,-14,-24,-15,-26,-13,-26,-12,-25,-10,-24,-8,-21]"
CSI_DATA,134094,d8:b1:90:d9:de:f0,-64,11,-99,-38,66,56,1984517699,100,0,114,0,"[30,-8,33,-7,37,-6,38,-4,39,-3,38,-1,37,2,34,2,33,3,32,4,31,4,30,5,28,5,29,6,29,7,29,7,31,7,31,8,31,8,30,8,30,9,30,9,29,9,28,8,28,9,28,10,28,9,28,9,0,0,27,8,27,9,29,11,29,11,29,14,29,14,29,15,28,16,29,16,28,15,26,15,25,17,25,16,23,16,21,16,22,16,20,15,22,15,20,16,19,18,20,19,19,20,17,21,17,23,17,23,14,22,10,21,8,20]"
CSI_DATA,134095,d8:b1:90:d9:de:f0,-64,11,-99,-38,66,56,1984528213,100,0,114,0,"[29,-9,32,-8,34,-8,37,-7,37,-6,37,-6,35,-4,32,-4,31,-4,31,-3,29,-4,29,-3,30,-3,29,-4,30,-3,30,-4,29,-4,31,-4,30,-4,30,-6,30,-6,31,-6,30,-6,29,-7,28,-7,27,-8,27,-8,27,-8,0,0,28,-9,28,-9,28,-10,30,-13,30,-13,31,-13,31,-14,31,-13,31,-14,30,-14,29,-13,28,-13,27,-11,25,-11,25,-11,23,-10,22,-10,23,-10,25,-11,25,-11,26,-13,25,-11,25,-10,27,-10,27,-8,26,-7,22,-5,20,-4]"
CSI_DATA,134096,d8:b1:90:d9:de:f0,-64,11,-99,-39,66,56,1984538876,100,0,114,0,"[-30,-7,-33,-8,-35,-10,-37,-11,-37,-10,-37,-10,-34,-11,-33,-11,-32,-7,-31,-6,-30,-6,-29,-5,-30,-5,-30,-4,-31,-3,-31,-3,-31,-1,-32,0,-31,0,-32,1,-32,2,-31,4,-31,5,-30,7,-29,6,-26,7,-28,7,-28,11,0,0,-26,12,-26,14,-26,15,-28,17,-28,17,-29,20,-28,21,-28,21,-28,22,-25,22,-24,22,-23,21,-21,20,-19,21,-17,20,-16,20,-15,21,-16,21,-15,22,-15,23,-16,24,-15,24,-15,24,-16,23,-17,23,-16,22,-14,19,-12,16]"
CSI_DATA,134097,d8:b1:90:d9:de:f0,-63,11,-99,-39,66,56,1984558862,100,0,114,0,"[-20,-24,-20,-28,-20,-31,-20,-33,-20,-33,-17,-33,-15,-33,-14,-32,-14,-31,-12,-30,-12,-28,-10,-29,-10,-28,-11,-29,-10,-29,-11,-29,-12,-29,-12,-29,-11,-29,-11,-30,-13,-32,-14,-31,-13,-31,-13,-29,-12,-28,-12,-28,-12,-28,-13,-26,0,0,-13,-28,-14,-28,-13,-29,-14,-29,-15,-31,-15,-32,-15,-31,-16,-32,-14,-32,-13,-31,-12,-31,-12,-31,-12,-29,-11,-28,-11,-26,-11,-25,-8,-24,-10,-25,-11,-25,-10,-25,-10,-25,-11,-26,-10,-29,-6,-31,-5,-29,-4,-28,-1,-26,0,-23]"
CSI_DATA,134098,d8:b1:90:d9:de:f0,-63,11,-99,-40,66,56,1984573271,100,0,114,0,"[-25,21,-28,21,-31,23,-32,21,-32,21,-33,19,-32,18,-32,17,-30,18,-28,16,-27,15,-26,13,-27,15,-26,16,-27,16,-26,16,-27,18,-28,18,-28,18,-27,17,-28,19,-27,20,-26,18,-25,19,-25,20,-24,19,-24,20,-23,21,0,0,-23,20,-21,23,-23,24,-24,25,-25,26,-25,27,-24,27,-25,27,-24,26,-25,26,-23,26,-21,25,-20,24,-19,23,-18,21,-18,20,-17,20,-18,21,-18,20,-19,21,-19,23,-19,23,-19,23,-20,21,-21,20,-21,18,-19,17,-19,13]"
CSI_DATA,134099,d8:b1:90:d9:de:f0,-63,11,-99,-40,66,56,1984587660,100,0,114,0,"[-27,16,-31,17,-33,18,-34,17,-36,18,-34,16,-34,16,-33,15,-31,16,-30,15,-27,15,-28,15,-27,15,-26,15,-26,15,-26,16,-27,18,-28,17,-27,18,-27,19,-25,20,-25,20,-24,23,-21,20,-21,20,-21,21,-20,20,-20,24,0,0,-19,24,-18,26,-18,26,-18,28,-17,28,-18,31,-18,31,-17,31,-18,31,-17,32,-16,30,-13,28,-13,27,-11,26,-10,25,-10,24,-10,25,-9,24,-9,26,-10,26,-9,26,-9,27,-9,28,-12,30,-12,27,-12,25,-11,24,-10,20]"
CSI_DATA,134100,d8:b1:90:d9:de:f0,-63,11,-99,-39,66,56,1984598561,100,0,114,0,"[19,25,17,30,19,32,16,35,16,37,15,35,12,35,10,34,10,32,7,32,6,30,6,30,5,30,5,30,6,30,4,31,4,32,3,32,4,33,2,32,4,33,4,32,3,32,4,31,3,30,4,30,3,29,3,30,0,0,3,30,3,31,2,32,2,33,2,34,1,34,1,35,0,38,0,35,-1,34,-1,33,-1,32,-2,31,-3,30,-2,28,-2,25,-3,25,-3,26,-3,25,-5,26,-6,28,-8,29,-7,29,-11,31,-11,28,-13,24,-13,24,-12,19]"
CSI_DATA,134101,d8:b1:90:d9:de:f0,-64,11,-99,-39,66,56,1984618029,100,0,114,0,"[23,-20,26,-22,30,-22,31,-21,31,-21,31,-21,31,-17,30,-17,28,-16,28,-16,25,-16,25,-14,26,-15,24,-15,25,-15,24,-16,25,-19,26,-19,26,-20,25,-20,24,-21,24,-22,23,-21,21,-23,22,-22,21,-21,21,-21,19,-23,0,0,20,-22,17,-24,17,-24,20,-28,19,-28,20,-29,19,-30,19,-30,17,-29,19,-30,17,-28,15,-28,14,-26,15,-24,14,-24,13,-24,12,-24,12,-23,12,-24,13,-25,14,-25,13,-25,12,-26,14,-25,16,-24,16,-22,15,-21,14,-17]"
CSI_DATA,134102,d8:b1:90:d9:de:f0,-63,11,-99,-39,66,56,1984628786,100,0,114,0,"[-15,28,-19,29,-20,29,-22,28,-24,30,-25,28,-28,25,-26,22,-25,22,-25,20,-23,17,-24,16,-25,16,-26,17,-25,15,-26,14,-25,16,-28,16,-28,15,-30,15,-28,15,-28,16,-28,15,-26,14,-28,14,-26,13,-26,12,-26,13,0,0,-26,13,-28,13,-29,12,-31,13,-31,14,-33,13,-33,13,-33,13,-32,12,-34,11,-32,10,-31,8,-30,7,-28,6,-28,6,-26,4,-26,4,-26,4,-29,4,-29,3,-30,3,-29,2,-30,1,-32,-2,-30,-5,-28,-5,-26,-5,-22,-6]"
CSI_DATA,134103,d8:b1:90:d9:de:f0,-64,11,-99,-39,66,56,1984648021,100,0,114,0,"[-14,-28,-13,-32,-13,-34,-12,-35,-13,-38,-11,-35,-11,-35,-10,-32,-10,-31,-10,-32,-10,-30,-8,-31,-8,-28,-10,-29,-8,-31,-10,-30,-12,-29,-12,-31,-13,-30,-13,-30,-14,-29,-15,-29,-15,-28,-15,-28,-15,-26,-15,-25,-16,-25,-15,-24,0,0,-20,-23,-20,-24,-21,-24,-23,-24,-23,-25,-23,-25,-25,-25,-25,-26,-24,-24,-25,-24,-24,-24,-23,-23,-23,-22,-22,-20,-22,-17,-20,-17,-21,-17,-21,-15,-22,-16,-21,-16,-22,-16,-22,-19,-23,-19,-23,-22,-22,-20,-20,-20,-17,-20,-14,-16]"
CSI_DATA,134104,d8:b1:90:d9:de:f0,-63,11,-99,-39,66,56,1984658039,100,0,114,0,"[13,-29,15,-31,19,-33,21,-32,21,-32,22,-31,22,-28,22,-28,22,-26,22,-25,21,-23,22,-22,21,-22,21,-22,21,-22,22,-23,22,-23,22,-24,23,-23,22,-24,21,-25,21,-24,21,-23,20,-24,20,-23,19,-22,19,-22,20,-23,0,0,19,-24,20,-24,20,-25,20,-26,21,-28,22,-28,21,-28,23,-28,23,-28,23,-28,22,-25,21,-26,20,-23,20,-23,19,-21,19,-20,17,-20,19,-20,19,-21,20,-20,21,-19,22,-21,21,-20,24,-19,25,-16,25,-15,23,-14,21,-12]"
CSI_DATA,134105,d8:b1:90:d9:de:f0,-63,11,-99,-40,66,56,1984668111,100,0,114,0,"[-32,-1,-35,-2,-38,-3,-39,-4,-41,-3,-39,-3,-38,-4,-35,-3,-34,-1,-34,-2,-33,0,-33,-1,-32,-1,-32,2,-31,2,-32,2,-33,4,-35,5,-33,5,-33,8,-33,8,-30,11,-30,11,-28,13,-31,13,-28,13,-27,16,-26,15,0,0,-27,17,-25,19,-24,20,-26,23,-24,24,-24,24,-24,26,-25,27,-24,28,-24,28,-20,27,-19,26,-18,26,-17,26,-16,25,-13,25,-12,24,-12,25,-11,25,-12,26,-13,27,-12,27,-12,27,-13,28,-15,30,-13,27,-11,25,-10,20]"
CSI_DATA,134106,d8:b1:90:d9:de:f0,-64,9,-99,-38,66,56,1984683053,98,0,106,0,"[86,16,27,16,5,16,33,16,-25,15,51,16,-3,15,64,16,15,16,87,16,41,16,114,16,59,16,130,16,71,16,-133,16,98,16,-118,16,-137,16,-105,16,-76,16,-71,16,-6,16,-2,16,31,0,79,0,0,0,0,0,6,0,-29,0,-37,16,43,1,-97,16,58,1,-116,16,35,1,-100,16,-10,0,-50,16,-61,0,4,0,-81,0,39,0,-77,0,31,0,-63,0,-6,16,-55,0,-62,16,-97,0,-103,16,97,0,-101,16]"
CSI_DATA,134107,d8:b1:90:d9:de:f0,-63,11,-99,-41,66,56,1984697652,100,0,114,0,"[-28,-16,-29,-20,-30,-23,-30,-26,-30,-28,-29,-28,-26,-28,-23,-28,-22,-26,-20,-27,-19,-26,-19,-28,-17,-26,-16,-26,-16,-26,-15,-27,-17,-28,-19,-28,-17,-29,-17,-29,-17,-30,-17,-30,-16,-30,-16,-29,-15,-28,-16,-28,-15,-27,-15,-27,0,0,-15,-27,-15,-28,-16,-28,-16,-29,-16,-30,-15,-33,-16,-33,-14,-34,-14,-33,-14,-33,-13,-32,-11,-30,-9,-29,-9,-28,-10,-27,-9,-26,-8,-26,-8,-26,-8,-27,-7,-27,-7,-28,-5,-29,-3,-30,-3,-32,-2,-30,0,-28,2,-27,2,-22]"
CSI_DATA,134108,d8:b1:90:d9:de:f0,-63,11,-99,-39,66,56,1984707667,100,0,114,0,"[-4,-32,-5,-34,-4,-37,-2,-38,-3,-38,-2,-39,-1,-34,-1,-35,-1,-34,-1,-32,-2,-32,-1,-31,-2,-29,-3,-29,-4,-31,-5,-30,-6,-32,-7,-32,-8,-33,-8,-32,-11,-33,-10,-32,-11,-30,-12,-29,-12,-28,-13,-28,-13,-26,-15,-25,0,0,-17,-26,-17,-25,-19,-26,-21,-25,-23,-26,-22,-29,-23,-26,-23,-28,-22,-25,-22,-25,-24,-24,-23,-23,-23,-21,-22,-20,-22,-17,-22,-17,-21,-15,-22,-15,-22,-16,-21,-16,-22,-17,-23,-17,-24,-19,-25,-19,-23,-16,-22,-17,-20,-17,-17,-15]"
CSI_DATA,134109,d8:b1:90:d9:de:f0,-63,11,-99,-39,66,56,1984718455,100,0,114,0,"[-31,-6,-33,-8,-34,-10,-34,-12,-35,-15,-32,-16,-32,-17,-29,-16,-30,-16,-29,-16,-25,-16,-25,-17,-24,-16,-24,-16,-24,-17,-24,-17,-25,-17,-28,-20,-26,-20,-28,-20,-26,-19,-29,-19,-25,-19,-25,-17,-24,-16,-23,-17,-23,-17,-24,-17,0,0,-25,-15,-25,-17,-25,-17,-28,-19,-26,-20,-26,-21,-26,-21,-28,-22,-26,-21,-26,-21,-26,-21,-24,-21,-23,-21,-22,-19,-22,-20,-20,-19,-19,-20,-19,-19,-20,-19,-20,-20,-20,-20,-19,-23,-17,-24,-19,-25,-17,-25,-15,-24,-12,-24,-8,-21]"
CSI_DATA,134110,d8:b1:90:d9:de:f0,-64,11,-99,-39,66,56,1984770327,100,0,114,0,"[31,6,34,7,38,10,38,10,38,10,35,8,35,8,32,8,32,7,31,7,31,7,29,6,30,5,31,3,30,2,31,2,32,1,33,1,33,0,32,-1,31,-4,31,-4,31,-5,30,-6,31,-7,28,-8,29,-10,29,-11,0,0,28,-14,29,-14,28,-15,29,-17,28,-17,30,-19,29,-21,29,-21,28,-22,26,-22,24,-23,22,-22,21,-22,20,-21,19,-21,17,-21,16,-21,16,-22,16,-22,16,-22,16,-24,17,-24,16,-24,17,-24,19,-25,19,-23,16,-21,14,-17]"
CSI_DATA,134111,d8:b1:90:d9:de:f0,-64,9,-99,-34,65,56,1984785682,98,0,106,0,"[-40,0,-71,0,35,1,-90,0,65,1,-124,0,46,1,-137,0,9,1,125,0,-13,0,100,0,-32,0,80,0,-49,0,74,0,-77,0,67,0,-130,0,68,0,75,0,49,0,0,0,13,0,-66,16,-51,16,0,0,0,0,-111,16,64,16,-110,16,-10,15,-74,16,-56,15,-52,16,-49,15,-45,16,-3,15,-65,16,54,16,-94,16,92,16,-118,16,109,16,-123,16,92,16,-91,16,82,16,-28,16,91,16,42,0,-137,16,97,0]"
CSI_DATA,134112,d8:b1:90:d9:de:f0,-63,11,-99,-40,66,56,1984798789,100,0,114,0,"[-2,-31,-1,-34,1,-38,3,-39,3,-39,4,-39,5,-35,5,-35,5,-33,6,-32,6,-31,5,-30,5,-30,5,-31,4,-32,4,-31,4,-32,5,-32,4,-34,5,-33,4,-34,2,-34,3,-33,2,-33,1,-33,0,-33,-1,-32,-1,-32,0,0,0,-32,-1,-31,-2,-33,-2,-34,-2,-36,-2,-36,-3,-38,-2,-38,-2,-36,-3,-34,-3,-34,-3,-34,-3,-31,-3,-31,-1,-27,-3,-28,-2,-27,-2,-27,-2,-26,-2,-26,-2,-28,-1,-30,-2,-30,-1,-31,0,-30,2,-27,3,-25,4,-21]"
CSI_DATA,134113,d8:b1:90:d9:de:f0,-64,11,-99,-41,67,56,1984810948,100,0,114,0,"[-16,-24,-16,-27,-18,-29,-15,-31,-16,-32,-15,-32,-12,-31,-12,-30,-11,-28,-10,-27,-9,-26,-9,-26,-9,-27,-10,-26,-10,-26,-10,-28,-10,-28,-11,-28,-11,-29,-11,-28,-12,-28,-12,-29,-12,-28,-13,-27,-13,-26,-13,-26,-13,-26,-13,-25,0,0,-14,-25,-14,-25,-15,-27,-16,-27,-16,-28,-15,-28,-16,-28,-15,-30,-18,-28,-16,-28,-15,-27,-15,-28,-15,-26,-14,-25,-13,-22,-13,-22,-12,-21,-13,-21,-14,-22,-13,-23,-13,-24,-14,-25,-13,-25,-12,-25,-10,-24,-10,-23,-7,-22,-5,-21]"
CSI_DATA,134114,d8:b1:90:d9:de:f0,-64,11,-99,-41,67,56,1984823532,100,0,114,0,"[7,29,6,32,4,34,3,36,2,36,1,34,0,33,-1,32,-1,30,-3,30,-3,28,-4,29,-4,28,-4,27,-4,27,-4,29,-4,30,-5,30,-4,31,-5,31,-3,31,-3,31,-4,30,-2,29,-5,29,-4,29,-5,29,-4,28,0,0,-4,26,-3,29,-3,30,-4,31,-3,32,-5,33,-5,34,-5,33,-5,33,-6,31,-6,30,-6,29,-6,28,-6,27,-5,25,-7,26,-6,25,-6,24,-6,24,-7,24,-8,25,-8,26,-10,25,-10,26,-12,23,-12,22,-12,20,-13,18]"
CSI_DATA,134115,d8:b1:90:d9:de:f0,-63,11,-99,-39,66,56,1984834821,100,0,114,0,"[10,31,11,32,8,37,7,39,8,37,7,38,4,37,4,34,4,31,2,33,3,31,3,31,3,29,3,30,3,30,3,31,4,33,5,33,5,34,4,33,7,32,7,32,6,32,8,31,7,31,7,31,8,31,8,28,0,0,8,30,11,29,12,30,12,32,14,33,12,32,13,33,13,34,14,33,13,32,13,31,13,31,11,30,11,28,11,25,11,25,10,24,11,24,11,24,10,25,11,26,11,28,11,28,8,28,8,28,6,26,5,24,4,23]"
CSI_DATA,134116,d8:b1:90:d9:de:f0,-63,11,-99,-35,65,56,1984847633,100,0,114,0,"[25,-19,29,-20,31,-20,33,-17,34,-17,35,-15,34,-13,33,-12,31,-11,31,-8,29,-8,29,-7,29,-8,30,-7,29,-7,29,-6,29,-7,31,-6,32,-7,33,-7,32,-7,31,-7,31,-7,31,-8,31,-7,30,-6,29,-7,29,-7,0,0,30,-8,31,-8,31,-8,32,-8,32,-8,33,-8,34,-8,34,-7,35,-7,35,-7,33,-7,31,-6,30,-5,29,-5,28,-4,28,-4,26,-4,26,-4,28,-4,29,-3,29,-2,29,-1,29,0,31,1,30,2,28,4,25,4,23,5]"
CSI_DATA,134117,d8:b1:90:d9:de:f0,-63,11,-99,-41,66,56,1984857802,100,0,114,0,"[24,-20,28,-22,32,-22,33,-22,34,-22,34,-23,32,-20,32,-19,28,-19,28,-17,26,-17,26,-17,26,-19,24,-20,24,-20,24,-21,26,-23,24,-23,24,-24,22,-23,22,-27,21,-27,21,-27,19,-28,19,-27,15,-28,15,-27,15,-26,0,0,13,-30,11,-30,11,-33,10,-32,9,-33,10,-34,8,-34,9,-36,9,-35,8,-34,5,-34,5,-34,4,-32,4,-32,2,-28,2,-28,1,-27,0,-27,0,-27,1,-28,1,-29,0,-30,0,-29,0,-30,2,-30,2,-28,2,-26,2,-24]"
CSI_DATA,134118,d8:b1:90:d9:de:f0,-63,11,-99,-38,65,56,1984868220,100,0,114,0,"[-33,4,-36,4,-39,3,-40,1,-41,0,-40,-1,-39,-3,-36,-4,-35,-3,-34,-3,-33,-3,-33,-4,-33,-4,-31,-3,-31,-4,-31,-4,-34,-4,-34,-3,-35,-6,-35,-4,-35,-4,-35,-3,-34,-3,-33,-2,-34,-2,-31,-2,-30,-2,-31,-1,0,0,-33,0,-33,0,-34,-1,-35,-1,-35,0,-36,-1,-36,0,-37,-1,-37,-1,-36,1,-36,0,-33,0,-33,0,-30,0,-30,0,-30,-2,-26,-1,-29,0,-29,-1,-30,-1,-33,-1,-33,-2,-31,-4,-31,-4,-33,-6,-30,-7,-26,-7,-23,-7]"
CSI_DATA,134119,d8:b1:90:d9:de:f0,-63,11,-99,-40,66,56,1984881620,100,0,114,0,"[23,25,23,27,24,28,24,31,26,32,24,31,21,32,21,28,21,26,23,25,20,24,21,24,21,23,23,23,21,24,21,23,26,21,26,21,27,21,27,19,28,19,30,18,28,17,28,15,30,13,28,13,28,11,27,9,0,0,31,6,30,8,31,5,35,5,35,4,35,4,35,2,36,3,35,2,36,0,35,-1,33,0,32,-1,30,-2,28,-3,27,-3,26,-3,27,-5,27,-5,28,-6,30,-6,30,-6,31,-5,31,-5,31,-6,28,-5,26,-3,24,-2]"
CSI_DATA,134120,d8:b1:90:d9:de:f0,-63,11,-99,-40,66,56,1984897792,100,0,114,0,"[21,24,24,26,23,28,23,31,24,34,23,33,21,33,19,32,18,30,17,28,16,27,16,28,16,25,17,26,16,26,17,26,18,27,18,27,19,27,20,27,20,28,21,27,20,26,20,25,21,26,20,23,21,24,21,24,0,0,23,23,24,21,24,23,27,24,27,24,27,25,28,26,27,26,27,24,27,23,27,20,26,23,25,19,24,19,24,18,21,18,23,17,23,16,23,17,23,18,24,18,23,21,24,20,24,21,24,20,20,20,18,20,15,18]"
CSI_DATA,134121,d8:b1:90:d9:de:f0,-63,11,-99,-39,66,56,1984907815,100,0,114,0,"[-29,12,-31,13,-33,12,-34,8,-38,8,-38,6,-37,3,-34,4,-33,4,-32,3,-30,2,-29,1,-31,1,-30,1,-29,1,-29,0,-31,0,-32,0,-33,-1,-32,0,-33,0,-33,0,-32,0,-31,1,-31,0,-30,0,-30,0,-30,0,0,0,-31,0,-30,0,-31,0,-34,-1,-34,-1,-35,0,-35,0,-34,-1,-33,-1,-35,-2,-33,-3,-31,-3,-29,-3,-28,-3,-29,-3,-28,-5,-26,-4,-28,-4,-28,-4,-28,-5,-29,-5,-28,-5,-28,-8,-29,-11,-29,-11,-25,-12,-24,-11,-20,-12]"
CSI_DATA,134122,d8:b1:90:d9:de:f0,-63,11,-99,-39,66,56,1984919596,100,0,114,0,"[29,-14,32,-13,34,-12,34,-11,37,-10,35,-10,35,-6,34,-5,33,-6,31,-5,30,-5,30,-3,31,-3,30,-3,30,-3,31,-2,31,-3,32,-3,32,-3,33,-3,33,-4,33,-4,32,-4,31,-4,31,-4,31,-3,29,-3,30,-4,0,0,30,-3,29,-4,32,-5,33,-5,34,-5,34,-4,33,-5,34,-4,34,-5,34,-4,34,-3,31,-2,29,-2,28,-3,29,-2,29,-1,26,-2,28,-2,28,-2,29,-1,30,0,30,0,30,1,30,3,30,4,26,5,25,5,22,6]"
CSI_DATA,134123,d8:b1:90:d9:de:f0,-63,11,-99,-39,66,56,1984937588,100,0,114,0,"[-14,-28,-14,-31,-13,-33,-13,-35,-11,-37,-8,-38,-7,-34,-6,-34,-6,-32,-5,-30,-4,-29,-4,-30,-3,-29,-3,-29,-4,-30,-3,-30,-4,-31,-2,-31,-3,-33,-4,-32,-5,-32,-4,-33,-4,-31,-5,-31,-3,-30,-4,-30,-3,-30,-4,-29,0,0,-4,-29,-4,-30,-5,-31,-6,-32,-6,-34,-5,-34,-5,-34,-6,-35,-5,-34,-4,-33,-4,-33,-3,-31,-3,-30,-3,-30,-3,-28,-2,-28,-3,-26,-1,-25,-3,-26,-2,-28,-2,-29,-1,-30,0,-31,2,-31,1,-29,2,-26,5,-25,5,-22]"
CSI_DATA,134124,d8:b1:90:d9:de:f0,-64,11,-99,-39,66,56,1984947788,100,0,114,0,"[31,0,33,0,35,0,38,2,37,2,37,2,34,3,34,2,33,2,32,2,30,1,29,2,30,0,30,-1,30,-1,30,-3,31,-3,32,-4,32,-4,32,-5,31,-7,31,-8,30,-8,29,-11,29,-10,28,-11,26,-13,28,-13,0,0,28,-15,25,-17,24,-19,26,-19,25,-21,26,-21,25,-22,26,-24,25,-24,25,-24,23,-24,20,-23,20,-22,17,-22,17,-21,16,-21,15,-22,14,-22,15,-23,15,-24,16,-24,15,-24,14,-24,15,-25,16,-24,16,-23,13,-21,13,-17]"
CSI_DATA,134125,d8:b1:90:d9:de:f0,-64,9,-99,-39,66,56,1984961634,1068,0,106,0,"[35,16,-135,0,42,16,-30,0,77,16,14,1,109,16,14,1,-138,16,0,1,-98,16,-19,0,-70,16,-28,0,-39,16,-34,0,-23,16,-54,0,-20,16,-97,0,-24,16,107,0,-6,16,19,0,38,0,-75,16,0,0,0,0,-125,0,93,16,-59,0,62,16,-17,0,60,16,-22,0,79,16,-87,0,100,16,121,0,112,16,44,0,95,16,0,0,77,16,-5,16,53,16,23,0,50,16,67,0,78,16,103,0,-127,16,125,0]"
CSI_DATA,134126,d8:b1:90:d9:de:f0,-63,11,-99,-36,65,56,1984981681,100,0,114,0,"[-1,-31,0,-34,2,-38,3,-39,4,-40,5,-38,4,-36,6,-34,6,-33,5,-33,6,-33,4,-31,4,-30,4,-31,3,-32,4,-33,3,-34,3,-33,2,-34,2,-34,0,-33,0,-33,0,-32,-1,-33,-2,-32,-2,-30,-4,-31,-4,-31,0,0,-4,-31,-5,-32,-6,-33,-8,-33,-8,-33,-8,-34,-9,-35,-10,-35,-9,-35,-9,-34,-10,-33,-10,-33,-11,-31,-11,-31,-9,-27,-9,-26,-10,-25,-9,-24,-9,-25,-9,-26,-9,-27,-10,-28,-10,-28,-10,-28,-9,-28,-8,-28,-4,-26,-4,-21]"
CSI_DATA,134127,d8:b1:90:d9:de:f0,-63,11,-99,-41,66,56,1984997671,100,0,114,0,"[-1,-33,0,-36,2,-39,4,-40,4,-40,7,-40,8,-38,9,-35,8,-34,10,-33,8,-30,10,-30,10,-29,10,-29,9,-29,10,-30,10,-33,10,-32,10,-34,11,-33,9,-33,9,-33,9,-32,8,-32,9,-32,8,-30,9,-29,8,-29,0,0,8,-32,8,-32,8,-33,8,-33,8,-34,9,-34,9,-35,9,-36,9,-35,10,-35,10,-34,9,-33,9,-30,9,-29,8,-29,8,-28,9,-27,9,-27,9,-27,10,-28,11,-28,13,-30,13,-30,15,-28,15,-27,16,-23,15,-22,14,-19]"
CSI_DATA,134128,d8:b1:90:d9:de:f0,-63,11,-99,-40,66,56,1985008142,100,0,114,0,"[33,-2,35,-1,40,-1,39,0,40,0,39,2,38,2,35,2,34,1,34,0,32,0,31,-1,32,-1,31,-1,31,-1,31,-3,33,-3,34,-3,33,-4,34,-6,33,-8,32,-9,32,-9,31,-10,31,-11,28,-12,28,-12,28,-15,0,0,28,-16,27,-17,27,-17,30,-20,28,-21,30,-21,28,-23,27,-24,27,-24,27,-24,27,-23,24,-23,23,-21,20,-21,20,-20,19,-20,18,-20,17,-20,17,-21,18,-24,18,-24,18,-25,18,-24,20,-24,20,-24,20,-20,17,-19,18,-17]"
CSI_DATA,134129,d8:b1:90:d9:de:f0,-63,11,-99,-41,66,56,1985027784,100,0,114,0,"[21,27,21,29,20,33,19,35,19,35,17,35,14,34,13,34,11,32,11,30,9,29,9,29,9,29,9,30,8,30,9,30,10,32,9,32,8,34,9,32,10,33,10,33,9,30,10,32,9,32,9,30,10,29,9,30,0,0,13,29,11,32,10,32,11,33,13,34,13,35,13,35,11,36,11,35,11,34,10,34,10,34,9,33,8,30,8,28,8,28,7,26,7,26,7,27,7,28,7,29,5,30,5,33,3,33,2,29,0,28,-1,27,-3,24]"
CSI_DATA,134130,d8:b1:90:d9:de:f0,-64,11,-99,-39,66,56,1985037949,100,0,114,0,"[29,-13,31,-14,34,-13,34,-13,35,-13,33,-13,33,-12,31,-11,31,-13,31,-11,28,-11,29,-13,29,-12,26,-14,28,-14,26,-15,26,-16,28,-17,25,-17,25,-19,24,-20,23,-22,23,-21,22,-22,22,-23,20,-23,19,-23,19,-24,0,0,17,-24,16,-26,14,-28,16,-30,14,-30,14,-31,13,-32,13,-33,12,-33,12,-33,10,-32,8,-31,7,-30,6,-28,6,-26,5,-25,4,-28,4,-25,4,-26,4,-29,5,-29,3,-30,1,-30,2,-31,4,-30,4,-26,4,-25,4,-23]"
CSI_DATA,134131,d8:b1:90:d9:de:f0,-63,11,-99,-39,66,56,1985057621,100,0,114,0,"[-8,30,-11,33,-14,33,-15,33,-17,34,-17,32,-19,30,-19,29,-17,29,-17,26,-17,25,-19,24,-17,24,-16,23,-16,24,-17,23,-17,26,-20,26,-20,26,-19,28,-16,26,-17,26,-16,26,-16,25,-17,28,-16,25,-15,25,-15,25,0,0,-14,26,-15,28,-15,26,-16,30,-16,30,-17,31,-16,31,-17,32,-16,29,-17,30,-17,29,-16,28,-14,25,-14,23,-15,23,-15,23,-15,23,-15,23,-15,24,-16,24,-16,25,-17,25,-19,26,-19,23,-20,21,-19,19,-19,19,-17,14]"
CSI_DATA,134132,d8:b1:90:d9:de:f0,-64,11,-99,-39,66,56,1985067819,100,0,114,0,"[-29,-11,-31,-12,-33,-13,-33,-13,-37,-14,-33,-12,-33,-15,-31,-13,-31,-11,-30,-11,-29,-8,-30,-11,-29,-8,-29,-7,-28,-6,-29,-6,-30,-5,-34,-5,-32,-3,-34,-4,-31,-2,-31,1,-30,0,-29,4,-32,2,-30,4,-31,5,-31,6,0,0,-29,7,-29,11,-28,12,-32,13,-30,13,-32,14,-30,17,-31,16,-30,19,-31,19,-28,17,-25,17,-25,17,-23,15,-22,19,-20,17,-21,19,-20,19,-20,20,-21,21,-22,21,-20,22,-21,22,-20,22,-21,20,-19,19,-17,19,-15,15]"
CSI_DATA,134133,d8:b1:90:d9:de:f0,-63,11,-99,-40,66,56,1985087666,100,0,114,0,"[-26,-17,-28,-19,-28,-23,-28,-25,-28,-26,-27,-27,-25,-27,-23,-26,-23,-25,-20,-24,-19,-23,-19,-24,-18,-24,-18,-24,-18,-24,-18,-25,-20,-25,-20,-25,-20,-25,-20,-25,-20,-25,-21,-25,-21,-25,-20,-24,-21,-24,-20,-24,-20,-21,-20,-21,0,0,-23,-23,-21,-21,-21,-23,-24,-24,-25,-25,-25,-25,-26,-25,-25,-26,-25,-26,-24,-25,-23,-25,-21,-25,-20,-24,-20,-21,-20,-20,-19,-20,-18,-20,-18,-20,-19,-20,-19,-21,-20,-23,-19,-24,-18,-25,-17,-26,-18,-26,-15,-25,-11,-24,-9,-21]"
CSI_DATA,134134,d8:b1:90:d9:de:f0,-63,11,-99,-41,66,56,1985107680,100,0,114,0,"[22,23,23,27,24,29,23,32,23,33,23,33,20,32,20,32,20,29,17,29,17,26,17,27,17,26,17,26,19,26,19,26,21,27,21,26,22,26,22,24,23,27,24,24,24,24,24,21,26,22,24,22,24,20,24,17,0,0,27,17,26,16,27,17,30,17,32,19,32,19,33,17,33,17,32,15,33,14,32,14,30,14,30,13,28,13,27,9,28,10,26,9,27,9,28,9,28,9,30,9,29,10,29,11,30,11,29,10,27,11,23,13,20,10]"
CSI_DATA,134135,d8:b1:90:d9:de:f0,-63,11,-99,-40,66,56,1985117687,100,0,114,0,"[1,-31,3,-34,4,-35,6,-36,6,-39,8,-38,9,-35,10,-34,9,-31,10,-31,10,-27,10,-27,10,-28,10,-28,10,-28,10,-28,10,-31,10,-31,10,-32,10,-31,10,-32,9,-32,9,-31,8,-30,9,-30,8,-30,8,-28,8,-28,0,0,5,-30,8,-31,6,-32,6,-32,6,-33,8,-35,6,-34,8,-35,8,-34,9,-34,9,-33,6,-32,6,-30,5,-28,6,-27,6,-27,5,-26,6,-26,6,-27,8,-27,8,-27,9,-30,8,-30,11,-30,12,-26,12,-24,12,-23,13,-20]"
CSI_DATA,134136,d8:b1:90:d9:de:f0,-63,11,-99,-36,65,56,1985127695,100,0,114,0,"[-28,16,-32,15,-35,13,-38,11,-40,11,-39,9,-38,6,-36,5,-33,3,-32,2,-32,2,-31,0,-31,0,-31,-1,-31,-1,-32,-2,-33,-2,-34,-3,-33,-3,-33,-3,-34,-4,-33,-3,-33,-4,-32,-3,-32,-4,-31,-4,-31,-4,-31,-4,0,0,-32,-5,-31,-5,-32,-5,-33,-6,-32,-9,-33,-8,-33,-9,-34,-10,-34,-10,-33,-11,-32,-10,-30,-11,-28,-12,-27,-11,-27,-11,-26,-11,-24,-11,-25,-12,-24,-13,-25,-12,-25,-15,-25,-17,-23,-17,-24,-20,-23,-21,-20,-21,-17,-19,-13,-19]"
CSI_DATA,134137,d8:b1:90:d9:de:f0,-63,11,-99,-40,66,56,1985137850,100,0,114,0,"[0,-32,1,-35,2,-38,4,-38,4,-40,5,-39,6,-38,6,-35,5,-34,5,-34,5,-31,5,-31,5,-32,5,-32,3,-32,4,-31,3,-32,3,-33,2,-33,3,-34,1,-35,1,-35,-1,-34,-2,-32,-1,-33,-2,-32,-3,-32,-3,-31,0,0,-4,-30,-6,-31,-6,-31,-9,-34,-9,-35,-9,-36,-10,-36,-10,-36,-11,-34,-10,-35,-10,-34,-10,-32,-10,-30,-10,-28,-10,-27,-10,-27,-10,-27,-11,-26,-11,-26,-11,-26,-11,-27,-12,-28,-12,-28,-10,-30,-9,-27,-8,-27,-6,-27,-4,-23]"
CSI_DATA,134138,d8:b1:90:d9:de:f0,-63,11,-99,-41,66,56,1985157646,100,0,114,0,"[-32,-10,-33,-13,-34,-16,-33,-19,-34,-22,-33,-22,-29,-23,-27,-22,-26,-22,-23,-22,-22,-21,-21,-23,-21,-23,-21,-23,-21,-24,-20,-24,-21,-24,-21,-27,-21,-26,-21,-27,-21,-28,-21,-28,-20,-27,-20,-26,-19,-26,-19,-27,-17,-24,-17,-24,0,0,-19,-27,-17,-27,-17,-27,-20,-30,-19,-32,-17,-33,-19,-33,-17,-33,-17,-32,-15,-32,-14,-32,-11,-30,-11,-29,-11,-28,-11,-28,-10,-27,-9,-27,-8,-26,-8,-27,-8,-28,-8,-29,-7,-30,-4,-30,-3,-32,-3,-30,-1,-28,1,-27,3,-22]"
CSI_DATA,134139,d8:b1:90:d9:de:f0,-63,11,-99,-41,66,56,1985167890,100,0,114,0,"[9,-30,13,-34,14,-35,14,-34,16,-36,16,-35,16,-33,17,-32,15,-30,15,-30,14,-26,14,-28,14,-29,13,-28,14,-29,13,-29,11,-29,13,-32,13,-33,11,-30,11,-34,9,-34,10,-33,7,-32,8,-32,5,-30,5,-30,5,-32,0,0,2,-30,3,-32,2,-33,2,-36,1,-36,0,-38,0,-36,0,-38,1,-35,0,-35,-1,-34,-1,-34,-2,-32,-2,-30,-1,-29,-2,-28,-2,-28,-2,-27,-2,-28,-3,-28,-2,-29,-3,-30,-3,-32,-2,-32,-1,-29,-1,-27,1,-28,1,-23]"
CSI_DATA,134140,d8:b1:90:d9:de:f0,-63,11,-99,-40,66,56,1985184389,277,0,106,0,"[-6,0,-142,0,72,1,110,0,98,1,88,0,70,1,80,0,41,1,73,0,-2,0,70,0,-12,0,60,0,-33,0,53,0,-63,0,49,0,-110,0,56,0,103,0,51,0,21,0,5,0,-48,17,-72,17,0,0,0,0,-66,17,33,17,-24,17,-49,16,28,0,-68,16,65,0,-53,16,61,0,-2,16,13,0,71,17,-35,17,94,17,-64,17,93,17,-58,17,62,17,-18,17,43,17,47,0,77,17,105,0,-124,17,120,0]"
CSI_DATA,134141,d8:b1:90:d9:de:f0,-64,11,-99,-39,66,56,1985199061,100,0,114,0,"[-25,17,-28,17,-31,17,-34,16,-33,14,-34,12,-33,10,-33,10,-30,10,-30,8,-29,8,-28,7,-29,6,-30,6,-28,6,-29,6,-31,6,-31,6,-32,6,-32,6,-32,6,-32,7,-31,6,-30,8,-30,6,-28,6,-29,7,-29,7,0,0,-29,8,-30,7,-31,7,-32,7,-31,8,-33,8,-33,8,-34,8,-34,7,-33,7,-33,6,-31,6,-30,5,-28,6,-28,5,-26,3,-25,3,-26,4,-25,3,-29,4,-30,4,-30,3,-30,2,-30,0,-30,-2,-29,-2,-24,-2,-21,-4]"
CSI_DATA,134142,d8:b1:90:d9:de:f0,-63,11,-99,-39,66,56,1985217846,100,0,114,0,"[26,14,30,16,31,19,31,19,33,20,30,19,31,21,28,17,29,16,26,15,26,13,28,13,28,13,29,12,28,11,29,10,30,8,32,8,31,7,33,5,32,5,32,3,32,3,32,1,34,0,31,-1,30,-2,30,-4,0,0,32,-7,30,-6,29,-7,32,-10,30,-11,32,-13,32,-14,32,-15,31,-17,31,-17,30,-17,26,-17,26,-17,23,-16,23,-17,23,-16,21,-17,21,-19,20,-20,21,-21,21,-22,20,-23,21,-23,22,-22,22,-22,20,-20,19,-19,16,-15]"
CSI_DATA,134143,d8:b1:90:d9:de:f0,-63,11,-99,-39,66,56,1985227830,100,0,114,0,"[-3,-31,-2,-34,-1,-38,0,-38,0,-38,1,-39,2,-35,2,-34,2,-33,2,-31,1,-30,2,-30,1,-30,0,-31,0,-30,0,-32,-1,-32,-2,-31,-3,-34,-3,-31,-4,-34,-4,-34,-5,-32,-6,-31,-6,-31,-7,-30,-8,-29,-8,-28,0,0,-12,-29,-12,-29,-13,-30,-15,-31,-15,-32,-14,-33,-15,-33,-15,-32,-16,-31,-16,-30,-17,-30,-16,-30,-17,-28,-16,-26,-15,-24,-15,-24,-15,-22,-15,-21,-16,-21,-15,-22,-16,-22,-17,-24,-17,-25,-17,-25,-16,-24,-15,-23,-12,-23,-10,-21]"
CSI_DATA,134144,d8:b1:90:d9:de:f0,-63,11,-99,-36,65,56,1985247642,100,0,114,0,"[8,30,6,32,5,36,4,36,2,40,0,39,-1,38,-3,35,-2,32,-3,31,-4,31,-4,30,-5,30,-6,30,-6,30,-6,30,-6,31,-9,32,-8,32,-8,32,-8,32,-8,33,-9,32,-8,32,-9,31,-9,30,-8,28,-9,30,0,0,-8,30,-9,30,-10,31,-10,32,-10,32,-11,33,-11,32,-12,33,-13,32,-13,32,-13,31,-13,30,-12,27,-12,26,-13,25,-15,24,-13,24,-13,24,-13,23,-16,23,-16,23,-18,25,-18,25,-19,23,-21,20,-20,19,-20,17,-18,12]"
CSI_DATA,134145,d8:b1:90:d9:de:f0,-64,11,-99,-39,66,56,1985257794,100,0,114,0,"[-28,10,-31,10,-34,10,-37,10,-39,8,-38,8,-35,7,-34,6,-32,6,-31,6,-30,6,-28,6,-29,7,-29,7,-29,6,-29,7,-31,10,-31,10,-31,12,-31,12,-30,14,-29,14,-29,14,-28,15,-28,15,-25,15,-25,16,-25,17,0,0,-26,19,-24,20,-25,21,-24,21,-23,23,-24,23,-24,24,-24,24,-24,24,-24,25,-22,24,-22,23,-21,23,-19,22,-19,21,-19,22,-16,22,-16,22,-16,24,-15,22,-17,24,-16,24,-16,24,-17,23,-20,23,-19,22,-16,20,-15,15]"
CSI_DATA,134146,d8:b1:90:d9:de:f0,-63,11,-99,-35,65,56,1985267856,100,0,114,0,"[-29,8,-33,8,-37,6,-38,5,-38,4,-38,3,-35,1,-34,1,-32,1,-31,0,-31,0,-30,-1,-30,-1,-30,-1,-29,-1,-31,-2,-32,-1,-32,-1,-33,-1,-32,0,-33,0,-32,1,-31,0,-30,1,-31,1,-30,0,-30,2,-30,3,0,0,-32,2,-30,3,-32,4,-33,3,-34,4,-34,3,-35,3,-34,3,-35,3,-34,2,-33,3,-32,2,-30,2,-29,2,-29,3,-28,2,-28,2,-28,3,-29,3,-29,2,-29,2,-29,2,-29,0,-30,-1,-30,-2,-29,-3,-24,-5,-21,-5]"
CSI_DATA,134147,d8:b1:90:d9:de:f0,-63,11,-99,-41,66,56,1985288690,100,0,114,0,"[22,-24,26,-24,28,-26,30,-24,33,-26,30,-22,33,-21,32,-19,29,-20,29,-17,28,-17,28,-17,29,-16,28,-16,27,-15,27,-16,27,-17,29,-19,28,-17,29,-19,27,-20,28,-20,27,-20,26,-20,27,-21,26,-19,24,-19,24,-20,0,0,23,-21,23,-22,24,-22,27,-23,26,-23,27,-26,27,-26,27,-26,27,-26,28,-26,26,-24,23,-23,23,-22,21,-21,21,-21,21,-19,21,-20,21,-20,20,-20,22,-21,23,-21,23,-21,23,-21,26,-20,26,-19,24,-16,23,-15,21,-11]"
CSI_DATA,134148,d8:b1:90:d9:de:f0,-63,11,-99,-40,66,56,1985307670,100,0,114,0,"[33,2,35,4,36,6,38,9,39,11,38,11,35,13,33,15,33,13,30,16,28,15,28,16,27,15,27,17,26,18,26,17,28,18,28,18,28,19,28,18,28,20,30,19,27,20,27,18,26,19,26,18,25,19,26,18,0,0,25,17,26,19,27,20,30,20,28,24,28,24,28,24,30,24,27,23,26,24,26,24,24,24,23,23,23,21,20,20,20,20,19,20,19,21,19,20,18,20,18,23,17,25,16,26,17,28,15,26,12,26,9,25,6,20]"
CSI_DATA,134149,d8:b1:90:d9:de:f0,-64,11,-99,-39,66,56,1985317713,100,0,114,0,"[-24,-19,-26,-21,-28,-22,-28,-24,-28,-26,-26,-25,-25,-25,-23,-23,-24,-23,-24,-22,-22,-21,-22,-21,-22,-20,-23,-19,-23,-20,-23,-19,-24,-17,-26,-19,-25,-19,-28,-17,-28,-16,-29,-17,-29,-15,-28,-13,-29,-13,-26,-12,-28,-11,-28,-10,0,0,-30,-7,-30,-8,-30,-7,-33,-6,-33,-6,-34,-6,-34,-4,-35,-4,-34,-3,-35,-3,-33,-1,-31,-2,-30,-1,-29,0,-29,1,-28,0,-28,1,-26,2,-29,2,-28,2,-29,3,-28,2,-29,2,-31,1,-30,2,-28,1,-26,-1,-22,-1]"
CSI_DATA,134150,d8:b1:90:d9:de:f0,-63,11,-99,-40,66,56,1985328225,100,0,114,0,"[-20,23,-24,24,-27,25,-28,24,-31,23,-30,20,-30,19,-28,17,-27,18,-28,17,-27,15,-27,13,-27,13,-27,13,-27,13,-30,13,-28,15,-31,13,-30,13,-28,15,-28,15,-30,16,-28,16,-27,15,-28,15,-27,15,-27,13,-27,15,0,0,-27,16,-28,16,-27,15,-30,17,-31,16,-31,18,-31,17,-32,18,-32,16,-32,17,-30,15,-30,13,-28,13,-27,13,-27,11,-25,11,-25,11,-25,11,-25,12,-27,12,-28,11,-28,10,-28,10,-31,8,-31,5,-30,5,-27,3,-24,2]"
CSI_DATA,134151,d8:b1:90:d9:de:f0,-63,11,-99,-41,66,56,1985347746,100,0,114,0,"[-23,22,-27,23,-30,23,-32,24,-33,23,-33,22,-32,21,-30,22,-29,20,-28,17,-27,17,-26,19,-24,19,-24,20,-23,21,-24,21,-24,22,-26,22,-24,24,-23,26,-22,26,-22,26,-21,24,-19,26,-19,27,-16,28,-17,28,-15,28,0,0,-14,28,-14,29,-13,30,-13,32,-11,34,-13,35,-11,35,-11,35,-10,36,-10,35,-8,34,-8,34,-7,32,-5,30,-5,28,-4,28,-4,28,-3,27,-3,29,-3,29,-3,29,-2,32,-1,32,-3,32,-5,30,-5,29,-5,27,-4,23]"
CSI_DATA,134152,d8:b1:90:d9:de:f0,-63,11,-99,-40,66,56,1985358052,100,0,114,0,"[2,32,0,35,-1,38,-3,39,-5,40,-6,40,-8,39,-8,36,-8,34,-9,32,-8,31,-9,31,-8,30,-8,30,-8,30,-9,31,-8,32,-9,32,-9,32,-10,33,-9,33,-8,33,-6,32,-6,32,-8,33,-5,32,-6,31,-5,30,0,0,-5,31,-5,32,-5,33,-5,34,-5,34,-5,36,-5,36,-6,36,-5,36,-6,35,-5,35,-6,33,-5,31,-4,31,-5,30,-4,27,-4,27,-5,26,-4,27,-6,28,-6,27,-6,30,-8,31,-9,30,-11,27,-11,25,-12,23,-11,21]"
CSI_DATA,134153,d8:b1:90:d9:de:f0,-63,11,-99,-39,66,56,1985368348,100,0,114,0,"[3,-31,5,-33,5,-35,7,-35,6,-38,6,-37,7,-35,6,-33,5,-33,5,-31,4,-30,5,-31,3,-30,3,-31,3,-30,1,-30,1,-32,-1,-33,-3,-32,-3,-32,-4,-33,-5,-33,-5,-31,-7,-30,-7,-31,-8,-30,-8,-28,-10,-28,0,0,-13,-26,-15,-28,-16,-28,-17,-29,-20,-28,-20,-30,-21,-29,-22,-29,-22,-26,-22,-26,-22,-25,-21,-24,-21,-23,-21,-21,-22,-19,-22,-17,-23,-17,-21,-15,-22,-15,-23,-17,-25,-16,-25,-17,-26,-19,-24,-17,-23,-16,-22,-16,-21,-16,-17,-14]"
CSI_DATA,134154,d8:b1:90:d9:de:f0,-63,11,-99,-39,66,56,1985393285,100,0,114,0,"[30,-7,33,-7,35,-6,38,-6,39,-5,38,-5,37,-2,35,-3,32,-3,32,-2,30,-3,30,-2,31,-3,30,-3,30,-3,31,-3,31,-5,33,-4,32,-5,32,-6,32,-7,32,-7,31,-7,30,-10,31,-8,30,-11,30,-10,30,-11,0,0,28,-12,30,-14,29,-15,31,-15,30,-15,31,-17,31,-17,31,-17,31,-17,31,-19,30,-17,28,-17,26,-16,25,-16,24,-16,23,-15,23,-15,23,-16,23,-16,24,-16,25,-17,24,-19,25,-17,26,-16,26,-16,25,-13,23,-13,20,-10]"
CSI_DATA,134155,d8:b1:90:d9:de:f0,-63,11,-99,-37,65,56,1985407679,100,0,114,0,"[32,9,35,10,36,11,36,11,39,13,36,13,35,14,34,14,33,11,32,10,29,9,29,10,30,10,30,8,30,8,32,9,32,7,34,7,34,5,34,4,34,4,36,2,34,1,33,-1,34,-1,32,0,32,-2,32,-3,0,0,30,-7,32,-8,33,-8,35,-9,34,-9,35,-11,35,-13,34,-13,33,-15,34,-14,32,-15,29,-13,27,-13,26,-14,26,-15,24,-14,24,-15,24,-15,24,-16,24,-17,24,-17,26,-19,26,-19,28,-17,27,-17,24,-16,23,-14,20,-11]"
CSI_DATA,134156,d8:b1:90:d9:de:f0,-64,11,-99,-37,66,56,1985417678,100,0,114,0,"[-26,13,-29,12,-32,12,-33,11,-34,10,-32,10,-33,8,-32,7,-30,8,-28,7,-27,7,-27,6,-28,7,-28,7,-27,6,-27,6,-27,7,-30,7,-29,9,-30,8,-29,8,-30,10,-28,9,-26,10,-28,10,-27,10,-27,10,-26,12,0,0,-26,13,-26,12,-26,14,-29,15,-28,14,-29,16,-29,16,-29,16,-28,16,-29,16,-27,16,-26,14,-24,14,-23,14,-23,13,-22,13,-21,13,-22,13,-22,13,-24,14,-25,14,-25,15,-25,13,-27,14,-27,12,-25,11,-24,10,-20,7]"
CSI_DATA,134157,d8:b1:90:d9:de:f0,-63,11,-99,-40,66,56,1985427748,100,0,114,0,"[25,-20,27,-21,31,-21,33,-20,35,-18,34,-17,35,-15,34,-13,33,-12,32,-10,32,-10,31,-9,30,-9,31,-8,30,-6,30,-6,32,-8,33,-6,34,-8,34,-8,34,-8,34,-6,32,-6,32,-6,33,-6,31,-6,32,-6,31,-6,0,0,32,-5,32,-6,32,-6,35,-6,33,-5,34,-5,35,-4,35,-5,36,-4,35,-3,34,-4,32,-2,31,-3,30,-2,30,-1,28,-1,28,-1,27,-1,28,0,27,1,30,1,30,2,30,3,31,4,31,6,28,8,25,9,20,9]"
CSI_DATA,134158,d8:b1:90:d9:de:f0,-63,11,-99,-40,66,56,1985447638,100,0,114,0,"[23,-21,26,-21,28,-23,30,-21,32,-23,31,-21,31,-19,30,-18,28,-18,30,-17,27,-17,27,-15,26,-17,27,-17,26,-16,26,-16,26,-17,28,-17,27,-19,27,-19,26,-20,26,-20,25,-20,24,-20,25,-19,23,-20,23,-18,23,-20,0,0,21,-23,21,-23,21,-24,23,-26,23,-26,24,-27,23,-27,24,-27,23,-26,24,-27,21,-27,21,-25,20,-24,19,-24,18,-24,17,-23,16,-23,17,-21,18,-23,18,-23,19,-23,19,-24,19,-24,20,-24,23,-23,21,-20,19,-19,18,-15]"
CSI_DATA,134159,d8:b1:90:d9:de:f0,-64,11,-99,-38,66,56,1985457653,100,0,114,0,"[29,0,31,2,33,4,35,6,35,8,34,8,32,10,31,9,31,9,29,11,28,10,27,11,27,11,27,11,27,14,27,14,28,15,28,14,29,15,28,14,29,15,28,13,28,15,27,14,26,13,26,13,26,11,27,11,0,0,28,11,27,13,27,13,30,14,30,15,30,16,31,16,30,16,30,16,29,16,29,16,27,17,25,16,25,15,23,15,22,15,21,15,22,14,22,14,23,16,22,17,22,18,21,19,22,20,21,21,18,21,16,20,13,18]"
CSI_DATA,134160,d8:b1:90:d9:de:f0,-64,11,-99,-39,66,56,1985467676,100,0,114,0,"[-25,-16,-28,-19,-28,-21,-29,-22,-30,-23,-29,-22,-28,-23,-25,-22,-26,-20,-25,-19,-24,-17,-24,-19,-25,-16,-25,-16,-24,-15,-26,-15,-29,-14,-30,-14,-30,-14,-30,-12,-30,-12,-30,-12,-29,-11,-29,-7,-30,-7,-30,-6,-30,-5,-31,-3,0,0,-31,-3,-31,0,-31,1,-34,1,-34,1,-34,2,-35,4,-35,3,-35,5,-34,5,-33,6,-32,6,-30,6,-28,8,-28,8,-28,7,-26,8,-25,10,-26,10,-26,10,-28,11,-26,12,-26,11,-28,11,-29,11,-26,8,-23,8,-21,6]"
CSI_DATA,134161,d8:b1:90:d9:de:f0,-63,11,-99,-40,66,56,1985478036,100,0,114,0,"[-16,-27,-16,-32,-15,-34,-13,-36,-12,-36,-11,-38,-10,-35,-9,-34,-9,-33,-9,-32,-8,-31,-6,-31,-6,-31,-6,-30,-8,-31,-8,-31,-8,-32,-8,-33,-8,-34,-8,-32,-9,-32,-9,-32,-10,-31,-10,-31,-10,-30,-9,-31,-11,-30,-11,-30,0,0,-12,-28,-12,-30,-13,-31,-13,-31,-15,-33,-16,-34,-16,-33,-16,-34,-16,-32,-16,-32,-13,-32,-15,-31,-12,-30,-12,-28,-12,-26,-11,-27,-11,-26,-12,-25,-11,-25,-12,-26,-13,-26,-12,-28,-11,-30,-10,-31,-9,-27,-6,-28,-4,-25,-3,-24]"
CSI_DATA,134162,d8:b1:90:d9:de:f0,-63,11,-99,-41,66,56,1985499013,100,0,114,0,"[-30,10,-34,10,-36,8,-38,7,-40,7,-39,4,-39,3,-36,2,-34,3,-33,2,-32,2,-32,1,-32,2,-32,1,-30,1,-32,1,-32,3,-34,2,-34,2,-33,2,-33,2,-34,3,-33,3,-32,4,-32,4,-32,4,-32,4,-30,5,0,0,-32,5,-30,7,-32,7,-35,8,-33,8,-35,8,-35,8,-35,8,-35,9,-35,9,-34,8,-32,7,-30,7,-28,7,-28,7,-27,7,-27,7,-27,8,-28,8,-29,8,-29,8,-29,7,-29,7,-30,5,-30,3,-28,2,-26,1,-21,0]"
CSI_DATA,134163,d8:b1:90:d9:de:f0,-63,11,-99,-40,66,56,1985518039,100,0,114,0,"[-33,-2,-35,-2,-38,-5,-38,-8,-40,-9,-38,-11,-36,-13,-34,-13,-32,-12,-30,-13,-28,-13,-27,-16,-27,-15,-27,-16,-27,-17,-26,-17,-27,-17,-30,-18,-28,-19,-30,-18,-28,-20,-30,-19,-27,-19,-27,-17,-26,-18,-25,-19,-26,-18,-26,-17,0,0,-24,-18,-26,-17,-26,-18,-28,-20,-27,-21,-28,-23,-27,-23,-28,-25,-27,-23,-27,-24,-25,-24,-23,-24,-21,-23,-20,-20,-21,-20,-19,-19,-19,-20,-18,-19,-19,-20,-18,-20,-19,-23,-17,-24,-16,-26,-16,-26,-16,-26,-12,-25,-9,-24,-5,-21]"
CSI_DATA,134164,d8:b1:90:d9:de:f0,-64,11,-99,-39,66,56,1985537658,100,0,114,0,"[2,-30,3,-33,5,-35,6,-35,7,-38,10,-37,10,-33,10,-33,10,-31,8,-31,8,-30,8,-29,8,-29,7,-29,7,-30,6,-30,7,-30,6,-30,7,-31,6,-31,6,-33,5,-32,4,-33,3,-32,3,-31,2,-30,1,-31,1,-30,0,0,0,-30,-1,-30,0,-32,-1,-32,-2,-34,-2,-35,-3,-35,-3,-35,-3,-34,-3,-33,-3,-32,-4,-32,-3,-31,-4,-29,-3,-28,-3,-26,-4,-25,-4,-24,-4,-25,-4,-28,-4,-28,-5,-29,-4,-30,-4,-31,-2,-29,-1,-28,0,-26,1,-23]"
CSI_DATA,134165,d8:b1:90:d9:de:f0,-63,11,-99,-37,65,56,1985547787,100,0,114,0,"[-20,-26,-20,-29,-19,-33,-19,-35,-17,-36,-15,-38,-14,-36,-10,-35,-10,-33,-9,-32,-7,-30,-7,-32,-8,-32,-7,-30,-5,-30,-5,-32,-8,-33,-7,-33,-7,-34,-5,-33,-8,-35,-7,-33,-8,-33,-7,-33,-7,-32,-7,-32,-5,-33,-7,-29,0,0,-7,-33,-7,-32,-5,-34,-8,-34,-8,-35,-7,-35,-7,-38,-5,-38,-5,-35,-5,-36,-3,-34,-4,-35,-3,-32,-3,-32,-3,-29,-1,-28,-2,-28,-1,-26,-2,-27,0,-29,-1,-30,0,-33,1,-33,3,-33,4,-30,5,-29,7,-28,8,-23]"
CSI_DATA,134166,d8:b1:90:d9:de:f0,-63,11,-99,-39,66,56,1985568254,100,0,114,0,"[31,-3,34,-2,37,-1,37,1,38,2,38,3,34,5,34,5,33,4,32,6,32,5,31,6,30,5,30,5,29,6,30,5,32,6,33,5,34,5,34,5,33,5,33,4,31,5,31,4,32,4,31,4,31,3,31,2,0,0,32,1,31,1,32,1,33,1,35,1,35,1,35,2,37,2,37,1,35,1,35,1,31,2,30,2,30,1,29,1,30,1,29,1,29,1,29,1,29,2,30,3,30,3,29,5,31,4,30,6,28,5,25,6,21,6]"
CSI_DATA,134167,d8:b1:90:d9:de:f0,-63,11,-99,-40,66,56,1985587654,100,0,114,0,"[26,-18,28,-19,32,-19,33,-20,33,-18,32,-18,31,-17,30,-17,27,-17,27,-17,25,-16,24,-17,25,-18,24,-18,24,-18,24,-19,24,-21,24,-21,24,-23,23,-24,21,-26,20,-26,18,-26,18,-26,17,-26,15,-26,13,-26,12,-27,0,0,11,-30,10,-30,9,-31,9,-34,8,-36,6,-36,6,-38,5,-36,5,-36,4,-36,3,-35,2,-33,0,-32,0,-31,0,-28,0,-27,-2,-27,-2,-27,-3,-27,-3,-30,-4,-31,-4,-31,-5,-32,-5,-31,-4,-31,-3,-30,-3,-27,-2,-24]"
CSI_DATA,134168,d8:b1:90:d9:de:f0,-63,11,-99,-40,66,56,1985597666,100,0,114,0,"[2,-31,3,-34,4,-36,5,-38,8,-38,9,-38,9,-35,9,-34,8,-32,8,-31,6,-28,8,-28,8,-30,6,-30,6,-30,6,-31,5,-32,5,-32,5,-32,4,-31,3,-33,3,-33,2,-32,1,-32,1,-32,1,-32,0,-31,-1,-31,0,0,-2,-31,-3,-32,-2,-33,-3,-33,-3,-36,-5,-36,-4,-36,-5,-36,-5,-34,-6,-34,-6,-34,-5,-33,-6,-31,-6,-30,-6,-27,-6,-28,-5,-26,-6,-26,-8,-27,-5,-27,-6,-28,-6,-30,-6,-31,-8,-32,-5,-30,-4,-28,-2,-26,-1,-23]"
CSI_DATA,134169,d8:b1:90:d9:de:f0,-63,11,-99,-39,66,56,1985617681,100,0,114,0,"[-8,29,-11,32,-11,34,-13,34,-13,37,-13,34,-13,33,-14,31,-11,30,-12,30,-10,29,-10,29,-8,29,-7,29,-6,30,-6,30,-5,32,-4,33,-3,32,-3,33,-2,33,-1,33,0,33,2,32,2,32,4,31,5,30,6,30,0,0,8,30,11,30,12,30,14,31,14,33,14,33,17,33,17,32,19,30,17,31,19,28,17,28,19,26,19,24,17,23,19,20,19,20,19,20,19,20,21,20,22,20,23,21,24,21,22,21,21,19,20,19,19,19,16,15]"
CSI_DATA,134170,d8:b1:90:d9:de:f0,-63,11,-99,-40,66,56,1985627917,100,0,114,0,"[32,-3,35,-3,39,-2,40,-1,40,0,39,0,36,3,35,3,33,2,33,3,32,2,31,2,32,2,32,2,32,3,32,2,34,2,34,1,35,1,34,0,34,0,33,-1,33,0,32,-1,33,-2,32,-2,32,-4,32,-4,0,0,33,-4,32,-6,32,-6,35,-8,35,-8,36,-6,35,-8,35,-8,36,-9,34,-9,34,-9,32,-6,31,-8,30,-8,28,-8,27,-8,26,-8,27,-9,27,-8,30,-9,31,-9,30,-9,31,-9,31,-6,32,-5,30,-4,25,-3,23,-2]"
CSI_DATA,134171,d8:b1:90:d9:de:f0,-63,11,-99,-40,66,56,1985647636,100,0,114,0,"[-2,-31,-1,-34,-1,-36,0,-38,0,-40,1,-38,1,-36,1,-34,-1,-33,0,-32,-2,-31,-2,-31,-2,-32,-4,-31,-4,-31,-5,-31,-6,-32,-6,-33,-9,-33,-10,-31,-12,-32,-15,-31,-13,-31,-15,-28,-16,-26,-15,-26,-16,-26,-18,-23,0,0,-21,-23,-21,-23,-23,-24,-26,-21,-26,-23,-27,-24,-28,-23,-28,-21,-30,-19,-30,-18,-28,-18,-28,-18,-27,-16,-26,-13,-26,-12,-24,-11,-25,-10,-25,-9,-25,-8,-28,-9,-27,-8,-30,-8,-31,-9,-30,-8,-28,-8,-27,-8,-25,-9,-21,-8]"
CSI_DATA,134172,d8:b1:90:d9:de:f0,-64,11,-99,-39,66,56,1985657736,100,0,114,0,"[-30,8,-33,8,-35,7,-38,6,-37,6,-37,6,-35,4,-34,3,-32,4,-31,3,-30,3,-28,3,-29,3,-30,3,-29,4,-30,4,-31,4,-32,5,-33,6,-33,7,-31,7,-32,8,-30,8,-29,10,-29,10,-28,10,-26,10,-28,12,0,0,-29,12,-28,14,-29,14,-29,14,-29,16,-30,16,-30,17,-30,17,-30,17,-30,17,-28,16,-28,16,-25,16,-23,16,-22,15,-22,14,-20,15,-22,16,-22,16,-23,17,-24,17,-23,17,-24,16,-25,16,-26,15,-25,14,-22,13,-19,10]"
CSI_DATA,134173,d8:b1:90:d9:de:f0,-64,9,-99,-38,66,56,1985674721,98,0,106,0,"[18,1,42,0,77,1,-18,16,89,1,-52,16,66,1,-50,16,33,1,-47,16,3,1,-49,16,-26,0,-52,16,-39,0,-58,16,-62,0,-32,16,-103,0,-10,16,101,0,11,0,17,0,23,0,-82,16,-1,16,0,0,0,0,78,16,137,16,56,16,53,16,78,16,1,16,105,16,3,16,127,16,32,16,-139,16,106,16,117,16,-129,16,99,16,-118,16,104,16,-135,16,122,16,115,16,-88,16,98,16,5,0,119,16,90,0]"
CSI_DATA,134174,d8:b1:90:d9:de:f0,-63,11,-99,-41,66,56,1985687653,100,0,114,0,"[16,28,16,30,16,34,16,36,14,38,13,36,11,36,11,34,11,30,10,32,10,29,9,29,10,29,10,29,10,32,13,32,13,30,13,30,15,30,15,30,15,30,16,30,17,29,19,28,17,28,17,27,19,26,20,26,0,0,22,26,21,24,22,24,24,26,24,27,24,27,27,27,28,27,27,26,27,24,26,23,26,24,24,22,24,20,23,17,23,19,23,17,22,16,23,16,23,16,24,17,24,19,24,20,24,20,24,20,21,19,19,20,16,16]"
CSI_DATA,134175,d8:b1:90:d9:de:f0,-63,11,-99,-40,66,56,1985702570,100,0,114,0,"[5,33,4,35,3,39,2,39,3,41,3,39,1,38,0,35,1,34,0,34,0,33,0,32,2,31,2,33,2,33,2,33,3,33,4,35,5,34,5,34,6,33,8,34,8,33,9,32,9,32,10,31,10,30,11,30,0,0,12,30,12,30,15,30,17,31,17,31,17,33,18,32,18,33,19,32,18,31,19,30,18,30,18,27,17,26,17,24,17,21,18,23,16,19,17,21,17,23,18,24,18,24,20,25,18,24,17,24,17,21,15,21,11,19]"
CSI_DATA,134176,d8:b1:90:d9:de:f0,-64,11,-99,-39,66,56,1985718405,100,0,114,0,"[-17,24,-20,26,-22,29,-25,28,-25,26,-25,25,-25,23,-26,22,-24,23,-25,20,-23,19,-23,19,-23,19,-23,19,-23,19,-23,19,-25,21,-24,20,-25,21,-24,21,-25,22,-23,22,-23,21,-22,22,-21,21,-21,21,-20,21,-20,22,0,0,-21,23,-20,23,-20,24,-21,24,-21,25,-23,25,-22,25,-22,26,-23,26,-23,26,-21,25,-20,24,-20,23,-19,23,-17,20,-17,20,-16,20,-17,20,-17,19,-20,21,-20,21,-20,22,-20,22,-21,21,-22,19,-21,16,-20,15,-17,12]"
CSI_DATA,134177,d8:b1:90:d9:de:f0,-63,11,-99,-40,66,56,1985730229,100,0,114,0,"[-1,-32,0,-35,0,-39,3,-39,3,-40,5,-39,5,-35,6,-35,6,-35,8,-33,5,-32,6,-31,6,-32,6,-30,6,-31,5,-32,5,-33,5,-34,5,-35,4,-34,4,-34,3,-35,3,-33,2,-33,3,-32,1,-32,2,-31,0,-31,0,0,0,-32,-1,-32,-1,-33,-1,-35,-2,-35,-2,-36,-2,-36,-2,-36,-2,-35,-2,-35,-2,-34,-2,-33,-1,-32,-2,-30,-3,-28,-2,-28,-2,-27,-2,-26,-2,-27,-2,-27,-2,-28,-3,-30,-2,-31,-2,-30,1,-28,1,-27,3,-27,2,-23]"
CSI_DATA,134178,d8:b1:90:d9:de:f0,-63,9,-99,-36,65,56,1985746046,98,0,106,0,"[-28,0,-117,0,61,1,123,0,90,1,61,0,61,1,33,0,30,1,-2,17,-8,0,-25,17,-26,0,-55,17,-47,0,-78,17,-77,0,-72,17,-125,0,-62,17,103,0,-25,17,23,0,5,0,-76,17,15,0,0,0,0,0,49,17,-25,17,-26,16,-56,17,-41,16,-81,17,-39,16,-81,17,-2,16,-54,17,50,17,-2,17,90,17,62,0,98,17,98,0,93,17,98,0,79,17,83,0,93,17,41,0,-146,17,-32,17,-72,17]"
CSI_DATA,134179,d8:b1:90:d9:de:f0,-63,11,-99,-39,66,56,1985757643,100,0,114,0,"[5,-31,6,-33,8,-34,10,-35,11,-34,13,-33,13,-32,13,-31,14,-30,13,-29,13,-28,12,-26,13,-28,14,-28,13,-28,13,-28,13,-29,15,-28,15,-29,14,-30,13,-30,13,-30,12,-30,12,-29,12,-30,12,-30,12,-29,10,-28,0,0,12,-28,11,-28,11,-30,11,-31,11,-32,12,-33,11,-33,11,-33,11,-32,11,-32,11,-31,10,-31,10,-29,10,-29,10,-25,10,-24,8,-24,10,-24,10,-24,10,-24,12,-25,11,-26,11,-28,13,-26,15,-24,14,-22,14,-20,14,-19]"
CSI_DATA,134180,d8:b1:90:d9:de:f0,-63,11,-99,-40,66,56,1985767721,100,0,114,0,"[-23,-21,-24,-25,-24,-27,-21,-32,-21,-32,-19,-33,-16,-32,-13,-32,-12,-31,-10,-30,-10,-28,-8,-27,-9,-30,-8,-28,-8,-30,-8,-30,-8,-32,-5,-32,-6,-33,-5,-32,-5,-35,-5,-35,-3,-33,-4,-32,-3,-31,-4,-33,-4,-31,-4,-31,0,0,-2,-32,-2,-32,-2,-34,-2,-33,-1,-36,0,-38,0,-36,1,-38,2,-35,2,-35,3,-35,3,-34,3,-33,5,-31,4,-28,5,-28,5,-27,6,-27,6,-27,9,-27,9,-27,11,-30,11,-28,13,-30,15,-26,16,-25,17,-21,16,-18]"
CSI_DATA,134181,d8:b1:90:d9:de:f0,-63,11,-99,-40,66,56,1985777859,100,0,114,0,"[9,31,9,33,8,35,5,36,6,38,5,38,4,35,3,35,4,32,3,32,4,28,3,31,4,30,3,30,4,31,4,30,5,32,6,33,6,33,8,33,9,34,10,33,9,32,11,31,10,31,11,30,10,30,12,30,0,0,13,27,15,30,16,28,17,30,18,31,18,32,19,31,19,32,19,31,19,30,18,30,18,30,18,27,18,25,18,25,17,23,16,23,18,21,18,21,18,23,19,24,19,24,19,26,19,27,17,24,16,25,13,24,11,21]"
CSI_DATA,134182,d8:b1:90:d9:de:f0,-64,11,-99,-41,67,56,1985788277,100,0,114,0,"[6,-27,9,-30,11,-32,12,-31,13,-31,14,-31,15,-29,18,-27,15,-26,15,-24,15,-23,15,-22,18,-23,16,-23,18,-22,18,-22,19,-23,20,-24,20,-23,21,-24,21,-24,20,-24,19,-23,18,-23,20,-23,18,-22,19,-21,19,-22,0,0,20,-21,18,-22,20,-23,21,-23,22,-23,23,-24,22,-24,23,-25,23,-23,25,-22,24,-21,23,-20,22,-19,21,-18,21,-15,21,-16,20,-15,22,-15,21,-15,24,-15,23,-15,25,-15,25,-15,25,-12,25,-11,24,-9,22,-7,22,-5]"
CSI_DATA,134183,d8:b1:90:d9:de:f0,-64,11,-99,-40,67,56,1985801389,100,0,114,0,"[18,-22,20,-23,22,-25,23,-25,24,-26,23,-24,24,-23,23,-22,20,-21,19,-20,19,-20,19,-20,19,-21,19,-20,18,-23,18,-23,17,-24,19,-24,17,-24,17,-25,15,-25,14,-27,14,-26,12,-27,12,-27,11,-25,11,-26,10,-26,0,0,7,-28,7,-28,6,-28,6,-30,5,-30,5,-32,5,-31,4,-33,4,-32,4,-32,2,-31,2,-30,1,-28,0,-27,0,-26,-1,-25,-1,-25,-1,-24,-1,-25,-1,-27,-2,-26,-3,-29,-3,-29,-1,-27,-1,-26,-1,-25,0,-24,2,-20]"
CSI_DATA,134184,d8:b1:90:d9:de:f0,-63,11,-99,-39,66,56,1985817692,100,0,114,0,"[-31,-3,-34,-5,-37,-7,-38,-10,-35,-8,-34,-11,-34,-12,-31,-12,-31,-11,-29,-13,-28,-12,-26,-12,-28,-12,-28,-12,-28,-13,-29,-13,-30,-12,-31,-12,-31,-13,-30,-13,-29,-13,-30,-12,-28,-12,-29,-12,-29,-11,-28,-10,-28,-10,-28,-11,0,0,-30,-8,-30,-8,-31,-10,-33,-8,-33,-10,-33,-10,-34,-11,-33,-11,-34,-11,-33,-10,-32,-10,-31,-10,-29,-8,-28,-8,-28,-6,-26,-7,-26,-7,-26,-7,-25,-8,-25,-8,-26,-8,-26,-10,-26,-11,-28,-13,-29,-12,-25,-13,-22,-13,-19,-12]"
CSI_DATA,134185,d8:b1:90:d9:de:f0,-64,11,-99,-39,66,56,1985838113,100,0,114,0,"[5,-30,7,-31,10,-34,11,-34,13,-34,13,-33,14,-31,14,-29,12,-29,12,-28,12,-25,12,-26,11,-25,11,-26,10,-28,11,-28,11,-29,12,-30,11,-29,12,-29,8,-29,8,-31,7,-30,7,-30,7,-30,6,-29,5,-30,5,-29,0,0,2,-29,3,-32,3,-32,2,-33,1,-34,1,-35,1,-35,1,-37,1,-34,1,-34,1,-34,1,-32,0,-30,0,-30,0,-28,0,-28,-2,-26,-1,-25,-1,-26,-2,-29,-2,-29,-1,-30,-1,-31,0,-30,2,-30,2,-26,3,-26,3,-22]"
CSI_DATA,134186,d8:b1:90:d9:de:f0,-63,11,-99,-40,66,56,1985857614,100,0,114,0,"[-10,-31,-8,-34,-5,-38,-4,-39,-3,-41,-2,-39,1,-38,3,-36,3,-35,3,-33,3,-33,5,-32,6,-32,6,-31,5,-31,8,-31,6,-32,9,-33,9,-33,9,-34,9,-34,9,-34,9,-32,8,-32,10,-31,10,-30,10,-30,10,-30,0,0,9,-30,10,-31,9,-32,11,-33,12,-34,12,-34,12,-34,15,-35,15,-34,15,-33,15,-32,15,-31,16,-27,15,-27,15,-25,15,-24,15,-24,16,-21,15,-23,17,-23,17,-24,19,-24,20,-24,21,-23,23,-20,21,-18,23,-17,20,-12]"
CSI_DATA,134187,d8:b1:90:d9:de:f0,-64,11,-99,-39,66,56,1985867999,100,0,114,0,"[30,7,33,10,34,11,35,12,37,13,35,13,34,15,32,14,30,11,28,12,28,11,26,12,28,12,26,12,28,12,29,12,29,11,31,11,31,10,31,10,30,8,31,7,30,7,30,5,30,5,29,6,29,5,29,4,0,0,29,2,30,2,31,1,34,1,34,1,35,0,35,-1,34,0,34,-1,34,-2,33,-1,31,-1,30,-1,28,-2,28,-3,28,-2,28,-3,28,-4,28,-4,28,-4,29,-4,29,-4,29,-3,31,-2,31,-2,30,-1,25,0,23,1]"
CSI_DATA,134188,d8:b1:90:d9:de:f0,-64,11,-99,-39,66,56,1985888089,100,0,114,0,"[26,-14,30,-14,32,-14,33,-15,34,-15,33,-14,33,-13,31,-12,29,-13,29,-13,26,-12,26,-13,25,-13,25,-14,25,-15,25,-16,25,-17,26,-19,25,-20,24,-21,23,-22,22,-23,22,-23,20,-24,20,-23,17,-23,19,-25,16,-24,0,0,13,-26,13,-28,13,-29,12,-31,10,-31,11,-33,10,-33,10,-34,7,-33,8,-34,6,-33,4,-32,3,-30,2,-29,2,-29,2,-28,0,-26,0,-25,0,-26,0,-29,0,-30,-1,-30,-2,-31,-2,-30,-1,-30,-1,-28,-1,-26,0,-22]"
CSI_DATA,134189,d8:b1:90:d9:de:f0,-63,11,-99,-39,66,56,1985907658,100,0,114,0,"[2,-31,3,-33,5,-35,7,-37,8,-37,10,-35,10,-33,11,-31,11,-30,11,-31,11,-29,11,-28,11,-30,12,-29,11,-30,11,-30,10,-29,11,-30,11,-31,11,-30,10,-30,8,-31,8,-31,7,-30,7,-31,7,-29,6,-30,5,-29,0,0,5,-29,5,-31,5,-31,5,-34,5,-35,6,-35,5,-37,5,-38,5,-34,5,-35,4,-33,4,-33,4,-31,3,-30,4,-28,4,-28,4,-28,4,-26,3,-26,4,-26,5,-28,5,-29,5,-30,6,-30,8,-28,8,-26,10,-25,8,-21]"
CSI_DATA,134190,d8:b1:90:d9:de:f0,-63,11,-99,-40,66,56,1985917677,100,0,114,0,"[31,-10,34,-9,38,-8,39,-6,38,-3,38,-1,36,1,35,1,33,1,33,3,31,3,30,4,32,4,32,5,33,6,32,6,32,6,33,8,33,6,32,6,33,8,33,8,32,8,31,8,32,8,30,9,30,8,32,8,0,0,30,6,30,8,31,9,33,9,33,10,35,11,35,12,34,12,34,13,34,12,33,13,31,13,28,13,26,11,26,12,25,11,24,12,25,12,25,12,25,13,25,15,24,17,23,18,24,19,23,20,20,21,16,19,13,18]"
CSI_DATA,134191,d8:b1:90:d9:de:f0,-64,11,-99,-39,66,56,1985927756,100,0,114,0,"[25,-16,29,-16,30,-15,32,-15,34,-15,34,-15,32,-13,32,-13,30,-14,30,-13,28,-13,26,-13,28,-13,28,-13,25,-14,26,-14,26,-16,28,-15,29,-17,26,-17,26,-19,26,-19,23,-19,23,-21,23,-20,22,-19,22,-20,21,-21,0,0,19,-22,19,-23,20,-25,20,-26,20,-28,20,-30,19,-29,19,-30,17,-29,17,-30,16,-29,14,-28,13,-26,12,-26,12,-25,12,-25,10,-24,11,-25,10,-25,11,-26,11,-28,10,-28,10,-28,12,-28,13,-26,12,-24,11,-23,10,-20]"
CSI_DATA,134192,d8:b1:90:d9:de:f0,-63,11,-99,-39,66,56,1985937769,100,0,114,0,"[24,-17,28,-19,31,-19,31,-17,34,-17,34,-15,32,-13,32,-12,31,-12,30,-10,29,-11,28,-8,29,-10,28,-10,29,-10,30,-11,30,-11,31,-11,32,-11,30,-11,31,-12,30,-12,29,-12,29,-13,29,-11,25,-13,26,-12,25,-12,0,0,28,-14,26,-13,29,-15,29,-15,30,-16,30,-16,31,-16,31,-16,29,-16,30,-15,30,-15,28,-14,26,-14,25,-14,25,-14,24,-13,22,-13,24,-13,23,-12,25,-13,28,-13,26,-14,26,-14,28,-12,28,-10,26,-8,24,-7,21,-5]"
CSI_DATA,134193,d8:b1:90:d9:de:f0,-63,11,-99,-41,66,56,1985957995,100,0,114,0,"[14,-29,17,-32,20,-33,21,-34,21,-35,21,-34,21,-32,21,-30,19,-28,20,-27,17,-26,17,-26,17,-27,17,-27,17,-27,16,-27,16,-29,17,-30,16,-32,15,-30,14,-32,13,-33,13,-32,10,-32,11,-32,9,-32,9,-30,9,-30,0,0,5,-29,7,-32,7,-33,5,-34,4,-35,4,-36,4,-36,3,-39,3,-35,3,-35,2,-35,2,-34,0,-33,1,-30,0,-29,0,-28,-1,-28,0,-27,-1,-28,0,-29,-1,-29,0,-30,-1,-32,0,-32,1,-29,2,-28,2,-28,3,-23]"
CSI_DATA,134194,d8:b1:90:d9:de:f0,-63,11,-99,-40,66,56,1985977692,100,0,114,0,"[-9,32,-12,35,-15,36,-17,36,-19,34,-20,33,-21,31,-21,30,-21,27,-21,25,-21,23,-21,23,-20,23,-21,23,-21,23,-21,23,-24,24,-24,23,-25,24,-25,23,-25,24,-26,23,-24,21,-24,21,-24,21,-23,21,-24,20,-23,21,0,0,-24,21,-25,23,-26,24,-26,23,-27,23,-28,24,-28,23,-30,23,-31,21,-28,20,-27,21,-26,19,-26,18,-24,17,-24,15,-26,15,-24,15,-25,13,-26,15,-25,12,-27,11,-27,12,-26,11,-28,10,-30,8,-27,6,-25,5,-24,3]"
CSI_DATA,134195,d8:b1:90:d9:de:f0,-63,11,-99,-41,66,56,1985987760,100,0,114,0,"[24,-23,26,-24,29,-26,30,-24,30,-27,29,-26,29,-23,28,-22,27,-21,26,-21,23,-20,26,-21,23,-20,23,-21,23,-21,22,-21,22,-23,24,-24,22,-24,22,-27,21,-26,20,-28,19,-27,17,-27,19,-28,16,-28,16,-28,14,-28,0,0,13,-28,11,-30,10,-32,9,-34,9,-34,9,-36,8,-35,9,-36,8,-34,9,-36,7,-34,5,-33,4,-30,4,-29,3,-28,3,-28,2,-29,3,-28,1,-28,2,-27,1,-29,1,-30,1,-32,1,-30,3,-29,3,-27,2,-27,3,-24]"
CSI_DATA,134196,d8:b1:90:d9:de:f0,-64,11,-99,-40,67,56,1986008329,100,0,114,0,"[-8,-27,-8,-30,-8,-32,-8,-33,-8,-34,-8,-32,-6,-31,-6,-31,-7,-28,-7,-29,-8,-26,-7,-27,-8,-26,-8,-27,-9,-27,-10,-27,-11,-27,-13,-27,-14,-27,-15,-27,-15,-26,-17,-26,-17,-25,-18,-23,-18,-23,-18,-23,-18,-20,-19,-19,0,0,-21,-17,-22,-18,-23,-17,-26,-17,-26,-19,-27,-18,-28,-18,-28,-18,-29,-15,-28,-14,-28,-13,-27,-14,-26,-11,-25,-10,-25,-7,-25,-8,-25,-7,-25,-6,-26,-5,-26,-6,-27,-6,-27,-6,-28,-7,-28,-6,-26,-6,-25,-5,-22,-7,-19,-6]"
CSI_DATA,134197,d8:b1:90:d9:de:f0,-64,11,-99,-38,66,56,1986018567,100,0,114,0,"[-23,19,-26,19,-29,19,-31,19,-33,19,-32,18,-31,17,-32,15,-29,15,-28,13,-26,11,-26,11,-28,14,-26,13,-27,13,-27,13,-28,15,-29,15,-28,15,-28,17,-28,16,-27,17,-25,16,-25,16,-25,16,-25,16,-23,16,-23,17,0,0,-21,19,-23,19,-22,21,-23,22,-26,22,-26,23,-26,22,-26,23,-26,22,-25,23,-23,23,-23,21,-21,21,-20,20,-20,19,-19,19,-17,19,-19,20,-18,19,-20,19,-20,19,-20,19,-20,19,-22,20,-23,18,-22,17,-20,15,-18,13]"
CSI_DATA,134198,d8:b1:90:d9:de:f0,-63,11,-99,-39,66,56,1986037739,100,0,114,0,"[8,-29,12,-31,15,-32,17,-31,20,-33,21,-30,23,-29,22,-26,21,-25,22,-23,21,-21,22,-21,22,-22,22,-21,22,-20,23,-21,22,-21,24,-22,24,-21,25,-22,24,-19,23,-22,23,-20,22,-20,24,-20,23,-19,23,-17,23,-19,0,0,23,-19,24,-21,24,-20,26,-20,26,-20,28,-20,28,-20,29,-20,29,-20,30,-20,28,-19,26,-17,25,-15,24,-15,24,-14,23,-13,24,-13,24,-13,24,-13,26,-12,28,-11,26,-11,28,-10,29,-8,30,-7,28,-5,26,-4,22,-1]"
CSI_DATA,134199,d8:b1:90:d9:de:f0,-64,11,-99,-37,66,56,1986047730,100,0,114,0,"[27,-8,30,-8,34,-7,36,-7,37,-6,36,-6,34,-4,33,-5,30,-6,29,-6,27,-6,28,-5,29,-7,28,-7,28,-7,29,-8,28,-9,29,-9,30,-9,29,-11,27,-12,27,-13,26,-14,25,-14,26,-15,24,-15,23,-16,23,-16,0,0,24,-19,22,-20,23,-22,24,-23,23,-24,23,-24,22,-25,23,-26,21,-25,21,-26,21,-26,18,-26,16,-25,16,-24,14,-23,14,-23,13,-23,14,-23,11,-24,14,-24,13,-25,13,-25,12,-25,14,-26,15,-25,14,-24,13,-22,13,-19]"
CSI_DATA,134200,d8:b1:90:d9:de:f0,-63,11,-99,-40,66,56,1986058291,100,0,114,0,"[23,-21,27,-23,30,-23,31,-21,32,-20,32,-19,33,-18,31,-16,31,-16,30,-13,28,-11,27,-12,30,-12,30,-11,30,-11,31,-12,31,-13,33,-12,33,-12,33,-13,32,-15,32,-13,31,-13,30,-12,28,-13,28,-12,28,-12,28,-12,0,0,28,-15,30,-13,31,-15,32,-15,32,-16,34,-16,34,-16,33,-16,34,-15,34,-15,33,-15,31,-12,31,-13,27,-12,28,-11,26,-11,26,-11,26,-10,27,-11,30,-10,28,-10,28,-9,28,-10,31,-8,30,-5,28,-3,26,-3,23,-1]"
CSI_DATA,134201,d8:b1:90:d9:de:f0,-63,9,-99,-40,66,56,1986076471,98,0,106,0,"[53,17,-76,0,86,17,25,1,130,17,64,1,-121,17,48,1,-76,17,21,1,-49,17,-4,0,-13,17,-23,0,9,0,-38,0,17,0,-66,0,11,0,-113,0,-2,17,110,0,-10,17,16,0,3,0,-81,17,0,0,0,0,84,0,61,17,146,0,5,17,-117,0,-18,16,-117,0,-5,16,127,0,25,17,61,0,58,17,2,0,70,17,-33,17,81,17,-46,17,71,17,-23,17,69,17,17,0,88,17,78,0,-135,17,116,0]"
CSI_DATA,134202,d8:b1:90:d9:de:f0,-63,11,-99,-39,66,56,1986088182,100,0,114,0,"[-11,29,-12,31,-14,33,-16,33,-17,32,-19,32,-20,30,-21,28,-19,28,-19,26,-19,25,-20,25,-19,24,-20,24,-19,23,-19,23,-19,25,-20,25,-20,26,-20,25,-21,28,-19,26,-19,26,-19,26,-19,26,-16,24,-19,25,-17,24,0,0,-15,28,-16,26,-17,29,-17,30,-17,29,-19,31,-17,30,-20,31,-19,30,-19,31,-19,29,-17,28,-16,25,-15,25,-16,24,-15,23,-14,23,-15,21,-15,22,-16,22,-17,23,-17,25,-19,24,-20,23,-21,21,-21,20,-20,19,-19,14]"
CSI_DATA,134203,d8:b1:90:d9:de:f0,-64,11,-99,-41,67,56,1986108569,100,0,114,0,"[13,24,13,28,12,30,11,31,11,32,10,32,8,30,7,30,8,29,7,29,8,27,6,27,7,29,7,26,7,28,8,28,8,29,9,30,9,29,10,29,11,29,12,29,11,28,12,27,11,27,12,27,11,26,12,25,0,0,14,24,14,25,15,26,16,26,18,27,19,29,20,28,19,28,19,27,18,26,18,26,16,27,15,24,16,23,16,22,15,21,14,20,15,19,16,20,16,21,18,21,18,22,18,24,15,25,15,23,13,23,10,22,9,20]"
CSI_DATA,134204,d8:b1:90:d9:de:f0,-63,11,-99,-40,66,56,1986127688,100,0,114,0,"[-26,18,-31,18,-33,18,-35,17,-36,16,-38,13,-35,11,-35,10,-33,11,-32,8,-31,8,-30,6,-31,5,-31,5,-30,4,-31,4,-33,4,-33,4,-34,5,-34,4,-33,3,-32,4,-32,4,-31,5,-31,5,-31,4,-30,4,-30,3,0,0,-31,4,-28,4,-32,5,-33,4,-34,5,-34,3,-35,4,-36,3,-36,3,-35,2,-34,2,-32,1,-30,1,-28,1,-28,1,-28,1,-26,0,-27,0,-28,0,-30,0,-32,-2,-31,-2,-30,-4,-31,-5,-30,-6,-28,-8,-25,-8,-21,-8]"
CSI_DATA,134205,d8:b1:90:d9:de:f0,-63,11,-99,-40,66,56,1986140512,100,0,114,0,"[11,-28,12,-32,15,-33,15,-34,16,-35,16,-35,16,-33,16,-32,13,-31,13,-30,11,-28,12,-30,10,-28,10,-28,9,-30,9,-31,6,-31,6,-31,5,-32,4,-32,3,-33,2,-33,1,-32,-1,-31,0,-32,-1,-32,-3,-31,-4,-30,0,0,-6,-30,-8,-31,-9,-32,-11,-33,-12,-34,-13,-34,-15,-34,-13,-34,-16,-33,-15,-32,-17,-32,-16,-30,-16,-26,-16,-25,-16,-23,-17,-24,-17,-21,-16,-20,-18,-20,-19,-21,-20,-21,-21,-23,-21,-23,-21,-23,-19,-21,-18,-20,-17,-20,-15,-19]"
CSI_DATA,134206,d8:b1:90:d9:de:f0,-64,11,-99,-40,67,56,1986157938,100,0,114,0,"[-25,-13,-27,-15,-27,-19,-26,-21,-27,-23,-26,-23,-24,-23,-20,-23,-20,-23,-18,-22,-17,-22,-17,-23,-16,-23,-16,-23,-16,-24,-16,-25,-16,-24,-17,-25,-17,-25,-16,-26,-16,-25,-17,-26,-15,-25,-16,-25,-15,-25,-14,-24,-15,-24,-14,-23,0,0,-15,-24,-15,-23,-15,-25,-16,-26,-14,-28,-14,-29,-15,-29,-14,-29,-14,-28,-13,-29,-12,-28,-11,-28,-11,-27,-9,-25,-9,-24,-9,-23,-9,-24,-8,-24,-8,-24,-7,-24,-7,-25,-6,-26,-5,-27,-4,-27,-3,-26,-1,-24,1,-23,2,-22]"
CSI_DATA,134207,d8:b1:90:d9:de:f0,-63,11,-99,-39,66,56,1986168895,100,0,114,0,"[23,21,23,23,24,25,24,26,25,29,23,29,21,28,20,28,19,25,17,26,19,24,16,24,17,25,16,25,17,25,17,25,19,26,20,25,21,25,20,25,21,25,21,25,20,25,20,24,20,23,21,23,20,21,22,21,0,0,21,21,23,20,23,21,25,22,26,22,25,23,28,22,25,24,28,22,25,23,25,21,24,21,24,19,23,17,22,16,23,16,22,15,21,15,22,15,21,16,22,16,22,17,22,19,22,20,21,20,19,19,16,19,14,19]"
CSI_DATA,134208,d8:b1:90:d9:de:f0,-63,11,-99,-41,66,56,1986187766,100,0,114,0,"[-26,-20,-27,-22,-27,-26,-27,-27,-27,-30,-24,-30,-22,-30,-20,-29,-20,-28,-17,-28,-17,-26,-15,-27,-14,-27,-14,-27,-15,-27,-14,-28,-16,-29,-15,-30,-15,-30,-15,-30,-16,-30,-16,-32,-16,-30,-16,-29,-14,-29,-14,-29,-14,-28,-14,-27,0,0,-16,-27,-16,-28,-15,-30,-16,-32,-17,-32,-16,-34,-17,-33,-16,-34,-16,-32,-16,-33,-14,-33,-14,-32,-11,-30,-11,-28,-10,-28,-10,-28,-10,-26,-10,-26,-11,-27,-10,-27,-10,-28,-9,-29,-8,-30,-5,-32,-4,-30,-3,-28,-1,-27,1,-24]"
CSI_DATA,134209,d8:b1:90:d9:de:f0,-64,11,-99,-35,65,56,1986197843,100,0,114,0,"[-24,-19,-26,-20,-25,-21,-28,-23,-28,-23,-26,-24,-25,-24,-25,-23,-25,-21,-24,-21,-23,-19,-22,-19,-23,-17,-23,-17,-23,-17,-22,-15,-25,-16,-28,-16,-28,-15,-28,-14,-29,-15,-30,-14,-29,-11,-28,-11,-29,-10,-29,-8,-26,-7,-29,-6,0,0,-30,-4,-30,-4,-32,-3,-33,-2,-34,-2,-35,-2,-35,-1,-35,-1,-33,1,-34,2,-33,3,-32,1,-30,3,-29,4,-28,4,-28,4,-25,5,-28,6,-26,6,-28,6,-28,7,-29,7,-29,6,-30,6,-30,6,-29,6,-25,5,-23,4]"
CSI_DATA,134210,d8:b1:90:d9:de:f0,-63,11,-99,-40,66,56,1986209287,100,0,114,0,"[11,30,9,33,6,36,4,36,3,39,2,38,0,36,-2,34,-2,34,-4,33,-5,31,-4,32,-5,31,-5,30,-6,31,-6,30,-6,32,-9,33,-9,32,-10,33,-10,32,-9,33,-10,31,-10,31,-10,31,-9,30,-10,28,-10,30,0,0,-11,28,-11,31,-11,31,-12,32,-13,32,-15,33,-16,33,-17,33,-17,31,-17,31,-17,31,-16,30,-16,27,-16,26,-17,24,-15,23,-16,23,-16,20,-17,21,-19,20,-20,20,-21,23,-21,23,-23,20,-24,17,-23,16,-23,15,-20,10]"
CSI_DATA,134211,d8:b1:90:d9:de:f0,-63,11,-99,-40,66,56,1986228019,100,0,114,0,"[-21,-25,-24,-27,-24,-31,-24,-32,-25,-32,-24,-32,-21,-32,-20,-30,-20,-26,-19,-26,-19,-25,-18,-25,-19,-26,-20,-25,-21,-25,-21,-26,-21,-24,-24,-24,-24,-23,-24,-23,-27,-23,-27,-21,-27,-21,-27,-19,-26,-18,-26,-17,-26,-16,-27,-13,0,0,-30,-13,-30,-13,-32,-12,-34,-11,-35,-11,-35,-11,-36,-9,-35,-10,-35,-8,-35,-9,-34,-6,-33,-6,-32,-5,-31,-4,-28,-3,-27,-3,-26,-2,-27,-1,-28,-1,-30,0,-31,0,-31,-1,-30,-1,-33,-1,-33,-1,-30,-2,-26,-3,-23,-2]"
CSI_DATA,134212,d8:b1:90:d9:de:f0,-63,11,-99,-40,66,56,1986238066,100,0,114,0,"[15,26,15,31,13,33,11,34,11,36,10,35,9,34,8,32,9,33,6,32,6,31,5,31,5,31,6,31,5,31,6,32,6,32,8,33,8,32,8,32,9,32,9,32,9,32,9,31,9,31,9,30,10,28,11,28,0,0,12,30,11,30,12,31,13,31,13,32,15,33,16,33,15,34,15,32,15,32,13,31,13,31,12,30,12,27,12,26,11,25,11,25,12,24,13,24,12,26,13,27,12,28,12,30,11,31,10,28,8,28,5,27,3,24]"
CSI_DATA,134213,d8:b1:90:d9:de:f0,-64,11,-99,-38,66,56,1986258039,100,0,114,0,"[22,-19,25,-20,27,-21,29,-22,29,-22,29,-20,29,-19,28,-17,26,-19,26,-17,23,-17,23,-17,23,-18,22,-18,22,-19,21,-19,22,-21,22,-22,22,-22,22,-22,19,-23,18,-25,18,-23,16,-25,17,-23,15,-23,15,-25,14,-25,0,0,11,-28,10,-28,11,-29,10,-30,10,-31,9,-33,8,-33,9,-34,7,-34,8,-34,7,-32,5,-31,5,-29,4,-29,3,-27,4,-27,3,-27,2,-27,1,-27,2,-28,1,-29,0,-30,0,-31,2,-30,2,-29,3,-28,2,-27,2,-23]"
CSI_DATA,134214,d8:b1:90:d9:de:f0,-63,11,-99,-40,66,56,1986277735,100,0,114,0,"[-31,-2,-34,-4,-36,-6,-36,-9,-40,-10,-36,-12,-35,-13,-32,-13,-32,-12,-30,-15,-30,-12,-27,-15,-27,-13,-26,-13,-27,-15,-27,-17,-28,-16,-30,-16,-30,-17,-30,-17,-31,-16,-31,-16,-30,-17,-30,-15,-28,-16,-27,-16,-27,-16,-28,-13,0,0,-28,-13,-28,-13,-28,-15,-31,-15,-31,-17,-31,-17,-32,-17,-32,-18,-33,-17,-32,-17,-30,-18,-28,-17,-27,-16,-25,-16,-26,-15,-25,-15,-23,-15,-24,-15,-24,-15,-24,-17,-25,-18,-25,-18,-23,-20,-23,-20,-24,-20,-19,-20,-17,-20,-12,-17]"
CSI_DATA,134215,d8:b1:90:d9:de:f0,-63,11,-99,-40,66,56,1986297646,100,0,114,0,"[20,-26,21,-27,25,-28,26,-28,27,-30,27,-27,27,-25,26,-24,25,-24,24,-21,23,-21,23,-20,23,-21,23,-21,21,-21,21,-21,21,-24,24,-25,23,-26,23,-25,21,-27,20,-27,19,-26,18,-27,18,-26,17,-26,16,-26,15,-27,0,0,16,-28,13,-28,13,-31,15,-31,12,-32,13,-33,13,-33,13,-33,12,-32,13,-33,12,-32,11,-31,10,-30,9,-28,9,-27,8,-27,8,-27,8,-27,8,-28,9,-27,9,-28,8,-30,8,-30,9,-30,10,-27,10,-25,10,-25,9,-20]"
CSI_DATA,134216,d8:b1:90:d9:de:f0,-64,11,-99,-38,66,56,1986311889,100,0,114,0,"[-22,20,-23,23,-27,23,-28,23,-28,25,-28,23,-27,22,-26,21,-23,21,-23,19,-22,18,-22,19,-21,20,-21,20,-19,20,-19,21,-20,25,-20,25,-20,26,-19,26,-17,28,-16,28,-15,27,-15,28,-14,27,-11,28,-10,27,-9,27,0,0,-7,29,-7,30,-6,30,-6,33,-2,32,-4,34,-2,34,-3,35,-3,34,-2,33,-1,33,1,32,1,31,2,29,3,27,3,27,4,28,4,27,5,26,4,27,5,27,5,29,6,29,6,29,4,29,4,27,3,25,3,20]"
CSI_DATA,134217,d8:b1:90:d9:de:f0,-64,11,-99,-38,66,56,1986327660,100,0,114,0,"[-3,-30,-2,-32,0,-34,1,-37,1,-38,2,-38,2,-35,3,-34,3,-32,4,-31,3,-30,3,-29,2,-29,2,-30,1,-30,1,-31,0,-31,0,-32,-1,-33,-1,-31,-1,-33,-2,-33,-2,-30,-3,-30,-3,-29,-5,-30,-5,-28,-6,-30,0,0,-6,-28,-9,-29,-10,-31,-9,-31,-11,-33,-10,-33,-11,-34,-10,-33,-13,-31,-11,-30,-13,-31,-13,-29,-13,-28,-11,-27,-11,-25,-11,-25,-11,-23,-11,-25,-11,-25,-10,-23,-13,-25,-13,-27,-14,-27,-13,-28,-11,-26,-10,-26,-7,-23,-6,-21]"
CSI_DATA,134218,d8:b1:90:d9:de:f0,-64,11,-99,-38,66,56,1986337899,100,0,114,0,"[-21,-19,-22,-22,-22,-26,-22,-28,-21,-30,-20,-30,-18,-30,-16,-29,-15,-29,-15,-28,-14,-27,-11,-27,-13,-27,-11,-27,-13,-27,-11,-28,-13,-29,-13,-30,-13,-30,-11,-30,-11,-30,-13,-30,-11,-29,-11,-28,-13,-28,-11,-27,-13,-27,-13,-26,0,0,-11,-28,-13,-28,-13,-29,-14,-30,-14,-32,-13,-32,-14,-33,-13,-33,-13,-32,-11,-30,-11,-30,-11,-31,-9,-28,-9,-28,-9,-27,-8,-26,-8,-25,-7,-25,-7,-26,-7,-27,-7,-27,-6,-28,-5,-29,-4,-30,-4,-28,-2,-27,2,-25,2,-21]"
CSI_DATA,134219,d8:b1:90:d9:de:f0,-64,11,-99,-38,66,56,1986348033,100,0,114,0,"[21,21,22,23,21,25,22,27,23,28,22,28,20,27,19,26,19,23,19,23,18,20,18,20,19,20,19,20,20,20,21,19,22,20,23,20,25,20,23,18,26,18,27,18,26,16,26,15,26,15,27,14,26,13,27,11,0,0,28,8,29,8,30,8,31,6,32,7,33,7,33,6,34,5,33,4,33,3,32,2,31,2,29,1,28,1,28,0,28,-1,27,-2,27,-2,28,-2,28,-3,29,-3,29,-3,30,-3,31,-2,30,-2,28,-3,26,-1,23,0]"
CSI_DATA,134220,d8:b1:90:d9:de:f0,-63,11,-99,-39,66,56,1986368043,100,0,114,0,"[-19,24,-22,25,-24,26,-26,25,-29,26,-29,23,-30,22,-29,21,-26,17,-26,16,-25,15,-25,14,-25,15,-25,15,-25,14,-28,14,-26,14,-30,14,-29,14,-30,15,-29,14,-29,15,-28,14,-28,14,-28,13,-25,14,-25,13,-26,15,0,0,-28,14,-28,14,-28,14,-30,15,-31,15,-31,15,-32,14,-33,15,-33,15,-33,15,-31,14,-30,13,-29,13,-25,11,-28,10,-24,10,-25,10,-25,8,-26,8,-29,7,-29,7,-29,7,-29,6,-31,5,-31,2,-28,1,-25,1,-23,-1]"
CSI_DATA,134221,d8:b1:90:d9:de:f0,-64,11,-99,-38,66,56,1986387783,100,0,114,0,"[30,4,33,5,34,7,35,7,35,8,35,9,33,10,33,10,31,8,30,9,29,8,28,9,28,8,28,8,28,8,28,9,29,7,31,7,31,6,30,6,31,6,31,4,30,4,30,3,30,3,29,3,29,2,29,1,0,0,29,0,28,-1,29,-1,32,-3,33,-2,33,-4,34,-4,34,-4,34,-5,34,-4,32,-5,31,-4,29,-4,28,-5,27,-5,27,-4,25,-5,26,-6,26,-6,28,-7,29,-7,29,-6,29,-5,28,-4,29,-4,28,-3,23,-2,22,-1]"
CSI_DATA,134222,d8:b1:90:d9:de:f0,-64,11,-99,-38,66,56,1986397827,100,0,114,0,"[-19,22,-22,23,-27,23,-28,22,-31,21,-29,20,-30,18,-29,17,-28,17,-27,15,-27,15,-26,13,-26,14,-26,13,-27,13,-27,11,-28,13,-30,13,-27,13,-29,14,-28,13,-29,14,-28,13,-27,14,-27,13,-26,13,-26,11,-27,14,0,0,-25,15,-26,14,-26,15,-30,15,-29,15,-30,16,-31,16,-30,16,-31,15,-31,15,-29,15,-27,13,-28,13,-25,11,-25,9,-23,10,-23,9,-23,9,-23,9,-27,11,-28,10,-28,9,-28,9,-29,7,-29,6,-27,4,-25,4,-21,1]"
CSI_DATA,134223,d8:b1:90:d9:de:f0,-64,9,-99,-39,66,56,1986410070,98,0,106,0,"[-17,0,134,16,-3,0,57,16,-5,0,32,16,-25,0,49,16,-47,0,76,16,-75,0,96,16,-88,0,105,16,-104,0,113,16,-116,0,-141,16,-136,0,-102,16,97,0,-48,16,14,0,-5,16,-75,16,4,0,0,0,0,0,56,16,-86,16,16,16,127,16,26,16,60,16,53,16,49,16,87,16,74,16,105,16,141,16,111,16,-105,16,97,16,-93,16,97,16,-107,16,113,16,141,16,-109,16,130,16,-8,16,-141,16,84,0]"
CSI_DATA,134224,d8:b1:90:d9:de:f0,-64,11,-99,-36,66,56,1986421184,100,0,114,0,"[-28,-9,-30,-10,-31,-13,-32,-14,-32,-15,-30,-15,-29,-16,-27,-15,-24,-14,-23,-14,-23,-14,-23,-14,-23,-13,-23,-13,-21,-13,-23,-14,-25,-14,-27,-14,-26,-14,-26,-14,-25,-13,-26,-13,-25,-14,-26,-12,-25,-10,-24,-10,-24,-10,-25,-10,0,0,-26,-8,-27,-8,-28,-8,-29,-9,-29,-8,-30,-9,-31,-9,-31,-9,-30,-7,-31,-9,-29,-7,-28,-7,-27,-7,-26,-6,-25,-5,-25,-6,-24,-6,-23,-3,-24,-5,-24,-5,-26,-5,-25,-7,-25,-6,-27,-7,-26,-7,-25,-9,-21,-9,-18,-9]"
CSI_DATA,134225,d8:b1:90:d9:de:f0,-64,11,-99,-39,66,56,1986438088,100,0,114,0,"[12,-28,14,-30,16,-31,17,-31,17,-34,17,-33,17,-32,16,-30,13,-30,15,-28,14,-26,13,-26,12,-28,12,-28,12,-26,11,-29,11,-30,10,-30,8,-32,10,-31,6,-32,5,-33,4,-32,4,-31,2,-31,1,-30,1,-29,-1,-30,0,0,-2,-31,-4,-31,-5,-31,-5,-32,-7,-33,-7,-33,-10,-33,-11,-35,-10,-33,-11,-34,-12,-33,-12,-31,-12,-29,-12,-28,-12,-25,-13,-24,-13,-23,-13,-23,-14,-24,-14,-23,-14,-23,-15,-24,-16,-25,-16,-26,-15,-25,-13,-24,-13,-23,-10,-21]"
CSI_DATA,134226,d8:b1:90:d9:de:f0,-63,11,-99,-39,66,56,1986457638,100,0,114,0,"[14,-29,17,-30,20,-31,22,-31,23,-33,23,-29,24,-28,24,-25,21,-26,23,-24,21,-22,22,-22,23,-22,22,-21,22,-22,21,-21,22,-24,23,-24,23,-24,24,-24,23,-24,23,-26,22,-25,20,-24,22,-24,22,-24,20,-23,20,-24,0,0,19,-23,19,-26,20,-25,20,-28,21,-29,21,-28,22,-29,22,-29,21,-29,22,-28,22,-26,20,-24,19,-23,16,-22,17,-22,19,-21,17,-21,17,-21,17,-22,19,-22,19,-23,20,-23,21,-22,22,-21,22,-17,22,-16,21,-15,20,-13]"
CSI_DATA,134227,d8:b1:90:d9:de:f0,-64,11,-99,-38,66,56,1986468452,100,0,114,0,"[18,23,19,27,19,28,20,29,21,30,20,31,18,31,17,29,18,27,16,27,16,25,15,26,16,25,17,23,16,23,16,23,18,23,21,25,22,25,22,22,21,23,23,21,22,21,23,18,23,20,23,19,23,17,23,16,0,0,26,15,27,14,28,14,31,14,31,15,32,15,32,14,32,15,32,10,31,13,32,11,30,11,28,9,27,8,28,6,28,6,27,6,27,5,27,4,27,5,29,4,29,5,30,5,30,7,29,6,27,6,26,7,22,7]"
CSI_DATA,134228,d8:b1:90:d9:de:f0,-63,11,-99,-40,66,56,1986487721,100,0,114,0,"[25,-15,28,-16,33,-16,35,-15,35,-13,35,-12,35,-10,33,-10,32,-9,32,-8,30,-6,30,-5,31,-6,30,-5,28,-5,31,-5,31,-6,32,-5,32,-6,32,-6,31,-9,32,-6,31,-8,31,-8,31,-8,30,-9,30,-9,28,-8,0,0,30,-10,30,-10,31,-10,33,-11,32,-11,33,-11,34,-11,34,-11,35,-10,34,-10,32,-10,31,-10,30,-10,30,-9,28,-9,28,-9,26,-8,27,-9,27,-8,28,-8,30,-8,31,-8,30,-6,31,-5,33,-4,31,-2,27,-2,23,1]"
CSI_DATA,134229,d8:b1:90:d9:de:f0,-63,11,-99,-40,66,56,1986497923,100,0,114,0,"[-28,13,-32,12,-35,13,-35,15,-39,13,-36,13,-35,13,-35,11,-32,13,-31,12,-30,12,-30,12,-30,13,-28,15,-28,15,-27,17,-27,18,-28,18,-27,19,-26,21,-26,21,-24,23,-24,23,-21,24,-21,25,-18,26,-19,25,-17,25,0,0,-16,27,-15,28,-13,30,-12,33,-13,33,-12,35,-11,35,-12,36,-10,35,-10,35,-8,34,-8,33,-4,31,-4,30,-3,30,-3,28,-1,28,-2,28,-1,28,0,30,0,30,0,31,1,32,1,32,-2,31,0,28,0,27,-1,23]"
CSI_DATA,134230,d8:b1:90:d9:de:f0,-63,11,-99,-40,66,56,1986518006,100,0,114,0,"[31,-9,34,-8,36,-6,39,-4,40,-4,38,-2,38,0,34,1,34,0,33,3,32,3,32,3,32,3,32,3,31,3,33,4,32,4,35,4,34,4,34,4,33,4,33,4,33,4,33,3,32,3,31,3,31,3,32,3,0,0,34,2,32,2,33,2,35,1,34,3,35,4,36,4,38,4,38,4,38,3,35,3,33,5,33,3,31,4,31,4,28,3,28,3,27,4,26,4,28,5,30,6,30,8,30,9,30,10,30,11,26,12,24,12,20,11]"
CSI_DATA,134231,d8:b1:90:d9:de:f0,-63,11,-99,-40,66,56,1986528027,100,0,114,0,"[-33,-1,-35,-1,-39,-1,-40,-3,-39,-3,-39,-3,-36,-4,-36,-3,-34,-2,-34,-2,-32,-1,-32,0,-32,0,-31,1,-31,2,-31,3,-32,4,-33,3,-34,4,-32,6,-35,9,-33,10,-32,10,-31,11,-31,12,-30,12,-28,13,-27,15,0,0,-26,17,-26,18,-27,20,-27,21,-26,24,-27,24,-26,25,-26,27,-25,26,-25,27,-24,27,-20,26,-18,26,-18,25,-17,24,-16,24,-15,24,-15,25,-15,25,-15,26,-15,27,-12,27,-12,27,-13,27,-15,27,-13,25,-13,23,-11,19]"
CSI_DATA,134232,d8:b1:90:d9:de:f0,-63,11,-99,-41,66,56,1986549080,100,0,114,0,"[14,-27,16,-30,19,-30,20,-33,21,-34,20,-33,21,-32,19,-30,16,-29,16,-29,14,-27,15,-27,14,-28,14,-29,14,-32,13,-29,11,-29,11,-32,9,-33,8,-32,7,-34,5,-34,4,-33,3,-33,2,-32,1,-32,0,-32,-1,-30,0,0,-3,-32,-3,-30,-5,-32,-8,-35,-9,-36,-9,-36,-13,-35,-10,-36,-13,-34,-11,-32,-13,-32,-13,-30,-14,-29,-14,-27,-13,-24,-15,-24,-15,-26,-15,-24,-16,-23,-16,-24,-17,-24,-19,-26,-20,-26,-17,-24,-16,-23,-16,-23,-14,-22,-11,-21]"
CSI_DATA,134233,d8:b1:90:d9:de:f0,-63,11,-99,-40,66,56,1986568048,100,0,114,0,"[-20,24,-24,26,-25,26,-27,27,-28,28,-28,27,-28,24,-28,24,-26,21,-25,20,-24,19,-24,19,-25,19,-23,21,-23,20,-23,21,-23,21,-24,23,-24,24,-24,24,-23,25,-21,26,-20,26,-19,26,-20,26,-18,25,-17,25,-16,25,0,0,-17,27,-15,27,-16,28,-17,30,-15,31,-16,33,-15,32,-16,33,-15,33,-16,33,-15,32,-11,31,-11,28,-10,27,-10,26,-10,27,-9,26,-9,26,-10,27,-9,27,-10,27,-10,28,-10,30,-11,28,-12,27,-12,24,-11,24,-11,20]"
CSI_DATA,134234,d8:b1:90:d9:de:f0,-64,11,-99,-38,66,56,1986587989,100,0,114,0,"[29,3,32,4,35,5,35,6,35,7,34,7,33,7,32,7,31,6,30,4,30,5,28,2,28,2,29,1,30,1,31,0,32,-1,31,-1,31,-2,31,-4,31,-6,31,-6,30,-8,30,-9,28,-9,26,-9,26,-10,27,-13,0,0,26,-15,27,-16,27,-17,26,-19,26,-20,27,-22,26,-23,26,-23,25,-23,23,-23,21,-23,20,-23,19,-25,19,-23,17,-22,15,-22,13,-20,14,-22,14,-22,14,-25,13,-26,14,-27,13,-28,13,-26,15,-25,14,-25,13,-20,11,-18]"
CSI_DATA,134235,d8:b1:90:d9:de:f0,-63,11,-99,-40,66,56,1986607733,100,0,114,0,"[-16,-28,-16,-32,-15,-35,-12,-36,-12,-38,-10,-36,-8,-36,-8,-33,-8,-33,-6,-33,-6,-32,-5,-31,-5,-30,-5,-31,-6,-32,-5,-33,-6,-32,-5,-33,-5,-33,-6,-33,-8,-33,-9,-33,-8,-32,-9,-32,-9,-32,-9,-31,-9,-30,-8,-30,0,0,-10,-28,-10,-31,-10,-31,-11,-34,-12,-33,-11,-34,-12,-34,-12,-34,-12,-34,-11,-32,-11,-31,-11,-31,-10,-31,-9,-28,-10,-27,-9,-25,-9,-25,-9,-24,-10,-25,-10,-27,-11,-27,-9,-30,-8,-31,-6,-28,-6,-28,-4,-28,-3,-26,-1,-21]"
CSI_DATA,134236,d8:b1:90:d9:de:f0,-63,11,-99,-40,66,56,1986622512,100,0,114,0,"[-27,-18,-28,-21,-30,-25,-28,-26,-27,-26,-25,-27,-25,-26,-21,-25,-24,-25,-23,-25,-21,-24,-19,-24,-19,-24,-20,-25,-20,-24,-20,-25,-21,-24,-21,-24,-23,-25,-23,-25,-23,-24,-24,-24,-23,-23,-24,-23,-23,-23,-21,-21,-24,-20,-23,-19,0,0,-25,-18,-25,-19,-25,-19,-27,-20,-27,-21,-30,-21,-30,-21,-30,-21,-28,-19,-28,-20,-26,-18,-26,-19,-25,-18,-24,-17,-23,-17,-23,-16,-21,-15,-23,-13,-23,-13,-24,-16,-25,-16,-25,-18,-24,-19,-24,-18,-23,-19,-21,-18,-19,-17,-15,-17]"
CSI_DATA,134237,d8:b1:90:d9:de:f0,-64,11,-99,-38,66,56,1986637692,100,0,114,0,"[0,31,-1,34,-3,37,-5,38,-5,37,-7,35,-8,33,-8,32,-7,31,-8,29,-7,29,-8,29,-9,28,-9,29,-9,29,-8,30,-7,29,-9,31,-8,31,-8,30,-7,31,-6,31,-6,30,-5,30,-6,30,-6,30,-5,29,-5,28,0,0,-3,29,-4,31,-3,31,-3,32,-2,33,-3,35,-2,34,-3,35,-3,34,-3,33,-3,33,-2,32,-3,30,-1,28,-3,28,-2,26,-2,26,-2,25,-2,26,-3,27,-2,27,-3,28,-4,30,-5,29,-6,26,-6,25,-8,25,-6,19]"
CSI_DATA,134238,d8:b1:90:d9:de:f0,-64,11,-99,-39,66,56,1986647927,100,0,114,0,"[32,2,34,5,37,6,37,11,35,12,34,13,32,15,30,15,29,15,26,16,25,15,25,16,24,16,23,17,24,19,23,19,24,19,25,21,25,21,24,21,23,22,24,23,23,23,23,21,23,21,21,21,21,21,22,21,0,0,22,20,22,24,22,23,23,24,22,25,22,29,22,29,22,30,21,28,21,28,19,28,17,28,16,26,15,25,15,24,14,24,12,24,12,23,13,24,12,26,11,26,10,29,8,29,7,30,6,29,4,28,2,26,0,22]"
CSI_DATA,134239,d8:b1:90:d9:de:f0,-63,11,-99,-39,66,56,1986667737,100,0,114,0,"[7,-29,10,-32,12,-33,14,-33,15,-35,15,-34,17,-32,16,-30,15,-28,16,-26,15,-26,15,-24,15,-25,15,-26,13,-25,15,-26,15,-26,16,-28,15,-29,16,-28,14,-29,13,-30,15,-29,12,-29,13,-28,12,-26,13,-26,12,-28,0,0,10,-26,11,-29,10,-30,11,-32,10,-33,12,-33,11,-34,12,-34,12,-33,11,-33,11,-32,10,-31,10,-30,10,-29,8,-28,8,-28,8,-25,10,-25,8,-26,10,-25,11,-26,10,-29,10,-28,12,-28,12,-26,14,-23,13,-22,12,-20]"
CSI_DATA,134240,d8:b1:90:d9:de:f0,-63,11,-99,-40,66,56,1986687735,100,0,114,0,"[31,3,34,3,38,4,39,5,40,5,39,6,35,9,36,8,33,6,32,6,31,5,31,5,31,5,31,3,31,4,31,2,34,3,34,2,36,1,35,0,34,-1,34,-1,32,-1,32,-4,32,-4,31,-4,31,-5,31,-5,0,0,31,-9,32,-10,32,-11,32,-12,34,-13,33,-15,34,-16,33,-15,34,-16,33,-17,32,-16,30,-17,28,-17,26,-17,25,-16,25,-15,23,-15,24,-16,24,-17,25,-18,25,-18,25,-18,25,-19,27,-19,27,-18,26,-16,24,-15,20,-11]"
CSI_DATA,134241,d8:b1:90:d9:de:f0,-63,11,-99,-35,65,56,1986707665,100,0,114,0,"[20,-23,24,-23,26,-24,29,-23,31,-21,32,-19,31,-16,31,-16,30,-14,29,-12,28,-12,26,-11,28,-11,26,-11,28,-8,29,-10,30,-11,31,-10,33,-10,31,-8,32,-11,31,-8,30,-8,30,-10,29,-8,29,-8,29,-8,29,-8,0,0,31,-8,29,-7,32,-8,32,-7,33,-8,34,-7,35,-8,34,-6,34,-6,33,-6,33,-6,30,-6,31,-5,30,-5,28,-3,28,-3,25,-2,28,-3,28,-2,29,0,30,0,31,0,29,1,30,3,30,3,29,5,24,6,22,7]"
CSI_DATA,134242,d8:b1:90:d9:de:f0,-63,11,-99,-39,66,56,1986721524,100,0,114,0,"[-14,-28,-13,-31,-14,-34,-13,-35,-11,-35,-10,-34,-8,-34,-7,-32,-8,-30,-7,-29,-6,-28,-6,-28,-6,-29,-6,-29,-6,-30,-7,-29,-7,-30,-8,-30,-7,-31,-10,-30,-10,-30,-11,-31,-10,-29,-11,-29,-12,-29,-11,-30,-11,-28,-13,-26,0,0,-14,-26,-14,-28,-14,-29,-16,-30,-16,-31,-16,-32,-19,-31,-19,-31,-19,-30,-19,-30,-17,-29,-17,-29,-16,-26,-16,-24,-14,-23,-15,-24,-14,-24,-15,-22,-16,-23,-16,-23,-17,-24,-17,-26,-16,-28,-15,-28,-15,-26,-14,-25,-11,-24,-7,-21]"
CSI_DATA,134243,d8:b1:90:d9:de:f0,-64,11,-99,-39,66,56,1986732096,100,0,114,0,"[-21,22,-24,23,-26,25,-28,24,-26,25,-25,24,-26,22,-25,21,-22,22,-22,20,-20,20,-20,21,-21,22,-19,22,-19,23,-17,25,-16,24,-17,26,-17,28,-16,26,-14,29,-12,30,-12,29,-10,29,-10,30,-7,30,-6,29,-4,29,0,0,-2,28,-1,31,1,31,0,35,2,35,2,35,4,37,3,37,6,34,5,34,7,33,7,32,8,30,8,28,10,26,10,26,11,25,11,25,11,25,12,26,13,26,14,28,15,28,15,28,13,26,13,24,12,24,10,21]"
CSI_DATA,134244,d8:b1:90:d9:de:f0,-63,11,-99,-41,66,56,1986747687,100,0,114,0,"[32,1,35,2,38,3,38,4,41,4,38,4,39,5,35,4,34,4,34,4,33,3,32,3,32,2,32,3,32,1,32,1,33,0,35,0,34,-2,35,-2,34,-3,34,-4,33,-4,32,-5,33,-7,30,-8,30,-8,30,-9,0,0,29,-10,29,-13,28,-14,33,-16,30,-16,32,-17,33,-19,32,-17,32,-19,30,-19,28,-20,28,-20,26,-20,23,-19,23,-19,22,-19,21,-20,20,-19,20,-20,22,-21,22,-21,22,-22,22,-22,22,-22,23,-21,22,-19,20,-17,16,-14]"
CSI_DATA,134245,d8:b1:90:d9:de:f0,-63,11,-99,-36,65,56,1986757823,100,0,114,0,"[-30,4,-33,3,-35,3,-36,2,-38,-1,-38,-2,-35,-3,-34,-4,-33,-3,-33,-3,-30,-3,-30,-4,-31,-4,-30,-4,-31,-3,-31,-4,-32,-2,-32,-3,-34,-3,-32,-2,-33,-3,-32,-2,-31,-3,-31,-1,-31,-1,-30,-1,-30,-2,-30,-1,0,0,-30,2,-30,1,-31,2,-34,3,-34,1,-35,1,-34,2,-36,2,-35,2,-35,2,-34,1,-32,2,-30,2,-28,3,-28,2,-28,2,-26,4,-28,2,-28,2,-30,2,-31,2,-30,1,-30,1,-31,0,-30,-2,-28,-2,-25,-2,-21,-3]"
CSI_DATA,134246,d8:b1:90:d9:de:f0,-63,11,-99,-40,66,56,1986777697,100,0,114,0,"[32,-9,35,-9,36,-8,39,-8,39,-8,39,-6,36,-6,34,-5,33,-6,32,-5,31,-6,31,-5,32,-8,32,-8,31,-9,31,-9,31,-11,33,-11,32,-13,32,-13,32,-15,31,-16,30,-16,28,-18,28,-17,25,-17,26,-18,25,-19,0,0,24,-21,24,-23,24,-24,24,-25,23,-26,24,-27,23,-28,23,-30,23,-30,21,-30,20,-28,18,-27,16,-27,16,-26,15,-26,15,-26,13,-26,13,-26,12,-27,13,-27,15,-28,12,-28,12,-28,13,-28,15,-26,15,-25,12,-23,11,-20]"
CSI_DATA,134247,d8:b1:90:d9:de:f0,-63,11,-99,-40,66,56,1986787780,100,0,114,0,"[23,24,24,27,24,30,21,33,20,33,20,34,18,33,17,32,16,30,15,28,15,28,12,27,15,27,15,28,15,27,15,28,15,30,15,30,17,30,16,28,17,31,18,30,17,27,18,27,17,27,17,26,18,25,19,25,0,0,19,25,19,24,20,26,21,26,23,28,23,28,24,28,24,28,24,27,23,26,23,26,20,26,20,24,19,23,19,21,19,21,18,20,18,20,19,21,19,23,19,23,19,24,20,25,20,26,19,24,16,25,12,24,10,21]"
CSI_DATA,134248,d8:b1:90:d9:de:f0,-63,11,-99,-40,66,56,1986798007,100,0,114,0,"[-33,-4,-35,-5,-36,-9,-38,-11,-38,-13,-35,-16,-34,-16,-31,-17,-28,-17,-27,-17,-26,-17,-25,-18,-25,-17,-24,-18,-25,-20,-25,-20,-25,-20,-24,-21,-26,-21,-26,-21,-26,-23,-25,-23,-24,-23,-24,-21,-24,-21,-23,-20,-23,-20,-21,-20,0,0,-21,-21,-23,-23,-24,-23,-25,-24,-24,-26,-24,-26,-23,-27,-23,-28,-23,-27,-21,-27,-20,-27,-18,-26,-17,-26,-16,-24,-16,-24,-15,-24,-13,-23,-15,-23,-13,-24,-12,-25,-13,-26,-11,-27,-11,-30,-10,-30,-9,-30,-5,-28,-3,-27,-2,-21]"
CSI_DATA,134249,d8:b1:90:d9:de:f0,-63,11,-99,-35,65,56,1986817765,100,0,114,0,"[4,30,2,34,1,37,0,38,-1,39,-2,35,-3,35,-4,32,-3,31,-4,30,-4,30,-5,30,-3,29,-3,28,-3,30,-3,30,-3,32,-3,33,-2,32,-2,32,-2,33,-1,33,-1,32,-1,32,-1,31,1,30,2,29,1,30,0,0,0,32,3,32,3,32,3,34,3,34,2,35,4,35,3,35,4,34,3,34,4,32,4,33,4,31,4,29,5,28,3,28,4,28,3,25,4,26,4,28,3,28,3,30,4,31,2,32,1,29,1,28,-1,26,-2,22]"
CSI_DATA,134250,d8:b1:90:d9:de:f0,-64,11,-99,-38,66,56,1986828692,100,0,114,0,"[-30,4,-32,4,-35,4,-37,2,-37,3,-37,2,-34,1,-34,1,-32,2,-31,2,-29,2,-28,2,-30,4,-29,4,-28,4,-30,5,-30,6,-30,6,-32,7,-31,9,-31,10,-31,10,-29,10,-28,11,-28,11,-26,14,-25,13,-26,16,0,0,-25,18,-23,18,-26,20,-25,20,-25,22,-26,23,-25,23,-23,23,-25,25,-23,25,-22,26,-19,25,-18,25,-17,22,-16,22,-16,22,-13,21,-15,22,-15,22,-15,25,-15,26,-15,26,-14,26,-15,26,-15,25,-14,22,-14,20,-13,18]"
CSI_DATA,134251,d8:b1:90:d9:de:f0,-63,11,-99,-39,66,56,1986847787,100,0,114,0,"[-13,-26,-14,-30,-13,-32,-12,-34,-12,-35,-10,-35,-8,-34,-6,-33,-7,-32,-6,-31,-6,-29,-6,-30,-6,-29,-7,-30,-6,-30,-7,-30,-7,-30,-6,-30,-7,-32,-8,-30,-10,-32,-10,-33,-8,-30,-10,-31,-10,-30,-10,-31,-12,-29,-12,-28,0,0,-12,-26,-13,-29,-14,-30,-16,-31,-15,-32,-15,-33,-17,-32,-16,-33,-16,-31,-16,-30,-16,-31,-15,-30,-15,-26,-14,-26,-14,-25,-13,-24,-13,-25,-13,-25,-13,-25,-14,-25,-13,-25,-13,-26,-14,-28,-13,-30,-13,-26,-11,-26,-8,-25,-6,-22]"
CSI_DATA,134252,d8:b1:90:d9:de:f0,-64,11,-99,-39,66,56,1986857957,100,0,114,0,"[-22,-19,-23,-22,-23,-26,-22,-29,-21,-30,-20,-30,-16,-29,-14,-30,-14,-29,-13,-28,-12,-28,-11,-28,-10,-26,-10,-28,-10,-29,-10,-29,-10,-30,-7,-30,-8,-30,-7,-31,-10,-32,-8,-32,-8,-31,-7,-31,-8,-30,-7,-29,-7,-28,-6,-29,0,0,-10,-29,-6,-31,-7,-31,-7,-32,-7,-32,-6,-34,-6,-34,-5,-35,-5,-34,-5,-34,-4,-32,-3,-31,-3,-31,-3,-30,-2,-26,-1,-26,-1,-26,0,-25,0,-26,1,-28,1,-28,2,-29,3,-30,4,-30,5,-28,7,-26,8,-24,8,-20]"
CSI_DATA,134253,d8:b1:90:d9:de:f0,-63,11,-99,-40,66,56,1986868593,100,0,114,0,"[1,32,-1,33,-3,38,-4,39,-4,39,-5,38,-6,35,-6,33,-6,32,-8,33,-8,31,-6,31,-5,31,-6,31,-5,32,-6,32,-5,33,-6,33,-4,33,-4,32,-3,33,-3,33,-1,33,-1,33,-1,32,0,31,0,32,1,32,0,0,2,31,2,32,3,34,5,33,4,34,3,35,4,36,4,38,4,36,4,36,6,34,5,33,6,32,5,31,5,28,6,27,5,27,6,26,6,26,5,28,6,28,5,30,5,31,6,30,4,30,3,28,2,26,0,24]"
CSI_DATA,134254,d8:b1:90:d9:de:f0,-63,11,-99,-40,66,56,1986887701,100,0,114,0,"[26,16,30,19,31,21,30,24,28,25,27,26,25,26,23,26,21,25,20,25,18,25,19,24,17,23,17,23,18,25,17,25,19,27,18,26,18,27,18,27,19,28,19,27,19,27,18,27,18,26,17,26,17,25,17,25,0,0,18,25,18,26,18,28,19,27,19,28,20,31,19,31,19,32,19,31,18,30,17,30,17,31,15,30,16,27,13,25,13,26,13,25,12,24,13,25,11,26,12,26,11,30,10,28,10,31,9,30,6,28,2,26,1,25]"
CSI_DATA,134255,d8:b1:90:d9:de:f0,-64,11,-99,-39,66,56,1986907718,100,0,114,0,"[26,-13,29,-14,33,-14,34,-13,35,-11,34,-11,32,-8,32,-10,31,-8,31,-7,30,-6,28,-6,30,-7,29,-7,30,-8,30,-8,30,-10,31,-8,32,-10,30,-10,31,-11,30,-12,30,-12,28,-12,28,-12,28,-13,26,-13,29,-14,0,0,28,-14,26,-15,28,-15,29,-16,29,-19,30,-19,30,-20,29,-20,30,-19,29,-19,29,-19,25,-17,25,-17,25,-17,23,-15,22,-15,21,-16,22,-17,21,-15,23,-17,24,-17,24,-17,23,-16,25,-16,26,-15,25,-13,22,-11,21,-8]"
CSI_DATA,134256,d8:b1:90:d9:de:f0,-63,11,-99,-39,66,56,1986917858,100,0,114,0,"[-30,-4,-33,-6,-34,-10,-34,-11,-34,-14,-32,-15,-32,-16,-28,-15,-28,-16,-26,-15,-25,-16,-25,-17,-25,-17,-25,-17,-24,-19,-24,-20,-24,-17,-25,-20,-25,-19,-25,-20,-24,-20,-25,-20,-25,-20,-25,-20,-25,-20,-23,-20,-24,-19,-24,-19,0,0,-23,-19,-24,-20,-25,-19,-26,-22,-25,-22,-26,-23,-28,-24,-26,-24,-28,-24,-26,-24,-24,-23,-23,-23,-22,-22,-20,-21,-20,-21,-17,-20,-17,-20,-17,-19,-17,-20,-19,-22,-20,-24,-17,-24,-16,-26,-15,-26,-14,-26,-12,-25,-10,-23,-6,-21]"
CSI_DATA,134257,d8:b1:90:d9:de:f0,-63,11,-99,-40,66,56,1986928445,100,0,114,0,"[26,-17,30,-18,33,-17,34,-17,36,-17,36,-17,34,-13,34,-15,31,-13,31,-13,28,-12,27,-12,28,-12,28,-13,27,-12,28,-12,30,-15,31,-16,32,-17,31,-17,31,-18,28,-19,26,-19,27,-19,27,-18,25,-18,25,-19,24,-20,0,0,23,-23,24,-23,24,-24,24,-25,24,-26,24,-27,23,-27,23,-28,24,-27,23,-27,21,-27,21,-27,20,-26,18,-25,19,-24,18,-24,17,-24,17,-23,16,-24,17,-25,18,-25,18,-26,17,-26,18,-25,21,-23,20,-21,17,-19,17,-16]"
CSI_DATA,134258,d8:b1:90:d9:de:f0,-64,11,-99,-41,67,56,1986947681,100,0,114,0,"[0,28,-2,31,-4,32,-6,33,-7,34,-8,32,-10,30,-11,30,-10,28,-11,28,-9,25,-11,25,-12,25,-10,24,-11,25,-11,25,-12,26,-14,27,-13,28,-13,27,-13,27,-11,28,-12,27,-10,27,-13,26,-12,26,-12,26,-11,26,0,0,-12,25,-12,27,-12,27,-13,29,-14,29,-15,31,-14,31,-14,30,-14,30,-16,28,-15,28,-15,26,-14,25,-13,23,-13,23,-13,23,-13,21,-14,22,-13,21,-15,22,-16,23,-15,23,-18,24,-20,23,-20,20,-20,19,-20,18,-16,13]"
CSI_DATA,134259,d8:b1:90:d9:de:f0,-63,11,-99,-40,66,56,1986957822,100,0,114,0,"[19,25,20,28,20,30,21,32,20,31,20,33,18,31,19,31,19,28,19,26,18,25,17,25,18,26,18,24,19,25,19,24,23,24,21,25,24,26,25,24,25,24,26,21,27,20,26,18,26,18,25,18,25,16,28,16,0,0,30,11,28,12,32,12,33,12,36,12,35,10,38,9,36,9,35,8,35,8,34,8,33,6,32,4,31,3,28,2,30,3,27,1,31,0,28,-1,30,-1,31,-2,31,-2,31,-1,34,1,33,0,32,1,26,2,24,3]"
CSI_DATA,134260,d8:b1:90:d9:de:f0,-63,11,-99,-36,65,56,1986977640,100,0,114,0,"[27,-16,30,-16,33,-16,35,-15,34,-12,35,-11,33,-9,34,-9,32,-9,31,-8,31,-6,28,-4,30,-5,30,-4,28,-4,30,-3,31,-5,32,-4,33,-4,32,-5,33,-4,33,-5,32,-5,31,-4,33,-5,31,-4,30,-5,31,-6,0,0,32,-5,28,-5,32,-6,33,-6,34,-5,34,-5,35,-6,34,-6,35,-6,34,-5,33,-4,32,-4,31,-4,31,-4,28,-4,28,-2,27,-3,28,-3,30,-3,31,-2,31,-3,31,-1,31,0,31,2,31,3,30,3,25,4,23,5]"
CSI_DATA,134261,d8:b1:90:d9:de:f0,-63,11,-99,-35,65,56,1986987713,100,0,114,0,"[16,-24,19,-26,21,-28,22,-29,22,-29,22,-29,22,-28,22,-26,20,-25,20,-25,17,-23,16,-24,16,-25,15,-24,15,-26,14,-26,14,-28,15,-29,13,-29,12,-30,12,-31,10,-31,8,-31,6,-31,7,-30,4,-30,3,-30,3,-31,0,0,1,-30,0,-31,-1,-32,-2,-33,-3,-35,-3,-34,-4,-35,-5,-37,-6,-35,-6,-34,-8,-33,-8,-32,-10,-30,-10,-29,-10,-26,-10,-25,-11,-24,-10,-24,-12,-24,-12,-26,-12,-26,-14,-28,-15,-28,-14,-28,-11,-26,-12,-26,-11,-25,-10,-21]"
CSI_DATA,134262,d8:b1:90:d9:de:f0,-63,11,-99,-40,66,56,1987007648,100,0,114,0,"[17,-27,19,-30,21,-31,25,-30,26,-30,26,-27,26,-25,26,-25,26,-23,26,-21,25,-20,25,-18,24,-20,24,-19,26,-19,24,-19,26,-20,27,-19,27,-20,27,-20,27,-20,27,-20,27,-19,25,-19,26,-19,25,-20,25,-20,26,-21,0,0,24,-19,26,-21,25,-21,26,-23,27,-21,28,-23,30,-21,28,-23,30,-23,30,-21,27,-21,26,-20,25,-19,24,-18,24,-17,23,-16,23,-17,23,-16,23,-16,26,-15,27,-15,27,-16,26,-16,28,-15,27,-12,27,-10,26,-8,23,-6]"
CSI_DATA,134263,d8:b1:90:d9:de:f0,-63,11,-99,-40,66,56,1987017730,100,0,114,0,"[27,16,30,18,32,18,33,19,34,21,33,20,31,21,30,20,30,17,27,17,26,16,26,16,27,15,26,15,27,15,28,12,30,12,32,12,32,11,32,10,33,9,33,8,33,6,32,4,32,3,32,3,31,2,31,-1,0,0,32,-1,31,-3,31,-4,34,-4,35,-5,35,-6,36,-8,35,-9,34,-11,34,-11,33,-11,31,-11,28,-11,26,-11,26,-12,25,-11,23,-12,24,-13,24,-13,26,-16,26,-16,25,-16,26,-16,27,-16,25,-17,25,-15,23,-12,20,-11]"
CSI_DATA,134264,d8:b1:90:d9:de:f0,-63,11,-99,-40,66,56,1987028579,100,0,114,0,"[-21,-24,-21,-26,-21,-31,-21,-33,-20,-33,-19,-34,-18,-34,-15,-32,-13,-31,-13,-30,-12,-28,-10,-30,-10,-28,-10,-30,-10,-30,-9,-31,-10,-31,-11,-31,-12,-32,-12,-31,-13,-32,-13,-32,-13,-31,-12,-31,-11,-31,-11,-28,-12,-28,-11,-27,0,0,-13,-30,-12,-28,-13,-31,-16,-32,-16,-33,-15,-34,-15,-34,-15,-34,-16,-33,-12,-33,-13,-32,-12,-32,-11,-30,-11,-28,-11,-26,-10,-26,-10,-26,-9,-25,-10,-25,-10,-27,-10,-28,-9,-31,-9,-32,-6,-31,-5,-31,-3,-28,-3,-26,-1,-23]"
CSI_DATA,134265,d8:b1:90:d9:de:f0,-63,11,-99,-40,66,56,1987047654,100,0,114,0,"[-32,0,-35,0,-38,0,-38,-2,-40,-1,-39,-2,-38,-3,-36,-2,-33,-1,-32,-1,-31,0,-31,0,-31,1,-32,2,-31,4,-31,3,-32,4,-33,5,-34,6,-33,8,-32,10,-33,11,-31,11,-30,13,-30,13,-27,15,-26,16,-27,16,0,0,-24,19,-25,20,-24,21,-26,23,-24,24,-25,25,-24,27,-24,28,-23,28,-21,30,-20,27,-17,27,-16,26,-13,25,-15,25,-13,24,-12,25,-11,25,-11,25,-12,27,-12,28,-12,28,-11,28,-11,28,-12,27,-11,25,-10,24,-10,20]"
CSI_DATA,134266,d8:b1:90:d9:de:f0,-63,11,-99,-39,66,56,1987057693,100,0,114,0,"[-19,-23,-21,-26,-21,-29,-20,-31,-19,-33,-17,-31,-17,-31,-15,-29,-15,-30,-14,-28,-14,-28,-14,-26,-14,-24,-14,-25,-14,-25,-15,-26,-17,-28,-16,-29,-16,-26,-19,-26,-19,-26,-19,-28,-20,-26,-20,-25,-20,-23,-20,-23,-21,-22,-22,-21,0,0,-23,-21,-22,-21,-23,-20,-26,-23,-26,-22,-26,-23,-29,-23,-28,-23,-28,-22,-29,-20,-28,-20,-24,-20,-25,-19,-24,-17,-23,-16,-22,-15,-22,-14,-22,-13,-22,-14,-24,-15,-25,-14,-26,-17,-26,-17,-26,-17,-26,-17,-24,-17,-20,-17,-16,-14]"
CSI_DATA,134267,d8:b1:90:d9:de:f0,-63,11,-99,-40,66,56,1987067895,100,0,114,0,"[21,-23,24,-25,27,-25,30,-23,31,-23,32,-20,32,-18,32,-17,31,-17,31,-15,28,-15,28,-12,28,-12,28,-12,28,-11,28,-10,30,-11,31,-11,31,-13,31,-12,33,-12,32,-12,32,-11,28,-12,31,-11,30,-11,30,-12,31,-12,0,0,30,-11,28,-12,28,-12,32,-12,34,-13,33,-12,33,-11,35,-11,34,-11,34,-11,34,-11,31,-10,30,-9,28,-6,28,-8,27,-8,25,-6,27,-6,27,-6,30,-5,31,-6,31,-5,31,-4,32,-3,32,-1,30,1,26,0,23,2]"
CSI_DATA,134268,d8:b1:90:d9:de:f0,-63,11,-99,-36,65,56,1987087690,100,0,114,0,"[32,-1,35,0,38,1,40,2,39,3,39,4,36,5,36,5,33,5,32,5,31,5,30,4,31,3,30,3,30,3,31,2,33,2,32,2,34,2,33,1,33,0,33,1,32,0,32,-1,32,-2,31,-3,31,-2,32,-4,0,0,31,-5,31,-6,32,-6,33,-8,34,-8,35,-8,34,-8,36,-9,36,-10,33,-10,33,-11,32,-9,30,-11,28,-10,27,-10,28,-10,25,-9,27,-11,27,-11,28,-11,30,-11,28,-11,28,-10,30,-11,31,-10,30,-8,25,-6,23,-5]"
CSI_DATA,134269,d8:b1:90:d9:de:f0,-63,11,-99,-39,66,56,1987097733,100,0,114,0,"[-14,26,-16,29,-20,31,-22,31,-23,29,-23,28,-23,24,-24,24,-22,24,-23,21,-22,21,-21,19,-22,20,-22,20,-23,20,-24,19,-24,22,-24,21,-25,21,-24,21,-25,22,-23,21,-24,21,-23,21,-24,20,-23,21,-22,20,-22,21,0,0,-24,21,-22,21,-23,22,-24,23,-24,23,-25,23,-26,24,-26,24,-26,22,-26,23,-24,22,-24,21,-23,21,-22,19,-21,17,-22,17,-20,16,-22,16,-23,16,-24,16,-25,17,-24,17,-24,16,-25,15,-26,13,-25,12,-23,10,-22,7]"
CSI_DATA,134270,d8:b1:90:d9:de:f0,-63,11,-99,-41,66,56,1987117787,100,0,114,0,"[15,-27,17,-29,21,-30,21,-30,23,-33,23,-30,23,-30,22,-28,22,-27,21,-24,21,-24,21,-23,20,-24,20,-23,20,-24,20,-24,19,-26,20,-27,20,-27,19,-29,17,-29,19,-30,17,-29,16,-29,16,-28,14,-28,14,-27,14,-28,0,0,10,-28,11,-29,11,-30,11,-33,10,-33,10,-35,10,-35,10,-36,10,-34,10,-35,9,-35,8,-33,7,-32,5,-29,8,-28,7,-28,5,-28,5,-27,5,-30,5,-29,7,-29,5,-30,5,-30,7,-32,9,-29,8,-27,9,-26,8,-21]"
CSI_DATA,134271,d8:b1:90:d9:de:f0,-63,9,-99,-40,66,56,1987131336,268,0,106,0,"[-45,17,27,1,9,0,95,1,45,0,106,1,41,0,84,1,45,0,36,1,38,0,13,1,43,0,-18,0,47,0,-26,0,30,0,-54,0,9,0,-98,0,-10,17,115,0,-4,17,19,0,31,0,-73,17,0,0,0,0,-101,0,132,17,-11,0,123,17,43,1,-138,17,45,1,-110,17,0,1,-92,17,-58,0,-106,17,-103,0,-124,17,-123,0,-146,17,-109,0,-140,17,-88,0,-103,17,-92,0,-38,17,-147,0,48,0,41,0]"
CSI_DATA,134272,d8:b1:90:d9:de:f0,-64,11,-99,-38,66,56,1987147721,100,0,114,0,"[-26,14,-29,15,-30,15,-31,13,-33,16,-32,14,-32,10,-31,9,-30,10,-30,8,-25,10,-28,8,-28,9,-27,9,-27,9,-27,10,-27,10,-29,14,-29,14,-29,11,-28,15,-29,16,-27,13,-25,17,-27,15,-26,16,-25,16,-26,18,0,0,-23,17,-22,21,-22,20,-25,22,-23,22,-25,22,-25,25,-26,23,-23,25,-25,25,-23,25,-20,23,-19,21,-18,20,-16,22,-17,21,-17,21,-17,22,-17,22,-19,22,-18,21,-17,25,-19,23,-19,23,-19,22,-19,20,-18,19,-16,17]"
CSI_DATA,134273,d8:b1:90:d9:de:f0,-63,11,-99,-40,66,56,1987157696,100,0,114,0,"[-11,-30,-11,-32,-9,-35,-9,-36,-8,-38,-5,-38,-5,-35,-3,-34,-3,-33,-2,-32,-1,-31,-1,-31,0,-31,-1,-31,0,-31,-1,-31,-1,-32,0,-32,0,-34,0,-33,-2,-34,-1,-33,-2,-32,-2,-32,-2,-32,-3,-32,-2,-31,-2,-28,0,0,-3,-30,-4,-32,-3,-32,-3,-34,-4,-35,-3,-36,-3,-36,-3,-38,-3,-35,-3,-35,-2,-35,-2,-34,-2,-32,-2,-31,-2,-28,-1,-28,-1,-28,-2,-27,-1,-28,-1,-30,0,-31,0,-32,0,-33,2,-32,2,-28,3,-26,5,-26,6,-24]"
CSI_DATA,134274,d8:b1:90:d9:de:f0,-64,11,-99,-39,66,56,1987167764,100,0,114,0,"[-11,29,-13,30,-15,32,-16,33,-15,33,-15,33,-15,31,-14,30,-13,29,-13,29,-12,28,-11,26,-10,28,-10,29,-8,30,-8,30,-6,31,-7,32,-6,31,-4,31,-2,32,-2,33,0,32,2,32,1,31,2,30,4,30,4,28,0,0,7,30,8,30,8,30,11,31,12,31,13,32,15,32,17,32,15,30,16,30,17,29,17,26,17,25,17,24,16,22,17,21,17,20,17,20,19,20,20,20,21,19,22,21,23,21,22,20,20,20,20,17,16,17,14,16]"
CSI_DATA,134275,d8:b1:90:d9:de:f0,-63,11,-99,-40,66,56,1987187778,100,0,114,0,"[-1,-32,1,-34,3,-36,4,-36,5,-36,5,-35,8,-35,9,-32,8,-31,10,-30,9,-28,10,-28,11,-30,11,-30,10,-30,10,-30,11,-31,11,-32,10,-31,11,-32,10,-31,9,-32,10,-31,9,-31,10,-32,9,-30,9,-30,9,-28,0,0,8,-30,8,-30,9,-31,10,-33,8,-33,9,-34,9,-35,10,-35,10,-34,11,-34,10,-32,9,-33,10,-32,9,-28,10,-28,9,-26,9,-26,9,-25,9,-25,10,-27,11,-28,11,-28,12,-30,13,-28,16,-26,15,-24,16,-24,13,-19]"
CSI_DATA,134276,d8:b1:90:d9:de:f0,-63,11,-99,-39,66,56,1987207646,100,0,114,0,"[26,15,29,17,30,20,30,20,32,23,30,22,29,23,28,21,26,20,24,19,24,19,22,19,24,17,24,19,24,19,24,17,26,16,28,17,28,16,29,15,30,16,30,15,29,14,29,13,30,12,28,12,29,11,29,8,0,0,30,7,30,7,30,6,34,6,34,6,34,6,35,6,35,6,35,4,34,4,34,3,32,3,32,2,30,1,30,0,29,0,29,0,28,0,29,-1,29,0,30,0,30,0,31,1,31,1,31,0,29,1,26,3,24,4]"
CSI_DATA,134277,d8:b1:90:d9:de:f0,-63,11,-99,-39,66,56,1987227778,100,0,114,0,"[17,-24,20,-26,23,-29,24,-29,24,-31,22,-30,23,-28,22,-26,20,-25,20,-24,17,-24,17,-24,15,-24,16,-25,15,-25,15,-29,14,-30,12,-30,12,-31,12,-31,10,-32,8,-32,8,-31,4,-31,4,-31,3,-30,2,-30,1,-30,0,0,-1,-30,-2,-31,-3,-32,-5,-33,-6,-35,-6,-34,-8,-34,-8,-34,-11,-33,-10,-33,-12,-32,-12,-31,-13,-30,-13,-28,-13,-25,-13,-25,-13,-23,-13,-23,-15,-22,-15,-23,-17,-23,-19,-25,-19,-24,-19,-24,-16,-23,-16,-24,-14,-21,-12,-20]"
CSI_DATA,134278,d8:b1:90:d9:de:f0,-64,11,-99,-40,67,56,1987240760,100,0,114,0,"[28,6,30,7,31,9,31,9,34,11,33,11,32,11,30,11,29,9,26,9,26,9,26,9,26,8,26,9,26,8,27,8,27,8,30,8,29,8,30,7,29,6,30,4,29,4,28,3,29,3,28,3,28,2,29,1,0,0,28,-1,29,-2,30,-3,31,-2,31,-3,32,-4,33,-4,32,-3,32,-5,32,-5,31,-5,29,-4,27,-5,25,-6,26,-6,26,-6,25,-6,25,-7,25,-7,26,-7,26,-7,26,-8,26,-7,27,-6,27,-5,25,-4,23,-3,22,-2]"
CSI_DATA,134279,d8:b1:90:d9:de:f0,-63,11,-99,-39,66,56,1987257830,100,0,114,0,"[-13,-29,-14,-31,-15,-33,-14,-37,-14,-37,-14,-37,-13,-33,-13,-34,-13,-29,-13,-29,-12,-28,-13,-26,-14,-25,-15,-26,-15,-25,-15,-25,-19,-28,-17,-26,-21,-26,-21,-23,-23,-25,-22,-23,-24,-22,-24,-20,-25,-19,-25,-19,-26,-16,-28,-15,0,0,-29,-14,-29,-12,-30,-12,-30,-11,-33,-11,-33,-10,-34,-10,-35,-8,-35,-7,-34,-4,-33,-4,-32,-4,-31,-3,-29,-1,-28,-1,-30,-1,-28,0,-29,2,-28,2,-28,2,-29,4,-30,3,-29,3,-30,3,-30,4,-29,3,-24,1,-23,0]"
CSI_DATA,134280,d8:b1:90:d9:de:f0,-63,11,-99,-39,66,56,1987267910,100,0,114,0,"[-26,-17,-28,-21,-29,-22,-29,-25,-29,-25,-28,-26,-25,-26,-24,-25,-24,-22,-22,-22,-21,-22,-20,-21,-21,-22,-21,-21,-21,-21,-22,-21,-23,-21,-25,-22,-25,-22,-24,-21,-26,-21,-28,-20,-25,-19,-26,-17,-25,-17,-26,-17,-26,-15,-26,-14,0,0,-29,-13,-29,-12,-31,-13,-31,-14,-33,-13,-34,-13,-33,-12,-33,-13,-33,-11,-33,-11,-32,-11,-31,-11,-30,-10,-29,-7,-28,-7,-28,-6,-26,-6,-26,-4,-26,-5,-26,-6,-29,-6,-29,-6,-29,-8,-30,-10,-29,-8,-28,-8,-24,-10,-20,-10]"
CSI_DATA,134281,d8:b1:90:d9:de:f0,-64,11,-99,-39,66,56,1987279174,100,0,114,0,"[-30,1,-33,0,-37,0,-38,-1,-37,-2,-37,-2,-35,-2,-35,-2,-32,-2,-31,-2,-29,-1,-29,0,-30,0,-29,1,-29,0,-29,2,-32,3,-32,4,-33,5,-33,6,-32,7,-31,7,-29,8,-29,10,-29,11,-26,12,-26,11,-25,14,0,0,-28,16,-24,15,-26,19,-26,20,-28,21,-26,22,-25,22,-26,23,-25,23,-24,23,-23,24,-22,22,-20,23,-19,22,-17,22,-17,22,-14,22,-15,22,-15,22,-15,23,-15,23,-15,24,-15,23,-16,26,-17,24,-16,23,-14,20,-13,17]"
CSI_DATA,134282,d8:b1:90:d9:de:f0,-63,11,-99,-40,66,56,1987297717,100,0,114,0,"[-31,-10,-33,-11,-35,-13,-35,-15,-35,-16,-34,-16,-33,-16,-32,-16,-31,-15,-30,-15,-27,-13,-28,-12,-30,-12,-28,-12,-28,-12,-30,-11,-32,-10,-33,-11,-33,-10,-33,-10,-33,-10,-33,-8,-32,-8,-32,-5,-33,-4,-31,-3,-32,-2,-32,-1,0,0,-33,-1,-33,1,-34,1,-35,1,-35,2,-36,2,-36,3,-38,3,-36,4,-36,5,-34,5,-33,4,-32,5,-30,5,-28,6,-30,6,-27,6,-27,8,-27,8,-28,8,-30,8,-30,8,-31,8,-32,8,-32,8,-31,5,-26,4,-25,3]"
CSI_DATA,134283,d8:b1:90:d9:de:f0,-63,11,-99,-41,66,56,1987317719,100,0,114,0,"[-17,27,-21,29,-24,29,-28,28,-28,26,-29,24,-29,21,-29,20,-27,19,-28,16,-27,16,-27,14,-28,14,-28,14,-28,13,-29,13,-29,13,-30,13,-32,15,-32,13,-32,13,-32,11,-30,10,-30,11,-30,11,-28,10,-29,9,-30,11,0,0,-32,9,-32,10,-32,10,-33,10,-34,10,-35,9,-35,8,-35,8,-38,7,-36,5,-35,5,-33,5,-32,4,-32,3,-30,2,-29,2,-28,2,-28,2,-28,0,-30,0,-30,-1,-32,-2,-29,-2,-33,-4,-32,-7,-29,-9,-26,-8,-22,-9]"
CSI_DATA,134284,d8:b1:90:d9:de:f0,-63,11,-99,-40,66,56,1987327825,100,0,114,0,"[-17,-27,-18,-30,-18,-32,-18,-34,-18,-38,-17,-34,-15,-36,-13,-33,-15,-32,-11,-32,-11,-28,-12,-28,-12,-27,-12,-26,-13,-27,-13,-27,-15,-27,-17,-30,-18,-30,-18,-28,-18,-28,-19,-28,-19,-27,-20,-25,-20,-25,-19,-24,-20,-23,-20,-23,0,0,-23,-20,-24,-21,-24,-20,-26,-21,-27,-23,-27,-23,-30,-24,-28,-24,-28,-20,-30,-20,-28,-19,-27,-19,-26,-16,-24,-16,-26,-15,-24,-13,-25,-13,-24,-11,-24,-12,-25,-13,-26,-15,-27,-13,-27,-15,-27,-15,-26,-13,-23,-13,-20,-15,-18,-13]"
CSI_DATA,134285,d8:b1:90:d9:de:f0,-63,11,-99,-39,66,56,1987338178,100,0,114,0,"[-25,17,-29,17,-32,17,-34,16,-37,14,-37,13,-34,11,-33,8,-32,8,-31,7,-30,7,-30,5,-29,6,-29,6,-29,4,-29,4,-31,5,-33,5,-33,5,-32,5,-32,5,-32,4,-31,4,-31,5,-30,4,-30,5,-30,5,-30,6,0,0,-30,6,-31,6,-32,7,-33,7,-33,6,-33,5,-34,6,-37,5,-35,6,-35,5,-33,4,-32,4,-31,3,-29,3,-29,3,-28,2,-26,2,-26,3,-26,2,-29,2,-30,2,-30,2,-30,0,-30,-2,-30,-3,-28,-4,-24,-4,-22,-5]"
CSI_DATA,134286,d8:b1:90:d9:de:f0,-63,11,-99,-40,66,56,1987357733,100,0,114,0,"[30,10,33,12,33,15,34,16,35,17,33,17,31,17,31,16,30,15,28,13,26,13,27,13,27,13,27,11,27,11,27,11,30,11,31,12,32,11,31,9,33,9,33,8,32,6,31,6,31,5,32,5,31,3,32,1,0,0,31,1,32,0,32,0,34,-1,35,-1,35,-3,35,-4,36,-2,36,-4,34,-5,34,-5,33,-4,31,-4,30,-5,28,-6,28,-5,26,-6,28,-9,28,-8,28,-8,30,-9,30,-8,30,-8,32,-8,31,-8,30,-6,26,-3,24,-3]"
CSI_DATA,134287,d8:b1:90:d9:de:f0,-63,11,-99,-40,66,56,1987368781,100,0,114,0,"[-26,17,-30,18,-32,17,-34,15,-36,13,-35,11,-34,8,-33,6,-33,8,-33,5,-31,4,-31,4,-30,3,-32,3,-32,1,-31,1,-32,1,-35,1,-34,0,-34,0,-32,-1,-33,0,-33,-1,-32,0,-34,0,-31,0,-31,-1,-31,-2,0,0,-32,-2,-33,-2,-32,-2,-34,-2,-33,-4,-34,-4,-35,-4,-36,-5,-36,-5,-35,-6,-34,-6,-31,-8,-30,-8,-27,-8,-28,-8,-27,-8,-26,-9,-26,-8,-27,-9,-26,-10,-27,-11,-27,-12,-27,-13,-26,-15,-25,-16,-21,-16,-19,-16,-16,-15]"
CSI_DATA,134288,d8:b1:90:d9:de:f0,-63,9,-99,-36,65,56,1987380019,960,0,106,0,"[-10,0,139,0,70,1,77,0,94,1,23,0,71,1,0,0,33,1,-34,17,-8,0,-63,17,-35,0,-94,17,-50,0,-103,17,-80,0,-102,17,-127,0,-83,17,105,0,-43,17,21,0,-11,17,-76,17,8,0,0,0,0,0,39,17,-39,17,-25,16,-80,17,-39,16,-106,17,-31,16,-106,17,9,17,-71,17,62,17,-2,17,90,17,49,0,101,17,91,0,93,17,97,0,73,17,83,0,90,17,31,0,-142,17,-33,17,-62,17]"
CSI_DATA,134289,d8:b1:90:d9:de:f0,-63,9,-99,-41,66,56,1987391001,98,0,106,0,"[-14,16,90,0,-35,16,-116,0,-23,16,-70,0,8,17,-72,0,54,17,-97,0,93,17,-89,0,115,17,-93,0,133,17,-102,0,-147,17,-118,0,-128,17,149,0,-82,17,78,0,-15,17,8,0,65,0,-39,17,0,0,0,0,-54,0,-43,17,24,1,-14,17,58,1,24,0,45,1,39,0,5,1,30,0,-54,0,-26,17,-92,0,-72,17,-101,0,-95,17,-91,0,-90,17,-78,0,-62,17,-104,0,-9,17,139,0,52,0,41,0]"
CSI_DATA,134290,d8:b1:90:d9:de:f0,-64,11,-99,-40,67,56,1987400986,100,0,114,0,"[-26,-10,-28,-13,-29,-15,-29,-18,-28,-18,-27,-19,-25,-19,-24,-19,-24,-17,-22,-17,-21,-18,-21,-18,-20,-18,-20,-19,-20,-19,-20,-20,-22,-20,-22,-21,-23,-21,-22,-20,-22,-21,-23,-20,-22,-19,-22,-19,-22,-19,-21,-19,-21,-18,-22,-17,0,0,-23,-17,-23,-17,-23,-18,-24,-19,-25,-19,-25,-21,-26,-19,-26,-21,-25,-21,-24,-20,-23,-20,-23,-20,-22,-18,-21,-18,-20,-17,-19,-17,-18,-16,-19,-15,-20,-16,-20,-18,-20,-18,-20,-19,-19,-20,-17,-20,-17,-20,-15,-21,-12,-18,-10,-19]"
CSI_DATA,134291,d8:b1:90:d9:de:f0,-63,11,-99,-41,66,56,1987417643,100,0,114,0,"[33,-1,35,0,38,0,38,1,39,1,39,1,36,2,35,3,35,1,34,2,32,1,33,1,32,0,32,0,30,0,30,0,33,-2,35,-2,35,-4,35,-4,33,-4,34,-7,33,-5,30,-9,33,-8,30,-9,30,-9,29,-10,0,0,29,-13,29,-15,29,-15,30,-19,30,-17,30,-20,29,-20,30,-20,29,-21,30,-21,29,-21,27,-20,26,-19,22,-19,22,-21,21,-20,20,-20,20,-20,20,-20,20,-21,22,-21,21,-23,21,-22,22,-21,22,-20,21,-17,19,-17,17,-15]"
CSI_DATA,134292,d8:b1:90:d9:de:f0,-63,11,-99,-39,66,56,1987427786,100,0,114,0,"[-21,-22,-21,-25,-22,-28,-22,-30,-21,-32,-19,-32,-17,-31,-16,-31,-15,-29,-13,-28,-13,-28,-12,-28,-12,-26,-12,-28,-13,-29,-13,-28,-13,-28,-14,-29,-15,-30,-14,-28,-15,-30,-15,-29,-14,-26,-15,-26,-15,-28,-15,-26,-14,-26,-15,-24,0,0,-19,-24,-17,-25,-19,-26,-19,-28,-21,-30,-21,-30,-21,-29,-20,-30,-21,-28,-20,-28,-20,-26,-19,-26,-17,-25,-17,-23,-16,-23,-16,-23,-15,-22,-16,-21,-16,-22,-15,-22,-17,-23,-16,-25,-15,-25,-15,-26,-15,-24,-13,-25,-10,-24,-7,-21]"
CSI_DATA,134293,d8:b1:90:d9:de:f0,-63,11,-99,-39,66,56,1987438176,100,0,114,0,"[-8,30,-8,33,-12,35,-13,37,-13,37,-12,37,-12,33,-12,32,-11,32,-11,31,-10,31,-8,30,-7,30,-6,31,-5,32,-5,32,-5,33,-4,32,-3,33,-2,32,0,34,1,33,1,33,4,32,4,32,5,31,7,31,7,29,0,0,10,31,12,30,13,31,15,31,15,31,16,32,19,32,17,31,20,31,19,29,20,28,20,28,20,25,20,23,19,21,20,21,20,19,20,17,20,17,20,19,22,19,22,20,24,20,24,20,23,19,21,19,19,17,16,15]"
CSI_DATA,134294,d8:b1:90:d9:de:f0,-63,11,-99,-40,66,56,1987448728,100,0,114,0,"[18,-26,21,-26,24,-27,26,-28,26,-27,27,-26,27,-24,26,-23,25,-23,25,-20,24,-21,25,-19,25,-20,25,-19,24,-19,25,-19,26,-21,26,-23,27,-24,26,-23,25,-23,25,-24,25,-23,24,-24,24,-21,23,-21,23,-21,21,-23,0,0,20,-24,20,-24,21,-25,21,-27,21,-27,23,-28,23,-28,23,-30,23,-28,24,-28,23,-27,20,-26,19,-24,19,-25,18,-23,17,-21,17,-21,17,-21,17,-23,19,-23,19,-24,19,-24,19,-24,21,-24,24,-21,23,-19,21,-18,18,-15]"
CSI_DATA,134295,d8:b1:90:d9:de:f0,-63,11,-99,-40,66,56,1987467563,100,0,114,0,"[-10,-30,-9,-34,-8,-38,-6,-39,-5,-38,-3,-39,-2,-35,0,-36,-1,-34,0,-33,1,-31,1,-30,3,-30,3,-31,3,-31,3,-31,3,-34,5,-33,4,-35,4,-33,4,-34,3,-34,3,-33,2,-33,4,-32,4,-32,4,-31,4,-32,0,0,3,-31,4,-31,4,-33,4,-34,4,-36,5,-36,5,-38,5,-36,5,-35,5,-34,8,-33,8,-34,8,-31,6,-31,8,-28,8,-27,8,-26,8,-26,6,-27,10,-27,9,-27,11,-28,11,-28,15,-28,16,-26,15,-25,16,-23,16,-19]"
CSI_DATA,134296,d8:b1:90:d9:de:f0,-64,11,-99,-39,66,56,1987477844,100,0,114,0,"[-15,-25,-15,-29,-15,-32,-16,-32,-16,-33,-15,-33,-13,-31,-12,-30,-14,-28,-13,-28,-12,-24,-12,-26,-11,-25,-13,-25,-12,-26,-14,-25,-16,-26,-15,-28,-16,-26,-19,-26,-17,-26,-20,-24,-20,-23,-20,-23,-21,-22,-21,-22,-21,-22,-22,-20,0,0,-23,-17,-23,-19,-25,-19,-26,-17,-28,-19,-28,-20,-30,-17,-30,-17,-30,-16,-31,-15,-30,-15,-29,-15,-26,-14,-26,-12,-26,-11,-24,-11,-24,-10,-25,-7,-26,-7,-26,-7,-28,-7,-26,-10,-28,-11,-30,-12,-29,-10,-26,-11,-24,-12,-21,-11]"
CSI_DATA,134297,d8:b1:90:d9:de:f0,-63,11,-99,-39,66,56,1987497660,100,0,114,0,"[-30,4,-33,3,-35,1,-37,-1,-39,-3,-35,-4,-35,-5,-33,-7,-32,-6,-31,-7,-28,-8,-29,-10,-29,-7,-28,-10,-29,-11,-29,-11,-29,-11,-30,-12,-30,-12,-30,-11,-30,-13,-31,-12,-29,-12,-28,-11,-29,-12,-28,-12,-26,-11,-30,-12,0,0,-28,-12,-30,-12,-30,-12,-32,-14,-32,-14,-32,-14,-33,-16,-31,-16,-31,-15,-31,-16,-29,-15,-28,-16,-25,-16,-24,-13,-25,-13,-24,-14,-24,-14,-23,-14,-24,-15,-23,-16,-24,-16,-23,-17,-23,-21,-23,-22,-22,-23,-20,-22,-16,-22,-13,-19]"
CSI_DATA,134298,d8:b1:90:d9:de:f0,-64,11,-99,-39,66,56,1987507929,100,0,114,0,"[30,2,32,2,34,3,35,4,35,5,35,5,33,7,32,6,33,5,32,5,30,5,29,5,29,4,30,4,29,4,30,4,30,2,32,2,32,2,32,0,33,0,32,-2,31,-1,31,-2,30,-3,28,-3,29,-4,30,-5,0,0,30,-7,29,-8,30,-10,32,-11,32,-11,32,-13,33,-13,32,-12,32,-14,31,-14,31,-14,29,-13,26,-13,25,-13,24,-13,24,-13,23,-13,22,-14,23,-14,24,-14,25,-15,24,-15,24,-15,28,-16,29,-15,26,-13,23,-12,21,-10]"
CSI_DATA,134299,d8:b1:90:d9:de:f0,-64,11,-99,-38,66,56,1987527646,100,0,114,0,"[-27,15,-30,16,-33,16,-34,14,-37,13,-35,10,-34,8,-33,7,-32,6,-29,5,-29,5,-29,3,-29,3,-28,2,-29,3,-30,2,-29,2,-31,2,-31,2,-32,3,-32,2,-32,2,-31,2,-29,2,-31,1,-29,2,-30,2,-28,3,0,0,-31,2,-29,1,-31,1,-33,1,-33,1,-33,0,-33,1,-34,0,-33,0,-34,0,-33,0,-31,-2,-29,-1,-28,-1,-28,-2,-27,-3,-26,-2,-26,-3,-28,-3,-27,-3,-28,-5,-28,-5,-28,-6,-29,-9,-29,-9,-26,-10,-23,-10,-20,-11]"
CSI_DATA,134300,d8:b1:90:d9:de:f0,-63,11,-99,-40,66,56,1987540590,100,0,114,0,"[-19,26,-21,27,-25,30,-26,30,-28,31,-27,28,-26,27,-25,25,-24,25,-23,25,-20,24,-20,24,-19,24,-18,24,-18,26,-17,25,-18,27,-19,27,-17,28,-17,30,-16,31,-15,32,-13,31,-11,31,-11,31,-10,31,-8,30,-6,30,0,0,-6,32,-4,32,-4,34,-3,34,-1,35,-2,38,0,36,0,38,1,36,1,36,2,35,3,34,3,32,4,30,4,28,4,28,4,27,5,27,6,27,6,27,6,30,8,31,9,32,9,32,8,30,6,28,5,28,3,24]"
CSI_DATA,134301,d8:b1:90:d9:de:f0,-64,11,-99,-38,66,56,1987557716,100,0,114,0,"[19,23,19,27,19,31,18,32,15,33,14,32,11,32,10,31,10,31,7,29,7,28,7,27,5,28,5,27,6,29,5,30,5,31,4,31,4,31,4,30,5,31,5,32,6,31,5,30,4,29,4,29,4,29,5,29,0,0,6,28,4,30,4,31,4,32,4,34,5,35,5,34,4,35,2,32,3,33,2,32,1,32,0,30,1,29,1,27,-1,27,0,27,0,25,0,27,-1,27,-1,28,-3,29,-3,29,-6,30,-6,28,-8,26,-9,25,-9,19]"
CSI_DATA,134302,d8:b1:90:d9:de:f0,-63,11,-99,-41,66,56,1987567923,100,0,114,0,"[33,-2,35,-1,39,0,39,1,41,1,39,1,38,3,36,2,35,0,34,1,32,1,34,2,30,1,30,-1,30,-1,32,-1,32,-1,33,-3,34,-3,34,-3,34,-4,33,-8,33,-7,32,-8,34,-9,30,-8,30,-9,30,-11,0,0,29,-13,29,-15,28,-15,32,-16,29,-19,30,-20,32,-21,33,-21,30,-21,32,-22,29,-21,26,-19,24,-19,23,-17,22,-19,21,-19,21,-19,20,-20,20,-20,21,-21,22,-22,22,-23,22,-22,22,-21,23,-21,22,-19,21,-17,19,-15]"
CSI_DATA,134303,d8:b1:90:d9:de:f0,-63,9,-99,-40,66,56,1987586492,141,0,106,0,"[-9,0,-136,0,72,1,103,0,106,1,56,0,83,1,36,0,40,1,11,0,6,1,-3,17,-17,0,-27,17,-36,0,-48,17,-57,0,-42,17,-108,0,-30,17,108,0,-5,17,21,0,0,0,-83,17,-13,17,0,0,0,0,68,17,-125,17,27,17,105,17,23,17,57,17,43,17,50,17,68,17,85,17,85,17,-128,17,88,17,-65,17,71,17,-38,17,63,17,-42,17,68,17,-76,17,117,17,-106,17,-80,17,-130,17,26,0]"
CSI_DATA,134304,d8:b1:90:d9:de:f0,-63,11,-99,-40,66,56,1987597663,100,0,114,0,"[26,19,28,21,28,25,30,25,31,26,30,25,28,26,27,23,26,20,25,21,24,19,25,19,25,19,25,19,25,19,26,18,28,18,30,17,28,16,31,15,31,15,32,13,32,12,32,10,31,9,31,9,30,9,31,6,0,0,31,3,32,2,32,2,35,2,34,0,36,0,36,-1,36,-2,38,-3,36,-3,34,-4,33,-3,32,-3,30,-5,28,-6,27,-6,26,-6,26,-9,26,-10,27,-9,28,-10,30,-11,30,-10,30,-8,28,-10,27,-8,25,-5,23,-4]"
CSI_DATA,134305,d8:b1:90:d9:de:f0,-63,11,-99,-39,66,56,1987608093,100,0,114,0,"[-26,16,-29,17,-31,19,-33,17,-34,16,-33,15,-34,12,-33,12,-30,12,-30,10,-29,11,-28,7,-29,8,-29,10,-29,8,-29,8,-30,10,-32,10,-30,10,-31,10,-31,10,-31,12,-30,11,-29,12,-30,11,-28,11,-28,11,-29,12,0,0,-26,11,-28,13,-29,13,-30,14,-31,13,-31,15,-31,16,-33,15,-32,15,-32,15,-30,14,-29,15,-28,14,-24,14,-25,12,-25,11,-24,12,-24,12,-24,13,-26,13,-28,13,-28,13,-28,11,-29,10,-29,7,-29,5,-25,5,-23,4]"
CSI_DATA,134306,d8:b1:90:d9:de:f0,-63,11,-99,-40,66,56,1987627832,100,0,114,0,"[9,31,8,34,8,36,6,38,8,40,6,39,5,38,4,36,4,34,4,34,5,31,4,33,6,31,6,31,8,31,9,31,9,31,10,32,11,32,12,31,13,33,15,32,15,31,16,28,15,27,15,26,16,25,18,25,0,0,19,23,20,24,21,24,25,25,25,26,26,26,27,26,26,26,28,23,28,23,27,21,26,20,25,19,24,17,25,16,24,16,23,15,24,15,25,15,26,13,26,15,27,15,27,16,30,16,27,15,25,13,23,16,19,13]"
CSI_DATA,134307,d8:b1:90:d9:de:f0,-64,11,-99,-39,66,56,1987647899,100,0,114,0,"[25,16,26,20,26,23,25,24,26,28,23,28,22,28,20,25,19,25,16,26,15,24,15,26,15,25,15,25,14,28,14,28,13,26,15,29,14,28,14,28,14,29,14,30,14,29,14,28,13,29,13,26,12,26,13,26,0,0,13,26,14,29,13,29,14,31,14,31,14,33,15,33,14,33,13,32,13,33,11,31,10,31,8,30,7,28,8,29,7,25,7,26,7,25,7,26,6,28,6,29,5,30,3,32,3,31,0,30,0,26,-2,26,-3,21]"
CSI_DATA,134308,d8:b1:90:d9:de:f0,-64,9,-99,-39,66,56,1987663214,98,0,106,0,"[11,16,141,16,-70,15,-74,16,-94,15,-10,16,-62,15,24,0,-29,15,52,0,12,16,70,0,41,16,90,0,74,16,109,0,97,16,106,0,134,16,84,0,-100,16,40,0,-23,16,-21,16,61,0,-63,16,0,0,0,0,-56,0,-83,16,17,1,-81,16,53,1,-78,16,48,1,-74,16,3,1,-85,16,-65,0,-109,16,-132,0,-143,16,132,0,120,16,131,0,108,16,-140,0,120,16,-131,0,-123,16,-125,0,-41,16,134,0]"
CSI_DATA,134309,d8:b1:90:d9:de:f0,-63,11,-99,-39,66,56,1987677769,100,0,114,0,"[30,-11,33,-10,37,-10,38,-7,38,-4,38,-4,35,-2,34,-1,32,-1,32,0,31,1,30,2,30,1,30,2,29,3,31,3,31,3,32,4,33,3,32,3,33,4,32,4,31,4,32,4,32,4,30,3,30,4,30,5,0,0,31,3,33,3,32,4,34,4,33,5,35,4,34,5,35,6,35,6,34,5,33,5,32,6,31,6,29,6,30,6,28,7,25,6,26,6,26,6,29,8,30,8,30,10,29,12,29,13,28,14,25,14,23,14,19,14]"
CSI_DATA,134310,d8:b1:90:d9:de:f0,-63,11,-99,-40,66,56,1987697810,100,0,114,0,"[26,-19,30,-20,33,-20,35,-20,35,-19,35,-18,34,-16,34,-13,32,-15,31,-12,30,-12,30,-12,30,-12,28,-12,28,-12,28,-13,30,-13,31,-13,31,-15,31,-15,30,-16,30,-16,28,-15,27,-16,27,-15,27,-16,26,-17,25,-18,0,0,25,-19,24,-19,25,-20,26,-23,26,-21,27,-23,27,-24,27,-24,27,-24,27,-24,26,-23,24,-21,23,-21,21,-20,21,-19,20,-19,19,-18,20,-19,19,-18,21,-20,23,-20,23,-20,23,-21,25,-20,25,-19,25,-17,21,-16,20,-12]"
CSI_DATA,134311,d8:b1:90:d9:de:f0,-63,11,-99,-40,66,56,1987717709,100,0,114,0,"[15,-27,16,-30,19,-32,20,-33,21,-32,20,-32,20,-30,20,-28,18,-28,16,-27,17,-26,16,-26,15,-26,13,-26,13,-27,15,-28,13,-31,13,-31,12,-32,11,-31,9,-33,8,-33,5,-33,5,-33,4,-32,3,-33,2,-31,1,-31,0,0,-1,-32,-2,-32,-3,-33,-4,-34,-5,-35,-6,-35,-9,-36,-9,-36,-10,-35,-10,-33,-10,-33,-11,-32,-11,-30,-11,-28,-11,-26,-10,-26,-12,-25,-12,-24,-13,-24,-15,-26,-16,-26,-15,-27,-17,-27,-17,-28,-15,-26,-13,-26,-11,-25,-9,-21]"
CSI_DATA,134312,d8:b1:90:d9:de:f0,-63,11,-99,-39,66,56,1987727752,100,0,114,0,"[6,30,4,33,3,35,3,37,1,38,1,38,-1,37,-1,34,0,33,-1,32,-1,30,-1,31,-1,30,-1,30,-1,31,0,31,0,32,0,32,0,33,1,32,2,34,3,34,4,32,5,32,3,31,4,30,4,29,5,29,0,0,6,28,6,30,7,30,8,32,10,34,10,33,10,34,11,35,11,34,11,33,10,32,10,31,11,28,10,28,10,26,10,26,10,24,10,25,11,24,11,26,12,28,11,28,10,30,10,30,8,28,7,26,5,25,4,23]"
CSI_DATA,134313,d8:b1:90:d9:de:f0,-64,11,-99,-39,66,56,1987737785,100,0,114,0,"[15,26,14,30,14,33,13,34,12,38,10,35,8,35,6,32,6,32,4,31,5,30,3,31,2,29,2,31,2,30,1,31,2,32,2,32,3,31,2,32,2,32,3,32,2,31,3,31,2,32,1,30,2,30,2,29,0,0,2,30,3,30,2,30,3,33,2,33,1,33,1,34,1,37,2,34,1,34,0,34,0,32,0,31,-1,29,-1,28,-1,26,-2,26,-2,25,-2,28,-3,28,-3,29,-3,30,-5,31,-6,30,-6,28,-7,26,-10,25,-10,21]"
CSI_DATA,134314,d8:b1:90:d9:de:f0,-63,11,-99,-40,66,56,1987747796,100,0,114,0,"[4,32,3,35,3,36,2,38,2,39,1,39,1,36,1,35,1,34,1,32,2,31,2,31,2,30,4,30,4,31,4,28,5,32,6,31,8,32,9,31,10,33,11,33,12,31,13,30,13,28,15,27,13,25,16,26,0,0,19,24,19,25,20,25,23,24,25,26,26,27,26,27,27,27,26,24,27,24,27,23,26,21,26,19,25,17,25,16,25,16,25,13,25,15,25,13,26,13,27,13,27,15,28,16,30,16,27,13,26,13,24,15,19,12]"
CSI_DATA,134315,d8:b1:90:d9:de:f0,-63,11,-99,-39,66,56,1987767834,100,0,114,0,"[32,1,35,2,38,5,38,7,38,10,38,11,35,12,32,12,32,13,30,13,28,13,28,14,26,12,26,14,28,13,28,14,29,15,29,16,30,15,29,15,29,16,29,17,28,16,28,16,26,15,26,13,25,12,28,14,0,0,26,14,26,14,28,15,30,16,30,17,30,19,30,19,29,21,30,19,30,19,29,17,26,19,25,17,24,16,24,16,24,16,23,15,23,16,23,17,22,16,22,19,22,20,21,21,22,23,21,22,19,22,14,22,12,19]"
CSI_DATA,134316,d8:b1:90:d9:de:f0,-63,11,-99,-40,66,56,1987787843,100,0,114,0,"[-32,-5,-34,-8,-36,-9,-38,-11,-38,-11,-36,-12,-35,-13,-33,-13,-33,-11,-31,-12,-28,-11,-28,-11,-28,-11,-30,-11,-27,-11,-30,-11,-30,-11,-32,-10,-32,-10,-32,-10,-33,-10,-33,-9,-32,-10,-32,-6,-32,-8,-30,-6,-31,-5,-32,-5,0,0,-32,-4,-31,-3,-33,-2,-35,-3,-35,-2,-35,-2,-35,-2,-36,-2,-36,-1,-36,-1,-34,0,-33,-1,-31,-1,-30,1,-28,1,-28,0,-28,1,-28,0,-28,0,-30,1,-30,0,-31,0,-31,0,-31,-1,-32,-1,-30,-3,-25,-3,-23,-3]"
CSI_DATA,134317,d8:b1:90:d9:de:f0,-64,9,-99,-39,66,56,1987802902,141,0,106,0,"[-58,16,21,1,13,0,86,1,61,0,93,1,81,0,62,1,88,0,21,1,99,0,-17,0,105,0,-41,0,107,0,-66,0,105,0,-90,0,77,0,-120,0,32,0,102,0,-7,16,16,0,-25,16,-77,16,0,0,0,0,30,0,43,16,71,0,-26,15,109,0,-50,15,123,0,-26,15,89,0,3,16,37,0,49,16,-16,16,76,16,-48,16,81,16,-48,16,71,16,-21,16,62,16,31,0,92,16,86,0,-123,16,123,0]"
CSI_DATA,134318,d8:b1:90:d9:de:f0,-64,9,-99,-34,65,56,1987816422,144,0,106,0,"[34,0,27,1,109,0,68,1,-131,0,74,1,135,0,40,1,131,0,13,1,121,0,-20,0,118,0,-43,0,118,0,-56,0,97,0,-79,0,67,0,-107,0,26,0,105,0,-5,16,17,0,4,0,-83,16,0,0,0,0,123,0,65,16,-91,0,29,16,-30,0,42,16,-13,0,64,16,-57,0,97,16,-115,0,109,16,116,0,105,16,93,0,86,16,106,0,88,16,137,0,109,16,-119,0,-109,16,-130,0,-17,16,86,0]"
CSI_DATA,134319,d8:b1:90:d9:de:f0,-63,11,-99,-40,66,56,1987827653,100,0,114,0,"[-31,-5,-34,-8,-33,-9,-34,-10,-36,-12,-35,-13,-33,-16,-32,-15,-31,-12,-30,-13,-26,-13,-26,-15,-25,-16,-26,-16,-24,-18,-25,-16,-26,-15,-28,-16,-28,-18,-27,-17,-28,-16,-30,-16,-27,-16,-27,-13,-28,-15,-27,-16,-26,-15,-25,-13,0,0,-27,-13,-27,-13,-30,-15,-31,-15,-32,-15,-32,-16,-32,-16,-32,-17,-32,-15,-33,-17,-31,-18,-30,-17,-26,-16,-25,-13,-25,-13,-24,-15,-24,-13,-25,-15,-25,-13,-25,-15,-26,-16,-25,-17,-25,-18,-25,-20,-24,-20,-20,-19,-18,-19,-16,-19]"
CSI_DATA,134320,d8:b1:90:d9:de:f0,-63,11,-99,-40,66,56,1987837701,100,0,114,0,"[-9,31,-11,34,-12,35,-12,38,-13,38,-13,36,-13,35,-12,33,-10,33,-10,32,-10,31,-10,32,-8,30,-8,30,-6,31,-6,32,-4,34,-4,33,-3,34,-2,34,-1,34,0,33,2,34,3,33,4,32,4,31,4,31,8,31,0,0,12,30,10,31,11,31,15,32,16,33,17,33,19,32,19,33,20,31,18,30,20,28,19,28,19,26,19,24,19,21,18,21,18,19,19,18,19,19,23,19,21,19,24,20,24,20,24,21,23,20,21,19,19,18,16,17]"
CSI_DATA,134321,d8:b1:90:d9:de:f0,-64,11,-99,-41,67,56,1987851681,100,0,114,0,"[-11,26,-13,28,-15,29,-16,29,-19,30,-19,28,-20,26,-21,25,-19,25,-20,23,-18,21,-19,21,-20,20,-20,21,-19,20,-20,20,-20,23,-22,22,-21,22,-22,23,-21,22,-20,23,-20,21,-19,22,-20,22,-20,21,-20,21,-18,20,0,0,-19,22,-20,22,-19,22,-21,25,-20,24,-22,26,-22,26,-22,26,-22,25,-24,25,-23,24,-21,22,-20,21,-19,20,-19,19,-18,19,-19,19,-20,18,-19,19,-21,19,-21,19,-21,19,-23,19,-24,16,-24,13,-23,12,-22,11,-21,9]"
CSI_DATA,134322,d8:b1:90:d9:de:f0,-63,11,-99,-36,65,56,1987867683,100,0,114,0,"[-20,24,-23,26,-26,26,-28,28,-27,28,-27,27,-26,25,-26,25,-24,23,-24,24,-21,23,-19,23,-19,24,-19,24,-18,26,-18,27,-17,30,-17,27,-17,31,-15,30,-13,30,-12,31,-11,31,-9,31,-9,30,-5,30,-5,30,-4,31,0,0,-2,30,-2,30,-1,33,1,33,2,35,2,36,3,36,3,38,4,36,5,34,6,33,9,33,8,31,9,31,9,26,9,26,9,25,11,25,11,25,12,25,12,27,13,27,15,26,13,26,11,26,11,26,10,24,9,21]"
CSI_DATA,134323,d8:b1:90:d9:de:f0,-64,11,-99,-39,66,56,1987877736,100,0,114,0,"[25,17,26,21,28,22,29,24,28,24,28,24,25,24,24,23,23,22,22,22,21,21,20,21,20,20,21,21,21,22,21,22,23,21,23,21,23,21,24,20,25,20,26,17,25,17,25,16,25,15,24,16,24,15,25,14,0,0,26,13,28,13,29,13,30,12,31,13,32,13,32,13,33,13,34,12,32,12,32,12,30,12,30,11,29,10,26,8,26,7,25,6,25,5,26,6,28,6,30,6,30,8,30,10,29,10,29,10,28,11,23,10,19,10]"
CSI_DATA,134324,d8:b1:90:d9:de:f0,-63,11,-99,-41,66,56,1987888118,100,0,114,0,"[-5,32,-9,34,-11,35,-14,38,-14,35,-16,34,-17,32,-19,32,-16,29,-19,27,-19,26,-19,24,-19,24,-20,24,-19,23,-19,23,-20,26,-21,24,-22,24,-22,24,-22,26,-21,27,-21,26,-20,26,-21,24,-20,23,-20,22,-21,23,0,0,-21,23,-20,23,-21,26,-22,26,-23,26,-24,27,-24,27,-26,27,-27,26,-27,26,-26,24,-24,23,-24,21,-22,21,-22,19,-23,19,-21,17,-22,17,-23,17,-24,17,-26,17,-26,19,-27,17,-28,15,-28,11,-28,10,-26,9,-22,5]"
CSI_DATA,134325,d8:b1:90:d9:de:f0,-64,11,-99,-38,66,56,1987908073,100,0,114,0,"[-27,15,-29,14,-32,15,-33,14,-34,13,-34,11,-33,9,-31,9,-30,8,-30,8,-28,8,-28,6,-29,6,-27,8,-27,7,-28,7,-28,8,-29,8,-30,8,-29,9,-30,10,-30,10,-29,11,-28,11,-28,11,-27,13,-25,14,-26,14,0,0,-27,14,-26,15,-28,15,-28,17,-28,18,-30,18,-29,18,-30,17,-29,18,-29,19,-28,18,-26,17,-25,16,-22,17,-23,16,-23,15,-22,15,-22,15,-23,16,-23,16,-25,17,-25,17,-25,16,-26,16,-27,14,-27,11,-22,10,-20,7]"
CSI_DATA,134326,d8:b1:90:d9:de:f0,-63,11,-99,-39,66,56,1987927647,100,0,114,0,"[12,-26,15,-30,16,-31,17,-32,19,-31,19,-31,17,-30,17,-29,16,-29,15,-28,14,-26,13,-28,12,-26,11,-28,11,-28,10,-29,8,-31,8,-30,8,-32,6,-31,4,-32,4,-32,2,-32,1,-31,0,-31,-2,-30,-3,-29,-3,-29,0,0,-6,-30,-7,-29,-8,-31,-11,-31,-12,-33,-13,-33,-15,-33,-15,-34,-15,-31,-15,-30,-16,-29,-17,-29,-17,-26,-17,-25,-16,-22,-17,-23,-19,-21,-19,-20,-20,-21,-20,-20,-20,-21,-21,-21,-22,-21,-22,-22,-21,-21,-20,-20,-17,-20,-14,-17]"
CSI_DATA,134327,d8:b1:90:d9:de:f0,-63,11,-99,-39,66,56,1987937997,100,0,114,0,"[-25,-19,-28,-21,-29,-23,-28,-24,-29,-26,-26,-28,-25,-26,-23,-25,-23,-23,-22,-23,-21,-22,-21,-23,-21,-21,-20,-22,-20,-23,-20,-23,-22,-23,-24,-23,-24,-23,-23,-23,-23,-22,-24,-22,-24,-21,-24,-20,-24,-21,-23,-19,-23,-17,-23,-17,0,0,-26,-15,-26,-16,-26,-16,-30,-15,-30,-16,-31,-17,-30,-15,-32,-17,-32,-15,-31,-15,-30,-15,-29,-16,-26,-14,-25,-13,-26,-12,-24,-11,-24,-11,-23,-10,-24,-10,-26,-11,-28,-11,-28,-12,-28,-14,-28,-14,-26,-14,-24,-14,-21,-15,-17,-13]"
CSI_DATA,134328,d8:b1:90:d9:de:f0,-64,11,-99,-38,66,56,1987949353,100,0,114,0,"[-28,-9,-31,-10,-32,-13,-32,-15,-34,-15,-32,-15,-31,-16,-30,-16,-29,-13,-29,-14,-27,-13,-28,-13,-28,-11,-27,-11,-26,-10,-27,-11,-28,-9,-31,-10,-30,-9,-31,-9,-30,-7,-31,-6,-30,-6,-29,-3,-30,-3,-30,-4,-28,-2,-29,-1,0,0,-30,1,-30,1,-30,2,-32,3,-33,4,-34,4,-34,5,-34,5,-34,6,-34,7,-32,7,-30,8,-29,7,-28,8,-27,8,-26,8,-25,9,-25,10,-25,10,-27,10,-28,10,-27,10,-28,10,-29,10,-29,9,-27,8,-25,7,-22,5]"
CSI_DATA,134329,d8:b1:90:d9:de:f0,-63,11,-99,-39,66,56,1987967685,100,0,114,0,"[-30,3,-33,1,-35,1,-35,0,-39,-1,-37,-2,-35,-3,-34,-3,-32,-2,-31,-2,-29,-2,-30,-2,-31,-2,-30,-1,-30,-1,-30,-1,-31,0,-32,-1,-33,0,-31,2,-33,1,-33,4,-32,3,-31,5,-31,5,-31,5,-30,5,-29,7,0,0,-29,8,-29,10,-30,10,-32,12,-32,12,-32,14,-32,14,-32,14,-32,14,-32,15,-32,15,-30,13,-28,13,-25,15,-25,14,-25,13,-24,14,-24,14,-23,15,-24,16,-25,15,-24,16,-24,15,-29,15,-28,14,-26,13,-24,11,-21,8]"
CSI_DATA,134330,d8:b1:90:d9:de:f0,-63,11,-99,-39,66,56,1987978125,100,0,114,0,"[2,30,0,33,-1,35,-3,38,-4,37,-7,37,-7,34,-10,33,-10,31,-10,30,-10,29,-11,28,-12,26,-11,28,-11,29,-12,28,-11,29,-12,28,-13,29,-12,29,-13,30,-12,29,-12,28,-11,29,-12,28,-12,26,-12,25,-11,26,0,0,-11,28,-12,28,-13,29,-13,30,-14,32,-14,31,-14,31,-15,32,-15,31,-16,32,-16,30,-14,28,-14,26,-13,26,-14,23,-14,24,-12,22,-15,23,-13,22,-16,23,-16,24,-17,24,-17,24,-20,23,-21,20,-21,20,-20,17,-19,13]"
CSI_DATA,134331,d8:b1:90:d9:de:f0,-64,11,-99,-39,66,56,1987997664,100,0,114,0,"[-11,28,-13,30,-15,32,-16,33,-16,33,-17,32,-17,30,-17,29,-16,28,-16,26,-15,24,-15,24,-14,25,-14,25,-14,26,-14,28,-13,29,-14,29,-14,29,-13,30,-12,30,-10,31,-10,30,-7,30,-8,30,-7,29,-6,28,-6,29,0,0,-3,29,-3,29,-3,31,-2,33,-2,35,-1,35,-1,35,-1,35,-1,34,-1,34,1,34,1,31,2,31,2,31,2,28,2,29,2,28,2,28,3,28,2,29,3,30,3,30,4,31,3,31,2,30,1,28,0,26,-1,23]"
CSI_DATA,134332,d8:b1:90:d9:de:f0,-63,11,-99,-39,66,56,1988007681,100,0,114,0,"[-29,8,-32,7,-34,7,-37,5,-38,4,-35,2,-35,1,-34,0,-32,0,-31,-1,-29,-1,-28,-1,-31,0,-30,-1,-30,-1,-31,-2,-32,-1,-33,-1,-32,-1,-31,-2,-32,-1,-32,-1,-31,-1,-31,0,-31,-1,-30,-1,-29,0,-30,1,0,0,-30,2,-30,1,-31,1,-33,2,-34,2,-34,2,-35,1,-35,2,-35,1,-37,1,-34,2,-32,1,-30,1,-29,0,-29,1,-28,2,-28,0,-28,1,-28,0,-31,-1,-31,0,-30,-1,-31,-2,-32,-3,-32,-3,-29,-4,-25,-5,-21,-5]"
CSI_DATA,134333,d8:b1:90:d9:de:f0,-63,11,-99,-40,66,56,1988027594,100,0,114,0,"[5,-31,8,-34,9,-36,11,-38,12,-38,13,-35,12,-34,12,-33,12,-33,11,-31,11,-30,9,-30,9,-28,10,-30,8,-31,9,-32,6,-33,8,-33,8,-33,5,-33,5,-34,5,-34,3,-34,2,-33,1,-33,0,-32,0,-31,-2,-31,0,0,-2,-32,-4,-33,-4,-33,-4,-33,-5,-34,-5,-36,-8,-36,-8,-36,-9,-35,-9,-34,-9,-34,-10,-33,-9,-32,-10,-30,-9,-28,-9,-27,-9,-26,-10,-25,-11,-27,-10,-26,-11,-28,-12,-28,-12,-30,-11,-30,-10,-28,-10,-28,-6,-26,-5,-23]"
CSI_DATA,134334,d8:b1:90:d9:de:f0,-63,11,-99,-40,66,56,1988037683,100,0,114,0,"[20,26,19,31,19,33,18,35,17,36,16,35,13,35,12,34,10,32,10,31,9,30,8,30,9,28,9,30,9,30,9,32,10,32,10,33,10,33,10,33,11,32,11,33,10,32,11,31,10,30,11,30,11,30,12,30,0,0,11,28,12,31,13,30,12,32,13,33,13,34,15,34,13,34,15,34,12,33,13,32,13,33,12,31,11,30,12,27,11,27,10,26,10,26,10,26,10,28,10,28,10,30,8,31,8,31,8,30,5,28,3,27,2,25]"
CSI_DATA,134335,d8:b1:90:d9:de:f0,-63,11,-99,-39,66,56,1988047749,100,0,114,0,"[-30,0,-34,-2,-37,-4,-38,-6,-37,-8,-35,-11,-33,-13,-31,-13,-29,-13,-26,-12,-25,-13,-24,-14,-25,-14,-25,-15,-24,-16,-25,-17,-26,-17,-25,-19,-28,-19,-25,-19,-26,-20,-25,-20,-24,-21,-24,-20,-23,-20,-23,-19,-22,-19,-22,-19,0,0,-23,-21,-23,-20,-24,-22,-24,-23,-24,-24,-23,-25,-24,-26,-22,-28,-23,-28,-23,-26,-22,-26,-19,-26,-19,-25,-17,-24,-16,-24,-16,-23,-14,-23,-14,-23,-14,-24,-13,-25,-13,-26,-12,-29,-11,-29,-8,-30,-8,-30,-5,-29,-4,-26,-2,-24]"
CSI_DATA,134336,d8:b1:90:d9:de:f0,-63,11,-99,-40,66,56,1988059074,100,0,114,0,"[25,19,26,23,25,26,26,28,24,31,24,31,21,30,19,31,19,28,17,27,16,27,16,27,15,26,15,27,15,28,15,28,15,27,13,28,15,28,15,28,16,31,16,30,16,28,16,30,15,27,15,26,13,26,16,26,0,0,15,27,15,28,16,28,16,31,17,31,16,32,18,32,17,33,16,32,15,32,15,32,13,30,12,28,12,26,10,26,10,25,10,25,10,24,10,25,10,27,10,28,9,28,9,31,8,30,4,28,3,28,1,26,1,24]"
CSI_DATA,134337,d8:b1:90:d9:de:f0,-64,11,-99,-38,66,56,1988077650,100,0,114,0,"[21,-21,26,-22,29,-22,31,-21,33,-20,32,-16,33,-15,31,-14,29,-11,30,-9,28,-7,28,-8,27,-7,28,-6,28,-5,29,-5,29,-6,31,-5,31,-5,31,-4,31,-4,32,-5,31,-4,30,-4,30,-4,29,-4,28,-3,29,-4,0,0,30,-3,31,-4,30,-3,33,-3,33,-3,34,-2,35,-1,35,0,34,0,34,0,33,1,30,1,30,2,28,1,28,2,27,4,27,3,27,3,27,4,28,6,28,7,29,8,29,9,29,10,28,13,26,15,22,13,19,13]"
CSI_DATA,134338,d8:b1:90:d9:de:f0,-63,11,-99,-39,66,56,1988087687,100,0,114,0,"[24,21,25,23,25,24,25,26,28,28,24,28,24,29,23,26,22,23,20,23,20,22,20,23,20,22,20,21,19,20,20,21,22,21,24,21,23,21,25,21,25,21,28,20,25,19,26,16,28,16,26,16,26,14,26,13,0,0,29,12,29,11,30,11,33,12,32,11,33,11,34,10,35,11,34,8,35,10,34,8,31,7,29,6,28,5,29,3,28,4,29,3,29,3,29,4,29,2,31,3,30,3,32,4,32,5,32,4,29,5,26,5,23,5]"
CSI_DATA,134339,d8:b1:90:d9:de:f0,-63,11,-99,-39,66,56,1988107643,100,0,114,0,"[26,13,29,17,30,21,29,23,29,24,25,26,24,25,22,26,21,26,20,25,17,24,16,25,17,25,16,25,16,26,15,26,16,28,15,28,16,29,15,26,16,29,15,30,14,29,14,29,14,28,14,28,13,26,13,28,0,0,14,26,13,28,14,30,13,30,13,33,13,34,12,34,12,34,12,33,11,32,11,32,10,33,8,31,7,29,7,28,6,28,5,26,5,26,5,28,3,29,3,30,1,31,0,32,1,32,-1,30,-2,29,-4,26,-5,22]"
CSI_DATA,134340,d8:b1:90:d9:de:f0,-64,11,-99,-35,65,56,1988117673,100,0,114,0,"[30,6,33,7,34,8,35,11,37,11,35,11,33,12,33,11,32,10,30,10,29,8,29,10,29,10,29,10,30,8,30,8,30,6,31,7,32,5,31,5,33,4,32,3,32,2,31,0,30,1,30,1,29,1,31,-1,0,0,30,-4,30,-3,31,-4,32,-6,33,-6,34,-7,33,-8,35,-8,33,-10,34,-10,33,-8,31,-8,29,-8,26,-10,25,-10,26,-8,25,-11,25,-11,25,-12,26,-12,26,-13,26,-13,26,-12,28,-11,29,-11,26,-10,23,-8,22,-5]"
CSI_DATA,134341,d8:b1:90:d9:de:f0,-64,11,-99,-38,66,56,1988137649,100,0,114,0,"[29,-5,32,-4,34,-2,35,0,37,2,37,5,34,5,34,6,31,5,30,6,29,7,27,7,28,8,28,9,28,10,28,10,28,10,28,11,29,11,28,11,29,11,30,13,29,13,29,11,27,11,26,13,25,9,29,10,0,0,28,11,27,13,29,14,29,15,30,16,30,16,31,16,30,17,30,17,29,17,28,17,27,18,25,18,23,17,22,16,22,17,19,16,21,16,22,16,22,18,22,20,21,20,20,22,18,22,19,22,15,23,11,21,9,20]"
CSI_DATA,134342,d8:b1:90:d9:de:f0,-63,11,-99,-40,66,56,1988147734,100,0,114,0,"[-17,27,-19,28,-23,30,-23,30,-25,32,-24,30,-24,28,-24,26,-21,26,-21,25,-20,23,-20,24,-20,25,-19,24,-18,26,-18,25,-17,26,-19,26,-17,27,-18,28,-16,30,-16,31,-13,30,-13,30,-13,30,-11,28,-10,27,-11,30,0,0,-8,30,-8,32,-8,33,-6,35,-5,35,-6,36,-4,36,-4,38,-4,36,-4,36,-3,35,-2,34,-1,33,-1,30,-1,31,-1,28,0,28,0,27,1,30,0,30,1,31,1,31,1,33,0,32,-2,30,-2,27,-2,27,-3,24]"
CSI_DATA,134343,d8:b1:90:d9:de:f0,-64,11,-99,-39,66,56,1988167659,100,0,114,0,"[30,5,32,7,33,11,34,13,34,16,31,17,31,17,29,17,26,19,24,17,23,19,23,19,22,17,22,17,22,20,22,20,23,22,22,22,23,22,23,22,24,23,22,23,22,22,22,23,22,22,21,21,21,21,22,21,0,0,21,22,22,24,21,24,24,24,23,26,22,28,22,29,22,28,21,29,20,28,20,28,19,28,17,26,14,24,14,24,14,23,14,23,13,22,13,23,13,25,13,26,12,29,11,29,10,30,8,29,6,28,3,26,1,22]"
CSI_DATA,134344,d8:b1:90:d9:de:f0,-64,11,-99,-39,66,56,1988177678,100,0,114,0,"[-29,5,-32,6,-34,5,-35,5,-37,5,-35,4,-34,3,-33,2,-32,4,-30,3,-30,2,-29,3,-30,4,-29,3,-30,5,-29,5,-30,6,-30,6,-31,7,-31,8,-30,10,-30,11,-30,10,-28,11,-28,12,-25,13,-25,12,-25,14,0,0,-26,15,-24,16,-23,17,-28,20,-24,22,-26,21,-25,22,-25,22,-25,22,-25,23,-23,23,-22,22,-21,21,-20,21,-19,21,-17,20,-17,21,-16,21,-17,22,-17,22,-17,23,-16,22,-17,23,-20,24,-21,22,-19,20,-17,19,-15,15]"
CSI_DATA,134345,d8:b1:90:d9:de:f0,-64,11,-99,-41,67,56,1988189421,100,0,114,0,"[-22,18,-25,18,-27,19,-29,19,-30,19,-30,18,-28,18,-28,15,-26,16,-26,15,-24,14,-24,15,-23,16,-23,16,-22,18,-22,18,-22,20,-23,19,-23,21,-22,22,-21,22,-21,23,-19,23,-19,23,-18,22,-14,23,-14,23,-15,24,0,0,-11,26,-13,26,-12,27,-11,29,-11,30,-11,31,-9,31,-9,32,-9,31,-8,31,-7,30,-6,29,-5,27,-4,28,-5,26,-4,25,-2,25,-3,25,-2,26,-1,27,-1,27,-2,28,1,28,-1,29,-4,28,-3,26,-3,24,-4,21]"
CSI_DATA,134346,d8:b1:90:d9:de:f0,-63,11,-99,-40,66,56,1988207624,100,0,114,0,"[5,-31,8,-33,10,-35,11,-36,10,-38,11,-38,11,-34,11,-33,9,-33,9,-31,8,-31,9,-28,8,-28,8,-30,8,-30,8,-31,5,-33,5,-32,4,-34,4,-33,3,-34,1,-34,0,-33,-1,-33,-1,-32,-1,-31,-2,-32,-3,-31,0,0,-4,-30,-6,-30,-8,-32,-9,-33,-10,-33,-10,-34,-12,-34,-13,-34,-13,-33,-12,-32,-12,-32,-12,-33,-12,-30,-13,-27,-12,-25,-13,-25,-13,-25,-13,-23,-16,-24,-16,-25,-16,-25,-18,-27,-17,-26,-15,-27,-13,-25,-12,-25,-10,-23,-9,-21]"
CSI_DATA,134347,d8:b1:90:d9:de:f0,-64,11,-99,-39,66,56,1988218024,100,0,114,0,"[-11,-29,-10,-32,-10,-34,-6,-35,-7,-37,-5,-35,-4,-35,-3,-33,-2,-32,-1,-31,0,-30,0,-29,0,-29,1,-28,0,-29,0,-29,0,-30,0,-31,0,-31,0,-31,-1,-32,-2,-33,-1,-32,-1,-31,-1,-31,-3,-31,-3,-29,-2,-30,0,0,-1,-29,-3,-30,-4,-31,-4,-33,-4,-33,-4,-34,-3,-35,-1,-37,-3,-34,-2,-33,-3,-33,-1,-32,-2,-31,-2,-29,-2,-29,-1,-26,-1,-26,-1,-25,-1,-25,0,-28,0,-29,1,-30,0,-30,2,-31,2,-29,3,-28,5,-25,6,-23]"
CSI_DATA,134348,d8:b1:90:d9:de:f0,-64,11,-99,-34,65,56,1988237651,100,0,114,0,"[-30,-5,-32,-7,-34,-7,-34,-8,-35,-9,-33,-9,-32,-10,-31,-10,-30,-8,-29,-8,-28,-7,-29,-7,-27,-7,-29,-6,-28,-5,-28,-5,-28,-5,-30,-6,-31,-4,-31,-3,-30,-2,-32,-1,-30,0,-29,1,-31,1,-29,1,-29,2,-30,4,0,0,-29,6,-29,7,-30,7,-31,8,-32,8,-32,10,-32,11,-33,13,-32,13,-32,14,-31,13,-29,13,-27,13,-25,13,-26,14,-25,14,-23,14,-23,15,-22,15,-22,15,-25,16,-23,17,-25,16,-26,16,-26,15,-25,14,-22,11,-19,9]"
CSI_DATA,134349,d8:b1:90:d9:de:f0,-64,11,-99,-38,66,56,1988247665,100,0,114,0,"[-26,-15,-28,-18,-29,-19,-29,-20,-28,-21,-27,-23,-26,-21,-23,-22,-23,-20,-22,-21,-20,-19,-19,-20,-19,-20,-19,-20,-19,-20,-20,-21,-21,-20,-22,-20,-23,-21,-23,-20,-22,-21,-23,-20,-22,-20,-23,-18,-23,-18,-22,-18,-22,-17,-23,-17,0,0,-25,-16,-25,-17,-26,-18,-28,-17,-28,-19,-29,-18,-29,-18,-29,-18,-30,-17,-30,-18,-28,-18,-26,-18,-25,-16,-25,-15,-25,-15,-23,-15,-22,-14,-23,-13,-23,-13,-23,-13,-25,-14,-23,-15,-23,-17,-25,-18,-23,-18,-21,-17,-18,-17,-16,-16]"
CSI_DATA,134350,d8:b1:90:d9:de:f0,-64,11,-99,-39,66,56,1988258276,100,0,114,0,"[24,17,25,20,28,21,28,23,30,24,28,23,26,23,26,22,25,20,23,20,23,19,23,19,23,16,23,15,24,15,24,15,25,15,28,15,30,14,29,13,29,12,30,11,29,10,30,7,30,7,29,7,29,5,30,3,0,0,30,1,30,0,30,-1,34,0,34,-1,35,-2,35,-4,35,-4,35,-5,35,-6,33,-7,31,-6,30,-6,28,-8,26,-10,26,-8,24,-8,23,-11,24,-11,26,-11,28,-14,26,-13,26,-13,29,-12,29,-13,26,-12,24,-10,22,-8]"
CSI_DATA,134351,d8:b1:90:d9:de:f0,-63,11,-99,-40,66,56,1988277763,100,0,114,0,"[-30,-10,-32,-12,-33,-16,-33,-17,-34,-19,-32,-19,-32,-20,-28,-18,-28,-17,-27,-19,-25,-17,-25,-19,-24,-18,-25,-19,-26,-17,-24,-19,-26,-18,-27,-19,-26,-18,-26,-19,-26,-18,-28,-17,-27,-18,-27,-16,-27,-16,-26,-16,-26,-16,-27,-15,0,0,-27,-13,-27,-12,-28,-13,-32,-16,-32,-13,-33,-16,-34,-15,-34,-16,-34,-16,-34,-15,-31,-16,-30,-15,-28,-13,-27,-13,-26,-12,-26,-11,-25,-11,-25,-10,-26,-10,-27,-11,-28,-12,-28,-13,-30,-15,-28,-16,-27,-16,-24,-17,-21,-17,-17,-13]"
CSI_DATA,134352,d8:b1:90:d9:de:f0,-63,11,-99,-39,66,56,1988290234,100,0,114,0,"[-28,13,-31,13,-33,13,-35,12,-37,10,-37,8,-37,6,-34,4,-32,5,-33,4,-31,3,-31,2,-30,3,-30,3,-30,2,-30,2,-31,3,-33,2,-33,2,-33,3,-31,2,-32,2,-32,2,-31,2,-32,3,-30,2,-30,3,-32,4,0,0,-30,3,-30,4,-31,4,-33,4,-34,4,-35,4,-37,3,-37,2,-37,2,-37,3,-34,2,-32,1,-30,3,-30,2,-29,2,-26,2,-25,1,-26,2,-26,2,-30,1,-30,1,-31,0,-30,-1,-30,-3,-30,-4,-29,-4,-24,-5,-21,-5]"
CSI_DATA,134353,d8:b1:90:d9:de:f0,-64,9,-99,-39,66,56,1988302424,98,0,106,0,"[56,16,-75,0,79,16,25,1,129,16,72,1,-117,16,53,1,-71,16,24,1,-40,16,-4,0,-11,16,-21,0,16,0,-49,0,15,0,-72,0,12,0,-111,0,-7,16,103,0,-14,16,12,0,-2,16,-90,16,0,0,0,0,81,0,49,16,126,0,-13,15,-126,0,-31,15,-131,0,-17,15,116,0,10,16,51,0,47,16,-6,16,75,16,-41,16,80,16,-58,16,78,16,-34,16,63,16,12,0,95,16,70,0,-135,16,115,0]"
CSI_DATA,134354,d8:b1:90:d9:de:f0,-64,11,-99,-39,66,56,1988318039,100,0,114,0,"[-22,-23,-21,-26,-21,-30,-20,-32,-19,-34,-17,-32,-15,-33,-13,-32,-11,-31,-10,-30,-8,-30,-6,-30,-6,-29,-5,-29,-5,-30,-4,-30,-4,-32,-5,-33,-4,-32,-3,-33,-4,-33,-3,-33,-3,-32,-3,-32,-3,-32,-3,-31,-3,-30,-2,-30,0,0,-1,-30,0,-31,0,-31,-1,-34,-1,-34,0,-37,1,-35,2,-37,2,-35,3,-37,3,-34,4,-32,4,-31,4,-30,5,-28,5,-28,6,-26,6,-25,7,-26,8,-26,8,-28,10,-28,11,-28,13,-28,14,-24,15,-22,16,-21,15,-17]"
CSI_DATA,134355,d8:b1:90:d9:de:f0,-64,11,-99,-39,66,56,1988337655,100,0,114,0,"[25,-16,29,-17,31,-17,32,-16,34,-16,33,-14,33,-12,33,-12,30,-12,30,-10,28,-10,29,-8,29,-10,28,-11,28,-10,26,-8,29,-11,30,-11,30,-12,30,-12,30,-13,29,-13,29,-12,28,-13,29,-13,26,-13,25,-13,25,-13,0,0,26,-15,24,-16,26,-16,28,-19,28,-19,29,-19,29,-20,29,-19,29,-20,29,-20,28,-20,26,-17,24,-17,23,-16,23,-16,22,-15,22,-16,22,-16,22,-16,23,-15,24,-16,24,-16,24,-17,25,-16,26,-15,25,-13,23,-13,20,-11]"
CSI_DATA,134356,d8:b1:90:d9:de:f0,-63,11,-99,-40,66,56,1988347658,100,0,114,0,"[-31,5,-35,3,-36,2,-39,1,-39,-1,-38,-3,-38,-5,-34,-4,-34,-3,-33,-5,-32,-5,-31,-8,-31,-9,-30,-8,-30,-10,-30,-10,-31,-9,-32,-10,-31,-10,-33,-9,-32,-11,-33,-10,-32,-10,-31,-10,-31,-9,-30,-11,-28,-10,-30,-9,0,0,-31,-8,-30,-10,-30,-11,-33,-11,-33,-12,-34,-12,-35,-12,-34,-12,-33,-13,-33,-13,-32,-15,-30,-15,-28,-15,-27,-13,-26,-13,-25,-13,-24,-12,-24,-12,-25,-13,-26,-15,-26,-15,-25,-16,-25,-18,-25,-20,-25,-20,-21,-20,-18,-20,-13,-18]"
CSI_DATA,134357,d8:b1:90:d9:de:f0,-63,11,-99,-40,66,56,1988359442,100,0,114,0,"[12,28,12,32,10,35,9,36,8,38,5,36,4,36,2,35,2,34,1,31,1,31,0,30,0,31,0,30,1,30,-1,31,1,34,-1,32,0,33,0,34,0,33,0,33,-1,32,0,32,0,32,0,31,0,31,0,30,0,0,1,32,1,32,0,33,1,33,1,35,0,35,0,38,0,38,-1,38,-1,34,-2,35,-2,34,-1,32,-2,31,-2,27,-2,28,-2,30,-3,28,-3,28,-3,27,-4,27,-5,30,-5,31,-8,31,-8,27,-9,26,-10,25,-9,20]"
CSI_DATA,134358,d8:b1:90:d9:de:f0,-63,11,-99,-36,65,56,1988377698,100,0,114,0,"[-8,-28,-6,-33,-5,-35,-3,-38,-2,-38,0,-38,1,-35,2,-35,4,-32,4,-32,3,-31,4,-27,5,-32,5,-30,6,-31,5,-32,6,-32,6,-32,8,-32,6,-32,6,-34,8,-32,9,-32,6,-31,8,-31,8,-31,6,-28,9,-28,0,0,5,-27,6,-31,8,-33,8,-32,9,-34,10,-34,10,-34,11,-35,10,-33,12,-32,12,-32,10,-30,10,-28,10,-27,10,-26,10,-26,10,-24,11,-25,11,-25,12,-25,13,-25,13,-26,15,-26,17,-26,17,-24,18,-21,17,-19,17,-17]"
CSI_DATA,134359,d8:b1:90:d9:de:f0,-64,11,-99,-41,67,56,1988387852,100,0,114,0,"[25,11,27,12,28,14,29,16,30,16,29,18,27,18,26,16,26,14,24,14,23,13,24,14,24,14,25,13,25,12,25,12,26,11,27,12,29,12,28,10,29,10,30,9,28,8,28,6,29,6,27,6,28,5,26,4,0,0,28,1,29,1,29,1,32,0,32,0,32,0,33,-2,32,-2,33,-4,32,-4,31,-4,30,-3,27,-4,26,-5,26,-6,26,-6,25,-6,25,-7,26,-7,26,-8,26,-8,27,-8,27,-8,28,-7,27,-7,26,-6,24,-4,21,-3]"
CSI_DATA,134360,d8:b1:90:d9:de:f0,-63,11,-99,-41,66,56,1988407801,100,0,114,0,"[-21,-23,-22,-27,-22,-32,-20,-33,-19,-35,-17,-35,-15,-34,-13,-33,-13,-32,-11,-32,-9,-29,-8,-30,-8,-28,-7,-29,-8,-29,-7,-30,-7,-33,-7,-32,-7,-32,-5,-32,-8,-34,-8,-33,-7,-33,-7,-33,-5,-30,-7,-32,-5,-30,-7,-28,0,0,-7,-32,-5,-33,-5,-30,-7,-34,-7,-35,-5,-36,-5,-38,-5,-38,-4,-36,-3,-35,-3,-35,-2,-35,-2,-33,-1,-32,-1,-28,0,-28,-1,-28,-1,-26,0,-28,1,-29,1,-29,3,-30,4,-32,4,-33,5,-29,7,-28,8,-26,9,-22]"
CSI_DATA,134361,d8:b1:90:d9:de:f0,-64,11,-99,-40,67,56,1988427807,100,0,114,0,"[28,5,30,6,32,8,32,10,32,11,31,11,30,13,28,11,28,11,26,11,25,10,25,12,25,11,25,11,24,12,25,12,26,12,27,11,27,12,28,11,28,10,28,10,28,10,27,9,27,8,26,9,26,8,27,7,0,0,27,6,29,8,28,7,30,7,31,6,32,7,32,7,33,6,33,6,33,5,32,5,29,6,28,6,26,5,27,4,25,4,24,4,25,3,26,3,27,4,29,4,27,5,28,6,28,8,27,7,27,8,23,9,19,9]"
CSI_DATA,134362,d8:b1:90:d9:de:f0,-64,11,-99,-42,67,56,1988447679,100,0,114,0,"[-29,0,-31,-1,-34,-3,-37,-2,-37,-3,-35,-3,-34,-4,-33,-4,-31,-2,-30,-3,-29,-2,-29,-2,-30,-2,-29,-1,-28,0,-28,1,-31,3,-33,2,-32,3,-32,4,-31,5,-31,6,-29,7,-30,8,-29,8,-29,9,-27,9,-27,9,0,0,-26,13,-26,15,-25,14,-28,17,-27,18,-27,19,-28,19,-28,19,-27,21,-26,21,-26,21,-22,20,-21,20,-19,19,-19,20,-18,19,-16,19,-16,20,-16,19,-18,20,-19,22,-17,21,-16,21,-18,22,-19,21,-19,20,-16,19,-16,16]"
CSI_DATA,134363,d8:b1:90:d9:de:f0,-63,11,-99,-40,66,56,1988457668,100,0,114,0,"[-5,32,-8,34,-11,36,-12,36,-13,39,-13,36,-15,35,-13,33,-12,31,-12,31,-12,30,-12,30,-12,27,-12,28,-11,30,-12,30,-12,31,-12,32,-11,32,-11,33,-10,33,-8,33,-6,32,-6,32,-8,31,-6,31,-5,31,-6,31,0,0,-4,32,-4,32,-3,32,-3,35,-2,35,-2,36,-2,36,-2,38,-3,36,-2,36,-2,35,-1,35,-1,33,0,31,-1,30,0,27,-1,27,0,27,0,28,0,28,0,30,0,31,1,31,-2,31,-3,30,-3,27,-4,26,-5,23]"
CSI_DATA,134364,d8:b1:90:d9:de:f0,-63,11,-99,-39,66,56,1988467828,100,0,114,0,"[-2,-32,-2,-34,1,-38,3,-39,3,-38,6,-37,7,-35,7,-32,8,-31,10,-31,10,-30,10,-29,11,-29,11,-29,11,-29,11,-29,12,-29,13,-30,13,-30,13,-30,12,-30,12,-29,12,-29,12,-30,13,-30,12,-26,13,-28,12,-29,0,0,13,-28,12,-29,13,-30,14,-30,14,-30,14,-31,15,-32,16,-33,16,-32,16,-32,16,-30,16,-29,15,-26,15,-25,15,-24,15,-23,15,-23,15,-22,15,-22,16,-23,19,-24,19,-25,20,-24,21,-22,22,-20,22,-17,21,-16,20,-13]"
CSI_DATA,134365,d8:b1:90:d9:de:f0,-63,11,-99,-40,66,56,1988487649,100,0,114,0,"[30,-9,33,-8,36,-8,38,-6,38,-6,38,-5,36,-3,35,-3,33,-3,32,-2,31,-3,30,-2,32,-2,31,-2,31,-3,31,-3,33,-4,34,-4,34,-5,34,-5,33,-5,34,-5,32,-6,32,-9,30,-8,30,-8,28,-9,31,-9,0,0,30,-11,30,-11,31,-12,31,-13,32,-13,32,-15,32,-16,33,-16,34,-16,32,-16,31,-16,30,-16,28,-13,27,-15,26,-13,26,-13,24,-13,25,-15,25,-15,26,-15,27,-15,28,-15,26,-16,28,-15,28,-12,27,-11,25,-9,21,-8]"
CSI_DATA,134366,d8:b1:90:d9:de:f0,-63,11,-99,-39,66,56,1988497712,100,0,114,0,"[21,22,21,26,21,30,19,31,20,34,16,33,15,33,13,31,13,30,11,30,10,29,8,29,8,29,8,30,10,30,8,31,8,31,7,31,10,31,8,32,8,32,8,32,10,31,8,31,7,31,8,30,8,29,8,28,0,0,8,29,8,30,8,30,10,32,10,32,10,34,8,34,8,35,8,34,7,33,6,32,6,33,5,31,4,29,4,28,4,28,4,26,4,25,4,26,3,29,3,29,2,31,2,31,1,31,-1,29,-3,26,-4,25,-5,22]"
CSI_DATA,134367,d8:b1:90:d9:de:f0,-64,11,-99,-41,67,56,1988508224,100,0,114,0,"[-9,26,-11,28,-13,30,-15,31,-15,31,-15,30,-16,28,-15,28,-14,26,-14,26,-12,25,-12,24,-13,25,-12,24,-11,25,-11,25,-11,27,-12,27,-11,28,-10,28,-10,29,-9,29,-8,28,-6,29,-6,28,-5,27,-5,27,-5,28,0,0,-3,28,-2,29,-1,30,0,31,0,33,0,34,1,34,1,34,1,32,1,32,2,32,2,31,3,31,3,29,2,27,3,27,4,25,4,25,5,26,4,28,5,28,5,29,6,28,5,30,3,27,3,28,2,25,1,22]"
CSI_DATA,134368,d8:b1:90:d9:de:f0,-63,11,-99,-39,66,56,1988527686,100,0,114,0,"[-28,-14,-30,-17,-31,-21,-30,-23,-30,-25,-28,-26,-26,-26,-25,-25,-22,-22,-21,-23,-20,-23,-20,-23,-17,-22,-19,-24,-17,-24,-19,-25,-20,-25,-20,-26,-20,-26,-20,-25,-20,-25,-20,-25,-20,-25,-20,-25,-19,-26,-17,-25,-19,-24,-19,-23,0,0,-19,-23,-19,-24,-20,-24,-21,-26,-21,-28,-21,-28,-21,-29,-22,-29,-21,-29,-21,-29,-17,-28,-19,-28,-16,-26,-17,-24,-15,-24,-14,-24,-13,-23,-14,-22,-14,-23,-13,-24,-15,-25,-13,-26,-13,-29,-12,-28,-11,-29,-8,-26,-6,-24,-4,-22]"
CSI_DATA,134369,d8:b1:90:d9:de:f0,-64,11,-99,-41,67,56,1988547649,100,0,114,0,"[16,24,16,28,16,30,15,31,15,32,15,31,12,31,11,29,11,27,10,28,9,26,9,26,10,26,10,27,11,27,11,27,11,28,13,28,13,28,13,28,14,28,14,28,14,26,14,26,15,26,15,25,16,24,14,23,0,0,20,23,20,25,19,24,21,24,22,25,22,27,23,26,23,26,23,24,22,24,22,23,21,23,21,21,20,20,20,19,20,19,20,19,19,18,20,19,20,19,21,20,22,22,22,22,21,21,20,21,18,20,15,20,13,18]"
CSI_DATA,134370,d8:b1:90:d9:de:f0,-63,11,-99,-39,66,56,1988557690,100,0,114,0,"[-19,23,-23,24,-25,26,-28,25,-29,24,-30,23,-29,20,-29,19,-28,19,-26,16,-25,15,-25,13,-26,15,-26,14,-25,13,-28,13,-28,14,-30,14,-30,15,-29,14,-30,15,-29,14,-28,14,-26,14,-28,15,-28,14,-26,14,-26,14,0,0,-28,15,-28,15,-29,16,-29,16,-31,16,-31,16,-31,16,-31,16,-31,15,-32,14,-30,15,-29,13,-28,12,-25,12,-25,11,-26,11,-25,12,-26,11,-26,11,-28,10,-29,8,-29,10,-29,7,-30,7,-30,4,-28,4,-25,3,-23,1]"
CSI_DATA,134371,d8:b1:90:d9:de:f0,-64,11,-99,-38,66,56,1988579088,100,0,114,0,"[-17,-25,-17,-28,-16,-30,-15,-31,-15,-35,-13,-33,-10,-34,-8,-32,-9,-31,-6,-30,-7,-29,-5,-29,-4,-29,-4,-28,-3,-29,-3,-29,-4,-29,-3,-31,-3,-30,-2,-31,-3,-31,-3,-32,-2,-31,-3,-30,-1,-30,-2,-30,-1,-29,-1,-28,0,0,-2,-28,-3,-31,-3,-31,-2,-31,-1,-32,-1,-33,0,-33,0,-35,0,-33,1,-33,2,-32,3,-31,2,-29,3,-28,2,-28,3,-26,3,-26,3,-25,4,-25,5,-27,5,-27,6,-28,7,-29,9,-27,9,-25,11,-22,11,-22,13,-19]"
CSI_DATA,134372,d8:b1:90:d9:de:f0,-64,11,-99,-37,66,56,1988600076,100,0,114,0,"[27,12,29,18,30,20,29,21,29,23,27,23,26,25,24,23,22,23,20,22,19,22,18,23,16,24,15,23,16,23,16,23,18,25,18,26,19,25,19,26,18,25,16,26,16,24,16,24,16,24,15,24,15,24,15,24,0,0,16,24,16,25,18,25,18,27,16,29,18,29,16,29,16,31,16,28,14,29,14,29,12,28,12,27,11,25,12,25,10,24,11,23,10,24,10,24,9,24,8,26,8,27,6,28,5,30,5,28,2,27,1,26,-1,24]"
CSI_DATA,134373,d8:b1:90:d9:de:f0,-63,11,-99,-40,66,56,1988617570,100,0,114,0,"[2,31,0,35,-3,39,-5,39,-6,39,-8,38,-10,34,-9,33,-9,33,-10,33,-9,31,-9,30,-10,28,-10,28,-10,31,-10,30,-12,32,-12,31,-12,32,-12,31,-11,33,-10,33,-10,33,-9,32,-9,31,-9,31,-8,28,-8,30,0,0,-8,32,-9,31,-10,32,-9,33,-10,34,-9,35,-9,35,-10,36,-10,34,-11,35,-10,32,-8,32,-9,31,-9,30,-10,26,-9,26,-9,26,-9,26,-9,25,-10,27,-10,28,-12,30,-10,30,-12,28,-13,26,-15,24,-15,23,-15,18]"
CSI_DATA,134374,d8:b1:90:d9:de:f0,-64,11,-99,-38,66,56,1988627712,100,0,114,0,"[17,23,17,27,18,29,19,30,20,31,19,28,18,29,16,26,17,25,17,26,16,23,16,25,16,23,17,23,16,25,19,22,20,21,22,22,22,20,23,19,23,19,26,18,23,18,26,16,26,16,23,15,26,14,26,13,0,0,30,8,29,9,29,9,32,7,31,6,33,6,35,5,33,5,34,3,35,4,33,3,30,3,29,2,28,-1,28,-1,27,-2,26,-3,25,-3,26,-5,27,-5,29,-6,30,-5,30,-4,29,-4,29,-4,28,-4,25,-3,21,-1]"
CSI_DATA,134375,d8:b1:90:d9:de:f0,-64,11,-99,-39,66,56,1988637729,100,0,114,0,"[-7,29,-8,32,-12,35,-12,34,-13,35,-14,33,-14,31,-13,30,-13,29,-13,28,-13,26,-12,25,-12,26,-12,28,-12,28,-12,28,-11,29,-11,30,-12,29,-11,30,-10,31,-10,31,-8,30,-7,30,-7,29,-5,30,-4,30,-5,29,0,0,-3,30,-4,30,-3,32,-3,34,-1,34,-2,37,-1,35,-2,37,-1,34,-2,35,0,34,0,32,0,32,1,30,1,29,0,28,2,28,1,26,2,28,1,29,2,31,1,31,2,32,1,31,-1,30,-1,28,-2,26,-3,23]"
CSI_DATA,134376,d8:b1:90:d9:de:f0,-64,11,-99,-39,66,56,1988657632,100,0,114,0,"[-24,19,-26,21,-29,21,-30,21,-30,22,-29,20,-29,20,-28,19,-26,19,-25,17,-23,19,-23,19,-23,20,-22,19,-21,21,-20,21,-21,23,-22,23,-20,24,-20,25,-19,26,-16,26,-15,28,-13,29,-13,29,-11,28,-11,26,-11,28,0,0,-6,29,-6,30,-6,30,-5,33,-2,34,-2,35,-1,35,-1,37,0,35,0,35,1,34,2,32,3,31,4,29,4,28,4,28,6,26,6,26,7,26,6,26,8,26,8,28,11,29,10,29,8,28,6,26,7,25,5,23]"
CSI_DATA,134377,d8:b1:90:d9:de:f0,-63,11,-99,-39,66,56,1988668889,100,0,114,0,"[19,-23,22,-24,24,-25,26,-24,29,-23,30,-22,29,-19,29,-17,26,-16,26,-15,25,-15,25,-14,28,-14,26,-13,25,-13,26,-13,28,-14,30,-13,30,-13,29,-14,29,-14,29,-13,28,-14,28,-13,26,-13,26,-13,26,-12,26,-13,0,0,28,-15,28,-13,30,-14,30,-16,31,-15,32,-16,32,-15,32,-15,33,-15,33,-14,31,-13,29,-12,29,-11,28,-11,28,-10,28,-10,25,-10,26,-8,26,-8,29,-8,29,-8,30,-8,30,-7,31,-5,31,-3,30,-2,28,-1,24,1]"
CSI_DATA,134378,d8:b1:90:d9:de:f0,-63,11,-99,-40,66,56,1988687993,100,0,114,0,"[23,-21,26,-23,28,-23,30,-24,30,-25,28,-23,30,-21,30,-20,26,-21,26,-20,24,-19,25,-19,24,-20,24,-21,23,-21,23,-23,20,-24,20,-25,20,-25,21,-25,20,-27,18,-30,17,-28,16,-28,16,-28,13,-27,12,-28,11,-27,0,0,10,-31,8,-31,8,-32,8,-34,5,-35,6,-35,4,-35,4,-35,3,-35,3,-35,2,-35,1,-33,1,-32,-1,-30,-2,-28,-1,-28,-2,-27,-2,-27,-3,-28,-3,-28,-3,-30,-4,-31,-5,-31,-3,-32,-3,-31,-2,-28,-2,-28,-1,-24]"
CSI_DATA,134379,d8:b1:90:d9:de:f0,-64,11,-99,-38,66,56,1988708511,100,0,114,0,"[-28,13,-30,11,-33,10,-34,9,-35,7,-35,6,-34,4,-33,2,-31,2,-30,0,-29,0,-28,-2,-29,-2,-29,-2,-27,-2,-28,-3,-30,-3,-31,-3,-32,-4,-30,-4,-30,-5,-30,-5,-30,-6,-29,-5,-29,-6,-29,-6,-28,-6,-28,-6,0,0,-29,-6,-29,-5,-30,-6,-31,-7,-31,-8,-31,-9,-31,-10,-32,-11,-32,-11,-31,-11,-30,-11,-26,-13,-26,-11,-25,-10,-25,-10,-25,-11,-22,-13,-23,-13,-23,-13,-22,-14,-22,-16,-22,-16,-20,-18,-21,-18,-20,-19,-18,-19,-15,-18,-13,-18]"
CSI_DATA,134380,d8:b1:90:d9:de:f0,-64,11,-99,-42,67,56,1988727748,100,0,114,0,"[20,21,22,25,22,26,21,27,23,30,21,28,20,29,17,27,18,26,16,25,17,22,16,25,17,25,17,23,17,25,18,23,19,23,20,25,21,25,20,25,20,23,21,22,21,22,21,20,22,20,22,19,21,19,22,18,0,0,25,18,25,17,27,17,28,18,28,18,28,18,30,18,29,18,29,16,29,16,28,16,28,17,26,15,26,14,26,13,25,11,23,11,23,10,23,9,23,10,26,9,26,11,26,13,26,14,26,13,23,14,21,14,18,13]"
CSI_DATA,134381,d8:b1:90:d9:de:f0,-64,11,-99,-35,65,56,1988737722,100,0,114,0,"[-29,10,-32,8,-35,7,-37,6,-38,5,-35,5,-34,2,-33,2,-32,2,-32,1,-30,1,-30,-2,-31,-1,-30,-1,-30,-2,-31,-2,-31,0,-32,0,-33,0,-33,1,-31,0,-31,1,-31,1,-30,1,-31,1,-31,1,-30,0,-30,1,0,0,-31,2,-31,2,-32,2,-33,2,-33,2,-34,2,-34,1,-35,1,-37,1,-35,1,-34,1,-33,0,-32,1,-30,1,-30,1,-28,0,-26,0,-26,1,-28,0,-28,0,-30,-1,-29,-2,-30,-2,-31,-4,-31,-5,-29,-6,-25,-5,-22,-6]"
CSI_DATA,134382,d8:b1:90:d9:de:f0,-64,11,-99,-38,66,56,1988757639,100,0,114,0,"[16,-25,19,-26,22,-27,22,-27,23,-28,23,-27,23,-25,22,-23,21,-22,21,-21,20,-21,21,-20,19,-21,19,-21,19,-22,19,-22,18,-25,19,-26,18,-26,18,-26,18,-26,17,-26,17,-26,15,-27,15,-26,13,-27,11,-26,11,-26,0,0,11,-29,10,-27,9,-29,9,-32,8,-32,9,-33,8,-33,9,-34,9,-33,8,-33,6,-32,7,-32,6,-30,4,-28,4,-27,3,-27,3,-27,3,-26,3,-28,3,-27,3,-29,4,-30,3,-31,3,-30,5,-28,5,-27,6,-26,5,-21]"
CSI_DATA,134383,d8:b1:90:d9:de:f0,-63,11,-99,-40,66,56,1988773354,100,0,114,0,"[25,-19,27,-21,30,-21,32,-20,34,-19,33,-18,33,-17,32,-16,30,-15,28,-13,27,-13,27,-11,27,-12,27,-11,27,-12,28,-12,30,-12,30,-13,30,-13,30,-15,30,-15,28,-15,28,-15,27,-16,28,-16,26,-15,26,-16,26,-17,0,0,26,-17,25,-17,26,-17,28,-19,27,-19,28,-20,28,-21,30,-21,30,-21,28,-21,28,-19,26,-20,26,-18,24,-18,24,-17,23,-16,21,-16,21,-16,23,-17,25,-17,26,-18,26,-18,27,-17,27,-17,27,-15,27,-12,25,-10,21,-9]"
CSI_DATA,134384,d8:b1:90:d9:de:f0,-64,11,-99,-39,66,56,1988787706,100,0,114,0,"[7,29,7,32,7,34,6,35,6,38,6,37,4,35,4,33,4,32,3,31,4,29,3,30,4,29,5,29,4,30,5,30,6,30,7,32,8,31,7,31,8,32,10,32,8,31,10,30,12,30,12,28,12,26,13,25,0,0,14,28,15,26,16,26,19,28,19,29,19,29,21,29,19,29,21,26,20,26,20,26,20,28,20,25,20,23,19,22,19,20,20,21,19,19,19,19,19,21,21,21,20,22,20,23,22,23,21,22,19,22,15,22,13,20]"
CSI_DATA,134385,d8:b1:90:d9:de:f0,-64,9,-99,-39,66,56,1988800984,120,0,106,0,"[8,1,51,0,68,1,-41,16,81,1,-95,16,49,1,-118,16,2,1,-133,16,-44,0,-142,16,-78,0,129,16,-109,0,120,16,-132,0,113,16,117,0,-141,16,72,0,-77,16,-2,16,-6,16,-89,16,33,0,0,0,0,0,24,16,66,0,-52,15,38,0,-86,15,11,0,-65,15,20,0,13,16,30,0,75,16,74,0,142,16,133,0,-124,16,-120,0,-124,16,-99,0,136,16,-113,0,125,16,126,0,138,16,37,0,-99,16]"
CSI_DATA,134386,d8:b1:90:d9:de:f0,-64,11,-99,-39,66,56,1988817641,100,0,114,0,"[-19,-23,-20,-25,-20,-29,-21,-30,-20,-31,-20,-30,-17,-30,-17,-29,-16,-25,-15,-25,-15,-24,-14,-24,-15,-24,-15,-24,-15,-24,-15,-25,-17,-24,-19,-25,-19,-24,-21,-24,-21,-24,-23,-24,-22,-22,-22,-22,-22,-21,-23,-20,-22,-19,-23,-17,0,0,-25,-17,-25,-17,-25,-16,-29,-17,-29,-17,-30,-17,-31,-17,-30,-19,-32,-15,-31,-14,-30,-13,-28,-13,-29,-13,-26,-11,-26,-11,-25,-8,-24,-8,-25,-7,-25,-8,-26,-8,-29,-8,-29,-10,-29,-10,-30,-10,-30,-10,-28,-11,-24,-11,-19,-8]"
CSI_DATA,134387,d8:b1:90:d9:de:f0,-64,11,-99,-39,66,56,1988827674,100,0,114,0,"[-25,-15,-26,-20,-25,-22,-26,-23,-28,-26,-24,-23,-24,-26,-21,-24,-22,-24,-20,-23,-19,-23,-17,-24,-17,-22,-17,-24,-16,-24,-17,-24,-20,-23,-20,-25,-20,-24,-21,-25,-20,-24,-21,-24,-20,-25,-21,-24,-20,-24,-19,-23,-19,-22,-19,-22,0,0,-21,-20,-21,-23,-21,-21,-24,-24,-24,-24,-24,-25,-25,-25,-25,-25,-25,-24,-25,-25,-23,-23,-22,-24,-21,-23,-19,-22,-21,-20,-17,-20,-19,-20,-17,-19,-17,-20,-17,-20,-20,-21,-19,-22,-19,-24,-17,-28,-19,-26,-15,-24,-13,-24,-10,-22]"
CSI_DATA,134388,d8:b1:90:d9:de:f0,-64,11,-99,-38,66,56,1988847713,100,0,114,0,"[3,30,3,32,1,34,1,37,0,38,-1,35,-1,35,-2,33,0,31,-2,31,-2,28,0,30,-1,28,0,29,0,30,-1,30,1,30,1,31,3,31,2,30,4,31,5,31,5,30,6,30,6,29,7,28,6,28,8,27,0,0,10,27,11,27,11,27,14,29,13,29,14,31,16,31,16,31,16,30,16,30,16,28,15,29,15,26,15,25,14,22,14,22,15,20,15,20,16,19,15,21,17,22,17,23,18,26,17,26,16,25,14,23,11,22,9,19]"
CSI_DATA,134389,d8:b1:90:d9:de:f0,-63,11,-99,-40,66,56,1988867666,100,0,114,0,"[33,0,34,1,36,3,38,6,39,9,36,10,34,12,33,12,31,11,30,13,27,13,27,15,27,15,26,16,26,16,26,16,28,17,27,18,28,19,27,19,28,20,28,19,26,19,26,19,26,19,25,20,26,19,24,19,0,0,25,18,25,19,26,21,26,21,26,23,27,24,26,25,26,26,26,25,25,25,23,25,21,25,20,24,19,24,19,23,18,23,17,21,17,21,17,21,16,24,17,25,15,26,13,28,13,28,12,27,9,26,6,26,4,23]"
CSI_DATA,134390,d8:b1:90:d9:de:f0,-63,11,-99,-39,66,56,1988877728,100,0,114,0,"[-30,-8,-32,-10,-34,-12,-35,-13,-37,-14,-35,-14,-33,-14,-32,-13,-30,-12,-30,-12,-28,-12,-26,-12,-28,-12,-28,-11,-28,-11,-29,-11,-30,-8,-31,-11,-32,-10,-33,-7,-31,-7,-33,-6,-30,-5,-31,-4,-32,-4,-31,-4,-30,-2,-31,-2,0,0,-31,0,-32,1,-33,1,-33,2,-33,3,-34,4,-34,3,-34,5,-35,5,-35,4,-33,5,-33,5,-31,4,-29,6,-29,6,-26,6,-26,6,-25,7,-25,7,-28,8,-29,8,-30,7,-28,6,-30,6,-31,6,-29,6,-25,4,-22,3]"
CSI_DATA,134391,d8:b1:90:d9:de:f0,-63,11,-99,-40,66,56,1988897650,100,0,114,0,"[32,-4,35,-4,38,-2,39,0,39,1,39,4,36,5,34,5,32,6,32,8,30,8,28,9,30,9,28,11,28,11,30,12,31,12,31,12,32,13,30,13,32,13,31,13,31,13,30,13,28,13,27,13,27,15,28,13,0,0,28,15,28,15,30,16,31,16,32,17,32,18,33,18,32,20,31,19,30,19,28,20,26,20,25,20,24,19,24,18,24,18,20,18,21,18,23,19,21,20,23,21,21,23,19,24,18,25,16,26,16,25,11,24,9,23]"
CSI_DATA,134392,d8:b1:90:d9:de:f0,-63,11,-99,-40,66,56,1988907813,100,0,114,0,"[15,-27,17,-30,19,-31,20,-34,23,-33,21,-31,21,-30,21,-28,20,-26,19,-25,18,-25,18,-24,19,-26,17,-25,17,-25,18,-26,17,-28,18,-28,18,-30,16,-30,16,-31,15,-32,13,-30,11,-31,11,-30,11,-30,10,-28,9,-30,0,0,9,-30,6,-31,6,-32,5,-34,6,-35,5,-35,4,-36,4,-35,4,-35,4,-34,3,-34,2,-33,2,-32,1,-31,1,-30,0,-30,0,-28,0,-28,0,-28,1,-28,0,-28,0,-31,0,-31,0,-32,2,-30,2,-28,3,-26,3,-23]"
CSI_DATA,134393,d8:b1:90:d9:de:f0,-63,11,-99,-39,66,56,1988927664,100,0,114,0,"[31,6,33,7,34,12,34,13,37,16,34,16,32,19,30,17,28,17,26,17,24,17,24,19,22,19,23,20,22,21,22,22,23,21,24,22,24,22,24,22,23,24,24,23,22,22,22,22,22,22,22,22,21,22,21,20,0,0,22,22,21,23,21,23,23,25,23,26,23,28,22,28,22,29,22,28,21,29,20,28,17,26,15,25,15,25,15,23,14,24,13,23,13,23,13,23,12,25,12,26,12,26,11,30,8,30,7,29,5,28,3,26,1,23]"
CSI_DATA,134394,d8:b1:90:d9:de:f0,-63,11,-99,-40,66,56,1988937655,100,0,114,0,"[-20,23,-24,25,-26,26,-26,25,-30,27,-28,26,-28,24,-27,21,-25,21,-26,20,-23,19,-24,20,-24,20,-23,20,-21,20,-21,23,-21,24,-23,25,-21,25,-20,25,-20,26,-19,27,-20,26,-16,27,-17,26,-16,27,-15,27,-15,27,0,0,-11,27,-11,30,-10,31,-11,33,-10,34,-10,35,-10,34,-10,35,-9,34,-9,34,-6,34,-6,32,-4,31,-3,30,-3,28,-4,28,-3,27,-3,28,-2,28,-3,28,-3,30,-2,30,-2,31,-2,32,-3,30,-4,27,-4,27,-4,23]"
CSI_DATA,134395,d8:b1:90:d9:de:f0,-63,11,-99,-36,65,56,1988947735,100,0,114,0,"[9,31,8,33,6,38,5,38,5,39,3,39,2,36,0,36,0,34,0,33,0,31,-1,31,-1,32,0,31,-1,31,-1,32,0,32,-1,33,0,34,-1,32,0,34,2,34,1,33,2,33,1,31,1,31,3,31,2,31,0,0,2,30,4,31,5,33,4,34,4,34,4,35,5,36,4,36,3,34,4,34,4,34,4,33,3,32,3,30,4,28,2,28,3,27,4,27,3,26,2,28,2,28,2,31,2,31,2,31,0,28,-1,27,-2,26,-4,23]"
CSI_DATA,134396,d8:b1:90:d9:de:f0,-63,11,-99,-39,66,56,1988968624,100,0,114,0,"[-21,22,-24,24,-26,25,-28,24,-30,25,-29,23,-30,21,-29,19,-28,20,-28,17,-24,16,-25,15,-25,15,-25,15,-25,15,-24,16,-25,17,-29,19,-26,19,-28,19,-26,19,-26,20,-26,19,-23,19,-25,19,-24,19,-22,19,-24,19,0,0,-22,20,-23,22,-22,21,-24,24,-24,24,-24,24,-24,25,-25,25,-25,25,-28,25,-24,24,-23,22,-21,22,-20,21,-21,22,-20,20,-20,21,-19,19,-20,20,-21,21,-21,21,-22,22,-23,22,-23,20,-24,17,-23,15,-21,15,-19,12]"
CSI_DATA,134397,d8:b1:90:d9:de:f0,-64,11,-99,-39,66,56,1988987655,100,0,114,0,"[29,-10,32,-8,35,-6,35,-5,38,-2,37,-1,35,2,34,1,32,1,31,3,29,3,29,4,29,4,28,5,29,5,30,6,30,6,31,7,32,7,32,7,31,8,31,7,30,7,30,7,29,7,29,8,28,8,29,7,0,0,29,6,29,8,31,8,33,10,32,11,33,11,34,12,33,12,33,12,33,12,32,12,29,13,28,12,25,12,25,12,24,13,23,12,23,12,24,13,24,13,25,15,24,16,23,16,23,19,22,20,20,20,16,19,13,19]"
CSI_DATA,134398,d8:b1:90:d9:de:f0,-63,11,-99,-39,66,56,1988997768,100,0,114,0,"[-28,15,-30,15,-34,16,-34,16,-35,15,-34,14,-33,13,-32,12,-31,13,-30,13,-29,12,-29,11,-29,13,-28,12,-26,13,-28,13,-28,16,-29,16,-29,16,-29,17,-26,17,-26,20,-25,20,-23,20,-24,21,-23,20,-21,20,-23,22,0,0,-21,22,-20,24,-20,24,-21,28,-20,28,-20,29,-20,30,-19,30,-19,30,-20,30,-17,29,-17,28,-15,26,-14,25,-14,25,-12,24,-11,25,-12,24,-12,25,-12,26,-12,26,-11,26,-11,28,-13,28,-15,26,-13,24,-13,23,-11,20]"
CSI_DATA,134399,d8:b1:90:d9:de:f0,-64,11,-99,-39,66,56,1989007984,100,0,114,0,"[-14,26,-15,28,-20,30,-22,29,-23,29,-23,28,-24,25,-24,24,-23,23,-24,21,-22,20,-23,20,-23,20,-23,21,-22,20,-22,20,-23,21,-23,21,-23,22,-23,22,-23,22,-23,22,-22,21,-22,21,-22,21,-21,21,-20,20,-21,20,0,0,-21,23,-21,23,-22,24,-23,25,-23,26,-24,25,-24,25,-25,25,-24,25,-24,24,-23,24,-22,24,-21,22,-20,21,-21,21,-20,20,-19,20,-19,19,-19,19,-22,20,-22,20,-23,21,-23,20,-24,19,-24,16,-24,14,-23,14,-21,11]"
CSI_DATA,134400,d8:b1:90:d9:de:f0,-64,11,-99,-39,66,56,1989027678,100,0,114,0,"[29,11,31,12,32,14,33,15,33,17,31,16,30,16,29,15,29,15,29,14,28,13,26,13,26,13,28,13,28,12,29,13,29,11,30,11,30,10,32,8,32,7,31,7,31,6,31,5,32,5,30,4,30,3,30,1,0,0,33,0,30,0,31,-1,33,-3,34,-3,34,-3,35,-4,34,-5,34,-6,34,-6,32,-6,31,-6,30,-6,28,-7,26,-7,26,-7,25,-8,25,-8,25,-10,28,-11,29,-11,28,-11,28,-12,29,-11,30,-10,29,-10,24,-7,22,-5]"
CSI_DATA,134401,d8:b1:90:d9:de:f0,-63,11,-99,-39,66,56,1989038140,100,0,114,0,"[12,-29,15,-31,19,-32,20,-32,21,-30,23,-30,22,-28,23,-25,23,-25,22,-24,21,-22,22,-22,22,-22,23,-21,22,-21,22,-22,22,-22,23,-22,24,-23,23,-23,23,-24,23,-24,21,-23,21,-23,23,-23,21,-22,21,-21,21,-22,0,0,21,-23,21,-22,22,-24,22,-25,23,-26,24,-26,23,-26,23,-26,23,-24,23,-24,23,-24,23,-23,21,-22,20,-21,20,-20,20,-20,19,-19,20,-19,20,-19,22,-19,23,-20,22,-19,23,-20,24,-19,24,-15,24,-13,22,-12,21,-10]"
CSI_DATA,134402,d8:b1:90:d9:de:f0,-64,11,-99,-39,66,56,1989057841,100,0,114,0,"[32,1,34,2,37,3,38,4,38,4,38,5,35,5,35,4,32,4,31,5,30,4,29,4,30,3,30,4,29,2,31,3,33,1,34,1,35,0,33,-2,33,-2,34,-2,32,-2,32,-3,32,-4,31,-4,30,-4,30,-6,0,0,28,-8,29,-8,29,-11,30,-12,31,-12,32,-13,31,-12,31,-14,32,-15,31,-16,31,-15,28,-14,26,-14,25,-15,24,-15,24,-14,21,-15,23,-15,22,-15,23,-16,25,-16,24,-17,25,-17,25,-17,25,-16,24,-14,22,-12,20,-11]"
CSI_DATA,134403,d8:b1:90:d9:de:f0,-64,11,-99,-38,66,56,1989078798,100,0,114,0,"[29,-5,32,-5,35,-5,37,-4,35,-3,35,-2,34,-1,33,-1,31,-1,31,-2,30,-2,29,-3,28,-3,29,-3,28,-4,28,-4,30,-4,30,-4,31,-6,30,-7,29,-7,29,-8,29,-9,28,-11,28,-11,27,-10,27,-11,27,-14,0,0,27,-14,25,-15,25,-16,27,-19,27,-20,27,-19,27,-21,28,-21,28,-22,27,-22,25,-21,23,-21,22,-20,21,-20,20,-19,19,-19,18,-19,18,-20,18,-20,19,-22,19,-22,19,-23,19,-21,19,-23,21,-23,21,-21,17,-18,17,-16]"
CSI_DATA,134404,d8:b1:90:d9:de:f0,-64,9,-99,-38,66,56,1989092660,98,0,106,0,"[-37,15,30,0,-75,15,97,0,-82,15,119,0,-55,15,111,0,-19,15,101,0,4,16,77,0,27,16,76,0,47,16,66,0,75,16,58,0,115,16,29,0,-88,16,3,0,-1,16,-8,16,87,0,18,0,0,0,0,0,-87,0,-123,0,-73,0,-41,0,-93,0,16,1,-127,0,27,1,126,0,-5,0,118,0,-62,0,137,0,-106,0,-134,0,-127,0,134,0,-118,0,106,0,-105,0,46,0,-114,0,-43,16,118,0,-104,16]"
CSI_DATA,134405,d8:b1:90:d9:de:f0,-64,11,-99,-39,66,56,1989102871,100,0,114,0,"[-28,14,-30,14,-33,14,-34,14,-37,13,-34,12,-34,11,-32,11,-31,12,-29,12,-29,11,-29,12,-28,10,-28,11,-28,11,-26,11,-29,14,-30,14,-30,14,-30,15,-28,17,-26,19,-25,20,-25,19,-24,19,-23,17,-22,19,-22,20,0,0,-21,23,-22,22,-21,22,-22,24,-20,26,-21,29,-20,30,-19,29,-20,29,-19,29,-19,28,-15,26,-15,26,-13,24,-15,23,-14,23,-11,23,-12,24,-12,25,-11,25,-11,26,-12,28,-11,29,-15,28,-16,28,-14,25,-13,23,-12,19]"
CSI_DATA,134406,d8:b1:90:d9:de:f0,-63,11,-99,-39,66,56,1989117657,100,0,114,0,"[3,-32,4,-33,5,-35,5,-35,6,-39,6,-38,6,-37,7,-34,5,-33,5,-32,4,-31,4,-31,4,-30,3,-31,2,-30,2,-31,1,-31,1,-32,0,-31,0,-32,-1,-33,-3,-34,-4,-32,-5,-31,-6,-31,-5,-31,-6,-30,-7,-28,0,0,-10,-29,-11,-29,-13,-30,-14,-31,-15,-31,-16,-31,-19,-31,-17,-31,-17,-30,-17,-30,-17,-29,-17,-28,-17,-25,-17,-23,-16,-22,-16,-22,-19,-21,-17,-20,-19,-20,-19,-20,-20,-20,-20,-21,-21,-22,-21,-23,-20,-21,-19,-20,-16,-22,-14,-20]"
CSI_DATA,134407,d8:b1:90:d9:de:f0,-64,11,-99,-38,66,56,1989127702,100,0,114,0,"[13,27,11,30,10,32,10,33,10,37,8,34,7,34,6,31,5,30,4,30,4,28,4,29,4,29,5,29,4,29,5,30,6,29,6,31,5,30,6,30,8,31,8,31,7,31,7,30,7,30,9,29,8,29,9,28,0,0,9,28,11,29,11,28,13,31,13,31,13,31,14,32,13,32,14,31,13,31,13,29,11,30,13,28,11,26,11,26,13,23,11,26,13,23,13,25,11,27,11,27,11,28,11,29,11,29,9,27,7,27,6,27,4,21]"
CSI_DATA,134408,d8:b1:90:d9:de:f0,-64,11,-99,-41,67,56,1989138664,100,0,114,0,"[27,7,30,9,31,10,32,11,33,12,31,11,31,12,28,12,28,10,28,10,26,10,27,9,27,8,27,9,27,8,27,9,27,6,30,7,29,6,29,4,31,4,30,3,29,2,29,1,29,1,28,0,27,0,29,-2,0,0,28,-4,29,-4,29,-6,30,-7,30,-7,31,-9,31,-9,31,-10,31,-10,31,-11,30,-11,27,-10,26,-10,24,-11,24,-11,24,-11,23,-12,23,-13,23,-13,23,-14,24,-14,24,-14,25,-14,25,-14,25,-13,24,-12,22,-10,19,-8]"
CSI_DATA,134409,d8:b1:90:d9:de:f0,-63,11,-99,-40,66,56,1989158141,100,0,114,0,"[27,-16,31,-17,33,-16,35,-15,38,-15,36,-12,36,-10,34,-9,32,-10,32,-8,31,-8,31,-6,31,-5,31,-6,30,-5,31,-6,31,-6,33,-6,33,-5,32,-8,32,-8,32,-8,32,-8,31,-9,31,-8,31,-8,30,-6,30,-9,0,0,30,-10,32,-10,31,-10,31,-10,31,-10,33,-10,33,-11,34,-11,34,-11,34,-11,33,-10,31,-9,30,-9,28,-9,28,-8,27,-9,27,-6,27,-8,27,-9,28,-8,31,-9,30,-8,30,-5,31,-5,31,-3,28,-1,26,-1,23,0]"
CSI_DATA,134410,d8:b1:90:d9:de:f0,-64,9,-99,-38,66,56,1989169521,124,0,106,0,"[-17,16,22,1,66,0,70,1,111,0,79,1,127,0,49,1,123,0,4,1,124,0,-26,0,127,0,-56,0,137,0,-78,0,122,0,-107,0,90,0,-135,0,35,0,87,0,-2,16,8,0,-32,16,-83,16,0,0,0,0,8,0,25,16,56,0,-34,15,95,0,-54,15,110,0,-37,15,79,0,3,16,30,0,53,16,-25,16,83,16,-67,16,89,16,-71,16,76,16,-53,16,69,16,3,0,90,16,70,0,-117,16,114,0]"
CSI_DATA,134411,d8:b1:90:d9:de:f0,-64,11,-99,-38,66,56,1989187753,100,0,114,0,"[-29,-7,-32,-8,-33,-9,-33,-10,-33,-14,-32,-14,-31,-15,-30,-15,-29,-13,-28,-13,-26,-11,-25,-14,-25,-14,-26,-14,-26,-14,-25,-13,-27,-13,-28,-14,-29,-13,-28,-11,-29,-13,-31,-11,-28,-11,-29,-9,-28,-10,-28,-10,-28,-9,-27,-8,0,0,-30,-7,-30,-7,-30,-7,-32,-7,-32,-8,-32,-9,-33,-7,-33,-7,-32,-7,-33,-7,-33,-6,-31,-7,-29,-6,-28,-5,-28,-4,-28,-5,-26,-4,-27,-5,-28,-5,-27,-5,-28,-5,-27,-6,-27,-7,-30,-8,-29,-8,-28,-8,-25,-8,-20,-8]"
CSI_DATA,134412,d8:b1:90:d9:de:f0,-64,11,-99,-38,66,56,1989197746,100,0,114,0,"[7,-29,10,-31,11,-32,14,-32,15,-32,16,-32,18,-29,19,-27,16,-27,18,-25,17,-23,19,-21,19,-21,19,-20,19,-21,20,-20,20,-21,21,-22,20,-22,22,-22,21,-23,21,-23,20,-21,19,-22,21,-21,20,-20,20,-19,20,-21,0,0,21,-21,20,-22,20,-22,22,-23,22,-22,25,-25,23,-23,25,-23,25,-25,27,-21,26,-21,25,-19,23,-18,21,-17,21,-17,21,-16,21,-16,22,-15,21,-15,22,-15,23,-14,23,-15,26,-13,28,-14,28,-9,26,-8,25,-8,21,-5]"
CSI_DATA,134413,d8:b1:90:d9:de:f0,-63,11,-99,-39,66,56,1989208561,100,0,114,0,"[23,22,23,25,23,26,24,29,23,31,23,30,21,29,20,30,21,26,19,28,17,25,17,25,17,25,17,25,17,26,19,25,19,24,20,25,21,25,21,24,22,28,23,24,22,24,22,22,22,23,22,23,21,21,22,21,0,0,24,17,23,19,24,19,26,21,28,21,29,21,29,21,30,22,30,17,29,19,29,19,25,19,24,16,24,15,24,13,23,14,23,14,23,13,24,13,24,14,25,14,24,14,24,16,25,17,24,16,22,17,20,16,17,15]"
CSI_DATA,134414,d8:b1:90:d9:de:f0,-64,11,-99,-38,66,56,1989227654,100,0,114,0,"[17,26,16,30,15,31,14,34,14,33,11,33,9,33,8,32,7,30,5,29,5,29,4,28,4,29,4,29,4,30,4,30,4,30,4,30,3,32,3,31,4,32,4,32,3,30,4,30,3,30,4,30,3,29,3,28,0,0,4,30,3,30,4,31,4,32,4,33,3,34,3,34,2,34,2,34,1,33,2,32,1,32,2,31,0,29,0,28,1,27,0,26,-1,26,-1,26,-2,26,-3,27,-3,29,-3,29,-5,30,-6,28,-7,26,-7,25,-8,21]"
CSI_DATA,134415,d8:b1:90:d9:de:f0,-64,11,-99,-42,67,56,1989237670,100,0,114,0,"[-28,-11,-30,-13,-31,-15,-31,-16,-32,-16,-30,-16,-30,-17,-28,-15,-28,-13,-27,-14,-25,-13,-26,-13,-27,-11,-28,-10,-28,-10,-28,-10,-27,-9,-30,-8,-30,-8,-30,-7,-31,-6,-31,-5,-30,-4,-30,-3,-31,-2,-29,-2,-29,-1,-28,1,0,0,-29,3,-29,3,-30,3,-32,6,-31,5,-33,7,-32,9,-33,8,-32,10,-32,11,-31,10,-29,9,-27,9,-26,9,-26,11,-22,11,-22,10,-21,13,-23,13,-23,13,-25,15,-23,15,-26,14,-27,14,-27,15,-25,13,-22,11,-20,9]"
CSI_DATA,134416,d8:b1:90:d9:de:f0,-63,11,-99,-40,66,56,1989247674,100,0,114,0,"[-1,32,-3,35,-5,38,-5,38,-9,40,-9,38,-9,38,-8,34,-8,33,-8,32,-9,30,-8,31,-8,28,-8,30,-6,31,-8,32,-6,32,-8,32,-6,32,-6,33,-4,34,-4,34,-3,34,-2,33,-2,32,-2,32,-1,31,-1,32,0,0,0,32,0,34,1,33,1,35,2,35,3,38,2,36,3,38,3,36,3,35,3,34,3,34,4,32,4,30,3,30,3,28,3,28,3,27,4,28,4,28,4,28,4,31,4,32,3,32,1,30,0,28,-1,27,-2,24]"
CSI_DATA,134417,d8:b1:90:d9:de:f0,-64,11,-99,-38,66,56,1989258381,100,0,114,0,"[3,-29,4,-32,5,-34,5,-35,7,-38,6,-37,6,-34,6,-33,4,-31,4,-30,4,-28,4,-29,2,-28,2,-28,1,-29,0,-30,-2,-30,-2,-31,-3,-31,-4,-30,-6,-32,-6,-31,-7,-30,-9,-29,-9,-28,-10,-27,-10,-26,-13,-25,0,0,-15,-27,-16,-26,-17,-26,-20,-26,-21,-27,-21,-26,-23,-26,-22,-26,-23,-23,-23,-22,-25,-21,-23,-21,-23,-19,-22,-17,-22,-15,-22,-15,-22,-14,-23,-13,-23,-13,-25,-13,-26,-13,-26,-13,-28,-13,-27,-11,-27,-10,-25,-11,-21,-11,-19,-10]"
CSI_DATA,134418,d8:b1:90:d9:de:f0,-64,11,-99,-38,66,56,1989281379,100,0,114,0,"[-15,25,-18,28,-19,29,-21,29,-22,29,-23,28,-23,25,-23,25,-21,22,-22,21,-22,20,-20,18,-21,19,-21,18,-21,19,-21,18,-22,19,-23,20,-23,20,-22,20,-23,21,-22,22,-22,20,-20,21,-22,19,-21,20,-20,19,-21,20,0,0,-21,20,-20,22,-20,23,-22,23,-22,25,-23,25,-23,25,-25,26,-23,25,-23,22,-23,22,-22,22,-20,22,-20,20,-19,19,-19,19,-19,19,-20,19,-20,19,-21,19,-22,19,-23,19,-22,19,-25,18,-25,15,-25,14,-21,13,-20,10]"
CSI_DATA,134419,d8:b1:90:d9:de:f0,-64,11,-99,-34,65,56,1989297633,100,0,114,0,"[-14,25,-16,28,-18,29,-20,30,-19,30,-20,29,-19,28,-19,26,-17,27,-17,26,-16,25,-16,25,-15,26,-14,26,-13,27,-14,28,-13,29,-11,29,-10,30,-9,29,-8,30,-8,31,-6,30,-5,29,-4,30,-2,29,-1,29,-1,30,0,0,0,29,2,30,3,31,4,32,4,33,6,33,7,33,7,34,8,33,8,32,10,31,10,30,10,29,10,27,10,25,11,25,11,22,11,22,13,22,13,22,14,23,15,26,17,26,15,25,14,23,13,25,11,22,9,20]"
CSI_DATA,134420,d8:b1:90:d9:de:f0,-64,11,-99,-39,66,56,1989307673,100,0,114,0,"[-26,12,-30,11,-34,11,-34,10,-35,8,-34,7,-34,6,-32,6,-32,6,-32,5,-30,4,-29,4,-29,5,-29,6,-30,6,-30,6,-30,6,-31,7,-30,6,-31,8,-29,10,-30,8,-30,10,-29,10,-28,11,-25,11,-26,11,-28,12,0,0,-28,14,-28,13,-26,14,-30,16,-28,16,-31,17,-30,16,-31,19,-30,19,-30,19,-28,17,-25,16,-25,17,-24,16,-23,15,-22,15,-21,15,-21,15,-22,16,-23,17,-24,17,-24,17,-23,16,-24,16,-26,15,-24,13,-22,11,-20,8]"
CSI_DATA,134421,d8:b1:90:d9:de:f0,-63,11,-99,-39,66,56,1989317996,100,0,114,0,"[31,-3,34,-1,34,1,35,2,38,3,35,5,34,6,33,7,32,6,31,7,28,8,29,10,28,10,28,11,28,12,28,12,29,11,30,12,30,13,30,12,31,13,32,13,30,12,29,13,29,13,28,14,26,12,26,12,0,0,26,10,28,13,28,13,30,14,31,15,32,16,32,15,33,16,31,16,31,16,30,16,26,16,24,16,24,14,23,15,22,14,21,15,22,15,22,15,23,17,24,17,22,20,22,21,20,22,20,21,16,22,14,21,11,20]"
CSI_DATA,134422,d8:b1:90:d9:de:f0,-63,11,-99,-39,66,56,1989337806,100,0,114,0,"[4,-30,6,-33,7,-35,10,-35,11,-35,12,-34,12,-32,12,-31,10,-30,10,-29,11,-28,10,-28,11,-26,10,-28,10,-26,10,-28,10,-30,12,-30,12,-31,11,-30,10,-31,7,-30,7,-31,7,-32,6,-30,6,-30,5,-30,5,-31,0,0,3,-29,3,-30,3,-32,3,-32,3,-34,2,-35,1,-35,1,-37,1,-34,1,-33,2,-33,0,-33,0,-32,0,-30,1,-26,1,-29,0,-26,0,-28,0,-28,0,-29,-1,-30,0,-31,0,-31,1,-30,2,-29,2,-28,4,-25,5,-24]"
CSI_DATA,134423,d8:b1:90:d9:de:f0,-63,11,-99,-39,66,56,1989357645,100,0,114,0,"[28,-16,30,-17,32,-17,34,-16,34,-19,33,-19,32,-16,31,-16,30,-16,29,-15,28,-14,26,-15,26,-16,25,-16,24,-17,25,-19,24,-21,25,-22,24,-22,23,-22,22,-25,22,-24,21,-24,19,-25,19,-25,16,-26,15,-25,15,-26,0,0,14,-28,11,-30,11,-31,10,-32,8,-34,10,-34,7,-34,8,-34,6,-34,6,-33,4,-33,3,-33,3,-31,1,-30,1,-29,0,-28,-1,-26,-1,-28,-1,-28,0,-28,-2,-29,-3,-30,-3,-31,-3,-32,-2,-30,-1,-29,-1,-26,-1,-24]"
CSI_DATA,134424,d8:b1:90:d9:de:f0,-63,11,-99,-40,66,56,1989367698,100,0,114,0,"[-20,-24,-21,-27,-23,-30,-21,-31,-21,-33,-21,-33,-18,-31,-17,-31,-18,-30,-18,-28,-16,-27,-15,-27,-16,-25,-15,-25,-16,-26,-15,-27,-18,-28,-18,-27,-19,-27,-19,-26,-20,-28,-21,-27,-20,-25,-21,-24,-20,-23,-21,-24,-20,-21,-23,-21,0,0,-24,-21,-23,-20,-24,-23,-26,-20,-27,-24,-27,-24,-30,-21,-28,-21,-28,-20,-27,-20,-27,-19,-26,-19,-25,-18,-25,-18,-24,-16,-23,-15,-23,-13,-24,-15,-24,-13,-24,-13,-25,-15,-25,-16,-24,-17,-26,-19,-25,-17,-24,-17,-18,-18,-17,-17]"
CSI_DATA,134425,d8:b1:90:d9:de:f0,-64,11,-99,-35,65,56,1989387776,100,0,114,0,"[26,11,30,14,32,14,32,15,33,17,33,17,31,17,31,17,31,13,29,13,28,12,25,12,28,11,28,11,29,11,29,10,30,8,31,8,33,8,32,6,33,5,33,3,31,3,30,2,30,1,30,0,29,0,30,-2,0,0,31,-4,30,-6,32,-6,32,-8,33,-8,33,-11,34,-12,33,-11,32,-13,32,-13,32,-14,30,-13,28,-13,25,-14,24,-14,24,-14,22,-14,23,-16,22,-16,23,-16,23,-17,22,-17,22,-17,25,-19,25,-16,24,-16,21,-14,19,-12]"
CSI_DATA,134426,d8:b1:90:d9:de:f0,-64,11,-99,-40,67,56,1989398571,100,0,114,0,"[-14,24,-17,25,-19,26,-21,26,-22,26,-23,24,-23,23,-22,21,-21,21,-23,19,-21,18,-21,17,-21,17,-20,17,-20,17,-21,16,-23,18,-23,18,-23,18,-24,17,-23,19,-22,18,-22,17,-21,18,-22,19,-21,18,-20,18,-21,17,0,0,-21,18,-20,19,-21,20,-24,21,-23,22,-24,22,-25,22,-25,22,-24,20,-25,20,-24,20,-23,19,-22,18,-21,17,-20,16,-20,16,-21,16,-20,16,-21,16,-22,15,-24,16,-24,17,-24,16,-25,14,-26,12,-25,10,-23,10,-20,7]"
CSI_DATA,134427,d8:b1:90:d9:de:f0,-64,11,-99,-39,66,56,1989417739,100,0,114,0,"[20,-21,23,-23,24,-24,25,-25,26,-25,25,-23,25,-23,24,-21,23,-22,22,-21,21,-20,21,-21,20,-21,19,-21,20,-22,19,-23,17,-25,19,-26,17,-26,17,-28,15,-28,13,-29,13,-29,12,-29,11,-29,8,-30,8,-29,7,-30,0,0,6,-29,3,-31,2,-31,2,-33,1,-34,1,-35,-1,-34,-1,-35,-2,-33,-2,-34,-3,-33,-4,-32,-4,-30,-5,-29,-5,-28,-5,-26,-7,-25,-7,-25,-8,-25,-8,-28,-10,-28,-10,-29,-12,-29,-11,-29,-7,-28,-8,-26,-7,-25,-5,-22]"
CSI_DATA,134428,d8:b1:90:d9:de:f0,-63,11,-99,-39,66,56,1989437675,100,0,114,0,"[32,-1,34,1,37,2,37,4,38,5,35,7,35,8,32,7,31,8,30,8,29,8,28,10,28,10,28,8,28,11,29,12,29,11,30,11,30,11,30,11,30,11,30,11,30,10,30,8,31,10,29,11,28,10,30,7,0,0,30,8,30,8,30,8,33,10,32,11,33,11,35,11,35,11,34,11,34,11,32,11,32,12,30,11,28,10,29,10,24,8,25,8,25,8,26,8,26,10,28,10,26,13,26,14,26,16,26,16,24,16,20,16,17,15]"
CSI_DATA,134429,d8:b1:90:d9:de:f0,-63,11,-99,-40,66,56,1989447701,100,0,114,0,"[-1,-32,-1,-34,0,-38,0,-39,0,-40,0,-39,1,-38,1,-35,-1,-33,0,-33,-1,-31,-1,-31,-2,-31,-2,-32,-3,-31,-4,-31,-5,-32,-6,-33,-8,-33,-10,-32,-10,-32,-12,-32,-12,-32,-15,-31,-15,-30,-15,-30,-16,-28,-17,-27,0,0,-19,-24,-20,-25,-23,-25,-26,-25,-25,-25,-25,-26,-27,-24,-27,-24,-28,-21,-30,-21,-28,-20,-27,-20,-27,-18,-27,-15,-27,-15,-25,-12,-24,-11,-25,-11,-26,-10,-26,-11,-28,-11,-28,-11,-28,-11,-28,-12,-28,-11,-27,-10,-25,-11,-21,-10]"
CSI_DATA,134430,d8:b1:90:d9:de:f0,-63,11,-99,-40,66,56,1989467695,100,0,114,0,"[-15,27,-18,30,-20,32,-23,32,-25,31,-25,30,-25,27,-26,26,-23,24,-24,23,-24,21,-23,20,-23,20,-24,20,-23,20,-24,19,-25,21,-26,21,-26,21,-26,23,-27,23,-25,23,-25,23,-25,21,-25,21,-23,21,-24,21,-23,20,0,0,-23,23,-21,21,-24,24,-25,25,-25,25,-25,25,-26,25,-27,25,-27,24,-27,24,-25,24,-24,21,-24,21,-21,21,-21,19,-21,18,-21,18,-21,17,-21,18,-23,17,-24,18,-25,18,-25,18,-26,17,-27,15,-25,12,-24,11,-20,8]"
CSI_DATA,134431,d8:b1:90:d9:de:f0,-64,11,-99,-38,66,56,1989477762,100,0,114,0,"[25,-16,28,-16,31,-17,31,-17,31,-17,31,-16,30,-15,29,-14,28,-16,28,-14,26,-15,26,-15,25,-16,23,-16,25,-17,25,-18,23,-19,23,-19,23,-20,21,-21,21,-22,20,-25,19,-23,18,-25,18,-25,15,-23,14,-25,15,-25,0,0,10,-26,10,-28,10,-28,9,-31,8,-31,8,-33,6,-34,7,-35,6,-34,5,-34,4,-32,2,-31,2,-30,0,-28,0,-28,1,-27,0,-26,-2,-27,-2,-27,-2,-28,-3,-28,-3,-29,-5,-29,-3,-30,-2,-28,-1,-28,-2,-25,-1,-21]"
CSI_DATA,134432,d8:b1:90:d9:de:f0,-63,11,-99,-39,66,56,1989489008,100,0,114,0,"[22,-21,25,-22,28,-22,29,-20,31,-20,31,-19,31,-15,30,-14,30,-14,30,-12,28,-11,28,-10,29,-10,28,-10,29,-7,29,-8,29,-10,31,-10,31,-10,31,-10,31,-10,31,-11,30,-7,29,-10,30,-8,29,-8,28,-8,30,-8,0,0,29,-7,28,-10,29,-10,33,-11,32,-10,34,-10,33,-10,34,-8,34,-10,34,-7,33,-8,31,-6,30,-6,28,-6,28,-6,28,-5,28,-5,28,-5,29,-4,28,-4,30,-2,30,-2,31,-1,31,0,31,1,29,3,25,3,23,5]"
CSI_DATA,134433,d8:b1:90:d9:de:f0,-63,11,-99,-39,66,56,1989508446,100,0,114,0,"[7,-29,6,-32,5,-35,3,-35,-1,-39,-4,-38,-6,-35,-10,-33,-14,-29,-15,-29,-16,-25,-19,-24,-22,-21,-24,-17,-25,-15,-29,-12,-30,-7,-31,-5,-33,-1,-31,2,-33,6,-31,11,-29,13,-26,17,-23,20,-20,22,-17,23,-13,25,0,0,-6,32,-3,31,0,32,5,34,11,33,12,33,16,31,20,31,23,26,25,24,28,21,28,17,29,13,29,8,28,4,29,1,26,0,25,-4,26,-7,25,-11,25,-14,24,-16,23,-20,22,-21,20,-22,17,-22,14,-21,12,-20]"
CSI_DATA,134434,d8:b1:90:d9:de:f0,-63,11,-99,-39,66,56,1989527671,100,0,114,0,"[13,26,13,30,12,32,12,34,10,35,8,35,7,34,5,33,5,32,5,32,5,29,4,30,2,30,3,30,3,29,2,31,4,31,3,32,4,33,4,31,4,34,4,34,5,33,5,32,4,31,3,31,4,30,5,30,0,0,5,29,6,32,6,32,7,33,6,34,7,35,7,35,7,37,7,34,6,34,5,33,5,32,4,31,4,29,5,29,4,26,4,26,3,25,4,26,3,29,3,30,3,31,2,33,1,31,0,29,-1,28,-2,26,-3,23]"
CSI_DATA,134435,d8:b1:90:d9:de:f0,-64,11,-99,-38,66,56,1989538149,100,0,114,0,"[-5,-30,-5,-32,-5,-34,-4,-35,-3,-37,-3,-37,-3,-34,-2,-33,-3,-32,-3,-31,-3,-29,-4,-29,-4,-28,-4,-29,-5,-29,-6,-29,-7,-31,-7,-29,-8,-29,-9,-29,-13,-30,-11,-30,-11,-28,-14,-27,-15,-27,-14,-27,-16,-26,-17,-23,0,0,-19,-22,-19,-23,-20,-23,-21,-23,-22,-26,-25,-25,-26,-25,-25,-25,-27,-21,-26,-20,-26,-20,-26,-19,-25,-17,-25,-16,-23,-14,-22,-14,-22,-13,-22,-11,-23,-11,-23,-13,-26,-11,-25,-13,-26,-14,-27,-14,-26,-11,-25,-13,-21,-13,-19,-13]"
CSI_DATA,134436,d8:b1:90:d9:de:f0,-64,11,-99,-38,66,56,1989557648,100,0,114,0,"[-27,-14,-29,-17,-29,-20,-28,-20,-30,-23,-28,-23,-26,-23,-23,-22,-22,-21,-21,-21,-20,-20,-19,-21,-19,-21,-19,-20,-19,-21,-19,-21,-21,-21,-20,-22,-22,-22,-20,-21,-22,-23,-22,-22,-21,-21,-21,-21,-21,-21,-20,-21,-20,-19,-21,-19,0,0,-23,-18,-23,-20,-23,-20,-26,-21,-26,-21,-27,-22,-27,-22,-26,-23,-26,-22,-26,-21,-25,-21,-23,-21,-22,-20,-21,-17,-21,-17,-19,-17,-20,-18,-19,-16,-20,-17,-20,-18,-21,-19,-19,-19,-20,-21,-20,-22,-19,-21,-17,-20,-14,-20,-11,-19]"
CSI_DATA,134437,d8:b1:90:d9:de:f0,-64,11,-99,-38,66,56,1989567670,100,0,114,0,"[29,4,31,7,33,9,33,11,33,15,31,16,31,17,28,17,26,17,25,17,23,17,22,18,22,17,21,18,22,19,21,20,22,20,22,22,22,22,22,22,22,22,21,22,21,22,20,23,21,22,19,22,19,22,20,21,0,0,18,22,19,25,19,25,21,27,21,28,20,29,19,29,19,29,18,28,18,29,17,28,15,28,13,26,13,25,10,26,10,23,11,25,10,23,10,25,10,25,9,27,7,28,7,29,5,30,4,29,3,28,0,26,-2,21]"
CSI_DATA,134438,d8:b1:90:d9:de:f0,-63,11,-99,-35,65,56,1989588351,100,0,114,0,"[31,-10,33,-7,35,-6,38,-4,39,-3,38,-1,37,0,35,1,33,1,31,2,30,3,29,4,30,4,30,5,31,6,31,6,31,7,32,6,33,7,33,6,32,8,32,7,31,7,31,6,31,7,30,7,30,8,32,6,0,0,30,6,30,6,31,7,32,8,33,8,34,10,34,11,33,10,34,11,32,11,31,11,30,12,28,11,26,11,25,10,26,11,24,10,25,11,24,11,25,12,26,13,25,15,24,17,25,17,24,16,22,19,17,17,15,16]"
CSI_DATA,134439,d8:b1:90:d9:de:f0,-64,11,-99,-39,66,56,1989607755,100,0,114,0,"[25,-14,30,-14,32,-14,33,-14,34,-14,33,-12,32,-11,32,-11,30,-12,30,-11,26,-11,28,-10,28,-10,28,-11,28,-11,28,-11,28,-13,29,-13,29,-14,28,-14,29,-16,28,-19,28,-17,25,-19,25,-17,24,-17,24,-19,24,-19,0,0,23,-20,22,-21,22,-22,23,-24,24,-25,23,-28,23,-28,23,-29,22,-28,22,-28,22,-26,19,-25,19,-24,16,-24,16,-23,15,-23,15,-22,14,-22,14,-22,15,-24,15,-26,14,-26,15,-26,17,-25,17,-23,17,-21,16,-20,14,-15]"
CSI_DATA,134440,d8:b1:90:d9:de:f0,-63,11,-99,-40,66,56,1989627679,100,0,114,0,"[-31,-6,-33,-10,-34,-13,-35,-16,-33,-19,-33,-20,-30,-20,-28,-20,-26,-20,-24,-20,-23,-20,-21,-20,-23,-21,-23,-21,-21,-23,-21,-23,-21,-25,-20,-25,-20,-26,-21,-25,-23,-27,-21,-26,-19,-25,-19,-25,-19,-24,-19,-26,-19,-24,-18,-24,0,0,-18,-24,-18,-27,-19,-27,-18,-26,-19,-30,-19,-31,-19,-31,-18,-31,-17,-31,-17,-30,-16,-30,-13,-28,-12,-27,-12,-26,-11,-25,-10,-25,-10,-24,-10,-25,-10,-26,-9,-27,-9,-27,-6,-30,-6,-31,-4,-32,-3,-30,-2,-28,1,-26,2,-23]"
CSI_DATA,134441,d8:b1:90:d9:de:f0,-63,11,-99,-35,65,56,1989637664,100,0,114,0,"[-26,-15,-29,-17,-31,-20,-30,-21,-33,-22,-31,-21,-30,-23,-28,-20,-26,-19,-25,-19,-25,-16,-25,-19,-25,-17,-24,-17,-25,-17,-26,-17,-26,-15,-30,-17,-29,-16,-31,-15,-29,-13,-30,-13,-30,-13,-30,-11,-30,-12,-29,-10,-29,-10,-29,-8,0,0,-30,-6,-31,-5,-31,-5,-33,-4,-32,-4,-34,-4,-35,-4,-35,-3,-35,-2,-35,-2,-33,0,-31,-1,-30,-1,-28,1,-28,1,-26,1,-26,3,-25,2,-28,2,-29,2,-30,3,-30,3,-31,1,-30,2,-30,1,-29,1,-26,0,-21,0]"
CSI_DATA,134442,d8:b1:90:d9:de:f0,-64,11,-99,-38,66,56,1989657639,100,0,114,0,"[-28,10,-30,10,-33,9,-35,7,-35,5,-37,3,-34,1,-33,1,-30,0,-30,-2,-29,-2,-29,-3,-28,-3,-29,-4,-29,-4,-30,-5,-30,-6,-31,-6,-31,-6,-30,-5,-32,-7,-30,-6,-30,-6,-30,-6,-30,-6,-29,-7,-28,-6,-29,-6,0,0,-30,-7,-28,-7,-29,-7,-31,-9,-31,-9,-32,-10,-32,-11,-33,-13,-32,-13,-31,-11,-30,-13,-28,-13,-27,-13,-26,-11,-23,-11,-23,-11,-22,-13,-25,-11,-23,-13,-25,-14,-25,-16,-23,-17,-22,-18,-22,-19,-21,-20,-19,-20,-15,-18,-13,-17]"
CSI_DATA,134443,d8:b1:90:d9:de:f0,-63,11,-99,-40,66,56,1989667711,100,0,114,0,"[-11,30,-13,32,-17,34,-18,33,-19,34,-19,33,-19,32,-18,30,-17,30,-16,28,-16,26,-16,27,-16,27,-15,27,-15,28,-13,30,-13,31,-15,31,-13,30,-13,31,-11,33,-11,34,-10,33,-9,32,-9,32,-6,32,-5,31,-4,31,0,0,-4,31,-2,33,-2,34,-2,34,0,36,-1,38,1,36,0,38,1,36,1,36,3,35,2,34,3,33,4,31,4,30,4,28,4,27,5,26,5,27,6,28,5,30,5,31,6,32,5,32,3,30,3,27,1,26,1,23]"
CSI_DATA,134444,d8:b1:90:d9:de:f0,-63,11,-99,-39,66,56,1989677775,100,0,114,0,"[-28,-14,-29,-19,-31,-21,-30,-22,-30,-24,-29,-24,-28,-25,-24,-24,-24,-22,-22,-22,-21,-22,-20,-23,-21,-22,-21,-22,-20,-23,-21,-23,-21,-22,-23,-24,-22,-24,-23,-23,-22,-24,-24,-24,-23,-23,-24,-23,-23,-22,-22,-21,-22,-21,-22,-20,0,0,-24,-21,-24,-21,-24,-21,-26,-22,-25,-22,-26,-22,-28,-22,-25,-24,-28,-22,-28,-22,-25,-22,-24,-22,-23,-21,-22,-19,-22,-19,-20,-17,-21,-17,-21,-15,-22,-16,-21,-17,-22,-19,-21,-22,-21,-22,-20,-23,-20,-22,-15,-21,-14,-21,-11,-19]"
CSI_DATA,134445,d8:b1:90:d9:de:f0,-63,11,-99,-34,65,56,1989695775,100,0,114,0,"[-11,28,-13,31,-13,33,-14,34,-13,34,-13,33,-11,31,-9,31,-7,32,-7,30,-5,29,-5,29,-3,30,-2,28,-1,29,0,30,3,30,3,31,5,32,6,30,9,30,11,31,11,29,15,28,14,26,16,26,16,22,18,23,0,0,23,20,23,19,25,18,27,18,30,17,30,17,31,15,33,13,32,10,34,9,32,8,30,6,29,5,29,3,29,2,27,0,27,-1,28,-3,28,-4,28,-5,29,-5,28,-7,29,-8,30,-8,29,-9,27,-8,25,-7,21,-6]"
CSI_DATA,134446,d8:b1:90:d9:de:f0,-63,11,-99,-40,66,56,1989707632,100,0,114,0,"[31,-9,34,-9,35,-9,38,-8,39,-5,38,-4,36,-2,35,-2,34,-2,32,-2,31,-2,30,-1,33,-1,32,0,32,-1,32,0,33,-1,33,-1,34,-1,34,-1,34,-3,35,-2,33,-3,32,-4,32,-3,32,-2,31,-3,32,-4,0,0,32,-6,31,-5,33,-5,34,-6,34,-8,35,-8,36,-6,35,-9,35,-8,35,-8,34,-6,32,-6,31,-6,30,-6,30,-6,27,-5,26,-6,27,-5,27,-6,30,-6,30,-6,30,-6,30,-5,31,-4,31,-3,30,-2,26,-1,23,0]"
CSI_DATA,134447,d8:b1:90:d9:de:f0,-63,11,-99,-39,66,56,1989717697,100,0,114,0,"[6,30,4,34,2,37,0,39,-1,38,-3,38,-4,35,-5,34,-7,32,-7,31,-7,30,-8,29,-10,30,-10,29,-11,29,-11,30,-11,31,-12,30,-13,30,-13,31,-14,32,-13,31,-14,30,-12,30,-13,28,-13,29,-12,26,-13,26,0,0,-13,28,-14,29,-15,29,-15,30,-15,31,-16,32,-17,31,-19,31,-17,29,-19,29,-19,28,-19,28,-17,25,-17,24,-16,23,-16,21,-16,20,-16,21,-16,21,-20,21,-20,21,-21,21,-22,21,-23,20,-23,16,-23,14,-22,14,-20,10]"
CSI_DATA,134448,d8:b1:90:d9:de:f0,-63,11,-99,-39,66,56,1989728505,100,0,114,0,"[-6,30,-7,32,-10,34,-12,34,-12,35,-14,34,-14,33,-15,31,-13,30,-14,28,-12,25,-13,25,-13,25,-13,25,-13,26,-13,26,-13,29,-14,29,-13,30,-13,31,-13,31,-12,32,-12,30,-10,31,-11,30,-10,29,-10,29,-8,29,0,0,-7,30,-7,30,-7,31,-6,33,-7,35,-7,37,-7,37,-7,35,-7,34,-7,33,-6,33,-5,32,-5,31,-5,29,-4,26,-5,28,-4,26,-5,26,-4,28,-4,28,-5,29,-5,30,-4,30,-6,30,-8,28,-8,26,-8,24,-10,21]"
CSI_DATA,134449,d8:b1:90:d9:de:f0,-63,11,-99,-39,66,56,1989747637,100,0,114,0,"[-17,24,-21,25,-23,26,-26,25,-29,25,-29,22,-29,21,-29,19,-25,16,-26,16,-26,13,-25,13,-25,13,-26,13,-25,12,-26,12,-29,13,-31,12,-30,13,-30,12,-30,12,-30,12,-30,11,-30,11,-29,12,-29,11,-28,11,-29,11,0,0,-30,11,-29,11,-29,11,-32,12,-33,10,-33,11,-34,10,-34,8,-34,10,-34,8,-32,7,-31,7,-30,7,-29,6,-28,5,-26,4,-26,4,-26,4,-28,4,-29,3,-30,2,-30,1,-29,1,-30,-1,-31,-2,-28,-4,-24,-4,-21,-5]"
CSI_DATA,134450,d8:b1:90:d9:de:f0,-63,11,-99,-40,66,56,1989757667,100,0,114,0,"[-21,20,-25,23,-28,24,-31,24,-31,24,-30,23,-30,20,-28,20,-26,19,-26,19,-25,18,-24,18,-25,19,-24,19,-24,20,-24,20,-25,23,-25,23,-24,24,-24,25,-23,26,-21,26,-21,26,-19,26,-19,26,-18,26,-17,26,-16,27,0,0,-15,28,-13,30,-12,31,-12,32,-12,33,-12,34,-12,35,-11,36,-10,35,-10,35,-9,34,-8,32,-5,32,-5,30,-5,28,-4,27,-3,27,-3,28,-2,27,-3,28,-3,30,-3,30,-2,30,-3,30,-5,28,-4,27,-4,25,-4,21]"
CSI_DATA,134451,d8:b1:90:d9:de:f0,-64,11,-99,-38,66,56,1989767696,100,0,114,0,"[20,21,21,25,20,27,20,29,20,30,18,30,17,30,16,28,15,27,15,27,14,25,13,26,13,26,14,26,13,26,13,27,15,28,15,29,15,28,15,28,15,29,17,28,16,27,16,27,17,27,16,26,16,25,17,23,0,0,17,25,17,23,18,25,20,26,20,27,21,28,22,27,21,28,22,26,21,27,20,26,20,26,18,25,18,22,17,22,16,20,17,21,17,19,17,20,18,21,19,21,18,22,18,25,17,25,16,22,15,22,11,22,8,20]"
CSI_DATA,134452,d8:b1:90:d9:de:f0,-63,11,-99,-40,66,56,1989777975,100,0,114,0,"[30,-10,33,-9,35,-8,38,-5,39,-3,38,-2,36,1,35,2,33,2,32,3,30,4,30,5,31,5,30,6,30,8,31,8,32,9,33,9,34,10,33,10,32,12,32,12,31,12,31,11,31,11,31,12,28,11,31,11,0,0,30,12,30,12,30,12,32,13,33,15,33,17,33,18,32,19,32,19,31,19,30,19,27,19,26,18,24,18,25,18,24,17,23,18,23,18,21,18,21,19,21,20,21,21,20,23,19,24,18,25,16,24,12,23,9,19]"
CSI_DATA,134453,d8:b1:90:d9:de:f0,-63,11,-99,-39,66,56,1989797800,100,0,114,0,"[-30,2,-33,1,-35,0,-37,-1,-37,-3,-35,-4,-34,-5,-33,-5,-31,-4,-30,-4,-29,-6,-28,-5,-28,-5,-28,-5,-29,-5,-30,-6,-31,-6,-31,-6,-31,-6,-31,-5,-33,-5,-33,-5,-31,-5,-31,-3,-31,-4,-30,-3,-29,-3,-31,-1,0,0,-32,-2,-30,-2,-33,-1,-32,-2,-34,-1,-35,-2,-35,-1,-35,-1,-37,-1,-35,-1,-33,-1,-32,-2,-32,-1,-30,-1,-29,-1,-29,-1,-26,-1,-29,0,-29,0,-31,0,-31,-1,-31,-2,-30,-3,-32,-4,-31,-4,-30,-5,-24,-6,-21,-6]"
CSI_DATA,134454,d8:b1:90:d9:de:f0,-63,11,-99,-40,66,56,1989817786,100,0,114,0,"[27,16,28,19,30,21,32,23,31,24,30,24,28,24,27,23,25,21,25,20,24,19,23,19,24,19,25,18,24,18,25,18,27,17,27,18,27,18,30,16,30,17,32,15,31,13,30,13,30,11,27,11,30,9,28,8,0,0,32,6,32,6,32,6,35,5,35,5,35,4,36,3,36,2,38,2,38,1,35,1,33,1,31,0,30,-1,28,-1,28,-1,26,-2,27,-3,27,-4,28,-3,31,-4,31,-3,31,-4,31,-3,32,-3,30,-2,26,0,23,0]"
CSI_DATA,134455,d8:b1:90:d9:de:f0,-64,11,-99,-38,66,56,1989828322,100,0,114,0,"[29,-2,33,0,34,1,35,4,35,3,35,5,32,6,32,7,30,6,29,8,27,7,27,9,28,8,28,9,28,10,28,10,29,9,29,10,30,10,29,10,30,11,30,9,30,10,29,9,29,10,29,9,29,9,29,8,0,0,28,9,28,8,30,8,31,10,33,10,32,11,32,11,32,13,32,11,32,11,30,11,28,11,26,10,26,10,26,9,26,9,22,9,26,9,25,10,26,11,27,13,27,14,26,15,26,15,26,16,22,17,19,16,17,16]"
CSI_DATA,134456,d8:b1:90:d9:de:f0,-64,11,-99,-39,66,56,1989847634,100,0,114,0,"[17,-24,20,-25,24,-26,24,-26,24,-29,24,-28,23,-25,23,-23,20,-23,21,-22,19,-22,19,-22,20,-23,19,-23,17,-24,19,-24,17,-25,17,-26,16,-28,16,-26,15,-29,13,-30,13,-29,12,-30,12,-29,10,-30,10,-29,8,-30,0,0,7,-29,5,-31,3,-31,4,-34,4,-34,3,-34,1,-35,1,-37,0,-35,0,-35,-1,-33,-2,-32,-1,-31,-2,-29,-4,-28,-2,-25,-4,-26,-4,-25,-5,-25,-5,-28,-6,-29,-7,-29,-6,-30,-6,-30,-4,-29,-4,-26,-4,-26,-3,-23]"
CSI_DATA,134457,d8:b1:90:d9:de:f0,-63,11,-99,-40,66,56,1989857720,100,0,114,0,"[20,25,20,27,20,31,20,33,19,35,18,33,16,33,15,33,15,30,12,30,11,30,11,30,12,30,13,28,12,30,13,31,15,31,13,32,16,32,15,31,16,32,16,31,16,31,15,30,16,28,15,27,16,27,16,27,0,0,18,26,18,27,18,27,20,28,20,28,20,30,20,30,21,31,21,28,21,30,21,27,19,27,19,25,18,25,18,23,18,23,17,23,17,21,17,21,17,21,19,24,18,25,18,25,18,27,17,26,15,26,12,24,9,21]"
CSI_DATA,134458,d8:b1:90:d9:de:f0,-63,11,-99,-40,66,56,1989877651,100,0,114,0,"[13,31,13,33,15,35,13,36,12,38,12,35,10,35,10,33,11,32,10,31,11,30,10,28,11,30,12,30,13,28,12,28,16,30,17,31,16,31,18,28,18,30,19,28,19,27,20,26,20,25,20,24,20,23,23,21,0,0,24,20,24,20,26,19,30,21,30,20,31,20,31,20,31,20,32,18,31,18,31,16,30,16,30,13,27,11,27,10,27,10,26,10,26,8,27,8,28,8,28,8,30,8,30,9,32,8,30,9,27,9,25,9,21,9]"
CSI_DATA,134459,d8:b1:90:d9:de:f0,-63,11,-99,-40,66,56,1989887668,100,0,114,0,"[-31,10,-34,9,-39,10,-40,8,-39,5,-38,4,-35,3,-34,3,-33,2,-33,2,-32,2,-30,2,-32,3,-31,2,-32,2,-33,2,-33,3,-33,2,-34,3,-34,3,-33,4,-33,4,-32,4,-32,5,-32,5,-30,5,-30,6,-30,8,0,0,-32,9,-31,9,-32,10,-34,11,-34,11,-34,11,-35,12,-34,11,-35,11,-34,11,-32,11,-31,11,-30,11,-28,11,-27,10,-28,9,-25,10,-26,10,-27,11,-27,11,-28,11,-30,11,-28,10,-30,10,-31,8,-30,6,-26,5,-21,4]"
CSI_DATA,134460,d8:b1:90:d9:de:f0,-63,11,-99,-35,65,56,1989897801,100,0,114,0,"[-21,-22,-22,-25,-20,-29,-20,-30,-19,-33,-16,-31,-14,-33,-12,-30,-12,-30,-10,-29,-10,-29,-8,-28,-8,-28,-6,-29,-6,-29,-5,-29,-8,-31,-7,-32,-6,-31,-6,-32,-6,-32,-7,-33,-6,-32,-6,-31,-6,-31,-5,-30,-4,-30,-5,-30,0,0,-5,-30,-6,-32,-5,-33,-5,-33,-5,-33,-5,-35,-5,-34,-3,-37,-3,-35,-3,-35,-2,-33,0,-33,-1,-32,-1,-30,-1,-30,-1,-28,0,-28,0,-26,0,-28,1,-28,1,-29,2,-31,4,-31,6,-32,7,-29,8,-26,10,-25,10,-20]"
CSI_DATA,134461,d8:b1:90:d9:de:f0,-63,11,-99,-40,66,56,1989917624,100,0,114,0,"[31,9,32,11,34,13,34,13,38,16,34,16,33,17,31,17,31,16,30,16,28,15,27,16,27,17,26,16,27,16,28,17,28,15,32,16,30,16,32,15,30,15,32,13,30,13,30,11,32,12,30,12,30,11,31,10,0,0,30,9,32,8,33,8,35,9,34,8,36,8,35,6,36,9,36,6,35,8,35,6,32,8,31,6,30,5,31,4,28,4,28,4,27,3,28,2,28,3,30,4,30,5,30,6,31,8,31,8,28,8,26,9,21,8]"
CSI_DATA,134462,d8:b1:90:d9:de:f0,-64,11,-99,-38,66,56,1989928875,100,0,114,0,"[-23,17,-26,18,-29,18,-30,19,-31,18,-30,17,-29,16,-29,15,-27,16,-28,16,-26,15,-26,15,-26,15,-26,16,-23,17,-25,17,-26,18,-26,18,-26,20,-25,20,-23,21,-21,21,-21,22,-20,22,-20,22,-18,22,-18,22,-18,23,0,0,-16,27,-16,26,-15,27,-15,28,-14,30,-15,30,-14,31,-14,32,-13,32,-13,31,-11,31,-9,30,-9,29,-7,27,-7,26,-7,26,-6,25,-5,26,-6,25,-6,26,-6,27,-6,28,-5,28,-6,29,-7,28,-7,27,-6,25,-6,20]"
CSI_DATA,134463,d8:b1:90:d9:de:f0,-64,11,-99,-39,66,56,1989947823,100,0,114,0,"[2,29,2,32,-1,35,-2,35,-2,38,-2,37,-5,34,-5,32,-3,31,-4,31,-4,30,-6,29,-5,29,-5,28,-5,29,-5,30,-4,31,-5,32,-5,31,-5,31,-3,32,-2,32,-2,32,-2,32,-2,31,-1,30,-1,29,-1,30,0,0,0,31,0,32,0,32,1,34,3,34,1,34,3,34,2,35,2,33,1,34,2,33,2,33,1,32,2,30,2,29,3,26,2,26,2,25,3,26,3,26,3,29,3,30,3,31,1,31,-1,29,0,28,-2,26,-3,23]"
CSI_DATA,134464,d8:b1:90:d9:de:f0,-63,11,-99,-40,66,56,1989957840,100,0,114,0,"[-24,21,-27,21,-31,21,-32,20,-33,20,-33,19,-33,15,-33,13,-31,15,-31,11,-30,10,-30,8,-30,9,-30,8,-30,6,-30,6,-31,8,-33,8,-33,8,-33,8,-33,8,-33,9,-33,6,-31,6,-32,6,-32,5,-31,5,-33,5,0,0,-31,8,-32,6,-32,8,-34,8,-35,6,-36,6,-36,5,-36,5,-36,4,-36,4,-35,4,-33,2,-31,2,-30,2,-30,3,-31,2,-28,1,-30,0,-28,0,-30,-1,-31,-1,-30,-1,-28,-2,-31,-5,-30,-8,-28,-8,-25,-6,-23,-8]"
CSI_DATA,134465,d8:b1:90:d9:de:f0,-63,11,-99,-39,66,56,1989977718,100,0,114,0,"[29,11,31,14,32,16,33,17,32,19,31,19,30,19,28,19,26,16,26,16,25,15,24,16,23,16,24,15,24,16,24,17,25,17,28,17,28,17,28,16,29,16,29,15,28,15,29,13,29,14,28,14,29,12,30,12,0,0,29,11,29,11,30,11,32,11,32,11,33,12,34,11,34,11,34,10,34,10,33,10,31,8,30,7,29,6,28,6,28,6,28,5,26,6,29,6,29,6,30,5,29,7,29,8,30,10,30,8,26,10,23,10,22,10]"
CSI_DATA,134466,d8:b1:90:d9:de:f0,-63,11,-99,-39,66,56,1989987691,100,0,114,0,"[0,31,-2,33,-3,35,-4,35,-7,39,-8,34,-8,34,-11,32,-11,31,-10,30,-12,28,-11,28,-12,26,-11,26,-12,28,-12,29,-12,29,-15,30,-15,29,-15,31,-13,30,-14,30,-14,30,-13,28,-13,30,-12,29,-12,26,-11,28,0,0,-12,28,-14,29,-13,28,-15,31,-14,30,-15,31,-15,32,-17,32,-16,31,-16,32,-16,31,-15,28,-15,28,-13,25,-15,23,-15,22,-14,23,-14,22,-15,23,-16,22,-17,23,-19,23,-17,25,-21,22,-20,20,-20,17,-21,16,-19,13]"
CSI_DATA,134467,d8:b1:90:d9:de:f0,-64,11,-99,-40,67,56,1990001282,100,0,114,0,"[6,27,6,30,5,32,2,32,4,36,3,33,1,34,1,31,1,29,0,28,1,27,2,27,2,26,4,27,3,27,2,28,3,28,3,30,5,30,4,30,6,29,6,30,6,29,8,27,8,28,9,27,10,27,10,26,0,0,10,25,13,27,13,26,14,28,15,27,14,29,16,28,16,29,16,27,16,28,17,25,17,25,17,23,15,22,16,21,15,20,15,20,15,18,15,20,15,20,16,20,17,22,17,22,16,22,16,21,13,20,12,21,11,18]"
CSI_DATA,134468,d8:b1:90:d9:de:f0,-63,11,-99,-40,66,56,1990017770,100,0,114,0,"[28,10,32,13,32,17,33,18,32,21,30,21,28,21,26,23,26,23,25,21,21,21,21,21,21,21,20,21,21,24,21,23,23,24,23,26,21,25,21,25,24,26,24,26,24,25,23,24,20,23,20,25,20,23,21,23,0,0,23,23,20,24,20,25,23,25,24,27,25,28,24,27,24,28,23,28,23,27,21,27,20,27,19,26,18,24,18,24,16,21,15,21,16,23,17,23,16,24,15,24,15,27,13,27,12,30,11,28,9,28,6,26,4,23]"
CSI_DATA,134469,d8:b1:90:d9:de:f0,-63,11,-99,-40,66,56,1990037739,100,0,114,0,"[25,-17,28,-18,33,-18,33,-17,35,-16,34,-15,34,-13,34,-12,32,-12,31,-12,31,-12,30,-11,30,-12,30,-11,28,-12,31,-12,31,-13,31,-12,32,-15,32,-15,30,-15,30,-16,30,-15,28,-17,28,-16,27,-16,27,-17,27,-18,0,0,26,-19,26,-19,27,-19,28,-21,28,-21,28,-23,30,-24,30,-24,28,-24,28,-24,25,-21,25,-21,23,-20,21,-21,21,-19,21,-18,20,-19,20,-18,20,-19,23,-20,24,-21,23,-21,23,-21,23,-20,24,-19,23,-17,21,-16,18,-12]"
CSI_DATA,134470,d8:b1:90:d9:de:f0,-63,11,-99,-40,66,56,1990057638,100,0,114,0,"[-20,-24,-21,-25,-21,-28,-24,-28,-23,-32,-21,-31,-21,-31,-21,-28,-20,-27,-20,-25,-20,-24,-19,-24,-19,-24,-20,-21,-20,-21,-21,-21,-24,-21,-26,-23,-25,-23,-26,-20,-27,-20,-28,-20,-28,-17,-30,-17,-28,-15,-28,-15,-28,-12,-28,-10,0,0,-31,-9,-31,-10,-32,-9,-33,-8,-34,-6,-35,-6,-36,-5,-36,-4,-36,-2,-36,-1,-35,0,-32,0,-32,1,-31,2,-30,2,-27,2,-27,3,-28,4,-28,4,-27,4,-30,5,-30,6,-30,5,-32,5,-31,5,-30,5,-26,2,-23,2]"
CSI_DATA,134471,d8:b1:90:d9:de:f0,-63,11,-99,-40,66,56,1990067737,100,0,114,0,"[-26,13,-30,16,-33,16,-34,15,-34,12,-34,12,-33,10,-32,10,-31,10,-31,9,-30,9,-28,9,-28,8,-28,9,-28,9,-28,9,-31,10,-31,10,-31,11,-30,11,-31,12,-31,13,-30,13,-30,13,-28,13,-26,15,-27,15,-27,16,0,0,-26,17,-25,18,-26,17,-28,19,-27,20,-30,21,-30,21,-30,23,-28,21,-28,23,-27,21,-26,20,-24,20,-23,19,-23,18,-21,17,-20,18,-20,18,-20,18,-24,20,-24,20,-23,20,-23,20,-24,19,-26,18,-25,17,-21,15,-20,12]"
CSI_DATA,134472,d8:b1:90:d9:de:f0,-64,11,-99,-39,66,56,1990087647,100,0,114,0,"[-29,8,-31,10,-34,10,-35,8,-35,8,-35,8,-34,7,-32,8,-32,10,-31,7,-29,10,-29,8,-29,10,-28,10,-28,11,-29,12,-28,13,-30,15,-29,16,-29,16,-28,16,-26,17,-25,19,-24,20,-23,21,-22,20,-22,22,-20,21,0,0,-21,23,-19,25,-17,26,-17,28,-17,30,-16,31,-15,31,-15,31,-14,32,-14,32,-13,31,-11,30,-11,29,-8,29,-7,28,-6,26,-5,26,-5,25,-5,28,-4,28,-5,29,-3,29,-3,29,-4,31,-5,29,-5,28,-4,26,-4,23]"
CSI_DATA,134473,d8:b1:90:d9:de:f0,-63,11,-99,-40,66,56,1990102529,100,0,114,0,"[27,16,31,18,32,20,32,20,32,23,31,23,30,23,30,20,28,19,27,19,26,17,26,17,28,16,27,15,27,15,30,13,31,12,32,12,34,12,33,10,33,9,33,9,32,8,31,5,31,4,32,1,31,1,31,-1,0,0,33,-1,31,-3,32,-5,34,-6,34,-8,34,-8,34,-9,34,-10,34,-11,34,-12,32,-13,30,-13,28,-13,26,-15,26,-13,23,-13,23,-13,24,-17,24,-16,24,-17,24,-18,23,-18,23,-18,25,-19,25,-19,24,-17,20,-15,19,-13]"
CSI_DATA,134474,d8:b1:90:d9:de:f0,-63,9,-99,-39,66,56,1990112826,98,0,106,0,"[-112,0,23,16,129,0,-54,15,92,0,-83,15,67,0,-68,15,39,0,-33,15,13,0,-8,15,1,0,15,16,-12,16,21,16,-12,16,50,16,2,0,89,16,24,0,-116,16,19,0,-16,16,2,0,80,0,0,0,0,0,-124,16,-70,0,90,16,-26,0,37,16,-26,0,40,16,-47,0,90,16,-67,0,-131,16,-83,0,-76,16,-77,0,-47,16,-69,0,-51,16,-65,0,-81,16,-71,0,-117,16,-116,0,-143,16,81,0,-133,16]"
CSI_DATA,134475,d8:b1:90:d9:de:f0,-63,11,-99,-40,66,56,1990127655,100,0,114,0,"[-6,-32,-5,-34,-4,-38,-3,-38,-3,-41,-2,-38,-1,-39,-1,-34,-1,-34,0,-33,-1,-32,0,-33,-1,-31,-1,-31,-1,-31,-1,-33,-1,-32,-3,-34,-3,-33,-3,-34,-4,-34,-6,-34,-4,-33,-6,-33,-5,-32,-8,-32,-9,-31,-9,-31,0,0,-10,-30,-11,-31,-11,-30,-13,-32,-13,-32,-15,-33,-16,-33,-15,-34,-16,-33,-16,-33,-16,-31,-16,-31,-15,-30,-15,-27,-15,-26,-15,-24,-13,-24,-13,-23,-15,-24,-15,-24,-15,-25,-16,-26,-16,-27,-15,-27,-13,-25,-12,-24,-10,-24,-8,-21]"
CSI_DATA,134476,d8:b1:90:d9:de:f0,-63,11,-99,-35,65,56,1990137713,100,0,114,0,"[-7,-30,-5,-32,-3,-35,-3,-37,-2,-38,0,-38,1,-35,3,-34,2,-33,3,-32,3,-29,4,-30,4,-30,4,-29,5,-30,5,-31,4,-31,5,-32,5,-32,6,-31,5,-33,4,-33,4,-33,4,-31,4,-31,4,-31,4,-31,4,-30,0,0,4,-30,3,-31,3,-32,4,-33,3,-33,4,-35,3,-35,4,-38,4,-35,4,-34,5,-33,6,-34,5,-31,4,-30,4,-29,5,-28,5,-26,5,-25,5,-26,6,-28,7,-28,7,-30,8,-30,10,-29,11,-26,12,-25,12,-23,12,-19]"
CSI_DATA,134477,d8:b1:90:d9:de:f0,-64,11,-99,-39,66,56,1990157636,100,0,114,0,"[-8,29,-10,31,-13,32,-13,33,-13,34,-14,32,-15,31,-14,29,-13,28,-14,28,-13,26,-14,28,-13,26,-13,28,-12,28,-12,28,-12,29,-12,29,-12,30,-12,30,-11,31,-8,30,-8,31,-6,31,-7,31,-6,30,-6,30,-5,29,0,0,-4,31,-2,31,-2,31,-2,34,-1,34,-1,35,-1,35,-1,35,0,34,-1,35,-1,33,0,33,2,32,2,30,1,28,1,26,2,26,1,26,3,25,2,29,2,30,3,30,3,30,1,30,0,28,0,26,-1,26,-1,21]"
CSI_DATA,134478,d8:b1:90:d9:de:f0,-63,11,-99,-39,66,56,1990167647,100,0,114,0,"[-1,31,-3,33,-5,37,-6,37,-8,35,-8,34,-11,33,-11,31,-12,32,-12,30,-11,26,-12,28,-12,25,-13,28,-13,28,-12,26,-13,28,-13,29,-12,29,-14,29,-13,30,-13,30,-12,30,-12,29,-13,30,-12,29,-11,29,-11,29,0,0,-12,28,-11,30,-11,29,-13,32,-11,32,-13,33,-12,33,-13,33,-14,32,-14,33,-13,30,-12,31,-13,29,-11,26,-12,26,-12,25,-12,25,-11,24,-12,25,-13,26,-13,26,-14,26,-14,28,-16,26,-17,24,-16,22,-16,21,-15,16]"
CSI_DATA,134479,d8:b1:90:d9:de:f0,-63,11,-99,-40,66,56,1990177697,100,0,114,0,"[5,32,5,35,5,38,4,38,3,39,2,38,2,36,3,34,3,35,3,34,4,32,4,32,5,30,6,30,6,31,8,31,10,31,10,33,11,32,13,31,13,32,15,32,16,30,18,28,18,28,19,26,19,25,19,24,0,0,23,21,23,23,24,23,27,23,30,24,30,24,30,21,30,21,31,19,31,18,31,16,31,16,30,13,28,12,27,11,27,11,27,9,26,8,28,8,28,8,28,8,30,8,32,8,31,8,30,5,26,5,25,8,21,6]"
CSI_DATA,134480,d8:b1:90:d9:de:f0,-63,11,-99,-40,66,56,1990187698,100,0,114,0,"[-13,-28,-13,-32,-13,-35,-12,-36,-13,-38,-12,-38,-11,-35,-9,-34,-9,-32,-9,-31,-8,-30,-9,-31,-8,-31,-8,-30,-9,-31,-9,-31,-10,-32,-11,-32,-12,-32,-11,-31,-13,-32,-15,-31,-15,-31,-16,-31,-15,-28,-15,-28,-15,-27,-16,-26,0,0,-17,-25,-18,-26,-19,-26,-20,-27,-21,-28,-21,-27,-24,-27,-24,-28,-24,-27,-23,-26,-21,-26,-23,-25,-20,-23,-20,-21,-19,-20,-20,-19,-19,-18,-20,-17,-20,-18,-20,-18,-21,-19,-21,-20,-21,-21,-20,-21,-19,-21,-18,-19,-16,-20,-12,-18]"
CSI_DATA,134481,d8:b1:90:d9:de:f0,-63,11,-99,-40,66,56,1990198320,100,0,114,0,"[-11,30,-13,32,-17,34,-19,34,-23,33,-23,31,-23,28,-24,27,-23,25,-23,24,-21,21,-23,20,-24,20,-23,20,-24,20,-25,19,-26,19,-27,20,-27,20,-27,20,-27,20,-27,20,-26,19,-26,19,-27,18,-26,18,-25,17,-26,17,0,0,-26,17,-27,19,-27,18,-30,19,-30,19,-30,20,-31,19,-32,19,-31,17,-32,16,-31,16,-28,15,-27,13,-26,13,-27,12,-27,10,-26,11,-27,10,-27,10,-27,9,-28,8,-28,8,-28,8,-31,4,-31,2,-28,0,-26,1,-23,-1]"
CSI_DATA,134482,d8:b1:90:d9:de:f0,-64,11,-99,-39,66,56,1990217643,100,0,114,0,"[-13,-25,-13,-29,-12,-32,-12,-33,-13,-37,-12,-34,-11,-34,-10,-32,-10,-32,-10,-30,-8,-29,-8,-30,-8,-28,-8,-28,-10,-28,-8,-29,-11,-29,-11,-31,-13,-31,-14,-31,-13,-30,-14,-30,-14,-28,-16,-28,-15,-28,-15,-26,-15,-25,-16,-25,0,0,-19,-22,-19,-24,-20,-26,-23,-24,-23,-25,-24,-26,-24,-24,-25,-26,-24,-25,-24,-24,-23,-23,-22,-23,-21,-21,-22,-20,-21,-19,-21,-17,-20,-15,-21,-15,-21,-15,-22,-16,-23,-15,-23,-17,-23,-20,-23,-21,-23,-19,-21,-19,-17,-19,-14,-16]"
CSI_DATA,134483,d8:b1:90:d9:de:f0,-63,11,-99,-36,65,56,1990227650,100,0,114,0,"[-31,9,-33,8,-35,6,-36,4,-39,4,-36,3,-36,0,-34,0,-33,0,-32,-2,-31,-1,-30,-3,-31,-2,-31,-2,-31,-2,-31,-2,-31,-3,-34,-2,-32,-3,-33,-2,-33,-3,-33,-1,-33,-3,-31,-1,-32,-2,-32,-2,-30,-1,-31,0,0,0,-31,-1,-32,2,-32,0,-34,0,-34,0,-35,0,-35,0,-34,0,-36,0,-36,-1,-35,0,-32,-2,-30,-1,-28,-1,-28,0,-28,-1,-26,-1,-28,0,-28,-1,-28,-1,-30,-2,-30,-2,-30,-3,-30,-3,-30,-5,-27,-6,-25,-6,-20,-6]"
CSI_DATA,134484,d8:b1:90:d9:de:f0,-64,11,-99,-34,65,56,1990239602,100,0,114,0,"[-30,2,-33,0,-35,0,-35,-3,-38,-3,-37,-5,-35,-7,-33,-7,-32,-6,-31,-8,-29,-7,-28,-8,-28,-6,-27,-7,-28,-7,-29,-7,-29,-8,-31,-7,-31,-7,-30,-8,-30,-9,-31,-8,-30,-9,-29,-7,-29,-7,-28,-6,-29,-6,-30,-6,0,0,-29,-5,-30,-5,-32,-5,-31,-5,-33,-5,-33,-6,-34,-7,-33,-6,-34,-6,-33,-5,-33,-5,-31,-6,-30,-5,-28,-5,-28,-5,-28,-4,-26,-5,-27,-4,-27,-5,-27,-6,-28,-6,-29,-7,-28,-8,-29,-8,-29,-10,-27,-10,-22,-11,-20,-10]"
CSI_DATA,134485,d8:b1:90:d9:de:f0,-63,11,-99,-39,66,56,1990257653,100,0,114,0,"[30,1,33,3,35,5,37,7,38,8,37,10,34,12,33,11,32,11,30,11,29,11,29,12,28,11,26,11,28,12,28,12,29,12,30,13,30,12,29,12,30,13,30,12,30,12,29,12,30,11,29,12,28,11,29,10,0,0,30,8,30,10,31,10,32,10,32,10,33,11,34,11,34,12,34,10,34,10,32,10,30,10,29,10,28,10,28,8,26,8,25,7,26,7,26,8,28,10,28,10,28,11,28,13,28,14,28,14,25,14,21,14,19,13]"
CSI_DATA,134486,d8:b1:90:d9:de:f0,-63,11,-99,-40,66,56,1990267671,100,0,114,0,"[13,27,13,32,12,36,10,39,8,38,5,39,4,35,2,36,1,33,0,33,-1,31,-2,30,-3,32,-3,31,-4,31,-4,32,-4,34,-6,33,-6,34,-6,33,-6,35,-6,34,-8,33,-6,33,-8,31,-8,31,-8,31,-9,31,0,0,-9,32,-10,33,-10,34,-10,32,-11,33,-12,34,-12,34,-15,35,-15,34,-15,31,-15,32,-15,30,-15,28,-15,27,-15,25,-16,25,-15,24,-16,24,-16,24,-18,24,-19,24,-20,25,-20,24,-21,23,-23,19,-24,17,-21,16,-20,12]"
CSI_DATA,134487,d8:b1:90:d9:de:f0,-63,11,-99,-39,66,56,1990287624,100,0,114,0,"[30,11,31,13,32,15,32,16,34,20,32,20,31,22,28,21,28,19,25,20,23,19,23,20,24,19,23,20,23,21,23,21,24,20,26,21,26,20,26,20,26,21,28,20,25,21,24,19,25,20,25,19,24,19,25,16,0,0,25,16,25,17,26,17,30,19,29,20,30,20,30,20,30,21,30,19,30,19,29,17,26,19,25,17,24,15,25,15,23,15,23,15,22,14,23,14,24,16,25,16,24,17,24,19,23,20,22,20,21,19,17,20,13,17]"
CSI_DATA,134488,d8:b1:90:d9:de:f0,-64,11,-99,-38,66,56,1990297663,100,0,114,0,"[1,29,-1,33,-4,34,-6,35,-7,34,-7,34,-10,32,-11,31,-10,29,-11,28,-11,26,-14,25,-15,26,-14,26,-16,25,-16,26,-16,26,-17,26,-17,26,-18,27,-18,25,-18,26,-18,26,-17,25,-19,25,-18,23,-19,23,-19,22,0,0,-19,23,-18,25,-20,25,-21,25,-22,23,-23,26,-23,25,-23,23,-23,23,-26,22,-25,20,-25,20,-23,18,-22,17,-21,17,-22,16,-22,15,-21,15,-22,15,-23,15,-25,14,-27,14,-27,14,-27,11,-28,8,-26,6,-25,6,-21,4]"
CSI_DATA,134489,d8:b1:90:d9:de:f0,-64,11,-99,-34,65,56,1990309224,100,0,114,0,"[20,22,21,26,20,29,19,30,19,32,17,31,15,32,13,31,10,30,9,29,8,28,8,28,8,28,9,28,8,29,8,29,8,31,8,31,7,31,6,32,8,32,8,33,7,31,7,31,6,30,8,29,7,29,7,29,0,0,8,30,7,31,7,33,8,32,8,32,7,33,6,34,6,35,5,34,5,33,6,33,5,32,4,30,3,29,4,27,2,28,2,28,2,27,2,27,0,28,0,28,-1,29,0,30,-1,31,-3,28,-5,27,-6,25,-6,21]"
CSI_DATA,134490,d8:b1:90:d9:de:f0,-63,9,-99,-37,65,56,1990322933,313,0,106,0,"[2,1,-103,17,26,1,103,17,14,1,55,17,-17,0,53,17,-61,0,68,17,-101,0,72,17,-129,0,77,17,-150,0,80,17,143,0,108,17,121,0,144,17,90,0,-83,17,24,0,-5,17,-66,17,48,0,0,0,0,0,59,17,68,0,-24,16,53,0,-59,16,23,0,-51,16,11,0,-1,16,20,0,59,17,64,0,101,17,98,0,109,17,123,0,103,17,128,0,84,17,98,0,97,17,38,0,150,17,-41,17,-65,17]"
CSI_DATA,134491,d8:b1:90:d9:de:f0,-63,11,-99,-39,66,56,1990334349,100,0,114,0,"[28,-12,31,-12,34,-12,35,-12,35,-12,34,-12,33,-8,32,-10,31,-11,30,-11,28,-10,26,-10,28,-10,26,-11,28,-12,29,-11,30,-13,30,-14,29,-15,28,-15,29,-17,28,-19,26,-20,25,-20,24,-19,23,-20,22,-20,24,-22,0,0,21,-24,21,-25,21,-26,20,-28,20,-28,20,-29,17,-32,20,-32,17,-32,17,-31,16,-30,15,-30,14,-28,12,-28,12,-25,12,-25,11,-25,12,-25,10,-26,8,-28,10,-28,8,-29,7,-29,10,-30,13,-28,11,-26,10,-24,11,-22]"
CSI_DATA,134492,d8:b1:90:d9:de:f0,-63,11,-99,-40,66,56,1990347641,100,0,114,0,"[-23,-21,-23,-24,-23,-27,-23,-30,-24,-32,-21,-32,-19,-32,-19,-31,-17,-28,-16,-30,-15,-27,-15,-27,-13,-27,-13,-27,-15,-28,-13,-28,-15,-30,-16,-30,-16,-31,-16,-30,-17,-31,-17,-30,-16,-28,-17,-27,-16,-28,-17,-28,-15,-26,-17,-26,0,0,-17,-26,-19,-26,-18,-27,-19,-28,-20,-30,-20,-30,-21,-31,-20,-31,-21,-30,-21,-28,-19,-28,-19,-27,-18,-27,-16,-25,-17,-24,-16,-21,-15,-21,-15,-20,-16,-21,-17,-23,-16,-24,-16,-25,-15,-26,-15,-28,-13,-26,-11,-26,-10,-25,-6,-20]"
CSI_DATA,134493,d8:b1:90:d9:de:f0,-63,11,-99,-40,66,56,1990357712,100,0,114,0,"[28,10,30,13,32,17,32,19,31,21,30,23,27,23,25,24,24,23,21,23,20,23,19,23,18,23,19,24,17,25,18,26,19,27,18,27,18,27,18,27,17,28,17,28,17,27,17,28,16,27,15,27,16,28,16,27,0,0,16,27,15,27,16,30,15,31,15,32,15,32,15,34,13,35,15,34,11,33,11,32,10,33,9,31,10,31,8,27,6,26,5,26,5,26,5,26,4,27,4,28,3,31,2,31,0,32,0,31,-3,30,-5,26,-5,23]"
CSI_DATA,134494,d8:b1:90:d9:de:f0,-63,11,-99,-40,66,56,1990377637,100,0,114,0,"[20,-23,24,-25,26,-26,27,-25,31,-26,31,-25,31,-21,30,-19,27,-19,28,-18,26,-17,26,-15,27,-16,27,-16,26,-15,27,-16,27,-17,28,-18,30,-19,30,-19,28,-19,27,-19,27,-19,26,-19,27,-19,25,-19,25,-19,27,-19,0,0,24,-20,25,-21,25,-21,27,-23,26,-24,27,-24,27,-24,30,-24,28,-24,30,-24,28,-23,26,-21,23,-19,21,-20,23,-20,21,-19,20,-18,21,-18,20,-19,23,-18,24,-19,24,-19,24,-19,25,-18,27,-16,25,-13,24,-12,20,-10]"
CSI_DATA,134495,d8:b1:90:d9:de:f0,-64,11,-99,-37,66,56,1990387677,100,0,114,0,"[27,-7,31,-6,33,-4,34,-2,36,2,33,2,32,3,31,4,30,5,28,5,28,7,26,7,27,7,27,7,27,8,28,9,29,10,29,11,29,12,28,11,29,11,29,12,28,12,27,12,27,10,26,10,26,10,27,11,0,0,27,12,26,13,26,12,29,14,28,15,29,16,29,18,29,18,28,18,28,15,26,16,26,18,25,18,24,15,22,16,21,16,21,16,21,16,21,18,21,19,22,20,20,22,20,22,19,22,18,24,15,24,11,22,9,20]"
CSI_DATA,134496,d8:b1:90:d9:de:f0,-64,11,-99,-38,66,56,1990397660,100,0,114,0,"[-3,-29,-2,-32,0,-34,0,-35,0,-37,1,-34,2,-35,3,-32,2,-30,2,-30,1,-29,2,-29,1,-28,-1,-29,0,-30,0,-30,-1,-31,-1,-33,-2,-31,-3,-31,-4,-32,-5,-32,-6,-31,-7,-30,-6,-30,-8,-29,-8,-28,-9,-27,0,0,-10,-27,-11,-28,-11,-26,-15,-29,-16,-30,-16,-30,-16,-30,-16,-31,-17,-28,-16,-28,-17,-27,-18,-27,-17,-25,-16,-23,-16,-22,-15,-21,-17,-20,-16,-20,-16,-19,-18,-20,-19,-22,-18,-22,-19,-23,-19,-23,-17,-22,-17,-21,-15,-20,-11,-18]"
CSI_DATA,134497,d8:b1:90:d9:de:f0,-63,11,-99,-39,66,56,1990408355,100,0,114,0,"[-25,-14,-28,-17,-26,-21,-28,-24,-25,-26,-24,-28,-22,-26,-21,-26,-19,-25,-17,-24,-15,-24,-16,-24,-15,-23,-16,-24,-15,-25,-15,-25,-15,-28,-15,-25,-15,-28,-14,-26,-17,-29,-15,-29,-15,-26,-13,-28,-15,-28,-15,-26,-15,-26,-15,-25,0,0,-15,-25,-15,-28,-15,-30,-16,-29,-16,-30,-15,-31,-17,-31,-15,-33,-15,-32,-14,-31,-15,-30,-13,-30,-12,-29,-12,-26,-10,-26,-10,-26,-8,-25,-8,-24,-10,-26,-8,-26,-10,-29,-7,-30,-8,-30,-6,-31,-4,-29,-2,-28,0,-25,0,-22]"
CSI_DATA,134498,d8:b1:90:d9:de:f0,-64,11,-99,-39,66,56,1990427679,100,0,114,0,"[21,21,22,24,23,26,22,29,24,29,22,30,21,30,20,26,21,26,19,25,19,24,19,24,19,22,19,24,20,23,20,23,22,23,22,24,22,23,23,22,23,23,25,22,24,21,25,19,24,19,24,19,24,17,26,15,0,0,26,12,28,15,28,13,31,13,32,14,32,13,34,13,37,12,33,11,34,11,32,10,31,10,30,7,29,7,28,6,26,5,26,5,26,4,28,3,28,4,29,3,30,4,30,6,30,6,30,5,28,5,24,7,21,7]"
CSI_DATA,134499,d8:b1:90:d9:de:f0,-63,11,-99,-40,66,56,1990437655,100,0,114,0,"[-32,1,-35,1,-36,-1,-36,-2,-41,-3,-38,-5,-38,-8,-34,-8,-33,-5,-32,-8,-31,-6,-30,-8,-30,-8,-30,-6,-30,-8,-31,-6,-31,-8,-34,-8,-34,-8,-34,-8,-33,-8,-34,-6,-32,-6,-32,-4,-32,-4,-31,-5,-31,-4,-31,-2,0,0,-32,-3,-32,-1,-31,-1,-36,-2,-35,-2,-36,-3,-36,-1,-36,-2,-38,-1,-38,-2,-35,-2,-32,-2,-32,-2,-28,-2,-31,-1,-28,-1,-27,-2,-27,-1,-28,-1,-30,-1,-31,-2,-30,-2,-31,-3,-31,-4,-31,-5,-28,-6,-26,-5,-20,-6]"
CSI_DATA,134500,d8:b1:90:d9:de:f0,-63,11,-99,-40,66,56,1990447982,100,0,114,0,"[-25,19,-27,19,-31,21,-33,21,-32,20,-33,20,-31,19,-30,18,-27,18,-27,19,-26,18,-25,18,-24,18,-24,20,-23,21,-24,21,-24,25,-25,24,-24,26,-21,26,-20,27,-18,28,-19,28,-17,30,-16,28,-13,28,-12,28,-11,30,0,0,-9,31,-9,32,-6,34,-8,35,-6,35,-4,36,-3,38,-2,38,-2,36,-1,36,1,34,2,34,2,34,3,32,3,30,4,28,5,28,5,28,6,27,6,28,8,30,8,31,10,28,9,30,8,30,6,28,5,25,4,21]"
CSI_DATA,134501,d8:b1:90:d9:de:f0,-64,11,-99,-38,66,56,1990467616,100,0,114,0,"[-3,29,-5,33,-6,34,-8,34,-9,35,-10,34,-11,33,-13,31,-10,29,-10,28,-10,27,-11,26,-10,27,-10,26,-11,27,-11,27,-11,28,-11,29,-10,29,-11,29,-11,30,-9,30,-8,29,-8,29,-9,29,-9,30,-7,29,-7,29,0,0,-7,30,-5,31,-6,30,-6,32,-7,33,-6,33,-5,34,-6,34,-6,33,-6,33,-5,33,-6,32,-5,30,-5,29,-4,28,-3,26,-4,26,-4,25,-4,26,-4,28,-4,28,-5,28,-5,29,-6,30,-9,27,-8,26,-8,25,-8,20]"
CSI_DATA,134502,d8:b1:90:d9:de:f0,-63,11,-99,-40,66,56,1990478245,100,0,114,0,"[-28,15,-32,15,-34,16,-35,16,-35,15,-36,16,-34,13,-34,15,-30,13,-30,13,-28,12,-27,13,-27,13,-28,15,-26,15,-27,17,-28,18,-27,18,-28,20,-27,20,-27,21,-25,23,-24,24,-23,24,-23,24,-20,25,-20,24,-19,25,0,0,-17,27,-16,28,-15,31,-13,31,-13,33,-13,33,-12,33,-13,36,-11,35,-10,35,-9,34,-9,34,-8,32,-5,32,-5,30,-4,27,-3,27,-3,28,-2,28,-2,28,-2,31,0,31,0,31,-1,33,-2,32,-2,30,-2,27,-3,24]"
CSI_DATA,134503,d8:b1:90:d9:de:f0,-64,11,-99,-39,66,56,1990497701,100,0,114,0,"[-29,-12,-31,-14,-31,-17,-32,-20,-30,-19,-30,-20,-28,-20,-26,-20,-25,-17,-24,-17,-23,-17,-21,-19,-22,-17,-23,-19,-23,-20,-23,-20,-25,-19,-24,-19,-26,-21,-25,-20,-26,-20,-28,-19,-25,-19,-26,-16,-25,-16,-24,-16,-23,-15,-25,-16,0,0,-26,-14,-26,-15,-28,-16,-29,-15,-30,-16,-30,-15,-31,-16,-31,-16,-32,-16,-30,-15,-29,-16,-28,-16,-26,-14,-26,-14,-25,-12,-24,-12,-24,-12,-25,-12,-24,-11,-25,-12,-28,-13,-26,-14,-28,-14,-26,-16,-25,-17,-23,-16,-21,-17,-15,-15]"
CSI_DATA,134504,d8:b1:90:d9:de:f0,-64,11,-99,-39,66,56,1990510301,100,0,114,0,"[30,-1,32,1,34,3,35,4,37,5,34,6,34,8,32,8,30,7,30,8,28,8,28,10,28,11,29,11,26,13,26,13,30,11,31,12,30,13,30,12,30,13,31,12,30,13,29,11,29,13,26,13,28,12,28,11,0,0,28,8,29,11,30,12,31,12,33,13,32,12,32,13,33,14,32,14,32,12,31,14,29,14,26,13,25,13,26,12,24,12,23,12,24,12,23,12,24,14,25,14,25,15,24,16,23,17,23,17,21,19,19,17,14,16]"
CSI_DATA,134505,d8:b1:90:d9:de:f0,-63,11,-99,-40,66,56,1990527653,100,0,114,0,"[32,-1,35,1,39,2,40,4,38,5,38,6,35,6,34,6,35,8,33,8,31,8,30,8,32,8,31,6,31,6,31,8,32,8,33,8,33,8,33,5,34,8,34,5,32,6,32,5,32,4,31,3,32,3,33,1,0,0,31,2,31,2,32,1,34,1,36,1,36,1,36,1,35,2,35,1,34,0,34,-1,33,0,31,0,30,-1,28,0,28,0,27,0,27,-1,28,-1,31,0,31,1,31,1,30,1,32,3,31,3,30,4,24,4,23,5]"
CSI_DATA,134506,d8:b1:90:d9:de:f0,-63,11,-99,-40,66,56,1990537667,100,0,114,0,"[31,5,34,9,34,11,35,12,36,16,34,16,32,18,31,19,30,17,28,17,26,17,24,18,24,18,24,18,24,20,24,20,26,21,26,20,26,21,26,21,25,24,26,21,25,23,25,20,23,23,23,23,23,21,23,20,0,0,23,19,24,21,24,21,25,24,25,26,26,26,26,26,26,27,25,26,24,26,23,26,19,26,19,25,18,24,18,23,17,21,16,20,15,21,16,21,16,24,17,25,15,26,15,28,12,28,11,26,9,26,6,25,4,24]"
CSI_DATA,134507,d8:b1:90:d9:de:f0,-63,11,-99,-39,66,56,1990557636,100,0,114,0,"[0,-30,2,-33,4,-35,5,-35,6,-38,6,-35,8,-34,8,-32,7,-31,8,-30,7,-29,8,-28,8,-29,7,-28,7,-30,8,-30,7,-31,8,-31,7,-31,6,-32,6,-32,5,-32,6,-32,4,-31,4,-32,4,-31,3,-31,2,-32,0,0,3,-30,1,-32,1,-30,1,-35,0,-33,1,-37,0,-37,1,-37,0,-35,1,-35,0,-33,-1,-33,0,-31,0,-30,1,-28,0,-26,0,-28,0,-26,-1,-28,0,-30,0,-29,1,-31,-1,-31,2,-31,3,-29,3,-26,5,-26,6,-23]"
CSI_DATA,134508,d8:b1:90:d9:de:f0,-63,11,-99,-40,66,56,1990567641,100,0,114,0,"[0,33,-3,36,-3,38,-6,38,-8,40,-10,39,-11,35,-12,34,-12,33,-12,32,-12,30,-13,28,-15,28,-15,28,-13,28,-15,28,-15,28,-17,30,-17,28,-17,30,-16,31,-17,30,-17,31,-17,27,-16,27,-15,27,-16,27,-15,26,0,0,-16,27,-16,26,-17,27,-17,28,-18,28,-20,31,-19,30,-21,32,-19,30,-21,30,-20,28,-19,26,-18,25,-19,24,-18,21,-18,21,-17,20,-19,21,-18,20,-19,19,-20,21,-20,20,-20,20,-23,18,-24,17,-23,15,-21,12,-21,11]"
CSI_DATA,134509,d8:b1:90:d9:de:f0,-64,11,-99,-39,66,56,1990577661,100,0,114,0,"[0,-31,0,-33,1,-35,1,-37,1,-38,3,-38,4,-35,3,-34,2,-33,2,-32,2,-30,2,-30,1,-30,0,-29,0,-31,-1,-31,-2,-32,-2,-32,-3,-32,-3,-32,-4,-33,-5,-33,-5,-32,-7,-30,-7,-30,-8,-30,-10,-29,-10,-28,0,0,-12,-26,-13,-28,-14,-28,-16,-29,-19,-30,-16,-30,-19,-30,-21,-30,-21,-28,-20,-28,-20,-26,-20,-25,-21,-23,-20,-22,-17,-20,-20,-20,-19,-19,-19,-17,-20,-17,-20,-19,-20,-17,-21,-17,-21,-20,-23,-20,-20,-17,-20,-17,-16,-17,-15,-17]"
CSI_DATA,134510,d8:b1:90:d9:de:f0,-63,11,-99,-38,66,56,1990597634,100,0,114,0,"[-29,4,-32,2,-34,1,-34,-1,-38,-2,-35,-4,-33,-7,-32,-7,-31,-6,-30,-7,-29,-6,-28,-8,-27,-8,-28,-9,-28,-10,-28,-9,-28,-10,-30,-10,-29,-10,-29,-10,-29,-11,-30,-11,-29,-11,-28,-10,-28,-11,-28,-11,-27,-11,-27,-10,0,0,-29,-10,-30,-10,-29,-11,-30,-11,-30,-13,-31,-13,-31,-14,-31,-14,-31,-14,-31,-15,-29,-15,-28,-15,-26,-14,-26,-14,-23,-13,-23,-13,-22,-13,-22,-14,-22,-14,-25,-16,-23,-16,-23,-18,-22,-19,-22,-20,-21,-20,-19,-19,-16,-20,-13,-17]"
CSI_DATA,134511,d8:b1:90:d9:de:f0,-64,11,-99,-38,66,56,1990607670,100,0,114,0,"[-22,-19,-23,-20,-26,-23,-25,-23,-27,-27,-25,-26,-23,-27,-22,-25,-22,-22,-21,-21,-20,-20,-20,-20,-22,-20,-21,-20,-21,-20,-23,-19,-22,-18,-26,-20,-26,-20,-27,-18,-27,-17,-27,-16,-26,-15,-27,-14,-28,-14,-26,-11,-27,-11,-27,-9,0,0,-29,-7,-29,-8,-29,-7,-33,-6,-32,-6,-33,-6,-33,-4,-34,-4,-33,-3,-34,-2,-33,-1,-31,-1,-30,-1,-28,0,-28,1,-28,1,-27,4,-27,2,-27,3,-28,4,-29,4,-28,4,-30,3,-30,3,-29,3,-27,2,-25,0,-21,0]"
CSI_DATA,134512,d8:b1:90:d9:de:f0,-63,11,-99,-40,66,56,1990618026,100,0,114,0,"[-9,-28,-10,-33,-9,-35,-8,-38,-6,-39,-5,-38,-3,-36,-2,-34,-2,-33,0,-32,-1,-30,0,-31,0,-31,0,-31,0,-32,0,-32,0,-33,-1,-34,-1,-34,0,-33,-1,-34,-1,-34,-1,-33,-2,-33,-1,-32,-2,-32,-3,-31,-3,-31,0,0,-3,-31,-4,-32,-4,-32,-4,-34,-5,-36,-4,-35,-4,-36,-3,-38,-5,-36,-4,-34,-4,-34,-3,-33,-3,-32,-3,-31,-4,-28,-4,-28,-3,-27,-3,-27,-3,-27,-3,-28,-2,-30,-2,-31,-1,-32,0,-31,0,-28,2,-27,3,-27,3,-23]"
CSI_DATA,134513,d8:b1:90:d9:de:f0,-64,11,-99,-39,66,56,1990637701,100,0,114,0,"[-31,3,-33,2,-37,2,-38,1,-37,0,-35,0,-34,0,-33,-1,-32,0,-31,1,-31,1,-30,0,-29,2,-30,2,-29,2,-30,3,-31,3,-32,4,-32,5,-32,7,-31,8,-31,8,-29,10,-29,11,-29,10,-26,11,-25,11,-25,13,0,0,-25,16,-25,16,-25,17,-26,19,-25,20,-28,21,-26,23,-28,23,-25,23,-26,23,-24,24,-22,22,-22,22,-19,22,-17,22,-17,21,-17,21,-16,21,-16,22,-15,24,-17,24,-16,24,-16,24,-17,24,-20,24,-17,22,-16,20,-15,19]"
CSI_DATA,134514,d8:b1:90:d9:de:f0,-63,11,-99,-40,66,56,1990657642,100,0,114,0,"[19,-27,21,-28,24,-28,26,-26,28,-28,28,-25,31,-23,30,-20,30,-20,28,-18,26,-17,27,-17,28,-16,27,-15,28,-15,27,-15,28,-15,31,-17,31,-17,31,-16,31,-16,31,-18,30,-15,27,-16,28,-15,28,-15,27,-13,28,-15,0,0,27,-13,28,-16,30,-16,31,-16,31,-16,33,-16,32,-16,33,-16,32,-16,33,-15,32,-13,30,-12,28,-11,27,-10,27,-11,26,-9,26,-9,26,-9,26,-9,27,-8,28,-8,30,-9,30,-8,31,-5,30,-3,27,-1,26,-1,23,0]"
CSI_DATA,134515,d8:b1:90:d9:de:f0,-63,11,-99,-40,66,56,1990667659,100,0,114,0,"[12,28,12,33,12,34,12,35,11,38,10,38,9,35,10,34,10,33,10,31,9,28,10,28,11,30,11,30,12,31,13,28,13,28,15,31,16,30,16,30,18,31,20,31,18,27,20,26,20,24,20,25,21,23,24,24,0,0,24,20,25,18,26,20,28,20,31,23,31,21,32,19,31,18,32,17,31,16,31,16,28,13,28,12,27,11,26,10,26,10,26,9,27,9,27,8,28,6,30,6,28,8,30,9,32,9,30,8,27,8,24,9,21,9]"
CSI_DATA,134516,d8:b1:90:d9:de:f0,-63,11,-99,-39,66,56,1990688180,100,0,114,0,"[20,-22,23,-24,26,-24,29,-23,31,-21,31,-19,30,-15,30,-14,28,-13,28,-13,28,-11,28,-8,28,-10,28,-8,29,-7,29,-7,31,-8,32,-7,32,-7,32,-6,32,-7,32,-7,31,-5,31,-5,30,-4,29,-4,29,-4,30,-4,0,0,30,-4,30,-3,32,-4,33,-3,34,-3,35,-3,35,-1,35,-1,34,-2,35,0,34,1,31,2,30,2,29,1,29,2,29,2,26,3,28,3,28,3,29,5,31,6,29,7,28,10,29,11,29,12,26,13,22,13,19,13]"
CSI_DATA,134517,d8:b1:90:d9:de:f0,-63,11,-99,-35,65,56,1990707672,100,0,114,0,"[-6,-29,-5,-32,-5,-34,-4,-35,-2,-37,-2,-35,-1,-35,1,-32,-1,-32,1,-31,0,-29,0,-31,0,-31,0,-31,0,-31,-1,-31,-1,-32,-1,-34,-1,-33,-1,-32,-3,-34,-3,-33,-3,-33,-5,-32,-5,-32,-5,-30,-6,-30,-6,-29,0,0,-6,-30,-8,-30,-7,-30,-8,-32,-10,-33,-10,-33,-11,-34,-11,-35,-12,-33,-11,-34,-10,-32,-11,-32,-10,-30,-10,-28,-10,-26,-11,-25,-10,-25,-10,-23,-10,-25,-11,-25,-12,-28,-12,-29,-12,-31,-10,-30,-8,-29,-7,-26,-5,-26,-3,-22]"
CSI_DATA,134518,d8:b1:90:d9:de:f0,-63,11,-99,-36,65,56,1990727930,100,0,114,0,"[31,9,33,12,34,13,34,13,36,15,35,16,33,16,33,15,32,12,31,12,28,11,28,11,31,12,28,10,28,10,30,10,32,8,33,10,34,9,34,6,34,6,35,5,33,3,33,2,33,1,32,2,31,0,32,-1,0,0,33,-4,32,-4,33,-4,35,-6,35,-6,36,-8,35,-9,35,-9,35,-10,35,-11,34,-10,32,-10,28,-10,27,-10,27,-10,27,-10,26,-10,26,-12,26,-12,26,-15,27,-15,26,-13,27,-13,30,-12,28,-13,26,-11,24,-10,24,-9]"
CSI_DATA,134519,d8:b1:90:d9:de:f0,-64,11,-99,-39,66,56,1990747646,100,0,114,0,"[-16,25,-20,28,-23,26,-25,26,-26,26,-26,24,-26,21,-26,22,-25,21,-25,19,-24,17,-24,16,-25,15,-24,16,-25,15,-26,15,-26,15,-26,15,-28,15,-26,17,-28,17,-26,17,-28,16,-25,16,-26,16,-24,15,-24,15,-26,15,0,0,-25,16,-25,16,-25,16,-28,17,-28,19,-30,20,-30,17,-30,17,-30,17,-31,17,-30,15,-29,14,-28,14,-24,13,-25,12,-24,11,-23,12,-24,11,-24,12,-28,11,-26,12,-28,11,-26,11,-29,7,-28,5,-28,5,-24,4,-22,2]"
CSI_DATA,134520,d8:b1:90:d9:de:f0,-64,11,-99,-38,66,56,1990757798,100,0,114,0,"[-10,-28,-9,-31,-10,-33,-9,-34,-9,-35,-9,-34,-8,-33,-8,-33,-8,-30,-8,-30,-8,-28,-7,-28,-9,-28,-9,-28,-9,-28,-9,-28,-13,-27,-14,-28,-14,-28,-15,-27,-14,-29,-16,-27,-16,-27,-18,-25,-18,-25,-18,-23,-20,-22,-20,-20,0,0,-21,-21,-21,-19,-22,-20,-28,-20,-28,-21,-27,-20,-29,-18,-29,-21,-30,-18,-29,-17,-29,-16,-27,-17,-27,-14,-26,-11,-25,-10,-25,-9,-25,-8,-23,-8,-25,-8,-25,-8,-27,-7,-28,-9,-29,-9,-28,-9,-27,-8,-26,-8,-22,-9,-19,-9]"
CSI_DATA,134521,d8:b1:90:d9:de:f0,-63,11,-99,-40,66,56,1990777642,100,0,114,0,"[-21,-23,-21,-26,-23,-30,-21,-32,-21,-34,-18,-33,-17,-33,-15,-31,-15,-31,-12,-30,-11,-30,-10,-30,-10,-28,-10,-30,-10,-31,-10,-31,-11,-32,-11,-33,-10,-32,-11,-33,-11,-31,-11,-32,-9,-31,-11,-31,-10,-31,-10,-31,-10,-28,-10,-30,0,0,-11,-31,-11,-32,-10,-31,-12,-32,-11,-34,-12,-35,-11,-34,-10,-36,-11,-35,-10,-35,-9,-33,-6,-32,-9,-31,-6,-30,-8,-28,-6,-26,-6,-26,-6,-26,-6,-26,-4,-28,-5,-28,-5,-31,-4,-31,-3,-32,-1,-31,0,-30,2,-27,3,-23]"
CSI_DATA,134522,d8:b1:90:d9:de:f0,-63,11,-99,-41,66,56,1990787688,100,0,114,0,"[-8,33,-9,35,-11,35,-11,35,-13,39,-11,38,-13,38,-13,34,-10,34,-9,32,-8,29,-9,30,-9,30,-7,30,-7,30,-7,29,-3,30,-4,35,-3,33,-2,33,-1,35,0,35,1,34,3,32,2,33,3,34,4,30,5,29,0,0,9,29,9,30,11,30,13,33,15,34,15,34,16,33,16,33,17,30,17,33,17,32,17,29,17,26,16,23,19,23,17,21,17,21,17,20,19,20,20,21,22,21,21,21,23,23,22,23,20,21,17,20,17,21,15,19]"
CSI_DATA,134523,d8:b1:90:d9:de:f0,-63,11,-99,-35,65,56,1990797884,100,0,114,0,"[-3,31,-4,34,-6,35,-7,37,-8,38,-10,38,-11,34,-11,33,-10,31,-11,29,-10,29,-10,28,-10,29,-10,29,-10,29,-10,29,-8,31,-8,31,-8,32,-8,31,-8,33,-6,33,-7,32,-6,32,-6,31,-6,31,-5,30,-4,30,0,0,-2,30,-2,31,-2,32,-2,34,-1,35,-2,35,-2,35,-2,38,-2,35,-2,34,-1,34,-1,32,0,31,0,30,0,28,1,28,1,26,0,25,0,26,0,29,-1,30,0,31,-1,31,-2,31,-3,29,-4,28,-5,25,-5,23]"
CSI_DATA,134524,d8:b1:90:d9:de:f0,-64,11,-99,-38,66,56,1990818720,100,0,114,0,"[28,-13,30,-13,32,-13,33,-11,34,-11,33,-10,33,-8,32,-7,30,-7,31,-7,28,-6,29,-6,28,-7,28,-7,28,-7,28,-7,28,-8,31,-9,29,-9,31,-9,29,-10,29,-11,29,-11,28,-13,29,-13,26,-13,27,-13,27,-13,0,0,26,-15,26,-16,27,-16,28,-18,27,-18,29,-19,28,-19,29,-20,28,-19,29,-20,27,-19,25,-18,23,-17,22,-17,22,-16,20,-16,20,-16,20,-16,20,-17,21,-17,23,-17,22,-17,22,-18,25,-18,26,-16,22,-14,21,-13,19,-9]"
CSI_DATA,134525,d8:b1:90:d9:de:f0,-64,11,-99,-38,66,56,1990837597,100,0,114,0,"[-26,-14,-28,-18,-27,-19,-27,-20,-28,-23,-26,-22,-23,-23,-21,-22,-22,-22,-20,-22,-18,-20,-18,-21,-18,-21,-18,-20,-18,-22,-16,-23,-18,-22,-19,-23,-19,-25,-18,-25,-20,-25,-21,-25,-19,-25,-19,-22,-19,-22,-18,-22,-18,-21,-18,-21,0,0,-20,-21,-19,-22,-19,-22,-22,-23,-21,-23,-22,-26,-22,-25,-22,-27,-21,-25,-21,-25,-20,-26,-18,-25,-17,-23,-17,-21,-17,-21,-17,-21,-15,-22,-16,-20,-17,-21,-16,-22,-16,-23,-16,-25,-16,-26,-15,-29,-14,-27,-11,-26,-8,-25,-6,-22]"
CSI_DATA,134526,d8:b1:90:d9:de:f0,-63,11,-99,-40,66,56,1990850246,100,0,114,0,"[13,27,12,31,10,35,9,36,6,38,4,36,1,35,2,34,1,32,0,32,-1,30,-1,31,-2,30,-1,31,-2,30,-3,31,-4,32,-4,32,-5,32,-5,32,-4,32,-4,33,-4,32,-4,32,-5,31,-5,30,-5,30,-5,31,0,0,-6,30,-5,31,-6,31,-8,33,-6,34,-9,34,-9,36,-10,38,-11,35,-11,33,-11,32,-11,32,-12,28,-11,28,-11,27,-11,24,-12,24,-11,24,-11,23,-13,26,-16,25,-16,27,-17,27,-18,24,-20,21,-20,20,-20,17,-17,15]"
CSI_DATA,134527,d8:b1:90:d9:de:f0,-63,11,-99,-39,66,56,1990867657,100,0,114,0,"[8,-29,11,-31,13,-33,15,-33,16,-32,17,-31,17,-29,17,-26,17,-25,19,-25,17,-23,17,-24,19,-23,19,-23,19,-23,20,-24,20,-25,20,-24,21,-24,21,-24,20,-25,20,-26,20,-25,19,-25,20,-26,17,-24,19,-24,17,-23,0,0,19,-26,17,-25,19,-26,20,-28,20,-29,21,-29,21,-29,22,-29,22,-28,22,-28,21,-26,21,-25,20,-24,19,-24,17,-22,19,-21,17,-21,19,-21,19,-20,20,-21,21,-22,21,-22,22,-22,23,-20,23,-17,22,-15,21,-13,21,-11]"
CSI_DATA,134528,d8:b1:90:d9:de:f0,-63,11,-99,-35,65,56,1990877692,100,0,114,0,"[17,-24,19,-26,22,-28,21,-28,22,-30,22,-28,21,-28,21,-25,20,-24,17,-24,17,-24,16,-24,17,-25,16,-25,15,-26,15,-26,13,-28,14,-30,14,-30,12,-30,10,-32,10,-32,8,-30,6,-31,6,-30,5,-30,4,-29,2,-29,0,0,-1,-31,-1,-31,-2,-32,-3,-34,-5,-35,-4,-35,-6,-37,-7,-35,-8,-34,-8,-33,-8,-32,-11,-32,-10,-30,-12,-28,-12,-26,-11,-25,-11,-24,-12,-23,-12,-24,-13,-25,-14,-25,-15,-25,-16,-26,-14,-26,-14,-24,-13,-23,-11,-22,-10,-21]"
CSI_DATA,134529,d8:b1:90:d9:de:f0,-64,11,-99,-39,66,56,1990888007,100,0,114,0,"[20,24,20,26,20,29,20,31,19,32,16,32,15,31,14,29,14,28,13,28,12,25,12,26,13,25,13,26,13,28,13,28,14,28,14,29,14,29,15,29,16,28,16,28,16,28,16,26,17,26,15,25,16,25,17,23,0,0,19,23,20,25,19,25,21,26,21,25,22,26,22,25,23,28,22,26,23,25,22,24,22,24,20,23,20,22,19,20,17,20,19,20,17,17,19,19,20,20,21,21,20,22,20,23,20,24,20,23,16,22,13,23,10,19]"
CSI_DATA,134530,d8:b1:90:d9:de:f0,-64,11,-99,-38,66,56,1990907656,100,0,114,0,"[3,-29,5,-31,6,-33,6,-33,5,-38,5,-34,7,-34,7,-31,4,-32,5,-31,3,-29,5,-31,4,-29,3,-30,2,-30,1,-30,0,-30,-2,-33,-2,-31,-4,-32,-4,-31,-7,-31,-6,-32,-9,-30,-7,-29,-8,-29,-9,-27,-10,-27,0,0,-14,-25,-16,-27,-16,-26,-19,-28,-19,-27,-20,-29,-22,-26,-22,-28,-23,-25,-23,-26,-22,-23,-21,-23,-22,-20,-20,-18,-21,-17,-21,-16,-21,-15,-21,-13,-22,-14,-22,-14,-25,-14,-25,-13,-28,-14,-23,-15,-22,-14,-21,-13,-20,-14,-18,-13]"
CSI_DATA,134531,d8:b1:90:d9:de:f0,-63,11,-99,-36,65,56,1990923516,100,0,114,0,"[-8,31,-8,33,-11,35,-12,35,-11,36,-12,34,-13,34,-12,33,-11,32,-12,31,-10,30,-11,28,-12,28,-11,28,-11,30,-11,30,-10,31,-9,32,-9,32,-9,32,-6,33,-5,35,-5,32,-3,33,-4,32,-3,31,-1,31,-3,30,0,0,2,31,1,32,1,32,2,34,3,35,3,38,3,36,3,38,4,35,4,36,5,35,6,33,5,31,5,30,5,28,5,26,6,27,6,26,8,27,6,26,8,27,8,28,9,30,5,30,4,27,4,26,3,26,1,23]"
CSI_DATA,134532,d8:b1:90:d9:de:f0,-63,11,-99,-41,66,56,1990937651,100,0,114,0,"[27,16,30,19,30,20,33,22,33,21,33,22,30,22,29,21,28,19,27,17,26,16,26,16,28,15,28,15,29,14,29,14,30,14,32,11,33,11,33,9,34,9,34,8,33,5,33,4,30,3,30,2,30,0,32,-2,0,0,32,-3,30,-3,30,-5,34,-7,35,-8,35,-8,34,-10,34,-10,35,-11,34,-13,32,-13,30,-13,28,-13,26,-14,24,-14,24,-14,23,-15,24,-16,24,-17,23,-16,23,-19,23,-17,24,-17,24,-19,24,-17,22,-16,20,-14,19,-11]"
CSI_DATA,134533,d8:b1:90:d9:de:f0,-63,11,-99,-40,66,56,1990947675,100,0,114,0,"[-27,-16,-30,-18,-31,-23,-31,-23,-32,-24,-31,-24,-28,-25,-26,-21,-25,-20,-24,-21,-23,-20,-24,-20,-24,-20,-24,-20,-25,-20,-25,-20,-26,-20,-28,-21,-28,-18,-28,-19,-28,-19,-30,-17,-30,-17,-30,-16,-30,-16,-27,-13,-27,-13,-28,-12,0,0,-30,-11,-31,-10,-30,-10,-33,-11,-33,-10,-35,-10,-36,-10,-35,-10,-34,-9,-35,-9,-33,-9,-32,-9,-30,-8,-28,-5,-30,-4,-27,-5,-28,-4,-26,-2,-27,-2,-28,-3,-30,-4,-30,-5,-30,-4,-31,-5,-30,-6,-27,-6,-25,-8,-20,-6]"
CSI_DATA,134534,d8:b1:90:d9:de:f0,-63,11,-99,-40,66,56,1990957990,100,0,114,0,"[21,-24,25,-24,28,-25,30,-23,31,-24,31,-20,32,-18,31,-18,30,-16,28,-15,28,-12,28,-12,28,-12,30,-12,28,-12,30,-12,31,-12,33,-12,33,-12,33,-13,31,-13,31,-12,31,-12,31,-12,31,-12,30,-12,30,-12,31,-12,0,0,31,-12,31,-12,32,-11,33,-13,33,-12,33,-11,34,-11,34,-12,35,-11,35,-12,33,-11,32,-10,31,-9,28,-8,28,-8,27,-6,26,-8,26,-6,27,-6,28,-4,31,-4,31,-4,31,-3,31,-2,32,0,30,1,26,1,24,3]"
CSI_DATA,134535,d8:b1:90:d9:de:f0,-64,11,-99,-39,66,56,1990977649,100,0,114,0,"[14,26,14,30,14,32,13,32,13,34,11,33,11,33,10,31,11,31,10,30,10,29,10,29,10,28,10,28,11,29,11,29,12,28,12,30,12,29,14,29,14,30,15,29,15,28,17,28,16,26,16,25,19,24,19,23,0,0,19,23,19,23,20,23,23,24,23,24,24,25,25,25,25,25,25,24,26,23,24,22,23,22,22,20,22,19,21,19,21,17,20,16,21,15,22,15,22,15,23,17,23,17,23,19,22,19,23,17,20,17,17,17,13,16]"
CSI_DATA,134536,d8:b1:90:d9:de:f0,-63,11,-99,-39,66,56,1990987845,100,0,114,0,"[29,7,32,11,32,12,33,14,34,16,32,17,30,17,28,17,28,17,26,19,25,16,24,20,23,19,24,19,23,21,23,20,25,19,24,20,25,21,26,21,26,21,28,21,25,21,26,19,25,20,23,19,24,19,24,19,0,0,26,16,25,19,25,19,29,20,28,22,29,22,29,23,29,23,29,21,28,22,26,22,24,22,23,20,22,19,22,17,21,17,21,19,21,17,21,19,21,20,22,21,20,21,20,24,19,24,19,23,15,22,13,22,11,20]"
CSI_DATA,134537,d8:b1:90:d9:de:f0,-63,11,-99,-40,66,56,1991007968,100,0,114,0,"[-17,-27,-16,-30,-17,-33,-15,-34,-15,-38,-15,-36,-12,-34,-11,-33,-12,-32,-10,-32,-10,-30,-9,-30,-10,-30,-10,-28,-11,-31,-10,-31,-12,-31,-12,-32,-12,-33,-15,-31,-15,-32,-16,-31,-15,-31,-16,-28,-16,-30,-16,-27,-15,-26,-15,-25,0,0,-18,-25,-19,-26,-19,-26,-21,-27,-23,-28,-23,-30,-23,-30,-24,-31,-23,-28,-24,-27,-23,-26,-21,-27,-21,-26,-20,-23,-20,-21,-19,-20,-19,-20,-18,-19,-19,-19,-20,-21,-21,-21,-20,-23,-21,-24,-20,-24,-18,-23,-16,-21,-15,-23,-12,-20]"
CSI_DATA,134538,d8:b1:90:d9:de:f0,-64,11,-99,-38,66,56,1991027916,100,0,114,0,"[-30,1,-32,1,-35,1,-37,0,-38,0,-35,-1,-34,-1,-33,-1,-32,1,-31,0,-29,1,-30,2,-28,2,-29,3,-30,2,-30,4,-31,5,-30,5,-31,6,-30,8,-30,9,-29,11,-28,11,-28,13,-28,13,-26,13,-26,15,-26,16,0,0,-25,17,-22,19,-23,20,-25,21,-23,21,-23,25,-23,26,-22,26,-22,27,-21,27,-20,25,-17,23,-17,25,-15,25,-15,23,-14,22,-13,22,-11,22,-13,23,-11,26,-13,26,-11,26,-10,26,-13,26,-14,26,-13,25,-11,21,-10,17]"
CSI_DATA,134539,d8:b1:90:d9:de:f0,-64,11,-99,-38,66,56,1991047655,100,0,114,0,"[30,3,33,4,35,6,37,9,34,10,33,11,31,13,30,11,30,13,28,13,28,11,27,11,27,13,27,13,26,13,27,14,28,14,29,13,29,15,28,13,30,13,29,14,29,13,28,11,28,11,27,13,27,10,28,11,0,0,29,9,29,11,31,11,31,10,33,13,33,13,33,11,32,13,33,13,32,11,30,11,29,11,28,10,27,10,25,10,26,10,23,9,26,8,26,9,26,9,26,11,27,11,26,13,25,15,26,15,23,15,19,15,16,15]"
CSI_DATA,134540,d8:b1:90:d9:de:f0,-64,11,-99,-39,66,56,1991057668,100,0,114,0,"[29,-10,32,-10,34,-7,35,-5,37,-4,35,-2,34,0,33,1,33,1,32,2,30,4,30,4,29,4,30,5,30,6,30,7,30,7,31,8,31,8,31,8,32,10,33,10,31,10,31,8,31,10,28,10,29,10,29,8,0,0,30,10,29,12,29,12,30,12,31,14,31,15,32,14,32,16,31,16,32,16,29,17,28,16,25,17,24,16,23,16,23,16,21,16,22,16,22,16,23,19,22,20,21,21,20,23,20,25,17,25,15,24,12,23,8,21]"
CSI_DATA,134541,d8:b1:90:d9:de:f0,-63,11,-99,-39,66,56,1991077970,100,0,114,0,"[-29,13,-32,12,-34,12,-37,10,-37,10,-37,7,-35,5,-34,4,-33,3,-33,2,-32,2,-31,1,-31,2,-30,1,-31,1,-31,0,-32,0,-33,0,-33,0,-32,0,-34,0,-34,0,-33,0,-33,1,-31,1,-30,1,-31,1,-31,2,0,0,-32,2,-31,1,-32,2,-33,2,-34,2,-35,0,-35,1,-35,-1,-35,0,-34,1,-34,2,-32,-1,-31,0,-30,-1,-29,0,-28,-2,-26,-1,-28,-1,-28,-2,-28,-3,-30,-4,-29,-5,-29,-5,-30,-6,-31,-8,-28,-8,-23,-8,-22,-10]"
CSI_DATA,134542,d8:b1:90:d9:de:f0,-64,11,-99,-41,67,56,1991097771,100,0,114,0,"[28,-1,31,0,33,0,33,2,34,3,34,3,32,4,31,4,30,3,30,4,28,4,28,4,27,3,27,3,27,3,28,2,29,1,30,2,30,1,30,-1,31,1,30,-1,29,-1,29,-2,29,-3,27,-3,27,-4,29,-5,0,0,28,-5,27,-7,28,-8,30,-8,30,-9,31,-9,32,-10,32,-10,31,-10,31,-11,28,-11,27,-10,27,-12,24,-11,24,-10,23,-10,22,-11,23,-11,22,-10,24,-11,25,-12,25,-12,24,-11,25,-11,26,-10,25,-9,21,-8,20,-7]"
CSI_DATA,134543,d8:b1:90:d9:de:f0,-63,11,-99,-40,66,56,1991107806,100,0,114,0,"[26,-17,31,-17,34,-17,34,-17,36,-15,36,-12,36,-10,34,-10,33,-10,33,-8,31,-9,32,-8,30,-6,30,-8,30,-5,30,-6,32,-6,33,-6,33,-6,34,-5,33,-8,33,-9,32,-8,31,-9,32,-9,31,-8,31,-8,28,-10,0,0,32,-8,31,-10,30,-8,33,-9,33,-10,34,-10,34,-11,34,-10,34,-11,35,-10,33,-9,31,-9,28,-8,28,-8,27,-8,27,-6,26,-6,25,-6,27,-6,28,-6,31,-6,28,-6,30,-5,31,-3,31,-3,28,-1,26,0,24,1]"
CSI_DATA,134544,d8:b1:90:d9:de:f0,-64,11,-99,-42,67,56,1991127557,100,0,114,0,"[20,21,21,23,22,27,22,29,21,29,21,29,19,28,19,27,18,26,18,25,17,23,16,25,17,22,18,23,18,23,18,23,20,23,19,23,21,25,22,20,22,21,23,21,25,20,23,19,23,19,25,17,23,18,25,16,0,0,27,15,27,14,28,15,29,14,29,15,31,15,32,14,32,13,32,13,32,10,31,10,30,10,27,9,28,8,26,7,26,7,25,6,26,5,26,5,27,5,28,5,28,7,29,7,29,7,28,6,27,7,23,8,20,7]"
CSI_DATA,134545,d8:b1:90:d9:de:f0,-64,11,-99,-38,66,56,1991138139,100,0,114,0,"[15,26,15,30,14,33,11,35,11,35,9,37,7,33,6,34,6,31,4,30,3,29,4,29,3,28,2,29,3,29,1,30,3,32,2,31,2,32,2,31,3,33,2,32,2,31,2,30,3,30,3,30,2,29,3,28,0,0,2,30,3,30,3,31,3,32,3,34,3,34,3,35,1,35,2,33,1,34,1,32,0,32,1,30,1,30,0,28,-1,28,0,26,-1,27,-1,27,-2,27,-3,28,-3,28,-4,30,-6,31,-7,29,-8,27,-9,26,-8,20]"
CSI_DATA,134546,d8:b1:90:d9:de:f0,-64,11,-99,-39,66,56,1991157865,100,0,114,0,"[-25,15,-28,16,-31,16,-32,15,-34,16,-32,15,-32,14,-30,12,-30,12,-29,12,-28,11,-28,11,-26,11,-26,11,-25,11,-28,13,-28,13,-29,14,-28,15,-28,15,-28,16,-26,17,-26,16,-24,17,-25,17,-24,17,-23,17,-23,19,0,0,-23,19,-22,22,-21,21,-23,24,-22,24,-23,25,-23,26,-23,26,-22,26,-24,26,-22,25,-20,24,-20,23,-17,24,-17,23,-16,21,-16,22,-15,22,-15,23,-16,24,-17,24,-16,25,-17,24,-19,24,-20,23,-19,21,-16,20,-15,15]"
CSI_DATA,134547,d8:b1:90:d9:de:f0,-63,11,-99,-39,66,56,1991177677,100,0,114,0,"[12,28,10,32,7,34,6,35,6,39,3,37,1,35,-1,34,1,33,-1,32,-2,30,-3,31,-3,30,-4,29,-4,30,-5,29,-6,30,-6,32,-6,31,-7,32,-7,32,-6,32,-7,32,-7,30,-7,30,-7,30,-7,29,-7,29,0,0,-8,30,-7,30,-10,30,-10,31,-11,32,-12,34,-11,34,-13,34,-12,32,-13,32,-13,31,-14,29,-14,28,-14,25,-13,24,-13,24,-13,24,-13,23,-14,24,-16,24,-16,23,-20,25,-20,24,-21,23,-21,19,-21,17,-21,16,-19,13]"
CSI_DATA,134548,d8:b1:90:d9:de:f0,-64,11,-99,-39,66,56,1991187698,100,0,114,0,"[-4,-30,-3,-32,-3,-34,-1,-37,-2,-38,-1,-37,0,-35,1,-34,0,-32,0,-31,0,-30,1,-30,0,-29,-1,-29,-2,-30,-2,-30,-3,-31,-3,-31,-4,-32,-5,-31,-6,-33,-6,-33,-6,-31,-8,-30,-7,-30,-10,-30,-10,-29,-10,-26,0,0,-12,-26,-13,-28,-14,-30,-15,-28,-17,-30,-17,-31,-17,-30,-19,-31,-19,-29,-19,-29,-19,-28,-19,-26,-17,-24,-17,-23,-16,-21,-19,-22,-17,-20,-17,-20,-19,-20,-17,-21,-20,-22,-21,-22,-21,-23,-20,-23,-19,-22,-17,-22,-14,-21,-12,-19]"
CSI_DATA,134549,d8:b1:90:d9:de:f0,-64,11,-99,-38,66,56,1991197747,100,0,114,0,"[-23,18,-27,19,-29,19,-31,18,-32,18,-33,16,-32,15,-31,14,-28,14,-28,11,-26,10,-27,10,-27,10,-27,9,-27,10,-27,9,-28,11,-29,10,-29,11,-29,11,-29,11,-28,13,-28,11,-28,14,-29,13,-27,11,-27,11,-27,13,0,0,-26,14,-26,15,-28,15,-28,15,-29,15,-29,16,-30,16,-30,17,-30,16,-31,16,-30,15,-28,15,-26,14,-25,14,-25,14,-25,13,-23,13,-25,11,-23,13,-26,11,-27,11,-26,13,-27,10,-28,9,-28,8,-27,6,-25,6,-22,3]"
CSI_DATA,134550,d8:b1:90:d9:de:f0,-64,11,-99,-40,67,56,1991217697,100,0,114,0,"[-11,26,-12,28,-14,29,-15,29,-17,32,-16,30,-17,28,-17,26,-16,25,-16,24,-14,23,-14,24,-14,24,-12,24,-12,24,-12,24,-12,26,-13,28,-12,28,-11,29,-10,29,-10,29,-9,29,-7,28,-8,29,-6,29,-6,27,-5,27,0,0,-3,28,-3,29,-2,29,-1,31,-1,32,-1,32,1,33,-1,33,1,30,1,32,2,31,2,30,3,29,3,27,3,26,3,24,3,24,3,24,4,25,4,24,3,26,5,26,5,27,5,28,3,25,2,25,1,24,0,22]"
CSI_DATA,134551,d8:b1:90:d9:de:f0,-64,11,-99,-40,67,56,1991228025,100,0,114,0,"[21,19,22,22,22,24,22,26,21,27,21,28,18,27,16,27,16,25,15,25,14,23,14,24,12,24,12,24,12,24,12,25,14,25,13,27,14,27,13,27,13,27,14,26,14,27,14,26,13,25,14,26,13,24,14,23,0,0,14,25,15,24,14,26,16,27,16,27,16,28,16,28,16,28,15,27,15,27,13,27,14,27,13,26,12,24,11,24,11,23,10,23,11,21,10,22,10,23,10,24,9,25,9,26,7,26,8,26,7,25,4,24,1,21]"
CSI_DATA,134552,d8:b1:90:d9:de:f0,-64,11,-99,-37,66,56,1991248205,100,0,114,0,"[-16,23,-18,25,-21,25,-22,25,-23,26,-23,25,-24,23,-23,22,-21,21,-21,20,-19,19,-19,18,-21,19,-20,20,-20,21,-19,20,-20,21,-21,22,-21,22,-20,22,-19,24,-19,24,-19,23,-16,23,-16,24,-15,24,-14,24,-15,23,0,0,-13,24,-14,26,-14,26,-13,28,-13,29,-14,29,-13,30,-14,30,-13,29,-13,29,-13,29,-11,28,-10,25,-10,26,-10,25,-11,24,-9,24,-9,24,-9,24,-9,26,-10,26,-10,27,-10,28,-12,28,-13,25,-12,24,-13,23,-12,19]"
CSI_DATA,134553,d8:b1:90:d9:de:f0,-63,11,-99,-39,66,56,1991260181,100,0,114,0,"[-30,-6,-33,-8,-34,-10,-37,-12,-35,-13,-35,-14,-31,-14,-33,-15,-29,-12,-28,-12,-28,-11,-25,-12,-26,-13,-26,-12,-26,-11,-26,-11,-30,-12,-30,-12,-32,-11,-30,-10,-32,-12,-32,-8,-30,-8,-30,-6,-30,-7,-30,-7,-30,-6,-30,-5,0,0,-30,-3,-30,-3,-33,-3,-32,-3,-35,-3,-35,-3,-34,-1,-37,-1,-35,0,-34,-1,-35,-1,-32,-1,-31,-1,-31,0,-28,0,-30,1,-26,0,-29,2,-28,2,-29,2,-30,2,-29,2,-29,0,-32,-1,-32,0,-30,-1,-25,-2,-23,-2]"
CSI_DATA,134554,d8:b1:90:d9:de:f0,-63,11,-99,-40,66,56,1991277655,100,0,114,0,"[26,-18,28,-18,32,-19,33,-18,33,-19,33,-17,33,-17,31,-15,31,-16,31,-15,28,-13,28,-16,26,-16,26,-16,26,-16,27,-17,27,-19,28,-20,27,-20,27,-21,25,-21,25,-23,24,-23,23,-21,23,-23,20,-25,20,-24,20,-25,0,0,18,-23,17,-26,16,-26,17,-28,17,-31,17,-31,17,-32,17,-33,16,-32,16,-33,13,-32,12,-30,11,-30,10,-28,9,-26,9,-26,8,-26,8,-26,8,-26,9,-27,8,-27,8,-28,8,-30,9,-30,10,-27,10,-26,9,-25,9,-21]"
CSI_DATA,134555,d8:b1:90:d9:de:f0,-63,11,-99,-39,66,56,1991287671,100,0,114,0,"[30,-5,32,-4,35,-3,37,-1,37,1,37,1,35,3,33,2,32,2,32,3,31,3,30,4,30,3,29,4,30,3,30,3,32,3,33,4,33,4,33,3,32,3,32,2,32,2,31,1,31,0,29,-1,31,0,31,-2,0,0,30,-1,30,-1,31,-2,33,-2,32,-2,33,-2,35,-3,35,-2,35,-2,35,-4,34,-3,31,-3,30,-2,29,-2,28,-2,28,-2,26,-2,26,-3,26,-2,28,-3,30,-2,29,-1,30,-1,30,1,31,1,30,3,24,4,22,4]"
CSI_DATA,134556,d8:b1:90:d9:de:f0,-64,9,-99,-34,65,56,1991305705,98,0,106,0,"[55,16,-81,0,86,16,14,1,115,16,70,1,-126,16,44,1,-94,16,26,1,-59,16,-4,0,-39,16,-17,0,-16,16,-22,0,-9,16,-50,0,-14,16,-92,0,-20,16,112,0,-10,16,13,0,30,0,-76,16,0,0,0,0,-123,0,82,16,-51,0,51,16,-5,0,55,16,-16,0,79,16,-66,0,98,16,-138,0,100,16,67,0,93,16,31,0,78,16,32,0,61,16,59,0,55,16,99,0,94,16,130,0,-93,16,126,0]"
CSI_DATA,134557,d8:b1:90:d9:de:f0,-64,11,-99,-34,65,56,1991317928,100,0,114,0,"[29,-4,31,-3,33,-2,34,0,37,0,35,1,34,3,33,3,31,2,29,2,29,3,28,4,28,4,28,3,28,4,27,4,29,3,30,4,32,4,30,3,31,4,31,3,31,1,29,2,29,2,29,2,29,2,30,0,0,0,30,1,29,1,30,1,32,1,33,1,34,1,34,-1,34,0,34,-1,33,0,32,2,32,1,30,2,29,0,28,1,28,0,26,1,27,0,27,0,29,0,29,1,29,2,29,3,31,4,31,5,29,6,25,7,22,8]"
CSI_DATA,134558,d8:b1:90:d9:de:f0,-63,11,-99,-39,66,56,1991329934,100,0,114,0,"[-30,4,-33,2,-34,2,-35,1,-39,-1,-37,-2,-37,-3,-34,-3,-32,-2,-30,-3,-29,-4,-29,-4,-29,-4,-29,-5,-29,-5,-28,-4,-31,-4,-32,-4,-32,-3,-32,-3,-32,-4,-32,-3,-31,-4,-30,-3,-31,-2,-30,-3,-30,-1,-30,-1,0,0,-30,-1,-31,-1,-31,0,-33,0,-33,-1,-34,-1,-34,-1,-34,-2,-34,0,-34,-1,-33,-1,-32,-2,-30,-1,-29,-1,-28,-1,-26,-1,-26,-1,-25,-1,-26,-1,-28,-1,-29,-2,-29,-3,-29,-4,-30,-5,-30,-5,-26,-6,-24,-7,-21,-7]"
CSI_DATA,134559,d8:b1:90:d9:de:f0,-64,9,-99,-40,66,56,1991344615,108,0,106,0,"[12,1,40,0,70,1,-28,17,81,1,-80,17,50,1,-92,17,12,1,-92,17,-24,0,-100,17,-50,0,-108,17,-70,0,-113,17,-98,0,-108,17,-136,0,-75,17,105,0,-19,17,28,0,27,0,-71,17,54,0,0,0,0,0,46,17,25,0,-25,16,-20,17,-54,16,-56,17,-41,16,-78,17,-5,16,-60,17,47,17,-10,17,80,17,35,0,83,17,63,0,75,17,68,0,65,17,32,0,91,17,-17,17,-135,17,-80,17,-47,17]"
CSI_DATA,134560,d8:b1:90:d9:de:f0,-64,11,-99,-39,66,56,1991358097,100,0,114,0,"[-31,3,-32,2,-34,1,-35,-2,-38,-3,-35,-5,-34,-7,-33,-8,-33,-8,-30,-10,-29,-10,-28,-11,-28,-11,-26,-11,-26,-13,-26,-13,-28,-13,-30,-14,-29,-15,-28,-15,-29,-16,-28,-16,-26,-16,-25,-14,-26,-15,-25,-15,-24,-15,-25,-16,0,0,-25,-15,-25,-16,-25,-19,-28,-20,-28,-20,-28,-22,-28,-22,-25,-24,-26,-22,-26,-23,-25,-23,-22,-23,-20,-22,-17,-22,-20,-20,-17,-20,-16,-20,-16,-21,-15,-22,-15,-23,-15,-24,-14,-25,-12,-26,-13,-28,-12,-26,-8,-26,-6,-24,-3,-22]"
CSI_DATA,134561,d8:b1:90:d9:de:f0,-63,11,-99,-39,66,56,1991377821,100,0,114,0,"[-30,2,-32,1,-35,-1,-37,-2,-37,-3,-37,-4,-34,-4,-34,-6,-32,-5,-31,-5,-29,-5,-29,-6,-29,-5,-29,-5,-29,-5,-30,-6,-31,-5,-31,-5,-33,-5,-32,-4,-33,-5,-33,-4,-32,-4,-30,-3,-31,-2,-31,-2,-29,-3,-30,-1,0,0,-31,0,-29,-1,-31,-1,-33,0,-34,0,-37,0,-37,0,-37,-1,-35,0,-35,0,-34,0,-32,0,-30,1,-30,0,-29,1,-29,0,-26,1,-29,1,-29,0,-29,0,-31,0,-30,0,-30,-2,-31,-2,-30,-3,-29,-4,-24,-4,-22,-5]"
CSI_DATA,134562,d8:b1:90:d9:de:f0,-64,11,-99,-38,66,56,1991397703,100,0,114,0,"[-30,-4,-32,-5,-34,-6,-35,-6,-37,-7,-35,-7,-33,-7,-32,-7,-31,-6,-30,-6,-29,-4,-29,-5,-30,-4,-29,-4,-28,-3,-28,-3,-31,-1,-32,-2,-34,0,-32,1,-31,1,-31,3,-30,4,-30,3,-30,4,-30,5,-29,5,-28,7,0,0,-29,9,-28,9,-29,10,-30,11,-31,14,-31,15,-30,15,-31,16,-30,16,-31,17,-29,17,-27,15,-23,16,-22,16,-23,16,-22,16,-20,16,-21,16,-20,17,-21,17,-21,19,-21,18,-21,18,-23,18,-25,18,-22,18,-20,15,-19,13]"
CSI_DATA,134563,d8:b1:90:d9:de:f0,-63,11,-99,-40,66,56,1991417651,100,0,114,0,"[0,32,-2,34,-4,36,-6,38,-8,38,-10,38,-11,35,-11,33,-11,32,-13,30,-12,28,-12,28,-13,28,-13,28,-13,30,-15,28,-15,28,-16,30,-16,31,-17,30,-16,30,-15,30,-16,28,-15,30,-16,27,-15,27,-15,27,-16,28,0,0,-15,26,-15,27,-15,28,-16,31,-17,31,-18,32,-18,32,-19,32,-19,30,-20,30,-19,28,-18,27,-18,26,-17,25,-17,23,-16,21,-17,21,-16,20,-17,20,-19,20,-19,21,-21,21,-21,21,-24,20,-24,17,-23,16,-21,15,-19,11]"
CSI_DATA,134564,d8:b1:90:d9:de:f0,-63,11,-99,-40,66,56,1991430593,100,0,114,0,"[18,-27,19,-28,21,-31,21,-31,23,-34,21,-32,23,-30,23,-27,19,-28,19,-27,18,-25,18,-26,18,-27,17,-27,17,-27,16,-28,13,-28,15,-32,12,-31,13,-32,12,-33,9,-34,10,-32,6,-31,8,-32,5,-32,4,-31,4,-32,0,0,2,-30,0,-32,-1,-33,-2,-36,-3,-36,-3,-38,-5,-38,-4,-38,-5,-36,-5,-36,-6,-35,-6,-33,-8,-32,-9,-28,-9,-28,-8,-26,-9,-26,-9,-26,-10,-25,-10,-28,-11,-28,-12,-28,-13,-31,-12,-30,-9,-28,-9,-26,-9,-26,-6,-23]"
CSI_DATA,134565,d8:b1:90:d9:de:f0,-63,11,-99,-40,66,56,1991447671,100,0,114,0,"[-16,-27,-16,-32,-16,-35,-15,-36,-12,-38,-11,-36,-9,-35,-6,-34,-5,-33,-4,-32,-3,-31,-2,-30,-2,-31,-2,-30,-2,-31,-2,-32,-2,-32,-2,-33,-1,-34,-2,-34,-2,-34,-2,-34,-1,-33,-2,-33,-1,-32,-2,-33,-2,-31,-2,-31,0,0,-2,-32,-2,-32,-2,-33,-2,-34,-2,-36,0,-36,-1,-38,0,-36,0,-35,2,-34,1,-35,2,-34,2,-31,1,-31,1,-30,2,-27,2,-27,3,-27,3,-27,4,-28,5,-30,5,-31,8,-31,9,-30,10,-27,10,-26,11,-24,12,-21]"
CSI_DATA,134566,d8:b1:90:d9:de:f0,-64,11,-99,-39,66,56,1991457670,100,0,114,0,"[-10,28,-12,31,-14,33,-15,34,-16,33,-16,34,-16,31,-15,31,-13,30,-13,29,-13,28,-11,26,-11,28,-11,28,-10,28,-11,29,-10,31,-8,30,-7,32,-7,30,-5,32,-5,32,-3,31,-3,31,-1,31,0,30,1,31,2,30,0,0,4,30,4,29,5,32,7,33,8,34,7,35,10,35,11,35,11,34,11,32,13,31,12,31,12,30,12,29,12,24,12,24,12,23,13,23,13,23,13,25,15,26,15,28,17,28,16,26,14,26,14,25,11,23,10,22]"
CSI_DATA,134567,d8:b1:90:d9:de:f0,-63,11,-99,-39,66,56,1991467683,100,0,114,0,"[-15,25,-19,28,-21,29,-22,29,-23,30,-24,30,-24,25,-24,24,-22,25,-23,23,-21,22,-21,22,-22,21,-21,21,-20,21,-20,22,-20,23,-22,24,-21,24,-22,24,-20,25,-19,26,-19,25,-16,25,-19,25,-17,25,-16,25,-15,25,0,0,-15,25,-14,26,-14,28,-16,31,-15,31,-16,32,-15,32,-16,32,-14,32,-16,32,-14,30,-13,29,-13,28,-11,25,-12,26,-12,25,-11,25,-11,24,-11,25,-13,25,-13,26,-13,28,-14,28,-14,26,-16,25,-15,23,-14,22,-13,19]"
CSI_DATA,134568,d8:b1:90:d9:de:f0,-63,11,-99,-40,66,56,1991487636,100,0,114,0,"[-25,18,-28,20,-31,21,-32,20,-33,20,-32,19,-32,18,-31,18,-28,18,-27,18,-27,18,-25,17,-25,17,-24,18,-24,19,-24,19,-25,23,-26,21,-25,23,-24,24,-23,26,-21,27,-20,27,-18,27,-18,27,-17,27,-16,27,-15,28,0,0,-13,30,-11,31,-12,32,-12,34,-11,34,-10,36,-8,36,-8,36,-6,36,-6,35,-6,34,-4,34,-3,32,-1,30,-3,30,-2,28,-1,28,-1,28,0,28,0,31,1,31,2,32,2,31,1,33,0,31,0,30,-1,28,-1,24]"
CSI_DATA,134569,d8:b1:90:d9:de:f0,-63,11,-99,-39,66,56,1991497674,100,0,114,0,"[-29,-12,-31,-13,-32,-15,-32,-17,-33,-17,-32,-20,-29,-19,-29,-19,-28,-17,-25,-17,-24,-15,-23,-17,-24,-16,-23,-16,-23,-16,-24,-16,-26,-16,-28,-17,-29,-17,-28,-16,-30,-16,-29,-17,-28,-16,-29,-14,-29,-13,-28,-13,-26,-13,-28,-12,0,0,-29,-10,-30,-11,-32,-10,-33,-10,-35,-11,-34,-11,-34,-11,-34,-12,-34,-10,-34,-10,-33,-8,-32,-10,-30,-7,-29,-7,-29,-5,-28,-7,-25,-5,-28,-5,-28,-6,-28,-6,-29,-6,-29,-7,-29,-8,-30,-8,-29,-8,-28,-10,-24,-11,-21,-10]"
CSI_DATA,134570,d8:b1:90:d9:de:f0,-63,11,-99,-41,66,56,1991507760,100,0,114,0,"[10,-29,14,-30,17,-33,19,-33,21,-34,21,-32,22,-28,23,-28,21,-26,22,-26,21,-23,21,-22,22,-21,23,-20,22,-20,23,-21,23,-22,26,-23,26,-23,26,-22,26,-22,26,-23,26,-23,23,-23,24,-21,24,-21,24,-20,24,-22,0,0,23,-21,24,-23,24,-23,27,-23,26,-23,28,-24,27,-24,28,-23,28,-23,29,-22,29,-21,27,-20,27,-19,24,-19,24,-17,24,-15,23,-15,24,-15,24,-15,26,-15,26,-15,26,-15,28,-14,29,-11,30,-9,28,-8,26,-7,22,-3]"
CSI_DATA,134571,d8:b1:90:d9:de:f0,-64,11,-99,-39,66,56,1991527879,100,0,114,0,"[-12,28,-14,30,-16,31,-20,32,-19,32,-21,31,-20,29,-21,29,-19,26,-19,25,-19,24,-17,24,-19,24,-19,24,-19,24,-17,24,-17,25,-19,24,-19,26,-19,25,-17,28,-16,28,-17,26,-16,28,-15,26,-14,28,-14,26,-14,26,0,0,-13,28,-13,29,-13,30,-13,32,-13,32,-14,33,-14,33,-14,33,-14,32,-14,32,-12,32,-12,30,-11,28,-11,28,-11,25,-10,25,-10,24,-10,24,-10,25,-12,26,-12,28,-12,28,-12,29,-14,28,-14,25,-15,24,-14,22,-14,19]"
CSI_DATA,134572,d8:b1:90:d9:de:f0,-64,11,-99,-39,66,56,1991547646,100,0,114,0,"[-16,24,-20,26,-21,29,-22,29,-23,29,-23,29,-21,26,-22,26,-20,25,-19,23,-19,23,-17,23,-17,23,-17,24,-16,25,-15,26,-15,29,-14,29,-14,29,-13,31,-12,31,-11,32,-8,31,-7,30,-6,31,-6,30,-4,30,-5,30,0,0,-2,32,-1,31,0,33,2,33,2,34,2,35,4,35,4,37,5,34,4,34,6,34,6,32,7,31,7,29,7,26,8,28,10,26,10,25,11,26,10,26,12,26,12,29,13,29,12,29,11,28,10,26,8,24,6,23]"
CSI_DATA,134573,d8:b1:90:d9:de:f0,-64,11,-99,-41,67,56,1991558230,100,0,114,0,"[-28,-5,-30,-7,-32,-9,-32,-11,-31,-13,-31,-14,-29,-14,-28,-14,-26,-13,-24,-12,-24,-13,-22,-12,-24,-12,-23,-13,-24,-13,-24,-14,-26,-15,-25,-15,-27,-15,-26,-14,-26,-14,-26,-14,-25,-14,-26,-14,-26,-13,-25,-12,-25,-12,-27,-12,0,0,-26,-12,-27,-12,-28,-12,-28,-11,-29,-14,-29,-13,-30,-15,-29,-15,-29,-14,-28,-13,-28,-12,-26,-13,-27,-12,-25,-12,-24,-11,-24,-11,-23,-11,-24,-10,-24,-11,-24,-12,-25,-12,-25,-14,-24,-15,-25,-16,-25,-16,-23,-16,-18,-15,-16,-16]"
CSI_DATA,134574,d8:b1:90:d9:de:f0,-64,11,-99,-39,66,56,1991577762,100,0,114,0,"[14,26,15,29,16,30,16,32,16,33,15,32,15,32,13,30,15,29,14,29,14,28,14,28,15,25,15,25,15,25,16,25,19,25,19,24,20,24,21,23,22,24,21,23,22,21,23,21,24,21,23,19,24,19,24,16,0,0,28,14,26,15,28,14,30,14,32,14,33,14,33,12,34,12,33,11,33,10,33,8,32,10,30,6,29,5,29,5,28,5,26,4,26,2,28,3,28,3,30,3,30,3,30,3,30,4,30,2,28,3,25,4,23,5]"
CSI_DATA,134575,d8:b1:90:d9:de:f0,-63,11,-99,-39,66,56,1991597608,100,0,114,0,"[-20,22,-24,24,-26,24,-28,24,-30,23,-29,21,-30,20,-29,17,-29,17,-28,15,-26,13,-26,14,-26,13,-26,13,-26,12,-26,12,-29,14,-31,14,-30,14,-31,14,-30,14,-30,14,-29,13,-28,14,-29,13,-26,13,-26,13,-28,13,0,0,-26,14,-28,13,-26,15,-30,15,-30,15,-31,16,-31,14,-32,15,-32,14,-32,14,-30,14,-29,13,-28,12,-25,11,-26,10,-25,10,-25,10,-25,10,-25,10,-28,10,-29,8,-29,10,-30,7,-30,7,-30,5,-29,3,-26,2,-23,1]"
CSI_DATA,134576,d8:b1:90:d9:de:f0,-64,9,-99,-38,66,56,1991607748,120,0,106,0,"[2,1,-107,16,26,1,93,16,18,1,56,16,-5,0,71,16,-40,0,87,16,-71,0,99,16,-97,0,100,16,-106,0,110,16,-116,0,136,16,138,0,-105,16,93,0,-44,16,15,0,15,0,-68,16,41,0,0,0,0,0,45,16,-9,16,-21,15,-54,16,-37,15,-109,16,-16,15,-125,16,26,16,-113,16,68,16,-57,16,79,16,-8,16,71,16,6,0,59,16,5,0,64,16,-33,16,98,16,-83,16,-97,16,-122,16,10,0]"
CSI_DATA,134577,d8:b1:90:d9:de:f0,-63,11,-99,-41,66,56,1991627669,100,0,114,0,"[11,-30,15,-33,17,-35,19,-34,21,-34,21,-32,22,-30,22,-28,22,-27,22,-24,21,-23,21,-24,21,-23,21,-23,22,-23,22,-24,22,-23,23,-24,24,-23,23,-24,23,-24,23,-26,22,-24,22,-24,22,-24,21,-23,22,-23,22,-23,0,0,21,-23,21,-24,21,-24,23,-27,22,-27,24,-28,26,-28,24,-28,26,-27,26,-26,24,-24,23,-23,23,-22,22,-21,22,-20,21,-20,21,-20,21,-20,22,-19,23,-19,23,-19,24,-19,26,-19,27,-17,27,-14,26,-13,23,-11,21,-8]"
CSI_DATA,134578,d8:b1:90:d9:de:f0,-64,11,-99,-39,66,56,1991640767,100,0,114,0,"[-30,3,-33,3,-35,3,-37,2,-38,2,-38,2,-35,0,-35,1,-32,3,-32,2,-30,3,-30,3,-30,3,-30,4,-30,5,-30,5,-29,6,-31,7,-30,10,-31,10,-30,12,-29,14,-29,13,-26,14,-26,15,-26,14,-25,15,-24,16,0,0,-22,19,-22,20,-23,21,-24,24,-23,24,-23,25,-22,26,-23,28,-20,26,-22,28,-21,26,-19,26,-16,25,-14,24,-14,24,-14,23,-12,24,-12,24,-12,24,-12,25,-13,26,-11,25,-12,26,-12,26,-13,25,-13,23,-11,22,-11,20]"
CSI_DATA,134579,d8:b1:90:d9:de:f0,-63,11,-99,-40,66,56,1991657965,100,0,114,0,"[-34,0,-36,-2,-38,-3,-38,-5,-40,-8,-38,-9,-36,-12,-35,-11,-33,-10,-31,-12,-30,-11,-30,-13,-30,-12,-28,-12,-28,-15,-28,-15,-28,-13,-31,-16,-31,-16,-31,-15,-31,-15,-30,-15,-30,-16,-28,-15,-30,-16,-28,-15,-27,-15,-27,-13,0,0,-30,-13,-28,-15,-28,-16,-31,-16,-30,-17,-32,-18,-31,-19,-32,-19,-32,-18,-32,-18,-30,-18,-26,-19,-25,-18,-24,-18,-24,-18,-21,-17,-21,-18,-21,-16,-23,-17,-23,-19,-21,-19,-21,-21,-20,-23,-19,-23,-18,-23,-16,-23,-12,-21,-10,-19]"
CSI_DATA,134580,d8:b1:90:d9:de:f0,-63,11,-99,-40,66,56,1991677663,100,0,114,0,"[-30,-15,-31,-18,-32,-19,-33,-21,-32,-23,-31,-23,-28,-23,-28,-24,-27,-20,-26,-20,-24,-19,-24,-19,-24,-18,-25,-18,-24,-19,-25,-18,-27,-18,-28,-19,-28,-19,-27,-17,-30,-18,-31,-16,-30,-16,-28,-13,-28,-13,-28,-13,-27,-12,-30,-10,0,0,-30,-10,-28,-9,-31,-10,-32,-9,-33,-10,-33,-10,-34,-9,-34,-9,-34,-8,-33,-8,-32,-8,-32,-8,-31,-8,-30,-5,-28,-5,-26,-5,-25,-4,-25,-4,-26,-3,-28,-4,-28,-4,-28,-6,-30,-6,-31,-8,-30,-8,-27,-9,-24,-9,-20,-10]"
CSI_DATA,134581,d8:b1:90:d9:de:f0,-64,11,-99,-38,66,56,1991687674,100,0,114,0,"[-31,2,-34,1,-35,-1,-38,-3,-39,-4,-37,-6,-34,-8,-33,-7,-32,-6,-31,-8,-29,-8,-29,-8,-29,-9,-29,-9,-28,-10,-28,-10,-29,-10,-31,-9,-30,-9,-29,-10,-30,-9,-31,-9,-29,-9,-29,-7,-30,-9,-28,-8,-28,-8,-27,-6,0,0,-29,-7,-29,-8,-28,-8,-31,-8,-31,-8,-32,-9,-31,-9,-32,-10,-31,-9,-32,-10,-30,-10,-29,-10,-28,-11,-26,-10,-26,-10,-22,-10,-23,-10,-23,-8,-25,-10,-25,-11,-26,-13,-25,-13,-25,-15,-23,-16,-23,-16,-21,-16,-18,-17,-15,-15]"
CSI_DATA,134582,d8:b1:90:d9:de:f0,-64,11,-99,-41,67,56,1991697787,100,0,114,0,"[-2,30,-3,32,-4,36,-5,37,-6,37,-6,37,-7,33,-6,33,-5,32,-5,31,-3,29,-3,29,-3,29,-1,29,-2,30,0,30,0,31,0,30,2,30,3,29,4,30,5,30,6,28,7,28,8,28,8,27,10,26,10,25,0,0,12,27,13,24,13,26,15,27,16,27,18,27,20,26,19,27,21,25,20,25,19,25,20,24,20,23,19,21,19,19,18,18,16,18,18,15,19,15,20,16,22,18,23,19,23,19,22,20,20,18,20,18,16,18,13,16]"
CSI_DATA,134583,d8:b1:90:d9:de:f0,-64,11,-99,-38,66,56,1991717643,100,0,114,0,"[26,-18,28,-20,31,-19,33,-19,34,-18,34,-16,34,-13,33,-13,31,-11,31,-10,30,-9,29,-7,29,-8,30,-8,29,-7,29,-7,31,-8,31,-8,32,-9,31,-9,30,-9,31,-8,29,-7,29,-8,28,-9,27,-8,28,-8,28,-9,0,0,28,-8,27,-9,29,-9,29,-9,30,-9,31,-9,31,-8,31,-8,31,-8,31,-7,31,-7,29,-6,28,-7,27,-6,26,-6,25,-5,25,-4,25,-6,25,-5,27,-5,28,-3,28,-3,27,-3,28,0,29,0,27,3,22,3,20,3]"
CSI_DATA,134584,d8:b1:90:d9:de:f0,-64,11,-99,-38,66,56,1991727672,100,0,114,0,"[32,0,35,1,39,3,40,2,39,4,39,3,37,3,37,3,33,2,32,1,31,2,30,0,31,-1,30,-2,31,-2,31,-2,31,-4,31,-3,32,-3,30,-7,31,-8,30,-8,29,-10,28,-10,27,-10,26,-11,25,-13,23,-14,0,0,25,-17,22,-16,22,-18,22,-19,23,-20,25,-21,23,-22,22,-22,23,-23,22,-22,20,-22,18,-22,17,-22,16,-22,16,-19,16,-19,14,-20,14,-20,13,-20,14,-21,14,-23,13,-23,11,-22,15,-23,15,-22,15,-21,13,-18,14,-17]"
CSI_DATA,134585,d8:b1:90:d9:de:f0,-64,11,-99,-37,66,56,1991739071,100,0,114,0,"[-6,-30,-5,-34,-2,-38,-1,-39,-1,-39,1,-38,3,-37,5,-36,5,-32,6,-30,6,-29,7,-26,7,-28,7,-28,7,-28,9,-29,8,-30,9,-28,9,-29,10,-28,9,-30,8,-29,9,-29,9,-28,9,-27,8,-27,8,-26,8,-27,0,0,9,-26,8,-26,9,-27,10,-27,10,-29,12,-30,12,-29,13,-30,14,-30,13,-27,13,-28,14,-26,13,-25,13,-24,12,-22,13,-22,12,-20,13,-20,13,-20,16,-20,16,-21,18,-21,18,-21,20,-20,21,-16,21,-14,21,-12,21,-12]"
CSI_DATA,134586,d8:b1:90:d9:de:f0,-64,11,-99,-41,67,56,1991757716,100,0,114,0,"[-3,-31,-1,-32,1,-36,0,-36,0,-38,0,-36,1,-36,1,-32,-1,-31,0,-31,-1,-30,-1,-30,-2,-29,-3,-28,-3,-28,-3,-29,-6,-29,-5,-30,-7,-29,-7,-29,-8,-28,-11,-28,-10,-27,-12,-26,-12,-26,-12,-25,-12,-24,-13,-22,0,0,-15,-21,-15,-21,-16,-21,-19,-22,-20,-22,-21,-22,-22,-21,-23,-22,-23,-20,-22,-21,-22,-20,-22,-20,-20,-19,-20,-16,-20,-15,-20,-13,-20,-14,-19,-12,-20,-12,-21,-13,-23,-12,-24,-13,-25,-15,-23,-14,-22,-14,-21,-12,-20,-13,-15,-12]"
CSI_DATA,134587,d8:b1:90:d9:de:f0,-64,11,-99,-41,67,56,1991767696,100,0,114,0,"[-13,28,-16,30,-20,31,-21,31,-22,31,-22,30,-22,29,-21,26,-20,26,-18,25,-18,23,-19,23,-19,22,-16,22,-16,23,-16,24,-16,24,-19,25,-18,24,-16,25,-15,25,-14,25,-14,25,-12,24,-13,24,-12,24,-11,24,-11,24,0,0,-10,24,-8,25,-8,26,-9,27,-9,28,-10,28,-8,29,-9,30,-10,29,-10,29,-9,27,-8,26,-7,26,-7,25,-8,23,-7,23,-7,24,-7,23,-7,23,-7,24,-7,24,-8,26,-8,26,-9,26,-12,25,-11,24,-10,22,-10,19]"
CSI_DATA,134588,d8:b1:90:d9:de:f0,-65,11,-99,-35,66,56,1991787653,100,0,114,0,"[8,-29,9,-32,11,-33,11,-34,12,-36,11,-35,12,-34,11,-32,10,-31,9,-30,9,-28,8,-28,6,-28,6,-28,6,-27,5,-28,4,-29,3,-30,3,-31,1,-30,0,-30,-1,-30,-2,-28,-3,-28,-4,-27,-5,-26,-5,-24,-6,-23,0,0,-10,-25,-8,-25,-10,-25,-12,-26,-13,-26,-13,-27,-13,-27,-14,-26,-14,-25,-15,-25,-16,-25,-15,-24,-15,-22,-16,-20,-15,-19,-15,-19,-16,-18,-15,-17,-17,-17,-17,-18,-18,-18,-19,-19,-20,-20,-20,-21,-17,-19,-16,-19,-15,-19,-13,-17]"
CSI_DATA,134589,d8:b1:90:d9:de:f0,-65,11,-99,-39,67,56,1991797650,100,0,114,0,"[28,10,31,14,31,14,32,16,33,17,32,18,30,19,29,18,27,16,27,16,25,16,24,16,24,16,24,14,24,15,23,15,25,14,26,14,27,14,26,13,25,13,26,11,24,12,24,11,25,10,24,10,25,9,24,8,0,0,24,7,25,7,26,7,27,7,28,8,28,8,29,7,28,7,29,6,28,6,27,6,25,6,25,6,24,5,24,5,25,4,24,4,24,3,25,3,24,4,25,4,27,5,27,6,27,7,26,7,25,8,22,9,19,9]"
CSI_DATA,134590,d8:b1:90:d9:de:f0,-64,11,-99,-39,67,56,1991807666,100,0,114,0,"[-17,26,-20,28,-23,28,-25,28,-25,28,-27,27,-26,23,-27,22,-25,20,-25,20,-24,18,-24,17,-24,16,-24,16,-24,15,-24,15,-24,16,-25,15,-24,17,-24,16,-24,16,-23,16,-24,14,-22,14,-22,14,-20,14,-21,15,-21,15,0,0,-23,15,-21,15,-22,15,-22,16,-23,17,-24,17,-25,16,-26,15,-25,15,-26,14,-25,15,-25,13,-23,13,-23,12,-22,11,-22,11,-21,10,-22,10,-22,10,-24,10,-25,10,-25,9,-24,8,-27,7,-28,5,-27,3,-24,2,-22,1]"
CSI_DATA,134591,d8:b1:90:d9:de:f0,-64,11,-99,-37,66,56,1991827636,100,0,114,0,"[5,31,5,34,4,38,2,39,1,40,0,39,0,37,-1,34,0,33,-1,32,-1,31,0,30,-1,29,0,30,0,30,0,30,1,30,0,29,1,30,1,30,3,30,4,30,3,28,4,28,5,27,5,27,5,26,6,26,0,0,8,26,8,27,7,27,9,27,10,27,10,29,11,29,10,30,10,29,10,29,10,28,11,28,10,26,9,25,10,23,9,24,9,23,9,22,9,23,10,24,10,24,10,25,11,27,9,28,8,26,6,25,5,24,3,22]"
CSI_DATA,134592,d8:b1:90:d9:de:f0,-64,11,-99,-41,67,56,1991840464,100,0,114,0,"[30,-9,33,-7,37,-6,38,-5,40,-4,38,-2,37,-1,36,0,32,1,32,0,30,0,29,3,28,2,29,2,28,4,28,3,29,3,31,4,30,3,30,3,29,3,29,2,30,2,28,2,28,2,26,3,26,3,27,1,0,0,27,2,26,0,27,2,28,1,31,1,30,3,32,2,31,2,31,1,30,3,30,4,28,4,27,3,26,4,25,3,25,4,24,4,25,3,26,3,26,4,29,5,28,6,26,7,27,9,27,10,25,11,23,11,19,11]"
CSI_DATA,134593,d8:b1:90:d9:de:f0,-64,11,-99,-36,66,56,1991857633,100,0,114,0,"[31,4,33,6,36,7,36,8,38,9,36,9,34,11,32,10,31,9,29,10,27,9,27,10,27,8,25,9,26,8,26,8,27,8,29,7,28,7,28,6,29,7,28,5,26,4,26,4,26,4,25,2,25,2,25,1,0,0,27,2,25,0,26,0,29,-1,29,0,29,0,30,-1,31,0,30,-1,31,-2,29,-2,28,-2,26,-2,25,-2,26,-3,24,-3,24,-3,25,-4,25,-3,25,-3,27,-3,27,-3,27,-1,29,-2,29,-1,27,0,25,1,22,1]"
CSI_DATA,134594,d8:b1:90:d9:de:f0,-64,11,-99,-38,66,56,1991867666,100,0,114,0,"[29,17,30,20,30,23,29,25,30,27,29,28,27,29,25,28,22,26,21,26,20,23,19,25,17,25,17,25,17,25,16,25,17,25,18,26,18,27,17,26,18,26,19,26,18,25,19,23,17,22,16,23,16,21,16,20,0,0,19,20,17,21,18,23,19,22,19,25,19,27,19,26,19,28,21,26,19,27,17,26,17,27,15,25,15,23,15,22,13,22,13,21,13,21,14,22,13,22,15,25,11,26,13,27,10,29,9,28,8,26,6,25,3,22]"
CSI_DATA,134595,d8:b1:90:d9:de:f0,-64,11,-99,-38,66,56,1991887657,100,0,114,0,"[8,-31,10,-33,13,-35,14,-35,15,-38,15,-35,15,-34,16,-32,14,-31,14,-29,13,-28,14,-28,13,-28,14,-27,13,-28,13,-28,10,-28,13,-30,10,-29,10,-30,9,-29,8,-30,7,-28,6,-29,8,-29,6,-28,6,-27,5,-26,0,0,3,-28,3,-30,2,-29,2,-31,2,-32,2,-33,1,-33,1,-33,1,-32,1,-32,1,-31,1,-31,0,-29,0,-28,0,-27,-1,-26,-1,-26,-2,-25,-2,-26,0,-27,-2,-27,-1,-28,-1,-30,-1,-29,2,-27,2,-26,3,-25,3,-21]"
CSI_DATA,134596,d8:b1:90:d9:de:f0,-64,11,-99,-38,66,56,1991897674,100,0,114,0,"[19,25,20,28,20,31,20,32,18,33,17,34,14,32,13,32,13,29,10,29,10,27,9,28,8,27,8,27,9,28,9,27,9,30,9,30,9,30,8,28,9,29,10,29,9,29,10,28,9,27,8,27,9,27,8,27,0,0,10,26,10,27,11,28,10,29,11,31,13,31,11,32,13,32,11,32,11,30,9,30,8,30,9,29,8,28,7,25,7,26,6,25,7,25,8,25,6,27,6,29,6,30,6,30,4,30,3,29,1,28,0,27,-1,21]"
CSI_DATA,134597,d8:b1:90:d9:de:f0,-64,11,-99,-42,67,56,1991917767,100,0,114,0,"[-26,17,-29,17,-31,16,-32,16,-34,16,-33,15,-33,13,-31,13,-28,13,-28,10,-26,10,-27,10,-27,10,-26,10,-25,10,-25,10,-26,11,-28,11,-27,13,-27,14,-26,13,-25,14,-25,14,-23,16,-25,15,-22,15,-21,14,-22,15,0,0,-20,17,-21,18,-21,19,-22,20,-23,20,-23,22,-23,22,-23,25,-23,23,-25,23,-22,23,-21,22,-20,22,-18,21,-19,20,-18,20,-17,20,-16,20,-17,21,-19,22,-19,22,-19,23,-20,25,-21,22,-22,21,-21,19,-20,18,-17,14]"
CSI_DATA,134598,d8:b1:90:d9:de:f0,-64,11,-99,-38,66,56,1991927776,100,0,114,0,"[-28,15,-32,15,-35,14,-37,13,-39,11,-37,9,-37,7,-34,6,-31,6,-30,5,-29,5,-28,4,-28,3,-29,3,-27,3,-28,1,-29,2,-31,3,-30,2,-31,4,-29,3,-30,4,-28,3,-28,3,-28,3,-26,2,-27,2,-25,4,0,0,-29,3,-28,4,-29,3,-31,3,-31,3,-31,4,-32,4,-34,3,-33,4,-34,3,-32,3,-31,2,-29,1,-28,3,-28,1,-28,2,-27,2,-28,0,-28,1,-29,2,-31,1,-30,1,-30,0,-32,-4,-31,-5,-29,-5,-27,-6,-23,-7]"
CSI_DATA,134599,d8:b1:90:d9:de:f0,-63,11,-99,-40,66,56,1991947715,100,0,114,0,"[32,15,33,16,35,19,35,20,35,21,34,21,32,23,31,21,28,19,27,20,27,18,25,18,27,17,26,17,27,17,26,16,27,16,30,17,30,16,30,15,27,13,30,13,28,11,28,11,28,10,27,9,27,8,27,6,0,0,31,5,30,5,31,4,33,4,33,4,33,5,35,3,35,4,36,2,35,2,33,1,33,2,30,1,30,1,30,1,28,0,28,0,27,-1,28,-1,28,0,32,-2,32,-1,32,1,32,1,32,1,30,2,27,3,23,3]"
CSI_DATA,134600,d8:b1:90:d9:de:f0,-64,11,-99,-38,66,56,1991967697,100,0,114,0,"[-27,-16,-29,-17,-30,-19,-30,-20,-32,-21,-30,-19,-29,-21,-28,-18,-28,-16,-27,-17,-26,-16,-26,-15,-26,-13,-26,-13,-26,-11,-27,-11,-27,-9,-30,-9,-29,-9,-30,-7,-28,-6,-29,-6,-28,-4,-27,-3,-29,-2,-28,0,-28,0,-27,1,0,0,-29,3,-28,4,-28,5,-31,7,-29,8,-31,8,-31,10,-32,9,-32,11,-31,14,-30,14,-28,14,-27,13,-25,15,-25,15,-23,15,-22,16,-21,17,-21,17,-22,18,-22,19,-23,20,-22,20,-23,21,-25,20,-22,19,-21,17,-18,14]"
CSI_DATA,134601,d8:b1:90:d9:de:f0,-63,11,-99,-40,66,56,1991978189,100,0,114,0,"[-23,-24,-25,-27,-24,-31,-24,-32,-23,-34,-21,-33,-20,-33,-19,-31,-17,-30,-17,-28,-17,-27,-13,-27,-13,-27,-13,-26,-15,-26,-13,-27,-16,-27,-16,-28,-17,-27,-17,-27,-18,-26,-17,-26,-17,-26,-18,-24,-18,-24,-17,-23,-17,-23,-19,-20,0,0,-19,-23,-20,-23,-21,-21,-24,-24,-24,-24,-25,-25,-25,-25,-25,-26,-26,-25,-24,-25,-24,-24,-23,-24,-23,-21,-20,-21,-21,-19,-21,-19,-20,-19,-20,-18,-21,-18,-23,-19,-25,-20,-25,-21,-24,-24,-23,-24,-21,-25,-20,-23,-16,-23,-12,-20]"
CSI_DATA,134602,d8:b1:90:d9:de:f0,-63,11,-99,-40,66,56,1991997964,100,0,114,0,"[32,-6,34,-6,38,-6,39,-6,39,-6,38,-5,36,-4,35,-3,33,-5,33,-4,31,-5,31,-5,31,-6,30,-6,28,-8,28,-8,27,-10,30,-9,30,-10,28,-11,30,-12,27,-15,26,-15,24,-16,26,-15,25,-16,23,-16,23,-18,0,0,23,-20,20,-20,21,-21,23,-25,21,-26,20,-27,20,-28,20,-30,19,-28,20,-31,18,-28,17,-28,15,-27,13,-28,13,-27,12,-26,11,-25,11,-26,10,-26,10,-28,11,-31,10,-31,9,-31,10,-31,11,-30,12,-28,10,-26,10,-23]"
CSI_DATA,134603,d8:b1:90:d9:de:f0,-63,11,-99,-40,66,56,1992017658,100,0,114,0,"[-33,-5,-36,-8,-36,-10,-38,-12,-39,-15,-36,-15,-35,-18,-32,-16,-31,-15,-30,-16,-27,-16,-27,-17,-26,-16,-27,-17,-25,-16,-26,-17,-26,-16,-27,-16,-27,-16,-28,-17,-28,-17,-27,-16,-27,-17,-26,-15,-27,-15,-25,-15,-25,-13,-25,-13,0,0,-26,-11,-27,-13,-26,-12,-30,-13,-31,-15,-31,-15,-31,-16,-32,-16,-32,-15,-32,-15,-31,-15,-28,-16,-27,-15,-26,-13,-27,-13,-25,-12,-26,-13,-25,-12,-26,-13,-27,-15,-28,-16,-28,-17,-28,-19,-27,-19,-27,-19,-24,-18,-21,-19,-17,-18]"
CSI_DATA,134604,d8:b1:90:d9:de:f0,-63,11,-99,-40,66,56,1992037784,100,0,114,0,"[-25,20,-30,20,-32,23,-33,21,-34,21,-34,20,-32,18,-31,17,-31,18,-30,16,-27,16,-27,16,-26,15,-26,13,-25,15,-25,15,-25,17,-26,17,-27,17,-26,18,-25,18,-25,19,-23,19,-23,20,-23,18,-21,18,-20,19,-20,19,0,0,-19,20,-20,23,-20,23,-20,25,-20,25,-20,26,-21,27,-20,28,-20,28,-20,28,-19,27,-18,27,-18,26,-16,26,-16,25,-16,25,-13,25,-16,25,-13,26,-17,27,-16,27,-16,28,-16,28,-18,28,-19,27,-18,26,-18,23,-16,19]"
CSI_DATA,134605,d8:b1:90:d9:de:f0,-63,11,-99,-40,66,56,1992049022,100,0,114,0,"[-3,33,-4,36,-6,39,-8,40,-6,40,-9,39,-8,36,-6,36,-8,34,-8,33,-5,32,-5,31,-4,30,-3,30,-3,31,-3,31,-1,32,-1,31,1,33,2,31,2,33,3,32,3,32,4,31,5,28,5,27,8,27,9,27,0,0,12,27,11,27,13,28,16,28,17,30,16,30,18,31,19,32,19,30,19,28,20,28,20,27,20,25,20,24,20,21,20,21,20,19,20,19,21,19,23,20,24,20,25,20,25,21,25,21,25,21,23,21,20,21,16,18]"
CSI_DATA,134606,d8:b1:90:d9:de:f0,-64,11,-99,-39,66,56,1992067638,100,0,114,0,"[-25,-22,-26,-24,-28,-26,-29,-28,-28,-28,-26,-29,-24,-28,-23,-26,-23,-24,-22,-24,-21,-23,-20,-24,-21,-21,-21,-21,-21,-21,-21,-22,-23,-20,-23,-21,-23,-20,-24,-20,-23,-19,-24,-19,-24,-16,-23,-16,-25,-16,-24,-14,-23,-14,-23,-12,0,0,-25,-12,-24,-12,-26,-12,-29,-12,-29,-11,-31,-11,-31,-11,-32,-11,-33,-10,-33,-10,-32,-10,-31,-10,-29,-8,-29,-6,-28,-6,-26,-6,-26,-5,-28,-3,-28,-4,-30,-4,-31,-4,-30,-5,-31,-5,-31,-6,-31,-6,-30,-7,-25,-6,-23,-8]"
CSI_DATA,134607,d8:b1:90:d9:de:f0,-64,11,-99,-37,66,56,1992077407,277,0,106,0,"[-122,15,19,1,-77,15,96,1,-50,15,104,1,-36,15,61,1,-23,15,9,1,4,0,-52,0,38,0,-110,0,81,0,132,0,109,0,111,0,115,0,92,0,83,0,48,0,44,0,-19,15,30,0,-93,15,0,0,0,0,75,0,19,15,132,0,-39,14,-98,0,-34,14,-91,0,-1,14,128,0,43,15,42,0,88,15,-38,15,92,15,-90,15,82,15,-102,15,55,15,-78,15,30,15,-22,15,44,15,38,0,113,15,75,0]"
CSI_DATA,134608,d8:b1:90:d9:de:f0,-64,11,-99,-39,66,56,1992087966,100,0,114,0,"[24,24,25,28,26,29,26,30,26,31,24,30,23,30,24,28,23,25,23,24,21,23,21,22,22,21,21,19,22,19,22,20,23,17,24,19,24,16,25,16,28,16,28,14,28,13,26,11,26,10,25,10,25,8,26,6,0,0,26,4,28,3,28,4,30,3,31,2,32,2,32,0,34,0,33,-1,33,-3,33,-3,30,-2,29,-3,26,-5,28,-5,26,-4,25,-6,25,-8,26,-8,28,-10,30,-10,29,-10,30,-8,31,-8,30,-10,28,-8,26,-6,23,-4]"
CSI_DATA,134609,d8:b1:90:d9:de:f0,-63,11,-99,-40,66,56,1992097994,100,0,114,0,"[33,-12,38,-12,40,-11,41,-10,42,-10,42,-9,41,-6,39,-6,36,-8,34,-6,33,-5,33,-5,32,-5,32,-5,31,-6,32,-6,31,-6,32,-6,31,-8,32,-9,30,-10,30,-10,27,-9,27,-10,28,-11,27,-11,26,-12,26,-11,0,0,25,-13,26,-15,25,-16,25,-16,25,-17,26,-17,26,-18,28,-19,28,-18,28,-19,26,-19,25,-18,24,-17,23,-17,21,-17,23,-17,21,-18,23,-17,23,-18,23,-18,24,-20,24,-19,24,-19,27,-18,27,-16,26,-15,25,-15,23,-11]"
CSI_DATA,134610,d8:b1:90:d9:de:f0,-64,11,-99,-39,66,56,1992117645,100,0,114,0,"[4,-33,6,-38,10,-41,12,-41,14,-39,15,-38,14,-37,17,-33,16,-33,16,-29,17,-28,16,-25,17,-25,19,-24,17,-24,19,-24,17,-25,21,-24,20,-25,19,-25,20,-24,19,-25,19,-23,19,-21,19,-20,19,-21,19,-20,19,-20,0,0,19,-20,20,-20,21,-22,21,-22,23,-22,23,-22,24,-23,24,-21,25,-21,25,-19,25,-19,25,-17,25,-16,22,-16,23,-14,23,-12,23,-14,24,-12,23,-12,26,-12,26,-12,30,-12,29,-11,31,-8,30,-6,29,-4,28,-3,24,-1]"
CSI_DATA,134611,d8:b1:90:d9:de:f0,-64,11,-99,-38,66,56,1992127702,100,0,114,0,"[33,-8,37,-8,40,-7,40,-6,40,-6,39,-5,37,-4,37,-4,34,-6,33,-4,31,-4,30,-3,30,-5,29,-5,28,-5,30,-5,29,-7,31,-7,30,-8,29,-9,27,-9,28,-10,26,-10,26,-10,25,-9,25,-11,22,-11,22,-11,0,0,22,-14,22,-15,22,-15,23,-16,23,-17,26,-19,22,-19,26,-18,25,-20,25,-20,23,-19,22,-19,21,-17,19,-18,19,-17,19,-17,18,-18,18,-18,19,-19,20,-20,20,-20,20,-21,20,-22,22,-21,25,-19,22,-19,20,-17,18,-14]"
CSI_DATA,134612,d8:b1:90:d9:de:f0,-64,11,-99,-41,67,56,1992147807,100,0,114,0,"[8,-30,9,-34,11,-36,12,-38,13,-39,13,-39,12,-37,12,-36,10,-32,9,-30,8,-29,6,-29,6,-28,6,-28,4,-29,4,-29,2,-30,2,-29,1,-31,-1,-28,-2,-29,-3,-29,-4,-27,-4,-27,-5,-25,-6,-26,-6,-24,-8,-24,0,0,-9,-24,-10,-23,-12,-24,-13,-25,-14,-26,-14,-26,-15,-26,-16,-27,-16,-25,-18,-24,-19,-22,-19,-22,-18,-21,-19,-20,-16,-16,-19,-18,-18,-16,-19,-16,-20,-15,-21,-16,-21,-18,-23,-19,-24,-19,-24,-18,-23,-18,-21,-18,-18,-18,-16,-15]"
CSI_DATA,134613,d8:b1:90:d9:de:f0,-64,11,-99,-38,66,56,1992167747,100,0,114,0,"[-16,29,-18,31,-20,33,-25,33,-26,33,-26,32,-27,29,-27,27,-23,25,-23,22,-22,22,-22,20,-21,21,-21,20,-21,20,-21,20,-21,20,-22,21,-22,20,-22,20,-22,21,-21,20,-20,19,-19,21,-19,19,-18,19,-16,17,-17,17,0,0,-17,20,-18,20,-18,20,-19,20,-20,21,-20,22,-21,22,-21,20,-21,21,-21,20,-21,21,-18,20,-18,20,-18,18,-18,17,-18,17,-18,17,-19,17,-19,17,-21,17,-22,16,-22,17,-22,17,-26,17,-25,15,-25,13,-25,11,-21,9]"
CSI_DATA,134614,d8:b1:90:d9:de:f0,-64,11,-99,-38,66,56,1992187737,100,0,114,0,"[29,18,29,20,31,23,32,25,33,26,31,26,29,26,28,25,28,22,27,23,25,21,23,21,23,19,25,19,23,19,22,19,25,16,26,18,26,17,26,16,26,17,26,14,25,14,26,13,25,11,25,11,23,10,23,9,0,0,25,6,25,8,27,7,28,7,28,8,29,6,29,6,30,7,29,5,29,6,28,5,28,6,26,5,25,4,26,2,25,3,25,3,25,2,25,1,26,2,28,2,27,3,28,5,29,5,28,6,27,6,25,7,21,6]"
CSI_DATA,134615,d8:b1:90:d9:de:f0,-64,11,-99,-35,65,56,1992207668,100,0,114,0,"[-14,30,-15,35,-16,37,-20,39,-19,37,-20,38,-17,33,-16,34,-16,32,-15,31,-14,29,-11,30,-10,30,-8,30,-7,31,-6,31,-7,33,-5,31,-5,33,-4,32,-2,32,-1,32,0,31,1,30,3,26,4,28,5,26,6,26,0,0,7,26,8,24,10,28,11,25,13,29,13,28,14,29,14,28,14,26,15,24,16,24,19,24,17,21,19,21,16,17,16,20,17,16,19,17,19,17,19,20,21,19,21,20,23,19,24,20,22,19,22,19,17,17,16,16]"
CSI_DATA,134616,d8:b1:90:d9:de:f0,-64,11,-99,-40,67,56,1992217833,100,0,114,0,"[29,12,32,14,33,16,33,17,36,18,32,19,31,20,30,18,28,16,26,17,26,15,25,16,25,14,25,14,24,14,25,14,26,13,28,13,28,14,26,12,26,11,26,10,25,11,25,8,25,9,24,8,24,8,24,7,0,0,23,5,25,4,25,4,28,5,27,4,28,4,29,4,29,4,29,4,28,3,27,3,27,4,26,3,25,2,24,1,23,0,24,1,23,0,24,1,25,1,27,1,27,2,28,2,27,3,29,3,27,4,24,5,21,5]"
CSI_DATA,134617,d8:b1:90:d9:de:f0,-64,11,-99,-39,66,56,1992237627,100,0,114,0,"[29,-19,32,-19,37,-17,38,-16,40,-14,39,-12,39,-10,37,-7,34,-7,34,-5,32,-4,32,-3,31,-3,31,-3,31,-2,32,-2,31,-1,32,0,32,0,31,-1,32,1,32,0,31,0,30,1,29,1,28,2,26,1,26,1,0,0,28,0,26,2,29,2,29,2,30,3,31,4,32,4,32,6,32,6,31,5,30,6,29,7,26,7,26,7,25,7,24,8,23,7,25,8,25,10,26,11,26,12,24,13,23,13,24,16,24,17,22,17,17,17,14,16]"
CSI_DATA,134618,d8:b1:90:d9:de:f0,-64,11,-99,-37,66,56,1992253480,100,0,114,0,"[-19,26,-22,28,-24,29,-25,29,-26,31,-25,29,-26,27,-25,26,-22,25,-22,24,-20,22,-21,23,-19,23,-19,23,-18,23,-16,23,-16,25,-16,26,-15,25,-14,26,-13,27,-13,28,-12,27,-10,26,-11,25,-10,25,-8,26,-7,25,0,0,-7,24,-5,26,-4,26,-5,28,-4,29,-3,30,-2,30,-3,30,-3,30,-3,30,-2,30,-2,29,0,28,1,25,0,25,1,25,2,25,1,24,2,25,2,25,2,27,3,28,2,28,2,28,0,26,0,25,0,25,-2,22]"
CSI_DATA,134619,d8:b1:90:d9:de:f0,-64,11,-99,-34,65,56,1992267628,100,0,114,0,"[-22,-23,-23,-27,-21,-30,-22,-32,-21,-33,-19,-37,-17,-35,-14,-34,-14,-32,-10,-31,-9,-29,-9,-29,-8,-30,-7,-30,-7,-30,-6,-30,-7,-30,-6,-31,-6,-31,-6,-30,-6,-31,-7,-31,-6,-29,-6,-28,-4,-28,-5,-28,-4,-26,-4,-27,0,0,-5,-27,-3,-27,-4,-29,-3,-30,-3,-31,-2,-32,-3,-31,-1,-33,-1,-31,0,-30,1,-31,0,-30,1,-28,1,-27,1,-25,2,-26,3,-25,3,-25,2,-25,5,-26,6,-26,6,-28,7,-28,10,-29,10,-27,11,-25,13,-22,11,-19]"
CSI_DATA,134620,d8:b1:90:d9:de:f0,-64,11,-99,-38,66,56,1992277715,100,0,114,0,"[3,33,2,38,1,39,1,40,1,41,0,40,-1,39,-1,37,0,34,-1,33,-1,31,-1,31,0,30,0,31,1,31,2,31,3,31,3,31,4,31,5,30,5,31,6,30,6,29,8,27,8,28,8,26,9,25,10,25,0,0,9,26,11,23,11,25,14,25,15,26,14,26,16,28,17,27,16,27,16,26,16,26,17,25,17,23,15,21,15,19,16,19,16,20,16,17,18,18,16,20,18,20,18,21,18,23,18,23,17,22,15,22,13,21,11,20]"
CSI_DATA,134621,d8:b1:90:d9:de:f0,-63,11,-99,-39,66,56,1992297661,100,0,114,0,"[11,-34,13,-35,16,-38,17,-37,21,-38,22,-34,23,-33,23,-31,22,-29,23,-25,22,-24,23,-24,23,-23,22,-23,23,-22,22,-21,23,-23,24,-22,25,-22,25,-22,24,-22,25,-22,22,-19,23,-21,24,-20,23,-19,23,-17,22,-16,0,0,20,-17,23,-17,22,-17,25,-17,25,-19,26,-19,28,-19,28,-19,28,-17,28,-16,28,-16,25,-15,25,-15,24,-12,24,-13,23,-12,23,-11,24,-10,25,-11,26,-8,28,-10,28,-10,29,-8,30,-5,30,-3,26,-2,25,-2,22,1]"
CSI_DATA,134622,d8:b1:90:d9:de:f0,-64,11,-99,-40,67,56,1992311753,100,0,114,0,"[31,1,33,4,36,6,34,6,39,8,37,9,36,9,32,10,31,8,29,9,27,9,27,10,27,10,26,10,25,10,26,10,27,10,29,11,28,9,29,9,27,9,28,9,26,9,26,8,26,7,24,7,24,6,24,7,0,0,25,5,26,5,25,5,28,6,28,5,29,6,30,6,29,7,29,6,29,6,28,6,25,7,25,6,23,5,24,5,24,5,23,5,23,4,24,6,25,5,26,7,25,7,26,9,26,10,26,10,24,9,21,11,18,10]"
CSI_DATA,134623,d8:b1:90:d9:de:f0,-64,11,-99,-38,66,56,1992327702,100,0,114,0,"[-32,3,-35,0,-39,-2,-39,-3,-40,-4,-39,-7,-37,-8,-35,-9,-33,-8,-31,-9,-29,-9,-27,-10,-28,-10,-27,-11,-26,-13,-27,-13,-28,-11,-29,-13,-28,-14,-29,-14,-28,-14,-28,-13,-28,-13,-26,-13,-27,-14,-26,-14,-25,-13,-23,-13,0,0,-25,-13,-23,-13,-23,-14,-26,-15,-26,-15,-27,-17,-27,-16,-26,-17,-26,-16,-26,-17,-23,-17,-23,-18,-21,-18,-21,-17,-20,-15,-20,-18,-19,-17,-20,-16,-20,-17,-19,-20,-20,-20,-18,-21,-18,-23,-17,-23,-16,-26,-14,-23,-10,-22,-8,-20]"
CSI_DATA,134624,d8:b1:90:d9:de:f0,-64,11,-99,-39,66,56,1992347783,100,0,114,0,"[-26,22,-30,24,-32,24,-33,22,-34,22,-33,20,-34,17,-33,16,-31,16,-29,14,-28,14,-28,14,-28,13,-28,13,-25,13,-26,13,-28,14,-30,14,-29,15,-30,14,-26,15,-28,15,-25,15,-24,15,-25,15,-24,14,-23,14,-23,15,0,0,-22,15,-22,15,-23,15,-24,17,-25,17,-26,19,-25,20,-25,20,-25,20,-25,20,-25,19,-23,17,-21,17,-20,16,-22,16,-21,14,-21,15,-22,16,-22,16,-23,16,-23,17,-24,17,-24,16,-26,15,-25,13,-25,11,-24,11,-22,7]"
CSI_DATA,134625,d8:b1:90:d9:de:f0,-63,11,-99,-39,66,56,1992367600,100,0,114,0,"[-33,-4,-38,-7,-39,-8,-42,-8,-40,-8,-40,-8,-38,-10,-38,-7,-34,-6,-34,-6,-33,-6,-32,-6,-30,-5,-31,-5,-30,-4,-31,-4,-31,-3,-31,-2,-33,-1,-32,1,-31,1,-31,3,-30,3,-31,4,-30,4,-28,4,-29,5,-28,7,0,0,-25,7,-28,10,-28,10,-28,12,-29,11,-29,14,-28,15,-28,16,-28,16,-29,16,-26,16,-25,16,-25,15,-23,16,-22,17,-22,16,-20,16,-21,17,-20,19,-21,20,-23,21,-22,20,-22,20,-23,20,-24,20,-23,19,-21,15,-20,13]"
CSI_DATA,134626,d8:b1:90:d9:de:f0,-64,11,-99,-39,66,56,1992377770,100,0,114,0,"[-25,-22,-25,-28,-25,-30,-25,-30,-26,-33,-24,-32,-23,-32,-20,-30,-20,-29,-17,-28,-16,-26,-15,-29,-15,-25,-15,-26,-14,-26,-15,-25,-16,-25,-16,-26,-16,-26,-16,-25,-16,-26,-19,-26,-16,-23,-17,-23,-17,-23,-16,-22,-17,-21,-17,-21,0,0,-17,-20,-19,-22,-19,-22,-21,-22,-20,-23,-20,-24,-21,-23,-21,-24,-22,-23,-21,-23,-20,-22,-21,-23,-20,-22,-17,-21,-20,-20,-19,-19,-17,-19,-17,-17,-19,-19,-19,-20,-20,-21,-19,-22,-21,-25,-20,-25,-19,-24,-16,-23,-13,-24,-11,-21]"
CSI_DATA,134627,d8:b1:90:d9:de:f0,-64,11,-99,-39,66,56,1992398080,100,0,114,0,"[-15,31,-19,34,-22,34,-23,34,-22,33,-23,33,-22,31,-21,29,-20,28,-20,28,-19,25,-19,25,-17,24,-16,24,-15,24,-15,26,-15,28,-17,28,-15,29,-15,28,-14,28,-13,28,-13,28,-12,28,-12,28,-10,26,-10,26,-8,26,0,0,-7,26,-6,28,-5,29,-5,30,-5,31,-5,33,-4,33,-4,33,-4,33,-3,32,-1,32,-2,32,-1,30,0,29,0,28,0,26,1,26,0,25,1,25,0,29,0,30,0,31,2,32,1,32,-1,31,-1,30,-2,28,-3,25]"
CSI_DATA,134628,d8:b1:90:d9:de:f0,-63,11,-99,-40,66,56,1992417961,100,0,114,0,"[-6,35,-9,38,-11,40,-15,39,-17,41,-18,38,-20,35,-20,32,-19,31,-20,28,-18,25,-19,25,-19,25,-19,24,-19,24,-19,23,-20,23,-21,25,-21,24,-23,24,-23,23,-23,23,-23,21,-21,20,-21,20,-21,19,-20,18,-21,19,0,0,-21,19,-21,20,-21,19,-24,21,-25,20,-27,20,-27,20,-26,19,-27,19,-28,19,-27,19,-25,17,-24,16,-23,15,-24,15,-24,12,-24,13,-25,12,-26,12,-28,12,-30,11,-28,11,-30,10,-32,9,-32,8,-30,4,-30,4,-25,2]"
CSI_DATA,134629,d8:b1:90:d9:de:f0,-63,11,-99,-40,66,56,1992437968,100,0,114,0,"[34,-9,36,-9,40,-9,41,-6,41,-4,43,-3,39,0,39,-1,35,-1,34,0,33,1,32,0,33,0,31,0,32,0,31,0,32,0,32,0,33,0,32,1,32,0,32,0,32,0,30,-1,31,-2,30,-2,30,-2,28,-3,0,0,30,-2,28,-3,30,-3,30,-3,32,-4,32,-3,34,-4,33,-3,34,-4,34,-4,32,-4,32,-4,31,-4,28,-4,27,-3,28,-3,26,-3,28,-4,28,-3,31,-3,31,-3,32,-3,32,-3,32,-1,34,-1,32,1,28,2,24,3]"
CSI_DATA,134630,d8:b1:90:d9:de:f0,-63,11,-99,-40,66,56,1992467182,100,0,114,0,"[-25,27,-27,30,-28,31,-32,27,-31,31,-31,28,-31,26,-28,25,-28,24,-28,21,-26,21,-25,21,-24,21,-23,20,-21,21,-23,20,-21,23,-21,24,-21,25,-21,24,-20,25,-20,25,-19,23,-17,25,-17,24,-16,23,-15,24,-13,23,0,0,-12,24,-12,24,-12,26,-12,28,-11,30,-12,30,-12,31,-12,31,-11,31,-11,32,-10,31,-8,31,-8,28,-8,27,-6,27,-6,27,-6,27,-5,28,-5,27,-8,28,-8,30,-6,31,-6,34,-8,33,-9,32,-10,28,-9,30,-9,26]"
CSI_DATA,134631,d8:b1:90:d9:de:f0,-64,11,-99,-41,67,56,1992478875,100,0,114,0,"[10,32,10,36,9,37,9,37,9,40,9,39,7,38,6,37,9,31,6,30,7,28,6,28,7,27,7,27,7,27,8,26,9,25,9,26,11,26,11,26,10,26,13,25,12,24,13,22,13,23,13,24,12,22,14,20,0,0,16,20,16,20,18,21,20,20,21,21,21,21,23,20,23,22,23,20,24,20,23,20,23,19,22,16,22,16,22,14,22,13,22,13,22,12,24,13,25,12,26,13,27,13,29,15,28,16,27,14,26,13,23,15,21,14]"
CSI_DATA,134632,d8:b1:90:d9:de:f0,-63,11,-99,-41,66,56,1992497799,100,0,114,0,"[28,27,28,30,29,34,28,34,27,38,24,36,24,36,21,33,21,32,20,30,19,28,17,29,16,26,16,26,16,27,16,27,19,26,17,27,17,27,17,26,17,26,19,24,19,24,19,22,19,23,17,22,19,21,17,20,0,0,20,20,20,20,21,20,22,21,22,22,23,22,24,22,24,23,24,22,26,22,24,21,24,22,23,21,22,19,22,17,22,19,22,19,22,17,23,19,24,17,26,19,26,20,27,22,26,24,24,23,22,23,19,24,15,22]"
CSI_DATA,134633,d8:b1:90:d9:de:f0,-63,11,-99,-40,66,56,1992508036,100,0,114,0,"[38,1,42,4,43,8,42,9,45,10,40,11,41,15,35,15,35,12,33,15,31,13,31,17,27,16,26,16,26,17,26,17,25,16,27,17,27,17,26,17,26,18,27,16,24,18,24,16,24,18,21,18,21,18,21,15,0,0,21,15,21,17,23,16,24,19,24,20,26,19,26,20,25,23,25,21,25,23,23,23,20,24,20,23,19,20,21,20,19,20,19,23,19,19,21,23,21,23,20,25,20,25,18,30,16,32,16,30,12,30,10,30,6,27]"
CSI_DATA,134634,d8:b1:90:d9:de:f0,-63,11,-99,-40,66,56,1992527737,100,0,114,0,"[18,33,19,38,18,41,18,41,17,43,16,43,15,41,12,39,11,36,10,34,10,33,9,32,8,31,8,30,9,31,9,31,10,31,10,30,10,30,11,28,10,28,11,28,11,27,12,26,11,25,11,25,12,24,12,24,0,0,15,24,12,23,13,25,16,25,17,26,17,27,17,26,17,27,18,26,17,26,18,26,18,26,18,24,17,24,17,21,17,23,17,23,18,21,17,23,18,25,19,26,20,27,21,31,19,31,18,30,16,30,15,28,11,25]"
CSI_DATA,134635,d8:b1:90:d9:de:f0,-63,11,-99,-39,66,56,1992537755,100,0,114,0,"[-34,-16,-37,-20,-38,-23,-37,-26,-35,-29,-33,-29,-30,-29,-28,-29,-24,-26,-22,-26,-21,-25,-21,-25,-20,-23,-20,-24,-19,-24,-17,-23,-17,-24,-16,-24,-17,-24,-16,-23,-16,-23,-15,-23,-14,-23,-14,-23,-15,-21,-14,-21,-15,-21,-14,-20,0,0,-14,-21,-13,-21,-14,-22,-14,-23,-16,-23,-15,-25,-15,-25,-14,-26,-15,-26,-15,-26,-14,-24,-14,-25,-13,-25,-13,-24,-13,-23,-13,-23,-11,-23,-13,-24,-13,-23,-13,-28,-12,-28,-11,-31,-11,-33,-10,-33,-8,-32,-6,-32,-3,-31,-2,-26]"
CSI_DATA,134636,d8:b1:90:d9:de:f0,-64,11,-99,-34,65,56,1992559647,100,0,114,0,"[37,2,40,3,42,4,42,5,46,5,43,5,42,6,39,6,37,4,34,5,31,3,33,3,31,1,30,1,29,1,29,-1,29,-1,31,-2,30,-3,30,-3,27,-3,28,-5,27,-5,26,-6,26,-6,22,-7,22,-8,21,-8,0,0,22,-9,21,-13,20,-11,23,-14,22,-15,23,-15,22,-17,25,-17,23,-18,25,-19,23,-20,20,-19,19,-19,17,-19,18,-20,16,-19,17,-20,16,-20,17,-20,17,-22,18,-22,18,-25,18,-27,20,-27,20,-26,19,-25,19,-25,16,-20]"
CSI_DATA,134637,d8:b1:90:d9:de:f0,-63,11,-99,-36,65,56,1992577647,100,0,114,0,"[-36,-15,-40,-16,-41,-17,-41,-18,-41,-21,-40,-19,-38,-20,-35,-18,-35,-16,-33,-15,-32,-12,-32,-11,-30,-11,-30,-10,-30,-9,-30,-10,-30,-8,-32,-9,-31,-8,-31,-4,-30,-5,-30,-3,-27,-2,-27,-1,-26,-1,-25,-1,-26,0,-25,2,0,0,-24,4,-25,4,-26,5,-27,6,-30,8,-28,9,-28,11,-27,10,-28,12,-28,12,-27,13,-26,12,-25,13,-24,12,-23,12,-23,13,-21,15,-21,16,-23,17,-23,19,-23,19,-24,19,-25,20,-28,20,-28,20,-27,19,-25,17,-23,13]"
CSI_DATA,134638,d8:b1:90:d9:de:f0,-64,11,-99,-38,66,56,1992587671,100,0,114,0,"[29,26,29,29,29,32,30,33,29,32,27,32,25,31,22,30,22,28,20,29,19,26,18,27,18,23,17,25,18,22,18,23,18,23,19,23,20,22,19,22,18,21,20,20,19,19,19,19,18,18,17,17,18,17,18,15,0,0,19,16,18,15,19,15,22,16,23,17,25,17,25,17,25,18,25,16,26,15,25,16,23,16,22,14,22,14,22,11,22,14,22,13,23,13,25,13,25,14,26,14,27,15,27,16,28,18,29,18,28,19,22,19,20,18]"
CSI_DATA,134639,d8:b1:90:d9:de:f0,-63,11,-99,-36,65,56,1992598603,100,0,114,0,"[-20,-33,-20,-36,-20,-40,-21,-41,-21,-43,-20,-42,-19,-41,-18,-38,-18,-33,-18,-32,-17,-30,-17,-30,-17,-27,-17,-26,-17,-25,-17,-25,-19,-25,-20,-26,-21,-24,-20,-23,-20,-21,-20,-19,-20,-19,-20,-17,-21,-16,-19,-16,-21,-16,-21,-13,0,0,-21,-11,-23,-10,-24,-10,-27,-10,-26,-11,-27,-9,-28,-9,-31,-9,-30,-6,-31,-5,-30,-6,-27,-6,-27,-4,-26,-3,-26,-2,-26,-2,-26,-1,-27,0,-28,0,-30,1,-31,2,-33,1,-34,1,-35,0,-34,0,-33,1,-31,-1,-27,-2]"
CSI_DATA,134640,d8:b1:90:d9:de:f0,-63,11,-99,-40,66,56,1992617782,100,0,114,0,"[4,-40,8,-43,9,-46,11,-47,12,-45,12,-43,12,-42,15,-39,13,-36,12,-35,12,-32,12,-32,10,-32,11,-31,9,-32,10,-30,9,-31,10,-31,9,-31,8,-30,8,-28,6,-28,6,-26,6,-26,5,-26,3,-26,4,-26,2,-23,0,0,3,-25,2,-24,2,-26,1,-27,1,-28,2,-28,1,-31,2,-30,2,-30,2,-31,1,-30,1,-30,0,-27,1,-28,1,-25,0,-26,0,-26,1,-26,0,-27,0,-28,0,-30,1,-33,0,-34,1,-34,4,-33,4,-32,5,-31,5,-26]"
CSI_DATA,134641,d8:b1:90:d9:de:f0,-63,11,-99,-39,66,56,1992627802,100,0,114,0,"[19,34,17,40,15,43,13,46,12,43,10,43,7,41,5,40,5,38,3,35,3,34,1,33,1,33,0,32,2,33,0,32,1,31,0,31,0,31,1,29,1,31,1,29,0,28,1,28,0,25,-1,25,0,25,-1,24,0,0,0,23,0,24,1,25,0,25,-1,28,-1,30,0,30,-1,29,-2,29,-2,29,-2,30,-3,28,-2,26,-3,26,-2,25,-3,26,-3,25,-4,26,-4,26,-5,28,-5,29,-6,31,-7,31,-10,32,-11,30,-13,28,-14,26,-13,23]"
CSI_DATA,134642,d8:b1:90:d9:de:f0,-64,11,-99,-39,66,56,1992647917,100,0,114,0,"[-35,11,-40,11,-43,10,-46,10,-47,8,-47,6,-43,4,-42,4,-38,4,-37,3,-34,3,-33,2,-33,3,-31,3,-31,3,-30,3,-31,3,-32,3,-32,3,-31,4,-29,4,-29,5,-28,5,-25,6,-25,6,-24,4,-23,5,-24,5,0,0,-23,5,-22,6,-23,6,-24,7,-25,8,-26,8,-26,10,-25,8,-26,10,-26,8,-26,8,-24,7,-24,7,-23,8,-24,8,-24,8,-23,7,-25,8,-25,8,-26,10,-28,10,-28,10,-28,8,-31,8,-32,7,-31,5,-28,4,-25,3]"
CSI_DATA,134643,d8:b1:90:d9:de:f0,-65,11,-99,-34,66,56,1992662388,100,0,114,0,"[20,27,20,32,21,34,20,34,20,36,18,35,18,34,17,31,16,30,15,29,13,26,14,27,13,26,14,24,13,25,14,24,15,22,16,24,16,23,16,22,15,20,16,19,16,18,16,17,14,16,14,16,13,14,14,13,0,0,16,13,16,14,17,14,18,15,19,13,19,14,21,14,20,14,21,14,21,14,20,12,20,13,19,13,18,11,20,10,18,10,19,11,20,9,21,10,21,11,24,11,24,13,26,15,26,16,26,16,23,16,21,17,19,16]"
CSI_DATA,134644,d8:b1:90:d9:de:f0,-64,11,-99,-34,65,56,1992677644,100,0,114,0,"[3,38,1,42,0,45,-2,46,-1,46,-2,44,-3,42,-4,40,-3,38,-3,37,-2,34,-4,35,-3,33,-2,33,-3,32,-1,31,-1,31,0,32,0,32,1,30,1,30,2,30,1,29,4,28,2,27,2,26,3,25,3,22,0,0,5,20,5,23,6,23,6,26,6,26,6,28,8,28,7,27,7,27,8,27,8,27,7,25,8,23,8,23,7,21,7,22,7,22,7,21,8,23,8,26,9,27,10,28,9,30,8,31,6,31,6,29,5,30,2,26]"
CSI_DATA,134645,d8:b1:90:d9:de:f0,-64,11,-99,-38,66,56,1992687660,100,0,114,0,"[-38,3,-41,0,-43,-1,-45,-2,-43,-5,-43,-6,-40,-8,-39,-7,-37,-6,-35,-7,-33,-8,-32,-8,-30,-9,-30,-8,-29,-8,-29,-8,-29,-7,-29,-9,-29,-9,-29,-8,-28,-7,-27,-7,-26,-6,-25,-5,-25,-6,-23,-6,-22,-6,-21,-5,0,0,-22,-5,-22,-5,-22,-6,-23,-6,-25,-6,-26,-7,-26,-6,-26,-7,-27,-8,-26,-8,-25,-8,-23,-8,-22,-8,-21,-7,-21,-8,-20,-9,-20,-9,-22,-8,-22,-9,-25,-10,-26,-11,-25,-13,-25,-14,-26,-17,-27,-18,-23,-19,-19,-19,-17,-18]"
CSI_DATA,134646,d8:b1:90:d9:de:f0,-64,11,-99,-35,65,56,1992707712,100,0,114,0,"[24,-30,29,-32,32,-33,34,-33,35,-33,35,-32,33,-29,33,-29,30,-25,29,-24,28,-22,25,-21,25,-22,26,-21,25,-21,25,-22,24,-23,24,-22,23,-24,22,-22,20,-23,17,-23,17,-21,15,-22,16,-21,15,-21,15,-20,14,-20,0,0,12,-19,12,-20,13,-22,12,-21,13,-22,11,-24,12,-24,12,-25,13,-25,14,-25,13,-23,12,-24,11,-22,12,-22,11,-21,11,-21,10,-21,11,-22,10,-22,12,-23,13,-24,13,-25,12,-25,15,-28,19,-25,19,-24,17,-22,16,-19]"
CSI_DATA,134647,d8:b1:90:d9:de:f0,-64,11,-99,-38,66,56,1992717738,100,0,114,0,"[-30,-23,-31,-27,-31,-30,-31,-32,-32,-34,-29,-33,-27,-34,-23,-32,-22,-31,-20,-31,-20,-28,-18,-30,-16,-28,-16,-27,-17,-28,-15,-27,-16,-28,-17,-28,-16,-27,-15,-27,-14,-26,-16,-25,-14,-23,-15,-22,-14,-23,-11,-21,-13,-20,-11,-19,0,0,-13,-19,-13,-20,-13,-19,-13,-21,-14,-22,-13,-23,-14,-23,-11,-25,-14,-22,-13,-23,-10,-23,-9,-23,-9,-21,-8,-22,-10,-21,-8,-21,-7,-21,-7,-20,-8,-22,-8,-23,-8,-26,-7,-27,-5,-29,-5,-30,-4,-29,-2,-29,0,-28,2,-25]"
CSI_DATA,134648,d8:b1:90:d9:de:f0,-64,9,-99,-36,66,56,1992735790,108,0,106,0,"[71,1,-92,15,115,1,95,15,120,1,82,15,91,1,107,15,27,1,-113,15,-39,0,-73,15,-102,0,-49,15,82,0,-39,15,20,0,-38,15,-20,15,-33,15,-49,15,-3,15,-68,15,41,0,-96,15,76,0,0,0,0,0,68,15,-127,0,8,15,-115,0,-16,14,125,0,6,15,85,0,85,15,65,0,-75,15,74,0,5,0,101,0,52,0,-117,0,69,0,-76,0,49,0,-49,0,20,0,-58,0,-11,15,-127,0,-33,15]"
CSI_DATA,134649,d8:b1:90:d9:de:f0,-64,11,-99,-37,66,56,1992747645,100,0,114,0,"[0,38,-4,43,-5,46,-7,45,-6,44,-9,43,-11,41,-12,40,-10,37,-11,36,-10,32,-11,32,-11,31,-11,30,-11,29,-11,30,-10,31,-11,29,-10,30,-11,29,-10,29,-10,29,-9,27,-8,26,-7,23,-7,23,-7,22,-8,21,0,0,-5,21,-6,23,-7,23,-7,22,-6,23,-8,25,-7,25,-8,24,-9,23,-8,24,-8,23,-9,23,-9,22,-9,21,-8,19,-9,20,-9,20,-9,19,-10,20,-13,21,-13,23,-14,23,-15,24,-19,24,-20,20,-20,19,-20,19,-19,14]"
CSI_DATA,134650,d8:b1:90:d9:de:f0,-64,11,-99,-38,66,56,1992757692,100,0,114,0,"[31,-20,34,-21,38,-22,39,-21,40,-23,39,-21,38,-21,35,-20,34,-20,33,-19,29,-19,29,-20,28,-19,27,-19,25,-21,23,-21,22,-22,25,-25,22,-23,21,-23,19,-22,17,-25,16,-22,13,-23,15,-22,11,-22,11,-21,10,-20,0,0,7,-21,7,-23,6,-22,7,-25,5,-23,6,-27,4,-27,5,-26,4,-25,5,-26,3,-26,3,-25,2,-23,2,-22,2,-23,1,-23,1,-22,1,-21,0,-23,0,-26,1,-27,-1,-28,-1,-30,0,-29,3,-29,2,-27,1,-28,2,-23]"
CSI_DATA,134651,d8:b1:90:d9:de:f0,-65,11,-99,-37,67,56,1992777584,100,0,114,0,"[-19,26,-23,27,-25,28,-28,28,-29,27,-28,24,-30,22,-28,22,-27,21,-26,19,-25,18,-25,17,-24,16,-23,16,-23,16,-23,15,-23,16,-24,16,-23,16,-22,16,-21,16,-21,16,-19,15,-19,16,-18,14,-17,13,-16,13,-17,13,0,0,-16,14,-16,14,-16,13,-16,14,-16,14,-17,15,-18,15,-17,14,-18,12,-18,13,-18,11,-17,11,-17,10,-16,10,-17,9,-16,9,-16,9,-17,9,-17,10,-20,9,-22,10,-21,9,-23,9,-24,6,-25,4,-24,3,-22,2,-20,0]"
CSI_DATA,134652,d8:b1:90:d9:de:f0,-64,11,-99,-41,67,56,1992790061,100,0,114,0,"[-37,-4,-40,-7,-41,-9,-42,-12,-43,-13,-41,-15,-39,-16,-36,-15,-33,-15,-32,-16,-30,-15,-28,-15,-28,-16,-27,-16,-27,-16,-27,-16,-27,-16,-27,-18,-27,-16,-26,-16,-25,-16,-26,-16,-24,-15,-23,-14,-22,-14,-20,-14,-20,-13,-21,-11,0,0,-20,-13,-20,-13,-20,-13,-22,-14,-21,-14,-21,-15,-22,-16,-20,-18,-20,-16,-19,-18,-18,-18,-15,-18,-15,-18,-15,-16,-13,-18,-13,-16,-12,-18,-13,-18,-13,-19,-13,-19,-13,-23,-12,-24,-10,-25,-10,-27,-9,-26,-7,-25,-3,-25,-1,-22]"
CSI_DATA,134653,d8:b1:90:d9:de:f0,-65,11,-99,-39,67,56,1992800219,100,0,114,0,"[23,26,24,30,25,31,24,31,28,34,25,33,24,33,22,30,23,28,22,28,20,25,21,26,20,25,20,24,20,23,20,22,21,22,23,22,23,20,23,19,23,19,23,17,23,17,22,14,23,15,21,13,21,13,21,11,0,0,21,10,21,8,22,8,23,9,24,9,24,8,25,9,24,9,24,7,25,7,24,7,22,10,20,7,20,7,21,6,20,5,20,6,20,4,22,4,22,5,25,6,25,6,26,9,26,10,25,9,24,9,23,11,19,11]"
CSI_DATA,134654,d8:b1:90:d9:de:f0,-65,11,-99,-39,67,56,1992810277,100,0,114,0,"[23,25,23,30,23,33,22,35,24,36,21,34,20,34,18,32,17,31,15,30,14,28,14,28,14,28,14,27,13,27,13,27,15,26,15,27,16,27,16,25,15,25,16,24,15,22,15,22,13,22,13,21,13,20,12,20,0,0,14,16,14,19,14,18,15,20,15,21,15,19,15,21,15,21,14,21,14,20,13,20,12,21,12,20,12,18,12,19,11,19,11,19,11,18,12,19,11,20,11,21,10,23,10,25,8,27,7,25,6,25,4,25,1,23]"
CSI_DATA,134655,d8:b1:90:d9:de:f0,-64,11,-99,-34,65,56,1992827690,100,0,114,0,"[38,3,39,4,43,5,45,6,45,7,43,7,41,9,40,8,37,7,35,7,34,6,34,7,33,6,33,5,32,5,32,5,33,5,34,4,33,2,32,3,31,3,31,0,29,0,29,-2,27,-2,26,-2,26,-2,25,-4,0,0,27,-6,23,-4,23,-5,27,-6,26,-6,26,-5,26,-5,26,-6,26,-6,26,-6,26,-6,23,-4,23,-6,22,-5,22,-5,21,-5,21,-5,22,-5,22,-6,23,-5,25,-5,26,-4,27,-3,28,-2,29,-2,28,-1,26,1,22,3]"
CSI_DATA,134656,d8:b1:90:d9:de:f0,-64,11,-99,-39,67,56,1992837667,100,0,114,0,"[-34,4,-38,3,-40,2,-41,1,-43,-1,-40,-2,-39,-4,-36,-5,-35,-4,-33,-4,-33,-4,-31,-6,-31,-5,-30,-6,-30,-6,-31,-6,-30,-5,-31,-5,-31,-5,-30,-4,-30,-4,-30,-4,-28,-4,-27,-3,-26,-3,-25,-4,-24,-3,-24,-3,0,0,-23,-2,-23,-2,-24,-2,-25,-3,-24,-4,-25,-4,-26,-4,-25,-4,-25,-4,-25,-4,-24,-6,-22,-7,-20,-6,-22,-6,-21,-6,-21,-7,-20,-7,-20,-7,-22,-7,-21,-9,-23,-10,-22,-11,-21,-13,-22,-15,-22,-16,-21,-17,-18,-17,-14,-16]"
CSI_DATA,134657,d8:b1:90:d9:de:f0,-64,11,-99,-41,67,56,1992848101,100,0,114,0,"[-8,34,-9,38,-11,40,-12,41,-11,42,-11,40,-12,38,-11,37,-8,33,-9,34,-8,32,-8,33,-8,31,-5,32,-6,31,-5,30,-4,32,-3,33,-1,33,-2,31,0,31,2,30,2,30,5,28,3,28,3,26,6,26,5,23,0,0,5,23,7,24,8,23,8,25,10,24,9,24,12,25,10,26,11,24,11,23,10,23,10,22,9,21,9,21,10,18,10,19,9,19,10,18,10,19,10,20,11,21,11,23,12,24,11,23,10,24,8,23,7,23,5,21]"
CSI_DATA,134658,d8:b1:90:d9:de:f0,-64,11,-99,-37,66,56,1992867639,100,0,114,0,"[31,-14,36,-14,38,-13,40,-12,42,-12,43,-10,41,-8,40,-8,37,-7,36,-6,33,-5,33,-4,34,-5,32,-5,33,-4,32,-4,32,-5,32,-5,33,-7,32,-7,32,-6,31,-6,30,-5,28,-6,28,-6,26,-6,26,-6,25,-7,0,0,24,-6,24,-5,25,-7,26,-8,26,-6,27,-6,26,-7,27,-5,27,-5,27,-5,26,-5,25,-3,23,-4,22,-4,23,-3,22,-1,22,-1,23,-2,24,-1,25,0,25,1,25,1,26,3,27,5,27,7,26,8,22,8,20,9]"
CSI_DATA,134659,d8:b1:90:d9:de:f0,-64,11,-99,-40,67,56,1992877627,100,0,114,0,"[22,23,25,26,26,27,26,29,29,31,27,30,26,29,26,28,26,24,25,24,23,23,24,23,25,20,26,18,25,19,26,18,27,16,29,17,29,15,29,14,28,12,29,11,28,11,26,8,27,8,25,6,25,4,24,3,0,0,25,2,24,0,25,0,26,-2,25,-2,26,-2,25,-3,25,-2,24,-3,25,-4,24,-4,23,-4,21,-5,21,-5,21,-5,20,-4,21,-6,20,-7,21,-7,22,-6,23,-7,23,-7,25,-6,25,-6,25,-6,24,-5,22,-3,19,-2]"
CSI_DATA,134660,d8:b1:90:d9:de:f0,-64,11,-99,-40,67,56,1992887943,100,0,114,0,"[-23,21,-27,23,-30,24,-32,24,-33,23,-33,23,-33,21,-31,20,-29,20,-29,19,-27,17,-27,17,-26,17,-26,17,-25,17,-25,19,-26,19,-27,19,-27,20,-25,20,-23,20,-23,21,-21,19,-21,20,-20,19,-18,18,-18,19,-17,19,0,0,-17,19,-15,20,-16,21,-16,20,-16,22,-16,21,-16,21,-15,21,-15,20,-16,19,-14,19,-15,18,-14,17,-14,17,-13,16,-14,16,-13,16,-13,15,-14,16,-15,15,-16,16,-17,17,-16,18,-18,16,-19,14,-20,13,-19,12,-17,10]"
CSI_DATA,134661,d8:b1:90:d9:de:f0,-64,11,-99,-40,67,56,1992898175,100,0,114,0,"[32,9,33,12,36,14,37,15,37,18,37,19,33,20,31,20,30,18,27,21,27,20,25,20,26,19,25,20,24,21,24,21,25,20,25,21,26,20,25,20,25,21,25,21,22,19,22,19,21,17,21,17,19,16,18,16,0,0,19,15,18,17,17,16,20,16,20,18,20,19,19,18,18,19,18,21,17,19,16,19,14,19,13,19,12,18,12,17,12,17,11,18,11,18,11,18,9,20,9,21,9,23,7,25,6,25,5,24,3,24,1,23,-1,20]"
CSI_DATA,134662,d8:b1:90:d9:de:f0,-65,11,-99,-40,67,56,1992917683,100,0,114,0,"[-15,-28,-15,-33,-16,-36,-15,-38,-14,-38,-14,-39,-11,-36,-12,-34,-10,-32,-10,-32,-10,-30,-10,-28,-12,-28,-13,-28,-13,-28,-14,-29,-13,-30,-14,-29,-14,-30,-15,-27,-16,-28,-16,-26,-15,-26,-16,-24,-15,-21,-16,-20,-16,-20,-17,-20,0,0,-17,-17,-16,-18,-19,-18,-19,-17,-20,-17,-19,-19,-20,-19,-20,-20,-19,-17,-18,-16,-19,-15,-18,-15,-17,-14,-16,-15,-16,-13,-15,-13,-15,-13,-16,-13,-15,-14,-15,-15,-16,-15,-16,-17,-16,-17,-17,-18,-16,-17,-15,-19,-11,-18,-10,-17]"
CSI_DATA,134663,d8:b1:90:d9:de:f0,-64,11,-99,-40,67,56,1992937653,100,0,114,0,"[-28,-15,-32,-18,-33,-20,-33,-20,-37,-20,-36,-19,-33,-19,-34,-18,-30,-16,-30,-16,-29,-13,-29,-13,-30,-12,-31,-11,-31,-9,-30,-8,-31,-7,-32,-7,-32,-4,-33,-5,-32,-2,-31,0,-29,-1,-28,3,-29,2,-27,3,-26,6,-26,6,0,0,-24,7,-24,9,-23,9,-25,11,-23,12,-23,11,-25,12,-25,13,-24,13,-23,14,-21,15,-18,12,-18,14,-18,12,-16,13,-17,13,-15,13,-15,14,-16,14,-18,16,-19,16,-18,16,-19,16,-19,15,-20,15,-19,14,-18,12,-16,11]"
CSI_DATA,134664,d8:b1:90:d9:de:f0,-64,11,-99,-41,67,56,1992947835,100,0,114,0,"[32,8,36,11,38,12,38,14,39,14,38,14,37,14,34,14,33,13,32,12,30,12,29,12,31,12,31,12,30,11,32,11,33,10,33,10,33,9,33,7,32,7,31,6,30,4,30,4,29,4,28,3,28,3,28,1,0,0,28,0,26,0,26,-1,27,-1,28,-1,28,-2,28,-2,28,-2,29,-1,28,-3,26,-3,24,-1,22,-1,22,-3,21,-1,22,-1,20,-1,22,-2,22,-2,24,-2,25,-2,25,0,24,0,25,2,25,2,24,4,20,4,18,5]"
CSI_DATA,134665,d8:b1:90:d9:de:f0,-64,11,-99,-40,67,56,1992967982,100,0,114,0,"[-8,-31,-6,-33,-6,-37,-8,-38,-8,-41,-8,-39,-7,-37,-7,-36,-9,-34,-7,-34,-9,-31,-8,-32,-9,-30,-10,-29,-10,-29,-10,-29,-13,-30,-14,-30,-16,-30,-17,-27,-17,-29,-19,-26,-19,-25,-18,-24,-20,-22,-19,-21,-19,-18,-19,-16,0,0,-23,-15,-21,-16,-22,-14,-24,-14,-24,-15,-25,-14,-24,-12,-25,-12,-24,-11,-24,-11,-24,-10,-23,-11,-21,-9,-20,-8,-21,-7,-20,-7,-19,-7,-19,-6,-20,-5,-19,-5,-21,-6,-22,-8,-23,-8,-23,-9,-21,-7,-21,-8,-20,-9,-17,-9]"
CSI_DATA,134666,d8:b1:90:d9:de:f0,-64,11,-99,-38,66,56,1992987633,100,0,114,0,"[-30,-16,-31,-18,-32,-21,-32,-21,-34,-25,-31,-25,-30,-26,-27,-25,-28,-23,-27,-22,-26,-21,-25,-23,-25,-22,-25,-22,-25,-22,-25,-21,-26,-21,-27,-22,-26,-21,-27,-21,-26,-21,-27,-20,-26,-19,-25,-18,-25,-19,-23,-18,-23,-17,-23,-15,0,0,-22,-13,-23,-15,-23,-15,-26,-15,-25,-15,-25,-15,-26,-15,-26,-15,-26,-14,-25,-14,-22,-15,-20,-14,-20,-14,-19,-11,-19,-11,-17,-11,-18,-13,-17,-11,-18,-11,-18,-13,-19,-14,-17,-16,-18,-18,-17,-19,-16,-19,-15,-18,-11,-19,-8,-17]"
CSI_DATA,134667,d8:b1:90:d9:de:f0,-64,11,-99,-41,67,56,1992997669,100,0,114,0,"[-27,-13,-30,-16,-31,-19,-31,-21,-30,-24,-29,-25,-27,-25,-25,-25,-25,-24,-22,-24,-21,-23,-21,-24,-20,-25,-20,-25,-20,-26,-20,-26,-20,-26,-20,-28,-20,-28,-19,-27,-19,-28,-19,-27,-18,-26,-18,-25,-18,-25,-15,-25,-14,-25,-15,-23,0,0,-16,-22,-14,-23,-13,-23,-15,-24,-14,-26,-13,-26,-14,-26,-12,-26,-12,-24,-10,-25,-9,-24,-8,-23,-7,-22,-7,-21,-7,-20,-5,-20,-4,-20,-4,-19,-4,-21,-3,-22,-2,-23,-1,-24,0,-25,2,-24,3,-22,5,-21,7,-20,8,-16]"
CSI_DATA,134668,d8:b1:90:d9:de:f0,-64,11,-99,-40,67,56,1993007983,100,0,114,0,"[29,5,32,7,36,8,36,9,38,11,37,11,33,12,33,11,33,10,32,9,30,8,29,9,31,9,31,7,30,7,31,7,31,7,33,8,33,6,32,5,33,5,32,4,31,3,31,2,29,0,29,1,27,0,27,0,0,0,26,-2,26,-2,26,-3,28,-3,29,-4,29,-4,29,-5,27,-4,27,-4,27,-4,26,-4,23,-5,22,-5,22,-4,21,-4,22,-4,20,-4,21,-4,22,-4,23,-4,23,-4,23,-3,23,-3,25,-1,25,0,24,1,20,2,19,3]"
CSI_DATA,134669,d8:b1:90:d9:de:f0,-64,11,-99,-41,67,56,1993018349,100,0,114,0,"[-30,-11,-32,-14,-34,-19,-36,-21,-31,-22,-31,-23,-30,-22,-28,-23,-27,-23,-25,-22,-24,-23,-23,-22,-23,-21,-23,-21,-24,-22,-24,-23,-24,-24,-23,-24,-24,-25,-23,-24,-25,-24,-23,-24,-23,-23,-22,-23,-21,-21,-21,-20,-20,-20,-21,-20,0,0,-21,-20,-19,-19,-20,-21,-19,-19,-19,-21,-19,-22,-19,-21,-19,-21,-19,-21,-18,-20,-16,-19,-14,-20,-13,-19,-12,-19,-11,-16,-11,-19,-10,-16,-10,-16,-11,-18,-10,-20,-10,-20,-8,-23,-7,-23,-6,-24,-6,-23,-4,-23,-1,-21,0,-20]"
CSI_DATA,134670,d8:b1:90:d9:de:f0,-64,11,-99,-40,67,56,1993037652,100,0,114,0,"[19,24,19,27,20,29,21,30,21,31,20,31,20,29,18,29,19,27,19,26,17,25,17,25,18,24,19,24,19,25,20,24,22,24,22,24,23,24,24,21,24,22,25,21,25,19,24,18,24,18,24,17,23,16,23,15,0,0,25,10,24,13,26,11,26,10,28,11,27,11,28,10,27,10,26,8,26,8,25,7,24,8,23,8,22,6,21,5,21,4,21,5,21,4,21,3,21,5,23,5,22,7,22,7,23,8,22,8,22,9,18,10,17,10]"
CSI_DATA,134671,d8:b1:90:d9:de:f0,-64,11,-99,-37,66,56,1993047772,100,0,114,0,"[32,6,34,7,38,9,39,11,40,12,39,13,37,14,36,12,33,14,32,13,30,13,30,13,30,13,29,13,29,13,29,13,32,13,33,12,33,13,33,12,32,11,32,10,31,10,31,9,29,9,29,9,27,8,28,7,0,0,28,6,27,5,27,6,29,6,28,5,29,6,28,6,29,6,29,6,28,5,28,6,25,6,24,6,23,5,23,6,21,6,21,5,22,5,22,6,23,7,23,8,23,9,22,10,22,12,21,11,20,12,16,12,14,12]"
CSI_DATA,134672,d8:b1:90:d9:de:f0,-65,11,-99,-38,67,56,1993082549,100,0,114,0,"[-20,18,-23,20,-25,20,-27,20,-27,22,-26,21,-25,20,-26,18,-24,19,-24,18,-21,17,-21,17,-21,19,-20,18,-20,20,-19,20,-20,23,-20,22,-20,23,-18,24,-18,26,-16,26,-15,26,-15,25,-13,24,-11,25,-10,23,-9,25,0,0,-8,25,-7,24,-6,26,-6,26,-5,28,-5,29,-3,28,-4,28,-3,27,-3,27,-2,27,-2,25,0,24,-1,22,0,20,-1,20,0,20,0,19,0,20,-1,23,0,23,0,23,0,24,-1,23,-2,21,-2,20,-2,19,-4,17]"
CSI_DATA,134673,d8:b1:90:d9:de:f0,-65,11,-99,-39,67,56,1993093836,100,0,114,0,"[-2,29,-3,32,-6,33,-7,33,-8,36,-10,34,-11,33,-13,31,-13,31,-13,28,-12,27,-14,26,-15,26,-14,26,-15,25,-14,26,-14,27,-15,28,-16,28,-16,28,-17,28,-16,28,-17,27,-14,26,-17,25,-16,26,-15,23,-16,23,0,0,-15,22,-16,24,-15,24,-17,24,-17,25,-18,25,-18,24,-18,23,-18,23,-20,21,-18,21,-18,18,-17,16,-15,16,-15,16,-17,15,-17,15,-18,13,-18,14,-19,13,-20,12,-20,13,-22,12,-24,10,-24,7,-23,5,-22,5,-20,2]"
CSI_DATA,134674,d8:b1:90:d9:de:f0,-64,11,-99,-38,66,56,1993107656,100,0,114,0,"[-31,8,-34,8,-37,7,-39,6,-40,6,-38,6,-38,4,-37,4,-35,3,-34,2,-32,3,-32,1,-33,2,-31,3,-32,2,-32,3,-33,3,-35,5,-34,5,-34,6,-34,5,-34,6,-33,5,-32,7,-32,6,-31,7,-30,7,-30,8,0,0,-28,8,-28,10,-28,10,-30,9,-29,10,-30,10,-30,10,-30,11,-30,11,-29,10,-28,10,-25,9,-23,10,-22,8,-22,9,-21,8,-21,8,-21,8,-22,8,-22,7,-25,7,-23,6,-25,5,-27,5,-28,3,-26,1,-23,1,-20,0]"
CSI_DATA,134675,d8:b1:90:d9:de:f0,-64,11,-99,-38,66,56,1993117661,100,0,114,0,"[3,30,1,34,-1,35,-2,37,-2,38,-4,38,-6,35,-7,34,-6,33,-7,32,-7,29,-7,28,-9,30,-9,30,-10,30,-10,30,-9,31,-11,33,-9,32,-10,31,-11,32,-10,32,-10,31,-9,30,-11,30,-10,31,-10,28,-8,29,0,0,-10,26,-8,28,-9,29,-10,31,-10,30,-10,30,-10,30,-11,29,-11,28,-13,27,-11,28,-11,26,-11,23,-10,21,-10,20,-11,20,-11,19,-13,19,-13,19,-15,19,-15,19,-16,19,-18,18,-20,18,-21,14,-20,14,-20,11,-19,9]"
CSI_DATA,134676,d8:b1:90:d9:de:f0,-64,11,-99,-39,66,56,1993127776,100,0,114,0,"[31,6,35,8,38,10,38,11,38,12,37,12,37,12,35,11,33,10,32,10,32,10,31,7,32,6,32,6,33,6,33,5,34,4,34,4,34,4,35,2,34,2,35,1,34,0,34,-1,33,-4,30,-4,31,-5,30,-6,0,0,31,-8,30,-7,30,-8,30,-11,29,-12,30,-12,31,-11,29,-12,30,-12,29,-14,26,-13,24,-13,24,-13,22,-13,22,-12,22,-12,20,-13,21,-13,21,-13,22,-13,23,-14,23,-14,24,-13,24,-13,25,-13,24,-11,21,-8,21,-6]"
CSI_DATA,134677,d8:b1:90:d9:de:f0,-64,11,-99,-35,65,56,1993147639,100,0,114,0,"[29,-13,32,-13,34,-12,34,-11,38,-11,38,-8,38,-6,35,-5,33,-5,34,-3,31,-4,32,-2,32,-1,32,-1,31,-1,33,-1,32,-1,35,-1,35,-2,35,-1,34,-1,35,-2,34,0,33,-2,33,-2,32,-1,30,0,29,-1,0,0,30,-3,30,-1,31,-2,33,-2,32,-2,33,-1,32,-2,33,0,32,0,33,0,31,1,28,2,26,1,25,2,26,2,25,3,25,3,24,3,25,3,25,5,28,6,26,6,25,8,25,11,25,12,22,12,21,12,17,14]"
CSI_DATA,134678,d8:b1:90:d9:de:f0,-63,9,-99,-41,66,56,1993167214,1118,0,106,0,"[97,17,-58,16,36,17,-82,16,28,17,-52,16,59,17,7,17,77,17,71,17,97,17,124,17,82,17,-141,17,67,17,-122,17,86,17,-140,17,143,17,-137,17,-74,17,-111,17,20,0,-43,17,89,0,52,0,0,0,0,0,83,0,-42,0,41,0,35,1,-14,17,49,1,-34,17,11,1,-22,17,-45,0,17,0,-125,0,74,0,149,0,112,0,142,0,115,0,-142,0,85,0,-122,0,9,0,-136,0,-83,17,106,0,-144,17]"
CSI_DATA,134679,d8:b1:90:d9:de:f0,-64,11,-99,-38,66,56,1993177761,100,0,114,0,"[21,22,22,26,21,30,21,32,20,31,19,34,16,32,16,33,14,30,13,29,11,29,10,27,10,29,10,29,10,30,10,30,10,33,9,31,11,33,9,31,10,34,10,32,10,30,10,30,9,29,9,30,10,29,10,28,0,0,10,29,10,28,10,30,10,30,10,33,8,33,10,32,8,32,8,32,7,29,7,31,6,30,6,29,5,28,4,25,5,26,4,22,3,25,3,25,1,25,2,26,-1,27,0,27,-3,29,-4,26,-5,26,-7,22,-7,19]"
CSI_DATA,134680,d8:b1:90:d9:de:f0,-64,11,-99,-38,66,56,1993197690,100,0,114,0,"[9,29,8,32,8,35,7,39,6,38,5,38,4,35,4,34,3,32,3,32,2,30,3,30,2,31,4,30,5,31,4,32,4,33,4,32,5,33,5,30,7,33,7,32,7,31,8,31,9,30,9,29,9,28,9,28,0,0,13,28,10,27,13,29,13,28,15,31,14,31,15,29,15,31,15,29,15,28,15,27,14,27,14,26,14,25,11,22,11,21,11,21,11,20,11,21,11,22,11,23,11,26,11,26,10,27,9,26,7,26,5,23,3,21]"
CSI_DATA,134681,d8:b1:90:d9:de:f0,-63,11,-99,-39,66,56,1993207706,100,0,114,0,"[-31,-1,-34,-3,-35,-4,-37,-6,-38,-8,-37,-10,-35,-11,-32,-12,-33,-11,-31,-12,-31,-12,-30,-13,-30,-13,-29,-13,-28,-14,-30,-14,-30,-14,-31,-13,-31,-14,-31,-14,-31,-15,-31,-13,-30,-14,-30,-13,-30,-14,-28,-14,-28,-14,-28,-12,0,0,-28,-11,-28,-12,-29,-12,-31,-13,-30,-14,-31,-13,-30,-13,-32,-16,-31,-15,-31,-14,-30,-14,-25,-14,-24,-14,-23,-13,-24,-13,-23,-14,-23,-14,-22,-14,-22,-13,-22,-15,-23,-17,-22,-17,-21,-20,-20,-21,-19,-21,-16,-20,-13,-20,-11,-19]"
CSI_DATA,134682,d8:b1:90:d9:de:f0,-64,11,-99,-39,66,56,1993226242,277,0,106,0,"[49,1,100,16,51,1,15,16,14,1,-5,15,-57,0,14,16,-133,0,34,16,86,0,52,16,41,0,51,16,-6,16,21,16,-2,16,32,16,13,0,67,16,39,0,-132,16,46,0,-22,16,25,0,92,0,0,0,0,0,-96,16,-46,0,129,16,-2,0,87,16,-4,0,99,16,-34,0,-122,16,-92,0,-41,16,-117,0,42,0,-127,0,83,0,-121,0,94,0,-103,0,65,0,-94,0,-2,16,-99,0,-78,16,131,0,132,16]"
CSI_DATA,134683,d8:b1:90:d9:de:f0,-63,11,-99,-36,65,56,1993237597,100,0,114,0,"[-30,11,-33,12,-35,11,-38,10,-40,8,-38,8,-36,4,-36,4,-36,5,-35,3,-33,3,-33,1,-33,2,-32,1,-32,1,-33,0,-33,1,-36,1,-36,2,-35,1,-35,1,-35,3,-34,1,-33,2,-33,2,-32,2,-31,2,-31,1,0,0,-31,5,-31,4,-31,3,-35,3,-34,3,-35,3,-34,3,-35,2,-34,2,-34,3,-33,2,-31,0,-30,1,-27,1,-30,1,-27,0,-27,0,-27,0,-27,0,-28,-1,-28,-3,-28,-3,-28,-4,-31,-6,-28,-8,-26,-10,-23,-10,-19,-9]"
CSI_DATA,134684,d8:b1:90:d9:de:f0,-63,11,-99,-39,66,56,1993247748,100,0,114,0,"[22,-20,25,-21,29,-22,29,-23,30,-23,29,-23,29,-21,29,-21,25,-21,25,-20,23,-20,23,-20,24,-21,24,-22,21,-23,22,-23,22,-24,22,-25,22,-28,21,-26,20,-29,17,-30,17,-29,14,-29,14,-30,12,-30,12,-29,10,-29,0,0,10,-31,5,-31,6,-32,4,-33,4,-34,4,-34,2,-34,3,-37,1,-34,2,-34,0,-33,-1,-32,0,-29,-2,-29,-2,-26,-2,-26,-2,-25,-3,-26,-3,-26,-4,-28,-3,-29,-5,-29,-5,-30,-4,-30,-2,-29,-2,-28,-1,-26,0,-24]"
CSI_DATA,134685,d8:b1:90:d9:de:f0,-63,11,-99,-40,66,56,1993267584,100,0,114,0,"[-9,-31,-8,-33,-6,-36,-5,-39,-3,-39,-3,-39,-1,-38,1,-35,0,-35,1,-34,2,-33,3,-33,2,-32,2,-32,2,-32,1,-33,1,-34,2,-35,2,-35,2,-36,2,-35,1,-35,1,-34,0,-34,1,-34,1,-33,1,-32,1,-32,0,0,0,-31,0,-33,0,-32,-1,-33,-1,-35,0,-35,0,-35,0,-36,0,-35,0,-33,1,-33,2,-32,1,-31,1,-30,2,-28,2,-27,2,-26,3,-26,2,-26,4,-27,4,-27,6,-30,5,-30,8,-30,9,-27,10,-26,12,-24,11,-19]"
CSI_DATA,134686,d8:b1:90:d9:de:f0,-64,11,-99,-39,66,56,1993277788,100,0,114,0,"[-28,12,-31,13,-33,13,-34,13,-34,12,-34,13,-32,12,-32,11,-32,12,-31,12,-30,11,-29,12,-28,12,-28,14,-26,15,-28,16,-29,17,-29,17,-30,20,-28,20,-26,21,-25,23,-25,22,-22,23,-22,24,-20,23,-20,24,-20,26,0,0,-16,26,-15,28,-15,29,-15,30,-14,31,-14,32,-13,32,-12,32,-12,32,-12,32,-8,31,-8,31,-7,29,-6,29,-6,26,-5,26,-4,26,-4,26,-3,28,-4,28,-4,28,-4,30,-3,29,-4,30,-6,29,-6,26,-5,24,-5,21]"
CSI_DATA,134687,d8:b1:90:d9:de:f0,-63,11,-99,-41,66,56,1993297636,100,0,114,0,"[26,-20,28,-21,32,-21,33,-20,35,-19,35,-17,34,-15,34,-14,33,-14,33,-11,30,-11,32,-10,30,-10,30,-10,29,-10,32,-10,32,-10,33,-10,33,-11,33,-11,33,-10,33,-10,33,-11,32,-11,32,-11,30,-11,29,-11,30,-13,0,0,30,-13,29,-13,30,-13,32,-14,33,-13,33,-14,33,-14,34,-13,33,-13,33,-13,32,-11,30,-9,29,-10,28,-9,27,-8,27,-8,26,-8,27,-8,27,-8,29,-7,29,-7,29,-5,29,-5,30,-3,30,-1,29,1,26,1,23,3]"
CSI_DATA,134688,d8:b1:90:d9:de:f0,-64,11,-99,-40,66,56,1993307964,100,0,114,0,"[28,9,32,10,35,10,35,11,36,12,35,12,34,13,33,11,32,10,30,10,30,10,30,9,31,9,31,8,30,8,32,5,32,5,33,5,34,4,34,3,34,2,34,1,33,-1,33,-1,33,-3,32,-3,32,-3,31,-5,0,0,28,-6,30,-8,31,-10,33,-11,32,-12,32,-12,32,-13,33,-15,32,-15,31,-16,28,-16,27,-15,26,-16,25,-16,24,-16,23,-15,21,-16,21,-16,23,-17,23,-16,25,-17,24,-18,24,-18,25,-17,26,-16,25,-15,24,-13,20,-11]"
CSI_DATA,134689,d8:b1:90:d9:de:f0,-63,11,-99,-37,65,56,1993327644,100,0,114,0,"[29,-11,33,-13,36,-13,36,-9,38,-8,39,-7,38,-4,35,-4,34,-3,34,-2,32,-2,32,-2,32,-2,33,-1,32,-1,33,-1,34,-1,35,-1,36,-1,35,-2,35,-2,35,-2,34,-2,34,-3,34,-2,32,-2,33,-2,33,-2,0,0,33,-4,33,-4,34,-3,35,-4,34,-4,35,-4,36,-3,36,-3,38,-3,36,-4,35,-3,32,-2,32,-3,30,-1,29,-2,28,-1,27,0,28,-2,28,-1,30,0,30,0,30,1,32,2,30,4,32,4,29,7,26,5,21,7]"
CSI_DATA,134690,d8:b1:90:d9:de:f0,-63,11,-99,-39,66,56,1993339651,100,0,114,0,"[-15,-25,-15,-29,-14,-32,-13,-34,-13,-35,-11,-34,-10,-34,-7,-32,-7,-31,-6,-31,-6,-29,-5,-30,-4,-29,-5,-31,-6,-30,-5,-30,-5,-32,-5,-32,-6,-32,-5,-32,-5,-34,-6,-33,-6,-32,-7,-31,-6,-31,-6,-32,-7,-30,-7,-31,0,0,-6,-30,-7,-31,-8,-31,-8,-32,-8,-34,-10,-34,-10,-34,-8,-35,-7,-34,-7,-33,-7,-31,-6,-31,-6,-31,-5,-29,-5,-26,-4,-25,-4,-25,-4,-25,-5,-25,-4,-28,-4,-28,-3,-31,-3,-32,-1,-31,1,-29,2,-28,3,-25,4,-22]"
CSI_DATA,134691,d8:b1:90:d9:de:f0,-63,11,-99,-41,66,56,1993357641,100,0,114,0,"[-28,-16,-30,-19,-29,-21,-30,-24,-30,-26,-29,-26,-26,-26,-26,-27,-24,-24,-22,-24,-21,-23,-20,-23,-22,-26,-21,-24,-21,-26,-21,-26,-23,-27,-23,-26,-24,-28,-22,-26,-24,-29,-24,-27,-23,-26,-23,-26,-22,-26,-23,-26,-22,-23,-22,-23,0,0,-24,-22,-23,-23,-26,-24,-24,-23,-27,-24,-26,-26,-26,-26,-24,-26,-24,-24,-24,-23,-24,-23,-22,-24,-22,-22,-21,-21,-21,-20,-20,-21,-17,-20,-20,-20,-19,-21,-19,-22,-19,-23,-17,-23,-16,-26,-17,-28,-16,-27,-14,-27,-11,-24,-8,-22]"
CSI_DATA,134692,d8:b1:90:d9:de:f0,-63,11,-99,-40,66,56,1993367941,100,0,114,0,"[-31,-5,-33,-6,-35,-8,-35,-8,-39,-8,-35,-6,-35,-9,-33,-6,-34,-5,-33,-6,-31,-4,-31,-5,-31,-4,-31,-3,-30,-2,-30,-2,-31,-1,-36,1,-34,2,-36,2,-33,3,-34,5,-34,6,-32,9,-33,8,-31,8,-30,9,-28,10,0,0,-30,13,-28,16,-27,16,-31,18,-28,18,-30,19,-28,21,-28,20,-27,21,-30,23,-26,23,-24,20,-21,20,-19,19,-20,21,-18,19,-18,21,-17,20,-16,21,-17,21,-18,23,-17,23,-18,23,-20,25,-21,23,-19,20,-18,20,-15,16]"
CSI_DATA,134693,d8:b1:90:d9:de:f0,-63,11,-99,-41,66,56,1993388177,100,0,114,0,"[13,-29,16,-29,19,-32,22,-30,22,-32,23,-29,24,-26,22,-26,22,-26,23,-23,22,-22,24,-21,23,-20,24,-20,24,-20,24,-21,26,-21,28,-22,27,-22,28,-22,28,-22,27,-23,27,-22,26,-22,27,-22,27,-20,26,-20,27,-20,0,0,27,-20,26,-22,27,-21,29,-22,28,-22,30,-23,29,-23,29,-22,30,-22,30,-21,29,-20,27,-17,27,-17,26,-16,24,-16,24,-15,26,-15,26,-14,26,-15,26,-14,28,-14,29,-13,30,-13,29,-9,32,-7,29,-5,27,-4,26,-1]"
CSI_DATA,134694,d8:b1:90:d9:de:f0,-63,11,-99,-40,66,56,1993400967,100,0,114,0,"[30,3,33,4,34,5,36,5,35,6,35,8,33,6,34,6,33,5,31,6,30,4,28,4,31,2,30,1,30,2,28,0,33,0,33,-1,35,-2,33,-3,35,-5,35,-3,33,-6,32,-6,32,-9,31,-11,28,-11,30,-12,0,0,31,-15,26,-15,30,-17,28,-17,31,-20,31,-19,28,-21,30,-21,27,-21,26,-23,25,-24,21,-21,20,-23,19,-24,19,-20,19,-21,16,-21,18,-23,19,-24,18,-23,19,-25,19,-25,17,-25,18,-26,18,-24,18,-21,17,-19,17,-19]"
CSI_DATA,134695,d8:b1:90:d9:de:f0,-63,11,-99,-38,65,56,1993419037,100,0,114,0,"[-11,-30,-12,-34,-12,-36,-12,-37,-12,-40,-12,-39,-11,-39,-9,-36,-11,-34,-11,-33,-11,-30,-9,-31,-12,-30,-13,-31,-12,-31,-14,-31,-15,-31,-17,-31,-19,-31,-19,-29,-20,-30,-22,-29,-22,-28,-23,-26,-24,-25,-23,-24,-24,-23,-25,-20,0,0,-28,-20,-28,-19,-29,-18,-33,-18,-34,-18,-34,-18,-34,-17,-34,-17,-35,-14,-35,-13,-34,-12,-33,-13,-31,-11,-30,-9,-29,-7,-29,-7,-29,-6,-29,-4,-30,-4,-29,-4,-30,-6,-31,-6,-31,-7,-31,-6,-31,-4,-30,-6,-26,-7,-24,-7]"
CSI_DATA,134696,d8:b1:90:d9:de:f0,-63,11,-99,-40,66,56,1993437954,100,0,114,0,"[-12,25,-13,27,-17,31,-17,31,-19,32,-19,30,-19,28,-18,26,-18,26,-17,26,-18,24,-16,25,-17,24,-16,24,-16,26,-16,26,-17,27,-17,28,-17,27,-16,28,-15,31,-13,31,-13,32,-12,31,-12,31,-11,31,-11,30,-11,31,0,0,-9,32,-8,32,-8,32,-8,33,-6,34,-5,35,-6,36,-6,38,-5,38,-5,36,-4,36,-3,34,-3,31,-3,31,-2,30,-3,27,-2,28,-1,27,-2,28,-2,31,-2,31,-2,32,-2,32,-4,34,-5,32,-6,30,-6,28,-6,24]"
CSI_DATA,134697,d8:b1:90:d9:de:f0,-63,11,-99,-38,65,56,1993457642,100,0,114,0,"[-11,-33,-8,-36,-6,-39,-4,-41,-2,-42,0,-41,0,-39,2,-37,3,-36,6,-34,4,-33,7,-34,7,-34,7,-33,7,-33,7,-34,8,-34,9,-35,11,-35,11,-35,11,-36,11,-36,12,-34,11,-34,11,-33,11,-31,11,-31,12,-31,0,0,11,-31,12,-33,12,-34,12,-33,13,-34,15,-35,15,-34,17,-35,17,-34,17,-33,17,-33,15,-30,14,-28,15,-25,14,-25,17,-24,17,-24,18,-23,17,-22,19,-22,20,-23,22,-23,22,-23,24,-23,24,-19,24,-17,24,-15,22,-12]"
CSI_DATA,134698,d8:b1:90:d9:de:f0,-63,11,-99,-39,65,56,1993467758,100,0,114,0,"[-33,-7,-36,-10,-37,-10,-39,-11,-40,-11,-40,-12,-37,-13,-37,-13,-35,-12,-35,-12,-32,-11,-32,-12,-33,-11,-32,-10,-32,-10,-31,-10,-33,-8,-36,-8,-37,-8,-36,-7,-37,-7,-37,-5,-35,-5,-35,-2,-36,-2,-35,-2,-35,-1,-35,0,0,0,-33,3,-35,5,-35,6,-36,6,-37,6,-37,7,-39,7,-37,7,-36,10,-36,10,-35,10,-33,8,-31,8,-28,10,-30,11,-28,10,-27,10,-28,11,-28,11,-30,12,-30,11,-30,11,-31,11,-31,8,-31,8,-30,7,-26,6,-23,5]"
CSI_DATA,134699,d8:b1:90:d9:de:f0,-63,11,-99,-38,65,56,1993479127,100,0,114,0,"[8,31,8,35,8,39,8,39,8,42,8,41,8,40,6,37,8,35,8,34,8,33,8,34,8,33,9,31,11,31,12,31,13,31,14,34,15,33,15,31,17,31,19,31,19,30,20,28,22,28,20,29,22,25,23,24,0,0,25,22,26,22,28,20,30,20,30,20,31,20,33,19,35,18,34,15,34,15,33,14,31,15,30,13,29,11,29,9,28,9,28,8,26,7,28,6,30,7,30,6,30,7,33,8,33,9,30,7,29,8,26,9,23,8]"
CSI_DATA,134700,d8:b1:90:d9:de:f0,-63,11,-99,-39,65,56,1993497729,100,0,114,0,"[0,33,0,37,-1,40,-2,41,-5,41,-3,41,-3,40,-6,37,-6,36,-6,36,-5,35,-3,35,-2,33,-3,35,-1,36,-1,35,-1,35,-1,36,0,36,1,36,1,39,2,39,3,37,3,37,6,35,6,35,8,32,10,32,0,0,11,32,11,33,12,32,13,35,15,36,16,37,16,36,17,37,16,35,17,33,17,32,17,31,18,28,16,27,13,26,16,25,16,23,16,23,16,23,16,26,18,27,18,28,20,30,18,27,17,26,16,26,13,25,11,22]"
CSI_DATA,134701,d8:b1:90:d9:de:f0,-62,11,-99,-39,65,56,1993517639,100,0,114,0,"[-23,23,-27,23,-31,23,-35,23,-36,21,-36,18,-36,16,-35,15,-33,13,-33,12,-32,10,-32,10,-32,8,-33,10,-33,8,-35,8,-37,8,-39,8,-39,7,-39,8,-37,7,-36,6,-36,6,-35,6,-36,7,-33,7,-35,6,-33,6,0,0,-36,5,-36,5,-36,5,-37,6,-39,5,-39,5,-39,3,-41,2,-40,1,-40,3,-39,2,-35,1,-33,0,-32,1,-31,-1,-31,-1,-28,-1,-31,-2,-31,-2,-32,-3,-33,-5,-35,-6,-33,-6,-33,-8,-32,-11,-30,-12,-27,-11,-22,-11]"
CSI_DATA,134702,d8:b1:90:d9:de:f0,-63,11,-99,-42,66,56,1993527691,100,0,114,0,"[-9,30,-12,33,-15,35,-17,36,-17,35,-17,34,-17,33,-17,31,-15,30,-17,30,-13,28,-14,28,-14,29,-14,30,-13,31,-13,31,-12,31,-12,33,-12,34,-11,34,-11,35,-9,35,-7,35,-6,34,-4,34,-4,34,-3,31,-3,33,0,0,1,34,0,34,2,35,1,37,3,39,3,39,4,40,4,40,6,37,6,37,7,36,8,34,8,33,8,30,8,30,8,30,8,28,9,29,11,29,11,30,11,31,12,31,12,33,11,34,8,31,8,31,6,29,4,26]"
CSI_DATA,134703,d8:b1:90:d9:de:f0,-63,11,-99,-39,65,56,1993537693,100,0,114,0,"[30,15,32,17,33,18,33,22,32,22,30,23,28,23,26,22,26,22,25,22,22,21,23,22,23,21,25,22,23,22,25,22,26,23,26,23,26,23,27,23,26,25,27,25,27,23,26,22,28,22,27,21,27,20,28,21,0,0,28,18,30,20,31,18,32,21,32,21,32,21,33,22,33,22,33,21,35,20,32,18,31,20,30,17,28,17,28,16,28,16,27,15,27,15,27,16,28,16,30,20,30,21,30,21,30,21,30,22,26,22,22,22,18,20]"
CSI_DATA,134704,d8:b1:90:d9:de:f0,-62,11,-99,-40,65,56,1993557707,100,0,114,0,"[15,28,16,31,16,33,14,33,16,37,16,36,14,36,14,33,14,32,14,32,12,29,12,29,14,29,14,28,14,31,15,29,19,32,19,33,22,32,20,31,22,31,23,31,22,31,24,28,25,28,24,27,25,25,25,25,0,0,27,22,29,23,29,22,32,23,33,23,34,22,36,22,37,22,36,20,36,19,36,18,33,18,32,15,31,14,32,12,29,12,29,12,29,10,31,10,32,11,33,10,33,12,34,14,34,12,34,12,31,12,28,12,25,14]"
CSI_DATA,134705,d8:b1:90:d9:de:f0,-62,11,-99,-40,65,56,1993567978,100,0,114,0,"[-29,15,-32,14,-34,14,-36,11,-40,11,-37,10,-37,6,-36,7,-36,6,-34,5,-32,5,-32,3,-33,5,-33,3,-33,3,-34,5,-34,3,-37,5,-37,5,-37,5,-37,6,-37,6,-36,3,-37,6,-36,5,-34,5,-34,6,-34,7,0,0,-36,7,-36,9,-37,9,-38,9,-38,9,-40,9,-40,9,-40,9,-41,9,-41,9,-38,7,-37,6,-36,7,-34,7,-34,9,-32,7,-32,7,-32,7,-32,7,-36,5,-36,5,-36,6,-36,3,-38,2,-40,1,-36,-1,-32,-2,-29,-3]"
CSI_DATA,134706,d8:b1:90:d9:de:f0,-62,11,-99,-41,65,56,1993587848,100,0,114,0,"[24,-22,28,-24,30,-25,30,-25,32,-25,33,-25,32,-22,32,-21,30,-22,29,-21,28,-21,28,-20,28,-21,28,-22,26,-22,26,-24,26,-25,28,-25,28,-25,28,-26,26,-28,25,-29,24,-29,21,-30,24,-29,21,-29,20,-29,18,-29,0,0,18,-33,17,-33,17,-34,17,-36,16,-37,16,-38,14,-40,16,-40,13,-40,13,-40,13,-38,12,-38,9,-37,8,-34,8,-33,6,-32,6,-30,6,-32,5,-32,6,-33,6,-34,5,-36,5,-37,9,-37,9,-36,9,-33,9,-32,9,-29]"
CSI_DATA,134707,d8:b1:90:d9:de:f0,-62,11,-99,-40,65,56,1993607942,100,0,114,0,"[25,19,27,23,27,27,25,29,25,31,24,32,22,32,18,33,18,31,15,31,15,29,14,31,12,31,11,31,11,32,11,33,11,33,11,34,11,34,11,34,10,36,11,36,10,34,10,34,9,37,9,37,7,37,9,33,0,0,9,34,9,34,9,36,9,37,7,40,7,40,6,41,6,41,6,40,5,40,3,38,2,38,2,36,1,34,2,33,1,33,0,33,0,32,0,32,-2,33,-3,34,-3,36,-6,38,-7,37,-9,33,-10,32,-12,29,-12,25]"
CSI_DATA,134708,d8:b1:90:d9:de:f0,-63,11,-99,-38,65,56,1993618047,100,0,114,0,"[-28,9,-31,8,-34,8,-36,7,-36,7,-36,6,-35,4,-34,6,-31,4,-31,4,-30,3,-29,4,-30,4,-30,4,-29,4,-31,6,-33,7,-35,7,-35,9,-36,11,-34,11,-33,11,-31,12,-31,12,-33,13,-30,13,-30,13,-30,14,0,0,-29,17,-30,17,-31,19,-30,19,-30,22,-30,23,-30,24,-31,24,-30,24,-31,24,-29,23,-28,24,-26,23,-24,23,-24,22,-24,22,-23,23,-22,22,-23,23,-24,25,-24,26,-25,26,-25,25,-25,25,-26,24,-25,22,-23,19,-22,17]"
CSI_DATA,134709,d8:b1:90:d9:de:f0,-62,11,-99,-39,65,56,1993637688,100,0,114,0,"[25,-20,28,-18,32,-18,33,-17,36,-18,32,-15,37,-12,33,-11,35,-11,33,-7,30,-7,32,-6,32,-6,32,-5,31,-5,32,-5,32,-5,37,-6,35,-5,37,-5,35,-3,37,-6,36,-2,35,-3,39,-2,35,-2,35,-2,36,-2,0,0,33,-3,37,-3,36,-3,40,-3,39,-2,40,-2,40,-1,41,0,40,-1,42,0,40,0,37,1,35,1,33,1,35,0,31,0,32,2,31,2,33,2,35,5,36,6,35,6,36,8,36,10,35,12,31,13,30,12,25,12]"
CSI_DATA,134710,d8:b1:90:d9:de:f0,-62,11,-99,-40,65,56,1993657685,100,0,114,0,"[25,-20,28,-20,31,-23,32,-20,33,-23,32,-20,33,-18,33,-16,31,-18,32,-14,31,-15,31,-12,32,-15,31,-14,32,-14,32,-15,32,-15,33,-18,33,-19,33,-18,36,-19,36,-20,34,-18,32,-19,33,-18,32,-19,29,-19,31,-19,0,0,31,-22,28,-22,29,-23,32,-25,32,-27,33,-27,32,-25,33,-24,32,-27,32,-27,31,-27,28,-23,27,-24,25,-22,24,-23,23,-24,23,-23,23,-23,24,-23,27,-23,28,-23,25,-23,28,-22,29,-22,29,-22,28,-18,27,-18,25,-16]"
CSI_DATA,134711,d8:b1:90:d9:de:f0,-62,11,-99,-40,65,56,1993677645,100,0,114,0,"[-32,-5,-34,-5,-37,-5,-37,-7,-40,-7,-37,-7,-37,-9,-34,-7,-34,-9,-33,-7,-32,-6,-32,-6,-33,-6,-32,-3,-32,-5,-32,-3,-34,-2,-37,-2,-36,-1,-38,-1,-37,1,-40,1,-36,2,-34,5,-37,3,-36,5,-34,6,-36,9,0,0,-33,11,-34,12,-36,14,-37,15,-34,16,-37,16,-36,18,-37,19,-36,20,-36,22,-34,22,-32,20,-29,20,-28,20,-27,22,-25,20,-24,20,-24,20,-24,22,-27,24,-27,25,-25,25,-28,25,-29,27,-29,25,-28,23,-25,22,-23,18]"
CSI_DATA,134712,d8:b1:90:d9:de:f0,-63,11,-99,-38,65,56,1993702639,100,0,114,0,"[-6,-29,-3,-33,-3,-35,-1,-36,-1,-36,1,-36,1,-34,2,-34,2,-34,2,-31,2,-30,2,-30,3,-30,2,-30,1,-31,2,-31,1,-34,2,-34,1,-35,1,-33,0,-35,-1,-35,0,-34,-2,-34,-1,-34,-2,-33,-2,-33,-2,-33,0,0,-6,-34,-4,-34,-4,-35,-6,-35,-7,-37,-7,-37,-8,-39,-8,-40,-9,-37,-8,-37,-7,-36,-9,-35,-9,-33,-8,-33,-8,-30,-7,-29,-7,-28,-8,-28,-8,-29,-8,-30,-9,-31,-9,-34,-9,-34,-7,-36,-7,-33,-6,-33,-2,-30,-1,-26]"
CSI_DATA,134713,d8:b1:90:d9:de:f0,-62,11,-99,-40,65,56,1993714309,100,0,114,0,"[-25,-18,-27,-20,-27,-23,-28,-25,-28,-27,-28,-25,-25,-28,-24,-25,-24,-24,-22,-24,-22,-23,-20,-24,-22,-23,-22,-23,-22,-23,-22,-24,-25,-25,-27,-25,-29,-24,-27,-24,-29,-25,-31,-24,-28,-24,-29,-22,-29,-22,-31,-22,-29,-20,-31,-19,0,0,-34,-18,-33,-16,-34,-16,-37,-16,-38,-18,-38,-18,-40,-16,-40,-18,-40,-15,-38,-15,-38,-12,-34,-14,-34,-11,-33,-11,-33,-9,-33,-10,-32,-7,-33,-7,-34,-7,-34,-7,-34,-7,-36,-9,-36,-10,-37,-10,-36,-10,-34,-11,-32,-11,-28,-12]"
CSI_DATA,134714,d8:b1:90:d9:de:f0,-63,11,-99,-38,65,56,1993725181,100,0,114,0,"[0,29,-2,33,-3,35,-7,33,-8,36,-9,33,-11,33,-12,29,-12,30,-13,28,-14,26,-14,26,-15,25,-15,24,-15,26,-17,25,-18,28,-20,30,-19,28,-22,29,-22,28,-22,28,-23,26,-22,26,-23,26,-23,25,-22,24,-24,25,0,0,-23,24,-23,28,-24,26,-26,28,-26,28,-28,29,-28,28,-30,26,-30,25,-30,25,-29,24,-28,22,-26,20,-25,19,-26,19,-26,18,-26,17,-28,18,-29,17,-29,15,-29,14,-30,15,-31,14,-33,14,-34,9,-33,7,-31,6,-28,4]"
CSI_DATA,134715,d8:b1:90:d9:de:f0,-63,9,-99,-35,64,56,1993737005,98,0,106,0,"[-11,17,-123,0,-11,17,-35,0,44,18,-17,0,129,18,-44,0,-100,18,-60,0,-22,18,-62,0,44,0,-59,0,96,0,-33,0,91,0,-23,0,54,0,-42,0,2,0,-129,0,-31,18,66,0,-32,18,-76,18,0,0,0,0,71,0,40,18,132,0,-16,17,-139,0,-16,17,-143,0,22,18,105,0,81,18,-1,18,127,18,-94,18,146,18,-147,18,129,18,-156,18,86,18,-129,18,50,18,-44,18,31,18,64,0,62,18,154,0]"
CSI_DATA,134716,d8:b1:90:d9:de:f0,-62,11,-99,-41,65,56,1993747596,100,0,114,0,"[-32,8,-36,6,-38,6,-41,5,-41,4,-42,2,-38,1,-40,1,-36,1,-36,0,-33,1,-33,0,-34,0,-36,1,-32,1,-34,1,-37,1,-37,1,-40,1,-38,2,-40,4,-38,4,-37,4,-37,6,-38,5,-37,6,-38,6,-38,8,0,0,-37,9,-36,9,-40,10,-40,12,-41,13,-40,12,-40,13,-41,14,-41,16,-40,16,-38,16,-37,16,-36,14,-34,14,-32,14,-33,14,-29,14,-32,16,-30,14,-32,16,-34,14,-33,14,-33,14,-36,13,-37,13,-36,10,-30,9,-30,8]"
CSI_DATA,134717,d8:b1:90:d9:de:f0,-62,11,-99,-40,65,56,1993757724,100,0,114,0,"[-32,6,-34,5,-38,2,-38,1,-40,0,-38,-2,-38,-3,-36,-3,-34,-3,-33,-6,-33,-5,-31,-9,-32,-7,-32,-7,-32,-9,-32,-11,-34,-10,-36,-10,-37,-10,-37,-11,-34,-12,-34,-11,-34,-11,-36,-11,-37,-12,-34,-12,-34,-14,-34,-12,0,0,-36,-11,-36,-11,-37,-12,-38,-12,-37,-14,-38,-14,-38,-14,-41,-15,-42,-15,-41,-15,-38,-15,-36,-16,-34,-15,-33,-15,-33,-12,-31,-14,-29,-15,-31,-12,-31,-14,-31,-16,-33,-18,-33,-19,-31,-22,-32,-22,-32,-24,-28,-24,-24,-22,-20,-23]"
CSI_DATA,134718,d8:b1:90:d9:de:f0,-62,11,-99,-40,65,56,1993768167,100,0,114,0,"[-18,-27,-18,-29,-18,-32,-18,-34,-18,-34,-16,-36,-15,-34,-14,-33,-14,-32,-14,-31,-14,-31,-12,-29,-12,-29,-14,-31,-15,-31,-14,-31,-16,-32,-16,-32,-18,-32,-20,-31,-22,-33,-23,-32,-24,-31,-24,-31,-24,-28,-22,-28,-24,-27,-25,-25,0,0,-28,-24,-27,-25,-29,-25,-32,-25,-32,-25,-34,-25,-34,-25,-34,-24,-36,-22,-34,-22,-34,-23,-32,-22,-32,-19,-31,-16,-29,-16,-29,-16,-29,-15,-31,-12,-32,-14,-32,-12,-33,-12,-34,-15,-34,-15,-34,-16,-32,-15,-32,-16,-27,-16,-24,-16]"
CSI_DATA,134719,d8:b1:90:d9:de:f0,-62,11,-99,-40,65,56,1993787735,100,0,114,0,"[10,-29,14,-32,16,-33,19,-34,20,-33,22,-32,23,-29,22,-28,20,-27,22,-25,22,-23,22,-23,24,-23,24,-23,24,-24,25,-24,25,-24,27,-25,28,-25,27,-24,27,-25,27,-28,27,-25,27,-25,27,-24,25,-22,25,-23,27,-24,0,0,28,-25,27,-25,28,-27,29,-27,28,-28,31,-28,31,-28,32,-28,33,-27,32,-27,31,-25,29,-23,28,-23,27,-22,27,-20,27,-19,25,-19,28,-18,27,-20,29,-20,29,-19,31,-20,31,-19,33,-16,34,-12,32,-11,29,-10,28,-7]"
CSI_DATA,134720,d8:b1:90:d9:de:f0,-62,11,-99,-40,65,56,1993797789,100,0,114,0,"[19,-23,22,-25,27,-28,27,-28,28,-28,28,-27,25,-25,25,-25,24,-24,24,-23,23,-22,22,-23,23,-23,22,-24,20,-24,22,-25,20,-27,22,-28,20,-29,20,-29,19,-31,18,-32,16,-32,15,-33,15,-33,14,-33,12,-33,12,-34,0,0,9,-34,9,-36,7,-37,6,-38,5,-40,5,-41,3,-41,3,-42,2,-41,1,-41,0,-40,-1,-40,-1,-38,-2,-34,-3,-32,-3,-33,-3,-32,-3,-31,-5,-32,-6,-33,-6,-34,-7,-36,-7,-37,-9,-37,-5,-36,-5,-34,-3,-32,-2,-28]"
CSI_DATA,134721,d8:b1:90:d9:de:f0,-62,11,-99,-41,65,56,1993817984,100,0,114,0,"[-33,-1,-36,-4,-37,-5,-40,-8,-40,-10,-38,-12,-36,-14,-34,-14,-33,-14,-30,-16,-30,-16,-29,-18,-29,-17,-28,-18,-29,-18,-29,-20,-30,-20,-32,-22,-33,-21,-33,-22,-33,-24,-33,-24,-30,-24,-30,-22,-30,-22,-30,-24,-30,-22,-30,-22,0,0,-30,-24,-30,-24,-30,-24,-33,-25,-34,-28,-33,-28,-33,-28,-34,-30,-34,-29,-32,-30,-32,-29,-28,-29,-26,-26,-25,-25,-25,-24,-24,-25,-24,-25,-24,-25,-24,-26,-24,-28,-24,-29,-22,-30,-21,-33,-21,-34,-20,-33,-17,-33,-13,-30,-10,-28]"
CSI_DATA,134722,d8:b1:90:d9:de:f0,-62,11,-99,-40,65,56,1993827973,100,0,114,0,"[-6,-31,-5,-34,-3,-37,-2,-38,-3,-40,-2,-37,-1,-38,0,-36,-2,-36,-1,-33,-1,-32,-1,-33,-2,-32,-2,-32,-2,-33,-3,-34,-6,-34,-6,-36,-7,-36,-9,-36,-10,-37,-11,-37,-11,-36,-12,-36,-12,-34,-14,-33,-14,-33,-16,-32,0,0,-19,-32,-19,-33,-20,-32,-24,-32,-24,-33,-25,-33,-27,-32,-28,-34,-29,-32,-29,-32,-28,-31,-27,-28,-25,-25,-24,-24,-25,-22,-25,-22,-27,-22,-25,-20,-29,-19,-28,-20,-29,-20,-31,-22,-32,-23,-31,-23,-31,-22,-28,-20,-25,-20,-22,-19]"
CSI_DATA,134723,d8:b1:90:d9:de:f0,-63,9,-99,-39,65,56,1993840498,98,0,106,0,"[-5,17,-101,0,-5,17,-25,0,37,18,-16,0,109,18,-44,0,-134,18,-67,0,-70,18,-69,0,-20,18,-49,0,1,0,-18,0,-17,18,-8,0,-51,18,-45,0,-67,18,-143,0,-55,18,42,0,12,0,-71,18,0,0,0,0,-105,0,146,18,-12,0,143,18,26,1,-144,18,-1,0,-112,18,-71,0,-110,18,-151,0,-143,18,118,0,129,18,120,0,94,18,152,0,83,18,-110,0,104,18,-70,0,-134,18,-71,0,-16,18,-122,0]"
CSI_DATA,134724,d8:b1:90:d9:de:f0,-62,11,-99,-40,65,56,1993857595,100,0,114,0,"[11,-29,14,-31,15,-33,16,-34,16,-34,16,-33,16,-33,15,-32,14,-31,14,-31,12,-29,12,-31,12,-31,10,-31,10,-32,11,-32,9,-34,9,-36,7,-37,5,-36,5,-37,2,-38,2,-37,0,-36,0,-37,-1,-36,-1,-36,-3,-36,0,0,-7,-37,-7,-37,-9,-37,-11,-37,-12,-38,-14,-40,-15,-40,-15,-41,-18,-37,-18,-37,-19,-36,-18,-34,-18,-31,-19,-29,-18,-28,-19,-27,-19,-27,-19,-24,-23,-24,-23,-27,-24,-27,-25,-29,-27,-28,-24,-28,-24,-27,-22,-25,-20,-25,-18,-24]"
CSI_DATA,134725,d8:b1:90:d9:de:f0,-62,11,-99,-42,65,56,1993867687,100,0,114,0,"[-30,12,-34,12,-37,13,-39,12,-39,10,-39,9,-38,8,-38,6,-37,6,-35,6,-34,6,-32,6,-35,6,-34,6,-34,6,-34,6,-37,9,-38,9,-38,8,-38,10,-38,10,-38,12,-37,12,-35,12,-37,12,-35,13,-34,13,-35,15,0,0,-37,17,-34,17,-35,19,-37,20,-37,20,-38,21,-38,21,-39,23,-38,23,-37,23,-37,21,-32,20,-31,21,-30,20,-30,19,-28,20,-27,20,-27,21,-28,21,-31,23,-32,24,-31,24,-31,23,-32,23,-34,19,-32,19,-30,16,-26,13]"
CSI_DATA,134726,d8:b1:90:d9:de:f0,-63,11,-99,-38,65,56,1993891653,100,0,114,0,"[-29,-2,-33,-3,-34,-6,-34,-6,-35,-8,-34,-8,-33,-11,-31,-9,-30,-8,-29,-8,-28,-8,-28,-8,-29,-9,-30,-8,-29,-9,-29,-9,-33,-8,-34,-8,-35,-8,-36,-8,-35,-7,-36,-6,-35,-4,-35,-3,-34,-3,-33,-3,-33,-2,-35,-2,0,0,-36,0,-36,0,-35,1,-39,2,-37,1,-37,2,-40,4,-39,3,-40,4,-40,4,-37,4,-36,3,-35,3,-33,6,-33,4,-33,6,-31,7,-31,7,-33,8,-33,8,-35,8,-34,7,-35,7,-36,6,-37,4,-35,4,-31,3,-28,1]"
CSI_DATA,134727,d8:b1:90:d9:de:f0,-62,11,-99,-41,65,56,1993907648,100,0,114,0,"[28,-18,32,-18,34,-18,36,-16,40,-16,38,-12,38,-9,37,-10,34,-9,34,-8,33,-8,33,-6,36,-6,34,-6,34,-6,34,-5,34,-5,38,-5,38,-4,38,-6,40,-5,38,-6,40,-6,38,-8,38,-6,38,-5,37,-5,37,-8,0,0,37,-8,37,-6,37,-6,41,-8,40,-8,41,-8,41,-8,42,-8,42,-8,42,-8,41,-6,37,-8,36,-5,33,-4,36,-5,33,-5,33,-5,34,-5,34,-5,34,-5,37,-4,36,-4,37,-2,37,0,38,1,36,4,33,4,28,5]"
CSI_DATA,134728,d8:b1:90:d9:de:f0,-62,11,-99,-41,65,56,1993917622,100,0,114,0,"[-29,-17,-32,-18,-33,-20,-33,-22,-36,-22,-34,-22,-32,-22,-30,-21,-30,-18,-30,-20,-28,-17,-29,-17,-29,-16,-29,-16,-30,-14,-32,-14,-34,-14,-37,-16,-37,-14,-38,-12,-37,-10,-37,-9,-37,-8,-36,-5,-38,-5,-37,-4,-37,-2,-38,1,0,0,-38,1,-37,5,-37,5,-41,6,-41,8,-41,9,-41,12,-41,10,-40,14,-41,14,-38,16,-36,14,-33,16,-30,16,-30,17,-30,17,-28,18,-29,20,-29,20,-29,21,-29,22,-29,22,-30,22,-30,22,-30,22,-29,20,-26,17,-26,17]"
CSI_DATA,134729,d8:b1:90:d9:de:f0,-62,11,-99,-39,65,56,1993927949,100,0,114,0,"[-30,10,-35,11,-36,10,-36,7,-39,7,-39,7,-37,5,-36,3,-35,5,-32,3,-31,3,-31,2,-31,3,-31,2,-32,3,-32,2,-36,3,-37,5,-37,5,-39,6,-37,6,-39,8,-35,6,-32,8,-35,6,-35,8,-33,7,-36,10,0,0,-35,12,-35,11,-35,12,-37,13,-39,15,-40,16,-37,16,-37,15,-37,15,-37,16,-37,16,-33,13,-31,12,-30,13,-30,13,-31,13,-30,15,-31,15,-31,16,-31,15,-31,15,-31,15,-32,15,-35,13,-32,11,-31,10,-30,8,-28,7]"
CSI_DATA,134730,d8:b1:90:d9:de:f0,-62,11,-99,-40,65,56,1993947955,100,0,114,0,"[32,1,36,1,38,1,40,3,41,3,41,3,38,5,37,6,36,2,34,5,33,3,33,3,34,1,33,1,33,1,34,0,36,-1,38,-2,38,-3,38,-3,40,-5,38,-7,40,-6,37,-9,37,-9,36,-10,34,-11,34,-11,0,0,34,-14,32,-16,33,-20,36,-22,37,-22,36,-22,36,-24,36,-24,34,-25,34,-27,32,-27,29,-24,27,-24,25,-24,24,-24,24,-24,22,-25,23,-25,22,-25,23,-27,23,-27,22,-27,23,-27,24,-29,24,-28,22,-25,20,-24,19,-20]"
CSI_DATA,134731,d8:b1:90:d9:de:f0,-62,11,-99,-40,65,56,1993959383,100,0,114,0,"[31,-2,34,-1,37,1,38,2,38,5,38,7,34,9,34,10,32,10,31,11,29,10,28,12,29,12,28,14,28,15,29,14,31,16,32,18,32,18,32,18,33,22,33,20,32,20,32,19,31,20,29,22,28,20,29,20,0,0,31,19,29,20,31,22,33,23,33,25,33,27,33,27,33,28,34,27,32,28,31,27,27,27,24,25,25,24,24,24,24,25,22,24,22,25,23,25,22,25,23,28,22,29,19,31,18,33,18,33,15,33,11,31,7,28]"
CSI_DATA,134732,d8:b1:90:d9:de:f0,-63,11,-99,-41,66,56,1993977701,100,0,114,0,"[-5,-29,-4,-32,-4,-33,-3,-34,-5,-38,-3,-34,-3,-35,-3,-32,-4,-30,-3,-30,-3,-29,-4,-30,-5,-29,-5,-29,-7,-30,-8,-30,-9,-30,-11,-32,-11,-32,-13,-32,-13,-32,-15,-32,-16,-30,-17,-28,-19,-30,-19,-28,-21,-28,-21,-26,0,0,-21,-24,-24,-23,-24,-21,-28,-23,-29,-23,-30,-23,-32,-22,-32,-21,-33,-19,-33,-20,-30,-16,-30,-17,-30,-15,-29,-13,-29,-10,-28,-10,-28,-9,-27,-8,-29,-8,-32,-8,-33,-7,-33,-8,-35,-9,-35,-8,-35,-8,-33,-7,-30,-9,-24,-7]"
CSI_DATA,134733,d8:b1:90:d9:de:f0,-62,11,-99,-40,65,56,1993987731,100,0,114,0,"[-31,-5,-33,-6,-36,-7,-37,-10,-36,-11,-34,-12,-33,-14,-33,-11,-31,-11,-31,-10,-31,-11,-29,-10,-29,-10,-32,-11,-31,-11,-32,-11,-33,-11,-34,-10,-34,-10,-34,-9,-36,-9,-37,-9,-36,-9,-36,-7,-36,-6,-34,-6,-36,-5,-36,-3,0,0,-37,-2,-37,-2,-37,-2,-40,-1,-41,0,-41,-1,-42,1,-42,1,-42,2,-42,2,-38,2,-38,3,-37,3,-36,3,-33,3,-34,3,-33,5,-33,5,-33,5,-34,6,-37,6,-36,5,-36,5,-37,3,-38,3,-36,2,-31,0,-28,-1]"
CSI_DATA,134734,d8:b1:90:d9:de:f0,-63,11,-99,-41,66,56,1993997859,100,0,114,0,"[-24,-16,-26,-20,-26,-22,-24,-24,-26,-27,-22,-26,-21,-27,-19,-27,-19,-24,-16,-26,-16,-24,-16,-26,-15,-27,-15,-27,-15,-27,-15,-28,-15,-28,-17,-30,-16,-29,-16,-30,-16,-32,-19,-32,-16,-32,-17,-28,-16,-30,-16,-30,-15,-29,-16,-28,0,0,-16,-28,-17,-28,-16,-29,-20,-33,-19,-34,-19,-34,-20,-34,-19,-35,-19,-34,-17,-34,-16,-33,-15,-33,-14,-32,-15,-28,-15,-28,-13,-28,-13,-28,-14,-27,-13,-28,-13,-28,-13,-29,-11,-30,-11,-33,-9,-34,-9,-32,-5,-30,-3,-29,-2,-26]"
CSI_DATA,134735,d8:b1:90:d9:de:f0,-62,11,-99,-40,65,56,1994018048,100,0,114,0,"[32,-2,33,-1,36,1,37,2,40,2,37,3,36,7,34,6,33,5,32,6,31,5,31,6,32,6,32,5,32,6,32,6,33,6,38,5,38,5,37,5,37,3,37,3,37,5,36,1,37,2,37,2,34,3,36,1,0,0,36,0,37,-1,37,-2,40,-1,41,-2,41,-2,41,-3,42,-2,42,-5,42,-5,41,-3,38,-5,37,-5,34,-3,34,-6,33,-5,33,-3,33,-5,33,-5,34,-6,36,-6,36,-5,36,-3,38,-2,37,-2,34,0,32,0,29,1]"
CSI_DATA,134736,d8:b1:90:d9:de:f0,-62,11,-99,-40,65,56,1994037655,100,0,114,0,"[23,22,23,25,24,28,25,28,27,29,25,29,24,29,23,27,23,24,23,24,22,22,22,23,24,23,24,22,24,22,24,22,27,22,29,22,32,19,32,19,32,19,33,16,34,16,34,14,34,14,34,12,34,10,37,9,0,0,37,6,36,5,36,3,40,2,42,1,41,0,42,-1,44,-2,42,-5,42,-6,40,-6,36,-6,36,-7,34,-7,32,-10,33,-10,32,-11,31,-12,31,-14,33,-15,33,-15,33,-15,33,-15,34,-16,34,-15,33,-15,29,-12,28,-11]"
CSI_DATA,134737,d8:b1:90:d9:de:f0,-62,11,-99,-39,65,56,1994047667,100,0,114,0,"[22,21,23,25,25,27,25,30,23,30,22,30,21,30,20,28,20,27,18,26,18,26,18,26,18,27,20,26,18,27,20,27,21,27,22,27,23,27,22,27,26,28,26,27,26,26,27,25,27,25,25,23,27,23,27,22,0,0,30,21,30,21,31,21,32,21,35,21,35,21,35,20,37,20,37,18,37,18,35,16,33,16,33,15,32,13,30,12,31,12,30,11,30,10,31,11,31,11,33,11,33,12,33,13,32,15,32,15,31,13,26,13,25,13]"
CSI_DATA,134738,d8:b1:90:d9:de:f0,-62,11,-99,-40,65,56,1994057692,100,0,114,0,"[-19,-25,-20,-29,-19,-33,-19,-36,-18,-36,-15,-37,-14,-36,-12,-34,-11,-34,-9,-32,-10,-31,-9,-31,-9,-32,-10,-33,-9,-33,-9,-34,-10,-36,-9,-36,-10,-37,-10,-36,-10,-38,-10,-38,-11,-37,-11,-37,-10,-36,-11,-37,-11,-34,-11,-34,0,0,-11,-36,-11,-36,-12,-38,-12,-38,-14,-40,-14,-40,-14,-40,-14,-42,-14,-40,-14,-38,-12,-40,-12,-37,-11,-36,-11,-34,-11,-32,-10,-33,-9,-32,-10,-32,-10,-32,-9,-32,-10,-34,-7,-36,-7,-36,-6,-37,-5,-34,-2,-34,0,-32,1,-28]"
CSI_DATA,134739,d8:b1:90:d9:de:f0,-62,11,-99,-40,65,56,1994067948,100,0,114,0,"[-29,-15,-32,-18,-33,-19,-34,-22,-33,-22,-33,-23,-31,-22,-31,-20,-29,-20,-28,-20,-28,-18,-28,-16,-29,-16,-31,-16,-31,-15,-32,-15,-34,-14,-33,-15,-36,-15,-37,-12,-38,-11,-37,-11,-37,-10,-37,-7,-38,-5,-36,-3,-37,-3,-37,0,0,0,-40,-1,-37,0,-40,1,-41,3,-41,5,-41,5,-42,7,-42,9,-41,10,-40,11,-40,12,-37,12,-36,12,-33,14,-31,12,-32,12,-29,14,-29,16,-31,16,-31,16,-32,18,-31,18,-31,18,-32,18,-32,19,-32,18,-28,14,-25,11]"
CSI_DATA,134740,d8:b1:90:d9:de:f0,-62,11,-99,-40,65,56,1994087724,100,0,114,0,"[5,-32,7,-34,10,-37,14,-37,14,-36,15,-34,15,-33,16,-31,18,-31,18,-29,18,-28,18,-28,16,-27,18,-27,18,-28,18,-29,19,-32,20,-31,20,-32,22,-33,20,-32,20,-32,20,-32,19,-32,19,-32,18,-31,18,-31,16,-31,0,0,19,-33,19,-33,19,-33,19,-36,19,-34,20,-36,20,-37,20,-37,22,-36,20,-36,19,-34,19,-33,16,-32,16,-31,18,-28,16,-27,16,-28,15,-27,16,-27,19,-28,19,-29,22,-31,20,-31,22,-31,24,-29,24,-25,23,-23,22,-19]"
CSI_DATA,134741,d8:b1:90:d9:de:f0,-62,11,-99,-40,65,56,1994097952,100,0,114,0,"[-31,-3,-33,-5,-36,-5,-38,-6,-38,-7,-37,-6,-36,-7,-34,-7,-34,-5,-34,-6,-32,-5,-32,-5,-32,-5,-32,-3,-32,-2,-33,-1,-34,-1,-36,-1,-37,1,-37,2,-37,3,-38,6,-37,6,-36,7,-36,7,-34,9,-33,9,-34,11,0,0,-36,16,-34,14,-34,16,-36,19,-34,22,-34,23,-34,23,-34,24,-33,25,-33,25,-29,25,-31,25,-27,24,-25,25,-24,24,-23,23,-20,24,-20,25,-22,27,-22,27,-22,28,-22,28,-20,29,-24,29,-24,29,-23,27,-20,24,-19,22]"
CSI_DATA,134742,d8:b1:90:d9:de:f0,-62,11,-99,-39,65,56,1994117605,100,0,114,0,"[-22,20,-26,21,-30,21,-31,21,-32,20,-32,18,-31,17,-32,16,-31,16,-31,13,-28,13,-28,12,-30,12,-30,12,-30,12,-31,12,-32,13,-33,13,-35,13,-36,15,-35,16,-35,15,-33,15,-32,15,-32,15,-32,15,-32,13,-32,16,0,0,-32,16,-33,17,-33,17,-35,18,-35,18,-36,18,-36,20,-37,18,-36,20,-36,20,-35,18,-32,17,-31,16,-28,16,-30,16,-30,15,-28,15,-30,16,-30,15,-31,15,-31,15,-31,15,-32,13,-35,13,-35,11,-33,8,-30,7,-26,5]"
CSI_DATA,134743,d8:b1:90:d9:de:f0,-63,11,-99,-39,65,56,1994127769,100,0,114,0,"[25,17,26,21,25,26,25,28,22,30,21,30,18,31,16,28,16,30,13,31,12,28,11,30,11,30,10,31,10,32,10,32,10,36,10,36,8,37,8,36,8,37,8,37,7,37,6,35,6,36,6,36,5,35,5,36,0,0,3,36,3,36,3,39,2,39,3,40,1,41,1,41,0,42,0,41,-1,40,-1,39,-2,37,-3,36,-5,33,-3,32,-5,32,-5,31,-6,31,-6,31,-8,31,-10,33,-11,35,-12,33,-15,33,-16,31,-17,30,-17,26,-17,22]"
CSI_DATA,134744,d8:b1:90:d9:de:f0,-62,11,-99,-41,65,56,1994147640,100,0,114,0,"[-13,-32,-13,-34,-12,-37,-8,-38,-9,-38,-8,-38,-5,-38,-2,-37,-5,-36,-1,-36,-2,-34,-1,-34,-1,-33,-1,-33,-1,-34,0,-34,-2,-37,-2,-37,-2,-38,-1,-40,-4,-41,-4,-41,-4,-38,-4,-40,-2,-38,-2,-37,-2,-37,-4,-38,0,0,-4,-37,-6,-38,-5,-40,-6,-41,-6,-42,-6,-42,-6,-42,-6,-44,-6,-42,-6,-41,-5,-41,-5,-38,-4,-36,-5,-34,-5,-33,-5,-33,-4,-33,-5,-32,-5,-32,-4,-34,-4,-34,-2,-36,-2,-38,0,-37,1,-33,2,-32,4,-30,4,-29]"
CSI_DATA,134745,d8:b1:90:d9:de:f0,-62,11,-99,-40,65,56,1994167672,100,0,114,0,"[-25,20,-29,20,-33,20,-34,20,-34,22,-34,20,-34,19,-34,18,-32,18,-31,16,-28,16,-29,15,-31,16,-29,16,-29,18,-29,18,-29,20,-32,20,-32,22,-31,23,-32,24,-31,25,-29,24,-25,25,-28,25,-27,25,-25,27,-25,27,0,0,-23,27,-23,29,-23,31,-24,33,-24,33,-23,36,-23,36,-23,36,-22,34,-22,34,-20,34,-19,33,-16,32,-14,31,-14,29,-14,29,-14,28,-14,29,-12,29,-12,31,-14,32,-12,33,-12,33,-15,33,-15,29,-15,29,-15,27,-14,24]"
CSI_DATA,134746,d8:b1:90:d9:de:f0,-62,11,-99,-39,65,56,1994177658,100,0,114,0,"[-12,28,-16,30,-20,31,-20,32,-21,30,-22,28,-22,26,-23,25,-21,26,-22,26,-22,23,-22,23,-22,22,-22,22,-22,23,-22,23,-25,25,-26,25,-26,25,-26,26,-27,28,-25,28,-25,28,-23,28,-26,27,-23,27,-25,26,-23,26,0,0,-22,27,-22,28,-23,28,-25,30,-25,32,-25,32,-25,33,-26,33,-26,32,-26,32,-26,31,-23,30,-23,27,-22,27,-21,26,-20,23,-18,25,-20,23,-18,25,-22,27,-22,27,-23,27,-25,28,-26,26,-27,22,-26,20,-26,18,-22,15]"
CSI_DATA,134747,d8:b1:90:d9:de:f0,-63,11,-99,-38,65,56,1994197914,100,0,114,0,"[3,-30,4,-33,8,-35,8,-35,9,-36,9,-35,9,-33,11,-33,11,-30,11,-30,9,-28,11,-29,11,-29,9,-30,8,-31,9,-31,8,-33,9,-31,8,-35,8,-34,7,-36,6,-37,6,-36,4,-35,6,-35,4,-34,3,-33,2,-34,0,0,1,-35,0,-35,0,-36,-1,-37,-1,-39,-1,-39,-3,-40,-2,-40,-2,-39,-3,-39,-4,-36,-3,-37,-4,-34,-4,-33,-4,-30,-4,-30,-6,-31,-4,-30,-6,-30,-6,-30,-6,-33,-6,-34,-7,-35,-4,-36,-4,-34,-2,-33,-1,-29,0,-26]"
CSI_DATA,134748,d8:b1:90:d9:de:f0,-63,11,-99,-39,65,56,1994218091,100,0,114,0,"[27,-12,31,-13,33,-12,36,-12,35,-12,33,-12,33,-11,32,-10,32,-11,31,-11,30,-10,30,-11,30,-12,30,-12,30,-15,28,-15,31,-17,32,-17,32,-18,32,-20,31,-21,30,-23,30,-23,26,-25,27,-25,26,-26,25,-26,25,-27,0,0,23,-28,21,-31,20,-32,21,-32,20,-35,20,-35,18,-36,20,-39,17,-39,17,-37,13,-37,13,-35,11,-35,10,-32,8,-31,8,-30,7,-31,7,-31,6,-31,6,-33,6,-35,5,-36,3,-37,5,-35,7,-33,6,-32,6,-30,6,-26]"
CSI_DATA,134749,d8:b1:90:d9:de:f0,-62,11,-99,-40,65,56,1994238277,100,0,114,0,"[32,9,33,11,34,14,36,18,36,19,33,20,32,22,31,20,29,22,27,20,27,22,25,22,25,22,25,23,25,24,25,24,28,28,28,27,28,28,29,28,28,28,28,28,28,29,27,29,27,28,25,25,25,25,25,25,0,0,27,27,27,27,27,27,27,29,28,31,28,32,29,33,28,32,29,31,28,31,25,29,25,29,23,28,23,28,20,25,20,27,19,27,19,24,20,25,19,28,19,29,18,31,16,32,16,33,15,33,12,32,9,29,7,27]"
CSI_DATA,134750,d8:b1:90:d9:de:f0,-63,11,-99,-39,65,56,1994257794,100,0,114,0,"[6,30,5,35,3,36,3,39,3,40,2,39,0,37,0,36,1,35,0,33,1,31,0,32,1,32,0,32,1,33,1,33,3,35,3,36,5,37,3,36,5,36,7,37,6,36,8,36,7,36,8,35,10,33,11,33,0,0,12,35,15,33,15,35,16,36,17,36,17,36,18,37,18,36,20,35,20,35,18,33,20,31,17,30,18,28,17,26,18,27,18,26,18,25,18,23,18,26,20,27,20,27,21,30,21,31,18,27,16,27,16,27,12,23]"
CSI_DATA,134751,d8:b1:90:d9:de:f0,-62,11,-99,-40,65,56,1994277727,100,0,114,0,"[3,33,2,36,0,38,-3,38,-5,41,-6,38,-10,37,-10,37,-11,34,-12,32,-12,31,-14,31,-14,32,-15,31,-14,32,-15,32,-16,31,-19,33,-19,33,-19,33,-22,34,-22,33,-23,32,-19,32,-23,32,-22,31,-20,29,-20,31,0,0,-20,28,-22,31,-20,31,-24,32,-25,32,-27,32,-27,32,-29,32,-28,31,-28,31,-28,29,-27,28,-25,25,-24,23,-24,23,-24,20,-25,22,-24,20,-25,20,-27,18,-28,18,-28,18,-31,16,-32,15,-32,11,-31,9,-29,9,-25,6]"
CSI_DATA,134752,d8:b1:90:d9:de:f0,-62,11,-99,-40,65,56,1994299577,100,0,114,0,"[14,-28,18,-31,20,-33,22,-33,22,-33,23,-32,22,-31,22,-29,20,-29,22,-29,20,-28,19,-28,19,-28,19,-27,18,-29,18,-29,19,-33,19,-34,18,-34,18,-34,16,-37,12,-37,12,-36,11,-36,12,-37,10,-37,10,-36,9,-34,0,0,7,-37,5,-38,5,-40,3,-41,2,-41,2,-41,0,-42,1,-44,1,-42,-1,-42,-1,-41,-1,-38,-2,-38,-3,-36,-2,-33,-3,-32,-3,-32,-5,-31,-5,-32,-5,-33,-5,-34,-5,-36,-6,-37,-6,-37,-2,-34,-2,-33,-2,-31,-1,-28]"
CSI_DATA,134753,d8:b1:90:d9:de:f0,-62,11,-99,-39,65,56,1994317658,100,0,114,0,"[30,-10,32,-11,35,-10,37,-10,39,-8,36,-8,36,-6,35,-5,33,-7,33,-6,31,-7,32,-6,31,-6,32,-7,31,-7,31,-8,32,-10,36,-11,35,-11,35,-12,35,-13,35,-15,35,-15,32,-17,33,-16,31,-16,30,-17,30,-18,0,0,30,-22,30,-22,28,-23,30,-25,30,-25,31,-27,30,-28,30,-28,28,-30,28,-30,27,-28,26,-27,23,-27,21,-27,22,-27,20,-25,20,-26,20,-26,18,-26,18,-27,21,-28,20,-28,21,-30,21,-28,22,-28,21,-25,20,-23,17,-20]"
CSI_DATA,134754,d8:b1:90:d9:de:f0,-62,11,-99,-39,65,56,1994327645,100,0,114,0,"[22,-21,26,-21,28,-22,31,-21,33,-22,32,-20,32,-17,32,-16,31,-17,31,-15,30,-15,30,-13,30,-13,30,-13,30,-13,30,-13,30,-16,33,-16,33,-17,33,-16,35,-16,33,-17,33,-17,31,-18,33,-16,31,-18,30,-16,31,-17,0,0,30,-20,31,-21,31,-21,33,-23,33,-22,33,-22,33,-22,35,-23,33,-23,33,-22,32,-22,31,-21,30,-20,28,-20,27,-21,27,-18,26,-18,27,-17,26,-18,28,-17,30,-18,30,-18,30,-17,31,-16,32,-15,30,-13,28,-12,26,-10]"
CSI_DATA,134755,d8:b1:90:d9:de:f0,-62,11,-99,-41,65,56,1994337661,100,0,114,0,"[26,20,28,24,28,26,26,29,26,32,25,33,21,32,20,32,18,33,16,32,14,30,14,32,13,32,13,33,12,32,13,34,12,34,12,36,13,37,12,37,12,40,10,38,10,37,12,37,10,37,10,37,9,36,10,33,0,0,10,36,8,36,9,38,9,40,9,42,8,42,8,42,5,42,6,41,6,41,5,40,5,40,4,37,2,34,4,34,1,33,1,32,1,32,0,33,-1,34,-2,36,-2,36,-5,38,-6,38,-6,34,-9,32,-12,30,-10,26]"
CSI_DATA,134756,d8:b1:90:d9:de:f0,-62,11,-99,-40,65,56,1994357650,100,0,114,0,"[9,-31,11,-32,14,-34,16,-36,18,-34,19,-34,20,-32,20,-31,19,-31,19,-29,18,-28,19,-28,20,-27,20,-28,19,-28,20,-28,20,-31,22,-32,23,-33,22,-32,23,-33,19,-34,20,-33,18,-33,19,-33,19,-32,18,-32,16,-32,0,0,16,-32,15,-33,16,-33,16,-34,16,-37,16,-37,15,-37,18,-40,16,-38,18,-37,18,-37,16,-34,15,-33,14,-32,12,-31,14,-29,12,-28,12,-28,14,-29,14,-31,14,-31,14,-32,15,-32,18,-31,19,-29,19,-27,19,-24,18,-20]"
CSI_DATA,134757,d8:b1:90:d9:de:f0,-62,11,-99,-39,65,56,1994367658,100,0,114,0,"[-22,-20,-23,-23,-22,-26,-22,-28,-22,-31,-20,-31,-17,-32,-15,-32,-15,-30,-13,-31,-11,-28,-10,-30,-11,-31,-10,-31,-11,-31,-8,-31,-10,-33,-8,-36,-8,-36,-10,-36,-8,-37,-11,-37,-8,-36,-8,-35,-7,-36,-8,-36,-7,-33,-6,-33,0,0,-7,-32,-7,-36,-6,-36,-8,-39,-6,-40,-6,-40,-7,-40,-6,-41,-3,-39,-3,-40,-2,-39,-2,-37,-1,-35,-1,-33,0,-32,0,-31,0,-32,1,-31,1,-31,1,-32,3,-33,3,-33,3,-36,8,-35,8,-31,10,-28,12,-28,12,-23]"
CSI_DATA,134758,d8:b1:90:d9:de:f0,-62,11,-99,-40,65,56,1994377747,100,0,114,0,"[-24,22,-27,23,-31,24,-33,24,-33,24,-33,24,-32,20,-32,20,-28,20,-29,19,-27,18,-27,18,-28,19,-28,19,-27,22,-28,22,-28,24,-29,23,-29,24,-28,25,-27,27,-24,28,-25,28,-24,28,-24,29,-23,28,-23,29,-22,29,0,0,-20,33,-20,33,-19,34,-18,34,-18,36,-18,37,-18,37,-16,40,-16,38,-16,38,-14,37,-14,36,-12,34,-11,33,-10,32,-10,32,-9,31,-9,31,-7,31,-9,32,-9,33,-9,34,-7,34,-10,34,-12,34,-12,33,-10,29,-10,27]"
CSI_DATA,134759,d8:b1:90:d9:de:f0,-62,11,-99,-40,65,56,1994401238,100,0,114,0,"[3,-31,5,-34,6,-37,6,-38,7,-41,7,-41,9,-38,9,-37,6,-36,7,-34,6,-34,5,-32,5,-32,3,-33,2,-34,2,-34,1,-38,1,-38,-1,-40,-2,-38,-3,-40,-3,-38,-5,-37,-6,-37,-7,-36,-9,-36,-10,-36,-11,-34,0,0,-14,-33,-15,-34,-16,-34,-19,-34,-20,-36,-20,-36,-22,-36,-24,-36,-24,-33,-24,-32,-24,-31,-24,-31,-23,-28,-24,-25,-23,-23,-23,-24,-23,-22,-23,-20,-24,-20,-24,-22,-27,-22,-27,-23,-28,-24,-28,-24,-28,-22,-27,-22,-23,-22,-19,-19]"
CSI_DATA,134760,d8:b1:90:d9:de:f0,-62,11,-99,-39,65,56,1994417649,100,0,114,0,"[-17,25,-21,27,-25,27,-26,27,-27,27,-27,25,-28,23,-27,22,-26,23,-27,20,-25,20,-26,18,-26,21,-26,18,-27,20,-27,21,-27,21,-28,21,-28,22,-28,22,-28,23,-27,25,-27,23,-26,25,-27,23,-26,25,-26,23,-26,25,0,0,-25,26,-25,27,-25,28,-26,28,-26,28,-26,30,-26,31,-27,30,-27,30,-27,30,-26,30,-25,27,-23,27,-22,25,-22,25,-22,25,-21,26,-21,22,-21,25,-23,25,-23,26,-25,26,-25,26,-27,25,-27,22,-26,20,-25,18,-21,15]"
CSI_DATA,134761,d8:b1:90:d9:de:f0,-62,11,-99,-39,65,56,1994427929,100,0,114,0,"[-25,-13,-28,-15,-30,-16,-32,-15,-35,-12,-33,-11,-33,-11,-32,-10,-32,-3,-31,-3,-30,-1,-31,1,-31,3,-31,5,-31,7,-32,11,-30,13,-30,16,-28,18,-27,21,-26,25,-23,28,-20,27,-17,31,-16,32,-13,33,-10,33,-7,33,0,0,1,37,2,36,6,37,10,37,13,37,16,37,20,36,21,35,25,32,26,31,28,27,30,26,30,21,30,17,30,13,30,12,32,8,32,6,31,3,35,1,36,0,37,-3,39,-5,39,-6,36,-5,33,-7,31,-8,27,-7]"
CSI_DATA,134762,d8:b1:90:d9:de:f0,-62,11,-99,-39,65,56,1994447638,100,0,114,0,"[-13,-27,-15,-30,-13,-31,-12,-35,-12,-37,-10,-36,-8,-36,-7,-33,-8,-33,-6,-32,-6,-31,-5,-31,-5,-30,-6,-31,-6,-32,-5,-31,-7,-33,-8,-35,-8,-33,-8,-35,-8,-37,-10,-37,-8,-36,-10,-35,-10,-35,-10,-35,-10,-33,-12,-33,0,0,-12,-35,-12,-35,-13,-35,-15,-37,-16,-37,-15,-39,-16,-39,-15,-40,-17,-36,-16,-37,-15,-36,-13,-33,-13,-31,-11,-30,-13,-28,-12,-28,-12,-28,-12,-27,-12,-28,-13,-31,-13,-32,-13,-32,-12,-35,-11,-35,-11,-32,-8,-31,-6,-31,-3,-26]"
CSI_DATA,134763,d8:b1:90:d9:de:f0,-62,11,-99,-40,65,56,1994457728,100,0,114,0,"[12,29,11,33,10,37,7,37,9,42,5,37,3,40,1,36,1,36,1,34,0,33,-2,33,-3,34,-3,34,-3,34,-5,36,-5,36,-6,38,-6,36,-7,40,-6,37,-5,38,-6,37,-5,38,-9,38,-9,36,-9,36,-9,34,0,0,-7,34,-9,38,-9,36,-11,40,-10,38,-10,41,-11,41,-11,41,-11,38,-15,40,-15,37,-15,34,-14,33,-12,32,-12,31,-12,28,-14,29,-14,28,-14,31,-18,29,-16,31,-19,32,-20,32,-23,28,-24,24,-23,23,-23,22,-22,16]"
CSI_DATA,134764,d8:b1:90:d9:de:f0,-62,11,-99,-39,65,56,1994477655,100,0,114,0,"[-26,20,-30,20,-32,20,-33,20,-35,20,-33,17,-35,16,-33,13,-33,15,-32,12,-31,12,-31,11,-31,12,-31,11,-31,12,-31,12,-32,12,-35,13,-33,13,-36,15,-33,16,-33,16,-33,13,-32,16,-33,16,-32,17,-30,16,-33,17,0,0,-32,17,-31,20,-31,18,-33,20,-33,21,-35,21,-33,21,-35,22,-33,21,-33,21,-32,21,-31,20,-30,20,-27,18,-27,18,-26,17,-26,17,-26,16,-26,18,-28,18,-30,17,-28,17,-30,17,-31,17,-32,13,-30,12,-28,11,-25,8]"
CSI_DATA,134765,d8:b1:90:d9:de:f0,-62,11,-99,-39,65,56,1994487951,100,0,114,0,"[18,-26,21,-27,25,-28,27,-28,30,-26,31,-25,31,-22,31,-21,31,-18,30,-17,30,-16,30,-15,31,-15,30,-15,31,-12,32,-12,33,-12,35,-12,36,-12,36,-12,36,-12,37,-12,35,-10,35,-11,35,-11,35,-8,35,-10,36,-8,0,0,35,-10,35,-7,37,-8,37,-7,39,-7,40,-7,41,-6,40,-5,40,-5,39,-5,39,-2,36,-2,33,-2,33,-1,33,-1,33,1,31,0,32,1,32,2,33,3,35,5,33,5,33,7,35,10,33,11,31,13,27,12,22,12]"
CSI_DATA,134766,d8:b1:90:d9:de:f0,-62,11,-99,-40,65,56,1994507639,100,0,114,0,"[-31,10,-34,9,-38,9,-40,7,-41,6,-38,5,-38,2,-37,1,-36,2,-36,2,-34,2,-34,1,-33,1,-33,1,-33,1,-33,1,-36,2,-38,1,-37,2,-38,3,-37,2,-37,3,-37,3,-36,5,-38,3,-36,3,-37,5,-37,6,0,0,-36,6,-38,9,-37,9,-41,9,-40,9,-41,9,-41,11,-41,11,-40,11,-40,10,-38,10,-36,9,-34,9,-33,10,-33,9,-32,9,-32,9,-32,9,-32,9,-33,10,-36,10,-36,9,-34,7,-37,6,-37,5,-36,3,-32,2,-28,0]"
CSI_DATA,134767,d8:b1:90:d9:de:f0,-62,11,-99,-40,65,56,1994517660,100,0,114,0,"[22,-23,25,-24,29,-24,32,-23,33,-22,33,-19,33,-16,33,-15,33,-15,32,-12,31,-11,29,-10,32,-11,32,-10,34,-9,33,-9,36,-9,37,-10,38,-9,37,-10,37,-10,37,-9,36,-7,36,-10,37,-7,34,-6,34,-7,37,-7,0,0,36,-7,36,-7,36,-6,40,-7,40,-7,41,-6,41,-6,41,-6,42,-5,41,-5,41,-3,37,-3,37,-2,36,-2,33,-2,33,0,32,-1,33,-1,34,-1,36,1,37,2,36,2,36,5,34,7,36,7,32,11,28,11,25,10]"
CSI_DATA,134768,d8:b1:90:d9:de:f0,-63,11,-99,-39,65,56,1994527663,100,0,114,0,"[-13,-28,-15,-31,-13,-35,-13,-36,-13,-37,-12,-36,-11,-35,-11,-33,-10,-32,-10,-31,-10,-30,-10,-30,-11,-31,-12,-32,-12,-32,-13,-32,-15,-33,-16,-33,-17,-33,-17,-32,-20,-33,-20,-31,-21,-30,-21,-30,-21,-28,-22,-28,-23,-26,-23,-26,0,0,-26,-25,-25,-23,-26,-25,-30,-25,-31,-25,-32,-25,-35,-25,-33,-23,-33,-21,-33,-21,-32,-20,-32,-20,-31,-18,-30,-16,-28,-15,-27,-15,-27,-12,-28,-12,-28,-12,-31,-12,-32,-12,-31,-13,-32,-15,-31,-13,-30,-12,-28,-13,-23,-15,-21,-13]"
CSI_DATA,134769,d8:b1:90:d9:de:f0,-62,11,-99,-39,65,56,1994537667,100,0,114,0,"[-16,27,-18,30,-21,31,-23,31,-25,30,-25,28,-25,27,-25,26,-25,26,-25,25,-22,23,-22,22,-23,22,-23,22,-23,23,-23,23,-25,23,-25,25,-25,26,-25,26,-25,26,-25,28,-23,27,-21,27,-25,28,-23,27,-22,26,-22,27,0,0,-21,27,-21,28,-20,28,-22,31,-22,32,-23,33,-22,35,-22,35,-22,32,-22,32,-21,32,-20,31,-18,30,-17,28,-17,27,-16,25,-16,26,-17,25,-16,27,-18,27,-18,27,-20,28,-20,28,-23,30,-23,25,-22,23,-23,21,-20,16]"
CSI_DATA,134770,d8:b1:90:d9:de:f0,-63,11,-99,-37,65,56,1994547946,100,0,114,0,"[24,17,26,21,26,23,26,24,24,29,21,28,20,29,17,28,19,27,17,27,14,27,14,28,13,28,11,28,11,30,11,29,13,30,11,32,10,32,10,32,10,35,11,35,10,34,10,33,9,34,8,34,8,33,8,34,0,0,9,32,7,35,8,33,7,38,5,38,8,39,8,39,5,40,4,39,4,39,2,38,1,36,1,34,2,33,1,30,-1,29,-1,30,-1,28,-1,30,-2,32,-2,32,-5,34,-7,35,-10,34,-11,32,-11,29,-15,28,-14,22]"
CSI_DATA,134771,d8:b1:90:d9:de:f0,-63,11,-99,-38,65,56,1994558535,100,0,114,0,"[-11,-30,-9,-34,-9,-36,-8,-37,-8,-39,-7,-37,-4,-36,-4,-36,-4,-34,-3,-33,-3,-30,-2,-31,-2,-33,-2,-33,-3,-34,-3,-34,-3,-35,-3,-36,-6,-36,-4,-36,-6,-39,-8,-37,-7,-36,-7,-36,-7,-35,-7,-35,-7,-34,-8,-34,0,0,-9,-31,-12,-34,-12,-35,-13,-35,-14,-37,-13,-37,-14,-37,-13,-39,-14,-35,-13,-35,-13,-35,-13,-35,-13,-33,-13,-31,-12,-29,-11,-28,-12,-28,-12,-28,-12,-28,-13,-30,-12,-31,-13,-31,-12,-33,-9,-34,-9,-31,-7,-30,-6,-29,-2,-26]"
CSI_DATA,134772,d8:b1:90:d9:de:f0,-63,11,-99,-38,65,56,1994577654,100,0,114,0,"[4,28,4,33,2,35,1,36,0,39,-2,37,-4,35,-4,34,-7,33,-7,31,-7,31,-7,30,-9,29,-9,30,-9,30,-9,30,-9,33,-12,33,-12,33,-12,33,-12,33,-12,34,-12,31,-12,33,-12,31,-11,31,-12,29,-13,30,0,0,-12,33,-13,33,-13,33,-14,34,-14,35,-15,36,-17,35,-17,35,-18,35,-18,34,-18,34,-18,33,-17,31,-17,28,-18,26,-17,24,-17,25,-17,23,-17,24,-20,25,-22,24,-22,26,-23,24,-26,25,-26,22,-28,19,-26,17,-25,13]"
CSI_DATA,134773,d8:b1:90:d9:de:f0,-63,11,-99,-41,66,56,1994587716,100,0,114,0,"[-1,-30,-1,-33,1,-35,2,-36,2,-39,2,-38,3,-35,3,-34,2,-32,2,-32,2,-30,1,-29,1,-30,1,-30,1,-32,0,-32,-1,-34,-1,-34,-2,-35,-2,-34,-4,-35,-4,-35,-5,-33,-7,-33,-7,-33,-8,-33,-7,-30,-10,-30,0,0,-13,-32,-13,-32,-15,-32,-16,-33,-16,-34,-17,-34,-20,-33,-20,-33,-20,-33,-20,-32,-20,-29,-20,-30,-20,-28,-20,-27,-19,-24,-19,-22,-19,-22,-17,-22,-19,-22,-20,-23,-22,-22,-21,-26,-22,-24,-22,-27,-21,-27,-20,-24,-16,-24,-13,-22]"
CSI_DATA,134774,d8:b1:90:d9:de:f0,-63,11,-99,-38,65,56,1994609918,100,0,114,0,"[-28,12,-31,12,-34,11,-35,9,-36,7,-36,6,-35,3,-34,3,-33,4,-33,2,-31,2,-31,2,-31,2,-31,2,-31,1,-33,1,-33,1,-34,1,-35,1,-35,2,-35,2,-36,2,-35,3,-34,3,-34,4,-33,3,-31,3,-34,4,0,0,-34,6,-34,3,-35,6,-37,4,-36,6,-39,7,-37,6,-39,8,-39,7,-37,7,-36,7,-34,6,-33,6,-31,6,-30,4,-30,3,-29,4,-28,4,-29,6,-31,3,-33,3,-33,2,-33,2,-35,0,-35,-2,-33,-2,-28,-4,-25,-4]"
CSI_DATA,134775,d8:b1:90:d9:de:f0,-63,11,-99,-41,66,56,1994627645,100,0,114,0,"[24,17,26,20,26,22,27,24,27,27,26,27,23,27,23,26,22,24,20,24,20,23,19,23,19,23,19,24,19,24,20,24,21,23,21,26,23,24,22,24,23,27,26,26,23,24,24,24,23,23,23,23,22,23,22,21,0,0,26,21,26,21,27,22,29,22,29,22,29,23,29,22,29,24,29,21,28,21,29,22,27,21,26,21,24,17,26,16,23,17,23,16,22,17,23,17,26,19,26,19,26,21,24,22,23,23,22,22,20,21,17,22,15,20]"
CSI_DATA,134776,d8:b1:90:d9:de:f0,-63,11,-99,-41,66,56,1994640973,100,0,114,0,"[22,-21,26,-23,28,-23,29,-24,28,-26,28,-24,27,-23,26,-22,23,-22,23,-21,22,-21,21,-20,22,-23,21,-23,21,-24,19,-26,19,-28,19,-27,17,-29,16,-28,16,-33,14,-33,13,-33,11,-33,10,-30,7,-32,7,-30,5,-30,0,0,2,-33,2,-33,1,-35,-1,-35,-2,-36,-2,-38,-4,-38,-4,-39,-5,-36,-7,-36,-8,-35,-9,-34,-9,-32,-10,-30,-10,-27,-10,-29,-11,-27,-11,-27,-13,-26,-11,-27,-14,-28,-14,-29,-16,-29,-14,-30,-13,-28,-11,-28,-11,-26,-8,-24]"
CSI_DATA,134777,d8:b1:90:d9:de:f0,-63,11,-99,-41,66,56,1994657649,100,0,114,0,"[29,9,32,11,33,13,34,15,33,16,33,17,30,17,29,19,29,16,28,17,27,16,26,17,27,16,27,17,27,17,27,17,29,17,30,19,30,17,30,17,29,17,30,16,29,15,29,15,30,14,28,14,29,14,29,13,0,0,32,10,30,14,32,11,33,11,34,14,35,13,35,11,35,13,34,11,35,11,33,11,33,13,29,11,29,10,27,10,27,9,26,9,27,9,27,8,28,10,29,10,29,13,29,14,29,16,28,15,27,15,22,16,20,15]"
CSI_DATA,134778,d8:b1:90:d9:de:f0,-63,11,-99,-37,65,56,1994667692,100,0,114,0,"[-32,2,-33,1,-36,-2,-38,-3,-39,-5,-36,-7,-36,-8,-33,-9,-32,-10,-32,-9,-29,-11,-29,-13,-29,-11,-29,-11,-28,-13,-28,-14,-30,-15,-30,-15,-32,-15,-33,-15,-30,-16,-30,-16,-29,-15,-29,-15,-30,-17,-29,-15,-29,-15,-28,-14,0,0,-29,-16,-29,-16,-29,-16,-32,-16,-30,-19,-30,-19,-32,-21,-32,-21,-30,-21,-30,-21,-30,-20,-27,-21,-26,-20,-24,-19,-24,-20,-22,-20,-22,-20,-22,-19,-21,-20,-21,-21,-23,-23,-21,-24,-20,-26,-19,-28,-17,-28,-15,-27,-10,-24,-8,-22]"
CSI_DATA,134779,d8:b1:90:d9:de:f0,-63,11,-99,-41,66,56,1994677718,100,0,114,0,"[-7,29,-9,33,-11,34,-11,36,-11,35,-11,35,-13,33,-13,32,-10,32,-11,30,-9,28,-10,29,-10,29,-10,30,-8,29,-9,30,-8,33,-8,33,-7,34,-5,32,-5,36,-3,36,-2,35,-1,34,-2,33,-1,33,0,32,1,32,0,0,4,32,4,33,5,35,7,35,9,36,8,38,11,36,10,38,13,35,10,35,11,34,10,33,11,30,11,28,13,27,13,27,13,26,13,24,13,24,14,27,14,27,14,29,15,29,13,30,11,29,9,27,8,27,7,24]"
CSI_DATA,134780,d8:b1:90:d9:de:f0,-63,11,-99,-38,65,56,1994697694,100,0,114,0,"[-18,25,-20,28,-23,28,-26,26,-29,28,-29,26,-30,23,-30,23,-29,20,-29,18,-28,18,-28,15,-30,17,-28,14,-29,14,-29,14,-30,15,-31,15,-31,15,-31,14,-34,14,-34,17,-31,14,-30,14,-31,14,-31,13,-31,13,-31,14,0,0,-30,13,-31,14,-31,14,-34,13,-35,14,-35,15,-36,14,-35,13,-36,12,-36,11,-36,11,-33,8,-31,8,-29,7,-29,8,-30,4,-29,6,-30,4,-30,6,-31,3,-31,3,-33,3,-31,0,-34,-2,-33,-6,-31,-6,-28,-6,-23,-7]"
CSI_DATA,134781,d8:b1:90:d9:de:f0,-63,11,-99,-41,66,56,1994708473,100,0,114,0,"[28,11,30,14,30,15,32,19,33,20,32,19,30,21,28,20,28,19,26,19,24,17,24,19,24,17,26,19,24,19,26,17,29,17,29,19,28,17,28,16,30,19,29,17,30,17,30,16,30,15,29,14,29,14,29,14,0,0,32,11,32,10,33,11,34,11,34,11,35,11,35,11,35,13,36,11,35,11,34,9,33,10,30,9,29,8,29,8,29,8,28,7,28,7,29,5,29,8,30,9,30,10,30,11,30,13,32,13,28,13,24,14,21,13]"
CSI_DATA,134782,d8:b1:90:d9:de:f0,-63,11,-99,-38,65,56,1994727644,100,0,114,0,"[14,-28,18,-30,19,-31,23,-31,24,-31,25,-30,25,-26,25,-26,24,-25,25,-23,24,-22,24,-20,26,-20,26,-19,26,-19,26,-18,29,-20,30,-20,30,-22,30,-22,30,-22,30,-22,29,-20,28,-19,30,-20,29,-18,29,-18,28,-17,0,0,28,-19,29,-19,29,-19,33,-19,31,-20,33,-22,31,-22,34,-20,33,-19,33,-18,33,-17,31,-15,30,-14,29,-14,28,-13,29,-12,26,-11,28,-11,28,-12,30,-9,33,-9,31,-8,33,-8,34,-4,35,-2,33,0,30,0,26,2]"
CSI_DATA,134783,d8:b1:90:d9:de:f0,-63,11,-99,-42,66,56,1994737931,100,0,114,0,"[3,31,3,35,1,37,1,39,0,40,0,41,-1,37,-1,37,0,35,-1,33,0,30,0,31,-1,33,0,33,0,34,2,34,2,35,2,35,4,36,4,35,6,37,7,39,7,35,8,34,8,33,9,33,9,31,12,33,0,0,13,30,13,30,15,31,17,31,18,34,18,35,19,34,19,33,20,30,20,30,19,30,19,30,19,28,18,25,17,24,18,25,17,23,17,23,18,24,17,23,18,24,19,25,19,26,19,29,15,26,15,26,13,25,9,23]"
CSI_DATA,134784,d8:b1:90:d9:de:f0,-63,11,-99,-41,66,56,1994757645,100,0,114,0,"[3,-32,5,-34,8,-36,10,-35,13,-36,14,-34,15,-33,16,-32,15,-30,16,-29,15,-26,16,-27,17,-28,17,-28,17,-27,17,-26,19,-28,21,-29,20,-28,21,-30,19,-28,19,-28,20,-28,19,-27,21,-28,19,-27,19,-27,20,-26,0,0,19,-27,20,-29,19,-28,21,-28,21,-29,23,-30,23,-30,24,-30,22,-28,26,-29,23,-27,22,-26,21,-23,20,-22,21,-22,21,-20,21,-21,22,-20,22,-19,24,-19,26,-19,26,-19,27,-19,29,-16,29,-13,28,-10,28,-9,22,-7]"
CSI_DATA,134785,d8:b1:90:d9:de:f0,-63,11,-99,-38,65,56,1994767818,100,0,114,0,"[18,28,18,31,19,34,19,35,19,36,19,36,17,34,15,34,17,31,15,30,15,28,14,29,15,30,17,30,18,30,18,29,20,30,20,31,23,31,23,29,24,29,24,28,24,25,25,24,25,25,24,24,25,23,26,20,0,0,29,20,29,19,30,19,33,18,34,20,35,19,35,18,35,18,34,15,35,15,35,14,31,15,31,14,30,12,28,11,29,11,28,9,29,8,29,8,29,9,31,9,31,9,31,11,33,13,30,12,29,12,25,13,22,12]"
CSI_DATA,134786,d8:b1:90:d9:de:f0,-63,11,-99,-38,65,56,1994787578,100,0,114,0,"[6,-31,9,-34,11,-36,13,-35,14,-36,14,-35,17,-31,18,-30,18,-30,19,-29,18,-26,19,-25,18,-26,19,-24,19,-25,19,-25,20,-28,22,-28,22,-28,22,-26,22,-29,22,-28,22,-26,22,-26,20,-26,19,-26,19,-25,22,-25,0,0,20,-26,22,-26,20,-28,22,-29,23,-29,24,-29,23,-29,25,-28,24,-28,25,-26,23,-26,24,-24,23,-23,22,-22,22,-22,22,-20,22,-19,23,-18,23,-18,25,-18,28,-18,29,-18,28,-19,29,-15,30,-13,29,-11,28,-9,24,-6]"
CSI_DATA,134787,d8:b1:90:d9:de:f0,-63,11,-99,-41,66,56,1994797708,100,0,114,0,"[-7,30,-8,33,-10,35,-11,35,-13,39,-11,35,-13,36,-13,33,-10,32,-11,30,-10,29,-10,30,-9,29,-8,29,-8,30,-7,30,-7,32,-5,33,-4,33,-5,34,-4,34,-2,36,-2,33,0,33,-1,35,1,34,3,32,3,30,0,0,7,30,7,32,7,32,8,34,10,34,10,36,11,35,11,36,13,34,14,34,15,32,13,32,13,29,13,27,14,26,13,24,13,24,13,23,14,24,15,27,15,27,15,28,16,30,15,28,14,27,11,26,10,27,8,22]"
CSI_DATA,134788,d8:b1:90:d9:de:f0,-63,11,-99,-39,65,56,1994810812,100,0,114,0,"[32,-13,35,-13,37,-12,39,-11,41,-11,40,-10,40,-7,39,-6,36,-7,36,-5,32,-5,33,-5,32,-5,33,-5,32,-5,33,-5,32,-5,36,-6,35,-6,36,-6,36,-7,36,-10,35,-7,33,-10,37,-10,35,-10,32,-8,32,-10,0,0,32,-11,32,-12,33,-11,36,-13,35,-13,36,-13,36,-15,37,-15,36,-15,37,-15,35,-13,32,-12,31,-12,30,-11,31,-11,28,-11,28,-11,27,-11,28,-11,31,-11,32,-10,32,-11,33,-8,33,-6,33,-6,31,-3,30,-2,25,-1]"
CSI_DATA,134789,d8:b1:90:d9:de:f0,-63,11,-99,-41,66,56,1994827641,100,0,114,0,"[7,30,7,34,7,36,4,38,5,40,5,39,3,38,3,35,4,34,3,33,4,32,4,32,5,32,8,30,8,32,8,30,9,32,11,33,11,33,11,32,13,32,14,32,14,30,16,29,17,29,17,28,19,27,20,24,0,0,21,24,22,23,22,23,24,26,27,24,27,26,28,24,29,24,30,22,29,21,29,20,28,20,27,17,26,16,24,14,24,14,24,15,23,13,26,13,26,14,27,14,28,15,29,15,28,16,27,15,24,15,22,17,19,15]"
CSI_DATA,134790,d8:b1:90:d9:de:f0,-63,11,-99,-38,65,56,1994837716,100,0,114,0,"[33,-1,36,0,39,1,39,2,41,3,41,4,39,6,37,6,35,4,35,7,33,4,33,7,34,7,34,7,33,8,34,6,35,6,36,4,37,4,37,3,36,3,36,1,35,2,34,1,35,2,34,2,34,1,34,0,0,0,36,-1,34,-1,35,-2,36,-3,37,-3,39,-3,37,-3,39,-3,37,-4,37,-4,36,-3,35,-2,33,-2,31,-3,30,-3,30,-3,29,-3,29,-3,30,-4,31,-2,31,-2,31,-2,33,1,34,0,34,2,31,3,28,3,24,4]"
CSI_DATA,134791,d8:b1:90:d9:de:f0,-63,11,-99,-41,66,56,1994857646,100,0,114,0,"[-4,32,-7,35,-8,35,-8,38,-9,40,-8,39,-10,38,-10,35,-7,34,-7,32,-5,29,-7,30,-5,30,-5,30,-4,32,-3,30,-2,33,-2,35,-1,35,0,35,1,36,3,36,2,34,5,34,4,34,7,34,8,33,9,32,0,0,10,33,13,30,13,32,16,34,16,35,17,33,20,33,19,34,20,32,19,32,20,32,17,29,19,27,19,24,19,23,17,23,19,22,19,21,19,21,21,22,20,23,21,23,22,27,21,27,19,24,17,23,15,23,13,21]"
CSI_DATA,134792,d8:b1:90:d9:de:f0,-63,11,-99,-41,66,56,1994867672,100,0,114,0,"[27,-17,30,-16,34,-17,34,-16,36,-15,35,-15,35,-13,34,-11,32,-11,32,-10,29,-10,30,-9,29,-10,29,-10,29,-10,30,-10,29,-13,33,-13,33,-13,32,-14,30,-14,32,-15,29,-14,30,-14,32,-16,28,-15,28,-15,28,-16,0,0,27,-19,28,-19,28,-19,29,-21,29,-22,29,-22,29,-23,30,-22,29,-21,30,-22,27,-22,27,-19,26,-19,23,-19,23,-17,23,-16,21,-16,22,-17,21,-17,24,-19,26,-17,26,-17,26,-19,28,-15,29,-15,26,-13,26,-10,22,-8]"
CSI_DATA,134793,d8:b1:90:d9:de:f0,-63,11,-99,-41,66,56,1994877679,100,0,114,0,"[5,-32,7,-34,9,-36,11,-36,14,-36,15,-34,16,-33,16,-30,16,-29,16,-27,16,-26,16,-24,17,-27,17,-27,17,-27,19,-27,19,-27,21,-28,20,-27,21,-29,20,-28,21,-29,21,-28,19,-28,21,-28,19,-28,20,-27,19,-27,0,0,20,-26,19,-28,19,-28,22,-30,22,-29,22,-30,23,-30,24,-30,23,-28,23,-29,23,-27,21,-26,21,-24,20,-22,20,-21,21,-20,21,-20,21,-20,22,-20,23,-19,24,-20,24,-20,27,-19,29,-17,28,-14,28,-11,26,-10,24,-7]"
CSI_DATA,134794,d8:b1:90:d9:de:f0,-63,11,-99,-38,65,56,1994897935,100,0,114,0,"[20,25,22,29,22,33,22,35,20,35,20,36,18,35,17,35,15,31,14,31,14,30,14,30,13,30,13,30,14,30,14,31,15,33,14,33,17,34,15,33,17,33,18,34,17,33,19,31,18,30,18,29,18,29,19,28,0,0,19,28,20,29,22,29,22,29,22,28,23,30,23,30,24,33,23,30,23,29,23,29,22,30,20,28,20,26,19,25,18,24,18,24,18,23,17,23,17,25,18,25,18,28,17,29,17,30,14,29,12,28,9,28,7,23]"
CSI_DATA,134795,d8:b1:90:d9:de:f0,-63,11,-99,-41,66,56,1994920195,100,0,114,0,"[-14,28,-17,29,-19,30,-21,29,-24,29,-24,27,-27,24,-24,23,-24,23,-26,21,-24,20,-27,19,-26,19,-26,16,-26,16,-26,16,-27,16,-30,19,-32,17,-32,17,-30,17,-32,17,-30,16,-29,15,-30,14,-29,14,-28,14,-28,13,0,0,-30,14,-30,14,-30,13,-34,14,-34,15,-34,14,-35,13,-36,11,-35,11,-35,10,-35,10,-32,8,-30,8,-29,5,-29,5,-28,4,-28,3,-28,4,-28,3,-32,1,-33,0,-33,-1,-32,-2,-32,-5,-32,-8,-28,-8,-27,-9,-22,-9]"
CSI_DATA,134796,d8:b1:90:d9:de:f0,-63,11,-99,-42,66,56,1994930606,100,0,114,0,"[25,19,26,23,28,25,29,26,28,29,26,29,24,29,24,28,24,26,24,26,22,25,22,25,22,24,23,24,22,24,23,23,24,25,26,26,26,28,26,25,28,25,28,25,28,24,28,22,28,22,28,22,28,19,29,18,0,0,30,19,29,17,30,17,33,18,34,19,34,19,34,18,35,18,35,17,35,17,34,15,31,15,30,14,29,13,28,12,26,12,25,12,26,11,26,11,29,13,29,13,29,14,30,15,29,17,26,15,24,17,22,17,17,15]"
CSI_DATA,134797,d8:b1:90:d9:de:f0,-63,11,-99,-41,66,56,1994948162,100,0,114,0,"[-9,28,-13,30,-15,33,-16,33,-15,34,-16,34,-17,32,-17,30,-15,29,-16,28,-15,27,-14,27,-14,28,-14,28,-13,29,-13,30,-13,30,-13,32,-11,33,-10,30,-9,34,-10,34,-9,34,-7,34,-7,34,-4,33,-4,33,-4,33,0,0,-1,33,-1,34,0,35,1,38,2,38,2,39,3,39,2,39,3,36,3,36,4,35,5,34,4,32,5,30,4,28,5,28,5,28,7,27,5,28,5,28,5,29,7,32,7,32,5,33,3,30,2,29,1,28,0,27]"
CSI_DATA,134798,d8:b1:90:d9:de:f0,-62,11,-99,-39,65,56,1994967644,100,0,114,0,"[-12,-31,-12,-36,-10,-39,-7,-41,-6,-40,-3,-40,-3,-39,-1,-37,0,-36,0,-36,1,-33,0,-33,0,-33,1,-33,1,-35,2,-35,1,-36,2,-35,3,-36,2,-36,1,-37,1,-37,1,-36,1,-36,1,-37,0,-36,0,-35,0,-35,0,0,1,-33,0,-35,1,-36,0,-36,0,-40,1,-41,1,-40,3,-40,2,-39,2,-39,1,-37,2,-35,2,-35,2,-32,3,-30,6,-31,5,-31,5,-31,6,-31,6,-30,7,-31,10,-32,10,-32,11,-33,12,-30,15,-27,16,-25,15,-21]"
CSI_DATA,134799,d8:b1:90:d9:de:f0,-63,11,-99,-39,65,56,1994977671,100,0,114,0,"[-27,-18,-30,-20,-32,-21,-32,-23,-33,-25,-32,-23,-31,-25,-28,-22,-30,-20,-30,-21,-28,-18,-28,-20,-28,-17,-28,-17,-28,-16,-30,-17,-31,-15,-32,-15,-35,-15,-33,-12,-35,-12,-36,-11,-35,-10,-36,-7,-36,-7,-35,-6,-33,-5,-33,-3,0,0,-33,0,-35,1,-35,2,-39,3,-37,5,-39,5,-39,7,-39,7,-37,8,-37,10,-35,10,-33,8,-32,10,-30,11,-28,12,-27,10,-26,10,-26,12,-27,12,-27,12,-30,12,-28,13,-30,12,-30,12,-31,12,-28,10,-26,8,-23,6]"
CSI_DATA,134800,d8:b1:90:d9:de:f0,-63,11,-99,-41,66,56,1994997931,100,0,114,0,"[29,8,32,11,34,14,34,16,34,19,32,19,30,20,28,20,28,19,26,20,24,20,23,21,23,20,24,21,24,22,23,22,26,23,26,24,26,24,24,24,27,24,26,24,26,24,24,24,26,23,23,23,23,22,24,23,0,0,23,22,23,24,23,24,24,26,26,26,24,27,26,28,26,28,26,28,23,27,22,27,21,27,21,27,19,24,17,24,16,23,15,23,15,23,15,23,16,26,15,27,14,29,13,32,9,32,9,30,8,29,4,27,2,23]"
CSI_DATA,134801,d8:b1:90:d9:de:f0,-63,11,-99,-41,66,56,1995017654,100,0,114,0,"[10,28,9,32,7,35,8,36,8,38,7,38,5,35,4,35,4,34,3,34,3,30,3,32,4,30,3,32,4,30,4,32,5,33,7,33,8,34,7,33,9,34,9,34,10,33,11,32,11,33,11,32,11,32,13,28,0,0,13,30,14,29,16,30,17,30,19,33,17,33,20,32,19,34,20,30,19,30,20,30,16,30,17,27,16,26,17,23,16,23,15,23,15,22,15,23,15,23,16,24,15,26,15,27,15,29,13,28,11,28,8,26,7,23]"
CSI_DATA,134802,d8:b1:90:d9:de:f0,-63,11,-99,-38,65,56,1995027672,100,0,114,0,"[-30,-2,-34,-3,-35,-6,-37,-8,-36,-9,-36,-12,-34,-13,-33,-13,-33,-14,-30,-13,-30,-12,-28,-13,-29,-14,-29,-13,-30,-14,-29,-15,-31,-15,-30,-15,-31,-17,-30,-15,-31,-17,-31,-15,-30,-15,-30,-14,-31,-15,-31,-15,-30,-14,-31,-12,0,0,-31,-14,-30,-14,-33,-15,-33,-14,-35,-15,-35,-17,-35,-15,-35,-17,-34,-17,-33,-15,-34,-17,-31,-17,-29,-15,-28,-15,-26,-15,-25,-15,-23,-15,-24,-14,-25,-15,-24,-17,-25,-17,-24,-19,-24,-20,-24,-24,-23,-24,-19,-24,-15,-23,-12,-22]"
CSI_DATA,134803,d8:b1:90:d9:de:f0,-63,11,-99,-39,65,56,1995037722,100,0,114,0,"[-13,30,-15,32,-17,33,-20,35,-18,36,-20,36,-18,33,-18,32,-17,31,-16,31,-15,28,-15,30,-13,30,-13,31,-12,32,-11,32,-10,35,-11,35,-10,36,-7,36,-6,37,-5,39,-3,37,-2,36,-1,36,-1,36,1,33,3,35,0,0,5,35,6,35,8,36,8,36,11,39,11,39,13,39,13,39,15,36,13,36,16,35,16,33,16,30,16,28,16,26,15,27,16,25,16,25,16,25,16,26,16,26,17,28,18,27,18,28,15,27,15,28,13,26,10,23]"
CSI_DATA,134804,d8:b1:90:d9:de:f0,-63,11,-99,-39,65,56,1995058135,100,0,114,0,"[-32,-10,-33,-13,-35,-16,-35,-18,-36,-21,-35,-22,-33,-23,-30,-23,-27,-21,-26,-22,-23,-22,-23,-23,-25,-23,-25,-23,-25,-26,-23,-26,-25,-27,-26,-28,-26,-27,-25,-26,-25,-28,-25,-27,-23,-27,-23,-26,-23,-27,-23,-27,-22,-26,-23,-25,0,0,-22,-26,-23,-27,-23,-26,-25,-30,-23,-31,-25,-31,-25,-31,-23,-33,-21,-30,-21,-31,-21,-31,-18,-31,-18,-28,-16,-27,-16,-27,-15,-26,-13,-26,-13,-26,-13,-26,-12,-28,-12,-30,-11,-31,-8,-32,-7,-32,-5,-31,-3,-30,-1,-28,1,-25]"
CSI_DATA,134805,d8:b1:90:d9:de:f0,-63,11,-99,-41,66,56,1995077617,100,0,114,0,"[0,32,-2,34,-3,38,-4,40,-7,39,-7,39,-5,36,-7,35,-5,33,-5,33,-5,32,-5,30,-4,32,-5,32,-5,33,-5,34,-3,35,-4,33,-3,35,-2,33,-1,35,0,35,0,34,0,34,1,33,1,33,2,32,3,33,0,0,7,34,4,33,7,34,8,34,8,36,8,36,9,38,9,38,9,35,9,34,10,33,9,34,9,32,9,30,8,27,8,27,9,24,8,26,9,27,9,28,9,28,8,30,8,30,7,33,4,32,4,30,2,28,0,26]"
CSI_DATA,134806,d8:b1:90:d9:de:f0,-63,11,-99,-41,66,56,1995087672,100,0,114,0,"[2,32,2,35,0,38,-1,39,-3,39,-4,39,-5,35,-7,35,-7,33,-8,33,-8,30,-9,29,-9,32,-8,32,-9,32,-8,32,-9,32,-9,33,-9,34,-9,33,-9,34,-8,35,-9,34,-7,33,-8,33,-8,33,-7,32,-9,32,0,0,-8,33,-5,34,-7,34,-8,34,-8,38,-9,36,-8,38,-9,36,-9,36,-9,34,-9,34,-9,33,-9,32,-9,30,-8,28,-9,27,-9,27,-10,27,-10,27,-14,27,-13,26,-14,27,-14,27,-17,28,-19,26,-19,23,-19,22,-17,17]"
CSI_DATA,134807,d8:b1:90:d9:de:f0,-63,11,-99,-38,65,56,1995097732,100,0,114,0,"[-30,-9,-34,-11,-35,-12,-37,-13,-39,-14,-37,-14,-35,-14,-34,-14,-34,-11,-33,-11,-31,-9,-31,-9,-31,-8,-31,-7,-31,-7,-33,-7,-34,-4,-35,-4,-36,-2,-35,-2,-36,-1,-37,1,-35,1,-35,3,-34,4,-33,4,-31,6,-33,7,0,0,-31,12,-31,12,-33,13,-34,14,-34,15,-35,17,-33,19,-33,18,-31,20,-31,20,-30,20,-28,18,-26,19,-24,19,-23,19,-23,19,-20,17,-22,19,-20,19,-22,22,-22,24,-23,23,-22,23,-25,22,-25,20,-23,19,-20,17,-19,13]"
CSI_DATA,134808,d8:b1:90:d9:de:f0,-63,11,-99,-39,65,56,1995108184,100,0,114,0,"[18,-25,23,-27,27,-27,30,-28,30,-28,30,-26,30,-25,30,-23,28,-23,27,-21,27,-21,26,-20,27,-21,26,-20,26,-21,27,-21,28,-22,28,-22,28,-22,27,-23,28,-23,27,-25,26,-25,26,-25,25,-22,23,-23,25,-23,23,-25,0,0,23,-26,23,-27,23,-27,25,-27,23,-30,25,-31,25,-30,23,-30,26,-30,23,-28,23,-28,21,-27,21,-25,20,-25,20,-23,20,-22,18,-21,18,-22,18,-22,21,-23,22,-23,23,-23,22,-23,25,-21,26,-18,25,-18,22,-15,21,-12]"
CSI_DATA,134809,d8:b1:90:d9:de:f0,-63,11,-99,-41,66,56,1995130001,100,0,114,0,"[-21,-21,-22,-26,-22,-28,-21,-30,-20,-32,-19,-32,-16,-30,-14,-30,-13,-29,-11,-28,-11,-28,-10,-28,-10,-28,-10,-28,-9,-29,-9,-29,-10,-30,-9,-32,-10,-33,-10,-33,-10,-33,-10,-33,-10,-32,-10,-32,-9,-32,-9,-32,-9,-32,-9,-30,0,0,-9,-29,-10,-32,-9,-32,-10,-34,-11,-35,-11,-36,-10,-36,-10,-35,-9,-36,-8,-35,-8,-35,-7,-34,-5,-32,-4,-30,-5,-28,-2,-28,-3,-28,-4,-27,-3,-28,-2,-30,-1,-29,0,-32,1,-32,3,-34,4,-32,5,-29,8,-27,9,-23]"
CSI_DATA,134810,d8:b1:90:d9:de:f0,-63,11,-99,-38,65,56,1995147643,100,0,114,0,"[-25,23,-29,24,-31,23,-33,22,-36,24,-35,22,-36,18,-34,17,-33,15,-33,14,-29,13,-30,12,-31,13,-30,13,-29,13,-31,13,-31,13,-35,14,-34,13,-35,14,-34,14,-35,14,-33,14,-33,15,-34,14,-31,14,-30,14,-30,14,0,0,-30,14,-31,15,-30,15,-33,17,-31,15,-33,15,-33,17,-35,17,-35,17,-35,17,-34,17,-31,14,-30,13,-28,12,-29,13,-28,12,-28,12,-26,12,-28,11,-30,9,-31,8,-31,9,-31,8,-33,7,-33,4,-30,2,-28,2,-25,-1]"
CSI_DATA,134811,d8:b1:90:d9:de:f0,-63,11,-99,-38,65,56,1995157683,100,0,114,0,"[12,-30,14,-33,17,-35,18,-36,18,-37,17,-36,18,-35,17,-33,14,-31,15,-30,13,-29,13,-29,11,-30,11,-31,11,-31,9,-33,8,-35,7,-36,6,-36,3,-36,4,-37,2,-37,1,-36,-1,-36,-1,-35,-3,-35,-4,-34,-6,-33,0,0,-9,-34,-9,-34,-12,-34,-13,-35,-14,-35,-15,-35,-17,-35,-17,-35,-18,-34,-18,-31,-20,-30,-18,-29,-19,-28,-19,-25,-19,-23,-18,-23,-18,-22,-18,-22,-19,-20,-20,-23,-22,-23,-22,-24,-23,-24,-22,-24,-20,-23,-19,-23,-17,-23,-13,-19]"
CSI_DATA,134812,d8:b1:90:d9:de:f0,-63,11,-99,-41,66,56,1995177665,100,0,114,0,"[32,-5,35,-4,38,-3,40,-2,40,0,39,1,38,3,36,3,34,2,33,3,32,3,30,4,33,4,33,4,33,5,33,4,35,5,35,5,36,5,35,5,36,5,36,5,34,4,34,3,34,4,32,4,33,2,33,2,0,0,34,0,33,2,35,2,36,2,38,2,38,2,38,2,38,3,38,2,36,2,34,2,33,3,33,3,29,2,29,3,29,4,29,4,29,4,29,4,29,5,30,5,30,8,30,8,30,11,30,11,27,13,23,14,19,14]"
CSI_DATA,134813,d8:b1:90:d9:de:f0,-63,11,-99,-37,65,56,1995187664,100,0,114,0,"[-23,-22,-26,-24,-27,-26,-29,-27,-28,-28,-27,-28,-26,-28,-24,-27,-26,-23,-24,-22,-23,-20,-22,-20,-26,-21,-27,-20,-27,-19,-28,-19,-29,-19,-30,-19,-32,-17,-33,-15,-33,-14,-34,-13,-33,-11,-34,-9,-33,-8,-32,-8,-33,-5,-33,-3,0,0,-34,-1,-32,0,-34,1,-38,2,-38,3,-38,5,-38,5,-38,5,-36,8,-36,9,-34,9,-33,9,-29,9,-28,10,-28,10,-28,10,-26,11,-27,13,-26,13,-26,13,-27,15,-27,14,-27,15,-29,13,-29,13,-28,13,-24,9,-23,7]"
CSI_DATA,134814,d8:b1:90:d9:de:f0,-63,11,-99,-41,66,56,1995197719,100,0,114,0,"[-19,-23,-20,-28,-20,-29,-20,-32,-19,-32,-19,-33,-16,-32,-17,-32,-17,-28,-16,-28,-15,-27,-15,-27,-15,-28,-15,-28,-16,-27,-16,-28,-17,-28,-17,-29,-20,-30,-19,-27,-22,-29,-22,-28,-22,-26,-22,-24,-22,-23,-21,-24,-21,-22,-23,-22,0,0,-26,-21,-24,-21,-27,-22,-28,-21,-29,-23,-30,-22,-30,-21,-30,-22,-29,-20,-29,-20,-29,-20,-27,-20,-26,-19,-26,-15,-26,-15,-24,-15,-22,-14,-24,-13,-24,-14,-24,-14,-26,-14,-24,-16,-26,-17,-26,-20,-23,-19,-22,-19,-20,-19,-15,-17]"
CSI_DATA,134815,d8:b1:90:d9:de:f0,-64,11,-99,-39,66,56,1995223683,100,0,114,0,"[-26,12,-29,13,-32,13,-32,14,-33,14,-31,13,-32,12,-31,12,-30,15,-29,13,-26,13,-26,14,-26,14,-25,15,-24,16,-25,16,-25,19,-26,20,-25,21,-25,22,-24,23,-21,26,-20,24,-19,25,-20,26,-19,26,-16,26,-15,26,0,0,-12,26,-13,30,-11,30,-12,33,-8,33,-7,35,-6,35,-7,35,-5,34,-4,34,-4,34,-2,32,-2,29,-1,28,0,28,0,26,1,28,1,26,2,26,2,28,3,29,3,30,3,31,1,30,0,29,0,26,0,26,0,22]"
CSI_DATA,134816,d8:b1:90:d9:de:f0,-63,11,-99,-42,66,56,1995237688,100,0,114,0,"[-19,-25,-20,-30,-19,-34,-18,-36,-18,-36,-15,-36,-13,-35,-11,-34,-11,-34,-11,-34,-11,-31,-9,-31,-8,-31,-8,-31,-9,-33,-9,-34,-9,-34,-9,-34,-9,-35,-9,-34,-9,-35,-11,-35,-11,-34,-12,-34,-11,-31,-11,-31,-11,-31,-12,-30,0,0,-13,-30,-12,-33,-12,-33,-14,-34,-13,-35,-13,-36,-14,-35,-13,-37,-14,-35,-13,-34,-12,-34,-11,-34,-9,-31,-9,-31,-9,-29,-8,-29,-8,-26,-7,-26,-8,-26,-6,-28,-7,-29,-6,-30,-4,-31,-3,-33,-2,-30,-1,-29,2,-26,2,-24]"
CSI_DATA,134817,d8:b1:90:d9:de:f0,-63,11,-99,-38,65,56,1995247802,100,0,114,0,"[-34,2,-35,2,-39,1,-40,1,-41,2,-40,1,-37,0,-37,1,-36,2,-36,2,-34,2,-34,2,-35,3,-34,4,-33,6,-34,7,-33,9,-34,9,-35,11,-35,12,-35,14,-33,17,-31,15,-29,18,-29,17,-29,18,-28,19,-26,19,0,0,-25,23,-24,24,-24,25,-25,28,-23,29,-24,31,-22,33,-23,33,-22,31,-22,33,-19,31,-18,31,-15,30,-14,28,-13,28,-12,26,-12,26,-11,26,-9,28,-11,29,-11,30,-9,30,-9,30,-12,31,-12,29,-12,28,-11,26,-9,22]"
CSI_DATA,134818,d8:b1:90:d9:de:f0,-63,11,-99,-39,65,56,1995267674,100,0,114,0,"[25,-20,28,-21,32,-21,32,-20,36,-21,33,-18,36,-16,35,-15,33,-16,32,-15,30,-13,32,-12,32,-12,32,-12,32,-11,32,-12,32,-12,36,-13,35,-13,37,-13,33,-13,33,-15,33,-15,31,-15,33,-15,32,-13,31,-13,31,-13,0,0,30,-16,31,-16,31,-16,35,-18,32,-18,35,-20,33,-20,35,-18,35,-17,36,-18,33,-16,32,-13,30,-13,28,-13,30,-15,26,-12,27,-12,27,-12,28,-12,28,-12,30,-12,30,-11,31,-11,32,-7,32,-5,30,-3,28,-2,25,-1]"
CSI_DATA,134819,d8:b1:90:d9:de:f0,-63,11,-99,-42,66,56,1995277701,100,0,114,0,"[8,-31,9,-34,11,-36,12,-37,12,-39,11,-37,12,-36,9,-35,8,-34,9,-33,7,-31,7,-33,6,-31,4,-31,4,-33,3,-34,2,-34,1,-35,0,-35,-2,-35,-4,-36,-4,-36,-6,-34,-8,-34,-8,-34,-11,-34,-11,-31,-13,-30,0,0,-14,-30,-17,-30,-18,-30,-20,-31,-23,-30,-24,-30,-24,-31,-24,-30,-26,-28,-25,-26,-25,-25,-25,-24,-25,-23,-24,-20,-25,-19,-23,-18,-23,-15,-23,-14,-25,-14,-25,-17,-26,-17,-28,-18,-29,-19,-28,-20,-25,-17,-25,-18,-22,-18,-18,-17]"
CSI_DATA,134820,d8:b1:90:d9:de:f0,-63,11,-99,-42,66,56,1995297761,100,0,114,0,"[-31,7,-35,4,-37,4,-37,2,-39,1,-39,1,-37,-1,-36,-2,-34,-1,-33,-2,-30,-2,-30,-3,-33,-3,-31,-3,-31,-4,-33,-3,-33,-3,-36,-3,-36,-3,-35,-3,-35,-3,-36,-3,-34,-2,-34,-2,-35,-2,-34,-2,-31,-3,-34,-2,0,0,-33,0,-33,0,-34,0,-36,0,-37,0,-37,-1,-37,0,-36,-1,-37,0,-37,-1,-35,-1,-34,-3,-33,-1,-31,-2,-31,-2,-30,-1,-29,-2,-30,-2,-31,-2,-31,-3,-31,-4,-31,-6,-30,-7,-31,-9,-31,-12,-29,-12,-24,-12,-22,-12]"
CSI_DATA,134821,d8:b1:90:d9:de:f0,-63,9,-99,-40,66,56,1995314795,98,0,106,0,"[-86,16,-73,17,145,16,-30,17,-130,16,-9,17,-60,16,0,0,12,17,31,0,65,17,70,0,98,17,118,0,97,17,-138,0,84,17,-143,0,95,17,118,0,-147,17,49,0,-45,17,-15,17,66,0,-33,17,0,0,0,0,-31,0,57,0,26,1,139,0,16,1,-97,0,-24,0,-81,0,-75,0,-138,0,-106,0,66,0,-108,0,-4,17,-87,0,-39,17,-61,0,-27,17,-46,0,1,0,-80,0,62,0,127,0,114,0,8,0]"
CSI_DATA,134822,d8:b1:90:d9:de:f0,-63,11,-99,-38,65,56,1995324843,100,0,114,0,"[-29,15,-33,14,-35,17,-37,14,-39,14,-37,12,-37,11,-35,8,-34,8,-33,6,-34,7,-33,6,-30,6,-31,6,-31,4,-31,6,-35,6,-36,7,-35,6,-37,7,-35,6,-35,7,-33,7,-34,7,-34,7,-33,6,-33,6,-31,7,0,0,-33,8,-33,8,-33,9,-36,9,-34,8,-36,9,-36,9,-37,9,-36,9,-36,8,-35,9,-33,6,-31,6,-30,6,-30,6,-29,6,-28,4,-29,3,-28,3,-29,3,-31,2,-30,2,-30,0,-31,-2,-33,-3,-30,-4,-26,-6,-23,-6]"
CSI_DATA,134823,d8:b1:90:d9:de:f0,-63,11,-99,-40,66,56,1995337651,100,0,114,0,"[27,12,28,16,30,18,30,21,28,23,26,24,25,24,23,24,23,24,20,24,19,24,18,25,17,25,17,25,17,25,16,27,17,26,17,28,17,27,17,28,17,30,17,30,17,28,17,28,15,30,15,28,16,27,15,28,0,0,15,26,15,30,13,31,16,31,16,33,16,34,16,33,13,35,12,34,12,34,11,33,9,34,9,32,8,30,8,28,6,28,5,27,4,26,4,28,3,31,2,31,0,32,-1,33,-2,33,-4,31,-5,28,-9,26,-8,21]"
CSI_DATA,134824,d8:b1:90:d9:de:f0,-63,11,-99,-38,65,56,1995347807,100,0,114,0,"[0,-33,1,-35,2,-37,3,-39,4,-40,4,-37,6,-37,6,-34,4,-35,6,-34,4,-33,4,-33,6,-31,4,-33,2,-33,3,-33,2,-34,3,-35,2,-35,2,-34,0,-35,-1,-37,-1,-35,-3,-34,-3,-35,-2,-33,-3,-33,-6,-33,0,0,-8,-33,-8,-34,-8,-34,-9,-36,-12,-36,-12,-37,-13,-37,-13,-37,-13,-35,-13,-36,-13,-35,-12,-34,-13,-33,-11,-30,-12,-28,-11,-26,-12,-28,-12,-25,-13,-28,-12,-28,-13,-28,-14,-29,-13,-31,-12,-33,-9,-30,-7,-29,-6,-28,-3,-24]"
CSI_DATA,134825,d8:b1:90:d9:de:f0,-63,11,-99,-41,66,56,1995358631,100,0,114,0,"[-29,15,-32,14,-35,13,-35,11,-39,10,-38,7,-36,5,-35,3,-34,4,-33,3,-30,2,-32,0,-32,0,-32,-1,-32,-2,-33,-2,-32,-1,-33,-2,-33,-3,-33,-2,-34,-4,-34,-4,-34,-3,-33,-3,-34,-4,-32,-4,-32,-4,-32,-4,0,0,-33,-3,-32,-4,-33,-5,-35,-7,-35,-7,-35,-7,-36,-7,-36,-8,-35,-8,-35,-9,-33,-10,-32,-10,-29,-10,-27,-10,-28,-11,-27,-11,-26,-11,-26,-11,-26,-13,-27,-13,-27,-15,-26,-16,-24,-16,-23,-21,-23,-22,-20,-22,-16,-21,-14,-21]"
CSI_DATA,134826,d8:b1:90:d9:de:f0,-63,11,-99,-38,65,56,1995377695,100,0,114,0,"[6,-31,8,-35,11,-37,11,-39,11,-37,12,-37,13,-36,12,-34,11,-34,12,-34,9,-30,9,-31,11,-33,11,-33,9,-33,9,-34,8,-34,8,-34,6,-35,7,-35,6,-36,3,-37,3,-35,1,-35,1,-34,1,-34,1,-34,0,-34,0,0,-3,-33,-6,-34,-4,-35,-6,-36,-8,-37,-8,-37,-9,-37,-8,-39,-9,-36,-8,-36,-8,-34,-9,-35,-9,-34,-11,-31,-11,-29,-9,-28,-9,-26,-9,-25,-11,-26,-11,-29,-11,-29,-12,-30,-11,-31,-9,-31,-7,-30,-6,-29,-4,-28,-3,-24]"
CSI_DATA,134827,d8:b1:90:d9:de:f0,-63,11,-99,-38,65,56,1995397658,100,0,114,0,"[23,22,25,25,25,30,24,31,23,34,20,34,18,35,15,33,14,33,13,33,11,30,11,30,11,31,9,31,11,33,9,33,9,34,8,34,8,34,7,35,8,35,8,35,7,35,7,34,7,35,7,34,7,33,7,33,0,0,6,34,6,34,6,34,6,34,6,36,4,37,4,39,3,40,3,36,2,36,1,36,1,36,0,35,0,33,0,30,-2,29,-2,29,-3,28,-3,29,-6,33,-6,31,-8,33,-8,33,-11,31,-13,28,-14,26,-15,24,-14,19]"
CSI_DATA,134828,d8:b1:90:d9:de:f0,-63,11,-99,-38,65,56,1995407672,100,0,114,0,"[-26,-19,-29,-23,-30,-24,-31,-26,-31,-25,-30,-25,-28,-26,-28,-25,-28,-23,-24,-23,-24,-22,-23,-22,-25,-22,-25,-20,-24,-22,-26,-20,-28,-20,-30,-20,-31,-20,-31,-19,-33,-18,-31,-18,-31,-17,-31,-14,-31,-14,-31,-13,-30,-12,-31,-9,0,0,-34,-9,-31,-8,-34,-7,-35,-7,-37,-7,-39,-7,-37,-7,-37,-6,-37,-3,-36,-3,-36,-2,-35,-4,-34,-2,-33,-1,-31,0,-31,-1,-29,1,-30,1,-31,1,-31,0,-30,0,-33,-1,-33,-1,-33,-2,-33,-2,-29,-3,-25,-3,-24,-6]"
CSI_DATA,134829,d8:b1:90:d9:de:f0,-63,11,-99,-41,66,56,1995427692,100,0,114,0,"[-28,-14,-30,-16,-32,-20,-29,-21,-30,-24,-27,-24,-26,-26,-23,-24,-23,-24,-21,-24,-21,-23,-19,-26,-19,-26,-19,-26,-19,-27,-19,-27,-19,-28,-20,-30,-19,-28,-19,-30,-17,-29,-19,-29,-17,-28,-17,-28,-16,-29,-16,-29,-16,-28,-15,-27,0,0,-16,-28,-16,-29,-15,-29,-17,-32,-16,-33,-16,-33,-16,-33,-16,-36,-15,-34,-13,-34,-11,-34,-11,-33,-9,-32,-9,-29,-8,-29,-5,-28,-7,-29,-7,-28,-5,-29,-4,-30,-3,-32,-3,-33,0,-35,1,-34,2,-30,4,-28,7,-28,7,-23]"
CSI_DATA,134830,d8:b1:90:d9:de:f0,-63,11,-99,-38,65,56,1995447816,100,0,114,0,"[-31,12,-34,12,-36,11,-36,9,-41,8,-40,8,-40,6,-37,3,-35,6,-34,3,-33,3,-33,1,-34,2,-33,2,-33,2,-31,2,-33,3,-36,2,-35,2,-36,3,-36,2,-36,4,-34,3,-33,6,-35,4,-33,4,-33,4,-34,6,0,0,-34,6,-34,7,-33,7,-36,8,-36,7,-37,7,-36,8,-36,6,-36,7,-39,7,-36,7,-34,6,-33,6,-30,4,-31,4,-29,4,-29,6,-29,4,-29,6,-31,2,-31,2,-31,2,-31,2,-33,-2,-33,-3,-30,-3,-29,-4,-23,-4]"
CSI_DATA,134831,d8:b1:90:d9:de:f0,-63,11,-99,-38,65,56,1995467649,100,0,114,0,"[-33,3,-36,3,-37,3,-39,2,-40,2,-39,1,-39,0,-36,1,-35,2,-34,1,-34,1,-33,1,-34,1,-31,2,-33,2,-31,2,-33,4,-35,4,-34,6,-35,7,-34,9,-34,11,-31,11,-31,12,-33,12,-31,12,-30,12,-30,13,0,0,-29,17,-29,18,-29,19,-30,20,-29,20,-30,23,-30,23,-30,23,-29,23,-29,23,-29,22,-25,23,-24,22,-22,20,-22,22,-22,19,-20,19,-20,20,-20,20,-20,20,-23,22,-22,22,-22,23,-26,22,-26,20,-25,19,-23,17,-22,14]"
CSI_DATA,134832,d8:b1:90:d9:de:f0,-63,11,-99,-41,66,56,1995477657,100,0,114,0,"[-13,28,-14,30,-19,32,-20,33,-21,33,-21,29,-22,28,-21,27,-21,27,-21,26,-20,24,-21,24,-20,23,-20,23,-20,24,-21,24,-21,26,-21,26,-21,28,-21,27,-19,27,-19,27,-20,26,-17,27,-20,27,-17,27,-17,26,-17,27,0,0,-17,26,-16,29,-16,29,-17,32,-17,30,-17,32,-17,32,-19,32,-17,32,-19,30,-17,30,-16,28,-15,27,-15,26,-15,24,-15,23,-15,24,-14,23,-14,23,-16,24,-17,24,-17,26,-19,24,-20,26,-23,23,-21,21,-20,20,-19,16]"
CSI_DATA,134833,d8:b1:90:d9:de:f0,-63,11,-99,-40,66,56,1995497643,100,0,114,0,"[26,17,28,18,28,20,30,23,31,25,30,25,30,24,28,23,26,20,26,20,24,18,24,19,25,19,26,19,26,19,27,18,27,17,28,18,30,17,30,16,30,15,31,13,31,13,30,11,31,11,31,11,30,9,31,8,0,0,32,6,31,5,32,5,34,4,35,3,35,3,36,2,36,2,36,1,36,0,36,-1,34,1,32,0,31,-1,30,-2,28,-1,27,-2,27,-3,28,-3,31,-3,32,-2,31,-3,32,-2,33,-1,32,-1,31,1,27,2,23,2]"
CSI_DATA,134834,d8:b1:90:d9:de:f0,-63,11,-99,-38,65,56,1995507676,100,0,114,0,"[31,11,34,13,35,15,35,17,36,18,34,19,34,19,30,19,31,18,30,18,29,18,28,19,26,18,28,19,28,20,28,19,29,18,31,20,30,19,31,19,29,18,31,17,30,15,30,15,31,17,29,17,29,15,30,13,0,0,29,13,30,13,30,13,34,13,34,13,35,13,36,13,37,13,35,13,35,13,34,14,33,15,30,14,28,11,30,12,28,11,28,11,26,11,28,9,28,12,30,12,29,13,29,15,28,18,26,17,23,17,20,18,18,18]"
CSI_DATA,134835,d8:b1:90:d9:de:f0,-63,11,-99,-39,65,56,1995517776,100,0,114,0,"[35,-5,36,-2,39,0,39,1,42,2,40,3,39,6,36,7,35,6,33,8,32,8,32,10,32,10,31,11,32,13,31,12,33,12,35,15,33,13,35,15,32,15,32,15,31,15,31,13,31,16,31,15,30,15,31,15,0,0,30,16,31,15,30,15,33,17,33,18,33,18,33,20,33,21,33,20,32,21,31,20,27,22,27,20,25,20,25,20,25,18,23,20,22,20,23,20,23,22,22,25,21,26,21,27,18,28,16,30,15,28,11,27,7,25]"
CSI_DATA,134836,d8:b1:90:d9:de:f0,-63,11,-99,-42,66,56,1995530840,100,0,114,0,"[26,19,28,23,30,24,29,26,31,28,29,26,26,28,26,25,25,24,24,24,24,23,23,23,25,23,25,20,25,22,26,22,28,22,28,22,29,20,29,20,29,20,30,20,31,18,29,17,30,15,29,14,30,13,30,12,0,0,31,12,31,11,33,11,34,11,35,9,35,9,36,8,36,9,37,7,36,6,35,4,35,6,34,4,31,3,30,2,30,4,29,3,29,1,30,2,31,2,33,3,31,4,33,3,33,4,33,4,30,6,26,7,24,8]"
CSI_DATA,134837,d8:b1:90:d9:de:f0,-63,11,-99,-41,66,56,1995547639,100,0,114,0,"[33,-3,35,-2,38,0,38,2,39,3,36,4,38,7,35,7,34,7,33,8,30,8,29,10,29,10,29,10,30,11,30,11,30,13,33,13,32,13,32,13,32,14,33,14,30,13,32,13,30,14,29,14,27,13,29,13,0,0,29,13,29,14,28,14,30,13,32,15,33,16,32,16,33,17,32,16,33,17,30,19,28,19,27,17,26,16,24,17,23,17,23,17,23,16,23,19,23,19,23,21,22,23,21,24,20,27,19,26,16,26,13,24,9,23]"
CSI_DATA,134838,d8:b1:90:d9:de:f0,-63,11,-99,-41,66,56,1995557813,100,0,114,0,"[-29,11,-32,11,-34,11,-36,10,-38,11,-38,10,-35,8,-35,9,-33,9,-32,7,-30,5,-30,5,-30,8,-29,8,-30,9,-30,9,-32,11,-32,11,-33,13,-32,14,-30,14,-30,15,-29,15,-28,15,-28,16,-26,17,-26,17,-26,17,0,0,-27,21,-26,20,-24,22,-24,23,-24,26,-26,26,-24,26,-26,26,-26,27,-26,27,-22,27,-22,27,-21,26,-19,24,-19,23,-19,24,-16,23,-17,23,-17,24,-19,23,-19,24,-19,26,-19,24,-21,26,-23,24,-22,22,-20,20,-17,17]"
CSI_DATA,134839,d8:b1:90:d9:de:f0,-63,11,-99,-40,66,56,1995577934,100,0,114,0,"[28,-12,31,-11,34,-11,35,-9,38,-8,39,-5,36,-3,36,-2,34,-2,33,0,32,1,31,2,32,2,32,2,31,3,31,3,33,3,34,5,34,5,34,5,34,6,34,6,33,8,32,6,33,8,33,8,32,8,32,6,0,0,31,8,31,6,32,8,33,10,34,11,34,11,34,12,35,13,35,13,34,13,34,13,30,13,28,13,26,13,27,13,25,15,25,16,25,15,25,16,24,17,25,18,24,20,23,21,21,25,21,26,18,26,13,24,10,23]"
CSI_DATA,134840,d8:b1:90:d9:de:f0,-63,11,-99,-40,66,56,1995597648,100,0,114,0,"[26,-20,30,-20,32,-21,33,-20,33,-18,33,-18,32,-15,31,-15,30,-15,30,-11,27,-12,27,-11,28,-12,28,-12,27,-12,28,-15,31,-15,32,-13,31,-15,32,-13,31,-17,31,-16,30,-15,28,-16,28,-16,27,-16,27,-17,27,-17,0,0,28,-17,26,-18,28,-19,28,-20,28,-21,30,-21,30,-21,30,-20,30,-21,28,-21,28,-21,26,-20,26,-19,25,-19,25,-18,24,-18,24,-17,24,-19,25,-18,26,-17,27,-17,27,-18,27,-18,28,-17,31,-15,30,-12,26,-10,25,-8]"
CSI_DATA,134841,d8:b1:90:d9:de:f0,-63,11,-99,-37,65,56,1995607761,100,0,114,0,"[-5,33,-8,36,-11,38,-14,38,-14,36,-15,35,-17,33,-16,32,-17,29,-19,28,-17,26,-17,27,-19,27,-20,26,-20,26,-20,26,-21,26,-23,28,-23,27,-23,28,-22,27,-24,28,-23,26,-22,26,-23,26,-22,24,-22,26,-21,24,0,0,-23,22,-23,24,-23,24,-24,26,-24,26,-27,27,-28,26,-27,26,-27,26,-28,24,-27,22,-28,22,-26,20,-24,17,-24,17,-24,16,-26,17,-24,16,-26,15,-28,14,-29,13,-29,14,-32,13,-30,11,-32,7,-29,4,-28,4,-24,2]"
CSI_DATA,134842,d8:b1:90:d9:de:f0,-63,11,-99,-40,66,56,1995628843,277,0,106,0,"[28,0,49,1,105,0,106,1,-144,0,81,1,-132,0,16,1,-122,0,-72,0,-121,0,-138,0,-86,0,87,0,-49,0,42,0,-33,0,32,0,-62,0,40,0,-138,0,45,0,54,0,30,0,-53,17,-18,17,0,0,0,0,105,17,122,17,72,17,41,17,76,17,1,17,101,17,16,17,128,17,83,17,124,17,-107,17,105,17,-24,17,73,17,28,0,42,17,33,0,24,17,11,0,60,17,-36,17,140,17,-105,17,-49,17]"
CSI_DATA,134843,d8:b1:90:d9:de:f0,-63,11,-99,-41,66,56,1995639613,100,0,114,0,"[-33,-9,-34,-10,-36,-13,-36,-15,-36,-15,-35,-15,-34,-16,-32,-16,-29,-15,-29,-15,-28,-14,-27,-16,-27,-15,-27,-15,-27,-14,-28,-15,-29,-16,-30,-15,-32,-15,-32,-15,-33,-14,-32,-15,-30,-13,-30,-11,-30,-13,-30,-11,-29,-10,-32,-10,0,0,-32,-9,-30,-8,-32,-8,-35,-9,-36,-9,-38,-9,-38,-9,-38,-10,-36,-8,-36,-8,-36,-8,-33,-8,-32,-7,-30,-7,-29,-5,-30,-7,-28,-5,-29,-5,-28,-5,-29,-7,-30,-7,-30,-8,-30,-9,-32,-10,-32,-11,-28,-13,-24,-13,-21,-13]"
CSI_DATA,134844,d8:b1:90:d9:de:f0,-63,11,-99,-39,65,56,1995657640,100,0,114,0,"[-2,31,-3,35,-6,36,-7,37,-7,41,-7,40,-10,39,-10,37,-10,33,-10,32,-8,30,-8,30,-11,31,-10,31,-10,31,-8,32,-8,33,-11,35,-8,36,-8,35,-8,36,-7,37,-7,35,-5,35,-7,35,-5,36,-5,33,-5,32,0,0,-3,32,-2,33,-2,36,-2,39,-2,40,-1,40,0,40,-1,40,0,39,-1,37,-1,39,-1,36,-1,35,0,33,0,33,-1,32,-1,31,-1,32,0,31,0,31,-1,32,-1,33,-2,36,-3,36,-7,32,-7,31,-7,31,-8,26]"
CSI_DATA,134845,d8:b1:90:d9:de:f0,-63,11,-99,-41,66,56,1995667631,100,0,114,0,"[-29,-3,-33,-4,-34,-7,-34,-9,-36,-13,-36,-14,-33,-15,-32,-15,-29,-14,-27,-15,-26,-14,-24,-15,-24,-15,-26,-16,-24,-16,-26,-17,-28,-17,-27,-17,-29,-19,-28,-19,-29,-21,-28,-20,-27,-20,-27,-19,-27,-19,-26,-19,-26,-19,-26,-17,0,0,-27,-17,-27,-19,-27,-20,-29,-21,-29,-22,-29,-23,-29,-22,-28,-23,-29,-22,-28,-22,-27,-22,-26,-22,-22,-22,-23,-20,-21,-20,-22,-22,-20,-21,-20,-21,-21,-22,-19,-22,-20,-23,-20,-26,-17,-26,-17,-28,-16,-27,-14,-28,-10,-26,-8,-23]"
CSI_DATA,134846,d8:b1:90:d9:de:f0,-63,11,-99,-41,66,56,1995680507,100,0,114,0,"[-21,20,-26,22,-27,24,-28,23,-29,23,-28,22,-28,22,-27,20,-24,21,-26,20,-23,20,-22,20,-24,21,-22,21,-22,22,-21,23,-21,23,-22,24,-21,26,-21,27,-20,28,-19,30,-17,29,-15,29,-16,30,-14,29,-13,29,-11,29,0,0,-9,30,-8,32,-7,33,-7,35,-7,36,-5,38,-4,38,-4,39,-3,38,-3,38,-1,36,-1,35,0,34,1,32,2,30,1,29,2,29,3,28,3,29,2,30,3,32,4,32,4,33,4,34,2,32,2,30,0,30,0,26]"
CSI_DATA,134847,d8:b1:90:d9:de:f0,-63,11,-99,-38,65,56,1995697652,100,0,114,0,"[-3,31,-6,34,-8,37,-11,37,-13,39,-14,36,-15,34,-15,31,-15,30,-18,29,-17,26,-18,28,-17,26,-17,29,-18,28,-18,28,-19,28,-20,29,-19,29,-22,30,-20,30,-20,29,-20,28,-20,28,-20,29,-18,28,-19,28,-19,26,0,0,-20,29,-20,29,-20,29,-22,30,-20,31,-23,30,-24,30,-25,31,-25,30,-25,30,-24,29,-23,28,-23,25,-22,24,-20,23,-22,22,-20,22,-22,20,-22,22,-24,20,-24,20,-26,20,-26,20,-29,18,-29,14,-29,12,-28,12,-24,8]"
CSI_DATA,134848,d8:b1:90:d9:de:f0,-63,11,-99,-41,66,56,1995707727,100,0,114,0,"[-3,29,-5,33,-8,35,-9,36,-9,36,-8,35,-8,34,-9,33,-5,30,-7,32,-7,29,-7,28,-7,30,-7,29,-5,32,-5,32,-3,33,-2,33,-1,34,-1,33,0,35,2,35,2,34,3,33,3,33,4,33,4,32,8,32,0,0,9,32,9,32,11,32,13,33,14,34,15,34,16,35,16,35,16,34,17,33,17,32,16,30,17,29,17,27,16,23,16,24,17,22,17,23,19,23,19,23,20,23,20,24,20,26,20,29,17,27,17,26,15,24,11,22]"
CSI_DATA,134849,d8:b1:90:d9:de:f0,-63,11,-99,-41,66,56,1995717959,100,0,114,0,"[24,-19,27,-20,30,-20,33,-19,33,-19,33,-16,33,-14,32,-14,29,-15,30,-13,28,-13,28,-11,29,-10,29,-11,29,-10,29,-10,30,-13,33,-13,32,-13,33,-14,30,-14,32,-14,29,-15,28,-15,30,-15,28,-15,29,-14,29,-15,0,0,29,-17,29,-17,29,-17,30,-19,30,-19,32,-20,33,-21,32,-21,32,-20,32,-21,32,-19,30,-19,29,-17,27,-16,28,-16,26,-16,24,-16,23,-16,26,-16,27,-16,28,-17,29,-16,28,-14,32,-14,33,-13,30,-10,29,-8,24,-7]"
CSI_DATA,134850,d8:b1:90:d9:de:f0,-63,11,-99,-38,65,56,1995737598,100,0,114,0,"[-28,-15,-30,-18,-30,-18,-31,-20,-34,-22,-33,-22,-31,-22,-30,-20,-29,-18,-28,-18,-26,-15,-26,-15,-28,-15,-28,-15,-28,-14,-29,-13,-30,-13,-33,-13,-34,-12,-34,-11,-34,-11,-35,-11,-35,-8,-34,-6,-34,-6,-33,-4,-33,-2,-35,-1,0,0,-34,1,-34,1,-35,2,-39,6,-37,4,-40,4,-39,7,-40,7,-37,9,-37,12,-35,11,-34,9,-31,11,-29,12,-29,13,-29,12,-26,13,-26,13,-26,13,-28,15,-30,15,-29,14,-30,14,-33,14,-31,14,-30,13,-28,9,-24,8]"
CSI_DATA,134851,d8:b1:90:d9:de:f0,-63,11,-99,-38,65,56,1995747655,100,0,114,0,"[-19,-23,-19,-26,-19,-29,-19,-31,-18,-33,-17,-33,-15,-31,-15,-31,-14,-29,-14,-28,-13,-28,-13,-28,-13,-28,-13,-28,-14,-28,-13,-29,-15,-29,-15,-30,-17,-30,-17,-29,-18,-31,-18,-31,-19,-29,-18,-28,-19,-28,-20,-28,-19,-26,-20,-25,0,0,-22,-26,-20,-25,-23,-26,-25,-28,-26,-28,-26,-29,-28,-28,-26,-29,-26,-26,-26,-26,-26,-25,-25,-25,-25,-23,-24,-20,-22,-20,-22,-20,-22,-19,-22,-18,-23,-19,-23,-22,-25,-23,-24,-24,-24,-24,-23,-26,-22,-25,-20,-25,-15,-24,-13,-23]"
CSI_DATA,134852,d8:b1:90:d9:de:f0,-63,11,-99,-41,66,56,1995757656,100,0,114,0,"[20,23,20,27,19,30,19,32,20,35,16,34,15,34,11,33,11,30,9,30,9,29,7,29,7,30,7,29,5,30,7,32,8,30,8,34,8,33,8,33,7,34,9,35,8,34,9,33,7,34,7,35,7,32,7,33,0,0,7,32,9,34,8,34,8,35,8,36,8,38,8,38,7,40,8,36,4,39,5,38,3,36,3,35,4,33,5,32,2,29,3,29,3,28,3,30,1,30,0,32,0,33,-2,33,-4,35,-4,32,-5,29,-7,29,-8,24]"
CSI_DATA,134853,d8:b1:90:d9:de:f0,-63,11,-99,-38,65,56,1995777652,100,0,114,0,"[-12,30,-15,31,-18,34,-20,34,-20,34,-20,33,-20,30,-20,28,-19,28,-20,26,-18,26,-18,26,-19,25,-19,26,-18,26,-18,29,-19,28,-19,30,-19,30,-20,30,-18,31,-17,31,-18,30,-14,30,-17,31,-14,30,-14,30,-13,31,0,0,-12,31,-11,33,-11,34,-12,35,-9,36,-12,36,-9,37,-11,40,-11,39,-11,37,-9,37,-8,36,-7,34,-7,33,-7,31,-7,29,-6,29,-7,28,-6,29,-6,30,-7,31,-7,33,-7,34,-9,34,-11,31,-11,29,-11,28,-12,24]"
CSI_DATA,134854,d8:b1:90:d9:de:f0,-62,11,-99,-38,65,56,1995787660,100,0,114,0,"[28,17,30,20,30,22,30,24,30,25,28,26,24,26,22,25,23,25,20,26,20,24,19,26,19,26,18,26,18,26,18,28,19,28,22,30,22,30,19,30,19,30,22,29,20,30,22,28,20,30,18,30,18,29,19,28,0,0,19,28,20,29,20,29,22,31,22,31,22,31,23,31,23,36,23,33,22,34,19,33,19,33,18,30,15,28,18,29,15,26,14,26,14,25,15,25,15,29,15,30,15,31,12,34,11,34,9,33,7,31,6,31,2,26]"
CSI_DATA,134855,d8:b1:90:d9:de:f0,-63,11,-99,-41,66,56,1995797661,100,0,114,0,"[14,-27,15,-29,17,-32,19,-33,19,-33,19,-32,19,-30,17,-29,17,-29,16,-27,15,-27,15,-27,15,-27,14,-27,13,-28,11,-28,11,-30,13,-33,10,-32,9,-33,9,-34,7,-35,7,-34,3,-33,5,-33,2,-33,2,-32,1,-33,0,0,-1,-32,-3,-34,-4,-33,-5,-36,-7,-38,-8,-38,-9,-38,-9,-38,-11,-38,-11,-36,-11,-34,-11,-33,-13,-32,-13,-28,-13,-28,-13,-28,-14,-26,-14,-27,-15,-27,-15,-26,-15,-27,-16,-28,-16,-28,-16,-30,-15,-28,-14,-28,-14,-26,-10,-23]"
CSI_DATA,134856,d8:b1:90:d9:de:f0,-63,11,-99,-39,65,56,1995807733,100,0,114,0,"[-25,-22,-26,-25,-26,-27,-25,-31,-26,-30,-25,-31,-22,-30,-21,-30,-20,-28,-20,-28,-18,-26,-18,-27,-18,-26,-18,-27,-17,-27,-17,-27,-20,-28,-21,-28,-23,-28,-23,-27,-23,-30,-23,-28,-22,-28,-23,-27,-23,-27,-23,-25,-23,-23,-25,-22,0,0,-26,-23,-26,-22,-27,-23,-31,-23,-31,-25,-31,-25,-32,-25,-31,-26,-32,-23,-32,-23,-32,-22,-30,-23,-28,-20,-27,-20,-26,-17,-27,-17,-26,-16,-26,-16,-27,-16,-27,-17,-28,-18,-27,-20,-28,-22,-28,-22,-26,-21,-25,-22,-22,-21,-18,-20]"
CSI_DATA,134857,d8:b1:90:d9:de:f0,-63,9,-99,-35,64,56,1995820384,343,0,106,0,"[113,0,-37,17,59,0,-114,17,21,0,-103,17,-10,18,-35,17,-50,18,32,18,-101,18,100,18,-153,18,133,18,112,18,140,18,100,18,139,18,135,18,139,18,-112,18,-147,18,-27,18,-66,18,33,0,42,0,0,0,0,0,40,0,-52,0,-6,18,37,1,-55,18,57,1,-73,18,39,1,-26,18,-28,0,44,0,-110,0,118,0,-147,0,-152,0,-157,0,-124,0,-129,0,-151,0,-86,0,105,0,-70,0,-7,18,-94,0,-109,18]"
CSI_DATA,134858,d8:b1:90:d9:de:f0,-63,11,-99,-37,65,56,1995841524,100,0,114,0,"[1,-30,2,-34,4,-35,7,-36,9,-39,8,-36,10,-36,11,-33,9,-32,10,-30,10,-28,10,-28,11,-27,13,-28,11,-29,11,-29,10,-30,14,-32,14,-32,14,-30,13,-33,13,-33,13,-32,11,-33,13,-32,13,-32,13,-29,11,-30,0,0,10,-32,13,-33,11,-33,10,-34,11,-34,10,-35,11,-35,11,-38,11,-36,13,-38,13,-34,13,-34,13,-32,10,-32,11,-29,10,-28,11,-28,10,-26,9,-27,13,-29,14,-29,15,-30,15,-32,17,-28,19,-26,17,-23,19,-22,19,-19]"
CSI_DATA,134859,d8:b1:90:d9:de:f0,-63,11,-99,-41,66,56,1995857662,100,0,114,0,"[-7,-29,-7,-33,-7,-35,-5,-36,-5,-38,-5,-36,-4,-34,-4,-34,-5,-32,-5,-30,-5,-29,-5,-29,-7,-30,-8,-29,-8,-29,-9,-30,-11,-32,-13,-32,-14,-32,-15,-32,-17,-32,-16,-30,-17,-29,-19,-28,-19,-28,-20,-27,-21,-26,-22,-24,0,0,-24,-23,-26,-22,-27,-22,-29,-21,-30,-21,-30,-21,-32,-21,-33,-21,-33,-19,-34,-17,-33,-16,-32,-16,-32,-15,-29,-13,-28,-10,-29,-10,-28,-9,-29,-7,-29,-8,-30,-8,-32,-8,-32,-7,-32,-9,-33,-9,-32,-9,-30,-9,-27,-10,-24,-9]"
CSI_DATA,134860,d8:b1:90:d9:de:f0,-63,11,-99,-38,65,56,1995867824,100,0,114,0,"[-26,15,-30,17,-33,15,-34,14,-35,15,-33,14,-33,12,-31,11,-30,11,-30,9,-29,9,-29,9,-29,9,-29,9,-29,11,-29,11,-30,11,-33,12,-31,14,-34,14,-31,13,-33,15,-31,14,-30,15,-31,15,-29,15,-29,15,-30,17,0,0,-30,18,-30,20,-28,22,-31,23,-29,22,-30,23,-30,23,-31,24,-31,24,-33,23,-28,24,-29,22,-26,22,-24,20,-25,20,-23,20,-23,22,-23,19,-24,20,-24,20,-25,20,-25,22,-26,22,-29,22,-30,18,-28,15,-26,15,-23,12]"
CSI_DATA,134861,d8:b1:90:d9:de:f0,-62,11,-99,-39,65,56,1995887639,100,0,114,0,"[3,-31,6,-33,7,-36,8,-37,7,-41,7,-40,8,-39,7,-35,6,-35,6,-33,5,-32,6,-32,3,-31,3,-32,2,-32,1,-33,0,-36,-1,-37,-2,-37,-3,-36,-5,-37,-5,-36,-7,-36,-8,-35,-10,-33,-10,-33,-11,-32,-13,-31,0,0,-16,-32,-16,-32,-18,-32,-22,-33,-23,-33,-23,-33,-25,-32,-26,-35,-26,-31,-27,-31,-27,-28,-26,-27,-26,-26,-26,-23,-26,-22,-25,-20,-26,-20,-25,-17,-26,-17,-27,-18,-28,-17,-30,-18,-31,-21,-31,-20,-30,-18,-27,-18,-25,-17,-21,-17]"
CSI_DATA,134862,d8:b1:90:d9:de:f0,-63,11,-99,-38,65,56,1995897701,100,0,114,0,"[29,-3,33,-4,35,-3,39,-3,37,0,37,0,36,1,36,1,33,1,33,1,30,1,30,1,31,1,31,1,31,1,31,0,35,-1,35,0,35,-1,36,-2,35,-3,35,-3,35,-3,34,-4,34,-4,33,-6,33,-6,33,-8,0,0,35,-8,33,-8,34,-11,35,-12,36,-12,36,-13,37,-14,36,-14,37,-13,37,-14,35,-14,33,-14,31,-14,30,-14,29,-13,29,-13,26,-13,28,-13,28,-13,31,-14,30,-14,31,-15,31,-14,34,-12,34,-12,33,-11,30,-8,25,-6]"
CSI_DATA,134863,d8:b1:90:d9:de:f0,-63,9,-99,-35,64,56,1995911536,98,0,106,0,"[-32,17,144,0,-71,17,-119,0,-47,17,-107,0,12,18,-138,0,86,18,-153,0,151,18,-151,0,-127,18,-115,0,-108,18,-73,0,-128,18,-69,0,-149,18,-98,0,-127,18,128,0,-56,18,40,0,52,0,-13,18,0,0,0,0,-50,0,37,0,18,1,110,0,25,1,-147,0,-16,0,-135,0,-75,0,-161,0,-110,0,69,0,-118,0,2,0,-88,0,-25,18,-57,0,-7,18,-51,0,41,0,-93,0,107,0,124,0,-157,0,-8,18]"
CSI_DATA,134864,d8:b1:90:d9:de:f0,-62,11,-99,-40,65,56,1995927935,100,0,114,0,"[31,11,33,12,36,15,36,18,36,19,34,20,32,20,32,20,29,19,28,19,28,18,27,19,28,18,28,18,28,18,29,18,32,19,32,19,32,19,33,18,33,18,33,18,32,16,32,15,33,15,33,15,33,14,34,12,0,0,36,11,33,11,34,11,38,10,38,11,38,11,41,10,41,12,40,10,40,9,38,9,37,10,36,7,34,7,33,6,32,7,31,6,32,3,32,6,33,6,36,7,37,7,36,9,34,10,36,10,33,11,29,12,24,11]"
CSI_DATA,134865,d8:b1:90:d9:de:f0,-62,11,-99,-39,65,56,1995937933,100,0,114,0,"[-21,-25,-22,-28,-21,-30,-20,-32,-21,-36,-17,-35,-17,-35,-13,-33,-13,-33,-11,-32,-10,-31,-10,-31,-10,-32,-8,-32,-8,-32,-8,-32,-8,-32,-8,-35,-10,-35,-10,-36,-10,-36,-10,-37,-8,-35,-10,-35,-8,-35,-8,-35,-8,-33,-8,-32,0,0,-8,-33,-10,-36,-8,-35,-10,-39,-10,-37,-8,-40,-8,-39,-8,-41,-8,-39,-7,-39,-7,-37,-7,-37,-6,-35,-5,-32,-6,-33,-3,-31,-3,-32,-2,-30,-2,-32,-2,-32,-1,-33,-2,-35,0,-36,3,-36,2,-33,6,-31,7,-31,7,-26]"
CSI_DATA,134866,d8:b1:90:d9:de:f0,-63,11,-99,-41,66,56,1995948034,100,0,114,0,"[16,-24,17,-26,20,-28,22,-28,22,-29,21,-28,21,-26,20,-24,19,-24,20,-24,19,-23,17,-24,17,-23,17,-24,16,-26,16,-24,15,-27,17,-27,15,-28,15,-28,14,-30,11,-32,10,-30,9,-30,10,-32,9,-30,7,-30,7,-30,0,0,3,-34,3,-33,3,-34,2,-35,0,-35,-1,-38,-2,-38,-3,-40,-3,-38,-4,-38,-3,-35,-4,-35,-5,-33,-5,-30,-5,-29,-5,-29,-7,-28,-7,-27,-8,-28,-8,-29,-9,-30,-10,-32,-10,-33,-9,-34,-8,-33,-8,-30,-5,-29,-2,-27]"
CSI_DATA,134867,d8:b1:90:d9:de:f0,-63,11,-99,-39,65,56,1995967698,100,0,114,0,"[-30,17,-33,17,-36,16,-37,15,-37,13,-37,12,-36,11,-36,8,-35,8,-33,7,-32,7,-32,5,-32,6,-33,5,-32,5,-33,5,-33,5,-35,6,-36,6,-35,7,-36,6,-36,7,-35,6,-35,7,-35,6,-33,6,-33,6,-33,8,0,0,-35,8,-35,8,-36,10,-36,10,-37,8,-37,8,-39,8,-39,8,-39,8,-40,10,-37,10,-36,6,-33,7,-32,6,-32,5,-31,5,-31,5,-31,5,-32,5,-32,5,-33,2,-33,2,-32,1,-35,0,-36,-2,-32,-2,-30,-3,-26,-6]"
CSI_DATA,134868,d8:b1:90:d9:de:f0,-63,11,-99,-38,65,56,1995977719,100,0,114,0,"[24,18,26,19,29,22,29,24,30,23,30,23,28,23,26,22,28,20,26,20,25,18,25,18,26,18,26,18,26,17,28,17,30,15,30,14,31,14,33,11,34,12,35,12,34,9,34,7,34,8,34,6,33,6,33,3,0,0,35,0,35,-1,35,-3,39,-4,37,-4,39,-6,37,-6,39,-8,37,-9,36,-11,36,-11,34,-9,33,-11,31,-11,29,-12,29,-12,26,-13,26,-14,26,-15,29,-17,30,-17,30,-19,30,-18,30,-17,31,-18,29,-17,26,-14,24,-13]"
CSI_DATA,134869,d8:b1:90:d9:de:f0,-63,11,-99,-35,64,56,1995997663,100,0,114,0,"[30,-10,32,-10,35,-8,37,-6,37,-6,37,-3,35,-2,35,-2,33,-1,33,-1,31,0,31,0,31,1,31,0,31,0,32,1,33,1,35,0,36,0,35,1,36,-1,36,0,36,-1,33,-1,36,0,35,-1,35,0,35,-2,0,0,35,-2,35,-3,35,-2,39,-2,39,-3,39,-2,41,-3,41,-3,40,-2,41,-2,39,-2,36,-1,35,-1,33,0,32,-1,31,0,31,-1,31,-2,31,-1,32,0,35,0,35,1,33,2,35,6,35,6,32,7,28,7,25,8]"
CSI_DATA,134870,d8:b1:90:d9:de:f0,-62,11,-99,-40,65,56,1996007664,100,0,114,0,"[-12,-31,-14,-33,-14,-34,-14,-36,-14,-38,-12,-37,-11,-36,-12,-34,-14,-33,-12,-32,-14,-28,-14,-31,-14,-31,-15,-29,-16,-29,-16,-28,-20,-29,-22,-31,-22,-29,-23,-28,-24,-29,-25,-28,-25,-27,-28,-23,-28,-24,-29,-23,-28,-22,-31,-19,0,0,-31,-16,-32,-16,-33,-15,-37,-14,-38,-14,-40,-12,-40,-10,-40,-11,-40,-9,-41,-7,-40,-6,-37,-6,-36,-3,-33,-2,-33,-1,-32,-1,-32,0,-32,1,-32,2,-33,3,-33,3,-34,3,-36,2,-37,1,-34,2,-32,2,-31,0,-27,0]"
CSI_DATA,134871,d8:b1:90:d9:de:f0,-63,11,-99,-39,65,56,1996027667,100,0,114,0,"[32,7,35,10,36,12,37,13,36,15,35,16,33,17,31,16,31,16,30,16,27,16,26,17,27,17,26,16,26,17,26,17,28,17,30,18,28,18,30,17,30,18,31,18,31,17,28,17,30,17,28,17,28,16,31,17,0,0,31,16,31,16,31,16,33,18,35,18,36,20,37,18,36,20,36,18,36,17,33,17,31,17,30,16,28,16,28,15,27,16,26,15,26,15,27,15,28,16,28,17,27,18,27,20,28,23,27,22,23,22,20,22,17,20]"
CSI_DATA,134872,d8:b1:90:d9:de:f0,-63,11,-99,-38,65,56,1996040034,100,0,114,0,"[-30,6,-35,4,-37,2,-40,0,-37,-1,-36,-3,-35,-4,-33,-4,-33,-4,-33,-4,-30,-6,-29,-7,-30,-8,-30,-8,-31,-9,-31,-9,-34,-8,-33,-11,-34,-9,-34,-9,-34,-9,-34,-9,-35,-9,-34,-9,-34,-9,-31,-8,-31,-9,-33,-9,0,0,-35,-8,-34,-11,-34,-9,-36,-9,-35,-11,-37,-11,-39,-12,-37,-11,-37,-12,-36,-12,-34,-11,-34,-13,-33,-12,-31,-12,-30,-12,-29,-12,-26,-12,-28,-11,-29,-12,-29,-14,-30,-14,-29,-17,-28,-17,-28,-19,-28,-20,-25,-20,-20,-20,-18,-18]"
CSI_DATA,134873,d8:b1:90:d9:de:f0,-62,11,-99,-38,65,56,1996057607,100,0,114,0,"[-8,33,-11,34,-13,35,-15,36,-17,36,-18,35,-19,34,-19,31,-18,30,-19,28,-18,25,-18,26,-18,26,-18,26,-18,28,-18,28,-18,26,-19,29,-20,30,-20,30,-20,30,-19,31,-19,30,-17,29,-18,30,-17,30,-15,29,-17,29,0,0,-15,29,-15,30,-15,31,-18,35,-18,35,-19,35,-19,36,-20,35,-19,35,-19,35,-18,35,-17,33,-15,30,-15,29,-15,28,-15,28,-15,28,-17,28,-17,26,-18,28,-19,28,-18,28,-19,29,-20,29,-22,25,-22,23,-22,23,-19,18]"
CSI_DATA,134874,d8:b1:90:d9:de:f0,-63,11,-99,-39,65,56,1996067647,100,0,114,0,"[-15,-28,-13,-33,-12,-36,-10,-39,-8,-40,-6,-40,-5,-37,-2,-37,-1,-35,1,-33,1,-32,2,-32,2,-32,3,-32,2,-32,3,-32,3,-33,6,-35,6,-33,6,-35,7,-35,6,-36,7,-35,7,-33,10,-35,6,-33,7,-33,8,-32,0,0,8,-33,10,-33,11,-35,11,-37,12,-37,13,-37,13,-39,15,-39,16,-36,16,-36,15,-35,16,-33,15,-31,15,-31,16,-28,15,-27,16,-26,17,-26,18,-26,20,-25,21,-26,22,-26,23,-26,26,-25,26,-22,26,-18,26,-17,23,-13]"
CSI_DATA,134875,d8:b1:90:d9:de:f0,-62,11,-99,-40,65,56,1996077820,100,0,114,0,"[32,6,34,9,38,9,38,11,40,12,40,14,37,15,36,14,34,12,34,12,32,12,31,12,32,11,32,11,32,11,32,11,34,10,36,11,36,11,37,10,37,9,37,9,37,6,37,5,37,6,34,6,36,3,36,2,0,0,36,1,36,0,37,0,40,0,40,-1,41,-1,41,-2,41,-2,41,-3,40,-5,38,-3,37,-2,36,-3,34,-3,32,-3,33,-3,31,-5,32,-5,32,-6,33,-5,34,-6,34,-5,34,-3,36,-2,34,-1,33,0,29,0,25,1]"
CSI_DATA,134876,d8:b1:90:d9:de:f0,-62,11,-99,-40,65,56,1996097658,100,0,114,0,"[29,-18,33,-18,36,-16,38,-14,41,-14,40,-11,38,-9,37,-6,34,-6,34,-5,34,-5,33,-1,34,-1,33,0,33,1,33,1,36,1,37,1,38,2,38,1,38,1,38,1,37,2,36,2,37,3,37,5,34,5,34,3,0,0,37,5,36,6,37,6,40,6,40,6,41,7,41,9,40,11,38,10,40,10,37,11,34,12,33,11,29,12,31,12,31,14,29,12,31,12,31,14,29,16,29,18,29,18,28,20,29,24,27,24,24,24,22,23,16,22]"
CSI_DATA,134877,d8:b1:90:d9:de:f0,-62,11,-99,-39,65,56,1996107655,100,0,114,0,"[-17,-28,-17,-32,-18,-35,-17,-36,-17,-39,-16,-37,-15,-36,-15,-33,-15,-33,-13,-32,-12,-31,-13,-31,-13,-30,-13,-30,-15,-32,-15,-31,-17,-32,-17,-32,-18,-32,-20,-31,-20,-32,-22,-31,-21,-31,-22,-28,-23,-30,-22,-26,-23,-27,-23,-25,0,0,-26,-25,-26,-23,-27,-23,-30,-25,-31,-26,-31,-25,-32,-23,-32,-25,-32,-23,-32,-22,-30,-21,-30,-21,-28,-18,-27,-17,-26,-16,-27,-16,-26,-16,-26,-13,-27,-15,-27,-15,-28,-16,-28,-17,-30,-17,-30,-18,-28,-17,-27,-17,-23,-17,-21,-15]"
CSI_DATA,134878,d8:b1:90:d9:de:f0,-62,11,-99,-39,65,56,1996127638,100,0,114,0,"[23,-22,27,-22,31,-23,33,-21,35,-20,36,-18,35,-16,33,-13,33,-13,33,-11,33,-10,32,-8,32,-8,33,-7,32,-6,33,-6,35,-6,36,-6,36,-6,36,-6,36,-5,37,-5,36,-5,36,-3,36,-3,33,-2,35,-2,35,-2,0,0,36,-3,37,-2,37,-2,39,-2,37,-1,39,-2,39,0,40,1,41,2,41,1,37,2,36,3,35,3,33,3,33,5,31,6,30,5,30,5,30,6,31,8,33,10,32,12,31,12,31,16,31,17,28,17,23,16,20,17]"
CSI_DATA,134879,d8:b1:90:d9:de:f0,-63,11,-99,-39,65,56,1996137670,100,0,114,0,"[18,27,17,30,18,31,18,32,18,36,16,33,16,35,15,32,15,30,13,30,13,28,13,28,15,28,13,28,15,28,15,28,17,28,18,30,20,30,20,30,21,30,21,30,21,28,22,27,23,26,22,26,23,25,25,25,0,0,26,22,27,23,26,22,31,23,31,23,32,25,35,23,32,23,33,21,33,21,32,20,31,20,30,17,28,16,28,13,27,15,27,15,27,12,28,12,28,15,32,15,31,17,32,18,31,18,30,16,28,16,25,17,21,15]"
CSI_DATA,134880,d8:b1:90:d9:de:f0,-62,11,-99,-40,65,56,1996157669,100,0,114,0,"[-7,33,-9,36,-11,37,-15,37,-16,38,-19,37,-22,32,-22,32,-20,29,-23,28,-19,25,-22,25,-24,25,-23,25,-23,24,-24,24,-24,24,-28,25,-28,27,-29,25,-28,25,-28,25,-27,24,-25,24,-29,23,-28,23,-27,23,-28,22,0,0,-28,22,-28,23,-31,23,-32,23,-32,23,-33,24,-33,23,-34,23,-34,23,-36,22,-34,19,-31,18,-29,15,-29,15,-29,14,-29,12,-29,12,-29,11,-31,11,-32,11,-33,10,-33,10,-34,7,-36,6,-34,2,-32,0,-32,0,-28,-1]"
CSI_DATA,134881,d8:b1:90:d9:de:f0,-63,11,-99,-37,65,56,1996167650,100,0,114,0,"[-24,20,-27,21,-30,21,-32,20,-33,21,-33,21,-32,19,-32,19,-28,19,-28,17,-26,17,-26,17,-27,16,-27,17,-27,19,-26,19,-27,21,-28,21,-28,22,-27,23,-26,24,-26,26,-24,26,-22,26,-23,26,-22,26,-20,26,-21,26,0,0,-19,28,-19,28,-20,29,-19,32,-17,34,-17,35,-16,35,-16,35,-16,34,-16,35,-15,33,-14,32,-13,29,-10,28,-11,27,-10,28,-9,28,-9,27,-9,28,-9,29,-9,32,-9,32,-9,32,-13,32,-13,29,-11,28,-13,27,-11,22]"
CSI_DATA,134882,d8:b1:90:d9:de:f0,-63,11,-99,-38,65,56,1996178162,100,0,114,0,"[-28,17,-30,17,-34,18,-37,15,-37,14,-36,11,-36,8,-35,9,-33,8,-33,7,-33,6,-33,4,-31,4,-31,3,-31,3,-33,3,-33,3,-34,3,-35,3,-35,2,-34,4,-35,4,-35,2,-34,3,-35,3,-31,3,-34,2,-33,3,0,0,-36,4,-35,3,-35,3,-37,3,-37,4,-37,4,-39,4,-40,3,-39,2,-40,2,-37,1,-36,1,-34,1,-34,1,-33,1,-31,0,-30,-1,-30,0,-30,0,-33,-2,-34,-2,-34,-2,-34,-4,-34,-6,-34,-8,-30,-11,-28,-9,-23,-9]"
CSI_DATA,134883,d8:b1:90:d9:de:f0,-63,11,-99,-41,66,56,1996198004,100,0,114,0,"[7,-33,9,-35,10,-36,11,-38,11,-36,13,-35,13,-34,14,-32,13,-32,13,-29,11,-27,13,-28,13,-29,11,-28,10,-29,11,-30,10,-33,11,-33,11,-34,9,-34,10,-34,9,-35,9,-35,7,-34,7,-35,5,-34,4,-33,4,-32,0,0,3,-34,1,-34,2,-35,1,-38,0,-38,0,-39,0,-39,0,-40,0,-38,0,-38,-1,-38,-1,-34,-2,-34,-2,-33,-2,-30,-1,-29,-3,-29,-2,-27,-2,-28,-2,-29,-1,-29,-3,-32,-3,-32,-1,-33,-1,-30,1,-28,2,-27,3,-26]"
CSI_DATA,134884,d8:b1:90:d9:de:f0,-63,11,-99,-38,65,56,1996217851,100,0,114,0,"[-30,14,-33,13,-35,12,-36,9,-37,7,-37,6,-37,3,-34,3,-33,2,-33,1,-31,-1,-31,-1,-31,-2,-31,-2,-33,-4,-33,-4,-33,-4,-34,-6,-34,-7,-35,-6,-34,-7,-34,-6,-33,-8,-33,-7,-35,-8,-33,-9,-34,-8,-33,-8,0,0,-33,-8,-34,-8,-33,-11,-35,-12,-35,-13,-36,-13,-36,-13,-37,-14,-35,-15,-35,-15,-33,-14,-30,-17,-28,-14,-28,-14,-28,-14,-25,-15,-24,-14,-24,-15,-25,-17,-25,-19,-25,-20,-24,-20,-23,-24,-22,-25,-22,-25,-19,-26,-14,-24,-12,-23]"
CSI_DATA,134885,d8:b1:90:d9:de:f0,-62,11,-99,-38,65,56,1996237700,100,0,114,0,"[-8,33,-11,35,-13,37,-14,37,-15,37,-17,36,-18,34,-18,33,-17,31,-18,30,-17,29,-17,28,-18,28,-17,28,-17,28,-17,29,-17,29,-18,30,-19,31,-18,30,-18,33,-17,33,-17,30,-14,31,-17,31,-15,31,-14,30,-14,30,0,0,-15,31,-14,31,-15,33,-15,35,-15,35,-15,36,-14,35,-15,36,-15,36,-17,35,-15,34,-14,31,-13,31,-13,30,-13,29,-13,28,-13,26,-13,26,-13,28,-14,26,-14,28,-15,29,-15,28,-18,29,-20,25,-19,24,-19,23,-17,18]"
CSI_DATA,134886,d8:b1:90:d9:de:f0,-63,11,-99,-39,65,56,1996257638,100,0,114,0,"[32,-5,36,-6,40,-3,41,-3,41,-2,40,-2,39,-1,37,-1,35,-2,36,-1,32,-2,33,-1,35,-1,35,-3,35,-3,35,-3,36,-5,36,-6,39,-6,37,-7,36,-8,35,-10,35,-11,35,-11,35,-13,33,-12,32,-13,32,-15,0,0,32,-16,30,-17,30,-18,32,-20,32,-22,32,-22,32,-23,31,-25,31,-26,31,-25,30,-23,27,-22,26,-22,25,-22,22,-21,22,-21,21,-20,21,-21,21,-21,22,-23,22,-23,21,-25,22,-22,25,-23,25,-23,25,-21,21,-18,20,-15]"
CSI_DATA,134887,d8:b1:90:d9:de:f0,-63,11,-99,-38,65,56,1996267747,100,0,114,0,"[-11,29,-13,33,-15,34,-18,34,-19,35,-19,34,-20,31,-20,29,-19,28,-19,26,-19,25,-18,24,-19,26,-22,25,-20,25,-22,26,-20,28,-23,28,-22,29,-22,30,-22,29,-19,30,-19,30,-18,29,-19,29,-18,28,-19,28,-19,29,0,0,-18,29,-18,30,-17,33,-18,33,-18,33,-18,35,-18,35,-18,35,-19,34,-20,33,-18,33,-18,29,-18,29,-15,28,-15,26,-15,25,-14,25,-15,25,-14,25,-17,25,-17,25,-18,25,-19,26,-23,28,-23,24,-23,22,-20,20,-19,17]"
CSI_DATA,134888,d8:b1:90:d9:de:f0,-63,11,-99,-42,66,56,1996279088,100,0,114,0,"[28,-17,31,-17,33,-17,34,-17,36,-17,35,-15,35,-13,35,-13,31,-14,31,-14,29,-13,30,-12,30,-11,30,-11,29,-12,29,-11,30,-13,33,-14,33,-15,33,-15,33,-17,31,-20,30,-19,28,-19,30,-19,29,-18,28,-18,29,-20,0,0,26,-20,26,-22,26,-24,28,-24,28,-26,29,-28,26,-29,26,-29,25,-28,28,-26,28,-26,25,-24,24,-23,20,-22,20,-23,20,-20,19,-22,19,-23,19,-23,19,-25,20,-25,20,-24,22,-25,26,-23,25,-20,24,-19,23,-18,20,-14]"
CSI_DATA,134889,d8:b1:90:d9:de:f0,-63,11,-99,-38,65,56,1996297667,100,0,114,0,"[22,-24,25,-25,29,-25,29,-25,30,-23,28,-23,30,-22,28,-19,28,-20,28,-18,28,-17,28,-17,26,-17,28,-15,28,-17,29,-17,28,-18,30,-19,30,-19,30,-20,28,-19,28,-20,28,-20,28,-22,28,-20,26,-19,28,-19,26,-19,0,0,25,-22,26,-23,25,-24,29,-24,26,-24,26,-26,28,-26,29,-26,28,-26,29,-25,26,-25,25,-23,24,-22,23,-22,23,-20,22,-18,22,-19,23,-18,22,-19,24,-20,25,-20,25,-20,26,-20,26,-18,29,-15,26,-14,25,-13,23,-12]"
CSI_DATA,134890,d8:b1:90:d9:de:f0,-62,11,-99,-40,65,56,1996307653,100,0,114,0,"[20,-28,24,-29,28,-31,31,-29,31,-27,32,-25,33,-23,32,-20,31,-20,31,-18,31,-15,29,-15,29,-16,31,-14,31,-14,32,-15,33,-15,36,-12,36,-14,36,-14,34,-14,34,-12,34,-14,34,-12,34,-12,33,-11,33,-11,34,-11,0,0,34,-12,36,-11,36,-12,37,-14,37,-11,40,-10,40,-10,40,-11,40,-10,38,-9,36,-9,36,-7,34,-6,32,-6,32,-3,31,-3,31,-3,31,-2,32,-2,34,0,34,0,36,1,34,2,33,3,33,6,31,7,28,7,25,10]"
CSI_DATA,134891,d8:b1:90:d9:de:f0,-63,11,-99,-41,66,56,1996317760,100,0,114,0,"[-2,32,-4,35,-4,35,-5,36,-7,39,-7,38,-7,38,-7,35,-7,33,-7,30,-5,29,-7,30,-7,32,-7,32,-4,32,-4,33,-3,33,-3,34,-3,34,-2,35,-1,38,0,36,1,35,2,34,2,34,3,34,3,32,4,32,0,0,5,33,8,32,8,33,10,34,11,35,10,36,13,35,13,36,14,33,13,34,15,33,14,33,13,29,13,29,11,27,13,26,13,24,13,24,14,26,13,27,14,28,15,28,15,29,13,29,11,27,10,26,9,24,7,23]"
CSI_DATA,134892,d8:b1:90:d9:de:f0,-63,11,-99,-39,65,56,1996337780,100,0,114,0,"[-11,31,-13,33,-17,33,-18,35,-21,35,-23,33,-25,30,-25,28,-23,27,-23,25,-22,23,-25,22,-26,23,-26,23,-25,22,-26,22,-25,21,-28,21,-28,22,-30,21,-30,22,-30,22,-28,21,-27,21,-30,21,-28,20,-28,18,-28,20,0,0,-30,18,-28,18,-31,18,-33,21,-35,20,-35,20,-33,20,-35,18,-35,17,-36,18,-35,16,-32,15,-32,12,-30,12,-31,11,-28,10,-27,8,-28,8,-28,8,-30,7,-31,7,-32,5,-32,5,-32,1,-32,-1,-30,-1,-27,-2,-25,-5]"
CSI_DATA,134893,d8:b1:90:d9:de:f0,-62,11,-99,-35,64,56,1996357620,100,0,114,0,"[-1,-33,0,-36,1,-39,3,-41,3,-42,6,-41,6,-39,7,-37,7,-35,7,-33,7,-32,7,-32,8,-32,7,-33,7,-33,7,-33,7,-36,7,-36,6,-36,6,-36,6,-39,5,-39,5,-36,3,-37,3,-35,3,-36,2,-35,1,-35,0,0,1,-36,0,-35,1,-36,1,-39,0,-40,1,-40,0,-40,1,-41,0,-39,0,-40,0,-39,0,-36,0,-35,0,-33,0,-32,1,-30,1,-30,1,-28,0,-30,1,-31,1,-31,1,-33,2,-33,3,-35,5,-31,6,-30,8,-28,7,-23]"
CSI_DATA,134894,d8:b1:90:d9:de:f0,-62,11,-99,-40,65,56,1996367663,100,0,114,0,"[-12,31,-16,34,-19,36,-22,34,-24,34,-24,32,-25,29,-27,28,-24,27,-25,24,-25,22,-24,22,-27,22,-27,22,-27,22,-28,20,-28,22,-31,23,-31,23,-31,23,-31,23,-31,24,-31,23,-29,22,-31,20,-31,20,-29,19,-31,20,0,0,-29,20,-31,20,-31,20,-33,20,-33,20,-36,22,-36,20,-36,20,-36,20,-37,19,-34,18,-33,15,-32,15,-31,14,-31,12,-29,11,-29,11,-28,10,-29,10,-31,7,-32,9,-33,7,-33,6,-36,5,-34,1,-33,0,-31,0,-25,-2]"
CSI_DATA,134895,d8:b1:90:d9:de:f0,-62,11,-99,-39,65,56,1996377680,100,0,114,0,"[22,-23,27,-26,28,-27,30,-26,31,-27,31,-26,31,-22,30,-22,27,-23,27,-22,26,-21,25,-22,26,-22,26,-22,26,-23,26,-23,23,-25,26,-26,25,-27,25,-27,23,-30,22,-31,21,-28,18,-30,20,-31,18,-30,16,-30,16,-31,0,0,13,-31,13,-33,12,-35,12,-37,12,-39,11,-40,10,-40,10,-40,8,-39,8,-37,8,-37,7,-35,5,-33,5,-31,5,-31,3,-30,3,-30,2,-30,2,-30,2,-32,2,-32,2,-33,2,-35,3,-33,5,-31,5,-30,5,-28,6,-25]"
CSI_DATA,134896,d8:b1:90:d9:de:f0,-63,11,-99,-42,66,56,1996397644,100,0,114,0,"[-20,-22,-20,-25,-20,-29,-19,-30,-20,-35,-18,-34,-15,-34,-13,-33,-12,-31,-11,-30,-9,-29,-8,-30,-7,-29,-8,-30,-7,-30,-8,-30,-7,-33,-7,-34,-8,-34,-6,-34,-7,-35,-7,-35,-6,-35,-7,-33,-6,-35,-6,-34,-6,-33,-6,-31,0,0,-6,-33,-6,-35,-6,-34,-6,-37,-4,-37,-4,-37,-4,-39,-2,-40,-2,-37,-3,-39,-2,-36,-1,-36,-1,-33,0,-30,0,-30,1,-29,2,-29,2,-29,2,-30,4,-30,4,-31,4,-33,7,-33,9,-33,9,-29,11,-28,13,-25,12,-22]"
CSI_DATA,134897,d8:b1:90:d9:de:f0,-63,11,-99,-41,66,56,1996407661,100,0,114,0,"[9,29,10,32,9,34,9,35,8,39,7,39,7,38,7,35,5,33,4,32,5,30,5,30,7,28,8,29,9,30,9,32,10,32,10,33,11,33,14,33,14,33,14,33,15,32,16,30,17,30,17,28,19,27,19,26,0,0,22,26,21,26,22,26,26,26,27,26,26,28,28,28,27,27,28,26,29,24,28,23,27,21,27,21,26,19,24,16,24,19,24,16,24,15,24,16,24,16,26,16,26,17,27,19,27,19,26,16,23,17,21,17,17,15]"
CSI_DATA,134898,d8:b1:90:d9:de:f0,-63,11,-99,-42,66,56,1996427675,100,0,114,0,"[22,25,22,29,19,30,18,31,20,36,18,35,14,35,13,34,12,33,9,33,9,31,8,33,7,33,7,31,7,33,6,33,7,33,8,35,7,34,7,35,6,36,7,35,4,35,7,34,4,36,4,35,4,33,4,33,0,0,4,31,4,34,4,33,4,37,4,37,3,39,3,39,2,39,3,37,1,37,1,37,0,36,0,33,0,31,0,31,-1,30,-1,30,-2,28,-2,29,-4,30,-6,30,-7,31,-8,33,-9,31,-9,28,-11,25,-13,25,-13,22]"
CSI_DATA,134899,d8:b1:90:d9:de:f0,-63,11,-99,-38,65,56,1996437652,100,0,114,0,"[33,4,36,6,37,6,40,7,40,7,41,9,37,8,37,8,36,8,34,8,33,7,33,7,35,7,35,6,34,6,34,4,34,2,35,2,37,1,36,0,36,0,37,-1,35,-1,34,-3,35,-3,35,-3,34,-4,34,-6,0,0,33,-9,31,-9,34,-11,35,-13,34,-14,35,-14,35,-15,35,-15,35,-18,34,-17,31,-17,30,-17,28,-15,26,-17,25,-17,26,-17,24,-17,25,-17,24,-18,25,-18,26,-17,25,-18,25,-15,26,-18,28,-17,25,-14,23,-13,23,-11]"
CSI_DATA,134900,d8:b1:90:d9:de:f0,-64,11,-99,-38,66,56,1996458134,100,0,114,0,"[-26,-7,-28,-9,-30,-10,-31,-10,-33,-11,-31,-11,-30,-13,-29,-10,-28,-8,-27,-8,-26,-8,-26,-7,-27,-7,-26,-6,-27,-6,-27,-5,-28,-4,-31,-3,-32,-2,-31,-1,-30,-1,-32,1,-30,2,-29,3,-31,4,-30,5,-29,5,-30,7,0,0,-29,9,-29,13,-28,13,-30,15,-30,15,-30,16,-29,18,-29,18,-29,19,-29,20,-26,20,-23,18,-22,17,-20,18,-19,18,-20,19,-18,19,-18,20,-18,21,-19,22,-19,22,-18,23,-19,23,-19,22,-20,21,-19,20,-17,19,-17,16]"
CSI_DATA,134901,d8:b1:90:d9:de:f0,-63,11,-99,-41,66,56,1996478934,100,0,114,0,"[9,-29,13,-33,15,-35,16,-34,19,-34,20,-32,22,-29,21,-28,21,-27,22,-26,21,-24,22,-22,23,-22,23,-22,23,-21,24,-22,24,-22,26,-22,27,-21,27,-21,27,-21,27,-22,27,-21,26,-21,27,-19,26,-19,26,-19,27,-19,0,0,28,-19,28,-20,27,-20,30,-20,30,-19,30,-20,32,-19,32,-19,32,-19,33,-17,33,-15,29,-13,28,-11,26,-11,27,-10,27,-10,27,-9,27,-9,28,-9,29,-8,30,-7,30,-7,30,-4,32,-2,32,0,29,1,28,2,22,4]"
CSI_DATA,134902,d8:b1:90:d9:de:f0,-63,11,-99,-38,65,56,1996497656,100,0,114,0,"[-1,34,-2,37,-3,41,-6,41,-4,41,-4,39,-6,37,-4,36,-4,35,-4,35,-3,33,-3,31,-2,33,-2,33,-2,35,-1,34,0,37,0,37,1,39,2,36,4,37,4,37,4,35,7,35,7,34,8,35,9,33,11,33,0,0,13,31,13,31,13,33,17,34,19,34,19,35,20,34,20,35,20,31,20,30,20,30,20,29,22,26,20,25,19,23,19,24,19,22,20,20,20,20,20,23,20,22,22,23,22,23,22,24,20,23,19,24,17,22,14,20]"
CSI_DATA,134903,d8:b1:90:d9:de:f0,-63,11,-99,-38,65,56,1996507669,100,0,114,0,"[-31,11,-35,11,-37,9,-39,8,-42,8,-40,7,-39,4,-37,4,-35,4,-35,3,-33,3,-34,3,-33,3,-33,2,-33,2,-34,3,-35,4,-37,3,-37,4,-39,4,-37,6,-37,7,-36,7,-35,8,-35,7,-34,8,-33,8,-34,9,0,0,-35,9,-33,12,-34,12,-37,12,-35,13,-37,13,-36,14,-36,13,-36,13,-35,12,-35,12,-31,12,-31,11,-28,11,-28,9,-29,11,-28,9,-28,11,-28,11,-30,11,-30,8,-30,9,-31,9,-33,7,-33,6,-30,3,-28,3,-25,2]"
CSI_DATA,134904,d8:b1:90:d9:de:f0,-63,11,-99,-38,65,56,1996527675,100,0,114,0,"[9,31,11,35,11,37,8,39,11,41,11,39,7,39,8,36,8,35,8,35,9,31,7,33,7,33,9,33,9,33,11,33,12,34,14,34,14,34,15,34,17,33,18,33,18,30,19,30,19,30,20,30,19,28,20,25,0,0,24,25,25,25,25,25,28,25,29,26,30,25,33,24,30,24,30,20,29,22,29,20,29,20,28,19,26,17,26,15,25,14,25,13,25,12,26,12,29,13,29,12,30,13,29,14,29,15,28,14,25,14,23,14,19,13]"
CSI_DATA,134905,d8:b1:90:d9:de:f0,-63,11,-99,-38,65,56,1996537784,100,0,114,0,"[-28,-17,-30,-20,-30,-23,-30,-24,-31,-26,-29,-26,-28,-26,-24,-25,-25,-24,-23,-25,-23,-24,-23,-25,-22,-24,-22,-25,-22,-25,-23,-25,-25,-25,-25,-26,-25,-25,-26,-26,-26,-26,-26,-26,-26,-25,-26,-24,-26,-24,-25,-23,-26,-22,-25,-20,0,0,-28,-20,-26,-20,-28,-20,-31,-22,-31,-22,-30,-23,-33,-23,-30,-23,-29,-22,-29,-22,-29,-19,-29,-22,-26,-19,-24,-18,-25,-17,-23,-17,-24,-17,-24,-15,-22,-15,-24,-18,-24,-18,-24,-19,-24,-22,-24,-22,-23,-20,-20,-20,-17,-22,-13,-19]"
CSI_DATA,134906,d8:b1:90:d9:de:f0,-63,11,-99,-39,65,56,1996558107,100,0,114,0,"[-1,32,-2,36,-5,39,-6,41,-7,40,-6,40,-7,37,-8,36,-7,35,-8,35,-7,33,-7,32,-6,32,-7,32,-6,33,-6,33,-5,37,-5,37,-3,39,-3,36,-1,37,-2,37,-1,36,0,36,1,33,2,35,2,33,2,33,0,0,5,35,6,33,7,36,8,36,8,39,10,39,11,40,10,40,10,37,10,36,11,35,11,35,11,32,11,32,10,28,10,26,10,26,10,26,11,26,10,28,11,28,11,30,11,31,11,32,8,30,7,30,6,27,5,25]"
CSI_DATA,134907,d8:b1:90:d9:de:f0,-63,11,-99,-41,66,56,1996577572,100,0,114,0,"[0,30,-1,34,-3,36,-4,38,-7,38,-8,36,-10,35,-11,34,-10,33,-11,32,-10,29,-10,28,-13,29,-14,29,-13,29,-14,29,-14,30,-15,30,-15,32,-15,32,-15,32,-15,32,-15,30,-13,30,-15,29,-14,30,-14,28,-15,29,0,0,-14,29,-14,30,-14,32,-16,32,-16,33,-16,34,-16,33,-19,34,-19,33,-20,32,-19,32,-19,28,-17,27,-15,24,-16,24,-15,23,-15,22,-16,22,-16,21,-19,23,-20,23,-20,23,-21,23,-23,21,-23,19,-22,16,-22,16,-21,11]"
CSI_DATA,134908,d8:b1:90:d9:de:f0,-63,11,-99,-41,66,56,1996587670,100,0,114,0,"[-29,7,-33,7,-38,7,-38,7,-36,4,-39,5,-35,4,-36,4,-34,4,-33,5,-33,5,-30,5,-30,4,-33,5,-32,7,-33,9,-34,10,-33,9,-35,11,-33,13,-33,14,-33,14,-29,15,-29,16,-29,16,-27,17,-27,19,-28,20,0,0,-26,20,-23,22,-26,23,-26,24,-26,27,-26,28,-24,28,-23,28,-23,29,-22,27,-22,28,-21,28,-19,27,-17,27,-16,24,-17,26,-14,24,-15,24,-14,26,-16,27,-16,27,-16,28,-15,28,-16,27,-17,27,-17,26,-14,22,-14,19]"
CSI_DATA,134909,d8:b1:90:d9:de:f0,-63,11,-99,-41,66,56,1996597674,100,0,114,0,"[-19,24,-21,26,-23,27,-26,27,-27,27,-27,26,-27,23,-27,22,-26,23,-27,21,-24,21,-23,20,-26,20,-26,20,-26,21,-27,22,-26,22,-27,23,-27,24,-26,23,-26,24,-23,24,-24,23,-22,24,-23,24,-22,24,-21,23,-21,26,0,0,-21,24,-20,27,-20,27,-22,28,-20,30,-22,30,-21,30,-22,30,-21,28,-22,29,-20,28,-20,27,-19,27,-16,26,-17,24,-17,24,-16,22,-16,22,-16,22,-19,23,-19,24,-19,24,-20,24,-20,23,-21,21,-21,20,-20,19,-17,15]"
CSI_DATA,134910,d8:b1:90:d9:de:f0,-63,11,-99,-41,66,56,1996607737,100,0,114,0,"[-20,-24,-20,-28,-20,-32,-19,-34,-19,-35,-16,-35,-14,-35,-11,-33,-11,-32,-9,-32,-8,-30,-7,-32,-7,-29,-7,-30,-7,-30,-5,-33,-7,-33,-5,-35,-5,-35,-5,-34,-5,-35,-7,-35,-7,-34,-5,-34,-4,-34,-4,-33,-4,-33,-4,-32,0,0,-4,-32,-4,-33,-4,-34,-4,-36,-4,-35,-4,-36,-4,-38,-2,-39,-2,-36,-2,-38,-1,-35,0,-35,1,-32,0,-32,1,-29,1,-27,1,-29,3,-27,1,-27,3,-29,3,-29,5,-30,5,-33,9,-30,10,-28,10,-26,11,-24,11,-20]"
CSI_DATA,134911,d8:b1:90:d9:de:f0,-63,11,-99,-39,65,56,1996627641,100,0,114,0,"[30,15,32,17,32,20,33,21,35,23,33,23,32,25,30,23,28,22,28,22,27,20,26,21,26,21,25,21,26,22,27,23,27,22,28,23,30,22,31,21,30,21,32,21,31,20,31,18,31,18,30,18,30,17,32,16,0,0,31,15,32,15,32,13,33,15,35,16,35,15,36,15,37,15,36,13,36,15,33,13,33,15,31,13,30,11,30,11,27,11,27,10,27,8,28,8,28,10,30,11,28,12,30,15,30,15,28,15,26,15,22,16,20,15]"
CSI_DATA,134912,d8:b1:90:d9:de:f0,-63,11,-99,-38,65,56,1996637796,100,0,114,0,"[-33,8,-35,7,-37,6,-40,4,-42,2,-40,1,-39,-1,-37,-2,-35,-2,-34,-3,-33,-3,-33,-6,-33,-6,-33,-6,-31,-7,-33,-8,-33,-7,-35,-8,-36,-8,-35,-8,-35,-9,-36,-8,-35,-9,-33,-8,-34,-9,-31,-9,-31,-9,-33,-9,0,0,-33,-8,-33,-9,-33,-9,-36,-11,-34,-11,-35,-12,-36,-12,-35,-14,-35,-13,-36,-13,-34,-13,-31,-14,-30,-14,-28,-13,-29,-13,-26,-13,-25,-14,-26,-13,-25,-14,-25,-15,-25,-17,-25,-18,-24,-19,-25,-22,-24,-23,-20,-22,-17,-20,-13,-19]"
CSI_DATA,134913,d8:b1:90:d9:de:f0,-63,11,-99,-37,65,56,1996657655,100,0,114,0,"[1,-30,2,-34,4,-36,5,-38,7,-39,8,-39,8,-34,8,-35,7,-33,8,-33,8,-30,8,-30,9,-32,9,-32,9,-32,8,-33,8,-33,8,-32,8,-34,8,-33,5,-36,4,-36,4,-36,3,-35,4,-33,3,-33,3,-33,2,-32,0,0,0,-32,1,-33,0,-34,-1,-34,-2,-38,-1,-38,-2,-38,-2,-38,-2,-36,-1,-35,-1,-34,-2,-34,-1,-33,-2,-30,-1,-29,-1,-29,-2,-28,-2,-28,-2,-29,-1,-28,-1,-29,-2,-30,-1,-32,1,-30,2,-29,3,-28,3,-26,5,-23]"
CSI_DATA,134914,d8:b1:90:d9:de:f0,-63,11,-99,-42,66,56,1996677696,100,0,114,0,"[22,-20,26,-22,29,-23,30,-24,30,-25,29,-23,30,-20,29,-20,26,-22,28,-19,25,-20,25,-19,24,-20,23,-20,24,-22,24,-23,24,-24,24,-26,23,-26,23,-26,22,-29,20,-31,22,-30,17,-31,18,-29,17,-30,15,-30,14,-30,0,0,13,-31,11,-34,9,-34,9,-36,8,-37,8,-39,7,-39,8,-39,6,-37,6,-37,4,-36,3,-36,3,-35,2,-34,2,-31,1,-28,0,-29,0,-28,0,-29,0,-30,0,-30,-1,-33,-1,-33,0,-33,1,-31,2,-30,2,-28,2,-24]"
CSI_DATA,134915,d8:b1:90:d9:de:f0,-63,11,-99,-42,66,56,1996688130,100,0,114,0,"[-31,-8,-34,-11,-35,-13,-36,-17,-35,-18,-35,-19,-33,-19,-30,-19,-29,-17,-28,-18,-26,-18,-26,-18,-26,-18,-26,-18,-26,-18,-26,-18,-29,-19,-30,-22,-30,-20,-30,-20,-29,-20,-30,-19,-29,-19,-29,-19,-30,-19,-29,-17,-29,-18,-29,-15,0,0,-30,-17,-29,-17,-30,-17,-33,-17,-34,-18,-33,-18,-34,-18,-34,-20,-34,-18,-33,-18,-33,-17,-30,-18,-29,-17,-28,-17,-26,-14,-25,-14,-24,-14,-24,-13,-25,-14,-25,-15,-26,-17,-25,-18,-25,-19,-26,-22,-24,-19,-22,-20,-18,-20,-14,-18]"
CSI_DATA,134916,d8:b1:90:d9:de:f0,-63,11,-99,-39,65,56,1996707657,100,0,114,0,"[6,33,7,36,6,39,6,40,6,42,5,41,5,41,3,37,5,37,3,35,5,33,5,33,6,33,7,33,7,33,7,33,8,35,11,36,13,35,15,36,13,35,15,35,16,33,17,32,17,31,18,31,20,28,21,27,0,0,22,27,22,26,26,26,27,26,27,27,30,27,30,26,31,27,31,23,31,23,31,21,28,21,27,17,27,17,27,16,26,13,27,13,26,12,27,13,27,12,28,13,27,12,30,15,30,16,28,15,26,13,25,16,21,15]"
CSI_DATA,134917,d8:b1:90:d9:de:f0,-63,11,-99,-39,65,56,1996717980,100,0,114,0,"[33,5,36,6,39,8,40,11,39,13,39,15,36,16,37,15,35,13,32,15,30,13,30,13,31,15,30,15,31,15,31,15,33,16,35,16,35,16,35,15,36,15,35,15,33,13,33,12,33,12,32,13,32,11,33,10,0,0,33,10,33,11,35,10,36,10,37,11,37,11,39,10,39,11,39,10,37,10,37,8,33,10,32,8,31,8,30,7,30,8,27,8,31,6,30,7,28,7,30,8,30,10,30,11,31,13,30,13,28,13,23,15,20,13]"
CSI_DATA,134918,d8:b1:90:d9:de:f0,-63,11,-99,-42,66,56,1996737638,100,0,114,0,"[-31,0,-35,-2,-39,-2,-39,-3,-37,-3,-37,-3,-36,-4,-35,-3,-33,-2,-33,-2,-30,-2,-31,-1,-31,0,-33,0,-33,1,-33,1,-34,1,-34,2,-35,3,-34,4,-35,6,-35,8,-34,8,-34,9,-34,11,-31,11,-31,13,-31,13,0,0,-31,15,-29,18,-30,18,-31,19,-29,20,-30,23,-30,23,-30,24,-30,25,-29,25,-26,25,-25,23,-23,23,-22,23,-20,22,-20,23,-19,22,-18,24,-19,24,-18,24,-19,24,-19,25,-19,24,-20,26,-22,25,-22,24,-19,22,-18,18]"
CSI_DATA,134919,d8:b1:90:d9:de:f0,-63,11,-99,-41,66,56,1996748492,100,0,114,0,"[-23,-20,-24,-24,-23,-27,-24,-28,-24,-30,-22,-30,-21,-30,-19,-29,-17,-28,-16,-28,-16,-26,-13,-27,-14,-28,-14,-27,-13,-28,-14,-29,-15,-32,-16,-32,-15,-32,-17,-32,-16,-33,-16,-32,-15,-30,-15,-29,-14,-29,-14,-29,-14,-28,-15,-28,0,0,-17,-28,-16,-30,-16,-30,-16,-32,-19,-32,-17,-33,-19,-34,-17,-34,-17,-33,-16,-32,-15,-33,-13,-32,-13,-29,-13,-28,-13,-27,-11,-27,-10,-26,-11,-24,-11,-24,-10,-27,-10,-28,-9,-29,-8,-29,-5,-33,-4,-30,-3,-30,-1,-28,1,-24]"
CSI_DATA,134920,d8:b1:90:d9:de:f0,-63,11,-99,-40,66,56,1996768156,100,0,114,0,"[-15,27,-17,30,-20,31,-20,32,-21,32,-23,31,-20,28,-21,28,-19,27,-19,27,-19,26,-18,25,-19,25,-18,26,-17,26,-17,27,-18,31,-19,31,-17,32,-17,32,-16,32,-13,33,-12,32,-11,32,-11,31,-10,31,-10,31,-9,31,0,0,-6,33,-5,33,-5,34,-4,35,-4,38,-3,38,-2,38,-2,38,-2,35,-2,36,-2,35,-1,35,0,32,0,32,0,30,1,28,2,27,1,27,2,27,2,27,1,30,2,31,2,31,0,32,-1,30,-2,28,-2,27,-3,23]"
CSI_DATA,134921,d8:b1:90:d9:de:f0,-63,11,-99,-41,66,56,1996778698,100,0,114,0,"[-11,-28,-13,-32,-10,-35,-8,-35,-8,-39,-7,-39,-4,-36,-3,-35,-2,-34,-1,-33,-1,-30,1,-32,1,-33,2,-32,1,-32,2,-32,1,-33,2,-36,2,-36,2,-35,1,-34,1,-35,2,-34,1,-33,2,-33,2,-33,2,-32,0,-32,0,0,1,-33,1,-33,1,-34,1,-36,2,-36,2,-38,2,-38,2,-38,3,-35,4,-35,4,-34,4,-34,4,-32,5,-29,4,-29,5,-28,5,-29,5,-27,5,-27,7,-28,8,-28,8,-29,10,-29,13,-29,14,-26,14,-23,14,-22,15,-20]"
CSI_DATA,134922,d8:b1:90:d9:de:f0,-63,11,-99,-39,65,56,1996789053,100,0,114,0,"[31,11,33,12,36,13,36,16,40,16,39,16,37,17,33,16,32,13,32,16,30,15,31,13,32,13,32,12,31,12,32,11,35,11,39,12,39,11,39,10,36,10,37,7,35,7,35,5,36,6,33,5,35,3,35,1,0,0,35,-1,36,-1,37,-2,40,-5,39,-3,39,-5,39,-7,40,-7,37,-7,39,-8,39,-8,33,-7,33,-8,31,-7,31,-10,31,-10,30,-10,30,-10,28,-11,30,-11,31,-11,30,-11,31,-10,32,-8,32,-8,30,-7,27,-7,26,-5]"
CSI_DATA,134923,d8:b1:90:d9:de:f0,-63,11,-99,-41,66,56,1996807682,100,0,114,0,"[0,33,-1,36,-3,38,-5,39,-4,39,-4,38,-5,36,-8,35,-7,34,-7,33,-5,32,-7,32,-7,32,-7,32,-5,32,-5,33,-5,35,-5,35,-4,36,-4,36,-4,35,-2,35,-2,34,-1,34,-1,33,0,34,0,32,1,33,0,0,1,34,2,33,3,34,4,36,4,36,4,38,5,38,5,39,5,36,5,36,5,34,4,35,5,33,5,32,5,28,4,28,4,28,5,28,5,29,4,29,4,30,4,30,3,32,3,32,2,29,1,27,0,27,-1,23]"
CSI_DATA,134924,d8:b1:90:d9:de:f0,-63,11,-99,-42,66,56,1996817663,100,0,114,0,"[28,13,30,17,31,19,29,22,31,24,30,24,28,25,25,24,24,24,23,24,22,23,22,25,20,24,20,24,20,24,20,25,20,25,22,26,23,26,23,26,24,29,23,28,24,28,22,26,23,26,22,26,20,26,22,24,0,0,22,26,22,26,23,26,24,29,24,29,24,30,24,30,24,31,23,29,23,30,20,29,20,29,19,28,17,25,17,25,17,25,15,26,15,24,17,25,14,26,17,26,14,29,13,30,12,30,11,29,8,28,6,26,3,25]"
CSI_DATA,134925,d8:b1:90:d9:de:f0,-63,11,-99,-39,65,56,1996837645,100,0,114,0,"[-20,-26,-21,-28,-21,-32,-21,-33,-20,-37,-20,-36,-18,-36,-16,-33,-16,-32,-15,-33,-15,-30,-15,-31,-15,-31,-15,-30,-17,-30,-16,-30,-17,-31,-18,-35,-18,-33,-20,-33,-20,-31,-20,-31,-20,-31,-21,-30,-21,-31,-21,-28,-21,-27,-22,-27,0,0,-22,-25,-25,-26,-25,-26,-27,-27,-27,-27,-27,-27,-28,-27,-30,-28,-27,-26,-28,-26,-27,-23,-27,-23,-25,-22,-23,-20,-25,-20,-22,-20,-22,-20,-22,-17,-23,-18,-22,-20,-25,-21,-23,-21,-25,-23,-23,-25,-22,-22,-20,-22,-18,-22,-13,-20]"
CSI_DATA,134926,d8:b1:90:d9:de:f0,-63,11,-99,-38,65,56,1996847781,100,0,114,0,"[-23,20,-26,20,-30,22,-31,20,-35,20,-35,19,-35,17,-33,14,-30,13,-31,11,-30,12,-30,9,-30,9,-30,11,-31,8,-31,9,-34,9,-35,12,-35,12,-35,11,-34,9,-34,9,-34,7,-33,9,-35,8,-33,8,-33,9,-31,9,0,0,-35,9,-34,11,-34,11,-36,11,-35,11,-35,9,-36,9,-37,8,-36,8,-37,8,-35,8,-34,6,-33,6,-31,6,-30,7,-30,4,-30,4,-29,3,-29,3,-31,1,-33,1,-33,0,-31,-1,-33,-2,-33,-4,-31,-7,-28,-6,-23,-7]"
CSI_DATA,134927,d8:b1:90:d9:de:f0,-63,11,-99,-38,65,56,1996859407,100,0,114,0,"[-25,23,-28,24,-31,24,-31,24,-33,23,-34,20,-34,19,-33,18,-31,17,-31,14,-30,14,-29,13,-31,14,-31,14,-30,13,-30,14,-33,15,-34,14,-34,14,-33,14,-35,14,-34,15,-34,15,-33,15,-31,15,-30,14,-29,14,-31,15,0,0,-30,17,-29,17,-31,17,-31,18,-33,19,-34,18,-34,17,-35,18,-35,18,-34,18,-33,17,-30,15,-29,14,-28,14,-26,13,-28,12,-26,12,-26,13,-28,12,-29,12,-29,11,-29,11,-29,11,-30,9,-31,7,-30,4,-25,3,-24,2]"
CSI_DATA,134928,d8:b1:90:d9:de:f0,-62,11,-99,-39,65,56,1996871114,100,0,114,0,"[33,5,36,7,37,10,39,11,40,12,39,13,36,16,35,15,33,12,32,13,31,12,30,15,31,15,31,15,31,15,31,15,32,15,33,15,35,15,35,15,36,16,36,13,35,13,35,12,33,12,31,13,32,12,33,12,0,0,33,8,33,8,35,10,36,10,37,10,39,10,40,10,39,11,39,8,39,8,36,10,33,8,32,8,31,8,31,6,31,7,28,8,30,6,30,6,31,7,31,8,31,8,31,11,30,12,30,12,27,12,23,12,20,13]"
