2025-04-02 14:40:30,CSI_DATA,STA,D8:B1:90:DB:E8:90,-45,11,1,7,0,0,1,1,0,0,1,-94,0,3,0,2828903440,0,110,0,0,88728.6,256,[110 96 6 0 11 -23 10 -23 10 -22 10 -22 9 -21 9 -21 8 -21 7 -21 7 -20 7 -20 5 -20 5 -20 5 -20 6 -20 6 -20 5 -20 5 -19 5 -19 5 -18 4 -18 3 -17 3 -17 4 -17 5 -16 5 -15 0 0 0 0 0 0 0 0 0 0 0 0 0 0 0 0 0 0 0 0 0 0 7 -22 7 -22 8 -21 9 -22 10 -21 11 -22 11 -22 12 -22 13 -22 13 -22 14 -22 14 -21 14 -21 14 -21 14 -22 14 -21 13 -22 13 -22 13 -23 12 -23 12 -23 12 -24 12 -23 12 -23 11 -23 12 -23 ]
2025-04-02 14:40:31,CSI_DATA,STA,D8:B1:90:DB:E8:90,-45,11,1,7,0,0,1,1,0,0,1,-94,0,3,0,2830405481,0,110,0,0,88730.1,256,[110 96 6 0 -21 -16 -21 -16 -20 -14 -19 -15 -19 -14 -19 -13 -19 -13 -19 -11 -19 -11 -19 -11 -19 -11 -19 -10 -19 -9 -19 -8 -19 -8 -18 -8 -18 -8 -17 -8 -17 -8 -16 -7 -16 -8 -15 -8 -15 -8 -15 -8 -14 -8 0 0 0 0 0 0 0 0 0 0 0 0 0 0 0 0 0 0 0 0 0 0 -19 -12 -19 -13 -18 -14 -19 -15 -18 -16 -18 -16 -19 -16 -19 -17 -19 -18 -18 -19 -18 -19 -17 -19 -18 -19 -18 -19 -18 -19 -18 -18 -19 -18 -19 -18 -19 -17
2025-04-02 14:40:34,CSI_DATA,STA,D8:B1:90:DB:E8:90,-45,11,1,7,0,0,1,1,0,0,1,-94,0,3,0,2833413070,0,110,0,0,88733.1,256,[110 96 6 0 20 -15 19 -16 19 -15 18 -16 16 -15 16 -15 16 -15 15 -16 14 -16 14 -16 12 -16 12 -16 12 -16 12 -16 12 -16 11 -16 12 -16 12 -15 11 -15 12 -14 11 -13 10 -13 11 -13 11 -12 11 -12 0 0 0 0 0 0 0 0 0 0 0 0 0 0 0 0 0 0 0 0 0 0 16 -16 16 -15 17 -15 18 -14 19 -14 20 -14 20 -13 20 -13 21 -13 21 -13 22 -14 22 -13 22 -13 22 -13 22 -13 22 -13 21 -13 22 -14 22 -14 21 -14 21 -15 22 -15 21 -15 20
2025-04-02 14:40:37,CSI_DATA,STA,D8:B1:90:DB:E8:90,-46,11,1,7,0,0,1,1,0,0,1,-94,0,3,0,2835920599,0,110,0,0,88735.6,256,[110 96 6 0 18 19 18 19 17 17 18 18 18 17 18 16 17 16 17 14 17 13 17 13 17 13 17 12 16 12 17 11 16 11 16 12 15 11 15 11 14 11 14 11 13 12 13 11 12 11 12 11 11 11 0 0 0 0 0 0 0 0 0 0 0 0 0 0 0 0 0 0 0 0 0 0 19 14 18 15 19 14 18 16 18 17 18 17 17 19 17 19 17 20 17 20 16 21 16 21 17 22 16 21 16 21 16 21 16 21 16 20 17 21 17 21 17 20 18 21 18 20 19 20 19 20 19 18 ]
2025-04-02 14:40:37,CSI_DATA,STA,D8:B1:90:DB:E8:90,-49,11,1,7,0,0,1,1,0,0,1,-94,0,3,0,2836926063,0,110,0,0,88736.6,256,[110 96 6 0 12 -27 10 -28 9 -27 -1 -26 -2 -26 -4 -26 -5 -24 26 5 25 3 25 2 25 -1 -12 13 -11 14 -10 13 -9 13 13 15 14 14 14 13 14 12 14 11 15 11 14 10 14 10 15 9 14 10 0 0 0 0 0 0 0 0 0 0 0 0 0 0 0 0 0 0 0 0 0 0 15 -28 16 -28 -8 14 -8 15 -7 16 -8 16 3 -14 4 -14 3 -14 3 -15 19 16 20 15 21 15 22 14 -23 -9 -23 -10 -23 -8 -24 -7 19 -4 18 -4 18 -6 18 -7 10 -20 8 -20 8 -21 6 -26 ]
2025-04-02 14:40:38,CSI_DATA,STA,D8:B1:90:DB:E8:90,-46,11,1,7,0,0,1,1,0,0,1,-94,0,3,0,2837423100,0,110,0,0,88737.1,256,[110 96 6 0 -17 -18 -17 -18 -17 -17 -17 -16 -17 -15 -17 -14 -17 -14 -17 -12 -17 -12 -17 -11 -17 -11 -17 -11 -17 -11 -16 -10 -16 -10 -16 -10 -15 -9 -15 -9 -15 -9 -14 -9 -14 -10 -14 -10 -13 -9 -13 -9 -12 -9 0 0 0 0 0 0 0 0 0 0 0 0 0 0 0 0 0 0 0 0 0 0 -18 -14 -18 -14 -16 -16 -17 -17 -17 -17 -16 -18 -15 -18 -16 -19 -15 -19 -16 -20 -15 -20 -15 -20 -15 -21 -15 -21 -15 -20 -15 -20 -15 -20 -15 -20 -
2025-04-02 14:40:40,CSI_DATA,STA,D8:B1:90:DB:E8:90,-46,11,1,7,0,0,1,1,0,0,1,-94,0,3,0,2839437652,0,110,0,0,88739.1,256,[110 96 6 0 9 -22 9 -22 9 -21 8 -21 7 -20 7 -20 6 -20 5 -19 5 -19 4 -19 3 -19 2 -19 2 -19 3 -18 3 -17 2 -18 3 -18 3 -17 3 -17 3 -16 2 -16 2 -15 3 -15 3 -14 4 -14 0 0 0 0 0 0 0 0 0 0 0 0 0 0 0 0 0 0 0 0 0 0 5 -21 6 -20 8 -20 8 -20 9 -20 10 -21 11 -21 11 -21 12 -21 12 -21 13 -21 13 -21 13 -21 13 -21 12 -20 12 -20 12 -21 12 -21 11 -22 11 -22 10 -22 11 -22 10 -22 10 -22 10 -22 10 -22 ]
2025-04-02 14:40:42,CSI_DATA,STA,00:00:00:00:00:00,-46,11,0,0,0,0,0,0,0,0,0,-94,0,3,0,2841477347,0,14,0,0,88741.2,128,[14 -32 0 0 -38 20 -39 20 -39 19 -39 17 -37 16 -35 14 -32 13 -29 11 -26 10 -23 8 -19 6 -16 5 -12 4 -9 2 -6 1 -3 -1 0 -2 2 -3 4 -4 5 -5 6 -6 6 -6 7 -8 8 -10 8 -11 0 0 0 0 0 0 0 0 0 0 0 0 0 0 0 0 0 0 0 0 0 0 36 -8 35 -4 32 -2 29 -1 26 -1 23 -1 20 -2 16 -3 14 -5 11 -6 8 -8 6 -9 4 -10 2 -11 0 -10 -2 -9 -4 -7 -6 -5 -8 -3 -11 0 -13 3 -16 6 -19 11 -23 13 -26 15 -30 18 ]
2025-04-02 14:40:45,CSI_DATA,STA,D8:B1:90:DB:E8:90,-46,11,1,7,0,0,1,0,0,0,0,-94,0,3,0,2844956196,0,110,0,0,88744.7,256,[110 96 6 0 -16 -20 -16 -19 -15 -18 -16 -17 -16 -17 -16 -17 -16 -15 -16 -15 -15 -14 -15 -14 -16 -14 -16 -13 -16 -13 -16 -12 -15 -11 -15 -12 -15 -11 -15 -11 -14 -11 -14 -10 -13 -11 -13 -11 -12 -11 -13 -10 -12 -11 0 0 0 0 0 0 0 0 0 0 0 0 0 0 0 0 0 0 0 0 0 0 -16 -14 -15 -15 -16 -17 -15 -17 -15 -18 -15 -18 -15 -18 -15 -19 -14 -20 -15 -21 -14 -21 -14 -22 -14 -23 -14 -22 -14 -22 -14 -21 -14 -21 -1
2025-04-02 14:40:46,CSI_DATA,STA,D8:B1:90:DB:E8:90,-45,11,1,6,0,0,1,0,0,0,1,-94,0,3,0,2845456134,0,110,0,0,88745.2,256,[110 96 6 0 25 4 24 3 24 3 23 3 22 2 22 2 21 1 21 0 21 -1 21 -1 20 -1 20 -1 20 -1 20 -2 20 -2 19 -1 19 -2 18 -2 18 -2 18 -2 17 -1 16 -1 16 0 16 0 16 0 0 0 0 0 0 0 0 0 0 0 0 0 0 0 0 0 0 0 0 0 0 0 22 -2 22 -1 22 -1 23 0 23 1 24 1 24 2 25 3 25 4 25 4 25 5 25 5 24 5 24 5 24 6 24 5 24 5 25 4 25 5 25 5 26 4 26 5 26 3 25 4 26 4 26 3 ]
2025-04-02 14:40:49,CSI_DATA,STA,D8:B1:90:DB:E8:90,-47,11,1,6,0,0,1,0,0,0,1,-94,0,3,0,2847968535,0,110,0,0,88747.7,256,[110 96 6 0 -20 40 -21 41 -21 40 -21 39 -20 37 -20 34 -18 31 -18 28 -16 24 -14 20 -12 17 -10 14 -8 10 -6 7 -4 4 -3 1 -1 -2 0 -4 1 -6 1 -7 0 -8 0 -9 -1 -11 0 -12 -1 -14 0 0 0 0 0 0 0 0 0 0 0 0 0 0 0 0 0 0 0 0 0 0 32 -24 33 -19 29 -16 28 -14 25 -12 22 -11 18 -11 14 -10 10 -11 7 -11 4 -11 1 -12 -1 -12 -3 -11 -5 -10 -6 -9 -7 -6 -8 -2 -8 1 -8 5 -8 10 -9 15 -10 20 -10 24 -12 29 -15 33 ]
2025-04-02 14:40:54,CSI_DATA,STA,D8:B1:90:DB:E8:90,-45,11,1,5,0,0,1,0,0,0,1,-94,0,3,0,2853484839,0,110,0,0,88753.2,256,[110 96 6 0 -18 -19 -18 -19 -17 -17 -18 -16 -18 -16 -18 -15 -17 -14 -17 -13 -17 -13 -17 -12 -18 -12 -18 -12 -18 -11 -17 -10 -17 -10 -17 -10 -16 -9 -16 -9 -15 -9 -15 -9 -15 -10 -15 -10 -14 -10 -14 -9 -13 -9 0 0 0 0 0 0 0 0 0 0 0 0 0 0 0 0 0 0 0 0 0 0 -18 -14 -18 -15 -17 -16 -17 -17 -17 -17 -17 -18 -17 -18 -17 -19 -16 -20 -16 -20 -16 -21 -16 -21 -16 -21 -16 -21 -16 -21 -16 -21 -16 -21 -16 -21
2025-04-02 14:40:57,CSI_DATA,STA,D8:B1:90:DB:E8:90,-46,11,1,6,0,0,1,0,0,0,1,-94,0,3,0,2856494702,0,110,0,0,88756.2,256,[110 96 6 0 19 15 19 15 19 13 19 13 18 12 18 12 18 11 17 10 17 8 17 8 17 8 18 8 17 8 17 7 17 7 16 7 16 7 15 7 15 7 15 6 14 7 14 7 14 7 13 6 12 7 0 0 0 0 0 0 0 0 0 0 0 0 0 0 0 0 0 0 0 0 0 0 20 7 20 9 20 9 20 10 20 11 20 11 19 13 19 13 19 14 19 15 19 15 19 15 19 16 19 16 20 16 19 15 19 16 19 15 20 16 20 15 20 15 20 16 20 14 21 15 21 15 21 14 ]
2025-04-02 14:40:59,CSI_DATA,STA,D8:B1:90:DB:E8:90,-47,11,1,6,0,0,1,0,0,0,1,-94,0,3,0,2858005733,0,110,0,0,88757.7,256,[110 96 6 0 13 21 13 21 12 20 12 20 12 19 11 19 11 19 9 19 9 19 8 18 9 18 8 18 7 18 7 19 6 19 6 18 5 18 4 18 3 18 2 18 1 17 0 17 0 16 -1 17 -2 16 0 0 0 0 0 0 0 0 0 0 0 0 0 0 0 0 0 0 0 0 0 0 -8 -22 -6 -22 -6 -20 -5 -20 -4 -21 -3 -21 -6 -24 -5 -25 -3 -25 -2 -26 -5 -26 -4 -26 -3 -27 -2 -27 -4 31 -5 31 -6 31 -6 31 -11 22 -11 22 -12 22 -13 22 17 18 17 19 17 19 16 19 ]
2025-04-02 14:41:03,CSI_DATA,STA,D8:B1:90:DB:E8:90,-46,11,1,6,0,0,1,0,0,0,1,-94,0,3,0,2862513292,0,110,0,0,88762.2,256,[110 96 6 0 -18 -22 -18 -22 -17 -20 -18 -21 -18 -19 -18 -19 -18 -18 -18 -17 -18 -16 -18 -15 -18 -16 -19 -15 -18 -15 -18 -13 -18 -14 -18 -14 -17 -13 -17 -13 -16 -12 -16 -13 -16 -13 -15 -13 -14 -13 -14 -12 -13 -13 0 0 0 0 0 0 0 0 0 0 0 0 0 0 0 0 0 0 0 0 0 0 -18 -16 -17 -18 -17 -19 -17 -19 -17 -20 -17 -21 -16 -22 -16 -22 -16 -23 -16 -24 -15 -24 -14 -24 -15 -25 -14 -25 -15 -24 -15 -23 -15 -23 -1
2025-04-02 14:41:07,CSI_DATA,STA,D8:B1:90:DB:E8:90,-45,11,1,7,0,0,1,0,0,0,1,-94,0,3,0,2866019927,0,110,0,0,88765.7,256,[110 96 6 0 -12 -22 -12 -21 -11 -21 -13 -21 -13 -20 -12 -20 -13 -19 -12 -18 -12 -17 -12 -17 -13 -17 -13 -17 -13 -16 -13 -15 -13 -15 -13 -15 -12 -15 -12 -14 -11 -14 -11 -14 -11 -14 -11 -14 -10 -14 -9 -13 -9 -13 0 0 0 0 0 0 0 0 0 0 0 0 0 0 0 0 0 0 0 0 0 0 -14 -18 -13 -19 -13 -20 -12 -21 -12 -22 -12 -22 -12 -22 -11 -23 -11 -23 -10 -24 -9 -24 -8 -24 -9 -24 -9 -24 -9 -24 -9 -24 -10 -24 -10 -24 -1
2025-04-02 14:41:09,CSI_DATA,STA,D8:B1:90:DB:E8:90,-45,11,1,7,0,0,1,0,0,0,1,-94,0,3,0,2868528085,0,110,0,0,88768.2,256,[110 96 6 0 -21 16 -20 16 -20 16 -19 15 -18 15 -18 15 -17 15 -17 16 -16 16 -16 16 -15 16 -14 16 -14 16 -14 16 -14 16 -13 16 -13 16 -13 15 -13 14 -13 14 -12 13 -12 12 -12 12 -12 13 -12 12 0 0 0 0 0 0 0 0 0 0 0 0 0 0 0 0 0 0 0 0 0 0 -17 17 -18 16 -19 16 -20 15 -20 15 -21 15 -21 14 -22 14 -23 14 -23 14 -24 14 -24 13 -23 13 -23 13 -23 13 -23 13 -23 13 -23 14 -23 14 -22 14 -22 15 -22 15 -22 16 -2
2025-04-02 14:41:10,CSI_DATA,STA,D8:B1:90:DB:E8:90,-45,11,1,7,0,0,1,0,0,0,1,-94,0,3,0,2870027916,0,110,0,0,88769.7,256,[110 96 6 0 -28 2 -27 3 -26 3 -26 3 -25 3 -24 4 -23 4 -23 5 -22 6 -22 6 -21 5 -20 6 -20 6 -20 7 -20 7 -19 6 -19 7 -19 6 -18 6 -18 6 -17 5 -16 5 -16 4 -17 4 -17 3 0 0 0 0 0 0 0 0 0 0 0 0 0 0 0 0 0 0 0 0 0 0 -24 7 -25 5 -25 4 -26 3 -26 3 -27 2 -27 2 -28 1 -28 1 -28 0 -28 -1 -28 -1 -28 -2 -28 -2 -28 -1 -28 -1 -28 0 -28 0 -28 0 -28 1 -28 2 -28 2 -27 3 -28 2 -28 2 -28 3 ]
2025-04-02 14:41:16,CSI_DATA,STA,D8:B1:90:DB:E8:90,-45,11,1,7,0,0,1,0,0,0,1,-94,0,3,0,2875044177,0,110,0,0,88774.7,256,[110 96 6 0 8 -24 8 -24 8 -23 7 -23 6 -22 5 -22 5 -21 5 -21 4 -21 4 -21 2 -21 2 -21 2 -21 3 -20 3 -20 2 -19 3 -19 2 -18 3 -18 3 -17 2 -17 2 -16 2 -16 3 -15 3 -15 0 0 0 0 0 0 0 0 0 0 0 0 0 0 0 0 0 0 0 0 0 0 6 -23 7 -23 8 -23 9 -23 10 -23 11 -23 11 -23 12 -24 13 -24 12 -23 13 -23 14 -23 13 -23 13 -23 13 -23 13 -23 12 -23 12 -24 11 -24 10 -23 10 -24 10 -24 10 -25 9 -25 10 -25 10 -25 ]
2025-04-02 14:41:25,CSI_DATA,STA,D8:B1:90:DB:E8:90,-48,11,1,7,0,0,1,1,0,0,1,-94,0,3,0,2884575398,0,110,0,0,88784.3,256,[110 96 6 0 -11 -24 -11 -23 -12 -21 -12 -20 -13 -19 -13 -18 -13 -17 -14 -17 -14 -17 -14 -16 -15 -15 -15 -15 -15 -14 -16 -13 -16 -12 -16 -12 -15 -12 -15 -11 -15 -11 -15 -10 -15 -10 -14 -9 -14 -9 -13 -9 -13 -9 0 0 0 0 0 0 0 0 0 0 0 0 0 0 0 0 0 0 0 0 0 0 10 -26 12 -25 3 -4 4 -4 4 -4 5 -4 1 2 2 1 2 2 2 1 -28 4 -28 4 -28 3 -28 5 21 -2 21 -2 21 -3 21 -3 38 8 39 6 39 5 40 5 -25 -9 -26 -9 -26 -8 20
2025-04-02 14:41:26,CSI_DATA,STA,D8:B1:90:DB:E8:90,-46,11,1,6,0,0,1,0,0,0,1,-94,0,3,0,2885578051,0,110,0,0,88785.3,256,[110 96 6 0 -9 -45 -8 -45 -6 -44 -6 -44 -4 -41 -2 -38 -2 -36 -2 -33 -1 -29 -1 -25 -1 -21 -1 -17 -1 -14 -1 -10 -1 -7 -1 -3 -1 -1 -1 1 -1 4 -1 5 0 7 0 9 1 9 1 10 2 11 0 0 0 0 0 0 0 0 0 0 0 0 0 0 0 0 0 0 0 0 0 0 1 39 -2 37 -4 33 -5 30 -5 26 -3 22 -2 19 1 16 3 14 6 12 8 10 9 8 10 7 10 6 10 3 9 2 8 -1 7 -4 4 -7 2 -11 -2 -15 -4 -19 -5 -23 -8 -27 -8 -32 -7 -35 ]
2025-04-02 14:41:28,CSI_DATA,STA,D8:B1:90:DB:E8:90,-45,11,1,7,0,0,1,0,0,0,0,-94,0,3,0,2887581875,0,110,0,0,88787.3,256,[110 96 6 0 24 -7 24 -7 23 -8 23 -7 22 -7 21 -8 21 -8 20 -9 19 -9 18 -9 17 -9 17 -9 17 -9 17 -9 17 -9 16 -9 16 -9 16 -9 15 -8 15 -8 15 -7 14 -6 14 -6 14 -6 14 -6 0 0 0 0 0 0 0 0 0 0 0 0 0 0 0 0 0 0 0 0 0 0 22 -10 23 -9 22 -8 23 -7 24 -7 24 -6 25 -6 25 -6 26 -5 26 -4 26 -4 26 -4 26 -3 26 -3 26 -4 25 -4 26 -4 25 -5 25 -5 25 -5 25 -6 25 -5 25 -7 25 -6 25 -7 25 -8 ]
2025-04-02 14:41:30,CSI_DATA,STA,D8:B1:90:DB:E8:90,-46,11,1,6,0,0,1,0,0,0,1,-94,0,3,0,2889086079,0,110,0,0,88788.8,256,[110 96 6 0 9 22 9 22 8 20 9 20 9 19 9 19 9 18 9 17 9 17 9 17 10 16 10 16 10 16 10 15 10 14 10 15 9 14 9 14 9 13 8 13 8 13 8 13 7 13 6 12 6 12 0 0 0 0 0 0 0 0 0 0 0 0 0 0 0 0 0 0 0 0 0 0 11 20 10 20 10 21 9 22 9 22 9 23 8 23 8 24 7 24 7 25 6 24 6 24 6 25 6 24 6 24 6 24 6 23 7 24 7 24 8 24 8 24 9 24 8 24 9 24 9 24 9 22 ]
2025-04-02 14:41:34,CSI_DATA,STA,D8:B1:90:DB:E8:90,-45,11,1,5,0,0,1,0,0,0,1,-94,0,3,0,2893099526,0,110,0,0,88792.8,256,[110 96 6 0 8 23 9 23 8 21 9 21 9 21 9 20 10 19 10 18 10 17 10 17 11 16 11 16 11 16 10 15 10 15 10 15 10 14 10 14 9 13 9 13 9 13 8 13 8 13 7 12 7 13 0 0 0 0 0 0 0 0 0 0 0 0 0 0 0 0 0 0 0 0 0 0 11 21 10 22 9 21 9 22 8 23 7 24 7 24 7 24 6 25 6 26 5 25 5 25 5 26 5 25 5 25 5 25 6 25 5 24 7 25 7 25 8 25 8 25 8 24 9 25 9 24 9 24 ]
2025-04-02 14:41:34,CSI_DATA,STA,D8:B1:90:DB:E8:90,-45,11,1,7,0,0,1,0,0,0,0,-94,0,3,0,2893601538,0,110,0,0,88793.3,256,[110 96 6 0 -9 -25 -9 -23 -9 -23 -10 -23 -10 -22 -10 -22 -10 -21 -10 -20 -10 -19 -10 -19 -11 -18 -11 -18 -11 -17 -11 -17 -11 -16 -11 -17 -10 -16 -9 -16 -9 -16 -9 -15 -9 -16 -9 -15 -8 -15 -7 -15 -7 -15 0 0 0 0 0 0 0 0 0 0 0 0 0 0 0 0 0 0 0 0 0 0 -12 -21 -10 -21 -11 -23 -10 -23 -10 -24 -9 -24 -9 -24 -8 -25 -8 -26 -7 -26 -7 -26 -6 -26 -7 -26 -7 -26 -7 -26 -7 -26 -7 -25 -7 -26 -8 -25 -8 -25 -9 -
2025-04-02 14:41:36,CSI_DATA,STA,D8:B1:90:DB:E8:90,-45,11,1,7,0,0,1,0,0,0,0,-94,0,3,0,2895607350,0,110,0,0,88795.3,256,[110 96 6 0 -24 -10 -23 -10 -23 -9 -22 -9 -21 -8 -21 -8 -21 -7 -20 -6 -20 -5 -20 -5 -20 -5 -20 -5 -20 -5 -19 -4 -19 -4 -18 -5 -18 -3 -18 -4 -17 -4 -17 -4 -16 -5 -16 -5 -15 -5 -15 -4 -15 -5 0 0 0 0 0 0 0 0 0 0 0 0 0 0 0 0 0 0 0 0 0 0 -24 -5 -23 -7 -24 -8 -24 -9 -24 -10 -24 -10 -24 -10 -24 -11 -24 -12 -25 -12 -24 -12 -24 -13 -24 -13 -24 -13 -23 -13 -24 -13 -24 -12 -24 -12 -24 -12 -24 -12 -25 -
2025-04-02 14:41:37,CSI_DATA,STA,D8:B1:90:DB:E8:90,-45,11,1,7,0,0,1,0,0,0,0,-94,0,3,0,2896108252,0,110,0,0,88795.8,256,[110 96 6 0 -1 25 -1 24 -1 23 0 23 1 23 1 22 2 22 2 21 2 21 2 20 3 20 3 20 4 20 3 19 3 19 4 19 4 18 3 17 3 17 3 16 3 16 3 16 3 15 2 15 1 15 0 0 0 0 0 0 0 0 0 0 0 0 0 0 0 0 0 0 0 0 0 0 2 23 1 24 0 24 -1 24 -1 25 -2 25 -2 26 -3 26 -3 27 -4 27 -5 26 -5 26 -5 26 -5 26 -4 26 -4 26 -4 25 -3 26 -3 26 -2 26 -2 26 -2 27 -1 26 -1 26 -1 27 -2 26 ]
2025-04-02 14:41:41,CSI_DATA,STA,D8:B1:90:DB:E8:90,-45,11,1,7,0,0,1,0,0,0,1,-94,0,3,0,2900614109,0,110,0,0,88800.3,256,[110 96 6 0 -26 3 -25 4 -24 4 -23 4 -22 4 -22 4 -21 5 -21 6 -20 7 -20 7 -19 7 -19 7 -19 7 -18 7 -18 7 -17 7 -18 7 -17 7 -17 6 -17 6 -16 5 -15 5 -15 5 -16 5 -15 4 0 0 0 0 0 0 0 0 0 0 0 0 0 0 0 0 0 0 0 0 0 0 -23 6 -24 5 -24 4 -25 4 -25 3 -26 3 -26 2 -26 2 -26 1 -27 0 -26 1 -26 1 -26 0 -26 0 -27 0 -26 1 -27 1 -27 1 -26 2 -26 2 -26 2 -26 3 -26 3 -26 3 -26 3 -26 4 ]
2025-04-02 14:41:42,CSI_DATA,STA,00:00:00:00:00:00,-47,11,0,0,0,0,0,0,0,0,0,-94,0,3,0,2901472119,0,14,0,0,88801.2,128,[14 -32 0 0 48 4 47 5 46 6 43 7 40 6 37 6 33 5 30 4 25 2 22 1 19 -1 16 -2 13 -2 9 -3 7 -3 5 -4 2 -3 1 -2 -2 -1 -3 0 -5 1 -7 2 -9 4 -11 6 -14 7 0 0 0 0 0 0 0 0 0 0 0 0 0 0 0 0 0 0 0 0 0 0 -39 -17 -34 -19 -29 -19 -26 -17 -22 -14 -20 -11 -18 -6 -16 -3 -16 1 -16 4 -16 7 -16 8 -15 9 -14 9 -12 8 -9 6 -6 5 -1 3 3 2 9 1 14 -1 21 -2 26 -3 32 -2 37 -1 42 -1 ]
2025-04-02 14:41:42,CSI_DATA,STA,D8:B1:90:DB:E8:90,-46,11,1,7,0,0,1,0,0,0,1,-94,0,3,0,2901615963,0,110,0,0,88801.3,256,[110 96 6 0 18 -15 17 -16 17 -15 16 -15 16 -15 14 -14 14 -15 14 -15 13 -16 12 -16 11 -15 11 -16 10 -16 11 -15 12 -15 10 -14 11 -14 11 -14 10 -13 11 -13 10 -13 9 -12 9 -12 10 -11 10 -11 0 0 0 0 0 0 0 0 0 0 0 0 0 0 0 0 0 0 0 0 0 0 15 -18 17 -17 17 -17 18 -17 19 -16 20 -16 20 -15 21 -15 22 -15 22 -14 21 -15 21 -14 21 -14 21 -14 22 -15 21 -14 21 -15 21 -15 20 -15 20 -15 19 -15 20 -16 19 -16 19 -
2025-04-02 14:41:47,CSI_DATA,STA,D8:B1:90:DB:E8:90,-44,11,1,7,0,0,1,0,0,0,1,-94,0,3,0,2906123881,0,110,0,0,88805.8,256,[110 96 6 0 12 22 12 21 12 20 13 20 13 19 13 19 13 18 13 17 13 16 13 16 13 16 14 16 14 15 13 15 13 14 14 15 13 14 13 13 13 13 11 13 11 13 11 13 10 13 9 13 9 13 0 0 0 0 0 0 0 0 0 0 0 0 0 0 0 0 0 0 0 0 0 0 14 17 14 18 12 18 12 19 12 20 11 20 10 21 10 21 10 22 9 23 9 23 8 23 9 23 8 23 9 23 9 22 9 22 10 22 11 23 12 23 12 22 13 23 12 22 13 22 13 22 13 21 ]
2025-04-02 14:41:47,CSI_DATA,STA,D8:B1:90:DB:E8:90,-50,11,1,7,0,0,1,0,0,0,1,-94,0,3,0,2906623865,0,110,0,0,88806.3,256,[110 96 6 0 6 -16 6 -16 6 -16 -11 12 -12 12 -11 11 -10 12 8 5 8 5 8 5 8 5 -7 -24 -6 -24 -6 -23 -6 -23 -7 1 -6 1 -6 1 -6 2 19 -23 19 -22 19 -21 19 -20 13 -8 14 -7 0 0 0 0 0 0 0 0 0 0 0 0 0 0 0 0 0 0 0 0 0 0 -22 -19 -20 -22 9 8 9 8 9 9 9 10 -10 -18 -10 -19 -10 -19 -10 -20 -19 -13 -19 -15 -20 -14 -19 -15 27 12 27 11 27 12 28 11 -31 -18 -31 -18 -33 -18 -33 -18 25 14 25 15 25 14 -5 17 ]
2025-04-02 14:41:48,CSI_DATA,STA,D8:B1:90:DB:E8:90,-45,11,1,7,0,0,1,1,0,0,0,-94,0,3,0,2907126726,0,110,0,0,88806.8,256,[110 96 6 0 -23 -12 -22 -12 -22 -11 -22 -11 -22 -10 -22 -10 -21 -9 -21 -8 -20 -7 -21 -6 -21 -7 -20 -6 -20 -6 -20 -5 -20 -5 -19 -5 -19 -4 -19 -4 -18 -4 -18 -4 -17 -5 -17 -5 -16 -5 -17 -5 -17 -6 0 0 0 0 0 0 0 0 0 0 0 0 0 0 0 0 0 0 0 0 0 0 -22 -8 -22 -9 -21 -11 -22 -12 -22 -12 -22 -13 -22 -13 -23 -14 -22 -15 -23 -16 -22 -16 -22 -16 -22 -17 -22 -17 -22 -16 -22 -15 -22 -15 -22 -15 -22 -15 -22 -14
2025-04-02 14:41:48,CSI_DATA,STA,D8:B1:90:DB:E8:90,-50,11,1,7,0,0,1,1,0,0,1,-94,0,3,0,2907632315,0,110,0,0,88807.3,256,[110 96 6 0 11 -22 9 -22 9 -22 8 -22 6 -22 5 -21 4 -21 4 -21 3 -21 2 -20 0 -20 -1 -20 -1 -20 -1 -19 -1 -19 -3 -18 -2 -18 -2 -17 -3 -17 -3 -17 -4 -16 -5 -15 -5 -15 -4 -14 -4 -14 0 0 0 0 0 0 0 0 0 0 0 0 0 0 0 0 0 0 0 0 0 0 -22 -15 -18 -14 20 -16 21 -15 21 -15 21 -15 21 -17 22 -17 22 -16 22 -16 22 -16 22 -16 21 -16 21 -16 21 -17 21 -16 20 -17 20 -19 18 -20 17 -19 16 -20 15 -21 15 -21 14 -21 13
2025-04-02 14:41:49,CSI_DATA,STA,D8:B1:90:DB:E8:90,-47,11,1,5,0,0,1,1,1,0,0,-94,0,3,0,2908127209,0,110,0,0,88807.8,384,[110 96 6 0 2 -47 2 -47 4 -44 3 -44 3 -41 3 -39 2 -36 1 -33 1 -30 0 -27 -1 -24 -1 -21 -1 -18 -1 -15 0 -12 0 -8 0 -5 1 -2 1 1 1 4 2 7 2 9 2 12 1 13 0 15 0 0 0 0 0 0 0 0 0 0 0 0 0 0 0 0 0 0 0 0 0 0 -5 40 -8 36 -9 32 -8 28 -6 25 -4 22 -1 19 2 18 5 17 7 16 8 15 9 14 9 13 8 11 8 8 6 5 4 2 3 -4 1 -8 0 -13 -2 -18 -2 -24 -2 -28 -3 -33 -3 -38 0 -41 ]
2025-04-02 14:41:49,CSI_DATA,STA,D8:B1:90:DB:E8:90,-47,11,1,6,0,0,1,0,0,0,1,-94,0,3,0,2908623902,0,110,0,0,88808.3,256,[110 96 6 0 -42 9 -42 8 -41 7 -39 5 -37 5 -35 4 -31 4 -28 5 -26 4 -23 4 -20 4 -17 5 -15 4 -12 3 -9 3 -7 1 -4 0 -2 -1 1 -2 3 -3 6 -4 8 -4 10 -4 12 -5 14 -4 0 0 0 0 0 0 0 0 0 0 0 0 0 0 0 0 0 0 0 0 0 0 34 -12 32 -8 29 -5 25 -4 22 -4 18 -5 15 -6 12 -8 11 -10 9 -12 8 -13 7 -13 7 -14 6 -12 4 -11 2 -8 -1 -5 -4 -3 -7 0 -11 3 -16 5 -20 8 -25 10 -29 11 -33 12 -37 12 ]
2025-04-02 14:41:55,CSI_DATA,STA,D8:B1:90:DB:E8:90,-45,11,1,6,0,0,1,0,0,0,1,-94,0,3,0,2914632093,0,110,0,0,88814.3,256,[110 96 6 0 1 25 1 25 1 23 2 23 2 22 2 22 3 21 3 21 3 20 3 20 4 20 4 20 5 20 4 19 4 19 4 19 3 18 3 17 3 17 3 16 3 16 3 16 2 15 1 15 1 15 0 0 0 0 0 0 0 0 0 0 0 0 0 0 0 0 0 0 0 0 0 0 5 23 3 23 3 24 2 24 2 25 0 25 0 26 -1 26 -1 27 -2 27 -2 27 -2 27 -2 27 -2 27 -2 26 -3 26 -2 26 -2 26 -1 26 0 26 0 26 1 26 0 26 1 26 1 26 0 25 ]
2025-04-02 14:42:00,CSI_DATA,STA,D8:B1:90:DB:E8:90,-45,11,1,7,0,0,1,0,0,0,0,-94,0,3,0,2919150049,0,110,0,0,88818.8,256,[110 96 6 0 -17 19 -17 19 -17 19 -15 18 -14 18 -14 18 -13 18 -13 18 -13 18 -12 18 -11 17 -11 17 -10 17 -11 18 -10 17 -10 17 -11 17 -10 16 -10 15 -10 15 -9 14 -9 13 -10 13 -10 12 -10 12 0 0 0 0 0 0 0 0 0 0 0 0 0 0 0 0 0 0 0 0 0 0 -14 21 -15 19 -16 20 -17 19 -18 19 -19 19 -19 19 -20 19 -21 19 -21 18 -22 17 -22 17 -21 17 -21 17 -20 17 -21 18 -20 18 -20 19 -19 18 -19 18 -18 18 -18 19 -19 20 -19
2025-04-02 14:42:01,CSI_DATA,STA,D8:B1:90:DB:E8:90,-45,11,1,5,0,0,1,0,0,0,1,-94,0,3,0,2920150069,0,110,0,0,88819.8,256,[110 96 6 0 23 -3 24 -4 23 -4 23 -4 21 -5 21 -5 20 -5 21 -6 20 -7 19 -7 18 -7 18 -7 18 -7 18 -7 18 -7 16 -7 16 -7 16 -7 16 -6 15 -7 15 -6 14 -5 14 -5 14 -6 14 -5 0 0 0 0 0 0 0 0 0 0 0 0 0 0 0 0 0 0 0 0 0 0 21 -7 22 -6 23 -5 24 -4 24 -3 25 -3 24 -2 25 -2 26 -1 25 -1 26 -1 26 0 25 0 26 0 25 0 25 0 26 -1 25 -1 25 -1 24 -2 25 -2 25 -2 26 -4 26 -3 26 -4 25 -4 ]
2025-04-02 14:42:05,CSI_DATA,STA,D8:B1:90:DB:E8:90,-47,11,1,6,0,0,1,0,0,0,1,-94,0,3,0,2923657982,0,110,0,0,88823.4,256,[110 96 6 0 -16 43 -17 43 -17 41 -17 39 -15 36 -14 34 -12 31 -11 29 -9 25 -8 22 -7 19 -5 17 -4 14 -3 11 -2 8 -2 5 -1 2 -1 0 -1 -4 -1 -6 -1 -9 -1 -11 0 -13 1 -15 2 -16 0 0 0 0 0 0 0 0 0 0 0 0 0 0 0 0 0 0 0 0 0 0 19 -36 21 -31 20 -27 18 -23 15 -20 12 -18 7 -16 4 -16 0 -15 -3 -16 -5 -16 -6 -16 -6 -15 -6 -13 -6 -11 -6 -8 -5 -4 -5 1 -4 5 -4 11 -4 16 -4 22 -6 27 -7 31 -10 36 -13 39 ]
2025-04-02 14:42:05,CSI_DATA,STA,D8:B1:90:DB:E8:90,-47,11,1,6,0,0,1,0,0,0,1,-94,0,3,0,2924658293,0,110,0,0,88824.4,256,[110 96 6 0 44 -6 45 -6 43 -5 42 -5 40 -4 38 -4 35 -4 32 -4 28 -4 25 -5 22 -5 19 -4 16 -3 12 -2 9 -1 6 -1 3 0 -1 1 -3 2 -6 3 -8 3 -10 3 -12 3 -15 4 -16 4 0 0 0 0 0 0 0 0 0 0 0 0 0 0 0 0 0 0 0 0 0 0 -41 5 -38 1 -34 -2 -30 -2 -26 -1 -22 1 -19 3 -16 5 -15 8 -13 10 -13 11 -11 12 -10 12 -9 11 -7 10 -4 7 -1 5 3 2 7 0 11 -2 16 -5 22 -6 26 -9 31 -9 35 -9 40 -10 ]
2025-04-02 14:42:07,CSI_DATA,STA,D8:B1:90:DB:E8:90,-46,11,1,6,0,0,1,0,0,0,1,-94,0,3,0,2926664829,0,110,0,0,88826.4,256,[110 96 6 0 -40 -14 -40 -15 -39 -15 -37 -15 -35 -14 -34 -14 -31 -13 -29 -12 -26 -11 -23 -10 -21 -9 -18 -8 -15 -7 -12 -6 -9 -5 -6 -3 -3 -2 0 -1 3 0 5 1 7 3 8 4 9 6 11 6 12 7 0 0 0 0 0 0 0 0 0 0 0 0 0 0 0 0 0 0 0 0 0 0 37 1 34 3 31 4 27 4 24 4 21 2 19 0 17 -3 16 -6 15 -7 14 -8 14 -9 12 -9 10 -9 8 -8 5 -7 1 -6 -3 -6 -7 -6 -12 -5 -16 -5 -21 -5 -25 -5 -29 -7 -33 -9 -35 -10 ]
2025-04-02 14:42:08,CSI_DATA,STA,D8:B1:90:DB:E8:90,-46,11,1,7,0,0,1,1,0,0,1,-94,0,3,0,2927166570,0,110,0,0,88826.9,256,[110 96 6 0 -25 -2 -24 -2 -24 -1 -23 -1 -23 -1 -23 0 -22 -1 -22 1 -21 2 -21 2 -21 1 -20 2 -19 2 -20 3 -19 3 -19 3 -18 3 -19 3 -18 3 -18 2 -17 1 -16 1 -16 1 -17 2 -16 1 0 0 0 0 0 0 0 0 0 0 0 0 0 0 0 0 0 0 0 0 0 0 -23 3 -23 1 -24 1 -24 0 -24 -1 -25 -1 -26 -2 -26 -3 -26 -4 -26 -4 -26 -3 -26 -4 -25 -4 -25 -4 -24 -4 -25 -4 -25 -4 -25 -3 -25 -4 -25 -3 -26 -3 -26 -3 -26 -2 -26 -3 -26 -2 -25 -1 ]
2025-04-02 14:42:10,CSI_DATA,STA,D8:B1:90:DB:E8:90,-46,11,1,5,0,0,1,0,0,0,0,-94,0,3,0,2928675236,0,110,0,0,88828.4,256,[110 96 6 0 27 -32 27 -31 28 -30 27 -28 26 -27 26 -25 24 -24 23 -22 21 -20 18 -18 16 -16 14 -13 12 -11 9 -9 7 -6 5 -3 2 -1 -1 0 -3 2 -5 3 -7 5 -8 5 -10 6 -12 6 -13 7 0 0 0 0 0 0 0 0 0 0 0 0 0 0 0 0 0 0 0 0 0 0 -16 34 -18 29 -18 25 -16 22 -14 20 -11 18 -8 17 -5 17 -3 17 -1 17 0 16 1 16 1 15 2 13 2 10 3 7 4 3 5 -1 6 -5 8 -8 10 -13 12 -17 15 -21 16 -23 20 -26 23 -29 ]
2025-04-02 14:42:12,CSI_DATA,STA,D8:B1:90:DB:E8:90,-47,11,1,6,0,0,1,0,0,0,1,-94,0,3,0,2931686799,0,110,0,0,88831.4,256,[110 96 6 0 33 31 33 31 32 30 31 30 29 28 28 27 26 25 24 23 21 20 19 18 17 16 14 13 12 11 9 9 6 7 4 4 1 3 -2 1 -4 -1 -6 -3 -8 -5 -10 -7 -11 -8 -12 -8 -13 -9 0 0 0 0 0 0 0 0 0 0 0 0 0 0 0 0 0 0 0 0 0 0 -30 -31 -25 -30 -19 -29 -17 -26 -15 -22 -15 -18 -15 -15 -15 -10 -16 -8 -16 -6 -17 -4 -17 -2 -16 -1 -14 0 -12 1 -9 1 -5 3 -1 5 4 7 8 9 13 11 18 14 21 16 25 19 28 23 30 25 ]
2025-04-02 14:42:13,CSI_DATA,STA,D8:B1:90:DB:E8:90,-46,11,1,6,0,0,1,0,0,0,1,-94,0,3,0,2932184793,0,110,0,0,88831.9,256,[110 96 6 0 23 4 23 4 22 3 22 3 21 3 21 2 21 2 20 1 20 0 19 -1 19 0 19 -1 19 -1 19 -2 19 -2 18 -1 18 -2 18 -1 17 -1 17 -1 16 0 15 0 15 0 16 0 16 1 0 0 0 0 0 0 0 0 0 0 0 0 0 0 0 0 0 0 0 0 0 0 23 -1 23 2 22 2 23 2 23 3 23 4 23 5 23 6 23 7 23 7 24 7 24 7 24 8 24 8 23 7 23 7 23 6 23 6 24 5 24 6 24 5 24 5 24 4 24 4 24 4 24 3 ]
2025-04-02 14:42:15,CSI_DATA,STA,D8:B1:90:DB:E8:90,-46,11,1,7,0,0,1,0,0,0,1,-94,0,3,0,2934693505,0,110,0,0,88834.4,256,[110 96 6 0 -25 1 -24 2 -24 2 -23 2 -23 3 -22 3 -21 3 -21 4 -20 5 -20 5 -19 5 -19 5 -18 5 -18 6 -18 6 -18 5 -18 6 -18 5 -17 5 -17 4 -16 3 -16 4 -16 4 -16 4 -16 3 0 0 0 0 0 0 0 0 0 0 0 0 0 0 0 0 0 0 0 0 0 0 -22 5 -23 4 -23 3 -23 2 -24 1 -25 1 -24 0 -25 0 -25 -1 -25 -1 -26 -1 -25 -1 -26 -2 -25 -2 -25 -2 -26 -1 -25 0 -25 0 -25 0 -25 0 -25 0 -26 1 -25 1 -25 2 -25 2 -25 3 ]
2025-04-02 14:42:22,CSI_DATA,STA,D8:B1:90:DB:E8:90,-45,11,1,7,0,0,1,0,0,0,1,-94,0,3,0,2941219957,0,110,0,0,88840.9,256,[110 96 6 0 20 14 20 14 20 12 20 11 20 11 19 10 19 10 19 8 19 7 18 7 18 7 18 6 18 6 18 6 18 5 18 6 17 5 17 5 16 5 16 5 16 6 15 6 15 6 14 6 14 7 0 0 0 0 0 0 0 0 0 0 0 0 0 0 0 0 0 0 0 0 0 0 22 8 21 9 21 10 21 11 21 12 21 13 21 13 21 14 21 15 21 16 20 15 20 16 20 16 20 16 20 16 20 16 20 15 20 15 20 16 20 16 21 15 21 15 21 14 21 15 21 15 21 13 ]
2025-04-02 14:42:22,CSI_DATA,STA,00:00:00:00:00:00,-47,11,0,0,0,0,0,0,0,0,0,-94,0,3,0,2941469453,0,14,0,0,88841.2,128,[14 -32 0 0 31 34 29 33 29 33 27 32 26 29 24 27 22 24 20 20 18 18 17 15 15 11 13 9 10 7 9 5 6 4 4 3 1 2 -1 2 -4 1 -6 1 -9 1 -12 1 -14 1 -14 1 -17 1 0 0 0 0 0 0 0 0 0 0 0 0 0 0 0 0 0 0 0 0 0 0 4 -40 7 -37 8 -34 8 -30 7 -26 5 -22 2 -18 -1 -16 -4 -13 -7 -12 -9 -10 -11 -9 -11 -8 -11 -7 -10 -5 -8 -4 -5 -3 -2 0 3 3 7 5 11 9 16 12 20 16 24 20 27 24 28 26 ]
2025-04-02 14:42:22,CSI_DATA,STA,D8:B1:90:DB:E8:90,-45,11,1,7,0,0,1,0,0,0,1,-94,0,3,0,2941469977,0,100,0,0,88841.2,256,[100 -64 5 0 6 24 7 24 6 22 7 22 7 21 7 20 8 20 8 19 8 18 8 18 9 18 9 18 10 18 9 17 9 17 10 17 9 16 8 16 8 15 8 14 8 15 8 14 7 14 6 14 6 14 0 0 0 0 0 0 0 0 0 0 0 0 0 0 0 0 0 0 0 0 0 0 8 21 7 21 7 22 6 23 6 23 5 24 5 24 4 25 4 25 3 25 2 25 2 26 2 26 2 26 3 25 3 24 3 24 3 24 4 24 4 24 5 24 6 24 5 24 6 25 6 25 6 24 ]
2025-04-02 14:42:28,CSI_DATA,STA,D8:B1:90:DB:E8:90,-45,11,1,7,0,0,1,0,0,0,1,-94,0,3,0,2947238829,0,110,0,0,88846.9,256,[110 96 6 0 -2 24 -2 24 -2 23 -1 23 1 22 1 22 1 21 1 21 1 20 1 19 2 19 2 19 3 19 2 18 2 18 3 17 2 16 2 16 2 15 1 15 2 15 2 14 1 14 1 13 1 13 0 0 0 0 0 0 0 0 0 0 0 0 0 0 0 0 0 0 0 0 0 0 2 23 0 23 -1 22 -1 23 -2 23 -3 24 -3 25 -4 25 -5 26 -5 26 -6 26 -6 26 -6 26 -6 26 -5 25 -6 24 -5 25 -5 24 -4 26 -3 26 -3 26 -3 26 -3 26 -2 26 -3 26 -2 26 ]
2025-04-02 14:42:28,CSI_DATA,STA,D8:B1:90:DB:E8:90,-45,11,1,7,0,0,1,1,0,0,1,-94,0,3,0,2947736964,0,110,0,0,88847.4,256,[110 96 6 0 -21 13 -20 13 -20 13 -19 13 -19 13 -18 13 -17 13 -17 14 -16 14 -16 14 -15 13 -14 13 -14 13 -14 13 -14 13 -13 13 -13 13 -13 12 -13 11 -13 11 -12 10 -11 10 -11 9 -12 9 -12 8 0 0 0 0 0 0 0 0 0 0 0 0 0 0 0 0 0 0 0 0 0 0 -16 15 -17 15 -18 14 -19 14 -19 14 -20 13 -21 14 -22 13 -23 13 -23 13 -23 13 -24 12 -23 12 -23 12 -23 11 -23 11 -23 11 -23 12 -22 12 -22 13 -22 13 -22 13 -22 14 -21 1
2025-04-02 14:42:30,CSI_DATA,STA,D8:B1:90:DB:E8:90,-44,11,1,7,0,0,1,1,0,0,1,-94,0,3,0,2948739737,0,110,0,0,88848.4,256,[110 96 6 0 -25 2 -25 3 -24 3 -23 3 -23 3 -23 3 -21 4 -21 5 -21 5 -20 6 -20 5 -19 6 -19 6 -19 6 -19 6 -18 6 -18 6 -18 5 -17 5 -16 5 -15 4 -14 4 -14 4 -15 4 -15 3 0 0 0 0 0 0 0 0 0 0 0 0 0 0 0 0 0 0 0 0 0 0 -22 8 -23 6 -23 6 -24 5 -24 4 -25 4 -25 3 -25 3 -26 3 -26 2 -27 2 -27 1 -27 1 -27 0 -26 1 -27 1 -26 1 -26 2 -26 2 -26 2 -26 2 -26 2 -26 3 -26 3 -26 3 -25 4 ]
2025-04-02 14:42:35,CSI_DATA,STA,D8:B1:90:DB:E8:90,-45,11,1,7,0,0,1,1,0,0,1,-94,0,3,0,2954744606,0,110,0,0,88854.4,256,[110 96 6 0 -26 -4 -26 -4 -24 -3 -24 -3 -23 -2 -23 -2 -22 -1 -22 0 -21 0 -21 1 -21 0 -20 1 -20 2 -20 2 -20 2 -19 2 -19 3 -19 3 -18 2 -18 2 -17 1 -17 1 -17 1 -17 1 -17 0 0 0 0 0 0 0 0 0 0 0 0 0 0 0 0 0 0 0 0 0 0 0 -25 0 -25 -1 -25 -2 -25 -3 -26 -4 -26 -5 -27 -4 -27 -5 -27 -6 -28 -7 -26 -7 -26 -7 -26 -8 -26 -8 -27 -7 -27 -7 -27 -7 -26 -6 -27 -6 -27 -6 -27 -5 -27 -5 -27 -4 -27 -5 -27 -4 -27 -4
2025-04-02 14:42:36,CSI_DATA,STA,D8:B1:90:DB:E8:90,-47,11,1,7,0,0,1,1,0,0,1,-94,0,3,0,2955245089,0,110,0,0,88854.9,256,[110 96 6 0 10 -23 9 -23 9 -21 8 -21 7 -20 7 -20 7 -20 6 -20 5 -20 5 -20 4 -20 3 -20 3 -20 3 -18 3 -19 3 -18 3 -18 3 -18 3 -18 3 -17 2 -16 2 -16 3 -16 3 -16 4 -16 0 0 0 0 0 0 0 0 0 0 0 0 0 0 0 0 0 0 0 0 0 0 25 2 25 4 22 2 22 3 22 4 23 4 13 -4 14 -4 14 -3 14 -3 -20 -20 -20 -20 -20 -20 -20 -20 14 0 15 0 14 0 15 0 27 15 27 15 28 15 28 14 -30 -17 -31 -17 -31 -17 6 0 ]
2025-04-02 14:42:36,CSI_DATA,STA,D8:B1:90:DB:E8:90,-45,11,1,7,0,0,1,1,0,0,1,-94,0,3,0,2955745482,0,110,0,0,88855.4,256,[110 96 6 0 -15 -23 -16 -22 -15 -20 -16 -21 -16 -20 -16 -19 -16 -19 -16 -17 -16 -16 -16 -16 -16 -16 -16 -15 -16 -15 -16 -14 -16 -14 -16 -14 -15 -13 -15 -13 -14 -13 -14 -13 -14 -13 -13 -13 -13 -13 -13 -12 -13 -13 0 0 0 0 0 0 0 0 0 0 0 0 0 0 0 0 0 0 0 0 0 0 -17 -18 -16 -19 -14 -20 -14 -21 -14 -22 -13 -22 -13 -23 -13 -24 -12 -25 -12 -26 -12 -25 -12 -26 -12 -26 -12 -26 -12 -26 -12 -25 -12 -25 -1
2025-04-02 14:42:37,CSI_DATA,STA,D8:B1:90:DB:E8:90,-45,11,1,7,0,0,1,1,0,0,1,-94,0,3,0,2956247710,0,110,0,0,88855.9,256,[110 96 6 0 24 -9 24 -9 23 -9 22 -8 21 -9 20 -9 20 -9 20 -11 19 -11 19 -11 18 -11 17 -11 16 -11 17 -11 16 -11 16 -11 16 -11 16 -11 16 -10 16 -10 15 -9 14 -9 14 -8 14 -8 14 -7 0 0 0 0 0 0 0 0 0 0 0 0 0 0 0 0 0 0 0 0 0 0 19 -12 21 -12 21 -11 22 -11 23 -10 24 -10 23 -9 25 -9 25 -7 25 -7 26 -7 26 -6 26 -6 25 -6 26 -6 26 -7 26 -7 25 -7 25 -7 25 -7 25 -8 25 -7 25 -9 25 -9 25 -9 25 -10 ]
2025-04-02 14:42:42,CSI_DATA,STA,00:00:00:00:00:00,-46,11,0,0,0,0,0,0,0,0,0,-94,0,3,0,2961470132,0,14,0,0,88861.2,128,[14 -32 0 0 -45 -24 -44 -25 -42 -25 -40 -25 -37 -23 -35 -22 -31 -20 -28 -17 -25 -15 -22 -12 -19 -9 -17 -7 -14 -5 -11 -4 -8 -2 -6 -1 -4 -1 -1 -1 1 -1 4 0 7 0 9 0 11 0 13 -1 15 -1 0 0 0 0 0 0 0 0 0 0 0 0 0 0 0 0 0 0 0 0 0 0 31 27 26 28 22 27 18 24 16 21 14 17 13 12 13 8 14 5 14 1 15 -1 15 -3 15 -5 14 -5 11 -6 9 -5 5 -5 1 -5 -5 -6 -10 -6 -16 -6 -22 -8 -27 -9 -33 -12 -37 -14 -40 -16 ]
2025-04-02 14:42:42,CSI_DATA,STA,D8:B1:90:DB:E8:90,-45,11,1,7,0,0,1,1,0,0,1,-94,0,3,0,2961754953,0,110,0,0,88861.5,256,[110 96 6 0 23 8 23 7 23 6 22 6 22 5 21 5 21 4 21 3 21 2 20 2 20 2 19 2 19 1 19 1 19 0 19 1 18 0 18 0 18 1 18 0 17 1 16 2 16 2 16 1 16 2 0 0 0 0 0 0 0 0 0 0 0 0 0 0 0 0 0 0 0 0 0 0 23 2 23 3 23 4 23 5 24 6 24 6 24 7 24 8 25 9 24 10 25 9 25 11 25 11 24 11 24 10 24 10 24 10 24 9 24 9 24 9 25 9 25 9 25 8 25 9 25 9 25 7 ]
2025-04-02 14:42:47,CSI_DATA,STA,D8:B1:90:DB:E8:90,-45,11,1,7,0,0,1,1,0,0,1,-94,0,3,0,2966262963,0,110,0,0,88866,256,[110 96 6 0 -16 18 -16 18 -15 17 -14 17 -13 18 -12 17 -12 17 -12 17 -11 17 -11 17 -9 17 -9 17 -9 17 -9 17 -9 16 -8 17 -8 16 -8 16 -8 15 -8 15 -8 15 -7 14 -8 13 -9 13 -9 13 0 0 0 0 0 0 0 0 0 0 0 0 0 0 0 0 0 0 0 0 0 0 -11 18 -11 19 -13 18 -14 18 -14 17 -15 18 -16 18 -17 18 -18 18 -18 18 -19 18 -19 18 -19 17 -19 17 -19 17 -20 16 -19 17 -18 17 -17 18 -17 17 -17 18 -17 18 -17 18 -16 18 -17 18 -17 1
2025-04-02 14:42:48,CSI_DATA,STA,D8:B1:90:DB:E8:90,-44,11,1,7,0,0,1,1,0,0,1,-94,0,3,0,2967762685,0,110,0,0,88867.5,256,[110 96 6 0 6 -26 5 -25 6 -24 5 -24 4 -24 3 -23 3 -23 2 -22 2 -22 2 -22 0 -22 0 -21 0 -21 0 -20 0 -20 -1 -20 0 -19 1 -20 0 -19 0 -18 0 -18 0 -18 1 -17 1 -16 2 -16 0 0 0 0 0 0 0 0 0 0 0 0 0 0 0 0 0 0 0 0 0 0 2 -23 3 -23 4 -24 5 -23 6 -24 6 -24 7 -25 8 -25 8 -25 9 -26 11 -24 11 -25 11 -25 10 -25 9 -24 10 -24 9 -24 9 -25 8 -25 8 -25 7 -25 7 -25 7 -26 7 -26 7 -26 7 -26 ]
2025-04-02 14:42:52,CSI_DATA,STA,D8:B1:90:DB:E8:90,-45,11,1,7,0,0,1,1,0,0,1,-94,0,3,0,2971268669,0,110,0,0,88871,256,[110 96 6 0 22 -10 22 -10 21 -10 21 -10 20 -10 20 -10 19 -10 19 -11 18 -11 17 -12 17 -11 16 -12 16 -12 16 -11 16 -12 14 -11 15 -12 15 -11 14 -10 14 -10 13 -9 13 -9 13 -8 13 -8 14 -8 0 0 0 0 0 0 0 0 0 0 0 0 0 0 0 0 0 0 0 0 0 0 18 -13 18 -12 19 -11 20 -11 20 -10 22 -10 22 -10 23 -10 24 -9 24 -8 24 -8 24 -8 24 -8 24 -7 23 -7 23 -7 23 -8 23 -8 23 -9 23 -9 23 -9 23 -9 23 -10 22 -9 23 -10 24 -11 ]
2025-04-02 14:42:52,CSI_DATA,STA,D8:B1:90:DB:E8:90,-45,11,1,7,0,0,1,1,0,0,1,-94,0,3,0,2971769245,0,110,0,0,88871.5,256,[110 96 6 0 -10 -23 -10 -23 -9 -21 -10 -21 -10 -21 -10 -20 -10 -19 -11 -18 -10 -17 -11 -16 -12 -17 -12 -17 -12 -17 -11 -16 -11 -15 -12 -15 -11 -14 -11 -14 -10 -14 -10 -14 -10 -15 -9 -14 -9 -14 -9 -13 -8 -13 0 0 0 0 0 0 0 0 0 0 0 0 0 0 0 0 0 0 0 0 0 0 -13 -17 -12 -18 -11 -19 -11 -20 -11 -21 -10 -22 -10 -23 -10 -23 -9 -24 -9 -24 -8 -24 -8 -24 -8 -25 -8 -25 -8 -25 -7 -24 -8 -24 -8 -24 -9 -25 -9
2025-04-02 14:42:53,CSI_DATA,STA,D8:B1:90:DB:E8:90,-44,11,1,7,0,0,1,1,0,0,1,-94,0,3,0,2972267988,0,110,0,0,88872,256,[110 96 6 0 24 -7 23 -8 23 -8 22 -8 21 -8 21 -9 20 -9 20 -11 19 -11 19 -10 18 -10 17 -11 17 -11 17 -11 17 -11 16 -11 17 -11 16 -11 16 -10 16 -10 15 -9 14 -8 14 -8 15 -8 15 -7 0 0 0 0 0 0 0 0 0 0 0 0 0 0 0 0 0 0 0 0 0 0 19 -11 20 -10 21 -10 21 -9 22 -9 23 -8 24 -8 25 -8 25 -7 26 -6 26 -5 26 -5 26 -5 26 -5 25 -5 25 -6 25 -6 25 -6 26 -6 25 -7 25 -7 26 -8 25 -8 24 -7 25 -7 25 -8 ]
2025-04-02 14:42:55,CSI_DATA,STA,D8:B1:90:DB:E8:90,-46,11,1,0,0,0,1,1,1,0,0,-94,0,3,0,2974282667,0,110,0,0,88874,384,[110 96 6 0 32 33 33 35 30 34 30 35 27 34 25 31 22 29 19 25 17 22 15 18 13 14 8 11 7 7 5 5 4 2 3 1 2 -1 0 -1 -2 -2 -4 -2 -6 -3 -9 -3 -11 -3 -13 -2 -16 -3 0 0 0 0 0 0 0 0 0 0 0 0 0 0 0 0 0 0 0 0 0 0 -16 -37 -12 -37 -8 -34 -7 -32 -6 -28 -5 -25 -5 -20 -7 -17 -8 -13 -9 -10 -11 -7 -12 -5 -12 -3 -12 -1 -11 1 -9 1 -7 3 -3 5 1 7 5 9 10 11 14 14 18 15 24 19 27 22 31 25 ]
2025-04-02 14:42:57,CSI_DATA,STA,D8:B1:90:DB:E8:90,-44,11,1,7,0,0,1,0,0,0,0,-94,0,3,0,2976785434,0,110,0,0,88876.5,256,[110 96 6 0 7 -25 7 -25 7 -24 6 -23 5 -23 5 -23 4 -22 4 -22 4 -22 3 -22 2 -21 1 -21 1 -21 1 -20 1 -20 0 -20 2 -19 2 -19 2 -19 2 -18 1 -18 1 -17 2 -16 2 -16 3 -16 0 0 0 0 0 0 0 0 0 0 0 0 0 0 0 0 0 0 0 0 0 0 3 -23 5 -23 5 -23 6 -23 7 -24 8 -24 8 -23 9 -24 10 -24 10 -24 10 -24 11 -24 10 -24 10 -24 10 -23 10 -23 10 -24 10 -24 10 -24 10 -24 9 -25 9 -25 9 -25 8 -25 8 -25 9 -25 ]
2025-04-02 14:42:59,CSI_DATA,STA,D8:B1:90:DB:E8:90,-45,11,1,6,0,0,1,0,0,0,1,-94,0,3,0,2978795840,0,110,0,0,88878.5,256,[110 96 6 0 -25 5 -24 6 -24 6 -23 6 -22 6 -21 6 -21 6 -21 7 -20 8 -20 8 -19 7 -17 9 -17 8 -17 9 -17 9 -17 9 -17 9 -17 9 -16 8 -16 9 -15 8 -15 8 -15 7 -15 7 -15 6 0 0 0 0 0 0 0 0 0 0 0 0 0 0 0 0 0 0 0 0 0 0 -20 9 -21 8 -22 7 -22 7 -23 6 -23 6 -24 6 -24 5 -25 4 -25 3 -26 3 -26 3 -25 3 -25 2 -25 3 -25 4 -25 4 -25 4 -25 4 -25 5 -25 5 -25 5 -25 5 -25 5 -25 6 -25 6 ]
2025-04-02 14:43:03,CSI_DATA,STA,D8:B1:90:DB:E8:90,-45,11,1,6,0,0,1,0,0,0,1,-94,0,3,0,2982300949,0,110,0,0,88882,256,[110 96 6 0 42 5 43 5 42 5 42 6 39 6 37 6 34 6 31 6 27 6 23 5 20 4 16 3 12 3 8 2 5 1 2 0 0 0 -2 0 -4 0 -5 0 -7 0 -8 1 -9 2 -10 4 -12 5 0 0 0 0 0 0 0 0 0 0 0 0 0 0 0 0 0 0 0 0 0 0 -34 -16 -31 -18 -28 -19 -25 -18 -22 -16 -20 -14 -18 -11 -16 -8 -15 -5 -14 -2 -13 0 -12 2 -11 4 -9 5 -7 6 -5 5 -2 5 1 5 6 5 9 4 14 3 19 3 22 1 27 2 32 2 35 2 ]
2025-04-02 14:43:04,CSI_DATA,STA,D8:B1:90:DB:E8:90,-44,11,1,5,0,0,1,0,0,0,1,-94,0,3,0,2983801818,0,110,0,0,88883.5,256,[110 96 6 0 -2 25 -1 25 -2 23 -1 23 0 23 0 22 1 22 2 21 2 21 2 20 3 20 3 20 3 20 3 19 3 19 3 19 3 19 2 18 3 18 2 18 2 17 2 17 2 17 1 16 0 16 0 0 0 0 0 0 0 0 0 0 0 0 0 0 0 0 0 0 0 0 0 0 2 21 0 21 0 22 -1 22 -1 22 -2 23 -2 24 -3 25 -4 25 -4 25 -5 26 -5 26 -5 26 -5 26 -5 25 -5 25 -5 25 -5 25 -3 25 -3 25 -2 25 -2 26 -3 26 -2 27 -2 27 -1 25 ]
2025-04-02 14:43:07,CSI_DATA,STA,D8:B1:90:DB:E8:90,-45,11,1,7,0,0,1,0,0,0,0,-94,0,3,0,2986308968,0,110,0,0,88886,256,[110 96 6 0 14 20 14 20 14 18 14 18 14 17 14 16 15 16 14 14 14 13 14 13 15 13 15 13 15 12 15 11 15 11 14 12 14 11 14 11 13 10 13 10 12 10 12 10 11 10 11 10 11 10 0 0 0 0 0 0 0 0 0 0 0 0 0 0 0 0 0 0 0 0 0 0 14 15 14 16 13 16 13 17 13 18 12 19 12 19 13 20 12 21 12 21 11 21 11 21 11 22 11 22 11 22 11 21 12 21 11 21 12 21 13 21 13 21 14 21 13 20 14 20 14 20 14 20 ]
2025-04-02 14:43:07,CSI_DATA,STA,D8:B1:90:DB:E8:90,-45,11,1,7,0,0,1,0,0,0,0,-94,0,3,0,2986810335,0,110,0,0,88886.5,256,[110 96 6 0 -15 -25 -15 -25 -15 -22 -15 -22 -15 -21 -15 -20 -15 -20 -15 -18 -15 -17 -15 -17 -16 -17 -16 -17 -15 -17 -15 -16 -15 -16 -14 -16 -14 -14 -13 -14 -13 -14 -13 -14 -13 -15 -12 -14 -12 -14 -11 -13 -11 -13 0 0 0 0 0 0 0 0 0 0 0 0 0 0 0 0 0 0 0 0 0 0 -16 -17 -15 -19 -15 -20 -15 -21 -14 -22 -14 -22 -14 -23 -13 -24 -13 -25 -13 -25 -12 -25 -12 -25 -12 -25 -12 -26 -12 -26 -13 -25 -13 -25 -1
2025-04-02 14:43:10,CSI_DATA,STA,D8:B1:90:DB:E8:90,-45,11,1,7,0,0,1,0,0,0,0,-94,0,3,0,2988819830,0,110,0,0,88888.5,256,[110 96 6 0 -22 11 -22 11 -21 11 -20 11 -19 12 -19 12 -18 12 -18 12 -17 13 -17 12 -16 12 -16 13 -16 13 -16 13 -16 13 -15 12 -15 13 -15 12 -14 11 -15 11 -14 10 -13 10 -13 10 -14 10 -14 9 0 0 0 0 0 0 0 0 0 0 0 0 0 0 0 0 0 0 0 0 0 0 -17 13 -18 13 -20 12 -21 12 -21 12 -22 11 -22 10 -23 10 -23 10 -24 9 -24 10 -24 10 -24 9 -23 9 -24 10 -24 10 -24 10 -24 11 -23 10 -23 10 -23 11 -23 11 -23 12 -23 12
2025-04-02 14:43:14,CSI_DATA,STA,D8:B1:90:DB:E8:90,-46,11,1,6,0,0,1,0,0,0,0,-94,0,3,0,2993326174,0,110,0,0,88893,256,[110 96 6 0 47 0 48 0 46 1 46 2 43 2 41 3 37 3 34 3 29 2 25 2 22 2 18 1 13 1 9 1 6 0 3 -1 0 0 -2 -1 -4 0 -6 1 -7 1 -8 2 -9 3 -11 6 -14 7 0 0 0 0 0 0 0 0 0 0 0 0 0 0 0 0 0 0 0 0 0 0 -40 -10 -38 -12 -33 -14 -31 -13 -27 -11 -24 -10 -21 -7 -19 -4 -18 -2 -16 1 -14 3 -13 5 -11 7 -10 7 -7 8 -4 6 -1 6 3 5 7 4 11 3 16 0 22 0 25 -3 30 -3 35 -3 39 -3 ]
2025-04-02 14:43:19,CSI_DATA,STA,D8:B1:90:DB:E8:90,-45,11,1,6,0,0,1,0,0,0,0,-94,0,3,0,2998838579,0,110,0,0,88898.5,256,[110 96 6 0 -25 -12 -24 -12 -24 -11 -23 -11 -23 -10 -23 -9 -22 -8 -22 -7 -22 -6 -22 -5 -22 -5 -21 -5 -21 -4 -21 -3 -21 -3 -20 -4 -20 -3 -20 -3 -19 -3 -19 -3 -18 -3 -18 -4 -17 -4 -17 -3 -17 -4 0 0 0 0 0 0 0 0 0 0 0 0 0 0 0 0 0 0 0 0 0 0 -23 -7 -22 -8 -22 -10 -22 -11 -23 -12 -23 -12 -23 -14 -23 -14 -23 -15 -23 -16 -23 -16 -22 -16 -23 -17 -23 -16 -23 -15 -23 -15 -23 -14 -23 -14 -24 -15 -24 -14
2025-04-02 14:43:21,CSI_DATA,STA,D8:B1:90:DB:E8:90,-47,11,1,7,0,0,1,0,0,0,1,-92,0,3,0,3000339198,0,110,0,0,88900,256,[110 96 6 0 25 3 25 2 24 2 24 2 22 2 22 1 22 1 21 -1 20 -2 20 -2 19 -1 19 -2 19 -2 19 -3 19 -3 18 -2 18 -2 18 -3 17 -2 17 -3 17 -2 16 -2 16 -1 16 -2 16 -1 0 0 0 0 0 0 0 0 0 0 0 0 0 0 0 0 0 0 0 0 0 0 23 -1 23 0 23 0 23 1 24 2 25 3 25 4 25 4 26 5 25 6 25 6 25 7 25 7 25 7 25 6 25 5 25 6 25 5 25 5 25 5 25 4 26 3 26 3 26 4 26 3 26 3 ]
2025-04-02 14:43:23,CSI_DATA,STA,D8:B1:90:DB:E8:90,-46,11,1,5,0,0,1,0,0,0,0,-93,0,3,0,3002343940,0,110,0,0,88902,256,[110 96 6 0 -26 -9 -25 -8 -25 -7 -24 -7 -24 -6 -24 -6 -23 -5 -23 -4 -22 -3 -22 -3 -22 -3 -21 -3 -21 -2 -21 -2 -20 -2 -20 -1 -20 -1 -20 -1 -19 -1 -19 -1 -18 -2 -17 -2 -17 -2 -18 -1 -17 -2 0 0 0 0 0 0 0 0 0 0 0 0 0 0 0 0 0 0 0 0 0 0 -24 -1 -24 -3 -24 -4 -25 -5 -25 -6 -25 -6 -25 -7 -26 -8 -26 -8 -27 -9 -26 -10 -26 -10 -26 -10 -26 -11 -25 -10 -26 -10 -25 -10 -26 -10 -26 -10 -26 -9 -27 -9 -27 -9 -2
2025-04-02 14:43:26,CSI_DATA,STA,D8:B1:90:DB:E8:90,-45,11,1,5,0,0,1,0,0,0,1,-93,0,3,0,3005353948,0,110,0,0,88905.1,256,[110 96 6 0 13 -22 12 -21 12 -21 11 -21 10 -20 10 -20 9 -20 9 -20 9 -20 7 -19 6 -19 6 -21 5 -19 6 -19 6 -19 5 -19 6 -18 6 -18 6 -17 5 -17 4 -17 4 -16 5 -16 5 -15 5 -15 0 0 0 0 0 0 0 0 0 0 0 0 0 0 0 0 0 0 0 0 0 0 8 -21 10 -20 10 -21 11 -20 12 -20 13 -20 14 -20 15 -21 16 -20 16 -20 16 -20 16 -20 16 -19 16 -20 16 -20 16 -20 15 -20 16 -21 14 -20 14 -20 14 -21 14 -21 14 -21 13 -21 13 -21 14 -22 ]
2025-04-02 14:43:26,CSI_DATA,STA,D8:B1:90:DB:E8:90,-45,11,1,7,0,0,1,0,0,0,1,-93,0,3,0,3005851909,0,110,0,0,88905.5,256,[110 96 6 0 -14 -21 -14 -21 -13 -19 -15 -19 -15 -18 -15 -18 -15 -17 -14 -16 -14 -15 -15 -15 -16 -15 -15 -14 -15 -14 -14 -13 -14 -13 -14 -13 -14 -13 -13 -12 -13 -12 -13 -11 -13 -12 -12 -12 -12 -12 -12 -10 -12 -10 0 0 0 0 0 0 0 0 0 0 0 0 0 0 0 0 0 0 0 0 0 0 -15 -15 -15 -17 -14 -18 -14 -19 -13 -19 -13 -20 -13 -21 -13 -22 -12 -22 -12 -22 -12 -22 -11 -23 -11 -23 -12 -23 -11 -23 -11 -22 -12 -22 -1
2025-04-02 14:43:28,CSI_DATA,STA,D8:B1:90:DB:E8:90,-46,11,1,7,0,0,1,0,0,0,1,-93,0,3,0,3007360290,0,110,0,0,88907.1,256,[110 96 6 0 10 23 11 22 10 21 11 21 12 21 12 20 12 19 11 18 11 17 11 17 12 17 11 16 11 16 11 15 11 14 12 15 11 14 11 13 10 13 10 13 10 13 9 14 9 13 9 12 8 13 0 0 0 0 0 0 0 0 0 0 0 0 0 0 0 0 0 0 0 0 0 0 14 17 12 19 12 20 11 21 11 22 10 22 10 22 10 23 9 24 9 25 8 25 8 25 8 25 8 25 8 25 8 25 8 24 8 25 9 25 9 25 10 25 11 25 10 24 10 24 10 24 11 23 ]
2025-04-02 14:43:31,CSI_DATA,STA,D8:B1:90:DB:E8:90,-46,11,1,7,0,0,1,0,0,0,1,-93,0,3,0,3010374846,0,110,0,0,88910.1,256,[110 96 6 0 -26 -4 -25 -3 -25 -3 -24 -2 -24 -2 -24 -1 -23 -2 -22 1 -22 1 -22 2 -21 1 -21 2 -20 2 -20 3 -20 3 -19 2 -19 2 -19 2 -18 2 -18 3 -17 2 -16 1 -16 1 -17 2 -16 1 0 0 0 0 0 0 0 0 0 0 0 0 0 0 0 0 0 0 0 0 0 0 -24 2 -25 1 -24 1 -24 0 -25 -1 -26 -2 -26 -3 -26 -4 -27 -5 -27 -6 -26 -5 -27 -6 -27 -7 -27 -7 -27 -7 -27 -6 -27 -6 -28 -5 -27 -6 -27 -5 -27 -5 -28 -5 -27 -4 -27 -5 -27 -4 -26 -3 ]
2025-04-02 14:43:31,CSI_DATA,STA,D8:B1:90:DB:E8:90,-45,11,1,7,0,0,1,1,0,0,1,-93,0,3,0,3010875166,0,110,0,0,88910.6,256,[110 96 6 0 -23 -12 -22 -12 -22 -11 -21 -10 -21 -9 -21 -9 -20 -8 -21 -7 -20 -7 -20 -6 -20 -7 -19 -5 -19 -5 -19 -4 -19 -4 -19 -4 -18 -3 -18 -3 -17 -4 -16 -3 -16 -4 -15 -5 -15 -4 -15 -4 -15 -5 0 0 0 0 0 0 0 0 0 0 0 0 0 0 0 0 0 0 0 0 0 0 -22 -6 -21 -8 -22 -9 -22 -10 -22 -10 -22 -11 -22 -12 -22 -13 -22 -14 -22 -15 -22 -15 -22 -15 -22 -16 -22 -16 -21 -15 -22 -15 -21 -15 -22 -15 -22 -14 -22 -14 -2
2025-04-02 14:43:33,CSI_DATA,STA,D8:B1:90:DB:E8:90,-45,11,1,7,0,0,1,1,0,0,1,-93,0,3,0,3012882569,0,110,0,0,88912.6,256,[110 96 6 0 25 -6 25 -6 24 -7 24 -7 23 -7 22 -7 21 -8 21 -9 21 -10 19 -10 19 -10 18 -10 18 -10 18 -10 18 -10 17 -10 17 -10 17 -10 16 -9 16 -10 15 -8 14 -8 14 -8 14 -8 14 -7 0 0 0 0 0 0 0 0 0 0 0 0 0 0 0 0 0 0 0 0 0 0 22 -9 23 -8 23 -8 24 -7 24 -6 25 -6 25 -6 26 -6 27 -5 27 -5 27 -5 27 -4 28 -3 27 -3 27 -4 27 -4 27 -4 27 -5 27 -5 27 -5 27 -5 27 -5 27 -6 27 -6 27 -6 27 -7 ]
2025-04-02 14:43:34,CSI_DATA,STA,D8:B1:90:DB:E8:90,-50,11,1,7,0,0,1,1,0,0,1,-93,0,3,0,3013382515,0,110,0,0,88913.1,256,[110 96 6 0 10 -11 8 -12 8 -11 1 9 1 9 2 9 4 8 -11 23 -8 23 -5 23 -4 23 1 -23 -1 -23 -3 -21 -4 -21 19 14 20 13 20 11 20 9 -21 -1 -21 0 -20 1 -19 2 -14 11 -13 12 0 0 0 0 0 0 0 0 0 0 0 0 0 0 0 0 0 0 0 0 0 0 12 -17 12 -18 6 -6 6 -7 6 -7 6 -8 -5 -14 -6 -14 -6 -14 -8 -14 -5 -29 -7 -29 -9 -29 -11 -28 -11 -30 -13 -28 -15 -27 -18 -25 -13 -30 -16 -28 -19 -28 -21 -26 -5 -23 -8 -23 -9 -22 6 -12 ]
2025-04-02 14:43:36,CSI_DATA,STA,D8:B1:90:DB:E8:90,-47,11,1,3,0,0,1,1,1,0,0,-93,0,3,0,3015891919,0,110,0,0,88915.6,384,[110 96 6 0 22 -39 23 -39 24 -36 23 -34 22 -31 20 -28 17 -25 15 -23 12 -20 9 -18 6 -16 4 -14 2 -12 0 -10 0 -9 -1 -6 -2 -4 -1 -2 -1 1 -2 4 -2 6 -2 9 -3 11 -5 13 -6 15 0 0 0 0 0 0 0 0 0 0 0 0 0 0 0 0 0 0 0 0 0 0 -19 33 -21 28 -21 24 -19 21 -16 18 -14 16 -10 14 -6 13 -2 13 0 13 3 13 5 13 6 13 6 12 6 10 6 7 6 4 6 0 5 -5 5 -9 5 -15 7 -20 8 -25 10 -30 12 -34 17 -38 ]
2025-04-02 14:43:37,CSI_DATA,STA,D8:B1:90:DB:E8:90,-46,11,1,6,0,0,1,0,0,0,1,-93,0,3,0,3016890678,0,110,0,0,88916.6,256,[110 96 6 0 39 -27 39 -26 39 -23 38 -21 35 -19 33 -17 29 -15 25 -14 21 -13 17 -12 14 -11 11 -11 8 -10 5 -9 4 -8 2 -6 0 -4 -1 -2 -2 0 -4 2 -5 4 -7 6 -9 8 -12 10 -14 10 0 0 0 0 0 0 0 0 0 0 0 0 0 0 0 0 0 0 0 0 0 0 -30 28 -30 23 -29 19 -27 16 -24 14 -20 12 -16 12 -12 12 -9 13 -6 13 -3 14 -1 14 0 15 1 14 3 12 4 10 5 7 6 2 8 -1 10 -5 12 -10 16 -15 19 -20 23 -22 27 -25 32 -27 ]
2025-04-02 14:43:40,CSI_DATA,STA,D8:B1:90:DB:E8:90,-46,11,1,6,0,0,1,0,0,0,1,-93,0,3,0,3019397948,0,110,0,0,88919.1,256,[110 96 6 0 -23 9 -23 10 -21 10 -21 9 -19 10 -19 10 -18 10 -19 11 -18 11 -17 11 -16 11 -16 11 -16 11 -16 11 -15 11 -14 11 -14 11 -14 11 -13 10 -13 11 -12 9 -11 9 -11 9 -11 9 -11 9 0 0 0 0 0 0 0 0 0 0 0 0 0 0 0 0 0 0 0 0 0 0 -19 14 -21 13 -21 12 -22 12 -23 11 -24 11 -25 11 -26 11 -26 10 -26 9 -26 9 -26 8 -26 8 -26 8 -25 8 -26 8 -25 8 -25 9 -26 9 -25 9 -25 10 -25 10 -25 11 -25 10 -25 10 -23 11
2025-04-02 14:43:41,CSI_DATA,STA,D8:B1:90:DB:E8:90,-46,11,1,7,0,0,1,0,0,0,0,-93,0,3,0,3020399334,0,110,0,0,88920.1,256,[110 96 6 0 -23 14 -22 15 -21 14 -20 14 -19 14 -19 14 -18 14 -17 15 -17 15 -16 15 -15 15 -15 15 -15 15 -15 15 -15 15 -14 15 -14 14 -14 14 -14 13 -14 13 -13 12 -13 12 -13 11 -13 11 -14 10 0 0 0 0 0 0 0 0 0 0 0 0 0 0 0 0 0 0 0 0 0 0 -20 14 -20 13 -20 13 -21 13 -22 13 -23 12 -24 12 -25 12 -25 12 -25 11 -25 11 -25 10 -25 10 -25 10 -25 10 -25 11 -25 11 -25 12 -24 12 -23 13 -23 13 -24 13 -23 14 -2
2025-04-02 14:43:41,CSI_DATA,STA,D8:B1:90:DB:E8:90,-47,11,1,7,0,0,1,0,0,0,1,-93,0,3,0,3020898426,0,110,0,0,88920.6,256,[110 96 6 0 10 44 10 44 9 42 9 41 8 39 7 36 7 33 6 30 6 26 6 22 6 19 5 16 4 13 3 10 1 8 0 5 -1 2 -3 -1 -4 -3 -5 -6 -6 -8 -8 -9 -8 -11 -7 -12 -7 -13 0 0 0 0 0 0 0 0 0 0 0 0 0 0 0 0 0 0 0 0 0 0 2 -41 5 -38 7 -35 7 -32 7 -29 5 -25 3 -21 1 -18 -1 -16 -4 -14 -7 -11 -8 -10 -9 -8 -9 -6 -9 -4 -8 -2 -7 1 -5 4 -2 8 1 11 4 16 6 21 8 25 11 29 11 34 10 37 ]
2025-04-02 14:43:42,CSI_DATA,STA,00:00:00:00:00:00,-47,11,0,0,0,0,0,0,0,0,0,-93,0,3,0,3021468614,0,14,0,0,88921.2,128,[14 -32 0 0 -43 -10 -43 -10 -40 -9 -40 -9 -36 -7 -34 -6 -32 -4 -30 -3 -27 -1 -25 0 -23 1 -21 2 -19 2 -15 1 -13 0 -10 0 -7 -2 -4 -3 0 -4 3 -5 6 -4 9 -3 11 -3 13 -4 14 -3 0 0 0 0 0 0 0 0 0 0 0 0 0 0 0 0 0 0 0 0 0 0 35 15 32 17 27 17 24 16 22 13 20 10 18 6 17 2 17 0 17 -3 17 -5 17 -6 16 -7 15 -6 13 -6 9 -4 5 -3 1 -1 -4 -1 -10 0 -16 1 -21 0 -27 0 -32 -1 -36 -3 -40 -4 ]
2025-04-02 14:43:43,CSI_DATA,STA,D8:B1:90:DB:E8:90,-46,11,1,6,0,0,1,0,0,0,1,-93,0,3,0,3022410091,0,110,0,0,88922.1,256,[110 96 6 0 -43 -24 -44 -26 -42 -26 -41 -27 -38 -27 -35 -25 -31 -23 -28 -21 -23 -18 -20 -15 -16 -11 -13 -8 -10 -5 -7 -2 -5 0 -3 3 -2 4 -1 5 0 5 0 5 2 4 3 2 4 1 5 -2 8 -3 0 0 0 0 0 0 0 0 0 0 0 0 0 0 0 0 0 0 0 0 0 0 13 40 9 38 6 36 3 32 2 28 2 23 2 18 4 13 6 8 8 4 11 1 13 -2 14 -4 15 -5 14 -6 13 -6 11 -6 8 -7 3 -7 -1 -7 -7 -8 -13 -9 -18 -10 -25 -12 -30 -14 -34 -16 ]
2025-04-02 14:43:43,CSI_DATA,STA,D8:B1:90:DB:E8:90,-45,11,1,7,0,0,1,0,0,0,1,-93,0,3,0,3022906801,0,110,0,0,88922.6,256,[110 96 6 0 20 18 20 18 20 16 20 16 20 15 20 15 20 14 19 12 19 11 19 11 19 11 19 11 18 11 18 10 18 10 18 10 17 10 17 9 16 9 16 9 15 10 15 10 14 10 13 9 13 10 0 0 0 0 0 0 0 0 0 0 0 0 0 0 0 0 0 0 0 0 0 0 21 12 20 13 20 15 19 16 19 17 19 17 19 18 19 18 19 19 19 19 18 21 18 21 18 21 18 21 17 19 18 19 17 18 18 19 20 19 20 19 21 19 21 19 21 18 21 19 21 19 21 18 ]
2025-04-02 14:43:44,CSI_DATA,STA,D8:B1:90:DB:E8:90,-47,11,1,6,0,0,1,1,0,0,1,-93,0,3,0,3023409358,0,110,0,0,88923.1,256,[110 96 6 0 -23 39 -24 39 -25 38 -26 37 -25 35 -24 32 -22 29 -20 26 -18 23 -16 20 -14 17 -11 14 -9 12 -6 9 -4 7 -3 5 -2 2 -1 0 0 -2 0 -4 0 -7 0 -8 0 -11 1 -13 2 -16 0 0 0 0 0 0 0 0 0 0 0 0 0 0 0 0 0 0 0 0 0 0 29 -29 30 -26 29 -23 27 -20 24 -17 21 -16 17 -15 14 -14 10 -14 7 -14 4 -15 1 -15 -1 -15 -2 -15 -4 -13 -5 -11 -6 -8 -6 -5 -6 -2 -6 2 -7 8 -8 13 -10 18 -11 23 -13 27 -17 32 ]
2025-04-02 14:43:52,CSI_DATA,STA,D8:B1:90:DB:E8:90,-47,11,1,6,0,0,1,0,0,0,1,-93,0,3,0,3031438984,0,110,0,0,88931.1,256,[110 96 6 0 -4 -28 -5 -27 -5 -26 -5 -25 -6 -25 -7 -24 -8 -23 -8 -22 -8 -22 -9 -22 -10 -21 -11 -21 -11 -20 -10 -19 -11 -19 -11 -19 -11 -19 -11 -18 -11 -18 -11 -18 -11 -16 -10 -15 -10 -16 -10 -16 -9 -16 0 0 0 0 0 0 0 0 0 0 0 0 0 0 0 0 0 0 0 0 0 0 9 -17 10 -17 17 21 16 22 16 23 17 24 5 12 5 12 5 12 4 12 6 -29 6 -28 5 -29 5 -28 5 -28 4 -28 3 -27 3 -28 2 -28 1 -28 0 -28 0 -28 -1 -28 -2 -28 -2 -28
2025-04-02 14:44:05,CSI_DATA,STA,D8:B1:90:DB:E8:90,-46,11,1,7,0,0,1,0,0,0,1,-93,0,3,0,3044486515,0,110,0,0,88944.2,256,[110 96 6 0 20 -14 19 -14 19 -14 18 -14 17 -14 16 -15 16 -15 16 -15 16 -16 15 -16 14 -16 14 -16 13 -16 14 -16 14 -16 13 -16 14 -16 14 -15 14 -15 14 -15 13 -14 13 -14 13 -13 14 -12 14 -12 0 0 0 0 0 0 0 0 0 0 0 0 0 0 0 0 0 0 0 0 0 0 15 -16 16 -15 17 -15 18 -14 18 -14 19 -13 20 -13 21 -13 21 -13 22 -12 22 -12 22 -12 22 -11 22 -11 22 -12 22 -12 21 -12 22 -13 21 -13 22 -12 21 -13 22 -14 22 -14 21
2025-04-02 14:44:08,CSI_DATA,STA,D8:B1:90:DB:E8:90,-45,11,1,7,0,0,1,0,0,0,1,-93,0,3,0,3047496275,0,110,0,0,88947.2,256,[110 96 6 0 25 8 25 7 24 6 24 6 23 6 23 5 23 5 22 3 21 2 21 2 21 2 20 1 20 2 20 0 20 0 19 1 19 0 19 0 18 1 18 0 17 1 17 2 17 1 17 1 17 2 0 0 0 0 0 0 0 0 0 0 0 0 0 0 0 0 0 0 0 0 0 0 23 3 23 5 23 5 24 7 23 8 24 9 22 9 23 10 23 10 23 11 24 11 23 12 24 12 24 12 24 12 24 11 24 11 23 10 25 11 24 11 25 10 25 10 24 8 25 9 25 9 26 8 ]
2025-04-02 14:44:11,CSI_DATA,STA,D8:B1:90:DB:E8:90,-46,11,1,7,0,0,1,0,0,0,1,-93,0,3,0,3051009959,0,110,0,0,88950.7,256,[110 96 6 0 -25 1 -24 1 -24 2 -23 2 -22 3 -22 3 -21 3 -21 4 -21 5 -20 5 -20 4 -20 5 -19 5 -19 6 -19 6 -19 6 -19 6 -19 6 -18 6 -17 5 -17 4 -17 4 -16 4 -17 4 -17 4 0 0 0 0 0 0 0 0 0 0 0 0 0 0 0 0 0 0 0 0 0 0 -21 5 -21 4 -22 3 -22 3 -23 2 -23 2 -24 2 -25 1 -25 1 -26 0 -25 -1 -25 -1 -26 -1 -26 -2 -24 -2 -25 -1 -25 0 -25 0 -24 0 -25 0 -25 1 -25 1 -26 1 -26 1 -26 1 -25 2 ]
2025-04-02 14:44:14,CSI_DATA,STA,D8:B1:90:DB:E8:90,-44,11,1,7,0,0,1,1,0,0,1,-95,0,3,0,3053520627,0,110,0,0,88953.2,256,[110 96 6 0 -13 22 -13 22 -12 21 -11 20 -10 21 -10 20 -9 20 -9 20 -9 19 -8 19 -7 19 -7 19 -6 19 -7 19 -6 18 -6 18 -6 18 -7 18 -6 17 -6 16 -5 15 -5 15 -6 15 -6 14 -7 14 0 0 0 0 0 0 0 0 0 0 0 0 0 0 0 0 0 0 0 0 0 0 -9 20 -10 20 -11 20 -12 20 -12 20 -13 20 -14 20 -15 20 -15 20 -16 20 -16 20 -17 20 -16 20 -16 20 -16 20 -16 20 -16 20 -16 20 -15 21 -14 21 -14 21 -14 21 -14 22 -14 22 -13 22 -14 22 ]
2025-04-02 14:44:18,CSI_DATA,STA,D8:B1:90:DB:E8:90,-44,11,1,7,0,0,1,1,0,0,1,-95,0,3,0,3057525835,0,110,0,0,88957.2,256,[110 96 6 0 24 9 25 8 23 7 23 7 23 7 23 6 22 5 23 5 22 4 22 3 22 4 22 3 22 3 21 2 21 3 20 3 20 2 20 2 19 2 19 2 18 3 17 3 17 3 17 4 17 5 0 0 0 0 0 0 0 0 0 0 0 0 0 0 0 0 0 0 0 0 0 0 24 4 24 6 23 7 24 8 24 9 25 9 24 10 25 10 25 11 25 11 24 12 25 12 24 13 24 13 25 13 24 12 24 12 24 11 25 11 25 11 26 10 26 10 26 9 26 10 27 9 27 8 ]
2025-04-02 14:44:20,CSI_DATA,STA,D8:B1:90:DB:E8:90,-50,11,1,7,0,0,1,1,0,0,1,-95,0,3,0,3059531601,0,110,0,0,88959.2,256,[110 96 6 0 30 9 30 10 29 9 0 6 1 6 1 5 1 5 -17 -12 -16 -11 -16 -11 -16 -10 -15 -17 -15 -17 -14 -16 -14 -15 -13 -14 -13 -13 -13 -13 -12 -12 -16 -13 -16 -14 -15 -13 -14 -14 -14 -14 -13 -14 0 0 0 0 0 0 0 0 0 0 0 0 0 0 0 0 0 0 0 0 0 0 1 11 0 10 -30 -5 -32 -6 -32 -7 -33 -7 -28 -9 -28 -9 -28 -10 -29 -10 -11 -21 -11 -21 -12 -21 -12 -21 15 18 16 18 16 18 17 18 -11 -14 -11 -14 -12 -14 -11 -14 -28 6
2025-04-02 14:44:21,CSI_DATA,STA,D8:B1:90:DB:E8:90,-45,11,1,7,0,0,1,1,0,0,1,-95,0,3,0,3060032788,0,110,0,0,88959.7,256,[110 96 6 0 10 23 10 22 10 21 10 20 11 19 11 18 11 18 10 17 10 16 11 16 11 16 11 16 11 15 11 15 11 15 11 15 10 14 10 14 10 13 9 13 9 13 8 13 8 13 7 13 7 13 0 0 0 0 0 0 0 0 0 0 0 0 0 0 0 0 0 0 0 0 0 0 12 16 12 17 11 18 10 19 10 19 9 20 10 21 9 22 10 23 9 22 7 22 7 22 7 23 7 23 8 23 7 23 8 23 8 22 9 23 10 23 10 23 10 23 10 22 10 23 10 22 11 22 ]
2025-04-02 14:44:21,CSI_DATA,STA,D8:B1:90:DB:E8:90,-43,11,1,7,0,0,1,1,0,0,1,-95,0,3,0,3060531926,0,110,0,0,88960.2,256,[110 96 6 0 15 20 15 19 15 18 15 18 15 18 15 17 16 16 15 15 15 14 15 13 16 14 15 14 15 14 15 13 15 13 15 13 14 12 13 12 13 12 13 11 13 12 12 12 11 12 10 11 10 12 0 0 0 0 0 0 0 0 0 0 0 0 0 0 0 0 0 0 0 0 0 0 16 13 16 15 15 16 15 17 15 18 14 18 14 19 13 20 13 21 13 21 14 21 13 21 14 21 14 21 13 21 13 21 14 21 14 21 15 21 15 20 15 20 16 20 16 20 16 20 16 20 16 19 ]
2025-04-02 14:44:22,CSI_DATA,STA,D8:B1:90:DB:E8:90,-45,11,1,7,0,0,1,0,0,0,0,-93,0,3,0,3062036260,0,110,0,0,88961.7,256,[110 96 6 0 -20 -18 -20 -17 -19 -16 -20 -17 -20 -15 -20 -15 -19 -14 -18 -13 -18 -12 -18 -12 -18 -12 -18 -12 -18 -11 -18 -10 -18 -10 -17 -10 -16 -10 -16 -10 -15 -10 -16 -10 -15 -11 -14 -10 -14 -10 -13 -10 -12 -10 0 0 0 0 0 0 0 0 0 0 0 0 0 0 0 0 0 0 0 0 0 0 -19 -14 -18 -15 -18 -16 -18 -16 -18 -17 -18 -18 -18 -18 -18 -19 -18 -20 -18 -20 -17 -20 -17 -21 -17 -21 -17 -21 -17 -20 -17 -20 -17 -19 -1
2025-04-02 14:44:23,CSI_DATA,STA,D8:B1:90:DB:E8:90,-45,11,1,6,0,0,1,0,0,0,1,-93,0,3,0,3062539002,0,110,0,0,88962.2,256,[110 96 6 0 -7 23 -6 22 -6 22 -4 21 -4 21 -4 21 -3 20 -3 21 -3 20 -2 20 -1 20 -1 20 -1 19 -2 19 -1 18 0 19 -1 18 -2 17 -2 17 -2 17 -2 16 -2 15 -2 15 -2 14 -3 14 0 0 0 0 0 0 0 0 0 0 0 0 0 0 0 0 0 0 0 0 0 0 -4 21 -5 21 -6 21 -6 21 -7 21 -8 22 -9 22 -9 23 -10 23 -10 23 -10 22 -10 22 -10 22 -10 22 -10 22 -10 22 -10 22 -9 22 -9 22 -8 23 -8 23 -8 23 -8 24 -7 24 -7 24 -7 24 ]
2025-04-02 14:44:26,CSI_DATA,STA,D8:B1:90:DB:E8:90,-48,11,1,6,0,0,1,0,0,0,1,-93,0,3,0,3066050534,0,110,0,0,88965.7,256,[110 96 6 0 21 38 20 38 19 37 19 37 18 36 16 34 15 32 13 29 12 27 10 23 8 20 7 17 5 14 3 11 2 8 0 5 -1 2 -3 0 -3 -3 -5 -4 -6 -7 -8 -8 -9 -9 -9 -10 -10 -12 0 0 0 0 0 0 0 0 0 0 0 0 0 0 0 0 0 0 0 0 0 0 -16 -31 -13 -29 -11 -28 -10 -26 -10 -23 -11 -21 -11 -18 -12 -16 -13 -15 -13 -13 -13 -11 -13 -9 -12 -7 -11 -5 -9 -3 -7 -1 -5 2 -2 5 1 8 4 11 8 14 10 17 13 20 16 24 18 27 18 30 ]
2025-04-02 14:44:27,CSI_DATA,STA,D8:B1:90:DB:E8:90,-47,11,1,7,0,0,1,1,0,0,1,-93,0,3,0,3066560552,0,110,0,0,88966.3,256,[110 96 6 0 -24 -13 -24 -12 -23 -11 -23 -11 -23 -11 -23 -10 -22 -9 -23 -8 -22 -8 -22 -7 -22 -7 -22 -7 -22 -6 -22 -5 -21 -6 -21 -5 -20 -5 -21 -5 -20 -6 -20 -5 -19 -6 -18 -6 -18 -7 -18 -6 -17 -7 0 0 0 0 0 0 0 0 0 0 0 0 0 0 0 0 0 0 0 0 0 0 -23 -8 -23 -9 -22 -9 -21 -10 -22 -9 -23 -11 -22 -12 -22 -13 -22 -13 -22 -14 -22 -14 -22 -14 -22 -15 -22 -14 -23 -14 -22 -14 -23 -14 -23 -13 -24 -14 -24 -13 -
2025-04-02 14:44:30,CSI_DATA,STA,D8:B1:90:DB:E8:90,-46,11,1,5,0,0,1,0,0,0,1,-93,0,3,0,3069054905,0,110,0,0,88968.8,256,[110 96 6 0 -17 21 -16 21 -16 20 -15 20 -14 20 -13 19 -12 19 -12 20 -12 20 -11 19 -10 19 -10 19 -9 19 -10 18 -10 18 -8 18 -9 18 -9 17 -9 17 -8 16 -8 16 -7 15 -8 15 -8 15 -9 14 0 0 0 0 0 0 0 0 0 0 0 0 0 0 0 0 0 0 0 0 0 0 -12 20 -13 20 -14 19 -15 19 -15 19 -17 19 -17 19 -17 19 -18 19 -18 19 -19 19 -20 19 -20 18 -18 19 -19 19 -20 19 -20 19 -19 19 -19 20 -18 20 -18 20 -18 20 -18 21 -17 21 -18 21
2025-04-02 14:44:30,CSI_DATA,STA,D8:B1:90:DB:E8:90,-46,11,1,7,0,0,1,0,0,0,0,-93,0,3,0,3069554925,0,110,0,0,88969.3,256,[110 96 6 0 10 26 11 25 10 24 11 23 11 22 11 22 11 21 12 20 12 19 12 19 13 18 13 19 12 18 13 17 13 17 13 17 12 16 11 15 11 15 11 15 11 16 10 16 10 15 9 14 8 14 0 0 0 0 0 0 0 0 0 0 0 0 0 0 0 0 0 0 0 0 0 0 12 21 11 21 10 22 10 23 9 23 9 24 8 24 8 25 8 25 7 26 6 26 6 26 7 26 7 26 7 27 7 26 7 26 7 26 8 26 9 26 9 26 10 26 9 26 10 26 10 26 10 25 ]
2025-04-02 14:44:30,CSI_DATA,STA,D8:B1:90:DB:E8:90,-46,11,1,7,0,0,1,0,0,0,0,-93,0,3,0,3070054831,0,110,0,0,88969.8,256,[110 96 6 0 -1 -28 -2 -27 -1 -26 -2 -26 -3 -25 -3 -25 -3 -24 -3 -25 -4 -24 -5 -23 -6 -23 -5 -22 -6 -22 -5 -21 -5 -21 -5 -21 -5 -20 -4 -20 -4 -20 -4 -19 -4 -19 -4 -19 -4 -18 -3 -18 -2 -18 0 0 0 0 0 0 0 0 0 0 0 0 0 0 0 0 0 0 0 0 0 0 -4 -23 -3 -23 -2 -26 -2 -26 -1 -26 0 -27 0 -26 1 -27 2 -28 2 -28 2 -28 3 -28 2 -28 3 -28 2 -28 2 -28 2 -28 2 -28 1 -28 1 -28 0 -29 0 -29 0 -28 -1 -28 -1 -28 0 -29
2025-04-02 14:44:31,CSI_DATA,STA,D8:B1:90:DB:E8:90,-47,11,1,7,0,0,1,0,0,0,0,-93,0,3,0,3070555226,0,110,0,0,88970.3,256,[110 96 6 0 25 -5 24 -5 24 -6 23 -5 23 -6 22 -6 22 -6 21 -7 21 -8 20 -8 19 -7 19 -8 18 -8 19 -9 19 -9 18 -8 18 -8 18 -8 17 -8 17 -8 16 -7 15 -7 15 -6 16 -6 16 -5 0 0 0 0 0 0 0 0 0 0 0 0 0 0 0 0 0 0 0 0 0 0 20 -8 21 -7 22 -6 22 -5 23 -5 24 -4 23 -4 24 -4 25 -3 25 -2 25 -3 26 -2 25 -2 25 -1 25 -2 26 -3 25 -3 26 -4 25 -3 26 -4 26 -4 26 -4 26 -5 26 -4 26 -5 26 -5 ]
2025-04-02 14:44:36,CSI_DATA,STA,D8:B1:90:DB:E8:90,-46,11,1,7,0,0,1,0,0,0,1,-94,0,3,0,3075079785,0,110,0,0,88974.8,256,[110 96 6 0 -25 -5 -25 -4 -24 -3 -23 -3 -23 -2 -23 -2 -22 -1 -22 -1 -21 0 -21 1 -20 0 -21 0 -20 1 -20 1 -20 1 -19 0 -19 1 -18 1 -18 0 -18 0 -17 -1 -17 -1 -16 -1 -16 -1 -16 -2 0 0 0 0 0 0 0 0 0 0 0 0 0 0 0 0 0 0 0 0 0 0 -23 0 -23 -2 -23 -3 -23 -3 -24 -4 -24 -4 -24 -4 -25 -5 -25 -6 -25 -6 -25 -7 -25 -7 -25 -8 -25 -7 -25 -7 -25 -7 -25 -6 -25 -6 -26 -6 -26 -6 -26 -5 -26 -6 -25 -4 -26 -5 -26 -5 -
2025-04-02 14:44:36,CSI_DATA,STA,D8:B1:90:DB:E8:90,-47,11,1,5,0,0,1,1,1,0,0,-94,0,3,0,3075582960,0,110,0,0,88975.3,384,[110 96 6 0 -33 27 -33 27 -34 26 -33 24 -32 23 -31 21 -28 20 -27 18 -24 16 -22 14 -19 12 -17 10 -14 8 -11 6 -9 4 -6 1 -3 0 -1 -2 2 -4 4 -5 5 -7 7 -8 8 -9 10 -9 12 -10 0 0 0 0 0 0 0 0 0 0 0 0 0 0 0 0 0 0 0 0 0 0 25 -27 25 -23 24 -20 22 -18 20 -17 18 -16 15 -14 11 -15 8 -15 7 -15 4 -15 2 -15 1 -14 -1 -13 -2 -12 -4 -9 -5 -6 -7 -3 -8 0 -10 4 -12 8 -15 12 -18 16 -20 19 -23 22 -27 24 ]
2025-04-02 14:44:36,CSI_DATA,STA,D8:B1:90:DB:E8:90,-46,11,1,6,0,0,1,0,0,0,0,-94,0,3,0,3076079978,0,110,0,0,88975.8,256,[110 96 6 0 -21 35 -22 36 -22 35 -22 35 -21 34 -21 32 -19 30 -19 28 -17 25 -16 23 -15 20 -14 17 -12 13 -10 10 -9 6 -7 2 -5 -1 -3 -4 -1 -7 1 -8 2 -10 3 -11 4 -12 6 -13 6 -14 0 0 0 0 0 0 0 0 0 0 0 0 0 0 0 0 0 0 0 0 0 0 20 -30 22 -27 21 -25 21 -23 19 -21 17 -20 15 -18 13 -18 10 -16 8 -15 6 -14 3 -13 1 -12 -1 -10 -3 -8 -5 -5 -7 -2 -8 1 -9 4 -10 7 -11 11 -12 15 -14 19 -14 22 -16 26 -19 29 ]
2025-04-02 14:44:37,CSI_DATA,STA,D8:B1:90:DB:E8:90,-46,11,1,6,0,0,1,0,0,0,0,-94,0,3,0,3076581692,0,110,0,0,88976.3,256,[110 96 6 0 -15 19 -14 19 -14 19 -13 19 -12 19 -12 19 -11 18 -11 18 -10 18 -10 18 -9 18 -9 18 -8 18 -9 18 -8 18 -8 17 -8 17 -8 17 -8 16 -8 16 -8 16 -8 15 -8 15 -9 14 -9 13 0 0 0 0 0 0 0 0 0 0 0 0 0 0 0 0 0 0 0 0 0 0 -10 17 -11 17 -14 19 -13 17 -14 17 -15 17 -16 18 -17 18 -18 18 -18 18 -19 18 -19 18 -18 17 -18 17 -17 17 -18 18 -17 17 -18 18 -17 18 -17 18 -16 18 -16 19 -17 19 -16 19 -16 20 -16
2025-04-02 14:44:39,CSI_DATA,STA,D8:B1:90:DB:E8:90,-48,11,1,7,0,0,1,0,0,0,1,-94,0,3,0,3078590887,0,110,0,0,88978.3,256,[110 96 6 0 2 9 3 9 3 8 0 7 1 7 1 7 1 6 11 -17 9 -18 9 -18 8 -17 7 -17 7 -18 6 -17 6 -18 5 -17 5 -17 5 -17 4 -16 3 -16 3 -16 3 -15 2 -15 3 -16 3 -16 0 0 0 0 0 0 0 0 0 0 0 0 0 0 0 0 0 0 0 0 0 0 19 11 19 13 6 3 7 3 7 4 7 4 -14 -19 -15 -20 -14 -19 -15 -20 29 5 30 5 29 5 30 5 37 -5 36 -6 37 -7 36 -8 23 -7 23 -7 22 -8 22 -9 27 -13 27 -14 27 -15 10 14 ]
2025-04-02 14:44:40,CSI_DATA,STA,D8:B1:90:DB:E8:90,-46,11,1,7,0,0,1,0,0,0,1,-94,0,3,0,3080089199,0,110,0,0,88979.8,256,[110 96 6 0 -17 -14 -18 -13 -17 -13 -18 -11 -18 -11 -18 -10 -18 -9 -18 -8 -18 -6 -18 -5 -18 -5 -17 -4 -18 -4 -18 -3 -18 -2 -17 -2 -17 -1 -17 -1 -16 -1 -16 -1 -15 0 -15 0 -15 0 -15 0 -15 0 0 0 0 0 0 0 0 0 0 0 0 0 0 0 0 0 0 0 0 0 0 0 -12 10 -13 10 -12 11 -12 11 -12 12 -12 12 -8 12 -8 12 -8 13 -8 14 -21 13 -21 13 -21 14 -20 14 -12 14 -12 15 -12 15 -11 16 -6 -29 -8 -29 -9 -29 -9 -29 23 -33 22 -3
2025-04-02 14:44:42,CSI_DATA,STA,00:00:00:00:00:00,-47,11,0,0,0,0,0,0,0,0,0,-94,0,3,0,3081468983,0,14,0,0,88981.2,128,[14 -32 0 0 -36 -18 -36 -18 -36 -18 -36 -18 -35 -18 -33 -18 -31 -17 -29 -17 -26 -16 -23 -15 -20 -13 -16 -11 -13 -10 -8 -9 -5 -7 -2 -4 1 -3 3 -1 5 0 7 2 8 4 9 5 10 5 10 4 11 4 0 0 0 0 0 0 0 0 0 0 0 0 0 0 0 0 0 0 0 0 0 0 27 20 24 21 22 21 20 20 19 18 17 17 16 15 14 12 14 10 12 7 11 5 10 2 9 0 7 -2 5 -5 3 -6 1 -7 -2 -9 -5 -10 -8 -11 -12 -12 -15 -13 -18 -13 -22 -14 -25 -14 -27 -15 ]
2025-04-02 14:44:43,CSI_DATA,STA,D8:B1:90:DB:E8:90,-46,11,1,7,0,0,1,0,0,0,1,-94,0,3,0,3082599214,0,110,0,0,88982.3,256,[110 96 6 0 23 -7 23 -7 23 -7 22 -7 21 -7 21 -8 20 -8 19 -9 19 -9 19 -9 18 -9 18 -9 18 -9 18 -10 18 -10 17 -9 17 -9 17 -9 16 -8 16 -8 16 -7 15 -7 15 -6 16 -6 16 -6 0 0 0 0 0 0 0 0 0 0 0 0 0 0 0 0 0 0 0 0 0 0 18 -10 19 -9 19 -8 19 -8 20 -7 21 -7 21 -7 22 -6 23 -6 23 -6 23 -5 23 -5 24 -4 23 -4 24 -5 24 -6 24 -6 24 -6 24 -6 23 -6 24 -7 24 -7 24 -7 24 -7 25 -7 24 -8 ]
2025-04-02 14:44:45,CSI_DATA,STA,D8:B1:90:DB:E8:90,-46,11,1,7,0,0,1,1,0,0,1,-94,0,3,0,3084098278,0,110,0,0,88983.8,256,[110 96 6 0 -25 3 -25 4 -24 5 -24 4 -22 5 -23 5 -22 5 -22 6 -21 6 -20 6 -20 6 -20 7 -19 7 -19 7 -19 7 -18 6 -19 6 -18 7 -18 6 -18 5 -17 4 -16 4 -16 4 -17 4 -16 3 0 0 0 0 0 0 0 0 0 0 0 0 0 0 0 0 0 0 0 0 0 0 -20 6 -21 5 -20 5 -21 4 -22 4 -23 3 -24 4 -25 3 -26 2 -26 2 -26 2 -26 2 -26 1 -26 1 -26 2 -26 2 -26 2 -25 2 -26 2 -26 2 -26 3 -27 3 -26 4 -26 4 -26 4 -27 5 ]
2025-04-02 14:44:52,CSI_DATA,STA,D8:B1:90:DB:E8:90,-45,11,1,7,0,0,1,1,0,0,1,-94,0,3,0,3091106976,0,110,0,0,88990.8,256,[110 96 6 0 22 -9 23 -10 22 -10 21 -10 20 -10 20 -10 19 -10 19 -11 19 -11 18 -11 17 -11 16 -11 16 -12 16 -12 16 -12 15 -11 16 -12 15 -11 15 -11 15 -10 14 -10 13 -9 13 -9 14 -9 14 -8 0 0 0 0 0 0 0 0 0 0 0 0 0 0 0 0 0 0 0 0 0 0 18 -11 19 -11 19 -10 20 -10 21 -9 22 -9 22 -9 23 -8 24 -8 24 -7 25 -7 25 -7 24 -6 25 -6 24 -6 24 -6 24 -7 24 -8 24 -8 23 -8 23 -8 24 -8 23 -9 23 -9 24 -9 24 -10 ]
2025-04-02 14:44:55,CSI_DATA,STA,D8:B1:90:DB:E8:90,-45,11,1,7,0,0,1,1,0,0,1,-94,0,3,0,3094116107,0,110,0,0,88993.8,256,[110 96 6 0 -26 -2 -25 -2 -24 -1 -24 -1 -24 0 -24 0 -23 1 -23 3 -23 3 -22 3 -21 3 -20 3 -20 3 -20 4 -20 4 -19 3 -19 4 -19 3 -19 3 -19 3 -18 2 -17 2 -17 2 -17 2 -17 1 0 0 0 0 0 0 0 0 0 0 0 0 0 0 0 0 0 0 0 0 0 0 -22 3 -23 2 -23 1 -23 0 -24 0 -24 0 -24 -1 -25 -2 -25 -3 -26 -3 -25 -3 -25 -4 -25 -4 -25 -4 -26 -4 -26 -4 -26 -3 -26 -3 -26 -3 -26 -3 -27 -2 -27 -2 -27 -2 -27 -2 -27 -2 -26 -1 ]
2025-04-02 14:44:55,CSI_DATA,STA,00:00:00:00:00:00,-46,11,0,0,0,0,0,0,0,0,0,-94,0,3,0,3094180088,0,14,0,0,88993.9,128,[14 -32 0 0 -3 42 -3 43 -4 43 -3 43 -3 42 -4 40 -4 38 -5 34 -5 31 -6 26 -6 22 -6 18 -6 13 -5 9 -5 5 -4 2 -3 -2 -3 -4 -2 -6 -2 -7 -3 -8 -4 -8 -5 -8 -5 -8 -7 -8 0 0 0 0 0 0 0 0 0 0 0 0 0 0 0 0 0 0 0 0 0 0 30 -23 30 -21 30 -18 29 -16 27 -15 24 -13 20 -11 17 -10 13 -10 10 -9 6 -8 2 -8 -1 -7 -3 -6 -6 -5 -8 -4 -9 -2 -9 1 -8 4 -8 7 -7 11 -6 15 -6 19 -4 23 -4 28 -4 31 ]
2025-04-02 14:44:55,CSI_DATA,STA,D8:B1:90:DB:E8:90,-46,11,1,7,0,0,1,1,0,0,1,-94,0,3,0,3094400915,0,100,0,0,88994.1,256,[100 -64 5 0 -15 20 -15 21 -14 20 -13 19 -12 19 -12 18 -11 18 -10 19 -10 18 -9 18 -8 18 -7 19 -7 19 -7 18 -7 18 -6 17 -7 17 -7 16 -7 16 -7 16 -7 15 -6 15 -6 15 -7 14 -7 14 0 0 0 0 0 0 0 0 0 0 0 0 0 0 0 0 0 0 0 0 0 0 -8 19 -10 19 -10 18 -11 19 -12 19 -13 19 -14 19 -15 19 -16 19 -16 19 -17 19 -17 18 -16 19 -17 19 -16 19 -16 18 -16 19 -16 19 -16 19 -16 19 -16 20 -16 20 -15 20 -14 20 -15 20 -15
2025-04-02 14:44:57,CSI_DATA,STA,D8:B1:90:DB:E8:90,-47,11,1,5,0,0,1,1,1,0,0,-94,0,3,0,3096144675,0,110,0,0,88995.8,384,[110 96 6 0 -28 -30 -29 -30 -29 -31 -29 -31 -28 -31 -26 -30 -24 -29 -21 -27 -18 -25 -15 -22 -13 -19 -10 -16 -7 -12 -4 -9 -1 -6 1 -3 2 0 3 2 4 3 4 4 5 5 6 5 6 5 7 3 8 2 0 0 0 0 0 0 0 0 0 0 0 0 0 0 0 0 0 0 0 0 0 0 2 36 -1 34 -2 33 -3 31 -4 28 -3 25 -3 21 -2 18 0 15 2 11 4 8 5 5 7 2 8 0 8 -3 8 -4 7 -6 7 -8 4 -10 2 -12 -2 -13 -5 -15 -9 -16 -13 -18 -17 -20 -20 -22 ]
2025-04-02 14:45:11,CSI_DATA,STA,D8:B1:90:DB:E8:90,-47,11,1,6,0,0,1,0,0,0,1,-94,0,3,0,3110179294,0,110,0,0,89009.9,256,[110 96 6 0 -38 -18 -39 -19 -39 -19 -39 -20 -37 -20 -36 -21 -33 -20 -31 -19 -28 -18 -24 -17 -21 -15 -17 -14 -14 -11 -9 -10 -6 -8 -3 -5 0 -3 2 -1 4 1 5 2 6 4 7 5 8 5 9 4 10 4 0 0 0 0 0 0 0 0 0 0 0 0 0 0 0 0 0 0 0 0 0 0 33 15 30 17 27 17 25 17 23 15 21 13 19 11 18 8 17 6 16 3 15 1 14 -2 13 -4 11 -5 9 -7 7 -7 4 -8 1 -9 -3 -10 -6 -10 -10 -10 -14 -11 -18 -10 -23 -12 -27 -12 -30 -13 ]
2025-04-02 14:45:15,CSI_DATA,STA,D8:B1:90:DB:E8:90,-50,11,1,6,0,0,1,0,0,0,1,-94,0,3,0,3114688087,0,110,0,0,89014.4,256,[110 96 6 0 -8 -7 -7 -6 -6 -6 -31 15 -31 14 -31 11 -30 11 18 -5 18 -4 18 -4 18 -4 -20 11 -21 10 -20 9 -20 8 19 0 19 1 18 2 17 3 -16 -7 -15 -8 -14 -8 -14 -9 7 14 6 14 0 0 0 0 0 0 0 0 0 0 0 0 0 0 0 0 0 0 0 0 0 0 7 17 5 18 5 22 3 23 1 24 -1 25 -1 15 -2 15 -4 15 -5 15 9 -21 10 -21 12 -21 13 -20 -20 17 -20 15 -21 15 -21 14 22 -20 23 -19 24 -18 25 -17 26 -13 27 -12 27 -10 27 -25 ]
2025-04-02 14:45:27,CSI_DATA,STA,D8:B1:90:DB:E8:90,-47,11,1,7,0,0,1,0,0,0,0,-94,0,3,0,3125719899,0,110,0,0,89025.4,256,[110 96 6 0 -1 -25 -2 -25 -2 -23 -2 -23 -3 -22 -3 -22 -3 -21 -4 -21 -4 -20 -4 -20 -5 -20 -6 -19 -6 -19 -5 -18 -6 -18 -6 -18 -5 -18 -5 -17 -5 -17 -5 -16 -5 -17 -5 -17 -5 -16 -4 -16 -3 -16 0 0 0 0 0 0 0 0 0 0 0 0 0 0 0 0 0 0 0 0 0 0 -5 -23 -4 -24 -3 -24 -2 -25 -1 -25 0 -25 0 -25 0 -26 1 -26 2 -27 3 -26 3 -26 2 -26 3 -26 2 -25 2 -26 2 -25 2 -25 1 -26 0 -26 0 -26 0 -26 0 -25 -1 -25 -1 -26 -1 -25
2025-04-02 14:45:27,CSI_DATA,STA,D8:B1:90:DB:E8:90,-48,11,1,3,0,0,1,1,1,0,0,-94,0,3,0,3126226764,0,110,0,0,89025.9,384,[110 96 6 0 28 -29 28 -30 29 -30 28 -29 27 -28 26 -27 24 -26 23 -24 21 -23 18 -20 17 -18 15 -15 13 -12 11 -9 9 -6 7 -3 5 0 3 2 1 4 -1 6 -2 7 -3 8 -4 9 -5 11 -5 11 0 0 0 0 0 0 0 0 0 0 0 0 0 0 0 0 0 0 0 0 0 0 -41 15 -39 10 -37 6 -34 4 -31 3 -27 3 -23 3 -19 4 -15 6 -12 8 -9 9 -7 10 -5 11 -3 11 -1 10 0 9 2 7 4 4 5 1 7 -2 9 -6 12 -10 14 -15 16 -18 19 -21 22 -24 ]
2025-04-02 14:45:31,CSI_DATA,STA,D8:B1:90:DB:E8:90,-47,11,1,1,0,0,1,0,0,0,0,-94,0,3,0,3130236271,0,110,0,0,89029.9,256,[110 96 6 0 37 -22 38 -23 39 -22 38 -22 37 -21 36 -20 34 -18 32 -17 29 -16 25 -14 23 -12 20 -10 16 -7 13 -4 9 -2 6 0 2 2 -1 4 -3 5 -6 6 -7 6 -8 6 -9 7 -10 9 -10 9 0 0 0 0 0 0 0 0 0 0 0 0 0 0 0 0 0 0 0 0 0 0 -44 0 -40 -4 -36 -6 -34 -7 -30 -7 -25 -5 -22 -3 -19 -1 -16 1 -13 4 -11 6 -8 9 -7 11 -5 11 -3 12 -1 10 1 9 3 6 6 5 9 2 11 -2 15 -5 18 -10 22 -12 25 -15 30 -18 ]
2025-04-02 14:45:32,CSI_DATA,STA,D8:B1:90:DB:E8:90,-47,11,1,2,0,0,1,0,0,0,0,-94,0,3,0,3130736546,0,110,0,0,89030.4,256,[110 96 6 0 -32 28 -33 29 -34 30 -33 29 -32 28 -31 26 -29 25 -28 24 -25 21 -23 19 -21 16 -18 13 -16 10 -13 7 -10 3 -8 0 -5 -3 -2 -5 0 -7 2 -9 3 -9 3 -10 4 -11 5 -13 3 -12 0 0 0 0 0 0 0 0 0 0 0 0 0 0 0 0 0 0 0 0 0 0 40 1 37 4 35 6 31 7 28 7 24 5 20 4 17 1 13 -2 11 -4 8 -6 6 -8 5 -10 3 -11 1 -11 -1 -10 -3 -9 -5 -6 -6 -4 -9 -1 -11 3 -14 7 -17 12 -19 15 -22 19 -25 22 ]
2025-04-02 14:45:42,CSI_DATA,STA,D8:B1:90:DB:E8:90,-46,11,1,3,0,0,1,0,0,0,0,-94,0,3,0,3141254996,0,110,0,0,89041,256,[110 96 6 0 33 23 35 24 33 24 33 24 32 23 30 22 28 21 26 19 23 17 20 16 18 14 15 12 12 10 8 8 5 6 2 5 0 3 -2 2 -5 1 -6 -1 -8 -1 -9 -2 -10 -2 -10 -1 -11 0 0 0 0 0 0 0 0 0 0 0 0 0 0 0 0 0 0 0 0 0 0 0 -10 -39 -6 -37 -4 -36 -2 -33 -1 -29 -1 -25 -2 -21 -3 -18 -4 -14 -6 -10 -8 -8 -10 -5 -11 -3 -11 -1 -11 1 -10 1 -9 3 -6 4 -2 6 1 7 5 8 10 10 14 11 19 14 23 17 26 17 ]
2025-04-02 14:45:42,CSI_DATA,STA,00:00:00:00:00:00,-46,11,0,0,0,0,0,0,0,0,0,-94,0,3,0,3141469347,0,14,0,0,89041.2,128,[14 -32 0 0 -28 28 -29 30 -29 29 -29 29 -28 28 -28 27 -26 25 -25 24 -22 21 -21 18 -19 15 -16 12 -14 9 -10 6 -8 3 -5 0 -3 -2 -1 -4 1 -6 3 -7 3 -8 4 -7 4 -8 4 -10 3 -10 0 0 0 0 0 0 0 0 0 0 0 0 0 0 0 0 0 0 0 0 0 0 39 -5 37 -1 34 2 31 2 27 2 24 2 20 1 16 -1 13 -3 10 -6 7 -8 5 -10 3 -11 1 -12 0 -13 -2 -11 -4 -10 -6 -8 -7 -5 -8 -2 -10 2 -12 6 -14 10 -16 14 -19 18 -22 21 ]
2025-04-02 14:45:42,CSI_DATA,STA,D8:B1:90:DB:E8:90,-46,11,1,5,0,0,1,0,0,0,1,-94,0,3,0,3141755120,0,110,0,0,89041.5,256,[110 96 6 0 4 24 4 24 4 22 5 22 5 21 6 21 6 20 6 20 6 19 6 19 7 18 7 19 7 18 7 17 7 17 7 18 7 17 6 17 6 16 6 17 6 17 6 17 5 16 4 16 4 16 0 0 0 0 0 0 0 0 0 0 0 0 0 0 0 0 0 0 0 0 0 0 7 21 6 22 5 22 4 23 3 23 3 24 3 24 2 25 1 25 1 26 0 25 0 25 1 25 0 25 1 24 0 25 1 24 1 25 3 24 3 24 3 24 4 24 3 24 3 24 4 24 3 23 ]
2025-04-02 14:45:43,CSI_DATA,STA,D8:B1:90:DB:E8:90,-46,11,1,6,0,0,1,0,0,0,1,-94,0,3,0,3142258284,0,110,0,0,89042,256,[110 96 6 0 -37 -18 -38 -18 -38 -19 -38 -19 -36 -19 -35 -19 -32 -17 -30 -17 -27 -16 -23 -15 -21 -13 -17 -12 -14 -10 -9 -8 -6 -7 -3 -5 0 -3 2 -2 4 0 6 1 7 3 8 4 8 3 9 2 10 2 0 0 0 0 0 0 0 0 0 0 0 0 0 0 0 0 0 0 0 0 0 0 26 27 22 28 18 28 15 25 13 23 11 19 10 16 9 11 10 8 10 4 10 1 11 -1 11 -3 11 -5 10 -6 8 -6 6 -7 4 -7 0 -9 -4 -8 -8 -9 -12 -9 -17 -9 -22 -11 -26 -11 -29 -12 ]
2025-04-02 14:45:45,CSI_DATA,STA,D8:B1:90:DB:E8:90,-47,11,1,6,0,0,1,0,0,0,1,-94,0,3,0,3144765401,0,110,0,0,89044.5,256,[110 96 6 0 39 7 40 7 41 7 40 8 39 7 37 7 35 7 33 6 30 5 27 5 23 5 20 4 17 4 13 4 9 4 6 4 2 4 -1 4 -4 4 -6 3 -9 2 -10 2 -11 2 -11 3 -12 3 0 0 0 0 0 0 0 0 0 0 0 0 0 0 0 0 0 0 0 0 0 0 -30 -31 -25 -32 -22 -31 -19 -30 -16 -27 -14 -24 -13 -20 -12 -16 -11 -11 -11 -8 -11 -4 -11 -1 -11 2 -10 3 -9 5 -8 5 -6 6 -3 6 1 6 4 6 9 6 13 5 18 4 23 5 27 5 31 5 ]
2025-04-02 14:45:49,CSI_DATA,STA,D8:B1:90:DB:E8:90,-47,11,1,6,0,0,1,0,0,0,1,-94,0,3,0,3148275312,0,110,0,0,89048,256,[110 96 6 0 -16 -42 -18 -44 -16 -44 -16 -44 -15 -42 -13 -41 -12 -38 -10 -35 -9 -31 -7 -27 -6 -23 -4 -18 -3 -15 -1 -11 0 -7 1 -3 1 0 2 1 2 3 3 4 4 3 5 3 6 3 7 2 9 2 0 0 0 0 0 0 0 0 0 0 0 0 0 0 0 0 0 0 0 0 0 0 -20 38 -22 35 -23 31 -22 28 -20 25 -18 22 -14 19 -10 17 -7 15 -3 13 0 11 4 10 6 9 8 7 9 5 9 4 9 2 8 -1 6 -4 4 -7 0 -11 -2 -15 -5 -18 -9 -23 -11 -27 -12 -32 ]
2025-04-02 14:45:54,CSI_DATA,STA,D8:B1:90:DB:E8:90,-46,11,1,7,0,0,1,0,0,0,1,-94,0,3,0,3153791859,0,110,0,0,89053.5,256,[110 96 6 0 -43 -4 -42 -5 -41 -6 -40 -6 -37 -7 -35 -7 -31 -6 -28 -5 -25 -4 -22 -3 -20 -1 -18 -1 -15 0 -12 -1 -9 0 -7 0 -5 -1 -2 -1 0 -2 2 -2 5 -2 7 -2 9 -2 12 -3 13 -2 0 0 0 0 0 0 0 0 0 0 0 0 0 0 0 0 0 0 0 0 0 0 36 -3 34 0 31 3 27 3 24 2 21 1 18 0 16 -3 14 -5 13 -8 11 -9 10 -11 9 -11 7 -11 6 -11 3 -9 1 -8 -2 -6 -6 -5 -10 -3 -15 -1 -19 0 -24 2 -29 2 -33 2 -36 1 ]
2025-04-02 14:45:55,CSI_DATA,STA,D8:B1:90:DB:E8:90,-46,11,1,6,0,0,1,0,0,0,1,-94,0,3,0,3154792747,0,110,0,0,89054.5,256,[110 96 6 0 -24 -44 -23 -45 -20 -43 -19 -43 -18 -40 -16 -37 -15 -33 -14 -31 -12 -27 -12 -24 -11 -20 -10 -17 -9 -14 -8 -12 -6 -10 -5 -7 -3 -5 -1 -3 1 -1 3 1 6 3 7 6 8 8 9 9 9 11 0 0 0 0 0 0 0 0 0 0 0 0 0 0 0 0 0 0 0 0 0 0 21 36 17 35 14 33 12 30 10 26 10 23 10 18 11 14 13 12 13 9 15 7 15 4 15 3 15 1 13 0 11 -1 8 -3 5 -5 0 -8 -4 -11 -9 -14 -13 -18 -16 -21 -21 -26 -22 -30 -23 -35 ]
2025-04-02 14:45:59,CSI_DATA,STA,D8:B1:90:DB:E8:90,-45,11,1,6,0,0,1,0,0,0,1,-94,0,3,0,3158297989,0,110,0,0,89058,256,[110 96 6 0 25 6 24 6 24 5 23 4 22 4 22 4 22 3 21 2 21 1 20 1 20 2 19 1 19 1 19 0 18 0 18 1 17 0 17 0 17 1 16 0 15 1 15 2 14 2 14 1 14 1 0 0 0 0 0 0 0 0 0 0 0 0 0 0 0 0 0 0 0 0 0 0 23 1 23 2 23 3 23 3 24 4 23 5 24 6 24 6 25 7 25 8 24 8 24 9 24 9 24 9 25 9 25 8 25 8 25 8 25 7 25 7 25 7 26 7 26 7 26 7 26 7 26 6 ]
2025-04-02 14:46:02,CSI_DATA,STA,D8:B1:90:DB:E8:90,-46,11,1,7,0,0,1,0,0,0,1,-94,0,3,0,3160805105,0,110,0,0,89060.5,256,[110 96 6 0 15 19 15 18 15 17 15 17 14 16 15 16 14 15 14 14 14 13 14 12 14 12 14 12 14 12 14 11 13 10 14 11 13 10 12 10 12 10 11 9 12 10 12 10 11 9 11 8 10 9 0 0 0 0 0 0 0 0 0 0 0 0 0 0 0 0 0 0 0 0 0 0 17 13 17 15 16 16 16 15 16 17 15 17 15 18 15 19 15 20 15 20 14 20 14 20 15 21 14 21 14 21 14 20 14 20 15 20 15 20 15 20 16 20 16 20 16 19 16 20 16 20 16 18 ]
2025-04-02 14:46:02,CSI_DATA,STA,D8:B1:90:DB:E8:90,-47,11,1,6,0,0,1,1,0,0,1,-94,0,3,0,3161304636,0,110,0,0,89061,256,[110 96 6 0 44 -8 44 -7 44 -6 42 -5 40 -5 38 -5 35 -5 32 -5 28 -5 25 -5 23 -5 20 -4 17 -4 14 -2 11 -1 9 -1 5 1 2 2 -1 3 -4 4 -7 4 -9 4 -12 4 -14 5 -16 4 0 0 0 0 0 0 0 0 0 0 0 0 0 0 0 0 0 0 0 0 0 0 -40 9 -38 5 -36 3 -33 2 -30 2 -26 3 -23 4 -20 6 -17 7 -15 9 -13 10 -11 11 -9 13 -8 12 -6 12 -4 9 -1 8 2 6 6 3 10 1 14 -2 19 -4 24 -8 28 -9 33 -10 37 -11 ]
2025-04-02 14:46:04,CSI_DATA,STA,D8:B1:90:DB:E8:90,-46,11,1,7,0,0,1,0,0,0,1,-93,0,3,0,3163305099,0,110,0,0,89063,256,[110 96 6 0 20 -19 19 -18 19 -18 18 -18 17 -18 17 -17 16 -17 16 -18 15 -18 14 -18 13 -18 12 -18 12 -17 12 -17 12 -17 11 -17 11 -16 11 -16 11 -15 11 -15 10 -14 9 -13 9 -13 10 -13 10 -12 0 0 0 0 0 0 0 0 0 0 0 0 0 0 0 0 0 0 0 0 0 0 15 -20 16 -19 17 -19 18 -18 19 -18 20 -18 20 -18 21 -18 22 -17 22 -17 22 -17 23 -17 23 -16 23 -16 22 -16 22 -17 22 -17 22 -18 22 -18 21 -18 21 -19 22 -18 21 -19 20 -19
2025-04-02 14:46:04,CSI_DATA,STA,D8:B1:90:DB:E8:90,-46,11,1,7,0,0,1,0,0,0,1,-93,0,3,0,3163812033,0,110,0,0,89063.5,256,[110 96 6 0 -22 12 -21 12 -21 12 -19 11 -18 12 -18 12 -17 12 -16 13 -16 13 -15 13 -14 12 -14 13 -14 12 -14 13 -14 12 -13 12 -13 12 -13 12 -13 11 -12 11 -11 10 -11 10 -11 9 -12 9 -12 9 0 0 0 0 0 0 0 0 0 0 0 0 0 0 0 0 0 0 0 0 0 0 -17 14 -18 13 -20 12 -20 12 -21 11 -21 11 -22 11 -23 11 -23 11 -24 10 -24 10 -24 10 -24 10 -24 9 -24 9 -24 10 -23 10 -24 11 -23 11 -23 11 -23 12 -23 12 -23 13 -22 12
2025-04-02 14:46:08,CSI_DATA,STA,D8:B1:90:DB:E8:90,-46,11,1,7,0,0,1,0,0,0,1,-93,0,3,0,3167819887,0,110,0,0,89067.5,256,[110 96 6 0 23 6 22 5 22 5 21 5 21 4 20 4 20 3 19 2 19 1 18 1 18 1 18 1 17 1 18 0 17 0 17 0 16 0 16 -1 16 0 15 0 15 0 14 1 14 1 14 0 13 1 0 0 0 0 0 0 0 0 0 0 0 0 0 0 0 0 0 0 0 0 0 0 22 2 22 4 22 4 21 5 22 6 22 6 22 7 22 8 23 8 22 9 23 9 23 9 23 10 23 10 23 9 23 9 23 8 23 8 23 7 23 8 24 7 24 7 24 6 24 7 24 7 23 5 ]
2025-04-02 14:46:09,CSI_DATA,STA,D8:B1:90:DB:E8:90,-51,11,1,7,0,0,1,1,0,0,1,-93,0,3,0,3168827800,0,110,0,0,89068.5,256,[110 96 6 0 -2 13 -1 12 -1 11 -2 -17 -2 -17 -2 -16 -2 -15 -3 -11 -3 -11 -4 -10 -4 -10 -21 -6 -21 -6 -20 -7 -19 -7 -6 -14 -5 -14 -5 -14 -4 -14 9 -1 8 0 8 0 7 0 17 4 16 5 0 0 0 0 0 0 0 0 0 0 0 0 0 0 0 0 0 0 0 0 0 0 16 14 16 16 3 11 2 12 2 12 2 13 17 0 18 1 18 2 17 2 29 10 29 11 29 11 29 12 29 18 28 18 29 19 29 18 25 21 25 21 25 21 25 21 20 -3 21 -4 21 -3 -30 -7 ]
2025-04-02 14:46:10,CSI_DATA,STA,D8:B1:90:DB:E8:90,-46,11,1,7,0,0,1,1,0,0,1,-93,0,3,0,3169329633,0,110,0,0,89069,256,[110 96 6 0 14 -22 13 -22 13 -20 12 -20 10 -20 10 -20 9 -19 9 -19 8 -19 8 -19 6 -19 7 -19 6 -19 7 -18 7 -18 6 -17 6 -17 6 -16 6 -16 6 -15 6 -15 5 -15 6 -14 7 -14 7 -13 0 0 0 0 0 0 0 0 0 0 0 0 0 0 0 0 0 0 0 0 0 0 10 -21 11 -21 12 -21 13 -21 13 -21 15 -21 14 -20 15 -21 16 -20 16 -20 17 -20 17 -20 17 -20 17 -21 16 -20 17 -20 17 -20 17 -21 16 -21 15 -21 15 -21 15 -22 15 -22 14 -22 14 -22 14 -22 ]
2025-04-02 14:46:12,CSI_DATA,STA,D8:B1:90:DB:E8:90,-47,11,1,7,0,0,1,1,0,0,1,-93,0,3,0,3171329844,0,110,0,0,89071,256,[110 96 6 0 23 -2 22 -3 22 -3 21 -3 20 -3 20 -4 19 -4 19 -5 18 -6 18 -6 17 -5 17 -6 17 -5 17 -6 17 -6 16 -6 16 -6 15 -6 15 -5 15 -5 14 -4 13 -4 13 -4 14 -4 13 -3 0 0 0 0 0 0 0 0 0 0 0 0 0 0 0 0 0 0 0 0 0 0 20 -7 21 -6 21 -5 21 -4 22 -4 23 -3 23 -2 24 -2 24 -1 24 -1 24 -1 25 -1 25 -1 24 0 24 0 24 -1 23 -1 24 -1 24 -1 23 -1 23 -2 24 -2 24 -3 24 -3 24 -3 24 -4 ]
2025-04-02 14:46:14,CSI_DATA,STA,D8:B1:90:DB:E8:90,-46,11,1,7,0,0,1,1,0,0,1,-93,0,3,0,3173833588,0,110,0,0,89073.5,256,[110 96 6 0 21 9 21 9 20 8 20 8 20 7 20 7 19 6 19 6 18 4 18 4 18 4 18 4 18 4 17 3 17 3 17 3 17 2 16 2 16 2 15 3 14 4 14 3 13 3 14 3 14 4 0 0 0 0 0 0 0 0 0 0 0 0 0 0 0 0 0 0 0 0 0 0 21 4 21 5 21 7 22 7 22 8 22 9 21 9 22 10 22 11 22 11 22 11 22 12 22 12 22 12 22 12 21 12 22 11 21 11 22 11 22 11 22 10 23 11 22 9 23 10 23 10 23 8 ]
2025-04-02 14:46:17,CSI_DATA,STA,D8:B1:90:DB:E8:90,-46,11,1,7,0,0,1,1,0,0,1,-93,0,3,0,3176846307,0,110,0,0,89076.5,256,[110 96 6 0 -19 -17 -19 -16 -18 -15 -18 -15 -18 -14 -17 -14 -17 -13 -17 -12 -17 -12 -17 -11 -17 -11 -17 -11 -17 -10 -16 -9 -16 -9 -16 -9 -15 -8 -15 -8 -14 -8 -14 -8 -13 -8 -13 -8 -12 -8 -13 -7 -12 -8 0 0 0 0 0 0 0 0 0 0 0 0 0 0 0 0 0 0 0 0 0 0 -19 -11 -18 -13 -18 -14 -19 -15 -18 -15 -18 -16 -18 -16 -18 -17 -17 -18 -18 -18 -17 -19 -17 -20 -17 -19 -17 -19 -18 -19 -17 -18 -17 -18 -17 -18 -18 -1
2025-04-02 14:46:20,CSI_DATA,STA,D8:B1:90:DB:E8:90,-46,11,1,7,0,0,1,1,0,0,1,-93,0,3,0,3179357206,0,110,0,0,89079.1,256,[110 96 6 0 -22 12 -22 13 -21 12 -20 12 -19 13 -19 13 -17 12 -17 13 -17 13 -16 13 -15 13 -14 13 -13 13 -14 13 -13 13 -12 13 -13 13 -13 12 -12 11 -12 11 -11 10 -11 10 -11 10 -12 10 -12 9 0 0 0 0 0 0 0 0 0 0 0 0 0 0 0 0 0 0 0 0 0 0 -19 13 -19 13 -21 12 -22 11 -22 11 -23 11 -23 11 -24 10 -24 10 -25 10 -26 9 -26 9 -25 9 -25 9 -24 9 -25 9 -25 10 -25 10 -24 10 -24 11 -23 11 -23 12 -23 12 -23 12 -2
2025-04-02 14:46:23,CSI_DATA,STA,D8:B1:90:DB:E8:90,-46,11,1,7,0,0,1,1,0,0,1,-93,0,3,0,3182360631,0,110,0,0,89082.1,256,[110 96 6 0 -21 13 -20 13 -20 13 -18 12 -18 13 -18 13 -16 12 -17 13 -16 13 -15 13 -14 13 -14 13 -14 13 -14 13 -13 13 -13 13 -12 13 -13 12 -12 11 -12 11 -11 10 -11 10 -11 9 -12 9 -12 9 0 0 0 0 0 0 0 0 0 0 0 0 0 0 0 0 0 0 0 0 0 0 -17 15 -18 14 -18 14 -19 13 -20 13 -21 13 -21 12 -22 12 -23 12 -23 12 -23 12 -23 11 -23 11 -23 11 -23 11 -24 11 -23 11 -23 12 -22 12 -22 12 -22 12 -22 12 -23 14 -22 1
2025-04-02 14:46:23,CSI_DATA,STA,D8:B1:90:DB:E8:90,-46,11,1,7,0,0,1,1,0,0,1,-93,0,3,0,3182860849,0,110,0,0,89082.6,256,[110 96 6 0 7 24 7 24 7 22 8 22 8 21 8 20 8 20 9 18 8 17 8 17 9 17 9 17 9 17 9 16 9 16 9 16 8 15 8 14 8 14 7 13 7 14 7 14 6 13 5 12 5 12 0 0 0 0 0 0 0 0 0 0 0 0 0 0 0 0 0 0 0 0 0 0 10 21 9 21 8 22 8 22 7 23 7 24 6 24 6 25 6 25 5 26 4 26 4 26 5 27 5 26 5 26 5 25 5 25 5 25 5 26 6 25 6 26 8 26 7 25 7 26 7 26 7 24 ]
2025-04-02 14:46:25,CSI_DATA,STA,D8:B1:90:DB:E8:90,-46,11,1,7,0,0,1,1,0,0,1,-93,0,3,0,3184368579,0,110,0,0,89084.1,256,[110 96 6 0 -21 12 -20 13 -20 13 -18 12 -17 13 -17 12 -16 12 -16 13 -15 13 -14 13 -13 13 -13 13 -13 13 -13 13 -12 13 -12 13 -12 13 -12 12 -11 12 -11 12 -11 11 -10 10 -10 10 -11 10 -12 9 0 0 0 0 0 0 0 0 0 0 0 0 0 0 0 0 0 0 0 0 0 0 -18 14 -19 13 -19 12 -20 12 -20 12 -21 12 -22 12 -23 12 -23 11 -24 11 -24 10 -24 10 -24 10 -24 10 -23 10 -23 10 -23 10 -23 11 -23 12 -22 12 -22 12 -22 12 -22 13 -22
2025-04-02 14:46:25,CSI_DATA,STA,D8:B1:90:DB:E8:90,-46,11,1,7,0,0,1,1,0,0,1,-93,0,3,0,3184868643,0,110,0,0,89084.6,256,[110 96 6 0 -8 23 -8 23 -8 22 -7 21 -6 21 -6 21 -5 20 -5 20 -4 19 -4 19 -3 19 -2 19 -2 18 -2 18 -2 17 -2 18 -2 17 -2 16 -2 16 -3 15 -2 15 -2 15 -2 14 -4 14 -4 14 0 0 0 0 0 0 0 0 0 0 0 0 0 0 0 0 0 0 0 0 0 0 -4 22 -5 22 -6 21 -7 22 -7 22 -9 22 -10 23 -10 23 -11 24 -11 24 -12 23 -12 23 -12 23 -12 23 -12 23 -12 23 -12 23 -11 23 -10 23 -10 24 -10 24 -9 24 -9 24 -9 24 -9 24 -9 23 ]
2025-04-02 14:46:26,CSI_DATA,STA,D8:B1:90:DB:E8:90,-46,11,1,7,0,0,1,1,0,0,1,-93,0,3,0,3185372131,0,110,0,0,89085.1,256,[110 96 6 0 -27 4 -27 4 -26 5 -25 4 -24 5 -24 5 -23 5 -22 6 -22 7 -21 7 -21 6 -20 7 -19 7 -19 7 -19 7 -19 7 -19 7 -19 7 -18 7 -18 6 -17 5 -16 5 -16 4 -16 5 -16 4 0 0 0 0 0 0 0 0 0 0 0 0 0 0 0 0 0 0 0 0 0 0 -24 9 -25 7 -25 6 -26 6 -27 5 -28 4 -27 4 -27 3 -28 3 -28 2 -29 2 -29 1 -29 1 -29 1 -28 2 -29 2 -28 3 -29 3 -28 3 -29 2 -28 4 -28 3 -28 4 -27 4 -28 4 -28 5 ]
2025-04-02 14:46:26,CSI_DATA,STA,D8:B1:90:DB:E8:90,-46,11,1,7,0,0,1,1,0,0,1,-93,0,3,0,3185881181,0,110,0,0,89085.6,256,[110 96 6 0 1 24 1 24 1 22 2 22 2 22 3 21 3 20 3 20 4 19 4 18 5 18 5 18 4 18 4 17 4 16 5 17 4 16 4 15 4 15 3 14 4 14 3 14 3 14 2 13 2 13 0 0 0 0 0 0 0 0 0 0 0 0 0 0 0 0 0 0 0 0 0 0 5 21 3 21 3 22 2 23 2 23 1 24 0 24 0 25 -1 25 -1 26 -2 26 -2 25 -2 26 -2 26 -1 25 -2 25 -1 24 -1 25 0 25 0 25 1 25 1 26 0 25 1 25 1 25 1 24 ]
2025-04-02 14:46:32,CSI_DATA,STA,D8:B1:90:DB:E8:90,-46,11,1,7,0,0,1,1,0,0,1,-93,0,3,0,3191386547,0,110,0,0,89091.1,256,[110 96 6 0 23 -5 23 -6 23 -6 22 -6 21 -6 20 -7 19 -7 19 -7 18 -8 18 -8 17 -8 17 -7 17 -8 17 -8 17 -8 16 -7 16 -8 15 -7 15 -7 15 -7 14 -6 13 -5 13 -5 14 -5 14 -5 0 0 0 0 0 0 0 0 0 0 0 0 0 0 0 0 0 0 0 0 0 0 21 -10 21 -9 21 -8 22 -7 22 -6 23 -6 23 -5 24 -5 25 -4 24 -4 25 -4 26 -4 25 -3 25 -3 25 -3 25 -4 25 -4 25 -4 25 -5 25 -5 24 -6 25 -5 25 -6 25 -6 25 -6 25 -7 ]
2025-04-02 14:46:33,CSI_DATA,STA,D8:B1:90:DB:E8:90,-46,11,1,7,0,0,1,1,0,0,1,-93,0,3,0,3191887835,0,110,0,0,89091.6,256,[110 96 6 0 -26 -2 -25 -2 -24 -1 -23 -1 -22 0 -22 0 -21 0 -22 1 -21 2 -20 3 -20 2 -20 2 -20 2 -19 3 -19 3 -18 3 -18 3 -18 2 -17 2 -17 2 -16 1 -15 1 -15 1 -15 1 -15 1 0 0 0 0 0 0 0 0 0 0 0 0 0 0 0 0 0 0 0 0 0 0 -23 1 -23 0 -23 -1 -24 -2 -24 -3 -25 -3 -25 -4 -25 -4 -26 -5 -26 -5 -26 -5 -26 -6 -26 -6 -27 -6 -25 -6 -25 -5 -26 -5 -26 -4 -26 -5 -25 -4 -26 -4 -26 -4 -26 -3 -26 -3 -27 -3 -26 -2 ]
2025-04-02 14:46:34,CSI_DATA,STA,D8:B1:90:DB:E8:90,-46,11,1,7,0,0,1,1,0,0,1,-93,0,3,0,3193886787,0,110,0,0,89093.6,256,[110 96 6 0 -25 -7 -25 -6 -24 -5 -24 -5 -23 -4 -23 -4 -22 -3 -21 -2 -21 -1 -20 -1 -20 -2 -20 -1 -20 -1 -20 0 -19 0 -18 -1 -19 0 -18 0 -17 0 -17 0 -17 -1 -16 -1 -15 -2 -15 -1 -15 -2 0 0 0 0 0 0 0 0 0 0 0 0 0 0 0 0 0 0 0 0 0 0 -22 -2 -22 -3 -24 -5 -25 -6 -25 -6 -26 -7 -25 -7 -25 -7 -25 -8 -25 -9 -25 -10 -25 -10 -25 -11 -25 -10 -25 -10 -25 -10 -25 -9 -25 -9 -25 -9 -25 -8 -26 -7 -25 -7 -26 -7 -2
2025-04-02 14:46:36,CSI_DATA,STA,D8:B1:90:DB:E8:90,-46,11,1,7,0,0,1,1,0,0,1,-93,0,3,0,3195396365,0,110,0,0,89095.1,256,[110 96 6 0 5 -25 4 -24 5 -24 3 -23 3 -22 2 -22 2 -21 1 -21 1 -21 1 -20 0 -20 0 -20 0 -19 0 -19 0 -18 -1 -19 0 -18 0 -17 0 -17 1 -17 0 -16 0 -16 1 -15 1 -14 2 -14 0 0 0 0 0 0 0 0 0 0 0 0 0 0 0 0 0 0 0 0 0 0 0 -21 1 -22 4 -22 5 -22 5 -22 6 -23 7 -24 7 -25 8 -25 9 -26 9 -25 9 -25 9 -25 9 -24 8 -24 8 -24 8 -24 8 -25 6 -24 6 -24 6 -25 5 -25 6 -26 6 -25 6 -26 6 -25 ]
2025-04-02 14:46:36,CSI_DATA,STA,D8:B1:90:DB:E8:90,-46,11,1,7,0,0,1,1,0,0,1,-93,0,3,0,3195889300,0,110,0,0,89095.6,256,[110 96 6 0 -6 25 -6 25 -6 24 -5 24 -4 23 -4 23 -3 22 -3 21 -3 21 -2 20 -1 20 -1 20 0 20 -1 19 -1 18 0 20 -1 19 -1 18 -1 17 -2 17 -1 17 -1 16 -2 16 -2 15 -3 15 0 0 0 0 0 0 0 0 0 0 0 0 0 0 0 0 0 0 0 0 0 0 -2 24 -4 24 -5 24 -6 25 -6 25 -8 25 -8 26 -9 26 -10 27 -10 26 -11 25 -10 26 -10 26 -10 26 -10 26 -10 25 -9 25 -9 25 -9 26 -8 26 -8 26 -7 27 -8 26 -7 26 -7 27 -7 26 ]
2025-04-02 14:46:38,CSI_DATA,STA,D8:B1:90:DB:E8:90,-46,11,1,7,0,0,1,0,0,0,0,-93,0,3,0,3197394029,0,110,0,0,89097.1,256,[110 96 6 0 -18 17 -18 18 -17 17 -16 17 -15 17 -15 17 -13 16 -14 17 -13 17 -12 17 -11 17 -11 16 -11 17 -11 16 -11 16 -10 15 -10 15 -10 14 -10 14 -10 13 -9 13 -9 13 -9 12 -10 11 -10 11 0 0 0 0 0 0 0 0 0 0 0 0 0 0 0 0 0 0 0 0 0 0 -15 17 -16 17 -16 16 -17 16 -18 16 -19 16 -19 16 -19 17 -21 16 -20 16 -22 16 -22 16 -21 16 -22 16 -21 16 -22 16 -22 17 -21 16 -20 16 -19 16 -19 17 -19 17 -19 18 -18 1
2025-04-02 14:46:39,CSI_DATA,STA,D8:B1:90:DB:E8:90,-50,11,1,6,0,0,1,0,0,0,1,-93,0,3,0,3198395350,0,110,0,0,89098.1,256,[110 96 6 0 -13 -27 -12 -27 -11 -26 -18 -10 -18 -10 -17 -10 -16 -10 2 10 3 10 3 9 3 8 13 5 13 5 13 6 13 6 -19 -13 -18 -12 -18 -12 -17 -13 0 2 -1 2 -1 2 -1 2 12 -10 12 -9 0 0 0 0 0 0 0 0 0 0 0 0 0 0 0 0 0 0 0 0 0 0 -17 -19 -16 -21 -5 -14 -5 -15 -4 -15 -4 -16 -16 -6 -16 -7 -16 -8 -16 -9 -26 -16 -26 -17 -25 -17 -25 -18 -25 -24 -25 -25 -25 -25 -24 -26 -20 -28 -19 -28 -19 -28 -19 -29 -12 -14 -12
2025-04-02 14:46:40,CSI_DATA,STA,D8:B1:90:DB:E8:90,-47,11,1,6,0,0,1,0,0,0,1,-93,0,3,0,3199907563,0,110,0,0,89099.6,256,[110 96 6 0 17 -44 18 -44 20 -42 20 -41 19 -38 18 -36 16 -33 15 -30 13 -27 11 -25 10 -22 8 -19 7 -16 5 -13 4 -11 3 -7 2 -4 1 -2 1 1 0 4 -1 7 -1 9 -2 11 -5 12 -6 13 0 0 0 0 0 0 0 0 0 0 0 0 0 0 0 0 0 0 0 0 0 0 -13 38 -16 36 -17 31 -17 29 -14 25 -12 23 -9 21 -6 19 -2 17 0 17 3 16 4 15 6 14 7 12 7 10 7 7 7 4 7 0 6 -4 6 -9 5 -14 6 -20 7 -25 7 -29 9 -34 13 -38 ]
2025-04-02 14:46:41,CSI_DATA,STA,D8:B1:90:DB:E8:90,-44,11,1,7,0,0,1,1,0,0,1,-95,0,3,0,3200402684,0,110,0,0,89100.1,256,[110 96 6 0 18 -18 17 -18 17 -17 16 -17 15 -18 14 -17 13 -17 13 -17 13 -17 12 -17 11 -16 11 -16 10 -16 11 -16 11 -16 10 -16 10 -16 10 -15 10 -14 9 -14 9 -13 8 -12 9 -12 9 -12 9 -11 0 0 0 0 0 0 0 0 0 0 0 0 0 0 0 0 0 0 0 0 0 0 13 -20 14 -19 14 -18 16 -18 16 -18 17 -18 17 -18 18 -18 19 -17 19 -17 20 -16 20 -16 20 -16 20 -16 20 -17 20 -16 20 -17 20 -17 19 -17 18 -17 18 -18 19 -18 19 -19 19 -18 1
2025-04-02 14:46:41,CSI_DATA,STA,D8:B1:90:DB:E8:90,-44,11,1,5,0,0,1,0,0,0,1,-95,0,3,0,3200904392,0,110,0,0,89100.6,256,[110 96 6 0 8 25 8 25 8 23 8 22 9 22 8 21 9 20 9 20 9 19 9 18 10 18 10 18 10 18 10 17 10 16 10 17 9 15 8 15 8 15 7 14 8 14 7 14 7 14 7 13 6 13 0 0 0 0 0 0 0 0 0 0 0 0 0 0 0 0 0 0 0 0 0 0 13 20 12 20 11 21 10 21 10 22 9 22 9 24 8 25 8 26 7 26 7 26 6 26 7 26 6 26 7 26 7 26 7 25 7 26 8 26 8 26 8 26 9 27 8 26 9 26 9 26 9 25 ]
2025-04-02 14:46:42,CSI_DATA,STA,00:00:00:00:00:00,-45,11,0,0,0,0,0,0,0,0,0,-95,0,3,0,3201469351,0,14,0,0,89101.2,128,[14 -32 0 0 -46 4 -46 3 -44 2 -44 0 -41 1 -39 0 -35 0 -33 0 -29 0 -26 0 -23 1 -20 1 -17 1 -13 1 -10 0 -8 0 -4 -1 -2 -2 1 -2 3 -3 6 -3 7 -3 10 -3 12 -4 14 -3 0 0 0 0 0 0 0 0 0 0 0 0 0 0 0 0 0 0 0 0 0 0 39 -8 37 -4 34 -2 31 -1 28 -1 25 -2 21 -3 18 -5 16 -7 14 -8 12 -10 10 -11 9 -12 6 -13 4 -12 2 -10 -1 -9 -4 -7 -8 -5 -11 -3 -15 0 -20 1 -24 4 -29 4 -33 5 -37 5 ]
2025-04-02 14:46:43,CSI_DATA,STA,D8:B1:90:DB:E8:90,-44,11,1,7,0,0,1,0,0,0,0,-95,0,3,0,3202410090,0,110,0,0,89102.1,256,[110 96 6 0 -24 0 -23 0 -22 1 -22 0 -21 0 -21 1 -20 1 -20 2 -19 3 -19 3 -18 3 -19 4 -18 4 -18 4 -18 4 -17 3 -16 4 -16 3 -16 3 -15 3 -14 2 -14 2 -14 2 -14 3 -14 2 0 0 0 0 0 0 0 0 0 0 0 0 0 0 0 0 0 0 0 0 0 0 -21 4 -21 2 -22 2 -22 1 -23 1 -23 0 -23 0 -24 -1 -24 -1 -24 -2 -24 -2 -24 -3 -24 -3 -24 -3 -24 -3 -24 -2 -24 -2 -24 -2 -24 -2 -24 -2 -24 -1 -25 -1 -25 0 -25 0 -25 0 -24 1 ]
2025-04-02 14:46:48,CSI_DATA,STA,D8:B1:90:DB:E8:90,-45,11,1,7,0,0,1,0,0,0,0,-93,0,3,0,3207922208,0,110,0,0,89107.6,256,[110 96 6 0 -10 25 -10 25 -10 23 -9 24 -8 23 -7 23 -7 22 -7 21 -7 21 -6 21 -5 20 -4 20 -4 20 -4 19 -4 19 -4 19 -4 19 -4 18 -4 17 -4 17 -4 16 -4 15 -4 15 -5 14 -5 14 0 0 0 0 0 0 0 0 0 0 0 0 0 0 0 0 0 0 0 0 0 0 -6 24 -8 24 -9 23 -9 23 -10 23 -11 24 -11 24 -12 24 -12 24 -13 24 -14 24 -14 24 -14 23 -14 23 -14 24 -14 24 -13 24 -13 24 -12 25 -12 24 -11 25 -11 25 -12 26 -11 26 -11 26 -11 26 ]
2025-04-02 14:46:49,CSI_DATA,STA,D8:B1:90:DB:E8:90,-44,11,1,7,0,0,1,0,0,0,0,-95,0,3,0,3208926288,0,110,0,0,89108.6,256,[110 96 6 0 -21 17 -21 17 -20 16 -19 16 -18 17 -18 17 -16 16 -15 17 -15 17 -14 17 -13 16 -13 16 -13 17 -13 16 -13 16 -12 16 -13 16 -12 15 -11 14 -12 14 -11 13 -10 13 -11 12 -11 12 -11 11 0 0 0 0 0 0 0 0 0 0 0 0 0 0 0 0 0 0 0 0 0 0 -16 19 -18 18 -18 17 -20 17 -20 17 -22 17 -22 17 -23 17 -23 17 -24 16 -24 16 -25 16 -24 15 -24 15 -24 15 -24 15 -24 16 -24 16 -23 17 -23 17 -23 18 -23 18 -22 18 -2
2025-04-02 14:46:51,CSI_DATA,STA,D8:B1:90:DB:E8:90,-44,11,1,7,0,0,1,0,0,0,1,-95,0,3,0,3210932561,0,110,0,0,89110.6,256,[110 96 6 0 -25 11 -25 12 -23 11 -23 11 -21 11 -21 11 -20 11 -20 12 -19 12 -18 12 -18 12 -17 12 -17 12 -16 12 -16 12 -16 12 -16 12 -16 11 -15 11 -15 10 -14 9 -13 9 -13 8 -14 8 -13 7 0 0 0 0 0 0 0 0 0 0 0 0 0 0 0 0 0 0 0 0 0 0 -22 13 -23 12 -22 11 -23 10 -24 10 -25 10 -26 10 -26 10 -27 9 -27 8 -28 9 -27 8 -27 7 -27 8 -28 8 -27 8 -27 9 -27 9 -26 8 -26 9 -27 10 -27 10 -26 11 -26 11 -26 11 -26 1
2025-04-02 14:46:52,CSI_DATA,STA,D8:B1:90:DB:E8:90,-45,11,1,5,0,0,1,1,1,0,0,-95,0,3,0,3211441661,0,110,0,0,89111.1,384,[110 96 6 0 -42 17 -43 17 -43 15 -42 13 -39 13 -38 11 -35 9 -32 8 -28 7 -25 6 -22 5 -19 5 -16 5 -11 4 -9 3 -6 2 -3 1 -1 0 2 -1 4 -2 5 -2 7 -3 9 -3 12 -4 14 -4 0 0 0 0 0 0 0 0 0 0 0 0 0 0 0 0 0 0 0 0 0 0 30 -27 30 -23 29 -19 26 -17 24 -15 20 -14 17 -13 13 -13 10 -14 8 -15 5 -15 3 -16 1 -16 0 -15 -2 -14 -4 -12 -6 -9 -8 -6 -10 -4 -12 0 -15 4 -19 7 -22 11 -26 13 -30 15 -34 17 ]
2025-04-02 14:46:52,CSI_DATA,STA,00:00:00:00:00:00,-45,11,0,0,0,0,0,0,0,0,0,-95,0,3,0,3211504024,0,14,0,0,89111.2,128,[14 -32 0 0 38 13 38 14 37 14 36 14 33 14 31 13 29 12 26 11 23 10 20 8 18 7 15 5 12 4 10 4 7 3 5 2 2 1 0 1 -2 1 -4 1 -6 0 -8 -1 -10 -1 -12 0 -13 -1 0 0 0 0 0 0 0 0 0 0 0 0 0 0 0 0 0 0 0 0 0 0 -32 -16 -29 -17 -26 -18 -23 -17 -20 -15 -18 -13 -17 -10 -15 -8 -14 -4 -13 -2 -13 1 -12 2 -11 4 -9 5 -8 6 -6 5 -3 6 0 5 4 6 8 6 12 5 17 6 20 4 25 6 29 7 32 8 ]
2025-04-02 14:46:52,CSI_DATA,STA,D8:B1:90:DB:E8:90,-44,11,1,7,0,0,1,1,0,0,0,-95,0,3,0,3211505168,0,100,0,0,89111.3,256,[100 -64 5 0 -26 -4 -26 -3 -25 -2 -24 -2 -24 -2 -23 -2 -22 -1 -22 0 -21 0 -21 1 -21 0 -20 1 -20 1 -20 2 -20 1 -19 1 -19 2 -18 2 -17 1 -18 2 -17 0 -16 0 -16 0 -15 0 -15 -1 0 0 0 0 0 0 0 0 0 0 0 0 0 0 0 0 0 0 0 0 0 0 -23 0 -24 -1 -25 -2 -25 -3 -25 -3 -26 -4 -25 -5 -26 -5 -26 -6 -26 -7 -26 -7 -26 -7 -26 -8 -26 -7 -26 -7 -28 -7 -27 -7 -27 -6 -26 -6 -25 -5 -26 -5 -26 -5 -27 -3 -27 -3 -27 -3 -27 -
2025-04-02 14:46:52,CSI_DATA,STA,D8:B1:90:DB:E8:90,-45,11,1,6,0,0,1,0,0,0,0,-95,0,3,0,3211937330,0,110,0,0,89111.6,256,[110 96 6 0 6 -45 7 -46 8 -44 8 -43 8 -40 9 -38 8 -35 7 -32 6 -28 5 -25 4 -22 3 -19 2 -16 2 -13 1 -10 1 -6 1 -4 1 -2 1 1 1 3 2 6 2 8 2 10 1 12 0 13 0 0 0 0 0 0 0 0 0 0 0 0 0 0 0 0 0 0 0 0 0 0 -11 37 -13 34 -14 31 -14 28 -12 24 -10 22 -8 19 -5 17 -2 16 0 14 3 13 5 12 6 10 7 9 8 6 7 4 7 1 6 -3 4 -6 3 -10 2 -15 2 -20 2 -24 0 -29 1 -34 3 -38 ]
2025-04-02 14:46:54,CSI_DATA,STA,D8:B1:90:DB:E8:90,-44,11,1,6,0,0,1,0,0,0,0,-95,0,3,0,3213941862,0,110,0,0,89113.6,256,[110 96 6 0 -28 -4 -27 -3 -26 -3 -25 -2 -24 -2 -24 -1 -23 -1 -23 0 -23 1 -22 1 -21 1 -21 1 -21 1 -21 2 -21 2 -20 1 -19 2 -19 2 -18 1 -18 1 -17 0 -16 0 -16 0 -16 0 -16 0 0 0 0 0 0 0 0 0 0 0 0 0 0 0 0 0 0 0 0 0 0 0 -26 0 -26 -1 -26 -2 -26 -3 -27 -3 -27 -4 -27 -5 -27 -5 -28 -6 -28 -7 -28 -7 -28 -7 -27 -7 -28 -7 -27 -7 -28 -7 -28 -6 -28 -6 -27 -6 -27 -6 -28 -5 -28 -5 -28 -4 -28 -4 -28 -4 -28 -3
2025-04-02 14:46:57,CSI_DATA,STA,D8:B1:90:DB:E8:90,-45,11,1,5,0,0,1,0,0,0,0,-95,0,3,0,3216447937,0,110,0,0,89116.1,256,[110 96 6 0 -16 -21 -16 -20 -15 -19 -15 -18 -15 -17 -15 -17 -15 -16 -14 -15 -14 -15 -14 -14 -15 -14 -15 -14 -15 -13 -14 -12 -14 -12 -15 -12 -14 -11 -14 -11 -14 -11 -13 -10 -13 -11 -12 -11 -12 -11 -11 -10 -11 -11 0 0 0 0 0 0 0 0 0 0 0 0 0 0 0 0 0 0 0 0 0 0 -18 -16 -17 -17 -17 -18 -16 -19 -16 -20 -16 -21 -15 -20 -15 -21 -14 -22 -14 -22 -14 -23 -14 -23 -14 -23 -14 -23 -14 -23 -14 -23 -14 -23 -1
2025-04-02 14:46:59,CSI_DATA,STA,D8:B1:90:DB:E8:90,-46,11,1,6,0,0,1,0,0,0,0,-95,0,3,0,3218954879,0,110,0,0,89118.7,256,[110 96 6 0 -43 -22 -43 -24 -40 -23 -39 -23 -36 -21 -33 -19 -30 -17 -28 -15 -24 -12 -22 -9 -19 -6 -18 -4 -15 -2 -12 -2 -10 -1 -8 -1 -6 -1 -4 -2 -1 -3 1 -3 4 -4 7 -4 9 -5 10 -7 13 -7 0 0 0 0 0 0 0 0 0 0 0 0 0 0 0 0 0 0 0 0 0 0 17 37 13 36 9 33 7 30 6 26 6 21 6 17 7 12 9 8 11 5 13 3 14 1 15 -1 14 -1 13 -2 11 -2 7 -2 4 -3 -2 -4 -6 -4 -13 -5 -18 -7 -24 -7 -30 -10 -34 -13 -37 -15 ]
2025-04-02 14:47:00,CSI_DATA,STA,D8:B1:90:DB:E8:90,-46,11,1,6,0,0,1,0,0,0,0,-95,0,3,0,3219456371,0,110,0,0,89119.2,256,[110 96 6 0 5 -41 7 -42 8 -39 7 -38 7 -36 7 -34 6 -31 4 -27 3 -24 1 -20 0 -17 -1 -15 -2 -13 -3 -11 -3 -9 -2 -6 -2 -5 -1 -4 1 -2 2 -1 4 1 6 2 7 4 7 6 9 7 0 0 0 0 0 0 0 0 0 0 0 0 0 0 0 0 0 0 0 0 0 0 -31 20 -29 17 -28 12 -25 12 -22 9 -17 8 -14 6 -8 8 -5 9 -1 10 2 12 3 12 4 13 5 13 4 12 4 10 3 7 3 4 1 0 0 -5 -1 -10 -1 -15 -1 -21 -1 -26 0 -31 2 -35 ]
2025-04-02 14:47:03,CSI_DATA,STA,D8:B1:90:DB:E8:90,-45,11,1,6,0,0,1,0,0,0,0,-95,0,3,0,3222463271,0,110,0,0,89122.2,256,[110 96 6 0 33 31 32 32 31 31 30 31 28 30 26 28 24 26 21 24 19 21 16 17 14 14 12 11 9 9 7 7 5 4 2 2 1 1 -1 -1 -2 -2 -4 -2 -6 -3 -8 -3 -9 -4 -10 -3 -12 -3 0 0 0 0 0 0 0 0 0 0 0 0 0 0 0 0 0 0 0 0 0 0 -16 -37 -12 -36 -9 -34 -7 -31 -6 -28 -6 -24 -6 -20 -7 -16 -7 -13 -9 -10 -10 -6 -11 -4 -11 -2 -11 0 -10 2 -9 3 -7 4 -4 6 0 7 4 9 9 10 13 13 17 14 22 17 26 20 28 22 ]
2025-04-02 14:47:04,CSI_DATA,STA,D8:B1:90:DB:E8:90,-44,11,1,7,0,0,1,0,0,0,1,-95,0,3,0,3223464993,0,110,0,0,89123.2,256,[110 96 6 0 26 1 26 0 26 -1 25 0 24 -1 24 -2 23 -2 22 -4 22 -4 21 -4 21 -3 20 -4 20 -4 20 -5 20 -5 20 -4 19 -5 19 -4 18 -4 18 -4 17 -4 17 -3 16 -3 17 -3 17 -2 0 0 0 0 0 0 0 0 0 0 0 0 0 0 0 0 0 0 0 0 0 0 23 -4 24 -3 24 -2 24 -1 25 0 26 0 26 1 26 2 27 2 27 3 27 3 26 4 26 4 26 4 26 4 26 3 26 3 26 2 26 3 27 3 27 2 27 2 27 1 27 2 27 2 27 0 ]
2025-04-02 14:47:05,CSI_DATA,STA,D8:B1:90:DB:E8:90,-46,11,1,5,0,0,1,0,0,0,1,-95,0,3,0,3224971816,0,110,0,0,89124.7,256,[110 96 6 0 -23 -37 -22 -37 -20 -37 -19 -36 -19 -34 -18 -32 -16 -30 -15 -27 -14 -25 -12 -22 -11 -19 -10 -16 -8 -13 -6 -11 -4 -8 -3 -5 -1 -3 1 -1 2 0 4 3 6 5 7 7 8 8 8 9 9 10 0 0 0 0 0 0 0 0 0 0 0 0 0 0 0 0 0 0 0 0 0 0 18 32 12 31 11 30 8 26 8 23 8 19 8 17 10 14 10 11 10 9 12 7 12 6 12 4 11 3 10 1 7 -1 5 -2 3 -6 -2 -7 -5 -10 -9 -13 -12 -17 -15 -20 -18 -24 -19 -27 -20 -30 ]
2025-04-02 14:47:06,CSI_DATA,STA,D8:B1:90:DB:E8:90,-46,11,1,5,0,0,1,0,0,0,0,-95,0,3,0,3225472424,0,110,0,0,89125.2,256,[110 96 6 0 40 -23 40 -22 40 -21 39 -20 36 -18 34 -18 31 -17 28 -16 25 -15 22 -13 19 -12 16 -10 13 -8 11 -7 8 -4 6 -2 3 0 1 2 -1 4 -3 6 -5 7 -6 8 -8 10 -9 12 -11 13 0 0 0 0 0 0 0 0 0 0 0 0 0 0 0 0 0 0 0 0 0 0 -40 9 -37 5 -35 3 -32 2 -28 1 -25 3 -21 3 -18 5 -15 7 -13 8 -11 10 -9 10 -8 11 -6 10 -4 9 -2 6 1 4 4 1 7 -2 10 -5 14 -9 18 -12 22 -16 26 -18 29 -20 34 -22 ]
2025-04-02 14:47:06,CSI_DATA,STA,D8:B1:90:DB:E8:90,-46,11,1,6,0,0,1,0,0,0,0,-95,0,3,0,3225972185,0,110,0,0,89125.7,256,[110 96 6 0 44 3 44 4 43 4 41 5 39 5 36 5 33 4 31 4 27 3 24 2 21 1 18 1 15 1 11 1 8 1 6 1 2 2 -1 2 -3 2 -6 2 -9 1 -11 1 -12 1 -14 1 -16 1 0 0 0 0 0 0 0 0 0 0 0 0 0 0 0 0 0 0 0 0 0 0 -39 -2 -36 -5 -33 -7 -30 -7 -26 -6 -23 -4 -21 -2 -18 0 -17 3 -15 5 -14 6 -13 7 -11 8 -9 8 -7 8 -4 6 -1 5 3 3 7 3 11 1 16 0 21 -1 26 -3 30 -2 35 -2 38 -1 ]
2025-04-02 14:47:08,CSI_DATA,STA,D8:B1:90:DB:E8:90,-47,11,1,6,0,0,1,0,0,0,0,-92,0,3,0,3227979268,0,110,0,0,89127.7,256,[110 96 6 0 -26 6 -26 7 -25 7 -25 7 -23 8 -23 8 -22 8 -22 9 -21 10 -20 10 -20 9 -20 10 -20 10 -19 10 -19 10 -18 10 -18 10 -18 9 -18 9 -18 8 -17 8 -16 7 -16 7 -17 6 -17 6 0 0 0 0 0 0 0 0 0 0 0 0 0 0 0 0 0 0 0 0 0 0 -22 10 -23 10 -24 8 -25 8 -25 7 -27 6 -27 6 -27 6 -28 5 -27 4 -27 1 -28 4 -28 3 -28 3 -28 3 -28 3 -28 4 -27 4 -28 4 -28 5 -28 6 -28 6 -27 6 -27 6 -27 6 -28 8 ]
2025-04-02 14:47:11,CSI_DATA,STA,D8:B1:90:DB:E8:90,-46,11,1,6,0,0,1,0,0,0,0,-94,0,3,0,3230478985,0,110,0,0,89130.2,256,[110 96 6 0 7 24 7 23 7 22 7 22 7 21 8 20 8 20 8 19 8 18 8 18 9 18 9 17 9 17 9 16 9 16 9 17 8 16 8 16 8 16 7 15 7 15 7 15 6 15 6 14 5 14 0 0 0 0 0 0 0 0 0 0 0 0 0 0 0 0 0 0 0 0 0 0 8 20 7 21 7 21 6 22 5 22 5 23 5 24 5 24 4 25 4 25 2 25 3 25 3 25 2 25 3 24 3 24 3 24 3 24 4 25 5 24 6 25 6 25 6 24 7 24 7 24 7 23 ]
2025-04-02 14:47:11,CSI_DATA,STA,D8:B1:90:DB:E8:90,-45,11,1,6,0,0,1,0,0,0,0,-94,0,3,0,3230983176,0,110,0,0,89130.7,256,[110 96 6 0 24 -6 23 -7 23 -7 22 -7 21 -7 21 -8 20 -8 21 -9 19 -9 18 -10 17 -10 17 -10 17 -10 17 -11 17 -11 16 -10 16 -10 16 -10 16 -10 15 -10 14 -9 14 -8 14 -8 14 -8 14 -7 0 0 0 0 0 0 0 0 0 0 0 0 0 0 0 0 0 0 0 0 0 0 21 -9 21 -8 22 -7 22 -6 23 -6 23 -5 24 -5 25 -4 25 -4 26 -3 25 -3 25 -3 25 -2 25 -2 25 -3 25 -3 24 -4 25 -4 24 -4 24 -4 24 -5 25 -5 25 -6 25 -6 25 -6 24 -7 ]
2025-04-02 14:47:13,CSI_DATA,STA,D8:B1:90:DB:E8:90,-47,11,1,6,0,0,1,0,0,0,1,-94,0,3,0,3232986159,0,110,0,0,89132.7,256,[110 96 6 0 -23 39 -24 38 -24 36 -23 35 -22 33 -21 31 -19 29 -18 26 -15 23 -14 20 -11 18 -10 15 -8 13 -6 10 -5 7 -4 4 -3 1 -2 -1 -1 -4 1 -6 1 -9 2 -11 3 -13 5 -14 6 -15 0 0 0 0 0 0 0 0 0 0 0 0 0 0 0 0 0 0 0 0 0 0 19 -34 20 -30 20 -27 19 -23 16 -21 13 -19 10 -17 7 -16 4 -16 1 -16 -1 -15 -3 -15 -4 -14 -4 -13 -5 -10 -5 -8 -6 -4 -6 0 -6 5 -6 9 -7 14 -8 19 -10 24 -11 28 -14 32 -17 35 ]
2025-04-02 14:47:14,CSI_DATA,STA,D8:B1:90:DB:E8:90,-47,11,1,5,0,0,1,0,0,0,0,-94,0,3,0,3233485960,0,110,0,0,89133.2,256,[110 96 6 0 42 -15 43 -15 42 -14 41 -13 39 -12 36 -12 33 -11 30 -11 26 -10 23 -9 20 -9 17 -8 14 -7 11 -5 8 -4 6 -2 3 0 1 2 -1 4 -3 5 -6 7 -7 8 -9 9 -11 11 -13 12 0 0 0 0 0 0 0 0 0 0 0 0 0 0 0 0 0 0 0 0 0 0 -40 0 -38 -3 -34 -5 -30 -6 -27 -5 -23 -3 -20 -1 -17 2 -15 4 -14 6 -12 8 -10 9 -9 10 -8 9 -5 9 -3 6 -1 4 3 2 7 -1 10 -3 15 -7 19 -9 24 -13 28 -13 32 -15 37 -17 ]
2025-04-02 14:47:14,CSI_DATA,STA,D8:B1:90:DB:E8:90,-46,11,1,7,0,0,1,0,0,0,0,-94,0,3,0,3233985945,0,110,0,0,89133.7,256,[110 96 6 0 -24 -7 -24 -7 -23 -6 -23 -5 -22 -4 -22 -4 -21 -4 -21 -2 -21 -2 -20 -2 -20 -2 -20 -2 -20 -1 -20 -1 -20 -1 -19 -1 -19 -1 -19 0 -18 -1 -18 -1 -17 -2 -17 -2 -16 -3 -16 -2 -16 -3 0 0 0 0 0 0 0 0 0 0 0 0 0 0 0 0 0 0 0 0 0 0 -21 -1 -22 -2 -22 -5 -22 -5 -23 -5 -23 -6 -23 -7 -24 -7 -23 -8 -23 -8 -24 -9 -24 -9 -23 -9 -23 -10 -23 -10 -24 -9 -23 -9 -23 -9 -24 -8 -24 -8 -25 -7 -24 -8 -25 -7 -
2025-04-02 14:47:15,CSI_DATA,STA,D8:B1:90:DB:E8:90,-47,11,1,6,0,0,1,1,0,0,0,-94,0,3,0,3234486607,0,110,0,0,89134.2,256,[110 96 6 0 -29 31 -29 32 -30 29 -29 28 -27 27 -26 24 -24 22 -22 21 -19 19 -16 17 -15 15 -12 13 -10 11 -8 8 -6 6 -4 4 -2 1 -1 -1 1 -4 2 -5 4 -7 4 -9 6 -11 8 -12 9 -13 0 0 0 0 0 0 0 0 0 0 0 0 0 0 0 0 0 0 0 0 0 0 22 -30 24 -26 23 -22 21 -20 19 -17 16 -16 12 -14 9 -14 7 -14 4 -14 1 -14 0 -14 -2 -14 -3 -12 -3 -11 -5 -8 -6 -5 -7 -1 -7 3 -9 6 -10 11 -12 15 -14 20 -16 23 -19 26 -23 29 ]
2025-04-02 14:47:18,CSI_DATA,STA,D8:B1:90:DB:E8:90,-46,11,1,7,0,0,1,0,0,0,0,-94,0,3,0,3236992900,0,110,0,0,89136.7,256,[110 96 6 0 -18 -18 -19 -18 -18 -16 -17 -16 -17 -15 -17 -15 -17 -15 -18 -12 -17 -12 -17 -11 -18 -12 -18 -12 -18 -11 -18 -10 -18 -10 -17 -10 -16 -9 -16 -9 -16 -9 -15 -10 -15 -10 -14 -10 -14 -10 -14 -10 -13 -10 0 0 0 0 0 0 0 0 0 0 0 0 0 0 0 0 0 0 0 0 0 0 -20 -13 -19 -15 -18 -15 -18 -16 -18 -17 -17 -17 -17 -18 -18 -18 -17 -19 -17 -20 -16 -20 -16 -20 -16 -21 -17 -21 -17 -19 -17 -19 -17 -19 -17 -
2025-04-02 14:47:18,CSI_DATA,STA,D8:B1:90:DB:E8:90,-45,11,1,7,0,0,1,0,0,0,0,-94,0,3,0,3237493061,0,110,0,0,89137.2,256,[110 96 6 0 -14 17 -14 17 -13 17 -12 17 -11 17 -11 17 -10 16 -10 17 -10 16 -9 16 -8 16 -8 16 -8 16 -8 16 -8 16 -7 15 -8 15 -7 15 -7 14 -8 14 -7 14 -7 13 -7 13 -8 13 -8 12 0 0 0 0 0 0 0 0 0 0 0 0 0 0 0 0 0 0 0 0 0 0 -10 17 -12 17 -13 16 -13 16 -14 16 -15 16 -15 16 -16 16 -16 16 -17 16 -18 16 -18 16 -17 15 -17 15 -17 15 -17 16 -17 16 -17 16 -16 16 -16 16 -16 17 -15 17 -16 17 -15 17 -15 17 -15
2025-04-02 14:47:19,CSI_DATA,STA,D8:B1:90:DB:E8:90,-46,11,1,7,0,0,1,0,0,0,0,-94,0,3,0,3238995555,0,110,0,0,89138.7,256,[110 96 6 0 24 9 24 9 24 7 23 7 23 7 23 7 22 6 23 4 22 3 22 2 22 3 20 0 20 1 20 -1 20 -1 20 2 20 1 20 1 19 2 19 2 18 3 18 3 17 3 17 3 17 4 0 0 0 0 0 0 0 0 0 0 0 0 0 0 0 0 0 0 0 0 0 0 24 3 24 5 24 6 24 7 24 8 25 8 24 10 25 11 25 11 25 12 25 12 25 12 24 13 24 13 24 13 24 12 24 12 24 11 25 11 24 11 25 10 25 11 25 10 26 10 26 10 25 9 ]
2025-04-02 14:47:20,CSI_DATA,STA,D8:B1:90:DB:E8:90,-46,11,1,6,0,0,1,0,0,0,1,-94,0,3,0,3239496719,0,110,0,0,89139.2,256,[110 96 6 0 12 -24 11 -24 11 -23 10 -23 9 -23 9 -23 8 -22 8 -22 7 -22 6 -22 5 -21 5 -21 5 -21 5 -21 5 -21 4 -20 5 -20 5 -20 5 -19 5 -19 5 -18 5 -18 5 -18 6 -17 6 -17 0 0 0 0 0 0 0 0 0 0 0 0 0 0 0 0 0 0 0 0 0 0 9 -24 10 -23 11 -23 12 -23 13 -23 14 -23 14 -23 15 -23 16 -23 16 -23 16 -23 16 -23 16 -23 16 -23 16 -23 16 -22 15 -22 16 -23 14 -23 14 -23 14 -24 14 -24 13 -24 12 -24 13 -24 14 -25 ]
2025-04-02 14:47:23,CSI_DATA,STA,D8:B1:90:DB:E8:90,-47,11,1,6,0,0,1,0,0,0,0,-94,0,3,0,3241999930,0,110,0,0,89141.7,256,[110 96 6 0 -42 -25 -41 -26 -38 -25 -37 -25 -34 -23 -32 -22 -29 -19 -27 -17 -23 -15 -21 -12 -19 -9 -16 -7 -14 -5 -11 -4 -9 -3 -6 -2 -4 -2 -1 -1 2 -2 4 -1 7 -1 10 0 13 0 14 0 16 1 0 0 0 0 0 0 0 0 0 0 0 0 0 0 0 0 0 0 0 0 0 0 29 27 25 28 21 27 18 25 15 21 14 17 13 13 13 8 13 5 14 2 14 0 15 -2 14 -4 13 -4 11 -5 8 -5 5 -5 1 -5 -4 -6 -9 -7 -15 -8 -20 -9 -25 -10 -30 -13 -34 -15 -36 -18 ]
2025-04-02 14:47:23,CSI_DATA,STA,D8:B1:90:DB:E8:90,-47,11,1,7,0,0,1,0,0,0,1,-93,0,3,0,3243000136,0,110,0,0,89142.7,256,[110 96 6 0 16 17 16 16 16 16 16 14 16 14 16 13 16 13 16 11 15 11 15 10 15 11 15 10 15 10 15 9 15 8 15 10 15 9 15 9 14 8 13 8 13 9 12 9 12 9 12 8 11 9 0 0 0 0 0 0 0 0 0 0 0 0 0 0 0 0 0 0 0 0 0 0 17 13 16 14 17 14 16 14 16 16 15 16 16 16 16 17 16 18 15 19 14 19 14 20 14 20 14 20 14 19 15 18 14 18 15 18 15 18 16 18 16 18 17 18 16 17 16 18 16 18 16 17 ]
2025-04-02 14:47:26,CSI_DATA,STA,D8:B1:90:DB:E8:90,-46,11,1,7,0,0,1,0,0,0,1,-93,0,3,0,3246015854,0,110,0,0,89145.7,256,[110 96 6 0 -5 -25 -5 -24 -4 -23 -6 -23 -6 -23 -6 -22 -7 -22 -6 -21 -7 -21 -7 -20 -8 -20 -8 -19 -8 -19 -8 -19 -8 -18 -8 -18 -7 -17 -7 -17 -7 -17 -6 -16 -7 -16 -6 -16 -6 -16 -5 -15 -5 -15 0 0 0 0 0 0 0 0 0 0 0 0 0 0 0 0 0 0 0 0 0 0 -7 -22 -6 -22 -6 -24 -5 -24 -5 -24 -4 -25 -3 -25 -2 -26 -2 -26 -2 -27 -1 -26 0 -27 -1 -27 -1 -26 -1 -26 -1 -26 -2 -25 -2 -26 -3 -26 -3 -26 -4 -26 -4 -27 -4 -26 -4
2025-04-02 14:47:27,CSI_DATA,STA,D8:B1:90:DB:E8:90,-46,11,1,7,0,0,1,0,0,0,1,-93,0,3,0,3246516023,0,110,0,0,89146.2,256,[110 96 6 0 8 25 9 25 8 23 9 23 9 22 9 22 10 21 9 20 10 19 10 19 11 18 11 18 12 18 11 17 11 17 11 17 11 16 10 16 10 15 10 15 10 15 10 15 9 15 8 14 8 15 0 0 0 0 0 0 0 0 0 0 0 0 0 0 0 0 0 0 0 0 0 0 11 21 9 22 9 23 8 24 7 24 7 26 6 25 6 26 5 26 5 27 4 27 4 27 4 27 3 27 4 27 4 26 4 27 5 26 6 26 6 26 6 26 6 26 7 26 8 27 8 26 8 25 ]
2025-04-02 14:47:28,CSI_DATA,STA,D8:B1:90:DB:E8:90,-47,11,1,7,0,0,1,1,0,0,1,-93,0,3,0,3247516638,0,110,0,0,89147.2,256,[110 96 6 0 -22 -13 -21 -12 -20 -11 -20 -11 -19 -10 -19 -9 -19 -9 -18 -7 -18 -6 -18 -6 -18 -6 -18 -6 -18 -6 -18 -5 -18 -4 -17 -5 -17 -4 -17 -4 -16 -4 -16 -4 -16 -5 -15 -5 -15 -5 -15 -4 -15 -5 0 0 0 0 0 0 0 0 0 0 0 0 0 0 0 0 0 0 0 0 0 0 -21 -8 -21 -9 -21 -10 -22 -11 -21 -12 -22 -13 -21 -13 -22 -14 -21 -15 -21 -16 -21 -16 -20 -16 -21 -16 -20 -17 -20 -16 -20 -15 -20 -15 -20 -15 -21 -15 -21 -14
2025-04-02 14:47:30,CSI_DATA,STA,D8:B1:90:DB:E8:90,-52,11,1,7,0,0,1,1,0,0,1,-93,0,3,0,3249523547,0,110,0,0,89149.2,256,[110 96 6 0 -24 13 -23 13 -23 13 -21 13 -20 13 -19 13 -18 13 -18 13 -17 13 -16 14 -15 13 -14 13 -13 14 -14 14 -13 14 -12 14 -12 13 -12 13 -11 13 -11 13 -10 12 -9 12 -10 12 -10 12 -10 11 0 0 0 0 0 0 0 0 0 0 0 0 0 0 0 0 0 0 0 0 0 0 -21 18 -22 17 -23 16 -24 15 -25 15 -25 14 -27 14 -27 13 -28 13 -29 12 -29 11 -29 11 -28 10 -28 10 -28 10 -28 11 -27 11 -28 12 -27 11 -26 12 -26 12 -26 13 -26 13 -25
2025-04-02 14:47:31,CSI_DATA,STA,D8:B1:90:DB:E8:90,-46,11,1,7,0,0,1,1,0,0,1,-94,0,3,0,3250023683,0,110,0,0,89149.7,256,[110 96 6 0 -7 23 -6 23 -6 21 -5 21 -4 21 -4 20 -3 20 -3 19 -3 19 -2 18 -1 18 -1 18 0 17 -1 17 -1 16 0 16 0 16 -1 15 -1 14 -1 14 -1 14 -1 14 -1 14 -1 12 -2 12 0 0 0 0 0 0 0 0 0 0 0 0 0 0 0 0 0 0 0 0 0 0 -1 22 -3 22 -3 23 -4 23 -4 23 -6 24 -6 25 -7 25 -8 25 -8 25 -9 25 -9 25 -9 25 -9 24 -9 24 -9 24 -9 24 -9 24 -8 24 -7 24 -7 24 -7 24 -7 24 -6 24 -6 24 -6 23 ]
2025-04-02 14:47:31,CSI_DATA,STA,D8:B1:90:DB:E8:90,-45,11,1,7,0,0,1,1,0,0,1,-94,0,3,0,3250523835,0,110,0,0,89150.2,256,[110 96 6 0 10 -22 9 -22 9 -21 9 -21 8 -20 8 -20 7 -20 7 -19 7 -19 6 -19 5 -18 4 -18 4 -18 4 -18 4 -17 4 -17 4 -17 4 -16 4 -16 3 -15 3 -14 3 -14 3 -13 4 -13 4 -12 0 0 0 0 0 0 0 0 0 0 0 0 0 0 0 0 0 0 0 0 0 0 7 -22 8 -21 9 -22 10 -22 10 -22 11 -22 11 -22 12 -22 13 -23 13 -22 14 -22 15 -22 15 -22 15 -22 13 -22 13 -22 13 -22 12 -22 12 -23 11 -23 11 -23 11 -23 11 -23 11 -23 11 -23 11 -23 ]
2025-04-02 14:47:31,CSI_DATA,STA,D8:B1:90:DB:E8:90,-46,11,1,7,0,0,1,1,0,0,1,-94,0,3,0,3251023966,0,110,0,0,89150.7,256,[110 96 6 0 21 14 21 13 21 12 20 12 19 11 19 11 19 10 19 8 18 7 18 7 18 7 17 7 17 6 17 5 17 5 16 6 16 5 15 4 14 4 14 4 14 5 13 5 12 4 12 4 12 5 0 0 0 0 0 0 0 0 0 0 0 0 0 0 0 0 0 0 0 0 0 0 22 10 21 11 21 12 21 13 21 14 21 15 21 16 21 17 21 17 21 18 21 17 21 18 22 18 21 18 21 17 21 16 21 16 21 16 22 16 21 16 22 16 22 16 22 14 22 15 22 14 22 14 ]
2025-04-02 14:47:34,CSI_DATA,STA,D8:B1:90:DB:E8:90,-46,11,1,7,0,0,1,1,0,0,1,-93,0,3,0,3253532535,0,110,0,0,89153.2,256,[110 96 6 0 17 17 17 16 17 15 17 14 17 13 16 13 16 12 15 11 15 10 15 9 15 9 15 9 15 8 15 7 14 7 14 8 13 7 13 6 12 6 12 6 11 7 10 7 10 6 10 6 10 6 0 0 0 0 0 0 0 0 0 0 0 0 0 0 0 0 0 0 0 0 0 0 18 13 17 13 17 14 18 14 17 16 16 17 16 18 17 19 16 20 16 20 17 19 16 19 16 20 16 20 15 19 15 19 15 18 15 18 17 18 17 18 18 18 18 18 18 17 18 18 19 17 18 16 ]
2025-04-02 14:47:39,CSI_DATA,STA,D8:B1:90:DB:E8:90,-49,11,1,7,0,0,1,1,0,0,1,-94,0,3,0,3259039945,0,110,0,0,89158.7,256,[110 96 6 0 -8 27 -7 27 -7 25 -15 9 -14 8 -13 8 -13 9 12 19 13 17 13 16 13 16 -11 3 -11 2 -10 3 -10 3 -9 10 -8 10 -8 10 -7 9 4 -9 4 -9 3 -8 3 -8 -1 -4 -1 -4 0 0 0 0 0 0 0 0 0 0 0 0 0 0 0 0 0 0 0 0 0 0 19 -19 20 -19 15 -6 16 -6 16 -6 17 -6 12 -21 13 -21 13 -21 14 -22 16 -27 16 -27 16 -27 15 -28 22 -26 21 -27 20 -28 19 -28 24 -27 22 -27 22 -28 21 -29 -2 21 -1 21 0 21 15 -18 ]
2025-04-02 14:47:40,CSI_DATA,STA,D8:B1:90:DB:E8:90,-46,11,1,7,0,0,1,1,0,0,1,-94,0,3,0,3259539678,0,110,0,0,89159.2,256,[110 96 6 0 11 22 12 22 11 20 12 21 12 20 11 19 12 18 12 17 11 16 12 15 12 15 12 14 12 14 12 13 12 13 12 13 11 12 10 12 10 11 9 10 9 10 8 10 8 10 8 10 7 10 0 0 0 0 0 0 0 0 0 0 0 0 0 0 0 0 0 0 0 0 0 0 14 18 14 20 12 20 12 21 12 22 12 23 11 23 11 24 10 25 10 24 9 25 9 26 9 26 9 26 9 25 9 24 10 25 9 24 10 25 10 25 11 24 11 25 11 24 13 25 12 24 12 23 ]
2025-04-02 14:47:42,CSI_DATA,STA,D8:B1:90:DB:E8:90,-46,11,1,7,0,0,1,1,0,0,1,-94,0,3,0,3261047759,0,110,0,0,89160.7,256,[110 96 6 0 6 24 6 24 6 22 6 21 7 21 6 20 7 19 7 18 7 17 7 17 8 17 8 16 7 16 7 15 7 14 7 14 7 13 6 13 6 12 6 12 6 12 6 12 5 11 5 10 6 11 0 0 0 0 0 0 0 0 0 0 0 0 0 0 0 0 0 0 0 0 0 0 10 21 9 21 8 22 7 22 7 23 6 23 5 25 5 25 4 26 4 26 4 26 4 27 4 27 4 27 3 26 3 26 3 26 4 26 5 26 5 26 5 26 5 26 5 25 6 25 6 25 6 24 ]
2025-04-02 14:47:42,CSI_DATA,STA,00:00:00:00:00:00,-46,11,0,0,0,0,0,0,0,0,0,-94,0,3,0,3261469782,0,14,0,0,89161.2,128,[14 -32 0 0 4 44 3 45 2 43 1 42 0 39 -1 36 0 33 -1 29 0 25 1 22 2 18 3 15 4 12 4 10 5 9 4 6 4 5 3 4 2 2 1 1 -2 -1 -3 -3 -5 -5 -5 -6 -6 -8 0 0 0 0 0 0 0 0 0 0 0 0 0 0 0 0 0 0 0 0 0 0 1 -41 4 -39 6 -34 7 -31 6 -27 4 -24 2 -20 -2 -17 -5 -15 -8 -13 -11 -12 -13 -11 -14 -10 -15 -10 -15 -9 -14 -7 -12 -5 -10 -2 -7 1 -4 4 0 9 2 14 5 19 8 24 8 29 7 35 ]
2025-04-02 14:47:47,CSI_DATA,STA,D8:B1:90:DB:E8:90,-46,11,1,7,0,0,1,1,0,0,1,-94,0,3,0,3266062583,0,110,0,0,89165.8,256,[110 96 6 0 25 7 25 7 25 6 24 5 23 5 22 5 22 4 21 3 21 2 20 2 20 2 19 2 19 2 19 1 18 0 18 1 17 0 17 0 16 0 15 0 14 1 13 1 13 1 14 0 13 1 0 0 0 0 0 0 0 0 0 0 0 0 0 0 0 0 0 0 0 0 0 0 24 3 24 4 24 5 24 6 25 7 25 8 25 8 26 8 26 10 26 10 26 11 26 12 26 12 26 12 25 11 25 10 25 10 26 10 25 9 25 9 25 9 26 9 27 7 27 8 27 8 27 6 ]
2025-04-02 14:47:47,CSI_DATA,STA,D8:B1:90:DB:E8:90,-46,11,1,7,0,0,1,1,0,0,1,-94,0,3,0,3267062530,0,110,0,0,89166.8,256,[110 96 6 0 23 7 22 6 22 5 21 5 21 5 20 4 20 4 19 3 19 2 18 1 18 2 17 2 17 1 17 1 17 1 16 1 16 0 15 0 14 1 14 0 13 1 12 1 12 1 12 1 12 1 0 0 0 0 0 0 0 0 0 0 0 0 0 0 0 0 0 0 0 0 0 0 21 1 21 1 21 2 22 4 23 5 23 5 22 5 23 5 23 7 23 7 23 8 23 8 23 8 23 8 22 8 22 8 22 7 22 7 23 7 23 7 23 7 23 7 24 6 24 6 24 6 24 5 ]
2025-04-02 14:47:48,CSI_DATA,STA,D8:B1:90:DB:E8:90,-45,11,1,7,0,0,1,1,0,0,1,-94,0,3,0,3267562590,0,110,0,0,89167.3,256,[110 96 6 0 -28 3 -27 4 -26 4 -25 4 -23 4 -23 4 -22 5 -22 6 -22 6 -21 7 -20 6 -20 6 -19 6 -19 6 -19 6 -17 6 -17 6 -17 6 -16 6 -16 6 -15 5 -14 4 -14 4 -14 4 -14 3 0 0 0 0 0 0 0 0 0 0 0 0 0 0 0 0 0 0 0 0 0 0 -25 7 -25 6 -26 5 -26 5 -27 4 -27 4 -28 3 -28 2 -29 2 -29 1 -30 1 -30 1 -30 0 -30 0 -29 0 -30 1 -29 1 -30 2 -29 2 -28 2 -29 3 -29 3 -28 3 -28 3 -28 3 -28 5 ]
2025-04-02 14:47:48,CSI_DATA,STA,D8:B1:90:DB:E8:90,-50,11,1,7,0,0,1,1,0,0,1,-94,0,3,0,3268065913,0,110,0,0,89167.8,256,[110 96 6 0 -13 3 -12 3 -12 3 -4 -22 -3 -21 -4 -21 -3 -21 -15 15 -14 14 -14 14 -14 14 -8 17 -8 17 -7 15 -7 14 3 12 4 11 4 11 4 11 -16 9 -16 8 -16 7 -15 7 -7 -2 -7 -2 0 0 0 0 0 0 0 0 0 0 0 0 0 0 0 0 0 0 0 0 0 0 22 -14 24 -11 13 3 13 2 12 4 13 5 14 -13 15 -14 17 -13 18 -13 31 -10 31 -10 32 -9 33 -8 33 -3 33 -3 32 -3 33 -2 30 4 30 5 30 6 31 6 -13 -15 -13 -15 -12 -15 -31 0 ]
2025-04-02 14:47:49,CSI_DATA,STA,D8:B1:90:DB:E8:90,-45,11,1,7,0,0,1,1,0,0,1,-94,0,3,0,3268562638,0,110,0,0,89168.3,256,[110 96 6 0 18 19 19 18 18 16 18 16 18 15 17 15 17 14 17 13 16 12 16 12 16 11 16 11 16 11 16 9 16 9 15 9 15 8 14 8 14 8 13 7 13 8 12 8 12 8 12 7 11 8 0 0 0 0 0 0 0 0 0 0 0 0 0 0 0 0 0 0 0 0 0 0 20 13 20 15 19 15 19 16 19 17 19 18 19 19 19 20 19 21 18 21 18 21 18 22 18 22 18 22 18 22 18 21 18 21 18 21 19 21 19 21 19 20 19 20 19 19 20 20 20 20 20 19 ]
2025-04-02 14:47:50,CSI_DATA,STA,D8:B1:90:DB:E8:90,-50,11,1,7,0,0,1,1,0,0,1,-94,0,3,0,3270067545,0,110,0,0,89169.8,256,[110 96 6 0 -26 16 -25 17 -23 17 22 -20 21 -20 18 -20 18 -21 -21 18 -20 18 -19 18 -17 18 -2 -12 -2 -12 -2 -12 -3 -12 0 -10 0 -11 -1 -10 -1 -10 -7 3 -7 4 -7 3 -7 3 5 -16 5 -16 0 0 0 0 0 0 0 0 0 0 0 0 0 0 0 0 0 0 0 0 0 0 -15 -15 -15 -15 1 -15 2 -16 2 -16 2 -16 29 -3 30 -4 30 -4 31 -4 31 -7 30 -7 30 -8 30 -9 -24 7 -24 7 -24 8 -24 9 9 21 10 21 11 20 12 20 0 -7 0 -6 0 -6 28 -11 ]
2025-04-02 14:47:53,CSI_DATA,STA,D8:B1:90:DB:E8:90,-45,11,1,7,0,0,1,1,0,0,1,-94,0,3,0,3272581613,0,110,0,0,89172.3,256,[110 96 6 0 25 6 25 6 24 5 24 5 24 5 23 5 22 4 22 3 21 2 20 1 20 2 20 1 19 1 19 0 19 0 18 1 18 0 17 0 16 0 16 0 15 1 14 1 13 0 14 1 14 1 0 0 0 0 0 0 0 0 0 0 0 0 0 0 0 0 0 0 0 0 0 0 25 0 25 2 24 3 25 4 25 4 25 5 26 6 27 6 27 8 27 8 27 8 27 9 27 9 27 9 26 8 25 8 26 8 26 7 27 7 27 7 27 7 27 7 27 5 27 5 28 6 27 5 ]
2025-04-02 14:47:53,CSI_DATA,STA,D8:B1:90:DB:E8:90,-45,11,1,7,0,0,1,1,0,0,1,-94,0,3,0,3273081796,0,110,0,0,89172.8,256,[110 96 6 0 22 -16 22 -16 21 -16 20 -16 18 -16 18 -16 17 -16 17 -16 16 -16 15 -16 14 -16 14 -16 14 -16 14 -15 14 -15 12 -14 13 -14 12 -14 12 -13 11 -13 10 -13 9 -12 9 -11 10 -11 10 -11 0 0 0 0 0 0 0 0 0 0 0 0 0 0 0 0 0 0 0 0 0 0 17 -18 19 -18 19 -17 20 -17 21 -16 22 -17 22 -16 23 -16 24 -15 24 -15 25 -15 25 -15 25 -14 25 -15 25 -15 24 -15 24 -15 24 -15 24 -15 24 -16 23 -16 24 -17 23 -16 23 -
2025-04-02 14:47:54,CSI_DATA,STA,D8:B1:90:DB:E8:90,-45,11,1,7,0,0,1,1,0,0,1,-94,0,3,0,3273581542,0,110,0,0,89173.3,256,[110 96 6 0 -12 -23 -13 -23 -12 -20 -13 -21 -13 -20 -13 -19 -13 -19 -12 -17 -12 -17 -12 -16 -13 -16 -13 -16 -13 -16 -12 -14 -12 -14 -11 -14 -11 -13 -11 -12 -10 -12 -10 -11 -9 -11 -9 -11 -9 -11 -9 -11 -8 -11 0 0 0 0 0 0 0 0 0 0 0 0 0 0 0 0 0 0 0 0 0 0 -14 -19 -13 -20 -12 -20 -13 -21 -11 -22 -12 -23 -12 -22 -11 -24 -11 -24 -10 -25 -10 -25 -9 -25 -10 -25 -9 -25 -10 -25 -10 -24 -10 -24 -10 -24 -
2025-04-02 14:47:57,CSI_DATA,STA,D8:B1:90:DB:E8:90,-45,11,1,7,0,0,1,1,0,0,1,-94,0,3,0,3276589488,0,110,0,0,89176.3,256,[110 96 6 0 15 -20 15 -20 14 -19 13 -18 12 -18 11 -18 11 -18 10 -18 10 -18 9 -18 8 -17 8 -17 8 -17 8 -16 8 -16 6 -16 7 -15 7 -14 7 -14 7 -14 6 -13 6 -13 6 -12 5 -11 6 -11 0 0 0 0 0 0 0 0 0 0 0 0 0 0 0 0 0 0 0 0 0 0 10 -21 11 -21 12 -20 13 -20 13 -20 14 -21 16 -20 16 -21 18 -20 18 -20 18 -19 18 -19 18 -19 18 -19 17 -19 17 -20 17 -19 17 -20 17 -20 16 -20 16 -21 16 -21 16 -21 16 -21 16 -21 16 -
2025-04-02 14:47:58,CSI_DATA,STA,D8:B1:90:DB:E8:90,-45,11,1,7,0,0,1,1,0,0,1,-94,0,3,0,3277089519,0,110,0,0,89176.8,256,[110 96 6 0 -16 24 -16 24 -15 22 -14 22 -13 22 -13 21 -12 20 -11 21 -11 20 -10 20 -9 19 -8 20 -8 19 -8 19 -8 18 -6 17 -7 17 -7 16 -7 15 -7 15 -7 14 -6 13 -6 13 -7 12 -7 12 0 0 0 0 0 0 0 0 0 0 0 0 0 0 0 0 0 0 0 0 0 0 -10 22 -11 22 -13 23 -14 23 -15 22 -16 23 -16 22 -17 22 -18 23 -18 22 -20 23 -20 22 -20 22 -20 22 -18 21 -18 21 -18 21 -18 22 -18 23 -17 23 -17 23 -17 24 -17 24 -16 24 -16 24 -17
2025-04-02 14:47:58,CSI_DATA,STA,D8:B1:90:DB:E8:90,-45,11,1,7,0,0,1,1,0,0,1,-94,0,3,0,3277589572,0,110,0,0,89177.3,256,[110 96 6 0 3 24 3 24 3 22 4 22 4 21 4 20 5 19 6 19 6 18 6 17 6 18 7 17 6 17 6 15 6 15 6 15 5 14 5 13 5 13 5 13 5 13 5 12 4 12 4 11 4 11 0 0 0 0 0 0 0 0 0 0 0 0 0 0 0 0 0 0 0 0 0 0 7 21 6 21 6 22 5 23 5 23 4 24 4 25 3 25 3 26 2 26 2 25 1 26 2 26 1 25 1 25 1 25 1 25 2 25 2 26 3 25 3 25 4 25 3 26 3 26 3 26 3 25 ]
2025-04-02 14:47:59,CSI_DATA,STA,D8:B1:90:DB:E8:90,-45,11,1,7,0,0,1,1,0,0,1,-94,0,3,0,3278091493,0,110,0,0,89177.8,256,[110 96 6 0 -16 20 -13 21 -14 18 -11 18 -10 19 -10 18 -9 18 -9 18 -9 18 -8 17 -7 17 -7 17 -7 17 -7 16 -7 16 -6 15 -6 15 -6 14 -6 14 -6 13 -5 13 -5 12 -5 12 -5 10 -6 10 0 0 0 0 0 0 0 0 0 0 0 0 0 0 0 0 0 0 0 0 0 0 -11 20 -12 19 -12 19 -13 19 -14 20 -15 19 -16 20 -16 20 -17 20 -16 20 -18 19 -18 20 -17 19 -17 19 -17 19 -17 19 -17 20 -17 20 -16 20 -16 20 -15 21 -15 22 -15 21 -15 21 -15 21 -15 21
2025-04-02 14:47:59,CSI_DATA,STA,D8:B1:90:DB:E8:90,-45,11,1,7,0,0,1,1,0,0,1,-94,0,3,0,3278589580,0,110,0,0,89178.3,256,[110 96 6 0 23 14 23 13 22 12 22 11 21 11 21 11 21 10 20 9 20 7 20 7 19 7 18 7 18 6 18 5 18 5 17 5 17 4 16 4 15 4 15 4 14 5 13 5 12 5 13 3 12 4 0 0 0 0 0 0 0 0 0 0 0 0 0 0 0 0 0 0 0 0 0 0 23 7 23 9 23 10 23 11 24 12 23 12 24 13 24 14 24 15 24 15 23 15 23 16 23 16 23 17 23 16 23 16 23 15 23 15 24 15 24 15 24 15 25 15 24 13 25 14 25 14 25 13 ]
2025-04-02 14:48:00,CSI_DATA,STA,D8:B1:90:DB:E8:90,-45,11,1,7,0,0,1,1,0,0,1,-94,0,3,0,3280096218,0,110,0,0,89179.8,256,[110 96 6 0 14 -25 13 -24 13 -23 11 -22 10 -22 10 -21 9 -21 9 -20 9 -20 8 -19 7 -19 7 -19 6 -19 7 -19 6 -18 5 -18 5 -17 5 -16 5 -16 5 -16 4 -15 4 -15 4 -14 5 -13 5 -12 0 0 0 0 0 0 0 0 0 0 0 0 0 0 0 0 0 0 0 0 0 0 8 -24 9 -23 11 -24 11 -24 13 -24 14 -24 13 -24 12 -24 15 -25 15 -25 17 -24 17 -24 17 -24 17 -23 16 -23 17 -23 16 -23 17 -24 15 -25 14 -25 14 -25 14 -25 14 -25 14 -25 14 -25 14 -25 ]
2025-04-02 14:48:04,CSI_DATA,STA,D8:B1:90:DB:E8:90,-46,11,1,3,0,0,1,0,0,0,0,-94,0,3,0,3283597434,0,110,0,0,89183.3,256,[110 96 6 0 8 46 7 47 5 45 4 45 3 42 1 39 1 35 1 31 1 27 2 22 2 18 3 14 4 11 5 8 5 6 5 4 5 2 5 1 4 0 3 -1 0 -3 -1 -3 -4 -4 -4 -5 -6 -6 0 0 0 0 0 0 0 0 0 0 0 0 0 0 0 0 0 0 0 0 0 0 5 -42 9 -40 11 -36 11 -32 9 -28 8 -24 5 -20 1 -17 -2 -14 -6 -12 -10 -11 -13 -10 -14 -9 -15 -8 -16 -7 -15 -6 -14 -4 -12 -1 -8 2 -5 5 -1 9 3 14 5 19 8 24 10 30 9 35 ]
